OBJECT_NAME,OBJECT_ID,NORAD_CAT_ID,OBJECT_TYPE,OPS_STATUS_CODE,OWNER,LAUNCH_DATE,LAUNCH_SITE,DECAY_DATE,PERIOD,INCLINATION,APOGEE,PERIGEE,RCS,DATA_STATUS_CODE,ORBIT_CENTER,ORBIT_TYPE
TURKSAT 5A,2021-001A,47306,PAY,+,TURK,2021-01-08,AFETR,,1436.08,0.01,35787,35785,,,EA,ORB
FALCON 9 R/B,2021-001B,47307,R/B,,US,2021-01-08,AFETR,,869.66,15.19,47386,219,,,EA,ORB
CAPE-3,2021-002A,47309,PAY,D,US,2021-01-17,WRAS,2024-02-18,88.06,60.64,184,174,,,EA,IMP
POLARCUBE,2021-002B,47310,PAY,D,US,2021-01-17,WRAS,2023-06-06,87.77,60.64,171,157,,,EA,IMP
RADFXSAT-2 (AO-109),2021-002C,47311,PAY,D,US,2021-01-17,WRAS,2024-04-22,87.92,60.65,176,168,,,EA,IMP
OBJECT D,2021-002D,47312,PAY,D,US,2021-01-17,WRAS,2022-05-04,88.43,60.64,200,194,,,EA,IMP
PROMETHEUS 2-11,2021-002E,47313,PAY,D,US,2021-01-17,WRAS,2023-05-01,88.45,60.65,205,191,,,EA,IMP
MITEE-1,2021-002F,47314,PAY,D,US,2021-01-17,WRAS,2023-06-15,88.63,60.65,217,196,,,EA,IMP
OBJECT G,2021-002G,47315,PAY,D,US,2021-01-17,WRAS,2024-01-17,87.53,60.65,152,151,,,EA,IMP
LAUNCHERONE R/B,2021-002H,47316,R/B,D,US,2021-01-17,WRAS,2023-06-07,87.07,60.66,136,122,,,EA,IMP
OBJECT J,2021-002J,47317,PAY,D,US,2021-01-17,WRAS,2024-04-25,87.66,60.64,163,154,,,EA,IMP
OBJECT K,2021-002K,47318,PAY,D,US,2021-01-17,WRAS,2024-05-02,87.69,60.64,165,155,,,EA,IMP
CP12 (EXOCUBE 2),2021-002L,47319,PAY,D,US,2021-01-17,WRAS,2024-04-30,87.43,60.64,152,142,,,EA,IMP
OBJECT M,2021-002M,47320,UNK,D,US,2021-01-17,WRAS,2023-12-18,88.09,60.64,185,175,,,EA,IMP
TIANTONG-1 3,2021-003A,47321,PAY,+,PRC,2021-01-19,XICLF,,1436.06,1.71,35799,35773,,,EA,ORB
CZ-3B R/B,2021-003B,47322,R/B,D,PRC,2021-01-19,XICLF,2022-03-28,89.17,28.11,358,109,,,EA,IMP
PROMETHEUS 2-8,2021-002N,47345,PAY,D,US,2021-01-17,WRAS,2023-04-27,88.74,60.65,220,204,,,EA,IMP
GMS-T,2021-004A,47346,PAY,+,GER,2021-01-20,RLLB,,109.37,90.13,1199,1196,,,EA,ORB
ELECTRON KICK STAGE R/B,2021-004B,47347,R/B,,US,2021-01-20,RLLB,,99.68,90.10,1043,444,,,EA,ORB
ELECTRON R/B,2021-004C,47348,R/B,D,US,2021-01-20,RLLB,2021-09-16,87.61,89.94,175,138,,,EA,IMP
STARLINK-1952,2021-005A,47349,PAY,D,US,2021-01-20,AFETR,2022-09-17,87.56,53.00,158,149,,,EA,IMP
STARLINK-2011,2021-005B,47350,PAY,D,US,2021-01-20,AFETR,2024-05-20,88.18,53.04,186,183,,,EA,IMP
STARLINK-2017,2021-005C,47351,PAY,+,US,2021-01-20,AFETR,,93.97,53.16,470,468,,,EA,ORB
STARLINK-2034,2021-005D,47352,PAY,+,US,2021-01-20,AFETR,,94.01,53.16,471,470,,,EA,ORB
STARLINK-2045,2021-005E,47353,PAY,+,US,2021-01-20,AFETR,,94.01,53.16,471,470,,,EA,ORB
STARLINK-2046,2021-005F,47354,PAY,+,US,2021-01-20,AFETR,,93.99,53.16,471,468,,,EA,ORB
STARLINK-2047,2021-005G,47355,PAY,+,US,2021-01-20,AFETR,,94.01,53.16,472,470,,,EA,ORB
STARLINK-2049,2021-005H,47356,PAY,+,US,2021-01-20,AFETR,,94.01,53.16,471,470,,,EA,ORB
STARLINK-2050,2021-005J,47357,PAY,+,US,2021-01-20,AFETR,,94.01,53.16,471,470,,,EA,ORB
STARLINK-2055,2021-005K,47358,PAY,+,US,2021-01-20,AFETR,,93.79,53.16,460,460,,,EA,ORB
STARLINK-2069,2021-005L,47359,PAY,D,US,2021-01-20,AFETR,2025-12-27,88.90,53.00,224,216,,,EA,IMP
STARLINK-2070,2021-005M,47360,PAY,D,US,2021-01-20,AFETR,2024-08-13,90.58,53.04,307,298,,,EA,IMP
STARLINK-2071,2021-005N,47361,PAY,+,US,2021-01-20,AFETR,,94.01,53.16,471,470,,,EA,ORB
STARLINK-2076,2021-005P,47362,PAY,P,US,2021-01-20,AFETR,,93.41,53.16,443,439,,,EA,ORB
STARLINK-2077,2021-005Q,47363,PAY,D,US,2021-01-20,AFETR,2025-01-10,88.24,53.03,192,183,,,EA,IMP
STARLINK-2079,2021-005R,47364,PAY,D,US,2021-01-20,AFETR,2021-12-14,87.70,53.03,164,157,,,EA,IMP
STARLINK-2080,2021-005S,47365,PAY,D,US,2021-01-20,AFETR,2022-07-22,88.32,53.02,197,187,,,EA,IMP
STARLINK-2081,2021-005T,47366,PAY,+,US,2021-01-20,AFETR,,94.01,53.16,472,470,,,EA,ORB
STARLINK-2082,2021-005U,47367,PAY,+,US,2021-01-20,AFETR,,94.01,53.16,472,470,,,EA,ORB
STARLINK-2084,2021-005V,47368,PAY,+,US,2021-01-20,AFETR,,94.01,53.16,472,470,,,EA,ORB
STARLINK-2085,2021-005W,47369,PAY,D,US,2021-01-20,AFETR,2024-07-26,87.71,53.05,169,154,,,EA,IMP
STARLINK-2086,2021-005X,47370,PAY,D,US,2021-01-20,AFETR,2026-01-14,87.60,53.02,159,152,,,EA,IMP
STARLINK-2088,2021-005Y,47371,PAY,+,US,2021-01-20,AFETR,,94.01,53.16,471,470,,,EA,ORB
STARLINK-2089,2021-005Z,47372,PAY,D,US,2021-01-20,AFETR,2025-01-03,88.82,53.05,219,213,,,EA,IMP
STARLINK-2092,2021-005AA,47373,PAY,+,US,2021-01-20,AFETR,,94.01,53.16,471,470,,,EA,ORB
STARLINK-2093,2021-005AB,47374,PAY,D,US,2021-01-20,AFETR,2026-07-03,87.28,53.02,143,136,,,EA,IMP
STARLINK-2094,2021-005AC,47375,PAY,+,US,2021-01-20,AFETR,,94.01,53.16,471,470,,,EA,ORB
STARLINK-2096,2021-005AD,47376,PAY,+,US,2021-01-20,AFETR,,94.01,53.16,471,470,,,EA,ORB
STARLINK-2097,2021-005AE,47377,PAY,+,US,2021-01-20,AFETR,,94.01,53.16,471,470,,,EA,ORB
STARLINK-2098,2021-005AF,47378,PAY,+,US,2021-01-20,AFETR,,94.01,53.16,471,470,,,EA,ORB
STARLINK-2099,2021-005AG,47379,PAY,+,US,2021-01-20,AFETR,,94.01,53.16,471,470,,,EA,ORB
STARLINK-2100,2021-005AH,47380,PAY,D,US,2021-01-20,AFETR,2026-08-08,87.74,53.03,170,155,,,EA,IMP
STARLINK-2101,2021-005AJ,47381,PAY,+,US,2021-01-20,AFETR,,94.01,53.16,471,470,,,EA,ORB
STARLINK-2102,2021-005AK,47382,PAY,+,US,2021-01-20,AFETR,,94.01,53.16,471,470,,,EA,ORB
STARLINK-2103,2021-005AL,47383,PAY,P,US,2021-01-20,AFETR,,93.48,53.16,445,445,,,EA,ORB
STARLINK-2104,2021-005AM,47384,PAY,+,US,2021-01-20,AFETR,,94.01,53.16,471,470,,,EA,ORB
STARLINK-2105,2021-005AN,47385,PAY,+,US,2021-01-20,AFETR,,94.01,53.16,471,470,,,EA,ORB
STARLINK-2106,2021-005AP,47386,PAY,+,US,2021-01-20,AFETR,,94.01,53.16,471,470,,,EA,ORB
STARLINK-2108,2021-005AQ,47387,PAY,D,US,2021-01-20,AFETR,2024-09-26,87.97,53.04,177,171,,,EA,IMP
STARLINK-2109,2021-005AR,47388,PAY,+,US,2021-01-20,AFETR,,93.94,53.16,468,467,,,EA,ORB
STARLINK-2110,2021-005AS,47389,PAY,+,US,2021-01-20,AFETR,,93.74,53.16,459,456,,,EA,ORB
STARLINK-2111,2021-005AT,47390,PAY,+,US,2021-01-20,AFETR,,94.01,53.16,472,470,,,EA,ORB
STARLINK-2112,2021-005AU,47391,PAY,+,US,2021-01-20,AFETR,,95.08,53.07,523,522,,,EA,ORB
STARLINK-2113,2021-005AV,47392,PAY,D,US,2021-01-20,AFETR,2026-07-27,87.83,53.02,172,162,,,EA,IMP
STARLINK-2114,2021-005AW,47393,PAY,D,US,2021-01-20,AFETR,2026-06-15,87.49,53.01,153,147,,,EA,IMP
STARLINK-2115,2021-005AX,47394,PAY,D,US,2021-01-20,AFETR,2024-12-30,88.20,53.03,190,181,,,EA,IMP
STARLINK-2117,2021-005AY,47395,PAY,D,US,2021-01-20,AFETR,2026-01-29,87.46,53.03,151,146,,,EA,IMP
STARLINK-2118,2021-005AZ,47396,PAY,D,US,2021-01-20,AFETR,2024-07-11,88.16,53.03,187,180,,,EA,IMP
STARLINK-2119,2021-005BA,47397,PAY,P,US,2021-01-20,AFETR,,93.53,53.16,449,445,,,EA,ORB
STARLINK-2120,2021-005BB,47398,PAY,D,US,2021-01-20,AFETR,2024-12-09,87.71,53.03,164,157,,,EA,IMP
STARLINK-2121,2021-005BC,47399,PAY,+,US,2021-01-20,AFETR,,94.01,53.16,471,470,,,EA,ORB
STARLINK-2122,2021-005BD,47400,PAY,+,US,2021-01-20,AFETR,,94.01,53.16,471,470,,,EA,ORB
STARLINK-2123,2021-005BE,47401,PAY,+,US,2021-01-20,AFETR,,94.01,53.16,471,470,,,EA,ORB
STARLINK-2124,2021-005BF,47402,PAY,D,US,2021-01-20,AFETR,2025-01-13,87.57,53.03,156,152,,,EA,IMP
STARLINK-2127,2021-005BG,47403,PAY,D,US,2021-01-20,AFETR,2025-03-15,87.96,53.03,177,170,,,EA,IMP
STARLINK-2128,2021-005BH,47404,PAY,D,US,2021-01-20,AFETR,2026-07-21,87.94,53.02,181,164,,,EA,IMP
STARLINK-2130,2021-005BJ,47405,PAY,+,US,2021-01-20,AFETR,,94.01,53.16,472,470,,,EA,ORB
STARLINK-2133,2021-005BK,47406,PAY,D,US,2021-01-20,AFETR,2026-01-30,88.02,53.02,181,172,,,EA,IMP
STARLINK-2134,2021-005BL,47407,PAY,+,US,2021-01-20,AFETR,,93.95,53.16,469,467,,,EA,ORB
STARLINK-2135,2021-005BM,47408,PAY,+,US,2021-01-20,AFETR,,93.96,53.16,469,467,,,EA,ORB
FALCON 9 DEB,2021-005BN,47409,DEB,D,US,2021-01-20,AFETR,2021-02-20,87.45,53.04,150,146,,,EA,IMP
FALCON 9 DEB,2021-005BP,47410,DEB,D,US,2021-01-20,AFETR,2021-02-20,87.69,53.04,162,158,,,EA,IMP
FALCON 9 DEB,2021-005BQ,47411,DEB,D,US,2021-01-20,AFETR,2021-02-19,87.35,53.04,146,141,,,EA,IMP
FALCON 9 DEB,2021-005BR,47412,DEB,D,US,2021-01-20,AFETR,2021-02-16,87.73,53.04,165,159,,,EA,IMP
STARLINK-2199,2021-006A,47413,PAY,D,US,2021-01-24,AFETR,2021-12-17,87.74,97.46,178,147,,,EA,IMP
STARLINK-2200,2021-006B,47414,PAY,D,US,2021-01-24,AFETR,2022-01-23,87.41,97.45,152,140,,,EA,IMP
STARLINK-2201,2021-006C,47415,PAY,D,US,2021-01-24,AFETR,2022-01-24,87.66,97.46,163,154,,,EA,IMP
STARLINK-2202,2021-006D,47416,PAY,D,US,2021-01-24,AFETR,2022-01-24,87.44,97.46,153,142,,,EA,IMP
STARLINK-2203,2021-006E,47417,PAY,D,US,2021-01-24,AFETR,2021-12-17,88.42,97.47,200,192,,,EA,IMP
STARLINK-2204,2021-006F,47418,PAY,D,US,2021-01-24,AFETR,2021-12-26,87.20,97.48,142,130,,,EA,IMP
STARLINK-2205,2021-006G,47419,PAY,D,US,2021-01-24,AFETR,2021-12-30,87.82,97.45,171,162,,,EA,IMP
STARLINK-2206,2021-006H,47420,PAY,D,US,2021-01-24,AFETR,2021-12-27,87.17,97.45,140,128,,,EA,IMP
STARLINK-2207,2021-006J,47421,PAY,D,US,2021-01-24,AFETR,2021-12-30,87.71,97.50,165,156,,,EA,IMP
STARLINK-2208,2021-006K,47422,PAY,D,US,2021-01-24,AFETR,2022-01-23,87.96,97.47,179,168,,,EA,IMP
TRANSPORTER-1 OBJECT L,2021-006L,47423,UNK,,TBD,2021-01-24,AFETR,,93.81,97.22,467,454,,,EA,ORB
TRANSPORTER-1 OBJECT M,2021-006M,47424,UNK,,TBD,2021-01-24,AFETR,,93.87,97.22,470,458,,,EA,ORB
SPACEBEE-52,2021-006N,47425,PAY,D,US,2021-01-24,AFETR,2023-02-28,88.50,97.38,208,193,,,EA,IMP
SPACEBEE-46,2021-006P,47426,PAY,D,US,2021-01-24,AFETR,2023-04-03,87.90,97.37,181,159,,,EA,IMP
SPACEBEE-47,2021-006Q,47427,PAY,D,US,2021-01-24,AFETR,2023-04-11,88.19,97.37,195,175,,,EA,IMP
SPACEBEE-59,2021-006R,47428,PAY,D,US,2021-01-24,AFETR,2023-04-19,88.39,97.36,205,185,,,EA,IMP
SPACEBEE-62,2021-006S,47429,PAY,D,US,2021-01-24,AFETR,2024-04-01,87.59,97.30,162,148,,,EA,IMP
ASTROCAST-0101,2021-006T,47430,PAY,D,SWTZ,2021-01-24,AFETR,2026-06-29,88.69,97.20,220,199,,,EA,IMP
SPACEBEE-61,2021-006U,47431,PAY,D,US,2021-01-24,AFETR,2023-06-06,88.00,97.35,186,165,,,EA,IMP
SPACEBEE-49,2021-006V,47432,PAY,D,US,2021-01-24,AFETR,2023-06-11,87.95,97.36,183,164,,,EA,IMP
SPACEBEE-60,2021-006W,47433,PAY,D,US,2021-01-24,AFETR,2023-06-02,88.16,97.36,195,171,,,EA,IMP
SPACEBEE-53,2021-006X,47434,PAY,D,US,2021-01-24,AFETR,2023-04-08,88.39,97.37,204,185,,,EA,IMP
RIDESHARE ADAPTER,2021-006Y,47435,PAY,-,US,2021-01-24,AFETR,,93.03,97.22,426,420,,,EA,ORB
TRANSPORTER-1 OBJECT Z,2021-006Z,47436,UNK,,TBD,2021-01-24,AFETR,,93.96,97.22,474,462,,,EA,ORB
TRANSPORTER-1 OBJECT AA,2021-006AA,47437,UNK,,TBD,2021-01-24,AFETR,,94.02,97.22,477,466,,,EA,ORB
UVSQ-SAT (INSPIRESAT 5),2021-006AB,47438,PAY,D,FR,2021-01-24,AFETR,2024-10-27,88.87,97.28,223,214,,,EA,IMP
YUSAT-1,2021-006AC,47439,PAY,D,ROC,2021-01-24,AFETR,2024-07-30,88.42,97.30,206,187,,,EA,IMP
AII-CHARLIE,2021-006AD,47440,PAY,D,LTU,2021-01-24,AFETR,2024-08-06,90.03,97.30,281,270,,,EA,IMP
TRANSPORTER-1 OBJECT AE,2021-006AE,47441,UNK,D,TBD,2021-01-24,AFETR,2024-06-11,87.42,97.27,156,137,,,EA,IMP
SPACEBEE-63,2021-006AF,47442,PAY,D,US,2021-01-24,AFETR,2024-06-17,87.67,97.30,169,149,,,EA,IMP
SPACEBEE-50,2021-006AG,47443,PAY,D,US,2021-01-24,AFETR,2023-06-15,88.91,97.37,232,209,,,EA,IMP
SPACEBEE-51,2021-006AH,47444,PAY,D,US,2021-01-24,AFETR,2023-04-01,87.67,97.36,167,151,,,EA,IMP
SOMP2B,2021-006AJ,47445,PAY,D,GER,2021-01-24,AFETR,2024-11-15,87.38,97.26,151,139,,,EA,IMP
KEPLER-12 (BOBA),2021-006AK,47446,PAY,D,CA,2021-01-24,AFETR,2024-10-10,87.64,97.28,164,151,,,EA,IMP
SPACEBEE-48,2021-006AL,47447,PAY,D,US,2021-01-24,AFETR,2023-03-18,87.92,97.37,180,163,,,EA,IMP
CUBEL,2021-006AM,47448,PAY,+,GER,2021-01-24,AFETR,,93.31,97.23,440,434,,,EA,ORB
SPACEBEE-40,2021-006AN,47449,PAY,D,US,2021-01-24,AFETR,2023-04-07,87.68,97.36,167,152,,,EA,IMP
LEMUR-2-NEVA,2021-006AP,47450,PAY,D,US,2021-01-24,AFETR,2024-01-20,87.79,97.35,172,158,,,EA,IMP
SPACEBEE-41,2021-006AQ,47451,PAY,D,US,2021-01-24,AFETR,2023-04-07,87.81,97.36,176,156,,,EA,IMP
FLOCK 4S-22,2021-006AR,47452,PAY,D,US,2021-01-24,AFETR,2024-06-20,87.56,97.31,165,143,,,EA,IMP
LEMUR-2-SAOIRSEDH5GUO,2021-006AS,47453,PAY,D,US,2021-01-24,AFETR,2023-12-20,88.38,97.35,200,189,,,EA,IMP
KEPLER-13 (LUCKY),2021-006AT,47454,PAY,D,CA,2021-01-24,AFETR,2024-04-28,87.45,97.29,155,142,,,EA,IMP
SPACEBEE-42,2021-006AU,47455,PAY,D,US,2021-01-24,AFETR,2023-04-12,88.76,97.36,223,203,,,EA,IMP
FLOCK 4S-21,2021-006AV,47456,PAY,D,US,2021-01-24,AFETR,2024-08-23,91.60,97.32,357,349,,,EA,IMP
LEMUR-2-NALLYWACKER,2021-006AW,47457,PAY,D,US,2021-01-24,AFETR,2023-12-15,87.39,97.34,151,139,,,EA,IMP
IDEASSAT (INSPIRESAT 2),2021-006AX,47458,PAY,D,ROC,2021-01-24,AFETR,2024-12-09,87.71,97.27,168,155,,,EA,IMP
SPACEBEE-55,2021-006AY,47459,PAY,D,US,2021-01-24,AFETR,2024-05-09,87.71,97.29,170,152,,,EA,IMP
SPACEBEE-54,2021-006AZ,47460,PAY,D,US,2021-01-24,AFETR,2023-04-12,88.37,97.36,205,184,,,EA,IMP
KEPLER-15 (SUDORMRF),2021-006BA,47461,PAY,D,CA,2021-01-24,AFETR,2024-05-26,87.45,97.29,157,140,,,EA,IMP
FLOCK 4S-11,2021-006BB,47462,PAY,D,US,2021-01-24,AFETR,2025-02-08,87.79,97.26,172,158,,,EA,IMP
TRANSPORTER-1 OBJECT BC,2021-006BC,47463,UNK,D,TBD,2021-01-24,AFETR,2024-09-15,87.87,97.28,178,160,,,EA,IMP
SPACEBEE-58,2021-006BD,47464,PAY,D,US,2021-01-24,AFETR,2023-04-10,88.07,97.36,189,170,,,EA,IMP
SPACEBEE-57,2021-006BE,47465,PAY,D,US,2021-01-24,AFETR,2024-06-21,87.40,97.30,158,134,,,EA,IMP
SPACEBEE-44,2021-006BF,47466,PAY,D,US,2021-01-24,AFETR,2023-05-05,87.72,97.35,170,153,,,EA,IMP
TRANSPORTER-1 OBJECT BG,2021-006BG,47467,UNK,D,TBD,2021-01-24,AFETR,2024-09-09,87.54,97.27,162,143,,,EA,IMP
SPACEBEE-56,2021-006BH,47468,PAY,D,US,2021-01-24,AFETR,2023-05-19,87.98,97.35,184,165,,,EA,IMP
FLOCK 4S-33,2021-006BJ,47469,PAY,D,US,2021-01-24,AFETR,2024-10-24,88.43,97.30,202,192,,,EA,IMP
SPACEBEE-45,2021-006BK,47470,PAY,D,US,2021-01-24,AFETR,2023-05-11,88.37,97.36,205,183,,,EA,IMP
FLOCK 4S-12,2021-006BL,47471,PAY,D,US,2021-01-24,AFETR,2024-08-26,91.72,97.32,362,356,,,EA,IMP
FLOCK 4S-13,2021-006BM,47472,PAY,D,US,2021-01-24,AFETR,2024-08-19,91.43,97.31,347,342,,,EA,IMP
FLOCK 4S-35,2021-006BN,47473,PAY,D,US,2021-01-24,AFETR,2023-09-21,88.45,97.34,207,189,,,EA,IMP
FLOCK 4S-8,2021-006BP,47474,PAY,D,US,2021-01-24,AFETR,2024-03-09,88.06,97.31,186,172,,,EA,IMP
FLOCK 4S-31,2021-006BQ,47475,PAY,D,US,2021-01-24,AFETR,2024-04-22,87.68,97.30,169,150,,,EA,IMP
KEPLER-8 (AMAROK),2021-006BR,47476,PAY,D,CA,2021-01-24,AFETR,2024-06-16,87.83,97.30,174,160,,,EA,IMP
FLOCK 4S-34,2021-006BS,47477,PAY,D,US,2021-01-24,AFETR,2024-10-03,87.58,97.29,164,146,,,EA,IMP
FLOCK 4S-9,2021-006BT,47478,PAY,D,US,2021-01-24,AFETR,2024-11-07,87.98,97.28,181,168,,,EA,IMP
FLOCK 4S-32,2021-006BU,47479,PAY,D,US,2021-01-24,AFETR,2023-07-29,87.42,97.34,155,139,,,EA,IMP
SPACEBEE-43,2021-006BV,47480,PAY,D,US,2021-01-24,AFETR,2023-05-02,87.69,97.35,169,151,,,EA,IMP
CAPELLA-4-WHITNEY,2021-006BW,47481,PAY,D,US,2021-01-24,AFETR,2023-04-08,87.20,97.37,146,125,,,EA,IMP
NASA PTD-1,2021-006BX,47482,PAY,D,US,2021-01-24,AFETR,2024-02-02,87.94,97.35,179,166,,,EA,IMP
P2-10,2021-006BY,47483,PAY,D,US,2021-01-24,AFETR,2024-01-24,87.64,97.32,164,151,,,EA,IMP
ARCE-1C,2021-006BZ,47484,PAY,D,US,2021-01-24,AFETR,2024-01-04,87.59,97.26,162,148,,,EA,IMP
QPS-SAR-2 (IZANAMI),2021-006CA,47485,PAY,D,JPN,2021-01-24,AFETR,2024-04-11,87.54,97.29,161,144,,,EA,IMP
CELESTIS-17 & SHERPA-FX1,2021-006CB,47486,PAY,+,US,2021-01-24,AFETR,,93.95,97.22,471,464,,,EA,ORB
ASTROCAST-0103,2021-006CC,47487,PAY,D,SWTZ,2021-01-24,AFETR,2026-05-03,88.32,97.24,200,183,,,EA,IMP
ASTROCAST-0102,2021-006CD,47488,PAY,D,SWTZ,2021-01-24,AFETR,2025-02-05,88.74,97.29,216,209,,,EA,IMP
CAPELLA-3-WHITNEY,2021-006CE,47489,PAY,D,US,2021-01-24,AFETR,2023-02-26,87.19,97.35,150,120,,,EA,IMP
FLOCK 4S-39,2021-006CF,47490,PAY,D,US,2021-01-24,AFETR,2024-08-25,91.67,97.33,361,352,,,EA,IMP
FLOCK 4S-4,2021-006CG,47491,PAY,D,US,2021-01-24,AFETR,2024-08-19,91.43,97.31,346,343,,,EA,IMP
FLOCK 4S-17,2021-006CH,47492,PAY,D,US,2021-01-24,AFETR,2024-08-25,91.69,97.34,362,353,,,EA,IMP
LEMUR-2-MANGO1,2021-006CJ,47493,PAY,D,US,2021-01-24,AFETR,2024-05-05,88.37,97.31,205,183,,,EA,IMP
FLOCK 4S-3,2021-006CK,47494,PAY,D,US,2021-01-24,AFETR,2024-02-20,87.57,97.31,164,144,,,EA,IMP
FLOCK 4S-27,2021-006CL,47495,PAY,D,US,2021-01-24,AFETR,2024-09-04,87.42,97.28,156,137,,,EA,IMP
FLOCK 4S-18,2021-006CM,47496,PAY,D,US,2021-01-24,AFETR,2024-09-13,88.02,97.30,186,167,,,EA,IMP
FLOCK 4S-26,2021-006CN,47497,PAY,D,US,2021-01-24,AFETR,2023-11-02,88.09,97.31,188,173,,,EA,IMP
FLOCK 4S-2,2021-006CP,47498,PAY,D,US,2021-01-24,AFETR,2023-11-06,87.60,97.32,165,146,,,EA,IMP
FLOCK 4S-40,2021-006CQ,47499,PAY,D,US,2021-01-24,AFETR,2024-04-22,87.44,97.32,154,141,,,EA,IMP
FLOCK 4S-19,2021-006CR,47500,PAY,D,US,2021-01-24,AFETR,2024-09-14,87.53,97.30,160,145,,,EA,IMP
KEPLER-10 (BABY YODA),2021-006CS,47501,PAY,D,CA,2021-01-24,AFETR,2024-04-27,88.36,97.29,203,184,,,EA,IMP
HAWK-2C,2021-006CT,47502,PAY,+,US,2021-01-24,AFETR,,93.79,97.22,464,456,,,EA,ORB
KEPLER-11 (DANEEL),2021-006CU,47503,PAY,D,CA,2021-01-24,AFETR,2025-03-27,88.56,97.26,208,199,,,EA,IMP
ION SCV-002,2021-006CV,47504,PAY,+,IT,2021-01-24,AFETR,,93.18,97.12,436,424,,,EA,ORB
HAWK-2A,2021-006CW,47505,PAY,+,US,2021-01-24,AFETR,,93.78,97.23,463,456,,,EA,ORB
ICEYE-X9,2021-006CX,47506,PAY,D,FIN,2021-01-24,AFETR,2024-10-06,87.74,97.27,170,155,,,EA,IMP
XR-1 (ICEYE-X10),2021-006CY,47507,PAY,D,US,2021-01-24,AFETR,2025-05-10,86.88,97.24,139,101,,,EA,IMP
HAWK-2B,2021-006CZ,47508,PAY,+,US,2021-01-24,AFETR,,93.78,97.22,463,455,,,EA,ORB
GHGSAT-C2,2021-006DA,47509,PAY,+,CA,2021-01-24,AFETR,,93.60,97.21,453,448,,,EA,ORB
ICEYE-X8,2021-006DB,47510,PAY,D,FIN,2021-01-24,AFETR,2025-11-14,87.65,97.22,165,151,,,EA,IMP
LEMUR-2-RUAIRI-EILIDH,2021-006DC,47511,PAY,D,US,2021-01-24,AFETR,2024-03-22,88.75,97.33,221,204,,,EA,IMP
FLOCK 4S-38,2021-006DD,47512,PAY,D,US,2021-01-24,AFETR,2024-03-13,87.62,97.31,164,149,,,EA,IMP
FLOCK 4S-28,2021-006DE,47514,PAY,D,US,2021-01-24,AFETR,2024-10-21,87.54,97.29,160,146,,,EA,IMP
FLOCK 4S-5,2021-006DF,47515,PAY,D,US,2021-01-24,AFETR,2024-10-18,87.53,97.29,159,146,,,EA,IMP
FLOCK 4S-16,2021-006DG,47516,PAY,D,US,2021-01-24,AFETR,2024-02-24,88.58,97.35,210,198,,,EA,IMP
ASTROCAST-0105,2021-006DH,47517,PAY,D,SWTZ,2021-01-24,AFETR,2026-06-12,87.91,97.19,182,160,,,EA,IMP
FLOCK 4S-6,2021-006DJ,47518,PAY,D,US,2021-01-24,AFETR,2024-09-27,87.41,97.29,156,137,,,EA,IMP
ASTROCAST-0104,2021-006DK,47519,PAY,D,SWTZ,2021-01-24,AFETR,2025-11-28,88.11,97.24,187,176,,,EA,IMP
FLOCK 4S-29,2021-006DL,47520,PAY,D,US,2021-01-24,AFETR,2024-03-27,87.57,97.30,161,147,,,EA,IMP
FLOCK 4S-15,2021-006DM,47521,PAY,D,US,2021-01-24,AFETR,2024-02-23,88.72,97.33,218,204,,,EA,IMP
FLOCK 4S-37,2021-006DN,47522,PAY,D,US,2021-01-24,AFETR,2024-09-27,88.56,97.29,212,195,,,EA,IMP
FLOCK 4S-10,2021-006DP,47523,PAY,D,US,2021-01-24,AFETR,2024-09-01,87.90,97.30,181,160,,,EA,IMP
TRANSPORTER-1 OBJECT DQ,2021-006DQ,47524,UNK,D,TBD,2021-01-24,AFETR,2024-09-10,87.46,97.28,159,138,,,EA,IMP
LEMUR-2-JENNIFERSONG,2021-006DR,47525,PAY,D,US,2021-01-24,AFETR,2023-12-28,87.47,97.32,155,143,,,EA,IMP
KEPLER-14 (STELLA),2021-006DS,47526,PAY,D,CA,2021-01-24,AFETR,2024-12-19,88.58,97.27,209,200,,,EA,IMP
FLOCK 4S-7,2021-006DT,47527,PAY,D,US,2021-01-24,AFETR,2024-08-28,87.82,97.29,178,156,,,EA,IMP
FLOCK 4S-14,2021-006DU,47528,PAY,D,US,2021-01-24,AFETR,2024-08-19,91.42,97.32,348,340,,,EA,IMP
LEMUR-2-CHANTAL,2021-006DV,47529,PAY,D,US,2021-01-24,AFETR,2024-06-20,87.73,97.30,173,151,,,EA,IMP
FLOCK 4S-36,2021-006DW,47530,PAY,D,US,2021-01-24,AFETR,2024-08-23,91.58,97.33,357,348,,,EA,IMP
KEPLER-9 (ARTEMIS),2021-006DX,47531,PAY,D,CA,2021-01-24,AFETR,2024-06-14,88.22,97.31,194,179,,,EA,IMP
YAOGAN-31 02A,2021-007A,47532,PAY,+,PRC,2021-01-29,JSC,,107.03,63.41,1225,954,,,EA,ORB
YAOGAN-31 02B,2021-007B,47533,PAY,+,PRC,2021-01-29,JSC,,107.03,63.41,1225,953,,,EA,ORB
CZ-4C DEB,2021-007C,47534,DEB,,PRC,2021-01-29,JSC,,107.09,63.41,1228,957,,,EA,ORB
CZ-4C DEB,2021-007D,47535,DEB,,PRC,2021-01-29,JSC,,107.12,63.41,1228,959,,,EA,ORB
YAOGAN-31 02C,2021-007E,47536,PAY,+,PRC,2021-01-29,JSC,,107.03,63.41,1225,954,,,EA,ORB
CZ-4C R/B,2021-007F,47537,R/B,,PRC,2021-01-29,JSC,,105.26,63.45,1235,778,,,EA,ORB
LEMUR-2-NOOBNOOB,2021-006DY,47538,PAY,D,US,2021-01-24,AFETR,2024-05-01,87.64,97.32,167,148,,,EA,IMP
FLOCK 4S-24,2021-006DZ,47539,PAY,D,US,2021-01-24,AFETR,2024-08-25,91.69,97.32,361,354,,,EA,IMP
FLOCK 4S-20,2021-006EA,47540,PAY,D,US,2021-01-24,AFETR,2024-10-26,88.83,97.31,221,212,,,EA,IMP
HIBER-4,2021-006EB,47541,PAY,D,NETH,2021-01-24,AFETR,2024-09-01,88.81,97.28,224,207,,,EA,IMP
FLOCK 4S-25,2021-006EC,47542,PAY,D,US,2021-01-24,AFETR,2024-08-21,91.47,97.31,351,343,,,EA,IMP
FLOCK 4S-1,2021-006ED,47543,PAY,D,US,2021-01-24,AFETR,2024-08-16,91.23,97.31,339,330,,,EA,IMP
FLOCK 4S-30,2021-006EE,47544,PAY,D,US,2021-01-24,AFETR,2024-09-17,87.86,97.30,177,160,,,EA,IMP
FLOCK 4S-23,2021-006EF,47545,PAY,D,US,2021-01-24,AFETR,2023-12-04,88.36,97.34,198,189,,,EA,IMP
COSMOS 2549,2021-008A,47546,PAY,+,CIS,2021-02-02,PLMSC,,103.07,67.15,909,898,,,EA,ORB
SL-4 R/B,2021-008B,47547,R/B,D,CIS,2021-02-02,PLMSC,2022-03-03,87.39,67.10,157,134,,,EA,IMP
STARLINK-1782,2021-009A,47548,PAY,D,US,2021-02-04,AFETR,2025-02-05,87.89,53.04,173,166,,,EA,IMP
STARLINK-1806,2021-009B,47549,PAY,D,US,2021-02-04,AFETR,2025-05-20,87.79,53.03,171,159,,,EA,IMP
STARLINK-1909,2021-009C,47550,PAY,D,US,2021-02-04,AFETR,2025-04-05,87.57,53.03,156,152,,,EA,IMP
STARLINK-1938,2021-009D,47551,PAY,D,US,2021-02-04,AFETR,2025-01-27,87.61,53.02,160,152,,,EA,IMP
STARLINK-1940,2021-009E,47552,PAY,D,US,2021-02-04,AFETR,2025-07-30,87.61,53.03,158,155,,,EA,IMP
STARLINK-1951,2021-009F,47553,PAY,D,US,2021-02-04,AFETR,2022-04-22,87.65,53.03,160,157,,,EA,IMP
STARLINK-1953,2021-009G,47554,PAY,D,US,2021-02-04,AFETR,2025-03-09,87.80,53.03,170,160,,,EA,IMP
STARLINK-1954,2021-009H,47555,PAY,P,US,2021-02-04,AFETR,,93.07,53.05,427,423,,,EA,ORB
STARLINK-1955,2021-009J,47556,PAY,D,US,2021-02-04,AFETR,2026-03-21,87.33,53.02,146,138,,,EA,IMP
STARLINK-1956,2021-009K,47557,PAY,D,US,2021-02-04,AFETR,2025-02-01,88.58,53.03,208,200,,,EA,IMP
STARLINK-1957,2021-009L,47558,PAY,D,US,2021-02-04,AFETR,2025-06-10,87.71,53.03,164,159,,,EA,IMP
STARLINK-1958,2021-009M,47559,PAY,D,US,2021-02-04,AFETR,2026-06-22,87.63,53.01,162,153,,,EA,IMP
STARLINK-1959,2021-009N,47560,PAY,D,US,2021-02-04,AFETR,2025-07-06,87.49,53.01,157,144,,,EA,IMP
STARLINK-1960,2021-009P,47561,PAY,D,US,2021-02-04,AFETR,2025-05-15,87.53,53.02,159,146,,,EA,IMP
STARLINK-1961,2021-009Q,47562,PAY,D,US,2021-02-04,AFETR,2025-02-12,87.74,53.02,167,159,,,EA,IMP
STARLINK-1962,2021-009R,47563,PAY,D,US,2021-02-04,AFETR,2026-07-08,87.45,53.02,153,143,,,EA,IMP
STARLINK-1963,2021-009S,47564,PAY,D,US,2021-02-04,AFETR,2025-05-31,87.44,53.02,152,144,,,EA,IMP
STARLINK-1964,2021-009T,47565,PAY,D,US,2021-02-04,AFETR,2026-06-29,87.55,53.02,158,149,,,EA,IMP
STARLINK-1965,2021-009U,47566,PAY,D,US,2021-02-04,AFETR,2026-04-20,87.33,52.99,146,138,,,EA,IMP
STARLINK-1966,2021-009V,47567,PAY,D,US,2021-02-04,AFETR,2025-08-23,87.61,53.00,162,151,,,EA,IMP
STARLINK-1967,2021-009W,47568,PAY,D,US,2021-02-04,AFETR,2026-07-26,87.69,53.02,167,153,,,EA,IMP
STARLINK-1968,2021-009X,47569,PAY,D,US,2021-02-04,AFETR,2022-12-10,88.60,53.04,210,201,,,EA,IMP
STARLINK-1969,2021-009Y,47570,PAY,D,US,2021-02-04,AFETR,2024-09-18,88.31,53.03,192,189,,,EA,IMP
STARLINK-1970,2021-009Z,47571,PAY,D,US,2021-02-04,AFETR,2025-04-25,88.21,53.03,193,179,,,EA,IMP
STARLINK-1971,2021-009AA,47572,PAY,D,US,2021-02-04,AFETR,2026-04-02,87.66,53.02,163,154,,,EA,IMP
STARLINK-1975,2021-009AB,47573,PAY,D,US,2021-02-04,AFETR,2026-05-03,87.84,53.03,173,162,,,EA,IMP
STARLINK-1976,2021-009AC,47574,PAY,D,US,2021-02-04,AFETR,2025-04-29,88.24,53.02,194,181,,,EA,IMP
STARLINK-1977,2021-009AD,47575,PAY,D,US,2021-02-04,AFETR,2025-02-25,87.49,53.03,155,145,,,EA,IMP
STARLINK-1978,2021-009AE,47576,PAY,D,US,2021-02-04,AFETR,2026-02-12,87.48,53.02,152,148,,,EA,IMP
STARLINK-1979,2021-009AF,47577,PAY,D,US,2021-02-04,AFETR,2026-02-02,87.51,53.02,155,148,,,EA,IMP
STARLINK-1980,2021-009AG,47578,PAY,D,US,2021-02-04,AFETR,2025-03-14,87.50,53.02,153,148,,,EA,IMP
STARLINK-1981,2021-009AH,47579,PAY,D,US,2021-02-04,AFETR,2025-02-02,87.49,53.02,158,142,,,EA,IMP
STARLINK-1982,2021-009AJ,47580,PAY,D,US,2021-02-04,AFETR,2025-06-28,87.44,53.02,156,140,,,EA,IMP
STARLINK-1984,2021-009AK,47581,PAY,D,US,2021-02-04,AFETR,2024-11-10,88.26,53.03,192,184,,,EA,IMP
STARLINK-1986,2021-009AL,47582,PAY,D,US,2021-02-04,AFETR,2026-02-12,87.72,53.01,163,161,,,EA,IMP
STARLINK-1987,2021-009AM,47583,PAY,D,US,2021-02-04,AFETR,2025-02-01,87.60,53.03,158,154,,,EA,IMP
STARLINK-1988,2021-009AN,47584,PAY,D,US,2021-02-04,AFETR,2022-01-29,87.58,53.03,158,152,,,EA,IMP
STARLINK-1989,2021-009AP,47585,PAY,D,US,2021-02-04,AFETR,2025-03-31,88.26,53.02,189,188,,,EA,IMP
STARLINK-1990,2021-009AQ,47586,PAY,D,US,2021-02-04,AFETR,2025-03-07,88.06,53.03,184,173,,,EA,IMP
STARLINK-1991,2021-009AR,47587,PAY,D,US,2021-02-04,AFETR,2026-06-28,87.42,53.02,151,142,,,EA,IMP
STARLINK-1993,2021-009AS,47588,PAY,D,US,2021-02-04,AFETR,2026-06-04,87.78,53.02,171,158,,,EA,IMP
STARLINK-1994,2021-009AT,47589,PAY,D,US,2021-02-04,AFETR,2026-08-07,87.77,53.02,171,156,,,EA,IMP
STARLINK-1995,2021-009AU,47590,PAY,D,US,2021-02-04,AFETR,2026-08-14,87.41,53.02,150,143,,,EA,IMP
STARLINK-1996,2021-009AV,47591,PAY,D,US,2021-02-04,AFETR,2025-01-26,88.02,53.03,181,172,,,EA,IMP
STARLINK-1997,2021-009AW,47592,PAY,D,US,2021-02-04,AFETR,2026-07-03,88.05,53.01,181,175,,,EA,IMP
STARLINK-1998,2021-009AX,47593,PAY,D,US,2021-02-04,AFETR,2025-01-21,88.85,53.03,223,212,,,EA,IMP
STARLINK-1999,2021-009AY,47594,PAY,D,US,2021-02-04,AFETR,2024-12-17,88.02,53.00,180,172,,,EA,IMP
STARLINK-2000,2021-009AZ,47595,PAY,D,US,2021-02-04,AFETR,2025-02-15,87.60,53.02,159,152,,,EA,IMP
STARLINK-2001,2021-009BA,47596,PAY,P,US,2021-02-04,AFETR,,90.53,53.03,308,293,,,EA,ORB
STARLINK-2002,2021-009BB,47597,PAY,D,US,2021-02-04,AFETR,2025-03-29,87.56,53.03,156,151,,,EA,IMP
STARLINK-2003,2021-009BC,47598,PAY,D,US,2021-02-04,AFETR,2025-03-22,87.48,53.02,153,147,,,EA,IMP
STARLINK-2004,2021-009BD,47599,PAY,D,US,2021-02-04,AFETR,2024-08-28,88.81,53.03,221,211,,,EA,IMP
STARLINK-2005,2021-009BE,47600,PAY,D,US,2021-02-04,AFETR,2025-03-15,87.26,53.02,141,136,,,EA,IMP
STARLINK-2006,2021-009BF,47601,PAY,D,US,2021-02-04,AFETR,2025-02-22,87.76,53.03,168,160,,,EA,IMP
STARLINK-2007,2021-009BG,47602,PAY,D,US,2021-02-04,AFETR,2025-04-27,87.79,53.01,172,158,,,EA,IMP
STARLINK-2008,2021-009BH,47603,PAY,D,US,2021-02-04,AFETR,2025-03-02,87.70,53.03,165,156,,,EA,IMP
STARLINK-2021,2021-009BJ,47604,PAY,D,US,2021-02-04,AFETR,2026-07-02,87.44,53.01,152,143,,,EA,IMP
STARLINK-2023,2021-009BK,47605,PAY,D,US,2021-02-04,AFETR,2022-06-27,88.28,53.02,191,187,,,EA,IMP
STARLINK-2024,2021-009BL,47606,PAY,D,US,2021-02-04,AFETR,2026-02-24,87.30,53.02,143,138,,,EA,IMP
STARLINK-2025,2021-009BM,47607,PAY,D,US,2021-02-04,AFETR,2025-03-25,87.51,53.01,153,150,,,EA,IMP
FALCON 9 DEB,2021-009BN,47608,DEB,D,US,2021-02-04,AFETR,2021-03-05,87.93,53.04,178,166,,,EA,IMP
FALCON 9 DEB,2021-009BP,47609,DEB,D,US,2021-02-04,AFETR,2021-03-05,87.78,53.04,169,160,,,EA,IMP
FALCON 9 DEB,2021-009BQ,47610,DEB,D,US,2021-02-04,AFETR,2021-03-04,87.80,53.03,171,160,,,EA,IMP
FALCON 9 DEB,2021-009BR,47611,DEB,D,US,2021-02-04,AFETR,2021-03-01,87.74,53.03,168,157,,,EA,IMP
FLOCK 4S-42,2021-006EQ,47612,PAY,D,US,2021-01-24,AFETR,2024-10-19,87.75,97.31,169,157,,,EA,IMP
TJS-6,2021-010A,47613,PAY,+,PRC,2021-02-04,XICLF,,1436.12,0.09,35803,35772,,,EA,ORB
CZ-3B R/B,2021-010B,47614,R/B,D,PRC,2021-02-04,XICLF,2022-04-02,94.89,27.96,920,106,,,EA,IMP
ARCE-1B,2021-006EG,47615,PAY,D,US,2021-01-24,AFETR,2024-01-22,88.40,97.32,202,189,,,EA,IMP
ARCE-1A,2021-006EH,47616,PAY,D,US,2021-01-24,AFETR,2024-01-19,88.97,97.27,228,219,,,EA,IMP
FLOCK 4S-48,2021-006EJ,47617,PAY,D,US,2021-01-24,AFETR,2024-10-29,87.51,97.28,156,146,,,EA,IMP
PROGRESS-MS 16,2021-011A,47618,PAY,D,CIS,2021-02-15,TYMSC,2021-07-26,92.97,51.64,421,419,,,EA,IMP
SL-4 R/B,2021-011B,47619,R/B,D,CIS,2021-02-15,TYMSC,2021-02-17,87.47,51.65,153,146,,,EA,IMP
STARLINK-1528,2021-012A,47620,PAY,D,US,2021-02-16,AFETR,2025-01-05,87.24,53.04,140,136,,,EA,IMP
STARLINK-1609,2021-012B,47621,PAY,P,US,2021-02-16,AFETR,,92.60,53.16,402,401,,,EA,ORB
STARLINK-1645,2021-012C,47622,PAY,D,US,2021-02-16,AFETR,2026-04-14,87.65,53.02,162,154,,,EA,IMP
STARLINK-1655,2021-012D,47623,PAY,D,US,2021-02-16,AFETR,2026-06-29,87.46,53.01,155,142,,,EA,IMP
STARLINK-1669,2021-012E,47624,PAY,D,US,2021-02-16,AFETR,2026-04-24,87.50,53.01,154,148,,,EA,IMP
STARLINK-1704,2021-012F,47625,PAY,P,US,2021-02-16,AFETR,,91.27,53.04,341,333,,,EA,ORB
STARLINK-1761,2021-012G,47626,PAY,D,US,2021-02-16,AFETR,2025-07-06,87.42,53.03,156,137,,,EA,IMP
STARLINK-1972,2021-012H,47627,PAY,P,US,2021-02-16,AFETR,,91.14,53.04,336,324,,,EA,ORB
STARLINK-1973,2021-012J,47628,PAY,+,US,2021-02-16,AFETR,,94.01,53.16,471,470,,,EA,ORB
STARLINK-1974,2021-012K,47629,PAY,D,US,2021-02-16,AFETR,2025-05-22,87.67,53.03,162,156,,,EA,IMP
STARLINK-1983,2021-012L,47630,PAY,+,US,2021-02-16,AFETR,,93.97,53.16,469,468,,,EA,ORB
STARLINK-1985,2021-012M,47631,PAY,D,US,2021-02-16,AFETR,2022-03-07,89.37,53.03,250,237,,,EA,IMP
STARLINK-1992,2021-012N,47632,PAY,+,US,2021-02-16,AFETR,,94.01,53.16,472,470,,,EA,ORB
STARLINK-2009,2021-012P,47633,PAY,D,US,2021-02-16,AFETR,2025-04-06,87.40,53.02,149,143,,,EA,IMP
STARLINK-2010,2021-012Q,47634,PAY,D,US,2021-02-16,AFETR,2025-06-15,87.66,53.03,160,157,,,EA,IMP
STARLINK-2012,2021-012R,47635,PAY,D,US,2021-02-16,AFETR,2025-01-27,87.67,53.02,161,157,,,EA,IMP
STARLINK-2013,2021-012S,47636,PAY,D,US,2021-02-16,AFETR,2025-03-23,87.52,53.02,156,148,,,EA,IMP
STARLINK-2014,2021-012T,47637,PAY,D,US,2021-02-16,AFETR,2025-02-09,87.25,53.02,142,135,,,EA,IMP
STARLINK-2015,2021-012U,47638,PAY,P,US,2021-02-16,AFETR,,93.40,53.16,442,440,,,EA,ORB
STARLINK-2016,2021-012V,47639,PAY,D,US,2021-02-16,AFETR,2025-01-23,87.50,53.03,153,149,,,EA,IMP
STARLINK-2018,2021-012W,47640,PAY,D,US,2021-02-16,AFETR,2025-02-09,87.44,53.02,150,146,,,EA,IMP
STARLINK-2019,2021-012X,47641,PAY,D,US,2021-02-16,AFETR,2026-08-09,87.64,53.02,160,155,,,EA,IMP
STARLINK-2020,2021-012Y,47642,PAY,D,US,2021-02-16,AFETR,2025-01-03,87.88,53.03,174,166,,,EA,IMP
STARLINK-2022,2021-012Z,47643,PAY,D,US,2021-02-16,AFETR,2026-03-24,87.72,52.99,166,157,,,EA,IMP
STARLINK-2026,2021-012AA,47644,PAY,D,US,2021-02-16,AFETR,2024-10-04,87.66,53.02,161,156,,,EA,IMP
STARLINK-2027,2021-012AB,47645,PAY,D,US,2021-02-16,AFETR,2025-01-18,87.39,53.02,153,137,,,EA,IMP
STARLINK-2028,2021-012AC,47646,PAY,D,US,2021-02-16,AFETR,2025-01-13,87.20,53.02,138,133,,,EA,IMP
STARLINK-2030,2021-012AD,47647,PAY,D,US,2021-02-16,AFETR,2025-07-03,87.51,53.02,159,143,,,EA,IMP
STARLINK-2031,2021-012AE,47648,PAY,+,US,2021-02-16,AFETR,,94.01,53.16,471,470,,,EA,ORB
STARLINK-2032,2021-012AF,47649,PAY,D,US,2021-02-16,AFETR,2026-07-19,87.45,53.01,154,142,,,EA,IMP
STARLINK-2033,2021-012AG,47650,PAY,P,US,2021-02-16,AFETR,,92.49,53.16,400,393,,,EA,ORB
STARLINK-2035,2021-012AH,47651,PAY,D,US,2021-02-16,AFETR,2025-03-30,87.50,53.03,152,149,,,EA,IMP
STARLINK-2036,2021-012AJ,47652,PAY,P,US,2021-02-16,AFETR,,89.72,53.15,270,251,,,EA,ORB
STARLINK-2037,2021-012AK,47653,PAY,D,US,2021-02-16,AFETR,2025-01-21,87.48,53.03,152,147,,,EA,IMP
STARLINK-2038,2021-012AL,47654,PAY,D,US,2021-02-16,AFETR,2025-07-30,87.50,53.03,154,147,,,EA,IMP
STARLINK-2039,2021-012AM,47655,PAY,+,US,2021-02-16,AFETR,,93.89,53.16,466,464,,,EA,ORB
STARLINK-2040,2021-012AN,47656,PAY,+,US,2021-02-16,AFETR,,94.01,53.16,471,470,,,EA,ORB
STARLINK-2041,2021-012AP,47657,PAY,P,US,2021-02-16,AFETR,,89.06,53.14,236,220,,,EA,ORB
STARLINK-2042,2021-012AQ,47658,PAY,D,US,2021-02-16,AFETR,2025-02-12,87.45,53.02,151,145,,,EA,IMP
STARLINK-2043,2021-012AR,47659,PAY,D,US,2021-02-16,AFETR,2025-08-05,87.64,53.01,163,151,,,EA,IMP
STARLINK-2044,2021-012AS,47660,PAY,D,US,2021-02-16,AFETR,2025-03-12,87.49,53.02,153,147,,,EA,IMP
STARLINK-2051,2021-012AT,47661,PAY,D,US,2021-02-16,AFETR,2025-01-31,87.44,53.03,151,144,,,EA,IMP
STARLINK-2052,2021-012AU,47662,PAY,D,US,2021-02-16,AFETR,2026-02-19,87.61,53.02,158,154,,,EA,IMP
STARLINK-2053,2021-012AV,47663,PAY,D,US,2021-02-16,AFETR,2025-05-26,87.43,53.02,151,143,,,EA,IMP
STARLINK-2054,2021-012AW,47664,PAY,D,US,2021-02-16,AFETR,2025-02-01,87.76,53.03,165,162,,,EA,IMP
STARLINK-2056,2021-012AX,47665,PAY,D,US,2021-02-16,AFETR,2025-03-03,87.71,53.04,164,158,,,EA,IMP
STARLINK-2057,2021-012AY,47666,PAY,D,US,2021-02-16,AFETR,2024-12-24,87.69,53.03,163,158,,,EA,IMP
STARLINK-2058,2021-012AZ,47667,PAY,D,US,2021-02-16,AFETR,2026-04-15,87.64,53.02,161,153,,,EA,IMP
STARLINK-2059,2021-012BA,47668,PAY,D,US,2021-02-16,AFETR,2025-04-23,87.42,53.03,153,140,,,EA,IMP
STARLINK-2060,2021-012BB,47669,PAY,D,US,2021-02-16,AFETR,2023-07-14,87.46,53.06,170,128,,,EA,IMP
STARLINK-2062,2021-012BC,47670,PAY,D,US,2021-02-16,AFETR,2025-03-25,87.52,53.03,155,148,,,EA,IMP
STARLINK-2064,2021-012BD,47671,PAY,D,US,2021-02-16,AFETR,2025-01-21,87.59,53.04,157,153,,,EA,IMP
STARLINK-2065,2021-012BE,47672,PAY,D,US,2021-02-16,AFETR,2026-06-12,87.55,53.13,158,149,,,EA,IMP
STARLINK-2066,2021-012BF,47673,PAY,D,US,2021-02-16,AFETR,2025-02-13,87.69,53.04,163,157,,,EA,IMP
STARLINK-2067,2021-012BG,47674,PAY,D,US,2021-02-16,AFETR,2025-01-17,87.09,53.02,136,125,,,EA,IMP
STARLINK-2078,2021-012BH,47675,PAY,D,US,2021-02-16,AFETR,2025-03-17,87.73,53.03,164,160,,,EA,IMP
STARLINK-2083,2021-012BJ,47676,PAY,D,US,2021-02-16,AFETR,2026-08-06,87.86,53.02,172,165,,,EA,IMP
STARLINK-2090,2021-012BK,47677,PAY,D,US,2021-02-16,AFETR,2025-02-15,87.59,53.03,159,151,,,EA,IMP
STARLINK-2091,2021-012BL,47678,PAY,D,US,2021-02-16,AFETR,2021-10-31,88.04,52.99,182,173,,,EA,IMP
STARLINK-2095,2021-012BM,47679,PAY,D,US,2021-02-16,AFETR,2026-04-20,88.18,53.00,187,182,,,EA,IMP
FALCON 9 DEB,2021-012BN,47680,DEB,D,US,2021-02-16,AFETR,2021-03-14,87.90,53.04,179,163,,,EA,IMP
FALCON 9 DEB,2021-012BP,47681,DEB,D,US,2021-02-16,AFETR,2021-03-14,87.62,53.04,163,151,,,EA,IMP
FALCON 9 DEB,2021-012BQ,47682,DEB,D,US,2021-02-16,AFETR,2021-03-13,87.26,53.03,144,133,,,EA,IMP
FALCON 9 DEB,2021-012BR,47683,DEB,D,US,2021-02-16,AFETR,2021-03-11,87.44,53.04,154,142,,,EA,IMP
FLOCK 4S-46,2021-006EK,47684,PAY,D,US,2021-01-24,AFETR,2024-10-20,87.55,97.31,160,146,,,EA,IMP
FLOCK 4S-47,2021-006EL,47685,PAY,D,US,2021-01-24,AFETR,2024-10-24,87.90,97.29,178,163,,,EA,IMP
FLOCK 4S-44,2021-006EM,47686,PAY,D,US,2021-01-24,AFETR,2024-10-16,88.78,97.28,221,208,,,EA,IMP
FLOCK 4S-43,2021-006EN,47687,PAY,D,US,2021-01-24,AFETR,2024-08-27,91.72,97.32,364,354,,,EA,IMP
FLOCK 4S-45,2021-006EP,47688,PAY,D,US,2021-01-24,AFETR,2024-08-30,88.41,97.29,205,187,,,EA,IMP
CYGNUS NG-15,2021-013A,47689,PAY,D,US,2021-02-20,WLPIS,2021-07-02,94.49,51.64,500,488,,,EA,IMP
ANTARES R/B,2021-013B,47690,R/B,D,US,2021-02-20,WLPIS,2021-03-01,87.44,51.62,157,137,,,EA,IMP
YAOGAN-31 03A,2021-014A,47691,PAY,+,PRC,2021-02-24,JSC,,107.03,63.40,1225,953,,,EA,ORB
OBJECT B,2021-014B,47692,PAY,-,PRC,2021-02-24,JSC,,107.12,63.41,1225,962,,,EA,ORB
YAOGAN-31 03B,2021-014C,47693,PAY,+,PRC,2021-02-24,JSC,,107.03,63.40,1226,953,,,EA,ORB
OBJECT D,2021-014D,47694,UNK,,PRC,2021-02-24,JSC,,107.09,63.41,1225,959,,,EA,ORB
YAOGAN-31 03C,2021-014E,47695,PAY,+,PRC,2021-02-24,JSC,,107.03,63.40,1225,953,,,EA,ORB
CZ-4C R/B,2021-014F,47696,R/B,,PRC,2021-02-24,JSC,,105.22,63.45,1229,780,,,EA,ORB
OBJECT G,2021-014G,47697,UNK,,PRC,2021-02-24,JSC,,107.33,63.40,1227,979,,,EA,ORB
FLOCK 4S-41,2021-006ER,47698,PAY,D,US,2021-01-24,AFETR,2024-10-11,88.28,97.29,196,182,,,EA,IMP
AMAZONIA 1,2021-015A,47699,PAY,+,BRAZ,2021-02-28,SRILR,,99.94,98.43,758,753,,,EA,ORB
OBJECT B,2021-015B,47700,UNK,,TBD,2021-02-28,SRILR,,93.20,97.12,447,416,,,EA,ORB
SAI-1 NANOCONNECT-2,2021-015C,47701,PAY,D,US,2021-02-28,SRILR,2023-11-22,87.43,97.35,155,139,,,EA,IMP
SINE (SINDHUNETRA),2021-015D,47702,PAY,D,IND,2021-02-28,SRILR,2023-12-13,87.29,97.34,146,134,,,EA,IMP
SPACEBEE-87,2021-015E,47703,PAY,D,US,2021-02-28,SRILR,2023-01-10,88.83,97.38,225,208,,,EA,IMP
SPACEBEE-86,2021-015F,47704,PAY,D,US,2021-02-28,SRILR,2023-01-04,89.23,97.37,243,230,,,EA,IMP
SPACEBEE-85,2021-015G,47705,PAY,D,US,2021-02-28,SRILR,2023-01-04,87.85,97.37,175,161,,,EA,IMP
SPACEBEE-84,2021-015H,47706,PAY,D,US,2021-02-28,SRILR,2023-01-02,88.41,97.37,202,190,,,EA,IMP
SPACEBEE-83,2021-015J,47707,PAY,D,US,2021-02-28,SRILR,2022-12-26,87.67,97.36,166,153,,,EA,IMP
SPACEBEE-82,2021-015K,47708,PAY,D,US,2021-02-28,SRILR,2022-12-20,88.43,97.37,203,190,,,EA,IMP
SPACEBEE-81,2021-015L,47709,PAY,D,US,2021-02-28,SRILR,2022-12-17,88.20,97.36,192,178,,,EA,IMP
SPACEBEE-78,2021-015M,47710,PAY,D,US,2021-02-28,SRILR,2022-12-04,89.11,97.38,237,224,,,EA,IMP
SPACEBEE-76,2021-015N,47711,PAY,D,US,2021-02-28,SRILR,2022-11-24,87.74,97.36,169,156,,,EA,IMP
SPACEBEE-80,2021-015P,47712,PAY,D,US,2021-02-28,SRILR,2022-12-10,89.48,97.38,254,244,,,EA,IMP
SPACEBEE-77,2021-015Q,47714,PAY,D,US,2021-02-28,SRILR,2022-11-29,87.73,97.36,169,155,,,EA,IMP
SPACEBEE-79,2021-015R,47715,PAY,D,US,2021-02-28,SRILR,2022-12-13,87.60,97.37,165,146,,,EA,IMP
UNITYSAT JITSAT,2021-015S,47716,PAY,D,IND,2021-02-28,SRILR,2023-06-04,87.83,97.35,178,156,,,EA,IMP
UNITYSAT GHRCESAT,2021-015T,47717,PAY,D,IND,2021-02-28,SRILR,2023-07-09,87.55,97.34,163,144,,,EA,IMP
UNITYSAT SRISHAKTHISAT,2021-015U,47718,PAY,D,IND,2021-02-28,SRILR,2023-06-04,87.62,97.35,166,147,,,EA,IMP
ARKTIKA-M 1,2021-016A,47719,PAY,+,CIS,2021-02-28,TYMSC,,717.82,63.26,39567,789,,,EA,ORB
FREGAT R/B,2021-016B,47720,R/B,,CIS,2021-02-28,TYMSC,,723.86,63.26,40143,511,,,EA,ORB
SDSAT,2021-015V,47721,PAY,D,IND,2021-02-28,SRILR,2023-07-18,87.81,97.35,176,156,,,EA,IMP
STARLINK-2068,2021-017A,47722,PAY,+,US,2021-03-04,AFETR,,94.01,53.16,472,470,,,EA,ORB
STARLINK-2107,2021-017B,47723,PAY,+,US,2021-03-04,AFETR,,93.77,53.16,460,458,,,EA,ORB
STARLINK-2116,2021-017C,47724,PAY,D,US,2021-03-04,AFETR,2026-04-10,87.50,53.02,156,146,,,EA,IMP
STARLINK-2125,2021-017D,47725,PAY,D,US,2021-03-04,AFETR,2025-01-15,87.80,53.03,169,163,,,EA,IMP
STARLINK-2126,2021-017E,47726,PAY,D,US,2021-03-04,AFETR,2024-12-31,87.50,53.02,153,148,,,EA,IMP
STARLINK-2129,2021-017F,47727,PAY,D,US,2021-03-04,AFETR,2025-02-03,87.55,53.02,155,151,,,EA,IMP
STARLINK-2131,2021-017G,47728,PAY,P,US,2021-03-04,AFETR,,91.23,53.06,337,332,,,EA,ORB
STARLINK-2132,2021-017H,47729,PAY,D,US,2021-03-04,AFETR,2024-09-20,88.01,53.03,181,171,,,EA,IMP
STARLINK-2140,2021-017J,47730,PAY,+,US,2021-03-04,AFETR,,94.01,53.16,472,470,,,EA,ORB
STARLINK-2141,2021-017K,47731,PAY,D,US,2021-03-04,AFETR,2026-07-23,87.76,53.13,167,161,,,EA,IMP
STARLINK-2142,2021-017L,47732,PAY,D,US,2021-03-04,AFETR,2025-09-07,88.07,53.02,182,176,,,EA,IMP
STARLINK-2143,2021-017M,47733,PAY,+,US,2021-03-04,AFETR,,94.01,53.16,472,470,,,EA,ORB
STARLINK-2144,2021-017N,47734,PAY,+,US,2021-03-04,AFETR,,94.01,53.16,472,470,,,EA,ORB
STARLINK-2146,2021-017P,47735,PAY,D,US,2021-03-04,AFETR,2025-07-26,87.72,53.03,168,155,,,EA,IMP
STARLINK-2147,2021-017Q,47736,PAY,P,US,2021-03-04,AFETR,,91.67,53.07,358,355,,,EA,ORB
STARLINK-2148,2021-017R,47737,PAY,D,US,2021-03-04,AFETR,2024-07-26,88.01,53.02,184,168,,,EA,IMP
STARLINK-2149,2021-017S,47738,PAY,D,US,2021-03-04,AFETR,2024-04-13,90.20,53.04,290,279,,,EA,IMP
STARLINK-2150,2021-017T,47739,PAY,+,US,2021-03-04,AFETR,,94.01,53.16,472,470,,,EA,ORB
STARLINK-2152,2021-017U,47740,PAY,D,US,2021-03-04,AFETR,2025-01-04,88.16,53.03,185,182,,,EA,IMP
STARLINK-2154,2021-017V,47741,PAY,D,US,2021-03-04,AFETR,2024-05-15,87.94,53.02,179,166,,,EA,IMP
STARLINK-2156,2021-017W,47742,PAY,+,US,2021-03-04,AFETR,,94.01,53.16,472,469,,,EA,ORB
STARLINK-2157,2021-017X,47743,PAY,D,US,2021-03-04,AFETR,2025-01-12,87.66,53.03,161,157,,,EA,IMP
STARLINK-2158,2021-017Y,47744,PAY,D,US,2021-03-04,AFETR,2024-07-03,88.01,53.04,184,168,,,EA,IMP
STARLINK-2159,2021-017Z,47745,PAY,P,US,2021-03-04,AFETR,,89.99,53.14,277,270,,,EA,ORB
STARLINK-2160,2021-017AA,47746,PAY,P,US,2021-03-04,AFETR,,91.55,53.15,352,350,,,EA,ORB
STARLINK-2161,2021-017AB,47747,PAY,+,US,2021-03-04,AFETR,,94.01,53.16,472,469,,,EA,ORB
STARLINK-2162,2021-017AC,47748,PAY,D,US,2021-03-04,AFETR,2026-07-13,87.40,53.14,150,141,,,EA,IMP
STARLINK-2163,2021-017AD,47749,PAY,D,US,2021-03-04,AFETR,2026-08-10,87.41,53.13,151,142,,,EA,IMP
STARLINK-2164,2021-017AE,47750,PAY,+,US,2021-03-04,AFETR,,94.01,53.16,472,470,,,EA,ORB
STARLINK-2168,2021-017AF,47751,PAY,D,US,2021-03-04,AFETR,2024-08-04,89.95,53.05,273,272,,,EA,IMP
STARLINK-2169,2021-017AG,47752,PAY,P,US,2021-03-04,AFETR,,90.10,53.14,283,277,,,EA,ORB
STARLINK-2170,2021-017AH,47753,PAY,+,US,2021-03-04,AFETR,,93.97,53.16,470,468,,,EA,ORB
STARLINK-2171,2021-017AJ,47754,PAY,D,US,2021-03-04,AFETR,2026-06-08,87.94,53.02,178,167,,,EA,IMP
STARLINK-2172,2021-017AK,47755,PAY,D,US,2021-03-04,AFETR,2022-04-30,88.42,53.04,207,186,,,EA,IMP
STARLINK-2174,2021-017AL,47756,PAY,D,US,2021-03-04,AFETR,2025-02-10,87.69,53.03,164,157,,,EA,IMP
STARLINK-2175,2021-017AM,47757,PAY,D,US,2021-03-04,AFETR,2025-02-18,87.71,53.02,162,160,,,EA,IMP
STARLINK-2176,2021-017AN,47758,PAY,D,US,2021-03-04,AFETR,2022-04-23,87.54,53.04,157,149,,,EA,IMP
STARLINK-2177,2021-017AP,47759,PAY,D,US,2021-03-04,AFETR,2022-03-13,87.75,53.02,167,159,,,EA,IMP
STARLINK-2178,2021-017AQ,47760,PAY,+,US,2021-03-04,AFETR,,94.01,53.16,472,470,,,EA,ORB
STARLINK-2179,2021-017AR,47761,PAY,D,US,2021-03-04,AFETR,2025-01-20,87.47,53.03,153,145,,,EA,IMP
STARLINK-2180,2021-017AS,47762,PAY,P,US,2021-03-04,AFETR,,90.26,53.15,289,285,,,EA,ORB
STARLINK-2181,2021-017AT,47763,PAY,D,US,2021-03-04,AFETR,2025-01-07,87.67,53.03,160,158,,,EA,IMP
STARLINK-2182,2021-017AU,47764,PAY,D,US,2021-03-04,AFETR,2025-02-01,87.58,53.02,160,149,,,EA,IMP
STARLINK-2183,2021-017AV,47765,PAY,D,US,2021-03-04,AFETR,2022-04-30,88.59,53.04,212,198,,,EA,IMP
STARLINK-2184,2021-017AW,47766,PAY,D,US,2021-03-04,AFETR,2025-07-23,87.80,53.03,172,159,,,EA,IMP
STARLINK-2185,2021-017AX,47767,PAY,P,US,2021-03-04,AFETR,,90.88,53.15,320,315,,,EA,ORB
STARLINK-2189,2021-017AY,47768,PAY,D,US,2021-03-04,AFETR,2024-12-30,87.55,53.03,154,152,,,EA,IMP
STARLINK-2192,2021-017AZ,47769,PAY,D,US,2021-03-04,AFETR,2025-01-18,87.54,53.02,156,149,,,EA,IMP
STARLINK-2193,2021-017BA,47770,PAY,+,US,2021-03-04,AFETR,,94.01,53.16,472,470,,,EA,ORB
STARLINK-2194,2021-017BB,47771,PAY,+,US,2021-03-04,AFETR,,94.01,53.16,472,470,,,EA,ORB
STARLINK-2195,2021-017BC,47772,PAY,+,US,2021-03-04,AFETR,,94.01,53.16,472,470,,,EA,ORB
STARLINK-2196,2021-017BD,47773,PAY,+,US,2021-03-04,AFETR,,93.54,53.16,449,447,,,EA,ORB
STARLINK-2197,2021-017BE,47774,PAY,D,US,2021-03-04,AFETR,2025-02-12,87.27,53.03,143,135,,,EA,IMP
STARLINK-2198,2021-017BF,47775,PAY,D,US,2021-03-04,AFETR,2025-01-20,87.62,53.02,160,153,,,EA,IMP
STARLINK-2209,2021-017BG,47776,PAY,P,US,2021-03-04,AFETR,,89.87,53.14,272,264,,,EA,ORB
STARLINK-2210,2021-017BH,47777,PAY,D,US,2021-03-04,AFETR,2025-07-09,87.52,53.02,157,147,,,EA,IMP
STARLINK-2211,2021-017BJ,47778,PAY,P,US,2021-03-04,AFETR,,91.81,53.16,364,363,,,EA,ORB
STARLINK-2212,2021-017BK,47779,PAY,D,US,2021-03-04,AFETR,2023-09-25,87.50,53.02,153,149,,,EA,IMP
STARLINK-2213,2021-017BL,47780,PAY,+,US,2021-03-04,AFETR,,94.01,53.16,472,470,,,EA,ORB
STARLINK-2223,2021-017BM,47781,PAY,D,US,2021-03-04,AFETR,2025-02-05,88.17,53.03,187,180,,,EA,IMP
FALCON 9 R/B,2021-017BN,47782,R/B,D,US,2021-03-04,AFETR,2021-03-26,87.28,53.03,144,135,,,EA,IMP
FALCON 9 DEB,2021-017BP,47783,DEB,D,US,2021-03-04,AFETR,2021-03-30,87.54,53.03,157,148,,,EA,IMP
FALCON 9 DEB,2021-017BQ,47784,DEB,D,US,2021-03-04,AFETR,2021-04-04,87.23,53.04,140,134,,,EA,IMP
FALCON 9 DEB,2021-017BR,47785,DEB,D,US,2021-03-04,AFETR,2021-03-29,87.34,53.03,147,138,,,EA,IMP
FALCON 9 DEB,2021-017BS,47786,DEB,D,US,2021-03-04,AFETR,2021-03-29,87.37,53.03,148,141,,,EA,IMP
STARLINK-2257,2021-018A,47787,PAY,+,US,2021-03-11,AFETR,,94.01,53.16,472,470,,,EA,ORB
STARLINK-2314,2021-018B,47788,PAY,P,US,2021-03-11,AFETR,,93.16,53.15,432,427,,,EA,ORB
STARLINK-2315,2021-018C,47789,PAY,+,US,2021-03-11,AFETR,,94.01,53.16,472,470,,,EA,ORB
STARLINK-2319,2021-018D,47790,PAY,+,US,2021-03-11,AFETR,,94.01,53.16,472,470,,,EA,ORB
STARLINK-2322,2021-018E,47791,PAY,+,US,2021-03-11,AFETR,,93.52,53.16,448,446,,,EA,ORB
STARLINK-2334,2021-018F,47792,PAY,+,US,2021-03-11,AFETR,,94.01,53.16,472,470,,,EA,ORB
STARLINK-2338,2021-018G,47793,PAY,+,US,2021-03-11,AFETR,,94.01,53.16,472,470,,,EA,ORB
STARLINK-2341,2021-018H,47794,PAY,D,US,2021-03-11,AFETR,2024-05-24,87.56,53.02,159,148,,,EA,IMP
STARLINK-2347,2021-018J,47795,PAY,D,US,2021-03-11,AFETR,2025-01-06,88.03,53.03,180,174,,,EA,IMP
STARLINK-2373,2021-018K,47796,PAY,P,US,2021-03-11,AFETR,,93.53,53.15,450,444,,,EA,ORB
STARLINK-2377,2021-018L,47797,PAY,+,US,2021-03-11,AFETR,,94.01,53.16,472,470,,,EA,ORB
STARLINK-2379,2021-018M,47798,PAY,+,US,2021-03-11,AFETR,,94.01,53.16,472,470,,,EA,ORB
STARLINK-2380,2021-018N,47799,PAY,+,US,2021-03-11,AFETR,,94.01,53.16,472,470,,,EA,ORB
STARLINK-2381,2021-018P,47800,PAY,+,US,2021-03-11,AFETR,,94.01,53.16,472,470,,,EA,ORB
STARLINK-2382,2021-018Q,47801,PAY,D,US,2021-03-11,AFETR,2024-08-28,88.86,53.04,224,213,,,EA,IMP
STARLINK-2383,2021-018R,47802,PAY,+,US,2021-03-11,AFETR,,94.01,53.16,472,470,,,EA,ORB
STARLINK-2384,2021-018S,47803,PAY,D,US,2021-03-11,AFETR,2025-04-25,88.16,53.03,188,178,,,EA,IMP
STARLINK-2385,2021-018T,47804,PAY,+,US,2021-03-11,AFETR,,94.01,53.16,472,470,,,EA,ORB
STARLINK-2386,2021-018U,47805,PAY,+,US,2021-03-11,AFETR,,94.31,53.09,488,482,,,EA,ORB
STARLINK-2387,2021-018V,47806,PAY,+,US,2021-03-11,AFETR,,94.01,53.16,472,470,,,EA,ORB
STARLINK-2388,2021-018W,47807,PAY,+,US,2021-03-11,AFETR,,94.01,53.16,472,470,,,EA,ORB
STARLINK-2389,2021-018X,47808,PAY,+,US,2021-03-11,AFETR,,94.01,53.16,472,470,,,EA,ORB
STARLINK-2390,2021-018Y,47809,PAY,D,US,2021-03-11,AFETR,2024-01-11,88.04,53.02,182,173,,,EA,IMP
STARLINK-2391,2021-018Z,47810,PAY,+,US,2021-03-11,AFETR,,94.01,53.16,472,470,,,EA,ORB
STARLINK-2392,2021-018AA,47811,PAY,D,US,2021-03-11,AFETR,2025-01-07,87.46,53.05,157,140,,,EA,IMP
STARLINK-2393,2021-018AB,47812,PAY,D,US,2021-03-11,AFETR,2026-01-04,87.62,53.03,159,154,,,EA,IMP
STARLINK-2394,2021-018AC,47813,PAY,D,US,2021-03-11,AFETR,2024-06-24,88.44,53.03,203,192,,,EA,IMP
STARLINK-2395,2021-018AD,47814,PAY,+,US,2021-03-11,AFETR,,93.94,53.16,468,466,,,EA,ORB
STARLINK-2396,2021-018AE,47815,PAY,+,US,2021-03-11,AFETR,,94.01,53.16,472,470,,,EA,ORB
STARLINK-2399,2021-018AF,47816,PAY,+,US,2021-03-11,AFETR,,94.01,53.16,472,470,,,EA,ORB
STARLINK-2400,2021-018AG,47817,PAY,+,US,2021-03-11,AFETR,,94.01,53.16,472,470,,,EA,ORB
STARLINK-2401,2021-018AH,47818,PAY,P,US,2021-03-11,AFETR,,90.16,53.03,285,279,,,EA,ORB
STARLINK-2402,2021-018AJ,47819,PAY,+,US,2021-03-11,AFETR,,94.01,53.16,471,470,,,EA,ORB
STARLINK-2403,2021-018AK,47820,PAY,D,US,2021-03-11,AFETR,2025-04-16,88.32,53.04,196,187,,,EA,IMP
STARLINK-2406,2021-018AL,47821,PAY,+,US,2021-03-11,AFETR,,94.01,53.16,472,470,,,EA,ORB
STARLINK-2407,2021-018AM,47822,PAY,+,US,2021-03-11,AFETR,,94.01,53.16,472,470,,,EA,ORB
STARLINK-2408,2021-018AN,47823,PAY,+,US,2021-03-11,AFETR,,94.01,53.16,472,470,,,EA,ORB
STARLINK-2409,2021-018AP,47824,PAY,+,US,2021-03-11,AFETR,,94.01,53.16,472,470,,,EA,ORB
STARLINK-2410,2021-018AQ,47825,PAY,+,US,2021-03-11,AFETR,,94.01,53.16,472,470,,,EA,ORB
STARLINK-2411,2021-018AR,47826,PAY,+,US,2021-03-11,AFETR,,94.01,53.16,471,470,,,EA,ORB
STARLINK-2413,2021-018AS,47827,PAY,+,US,2021-03-11,AFETR,,94.01,53.16,472,470,,,EA,ORB
STARLINK-2415,2021-018AT,47828,PAY,+,US,2021-03-11,AFETR,,94.01,53.16,472,470,,,EA,ORB
STARLINK-2416,2021-018AU,47829,PAY,D,US,2021-03-11,AFETR,2025-07-17,87.87,53.02,172,166,,,EA,IMP
STARLINK-2419,2021-018AV,47830,PAY,+,US,2021-03-11,AFETR,,94.01,53.16,472,470,,,EA,ORB
STARLINK-2420,2021-018AW,47831,PAY,+,US,2021-03-11,AFETR,,94.01,53.16,472,470,,,EA,ORB
STARLINK-2422,2021-018AX,47832,PAY,+,US,2021-03-11,AFETR,,94.01,53.16,472,470,,,EA,ORB
STARLINK-2423,2021-018AY,47833,PAY,+,US,2021-03-11,AFETR,,94.01,53.16,472,470,,,EA,ORB
STARLINK-2424,2021-018AZ,47834,PAY,+,US,2021-03-11,AFETR,,94.03,53.16,475,468,,,EA,ORB
STARLINK-2425,2021-018BA,47835,PAY,D,US,2021-03-11,AFETR,2024-08-31,89.94,53.04,275,268,,,EA,IMP
STARLINK-2426,2021-018BB,47836,PAY,+,US,2021-03-11,AFETR,,94.01,53.16,472,470,,,EA,ORB
STARLINK-2427,2021-018BC,47837,PAY,+,US,2021-03-11,AFETR,,94.01,53.16,471,470,,,EA,ORB
STARLINK-2429,2021-018BD,47838,PAY,+,US,2021-03-11,AFETR,,94.01,53.16,472,470,,,EA,ORB
STARLINK-2431,2021-018BE,47839,PAY,+,US,2021-03-11,AFETR,,94.01,53.16,471,470,,,EA,ORB
STARLINK-2432,2021-018BF,47840,PAY,+,US,2021-03-11,AFETR,,94.01,53.16,472,470,,,EA,ORB
STARLINK-2433,2021-018BG,47841,PAY,+,US,2021-03-11,AFETR,,94.01,53.16,472,470,,,EA,ORB
STARLINK-2434,2021-018BH,47842,PAY,D,US,2021-03-11,AFETR,2025-01-12,87.41,53.03,149,144,,,EA,IMP
STARLINK-2435,2021-018BJ,47843,PAY,+,US,2021-03-11,AFETR,,94.01,53.16,472,470,,,EA,ORB
STARLINK-2446,2021-018BK,47844,PAY,P,US,2021-03-11,AFETR,,93.70,53.16,460,451,,,EA,ORB
STARLINK-2453,2021-018BL,47845,PAY,+,US,2021-03-11,AFETR,,94.01,53.16,472,470,,,EA,ORB
STARLINK-2456,2021-018BM,47846,PAY,D,US,2021-03-11,AFETR,2024-07-27,88.04,53.04,185,170,,,EA,IMP
FALCON 9 DEB,2021-018BN,47847,DEB,D,US,2021-03-11,AFETR,2021-04-05,87.97,53.04,179,169,,,EA,IMP
FALCON 9 DEB,2021-018BP,47848,DEB,D,US,2021-03-11,AFETR,2021-04-06,87.31,53.04,145,137,,,EA,IMP
FALCON 9 DEB,2021-018BQ,47849,DEB,D,US,2021-03-11,AFETR,2021-04-04,87.63,53.03,162,153,,,EA,IMP
FALCON 9 DEB,2021-018BR,47850,DEB,D,US,2021-03-11,AFETR,2021-04-04,87.61,53.04,160,153,,,EA,IMP
SHIYAN-9 (SY-9),2021-019A,47851,PAY,+,PRC,2021-03-11,WSC,,1436.04,16.39,35846,35725,,,EA,ORB
CZ-7A R/B,2021-019B,47852,R/B,D,PRC,2021-03-11,WSC,2022-11-23,88.86,19.50,329,107,,,EA,IMP
YAOGAN-31 04A,2021-020A,47854,PAY,+,PRC,2021-03-13,JSC,,107.03,63.40,1224,954,,,EA,ORB
OBJECT B,2021-020B,47855,UNK,,PRC,2021-03-13,JSC,,107.12,63.41,1225,962,,,EA,ORB
YAOGAN-31 04B,2021-020C,47856,PAY,+,PRC,2021-03-13,JSC,,107.03,63.40,1224,954,,,EA,ORB
YAOGAN-31 04C,2021-020D,47857,PAY,+,PRC,2021-03-13,JSC,,107.03,63.41,1224,954,,,EA,ORB
CZ-4C R/B,2021-020E,47858,R/B,,PRC,2021-03-13,JSC,,105.29,63.45,1233,782,,,EA,ORB
OBJECT F,2021-020F,47859,UNK,,PRC,2021-03-13,JSC,,107.09,63.41,1225,959,,,EA,ORB
STARLINK-2258,2021-021A,47860,PAY,D,US,2021-03-14,AFETR,2025-01-30,87.89,53.03,175,166,,,EA,IMP
STARLINK-2280,2021-021B,47861,PAY,+,US,2021-03-14,AFETR,,94.01,53.16,472,470,,,EA,ORB
STARLINK-2291,2021-021C,47862,PAY,P,US,2021-03-14,AFETR,,90.36,53.15,295,289,,,EA,ORB
STARLINK-2293,2021-021D,47863,PAY,D,US,2021-03-14,AFETR,2025-04-27,87.46,53.03,152,145,,,EA,IMP
STARLINK-2304,2021-021E,47864,PAY,D,US,2021-03-14,AFETR,2025-02-05,87.65,53.03,161,154,,,EA,IMP
STARLINK-2310,2021-021F,47865,PAY,D,US,2021-03-14,AFETR,2025-03-03,87.69,53.02,162,159,,,EA,IMP
STARLINK-2320,2021-021G,47866,PAY,D,US,2021-03-14,AFETR,2025-02-20,87.82,53.03,170,163,,,EA,IMP
STARLINK-2321,2021-021H,47867,PAY,D,US,2021-03-14,AFETR,2025-02-20,87.71,53.04,163,158,,,EA,IMP
STARLINK-2323,2021-021J,47868,PAY,D,US,2021-03-14,AFETR,2025-05-10,87.45,53.02,151,145,,,EA,IMP
STARLINK-2324,2021-021K,47869,PAY,D,US,2021-03-14,AFETR,2024-12-29,87.48,53.02,150,149,,,EA,IMP
STARLINK-2326,2021-021L,47870,PAY,+,US,2021-03-14,AFETR,,94.01,53.16,472,470,,,EA,ORB
STARLINK-2327,2021-021M,47871,PAY,D,US,2021-03-14,AFETR,2025-01-24,87.47,53.02,153,146,,,EA,IMP
STARLINK-2328,2021-021N,47872,PAY,D,US,2021-03-14,AFETR,2023-03-15,90.60,53.04,311,297,,,EA,IMP
STARLINK-2329,2021-021P,47873,PAY,+,US,2021-03-14,AFETR,,94.01,53.16,472,470,,,EA,ORB
STARLINK-2330,2021-021Q,47874,PAY,P,US,2021-03-14,AFETR,,93.29,53.14,437,434,,,EA,ORB
STARLINK-2331,2021-021R,47875,PAY,D,US,2021-03-14,AFETR,2025-01-24,87.53,53.02,155,150,,,EA,IMP
STARLINK-2332,2021-021S,47876,PAY,D,US,2021-03-14,AFETR,2025-02-17,87.56,53.02,157,150,,,EA,IMP
STARLINK-2333,2021-021T,47877,PAY,D,US,2021-03-14,AFETR,2025-02-26,87.58,53.03,156,153,,,EA,IMP
STARLINK-2335,2021-021U,47878,PAY,D,US,2021-03-14,AFETR,2025-02-24,87.58,53.03,158,152,,,EA,IMP
STARLINK-2336,2021-021V,47879,PAY,P,US,2021-03-14,AFETR,,90.43,53.15,301,291,,,EA,ORB
STARLINK-2337,2021-021W,47880,PAY,D,US,2021-03-14,AFETR,2025-02-20,87.32,53.02,148,136,,,EA,IMP
STARLINK-2339,2021-021X,47881,PAY,D,US,2021-03-14,AFETR,2025-01-14,87.53,53.03,154,150,,,EA,IMP
STARLINK-2340,2021-021Y,47882,PAY,D,US,2021-03-14,AFETR,2025-12-13,88.73,53.01,216,207,,,EA,IMP
STARLINK-2342,2021-021Z,47883,PAY,D,US,2021-03-14,AFETR,2026-08-09,87.57,53.13,157,151,,,EA,IMP
STARLINK-2343,2021-021AA,47884,PAY,+,US,2021-03-14,AFETR,,94.01,53.16,472,470,,,EA,ORB
STARLINK-2344,2021-021AB,47885,PAY,D,US,2021-03-14,AFETR,2025-03-03,87.95,53.04,175,172,,,EA,IMP
STARLINK-2345,2021-021AC,47886,PAY,D,US,2021-03-14,AFETR,2023-09-27,88.22,53.03,191,182,,,EA,IMP
STARLINK-2346,2021-021AD,47887,PAY,+,US,2021-03-14,AFETR,,94.01,53.16,472,470,,,EA,ORB
STARLINK-2348,2021-021AE,47888,PAY,D,US,2021-03-14,AFETR,2025-04-22,87.56,53.03,161,146,,,EA,IMP
STARLINK-2349,2021-021AF,47889,PAY,D,US,2021-03-14,AFETR,2025-01-13,87.37,53.03,147,141,,,EA,IMP
STARLINK-2350,2021-021AG,47890,PAY,D,US,2021-03-14,AFETR,2023-03-11,87.64,53.00,163,153,,,EA,IMP
STARLINK-2351,2021-021AH,47891,PAY,D,US,2021-03-14,AFETR,2024-12-30,87.64,53.03,159,156,,,EA,IMP
STARLINK-2352,2021-021AJ,47892,PAY,D,US,2021-03-14,AFETR,2025-03-11,87.69,53.03,163,158,,,EA,IMP
STARLINK-2353,2021-021AK,47893,PAY,D,US,2021-03-14,AFETR,2021-07-11,87.49,53.02,156,144,,,EA,IMP
STARLINK-2354,2021-021AL,47894,PAY,P,US,2021-03-14,AFETR,,93.56,53.15,453,445,,,EA,ORB
STARLINK-2355,2021-021AM,47895,PAY,+,US,2021-03-14,AFETR,,94.01,53.16,472,470,,,EA,ORB
STARLINK-2356,2021-021AN,47896,PAY,+,US,2021-03-14,AFETR,,94.01,53.16,471,470,,,EA,ORB
STARLINK-2357,2021-021AP,47897,PAY,D,US,2021-03-14,AFETR,2024-09-03,87.66,53.02,164,153,,,EA,IMP
STARLINK-2358,2021-021AQ,47898,PAY,+,US,2021-03-14,AFETR,,94.01,53.16,472,470,,,EA,ORB
STARLINK-2359,2021-021AR,47899,PAY,D,US,2021-03-14,AFETR,2023-10-18,87.54,53.01,157,148,,,EA,IMP
STARLINK-2360,2021-021AS,47900,PAY,D,US,2021-03-14,AFETR,2024-08-01,89.21,53.05,246,225,,,EA,IMP
STARLINK-2361,2021-021AT,47901,PAY,P,US,2021-03-14,AFETR,,93.23,53.15,434,431,,,EA,ORB
STARLINK-2362,2021-021AU,47902,PAY,D,US,2021-03-14,AFETR,2025-01-20,87.92,53.03,174,168,,,EA,IMP
STARLINK-2363,2021-021AV,47903,PAY,D,US,2021-03-14,AFETR,2026-07-07,87.57,53.14,162,146,,,EA,IMP
STARLINK-2364,2021-021AW,47904,PAY,+,US,2021-03-14,AFETR,,94.01,53.16,472,470,,,EA,ORB
STARLINK-2365,2021-021AX,47905,PAY,D,US,2021-03-14,AFETR,2025-02-04,87.91,53.03,175,167,,,EA,IMP
STARLINK-2366,2021-021AY,47906,PAY,D,US,2021-03-14,AFETR,2023-06-27,87.66,52.98,168,150,,,EA,IMP
STARLINK-2367,2021-021AZ,47907,PAY,+,US,2021-03-14,AFETR,,94.01,53.16,471,470,,,EA,ORB
STARLINK-2368,2021-021BA,47908,PAY,D,US,2021-03-14,AFETR,2025-12-23,87.62,53.03,161,153,,,EA,IMP
STARLINK-2369,2021-021BB,47909,PAY,D,US,2021-03-14,AFETR,2025-01-27,87.71,53.04,164,158,,,EA,IMP
STARLINK-2370,2021-021BC,47910,PAY,+,US,2021-03-14,AFETR,,94.01,53.16,471,470,,,EA,ORB
STARLINK-2371,2021-021BD,47911,PAY,+,US,2021-03-14,AFETR,,94.01,53.16,471,470,,,EA,ORB
STARLINK-2372,2021-021BE,47912,PAY,D,US,2021-03-14,AFETR,2025-03-07,88.26,53.03,189,188,,,EA,IMP
STARLINK-2374,2021-021BF,47913,PAY,D,US,2021-03-14,AFETR,2025-01-26,87.49,53.03,159,142,,,EA,IMP
STARLINK-2375,2021-021BG,47914,PAY,D,US,2021-03-14,AFETR,2025-01-21,87.27,53.02,141,137,,,EA,IMP
STARLINK-2376,2021-021BH,47915,PAY,D,US,2021-03-14,AFETR,2024-05-15,88.27,53.02,196,182,,,EA,IMP
STARLINK-2378,2021-021BJ,47916,PAY,+,US,2021-03-14,AFETR,,94.01,53.16,472,470,,,EA,ORB
STARLINK-2397,2021-021BK,47917,PAY,D,US,2021-03-14,AFETR,2025-03-14,87.49,53.02,152,149,,,EA,IMP
STARLINK-2398,2021-021BL,47918,PAY,D,US,2021-03-14,AFETR,2025-02-12,88.33,53.04,196,188,,,EA,IMP
STARLINK-2405,2021-021BM,47919,PAY,+,US,2021-03-14,AFETR,,94.01,53.16,471,470,,,EA,ORB
FALCON 9 DEB,2021-021BN,47920,DEB,D,US,2021-03-14,AFETR,2021-04-09,87.62,53.04,162,152,,,EA,IMP
FALCON 9 DEB,2021-021BP,47921,DEB,D,US,2021-03-14,AFETR,2021-04-10,87.60,53.04,160,151,,,EA,IMP
FALCON 9 DEB,2021-021BQ,47922,DEB,D,US,2021-03-14,AFETR,2021-04-08,87.47,53.03,153,145,,,EA,IMP
FALCON 9 DEB,2021-021BR,47923,DEB,D,US,2021-03-14,AFETR,2021-04-05,87.90,53.04,175,165,,,EA,IMP
CAS500-1,2021-022A,47932,PAY,+,SKOR,2021-03-22,TYMSC,,94.73,97.38,510,501,,,EA,ORB
GRUS-1C,2021-022B,47933,PAY,+,JPN,2021-03-22,TYMSC,,96.08,97.53,581,560,,,EA,ORB
GRUS-1B,2021-022C,47934,PAY,+,JPN,2021-03-22,TYMSC,,96.07,97.53,582,559,,,EA,ORB
GRUS-1E,2021-022D,47935,PAY,+,JPN,2021-03-22,TYMSC,,96.06,97.53,579,561,,,EA,ORB
GRUS-1D,2021-022E,47936,PAY,+,JPN,2021-03-22,TYMSC,,96.07,97.53,580,561,,,EA,ORB
OBJECT F,2021-022F,47937,UNK,,TBD,2021-03-22,TYMSC,,93.87,97.38,470,458,,,EA,ORB
CANYVAL-C (PUMBAA),2021-022G,47938,PAY,D,SKOR,2021-03-22,TYMSC,2025-05-30,88.01,97.39,182,170,,,EA,IMP
OBJECT H,2021-022H,47939,UNK,D,TBD,2021-03-22,TYMSC,2024-11-29,87.40,97.41,157,135,,,EA,IMP
DMSAT-1,2021-022J,47940,PAY,D,UAE,2021-03-22,TYMSC,2025-03-17,87.37,97.41,148,140,,,EA,IMP
WILDTRACKCUBE-SIMBA,2021-022K,47941,PAY,D,BEL,2021-03-22,TYMSC,2026-03-06,87.83,97.37,171,163,,,EA,IMP
HIBER-3,2021-022L,47942,PAY,D,NETH,2021-03-22,TYMSC,2025-01-30,88.29,97.40,194,185,,,EA,IMP
OBJECT M,2021-022M,47943,UNK,D,TBD,2021-03-22,TYMSC,2024-12-02,87.43,97.41,153,141,,,EA,IMP
ELSA-D CHASER,2021-022N,47944,PAY,D,JPN,2021-03-22,TYMSC,2025-07-27,87.29,97.39,152,128,,,EA,IMP
UNISAT-7,2021-022P,47945,PAY,+,IT,2021-03-22,TYMSC,,93.38,97.38,446,434,,,EA,ORB
OBJECT Q,2021-022Q,47946,UNK,D,TBD,2021-03-22,TYMSC,2025-11-12,87.81,97.38,171,161,,,EA,IMP
OBJECT R,2021-022R,47947,UNK,,TBD,2021-03-22,TYMSC,,95.43,97.35,551,528,,,EA,ORB
LACUNASAT-2B,2021-022S,47948,PAY,D,UK,2021-03-22,TYMSC,2024-04-27,87.37,97.46,154,135,,,EA,IMP
KEPLER-7 (C3PO),2021-022T,47949,PAY,D,CA,2021-03-22,TYMSC,2024-09-27,87.49,97.42,157,143,,,EA,IMP
NANOSATC-BR2,2021-022U,47950,PAY,D,BRAZ,2021-03-22,TYMSC,2025-01-11,87.77,97.40,168,160,,,EA,IMP
CUBESX-SIRIUS-HSE,2021-022V,47951,PAY,D,CIS,2021-03-22,TYMSC,2025-06-06,87.97,97.40,181,167,,,EA,IMP
CUBESX-HSE,2021-022W,47952,PAY,D,CIS,2021-03-22,TYMSC,2025-06-07,88.08,97.40,186,173,,,EA,IMP
OBJECT X,2021-022X,47953,UNK,,TBD,2021-03-22,TYMSC,,90.20,97.38,290,278,,,EA,ORB
KSU-CUBESAT,2021-022Y,47954,PAY,D,SAUD,2021-03-22,TYMSC,2025-03-22,87.54,97.40,159,147,,,EA,IMP
KEPLER-6 (ROCINANTE),2021-022Z,47955,PAY,D,CA,2021-03-22,TYMSC,2024-11-02,88.49,97.41,206,193,,,EA,IMP
CHALLENGE ONE,2021-022AA,47956,PAY,D,TUN,2021-03-22,TYMSC,2025-04-27,88.24,97.40,193,182,,,EA,IMP
BEESAT-6,2021-022AB,47957,PAY,D,GER,2021-03-22,TYMSC,2024-07-14,88.45,97.40,205,191,,,EA,IMP
OBJECT AC,2021-022AC,47958,UNK,D,TBD,2021-03-22,TYMSC,2026-06-05,87.69,97.36,166,154,,,EA,IMP
GRBALPHA,2021-022AD,47959,PAY,D,SVK,2021-03-22,TYMSC,2025-06-09,87.98,97.39,181,167,,,EA,IMP
ORBICRAFT-ZORKY,2021-022AE,47960,PAY,D,CIS,2021-03-22,TYMSC,2025-04-12,87.98,97.40,180,169,,,EA,IMP
3B5GSAT,2021-022AF,47961,PAY,D,SPN,2021-03-22,TYMSC,2024-07-25,87.41,97.42,152,140,,,EA,IMP
STECCO,2021-022AG,47962,PAY,D,IT,2021-03-22,TYMSC,2024-08-15,91.08,97.45,332,323,,,EA,IMP
DIY-1 (ARDUIQUBE),2021-022AH,47963,PAY,D,ARGN,2021-03-22,TYMSC,2023-07-21,87.75,97.47,171,155,,,EA,IMP
SMOG-1,2021-022AJ,47964,PAY,D,HUN,2021-03-22,TYMSC,2024-07-28,87.69,97.43,168,153,,,EA,IMP
VEERY-RL1,2021-023A,47965,PAY,D,US,2021-03-22,RLLB,2024-03-22,89.39,44.94,256,233,,,EA,IMP
CENTAURI-3 (TYVAK-0210),2021-023B,47966,PAY,D,AUS,2021-03-22,RLLB,2024-06-21,88.83,45.00,219,214,,,EA,IMP
M2-A,2021-023C,47967,PAY,D,AUS,2021-03-22,RLLB,2025-04-02,88.53,44.97,205,199,,,EA,IMP
MYRIOTA 7 (TYVAK-0152),2021-023D,47968,PAY,D,AUS,2021-03-22,RLLB,2024-12-04,89.17,44.97,243,225,,,EA,IMP
GUNSMOKE-J 3,2021-023E,47969,PAY,D,US,2021-03-22,RLLB,2025-04-24,88.46,44.98,207,189,,,EA,IMP
ELECTRON R/B,2021-023F,47970,R/B,D,US,2021-03-22,RLLB,2022-01-15,88.03,44.98,190,164,,,EA,IMP
GLOBAL-9,2021-023G,47971,PAY,+,US,2021-03-22,RLLB,,92.97,44.98,422,417,,,EA,ORB
PHOTON-02,2021-023H,47972,PAY,D,US,2021-03-22,RLLB,2023-03-14,86.95,45.04,138,108,,,EA,IMP
M2-B,2021-023J,47973,PAY,D,AUS,2021-03-22,RLLB,2025-03-29,88.48,44.96,204,195,,,EA,IMP
STARLINK-2087,2021-024A,47977,PAY,D,US,2021-03-24,AFETR,2025-03-03,87.32,53.02,144,140,,,EA,IMP
STARLINK-1647,2021-024B,47978,PAY,+,US,2021-03-24,AFETR,,94.01,53.16,471,470,,,EA,ORB
STARLINK-2325,2021-024C,47979,PAY,D,US,2021-03-24,AFETR,2025-02-21,87.38,53.04,146,143,,,EA,IMP
STARLINK-2312,2021-024D,47980,PAY,D,US,2021-03-24,AFETR,2025-02-19,87.65,53.03,161,156,,,EA,IMP
STARLINK-2303,2021-024E,47981,PAY,+,US,2021-03-24,AFETR,,94.01,53.16,472,470,,,EA,ORB
STARLINK-2317,2021-024F,47982,PAY,D,US,2021-03-24,AFETR,2025-01-30,87.54,53.02,157,148,,,EA,IMP
STARLINK-2289,2021-024G,47983,PAY,D,US,2021-03-24,AFETR,2022-01-16,88.21,53.03,192,180,,,EA,IMP
STARLINK-2316,2021-024H,47984,PAY,D,US,2021-03-24,AFETR,2022-01-10,88.30,53.03,195,185,,,EA,IMP
STARLINK-2308,2021-024J,47985,PAY,D,US,2021-03-24,AFETR,2025-02-14,87.22,53.03,138,135,,,EA,IMP
STARLINK-2313,2021-024K,47986,PAY,D,US,2021-03-24,AFETR,2022-03-02,87.58,53.00,160,149,,,EA,IMP
STARLINK-2311,2021-024L,47987,PAY,D,US,2021-03-24,AFETR,2021-12-20,87.72,53.03,163,160,,,EA,IMP
STARLINK-2306,2021-024M,47988,PAY,D,US,2021-03-24,AFETR,2022-08-21,88.06,53.02,179,178,,,EA,IMP
STARLINK-2305,2021-024N,47989,PAY,D,US,2021-03-24,AFETR,2025-02-12,87.57,53.04,156,152,,,EA,IMP
STARLINK-2307,2021-024P,47990,PAY,D,US,2021-03-24,AFETR,2025-01-26,87.74,53.01,165,160,,,EA,IMP
STARLINK-2279,2021-024Q,47991,PAY,D,US,2021-03-24,AFETR,2025-01-30,87.53,53.02,156,149,,,EA,IMP
STARLINK-2229,2021-024R,47992,PAY,D,US,2021-03-24,AFETR,2025-02-25,87.27,53.02,140,139,,,EA,IMP
STARLINK-2273,2021-024S,47993,PAY,P,US,2021-03-24,AFETR,,91.02,53.14,330,319,,,EA,ORB
STARLINK-2290,2021-024T,47994,PAY,D,US,2021-03-24,AFETR,2025-02-01,87.81,53.03,169,162,,,EA,IMP
STARLINK-2309,2021-024U,47995,PAY,D,US,2021-03-24,AFETR,2025-08-07,87.53,53.02,159,145,,,EA,IMP
STARLINK-2260,2021-024V,47996,PAY,D,US,2021-03-24,AFETR,2025-03-06,87.48,53.01,154,146,,,EA,IMP
STARLINK-2266,2021-024W,47997,PAY,+,US,2021-03-24,AFETR,,94.01,53.16,472,470,,,EA,ORB
STARLINK-2296,2021-024X,47998,PAY,D,US,2021-03-24,AFETR,2025-01-24,87.69,53.02,162,158,,,EA,IMP
STARLINK-2218,2021-024Y,47999,PAY,D,US,2021-03-24,AFETR,2024-08-27,88.17,53.03,187,181,,,EA,IMP
STARLINK-2270,2021-024Z,48000,PAY,P,US,2021-03-24,AFETR,,93.05,53.12,425,423,,,EA,ORB
STARLINK-2262,2021-024AA,48001,PAY,D,US,2021-03-24,AFETR,2021-11-29,87.42,53.03,150,144,,,EA,IMP
STARLINK-2265,2021-024AB,48002,PAY,D,US,2021-03-24,AFETR,2025-02-24,87.73,53.03,164,160,,,EA,IMP
STARLINK-2263,2021-024AC,48003,PAY,D,US,2021-03-24,AFETR,2025-05-31,87.23,53.03,140,134,,,EA,IMP
STARLINK-2261,2021-024AD,48004,PAY,D,US,2021-03-24,AFETR,2022-01-16,88.38,53.01,200,189,,,EA,IMP
STARLINK-2254,2021-024AE,48005,PAY,D,US,2021-03-24,AFETR,2024-08-24,91.17,53.05,337,327,,,EA,IMP
STARLINK-2277,2021-024AF,48006,PAY,D,US,2021-03-24,AFETR,2021-11-29,87.31,53.01,144,138,,,EA,IMP
STARLINK-2259,2021-024AG,48007,PAY,D,US,2021-03-24,AFETR,2021-12-20,87.90,53.03,175,166,,,EA,IMP
STARLINK-2271,2021-024AH,48008,PAY,D,US,2021-03-24,AFETR,2025-05-11,87.59,53.03,159,151,,,EA,IMP
STARLINK-2153,2021-024AJ,48009,PAY,+,US,2021-03-24,AFETR,,93.50,53.16,447,445,,,EA,ORB
STARLINK-2226,2021-024AK,48010,PAY,+,US,2021-03-24,AFETR,,94.01,53.16,471,470,,,EA,ORB
STARLINK-2272,2021-024AL,48011,PAY,D,US,2021-03-24,AFETR,2024-06-23,88.57,53.04,204,203,,,EA,IMP
STARLINK-2216,2021-024AM,48012,PAY,D,US,2021-03-24,AFETR,2023-04-07,87.68,53.01,164,155,,,EA,IMP
STARLINK-2243,2021-024AN,48013,PAY,D,US,2021-03-24,AFETR,2025-02-09,87.56,53.02,157,150,,,EA,IMP
STARLINK-2283,2021-024AP,48014,PAY,D,US,2021-03-24,AFETR,2025-04-27,87.71,53.04,166,156,,,EA,IMP
STARLINK-2281,2021-024AQ,48015,PAY,D,US,2021-03-24,AFETR,2022-01-16,87.64,52.95,173,143,,,EA,IMP
STARLINK-2284,2021-024AR,48016,PAY,D,US,2021-03-24,AFETR,2025-06-15,87.45,53.02,153,143,,,EA,IMP
STARLINK-2239,2021-024AS,48017,PAY,D,US,2021-03-24,AFETR,2022-07-11,87.68,53.03,166,153,,,EA,IMP
STARLINK-2282,2021-024AT,48018,PAY,D,US,2021-03-24,AFETR,2025-10-06,87.78,53.00,168,162,,,EA,IMP
STARLINK-2285,2021-024AU,48019,PAY,+,US,2021-03-24,AFETR,,94.01,53.16,472,470,,,EA,ORB
STARLINK-2294,2021-024AV,48020,PAY,D,US,2021-03-24,AFETR,2025-02-03,87.90,53.03,175,166,,,EA,IMP
STARLINK-2301,2021-024AW,48021,PAY,D,US,2021-03-24,AFETR,2025-08-15,87.43,53.03,154,140,,,EA,IMP
STARLINK-2298,2021-024AX,48022,PAY,P,US,2021-03-24,AFETR,,91.37,53.12,346,338,,,EA,ORB
STARLINK-2292,2021-024AY,48023,PAY,P,US,2021-03-24,AFETR,,92.93,53.11,419,417,,,EA,ORB
STARLINK-2302,2021-024AZ,48024,PAY,D,US,2021-03-24,AFETR,2022-01-16,87.53,53.00,186,119,,,EA,IMP
STARLINK-2318,2021-024BA,48025,PAY,D,US,2021-03-24,AFETR,2022-01-10,88.20,53.03,191,180,,,EA,IMP
STARLINK-2278,2021-024BB,48026,PAY,D,US,2021-03-24,AFETR,2024-12-21,87.67,53.04,166,152,,,EA,IMP
STARLINK-2300,2021-024BC,48027,PAY,D,US,2021-03-24,AFETR,2024-04-11,87.91,53.03,173,168,,,EA,IMP
STARLINK-2264,2021-024BD,48028,PAY,D,US,2021-03-24,AFETR,2025-05-02,87.72,53.03,166,158,,,EA,IMP
STARLINK-2299,2021-024BE,48029,PAY,P,US,2021-03-24,AFETR,,90.05,53.10,285,269,,,EA,ORB
STARLINK-2268,2021-024BF,48030,PAY,D,US,2021-03-24,AFETR,2025-01-17,87.86,53.04,172,165,,,EA,IMP
STARLINK-2267,2021-024BG,48031,PAY,D,US,2021-03-24,AFETR,2025-02-17,87.37,53.02,146,142,,,EA,IMP
STARLINK-2297,2021-024BH,48032,PAY,D,US,2021-03-24,AFETR,2022-01-11,87.75,53.02,165,161,,,EA,IMP
STARLINK-2286,2021-024BJ,48033,PAY,D,US,2021-03-24,AFETR,2025-04-14,88.11,53.03,187,175,,,EA,IMP
STARLINK-2288,2021-024BK,48034,PAY,D,US,2021-03-24,AFETR,2025-04-22,87.87,53.03,174,164,,,EA,IMP
STARLINK-2287,2021-024BL,48035,PAY,D,US,2021-03-24,AFETR,2022-01-16,88.31,53.03,197,185,,,EA,IMP
STARLINK-2295,2021-024BM,48036,PAY,D,US,2021-03-24,AFETR,2025-04-09,87.52,53.03,157,146,,,EA,IMP
FALCON 9 DEB,2021-024BN,48037,DEB,D,US,2021-03-24,AFETR,2021-04-20,87.20,53.04,138,133,,,EA,IMP
FALCON 9 DEB,2021-024BP,48038,DEB,D,US,2021-03-24,AFETR,2021-04-20,87.63,53.04,162,152,,,EA,IMP
FALCON 9 DEB,2021-024BQ,48039,DEB,D,US,2021-03-24,AFETR,2021-04-19,87.34,53.03,147,139,,,EA,IMP
FALCON 9 DEB,2021-024BR,48040,DEB,D,US,2021-03-24,AFETR,2021-04-17,87.39,53.03,149,141,,,EA,IMP
BCCSAT-1,2021-022AK,48041,PAY,D,THAI,2021-03-22,TYMSC,2024-09-19,88.04,97.42,183,172,,,EA,IMP
ONEWEB-0115,2021-025A,48042,PAY,+,UK,2021-03-25,VOSTO,,109.63,87.90,1211,1208,,,EA,ORB
ONEWEB-0152,2021-025B,48043,PAY,+,UK,2021-03-25,VOSTO,,109.63,87.90,1211,1208,,,EA,ORB
ONEWEB-0153,2021-025C,48044,PAY,+,UK,2021-03-25,VOSTO,,109.63,87.90,1211,1208,,,EA,ORB
ONEWEB-0154,2021-025D,48045,PAY,+,UK,2021-03-25,VOSTO,,109.63,87.90,1211,1208,,,EA,ORB
ONEWEB-0116,2021-025E,48046,PAY,+,UK,2021-03-25,VOSTO,,109.63,87.90,1211,1208,,,EA,ORB
ONEWEB-0150,2021-025F,48047,PAY,+,UK,2021-03-25,VOSTO,,109.63,87.90,1211,1208,,,EA,ORB
ONEWEB-0107,2021-025G,48048,PAY,+,UK,2021-03-25,VOSTO,,109.63,87.90,1211,1208,,,EA,ORB
ONEWEB-0101,2021-025H,48049,PAY,+,UK,2021-03-25,VOSTO,,109.63,87.90,1211,1208,,,EA,ORB
ONEWEB-0113,2021-025J,48050,PAY,+,UK,2021-03-25,VOSTO,,109.60,87.90,1210,1207,,,EA,ORB
ONEWEB-0112,2021-025K,48051,PAY,+,UK,2021-03-25,VOSTO,,109.63,87.90,1211,1208,,,EA,ORB
ONEWEB-0156,2021-025L,48052,PAY,+,UK,2021-03-25,VOSTO,,109.63,87.90,1211,1208,,,EA,ORB
ONEWEB-0161,2021-025M,48053,PAY,+,UK,2021-03-25,VOSTO,,109.63,87.90,1211,1208,,,EA,ORB
ONEWEB-0158,2021-025N,48054,PAY,+,UK,2021-03-25,VOSTO,,109.63,87.90,1211,1208,,,EA,ORB
ONEWEB-0157,2021-025P,48055,PAY,+,UK,2021-03-25,VOSTO,,109.63,87.90,1211,1208,,,EA,ORB
ONEWEB-0162,2021-025Q,48056,PAY,+,UK,2021-03-25,VOSTO,,109.63,87.90,1211,1208,,,EA,ORB
ONEWEB-0155,2021-025R,48057,PAY,+,UK,2021-03-25,VOSTO,,109.63,87.90,1211,1208,,,EA,ORB
ONEWEB-0149,2021-025S,48058,PAY,+,UK,2021-03-25,VOSTO,,109.63,87.90,1211,1208,,,EA,ORB
ONEWEB-0148,2021-025T,48059,PAY,+,UK,2021-03-25,VOSTO,,109.63,87.90,1211,1209,,,EA,ORB
ONEWEB-0160,2021-025U,48060,PAY,+,UK,2021-03-25,VOSTO,,109.63,87.90,1212,1208,,,EA,ORB
ONEWEB-0163,2021-025V,48061,PAY,+,UK,2021-03-25,VOSTO,,109.63,87.90,1211,1208,,,EA,ORB
ONEWEB-0159,2021-025W,48062,PAY,+,UK,2021-03-25,VOSTO,,109.63,87.90,1211,1208,,,EA,ORB
ONEWEB-0164,2021-025X,48063,PAY,+,UK,2021-03-25,VOSTO,,109.63,87.90,1211,1208,,,EA,ORB
ONEWEB-0167,2021-025Y,48064,PAY,+,UK,2021-03-25,VOSTO,,109.63,87.90,1212,1208,,,EA,ORB
ONEWEB-0166,2021-025Z,48065,PAY,+,UK,2021-03-25,VOSTO,,109.63,87.90,1211,1208,,,EA,ORB
ONEWEB-0151,2021-025AA,48066,PAY,+,UK,2021-03-25,VOSTO,,109.63,87.90,1211,1208,,,EA,ORB
ONEWEB-0170,2021-025AB,48067,PAY,+,UK,2021-03-25,VOSTO,,109.63,87.90,1212,1208,,,EA,ORB
ONEWEB-0168,2021-025AC,48068,PAY,+,UK,2021-03-25,VOSTO,,109.63,87.90,1211,1208,,,EA,ORB
ONEWEB-0173,2021-025AD,48069,PAY,+,UK,2021-03-25,VOSTO,,109.63,87.90,1211,1208,,,EA,ORB
ONEWEB-0171,2021-025AE,48070,PAY,+,UK,2021-03-25,VOSTO,,109.63,87.90,1211,1208,,,EA,ORB
ONEWEB-0172,2021-025AF,48071,PAY,+,UK,2021-03-25,VOSTO,,109.63,87.90,1211,1208,,,EA,ORB
ONEWEB-0174,2021-025AG,48072,PAY,+,UK,2021-03-25,VOSTO,,109.63,87.90,1211,1208,,,EA,ORB
ONEWEB-0175,2021-025AH,48073,PAY,+,UK,2021-03-25,VOSTO,,109.63,87.90,1212,1208,,,EA,ORB
ONEWEB-0177,2021-025AJ,48074,PAY,+,UK,2021-03-25,VOSTO,,109.63,87.90,1211,1208,,,EA,ORB
ONEWEB-0178,2021-025AK,48075,PAY,+,UK,2021-03-25,VOSTO,,109.63,87.90,1211,1208,,,EA,ORB
ONEWEB-0108,2021-025AL,48076,PAY,+,UK,2021-03-25,VOSTO,,109.63,87.90,1211,1208,,,EA,ORB
ONEWEB-0169,2021-025AM,48077,PAY,+,UK,2021-03-25,VOSTO,,109.63,87.90,1211,1208,,,EA,ORB
GAOFEN-12 02,2021-026A,48079,PAY,+,PRC,2021-03-30,JSC,,97.28,98.00,632,624,,,EA,ORB
CZ-4C R/B,2021-026B,48080,R/B,,PRC,2021-03-30,JSC,,94.89,97.73,540,487,,,EA,ORB
CZ-4C DEB,2021-026C,48081,DEB,D,PRC,2021-03-30,JSC,2021-04-27,95.20,97.78,558,499,,,EA,IMP
FEES,2021-022AL,48082,PAY,D,IT,2021-03-22,TYMSC,2024-02-12,88.71,97.45,218,204,,,EA,IMP
BEESAT-5,2021-022AM,48083,PAY,D,GER,2021-03-22,TYMSC,2024-06-16,88.35,97.38,200,187,,,EA,IMP
BEESAT-7,2021-022AN,48084,PAY,D,GER,2021-03-22,TYMSC,2024-08-06,90.45,97.43,303,290,,,EA,IMP
BEESAT-8,2021-022AP,48085,PAY,D,GER,2021-03-22,TYMSC,2025-01-26,88.59,97.48,209,201,,,EA,IMP
STARLINK-2048,2021-027A,48092,PAY,D,US,2021-04-07,AFETR,2025-02-05,87.69,53.02,162,158,,,EA,IMP
STARLINK-2404,2021-027B,48093,PAY,+,US,2021-04-07,AFETR,,94.01,53.16,472,469,,,EA,ORB
STARLINK-2412,2021-027C,48094,PAY,+,US,2021-04-07,AFETR,,94.01,53.16,472,470,,,EA,ORB
STARLINK-2414,2021-027D,48095,PAY,+,US,2021-04-07,AFETR,,94.01,53.16,472,470,,,EA,ORB
STARLINK-2417,2021-027E,48096,PAY,+,US,2021-04-07,AFETR,,94.01,53.16,472,470,,,EA,ORB
STARLINK-2418,2021-027F,48097,PAY,+,US,2021-04-07,AFETR,,94.01,53.16,472,470,,,EA,ORB
STARLINK-2421,2021-027G,48098,PAY,+,US,2021-04-07,AFETR,,93.42,53.16,443,441,,,EA,ORB
STARLINK-2428,2021-027H,48099,PAY,+,US,2021-04-07,AFETR,,94.01,53.16,471,470,,,EA,ORB
STARLINK-2430,2021-027J,48100,PAY,+,US,2021-04-07,AFETR,,94.01,53.16,472,470,,,EA,ORB
STARLINK-2436,2021-027K,48101,PAY,+,US,2021-04-07,AFETR,,94.01,53.16,472,470,,,EA,ORB
STARLINK-2437,2021-027L,48102,PAY,D,US,2021-04-07,AFETR,2025-10-03,87.77,53.03,169,159,,,EA,IMP
STARLINK-2438,2021-027M,48103,PAY,D,US,2021-04-07,AFETR,2024-07-17,87.98,53.02,178,171,,,EA,IMP
STARLINK-2439,2021-027N,48104,PAY,+,US,2021-04-07,AFETR,,94.01,53.16,471,470,,,EA,ORB
STARLINK-2440,2021-027P,48105,PAY,+,US,2021-04-07,AFETR,,94.01,53.16,472,470,,,EA,ORB
STARLINK-2442,2021-027Q,48106,PAY,+,US,2021-04-07,AFETR,,94.01,53.16,471,470,,,EA,ORB
STARLINK-2443,2021-027R,48107,PAY,+,US,2021-04-07,AFETR,,94.01,53.16,472,470,,,EA,ORB
STARLINK-2444,2021-027S,48108,PAY,D,US,2021-04-07,AFETR,2024-06-24,88.11,53.02,186,177,,,EA,IMP
STARLINK-2445,2021-027T,48109,PAY,D,US,2021-04-07,AFETR,2024-03-27,88.23,53.03,189,184,,,EA,IMP
STARLINK-2447,2021-027U,48110,PAY,D,US,2021-04-07,AFETR,2025-03-30,88.31,53.04,197,184,,,EA,IMP
STARLINK-2448,2021-027V,48111,PAY,P,US,2021-04-07,AFETR,,92.85,53.15,415,413,,,EA,ORB
STARLINK-2449,2021-027W,48112,PAY,+,US,2021-04-07,AFETR,,94.01,53.16,472,470,,,EA,ORB
STARLINK-2450,2021-027X,48113,PAY,+,US,2021-04-07,AFETR,,94.01,53.16,472,470,,,EA,ORB
STARLINK-2451,2021-027Y,48114,PAY,D,US,2021-04-07,AFETR,2024-01-11,87.57,52.99,162,147,,,EA,IMP
STARLINK-2452,2021-027Z,48115,PAY,+,US,2021-04-07,AFETR,,94.01,53.16,472,470,,,EA,ORB
STARLINK-2454,2021-027AA,48116,PAY,+,US,2021-04-07,AFETR,,94.01,53.16,472,470,,,EA,ORB
STARLINK-2455,2021-027AB,48117,PAY,+,US,2021-04-07,AFETR,,94.01,53.16,471,470,,,EA,ORB
STARLINK-2458,2021-027AC,48118,PAY,D,US,2021-04-07,AFETR,2024-10-23,88.16,53.03,186,181,,,EA,IMP
STARLINK-2459,2021-027AD,48119,PAY,+,US,2021-04-07,AFETR,,94.01,53.16,471,470,,,EA,ORB
STARLINK-2460,2021-027AE,48120,PAY,P,US,2021-04-07,AFETR,,93.16,53.16,432,427,,,EA,ORB
STARLINK-2462,2021-027AF,48121,PAY,+,US,2021-04-07,AFETR,,94.01,53.16,472,470,,,EA,ORB
STARLINK-2463,2021-027AG,48122,PAY,D,US,2021-04-07,AFETR,2025-01-10,87.42,53.03,151,143,,,EA,IMP
STARLINK-2464,2021-027AH,48123,PAY,+,US,2021-04-07,AFETR,,94.01,53.16,471,470,,,EA,ORB
STARLINK-2465,2021-027AJ,48124,PAY,+,US,2021-04-07,AFETR,,94.01,53.16,472,470,,,EA,ORB
STARLINK-2466,2021-027AK,48125,PAY,+,US,2021-04-07,AFETR,,94.01,53.16,471,470,,,EA,ORB
STARLINK-2467,2021-027AL,48126,PAY,+,US,2021-04-07,AFETR,,94.01,53.16,472,470,,,EA,ORB
STARLINK-2468,2021-027AM,48127,PAY,+,US,2021-04-07,AFETR,,94.01,53.16,472,470,,,EA,ORB
STARLINK-2469,2021-027AN,48128,PAY,+,US,2021-04-07,AFETR,,93.50,53.10,447,445,,,EA,ORB
STARLINK-2471,2021-027AP,48129,PAY,+,US,2021-04-07,AFETR,,94.01,53.16,471,470,,,EA,ORB
STARLINK-2472,2021-027AQ,48130,PAY,+,US,2021-04-07,AFETR,,94.01,53.16,472,470,,,EA,ORB
STARLINK-2473,2021-027AR,48131,PAY,+,US,2021-04-07,AFETR,,94.01,53.16,471,470,,,EA,ORB
STARLINK-2474,2021-027AS,48132,PAY,+,US,2021-04-07,AFETR,,94.01,53.16,472,470,,,EA,ORB
STARLINK-2475,2021-027AT,48133,PAY,+,US,2021-04-07,AFETR,,94.01,53.16,472,470,,,EA,ORB
STARLINK-2476,2021-027AU,48134,PAY,+,US,2021-04-07,AFETR,,94.01,53.16,472,470,,,EA,ORB
STARLINK-2478,2021-027AV,48135,PAY,+,US,2021-04-07,AFETR,,94.01,53.16,472,470,,,EA,ORB
STARLINK-2479,2021-027AW,48136,PAY,+,US,2021-04-07,AFETR,,94.01,53.16,471,470,,,EA,ORB
STARLINK-2480,2021-027AX,48137,PAY,+,US,2021-04-07,AFETR,,94.01,53.16,471,470,,,EA,ORB
STARLINK-2481,2021-027AY,48138,PAY,+,US,2021-04-07,AFETR,,94.01,53.16,472,470,,,EA,ORB
STARLINK-2482,2021-027AZ,48139,PAY,+,US,2021-04-07,AFETR,,94.01,53.16,472,470,,,EA,ORB
STARLINK-2483,2021-027BA,48140,PAY,+,US,2021-04-07,AFETR,,94.01,53.16,472,470,,,EA,ORB
STARLINK-2484,2021-027BB,48141,PAY,D,US,2021-04-07,AFETR,2025-02-17,87.61,53.02,165,147,,,EA,IMP
STARLINK-2485,2021-027BC,48142,PAY,+,US,2021-04-07,AFETR,,94.01,53.16,472,470,,,EA,ORB
STARLINK-2486,2021-027BD,48143,PAY,P,US,2021-04-07,AFETR,,93.16,53.15,430,429,,,EA,ORB
STARLINK-2487,2021-027BE,48144,PAY,+,US,2021-04-07,AFETR,,94.01,53.16,471,470,,,EA,ORB
STARLINK-2488,2021-027BF,48145,PAY,D,US,2021-04-07,AFETR,2026-03-26,87.74,53.02,166,160,,,EA,IMP
STARLINK-2489,2021-027BG,48146,PAY,D,US,2021-04-07,AFETR,2024-06-08,88.11,53.03,184,178,,,EA,IMP
STARLINK-2490,2021-027BH,48147,PAY,D,US,2021-04-07,AFETR,2024-08-12,90.57,53.04,311,295,,,EA,IMP
STARLINK-2491,2021-027BJ,48148,PAY,+,US,2021-04-07,AFETR,,94.01,53.16,472,470,,,EA,ORB
STARLINK-2492,2021-027BK,48149,PAY,+,US,2021-04-07,AFETR,,94.01,53.16,472,469,,,EA,ORB
STARLINK-2493,2021-027BL,48150,PAY,+,US,2021-04-07,AFETR,,94.01,53.16,472,470,,,EA,ORB
STARLINK-2503,2021-027BM,48151,PAY,+,US,2021-04-07,AFETR,,94.01,53.16,472,470,,,EA,ORB
FALCON 9 DEB,2021-027BN,48152,DEB,D,US,2021-04-07,AFETR,2021-05-03,87.71,53.03,166,156,,,EA,IMP
FALCON 9 DEB,2021-027BP,48153,DEB,D,US,2021-04-07,AFETR,2021-05-04,87.59,53.04,159,151,,,EA,IMP
FALCON 9 DEB,2021-027BQ,48154,DEB,D,US,2021-04-07,AFETR,2021-05-02,87.49,53.03,155,145,,,EA,IMP
FALCON 9 DEB,2021-027BR,48155,DEB,D,US,2021-04-07,AFETR,2021-04-30,87.79,53.04,170,161,,,EA,IMP
SHIYAN-6 03 (SY-6 03),2021-028A,48157,PAY,+,PRC,2021-04-08,TAISC,,104.53,99.53,1006,939,,,EA,ORB
CZ-4B R/B,2021-028B,48158,R/B,,PRC,2021-04-08,TAISC,,102.46,99.49,991,759,,,EA,ORB
SOYUZ-MS 18,2021-029A,48159,PAY,D,CIS,2021-04-09,TYMSC,2021-10-17,92.98,51.64,423,418,,,EA,LAN
SL-4 R/B,2021-029B,48160,R/B,D,CIS,2021-04-09,TYMSC,2021-04-13,87.72,51.64,165,158,,,EA,IMP
CREW DRAGON 2,2021-030A,48209,PAY,D,US,2021-04-23,AFETR,2021-11-09,93.00,51.58,426,417,,,EA,IMP
ONEWEB-0176,2021-031A,48210,PAY,+,UK,2021-04-25,VOSTO,,109.54,87.89,1207,1204,,,EA,ORB
ONEWEB-0184,2021-031B,48211,PAY,+,UK,2021-04-25,VOSTO,,109.55,87.89,1208,1204,,,EA,ORB
ONEWEB-0179,2021-031C,48212,PAY,+,UK,2021-04-25,VOSTO,,98.78,87.90,950,451,,,EA,ORB
ONEWEB-0180,2021-031D,48213,PAY,+,UK,2021-04-25,VOSTO,,109.55,87.89,1207,1205,,,EA,ORB
ONEWEB-0218,2021-031E,48214,PAY,+,UK,2021-04-25,VOSTO,,109.54,87.89,1207,1203,,,EA,ORB
ONEWEB-0209,2021-031F,48215,PAY,+,UK,2021-04-25,VOSTO,,109.55,87.89,1207,1204,,,EA,ORB
ONEWEB-0198,2021-031G,48216,PAY,+,UK,2021-04-25,VOSTO,,109.55,87.89,1207,1204,,,EA,ORB
ONEWEB-0189,2021-031H,48217,PAY,+,UK,2021-04-25,VOSTO,,109.54,87.89,1207,1204,,,EA,ORB
ONEWEB-0196,2021-031J,48218,PAY,+,UK,2021-04-25,VOSTO,,109.56,87.89,1208,1204,,,EA,ORB
ONEWEB-0183,2021-031K,48219,PAY,+,UK,2021-04-25,VOSTO,,109.55,87.89,1207,1204,,,EA,ORB
ONEWEB-0185,2021-031L,48220,PAY,+,UK,2021-04-25,VOSTO,,109.55,87.89,1207,1205,,,EA,ORB
ONEWEB-0187,2021-031M,48221,PAY,+,UK,2021-04-25,VOSTO,,109.55,87.89,1207,1204,,,EA,ORB
ONEWEB-0192,2021-031N,48222,PAY,+,UK,2021-04-25,VOSTO,,109.55,87.89,1207,1204,,,EA,ORB
ONEWEB-0219,2021-031P,48223,PAY,+,UK,2021-04-25,VOSTO,,109.55,87.89,1207,1204,,,EA,ORB
ONEWEB-0202,2021-031Q,48224,PAY,+,UK,2021-04-25,VOSTO,,109.55,87.89,1208,1204,,,EA,ORB
ONEWEB-0204,2021-031R,48225,PAY,+,UK,2021-04-25,VOSTO,,109.54,87.89,1207,1204,,,EA,ORB
ONEWEB-0205,2021-031S,48226,PAY,+,UK,2021-04-25,VOSTO,,109.55,87.89,1207,1205,,,EA,ORB
ONEWEB-0206,2021-031T,48227,PAY,+,UK,2021-04-25,VOSTO,,109.54,87.89,1207,1204,,,EA,ORB
ONEWEB-0182,2021-031U,48228,PAY,+,UK,2021-04-25,VOSTO,,109.54,87.89,1207,1204,,,EA,ORB
ONEWEB-0186,2021-031V,48229,PAY,+,UK,2021-04-25,VOSTO,,109.55,87.89,1207,1204,,,EA,ORB
ONEWEB-0181,2021-031W,48230,PAY,+,UK,2021-04-25,VOSTO,,109.55,87.89,1207,1204,,,EA,ORB
ONEWEB-0188,2021-031X,48231,PAY,+,UK,2021-04-25,VOSTO,,109.55,87.89,1208,1204,,,EA,ORB
ONEWEB-0220,2021-031Y,48232,PAY,+,UK,2021-04-25,VOSTO,,109.54,87.89,1207,1204,,,EA,ORB
ONEWEB-0165,2021-031Z,48233,PAY,+,UK,2021-04-25,VOSTO,,109.55,87.89,1208,1204,,,EA,ORB
ONEWEB-0199,2021-031AA,48234,PAY,+,UK,2021-04-25,VOSTO,,109.54,87.89,1207,1204,,,EA,ORB
ONEWEB-0203,2021-031AB,48235,PAY,+,UK,2021-04-25,VOSTO,,109.54,87.89,1207,1204,,,EA,ORB
ONEWEB-0197,2021-031AC,48236,PAY,+,UK,2021-04-25,VOSTO,,109.55,87.89,1207,1205,,,EA,ORB
ONEWEB-0194,2021-031AD,48237,PAY,+,UK,2021-04-25,VOSTO,,109.55,87.89,1208,1204,,,EA,ORB
ONEWEB-0193,2021-031AE,48238,PAY,+,UK,2021-04-25,VOSTO,,109.55,87.89,1208,1204,,,EA,ORB
ONEWEB-0191,2021-031AF,48239,PAY,+,UK,2021-04-25,VOSTO,,109.55,87.89,1207,1205,,,EA,ORB
ONEWEB-0195,2021-031AG,48240,PAY,+,UK,2021-04-25,VOSTO,,109.55,87.89,1208,1204,,,EA,ORB
ONEWEB-0201,2021-031AH,48241,PAY,+,UK,2021-04-25,VOSTO,,109.55,87.89,1207,1205,,,EA,ORB
ONEWEB-0207,2021-031AJ,48242,PAY,+,UK,2021-04-25,VOSTO,,109.54,87.89,1207,1204,,,EA,ORB
ONEWEB-0208,2021-031AK,48243,PAY,+,UK,2021-04-25,VOSTO,,109.54,87.89,1207,1204,,,EA,ORB
ONEWEB-0200,2021-031AL,48244,PAY,+,UK,2021-04-25,VOSTO,,109.55,87.89,1207,1205,,,EA,ORB
ONEWEB-0217,2021-031AM,48245,PAY,+,UK,2021-04-25,VOSTO,,109.56,87.89,1208,1204,,,EA,ORB
USA 314,2021-032A,48247,PAY,+,US,2021-04-26,AFWTR,,97.88,98.04,770,550,,NEA,EA,ORB
OBJECT A,2021-033A,48248,UNK,D,PRC,2021-04-27,TAISC,2024-08-09,90.00,97.26,280,269,,,EA,IMP
OBJECT B,2021-033B,48249,UNK,D,PRC,2021-04-27,TAISC,2023-07-10,87.44,97.27,158,138,,,EA,IMP
OBJECT C,2021-033C,48250,UNK,D,PRC,2021-04-27,TAISC,2024-02-09,155.83,7.24,6074,355,,,EA,IMP
OBJECT D,2021-033D,48251,UNK,D,PRC,2021-04-27,TAISC,2024-08-03,89.96,97.25,280,265,,,EA,IMP
OBJECT E,2021-033E,48252,UNK,D,PRC,2021-04-27,TAISC,2024-12-22,87.48,97.21,156,144,,,EA,IMP
OBJECT F,2021-033F,48253,UNK,D,PRC,2021-04-27,TAISC,2024-10-30,87.25,97.23,144,132,,,EA,IMP
OBJECT G,2021-033G,48254,UNK,D,PRC,2021-04-27,TAISC,2023-12-07,87.54,97.26,159,147,,,EA,IMP
OBJECT H,2021-033H,48255,UNK,D,PRC,2021-04-27,TAISC,2023-11-26,87.95,97.29,181,165,,,EA,IMP
OBJECT J,2021-033J,48256,UNK,D,PRC,2021-04-27,TAISC,2023-07-12,87.50,97.27,161,141,,,EA,IMP
OBJECT K,2021-033K,48257,UNK,D,PRC,2021-04-27,TAISC,2024-02-09,87.20,97.21,144,128,,,EA,IMP
PLEIADES NEO 3,2021-034A,48268,PAY,+,FR,2021-04-29,FRGUI,,97.19,97.89,625,623,,,EA,ORB
LEMUR-2-AMANDA-SVANTE,2021-034B,48269,PAY,+,US,2021-04-29,FRGUI,,93.62,97.57,454,450,,,EA,ORB
AII-BRAVO,2021-034C,48270,PAY,+,LTU,2021-04-29,FRGUI,,95.75,97.56,559,550,,,EA,ORB
TYVAK-182A,2021-034D,48271,PAY,+,IT,2021-04-29,FRGUI,,95.57,97.57,552,541,,,EA,ORB
NORSAT 3,2021-034E,48272,PAY,+,NOR,2021-04-29,FRGUI,,95.63,97.53,556,543,,,EA,ORB
LEMUR-2-SPECIAL-K,2021-034F,48273,PAY,+,US,2021-04-29,FRGUI,,89.07,97.55,238,219,,,EA,ORB
CSS (TIANHE),2021-035A,48274,PAY,+,PRC,2021-04-29,WSC,,92.36,41.47,391,389,,,EA,ORB
CZ-5B R/B,2021-035B,48275,R/B,D,PRC,2021-04-29,WSC,2021-05-09,87.57,41.46,173,135,,,EA,IMP
STARLINK-2567,2021-036A,48276,PAY,+,US,2021-04-29,AFETR,,94.01,53.16,471,470,,,EA,ORB
STARLINK-2569,2021-036B,48277,PAY,+,US,2021-04-29,AFETR,,93.69,53.12,457,453,,,EA,ORB
STARLINK-2543,2021-036C,48278,PAY,+,US,2021-04-29,AFETR,,94.01,53.16,471,470,,,EA,ORB
STARLINK-2580,2021-036D,48279,PAY,D,US,2021-04-29,AFETR,2025-04-17,88.15,53.04,187,179,,,EA,IMP
STARLINK-2565,2021-036E,48280,PAY,+,US,2021-04-29,AFETR,,94.01,53.16,472,470,,,EA,ORB
STARLINK-2520,2021-036F,48281,PAY,D,US,2021-04-29,AFETR,2025-01-19,88.12,53.04,187,176,,,EA,IMP
STARLINK-2558,2021-036G,48282,PAY,+,US,2021-04-29,AFETR,,94.01,53.16,472,470,,,EA,ORB
STARLINK-2516,2021-036H,48283,PAY,+,US,2021-04-29,AFETR,,94.01,53.16,472,470,,,EA,ORB
STARLINK-2564,2021-036J,48284,PAY,+,US,2021-04-29,AFETR,,94.01,53.16,472,470,,,EA,ORB
STARLINK-2548,2021-036K,48285,PAY,D,US,2021-04-29,AFETR,2024-05-25,88.28,53.04,192,187,,,EA,IMP
STARLINK-2547,2021-036L,48286,PAY,+,US,2021-04-29,AFETR,,94.01,53.16,471,470,,,EA,ORB
STARLINK-2566,2021-036M,48287,PAY,+,US,2021-04-29,AFETR,,94.01,53.16,471,470,,,EA,ORB
STARLINK-2562,2021-036N,48288,PAY,D,US,2021-04-29,AFETR,2025-09-29,87.85,53.03,173,163,,,EA,IMP
STARLINK-2545,2021-036P,48289,PAY,+,US,2021-04-29,AFETR,,94.01,53.16,471,470,,,EA,ORB
STARLINK-2540,2021-036Q,48290,PAY,D,US,2021-04-29,AFETR,2026-01-13,87.50,53.03,153,148,,,EA,IMP
STARLINK-2555,2021-036R,48291,PAY,+,US,2021-04-29,AFETR,,94.01,53.16,472,470,,,EA,ORB
STARLINK-2542,2021-036S,48292,PAY,+,US,2021-04-29,AFETR,,94.01,53.16,472,470,,,EA,ORB
STARLINK-2550,2021-036T,48293,PAY,+,US,2021-04-29,AFETR,,94.01,53.16,471,470,,,EA,ORB
STARLINK-2533,2021-036U,48294,PAY,+,US,2021-04-29,AFETR,,94.01,53.16,471,470,,,EA,ORB
STARLINK-2535,2021-036V,48295,PAY,+,US,2021-04-29,AFETR,,94.01,53.16,471,470,,,EA,ORB
STARLINK-2546,2021-036W,48296,PAY,D,US,2021-04-29,AFETR,2025-01-08,88.10,53.05,184,177,,,EA,IMP
STARLINK-2544,2021-036X,48297,PAY,D,US,2021-04-29,AFETR,2024-05-22,88.35,53.04,196,190,,,EA,IMP
STARLINK-2559,2021-036Y,48298,PAY,P,US,2021-04-29,AFETR,,93.45,53.16,445,441,,,EA,ORB
STARLINK-2557,2021-036Z,48299,PAY,+,US,2021-04-29,AFETR,,94.01,53.16,471,470,,,EA,ORB
STARLINK-2538,2021-036AA,48300,PAY,+,US,2021-04-29,AFETR,,94.01,53.16,471,470,,,EA,ORB
STARLINK-2537,2021-036AB,48301,PAY,+,US,2021-04-29,AFETR,,94.01,53.16,471,470,,,EA,ORB
STARLINK-2556,2021-036AC,48302,PAY,D,US,2021-04-29,AFETR,2024-12-20,87.32,53.02,145,138,,,EA,IMP
STARLINK-2530,2021-036AD,48303,PAY,+,US,2021-04-29,AFETR,,94.01,53.16,472,470,,,EA,ORB
STARLINK-2524,2021-036AE,48304,PAY,+,US,2021-04-29,AFETR,,94.01,53.16,472,470,,,EA,ORB
STARLINK-2519,2021-036AF,48305,PAY,+,US,2021-04-29,AFETR,,94.01,53.16,472,470,,,EA,ORB
STARLINK-2523,2021-036AG,48306,PAY,+,US,2021-04-29,AFETR,,94.01,53.16,472,470,,,EA,ORB
STARLINK-2528,2021-036AH,48307,PAY,D,US,2021-04-29,AFETR,2024-07-21,87.82,53.03,168,165,,,EA,IMP
STARLINK-2532,2021-036AJ,48308,PAY,D,US,2021-04-29,AFETR,2024-05-15,87.84,53.03,169,166,,,EA,IMP
STARLINK-2517,2021-036AK,48309,PAY,+,US,2021-04-29,AFETR,,94.01,53.16,471,470,,,EA,ORB
STARLINK-2536,2021-036AL,48310,PAY,+,US,2021-04-29,AFETR,,94.01,53.16,472,470,,,EA,ORB
STARLINK-2534,2021-036AM,48311,PAY,+,US,2021-04-29,AFETR,,94.01,53.16,472,470,,,EA,ORB
STARLINK-2061,2021-036AN,48312,PAY,+,US,2021-04-29,AFETR,,94.01,53.16,472,470,,,EA,ORB
STARLINK-2541,2021-036AP,48313,PAY,D,US,2021-04-29,AFETR,2025-01-08,88.23,53.04,190,184,,,EA,IMP
STARLINK-2549,2021-036AQ,48314,PAY,+,US,2021-04-29,AFETR,,94.01,53.16,472,470,,,EA,ORB
STARLINK-2506,2021-036AR,48315,PAY,+,US,2021-04-29,AFETR,,94.01,53.16,472,470,,,EA,ORB
STARLINK-2507,2021-036AS,48316,PAY,+,US,2021-04-29,AFETR,,94.01,53.16,471,470,,,EA,ORB
STARLINK-2513,2021-036AT,48317,PAY,+,US,2021-04-29,AFETR,,94.01,53.16,471,470,,,EA,ORB
STARLINK-2509,2021-036AU,48318,PAY,+,US,2021-04-29,AFETR,,94.01,53.16,471,470,,,EA,ORB
STARLINK-2512,2021-036AV,48319,PAY,+,US,2021-04-29,AFETR,,94.01,53.16,471,470,,,EA,ORB
STARLINK-2029,2021-036AW,48320,PAY,+,US,2021-04-29,AFETR,,94.01,53.16,472,470,,,EA,ORB
STARLINK-2457,2021-036AX,48321,PAY,+,US,2021-04-29,AFETR,,94.01,53.16,472,470,,,EA,ORB
STARLINK-2477,2021-036AY,48322,PAY,D,US,2021-04-29,AFETR,2025-01-08,88.01,53.04,179,174,,,EA,IMP
STARLINK-2515,2021-036AZ,48323,PAY,+,US,2021-04-29,AFETR,,94.01,53.16,471,470,,,EA,ORB
STARLINK-2527,2021-036BA,48324,PAY,D,US,2021-04-29,AFETR,2024-05-14,88.42,53.05,198,194,,,EA,IMP
STARLINK-2495,2021-036BB,48325,PAY,+,US,2021-04-29,AFETR,,94.01,53.16,472,470,,,EA,ORB
STARLINK-2498,2021-036BC,48326,PAY,+,US,2021-04-29,AFETR,,94.01,53.16,471,470,,,EA,ORB
STARLINK-2502,2021-036BD,48327,PAY,+,US,2021-04-29,AFETR,,94.01,53.16,471,470,,,EA,ORB
STARLINK-2504,2021-036BE,48328,PAY,+,US,2021-04-29,AFETR,,94.01,53.16,472,470,,,EA,ORB
STARLINK-2510,2021-036BF,48329,PAY,+,US,2021-04-29,AFETR,,94.01,53.16,472,470,,,EA,ORB
STARLINK-2501,2021-036BG,48330,PAY,+,US,2021-04-29,AFETR,,94.01,53.16,471,470,,,EA,ORB
STARLINK-2514,2021-036BH,48331,PAY,P,US,2021-04-29,AFETR,,93.61,53.16,454,448,,,EA,ORB
STARLINK-2511,2021-036BJ,48332,PAY,D,US,2021-04-29,AFETR,2026-01-12,87.86,53.03,170,167,,,EA,IMP
STARLINK-2518,2021-036BK,48333,PAY,+,US,2021-04-29,AFETR,,94.01,53.16,471,470,,,EA,ORB
STARLINK-2470,2021-036BL,48334,PAY,+,US,2021-04-29,AFETR,,94.01,53.16,472,470,,,EA,ORB
STARLINK-2441,2021-036BM,48335,PAY,D,US,2021-04-29,AFETR,2025-01-07,87.71,53.00,162,161,,,EA,IMP
FALCON 9 DEB,2021-036BN,48336,DEB,D,US,2021-04-29,AFETR,2021-06-02,87.42,53.04,152,141,,,EA,IMP
FALCON 9 DEB,2021-036BP,48337,DEB,D,US,2021-04-29,AFETR,2021-06-02,87.62,53.05,162,151,,,EA,IMP
FALCON 9 DEB,2021-036BQ,48338,DEB,D,US,2021-04-29,AFETR,2021-06-02,87.37,53.03,149,139,,,EA,IMP
FALCON 9 DEB,2021-036BR,48339,DEB,D,US,2021-04-29,AFETR,2021-05-24,87.46,53.04,153,145,,,EA,IMP
YAOGAN-34 01,2021-037A,48340,PAY,+,PRC,2021-04-30,JSC,,107.03,63.41,1124,1055,,,EA,ORB
CZ-4C R/B,2021-037B,48341,R/B,,PRC,2021-04-30,JSC,,105.90,63.44,1215,859,,,EA,ORB
STARLINK-2613,2021-038A,48353,PAY,+,US,2021-05-04,AFETR,,94.01,53.16,471,470,,,EA,ORB
STARLINK-2674,2021-038B,48354,PAY,+,US,2021-05-04,AFETR,,94.01,53.16,471,470,,,EA,ORB
STARLINK-2635,2021-038C,48355,PAY,+,US,2021-05-04,AFETR,,94.01,53.16,471,470,,,EA,ORB
STARLINK-2637,2021-038D,48356,PAY,+,US,2021-05-04,AFETR,,94.01,53.16,471,470,,,EA,ORB
STARLINK-2636,2021-038E,48357,PAY,+,US,2021-05-04,AFETR,,94.01,53.16,471,470,,,EA,ORB
STARLINK-2624,2021-038F,48358,PAY,+,US,2021-05-04,AFETR,,94.01,53.16,471,470,,,EA,ORB
STARLINK-2628,2021-038G,48359,PAY,+,US,2021-05-04,AFETR,,94.01,53.16,471,470,,,EA,ORB
STARLINK-2622,2021-038H,48360,PAY,+,US,2021-05-04,AFETR,,94.01,53.16,472,470,,,EA,ORB
STARLINK-2591,2021-038J,48361,PAY,+,US,2021-05-04,AFETR,,94.01,53.16,471,470,,,EA,ORB
STARLINK-2578,2021-038K,48362,PAY,+,US,2021-05-04,AFETR,,94.01,53.16,472,470,,,EA,ORB
STARLINK-2626,2021-038L,48363,PAY,D,US,2021-05-04,AFETR,2026-01-03,87.83,53.02,172,162,,,EA,IMP
STARLINK-2611,2021-038M,48364,PAY,+,US,2021-05-04,AFETR,,94.01,53.16,472,469,,,EA,ORB
STARLINK-2608,2021-038N,48365,PAY,+,US,2021-05-04,AFETR,,94.01,53.16,472,470,,,EA,ORB
STARLINK-2631,2021-038P,48366,PAY,D,US,2021-05-04,AFETR,2025-08-19,87.77,53.03,169,159,,,EA,IMP
STARLINK-2643,2021-038Q,48367,PAY,+,US,2021-05-04,AFETR,,94.01,53.16,471,470,,,EA,ORB
STARLINK-2623,2021-038R,48368,PAY,+,US,2021-05-04,AFETR,,94.01,53.16,471,470,,,EA,ORB
STARLINK-2641,2021-038S,48369,PAY,D,US,2021-05-04,AFETR,2025-04-07,87.57,53.05,157,151,,,EA,IMP
STARLINK-2621,2021-038T,48370,PAY,+,US,2021-05-04,AFETR,,94.01,53.16,472,470,,,EA,ORB
STARLINK-2589,2021-038U,48371,PAY,+,US,2021-05-04,AFETR,,94.01,53.16,472,470,,,EA,ORB
STARLINK-2572,2021-038V,48372,PAY,D,US,2021-05-04,AFETR,2024-08-29,89.78,53.04,271,256,,,EA,IMP
STARLINK-2609,2021-038W,48373,PAY,+,US,2021-05-04,AFETR,,94.01,53.16,471,470,,,EA,ORB
STARLINK-2604,2021-038X,48374,PAY,+,US,2021-05-04,AFETR,,94.01,53.16,471,470,,,EA,ORB
STARLINK-2603,2021-038Y,48375,PAY,+,US,2021-05-04,AFETR,,94.01,53.16,471,470,,,EA,ORB
STARLINK-2610,2021-038Z,48376,PAY,P,US,2021-05-04,AFETR,,91.12,53.15,335,324,,,EA,ORB
STARLINK-2499,2021-038AA,48377,PAY,+,US,2021-05-04,AFETR,,94.01,53.16,471,470,,,EA,ORB
STARLINK-2526,2021-038AB,48378,PAY,+,US,2021-05-04,AFETR,,94.02,53.16,472,470,,,EA,ORB
STARLINK-2612,2021-038AC,48379,PAY,+,US,2021-05-04,AFETR,,94.01,53.16,471,470,,,EA,ORB
STARLINK-2614,2021-038AD,48380,PAY,+,US,2021-05-04,AFETR,,94.01,53.16,471,470,,,EA,ORB
STARLINK-2630,2021-038AE,48381,PAY,+,US,2021-05-04,AFETR,,94.01,53.16,471,470,,,EA,ORB
STARLINK-2585,2021-038AF,48382,PAY,+,US,2021-05-04,AFETR,,94.01,53.16,472,470,,,EA,ORB
STARLINK-2599,2021-038AG,48383,PAY,D,US,2021-05-04,AFETR,2024-08-07,90.27,53.04,294,282,,,EA,IMP
STARLINK-2601,2021-038AH,48384,PAY,D,US,2021-05-04,AFETR,2024-05-12,88.25,53.04,192,184,,,EA,IMP
STARLINK-2598,2021-038AJ,48385,PAY,+,US,2021-05-04,AFETR,,94.01,53.16,471,470,,,EA,ORB
STARLINK-2606,2021-038AK,48386,PAY,+,US,2021-05-04,AFETR,,94.01,53.16,472,470,,,EA,ORB
STARLINK-2600,2021-038AL,48387,PAY,D,US,2021-05-04,AFETR,2024-12-07,87.93,53.03,175,169,,,EA,IMP
STARLINK-2594,2021-038AM,48388,PAY,+,US,2021-05-04,AFETR,,94.01,53.16,471,470,,,EA,ORB
STARLINK-1904,2021-038AN,48389,PAY,D,US,2021-05-04,AFETR,2024-08-29,89.82,53.05,266,265,,,EA,IMP
STARLINK-2586,2021-038AP,48390,PAY,+,US,2021-05-04,AFETR,,94.01,53.16,471,470,,,EA,ORB
STARLINK-2607,2021-038AQ,48391,PAY,+,US,2021-05-04,AFETR,,94.01,53.16,471,470,,,EA,ORB
STARLINK-2605,2021-038AR,48392,PAY,+,US,2021-05-04,AFETR,,94.01,53.16,471,470,,,EA,ORB
STARLINK-2602,2021-038AS,48393,PAY,D,US,2021-05-04,AFETR,2025-02-03,87.82,53.05,170,163,,,EA,IMP
STARLINK-2573,2021-038AT,48394,PAY,D,US,2021-05-04,AFETR,2025-01-08,88.27,53.04,192,185,,,EA,IMP
STARLINK-2574,2021-038AU,48395,PAY,+,US,2021-05-04,AFETR,,94.01,53.16,471,470,,,EA,ORB
STARLINK-2575,2021-038AV,48396,PAY,+,US,2021-05-04,AFETR,,94.01,53.16,471,470,,,EA,ORB
STARLINK-2590,2021-038AW,48397,PAY,+,US,2021-05-04,AFETR,,94.01,53.16,472,470,,,EA,ORB
STARLINK-2588,2021-038AX,48398,PAY,+,US,2021-05-04,AFETR,,94.48,53.05,497,491,,,EA,ORB
STARLINK-2587,2021-038AY,48399,PAY,+,US,2021-05-04,AFETR,,94.01,53.16,472,470,,,EA,ORB
STARLINK-2576,2021-038AZ,48400,PAY,+,US,2021-05-04,AFETR,,94.01,53.16,471,470,,,EA,ORB
STARLINK-2571,2021-038BA,48401,PAY,+,US,2021-05-04,AFETR,,94.01,53.16,472,470,,,EA,ORB
STARLINK-2560,2021-038BB,48402,PAY,D,US,2021-05-04,AFETR,2024-08-30,89.56,53.04,258,248,,,EA,IMP
STARLINK-2561,2021-038BC,48403,PAY,D,US,2021-05-04,AFETR,2025-03-24,87.95,53.03,174,173,,,EA,IMP
STARLINK-2593,2021-038BD,48404,PAY,+,US,2021-05-04,AFETR,,94.01,53.16,472,470,,,EA,ORB
STARLINK-2570,2021-038BE,48405,PAY,+,US,2021-05-04,AFETR,,94.01,53.16,471,470,,,EA,ORB
STARLINK-2568,2021-038BF,48406,PAY,+,US,2021-05-04,AFETR,,93.99,53.16,471,469,,,EA,ORB
STARLINK-2595,2021-038BG,48407,PAY,D,US,2021-05-04,AFETR,2025-12-31,88.27,53.01,195,183,,,EA,IMP
STARLINK-2592,2021-038BH,48408,PAY,+,US,2021-05-04,AFETR,,94.01,53.16,471,470,,,EA,ORB
STARLINK-2596,2021-038BJ,48409,PAY,D,US,2021-05-04,AFETR,2024-08-26,92.63,53.05,404,403,,,EA,IMP
STARLINK-2563,2021-038BK,48410,PAY,+,US,2021-05-04,AFETR,,94.01,53.16,472,470,,,EA,ORB
STARLINK-2505,2021-038BL,48411,PAY,+,US,2021-05-04,AFETR,,94.01,53.16,472,470,,,EA,ORB
STARLINK-2581,2021-038BM,48412,PAY,+,US,2021-05-04,AFETR,,94.01,53.16,471,470,,,EA,ORB
FALCON 9 DEB,2021-038BN,48413,DEB,D,US,2021-05-04,AFETR,2021-06-06,87.28,53.04,144,135,,,EA,IMP
FALCON 9 DEB,2021-038BP,48414,DEB,D,US,2021-05-04,AFETR,2021-06-06,87.19,53.04,138,132,,,EA,IMP
FALCON 9 DEB,2021-038BQ,48415,DEB,D,US,2021-05-04,AFETR,2021-06-04,87.36,53.03,149,138,,,EA,IMP
FALCON 9 DEB,2021-038BR,48416,DEB,D,US,2021-05-04,AFETR,2021-06-02,87.70,53.03,168,153,,,EA,IMP
YAOGAN-30 09A,2021-039A,48423,PAY,+,PRC,2021-05-06,XICLF,,95.82,35.00,561,555,,,EA,ORB
YAOGAN-30 09B,2021-039B,48424,PAY,+,PRC,2021-05-06,XICLF,,95.81,35.00,561,555,,,EA,ORB
YAOGAN-30 09C,2021-039C,48425,PAY,+,PRC,2021-05-06,XICLF,,95.81,35.00,559,556,,,EA,ORB
TIANQI-12,2021-039D,48426,PAY,+,PRC,2021-05-06,XICLF,,95.20,35.00,531,525,,,EA,ORB
CZ-2C R/B,2021-039E,48427,R/B,,PRC,2021-05-06,XICLF,,90.30,34.97,299,280,,,EA,ORB
STARLINK-2461,2021-040A,48428,PAY,+,US,2021-05-09,AFETR,,94.01,53.16,472,470,,,EA,ORB
STARLINK-2749,2021-040B,48429,PAY,D,US,2021-05-09,AFETR,2025-01-10,88.26,53.03,190,187,,,EA,IMP
STARLINK-2729,2021-040C,48430,PAY,D,US,2021-05-09,AFETR,2024-05-15,87.70,53.07,178,143,,,EA,IMP
STARLINK-2700,2021-040D,48431,PAY,+,US,2021-05-09,AFETR,,94.01,53.16,472,470,,,EA,ORB
STARLINK-2680,2021-040E,48432,PAY,+,US,2021-05-09,AFETR,,94.01,53.16,472,470,,,EA,ORB
STARLINK-2699,2021-040F,48433,PAY,+,US,2021-05-09,AFETR,,94.01,53.16,472,470,,,EA,ORB
STARLINK-2692,2021-040G,48434,PAY,+,US,2021-05-09,AFETR,,94.01,53.16,472,470,,,EA,ORB
STARLINK-2633,2021-040H,48435,PAY,+,US,2021-05-09,AFETR,,94.01,53.16,471,470,,,EA,ORB
STARLINK-2639,2021-040J,48436,PAY,+,US,2021-05-09,AFETR,,94.01,53.16,472,470,,,EA,ORB
STARLINK-2642,2021-040K,48437,PAY,+,US,2021-05-09,AFETR,,94.01,53.16,472,470,,,EA,ORB
STARLINK-2640,2021-040L,48438,PAY,+,US,2021-05-09,AFETR,,94.01,53.16,472,470,,,EA,ORB
STARLINK-2583,2021-040M,48439,PAY,+,US,2021-05-09,AFETR,,94.01,53.16,472,470,,,EA,ORB
STARLINK-2682,2021-040N,48440,PAY,+,US,2021-05-09,AFETR,,94.01,53.16,472,470,,,EA,ORB
STARLINK-2702,2021-040P,48441,PAY,+,US,2021-05-09,AFETR,,94.01,53.16,472,470,,,EA,ORB
STARLINK-2644,2021-040Q,48442,PAY,P,US,2021-05-09,AFETR,,91.63,53.16,356,354,,,EA,ORB
STARLINK-2663,2021-040R,48443,PAY,+,US,2021-05-09,AFETR,,94.01,53.16,472,470,,,EA,ORB
STARLINK-2645,2021-040S,48444,PAY,+,US,2021-05-09,AFETR,,94.01,53.16,472,470,,,EA,ORB
STARLINK-2634,2021-040T,48445,PAY,+,US,2021-05-09,AFETR,,94.01,53.16,472,470,,,EA,ORB
STARLINK-2247,2021-040U,48446,PAY,D,US,2021-05-09,AFETR,2024-09-14,88.82,53.04,219,213,,,EA,IMP
STARLINK-2269,2021-040V,48447,PAY,D,US,2021-05-09,AFETR,2024-05-16,87.77,53.04,167,160,,,EA,IMP
STARLINK-2632,2021-040W,48448,PAY,D,US,2021-05-09,AFETR,2024-08-14,90.59,53.04,312,295,,,EA,IMP
STARLINK-2655,2021-040X,48449,PAY,+,US,2021-05-09,AFETR,,94.01,53.16,472,470,,,EA,ORB
STARLINK-2660,2021-040Y,48450,PAY,D,US,2021-05-09,AFETR,2025-12-21,87.36,53.03,147,140,,,EA,IMP
STARLINK-2652,2021-040Z,48451,PAY,D,US,2021-05-09,AFETR,2024-08-17,90.91,53.04,327,312,,,EA,IMP
STARLINK-2703,2021-040AA,48452,PAY,+,US,2021-05-09,AFETR,,94.01,53.16,472,470,,,EA,ORB
STARLINK-2620,2021-040AB,48453,PAY,+,US,2021-05-09,AFETR,,94.01,53.16,472,470,,,EA,ORB
STARLINK-2654,2021-040AC,48454,PAY,+,US,2021-05-09,AFETR,,94.01,53.16,472,470,,,EA,ORB
STARLINK-2497,2021-040AD,48455,PAY,+,US,2021-05-09,AFETR,,94.01,53.16,472,470,,,EA,ORB
STARLINK-2508,2021-040AE,48456,PAY,D,US,2021-05-09,AFETR,2024-08-13,90.59,53.04,311,296,,,EA,IMP
STARLINK-2529,2021-040AF,48457,PAY,D,US,2021-05-09,AFETR,2021-07-28,87.28,53.03,143,137,,,EA,IMP
STARLINK-2698,2021-040AG,48458,PAY,+,US,2021-05-09,AFETR,,94.01,53.16,472,470,,,EA,ORB
STARLINK-2579,2021-040AH,48459,PAY,+,US,2021-05-09,AFETR,,94.01,53.16,472,470,,,EA,ORB
STARLINK-2582,2021-040AJ,48460,PAY,D,US,2021-05-09,AFETR,2026-08-13,87.84,53.02,175,160,,,EA,IMP
STARLINK-2693,2021-040AK,48461,PAY,D,US,2021-05-09,AFETR,2025-03-28,88.22,53.03,190,183,,,EA,IMP
STARLINK-2683,2021-040AL,48462,PAY,+,US,2021-05-09,AFETR,,94.01,53.16,472,470,,,EA,ORB
STARLINK-2689,2021-040AM,48463,PAY,D,US,2021-05-09,AFETR,2025-01-10,87.92,53.03,175,169,,,EA,IMP
STARLINK-2686,2021-040AN,48464,PAY,+,US,2021-05-09,AFETR,,94.01,53.16,472,470,,,EA,ORB
STARLINK-2681,2021-040AP,48465,PAY,P,US,2021-05-09,AFETR,,90.55,53.13,304,299,,,EA,ORB
STARLINK-2687,2021-040AQ,48466,PAY,+,US,2021-05-09,AFETR,,94.01,53.16,472,470,,,EA,ORB
STARLINK-2659,2021-040AR,48467,PAY,+,US,2021-05-09,AFETR,,94.01,53.16,472,470,,,EA,ORB
STARLINK-2685,2021-040AS,48468,PAY,+,US,2021-05-09,AFETR,,94.01,53.16,472,470,,,EA,ORB
STARLINK-2661,2021-040AT,48469,PAY,+,US,2021-05-09,AFETR,,94.01,53.16,472,470,,,EA,ORB
STARLINK-2675,2021-040AU,48470,PAY,+,US,2021-05-09,AFETR,,94.01,53.16,472,470,,,EA,ORB
STARLINK-2684,2021-040AV,48471,PAY,+,US,2021-05-09,AFETR,,94.01,53.16,472,470,,,EA,ORB
STARLINK-2722,2021-040AW,48472,PAY,+,US,2021-05-09,AFETR,,95.06,53.06,523,520,,,EA,ORB
STARLINK-2658,2021-040AX,48473,PAY,+,US,2021-05-09,AFETR,,94.01,53.16,472,470,,,EA,ORB
STARLINK-2697,2021-040AY,48474,PAY,+,US,2021-05-09,AFETR,,94.01,53.16,472,470,,,EA,ORB
STARLINK-2619,2021-040AZ,48475,PAY,D,US,2021-05-09,AFETR,2026-01-23,87.86,53.00,170,167,,,EA,IMP
STARLINK-2723,2021-040BA,48476,PAY,D,US,2021-05-09,AFETR,2024-12-25,87.39,53.02,146,144,,,EA,IMP
STARLINK-2638,2021-040BB,48477,PAY,D,US,2021-05-09,AFETR,2021-06-02,87.59,53.02,162,149,,,EA,IMP
STARLINK-2728,2021-040BC,48478,PAY,+,US,2021-05-09,AFETR,,94.01,53.16,471,470,,,EA,ORB
STARLINK-2755,2021-040BD,48479,PAY,+,US,2021-05-09,AFETR,,94.01,53.16,471,470,,,EA,ORB
STARLINK-2690,2021-040BE,48480,PAY,D,US,2021-05-09,AFETR,2024-08-16,90.76,53.05,320,304,,,EA,IMP
STARLINK-2706,2021-040BF,48481,PAY,+,US,2021-05-09,AFETR,,94.01,53.16,472,470,,,EA,ORB
STARLINK-2525,2021-040BG,48482,PAY,+,US,2021-05-09,AFETR,,94.01,53.16,472,470,,,EA,ORB
STARLINK-2531,2021-040BH,48483,PAY,+,US,2021-05-09,AFETR,,94.01,53.16,472,470,,,EA,ORB
STARLINK-2696,2021-040BJ,48484,PAY,D,US,2021-05-09,AFETR,2025-10-25,88.63,53.02,211,202,,,EA,IMP
STARLINK-2500,2021-040BK,48485,PAY,+,US,2021-05-09,AFETR,,94.01,53.16,472,469,,,EA,ORB
STARLINK-2496,2021-040BL,48486,PAY,D,US,2021-05-09,AFETR,2024-08-02,89.72,53.04,270,251,,,EA,IMP
STARLINK-2494,2021-040BM,48487,PAY,+,US,2021-05-09,AFETR,,94.01,53.16,472,470,,,EA,ORB
FALCON 9 DEB,2021-040BN,48488,DEB,D,US,2021-05-09,AFETR,2021-06-10,87.50,53.04,158,143,,,EA,IMP
FALCON 9 DEB,2021-040BP,48489,DEB,D,US,2021-05-09,AFETR,2021-06-10,87.54,53.04,160,145,,,EA,IMP
FALCON 9 DEB,2021-040BQ,48490,DEB,D,US,2021-05-09,AFETR,2021-06-09,87.35,53.03,152,135,,,EA,IMP
FALCON 9 DEB,2021-040BR,48491,DEB,D,US,2021-05-09,AFETR,2021-06-05,87.55,53.03,160,146,,,EA,IMP
STARLINK-2063,2021-041A,48553,PAY,+,US,2021-05-15,AFETR,,94.01,53.16,472,470,,,EA,ORB
STARLINK-2139,2021-041B,48554,PAY,+,US,2021-05-15,AFETR,,94.01,53.16,472,470,,,EA,ORB
STARLINK-2145,2021-041C,48555,PAY,+,US,2021-05-15,AFETR,,94.01,53.16,472,470,,,EA,ORB
STARLINK-2151,2021-041D,48556,PAY,+,US,2021-05-15,AFETR,,94.01,53.16,472,470,,,EA,ORB
STARLINK-2155,2021-041E,48557,PAY,+,US,2021-05-15,AFETR,,94.01,53.16,472,470,,,EA,ORB
STARLINK-2166,2021-041F,48558,PAY,+,US,2021-05-15,AFETR,,94.01,53.16,471,470,,,EA,ORB
STARLINK-2167,2021-041G,48559,PAY,D,US,2021-05-15,AFETR,2024-05-24,88.07,53.03,181,177,,,EA,IMP
STARLINK-2173,2021-041H,48560,PAY,D,US,2021-05-15,AFETR,2022-02-04,88.24,53.02,191,184,,,EA,IMP
STARLINK-2186,2021-041J,48561,PAY,D,US,2021-05-15,AFETR,2024-06-26,88.69,53.04,216,203,,,EA,IMP
STARLINK-2187,2021-041K,48562,PAY,P,US,2021-05-15,AFETR,,91.25,53.15,337,335,,,EA,ORB
STARLINK-2188,2021-041L,48563,PAY,+,US,2021-05-15,AFETR,,94.01,53.16,471,470,,,EA,ORB
STARLINK-2190,2021-041M,48564,PAY,+,US,2021-05-15,AFETR,,94.01,53.16,471,470,,,EA,ORB
STARLINK-2191,2021-041N,48565,PAY,D,US,2021-05-15,AFETR,2025-07-30,87.39,53.01,150,140,,,EA,IMP
STARLINK-2214,2021-041P,48566,PAY,+,US,2021-05-15,AFETR,,94.01,53.16,471,470,,,EA,ORB
STARLINK-2215,2021-041Q,48567,PAY,D,US,2021-05-15,AFETR,2024-05-22,87.78,53.03,165,164,,,EA,IMP
STARLINK-2217,2021-041R,48568,PAY,+,US,2021-05-15,AFETR,,94.01,53.16,472,470,,,EA,ORB
STARLINK-2219,2021-041S,48569,PAY,+,US,2021-05-15,AFETR,,94.01,53.16,472,470,,,EA,ORB
STARLINK-2220,2021-041T,48570,PAY,D,US,2021-05-15,AFETR,2026-06-27,87.78,53.11,170,160,,,EA,IMP
STARLINK-2221,2021-041U,48571,PAY,+,US,2021-05-15,AFETR,,94.01,53.16,472,470,,,EA,ORB
STARLINK-2222,2021-041V,48572,PAY,+,US,2021-05-15,AFETR,,94.01,53.16,472,470,,,EA,ORB
STARLINK-2224,2021-041W,48573,PAY,+,US,2021-05-15,AFETR,,94.01,53.16,472,470,,,EA,ORB
STARLINK-2225,2021-041X,48574,PAY,+,US,2021-05-15,AFETR,,94.01,53.16,472,470,,,EA,ORB
STARLINK-2227,2021-041Y,48575,PAY,+,US,2021-05-15,AFETR,,93.99,53.16,470,469,,,EA,ORB
STARLINK-2228,2021-041Z,48576,PAY,+,US,2021-05-15,AFETR,,94.01,53.16,472,470,,,EA,ORB
STARLINK-2231,2021-041AA,48577,PAY,+,US,2021-05-15,AFETR,,94.01,53.16,471,470,,,EA,ORB
STARLINK-2232,2021-041AB,48578,PAY,+,US,2021-05-15,AFETR,,94.01,53.16,472,470,,,EA,ORB
STARLINK-2233,2021-041AC,48579,PAY,D,US,2021-05-15,AFETR,2024-05-15,88.87,53.04,222,215,,,EA,IMP
STARLINK-2234,2021-041AD,48580,PAY,+,US,2021-05-15,AFETR,,94.01,53.16,472,470,,,EA,ORB
STARLINK-2235,2021-041AE,48581,PAY,+,US,2021-05-15,AFETR,,94.01,53.16,472,470,,,EA,ORB
STARLINK-2236,2021-041AF,48582,PAY,P,US,2021-05-15,AFETR,,91.73,53.05,361,358,,,EA,ORB
STARLINK-2237,2021-041AG,48583,PAY,+,US,2021-05-15,AFETR,,94.01,53.16,471,470,,,EA,ORB
STARLINK-2238,2021-041AH,48584,PAY,D,US,2021-05-15,AFETR,2026-05-01,87.59,53.04,159,151,,,EA,IMP
STARLINK-2240,2021-041AJ,48585,PAY,D,US,2021-05-15,AFETR,2025-01-01,87.49,53.02,153,147,,,EA,IMP
STARLINK-2241,2021-041AK,48586,PAY,+,US,2021-05-15,AFETR,,94.01,53.16,473,469,,,EA,ORB
STARLINK-2242,2021-041AL,48587,PAY,D,US,2021-05-15,AFETR,2025-01-07,88.54,53.03,206,199,,,EA,IMP
STARLINK-2244,2021-041AM,48588,PAY,D,US,2021-05-15,AFETR,2025-01-05,87.10,53.02,132,129,,,EA,IMP
STARLINK-2245,2021-041AN,48589,PAY,+,US,2021-05-15,AFETR,,94.01,53.16,472,470,,,EA,ORB
STARLINK-2246,2021-041AP,48590,PAY,D,US,2021-05-15,AFETR,2022-04-23,88.13,53.03,188,176,,,EA,IMP
STARLINK-2248,2021-041AQ,48591,PAY,D,US,2021-05-15,AFETR,2024-05-22,88.06,53.04,180,178,,,EA,IMP
STARLINK-2249,2021-041AR,48592,PAY,D,US,2021-05-15,AFETR,2026-05-24,87.30,53.03,146,135,,,EA,IMP
STARLINK-2250,2021-041AS,48593,PAY,+,US,2021-05-15,AFETR,,94.01,53.16,472,470,,,EA,ORB
STARLINK-2251,2021-041AT,48594,PAY,+,US,2021-05-15,AFETR,,94.01,53.16,472,470,,,EA,ORB
STARLINK-2252,2021-041AU,48595,PAY,+,US,2021-05-15,AFETR,,94.01,53.16,472,470,,,EA,ORB
STARLINK-2253,2021-041AV,48596,PAY,+,US,2021-05-15,AFETR,,94.02,53.16,472,470,,,EA,ORB
STARLINK-2255,2021-041AW,48597,PAY,+,US,2021-05-15,AFETR,,94.01,53.16,472,470,,,EA,ORB
STARLINK-2256,2021-041AX,48598,PAY,D,US,2021-05-15,AFETR,2024-05-04,87.85,53.03,171,165,,,EA,IMP
STARLINK-2274,2021-041AY,48599,PAY,D,US,2021-05-15,AFETR,2024-05-14,88.04,53.04,180,176,,,EA,IMP
STARLINK-2275,2021-041AZ,48600,PAY,D,US,2021-05-15,AFETR,2025-05-27,87.42,53.03,153,141,,,EA,IMP
STARLINK-2276,2021-041BA,48601,PAY,D,US,2021-05-15,AFETR,2021-08-25,88.40,53.04,204,187,,,EA,IMP
STARLINK-2713,2021-041BB,48602,PAY,+,US,2021-05-15,AFETR,,94.01,53.16,472,470,,,EA,ORB
STARLINK-2714,2021-041BC,48603,PAY,+,US,2021-05-15,AFETR,,94.01,53.16,472,470,,,EA,ORB
STARLINK-2757,2021-041BD,48604,PAY,+,US,2021-05-15,AFETR,,94.01,53.16,472,470,,,EA,ORB
CAPELLA-6-WHITNEY,2021-041BE,48605,PAY,D,US,2021-05-15,AFETR,2024-03-29,88.18,52.99,186,183,,,EA,IMP
TYVAK-0130,2021-041BF,48606,PAY,+,US,2021-05-15,AFETR,,94.22,52.99,488,474,,,EA,ORB
FALCON 9 DEB,2021-041BG,48607,DEB,,US,2021-05-15,AFETR,,95.60,53.03,555,540,,,EA,ORB
FALCON 9 DEB,2021-041BH,48608,DEB,,US,2021-05-15,AFETR,,95.10,53.03,530,517,,,EA,ORB
FALCON 9 DEB,2021-041BJ,48609,DEB,,US,2021-05-15,AFETR,,95.17,53.03,533,521,,,EA,ORB
FALCON 9 DEB,2021-041BK,48610,DEB,,US,2021-05-15,AFETR,,94.98,53.02,525,511,,,EA,ORB
SBIRS GEO-5 (USA 315),2021-042A,48618,PAY,+,US,2021-05-18,AFETR,,1436.09,5.03,35795,35779,,,EA,ORB
TDO-3,2021-042B,48619,PAY,D,US,2021-05-18,AFETR,2022-09-27,88.73,26.08,280,144,,,EA,IMP
TDO-4,2021-042C,48620,PAY,D,US,2021-05-18,AFETR,2022-09-18,88.41,26.08,260,132,,,EA,IMP
HAIYANG-2D,2021-043A,48621,PAY,+,PRC,2021-05-19,JSC,,104.09,66.00,960,944,,,EA,ORB
CZ-4B DEB,2021-043B,48622,DEB,,PRC,2021-05-19,JSC,,103.78,65.90,956,918,,,EA,ORB
CZ-4B DEB,2021-043C,48623,DEB,,PRC,2021-05-19,JSC,,103.61,66.08,957,901,,,EA,ORB
CZ-4B R/B,2021-043D,48624,R/B,,PRC,2021-05-19,JSC,,101.29,66.06,936,704,,,EA,ORB
CZ-4B DEB,2021-043E,48625,DEB,,PRC,2021-05-19,JSC,,103.04,66.17,939,866,,,EA,ORB
SPACEBEE-65,2021-006ES,48626,PAY,D,US,2021-01-24,AFETR,2023-04-06,87.47,97.12,156,143,,,EA,IMP
SPACEBEE-64,2021-006ET,48627,PAY,D,US,2021-01-24,AFETR,2023-04-01,87.77,97.13,172,156,,,EA,IMP
SPACEBEE-66,2021-006EU,48628,PAY,D,US,2021-01-24,AFETR,2023-04-13,87.71,97.13,170,153,,,EA,IMP
SPACEBEE-67,2021-006EV,48629,PAY,D,US,2021-01-24,AFETR,2023-04-17,87.64,97.13,165,149,,,EA,IMP
SPACEBEE-68,2021-006EW,48630,PAY,D,US,2021-01-24,AFETR,2023-04-20,88.76,97.13,222,204,,,EA,IMP
SPACEBEE-69,2021-006EX,48631,PAY,D,US,2021-01-24,AFETR,2023-04-25,88.97,97.13,232,215,,,EA,IMP
SPACEBEE-70,2021-006EY,48632,PAY,D,US,2021-01-24,AFETR,2023-04-26,89.09,97.14,238,222,,,EA,IMP
SPACEBEE-71,2021-006EZ,48633,PAY,D,US,2021-01-24,AFETR,2023-05-01,88.66,97.13,217,200,,,EA,IMP
SPACEBEE-72,2021-006FA,48634,PAY,D,US,2021-01-24,AFETR,2023-05-07,87.96,97.13,184,163,,,EA,IMP
SPACEBEE-73,2021-006FB,48635,PAY,D,US,2021-01-24,AFETR,2023-05-14,89.10,97.13,240,220,,,EA,IMP
SPACEBEE-74,2021-006FC,48636,PAY,D,US,2021-01-24,AFETR,2023-05-23,88.32,97.13,200,182,,,EA,IMP
SPACEBEE-75,2021-006FD,48637,PAY,D,US,2021-01-24,AFETR,2023-06-02,88.52,97.12,210,192,,,EA,IMP
STARLINK-2758,2021-044A,48638,PAY,D,US,2021-05-26,AFETR,2024-05-25,87.56,53.02,166,142,,,EA,IMP
STARLINK-2739,2021-044B,48639,PAY,+,US,2021-05-26,AFETR,,94.01,53.16,472,470,,,EA,ORB
STARLINK-2736,2021-044C,48640,PAY,+,US,2021-05-26,AFETR,,94.01,53.16,472,470,,,EA,ORB
STARLINK-2754,2021-044D,48641,PAY,+,US,2021-05-26,AFETR,,94.01,53.16,471,470,,,EA,ORB
STARLINK-2646,2021-044E,48642,PAY,+,US,2021-05-26,AFETR,,94.01,53.16,472,470,,,EA,ORB
STARLINK-2704,2021-044F,48643,PAY,+,US,2021-05-26,AFETR,,94.01,53.16,472,470,,,EA,ORB
STARLINK-2695,2021-044G,48644,PAY,+,US,2021-05-26,AFETR,,94.01,53.16,472,470,,,EA,ORB
STARLINK-2733,2021-044H,48645,PAY,D,US,2021-05-26,AFETR,2025-03-29,87.54,53.02,157,148,,,EA,IMP
STARLINK-2732,2021-044J,48646,PAY,+,US,2021-05-26,AFETR,,94.01,53.16,472,470,,,EA,ORB
STARLINK-2691,2021-044K,48647,PAY,D,US,2021-05-26,AFETR,2025-01-28,87.73,53.04,166,158,,,EA,IMP
STARLINK-2521,2021-044L,48648,PAY,+,US,2021-05-26,AFETR,,94.01,53.16,472,470,,,EA,ORB
STARLINK-2673,2021-044M,48649,PAY,+,US,2021-05-26,AFETR,,94.01,53.16,472,470,,,EA,ORB
STARLINK-2672,2021-044N,48650,PAY,+,US,2021-05-26,AFETR,,94.01,53.16,471,470,,,EA,ORB
STARLINK-2731,2021-044P,48651,PAY,+,US,2021-05-26,AFETR,,94.01,53.16,471,470,,,EA,ORB
STARLINK-2727,2021-044Q,48652,PAY,P,US,2021-05-26,AFETR,,89.70,53.04,266,254,,,EA,ORB
STARLINK-2720,2021-044R,48653,PAY,+,US,2021-05-26,AFETR,,94.01,53.16,471,470,,,EA,ORB
STARLINK-2651,2021-044S,48654,PAY,D,US,2021-05-26,AFETR,2025-11-18,87.71,53.03,164,158,,,EA,IMP
STARLINK-2657,2021-044T,48655,PAY,+,US,2021-05-26,AFETR,,94.01,53.16,472,470,,,EA,ORB
STARLINK-2701,2021-044U,48656,PAY,+,US,2021-05-26,AFETR,,94.01,53.16,471,470,,,EA,ORB
STARLINK-2734,2021-044V,48657,PAY,+,US,2021-05-26,AFETR,,94.01,53.16,471,470,,,EA,ORB
STARLINK-2647,2021-044W,48658,PAY,+,US,2021-05-26,AFETR,,94.01,53.16,472,470,,,EA,ORB
STARLINK-2717,2021-044X,48659,PAY,+,US,2021-05-26,AFETR,,94.01,53.16,472,470,,,EA,ORB
STARLINK-2688,2021-044Y,48660,PAY,D,US,2021-05-26,AFETR,2025-01-08,88.20,53.04,188,183,,,EA,IMP
STARLINK-2708,2021-044Z,48661,PAY,D,US,2021-05-26,AFETR,2024-07-21,87.37,53.00,149,139,,,EA,IMP
STARLINK-2726,2021-044AA,48662,PAY,P,US,2021-05-26,AFETR,,94.01,53.16,471,470,,,EA,ORB
STARLINK-2667,2021-044AB,48663,PAY,+,US,2021-05-26,AFETR,,94.01,53.16,472,470,,,EA,ORB
STARLINK-2709,2021-044AC,48664,PAY,D,US,2021-05-26,AFETR,2025-03-27,87.54,53.03,158,147,,,EA,IMP
STARLINK-2653,2021-044AD,48665,PAY,D,US,2021-05-26,AFETR,2024-05-22,88.41,53.03,197,195,,,EA,IMP
STARLINK-2666,2021-044AE,48666,PAY,P,US,2021-05-26,AFETR,,94.01,53.16,472,470,,,EA,ORB
STARLINK-2735,2021-044AF,48667,PAY,P,US,2021-05-26,AFETR,,94.01,53.16,472,470,,,EA,ORB
STARLINK-2738,2021-044AG,48668,PAY,+,US,2021-05-26,AFETR,,94.01,53.16,472,470,,,EA,ORB
STARLINK-2707,2021-044AH,48669,PAY,+,US,2021-05-26,AFETR,,94.01,53.16,471,470,,,EA,ORB
STARLINK-2763,2021-044AJ,48670,PAY,+,US,2021-05-26,AFETR,,94.01,53.16,472,470,,,EA,ORB
STARLINK-2745,2021-044AK,48671,PAY,P,US,2021-05-26,AFETR,,94.01,53.16,472,470,,,EA,ORB
STARLINK-2705,2021-044AL,48672,PAY,+,US,2021-05-26,AFETR,,94.01,53.16,471,470,,,EA,ORB
STARLINK-2711,2021-044AM,48673,PAY,+,US,2021-05-26,AFETR,,94.01,53.16,472,470,,,EA,ORB
STARLINK-2712,2021-044AN,48674,PAY,+,US,2021-05-26,AFETR,,94.01,53.16,472,470,,,EA,ORB
STARLINK-2737,2021-044AP,48675,PAY,D,US,2021-05-26,AFETR,2025-01-31,88.11,53.04,181,180,,,EA,IMP
STARLINK-2746,2021-044AQ,48676,PAY,+,US,2021-05-26,AFETR,,94.01,53.16,471,470,,,EA,ORB
STARLINK-2719,2021-044AR,48677,PAY,D,US,2021-05-26,AFETR,2024-08-22,92.97,53.05,421,419,,,EA,IMP
STARLINK-2615,2021-044AS,48678,PAY,+,US,2021-05-26,AFETR,,94.01,53.16,472,470,,,EA,ORB
STARLINK-2648,2021-044AT,48679,PAY,+,US,2021-05-26,AFETR,,94.01,53.16,472,470,,,EA,ORB
STARLINK-2649,2021-044AU,48680,PAY,D,US,2021-05-26,AFETR,2025-04-18,88.47,53.03,201,197,,,EA,IMP
STARLINK-2725,2021-044AV,48681,PAY,+,US,2021-05-26,AFETR,,94.01,53.16,471,470,,,EA,ORB
STARLINK-2743,2021-044AW,48682,PAY,+,US,2021-05-26,AFETR,,94.01,53.16,472,470,,,EA,ORB
STARLINK-2756,2021-044AX,48683,PAY,+,US,2021-05-26,AFETR,,94.01,53.16,472,470,,,EA,ORB
STARLINK-2741,2021-044AY,48684,PAY,+,US,2021-05-26,AFETR,,94.01,53.16,472,470,,,EA,ORB
STARLINK-2751,2021-044AZ,48685,PAY,+,US,2021-05-26,AFETR,,94.01,53.16,471,470,,,EA,ORB
STARLINK-2629,2021-044BA,48686,PAY,+,US,2021-05-26,AFETR,,94.01,53.16,472,470,,,EA,ORB
STARLINK-2627,2021-044BB,48687,PAY,+,US,2021-05-26,AFETR,,94.01,53.16,471,470,,,EA,ORB
STARLINK-2742,2021-044BC,48688,PAY,+,US,2021-05-26,AFETR,,94.02,53.16,472,470,,,EA,ORB
STARLINK-2617,2021-044BD,48689,PAY,D,US,2021-05-26,AFETR,2025-01-12,88.09,53.03,185,174,,,EA,IMP
STARLINK-2740,2021-044BE,48690,PAY,+,US,2021-05-26,AFETR,,94.01,53.16,472,470,,,EA,ORB
STARLINK-2750,2021-044BF,48691,PAY,+,US,2021-05-26,AFETR,,94.01,53.16,471,470,,,EA,ORB
STARLINK-2752,2021-044BG,48692,PAY,+,US,2021-05-26,AFETR,,94.01,53.16,472,470,,,EA,ORB
STARLINK-2618,2021-044BH,48693,PAY,+,US,2021-05-26,AFETR,,94.01,53.16,471,470,,,EA,ORB
STARLINK-2748,2021-044BJ,48694,PAY,+,US,2021-05-26,AFETR,,94.01,53.16,471,470,,,EA,ORB
STARLINK-2616,2021-044BK,48695,PAY,+,US,2021-05-26,AFETR,,94.01,53.16,472,470,,,EA,ORB
STARLINK-2753,2021-044BL,48696,PAY,+,US,2021-05-26,AFETR,,93.97,53.16,470,468,,,EA,ORB
STARLINK-2715,2021-044BM,48697,PAY,D,US,2021-05-26,AFETR,2024-08-11,91.18,53.02,336,329,,,EA,IMP
FALCON 9 DEB,2021-044BN,48698,DEB,D,US,2021-05-26,AFETR,2021-06-29,87.65,53.04,164,152,,,EA,IMP
FALCON 9 DEB,2021-044BP,48699,DEB,D,US,2021-05-26,AFETR,2021-06-29,87.28,53.04,144,136,,,EA,IMP
FALCON 9 DEB,2021-044BQ,48700,DEB,D,US,2021-05-26,AFETR,2021-06-30,87.52,53.03,158,145,,,EA,IMP
FALCON 9 DEB,2021-044BR,48701,DEB,D,US,2021-05-26,AFETR,2021-06-23,87.74,53.03,170,155,,,EA,IMP
ONEWEB-0211,2021-045A,48767,PAY,+,UK,2021-05-28,VOSTO,,109.41,87.90,1201,1197,,,EA,ORB
ONEWEB-0223,2021-045B,48768,PAY,+,UK,2021-05-28,VOSTO,,109.46,87.90,1204,1200,,,EA,ORB
ONEWEB-0230,2021-045C,48769,PAY,+,UK,2021-05-28,VOSTO,,109.46,87.90,1203,1200,,,EA,ORB
ONEWEB-0237,2021-045D,48770,PAY,+,UK,2021-05-28,VOSTO,,109.46,87.90,1203,1200,,,EA,ORB
ONEWEB-0235,2021-045E,48771,PAY,+,UK,2021-05-28,VOSTO,,109.46,87.90,1204,1200,,,EA,ORB
ONEWEB-0242,2021-045F,48772,PAY,+,UK,2021-05-28,VOSTO,,109.46,87.90,1203,1200,,,EA,ORB
ONEWEB-0241,2021-045G,48773,PAY,+,UK,2021-05-28,VOSTO,,109.46,87.90,1204,1200,,,EA,ORB
ONEWEB-0243,2021-045H,48774,PAY,+,UK,2021-05-28,VOSTO,,109.46,87.90,1204,1200,,,EA,ORB
ONEWEB-0222,2021-045J,48775,PAY,+,UK,2021-05-28,VOSTO,,109.46,87.90,1203,1200,,,EA,ORB
ONEWEB-0244,2021-045K,48776,PAY,+,UK,2021-05-28,VOSTO,,109.46,87.90,1203,1200,,,EA,ORB
ONEWEB-0247,2021-045L,48777,PAY,+,UK,2021-05-28,VOSTO,,109.46,87.90,1204,1200,,,EA,ORB
ONEWEB-0245,2021-045M,48778,PAY,+,UK,2021-05-28,VOSTO,,109.46,87.90,1203,1200,,,EA,ORB
ONEWEB-0229,2021-045N,48779,PAY,+,UK,2021-05-28,VOSTO,,109.46,87.90,1203,1200,,,EA,ORB
ONEWEB-0228,2021-045P,48780,PAY,+,UK,2021-05-28,VOSTO,,109.46,87.90,1203,1200,,,EA,ORB
ONEWEB-0232,2021-045Q,48781,PAY,+,UK,2021-05-28,VOSTO,,109.46,87.90,1203,1200,,,EA,ORB
ONEWEB-0231,2021-045R,48782,PAY,+,UK,2021-05-28,VOSTO,,109.46,87.90,1203,1200,,,EA,ORB
ONEWEB-0234,2021-045S,48783,PAY,+,UK,2021-05-28,VOSTO,,109.46,87.90,1203,1201,,,EA,ORB
ONEWEB-0238,2021-045T,48784,PAY,+,UK,2021-05-28,VOSTO,,109.46,87.90,1203,1200,,,EA,ORB
ONEWEB-0240,2021-045U,48785,PAY,+,UK,2021-05-28,VOSTO,,109.46,87.90,1203,1200,,,EA,ORB
ONEWEB-0246,2021-045V,48786,PAY,+,UK,2021-05-28,VOSTO,,109.46,87.90,1203,1200,,,EA,ORB
ONEWEB-0210,2021-045W,48787,PAY,+,UK,2021-05-28,VOSTO,,109.46,87.90,1204,1200,,,EA,ORB
ONEWEB-0214,2021-045X,48788,PAY,+,UK,2021-05-28,VOSTO,,109.45,87.90,1203,1200,,,EA,ORB
ONEWEB-0221,2021-045Y,48789,PAY,+,UK,2021-05-28,VOSTO,,109.46,87.90,1203,1200,,,EA,ORB
ONEWEB-0213,2021-045Z,48790,PAY,+,UK,2021-05-28,VOSTO,,109.46,87.90,1204,1200,,,EA,ORB
ONEWEB-0212,2021-045AA,48791,PAY,+,UK,2021-05-28,VOSTO,,109.46,87.90,1203,1200,,,EA,ORB
ONEWEB-0227,2021-045AB,48792,PAY,+,UK,2021-05-28,VOSTO,,109.46,87.90,1203,1200,,,EA,ORB
ONEWEB-0226,2021-045AC,48793,PAY,+,UK,2021-05-28,VOSTO,,109.46,87.90,1204,1200,,,EA,ORB
ONEWEB-0224,2021-045AD,48794,PAY,+,UK,2021-05-28,VOSTO,,109.46,87.90,1203,1200,,,EA,ORB
ONEWEB-0233,2021-045AE,48795,PAY,+,UK,2021-05-28,VOSTO,,109.46,87.90,1203,1200,,,EA,ORB
ONEWEB-0190,2021-045AF,48796,PAY,+,UK,2021-05-28,VOSTO,,109.46,87.90,1204,1200,,,EA,ORB
ONEWEB-0236,2021-045AG,48797,PAY,+,UK,2021-05-28,VOSTO,,109.46,87.90,1203,1200,,,EA,ORB
ONEWEB-0248,2021-045AH,48798,PAY,+,UK,2021-05-28,VOSTO,,109.46,87.90,1204,1200,,,EA,ORB
ONEWEB-0225,2021-045AJ,48799,PAY,+,UK,2021-05-28,VOSTO,,109.46,87.90,1204,1200,,,EA,ORB
ONEWEB-0215,2021-045AK,48800,PAY,+,UK,2021-05-28,VOSTO,,109.46,87.90,1204,1200,,,EA,ORB
ONEWEB-0216,2021-045AL,48801,PAY,+,UK,2021-05-28,VOSTO,,109.46,87.90,1203,1200,,,EA,ORB
ONEWEB-0239,2021-045AM,48802,PAY,+,UK,2021-05-28,VOSTO,,109.46,87.90,1204,1200,,,EA,ORB
TIANZHOU-2,2021-046A,48803,PAY,D,PRC,2021-05-29,WSC,2022-03-31,92.65,41.47,432,376,,,EA,IMP
CZ-7 R/B,2021-046B,48804,R/B,D,PRC,2021-05-29,WSC,2021-06-15,87.60,41.47,171,139,,,EA,IMP
CZ-7 DEB,2021-046C,48805,DEB,D,PRC,2021-05-29,WSC,2021-06-04,89.57,41.12,328,178,,,EA,IMP
CZ-7 DEB,2021-046D,48806,DEB,D,PRC,2021-05-29,WSC,2021-06-04,90.24,41.32,390,182,,,EA,IMP
CZ-7 DEB,2021-046E,48807,DEB,D,PRC,2021-05-29,WSC,2021-06-06,89.23,41.78,297,176,,,EA,IMP
FENGYUN 4B,2021-047A,48808,PAY,+,PRC,2021-06-02,XICLF,,1436.01,0.31,35817,35752,,,EA,ORB
CZ-3B R/B,2021-047B,48809,R/B,D,PRC,2021-06-02,XICLF,2022-08-09,90.98,28.73,527,118,,,EA,IMP
DRAGON CRS-22,2021-048A,48831,PAY,D,US,2021-06-03,AFETR,2021-07-10,89.70,51.64,318,202,,,EA,IMP
FALCON 9 DEB,2021-048B,48832,DEB,D,US,2021-06-03,AFETR,2021-06-04,89.06,51.71,279,176,,,EA,IMP
FALCON 9 DEB,2021-041BL,48837,DEB,,US,2021-05-15,AFETR,,95.17,53.03,534,519,,,EA,ORB
SXM-8,2021-049A,48838,PAY,+,US,2021-06-06,AFETR,,1436.10,0.02,35811,35762,,,EA,ORB
FALCON 9 R/B,2021-049B,48839,R/B,,US,2021-06-06,AFETR,,258.33,27.01,13903,213,,,EA,ORB
OBJECT A,2021-050A,48840,PAY,D,PRC,2021-06-11,TAISC,2024-06-24,86.83,97.41,123,111,,,EA,IMP
OBJECT B,2021-050B,48841,PAY,D,PRC,2021-06-11,TAISC,2024-08-13,90.41,97.40,299,291,,,EA,IMP
OBJECT C,2021-050C,48842,PAY,D,PRC,2021-06-11,TAISC,2024-02-24,88.15,97.40,189,176,,,EA,IMP
OBJECT D,2021-050D,48843,PAY,+,PRC,2021-06-11,TAISC,,94.49,97.33,499,490,,,EA,ORB
ODYSSEY,2021-051A,48844,PAY,D,US,2021-06-13,WRAS,2022-12-18,87.24,97.47,149,127,,,EA,IMP
PEGASUS R/B,2021-051B,48845,R/B,D,US,2021-06-13,WRAS,2023-11-27,87.24,97.51,141,134,,,EA,IMP
USA 316,2021-052A,48846,PAY,+,US,2021-06-15,WLPIS,,95.38,54.99,542,532,,NEA,EA,ORB
USA 317,2021-052B,48847,PAY,+,US,2021-06-15,WLPIS,,93.16,54.95,441,418,,NEA,EA,ORB
USA 318,2021-052C,48848,PAY,+,US,2021-06-15,WLPIS,,95.34,54.98,536,533,,NEA,EA,ORB
MINOTAUR 1 R/B,2021-052D,48849,R/B,,US,2021-06-15,WLPIS,,96.10,54.99,578,565,,,EA,ORB
SHENZHOU-12 (SZ-12),2021-053A,48852,PAY,D,PRC,2021-06-17,JSC,2021-09-17,92.30,41.55,390,384,,,EA,LAN
CZ-2F R/B,2021-053B,48853,R/B,D,PRC,2021-06-17,JSC,2021-07-03,87.66,41.44,175,143,,,EA,IMP
NAVSTAR 81 (USA 319),2021-054A,48859,PAY,+,US,2021-06-17,AFETR,,717.97,55.14,20256,20108,,,EA,ORB
YAOGAN-30 10A,2021-055A,48860,PAY,+,PRC,2021-06-18,XICLF,,95.81,34.99,561,555,,,EA,ORB
YAOGAN-30 10B,2021-055B,48861,PAY,+,PRC,2021-06-18,XICLF,,95.81,34.99,561,554,,,EA,ORB
CZ-2C R/B,2021-055C,48862,R/B,,PRC,2021-06-18,XICLF,,96.74,35.07,649,556,,,EA,ORB
YAOGAN-30 10C,2021-055D,48863,PAY,+,PRC,2021-06-18,XICLF,,95.81,35.00,560,556,,,EA,ORB
TIANQI-14,2021-055E,48864,PAY,+,PRC,2021-06-18,XICLF,,95.10,35.00,526,520,,,EA,ORB
COSMOS 2550,2021-056A,48865,PAY,+,CIS,2021-06-25,PLMSC,,93.88,67.14,470,459,,,EA,ORB
SL-4 R/B,2021-056B,48866,R/B,D,CIS,2021-06-25,PLMSC,2021-07-26,87.09,67.11,139,122,,,EA,IMP
PROGRESS-MS 17,2021-057A,48869,PAY,D,CIS,2021-06-29,TYMSC,2021-11-25,92.99,51.64,424,418,,,EA,IMP
SL-4 R/B,2021-057B,48870,R/B,D,CIS,2021-06-29,TYMSC,2021-07-02,87.37,51.63,150,138,,,EA,IMP
LAUNCHERONE R/B,2021-058A,48871,R/B,D,US,2021-06-30,WRAS,2023-08-25,87.37,60.63,150,138,,,EA,IMP
STORK-5 (MARTA),2021-058B,48872,PAY,D,POL,2021-06-30,WRAS,2023-10-22,87.56,60.65,156,151,,,EA,IMP
STORK-4,2021-058C,48873,PAY,D,POL,2021-06-30,WRAS,2023-10-01,87.80,60.67,170,161,,,EA,IMP
CNCE3,2021-058D,48874,PAY,D,US,2021-06-30,WRAS,2023-10-31,88.78,60.70,218,210,,,EA,IMP
CNCE1,2021-058E,48875,PAY,D,US,2021-06-30,WRAS,2023-10-31,89.36,60.70,246,240,,,EA,IMP
BRIK-II,2021-058F,48876,PAY,D,NETH,2021-06-30,WRAS,2025-11-12,87.83,60.63,168,166,,,EA,IMP
HALO-NET FF,2021-058G,48877,PAY,D,US,2021-06-30,WRAS,2023-11-23,88.33,60.67,196,187,,,EA,IMP
GUNSMOKE-J 4,2021-058H,48878,PAY,D,US,2021-06-30,WRAS,2024-03-30,87.41,60.65,151,141,,,EA,IMP
STARLINK-3003,2021-059A,48879,PAY,D,US,2021-06-30,AFETR,2024-08-30,89.44,97.64,250,244,,,EA,IMP
STARLINK-3004,2021-059B,48880,PAY,D,US,2021-06-30,AFETR,2026-06-14,87.30,97.65,149,132,,,EA,IMP
STARLINK-3005,2021-059C,48881,PAY,+,US,2021-06-30,AFETR,,95.92,97.29,566,560,,,EA,ORB
SPACEBEENZ-10,2021-059D,48882,PAY,D,NZ,2021-06-30,AFETR,2023-09-15,88.55,97.56,212,194,,,EA,IMP
SPACEBEE-100,2021-059E,48883,PAY,D,US,2021-06-30,AFETR,2024-03-12,88.47,97.58,207,191,,,EA,IMP
SPACEBEE-101,2021-059F,48884,PAY,D,US,2021-06-30,AFETR,2024-03-25,87.42,97.58,161,133,,,EA,IMP
LEMUR-2-JACKSON,2021-059G,48885,PAY,D,US,2021-06-30,AFETR,2024-02-09,88.06,97.52,186,171,,,EA,IMP
SPACEBEE-102,2021-059H,48886,PAY,D,US,2021-06-30,AFETR,2024-03-21,87.38,97.58,153,136,,,EA,IMP
SPACEBEENZ-9,2021-059J,48887,PAY,D,NZ,2021-06-30,AFETR,2023-09-14,88.70,97.57,220,201,,,EA,IMP
SPACEBEE-103,2021-059K,48888,PAY,D,US,2021-06-30,AFETR,2024-03-10,88.12,97.59,190,173,,,EA,IMP
SPACEBEENZ-7,2021-059L,48889,PAY,D,NZ,2021-06-30,AFETR,2023-09-12,88.26,97.55,199,178,,,EA,IMP
SPACEBEE-104,2021-059M,48890,PAY,D,US,2021-06-30,AFETR,2024-03-06,87.66,97.59,166,151,,,EA,IMP
SPACEBEENZ-8,2021-059N,48891,PAY,D,NZ,2021-06-30,AFETR,2023-09-16,87.95,97.57,183,163,,,EA,IMP
TYVAK-0173,2021-059P,48892,PAY,+,AUS,2021-06-30,AFETR,,97.16,96.00,630,616,,,EA,ORB
SPACEBEE-106,2021-059Q,48893,PAY,D,US,2021-06-30,AFETR,2024-03-27,88.87,97.58,227,210,,,EA,IMP
SPACEBEE-107,2021-059R,48894,PAY,D,US,2021-06-30,AFETR,2024-02-27,87.73,97.58,170,154,,,EA,IMP
SPACEBEE-108,2021-059S,48895,PAY,D,US,2021-06-30,AFETR,2024-03-27,89.07,97.59,236,221,,,EA,IMP
SPACEBEE-105,2021-059T,48896,PAY,D,US,2021-06-30,AFETR,2024-03-07,87.57,97.58,162,146,,,EA,IMP
SPACEBEE-109,2021-059U,48897,PAY,D,US,2021-06-30,AFETR,2024-03-05,88.48,97.59,207,192,,,EA,IMP
CENTAURI-4 (TYVAK-0211),2021-059V,48898,PAY,D,AUS,2021-06-30,AFETR,2024-05-29,87.64,97.59,166,149,,,EA,IMP
SPACEBEE-110,2021-059W,48899,PAY,D,US,2021-06-30,AFETR,2024-03-04,88.19,97.59,193,176,,,EA,IMP
TUBIN,2021-059X,48900,PAY,D,GER,2021-06-30,AFETR,2025-12-16,87.78,97.66,169,160,,,EA,IMP
TROPICS PATHFINDER,2021-059Y,48901,PAY,D,US,2021-06-30,AFETR,2024-07-26,87.57,97.59,164,145,,,EA,IMP
LINCS1,2021-059Z,48902,PAY,D,US,2021-06-30,AFETR,2025-03-09,87.81,97.64,173,159,,,EA,IMP
LINCS2,2021-059AA,48903,PAY,D,US,2021-06-30,AFETR,2025-05-02,88.48,97.64,207,192,,,EA,IMP
SPACEBEE-111,2021-059AB,48904,PAY,D,US,2021-06-30,AFETR,2024-02-16,87.98,97.59,182,167,,,EA,IMP
NUSAT-19 (ROSALIND),2021-059AC,48905,PAY,D,ARGN,2021-06-30,AFETR,2024-10-24,88.40,97.57,200,190,,,EA,IMP
UMBRA-2001,2021-059AD,48906,PAY,D,US,2021-06-30,AFETR,2024-04-30,87.79,97.57,175,155,,,EA,IMP
MANDRAKE 2 ABLE,2021-059AE,48907,PAY,+,US,2021-06-30,AFETR,,92.46,97.70,399,391,,,EA,ORB
MANDRAKE 2 BAKER,2021-059AF,48908,PAY,+,US,2021-06-30,AFETR,,92.14,97.70,383,376,,,EA,ORB
PACE-1,2021-059AG,48909,PAY,+,US,2021-06-30,AFETR,,90.24,97.66,287,285,,,EA,ORB
GNOMES-2,2021-059AH,48910,PAY,D,US,2021-06-30,AFETR,2024-05-10,87.32,97.59,149,134,,,EA,IMP
YAM-2,2021-059AJ,48911,PAY,D,US,2021-06-30,AFETR,2025-08-28,87.18,97.65,141,128,,,EA,IMP
ION SCV-003,2021-059AK,48912,PAY,D,IT,2021-06-30,AFETR,2024-12-08,86.97,97.60,130,119,,,EA,IMP
CAPELLA-5-WHITNEY,2021-059AL,48913,PAY,D,US,2021-06-30,AFETR,2023-02-23,87.52,97.52,160,142,,,EA,IMP
ICEYE-X12,2021-059AM,48914,PAY,D,FIN,2021-06-30,AFETR,2025-01-18,87.98,97.61,181,168,,,EA,IMP
YAM-3,2021-059AN,48915,PAY,+,US,2021-06-30,AFETR,,92.91,97.70,421,413,,,EA,ORB
ICEYE-X13,2021-059AP,48916,PAY,D,FIN,2021-06-30,AFETR,2025-11-24,87.43,97.61,150,144,,,EA,IMP
ICEYE-X15,2021-059AQ,48917,PAY,D,FIN,2021-06-30,AFETR,2025-08-12,87.77,97.62,171,157,,,EA,IMP
ICEYE-X11,2021-059AR,48918,PAY,D,FIN,2021-06-30,AFETR,2026-06-30,87.77,97.61,172,156,,,EA,IMP
NUSAT-22 (SOFYA),2021-059AS,48919,PAY,D,ARGN,2021-06-30,AFETR,2023-12-15,87.54,97.38,159,146,,,EA,IMP
NUSAT-21 (ELISA),2021-059AT,48920,PAY,D,ARGN,2021-06-30,AFETR,2023-10-23,87.50,97.38,158,144,,,EA,IMP
NUSAT-20 (GRACE),2021-059AU,48921,PAY,D,ARGN,2021-06-30,AFETR,2023-11-11,87.64,97.38,164,151,,,EA,IMP
D2/ATLACOM-1,2021-059AV,48922,PAY,D,LTU,2021-06-30,AFETR,2024-09-01,89.05,97.61,234,222,,,EA,IMP
LEMUR-2-ANNABANANA,2021-059AW,48923,PAY,D,US,2021-06-30,AFETR,2024-07-12,87.46,97.53,159,138,,,EA,IMP
FARADAY_PHOENIX,2021-059AX,48924,PAY,D,UK,2021-06-30,AFETR,2026-08-18,87.90,97.64,178,163,,,EA,IMP
LEMUR-2-JOHN-TREIRES,2021-059AY,48925,PAY,D,US,2021-06-30,AFETR,2023-11-30,88.36,97.57,199,188,,,EA,IMP
KSF1-B,2021-059AZ,48926,PAY,D,LUXE,2021-06-30,AFETR,2024-02-12,88.20,97.57,192,179,,,EA,IMP
LEMUR-2-AC-CUBED,2021-059BA,48927,PAY,D,US,2021-06-30,AFETR,2024-02-20,88.12,97.59,188,175,,,EA,IMP
PAINANI-2,2021-059BB,48928,PAY,D,MEX,2021-06-30,AFETR,2024-10-31,88.12,97.61,186,178,,,EA,IMP
LEMUR-2-MERIMA,2021-059BC,48929,PAY,D,US,2021-06-30,AFETR,2024-01-19,87.38,97.51,147,143,,,EA,IMP
KSF1-A,2021-059BD,48930,PAY,D,LUXE,2021-06-30,AFETR,2024-02-21,87.63,97.57,165,150,,,EA,IMP
HAWK-3B,2021-059BE,48931,PAY,+,US,2021-06-30,AFETR,,91.43,97.66,348,341,,,EA,ORB
SPACEBEE-92,2021-059BF,48932,PAY,D,US,2021-06-30,AFETR,2023-03-11,87.99,97.53,185,165,,,EA,IMP
SPACEBEE-89,2021-059BG,48933,PAY,D,US,2021-06-30,AFETR,2023-03-01,88.30,97.53,200,180,,,EA,IMP
SPACEBEE-96,2021-059BH,48934,PAY,D,US,2021-06-30,AFETR,2023-03-18,87.67,97.53,167,151,,,EA,IMP
SPACEBEE-88,2021-059BJ,48935,PAY,D,US,2021-06-30,AFETR,2023-02-23,88.32,97.52,202,181,,,EA,IMP
SPACEBEE-99,2021-059BK,48936,PAY,D,US,2021-06-30,AFETR,2023-03-29,88.24,97.53,196,179,,,EA,IMP
SPACEBEE-94,2021-059BL,48937,PAY,D,US,2021-06-30,AFETR,2023-03-14,89.17,97.53,243,223,,,EA,IMP
SHANNON,2021-059BM,48938,PAY,D,US,2021-06-30,AFETR,2025-01-28,87.85,97.63,174,162,,,EA,IMP
SPACEBEE-93,2021-059BN,48939,PAY,D,US,2021-06-30,AFETR,2023-02-27,87.77,97.52,176,152,,,EA,IMP
SPACEBEE-91,2021-059BP,48940,PAY,D,US,2021-06-30,AFETR,2023-03-04,87.88,97.52,176,163,,,EA,IMP
SHERPA-LTE1,2021-059BQ,48941,PAY,D,US,2021-06-30,AFETR,2024-07-05,87.14,97.59,141,125,,,EA,IMP
KSF1-C,2021-059BR,48942,PAY,D,LUXE,2021-06-30,AFETR,2024-02-18,87.57,97.58,162,146,,,EA,IMP
QMR-KWT-1,2021-059BS,48943,PAY,D,KWT,2021-06-30,AFETR,2024-09-07,87.35,97.61,153,133,,,EA,IMP
AYAN-21,2021-059BT,48944,PAY,D,RWA,2021-06-30,AFETR,2024-10-09,88.58,97.60,208,200,,,EA,IMP
SPACEBEE-95,2021-059BU,48945,PAY,D,US,2021-06-30,AFETR,2023-03-14,88.42,97.53,205,187,,,EA,IMP
SPACEBEE-97,2021-059BV,48946,PAY,D,US,2021-06-30,AFETR,2023-03-25,88.36,97.53,203,184,,,EA,IMP
SPACEBEE-90,2021-059BW,48947,PAY,D,US,2021-06-30,AFETR,2023-03-01,89.14,97.53,245,220,,,EA,IMP
HAWK-3C,2021-059BX,48948,PAY,+,US,2021-06-30,AFETR,,91.43,97.67,349,341,,,EA,ORB
SPACEBEE-98,2021-059BY,48949,PAY,D,US,2021-06-30,AFETR,2023-03-26,87.74,97.54,173,152,,,EA,IMP
KSF1-D,2021-059BZ,48950,PAY,D,LUXE,2021-06-30,AFETR,2023-12-01,88.77,97.58,220,207,,,EA,IMP
DEMO8 (TENZING),2021-059CA,48951,PAY,+,US,2021-06-30,AFETR,,92.47,97.70,401,390,,,EA,ORB
ASTROCAST-0204,2021-059CB,48952,PAY,D,SWTZ,2021-06-30,AFETR,2025-02-19,87.76,97.63,172,155,,,EA,IMP
ARTHUR-1,2021-059CC,48953,PAY,D,BEL,2021-06-30,AFETR,2025-12-31,87.63,97.63,162,152,,,EA,IMP
ASTROCAST-0201,2021-059CD,48954,PAY,D,SWTZ,2021-06-30,AFETR,2026-02-13,88.09,97.63,185,175,,,EA,IMP
ASTROCAST-0203,2021-059CE,48955,PAY,D,SWTZ,2021-06-30,AFETR,2026-02-15,88.16,97.62,188,178,,,EA,IMP
DEMO9 (AURORA),2021-059CF,48956,PAY,D,US,2021-06-30,AFETR,2025-10-16,87.26,97.65,146,131,,,EA,IMP
HAWK-3A,2021-059CG,48957,PAY,+,US,2021-06-30,AFETR,,91.43,97.67,348,341,,,EA,ORB
SHERPA-FX2 & TAGSAT-2,2021-059CH,48958,PAY,+,US,2021-06-30,AFETR,,92.39,97.68,397,387,,,EA,ORB
LEMUR-2-CARLSANTAMARI,2021-059CJ,48959,PAY,D,US,2021-06-30,AFETR,2023-08-14,87.92,97.57,181,161,,,EA,IMP
ASTROCAST-0205,2021-059CK,48960,PAY,D,SWTZ,2021-06-30,AFETR,2026-01-06,88.05,97.61,184,172,,,EA,IMP
ASTROCAST-0202,2021-059CL,48961,PAY,D,SWTZ,2021-06-30,AFETR,2025-05-05,88.61,97.62,214,198,,,EA,IMP
GHALIB,2021-059CM,48962,PAY,D,UAE,2021-06-30,AFETR,2024-04-13,87.66,97.58,168,149,,,EA,IMP
NAPA-2,2021-059CN,48963,PAY,D,THAI,2021-06-30,AFETR,2026-07-05,88.06,97.64,185,172,,,EA,IMP
SPARTAN,2021-059CP,48964,PAY,+,BUL,2021-06-30,AFETR,,90.28,97.66,289,287,,,EA,ORB
W-CUBE,2021-059CQ,48965,PAY,D,FIN,2021-06-30,AFETR,2025-10-01,88.31,97.65,195,187,,,EA,IMP
NEPT-1,2021-059CR,48966,PAY,D,SPN,2021-06-30,AFETR,2024-08-15,90.66,97.62,313,301,,,EA,IMP
ONEWEB-0249,2021-060A,48967,PAY,+,UK,2021-07-01,VOSTO,,109.37,87.91,1199,1196,,,EA,ORB
ONEWEB-0250,2021-060B,48968,PAY,+,UK,2021-07-01,VOSTO,,108.61,87.91,1164,1161,,,EA,ORB
ONEWEB-0251,2021-060C,48969,PAY,D,UK,2021-07-01,VOSTO,2022-07-20,87.67,87.39,165,153,,,EA,IMP
ONEWEB-0252,2021-060D,48970,PAY,+,UK,2021-07-01,VOSTO,,109.37,87.91,1199,1196,,,EA,ORB
ONEWEB-0253,2021-060E,48971,PAY,+,UK,2021-07-01,VOSTO,,109.37,87.91,1199,1196,,,EA,ORB
ONEWEB-0254,2021-060F,48972,PAY,+,UK,2021-07-01,VOSTO,,109.37,87.91,1200,1196,,,EA,ORB
ONEWEB-0255,2021-060G,48973,PAY,+,UK,2021-07-01,VOSTO,,109.37,87.91,1199,1196,,,EA,ORB
ONEWEB-0256,2021-060H,48974,PAY,+,UK,2021-07-01,VOSTO,,109.37,87.91,1199,1196,,,EA,ORB
ONEWEB-0257,2021-060J,48975,PAY,+,UK,2021-07-01,VOSTO,,109.37,87.91,1199,1196,,,EA,ORB
ONEWEB-0258,2021-060K,48976,PAY,+,UK,2021-07-01,VOSTO,,109.37,87.91,1199,1196,,,EA,ORB
ONEWEB-0259,2021-060L,48977,PAY,+,UK,2021-07-01,VOSTO,,109.37,87.91,1199,1196,,,EA,ORB
ONEWEB-0260,2021-060M,48978,PAY,+,UK,2021-07-01,VOSTO,,109.37,87.90,1199,1196,,,EA,ORB
ONEWEB-0261,2021-060N,48979,PAY,+,UK,2021-07-01,VOSTO,,109.37,87.91,1200,1196,,,EA,ORB
ONEWEB-0262,2021-060P,48980,PAY,+,UK,2021-07-01,VOSTO,,109.37,87.91,1199,1196,,,EA,ORB
ONEWEB-0263,2021-060Q,48981,PAY,+,UK,2021-07-01,VOSTO,,109.37,87.91,1200,1196,,,EA,ORB
ONEWEB-0264,2021-060R,48982,PAY,+,UK,2021-07-01,VOSTO,,109.37,87.91,1199,1196,,,EA,ORB
ONEWEB-0265,2021-060S,48983,PAY,D,UK,2021-07-01,VOSTO,2022-03-30,87.44,87.38,152,144,,,EA,IMP
ONEWEB-0266,2021-060T,48984,PAY,+,UK,2021-07-01,VOSTO,,109.37,87.91,1199,1196,,,EA,ORB
ONEWEB-0267,2021-060U,48985,PAY,+,UK,2021-07-01,VOSTO,,109.37,87.91,1199,1196,,,EA,ORB
ONEWEB-0268,2021-060V,48986,PAY,+,UK,2021-07-01,VOSTO,,109.37,87.91,1199,1196,,,EA,ORB
ONEWEB-0269,2021-060W,48987,PAY,+,UK,2021-07-01,VOSTO,,109.37,87.91,1199,1196,,,EA,ORB
ONEWEB-0270,2021-060X,48988,PAY,+,UK,2021-07-01,VOSTO,,109.37,87.91,1200,1196,,,EA,ORB
ONEWEB-0271,2021-060Y,48989,PAY,+,UK,2021-07-01,VOSTO,,109.37,87.91,1200,1196,,,EA,ORB
ONEWEB-0272,2021-060Z,48990,PAY,+,UK,2021-07-01,VOSTO,,109.37,87.91,1199,1196,,,EA,ORB
ONEWEB-0273,2021-060AA,48991,PAY,+,UK,2021-07-01,VOSTO,,109.37,87.91,1199,1196,,,EA,ORB
ONEWEB-0274,2021-060AB,48992,PAY,+,UK,2021-07-01,VOSTO,,109.37,87.91,1199,1196,,,EA,ORB
ONEWEB-0275,2021-060AC,48993,PAY,+,UK,2021-07-01,VOSTO,,109.37,87.91,1199,1196,,,EA,ORB
ONEWEB-0276,2021-060AD,48994,PAY,+,UK,2021-07-01,VOSTO,,109.37,87.91,1199,1196,,,EA,ORB
ONEWEB-0277,2021-060AE,48995,PAY,+,UK,2021-07-01,VOSTO,,109.37,87.91,1199,1196,,,EA,ORB
ONEWEB-0278,2021-060AF,48996,PAY,+,UK,2021-07-01,VOSTO,,109.37,87.91,1199,1196,,,EA,ORB
ONEWEB-0279,2021-060AG,48997,PAY,+,UK,2021-07-01,VOSTO,,109.37,87.91,1200,1196,,,EA,ORB
ONEWEB-0280,2021-060AH,48998,PAY,+,UK,2021-07-01,VOSTO,,109.37,87.91,1199,1196,,,EA,ORB
ONEWEB-0281,2021-060AJ,48999,PAY,+,UK,2021-07-01,VOSTO,,109.37,87.91,1199,1196,,,EA,ORB
ONEWEB-0282,2021-060AK,49000,PAY,+,UK,2021-07-01,VOSTO,,109.37,87.91,1199,1196,,,EA,ORB
ONEWEB-0283,2021-060AL,49001,PAY,+,UK,2021-07-01,VOSTO,,109.37,87.91,1199,1196,,,EA,ORB
ONEWEB-0284,2021-060AM,49002,PAY,+,UK,2021-07-01,VOSTO,,109.37,87.91,1199,1196,,,EA,ORB
JILIN-1 KUANFU-01B,2021-061A,49003,PAY,+,PRC,2021-07-03,TAISC,,95.37,97.52,541,532,,,EA,ORB
JILIN-1 GAOFEN 03D01,2021-061B,49004,PAY,D,PRC,2021-07-03,TAISC,2025-11-28,87.95,97.31,179,167,,,EA,IMP
JILIN-1 GAOFEN 03D02,2021-061C,49005,PAY,D,PRC,2021-07-03,TAISC,2026-03-08,88.15,97.28,189,177,,,EA,IMP
JILIN-1 GAOFEN 03D03,2021-061D,49006,PAY,D,PRC,2021-07-03,TAISC,2026-04-22,87.24,97.27,145,131,,,EA,IMP
XINGSHIDAI 10,2021-061E,49007,PAY,D,PRC,2021-07-03,TAISC,2026-05-01,87.51,97.27,161,142,,,EA,IMP
FENGYUN 3E,2021-062A,49008,PAY,+,PRC,2021-07-04,JSC,,101.42,98.75,826,825,,,EA,ORB
OBJECT B,2021-062B,49009,UNK,D,PRC,2021-07-04,JSC,2021-12-22,92.63,98.65,423,384,,,EA,IMP
CZ-4C R/B,2021-062C,49010,R/B,,PRC,2021-07-04,JSC,,98.81,98.53,796,608,,,EA,ORB
TIANLIAN 1-05,2021-063A,49011,PAY,+,PRC,2021-07-06,XICLF,,1436.10,1.76,35797,35777,,,EA,ORB
CZ-3C R/B,2021-063B,49012,R/B,D,PRC,2021-07-06,XICLF,2022-05-30,133.57,18.12,4458,96,,,EA,IMP
ORCA-7,2021-013C,49013,PAY,D,US,2021-02-20,WLPIS,2023-01-28,87.68,51.60,163,157,,,EA,IMP
GUNSMOKE-J 2,2021-013D,49014,PAY,D,US,2021-02-20,WLPIS,2023-12-26,88.16,51.58,189,178,,,EA,IMP
ORCA-6,2021-013E,49015,PAY,D,US,2021-02-20,WLPIS,2023-01-28,88.99,51.60,230,219,,,EA,IMP
DHABISAT (MYSAT-2),2021-013F,49016,PAY,D,UAE,2021-02-20,WLPIS,2024-01-14,87.82,51.56,169,164,,,EA,IMP
IT-SPINS,2021-013G,49017,PAY,D,US,2021-02-20,WLPIS,2024-02-26,87.57,51.56,160,148,,,EA,IMP
NINGXIA-1 6,2021-064A,49018,PAY,+,PRC,2021-07-09,TAISC,,102.23,45.00,870,858,,,EA,ORB
NINGXIA-1 7,2021-064B,49019,PAY,+,PRC,2021-07-09,TAISC,,102.23,45.00,870,859,,,EA,ORB
NINGXIA-1 8,2021-064C,49020,PAY,+,PRC,2021-07-09,TAISC,,102.23,45.00,870,858,,,EA,ORB
NINGXIA-1 9,2021-064D,49021,PAY,+,PRC,2021-07-09,TAISC,,102.23,45.00,871,857,,,EA,ORB
NINGXIA-1 10,2021-064E,49022,PAY,+,PRC,2021-07-09,TAISC,,102.23,45.00,871,858,,,EA,ORB
CZ-6 R/B,2021-064F,49023,R/B,,PRC,2021-07-09,TAISC,,99.98,45.00,880,636,,,EA,ORB
OBJECT D,2021-062D,49024,UNK,,PRC,2021-07-04,JSC,,100.73,98.66,796,791,,,EA,ORB
DRAGON CRS-22 DEB,2021-048C,49025,DEB,D,US,2021-06-03,AFETR,2021-07-25,87.58,51.64,163,146,,,EA,IMP
YAOGAN-30 11A,2021-065A,49026,PAY,+,PRC,2021-07-19,XICLF,,95.81,34.99,561,555,,,EA,ORB
TIANQI-15,2021-065B,49027,PAY,+,PRC,2021-07-19,XICLF,,95.30,35.00,538,528,,,EA,ORB
YAOGAN-30 11B,2021-065C,49028,PAY,+,PRC,2021-07-19,XICLF,,95.81,34.99,559,557,,,EA,ORB
YAOGAN-30 11C,2021-065D,49029,PAY,+,PRC,2021-07-19,XICLF,,95.81,34.99,560,556,,,EA,ORB
CZ-2C R/B,2021-065E,49030,R/B,D,PRC,2021-07-19,XICLF,2026-01-26,87.87,35.11,174,164,,,EA,IMP
ISS (NAUKA),2021-066A,49044,PAY,+,CIS,2021-07-21,TYMSC,,92.93,51.63,423,413,,,25544,DOC
SL-25 R/B,2021-066B,49045,R/B,D,CIS,2021-07-21,TYMSC,2021-08-06,87.51,51.59,157,146,,,EA,IMP
OBJECT E,2021-062E,49047,UNK,,PRC,2021-07-04,JSC,,100.85,98.66,801,796,,,EA,ORB
TIANHUI 1-04,2021-067A,49049,PAY,+,PRC,2021-07-29,JSC,,94.53,97.27,496,495,,,EA,ORB
MONOLITH,2021-068A,49052,PAY,+,US,2021-07-29,RLLB,,95.38,37.02,538,536,,,EA,ORB
ELECTRON R/B,2021-068B,49053,R/B,D,US,2021-07-29,RLLB,2021-11-15,88.02,37.00,194,159,,,EA,IMP
ELECTRON KICK STAGE R/B,2021-068C,49054,R/B,D,US,2021-07-29,RLLB,2022-10-13,87.63,37.00,162,151,,,EA,IMP
STAR ONE D2,2021-069A,49055,PAY,+,BRAZ,2021-07-30,FRGUI,,1436.12,0.02,35798,35776,,,EA,ORB
EUTELSAT QUANTUM,2021-069B,49056,PAY,+,EUTE,2021-07-30,FRGUI,,1436.11,0.01,35797,35777,,,EA,ORB
ARIANE 5 DEB [SYLDA],2021-069C,49057,DEB,,FR,2021-07-30,FRGUI,,412.41,3.08,23679,271,,,EA,ORB
ARIANE 5 R/B,2021-069D,49058,R/B,,FR,2021-07-30,FRGUI,,580.90,2.88,33115,253,,,EA,ORB
KL-BETA A,2021-070A,49059,PAY,+,GER,2021-08-04,TAISC,,103.27,89.01,915,911,,,EA,ORB
KL-BETA B,2021-070B,49060,PAY,+,GER,2021-08-04,TAISC,,103.25,89.01,914,910,,,EA,ORB
CZ-6 R/B,2021-070C,49061,R/B,,PRC,2021-08-04,TAISC,,99.40,89.05,878,581,,,EA,ORB
ZHONGXING-2E,2021-071A,49062,PAY,+,PRC,2021-08-05,XICLF,,1436.10,0.05,35789,35784,,,EA,ORB
CZ-3B R/B,2021-071B,49063,R/B,D,PRC,2021-08-05,XICLF,2021-11-22,100.88,26.96,1506,94,,,EA,IMP
CYGNUS NG-16,2021-072A,49064,PAY,D,US,2021-08-10,WLPIS,2021-12-15,93.80,51.60,465,456,,,EA,IMP
ANTARES R/B,2021-072B,49065,R/B,D,US,2021-08-10,WLPIS,2021-08-18,87.31,51.59,152,131,,,EA,IMP
BRO-4,2021-073A,49066,PAY,D,FR,2021-08-17,FRGUI,2025-02-10,88.06,97.41,184,173,,,EA,IMP
RADCUBE,2021-073B,49067,PAY,D,HUN,2021-08-17,FRGUI,2024-08-20,91.39,97.43,344,341,,,EA,IMP
SUNSTORM,2021-073C,49068,PAY,D,FIN,2021-08-17,FRGUI,2024-09-05,88.65,97.42,219,197,,,EA,IMP
LEDSAT,2021-073D,49069,PAY,D,IT,2021-08-17,FRGUI,2025-10-15,87.64,97.35,166,149,,,EA,IMP
PLEIADES NEO 4,2021-073E,49070,PAY,+,FR,2021-08-17,FRGUI,,97.19,97.89,625,623,,,EA,ORB
TIANHUI 2-02A,2021-074A,49071,PAY,+,PRC,2021-08-18,TAISC,,94.94,97.48,517,515,,,EA,ORB
TIANHUI 2-02B,2021-074B,49072,PAY,+,PRC,2021-08-18,TAISC,,94.94,97.48,517,515,,,EA,ORB
CZ-4B R/B,2021-074C,49073,R/B,D,PRC,2021-08-18,TAISC,2022-09-03,87.24,97.38,142,134,,,EA,IMP
CZ-4B DEB,2021-074D,49074,DEB,D,PRC,2021-08-18,TAISC,2023-04-29,87.54,97.40,159,146,,,EA,IMP
ONEWEB-0285,2021-075A,49075,PAY,+,UK,2021-08-21,TYMSC,,109.72,87.90,1215,1212,,,EA,ORB
ONEWEB-0286,2021-075B,49076,PAY,+,UK,2021-08-21,TYMSC,,109.72,87.90,1215,1212,,,EA,ORB
ONEWEB-0287,2021-075C,49077,PAY,+,UK,2021-08-21,TYMSC,,109.29,87.92,1195,1193,,,EA,ORB
ONEWEB-0288,2021-075D,49078,PAY,+,UK,2021-08-21,TYMSC,,109.72,87.90,1215,1212,,,EA,ORB
ONEWEB-0289,2021-075E,49079,PAY,+,UK,2021-08-21,TYMSC,,109.29,87.92,1195,1192,,,EA,ORB
ONEWEB-0290,2021-075F,49080,PAY,+,UK,2021-08-21,TYMSC,,109.29,87.92,1195,1192,,,EA,ORB
ONEWEB-0291,2021-075G,49081,PAY,+,UK,2021-08-21,TYMSC,,109.29,87.92,1195,1193,,,EA,ORB
ONEWEB-0293,2021-075H,49082,PAY,+,UK,2021-08-21,TYMSC,,109.29,87.92,1195,1192,,,EA,ORB
ONEWEB-0294,2021-075J,49083,PAY,+,UK,2021-08-21,TYMSC,,109.72,87.90,1215,1212,,,EA,ORB
ONEWEB-0295,2021-075K,49084,PAY,+,UK,2021-08-21,TYMSC,,109.29,87.92,1195,1193,,,EA,ORB
ONEWEB-0296,2021-075L,49085,PAY,+,UK,2021-08-21,TYMSC,,109.72,87.90,1215,1213,,,EA,ORB
ONEWEB-0297,2021-075M,49086,PAY,+,UK,2021-08-21,TYMSC,,109.72,87.90,1215,1212,,,EA,ORB
ONEWEB-0298,2021-075N,49087,PAY,+,UK,2021-08-21,TYMSC,,109.29,87.92,1195,1192,,,EA,ORB
ONEWEB-0299,2021-075P,49088,PAY,+,UK,2021-08-21,TYMSC,,109.29,87.92,1195,1192,,,EA,ORB
ONEWEB-0300,2021-075Q,49089,PAY,+,UK,2021-08-21,TYMSC,,109.72,87.90,1215,1212,,,EA,ORB
ONEWEB-0301,2021-075R,49090,PAY,+,UK,2021-08-21,TYMSC,,109.72,87.90,1215,1212,,,EA,ORB
ONEWEB-0302,2021-075S,49091,PAY,+,UK,2021-08-21,TYMSC,,109.72,87.90,1215,1212,,,EA,ORB
ONEWEB-0304,2021-075T,49092,PAY,+,UK,2021-08-21,TYMSC,,109.29,87.92,1195,1192,,,EA,ORB
ONEWEB-0305,2021-075U,49093,PAY,+,UK,2021-08-21,TYMSC,,109.29,87.92,1195,1193,,,EA,ORB
ONEWEB-0308,2021-075V,49094,PAY,+,UK,2021-08-21,TYMSC,,109.72,87.90,1215,1212,,,EA,ORB
ONEWEB-0309,2021-075W,49095,PAY,+,UK,2021-08-21,TYMSC,,109.29,87.92,1195,1192,,,EA,ORB
ONEWEB-0310,2021-075X,49096,PAY,+,UK,2021-08-21,TYMSC,,109.72,87.90,1215,1212,,,EA,ORB
ONEWEB-0311,2021-075Y,49097,PAY,+,UK,2021-08-21,TYMSC,,109.29,87.92,1195,1193,,,EA,ORB
ONEWEB-0312,2021-075Z,49098,PAY,+,UK,2021-08-21,TYMSC,,109.29,87.92,1195,1193,,,EA,ORB
ONEWEB-0313,2021-075AA,49099,PAY,+,UK,2021-08-21,TYMSC,,109.29,87.92,1195,1192,,,EA,ORB
ONEWEB-0314,2021-075AB,49100,PAY,+,UK,2021-08-21,TYMSC,,109.29,87.92,1195,1193,,,EA,ORB
ONEWEB-0315,2021-075AC,49101,PAY,+,UK,2021-08-21,TYMSC,,109.72,87.90,1215,1212,,,EA,ORB
ONEWEB-0316,2021-075AD,49102,PAY,+,UK,2021-08-21,TYMSC,,109.20,87.92,1191,1188,,,EA,ORB
ONEWEB-0317,2021-075AE,49103,PAY,+,UK,2021-08-21,TYMSC,,109.72,87.90,1215,1212,,,EA,ORB
ONEWEB-0318,2021-075AF,49104,PAY,+,UK,2021-08-21,TYMSC,,109.20,87.92,1191,1188,,,EA,ORB
ONEWEB-0319,2021-075AG,49105,PAY,+,UK,2021-08-21,TYMSC,,109.29,87.92,1195,1192,,,EA,ORB
ONEWEB-0323,2021-075AH,49106,PAY,+,UK,2021-08-21,TYMSC,,109.72,87.90,1215,1213,,,EA,ORB
ONEWEB-0329,2021-075AJ,49107,PAY,+,UK,2021-08-21,TYMSC,,109.29,87.92,1195,1192,,,EA,ORB
ONEWEB-0330,2021-075AK,49108,PAY,+,UK,2021-08-21,TYMSC,,109.29,87.92,1195,1192,,,EA,ORB
RSW-01,2021-076A,49112,PAY,+,PRC,2021-08-24,JSC,,107.23,86.41,1109,1089,,,EA,ORB
PAYLOAD B,2021-076B,49113,PAY,+,PRC,2021-08-24,JSC,,102.17,86.40,876,847,,,EA,ORB
RSW-02,2021-076C,49114,PAY,+,PRC,2021-08-24,JSC,,107.23,86.41,1111,1086,,,EA,ORB
TJS-7,2021-077A,49115,PAY,+,PRC,2021-08-24,XICLF,,1436.10,0.19,35797,35777,,,EA,ORB
CZ-3B R/B,2021-077B,49116,R/B,D,PRC,2021-08-24,XICLF,2021-11-13,92.74,28.45,727,91,,,EA,IMP
DRAGON CRS-23,2021-078A,49117,PAY,D,US,2021-08-29,AFETR,2021-10-01,92.97,51.65,423,417,,,EA,LAN
GAOFEN-5 02,2021-079A,49122,PAY,+,PRC,2021-09-07,TAISC,,98.78,98.26,702,699,,,EA,ORB
CZ-4C R/B,2021-079B,49123,R/B,,PRC,2021-09-07,TAISC,,95.38,98.37,610,464,,,EA,ORB
OBJECT C,2021-079C,49124,UNK,D,PRC,2021-09-07,TAISC,2021-10-04,95.71,98.38,692,414,,,EA,IMP
CHINASAT 9B,2021-080A,49125,PAY,+,PRC,2021-09-09,XICLF,,1436.10,0.04,35800,35773,,,EA,ORB
CZ-3B R/B,2021-080B,49126,R/B,D,PRC,2021-09-09,XICLF,2022-05-12,99.85,24.70,1402,101,,,EA,IMP
COSMOS 2551,2021-081A,49127,PAY,D,CIS,2021-09-09,PLMSC,2021-10-20,87.22,96.34,144,130,,,EA,IMP
SL-4 R/B,2021-081B,49128,R/B,D,CIS,2021-09-09,PLMSC,2021-12-11,87.17,96.31,140,129,,,EA,IMP
FALCON 9 R/B,2021-082A,49130,R/B,D,US,2021-09-14,AFWTR,2021-09-29,87.21,69.99,141,132,,,EA,IMP
STARLINK-3096,2021-082B,49131,PAY,D,US,2021-09-14,AFWTR,2026-05-20,87.29,69.99,149,131,,,EA,IMP
STARLINK-3090,2021-082C,49132,PAY,+,US,2021-09-14,AFWTR,,96.11,70.00,575,570,,,EA,ORB
STARLINK-3077,2021-082D,49133,PAY,+,US,2021-09-14,AFWTR,,96.11,70.00,575,569,,,EA,ORB
STARLINK-3078,2021-082E,49134,PAY,+,US,2021-09-14,AFWTR,,96.11,70.00,575,570,,,EA,ORB
STARLINK-3073,2021-082F,49135,PAY,+,US,2021-09-14,AFWTR,,96.11,70.00,575,570,,,EA,ORB
STARLINK-3084,2021-082G,49136,PAY,D,US,2021-09-14,AFWTR,2025-10-07,87.75,69.98,170,156,,,EA,IMP
STARLINK-3055,2021-082H,49137,PAY,+,US,2021-09-14,AFWTR,,96.16,70.00,577,572,,,EA,ORB
STARLINK-3058,2021-082J,49138,PAY,+,US,2021-09-14,AFWTR,,96.11,70.00,575,569,,,EA,ORB
STARLINK-3057,2021-082K,49139,PAY,+,US,2021-09-14,AFWTR,,93.50,70.00,447,444,,,EA,ORB
STARLINK-3118,2021-082L,49140,PAY,D,US,2021-09-14,AFWTR,2024-10-07,87.46,69.97,155,142,,,EA,IMP
STARLINK-3093,2021-082M,49141,PAY,+,US,2021-09-14,AFWTR,,96.11,70.00,575,570,,,EA,ORB
STARLINK-3042,2021-082N,49142,PAY,D,US,2021-09-14,AFWTR,2025-05-21,87.19,69.98,143,128,,,EA,IMP
STARLINK-3109,2021-082P,49143,PAY,+,US,2021-09-14,AFWTR,,96.16,70.00,577,572,,,EA,ORB
STARLINK-3100,2021-082Q,49144,PAY,+,US,2021-09-14,AFWTR,,96.11,70.00,575,569,,,EA,ORB
STARLINK-3119,2021-082R,49145,PAY,+,US,2021-09-14,AFWTR,,96.11,70.00,575,569,,,EA,ORB
STARLINK-3116,2021-082S,49146,PAY,+,US,2021-09-14,AFWTR,,96.16,70.00,577,572,,,EA,ORB
STARLINK-3071,2021-082T,49147,PAY,+,US,2021-09-14,AFWTR,,96.11,70.00,574,570,,,EA,ORB
STARLINK-3048,2021-082U,49148,PAY,+,US,2021-09-14,AFWTR,,96.16,70.00,577,572,,,EA,ORB
STARLINK-3053,2021-082V,49149,PAY,D,US,2021-09-14,AFWTR,2025-04-10,87.52,69.99,158,145,,,EA,IMP
STARLINK-3104,2021-082W,49150,PAY,D,US,2021-09-14,AFWTR,2025-04-19,87.39,69.98,153,138,,,EA,IMP
STARLINK-3102,2021-082X,49151,PAY,+,US,2021-09-14,AFWTR,,96.11,70.00,575,570,,,EA,ORB
STARLINK-3081,2021-082Y,49152,PAY,D,US,2021-09-14,AFWTR,2025-04-15,88.03,69.97,186,168,,,EA,IMP
STARLINK-3072,2021-082Z,49153,PAY,+,US,2021-09-14,AFWTR,,96.11,70.00,574,570,,,EA,ORB
STARLINK-3068,2021-082AA,49154,PAY,+,US,2021-09-14,AFWTR,,96.16,70.00,577,572,,,EA,ORB
STARLINK-3060,2021-082AB,49155,PAY,+,US,2021-09-14,AFWTR,,96.11,70.00,574,570,,,EA,ORB
STARLINK-3085,2021-082AC,49156,PAY,+,US,2021-09-14,AFWTR,,96.11,70.00,575,570,,,EA,ORB
STARLINK-3051,2021-082AD,49157,PAY,+,US,2021-09-14,AFWTR,,95.58,70.00,550,543,,,EA,ORB
STARLINK-3083,2021-082AE,49158,PAY,P,US,2021-09-14,AFWTR,,90.46,69.95,302,292,,,EA,ORB
STARLINK-3056,2021-082AF,49159,PAY,+,US,2021-09-14,AFWTR,,96.11,70.00,575,570,,,EA,ORB
STARLINK-3095,2021-082AG,49160,PAY,+,US,2021-09-14,AFWTR,,96.11,70.00,575,569,,,EA,ORB
STARLINK-3080,2021-082AH,49161,PAY,+,US,2021-09-14,AFWTR,,96.11,70.00,575,569,,,EA,ORB
STARLINK-3082,2021-082AJ,49162,PAY,D,US,2021-09-14,AFWTR,2024-11-07,87.78,69.98,170,159,,,EA,IMP
STARLINK-3088,2021-082AK,49163,PAY,+,US,2021-09-14,AFWTR,,96.16,70.00,577,572,,,EA,ORB
STARLINK-3106,2021-082AL,49164,PAY,+,US,2021-09-14,AFWTR,,96.11,70.00,575,570,,,EA,ORB
STARLINK-3052,2021-082AM,49165,PAY,+,US,2021-09-14,AFWTR,,96.11,70.00,575,569,,,EA,ORB
STARLINK-3089,2021-082AN,49166,PAY,+,US,2021-09-14,AFWTR,,96.16,70.00,577,572,,,EA,ORB
STARLINK-3054,2021-082AP,49167,PAY,+,US,2021-09-14,AFWTR,,96.11,70.00,575,569,,,EA,ORB
STARLINK-3101,2021-082AQ,49168,PAY,D,US,2021-09-14,AFWTR,2025-04-13,87.48,69.99,158,141,,,EA,IMP
STARLINK-3046,2021-082AR,49169,PAY,+,US,2021-09-14,AFWTR,,96.11,70.00,574,570,,,EA,ORB
STARLINK-3074,2021-082AS,49170,PAY,D,US,2021-09-14,AFWTR,2024-12-17,87.34,69.98,147,139,,,EA,IMP
STARLINK-3107,2021-082AT,49171,PAY,P,US,2021-09-14,AFWTR,,94.95,69.99,520,512,,,EA,ORB
STARLINK-3091,2021-082AU,49172,PAY,D,US,2021-09-14,AFWTR,2025-05-27,87.40,69.99,154,137,,,EA,IMP
STARLINK-3045,2021-082AV,49173,PAY,+,US,2021-09-14,AFWTR,,96.11,70.00,574,570,,,EA,ORB
STARLINK-3047,2021-082AW,49174,PAY,D,US,2021-09-14,AFWTR,2025-10-30,88.27,69.95,196,182,,,EA,IMP
STARLINK-3087,2021-082AX,49175,PAY,+,US,2021-09-14,AFWTR,,96.16,70.00,577,572,,,EA,ORB
STARLINK-3069,2021-082AY,49176,PAY,+,US,2021-09-14,AFWTR,,91.18,70.00,335,330,,,EA,ORB
STARLINK-3103,2021-082AZ,49177,PAY,+,US,2021-09-14,AFWTR,,96.11,70.00,574,570,,,EA,ORB
STARLINK-3086,2021-082BA,49178,PAY,+,US,2021-09-14,AFWTR,,96.11,70.00,574,570,,,EA,ORB
STARLINK-3043,2021-082BB,49179,PAY,+,US,2021-09-14,AFWTR,,96.11,70.00,575,570,,,EA,ORB
STARLINK-3050,2021-082BC,49180,PAY,D,US,2021-09-14,AFWTR,2026-03-25,87.35,69.98,149,137,,,EA,IMP
STARLINK-3059,2021-082BD,49181,PAY,+,US,2021-09-14,AFWTR,,96.11,70.00,575,569,,,EA,ORB
FALCON 9 DEB,2021-082BE,49182,DEB,D,US,2021-09-14,AFWTR,2021-10-03,87.42,69.97,154,139,,,EA,IMP
FALCON 9 DEB,2021-082BF,49183,DEB,D,US,2021-09-14,AFWTR,2021-10-03,87.49,69.98,155,145,,,EA,IMP
FALCON 9 DEB,2021-082BG,49184,DEB,D,US,2021-09-14,AFWTR,2021-10-02,87.34,69.99,150,135,,,EA,IMP
FALCON 9 DEB,2021-082BH,49185,DEB,D,US,2021-09-14,AFWTR,2021-10-03,87.47,69.99,155,143,,,EA,IMP
ONEWEB-0292,2021-083A,49186,PAY,+,UK,2021-09-14,TYMSC,,109.63,87.90,1211,1208,,,EA,ORB
ONEWEB-0303,2021-083B,49187,PAY,+,UK,2021-09-14,TYMSC,,109.20,87.92,1191,1188,,,EA,ORB
ONEWEB-0306,2021-083C,49188,PAY,+,UK,2021-09-14,TYMSC,,109.20,87.92,1191,1188,,,EA,ORB
ONEWEB-0307,2021-083D,49189,PAY,+,UK,2021-09-14,TYMSC,,109.63,87.90,1211,1208,,,EA,ORB
ONEWEB-0320,2021-083E,49190,PAY,+,UK,2021-09-14,TYMSC,,109.20,87.92,1191,1188,,,EA,ORB
ONEWEB-0321,2021-083F,49191,PAY,+,UK,2021-09-14,TYMSC,,109.03,87.91,1183,1180,,,EA,ORB
ONEWEB-0322,2021-083G,49192,PAY,+,UK,2021-09-14,TYMSC,,109.63,87.90,1212,1208,,,EA,ORB
ONEWEB-0324,2021-083H,49193,PAY,+,UK,2021-09-14,TYMSC,,109.20,87.92,1191,1188,,,EA,ORB
ONEWEB-0325,2021-083J,49194,PAY,+,UK,2021-09-14,TYMSC,,109.20,87.92,1191,1188,,,EA,ORB
ONEWEB-0326,2021-083K,49195,PAY,+,UK,2021-09-14,TYMSC,,109.20,87.92,1191,1188,,,EA,ORB
ONEWEB-0327,2021-083L,49196,PAY,+,UK,2021-09-14,TYMSC,,109.20,87.92,1191,1188,,,EA,ORB
ONEWEB-0328,2021-083M,49197,PAY,+,UK,2021-09-14,TYMSC,,109.63,87.90,1211,1208,,,EA,ORB
ONEWEB-0331,2021-083N,49198,PAY,+,UK,2021-09-14,TYMSC,,109.20,87.92,1191,1188,,,EA,ORB
ONEWEB-0333,2021-083P,49199,PAY,+,UK,2021-09-14,TYMSC,,109.63,87.90,1211,1208,,,EA,ORB
ONEWEB-0334,2021-083Q,49200,PAY,+,UK,2021-09-14,TYMSC,,109.03,87.91,1184,1180,,,EA,ORB
ONEWEB-0335,2021-083R,49201,PAY,+,UK,2021-09-14,TYMSC,,109.63,87.90,1211,1208,,,EA,ORB
ONEWEB-0336,2021-083S,49202,PAY,+,UK,2021-09-14,TYMSC,,109.63,87.90,1211,1208,,,EA,ORB
ONEWEB-0337,2021-083T,49203,PAY,+,UK,2021-09-14,TYMSC,,109.63,87.90,1211,1208,,,EA,ORB
ONEWEB-0338,2021-083U,49204,PAY,+,UK,2021-09-14,TYMSC,,109.03,87.91,1184,1180,,,EA,ORB
ONEWEB-0339,2021-083V,49205,PAY,+,UK,2021-09-14,TYMSC,,109.63,87.90,1211,1208,,,EA,ORB
ONEWEB-0340,2021-083W,49206,PAY,+,UK,2021-09-14,TYMSC,,109.20,87.92,1191,1188,,,EA,ORB
ONEWEB-0341,2021-083X,49207,PAY,+,UK,2021-09-14,TYMSC,,109.20,87.92,1191,1189,,,EA,ORB
ONEWEB-0342,2021-083Y,49208,PAY,+,UK,2021-09-14,TYMSC,,109.03,87.91,1183,1180,,,EA,ORB
ONEWEB-0343,2021-083Z,49209,PAY,+,UK,2021-09-14,TYMSC,,109.20,87.92,1191,1188,,,EA,ORB
ONEWEB-0344,2021-083AA,49210,PAY,+,UK,2021-09-14,TYMSC,,109.63,87.90,1211,1209,,,EA,ORB
ONEWEB-0345,2021-083AB,49211,PAY,+,UK,2021-09-14,TYMSC,,109.63,87.90,1211,1208,,,EA,ORB
ONEWEB-0346,2021-083AC,49212,PAY,+,UK,2021-09-14,TYMSC,,109.20,87.92,1191,1188,,,EA,ORB
ONEWEB-0348,2021-083AD,49213,PAY,+,UK,2021-09-14,TYMSC,,109.03,87.91,1183,1181,,,EA,ORB
ONEWEB-0350,2021-083AE,49214,PAY,+,UK,2021-09-14,TYMSC,,109.63,87.90,1212,1207,,,EA,ORB
ONEWEB-0351,2021-083AF,49215,PAY,+,UK,2021-09-14,TYMSC,,109.03,87.91,1184,1180,,,EA,ORB
ONEWEB-0352,2021-083AG,49216,PAY,+,UK,2021-09-14,TYMSC,,109.63,87.90,1211,1208,,,EA,ORB
ONEWEB-0354,2021-083AH,49217,PAY,+,UK,2021-09-14,TYMSC,,109.03,87.91,1183,1181,,,EA,ORB
ONEWEB-0355,2021-083AJ,49218,PAY,+,UK,2021-09-14,TYMSC,,109.63,87.90,1211,1208,,,EA,ORB
ONEWEB-0357,2021-083AK,49219,PAY,+,UK,2021-09-14,TYMSC,,109.03,87.91,1183,1180,,,EA,ORB
INSPIRATION4,2021-084A,49220,PAY,D,US,2021-09-16,AFETR,2021-09-18,91.84,51.64,369,360,,,EA,LAN
SZ-12 MODULE,2021-053C,49221,PAY,D,PRC,2021-06-17,JSC,2023-02-08,87.21,41.53,139,134,,,EA,IMP
TIANZHOU-3,2021-085A,49222,PAY,D,PRC,2021-09-20,WSC,2022-07-27,92.22,41.47,386,381,,,EA,IMP
CZ-7 R/B,2021-085B,49223,R/B,D,PRC,2021-09-20,WSC,2021-10-04,87.63,41.44,173,141,,,EA,IMP
INSPIRATION4 DEB,2021-084B,49248,DEB,D,US,2021-09-16,AFETR,2022-03-08,87.59,51.62,156,154,,,EA,IMP
SZ-12 MODULE DEB,2021-053D,49251,DEB,D,PRC,2021-06-17,JSC,2021-10-15,90.72,41.54,318,302,,,EA,IMP
SZ-12 MODULE DEB,2021-053E,49252,DEB,D,PRC,2021-06-17,JSC,2021-10-13,90.70,41.53,316,302,,,EA,IMP
SZ-12 MODULE DEB,2021-053F,49253,DEB,D,PRC,2021-06-17,JSC,2021-11-02,90.87,41.53,330,304,,,EA,IMP
SZ-12 MODULE DEB,2021-053G,49254,DEB,D,PRC,2021-06-17,JSC,2021-10-08,89.61,41.52,263,248,,,EA,IMP
SZ-12 MODULE DEB,2021-053H,49255,DEB,D,PRC,2021-06-17,JSC,2021-10-09,89.63,41.53,263,249,,,EA,IMP
JILIN-1 GAOFEN 2D,2021-086A,49256,PAY,+,PRC,2021-09-27,JSC,,95.30,97.65,555,511,,,EA,ORB
KZ-1A R/B,2021-086B,49257,R/B,D,PRC,2021-09-27,JSC,2021-10-11,87.32,97.50,153,130,,,EA,IMP
SHIYAN-10 01 (SY-10 01),2021-087A,49258,PAY,+,PRC,2021-09-27,XICLF,,717.68,63.13,38494,1856,,,EA,ORB
CZ-3B R/B,2021-087B,49259,R/B,D,PRC,2021-09-27,XICLF,2022-08-14,90.46,51.08,498,96,,,EA,IMP
LANDSAT 9,2021-088A,49260,PAY,+,US,2021-09-27,AFWTR,,98.83,98.22,704,702,,,EA,ORB
CS1,2021-088B,49261,PAY,+,US,2021-09-27,AFWTR,,93.73,97.37,465,449,,,EA,ORB
CS2,2021-088C,49262,PAY,+,US,2021-09-27,AFWTR,,93.62,97.38,458,446,,,EA,ORB
CUTE,2021-088D,49263,PAY,D,US,2021-09-27,AFWTR,2026-07-17,87.72,97.39,171,152,,,EA,IMP
CUPID,2021-088E,49264,PAY,+,US,2021-09-27,AFWTR,,94.31,97.38,493,477,,,EA,ORB
DRAGON CRS-23 DEB,2021-078B,49268,DEB,D,US,2021-08-29,AFETR,2021-11-18,87.51,51.62,155,147,,,EA,IMP
SOYUZ-MS 19,2021-089A,49269,PAY,D,CIS,2021-10-05,TYMSC,2022-03-30,92.93,51.65,421,415,,,EA,LAN
SL-4 R/B,2021-089B,49270,R/B,D,CIS,2021-10-05,TYMSC,2021-10-08,87.52,51.64,155,148,,,EA,IMP
ONEWEB-0332,2021-090A,49279,PAY,+,UK,2021-10-14,VOSTO,,109.55,87.89,1208,1204,,,EA,ORB
ONEWEB-0347,2021-090B,49280,PAY,+,UK,2021-10-14,VOSTO,,109.03,87.91,1184,1180,,,EA,ORB
ONEWEB-0349,2021-090C,49281,PAY,+,UK,2021-10-14,VOSTO,,109.03,87.91,1183,1180,,,EA,ORB
ONEWEB-0353,2021-090D,49282,PAY,+,UK,2021-10-14,VOSTO,,109.55,87.89,1208,1204,,,EA,ORB
ONEWEB-0356,2021-090E,49283,PAY,+,UK,2021-10-14,VOSTO,,109.03,87.91,1183,1180,,,EA,ORB
ONEWEB-0358,2021-090F,49284,PAY,+,UK,2021-10-14,VOSTO,,109.03,87.91,1183,1180,,,EA,ORB
ONEWEB-0359,2021-090G,49285,PAY,+,UK,2021-10-14,VOSTO,,109.03,87.91,1183,1180,,,EA,ORB
ONEWEB-0360,2021-090H,49286,PAY,+,UK,2021-10-14,VOSTO,,109.03,87.91,1183,1180,,,EA,ORB
ONEWEB-0361,2021-090J,49287,PAY,+,UK,2021-10-14,VOSTO,,109.03,87.91,1183,1180,,,EA,ORB
ONEWEB-0362,2021-090K,49288,PAY,+,UK,2021-10-14,VOSTO,,109.11,87.92,1187,1184,,,EA,ORB
ONEWEB-0363,2021-090L,49289,PAY,+,UK,2021-10-14,VOSTO,,109.03,87.91,1183,1180,,,EA,ORB
ONEWEB-0364,2021-090M,49290,PAY,+,UK,2021-10-14,VOSTO,,109.03,87.91,1183,1180,,,EA,ORB
ONEWEB-0365,2021-090N,49291,PAY,+,UK,2021-10-14,VOSTO,,109.11,87.92,1187,1184,,,EA,ORB
ONEWEB-0366,2021-090P,49292,PAY,+,UK,2021-10-14,VOSTO,,109.55,87.89,1207,1204,,,EA,ORB
ONEWEB-0367,2021-090Q,49293,PAY,+,UK,2021-10-14,VOSTO,,109.03,87.91,1183,1180,,,EA,ORB
ONEWEB-0368,2021-090R,49294,PAY,+,UK,2021-10-14,VOSTO,,109.03,87.91,1184,1180,,,EA,ORB
ONEWEB-0369,2021-090S,49295,PAY,+,UK,2021-10-14,VOSTO,,109.11,87.92,1187,1184,,,EA,ORB
ONEWEB-0370,2021-090T,49296,PAY,+,UK,2021-10-14,VOSTO,,109.03,87.91,1183,1180,,,EA,ORB
ONEWEB-0371,2021-090U,49297,PAY,+,UK,2021-10-14,VOSTO,,109.11,87.92,1187,1184,,,EA,ORB
ONEWEB-0372,2021-090V,49298,PAY,+,UK,2021-10-14,VOSTO,,109.03,87.91,1183,1180,,,EA,ORB
ONEWEB-0373,2021-090W,49299,PAY,+,UK,2021-10-14,VOSTO,,109.03,87.91,1183,1180,,,EA,ORB
ONEWEB-0374,2021-090X,49300,PAY,+,UK,2021-10-14,VOSTO,,109.55,87.89,1207,1204,,,EA,ORB
ONEWEB-0375,2021-090Y,49301,PAY,+,UK,2021-10-14,VOSTO,,109.03,87.91,1183,1180,,,EA,ORB
ONEWEB-0376,2021-090Z,49302,PAY,+,UK,2021-10-14,VOSTO,,109.11,87.92,1187,1184,,,EA,ORB
ONEWEB-0377,2021-090AA,49303,PAY,+,UK,2021-10-14,VOSTO,,109.03,87.91,1183,1180,,,EA,ORB
ONEWEB-0378,2021-090AB,49304,PAY,+,UK,2021-10-14,VOSTO,,109.03,87.91,1183,1180,,,EA,ORB
ONEWEB-0379,2021-090AC,49305,PAY,+,UK,2021-10-14,VOSTO,,109.54,87.89,1207,1204,,,EA,ORB
ONEWEB-0380,2021-090AD,49306,PAY,+,UK,2021-10-14,VOSTO,,109.11,87.92,1187,1184,,,EA,ORB
ONEWEB-0381,2021-090AE,49307,PAY,+,UK,2021-10-14,VOSTO,,109.03,87.91,1183,1180,,,EA,ORB
ONEWEB-0382,2021-090AF,49308,PAY,+,UK,2021-10-14,VOSTO,,109.03,87.91,1183,1180,,,EA,ORB
ONEWEB-0383,2021-090AG,49309,PAY,+,UK,2021-10-14,VOSTO,,109.54,87.89,1207,1204,,,EA,ORB
ONEWEB-0384,2021-090AH,49310,PAY,+,UK,2021-10-14,VOSTO,,109.02,87.91,1183,1180,,,EA,ORB
ONEWEB-0385,2021-090AJ,49311,PAY,+,UK,2021-10-14,VOSTO,,109.03,87.91,1183,1180,,,EA,ORB
ONEWEB-0386,2021-090AK,49312,PAY,+,UK,2021-10-14,VOSTO,,109.03,87.91,1183,1180,,,EA,ORB
ONEWEB-0387,2021-090AL,49313,PAY,+,UK,2021-10-14,VOSTO,,109.03,87.91,1183,1181,,,EA,ORB
ONEWEB-0388,2021-090AM,49314,PAY,+,UK,2021-10-14,VOSTO,,109.11,87.91,1187,1184,,,EA,ORB
OBJECT A,2021-091A,49315,PAY,D,PRC,2021-10-14,TAISC,2024-03-02,87.59,97.39,162,149,,,EA,IMP
OBJECT B,2021-091B,49316,PAY,+,PRC,2021-10-14,TAISC,,94.81,97.45,519,500,,,EA,ORB
OBJECT C,2021-091C,49317,PAY,D,PRC,2021-10-14,TAISC,2026-02-25,87.45,97.31,153,143,,,EA,IMP
OBJECT D,2021-091D,49318,PAY,+,PRC,2021-10-14,TAISC,,102.85,97.45,902,884,,,EA,ORB
OBJECT E,2021-091E,49319,PAY,-,PRC,2021-10-14,TAISC,,91.80,97.37,367,358,,,EA,ORB
OBJECT F,2021-091F,49320,PAY,D,PRC,2021-10-14,TAISC,2025-01-09,87.43,97.38,152,143,,,EA,IMP
OBJECT G,2021-091G,49321,PAY,-,PRC,2021-10-14,TAISC,,90.69,97.35,310,307,,,EA,ORB
OBJECT H,2021-091H,49322,PAY,D,PRC,2021-10-14,TAISC,2025-05-10,87.69,97.37,166,154,,,EA,IMP
OBJECT J,2021-091J,49323,PAY,D,PRC,2021-10-14,TAISC,2025-02-01,88.22,97.37,190,183,,,EA,IMP
SSS-2A,2021-091K,49324,PAY,D,PRC,2021-10-14,TAISC,2024-04-19,87.66,97.37,167,151,,,EA,IMP
OBJECT L,2021-091L,49325,PAY,D,PRC,2021-10-14,TAISC,2024-01-17,87.80,97.40,170,161,,,EA,IMP
SHENZHOU-13 (SZ-13),2021-092A,49326,PAY,D,PRC,2021-10-15,JSC,2022-04-16,92.02,41.47,378,369,,,EA,LAN
CZ-2F R/B,2021-092B,49327,R/B,D,PRC,2021-10-15,JSC,2021-11-01,87.41,41.46,160,132,,,EA,IMP
LUCY,2021-093A,49328,PAY,+,US,2021-10-16,AFETR,,,,,,,,SU,ORB
ATLAS 5 CENTAUR R/B,2021-093B,49329,R/B,,US,2021-10-16,AFETR,,,,,,,,SU,ORB
SHIJIAN-21 (SJ-21),2021-094A,49330,PAY,+,PRC,2021-10-24,XICLF,,1435.99,5.26,36008,35562,,,EA,ORB
CZ-3B R/B,2021-094B,49331,R/B,,PRC,2021-10-24,XICLF,,586.86,28.25,33367,315,,,EA,ORB
SES-17,2021-095A,49332,PAY,+,SES,2021-10-24,FRGUI,,1436.11,0.02,35792,35782,,,EA,ORB
SYRACUSE 4A,2021-095B,49333,PAY,+,FR,2021-10-24,FRGUI,,1436.12,0.01,35793,35781,,,EA,ORB
ARIANE 5 DEB [SYLDA],2021-095C,49334,DEB,D,FR,2021-10-24,FRGUI,2026-06-30,102.93,6.11,1656,139,,,EA,IMP
ARIANE 5 R/B,2021-095D,49335,R/B,,FR,2021-10-24,FRGUI,,561.17,5.50,32090,227,,,EA,ORB
QZS-1R (MICHIBIKI-1R),2021-096A,49336,PAY,+,JPN,2021-10-26,TANSC,,1435.72,37.58,38905,32654,,,EA,ORB
H-2A R/B,2021-096B,49337,R/B,,JPN,2021-10-26,TANSC,,487.85,31.74,28061,239,,,EA,ORB
JILIN-1 GAOFEN 2F,2021-097A,49338,PAY,+,PRC,2021-10-27,JSC,,95.48,97.68,555,529,,,EA,ORB
KZ-1A R/B,2021-097B,49339,R/B,D,PRC,2021-10-27,JSC,2021-10-30,88.02,97.59,242,111,,,EA,IMP
PROGRESS-MS 18,2021-098A,49379,PAY,D,CIS,2021-10-28,TYMSC,2022-06-01,92.92,51.64,421,414,,,EA,IMP
SL-4 R/B,2021-098B,49380,R/B,D,CIS,2021-10-28,TYMSC,2021-10-30,87.15,51.64,136,131,,,EA,IMP
SJ-21 AKM,2021-094C,49382,R/B,,PRC,2021-10-24,XICLF,,1451.42,11.40,36100,36072,,,EA,ORB
YAOGAN-32 02A,2021-099A,49383,PAY,+,PRC,2021-11-03,JSC,,98.34,98.26,681,678,,,EA,ORB
YAOGAN-32 02B,2021-099B,49384,PAY,+,PRC,2021-11-03,JSC,,98.34,98.26,681,678,,,EA,ORB
YZ-1S DEB,2021-099C,49385,DEB,,PRC,2021-11-03,JSC,,97.62,98.29,650,639,,,EA,ORB
YZ-1S R/B,2021-099D,49386,R/B,D,PRC,2021-11-03,JSC,2021-12-19,87.47,98.08,174,124,,,EA,IMP
SDGSAT 1,2021-100A,49387,PAY,+,PRC,2021-11-05,TAISC,,94.77,97.26,515,500,,,EA,ORB
YAOGAN-35 01A,2021-101A,49390,PAY,+,PRC,2021-11-06,XICLF,,94.28,34.99,489,479,,,EA,ORB
YAOGAN-35 01B,2021-101B,49391,PAY,D,PRC,2021-11-06,XICLF,2025-07-30,88.37,34.98,200,187,,,EA,IMP
CZ-2D R/B,2021-101C,49392,R/B,D,PRC,2021-11-06,XICLF,2023-04-07,87.64,34.97,161,154,,,EA,IMP
YAOGAN-35 01C,2021-101D,49393,PAY,+,PRC,2021-11-06,XICLF,,94.50,35.00,499,490,,,EA,ORB
CZ-2D DEB,2021-101E,49394,DEB,D,PRC,2021-11-06,XICLF,2023-04-01,88.25,34.97,194,182,,,EA,IMP
ASTERISC,2021-102A,49395,PAY,D,JPN,2021-11-09,KSCUT,2025-01-20,87.45,97.35,157,140,,,EA,IMP
TEIKYOSAT-4 (OORURI),2021-102B,49396,PAY,+,JPN,2021-11-09,KSCUT,,95.38,97.37,547,528,,,EA,ORB
RAISE 2,2021-102C,49397,PAY,+,JPN,2021-11-09,KSCUT,,94.60,97.32,506,492,,,EA,ORB
OBJECT D,2021-102D,49398,PAY,-,JPN,2021-11-09,KSCUT,,94.01,97.32,476,465,,,EA,ORB
Z-SAT,2021-102E,49399,PAY,+,JPN,2021-11-09,KSCUT,,94.82,97.33,522,498,,,EA,ORB
HIBARI,2021-102F,49400,PAY,+,JPN,2021-11-09,KSCUT,,93.94,97.32,474,460,,,EA,ORB
DRUMS,2021-102G,49401,PAY,+,JPN,2021-11-09,KSCUT,,94.67,97.33,513,492,,,EA,ORB
KOSEN-1,2021-102H,49402,PAY,+,JPN,2021-11-09,KSCUT,,94.26,97.31,491,474,,,EA,ORB
ARICA,2021-102J,49403,PAY,D,JPN,2021-11-09,KSCUT,2026-07-15,87.91,97.27,180,162,,,EA,IMP
OBJECT K,2021-102K,49404,UNK,,JPN,2021-11-09,KSCUT,,94.57,97.32,510,486,,,EA,ORB
EPSILON R/B,2021-102L,49405,R/B,D,JPN,2021-11-09,KSCUT,2022-01-20,86.89,97.65,135,106,,,EA,IMP
CREW DRAGON 2 DEB [TRUNK],2021-030B,49406,DEB,D,US,2021-04-23,AFETR,2022-09-28,87.55,51.70,156,150,,,EA,IMP
CREW DRAGON 3,2021-103A,49407,PAY,D,US,2021-11-11,AFETR,2022-05-06,90.72,51.64,406,214,,,EA,LAN
STARLINK-3151,2021-104A,49408,PAY,D,US,2021-11-13,AFETR,2026-06-24,87.69,53.20,166,155,,,EA,IMP
STARLINK-3075,2021-104B,49409,PAY,+,US,2021-11-13,AFETR,,93.90,53.16,466,464,,,EA,ORB
STARLINK-3147,2021-104C,49410,PAY,+,US,2021-11-13,AFETR,,94.01,53.16,472,470,,,EA,ORB
STARLINK-3162,2021-104D,49411,PAY,+,US,2021-11-13,AFETR,,93.79,53.16,461,459,,,EA,ORB
STARLINK-3144,2021-104E,49412,PAY,D,US,2021-11-13,AFETR,2024-12-20,87.61,53.19,161,151,,,EA,IMP
STARLINK-3157,2021-104F,49413,PAY,+,US,2021-11-13,AFETR,,93.90,53.16,466,464,,,EA,ORB
STARLINK-3146,2021-104G,49414,PAY,+,US,2021-11-13,AFETR,,93.90,53.16,466,465,,,EA,ORB
STARLINK-3159,2021-104H,49415,PAY,+,US,2021-11-13,AFETR,,93.85,53.16,464,462,,,EA,ORB
STARLINK-3133,2021-104J,49416,PAY,+,US,2021-11-13,AFETR,,93.85,53.16,464,462,,,EA,ORB
STARLINK-3154,2021-104K,49417,PAY,+,US,2021-11-13,AFETR,,93.85,53.16,464,462,,,EA,ORB
STARLINK-3111,2021-104L,49418,PAY,+,US,2021-11-13,AFETR,,93.90,53.16,466,464,,,EA,ORB
STARLINK-3120,2021-104M,49419,PAY,+,US,2021-11-13,AFETR,,93.79,53.16,461,459,,,EA,ORB
STARLINK-3110,2021-104N,49420,PAY,+,US,2021-11-13,AFETR,,93.85,53.16,464,462,,,EA,ORB
STARLINK-3112,2021-104P,49421,PAY,+,US,2021-11-13,AFETR,,94.01,53.16,472,470,,,EA,ORB
STARLINK-3161,2021-104Q,49422,PAY,+,US,2021-11-13,AFETR,,93.79,53.16,461,459,,,EA,ORB
STARLINK-3149,2021-104R,49423,PAY,D,US,2021-11-13,AFETR,2026-03-31,87.33,53.20,144,140,,,EA,IMP
STARLINK-3135,2021-104S,49424,PAY,+,US,2021-11-13,AFETR,,93.90,53.16,466,464,,,EA,ORB
STARLINK-3139,2021-104T,49425,PAY,+,US,2021-11-13,AFETR,,94.01,53.16,472,470,,,EA,ORB
STARLINK-3114,2021-104U,49426,PAY,+,US,2021-11-13,AFETR,,93.85,53.16,464,462,,,EA,ORB
STARLINK-3131,2021-104V,49427,PAY,+,US,2021-11-13,AFETR,,94.01,53.16,472,470,,,EA,ORB
STARLINK-3121,2021-104W,49428,PAY,+,US,2021-11-13,AFETR,,95.03,53.16,522,518,,,EA,ORB
STARLINK-3123,2021-104X,49429,PAY,D,US,2021-11-13,AFETR,2021-12-01,88.00,53.21,193,158,,,EA,IMP
STARLINK-3138,2021-104Y,49430,PAY,+,US,2021-11-13,AFETR,,93.85,53.16,464,462,,,EA,ORB
STARLINK-3153,2021-104Z,49431,PAY,+,US,2021-11-13,AFETR,,93.85,53.16,464,462,,,EA,ORB
STARLINK-3158,2021-104AA,49432,PAY,+,US,2021-11-13,AFETR,,94.01,53.16,472,470,,,EA,ORB
STARLINK-3079,2021-104AB,49433,PAY,+,US,2021-11-13,AFETR,,95.16,53.16,528,525,,,EA,ORB
STARLINK-3134,2021-104AC,49434,PAY,+,US,2021-11-13,AFETR,,95.29,53.21,534,531,,,EA,ORB
STARLINK-3117,2021-104AD,49435,PAY,+,US,2021-11-13,AFETR,,95.44,53.16,541,539,,,EA,ORB
STARLINK-3049,2021-104AE,49436,PAY,+,US,2021-11-13,AFETR,,94.94,53.16,517,515,,,EA,ORB
STARLINK-3130,2021-104AF,49437,PAY,+,US,2021-11-13,AFETR,,93.90,53.16,466,464,,,EA,ORB
STARLINK-3044,2021-104AG,49438,PAY,+,US,2021-11-13,AFETR,,94.90,53.16,515,512,,,EA,ORB
STARLINK-3108,2021-104AH,49439,PAY,D,US,2021-11-13,AFETR,2024-05-16,88.68,53.19,214,205,,,EA,IMP
STARLINK-3105,2021-104AJ,49440,PAY,+,US,2021-11-13,AFETR,,95.44,53.16,541,539,,,EA,ORB
STARLINK-3128,2021-104AK,49441,PAY,+,US,2021-11-13,AFETR,,93.85,53.16,464,462,,,EA,ORB
STARLINK-3098,2021-104AL,49442,PAY,+,US,2021-11-13,AFETR,,93.83,53.16,463,461,,,EA,ORB
STARLINK-3136,2021-104AM,49443,PAY,+,US,2021-11-13,AFETR,,95.20,53.22,529,527,,,EA,ORB
STARLINK-3126,2021-104AN,49444,PAY,+,US,2021-11-13,AFETR,,94.49,53.16,495,493,,,EA,ORB
STARLINK-3122,2021-104AP,49445,PAY,+,US,2021-11-13,AFETR,,93.90,53.16,466,464,,,EA,ORB
STARLINK-3099,2021-104AQ,49446,PAY,+,US,2021-11-13,AFETR,,94.01,53.16,472,470,,,EA,ORB
STARLINK-3115,2021-104AR,49447,PAY,+,US,2021-11-13,AFETR,,94.01,53.16,472,470,,,EA,ORB
STARLINK-3097,2021-104AS,49448,PAY,D,US,2021-11-13,AFETR,2024-05-04,87.63,53.20,162,151,,,EA,IMP
STARLINK-3137,2021-104AT,49449,PAY,P,US,2021-11-13,AFETR,,92.48,53.21,400,392,,,EA,ORB
STARLINK-3127,2021-104AU,49450,PAY,+,US,2021-11-13,AFETR,,93.79,53.16,461,459,,,EA,ORB
STARLINK-3125,2021-104AV,49451,PAY,+,US,2021-11-13,AFETR,,93.90,53.16,466,464,,,EA,ORB
STARLINK-3150,2021-104AW,49452,PAY,+,US,2021-11-13,AFETR,,94.01,53.16,472,470,,,EA,ORB
STARLINK-3129,2021-104AX,49453,PAY,+,US,2021-11-13,AFETR,,94.01,53.16,472,470,,,EA,ORB
STARLINK-3160,2021-104AY,49454,PAY,+,US,2021-11-13,AFETR,,93.85,53.16,464,462,,,EA,ORB
STARLINK-3145,2021-104AZ,49455,PAY,+,US,2021-11-13,AFETR,,93.85,53.16,463,462,,,EA,ORB
STARLINK-3124,2021-104BA,49456,PAY,+,US,2021-11-13,AFETR,,93.90,53.16,466,464,,,EA,ORB
STARLINK-3132,2021-104BB,49457,PAY,+,US,2021-11-13,AFETR,,94.01,53.16,472,470,,,EA,ORB
STARLINK-3156,2021-104BC,49458,PAY,+,US,2021-11-13,AFETR,,93.90,53.16,466,464,,,EA,ORB
STARLINK-3141,2021-104BD,49459,PAY,+,US,2021-11-13,AFETR,,93.79,53.16,460,459,,,EA,ORB
STARLINK-3140,2021-104BE,49460,PAY,+,US,2021-11-13,AFETR,,93.79,53.16,461,459,,,EA,ORB
FALCON 9 DEB,2021-104BF,49461,DEB,D,US,2021-11-13,AFETR,2021-11-30,87.52,53.21,162,141,,,EA,IMP
FALCON 9 DEB,2021-104BG,49462,DEB,D,US,2021-11-13,AFETR,2021-11-30,87.97,53.20,190,158,,,EA,IMP
FALCON 9 DEB,2021-104BH,49463,DEB,D,US,2021-11-13,AFETR,2021-12-01,88.50,53.22,226,175,,,EA,IMP
CERES 1,2021-105A,49464,PAY,+,FR,2021-11-16,FRGUI,,,,,,,NEA,EA,ORB
CERES 2,2021-105B,49465,PAY,+,FR,2021-11-16,FRGUI,,,,,,,NEA,EA,ORB
CERES 3,2021-105C,49466,PAY,+,FR,2021-11-16,FRGUI,,,,,,,NEA,EA,ORB
AVUM R/B,2021-105D,49467,R/B,,FR,2021-11-16,FRGUI,,93.83,74.92,515,408,,,EA,ORB
FALCON 9 DEB,2021-104BJ,49468,DEB,D,US,2021-11-13,AFETR,2021-11-30,88.38,53.22,218,171,,,EA,IMP
GLOBAL-14,2021-106A,49469,PAY,+,US,2021-11-18,RLLB,,92.69,42.00,418,395,,,EA,ORB
GLOBAL-15,2021-106B,49470,PAY,D,US,2021-11-18,RLLB,2024-09-20,88.13,41.97,190,174,,,EA,IMP
ELECTRON DEB,2021-106C,49471,DEB,D,US,2021-11-18,RLLB,2022-03-12,88.60,41.99,211,200,,,EA,IMP
ELECTRON R/B,2021-106D,49472,R/B,D,US,2021-11-18,RLLB,2021-11-30,87.96,42.02,194,153,,,EA,IMP
ELECTRON KICK STAGE R/B,2021-106E,49473,R/B,D,US,2021-11-18,RLLB,2021-11-22,88.80,42.02,277,153,,,EA,IMP
GAOFEN-11 03,2021-107A,49492,PAY,+,PRC,2021-11-20,TAISC,,94.52,97.20,498,493,,,EA,ORB
CZ-4B R/B,2021-107B,49493,R/B,D,PRC,2021-11-20,TAISC,2022-01-26,87.13,97.36,150,115,,,EA,IMP
ASTRA SATELLITE 00001,2021-108A,49494,PAY,D,US,2021-11-20,KODAK,2023-05-14,87.31,85.97,151,131,,,EA,IMP
GAOFEN-3 02,2021-109A,49495,PAY,+,PRC,2021-11-22,JSC,,99.85,98.41,754,749,,,EA,ORB
CZ-4C R/B,2021-109B,49496,R/B,,PRC,2021-11-22,JSC,,97.57,98.20,723,562,,,EA,ORB
NASA DART,2021-110A,49497,PAY,D,US,2021-11-24,AFWTR,2022-09-26,,,,,,,AS,IMP
FALCON 9 R/B,2021-110B,49498,R/B,,US,2021-11-24,AFWTR,,,,,,,,SU,ORB
PROGRESS-M UM,2021-111A,49499,PAY,D,CIS,2021-11-24,TYMSC,2021-12-23,92.96,51.64,423,416,,,EA,IMP
SL-4 R/B,2021-111B,49500,R/B,D,CIS,2021-11-24,TYMSC,2021-11-26,87.44,51.63,149,146,,,EA,IMP
SHIYAN-11 (SY-11),2021-112A,49501,PAY,D,PRC,2021-11-24,JSC,2025-08-15,87.73,97.32,169,155,,,EA,IMP
KZ-1A R/B,2021-112B,49502,R/B,D,PRC,2021-11-24,JSC,2021-12-22,87.59,97.50,201,109,,,EA,IMP
COSMOS 2552 (EKS 5),2021-113A,49503,PAY,+,CIS,2021-11-25,PLMSC,,717.85,62.83,37210,3148,,,EA,ORB
FREGAT R/B,2021-113B,49504,R/B,,CIS,2021-11-25,PLMSC,,714.36,63.34,37246,2940,,,EA,ORB
ZHONGXING-1D,2021-114A,49505,PAY,+,PRC,2021-11-26,XICLF,,1436.09,0.02,35790,35783,,,EA,ORB
CZ-3B R/B,2021-114B,49506,R/B,D,PRC,2021-11-26,XICLF,2023-05-10,90.65,26.50,493,120,,,EA,IMP
STARLINK-3219,2021-115A,49724,PAY,+,US,2021-12-02,AFETR,,94.01,53.16,472,470,,,EA,ORB
STARLINK-3218,2021-115B,49725,PAY,+,US,2021-12-02,AFETR,,93.85,53.16,464,462,,,EA,ORB
STARLINK-3237,2021-115C,49726,PAY,D,US,2021-12-02,AFETR,2024-09-14,87.89,53.18,177,163,,,EA,IMP
STARLINK-3242,2021-115D,49727,PAY,+,US,2021-12-02,AFETR,,93.79,53.16,460,459,,,EA,ORB
STARLINK-3240,2021-115E,49728,PAY,+,US,2021-12-02,AFETR,,93.85,53.16,464,462,,,EA,ORB
STARLINK-3251,2021-115F,49729,PAY,+,US,2021-12-02,AFETR,,94.01,53.16,472,470,,,EA,ORB
STARLINK-3249,2021-115G,49730,PAY,+,US,2021-12-02,AFETR,,93.85,53.16,464,462,,,EA,ORB
STARLINK-3228,2021-115H,49731,PAY,D,US,2021-12-02,AFETR,2024-04-27,87.11,53.19,139,123,,,EA,IMP
STARLINK-3246,2021-115J,49732,PAY,+,US,2021-12-02,AFETR,,94.01,53.16,472,470,,,EA,ORB
STARLINK-3252,2021-115K,49733,PAY,+,US,2021-12-02,AFETR,,94.01,53.16,472,470,,,EA,ORB
STARLINK-3238,2021-115L,49734,PAY,+,US,2021-12-02,AFETR,,94.01,53.16,472,470,,,EA,ORB
STARLINK-3113,2021-115M,49735,PAY,+,US,2021-12-02,AFETR,,93.85,53.16,464,462,,,EA,ORB
STARLINK-3148,2021-115N,49736,PAY,+,US,2021-12-02,AFETR,,93.79,53.16,461,459,,,EA,ORB
STARLINK-3225,2021-115P,49737,PAY,+,US,2021-12-02,AFETR,,94.69,53.16,505,502,,,EA,ORB
STARLINK-3143,2021-115Q,49738,PAY,+,US,2021-12-02,AFETR,,95.18,53.21,529,526,,,EA,ORB
STARLINK-3155,2021-115R,49739,PAY,+,US,2021-12-02,AFETR,,93.76,53.16,459,457,,,EA,ORB
STARLINK-3226,2021-115S,49740,PAY,+,US,2021-12-02,AFETR,,94.01,53.16,472,470,,,EA,ORB
STARLINK-3244,2021-115T,49741,PAY,+,US,2021-12-02,AFETR,,94.01,53.16,472,470,,,EA,ORB
STARLINK-3202,2021-115U,49742,PAY,+,US,2021-12-02,AFETR,,93.79,53.16,460,459,,,EA,ORB
STARLINK-3239,2021-115V,49743,PAY,+,US,2021-12-02,AFETR,,94.01,53.16,472,470,,,EA,ORB
STARLINK-3231,2021-115W,49744,PAY,+,US,2021-12-02,AFETR,,94.01,53.16,472,470,,,EA,ORB
STARLINK-3241,2021-115X,49745,PAY,+,US,2021-12-02,AFETR,,94.01,53.16,472,470,,,EA,ORB
STARLINK-3233,2021-115Y,49746,PAY,+,US,2021-12-02,AFETR,,94.47,53.16,494,492,,,EA,ORB
STARLINK-3247,2021-115Z,49747,PAY,+,US,2021-12-02,AFETR,,95.18,53.16,528,526,,,EA,ORB
STARLINK-3248,2021-115AA,49748,PAY,+,US,2021-12-02,AFETR,,94.47,53.16,494,492,,,EA,ORB
STARLINK-3250,2021-115AB,49749,PAY,+,US,2021-12-02,AFETR,,94.01,53.16,472,470,,,EA,ORB
STARLINK-3236,2021-115AC,49750,PAY,+,US,2021-12-02,AFETR,,94.01,53.16,471,470,,,EA,ORB
STARLINK-3229,2021-115AD,49751,PAY,+,US,2021-12-02,AFETR,,94.58,53.16,500,496,,,EA,ORB
STARLINK-3209,2021-115AE,49752,PAY,+,US,2021-12-02,AFETR,,93.85,53.16,464,462,,,EA,ORB
STARLINK-3200,2021-115AF,49753,PAY,+,US,2021-12-02,AFETR,,93.85,53.16,464,461,,,EA,ORB
STARLINK-3193,2021-115AG,49754,PAY,+,US,2021-12-02,AFETR,,93.90,53.16,466,464,,,EA,ORB
STARLINK-3210,2021-115AH,49755,PAY,+,US,2021-12-02,AFETR,,93.79,53.16,460,459,,,EA,ORB
STARLINK-3207,2021-115AJ,49756,PAY,+,US,2021-12-02,AFETR,,93.85,53.16,464,462,,,EA,ORB
STARLINK-3197,2021-115AK,49757,PAY,+,US,2021-12-02,AFETR,,93.90,53.16,466,464,,,EA,ORB
STARLINK-3194,2021-115AL,49758,PAY,+,US,2021-12-02,AFETR,,93.85,53.16,463,462,,,EA,ORB
STARLINK-3204,2021-115AM,49759,PAY,+,US,2021-12-02,AFETR,,93.79,53.16,461,459,,,EA,ORB
STARLINK-3199,2021-115AN,49760,PAY,+,US,2021-12-02,AFETR,,93.85,53.16,463,462,,,EA,ORB
STARLINK-3203,2021-115AP,49761,PAY,+,US,2021-12-02,AFETR,,93.85,53.16,463,462,,,EA,ORB
STARLINK-3195,2021-115AQ,49762,PAY,+,US,2021-12-02,AFETR,,93.85,53.16,464,462,,,EA,ORB
STARLINK-3198,2021-115AR,49763,PAY,+,US,2021-12-02,AFETR,,94.01,53.16,472,470,,,EA,ORB
STARLINK-3206,2021-115AS,49764,PAY,D,US,2021-12-02,AFETR,2024-08-10,90.83,53.21,317,313,,,EA,IMP
STARLINK-3227,2021-115AT,49765,PAY,+,US,2021-12-02,AFETR,,94.01,53.16,472,470,,,EA,ORB
STARLINK-3190,2021-115AU,49766,PAY,+,US,2021-12-02,AFETR,,93.79,53.16,461,458,,,EA,ORB
STARLINK-3192,2021-115AV,49767,PAY,+,US,2021-12-02,AFETR,,93.85,53.16,464,462,,,EA,ORB
STARLINK-3196,2021-115AW,49768,PAY,+,US,2021-12-02,AFETR,,93.85,53.16,464,462,,,EA,ORB
STARLINK-3208,2021-115AX,49769,PAY,+,US,2021-12-02,AFETR,,94.01,53.16,472,470,,,EA,ORB
STARLINK-3191,2021-115AY,49770,PAY,+,US,2021-12-02,AFETR,,94.01,53.16,472,470,,,EA,ORB
STARLINK-3201,2021-115AZ,49771,PAY,+,US,2021-12-02,AFETR,,93.79,53.16,461,459,,,EA,ORB
GLOBAL-12,2021-115BA,49772,PAY,+,US,2021-12-02,AFETR,,92.47,53.19,397,394,,,EA,ORB
GLOBAL-13,2021-115BB,49773,PAY,+,US,2021-12-02,AFETR,,93.01,53.20,423,421,,,EA,ORB
FALCON 9 DEB,2021-115BC,49774,DEB,D,US,2021-12-02,AFETR,2023-03-06,87.38,53.18,150,140,,,EA,IMP
FALCON 9 DEB,2021-115BD,49775,DEB,D,US,2021-12-02,AFETR,2023-06-08,87.84,53.21,171,165,,,EA,IMP
FALCON 9 DEB,2021-115BE,49776,DEB,D,US,2021-12-02,AFETR,2023-04-20,87.80,53.16,167,164,,,EA,IMP
FALCON 9 DEB,2021-115BF,49777,DEB,D,US,2021-12-02,AFETR,2023-04-15,87.83,53.18,169,165,,,EA,IMP
FALCON 9 DEB,2021-115BG,49778,DEB,D,US,2021-12-02,AFETR,2023-03-23,87.57,53.18,158,150,,,EA,IMP
GSAT0223 (GALILEO 27),2021-116A,49809,PAY,+,ESA,2021-12-05,FRGUI,,844.69,57.14,23232,23212,,,EA,ORB
GSAT0224 (GALILEO 28),2021-116B,49810,PAY,+,ESA,2021-12-05,FRGUI,,844.69,57.14,23230,23214,,,EA,ORB
FREGAT R/B,2021-116C,49811,R/B,,CIS,2021-12-05,FRGUI,,858.50,57.15,23573,23514,,,EA,ORB
TIANJIN UNIVERSITY 1 (TJU-1),2021-117A,49812,PAY,D,PRC,2021-12-07,JSC,2024-08-02,88.93,97.31,228,215,,,EA,IMP
JINZIJING 1 03,2021-117B,49813,PAY,D,PRC,2021-12-07,JSC,2024-02-13,87.32,97.28,150,133,,,EA,IMP
OBJECT C,2021-117C,49814,PAY,D,PRC,2021-12-07,JSC,2023-08-19,87.49,97.31,160,140,,,EA,IMP
LIZE 1,2021-117D,49815,PAY,D,PRC,2021-12-07,JSC,2023-07-31,87.45,97.33,162,134,,,EA,IMP
JINZIJING 5 (GB 5),2021-117E,49816,PAY,D,PRC,2021-12-07,JSC,2023-05-15,87.40,97.33,156,135,,,EA,IMP
STPSAT-6,2021-118A,49817,PAY,+,US,2021-12-07,AFETR,,1436.09,0.48,35789,35784,,,EA,ORB
LDPE-1,2021-118B,49818,PAY,-,US,2021-12-07,AFETR,,1454.81,5.78,36160,36144,,,EA,ORB
ATLAS 5 CENTAUR R/B,2021-118C,49819,R/B,,US,2021-12-07,AFETR,,1518.67,4.69,38632,36144,,,EA,ORB
SOYUZ-MS 20,2021-119A,49922,PAY,D,CIS,2021-12-08,TYMSC,2021-12-19,92.96,51.64,423,417,,,EA,LAN
SL-4 R/B,2021-119B,49923,R/B,D,CIS,2021-12-08,TYMSC,2021-12-11,87.39,51.64,147,143,,,EA,IMP
GLOBAL-17,2021-120A,49949,PAY,+,US,2021-12-09,RLLB,,92.57,42.00,412,389,,,EA,ORB
GLOBAL-16,2021-120B,49950,PAY,+,US,2021-12-09,RLLB,,92.72,42.00,418,398,,,EA,ORB
ELECTRON DEB,2021-120C,49951,DEB,D,US,2021-12-09,RLLB,2022-03-21,88.65,41.99,211,204,,,EA,IMP
ELECTRON R/B,2021-120D,49952,R/B,D,US,2021-12-09,RLLB,2021-12-17,87.33,42.00,152,132,,,EA,IMP
ELECTRON KICK STAGE R/B,2021-120E,49953,R/B,D,US,2021-12-09,RLLB,2021-12-14,88.06,42.02,213,144,,,EA,IMP
IXPE,2021-121A,49954,PAY,+,US,2021-12-09,AFETR,,95.32,0.23,539,529,,,EA,ORB
SHIJIAN-6 05A (SJ-6 05A),2021-122A,49961,PAY,+,PRC,2021-12-10,JSC,,96.02,97.41,570,566,,,EA,ORB
SHIJIAN-6 05B (SJ-6 05B),2021-122B,49962,PAY,+,PRC,2021-12-10,JSC,,95.22,97.39,531,528,,,EA,ORB
CZ-4B DEB,2021-122C,49963,DEB,D,PRC,2021-12-10,JSC,2022-10-29,87.08,97.30,138,122,,,EA,IMP
CZ-4B R/B,2021-122D,49964,R/B,D,PRC,2021-12-10,JSC,2022-04-30,87.26,97.24,149,129,,,EA,IMP
CZ-4B DEB,2021-122E,49965,DEB,D,PRC,2021-12-10,JSC,2021-12-12,92.72,97.45,415,400,,,EA,IMP
EXPRESS AMU-7,2021-123A,50001,PAY,+,CIS,2021-12-13,TYMSC,,1436.09,0.04,35788,35785,,,EA,ORB
EXPRESS AMU-3,2021-123B,50002,PAY,+,CIS,2021-12-13,TYMSC,,1436.08,0.03,35787,35785,,,EA,ORB
BREEZE-M R/B,2021-123C,50003,R/B,,CIS,2021-12-13,TYMSC,,1333.91,5.98,51427,16097,,,EA,ORB
BREEZE-M DEB [TANK],2021-123D,50004,DEB,,CIS,2021-12-13,TYMSC,,397.53,49.52,22784,278,,,EA,ORB
TIANLIAN 2-02,2021-124A,50005,PAY,+,PRC,2021-12-13,XICLF,,1436.10,0.96,35797,35776,,,EA,ORB
CZ-3B R/B,2021-124B,50006,R/B,D,PRC,2021-12-13,XICLF,2024-02-04,89.42,26.54,374,118,,,EA,IMP
STARLINK-3317,2021-125A,50156,PAY,D,US,2021-12-18,AFWTR,2025-12-30,87.55,53.20,157,149,,,EA,IMP
STARLINK-3313,2021-125B,50157,PAY,D,US,2021-12-18,AFWTR,2025-11-07,87.44,53.18,151,145,,,EA,IMP
STARLINK-3309,2021-125C,50158,PAY,D,US,2021-12-18,AFWTR,2025-11-22,87.44,53.20,149,146,,,EA,IMP
STARLINK-3297,2021-125D,50159,PAY,+,US,2021-12-18,AFWTR,,93.90,53.16,466,464,,,EA,ORB
STARLINK-3288,2021-125E,50160,PAY,D,US,2021-12-18,AFWTR,2024-12-21,87.42,53.19,147,146,,,EA,IMP
STARLINK-3304,2021-125F,50161,PAY,+,US,2021-12-18,AFWTR,,93.79,53.16,461,459,,,EA,ORB
STARLINK-3303,2021-125G,50162,PAY,D,US,2021-12-18,AFWTR,2024-02-18,87.78,53.15,167,163,,,EA,IMP
STARLINK-3306,2021-125H,50163,PAY,P,US,2021-12-18,AFWTR,,91.23,53.21,338,332,,,EA,ORB
STARLINK-3307,2021-125J,50164,PAY,D,US,2021-12-18,AFWTR,2022-06-16,87.83,53.18,174,160,,,EA,IMP
STARLINK-3298,2021-125K,50165,PAY,+,US,2021-12-18,AFWTR,,93.85,53.16,464,462,,,EA,ORB
STARLINK-3305,2021-125L,50166,PAY,+,US,2021-12-18,AFWTR,,94.01,53.16,472,470,,,EA,ORB
STARLINK-3271,2021-125M,50167,PAY,+,US,2021-12-18,AFWTR,,93.79,53.16,460,459,,,EA,ORB
STARLINK-3296,2021-125N,50168,PAY,D,US,2021-12-18,AFWTR,2026-01-10,87.56,53.20,157,150,,,EA,IMP
STARLINK-3301,2021-125P,50169,PAY,+,US,2021-12-18,AFWTR,,93.81,53.16,462,459,,,EA,ORB
STARLINK-3245,2021-125Q,50170,PAY,+,US,2021-12-18,AFWTR,,94.01,53.16,472,470,,,EA,ORB
STARLINK-3286,2021-125R,50171,PAY,+,US,2021-12-18,AFWTR,,94.01,53.16,472,470,,,EA,ORB
STARLINK-3287,2021-125S,50172,PAY,+,US,2021-12-18,AFWTR,,93.85,53.16,464,462,,,EA,ORB
STARLINK-3289,2021-125T,50173,PAY,+,US,2021-12-18,AFWTR,,94.98,53.21,520,515,,,EA,ORB
STARLINK-3292,2021-125U,50174,PAY,+,US,2021-12-18,AFWTR,,93.85,53.16,464,462,,,EA,ORB
STARLINK-3291,2021-125V,50175,PAY,+,US,2021-12-18,AFWTR,,93.79,53.16,460,459,,,EA,ORB
STARLINK-3293,2021-125W,50176,PAY,+,US,2021-12-18,AFWTR,,94.01,53.16,471,470,,,EA,ORB
STARLINK-3282,2021-125X,50177,PAY,+,US,2021-12-18,AFWTR,,93.85,53.16,464,462,,,EA,ORB
STARLINK-3284,2021-125Y,50178,PAY,D,US,2021-12-18,AFWTR,2026-02-05,87.52,53.19,154,149,,,EA,IMP
STARLINK-3283,2021-125Z,50179,PAY,+,US,2021-12-18,AFWTR,,94.01,53.16,472,470,,,EA,ORB
STARLINK-3265,2021-125AA,50180,PAY,+,US,2021-12-18,AFWTR,,94.01,53.16,472,470,,,EA,ORB
STARLINK-3285,2021-125AB,50181,PAY,+,US,2021-12-18,AFWTR,,94.01,53.16,472,470,,,EA,ORB
STARLINK-3277,2021-125AC,50182,PAY,+,US,2021-12-18,AFWTR,,94.01,53.16,472,470,,,EA,ORB
STARLINK-3281,2021-125AD,50183,PAY,+,US,2021-12-18,AFWTR,,95.34,53.16,537,534,,,EA,ORB
STARLINK-3280,2021-125AE,50184,PAY,D,US,2021-12-18,AFWTR,2021-12-28,89.05,53.22,267,188,,,EA,IMP
STARLINK-3279,2021-125AF,50185,PAY,+,US,2021-12-18,AFWTR,,94.01,53.16,471,470,,,EA,ORB
STARLINK-3274,2021-125AG,50186,PAY,+,US,2021-12-18,AFWTR,,94.01,53.16,472,470,,,EA,ORB
STARLINK-3272,2021-125AH,50187,PAY,+,US,2021-12-18,AFWTR,,95.12,53.21,526,523,,,EA,ORB
STARLINK-3275,2021-125AJ,50188,PAY,D,US,2021-12-18,AFWTR,2025-08-13,87.53,53.17,156,148,,,EA,IMP
STARLINK-3276,2021-125AK,50189,PAY,+,US,2021-12-18,AFWTR,,94.81,53.21,511,508,,,EA,ORB
STARLINK-3268,2021-125AL,50190,PAY,+,US,2021-12-18,AFWTR,,93.85,53.16,464,462,,,EA,ORB
STARLINK-3273,2021-125AM,50191,PAY,+,US,2021-12-18,AFWTR,,93.85,53.16,464,462,,,EA,ORB
STARLINK-3259,2021-125AN,50192,PAY,+,US,2021-12-18,AFWTR,,93.90,53.16,466,464,,,EA,ORB
STARLINK-3261,2021-125AP,50193,PAY,+,US,2021-12-18,AFWTR,,94.01,53.16,472,470,,,EA,ORB
STARLINK-3269,2021-125AQ,50194,PAY,D,US,2021-12-18,AFWTR,2026-03-05,87.93,53.19,176,168,,,EA,IMP
STARLINK-3266,2021-125AR,50195,PAY,+,US,2021-12-18,AFWTR,,94.01,53.16,472,470,,,EA,ORB
STARLINK-3263,2021-125AS,50196,PAY,D,US,2021-12-18,AFWTR,2024-05-20,87.83,53.20,173,161,,,EA,IMP
STARLINK-3267,2021-125AT,50197,PAY,+,US,2021-12-18,AFWTR,,93.85,53.16,464,462,,,EA,ORB
STARLINK-3264,2021-125AU,50198,PAY,+,US,2021-12-18,AFWTR,,94.94,53.16,517,514,,,EA,ORB
STARLINK-3270,2021-125AV,50199,PAY,+,US,2021-12-18,AFWTR,,93.79,53.16,461,459,,,EA,ORB
STARLINK-3235,2021-125AW,50200,PAY,+,US,2021-12-18,AFWTR,,93.90,53.16,466,464,,,EA,ORB
STARLINK-3255,2021-125AX,50201,PAY,D,US,2021-12-18,AFWTR,2026-06-03,87.56,53.17,158,150,,,EA,IMP
STARLINK-3256,2021-125AY,50202,PAY,+,US,2021-12-18,AFWTR,,94.01,53.16,472,470,,,EA,ORB
STARLINK-3257,2021-125AZ,50203,PAY,+,US,2021-12-18,AFWTR,,94.01,53.16,472,470,,,EA,ORB
STARLINK-3254,2021-125BA,50204,PAY,+,US,2021-12-18,AFWTR,,94.01,53.16,472,470,,,EA,ORB
STARLINK-3260,2021-125BB,50205,PAY,+,US,2021-12-18,AFWTR,,94.48,53.16,494,493,,,EA,ORB
STARLINK-3258,2021-125BC,50206,PAY,D,US,2021-12-18,AFWTR,2026-03-23,87.61,53.20,159,153,,,EA,IMP
STARLINK-3262,2021-125BD,50207,PAY,D,US,2021-12-18,AFWTR,2026-02-25,87.26,53.20,141,137,,,EA,IMP
FALCON 9 DEB,2021-125BE,50208,DEB,D,US,2021-12-18,AFWTR,2022-01-02,87.94,53.19,189,156,,,EA,IMP
FALCON 9 DEB,2021-125BF,50209,DEB,D,US,2021-12-18,AFWTR,2022-01-01,87.27,53.21,149,130,,,EA,IMP
FALCON 9 DEB,2021-125BG,50210,DEB,D,US,2021-12-18,AFWTR,2021-12-31,87.59,53.20,166,144,,,EA,IMP
FALCON 9 DEB,2021-125BH,50211,DEB,D,US,2021-12-18,AFWTR,2022-01-01,87.75,53.21,178,148,,,EA,IMP
TURKSAT 5B,2021-126A,50212,PAY,+,TURK,2021-12-19,AFETR,,1436.07,0.07,35792,35780,,,EA,ORB
FALCON 9 R/B,2021-126B,50213,R/B,D,US,2021-12-19,AFETR,2022-03-08,128.64,26.38,3986,140,,,EA,IMP
ATLAS 5 CENTAUR DEB,2021-118D,50214,DEB,,US,2021-12-07,AFETR,,1449.72,4.48,36106,35999,,,EA,ORB
DRAGON CRS-24,2021-127A,50318,PAY,D,US,2021-12-21,AFETR,2022-01-24,90.08,51.64,372,185,,,EA,LAN
INMARSAT 6-F1,2021-128A,50319,PAY,+,IM,2021-12-22,TANSC,,1436.08,0.02,35788,35785,,,EA,ORB
H-2A R/B,2021-128B,50320,R/B,D,JPN,2021-12-22,TANSC,2022-02-08,124.47,29.84,3679,81,,,EA,IMP
SHIYAN-12 01 (SY-12 01),2021-129A,50321,PAY,+,PRC,2021-12-23,WSC,,1433.34,3.84,35736,35729,,,EA,ORB
SHIYAN-12 02 (SY-12 02),2021-129B,50322,PAY,+,PRC,2021-12-23,WSC,,1433.42,3.84,35749,35719,,,EA,ORB
CZ-7A R/B,2021-129C,50323,R/B,D,PRC,2021-12-23,WSC,2022-01-08,101.36,19.26,1558,89,,,EA,IMP
CZ-7A DEB,2021-129D,50324,DEB,D,PRC,2021-12-23,WSC,2025-06-22,92.77,19.34,701,119,,,EA,IMP
JWST,2021-130A,50463,PAY,+,US,2021-12-25,FRGUI,,,,,,,,EL2,ORB
ARIANE 5 R/B,2021-130B,50464,R/B,,FR,2021-12-25,FRGUI,,,,,,,,SU,ORB
ZY-1 02E,2021-131A,50465,PAY,+,PRC,2021-12-26,TAISC,,100.32,98.44,774,774,,,EA,ORB
XW-3 (CAS-9),2021-131B,50466,PAY,+,PRC,2021-12-26,TAISC,,99.90,98.50,756,752,,,EA,ORB
CZ-4C R/B,2021-131C,50467,R/B,,PRC,2021-12-26,TAISC,,98.10,98.73,744,591,,,EA,ORB
CZ-4C DEB,2021-131D,50468,DEB,D,PRC,2021-12-26,TAISC,2022-02-19,92.59,98.71,421,382,,,EA,IMP
ONEWEB-0389,2021-132A,50469,PAY,+,UK,2021-12-27,TYMSC,,109.29,87.92,1195,1193,,,EA,ORB
ONEWEB-0390,2021-132B,50470,PAY,+,UK,2021-12-27,TYMSC,,109.29,87.92,1195,1192,,,EA,ORB
ONEWEB-0391,2021-132C,50471,PAY,+,UK,2021-12-27,TYMSC,,109.29,87.92,1195,1193,,,EA,ORB
ONEWEB-0392,2021-132D,50472,PAY,+,UK,2021-12-27,TYMSC,,109.29,87.92,1195,1193,,,EA,ORB
ONEWEB-0393,2021-132E,50473,PAY,+,UK,2021-12-27,TYMSC,,109.29,87.92,1195,1192,,,EA,ORB
ONEWEB-0394,2021-132F,50474,PAY,+,UK,2021-12-27,TYMSC,,109.20,87.92,1191,1188,,,EA,ORB
ONEWEB-0395,2021-132G,50475,PAY,+,UK,2021-12-27,TYMSC,,109.80,87.89,1219,1216,,,EA,ORB
ONEWEB-0396,2021-132H,50476,PAY,+,UK,2021-12-27,TYMSC,,109.20,87.92,1191,1188,,,EA,ORB
ONEWEB-0397,2021-132J,50477,PAY,+,UK,2021-12-27,TYMSC,,109.20,87.92,1191,1188,,,EA,ORB
ONEWEB-0398,2021-132K,50478,PAY,+,UK,2021-12-27,TYMSC,,109.80,87.89,1219,1216,,,EA,ORB
ONEWEB-0399,2021-132L,50479,PAY,+,UK,2021-12-27,TYMSC,,109.80,87.89,1219,1216,,,EA,ORB
ONEWEB-0400,2021-132M,50480,PAY,+,UK,2021-12-27,TYMSC,,109.20,87.92,1191,1188,,,EA,ORB
ONEWEB-0401,2021-132N,50481,PAY,+,UK,2021-12-27,TYMSC,,109.20,87.92,1191,1188,,,EA,ORB
ONEWEB-0402,2021-132P,50482,PAY,+,UK,2021-12-27,TYMSC,,109.20,87.92,1192,1188,,,EA,ORB
ONEWEB-0403,2021-132Q,50483,PAY,+,UK,2021-12-27,TYMSC,,109.20,87.92,1191,1188,,,EA,ORB
ONEWEB-0404,2021-132R,50484,PAY,+,UK,2021-12-27,TYMSC,,109.80,87.89,1219,1217,,,EA,ORB
ONEWEB-0405,2021-132S,50485,PAY,+,UK,2021-12-27,TYMSC,,109.20,87.92,1191,1188,,,EA,ORB
ONEWEB-0406,2021-132T,50486,PAY,+,UK,2021-12-27,TYMSC,,109.20,87.92,1191,1189,,,EA,ORB
ONEWEB-0407,2021-132U,50487,PAY,+,UK,2021-12-27,TYMSC,,109.20,87.92,1191,1188,,,EA,ORB
ONEWEB-0409,2021-132V,50488,PAY,+,UK,2021-12-27,TYMSC,,109.80,87.89,1219,1217,,,EA,ORB
ONEWEB-0412,2021-132W,50489,PAY,+,UK,2021-12-27,TYMSC,,109.20,87.92,1191,1188,,,EA,ORB
ONEWEB-0413,2021-132X,50490,PAY,+,UK,2021-12-27,TYMSC,,109.20,87.92,1191,1188,,,EA,ORB
ONEWEB-0414,2021-132Y,50491,PAY,+,UK,2021-12-27,TYMSC,,109.20,87.92,1191,1188,,,EA,ORB
ONEWEB-0417,2021-132Z,50492,PAY,+,UK,2021-12-27,TYMSC,,109.20,87.92,1191,1188,,,EA,ORB
ONEWEB-0418,2021-132AA,50493,PAY,+,UK,2021-12-27,TYMSC,,109.20,87.92,1191,1189,,,EA,ORB
ONEWEB-0419,2021-132AB,50494,PAY,+,UK,2021-12-27,TYMSC,,109.20,87.92,1191,1188,,,EA,ORB
ONEWEB-0420,2021-132AC,50495,PAY,+,UK,2021-12-27,TYMSC,,109.20,87.92,1191,1188,,,EA,ORB
ONEWEB-0421,2021-132AD,50496,PAY,+,UK,2021-12-27,TYMSC,,109.20,87.92,1191,1188,,,EA,ORB
ONEWEB-0424,2021-132AE,50497,PAY,+,UK,2021-12-27,TYMSC,,109.20,87.92,1191,1188,,,EA,ORB
ONEWEB-0426,2021-132AF,50498,PAY,+,UK,2021-12-27,TYMSC,,109.20,87.92,1191,1188,,,EA,ORB
ONEWEB-0427,2021-132AG,50499,PAY,+,UK,2021-12-27,TYMSC,,109.20,87.92,1191,1188,,,EA,ORB
ONEWEB-0429,2021-132AH,50500,PAY,+,UK,2021-12-27,TYMSC,,109.20,87.92,1191,1188,,,EA,ORB
ONEWEB-0430,2021-132AJ,50501,PAY,+,UK,2021-12-27,TYMSC,,109.20,87.92,1191,1188,,,EA,ORB
ONEWEB-0432,2021-132AK,50502,PAY,+,UK,2021-12-27,TYMSC,,109.20,87.92,1191,1188,,,EA,ORB
ONEWEB-0440,2021-132AL,50503,PAY,+,UK,2021-12-27,TYMSC,,109.20,87.92,1191,1188,,,EA,ORB
ONEWEB-0450,2021-132AM,50504,PAY,+,UK,2021-12-27,TYMSC,,109.20,87.92,1191,1188,,,EA,ORB
IPM 3 & PERSEI,2021-133A,50505,PAY,D,CIS,2021-12-27,PLMSC,2022-01-05,86.74,63.39,118,108,,,EA,IMP
IPM 3 & PERSEI DEB,2021-133B,50569,DEB,D,CIS,2021-12-27,PLMSC,2021-12-31,87.17,63.38,141,128,,,EA,IMP
IPM 3 & PERSEI DEB,2021-133C,50570,DEB,D,CIS,2021-12-27,PLMSC,2022-01-01,88.07,63.34,199,159,,,EA,IMP
IPM 3 & PERSEI DEB,2021-133D,50571,DEB,D,CIS,2021-12-27,PLMSC,2022-01-04,88.04,63.36,193,163,,,EA,IMP
TIANHUI 4A,2021-134A,50572,PAY,+,PRC,2021-12-29,JSC,,93.07,88.97,431,419,,,EA,ORB
TIANHUI 4B,2021-134B,50573,PAY,+,PRC,2021-12-29,JSC,,93.07,88.97,430,419,,,EA,ORB
TJS-9,2021-135A,50574,PAY,+,PRC,2021-12-29,XICLF,,1436.07,0.05,35806,35766,,,EA,ORB
CZ-3B R/B,2021-135B,50575,R/B,D,PRC,2021-12-29,XICLF,2022-09-15,94.60,26.51,926,72,,,EA,IMP
DRAGON CRS-24 DEB,2021-127B,51283,DEB,D,US,2021-12-21,AFETR,2022-02-01,87.58,51.64,174,136,,,EA,IMP
ASCENT,2021-118E,51287,PAY,+,US,2021-12-07,AFETR,,1422.44,4.33,35552,35486,,,EA,ORB
ELSA-D TARGET,2021-022AQ,51288,PAY,D,JPN,2021-03-22,TYMSC,2026-02-23,87.57,97.40,159,149,,,EA,IMP
SZ-13 MODULE,2021-092C,52260,PAY,D,PRC,2021-10-15,JSC,2023-03-08,87.55,41.46,156,151,,,EA,IMP
SZ-13 MODULE DEB,2021-092D,52429,DEB,D,PRC,2021-10-15,JSC,2022-05-18,89.80,41.47,277,251,,,EA,IMP
SZ-13 MODULE DEB,2021-092E,52430,DEB,D,PRC,2021-10-15,JSC,2022-05-18,89.68,41.45,271,246,,,EA,IMP
SZ-13 MODULE DEB,2021-092F,52431,DEB,D,PRC,2021-10-15,JSC,2022-06-07,89.22,41.50,245,227,,,EA,IMP
CREW DRAGON 3 DEB [TRUNK],2021-103B,52508,DEB,D,US,2021-11-11,AFETR,2022-05-21,87.53,51.29,162,142,,,EA,IMP
SZ-13 MODULE DEB,2021-092G,52513,DEB,D,PRC,2021-10-15,JSC,2022-05-13,89.99,41.47,286,262,,,EA,IMP
XW-4 (CAS-10),2021-035C,54816,PAY,D,PRC,2021-04-29,WSC,2023-03-15,88.99,41.51,236,213,,,EA,IMP
DRUMS TARGET-1,2021-102M,55685,PAY,D,JPN,2021-11-09,KSCUT,2024-11-02,88.98,97.38,228,219,,,EA,IMP
DRUMS TARGET-2,2021-102N,58954,PAY,D,JPN,2021-11-09,KSCUT,2025-04-11,88.22,97.34,195,178,,,EA,IMP
OBJECT D,2021-035D,62300,UNK,D,PRC,2021-04-29,WSC,2025-04-08,88.14,41.45,185,180,,,EA,IMP
OBJECT E,2021-035E,63523,UNK,,PRC,2021-04-29,WSC,,91.74,41.45,363,357,,,EA,ORB
