OBJECT_NAME,OBJECT_ID,NORAD_CAT_ID,OBJECT_TYPE,OPS_STATUS_CODE,OWNER,LAUNCH_DATE,LAUNCH_SITE,DECAY_DATE,PERIOD,INCLINATION,APOGEE,PERIGEE,RCS,DATA_STATUS_CODE,ORBIT_CENTER,ORBIT_TYPE
THURAYA-4,2025-001A,62483,PAY,+,UAE,2025-01-04,AFETR,,1436.07,0.02,35787,35785,,,EA,ORB
FALCON 9 R/B,2025-001B,62484,R/B,,US,2025-01-04,AFETR,,1015.76,24.58,53673,516,,,EA,ORB
SHIJIAN-25 (SJ-25),2025-002A,62485,PAY,+,PRC,2025-01-06,XICLF,,1436.22,5.26,35998,35580,,,EA,ORB
CZ-3B R/B,2025-002B,62486,R/B,,PRC,2025-01-06,XICLF,,234.07,28.47,12257,149,,,EA,ORB
STARLINK-32713,2025-003A,62487,PAY,+,US,2025-01-06,AFETR,,94.27,43.00,484,482,,,EA,ORB
STARLINK-32732,2025-003B,62488,PAY,+,US,2025-01-06,AFETR,,94.27,43.00,485,482,,,EA,ORB
STARLINK-32328,2025-003C,62489,PAY,+,US,2025-01-06,AFETR,,94.27,43.00,484,482,,,EA,ORB
STARLINK-32332,2025-003D,62490,PAY,+,US,2025-01-06,AFETR,,94.27,43.00,484,482,,,EA,ORB
STARLINK-32717,2025-003E,62491,PAY,+,US,2025-01-06,AFETR,,94.26,43.00,484,482,,,EA,ORB
STARLINK-32757,2025-003F,62492,PAY,+,US,2025-01-06,AFETR,,94.27,43.00,483,483,,,EA,ORB
STARLINK-32731,2025-003G,62493,PAY,+,US,2025-01-06,AFETR,,94.27,43.00,484,482,,,EA,ORB
STARLINK-32694,2025-003H,62494,PAY,+,US,2025-01-06,AFETR,,94.27,43.00,484,482,,,EA,ORB
STARLINK-32708,2025-003J,62495,PAY,+,US,2025-01-06,AFETR,,94.27,43.00,484,482,,,EA,ORB
STARLINK-32718,2025-003K,62496,PAY,+,US,2025-01-06,AFETR,,94.27,43.00,484,482,,,EA,ORB
STARLINK-32729,2025-003L,62497,PAY,+,US,2025-01-06,AFETR,,94.27,43.00,484,482,,,EA,ORB
STARLINK-32739,2025-003M,62498,PAY,+,US,2025-01-06,AFETR,,94.27,43.00,484,482,,,EA,ORB
STARLINK-32714,2025-003N,62499,PAY,+,US,2025-01-06,AFETR,,94.27,43.00,484,482,,,EA,ORB
STARLINK-32685,2025-003P,62500,PAY,+,US,2025-01-06,AFETR,,94.27,43.00,484,482,,,EA,ORB
STARLINK-32691,2025-003Q,62501,PAY,+,US,2025-01-06,AFETR,,94.27,43.00,484,482,,,EA,ORB
STARLINK-32788,2025-003R,62502,PAY,+,US,2025-01-06,AFETR,,94.27,43.00,484,482,,,EA,ORB
STARLINK-32768,2025-003S,62503,PAY,+,US,2025-01-06,AFETR,,94.27,43.00,484,482,,,EA,ORB
STARLINK-32792,2025-003T,62504,PAY,+,US,2025-01-06,AFETR,,94.27,43.00,484,482,,,EA,ORB
STARLINK-32725,2025-003U,62505,PAY,+,US,2025-01-06,AFETR,,94.26,43.00,484,482,,,EA,ORB
STARLINK-32681,2025-003V,62506,PAY,+,US,2025-01-06,AFETR,,94.27,43.00,484,482,,,EA,ORB
STARLINK-32679,2025-003W,62507,PAY,+,US,2025-01-06,AFETR,,94.27,43.00,484,482,,,EA,ORB
STARLINK-32749,2025-003X,62508,PAY,+,US,2025-01-06,AFETR,,94.27,43.00,485,482,,,EA,ORB
STARLINK-32744,2025-003Y,62509,PAY,+,US,2025-01-06,AFETR,,94.27,43.00,485,481,,,EA,ORB
STARLINK-32701,2025-003Z,62510,PAY,+,US,2025-01-06,AFETR,,94.27,43.00,484,482,,,EA,ORB
STARLINK-11452 [DTC],2025-004A,62511,PAY,+,US,2025-01-08,AFETR,,91.67,43.00,357,356,,,EA,ORB
STARLINK-11443 [DTC],2025-004B,62512,PAY,+,US,2025-01-08,AFETR,,91.67,43.00,357,356,,,EA,ORB
STARLINK-11440 [DTC],2025-004C,62513,PAY,+,US,2025-01-08,AFETR,,91.66,43.00,358,354,,,EA,ORB
STARLINK-11514 [DTC],2025-004D,62514,PAY,+,US,2025-01-08,AFETR,,91.66,43.00,358,354,,,EA,ORB
STARLINK-11508 [DTC],2025-004E,62515,PAY,+,US,2025-01-08,AFETR,,91.67,43.00,357,356,,,EA,ORB
STARLINK-11510 [DTC],2025-004F,62516,PAY,+,US,2025-01-08,AFETR,,91.67,43.00,357,356,,,EA,ORB
STARLINK-11512 [DTC],2025-004G,62517,PAY,+,US,2025-01-08,AFETR,,91.67,43.00,357,356,,,EA,ORB
STARLINK-11450 [DTC],2025-004H,62518,PAY,+,US,2025-01-08,AFETR,,91.67,43.00,358,355,,,EA,ORB
STARLINK-11507 [DTC],2025-004J,62519,PAY,+,US,2025-01-08,AFETR,,91.66,43.00,361,352,,,EA,ORB
STARLINK-11482 [DTC],2025-004K,62520,PAY,+,US,2025-01-08,AFETR,,91.67,43.00,357,356,,,EA,ORB
STARLINK-11528 [DTC],2025-004L,62521,PAY,+,US,2025-01-08,AFETR,,91.67,43.00,357,356,,,EA,ORB
STARLINK-11516 [DTC],2025-004M,62522,PAY,+,US,2025-01-08,AFETR,,91.67,43.00,357,356,,,EA,ORB
STARLINK-11527 [DTC],2025-004N,62523,PAY,+,US,2025-01-08,AFETR,,91.67,43.00,357,356,,,EA,ORB
STARLINK-32748,2025-004P,62524,PAY,+,US,2025-01-08,AFETR,,94.27,43.00,484,482,,,EA,ORB
STARLINK-32777,2025-004Q,62525,PAY,+,US,2025-01-08,AFETR,,94.27,43.00,484,482,,,EA,ORB
STARLINK-32741,2025-004R,62526,PAY,+,US,2025-01-08,AFETR,,94.27,43.00,484,482,,,EA,ORB
STARLINK-32754,2025-004S,62527,PAY,+,US,2025-01-08,AFETR,,94.27,43.00,484,482,,,EA,ORB
STARLINK-32786,2025-004T,62528,PAY,+,US,2025-01-08,AFETR,,94.27,43.00,484,482,,,EA,ORB
STARLINK-32789,2025-004U,62529,PAY,+,US,2025-01-08,AFETR,,94.27,43.00,484,482,,,EA,ORB
STARLINK-32791,2025-004V,62530,PAY,+,US,2025-01-08,AFETR,,94.27,43.00,484,482,,,EA,ORB
STARLINK-32785,2025-004W,62531,PAY,+,US,2025-01-08,AFETR,,94.27,43.00,484,482,,,EA,ORB
USA 463,2025-005A,62532,PAY,+,US,2025-01-10,AFWTR,,96.21,70.03,579,575,,NEA,EA,ORB
USA 464,2025-005B,62533,PAY,+,US,2025-01-10,AFWTR,,96.21,70.03,579,575,,NEA,EA,ORB
USA 465,2025-005C,62534,PAY,+,US,2025-01-10,AFWTR,,96.21,70.03,579,575,,NEA,EA,ORB
USA 466,2025-005D,62535,PAY,+,US,2025-01-10,AFWTR,,96.21,70.03,579,575,,NEA,EA,ORB
USA 467,2025-005E,62536,PAY,+,US,2025-01-10,AFWTR,,96.21,70.03,579,575,,NEA,EA,ORB
USA 468,2025-005F,62537,PAY,+,US,2025-01-10,AFWTR,,96.21,70.03,579,575,,NEA,EA,ORB
USA 469,2025-005G,62538,PAY,+,US,2025-01-10,AFWTR,,96.21,70.03,579,575,,NEA,EA,ORB
USA 470,2025-005H,62539,PAY,+,US,2025-01-10,AFWTR,,96.21,70.03,579,575,,NEA,EA,ORB
USA 471,2025-005J,62540,PAY,+,US,2025-01-10,AFWTR,,96.21,70.03,579,575,,NEA,EA,ORB
USA 472,2025-005K,62541,PAY,+,US,2025-01-10,AFWTR,,96.21,70.03,579,575,,NEA,EA,ORB
USA 473,2025-005L,62542,PAY,+,US,2025-01-10,AFWTR,,96.21,70.03,579,575,,NEA,EA,ORB
USA 474,2025-005M,62543,PAY,+,US,2025-01-10,AFWTR,,96.21,70.03,579,575,,NEA,EA,ORB
USA 475,2025-005N,62544,PAY,+,US,2025-01-10,AFWTR,,96.21,70.03,579,575,,NEA,EA,ORB
USA 476,2025-005P,62545,PAY,+,US,2025-01-10,AFWTR,,96.21,70.03,579,575,,NEA,EA,ORB
USA 477,2025-005Q,62546,PAY,+,US,2025-01-10,AFWTR,,96.21,70.03,579,575,,NEA,EA,ORB
USA 478,2025-005R,62547,PAY,+,US,2025-01-10,AFWTR,,96.21,70.03,579,575,,NEA,EA,ORB
USA 479,2025-005S,62548,PAY,+,US,2025-01-10,AFWTR,,96.21,70.03,579,575,,NEA,EA,ORB
USA 480,2025-005T,62549,PAY,+,US,2025-01-10,AFWTR,,96.21,70.03,579,575,,NEA,EA,ORB
USA 481,2025-005U,62550,PAY,+,US,2025-01-10,AFWTR,,96.21,70.03,579,575,,NEA,EA,ORB
USA 482,2025-005V,62551,PAY,+,US,2025-01-10,AFWTR,,96.21,70.03,579,575,,NEA,EA,ORB
USA 483,2025-005W,62552,PAY,+,US,2025-01-10,AFWTR,,96.21,70.03,580,575,,NEA,EA,ORB
USA 484,2025-005X,62553,PAY,+,US,2025-01-10,AFWTR,,96.21,70.03,579,575,,NEA,EA,ORB
STARLINK-11538 [DTC],2025-006A,62554,PAY,+,US,2025-01-10,AFETR,,91.67,43.00,357,355,,,EA,ORB
STARLINK-11534 [DTC],2025-006B,62555,PAY,+,US,2025-01-10,AFETR,,91.67,43.00,357,356,,,EA,ORB
STARLINK-11515 [DTC],2025-006C,62556,PAY,+,US,2025-01-10,AFETR,,91.67,43.00,358,355,,,EA,ORB
STARLINK-11478 [DTC],2025-006D,62557,PAY,+,US,2025-01-10,AFETR,,91.67,43.00,359,354,,,EA,ORB
STARLINK-11358 [DTC],2025-006E,62558,PAY,+,US,2025-01-10,AFETR,,91.67,43.00,357,355,,,EA,ORB
STARLINK-11517 [DTC],2025-006F,62559,PAY,+,US,2025-01-10,AFETR,,91.67,43.00,358,355,,,EA,ORB
STARLINK-11519 [DTC],2025-006G,62560,PAY,+,US,2025-01-10,AFETR,,91.67,43.00,358,355,,,EA,ORB
STARLINK-11451 [DTC],2025-006H,62561,PAY,+,US,2025-01-10,AFETR,,91.67,43.00,357,355,,,EA,ORB
STARLINK-11530 [DTC],2025-006J,62562,PAY,+,US,2025-01-10,AFETR,,91.67,43.00,358,355,,,EA,ORB
STARLINK-11536 [DTC],2025-006K,62563,PAY,+,US,2025-01-10,AFETR,,91.67,43.00,357,355,,,EA,ORB
STARLINK-11540 [DTC],2025-006L,62564,PAY,+,US,2025-01-10,AFETR,,91.67,43.00,358,355,,,EA,ORB
STARLINK-11523 [DTC],2025-006M,62565,PAY,+,US,2025-01-10,AFETR,,91.67,43.00,358,355,,,EA,ORB
STARLINK-11525 [DTC],2025-006N,62566,PAY,+,US,2025-01-10,AFETR,,91.67,43.00,357,356,,,EA,ORB
STARLINK-32752,2025-006P,62567,PAY,+,US,2025-01-10,AFETR,,94.27,43.00,484,482,,,EA,ORB
STARLINK-32760,2025-006Q,62568,PAY,+,US,2025-01-10,AFETR,,94.27,43.00,484,483,,,EA,ORB
STARLINK-32715,2025-006R,62569,PAY,+,US,2025-01-10,AFETR,,94.27,43.00,484,482,,,EA,ORB
STARLINK-32764,2025-006S,62570,PAY,+,US,2025-01-10,AFETR,,94.27,43.00,483,483,,,EA,ORB
STARLINK-32773,2025-006T,62571,PAY,+,US,2025-01-10,AFETR,,94.27,43.00,484,482,,,EA,ORB
STARLINK-32750,2025-006U,62572,PAY,+,US,2025-01-10,AFETR,,94.27,43.00,484,482,,,EA,ORB
STARLINK-32771,2025-006V,62573,PAY,+,US,2025-01-10,AFETR,,94.27,43.00,484,482,,,EA,ORB
STARLINK-32766,2025-006W,62574,PAY,+,US,2025-01-10,AFETR,,94.27,42.99,483,483,,,EA,ORB
JIELONG-3 DEB,2025-007A,62575,DEB,,PRC,2025-01-13,YSLA,,97.51,54.98,649,631,,,EA,ORB
CENTISPACE-1 S7,2025-007B,62576,PAY,+,PRC,2025-01-13,YSLA,,104.30,54.98,970,953,,,EA,ORB
CENTISPACE-1 S8,2025-007C,62577,PAY,+,PRC,2025-01-13,YSLA,,104.30,54.98,970,953,,,EA,ORB
CENTISPACE-1 S9,2025-007D,62578,PAY,+,PRC,2025-01-13,YSLA,,104.30,54.98,969,954,,,EA,ORB
CENTISPACE-1 S10,2025-007E,62579,PAY,+,PRC,2025-01-13,YSLA,,104.30,54.99,969,955,,,EA,ORB
CENTISPACE-1 S11,2025-007F,62580,PAY,+,PRC,2025-01-13,YSLA,,104.30,54.98,968,955,,,EA,ORB
CENTISPACE-1 S12,2025-007G,62581,PAY,+,PRC,2025-01-13,YSLA,,104.30,54.98,971,952,,,EA,ORB
CENTISPACE-1 S13,2025-007H,62582,PAY,+,PRC,2025-01-13,YSLA,,104.30,54.98,969,954,,,EA,ORB
CENTISPACE-1 S14,2025-007J,62583,PAY,+,PRC,2025-01-13,YSLA,,104.30,54.98,969,955,,,EA,ORB
CENTISPACE-1 S15,2025-007K,62584,PAY,+,PRC,2025-01-13,YSLA,,104.30,54.99,971,953,,,EA,ORB
CENTISPACE-1 S16,2025-007L,62585,PAY,+,PRC,2025-01-13,YSLA,,104.31,54.99,970,954,,,EA,ORB
JIELONG-3 R/B,2025-007M,62586,R/B,D,PRC,2025-01-13,YSLA,2025-02-27,87.58,54.92,176,133,,,EA,IMP
STARLINK-11547 [DTC],2025-008A,62587,PAY,+,US,2025-01-13,AFETR,,91.67,43.00,357,356,,,EA,ORB
STARLINK-11185 [DTC],2025-008B,62588,PAY,+,US,2025-01-13,AFETR,,91.67,43.00,358,355,,,EA,ORB
STARLINK-11513 [DTC],2025-008C,62589,PAY,+,US,2025-01-13,AFETR,,91.66,43.00,358,355,,,EA,ORB
STARLINK-11397 [DTC],2025-008D,62590,PAY,+,US,2025-01-13,AFETR,,91.66,43.00,360,352,,,EA,ORB
STARLINK-11420 [DTC],2025-008E,62591,PAY,+,US,2025-01-13,AFETR,,91.67,43.00,357,356,,,EA,ORB
STARLINK-11415 [DTC],2025-008F,62592,PAY,+,US,2025-01-13,AFETR,,91.67,43.00,358,355,,,EA,ORB
STARLINK-11413 [DTC],2025-008G,62593,PAY,+,US,2025-01-13,AFETR,,91.67,43.00,357,355,,,EA,ORB
STARLINK-11416 [DTC],2025-008H,62594,PAY,D,US,2025-01-13,AFETR,2026-07-07,88.52,42.97,210,192,,,EA,IMP
STARLINK-11535 [DTC],2025-008J,62595,PAY,+,US,2025-01-13,AFETR,,91.67,43.00,357,355,,,EA,ORB
STARLINK-11532 [DTC],2025-008K,62596,PAY,D,US,2025-01-13,AFETR,2025-08-03,88.73,42.98,219,204,,,EA,IMP
STARLINK-11521 [DTC],2025-008L,62597,PAY,+,US,2025-01-13,AFETR,,91.67,43.00,357,356,,,EA,ORB
STARLINK-11258 [DTC],2025-008M,62598,PAY,+,US,2025-01-13,AFETR,,91.67,43.00,357,356,,,EA,ORB
STARLINK-11529 [DTC],2025-008N,62599,PAY,+,US,2025-01-13,AFETR,,91.67,43.00,358,355,,,EA,ORB
STARLINK-32747,2025-008P,62600,PAY,+,US,2025-01-13,AFETR,,94.27,43.00,484,482,,,EA,ORB
STARLINK-32767,2025-008Q,62601,PAY,+,US,2025-01-13,AFETR,,94.27,43.00,484,482,,,EA,ORB
STARLINK-32769,2025-008R,62602,PAY,+,US,2025-01-13,AFETR,,94.27,43.01,484,482,,,EA,ORB
STARLINK-32778,2025-008S,62603,PAY,+,US,2025-01-13,AFETR,,94.27,43.00,484,482,,,EA,ORB
STARLINK-32710,2025-008T,62604,PAY,+,US,2025-01-13,AFETR,,94.27,43.00,484,482,,,EA,ORB
STARLINK-32742,2025-008U,62605,PAY,+,US,2025-01-13,AFETR,,94.27,43.01,484,482,,,EA,ORB
STARLINK-32783,2025-008V,62606,PAY,+,US,2025-01-13,AFETR,,94.27,43.00,484,482,,,EA,ORB
STARLINK-32784,2025-008W,62607,PAY,P,US,2025-01-13,AFETR,,91.87,42.98,385,348,,,EA,ORB
BUZZER-1,2025-009A,62609,PAY,+,FR,2025-01-14,AFWTR,,94.61,97.39,506,493,,,EA,ORB
EDISON-1,2025-009B,62610,PAY,+,DEN,2025-01-14,AFWTR,,93.93,97.40,471,462,,,EA,ORB
BALKAN-1,2025-009C,62611,PAY,+,BUL,2025-01-14,AFWTR,,94.38,97.39,494,483,,,EA,ORB
GESAT GEN1,2025-009D,62612,PAY,+,FR,2025-01-14,AFWTR,,94.15,97.40,479,476,,,EA,ORB
FLOCK 4G-8,2025-009E,62613,PAY,+,US,2025-01-14,AFWTR,,94.06,97.40,477,469,,,EA,ORB
TRANSPORTER-12 OBJECT F,2025-009F,62614,PAY,D,TBD,2025-01-14,AFWTR,2026-04-06,87.63,97.36,168,146,,,EA,IMP
TRANSPORTER-12 OBJECT G,2025-009G,62615,PAY,+,TBD,2025-01-14,AFWTR,,94.33,97.39,492,481,,,EA,ORB
INNOCUBE (TUBSAT-31),2025-009H,62616,PAY,+,GER,2025-01-14,AFWTR,,94.28,97.39,489,479,,,EA,ORB
SCOT-1 (SCOT),2025-009J,62617,PAY,+,SING,2025-01-14,AFWTR,,92.12,97.38,380,377,,,EA,ORB
AE1D,2025-009K,62618,PAY,+,JPN,2025-01-14,AFWTR,,91.20,97.39,335,332,,,EA,ORB
IRIS-F3,2025-009L,62619,PAY,+,ROC,2025-01-14,AFWTR,,94.25,97.40,488,477,,,EA,ORB
TRANSPORTER-12 OBJECT M,2025-009M,62620,PAY,+,TBD,2025-01-14,AFWTR,,91.14,97.38,332,329,,,EA,ORB
FLOCK 4G-13,2025-009N,62621,PAY,P,US,2025-01-14,AFWTR,,92.58,97.39,403,399,,,EA,ORB
FLOCK 4G-9,2025-009P,62622,PAY,+,US,2025-01-14,AFWTR,,94.18,97.39,483,474,,,EA,ORB
OTTER,2025-009Q,62623,PAY,+,US,2025-01-14,AFWTR,,94.06,97.40,477,469,,,EA,ORB
FLOCK 4G-7,2025-009R,62624,PAY,+,US,2025-01-14,AFWTR,,94.09,97.39,477,472,,,EA,ORB
FLOCK 4G-12,2025-009S,62625,PAY,+,US,2025-01-14,AFWTR,,94.09,97.40,479,471,,,EA,ORB
MBZ-SAT,2025-009T,62626,PAY,+,UAE,2025-01-14,AFWTR,,94.87,97.39,517,508,,,EA,ORB
RAY 1.0,2025-009U,62627,PAY,+,US,2025-01-14,AFWTR,,94.67,97.39,509,496,,,EA,ORB
ION SCV-016,2025-009V,62628,PAY,+,IT,2025-01-14,AFWTR,,99.07,97.43,1123,305,,,EA,ORB
FLOCK 4G-11,2025-009W,62629,PAY,+,US,2025-01-14,AFWTR,,94.08,97.39,477,471,,,EA,ORB
ION SCV-014,2025-009X,62630,PAY,+,IT,2025-01-14,AFWTR,,95.66,97.48,552,548,,,EA,ORB
PELICAN-2,2025-009Y,62631,PAY,+,US,2025-01-14,AFWTR,,93.47,97.20,445,443,,,EA,ORB
SIGI,2025-009Z,62632,PAY,+,GER,2025-01-14,AFWTR,,94.41,97.40,493,487,,,EA,ORB
FLOCK 4G-26,2025-009AA,62633,PAY,+,US,2025-01-14,AFWTR,,94.07,97.40,477,470,,,EA,ORB
FLOCK 4G-28,2025-009AB,62634,PAY,P,US,2025-01-14,AFWTR,,93.76,97.40,461,456,,,EA,ORB
GARAI-A,2025-009AC,62635,PAY,+,SPN,2025-01-14,AFWTR,,94.83,97.39,513,508,,,EA,ORB
FLOCK 4G-20,2025-009AD,62636,PAY,-,US,2025-01-14,AFWTR,,91.82,97.38,367,361,,,EA,ORB
FLOCK 4G-24,2025-009AE,62637,PAY,P,US,2025-01-14,AFWTR,,94.06,97.40,476,470,,,EA,ORB
FLOCK 4G-16,2025-009AF,62638,PAY,-,US,2025-01-14,AFWTR,,90.66,97.37,311,303,,,EA,ORB
FLOCK 4G-3,2025-009AG,62639,PAY,+,US,2025-01-14,AFWTR,,94.08,97.40,477,471,,,EA,ORB
NUSAT-45 (UZMASAT-1),2025-009AH,62640,PAY,+,ARGN,2025-01-14,AFWTR,,94.14,97.36,480,475,,,EA,ORB
FLOCK 4G-27,2025-009AJ,62641,PAY,+,US,2025-01-14,AFWTR,,94.09,97.39,477,472,,,EA,ORB
FLOCK 4G-29,2025-009AK,62642,PAY,P,US,2025-01-14,AFWTR,,94.02,97.39,473,469,,,EA,ORB
FLOCK 4G-32,2025-009AL,62643,PAY,D,US,2025-01-14,AFWTR,2026-06-18,88.52,97.37,212,191,,,EA,IMP
ANSER LEADER-S,2025-009AM,62644,PAY,+,SPN,2025-01-14,AFWTR,,92.63,97.40,406,401,,,EA,ORB
FLOCK 4G-22,2025-009AN,62645,PAY,+,US,2025-01-14,AFWTR,,94.09,97.40,477,472,,,EA,ORB
FLOCK 4G-25,2025-009AP,62646,PAY,+,US,2025-01-14,AFWTR,,94.08,97.40,476,472,,,EA,ORB
FLOCK 4G-23,2025-009AQ,62647,PAY,P,US,2025-01-14,AFWTR,,93.66,97.39,455,452,,,EA,ORB
LIME,2025-009AR,62648,PAY,+,US,2025-01-14,AFWTR,,93.99,97.39,472,467,,,EA,ORB
AE1C,2025-009AS,62649,PAY,+,JPN,2025-01-14,AFWTR,,92.95,97.40,421,417,,,EA,ORB
FLOCK 4G-34,2025-009AT,62650,PAY,P,US,2025-01-14,AFWTR,,94.10,97.39,478,472,,,EA,ORB
FLOCK 4G-21,2025-009AU,62651,PAY,P,US,2025-01-14,AFWTR,,93.80,97.40,463,458,,,EA,ORB
FLOCK 4G-31,2025-009AV,62652,PAY,+,US,2025-01-14,AFWTR,,94.11,97.39,477,473,,,EA,ORB
PAUSAT-1,2025-009AW,62653,PAY,+,TURK,2025-01-14,AFWTR,,94.49,97.39,496,492,,,EA,ORB
BRO-16,2025-009AX,62654,PAY,+,FR,2025-01-14,AFWTR,,94.47,97.40,495,490,,,EA,ORB
TRANSPORTER-12 OBJECT AY,2025-009AY,62655,PAY,+,TBD,2025-01-14,AFWTR,,93.24,97.40,434,432,,,EA,ORB
TRANSPORTER-12 OBJECT AZ,2025-009AZ,62656,PAY,+,TBD,2025-01-14,AFWTR,,93.84,97.39,465,461,,,EA,ORB
TRANSPORTER-12 OBJECT BA,2025-009BA,62657,PAY,+,TBD,2025-01-14,AFWTR,,94.12,97.39,478,474,,,EA,ORB
TROLL,2025-009BB,62658,PAY,+,CZCH,2025-01-14,AFWTR,,94.05,97.39,474,470,,,EA,ORB
FLOCK 4G-4,2025-009BC,62659,PAY,P,US,2025-01-14,AFWTR,,93.84,97.39,466,459,,,EA,ORB
FLOCK 4G-6,2025-009BD,62660,PAY,+,US,2025-01-14,AFWTR,,94.08,97.39,478,471,,,EA,ORB
FLOCK 4G-2,2025-009BE,62661,PAY,+,US,2025-01-14,AFWTR,,94.06,97.40,477,469,,,EA,ORB
PIONEER-02 (WINNEBAGO-2),2025-009BF,62662,PAY,D,US,2025-01-14,AFWTR,2025-02-28,96.71,97.16,863,339,,,EA,LAN
FLOCK 4G-5,2025-009BG,62663,PAY,P,US,2025-01-14,AFWTR,,94.03,97.40,475,468,,,EA,ORB
LYRA-1,2025-009BH,62664,PAY,+,AUS,2025-01-14,AFWTR,,94.75,97.39,511,501,,,EA,ORB
JAY-D2,2025-009BJ,62665,PAY,+,CA,2025-01-14,AFWTR,,94.57,97.39,502,494,,,EA,ORB
FLOCK 4G-1,2025-009BK,62666,PAY,+,US,2025-01-14,AFWTR,,94.07,97.40,477,469,,,EA,ORB
FLOCK 4G-14,2025-009BL,62667,PAY,+,US,2025-01-14,AFWTR,,94.09,97.40,479,471,,,EA,ORB
JAY-C,2025-009BM,62668,PAY,+,CA,2025-01-14,AFWTR,,94.57,97.39,502,493,,,EA,ORB
JAY-D1,2025-009BN,62669,PAY,+,CA,2025-01-14,AFWTR,,94.57,97.40,502,493,,,EA,ORB
FLOCK 4G-10,2025-009BP,62670,PAY,+,US,2025-01-14,AFWTR,,94.09,97.39,479,470,,,EA,ORB
SKYBEE-A01,2025-009BQ,62671,PAY,+,GER,2025-01-14,AFWTR,,94.66,97.39,507,497,,,EA,ORB
TRANSPORTER-12 OBJECT BR,2025-009BR,62672,PAY,+,TBD,2025-01-14,AFWTR,,94.53,97.39,500,491,,,EA,ORB
LEO EXPRESS 2,2025-009BS,62673,PAY,+,US,2025-01-14,AFWTR,,94.61,97.42,501,499,,,EA,ORB
TRANSPORTER-12 OBJECT BT,2025-009BT,62674,PAY,+,TBD,2025-01-14,AFWTR,,94.03,97.40,476,467,,,EA,ORB
FLOCK 4G-36,2025-009BU,62675,PAY,+,US,2025-01-14,AFWTR,,94.09,97.40,479,470,,,EA,ORB
FOSSASAT-2E19 (TAT-E),2025-009BV,62676,PAY,+,SPN,2025-01-14,AFWTR,,94.65,97.39,506,497,,,EA,ORB
ELEVATION-1,2025-009BW,62677,PAY,+,UK,2025-01-14,AFWTR,,93.19,97.38,434,428,,,EA,ORB
FLOCK 4G-15,2025-009BX,62678,PAY,+,US,2025-01-14,AFWTR,,94.08,97.40,478,470,,,EA,ORB
FLOCK 4G-30,2025-009BY,62679,PAY,P,US,2025-01-14,AFWTR,,93.72,97.39,459,453,,,EA,ORB
FLOCK 4G-18,2025-009BZ,62680,PAY,P,US,2025-01-14,AFWTR,,93.83,97.40,466,458,,,EA,ORB
FLOCK 4G-17,2025-009CA,62681,PAY,+,US,2025-01-14,AFWTR,,94.07,97.39,478,469,,,EA,ORB
FOREST-3,2025-009CB,62682,PAY,+,GER,2025-01-14,AFWTR,,94.40,97.39,494,485,,,EA,ORB
FLOCK 4G-35,2025-009CC,62683,PAY,-,US,2025-01-14,AFWTR,,93.30,97.39,439,433,,,EA,ORB
IRIS-F2,2025-009CD,62684,PAY,+,ROC,2025-01-14,AFWTR,,94.23,97.38,486,476,,,EA,ORB
FLOCK 4G-33,2025-009CE,62685,PAY,P,US,2025-01-14,AFWTR,,94.35,97.39,492,482,,,EA,ORB
FOSSASAT-2E18 (TAT-A),2025-009CF,62686,PAY,+,SPN,2025-01-14,AFWTR,,94.65,97.39,507,497,,,EA,ORB
HYPE,2025-009CG,62687,PAY,D,POL,2025-01-14,AFWTR,2025-12-09,87.73,97.39,169,155,,,EA,IMP
BLUEBON,2025-009CH,62688,PAY,+,POL,2025-01-14,AFWTR,,94.02,97.40,473,469,,,EA,ORB
LOGSATS,2025-009CJ,62689,PAY,D,THAI,2025-01-14,AFWTR,2026-04-09,88.13,97.36,191,173,,,EA,IMP
HADES-R,2025-009CK,62690,PAY,D,SPN,2025-01-14,AFWTR,2026-02-02,88.85,97.35,224,211,,,EA,IMP
TRANSPORTER-12 OBJECT CL,2025-009CL,62691,PAY,+,TBD,2025-01-14,AFWTR,,92.85,97.37,415,413,,,EA,ORB
HYDRA-T,2025-009CM,62692,PAY,D,SPN,2025-01-14,AFWTR,2026-01-28,88.26,97.36,195,181,,,EA,IMP
TRANSPORTER-12 OBJECT CN,2025-009CN,62693,PAY,D,TBD,2025-01-14,AFWTR,2026-05-07,89.33,97.39,251,231,,,EA,IMP
LEMUR-2-WILSON,2025-009CP,62694,PAY,+,US,2025-01-14,AFWTR,,96.30,97.70,584,579,,,EA,ORB
CONNECTA IOT-8,2025-009CQ,62695,PAY,+,TURK,2025-01-14,AFWTR,,96.43,97.70,590,585,,,EA,ORB
LEMUR-2-STAR-FOX,2025-009CR,62696,PAY,+,US,2025-01-14,AFWTR,,95.79,97.69,558,556,,,EA,ORB
IRIDE-MS2-HEO-1,2025-009CS,62697,PAY,+,IT,2025-01-14,AFWTR,,96.35,97.70,586,581,,,EA,ORB
ICEYE-X42,2025-009CT,62698,PAY,+,UAE,2025-01-14,AFWTR,,96.53,97.74,593,592,,,EA,ORB
LEMUR-2-ARIANNA,2025-009CU,62699,PAY,+,US,2025-01-14,AFWTR,,95.79,97.68,557,556,,,EA,ORB
ICEYE-X41,2025-009CV,62700,PAY,+,US,2025-01-14,AFWTR,,96.19,97.70,578,574,,,EA,ORB
FIREFLY-1,2025-009CW,62701,PAY,+,IND,2025-01-14,AFWTR,,96.47,97.70,593,586,,,EA,ORB
NORSAT 4,2025-009CX,62702,PAY,+,NOR,2025-01-14,AFWTR,,96.31,97.70,583,580,,,EA,ORB
CONNECTA IOT-5,2025-009CY,62703,PAY,+,TURK,2025-01-14,AFWTR,,96.37,97.70,586,583,,,EA,ORB
FIREFLY-2,2025-009CZ,62704,PAY,+,IND,2025-01-14,AFWTR,,96.46,97.70,593,585,,,EA,ORB
ICEYE-X45,2025-009DA,62705,PAY,+,US,2025-01-14,AFWTR,,95.95,97.85,565,564,,,EA,ORB
LEMUR-2-ALISIA,2025-009DB,62706,PAY,+,US,2025-01-14,AFWTR,,95.77,97.69,558,554,,,EA,ORB
ICEYE-X44,2025-009DC,62707,PAY,+,UAE,2025-01-14,AFWTR,,96.24,97.70,579,578,,,EA,ORB
CENTAURI-7,2025-009DD,62708,PAY,+,AUS,2025-01-14,AFWTR,,96.12,97.71,574,571,,,EA,ORB
CONNECTA IOT-6,2025-009DE,62709,PAY,+,TURK,2025-01-14,AFWTR,,96.36,97.70,585,584,,,EA,ORB
FIREFLY-3,2025-009DF,62710,PAY,+,IND,2025-01-14,AFWTR,,96.47,97.70,591,588,,,EA,ORB
LEMUR-2-ROUNDTRIPPER,2025-009DG,62711,PAY,+,US,2025-01-14,AFWTR,,95.70,97.72,554,551,,,EA,ORB
LEMUR-2-MYNAMEISJEFF,2025-009DH,62712,PAY,+,US,2025-01-14,AFWTR,,95.70,97.73,554,551,,,EA,ORB
SATGUS,2025-009DJ,62713,PAY,+,US,2025-01-14,AFWTR,,95.87,97.69,563,559,,,EA,ORB
CENTAURI-8,2025-009DK,62714,PAY,+,AUS,2025-01-14,AFWTR,,96.12,97.70,573,572,,,EA,ORB
CONNECTA IOT-7,2025-009DL,62715,PAY,+,TURK,2025-01-14,AFWTR,,96.37,97.70,586,583,,,EA,ORB
BLUE GHOST,2025-010A,62716,PAY,D,US,2025-01-15,AFETR,2025-03-02,,,,,,,MO,LAN
HAKUTO-R M2 (RESILIENCE),2025-010B,62717,PAY,+,JPN,2025-01-15,AFETR,,,,,,,,MO,ORB
FALCON 9 DEB,2025-010C,62718,DEB,D,US,2025-01-15,AFETR,2025-03-15,11390.87,35.04,322453,189,,,EA,IMP
FALCON 9 R/B,2025-010D,62719,R/B,,US,2025-01-15,AFETR,,24368.07,12.94,398407,145686,,,EM,ORB
BLUE RING PATHFINDER,2025-011A,62720,PAY,-,US,2025-01-16,AFETR,,374.70,29.82,19255,2422,,,EA,ORB
PRSC-EO1,2025-012A,62725,PAY,+,PAKI,2025-01-17,JSC,,94.88,97.42,517,508,,,EA,ORB
OBJECT B,2025-012B,62726,PAY,+,PRC,2025-01-17,JSC,,94.63,97.42,508,494,,,EA,ORB
OBJECT C,2025-012C,62727,PAY,+,PRC,2025-01-17,JSC,,94.20,97.42,485,474,,,EA,ORB
CZ-2D R/B,2025-012D,62728,R/B,D,PRC,2025-01-17,JSC,2026-06-23,87.63,97.38,168,146,,,EA,IMP
OBJECT A,2025-013A,62729,PAY,+,PRC,2025-01-20,JSC,,93.58,97.64,456,444,,,EA,ORB
OBJECT B,2025-013B,62730,PAY,+,PRC,2025-01-20,JSC,,95.26,97.66,541,521,,,EA,ORB
OBJECT C,2025-013C,62731,PAY,+,PRC,2025-01-20,JSC,,95.26,97.66,542,521,,,EA,ORB
OBJECT D,2025-013D,62732,PAY,+,PRC,2025-01-20,JSC,,95.26,97.66,537,525,,,EA,ORB
OBJECT E,2025-013E,62733,PAY,+,PRC,2025-01-20,JSC,,95.27,97.66,538,525,,,EA,ORB
OBJECT C,2025-002C,62734,UNK,,PRC,2025-01-06,XICLF,,,,,,,,EA,ORB
STARLINK-32806,2025-014A,62735,PAY,+,US,2025-01-21,AFETR,,94.27,43.01,484,482,,,EA,ORB
STARLINK-32329,2025-014B,62736,PAY,+,US,2025-01-21,AFETR,,94.27,43.00,484,482,,,EA,ORB
STARLINK-32774,2025-014C,62737,PAY,+,US,2025-01-21,AFETR,,94.27,43.00,484,481,,,EA,ORB
STARLINK-32802,2025-014D,62738,PAY,+,US,2025-01-21,AFETR,,94.27,43.00,484,482,,,EA,ORB
STARLINK-32796,2025-014E,62739,PAY,+,US,2025-01-21,AFETR,,94.27,43.00,485,481,,,EA,ORB
STARLINK-32805,2025-014F,62740,PAY,+,US,2025-01-21,AFETR,,94.27,43.00,484,482,,,EA,ORB
STARLINK-32770,2025-014G,62741,PAY,+,US,2025-01-21,AFETR,,94.27,43.00,483,483,,,EA,ORB
STARLINK-32775,2025-014H,62742,PAY,+,US,2025-01-21,AFETR,,94.27,43.00,484,482,,,EA,ORB
STARLINK-32800,2025-014J,62743,PAY,+,US,2025-01-21,AFETR,,94.27,43.00,484,482,,,EA,ORB
STARLINK-32758,2025-014K,62744,PAY,+,US,2025-01-21,AFETR,,94.27,43.00,484,482,,,EA,ORB
STARLINK-32746,2025-014L,62745,PAY,+,US,2025-01-21,AFETR,,94.27,43.00,484,482,,,EA,ORB
STARLINK-32780,2025-014M,62746,PAY,+,US,2025-01-21,AFETR,,94.27,43.00,484,482,,,EA,ORB
STARLINK-32765,2025-014N,62747,PAY,+,US,2025-01-21,AFETR,,94.27,43.01,484,483,,,EA,ORB
STARLINK-32762,2025-014P,62748,PAY,+,US,2025-01-21,AFETR,,94.27,43.00,485,481,,,EA,ORB
STARLINK-32761,2025-014Q,62749,PAY,+,US,2025-01-21,AFETR,,94.27,43.00,484,482,,,EA,ORB
STARLINK-32763,2025-014R,62750,PAY,+,US,2025-01-21,AFETR,,94.27,43.00,485,482,,,EA,ORB
STARLINK-32759,2025-014S,62751,PAY,+,US,2025-01-21,AFETR,,94.27,43.01,484,482,,,EA,ORB
STARLINK-32756,2025-014T,62752,PAY,+,US,2025-01-21,AFETR,,94.27,43.00,484,482,,,EA,ORB
STARLINK-32751,2025-014U,62753,PAY,+,US,2025-01-21,AFETR,,94.27,43.00,484,482,,,EA,ORB
STARLINK-32740,2025-014V,62754,PAY,+,US,2025-01-21,AFETR,,94.26,43.00,484,482,,,EA,ORB
STARLINK-32745,2025-014W,62755,PAY,+,US,2025-01-21,AFETR,,94.27,43.01,484,482,,,EA,ORB
USA 485,2025-014X,62756,PAY,+,US,2025-01-21,AFETR,,91.35,43.00,342,340,,,EA,ORB
USA 486,2025-014Y,62757,PAY,+,US,2025-01-21,AFETR,,91.35,43.00,342,339,,,EA,ORB
STARLINK-33596,2025-015A,62758,PAY,+,US,2025-01-21,AFWTR,,94.01,53.16,471,470,,,EA,ORB
STARLINK-33589,2025-015B,62759,PAY,+,US,2025-01-21,AFWTR,,94.01,53.16,471,470,,,EA,ORB
STARLINK-33575,2025-015C,62760,PAY,+,US,2025-01-21,AFWTR,,93.85,53.16,463,462,,,EA,ORB
STARLINK-33584,2025-015D,62761,PAY,+,US,2025-01-21,AFWTR,,93.85,53.16,464,462,,,EA,ORB
STARLINK-33577,2025-015E,62762,PAY,+,US,2025-01-21,AFWTR,,94.01,53.16,471,470,,,EA,ORB
STARLINK-33597,2025-015F,62763,PAY,+,US,2025-01-21,AFWTR,,94.01,53.16,471,470,,,EA,ORB
STARLINK-33579,2025-015G,62764,PAY,+,US,2025-01-21,AFWTR,,94.01,53.16,472,470,,,EA,ORB
STARLINK-33592,2025-015H,62765,PAY,+,US,2025-01-21,AFWTR,,93.85,53.16,464,462,,,EA,ORB
STARLINK-33595,2025-015J,62766,PAY,+,US,2025-01-21,AFWTR,,93.85,53.16,463,462,,,EA,ORB
STARLINK-33572,2025-015K,62767,PAY,+,US,2025-01-21,AFWTR,,93.85,53.16,463,462,,,EA,ORB
STARLINK-33601,2025-015L,62768,PAY,+,US,2025-01-21,AFWTR,,93.85,53.16,464,462,,,EA,ORB
STARLINK-33569,2025-015M,62769,PAY,+,US,2025-01-21,AFWTR,,93.85,53.16,463,462,,,EA,ORB
STARLINK-33594,2025-015N,62770,PAY,+,US,2025-01-21,AFWTR,,94.01,53.16,472,470,,,EA,ORB
STARLINK-33598,2025-015P,62771,PAY,+,US,2025-01-21,AFWTR,,93.85,53.16,464,462,,,EA,ORB
STARLINK-33600,2025-015Q,62772,PAY,+,US,2025-01-21,AFWTR,,94.01,53.16,471,470,,,EA,ORB
STARLINK-33567,2025-015R,62773,PAY,+,US,2025-01-21,AFWTR,,93.85,53.16,464,461,,,EA,ORB
STARLINK-33574,2025-015S,62774,PAY,+,US,2025-01-21,AFWTR,,93.85,53.16,464,461,,,EA,ORB
STARLINK-33576,2025-015T,62775,PAY,+,US,2025-01-21,AFWTR,,93.85,53.16,464,462,,,EA,ORB
STARLINK-33570,2025-015U,62776,PAY,+,US,2025-01-21,AFWTR,,93.85,53.16,463,462,,,EA,ORB
STARLINK-33591,2025-015V,62777,PAY,+,US,2025-01-21,AFWTR,,93.85,53.16,463,462,,,EA,ORB
STARLINK-33573,2025-015W,62778,PAY,+,US,2025-01-21,AFWTR,,93.85,53.16,463,462,,,EA,ORB
STARLINK-33568,2025-015X,62779,PAY,+,US,2025-01-21,AFWTR,,93.85,53.16,464,462,,,EA,ORB
STARLINK-33593,2025-015Y,62780,PAY,+,US,2025-01-21,AFWTR,,93.85,53.16,464,462,,,EA,ORB
STARLINK-33588,2025-015Z,62781,PAY,+,US,2025-01-21,AFWTR,,93.85,53.16,464,462,,,EA,ORB
STARLINK-33585,2025-015AA,62782,PAY,+,US,2025-01-21,AFWTR,,94.01,53.16,472,470,,,EA,ORB
STARLINK-33582,2025-015AB,62783,PAY,+,US,2025-01-21,AFWTR,,92.71,53.15,412,402,,,EA,ORB
STARLINK-33581,2025-015AC,62784,PAY,+,US,2025-01-21,AFWTR,,94.01,53.16,472,470,,,EA,ORB
QIANFAN-55,2025-016A,62785,PAY,+,PRC,2025-01-23,TAISC,,106.59,88.97,1081,1056,,,EA,ORB
QIANFAN-56,2025-016B,62786,PAY,+,PRC,2025-01-23,TAISC,,106.59,88.96,1080,1057,,,EA,ORB
QIANFAN-57,2025-016C,62787,PAY,+,PRC,2025-01-23,TAISC,,106.59,88.97,1070,1067,,,EA,ORB
QIANFAN-58,2025-016D,62788,PAY,+,PRC,2025-01-23,TAISC,,106.59,88.96,1078,1059,,,EA,ORB
QIANFAN-59,2025-016E,62789,PAY,+,PRC,2025-01-23,TAISC,,106.59,88.97,1079,1058,,,EA,ORB
QIANFAN-60,2025-016F,62790,PAY,+,PRC,2025-01-23,TAISC,,106.59,88.97,1080,1057,,,EA,ORB
QIANFAN-61,2025-016G,62791,PAY,+,PRC,2025-01-23,TAISC,,106.59,88.97,1079,1058,,,EA,ORB
QIANFAN-62,2025-016H,62792,PAY,+,PRC,2025-01-23,TAISC,,106.59,88.97,1080,1057,,,EA,ORB
QIANFAN-63,2025-016J,62793,PAY,+,PRC,2025-01-23,TAISC,,106.59,88.97,1080,1057,,,EA,ORB
QIANFAN-64,2025-016K,62794,PAY,+,PRC,2025-01-23,TAISC,,106.59,88.97,1079,1058,,,EA,ORB
QIANFAN-65,2025-016L,62795,PAY,+,PRC,2025-01-23,TAISC,,106.59,88.97,1079,1058,,,EA,ORB
QIANFAN-66,2025-016M,62796,PAY,+,PRC,2025-01-23,TAISC,,106.59,88.97,1079,1058,,,EA,ORB
QIANFAN-67,2025-016N,62797,PAY,+,PRC,2025-01-23,TAISC,,106.59,88.97,1079,1058,,,EA,ORB
QIANFAN-68,2025-016P,62798,PAY,+,PRC,2025-01-23,TAISC,,106.59,88.97,1079,1058,,,EA,ORB
QIANFAN-69,2025-016Q,62799,PAY,+,PRC,2025-01-23,TAISC,,106.59,88.96,1080,1057,,,EA,ORB
QIANFAN-70,2025-016R,62800,PAY,+,PRC,2025-01-23,TAISC,,106.59,88.97,1079,1058,,,EA,ORB
QIANFAN-71,2025-016S,62801,PAY,+,PRC,2025-01-23,TAISC,,106.59,88.97,1080,1057,,,EA,ORB
QIANFAN-72,2025-016T,62802,PAY,+,PRC,2025-01-23,TAISC,,106.59,88.97,1083,1054,,,EA,ORB
CZ-6A R/B,2025-016U,62803,R/B,,PRC,2025-01-23,TAISC,,99.14,89.00,787,648,,,EA,ORB
TJS-14,2025-017A,62804,PAY,+,PRC,2025-01-23,XICLF,,1436.05,0.64,35796,35775,,,EA,ORB
CZ-3B R/B,2025-017B,62805,R/B,D,PRC,2025-01-23,XICLF,2026-04-03,102.34,27.99,1628,111,,,EA,IMP
STARLINK-32883,2025-018A,62806,PAY,+,US,2025-01-24,AFWTR,,93.85,53.16,464,462,,,EA,ORB
STARLINK-32886,2025-018B,62807,PAY,+,US,2025-01-24,AFWTR,,93.85,53.16,464,462,,,EA,ORB
STARLINK-32848,2025-018C,62808,PAY,+,US,2025-01-24,AFWTR,,94.01,53.16,472,470,,,EA,ORB
STARLINK-32787,2025-018D,62809,PAY,+,US,2025-01-24,AFWTR,,93.85,53.16,463,462,,,EA,ORB
STARLINK-32851,2025-018E,62810,PAY,+,US,2025-01-24,AFWTR,,94.10,53.16,476,474,,,EA,ORB
STARLINK-32847,2025-018F,62811,PAY,+,US,2025-01-24,AFWTR,,94.11,53.16,476,474,,,EA,ORB
STARLINK-32837,2025-018G,62812,PAY,+,US,2025-01-24,AFWTR,,93.85,53.16,463,462,,,EA,ORB
STARLINK-32855,2025-018H,62813,PAY,+,US,2025-01-24,AFWTR,,93.85,53.16,463,462,,,EA,ORB
STARLINK-32843,2025-018J,62814,PAY,+,US,2025-01-24,AFWTR,,94.01,53.16,471,470,,,EA,ORB
STARLINK-32845,2025-018K,62815,PAY,+,US,2025-01-24,AFWTR,,93.75,53.16,463,453,,,EA,ORB
STARLINK-32854,2025-018L,62816,PAY,+,US,2025-01-24,AFWTR,,93.85,53.16,464,462,,,EA,ORB
STARLINK-32824,2025-018M,62817,PAY,+,US,2025-01-24,AFWTR,,93.85,53.16,464,462,,,EA,ORB
STARLINK-32853,2025-018N,62818,PAY,+,US,2025-01-24,AFWTR,,93.85,53.16,463,462,,,EA,ORB
STARLINK-32856,2025-018P,62819,PAY,+,US,2025-01-24,AFWTR,,93.85,53.16,464,462,,,EA,ORB
STARLINK-32844,2025-018Q,62820,PAY,+,US,2025-01-24,AFWTR,,94.01,53.16,472,470,,,EA,ORB
STARLINK-32782,2025-018R,62821,PAY,+,US,2025-01-24,AFWTR,,93.85,53.16,464,462,,,EA,ORB
STARLINK-32842,2025-018S,62822,PAY,+,US,2025-01-24,AFWTR,,93.85,53.16,465,461,,,EA,ORB
STARLINK-32823,2025-018T,62823,PAY,D,US,2025-01-24,AFWTR,2026-05-22,88.26,53.15,200,177,,,EA,IMP
STARLINK-32852,2025-018U,62824,PAY,+,US,2025-01-24,AFWTR,,93.90,53.16,466,465,,,EA,ORB
STARLINK-32825,2025-018V,62825,PAY,+,US,2025-01-24,AFWTR,,94.11,53.16,476,475,,,EA,ORB
STARLINK-32704,2025-018W,62826,PAY,+,US,2025-01-24,AFWTR,,92.75,53.15,413,405,,,EA,ORB
STARLINK-32838,2025-018X,62827,PAY,D,US,2025-01-24,AFWTR,2026-01-05,88.94,53.15,224,221,,,EA,IMP
STARLINK-32727,2025-018Y,62828,PAY,+,US,2025-01-24,AFWTR,,93.85,53.16,464,462,,,EA,ORB
STARLINK-11548 [DTC],2025-019A,62829,PAY,+,US,2025-01-27,AFETR,,91.67,43.00,359,354,,,EA,ORB
STARLINK-11480 [DTC],2025-019B,62830,PAY,+,US,2025-01-27,AFETR,,91.67,43.00,358,355,,,EA,ORB
STARLINK-11559 [DTC],2025-019C,62831,PAY,+,US,2025-01-27,AFETR,,91.67,43.00,358,355,,,EA,ORB
STARLINK-11549 [DTC],2025-019D,62832,PAY,+,US,2025-01-27,AFETR,,91.67,43.00,359,354,,,EA,ORB
STARLINK-11554 [DTC],2025-019E,62833,PAY,+,US,2025-01-27,AFETR,,91.66,43.00,359,353,,,EA,ORB
STARLINK-11520 [DTC],2025-019F,62834,PAY,+,US,2025-01-27,AFETR,,91.67,43.00,359,354,,,EA,ORB
STARLINK-11546 [DTC],2025-019G,62835,PAY,+,US,2025-01-27,AFETR,,91.66,43.00,357,355,,,EA,ORB
STARLINK-11533 [DTC],2025-019H,62836,PAY,+,US,2025-01-27,AFETR,,91.67,43.00,357,356,,,EA,ORB
STARLINK-11557 [DTC],2025-019J,62837,PAY,+,US,2025-01-27,AFETR,,91.67,43.00,359,355,,,EA,ORB
STARLINK-11556 [DTC],2025-019K,62838,PAY,+,US,2025-01-27,AFETR,,91.67,43.00,358,355,,,EA,ORB
STARLINK-11524 [DTC],2025-019L,62839,PAY,+,US,2025-01-27,AFETR,,91.67,43.00,357,356,,,EA,ORB
STARLINK-11551 [DTC],2025-019M,62840,PAY,+,US,2025-01-27,AFETR,,91.67,43.00,358,355,,,EA,ORB
STARLINK-11531 [DTC],2025-019N,62841,PAY,+,US,2025-01-27,AFETR,,91.67,43.00,360,353,,,EA,ORB
STARLINK-32755,2025-019P,62842,PAY,+,US,2025-01-27,AFETR,,94.27,43.00,484,482,,,EA,ORB
STARLINK-32797,2025-019Q,62843,PAY,+,US,2025-01-27,AFETR,,94.27,43.00,485,481,,,EA,ORB
STARLINK-32794,2025-019R,62844,PAY,+,US,2025-01-27,AFETR,,94.27,43.00,484,482,,,EA,ORB
STARLINK-32807,2025-019S,62845,PAY,+,US,2025-01-27,AFETR,,94.27,43.00,483,483,,,EA,ORB
STARLINK-32804,2025-019T,62846,PAY,+,US,2025-01-27,AFETR,,94.27,43.00,484,482,,,EA,ORB
STARLINK-32799,2025-019U,62847,PAY,+,US,2025-01-27,AFETR,,94.27,43.00,484,482,,,EA,ORB
STARLINK-32781,2025-019V,62848,PAY,+,US,2025-01-27,AFETR,,94.27,43.00,484,482,,,EA,ORB
STARLINK-32809,2025-019W,62849,PAY,+,US,2025-01-27,AFETR,,94.27,43.00,484,482,,,EA,ORB
NVS-02 (IRNSS-1K),2025-020A,62850,PAY,-,IND,2025-01-29,SRILR,,660.38,20.48,37223,261,,,EA,ORB
GSLV R/B,2025-020B,62851,R/B,,IND,2025-01-29,SRILR,,537.57,20.48,30893,151,,,EA,ORB
SPAINSAT NG I,2025-021A,62852,PAY,+,SPN,2025-01-30,AFETR,,1436.04,0.02,35788,35783,,,EA,ORB
FALCON 9 R/B,2025-021B,62853,R/B,,US,2025-01-30,AFETR,,1296.03,24.52,65540,457,,,EA,ORB
STARLINK-32868,2025-022A,62854,PAY,+,US,2025-02-01,AFWTR,,93.85,53.16,463,462,,,EA,ORB
STARLINK-32867,2025-022B,62855,PAY,+,US,2025-02-01,AFWTR,,93.85,53.16,465,461,,,EA,ORB
STARLINK-32860,2025-022C,62856,PAY,+,US,2025-02-01,AFWTR,,93.85,53.16,464,462,,,EA,ORB
STARLINK-32873,2025-022D,62857,PAY,+,US,2025-02-01,AFWTR,,93.85,53.16,464,462,,,EA,ORB
STARLINK-32866,2025-022E,62858,PAY,+,US,2025-02-01,AFWTR,,93.85,53.16,464,462,,,EA,ORB
STARLINK-32869,2025-022F,62859,PAY,+,US,2025-02-01,AFWTR,,93.85,53.16,464,462,,,EA,ORB
STARLINK-32831,2025-022G,62860,PAY,+,US,2025-02-01,AFWTR,,93.85,53.16,463,462,,,EA,ORB
STARLINK-32859,2025-022H,62861,PAY,+,US,2025-02-01,AFWTR,,93.85,53.16,463,462,,,EA,ORB
STARLINK-32864,2025-022J,62862,PAY,+,US,2025-02-01,AFWTR,,93.85,53.16,464,462,,,EA,ORB
STARLINK-32808,2025-022K,62863,PAY,+,US,2025-02-01,AFWTR,,93.85,53.16,464,462,,,EA,ORB
STARLINK-32862,2025-022L,62864,PAY,+,US,2025-02-01,AFWTR,,93.85,53.16,463,462,,,EA,ORB
STARLINK-32841,2025-022M,62865,PAY,+,US,2025-02-01,AFWTR,,93.85,53.16,464,462,,,EA,ORB
STARLINK-32695,2025-022N,62866,PAY,+,US,2025-02-01,AFWTR,,93.85,53.16,464,461,,,EA,ORB
STARLINK-32846,2025-022P,62867,PAY,+,US,2025-02-01,AFWTR,,93.85,53.16,464,462,,,EA,ORB
STARLINK-32822,2025-022Q,62868,PAY,+,US,2025-02-01,AFWTR,,93.85,53.16,464,461,,,EA,ORB
STARLINK-32813,2025-022R,62869,PAY,+,US,2025-02-01,AFWTR,,93.85,53.16,464,462,,,EA,ORB
STARLINK-32861,2025-022S,62870,PAY,+,US,2025-02-01,AFWTR,,93.85,53.16,464,462,,,EA,ORB
STARLINK-32814,2025-022T,62871,PAY,+,US,2025-02-01,AFWTR,,93.85,53.16,464,462,,,EA,ORB
STARLINK-32849,2025-022U,62872,PAY,+,US,2025-02-01,AFWTR,,93.85,53.16,464,462,,,EA,ORB
STARLINK-32833,2025-022V,62873,PAY,+,US,2025-02-01,AFWTR,,93.85,53.16,464,462,,,EA,ORB
STARLINK-32793,2025-022W,62874,PAY,+,US,2025-02-01,AFWTR,,93.85,53.16,464,462,,,EA,ORB
STARLINK-32834,2025-022X,62875,PAY,+,US,2025-02-01,AFWTR,,93.85,53.16,464,462,,,EA,ORB
QZS-6 (MICHIBIKI-6),2025-023A,62876,PAY,+,JPN,2025-02-02,TANSC,,1436.13,,35796,35778,,,EA,ORB
H-3 R/B,2025-023B,62877,R/B,,JPN,2025-02-02,TANSC,,608.68,21.40,34545,281,,,EA,ORB
FALCON 9 R/B,2025-022Y,62878,R/B,D,US,2025-02-01,AFWTR,2025-02-19,87.40,53.14,166,126,,,EA,IMP
STARLINK-11371 [DTC],2025-024A,62879,PAY,+,US,2025-02-04,AFETR,,91.66,43.00,357,355,,,EA,ORB
STARLINK-11352 [DTC],2025-024B,62880,PAY,+,US,2025-02-04,AFETR,,91.67,43.00,357,355,,,EA,ORB
STARLINK-11382 [DTC],2025-024C,62881,PAY,+,US,2025-02-04,AFETR,,91.67,43.00,357,355,,,EA,ORB
STARLINK-11432 [DTC],2025-024D,62882,PAY,+,US,2025-02-04,AFETR,,91.67,43.00,357,356,,,EA,ORB
STARLINK-11419 [DTC],2025-024E,62883,PAY,+,US,2025-02-04,AFETR,,91.67,43.00,359,354,,,EA,ORB
STARLINK-11437 [DTC],2025-024F,62884,PAY,+,US,2025-02-04,AFETR,,91.67,43.00,359,354,,,EA,ORB
STARLINK-11442 [DTC],2025-024G,62885,PAY,+,US,2025-02-04,AFETR,,91.67,43.00,358,355,,,EA,ORB
STARLINK-11365 [DTC],2025-024H,62886,PAY,+,US,2025-02-04,AFETR,,91.67,43.00,357,355,,,EA,ORB
STARLINK-11436 [DTC],2025-024J,62887,PAY,+,US,2025-02-04,AFETR,,91.67,43.00,358,355,,,EA,ORB
STARLINK-11438 [DTC],2025-024K,62888,PAY,+,US,2025-02-04,AFETR,,91.66,43.00,357,355,,,EA,ORB
STARLINK-11391 [DTC],2025-024L,62889,PAY,+,US,2025-02-04,AFETR,,91.67,43.00,358,355,,,EA,ORB
STARLINK-11431 [DTC],2025-024M,62890,PAY,+,US,2025-02-04,AFETR,,91.67,43.00,357,356,,,EA,ORB
STARLINK-11435 [DTC],2025-024N,62891,PAY,+,US,2025-02-04,AFETR,,91.67,43.00,358,355,,,EA,ORB
STARLINK-32878,2025-024P,62892,PAY,+,US,2025-02-04,AFETR,,94.27,43.00,484,482,,,EA,ORB
STARLINK-32892,2025-024Q,62893,PAY,+,US,2025-02-04,AFETR,,94.27,43.01,485,481,,,EA,ORB
STARLINK-32909,2025-024R,62894,PAY,+,US,2025-02-04,AFETR,,94.26,43.00,484,482,,,EA,ORB
STARLINK-32901,2025-024S,62895,PAY,+,US,2025-02-04,AFETR,,94.27,43.00,484,482,,,EA,ORB
STARLINK-32890,2025-024T,62896,PAY,+,US,2025-02-04,AFETR,,94.26,43.00,484,482,,,EA,ORB
STARLINK-32893,2025-024U,62897,PAY,+,US,2025-02-04,AFETR,,94.27,43.00,484,482,,,EA,ORB
STARLINK-32902,2025-024V,62898,PAY,+,US,2025-02-04,AFETR,,94.27,43.00,484,482,,,EA,ORB
STARLINK-32661,2025-024W,62899,PAY,+,US,2025-02-04,AFETR,,94.27,43.00,485,481,,,EA,ORB
LEGION 5,2025-025A,62900,PAY,+,US,2025-02-04,AFETR,,94.99,45.00,522,514,,,EA,ORB
LEGION 6,2025-025B,62901,PAY,+,US,2025-02-04,AFETR,,94.99,45.00,524,512,,,EA,ORB
COSMOS 2581,2025-026A,62902,PAY,+,CIS,2025-02-05,PLMSC,,96.31,82.00,589,575,,,EA,ORB
COSMOS 2582,2025-026B,62903,PAY,+,CIS,2025-02-05,PLMSC,,96.31,82.00,589,575,,,EA,ORB
COSMOS 2583,2025-026C,62904,PAY,+,CIS,2025-02-05,PLMSC,,96.31,82.00,589,575,,,EA,ORB
VOLGA R/B,2025-026D,62905,R/B,,CIS,2025-02-05,PLMSC,,96.39,81.99,593,579,,,EA,ORB
SL-4 R/B,2025-026E,62906,R/B,D,CIS,2025-02-05,PLMSC,2025-03-24,87.42,81.97,173,120,,,EA,IMP
STARLINK-11552 [DTC],2025-027A,62907,PAY,+,US,2025-02-08,AFETR,,91.67,43.00,357,355,,,EA,ORB
STARLINK-11561 [DTC],2025-027B,62908,PAY,+,US,2025-02-08,AFETR,,91.67,43.00,359,354,,,EA,ORB
STARLINK-11567 [DTC],2025-027C,62909,PAY,+,US,2025-02-08,AFETR,,91.67,43.00,358,355,,,EA,ORB
STARLINK-11569 [DTC],2025-027D,62910,PAY,+,US,2025-02-08,AFETR,,91.67,43.00,359,354,,,EA,ORB
STARLINK-11537 [DTC],2025-027E,62911,PAY,+,US,2025-02-08,AFETR,,91.66,43.00,359,353,,,EA,ORB
STARLINK-11565 [DTC],2025-027F,62912,PAY,+,US,2025-02-08,AFETR,,91.67,43.00,357,355,,,EA,ORB
STARLINK-11564 [DTC],2025-027G,62913,PAY,+,US,2025-02-08,AFETR,,91.66,43.00,357,355,,,EA,ORB
STARLINK-11566 [DTC],2025-027H,62914,PAY,+,US,2025-02-08,AFETR,,91.67,43.00,357,356,,,EA,ORB
STARLINK-11555 [DTC],2025-027J,62915,PAY,+,US,2025-02-08,AFETR,,91.67,43.00,358,355,,,EA,ORB
STARLINK-11430 [DTC],2025-027K,62916,PAY,+,US,2025-02-08,AFETR,,91.67,43.00,359,353,,,EA,ORB
STARLINK-11560 [DTC],2025-027L,62917,PAY,+,US,2025-02-08,AFETR,,91.67,43.00,359,354,,,EA,ORB
STARLINK-11562 [DTC],2025-027M,62918,PAY,+,US,2025-02-08,AFETR,,91.66,43.00,358,355,,,EA,ORB
STARLINK-11457 [DTC],2025-027N,62919,PAY,+,US,2025-02-08,AFETR,,91.66,43.00,358,355,,,EA,ORB
STARLINK-32921,2025-027P,62920,PAY,+,US,2025-02-08,AFETR,,94.19,43.00,480,479,,,EA,ORB
STARLINK-32917,2025-027Q,62921,PAY,+,US,2025-02-08,AFETR,,94.27,43.00,484,482,,,EA,ORB
STARLINK-32916,2025-027R,62922,PAY,+,US,2025-02-08,AFETR,,94.27,43.00,484,482,,,EA,ORB
STARLINK-32905,2025-027S,62923,PAY,+,US,2025-02-08,AFETR,,94.27,43.00,484,482,,,EA,ORB
STARLINK-32871,2025-027T,62924,PAY,+,US,2025-02-08,AFETR,,94.27,42.99,484,482,,,EA,ORB
STARLINK-32920,2025-027U,62925,PAY,+,US,2025-02-08,AFETR,,94.27,43.00,485,481,,,EA,ORB
STARLINK-32922,2025-027V,62926,PAY,+,US,2025-02-08,AFETR,,94.27,43.00,484,482,,,EA,ORB
STARLINK-32891,2025-027W,62927,PAY,+,US,2025-02-08,AFETR,,94.27,43.00,484,482,,,EA,ORB
ELECTRON KICK STAGE R/B,2025-028A,62928,R/B,,US,2025-02-08,RLLB,,96.68,97.88,627,572,,,EA,ORB
KINEIS-2C,2025-028B,62929,PAY,+,FR,2025-02-08,RLLB,,97.73,98.12,653,646,,,EA,ORB
KINEIS-2D,2025-028C,62930,PAY,+,FR,2025-02-08,RLLB,,97.57,97.92,645,640,,,EA,ORB
KINEIS-2E,2025-028D,62931,PAY,+,FR,2025-02-08,RLLB,,97.48,97.89,639,637,,,EA,ORB
KINEIS-2A,2025-028E,62932,PAY,+,FR,2025-02-08,RLLB,,97.72,98.13,652,647,,,EA,ORB
ELECTRON R/B,2025-028F,62933,R/B,D,US,2025-02-08,RLLB,2025-02-20,87.82,97.93,202,131,,,EA,IMP
KINEIS-2B,2025-028G,62934,PAY,+,FR,2025-02-08,RLLB,,97.72,97.96,651,648,,,EA,ORB
STARLINK-32728,2025-029A,62948,PAY,+,US,2025-02-11,AFWTR,,93.85,53.16,464,462,,,EA,ORB
STARLINK-32857,2025-029B,62949,PAY,+,US,2025-02-11,AFWTR,,93.85,53.16,464,462,,,EA,ORB
STARLINK-32850,2025-029C,62950,PAY,+,US,2025-02-11,AFWTR,,94.01,53.16,472,470,,,EA,ORB
STARLINK-32875,2025-029D,62951,PAY,+,US,2025-02-11,AFWTR,,93.85,53.16,463,462,,,EA,ORB
STARLINK-32865,2025-029E,62952,PAY,+,US,2025-02-11,AFWTR,,94.01,53.16,472,470,,,EA,ORB
STARLINK-32884,2025-029F,62953,PAY,+,US,2025-02-11,AFWTR,,93.85,53.16,464,462,,,EA,ORB
STARLINK-32874,2025-029G,62954,PAY,+,US,2025-02-11,AFWTR,,93.85,53.16,464,462,,,EA,ORB
STARLINK-32880,2025-029H,62955,PAY,+,US,2025-02-11,AFWTR,,94.01,53.16,472,470,,,EA,ORB
STARLINK-32815,2025-029J,62956,PAY,+,US,2025-02-11,AFWTR,,93.85,53.16,464,462,,,EA,ORB
STARLINK-32879,2025-029K,62957,PAY,+,US,2025-02-11,AFWTR,,94.01,53.16,471,470,,,EA,ORB
STARLINK-32885,2025-029L,62958,PAY,+,US,2025-02-11,AFWTR,,93.85,53.16,464,462,,,EA,ORB
STARLINK-32896,2025-029M,62959,PAY,+,US,2025-02-11,AFWTR,,93.85,53.16,464,461,,,EA,ORB
STARLINK-32877,2025-029N,62960,PAY,+,US,2025-02-11,AFWTR,,93.85,53.16,463,462,,,EA,ORB
STARLINK-32889,2025-029P,62961,PAY,+,US,2025-02-11,AFWTR,,93.85,53.16,464,462,,,EA,ORB
STARLINK-32858,2025-029Q,62962,PAY,+,US,2025-02-11,AFWTR,,93.85,53.16,464,461,,,EA,ORB
STARLINK-32882,2025-029R,62963,PAY,+,US,2025-02-11,AFWTR,,93.85,53.16,464,462,,,EA,ORB
STARLINK-32887,2025-029S,62964,PAY,+,US,2025-02-11,AFWTR,,93.85,53.15,464,462,,,EA,ORB
STARLINK-32836,2025-029T,62965,PAY,+,US,2025-02-11,AFWTR,,93.85,53.16,464,462,,,EA,ORB
STARLINK-32888,2025-029U,62966,PAY,+,US,2025-02-11,AFWTR,,93.85,53.16,463,462,,,EA,ORB
STARLINK-32897,2025-029V,62967,PAY,+,US,2025-02-11,AFWTR,,93.85,53.16,464,462,,,EA,ORB
STARLINK-32863,2025-029W,62968,PAY,+,US,2025-02-11,AFWTR,,94.01,53.16,471,470,,,EA,ORB
STARLINK-32894,2025-029X,62969,PAY,+,US,2025-02-11,AFWTR,,93.85,53.16,464,462,,,EA,ORB
STARLINK-32826,2025-029Y,62970,PAY,+,US,2025-02-11,AFWTR,,93.85,53.16,464,462,,,EA,ORB
HULIANWANG DIGUI-11,2025-030A,62971,PAY,+,PRC,2025-02-11,WSC,,108.33,50.00,1150,1149,,,EA,ORB
HULIANWANG DIGUI-12,2025-030B,62972,PAY,+,PRC,2025-02-11,WSC,,108.33,50.00,1150,1149,,,EA,ORB
HULIANWANG DIGUI-13,2025-030C,62973,PAY,+,PRC,2025-02-11,WSC,,108.33,50.00,1150,1149,,,EA,ORB
HULIANWANG DIGUI-14,2025-030D,62974,PAY,+,PRC,2025-02-11,WSC,,108.33,50.01,1150,1149,,,EA,ORB
HULIANWANG DIGUI-15,2025-030E,62975,PAY,+,PRC,2025-02-11,WSC,,108.33,50.00,1150,1149,,,EA,ORB
HULIANWANG DIGUI-16,2025-030F,62976,PAY,+,PRC,2025-02-11,WSC,,108.33,50.01,1150,1149,,,EA,ORB
HULIANWANG DIGUI-17,2025-030G,62977,PAY,+,PRC,2025-02-11,WSC,,108.33,50.01,1150,1149,,,EA,ORB
HULIANWANG DIGUI-18,2025-030H,62978,PAY,+,PRC,2025-02-11,WSC,,108.33,50.01,1150,1149,,,EA,ORB
HULIANWANG DIGUI-19,2025-030J,62979,PAY,+,PRC,2025-02-11,WSC,,108.33,50.01,1150,1149,,,EA,ORB
CZ-8A R/B,2025-030K,62980,R/B,,PRC,2025-02-11,WSC,,100.49,50.01,866,697,,,EA,ORB
STARLINK-11543 [DTC],2025-031A,62981,PAY,+,US,2025-02-11,AFETR,,91.67,43.00,358,355,,,EA,ORB
STARLINK-11458 [DTC],2025-031B,62982,PAY,+,US,2025-02-11,AFETR,,91.66,43.00,357,355,,,EA,ORB
STARLINK-11417 [DTC],2025-031C,62983,PAY,+,US,2025-02-11,AFETR,,91.67,43.00,358,355,,,EA,ORB
STARLINK-11544 [DTC],2025-031D,62984,PAY,+,US,2025-02-11,AFETR,,91.67,43.00,358,355,,,EA,ORB
STARLINK-11582 [DTC],2025-031E,62985,PAY,+,US,2025-02-11,AFETR,,91.67,43.00,358,355,,,EA,ORB
STARLINK-11571 [DTC],2025-031F,62986,PAY,+,US,2025-02-11,AFETR,,91.66,43.00,357,356,,,EA,ORB
STARLINK-11539 [DTC],2025-031G,62987,PAY,+,US,2025-02-11,AFETR,,91.67,43.00,357,356,,,EA,ORB
STARLINK-11542 [DTC],2025-031H,62988,PAY,+,US,2025-02-11,AFETR,,91.67,43.00,357,356,,,EA,ORB
STARLINK-11573 [DTC],2025-031J,62989,PAY,+,US,2025-02-11,AFETR,,91.67,43.00,358,355,,,EA,ORB
STARLINK-11572 [DTC],2025-031K,62990,PAY,+,US,2025-02-11,AFETR,,91.66,43.00,357,355,,,EA,ORB
STARLINK-11583 [DTC],2025-031L,62991,PAY,+,US,2025-02-11,AFETR,,91.67,43.00,358,354,,,EA,ORB
STARLINK-11570 [DTC],2025-031M,62992,PAY,+,US,2025-02-11,AFETR,,91.67,43.00,357,355,,,EA,ORB
STARLINK-11576 [DTC],2025-031N,62993,PAY,+,US,2025-02-11,AFETR,,91.67,43.00,359,353,,,EA,ORB
STARLINK-32899,2025-031P,62994,PAY,+,US,2025-02-11,AFETR,,94.27,43.00,484,482,,,EA,ORB
STARLINK-32819,2025-031Q,62995,PAY,+,US,2025-02-11,AFETR,,94.27,43.00,484,482,,,EA,ORB
STARLINK-32703,2025-031R,62996,PAY,+,US,2025-02-11,AFETR,,94.27,43.00,484,482,,,EA,ORB
STARLINK-32881,2025-031S,62997,PAY,+,US,2025-02-11,AFETR,,94.27,43.00,484,482,,,EA,ORB
STARLINK-32898,2025-031T,62998,PAY,+,US,2025-02-11,AFETR,,94.27,43.00,484,482,,,EA,ORB
STARLINK-32658,2025-031U,62999,PAY,+,US,2025-02-11,AFETR,,94.27,43.00,483,483,,,EA,ORB
STARLINK-32673,2025-031V,63000,PAY,+,US,2025-02-11,AFETR,,94.27,43.00,484,482,,,EA,ORB
STARLINK-32437,2025-031W,63001,PAY,+,US,2025-02-11,AFETR,,94.27,43.00,484,482,,,EA,ORB
TRANSPORTER-12 OBJECT DM,2025-009DM,63002,PAY,D,TBD,2025-01-14,AFWTR,2026-04-30,87.65,97.38,167,149,,,EA,IMP
FOSSASAT-2E20 (TAT-O),2025-009DN,63003,PAY,+,SPN,2025-01-14,AFWTR,,94.04,97.31,475,469,,,EA,ORB
OBJECT DP,2025-009DP,63004,PAY,D,TBD,2025-01-14,AFWTR,2025-10-13,88.75,97.40,221,205,,,EA,IMP
STARLINK-11448 [DTC],2025-032A,63005,PAY,+,US,2025-02-15,AFETR,,91.67,43.00,358,355,,,EA,ORB
STARLINK-11553 [DTC],2025-032B,63006,PAY,+,US,2025-02-15,AFETR,,91.67,43.00,359,354,,,EA,ORB
STARLINK-11526 [DTC],2025-032C,63007,PAY,+,US,2025-02-15,AFETR,,91.67,43.00,359,354,,,EA,ORB
STARLINK-11405 [DTC],2025-032D,63008,PAY,+,US,2025-02-15,AFETR,,91.67,43.00,358,354,,,EA,ORB
STARLINK-11586 [DTC],2025-032E,63009,PAY,+,US,2025-02-15,AFETR,,91.67,43.00,358,355,,,EA,ORB
STARLINK-11574 [DTC],2025-032F,63010,PAY,+,US,2025-02-15,AFETR,,91.67,43.00,357,356,,,EA,ORB
STARLINK-11580 [DTC],2025-032G,63011,PAY,+,US,2025-02-15,AFETR,,91.67,43.00,357,356,,,EA,ORB
STARLINK-11449 [DTC],2025-032H,63012,PAY,+,US,2025-02-15,AFETR,,91.67,43.00,358,355,,,EA,ORB
STARLINK-11577 [DTC],2025-032J,63013,PAY,+,US,2025-02-15,AFETR,,91.67,43.00,358,355,,,EA,ORB
STARLINK-11578 [DTC],2025-032K,63014,PAY,+,US,2025-02-15,AFETR,,91.67,43.00,358,355,,,EA,ORB
STARLINK-11541 [DTC],2025-032L,63015,PAY,+,US,2025-02-15,AFETR,,91.67,43.00,357,356,,,EA,ORB
STARLINK-11545 [DTC],2025-032M,63016,PAY,+,US,2025-02-15,AFETR,,91.67,43.00,357,356,,,EA,ORB
STARLINK-11400 [DTC],2025-032N,63017,PAY,+,US,2025-02-15,AFETR,,91.67,43.00,360,353,,,EA,ORB
STARLINK-32870,2025-032P,63018,PAY,+,US,2025-02-15,AFETR,,94.27,43.00,484,482,,,EA,ORB
STARLINK-32872,2025-032Q,63019,PAY,+,US,2025-02-15,AFETR,,94.27,43.00,484,482,,,EA,ORB
STARLINK-32677,2025-032R,63020,PAY,+,US,2025-02-15,AFETR,,94.27,43.00,484,482,,,EA,ORB
STARLINK-32929,2025-032S,63021,PAY,+,US,2025-02-15,AFETR,,94.27,43.00,484,482,,,EA,ORB
STARLINK-32944,2025-032T,63022,PAY,+,US,2025-02-15,AFETR,,94.27,43.00,484,482,,,EA,ORB
STARLINK-32943,2025-032U,63023,PAY,+,US,2025-02-15,AFETR,,94.27,43.00,484,482,,,EA,ORB
STARLINK-32803,2025-032V,63024,PAY,+,US,2025-02-15,AFETR,,94.27,43.00,484,482,,,EA,ORB
STARLINK-32926,2025-032W,63025,PAY,+,US,2025-02-15,AFETR,,94.27,43.00,484,482,,,EA,ORB
ELECTRON KICK STAGE R/B,2025-033A,63026,R/B,D,US,2025-02-18,RLLB,2026-02-23,87.98,58.96,177,172,,,EA,IMP
GLOBAL-31,2025-033B,63027,PAY,+,US,2025-02-18,RLLB,,93.56,59.00,458,439,,,EA,ORB
ELECTRON R/B,2025-033C,63028,R/B,D,US,2025-02-18,RLLB,2025-02-26,87.64,59.00,192,123,,,EA,IMP
STARLINK-32798,2025-034A,63029,PAY,+,US,2025-02-18,AFETR,,93.85,53.16,463,462,,,EA,ORB
STARLINK-32779,2025-034B,63030,PAY,+,US,2025-02-18,AFETR,,93.85,53.16,463,462,,,EA,ORB
STARLINK-32716,2025-034C,63031,PAY,+,US,2025-02-18,AFETR,,93.85,53.16,464,462,,,EA,ORB
STARLINK-32776,2025-034D,63032,PAY,+,US,2025-02-18,AFETR,,93.85,53.16,464,462,,,EA,ORB
STARLINK-32772,2025-034E,63033,PAY,+,US,2025-02-18,AFETR,,94.01,53.16,472,470,,,EA,ORB
STARLINK-32830,2025-034F,63034,PAY,+,US,2025-02-18,AFETR,,94.01,53.16,472,470,,,EA,ORB
STARLINK-32801,2025-034G,63035,PAY,+,US,2025-02-18,AFETR,,93.85,53.16,464,462,,,EA,ORB
STARLINK-32818,2025-034H,63036,PAY,+,US,2025-02-18,AFETR,,94.01,53.16,472,470,,,EA,ORB
STARLINK-32810,2025-034J,63037,PAY,+,US,2025-02-18,AFETR,,93.85,53.16,464,462,,,EA,ORB
STARLINK-32812,2025-034K,63038,PAY,+,US,2025-02-18,AFETR,,94.01,53.16,472,470,,,EA,ORB
STARLINK-32811,2025-034L,63039,PAY,+,US,2025-02-18,AFETR,,93.85,53.16,464,462,,,EA,ORB
STARLINK-32832,2025-034M,63040,PAY,+,US,2025-02-18,AFETR,,94.01,53.16,471,470,,,EA,ORB
STARLINK-32820,2025-034N,63041,PAY,+,US,2025-02-18,AFETR,,94.11,53.16,476,474,,,EA,ORB
STARLINK-32795,2025-034P,63042,PAY,+,US,2025-02-18,AFETR,,93.85,53.16,464,462,,,EA,ORB
STARLINK-32827,2025-034Q,63043,PAY,+,US,2025-02-18,AFETR,,93.85,53.16,464,462,,,EA,ORB
STARLINK-32735,2025-034R,63044,PAY,+,US,2025-02-18,AFETR,,93.85,53.16,463,462,,,EA,ORB
STARLINK-32828,2025-034S,63045,PAY,+,US,2025-02-18,AFETR,,93.85,53.16,463,462,,,EA,ORB
STARLINK-32738,2025-034T,63046,PAY,+,US,2025-02-18,AFETR,,93.85,53.16,464,462,,,EA,ORB
STARLINK-32590,2025-034U,63047,PAY,+,US,2025-02-18,AFETR,,94.01,53.16,472,470,,,EA,ORB
STARLINK-32790,2025-034V,63048,PAY,+,US,2025-02-18,AFETR,,93.85,53.16,464,462,,,EA,ORB
STARLINK-32829,2025-034W,63049,PAY,+,US,2025-02-18,AFETR,,93.85,53.16,463,462,,,EA,ORB
STARLINK-32816,2025-034X,63050,PAY,+,US,2025-02-18,AFETR,,93.85,53.16,463,462,,,EA,ORB
STARLINK-32835,2025-034Y,63051,PAY,+,US,2025-02-18,AFETR,,93.85,53.16,463,462,,,EA,ORB
STARLINK-11550 [DTC],2025-035A,63052,PAY,+,US,2025-02-21,AFETR,,91.67,43.00,357,356,,,EA,ORB
STARLINK-11563 [DTC],2025-035B,63053,PAY,+,US,2025-02-21,AFETR,,91.67,43.00,357,355,,,EA,ORB
STARLINK-11347 [DTC],2025-035C,63054,PAY,+,US,2025-02-21,AFETR,,91.67,43.00,358,355,,,EA,ORB
STARLINK-11558 [DTC],2025-035D,63055,PAY,+,US,2025-02-21,AFETR,,91.67,43.00,358,355,,,EA,ORB
STARLINK-11392 [DTC],2025-035E,63056,PAY,+,US,2025-02-21,AFETR,,91.67,43.00,358,355,,,EA,ORB
STARLINK-11406 [DTC],2025-035F,63057,PAY,+,US,2025-02-21,AFETR,,91.66,43.00,357,355,,,EA,ORB
STARLINK-11418 [DTC],2025-035G,63058,PAY,+,US,2025-02-21,AFETR,,91.67,43.00,357,355,,,EA,ORB
STARLINK-11509 [DTC],2025-035H,63059,PAY,+,US,2025-02-21,AFETR,,91.67,43.00,358,355,,,EA,ORB
STARLINK-11403 [DTC],2025-035J,63060,PAY,+,US,2025-02-21,AFETR,,91.67,43.00,357,355,,,EA,ORB
STARLINK-11409 [DTC],2025-035K,63061,PAY,+,US,2025-02-21,AFETR,,91.66,43.00,356,356,,,EA,ORB
STARLINK-11412 [DTC],2025-035L,63062,PAY,+,US,2025-02-21,AFETR,,91.66,43.00,358,355,,,EA,ORB
STARLINK-11399 [DTC],2025-035M,63063,PAY,+,US,2025-02-21,AFETR,,91.66,43.00,358,354,,,EA,ORB
STARLINK-11408 [DTC],2025-035N,63064,PAY,+,US,2025-02-21,AFETR,,91.67,43.00,358,355,,,EA,ORB
STARLINK-33635,2025-035P,63065,PAY,+,US,2025-02-21,AFETR,,94.27,43.00,484,482,,,EA,ORB
STARLINK-33622,2025-035Q,63066,PAY,+,US,2025-02-21,AFETR,,94.27,43.00,484,482,,,EA,ORB
STARLINK-33628,2025-035R,63067,PAY,+,US,2025-02-21,AFETR,,94.27,43.00,484,482,,,EA,ORB
STARLINK-33627,2025-035S,63068,PAY,+,US,2025-02-21,AFETR,,94.27,43.00,484,482,,,EA,ORB
STARLINK-33620,2025-035T,63069,PAY,+,US,2025-02-21,AFETR,,94.27,43.00,484,482,,,EA,ORB
STARLINK-33604,2025-035U,63070,PAY,+,US,2025-02-21,AFETR,,94.27,43.00,483,483,,,EA,ORB
STARLINK-33624,2025-035V,63071,PAY,+,US,2025-02-21,AFETR,,93.93,43.00,470,463,,,EA,ORB
STARLINK-33623,2025-035W,63072,PAY,+,US,2025-02-21,AFETR,,94.27,43.00,485,481,,,EA,ORB
STARLINK-33586,2025-035X,63073,PAY,+,US,2025-02-21,AFETR,,94.27,43.00,484,482,,,EA,ORB
STARLINK-33605,2025-035Y,63074,PAY,+,US,2025-02-21,AFETR,,94.27,43.00,484,482,,,EA,ORB
ZHONGXING-10R,2025-036A,63075,PAY,+,PRC,2025-02-22,XICLF,,1436.13,0.08,35807,35768,,,EA,ORB
CZ-3B R/B,2025-036B,63076,R/B,,PRC,2025-02-22,XICLF,,508.18,27.20,29235,198,,,EA,ORB
STARLINK-32839,2025-037A,63077,PAY,+,US,2025-02-23,AFWTR,,96.11,70.00,574,570,,,EA,ORB
STARLINK-32821,2025-037B,63078,PAY,+,US,2025-02-23,AFWTR,,96.11,70.00,575,569,,,EA,ORB
STARLINK-32817,2025-037C,63079,PAY,+,US,2025-02-23,AFWTR,,96.11,70.00,574,570,,,EA,ORB
STARLINK-32906,2025-037D,63080,PAY,+,US,2025-02-23,AFWTR,,96.11,70.00,574,570,,,EA,ORB
STARLINK-32895,2025-037E,63081,PAY,+,US,2025-02-23,AFWTR,,96.11,70.01,575,569,,,EA,ORB
STARLINK-32933,2025-037F,63082,PAY,+,US,2025-02-23,AFWTR,,96.11,70.00,575,569,,,EA,ORB
STARLINK-32932,2025-037G,63083,PAY,+,US,2025-02-23,AFWTR,,96.11,70.00,575,569,,,EA,ORB
STARLINK-32908,2025-037H,63084,PAY,+,US,2025-02-23,AFWTR,,96.11,70.00,575,569,,,EA,ORB
STARLINK-32505,2025-037J,63085,PAY,+,US,2025-02-23,AFWTR,,96.11,70.00,575,569,,,EA,ORB
STARLINK-32914,2025-037K,63086,PAY,+,US,2025-02-23,AFWTR,,96.11,70.00,575,569,,,EA,ORB
STARLINK-32918,2025-037L,63087,PAY,+,US,2025-02-23,AFWTR,,96.11,70.00,575,569,,,EA,ORB
STARLINK-32912,2025-037M,63088,PAY,+,US,2025-02-23,AFWTR,,96.11,70.00,574,570,,,EA,ORB
STARLINK-32910,2025-037N,63089,PAY,+,US,2025-02-23,AFWTR,,96.11,70.00,575,569,,,EA,ORB
STARLINK-32903,2025-037P,63090,PAY,+,US,2025-02-23,AFWTR,,96.11,70.00,575,570,,,EA,ORB
STARLINK-32925,2025-037Q,63091,PAY,+,US,2025-02-23,AFWTR,,96.11,70.00,575,569,,,EA,ORB
STARLINK-32924,2025-037R,63092,PAY,+,US,2025-02-23,AFWTR,,96.11,70.00,574,570,,,EA,ORB
STARLINK-32900,2025-037S,63093,PAY,+,US,2025-02-23,AFWTR,,96.11,70.00,575,569,,,EA,ORB
STARLINK-32927,2025-037T,63094,PAY,+,US,2025-02-23,AFWTR,,96.11,70.00,575,569,,,EA,ORB
STARLINK-32907,2025-037U,63095,PAY,+,US,2025-02-23,AFWTR,,96.11,70.00,574,570,,,EA,ORB
STARLINK-32911,2025-037V,63096,PAY,+,US,2025-02-23,AFWTR,,96.11,70.00,574,570,,,EA,ORB
STARLINK-32923,2025-037W,63097,PAY,+,US,2025-02-23,AFWTR,,96.11,70.01,575,570,,,EA,ORB
STARLINK-32913,2025-037X,63098,PAY,+,US,2025-02-23,AFWTR,,96.11,70.00,575,569,,,EA,ORB
IM-2,2025-038A,63099,PAY,D,US,2025-02-27,AFETR,2025-03-06,,,,,,,MO,LAN
CHIMERA-1,2025-038B,63100,PAY,+,US,2025-02-27,AFETR,,,,,,,,EM,ORB
LUNAR TRAILBLAZER,2025-038C,63101,PAY,-,US,2025-02-27,AFETR,,,,,,,,EM,ORB
ODIN (BROKKR-2),2025-038D,63102,PAY,-,US,2025-02-27,AFETR,,,,,,,,SU,ORB
FALCON 9 R/B,2025-038E,63103,R/B,,US,2025-02-27,AFETR,,,,,,,,SU,ORB
STARLINK-11629 [DTC],2025-039A,63104,PAY,+,US,2025-02-27,AFETR,,91.66,43.00,357,355,,,EA,ORB
STARLINK-11624 [DTC],2025-039B,63105,PAY,+,US,2025-02-27,AFETR,,91.67,43.00,357,355,,,EA,ORB
STARLINK-11584 [DTC],2025-039C,63106,PAY,+,US,2025-02-27,AFETR,,91.67,43.00,360,353,,,EA,ORB
STARLINK-11627 [DTC],2025-039D,63107,PAY,+,US,2025-02-27,AFETR,,91.67,43.00,358,355,,,EA,ORB
STARLINK-11632 [DTC],2025-039E,63108,PAY,+,US,2025-02-27,AFETR,,91.67,43.00,358,355,,,EA,ORB
STARLINK-11625 [DTC],2025-039F,63109,PAY,+,US,2025-02-27,AFETR,,91.67,43.00,357,355,,,EA,ORB
STARLINK-11601 [DTC],2025-039G,63110,PAY,+,US,2025-02-27,AFETR,,91.67,43.00,357,356,,,EA,ORB
STARLINK-11630 [DTC],2025-039H,63111,PAY,+,US,2025-02-27,AFETR,,91.67,43.00,358,356,,,EA,ORB
STARLINK-11590 [DTC],2025-039J,63112,PAY,+,US,2025-02-27,AFETR,,91.67,43.00,359,354,,,EA,ORB
STARLINK-11598 [DTC],2025-039K,63113,PAY,+,US,2025-02-27,AFETR,,91.66,43.00,357,354,,,EA,ORB
STARLINK-11600 [DTC],2025-039L,63114,PAY,+,US,2025-02-27,AFETR,,91.67,43.00,357,356,,,EA,ORB
STARLINK-11597 [DTC],2025-039M,63115,PAY,+,US,2025-02-27,AFETR,,91.67,43.00,358,355,,,EA,ORB
STARLINK-11591 [DTC],2025-039N,63116,PAY,+,US,2025-02-27,AFETR,,91.67,43.00,358,356,,,EA,ORB
STARLINK-32955,2025-039P,63117,PAY,P,US,2025-02-27,AFETR,,90.66,42.98,324,290,,,EA,ORB
STARLINK-32945,2025-039Q,63118,PAY,+,US,2025-02-27,AFETR,,94.27,43.00,484,483,,,EA,ORB
STARLINK-32941,2025-039R,63119,PAY,+,US,2025-02-27,AFETR,,94.27,43.00,484,482,,,EA,ORB
STARLINK-32942,2025-039S,63120,PAY,+,US,2025-02-27,AFETR,,94.27,43.00,483,483,,,EA,ORB
STARLINK-32947,2025-039T,63121,PAY,+,US,2025-02-27,AFETR,,94.27,43.00,484,482,,,EA,ORB
STARLINK-32961,2025-039U,63122,PAY,+,US,2025-02-27,AFETR,,94.27,43.00,484,482,,,EA,ORB
STARLINK-32948,2025-039V,63123,PAY,+,US,2025-02-27,AFETR,,94.26,43.00,484,482,,,EA,ORB
STARLINK-32957,2025-039W,63124,PAY,+,US,2025-02-27,AFETR,,94.27,43.00,483,483,,,EA,ORB
SUPERVIEW NEO-1 03,2025-040A,63125,PAY,+,PRC,2025-02-27,JSC,,94.64,97.35,502,500,,,EA,ORB
SUPERVIEW NEO-1 04,2025-040B,63126,PAY,+,PRC,2025-02-27,JSC,,94.64,97.36,503,499,,,EA,ORB
CZ-2C R/B,2025-040C,63127,R/B,,PRC,2025-02-27,JSC,,93.52,97.18,455,438,,,EA,ORB
SL-4 R/B,2025-041A,63128,R/B,D,CIS,2025-02-27,TYMSC,2025-03-01,87.40,51.65,152,139,,,EA,IMP
PROGRESS-MS 30,2025-041B,63129,PAY,D,CIS,2025-02-27,TYMSC,2025-09-09,92.89,51.63,419,413,,,EA,IMP
COSMOS 2584 [GLONASS-K2],2025-042A,63130,PAY,S,CIS,2025-03-02,PLMSC,,675.73,65.12,19145,19114,,,EA,ORB
FREGAT R/B,2025-042B,63131,R/B,,CIS,2025-03-02,PLMSC,,673.67,65.11,19118,19038,,,EA,ORB
STARLINK-11609 [DTC],2025-043A,63132,PAY,+,US,2025-03-03,AFETR,,91.67,43.00,357,356,,,EA,ORB
STARLINK-11604 [DTC],2025-043B,63133,PAY,+,US,2025-03-03,AFETR,,91.67,43.00,359,354,,,EA,ORB
STARLINK-11605 [DTC],2025-043C,63134,PAY,+,US,2025-03-03,AFETR,,91.66,43.00,358,354,,,EA,ORB
STARLINK-11610 [DTC],2025-043D,63135,PAY,+,US,2025-03-03,AFETR,,91.67,43.00,357,355,,,EA,ORB
STARLINK-11613 [DTC],2025-043E,63136,PAY,+,US,2025-03-03,AFETR,,91.66,43.00,357,355,,,EA,ORB
STARLINK-11616 [DTC],2025-043F,63137,PAY,+,US,2025-03-03,AFETR,,91.67,43.00,357,355,,,EA,ORB
STARLINK-11611 [DTC],2025-043G,63138,PAY,+,US,2025-03-03,AFETR,,91.67,43.00,359,354,,,EA,ORB
STARLINK-11628 [DTC],2025-043H,63139,PAY,+,US,2025-03-03,AFETR,,91.66,43.00,357,355,,,EA,ORB
STARLINK-11607 [DTC],2025-043J,63140,PAY,+,US,2025-03-03,AFETR,,91.67,43.00,359,354,,,EA,ORB
STARLINK-11522 [DTC],2025-043K,63141,PAY,+,US,2025-03-03,AFETR,,91.67,43.00,360,353,,,EA,ORB
STARLINK-11503 [DTC],2025-043L,63142,PAY,+,US,2025-03-03,AFETR,,91.67,43.00,359,354,,,EA,ORB
STARLINK-11579 [DTC],2025-043M,63143,PAY,+,US,2025-03-03,AFETR,,91.67,43.00,359,354,,,EA,ORB
STARLINK-11581 [DTC],2025-043N,63144,PAY,+,US,2025-03-03,AFETR,,91.67,43.00,358,355,,,EA,ORB
STARLINK-32949,2025-043P,63145,PAY,+,US,2025-03-03,AFETR,,94.26,43.00,485,480,,,EA,ORB
STARLINK-32952,2025-043Q,63146,PAY,+,US,2025-03-03,AFETR,,94.27,43.00,484,482,,,EA,ORB
STARLINK-32936,2025-043R,63147,PAY,+,US,2025-03-03,AFETR,,94.27,43.00,484,482,,,EA,ORB
STARLINK-32937,2025-043S,63148,PAY,+,US,2025-03-03,AFETR,,94.27,43.00,484,482,,,EA,ORB
STARLINK-32939,2025-043T,63149,PAY,+,US,2025-03-03,AFETR,,94.27,43.00,484,482,,,EA,ORB
STARLINK-32919,2025-043U,63150,PAY,+,US,2025-03-03,AFETR,,94.27,43.00,484,482,,,EA,ORB
STARLINK-32876,2025-043V,63151,PAY,+,US,2025-03-03,AFETR,,94.27,43.00,486,480,,,EA,ORB
STARLINK-32915,2025-043W,63152,PAY,+,US,2025-03-03,AFETR,,94.27,43.00,483,483,,,EA,ORB
SEDNA-2,2025-009DQ,63153,PAY,+,US,2025-01-14,AFWTR,,95.20,97.45,534,522,,,EA,ORB
CSO-3,2025-044A,63156,PAY,+,FR,2025-03-06,FRGUI,,100.42,98.61,780,777,,NEA,EA,ORB
TJS-15,2025-045A,63157,PAY,+,PRC,2025-03-09,XICLF,,1436.11,0.37,35795,35779,,,EA,ORB
CZ-3B R/B,2025-045B,63158,R/B,D,PRC,2025-03-09,XICLF,2025-08-08,111.62,19.16,2485,118,,,EA,IMP
QIANFAN-73,2025-046A,63159,PAY,+,PRC,2025-03-11,WSC,,106.59,88.97,1081,1056,,,EA,ORB
QIANFAN-74,2025-046B,63160,PAY,+,PRC,2025-03-11,WSC,,106.59,88.97,1070,1067,,,EA,ORB
QIANFAN-75,2025-046C,63161,PAY,+,PRC,2025-03-11,WSC,,106.59,88.97,1082,1055,,,EA,ORB
QIANFAN-76,2025-046D,63162,PAY,+,PRC,2025-03-11,WSC,,106.59,88.97,1080,1057,,,EA,ORB
QIANFAN-77,2025-046E,63163,PAY,P,PRC,2025-03-11,WSC,,103.13,88.97,918,896,,,EA,ORB
QIANFAN-78,2025-046F,63164,PAY,+,PRC,2025-03-11,WSC,,106.59,88.97,1081,1056,,,EA,ORB
QIANFAN-79,2025-046G,63165,PAY,+,PRC,2025-03-11,WSC,,106.59,88.97,1081,1056,,,EA,ORB
QIANFAN-80,2025-046H,63166,PAY,+,PRC,2025-03-11,WSC,,106.59,88.97,1080,1057,,,EA,ORB
QIANFAN-81,2025-046J,63167,PAY,+,PRC,2025-03-11,WSC,,106.59,88.97,1081,1056,,,EA,ORB
QIANFAN-82,2025-046K,63168,PAY,+,PRC,2025-03-11,WSC,,106.86,88.97,1093,1070,,,EA,ORB
QIANFAN-83,2025-046L,63169,PAY,+,PRC,2025-03-11,WSC,,105.72,88.97,1040,1016,,,EA,ORB
QIANFAN-84,2025-046M,63170,PAY,+,PRC,2025-03-11,WSC,,106.59,88.97,1082,1055,,,EA,ORB
QIANFAN-85,2025-046N,63171,PAY,+,PRC,2025-03-11,WSC,,106.59,88.97,1080,1057,,,EA,ORB
QIANFAN-86,2025-046P,63172,PAY,+,PRC,2025-03-11,WSC,,106.59,88.97,1078,1059,,,EA,ORB
QIANFAN-87,2025-046Q,63173,PAY,+,PRC,2025-03-11,WSC,,106.59,88.97,1079,1058,,,EA,ORB
QIANFAN-88,2025-046R,63174,PAY,+,PRC,2025-03-11,WSC,,106.59,88.97,1079,1058,,,EA,ORB
QIANFAN-89,2025-046S,63175,PAY,+,PRC,2025-03-11,WSC,,106.59,88.97,1083,1054,,,EA,ORB
QIANFAN-90,2025-046T,63176,PAY,+,PRC,2025-03-11,WSC,,106.59,88.97,1080,1057,,,EA,ORB
CZ-8 R/B,2025-046U,63177,R/B,,PRC,2025-03-11,WSC,,102.15,88.97,904,817,,,EA,ORB
PUNCH-NFI (SMEX 15A),2025-047A,63178,PAY,+,US,2025-03-12,AFWTR,,97.64,97.96,653,639,,,EA,ORB
PUNCH-WFI 1 (SMEX 15B),2025-047B,63179,PAY,+,US,2025-03-12,AFWTR,,97.67,97.96,653,641,,,EA,ORB
PUNCH-WFI 3 (SMEX 15D),2025-047C,63180,PAY,+,US,2025-03-12,AFWTR,,97.67,97.96,653,641,,,EA,ORB
PUNCH-WFI 2 (SMEX 15C),2025-047D,63181,PAY,+,US,2025-03-12,AFWTR,,97.67,97.96,653,641,,,EA,ORB
SPHEREX (MIDEX 9),2025-047E,63182,PAY,+,US,2025-03-12,AFWTR,,97.68,97.96,655,641,,,EA,ORB
STARLINK-11602 [DTC],2025-048A,63183,PAY,+,US,2025-03-13,AFETR,,91.67,43.00,358,355,,,EA,ORB
STARLINK-11617 [DTC],2025-048B,63184,PAY,+,US,2025-03-13,AFETR,,91.66,43.00,358,354,,,EA,ORB
STARLINK-11618 [DTC],2025-048C,63185,PAY,+,US,2025-03-13,AFETR,,91.67,43.00,358,355,,,EA,ORB
STARLINK-11646 [DTC],2025-048D,63186,PAY,+,US,2025-03-13,AFETR,,91.67,43.00,358,354,,,EA,ORB
STARLINK-11622 [DTC],2025-048E,63187,PAY,+,US,2025-03-13,AFETR,,91.66,43.00,358,355,,,EA,ORB
STARLINK-11642 [DTC],2025-048F,63188,PAY,+,US,2025-03-13,AFETR,,91.66,43.00,357,354,,,EA,ORB
STARLINK-11639 [DTC],2025-048G,63189,PAY,+,US,2025-03-13,AFETR,,91.67,43.00,357,356,,,EA,ORB
STARLINK-11637 [DTC],2025-048H,63190,PAY,+,US,2025-03-13,AFETR,,91.67,43.00,358,355,,,EA,ORB
STARLINK-11647 [DTC],2025-048J,63191,PAY,+,US,2025-03-13,AFETR,,91.67,43.00,357,355,,,EA,ORB
STARLINK-11643 [DTC],2025-048K,63192,PAY,+,US,2025-03-13,AFETR,,91.66,43.00,357,355,,,EA,ORB
STARLINK-11635 [DTC],2025-048L,63193,PAY,+,US,2025-03-13,AFETR,,91.67,43.00,357,355,,,EA,ORB
STARLINK-11636 [DTC],2025-048M,63194,PAY,+,US,2025-03-13,AFETR,,91.67,43.00,358,355,,,EA,ORB
STARLINK-11631 [DTC],2025-048N,63195,PAY,+,US,2025-03-13,AFETR,,91.67,43.00,357,355,,,EA,ORB
STARLINK-32946,2025-048P,63196,PAY,+,US,2025-03-13,AFETR,,94.27,42.99,483,483,,,EA,ORB
STARLINK-32960,2025-048Q,63197,PAY,+,US,2025-03-13,AFETR,,94.27,43.00,484,482,,,EA,ORB
STARLINK-32904,2025-048R,63198,PAY,+,US,2025-03-13,AFETR,,94.27,43.00,484,482,,,EA,ORB
STARLINK-32931,2025-048S,63199,PAY,+,US,2025-03-13,AFETR,,94.27,43.01,485,481,,,EA,ORB
STARLINK-32934,2025-048T,63200,PAY,+,US,2025-03-13,AFETR,,94.27,43.00,484,482,,,EA,ORB
STARLINK-32938,2025-048U,63201,PAY,+,US,2025-03-13,AFETR,,94.27,42.99,484,482,,,EA,ORB
STARLINK-32935,2025-048V,63202,PAY,+,US,2025-03-13,AFETR,,94.27,43.00,484,482,,,EA,ORB
STARLINK-32930,2025-048W,63203,PAY,+,US,2025-03-13,AFETR,,94.27,42.99,484,482,,,EA,ORB
CREW DRAGON 10,2025-049A,63204,PAY,D,US,2025-03-14,AFETR,2025-08-09,92.88,51.63,416,415,,,EA,LAN
QPS-SAR-9 (SUSANOO-I),2025-050A,63205,PAY,+,JPN,2025-03-15,RLLB,,95.77,42.02,560,552,,,EA,ORB
ELECTRON R/B,2025-050B,63206,R/B,D,US,2025-03-15,RLLB,2025-04-10,88.72,42.00,246,177,,,EA,IMP
ELECTRON KICK STAGE R/B,2025-050C,63207,R/B,,US,2025-03-15,RLLB,,95.75,42.02,558,551,,,EA,ORB
SUPERVIEW NEO-3 02,2025-051A,63208,PAY,+,PRC,2025-03-15,JSC,,94.56,97.45,498,497,,,EA,ORB
TIANYAN 23,2025-051B,63209,PAY,+,PRC,2025-03-15,JSC,,92.74,97.45,412,405,,,EA,ORB
JINJUSAT-1B,2025-052A,63210,PAY,+,SKOR,2025-03-15,AFWTR,,93.79,97.39,462,458,,,EA,ORB
NUSHSAT1,2025-052B,63211,PAY,+,SING,2025-03-15,AFWTR,,93.61,97.39,453,449,,,EA,ORB
IOD-1,2025-052C,63212,PAY,+,SPN,2025-03-15,AFWTR,,92.14,97.37,383,376,,,EA,ORB
TEVEL2-4,2025-052D,63213,PAY,+,ISRA,2025-03-15,AFWTR,,93.71,97.38,457,455,,,EA,ORB
TEVEL2-5,2025-052E,63214,PAY,+,ISRA,2025-03-15,AFWTR,,93.72,97.38,457,456,,,EA,ORB
TEVEL2-6,2025-052F,63215,PAY,+,ISRA,2025-03-15,AFWTR,,93.72,97.38,457,456,,,EA,ORB
BOTSAT-1,2025-052G,63216,PAY,+,BWA,2025-03-15,AFWTR,,94.23,97.38,482,481,,,EA,ORB
TEVEL2-1,2025-052H,63217,PAY,+,ISRA,2025-03-15,AFWTR,,93.76,97.38,459,458,,,EA,ORB
TEVEL2-3,2025-052J,63218,PAY,+,ISRA,2025-03-15,AFWTR,,93.75,97.38,459,458,,,EA,ORB
TEVEL2-2,2025-052K,63219,PAY,+,ISRA,2025-03-15,AFWTR,,93.76,97.38,459,458,,,EA,ORB
AEROCUBE 18A,2025-052L,63220,PAY,+,US,2025-03-15,AFWTR,,94.42,97.39,492,489,,,EA,ORB
TRANSPORTER-13 OBJECT M,2025-052M,63221,PAY,+,TBD,2025-03-15,AFWTR,,94.59,97.38,500,498,,,EA,ORB
AEROCUBE 18B,2025-052N,63222,PAY,+,US,2025-03-15,AFWTR,,94.43,97.39,492,489,,,EA,ORB
DROID.002,2025-052P,63223,PAY,+,US,2025-03-15,AFWTR,,94.53,97.38,497,494,,,EA,ORB
PIONEER-03 (WINNEBAGO-3),2025-052Q,63224,PAY,D,US,2025-03-15,AFWTR,2025-05-14,96.74,97.44,897,308,,,EA,LAN
TOMORROW-S6,2025-052R,63225,PAY,+,US,2025-03-15,AFWTR,,94.56,97.39,499,495,,,EA,ORB
ETIHAD-SAT,2025-052S,63226,PAY,+,UAE,2025-03-15,AFWTR,,94.58,97.39,500,496,,,EA,ORB
CLARITY-1,2025-052T,63227,PAY,D,US,2025-03-15,AFWTR,2026-06-10,87.33,97.38,148,136,,,EA,IMP
TRANSPORTER-13 OBJECT U,2025-052U,63228,PAY,+,TBD,2025-03-15,AFWTR,,94.48,97.38,495,491,,,EA,ORB
SPACEEYE-T1,2025-052V,63229,PAY,+,SKOR,2025-03-15,AFWTR,,94.55,97.38,499,495,,,EA,ORB
ION SCV-017,2025-052W,63230,PAY,+,IT,2025-03-15,AFWTR,,94.23,97.38,496,466,,,EA,ORB
M-SEL/CORTEZ,2025-052X,63231,PAY,+,US,2025-03-15,AFWTR,,94.30,97.38,487,483,,,EA,ORB
SPHINX/FRAZIER,2025-052Y,63232,PAY,+,US,2025-03-15,AFWTR,,94.45,97.39,495,489,,,EA,ORB
LIZZIESAT-3 (LS-3),2025-052Z,63233,PAY,+,US,2025-03-15,AFWTR,,94.60,97.38,502,496,,,EA,ORB
TOMORROW-S5,2025-052AA,63234,PAY,+,US,2025-03-15,AFWTR,,94.55,97.39,500,494,,,EA,ORB
OTP-2,2025-052AB,63235,PAY,+,US,2025-03-15,AFWTR,,94.44,97.38,495,488,,,EA,ORB
ORBASTRO-TR5,2025-052AC,63236,PAY,+,UK,2025-03-15,AFWTR,,94.58,97.37,500,497,,,EA,ORB
TEVEL2-9,2025-052AD,63237,PAY,+,ISRA,2025-03-15,AFWTR,,93.89,97.38,467,462,,,EA,ORB
TEVEL2-7,2025-052AE,63238,PAY,+,ISRA,2025-03-15,AFWTR,,93.91,97.38,468,463,,,EA,ORB
TEVEL2-8,2025-052AF,63239,PAY,+,ISRA,2025-03-15,AFWTR,,93.91,97.38,468,463,,,EA,ORB
AL MUNTHER,2025-052AG,63240,PAY,+,BHR,2025-03-15,AFWTR,,93.88,97.38,467,462,,,EA,ORB
TRANSPORTER-13 OBJECT AH,2025-052AH,63241,PAY,+,TBD,2025-03-15,AFWTR,,94.19,97.37,482,476,,,EA,ORB
HERMES-1,2025-052AJ,63242,PAY,+,IT,2025-03-15,AFWTR,,94.61,97.38,504,495,,,EA,ORB
HERMES-2,2025-052AK,63243,PAY,+,IT,2025-03-15,AFWTR,,94.03,97.38,473,470,,,EA,ORB
PANDORE,2025-052AL,63244,PAY,+,FR,2025-03-15,AFWTR,,96.30,97.68,585,578,,,EA,ORB
BUCCANEER MM,2025-052AM,63245,PAY,+,AUS,2025-03-15,AFWTR,,96.32,97.68,585,579,,,EA,ORB
LEMUR-2-LEIA-PHILIP,2025-052AN,63246,PAY,+,US,2025-03-15,AFWTR,,96.16,97.67,578,571,,,EA,ORB
EZIE-A,2025-052AP,63247,PAY,+,US,2025-03-15,AFWTR,,96.14,97.68,576,571,,,EA,ORB
LEMUR-2-LIA-MARTIN,2025-052AQ,63248,PAY,+,US,2025-03-15,AFWTR,,96.11,97.68,575,570,,,EA,ORB
EZIE-C,2025-052AR,63249,PAY,+,US,2025-03-15,AFWTR,,96.15,97.68,577,571,,,EA,ORB
EZIE-B,2025-052AS,63250,PAY,+,US,2025-03-15,AFWTR,,96.15,97.68,577,572,,,EA,ORB
UVSQ-SAT NG,2025-052AT,63251,PAY,+,FR,2025-03-15,AFWTR,,96.28,97.68,583,578,,,EA,ORB
ARVAKER-1,2025-052AU,63252,PAY,+,NOR,2025-03-15,AFWTR,,96.34,97.68,585,581,,,EA,ORB
ICEYE-X48,2025-052AV,63253,PAY,+,US,2025-03-15,AFWTR,,96.11,97.68,574,571,,,EA,ORB
YAM-8,2025-052AW,63254,PAY,+,US,2025-03-15,AFWTR,,95.36,97.69,537,535,,,EA,ORB
ICEYE-X50,2025-052AX,63255,PAY,+,FIN,2025-03-15,AFWTR,,96.29,97.68,583,579,,,EA,ORB
FIRESAT 0 (MUSAT-4),2025-052AY,63256,PAY,+,US,2025-03-15,AFWTR,,96.45,97.69,590,587,,,EA,ORB
ICEYE-X51,2025-052AZ,63257,PAY,+,US,2025-03-15,AFWTR,,95.94,97.77,566,563,,,EA,ORB
ICEYE-X46,2025-052BA,63258,PAY,+,FIN,2025-03-15,AFWTR,,96.29,97.68,582,580,,,EA,ORB
LEMUR-2-DELOITTE-1,2025-052BB,63259,PAY,+,US,2025-03-15,AFWTR,,96.13,97.68,574,572,,,EA,ORB
TRANSPORTER-13 OBJECT BC,2025-052BC,63260,PAY,+,TBD,2025-03-15,AFWTR,,96.33,97.67,585,581,,,EA,ORB
LEMUR-2-EMERSONROSE,2025-052BD,63261,PAY,+,US,2025-03-15,AFWTR,,96.03,97.68,570,567,,,EA,ORB
LEMUR-2-MARACHE-FRAN,2025-052BE,63262,PAY,+,US,2025-03-15,AFWTR,,95.96,97.67,572,558,,,EA,ORB
SOAP,2025-052BF,63263,PAY,+,FR,2025-03-15,AFWTR,,96.19,97.68,579,573,,,EA,ORB
LEMUR-2-THEFALCONER,2025-052BG,63264,PAY,+,US,2025-03-15,AFWTR,,96.14,97.68,576,572,,,EA,ORB
STARLINK-11654 [DTC],2025-053A,63265,PAY,+,US,2025-03-15,AFETR,,91.67,43.00,357,356,,,EA,ORB
STARLINK-11659 [DTC],2025-053B,63266,PAY,+,US,2025-03-15,AFETR,,91.67,43.00,358,355,,,EA,ORB
STARLINK-11653 [DTC],2025-053C,63267,PAY,+,US,2025-03-15,AFETR,,91.67,43.00,357,356,,,EA,ORB
STARLINK-11641 [DTC],2025-053D,63268,PAY,+,US,2025-03-15,AFETR,,91.67,43.00,358,355,,,EA,ORB
STARLINK-11638 [DTC],2025-053E,63269,PAY,+,US,2025-03-15,AFETR,,91.67,43.00,358,355,,,EA,ORB
STARLINK-11614 [DTC],2025-053F,63270,PAY,+,US,2025-03-15,AFETR,,91.67,43.00,357,355,,,EA,ORB
STARLINK-11620 [DTC],2025-053G,63271,PAY,+,US,2025-03-15,AFETR,,91.67,43.00,357,355,,,EA,ORB
STARLINK-11619 [DTC],2025-053H,63272,PAY,+,US,2025-03-15,AFETR,,91.66,43.00,358,354,,,EA,ORB
STARLINK-11621 [DTC],2025-053J,63273,PAY,+,US,2025-03-15,AFETR,,91.67,43.00,357,356,,,EA,ORB
STARLINK-11615 [DTC],2025-053K,63274,PAY,+,US,2025-03-15,AFETR,,91.67,43.00,358,355,,,EA,ORB
STARLINK-11608 [DTC],2025-053L,63275,PAY,+,US,2025-03-15,AFETR,,91.67,43.00,358,355,,,EA,ORB
STARLINK-11623 [DTC],2025-053M,63276,PAY,+,US,2025-03-15,AFETR,,91.67,43.00,357,356,,,EA,ORB
STARLINK-11612 [DTC],2025-053N,63277,PAY,D,US,2025-03-15,AFETR,2025-12-05,88.66,42.99,213,204,,,EA,IMP
STARLINK-33660,2025-053P,63278,PAY,+,US,2025-03-15,AFETR,,94.27,43.00,485,481,,,EA,ORB
STARLINK-33611,2025-053Q,63279,PAY,+,US,2025-03-15,AFETR,,94.27,43.00,484,482,,,EA,ORB
STARLINK-33646,2025-053R,63280,PAY,+,US,2025-03-15,AFETR,,94.27,43.00,484,482,,,EA,ORB
STARLINK-33665,2025-053S,63281,PAY,+,US,2025-03-15,AFETR,,94.27,43.01,484,482,,,EA,ORB
STARLINK-33603,2025-053T,63282,PAY,+,US,2025-03-15,AFETR,,94.27,43.00,485,481,,,EA,ORB
STARLINK-33669,2025-053U,63283,PAY,+,US,2025-03-15,AFETR,,94.27,43.01,484,482,,,EA,ORB
STARLINK-33673,2025-053V,63284,PAY,+,US,2025-03-15,AFETR,,94.27,43.01,484,482,,,EA,ORB
STARLINK-33662,2025-053W,63285,PAY,+,US,2025-03-15,AFETR,,94.27,43.00,484,482,,,EA,ORB
STARLINK-33613,2025-053X,63286,PAY,+,US,2025-03-15,AFETR,,94.27,43.00,485,481,,,EA,ORB
STARLINK-33680,2025-053Y,63287,PAY,+,US,2025-03-15,AFETR,,94.27,43.00,485,481,,,EA,ORB
COSMOS 2585 (RODNIK-S 19),2025-054A,63288,PAY,+,CIS,2025-03-16,PLMSC,,115.86,82.49,1513,1476,,,EA,ORB
COSMOS 2586 (RODNIK-S 20),2025-054B,63289,PAY,+,CIS,2025-03-16,PLMSC,,115.86,82.49,1510,1479,,,EA,ORB
COSMOS 2587 (RODNIK-S 21),2025-054C,63290,PAY,+,CIS,2025-03-16,PLMSC,,115.86,82.50,1506,1483,,,EA,ORB
OBJECT A,2025-055A,63291,PAY,+,PRC,2025-03-17,JSC,,95.15,97.66,541,510,,,EA,ORB
OBJECT B,2025-055B,63292,PAY,+,PRC,2025-03-17,JSC,,95.21,97.66,552,505,,,EA,ORB
OBJECT C,2025-055C,63293,PAY,+,PRC,2025-03-17,JSC,,95.31,97.66,561,506,,,EA,ORB
OBJECT D,2025-055D,63294,PAY,+,PRC,2025-03-17,JSC,,94.89,97.66,522,504,,,EA,ORB
OBJECT E,2025-055E,63295,PAY,+,PRC,2025-03-17,JSC,,95.12,97.66,540,510,,,EA,ORB
OBJECT F,2025-055F,63296,PAY,+,PRC,2025-03-17,JSC,,94.89,97.66,520,507,,,EA,ORB
OBJECT G,2025-055G,63297,PAY,+,PRC,2025-03-17,JSC,,94.29,97.66,489,480,,,EA,ORB
OBJECT H,2025-055H,63298,PAY,+,PRC,2025-03-17,JSC,,93.26,97.66,438,431,,,EA,ORB
TJS-15 AKM,2025-045C,63299,R/B,,PRC,2025-03-09,XICLF,,1456.37,1.39,36263,36102,,,EA,ORB
KINEIS-4E,2025-056A,63300,PAY,+,FR,2025-03-18,RLLB,,97.80,97.91,654,653,,,EA,ORB
KINEIS-4C,2025-056B,63301,PAY,+,FR,2025-03-18,RLLB,,97.81,97.92,657,650,,,EA,ORB
KINEIS-4D,2025-056C,63302,PAY,+,FR,2025-03-18,RLLB,,97.81,97.91,656,651,,,EA,ORB
KINEIS-4A,2025-056D,63303,PAY,+,FR,2025-03-18,RLLB,,97.81,97.92,656,652,,,EA,ORB
KINEIS-4B,2025-056E,63304,PAY,+,FR,2025-03-18,RLLB,,97.81,97.92,659,649,,,EA,ORB
ELECTRON R/B,2025-056F,63305,R/B,D,US,2025-03-18,RLLB,2025-03-29,87.73,97.93,196,128,,,EA,IMP
ELECTRON KICK STAGE R/B,2025-056G,63306,R/B,,US,2025-03-18,RLLB,,96.70,98.03,631,571,,,EA,ORB
STARLINK-11568 [DTC],2025-057A,63307,PAY,+,US,2025-03-18,AFETR,,91.67,43.00,359,354,,,EA,ORB
STARLINK-11575 [DTC],2025-057B,63308,PAY,+,US,2025-03-18,AFETR,,91.66,43.00,360,352,,,EA,ORB
STARLINK-11585 [DTC],2025-057C,63309,PAY,+,US,2025-03-18,AFETR,,91.67,43.00,359,354,,,EA,ORB
STARLINK-11587 [DTC],2025-057D,63310,PAY,+,US,2025-03-18,AFETR,,91.67,43.00,358,355,,,EA,ORB
STARLINK-11589 [DTC],2025-057E,63311,PAY,+,US,2025-03-18,AFETR,,91.66,43.00,357,355,,,EA,ORB
STARLINK-11650 [DTC],2025-057F,63312,PAY,+,US,2025-03-18,AFETR,,91.67,43.00,358,355,,,EA,ORB
STARLINK-11648 [DTC],2025-057G,63313,PAY,+,US,2025-03-18,AFETR,,91.66,43.00,357,354,,,EA,ORB
STARLINK-11640 [DTC],2025-057H,63314,PAY,+,US,2025-03-18,AFETR,,91.67,43.00,358,355,,,EA,ORB
STARLINK-11652 [DTC],2025-057J,63315,PAY,+,US,2025-03-18,AFETR,,91.67,43.00,359,354,,,EA,ORB
STARLINK-11645 [DTC],2025-057K,63316,PAY,+,US,2025-03-18,AFETR,,91.66,43.00,357,355,,,EA,ORB
STARLINK-11633 [DTC],2025-057L,63317,PAY,+,US,2025-03-18,AFETR,,91.67,43.00,360,353,,,EA,ORB
STARLINK-11593 [DTC],2025-057M,63318,PAY,+,US,2025-03-18,AFETR,,91.67,43.00,359,354,,,EA,ORB
STARLINK-11588 [DTC],2025-057N,63319,PAY,+,US,2025-03-18,AFETR,,91.67,43.00,358,355,,,EA,ORB
STARLINK-33671,2025-057P,63320,PAY,+,US,2025-03-18,AFETR,,94.27,43.00,484,482,,,EA,ORB
STARLINK-33650,2025-057Q,63321,PAY,+,US,2025-03-18,AFETR,,94.27,43.00,485,481,,,EA,ORB
STARLINK-33689,2025-057R,63322,PAY,+,US,2025-03-18,AFETR,,94.27,43.00,484,482,,,EA,ORB
STARLINK-33607,2025-057S,63323,PAY,+,US,2025-03-18,AFETR,,94.27,43.00,484,482,,,EA,ORB
STARLINK-33619,2025-057T,63324,PAY,+,US,2025-03-18,AFETR,,94.27,43.00,484,482,,,EA,ORB
STARLINK-33612,2025-057U,63325,PAY,+,US,2025-03-18,AFETR,,94.27,43.00,484,482,,,EA,ORB
STARLINK-33672,2025-057V,63326,PAY,+,US,2025-03-18,AFETR,,94.27,43.00,485,481,,,EA,ORB
STARLINK-33625,2025-057W,63327,PAY,+,US,2025-03-18,AFETR,,94.27,43.00,483,483,,,EA,ORB
STARLINK-33699,2025-057X,63328,PAY,+,US,2025-03-18,AFETR,,94.27,43.00,484,482,,,EA,ORB
STARLINK-33674,2025-057Y,63329,PAY,+,US,2025-03-18,AFETR,,94.27,43.00,484,482,,,EA,ORB
OBJECT F,2025-026F,63330,UNK,,CIS,2025-02-05,PLMSC,,96.14,82.00,582,566,,,EA,ORB
SPHEREX DEB,2025-047F,63332,DEB,,US,2025-03-12,AFWTR,,97.19,97.95,629,620,,,EA,ORB
USA 487,2025-058A,63333,PAY,+,US,2025-03-21,AFWTR,,96.21,70.03,579,575,,NEA,EA,ORB
USA 488,2025-058B,63334,PAY,+,US,2025-03-21,AFWTR,,96.21,70.03,579,575,,NEA,EA,ORB
USA 489,2025-058C,63335,PAY,+,US,2025-03-21,AFWTR,,96.21,70.03,579,575,,NEA,EA,ORB
USA 490,2025-058D,63336,PAY,+,US,2025-03-21,AFWTR,,96.21,70.03,579,575,,NEA,EA,ORB
USA 491,2025-058E,63337,PAY,+,US,2025-03-21,AFWTR,,96.21,70.03,579,575,,NEA,EA,ORB
USA 492,2025-058F,63338,PAY,+,US,2025-03-21,AFWTR,,96.21,70.03,580,575,,NEA,EA,ORB
USA 493,2025-058G,63339,PAY,+,US,2025-03-21,AFWTR,,96.21,70.03,579,575,,NEA,EA,ORB
USA 494,2025-058H,63340,PAY,+,US,2025-03-21,AFWTR,,96.21,70.03,579,574,,NEA,EA,ORB
USA 495,2025-058J,63341,PAY,+,US,2025-03-21,AFWTR,,96.21,70.03,579,575,,NEA,EA,ORB
USA 496,2025-058K,63342,PAY,+,US,2025-03-21,AFWTR,,96.21,70.03,579,575,,NEA,EA,ORB
USA 497,2025-058L,63343,PAY,+,US,2025-03-21,AFWTR,,96.21,70.03,579,575,,NEA,EA,ORB
YUNYAO-1 43,2025-059A,63344,PAY,+,PRC,2025-03-21,JSC,,95.29,97.61,541,524,,,EA,ORB
YUNYAO-1 44,2025-059B,63345,PAY,+,PRC,2025-03-21,JSC,,95.28,97.61,543,521,,,EA,ORB
YUNYAO-1 45,2025-059C,63346,PAY,+,PRC,2025-03-21,JSC,,95.28,97.62,542,522,,,EA,ORB
YUNYAO-1 46,2025-059D,63347,PAY,+,PRC,2025-03-21,JSC,,95.29,97.61,539,525,,,EA,ORB
YUNYAO-1 47,2025-059E,63348,PAY,+,PRC,2025-03-21,JSC,,95.27,97.61,541,522,,,EA,ORB
YUNYAO-1 48,2025-059F,63349,PAY,+,PRC,2025-03-21,JSC,,95.26,97.61,541,522,,,EA,ORB
USA 498,2025-060A,63350,PAY,+,US,2025-03-24,AFETR,,107.38,63.44,1175,1036,,NEA,EA,ORB
LEMUR-2-UNTITLED-SC,2025-061A,63351,PAY,+,US,2025-03-26,RLLB,,95.12,97.57,538,511,,,EA,ORB
LEMUR-2-ESPERANZA,2025-061B,63352,PAY,+,US,2025-03-26,RLLB,,95.11,97.57,538,511,,,EA,ORB
LEMUR-2-KREMPEL-BRO2,2025-061C,63353,PAY,+,US,2025-03-26,RLLB,,95.09,97.58,537,509,,,EA,ORB
LEMUR-2-THERMORAPTOR,2025-061D,63354,PAY,+,US,2025-03-26,RLLB,,95.08,97.58,536,509,,,EA,ORB
LEMUR-2-NEUROSPICY,2025-061E,63355,PAY,+,US,2025-03-26,RLLB,,95.07,97.57,535,510,,,EA,ORB
LEMUR-2-TILLINFINITY,2025-061F,63356,PAY,+,US,2025-03-26,RLLB,,95.04,97.57,533,507,,,EA,ORB
LEMUR-2-KREMPEL-BRO1,2025-061G,63357,PAY,+,US,2025-03-26,RLLB,,95.05,97.57,534,508,,,EA,ORB
LEMUR-2-LANGER2SPACE,2025-061H,63358,PAY,+,US,2025-03-26,RLLB,,95.07,97.57,534,510,,,EA,ORB
ELECTRON KICK STAGE R/B,2025-061J,63359,R/B,,US,2025-03-26,RLLB,,93.67,97.56,476,432,,,EA,ORB
ELECTRON R/B,2025-061K,63360,R/B,D,US,2025-03-26,RLLB,2025-04-04,88.19,97.48,231,139,,,EA,IMP
TIANLIAN 2-04,2025-062A,63361,PAY,+,PRC,2025-03-26,XICLF,,1436.08,4.21,35920,35652,,,EA,ORB
CZ-3B R/B,2025-062B,63362,R/B,,PRC,2025-03-26,XICLF,,458.74,26.84,26481,170,,,EA,ORB
STARLINK-32840,2025-063A,63363,PAY,+,US,2025-03-26,AFWTR,,93.85,53.16,463,462,,,EA,ORB
STARLINK-32543,2025-063B,63364,PAY,+,US,2025-03-26,AFWTR,,93.85,53.16,464,462,,,EA,ORB
STARLINK-33741,2025-063C,63365,PAY,+,US,2025-03-26,AFWTR,,93.85,53.16,463,462,,,EA,ORB
STARLINK-33742,2025-063D,63366,PAY,+,US,2025-03-26,AFWTR,,93.85,53.16,463,462,,,EA,ORB
STARLINK-33734,2025-063E,63367,PAY,+,US,2025-03-26,AFWTR,,93.85,53.16,463,462,,,EA,ORB
STARLINK-33578,2025-063F,63368,PAY,+,US,2025-03-26,AFWTR,,93.85,53.16,463,462,,,EA,ORB
STARLINK-33626,2025-063G,63369,PAY,+,US,2025-03-26,AFWTR,,93.85,53.16,463,462,,,EA,ORB
STARLINK-33657,2025-063H,63370,PAY,+,US,2025-03-26,AFWTR,,93.85,53.16,464,462,,,EA,ORB
STARLINK-33648,2025-063J,63371,PAY,+,US,2025-03-26,AFWTR,,94.01,53.16,471,470,,,EA,ORB
STARLINK-33614,2025-063K,63372,PAY,+,US,2025-03-26,AFWTR,,93.85,53.16,464,462,,,EA,ORB
STARLINK-33617,2025-063L,63373,PAY,+,US,2025-03-26,AFWTR,,93.85,53.16,464,462,,,EA,ORB
STARLINK-33618,2025-063M,63374,PAY,+,US,2025-03-26,AFWTR,,93.85,53.16,464,462,,,EA,ORB
STARLINK-33621,2025-063N,63375,PAY,+,US,2025-03-26,AFWTR,,93.85,53.16,463,462,,,EA,ORB
STARLINK-33539,2025-063P,63376,PAY,+,US,2025-03-26,AFWTR,,93.85,53.16,464,462,,,EA,ORB
STARLINK-33634,2025-063Q,63377,PAY,+,US,2025-03-26,AFWTR,,93.85,53.16,464,462,,,EA,ORB
STARLINK-33640,2025-063R,63378,PAY,+,US,2025-03-26,AFWTR,,93.85,53.16,463,462,,,EA,ORB
STARLINK-33636,2025-063S,63379,PAY,+,US,2025-03-26,AFWTR,,93.02,53.16,426,418,,,EA,ORB
STARLINK-33653,2025-063T,63380,PAY,+,US,2025-03-26,AFWTR,,94.01,53.16,471,470,,,EA,ORB
STARLINK-33643,2025-063U,63381,PAY,+,US,2025-03-26,AFWTR,,93.85,53.16,463,462,,,EA,ORB
STARLINK-33633,2025-063V,63382,PAY,D,US,2025-03-26,AFWTR,2026-04-26,87.99,53.13,179,171,,,EA,IMP
STARLINK-33748,2025-063W,63383,PAY,+,US,2025-03-26,AFWTR,,93.85,53.16,463,462,,,EA,ORB
STARLINK-33658,2025-063X,63384,PAY,+,US,2025-03-26,AFWTR,,93.85,53.16,464,461,,,EA,ORB
STARLINK-33616,2025-063Y,63385,PAY,+,US,2025-03-26,AFWTR,,93.85,53.16,463,462,,,EA,ORB
STARLINK-33571,2025-063Z,63386,PAY,+,US,2025-03-26,AFWTR,,93.85,53.16,463,462,,,EA,ORB
STARLINK-33533,2025-063AA,63387,PAY,+,US,2025-03-26,AFWTR,,93.85,53.16,463,462,,,EA,ORB
STARLINK-33629,2025-063AB,63388,PAY,+,US,2025-03-26,AFWTR,,93.85,53.16,464,462,,,EA,ORB
STARLINK-33656,2025-063AC,63389,PAY,+,US,2025-03-26,AFWTR,,94.01,53.16,471,470,,,EA,ORB
LEMUR-2-BALTO,2025-052BH,63395,PAY,+,US,2025-03-15,AFWTR,,95.96,97.68,571,560,,,EA,ORB
OBJECT BJ,2025-052BJ,63396,UNK,D,TBD,2025-03-15,AFWTR,2025-04-24,96.44,97.74,591,585,,,EA,IMP
TJS-16,2025-064A,63397,PAY,+,PRC,2025-03-29,WSC,,1436.06,1.26,35793,35779,,,EA,ORB
CZ-7A R/B,2025-064B,63398,R/B,D,PRC,2025-03-29,WSC,2025-07-28,139.87,19.73,4992,104,,,EA,IMP
STARLINK-33531,2025-065A,63399,PAY,+,US,2025-03-31,AFETR,,94.27,43.00,484,482,,,EA,ORB
STARLINK-33652,2025-065B,63400,PAY,+,US,2025-03-31,AFETR,,94.27,43.00,484,482,,,EA,ORB
STARLINK-33707,2025-065C,63401,PAY,+,US,2025-03-31,AFETR,,94.27,43.00,484,482,,,EA,ORB
STARLINK-33668,2025-065D,63402,PAY,+,US,2025-03-31,AFETR,,94.27,43.00,484,482,,,EA,ORB
STARLINK-33676,2025-065E,63403,PAY,+,US,2025-03-31,AFETR,,94.27,43.00,484,482,,,EA,ORB
STARLINK-33711,2025-065F,63404,PAY,+,US,2025-03-31,AFETR,,94.27,43.00,484,482,,,EA,ORB
STARLINK-33708,2025-065G,63405,PAY,+,US,2025-03-31,AFETR,,94.27,43.00,484,482,,,EA,ORB
STARLINK-33690,2025-065H,63406,PAY,D,US,2025-03-31,AFETR,2026-08-07,88.93,43.00,225,219,,,EA,IMP
STARLINK-33694,2025-065J,63407,PAY,+,US,2025-03-31,AFETR,,94.27,43.00,484,482,,,EA,ORB
STARLINK-33692,2025-065K,63408,PAY,+,US,2025-03-31,AFETR,,94.27,43.00,484,482,,,EA,ORB
STARLINK-33693,2025-065L,63409,PAY,+,US,2025-03-31,AFETR,,94.27,43.00,483,483,,,EA,ORB
STARLINK-33677,2025-065M,63410,PAY,+,US,2025-03-31,AFETR,,94.27,43.00,484,482,,,EA,ORB
STARLINK-33647,2025-065N,63411,PAY,+,US,2025-03-31,AFETR,,94.27,43.00,484,482,,,EA,ORB
STARLINK-33645,2025-065P,63412,PAY,+,US,2025-03-31,AFETR,,94.27,43.00,484,482,,,EA,ORB
STARLINK-33670,2025-065Q,63413,PAY,+,US,2025-03-31,AFETR,,94.27,43.00,484,482,,,EA,ORB
STARLINK-33644,2025-065R,63414,PAY,+,US,2025-03-31,AFETR,,94.27,43.00,483,482,,,EA,ORB
STARLINK-33664,2025-065S,63415,PAY,+,US,2025-03-31,AFETR,,94.27,43.00,484,482,,,EA,ORB
STARLINK-33649,2025-065T,63416,PAY,+,US,2025-03-31,AFETR,,94.27,43.00,484,482,,,EA,ORB
STARLINK-33535,2025-065U,63417,PAY,+,US,2025-03-31,AFETR,,94.27,43.00,484,482,,,EA,ORB
STARLINK-33703,2025-065V,63418,PAY,+,US,2025-03-31,AFETR,,94.27,43.00,484,482,,,EA,ORB
STARLINK-33709,2025-065W,63419,PAY,+,US,2025-03-31,AFETR,,94.27,43.00,484,482,,,EA,ORB
STARLINK-33698,2025-065X,63420,PAY,+,US,2025-03-31,AFETR,,94.27,43.00,484,482,,,EA,ORB
STARLINK-33606,2025-065Y,63421,PAY,+,US,2025-03-31,AFETR,,94.27,43.00,484,482,,,EA,ORB
STARLINK-33686,2025-065Z,63422,PAY,+,US,2025-03-31,AFETR,,94.27,43.00,484,482,,,EA,ORB
STARLINK-33675,2025-065AA,63423,PAY,+,US,2025-03-31,AFETR,,94.26,43.00,485,481,,,EA,ORB
STARLINK-33655,2025-065AB,63424,PAY,+,US,2025-03-31,AFETR,,94.27,43.00,484,482,,,EA,ORB
STARLINK-33608,2025-065AC,63425,PAY,+,US,2025-03-31,AFETR,,94.27,43.00,483,483,,,EA,ORB
STARLINK-33615,2025-065AD,63426,PAY,+,US,2025-03-31,AFETR,,94.27,43.00,484,482,,,EA,ORB
FRAM2,2025-066A,63427,PAY,D,US,2025-04-01,AFETR,2025-04-04,92.46,89.68,445,345,,,EA,LAN
HJS-6A,2025-067A,63428,PAY,D,PRC,2025-04-01,JSC,2025-10-16,87.80,54.96,170,161,,,EA,IMP
HJS-6B,2025-067B,63429,PAY,+,PRC,2025-04-01,JSC,,94.78,55.00,515,501,,,EA,ORB
HJS-6C,2025-067C,63430,PAY,+,PRC,2025-04-01,JSC,,94.78,55.00,515,501,,,EA,ORB
HJS-6D,2025-067D,63431,PAY,+,PRC,2025-04-01,JSC,,94.78,55.00,514,502,,,EA,ORB
TIANPING-3A 02,2025-068A,63432,PAY,+,PRC,2025-04-03,TAISC,,96.99,43.00,782,448,,,EA,ORB
STARLINK-33682,2025-069A,63433,PAY,+,US,2025-04-04,AFWTR,,93.85,53.16,463,462,,,EA,ORB
STARLINK-33710,2025-069B,63434,PAY,+,US,2025-04-04,AFWTR,,93.85,53.16,464,462,,,EA,ORB
STARLINK-33733,2025-069C,63435,PAY,+,US,2025-04-04,AFWTR,,93.85,53.16,463,462,,,EA,ORB
STARLINK-33638,2025-069D,63436,PAY,+,US,2025-04-04,AFWTR,,93.85,53.16,463,462,,,EA,ORB
STARLINK-33726,2025-069E,63437,PAY,+,US,2025-04-04,AFWTR,,92.94,53.16,419,418,,,EA,ORB
STARLINK-33681,2025-069F,63438,PAY,+,US,2025-04-04,AFWTR,,93.85,53.16,463,462,,,EA,ORB
STARLINK-33730,2025-069G,63439,PAY,+,US,2025-04-04,AFWTR,,93.85,53.16,464,462,,,EA,ORB
STARLINK-33743,2025-069H,63440,PAY,+,US,2025-04-04,AFWTR,,93.85,53.16,464,461,,,EA,ORB
STARLINK-33715,2025-069J,63441,PAY,+,US,2025-04-04,AFWTR,,93.85,53.16,464,462,,,EA,ORB
STARLINK-33762,2025-069K,63442,PAY,+,US,2025-04-04,AFWTR,,93.85,53.16,464,462,,,EA,ORB
STARLINK-33753,2025-069L,63443,PAY,+,US,2025-04-04,AFWTR,,93.85,53.16,464,462,,,EA,ORB
STARLINK-33747,2025-069M,63444,PAY,+,US,2025-04-04,AFWTR,,93.85,53.16,463,462,,,EA,ORB
STARLINK-33659,2025-069N,63445,PAY,+,US,2025-04-04,AFWTR,,93.85,53.16,463,462,,,EA,ORB
STARLINK-33746,2025-069P,63446,PAY,+,US,2025-04-04,AFWTR,,93.85,53.16,463,462,,,EA,ORB
STARLINK-33799,2025-069Q,63447,PAY,+,US,2025-04-04,AFWTR,,93.85,53.16,464,462,,,EA,ORB
STARLINK-33797,2025-069R,63448,PAY,+,US,2025-04-04,AFWTR,,93.85,53.16,464,461,,,EA,ORB
STARLINK-33798,2025-069S,63449,PAY,+,US,2025-04-04,AFWTR,,93.85,53.16,464,462,,,EA,ORB
STARLINK-33736,2025-069T,63450,PAY,+,US,2025-04-04,AFWTR,,93.85,53.16,464,462,,,EA,ORB
STARLINK-33740,2025-069U,63451,PAY,+,US,2025-04-04,AFWTR,,93.85,53.16,464,461,,,EA,ORB
STARLINK-33763,2025-069V,63452,PAY,+,US,2025-04-04,AFWTR,,93.85,53.16,464,462,,,EA,ORB
STARLINK-33784,2025-069W,63453,PAY,+,US,2025-04-04,AFWTR,,93.85,53.16,463,462,,,EA,ORB
STARLINK-33768,2025-069X,63454,PAY,+,US,2025-04-04,AFWTR,,93.85,53.16,463,462,,,EA,ORB
STARLINK-33761,2025-069Y,63455,PAY,+,US,2025-04-04,AFWTR,,93.85,53.16,464,462,,,EA,ORB
STARLINK-33737,2025-069Z,63456,PAY,+,US,2025-04-04,AFWTR,,93.85,53.16,464,462,,,EA,ORB
STARLINK-33795,2025-069AA,63457,PAY,+,US,2025-04-04,AFWTR,,93.85,53.16,465,461,,,EA,ORB
STARLINK-33756,2025-069AB,63458,PAY,+,US,2025-04-04,AFWTR,,93.85,53.16,464,462,,,EA,ORB
STARLINK-33780,2025-069AC,63459,PAY,+,US,2025-04-04,AFWTR,,93.85,53.16,464,462,,,EA,ORB
STARLINK-33679,2025-070A,63460,PAY,+,US,2025-04-06,AFETR,,94.27,43.00,484,482,,,EA,ORB
STARLINK-33706,2025-070B,63461,PAY,+,US,2025-04-06,AFETR,,94.27,43.00,484,482,,,EA,ORB
STARLINK-33691,2025-070C,63462,PAY,+,US,2025-04-06,AFETR,,94.27,43.00,484,482,,,EA,ORB
STARLINK-33696,2025-070D,63463,PAY,+,US,2025-04-06,AFETR,,94.27,43.00,484,482,,,EA,ORB
STARLINK-33701,2025-070E,63464,PAY,+,US,2025-04-06,AFETR,,94.27,43.01,485,481,,,EA,ORB
STARLINK-33685,2025-070F,63465,PAY,+,US,2025-04-06,AFETR,,94.27,43.00,484,482,,,EA,ORB
STARLINK-33654,2025-070G,63466,PAY,+,US,2025-04-06,AFETR,,94.27,43.00,484,482,,,EA,ORB
STARLINK-33697,2025-070H,63467,PAY,+,US,2025-04-06,AFETR,,94.26,43.00,484,482,,,EA,ORB
STARLINK-33720,2025-070J,63468,PAY,+,US,2025-04-06,AFETR,,94.27,43.00,484,482,,,EA,ORB
STARLINK-33587,2025-070K,63469,PAY,+,US,2025-04-06,AFETR,,94.27,43.00,485,481,,,EA,ORB
STARLINK-33637,2025-070L,63470,PAY,+,US,2025-04-06,AFETR,,94.27,43.01,484,482,,,EA,ORB
STARLINK-33744,2025-070M,63471,PAY,+,US,2025-04-06,AFETR,,94.27,43.00,484,482,,,EA,ORB
STARLINK-33766,2025-070N,63472,PAY,+,US,2025-04-06,AFETR,,94.27,43.01,484,482,,,EA,ORB
STARLINK-33765,2025-070P,63473,PAY,+,US,2025-04-06,AFETR,,94.27,43.01,487,479,,,EA,ORB
STARLINK-33735,2025-070Q,63474,PAY,+,US,2025-04-06,AFETR,,94.27,43.00,484,482,,,EA,ORB
STARLINK-33731,2025-070R,63475,PAY,+,US,2025-04-06,AFETR,,94.27,43.00,485,481,,,EA,ORB
STARLINK-33718,2025-070S,63476,PAY,+,US,2025-04-06,AFETR,,94.27,43.00,484,482,,,EA,ORB
STARLINK-33630,2025-070T,63477,PAY,+,US,2025-04-06,AFETR,,94.27,43.00,485,481,,,EA,ORB
STARLINK-33695,2025-070U,63478,PAY,+,US,2025-04-06,AFETR,,94.27,43.00,484,482,,,EA,ORB
STARLINK-33713,2025-070V,63479,PAY,+,US,2025-04-06,AFETR,,94.27,43.00,484,482,,,EA,ORB
STARLINK-33721,2025-070W,63480,PAY,+,US,2025-04-06,AFETR,,94.27,43.00,484,482,,,EA,ORB
STARLINK-33639,2025-070X,63481,PAY,+,US,2025-04-06,AFETR,,94.27,43.00,485,481,,,EA,ORB
STARLINK-33667,2025-070Y,63482,PAY,D,US,2025-04-06,AFETR,2025-11-12,89.27,42.98,251,227,,,EA,IMP
STARLINK-33688,2025-070Z,63483,PAY,+,US,2025-04-06,AFETR,,94.27,43.00,484,482,,,EA,ORB
STARLINK-33700,2025-070AA,63484,PAY,+,US,2025-04-06,AFETR,,94.27,43.00,485,481,,,EA,ORB
STARLINK-33687,2025-070AB,63485,PAY,+,US,2025-04-06,AFETR,,94.27,43.00,484,482,,,EA,ORB
STARLINK-33716,2025-070AC,63486,PAY,+,US,2025-04-06,AFETR,,94.27,43.00,484,482,,,EA,ORB
STARLINK-33754,2025-070AD,63487,PAY,+,US,2025-04-06,AFETR,,94.27,43.00,484,482,,,EA,ORB
POSAT-2,2025-009DR,63488,PAY,+,POR,2025-01-14,AFWTR,,95.09,97.48,526,520,,,EA,ORB
HERMES-6,2025-052BK,63489,PAY,+,IT,2025-03-15,AFWTR,,94.50,97.39,498,491,,,EA,ORB
HYDRA-W,2025-052BL,63490,PAY,D,SPN,2025-03-15,AFWTR,2026-04-24,88.88,97.37,225,213,,,EA,IMP
UNICORN-2Q,2025-052BM,63491,PAY,D,GER,2025-03-15,AFWTR,2025-11-26,89.16,97.38,236,230,,,EA,IMP
HADES-ICM,2025-052BN,63492,PAY,D,SPN,2025-03-15,AFWTR,2026-05-21,88.55,97.36,211,195,,,EA,IMP
STARLINK-33828,2025-071A,63493,PAY,+,US,2025-04-07,AFWTR,,93.85,53.16,464,462,,,EA,ORB
STARLINK-33819,2025-071B,63494,PAY,+,US,2025-04-07,AFWTR,,93.85,53.16,464,462,,,EA,ORB
STARLINK-33845,2025-071C,63495,PAY,+,US,2025-04-07,AFWTR,,93.85,53.16,463,462,,,EA,ORB
STARLINK-33829,2025-071D,63496,PAY,+,US,2025-04-07,AFWTR,,94.01,53.16,471,470,,,EA,ORB
STARLINK-33815,2025-071E,63497,PAY,+,US,2025-04-07,AFWTR,,94.01,53.16,472,470,,,EA,ORB
STARLINK-33833,2025-071F,63498,PAY,+,US,2025-04-07,AFWTR,,94.01,53.16,471,470,,,EA,ORB
STARLINK-33534,2025-071G,63499,PAY,+,US,2025-04-07,AFWTR,,94.01,53.16,472,470,,,EA,ORB
STARLINK-33838,2025-071H,63500,PAY,+,US,2025-04-07,AFWTR,,93.84,53.16,463,462,,,EA,ORB
STARLINK-33837,2025-071J,63501,PAY,+,US,2025-04-07,AFWTR,,94.01,53.16,472,470,,,EA,ORB
STARLINK-33818,2025-071K,63502,PAY,+,US,2025-04-07,AFWTR,,93.85,53.16,463,462,,,EA,ORB
STARLINK-33583,2025-071L,63503,PAY,+,US,2025-04-07,AFWTR,,93.85,53.16,463,462,,,EA,ORB
STARLINK-33811,2025-071M,63504,PAY,+,US,2025-04-07,AFWTR,,93.85,53.16,463,462,,,EA,ORB
STARLINK-33825,2025-071N,63505,PAY,+,US,2025-04-07,AFWTR,,93.90,53.16,466,464,,,EA,ORB
STARLINK-33792,2025-071P,63506,PAY,+,US,2025-04-07,AFWTR,,93.85,53.16,464,462,,,EA,ORB
STARLINK-33843,2025-071Q,63507,PAY,+,US,2025-04-07,AFWTR,,94.01,53.16,471,470,,,EA,ORB
STARLINK-33809,2025-071R,63508,PAY,+,US,2025-04-07,AFWTR,,93.85,53.16,463,462,,,EA,ORB
STARLINK-33678,2025-071S,63509,PAY,+,US,2025-04-07,AFWTR,,94.01,53.16,472,470,,,EA,ORB
STARLINK-33764,2025-071T,63510,PAY,+,US,2025-04-07,AFWTR,,93.85,53.16,464,462,,,EA,ORB
STARLINK-33804,2025-071U,63511,PAY,+,US,2025-04-07,AFWTR,,94.01,53.16,472,470,,,EA,ORB
STARLINK-33751,2025-071V,63512,PAY,+,US,2025-04-07,AFWTR,,94.01,53.16,472,469,,,EA,ORB
STARLINK-33750,2025-071W,63513,PAY,+,US,2025-04-07,AFWTR,,94.01,53.16,472,470,,,EA,ORB
STARLINK-33786,2025-071X,63514,PAY,+,US,2025-04-07,AFWTR,,93.85,53.16,465,461,,,EA,ORB
STARLINK-33796,2025-071Y,63515,PAY,+,US,2025-04-07,AFWTR,,93.85,53.16,464,462,,,EA,ORB
STARLINK-33785,2025-071Z,63516,PAY,+,US,2025-04-07,AFWTR,,94.01,53.16,472,470,,,EA,ORB
STARLINK-33803,2025-071AA,63517,PAY,+,US,2025-04-07,AFWTR,,93.85,53.16,464,462,,,EA,ORB
STARLINK-33807,2025-071AB,63518,PAY,+,US,2025-04-07,AFWTR,,93.85,53.16,464,462,,,EA,ORB
STARLINK-33787,2025-071AC,63519,PAY,+,US,2025-04-07,AFWTR,,93.85,53.16,464,462,,,EA,ORB
SOYUZ-MS 27,2025-072A,63520,PAY,D,CIS,2025-04-08,TYMSC,2025-12-09,92.93,51.63,420,416,,,EA,LAN
SL-4 R/B,2025-072B,63521,R/B,D,CIS,2025-04-08,TYMSC,2025-04-10,87.71,51.65,166,156,,,EA,IMP
OBJECT C,2025-072C,63522,UNK,D,CIS,2025-04-08,TYMSC,2025-04-10,88.89,51.64,257,183,,,EA,IMP
TJS-17,2025-073A,63524,PAY,+,PRC,2025-04-10,XICLF,,1436.07,1.23,35786,35786,,,EA,ORB
CZ-3B R/B,2025-073B,63525,R/B,,PRC,2025-04-10,XICLF,,357.88,19.21,20486,153,,,EA,ORB
USA 499,2025-074A,63526,PAY,+,US,2025-04-12,AFWTR,,96.21,70.03,579,575,,NEA,EA,ORB
USA 500,2025-074B,63527,PAY,+,US,2025-04-12,AFWTR,,96.21,70.03,579,575,,NEA,EA,ORB
USA 501,2025-074C,63528,PAY,+,US,2025-04-12,AFWTR,,96.21,70.03,579,575,,NEA,EA,ORB
USA 502,2025-074D,63529,PAY,+,US,2025-04-12,AFWTR,,96.21,70.03,579,575,,NEA,EA,ORB
USA 503,2025-074E,63530,PAY,+,US,2025-04-12,AFWTR,,96.21,70.03,579,575,,NEA,EA,ORB
USA 504,2025-074F,63531,PAY,+,US,2025-04-12,AFWTR,,96.21,70.03,579,575,,NEA,EA,ORB
USA 505,2025-074G,63532,PAY,+,US,2025-04-12,AFWTR,,96.21,70.03,579,575,,NEA,EA,ORB
USA 506,2025-074H,63533,PAY,+,US,2025-04-12,AFWTR,,96.21,70.03,579,575,,NEA,EA,ORB
USA 507,2025-074J,63534,PAY,+,US,2025-04-12,AFWTR,,96.21,70.03,579,575,,NEA,EA,ORB
USA 508,2025-074K,63535,PAY,+,US,2025-04-12,AFWTR,,96.21,70.03,579,575,,NEA,EA,ORB
USA 509,2025-074L,63536,PAY,+,US,2025-04-12,AFWTR,,96.21,70.03,579,575,,NEA,EA,ORB
USA 510,2025-074M,63537,PAY,+,US,2025-04-12,AFWTR,,96.21,70.03,579,575,,NEA,EA,ORB
USA 511,2025-074N,63538,PAY,+,US,2025-04-12,AFWTR,,96.21,70.03,579,575,,NEA,EA,ORB
USA 512,2025-074P,63539,PAY,+,US,2025-04-12,AFWTR,,96.21,70.03,579,575,,NEA,EA,ORB
USA 513,2025-074Q,63540,PAY,+,US,2025-04-12,AFWTR,,96.21,70.03,579,575,,NEA,EA,ORB
USA 514,2025-074R,63541,PAY,+,US,2025-04-12,AFWTR,,96.21,70.03,579,575,,NEA,EA,ORB
USA 515,2025-074S,63542,PAY,+,US,2025-04-12,AFWTR,,96.21,70.03,580,574,,NEA,EA,ORB
USA 516,2025-074T,63543,PAY,+,US,2025-04-12,AFWTR,,96.21,70.03,579,575,,NEA,EA,ORB
USA 517,2025-074U,63544,PAY,+,US,2025-04-12,AFWTR,,96.21,70.03,579,575,,NEA,EA,ORB
USA 518,2025-074V,63545,PAY,+,US,2025-04-12,AFWTR,,96.21,70.03,579,575,,NEA,EA,ORB
USA 519,2025-074W,63546,PAY,+,US,2025-04-12,AFWTR,,96.21,70.03,579,575,,NEA,EA,ORB
USA 520,2025-074X,63547,PAY,+,US,2025-04-12,AFWTR,,96.21,70.03,579,575,,NEA,EA,ORB
STARLINK-11669 [DTC],2025-075A,63548,PAY,+,US,2025-04-13,AFETR,,91.67,43.00,357,356,,,EA,ORB
STARLINK-11665 [DTC],2025-075B,63549,PAY,+,US,2025-04-13,AFETR,,91.67,43.00,357,356,,,EA,ORB
STARLINK-11667 [DTC],2025-075C,63550,PAY,+,US,2025-04-13,AFETR,,91.67,43.00,357,355,,,EA,ORB
STARLINK-11695 [DTC],2025-075D,63551,PAY,+,US,2025-04-13,AFETR,,91.67,43.00,357,355,,,EA,ORB
STARLINK-11685 [DTC],2025-075E,63552,PAY,+,US,2025-04-13,AFETR,,91.67,43.00,357,356,,,EA,ORB
STARLINK-11697 [DTC],2025-075F,63553,PAY,+,US,2025-04-13,AFETR,,91.67,43.00,357,355,,,EA,ORB
STARLINK-11680 [DTC],2025-075G,63554,PAY,+,US,2025-04-13,AFETR,,91.67,43.00,358,355,,,EA,ORB
STARLINK-11687 [DTC],2025-075H,63555,PAY,D,US,2025-04-13,AFETR,2026-03-31,88.17,42.98,191,177,,,EA,IMP
STARLINK-11626 [DTC],2025-075J,63556,PAY,+,US,2025-04-13,AFETR,,91.67,43.00,359,354,,,EA,ORB
STARLINK-11668 [DTC],2025-075K,63557,PAY,+,US,2025-04-13,AFETR,,91.67,43.00,358,355,,,EA,ORB
STARLINK-11657 [DTC],2025-075L,63558,PAY,+,US,2025-04-13,AFETR,,91.67,43.00,359,354,,,EA,ORB
STARLINK-11606 [DTC],2025-075M,63559,PAY,+,US,2025-04-13,AFETR,,91.67,43.00,358,355,,,EA,ORB
STARLINK-11592 [DTC],2025-075N,63560,PAY,+,US,2025-04-13,AFETR,,91.67,43.00,357,355,,,EA,ORB
STARLINK-32953,2025-075P,63561,PAY,+,US,2025-04-13,AFETR,,94.27,43.00,484,482,,,EA,ORB
STARLINK-32951,2025-075Q,63562,PAY,+,US,2025-04-13,AFETR,,94.27,43.00,484,482,,,EA,ORB
STARLINK-32958,2025-075R,63563,PAY,+,US,2025-04-13,AFETR,,94.27,43.01,484,482,,,EA,ORB
STARLINK-32928,2025-075S,63564,PAY,+,US,2025-04-13,AFETR,,94.27,43.00,484,482,,,EA,ORB
STARLINK-32687,2025-075T,63565,PAY,+,US,2025-04-13,AFETR,,94.27,43.00,484,482,,,EA,ORB
STARLINK-32950,2025-075U,63566,PAY,+,US,2025-04-13,AFETR,,94.27,43.00,484,483,,,EA,ORB
STARLINK-32954,2025-075V,63567,PAY,+,US,2025-04-13,AFETR,,94.27,43.00,484,482,,,EA,ORB
STARLINK-32940,2025-075W,63568,PAY,+,US,2025-04-13,AFETR,,94.27,43.00,484,482,,,EA,ORB
STARLINK-32959,2025-076A,63569,PAY,+,US,2025-04-14,AFETR,,94.27,43.00,484,482,,,EA,ORB
STARLINK-32956,2025-076B,63570,PAY,+,US,2025-04-14,AFETR,,94.27,43.00,484,482,,,EA,ORB
STARLINK-33722,2025-076C,63571,PAY,+,US,2025-04-14,AFETR,,94.27,43.00,484,482,,,EA,ORB
STARLINK-33739,2025-076D,63572,PAY,+,US,2025-04-14,AFETR,,94.27,43.00,484,482,,,EA,ORB
STARLINK-33683,2025-076E,63573,PAY,+,US,2025-04-14,AFETR,,94.27,43.00,485,481,,,EA,ORB
STARLINK-33724,2025-076F,63574,PAY,D,US,2025-04-14,AFETR,2025-06-01,88.59,42.99,210,200,,,EA,IMP
STARLINK-33732,2025-076G,63575,PAY,+,US,2025-04-14,AFETR,,94.27,43.00,484,482,,,EA,ORB
STARLINK-33800,2025-076H,63576,PAY,+,US,2025-04-14,AFETR,,94.27,43.00,484,481,,,EA,ORB
STARLINK-33632,2025-076J,63577,PAY,+,US,2025-04-14,AFETR,,94.27,43.00,484,482,,,EA,ORB
STARLINK-33719,2025-076K,63578,PAY,+,US,2025-04-14,AFETR,,94.27,43.00,484,482,,,EA,ORB
STARLINK-33755,2025-076L,63579,PAY,+,US,2025-04-14,AFETR,,94.27,43.00,484,482,,,EA,ORB
STARLINK-33752,2025-076M,63580,PAY,+,US,2025-04-14,AFETR,,94.27,43.00,484,482,,,EA,ORB
STARLINK-33714,2025-076N,63581,PAY,+,US,2025-04-14,AFETR,,94.27,43.00,484,482,,,EA,ORB
STARLINK-33814,2025-076P,63582,PAY,+,US,2025-04-14,AFETR,,94.26,43.00,484,482,,,EA,ORB
STARLINK-33817,2025-076Q,63583,PAY,+,US,2025-04-14,AFETR,,94.27,43.00,484,482,,,EA,ORB
STARLINK-33820,2025-076R,63584,PAY,+,US,2025-04-14,AFETR,,94.27,43.00,484,482,,,EA,ORB
STARLINK-33813,2025-076S,63585,PAY,+,US,2025-04-14,AFETR,,94.27,43.00,484,482,,,EA,ORB
STARLINK-33834,2025-076T,63586,PAY,+,US,2025-04-14,AFETR,,94.27,43.00,484,482,,,EA,ORB
STARLINK-33830,2025-076U,63587,PAY,+,US,2025-04-14,AFETR,,94.27,43.00,484,482,,,EA,ORB
STARLINK-33651,2025-076V,63588,PAY,+,US,2025-04-14,AFETR,,94.27,43.00,484,482,,,EA,ORB
STARLINK-33788,2025-076W,63589,PAY,+,US,2025-04-14,AFETR,,94.27,43.00,484,482,,,EA,ORB
STARLINK-33805,2025-076X,63590,PAY,+,US,2025-04-14,AFETR,,94.27,43.00,484,482,,,EA,ORB
STARLINK-33702,2025-076Y,63591,PAY,+,US,2025-04-14,AFETR,,94.27,43.00,484,482,,,EA,ORB
STARLINK-33666,2025-076Z,63592,PAY,+,US,2025-04-14,AFETR,,94.27,43.00,484,482,,,EA,ORB
STARLINK-33723,2025-076AA,63593,PAY,+,US,2025-04-14,AFETR,,94.27,43.00,484,482,,,EA,ORB
STARLINK-33791,2025-076AB,63594,PAY,+,US,2025-04-14,AFETR,,94.27,43.00,484,482,,,EA,ORB
STARLINK-33831,2025-076AC,63595,PAY,+,US,2025-04-14,AFETR,,94.27,43.00,484,482,,,EA,ORB
USA 521,2025-077A,63596,PAY,+,US,2025-04-16,AFWTR,,107.58,63.40,1137,1092,,NEA,EA,ORB
USA 522,2025-077B,63597,PAY,+,US,2025-04-16,AFWTR,,107.53,63.40,1137,1087,,NEA,EA,ORB
MINOTAUR 4 R/B,2025-077C,63598,R/B,,US,2025-04-16,AFWTR,,107.53,63.39,1137,1088,,NEA,EA,ORB
SHIYAN-27 OBJECT A,2025-078A,63599,PAY,+,PRC,2025-04-18,TAISC,,106.10,99.69,1046,1045,,,EA,ORB
SHIYAN-27 OBJECT B,2025-078B,63600,PAY,+,PRC,2025-04-18,TAISC,,106.10,99.70,1047,1045,,,EA,ORB
SHIYAN-27 OBJECT C,2025-078C,63601,PAY,+,PRC,2025-04-18,TAISC,,106.10,99.69,1046,1045,,,EA,ORB
SHIYAN-27 OBJECT D,2025-078D,63602,PAY,+,PRC,2025-04-18,TAISC,,106.10,99.70,1046,1045,,,EA,ORB
SHIYAN-27 OBJECT E,2025-078E,63603,PAY,+,PRC,2025-04-18,TAISC,,106.10,99.69,1046,1045,,,EA,ORB
SHIYAN-27 OBJECT F,2025-078F,63604,PAY,+,PRC,2025-04-18,TAISC,,106.10,99.69,1046,1045,,,EA,ORB
CZ-6A R/B,2025-078G,63605,R/B,,PRC,2025-04-18,TAISC,,103.24,99.67,989,835,,,EA,ORB
USA 523,2025-079A,63606,PAY,+,US,2025-04-20,AFWTR,,96.21,70.03,579,575,,NEA,EA,ORB
USA 524,2025-079B,63607,PAY,+,US,2025-04-20,AFWTR,,96.21,70.03,579,575,,NEA,EA,ORB
USA 525,2025-079C,63608,PAY,+,US,2025-04-20,AFWTR,,96.21,70.03,579,575,,NEA,EA,ORB
USA 526,2025-079D,63609,PAY,+,US,2025-04-20,AFWTR,,96.21,70.03,580,574,,NEA,EA,ORB
USA 527,2025-079E,63610,PAY,+,US,2025-04-20,AFWTR,,96.21,70.03,579,575,,NEA,EA,ORB
USA 528,2025-079F,63611,PAY,+,US,2025-04-20,AFWTR,,96.21,70.03,579,575,,NEA,EA,ORB
USA 529,2025-079G,63612,PAY,+,US,2025-04-20,AFWTR,,96.21,70.03,580,574,,NEA,EA,ORB
USA 530,2025-079H,63613,PAY,+,US,2025-04-20,AFWTR,,96.21,70.03,580,574,,NEA,EA,ORB
USA 531,2025-079J,63614,PAY,+,US,2025-04-20,AFWTR,,96.21,70.03,579,575,,NEA,EA,ORB
USA 532,2025-079K,63615,PAY,+,US,2025-04-20,AFWTR,,96.21,70.03,580,574,,NEA,EA,ORB
USA 533,2025-079L,63616,PAY,+,US,2025-04-20,AFWTR,,96.21,70.03,579,575,,NEA,EA,ORB
USA 534,2025-079M,63617,PAY,+,US,2025-04-20,AFWTR,,96.21,70.03,580,574,,NEA,EA,ORB
USA 535,2025-079N,63618,PAY,+,US,2025-04-20,AFWTR,,96.21,70.03,580,574,,NEA,EA,ORB
USA 536,2025-079P,63619,PAY,+,US,2025-04-20,AFWTR,,96.21,70.03,580,574,,NEA,EA,ORB
USA 537,2025-079Q,63620,PAY,+,US,2025-04-20,AFWTR,,96.21,70.03,579,575,,NEA,EA,ORB
USA 538,2025-079R,63621,PAY,+,US,2025-04-20,AFWTR,,96.21,70.03,579,575,,NEA,EA,ORB
USA 539,2025-079S,63622,PAY,+,US,2025-04-20,AFWTR,,96.21,70.03,579,575,,NEA,EA,ORB
USA 540,2025-079T,63623,PAY,+,US,2025-04-20,AFWTR,,96.21,70.03,580,575,,NEA,EA,ORB
USA 541,2025-079U,63624,PAY,+,US,2025-04-20,AFWTR,,96.21,70.03,579,575,,NEA,EA,ORB
USA 542,2025-079V,63625,PAY,+,US,2025-04-20,AFWTR,,96.21,70.03,579,575,,NEA,EA,ORB
USA 543,2025-079W,63626,PAY,+,US,2025-04-20,AFWTR,,96.21,70.03,580,575,,NEA,EA,ORB
USA 544,2025-079X,63627,PAY,+,US,2025-04-20,AFWTR,,96.21,70.03,580,574,,NEA,EA,ORB
DRAGON CRS-32,2025-080A,63628,PAY,D,US,2025-04-21,AFETR,2025-05-25,92.69,51.64,409,404,,,EA,IMP
TJS-17 AKM,2025-073C,63629,R/B,,PRC,2025-04-10,XICLF,,1456.55,1.25,36234,36138,,,EA,ORB
KORSAT-3,2025-081A,63630,PAY,+,SKOR,2025-04-22,AFETR,,96.05,45.41,578,560,,,EA,ORB
TOMORROW-S7,2025-081B,63631,PAY,+,US,2025-04-22,AFETR,,96.01,45.39,570,565,,,EA,ORB
SHENZHOU-20 (SZ-20),2025-082A,63632,PAY,D,PRC,2025-04-24,JSC,2026-01-19,92.22,41.47,390,378,,,EA,LAN
CZ-2F R/B,2025-082B,63633,R/B,D,PRC,2025-04-24,JSC,2025-05-02,87.66,41.46,176,142,,,EA,IMP
STARLINK-33879,2025-083A,63634,PAY,+,US,2025-04-25,AFETR,,94.27,43.00,484,482,,,EA,ORB
STARLINK-33854,2025-083B,63635,PAY,+,US,2025-04-25,AFETR,,94.26,43.00,484,482,,,EA,ORB
STARLINK-33864,2025-083C,63636,PAY,+,US,2025-04-25,AFETR,,94.27,43.00,484,483,,,EA,ORB
STARLINK-33832,2025-083D,63637,PAY,+,US,2025-04-25,AFETR,,94.27,43.00,484,483,,,EA,ORB
STARLINK-33856,2025-083E,63638,PAY,+,US,2025-04-25,AFETR,,94.27,43.00,485,481,,,EA,ORB
STARLINK-33876,2025-083F,63639,PAY,+,US,2025-04-25,AFETR,,94.27,43.00,484,482,,,EA,ORB
STARLINK-33859,2025-083G,63640,PAY,+,US,2025-04-25,AFETR,,94.27,42.99,483,483,,,EA,ORB
STARLINK-33826,2025-083H,63641,PAY,+,US,2025-04-25,AFETR,,94.27,43.00,485,481,,,EA,ORB
STARLINK-33836,2025-083J,63642,PAY,+,US,2025-04-25,AFETR,,94.27,43.00,484,482,,,EA,ORB
STARLINK-33558,2025-083K,63643,PAY,+,US,2025-04-25,AFETR,,94.27,43.00,484,482,,,EA,ORB
STARLINK-33852,2025-083L,63644,PAY,+,US,2025-04-25,AFETR,,94.27,43.00,484,482,,,EA,ORB
STARLINK-33835,2025-083M,63645,PAY,+,US,2025-04-25,AFETR,,94.27,43.00,484,482,,,EA,ORB
STARLINK-33661,2025-083N,63646,PAY,+,US,2025-04-25,AFETR,,94.27,43.00,484,482,,,EA,ORB
STARLINK-33729,2025-083P,63647,PAY,+,US,2025-04-25,AFETR,,94.26,43.00,484,482,,,EA,ORB
STARLINK-33717,2025-083Q,63648,PAY,+,US,2025-04-25,AFETR,,94.27,43.00,484,483,,,EA,ORB
STARLINK-33684,2025-083R,63649,PAY,+,US,2025-04-25,AFETR,,94.26,43.00,484,482,,,EA,ORB
STARLINK-33704,2025-083S,63650,PAY,+,US,2025-04-25,AFETR,,94.27,43.00,484,482,,,EA,ORB
STARLINK-33705,2025-083T,63651,PAY,+,US,2025-04-25,AFETR,,94.27,43.00,483,483,,,EA,ORB
STARLINK-33663,2025-083U,63652,PAY,+,US,2025-04-25,AFETR,,94.27,43.00,484,483,,,EA,ORB
STARLINK-33866,2025-083V,63653,PAY,+,US,2025-04-25,AFETR,,94.27,43.00,484,482,,,EA,ORB
STARLINK-33849,2025-083W,63654,PAY,+,US,2025-04-25,AFETR,,94.27,43.00,485,481,,,EA,ORB
STARLINK-33873,2025-083X,63655,PAY,+,US,2025-04-25,AFETR,,94.27,43.00,484,482,,,EA,ORB
STARLINK-33772,2025-083Y,63656,PAY,+,US,2025-04-25,AFETR,,94.27,43.00,484,482,,,EA,ORB
STARLINK-33789,2025-083Z,63657,PAY,+,US,2025-04-25,AFETR,,94.27,43.00,483,483,,,EA,ORB
STARLINK-33822,2025-083AA,63658,PAY,+,US,2025-04-25,AFETR,,94.27,43.00,484,482,,,EA,ORB
STARLINK-33771,2025-083AB,63659,PAY,+,US,2025-04-25,AFETR,,94.27,43.00,483,483,,,EA,ORB
STARLINK-33810,2025-083AC,63660,PAY,+,US,2025-04-25,AFETR,,94.27,43.00,483,483,,,EA,ORB
STARLINK-33823,2025-083AD,63661,PAY,+,US,2025-04-25,AFETR,,94.27,43.00,484,482,,,EA,ORB
TIANLIAN 2-05,2025-084A,63662,PAY,+,PRC,2025-04-27,XICLF,,1436.11,4.29,35796,35778,,,EA,ORB
CZ-3B R/B,2025-084B,63663,R/B,,PRC,2025-04-27,XICLF,,529.82,27.12,30407,215,,,EA,ORB
STARLINK-11651 [DTC],2025-085A,63664,PAY,+,US,2025-04-28,AFETR,,91.67,43.00,359,354,,,EA,ORB
STARLINK-11672 [DTC],2025-085B,63665,PAY,+,US,2025-04-28,AFETR,,91.66,43.00,358,355,,,EA,ORB
STARLINK-11664 [DTC],2025-085C,63666,PAY,D,US,2025-04-28,AFETR,2026-05-26,88.66,42.98,217,200,,,EA,IMP
STARLINK-11666 [DTC],2025-085D,63667,PAY,+,US,2025-04-28,AFETR,,91.66,43.00,357,355,,,EA,ORB
STARLINK-11663 [DTC],2025-085E,63668,PAY,+,US,2025-04-28,AFETR,,91.67,43.00,357,355,,,EA,ORB
STARLINK-11595 [DTC],2025-085F,63669,PAY,+,US,2025-04-28,AFETR,,91.67,43.00,357,356,,,EA,ORB
STARLINK-11599 [DTC],2025-085G,63670,PAY,+,US,2025-04-28,AFETR,,91.67,43.00,358,355,,,EA,ORB
STARLINK-11603 [DTC],2025-085H,63671,PAY,+,US,2025-04-28,AFETR,,91.67,43.00,357,356,,,EA,ORB
STARLINK-11644 [DTC],2025-085J,63672,PAY,+,US,2025-04-28,AFETR,,91.67,43.00,358,355,,,EA,ORB
STARLINK-11634 [DTC],2025-085K,63673,PAY,+,US,2025-04-28,AFETR,,91.67,43.00,360,353,,,EA,ORB
STARLINK-11656 [DTC],2025-085L,63674,PAY,+,US,2025-04-28,AFETR,,91.67,43.00,358,355,,,EA,ORB
STARLINK-11655 [DTC],2025-085M,63675,PAY,+,US,2025-04-28,AFETR,,91.67,43.00,358,355,,,EA,ORB
STARLINK-11661 [DTC],2025-085N,63676,PAY,+,US,2025-04-28,AFETR,,91.67,43.00,359,354,,,EA,ORB
STARLINK-33816,2025-085P,63677,PAY,+,US,2025-04-28,AFETR,,94.27,43.01,485,481,,,EA,ORB
STARLINK-33861,2025-085Q,63678,PAY,+,US,2025-04-28,AFETR,,94.27,43.00,484,482,,,EA,ORB
STARLINK-33850,2025-085R,63679,PAY,+,US,2025-04-28,AFETR,,94.27,43.00,483,483,,,EA,ORB
STARLINK-33887,2025-085S,63680,PAY,+,US,2025-04-28,AFETR,,94.27,43.00,484,482,,,EA,ORB
STARLINK-33886,2025-085T,63681,PAY,+,US,2025-04-28,AFETR,,94.27,43.00,484,482,,,EA,ORB
STARLINK-33840,2025-085U,63682,PAY,+,US,2025-04-28,AFETR,,94.27,43.00,483,483,,,EA,ORB
STARLINK-33851,2025-085V,63683,PAY,D,US,2025-04-28,AFETR,2026-04-30,88.34,42.99,197,188,,,EA,IMP
STARLINK-33853,2025-085W,63684,PAY,+,US,2025-04-28,AFETR,,94.27,43.00,484,482,,,EA,ORB
STARLINK-33847,2025-085X,63685,PAY,+,US,2025-04-28,AFETR,,94.27,43.00,484,482,,,EA,ORB
STARLINK-33880,2025-085Y,63686,PAY,+,US,2025-04-28,AFETR,,94.27,43.00,483,483,,,EA,ORB
HULIANWANG DIGUI-20,2025-086A,63687,PAY,+,PRC,2025-04-28,WSC,,108.73,86.50,1170,1166,,,EA,ORB
HULIANWANG DIGUI-21,2025-086B,63688,PAY,+,PRC,2025-04-28,WSC,,108.73,86.51,1170,1166,,,EA,ORB
HULIANWANG DIGUI-22,2025-086C,63689,PAY,+,PRC,2025-04-28,WSC,,108.73,86.50,1170,1166,,,EA,ORB
HULIANWANG DIGUI-23,2025-086D,63690,PAY,+,PRC,2025-04-28,WSC,,108.73,86.51,1170,1166,,,EA,ORB
HULIANWANG DIGUI-24,2025-086E,63691,PAY,+,PRC,2025-04-28,WSC,,108.73,86.51,1170,1166,,,EA,ORB
HULIANWANG DIGUI-25,2025-086F,63692,PAY,+,PRC,2025-04-28,WSC,,108.73,86.50,1170,1166,,,EA,ORB
HULIANWANG DIGUI-26,2025-086G,63693,PAY,+,PRC,2025-04-28,WSC,,108.73,86.51,1170,1166,,,EA,ORB
HULIANWANG DIGUI-27,2025-086H,63694,PAY,+,PRC,2025-04-28,WSC,,108.73,86.50,1170,1166,,,EA,ORB
HULIANWANG DIGUI-28,2025-086J,63695,PAY,+,PRC,2025-04-28,WSC,,108.73,86.50,1170,1166,,,EA,ORB
HULIANWANG DIGUI-29,2025-086K,63696,PAY,+,PRC,2025-04-28,WSC,,108.73,86.50,1170,1166,,,EA,ORB
STARLINK-33894,2025-087A,63697,PAY,+,US,2025-04-28,AFWTR,,93.85,53.16,464,462,,,EA,ORB
STARLINK-33922,2025-087B,63698,PAY,+,US,2025-04-28,AFWTR,,94.08,53.16,475,473,,,EA,ORB
STARLINK-33919,2025-087C,63699,PAY,+,US,2025-04-28,AFWTR,,93.85,53.16,464,462,,,EA,ORB
STARLINK-33908,2025-087D,63700,PAY,+,US,2025-04-28,AFWTR,,94.11,53.16,476,474,,,EA,ORB
STARLINK-33950,2025-087E,63701,PAY,+,US,2025-04-28,AFWTR,,94.01,53.16,472,470,,,EA,ORB
STARLINK-33939,2025-087F,63702,PAY,+,US,2025-04-28,AFWTR,,94.01,53.16,471,470,,,EA,ORB
STARLINK-33868,2025-087G,63703,PAY,+,US,2025-04-28,AFWTR,,93.85,53.16,464,462,,,EA,ORB
STARLINK-33937,2025-087H,63704,PAY,+,US,2025-04-28,AFWTR,,94.11,53.16,476,474,,,EA,ORB
STARLINK-33848,2025-087J,63705,PAY,+,US,2025-04-28,AFWTR,,94.10,53.16,476,474,,,EA,ORB
STARLINK-33995,2025-087K,63706,PAY,+,US,2025-04-28,AFWTR,,93.86,53.16,464,463,,,EA,ORB
STARLINK-33982,2025-087L,63707,PAY,+,US,2025-04-28,AFWTR,,93.85,53.16,464,462,,,EA,ORB
STARLINK-33915,2025-087M,63708,PAY,+,US,2025-04-28,AFWTR,,93.85,53.16,463,462,,,EA,ORB
STARLINK-33862,2025-087N,63709,PAY,+,US,2025-04-28,AFWTR,,93.90,53.16,467,464,,,EA,ORB
STARLINK-33920,2025-087P,63710,PAY,+,US,2025-04-28,AFWTR,,94.01,53.16,472,470,,,EA,ORB
STARLINK-33580,2025-087Q,63711,PAY,+,US,2025-04-28,AFWTR,,94.01,53.16,471,470,,,EA,ORB
STARLINK-33783,2025-087R,63712,PAY,+,US,2025-04-28,AFWTR,,94.01,53.16,472,470,,,EA,ORB
STARLINK-33773,2025-087S,63713,PAY,+,US,2025-04-28,AFWTR,,94.01,53.16,472,470,,,EA,ORB
STARLINK-33745,2025-087T,63714,PAY,+,US,2025-04-28,AFWTR,,93.85,53.16,464,462,,,EA,ORB
STARLINK-33728,2025-087U,63715,PAY,+,US,2025-04-28,AFWTR,,94.11,53.16,476,474,,,EA,ORB
STARLINK-33749,2025-087V,63716,PAY,+,US,2025-04-28,AFWTR,,94.01,53.16,472,470,,,EA,ORB
STARLINK-33725,2025-087W,63717,PAY,+,US,2025-04-28,AFWTR,,93.85,53.16,464,462,,,EA,ORB
STARLINK-33641,2025-087X,63718,PAY,+,US,2025-04-28,AFWTR,,94.01,53.16,472,470,,,EA,ORB
STARLINK-33727,2025-087Y,63719,PAY,+,US,2025-04-28,AFWTR,,93.85,53.16,464,462,,,EA,ORB
STARLINK-33757,2025-087Z,63720,PAY,+,US,2025-04-28,AFWTR,,93.85,53.16,464,461,,,EA,ORB
STARLINK-33774,2025-087AA,63721,PAY,+,US,2025-04-28,AFWTR,,94.01,53.16,472,470,,,EA,ORB
STARLINK-33767,2025-087AB,63722,PAY,+,US,2025-04-28,AFWTR,,93.90,53.16,466,464,,,EA,ORB
STARLINK-33806,2025-087AC,63723,PAY,+,US,2025-04-28,AFWTR,,94.10,53.16,476,474,,,EA,ORB
KUIPER-00008,2025-088A,63724,PAY,+,US,2025-04-28,AFETR,,97.30,51.90,630,629,,,EA,ORB
KUIPER-00009,2025-088B,63725,PAY,+,US,2025-04-28,AFETR,,95.51,51.90,544,542,,,EA,ORB
KUIPER-00010,2025-088C,63726,PAY,+,US,2025-04-28,AFETR,,97.30,51.90,630,629,,,EA,ORB
KUIPER-00011,2025-088D,63727,PAY,+,US,2025-04-28,AFETR,,97.30,51.90,630,629,,,EA,ORB
KUIPER-00012,2025-088E,63728,PAY,+,US,2025-04-28,AFETR,,97.30,51.90,630,629,,,EA,ORB
KUIPER-00013,2025-088F,63729,PAY,+,US,2025-04-28,AFETR,,97.30,51.90,630,629,,,EA,ORB
KUIPER-00014,2025-088G,63730,PAY,+,US,2025-04-28,AFETR,,97.30,51.90,630,629,,,EA,ORB
KUIPER-00015,2025-088H,63731,PAY,+,US,2025-04-28,AFETR,,97.30,51.90,630,629,,,EA,ORB
KUIPER-00016,2025-088J,63732,PAY,+,US,2025-04-28,AFETR,,97.30,51.90,630,629,,,EA,ORB
KUIPER-00018,2025-088K,63733,PAY,+,US,2025-04-28,AFETR,,97.30,51.91,630,629,,,EA,ORB
KUIPER-00019,2025-088L,63734,PAY,+,US,2025-04-28,AFETR,,97.30,51.90,630,629,,,EA,ORB
KUIPER-00020,2025-088M,63735,PAY,+,US,2025-04-28,AFETR,,97.30,51.90,630,629,,,EA,ORB
KUIPER-00021,2025-088N,63736,PAY,+,US,2025-04-28,AFETR,,97.30,51.90,630,629,,,EA,ORB
KUIPER-00023,2025-088P,63737,PAY,+,US,2025-04-28,AFETR,,97.30,51.90,630,629,,,EA,ORB
KUIPER-00024,2025-088Q,63738,PAY,+,US,2025-04-28,AFETR,,97.30,51.90,630,629,,,EA,ORB
KUIPER-00025,2025-088R,63739,PAY,+,US,2025-04-28,AFETR,,97.30,51.90,630,629,,,EA,ORB
KUIPER-00027,2025-088S,63740,PAY,+,US,2025-04-28,AFETR,,97.30,51.90,630,629,,,EA,ORB
KUIPER-00028,2025-088T,63741,PAY,+,US,2025-04-28,AFETR,,97.30,51.90,630,629,,,EA,ORB
KUIPER-00029,2025-088U,63742,PAY,+,US,2025-04-28,AFETR,,97.30,51.90,630,629,,,EA,ORB
KUIPER-00030,2025-088V,63743,PAY,+,US,2025-04-28,AFETR,,97.30,51.90,630,629,,,EA,ORB
KUIPER-00031,2025-088W,63744,PAY,+,US,2025-04-28,AFETR,,97.30,51.90,630,629,,,EA,ORB
KUIPER-00032,2025-088X,63745,PAY,+,US,2025-04-28,AFETR,,93.39,51.87,444,438,,,EA,ORB
KUIPER-00033,2025-088Y,63746,PAY,+,US,2025-04-28,AFETR,,97.30,51.90,630,629,,,EA,ORB
KUIPER-00034,2025-088Z,63747,PAY,+,US,2025-04-28,AFETR,,97.30,51.90,630,629,,,EA,ORB
KUIPER-00035,2025-088AA,63748,PAY,+,US,2025-04-28,AFETR,,97.30,51.90,630,629,,,EA,ORB
KUIPER-00037,2025-088AB,63749,PAY,+,US,2025-04-28,AFETR,,97.30,51.90,630,629,,,EA,ORB
KUIPER-00038,2025-088AC,63750,PAY,+,US,2025-04-28,AFETR,,97.30,51.90,630,629,,,EA,ORB
STARLINK-11677 [DTC],2025-089A,63751,PAY,+,US,2025-04-29,AFETR,,91.66,43.00,357,355,,,EA,ORB
STARLINK-11702 [DTC],2025-089B,63752,PAY,+,US,2025-04-29,AFETR,,91.66,43.00,358,354,,,EA,ORB
STARLINK-11706 [DTC],2025-089C,63753,PAY,+,US,2025-04-29,AFETR,,91.67,43.00,358,355,,,EA,ORB
STARLINK-11662 [DTC],2025-089D,63754,PAY,+,US,2025-04-29,AFETR,,91.67,43.00,358,355,,,EA,ORB
STARLINK-11681 [DTC],2025-089E,63755,PAY,+,US,2025-04-29,AFETR,,91.66,43.00,358,355,,,EA,ORB
STARLINK-11688 [DTC],2025-089F,63756,PAY,+,US,2025-04-29,AFETR,,91.67,43.00,360,353,,,EA,ORB
STARLINK-11676 [DTC],2025-089G,63757,PAY,+,US,2025-04-29,AFETR,,91.67,43.00,358,354,,,EA,ORB
STARLINK-11705 [DTC],2025-089H,63758,PAY,+,US,2025-04-29,AFETR,,91.66,43.00,357,354,,,EA,ORB
STARLINK-11703 [DTC],2025-089J,63759,PAY,+,US,2025-04-29,AFETR,,91.67,43.00,360,354,,,EA,ORB
STARLINK-11701 [DTC],2025-089K,63760,PAY,+,US,2025-04-29,AFETR,,91.67,43.00,359,354,,,EA,ORB
STARLINK-11660 [DTC],2025-089L,63761,PAY,+,US,2025-04-29,AFETR,,91.66,43.00,357,356,,,EA,ORB
STARLINK-11699 [DTC],2025-089M,63762,PAY,+,US,2025-04-29,AFETR,,91.67,43.00,359,354,,,EA,ORB
STARLINK-11693 [DTC],2025-089N,63763,PAY,+,US,2025-04-29,AFETR,,91.67,43.00,359,354,,,EA,ORB
STARLINK-33760,2025-089P,63764,PAY,+,US,2025-04-29,AFETR,,94.27,43.00,483,483,,,EA,ORB
STARLINK-33941,2025-089Q,63765,PAY,+,US,2025-04-29,AFETR,,94.27,43.00,484,482,,,EA,ORB
STARLINK-33824,2025-089R,63766,PAY,+,US,2025-04-29,AFETR,,94.27,43.00,485,481,,,EA,ORB
STARLINK-33808,2025-089S,63767,PAY,+,US,2025-04-29,AFETR,,94.27,43.00,485,481,,,EA,ORB
STARLINK-33844,2025-089T,63768,PAY,+,US,2025-04-29,AFETR,,94.27,43.00,484,482,,,EA,ORB
STARLINK-33907,2025-089U,63769,PAY,+,US,2025-04-29,AFETR,,94.27,43.00,484,482,,,EA,ORB
STARLINK-33884,2025-089V,63770,PAY,+,US,2025-04-29,AFETR,,94.27,43.00,484,482,,,EA,ORB
STARLINK-33841,2025-089W,63771,PAY,+,US,2025-04-29,AFETR,,94.27,43.00,485,481,,,EA,ORB
BIOMASS,2025-090A,63772,PAY,+,ESA,2025-04-29,FRGUI,,98.12,98.08,670,668,,,EA,ORB
STARLINK-33769,2025-089X,63773,PAY,+,US,2025-04-29,AFETR,,94.27,43.00,484,482,,,EA,ORB
STARLINK-33914,2025-089Y,63774,PAY,+,US,2025-04-29,AFETR,,94.27,43.00,484,482,,,EA,ORB
STARLINK-33932,2025-091A,63775,PAY,+,US,2025-05-02,AFETR,,94.27,43.00,484,482,,,EA,ORB
STARLINK-33930,2025-091B,63776,PAY,+,US,2025-05-02,AFETR,,94.27,43.00,484,482,,,EA,ORB
STARLINK-33911,2025-091C,63777,PAY,+,US,2025-05-02,AFETR,,94.27,43.00,484,483,,,EA,ORB
STARLINK-33938,2025-091D,63778,PAY,+,US,2025-05-02,AFETR,,94.27,43.00,484,482,,,EA,ORB
STARLINK-33881,2025-091E,63779,PAY,+,US,2025-05-02,AFETR,,94.27,43.00,484,482,,,EA,ORB
STARLINK-33846,2025-091F,63780,PAY,+,US,2025-05-02,AFETR,,94.27,43.00,484,482,,,EA,ORB
STARLINK-33883,2025-091G,63781,PAY,+,US,2025-05-02,AFETR,,94.27,43.00,484,482,,,EA,ORB
STARLINK-33842,2025-091H,63782,PAY,+,US,2025-05-02,AFETR,,94.27,43.00,484,482,,,EA,ORB
STARLINK-33892,2025-091J,63783,PAY,+,US,2025-05-02,AFETR,,94.27,43.00,484,482,,,EA,ORB
STARLINK-33933,2025-091K,63784,PAY,+,US,2025-05-02,AFETR,,94.27,43.01,485,481,,,EA,ORB
STARLINK-33906,2025-091L,63785,PAY,D,US,2025-05-02,AFETR,2026-05-05,88.30,42.99,194,187,,,EA,IMP
STARLINK-33923,2025-091M,63786,PAY,+,US,2025-05-02,AFETR,,94.27,43.00,483,483,,,EA,ORB
STARLINK-33947,2025-091N,63787,PAY,+,US,2025-05-02,AFETR,,94.27,43.00,484,482,,,EA,ORB
STARLINK-33882,2025-091P,63788,PAY,+,US,2025-05-02,AFETR,,94.27,43.00,484,482,,,EA,ORB
STARLINK-33875,2025-091Q,63789,PAY,+,US,2025-05-02,AFETR,,94.27,43.00,484,482,,,EA,ORB
STARLINK-33869,2025-091R,63790,PAY,+,US,2025-05-02,AFETR,,94.27,43.00,484,482,,,EA,ORB
STARLINK-33935,2025-091S,63791,PAY,+,US,2025-05-02,AFETR,,94.27,43.00,484,482,,,EA,ORB
STARLINK-33916,2025-091T,63792,PAY,+,US,2025-05-02,AFETR,,94.27,43.00,484,482,,,EA,ORB
STARLINK-33925,2025-091U,63793,PAY,+,US,2025-05-02,AFETR,,94.27,43.00,484,482,,,EA,ORB
STARLINK-33870,2025-091V,63794,PAY,+,US,2025-05-02,AFETR,,94.27,43.00,484,482,,,EA,ORB
STARLINK-33867,2025-091W,63795,PAY,+,US,2025-05-02,AFETR,,94.27,43.00,483,483,,,EA,ORB
STARLINK-33918,2025-091X,63796,PAY,+,US,2025-05-02,AFETR,,94.27,43.00,484,482,,,EA,ORB
STARLINK-33712,2025-091Y,63797,PAY,+,US,2025-05-02,AFETR,,94.27,42.99,483,483,,,EA,ORB
STARLINK-33827,2025-091Z,63798,PAY,+,US,2025-05-02,AFETR,,94.27,43.00,483,483,,,EA,ORB
STARLINK-33899,2025-091AA,63799,PAY,+,US,2025-05-02,AFETR,,94.27,43.00,484,482,,,EA,ORB
STARLINK-33900,2025-091AB,63800,PAY,+,US,2025-05-02,AFETR,,94.27,43.00,484,482,,,EA,ORB
STARLINK-33975,2025-091AC,63802,PAY,+,US,2025-05-02,AFETR,,94.26,43.00,484,482,,,EA,ORB
STARLINK-33951,2025-091AD,63803,PAY,+,US,2025-05-02,AFETR,,94.27,43.00,484,482,,,EA,ORB
STARLINK-33909,2025-092A,63804,PAY,+,US,2025-05-04,AFETR,,94.27,43.00,485,481,,,EA,ORB
STARLINK-34029,2025-092B,63805,PAY,+,US,2025-05-04,AFETR,,94.27,43.00,484,482,,,EA,ORB
STARLINK-34102,2025-092C,63806,PAY,+,US,2025-05-04,AFETR,,94.27,43.00,485,481,,,EA,ORB
STARLINK-34109,2025-092D,63807,PAY,+,US,2025-05-04,AFETR,,94.27,43.00,484,482,,,EA,ORB
STARLINK-34091,2025-092E,63808,PAY,+,US,2025-05-04,AFETR,,94.27,43.00,484,482,,,EA,ORB
STARLINK-34095,2025-092F,63809,PAY,+,US,2025-05-04,AFETR,,94.27,43.00,484,482,,,EA,ORB
STARLINK-34127,2025-092G,63810,PAY,+,US,2025-05-04,AFETR,,94.27,43.00,484,482,,,EA,ORB
STARLINK-34110,2025-092H,63811,PAY,D,US,2025-05-04,AFETR,2026-06-02,89.28,42.98,254,224,,,EA,IMP
STARLINK-34101,2025-092J,63812,PAY,+,US,2025-05-04,AFETR,,94.27,43.01,484,482,,,EA,ORB
STARLINK-34065,2025-092K,63813,PAY,+,US,2025-05-04,AFETR,,94.27,43.01,484,482,,,EA,ORB
STARLINK-34057,2025-092L,63814,PAY,+,US,2025-05-04,AFETR,,94.27,43.00,484,482,,,EA,ORB
STARLINK-34060,2025-092M,63815,PAY,+,US,2025-05-04,AFETR,,94.27,43.00,484,482,,,EA,ORB
STARLINK-34048,2025-092N,63816,PAY,+,US,2025-05-04,AFETR,,94.27,43.00,484,482,,,EA,ORB
STARLINK-33959,2025-092P,63817,PAY,+,US,2025-05-04,AFETR,,94.27,43.00,484,482,,,EA,ORB
STARLINK-34058,2025-092Q,63818,PAY,+,US,2025-05-04,AFETR,,94.27,43.01,484,482,,,EA,ORB
STARLINK-34055,2025-092R,63819,PAY,+,US,2025-05-04,AFETR,,93.01,43.00,433,411,,,EA,ORB
STARLINK-33794,2025-092S,63820,PAY,+,US,2025-05-04,AFETR,,94.27,43.00,484,482,,,EA,ORB
STARLINK-34047,2025-092T,63821,PAY,+,US,2025-05-04,AFETR,,94.27,43.00,484,482,,,EA,ORB
STARLINK-34094,2025-092U,63822,PAY,+,US,2025-05-04,AFETR,,94.27,43.00,484,482,,,EA,ORB
STARLINK-34043,2025-092V,63823,PAY,+,US,2025-05-04,AFETR,,94.27,43.00,484,482,,,EA,ORB
STARLINK-34025,2025-092W,63824,PAY,+,US,2025-05-04,AFETR,,94.27,43.00,484,482,,,EA,ORB
STARLINK-33874,2025-092X,63825,PAY,+,US,2025-05-04,AFETR,,94.27,43.00,484,482,,,EA,ORB
STARLINK-33781,2025-092Y,63826,PAY,+,US,2025-05-04,AFETR,,94.27,43.00,484,482,,,EA,ORB
STARLINK-33891,2025-092Z,63827,PAY,+,US,2025-05-04,AFETR,,94.27,43.00,484,482,,,EA,ORB
STARLINK-33903,2025-092AA,63828,PAY,+,US,2025-05-04,AFETR,,94.27,43.00,484,482,,,EA,ORB
STARLINK-33889,2025-092AB,63829,PAY,+,US,2025-05-04,AFETR,,94.27,43.01,484,482,,,EA,ORB
STARLINK-33984,2025-092AC,63830,PAY,+,US,2025-05-04,AFETR,,94.27,43.00,484,482,,,EA,ORB
STARLINK-33940,2025-092AD,63831,PAY,+,US,2025-05-04,AFETR,,94.27,43.00,484,482,,,EA,ORB
STARLINK-33978,2025-092AE,63832,PAY,+,US,2025-05-04,AFETR,,94.27,43.00,484,482,,,EA,ORB
HERMES-4,2025-052BP,63833,PAY,+,IT,2025-03-15,AFWTR,,94.02,97.38,473,469,,,EA,ORB
HERMES-5,2025-052BQ,63834,PAY,+,IT,2025-03-15,AFWTR,,94.13,97.39,478,475,,,EA,ORB
HERMES-3,2025-052BR,63835,PAY,+,IT,2025-03-15,AFWTR,,93.75,97.38,460,455,,,EA,ORB
STARLINK-34018,2025-093A,63836,PAY,+,US,2025-05-07,AFETR,,94.27,43.00,484,482,,,EA,ORB
STARLINK-34053,2025-093B,63837,PAY,+,US,2025-05-07,AFETR,,94.27,43.00,484,482,,,EA,ORB
STARLINK-34042,2025-093C,63838,PAY,+,US,2025-05-07,AFETR,,94.27,43.00,484,482,,,EA,ORB
STARLINK-34040,2025-093D,63839,PAY,+,US,2025-05-07,AFETR,,94.27,43.00,484,482,,,EA,ORB
STARLINK-33990,2025-093E,63840,PAY,+,US,2025-05-07,AFETR,,94.27,43.00,484,482,,,EA,ORB
STARLINK-34056,2025-093F,63841,PAY,+,US,2025-05-07,AFETR,,94.26,43.00,484,482,,,EA,ORB
STARLINK-34026,2025-093G,63842,PAY,+,US,2025-05-07,AFETR,,94.27,43.00,485,481,,,EA,ORB
STARLINK-33777,2025-093H,63843,PAY,+,US,2025-05-07,AFETR,,94.26,43.00,484,482,,,EA,ORB
STARLINK-34041,2025-093J,63844,PAY,+,US,2025-05-07,AFETR,,94.27,42.98,484,482,,,EA,ORB
STARLINK-34011,2025-093K,63845,PAY,+,US,2025-05-07,AFETR,,94.27,43.00,484,482,,,EA,ORB
STARLINK-34044,2025-093L,63846,PAY,+,US,2025-05-07,AFETR,,94.27,43.00,485,481,,,EA,ORB
STARLINK-34037,2025-093M,63847,PAY,+,US,2025-05-07,AFETR,,94.27,43.00,484,482,,,EA,ORB
STARLINK-34010,2025-093N,63848,PAY,+,US,2025-05-07,AFETR,,94.27,43.00,484,482,,,EA,ORB
STARLINK-34009,2025-093P,63849,PAY,+,US,2025-05-07,AFETR,,94.27,43.00,484,482,,,EA,ORB
STARLINK-33958,2025-093Q,63850,PAY,+,US,2025-05-07,AFETR,,94.27,43.00,484,482,,,EA,ORB
STARLINK-33776,2025-093R,63851,PAY,+,US,2025-05-07,AFETR,,94.27,43.00,484,482,,,EA,ORB
STARLINK-33775,2025-093S,63852,PAY,D,US,2025-05-07,AFETR,2025-05-18,88.66,43.01,213,203,,,EA,IMP
STARLINK-34032,2025-093T,63853,PAY,+,US,2025-05-07,AFETR,,94.27,43.00,484,482,,,EA,ORB
STARLINK-34015,2025-093U,63854,PAY,+,US,2025-05-07,AFETR,,94.27,43.00,486,480,,,EA,ORB
STARLINK-33969,2025-093V,63855,PAY,+,US,2025-05-07,AFETR,,94.27,43.00,484,482,,,EA,ORB
STARLINK-34002,2025-093W,63856,PAY,+,US,2025-05-07,AFETR,,94.27,43.00,484,482,,,EA,ORB
STARLINK-33999,2025-093X,63857,PAY,+,US,2025-05-07,AFETR,,94.27,43.00,484,482,,,EA,ORB
STARLINK-33976,2025-093Y,63858,PAY,+,US,2025-05-07,AFETR,,94.27,43.00,484,482,,,EA,ORB
STARLINK-33821,2025-093Z,63859,PAY,+,US,2025-05-07,AFETR,,94.27,43.00,484,482,,,EA,ORB
STARLINK-33888,2025-093AA,63860,PAY,+,US,2025-05-07,AFETR,,94.27,43.00,484,482,,,EA,ORB
STARLINK-33896,2025-093AB,63861,PAY,+,US,2025-05-07,AFETR,,94.27,43.00,484,482,,,EA,ORB
STARLINK-33878,2025-093AC,63862,PAY,+,US,2025-05-07,AFETR,,94.27,43.00,483,483,,,EA,ORB
STARLINK-33954,2025-093AD,63863,PAY,+,US,2025-05-07,AFETR,,94.27,43.00,484,482,,,EA,ORB
STARLINK-33863,2025-094A,63864,PAY,+,US,2025-05-10,AFWTR,,96.11,70.00,575,569,,,EA,ORB
STARLINK-33897,2025-094B,63865,PAY,+,US,2025-05-10,AFWTR,,96.11,70.00,574,570,,,EA,ORB
STARLINK-34022,2025-094C,63866,PAY,+,US,2025-05-10,AFWTR,,96.11,70.00,574,570,,,EA,ORB
STARLINK-33979,2025-094D,63867,PAY,+,US,2025-05-10,AFWTR,,96.11,70.00,574,570,,,EA,ORB
STARLINK-34007,2025-094E,63868,PAY,+,US,2025-05-10,AFWTR,,96.11,70.00,574,570,,,EA,ORB
STARLINK-34006,2025-094F,63869,PAY,+,US,2025-05-10,AFWTR,,96.11,70.00,574,570,,,EA,ORB
STARLINK-33986,2025-094G,63870,PAY,+,US,2025-05-10,AFWTR,,96.11,70.00,574,571,,,EA,ORB
STARLINK-34013,2025-094H,63871,PAY,+,US,2025-05-10,AFWTR,,96.11,70.00,574,570,,,EA,ORB
STARLINK-34059,2025-094J,63872,PAY,+,US,2025-05-10,AFWTR,,96.11,70.00,574,570,,,EA,ORB
STARLINK-33987,2025-094K,63873,PAY,+,US,2025-05-10,AFWTR,,96.11,70.00,574,570,,,EA,ORB
STARLINK-34052,2025-094L,63874,PAY,+,US,2025-05-10,AFWTR,,96.11,70.00,574,570,,,EA,ORB
STARLINK-34023,2025-094M,63875,PAY,+,US,2025-05-10,AFWTR,,96.11,70.00,574,570,,,EA,ORB
STARLINK-34061,2025-094N,63876,PAY,D,US,2025-05-10,AFWTR,2026-05-08,88.00,69.99,184,167,,,EA,IMP
STARLINK-33778,2025-094P,63877,PAY,+,US,2025-05-10,AFWTR,,96.11,70.00,575,569,,,EA,ORB
STARLINK-33901,2025-094Q,63878,PAY,+,US,2025-05-10,AFWTR,,96.11,70.00,574,570,,,EA,ORB
STARLINK-33812,2025-094R,63879,PAY,+,US,2025-05-10,AFWTR,,96.11,70.00,574,570,,,EA,ORB
STARLINK-33779,2025-094S,63880,PAY,+,US,2025-05-10,AFWTR,,96.11,70.00,574,570,,,EA,ORB
STARLINK-33905,2025-094T,63881,PAY,+,US,2025-05-10,AFWTR,,96.11,70.00,574,570,,,EA,ORB
STARLINK-34003,2025-094U,63882,PAY,+,US,2025-05-10,AFWTR,,93.22,70.00,434,430,,,EA,ORB
STARLINK-33968,2025-094V,63883,PAY,+,US,2025-05-10,AFWTR,,96.11,70.00,574,570,,,EA,ORB
STARLINK-33943,2025-094W,63884,PAY,+,US,2025-05-10,AFWTR,,96.11,70.00,575,569,,,EA,ORB
STARLINK-33858,2025-094X,63885,PAY,+,US,2025-05-10,AFWTR,,96.11,70.00,574,570,,,EA,ORB
STARLINK-33885,2025-094Y,63886,PAY,+,US,2025-05-10,AFWTR,,96.11,70.00,574,570,,,EA,ORB
STARLINK-33904,2025-094Z,63887,PAY,+,US,2025-05-10,AFWTR,,96.11,70.00,574,570,,,EA,ORB
STARLINK-33981,2025-094AA,63888,PAY,+,US,2025-05-10,AFWTR,,96.11,70.00,574,570,,,EA,ORB
STARLINK-33738,2025-094AB,63889,PAY,+,US,2025-05-10,AFWTR,,96.11,70.00,574,570,,,EA,ORB
STARLINK-34116,2025-095A,63890,PAY,+,US,2025-05-10,AFETR,,94.27,43.00,484,482,,,EA,ORB
STARLINK-34123,2025-095B,63891,PAY,+,US,2025-05-10,AFETR,,94.27,43.00,484,482,,,EA,ORB
STARLINK-34128,2025-095C,63892,PAY,D,US,2025-05-10,AFETR,2026-03-01,88.79,42.99,220,209,,,EA,IMP
STARLINK-33972,2025-095D,63893,PAY,+,US,2025-05-10,AFETR,,94.26,43.00,484,482,,,EA,ORB
STARLINK-33973,2025-095E,63894,PAY,+,US,2025-05-10,AFETR,,94.27,43.00,484,482,,,EA,ORB
STARLINK-34119,2025-095F,63895,PAY,+,US,2025-05-10,AFETR,,94.27,43.00,484,482,,,EA,ORB
STARLINK-34143,2025-095G,63896,PAY,+,US,2025-05-10,AFETR,,94.27,43.00,484,482,,,EA,ORB
STARLINK-33957,2025-095H,63897,PAY,+,US,2025-05-10,AFETR,,94.27,43.00,484,482,,,EA,ORB
STARLINK-34120,2025-095J,63898,PAY,+,US,2025-05-10,AFETR,,94.27,43.00,484,482,,,EA,ORB
STARLINK-34134,2025-095K,63899,PAY,+,US,2025-05-10,AFETR,,94.27,43.00,484,482,,,EA,ORB
STARLINK-34118,2025-095L,63900,PAY,+,US,2025-05-10,AFETR,,94.27,43.00,484,482,,,EA,ORB
STARLINK-34125,2025-095M,63901,PAY,+,US,2025-05-10,AFETR,,94.27,43.00,484,482,,,EA,ORB
STARLINK-33955,2025-095N,63902,PAY,+,US,2025-05-10,AFETR,,94.27,43.00,484,482,,,EA,ORB
STARLINK-34097,2025-095P,63903,PAY,+,US,2025-05-10,AFETR,,94.27,43.00,485,481,,,EA,ORB
STARLINK-34092,2025-095Q,63904,PAY,+,US,2025-05-10,AFETR,,94.27,43.00,484,482,,,EA,ORB
STARLINK-34114,2025-095R,63905,PAY,+,US,2025-05-10,AFETR,,94.27,43.00,484,482,,,EA,ORB
STARLINK-33770,2025-095S,63906,PAY,+,US,2025-05-10,AFETR,,94.27,43.00,483,483,,,EA,ORB
STARLINK-34106,2025-095T,63907,PAY,+,US,2025-05-10,AFETR,,94.27,43.00,484,482,,,EA,ORB
STARLINK-34083,2025-095U,63908,PAY,+,US,2025-05-10,AFETR,,94.27,43.00,484,482,,,EA,ORB
STARLINK-34066,2025-095V,63909,PAY,+,US,2025-05-10,AFETR,,94.27,43.00,484,482,,,EA,ORB
STARLINK-34071,2025-095W,63910,PAY,+,US,2025-05-10,AFETR,,94.27,43.00,484,482,,,EA,ORB
STARLINK-34038,2025-095X,63911,PAY,+,US,2025-05-10,AFETR,,94.26,43.00,484,482,,,EA,ORB
STARLINK-34031,2025-095Y,63912,PAY,+,US,2025-05-10,AFETR,,94.27,43.00,484,482,,,EA,ORB
STARLINK-34070,2025-095Z,63913,PAY,+,US,2025-05-10,AFETR,,94.27,43.00,484,482,,,EA,ORB
STARLINK-34068,2025-095AA,63914,PAY,+,US,2025-05-10,AFETR,,94.27,43.00,484,482,,,EA,ORB
STARLINK-34076,2025-095AB,63915,PAY,+,US,2025-05-10,AFETR,,94.27,43.00,484,482,,,EA,ORB
STARLINK-33910,2025-095AC,63916,PAY,+,US,2025-05-10,AFETR,,94.26,43.00,484,482,,,EA,ORB
STARLINK-34075,2025-095AD,63917,PAY,+,US,2025-05-10,AFETR,,94.27,43.00,484,482,,,EA,ORB
YAOGAN-40 02A,2025-096A,63918,PAY,+,PRC,2025-05-11,TAISC,,101.95,86.00,852,850,,,EA,ORB
YAOGAN-40 02B,2025-096B,63919,PAY,+,PRC,2025-05-11,TAISC,,101.95,86.00,852,849,,,EA,ORB
YAOGAN-40 02C,2025-096C,63920,PAY,+,PRC,2025-05-11,TAISC,,101.95,86.00,852,850,,,EA,ORB
CZ-6A DEB,2025-096D,63921,DEB,,PRC,2025-05-11,TAISC,,100.94,86.00,812,794,,,EA,ORB
CZ-6A R/B,2025-096E,63922,R/B,,PRC,2025-05-11,TAISC,,98.35,86.02,727,633,,,EA,ORB
CZ-6A DEB,2025-096F,63923,DEB,,PRC,2025-05-11,TAISC,,100.89,86.00,809,793,,,EA,ORB
TJS-19,2025-097A,63924,PAY,+,PRC,2025-05-12,XICLF,,1436.07,3.18,35809,35764,,,EA,ORB
CZ-3C R/B,2025-097B,63925,R/B,D,PRC,2025-05-12,XICLF,2025-09-07,126.18,28.67,3818,93,,,EA,IMP
STARLINK-34012,2025-098A,63926,PAY,+,US,2025-05-13,AFWTR,,96.11,70.00,575,569,,,EA,ORB
STARLINK-33956,2025-098B,63927,PAY,+,US,2025-05-13,AFWTR,,96.11,70.00,574,570,,,EA,ORB
STARLINK-33997,2025-098C,63928,PAY,+,US,2025-05-13,AFWTR,,96.11,70.00,574,570,,,EA,ORB
STARLINK-33989,2025-098D,63929,PAY,+,US,2025-05-13,AFWTR,,96.11,70.00,575,569,,,EA,ORB
STARLINK-33980,2025-098E,63930,PAY,+,US,2025-05-13,AFWTR,,96.11,70.00,575,569,,,EA,ORB
STARLINK-33994,2025-098F,63931,PAY,+,US,2025-05-13,AFWTR,,96.11,70.00,574,570,,,EA,ORB
STARLINK-33971,2025-098G,63932,PAY,+,US,2025-05-13,AFWTR,,96.11,70.00,575,570,,,EA,ORB
STARLINK-33877,2025-098H,63933,PAY,+,US,2025-05-13,AFWTR,,96.11,70.00,574,570,,,EA,ORB
STARLINK-33895,2025-098J,63934,PAY,+,US,2025-05-13,AFWTR,,96.11,70.00,575,569,,,EA,ORB
STARLINK-34005,2025-098K,63935,PAY,+,US,2025-05-13,AFWTR,,96.11,70.00,575,569,,,EA,ORB
STARLINK-34027,2025-098L,63936,PAY,+,US,2025-05-13,AFWTR,,96.11,70.00,575,569,,,EA,ORB
STARLINK-34035,2025-098M,63937,PAY,+,US,2025-05-13,AFWTR,,96.11,70.00,575,569,,,EA,ORB
STARLINK-33988,2025-098N,63938,PAY,+,US,2025-05-13,AFWTR,,96.11,70.00,575,569,,,EA,ORB
STARLINK-34020,2025-098P,63939,PAY,+,US,2025-05-13,AFWTR,,96.11,70.00,575,569,,,EA,ORB
STARLINK-34021,2025-098Q,63940,PAY,+,US,2025-05-13,AFWTR,,96.11,70.00,574,570,,,EA,ORB
STARLINK-34004,2025-098R,63941,PAY,+,US,2025-05-13,AFWTR,,96.11,70.00,575,569,,,EA,ORB
STARLINK-34014,2025-098S,63942,PAY,+,US,2025-05-13,AFWTR,,96.11,70.00,575,570,,,EA,ORB
STARLINK-33985,2025-098T,63943,PAY,+,US,2025-05-13,AFWTR,,96.10,70.00,575,569,,,EA,ORB
STARLINK-33996,2025-098U,63944,PAY,+,US,2025-05-13,AFWTR,,96.11,70.00,575,569,,,EA,ORB
STARLINK-34036,2025-098V,63945,PAY,+,US,2025-05-13,AFWTR,,96.11,70.00,574,570,,,EA,ORB
STARLINK-34039,2025-098W,63946,PAY,+,US,2025-05-13,AFWTR,,96.11,70.00,575,569,,,EA,ORB
STARLINK-34034,2025-098X,63947,PAY,+,US,2025-05-13,AFWTR,,96.15,70.00,574,570,,,EA,ORB
STARLINK-33983,2025-098Y,63948,PAY,+,US,2025-05-13,AFWTR,,96.11,70.00,574,570,,,EA,ORB
STARLINK-33993,2025-098Z,63949,PAY,+,US,2025-05-13,AFWTR,,96.11,70.00,574,570,,,EA,ORB
STARLINK-33962,2025-098AA,63950,PAY,+,US,2025-05-13,AFWTR,,96.11,70.00,575,569,,,EA,ORB
STARLINK-33998,2025-098AB,63951,PAY,+,US,2025-05-13,AFWTR,,96.11,70.00,575,570,,,EA,ORB
STARLINK-34159,2025-099A,63952,PAY,+,US,2025-05-13,AFETR,,94.27,43.00,484,482,,,EA,ORB
STARLINK-34137,2025-099B,63953,PAY,+,US,2025-05-13,AFETR,,94.27,43.00,484,482,,,EA,ORB
STARLINK-33974,2025-099C,63954,PAY,+,US,2025-05-13,AFETR,,94.27,43.00,484,482,,,EA,ORB
STARLINK-34170,2025-099D,63955,PAY,+,US,2025-05-13,AFETR,,94.27,43.00,483,483,,,EA,ORB
STARLINK-34187,2025-099E,63956,PAY,+,US,2025-05-13,AFETR,,94.27,43.00,484,482,,,EA,ORB
STARLINK-34142,2025-099F,63957,PAY,+,US,2025-05-13,AFETR,,94.27,43.00,484,482,,,EA,ORB
STARLINK-34144,2025-099G,63958,PAY,+,US,2025-05-13,AFETR,,94.27,43.00,484,482,,,EA,ORB
STARLINK-34099,2025-099H,63959,PAY,+,US,2025-05-13,AFETR,,94.27,43.00,484,482,,,EA,ORB
STARLINK-34107,2025-099J,63960,PAY,+,US,2025-05-13,AFETR,,94.27,43.00,484,482,,,EA,ORB
STARLINK-34121,2025-099K,63961,PAY,+,US,2025-05-13,AFETR,,94.27,43.00,484,482,,,EA,ORB
STARLINK-34103,2025-099L,63962,PAY,+,US,2025-05-13,AFETR,,94.27,43.00,484,482,,,EA,ORB
STARLINK-33801,2025-099M,63963,PAY,+,US,2025-05-13,AFETR,,94.27,43.00,484,482,,,EA,ORB
STARLINK-34135,2025-099N,63964,PAY,+,US,2025-05-13,AFETR,,94.26,43.00,484,482,,,EA,ORB
STARLINK-34147,2025-099P,63965,PAY,+,US,2025-05-13,AFETR,,94.27,43.00,484,483,,,EA,ORB
STARLINK-33960,2025-099Q,63966,PAY,+,US,2025-05-13,AFETR,,94.27,43.00,484,482,,,EA,ORB
STARLINK-34153,2025-099R,63967,PAY,+,US,2025-05-13,AFETR,,94.27,43.00,484,482,,,EA,ORB
STARLINK-33963,2025-099S,63968,PAY,+,US,2025-05-13,AFETR,,94.27,43.00,484,482,,,EA,ORB
STARLINK-34112,2025-099T,63969,PAY,+,US,2025-05-13,AFETR,,94.27,43.00,484,482,,,EA,ORB
STARLINK-34084,2025-099U,63970,PAY,+,US,2025-05-13,AFETR,,94.27,43.00,484,482,,,EA,ORB
STARLINK-34138,2025-099V,63971,PAY,+,US,2025-05-13,AFETR,,94.27,43.00,484,482,,,EA,ORB
STARLINK-34115,2025-099W,63972,PAY,+,US,2025-05-13,AFETR,,94.27,43.01,484,482,,,EA,ORB
STARLINK-34028,2025-099X,63973,PAY,+,US,2025-05-13,AFETR,,94.27,43.00,484,482,,,EA,ORB
STARLINK-33942,2025-099Y,63974,PAY,+,US,2025-05-13,AFETR,,94.27,43.00,485,481,,,EA,ORB
STARLINK-34139,2025-099Z,63975,PAY,+,US,2025-05-13,AFETR,,94.27,43.00,484,482,,,EA,ORB
STARLINK-34090,2025-099AA,63976,PAY,+,US,2025-05-13,AFETR,,94.27,43.00,484,482,,,EA,ORB
STARLINK-34105,2025-099AB,63977,PAY,+,US,2025-05-13,AFETR,,94.27,43.00,484,482,,,EA,ORB
STARLINK-33642,2025-099AC,63978,PAY,+,US,2025-05-13,AFETR,,94.27,43.00,484,482,,,EA,ORB
STARLINK-34045,2025-099AD,63979,PAY,+,US,2025-05-13,AFETR,,94.27,43.00,484,482,,,EA,ORB
UNICORN-2O,2025-052BS,63980,PAY,D,GER,2025-03-15,AFWTR,2026-02-15,89.00,97.37,231,219,,,EA,IMP
UNICORN-2P,2025-052BT,63981,PAY,D,GER,2025-03-15,AFWTR,2026-03-03,88.82,97.37,221,211,,,EA,IMP
SCS-01 A,2025-100A,63982,PAY,+,PRC,2025-05-14,JSC,,94.66,97.36,522,482,,,EA,ORB
SCS-01 B,2025-100B,63983,PAY,+,PRC,2025-05-14,JSC,,93.37,97.36,446,433,,,EA,ORB
SCS-01 C,2025-100C,63984,PAY,+,PRC,2025-05-14,JSC,,94.66,97.36,524,481,,,EA,ORB
SCS-01 D,2025-100D,63985,PAY,+,PRC,2025-05-14,JSC,,94.06,97.36,480,466,,,EA,ORB
SCS-01 E,2025-100E,63986,PAY,+,PRC,2025-05-14,JSC,,94.67,97.36,511,494,,,EA,ORB
SCS-01 F,2025-100F,63987,PAY,+,PRC,2025-05-14,JSC,,94.67,97.36,509,496,,,EA,ORB
SCS-01 G,2025-100G,63988,PAY,+,PRC,2025-05-14,JSC,,94.29,97.37,494,474,,,EA,ORB
SCS-01 H,2025-100H,63989,PAY,+,PRC,2025-05-14,JSC,,93.56,97.36,454,443,,,EA,ORB
SCS-01 J,2025-100J,63990,PAY,+,PRC,2025-05-14,JSC,,94.38,97.36,495,482,,,EA,ORB
SCS-01 K,2025-100K,63991,PAY,+,PRC,2025-05-14,JSC,,94.66,97.36,510,494,,,EA,ORB
SCS-01 L,2025-100L,63992,PAY,+,PRC,2025-05-14,JSC,,94.67,97.36,510,495,,,EA,ORB
SCS-01 M,2025-100M,63993,PAY,+,PRC,2025-05-14,JSC,,93.98,97.36,476,463,,,EA,ORB
STARLINK-33871,2025-101A,63994,PAY,+,US,2025-05-14,AFETR,,94.27,43.00,483,483,,,EA,ORB
STARLINK-34154,2025-101B,63995,PAY,+,US,2025-05-14,AFETR,,94.27,43.00,484,482,,,EA,ORB
STARLINK-34158,2025-101C,63996,PAY,+,US,2025-05-14,AFETR,,94.27,43.00,484,482,,,EA,ORB
STARLINK-34165,2025-101D,63997,PAY,+,US,2025-05-14,AFETR,,94.27,43.00,484,482,,,EA,ORB
STARLINK-34150,2025-101E,63998,PAY,+,US,2025-05-14,AFETR,,94.27,43.00,483,483,,,EA,ORB
STARLINK-34169,2025-101F,63999,PAY,+,US,2025-05-14,AFETR,,94.27,43.00,484,482,,,EA,ORB
STARLINK-34152,2025-101G,64000,PAY,+,US,2025-05-14,AFETR,,94.27,43.00,484,482,,,EA,ORB
STARLINK-33927,2025-101H,64001,PAY,+,US,2025-05-14,AFETR,,94.27,43.01,484,482,,,EA,ORB
STARLINK-33898,2025-101J,64002,PAY,+,US,2025-05-14,AFETR,,94.26,43.00,484,482,,,EA,ORB
STARLINK-33928,2025-101K,64003,PAY,+,US,2025-05-14,AFETR,,94.26,43.00,484,482,,,EA,ORB
STARLINK-33758,2025-101L,64004,PAY,+,US,2025-05-14,AFETR,,94.27,43.00,484,482,,,EA,ORB
STARLINK-33936,2025-101M,64005,PAY,+,US,2025-05-14,AFETR,,94.27,43.00,484,482,,,EA,ORB
STARLINK-33931,2025-101N,64006,PAY,+,US,2025-05-14,AFETR,,94.27,43.00,484,482,,,EA,ORB
STARLINK-33759,2025-101P,64007,PAY,+,US,2025-05-14,AFETR,,94.27,43.00,484,482,,,EA,ORB
STARLINK-34163,2025-101Q,64008,PAY,+,US,2025-05-14,AFETR,,94.27,43.00,484,482,,,EA,ORB
STARLINK-34077,2025-101R,64009,PAY,+,US,2025-05-14,AFETR,,94.27,43.00,484,482,,,EA,ORB
STARLINK-34113,2025-101S,64010,PAY,+,US,2025-05-14,AFETR,,94.27,43.00,483,483,,,EA,ORB
STARLINK-34193,2025-101T,64011,PAY,+,US,2025-05-14,AFETR,,94.27,43.00,484,483,,,EA,ORB
STARLINK-34078,2025-101U,64012,PAY,+,US,2025-05-14,AFETR,,94.26,43.00,484,482,,,EA,ORB
STARLINK-34182,2025-101V,64013,PAY,+,US,2025-05-14,AFETR,,94.27,43.00,484,482,,,EA,ORB
STARLINK-34192,2025-101W,64014,PAY,+,US,2025-05-14,AFETR,,94.27,43.00,484,482,,,EA,ORB
STARLINK-34093,2025-101X,64015,PAY,+,US,2025-05-14,AFETR,,94.27,43.00,484,482,,,EA,ORB
STARLINK-34016,2025-101Y,64016,PAY,+,US,2025-05-14,AFETR,,94.27,43.00,485,481,,,EA,ORB
STARLINK-34161,2025-101Z,64017,PAY,+,US,2025-05-14,AFETR,,94.27,43.00,484,482,,,EA,ORB
STARLINK-34162,2025-101AA,64018,PAY,+,US,2025-05-14,AFETR,,94.27,43.00,484,482,,,EA,ORB
STARLINK-34155,2025-101AB,64019,PAY,+,US,2025-05-14,AFETR,,94.27,43.00,484,482,,,EA,ORB
STARLINK-34141,2025-101AC,64020,PAY,+,US,2025-05-14,AFETR,,94.27,43.00,484,482,,,EA,ORB
STARLINK-34062,2025-101AD,64021,PAY,+,US,2025-05-14,AFETR,,94.26,43.00,485,481,,,EA,ORB
STARLINK-34051,2025-102A,64022,PAY,+,US,2025-05-16,AFWTR,,96.11,70.00,574,570,,,EA,ORB
STARLINK-34087,2025-102B,64023,PAY,+,US,2025-05-16,AFWTR,,96.11,70.00,574,571,,,EA,ORB
STARLINK-34184,2025-102C,64024,PAY,+,US,2025-05-16,AFWTR,,96.11,70.01,574,570,,,EA,ORB
STARLINK-34088,2025-102D,64025,PAY,+,US,2025-05-16,AFWTR,,96.11,70.00,574,570,,,EA,ORB
STARLINK-33992,2025-102E,64026,PAY,+,US,2025-05-16,AFWTR,,96.11,70.00,574,571,,,EA,ORB
STARLINK-33967,2025-102F,64027,PAY,+,US,2025-05-16,AFWTR,,96.11,70.00,574,570,,,EA,ORB
STARLINK-33953,2025-102G,64028,PAY,+,US,2025-05-16,AFWTR,,96.11,70.00,574,570,,,EA,ORB
STARLINK-33790,2025-102H,64029,PAY,+,US,2025-05-16,AFWTR,,96.11,70.00,574,570,,,EA,ORB
STARLINK-34030,2025-102J,64030,PAY,+,US,2025-05-16,AFWTR,,96.10,70.00,574,570,,,EA,ORB
STARLINK-34024,2025-102K,64031,PAY,+,US,2025-05-16,AFWTR,,96.11,70.00,574,570,,,EA,ORB
STARLINK-34019,2025-102L,64032,PAY,+,US,2025-05-16,AFWTR,,96.11,70.00,574,570,,,EA,ORB
STARLINK-33860,2025-102M,64033,PAY,+,US,2025-05-16,AFWTR,,96.11,70.00,574,570,,,EA,ORB
STARLINK-33946,2025-102N,64034,PAY,+,US,2025-05-16,AFWTR,,96.11,70.00,574,570,,,EA,ORB
STARLINK-34046,2025-102P,64035,PAY,+,US,2025-05-16,AFWTR,,96.11,70.00,574,571,,,EA,ORB
STARLINK-34085,2025-102Q,64036,PAY,+,US,2025-05-16,AFWTR,,96.11,70.00,574,570,,,EA,ORB
STARLINK-34008,2025-102R,64037,PAY,+,US,2025-05-16,AFWTR,,96.11,70.00,574,570,,,EA,ORB
STARLINK-34079,2025-102S,64038,PAY,+,US,2025-05-16,AFWTR,,96.11,70.00,574,570,,,EA,ORB
STARLINK-34089,2025-102T,64039,PAY,+,US,2025-05-16,AFWTR,,96.11,70.00,574,570,,,EA,ORB
STARLINK-34117,2025-102U,64040,PAY,+,US,2025-05-16,AFWTR,,96.11,70.00,574,570,,,EA,ORB
STARLINK-34111,2025-102V,64041,PAY,+,US,2025-05-16,AFWTR,,96.11,70.00,574,570,,,EA,ORB
STARLINK-34049,2025-102W,64042,PAY,+,US,2025-05-16,AFWTR,,96.11,70.00,574,570,,,EA,ORB
STARLINK-34096,2025-102X,64043,PAY,+,US,2025-05-16,AFWTR,,96.11,70.00,573,571,,,EA,ORB
STARLINK-34081,2025-102Y,64044,PAY,+,US,2025-05-16,AFWTR,,96.11,70.00,574,570,,,EA,ORB
STARLINK-34033,2025-102Z,64045,PAY,+,US,2025-05-16,AFWTR,,96.11,70.00,574,570,,,EA,ORB
STARLINK-33952,2025-102AA,64046,PAY,+,US,2025-05-16,AFWTR,,96.11,70.00,574,570,,,EA,ORB
STARLINK-33961,2025-102AB,64047,PAY,+,US,2025-05-16,AFWTR,,96.11,70.00,574,570,,,EA,ORB
TIANYI A,2025-103A,64048,PAY,+,PRC,2025-05-17,JSC,,94.79,97.41,509,507,,,EA,ORB
TIANYI B,2025-103B,64049,PAY,+,PRC,2025-05-17,JSC,,94.73,97.37,506,504,,,EA,ORB
TIANYI C,2025-103C,64050,PAY,+,PRC,2025-05-17,JSC,,94.73,97.37,506,505,,,EA,ORB
TIANYI D,2025-103D,64051,PAY,+,PRC,2025-05-17,JSC,,94.77,97.38,511,504,,,EA,ORB
TIANYI E,2025-103E,64052,PAY,+,PRC,2025-05-17,JSC,,94.42,97.37,492,490,,,EA,ORB
TIANYI F,2025-103F,64053,PAY,+,PRC,2025-05-17,JSC,,94.77,97.38,509,507,,,EA,ORB
ZHUQUE-2E R/B,2025-103G,64054,R/B,D,PRC,2025-05-17,JSC,2025-06-05,87.54,96.07,181,125,,,EA,IMP
QPS-SAR-10 (WADATSUMI-I),2025-104A,64055,PAY,+,JPN,2025-05-17,RLLB,,95.86,42.00,569,551,,,EA,ORB
ELECTRON R/B,2025-104B,64056,R/B,D,US,2025-05-17,RLLB,2025-06-26,88.17,41.93,206,162,,,EA,IMP
ELECTRON KICK STAGE R/B,2025-104C,64057,R/B,D,US,2025-05-17,RLLB,2025-09-20,89.20,41.98,261,209,,,EA,IMP
TIANQI-16,2025-105A,64058,PAY,+,PRC,2025-05-19,YSLA,,102.92,44.98,905,889,,,EA,ORB
TIANQI-17,2025-105B,64059,PAY,+,PRC,2025-05-19,YSLA,,102.92,44.98,904,889,,,EA,ORB
TIANQI-18,2025-105C,64060,PAY,+,PRC,2025-05-19,YSLA,,102.92,44.98,904,889,,,EA,ORB
TIANQI-20,2025-105D,64061,PAY,+,PRC,2025-05-19,YSLA,,102.92,44.99,904,889,,,EA,ORB
CHINASAT 3B,2025-106A,64062,PAY,+,PRC,2025-05-20,WSC,,1436.06,0.02,35794,35777,,,EA,ORB
CZ-7A R/B,2025-106B,64063,R/B,,PRC,2025-05-20,WSC,,408.05,15.37,23545,146,,,EA,ORB
STARLINK-11741 [DTC],2025-107A,64064,PAY,+,US,2025-05-21,AFETR,,91.67,43.00,357,356,,,EA,ORB
STARLINK-11709 [DTC],2025-107B,64065,PAY,+,US,2025-05-21,AFETR,,91.66,43.00,357,355,,,EA,ORB
STARLINK-11737 [DTC],2025-107C,64066,PAY,+,US,2025-05-21,AFETR,,91.67,43.00,357,356,,,EA,ORB
STARLINK-11726 [DTC],2025-107D,64067,PAY,+,US,2025-05-21,AFETR,,91.67,43.00,357,356,,,EA,ORB
STARLINK-11700 [DTC],2025-107E,64068,PAY,+,US,2025-05-21,AFETR,,91.67,43.00,357,355,,,EA,ORB
STARLINK-11649 [DTC],2025-107F,64069,PAY,+,US,2025-05-21,AFETR,,91.67,43.00,357,356,,,EA,ORB
STARLINK-11713 [DTC],2025-107G,64070,PAY,+,US,2025-05-21,AFETR,,91.67,43.00,358,355,,,EA,ORB
STARLINK-11719 [DTC],2025-107H,64071,PAY,+,US,2025-05-21,AFETR,,91.67,43.00,358,355,,,EA,ORB
STARLINK-11733 [DTC],2025-107J,64072,PAY,+,US,2025-05-21,AFETR,,91.67,43.00,358,355,,,EA,ORB
STARLINK-11729 [DTC],2025-107K,64073,PAY,+,US,2025-05-21,AFETR,,91.67,43.00,357,356,,,EA,ORB
STARLINK-11730 [DTC],2025-107L,64074,PAY,+,US,2025-05-21,AFETR,,91.67,43.00,359,354,,,EA,ORB
STARLINK-11723 [DTC],2025-107M,64075,PAY,+,US,2025-05-21,AFETR,,91.66,43.00,357,355,,,EA,ORB
STARLINK-11715 [DTC],2025-107N,64076,PAY,+,US,2025-05-21,AFETR,,91.67,43.00,357,356,,,EA,ORB
STARLINK-34201,2025-107P,64077,PAY,+,US,2025-05-21,AFETR,,94.27,43.00,484,482,,,EA,ORB
STARLINK-34190,2025-107Q,64078,PAY,+,US,2025-05-21,AFETR,,94.27,43.00,484,482,,,EA,ORB
STARLINK-34168,2025-107R,64079,PAY,+,US,2025-05-21,AFETR,,94.27,43.00,485,481,,,EA,ORB
STARLINK-34098,2025-107S,64080,PAY,+,US,2025-05-21,AFETR,,94.27,43.00,484,482,,,EA,ORB
STARLINK-34180,2025-107T,64081,PAY,+,US,2025-05-21,AFETR,,94.27,43.00,484,482,,,EA,ORB
STARLINK-34171,2025-107U,64082,PAY,+,US,2025-05-21,AFETR,,94.27,43.00,484,482,,,EA,ORB
STARLINK-34126,2025-107V,64083,PAY,+,US,2025-05-21,AFETR,,94.27,43.00,485,481,,,EA,ORB
STARLINK-34157,2025-107W,64084,PAY,+,US,2025-05-21,AFETR,,94.27,43.00,484,482,,,EA,ORB
STARLINK-34140,2025-107X,64085,PAY,+,US,2025-05-21,AFETR,,94.27,43.00,483,483,,,EA,ORB
STARLINK-34132,2025-107Y,64086,PAY,+,US,2025-05-21,AFETR,,94.27,43.00,484,482,,,EA,ORB
OBJECT A,2025-108A,64087,PAY,+,PRC,2025-05-21,JSC,,94.94,97.47,519,513,,,EA,ORB
OBJECT B,2025-108B,64088,PAY,+,PRC,2025-05-21,JSC,,94.78,97.47,514,502,,,EA,ORB
OBJECT C,2025-108C,64089,PAY,+,PRC,2025-05-21,JSC,,95.19,97.46,532,524,,,EA,ORB
OBJECT D,2025-108D,64090,PAY,+,PRC,2025-05-21,JSC,,94.78,97.46,517,499,,,EA,ORB
OBJECT E,2025-108E,64091,PAY,+,PRC,2025-05-21,JSC,,94.37,97.46,497,479,,,EA,ORB
OBJECT F,2025-108F,64092,PAY,+,PRC,2025-05-21,JSC,,94.13,97.47,485,468,,,EA,ORB
LIJIAN-1 R/B,2025-108G,64093,R/B,,PRC,2025-05-21,JSC,,92.27,97.43,427,344,,,EA,ORB
TJS-19 AKM,2025-097C,64094,R/B,,PRC,2025-05-12,XICLF,,1457.13,3.17,36258,36136,,,EA,ORB
COSMOS 2588,2025-109A,64095,PAY,+,CIS,2025-05-23,PLMSC,,94.16,72.97,485,471,,,EA,ORB
STARLINK-34178,2025-110A,64096,PAY,+,US,2025-05-23,AFWTR,,94.01,53.16,471,470,,,EA,ORB
STARLINK-34174,2025-110B,64097,PAY,+,US,2025-05-23,AFWTR,,93.85,53.16,463,462,,,EA,ORB
STARLINK-34146,2025-110C,64098,PAY,+,US,2025-05-23,AFWTR,,93.85,53.16,463,462,,,EA,ORB
STARLINK-34074,2025-110D,64099,PAY,+,US,2025-05-23,AFWTR,,94.11,53.16,476,475,,,EA,ORB
STARLINK-34082,2025-110E,64100,PAY,+,US,2025-05-23,AFWTR,,94.10,53.16,476,474,,,EA,ORB
STARLINK-34072,2025-110F,64101,PAY,+,US,2025-05-23,AFWTR,,94.01,53.16,471,470,,,EA,ORB
STARLINK-34104,2025-110G,64102,PAY,+,US,2025-05-23,AFWTR,,93.85,53.16,464,462,,,EA,ORB
STARLINK-34179,2025-110H,64103,PAY,+,US,2025-05-23,AFWTR,,94.01,53.16,471,470,,,EA,ORB
STARLINK-34176,2025-110J,64104,PAY,+,US,2025-05-23,AFWTR,,94.11,53.16,476,475,,,EA,ORB
STARLINK-33949,2025-110K,64105,PAY,+,US,2025-05-23,AFWTR,,94.01,53.16,471,470,,,EA,ORB
STARLINK-33970,2025-110L,64106,PAY,+,US,2025-05-23,AFWTR,,93.85,53.16,463,462,,,EA,ORB
STARLINK-33912,2025-110M,64107,PAY,+,US,2025-05-23,AFWTR,,94.01,53.16,472,470,,,EA,ORB
STARLINK-34156,2025-110N,64108,PAY,+,US,2025-05-23,AFWTR,,94.01,53.16,471,470,,,EA,ORB
STARLINK-34124,2025-110P,64109,PAY,+,US,2025-05-23,AFWTR,,94.01,53.16,471,470,,,EA,ORB
STARLINK-34145,2025-110Q,64110,PAY,+,US,2025-05-23,AFWTR,,93.85,53.16,463,462,,,EA,ORB
STARLINK-34148,2025-110R,64111,PAY,+,US,2025-05-23,AFWTR,,94.01,53.16,471,470,,,EA,ORB
STARLINK-34136,2025-110S,64112,PAY,+,US,2025-05-23,AFWTR,,94.01,53.16,471,470,,,EA,ORB
STARLINK-33839,2025-110T,64113,PAY,+,US,2025-05-23,AFWTR,,94.01,53.16,471,470,,,EA,ORB
STARLINK-34064,2025-110U,64114,PAY,+,US,2025-05-23,AFWTR,,94.01,53.16,472,470,,,EA,ORB
STARLINK-34067,2025-110V,64115,PAY,+,US,2025-05-23,AFWTR,,93.50,53.16,449,443,,,EA,ORB
STARLINK-34080,2025-110W,64116,PAY,+,US,2025-05-23,AFWTR,,94.01,53.16,471,470,,,EA,ORB
STARLINK-34122,2025-110X,64117,PAY,+,US,2025-05-23,AFWTR,,94.01,53.16,471,470,,,EA,ORB
STARLINK-33964,2025-110Y,64118,PAY,+,US,2025-05-23,AFWTR,,94.01,53.16,471,470,,,EA,ORB
STARLINK-34160,2025-110Z,64119,PAY,+,US,2025-05-23,AFWTR,,93.85,53.16,463,462,,,EA,ORB
STARLINK-34151,2025-110AA,64120,PAY,+,US,2025-05-23,AFWTR,,94.01,53.16,472,469,,,EA,ORB
STARLINK-34189,2025-110AB,64121,PAY,+,US,2025-05-23,AFWTR,,94.01,53.16,472,470,,,EA,ORB
STARLINK-33991,2025-110AC,64122,PAY,+,US,2025-05-23,AFWTR,,94.01,53.17,471,470,,,EA,ORB
STARLINK-11727 [DTC],2025-111A,64123,PAY,+,US,2025-05-24,AFETR,,91.66,43.00,358,354,,,EA,ORB
STARLINK-11724 [DTC],2025-111B,64124,PAY,+,US,2025-05-24,AFETR,,91.67,43.00,359,355,,,EA,ORB
STARLINK-11725 [DTC],2025-111C,64125,PAY,+,US,2025-05-24,AFETR,,91.67,43.00,357,355,,,EA,ORB
STARLINK-11717 [DTC],2025-111D,64126,PAY,+,US,2025-05-24,AFETR,,91.67,43.00,357,355,,,EA,ORB
STARLINK-11721 [DTC],2025-111E,64127,PAY,+,US,2025-05-24,AFETR,,91.66,43.00,358,354,,,EA,ORB
STARLINK-11722 [DTC],2025-111F,64128,PAY,+,US,2025-05-24,AFETR,,91.67,43.00,359,355,,,EA,ORB
STARLINK-11679 [DTC],2025-111G,64129,PAY,+,US,2025-05-24,AFETR,,91.67,43.00,358,355,,,EA,ORB
STARLINK-11735 [DTC],2025-111H,64130,PAY,+,US,2025-05-24,AFETR,,91.67,43.00,359,354,,,EA,ORB
STARLINK-11720 [DTC],2025-111J,64131,PAY,+,US,2025-05-24,AFETR,,91.66,43.00,358,354,,,EA,ORB
STARLINK-11718 [DTC],2025-111K,64132,PAY,+,US,2025-05-24,AFETR,,91.67,43.00,358,355,,,EA,ORB
STARLINK-11716 [DTC],2025-111L,64133,PAY,+,US,2025-05-24,AFETR,,91.67,43.00,358,355,,,EA,ORB
STARLINK-11714 [DTC],2025-111M,64134,PAY,+,US,2025-05-24,AFETR,,91.66,43.00,357,355,,,EA,ORB
STARLINK-11712 [DTC],2025-111N,64135,PAY,+,US,2025-05-24,AFETR,,91.67,43.00,358,355,,,EA,ORB
STARLINK-34254,2025-111P,64136,PAY,+,US,2025-05-24,AFETR,,94.27,43.00,484,482,,,EA,ORB
STARLINK-34230,2025-111Q,64137,PAY,D,US,2025-05-24,AFETR,2026-07-17,88.99,42.97,239,210,,,EA,IMP
STARLINK-34129,2025-111R,64138,PAY,+,US,2025-05-24,AFETR,,94.27,43.00,484,482,,,EA,ORB
STARLINK-34212,2025-111S,64139,PAY,+,US,2025-05-24,AFETR,,94.27,43.01,486,480,,,EA,ORB
STARLINK-34149,2025-111T,64140,PAY,+,US,2025-05-24,AFETR,,94.26,43.00,484,482,,,EA,ORB
STARLINK-34054,2025-111U,64141,PAY,+,US,2025-05-24,AFETR,,94.27,43.00,484,482,,,EA,ORB
STARLINK-34195,2025-111V,64142,PAY,+,US,2025-05-24,AFETR,,94.27,43.00,484,482,,,EA,ORB
STARLINK-34133,2025-111W,64143,PAY,+,US,2025-05-24,AFETR,,94.27,43.00,485,481,,,EA,ORB
STARLINK-34181,2025-111X,64144,PAY,+,US,2025-05-24,AFETR,,94.27,43.00,484,482,,,EA,ORB
STARLINK-34186,2025-111Y,64145,PAY,+,US,2025-05-24,AFETR,,94.27,43.00,483,483,,,EA,ORB
STARLINK-34314,2025-112A,64146,PAY,+,US,2025-05-27,AFWTR,,93.91,97.28,466,465,,,EA,ORB
STARLINK-33926,2025-112B,64147,PAY,+,US,2025-05-27,AFWTR,,93.91,97.28,466,465,,,EA,ORB
STARLINK-34213,2025-112C,64148,PAY,+,US,2025-05-27,AFWTR,,93.91,97.28,467,465,,,EA,ORB
STARLINK-33924,2025-112D,64149,PAY,+,US,2025-05-27,AFWTR,,93.91,97.28,466,465,,,EA,ORB
STARLINK-34209,2025-112E,64150,PAY,+,US,2025-05-27,AFWTR,,93.91,97.28,466,465,,,EA,ORB
STARLINK-34338,2025-112F,64151,PAY,+,US,2025-05-27,AFWTR,,93.90,97.28,467,464,,,EA,ORB
STARLINK-34348,2025-112G,64152,PAY,+,US,2025-05-27,AFWTR,,93.91,97.29,466,465,,,EA,ORB
STARLINK-34345,2025-112H,64153,PAY,+,US,2025-05-27,AFWTR,,93.91,97.28,466,465,,,EA,ORB
STARLINK-33945,2025-112J,64154,PAY,+,US,2025-05-27,AFWTR,,95.33,97.28,536,533,,,EA,ORB
STARLINK-34346,2025-112K,64155,PAY,+,US,2025-05-27,AFWTR,,93.91,97.28,467,464,,,EA,ORB
STARLINK-34277,2025-112L,64156,PAY,+,US,2025-05-27,AFWTR,,93.91,97.28,467,464,,,EA,ORB
STARLINK-34343,2025-112M,64157,PAY,P,US,2025-05-27,AFWTR,,95.56,97.61,557,534,,,EA,ORB
STARLINK-34166,2025-112N,64158,PAY,+,US,2025-05-27,AFWTR,,93.91,97.28,466,465,,,EA,ORB
STARLINK-34344,2025-112P,64159,PAY,+,US,2025-05-27,AFWTR,,93.91,97.28,466,465,,,EA,ORB
STARLINK-34339,2025-112Q,64160,PAY,+,US,2025-05-27,AFWTR,,93.91,97.28,467,464,,,EA,ORB
STARLINK-34341,2025-112R,64161,PAY,+,US,2025-05-27,AFWTR,,93.91,97.29,466,465,,,EA,ORB
STARLINK-34317,2025-112S,64162,PAY,+,US,2025-05-27,AFWTR,,93.91,97.28,466,465,,,EA,ORB
STARLINK-34340,2025-112T,64163,PAY,+,US,2025-05-27,AFWTR,,93.91,97.28,466,465,,,EA,ORB
STARLINK-34263,2025-112U,64164,PAY,+,US,2025-05-27,AFWTR,,93.91,97.28,466,465,,,EA,ORB
STARLINK-33793,2025-112V,64165,PAY,+,US,2025-05-27,AFWTR,,93.91,97.28,466,465,,,EA,ORB
STARLINK-34313,2025-112W,64166,PAY,+,US,2025-05-27,AFWTR,,93.91,97.28,467,464,,,EA,ORB
STARLINK-34309,2025-112X,64167,PAY,+,US,2025-05-27,AFWTR,,93.91,97.28,467,464,,,EA,ORB
STARLINK-34303,2025-112Y,64168,PAY,+,US,2025-05-27,AFWTR,,93.91,97.28,466,465,,,EA,ORB
STARLINK-34175,2025-112Z,64169,PAY,+,US,2025-05-27,AFWTR,,93.91,97.28,466,465,,,EA,ORB
STARLINK-34177,2025-113A,64170,PAY,+,US,2025-05-28,AFETR,,94.01,53.16,471,470,,,EA,ORB
STARLINK-34228,2025-113B,64171,PAY,+,US,2025-05-28,AFETR,,94.01,53.16,471,470,,,EA,ORB
STARLINK-34233,2025-113C,64172,PAY,+,US,2025-05-28,AFETR,,94.01,53.16,471,470,,,EA,ORB
STARLINK-34172,2025-113D,64173,PAY,+,US,2025-05-28,AFETR,,94.01,53.16,471,470,,,EA,ORB
STARLINK-34202,2025-113E,64174,PAY,+,US,2025-05-28,AFETR,,94.11,53.16,477,474,,,EA,ORB
STARLINK-34231,2025-113F,64175,PAY,+,US,2025-05-28,AFETR,,94.01,53.16,471,470,,,EA,ORB
STARLINK-34191,2025-113G,64176,PAY,+,US,2025-05-28,AFETR,,93.85,53.16,464,462,,,EA,ORB
STARLINK-34164,2025-113H,64177,PAY,+,US,2025-05-28,AFETR,,93.90,53.16,466,464,,,EA,ORB
STARLINK-34227,2025-113J,64178,PAY,+,US,2025-05-28,AFETR,,94.10,53.16,476,474,,,EA,ORB
STARLINK-34194,2025-113K,64179,PAY,+,US,2025-05-28,AFETR,,93.85,53.16,464,462,,,EA,ORB
STARLINK-34000,2025-113L,64180,PAY,+,US,2025-05-28,AFETR,,94.01,53.16,472,470,,,EA,ORB
STARLINK-33917,2025-113M,64181,PAY,+,US,2025-05-28,AFETR,,93.87,53.16,465,462,,,EA,ORB
STARLINK-34131,2025-113N,64182,PAY,+,US,2025-05-28,AFETR,,94.10,53.16,476,474,,,EA,ORB
STARLINK-34188,2025-113P,64183,PAY,+,US,2025-05-28,AFETR,,94.01,53.16,471,470,,,EA,ORB
STARLINK-34197,2025-113Q,64184,PAY,+,US,2025-05-28,AFETR,,94.10,53.15,476,474,,,EA,ORB
STARLINK-34063,2025-113R,64185,PAY,+,US,2025-05-28,AFETR,,94.01,53.16,472,470,,,EA,ORB
STARLINK-34200,2025-113S,64186,PAY,+,US,2025-05-28,AFETR,,94.01,53.16,472,470,,,EA,ORB
STARLINK-33934,2025-113T,64187,PAY,+,US,2025-05-28,AFETR,,94.10,53.16,476,474,,,EA,ORB
STARLINK-33929,2025-113U,64188,PAY,+,US,2025-05-28,AFETR,,94.10,53.16,476,474,,,EA,ORB
STARLINK-33872,2025-113V,64189,PAY,+,US,2025-05-28,AFETR,,93.85,53.16,463,462,,,EA,ORB
STARLINK-34214,2025-113W,64190,PAY,+,US,2025-05-28,AFETR,,94.11,53.16,476,474,,,EA,ORB
STARLINK-34222,2025-113X,64191,PAY,+,US,2025-05-28,AFETR,,93.85,53.16,463,462,,,EA,ORB
STARLINK-34265,2025-113Y,64192,PAY,+,US,2025-05-28,AFETR,,93.90,53.16,466,464,,,EA,ORB
STARLINK-34245,2025-113Z,64193,PAY,+,US,2025-05-28,AFETR,,93.85,53.16,463,462,,,EA,ORB
STARLINK-34237,2025-113AA,64194,PAY,+,US,2025-05-28,AFETR,,94.01,53.16,471,470,,,EA,ORB
STARLINK-33857,2025-113AB,64195,PAY,+,US,2025-05-28,AFETR,,94.01,53.16,471,470,,,EA,ORB
STARLINK-34173,2025-113AC,64196,PAY,+,US,2025-05-28,AFETR,,94.01,53.16,472,470,,,EA,ORB
TIANWEN-2,2025-114A,64197,PAY,+,PRC,2025-05-28,XICLF,,,,,,,,SU,ORB
CZ-3B R/B,2025-114B,64198,R/B,,PRC,2025-05-28,XICLF,,,,,,,,SU,ORB
SHIJIAN-26 (SJ-26),2025-115A,64199,PAY,+,PRC,2025-05-29,JSC,,94.47,97.45,507,479,,,EA,ORB
CZ-4B DEB,2025-115B,64200,DEB,D,PRC,2025-05-29,JSC,2026-07-24,87.66,97.45,169,148,,,EA,IMP
CZ-4B R/B,2025-115C,64201,R/B,D,PRC,2025-05-29,JSC,2025-10-06,87.47,97.39,165,134,,,EA,IMP
NAVSTAR 84 (USA 545),2025-116A,64202,PAY,+,US,2025-05-30,AFETR,,717.95,55.28,20204,20159,,,EA,ORB
STARLINK-33966,2025-117A,64203,PAY,+,US,2025-05-31,AFWTR,,93.85,53.16,464,462,,,EA,ORB
STARLINK-34331,2025-117B,64204,PAY,+,US,2025-05-31,AFWTR,,93.85,53.16,463,462,,,EA,ORB
STARLINK-34251,2025-117C,64205,PAY,+,US,2025-05-31,AFWTR,,93.85,53.16,464,462,,,EA,ORB
STARLINK-34311,2025-117D,64206,PAY,+,US,2025-05-31,AFWTR,,93.85,53.16,463,462,,,EA,ORB
STARLINK-34324,2025-117E,64207,PAY,+,US,2025-05-31,AFWTR,,93.85,53.16,464,462,,,EA,ORB
STARLINK-34327,2025-117F,64208,PAY,+,US,2025-05-31,AFWTR,,94.10,53.16,477,474,,,EA,ORB
STARLINK-33944,2025-117G,64209,PAY,+,US,2025-05-31,AFWTR,,93.90,53.16,466,464,,,EA,ORB
STARLINK-34310,2025-117H,64210,PAY,+,US,2025-05-31,AFWTR,,93.90,53.16,466,464,,,EA,ORB
STARLINK-34258,2025-117J,64211,PAY,+,US,2025-05-31,AFWTR,,93.85,53.16,464,461,,,EA,ORB
STARLINK-34284,2025-117K,64212,PAY,+,US,2025-05-31,AFWTR,,93.90,53.16,466,464,,,EA,ORB
STARLINK-34332,2025-117L,64213,PAY,+,US,2025-05-31,AFWTR,,93.85,53.16,463,462,,,EA,ORB
STARLINK-34283,2025-117M,64214,PAY,+,US,2025-05-31,AFWTR,,93.85,53.16,463,462,,,EA,ORB
STARLINK-34349,2025-117N,64215,PAY,+,US,2025-05-31,AFWTR,,93.85,53.16,463,462,,,EA,ORB
STARLINK-34296,2025-117P,64216,PAY,+,US,2025-05-31,AFWTR,,93.90,53.16,466,464,,,EA,ORB
STARLINK-34320,2025-117Q,64217,PAY,+,US,2025-05-31,AFWTR,,93.85,53.16,464,462,,,EA,ORB
STARLINK-34300,2025-117R,64218,PAY,+,US,2025-05-31,AFWTR,,93.85,53.16,463,462,,,EA,ORB
STARLINK-34323,2025-117S,64219,PAY,+,US,2025-05-31,AFWTR,,93.85,53.16,464,461,,,EA,ORB
STARLINK-34328,2025-117T,64220,PAY,+,US,2025-05-31,AFWTR,,93.85,53.16,463,462,,,EA,ORB
STARLINK-34326,2025-117U,64221,PAY,+,US,2025-05-31,AFWTR,,93.85,53.16,463,462,,,EA,ORB
STARLINK-34318,2025-117V,64222,PAY,+,US,2025-05-31,AFWTR,,93.85,53.16,463,462,,,EA,ORB
STARLINK-34337,2025-117W,64223,PAY,+,US,2025-05-31,AFWTR,,93.85,53.16,464,462,,,EA,ORB
STARLINK-34304,2025-117X,64224,PAY,+,US,2025-05-31,AFWTR,,93.85,53.16,463,462,,,EA,ORB
STARLINK-34289,2025-117Y,64225,PAY,+,US,2025-05-31,AFWTR,,93.85,53.15,464,462,,,EA,ORB
STARLINK-34347,2025-117Z,64226,PAY,+,US,2025-05-31,AFWTR,,93.85,53.16,463,462,,,EA,ORB
STARLINK-34330,2025-117AA,64227,PAY,+,US,2025-05-31,AFWTR,,93.85,53.16,463,462,,,EA,ORB
STARLINK-34167,2025-117AB,64228,PAY,+,US,2025-05-31,AFWTR,,93.85,53.16,463,462,,,EA,ORB
STARLINK-34241,2025-117AC,64229,PAY,+,US,2025-05-31,AFWTR,,93.85,53.16,463,462,,,EA,ORB
ELECTRON KICK STAGE R/B,2025-118A,64230,R/B,,US,2025-06-02,RLLB,,91.39,58.97,351,335,,,EA,ORB
GLOBAL-32,2025-118B,64231,PAY,+,US,2025-06-02,RLLB,,93.64,58.99,460,445,,,EA,ORB
ELECTRON R/B,2025-118C,64232,R/B,D,US,2025-06-02,RLLB,2025-06-11,88.11,58.99,226,136,,,EA,IMP
STARLINK-11686 [DTC],2025-119A,64233,PAY,+,US,2025-06-03,AFETR,,91.67,43.00,360,353,,,EA,ORB
STARLINK-11682 [DTC],2025-119B,64234,PAY,+,US,2025-06-03,AFETR,,91.67,43.00,358,355,,,EA,ORB
STARLINK-11675 [DTC],2025-119C,64235,PAY,+,US,2025-06-03,AFETR,,91.67,43.00,357,356,,,EA,ORB
STARLINK-11691 [DTC],2025-119D,64236,PAY,+,US,2025-06-03,AFETR,,91.67,43.00,358,355,,,EA,ORB
STARLINK-11670 [DTC],2025-119E,64237,PAY,+,US,2025-06-03,AFETR,,91.67,43.00,358,356,,,EA,ORB
STARLINK-11708 [DTC],2025-119F,64238,PAY,+,US,2025-06-03,AFETR,,91.67,43.00,359,354,,,EA,ORB
STARLINK-11683 [DTC],2025-119G,64239,PAY,+,US,2025-06-03,AFETR,,91.67,43.00,357,356,,,EA,ORB
STARLINK-11684 [DTC],2025-119H,64240,PAY,+,US,2025-06-03,AFETR,,91.67,43.00,358,355,,,EA,ORB
STARLINK-11689 [DTC],2025-119J,64241,PAY,+,US,2025-06-03,AFETR,,91.67,43.00,357,356,,,EA,ORB
STARLINK-11690 [DTC],2025-119K,64242,PAY,+,US,2025-06-03,AFETR,,91.67,43.00,357,356,,,EA,ORB
STARLINK-11694 [DTC],2025-119L,64243,PAY,P,US,2025-06-03,AFETR,,90.73,42.99,318,303,,,EA,ORB
STARLINK-11710 [DTC],2025-119M,64244,PAY,+,US,2025-06-03,AFETR,,91.67,43.00,357,355,,,EA,ORB
STARLINK-11704 [DTC],2025-119N,64245,PAY,+,US,2025-06-03,AFETR,,91.66,43.00,357,355,,,EA,ORB
STARLINK-34203,2025-119P,64246,PAY,+,US,2025-06-03,AFETR,,94.27,43.00,483,483,,,EA,ORB
STARLINK-33865,2025-119Q,64247,PAY,+,US,2025-06-03,AFETR,,94.27,43.00,484,482,,,EA,ORB
STARLINK-34234,2025-119R,64248,PAY,+,US,2025-06-03,AFETR,,94.27,43.00,484,482,,,EA,ORB
STARLINK-34256,2025-119S,64249,PAY,+,US,2025-06-03,AFETR,,94.27,43.00,484,482,,,EA,ORB
STARLINK-34229,2025-119T,64250,PAY,+,US,2025-06-03,AFETR,,94.27,43.00,484,483,,,EA,ORB
STARLINK-34224,2025-119U,64251,PAY,+,US,2025-06-03,AFETR,,94.27,43.00,483,483,,,EA,ORB
STARLINK-34215,2025-119V,64252,PAY,+,US,2025-06-03,AFETR,,94.27,43.00,485,481,,,EA,ORB
STARLINK-33893,2025-119W,64253,PAY,+,US,2025-06-03,AFETR,,94.27,43.00,483,483,,,EA,ORB
STARLINK-34183,2025-119X,64254,PAY,+,US,2025-06-03,AFETR,,94.27,43.00,484,483,,,EA,ORB
STARLINK-34211,2025-119Y,64255,PAY,+,US,2025-06-03,AFETR,,94.27,43.00,484,482,,,EA,ORB
STARLINK-34329,2025-120A,64256,PAY,+,US,2025-06-04,AFWTR,,93.85,53.16,464,462,,,EA,ORB
STARLINK-34352,2025-120B,64257,PAY,+,US,2025-06-04,AFWTR,,93.85,53.16,464,462,,,EA,ORB
STARLINK-34308,2025-120C,64258,PAY,+,US,2025-06-04,AFWTR,,93.85,53.16,464,462,,,EA,ORB
STARLINK-34306,2025-120D,64259,PAY,+,US,2025-06-04,AFWTR,,93.85,53.16,464,462,,,EA,ORB
STARLINK-34281,2025-120E,64260,PAY,+,US,2025-06-04,AFWTR,,93.85,53.16,464,462,,,EA,ORB
STARLINK-34297,2025-120F,64261,PAY,+,US,2025-06-04,AFWTR,,93.85,53.16,464,462,,,EA,ORB
STARLINK-34325,2025-120G,64262,PAY,+,US,2025-06-04,AFWTR,,93.85,53.16,464,462,,,EA,ORB
STARLINK-34276,2025-120H,64263,PAY,+,US,2025-06-04,AFWTR,,94.01,53.16,471,470,,,EA,ORB
STARLINK-34333,2025-120J,64264,PAY,+,US,2025-06-04,AFWTR,,93.85,53.16,464,462,,,EA,ORB
STARLINK-34240,2025-120K,64265,PAY,+,US,2025-06-04,AFWTR,,93.85,53.16,463,462,,,EA,ORB
STARLINK-34315,2025-120L,64266,PAY,+,US,2025-06-04,AFWTR,,93.85,53.16,463,462,,,EA,ORB
STARLINK-34321,2025-120M,64267,PAY,+,US,2025-06-04,AFWTR,,93.85,53.16,464,462,,,EA,ORB
STARLINK-34319,2025-120N,64268,PAY,+,US,2025-06-04,AFWTR,,93.85,53.16,463,462,,,EA,ORB
STARLINK-34298,2025-120P,64269,PAY,+,US,2025-06-04,AFWTR,,93.85,53.16,464,462,,,EA,ORB
STARLINK-34219,2025-120Q,64270,PAY,+,US,2025-06-04,AFWTR,,93.85,53.16,464,462,,,EA,ORB
STARLINK-34342,2025-120R,64271,PAY,+,US,2025-06-04,AFWTR,,93.85,53.16,463,462,,,EA,ORB
STARLINK-34001,2025-120S,64272,PAY,+,US,2025-06-04,AFWTR,,93.85,53.16,464,462,,,EA,ORB
STARLINK-34334,2025-120T,64273,PAY,+,US,2025-06-04,AFWTR,,93.85,53.16,464,462,,,EA,ORB
STARLINK-34272,2025-120U,64274,PAY,+,US,2025-06-04,AFWTR,,93.85,53.16,464,462,,,EA,ORB
STARLINK-34293,2025-120V,64275,PAY,+,US,2025-06-04,AFWTR,,93.85,53.16,464,462,,,EA,ORB
STARLINK-34350,2025-120W,64276,PAY,+,US,2025-06-04,AFWTR,,93.85,53.16,464,462,,,EA,ORB
STARLINK-34264,2025-120X,64277,PAY,+,US,2025-06-04,AFWTR,,93.85,53.16,464,462,,,EA,ORB
STARLINK-34353,2025-120Y,64278,PAY,+,US,2025-06-04,AFWTR,,93.85,53.16,464,461,,,EA,ORB
STARLINK-34377,2025-120Z,64279,PAY,+,US,2025-06-04,AFWTR,,93.85,53.16,464,462,,,EA,ORB
STARLINK-34359,2025-120AA,64280,PAY,+,US,2025-06-04,AFWTR,,93.85,53.16,464,462,,,EA,ORB
STARLINK-34366,2025-120AB,64281,PAY,+,US,2025-06-04,AFWTR,,93.85,53.16,464,461,,,EA,ORB
STARLINK-34381,2025-120AC,64282,PAY,+,US,2025-06-04,AFWTR,,93.85,53.16,464,462,,,EA,ORB
HULIANWANG DIGUI-30,2025-121A,64283,PAY,+,PRC,2025-06-05,TAISC,,108.73,86.50,1169,1167,,,EA,ORB
HULIANWANG DIGUI-31,2025-121B,64284,PAY,+,PRC,2025-06-05,TAISC,,108.73,86.51,1169,1167,,,EA,ORB
HULIANWANG DIGUI-32,2025-121C,64285,PAY,+,PRC,2025-06-05,TAISC,,108.73,86.50,1169,1167,,,EA,ORB
HULIANWANG DIGUI-33,2025-121D,64286,PAY,+,PRC,2025-06-05,TAISC,,108.73,86.51,1169,1167,,,EA,ORB
HULIANWANG DIGUI-34,2025-121E,64287,PAY,+,PRC,2025-06-05,TAISC,,108.73,86.50,1169,1167,,,EA,ORB
CZ-6A R/B,2025-121F,64288,R/B,,PRC,2025-06-05,TAISC,,103.29,86.51,988,840,,,EA,ORB
SXM-10,2025-122A,64290,PAY,+,US,2025-06-07,AFETR,,1436.10,0.02,35793,35780,,,EA,ORB
STARLINK-34448,2025-123A,64291,PAY,+,US,2025-06-08,AFWTR,,96.11,70.00,574,570,,,EA,ORB
STARLINK-34362,2025-123B,64292,PAY,+,US,2025-06-08,AFWTR,,96.10,70.00,574,570,,,EA,ORB
STARLINK-34428,2025-123C,64293,PAY,+,US,2025-06-08,AFWTR,,96.11,70.00,574,570,,,EA,ORB
STARLINK-34388,2025-123D,64294,PAY,+,US,2025-06-08,AFWTR,,96.10,70.00,574,569,,,EA,ORB
STARLINK-34424,2025-123E,64295,PAY,+,US,2025-06-08,AFWTR,,96.11,70.00,574,570,,,EA,ORB
STARLINK-34443,2025-123F,64296,PAY,+,US,2025-06-08,AFWTR,,96.11,70.00,574,570,,,EA,ORB
STARLINK-34369,2025-123G,64297,PAY,+,US,2025-06-08,AFWTR,,96.11,70.00,574,570,,,EA,ORB
STARLINK-34391,2025-123H,64298,PAY,+,US,2025-06-08,AFWTR,,96.11,70.00,574,570,,,EA,ORB
STARLINK-34378,2025-123J,64299,PAY,+,US,2025-06-08,AFWTR,,96.11,70.00,574,570,,,EA,ORB
STARLINK-34376,2025-123K,64300,PAY,+,US,2025-06-08,AFWTR,,96.11,70.00,574,570,,,EA,ORB
STARLINK-34372,2025-123L,64301,PAY,+,US,2025-06-08,AFWTR,,96.11,70.00,574,570,,,EA,ORB
STARLINK-34379,2025-123M,64302,PAY,+,US,2025-06-08,AFWTR,,93.32,70.00,439,435,,,EA,ORB
STARLINK-34356,2025-123N,64303,PAY,+,US,2025-06-08,AFWTR,,96.11,70.00,574,570,,,EA,ORB
STARLINK-34360,2025-123P,64304,PAY,+,US,2025-06-08,AFWTR,,96.11,70.00,574,570,,,EA,ORB
STARLINK-34383,2025-123Q,64305,PAY,+,US,2025-06-08,AFWTR,,96.11,70.00,574,570,,,EA,ORB
STARLINK-34355,2025-123R,64306,PAY,+,US,2025-06-08,AFWTR,,96.11,70.00,574,570,,,EA,ORB
STARLINK-34380,2025-123S,64307,PAY,+,US,2025-06-08,AFWTR,,96.11,70.00,574,570,,,EA,ORB
STARLINK-34374,2025-123T,64308,PAY,+,US,2025-06-08,AFWTR,,96.11,70.00,574,570,,,EA,ORB
STARLINK-34370,2025-123U,64309,PAY,+,US,2025-06-08,AFWTR,,96.11,70.00,574,570,,,EA,ORB
STARLINK-34357,2025-123V,64310,PAY,+,US,2025-06-08,AFWTR,,96.11,70.00,574,570,,,EA,ORB
STARLINK-34368,2025-123W,64311,PAY,+,US,2025-06-08,AFWTR,,96.11,70.00,574,570,,,EA,ORB
STARLINK-34384,2025-123X,64312,PAY,+,US,2025-06-08,AFWTR,,96.11,70.00,574,570,,,EA,ORB
STARLINK-34358,2025-123Y,64313,PAY,+,US,2025-06-08,AFWTR,,96.11,70.00,574,570,,,EA,ORB
STARLINK-34354,2025-123Z,64314,PAY,+,US,2025-06-08,AFWTR,,96.11,70.00,574,570,,,EA,ORB
STARLINK-34387,2025-123AA,64315,PAY,+,US,2025-06-08,AFWTR,,96.11,70.00,574,570,,,EA,ORB
STARLINK-33590,2025-123AB,64316,PAY,+,US,2025-06-08,AFWTR,,96.11,70.00,574,570,,,EA,ORB
STARLINK-11736 [DTC],2025-124A,64317,PAY,+,US,2025-06-10,AFETR,,91.66,43.00,358,354,,,EA,ORB
STARLINK-11673 [DTC],2025-124B,64318,PAY,+,US,2025-06-10,AFETR,,91.66,43.00,358,354,,,EA,ORB
STARLINK-11671 [DTC],2025-124C,64319,PAY,+,US,2025-06-10,AFETR,,91.67,43.00,357,355,,,EA,ORB
STARLINK-11594 [DTC],2025-124D,64320,PAY,+,US,2025-06-10,AFETR,,91.67,43.00,358,355,,,EA,ORB
STARLINK-11596 [DTC],2025-124E,64321,PAY,+,US,2025-06-10,AFETR,,91.67,43.00,358,355,,,EA,ORB
STARLINK-11747 [DTC],2025-124F,64322,PAY,+,US,2025-06-10,AFETR,,91.67,43.00,357,356,,,EA,ORB
STARLINK-11728 [DTC],2025-124G,64323,PAY,+,US,2025-06-10,AFETR,,91.66,43.00,358,354,,,EA,ORB
STARLINK-11696 [DTC],2025-124H,64324,PAY,+,US,2025-06-10,AFETR,,91.67,43.00,358,355,,,EA,ORB
STARLINK-11698 [DTC],2025-124J,64325,PAY,+,US,2025-06-10,AFETR,,91.67,43.00,358,355,,,EA,ORB
STARLINK-11678 [DTC],2025-124K,64326,PAY,D,US,2025-06-10,AFETR,2026-06-25,89.11,42.99,239,222,,,EA,IMP
STARLINK-11674 [DTC],2025-124L,64327,PAY,+,US,2025-06-10,AFETR,,91.67,43.00,357,356,,,EA,ORB
STARLINK-11707 [DTC],2025-124M,64328,PAY,+,US,2025-06-10,AFETR,,91.67,43.00,357,355,,,EA,ORB
STARLINK-11734 [DTC],2025-124N,64329,PAY,+,US,2025-06-10,AFETR,,91.67,43.00,357,356,,,EA,ORB
STARLINK-34252,2025-124P,64330,PAY,+,US,2025-06-10,AFETR,,94.27,43.00,484,482,,,EA,ORB
STARLINK-34050,2025-124Q,64331,PAY,+,US,2025-06-10,AFETR,,94.27,43.00,484,482,,,EA,ORB
STARLINK-33782,2025-124R,64332,PAY,+,US,2025-06-10,AFETR,,94.27,42.99,484,482,,,EA,ORB
STARLINK-34207,2025-124S,64333,PAY,+,US,2025-06-10,AFETR,,94.27,43.00,486,481,,,EA,ORB
STARLINK-34260,2025-124T,64334,PAY,+,US,2025-06-10,AFETR,,94.27,43.00,484,482,,,EA,ORB
STARLINK-33855,2025-124U,64335,PAY,+,US,2025-06-10,AFETR,,94.27,43.00,484,482,,,EA,ORB
STARLINK-34223,2025-124V,64336,PAY,+,US,2025-06-10,AFETR,,94.27,43.00,484,482,,,EA,ORB
STARLINK-34216,2025-124W,64337,PAY,+,US,2025-06-10,AFETR,,94.27,43.00,484,482,,,EA,ORB
STARLINK-34218,2025-124X,64338,PAY,+,US,2025-06-10,AFETR,,94.27,43.00,484,482,,,EA,ORB
STARLINK-34017,2025-124Y,64339,PAY,+,US,2025-06-10,AFETR,,94.27,43.00,484,482,,,EA,ORB
QPS-SAR-11 (YAMATSUMI-I),2025-125A,64340,PAY,+,JPN,2025-06-11,RLLB,,95.87,42.01,568,553,,,EA,ORB
ELECTRON KICK STAGE R/B,2025-125B,64341,R/B,D,US,2025-06-11,RLLB,2025-09-17,88.65,41.99,233,182,,,EA,IMP
ELECTRON R/B,2025-125C,64342,R/B,D,US,2025-06-11,RLLB,2025-07-24,87.89,42.00,192,148,,,EA,IMP
ELECTRON DEB,2025-125D,64343,DEB,D,US,2025-06-11,RLLB,2025-06-12,91.54,42.02,488,213,,,EA,IMP
STARLINK-33977,2025-126A,64344,PAY,+,US,2025-06-13,AFWTR,,96.11,70.00,574,570,,,EA,ORB
STARLINK-34426,2025-126B,64345,PAY,+,US,2025-06-13,AFWTR,,96.11,70.00,574,570,,,EA,ORB
STARLINK-34437,2025-126C,64346,PAY,+,US,2025-06-13,AFWTR,,96.11,70.00,574,570,,,EA,ORB
STARLINK-34407,2025-126D,64347,PAY,+,US,2025-06-13,AFWTR,,96.11,70.00,574,570,,,EA,ORB
STARLINK-34274,2025-126E,64348,PAY,+,US,2025-06-13,AFWTR,,96.11,70.00,574,570,,,EA,ORB
STARLINK-34301,2025-126F,64349,PAY,+,US,2025-06-13,AFWTR,,96.11,70.00,574,570,,,EA,ORB
STARLINK-34425,2025-126G,64350,PAY,+,US,2025-06-13,AFWTR,,96.11,70.00,574,570,,,EA,ORB
STARLINK-34389,2025-126H,64351,PAY,+,US,2025-06-13,AFWTR,,96.11,70.00,574,570,,,EA,ORB
STARLINK-34385,2025-126J,64352,PAY,+,US,2025-06-13,AFWTR,,96.11,70.00,574,570,,,EA,ORB
STARLINK-34431,2025-126K,64353,PAY,+,US,2025-06-13,AFWTR,,96.11,70.00,574,570,,,EA,ORB
STARLINK-34473,2025-126L,64354,PAY,+,US,2025-06-13,AFWTR,,96.11,70.00,574,570,,,EA,ORB
STARLINK-34270,2025-126M,64355,PAY,+,US,2025-06-13,AFWTR,,96.11,70.00,574,570,,,EA,ORB
STARLINK-34397,2025-126N,64356,PAY,+,US,2025-06-13,AFWTR,,96.11,70.00,575,570,,,EA,ORB
STARLINK-34454,2025-126P,64357,PAY,+,US,2025-06-13,AFWTR,,96.11,70.00,574,570,,,EA,ORB
STARLINK-34436,2025-126Q,64358,PAY,+,US,2025-06-13,AFWTR,,96.11,70.00,574,570,,,EA,ORB
STARLINK-34291,2025-126R,64359,PAY,+,US,2025-06-13,AFWTR,,96.11,70.00,574,571,,,EA,ORB
STARLINK-34458,2025-126S,64360,PAY,+,US,2025-06-13,AFWTR,,96.11,70.00,574,570,,,EA,ORB
STARLINK-34243,2025-126T,64361,PAY,+,US,2025-06-13,AFWTR,,96.11,70.00,574,570,,,EA,ORB
STARLINK-34335,2025-126U,64362,PAY,+,US,2025-06-13,AFWTR,,96.11,70.00,574,570,,,EA,ORB
STARLINK-34408,2025-126V,64363,PAY,+,US,2025-06-13,AFWTR,,96.11,70.00,574,570,,,EA,ORB
STARLINK-34476,2025-126W,64364,PAY,+,US,2025-06-13,AFWTR,,96.10,70.00,574,570,,,EA,ORB
STARLINK-34479,2025-126X,64365,PAY,+,US,2025-06-13,AFWTR,,96.11,70.00,575,570,,,EA,ORB
STARLINK-34484,2025-126Y,64366,PAY,+,US,2025-06-13,AFWTR,,96.11,70.00,574,570,,,EA,ORB
STARLINK-34483,2025-126Z,64367,PAY,+,US,2025-06-13,AFWTR,,96.11,70.00,574,570,,,EA,ORB
STARLINK-34457,2025-126AA,64368,PAY,+,US,2025-06-13,AFWTR,,96.11,70.00,574,570,,,EA,ORB
STARLINK-34444,2025-126AB,64369,PAY,+,US,2025-06-13,AFWTR,,96.11,70.00,574,570,,,EA,ORB
STARLINK-11732 [DTC],2025-127A,64370,PAY,+,US,2025-06-13,AFETR,,91.67,43.00,358,355,,,EA,ORB
STARLINK-11731 [DTC],2025-127B,64371,PAY,+,US,2025-06-13,AFETR,,91.67,43.00,358,354,,,EA,ORB
STARLINK-11746 [DTC],2025-127C,64372,PAY,+,US,2025-06-13,AFETR,,91.67,43.00,358,355,,,EA,ORB
STARLINK-11748 [DTC],2025-127D,64373,PAY,+,US,2025-06-13,AFETR,,91.67,43.00,357,356,,,EA,ORB
STARLINK-11739 [DTC],2025-127E,64374,PAY,+,US,2025-06-13,AFETR,,91.67,43.00,357,355,,,EA,ORB
STARLINK-11738 [DTC],2025-127F,64375,PAY,+,US,2025-06-13,AFETR,,91.67,43.00,357,356,,,EA,ORB
STARLINK-11745 [DTC],2025-127G,64376,PAY,+,US,2025-06-13,AFETR,,91.67,43.00,358,355,,,EA,ORB
STARLINK-11742 [DTC],2025-127H,64377,PAY,+,US,2025-06-13,AFETR,,91.67,43.00,357,356,,,EA,ORB
STARLINK-11711 [DTC],2025-127J,64378,PAY,+,US,2025-06-13,AFETR,,91.67,43.00,357,356,,,EA,ORB
STARLINK-11743 [DTC],2025-127K,64379,PAY,+,US,2025-06-13,AFETR,,91.66,43.00,359,353,,,EA,ORB
STARLINK-11744 [DTC],2025-127L,64380,PAY,+,US,2025-06-13,AFETR,,91.67,43.00,358,354,,,EA,ORB
STARLINK-11692 [DTC],2025-127M,64381,PAY,+,US,2025-06-13,AFETR,,91.67,43.00,357,356,,,EA,ORB
STARLINK-11740 [DTC],2025-127N,64382,PAY,+,US,2025-06-13,AFETR,,91.67,43.00,357,356,,,EA,ORB
STARLINK-34299,2025-127P,64383,PAY,+,US,2025-06-13,AFETR,,94.27,43.00,484,482,,,EA,ORB
STARLINK-34271,2025-127Q,64384,PAY,+,US,2025-06-13,AFETR,,94.27,43.00,484,482,,,EA,ORB
STARLINK-34100,2025-127R,64385,PAY,+,US,2025-06-13,AFETR,,94.27,43.01,484,482,,,EA,ORB
STARLINK-34269,2025-127S,64386,PAY,+,US,2025-06-13,AFETR,,94.27,43.00,484,482,,,EA,ORB
STARLINK-34351,2025-127T,64387,PAY,+,US,2025-06-13,AFETR,,94.27,43.00,484,482,,,EA,ORB
STARLINK-34198,2025-127U,64388,PAY,+,US,2025-06-13,AFETR,,94.27,43.00,484,482,,,EA,ORB
STARLINK-34279,2025-127V,64389,PAY,+,US,2025-06-13,AFETR,,94.27,43.00,484,482,,,EA,ORB
STARLINK-34292,2025-127W,64390,PAY,+,US,2025-06-13,AFETR,,94.27,43.00,485,481,,,EA,ORB
STARLINK-34278,2025-127X,64391,PAY,+,US,2025-06-13,AFETR,,94.27,43.00,484,482,,,EA,ORB
STARLINK-33802,2025-127Y,64392,PAY,+,US,2025-06-13,AFETR,,94.27,43.00,484,482,,,EA,ORB
ZHANGHENG 1-02 (CSES-2),2025-128A,64393,PAY,+,PRC,2025-06-14,JSC,,94.64,97.37,509,494,,,EA,ORB
STARLINK-34419,2025-129A,64412,PAY,+,US,2025-06-17,AFWTR,,96.11,70.00,574,570,,,EA,ORB
STARLINK-34275,2025-129B,64413,PAY,+,US,2025-06-17,AFWTR,,96.11,70.00,574,570,,,EA,ORB
STARLINK-34225,2025-129C,64414,PAY,+,US,2025-06-17,AFWTR,,96.11,70.00,574,570,,,EA,ORB
STARLINK-34422,2025-129D,64415,PAY,+,US,2025-06-17,AFWTR,,96.11,70.00,574,570,,,EA,ORB
STARLINK-34514,2025-129E,64416,PAY,+,US,2025-06-17,AFWTR,,96.11,70.00,574,570,,,EA,ORB
STARLINK-34487,2025-129F,64417,PAY,+,US,2025-06-17,AFWTR,,96.11,70.00,574,570,,,EA,ORB
STARLINK-34461,2025-129G,64418,PAY,+,US,2025-06-17,AFWTR,,96.10,70.00,575,568,,,EA,ORB
STARLINK-34512,2025-129H,64419,PAY,+,US,2025-06-17,AFWTR,,96.11,70.00,574,570,,,EA,ORB
STARLINK-34503,2025-129J,64420,PAY,+,US,2025-06-17,AFWTR,,96.11,70.00,574,570,,,EA,ORB
STARLINK-34498,2025-129K,64421,PAY,+,US,2025-06-17,AFWTR,,96.11,70.00,574,570,,,EA,ORB
STARLINK-34434,2025-129L,64422,PAY,+,US,2025-06-17,AFWTR,,96.11,70.00,574,570,,,EA,ORB
STARLINK-34467,2025-129M,64423,PAY,+,US,2025-06-17,AFWTR,,96.11,70.00,574,570,,,EA,ORB
STARLINK-34468,2025-129N,64424,PAY,+,US,2025-06-17,AFWTR,,96.10,70.00,574,570,,,EA,ORB
STARLINK-34452,2025-129P,64425,PAY,+,US,2025-06-17,AFWTR,,96.11,70.00,574,570,,,EA,ORB
STARLINK-34432,2025-129Q,64426,PAY,+,US,2025-06-17,AFWTR,,96.11,70.00,574,570,,,EA,ORB
STARLINK-34480,2025-129R,64427,PAY,+,US,2025-06-17,AFWTR,,96.11,70.00,574,570,,,EA,ORB
STARLINK-34495,2025-129S,64428,PAY,+,US,2025-06-17,AFWTR,,96.11,70.00,574,570,,,EA,ORB
STARLINK-34501,2025-129T,64429,PAY,+,US,2025-06-17,AFWTR,,96.11,70.00,574,570,,,EA,ORB
STARLINK-34441,2025-129U,64430,PAY,+,US,2025-06-17,AFWTR,,96.11,70.00,574,570,,,EA,ORB
STARLINK-34524,2025-129V,64431,PAY,+,US,2025-06-17,AFWTR,,96.11,70.00,574,570,,,EA,ORB
STARLINK-34506,2025-129W,64432,PAY,+,US,2025-06-17,AFWTR,,96.11,70.00,574,570,,,EA,ORB
STARLINK-34451,2025-129X,64433,PAY,+,US,2025-06-17,AFWTR,,96.11,70.00,574,570,,,EA,ORB
STARLINK-34472,2025-129Y,64434,PAY,+,US,2025-06-17,AFWTR,,96.11,70.00,574,570,,,EA,ORB
STARLINK-34478,2025-129Z,64435,PAY,+,US,2025-06-17,AFWTR,,96.11,70.00,574,570,,,EA,ORB
STARLINK-34396,2025-129AA,64436,PAY,+,US,2025-06-17,AFWTR,,96.11,70.00,574,570,,,EA,ORB
STARLINK-34507,2025-129AB,64437,PAY,+,US,2025-06-17,AFWTR,,96.11,70.00,574,570,,,EA,ORB
STARLINK-34465,2025-130A,64438,PAY,+,US,2025-06-18,AFETR,,93.85,53.16,464,462,,,EA,ORB
STARLINK-34456,2025-130B,64439,PAY,+,US,2025-06-18,AFETR,,93.85,53.16,463,462,,,EA,ORB
STARLINK-34410,2025-130C,64440,PAY,+,US,2025-06-18,AFETR,,93.85,53.16,463,462,,,EA,ORB
STARLINK-34453,2025-130D,64441,PAY,+,US,2025-06-18,AFETR,,93.85,53.16,464,462,,,EA,ORB
STARLINK-34404,2025-130E,64442,PAY,+,US,2025-06-18,AFETR,,93.85,53.16,463,462,,,EA,ORB
STARLINK-34403,2025-130F,64443,PAY,+,US,2025-06-18,AFETR,,93.85,53.16,463,462,,,EA,ORB
STARLINK-34399,2025-130G,64444,PAY,+,US,2025-06-18,AFETR,,93.85,53.16,463,462,,,EA,ORB
STARLINK-34398,2025-130H,64445,PAY,+,US,2025-06-18,AFETR,,93.85,53.16,464,462,,,EA,ORB
STARLINK-34402,2025-130J,64446,PAY,+,US,2025-06-18,AFETR,,93.85,53.16,463,462,,,EA,ORB
STARLINK-34450,2025-130K,64447,PAY,+,US,2025-06-18,AFETR,,93.85,53.16,463,462,,,EA,ORB
STARLINK-34433,2025-130L,64448,PAY,+,US,2025-06-18,AFETR,,93.85,53.16,464,462,,,EA,ORB
STARLINK-34459,2025-130M,64449,PAY,+,US,2025-06-18,AFETR,,93.85,53.16,464,462,,,EA,ORB
STARLINK-34361,2025-130N,64450,PAY,+,US,2025-06-18,AFETR,,93.85,53.16,463,462,,,EA,ORB
STARLINK-34392,2025-130P,64451,PAY,+,US,2025-06-18,AFETR,,93.85,53.16,463,462,,,EA,ORB
STARLINK-34367,2025-130Q,64452,PAY,+,US,2025-06-18,AFETR,,93.85,53.16,464,462,,,EA,ORB
STARLINK-34221,2025-130R,64453,PAY,+,US,2025-06-18,AFETR,,93.85,53.16,463,462,,,EA,ORB
STARLINK-34282,2025-130S,64454,PAY,+,US,2025-06-18,AFETR,,94.01,53.16,471,471,,,EA,ORB
STARLINK-34295,2025-130T,64455,PAY,+,US,2025-06-18,AFETR,,93.85,53.16,463,462,,,EA,ORB
STARLINK-34430,2025-130U,64456,PAY,+,US,2025-06-18,AFETR,,93.85,53.16,464,462,,,EA,ORB
STARLINK-34445,2025-130V,64457,PAY,+,US,2025-06-18,AFETR,,93.85,53.16,463,462,,,EA,ORB
STARLINK-34439,2025-130W,64458,PAY,+,US,2025-06-18,AFETR,,93.85,53.16,463,462,,,EA,ORB
STARLINK-34421,2025-130X,64459,PAY,+,US,2025-06-18,AFETR,,93.85,53.16,464,462,,,EA,ORB
STARLINK-34423,2025-130Y,64460,PAY,+,US,2025-06-18,AFETR,,93.85,53.16,464,462,,,EA,ORB
STARLINK-34418,2025-130Z,64461,PAY,+,US,2025-06-18,AFETR,,93.85,53.16,463,462,,,EA,ORB
STARLINK-34336,2025-130AA,64462,PAY,+,US,2025-06-18,AFETR,,94.01,53.16,471,470,,,EA,ORB
STARLINK-34400,2025-130AB,64463,PAY,+,US,2025-06-18,AFETR,,94.01,53.16,472,470,,,EA,ORB
STARLINK-34429,2025-130AC,64464,PAY,+,US,2025-06-18,AFETR,,93.85,53.16,464,461,,,EA,ORB
STARLINK-34449,2025-130AD,64465,PAY,+,US,2025-06-18,AFETR,,93.85,53.16,463,462,,,EA,ORB
COSMOS 2589,2025-131A,64467,PAY,+,CIS,2025-06-19,PLMSC,,1434.68,0.10,35765,35753,,,EA,ORB
BREEZE-M R/B,2025-131B,64468,R/B,,CIS,2025-06-19,PLMSC,,1378.89,0.37,50437,18881,,,EA,ORB
BREEZE-M DEB [TANK],2025-131C,64469,DEB,D,CIS,2025-06-19,PLMSC,2026-03-01,92.00,60.26,642,103,,,EA,IMP
CHINASAT 9C,2025-132A,64470,PAY,+,PRC,2025-06-20,XICLF,,1436.09,0.01,35800,35773,,,EA,ORB
CZ-3B R/B,2025-132B,64471,R/B,,PRC,2025-06-20,XICLF,,608.42,27.78,34575,238,,,EA,ORB
STARLINK-34493,2025-133A,64472,PAY,+,US,2025-06-23,AFETR,,93.85,53.16,464,462,,,EA,ORB
STARLINK-34492,2025-133B,64473,PAY,+,US,2025-06-23,AFETR,,93.85,53.16,463,462,,,EA,ORB
STARLINK-34474,2025-133C,64474,PAY,+,US,2025-06-23,AFETR,,93.85,53.16,463,462,,,EA,ORB
STARLINK-34523,2025-133D,64475,PAY,+,US,2025-06-23,AFETR,,93.85,53.16,464,462,,,EA,ORB
STARLINK-34496,2025-133E,64476,PAY,+,US,2025-06-23,AFETR,,93.85,53.16,464,462,,,EA,ORB
STARLINK-34375,2025-133F,64477,PAY,+,US,2025-06-23,AFETR,,93.85,53.16,464,462,,,EA,ORB
STARLINK-34490,2025-133G,64478,PAY,+,US,2025-06-23,AFETR,,93.85,53.16,464,462,,,EA,ORB
STARLINK-34528,2025-133H,64479,PAY,+,US,2025-06-23,AFETR,,93.85,53.16,463,462,,,EA,ORB
STARLINK-34518,2025-133J,64480,PAY,+,US,2025-06-23,AFETR,,93.85,53.16,463,462,,,EA,ORB
STARLINK-34526,2025-133K,64481,PAY,+,US,2025-06-23,AFETR,,93.85,53.16,464,461,,,EA,ORB
STARLINK-34527,2025-133L,64482,PAY,+,US,2025-06-23,AFETR,,93.85,53.16,464,462,,,EA,ORB
STARLINK-34420,2025-133M,64483,PAY,+,US,2025-06-23,AFETR,,93.85,53.16,463,462,,,EA,ORB
STARLINK-34509,2025-133N,64484,PAY,+,US,2025-06-23,AFETR,,93.85,53.16,463,462,,,EA,ORB
STARLINK-34409,2025-133P,64485,PAY,+,US,2025-06-23,AFETR,,93.85,53.16,463,462,,,EA,ORB
STARLINK-34520,2025-133Q,64486,PAY,+,US,2025-06-23,AFETR,,93.85,53.16,464,462,,,EA,ORB
STARLINK-34477,2025-133R,64487,PAY,+,US,2025-06-23,AFETR,,93.85,53.16,464,462,,,EA,ORB
STARLINK-34217,2025-133S,64488,PAY,+,US,2025-06-23,AFETR,,93.85,53.16,464,462,,,EA,ORB
STARLINK-34307,2025-133T,64489,PAY,+,US,2025-06-23,AFETR,,94.11,53.16,476,474,,,EA,ORB
STARLINK-34505,2025-133U,64490,PAY,+,US,2025-06-23,AFETR,,94.11,53.16,476,474,,,EA,ORB
STARLINK-34530,2025-133V,64491,PAY,+,US,2025-06-23,AFETR,,93.85,53.16,463,462,,,EA,ORB
STARLINK-34522,2025-133W,64492,PAY,+,US,2025-06-23,AFETR,,93.85,53.16,463,462,,,EA,ORB
STARLINK-34462,2025-133X,64493,PAY,+,US,2025-06-23,AFETR,,93.85,53.16,464,462,,,EA,ORB
STARLINK-34226,2025-133Y,64494,PAY,+,US,2025-06-23,AFETR,,94.01,53.16,471,470,,,EA,ORB
STARLINK-34364,2025-133Z,64495,PAY,+,US,2025-06-23,AFETR,,93.85,53.16,464,462,,,EA,ORB
STARLINK-34268,2025-133AA,64496,PAY,D,US,2025-06-23,AFETR,2026-04-26,88.06,53.15,185,171,,,EA,IMP
STARLINK-34363,2025-133AB,64497,PAY,+,US,2025-06-23,AFETR,,93.85,53.16,464,462,,,EA,ORB
STARLINK-34427,2025-133AC,64498,PAY,+,US,2025-06-23,AFETR,,93.85,53.16,463,462,,,EA,ORB
KUIPER-00039,2025-134A,64500,PAY,+,US,2025-06-23,AFETR,,97.30,51.90,630,629,,,EA,ORB
KUIPER-00040,2025-134B,64501,PAY,+,US,2025-06-23,AFETR,,97.30,51.90,630,629,,,EA,ORB
KUIPER-00041,2025-134C,64502,PAY,+,US,2025-06-23,AFETR,,97.30,51.90,630,629,,,EA,ORB
KUIPER-00042,2025-134D,64503,PAY,+,US,2025-06-23,AFETR,,97.30,51.90,630,629,,,EA,ORB
KUIPER-00043,2025-134E,64504,PAY,+,US,2025-06-23,AFETR,,97.30,51.90,630,629,,,EA,ORB
KUIPER-00044,2025-134F,64505,PAY,+,US,2025-06-23,AFETR,,97.30,51.90,630,629,,,EA,ORB
KUIPER-00046,2025-134G,64506,PAY,+,US,2025-06-23,AFETR,,97.30,51.90,630,629,,,EA,ORB
KUIPER-00047,2025-134H,64507,PAY,+,US,2025-06-23,AFETR,,97.30,51.90,630,629,,,EA,ORB
KUIPER-00048,2025-134J,64508,PAY,+,US,2025-06-23,AFETR,,97.30,51.90,630,629,,,EA,ORB
KUIPER-00049,2025-134K,64509,PAY,+,US,2025-06-23,AFETR,,97.30,51.90,630,629,,,EA,ORB
KUIPER-00050,2025-134L,64510,PAY,P,US,2025-06-23,AFETR,,97.30,51.90,630,629,,,EA,ORB
KUIPER-00051,2025-134M,64511,PAY,+,US,2025-06-23,AFETR,,97.30,51.90,630,629,,,EA,ORB
KUIPER-00052,2025-134N,64512,PAY,D,US,2025-06-23,AFETR,2026-03-02,88.65,51.83,212,203,,,EA,IMP
KUIPER-00053,2025-134P,64513,PAY,+,US,2025-06-23,AFETR,,97.18,51.90,625,623,,,EA,ORB
KUIPER-00054,2025-134Q,64514,PAY,+,US,2025-06-23,AFETR,,97.30,51.90,630,629,,,EA,ORB
KUIPER-00055,2025-134R,64515,PAY,+,US,2025-06-23,AFETR,,97.30,51.90,630,629,,,EA,ORB
KUIPER-00056,2025-134S,64516,PAY,+,US,2025-06-23,AFETR,,97.30,51.90,630,629,,,EA,ORB
KUIPER-00057,2025-134T,64517,PAY,+,US,2025-06-23,AFETR,,97.30,51.90,630,629,,,EA,ORB
KUIPER-00058,2025-134U,64518,PAY,+,US,2025-06-23,AFETR,,97.30,51.90,630,629,,,EA,ORB
KUIPER-00059,2025-134V,64519,PAY,+,US,2025-06-23,AFETR,,97.30,51.90,630,629,,,EA,ORB
KUIPER-00060,2025-134W,64520,PAY,+,US,2025-06-23,AFETR,,97.30,51.90,630,629,,,EA,ORB
KUIPER-00061,2025-134X,64521,PAY,+,US,2025-06-23,AFETR,,97.30,51.90,630,629,,,EA,ORB
KUIPER-00062,2025-134Y,64522,PAY,+,US,2025-06-23,AFETR,,97.30,51.89,630,629,,,EA,ORB
KUIPER-00063,2025-134Z,64523,PAY,+,US,2025-06-23,AFETR,,97.30,51.90,630,629,,,EA,ORB
KUIPER-00064,2025-134AA,64524,PAY,+,US,2025-06-23,AFETR,,97.30,51.90,630,629,,,EA,ORB
KUIPER-00065,2025-134AB,64525,PAY,+,US,2025-06-23,AFETR,,97.30,51.90,630,629,,,EA,ORB
KUIPER-00066,2025-134AC,64526,PAY,+,US,2025-06-23,AFETR,,97.30,51.90,630,629,,,EA,ORB
COSMOS 2590,2025-131D,64527,PAY,+,CIS,2025-06-19,PLMSC,,1436.87,0.71,51170,20434,,,EA,ORB
GOOD ANCESTOR KILAKILA,2025-135A,64528,PAY,+,SLB,2025-06-23,AFWTR,,94.43,97.47,494,488,,,EA,ORB
GHGSAT-C12,2025-135B,64529,PAY,+,CA,2025-06-23,AFWTR,,94.70,97.48,506,501,,,EA,ORB
DUTHSAT-2,2025-135C,64530,PAY,+,GREC,2025-06-23,AFWTR,,94.22,97.47,483,479,,,EA,ORB
TRANSPORTER-14 OBJECT D,2025-135D,64531,PAY,+,TBD,2025-06-23,AFWTR,,94.28,97.48,485,482,,,EA,ORB
TRANSPORTER-14 OBJECT E,2025-135E,64532,PAY,+,TBD,2025-06-23,AFWTR,,94.28,97.48,485,482,,,EA,ORB
TPA-1,2025-135F,64533,PAY,+,NZ,2025-06-23,AFWTR,,94.60,97.47,502,497,,,EA,ORB
CONNECTA IOT-9,2025-135G,64534,PAY,+,TURK,2025-06-23,AFWTR,,94.71,97.48,509,501,,,EA,ORB
ROADS 1,2025-135H,64535,PAY,+,US,2025-06-23,AFWTR,,94.54,97.47,499,494,,,EA,ORB
FOSSASAT-2E21,2025-135J,64536,PAY,+,SPN,2025-06-23,AFWTR,,94.72,97.47,507,503,,,EA,ORB
OTTER PUP 2,2025-135K,64537,PAY,+,US,2025-06-23,AFWTR,,94.53,97.48,497,494,,,EA,ORB
IOD-2,2025-135L,64538,PAY,+,SPN,2025-06-23,AFWTR,,94.69,97.47,506,501,,,EA,ORB
ELARASAT MMS-1,2025-135M,64539,PAY,+,AUS,2025-06-23,AFWTR,,94.53,97.48,497,494,,,EA,ORB
ARCSTONE,2025-135N,64540,PAY,+,US,2025-06-23,AFWTR,,93.82,97.47,462,461,,,EA,ORB
PULSAR-0,2025-135P,64541,PAY,+,US,2025-06-23,AFWTR,,94.70,97.47,506,503,,,EA,ORB
T1DES 1 (DRAGOON 1),2025-135Q,64542,PAY,+,US,2025-06-23,AFWTR,,94.31,97.47,486,484,,,EA,ORB
W-SERIES 4,2025-135R,64543,PAY,D,US,2025-06-23,AFWTR,2026-06-04,87.30,97.41,169,113,,,EA,IMP
SKYBEE-A02,2025-135S,64544,PAY,+,GER,2025-06-23,AFWTR,,94.71,97.48,505,504,,,EA,ORB
ION SCV-020,2025-135T,64545,PAY,+,IT,2025-06-23,AFWTR,,94.76,97.47,511,503,,,EA,ORB
FORGESTAR-1,2025-135U,64546,PAY,+,UK,2025-06-23,AFWTR,,94.41,97.47,491,490,,,EA,ORB
TRANSPORTER-14 OBJECT V,2025-135V,64547,PAY,+,TBD,2025-06-23,AFWTR,,94.37,97.47,489,487,,,EA,ORB
GHGSAT-C13,2025-135W,64548,PAY,+,CA,2025-06-23,AFWTR,,94.63,97.48,501,500,,,EA,ORB
ROADS 2,2025-135X,64549,PAY,+,US,2025-06-23,AFWTR,,94.45,97.48,493,491,,,EA,ORB
BRO-18,2025-135Y,64550,PAY,+,FR,2025-06-23,AFWTR,,94.59,97.47,500,497,,,EA,ORB
SATMAR,2025-135Z,64551,PAY,+,SPN,2025-06-23,AFWTR,,94.38,97.47,490,487,,,EA,ORB
HYPERFIELD-1B,2025-135AA,64552,PAY,+,FIN,2025-06-23,AFWTR,,94.56,97.47,499,496,,,EA,ORB
CONNECTA IOT-12,2025-135AB,64553,PAY,+,TURK,2025-06-23,AFWTR,,94.69,97.48,505,502,,,EA,ORB
TRANSPORTER-14 OBJECT AC,2025-135AC,64554,PAY,+,TBD,2025-06-23,AFWTR,,93.93,97.47,469,465,,,EA,ORB
CONNECTA IOT-10,2025-135AD,64555,PAY,+,TURK,2025-06-23,AFWTR,,94.69,97.47,505,502,,,EA,ORB
TRANSPORTER-14 OBJECT AE,2025-135AE,64556,PAY,+,TBD,2025-06-23,AFWTR,,94.32,97.48,487,484,,,EA,ORB
CONNECTA IOT-11,2025-135AF,64557,PAY,+,TURK,2025-06-23,AFWTR,,94.68,97.48,505,501,,,EA,ORB
QUICK3,2025-135AG,64558,PAY,+,GER,2025-06-23,AFWTR,,94.20,97.48,482,477,,,EA,ORB
PADRE,2025-135AH,64559,PAY,+,US,2025-06-23,AFWTR,,96.47,97.78,592,587,,,EA,ORB
TRANSPORTER-14 OBJECT AJ,2025-135AJ,64560,PAY,+,TBD,2025-06-23,AFWTR,,96.25,97.78,580,578,,,EA,ORB
LEMUR-2-KRISH,2025-135AK,64561,PAY,+,US,2025-06-23,AFWTR,,96.21,97.78,578,576,,,EA,ORB
HUBBLE 6,2025-135AL,64562,PAY,+,US,2025-06-23,AFWTR,,96.41,97.78,587,586,,,EA,ORB
AE3VA,2025-135AM,64563,PAY,+,JPN,2025-06-23,AFWTR,,96.14,97.77,576,571,,,EA,ORB
TIME FLIES,2025-135AN,64564,PAY,+,US,2025-06-23,AFWTR,,96.30,97.77,583,579,,,EA,ORB
LEMUR-2-HUBBLE-4,2025-135AP,64565,PAY,+,US,2025-06-23,AFWTR,,96.41,97.77,589,584,,,EA,ORB
ARVAKER-3,2025-135AQ,64566,PAY,+,NOR,2025-06-23,AFWTR,,96.40,97.78,588,584,,,EA,ORB
ARVAKER-2,2025-135AR,64567,PAY,+,NOR,2025-06-23,AFWTR,,96.40,97.78,588,584,,,EA,ORB
IRIDE-MS2-HEO-3,2025-135AS,64568,PAY,+,IT,2025-06-23,AFWTR,,96.52,97.78,593,590,,,EA,ORB
IRIDE-MS2-HEO-2,2025-135AT,64569,PAY,+,IT,2025-06-23,AFWTR,,96.39,97.78,588,584,,,EA,ORB
ICEYE-X54,2025-135AU,64570,PAY,+,NETH,2025-06-23,AFWTR,,96.33,97.78,586,580,,,EA,ORB
IRIDE-MS2-HEO-5,2025-135AV,64571,PAY,+,IT,2025-06-23,AFWTR,,96.52,97.78,594,590,,,EA,ORB
ICEYE-X52,2025-135AW,64572,PAY,+,FIN,2025-06-23,AFWTR,,96.40,97.78,589,584,,,EA,ORB
MUSAT-3ALPHA,2025-135AX,64573,PAY,+,US,2025-06-23,AFWTR,,95.77,97.71,558,553,,,EA,ORB
ICEYE-X56,2025-135AY,64574,PAY,+,FIN,2025-06-23,AFWTR,,96.26,97.78,582,577,,,EA,ORB
ION SCV-018,2025-135AZ,64575,PAY,+,IT,2025-06-23,AFWTR,,96.34,97.78,593,573,,,EA,ORB
IRIDE-MS2-HEO-6,2025-135BA,64576,PAY,+,IT,2025-06-23,AFWTR,,96.52,97.78,594,590,,,EA,ORB
LYRA-3,2025-135BB,64577,PAY,+,AUS,2025-06-23,AFWTR,,97.65,97.78,662,631,,,EA,ORB
ICEYE-X57,2025-135BC,64578,PAY,+,US,2025-06-23,AFWTR,,95.95,97.81,566,563,,,EA,ORB
GRUS-3ALPHA,2025-135BD,64579,PAY,+,JPN,2025-06-23,AFWTR,,96.43,97.78,591,585,,,EA,ORB
YAM-10,2025-135BE,64580,PAY,+,US,2025-06-23,AFWTR,,96.51,97.78,595,589,,,EA,ORB
ICEYE-X55,2025-135BF,64581,PAY,+,FIN,2025-06-23,AFWTR,,96.29,97.78,584,577,,,EA,ORB
IRIDE-MS2-HEO-4,2025-135BG,64582,PAY,+,IT,2025-06-23,AFWTR,,96.52,97.78,594,590,,,EA,ORB
CAPELLA-17 (ACADIA-7),2025-135BH,64583,PAY,+,US,2025-06-23,AFWTR,,96.52,97.77,596,587,,,EA,ORB
ICEYE-X53,2025-135BJ,64584,PAY,+,FIN,2025-06-23,AFWTR,,95.94,97.73,566,563,,,EA,ORB
IRIDE-MS2-HEO-9,2025-135BK,64585,PAY,+,IT,2025-06-23,AFWTR,,96.52,97.78,594,590,,,EA,ORB
LEMUR-2-SEJONG-2,2025-135BL,64586,PAY,+,US,2025-06-23,AFWTR,,96.18,97.77,580,571,,,EA,ORB
IRIDE-MS2-HEO-8,2025-135BM,64587,PAY,+,IT,2025-06-23,AFWTR,,96.52,97.78,594,590,,,EA,ORB
BIFROST-DNK,2025-135BN,64588,PAY,+,DEN,2025-06-23,AFWTR,,96.33,97.78,587,579,,,EA,ORB
SATORO-T3,2025-135BP,64589,PAY,+,ROC,2025-06-23,AFWTR,,96.35,97.78,588,579,,,EA,ORB
TRANSPORTER-14 OBJECT BQ,2025-135BQ,64590,PAY,+,TBD,2025-06-23,AFWTR,,96.37,97.78,589,580,,,EA,ORB
AE2A,2025-135BR,64591,PAY,+,JPN,2025-06-23,AFWTR,,96.15,97.77,579,570,,,EA,ORB
HUBBLE 7,2025-135BS,64592,PAY,+,US,2025-06-23,AFWTR,,96.41,97.78,590,584,,,EA,ORB
AXIOM-4 (AX-4),2025-136A,64593,PAY,D,US,2025-06-25,AFETR,2025-07-15,93.28,51.64,437,432,,,EA,IMP
STARLINK-34280,2025-137A,64594,PAY,+,US,2025-06-25,AFETR,,93.85,53.16,464,462,,,EA,ORB
STARLINK-34517,2025-137B,64595,PAY,+,US,2025-06-25,AFETR,,93.85,53.16,463,462,,,EA,ORB
STARLINK-34510,2025-137C,64596,PAY,+,US,2025-06-25,AFETR,,93.85,53.16,464,462,,,EA,ORB
STARLINK-34486,2025-137D,64597,PAY,+,US,2025-06-25,AFETR,,93.85,53.16,464,462,,,EA,ORB
STARLINK-34463,2025-137E,64598,PAY,+,US,2025-06-25,AFETR,,93.85,53.16,463,462,,,EA,ORB
STARLINK-34294,2025-137F,64599,PAY,+,US,2025-06-25,AFETR,,93.85,53.16,464,462,,,EA,ORB
STARLINK-34504,2025-137G,64600,PAY,+,US,2025-06-25,AFETR,,93.85,53.16,463,462,,,EA,ORB
STARLINK-34508,2025-137H,64601,PAY,+,US,2025-06-25,AFETR,,94.11,53.16,476,474,,,EA,ORB
STARLINK-34435,2025-137J,64602,PAY,+,US,2025-06-25,AFETR,,93.85,53.16,463,462,,,EA,ORB
STARLINK-34475,2025-137K,64603,PAY,+,US,2025-06-25,AFETR,,93.90,53.16,466,464,,,EA,ORB
STARLINK-34488,2025-137L,64604,PAY,+,US,2025-06-25,AFETR,,94.11,53.16,476,475,,,EA,ORB
STARLINK-34516,2025-137M,64605,PAY,+,US,2025-06-25,AFETR,,94.01,53.16,471,470,,,EA,ORB
STARLINK-34073,2025-137N,64606,PAY,+,US,2025-06-25,AFETR,,94.11,53.16,476,475,,,EA,ORB
STARLINK-34532,2025-137P,64607,PAY,+,US,2025-06-25,AFETR,,93.85,53.16,464,461,,,EA,ORB
STARLINK-34519,2025-137Q,64608,PAY,+,US,2025-06-25,AFETR,,93.85,53.16,464,462,,,EA,ORB
STARLINK-34513,2025-137R,64609,PAY,+,US,2025-06-25,AFETR,,93.85,53.16,463,462,,,EA,ORB
STARLINK-34569,2025-137S,64610,PAY,+,US,2025-06-25,AFETR,,93.85,53.16,465,461,,,EA,ORB
STARLINK-34494,2025-137T,64611,PAY,+,US,2025-06-25,AFETR,,93.85,53.16,463,462,,,EA,ORB
STARLINK-34521,2025-137U,64612,PAY,+,US,2025-06-25,AFETR,,93.90,53.16,466,465,,,EA,ORB
STARLINK-34500,2025-137V,64613,PAY,+,US,2025-06-25,AFETR,,93.85,53.16,463,462,,,EA,ORB
STARLINK-34440,2025-137W,64614,PAY,+,US,2025-06-25,AFETR,,93.85,53.16,463,462,,,EA,ORB
STARLINK-34469,2025-137X,64615,PAY,+,US,2025-06-25,AFETR,,94.10,53.16,476,474,,,EA,ORB
STARLINK-34413,2025-137Y,64616,PAY,+,US,2025-06-25,AFETR,,93.85,53.16,463,462,,,EA,ORB
STARLINK-34417,2025-137Z,64617,PAY,+,US,2025-06-25,AFETR,,93.85,53.16,464,461,,,EA,ORB
STARLINK-34415,2025-137AA,64618,PAY,+,US,2025-06-25,AFETR,,93.85,53.16,464,462,,,EA,ORB
STARLINK-34416,2025-137AB,64619,PAY,+,US,2025-06-25,AFETR,,93.85,53.16,463,462,,,EA,ORB
STARLINK-34414,2025-137AC,64620,PAY,+,US,2025-06-25,AFETR,,93.85,53.16,463,462,,,EA,ORB
HAWK-12C,2025-138A,64621,PAY,+,US,2025-06-26,RLLB,,94.82,97.44,518,502,,,EA,ORB
HAWK-12B,2025-138B,64622,PAY,+,US,2025-06-26,RLLB,,94.82,97.45,517,502,,,EA,ORB
HAWK-12A,2025-138C,64623,PAY,+,US,2025-06-26,RLLB,,94.82,97.44,518,502,,,EA,ORB
KESTREL-0A,2025-138D,64624,PAY,+,US,2025-06-26,RLLB,,94.49,97.44,501,486,,,EA,ORB
ELECTRON KICK STAGE R/B,2025-138E,64625,R/B,D,US,2025-06-26,RLLB,2025-07-01,87.70,97.30,205,116,,,EA,IMP
ELECTRON R/B,2025-138F,64626,R/B,D,US,2025-06-26,RLLB,2025-07-03,88.50,97.30,266,135,,,EA,IMP
STARLINK-34464,2025-139A,64664,PAY,+,US,2025-06-28,AFETR,,93.85,53.16,464,462,,,EA,ORB
STARLINK-34555,2025-139B,64665,PAY,+,US,2025-06-28,AFETR,,93.85,53.16,464,461,,,EA,ORB
STARLINK-34390,2025-139C,64666,PAY,+,US,2025-06-28,AFETR,,93.85,53.16,463,462,,,EA,ORB
STARLINK-34382,2025-139D,64667,PAY,+,US,2025-06-28,AFETR,,93.85,53.16,463,462,,,EA,ORB
STARLINK-34395,2025-139E,64668,PAY,+,US,2025-06-28,AFETR,,93.85,53.16,464,462,,,EA,ORB
STARLINK-34394,2025-139F,64669,PAY,+,US,2025-06-28,AFETR,,93.85,53.16,464,462,,,EA,ORB
STARLINK-34287,2025-139G,64670,PAY,+,US,2025-06-28,AFETR,,93.85,53.16,463,462,,,EA,ORB
STARLINK-34365,2025-139H,64671,PAY,+,US,2025-06-28,AFETR,,93.85,53.16,463,462,,,EA,ORB
STARLINK-34442,2025-139J,64672,PAY,+,US,2025-06-28,AFETR,,93.85,53.16,463,462,,,EA,ORB
STARLINK-34288,2025-139K,64673,PAY,+,US,2025-06-28,AFETR,,93.85,53.16,463,462,,,EA,ORB
STARLINK-34539,2025-139L,64674,PAY,+,US,2025-06-28,AFETR,,93.85,53.16,463,462,,,EA,ORB
STARLINK-34590,2025-139M,64675,PAY,+,US,2025-06-28,AFETR,,93.85,53.16,464,462,,,EA,ORB
STARLINK-34573,2025-139N,64676,PAY,+,US,2025-06-28,AFETR,,93.85,53.16,464,462,,,EA,ORB
STARLINK-34605,2025-139P,64677,PAY,+,US,2025-06-28,AFETR,,93.85,53.16,463,462,,,EA,ORB
STARLINK-34525,2025-139Q,64678,PAY,+,US,2025-06-28,AFETR,,93.84,53.16,463,462,,,EA,ORB
STARLINK-34489,2025-139R,64679,PAY,+,US,2025-06-28,AFETR,,93.85,53.16,464,462,,,EA,ORB
STARLINK-34502,2025-139S,64680,PAY,+,US,2025-06-28,AFETR,,93.85,53.16,464,462,,,EA,ORB
STARLINK-34553,2025-139T,64681,PAY,+,US,2025-06-28,AFETR,,93.85,53.16,464,462,,,EA,ORB
STARLINK-34551,2025-139U,64682,PAY,+,US,2025-06-28,AFETR,,93.85,53.16,463,462,,,EA,ORB
STARLINK-34550,2025-139V,64683,PAY,+,US,2025-06-28,AFETR,,93.85,53.16,464,462,,,EA,ORB
STARLINK-34485,2025-139W,64684,PAY,+,US,2025-06-28,AFETR,,93.85,53.16,464,461,,,EA,ORB
STARLINK-34253,2025-139X,64685,PAY,+,US,2025-06-28,AFETR,,93.85,53.16,464,462,,,EA,ORB
STARLINK-34565,2025-139Y,64686,PAY,+,US,2025-06-28,AFETR,,93.85,53.16,464,461,,,EA,ORB
STARLINK-34554,2025-139Z,64687,PAY,+,US,2025-06-28,AFETR,,93.85,53.16,464,462,,,EA,ORB
STARLINK-34262,2025-139AA,64688,PAY,+,US,2025-06-28,AFETR,,93.85,53.16,463,462,,,EA,ORB
STARLINK-34538,2025-139AB,64689,PAY,+,US,2025-06-28,AFETR,,93.85,53.16,463,462,,,EA,ORB
STARLINK-34250,2025-139AC,64690,PAY,+,US,2025-06-28,AFETR,,93.85,53.16,464,462,,,EA,ORB
LYRA-4,2025-140A,64691,PAY,+,AUS,2025-06-28,RLLB,,97.78,96.01,661,644,,,EA,ORB
ELECTRON KICK STAGE R/B,2025-140B,64692,R/B,,US,2025-06-28,RLLB,,97.71,96.01,658,640,,,EA,ORB
ELECTRON R/B,2025-140C,64693,R/B,D,US,2025-06-28,RLLB,2025-07-13,87.48,95.95,172,128,,,EA,IMP
GOSAT-GW (IBUKI GW),2025-141A,64694,PAY,+,JPN,2025-06-28,TANSC,,98.12,98.06,670,668,,,EA,ORB
H-2A R/B,2025-141B,64695,R/B,,JPN,2025-06-28,TANSC,,96.57,98.09,657,532,,,EA,ORB
STARLINK-34497,2025-142A,64696,PAY,+,US,2025-06-28,AFWTR,,96.11,70.00,575,569,,,EA,ORB
STARLINK-34584,2025-142B,64697,PAY,+,US,2025-06-28,AFWTR,,96.11,70.00,575,569,,,EA,ORB
STARLINK-34535,2025-142C,64698,PAY,+,US,2025-06-28,AFWTR,,96.11,70.00,575,569,,,EA,ORB
STARLINK-34600,2025-142D,64699,PAY,+,US,2025-06-28,AFWTR,,96.11,70.00,575,569,,,EA,ORB
STARLINK-34560,2025-142E,64700,PAY,+,US,2025-06-28,AFWTR,,96.11,70.00,575,569,,,EA,ORB
STARLINK-34576,2025-142F,64701,PAY,+,US,2025-06-28,AFWTR,,96.11,70.00,575,569,,,EA,ORB
STARLINK-34322,2025-142G,64702,PAY,+,US,2025-06-28,AFWTR,,96.11,70.00,575,569,,,EA,ORB
STARLINK-34470,2025-142H,64703,PAY,+,US,2025-06-28,AFWTR,,96.11,70.00,575,569,,,EA,ORB
STARLINK-34405,2025-142J,64704,PAY,+,US,2025-06-28,AFWTR,,96.11,70.00,575,569,,,EA,ORB
STARLINK-34406,2025-142K,64705,PAY,+,US,2025-06-28,AFWTR,,96.11,70.00,575,569,,,EA,ORB
STARLINK-34559,2025-142L,64706,PAY,+,US,2025-06-28,AFWTR,,96.11,70.00,574,570,,,EA,ORB
STARLINK-34316,2025-142M,64707,PAY,+,US,2025-06-28,AFWTR,,96.11,70.00,575,569,,,EA,ORB
STARLINK-34563,2025-142N,64708,PAY,+,US,2025-06-28,AFWTR,,96.11,70.00,575,569,,,EA,ORB
STARLINK-34499,2025-142P,64709,PAY,+,US,2025-06-28,AFWTR,,96.11,70.00,575,569,,,EA,ORB
STARLINK-34447,2025-142Q,64710,PAY,+,US,2025-06-28,AFWTR,,96.11,70.00,575,569,,,EA,ORB
STARLINK-34312,2025-142R,64711,PAY,+,US,2025-06-28,AFWTR,,96.11,70.00,575,569,,,EA,ORB
STARLINK-34515,2025-142S,64712,PAY,+,US,2025-06-28,AFWTR,,96.11,70.00,574,570,,,EA,ORB
STARLINK-34583,2025-142T,64713,PAY,+,US,2025-06-28,AFWTR,,96.11,70.00,575,569,,,EA,ORB
STARLINK-34574,2025-142U,64714,PAY,+,US,2025-06-28,AFWTR,,96.11,70.00,574,570,,,EA,ORB
STARLINK-34533,2025-142V,64715,PAY,+,US,2025-06-28,AFWTR,,96.11,70.00,575,569,,,EA,ORB
STARLINK-34548,2025-142W,64716,PAY,+,US,2025-06-28,AFWTR,,96.11,70.00,575,569,,,EA,ORB
STARLINK-34568,2025-142X,64717,PAY,+,US,2025-06-28,AFWTR,,96.11,70.00,575,569,,,EA,ORB
STARLINK-34546,2025-142Y,64718,PAY,+,US,2025-06-28,AFWTR,,96.11,70.00,575,569,,,EA,ORB
STARLINK-34577,2025-142Z,64719,PAY,+,US,2025-06-28,AFWTR,,96.11,70.00,574,570,,,EA,ORB
STARLINK-34572,2025-142AA,64720,PAY,+,US,2025-06-28,AFWTR,,96.11,70.00,575,569,,,EA,ORB
STARLINK-34558,2025-142AB,64721,PAY,+,US,2025-06-28,AFWTR,,96.11,70.00,575,569,,,EA,ORB
MTG-S1,2025-143A,64723,PAY,+,EUME,2025-07-01,AFETR,,1436.09,0.60,35800,35773,,,EA,ORB
STARLINK-34393,2025-144A,64724,PAY,+,US,2025-07-02,AFETR,,93.85,53.16,464,462,,,EA,ORB
STARLINK-34562,2025-144B,64725,PAY,+,US,2025-07-02,AFETR,,93.90,53.16,466,465,,,EA,ORB
STARLINK-34557,2025-144C,64726,PAY,+,US,2025-07-02,AFETR,,93.85,53.16,464,462,,,EA,ORB
STARLINK-34242,2025-144D,64727,PAY,+,US,2025-07-02,AFETR,,93.85,53.16,464,462,,,EA,ORB
STARLINK-34239,2025-144E,64728,PAY,+,US,2025-07-02,AFETR,,93.85,53.16,464,462,,,EA,ORB
STARLINK-34588,2025-144F,64729,PAY,+,US,2025-07-02,AFETR,,94.10,53.16,476,474,,,EA,ORB
STARLINK-34606,2025-144G,64730,PAY,+,US,2025-07-02,AFETR,,93.85,53.16,464,462,,,EA,ORB
STARLINK-34552,2025-144H,64731,PAY,+,US,2025-07-02,AFETR,,93.85,53.16,464,462,,,EA,ORB
STARLINK-34596,2025-144J,64732,PAY,+,US,2025-07-02,AFETR,,93.85,53.16,464,462,,,EA,ORB
STARLINK-34556,2025-144K,64733,PAY,+,US,2025-07-02,AFETR,,93.85,53.16,463,462,,,EA,ORB
STARLINK-34591,2025-144L,64734,PAY,+,US,2025-07-02,AFETR,,93.85,53.16,463,462,,,EA,ORB
STARLINK-34587,2025-144M,64735,PAY,+,US,2025-07-02,AFETR,,94.11,53.16,476,474,,,EA,ORB
STARLINK-34130,2025-144N,64736,PAY,+,US,2025-07-02,AFETR,,93.85,53.16,464,462,,,EA,ORB
STARLINK-34619,2025-144P,64737,PAY,+,US,2025-07-02,AFETR,,93.90,53.16,466,464,,,EA,ORB
STARLINK-34597,2025-144Q,64738,PAY,+,US,2025-07-02,AFETR,,93.85,53.16,464,462,,,EA,ORB
STARLINK-34471,2025-144R,64739,PAY,+,US,2025-07-02,AFETR,,94.10,53.16,476,474,,,EA,ORB
STARLINK-34208,2025-144S,64740,PAY,+,US,2025-07-02,AFETR,,93.85,53.16,464,462,,,EA,ORB
STARLINK-34205,2025-144T,64741,PAY,+,US,2025-07-02,AFETR,,93.85,53.16,464,462,,,EA,ORB
STARLINK-34607,2025-144U,64742,PAY,+,US,2025-07-02,AFETR,,93.90,53.16,466,465,,,EA,ORB
STARLINK-34236,2025-144V,64743,PAY,+,US,2025-07-02,AFETR,,93.85,53.16,464,462,,,EA,ORB
STARLINK-34185,2025-144W,64744,PAY,+,US,2025-07-02,AFETR,,93.85,53.16,464,462,,,EA,ORB
STARLINK-34581,2025-144X,64745,PAY,+,US,2025-07-02,AFETR,,93.90,53.16,466,465,,,EA,ORB
STARLINK-34592,2025-144Y,64746,PAY,+,US,2025-07-02,AFETR,,93.85,53.16,464,462,,,EA,ORB
STARLINK-34589,2025-144Z,64747,PAY,+,US,2025-07-02,AFETR,,93.85,53.16,464,462,,,EA,ORB
STARLINK-34536,2025-144AA,64748,PAY,+,US,2025-07-02,AFETR,,94.11,53.16,476,474,,,EA,ORB
STARLINK-34595,2025-144AB,64749,PAY,+,US,2025-07-02,AFETR,,93.91,53.16,466,465,,,EA,ORB
STARLINK-34531,2025-144AC,64750,PAY,+,US,2025-07-02,AFETR,,93.85,53.16,464,462,,,EA,ORB
PROGRESS-MS 31,2025-146A,64751,PAY,D,CIS,2025-07-03,TYMSC,2026-03-16,93.00,51.63,426,417,,,EA,IMP
SL-4 R/B,2025-146B,64752,R/B,D,CIS,2025-07-03,TYMSC,2025-07-05,87.70,51.65,166,156,,,EA,IMP
SHIYAN-28B 01,2025-145A,64753,PAY,+,PRC,2025-07-03,XICLF,,100.74,11.00,796,791,,,EA,ORB
CZ-4C R/B,2025-145B,64754,R/B,,PRC,2025-07-03,XICLF,,98.85,10.98,789,618,,,EA,ORB
STARLINK-33965,2025-147A,64755,PAY,+,US,2025-07-08,AFETR,,93.85,53.16,464,462,,,EA,ORB
STARLINK-34371,2025-147B,64756,PAY,+,US,2025-07-08,AFETR,,94.01,53.16,472,470,,,EA,ORB
STARLINK-34401,2025-147C,64757,PAY,+,US,2025-07-08,AFETR,,93.85,53.16,464,462,,,EA,ORB
STARLINK-34593,2025-147D,64758,PAY,+,US,2025-07-08,AFETR,,93.85,53.16,464,462,,,EA,ORB
STARLINK-34598,2025-147E,64759,PAY,+,US,2025-07-08,AFETR,,93.85,53.16,464,462,,,EA,ORB
STARLINK-34235,2025-147F,64760,PAY,+,US,2025-07-08,AFETR,,93.85,53.16,464,462,,,EA,ORB
STARLINK-34635,2025-147G,64761,PAY,+,US,2025-07-08,AFETR,,93.85,53.16,464,462,,,EA,ORB
STARLINK-34638,2025-147H,64762,PAY,+,US,2025-07-08,AFETR,,93.85,53.16,464,462,,,EA,ORB
STARLINK-34534,2025-147J,64763,PAY,+,US,2025-07-08,AFETR,,93.85,53.16,464,462,,,EA,ORB
STARLINK-34261,2025-147K,64764,PAY,+,US,2025-07-08,AFETR,,93.85,53.16,464,462,,,EA,ORB
STARLINK-34566,2025-147L,64765,PAY,+,US,2025-07-08,AFETR,,93.85,53.16,463,462,,,EA,ORB
STARLINK-34645,2025-147M,64766,PAY,+,US,2025-07-08,AFETR,,94.10,53.16,476,474,,,EA,ORB
STARLINK-34639,2025-147N,64767,PAY,+,US,2025-07-08,AFETR,,93.85,53.16,464,462,,,EA,ORB
STARLINK-34609,2025-147P,64768,PAY,+,US,2025-07-08,AFETR,,93.85,53.16,464,462,,,EA,ORB
STARLINK-34246,2025-147Q,64769,PAY,+,US,2025-07-08,AFETR,,93.85,53.16,463,462,,,EA,ORB
STARLINK-34618,2025-147R,64770,PAY,+,US,2025-07-08,AFETR,,93.85,53.16,464,461,,,EA,ORB
STARLINK-34541,2025-147S,64771,PAY,+,US,2025-07-08,AFETR,,93.85,53.16,464,462,,,EA,ORB
STARLINK-34652,2025-147T,64772,PAY,+,US,2025-07-08,AFETR,,93.85,53.16,464,462,,,EA,ORB
STARLINK-34612,2025-147U,64773,PAY,+,US,2025-07-08,AFETR,,93.85,53.16,464,462,,,EA,ORB
STARLINK-34621,2025-147V,64774,PAY,+,US,2025-07-08,AFETR,,94.10,53.16,476,474,,,EA,ORB
STARLINK-34657,2025-147W,64775,PAY,+,US,2025-07-08,AFETR,,93.85,53.16,464,461,,,EA,ORB
STARLINK-34637,2025-147X,64776,PAY,+,US,2025-07-08,AFETR,,93.85,53.16,464,462,,,EA,ORB
STARLINK-34547,2025-147Y,64777,PAY,+,US,2025-07-08,AFETR,,93.85,53.16,464,462,,,EA,ORB
STARLINK-34537,2025-147Z,64778,PAY,+,US,2025-07-08,AFETR,,93.85,53.16,463,462,,,EA,ORB
STARLINK-34585,2025-147AA,64779,PAY,+,US,2025-07-08,AFETR,,93.85,53.16,464,462,,,EA,ORB
STARLINK-34491,2025-147AB,64780,PAY,+,US,2025-07-08,AFETR,,93.85,53.16,464,462,,,EA,ORB
STARLINK-34582,2025-147AC,64781,PAY,+,US,2025-07-08,AFETR,,93.85,53.16,464,462,,,EA,ORB
STARLINK-34482,2025-147AD,64782,PAY,+,US,2025-07-08,AFETR,,93.85,53.16,463,462,,,EA,ORB
CZ-4C DEB,2025-145C,64783,DEB,D,PRC,2025-07-03,XICLF,2025-09-29,95.82,11.06,617,499,,,EA,IMP
DROR 1,2025-148A,64784,PAY,+,ISRA,2025-07-13,AFETR,,1436.09,0.01,35790,35783,,,EA,ORB
FALCON 9 R/B,2025-148B,64785,R/B,D,US,2025-07-13,AFETR,2025-07-14,1197.02,24.22,61736,197,,,EA,IMP
TIANZHOU-9,2025-149A,64786,PAY,D,PRC,2025-07-14,WSC,2026-05-06,92.10,41.47,381,374,,,EA,IMP
CZ-7 R/B,2025-149B,64787,R/B,D,PRC,2025-07-14,WSC,2025-07-29,88.20,41.46,213,158,,,EA,IMP
CZ-7 DEB,2025-149C,64788,DEB,D,PRC,2025-07-14,WSC,2025-07-19,89.52,41.62,327,175,,,EA,IMP
CZ-7 DEB,2025-149D,64789,DEB,D,PRC,2025-07-14,WSC,2025-07-19,89.24,41.78,303,171,,,EA,IMP
STARLINK-34629,2025-150A,64790,PAY,+,US,2025-07-16,AFWTR,,96.11,70.00,574,570,,,EA,ORB
STARLINK-34697,2025-150B,64791,PAY,+,US,2025-07-16,AFWTR,,96.11,70.00,574,570,,,EA,ORB
STARLINK-34632,2025-150C,64792,PAY,+,US,2025-07-16,AFWTR,,96.11,70.00,574,570,,,EA,ORB
STARLINK-34693,2025-150D,64793,PAY,+,US,2025-07-16,AFWTR,,96.11,70.00,574,570,,,EA,ORB
STARLINK-34666,2025-150E,64794,PAY,+,US,2025-07-16,AFWTR,,96.11,70.00,574,570,,,EA,ORB
STARLINK-34567,2025-150F,64795,PAY,+,US,2025-07-16,AFWTR,,96.11,70.00,574,570,,,EA,ORB
STARLINK-34646,2025-150G,64796,PAY,+,US,2025-07-16,AFWTR,,96.11,70.00,574,570,,,EA,ORB
STARLINK-34641,2025-150H,64797,PAY,+,US,2025-07-16,AFWTR,,96.11,70.00,574,570,,,EA,ORB
STARLINK-34649,2025-150J,64798,PAY,+,US,2025-07-16,AFWTR,,96.11,70.00,574,570,,,EA,ORB
STARLINK-34662,2025-150K,64799,PAY,+,US,2025-07-16,AFWTR,,96.11,70.00,574,570,,,EA,ORB
STARLINK-34660,2025-150L,64800,PAY,+,US,2025-07-16,AFWTR,,96.11,70.00,574,570,,,EA,ORB
STARLINK-34604,2025-150M,64801,PAY,+,US,2025-07-16,AFWTR,,96.11,70.00,574,570,,,EA,ORB
STARLINK-34658,2025-150N,64802,PAY,+,US,2025-07-16,AFWTR,,96.11,70.00,574,570,,,EA,ORB
STARLINK-34620,2025-150P,64803,PAY,+,US,2025-07-16,AFWTR,,96.11,70.00,574,570,,,EA,ORB
STARLINK-34633,2025-150Q,64804,PAY,+,US,2025-07-16,AFWTR,,96.11,70.00,574,570,,,EA,ORB
STARLINK-34624,2025-150R,64805,PAY,+,US,2025-07-16,AFWTR,,96.11,70.00,574,570,,,EA,ORB
STARLINK-34664,2025-150S,64806,PAY,+,US,2025-07-16,AFWTR,,96.11,69.99,574,570,,,EA,ORB
STARLINK-34663,2025-150T,64807,PAY,+,US,2025-07-16,AFWTR,,96.11,70.00,574,570,,,EA,ORB
STARLINK-34696,2025-150U,64808,PAY,+,US,2025-07-16,AFWTR,,96.11,70.00,574,570,,,EA,ORB
STARLINK-34675,2025-150V,64809,PAY,+,US,2025-07-16,AFWTR,,96.11,70.00,574,570,,,EA,ORB
STARLINK-34608,2025-150W,64810,PAY,+,US,2025-07-16,AFWTR,,96.11,70.00,574,570,,,EA,ORB
STARLINK-34669,2025-150X,64811,PAY,+,US,2025-07-16,AFWTR,,96.11,70.00,574,570,,,EA,ORB
STARLINK-34644,2025-150Y,64812,PAY,+,US,2025-07-16,AFWTR,,96.11,70.00,574,570,,,EA,ORB
STARLINK-34685,2025-150Z,64813,PAY,+,US,2025-07-16,AFWTR,,96.11,70.00,574,570,,,EA,ORB
STARLINK-34668,2025-150AA,64814,PAY,+,US,2025-07-16,AFWTR,,96.11,70.00,574,570,,,EA,ORB
STARLINK-34667,2025-150AB,64815,PAY,+,US,2025-07-16,AFWTR,,96.11,70.00,574,570,,,EA,ORB
KUIPER-00069,2025-151A,64816,PAY,+,US,2025-07-16,AFETR,,97.30,51.90,630,629,,,EA,ORB
KUIPER-00070,2025-151B,64817,PAY,+,US,2025-07-16,AFETR,,97.30,51.90,630,629,,,EA,ORB
KUIPER-00071,2025-151C,64818,PAY,+,US,2025-07-16,AFETR,,97.30,51.90,630,629,,,EA,ORB
KUIPER-00072,2025-151D,64819,PAY,+,US,2025-07-16,AFETR,,97.30,51.90,630,629,,,EA,ORB
KUIPER-00073,2025-151E,64820,PAY,+,US,2025-07-16,AFETR,,97.30,51.90,630,629,,,EA,ORB
KUIPER-00074,2025-151F,64821,PAY,D,US,2025-07-16,AFETR,2026-07-28,88.03,51.86,181,172,,,EA,IMP
KUIPER-00075,2025-151G,64822,PAY,+,US,2025-07-16,AFETR,,93.61,51.86,453,449,,,EA,ORB
KUIPER-00076,2025-151H,64823,PAY,+,US,2025-07-16,AFETR,,97.30,51.90,630,629,,,EA,ORB
KUIPER-00077,2025-151J,64824,PAY,+,US,2025-07-16,AFETR,,97.30,51.90,630,629,,,EA,ORB
KUIPER-00078,2025-151K,64825,PAY,+,US,2025-07-16,AFETR,,97.30,51.90,630,629,,,EA,ORB
KUIPER-00079,2025-151L,64826,PAY,+,US,2025-07-16,AFETR,,97.30,51.90,630,629,,,EA,ORB
KUIPER-00080,2025-151M,64827,PAY,+,US,2025-07-16,AFETR,,97.30,51.90,630,629,,,EA,ORB
KUIPER-00082,2025-151N,64828,PAY,+,US,2025-07-16,AFETR,,97.30,51.90,630,629,,,EA,ORB
KUIPER-00083,2025-151P,64829,PAY,+,US,2025-07-16,AFETR,,97.30,51.90,630,629,,,EA,ORB
KUIPER-00084,2025-151Q,64830,PAY,+,US,2025-07-16,AFETR,,97.30,51.90,630,629,,,EA,ORB
KUIPER-00085,2025-151R,64831,PAY,+,US,2025-07-16,AFETR,,97.30,51.90,630,629,,,EA,ORB
KUIPER-00086,2025-151S,64832,PAY,+,US,2025-07-16,AFETR,,97.30,51.90,630,629,,,EA,ORB
KUIPER-00087,2025-151T,64833,PAY,+,US,2025-07-16,AFETR,,97.30,51.90,630,629,,,EA,ORB
KUIPER-00089,2025-151U,64834,PAY,+,US,2025-07-16,AFETR,,97.30,51.90,630,629,,,EA,ORB
KUIPER-00090,2025-151V,64835,PAY,+,US,2025-07-16,AFETR,,97.30,51.90,630,629,,,EA,ORB
KUIPER-00091,2025-151W,64836,PAY,+,US,2025-07-16,AFETR,,97.30,51.90,630,629,,,EA,ORB
KUIPER-00092,2025-151X,64837,PAY,+,US,2025-07-16,AFETR,,97.30,51.90,630,629,,,EA,ORB
KUIPER-00093,2025-151Y,64838,PAY,+,US,2025-07-16,AFETR,,97.30,51.90,630,629,,,EA,ORB
KUIPER-00094,2025-151Z,64839,PAY,+,US,2025-07-16,AFETR,,97.30,51.90,630,629,,,EA,ORB
LEMUR-2-HUBBLE-5,2025-135BT,64840,PAY,+,US,2025-06-23,AFWTR,,96.37,97.78,589,580,,,EA,ORB
LEMUR-2-KARENDARRELL,2025-135BU,64841,PAY,+,US,2025-06-23,AFWTR,,95.94,97.78,573,555,,,EA,ORB
STARLINK-34723,2025-152A,64842,PAY,+,US,2025-07-19,AFWTR,,93.91,97.29,467,464,,,EA,ORB
STARLINK-34725,2025-152B,64843,PAY,+,US,2025-07-19,AFWTR,,93.91,97.28,467,464,,,EA,ORB
STARLINK-34709,2025-152C,64844,PAY,+,US,2025-07-19,AFWTR,,93.91,97.29,467,464,,,EA,ORB
STARLINK-34706,2025-152D,64845,PAY,+,US,2025-07-19,AFWTR,,93.91,97.28,467,464,,,EA,ORB
STARLINK-34736,2025-152E,64846,PAY,+,US,2025-07-19,AFWTR,,93.90,97.29,466,464,,,EA,ORB
STARLINK-34746,2025-152F,64847,PAY,+,US,2025-07-19,AFWTR,,93.91,97.29,467,464,,,EA,ORB
STARLINK-34748,2025-152G,64848,PAY,+,US,2025-07-19,AFWTR,,94.22,97.28,481,481,,,EA,ORB
STARLINK-34756,2025-152H,64849,PAY,+,US,2025-07-19,AFWTR,,93.91,97.29,467,464,,,EA,ORB
STARLINK-34757,2025-152J,64850,PAY,+,US,2025-07-19,AFWTR,,93.91,97.29,466,465,,,EA,ORB
STARLINK-34722,2025-152K,64851,PAY,+,US,2025-07-19,AFWTR,,93.91,97.29,467,465,,,EA,ORB
STARLINK-34564,2025-152L,64852,PAY,+,US,2025-07-19,AFWTR,,93.91,97.29,467,464,,,EA,ORB
STARLINK-34676,2025-152M,64853,PAY,+,US,2025-07-19,AFWTR,,93.91,97.28,467,465,,,EA,ORB
STARLINK-34682,2025-152N,64854,PAY,+,US,2025-07-19,AFWTR,,93.91,97.29,466,465,,,EA,ORB
STARLINK-34631,2025-152P,64855,PAY,+,US,2025-07-19,AFWTR,,94.31,97.29,486,484,,,EA,ORB
STARLINK-34578,2025-152Q,64856,PAY,+,US,2025-07-19,AFWTR,,94.17,97.29,479,478,,,EA,ORB
STARLINK-34683,2025-152R,64857,PAY,+,US,2025-07-19,AFWTR,,93.91,97.29,467,465,,,EA,ORB
STARLINK-34654,2025-152S,64858,PAY,+,US,2025-07-19,AFWTR,,94.48,97.29,494,493,,,EA,ORB
STARLINK-34575,2025-152T,64859,PAY,+,US,2025-07-19,AFWTR,,94.71,97.28,505,504,,,EA,ORB
STARLINK-34570,2025-152U,64860,PAY,+,US,2025-07-19,AFWTR,,94.06,97.29,474,472,,,EA,ORB
STARLINK-34651,2025-152V,64861,PAY,+,US,2025-07-19,AFWTR,,94.38,97.29,491,486,,,EA,ORB
STARLINK-34684,2025-152W,64862,PAY,+,US,2025-07-19,AFWTR,,94.02,97.28,473,469,,,EA,ORB
STARLINK-34690,2025-152X,64863,PAY,+,US,2025-07-19,AFWTR,,94.40,97.28,490,489,,,EA,ORB
STARLINK-34628,2025-152Y,64864,PAY,+,US,2025-07-19,AFWTR,,94.42,97.29,491,490,,,EA,ORB
STARLINK-34544,2025-152Z,64865,PAY,+,US,2025-07-19,AFWTR,,94.09,97.29,475,474,,,EA,ORB
O3B MPOWER F9,2025-153A,64866,PAY,+,O3B,2025-07-22,AFETR,,287.93,0.07,8076,8056,,,EA,ORB
O3B MPOWER F10,2025-153B,64867,PAY,+,O3B,2025-07-22,AFETR,,287.93,0.06,8071,8061,,,EA,ORB
FALCON 9 R/B,2025-153C,64868,R/B,,US,2025-07-22,AFETR,,196.64,9.71,6998,2649,,,EA,ORB
LIDE,2025-154A,64869,PAY,+,IT,2025-07-23,AFWTR,,96.34,97.67,587,579,,,EA,ORB
TRACERS 1,2025-154B,64870,PAY,+,US,2025-07-23,AFWTR,,96.41,97.66,591,582,,,EA,ORB
ATHENA EPIC,2025-154C,64871,PAY,+,US,2025-07-23,AFWTR,,96.37,97.66,590,579,,,EA,ORB
SKYCRAFT-4B,2025-154D,64872,PAY,+,AUS,2025-07-23,AFWTR,,96.11,97.66,576,569,,,EA,ORB
TRACERS 2,2025-154E,64873,PAY,+,US,2025-07-23,AFWTR,,96.41,97.66,590,583,,,EA,ORB
PEXT (BARD),2025-154F,64874,PAY,+,US,2025-07-23,AFWTR,,94.69,97.39,506,501,,,EA,ORB
REAL,2025-154G,64875,PAY,+,US,2025-07-23,AFWTR,,93.79,97.40,461,459,,,EA,ORB
IONOSFERA-M 3,2025-155A,64876,PAY,+,CIS,2025-07-25,VOSTO,,101.30,98.61,822,819,,,EA,ORB
IONOSFERA-M 4,2025-155B,64877,PAY,+,CIS,2025-07-25,VOSTO,,101.30,98.61,821,819,,,EA,ORB
INNOSAT 16 (RS92S7),2025-155C,64878,PAY,+,MALA,2025-07-25,VOSTO,,94.36,97.46,494,481,,,EA,ORB
GEOSCAN 6 (RS92S6),2025-155D,64879,PAY,+,CIS,2025-07-25,VOSTO,,94.04,97.46,476,468,,,EA,ORB
GEOSCAN 1 (RS92S1),2025-155E,64880,PAY,+,CIS,2025-07-25,VOSTO,,94.00,97.46,474,466,,,EA,ORB
239ALFEROV (RS61S),2025-155F,64881,PAY,+,CIS,2025-07-25,VOSTO,,93.84,97.46,466,459,,,EA,ORB
OBJECT G,2025-155G,64882,PAY,+,TBD,2025-07-25,VOSTO,,94.09,97.46,478,470,,,EA,ORB
OBJECT H,2025-155H,64883,PAY,+,TBD,2025-07-25,VOSTO,,94.09,97.46,478,471,,,EA,ORB
OBJECT J,2025-155J,64884,PAY,+,TBD,2025-07-25,VOSTO,,94.09,97.46,478,471,,,EA,ORB
OBJECT K,2025-155K,64885,PAY,+,TBD,2025-07-25,VOSTO,,93.29,97.46,437,434,,,EA,ORB
OBJECT L,2025-155L,64886,PAY,+,TBD,2025-07-25,VOSTO,,93.17,97.45,431,428,,,EA,ORB
OBJECT M,2025-155M,64887,PAY,+,TBD,2025-07-25,VOSTO,,93.42,97.46,444,439,,,EA,ORB
OBJECT N,2025-155N,64888,PAY,+,TBD,2025-07-25,VOSTO,,93.16,97.45,431,428,,,EA,ORB
OBJECT P,2025-155P,64889,PAY,+,TBD,2025-07-25,VOSTO,,94.30,97.47,489,481,,,EA,ORB
GEOSCAN 2 (RS92S2),2025-155Q,64890,PAY,+,CIS,2025-07-25,VOSTO,,93.98,97.46,472,466,,,EA,ORB
GEOSCAN 5 (RS92S5),2025-155R,64891,PAY,+,CIS,2025-07-25,VOSTO,,93.82,97.46,464,458,,,EA,ORB
GEOSCAN 4 (RS92S4),2025-155S,64892,PAY,+,CIS,2025-07-25,VOSTO,,93.81,97.46,464,458,,,EA,ORB
GEOSCAN 3 (RS92S3),2025-155T,64893,PAY,+,CIS,2025-07-25,VOSTO,,93.66,97.46,456,451,,,EA,ORB
INNOSAT 3 (RS92S0),2025-155U,64894,PAY,+,MALA,2025-07-25,VOSTO,,92.99,97.45,422,420,,,EA,ORB
OBJECT V,2025-155V,64895,PAY,+,TBD,2025-07-25,VOSTO,,94.09,97.46,478,471,,,EA,ORB
SKYCRAFT-4C,2025-154H,64896,PAY,+,AUS,2025-07-23,AFWTR,,96.29,97.66,585,576,,,EA,ORB
SKYCRAFT-4A,2025-154J,64897,PAY,+,AUS,2025-07-23,AFWTR,,96.17,97.67,580,570,,,EA,ORB
SKYKRAFT-4D,2025-154K,64898,PAY,+,AUS,2025-07-23,AFWTR,,96.20,97.66,580,573,,,EA,ORB
MICROCARB,2025-156A,64899,PAY,+,FR,2025-07-26,FRGUI,,97.77,98.00,665,639,,,EA,ORB
CO3D 3,2025-156B,64900,PAY,+,FR,2025-07-26,FRGUI,,94.72,97.43,506,505,,,EA,ORB
CO3D 4,2025-156C,64901,PAY,+,FR,2025-07-26,FRGUI,,94.72,97.43,507,503,,,EA,ORB
CO3D 2,2025-156D,64902,PAY,+,FR,2025-07-26,FRGUI,,94.72,97.43,506,504,,,EA,ORB
CO3D 1,2025-156E,64903,PAY,+,FR,2025-07-26,FRGUI,,94.72,97.43,506,504,,,EA,ORB
STARLINK-34647,2025-157A,64904,PAY,+,US,2025-07-26,AFETR,,93.85,53.16,463,462,,,EA,ORB
STARLINK-34273,2025-157B,64905,PAY,+,US,2025-07-26,AFETR,,93.85,53.16,463,462,,,EA,ORB
STARLINK-34713,2025-157C,64906,PAY,+,US,2025-07-26,AFETR,,93.85,53.16,463,462,,,EA,ORB
STARLINK-34712,2025-157D,64907,PAY,+,US,2025-07-26,AFETR,,93.85,53.16,464,462,,,EA,ORB
STARLINK-34702,2025-157E,64908,PAY,+,US,2025-07-26,AFETR,,94.01,53.16,471,470,,,EA,ORB
STARLINK-34687,2025-157F,64909,PAY,+,US,2025-07-26,AFETR,,93.85,53.16,464,461,,,EA,ORB
STARLINK-34642,2025-157G,64910,PAY,+,US,2025-07-26,AFETR,,94.01,53.16,471,470,,,EA,ORB
STARLINK-34718,2025-157H,64911,PAY,+,US,2025-07-26,AFETR,,93.85,53.16,463,462,,,EA,ORB
STARLINK-34711,2025-157J,64912,PAY,+,US,2025-07-26,AFETR,,93.85,53.16,463,463,,,EA,ORB
STARLINK-34659,2025-157K,64913,PAY,+,US,2025-07-26,AFETR,,94.01,53.16,472,470,,,EA,ORB
STARLINK-34571,2025-157L,64914,PAY,+,US,2025-07-26,AFETR,,93.85,53.16,463,462,,,EA,ORB
STARLINK-34636,2025-157M,64915,PAY,+,US,2025-07-26,AFETR,,93.85,53.16,464,462,,,EA,ORB
STARLINK-34695,2025-157N,64916,PAY,+,US,2025-07-26,AFETR,,93.85,53.16,464,462,,,EA,ORB
STARLINK-34653,2025-157P,64917,PAY,+,US,2025-07-26,AFETR,,94.01,53.16,471,470,,,EA,ORB
STARLINK-34611,2025-157Q,64918,PAY,+,US,2025-07-26,AFETR,,93.85,53.16,463,462,,,EA,ORB
STARLINK-34599,2025-157R,64919,PAY,+,US,2025-07-26,AFETR,,93.85,53.16,463,462,,,EA,ORB
STARLINK-34069,2025-157S,64920,PAY,+,US,2025-07-26,AFETR,,93.85,53.16,463,462,,,EA,ORB
STARLINK-34699,2025-157T,64921,PAY,+,US,2025-07-26,AFETR,,93.85,53.16,464,462,,,EA,ORB
STARLINK-34700,2025-157U,64922,PAY,+,US,2025-07-26,AFETR,,93.85,53.16,464,462,,,EA,ORB
STARLINK-34643,2025-157V,64923,PAY,+,US,2025-07-26,AFETR,,93.85,53.16,463,462,,,EA,ORB
STARLINK-34199,2025-157W,64924,PAY,+,US,2025-07-26,AFETR,,94.01,53.16,471,470,,,EA,ORB
STARLINK-34579,2025-157X,64925,PAY,+,US,2025-07-26,AFETR,,93.85,53.16,464,462,,,EA,ORB
STARLINK-34543,2025-157Y,64926,PAY,+,US,2025-07-26,AFETR,,94.01,53.16,471,470,,,EA,ORB
STARLINK-34661,2025-157Z,64927,PAY,+,US,2025-07-26,AFETR,,93.85,53.16,463,462,,,EA,ORB
STARLINK-34248,2025-157AA,64928,PAY,+,US,2025-07-26,AFETR,,93.85,53.16,463,462,,,EA,ORB
STARLINK-34290,2025-157AB,64929,PAY,+,US,2025-07-26,AFETR,,93.85,53.16,463,462,,,EA,ORB
STARLINK-34220,2025-157AC,64930,PAY,+,US,2025-07-26,AFETR,,94.01,53.16,472,470,,,EA,ORB
STARLINK-34715,2025-157AD,64931,PAY,+,US,2025-07-26,AFETR,,93.85,53.16,463,462,,,EA,ORB
STARLINK-34705,2025-158A,64932,PAY,+,US,2025-07-27,AFWTR,,95.64,97.28,551,548,,,EA,ORB
STARLINK-34737,2025-158B,64933,PAY,+,US,2025-07-27,AFWTR,,95.64,97.28,551,548,,,EA,ORB
STARLINK-34775,2025-158C,64934,PAY,+,US,2025-07-27,AFWTR,,95.64,97.29,551,548,,,EA,ORB
STARLINK-34726,2025-158D,64935,PAY,+,US,2025-07-27,AFWTR,,95.64,97.29,551,548,,,EA,ORB
STARLINK-34529,2025-158E,64936,PAY,+,US,2025-07-27,AFWTR,,95.64,97.28,551,548,,,EA,ORB
STARLINK-34743,2025-158F,64937,PAY,+,US,2025-07-27,AFWTR,,95.64,97.28,551,548,,,EA,ORB
STARLINK-34730,2025-158G,64938,PAY,+,US,2025-07-27,AFWTR,,95.64,97.28,551,548,,,EA,ORB
STARLINK-34714,2025-158H,64939,PAY,+,US,2025-07-27,AFWTR,,95.64,97.28,551,548,,,EA,ORB
STARLINK-34755,2025-158J,64940,PAY,+,US,2025-07-27,AFWTR,,95.69,97.29,554,550,,,EA,ORB
STARLINK-34740,2025-158K,64941,PAY,+,US,2025-07-27,AFWTR,,95.64,97.28,551,548,,,EA,ORB
STARLINK-34742,2025-158L,64942,PAY,+,US,2025-07-27,AFWTR,,95.64,97.28,551,548,,,EA,ORB
STARLINK-34719,2025-158M,64943,PAY,+,US,2025-07-27,AFWTR,,95.64,97.28,551,548,,,EA,ORB
STARLINK-34373,2025-158N,64944,PAY,+,US,2025-07-27,AFWTR,,95.64,97.28,551,548,,,EA,ORB
STARLINK-34758,2025-158P,64945,PAY,+,US,2025-07-27,AFWTR,,95.64,97.29,551,548,,,EA,ORB
STARLINK-34753,2025-158Q,64946,PAY,+,US,2025-07-27,AFWTR,,95.64,97.29,551,548,,,EA,ORB
STARLINK-34747,2025-158R,64947,PAY,+,US,2025-07-27,AFWTR,,95.64,97.28,551,548,,,EA,ORB
STARLINK-34630,2025-158S,64948,PAY,+,US,2025-07-27,AFWTR,,95.64,97.28,551,548,,,EA,ORB
STARLINK-34689,2025-158T,64949,PAY,+,US,2025-07-27,AFWTR,,95.64,97.28,551,548,,,EA,ORB
STARLINK-34586,2025-158U,64950,PAY,+,US,2025-07-27,AFWTR,,95.64,97.28,551,548,,,EA,ORB
STARLINK-34738,2025-158V,64951,PAY,+,US,2025-07-27,AFWTR,,95.64,97.28,550,549,,,EA,ORB
STARLINK-34744,2025-158W,64952,PAY,+,US,2025-07-27,AFWTR,,95.64,97.28,551,548,,,EA,ORB
STARLINK-34701,2025-158X,64953,PAY,+,US,2025-07-27,AFWTR,,95.64,97.28,551,548,,,EA,ORB
STARLINK-34761,2025-158Y,64954,PAY,+,US,2025-07-27,AFWTR,,95.64,97.28,551,548,,,EA,ORB
STARLINK-34732,2025-158Z,64955,PAY,+,US,2025-07-27,AFWTR,,95.64,97.29,551,548,,,EA,ORB
HULIANWANG DIGUI-35,2025-159A,64956,PAY,+,PRC,2025-07-27,TAISC,,108.73,86.49,1169,1167,,,EA,ORB
HULIANWANG DIGUI-36,2025-159B,64957,PAY,+,PRC,2025-07-27,TAISC,,108.73,86.49,1169,1166,,,EA,ORB
HULIANWANG DIGUI-37,2025-159C,64958,PAY,+,PRC,2025-07-27,TAISC,,108.73,86.49,1169,1166,,,EA,ORB
HULIANWANG DIGUI-38,2025-159D,64959,PAY,+,PRC,2025-07-27,TAISC,,108.73,86.49,1169,1166,,,EA,ORB
HULIANWANG DIGUI-39,2025-159E,64960,PAY,+,PRC,2025-07-27,TAISC,,108.73,86.49,1169,1166,,,EA,ORB
CZ-6A R/B,2025-159F,64961,R/B,,PRC,2025-07-27,TAISC,,103.29,86.50,989,839,,,EA,ORB
ENSHI XIDA SHANQUAN,2025-160A,64962,PAY,+,PRC,2025-07-29,JSC,,93.12,97.36,430,424,,,EA,ORB
SQX-1 R/B,2025-160B,64963,R/B,D,PRC,2025-07-29,JSC,2025-12-25,87.22,97.40,148,126,,,EA,IMP
STARLINK-34617,2025-161A,65015,PAY,+,US,2025-07-30,AFWTR,,91.41,53.16,345,343,,,EA,ORB
STARLINK-34627,2025-161B,65016,PAY,+,US,2025-07-30,AFWTR,,93.85,53.16,463,462,,,EA,ORB
STARLINK-34549,2025-161C,65017,PAY,+,US,2025-07-30,AFWTR,,93.85,53.16,463,462,,,EA,ORB
STARLINK-34623,2025-161D,65018,PAY,+,US,2025-07-30,AFWTR,,93.85,53.16,463,462,,,EA,ORB
STARLINK-34232,2025-161E,65019,PAY,+,US,2025-07-30,AFWTR,,93.85,53.16,464,462,,,EA,ORB
STARLINK-34772,2025-161F,65020,PAY,+,US,2025-07-30,AFWTR,,93.85,53.16,464,462,,,EA,ORB
STARLINK-34778,2025-161G,65021,PAY,+,US,2025-07-30,AFWTR,,93.85,53.16,463,462,,,EA,ORB
STARLINK-34789,2025-161H,65022,PAY,+,US,2025-07-30,AFWTR,,93.85,53.16,464,461,,,EA,ORB
STARLINK-34858,2025-161J,65023,PAY,+,US,2025-07-30,AFWTR,,93.85,53.16,463,462,,,EA,ORB
STARLINK-34773,2025-161K,65024,PAY,+,US,2025-07-30,AFWTR,,93.85,53.16,463,462,,,EA,ORB
STARLINK-34727,2025-161L,65025,PAY,+,US,2025-07-30,AFWTR,,93.85,53.16,464,461,,,EA,ORB
STARLINK-34804,2025-161M,65026,PAY,+,US,2025-07-30,AFWTR,,93.85,53.16,464,462,,,EA,ORB
STARLINK-34655,2025-161N,65027,PAY,+,US,2025-07-30,AFWTR,,93.85,53.16,463,462,,,EA,ORB
STARLINK-34807,2025-161P,65028,PAY,+,US,2025-07-30,AFWTR,,93.85,53.16,464,462,,,EA,ORB
STARLINK-34731,2025-161Q,65029,PAY,+,US,2025-07-30,AFWTR,,93.85,53.16,464,461,,,EA,ORB
STARLINK-34614,2025-161R,65030,PAY,+,US,2025-07-30,AFWTR,,93.85,53.16,464,462,,,EA,ORB
STARLINK-34677,2025-161S,65031,PAY,+,US,2025-07-30,AFWTR,,93.85,53.16,464,462,,,EA,ORB
STARLINK-34656,2025-161T,65032,PAY,+,US,2025-07-30,AFWTR,,93.85,53.16,463,462,,,EA,ORB
STARLINK-34671,2025-161U,65033,PAY,D,US,2025-07-30,AFWTR,2026-05-19,88.93,53.15,227,216,,,EA,IMP
STARLINK-34610,2025-161V,65034,PAY,+,US,2025-07-30,AFWTR,,93.85,53.16,464,462,,,EA,ORB
STARLINK-34286,2025-161W,65035,PAY,+,US,2025-07-30,AFWTR,,93.85,53.16,463,463,,,EA,ORB
STARLINK-34770,2025-161X,65036,PAY,+,US,2025-07-30,AFWTR,,93.85,53.16,464,461,,,EA,ORB
STARLINK-34776,2025-161Y,65037,PAY,+,US,2025-07-30,AFWTR,,93.85,53.16,465,461,,,EA,ORB
STARLINK-34827,2025-161Z,65038,PAY,+,US,2025-07-30,AFWTR,,93.85,53.16,463,462,,,EA,ORB
STARLINK-34721,2025-161AA,65039,PAY,+,US,2025-07-30,AFWTR,,93.85,53.16,464,462,,,EA,ORB
STARLINK-34819,2025-161AB,65040,PAY,+,US,2025-07-30,AFWTR,,93.85,53.16,464,462,,,EA,ORB
STARLINK-34820,2025-161AC,65041,PAY,+,US,2025-07-30,AFWTR,,93.85,53.16,463,462,,,EA,ORB
STARLINK-34824,2025-161AD,65042,PAY,+,US,2025-07-30,AFWTR,,93.85,53.16,464,462,,,EA,ORB
HULIANWANG DIGUI-40,2025-162A,65043,PAY,+,PRC,2025-07-30,WSC,,108.33,50.00,1150,1149,,,EA,ORB
HULIANWANG DIGUI-41,2025-162B,65044,PAY,+,PRC,2025-07-30,WSC,,108.33,50.00,1150,1149,,,EA,ORB
HULIANWANG DIGUI-42,2025-162C,65045,PAY,+,PRC,2025-07-30,WSC,,108.33,50.00,1150,1149,,,EA,ORB
HULIANWANG DIGUI-43,2025-162D,65046,PAY,+,PRC,2025-07-30,WSC,,108.33,50.00,1150,1149,,,EA,ORB
HULIANWANG DIGUI-44,2025-162E,65047,PAY,+,PRC,2025-07-30,WSC,,108.33,50.00,1150,1148,,,EA,ORB
HULIANWANG DIGUI-45,2025-162F,65048,PAY,+,PRC,2025-07-30,WSC,,108.33,50.01,1150,1149,,,EA,ORB
HULIANWANG DIGUI-46,2025-162G,65049,PAY,+,PRC,2025-07-30,WSC,,108.33,50.01,1150,1149,,,EA,ORB
HULIANWANG DIGUI-47,2025-162H,65050,PAY,+,PRC,2025-07-30,WSC,,108.33,50.00,1150,1149,,,EA,ORB
HULIANWANG DIGUI-48,2025-162J,65051,PAY,+,PRC,2025-07-30,WSC,,108.33,50.01,1150,1149,,,EA,ORB
CZ-8A R/B,2025-162K,65052,R/B,,PRC,2025-07-30,WSC,,100.65,50.00,874,704,,,EA,ORB
NISAR,2025-163A,65053,PAY,+,IND,2025-07-30,SRILR,,99.83,98.41,751,749,,,EA,ORB
GSLV R/B,2025-163B,65054,R/B,,IND,2025-07-30,SRILR,,99.46,98.43,741,725,,,EA,ORB
PRSC-S1,2025-164A,65055,PAY,+,PAKI,2025-07-31,XICLF,,95.56,41.13,549,542,,,EA,ORB
STARLINK-34788,2025-165A,65056,PAY,+,US,2025-07-31,AFWTR,,95.64,97.28,551,548,,,EA,ORB
STARLINK-34745,2025-165B,65057,PAY,+,US,2025-07-31,AFWTR,,95.64,97.29,551,548,,,EA,ORB
STARLINK-34779,2025-165C,65058,PAY,+,US,2025-07-31,AFWTR,,95.64,97.28,551,548,,,EA,ORB
STARLINK-34803,2025-165D,65059,PAY,+,US,2025-07-31,AFWTR,,95.64,97.28,551,548,,,EA,ORB
STARLINK-34717,2025-165E,65060,PAY,+,US,2025-07-31,AFWTR,,95.64,97.28,551,548,,,EA,ORB
STARLINK-34750,2025-165F,65061,PAY,+,US,2025-07-31,AFWTR,,95.64,97.28,551,548,,,EA,ORB
STARLINK-34708,2025-165G,65062,PAY,+,US,2025-07-31,AFWTR,,95.64,97.28,551,548,,,EA,ORB
STARLINK-34798,2025-165H,65063,PAY,+,US,2025-07-31,AFWTR,,95.64,97.28,551,548,,,EA,ORB
STARLINK-34793,2025-165J,65064,PAY,+,US,2025-07-31,AFWTR,,95.64,97.28,551,548,,,EA,ORB
STARLINK-34806,2025-165K,65065,PAY,+,US,2025-07-31,AFWTR,,95.64,97.28,550,549,,,EA,ORB
STARLINK-34739,2025-165L,65066,PAY,+,US,2025-07-31,AFWTR,,95.64,97.28,551,548,,,EA,ORB
STARLINK-34802,2025-165M,65067,PAY,+,US,2025-07-31,AFWTR,,95.64,97.28,551,548,,,EA,ORB
STARLINK-34810,2025-165N,65068,PAY,+,US,2025-07-31,AFWTR,,95.64,97.28,551,548,,,EA,ORB
STARLINK-34809,2025-165P,65069,PAY,+,US,2025-07-31,AFWTR,,95.64,97.28,550,549,,,EA,ORB
STARLINK-34794,2025-165Q,65070,PAY,+,US,2025-07-31,AFWTR,,95.64,97.28,550,549,,,EA,ORB
STARLINK-34805,2025-165R,65071,PAY,+,US,2025-07-31,AFWTR,,95.64,97.28,551,548,,,EA,ORB
STARLINK-34735,2025-165S,65072,PAY,+,US,2025-07-31,AFWTR,,95.64,97.28,551,548,,,EA,ORB
STARLINK-34781,2025-165T,65073,PAY,+,US,2025-07-31,AFWTR,,95.64,97.28,551,548,,,EA,ORB
STARLINK-34780,2025-165U,65074,PAY,+,US,2025-07-31,AFWTR,,95.64,97.28,550,549,,,EA,ORB
USA 549,2025-165V,65075,PAY,+,US,2025-07-31,AFWTR,,93.49,97.60,446,444,,NEA,EA,ORB
USA 550,2025-165W,65076,PAY,+,US,2025-07-31,AFWTR,,93.55,97.60,449,447,,NEA,EA,ORB
CREW DRAGON 11,2025-166A,65077,PAY,D,US,2025-08-01,AFETR,2026-01-15,93.00,51.63,429,414,,,EA,LAN
STARLINK-34771,2025-167A,65078,PAY,+,US,2025-08-04,AFETR,,93.85,53.16,464,462,,,EA,ORB
STARLINK-34634,2025-167B,65079,PAY,+,US,2025-08-04,AFETR,,93.85,53.16,464,462,,,EA,ORB
STARLINK-34267,2025-167C,65080,PAY,+,US,2025-08-04,AFETR,,93.85,53.16,463,462,,,EA,ORB
STARLINK-34561,2025-167D,65081,PAY,+,US,2025-08-04,AFETR,,93.85,53.16,463,462,,,EA,ORB
STARLINK-34626,2025-167E,65082,PAY,+,US,2025-08-04,AFETR,,93.85,53.16,463,462,,,EA,ORB
STARLINK-34247,2025-167F,65083,PAY,+,US,2025-08-04,AFETR,,93.85,53.16,464,461,,,EA,ORB
STARLINK-34601,2025-167G,65084,PAY,+,US,2025-08-04,AFETR,,93.85,53.16,463,462,,,EA,ORB
STARLINK-34792,2025-167H,65085,PAY,D,US,2025-08-04,AFETR,2026-04-24,88.42,53.15,198,195,,,EA,IMP
STARLINK-34822,2025-167J,65086,PAY,+,US,2025-08-04,AFETR,,94.10,53.16,476,474,,,EA,ORB
STARLINK-34686,2025-167K,65087,PAY,+,US,2025-08-04,AFETR,,94.11,53.16,476,474,,,EA,ORB
STARLINK-34594,2025-167L,65088,PAY,+,US,2025-08-04,AFETR,,94.11,53.16,476,475,,,EA,ORB
STARLINK-34665,2025-167M,65089,PAY,+,US,2025-08-04,AFETR,,94.11,53.16,476,475,,,EA,ORB
STARLINK-34673,2025-167N,65090,PAY,+,US,2025-08-04,AFETR,,94.11,53.16,476,475,,,EA,ORB
STARLINK-34648,2025-167P,65091,PAY,+,US,2025-08-04,AFETR,,93.85,53.16,463,462,,,EA,ORB
STARLINK-34640,2025-167Q,65092,PAY,+,US,2025-08-04,AFETR,,94.11,53.16,476,475,,,EA,ORB
STARLINK-34266,2025-167R,65093,PAY,+,US,2025-08-04,AFETR,,93.85,53.16,464,462,,,EA,ORB
STARLINK-34769,2025-167S,65094,PAY,+,US,2025-08-04,AFETR,,93.85,53.16,463,462,,,EA,ORB
STARLINK-34768,2025-167T,65095,PAY,+,US,2025-08-04,AFETR,,93.85,53.16,463,462,,,EA,ORB
STARLINK-34759,2025-167U,65096,PAY,+,US,2025-08-04,AFETR,,93.85,53.16,464,461,,,EA,ORB
STARLINK-34741,2025-167V,65097,PAY,+,US,2025-08-04,AFETR,,93.85,53.16,463,462,,,EA,ORB
STARLINK-34764,2025-167W,65098,PAY,+,US,2025-08-04,AFETR,,93.85,53.16,464,462,,,EA,ORB
STARLINK-34815,2025-167X,65099,PAY,+,US,2025-08-04,AFETR,,93.85,53.16,464,462,,,EA,ORB
STARLINK-34814,2025-167Y,65100,PAY,+,US,2025-08-04,AFETR,,93.85,53.16,463,462,,,EA,ORB
STARLINK-34285,2025-167Z,65101,PAY,+,US,2025-08-04,AFETR,,93.85,53.16,463,462,,,EA,ORB
STARLINK-34857,2025-167AA,65102,PAY,+,US,2025-08-04,AFETR,,93.85,53.16,463,462,,,EA,ORB
STARLINK-34887,2025-167AB,65103,PAY,+,US,2025-08-04,AFETR,,93.85,53.16,463,462,,,EA,ORB
STARLINK-34481,2025-167AC,65104,PAY,+,US,2025-08-04,AFETR,,93.85,53.16,463,462,,,EA,ORB
STARLINK-34545,2025-167AD,65105,PAY,+,US,2025-08-04,AFETR,,93.85,53.16,464,462,,,EA,ORB
HULIANWANG DIGUI-49,2025-168A,65106,PAY,+,PRC,2025-08-04,WSC,,108.33,50.00,1155,1144,,,EA,ORB
HULIANWANG DIGUI-50,2025-168B,65107,PAY,+,PRC,2025-08-04,WSC,,108.33,50.00,1156,1143,,,EA,ORB
HULIANWANG DIGUI-51,2025-168C,65108,PAY,+,PRC,2025-08-04,WSC,,108.33,50.00,1157,1142,,,EA,ORB
HULIANWANG DIGUI-52,2025-168D,65109,PAY,+,PRC,2025-08-04,WSC,,108.33,50.00,1157,1142,,,EA,ORB
HULIANWANG DIGUI-53,2025-168E,65110,PAY,+,PRC,2025-08-04,WSC,,108.33,50.00,1156,1143,,,EA,ORB
HULIANWANG DIGUI-54,2025-168F,65111,PAY,+,PRC,2025-08-04,WSC,,108.33,50.00,1157,1142,,,EA,ORB
HULIANWANG DIGUI-55,2025-168G,65112,PAY,+,PRC,2025-08-04,WSC,,108.33,50.00,1158,1141,,,EA,ORB
HULIANWANG DIGUI-56,2025-168H,65113,PAY,+,PRC,2025-08-04,WSC,,108.33,50.00,1158,1141,,,EA,ORB
HULIANWANG DIGUI-57,2025-168J,65114,PAY,+,PRC,2025-08-04,WSC,,108.33,50.00,1156,1143,,,EA,ORB
CZ-12 R/B,2025-168K,65115,R/B,,PRC,2025-08-04,WSC,,101.66,49.98,892,782,,,EA,ORB
QPS-SAR-12 (KUSHINADA-I),2025-169A,65116,PAY,+,JPN,2025-08-05,RLLB,,95.92,42.01,569,556,,,EA,ORB
ELECTRON KICK STAGE R/B,2025-169B,65117,R/B,,US,2025-08-05,RLLB,,95.88,42.01,568,554,,,EA,ORB
ELECTRON R/B,2025-169C,65118,R/B,D,US,2025-08-05,RLLB,2025-09-05,88.55,42.00,236,169,,,EA,IMP
GEESAT-4 01,2025-170A,65119,PAY,+,PRC,2025-08-08,YSLA,,97.02,49.99,624,609,,,EA,ORB
GEESAT-4 02,2025-170B,65120,PAY,+,PRC,2025-08-08,YSLA,,97.02,49.98,623,609,,,EA,ORB
GEESAT-4 03,2025-170C,65121,PAY,+,PRC,2025-08-08,YSLA,,97.02,49.99,631,602,,,EA,ORB
GEESAT-4 04,2025-170D,65122,PAY,+,PRC,2025-08-08,YSLA,,97.14,49.97,643,601,,,EA,ORB
GEESAT-4 05,2025-170E,65123,PAY,+,PRC,2025-08-08,YSLA,,97.14,49.99,627,617,,,EA,ORB
GEESAT-4 06,2025-170F,65124,PAY,+,PRC,2025-08-08,YSLA,,97.02,49.98,629,603,,,EA,ORB
GEESAT-4 07,2025-170G,65125,PAY,+,PRC,2025-08-08,YSLA,,97.02,49.99,629,603,,,EA,ORB
GEESAT-4 08,2025-170H,65126,PAY,+,PRC,2025-08-08,YSLA,,97.15,49.97,637,608,,,EA,ORB
GEESAT-4 09,2025-170J,65127,PAY,+,PRC,2025-08-08,YSLA,,97.19,49.99,640,609,,,EA,ORB
GEESAT-4 10,2025-170K,65128,PAY,+,PRC,2025-08-08,YSLA,,97.14,49.98,639,605,,,EA,ORB
GEESAT-4 11,2025-170L,65129,PAY,+,PRC,2025-08-08,YSLA,,97.02,49.98,621,611,,,EA,ORB
JIELONG-3 DEB,2025-170M,65130,DEB,D,PRC,2025-08-08,YSLA,2025-08-11,88.63,50.14,288,125,,,EA,IMP
JIELONG-3 R/B,2025-170N,65131,R/B,D,PRC,2025-08-08,YSLA,2025-08-11,88.39,50.16,302,88,,,EA,IMP
KUIPER-00081,2025-171A,65132,PAY,+,US,2025-08-11,AFETR,,97.30,51.90,630,629,,,EA,ORB
KUIPER-00088,2025-171B,65133,PAY,+,US,2025-08-11,AFETR,,97.30,51.90,631,629,,,EA,ORB
KUIPER-00095,2025-171C,65134,PAY,+,US,2025-08-11,AFETR,,97.30,51.90,630,629,,,EA,ORB
KUIPER-00096,2025-171D,65135,PAY,+,US,2025-08-11,AFETR,,97.30,51.90,630,629,,,EA,ORB
KUIPER-00097,2025-171E,65136,PAY,+,US,2025-08-11,AFETR,,97.31,51.90,631,629,,,EA,ORB
KUIPER-00098,2025-171F,65137,PAY,+,US,2025-08-11,AFETR,,97.30,51.90,630,629,,,EA,ORB
KUIPER-00099,2025-171G,65138,PAY,+,US,2025-08-11,AFETR,,97.30,51.90,630,629,,,EA,ORB
KUIPER-00100,2025-171H,65139,PAY,+,US,2025-08-11,AFETR,,97.30,51.90,630,629,,,EA,ORB
KUIPER-00102,2025-171J,65140,PAY,+,US,2025-08-11,AFETR,,97.30,51.90,631,629,,,EA,ORB
KUIPER-00103,2025-171K,65141,PAY,+,US,2025-08-11,AFETR,,97.30,51.90,630,629,,,EA,ORB
KUIPER-00104,2025-171L,65142,PAY,+,US,2025-08-11,AFETR,,97.30,51.90,630,629,,,EA,ORB
KUIPER-00105,2025-171M,65143,PAY,+,US,2025-08-11,AFETR,,97.30,51.90,630,629,,,EA,ORB
KUIPER-00106,2025-171N,65144,PAY,+,US,2025-08-11,AFETR,,97.30,51.90,630,629,,,EA,ORB
KUIPER-00107,2025-171P,65145,PAY,+,US,2025-08-11,AFETR,,97.30,51.90,630,629,,,EA,ORB
KUIPER-00108,2025-171Q,65146,PAY,+,US,2025-08-11,AFETR,,97.30,51.90,630,629,,,EA,ORB
KUIPER-00109,2025-171R,65147,PAY,+,US,2025-08-11,AFETR,,97.30,51.90,630,629,,,EA,ORB
KUIPER-00110,2025-171S,65148,PAY,+,US,2025-08-11,AFETR,,97.30,51.90,630,629,,,EA,ORB
KUIPER-00111,2025-171T,65149,PAY,+,US,2025-08-11,AFETR,,97.30,51.90,630,629,,,EA,ORB
KUIPER-00112,2025-171U,65150,PAY,+,US,2025-08-11,AFETR,,97.30,51.91,630,629,,,EA,ORB
KUIPER-00114,2025-171V,65151,PAY,+,US,2025-08-11,AFETR,,97.30,51.90,630,629,,,EA,ORB
KUIPER-00115,2025-171W,65152,PAY,+,US,2025-08-11,AFETR,,97.30,51.90,630,629,,,EA,ORB
KUIPER-00116,2025-171X,65153,PAY,+,US,2025-08-11,AFETR,,97.30,51.90,630,629,,,EA,ORB
KUIPER-00118,2025-171Y,65154,PAY,+,US,2025-08-11,AFETR,,97.30,51.90,630,629,,,EA,ORB
KUIPER-00119,2025-171Z,65155,PAY,+,US,2025-08-11,AFETR,,97.30,51.90,630,629,,,EA,ORB
METOP-SGA1,2025-172A,65159,PAY,+,EUME,2025-08-13,FRGUI,,101.30,98.66,821,819,,,EA,ORB
NTS-3,2025-173A,65160,PAY,+,US,2025-08-13,AFETR,,1431.15,3.08,35694,35685,,,EA,ORB
USA 554,2025-173B,65161,PAY,+,US,2025-08-13,AFETR,,1454.85,3.58,36182,36124,,NEA,EA,ORB
VULCAN CENTAUR R/B,2025-173C,65162,R/B,,US,2025-08-13,AFETR,,1470.28,3.84,36728,36178,,NEA,EA,ORB
VULCAN CENTAUR DEB,2025-173D,65163,DEB,,US,2025-08-13,AFETR,,1462.97,3.24,36440,36182,,NEA,EA,ORB
HULIANWANG DIGUI-58,2025-174A,65164,PAY,+,PRC,2025-08-13,WSC,,108.73,86.49,1170,1166,,,EA,ORB
HULIANWANG DIGUI-59,2025-174B,65165,PAY,+,PRC,2025-08-13,WSC,,108.73,86.49,1170,1166,,,EA,ORB
HULIANWANG DIGUI-60,2025-174C,65166,PAY,+,PRC,2025-08-13,WSC,,108.73,86.49,1170,1166,,,EA,ORB
HULIANWANG DIGUI-61,2025-174D,65167,PAY,+,PRC,2025-08-13,WSC,,108.73,86.49,1170,1166,,,EA,ORB
HULIANWANG DIGUI-62,2025-174E,65168,PAY,+,PRC,2025-08-13,WSC,,108.73,86.49,1170,1166,,,EA,ORB
HULIANWANG DIGUI-63,2025-174F,65169,PAY,+,PRC,2025-08-13,WSC,,108.73,86.49,1170,1166,,,EA,ORB
HULIANWANG DIGUI-64,2025-174G,65170,PAY,+,PRC,2025-08-13,WSC,,108.73,86.49,1170,1166,,,EA,ORB
HULIANWANG DIGUI-65,2025-174H,65171,PAY,+,PRC,2025-08-13,WSC,,108.73,86.49,1170,1166,,,EA,ORB
HULIANWANG DIGUI-66,2025-174J,65172,PAY,+,PRC,2025-08-13,WSC,,108.73,86.49,1170,1166,,,EA,ORB
HULIANWANG DIGUI-67,2025-174K,65173,PAY,+,PRC,2025-08-13,WSC,,108.73,86.49,1170,1166,,,EA,ORB
STARLINK-34956,2025-175A,65174,PAY,+,US,2025-08-14,AFWTR,,93.91,97.29,467,464,,,EA,ORB
STARLINK-34949,2025-175B,65175,PAY,+,US,2025-08-14,AFWTR,,93.91,97.29,467,464,,,EA,ORB
STARLINK-34707,2025-175C,65176,PAY,+,US,2025-08-14,AFWTR,,93.91,97.28,467,464,,,EA,ORB
STARLINK-34967,2025-175D,65177,PAY,+,US,2025-08-14,AFWTR,,93.91,97.28,467,464,,,EA,ORB
STARLINK-34929,2025-175E,65178,PAY,+,US,2025-08-14,AFWTR,,93.91,97.28,467,464,,,EA,ORB
STARLINK-34932,2025-175F,65179,PAY,+,US,2025-08-14,AFWTR,,93.90,97.29,467,464,,,EA,ORB
STARLINK-34862,2025-175G,65180,PAY,+,US,2025-08-14,AFWTR,,93.91,97.28,467,464,,,EA,ORB
STARLINK-34942,2025-175H,65181,PAY,+,US,2025-08-14,AFWTR,,93.91,97.28,467,464,,,EA,ORB
STARLINK-34944,2025-175J,65182,PAY,+,US,2025-08-14,AFWTR,,93.91,97.28,467,464,,,EA,ORB
STARLINK-34939,2025-175K,65183,PAY,+,US,2025-08-14,AFWTR,,93.91,97.28,467,464,,,EA,ORB
STARLINK-34947,2025-175L,65184,PAY,+,US,2025-08-14,AFWTR,,93.91,97.28,467,464,,,EA,ORB
STARLINK-34945,2025-175M,65185,PAY,+,US,2025-08-14,AFWTR,,93.91,97.28,467,464,,,EA,ORB
STARLINK-34965,2025-175N,65186,PAY,+,US,2025-08-14,AFWTR,,93.91,97.29,467,464,,,EA,ORB
STARLINK-34915,2025-175P,65187,PAY,+,US,2025-08-14,AFWTR,,93.91,97.28,467,464,,,EA,ORB
STARLINK-34972,2025-175Q,65188,PAY,+,US,2025-08-14,AFWTR,,93.91,97.29,467,464,,,EA,ORB
STARLINK-34866,2025-175R,65189,PAY,+,US,2025-08-14,AFWTR,,93.91,97.28,467,464,,,EA,ORB
STARLINK-34917,2025-175S,65190,PAY,+,US,2025-08-14,AFWTR,,93.91,97.28,467,464,,,EA,ORB
STARLINK-34948,2025-175T,65191,PAY,+,US,2025-08-14,AFWTR,,93.91,97.28,467,464,,,EA,ORB
STARLINK-34955,2025-175U,65192,PAY,+,US,2025-08-14,AFWTR,,93.91,97.28,468,463,,,EA,ORB
STARLINK-34950,2025-175V,65193,PAY,+,US,2025-08-14,AFWTR,,93.91,97.29,467,464,,,EA,ORB
STARLINK-34926,2025-175W,65194,PAY,P,US,2025-08-14,AFWTR,,93.91,97.29,467,464,,,EA,ORB
STARLINK-34928,2025-175X,65195,PAY,+,US,2025-08-14,AFWTR,,93.91,97.28,467,464,,,EA,ORB
STARLINK-34927,2025-175Y,65196,PAY,+,US,2025-08-14,AFWTR,,93.91,97.28,468,464,,,EA,ORB
STARLINK-34952,2025-175Z,65197,PAY,+,US,2025-08-14,AFWTR,,93.91,97.29,467,464,,,EA,ORB
STARLINK-34981,2025-176A,65198,PAY,+,US,2025-08-14,AFETR,,93.85,53.16,464,462,,,EA,ORB
STARLINK-34821,2025-176B,65199,PAY,+,US,2025-08-14,AFETR,,93.85,53.16,464,461,,,EA,ORB
STARLINK-34865,2025-176C,65200,PAY,+,US,2025-08-14,AFETR,,93.85,53.16,463,462,,,EA,ORB
STARLINK-34843,2025-176D,65201,PAY,+,US,2025-08-14,AFETR,,93.85,53.16,464,462,,,EA,ORB
STARLINK-34905,2025-176E,65202,PAY,+,US,2025-08-14,AFETR,,93.85,53.16,464,462,,,EA,ORB
STARLINK-34914,2025-176F,65203,PAY,+,US,2025-08-14,AFETR,,93.85,53.16,464,462,,,EA,ORB
STARLINK-34787,2025-176G,65204,PAY,+,US,2025-08-14,AFETR,,93.85,53.16,463,462,,,EA,ORB
STARLINK-34796,2025-176H,65205,PAY,+,US,2025-08-14,AFETR,,93.85,53.16,464,462,,,EA,ORB
STARLINK-34763,2025-176J,65206,PAY,+,US,2025-08-14,AFETR,,93.85,53.16,464,462,,,EA,ORB
STARLINK-34901,2025-176K,65207,PAY,+,US,2025-08-14,AFETR,,93.85,53.16,463,462,,,EA,ORB
STARLINK-34841,2025-176L,65208,PAY,+,US,2025-08-14,AFETR,,93.85,53.16,463,462,,,EA,ORB
STARLINK-34976,2025-176M,65209,PAY,+,US,2025-08-14,AFETR,,93.85,53.16,463,462,,,EA,ORB
STARLINK-34941,2025-176N,65210,PAY,+,US,2025-08-14,AFETR,,93.85,53.16,464,462,,,EA,ORB
STARLINK-34847,2025-176P,65211,PAY,+,US,2025-08-14,AFETR,,93.85,53.16,463,462,,,EA,ORB
STARLINK-34897,2025-176Q,65212,PAY,+,US,2025-08-14,AFETR,,93.85,53.16,463,462,,,EA,ORB
STARLINK-34907,2025-176R,65213,PAY,+,US,2025-08-14,AFETR,,93.85,53.16,463,462,,,EA,ORB
STARLINK-34511,2025-176S,65214,PAY,+,US,2025-08-14,AFETR,,93.85,53.16,464,462,,,EA,ORB
STARLINK-33913,2025-176T,65215,PAY,+,US,2025-08-14,AFETR,,93.85,53.16,464,462,,,EA,ORB
STARLINK-34302,2025-176U,65216,PAY,+,US,2025-08-14,AFETR,,93.85,53.16,464,462,,,EA,ORB
STARLINK-34871,2025-176V,65217,PAY,+,US,2025-08-14,AFETR,,93.85,53.16,464,462,,,EA,ORB
STARLINK-34833,2025-176W,65218,PAY,+,US,2025-08-14,AFETR,,93.85,53.16,464,461,,,EA,ORB
STARLINK-34960,2025-176X,65219,PAY,+,US,2025-08-14,AFETR,,93.85,53.16,464,462,,,EA,ORB
STARLINK-34603,2025-176Y,65220,PAY,+,US,2025-08-14,AFETR,,93.85,53.16,464,462,,,EA,ORB
STARLINK-34974,2025-176Z,65221,PAY,+,US,2025-08-14,AFETR,,93.85,53.16,464,462,,,EA,ORB
STARLINK-34999,2025-176AA,65222,PAY,+,US,2025-08-14,AFETR,,93.85,53.16,464,462,,,EA,ORB
STARLINK-34996,2025-176AB,65223,PAY,+,US,2025-08-14,AFETR,,93.85,53.16,464,462,,,EA,ORB
STARLINK-34975,2025-176AC,65224,PAY,+,US,2025-08-14,AFETR,,93.85,53.16,464,462,,,EA,ORB
STARLINK-34257,2025-176AD,65225,PAY,+,US,2025-08-14,AFETR,,93.85,53.16,464,461,,,EA,ORB
SHIYAN-28B 02,2025-177A,65226,PAY,+,PRC,2025-08-17,XICLF,,100.74,11.00,796,791,,,EA,ORB
SKYKRAFT-4E,2025-154L,65227,PAY,+,AUS,2025-07-23,AFWTR,,96.09,97.66,575,567,,,EA,ORB
HULIANWANG DIGUI-68,2025-178A,65228,PAY,+,PRC,2025-08-17,TAISC,,108.73,86.50,1169,1167,,,EA,ORB
HULIANWANG DIGUI-69,2025-178B,65229,PAY,+,PRC,2025-08-17,TAISC,,108.73,86.51,1169,1167,,,EA,ORB
HULIANWANG DIGUI-70,2025-178C,65230,PAY,+,PRC,2025-08-17,TAISC,,108.73,86.50,1169,1167,,,EA,ORB
HULIANWANG DIGUI-71,2025-178D,65231,PAY,+,PRC,2025-08-17,TAISC,,108.73,86.51,1169,1167,,,EA,ORB
HULIANWANG DIGUI-72,2025-178E,65232,PAY,+,PRC,2025-08-17,TAISC,,108.73,86.50,1169,1167,,,EA,ORB
CZ-6A R/B,2025-178F,65233,R/B,,PRC,2025-08-17,TAISC,,103.25,86.51,989,836,,,EA,ORB
CZ-4C R/B,2025-177B,65234,R/B,,PRC,2025-08-17,XICLF,,98.77,10.99,806,593,,,EA,ORB
STARLINK-34842,2025-179A,65235,PAY,+,US,2025-08-18,AFWTR,,93.91,97.28,466,465,,,EA,ORB
STARLINK-34938,2025-179B,65236,PAY,+,US,2025-08-18,AFWTR,,93.91,97.28,466,465,,,EA,ORB
STARLINK-34958,2025-179C,65237,PAY,+,US,2025-08-18,AFWTR,,93.91,97.28,466,465,,,EA,ORB
STARLINK-34818,2025-179D,65238,PAY,+,US,2025-08-18,AFWTR,,93.91,97.29,466,465,,,EA,ORB
STARLINK-34964,2025-179E,65239,PAY,+,US,2025-08-18,AFWTR,,93.91,97.28,466,465,,,EA,ORB
STARLINK-34953,2025-179F,65240,PAY,+,US,2025-08-18,AFWTR,,93.91,97.28,467,465,,,EA,ORB
STARLINK-34969,2025-179G,65241,PAY,+,US,2025-08-18,AFWTR,,93.91,97.28,466,465,,,EA,ORB
STARLINK-34963,2025-179H,65242,PAY,+,US,2025-08-18,AFWTR,,93.91,97.28,466,465,,,EA,ORB
STARLINK-34982,2025-179J,65243,PAY,+,US,2025-08-18,AFWTR,,93.91,97.28,466,465,,,EA,ORB
STARLINK-34990,2025-179K,65244,PAY,+,US,2025-08-18,AFWTR,,93.91,97.28,466,465,,,EA,ORB
STARLINK-34977,2025-179L,65245,PAY,+,US,2025-08-18,AFWTR,,93.91,97.28,466,465,,,EA,ORB
STARLINK-34959,2025-179M,65246,PAY,+,US,2025-08-18,AFWTR,,93.91,97.29,466,465,,,EA,ORB
STARLINK-34923,2025-179N,65247,PAY,+,US,2025-08-18,AFWTR,,93.91,97.28,466,465,,,EA,ORB
STARLINK-34962,2025-179P,65248,PAY,+,US,2025-08-18,AFWTR,,93.91,97.28,466,465,,,EA,ORB
STARLINK-34925,2025-179Q,65249,PAY,+,US,2025-08-18,AFWTR,,93.91,97.28,467,465,,,EA,ORB
STARLINK-34973,2025-179R,65250,PAY,+,US,2025-08-18,AFWTR,,93.91,97.29,466,465,,,EA,ORB
STARLINK-34989,2025-179S,65251,PAY,+,US,2025-08-18,AFWTR,,93.91,97.28,466,465,,,EA,ORB
STARLINK-34961,2025-179T,65252,PAY,+,US,2025-08-18,AFWTR,,93.91,97.28,467,464,,,EA,ORB
STARLINK-34933,2025-179U,65253,PAY,+,US,2025-08-18,AFWTR,,93.91,97.28,466,465,,,EA,ORB
STARLINK-34979,2025-179V,65254,PAY,+,US,2025-08-18,AFWTR,,93.91,97.28,466,465,,,EA,ORB
STARLINK-34987,2025-179W,65255,PAY,+,US,2025-08-18,AFWTR,,93.91,97.28,466,465,,,EA,ORB
STARLINK-34971,2025-179X,65256,PAY,+,US,2025-08-18,AFWTR,,93.91,97.29,467,465,,,EA,ORB
STARLINK-34966,2025-179Y,65257,PAY,+,US,2025-08-18,AFWTR,,93.91,97.29,466,465,,,EA,ORB
STARLINK-34980,2025-179Z,65258,PAY,+,US,2025-08-18,AFWTR,,93.90,97.28,466,465,,,EA,ORB
OBJECT A,2025-180A,65259,PAY,+,TBD,2025-08-19,JSC,,94.45,97.53,501,483,,,EA,ORB
OBJECT B,2025-180B,65260,PAY,+,TBD,2025-08-19,JSC,,95.00,97.53,529,508,,,EA,ORB
OBJECT C,2025-180C,65261,PAY,+,TBD,2025-08-19,JSC,,95.00,97.53,529,508,,,EA,ORB
OBJECT D,2025-180D,65262,PAY,+,TBD,2025-08-19,JSC,,95.00,97.53,529,508,,,EA,ORB
OBJECT E,2025-180E,65263,PAY,+,TBD,2025-08-19,JSC,,94.97,97.48,518,516,,,EA,ORB
LIJIAN-1 R/B,2025-180F,65264,R/B,D,PRC,2025-08-19,JSC,2025-11-16,87.27,97.56,148,130,,,EA,IMP
BION-M 02,2025-181A,65265,PAY,D,CIS,2025-08-20,TYMSC,2025-09-19,127.26,88.27,2450,1555,,,EA,LAN
SOYUZ-2.1B R/B,2025-181B,65266,R/B,D,CIS,2025-08-20,TYMSC,2025-08-31,87.45,96.93,162,134,,,EA,IMP
COSMOS 2591,2025-182A,65267,PAY,+,CIS,2025-08-21,PLMSC,,90.21,96.58,288,281,,,EA,ORB
COSMOS 2592,2025-182B,65268,PAY,+,CIS,2025-08-21,PLMSC,,90.20,96.58,286,283,,,EA,ORB
COSMOS 2593,2025-182C,65269,PAY,+,CIS,2025-08-21,PLMSC,,90.20,96.58,286,283,,,EA,ORB
COSMOS 2594,2025-182D,65270,PAY,+,CIS,2025-08-21,PLMSC,,90.20,96.58,287,282,,,EA,ORB
USA 555,2025-183A,65271,PAY,+,US,2025-08-22,AFETR,,,,,,,NEA,EA,ORB
LIMASAT,2025-183B,65272,PAY,+,US,2025-08-22,AFETR,,90.90,49.52,319,318,,NEA,EA,ORB
STARLINK-34922,2025-184A,65273,PAY,+,US,2025-08-22,AFWTR,,93.91,97.29,466,465,,,EA,ORB
STARLINK-34904,2025-184B,65274,PAY,+,US,2025-08-22,AFWTR,,93.91,97.28,467,464,,,EA,ORB
STARLINK-34954,2025-184C,65275,PAY,+,US,2025-08-22,AFWTR,,93.91,97.28,466,465,,,EA,ORB
STARLINK-34968,2025-184D,65276,PAY,+,US,2025-08-22,AFWTR,,93.91,97.28,467,464,,,EA,ORB
STARLINK-34935,2025-184E,65277,PAY,+,US,2025-08-22,AFWTR,,93.91,97.29,466,465,,,EA,ORB
STARLINK-35000,2025-184F,65278,PAY,+,US,2025-08-22,AFWTR,,93.91,97.28,467,464,,,EA,ORB
STARLINK-35023,2025-184G,65279,PAY,+,US,2025-08-22,AFWTR,,93.91,97.28,466,465,,,EA,ORB
STARLINK-35001,2025-184H,65280,PAY,+,US,2025-08-22,AFWTR,,93.91,97.28,467,464,,,EA,ORB
STARLINK-35010,2025-184J,65281,PAY,+,US,2025-08-22,AFWTR,,93.91,97.28,467,465,,,EA,ORB
STARLINK-35021,2025-184K,65282,PAY,+,US,2025-08-22,AFWTR,,93.91,97.28,467,464,,,EA,ORB
STARLINK-35015,2025-184L,65283,PAY,+,US,2025-08-22,AFWTR,,93.91,97.28,467,464,,,EA,ORB
STARLINK-35006,2025-184M,65284,PAY,+,US,2025-08-22,AFWTR,,93.91,97.28,466,465,,,EA,ORB
STARLINK-34995,2025-184N,65285,PAY,+,US,2025-08-22,AFWTR,,93.91,97.29,466,465,,,EA,ORB
STARLINK-35048,2025-184P,65286,PAY,+,US,2025-08-22,AFWTR,,93.91,97.29,466,465,,,EA,ORB
STARLINK-35007,2025-184Q,65287,PAY,+,US,2025-08-22,AFWTR,,93.91,97.28,466,465,,,EA,ORB
STARLINK-35018,2025-184R,65288,PAY,+,US,2025-08-22,AFWTR,,93.91,97.29,467,465,,,EA,ORB
STARLINK-34845,2025-184S,65289,PAY,+,US,2025-08-22,AFWTR,,93.91,97.29,466,465,,,EA,ORB
STARLINK-34984,2025-184T,65290,PAY,+,US,2025-08-22,AFWTR,,93.91,97.29,466,465,,,EA,ORB
STARLINK-35002,2025-184U,65291,PAY,+,US,2025-08-22,AFWTR,,93.91,97.29,466,465,,,EA,ORB
STARLINK-35017,2025-184V,65292,PAY,+,US,2025-08-22,AFWTR,,93.91,97.29,466,465,,,EA,ORB
STARLINK-34951,2025-184W,65293,PAY,+,US,2025-08-22,AFWTR,,93.90,97.29,466,465,,,EA,ORB
STARLINK-34613,2025-184X,65294,PAY,+,US,2025-08-22,AFWTR,,93.91,97.28,467,464,,,EA,ORB
STARLINK-34834,2025-184Y,65295,PAY,+,US,2025-08-22,AFWTR,,93.90,97.28,466,465,,,EA,ORB
STARLINK-34872,2025-184Z,65296,PAY,+,US,2025-08-22,AFWTR,,93.91,97.28,466,465,,,EA,ORB
DRESDEN,2025-185A,65297,PAY,+,RWA,2025-08-23,RLLB,,97.27,97.96,637,619,,,EA,ORB
FOURIER,2025-185B,65298,PAY,+,RWA,2025-08-23,RLLB,,97.27,97.97,637,619,,,EA,ORB
STARK,2025-185C,65299,PAY,+,RWA,2025-08-23,RLLB,,97.12,97.97,629,613,,,EA,ORB
ELECTRON KICK STAGE R/B,2025-185D,65300,R/B,,US,2025-08-23,RLLB,,97.87,97.94,664,649,,,EA,ORB
BASIL,2025-185E,65301,PAY,+,RWA,2025-08-23,RLLB,,97.27,97.97,637,619,,,EA,ORB
DOJO,2025-185F,65302,PAY,+,RWA,2025-08-23,RLLB,,97.27,97.96,638,618,,,EA,ORB
ELECTRON R/B,2025-185G,65303,R/B,D,US,2025-08-23,RLLB,2025-09-04,87.81,97.94,206,125,,,EA,IMP
DRAGON CRS-33,2025-186A,65304,PAY,D,US,2025-08-24,AFETR,2026-02-27,93.00,51.63,427,416,,,EA,LAN
HULIANWANG DIGUI-73,2025-187A,65305,PAY,+,PRC,2025-08-25,WSC,,108.33,50.01,1150,1149,,,EA,ORB
HULIANWANG DIGUI-74,2025-187B,65306,PAY,+,PRC,2025-08-25,WSC,,108.33,50.01,1150,1149,,,EA,ORB
HULIANWANG DIGUI-75,2025-187C,65307,PAY,+,PRC,2025-08-25,WSC,,108.33,50.01,1150,1149,,,EA,ORB
HULIANWANG DIGUI-76,2025-187D,65308,PAY,+,PRC,2025-08-25,WSC,,108.33,50.00,1150,1149,,,EA,ORB
HULIANWANG DIGUI-77,2025-187E,65309,PAY,+,PRC,2025-08-25,WSC,,108.33,50.01,1150,1149,,,EA,ORB
HULIANWANG DIGUI-78,2025-187F,65310,PAY,+,PRC,2025-08-25,WSC,,108.33,50.01,1150,1149,,,EA,ORB
HULIANWANG DIGUI-79,2025-187G,65311,PAY,+,PRC,2025-08-25,WSC,,108.33,50.01,1150,1149,,,EA,ORB
HULIANWANG DIGUI-80,2025-187H,65312,PAY,+,PRC,2025-08-25,WSC,,108.33,50.01,1150,1149,,,EA,ORB
HULIANWANG DIGUI-81,2025-187J,65313,PAY,+,PRC,2025-08-25,WSC,,108.33,50.01,1150,1149,,,EA,ORB
CZ-8A R/B,2025-187K,65314,R/B,,PRC,2025-08-25,WSC,,100.65,50.01,873,706,,,EA,ORB
PELICAN-3,2025-188A,65315,PAY,+,US,2025-08-26,AFWTR,,93.44,97.19,444,442,,,EA,ORB
PELICAN-4,2025-188B,65316,PAY,+,US,2025-08-26,AFWTR,,93.46,97.19,445,442,,,EA,ORB
NAOS,2025-188C,65317,PAY,+,LUXE,2025-08-26,AFWTR,,93.59,97.20,451,450,,,EA,ORB
CAPELLA-16 (ACADIA-6),2025-188D,65318,PAY,+,US,2025-08-26,AFWTR,,96.36,97.73,587,581,,,EA,ORB
FFLY03,2025-188E,65319,PAY,+,IND,2025-08-26,AFWTR,,96.46,97.73,594,585,,,EA,ORB
FFLY01,2025-188F,65320,PAY,+,IND,2025-08-26,AFWTR,,96.46,97.73,595,583,,,EA,ORB
LEAP-1,2025-188G,65321,PAY,+,IND,2025-08-26,AFWTR,,96.53,97.73,595,590,,,EA,ORB
FFLY02,2025-188H,65322,PAY,+,IND,2025-08-26,AFWTR,,96.46,97.73,597,582,,,EA,ORB
STARLINK-34899,2025-189A,65323,PAY,+,US,2025-08-27,AFETR,,94.01,53.16,472,470,,,EA,ORB
STARLINK-34196,2025-189B,65324,PAY,+,US,2025-08-27,AFETR,,94.01,53.16,472,470,,,EA,ORB
STARLINK-34911,2025-189C,65325,PAY,+,US,2025-08-27,AFETR,,93.85,53.16,464,462,,,EA,ORB
STARLINK-34902,2025-189D,65326,PAY,+,US,2025-08-27,AFETR,,93.85,53.16,464,462,,,EA,ORB
STARLINK-34880,2025-189E,65327,PAY,+,US,2025-08-27,AFETR,,93.85,53.16,463,462,,,EA,ORB
STARLINK-34885,2025-189F,65328,PAY,+,US,2025-08-27,AFETR,,94.01,53.16,472,470,,,EA,ORB
STARLINK-34908,2025-189G,65329,PAY,+,US,2025-08-27,AFETR,,93.85,53.16,464,462,,,EA,ORB
STARLINK-34864,2025-189H,65330,PAY,+,US,2025-08-27,AFETR,,94.01,53.16,471,470,,,EA,ORB
STARLINK-34918,2025-189J,65331,PAY,+,US,2025-08-27,AFETR,,94.01,53.16,471,470,,,EA,ORB
STARLINK-33890,2025-189K,65332,PAY,+,US,2025-08-27,AFETR,,94.01,53.16,472,470,,,EA,ORB
STARLINK-34602,2025-189L,65333,PAY,+,US,2025-08-27,AFETR,,94.01,53.16,471,470,,,EA,ORB
STARLINK-34878,2025-189M,65334,PAY,+,US,2025-08-27,AFETR,,94.01,53.16,472,470,,,EA,ORB
STARLINK-34874,2025-189N,65335,PAY,+,US,2025-08-27,AFETR,,93.85,53.16,464,462,,,EA,ORB
STARLINK-34835,2025-189P,65336,PAY,+,US,2025-08-27,AFETR,,93.85,53.16,463,462,,,EA,ORB
STARLINK-34854,2025-189Q,65337,PAY,+,US,2025-08-27,AFETR,,94.01,53.16,471,470,,,EA,ORB
STARLINK-34751,2025-189R,65338,PAY,+,US,2025-08-27,AFETR,,94.01,53.16,471,470,,,EA,ORB
STARLINK-34777,2025-189S,65339,PAY,+,US,2025-08-27,AFETR,,94.01,53.16,472,470,,,EA,ORB
STARLINK-35020,2025-189T,65340,PAY,+,US,2025-08-27,AFETR,,94.01,53.16,472,470,,,EA,ORB
STARLINK-35016,2025-189U,65341,PAY,+,US,2025-08-27,AFETR,,93.85,53.16,463,462,,,EA,ORB
STARLINK-35092,2025-189V,65342,PAY,+,US,2025-08-27,AFETR,,94.01,53.16,472,470,,,EA,ORB
STARLINK-34838,2025-189W,65343,PAY,+,US,2025-08-27,AFETR,,93.85,53.16,464,462,,,EA,ORB
STARLINK-35088,2025-189X,65344,PAY,+,US,2025-08-27,AFETR,,93.85,53.16,463,462,,,EA,ORB
STARLINK-34831,2025-189Y,65345,PAY,+,US,2025-08-27,AFETR,,94.01,53.16,471,470,,,EA,ORB
STARLINK-34873,2025-189Z,65346,PAY,+,US,2025-08-27,AFETR,,93.85,53.16,463,462,,,EA,ORB
STARLINK-34881,2025-189AA,65347,PAY,+,US,2025-08-27,AFETR,,94.14,53.16,486,468,,,EA,ORB
STARLINK-34859,2025-189AB,65348,PAY,+,US,2025-08-27,AFETR,,93.85,53.16,463,462,,,EA,ORB
STARLINK-34895,2025-189AC,65349,PAY,+,US,2025-08-27,AFETR,,94.01,53.16,471,470,,,EA,ORB
STARLINK-34892,2025-189AD,65350,PAY,+,US,2025-08-27,AFETR,,94.01,53.16,471,470,,,EA,ORB
STARLINK-34244,2025-190A,65351,PAY,+,US,2025-08-28,AFETR,,93.85,53.16,463,462,,,EA,ORB
STARLINK-34716,2025-190B,65352,PAY,+,US,2025-08-28,AFETR,,93.85,53.16,464,462,,,EA,ORB
STARLINK-34828,2025-190C,65353,PAY,+,US,2025-08-28,AFETR,,93.85,53.16,464,462,,,EA,ORB
STARLINK-34785,2025-190D,65354,PAY,+,US,2025-08-28,AFETR,,93.85,53.16,464,462,,,EA,ORB
STARLINK-34823,2025-190E,65355,PAY,+,US,2025-08-28,AFETR,,93.85,53.16,463,462,,,EA,ORB
STARLINK-34680,2025-190F,65356,PAY,+,US,2025-08-28,AFETR,,93.85,53.16,464,462,,,EA,ORB
STARLINK-34860,2025-190G,65357,PAY,+,US,2025-08-28,AFETR,,93.85,53.16,464,462,,,EA,ORB
STARLINK-34782,2025-190H,65358,PAY,+,US,2025-08-28,AFETR,,93.85,53.16,464,462,,,EA,ORB
STARLINK-34760,2025-190J,65359,PAY,+,US,2025-08-28,AFETR,,93.85,53.16,463,462,,,EA,ORB
STARLINK-34826,2025-190K,65360,PAY,+,US,2025-08-28,AFETR,,93.85,53.16,464,461,,,EA,ORB
STARLINK-34800,2025-190L,65361,PAY,+,US,2025-08-28,AFETR,,93.85,53.16,464,462,,,EA,ORB
STARLINK-34817,2025-190M,65362,PAY,+,US,2025-08-28,AFETR,,93.85,53.16,464,462,,,EA,ORB
STARLINK-34797,2025-190N,65363,PAY,+,US,2025-08-28,AFETR,,93.85,53.16,463,462,,,EA,ORB
STARLINK-34729,2025-190P,65364,PAY,+,US,2025-08-28,AFETR,,93.85,53.16,463,462,,,EA,ORB
STARLINK-34710,2025-190Q,65365,PAY,+,US,2025-08-28,AFETR,,93.85,53.16,463,462,,,EA,ORB
STARLINK-34943,2025-190R,65366,PAY,+,US,2025-08-28,AFETR,,93.85,53.16,464,462,,,EA,ORB
STARLINK-34946,2025-190S,65367,PAY,+,US,2025-08-28,AFETR,,93.85,53.16,464,462,,,EA,ORB
STARLINK-34259,2025-190T,65368,PAY,+,US,2025-08-28,AFETR,,93.85,53.16,464,462,,,EA,ORB
STARLINK-34913,2025-190U,65369,PAY,+,US,2025-08-28,AFETR,,93.85,53.16,463,462,,,EA,ORB
STARLINK-34870,2025-190V,65370,PAY,+,US,2025-08-28,AFETR,,93.85,53.16,464,461,,,EA,ORB
STARLINK-34869,2025-190W,65371,PAY,+,US,2025-08-28,AFETR,,93.85,53.16,463,462,,,EA,ORB
STARLINK-34903,2025-190X,65372,PAY,+,US,2025-08-28,AFETR,,93.85,53.16,464,462,,,EA,ORB
STARLINK-34891,2025-190Y,65373,PAY,+,US,2025-08-28,AFETR,,93.85,53.16,464,462,,,EA,ORB
STARLINK-34900,2025-190Z,65374,PAY,+,US,2025-08-28,AFETR,,93.85,53.16,464,462,,,EA,ORB
STARLINK-34305,2025-190AA,65375,PAY,+,US,2025-08-28,AFETR,,93.85,53.16,463,462,,,EA,ORB
STARLINK-34249,2025-190AB,65376,PAY,+,US,2025-08-28,AFETR,,93.85,53.16,464,462,,,EA,ORB
STARLINK-34879,2025-190AC,65377,PAY,+,US,2025-08-28,AFETR,,93.85,53.16,464,461,,,EA,ORB
STARLINK-34912,2025-190AD,65378,PAY,+,US,2025-08-28,AFETR,,93.90,53.16,466,464,,,EA,ORB
STARLINK-34985,2025-191A,65379,PAY,+,US,2025-08-30,AFWTR,,95.64,97.28,551,548,,,EA,ORB
STARLINK-35051,2025-191B,65380,PAY,+,US,2025-08-30,AFWTR,,95.64,97.28,551,548,,,EA,ORB
STARLINK-35028,2025-191C,65381,PAY,+,US,2025-08-30,AFWTR,,95.64,97.28,551,548,,,EA,ORB
STARLINK-35032,2025-191D,65382,PAY,+,US,2025-08-30,AFWTR,,95.64,97.28,551,548,,,EA,ORB
STARLINK-35054,2025-191E,65383,PAY,+,US,2025-08-30,AFWTR,,95.64,97.29,551,548,,,EA,ORB
STARLINK-35012,2025-191F,65384,PAY,+,US,2025-08-30,AFWTR,,95.64,97.28,552,547,,,EA,ORB
STARLINK-35073,2025-191G,65385,PAY,+,US,2025-08-30,AFWTR,,95.64,97.28,551,548,,,EA,ORB
STARLINK-35066,2025-191H,65386,PAY,+,US,2025-08-30,AFWTR,,95.64,97.29,551,548,,,EA,ORB
STARLINK-34703,2025-191J,65387,PAY,+,US,2025-08-30,AFWTR,,95.64,97.28,551,548,,,EA,ORB
STARLINK-34957,2025-191K,65388,PAY,+,US,2025-08-30,AFWTR,,95.64,97.29,551,548,,,EA,ORB
STARLINK-34993,2025-191L,65389,PAY,+,US,2025-08-30,AFWTR,,95.64,97.28,551,548,,,EA,ORB
STARLINK-35083,2025-191M,65390,PAY,+,US,2025-08-30,AFWTR,,95.64,97.29,551,548,,,EA,ORB
STARLINK-34786,2025-191N,65391,PAY,+,US,2025-08-30,AFWTR,,95.64,97.28,551,548,,,EA,ORB
STARLINK-35082,2025-191P,65392,PAY,+,US,2025-08-30,AFWTR,,95.64,97.28,551,548,,,EA,ORB
STARLINK-35097,2025-191Q,65393,PAY,+,US,2025-08-30,AFWTR,,95.64,97.28,551,547,,,EA,ORB
STARLINK-35058,2025-191R,65394,PAY,+,US,2025-08-30,AFWTR,,95.64,97.28,551,548,,,EA,ORB
STARLINK-35094,2025-191S,65395,PAY,+,US,2025-08-30,AFWTR,,95.64,97.28,551,548,,,EA,ORB
STARLINK-34811,2025-191T,65396,PAY,+,US,2025-08-30,AFWTR,,95.64,97.28,551,548,,,EA,ORB
STARLINK-34940,2025-191U,65397,PAY,+,US,2025-08-30,AFWTR,,95.64,97.28,551,548,,,EA,ORB
STARLINK-34931,2025-191V,65398,PAY,+,US,2025-08-30,AFWTR,,95.62,97.28,550,547,,,EA,ORB
STARLINK-34836,2025-191W,65399,PAY,+,US,2025-08-30,AFWTR,,95.64,97.28,551,548,,,EA,ORB
STARLINK-34876,2025-191X,65400,PAY,+,US,2025-08-30,AFWTR,,95.64,97.29,551,548,,,EA,ORB
STARLINK-34909,2025-191Y,65401,PAY,+,US,2025-08-30,AFWTR,,95.64,97.28,551,548,,,EA,ORB
STARLINK-34848,2025-191Z,65402,PAY,+,US,2025-08-30,AFWTR,,95.64,97.29,551,548,,,EA,ORB
LEMUR-2-LUCILLE-ROSE,2025-135BV,65403,PAY,+,US,2025-06-23,AFWTR,,95.94,97.77,575,553,,,EA,ORB
STARLINK-35031,2025-192A,65404,PAY,+,US,2025-08-31,AFETR,,93.85,53.16,464,462,,,EA,ORB
STARLINK-34830,2025-192B,65405,PAY,+,US,2025-08-31,AFETR,,94.01,53.16,472,470,,,EA,ORB
STARLINK-35036,2025-192C,65406,PAY,+,US,2025-08-31,AFETR,,93.85,53.16,464,462,,,EA,ORB
STARLINK-35035,2025-192D,65407,PAY,+,US,2025-08-31,AFETR,,93.85,53.16,464,462,,,EA,ORB
STARLINK-35008,2025-192E,65408,PAY,+,US,2025-08-31,AFETR,,93.85,53.16,464,462,,,EA,ORB
STARLINK-35022,2025-192F,65409,PAY,+,US,2025-08-31,AFETR,,94.01,53.16,472,470,,,EA,ORB
STARLINK-35024,2025-192G,65410,PAY,+,US,2025-08-31,AFETR,,94.01,53.16,472,470,,,EA,ORB
STARLINK-34983,2025-192H,65411,PAY,+,US,2025-08-31,AFETR,,94.01,53.16,472,470,,,EA,ORB
STARLINK-34992,2025-192J,65412,PAY,+,US,2025-08-31,AFETR,,94.01,53.16,472,470,,,EA,ORB
STARLINK-35003,2025-192K,65413,PAY,+,US,2025-08-31,AFETR,,93.85,53.16,464,462,,,EA,ORB
STARLINK-34411,2025-192L,65414,PAY,D,US,2025-08-31,AFETR,2026-04-01,87.96,53.12,177,170,,,EA,IMP
STARLINK-34238,2025-192M,65415,PAY,+,US,2025-08-31,AFETR,,93.85,53.16,464,462,,,EA,ORB
STARLINK-34855,2025-192N,65416,PAY,+,US,2025-08-31,AFETR,,94.01,53.16,472,469,,,EA,ORB
STARLINK-34255,2025-192P,65417,PAY,+,US,2025-08-31,AFETR,,93.85,53.16,464,462,,,EA,ORB
STARLINK-34997,2025-192Q,65418,PAY,+,US,2025-08-31,AFETR,,93.85,53.16,464,462,,,EA,ORB
STARLINK-35085,2025-192R,65419,PAY,+,US,2025-08-31,AFETR,,94.01,53.16,472,470,,,EA,ORB
STARLINK-35138,2025-192S,65420,PAY,+,US,2025-08-31,AFETR,,94.01,53.16,472,470,,,EA,ORB
STARLINK-35146,2025-192T,65421,PAY,+,US,2025-08-31,AFETR,,93.97,53.16,470,468,,,EA,ORB
STARLINK-35074,2025-192U,65422,PAY,+,US,2025-08-31,AFETR,,93.85,53.16,464,462,,,EA,ORB
STARLINK-34837,2025-192V,65423,PAY,+,US,2025-08-31,AFETR,,94.01,53.16,472,470,,,EA,ORB
STARLINK-34670,2025-192W,65424,PAY,+,US,2025-08-31,AFETR,,94.01,53.16,472,470,,,EA,ORB
STARLINK-35095,2025-192X,65425,PAY,+,US,2025-08-31,AFETR,,94.01,53.16,472,470,,,EA,ORB
STARLINK-34883,2025-192Y,65426,PAY,+,US,2025-08-31,AFETR,,94.01,53.16,472,470,,,EA,ORB
STARLINK-34916,2025-192Z,65427,PAY,+,US,2025-08-31,AFETR,,94.01,53.16,472,470,,,EA,ORB
STARLINK-35004,2025-192AA,65428,PAY,+,US,2025-08-31,AFETR,,93.85,53.16,463,462,,,EA,ORB
STARLINK-35014,2025-192AB,65429,PAY,+,US,2025-08-31,AFETR,,93.85,53.16,463,462,,,EA,ORB
STARLINK-35025,2025-192AC,65430,PAY,+,US,2025-08-31,AFETR,,93.85,53.16,463,462,,,EA,ORB
STARLINK-35034,2025-192AD,65431,PAY,+,US,2025-08-31,AFETR,,93.85,53.16,463,462,,,EA,ORB
OFEQ 19,2025-193A,65432,PAY,+,ISRA,2025-09-02,YAVNE,,,,,,,NEA,EA,ORB
SHAVIT 2 R/B,2025-193B,65433,R/B,D,ISRA,2025-09-02,YAVNE,2026-01-04,,,,,,NEA,EA,IMP
STARLINK-35142,2025-194A,65434,PAY,+,US,2025-09-03,AFWTR,,93.91,97.28,466,465,,,EA,ORB
STARLINK-34978,2025-194B,65435,PAY,+,US,2025-09-03,AFWTR,,93.91,97.28,467,464,,,EA,ORB
STARLINK-35043,2025-194C,65436,PAY,+,US,2025-09-03,AFWTR,,95.69,97.33,554,550,,,EA,ORB
STARLINK-35080,2025-194D,65437,PAY,+,US,2025-09-03,AFWTR,,93.91,97.29,467,465,,,EA,ORB
STARLINK-35068,2025-194E,65438,PAY,+,US,2025-09-03,AFWTR,,93.91,97.29,467,464,,,EA,ORB
STARLINK-35045,2025-194F,65439,PAY,+,US,2025-09-03,AFWTR,,93.90,97.28,467,464,,,EA,ORB
STARLINK-35050,2025-194G,65440,PAY,+,US,2025-09-03,AFWTR,,93.91,97.29,467,464,,,EA,ORB
STARLINK-35065,2025-194H,65441,PAY,+,US,2025-09-03,AFWTR,,93.91,97.29,467,464,,,EA,ORB
STARLINK-34679,2025-194J,65442,PAY,+,US,2025-09-03,AFWTR,,93.91,97.29,467,464,,,EA,ORB
STARLINK-34678,2025-194K,65443,PAY,+,US,2025-09-03,AFWTR,,93.91,97.29,467,464,,,EA,ORB
STARLINK-35049,2025-194L,65444,PAY,+,US,2025-09-03,AFWTR,,93.91,97.29,467,464,,,EA,ORB
STARLINK-35029,2025-194M,65445,PAY,+,US,2025-09-03,AFWTR,,93.91,97.29,467,465,,,EA,ORB
STARLINK-34991,2025-194N,65446,PAY,+,US,2025-09-03,AFWTR,,93.91,97.29,467,464,,,EA,ORB
STARLINK-34920,2025-194P,65447,PAY,+,US,2025-09-03,AFWTR,,93.91,97.28,467,464,,,EA,ORB
STARLINK-35030,2025-194Q,65448,PAY,+,US,2025-09-03,AFWTR,,93.91,97.29,466,465,,,EA,ORB
STARLINK-35009,2025-194R,65449,PAY,+,US,2025-09-03,AFWTR,,93.91,97.28,466,465,,,EA,ORB
STARLINK-34970,2025-194S,65450,PAY,+,US,2025-09-03,AFWTR,,93.91,97.29,467,464,,,EA,ORB
STARLINK-35039,2025-194T,65451,PAY,+,US,2025-09-03,AFWTR,,93.91,97.28,466,465,,,EA,ORB
STARLINK-35084,2025-194U,65452,PAY,+,US,2025-09-03,AFWTR,,93.91,97.29,467,464,,,EA,ORB
STARLINK-34988,2025-194V,65453,PAY,+,US,2025-09-03,AFWTR,,95.69,97.32,553,551,,,EA,ORB
STARLINK-35059,2025-194W,65454,PAY,+,US,2025-09-03,AFWTR,,95.69,97.33,554,550,,,EA,ORB
STARLINK-34728,2025-194X,65455,PAY,+,US,2025-09-03,AFWTR,,93.91,97.29,467,464,,,EA,ORB
STARLINK-35005,2025-194Y,65456,PAY,+,US,2025-09-03,AFWTR,,93.91,97.28,467,465,,,EA,ORB
STARLINK-35076,2025-194Z,65457,PAY,+,US,2025-09-03,AFWTR,,93.91,97.28,468,464,,,EA,ORB
STARLINK-34784,2025-195A,65458,PAY,+,US,2025-09-03,AFETR,,94.01,53.16,472,470,,,EA,ORB
STARLINK-34867,2025-195B,65459,PAY,+,US,2025-09-03,AFETR,,93.85,53.16,464,462,,,EA,ORB
STARLINK-34850,2025-195C,65460,PAY,+,US,2025-09-03,AFETR,,93.85,53.16,464,462,,,EA,ORB
STARLINK-35159,2025-195D,65461,PAY,+,US,2025-09-03,AFETR,,93.85,53.16,464,462,,,EA,ORB
STARLINK-35180,2025-195E,65462,PAY,+,US,2025-09-03,AFETR,,93.85,53.16,463,462,,,EA,ORB
STARLINK-35111,2025-195F,65463,PAY,+,US,2025-09-03,AFETR,,94.01,53.16,472,470,,,EA,ORB
STARLINK-35107,2025-195G,65464,PAY,+,US,2025-09-03,AFETR,,94.01,53.16,472,470,,,EA,ORB
STARLINK-35169,2025-195H,65465,PAY,+,US,2025-09-03,AFETR,,93.85,53.16,464,462,,,EA,ORB
STARLINK-35027,2025-195J,65466,PAY,+,US,2025-09-03,AFETR,,93.85,53.16,463,462,,,EA,ORB
STARLINK-34816,2025-195K,65467,PAY,+,US,2025-09-03,AFETR,,94.01,53.16,472,469,,,EA,ORB
STARLINK-35033,2025-195L,65468,PAY,+,US,2025-09-03,AFETR,,94.01,53.16,472,469,,,EA,ORB
STARLINK-34924,2025-195M,65469,PAY,+,US,2025-09-03,AFETR,,93.85,53.16,464,462,,,EA,ORB
STARLINK-34829,2025-195N,65470,PAY,+,US,2025-09-03,AFETR,,94.01,53.16,472,470,,,EA,ORB
STARLINK-34888,2025-195P,65471,PAY,+,US,2025-09-03,AFETR,,93.85,53.16,464,462,,,EA,ORB
STARLINK-34799,2025-195Q,65472,PAY,+,US,2025-09-03,AFETR,,93.85,53.16,463,462,,,EA,ORB
STARLINK-34762,2025-195R,65473,PAY,+,US,2025-09-03,AFETR,,93.85,53.16,465,461,,,EA,ORB
STARLINK-34998,2025-195S,65474,PAY,+,US,2025-09-03,AFETR,,94.11,53.16,476,474,,,EA,ORB
STARLINK-34832,2025-195T,65475,PAY,+,US,2025-09-03,AFETR,,93.85,53.16,463,462,,,EA,ORB
STARLINK-35098,2025-195U,65476,PAY,+,US,2025-09-03,AFETR,,94.01,53.16,472,470,,,EA,ORB
STARLINK-35071,2025-195V,65477,PAY,+,US,2025-09-03,AFETR,,93.85,53.16,464,462,,,EA,ORB
STARLINK-35093,2025-195W,65478,PAY,+,US,2025-09-03,AFETR,,94.01,53.16,472,470,,,EA,ORB
STARLINK-35096,2025-195X,65479,PAY,+,US,2025-09-03,AFETR,,94.01,53.16,471,470,,,EA,ORB
STARLINK-35040,2025-195Y,65480,PAY,+,US,2025-09-03,AFETR,,93.85,53.16,464,462,,,EA,ORB
STARLINK-35042,2025-195Z,65481,PAY,+,US,2025-09-03,AFETR,,93.85,53.16,464,462,,,EA,ORB
STARLINK-35038,2025-195AA,65482,PAY,+,US,2025-09-03,AFETR,,93.85,53.16,464,462,,,EA,ORB
STARLINK-35037,2025-195AB,65483,PAY,+,US,2025-09-03,AFETR,,93.85,53.16,463,462,,,EA,ORB
STARLINK-35089,2025-195AC,65484,PAY,+,US,2025-09-03,AFETR,,93.85,53.16,464,462,,,EA,ORB
STARLINK-35143,2025-195AD,65485,PAY,+,US,2025-09-03,AFETR,,94.01,53.16,472,470,,,EA,ORB
SHIYAN-29,2025-196A,65486,PAY,+,PRC,2025-09-05,XICLF,,1436.18,28.89,35847,35729,,,EA,ORB
CZ-3C R/B,2025-196B,65487,R/B,,PRC,2025-09-05,XICLF,,524.21,28.12,30096,219,,,EA,ORB
OBJECT A,2025-197A,65488,PAY,+,PRC,2025-09-05,JSC,,95.31,97.42,543,524,,,EA,ORB
OBJECT B,2025-197B,65489,PAY,+,PRC,2025-09-05,JSC,,94.74,97.41,516,496,,,EA,ORB
OBJECT C,2025-197C,65490,PAY,+,PRC,2025-09-05,JSC,,94.43,97.41,502,480,,,EA,ORB
OBJECT D,2025-197D,65491,UNK,,PRC,2025-09-05,JSC,,94.18,97.41,489,469,,,EA,ORB
STARLINK-35226,2025-198A,65492,PAY,+,US,2025-09-05,AFETR,,93.85,53.16,463,462,,,EA,ORB
STARLINK-35242,2025-198B,65493,PAY,+,US,2025-09-05,AFETR,,93.85,53.16,463,462,,,EA,ORB
STARLINK-35223,2025-198C,65494,PAY,+,US,2025-09-05,AFETR,,93.85,53.16,463,462,,,EA,ORB
STARLINK-34446,2025-198D,65495,PAY,+,US,2025-09-05,AFETR,,93.85,53.16,464,462,,,EA,ORB
STARLINK-35212,2025-198E,65496,PAY,+,US,2025-09-05,AFETR,,93.85,53.16,464,462,,,EA,ORB
STARLINK-34455,2025-198F,65497,PAY,+,US,2025-09-05,AFETR,,93.85,53.16,464,462,,,EA,ORB
STARLINK-35203,2025-198G,65498,PAY,+,US,2025-09-05,AFETR,,93.85,53.16,463,462,,,EA,ORB
STARLINK-35166,2025-198H,65499,PAY,+,US,2025-09-05,AFETR,,93.85,53.16,463,462,,,EA,ORB
STARLINK-35207,2025-198J,65500,PAY,+,US,2025-09-05,AFETR,,93.85,53.16,463,462,,,EA,ORB
STARLINK-35140,2025-198K,65501,PAY,+,US,2025-09-05,AFETR,,93.85,53.16,463,462,,,EA,ORB
STARLINK-35114,2025-198L,65502,PAY,+,US,2025-09-05,AFETR,,93.85,53.16,464,462,,,EA,ORB
STARLINK-35126,2025-198M,65503,PAY,+,US,2025-09-05,AFETR,,93.85,53.16,463,462,,,EA,ORB
STARLINK-35182,2025-198N,65504,PAY,+,US,2025-09-05,AFETR,,93.85,53.16,464,462,,,EA,ORB
STARLINK-35072,2025-198P,65505,PAY,+,US,2025-09-05,AFETR,,93.85,53.16,463,462,,,EA,ORB
STARLINK-35184,2025-198Q,65506,PAY,+,US,2025-09-05,AFETR,,93.85,53.16,464,462,,,EA,ORB
STARLINK-35163,2025-198R,65507,PAY,+,US,2025-09-05,AFETR,,93.85,53.16,463,462,,,EA,ORB
STARLINK-35119,2025-198S,65508,PAY,+,US,2025-09-05,AFETR,,93.85,53.16,464,462,,,EA,ORB
STARLINK-35168,2025-198T,65509,PAY,+,US,2025-09-05,AFETR,,93.85,53.16,464,462,,,EA,ORB
STARLINK-35122,2025-198U,65510,PAY,+,US,2025-09-05,AFETR,,93.85,53.16,463,462,,,EA,ORB
STARLINK-35124,2025-198V,65511,PAY,+,US,2025-09-05,AFETR,,93.85,53.16,463,462,,,EA,ORB
STARLINK-35149,2025-198W,65512,PAY,+,US,2025-09-05,AFETR,,93.85,53.16,464,462,,,EA,ORB
STARLINK-35019,2025-198X,65513,PAY,+,US,2025-09-05,AFETR,,93.85,53.16,464,462,,,EA,ORB
STARLINK-35026,2025-198Y,65514,PAY,+,US,2025-09-05,AFETR,,93.85,53.16,463,462,,,EA,ORB
STARLINK-35241,2025-198Z,65515,PAY,+,US,2025-09-05,AFETR,,93.85,53.16,464,462,,,EA,ORB
STARLINK-35216,2025-198AA,65516,PAY,+,US,2025-09-05,AFETR,,93.85,53.16,463,462,,,EA,ORB
STARLINK-35228,2025-198AB,65517,PAY,+,US,2025-09-05,AFETR,,93.85,53.16,464,462,,,EA,ORB
STARLINK-35232,2025-198AC,65518,PAY,+,US,2025-09-05,AFETR,,93.85,53.16,463,462,,,EA,ORB
STARLINK-35164,2025-198AD,65519,PAY,+,US,2025-09-05,AFETR,,93.85,53.16,464,462,,,EA,ORB
STARLINK-35112,2025-200A,65520,PAY,+,US,2025-09-06,AFWTR,,93.91,97.28,466,465,,,EA,ORB
STARLINK-35187,2025-200B,65521,PAY,+,US,2025-09-06,AFWTR,,93.90,97.28,466,465,,,EA,ORB
STARLINK-35188,2025-200C,65522,PAY,+,US,2025-09-06,AFWTR,,93.91,97.28,466,465,,,EA,ORB
STARLINK-35078,2025-200D,65523,PAY,+,US,2025-09-06,AFWTR,,93.91,97.28,466,465,,,EA,ORB
STARLINK-35055,2025-200E,65524,PAY,+,US,2025-09-06,AFWTR,,93.91,97.29,466,465,,,EA,ORB
STARLINK-35057,2025-200F,65525,PAY,+,US,2025-09-06,AFWTR,,93.91,97.28,466,465,,,EA,ORB
STARLINK-34674,2025-200G,65526,PAY,+,US,2025-09-06,AFWTR,,93.91,97.28,466,465,,,EA,ORB
STARLINK-35067,2025-200H,65527,PAY,+,US,2025-09-06,AFWTR,,93.91,97.29,467,464,,,EA,ORB
STARLINK-35063,2025-200J,65528,PAY,+,US,2025-09-06,AFWTR,,93.91,97.28,466,465,,,EA,ORB
STARLINK-35077,2025-200K,65529,PAY,+,US,2025-09-06,AFWTR,,93.91,97.28,466,465,,,EA,ORB
STARLINK-35152,2025-200L,65530,PAY,+,US,2025-09-06,AFWTR,,93.91,97.28,466,466,,,EA,ORB
STARLINK-35064,2025-200M,65531,PAY,+,US,2025-09-06,AFWTR,,93.91,97.28,466,465,,,EA,ORB
STARLINK-35170,2025-200N,65532,PAY,+,US,2025-09-06,AFWTR,,93.91,97.28,466,465,,,EA,ORB
STARLINK-35172,2025-200P,65533,PAY,+,US,2025-09-06,AFWTR,,93.91,97.28,466,465,,,EA,ORB
STARLINK-35125,2025-200Q,65534,PAY,+,US,2025-09-06,AFWTR,,93.91,97.28,466,465,,,EA,ORB
STARLINK-35133,2025-200R,65535,PAY,+,US,2025-09-06,AFWTR,,93.91,97.29,466,465,,,EA,ORB
STARLINK-35044,2025-200S,65536,PAY,+,US,2025-09-06,AFWTR,,93.91,97.28,467,464,,,EA,ORB
STARLINK-35136,2025-200T,65537,PAY,+,US,2025-09-06,AFWTR,,93.90,97.28,466,465,,,EA,ORB
STARLINK-35144,2025-200U,65538,PAY,+,US,2025-09-06,AFWTR,,93.91,97.28,466,465,,,EA,ORB
STARLINK-35110,2025-200V,65539,PAY,+,US,2025-09-06,AFWTR,,93.91,97.28,466,465,,,EA,ORB
STARLINK-35052,2025-200W,65540,PAY,+,US,2025-09-06,AFWTR,,93.91,97.28,466,465,,,EA,ORB
STARLINK-35087,2025-200X,65541,PAY,+,US,2025-09-06,AFWTR,,93.91,97.28,466,465,,,EA,ORB
STARLINK-35100,2025-200Y,65542,PAY,+,US,2025-09-06,AFWTR,,93.91,97.28,467,465,,,EA,ORB
STARLINK-35105,2025-200Z,65543,PAY,+,US,2025-09-06,AFWTR,,93.91,97.29,466,465,,,EA,ORB
YAOGAN-40 03A,2025-199A,65544,PAY,+,PRC,2025-09-06,TAISC,,100.95,85.99,812,794,,,EA,ORB
YAOGAN-40 03B,2025-199B,65545,PAY,+,PRC,2025-09-06,TAISC,,101.95,85.99,852,850,,,EA,ORB
YAOGAN-40 03C,2025-199C,65546,PAY,+,PRC,2025-09-06,TAISC,,101.95,85.99,852,850,,,EA,ORB
CZ-6A DEB,2025-199D,65547,DEB,,PRC,2025-09-06,TAISC,,101.95,85.99,852,850,,,EA,ORB
CZ-6A DEB,2025-199E,65548,DEB,,PRC,2025-09-06,TAISC,,100.90,85.99,809,793,,,EA,ORB
CZ-6A R/B,2025-199F,65549,R/B,,PRC,2025-09-06,TAISC,,98.33,86.01,726,632,,,EA,ORB
GEESAT-5 01,2025-201A,65550,PAY,+,PRC,2025-09-08,YSLA,,97.01,49.99,618,614,,,EA,ORB
GEESAT-5 02,2025-201B,65551,PAY,+,PRC,2025-09-08,YSLA,,97.01,49.99,621,610,,,EA,ORB
GEESAT-5 03,2025-201C,65552,PAY,+,PRC,2025-09-08,YSLA,,97.01,49.99,623,608,,,EA,ORB
GEESAT-5 04,2025-201D,65553,PAY,+,PRC,2025-09-08,YSLA,,97.01,49.99,621,610,,,EA,ORB
GEESAT-5 05,2025-201E,65554,PAY,+,PRC,2025-09-08,YSLA,,97.01,49.98,623,608,,,EA,ORB
GEESAT-5 06,2025-201F,65555,PAY,+,PRC,2025-09-08,YSLA,,97.01,49.99,625,606,,,EA,ORB
GEESAT-5 07,2025-201G,65556,PAY,+,PRC,2025-09-08,YSLA,,97.01,49.99,625,607,,,EA,ORB
GEESAT-5 08,2025-201H,65557,PAY,+,PRC,2025-09-08,YSLA,,97.07,49.98,624,613,,,EA,ORB
GEESAT-5 09,2025-201J,65558,PAY,+,PRC,2025-09-08,YSLA,,97.02,49.98,622,610,,,EA,ORB
GEESAT-5 10,2025-201K,65559,PAY,+,PRC,2025-09-08,YSLA,,97.01,49.98,621,611,,,EA,ORB
GEESAT-5 11,2025-201L,65560,PAY,+,PRC,2025-09-08,YSLA,,97.01,49.99,622,610,,,EA,ORB
JIELONG-3 DEB,2025-201M,65561,DEB,D,PRC,2025-09-08,YSLA,2026-03-22,87.58,50.05,158,151,,,EA,IMP
JIELONG-3 R/B,2025-201N,65562,R/B,D,PRC,2025-09-08,YSLA,2025-09-19,88.93,50.13,299,144,,,EA,IMP
YAOGAN-45,2025-202A,65563,PAY,+,PRC,2025-09-09,WSC,,271.08,19.93,7508,7486,,,EA,ORB
CZ-7A R/B,2025-202B,65564,R/B,D,PRC,2025-09-09,WSC,2025-10-31,100.27,20.02,1429,113,,,EA,IMP
PRAETORIAN SDA_602,2025-203A,65565,PAY,+,US,2025-09-10,AFWTR,,104.05,81.30,955,945,,,EA,ORB
PRAETORIAN SDA_603,2025-203B,65566,PAY,+,US,2025-09-10,AFWTR,,104.05,81.31,957,943,,,EA,ORB
PRAETORIAN SDA_604,2025-203C,65567,PAY,+,US,2025-09-10,AFWTR,,104.12,81.31,957,949,,,EA,ORB
PRAETORIAN SDA_605,2025-203D,65568,PAY,+,US,2025-09-10,AFWTR,,104.11,81.30,959,946,,,EA,ORB
PRAETORIAN SDA_606,2025-203E,65569,PAY,+,US,2025-09-10,AFWTR,,104.11,81.31,957,948,,,EA,ORB
PRAETORIAN SDA_607,2025-203F,65570,PAY,+,US,2025-09-10,AFWTR,,104.06,81.31,957,944,,,EA,ORB
PRAETORIAN SDA_608,2025-203G,65571,PAY,+,US,2025-09-10,AFWTR,,104.06,81.30,955,946,,,EA,ORB
PRAETORIAN SDA_609,2025-203H,65572,PAY,+,US,2025-09-10,AFWTR,,104.03,81.31,954,944,,,EA,ORB
PRAETORIAN SDA_610,2025-203J,65573,PAY,+,US,2025-09-10,AFWTR,,104.08,81.30,957,946,,,EA,ORB
PRAETORIAN SDA_611,2025-203K,65574,PAY,+,US,2025-09-10,AFWTR,,104.10,81.30,957,948,,,EA,ORB
PRAETORIAN SDA_612,2025-203L,65575,PAY,+,US,2025-09-10,AFWTR,,103.97,81.30,953,939,,,EA,ORB
PRAETORIAN SDA_613,2025-203M,65576,PAY,+,US,2025-09-10,AFWTR,,104.14,81.30,958,950,,,EA,ORB
PRAETORIAN SDA_614,2025-203N,65577,PAY,+,US,2025-09-10,AFWTR,,103.99,81.30,952,942,,,EA,ORB
PRAETORIAN SDA_615,2025-203P,65578,PAY,+,US,2025-09-10,AFWTR,,104.01,81.30,955,941,,,EA,ORB
PRAETORIAN SDA_616,2025-203Q,65579,PAY,+,US,2025-09-10,AFWTR,,104.10,81.31,956,948,,,EA,ORB
PRAETORIAN SDA_617,2025-203R,65580,PAY,+,US,2025-09-10,AFWTR,,104.11,81.31,958,947,,,EA,ORB
PRAETORIAN SDA_618,2025-203S,65581,PAY,+,US,2025-09-10,AFWTR,,104.03,81.30,956,942,,,EA,ORB
PRAETORIAN SDA_619,2025-203T,65582,PAY,+,US,2025-09-10,AFWTR,,104.07,81.31,957,945,,,EA,ORB
PRAETORIAN SDA_620,2025-203U,65583,PAY,+,US,2025-09-10,AFWTR,,104.11,81.30,958,947,,,EA,ORB
PRAETORIAN SDA_621,2025-203V,65584,PAY,+,US,2025-09-10,AFWTR,,104.06,81.30,956,945,,,EA,ORB
PRAETORIAN SDA_601,2025-203W,65585,PAY,+,US,2025-09-10,AFWTR,,104.11,81.31,957,948,,,EA,ORB
PROGRESS-MS 32,2025-204A,65586,PAY,D,CIS,2025-09-11,TYMSC,2026-04-21,92.97,51.63,425,416,,,EA,IMP
SL-4 R/B,2025-204B,65587,R/B,D,CIS,2025-09-11,TYMSC,2025-09-15,88.56,51.66,219,188,,,EA,IMP
NUSANTARA LIMA (NUSANTARA 5),2025-205A,65588,PAY,+,INDO,2025-09-12,AFETR,,1436.10,0.01,35788,35785,,,EA,ORB
COSMOS 2595 (MOZHAETS 6),2025-206A,65589,PAY,+,CIS,2025-09-13,PLMSC,,670.07,64.60,19155,18820,,,EA,ORB
COSMOS 2596 [GLONASS-K1],2025-206B,65590,PAY,+,CIS,2025-09-13,PLMSC,,675.74,64.59,19160,19100,,,EA,ORB
FREGAT R/B,2025-206C,65591,R/B,,CIS,2025-09-13,PLMSC,,670.85,64.64,19034,18980,,,EA,ORB
STARLINK-35267,2025-207A,65592,PAY,+,US,2025-09-13,AFWTR,,95.64,97.28,551,548,,,EA,ORB
STARLINK-35269,2025-207B,65593,PAY,+,US,2025-09-13,AFWTR,,95.64,97.28,551,548,,,EA,ORB
STARLINK-35191,2025-207C,65594,PAY,+,US,2025-09-13,AFWTR,,95.64,97.28,550,549,,,EA,ORB
STARLINK-35261,2025-207D,65595,PAY,+,US,2025-09-13,AFWTR,,95.64,97.28,551,548,,,EA,ORB
STARLINK-35253,2025-207E,65596,PAY,+,US,2025-09-13,AFWTR,,95.64,97.28,550,549,,,EA,ORB
STARLINK-35263,2025-207F,65597,PAY,+,US,2025-09-13,AFWTR,,95.64,97.28,550,549,,,EA,ORB
STARLINK-35248,2025-207G,65598,PAY,+,US,2025-09-13,AFWTR,,95.64,97.28,551,548,,,EA,ORB
STARLINK-35245,2025-207H,65599,PAY,+,US,2025-09-13,AFWTR,,95.64,97.28,551,548,,,EA,ORB
STARLINK-35229,2025-207J,65600,PAY,+,US,2025-09-13,AFWTR,,95.64,97.28,550,549,,,EA,ORB
STARLINK-35234,2025-207K,65601,PAY,+,US,2025-09-13,AFWTR,,95.64,97.28,551,548,,,EA,ORB
STARLINK-35255,2025-207L,65602,PAY,+,US,2025-09-13,AFWTR,,95.64,97.28,551,548,,,EA,ORB
STARLINK-35250,2025-207M,65603,PAY,+,US,2025-09-13,AFWTR,,95.64,97.28,551,548,,,EA,ORB
STARLINK-35251,2025-207N,65604,PAY,+,US,2025-09-13,AFWTR,,95.64,97.28,551,548,,,EA,ORB
STARLINK-35171,2025-207P,65605,PAY,+,US,2025-09-13,AFWTR,,95.64,97.28,551,548,,,EA,ORB
STARLINK-35195,2025-207Q,65606,PAY,+,US,2025-09-13,AFWTR,,95.64,97.28,551,548,,,EA,ORB
STARLINK-35156,2025-207R,65607,PAY,+,US,2025-09-13,AFWTR,,95.64,97.28,551,548,,,EA,ORB
STARLINK-35185,2025-207S,65608,PAY,+,US,2025-09-13,AFWTR,,95.64,97.28,551,548,,,EA,ORB
STARLINK-35053,2025-207T,65609,PAY,+,US,2025-09-13,AFWTR,,95.64,97.28,551,548,,,EA,ORB
STARLINK-35178,2025-207U,65610,PAY,+,US,2025-09-13,AFWTR,,95.64,97.28,550,548,,,EA,ORB
STARLINK-35186,2025-207V,65611,PAY,+,US,2025-09-13,AFWTR,,95.64,97.28,551,548,,,EA,ORB
STARLINK-35154,2025-207W,65612,PAY,+,US,2025-09-13,AFWTR,,95.64,97.28,551,548,,,EA,ORB
STARLINK-35162,2025-207X,65613,PAY,+,US,2025-09-13,AFWTR,,95.64,97.28,551,548,,,EA,ORB
STARLINK-35206,2025-207Y,65614,PAY,+,US,2025-09-13,AFWTR,,95.64,97.28,550,549,,,EA,ORB
STARLINK-35174,2025-207Z,65615,PAY,+,US,2025-09-13,AFWTR,,95.64,97.28,551,548,,,EA,ORB
CYGNUS NG-23,2025-208A,65616,PAY,D,US,2025-09-14,AFETR,2026-03-14,92.90,51.63,422,412,,,EA,IMP
HJS-7A,2025-209A,65617,PAY,+,PRC,2025-09-16,JSC,,107.35,50.00,1104,1103,,,EA,ORB
HJS-7B,2025-209B,65618,PAY,+,PRC,2025-09-16,JSC,,107.34,50.00,1105,1102,,,EA,ORB
HJS-7C,2025-209C,65619,PAY,+,PRC,2025-09-16,JSC,,107.34,50.00,1106,1102,,,EA,ORB
HJS-7D,2025-209D,65620,PAY,+,PRC,2025-09-16,JSC,,107.34,50.00,1107,1101,,,EA,ORB
YZ-1S R/B,2025-209E,65621,R/B,D,PRC,2025-09-16,JSC,2025-09-19,89.88,49.96,433,104,,,EA,IMP
STARLINK-35247,2025-210A,65622,PAY,+,US,2025-09-18,AFETR,,94.11,53.16,477,474,,,EA,ORB
STARLINK-35239,2025-210B,65623,PAY,+,US,2025-09-18,AFETR,,93.85,53.16,464,461,,,EA,ORB
STARLINK-35151,2025-210C,65624,PAY,+,US,2025-09-18,AFETR,,93.85,53.16,463,462,,,EA,ORB
STARLINK-35153,2025-210D,65625,PAY,+,US,2025-09-18,AFETR,,93.85,53.16,464,461,,,EA,ORB
STARLINK-35225,2025-210E,65626,PAY,+,US,2025-09-18,AFETR,,93.85,53.16,463,462,,,EA,ORB
STARLINK-35217,2025-210F,65627,PAY,+,US,2025-09-18,AFETR,,93.90,53.16,466,464,,,EA,ORB
STARLINK-35128,2025-210G,65628,PAY,+,US,2025-09-18,AFETR,,93.85,53.16,464,462,,,EA,ORB
STARLINK-35135,2025-210H,65629,PAY,+,US,2025-09-18,AFETR,,93.85,53.16,464,462,,,EA,ORB
STARLINK-34877,2025-210J,65630,PAY,+,US,2025-09-18,AFETR,,93.85,53.16,464,462,,,EA,ORB
STARLINK-35104,2025-210K,65631,PAY,+,US,2025-09-18,AFETR,,93.85,53.16,463,462,,,EA,ORB
STARLINK-35117,2025-210L,65632,PAY,+,US,2025-09-18,AFETR,,94.11,53.16,476,475,,,EA,ORB
STARLINK-35103,2025-210M,65633,PAY,+,US,2025-09-18,AFETR,,93.85,53.16,464,462,,,EA,ORB
STARLINK-35123,2025-210N,65634,PAY,+,US,2025-09-18,AFETR,,94.01,53.16,472,469,,,EA,ORB
STARLINK-35150,2025-210P,65635,PAY,+,US,2025-09-18,AFETR,,93.90,53.16,466,464,,,EA,ORB
STARLINK-35209,2025-210Q,65636,PAY,+,US,2025-09-18,AFETR,,93.85,53.16,464,462,,,EA,ORB
STARLINK-35147,2025-210R,65637,PAY,+,US,2025-09-18,AFETR,,93.85,53.16,464,462,,,EA,ORB
STARLINK-35213,2025-210S,65638,PAY,+,US,2025-09-18,AFETR,,93.85,53.16,464,462,,,EA,ORB
STARLINK-35127,2025-210T,65639,PAY,+,US,2025-09-18,AFETR,,93.85,53.16,464,462,,,EA,ORB
STARLINK-35091,2025-210U,65640,PAY,+,US,2025-09-18,AFETR,,93.85,53.16,463,462,,,EA,ORB
STARLINK-35134,2025-210V,65641,PAY,+,US,2025-09-18,AFETR,,93.85,53.16,464,462,,,EA,ORB
STARLINK-35109,2025-210W,65642,PAY,+,US,2025-09-18,AFETR,,93.85,53.16,464,462,,,EA,ORB
STARLINK-35062,2025-210X,65643,PAY,+,US,2025-09-18,AFETR,,93.85,53.16,463,462,,,EA,ORB
STARLINK-35141,2025-210Y,65644,PAY,+,US,2025-09-18,AFETR,,94.01,53.16,471,470,,,EA,ORB
STARLINK-35237,2025-210Z,65645,PAY,+,US,2025-09-18,AFETR,,93.90,53.16,466,464,,,EA,ORB
STARLINK-35183,2025-210AA,65646,PAY,+,US,2025-09-18,AFETR,,94.11,53.16,476,475,,,EA,ORB
STARLINK-35202,2025-210AB,65647,PAY,+,US,2025-09-18,AFETR,,93.85,53.16,463,462,,,EA,ORB
STARLINK-34868,2025-210AC,65648,PAY,+,US,2025-09-18,AFETR,,93.85,53.16,463,462,,,EA,ORB
STARLINK-35079,2025-210AD,65649,PAY,+,US,2025-09-18,AFETR,,93.91,53.16,467,464,,,EA,ORB
STARLINK-35328,2025-211A,65652,PAY,+,US,2025-09-19,AFWTR,,93.91,97.28,467,464,,,EA,ORB
STARLINK-34210,2025-211B,65653,PAY,+,US,2025-09-19,AFWTR,,93.91,97.28,466,465,,,EA,ORB
STARLINK-35227,2025-211C,65654,PAY,+,US,2025-09-19,AFWTR,,93.90,97.28,466,465,,,EA,ORB
STARLINK-35240,2025-211D,65655,PAY,+,US,2025-09-19,AFWTR,,93.91,97.28,466,465,,,EA,ORB
STARLINK-35344,2025-211E,65656,PAY,+,US,2025-09-19,AFWTR,,93.91,97.28,466,465,,,EA,ORB
STARLINK-34540,2025-211F,65657,PAY,+,US,2025-09-19,AFWTR,,93.91,97.28,466,465,,,EA,ORB
STARLINK-35282,2025-211G,65658,PAY,+,US,2025-09-19,AFWTR,,93.91,97.28,466,465,,,EA,ORB
STARLINK-35120,2025-211H,65659,PAY,+,US,2025-09-19,AFWTR,,93.91,97.28,466,465,,,EA,ORB
STARLINK-35246,2025-211J,65660,PAY,+,US,2025-09-19,AFWTR,,93.91,97.28,466,465,,,EA,ORB
STARLINK-35220,2025-211K,65661,PAY,+,US,2025-09-19,AFWTR,,93.91,97.29,466,465,,,EA,ORB
STARLINK-35176,2025-211L,65662,PAY,+,US,2025-09-19,AFWTR,,93.91,97.29,466,465,,,EA,ORB
STARLINK-35190,2025-211M,65663,PAY,+,US,2025-09-19,AFWTR,,93.91,97.28,466,465,,,EA,ORB
STARLINK-35201,2025-211N,65664,PAY,+,US,2025-09-19,AFWTR,,93.91,97.28,466,465,,,EA,ORB
STARLINK-35115,2025-211P,65665,PAY,+,US,2025-09-19,AFWTR,,93.91,97.28,466,465,,,EA,ORB
STARLINK-35181,2025-211Q,65666,PAY,+,US,2025-09-19,AFWTR,,93.90,97.28,466,465,,,EA,ORB
STARLINK-35361,2025-211R,65667,PAY,+,US,2025-09-19,AFWTR,,93.90,97.28,467,464,,,EA,ORB
STARLINK-35351,2025-211S,65668,PAY,+,US,2025-09-19,AFWTR,,93.91,97.28,466,465,,,EA,ORB
STARLINK-35353,2025-211T,65669,PAY,+,US,2025-09-19,AFWTR,,93.91,97.28,466,465,,,EA,ORB
STARLINK-35359,2025-211U,65670,PAY,+,US,2025-09-19,AFWTR,,93.91,97.28,466,465,,,EA,ORB
STARLINK-35194,2025-211V,65671,PAY,+,US,2025-09-19,AFWTR,,93.91,97.28,466,465,,,EA,ORB
STARLINK-35198,2025-211W,65672,PAY,+,US,2025-09-19,AFWTR,,93.91,97.28,467,465,,,EA,ORB
STARLINK-35177,2025-211X,65673,PAY,+,US,2025-09-19,AFWTR,,93.91,97.28,466,465,,,EA,ORB
STARLINK-35254,2025-211Y,65674,PAY,+,US,2025-09-19,AFWTR,,93.91,97.28,467,465,,,EA,ORB
STARLINK-34749,2025-211Z,65675,PAY,+,US,2025-09-19,AFWTR,,93.91,97.28,466,465,,,EA,ORB
STARLINK-35189,2025-212A,65676,PAY,+,US,2025-09-21,AFETR,,94.01,53.16,471,470,,,EA,ORB
STARLINK-35222,2025-212B,65677,PAY,+,US,2025-09-21,AFETR,,93.85,53.16,463,462,,,EA,ORB
STARLINK-35233,2025-212C,65678,PAY,+,US,2025-09-21,AFETR,,94.01,53.16,472,469,,,EA,ORB
STARLINK-35205,2025-212D,65679,PAY,+,US,2025-09-21,AFETR,,93.85,53.16,463,462,,,EA,ORB
STARLINK-35070,2025-212E,65680,PAY,+,US,2025-09-21,AFETR,,94.01,53.16,471,470,,,EA,ORB
STARLINK-35230,2025-212F,65681,PAY,+,US,2025-09-21,AFETR,,93.85,53.16,463,462,,,EA,ORB
STARLINK-35235,2025-212G,65682,PAY,+,US,2025-09-21,AFETR,,93.85,53.16,463,462,,,EA,ORB
STARLINK-34886,2025-212H,65683,PAY,+,US,2025-09-21,AFETR,,94.01,53.16,471,470,,,EA,ORB
STARLINK-34795,2025-212J,65684,PAY,+,US,2025-09-21,AFETR,,93.85,53.16,463,462,,,EA,ORB
STARLINK-35145,2025-212K,65685,PAY,+,US,2025-09-21,AFETR,,93.85,53.16,464,462,,,EA,ORB
STARLINK-35137,2025-212L,65686,PAY,+,US,2025-09-21,AFETR,,93.85,53.16,463,462,,,EA,ORB
STARLINK-34856,2025-212M,65687,PAY,+,US,2025-09-21,AFETR,,94.01,53.16,471,470,,,EA,ORB
STARLINK-34930,2025-212N,65688,PAY,+,US,2025-09-21,AFETR,,94.01,53.16,471,470,,,EA,ORB
STARLINK-34875,2025-212P,65689,PAY,+,US,2025-09-21,AFETR,,93.85,53.16,464,462,,,EA,ORB
STARLINK-34790,2025-212Q,65690,PAY,+,US,2025-09-21,AFETR,,93.85,53.16,464,462,,,EA,ORB
STARLINK-34691,2025-212R,65691,PAY,+,US,2025-09-21,AFETR,,93.86,53.16,464,463,,,EA,ORB
STARLINK-34825,2025-212S,65692,PAY,+,US,2025-09-21,AFETR,,93.85,53.16,464,462,,,EA,ORB
STARLINK-35060,2025-212T,65693,PAY,+,US,2025-09-21,AFETR,,93.85,53.16,464,462,,,EA,ORB
STARLINK-35204,2025-212U,65694,PAY,+,US,2025-09-21,AFETR,,93.85,53.16,463,462,,,EA,ORB
STARLINK-35221,2025-212V,65695,PAY,+,US,2025-09-21,AFETR,,94.01,53.16,471,470,,,EA,ORB
STARLINK-34734,2025-212W,65696,PAY,+,US,2025-09-21,AFETR,,94.01,53.16,472,470,,,EA,ORB
STARLINK-35113,2025-212X,65697,PAY,+,US,2025-09-21,AFETR,,93.85,53.16,463,462,,,EA,ORB
STARLINK-35090,2025-212Y,65698,PAY,+,US,2025-09-21,AFETR,,93.85,53.16,463,462,,,EA,ORB
STARLINK-35086,2025-212Z,65699,PAY,+,US,2025-09-21,AFETR,,94.01,53.16,471,470,,,EA,ORB
STARLINK-35101,2025-212AA,65700,PAY,+,US,2025-09-21,AFETR,,93.85,53.16,463,462,,,EA,ORB
STARLINK-35046,2025-212AB,65701,PAY,+,US,2025-09-21,AFETR,,93.85,53.16,463,462,,,EA,ORB
STARLINK-35075,2025-212AC,65702,PAY,+,US,2025-09-21,AFETR,,94.01,53.16,471,470,,,EA,ORB
STARLINK-34839,2025-212AD,65703,PAY,+,US,2025-09-21,AFETR,,94.01,53.16,471,470,,,EA,ORB
USA 558,2025-213A,65704,PAY,+,US,2025-09-22,AFWTR,,96.21,70.04,579,575,,NEA,EA,ORB
USA 559,2025-213B,65705,PAY,+,US,2025-09-22,AFWTR,,96.21,70.03,579,575,,NEA,EA,ORB
USA 560,2025-213C,65706,PAY,+,US,2025-09-22,AFWTR,,96.21,70.04,579,575,,NEA,EA,ORB
USA 561,2025-213D,65707,PAY,+,US,2025-09-22,AFWTR,,96.21,70.03,579,575,,NEA,EA,ORB
USA 562,2025-213E,65708,PAY,+,US,2025-09-22,AFWTR,,96.21,70.03,579,575,,NEA,EA,ORB
USA 563,2025-213F,65709,PAY,+,US,2025-09-22,AFWTR,,96.21,70.02,580,575,,NEA,EA,ORB
USA 564,2025-213G,65710,PAY,+,US,2025-09-22,AFWTR,,96.21,70.04,579,575,,NEA,EA,ORB
USA 565,2025-213H,65711,PAY,+,US,2025-09-22,AFWTR,,96.21,70.04,579,575,,NEA,EA,ORB
SHIKONGXING 01,2025-214A,65712,PAY,+,PRC,2025-09-24,YSLA,,96.45,49.99,598,579,,,EA,ORB
GEESAT-6 01,2025-214B,65713,PAY,+,PRC,2025-09-24,YSLA,,97.07,49.99,627,610,,,EA,ORB
GEESAT-6 02,2025-214C,65714,PAY,+,PRC,2025-09-24,YSLA,,97.07,49.99,625,611,,,EA,ORB
GEESAT-6 03,2025-214D,65715,PAY,+,PRC,2025-09-24,YSLA,,97.06,49.98,627,609,,,EA,ORB
GEESAT-6 04,2025-214E,65716,PAY,+,PRC,2025-09-24,YSLA,,97.07,49.99,625,612,,,EA,ORB
GEESAT-6 05,2025-214F,65717,PAY,+,PRC,2025-09-24,YSLA,,97.06,49.98,627,609,,,EA,ORB
GEESAT-6 06,2025-214G,65718,PAY,+,PRC,2025-09-24,YSLA,,97.08,49.99,626,612,,,EA,ORB
GEESAT-6 07,2025-214H,65719,PAY,+,PRC,2025-09-24,YSLA,,97.07,49.98,625,611,,,EA,ORB
GEESAT-6 08,2025-214J,65720,PAY,+,PRC,2025-09-24,YSLA,,97.07,49.99,625,611,,,EA,ORB
GEESAT-6 09,2025-214K,65721,PAY,+,PRC,2025-09-24,YSLA,,97.06,49.99,624,612,,,EA,ORB
GEESAT-6 10,2025-214L,65722,PAY,+,PRC,2025-09-24,YSLA,,97.06,49.99,626,610,,,EA,ORB
GEESAT-6 11,2025-214M,65723,PAY,+,PRC,2025-09-24,YSLA,,97.06,49.98,625,611,,,EA,ORB
IMAP,2025-215A,65725,PAY,+,US,2025-09-24,AFETR,,,,,,,,SU,ORB
SWFO-L1,2025-215B,65726,PAY,+,US,2025-09-24,AFETR,,,,,,,,SU,ORB
CARRUTHERS,2025-215C,65727,PAY,+,US,2025-09-24,AFETR,,,,,,,,SU,ORB
FALCON 9 R/B,2025-215D,65728,R/B,,US,2025-09-24,AFETR,,,,,,,,SU,ORB
STARLINK-34086,2025-216A,65734,PAY,+,US,2025-09-25,AFETR,,93.85,53.16,464,462,,,EA,ORB
STARLINK-35099,2025-216B,65735,PAY,+,US,2025-09-25,AFETR,,93.85,53.16,463,462,,,EA,ORB
STARLINK-35167,2025-216C,65736,PAY,+,US,2025-09-25,AFETR,,93.85,53.16,463,462,,,EA,ORB
STARLINK-35121,2025-216D,65737,PAY,+,US,2025-09-25,AFETR,,93.85,53.16,463,462,,,EA,ORB
STARLINK-35108,2025-216E,65738,PAY,+,US,2025-09-25,AFETR,,93.85,53.16,463,462,,,EA,ORB
STARLINK-35106,2025-216F,65739,PAY,+,US,2025-09-25,AFETR,,93.85,53.16,463,462,,,EA,ORB
STARLINK-35130,2025-216G,65740,PAY,+,US,2025-09-25,AFETR,,93.85,53.16,463,462,,,EA,ORB
STARLINK-35284,2025-216H,65741,PAY,+,US,2025-09-25,AFETR,,93.85,53.16,464,461,,,EA,ORB
STARLINK-35316,2025-216J,65742,PAY,+,US,2025-09-25,AFETR,,93.85,53.16,463,462,,,EA,ORB
STARLINK-35319,2025-216K,65743,PAY,+,US,2025-09-25,AFETR,,93.85,53.16,464,462,,,EA,ORB
STARLINK-35173,2025-216L,65744,PAY,+,US,2025-09-25,AFETR,,93.85,53.16,463,462,,,EA,ORB
STARLINK-34808,2025-216M,65745,PAY,+,US,2025-09-25,AFETR,,93.85,53.16,463,462,,,EA,ORB
STARLINK-34704,2025-216N,65746,PAY,+,US,2025-09-25,AFETR,,93.85,53.16,463,462,,,EA,ORB
STARLINK-35214,2025-216P,65747,PAY,+,US,2025-09-25,AFETR,,93.85,53.16,464,462,,,EA,ORB
STARLINK-35265,2025-216Q,65748,PAY,+,US,2025-09-25,AFETR,,93.85,53.16,463,462,,,EA,ORB
STARLINK-35288,2025-216R,65749,PAY,+,US,2025-09-25,AFETR,,93.85,53.16,463,462,,,EA,ORB
STARLINK-35165,2025-216S,65750,PAY,+,US,2025-09-25,AFETR,,93.85,53.16,464,462,,,EA,ORB
STARLINK-35260,2025-216T,65751,PAY,+,US,2025-09-25,AFETR,,93.85,53.16,463,462,,,EA,ORB
STARLINK-34893,2025-216U,65752,PAY,+,US,2025-09-25,AFETR,,93.85,53.16,463,462,,,EA,ORB
STARLINK-34894,2025-216V,65753,PAY,+,US,2025-09-25,AFETR,,93.85,53.16,463,462,,,EA,ORB
STARLINK-35287,2025-216W,65754,PAY,+,US,2025-09-25,AFETR,,93.85,53.16,463,462,,,EA,ORB
STARLINK-35294,2025-216X,65755,PAY,+,US,2025-09-25,AFETR,,93.85,53.16,463,462,,,EA,ORB
STARLINK-35275,2025-216Y,65756,PAY,+,US,2025-09-25,AFETR,,93.85,53.16,463,462,,,EA,ORB
STARLINK-35211,2025-216Z,65757,PAY,+,US,2025-09-25,AFETR,,93.85,53.16,464,461,,,EA,ORB
STARLINK-35313,2025-216AA,65758,PAY,+,US,2025-09-25,AFETR,,93.85,53.16,463,462,,,EA,ORB
STARLINK-34692,2025-216AB,65759,PAY,+,US,2025-09-25,AFETR,,93.85,53.16,463,462,,,EA,ORB
STARLINK-34890,2025-216AC,65760,PAY,+,US,2025-09-25,AFETR,,93.85,53.16,463,462,,,EA,ORB
STARLINK-34889,2025-216AD,65761,PAY,+,US,2025-09-25,AFETR,,93.85,53.16,464,462,,,EA,ORB
KUIPER-00120,2025-217A,65762,PAY,+,US,2025-09-25,AFETR,,97.30,51.90,630,629,,,EA,ORB
KUIPER-00132,2025-217B,65763,PAY,+,US,2025-09-25,AFETR,,93.57,51.85,453,446,,,EA,ORB
KUIPER-00133,2025-217C,65764,PAY,+,US,2025-09-25,AFETR,,97.30,51.90,630,629,,,EA,ORB
KUIPER-00139,2025-217D,65765,PAY,+,US,2025-09-25,AFETR,,97.30,51.90,630,629,,,EA,ORB
KUIPER-00142,2025-217E,65766,PAY,+,US,2025-09-25,AFETR,,97.30,51.90,630,629,,,EA,ORB
KUIPER-00145,2025-217F,65767,PAY,+,US,2025-09-25,AFETR,,97.30,51.90,630,629,,,EA,ORB
KUIPER-00147,2025-217G,65768,PAY,+,US,2025-09-25,AFETR,,97.30,51.90,630,629,,,EA,ORB
KUIPER-00148,2025-217H,65769,PAY,+,US,2025-09-25,AFETR,,97.30,51.91,630,629,,,EA,ORB
KUIPER-00150,2025-217J,65770,PAY,+,US,2025-09-25,AFETR,,97.30,51.90,630,629,,,EA,ORB
KUIPER-00151,2025-217K,65771,PAY,+,US,2025-09-25,AFETR,,97.30,51.90,630,629,,,EA,ORB
KUIPER-00152,2025-217L,65772,PAY,+,US,2025-09-25,AFETR,,97.30,51.90,630,629,,,EA,ORB
KUIPER-00153,2025-217M,65773,PAY,+,US,2025-09-25,AFETR,,97.30,51.90,630,629,,,EA,ORB
KUIPER-00155,2025-217N,65774,PAY,+,US,2025-09-25,AFETR,,97.30,51.90,630,629,,,EA,ORB
KUIPER-00156,2025-217P,65775,PAY,+,US,2025-09-25,AFETR,,97.30,51.90,630,629,,,EA,ORB
KUIPER-00158,2025-217Q,65776,PAY,-,US,2025-09-25,AFETR,,97.18,51.90,624,623,,,EA,ORB
KUIPER-00163,2025-217R,65777,PAY,D,US,2025-09-25,AFETR,2026-07-27,88.07,51.86,185,173,,,EA,IMP
KUIPER-00165,2025-217S,65778,PAY,+,US,2025-09-25,AFETR,,97.30,51.90,630,629,,,EA,ORB
KUIPER-00166,2025-217T,65779,PAY,+,US,2025-09-25,AFETR,,97.30,51.90,630,629,,,EA,ORB
KUIPER-00167,2025-217U,65780,PAY,+,US,2025-09-25,AFETR,,97.30,51.90,630,629,,,EA,ORB
KUIPER-00168,2025-217V,65781,PAY,+,US,2025-09-25,AFETR,,97.30,51.90,630,629,,,EA,ORB
KUIPER-00169,2025-217W,65782,PAY,+,US,2025-09-25,AFETR,,97.30,51.90,630,629,,,EA,ORB
KUIPER-00170,2025-217X,65783,PAY,+,US,2025-09-25,AFETR,,97.30,51.90,630,629,,,EA,ORB
KUIPER-00171,2025-217Y,65784,PAY,D,US,2025-09-25,AFETR,2026-02-08,87.83,51.83,169,165,,,EA,IMP
KUIPER-00172,2025-217Z,65785,PAY,+,US,2025-09-25,AFETR,,97.30,51.90,630,630,,,EA,ORB
KUIPER-00173,2025-217AA,65786,PAY,+,US,2025-09-25,AFETR,,97.30,51.90,630,629,,,EA,ORB
KUIPER-00174,2025-217AB,65787,PAY,+,US,2025-09-25,AFETR,,97.30,51.90,630,629,,,EA,ORB
KUIPER-00176,2025-217AC,65788,PAY,+,US,2025-09-25,AFETR,,97.30,51.90,630,629,,,EA,ORB
STARLINK-35330,2025-218A,65791,PAY,+,US,2025-09-26,AFWTR,,95.64,97.28,552,547,,,EA,ORB
STARLINK-35373,2025-218B,65792,PAY,+,US,2025-09-26,AFWTR,,95.64,97.28,551,548,,,EA,ORB
STARLINK-35383,2025-218C,65793,PAY,+,US,2025-09-26,AFWTR,,95.64,97.28,551,548,,,EA,ORB
STARLINK-35378,2025-218D,65794,PAY,+,US,2025-09-26,AFWTR,,95.64,97.28,552,547,,,EA,ORB
STARLINK-35406,2025-218E,65795,PAY,+,US,2025-09-26,AFWTR,,95.64,97.29,551,548,,,EA,ORB
STARLINK-35390,2025-218F,65796,PAY,+,US,2025-09-26,AFWTR,,95.64,97.28,551,548,,,EA,ORB
STARLINK-35412,2025-218G,65797,PAY,+,US,2025-09-26,AFWTR,,95.64,97.28,551,548,,,EA,ORB
STARLINK-35414,2025-218H,65798,PAY,+,US,2025-09-26,AFWTR,,95.64,97.29,551,548,,,EA,ORB
STARLINK-35357,2025-218J,65799,PAY,+,US,2025-09-26,AFWTR,,95.64,97.29,551,548,,,EA,ORB
STARLINK-35300,2025-218K,65800,PAY,+,US,2025-09-26,AFWTR,,95.64,97.28,551,548,,,EA,ORB
STARLINK-35296,2025-218L,65801,PAY,+,US,2025-09-26,AFWTR,,95.64,97.28,551,548,,,EA,ORB
STARLINK-34919,2025-218M,65802,PAY,+,US,2025-09-26,AFWTR,,95.64,97.28,551,548,,,EA,ORB
STARLINK-35286,2025-218N,65803,PAY,+,US,2025-09-26,AFWTR,,95.64,97.29,551,548,,,EA,ORB
STARLINK-35266,2025-218P,65804,PAY,+,US,2025-09-26,AFWTR,,95.64,97.29,551,548,,,EA,ORB
STARLINK-35273,2025-218Q,65805,PAY,+,US,2025-09-26,AFWTR,,95.64,97.29,551,548,,,EA,ORB
STARLINK-35047,2025-218R,65806,PAY,+,US,2025-09-26,AFWTR,,95.64,97.28,551,548,,,EA,ORB
STARLINK-35285,2025-218S,65807,PAY,+,US,2025-09-26,AFWTR,,95.64,97.29,551,548,,,EA,ORB
STARLINK-34580,2025-218T,65808,PAY,+,US,2025-09-26,AFWTR,,95.64,97.28,551,548,,,EA,ORB
STARLINK-35289,2025-218U,65809,PAY,+,US,2025-09-26,AFWTR,,95.64,97.28,551,548,,,EA,ORB
STARLINK-35268,2025-218V,65810,PAY,+,US,2025-09-26,AFWTR,,95.64,97.28,551,548,,,EA,ORB
STARLINK-35224,2025-218W,65811,PAY,+,US,2025-09-26,AFWTR,,95.64,97.28,551,548,,,EA,ORB
STARLINK-35271,2025-218X,65812,PAY,+,US,2025-09-26,AFWTR,,95.64,97.28,551,548,,,EA,ORB
STARLINK-35215,2025-218Y,65813,PAY,+,US,2025-09-26,AFWTR,,95.64,97.28,551,548,,,EA,ORB
STARLINK-35157,2025-218Z,65814,PAY,+,US,2025-09-26,AFWTR,,95.64,97.28,551,548,,,EA,ORB
FENGYUN 3H,2025-219A,65815,PAY,+,PRC,2025-09-26,JSC,,101.41,98.68,826,825,,,EA,ORB
CZ-4C R/B,2025-219B,65816,R/B,,PRC,2025-09-26,JSC,,99.10,98.67,802,629,,,EA,ORB
HULIANWANG DIGUI-82,2025-220A,65817,PAY,+,PRC,2025-09-27,TAISC,,108.73,86.50,1170,1166,,,EA,ORB
HULIANWANG DIGUI-83,2025-220B,65818,PAY,+,PRC,2025-09-27,TAISC,,108.73,86.50,1169,1166,,,EA,ORB
HULIANWANG DIGUI-84,2025-220C,65819,PAY,+,PRC,2025-09-27,TAISC,,108.73,86.49,1169,1166,,,EA,ORB
HULIANWANG DIGUI-85,2025-220D,65820,PAY,+,PRC,2025-09-27,TAISC,,108.73,86.50,1170,1166,,,EA,ORB
HULIANWANG DIGUI-86,2025-220E,65821,PAY,+,PRC,2025-09-27,TAISC,,108.73,86.50,1169,1167,,,EA,ORB
CZ-6A R/B,2025-220F,65822,R/B,,PRC,2025-09-27,TAISC,,103.28,86.51,989,838,,,EA,ORB
STARLINK-35392,2025-221A,65823,PAY,+,US,2025-09-29,AFWTR,,93.85,53.16,464,462,,,EA,ORB
STARLINK-35281,2025-221B,65824,PAY,+,US,2025-09-29,AFWTR,,93.85,53.16,464,462,,,EA,ORB
STARLINK-35397,2025-221C,65825,PAY,+,US,2025-09-29,AFWTR,,93.85,53.16,463,462,,,EA,ORB
STARLINK-35381,2025-221D,65826,PAY,+,US,2025-09-29,AFWTR,,93.85,53.16,464,462,,,EA,ORB
STARLINK-35393,2025-221E,65827,PAY,+,US,2025-09-29,AFWTR,,93.85,53.16,463,462,,,EA,ORB
STARLINK-35396,2025-221F,65828,PAY,+,US,2025-09-29,AFWTR,,93.85,53.16,463,462,,,EA,ORB
STARLINK-35244,2025-221G,65829,PAY,+,US,2025-09-29,AFWTR,,94.01,53.16,472,470,,,EA,ORB
STARLINK-35368,2025-221H,65830,PAY,+,US,2025-09-29,AFWTR,,93.85,53.16,464,462,,,EA,ORB
STARLINK-35337,2025-221J,65831,PAY,+,US,2025-09-29,AFWTR,,93.85,53.16,463,462,,,EA,ORB
STARLINK-35277,2025-221K,65832,PAY,+,US,2025-09-29,AFWTR,,93.84,53.16,463,462,,,EA,ORB
STARLINK-35345,2025-221L,65833,PAY,+,US,2025-09-29,AFWTR,,93.85,53.16,464,461,,,EA,ORB
STARLINK-35320,2025-221M,65834,PAY,+,US,2025-09-29,AFWTR,,93.85,53.16,463,462,,,EA,ORB
STARLINK-35349,2025-221N,65835,PAY,+,US,2025-09-29,AFWTR,,93.85,53.16,464,462,,,EA,ORB
STARLINK-35356,2025-221P,65836,PAY,+,US,2025-09-29,AFWTR,,93.85,53.16,463,462,,,EA,ORB
STARLINK-35314,2025-221Q,65837,PAY,+,US,2025-09-29,AFWTR,,93.85,53.16,464,461,,,EA,ORB
STARLINK-35324,2025-221R,65838,PAY,+,US,2025-09-29,AFWTR,,93.85,53.16,463,462,,,EA,ORB
STARLINK-35102,2025-221S,65839,PAY,+,US,2025-09-29,AFWTR,,93.85,53.16,464,462,,,EA,ORB
STARLINK-35364,2025-221T,65840,PAY,+,US,2025-09-29,AFWTR,,93.85,53.16,463,462,,,EA,ORB
STARLINK-35238,2025-221U,65841,PAY,D,US,2025-09-29,AFWTR,2026-01-30,88.89,53.15,222,218,,,EA,IMP
STARLINK-35298,2025-221V,65842,PAY,+,US,2025-09-29,AFWTR,,93.85,53.16,464,462,,,EA,ORB
STARLINK-35301,2025-221W,65843,PAY,+,US,2025-09-29,AFWTR,,93.85,53.16,463,462,,,EA,ORB
STARLINK-35148,2025-221X,65844,PAY,+,US,2025-09-29,AFWTR,,93.85,53.16,464,462,,,EA,ORB
STARLINK-35302,2025-221Y,65845,PAY,+,US,2025-09-29,AFWTR,,93.85,53.16,463,462,,,EA,ORB
STARLINK-35290,2025-221Z,65846,PAY,+,US,2025-09-29,AFWTR,,93.85,53.16,463,462,,,EA,ORB
STARLINK-35262,2025-221AA,65847,PAY,+,US,2025-09-29,AFWTR,,93.85,53.16,463,462,,,EA,ORB
STARLINK-35308,2025-221AB,65848,PAY,+,US,2025-09-29,AFWTR,,93.85,53.16,463,462,,,EA,ORB
STARLINK-35231,2025-221AC,65849,PAY,+,US,2025-09-29,AFWTR,,93.85,53.16,463,462,,,EA,ORB
STARLINK-35252,2025-221AD,65850,PAY,+,US,2025-09-29,AFWTR,,93.85,53.16,463,462,,,EA,ORB
SHIYAN-30 01,2025-222A,65851,PAY,+,PRC,2025-09-29,XICLF,,96.52,34.99,594,591,,,EA,ORB
SHIYAN-30 02,2025-222B,65852,PAY,+,PRC,2025-09-29,XICLF,,96.52,35.00,594,590,,,EA,ORB
CZ-2D R/B,2025-222C,65853,R/B,,PRC,2025-09-29,XICLF,,95.95,34.90,603,526,,,EA,ORB
STARLINK-35208,2025-223A,65854,PAY,+,US,2025-10-03,AFWTR,,93.85,53.16,463,462,,,EA,ORB
STARLINK-35200,2025-223B,65855,PAY,+,US,2025-10-03,AFWTR,,93.85,53.16,464,462,,,EA,ORB
STARLINK-35459,2025-223C,65856,PAY,+,US,2025-10-03,AFWTR,,93.85,53.16,464,462,,,EA,ORB
STARLINK-35489,2025-223D,65857,PAY,+,US,2025-10-03,AFWTR,,93.85,53.16,464,462,,,EA,ORB
STARLINK-35199,2025-223E,65858,PAY,+,US,2025-10-03,AFWTR,,93.85,53.16,463,462,,,EA,ORB
STARLINK-35408,2025-223F,65859,PAY,+,US,2025-10-03,AFWTR,,93.85,53.16,464,461,,,EA,ORB
STARLINK-35303,2025-223G,65860,PAY,+,US,2025-10-03,AFWTR,,93.85,53.16,463,462,,,EA,ORB
STARLINK-35258,2025-223H,65861,PAY,+,US,2025-10-03,AFWTR,,93.85,53.16,463,462,,,EA,ORB
STARLINK-35386,2025-223J,65862,PAY,+,US,2025-10-03,AFWTR,,93.85,53.16,463,462,,,EA,ORB
STARLINK-35469,2025-223K,65863,PAY,+,US,2025-10-03,AFWTR,,93.85,53.16,463,462,,,EA,ORB
STARLINK-35471,2025-223L,65864,PAY,+,US,2025-10-03,AFWTR,,93.84,53.16,463,462,,,EA,ORB
STARLINK-35475,2025-223M,65865,PAY,+,US,2025-10-03,AFWTR,,93.85,53.16,463,462,,,EA,ORB
STARLINK-35312,2025-223N,65866,PAY,+,US,2025-10-03,AFWTR,,93.85,53.16,464,462,,,EA,ORB
STARLINK-35456,2025-223P,65867,PAY,+,US,2025-10-03,AFWTR,,93.85,53.16,463,462,,,EA,ORB
STARLINK-35450,2025-223Q,65868,PAY,+,US,2025-10-03,AFWTR,,93.85,53.16,463,462,,,EA,ORB
STARLINK-35441,2025-223R,65869,PAY,+,US,2025-10-03,AFWTR,,93.85,53.16,464,462,,,EA,ORB
STARLINK-35433,2025-223S,65870,PAY,+,US,2025-10-03,AFWTR,,93.85,53.16,464,461,,,EA,ORB
STARLINK-35465,2025-223T,65871,PAY,+,US,2025-10-03,AFWTR,,93.85,53.16,463,462,,,EA,ORB
STARLINK-34108,2025-223U,65872,PAY,+,US,2025-10-03,AFWTR,,93.85,53.16,464,462,,,EA,ORB
STARLINK-35423,2025-223V,65873,PAY,+,US,2025-10-03,AFWTR,,93.85,53.16,463,462,,,EA,ORB
STARLINK-35425,2025-223W,65874,PAY,+,US,2025-10-03,AFWTR,,93.85,53.16,463,462,,,EA,ORB
STARLINK-34688,2025-223X,65875,PAY,+,US,2025-10-03,AFWTR,,93.85,53.16,463,462,,,EA,ORB
STARLINK-34438,2025-223Y,65876,PAY,+,US,2025-10-03,AFWTR,,93.85,53.16,464,461,,,EA,ORB
STARLINK-35462,2025-223Z,65877,PAY,+,US,2025-10-03,AFWTR,,93.85,53.16,463,462,,,EA,ORB
STARLINK-35453,2025-223AA,65878,PAY,+,US,2025-10-03,AFWTR,,93.85,53.16,463,462,,,EA,ORB
STARLINK-35418,2025-223AB,65879,PAY,+,US,2025-10-03,AFWTR,,93.85,53.16,464,462,,,EA,ORB
STARLINK-35445,2025-223AC,65880,PAY,+,US,2025-10-03,AFWTR,,93.85,53.16,464,462,,,EA,ORB
STARLINK-35464,2025-223AD,65881,PAY,+,US,2025-10-03,AFWTR,,93.85,53.16,463,462,,,EA,ORB
STARLINK-35270,2025-224A,65882,PAY,+,US,2025-10-07,AFETR,,93.85,53.16,464,462,,,EA,ORB
STARLINK-35367,2025-224B,65883,PAY,+,US,2025-10-07,AFETR,,93.85,53.16,464,462,,,EA,ORB
STARLINK-35384,2025-224C,65884,PAY,+,US,2025-10-07,AFETR,,94.11,53.16,476,475,,,EA,ORB
STARLINK-35415,2025-224D,65885,PAY,+,US,2025-10-07,AFETR,,93.85,53.16,463,462,,,EA,ORB
STARLINK-35413,2025-224E,65886,PAY,+,US,2025-10-07,AFETR,,93.85,53.16,464,461,,,EA,ORB
STARLINK-35332,2025-224F,65887,PAY,+,US,2025-10-07,AFETR,,93.85,53.16,463,462,,,EA,ORB
STARLINK-35362,2025-224G,65888,PAY,+,US,2025-10-07,AFETR,,93.90,53.16,466,464,,,EA,ORB
STARLINK-35193,2025-224H,65889,PAY,+,US,2025-10-07,AFETR,,93.85,53.16,464,462,,,EA,ORB
STARLINK-34542,2025-224J,65890,PAY,+,US,2025-10-07,AFETR,,93.85,53.16,464,461,,,EA,ORB
STARLINK-34791,2025-224K,65891,PAY,+,US,2025-10-07,AFETR,,93.85,53.16,464,462,,,EA,ORB
STARLINK-34853,2025-224L,65892,PAY,+,US,2025-10-07,AFETR,,93.85,53.16,463,462,,,EA,ORB
STARLINK-34921,2025-224M,65893,PAY,+,US,2025-10-07,AFETR,,93.90,53.16,466,465,,,EA,ORB
STARLINK-34672,2025-224N,65894,PAY,+,US,2025-10-07,AFETR,,94.11,53.16,476,475,,,EA,ORB
STARLINK-34898,2025-224P,65895,PAY,+,US,2025-10-07,AFETR,,93.85,53.16,463,462,,,EA,ORB
STARLINK-34906,2025-224Q,65896,PAY,+,US,2025-10-07,AFETR,,94.01,53.16,472,470,,,EA,ORB
STARLINK-34934,2025-224R,65897,PAY,+,US,2025-10-07,AFETR,,93.85,53.16,464,462,,,EA,ORB
STARLINK-34936,2025-224S,65898,PAY,+,US,2025-10-07,AFETR,,93.85,53.16,464,462,,,EA,ORB
STARLINK-35272,2025-224T,65899,PAY,+,US,2025-10-07,AFETR,,93.85,53.16,464,462,,,EA,ORB
STARLINK-35264,2025-224U,65900,PAY,+,US,2025-10-07,AFETR,,93.85,53.16,464,462,,,EA,ORB
STARLINK-35249,2025-224V,65901,PAY,+,US,2025-10-07,AFETR,,94.10,53.16,476,474,,,EA,ORB
STARLINK-35278,2025-224W,65902,PAY,+,US,2025-10-07,AFETR,,93.85,53.16,463,462,,,EA,ORB
STARLINK-35210,2025-224X,65903,PAY,+,US,2025-10-07,AFETR,,93.84,53.16,463,462,,,EA,ORB
STARLINK-35348,2025-224Y,65904,PAY,+,US,2025-10-07,AFETR,,93.85,53.16,463,462,,,EA,ORB
STARLINK-35380,2025-224Z,65905,PAY,+,US,2025-10-07,AFETR,,93.85,53.16,464,462,,,EA,ORB
STARLINK-35385,2025-224AA,65906,PAY,+,US,2025-10-07,AFETR,,93.85,53.16,464,462,,,EA,ORB
STARLINK-35347,2025-224AB,65907,PAY,+,US,2025-10-07,AFETR,,93.85,53.16,463,462,,,EA,ORB
STARLINK-35329,2025-224AC,65908,PAY,+,US,2025-10-07,AFETR,,93.85,53.16,463,462,,,EA,ORB
STARLINK-35387,2025-224AD,65909,PAY,+,US,2025-10-07,AFETR,,93.85,53.16,464,461,,,EA,ORB
STARLINK-35523,2025-225A,65910,PAY,+,US,2025-10-08,AFWTR,,93.85,53.16,464,462,,,EA,ORB
STARLINK-35160,2025-225B,65911,PAY,+,US,2025-10-08,AFWTR,,93.85,53.16,464,462,,,EA,ORB
STARLINK-35508,2025-225C,65912,PAY,+,US,2025-10-08,AFWTR,,93.85,53.16,464,462,,,EA,ORB
STARLINK-35472,2025-225D,65913,PAY,+,US,2025-10-08,AFWTR,,93.85,53.16,464,461,,,EA,ORB
STARLINK-35524,2025-225E,65914,PAY,+,US,2025-10-08,AFWTR,,93.85,53.16,464,462,,,EA,ORB
STARLINK-35539,2025-225F,65915,PAY,+,US,2025-10-08,AFWTR,,93.85,53.16,464,462,,,EA,ORB
STARLINK-35521,2025-225G,65916,PAY,+,US,2025-10-08,AFWTR,,93.85,53.16,463,462,,,EA,ORB
STARLINK-35478,2025-225H,65917,PAY,+,US,2025-10-08,AFWTR,,93.85,53.16,463,462,,,EA,ORB
STARLINK-35516,2025-225J,65918,PAY,+,US,2025-10-08,AFWTR,,94.10,53.16,476,474,,,EA,ORB
STARLINK-35519,2025-225K,65919,PAY,+,US,2025-10-08,AFWTR,,93.85,53.16,463,462,,,EA,ORB
STARLINK-33902,2025-225L,65920,PAY,+,US,2025-10-08,AFWTR,,93.85,53.16,464,462,,,EA,ORB
STARLINK-35530,2025-225M,65921,PAY,+,US,2025-10-08,AFWTR,,93.85,53.16,464,462,,,EA,ORB
STARLINK-35544,2025-225N,65922,PAY,+,US,2025-10-08,AFWTR,,93.85,53.16,464,462,,,EA,ORB
STARLINK-35484,2025-225P,65923,PAY,+,US,2025-10-08,AFWTR,,93.85,53.16,463,462,,,EA,ORB
STARLINK-34994,2025-225Q,65924,PAY,+,US,2025-10-08,AFWTR,,93.85,53.16,464,462,,,EA,ORB
STARLINK-35458,2025-225R,65925,PAY,+,US,2025-10-08,AFWTR,,93.85,53.16,463,462,,,EA,ORB
STARLINK-35492,2025-225S,65926,PAY,+,US,2025-10-08,AFWTR,,93.85,53.16,464,462,,,EA,ORB
STARLINK-35494,2025-225T,65927,PAY,+,US,2025-10-08,AFWTR,,93.85,53.16,464,462,,,EA,ORB
STARLINK-35493,2025-225U,65928,PAY,+,US,2025-10-08,AFWTR,,93.85,53.16,463,462,,,EA,ORB
STARLINK-35175,2025-225V,65929,PAY,+,US,2025-10-08,AFWTR,,93.85,53.16,463,462,,,EA,ORB
STARLINK-35513,2025-225W,65930,PAY,+,US,2025-10-08,AFWTR,,93.84,53.16,463,462,,,EA,ORB
STARLINK-35526,2025-225X,65931,PAY,+,US,2025-10-08,AFWTR,,93.85,53.16,463,462,,,EA,ORB
STARLINK-35436,2025-225Y,65932,PAY,+,US,2025-10-08,AFWTR,,93.90,53.16,466,464,,,EA,ORB
STARLINK-35192,2025-225Z,65933,PAY,+,US,2025-10-08,AFWTR,,93.85,53.16,464,461,,,EA,ORB
STARLINK-33921,2025-225AA,65934,PAY,+,US,2025-10-08,AFWTR,,93.85,53.16,463,462,,,EA,ORB
STARLINK-35155,2025-225AB,65935,PAY,+,US,2025-10-08,AFWTR,,93.85,53.16,464,462,,,EA,ORB
STARLINK-35161,2025-225AC,65936,PAY,+,US,2025-10-08,AFWTR,,93.85,53.16,464,462,,,EA,ORB
STARLINK-35473,2025-225AD,65937,PAY,+,US,2025-10-08,AFWTR,,93.85,53.16,463,462,,,EA,ORB
OBJECT A,2025-226A,65938,PAY,+,PRC,2025-10-11,YSLA,,94.91,97.64,522,506,,,EA,ORB
OBJECT B,2025-226B,65939,PAY,+,PRC,2025-10-11,YSLA,,95.41,97.64,546,531,,,EA,ORB
OBJECT C,2025-226C,65940,PAY,+,PRC,2025-10-11,YSLA,,94.94,97.63,523,508,,,EA,ORB
OBJECT D,2025-226D,65944,R/B,D,PRC,2025-10-11,YSLA,2025-11-11,89.02,97.63,235,216,,,EA,IMP
SHIYAN-31,2025-227A,65945,PAY,+,PRC,2025-10-13,JSC,,94.51,80.00,501,488,,,EA,ORB
CZ-2D R/B,2025-227B,65946,R/B,,PRC,2025-10-13,JSC,,93.93,80.15,480,454,,,EA,ORB
KUIPER-00101,2025-228A,65947,PAY,+,US,2025-10-14,AFETR,,97.30,51.90,630,629,,,EA,ORB
KUIPER-00113,2025-228B,65948,PAY,+,US,2025-10-14,AFETR,,97.30,51.90,630,629,,,EA,ORB
KUIPER-00117,2025-228C,65949,PAY,+,US,2025-10-14,AFETR,,97.30,51.90,630,629,,,EA,ORB
KUIPER-00121,2025-228D,65950,PAY,+,US,2025-10-14,AFETR,,97.30,51.90,630,629,,,EA,ORB
KUIPER-00122,2025-228E,65951,PAY,+,US,2025-10-14,AFETR,,97.30,51.90,630,629,,,EA,ORB
KUIPER-00123,2025-228F,65952,PAY,+,US,2025-10-14,AFETR,,97.30,51.90,630,629,,,EA,ORB
KUIPER-00124,2025-228G,65953,PAY,+,US,2025-10-14,AFETR,,97.30,51.90,630,629,,,EA,ORB
KUIPER-00125,2025-228H,65954,PAY,+,US,2025-10-14,AFETR,,97.30,51.90,630,629,,,EA,ORB
KUIPER-00126,2025-228J,65955,PAY,+,US,2025-10-14,AFETR,,97.30,51.90,630,629,,,EA,ORB
KUIPER-00127,2025-228K,65956,PAY,+,US,2025-10-14,AFETR,,97.30,51.90,630,629,,,EA,ORB
KUIPER-00128,2025-228L,65957,PAY,+,US,2025-10-14,AFETR,,97.30,51.90,630,629,,,EA,ORB
KUIPER-00129,2025-228M,65958,PAY,+,US,2025-10-14,AFETR,,97.30,51.90,630,629,,,EA,ORB
KUIPER-00130,2025-228N,65959,PAY,+,US,2025-10-14,AFETR,,97.30,51.90,630,629,,,EA,ORB
KUIPER-00134,2025-228P,65960,PAY,+,US,2025-10-14,AFETR,,93.66,51.87,457,450,,,EA,ORB
KUIPER-00135,2025-228Q,65961,PAY,+,US,2025-10-14,AFETR,,97.30,51.90,630,629,,,EA,ORB
KUIPER-00136,2025-228R,65962,PAY,+,US,2025-10-14,AFETR,,97.30,51.90,630,629,,,EA,ORB
KUIPER-00137,2025-228S,65963,PAY,+,US,2025-10-14,AFETR,,97.30,51.90,630,629,,,EA,ORB
KUIPER-00138,2025-228T,65964,PAY,+,US,2025-10-14,AFETR,,97.30,51.90,630,629,,,EA,ORB
KUIPER-00140,2025-228U,65965,PAY,+,US,2025-10-14,AFETR,,97.30,51.90,630,629,,,EA,ORB
KUIPER-00141,2025-228V,65966,PAY,+,US,2025-10-14,AFETR,,97.30,51.90,630,629,,,EA,ORB
KUIPER-00146,2025-228W,65967,PAY,+,US,2025-10-14,AFETR,,97.30,51.90,630,629,,,EA,ORB
KUIPER-00149,2025-228X,65968,PAY,+,US,2025-10-14,AFETR,,97.30,51.90,630,629,,,EA,ORB
KUIPER-00154,2025-228Y,65969,PAY,+,US,2025-10-14,AFETR,,97.30,51.90,630,629,,,EA,ORB
KUIPER-00157,2025-228Z,65970,PAY,+,US,2025-10-14,AFETR,,97.21,51.90,626,625,,,EA,ORB
STRIX-5,2025-229A,65971,PAY,+,JPN,2025-10-14,RLLB,,95.69,41.93,576,528,,,EA,ORB
ELECTRON R/B,2025-229B,65972,R/B,D,JPN,2025-10-14,RLLB,2025-10-20,95.89,41.93,588,535,,,EA,IMP
ELECTRON KICK STAGE R/B,2025-229C,65973,R/B,,US,2025-10-14,RLLB,,95.61,41.98,574,521,,,EA,ORB
SDA_1664,2025-230A,65974,PAY,+,US,2025-10-15,AFWTR,,104.49,81.30,972,969,,,EA,ORB
SDA_1665,2025-230B,65975,PAY,+,US,2025-10-15,AFWTR,,104.19,81.30,958,956,,,EA,ORB
SDA_1666,2025-230C,65976,PAY,+,US,2025-10-15,AFWTR,,104.20,81.30,958,956,,,EA,ORB
SDA_1667,2025-230D,65977,PAY,+,US,2025-10-15,AFWTR,,104.24,81.30,960,958,,,EA,ORB
SDA_1668,2025-230E,65978,PAY,+,US,2025-10-15,AFWTR,,104.03,81.30,952,946,,,EA,ORB
SDA_1669,2025-230F,65979,PAY,+,US,2025-10-15,AFWTR,,104.22,81.30,961,955,,,EA,ORB
SDA_1670,2025-230G,65980,PAY,+,US,2025-10-15,AFWTR,,104.49,81.30,972,970,,,EA,ORB
SDA_1671,2025-230H,65981,PAY,+,US,2025-10-15,AFWTR,,104.49,81.30,973,968,,,EA,ORB
SDA_1672,2025-230J,65982,PAY,+,US,2025-10-15,AFWTR,,104.18,81.30,957,955,,,EA,ORB
SDA_1673,2025-230K,65983,PAY,+,US,2025-10-15,AFWTR,,104.18,81.30,957,955,,,EA,ORB
SDA_1674,2025-230L,65984,PAY,+,US,2025-10-15,AFWTR,,104.19,81.30,958,955,,,EA,ORB
SDA_1675,2025-230M,65985,PAY,+,US,2025-10-15,AFWTR,,103.99,81.30,949,945,,,EA,ORB
SDA_1676,2025-230N,65986,PAY,+,US,2025-10-15,AFWTR,,104.49,81.30,972,970,,,EA,ORB
SDA_1677,2025-230P,65987,PAY,+,US,2025-10-15,AFWTR,,104.49,81.30,972,970,,,EA,ORB
SDA_1678,2025-230Q,65988,PAY,+,US,2025-10-15,AFWTR,,103.97,81.30,948,944,,,EA,ORB
SDA_1679,2025-230R,65989,PAY,+,US,2025-10-15,AFWTR,,103.98,81.31,950,944,,,EA,ORB
SDA_1680,2025-230S,65990,PAY,+,US,2025-10-15,AFWTR,,103.95,81.30,949,942,,,EA,ORB
SDA_1681,2025-230T,65991,PAY,+,US,2025-10-15,AFWTR,,103.95,81.30,949,941,,,EA,ORB
SDA_1682,2025-230U,65992,PAY,+,US,2025-10-15,AFWTR,,104.49,81.30,972,969,,,EA,ORB
SDA_1683,2025-230V,65993,PAY,+,US,2025-10-15,AFWTR,,104.49,81.30,972,970,,,EA,ORB
SDA_1684,2025-230W,65994,PAY,+,US,2025-10-15,AFWTR,,104.49,81.30,972,969,,,EA,ORB
HULIANWANG DIGUI-87,2025-231A,65995,PAY,+,PRC,2025-10-16,WSC,,108.33,50.00,1149,1149,,,EA,ORB
HULIANWANG DIGUI-88,2025-231B,65996,PAY,+,PRC,2025-10-16,WSC,,108.33,50.00,1149,1149,,,EA,ORB
HULIANWANG DIGUI-89,2025-231C,65997,PAY,+,PRC,2025-10-16,WSC,,108.33,50.00,1149,1149,,,EA,ORB
HULIANWANG DIGUI-90,2025-231D,65998,PAY,+,PRC,2025-10-16,WSC,,108.33,50.00,1149,1149,,,EA,ORB
HULIANWANG DIGUI-91,2025-231E,65999,PAY,+,PRC,2025-10-16,WSC,,108.33,50.00,1149,1149,,,EA,ORB
HULIANWANG DIGUI-92,2025-231F,66000,PAY,+,PRC,2025-10-16,WSC,,108.33,50.01,1149,1149,,,EA,ORB
HULIANWANG DIGUI-93,2025-231G,66001,PAY,+,PRC,2025-10-16,WSC,,108.33,50.00,1149,1149,,,EA,ORB
HULIANWANG DIGUI-94,2025-231H,66002,PAY,+,PRC,2025-10-16,WSC,,108.33,50.01,1149,1149,,,EA,ORB
HULIANWANG DIGUI-95,2025-231J,66003,PAY,+,PRC,2025-10-16,WSC,,108.33,50.00,1149,1149,,,EA,ORB
CZ-8A R/B,2025-231K,66004,R/B,,PRC,2025-10-16,WSC,,100.69,50.00,875,708,,,EA,ORB
STARLINK-34849,2025-232A,66005,PAY,+,US,2025-10-16,AFETR,,93.85,53.16,464,461,,,EA,ORB
STARLINK-35336,2025-232B,66006,PAY,+,US,2025-10-16,AFETR,,93.85,53.16,463,462,,,EA,ORB
STARLINK-35196,2025-232C,66007,PAY,+,US,2025-10-16,AFETR,,93.85,53.16,463,462,,,EA,ORB
STARLINK-35236,2025-232D,66008,PAY,+,US,2025-10-16,AFETR,,93.85,53.16,464,462,,,EA,ORB
STARLINK-35276,2025-232E,66009,PAY,+,US,2025-10-16,AFETR,,93.85,53.16,463,462,,,EA,ORB
STARLINK-35297,2025-232F,66010,PAY,+,US,2025-10-16,AFETR,,93.85,53.16,464,462,,,EA,ORB
STARLINK-35256,2025-232G,66011,PAY,+,US,2025-10-16,AFETR,,93.85,53.16,464,462,,,EA,ORB
STARLINK-35293,2025-232H,66012,PAY,+,US,2025-10-16,AFETR,,93.85,53.16,463,462,,,EA,ORB
STARLINK-35307,2025-232J,66013,PAY,+,US,2025-10-16,AFETR,,93.85,53.16,463,462,,,EA,ORB
STARLINK-35395,2025-232K,66014,PAY,+,US,2025-10-16,AFETR,,93.90,53.16,465,465,,,EA,ORB
STARLINK-34622,2025-232L,66015,PAY,+,US,2025-10-16,AFETR,,93.85,53.16,464,461,,,EA,ORB
STARLINK-35243,2025-232M,66016,PAY,+,US,2025-10-16,AFETR,,93.85,53.16,463,462,,,EA,ORB
STARLINK-35398,2025-232N,66017,PAY,+,US,2025-10-16,AFETR,,93.85,53.16,463,462,,,EA,ORB
STARLINK-35376,2025-232P,66018,PAY,+,US,2025-10-16,AFETR,,93.85,53.16,463,462,,,EA,ORB
STARLINK-35382,2025-232Q,66019,PAY,+,US,2025-10-16,AFETR,,93.85,53.16,464,462,,,EA,ORB
STARLINK-35430,2025-232R,66020,PAY,+,US,2025-10-16,AFETR,,93.85,53.16,463,462,,,EA,ORB
STARLINK-35432,2025-232S,66021,PAY,+,US,2025-10-16,AFETR,,93.85,53.16,464,462,,,EA,ORB
STARLINK-35340,2025-232T,66022,PAY,+,US,2025-10-16,AFETR,,93.90,53.16,466,464,,,EA,ORB
STARLINK-35394,2025-232U,66023,PAY,+,US,2025-10-16,AFETR,,93.85,53.16,463,462,,,EA,ORB
STARLINK-35410,2025-232V,66024,PAY,+,US,2025-10-16,AFETR,,93.85,53.16,464,462,,,EA,ORB
STARLINK-35280,2025-232W,66025,PAY,+,US,2025-10-16,AFETR,,93.90,53.16,466,465,,,EA,ORB
STARLINK-34812,2025-232X,66026,PAY,+,US,2025-10-16,AFETR,,93.85,53.16,463,462,,,EA,ORB
STARLINK-35341,2025-232Y,66027,PAY,+,US,2025-10-16,AFETR,,93.85,53.16,464,462,,,EA,ORB
STARLINK-35339,2025-232Z,66028,PAY,+,US,2025-10-16,AFETR,,93.85,53.16,463,462,,,EA,ORB
STARLINK-35399,2025-232AA,66029,PAY,+,US,2025-10-16,AFETR,,93.85,53.16,463,462,,,EA,ORB
STARLINK-35431,2025-232AB,66030,PAY,+,US,2025-10-16,AFETR,,93.85,53.16,464,462,,,EA,ORB
STARLINK-35326,2025-232AC,66031,PAY,+,US,2025-10-16,AFETR,,93.85,53.16,464,461,,,EA,ORB
STARLINK-35311,2025-232AD,66032,PAY,+,US,2025-10-16,AFETR,,93.85,53.16,464,462,,,EA,ORB
QIANFAN-91,2025-233A,66033,PAY,+,PRC,2025-10-17,TAISC,,106.59,89.00,1070,1067,,,EA,ORB
QIANFAN-92,2025-233B,66034,PAY,+,PRC,2025-10-17,TAISC,,106.59,89.00,1070,1067,,,EA,ORB
QIANFAN-93,2025-233C,66035,PAY,+,PRC,2025-10-17,TAISC,,106.59,89.00,1070,1067,,,EA,ORB
QIANFAN-94,2025-233D,66036,PAY,+,PRC,2025-10-17,TAISC,,106.59,89.00,1070,1067,,,EA,ORB
QIANFAN-95,2025-233E,66037,PAY,+,PRC,2025-10-17,TAISC,,106.59,89.00,1070,1067,,,EA,ORB
QIANFAN-96,2025-233F,66038,PAY,+,PRC,2025-10-17,TAISC,,106.59,89.00,1070,1067,,,EA,ORB
QIANFAN-97,2025-233G,66039,PAY,+,PRC,2025-10-17,TAISC,,106.59,89.00,1070,1067,,,EA,ORB
QIANFAN-98,2025-233H,66040,PAY,+,PRC,2025-10-17,TAISC,,106.59,89.00,1070,1067,,,EA,ORB
QIANFAN-99,2025-233J,66041,PAY,+,PRC,2025-10-17,TAISC,,106.59,89.00,1070,1067,,,EA,ORB
QIANFAN-100,2025-233K,66042,PAY,+,PRC,2025-10-17,TAISC,,106.59,89.00,1070,1067,,,EA,ORB
QIANFAN-101,2025-233L,66043,PAY,P,PRC,2025-10-17,TAISC,,100.92,89.00,812,793,,,EA,ORB
QIANFAN-102,2025-233M,66044,PAY,+,PRC,2025-10-17,TAISC,,106.59,89.00,1070,1067,,,EA,ORB
QIANFAN-103,2025-233N,66045,PAY,+,PRC,2025-10-17,TAISC,,106.59,89.00,1070,1067,,,EA,ORB
QIANFAN-104,2025-233P,66046,PAY,+,PRC,2025-10-17,TAISC,,106.59,89.00,1070,1067,,,EA,ORB
QIANFAN-105,2025-233Q,66047,PAY,+,PRC,2025-10-17,TAISC,,106.59,89.00,1070,1067,,,EA,ORB
QIANFAN-106,2025-233R,66048,PAY,+,PRC,2025-10-17,TAISC,,106.59,89.00,1070,1067,,,EA,ORB
QIANFAN-107,2025-233S,66049,PAY,+,PRC,2025-10-17,TAISC,,106.59,89.00,1070,1067,,,EA,ORB
QIANFAN-108,2025-233T,66050,PAY,+,PRC,2025-10-17,TAISC,,106.59,89.00,1070,1067,,,EA,ORB
CZ-6A R/B,2025-233U,66051,R/B,,PRC,2025-10-17,TAISC,,98.82,89.03,762,642,,,EA,ORB
OBJECT A,2025-234A,66053,R/B,,PRC,2025-10-19,JSC,,93.14,97.42,433,423,,,EA,ORB
OBJECT B,2025-234B,66054,PAY,+,PAKI,2025-10-19,JSC,,94.64,97.47,508,494,,,EA,ORB
OBJECT C,2025-234C,66055,PAY,+,PRC,2025-10-19,JSC,,94.45,97.42,501,483,,,EA,ORB
OBJECT D,2025-234D,66056,PAY,+,PRC,2025-10-19,JSC,,94.70,97.42,507,501,,,EA,ORB
OBJECT E,2025-234E,66057,UNK,D,PRC,2025-10-19,JSC,2025-11-30,90.24,97.44,293,280,,,EA,IMP
STARLINK-35552,2025-235A,66058,PAY,+,US,2025-10-19,AFETR,,93.85,53.16,463,462,,,EA,ORB
STARLINK-35560,2025-235B,66059,PAY,+,US,2025-10-19,AFETR,,93.85,53.16,464,461,,,EA,ORB
STARLINK-35558,2025-235C,66060,PAY,+,US,2025-10-19,AFETR,,93.85,53.16,464,462,,,EA,ORB
STARLINK-35566,2025-235D,66061,PAY,+,US,2025-10-19,AFETR,,94.11,53.16,476,474,,,EA,ORB
STARLINK-35421,2025-235E,66062,PAY,+,US,2025-10-19,AFETR,,93.85,53.16,464,462,,,EA,ORB
STARLINK-35562,2025-235F,66063,PAY,+,US,2025-10-19,AFETR,,93.85,53.16,464,462,,,EA,ORB
STARLINK-35542,2025-235G,66064,PAY,+,US,2025-10-19,AFETR,,94.11,53.16,476,474,,,EA,ORB
STARLINK-35375,2025-235H,66065,PAY,+,US,2025-10-19,AFETR,,93.85,53.16,464,462,,,EA,ORB
STARLINK-35179,2025-235J,66066,PAY,+,US,2025-10-19,AFETR,,93.85,53.16,464,462,,,EA,ORB
STARLINK-35401,2025-235K,66067,PAY,+,US,2025-10-19,AFETR,,93.85,53.16,463,462,,,EA,ORB
STARLINK-35422,2025-235L,66068,PAY,+,US,2025-10-19,AFETR,,93.85,53.16,464,462,,,EA,ORB
STARLINK-35279,2025-235M,66069,PAY,+,US,2025-10-19,AFETR,,94.01,53.16,472,469,,,EA,ORB
STARLINK-35295,2025-235N,66070,PAY,+,US,2025-10-19,AFETR,,94.11,53.16,476,474,,,EA,ORB
STARLINK-35323,2025-235P,66071,PAY,+,US,2025-10-19,AFETR,,94.11,53.16,476,474,,,EA,ORB
STARLINK-35299,2025-235Q,66072,PAY,+,US,2025-10-19,AFETR,,93.85,53.16,464,462,,,EA,ORB
STARLINK-35274,2025-235R,66073,PAY,+,US,2025-10-19,AFETR,,93.90,53.16,466,465,,,EA,ORB
STARLINK-35321,2025-235S,66074,PAY,+,US,2025-10-19,AFETR,,93.85,53.16,464,462,,,EA,ORB
STARLINK-35131,2025-235T,66075,PAY,+,US,2025-10-19,AFETR,,93.85,53.16,464,462,,,EA,ORB
STARLINK-34801,2025-235U,66076,PAY,+,US,2025-10-19,AFETR,,94.11,53.16,476,474,,,EA,ORB
STARLINK-35129,2025-235V,66077,PAY,+,US,2025-10-19,AFETR,,93.85,53.16,463,462,,,EA,ORB
STARLINK-35116,2025-235W,66078,PAY,+,US,2025-10-19,AFETR,,93.85,53.16,464,462,,,EA,ORB
STARLINK-35402,2025-235X,66079,PAY,+,US,2025-10-19,AFETR,,94.10,53.16,476,474,,,EA,ORB
STARLINK-35325,2025-235Y,66080,PAY,+,US,2025-10-19,AFETR,,93.85,53.16,464,462,,,EA,ORB
STARLINK-35403,2025-235Z,66081,PAY,+,US,2025-10-19,AFETR,,94.01,53.16,472,470,,,EA,ORB
STARLINK-35011,2025-235AA,66082,PAY,+,US,2025-10-19,AFETR,,94.01,53.16,472,470,,,EA,ORB
STARLINK-35291,2025-235AB,66083,PAY,+,US,2025-10-19,AFETR,,93.90,53.16,466,464,,,EA,ORB
STARLINK-35379,2025-235AC,66084,PAY,+,US,2025-10-19,AFETR,,93.90,53.16,466,464,,,EA,ORB
STARLINK-35370,2025-235AD,66085,PAY,+,US,2025-10-19,AFETR,,93.85,53.16,464,461,,,EA,ORB
STARLINK-35596,2025-236A,66086,PAY,+,US,2025-10-19,AFWTR,,93.85,53.16,463,462,,,EA,ORB
STARLINK-35563,2025-236B,66087,PAY,+,US,2025-10-19,AFWTR,,93.85,53.16,463,462,,,EA,ORB
STARLINK-35461,2025-236C,66088,PAY,+,US,2025-10-19,AFWTR,,93.85,53.16,464,462,,,EA,ORB
STARLINK-35571,2025-236D,66089,PAY,+,US,2025-10-19,AFWTR,,93.85,53.16,463,462,,,EA,ORB
STARLINK-35570,2025-236E,66090,PAY,+,US,2025-10-19,AFWTR,,93.85,53.16,463,462,,,EA,ORB
STARLINK-35532,2025-236F,66091,PAY,+,US,2025-10-19,AFWTR,,94.11,53.16,476,474,,,EA,ORB
STARLINK-35527,2025-236G,66092,PAY,+,US,2025-10-19,AFWTR,,93.85,53.16,464,462,,,EA,ORB
STARLINK-35500,2025-236H,66093,PAY,+,US,2025-10-19,AFWTR,,93.85,53.16,464,462,,,EA,ORB
STARLINK-35528,2025-236J,66094,PAY,+,US,2025-10-19,AFWTR,,93.85,53.16,464,462,,,EA,ORB
STARLINK-35559,2025-236K,66095,PAY,+,US,2025-10-19,AFWTR,,93.90,53.16,466,465,,,EA,ORB
STARLINK-34386,2025-236L,66096,PAY,+,US,2025-10-19,AFWTR,,93.85,53.16,463,462,,,EA,ORB
STARLINK-35613,2025-236M,66097,PAY,+,US,2025-10-19,AFWTR,,93.85,53.16,464,462,,,EA,ORB
STARLINK-34206,2025-236N,66098,PAY,+,US,2025-10-19,AFWTR,,93.85,53.16,463,462,,,EA,ORB
STARLINK-34460,2025-236P,66099,PAY,+,US,2025-10-19,AFWTR,,93.90,53.16,466,465,,,EA,ORB
STARLINK-35609,2025-236Q,66100,PAY,+,US,2025-10-19,AFWTR,,93.85,53.16,464,461,,,EA,ORB
STARLINK-35595,2025-236R,66101,PAY,+,US,2025-10-19,AFWTR,,93.85,53.16,463,462,,,EA,ORB
STARLINK-35599,2025-236S,66102,PAY,+,US,2025-10-19,AFWTR,,93.85,53.16,464,462,,,EA,ORB
STARLINK-35622,2025-236T,66103,PAY,+,US,2025-10-19,AFWTR,,93.85,53.16,464,462,,,EA,ORB
STARLINK-35452,2025-236U,66104,PAY,+,US,2025-10-19,AFWTR,,93.85,53.16,464,462,,,EA,ORB
STARLINK-35561,2025-236V,66105,PAY,+,US,2025-10-19,AFWTR,,93.85,53.16,463,462,,,EA,ORB
STARLINK-35584,2025-236W,66106,PAY,+,US,2025-10-19,AFWTR,,93.85,53.16,464,462,,,EA,ORB
STARLINK-35593,2025-236X,66107,PAY,+,US,2025-10-19,AFWTR,,93.85,53.16,463,462,,,EA,ORB
STARLINK-35590,2025-236Y,66108,PAY,+,US,2025-10-19,AFWTR,,93.85,53.16,463,462,,,EA,ORB
STARLINK-35545,2025-236Z,66109,PAY,+,US,2025-10-19,AFWTR,,93.85,53.16,463,462,,,EA,ORB
STARLINK-35427,2025-236AA,66110,PAY,+,US,2025-10-19,AFWTR,,93.85,53.16,464,462,,,EA,ORB
STARLINK-35574,2025-236AB,66111,PAY,+,US,2025-10-19,AFWTR,,93.85,53.16,463,462,,,EA,ORB
STARLINK-35531,2025-236AC,66112,PAY,+,US,2025-10-19,AFWTR,,93.85,53.16,463,462,,,EA,ORB
STARLINK-35491,2025-236AD,66113,PAY,+,US,2025-10-19,AFWTR,,93.85,53.16,464,462,,,EA,ORB
STARLINK-35496,2025-237A,66114,PAY,+,US,2025-10-22,AFWTR,,93.85,53.16,463,462,,,EA,ORB
STARLINK-35428,2025-237B,66115,PAY,+,US,2025-10-22,AFWTR,,93.85,53.16,463,462,,,EA,ORB
STARLINK-35573,2025-237C,66116,PAY,+,US,2025-10-22,AFWTR,,93.85,53.16,463,462,,,EA,ORB
STARLINK-35572,2025-237D,66117,PAY,+,US,2025-10-22,AFWTR,,93.85,53.16,463,462,,,EA,ORB
STARLINK-35468,2025-237E,66118,PAY,+,US,2025-10-22,AFWTR,,93.85,53.16,463,462,,,EA,ORB
STARLINK-35547,2025-237F,66119,PAY,+,US,2025-10-22,AFWTR,,93.85,53.16,463,462,,,EA,ORB
STARLINK-35553,2025-237G,66120,PAY,+,US,2025-10-22,AFWTR,,93.85,53.16,463,462,,,EA,ORB
STARLINK-35631,2025-237H,66121,PAY,+,US,2025-10-22,AFWTR,,93.85,53.16,463,462,,,EA,ORB
STARLINK-35653,2025-237J,66122,PAY,+,US,2025-10-22,AFWTR,,93.85,53.16,463,462,,,EA,ORB
STARLINK-35628,2025-237K,66123,PAY,+,US,2025-10-22,AFWTR,,93.85,53.16,463,462,,,EA,ORB
STARLINK-35645,2025-237L,66124,PAY,+,US,2025-10-22,AFWTR,,93.85,53.16,463,462,,,EA,ORB
STARLINK-35649,2025-237M,66125,PAY,+,US,2025-10-22,AFWTR,,93.85,53.16,463,462,,,EA,ORB
STARLINK-35658,2025-237N,66126,PAY,+,US,2025-10-22,AFWTR,,93.85,53.16,463,462,,,EA,ORB
STARLINK-35629,2025-237P,66127,PAY,+,US,2025-10-22,AFWTR,,93.85,53.16,463,462,,,EA,ORB
STARLINK-35612,2025-237Q,66128,PAY,+,US,2025-10-22,AFWTR,,93.85,53.16,464,462,,,EA,ORB
STARLINK-35632,2025-237R,66129,PAY,+,US,2025-10-22,AFWTR,,93.85,53.16,463,462,,,EA,ORB
STARLINK-35637,2025-237S,66130,PAY,+,US,2025-10-22,AFWTR,,93.85,53.16,463,462,,,EA,ORB
STARLINK-35630,2025-237T,66131,PAY,+,US,2025-10-22,AFWTR,,93.85,53.16,463,462,,,EA,ORB
STARLINK-34412,2025-237U,66132,PAY,+,US,2025-10-22,AFWTR,,93.85,53.16,464,462,,,EA,ORB
STARLINK-35520,2025-237V,66133,PAY,+,US,2025-10-22,AFWTR,,93.85,53.16,463,462,,,EA,ORB
STARLINK-35525,2025-237W,66134,PAY,+,US,2025-10-22,AFWTR,,93.85,53.16,463,462,,,EA,ORB
STARLINK-34852,2025-237X,66135,PAY,+,US,2025-10-22,AFWTR,,93.85,53.16,463,462,,,EA,ORB
STARLINK-35592,2025-237Y,66136,PAY,+,US,2025-10-22,AFWTR,,93.85,53.16,463,462,,,EA,ORB
STARLINK-35576,2025-237Z,66137,PAY,+,US,2025-10-22,AFWTR,,93.85,53.16,463,462,,,EA,ORB
STARLINK-35623,2025-237AA,66138,PAY,+,US,2025-10-22,AFWTR,,93.85,53.16,463,462,,,EA,ORB
STARLINK-35549,2025-237AB,66139,PAY,+,US,2025-10-22,AFWTR,,93.85,53.16,463,462,,,EA,ORB
STARLINK-35625,2025-237AC,66140,PAY,+,US,2025-10-22,AFWTR,,93.85,53.16,464,462,,,EA,ORB
STARLINK-35603,2025-237AD,66141,PAY,+,US,2025-10-22,AFWTR,,93.85,53.15,463,462,,,EA,ORB
TJS-20,2025-238A,66142,PAY,+,PRC,2025-10-23,WSC,,1436.12,5.33,35803,35771,,,EA,ORB
CZ-5 R/B,2025-238B,66143,R/B,D,PRC,2025-10-23,WSC,2026-06-07,106.03,15.89,1975,111,,,EA,IMP
SPAINSAT NG II,2025-239A,66144,PAY,-,SPN,2025-10-24,AFETR,,1490.73,13.12,69882,3816,,,EA,ORB
STARLINK-35318,2025-240A,66146,PAY,+,US,2025-10-25,AFETR,,93.85,53.16,464,462,,,EA,ORB
STARLINK-33948,2025-240B,66147,PAY,+,US,2025-10-25,AFWTR,,93.85,53.16,463,462,,,EA,ORB
STARLINK-35081,2025-240C,66148,PAY,+,US,2025-10-25,AFWTR,,93.85,53.16,464,462,,,EA,ORB
STARLINK-35601,2025-240D,66149,PAY,+,US,2025-10-25,AFWTR,,93.85,53.16,463,462,,,EA,ORB
STARLINK-35605,2025-240E,66150,PAY,+,US,2025-10-25,AFWTR,,93.85,53.16,463,462,,,EA,ORB
STARLINK-35540,2025-240F,66151,PAY,+,US,2025-10-25,AFWTR,,93.85,53.16,464,462,,,EA,ORB
STARLINK-35455,2025-240G,66152,PAY,+,US,2025-10-25,AFWTR,,93.85,53.16,463,462,,,EA,ORB
STARLINK-34752,2025-240H,66153,PAY,+,US,2025-10-25,AFWTR,,93.85,53.16,463,462,,,EA,ORB
STARLINK-34625,2025-240J,66154,PAY,+,US,2025-10-25,AFWTR,,93.85,53.16,463,462,,,EA,ORB
STARLINK-35580,2025-240K,66155,PAY,+,US,2025-10-25,AFWTR,,93.85,53.16,463,462,,,EA,ORB
STARLINK-35621,2025-240L,66156,PAY,+,US,2025-10-25,AFWTR,,93.85,53.16,463,462,,,EA,ORB
STARLINK-35594,2025-240M,66157,PAY,+,US,2025-10-25,AFWTR,,93.85,53.16,463,462,,,EA,ORB
STARLINK-35587,2025-240N,66158,PAY,+,US,2025-10-25,AFWTR,,93.85,53.16,464,462,,,EA,ORB
STARLINK-35586,2025-240P,66159,PAY,+,US,2025-10-25,AFWTR,,93.85,53.16,464,462,,,EA,ORB
STARLINK-35636,2025-240Q,66160,PAY,+,US,2025-10-25,AFWTR,,93.85,53.16,463,462,,,EA,ORB
STARLINK-35635,2025-240R,66161,PAY,+,US,2025-10-25,AFWTR,,93.85,53.16,463,462,,,EA,ORB
STARLINK-35633,2025-240S,66162,PAY,+,US,2025-10-25,AFWTR,,93.85,53.16,463,462,,,EA,ORB
STARLINK-35607,2025-240T,66163,PAY,+,US,2025-10-25,AFWTR,,93.85,53.16,464,462,,,EA,ORB
STARLINK-35614,2025-240U,66164,PAY,+,US,2025-10-25,AFWTR,,93.85,53.16,463,462,,,EA,ORB
STARLINK-35575,2025-240V,66165,PAY,+,US,2025-10-25,AFWTR,,93.85,53.16,464,462,,,EA,ORB
STARLINK-35624,2025-240W,66166,PAY,+,US,2025-10-25,AFWTR,,93.85,53.16,463,462,,,EA,ORB
STARLINK-35641,2025-240X,66167,PAY,+,US,2025-10-25,AFWTR,,93.85,53.16,463,462,,,EA,ORB
STARLINK-35578,2025-240Y,66168,PAY,+,US,2025-10-25,AFWTR,,93.85,53.16,464,461,,,EA,ORB
STARLINK-35638,2025-240Z,66169,PAY,+,US,2025-10-25,AFWTR,,93.85,53.16,464,462,,,EA,ORB
STARLINK-35585,2025-240AA,66170,PAY,+,US,2025-10-25,AFWTR,,93.85,53.16,463,462,,,EA,ORB
STARLINK-35606,2025-240AB,66171,PAY,+,US,2025-10-25,AFWTR,,93.85,53.16,463,462,,,EA,ORB
STARLINK-35627,2025-240AC,66172,PAY,+,US,2025-10-25,AFWTR,,93.85,53.16,463,462,,,EA,ORB
STARLINK-35634,2025-240AD,66173,PAY,+,US,2025-10-25,AFWTR,,93.85,53.16,464,462,,,EA,ORB
HTV-X1,2025-241A,66174,PAY,D,JPN,2025-10-26,TANSC,2026-05-26,92.01,51.64,378,368,,,EA,IMP
GAOFEN-14 02,2025-242A,66175,PAY,+,PRC,2025-10-26,XICLF,,94.37,97.41,489,488,,,EA,ORB
CZ-3B R/B,2025-242B,66176,R/B,,PRC,2025-10-26,XICLF,,91.77,97.42,398,325,,,EA,ORB
STARLINK-35352,2025-243A,66177,PAY,-,US,2025-10-26,AFETR,,93.85,53.16,464,461,,,EA,ORB
STARLINK-35363,2025-243B,66178,PAY,+,US,2025-10-26,AFETR,,93.85,53.16,464,462,,,EA,ORB
STARLINK-35346,2025-243C,66179,PAY,+,US,2025-10-26,AFETR,,93.85,53.16,464,461,,,EA,ORB
STARLINK-35335,2025-243D,66180,PAY,+,US,2025-10-26,AFETR,,93.85,53.16,463,462,,,EA,ORB
STARLINK-35342,2025-243E,66181,PAY,+,US,2025-10-26,AFETR,,93.85,53.16,464,462,,,EA,ORB
STARLINK-35333,2025-243F,66182,PAY,+,US,2025-10-26,AFETR,,93.85,53.16,464,461,,,EA,ORB
STARLINK-35310,2025-243G,66183,PAY,+,US,2025-10-26,AFETR,,93.85,53.16,464,462,,,EA,ORB
STARLINK-35317,2025-243H,66184,PAY,+,US,2025-10-26,AFETR,,93.85,53.16,464,462,,,EA,ORB
STARLINK-35377,2025-243J,66185,PAY,+,US,2025-10-26,AFETR,,93.85,53.16,464,462,,,EA,ORB
STARLINK-35365,2025-243K,66186,PAY,+,US,2025-10-26,AFETR,,93.85,53.16,463,462,,,EA,ORB
STARLINK-35350,2025-243L,66187,PAY,+,US,2025-10-26,AFETR,,93.85,53.16,464,461,,,EA,ORB
STARLINK-35041,2025-243M,66188,PAY,+,US,2025-10-26,AFETR,,93.85,53.16,464,462,,,EA,ORB
STARLINK-34694,2025-243N,66189,PAY,+,US,2025-10-26,AFETR,,93.85,53.16,463,462,,,EA,ORB
STARLINK-34863,2025-243P,66190,PAY,+,US,2025-10-26,AFETR,,93.85,53.16,464,461,,,EA,ORB
STARLINK-35061,2025-243Q,66191,PAY,+,US,2025-10-26,AFETR,,93.85,53.16,464,462,,,EA,ORB
STARLINK-34937,2025-243R,66192,PAY,+,US,2025-10-26,AFETR,,93.85,53.16,464,462,,,EA,ORB
STARLINK-35197,2025-243S,66193,PAY,+,US,2025-10-26,AFETR,,94.10,53.16,477,474,,,EA,ORB
STARLINK-35374,2025-243T,66194,PAY,+,US,2025-10-26,AFETR,,94.01,53.16,472,470,,,EA,ORB
STARLINK-34813,2025-243U,66195,PAY,+,US,2025-10-26,AFETR,,93.85,53.16,464,462,,,EA,ORB
STARLINK-35409,2025-243V,66196,PAY,+,US,2025-10-26,AFETR,,93.90,53.16,466,464,,,EA,ORB
STARLINK-35259,2025-243W,66197,PAY,+,US,2025-10-26,AFETR,,93.85,53.16,464,462,,,EA,ORB
STARLINK-35518,2025-243X,66198,PAY,+,US,2025-10-26,AFETR,,93.85,53.16,463,462,,,EA,ORB
STARLINK-35509,2025-243Y,66199,PAY,+,US,2025-10-26,AFETR,,94.10,53.16,476,474,,,EA,ORB
STARLINK-35551,2025-243Z,66200,PAY,+,US,2025-10-26,AFETR,,93.90,53.16,468,462,,,EA,ORB
STARLINK-35543,2025-243AA,66201,PAY,+,US,2025-10-26,AFETR,,94.01,53.16,472,470,,,EA,ORB
STARLINK-35534,2025-243AB,66202,PAY,+,US,2025-10-26,AFETR,,94.10,53.16,476,474,,,EA,ORB
STARLINK-35548,2025-243AC,66203,PAY,+,US,2025-10-26,AFETR,,93.90,53.16,466,464,,,EA,ORB
STARLINK-35490,2025-243AD,66204,PAY,+,US,2025-10-26,AFETR,,93.85,53.16,464,462,,,EA,ORB
YINLI-1 R/B,2025-226E,66205,R/B,,PRC,2025-10-11,YSLA,,89.03,97.77,249,204,,,EA,ORB
STARLINK-35748,2025-244A,66206,PAY,+,US,2025-10-28,AFWTR,,93.85,53.16,464,462,,,EA,ORB
STARLINK-35747,2025-244B,66207,PAY,+,US,2025-10-28,AFWTR,,93.85,53.16,463,462,,,EA,ORB
STARLINK-35751,2025-244C,66208,PAY,+,US,2025-10-28,AFWTR,,93.85,53.16,464,462,,,EA,ORB
STARLINK-35750,2025-244D,66209,PAY,+,US,2025-10-28,AFWTR,,93.85,53.16,463,462,,,EA,ORB
STARLINK-35740,2025-244E,66210,PAY,+,US,2025-10-28,AFWTR,,93.85,53.16,464,462,,,EA,ORB
STARLINK-35723,2025-244F,66211,PAY,+,US,2025-10-28,AFWTR,,93.85,53.16,463,462,,,EA,ORB
STARLINK-35710,2025-244G,66212,PAY,+,US,2025-10-28,AFWTR,,93.85,53.16,464,462,,,EA,ORB
STARLINK-34204,2025-244H,66213,PAY,+,US,2025-10-28,AFWTR,,93.85,53.16,464,462,,,EA,ORB
STARLINK-35714,2025-244J,66214,PAY,+,US,2025-10-28,AFWTR,,93.85,53.16,463,462,,,EA,ORB
STARLINK-35712,2025-244K,66215,PAY,+,US,2025-10-28,AFWTR,,93.85,53.16,464,462,,,EA,ORB
STARLINK-35709,2025-244L,66216,PAY,+,US,2025-10-28,AFWTR,,93.85,53.16,464,462,,,EA,ORB
STARLINK-35700,2025-244M,66217,PAY,+,US,2025-10-28,AFWTR,,93.85,53.16,464,462,,,EA,ORB
STARLINK-35722,2025-244N,66218,PAY,+,US,2025-10-28,AFWTR,,93.85,53.16,464,462,,,EA,ORB
STARLINK-35737,2025-244P,66219,PAY,+,US,2025-10-28,AFWTR,,93.85,53.16,463,462,,,EA,ORB
STARLINK-35677,2025-244Q,66220,PAY,+,US,2025-10-28,AFWTR,,93.85,53.16,464,462,,,EA,ORB
STARLINK-35704,2025-244R,66221,PAY,+,US,2025-10-28,AFWTR,,93.85,53.16,464,462,,,EA,ORB
STARLINK-35666,2025-244S,66222,PAY,+,US,2025-10-28,AFWTR,,93.85,53.15,464,462,,,EA,ORB
STARLINK-35664,2025-244T,66223,PAY,+,US,2025-10-28,AFWTR,,93.85,53.16,464,462,,,EA,ORB
STARLINK-35733,2025-244U,66224,PAY,+,US,2025-10-28,AFWTR,,93.85,53.16,464,462,,,EA,ORB
STARLINK-35734,2025-244V,66225,PAY,+,US,2025-10-28,AFWTR,,93.85,53.16,464,462,,,EA,ORB
STARLINK-34466,2025-244W,66226,PAY,+,US,2025-10-28,AFWTR,,93.85,53.16,464,462,,,EA,ORB
STARLINK-34882,2025-244X,66227,PAY,+,US,2025-10-28,AFWTR,,93.85,53.16,464,462,,,EA,ORB
STARLINK-35731,2025-244Y,66228,PAY,+,US,2025-10-28,AFWTR,,93.85,53.16,464,461,,,EA,ORB
STARLINK-35758,2025-244Z,66229,PAY,+,US,2025-10-28,AFWTR,,93.85,53.16,463,462,,,EA,ORB
STARLINK-35736,2025-244AA,66230,PAY,+,US,2025-10-28,AFWTR,,93.85,53.16,464,462,,,EA,ORB
STARLINK-35735,2025-244AB,66231,PAY,+,US,2025-10-28,AFWTR,,93.85,53.16,464,461,,,EA,ORB
STARLINK-35753,2025-244AC,66232,PAY,+,US,2025-10-28,AFWTR,,93.85,53.16,464,462,,,EA,ORB
STARLINK-35626,2025-244AD,66233,PAY,+,US,2025-10-28,AFWTR,,93.85,53.16,463,462,,,EA,ORB
STARLINK-35537,2025-245A,66234,PAY,+,US,2025-10-29,AFETR,,94.01,53.16,471,470,,,EA,ORB
STARLINK-35541,2025-245B,66235,PAY,+,US,2025-10-29,AFETR,,94.01,53.16,472,470,,,EA,ORB
STARLINK-35454,2025-245C,66236,PAY,+,US,2025-10-29,AFETR,,93.85,53.16,463,462,,,EA,ORB
STARLINK-35557,2025-245D,66237,PAY,+,US,2025-10-29,AFETR,,93.85,53.16,464,462,,,EA,ORB
STARLINK-35556,2025-245E,66238,PAY,+,US,2025-10-29,AFETR,,93.85,53.16,463,462,,,EA,ORB
STARLINK-35554,2025-245F,66239,PAY,+,US,2025-10-29,AFETR,,94.01,53.16,472,470,,,EA,ORB
STARLINK-35546,2025-245G,66240,PAY,+,US,2025-10-29,AFETR,,93.85,53.16,463,462,,,EA,ORB
STARLINK-35497,2025-245H,66241,PAY,+,US,2025-10-29,AFETR,,93.85,53.16,464,462,,,EA,ORB
STARLINK-35480,2025-245J,66242,PAY,+,US,2025-10-29,AFETR,,93.85,53.16,464,461,,,EA,ORB
STARLINK-35495,2025-245K,66243,PAY,+,US,2025-10-29,AFETR,,93.90,53.16,466,465,,,EA,ORB
STARLINK-35517,2025-245L,66244,PAY,+,US,2025-10-29,AFETR,,93.85,53.16,463,462,,,EA,ORB
STARLINK-35503,2025-245M,66245,PAY,+,US,2025-10-29,AFETR,,93.85,53.16,463,462,,,EA,ORB
STARLINK-35434,2025-245N,66246,PAY,+,US,2025-10-29,AFETR,,94.01,53.16,471,470,,,EA,ORB
STARLINK-35481,2025-245P,66247,PAY,+,US,2025-10-29,AFETR,,94.01,53.16,471,470,,,EA,ORB
STARLINK-35416,2025-245Q,66248,PAY,+,US,2025-10-29,AFETR,,94.01,53.16,471,470,,,EA,ORB
STARLINK-35304,2025-245R,66249,PAY,+,US,2025-10-29,AFETR,,94.01,53.16,472,470,,,EA,ORB
STARLINK-35338,2025-245S,66250,PAY,+,US,2025-10-29,AFETR,,94.01,53.16,471,470,,,EA,ORB
STARLINK-35485,2025-245T,66251,PAY,+,US,2025-10-29,AFETR,,94.01,53.16,471,470,,,EA,ORB
STARLINK-35483,2025-245U,66252,PAY,+,US,2025-10-29,AFETR,,93.90,53.16,466,465,,,EA,ORB
STARLINK-35486,2025-245V,66253,PAY,+,US,2025-10-29,AFETR,,94.01,53.16,472,470,,,EA,ORB
STARLINK-35488,2025-245W,66254,PAY,+,US,2025-10-29,AFETR,,94.01,53.16,471,470,,,EA,ORB
STARLINK-35616,2025-245X,66255,PAY,+,US,2025-10-29,AFETR,,93.85,53.16,464,462,,,EA,ORB
STARLINK-35619,2025-245Y,66256,PAY,+,US,2025-10-29,AFETR,,93.85,53.16,463,462,,,EA,ORB
STARLINK-35615,2025-245Z,66257,PAY,+,US,2025-10-29,AFETR,,93.85,53.16,464,462,,,EA,ORB
STARLINK-34650,2025-245AA,66258,PAY,+,US,2025-10-29,AFETR,,93.85,53.16,463,462,,,EA,ORB
STARLINK-35529,2025-245AB,66259,PAY,+,US,2025-10-29,AFETR,,94.01,53.16,471,470,,,EA,ORB
STARLINK-35420,2025-245AC,66260,PAY,+,US,2025-10-29,AFETR,,94.01,53.16,472,470,,,EA,ORB
STARLINK-35536,2025-245AD,66261,PAY,+,US,2025-10-29,AFETR,,94.01,53.16,471,470,,,EA,ORB
STARLINK-35487,2025-245AE,66262,PAY,+,US,2025-10-29,AFETR,,94.01,53.16,471,470,,,EA,ORB
SHENZHOU-21 (SZ-21),2025-246A,66263,PAY,D,PRC,2025-10-31,JSC,2025-11-14,92.40,41.47,399,385,,,EA,LAN
CZ-2F R/B,2025-246B,66264,R/B,D,PRC,2025-10-31,JSC,2025-11-12,87.35,41.44,156,130,,,EA,IMP
STARLINK-35801,2025-247A,66265,PAY,+,US,2025-10-31,AFWTR,,93.85,53.16,463,462,,,EA,ORB
STARLINK-35056,2025-247B,66266,PAY,+,US,2025-10-31,AFWTR,,93.85,53.16,463,462,,,EA,ORB
STARLINK-35550,2025-247C,66267,PAY,+,US,2025-10-31,AFWTR,,93.85,53.16,463,462,,,EA,ORB
STARLINK-35069,2025-247D,66268,PAY,+,US,2025-10-31,AFWTR,,93.85,53.16,463,462,,,EA,ORB
STARLINK-34910,2025-247E,66269,PAY,+,US,2025-10-31,AFWTR,,93.85,53.16,464,462,,,EA,ORB
STARLINK-35757,2025-247F,66270,PAY,+,US,2025-10-31,AFWTR,,93.85,53.16,463,462,,,EA,ORB
STARLINK-35745,2025-247G,66271,PAY,+,US,2025-10-31,AFWTR,,93.85,53.16,464,462,,,EA,ORB
STARLINK-35741,2025-247H,66272,PAY,+,US,2025-10-31,AFWTR,,93.85,53.16,463,462,,,EA,ORB
STARLINK-35730,2025-247J,66273,PAY,+,US,2025-10-31,AFWTR,,93.85,53.16,464,462,,,EA,ORB
STARLINK-35760,2025-247K,66274,PAY,+,US,2025-10-31,AFWTR,,93.85,53.16,463,462,,,EA,ORB
STARLINK-35752,2025-247L,66275,PAY,+,US,2025-10-31,AFWTR,,93.85,53.16,464,461,,,EA,ORB
STARLINK-35742,2025-247M,66276,PAY,+,US,2025-10-31,AFWTR,,93.85,53.16,463,462,,,EA,ORB
STARLINK-35708,2025-247N,66277,PAY,+,US,2025-10-31,AFWTR,,93.85,53.16,464,462,,,EA,ORB
STARLINK-35713,2025-247P,66278,PAY,+,US,2025-10-31,AFWTR,,93.85,53.16,464,462,,,EA,ORB
STARLINK-35724,2025-247Q,66279,PAY,+,US,2025-10-31,AFWTR,,93.85,53.16,463,462,,,EA,ORB
STARLINK-35726,2025-247R,66280,PAY,+,US,2025-10-31,AFWTR,,93.85,53.16,463,462,,,EA,ORB
STARLINK-35727,2025-247S,66281,PAY,+,US,2025-10-31,AFWTR,,93.85,53.16,464,462,,,EA,ORB
STARLINK-35776,2025-247T,66282,PAY,+,US,2025-10-31,AFWTR,,93.85,53.16,464,462,,,EA,ORB
STARLINK-35774,2025-247U,66283,PAY,+,US,2025-10-31,AFWTR,,93.85,53.16,464,462,,,EA,ORB
STARLINK-35830,2025-247V,66284,PAY,+,US,2025-10-31,AFWTR,,93.85,53.16,464,462,,,EA,ORB
STARLINK-35819,2025-247W,66285,PAY,+,US,2025-10-31,AFWTR,,93.85,53.16,463,462,,,EA,ORB
STARLINK-35783,2025-247X,66286,PAY,+,US,2025-10-31,AFWTR,,93.85,53.16,464,462,,,EA,ORB
STARLINK-34884,2025-247Y,66287,PAY,+,US,2025-10-31,AFWTR,,93.85,53.16,464,462,,,EA,ORB
STARLINK-34896,2025-247Z,66288,PAY,+,US,2025-10-31,AFWTR,,93.85,53.16,464,462,,,EA,ORB
STARLINK-35802,2025-247AA,66289,PAY,+,US,2025-10-31,AFWTR,,93.85,53.16,463,462,,,EA,ORB
STARLINK-35799,2025-247AB,66290,PAY,+,US,2025-10-31,AFWTR,,93.85,53.16,463,462,,,EA,ORB
STARLINK-35800,2025-247AC,66291,PAY,+,US,2025-10-31,AFWTR,,93.85,53.16,463,462,,,EA,ORB
STARLINK-35798,2025-247AD,66292,PAY,+,US,2025-10-31,AFWTR,,93.85,53.16,464,462,,,EA,ORB
KORSAT-4,2025-248A,66293,PAY,+,SKOR,2025-11-02,AFETR,,96.08,45.41,571,570,,,EA,ORB
SEMI-1L,2025-248B,66294,PAY,+,TURK,2025-11-02,AFETR,,94.64,45.40,502,500,,,EA,ORB
LEMUR-2-AFFIE-WAUWIE,2025-248C,66295,PAY,+,US,2025-11-02,AFETR,,94.16,45.39,482,473,,,EA,ORB
BANDWAGON-4 OBJECT D,2025-248D,66296,PAY,+,TBD,2025-11-02,AFETR,,94.59,45.40,501,496,,,EA,ORB
SEMI-1N,2025-248E,66297,PAY,+,TURK,2025-11-02,AFETR,,94.64,45.41,507,495,,,EA,ORB
SEMI-1P,2025-248F,66298,PAY,+,TURK,2025-11-02,AFETR,,94.64,45.40,509,493,,,EA,ORB
FGN-100-D2,2025-248G,66299,PAY,+,TURK,2025-11-02,AFETR,,94.68,45.40,506,500,,,EA,ORB
ICEYE-X65,2025-248H,66300,PAY,+,UAE,2025-11-02,AFETR,,95.49,45.40,545,539,,,EA,ORB
ICEYE-X66,2025-248J,66301,PAY,+,UAE,2025-11-02,AFETR,,95.41,45.40,541,535,,,EA,ORB
ICEYE-X67,2025-248K,66302,PAY,+,UAE,2025-11-02,AFETR,,95.41,45.40,543,534,,,EA,ORB
STARCLOUD-1,2025-248L,66303,PAY,+,US,2025-11-02,AFETR,,94.62,45.40,503,497,,,EA,ORB
BANDWAGON-4 OBJECT M,2025-248M,66304,PAY,+,TBD,2025-11-02,AFETR,,94.14,45.42,482,472,,,EA,ORB
BANDWAGON-4 OBJECT N,2025-248N,66305,PAY,+,TBD,2025-11-02,AFETR,,94.13,45.42,482,471,,,EA,ORB
BANDWAGON-4 OBJECT P,2025-248P,66306,PAY,+,TBD,2025-11-02,AFETR,,94.17,45.40,485,471,,,EA,ORB
BANDWAGON-4 OBJECT Q,2025-248Q,66307,PAY,+,TBD,2025-11-02,AFETR,,94.18,45.39,485,473,,,EA,ORB
TOMORROW-S8,2025-248R,66308,PAY,+,US,2025-11-02,AFETR,,94.67,45.40,505,500,,,EA,ORB
TOMORROW-S9,2025-248S,66309,PAY,+,US,2025-11-02,AFETR,,94.68,45.40,505,501,,,EA,ORB
LVM3 R/B,2025-249A,66310,R/B,D,IND,2025-11-02,SRILR,2026-07-30,93.63,21.40,809,95,,,EA,IMP
CMS-03 (GSAT-7R),2025-249B,66311,PAY,+,IND,2025-11-02,SRILR,,1436.09,0.02,35794,35779,,,EA,ORB
HAVEN-DEMO,2025-248T,66312,PAY,D,US,2025-11-02,AFETR,2026-02-07,92.96,45.40,506,333,,,EA,IMP
YAOGAN-46,2025-250A,66313,PAY,+,PRC,2025-11-03,WSC,,271.08,20.07,7504,7490,,,EA,ORB
CZ-7A R/B,2025-250B,66314,R/B,D,PRC,2025-11-03,WSC,2025-12-11,94.69,19.90,902,105,,,EA,IMP
SENTINEL-1D,2025-251A,66315,PAY,+,ESA,2025-11-04,FRGUI,,98.68,98.18,697,695,,,EA,ORB
QPS-SAR-14 (YACHIHOKO-I),2025-252A,66316,PAY,+,JPN,2025-11-05,RLLB,,96.01,42.00,571,563,,,EA,ORB
ELECTRON R/B,2025-252B,66317,R/B,D,US,2025-11-05,RLLB,2025-12-05,88.09,41.98,202,157,,,EA,IMP
ELECTRON KICK STAGE R/B,2025-252C,66318,R/B,D,US,2025-11-05,RLLB,2025-11-30,88.50,41.97,232,168,,,EA,IMP
STARLINK-35442,2025-253A,66319,PAY,+,US,2025-11-06,AFETR,,94.27,43.01,486,480,,,EA,ORB
STARLINK-34616,2025-253B,66320,PAY,+,US,2025-11-06,AFETR,,94.27,43.00,484,482,,,EA,ORB
STARLINK-34615,2025-253C,66321,PAY,+,US,2025-11-06,AFETR,,94.27,43.00,484,482,,,EA,ORB
STARLINK-35292,2025-253D,66322,PAY,+,US,2025-11-06,AFETR,,94.27,43.00,484,482,,,EA,ORB
STARLINK-35309,2025-253E,66323,PAY,+,US,2025-11-06,AFETR,,94.26,43.00,484,482,,,EA,ORB
STARLINK-35506,2025-253F,66324,PAY,+,US,2025-11-06,AFETR,,94.27,43.00,484,482,,,EA,ORB
STARLINK-35504,2025-253G,66325,PAY,+,US,2025-11-06,AFETR,,94.27,43.00,484,482,,,EA,ORB
STARLINK-35479,2025-253H,66326,PAY,+,US,2025-11-06,AFETR,,94.27,43.00,484,482,,,EA,ORB
STARLINK-35507,2025-253J,66327,PAY,+,US,2025-11-06,AFETR,,94.27,43.00,484,482,,,EA,ORB
STARLINK-35460,2025-253K,66328,PAY,+,US,2025-11-06,AFETR,,94.27,43.00,484,482,,,EA,ORB
STARLINK-35505,2025-253L,66329,PAY,+,US,2025-11-06,AFETR,,94.27,43.00,484,483,,,EA,ORB
STARLINK-35512,2025-253M,66330,PAY,+,US,2025-11-06,AFETR,,94.27,43.00,484,482,,,EA,ORB
STARLINK-35257,2025-253N,66331,PAY,+,US,2025-11-06,AFETR,,94.27,43.00,484,482,,,EA,ORB
STARLINK-35322,2025-253P,66332,PAY,+,US,2025-11-06,AFETR,,94.27,43.00,484,482,,,EA,ORB
STARLINK-35400,2025-253Q,66333,PAY,+,US,2025-11-06,AFETR,,94.27,43.00,484,482,,,EA,ORB
STARLINK-35407,2025-253R,66334,PAY,+,US,2025-11-06,AFETR,,94.27,43.00,484,482,,,EA,ORB
STARLINK-35417,2025-253S,66335,PAY,+,US,2025-11-06,AFETR,,94.27,43.00,484,482,,,EA,ORB
STARLINK-35404,2025-253T,66336,PAY,+,US,2025-11-06,AFETR,,94.27,43.00,485,481,,,EA,ORB
STARLINK-34783,2025-253U,66337,PAY,+,US,2025-11-06,AFETR,,94.27,43.00,483,483,,,EA,ORB
STARLINK-35477,2025-253V,66338,PAY,+,US,2025-11-06,AFETR,,94.27,43.00,485,482,,,EA,ORB
STARLINK-35443,2025-253W,66339,PAY,+,US,2025-11-06,AFETR,,94.27,43.00,484,482,,,EA,ORB
STARLINK-35218,2025-253X,66340,PAY,+,US,2025-11-06,AFETR,,94.27,43.01,484,482,,,EA,ORB
STARLINK-35522,2025-253Y,66341,PAY,+,US,2025-11-06,AFETR,,94.27,43.00,484,482,,,EA,ORB
STARLINK-35535,2025-253Z,66342,PAY,+,US,2025-11-06,AFETR,,94.27,43.00,484,482,,,EA,ORB
STARLINK-35467,2025-253AA,66343,PAY,+,US,2025-11-06,AFETR,,94.27,43.00,484,482,,,EA,ORB
STARLINK-35511,2025-253AB,66344,PAY,+,US,2025-11-06,AFETR,,94.27,43.00,484,482,,,EA,ORB
STARLINK-35440,2025-253AC,66345,PAY,+,US,2025-11-06,AFETR,,94.27,43.00,484,482,,,EA,ORB
STARLINK-35482,2025-253AD,66346,PAY,+,US,2025-11-06,AFETR,,94.27,43.00,484,482,,,EA,ORB
STARLINK-35438,2025-253AE,66347,PAY,+,US,2025-11-06,AFETR,,94.27,43.00,484,482,,,EA,ORB
STARLINK-35849,2025-254A,66348,PAY,+,US,2025-11-06,AFWTR,,93.85,53.16,464,462,,,EA,ORB
STARLINK-35848,2025-254B,66349,PAY,+,US,2025-11-06,AFWTR,,94.01,53.16,471,470,,,EA,ORB
STARLINK-35829,2025-254C,66350,PAY,+,US,2025-11-06,AFWTR,,94.01,53.16,472,470,,,EA,ORB
STARLINK-35828,2025-254D,66351,PAY,+,US,2025-11-06,AFWTR,,94.01,53.16,472,470,,,EA,ORB
STARLINK-35850,2025-254E,66352,PAY,+,US,2025-11-06,AFWTR,,93.85,53.16,463,462,,,EA,ORB
STARLINK-35869,2025-254F,66353,PAY,+,US,2025-11-06,AFWTR,,93.85,53.16,464,462,,,EA,ORB
STARLINK-35895,2025-254G,66354,PAY,+,US,2025-11-06,AFWTR,,93.90,53.16,466,464,,,EA,ORB
STARLINK-35861,2025-254H,66355,PAY,+,US,2025-11-06,AFWTR,,93.85,53.16,464,462,,,EA,ORB
STARLINK-35851,2025-254J,66356,PAY,+,US,2025-11-06,AFWTR,,93.85,53.16,464,462,,,EA,ORB
STARLINK-35817,2025-254K,66357,PAY,+,US,2025-11-06,AFWTR,,93.85,53.16,464,462,,,EA,ORB
STARLINK-35807,2025-254L,66358,PAY,+,US,2025-11-06,AFWTR,,94.01,53.16,472,470,,,EA,ORB
STARLINK-35805,2025-254M,66359,PAY,+,US,2025-11-06,AFWTR,,94.01,53.16,472,470,,,EA,ORB
STARLINK-35823,2025-254N,66360,PAY,+,US,2025-11-06,AFWTR,,93.85,53.16,463,462,,,EA,ORB
STARLINK-35813,2025-254P,66361,PAY,+,US,2025-11-06,AFWTR,,94.01,53.16,472,470,,,EA,ORB
STARLINK-35822,2025-254Q,66362,PAY,+,US,2025-11-06,AFWTR,,93.85,53.16,463,462,,,EA,ORB
STARLINK-35806,2025-254R,66363,PAY,+,US,2025-11-06,AFWTR,,93.85,53.16,464,462,,,EA,ORB
STARLINK-35797,2025-254S,66364,PAY,+,US,2025-11-06,AFWTR,,93.85,53.16,464,462,,,EA,ORB
STARLINK-35827,2025-254T,66365,PAY,+,US,2025-11-06,AFWTR,,94.01,53.16,472,469,,,EA,ORB
STARLINK-35845,2025-254U,66366,PAY,+,US,2025-11-06,AFWTR,,94.01,53.16,472,469,,,EA,ORB
STARLINK-35846,2025-254V,66367,PAY,+,US,2025-11-06,AFWTR,,93.85,53.16,464,462,,,EA,ORB
STARLINK-34861,2025-254W,66368,PAY,+,US,2025-11-06,AFWTR,,93.85,53.16,464,461,,,EA,ORB
STARLINK-35795,2025-254X,66369,PAY,+,US,2025-11-06,AFWTR,,93.85,53.16,463,462,,,EA,ORB
STARLINK-35824,2025-254Y,66370,PAY,+,US,2025-11-06,AFWTR,,93.85,53.16,464,462,,,EA,ORB
STARLINK-35804,2025-254Z,66371,PAY,+,US,2025-11-06,AFWTR,,93.85,53.16,464,462,,,EA,ORB
STARLINK-35821,2025-254AA,66372,PAY,+,US,2025-11-06,AFWTR,,93.85,53.16,464,462,,,EA,ORB
STARLINK-35809,2025-254AB,66373,PAY,+,US,2025-11-06,AFWTR,,93.85,53.15,464,462,,,EA,ORB
STARLINK-35831,2025-254AC,66374,PAY,+,US,2025-11-06,AFWTR,,93.85,53.16,464,462,,,EA,ORB
STARLINK-35826,2025-254AD,66375,PAY,+,US,2025-11-06,AFWTR,,93.85,53.16,464,462,,,EA,ORB
SHIYAN-32 01,2025-255A,66376,PAY,-,PRC,2025-11-08,YSLA,,92.64,52.99,411,396,,,EA,ORB
CZ-11 DEB,2025-255B,66377,DEB,,PRC,2025-11-08,YSLA,,91.19,52.99,336,331,,,EA,ORB
SHIYAN-32 02,2025-255C,66378,PAY,+,PRC,2025-11-08,YSLA,,93.37,52.99,448,431,,,EA,ORB
SHIYAN-32 03,2025-255D,66379,PAY,+,PRC,2025-11-08,YSLA,,93.37,52.99,447,432,,,EA,ORB
STARLINK-35139,2025-257A,66380,PAY,+,US,2025-11-09,AFETR,,93.85,53.16,463,462,,,EA,ORB
STARLINK-35158,2025-257B,66381,PAY,+,US,2025-11-09,AFETR,,93.85,53.16,463,462,,,EA,ORB
STARLINK-35639,2025-257C,66382,PAY,+,US,2025-11-09,AFETR,,93.85,53.16,464,462,,,EA,ORB
STARLINK-35690,2025-257D,66383,PAY,+,US,2025-11-09,AFETR,,93.85,53.16,464,462,,,EA,ORB
STARLINK-35662,2025-257E,66384,PAY,+,US,2025-11-09,AFETR,,93.85,53.16,463,462,,,EA,ORB
STARLINK-35659,2025-257F,66385,PAY,+,US,2025-11-09,AFETR,,93.85,53.16,463,462,,,EA,ORB
STARLINK-35651,2025-257G,66386,PAY,+,US,2025-11-09,AFETR,,93.85,53.16,464,462,,,EA,ORB
STARLINK-35661,2025-257H,66387,PAY,+,US,2025-11-09,AFETR,,93.85,53.16,464,461,,,EA,ORB
STARLINK-35647,2025-257J,66388,PAY,+,US,2025-11-09,AFETR,,93.85,53.16,463,462,,,EA,ORB
STARLINK-35694,2025-257K,66389,PAY,+,US,2025-11-09,AFETR,,93.85,53.16,464,462,,,EA,ORB
STARLINK-35665,2025-257L,66390,PAY,+,US,2025-11-09,AFETR,,93.85,53.16,464,462,,,EA,ORB
STARLINK-35656,2025-257M,66391,PAY,+,US,2025-11-09,AFETR,,93.85,53.16,464,462,,,EA,ORB
STARLINK-35671,2025-257N,66392,PAY,+,US,2025-11-09,AFETR,,93.85,53.16,463,462,,,EA,ORB
STARLINK-35652,2025-257P,66393,PAY,+,US,2025-11-09,AFETR,,93.85,53.16,464,462,,,EA,ORB
STARLINK-35672,2025-257Q,66394,PAY,+,US,2025-11-09,AFETR,,93.85,53.16,463,462,,,EA,ORB
STARLINK-35681,2025-257R,66395,PAY,+,US,2025-11-09,AFETR,,93.85,53.16,463,462,,,EA,ORB
STARLINK-35669,2025-257S,66396,PAY,+,US,2025-11-09,AFETR,,93.85,53.16,463,462,,,EA,ORB
STARLINK-35510,2025-257T,66397,PAY,+,US,2025-11-09,AFETR,,93.85,53.16,464,462,,,EA,ORB
STARLINK-35642,2025-257U,66398,PAY,+,US,2025-11-09,AFETR,,93.85,53.16,464,461,,,EA,ORB
STARLINK-35657,2025-257V,66399,PAY,+,US,2025-11-09,AFETR,,93.85,53.16,463,462,,,EA,ORB
STARLINK-35667,2025-257W,66400,PAY,+,US,2025-11-09,AFETR,,93.85,53.16,464,462,,,EA,ORB
STARLINK-35668,2025-257X,66401,PAY,+,US,2025-11-09,AFETR,,93.85,53.16,463,462,,,EA,ORB
STARLINK-35644,2025-257Y,66402,PAY,D,US,2025-11-09,AFETR,2026-04-10,88.12,53.15,184,179,,,EA,IMP
STARLINK-35602,2025-257Z,66403,PAY,+,US,2025-11-09,AFETR,,93.85,53.16,464,462,,,EA,ORB
STARLINK-35691,2025-257AA,66404,PAY,+,US,2025-11-09,AFETR,,93.85,53.16,463,462,,,EA,ORB
STARLINK-35683,2025-257AB,66405,PAY,+,US,2025-11-09,AFETR,,93.85,53.16,463,462,,,EA,ORB
STARLINK-34840,2025-257AC,66406,PAY,+,US,2025-11-09,AFETR,,93.85,53.16,464,462,,,EA,ORB
STARLINK-35686,2025-257AD,66407,PAY,+,US,2025-11-09,AFETR,,93.85,53.16,464,462,,,EA,ORB
STARLINK-35679,2025-257AE,66408,PAY,+,US,2025-11-09,AFETR,,93.85,53.16,464,462,,,EA,ORB
CHUTIAN-2 A,2025-256A,66409,PAY,+,PRC,2025-11-09,JSC,,99.29,98.25,735,714,,,EA,ORB
CHUTIAN-2 B,2025-256B,66410,PAY,+,PRC,2025-11-09,JSC,,99.29,98.25,735,714,,,EA,ORB
LIJIAN-1 R/B,2025-256C,66411,R/B,,PRC,2025-11-09,JSC,,95.39,98.30,681,394,,,EA,ORB
HULIANWANG DIGUI-96,2025-258A,66412,PAY,+,PRC,2025-11-10,WSC,,108.33,50.00,1150,1149,,,EA,ORB
HULIANWANG DIGUI-97,2025-258B,66413,PAY,+,PRC,2025-11-10,WSC,,108.33,50.00,1150,1149,,,EA,ORB
HULIANWANG DIGUI-98,2025-258C,66414,PAY,+,PRC,2025-11-10,WSC,,108.33,50.00,1150,1149,,,EA,ORB
HULIANWANG DIGUI-99,2025-258D,66415,PAY,+,PRC,2025-11-10,WSC,,108.33,50.00,1150,1149,,,EA,ORB
HULIANWANG DIGUI-100,2025-258E,66416,PAY,+,PRC,2025-11-10,WSC,,108.33,50.00,1150,1149,,,EA,ORB
HULIANWANG DIGUI-101,2025-258F,66417,PAY,+,PRC,2025-11-10,WSC,,108.33,50.00,1150,1149,,,EA,ORB
HULIANWANG DIGUI-102,2025-258G,66418,PAY,+,PRC,2025-11-10,WSC,,108.33,50.00,1150,1149,,,EA,ORB
HULIANWANG DIGUI-103,2025-258H,66419,PAY,+,PRC,2025-11-10,WSC,,108.33,50.00,1150,1149,,,EA,ORB
HULIANWANG DIGUI-104,2025-258J,66420,PAY,+,PRC,2025-11-10,WSC,,108.33,50.00,1150,1149,,,EA,ORB
CZ-12 R/B,2025-258K,66421,R/B,,PRC,2025-11-10,WSC,,99.83,49.99,796,705,,,EA,ORB
STARLINK-35617,2025-259A,66422,PAY,+,US,2025-11-11,AFETR,,94.27,43.00,483,483,,,EA,ORB
STARLINK-35618,2025-259B,66423,PAY,+,US,2025-11-11,AFETR,,94.27,43.00,484,482,,,EA,ORB
STARLINK-35588,2025-259C,66424,PAY,+,US,2025-11-11,AFETR,,94.27,43.00,484,482,,,EA,ORB
STARLINK-35555,2025-259D,66425,PAY,+,US,2025-11-11,AFETR,,94.27,43.00,484,482,,,EA,ORB
STARLINK-35589,2025-259E,66426,PAY,+,US,2025-11-11,AFETR,,94.27,43.00,484,482,,,EA,ORB
STARLINK-35611,2025-259F,66427,PAY,+,US,2025-11-11,AFETR,,94.27,43.00,484,482,,,EA,ORB
STARLINK-35610,2025-259G,66428,PAY,+,US,2025-11-11,AFETR,,94.27,43.00,484,482,,,EA,ORB
STARLINK-35533,2025-259H,66429,PAY,+,US,2025-11-11,AFETR,,94.27,43.00,484,482,,,EA,ORB
STARLINK-35470,2025-259J,66430,PAY,+,US,2025-11-11,AFETR,,94.27,43.00,484,482,,,EA,ORB
STARLINK-35439,2025-259K,66431,PAY,+,US,2025-11-11,AFETR,,94.27,43.00,485,481,,,EA,ORB
STARLINK-35446,2025-259L,66432,PAY,+,US,2025-11-11,AFETR,,94.27,43.00,484,482,,,EA,ORB
STARLINK-35457,2025-259M,66433,PAY,+,US,2025-11-11,AFETR,,94.27,43.00,485,481,,,EA,ORB
STARLINK-35389,2025-259N,66434,PAY,+,US,2025-11-11,AFETR,,94.27,43.00,484,482,,,EA,ORB
STARLINK-35502,2025-259P,66435,PAY,+,US,2025-11-11,AFETR,,94.27,43.00,484,482,,,EA,ORB
STARLINK-35501,2025-259Q,66436,PAY,+,US,2025-11-11,AFETR,,94.27,43.01,484,482,,,EA,ORB
STARLINK-35474,2025-259R,66437,PAY,+,US,2025-11-11,AFETR,,94.26,43.00,484,482,,,EA,ORB
STARLINK-34681,2025-259S,66438,PAY,+,US,2025-11-11,AFETR,,94.27,43.00,485,481,,,EA,ORB
STARLINK-35327,2025-259T,66439,PAY,+,US,2025-11-11,AFETR,,94.27,43.00,484,482,,,EA,ORB
STARLINK-35405,2025-259U,66440,PAY,+,US,2025-11-11,AFETR,,94.27,43.00,485,481,,,EA,ORB
STARLINK-35426,2025-259V,66441,PAY,+,US,2025-11-11,AFETR,,94.27,43.00,484,482,,,EA,ORB
STARLINK-34724,2025-259W,66442,PAY,+,US,2025-11-11,AFETR,,94.27,43.00,485,481,,,EA,ORB
STARLINK-35219,2025-259X,66443,PAY,+,US,2025-11-11,AFETR,,94.27,43.00,484,482,,,EA,ORB
STARLINK-35360,2025-259Y,66444,PAY,+,US,2025-11-11,AFETR,,94.27,43.00,485,481,,,EA,ORB
STARLINK-34698,2025-259Z,66445,PAY,+,US,2025-11-11,AFETR,,94.27,43.00,484,482,,,EA,ORB
STARLINK-34986,2025-259AA,66446,PAY,+,US,2025-11-11,AFETR,,94.27,43.00,490,477,,,EA,ORB
STARLINK-34851,2025-259AB,66447,PAY,+,US,2025-11-11,AFETR,,94.27,43.01,485,481,,,EA,ORB
STARLINK-35355,2025-259AC,66448,PAY,+,US,2025-11-11,AFETR,,94.27,43.00,484,482,,,EA,ORB
STARLINK-34720,2025-259AD,66449,PAY,+,US,2025-11-11,AFETR,,94.27,43.00,484,482,,,EA,ORB
STARLINK-35334,2025-259AE,66450,PAY,+,US,2025-11-11,AFETR,,94.27,43.00,484,482,,,EA,ORB
ESCAPADE BLUE,2025-260A,66451,PAY,+,US,2025-11-13,AFETR,,486100.22,29.58,4082876,185,,,SU,ORB
ESCAPADE GOLD,2025-260B,66452,PAY,+,US,2025-11-13,AFETR,,486100.22,29.58,4082876,185,,,SU,ORB
NEW GLENN R/B,2025-260C,66453,R/B,,US,2025-11-13,AFETR,,486100.22,29.58,4082876,185,,,SU,ORB
VIASAT-3 F2,2025-261A,66454,PAY,+,US,2025-11-14,AFETR,,1436.10,0.05,35789,35784,,,EA,ORB
ATLAS 5 CENTAUR R/B,2025-261B,66455,R/B,,US,2025-11-14,AFETR,,630.86,5.83,23642,12334,,,EA,ORB
STARLINK-35643,2025-262A,66456,PAY,+,US,2025-11-15,AFETR,,94.27,43.00,484,482,,,EA,ORB
STARLINK-35466,2025-262B,66457,PAY,+,US,2025-11-15,AFETR,,94.27,43.00,484,482,,,EA,ORB
STARLINK-35684,2025-262C,66458,PAY,+,US,2025-11-15,AFETR,,94.27,43.00,484,482,,,EA,ORB
STARLINK-35449,2025-262D,66459,PAY,+,US,2025-11-15,AFETR,,94.27,43.00,484,482,,,EA,ORB
STARLINK-35424,2025-262E,66460,PAY,+,US,2025-11-15,AFETR,,94.27,43.00,483,483,,,EA,ORB
STARLINK-35132,2025-262F,66461,PAY,+,US,2025-11-15,AFETR,,94.27,43.00,484,482,,,EA,ORB
STARLINK-35499,2025-262G,66462,PAY,+,US,2025-11-15,AFETR,,94.27,43.00,483,483,,,EA,ORB
STARLINK-35463,2025-262H,66463,PAY,+,US,2025-11-15,AFETR,,94.27,43.00,484,482,,,EA,ORB
STARLINK-35435,2025-262J,66464,PAY,+,US,2025-11-15,AFETR,,94.27,43.00,484,482,,,EA,ORB
STARLINK-35448,2025-262K,66465,PAY,+,US,2025-11-15,AFETR,,94.27,43.00,484,482,,,EA,ORB
STARLINK-35388,2025-262L,66466,PAY,+,US,2025-11-15,AFETR,,94.27,43.00,485,481,,,EA,ORB
STARLINK-35682,2025-262M,66467,PAY,+,US,2025-11-15,AFETR,,94.27,42.99,483,483,,,EA,ORB
STARLINK-35331,2025-262N,66468,PAY,+,US,2025-11-15,AFETR,,94.27,43.00,484,482,,,EA,ORB
STARLINK-35451,2025-262P,66469,PAY,+,US,2025-11-15,AFETR,,94.27,43.00,484,482,,,EA,ORB
STARLINK-35655,2025-262Q,66470,PAY,+,US,2025-11-15,AFETR,,94.27,43.00,484,482,,,EA,ORB
STARLINK-35569,2025-262R,66471,PAY,+,US,2025-11-15,AFETR,,94.27,43.00,484,482,,,EA,ORB
STARLINK-35567,2025-262S,66472,PAY,+,US,2025-11-15,AFETR,,94.27,42.99,483,483,,,EA,ORB
STARLINK-35568,2025-262T,66473,PAY,+,US,2025-11-15,AFETR,,94.27,43.00,484,482,,,EA,ORB
STARLINK-35620,2025-262U,66474,PAY,+,US,2025-11-15,AFETR,,94.27,43.00,484,482,,,EA,ORB
STARLINK-35538,2025-262V,66475,PAY,+,US,2025-11-15,AFETR,,94.27,43.00,484,482,,,EA,ORB
STARLINK-35372,2025-262W,66476,PAY,+,US,2025-11-15,AFETR,,94.27,43.00,484,482,,,EA,ORB
STARLINK-35354,2025-262X,66477,PAY,+,US,2025-11-15,AFETR,,94.27,43.00,484,482,,,EA,ORB
STARLINK-35283,2025-262Y,66478,PAY,+,US,2025-11-15,AFETR,,94.27,43.00,484,482,,,EA,ORB
STARLINK-35581,2025-262Z,66479,PAY,+,US,2025-11-15,AFETR,,94.27,43.00,484,482,,,EA,ORB
STARLINK-35670,2025-262AA,66480,PAY,+,US,2025-11-15,AFETR,,94.27,43.00,484,482,,,EA,ORB
STARLINK-35698,2025-262AB,66481,PAY,+,US,2025-11-15,AFETR,,94.27,43.00,484,482,,,EA,ORB
STARLINK-35648,2025-262AC,66482,PAY,+,US,2025-11-15,AFETR,,94.27,43.00,483,483,,,EA,ORB
STARLINK-35654,2025-262AD,66483,PAY,+,US,2025-11-15,AFETR,,94.27,43.00,483,483,,,EA,ORB
STARLINK-35371,2025-262AE,66484,PAY,+,US,2025-11-15,AFETR,,94.27,43.00,484,482,,,EA,ORB
STARLINK-34774,2025-263A,66485,PAY,+,US,2025-11-15,AFETR,,94.27,43.00,484,482,,,EA,ORB
STARLINK-34844,2025-263B,66486,PAY,+,US,2025-11-15,AFETR,,94.27,43.00,486,480,,,EA,ORB
STARLINK-34733,2025-263C,66487,PAY,+,US,2025-11-15,AFETR,,94.27,43.00,484,482,,,EA,ORB
STARLINK-35515,2025-263D,66488,PAY,+,US,2025-11-15,AFETR,,94.27,43.00,484,482,,,EA,ORB
STARLINK-35696,2025-263E,66489,PAY,+,US,2025-11-15,AFETR,,94.27,43.00,484,482,,,EA,ORB
STARLINK-35693,2025-263F,66490,PAY,+,US,2025-11-15,AFETR,,94.27,43.00,484,482,,,EA,ORB
STARLINK-35663,2025-263G,66491,PAY,+,US,2025-11-15,AFETR,,94.27,43.00,483,483,,,EA,ORB
STARLINK-35673,2025-263H,66492,PAY,+,US,2025-11-15,AFETR,,94.27,43.00,484,482,,,EA,ORB
STARLINK-35597,2025-263J,66493,PAY,+,US,2025-11-15,AFETR,,94.27,43.00,484,482,,,EA,ORB
STARLINK-35689,2025-263K,66494,PAY,+,US,2025-11-15,AFETR,,94.27,43.00,484,482,,,EA,ORB
STARLINK-35832,2025-263L,66495,PAY,+,US,2025-11-15,AFETR,,94.27,43.00,484,482,,,EA,ORB
STARLINK-35909,2025-263M,66496,PAY,+,US,2025-11-15,AFETR,,94.27,43.00,484,482,,,EA,ORB
STARLINK-35899,2025-263N,66497,PAY,+,US,2025-11-15,AFETR,,94.27,43.00,484,482,,,EA,ORB
STARLINK-35907,2025-263P,66498,PAY,+,US,2025-11-15,AFETR,,94.27,43.00,484,482,,,EA,ORB
STARLINK-35816,2025-263Q,66499,PAY,+,US,2025-11-15,AFETR,,94.27,43.00,484,482,,,EA,ORB
STARLINK-35894,2025-263R,66500,PAY,+,US,2025-11-15,AFETR,,94.27,43.00,484,482,,,EA,ORB
STARLINK-35897,2025-263S,66501,PAY,+,US,2025-11-15,AFETR,,94.27,43.00,484,482,,,EA,ORB
STARLINK-35922,2025-263T,66502,PAY,+,US,2025-11-15,AFETR,,94.27,43.00,484,482,,,EA,ORB
STARLINK-35917,2025-263U,66503,PAY,+,US,2025-11-15,AFETR,,94.27,43.00,484,482,,,EA,ORB
STARLINK-35916,2025-263V,66504,PAY,+,US,2025-11-15,AFETR,,94.27,43.00,484,482,,,EA,ORB
STARLINK-34766,2025-263W,66505,PAY,+,US,2025-11-15,AFETR,,94.27,43.00,484,482,,,EA,ORB
STARLINK-34765,2025-263X,66506,PAY,+,US,2025-11-15,AFETR,,94.27,43.00,484,482,,,EA,ORB
STARLINK-34767,2025-263Y,66507,PAY,+,US,2025-11-15,AFETR,,94.27,43.00,484,482,,,EA,ORB
STARLINK-35608,2025-263Z,66508,PAY,+,US,2025-11-15,AFETR,,94.27,43.00,483,483,,,EA,ORB
STARLINK-35598,2025-263AA,66509,PAY,+,US,2025-11-15,AFETR,,94.27,43.00,484,482,,,EA,ORB
STARLINK-35600,2025-263AB,66510,PAY,+,US,2025-11-15,AFETR,,94.27,43.00,484,482,,,EA,ORB
STARLINK-35444,2025-263AC,66511,PAY,+,US,2025-11-15,AFETR,,94.27,43.00,484,482,,,EA,ORB
STARLINK-35366,2025-263AD,66512,PAY,+,US,2025-11-15,AFETR,,94.27,43.00,484,482,,,EA,ORB
STARLINK-35692,2025-263AE,66513,PAY,+,US,2025-11-15,AFETR,,94.27,43.00,484,482,,,EA,ORB
SENTINEL-6B,2025-264A,66514,PAY,+,ESA,2025-11-17,AFWTR,,112.42,66.04,1344,1332,,,EA,ORB
SZ-21 MODULE,2025-246C,66515,PAY,+,PRC,2025-10-31,JSC,,91.01,41.47,329,319,,,EA,ORB
STARLINK-35924,2025-265A,66516,PAY,+,US,2025-11-19,AFETR,,94.27,43.00,484,482,,,EA,ORB
STARLINK-35937,2025-265B,66517,PAY,+,US,2025-11-19,AFETR,,94.27,43.00,485,482,,,EA,ORB
STARLINK-35962,2025-265C,66518,PAY,+,US,2025-11-19,AFETR,,94.27,43.00,484,482,,,EA,ORB
STARLINK-35931,2025-265D,66519,PAY,+,US,2025-11-19,AFETR,,94.27,43.00,483,483,,,EA,ORB
STARLINK-35952,2025-265E,66520,PAY,+,US,2025-11-19,AFETR,,94.27,43.00,486,480,,,EA,ORB
STARLINK-35915,2025-265F,66521,PAY,+,US,2025-11-19,AFETR,,94.27,43.00,484,482,,,EA,ORB
STARLINK-35946,2025-265G,66522,PAY,+,US,2025-11-19,AFETR,,94.27,43.00,485,481,,,EA,ORB
STARLINK-35969,2025-265H,66523,PAY,+,US,2025-11-19,AFETR,,94.27,43.00,484,482,,,EA,ORB
STARLINK-35687,2025-265J,66524,PAY,+,US,2025-11-19,AFETR,,94.27,43.00,484,482,,,EA,ORB
STARLINK-35975,2025-265K,66525,PAY,+,US,2025-11-19,AFETR,,94.27,43.00,484,482,,,EA,ORB
STARLINK-35932,2025-265L,66526,PAY,+,US,2025-11-19,AFETR,,94.27,43.00,484,482,,,EA,ORB
STARLINK-35935,2025-265M,66527,PAY,+,US,2025-11-19,AFETR,,94.27,43.00,484,482,,,EA,ORB
STARLINK-35928,2025-265N,66528,PAY,+,US,2025-11-19,AFETR,,94.27,43.01,485,482,,,EA,ORB
STARLINK-35933,2025-265P,66529,PAY,+,US,2025-11-19,AFETR,,94.27,43.00,484,482,,,EA,ORB
STARLINK-35961,2025-265Q,66530,PAY,+,US,2025-11-19,AFETR,,94.27,43.00,484,482,,,EA,ORB
STARLINK-35960,2025-265R,66531,PAY,+,US,2025-11-19,AFETR,,94.27,43.00,484,482,,,EA,ORB
STARLINK-35914,2025-265S,66532,PAY,+,US,2025-11-19,AFETR,,94.27,43.00,485,481,,,EA,ORB
STARLINK-35707,2025-265T,66533,PAY,+,US,2025-11-19,AFETR,,94.27,43.00,484,482,,,EA,ORB
STARLINK-35976,2025-265U,66534,PAY,+,US,2025-11-19,AFETR,,94.27,43.00,484,482,,,EA,ORB
STARLINK-35514,2025-265V,66535,PAY,+,US,2025-11-19,AFETR,,94.27,43.00,484,482,,,EA,ORB
STARLINK-35640,2025-265W,66536,PAY,+,US,2025-11-19,AFETR,,94.27,43.00,484,482,,,EA,ORB
STARLINK-35582,2025-265X,66537,PAY,+,US,2025-11-19,AFETR,,94.27,43.01,484,482,,,EA,ORB
STARLINK-35577,2025-265Y,66538,PAY,+,US,2025-11-19,AFETR,,94.27,43.00,484,482,,,EA,ORB
STARLINK-35697,2025-265Z,66539,PAY,+,US,2025-11-19,AFETR,,94.27,43.00,484,482,,,EA,ORB
STARLINK-35818,2025-265AA,66540,PAY,+,US,2025-11-19,AFETR,,94.27,43.00,484,482,,,EA,ORB
STARLINK-35796,2025-265AB,66541,PAY,+,US,2025-11-19,AFETR,,94.27,43.00,484,482,,,EA,ORB
STARLINK-35833,2025-265AC,66542,PAY,+,US,2025-11-19,AFETR,,94.27,43.00,484,482,,,EA,ORB
STARLINK-35315,2025-265AD,66543,PAY,+,US,2025-11-19,AFETR,,94.27,43.00,484,482,,,EA,ORB
STARLINK-35728,2025-265AE,66544,PAY,+,US,2025-11-19,AFETR,,94.27,43.00,484,482,,,EA,ORB
SHIJIAN-30A (SJ-30A),2025-266A,66545,PAY,+,PRC,2025-11-19,JSC,,95.01,51.80,524,514,,,EA,ORB
SHIJIAN-30B (SJ-30B),2025-266B,66546,PAY,+,PRC,2025-11-19,JSC,,95.02,51.79,524,514,,,EA,ORB
SHIJIAN-30C (SJ-30C),2025-266C,66547,PAY,+,PRC,2025-11-19,JSC,,95.02,51.80,524,514,,,EA,ORB
CZ-2C R/B,2025-266D,66548,R/B,,PRC,2025-11-19,JSC,,93.70,52.05,505,406,,,EA,ORB
SHIJIAN-28 (SJ-28),2025-277A,66549,PAY,+,PRC,2025-11-30,WSC,,1436.13,4.37,35792,35783,,,EA,ORB
CZ-7A R/B,2025-277B,66550,R/B,D,PRC,2025-11-30,WSC,2026-01-25,109.94,14.29,2395,53,,,EA,IMP
YZ-1 R/B,2025-196C,66553,R/B,,PRC,2025-09-05,XICLF,,1468.08,28.77,36818,36002,,,EA,ORB
GLOBAL-33,2025-267A,66554,PAY,+,US,2025-11-20,RLLB,,93.63,42.02,459,445,,,EA,ORB
ELECTRON KICK STAGE R/B,2025-267B,66555,R/B,,US,2025-11-20,RLLB,,93.10,42.02,439,413,,,EA,ORB
ELECTRON R/B,2025-267C,66556,R/B,D,US,2025-11-20,RLLB,2025-11-28,88.31,42.03,237,145,,,EA,IMP
STARLINK-35699,2025-268A,66557,PAY,+,US,2025-11-21,AFETR,,94.27,43.00,484,482,,,EA,ORB
STARLINK-35695,2025-268B,66558,PAY,+,US,2025-11-21,AFETR,,94.27,43.00,484,482,,,EA,ORB
STARLINK-35419,2025-268C,66559,PAY,+,US,2025-11-21,AFETR,,94.27,43.00,484,482,,,EA,ORB
STARLINK-35411,2025-268D,66560,PAY,+,US,2025-11-21,AFETR,,94.27,43.00,484,482,,,EA,ORB
STARLINK-35305,2025-268E,66561,PAY,+,US,2025-11-21,AFETR,,94.27,43.00,484,482,,,EA,ORB
STARLINK-35579,2025-268F,66562,PAY,+,US,2025-11-21,AFETR,,94.27,43.00,484,482,,,EA,ORB
STARLINK-35437,2025-268G,66563,PAY,+,US,2025-11-21,AFETR,,94.27,43.00,484,482,,,EA,ORB
STARLINK-35358,2025-268H,66564,PAY,+,US,2025-11-21,AFETR,,94.27,43.00,484,482,,,EA,ORB
STARLINK-35893,2025-268J,66565,PAY,+,US,2025-11-21,AFETR,,94.27,43.00,484,482,,,EA,ORB
STARLINK-35871,2025-268K,66566,PAY,+,US,2025-11-21,AFETR,,94.27,43.00,484,482,,,EA,ORB
STARLINK-35825,2025-268L,66567,PAY,+,US,2025-11-21,AFETR,,94.27,43.00,484,482,,,EA,ORB
STARLINK-35803,2025-268M,66568,PAY,+,US,2025-11-21,AFETR,,94.26,43.00,484,482,,,EA,ORB
STARLINK-35835,2025-268N,66569,PAY,+,US,2025-11-21,AFETR,,94.27,43.00,484,482,,,EA,ORB
STARLINK-35834,2025-268P,66570,PAY,+,US,2025-11-21,AFETR,,94.27,43.00,484,482,,,EA,ORB
STARLINK-35836,2025-268Q,66571,PAY,+,US,2025-11-21,AFETR,,94.27,43.00,484,482,,,EA,ORB
STARLINK-35870,2025-268R,66572,PAY,+,US,2025-11-21,AFETR,,94.27,43.00,484,482,,,EA,ORB
STARLINK-35650,2025-268S,66573,PAY,+,US,2025-11-21,AFETR,,94.27,43.00,484,482,,,EA,ORB
STARLINK-35812,2025-268T,66574,PAY,+,US,2025-11-21,AFETR,,94.27,43.00,484,482,,,EA,ORB
STARLINK-35810,2025-268U,66575,PAY,+,US,2025-11-21,AFETR,,94.27,43.00,484,482,,,EA,ORB
STARLINK-35814,2025-268V,66576,PAY,+,US,2025-11-21,AFETR,,94.27,43.00,484,482,,,EA,ORB
STARLINK-35815,2025-268W,66577,PAY,+,US,2025-11-21,AFETR,,94.27,43.00,484,482,,,EA,ORB
STARLINK-35743,2025-268X,66578,PAY,+,US,2025-11-21,AFETR,,94.27,43.00,484,482,,,EA,ORB
STARLINK-35868,2025-268Y,66579,PAY,+,US,2025-11-21,AFETR,,94.27,43.00,484,482,,,EA,ORB
STARLINK-35872,2025-268Z,66580,PAY,+,US,2025-11-21,AFETR,,94.26,43.00,484,482,,,EA,ORB
STARLINK-35744,2025-268AA,66581,PAY,+,US,2025-11-21,AFETR,,94.27,43.00,484,482,,,EA,ORB
STARLINK-35746,2025-268AB,66582,PAY,+,US,2025-11-21,AFETR,,94.27,43.00,484,482,,,EA,ORB
STARLINK-35941,2025-268AC,66583,PAY,+,US,2025-11-21,AFETR,,94.27,43.00,484,482,,,EA,ORB
STARLINK-35939,2025-268AD,66584,PAY,+,US,2025-11-21,AFETR,,94.27,43.00,486,480,,,EA,ORB
STARLINK-35963,2025-268AE,66585,PAY,+,US,2025-11-21,AFETR,,94.27,43.00,484,482,,,EA,ORB
TJS-21,2025-269A,66586,PAY,+,PRC,2025-11-21,XICLF,,717.73,63.33,38319,2034,,,EA,ORB
CZ-3B R/B,2025-269B,66587,R/B,D,PRC,2025-11-21,XICLF,2026-02-10,479.66,51.28,27731,108,,,EA,IMP
STARLINK-36076,2025-270A,66588,PAY,+,US,2025-11-22,AFETR,,94.27,43.00,484,482,,,EA,ORB
STARLINK-35447,2025-270B,66589,PAY,+,US,2025-11-22,AFETR,,94.27,43.00,484,482,,,EA,ORB
STARLINK-35429,2025-270C,66590,PAY,+,US,2025-11-22,AFETR,,94.27,42.99,483,483,,,EA,ORB
STARLINK-36058,2025-270D,66591,PAY,+,US,2025-11-22,AFETR,,94.26,43.00,484,482,,,EA,ORB
STARLINK-36066,2025-270E,66592,PAY,+,US,2025-11-22,AFETR,,94.27,43.00,484,482,,,EA,ORB
STARLINK-36031,2025-270F,66593,PAY,+,US,2025-11-22,AFETR,,94.27,43.00,484,482,,,EA,ORB
STARLINK-36032,2025-270G,66594,PAY,+,US,2025-11-22,AFETR,,94.27,43.00,484,482,,,EA,ORB
STARLINK-35711,2025-270H,66595,PAY,+,US,2025-11-22,AFETR,,94.27,43.00,484,482,,,EA,ORB
STARLINK-35811,2025-270J,66596,PAY,+,US,2025-11-22,AFETR,,94.27,43.00,484,482,,,EA,ORB
STARLINK-35820,2025-270K,66597,PAY,+,US,2025-11-22,AFETR,,94.27,43.00,484,482,,,EA,ORB
STARLINK-35981,2025-270L,66598,PAY,+,US,2025-11-22,AFETR,,94.27,43.00,484,482,,,EA,ORB
STARLINK-35930,2025-270M,66599,PAY,+,US,2025-11-22,AFETR,,94.27,43.00,484,482,,,EA,ORB
STARLINK-35980,2025-270N,66600,PAY,+,US,2025-11-22,AFETR,,94.27,43.00,484,482,,,EA,ORB
STARLINK-35978,2025-270P,66601,PAY,+,US,2025-11-22,AFETR,,94.27,43.00,484,482,,,EA,ORB
STARLINK-36050,2025-270Q,66602,PAY,+,US,2025-11-22,AFETR,,94.27,43.00,484,482,,,EA,ORB
STARLINK-36048,2025-270R,66603,PAY,+,US,2025-11-22,AFETR,,94.27,43.00,484,482,,,EA,ORB
STARLINK-35977,2025-270S,66604,PAY,+,US,2025-11-22,AFETR,,94.27,43.00,483,483,,,EA,ORB
STARLINK-36052,2025-270T,66605,PAY,+,US,2025-11-22,AFETR,,94.27,43.00,484,482,,,EA,ORB
STARLINK-36063,2025-270U,66606,PAY,+,US,2025-11-22,AFETR,,94.27,43.00,484,482,,,EA,ORB
STARLINK-35993,2025-270V,66607,PAY,+,US,2025-11-22,AFETR,,94.27,43.00,484,482,,,EA,ORB
STARLINK-36036,2025-270W,66608,PAY,+,US,2025-11-22,AFETR,,94.27,43.00,484,482,,,EA,ORB
STARLINK-36034,2025-270X,66609,PAY,+,US,2025-11-22,AFETR,,94.27,43.00,484,483,,,EA,ORB
STARLINK-35680,2025-270Y,66610,PAY,+,US,2025-11-22,AFETR,,94.27,43.00,484,482,,,EA,ORB
STARLINK-35583,2025-270Z,66611,PAY,+,US,2025-11-22,AFETR,,94.27,43.00,484,482,,,EA,ORB
STARLINK-36039,2025-270AA,66612,PAY,+,US,2025-11-22,AFETR,,94.27,43.00,484,482,,,EA,ORB
STARLINK-36037,2025-270AB,66613,PAY,+,US,2025-11-22,AFETR,,94.26,43.00,484,482,,,EA,ORB
STARLINK-36040,2025-270AC,66614,PAY,+,US,2025-11-22,AFETR,,94.27,43.00,484,482,,,EA,ORB
STARLINK-35988,2025-270AD,66615,PAY,+,US,2025-11-22,AFETR,,94.27,43.00,484,482,,,EA,ORB
STARLINK-35391,2025-270AE,66616,PAY,+,US,2025-11-22,AFETR,,94.27,43.00,484,482,,,EA,ORB
STARLINK-35940,2025-271A,66617,PAY,+,US,2025-11-23,AFWTR,,93.85,53.16,463,462,,,EA,ORB
STARLINK-35970,2025-271B,66618,PAY,+,US,2025-11-23,AFWTR,,93.85,53.16,464,462,,,EA,ORB
STARLINK-35951,2025-271C,66619,PAY,+,US,2025-11-23,AFWTR,,93.85,53.16,463,462,,,EA,ORB
STARLINK-35936,2025-271D,66620,PAY,+,US,2025-11-23,AFWTR,,93.85,53.16,464,462,,,EA,ORB
STARLINK-35847,2025-271E,66621,PAY,+,US,2025-11-23,AFWTR,,93.85,53.16,464,462,,,EA,ORB
STARLINK-35950,2025-271F,66622,PAY,+,US,2025-11-23,AFWTR,,93.85,53.16,464,462,,,EA,ORB
STARLINK-35920,2025-271G,66623,PAY,+,US,2025-11-23,AFWTR,,93.85,53.16,463,462,,,EA,ORB
STARLINK-35927,2025-271H,66624,PAY,+,US,2025-11-23,AFWTR,,93.85,53.16,463,462,,,EA,ORB
STARLINK-35929,2025-271J,66625,PAY,+,US,2025-11-23,AFWTR,,93.85,53.16,464,462,,,EA,ORB
STARLINK-35902,2025-271K,66626,PAY,+,US,2025-11-23,AFWTR,,93.85,53.16,464,462,,,EA,ORB
STARLINK-35904,2025-271L,66627,PAY,+,US,2025-11-23,AFWTR,,93.85,53.16,464,462,,,EA,ORB
STARLINK-35862,2025-271M,66628,PAY,+,US,2025-11-23,AFWTR,,93.85,53.16,463,462,,,EA,ORB
STARLINK-35956,2025-271N,66629,PAY,D,US,2025-11-23,AFWTR,2026-01-17,88.38,53.12,198,190,,,EA,IMP
STARLINK-35949,2025-271P,66630,PAY,+,US,2025-11-23,AFWTR,,93.85,53.16,464,462,,,EA,ORB
STARLINK-35965,2025-271Q,66631,PAY,+,US,2025-11-23,AFWTR,,93.85,53.16,464,461,,,EA,ORB
STARLINK-35973,2025-271R,66632,PAY,+,US,2025-11-23,AFWTR,,93.85,53.16,464,462,,,EA,ORB
STARLINK-35948,2025-271S,66633,PAY,+,US,2025-11-23,AFWTR,,93.85,53.16,464,462,,,EA,ORB
STARLINK-35967,2025-271T,66634,PAY,+,US,2025-11-23,AFWTR,,93.85,53.16,464,462,,,EA,ORB
STARLINK-35955,2025-271U,66635,PAY,+,US,2025-11-23,AFWTR,,93.85,53.16,464,462,,,EA,ORB
STARLINK-35968,2025-271V,66636,PAY,+,US,2025-11-23,AFWTR,,93.85,53.16,464,462,,,EA,ORB
STARLINK-35953,2025-271W,66637,PAY,+,US,2025-11-23,AFWTR,,93.85,53.16,464,462,,,EA,ORB
STARLINK-35972,2025-271X,66638,PAY,+,US,2025-11-23,AFWTR,,93.85,53.16,463,462,,,EA,ORB
STARLINK-35908,2025-271Y,66639,PAY,+,US,2025-11-23,AFWTR,,93.85,53.16,464,462,,,EA,ORB
STARLINK-35921,2025-271Z,66640,PAY,+,US,2025-11-23,AFWTR,,93.85,53.16,464,462,,,EA,ORB
STARLINK-35923,2025-271AA,66641,PAY,+,US,2025-11-23,AFWTR,,93.85,53.16,464,462,,,EA,ORB
STARLINK-35926,2025-271AB,66642,PAY,+,US,2025-11-23,AFWTR,,93.85,53.16,463,462,,,EA,ORB
STARLINK-35918,2025-271AC,66643,PAY,+,US,2025-11-23,AFWTR,,93.85,53.16,463,462,,,EA,ORB
STARLINK-35938,2025-271AD,66644,PAY,+,US,2025-11-23,AFWTR,,93.85,53.16,464,462,,,EA,ORB
SHENZHOU-22 (SZ-22),2025-272A,66645,PAY,D,PRC,2025-11-25,JSC,2026-05-29,92.30,41.47,395,380,,,EA,LAN
CZ-2F R/B,2025-272B,66646,R/B,D,PRC,2025-11-25,JSC,2025-12-07,87.41,41.45,160,132,,,EA,IMP
COSMOS 2597 (RODNIK-S 22),2025-273A,66647,PAY,+,CIS,2025-11-25,PLMSC,,115.86,82.50,1505,1484,,,EA,ORB
COSMOS 2598 (RODNIK-S 23),2025-273B,66648,PAY,+,CIS,2025-11-25,PLMSC,,115.86,82.51,1504,1485,,,EA,ORB
COSMOS 2599 (RODNIK-S 24),2025-273C,66649,PAY,+,CIS,2025-11-25,PLMSC,,115.86,82.50,1508,1481,,,EA,ORB
BEE-1000,2025-274A,66650,PAY,+,SKOR,2025-11-26,NSC,,96.44,97.75,597,579,,,EA,ORB
OBJECT B,2025-274B,66651,PAY,+,SKOR,2025-11-26,NSC,,96.42,97.75,596,578,,,EA,ORB
OBJECT C,2025-274C,66652,PAY,+,SKOR,2025-11-26,NSC,,96.43,97.75,596,579,,,EA,ORB
OBJECT D,2025-274D,66653,PAY,+,SKOR,2025-11-26,NSC,,96.45,97.75,598,579,,,EA,ORB
JACK E,2025-274E,66654,PAY,+,SKOR,2025-11-26,NSC,,96.43,97.75,597,578,,,EA,ORB
CAS500-3,2025-274F,66655,PAY,+,SKOR,2025-11-26,NSC,,96.76,97.74,607,600,,,EA,ORB
OBJECT G,2025-274G,66656,PAY,+,SKOR,2025-11-26,NSC,,96.41,97.75,597,577,,,EA,ORB
SPIRONE,2025-274H,66657,PAY,+,SKOR,2025-11-26,NSC,,96.40,97.75,595,577,,,EA,ORB
COSMIC,2025-274J,66658,PAY,+,SKOR,2025-11-26,NSC,,96.34,97.75,593,574,,,EA,ORB
JACK K,2025-274K,66659,PAY,+,SKOR,2025-11-26,NSC,,96.38,97.75,595,576,,,EA,ORB
K-HERO,2025-274L,66660,PAY,+,SKOR,2025-11-26,NSC,,96.37,97.75,595,575,,,EA,ORB
SNUGLITE-III,2025-274M,66661,PAY,+,SKOR,2025-11-26,NSC,,96.37,97.75,595,574,,,EA,ORB
E3T-1 (E3TESTER-1),2025-274N,66662,PAY,+,SKOR,2025-11-26,NSC,,96.36,97.75,595,574,,,EA,ORB
KSLV-II R/B,2025-274P,66663,R/B,,SKOR,2025-11-26,NSC,,96.08,97.75,614,528,,,EA,ORB
SOYUZ-MS 28,2025-275A,66664,PAY,D,CIS,2025-11-27,TYMSC,2026-07-26,92.93,51.63,423,413,,,EA,LAN
SL-4 R/B,2025-275B,66665,R/B,D,CIS,2025-11-27,TYMSC,2025-11-29,87.64,51.65,161,155,,,EA,IMP
FORMOSAT-8A,2025-276A,66666,PAY,+,ROC,2025-11-28,AFWTR,,95.94,97.65,569,558,,,EA,ORB
PELICAN-5,2025-276B,66667,PAY,+,US,2025-11-28,AFWTR,,93.83,97.41,462,461,,,EA,ORB
SARI-1,2025-276C,66668,PAY,+,SAUD,2025-11-28,AFWTR,,94.04,97.40,477,467,,,EA,ORB
SARI-2,2025-276D,66669,PAY,+,SAUD,2025-11-28,AFWTR,,94.08,97.40,480,469,,,EA,ORB
HUNITY,2025-276E,66670,PAY,+,HUN,2025-11-28,AFWTR,,94.11,97.40,481,470,,,EA,ORB
ANISCSAT-1,2025-276F,66671,PAY,+,AZER,2025-11-28,AFWTR,,94.57,97.42,502,493,,,EA,ORB
BRO-17,2025-276G,66672,PAY,+,FR,2025-11-28,AFWTR,,94.84,97.41,516,505,,,EA,ORB
TRANSPORTER-15 OBJECT H,2025-276H,66673,PAY,+,TBD,2025-11-28,AFWTR,,94.46,97.41,498,487,,,EA,ORB
BRO-20,2025-276J,66674,PAY,+,FR,2025-11-28,AFWTR,,94.83,97.41,516,505,,,EA,ORB
VEERY-0G,2025-276K,66675,PAY,+,US,2025-11-28,AFWTR,,94.62,97.41,505,495,,,EA,ORB
TRANSPORTER-15 OBJECT L,2025-276L,66676,PAY,+,TBD,2025-11-28,AFWTR,,94.76,97.41,512,502,,,EA,ORB
AE5RC,2025-276M,66677,PAY,+,JPN,2025-11-28,AFWTR,,94.47,97.41,497,489,,,EA,ORB
OTTER SDM,2025-276N,66678,PAY,+,GER,2025-11-28,AFWTR,,94.71,97.42,509,500,,,EA,ORB
LILIUM-2,2025-276P,66679,PAY,+,ROC,2025-11-28,AFWTR,,94.85,97.41,516,506,,,EA,ORB
LEMUR-2-DEANANDMAEVE,2025-276Q,66680,PAY,+,US,2025-11-28,AFWTR,,94.75,97.42,512,501,,,EA,ORB
TRANSPORTER-15 OBJECT R,2025-276R,66681,PAY,+,TBD,2025-11-28,AFWTR,,94.38,97.41,493,484,,,EA,ORB
ION SCV-022,2025-276S,66682,PAY,+,IT,2025-11-28,AFWTR,,96.13,97.52,576,570,,,EA,ORB
6GSTARLAB,2025-276T,66683,PAY,+,SPN,2025-11-28,AFWTR,,94.82,97.42,515,505,,,EA,ORB
MICE-1,2025-276U,66684,PAY,+,GREC,2025-11-28,AFWTR,,94.76,97.42,512,502,,,EA,ORB
AE5RA,2025-276V,66685,PAY,+,JPN,2025-11-28,AFWTR,,94.47,97.42,497,489,,,EA,ORB
LEMUR-2-STAS-GORBUK,2025-276W,66686,PAY,+,US,2025-11-28,AFWTR,,94.74,97.42,511,501,,,EA,ORB
LEO EXPRESS 3,2025-276X,66687,PAY,+,US,2025-11-28,AFWTR,,94.60,97.42,500,498,,,EA,ORB
WISDOM A,2025-276Y,66688,PAY,+,HUN,2025-11-28,AFWTR,,94.74,97.42,511,502,,,EA,ORB
AC1-003,2025-276Z,66689,PAY,+,UK,2025-11-28,AFWTR,,94.83,97.42,513,508,,,EA,ORB
TRANSPORTER-15 OBJECT AA,2025-276AA,66690,PAY,+,TBD,2025-11-28,AFWTR,,94.77,97.41,512,503,,,EA,ORB
TRANSPORTER-15 OBJECT AB,2025-276AB,66691,PAY,+,TBD,2025-11-28,AFWTR,,94.62,97.42,504,496,,,EA,ORB
NUSAT-52,2025-276AC,66692,PAY,+,ARGN,2025-11-28,AFWTR,,94.72,97.42,508,502,,,EA,ORB
AE5RB,2025-276AD,66693,PAY,+,JPN,2025-11-28,AFWTR,,94.47,97.41,497,489,,,EA,ORB
YAM-9,2025-276AE,66694,PAY,+,US,2025-11-28,AFWTR,,95.02,97.42,527,512,,,EA,ORB
IRIDE FM1,2025-276AF,66695,PAY,+,IT,2025-11-28,AFWTR,,94.64,97.42,503,499,,,EA,ORB
IRIDE FM2,2025-276AG,66696,PAY,+,IT,2025-11-28,AFWTR,,94.66,97.41,506,499,,,EA,ORB
IRIDE FM3,2025-276AH,66697,PAY,+,IT,2025-11-28,AFWTR,,94.64,97.41,503,499,,,EA,ORB
IRIDE FM4,2025-276AJ,66698,PAY,+,IT,2025-11-28,AFWTR,,94.71,97.41,509,501,,,EA,ORB
IRIDE FM5,2025-276AK,66699,PAY,+,IT,2025-11-28,AFWTR,,94.68,97.42,507,499,,,EA,ORB
IRIDE FM6,2025-276AL,66700,PAY,+,IT,2025-11-28,AFWTR,,94.62,97.42,503,498,,,EA,ORB
IRIDE FM7,2025-276AM,66701,PAY,+,IT,2025-11-28,AFWTR,,94.68,97.42,507,499,,,EA,ORB
IRIDE FM8,2025-276AN,66702,PAY,+,IT,2025-11-28,AFWTR,,94.69,97.41,507,500,,,EA,ORB
PELICAN-6,2025-276AP,66703,PAY,+,US,2025-11-28,AFWTR,,93.92,97.36,467,466,,,EA,ORB
FLOCK 4H-1,2025-276AQ,66704,PAY,+,US,2025-11-28,AFWTR,,94.66,97.41,505,500,,,EA,ORB
FLOCK 4H-2,2025-276AR,66705,PAY,+,US,2025-11-28,AFWTR,,94.64,97.41,503,499,,,EA,ORB
FLOCK 4H-3,2025-276AS,66706,PAY,P,US,2025-11-28,AFWTR,,94.70,97.42,508,500,,,EA,ORB
FLOCK 4H-4,2025-276AT,66707,PAY,+,US,2025-11-28,AFWTR,,94.71,97.42,509,500,,,EA,ORB
FLOCK 4H-5,2025-276AU,66708,PAY,+,US,2025-11-28,AFWTR,,94.66,97.41,504,500,,,EA,ORB
FLOCK 4H-6,2025-276AV,66709,PAY,+,US,2025-11-28,AFWTR,,94.68,97.42,506,499,,,EA,ORB
FLOCK 4H-7,2025-276AW,66710,PAY,+,US,2025-11-28,AFWTR,,94.69,97.41,506,501,,,EA,ORB
FLOCK 4H-8,2025-276AX,66711,PAY,+,US,2025-11-28,AFWTR,,94.68,97.42,506,500,,,EA,ORB
FLOCK 4H-9,2025-276AY,66712,PAY,P,US,2025-11-28,AFWTR,,94.66,97.42,506,499,,,EA,ORB
FLOCK 4H-10,2025-276AZ,66713,PAY,+,US,2025-11-28,AFWTR,,94.70,97.41,508,500,,,EA,ORB
FLOCK 4H-11,2025-276BA,66714,PAY,P,US,2025-11-28,AFWTR,,94.48,97.42,496,490,,,EA,ORB
FLOCK 4H-12,2025-276BB,66715,PAY,P,US,2025-11-28,AFWTR,,94.66,97.41,505,499,,,EA,ORB
FLOCK 4H-13,2025-276BC,66716,PAY,P,US,2025-11-28,AFWTR,,94.66,97.42,504,500,,,EA,ORB
FLOCK 4H-14,2025-276BD,66717,PAY,+,US,2025-11-28,AFWTR,,94.63,97.42,502,499,,,EA,ORB
FLOCK 4H-15,2025-276BE,66718,PAY,+,US,2025-11-28,AFWTR,,94.71,97.42,508,501,,,EA,ORB
FLOCK 4H-16,2025-276BF,66719,PAY,+,US,2025-11-28,AFWTR,,94.70,97.42,508,500,,,EA,ORB
FLOCK 4H-17,2025-276BG,66720,PAY,-,US,2025-11-28,AFWTR,,94.46,97.42,496,489,,,EA,ORB
FLOCK 4H-18,2025-276BH,66721,PAY,+,US,2025-11-28,AFWTR,,94.71,97.41,508,501,,,EA,ORB
FLOCK 4H-19,2025-276BJ,66722,PAY,+,US,2025-11-28,AFWTR,,94.64,97.41,503,499,,,EA,ORB
FLOCK 4H-20,2025-276BK,66723,PAY,P,US,2025-11-28,AFWTR,,94.62,97.42,503,497,,,EA,ORB
FLOCK 4H-21,2025-276BL,66724,PAY,+,US,2025-11-28,AFWTR,,94.65,97.41,504,499,,,EA,ORB
FLOCK 4H-22,2025-276BM,66725,PAY,+,US,2025-11-28,AFWTR,,94.68,97.41,506,500,,,EA,ORB
FLOCK 4H-23,2025-276BN,66726,PAY,+,US,2025-11-28,AFWTR,,94.71,97.42,509,500,,,EA,ORB
FLOCK 4H-24,2025-276BP,66727,PAY,+,US,2025-11-28,AFWTR,,94.70,97.42,508,500,,,EA,ORB
FLOCK 4H-25,2025-276BQ,66728,PAY,+,US,2025-11-28,AFWTR,,94.65,97.41,503,500,,,EA,ORB
FLOCK 4H-26,2025-276BR,66729,PAY,+,US,2025-11-28,AFWTR,,94.72,97.41,509,501,,,EA,ORB
FLOCK 4H-27,2025-276BS,66730,PAY,P,US,2025-11-28,AFWTR,,94.66,97.41,504,501,,,EA,ORB
FLOCK 4H-28,2025-276BT,66731,PAY,-,US,2025-11-28,AFWTR,,94.69,97.41,508,500,,,EA,ORB
FLOCK 4H-29,2025-276BU,66732,PAY,+,US,2025-11-28,AFWTR,,94.71,97.41,508,501,,,EA,ORB
FLOCK 4H-30,2025-276BV,66733,PAY,+,US,2025-11-28,AFWTR,,94.70,97.42,508,500,,,EA,ORB
FLOCK 4H-31,2025-276BW,66734,PAY,+,US,2025-11-28,AFWTR,,94.72,97.41,508,501,,,EA,ORB
FLOCK 4H-32,2025-276BX,66735,PAY,+,US,2025-11-28,AFWTR,,94.71,97.42,509,500,,,EA,ORB
FLOCK 4H-33,2025-276BY,66736,PAY,+,US,2025-11-28,AFWTR,,94.64,97.42,504,499,,,EA,ORB
FLOCK 4H-34,2025-276BZ,66737,PAY,+,US,2025-11-28,AFWTR,,94.66,97.42,505,499,,,EA,ORB
FLOCK 4H-35,2025-276CA,66738,PAY,+,US,2025-11-28,AFWTR,,94.65,97.42,504,499,,,EA,ORB
FLOCK 4H-36,2025-276CB,66739,PAY,+,US,2025-11-28,AFWTR,,94.67,97.42,505,499,,,EA,ORB
NUSAT-51 (YVONNE BRILL),2025-276CC,66740,PAY,+,ARGN,2025-11-28,AFWTR,,94.68,97.42,506,500,,,EA,ORB
BLACK KITE-1,2025-276CD,66741,PAY,+,ROC,2025-11-28,AFWTR,,94.65,97.42,506,497,,,EA,ORB
MERCURY ONE (M1),2025-276CE,66742,PAY,+,US,2025-11-28,AFWTR,,94.73,97.41,508,503,,,EA,ORB
NUSAT-47,2025-276CF,66743,PAY,+,ARGN,2025-11-28,AFWTR,,94.68,97.41,505,501,,,EA,ORB
AC1-001,2025-276CG,66744,PAY,+,UK,2025-11-28,AFWTR,,94.83,97.42,513,507,,,EA,ORB
AC1-002,2025-276CH,66745,PAY,+,UK,2025-11-28,AFWTR,,94.82,97.42,512,507,,,EA,ORB
TRANSPORTER-15 OBJECT CJ,2025-276CJ,66746,PAY,+,TBD,2025-11-28,AFWTR,,94.90,97.44,514,513,,,EA,ORB
W-SERIES 5,2025-276CK,66747,PAY,D,US,2025-11-28,AFWTR,2026-01-29,96.99,97.33,883,346,,,EA,IMP
UMBRA-11,2025-276CL,66748,PAY,+,US,2025-11-28,AFWTR,,94.17,97.42,481,476,,,EA,ORB
PIAST-S1,2025-276CM,66749,PAY,+,POL,2025-11-28,AFWTR,,94.68,97.41,506,500,,,EA,ORB
TRANSPORTER-15 OBJECT CN,2025-276CN,66750,PAY,+,TBD,2025-11-28,AFWTR,,94.72,97.42,507,503,,,EA,ORB
ICEYE-X58,2025-276CP,66751,PAY,+,FIN,2025-11-28,AFWTR,,94.90,97.42,517,510,,,EA,ORB
ICEYE-X59,2025-276CQ,66752,PAY,+,GREC,2025-11-28,AFWTR,,95.94,97.45,565,562,,,EA,ORB
ICEYE-X60,2025-276CR,66753,PAY,+,GREC,2025-11-28,AFWTR,,95.36,97.42,538,533,,,EA,ORB
ICEYE-X61,2025-276CS,66754,PAY,+,FIN,2025-11-28,AFWTR,,94.81,97.42,513,506,,,EA,ORB
ICEYE-X62,2025-276CT,66755,PAY,+,POL,2025-11-28,AFWTR,,95.34,97.42,538,533,,,EA,ORB
MAUVE,2025-276CU,66756,PAY,+,HUN,2025-11-28,AFWTR,,94.65,97.42,504,499,,,EA,ORB
PIAST-S2,2025-276CV,66757,PAY,+,POL,2025-11-28,AFWTR,,94.67,97.42,505,500,,,EA,ORB
PIAST-M,2025-276CW,66758,PAY,+,POL,2025-11-28,AFWTR,,94.69,97.41,505,501,,,EA,ORB
TRANSPORTER-15 OBJECT CX,2025-276CX,66759,PAY,+,TBD,2025-11-28,AFWTR,,94.64,97.41,503,499,,,EA,ORB
TRANSPORTER-15 OBJECT CY,2025-276CY,66760,PAY,+,TBD,2025-11-28,AFWTR,,94.69,97.41,505,502,,,EA,ORB
TRANSPORTER-15 OBJECT CZ,2025-276CZ,66761,PAY,+,TBD,2025-11-28,AFWTR,,94.53,97.41,498,494,,,EA,ORB
HYDROGNSS-1,2025-276DA,66762,PAY,+,ESA,2025-11-28,AFWTR,,95.25,97.42,538,523,,,EA,ORB
HYDROGNSS-2,2025-276DB,66763,PAY,+,ESA,2025-11-28,AFWTR,,95.25,97.42,540,522,,,EA,ORB
NAHLA,2025-276DC,66764,PAY,+,BEL,2025-11-28,AFWTR,,94.79,97.42,511,505,,,EA,ORB
TRANSPORTER-15 OBJECT DD,2025-276DD,66765,PAY,+,TBD,2025-11-28,AFWTR,,94.41,97.42,492,489,,,EA,ORB
T.MICROSAT-1,2025-276DE,66766,PAY,+,ROC,2025-11-28,AFWTR,,94.65,97.41,503,501,,,EA,ORB
ACCENTURE-1,2025-276DF,66767,PAY,+,UK,2025-11-28,AFWTR,,94.71,97.41,506,504,,,EA,ORB
LEMUR-2-TEODOR,2025-276DG,66768,PAY,+,US,2025-11-28,AFWTR,,94.63,97.41,502,500,,,EA,ORB
SPEQTRE,2025-276DH,66769,PAY,+,SING,2025-11-28,AFWTR,,94.68,97.42,504,501,,,EA,ORB
LILIUM-3,2025-276DJ,66770,PAY,+,ROC,2025-11-28,AFWTR,,94.75,97.42,509,504,,,EA,ORB
GYEONGGISAT-1,2025-276DK,66771,PAY,+,SKOR,2025-11-28,AFWTR,,94.65,97.42,503,500,,,EA,ORB
IHI-SAT2,2025-276DL,66772,PAY,+,JPN,2025-11-28,AFWTR,,94.60,97.42,501,498,,,EA,ORB
TRANSPORTER-15 OBJECT DM,2025-276DM,66773,PAY,+,TBD,2025-11-28,AFWTR,,94.67,97.42,504,501,,,EA,ORB
GENA-OT,2025-276DN,66774,PAY,+,GER,2025-11-28,AFWTR,,94.63,97.42,502,499,,,EA,ORB
PHI 1,2025-276DP,66775,PAY,+,TBD,2025-11-28,AFWTR,,94.61,97.41,500,500,,,EA,ORB
LEMUR-2-LAILA,2025-276DQ,66776,PAY,+,US,2025-11-28,AFWTR,,94.62,97.41,501,499,,,EA,ORB
LUNA-1,2025-276DR,66777,PAY,+,TURK,2025-11-28,AFWTR,,94.50,97.42,496,493,,,EA,ORB
FORESAIL-1 PRIME,2025-276DS,66778,PAY,+,FIN,2025-11-28,AFWTR,,94.79,97.42,509,507,,,EA,ORB
FOSSASAT-2E22,2025-276DU,66779,PAY,+,SPN,2025-11-28,AFWTR,,94.79,97.41,511,506,,,EA,ORB
FOSSASAT-2E24,2025-276DV,66780,PAY,+,SPN,2025-11-28,AFWTR,,94.78,97.41,510,506,,,EA,ORB
LEMUR-2-CELIJO-SB-PK,2025-276DW,66781,PAY,+,US,2025-11-28,AFWTR,,95.96,97.52,567,562,,,EA,ORB
LEMUR-2-FINNIAN,2025-276DX,66782,PAY,+,US,2025-11-28,AFWTR,,95.95,97.53,570,558,,,EA,ORB
LEMUR-2-STARLIGHT,2025-276DY,66783,PAY,+,US,2025-11-28,AFWTR,,96.02,97.52,578,558,,,EA,ORB
LEMUR-2-TARTIFLETTE,2025-276DZ,66784,PAY,+,US,2025-11-28,AFWTR,,96.02,97.52,577,559,,,EA,ORB
LEMUR-2-VUKASIN,2025-276EA,66785,PAY,+,US,2025-11-28,AFWTR,,95.95,97.51,567,562,,,EA,ORB
LEMUR-2-HOTSPUR-TOM,2025-276EB,66786,PAY,+,US,2025-11-28,AFWTR,,96.03,97.52,577,559,,,EA,ORB
LEMUR-2-MYRA,2025-276EC,66787,PAY,+,US,2025-11-28,AFWTR,,95.95,97.53,576,553,,,EA,ORB
FOSSASA-2E23,2025-276ED,66788,PAY,+,SPN,2025-11-28,AFWTR,,94.58,97.42,501,495,,,EA,ORB
STARLINK-35867,2025-278A,66791,PAY,+,US,2025-12-01,AFETR,,94.27,43.00,484,482,,,EA,ORB
STARLINK-35990,2025-278B,66792,PAY,+,US,2025-12-01,AFETR,,94.27,43.00,484,482,,,EA,ORB
STARLINK-36051,2025-278C,66793,PAY,+,US,2025-12-01,AFETR,,94.27,43.00,484,482,,,EA,ORB
STARLINK-36062,2025-278D,66794,PAY,+,US,2025-12-01,AFETR,,94.27,43.00,484,482,,,EA,ORB
STARLINK-36047,2025-278E,66795,PAY,+,US,2025-12-01,AFETR,,94.27,43.00,484,482,,,EA,ORB
STARLINK-35964,2025-278F,66796,PAY,+,US,2025-12-01,AFETR,,94.27,43.00,484,482,,,EA,ORB
STARLINK-36099,2025-278G,66797,PAY,+,US,2025-12-01,AFETR,,94.27,43.00,484,482,,,EA,ORB
STARLINK-36041,2025-278H,66798,PAY,+,US,2025-12-01,AFETR,,94.27,43.00,484,482,,,EA,ORB
STARLINK-36044,2025-278J,66799,PAY,+,US,2025-12-01,AFETR,,94.27,43.01,485,481,,,EA,ORB
STARLINK-35996,2025-278K,66800,PAY,+,US,2025-12-01,AFETR,,94.27,43.00,484,482,,,EA,ORB
STARLINK-36080,2025-278L,66801,PAY,+,US,2025-12-01,AFETR,,94.27,43.00,484,482,,,EA,ORB
STARLINK-35604,2025-278M,66802,PAY,+,US,2025-12-01,AFETR,,94.27,43.00,484,483,,,EA,ORB
STARLINK-35565,2025-278N,66803,PAY,+,US,2025-12-01,AFETR,,94.27,43.00,484,482,,,EA,ORB
STARLINK-36038,2025-278P,66804,PAY,+,US,2025-12-01,AFETR,,94.27,43.00,484,482,,,EA,ORB
STARLINK-36049,2025-278Q,66805,PAY,+,US,2025-12-01,AFETR,,94.27,43.00,484,482,,,EA,ORB
STARLINK-36069,2025-278R,66806,PAY,+,US,2025-12-01,AFETR,,94.27,43.00,484,482,,,EA,ORB
STARLINK-36000,2025-278S,66807,PAY,+,US,2025-12-01,AFETR,,94.27,43.00,484,482,,,EA,ORB
STARLINK-36071,2025-278T,66808,PAY,+,US,2025-12-01,AFETR,,94.27,43.00,484,482,,,EA,ORB
STARLINK-35979,2025-278U,66809,PAY,+,US,2025-12-01,AFETR,,94.27,43.00,484,482,,,EA,ORB
STARLINK-36046,2025-278V,66810,PAY,+,US,2025-12-01,AFETR,,94.27,43.00,484,482,,,EA,ORB
STARLINK-36045,2025-278W,66811,PAY,+,US,2025-12-01,AFETR,,94.27,43.00,484,482,,,EA,ORB
STARLINK-36054,2025-278X,66812,PAY,+,US,2025-12-01,AFETR,,94.27,43.00,484,482,,,EA,ORB
STARLINK-36042,2025-278Y,66813,PAY,+,US,2025-12-01,AFETR,,94.27,43.00,484,482,,,EA,ORB
STARLINK-35984,2025-278Z,66814,PAY,+,US,2025-12-01,AFETR,,94.27,43.00,484,482,,,EA,ORB
STARLINK-35985,2025-278AA,66815,PAY,+,US,2025-12-01,AFETR,,94.27,43.00,484,482,,,EA,ORB
STARLINK-36098,2025-278AB,66816,PAY,+,US,2025-12-01,AFETR,,94.27,43.00,485,481,,,EA,ORB
STARLINK-35995,2025-278AC,66817,PAY,+,US,2025-12-01,AFETR,,94.26,43.00,484,482,,,EA,ORB
STARLINK-35994,2025-278AD,66818,PAY,+,US,2025-12-01,AFETR,,94.27,43.00,484,482,,,EA,ORB
STARLINK-35989,2025-278AE,66819,PAY,+,US,2025-12-01,AFETR,,94.27,43.00,484,482,,,EA,ORB
KOMPSAT-7,2025-279A,66820,PAY,+,SKOR,2025-12-01,FRGUI,,95.93,97.72,572,554,,,EA,ORB
STARLINK-35966,2025-280A,66821,PAY,+,US,2025-12-02,AFWTR,,96.11,70.00,575,569,,,EA,ORB
STARLINK-35958,2025-280B,66822,PAY,+,US,2025-12-02,AFWTR,,96.11,70.00,575,569,,,EA,ORB
STARLINK-35957,2025-280C,66823,PAY,+,US,2025-12-02,AFWTR,,96.11,70.00,575,569,,,EA,ORB
STARLINK-35896,2025-280D,66824,PAY,+,US,2025-12-02,AFWTR,,96.11,70.00,575,569,,,EA,ORB
STARLINK-35476,2025-280E,66825,PAY,+,US,2025-12-02,AFWTR,,96.11,70.00,575,569,,,EA,ORB
STARLINK-35898,2025-280F,66826,PAY,+,US,2025-12-02,AFWTR,,96.11,70.00,575,569,,,EA,ORB
STARLINK-35959,2025-280G,66827,PAY,+,US,2025-12-02,AFWTR,,96.11,70.00,575,569,,,EA,ORB
STARLINK-35982,2025-280H,66828,PAY,+,US,2025-12-02,AFWTR,,96.11,70.00,575,569,,,EA,ORB
STARLINK-36084,2025-280J,66829,PAY,+,US,2025-12-02,AFWTR,,96.11,70.00,575,569,,,EA,ORB
STARLINK-35881,2025-280K,66830,PAY,+,US,2025-12-02,AFWTR,,96.11,70.00,575,569,,,EA,ORB
STARLINK-35788,2025-280L,66831,PAY,+,US,2025-12-02,AFWTR,,96.11,70.00,575,569,,,EA,ORB
STARLINK-35768,2025-280M,66832,PAY,+,US,2025-12-02,AFWTR,,96.11,70.00,575,569,,,EA,ORB
STARLINK-35858,2025-280N,66833,PAY,+,US,2025-12-02,AFWTR,,96.11,70.00,575,569,,,EA,ORB
STARLINK-35840,2025-280P,66834,PAY,+,US,2025-12-02,AFWTR,,96.11,70.00,575,569,,,EA,ORB
STARLINK-35890,2025-280Q,66835,PAY,+,US,2025-12-02,AFWTR,,96.11,70.00,575,570,,,EA,ORB
STARLINK-35838,2025-280R,66836,PAY,+,US,2025-12-02,AFWTR,,96.11,70.00,575,569,,,EA,ORB
STARLINK-35729,2025-280S,66837,PAY,+,US,2025-12-02,AFWTR,,96.11,70.00,575,570,,,EA,ORB
STARLINK-35886,2025-280T,66838,PAY,+,US,2025-12-02,AFWTR,,96.11,70.00,575,569,,,EA,ORB
STARLINK-35717,2025-280U,66839,PAY,+,US,2025-12-02,AFWTR,,96.11,70.00,575,569,,,EA,ORB
STARLINK-35837,2025-280V,66840,PAY,+,US,2025-12-02,AFWTR,,96.11,70.00,575,569,,,EA,ORB
STARLINK-35715,2025-280W,66841,PAY,+,US,2025-12-02,AFWTR,,96.11,70.00,575,569,,,EA,ORB
STARLINK-35769,2025-280X,66842,PAY,+,US,2025-12-02,AFWTR,,96.11,70.00,575,569,,,EA,ORB
STARLINK-35997,2025-280Y,66843,PAY,+,US,2025-12-02,AFWTR,,96.11,70.00,575,569,,,EA,ORB
STARLINK-36073,2025-280Z,66844,PAY,+,US,2025-12-02,AFWTR,,96.11,70.00,575,569,,,EA,ORB
STARLINK-36068,2025-280AA,66845,PAY,+,US,2025-12-02,AFWTR,,96.11,70.00,575,569,,,EA,ORB
STARLINK-36055,2025-280AB,66846,PAY,+,US,2025-12-02,AFWTR,,96.11,70.00,575,569,,,EA,ORB
STARLINK-36061,2025-280AC,66847,PAY,+,US,2025-12-02,AFWTR,,96.11,70.00,575,569,,,EA,ORB
STARLINK-36091,2025-281A,66848,PAY,+,US,2025-12-02,AFETR,,94.27,42.99,484,482,,,EA,ORB
STARLINK-36102,2025-281B,66849,PAY,+,US,2025-12-02,AFETR,,94.27,43.00,484,482,,,EA,ORB
STARLINK-36105,2025-281C,66850,PAY,+,US,2025-12-02,AFETR,,94.27,43.00,485,481,,,EA,ORB
STARLINK-36094,2025-281D,66851,PAY,+,US,2025-12-02,AFETR,,94.27,43.00,484,482,,,EA,ORB
STARLINK-35992,2025-281E,66852,PAY,+,US,2025-12-02,AFETR,,94.27,43.00,484,482,,,EA,ORB
STARLINK-35986,2025-281F,66853,PAY,+,US,2025-12-02,AFETR,,94.27,43.01,484,482,,,EA,ORB
STARLINK-36087,2025-281G,66854,PAY,+,US,2025-12-02,AFETR,,94.26,43.00,484,482,,,EA,ORB
STARLINK-36090,2025-281H,66855,PAY,+,US,2025-12-02,AFETR,,94.27,43.00,484,482,,,EA,ORB
STARLINK-36072,2025-281J,66856,PAY,+,US,2025-12-02,AFETR,,94.27,43.00,484,482,,,EA,ORB
STARLINK-36083,2025-281K,66857,PAY,+,US,2025-12-02,AFETR,,94.27,43.00,484,482,,,EA,ORB
STARLINK-35118,2025-281L,66858,PAY,+,US,2025-12-02,AFETR,,94.27,43.00,484,482,,,EA,ORB
STARLINK-35646,2025-281M,66859,PAY,+,US,2025-12-02,AFETR,,94.27,43.00,484,482,,,EA,ORB
STARLINK-35987,2025-281N,66860,PAY,+,US,2025-12-02,AFETR,,94.27,43.00,484,482,,,EA,ORB
STARLINK-35991,2025-281P,66861,PAY,+,US,2025-12-02,AFETR,,94.27,43.00,484,482,,,EA,ORB
STARLINK-35974,2025-281Q,66862,PAY,+,US,2025-12-02,AFETR,,94.27,43.00,484,482,,,EA,ORB
STARLINK-36134,2025-281R,66863,PAY,+,US,2025-12-02,AFETR,,94.27,43.00,484,482,,,EA,ORB
STARLINK-36070,2025-281S,66864,PAY,+,US,2025-12-02,AFETR,,94.27,43.00,484,482,,,EA,ORB
STARLINK-36117,2025-281T,66865,PAY,+,US,2025-12-02,AFETR,,94.27,43.00,484,482,,,EA,ORB
STARLINK-36126,2025-281U,66866,PAY,+,US,2025-12-02,AFETR,,94.27,42.99,484,483,,,EA,ORB
STARLINK-36101,2025-281V,66867,PAY,+,US,2025-12-02,AFETR,,94.27,42.99,483,483,,,EA,ORB
STARLINK-36108,2025-281W,66868,PAY,+,US,2025-12-02,AFETR,,94.27,43.00,484,483,,,EA,ORB
STARLINK-36092,2025-281X,66869,PAY,+,US,2025-12-02,AFETR,,94.27,43.00,484,482,,,EA,ORB
STARLINK-36114,2025-281Y,66870,PAY,+,US,2025-12-02,AFETR,,94.27,43.00,484,482,,,EA,ORB
STARLINK-36095,2025-281Z,66871,PAY,+,US,2025-12-02,AFETR,,94.27,43.00,484,482,,,EA,ORB
STARLINK-36082,2025-281AA,66872,PAY,+,US,2025-12-02,AFETR,,94.27,43.00,484,482,,,EA,ORB
STARLINK-36128,2025-281AB,66873,PAY,+,US,2025-12-02,AFETR,,94.27,43.00,484,482,,,EA,ORB
STARLINK-36129,2025-281AC,66874,PAY,+,US,2025-12-02,AFETR,,94.27,43.00,484,482,,,EA,ORB
STARLINK-36053,2025-281AD,66875,PAY,+,US,2025-12-02,AFETR,,94.27,43.00,484,482,,,EA,ORB
STARLINK-35702,2025-281AE,66876,PAY,+,US,2025-12-02,AFETR,,94.27,43.00,484,482,,,EA,ORB
ZHUQUE-3 R/B,2025-282A,66877,R/B,D,PRC,2025-12-03,JSC,2026-01-30,87.62,56.93,211,102,,,EA,IMP
STARLINK-35866,2025-283A,66878,PAY,+,US,2025-12-04,AFWTR,,93.85,53.16,463,462,,,EA,ORB
STARLINK-35749,2025-283B,66879,PAY,+,US,2025-12-04,AFWTR,,93.85,53.16,464,462,,,EA,ORB
STARLINK-35844,2025-283C,66880,PAY,+,US,2025-12-04,AFWTR,,93.85,53.16,463,462,,,EA,ORB
STARLINK-35860,2025-283D,66881,PAY,+,US,2025-12-04,AFWTR,,93.85,53.16,463,462,,,EA,ORB
STARLINK-35912,2025-283E,66882,PAY,+,US,2025-12-04,AFWTR,,93.85,53.16,464,461,,,EA,ORB
STARLINK-35947,2025-283F,66883,PAY,+,US,2025-12-04,AFWTR,,93.85,53.16,463,462,,,EA,ORB
STARLINK-36057,2025-283G,66884,PAY,+,US,2025-12-04,AFWTR,,93.85,53.16,463,462,,,EA,ORB
STARLINK-35954,2025-283H,66885,PAY,+,US,2025-12-04,AFWTR,,93.85,53.16,463,462,,,EA,ORB
STARLINK-35900,2025-283J,66886,PAY,+,US,2025-12-04,AFWTR,,93.85,53.16,464,462,,,EA,ORB
STARLINK-35925,2025-283K,66887,PAY,+,US,2025-12-04,AFWTR,,93.85,53.16,463,462,,,EA,ORB
STARLINK-35919,2025-283L,66888,PAY,+,US,2025-12-04,AFWTR,,93.85,53.16,464,462,,,EA,ORB
STARLINK-35852,2025-283M,66889,PAY,+,US,2025-12-04,AFWTR,,93.85,53.16,464,462,,,EA,ORB
STARLINK-35885,2025-283N,66890,PAY,+,US,2025-12-04,AFWTR,,93.85,53.16,463,462,,,EA,ORB
STARLINK-35855,2025-283P,66891,PAY,+,US,2025-12-04,AFWTR,,93.85,53.16,463,462,,,EA,ORB
STARLINK-35883,2025-283Q,66892,PAY,+,US,2025-12-04,AFWTR,,93.85,53.16,464,462,,,EA,ORB
STARLINK-36033,2025-283R,66893,PAY,+,US,2025-12-04,AFWTR,,93.85,53.16,463,462,,,EA,ORB
STARLINK-35718,2025-283S,66894,PAY,+,US,2025-12-04,AFWTR,,93.85,53.16,463,462,,,EA,ORB
STARLINK-35971,2025-283T,66895,PAY,+,US,2025-12-04,AFWTR,,93.85,53.16,463,462,,,EA,ORB
STARLINK-35791,2025-283U,66896,PAY,+,US,2025-12-04,AFWTR,,93.85,53.16,464,462,,,EA,ORB
STARLINK-36079,2025-283V,66897,PAY,+,US,2025-12-04,AFWTR,,93.85,53.16,463,462,,,EA,ORB
STARLINK-36065,2025-283W,66898,PAY,+,US,2025-12-04,AFWTR,,93.85,53.16,463,462,,,EA,ORB
STARLINK-36064,2025-283X,66899,PAY,+,US,2025-12-04,AFWTR,,93.85,53.16,464,462,,,EA,ORB
STARLINK-36074,2025-283Y,66900,PAY,+,US,2025-12-04,AFWTR,,93.85,53.16,463,462,,,EA,ORB
STARLINK-36043,2025-283Z,66901,PAY,+,US,2025-12-04,AFWTR,,93.85,53.16,464,462,,,EA,ORB
STARLINK-35983,2025-283AA,66902,PAY,+,US,2025-12-04,AFWTR,,93.85,53.15,463,462,,,EA,ORB
STARLINK-36077,2025-283AB,66903,PAY,+,US,2025-12-04,AFWTR,,93.85,53.16,463,462,,,EA,ORB
STARLINK-36059,2025-283AC,66904,PAY,+,US,2025-12-04,AFWTR,,93.85,53.16,464,462,,,EA,ORB
STARLINK-36075,2025-283AD,66905,PAY,+,US,2025-12-04,AFWTR,,93.85,53.16,464,462,,,EA,ORB
OBJECT A,2025-284A,66913,PAY,+,PRC,2025-12-05,JSC,,103.05,80.40,907,899,,,EA,ORB
OBJECT B,2025-284B,66914,PAY,+,PRC,2025-12-05,JSC,,103.05,80.40,912,894,,,EA,ORB
HULIANWANG DIGUI-105,2025-285A,66915,PAY,+,PRC,2025-12-06,WSC,,108.33,50.00,1150,1149,,,EA,ORB
HULIANWANG DIGUI-106,2025-285B,66916,PAY,+,PRC,2025-12-06,WSC,,108.33,50.01,1150,1149,,,EA,ORB
HULIANWANG DIGUI-107,2025-285C,66917,PAY,+,PRC,2025-12-06,WSC,,108.33,50.00,1150,1149,,,EA,ORB
HULIANWANG DIGUI-108,2025-285D,66918,PAY,+,PRC,2025-12-06,WSC,,108.33,50.00,1150,1149,,,EA,ORB
HULIANWANG DIGUI-109,2025-285E,66919,PAY,+,PRC,2025-12-06,WSC,,108.33,50.01,1150,1149,,,EA,ORB
HULIANWANG DIGUI-110,2025-285F,66920,PAY,+,PRC,2025-12-06,WSC,,108.33,50.01,1150,1149,,,EA,ORB
HULIANWANG DIGUI-111,2025-285G,66921,PAY,+,PRC,2025-12-06,WSC,,108.33,50.01,1150,1149,,,EA,ORB
HULIANWANG DIGUI-112,2025-285H,66922,PAY,+,PRC,2025-12-06,WSC,,108.33,50.01,1150,1149,,,EA,ORB
HULIANWANG DIGUI-113,2025-285J,66923,PAY,+,PRC,2025-12-06,WSC,,108.33,50.01,1150,1149,,,EA,ORB
CZ-8A R/B,2025-285K,66924,R/B,,PRC,2025-12-06,WSC,,100.66,50.01,875,704,,,EA,ORB
STARLINK-35945,2025-286A,66925,PAY,+,US,2025-12-07,AFWTR,,93.85,53.16,463,462,,,EA,ORB
STARLINK-35942,2025-286B,66926,PAY,+,US,2025-12-07,AFWTR,,93.85,53.16,464,462,,,EA,ORB
STARLINK-35943,2025-286C,66927,PAY,+,US,2025-12-07,AFWTR,,93.85,53.16,464,462,,,EA,ORB
STARLINK-35944,2025-286D,66928,PAY,+,US,2025-12-07,AFWTR,,93.85,53.16,463,462,,,EA,ORB
STARLINK-36169,2025-286E,66929,PAY,+,US,2025-12-07,AFWTR,,93.85,53.16,463,462,,,EA,ORB
STARLINK-36206,2025-286F,66930,PAY,+,US,2025-12-07,AFWTR,,93.85,53.16,463,462,,,EA,ORB
STARLINK-36130,2025-286G,66931,PAY,+,US,2025-12-07,AFWTR,,93.85,53.16,463,462,,,EA,ORB
STARLINK-36177,2025-286H,66932,PAY,+,US,2025-12-07,AFWTR,,93.85,53.16,464,462,,,EA,ORB
STARLINK-36157,2025-286J,66933,PAY,+,US,2025-12-07,AFWTR,,93.85,53.16,463,462,,,EA,ORB
STARLINK-36153,2025-286K,66934,PAY,+,US,2025-12-07,AFWTR,,93.85,53.16,463,462,,,EA,ORB
STARLINK-36127,2025-286L,66935,PAY,+,US,2025-12-07,AFWTR,,93.85,53.16,463,462,,,EA,ORB
STARLINK-36160,2025-286M,66936,PAY,+,US,2025-12-07,AFWTR,,93.85,53.16,463,462,,,EA,ORB
STARLINK-36165,2025-286N,66937,PAY,+,US,2025-12-07,AFWTR,,93.85,53.16,464,462,,,EA,ORB
STARLINK-36155,2025-286P,66938,PAY,+,US,2025-12-07,AFWTR,,93.85,53.16,463,462,,,EA,ORB
STARLINK-36154,2025-286Q,66939,PAY,+,US,2025-12-07,AFWTR,,93.85,53.16,463,462,,,EA,ORB
STARLINK-36121,2025-286R,66940,PAY,+,US,2025-12-07,AFWTR,,93.85,53.16,463,462,,,EA,ORB
STARLINK-36088,2025-286S,66941,PAY,+,US,2025-12-07,AFWTR,,93.85,53.16,464,462,,,EA,ORB
STARLINK-36100,2025-286T,66942,PAY,+,US,2025-12-07,AFWTR,,93.85,53.16,463,462,,,EA,ORB
STARLINK-36109,2025-286U,66943,PAY,+,US,2025-12-07,AFWTR,,93.85,53.16,463,462,,,EA,ORB
STARLINK-36112,2025-286V,66944,PAY,+,US,2025-12-07,AFWTR,,93.85,53.16,463,462,,,EA,ORB
STARLINK-36110,2025-286W,66945,PAY,+,US,2025-12-07,AFWTR,,93.85,53.16,463,462,,,EA,ORB
STARLINK-36115,2025-286X,66946,PAY,+,US,2025-12-07,AFWTR,,93.85,53.16,463,462,,,EA,ORB
STARLINK-36089,2025-286Y,66947,PAY,+,US,2025-12-07,AFWTR,,93.84,53.16,463,462,,,EA,ORB
STARLINK-36116,2025-286Z,66948,PAY,+,US,2025-12-07,AFWTR,,93.85,53.16,464,462,,,EA,ORB
STARLINK-36096,2025-286AA,66949,PAY,+,US,2025-12-07,AFWTR,,93.85,53.16,463,462,,,EA,ORB
STARLINK-36111,2025-286AB,66950,PAY,+,US,2025-12-07,AFWTR,,93.85,53.16,463,462,,,EA,ORB
STARLINK-35999,2025-286AC,66951,PAY,+,US,2025-12-07,AFWTR,,93.85,53.16,464,462,,,EA,ORB
STARLINK-36122,2025-286AD,66952,PAY,+,US,2025-12-07,AFWTR,,93.85,53.16,463,462,,,EA,ORB
HULIANWANG DIGUI-114,2025-287A,66953,PAY,+,PRC,2025-12-08,TAISC,,108.73,86.49,1169,1166,,,EA,ORB
HULIANWANG DIGUI-115,2025-287B,66954,PAY,+,PRC,2025-12-08,TAISC,,108.73,86.49,1169,1167,,,EA,ORB
HULIANWANG DIGUI-116,2025-287C,66955,PAY,+,PRC,2025-12-08,TAISC,,108.73,86.48,1169,1167,,,EA,ORB
HULIANWANG DIGUI-117,2025-287D,66956,PAY,+,PRC,2025-12-08,TAISC,,108.73,86.49,1169,1167,,,EA,ORB
HULIANWANG DIGUI-118,2025-287E,66957,PAY,+,PRC,2025-12-08,TAISC,,108.73,86.49,1169,1166,,,EA,ORB
CZ-6A R/B,2025-287F,66958,R/B,,PRC,2025-12-08,TAISC,,103.23,86.50,989,833,,,EA,ORB
STARLINK-35887,2025-288A,66959,PAY,+,US,2025-12-08,AFETR,,94.27,43.00,484,482,,,EA,ORB
STARLINK-35879,2025-288B,66960,PAY,+,US,2025-12-08,AFETR,,94.27,43.00,484,482,,,EA,ORB
STARLINK-35761,2025-288C,66961,PAY,+,US,2025-12-08,AFETR,,94.26,43.00,484,482,,,EA,ORB
STARLINK-35874,2025-288D,66962,PAY,+,US,2025-12-08,AFETR,,94.27,43.00,483,483,,,EA,ORB
STARLINK-36133,2025-288E,66963,PAY,+,US,2025-12-08,AFETR,,94.27,43.00,484,482,,,EA,ORB
STARLINK-36104,2025-288F,66964,PAY,+,US,2025-12-08,AFETR,,94.27,43.00,484,482,,,EA,ORB
STARLINK-36067,2025-288G,66965,PAY,+,US,2025-12-08,AFETR,,94.27,43.00,484,482,,,EA,ORB
STARLINK-36139,2025-288H,66966,PAY,+,US,2025-12-08,AFETR,,94.27,43.00,484,482,,,EA,ORB
STARLINK-36136,2025-288J,66967,PAY,+,US,2025-12-08,AFETR,,94.27,43.00,484,482,,,EA,ORB
STARLINK-36152,2025-288K,66968,PAY,+,US,2025-12-08,AFETR,,94.27,43.00,484,483,,,EA,ORB
STARLINK-36149,2025-288L,66969,PAY,+,US,2025-12-08,AFETR,,94.27,43.00,483,483,,,EA,ORB
STARLINK-35703,2025-288M,66970,PAY,+,US,2025-12-08,AFETR,,94.27,43.00,484,482,,,EA,ORB
STARLINK-35678,2025-288N,66971,PAY,+,US,2025-12-08,AFETR,,94.27,43.00,484,482,,,EA,ORB
STARLINK-34846,2025-288P,66972,PAY,+,US,2025-12-08,AFETR,,94.27,43.00,484,482,,,EA,ORB
STARLINK-35778,2025-288Q,66973,PAY,+,US,2025-12-08,AFETR,,94.27,43.00,484,482,,,EA,ORB
STARLINK-35780,2025-288R,66974,PAY,+,US,2025-12-08,AFETR,,94.27,43.00,484,482,,,EA,ORB
STARLINK-35777,2025-288S,66975,PAY,+,US,2025-12-08,AFETR,,94.27,43.00,484,482,,,EA,ORB
STARLINK-35772,2025-288T,66976,PAY,+,US,2025-12-08,AFETR,,94.27,43.01,485,481,,,EA,ORB
STARLINK-35770,2025-288U,66977,PAY,+,US,2025-12-08,AFETR,,94.27,43.00,484,482,,,EA,ORB
STARLINK-35787,2025-288V,66978,PAY,+,US,2025-12-08,AFETR,,94.27,43.00,484,482,,,EA,ORB
STARLINK-36107,2025-288W,66979,PAY,+,US,2025-12-08,AFETR,,94.26,43.00,484,482,,,EA,ORB
STARLINK-36086,2025-288X,66980,PAY,+,US,2025-12-08,AFETR,,94.26,43.00,484,482,,,EA,ORB
STARLINK-36142,2025-288Y,66981,PAY,+,US,2025-12-08,AFETR,,94.27,43.00,484,482,,,EA,ORB
STARLINK-36113,2025-288Z,66982,PAY,+,US,2025-12-08,AFETR,,94.27,43.00,483,483,,,EA,ORB
STARLINK-36145,2025-288AA,66983,PAY,+,US,2025-12-08,AFETR,,94.27,43.00,484,482,,,EA,ORB
STARLINK-35591,2025-288AB,66984,PAY,+,US,2025-12-08,AFETR,,94.27,43.00,483,483,,,EA,ORB
STARLINK-36103,2025-288AC,66985,PAY,+,US,2025-12-08,AFETR,,94.27,43.00,484,482,,,EA,ORB
STARLINK-36135,2025-288AD,66986,PAY,+,US,2025-12-08,AFETR,,94.26,43.00,484,482,,,EA,ORB
STARLINK-36147,2025-288AE,66987,PAY,+,US,2025-12-08,AFETR,,94.27,43.00,485,481,,,EA,ORB
YAOGAN-47,2025-289A,66988,PAY,+,PRC,2025-12-09,JSC,,94.54,97.50,499,494,,,EA,ORB
CZ-4B R/B,2025-289B,66989,R/B,D,PRC,2025-12-09,JSC,2026-03-06,87.41,97.49,153,140,,,EA,IMP
TJS-22,2025-290A,66990,PAY,+,PRC,2025-12-09,XICLF,,1436.12,1.37,35802,35773,,,EA,ORB
CZ-3B R/B,2025-290B,66991,R/B,,PRC,2025-12-09,XICLF,,481.56,28.04,27756,191,,,EA,ORB
USA 570,2025-291A,66992,PAY,+,US,2025-12-09,AFETR,,107.39,63.44,1194,1017,,NEA,EA,ORB
OBJECT A,2025-292A,66993,PAY,+,PRC,2025-12-10,JSC,,95.57,97.63,557,535,,,EA,ORB
THE ARAB SATELLITE 813,2025-292B,66994,PAY,+,UAE,2025-12-10,JSC,,95.56,97.63,556,535,,,EA,ORB
OBJECT C,2025-292C,66995,PAY,+,PRC,2025-12-10,JSC,,95.55,97.63,556,534,,,EA,ORB
OBJECT D,2025-292D,66996,PAY,+,PRC,2025-12-10,JSC,,95.59,97.63,558,537,,,EA,ORB
OBJECT E,2025-292E,66997,PAY,+,PRC,2025-12-10,JSC,,95.57,97.63,557,535,,,EA,ORB
OBJECT F,2025-292F,66998,PAY,+,PRC,2025-12-10,JSC,,95.55,97.63,556,534,,,EA,ORB
OBJECT G,2025-292G,66999,PAY,+,PRC,2025-12-10,JSC,,95.54,97.63,556,534,,,EA,ORB
OBJECT H,2025-292H,67000,PAY,+,PRC,2025-12-10,JSC,,95.48,97.63,552,531,,,EA,ORB
OBJECT J,2025-292J,67001,PAY,+,PRC,2025-12-10,JSC,,95.55,97.63,557,534,,,EA,ORB
LIJIAN-1 R/B,2025-292K,67002,R/B,D,PRC,2025-12-10,JSC,2026-03-04,87.61,97.68,168,144,,,EA,IMP
STARLINK-35660,2025-293A,67003,PAY,+,US,2025-12-10,AFWTR,,96.11,70.00,574,570,,,EA,ORB
STARLINK-35913,2025-293B,67004,PAY,+,US,2025-12-10,AFWTR,,96.11,70.00,574,570,,,EA,ORB
STARLINK-36148,2025-293C,67005,PAY,+,US,2025-12-10,AFWTR,,96.11,70.00,574,570,,,EA,ORB
STARLINK-36156,2025-293D,67006,PAY,+,US,2025-12-10,AFWTR,,96.11,70.00,574,570,,,EA,ORB
STARLINK-36123,2025-293E,67007,PAY,+,US,2025-12-10,AFWTR,,96.11,70.00,574,570,,,EA,ORB
STARLINK-36163,2025-293F,67008,PAY,+,US,2025-12-10,AFWTR,,96.11,70.00,574,570,,,EA,ORB
STARLINK-36118,2025-293G,67009,PAY,+,US,2025-12-10,AFWTR,,96.11,70.00,574,570,,,EA,ORB
STARLINK-36189,2025-293H,67010,PAY,+,US,2025-12-10,AFWTR,,96.11,70.01,574,570,,,EA,ORB
STARLINK-36167,2025-293J,67011,PAY,+,US,2025-12-10,AFWTR,,96.11,70.00,574,570,,,EA,ORB
STARLINK-36175,2025-293K,67012,PAY,+,US,2025-12-10,AFWTR,,96.11,70.00,574,570,,,EA,ORB
STARLINK-35856,2025-293L,67013,PAY,+,US,2025-12-10,AFWTR,,96.11,70.00,574,570,,,EA,ORB
STARLINK-36207,2025-293M,67014,PAY,+,US,2025-12-10,AFWTR,,96.11,70.00,574,570,,,EA,ORB
STARLINK-36093,2025-293N,67015,PAY,+,US,2025-12-10,AFWTR,,96.11,70.00,574,570,,,EA,ORB
STARLINK-36120,2025-293P,67016,PAY,+,US,2025-12-10,AFWTR,,96.11,70.00,574,570,,,EA,ORB
STARLINK-35498,2025-293Q,67017,PAY,+,US,2025-12-10,AFWTR,,96.11,70.00,574,570,,,EA,ORB
STARLINK-36106,2025-293R,67018,PAY,+,US,2025-12-10,AFWTR,,96.11,70.00,574,570,,,EA,ORB
STARLINK-35688,2025-293S,67019,PAY,+,US,2025-12-10,AFWTR,,96.11,70.00,574,570,,,EA,ORB
STARLINK-36172,2025-293T,67020,PAY,+,US,2025-12-10,AFWTR,,96.11,70.00,574,570,,,EA,ORB
STARLINK-36184,2025-293U,67021,PAY,+,US,2025-12-10,AFWTR,,96.11,70.00,574,570,,,EA,ORB
STARLINK-36209,2025-293V,67022,PAY,+,US,2025-12-10,AFWTR,,96.11,70.00,573,571,,,EA,ORB
STARLINK-36191,2025-293W,67023,PAY,+,US,2025-12-10,AFWTR,,96.11,70.00,574,570,,,EA,ORB
STARLINK-36192,2025-293X,67024,PAY,+,US,2025-12-10,AFWTR,,96.11,70.00,574,570,,,EA,ORB
STARLINK-36178,2025-293Y,67025,PAY,+,US,2025-12-10,AFWTR,,96.11,70.00,574,570,,,EA,ORB
STARLINK-36176,2025-293Z,67026,PAY,+,US,2025-12-10,AFWTR,,96.11,70.00,574,570,,,EA,ORB
STARLINK-36171,2025-293AA,67027,PAY,+,US,2025-12-10,AFWTR,,96.11,70.00,574,570,,,EA,ORB
STARLINK-36132,2025-293AB,67028,PAY,+,US,2025-12-10,AFWTR,,96.11,70.00,574,570,,,EA,ORB
STARLINK-36190,2025-293AC,67029,PAY,+,US,2025-12-10,AFWTR,,96.11,70.00,574,570,,,EA,ORB
STARLINK-36138,2025-294A,67030,PAY,+,US,2025-12-11,AFETR,,94.26,43.00,484,482,,,EA,ORB
STARLINK-36150,2025-294B,67031,PAY,+,US,2025-12-11,AFETR,,94.27,43.00,484,482,,,EA,ORB
STARLINK-36131,2025-294C,67032,PAY,+,US,2025-12-11,AFETR,,94.27,43.00,485,482,,,EA,ORB
STARLINK-36137,2025-294D,67033,PAY,+,US,2025-12-11,AFETR,,94.27,43.00,484,482,,,EA,ORB
STARLINK-36140,2025-294E,67034,PAY,+,US,2025-12-11,AFETR,,94.27,43.00,483,483,,,EA,ORB
STARLINK-36085,2025-294F,67035,PAY,+,US,2025-12-11,AFETR,,94.27,43.00,483,483,,,EA,ORB
STARLINK-36125,2025-294G,67036,PAY,+,US,2025-12-11,AFETR,,94.27,43.00,484,482,,,EA,ORB
STARLINK-35732,2025-294H,67037,PAY,+,US,2025-12-11,AFETR,,94.27,43.00,483,483,,,EA,ORB
STARLINK-35775,2025-294J,67038,PAY,+,US,2025-12-11,AFETR,,94.27,43.00,484,482,,,EA,ORB
STARLINK-35705,2025-294K,67039,PAY,+,US,2025-12-11,AFETR,,94.27,43.00,484,482,,,EA,ORB
STARLINK-35786,2025-294L,67040,PAY,+,US,2025-12-11,AFETR,,94.27,43.00,484,482,,,EA,ORB
STARLINK-35765,2025-294M,67041,PAY,+,US,2025-12-11,AFETR,,94.27,43.00,484,482,,,EA,ORB
STARLINK-35773,2025-294N,67042,PAY,+,US,2025-12-11,AFETR,,94.27,43.00,484,482,,,EA,ORB
STARLINK-35901,2025-294P,67043,PAY,+,US,2025-12-11,AFETR,,94.27,43.00,483,483,,,EA,ORB
STARLINK-35884,2025-294Q,67044,PAY,+,US,2025-12-11,AFETR,,94.27,43.00,484,483,,,EA,ORB
STARLINK-35891,2025-294R,67045,PAY,+,US,2025-12-11,AFETR,,94.27,43.00,484,482,,,EA,ORB
STARLINK-35721,2025-294S,67046,PAY,+,US,2025-12-11,AFETR,,94.27,43.00,484,482,,,EA,ORB
STARLINK-35779,2025-294T,67047,PAY,+,US,2025-12-11,AFETR,,94.26,43.00,484,482,,,EA,ORB
STARLINK-35905,2025-294U,67048,PAY,+,US,2025-12-11,AFETR,,94.27,43.00,483,483,,,EA,ORB
STARLINK-35877,2025-294V,67049,PAY,+,US,2025-12-11,AFETR,,94.27,43.00,484,482,,,EA,ORB
STARLINK-36078,2025-294W,67050,PAY,+,US,2025-12-11,AFETR,,94.27,43.00,485,481,,,EA,ORB
STARLINK-35706,2025-294X,67051,PAY,+,US,2025-12-11,AFETR,,94.27,43.00,484,482,,,EA,ORB
STARLINK-35720,2025-294Y,67052,PAY,+,US,2025-12-11,AFETR,,94.27,43.00,484,482,,,EA,ORB
STARLINK-35739,2025-294Z,67053,PAY,+,US,2025-12-11,AFETR,,94.27,43.00,483,483,,,EA,ORB
STARLINK-35754,2025-294AA,67054,PAY,+,US,2025-12-11,AFETR,,94.27,43.00,484,482,,,EA,ORB
STARLINK-35790,2025-294AB,67055,PAY,+,US,2025-12-11,AFETR,,94.27,43.00,483,483,,,EA,ORB
STARLINK-36143,2025-294AC,67056,PAY,+,US,2025-12-11,AFETR,,94.27,43.00,484,482,,,EA,ORB
STARLINK-36141,2025-294AD,67057,PAY,+,US,2025-12-11,AFETR,,94.27,43.00,484,482,,,EA,ORB
STARLINK-35767,2025-294AE,67058,PAY,+,US,2025-12-11,AFETR,,94.27,43.00,485,482,,,EA,ORB
HULIANWANG DIGUI-119,2025-295A,67059,PAY,+,PRC,2025-12-11,WSC,,108.33,50.00,1150,1149,,,EA,ORB
HULIANWANG DIGUI-120,2025-295B,67060,PAY,+,PRC,2025-12-11,WSC,,108.33,50.00,1150,1149,,,EA,ORB
HULIANWANG DIGUI-121,2025-295C,67061,PAY,+,PRC,2025-12-11,WSC,,108.33,50.00,1150,1149,,,EA,ORB
HULIANWANG DIGUI-122,2025-295D,67062,PAY,+,PRC,2025-12-11,WSC,,108.33,50.00,1150,1149,,,EA,ORB
HULIANWANG DIGUI-123,2025-295E,67063,PAY,+,PRC,2025-12-11,WSC,,108.33,50.00,1150,1149,,,EA,ORB
HULIANWANG DIGUI-124,2025-295F,67064,PAY,+,PRC,2025-12-11,WSC,,108.33,50.00,1150,1149,,,EA,ORB
HULIANWANG DIGUI-125,2025-295G,67065,PAY,+,PRC,2025-12-11,WSC,,108.33,50.00,1150,1149,,,EA,ORB
HULIANWANG DIGUI-126,2025-295H,67066,PAY,+,PRC,2025-12-11,WSC,,108.33,50.00,1150,1149,,,EA,ORB
HULIANWANG DIGUI-127,2025-295J,67067,PAY,+,PRC,2025-12-11,WSC,,108.33,50.00,1150,1149,,,EA,ORB
CZ-12 R/B,2025-295K,67068,R/B,,PRC,2025-12-11,WSC,,99.91,50.00,795,714,,,EA,ORB
XIWANG-5 02,2025-296A,67069,PAY,+,PRC,2025-12-13,JSC,,94.90,41.35,518,510,,,EA,ORB
DEAR-5,2025-296B,67070,PAY,+,PRC,2025-12-13,JSC,,94.87,41.36,524,501,,,EA,ORB
KZ-11 R/B,2025-296C,67071,R/B,D,PRC,2025-12-13,JSC,2025-12-25,91.49,41.30,571,125,,,EA,IMP
ELECTRON R/B,2025-297A,67072,R/B,D,US,2025-12-14,RLLB,2025-12-24,88.03,97.45,210,144,,,EA,IMP
RAISE-4,2025-297B,67073,PAY,+,JPN,2025-12-14,RLLB,,95.40,97.52,547,529,,,EA,ORB
ELECTRON KICK STAGE R/B,2025-297C,67074,R/B,D,US,2025-12-14,RLLB,2026-01-31,87.51,97.45,163,139,,,EA,IMP
STARLINK-36230,2025-298A,67075,PAY,+,US,2025-12-14,AFWTR,,96.11,70.00,575,570,,,EA,ORB
STARLINK-36240,2025-298B,67076,PAY,+,US,2025-12-14,AFWTR,,96.11,70.00,574,570,,,EA,ORB
STARLINK-36243,2025-298C,67077,PAY,+,US,2025-12-14,AFWTR,,96.11,70.00,575,569,,,EA,ORB
STARLINK-36236,2025-298D,67078,PAY,+,US,2025-12-14,AFWTR,,96.11,70.00,575,570,,,EA,ORB
STARLINK-36159,2025-298E,67079,PAY,+,US,2025-12-14,AFWTR,,96.11,70.00,575,569,,,EA,ORB
STARLINK-36158,2025-298F,67080,PAY,+,US,2025-12-14,AFWTR,,96.11,70.00,575,569,,,EA,ORB
STARLINK-35864,2025-298G,67081,PAY,+,US,2025-12-14,AFWTR,,96.11,70.00,574,570,,,EA,ORB
STARLINK-36035,2025-298H,67082,PAY,+,US,2025-12-14,AFWTR,,96.11,70.00,574,570,,,EA,ORB
STARLINK-36170,2025-298J,67083,PAY,+,US,2025-12-14,AFWTR,,96.11,70.00,574,570,,,EA,ORB
STARLINK-36166,2025-298K,67084,PAY,+,US,2025-12-14,AFWTR,,96.11,70.01,573,571,,,EA,ORB
STARLINK-35794,2025-298L,67085,PAY,+,US,2025-12-14,AFWTR,,96.11,70.00,574,570,,,EA,ORB
STARLINK-35841,2025-298M,67086,PAY,+,US,2025-12-14,AFWTR,,96.11,70.00,574,570,,,EA,ORB
STARLINK-35842,2025-298N,67087,PAY,+,US,2025-12-14,AFWTR,,96.11,70.00,574,570,,,EA,ORB
STARLINK-35882,2025-298P,67088,PAY,+,US,2025-12-14,AFWTR,,96.11,70.00,575,570,,,EA,ORB
STARLINK-35763,2025-298Q,67089,PAY,+,US,2025-12-14,AFWTR,,96.11,70.00,574,570,,,EA,ORB
STARLINK-36060,2025-298R,67090,PAY,+,US,2025-12-14,AFWTR,,96.10,70.00,574,570,,,EA,ORB
STARLINK-36097,2025-298S,67091,PAY,+,US,2025-12-14,AFWTR,,92.77,69.99,414,406,,,EA,ORB
STARLINK-35792,2025-298T,67092,PAY,+,US,2025-12-14,AFWTR,,96.11,70.00,574,570,,,EA,ORB
STARLINK-35784,2025-298U,67093,PAY,+,US,2025-12-14,AFWTR,,96.11,70.00,574,570,,,EA,ORB
STARLINK-36202,2025-298V,67094,PAY,+,US,2025-12-14,AFWTR,,96.11,70.00,574,570,,,EA,ORB
STARLINK-36227,2025-298W,67095,PAY,+,US,2025-12-14,AFWTR,,96.11,70.00,574,570,,,EA,ORB
STARLINK-36228,2025-298X,67096,PAY,+,US,2025-12-14,AFWTR,,96.11,70.00,574,570,,,EA,ORB
STARLINK-36222,2025-298Y,67097,PAY,+,US,2025-12-14,AFWTR,,96.11,70.00,575,569,,,EA,ORB
STARLINK-36205,2025-298Z,67098,PAY,+,US,2025-12-14,AFWTR,,96.11,70.00,575,569,,,EA,ORB
STARLINK-36193,2025-298AA,67099,PAY,+,US,2025-12-14,AFWTR,,96.11,70.00,574,570,,,EA,ORB
STARLINK-36215,2025-298AB,67100,PAY,+,US,2025-12-14,AFWTR,,96.11,70.00,574,570,,,EA,ORB
STARLINK-36200,2025-298AC,67101,PAY,+,US,2025-12-14,AFWTR,,96.10,70.00,574,570,,,EA,ORB
STARLINK-36255,2025-299A,67102,PAY,+,US,2025-12-15,AFETR,,94.27,43.00,484,482,,,EA,ORB
STARLINK-36256,2025-299B,67103,PAY,+,US,2025-12-15,AFETR,,94.27,43.00,484,482,,,EA,ORB
STARLINK-36258,2025-299C,67104,PAY,+,US,2025-12-15,AFETR,,94.27,43.00,484,482,,,EA,ORB
STARLINK-36261,2025-299D,67105,PAY,+,US,2025-12-15,AFETR,,94.27,43.00,484,482,,,EA,ORB
STARLINK-36259,2025-299E,67106,PAY,+,US,2025-12-15,AFETR,,94.27,43.00,484,482,,,EA,ORB
STARLINK-36196,2025-299F,67107,PAY,+,US,2025-12-15,AFETR,,94.27,43.00,484,482,,,EA,ORB
STARLINK-36208,2025-299G,67108,PAY,+,US,2025-12-15,AFETR,,94.27,43.00,484,482,,,EA,ORB
STARLINK-35764,2025-299H,67109,PAY,+,US,2025-12-15,AFETR,,94.27,43.00,484,482,,,EA,ORB
STARLINK-35781,2025-299J,67110,PAY,+,US,2025-12-15,AFETR,,94.27,43.00,484,482,,,EA,ORB
STARLINK-35875,2025-299K,67111,PAY,+,US,2025-12-15,AFETR,,94.27,43.00,484,482,,,EA,ORB
STARLINK-35906,2025-299L,67112,PAY,+,US,2025-12-15,AFETR,,94.27,43.00,484,482,,,EA,ORB
STARLINK-35789,2025-299M,67113,PAY,+,US,2025-12-15,AFETR,,94.27,43.00,484,482,,,EA,ORB
STARLINK-36180,2025-299N,67114,PAY,+,US,2025-12-15,AFETR,,94.27,43.00,485,482,,,EA,ORB
STARLINK-35892,2025-299P,67115,PAY,+,US,2025-12-15,AFETR,,94.27,43.01,485,481,,,EA,ORB
STARLINK-35738,2025-299Q,67116,PAY,+,US,2025-12-15,AFETR,,94.27,43.00,485,481,,,EA,ORB
STARLINK-35674,2025-299R,67117,PAY,+,US,2025-12-15,AFETR,,94.27,43.00,484,482,,,EA,ORB
STARLINK-35701,2025-299S,67118,PAY,+,US,2025-12-15,AFETR,,94.27,43.00,484,482,,,EA,ORB
STARLINK-36179,2025-299T,67119,PAY,+,US,2025-12-15,AFETR,,94.27,43.00,484,482,,,EA,ORB
STARLINK-36217,2025-299U,67120,PAY,+,US,2025-12-15,AFETR,,94.27,43.00,484,482,,,EA,ORB
STARLINK-36124,2025-299V,67121,PAY,+,US,2025-12-15,AFETR,,94.27,43.00,484,482,,,EA,ORB
STARLINK-36188,2025-299W,67122,PAY,+,US,2025-12-15,AFETR,,94.27,43.00,484,482,,,EA,ORB
STARLINK-36151,2025-299X,67123,PAY,+,US,2025-12-15,AFETR,,94.27,43.01,485,481,,,EA,ORB
STARLINK-36195,2025-299Y,67124,PAY,+,US,2025-12-15,AFETR,,94.27,43.01,486,479,,,EA,ORB
STARLINK-36219,2025-299Z,67125,PAY,+,US,2025-12-15,AFETR,,94.27,43.00,484,482,,,EA,ORB
STARLINK-36223,2025-299AA,67126,PAY,+,US,2025-12-15,AFETR,,94.27,43.00,484,482,,,EA,ORB
STARLINK-36164,2025-299AB,67127,PAY,+,US,2025-12-15,AFETR,,94.27,43.00,484,482,,,EA,ORB
STARLINK-35685,2025-299AC,67128,PAY,+,US,2025-12-15,AFETR,,94.27,43.00,484,482,,,EA,ORB
STARLINK-36214,2025-299AD,67129,PAY,+,US,2025-12-15,AFETR,,94.27,43.00,484,482,,,EA,ORB
STARLINK-36194,2025-299AE,67130,PAY,+,US,2025-12-15,AFETR,,94.27,43.00,485,481,,,EA,ORB
ZIYUAN 3-04 (ZY 3-04),2025-300A,67131,PAY,+,PRC,2025-12-16,TAISC,,94.66,97.47,508,496,,,EA,ORB
CZ-4B R/B,2025-300B,67132,R/B,D,PRC,2025-12-16,TAISC,2026-03-17,87.39,97.51,152,138,,,EA,IMP
KUIPER-00144,2025-301A,67133,PAY,+,US,2025-12-16,AFETR,,97.30,51.90,630,629,,,EA,ORB
KUIPER-00164,2025-301B,67134,PAY,+,US,2025-12-16,AFETR,,97.30,51.90,630,629,,,EA,ORB
KUIPER-00175,2025-301C,67135,PAY,+,US,2025-12-16,AFETR,,97.30,51.90,630,629,,,EA,ORB
KUIPER-00179,2025-301D,67136,PAY,+,US,2025-12-16,AFETR,,97.30,51.90,630,629,,,EA,ORB
KUIPER-00181,2025-301E,67137,PAY,+,US,2025-12-16,AFETR,,97.30,51.90,631,629,,,EA,ORB
KUIPER-00183,2025-301F,67138,PAY,+,US,2025-12-16,AFETR,,97.30,51.90,630,629,,,EA,ORB
KUIPER-00184,2025-301G,67139,PAY,+,US,2025-12-16,AFETR,,97.30,51.90,630,629,,,EA,ORB
KUIPER-00186,2025-301H,67140,PAY,+,US,2025-12-16,AFETR,,97.30,51.90,630,629,,,EA,ORB
KUIPER-00187,2025-301J,67141,PAY,+,US,2025-12-16,AFETR,,97.30,51.90,630,629,,,EA,ORB
KUIPER-00188,2025-301K,67142,PAY,+,US,2025-12-16,AFETR,,97.30,51.90,630,629,,,EA,ORB
KUIPER-00191,2025-301L,67143,PAY,+,US,2025-12-16,AFETR,,97.30,51.90,630,629,,,EA,ORB
KUIPER-00196,2025-301M,67144,PAY,+,US,2025-12-16,AFETR,,97.53,51.90,642,639,,,EA,ORB
KUIPER-00204,2025-301N,67145,PAY,+,US,2025-12-16,AFETR,,97.30,51.90,630,629,,,EA,ORB
KUIPER-00210,2025-301P,67146,PAY,+,US,2025-12-16,AFETR,,97.30,51.90,630,629,,,EA,ORB
KUIPER-00221,2025-301Q,67147,PAY,+,US,2025-12-16,AFETR,,97.30,51.90,630,629,,,EA,ORB
KUIPER-00232,2025-301R,67148,PAY,+,US,2025-12-16,AFETR,,97.30,51.90,630,629,,,EA,ORB
KUIPER-00241,2025-301S,67149,PAY,+,US,2025-12-16,AFETR,,97.30,51.90,630,629,,,EA,ORB
KUIPER-00245,2025-301T,67150,PAY,+,US,2025-12-16,AFETR,,97.30,51.90,630,629,,,EA,ORB
KUIPER-00246,2025-301U,67151,PAY,+,US,2025-12-16,AFETR,,97.30,51.90,630,629,,,EA,ORB
KUIPER-00247,2025-301V,67152,PAY,+,US,2025-12-16,AFETR,,97.30,51.90,630,629,,,EA,ORB
KUIPER-00248,2025-301W,67153,PAY,+,US,2025-12-16,AFETR,,97.30,51.90,630,629,,,EA,ORB
KUIPER-00249,2025-301X,67154,PAY,+,US,2025-12-16,AFETR,,97.30,51.90,630,629,,,EA,ORB
KUIPER-00250,2025-301Y,67155,PAY,+,US,2025-12-16,AFETR,,97.30,51.90,630,629,,,EA,ORB
KUIPER-00251,2025-301Z,67156,PAY,+,US,2025-12-16,AFETR,,97.30,51.90,630,629,,,EA,ORB
KUIPER-00252,2025-301AA,67157,PAY,+,US,2025-12-16,AFETR,,97.30,51.90,630,629,,,EA,ORB
KUIPER-00261,2025-301AB,67158,PAY,+,US,2025-12-16,AFETR,,97.30,51.91,630,629,,,EA,ORB
KUIPER-00265,2025-301AC,67159,PAY,+,US,2025-12-16,AFETR,,97.30,51.90,630,629,,,EA,ORB
GSAT0233 (GALILEO 33),2025-302A,67160,PAY,+,ESA,2025-12-17,FRGUI,,844.70,54.37,23228,23216,,,EA,ORB
ARIANE 6 R/B,2025-302B,67161,R/B,,FR,2025-12-17,FRGUI,,832.50,54.38,22949,22924,,,EA,ORB
GSAT0234 (GALILEO 34),2025-302C,67162,PAY,+,ESA,2025-12-17,FRGUI,,844.70,54.37,23226,23218,,,EA,ORB
STARLINK-35755,2025-303A,67163,PAY,+,US,2025-12-17,AFETR,,94.27,43.00,484,483,,,EA,ORB
STARLINK-36201,2025-303B,67164,PAY,+,US,2025-12-17,AFETR,,94.27,43.00,483,483,,,EA,ORB
STARLINK-36186,2025-303C,67165,PAY,+,US,2025-12-17,AFETR,,94.27,43.00,484,482,,,EA,ORB
STARLINK-36174,2025-303D,67166,PAY,+,US,2025-12-17,AFETR,,94.27,43.00,484,482,,,EA,ORB
STARLINK-36198,2025-303E,67167,PAY,+,US,2025-12-17,AFETR,,94.27,43.00,484,482,,,EA,ORB
STARLINK-35903,2025-303F,67168,PAY,+,US,2025-12-17,AFETR,,94.27,43.00,485,481,,,EA,ORB
STARLINK-35839,2025-303G,67169,PAY,+,US,2025-12-17,AFETR,,94.27,43.00,483,483,,,EA,ORB
STARLINK-35863,2025-303H,67170,PAY,+,US,2025-12-17,AFETR,,94.27,43.00,484,482,,,EA,ORB
STARLINK-35771,2025-303J,67171,PAY,+,US,2025-12-17,AFETR,,94.27,43.00,484,482,,,EA,ORB
STARLINK-35762,2025-303K,67172,PAY,+,US,2025-12-17,AFETR,,94.27,43.00,483,483,,,EA,ORB
STARLINK-36183,2025-303L,67173,PAY,+,US,2025-12-17,AFETR,,94.27,43.00,484,482,,,EA,ORB
STARLINK-36210,2025-303M,67174,PAY,+,US,2025-12-17,AFETR,,94.27,43.00,483,483,,,EA,ORB
STARLINK-35756,2025-303N,67175,PAY,+,US,2025-12-17,AFETR,,94.27,43.00,484,482,,,EA,ORB
STARLINK-35785,2025-303P,67176,PAY,+,US,2025-12-17,AFETR,,94.27,43.00,484,482,,,EA,ORB
STARLINK-35853,2025-303Q,67177,PAY,+,US,2025-12-17,AFETR,,94.27,43.00,484,482,,,EA,ORB
STARLINK-35878,2025-303R,67178,PAY,+,US,2025-12-17,AFETR,,94.27,43.00,484,483,,,EA,ORB
STARLINK-35793,2025-303S,67179,PAY,+,US,2025-12-17,AFETR,,94.27,43.00,484,482,,,EA,ORB
STARLINK-35876,2025-303T,67180,PAY,+,US,2025-12-17,AFETR,,94.27,43.00,484,482,,,EA,ORB
STARLINK-35766,2025-303U,67181,PAY,+,US,2025-12-17,AFETR,,94.27,43.00,484,482,,,EA,ORB
STARLINK-35782,2025-303V,67182,PAY,+,US,2025-12-17,AFETR,,94.27,43.00,484,482,,,EA,ORB
STARLINK-35719,2025-303W,67183,PAY,+,US,2025-12-17,AFETR,,94.27,43.00,484,482,,,EA,ORB
STARLINK-35910,2025-303X,67184,PAY,+,US,2025-12-17,AFETR,,94.27,43.00,484,482,,,EA,ORB
STARLINK-35859,2025-303Y,67185,PAY,+,US,2025-12-17,AFETR,,94.27,43.00,484,482,,,EA,ORB
STARLINK-35857,2025-303Z,67186,PAY,+,US,2025-12-17,AFETR,,94.27,43.00,487,479,,,EA,ORB
STARLINK-35880,2025-303AA,67187,PAY,+,US,2025-12-17,AFETR,,94.27,43.00,484,482,,,EA,ORB
STARLINK-35675,2025-303AB,67188,PAY,+,US,2025-12-17,AFETR,,94.27,43.00,484,482,,,EA,ORB
STARLINK-35889,2025-303AC,67189,PAY,+,US,2025-12-17,AFETR,,94.27,43.00,484,482,,,EA,ORB
STARLINK-35888,2025-303AD,67190,PAY,+,US,2025-12-17,AFETR,,94.27,43.00,483,483,,,EA,ORB
STARLINK-35716,2025-303AE,67191,PAY,+,US,2025-12-17,AFETR,,94.27,43.00,484,482,,,EA,ORB
STARLINK-36182,2025-304A,67192,PAY,+,US,2025-12-17,AFWTR,,96.11,70.00,574,570,,,EA,ORB
STARLINK-36279,2025-304B,67193,PAY,+,US,2025-12-17,AFWTR,,96.11,70.00,574,570,,,EA,ORB
STARLINK-36284,2025-304C,67194,PAY,+,US,2025-12-17,AFWTR,,96.11,70.00,574,570,,,EA,ORB
STARLINK-36291,2025-304D,67195,PAY,+,US,2025-12-17,AFWTR,,96.11,70.00,574,570,,,EA,ORB
STARLINK-36239,2025-304E,67196,PAY,+,US,2025-12-17,AFWTR,,96.11,70.00,574,570,,,EA,ORB
STARLINK-36283,2025-304F,67197,PAY,+,US,2025-12-17,AFWTR,,96.11,70.00,574,570,,,EA,ORB
STARLINK-36267,2025-304G,67198,PAY,+,US,2025-12-17,AFWTR,,96.11,70.00,574,570,,,EA,ORB
STARLINK-36268,2025-304H,67199,PAY,+,US,2025-12-17,AFWTR,,96.11,70.00,574,570,,,EA,ORB
STARLINK-36270,2025-304J,67200,PAY,+,US,2025-12-17,AFWTR,,96.11,70.00,574,570,,,EA,ORB
STARLINK-36262,2025-304K,67201,PAY,+,US,2025-12-17,AFWTR,,96.11,70.00,574,570,,,EA,ORB
STARLINK-36263,2025-304L,67202,PAY,+,US,2025-12-17,AFWTR,,96.11,70.00,573,571,,,EA,ORB
STARLINK-36224,2025-304M,67203,PAY,+,US,2025-12-17,AFWTR,,96.11,70.00,574,570,,,EA,ORB
STARLINK-36185,2025-304N,67204,PAY,+,US,2025-12-17,AFWTR,,96.11,70.00,574,570,,,EA,ORB
STARLINK-36197,2025-304P,67205,PAY,+,US,2025-12-17,AFWTR,,96.11,70.00,574,570,,,EA,ORB
STARLINK-36056,2025-304Q,67206,PAY,+,US,2025-12-17,AFWTR,,96.11,70.00,574,571,,,EA,ORB
STARLINK-36225,2025-304R,67207,PAY,+,US,2025-12-17,AFWTR,,96.11,70.00,574,570,,,EA,ORB
STARLINK-36265,2025-304S,67208,PAY,+,US,2025-12-17,AFWTR,,96.11,70.00,574,570,,,EA,ORB
STARLINK-36226,2025-304T,67209,PAY,+,US,2025-12-17,AFWTR,,96.11,70.00,574,570,,,EA,ORB
STARLINK-36173,2025-304U,67210,PAY,+,US,2025-12-17,AFWTR,,96.11,70.00,574,570,,,EA,ORB
STARLINK-36280,2025-304V,67211,PAY,+,US,2025-12-17,AFWTR,,96.11,70.00,574,570,,,EA,ORB
STARLINK-36213,2025-304W,67212,PAY,+,US,2025-12-17,AFWTR,,96.11,70.00,574,570,,,EA,ORB
STARLINK-36199,2025-304X,67213,PAY,+,US,2025-12-17,AFWTR,,96.11,70.00,574,570,,,EA,ORB
STARLINK-36203,2025-304Y,67214,PAY,+,US,2025-12-17,AFWTR,,96.11,70.00,574,570,,,EA,ORB
STARLINK-36221,2025-304Z,67215,PAY,+,US,2025-12-17,AFWTR,,96.11,70.00,573,571,,,EA,ORB
STARLINK-36212,2025-304AA,67216,PAY,+,US,2025-12-17,AFWTR,,96.11,70.00,574,570,,,EA,ORB
STARLINK-36216,2025-304AB,67217,PAY,+,US,2025-12-17,AFWTR,,96.11,70.00,574,570,,,EA,ORB
STARLINK-36211,2025-304AC,67218,PAY,+,US,2025-12-17,AFWTR,,96.11,70.00,574,570,,,EA,ORB
DISKSAT C,2025-305A,67219,PAY,+,US,2025-12-18,WLPIS,,95.32,45.00,539,529,,,EA,ORB
DISKSAT B,2025-305B,67220,PAY,+,US,2025-12-18,WLPIS,,95.42,45.00,542,536,,,EA,ORB
DISKSAT D,2025-305C,67221,PAY,+,US,2025-12-18,WLPIS,,95.40,45.00,542,534,,,EA,ORB
DISKSAT A,2025-305D,67222,PAY,+,US,2025-12-18,WLPIS,,95.35,45.00,540,531,,,EA,ORB
ELECTRON KICK STAGE R/B,2025-305E,67223,R/B,D,US,2025-12-18,WLPIS,2026-04-02,87.72,44.96,166,157,,,EA,IMP
ELECTRON R/B,2025-305F,67224,R/B,D,US,2025-12-18,WLPIS,2026-01-07,87.40,44.98,159,132,,,EA,IMP
OBJECT E,2025-255E,67225,UNK,D,PRC,2025-11-08,YSLA,2025-12-23,91.10,52.98,346,312,,,EA,IMP
TJS-23,2025-306A,67226,PAY,+,PRC,2025-12-20,WSC,,1436.15,5.44,35805,35770,,,EA,ORB
CZ-5 R/B,2025-306B,67227,R/B,,PRC,2025-12-20,WSC,,743.14,15.83,41270,329,,,EA,ORB
QPS-SAR-15 (SUKUNAMI-I),2025-307A,67228,PAY,+,JPN,2025-12-21,RLLB,,96.04,42.01,575,562,,,EA,ORB
ELECTRON R/B,2025-307B,67229,R/B,D,US,2025-12-21,RLLB,2026-01-23,88.11,41.98,202,160,,,EA,IMP
ELECTRON KICK STAGE R/B,2025-307C,67230,R/B,D,US,2025-12-21,RLLB,2026-01-16,87.58,41.99,166,143,,,EA,IMP
CZ-12A R/B,2025-308A,67231,R/B,D,PRC,2025-12-23,JSC,2025-12-28,87.19,69.70,140,131,,,EA,IMP
SPACEMOBILE-006,2025-309A,67232,PAY,+,US,2025-12-24,SRILR,,94.81,53.00,517,502,,,EA,ORB
LVM3 R/B,2025-309B,67233,R/B,,IND,2025-12-24,SRILR,,94.58,52.93,507,490,,,EA,ORB
OBZOR-R 1,2025-310A,67234,PAY,+,CIS,2025-12-25,PLMSC,,97.57,97.97,643,641,,,EA,ORB
SL-4 R/B,2025-310B,67235,R/B,D,CIS,2025-12-25,PLMSC,2026-03-18,87.38,97.92,160,129,,,EA,IMP
HULIANWANG DIGUI-128,2025-311A,67236,PAY,+,PRC,2025-12-25,WSC,,108.33,50.01,1150,1149,,,EA,ORB
HULIANWANG DIGUI-129,2025-311B,67237,PAY,+,PRC,2025-12-25,WSC,,108.33,50.01,1150,1149,,,EA,ORB
HULIANWANG DIGUI-130,2025-311C,67238,PAY,+,PRC,2025-12-25,WSC,,108.33,50.00,1150,1149,,,EA,ORB
HULIANWANG DIGUI-131,2025-311D,67239,PAY,+,PRC,2025-12-25,WSC,,108.33,50.00,1150,1149,,,EA,ORB
HULIANWANG DIGUI-132,2025-311E,67240,PAY,+,PRC,2025-12-25,WSC,,108.33,50.00,1150,1149,,,EA,ORB
HULIANWANG DIGUI-133,2025-311F,67241,PAY,+,PRC,2025-12-25,WSC,,108.33,50.01,1150,1149,,,EA,ORB
HULIANWANG DIGUI-134,2025-311G,67242,PAY,+,PRC,2025-12-25,WSC,,108.33,50.00,1150,1149,,,EA,ORB
HULIANWANG DIGUI-135,2025-311H,67243,PAY,+,PRC,2025-12-25,WSC,,108.33,50.00,1150,1149,,,EA,ORB
HULIANWANG DIGUI-136,2025-311J,67244,PAY,+,PRC,2025-12-25,WSC,,108.33,50.01,1150,1149,,,EA,ORB
CZ-8A R/B,2025-311K,67245,R/B,,PRC,2025-12-25,WSC,,101.94,50.00,915,786,,,EA,ORB
FENGYUN 4C,2025-312A,67246,PAY,+,PRC,2025-12-26,XICLF,,1436.10,0.01,35788,35785,,,EA,ORB
CZ-3B R/B,2025-312B,67247,R/B,D,PRC,2025-12-26,XICLF,2026-07-01,98.59,28.07,1280,103,,,EA,IMP
OBJECT A,2025-313A,67248,PAY,+,TBD,2025-12-28,VOSTO,,98.13,97.54,866,473,,,EA,ORB
OBJECT B,2025-313B,67249,PAY,+,TBD,2025-12-28,VOSTO,,97.66,97.51,852,441,,,EA,ORB
OBJECT C,2025-313C,67250,PAY,+,TBD,2025-12-28,VOSTO,,96.66,97.61,703,494,,,EA,ORB
OBJECT D,2025-313D,67251,PAY,+,TBD,2025-12-28,VOSTO,,96.65,97.56,703,494,,,EA,ORB
ZORKIY-2M-VPE,2025-313E,67252,PAY,+,CIS,2025-12-28,VOSTO,,94.42,97.39,499,483,,,EA,ORB
AIST-2T 1,2025-313F,67253,PAY,+,CIS,2025-12-28,VOSTO,,92.27,97.08,388,383,,,EA,ORB
AIST-2T 2,2025-313G,67254,PAY,+,CIS,2025-12-28,VOSTO,,92.27,97.08,388,383,,,EA,ORB
OBJECT H,2025-313H,67255,PAY,+,TBD,2025-12-28,VOSTO,,95.53,97.28,593,496,,,EA,ORB
SITRO-AIS-57,2025-313J,67256,PAY,+,CIS,2025-12-28,VOSTO,,94.48,97.39,505,482,,,EA,ORB
SITRO-AIS-59,2025-313K,67257,PAY,+,CIS,2025-12-28,VOSTO,,94.49,97.39,505,482,,,EA,ORB
SITRO-AIS-58,2025-313L,67258,PAY,+,CIS,2025-12-28,VOSTO,,94.48,97.39,505,482,,,EA,ORB
OBJECT M,2025-313M,67259,PAY,+,TBD,2025-12-28,VOSTO,,94.37,97.39,499,478,,,EA,ORB
SITRO-AIS-60,2025-313N,67260,PAY,+,CIS,2025-12-28,VOSTO,,94.56,97.39,507,487,,,EA,ORB
OBJECT P,2025-313P,67261,PAY,+,TBD,2025-12-28,VOSTO,,94.22,97.39,491,471,,,EA,ORB
OBJECT Q,2025-313Q,67262,PAY,+,TBD,2025-12-28,VOSTO,,94.39,97.39,499,479,,,EA,ORB
DCS-1,2025-313R,67263,PAY,+,CIS,2025-12-28,VOSTO,,94.46,97.39,503,482,,,EA,ORB
KOWSAR 1.5,2025-313S,67264,PAY,+,IRAN,2025-12-28,VOSTO,,94.55,97.40,508,486,,,EA,ORB
SITRO-TD-4,2025-313T,67265,PAY,+,CIS,2025-12-28,VOSTO,,94.47,97.39,504,482,,,EA,ORB
SITRO-AIS-65,2025-313U,67266,PAY,+,CIS,2025-12-28,VOSTO,,94.46,97.39,503,482,,,EA,ORB
OBJECT V,2025-313V,67267,PAY,+,TBD,2025-12-28,VOSTO,,94.41,97.39,500,480,,,EA,ORB
ZORKY-2M 7,2025-313W,67268,PAY,+,CIS,2025-12-28,VOSTO,,94.53,97.39,507,485,,,EA,ORB
OBJECT X,2025-313X,67269,PAY,+,TBD,2025-12-28,VOSTO,,94.35,97.39,497,477,,,EA,ORB
SITRO-TD-3,2025-313Y,67270,PAY,+,CIS,2025-12-28,VOSTO,,94.46,97.39,503,482,,,EA,ORB
OBJECT Z,2025-313Z,67271,PAY,+,TBD,2025-12-28,VOSTO,,94.61,97.39,511,489,,,EA,ORB
OBJECT AA,2025-313AA,67272,PAY,+,TBD,2025-12-28,VOSTO,,94.42,97.39,501,480,,,EA,ORB
OBJECT AB,2025-313AB,67273,PAY,+,TBD,2025-12-28,VOSTO,,94.65,97.39,512,491,,,EA,ORB
OBJECT AC,2025-313AC,67274,PAY,+,TBD,2025-12-28,VOSTO,,94.54,97.39,507,485,,,EA,ORB
OBJECT AD,2025-313AD,67275,PAY,+,TBD,2025-12-28,VOSTO,,94.53,97.39,506,485,,,EA,ORB
OBJECT AE,2025-313AE,67276,PAY,+,TBD,2025-12-28,VOSTO,,94.53,97.39,506,486,,,EA,ORB
OBJECT AF,2025-313AF,67277,PAY,+,TBD,2025-12-28,VOSTO,,94.53,97.39,506,486,,,EA,ORB
OBJECT AG,2025-313AG,67278,PAY,+,TBD,2025-12-28,VOSTO,,94.54,97.39,507,486,,,EA,ORB
GALAPAGOS-UTE-SWSU,2025-313AH,67279,PAY,+,TBD,2025-12-28,VOSTO,,94.51,97.39,506,485,,,EA,ORB
OBJECT AJ,2025-313AJ,67280,PAY,+,TBD,2025-12-28,VOSTO,,94.55,97.40,507,487,,,EA,ORB
OBJECT AK,2025-313AK,67281,PAY,+,TBD,2025-12-28,VOSTO,,94.55,97.38,506,488,,,EA,ORB
OBJECT AL,2025-313AL,67282,PAY,+,TBD,2025-12-28,VOSTO,,94.50,97.39,503,486,,,EA,ORB
HORS 5,2025-313AM,67283,PAY,+,CIS,2025-12-28,VOSTO,,94.45,97.39,500,484,,,EA,ORB
LOBACHEVSKY (RS83S),2025-313AN,67284,PAY,+,TBD,2025-12-28,VOSTO,,94.52,97.39,504,487,,,EA,ORB
NASBSAT-2,2025-313AP,67285,PAY,+,BELA,2025-12-28,VOSTO,,94.46,97.39,501,485,,,EA,ORB
MULE 4T,2025-313AQ,67286,PAY,+,CIS,2025-12-28,VOSTO,,94.42,97.39,498,483,,,EA,ORB
LUCA (RS90S),2025-313AR,67287,PAY,+,MNE,2025-12-28,VOSTO,,94.40,97.39,497,482,,,EA,ORB
OBJECT AS,2025-313AS,67288,PAY,+,TBD,2025-12-28,VOSTO,,94.51,97.39,504,486,,,EA,ORB
NASBSAT-1,2025-313AT,67289,PAY,+,BELA,2025-12-28,VOSTO,,94.28,97.39,491,476,,,EA,ORB
SAKHACUBE-CHOLBON (RS18S),2025-313AU,67290,PAY,+,CIS,2025-12-28,VOSTO,,94.37,97.39,495,481,,,EA,ORB
QMR-KWT-2 (RS95S),2025-313AV,67291,PAY,+,KWT,2025-12-28,VOSTO,,94.25,97.39,489,475,,,EA,ORB
SITRO-AIS-64,2025-313AW,67292,PAY,+,CIS,2025-12-28,VOSTO,,94.36,97.39,495,481,,,EA,ORB
SCORPION (RS89S),2025-313AX,67293,PAY,+,CIS,2025-12-28,VOSTO,,94.54,97.39,505,488,,,EA,ORB
SITRO-AIS-63,2025-313AY,67294,PAY,+,CIS,2025-12-28,VOSTO,,94.36,97.39,494,481,,,EA,ORB
ZORKIY-2M-5,2025-313AZ,67295,PAY,+,CIS,2025-12-28,VOSTO,,94.43,97.39,499,483,,,EA,ORB
SITRO-AIS-62,2025-313BA,67296,PAY,+,CIS,2025-12-28,VOSTO,,94.35,97.39,494,480,,,EA,ORB
SITRO-AIS-61,2025-313BB,67297,PAY,+,CIS,2025-12-28,VOSTO,,94.34,97.39,493,480,,,EA,ORB
TRISAT-2 (RUVDSSAT1),2025-313BC,67298,PAY,+,CIS,2025-12-28,VOSTO,,88.59,97.35,216,193,,,EA,ORB
QUBESAT1 (TRISAT-3),2025-313BD,67299,PAY,D,QAT,2025-12-28,VOSTO,2026-08-10,88.32,97.40,201,182,,,EA,IMP
TIANHUI 7,2025-314A,67300,PAY,+,PRC,2025-12-30,JSC,,94.41,97.40,494,486,,,EA,ORB
CZ-4B R/B,2025-314B,67301,R/B,D,PRC,2025-12-30,JSC,2026-04-04,87.32,97.35,149,134,,,EA,IMP
SHIJIAN-29A (SJ-29A),2025-315A,67302,PAY,+,PRC,2025-12-30,WSC,,1436.07,3.56,35812,35760,,,EA,ORB
CZ-7A R/B,2025-315B,67303,R/B,,PRC,2025-12-30,WSC,,568.62,19.80,32532,184,,,EA,ORB
SHIJIAN-29B (SJ-29B),2025-315C,67403,PAY,+,PRC,2025-12-30,WSC,,1436.08,3.56,35814,35759,,,EA,ORB
USA 571,2025-173E,67480,PAY,+,US,2025-08-13,AFETR,,1454.15,3.02,36157,36121,,NEA,EA,ORB
SZ-20 MODULE,2025-082C,67481,PAY,+,PRC,2025-04-24,JSC,,91.59,41.48,360,345,,,EA,ORB
TRISAT-4,2025-313BE,67482,PAY,+,CIS,2025-12-28,VOSTO,,90.01,97.37,282,268,,,EA,ORB
ION SCV-021,2025-276DT,67483,PAY,+,IT,2025-11-28,AFWTR,,96.13,97.52,579,567,,,EA,ORB
OBJECT BF,2025-313BF,67755,PAY,D,CIS,2025-12-28,VOSTO,2026-08-11,87.86,97.35,182,155,,,EA,IMP
TEN-KOH 2,2025-241B,68261,PAY,+,JPN,2025-10-26,TANSC,,94.45,51.66,496,488,,,EA,ORB
W-SERIES 4 DEB,2025-135BW,69093,DEB,D,US,2025-06-23,AFWTR,2026-06-01,87.83,97.40,213,121,,,EA,IMP
W-SERIES 4 DEB,2025-135BX,69094,DEB,D,US,2025-06-23,AFWTR,2026-05-18,88.42,97.43,261,132,,,EA,IMP
SZ-22 MODULE,2025-272C,69328,PAY,+,PRC,2025-11-25,JSC,,92.16,41.48,385,376,,,EA,ORB
STARLINK-34343 DEB,2025-112AA,69729,DEB,D,US,2025-05-27,AFWTR,2026-06-26,90.76,97.59,330,294,,,EA,IMP
STARLINK-34343 DEB,2025-112AB,69730,DEB,,US,2025-05-27,AFWTR,,93.16,97.61,432,427,,,EA,ORB
FGN-TUG-S01,2025-276EE,100399,PAY,+,TURK,2025-11-28,AFWTR,,102.41,97.38,1213,532,,,EA,ORB
FRG-10D1,2025-276EF,100400,PAY,+,TURK,2025-11-28,AFWTR,,97.02,97.40,706,526,,,EA,ORB
