OBJECT_NAME,OBJECT_ID,NORAD_CAT_ID,OBJECT_TYPE,OPS_STATUS_CODE,OWNER,LAUNCH_DATE,LAUNCH_SITE,DECAY_DATE,PERIOD,INCLINATION,APOGEE,PERIGEE,RCS,DATA_STATUS_CODE,ORBIT_CENTER,ORBIT_TYPE
STARLINK-1073,2020-001A,44914,PAY,D,US,2020-01-07,AFETR,2025-04-22,87.34,53.02,148,137,,,EA,IMP
STARLINK-1084,2020-001B,44915,PAY,D,US,2020-01-07,AFETR,2025-02-14,87.39,53.02,149,141,,,EA,IMP
STARLINK-1097,2020-001C,44916,PAY,D,US,2020-01-07,AFETR,2021-12-13,88.10,53.03,183,177,,,EA,IMP
STARLINK-1098,2020-001D,44917,PAY,D,US,2020-01-07,AFETR,2025-09-13,87.50,53.04,154,148,,,EA,IMP
STARLINK-1099,2020-001E,44918,PAY,D,US,2020-01-07,AFETR,2024-08-17,90.54,53.04,305,298,,,EA,IMP
STARLINK-1101,2020-001F,44919,PAY,D,US,2020-01-07,AFETR,2021-11-23,88.31,53.03,196,185,,,EA,IMP
STARLINK-1102,2020-001G,44920,PAY,D,US,2020-01-07,AFETR,2025-03-16,87.58,53.02,158,150,,,EA,IMP
STARLINK-1103,2020-001H,44921,PAY,D,US,2020-01-07,AFETR,2025-04-30,87.75,53.03,169,157,,,EA,IMP
STARLINK-1104,2020-001J,44922,PAY,D,US,2020-01-07,AFETR,2025-09-12,88.00,53.03,177,174,,,EA,IMP
STARLINK-1106,2020-001K,44923,PAY,D,US,2020-01-07,AFETR,2025-05-04,88.15,52.98,188,178,,,EA,IMP
STARLINK-1111,2020-001L,44924,PAY,D,US,2020-01-07,AFETR,2024-07-27,87.74,53.03,167,158,,,EA,IMP
STARLINK-1112,2020-001M,44925,PAY,D,US,2020-01-07,AFETR,2026-03-13,87.53,53.02,153,151,,,EA,IMP
STARLINK-1113,2020-001N,44926,PAY,D,US,2020-01-07,AFETR,2024-09-21,87.94,53.03,177,169,,,EA,IMP
STARLINK-1114,2020-001P,44927,PAY,P,US,2020-01-07,AFETR,,91.24,53.04,340,331,,,EA,ORB
STARLINK-1119,2020-001Q,44928,PAY,D,US,2020-01-07,AFETR,2024-05-15,88.35,53.04,198,188,,,EA,IMP
STARLINK-1121,2020-001R,44929,PAY,D,US,2020-01-07,AFETR,2024-03-07,88.55,53.04,206,199,,,EA,IMP
STARLINK-1123,2020-001S,44930,PAY,P,US,2020-01-07,AFETR,,91.90,53.14,368,367,,,EA,ORB
STARLINK-1128,2020-001T,44931,PAY,D,US,2020-01-07,AFETR,2024-08-09,90.42,53.03,302,288,,,EA,IMP
STARLINK-1130 (DARKSAT),2020-001U,44932,PAY,D,US,2020-01-07,AFETR,2025-07-20,87.39,53.02,148,142,,,EA,IMP
STARLINK-1144,2020-001V,44933,PAY,D,US,2020-01-07,AFETR,2026-02-14,87.69,53.02,164,156,,,EA,IMP
STARLINK-1071,2020-001W,44934,PAY,D,US,2020-01-07,AFETR,2025-09-16,88.62,53.03,211,202,,,EA,IMP
STARLINK-1072,2020-001X,44935,PAY,D,US,2020-01-07,AFETR,2021-11-23,88.00,53.03,180,171,,,EA,IMP
STARLINK-1078,2020-001Y,44936,PAY,D,US,2020-01-07,AFETR,2021-10-18,88.16,53.04,188,179,,,EA,IMP
STARLINK-1079,2020-001Z,44937,PAY,D,US,2020-01-07,AFETR,2025-08-11,87.45,53.01,155,141,,,EA,IMP
STARLINK-1082,2020-001AA,44938,PAY,D,US,2020-01-07,AFETR,2024-08-21,90.82,53.05,318,311,,,EA,IMP
STARLINK-1083,2020-001AB,44939,PAY,D,US,2020-01-07,AFETR,2024-08-27,88.30,53.03,192,188,,,EA,IMP
STARLINK-1091,2020-001AC,44940,PAY,D,US,2020-01-07,AFETR,2025-11-09,88.08,53.02,183,177,,,EA,IMP
STARLINK-1094,2020-001AD,44941,PAY,P,US,2020-01-07,AFETR,,92.04,53.15,377,373,,,EA,ORB
STARLINK-1096,2020-001AE,44942,PAY,D,US,2020-01-07,AFETR,2025-11-27,87.47,52.96,152,146,,,EA,IMP
STARLINK-1100,2020-001AF,44943,PAY,D,US,2020-01-07,AFETR,2024-08-16,90.36,53.04,296,289,,,EA,IMP
STARLINK-1108,2020-001AG,44944,PAY,D,US,2020-01-07,AFETR,2024-10-16,88.35,53.03,200,186,,,EA,IMP
STARLINK-1109,2020-001AH,44945,PAY,D,US,2020-01-07,AFETR,2025-05-28,87.36,53.02,149,139,,,EA,IMP
STARLINK-1110,2020-001AJ,44946,PAY,D,US,2020-01-07,AFETR,2024-04-11,88.81,52.99,217,214,,,EA,IMP
STARLINK-1116,2020-001AK,44947,PAY,D,US,2020-01-07,AFETR,2023-06-08,87.46,53.02,155,143,,,EA,IMP
STARLINK-1118,2020-001AL,44948,PAY,D,US,2020-01-07,AFETR,2020-04-02,88.16,52.99,188,179,,,EA,IMP
STARLINK-1122,2020-001AM,44949,PAY,P,US,2020-01-07,AFETR,,92.07,53.15,378,374,,,EA,ORB
STARLINK-1125,2020-001AN,44950,PAY,D,US,2020-01-07,AFETR,2023-07-09,87.36,53.02,149,138,,,EA,IMP
STARLINK-1126,2020-001AP,44951,PAY,D,US,2020-01-07,AFETR,2024-05-15,88.32,52.99,195,188,,,EA,IMP
STARLINK-1117,2020-001AQ,44952,PAY,D,US,2020-01-07,AFETR,2025-05-31,87.50,53.03,155,147,,,EA,IMP
STARLINK-1124,2020-001AR,44953,PAY,D,US,2020-01-07,AFETR,2023-12-30,88.10,53.03,184,177,,,EA,IMP
STARLINK-1066,2020-001AS,44954,PAY,D,US,2020-01-07,AFETR,2025-09-23,87.48,53.03,153,147,,,EA,IMP
STARLINK-1069,2020-001AT,44955,PAY,D,US,2020-01-07,AFETR,2023-12-15,88.54,53.03,204,201,,,EA,IMP
STARLINK-1070,2020-001AU,44956,PAY,D,US,2020-01-07,AFETR,2023-12-22,88.23,53.03,193,182,,,EA,IMP
STARLINK-1074,2020-001AV,44957,PAY,D,US,2020-01-07,AFETR,2023-09-29,88.52,53.04,203,200,,,EA,IMP
STARLINK-1075,2020-001AW,44958,PAY,D,US,2020-01-07,AFETR,2021-07-29,87.58,53.03,155,154,,,EA,IMP
STARLINK-1076,2020-001AX,44959,PAY,D,US,2020-01-07,AFETR,2025-03-22,88.68,53.03,211,208,,,EA,IMP
STARLINK-1077,2020-001AY,44960,PAY,D,US,2020-01-07,AFETR,2020-11-09,88.32,52.99,196,187,,,EA,IMP
STARLINK-1080,2020-001AZ,44961,PAY,P,US,2020-01-07,AFETR,,91.38,53.04,345,339,,,EA,ORB
STARLINK-1081,2020-001BA,44962,PAY,D,US,2020-01-07,AFETR,2021-09-30,88.03,53.04,183,171,,,EA,IMP
STARLINK-1085,2020-001BB,44963,PAY,D,US,2020-01-07,AFETR,2023-04-04,87.91,52.96,176,166,,,EA,IMP
STARLINK-1086,2020-001BC,44964,PAY,D,US,2020-01-07,AFETR,2024-02-02,88.19,53.03,189,181,,,EA,IMP
STARLINK-1087,2020-001BD,44965,PAY,D,US,2020-01-07,AFETR,2020-05-29,87.61,52.99,162,150,,,EA,IMP
STARLINK-1088,2020-001BE,44966,PAY,D,US,2020-01-07,AFETR,2025-04-21,87.51,53.04,154,148,,,EA,IMP
STARLINK-1089,2020-001BF,44967,PAY,D,US,2020-01-07,AFETR,2024-10-12,89.06,53.05,234,222,,,EA,IMP
STARLINK-1090,2020-001BG,44968,PAY,P,US,2020-01-07,AFETR,,92.35,53.14,391,388,,,EA,ORB
STARLINK-1092,2020-001BH,44969,PAY,D,US,2020-01-07,AFETR,2025-07-19,87.40,53.02,149,142,,,EA,IMP
STARLINK-1093,2020-001BJ,44970,PAY,D,US,2020-01-07,AFETR,2025-08-11,87.46,53.02,154,143,,,EA,IMP
STARLINK-1095,2020-001BK,44971,PAY,D,US,2020-01-07,AFETR,2021-09-20,88.08,53.01,186,172,,,EA,IMP
STARLINK-1107,2020-001BL,44972,PAY,D,US,2020-01-07,AFETR,2025-12-13,87.81,52.98,169,163,,,EA,IMP
STARLINK-1115,2020-001BM,44973,PAY,D,US,2020-01-07,AFETR,2025-09-10,87.60,53.01,159,152,,,EA,IMP
FALCON 9 DEB,2020-001BN,44974,DEB,D,US,2020-01-07,AFETR,2020-03-11,87.90,52.98,172,169,,,EA,IMP
FALCON 9 DEB,2020-001BP,44975,DEB,D,US,2020-01-07,AFETR,2020-03-12,87.47,52.98,151,147,,,EA,IMP
FALCON 9 DEB,2020-001BQ,44976,DEB,D,US,2020-01-07,AFETR,2020-03-06,87.72,52.98,162,161,,,EA,IMP
FALCON 9 DEB,2020-001BR,44977,DEB,D,US,2020-01-07,AFETR,2020-03-03,88.04,52.98,179,176,,,EA,IMP
TJS-5,2020-002A,44978,PAY,+,PRC,2020-01-07,XICLF,,1436.10,0.16,35821,35753,,,EA,ORB
CZ-3B R/B,2020-002B,44979,R/B,D,PRC,2020-01-07,XICLF,2021-04-03,94.05,26.94,841,105,,,EA,IMP
JILIN-1 KUANFU 01,2020-003A,45016,PAY,+,PRC,2020-01-15,TAISC,,95.30,97.50,541,525,,,EA,ORB
NUSAT-7 (SOPHIE),2020-003B,45017,PAY,D,ARGN,2020-01-15,TAISC,2024-01-12,87.27,97.12,147,131,,,EA,IMP
NUSAT-8 (MARIE),2020-003C,45018,PAY,D,ARGN,2020-01-15,TAISC,2023-09-30,87.17,97.14,143,126,,,EA,IMP
TIANQI-5,2020-003D,45019,PAY,D,PRC,2020-01-15,TAISC,2024-08-08,89.70,97.10,263,256,,,EA,IMP
CZ-2D DEB,2020-003E,45020,DEB,D,PRC,2020-01-15,TAISC,2023-04-03,88.09,97.03,187,172,,,EA,IMP
CZ-2D DEB,2020-003F,45021,DEB,D,PRC,2020-01-15,TAISC,2023-03-01,88.13,97.19,189,175,,,EA,IMP
CZ-2D DEB,2020-003G,45022,DEB,D,PRC,2020-01-15,TAISC,2023-01-27,87.33,97.11,151,133,,,EA,IMP
CZ-2D DEB,2020-003H,45023,DEB,D,PRC,2020-01-15,TAISC,2022-08-12,88.92,97.36,229,213,,,EA,IMP
YINHE-1,2020-004A,45024,PAY,+,PRC,2020-01-16,JSC,,97.35,86.39,642,621,,,EA,ORB
KZ-1A R/B,2020-004B,45025,R/B,D,PRC,2020-01-16,JSC,2020-01-18,90.09,86.36,442,116,,,EA,IMP
GSAT-30,2020-005A,45026,PAY,+,IND,2020-01-16,FRGUI,,1436.06,0.06,35797,35775,,,EA,ORB
EUTELSAT KONNECT,2020-005B,45027,PAY,+,EUTE,2020-01-16,FRGUI,,1436.11,0.07,35796,35778,,,EA,ORB
ARIANE 5 DEB [SYLDA],2020-005C,45028,DEB,,FR,2020-01-16,FRGUI,,210.14,6.10,10429,232,,,EA,ORB
ARIANE 5 R/B,2020-005D,45029,R/B,,FR,2020-01-16,FRGUI,,413.52,5.79,23801,214,,,EA,ORB
STARLINK-1132,2020-006A,45044,PAY,P,US,2020-01-29,AFETR,,91.70,53.15,359,356,,,EA,ORB
STARLINK-1120,2020-006B,45045,PAY,D,US,2020-01-29,AFETR,2024-06-25,88.35,53.03,194,192,,,EA,IMP
STARLINK-1129,2020-006C,45046,PAY,D,US,2020-01-29,AFETR,2023-04-27,88.41,52.98,207,185,,,EA,IMP
STARLINK-1131,2020-006D,45047,PAY,P,US,2020-01-29,AFETR,,92.06,53.15,379,372,,,EA,ORB
STARLINK-1134,2020-006E,45048,PAY,P,US,2020-01-29,AFETR,,91.94,53.02,374,365,,,EA,ORB
STARLINK-1135,2020-006F,45049,PAY,D,US,2020-01-29,AFETR,2024-12-15,87.53,53.05,156,148,,,EA,IMP
STARLINK-1140,2020-006G,45050,PAY,D,US,2020-01-29,AFETR,2024-08-14,90.40,53.05,298,290,,,EA,IMP
STARLINK-1141,2020-006H,45051,PAY,D,US,2020-01-29,AFETR,2023-05-30,87.65,53.02,165,151,,,EA,IMP
STARLINK-1148,2020-006J,45052,PAY,D,US,2020-01-29,AFETR,2025-07-28,88.08,53.02,185,174,,,EA,IMP
STARLINK-1155,2020-006K,45053,PAY,D,US,2020-01-29,AFETR,2024-09-12,88.62,52.97,214,198,,,EA,IMP
STARLINK-1156,2020-006L,45054,PAY,P,US,2020-01-29,AFETR,,93.45,53.15,445,442,,,EA,ORB
STARLINK-1157,2020-006M,45055,PAY,D,US,2020-01-29,AFETR,2020-10-22,87.62,52.98,159,154,,,EA,IMP
STARLINK-1158,2020-006N,45056,PAY,D,US,2020-01-29,AFETR,2020-12-05,88.27,52.98,194,184,,,EA,IMP
STARLINK-1159,2020-006P,45057,PAY,D,US,2020-01-29,AFETR,2026-05-07,87.42,53.02,152,141,,,EA,IMP
STARLINK-1162,2020-006Q,45058,PAY,D,US,2020-01-29,AFETR,2025-04-27,87.42,53.02,147,146,,,EA,IMP
STARLINK-1165,2020-006R,45059,PAY,D,US,2020-01-29,AFETR,2024-08-09,90.18,53.04,288,278,,,EA,IMP
STARLINK-1166,2020-006S,45060,PAY,P,US,2020-01-29,AFETR,,91.45,53.04,347,344,,,EA,ORB
STARLINK-1169,2020-006T,45061,PAY,P,US,2020-01-29,AFETR,,93.19,53.15,432,430,,,EA,ORB
STARLINK-1171,2020-006U,45062,PAY,P,US,2020-01-29,AFETR,,90.69,53.03,311,305,,,EA,ORB
STARLINK-1178,2020-006V,45063,PAY,D,US,2020-01-29,AFETR,2021-10-31,88.23,53.05,194,180,,,EA,IMP
STARLINK-1133,2020-006W,45064,PAY,P,US,2020-01-29,AFETR,,93.46,53.15,445,442,,,EA,ORB
STARLINK-1139,2020-006X,45065,PAY,D,US,2020-01-29,AFETR,2024-12-04,87.32,53.01,144,139,,,EA,IMP
STARLINK-1145,2020-006Y,45066,PAY,D,US,2020-01-29,AFETR,2025-01-29,,,,,,,EA,IMP
STARLINK-1150,2020-006Z,45067,PAY,D,US,2020-01-29,AFETR,2025-10-06,87.94,53.03,177,168,,,EA,IMP
STARLINK-1161,2020-006AA,45068,PAY,D,US,2020-01-29,AFETR,2025-07-17,87.39,53.00,149,141,,,EA,IMP
STARLINK-1163,2020-006AB,45069,PAY,D,US,2020-01-29,AFETR,2021-08-19,87.66,53.00,163,154,,,EA,IMP
STARLINK-1164,2020-006AC,45070,PAY,D,US,2020-01-29,AFETR,2021-07-30,87.74,53.04,165,160,,,EA,IMP
STARLINK-1167,2020-006AD,45071,PAY,P,US,2020-01-29,AFETR,,93.27,53.15,437,432,,,EA,ORB
STARLINK-1168,2020-006AE,45072,PAY,P,US,2020-01-29,AFETR,,93.42,53.15,443,440,,,EA,ORB
STARLINK-1170,2020-006AF,45073,PAY,D,US,2020-01-29,AFETR,2025-06-16,87.49,53.03,156,144,,,EA,IMP
STARLINK-1172,2020-006AG,45074,PAY,P,US,2020-01-29,AFETR,,93.21,53.15,434,429,,,EA,ORB
STARLINK-1174,2020-006AH,45075,PAY,D,US,2020-01-29,AFETR,2025-05-13,87.45,53.03,152,145,,,EA,IMP
STARLINK-1180,2020-006AJ,45076,PAY,D,US,2020-01-29,AFETR,2024-08-17,90.60,53.05,309,298,,,EA,IMP
STARLINK-1182,2020-006AK,45077,PAY,D,US,2020-01-29,AFETR,2022-04-08,88.43,53.04,199,194,,,EA,IMP
STARLINK-1177,2020-006AL,45078,PAY,D,US,2020-01-29,AFETR,2025-02-23,88.50,53.03,203,198,,,EA,IMP
STARLINK-1149,2020-006AM,45079,PAY,D,US,2020-01-29,AFETR,2024-06-29,88.26,53.03,192,185,,,EA,IMP
STARLINK-1153,2020-006AN,45080,PAY,P,US,2020-01-29,AFETR,,93.27,53.15,437,432,,,EA,ORB
STARLINK-1151,2020-006AP,45081,PAY,D,US,2020-01-29,AFETR,2026-07-31,87.39,53.03,149,141,,,EA,IMP
STARLINK-1160,2020-006AQ,45082,PAY,D,US,2020-01-29,AFETR,2024-09-12,88.74,53.03,219,206,,,EA,IMP
STARLINK-1190,2020-006AR,45083,PAY,D,US,2020-01-29,AFETR,2025-11-26,87.54,53.02,155,150,,,EA,IMP
STARLINK-1173,2020-006AS,45084,PAY,D,US,2020-01-29,AFETR,2025-10-29,87.75,53.02,165,161,,,EA,IMP
STARLINK-1179,2020-006AT,45085,PAY,D,US,2020-01-29,AFETR,2025-10-05,87.69,53.02,163,157,,,EA,IMP
STARLINK-1181,2020-006AU,45086,PAY,D,US,2020-01-29,AFETR,2023-05-18,88.00,52.93,184,167,,,EA,IMP
STARLINK-1185,2020-006AV,45087,PAY,P,US,2020-01-29,AFETR,,92.65,53.15,406,403,,,EA,ORB
STARLINK-1183,2020-006AW,45088,PAY,P,US,2020-01-29,AFETR,,93.46,53.15,446,442,,,EA,ORB
STARLINK-1136,2020-006AX,45089,PAY,D,US,2020-01-29,AFETR,2025-01-16,87.40,53.03,149,142,,,EA,IMP
STARLINK-1176,2020-006AY,45090,PAY,D,US,2020-01-29,AFETR,2025-11-02,87.67,53.03,161,158,,,EA,IMP
STARLINK-1127,2020-006AZ,45091,PAY,D,US,2020-01-29,AFETR,2021-08-26,88.34,53.04,202,183,,,EA,IMP
STARLINK-1137,2020-006BA,45092,PAY,D,US,2020-01-29,AFETR,2025-04-17,88.90,53.04,227,213,,,EA,IMP
STARLINK-1142,2020-006BB,45093,PAY,D,US,2020-01-29,AFETR,2025-12-26,87.61,53.01,161,152,,,EA,IMP
STARLINK-1146,2020-006BC,45094,PAY,D,US,2020-01-29,AFETR,2025-10-04,87.78,53.03,168,161,,,EA,IMP
STARLINK-1147,2020-006BD,45095,PAY,D,US,2020-01-29,AFETR,2025-10-15,87.64,53.02,163,153,,,EA,IMP
STARLINK-1152,2020-006BE,45096,PAY,P,US,2020-01-29,AFETR,,92.47,53.03,399,392,,,EA,ORB
STARLINK-1175,2020-006BF,45097,PAY,D,US,2020-01-29,AFETR,2021-03-19,88.00,52.96,183,169,,,EA,IMP
STARLINK-1184,2020-006BG,45098,PAY,P,US,2020-01-29,AFETR,,94.91,53.05,516,513,,,EA,ORB
STARLINK-1186,2020-006BH,45099,PAY,D,US,2020-01-29,AFETR,2025-02-12,87.64,53.03,160,155,,,EA,IMP
STARLINK-1193,2020-006BJ,45100,PAY,P,US,2020-01-29,AFETR,,91.37,53.04,345,338,,,EA,ORB
STARLINK-1194,2020-006BK,45101,PAY,D,US,2020-01-29,AFETR,2024-07-29,87.46,53.03,154,143,,,EA,IMP
STARLINK-1195,2020-006BL,45102,PAY,D,US,2020-01-29,AFETR,2024-02-14,87.68,53.03,163,156,,,EA,IMP
STARLINK-1196,2020-006BM,45103,PAY,D,US,2020-01-29,AFETR,2024-08-25,90.27,53.05,292,284,,,EA,IMP
FALCON 9 DEB,2020-006BN,45104,DEB,D,US,2020-01-29,AFETR,2020-03-29,87.79,52.98,171,159,,,EA,IMP
FALCON 9 DEB,2020-006BP,45105,DEB,D,US,2020-01-29,AFETR,2020-03-31,87.86,52.99,174,162,,,EA,IMP
FALCON 9 DEB,2020-006BQ,45106,DEB,D,US,2020-01-29,AFETR,2020-03-25,87.24,52.98,141,134,,,EA,IMP
FALCON 9 DEB,2020-006BR,45107,DEB,D,US,2020-01-29,AFETR,2020-03-22,87.34,52.98,146,139,,,EA,IMP
USA 294,2020-007A,45110,PAY,+,US,2020-01-31,RLLB,,,,,,,NEA,EA,ORB
ELECTRON KICK STAGE R/B,2020-007B,45111,R/B,D,US,2020-01-31,RLLB,2026-03-21,87.43,69.93,153,141,,,EA,IMP
ELECTRON R/B,2020-007C,45112,R/B,D,US,2020-01-31,RLLB,2020-02-22,87.59,69.96,177,133,,,EA,IMP
ONEWEB-0013,2020-008A,45131,PAY,+,UK,2020-02-06,TYMSC,,109.97,87.85,1227,1224,,,EA,ORB
ONEWEB-0017,2020-008B,45132,PAY,+,UK,2020-02-06,TYMSC,,109.89,87.89,1223,1220,,,EA,ORB
ONEWEB-0020,2020-008C,45133,PAY,+,UK,2020-02-06,TYMSC,,109.89,87.89,1223,1220,,,EA,ORB
ONEWEB-0021,2020-008D,45134,PAY,+,UK,2020-02-06,TYMSC,,109.89,87.88,1223,1220,,,EA,ORB
ONEWEB-0022,2020-008E,45135,PAY,-,UK,2020-02-06,TYMSC,,109.88,87.89,1223,1220,,,EA,ORB
ONEWEB-0023,2020-008F,45136,PAY,+,UK,2020-02-06,TYMSC,,109.89,87.89,1223,1221,,,EA,ORB
ONEWEB-0024,2020-008G,45137,PAY,+,UK,2020-02-06,TYMSC,,109.89,87.89,1223,1220,,,EA,ORB
ONEWEB-0025,2020-008H,45138,PAY,+,UK,2020-02-06,TYMSC,,109.89,87.89,1223,1221,,,EA,ORB
ONEWEB-0026,2020-008J,45139,PAY,+,UK,2020-02-06,TYMSC,,109.80,87.89,1219,1216,,,EA,ORB
ONEWEB-0028,2020-008K,45140,PAY,+,UK,2020-02-06,TYMSC,,109.80,87.89,1219,1216,,,EA,ORB
ONEWEB-0032,2020-008L,45141,PAY,+,UK,2020-02-06,TYMSC,,109.89,87.89,1223,1220,,,EA,ORB
ONEWEB-0033,2020-008M,45142,PAY,+,UK,2020-02-06,TYMSC,,109.89,87.88,1223,1220,,,EA,ORB
ONEWEB-0035,2020-008N,45143,PAY,+,UK,2020-02-06,TYMSC,,109.89,87.89,1223,1220,,,EA,ORB
ONEWEB-0036,2020-008P,45144,PAY,+,UK,2020-02-06,TYMSC,,109.89,87.89,1223,1220,,,EA,ORB
ONEWEB-0038,2020-008Q,45145,PAY,+,UK,2020-02-06,TYMSC,,109.81,87.89,1220,1215,,,EA,ORB
ONEWEB-0039,2020-008R,45146,PAY,+,UK,2020-02-06,TYMSC,,109.89,87.89,1223,1220,,,EA,ORB
ONEWEB-0040,2020-008S,45147,PAY,+,UK,2020-02-06,TYMSC,,109.89,87.88,1223,1221,,,EA,ORB
ONEWEB-0041,2020-008T,45148,PAY,-,UK,2020-02-06,TYMSC,,106.78,87.94,1091,1063,,,EA,ORB
ONEWEB-0043,2020-008U,45149,PAY,+,UK,2020-02-06,TYMSC,,109.89,87.89,1223,1220,,,EA,ORB
ONEWEB-0044,2020-008V,45150,PAY,+,UK,2020-02-06,TYMSC,,109.89,87.89,1223,1220,,,EA,ORB
ONEWEB-0045,2020-008W,45151,PAY,+,UK,2020-02-06,TYMSC,,109.81,87.89,1219,1216,,,EA,ORB
ONEWEB-0047,2020-008X,45152,PAY,+,UK,2020-02-06,TYMSC,,109.89,87.89,1223,1220,,,EA,ORB
ONEWEB-0048,2020-008Y,45153,PAY,+,UK,2020-02-06,TYMSC,,109.89,87.88,1223,1220,,,EA,ORB
ONEWEB-0049,2020-008Z,45154,PAY,+,UK,2020-02-06,TYMSC,,109.89,87.88,1223,1221,,,EA,ORB
ONEWEB-0051,2020-008AA,45155,PAY,+,UK,2020-02-06,TYMSC,,109.81,87.89,1219,1216,,,EA,ORB
ONEWEB-0052,2020-008AB,45156,PAY,+,UK,2020-02-06,TYMSC,,109.89,87.89,1223,1221,,,EA,ORB
ONEWEB-0053,2020-008AC,45157,PAY,+,UK,2020-02-06,TYMSC,,109.89,87.89,1223,1220,,,EA,ORB
ONEWEB-0054,2020-008AD,45158,PAY,+,UK,2020-02-06,TYMSC,,109.89,87.89,1223,1220,,,EA,ORB
ONEWEB-0056,2020-008AE,45159,PAY,+,UK,2020-02-06,TYMSC,,109.89,87.89,1223,1221,,,EA,ORB
ONEWEB-0057,2020-008AF,45160,PAY,+,UK,2020-02-06,TYMSC,,109.89,87.89,1223,1221,,,EA,ORB
ONEWEB-0058,2020-008AG,45161,PAY,+,UK,2020-02-06,TYMSC,,109.89,87.88,1223,1220,,,EA,ORB
ONEWEB-0059,2020-008AH,45162,PAY,+,UK,2020-02-06,TYMSC,,109.89,87.88,1223,1220,,,EA,ORB
ONEWEB-0062,2020-008AJ,45163,PAY,+,UK,2020-02-06,TYMSC,,109.89,87.89,1223,1220,,,EA,ORB
ONEWEB-0065,2020-008AK,45164,PAY,+,UK,2020-02-06,TYMSC,,109.89,87.89,1223,1221,,,EA,ORB
IGS O-7,2020-009A,45165,PAY,+,JPN,2020-02-09,TANSC,,,,,,,NEA,EA,ORB
H-2A R/B,2020-009B,45166,R/B,D,JPN,2020-02-09,TANSC,2024-04-22,86.84,96.95,124,111,,,EA,IMP
SOLAR ORBITER,2020-010A,45167,PAY,+,ESA,2020-02-10,AFETR,,,,,,,NEA,SU,ORB
ATLAS 5 CENTAUR R/B,2020-010B,45168,R/B,,US,2020-02-10,AFETR,,,,,,,NEA,SU,ORB
CYGNUS NG-13,2020-011A,45175,PAY,D,US,2020-02-15,WLPIS,2020-05-29,91.70,51.64,360,355,,,EA,IMP
ANTARES DEB,2020-011B,45176,DEB,D,US,2020-02-15,WLPIS,2020-02-17,87.98,51.62,196,153,,,EA,IMP
ANTARES R/B,2020-011C,45177,R/B,D,US,2020-02-15,WLPIS,2020-02-23,87.40,51.58,151,140,,,EA,IMP
STARLINK-1138,2020-012A,45178,PAY,D,US,2020-02-17,AFETR,2025-01-24,87.39,53.03,148,143,,,EA,IMP
STARLINK-1143,2020-012B,45179,PAY,D,US,2020-02-17,AFETR,2026-07-24,87.66,53.01,166,152,,,EA,IMP
STARLINK-1192,2020-012C,45180,PAY,D,US,2020-02-17,AFETR,2023-10-06,87.91,52.97,188,154,,,EA,IMP
STARLINK-1200,2020-012D,45181,PAY,D,US,2020-02-17,AFETR,2025-09-10,87.41,53.03,151,142,,,EA,IMP
STARLINK-1201,2020-012E,45182,PAY,D,US,2020-02-17,AFETR,2025-09-26,88.05,53.03,180,176,,,EA,IMP
STARLINK-1202,2020-012F,45183,PAY,P,US,2020-02-17,AFETR,,93.46,53.15,445,442,,,EA,ORB
STARLINK-1205,2020-012G,45184,PAY,D,US,2020-02-17,AFETR,2025-03-25,88.43,53.02,199,195,,,EA,IMP
STARLINK-1216,2020-012H,45185,PAY,P,US,2020-02-17,AFETR,,93.25,53.16,435,432,,,EA,ORB
STARLINK-1224,2020-012J,45186,PAY,D,US,2020-02-17,AFETR,2025-09-23,87.55,53.03,155,151,,,EA,IMP
STARLINK-1225,2020-012K,45187,PAY,P,US,2020-02-17,AFETR,,93.45,53.15,445,442,,,EA,ORB
STARLINK-1228,2020-012L,45188,PAY,D,US,2020-02-17,AFETR,2025-09-15,88.11,53.02,184,178,,,EA,IMP
STARLINK-1230,2020-012M,45189,PAY,P,US,2020-02-17,AFETR,,93.45,53.15,444,443,,,EA,ORB
STARLINK-1234,2020-012N,45190,PAY,P,US,2020-02-17,AFETR,,90.07,53.03,284,272,,,EA,ORB
STARLINK-1236,2020-012P,45191,PAY,D,US,2020-02-17,AFETR,2025-02-06,87.71,53.04,164,159,,,EA,IMP
STARLINK-1237,2020-012Q,45192,PAY,D,US,2020-02-17,AFETR,2025-09-17,87.58,53.04,158,150,,,EA,IMP
STARLINK-1239,2020-012R,45193,PAY,D,US,2020-02-17,AFETR,2024-08-10,90.26,53.04,290,285,,,EA,IMP
STARLINK-1240,2020-012S,45194,PAY,D,US,2020-02-17,AFETR,2025-10-01,87.58,53.03,157,153,,,EA,IMP
STARLINK-1241,2020-012T,45195,PAY,D,US,2020-02-17,AFETR,2023-07-16,87.38,53.01,152,137,,,EA,IMP
STARLINK-1244,2020-012U,45196,PAY,D,US,2020-02-17,AFETR,2025-09-27,87.84,53.03,169,166,,,EA,IMP
STARLINK-1269,2020-012V,45197,PAY,P,US,2020-02-17,AFETR,,93.45,53.15,444,443,,,EA,ORB
STARLINK-1154,2020-012W,45198,PAY,P,US,2020-02-17,AFETR,,91.73,53.04,360,359,,,EA,ORB
STARLINK-1197,2020-012X,45199,PAY,D,US,2020-02-17,AFETR,2024-09-07,89.19,53.04,238,231,,,EA,IMP
STARLINK-1198,2020-012Y,45200,PAY,D,US,2020-02-17,AFETR,2021-07-31,88.02,53.02,185,168,,,EA,IMP
STARLINK-1199,2020-012Z,45201,PAY,P,US,2020-02-17,AFETR,,93.44,53.15,444,442,,,EA,ORB
STARLINK-1203,2020-012AA,45202,PAY,D,US,2020-02-17,AFETR,2023-04-20,87.80,52.93,170,161,,,EA,IMP
STARLINK-1204,2020-012AB,45203,PAY,D,US,2020-02-17,AFETR,2022-01-21,88.53,53.04,207,197,,,EA,IMP
STARLINK-1206,2020-012AC,45204,PAY,D,US,2020-02-17,AFETR,2025-09-25,87.56,53.02,159,148,,,EA,IMP
STARLINK-1208,2020-012AD,45205,PAY,D,US,2020-02-17,AFETR,2025-10-02,87.94,53.03,175,170,,,EA,IMP
STARLINK-1209,2020-012AE,45206,PAY,P,US,2020-02-17,AFETR,,91.14,53.03,335,326,,,EA,ORB
STARLINK-1210,2020-012AF,45207,PAY,D,US,2020-02-17,AFETR,2026-03-04,87.73,53.00,166,157,,,EA,IMP
STARLINK-1211,2020-012AG,45208,PAY,D,US,2020-02-17,AFETR,2023-12-05,88.16,52.99,184,182,,,EA,IMP
STARLINK-1218,2020-012AH,45209,PAY,D,US,2020-02-17,AFETR,2022-10-15,88.00,53.03,176,175,,,EA,IMP
STARLINK-1219,2020-012AJ,45210,PAY,D,US,2020-02-17,AFETR,2025-09-04,87.49,53.02,154,147,,,EA,IMP
STARLINK-1220,2020-012AK,45211,PAY,D,US,2020-02-17,AFETR,2020-02-29,91.39,53.00,361,324,,,EA,IMP
STARLINK-1231,2020-012AL,45212,PAY,P,US,2020-02-17,AFETR,,93.97,53.04,470,468,,,EA,ORB
STARLINK-1232,2020-012AM,45213,PAY,D,US,2020-02-17,AFETR,2023-12-12,87.54,53.03,156,149,,,EA,IMP
STARLINK-1233,2020-012AN,45214,PAY,D,US,2020-02-17,AFETR,2024-09-08,89.65,53.05,261,253,,,EA,IMP
STARLINK-1245,2020-012AP,45215,PAY,D,US,2020-02-17,AFETR,2024-06-25,88.83,53.04,223,210,,,EA,IMP
STARLINK-1254,2020-012AQ,45216,PAY,D,US,2020-02-17,AFETR,2021-11-27,87.77,53.02,170,158,,,EA,IMP
STARLINK-1271,2020-012AR,45217,PAY,P,US,2020-02-17,AFETR,,93.42,53.16,443,441,,,EA,ORB
STARLINK-1105,2020-012AS,45218,PAY,D,US,2020-02-17,AFETR,2021-06-16,87.75,53.02,168,158,,,EA,IMP
STARLINK-1187,2020-012AT,45219,PAY,D,US,2020-02-17,AFETR,2025-06-27,87.43,53.02,154,140,,,EA,IMP
STARLINK-1188,2020-012AU,45220,PAY,D,US,2020-02-17,AFETR,2021-12-25,88.52,53.04,205,198,,,EA,IMP
STARLINK-1189,2020-012AV,45221,PAY,D,US,2020-02-17,AFETR,2025-04-01,88.55,53.04,205,201,,,EA,IMP
STARLINK-1191,2020-012AW,45222,PAY,P,US,2020-02-17,AFETR,,93.14,53.15,431,425,,,EA,ORB
STARLINK-1212,2020-012AX,45223,PAY,P,US,2020-02-17,AFETR,,91.22,53.04,339,330,,,EA,ORB
STARLINK-1214,2020-012AY,45224,PAY,D,US,2020-02-17,AFETR,2022-06-07,88.43,53.02,202,192,,,EA,IMP
STARLINK-1215,2020-012AZ,45225,PAY,P,US,2020-02-17,AFETR,,93.43,53.15,443,442,,,EA,ORB
STARLINK-1217,2020-012BA,45226,PAY,D,US,2020-02-17,AFETR,2025-10-20,87.55,53.03,157,149,,,EA,IMP
STARLINK-1221,2020-012BB,45227,PAY,P,US,2020-02-17,AFETR,,92.95,53.06,421,417,,,EA,ORB
STARLINK-1222,2020-012BC,45228,PAY,P,US,2020-02-17,AFETR,,92.18,53.05,384,379,,,EA,ORB
STARLINK-1226,2020-012BD,45229,PAY,P,US,2020-02-17,AFETR,,92.78,53.15,412,409,,,EA,ORB
STARLINK-1227,2020-012BE,45230,PAY,P,US,2020-02-17,AFETR,,92.77,53.15,412,409,,,EA,ORB
STARLINK-1229,2020-012BF,45231,PAY,D,US,2020-02-17,AFETR,2022-10-23,87.76,53.01,169,159,,,EA,IMP
STARLINK-1235,2020-012BG,45232,PAY,D,US,2020-02-17,AFETR,2025-04-10,87.43,53.01,151,144,,,EA,IMP
STARLINK-1238,2020-012BH,45233,PAY,D,US,2020-02-17,AFETR,2025-10-05,87.52,53.02,154,150,,,EA,IMP
STARLINK-1243,2020-012BJ,45234,PAY,D,US,2020-02-17,AFETR,2024-09-01,89.90,53.04,277,263,,,EA,IMP
STARLINK-1246,2020-012BK,45235,PAY,P,US,2020-02-17,AFETR,,93.43,53.15,444,441,,,EA,ORB
STARLINK-1247,2020-012BL,45236,PAY,D,US,2020-02-17,AFETR,2025-10-08,87.72,53.03,165,158,,,EA,IMP
STARLINK-1270,2020-012BM,45237,PAY,P,US,2020-02-17,AFETR,,91.31,53.04,343,335,,,EA,ORB
FALCON 9 DEB,2020-012BN,45238,DEB,D,US,2020-02-17,AFETR,2020-03-25,87.48,52.99,158,141,,,EA,IMP
FALCON 9 DEB,2020-012BP,45239,DEB,D,US,2020-02-17,AFETR,2020-03-21,87.63,52.99,165,149,,,EA,IMP
FALCON 9 DEB,2020-012BQ,45240,DEB,D,US,2020-02-17,AFETR,2020-03-22,87.58,52.99,163,147,,,EA,IMP
FALCON 9 DEB,2020-012BR,45241,DEB,D,US,2020-02-17,AFETR,2020-03-23,88.23,52.99,206,169,,,EA,IMP
FALCON 9 R/B,2020-012BS,45242,R/B,D,US,2020-02-17,AFETR,2020-03-05,87.53,52.99,164,140,,,EA,IMP
JCSAT-17,2020-013A,45245,PAY,+,JPN,2020-02-18,FRGUI,,1436.09,5.39,35804,35769,,,EA,ORB
GEO-KOMPSAT-2B,2020-013B,45246,PAY,+,SKOR,2020-02-18,FRGUI,,1436.01,0.05,35789,35781,,,EA,ORB
ARIANE 5 DEB [SYLDA],2020-013C,45247,DEB,,FR,2020-02-18,FRGUI,,386.87,5.53,22151,268,,,EA,ORB
ARIANE 5 R/B,2020-013D,45248,R/B,,FR,2020-02-18,FRGUI,,589.17,6.00,33520,284,,,EA,ORB
XJS C,2020-014A,45249,PAY,D,PRC,2020-02-19,XICLF,2023-07-13,87.87,35.01,179,158,,,EA,IMP
XJS D,2020-014B,45250,PAY,D,PRC,2020-02-19,XICLF,2024-06-04,87.30,35.00,143,139,,,EA,IMP
XJS E,2020-014C,45251,PAY,D,PRC,2020-02-19,XICLF,2024-04-09,87.89,35.02,175,165,,,EA,IMP
CZ-2D R/B,2020-014D,45252,R/B,D,PRC,2020-02-19,XICLF,2023-02-18,88.00,34.98,177,173,,,EA,IMP
XJS F,2020-014E,45253,PAY,D,PRC,2020-02-19,XICLF,2023-11-05,87.97,35.00,176,173,,,EA,IMP
MERIDIAN 9,2020-015A,45254,PAY,+,CIS,2020-02-20,PLMSC,,717.80,65.54,38339,2017,,,EA,ORB
FREGAT R/B,2020-015B,45255,R/B,,CIS,2020-02-20,PLMSC,,720.62,65.68,38548,1947,,,EA,ORB
DRAGON CRS-20,2020-016A,45341,PAY,D,US,2020-03-07,AFETR,2020-04-07,92.86,51.64,422,408,,,EA,LAN
DRAGON CRS-20 DEB,2020-016B,45342,DEB,D,US,2020-03-07,AFETR,2020-03-14,87.77,51.64,176,152,,,EA,IMP
DRAGON CRS-20 DEB,2020-016C,45343,DEB,D,US,2020-03-07,AFETR,2020-03-13,88.29,51.62,212,168,,,EA,IMP
BEIDOU-3 G2,2020-017A,45344,PAY,+,PRC,2020-03-09,XICLF,,1436.08,2.54,35796,35777,,,EA,ORB
CZ-3B R/B,2020-017B,45345,R/B,D,PRC,2020-03-09,XICLF,2025-10-28,91.93,27.90,623,116,,,EA,IMP
COSMOS 2545 [GLONASS-M],2020-018A,45358,PAY,+,CIS,2020-03-16,PLMSC,,675.73,64.31,19158,19102,,,EA,ORB
FREGAT R/B,2020-018B,45359,R/B,,CIS,2020-03-16,PLMSC,,692.39,64.34,19697,19398,,,EA,ORB
STARLINK-1279,2020-019A,45360,PAY,P,US,2020-03-18,AFETR,,89.79,53.03,270,258,,,EA,ORB
STARLINK-1301,2020-019B,45361,PAY,P,US,2020-03-18,AFETR,,89.39,53.02,246,243,,,EA,ORB
STARLINK-1306,2020-019C,45362,PAY,D,US,2020-03-18,AFETR,2026-01-14,87.36,53.02,147,140,,,EA,IMP
STARLINK-1311,2020-019D,45363,PAY,D,US,2020-03-18,AFETR,2020-09-25,88.03,52.97,182,172,,,EA,IMP
STARLINK-1313,2020-019E,45364,PAY,D,US,2020-03-18,AFETR,2024-11-29,88.19,52.99,185,185,,,EA,IMP
STARLINK-1317,2020-019F,45365,PAY,D,US,2020-03-18,AFETR,2023-11-14,87.54,52.98,155,151,,,EA,IMP
STARLINK-1262,2020-019G,45366,PAY,P,US,2020-03-18,AFETR,,93.51,53.15,449,444,,,EA,ORB
STARLINK-1273,2020-019H,45367,PAY,P,US,2020-03-18,AFETR,,91.93,53.04,371,368,,,EA,ORB
STARLINK-1276,2020-019J,45368,PAY,P,US,2020-03-18,AFETR,,94.90,53.07,515,512,,,EA,ORB
STARLINK-1277,2020-019K,45369,PAY,P,US,2020-03-18,AFETR,,91.41,53.04,344,343,,,EA,ORB
STARLINK-1281,2020-019L,45370,PAY,P,US,2020-03-18,AFETR,,93.45,53.15,445,442,,,EA,ORB
STARLINK-1287,2020-019M,45371,PAY,D,US,2020-03-18,AFETR,2024-08-17,90.69,53.04,315,302,,,EA,IMP
STARLINK-1288,2020-019N,45372,PAY,D,US,2020-03-18,AFETR,2024-09-07,89.16,53.04,239,227,,,EA,IMP
STARLINK-1295,2020-019P,45373,PAY,D,US,2020-03-18,AFETR,2025-04-19,87.75,53.03,166,160,,,EA,IMP
STARLINK-1300,2020-019Q,45374,PAY,P,US,2020-03-18,AFETR,,93.40,53.15,442,439,,,EA,ORB
STARLINK-1302,2020-019R,45375,PAY,P,US,2020-03-18,AFETR,,91.42,53.04,345,343,,,EA,ORB
STARLINK-1304,2020-019S,45376,PAY,P,US,2020-03-18,AFETR,,91.67,53.04,357,356,,,EA,ORB
STARLINK-1305,2020-019T,45377,PAY,P,US,2020-03-18,AFETR,,90.85,53.03,317,315,,,EA,ORB
STARLINK-1310,2020-019U,45378,PAY,D,US,2020-03-18,AFETR,2024-07-27,88.13,53.03,184,181,,,EA,IMP
STARLINK-1319,2020-019V,45379,PAY,P,US,2020-03-18,AFETR,,90.25,53.03,290,283,,,EA,ORB
STARLINK-1207,2020-019W,45380,PAY,D,US,2020-03-18,AFETR,2025-02-11,87.69,53.03,161,159,,,EA,IMP
STARLINK-1258,2020-019X,45381,PAY,D,US,2020-03-18,AFETR,2025-10-02,87.42,53.03,150,144,,,EA,IMP
STARLINK-1264,2020-019Y,45382,PAY,D,US,2020-03-18,AFETR,2023-12-07,87.71,53.00,165,157,,,EA,IMP
STARLINK-1266,2020-019Z,45383,PAY,P,US,2020-03-18,AFETR,,91.54,53.04,352,349,,,EA,ORB
STARLINK-1267,2020-019AA,45384,PAY,P,US,2020-03-18,AFETR,,91.18,53.04,333,331,,,EA,ORB
STARLINK-1268,2020-019AB,45385,PAY,D,US,2020-03-18,AFETR,2020-11-19,87.87,52.98,173,165,,,EA,IMP
STARLINK-1272,2020-019AC,45386,PAY,P,US,2020-03-18,AFETR,,90.75,53.03,314,309,,,EA,ORB
STARLINK-1274,2020-019AD,45387,PAY,P,US,2020-03-18,AFETR,,91.27,53.01,339,335,,,EA,ORB
STARLINK-1280,2020-019AE,45388,PAY,D,US,2020-03-18,AFETR,2026-08-19,87.45,53.02,153,143,,,EA,IMP
STARLINK-1283,2020-019AF,45389,PAY,P,US,2020-03-18,AFETR,,90.99,53.03,324,322,,,EA,ORB
STARLINK-1284,2020-019AG,45390,PAY,P,US,2020-03-18,AFETR,,91.16,53.04,333,329,,,EA,ORB
STARLINK-1289,2020-019AH,45391,PAY,D,US,2020-03-18,AFETR,2024-09-26,87.63,53.04,164,151,,,EA,IMP
STARLINK-1290,2020-019AJ,45392,PAY,D,US,2020-03-18,AFETR,2024-05-02,87.18,52.95,137,133,,,EA,IMP
STARLINK-1291,2020-019AK,45393,PAY,D,US,2020-03-18,AFETR,2025-02-23,87.64,53.03,166,150,,,EA,IMP
STARLINK-1292,2020-019AL,45394,PAY,D,US,2020-03-18,AFETR,2025-11-18,87.66,53.03,161,156,,,EA,IMP
STARLINK-1297,2020-019AM,45395,PAY,P,US,2020-03-18,AFETR,,90.88,53.04,319,316,,,EA,ORB
STARLINK-1303,2020-019AN,45396,PAY,D,US,2020-03-18,AFETR,2025-04-11,89.32,53.04,247,234,,,EA,IMP
STARLINK-1307,2020-019AP,45397,PAY,P,US,2020-03-18,AFETR,,92.21,53.05,384,382,,,EA,ORB
STARLINK-1312,2020-019AQ,45398,PAY,D,US,2020-03-18,AFETR,2025-11-10,88.08,53.03,182,177,,,EA,IMP
STARLINK-1255,2020-019AR,45399,PAY,P,US,2020-03-18,AFETR,,91.55,53.03,352,349,,,EA,ORB
STARLINK-1213,2020-019AS,45400,PAY,D,US,2020-03-18,AFETR,2025-02-27,87.33,53.04,149,135,,,EA,IMP
STARLINK-1256,2020-019AT,45401,PAY,D,US,2020-03-18,AFETR,2025-06-18,87.26,53.02,143,134,,,EA,IMP
STARLINK-1257,2020-019AU,45402,PAY,D,US,2020-03-18,AFETR,2024-08-24,91.45,53.03,356,335,,,EA,IMP
STARLINK-1259,2020-019AV,45403,PAY,D,US,2020-03-18,AFETR,2025-10-28,88.14,53.04,184,181,,,EA,IMP
STARLINK-1260,2020-019AW,45404,PAY,P,US,2020-03-18,AFETR,,93.24,53.15,433,433,,,EA,ORB
STARLINK-1263,2020-019AX,45405,PAY,P,US,2020-03-18,AFETR,,93.43,53.15,444,441,,,EA,ORB
STARLINK-1265,2020-019AY,45406,PAY,P,US,2020-03-18,AFETR,,93.19,53.15,432,429,,,EA,ORB
STARLINK-1275,2020-019AZ,45407,PAY,D,US,2020-03-18,AFETR,2025-05-05,88.21,53.02,193,179,,,EA,IMP
STARLINK-1278,2020-019BA,45408,PAY,P,US,2020-03-18,AFETR,,90.79,53.04,316,311,,,EA,ORB
STARLINK-1282,2020-019BB,45409,PAY,D,US,2020-03-18,AFETR,2025-04-27,87.97,53.02,175,173,,,EA,IMP
STARLINK-1285,2020-019BC,45410,PAY,D,US,2020-03-18,AFETR,2022-05-09,88.33,53.02,193,191,,,EA,IMP
STARLINK-1293,2020-019BD,45411,PAY,D,US,2020-03-18,AFETR,2025-04-04,87.93,53.02,177,167,,,EA,IMP
STARLINK-1296,2020-019BE,45412,PAY,P,US,2020-03-18,AFETR,,93.20,53.15,432,431,,,EA,ORB
STARLINK-1298,2020-019BF,45413,PAY,D,US,2020-03-18,AFETR,2026-03-29,88.10,53.02,185,176,,,EA,IMP
STARLINK-1309,2020-019BG,45414,PAY,P,US,2020-03-18,AFETR,,90.96,53.06,323,320,,,EA,ORB
STARLINK-1316,2020-019BH,45415,PAY,P,US,2020-03-18,AFETR,,93.17,53.15,430,430,,,EA,ORB
STARLINK-1318,2020-019BJ,45416,PAY,D,US,2020-03-18,AFETR,2026-03-01,87.49,53.02,152,149,,,EA,IMP
STARLINK-1286,2020-019BK,45417,PAY,P,US,2020-03-18,AFETR,,91.51,53.04,351,347,,,EA,ORB
STARLINK-1299,2020-019BL,45418,PAY,D,US,2020-03-18,AFETR,2023-08-24,88.62,52.97,218,195,,,EA,IMP
STARLINK-1308,2020-019BM,45419,PAY,P,US,2020-03-18,AFETR,,91.55,53.04,353,348,,,EA,ORB
FALCON 9 DEB,2020-019BN,45420,DEB,D,US,2020-03-18,AFETR,2020-04-14,87.36,52.99,151,136,,,EA,IMP
FALCON 9 DEB,2020-019BP,45421,DEB,D,US,2020-03-18,AFETR,2020-04-13,87.94,52.99,185,160,,,EA,IMP
FALCON 9 DEB,2020-019BQ,45422,DEB,D,US,2020-03-18,AFETR,2020-04-13,87.59,52.99,163,147,,,EA,IMP
FALCON 9 DEB,2020-019BR,45423,DEB,D,US,2020-03-18,AFETR,2020-04-16,87.65,52.99,165,151,,,EA,IMP
ONEWEB-0066,2020-020A,45424,PAY,+,UK,2020-03-21,TYMSC,,109.81,87.89,1219,1216,,,EA,ORB
ONEWEB-0067,2020-020B,45425,PAY,+,UK,2020-03-21,TYMSC,,109.80,87.90,1219,1216,,,EA,ORB
ONEWEB-0080,2020-020C,45426,PAY,+,UK,2020-03-21,TYMSC,,109.80,87.89,1219,1217,,,EA,ORB
ONEWEB-0090,2020-020D,45427,PAY,+,UK,2020-03-21,TYMSC,,109.81,87.89,1219,1216,,,EA,ORB
ONEWEB-0061,2020-020E,45428,PAY,+,UK,2020-03-21,TYMSC,,109.80,87.89,1219,1216,,,EA,ORB
ONEWEB-0081,2020-020F,45429,PAY,+,UK,2020-03-21,TYMSC,,109.80,87.89,1219,1216,,,EA,ORB
ONEWEB-0069,2020-020G,45430,PAY,+,UK,2020-03-21,TYMSC,,109.81,87.89,1219,1216,,,EA,ORB
ONEWEB-0031,2020-020H,45431,PAY,+,UK,2020-03-21,TYMSC,,109.80,87.89,1219,1216,,,EA,ORB
ONEWEB-0027,2020-020J,45432,PAY,+,UK,2020-03-21,TYMSC,,109.29,87.92,1195,1192,,,EA,ORB
ONEWEB-0064,2020-020K,45433,PAY,+,UK,2020-03-21,TYMSC,,109.80,87.89,1219,1216,,,EA,ORB
ONEWEB-0018,2020-020L,45434,PAY,+,UK,2020-03-21,TYMSC,,109.81,87.89,1219,1216,,,EA,ORB
ONEWEB-0083,2020-020M,45435,PAY,+,UK,2020-03-21,TYMSC,,109.80,87.89,1219,1216,,,EA,ORB
ONEWEB-0095,2020-020N,45436,PAY,+,UK,2020-03-21,TYMSC,,109.80,87.89,1219,1217,,,EA,ORB
ONEWEB-0092,2020-020P,45437,PAY,+,UK,2020-03-21,TYMSC,,109.80,87.89,1219,1216,,,EA,ORB
ONEWEB-0085,2020-020Q,45438,PAY,+,UK,2020-03-21,TYMSC,,109.80,87.89,1219,1216,,,EA,ORB
ONEWEB-0096,2020-020R,45439,PAY,+,UK,2020-03-21,TYMSC,,109.80,87.89,1219,1216,,,EA,ORB
ONEWEB-0037,2020-020S,45440,PAY,+,UK,2020-03-21,TYMSC,,109.81,87.89,1219,1216,,,EA,ORB
ONEWEB-0042,2020-020T,45441,PAY,+,UK,2020-03-21,TYMSC,,109.80,87.89,1219,1216,,,EA,ORB
ONEWEB-0098,2020-020U,45442,PAY,+,UK,2020-03-21,TYMSC,,109.80,87.89,1219,1216,,,EA,ORB
ONEWEB-0055,2020-020V,45443,PAY,+,UK,2020-03-21,TYMSC,,109.80,87.89,1219,1216,,,EA,ORB
ONEWEB-0093,2020-020W,45444,PAY,+,UK,2020-03-21,TYMSC,,109.81,87.89,1219,1216,,,EA,ORB
ONEWEB-0029,2020-020X,45445,PAY,+,UK,2020-03-21,TYMSC,,109.80,87.89,1219,1216,,,EA,ORB
ONEWEB-0068,2020-020Y,45446,PAY,+,UK,2020-03-21,TYMSC,,109.81,87.89,1219,1216,,,EA,ORB
ONEWEB-0046,2020-020Z,45447,PAY,+,UK,2020-03-21,TYMSC,,109.81,87.89,1219,1216,,,EA,ORB
ONEWEB-0063,2020-020AA,45448,PAY,+,UK,2020-03-21,TYMSC,,109.80,87.89,1219,1217,,,EA,ORB
ONEWEB-0019,2020-020AB,45449,PAY,+,UK,2020-03-21,TYMSC,,109.80,87.89,1219,1216,,,EA,ORB
ONEWEB-0094,2020-020AC,45450,PAY,+,UK,2020-03-21,TYMSC,,109.29,87.92,1195,1192,,,EA,ORB
ONEWEB-0087,2020-020AD,45451,PAY,+,UK,2020-03-21,TYMSC,,109.80,87.89,1219,1216,,,EA,ORB
ONEWEB-0082,2020-020AE,45452,PAY,+,UK,2020-03-21,TYMSC,,109.80,87.89,1219,1216,,,EA,ORB
ONEWEB-0050,2020-020AF,45453,PAY,P,UK,2020-03-21,TYMSC,,96.61,88.93,601,592,,,EA,ORB
ONEWEB-0034,2020-020AG,45454,PAY,+,UK,2020-03-21,TYMSC,,109.81,87.89,1219,1216,,,EA,ORB
ONEWEB-0060,2020-020AH,45455,PAY,+,UK,2020-03-21,TYMSC,,109.80,87.89,1220,1216,,,EA,ORB
ONEWEB-0086,2020-020AJ,45456,PAY,+,UK,2020-03-21,TYMSC,,109.81,87.89,1220,1216,,,EA,ORB
ONEWEB-0088,2020-020AK,45457,PAY,+,UK,2020-03-21,TYMSC,,109.80,87.90,1219,1217,,,EA,ORB
YAOGAN-30 07A,2020-021A,45460,PAY,+,PRC,2020-03-24,XICLF,,95.82,34.99,561,555,,,EA,ORB
YAOGAN-30 07B,2020-021B,45461,PAY,+,PRC,2020-03-24,XICLF,,95.81,34.99,559,557,,,EA,ORB
YAOGAN-30 07C,2020-021C,45462,PAY,+,PRC,2020-03-24,XICLF,,95.81,34.99,559,556,,,EA,ORB
CZ-2C R/B,2020-021D,45463,R/B,D,PRC,2020-03-24,XICLF,2024-04-25,87.00,34.66,147,104,,,EA,IMP
TDO-2,2020-022A,45464,PAY,D,US,2020-03-26,AFETR,2022-09-28,624.76,26.50,35460,201,,NEA,EA,IMP
AEHF-6 (USA 298),2020-022B,45465,PAY,+,US,2020-03-26,AFETR,,1436.13,2.41,35962,35612,,,EA,ORB
ATLAS 5 CENTAUR R/B,2020-022C,45466,R/B,,US,2020-03-26,AFETR,,838.60,11.09,35342,10817,,,EA,ORB
SOYUZ-MS 16,2020-023A,45476,PAY,D,CIS,2020-04-09,TYMSC,2020-10-22,92.94,51.64,420,418,,,EA,LAN
SL-4 R/B,2020-023B,45477,R/B,D,CIS,2020-04-09,TYMSC,2020-04-12,87.34,51.65,144,141,,,EA,IMP
NOOR-1,2020-024A,45529,PAY,D,IRAN,2020-04-22,SMTS,2022-04-13,88.77,59.78,219,208,,,EA,IMP
QASED R/B,2020-024B,45530,R/B,D,IRAN,2020-04-22,SMTS,2023-03-18,87.35,59.76,148,138,,,EA,IMP
STARLINK-1329,2020-025A,45531,PAY,P,US,2020-04-22,AFETR,,90.78,53.04,315,311,,,EA,ORB
STARLINK-1338,2020-025B,45532,PAY,P,US,2020-04-22,AFETR,,91.07,53.04,329,325,,,EA,ORB
STARLINK-1339,2020-025C,45533,PAY,D,US,2020-04-22,AFETR,2022-09-11,88.01,53.02,181,171,,,EA,IMP
STARLINK-1341,2020-025D,45534,PAY,D,US,2020-04-22,AFETR,2025-02-24,88.34,53.03,197,187,,,EA,IMP
STARLINK-1350,2020-025E,45535,PAY,P,US,2020-04-22,AFETR,,93.42,53.07,442,441,,,EA,ORB
STARLINK-1352,2020-025F,45536,PAY,D,US,2020-04-22,AFETR,2025-06-26,87.70,53.04,164,157,,,EA,IMP
STARLINK-1353,2020-025G,45537,PAY,D,US,2020-04-22,AFETR,2023-02-21,88.25,52.94,194,182,,,EA,IMP
STARLINK-1362,2020-025H,45538,PAY,P,US,2020-04-22,AFETR,,93.28,53.15,437,433,,,EA,ORB
STARLINK-1367,2020-025J,45539,PAY,D,US,2020-04-22,AFETR,2022-08-15,87.73,53.02,168,157,,,EA,IMP
STARLINK-1368,2020-025K,45540,PAY,P,US,2020-04-22,AFETR,,93.27,53.15,436,433,,,EA,ORB
STARLINK-1369,2020-025L,45541,PAY,D,US,2020-04-22,AFETR,2025-04-05,87.63,53.04,160,154,,,EA,IMP
STARLINK-1371,2020-025M,45542,PAY,P,US,2020-04-22,AFETR,,91.34,53.04,342,339,,,EA,ORB
STARLINK-1372,2020-025N,45543,PAY,P,US,2020-04-22,AFETR,,93.24,53.15,435,431,,,EA,ORB
STARLINK-1373,2020-025P,45544,PAY,P,US,2020-04-22,AFETR,,91.20,53.04,336,331,,,EA,ORB
STARLINK-1374,2020-025Q,45545,PAY,D,US,2020-04-22,AFETR,2025-02-22,87.55,53.02,157,149,,,EA,IMP
STARLINK-1375,2020-025R,45546,PAY,D,US,2020-04-22,AFETR,2025-03-12,87.55,53.03,158,148,,,EA,IMP
STARLINK-1377,2020-025S,45547,PAY,D,US,2020-04-22,AFETR,2024-09-08,89.48,53.04,256,242,,,EA,IMP
STARLINK-1378,2020-025T,45548,PAY,D,US,2020-04-22,AFETR,2025-02-26,87.94,53.02,177,168,,,EA,IMP
STARLINK-1379,2020-025U,45549,PAY,D,US,2020-04-22,AFETR,2022-02-16,87.91,53.03,174,167,,,EA,IMP
STARLINK-1390,2020-025V,45550,PAY,D,US,2020-04-22,AFETR,2025-03-21,87.62,53.02,162,152,,,EA,IMP
STARLINK-1294,2020-025W,45551,PAY,D,US,2020-04-22,AFETR,2026-03-03,87.50,53.01,153,149,,,EA,IMP
STARLINK-1322,2020-025X,45552,PAY,D,US,2020-04-22,AFETR,2022-08-22,87.93,53.02,182,162,,,EA,IMP
STARLINK-1323,2020-025Y,45553,PAY,D,US,2020-04-22,AFETR,2025-10-19,87.55,53.02,155,151,,,EA,IMP
STARLINK-1325,2020-025Z,45554,PAY,D,US,2020-04-22,AFETR,2026-01-29,87.81,53.04,171,161,,,EA,IMP
STARLINK-1327,2020-025AA,45555,PAY,P,US,2020-04-22,AFETR,,91.04,53.04,329,323,,,EA,ORB
STARLINK-1334,2020-025AB,45556,PAY,D,US,2020-04-22,AFETR,2025-06-06,87.29,53.02,145,135,,,EA,IMP
STARLINK-1336,2020-025AC,45557,PAY,D,US,2020-04-22,AFETR,2025-10-25,87.40,53.02,151,141,,,EA,IMP
STARLINK-1342,2020-025AD,45558,PAY,D,US,2020-04-22,AFETR,2025-10-05,89.10,53.04,233,227,,,EA,IMP
STARLINK-1344,2020-025AE,45559,PAY,D,US,2020-04-22,AFETR,2024-09-19,87.69,53.03,161,159,,,EA,IMP
STARLINK-1346,2020-025AF,45560,PAY,D,US,2020-04-22,AFETR,2025-04-12,87.44,53.03,153,143,,,EA,IMP
STARLINK-1348,2020-025AG,45561,PAY,D,US,2020-04-22,AFETR,2023-08-04,87.81,53.00,167,165,,,EA,IMP
STARLINK-1354,2020-025AH,45562,PAY,D,US,2020-04-22,AFETR,2024-12-31,87.45,53.04,153,143,,,EA,IMP
STARLINK-1355,2020-025AJ,45563,PAY,D,US,2020-04-22,AFETR,2025-09-25,87.68,53.02,161,158,,,EA,IMP
STARLINK-1356,2020-025AK,45564,PAY,P,US,2020-04-22,AFETR,,91.62,53.04,354,354,,,EA,ORB
STARLINK-1357,2020-025AL,45565,PAY,P,US,2020-04-22,AFETR,,91.20,53.04,338,329,,,EA,ORB
STARLINK-1358,2020-025AM,45566,PAY,D,US,2020-04-22,AFETR,2025-05-13,87.57,53.02,162,146,,,EA,IMP
STARLINK-1361,2020-025AN,45567,PAY,P,US,2020-04-22,AFETR,,91.33,53.04,342,337,,,EA,ORB
STARLINK-1363,2020-025AP,45568,PAY,D,US,2020-04-22,AFETR,2026-06-01,87.51,53.02,156,147,,,EA,IMP
STARLINK-1366,2020-025AQ,45569,PAY,D,US,2020-04-22,AFETR,2026-06-09,87.51,53.02,156,147,,,EA,IMP
STARLINK-1376,2020-025AR,45570,PAY,P,US,2020-04-22,AFETR,,93.20,53.15,432,431,,,EA,ORB
STARLINK-1261,2020-025AS,45571,PAY,D,US,2020-04-22,AFETR,2024-01-12,87.89,53.00,174,166,,,EA,IMP
STARLINK-1320,2020-025AT,45572,PAY,D,US,2020-04-22,AFETR,2026-08-01,87.66,53.02,164,153,,,EA,IMP
STARLINK-1321,2020-025AU,45573,PAY,P,US,2020-04-22,AFETR,,91.28,53.04,340,335,,,EA,ORB
STARLINK-1324,2020-025AV,45574,PAY,D,US,2020-04-22,AFETR,2024-07-20,87.40,53.03,146,145,,,EA,IMP
STARLINK-1326,2020-025AW,45575,PAY,D,US,2020-04-22,AFETR,2023-06-03,87.92,52.96,177,166,,,EA,IMP
STARLINK-1328,2020-025AX,45576,PAY,D,US,2020-04-22,AFETR,2026-01-15,87.62,53.03,160,153,,,EA,IMP
STARLINK-1330,2020-025AY,45577,PAY,D,US,2020-04-22,AFETR,2023-11-21,87.65,52.98,161,155,,,EA,IMP
STARLINK-1331,2020-025AZ,45578,PAY,P,US,2020-04-22,AFETR,,91.31,53.04,341,337,,,EA,ORB
STARLINK-1332,2020-025BA,45579,PAY,D,US,2020-04-22,AFETR,2025-05-06,87.60,53.02,161,150,,,EA,IMP
STARLINK-1333,2020-025BB,45580,PAY,P,US,2020-04-22,AFETR,,93.40,53.15,442,440,,,EA,ORB
STARLINK-1335,2020-025BC,45581,PAY,P,US,2020-04-22,AFETR,,93.29,53.15,437,434,,,EA,ORB
STARLINK-1337,2020-025BD,45582,PAY,P,US,2020-04-22,AFETR,,90.67,53.04,312,303,,,EA,ORB
STARLINK-1340,2020-025BE,45583,PAY,D,US,2020-04-22,AFETR,2024-08-08,90.23,53.04,289,282,,,EA,IMP
STARLINK-1343,2020-025BF,45584,PAY,D,US,2020-04-22,AFETR,2023-11-12,88.08,53.01,183,176,,,EA,IMP
STARLINK-1345,2020-025BG,45585,PAY,D,US,2020-04-22,AFETR,2022-01-09,87.91,53.04,177,165,,,EA,IMP
STARLINK-1347,2020-025BH,45586,PAY,P,US,2020-04-22,AFETR,,91.27,53.04,340,333,,,EA,ORB
STARLINK-1349,2020-025BJ,45587,PAY,D,US,2020-04-22,AFETR,2025-09-18,88.03,53.03,182,172,,,EA,IMP
STARLINK-1360,2020-025BK,45588,PAY,D,US,2020-04-22,AFETR,2025-12-31,88.52,53.03,204,199,,,EA,IMP
STARLINK-1364,2020-025BL,45589,PAY,P,US,2020-04-22,AFETR,,91.23,53.04,336,334,,,EA,ORB
STARLINK-1365,2020-025BM,45590,PAY,P,US,2020-04-22,AFETR,,91.59,53.04,354,352,,,EA,ORB
FALCON 9 DEB,2020-025BN,45591,DEB,D,US,2020-04-22,AFETR,2020-05-24,87.98,52.99,184,165,,,EA,IMP
FALCON 9 DEB,2020-025BP,45592,DEB,D,US,2020-04-22,AFETR,2020-05-24,87.67,52.99,163,155,,,EA,IMP
FALCON 9 DEB,2020-025BQ,45593,DEB,D,US,2020-04-22,AFETR,2020-05-24,87.75,52.99,167,159,,,EA,IMP
FALCON 9 DEB,2020-025BR,45594,DEB,D,US,2020-04-22,AFETR,2020-05-24,87.86,53.00,175,162,,,EA,IMP
PROGRESS-MS 14,2020-026A,45595,PAY,D,CIS,2020-04-25,TYMSC,2021-04-29,92.95,51.64,421,417,,,EA,IMP
SL-4 R/B,2020-026B,45596,R/B,D,CIS,2020-04-25,TYMSC,2020-04-28,87.45,51.63,151,146,,,EA,IMP
XZF CAPSULE,2020-027A,45599,PAY,D,PRC,2020-05-05,WSC,2020-05-08,122.28,40.87,3044,521,,,EA,IMP
INFLATABLE TEST MODULE,2020-027B,45600,PAY,D,PRC,2020-05-05,WSC,2020-05-06,89.82,41.10,367,164,,,EA,IMP
CZ-5B R/B,2020-027C,45601,R/B,D,PRC,2020-05-05,WSC,2020-05-11,87.22,41.01,156,117,,,EA,IMP
XINGYUN-2 01,2020-028A,45602,PAY,+,PRC,2020-05-12,JSC,,95.24,97.49,536,524,,,EA,ORB
XINGYUN-2 02,2020-028B,45603,PAY,+,PRC,2020-05-12,JSC,,95.25,97.51,540,522,,,EA,ORB
KZ-1A R/B,2020-028C,45604,R/B,D,PRC,2020-05-12,JSC,2020-07-08,87.05,97.47,145,111,,,EA,IMP
ULTP,2020-011D,45605,PAY,D,US,2020-02-15,WLPIS,2024-04-01,87.41,51.61,148,145,,,EA,IMP
OTV 6 (USA 299),2020-029A,45606,PAY,D,US,2020-05-17,AFETR,2022-11-12,,,,,,NEA,EA,LAN
HTV-9 (KOUNOTORI 9),2020-030A,45607,PAY,D,JPN,2020-05-20,TANSC,2020-08-20,92.85,51.64,415,413,,,EA,IMP
COSMOS 2546 (EKS 4),2020-031A,45608,PAY,+,CIS,2020-05-22,PLMSC,,717.91,63.17,39064,1297,,,EA,ORB
FREGAT R/B,2020-031B,45609,R/B,,CIS,2020-05-22,PLMSC,,714.69,63.50,39197,1005,,,EA,ORB
USA 300,2020-029B,45610,PAY,+,US,2020-05-17,AFETR,,91.05,45.03,330,323,,NEA,EA,ORB
XJS G,2020-032A,45611,PAY,D,PRC,2020-05-29,XICLF,2025-08-06,87.94,35.01,175,170,,,EA,IMP
XJS H,2020-032B,45612,PAY,D,PRC,2020-05-29,XICLF,2024-05-22,88.13,35.02,183,181,,,EA,IMP
CZ-11 DEB,2020-032C,45613,DEB,D,PRC,2020-05-29,XICLF,2022-04-29,87.93,35.01,179,165,,,EA,IMP
CREW DRAGON DEMO-2,2020-033A,45623,PAY,D,US,2020-05-30,AFETR,2020-08-02,89.70,51.69,363,156,,,EA,LAN
HEAD-4,2020-034A,45624,PAY,D,PRC,2020-05-31,JSC,2024-03-14,87.33,97.40,148,136,,,EA,IMP
GAOFEN-9 02,2020-034B,45625,PAY,+,PRC,2020-05-31,JSC,,94.33,97.58,494,478,,,EA,ORB
STARLINK-1440,2020-035A,45657,PAY,D,US,2020-06-04,AFETR,2020-07-14,87.45,53.00,166,130,,,EA,IMP
STARLINK-1441,2020-035B,45658,PAY,D,US,2020-06-04,AFETR,2024-08-07,90.16,53.04,285,279,,,EA,IMP
STARLINK-1442,2020-035C,45659,PAY,D,US,2020-06-04,AFETR,2024-06-09,88.16,53.03,190,176,,,EA,IMP
STARLINK-1443,2020-035D,45660,PAY,P,US,2020-06-04,AFETR,,93.62,53.13,452,451,,,EA,ORB
STARLINK-1444,2020-035E,45661,PAY,D,US,2020-06-04,AFETR,2025-04-19,87.72,53.03,168,155,,,EA,IMP
STARLINK-1445,2020-035F,45662,PAY,D,US,2020-06-04,AFETR,2024-12-18,88.07,53.04,182,176,,,EA,IMP
STARLINK-1446,2020-035G,45663,PAY,P,US,2020-06-04,AFETR,,92.79,53.02,413,409,,,EA,ORB
STARLINK-1447,2020-035H,45664,PAY,D,US,2020-06-04,AFETR,2021-01-08,88.34,52.98,198,187,,,EA,IMP
STARLINK-1448,2020-035J,45665,PAY,P,US,2020-06-04,AFETR,,90.87,53.04,322,313,,,EA,ORB
STARLINK-1449,2020-035K,45666,PAY,D,US,2020-06-04,AFETR,2025-05-07,87.46,53.01,152,145,,,EA,IMP
STARLINK-1450,2020-035L,45667,PAY,D,US,2020-06-04,AFETR,2024-08-17,90.87,53.04,320,314,,,EA,IMP
STARLINK-1451,2020-035M,45668,PAY,P,US,2020-06-04,AFETR,,94.90,53.05,515,513,,,EA,ORB
STARLINK-1452,2020-035N,45669,PAY,P,US,2020-06-04,AFETR,,91.83,53.02,365,363,,,EA,ORB
STARLINK-1453,2020-035P,45670,PAY,P,US,2020-06-04,AFETR,,90.74,53.03,317,304,,,EA,ORB
STARLINK-1454,2020-035Q,45671,PAY,P,US,2020-06-04,AFETR,,90.98,53.04,327,318,,,EA,ORB
STARLINK-1455,2020-035R,45672,PAY,D,US,2020-06-04,AFETR,2024-10-05,88.08,53.03,184,175,,,EA,IMP
STARLINK-1456,2020-035S,45673,PAY,P,US,2020-06-04,AFETR,,91.32,53.04,341,337,,,EA,ORB
STARLINK-1457,2020-035T,45674,PAY,D,US,2020-06-04,AFETR,2026-05-21,87.52,53.03,157,146,,,EA,IMP
STARLINK-1458,2020-035U,45675,PAY,P,US,2020-06-04,AFETR,,91.56,53.04,354,349,,,EA,ORB
STARLINK-1460,2020-035V,45676,PAY,P,US,2020-06-04,AFETR,,93.41,53.16,442,441,,,EA,ORB
STARLINK-1392,2020-035W,45677,PAY,P,US,2020-06-04,AFETR,,93.18,53.15,431,429,,,EA,ORB
STARLINK-1393,2020-035X,45678,PAY,D,US,2020-06-04,AFETR,2025-03-07,87.42,53.02,152,141,,,EA,IMP
STARLINK-1394,2020-035Y,45679,PAY,P,US,2020-06-04,AFETR,,91.45,53.04,349,342,,,EA,ORB
STARLINK-1395,2020-035Z,45680,PAY,D,US,2020-06-04,AFETR,2025-04-26,88.37,53.03,201,187,,,EA,IMP
STARLINK-1396,2020-035AA,45681,PAY,D,US,2020-06-04,AFETR,2024-07-06,87.91,53.01,175,168,,,EA,IMP
STARLINK-1397,2020-035AB,45682,PAY,D,US,2020-06-04,AFETR,2025-05-05,87.82,53.04,174,158,,,EA,IMP
STARLINK-1399,2020-035AC,45683,PAY,D,US,2020-06-04,AFETR,2025-03-23,87.49,53.03,152,148,,,EA,IMP
STARLINK-1401,2020-035AD,45684,PAY,D,US,2020-06-04,AFETR,2025-02-07,87.48,53.02,154,145,,,EA,IMP
STARLINK-1402,2020-035AE,45685,PAY,P,US,2020-06-04,AFETR,,91.65,53.04,358,353,,,EA,ORB
STARLINK-1404,2020-035AF,45686,PAY,P,US,2020-06-04,AFETR,,92.78,53.15,412,409,,,EA,ORB
STARLINK-1406,2020-035AG,45687,PAY,D,US,2020-06-04,AFETR,2022-03-07,88.27,53.00,190,187,,,EA,IMP
STARLINK-1408,2020-035AH,45688,PAY,D,US,2020-06-04,AFETR,2025-03-02,87.72,53.05,163,159,,,EA,IMP
STARLINK-1413,2020-035AJ,45689,PAY,P,US,2020-06-04,AFETR,,93.44,53.16,444,442,,,EA,ORB
STARLINK-1414,2020-035AK,45690,PAY,D,US,2020-06-04,AFETR,2025-04-08,87.55,53.02,159,148,,,EA,IMP
STARLINK-1415,2020-035AL,45691,PAY,D,US,2020-06-04,AFETR,2024-08-10,90.24,53.04,290,283,,,EA,IMP
STARLINK-1416,2020-035AM,45692,PAY,D,US,2020-06-04,AFETR,2024-09-23,87.76,53.03,165,162,,,EA,IMP
STARLINK-1417,2020-035AN,45693,PAY,P,US,2020-06-04,AFETR,,94.74,53.05,509,503,,,EA,ORB
STARLINK-1419,2020-035AP,45694,PAY,D,US,2020-06-04,AFETR,2023-09-24,88.94,53.01,233,211,,,EA,IMP
STARLINK-1420,2020-035AQ,45695,PAY,P,US,2020-06-04,AFETR,,91.10,53.04,333,324,,,EA,ORB
STARLINK-1422,2020-035AR,45696,PAY,P,US,2020-06-04,AFETR,,93.31,53.15,438,435,,,EA,ORB
STARLINK-1351,2020-035AS,45697,PAY,P,US,2020-06-04,AFETR,,91.48,53.04,351,343,,,EA,ORB
STARLINK-1370,2020-035AT,45698,PAY,D,US,2020-06-04,AFETR,2024-07-27,88.08,53.03,187,172,,,EA,IMP
STARLINK-1398,2020-035AU,45699,PAY,D,US,2020-06-04,AFETR,2026-03-28,87.41,53.02,149,143,,,EA,IMP
STARLINK-1400,2020-035AV,45700,PAY,P,US,2020-06-04,AFETR,,91.11,53.04,333,325,,,EA,ORB
STARLINK-1403,2020-035AW,45701,PAY,P,US,2020-06-04,AFETR,,93.50,53.15,447,445,,,EA,ORB
STARLINK-1405,2020-035AX,45702,PAY,D,US,2020-06-04,AFETR,2025-08-21,88.15,53.02,189,177,,,EA,IMP
STARLINK-1407,2020-035AY,45703,PAY,P,US,2020-06-04,AFETR,,90.63,53.02,309,302,,,EA,ORB
STARLINK-1409,2020-035AZ,45704,PAY,D,US,2020-06-04,AFETR,2024-08-02,89.85,53.04,270,264,,,EA,IMP
STARLINK-1410,2020-035BA,45705,PAY,D,US,2020-06-04,AFETR,2024-01-20,88.06,53.03,182,175,,,EA,IMP
STARLINK-1411,2020-035BB,45706,PAY,D,US,2020-06-04,AFETR,2026-06-24,87.74,53.01,168,157,,,EA,IMP
STARLINK-1412,2020-035BC,45707,PAY,D,US,2020-06-04,AFETR,2025-06-15,87.38,53.03,153,136,,,EA,IMP
STARLINK-1418,2020-035BD,45708,PAY,D,US,2020-06-04,AFETR,2025-04-12,87.93,53.03,175,169,,,EA,IMP
STARLINK-1421,2020-035BE,45709,PAY,D,US,2020-06-04,AFETR,2024-08-29,89.69,53.04,267,251,,,EA,IMP
STARLINK-1423,2020-035BF,45710,PAY,P,US,2020-06-04,AFETR,,91.24,53.04,340,330,,,EA,ORB
STARLINK-1433,2020-035BG,45711,PAY,P,US,2020-06-04,AFETR,,90.78,53.04,318,307,,,EA,ORB
STARLINK-1434,2020-035BH,45712,PAY,P,US,2020-06-04,AFETR,,93.49,53.05,447,443,,,EA,ORB
STARLINK-1436 (VISORSAT),2020-035BJ,45713,PAY,D,US,2020-06-04,AFETR,2024-06-22,87.87,53.04,175,163,,,EA,IMP
STARLINK-1437,2020-035BK,45714,PAY,D,US,2020-06-04,AFETR,2024-08-21,90.73,53.05,314,307,,,EA,IMP
STARLINK-1438,2020-035BL,45715,PAY,D,US,2020-06-04,AFETR,2021-06-27,87.28,52.95,151,128,,,EA,IMP
STARLINK-1439,2020-035BM,45716,PAY,D,US,2020-06-04,AFETR,2022-03-13,88.24,52.98,193,182,,,EA,IMP
FALCON 9 DEB,2020-035BN,45717,DEB,D,US,2020-06-04,AFETR,2020-07-12,87.83,52.99,176,158,,,EA,IMP
FALCON 9 DEB,2020-035BP,45718,DEB,D,US,2020-06-04,AFETR,2020-07-09,87.42,52.99,153,141,,,EA,IMP
FALCON 9 DEB,2020-035BQ,45719,DEB,D,US,2020-06-04,AFETR,2020-07-07,87.22,52.99,143,130,,,EA,IMP
FALCON 9 DEB,2020-035BR,45720,DEB,D,US,2020-06-04,AFETR,2020-07-13,87.73,52.99,171,153,,,EA,IMP
HAIYANG-1D,2020-036A,45721,PAY,+,PRC,2020-06-10,TAISC,,100.41,98.46,779,776,,,EA,ORB
CZ-2C R/B,2020-036B,45722,R/B,,PRC,2020-06-10,TAISC,,99.47,98.72,770,697,,,EA,ORB
USA 301,2020-037A,45723,PAY,+,US,2020-06-13,RLLB,,95.37,97.75,541,532,,NEA,EA,ORB
USA 302,2020-037B,45724,PAY,+,US,2020-06-13,RLLB,,93.31,97.73,439,433,,NEA,EA,ORB
USA 303,2020-037C,45725,PAY,+,US,2020-06-13,RLLB,,93.67,97.72,457,451,,NEA,EA,ORB
ANDESITE,2020-037D,45726,PAY,+,US,2020-06-13,RLLB,,95.62,97.78,554,543,,,EA,ORB
M2 PATHFINDER,2020-037E,45727,PAY,+,AUS,2020-06-13,RLLB,,95.69,97.81,559,545,,,EA,ORB
ELECTRON KICK STAGE R/B,2020-037F,45728,R/B,,US,2020-06-13,RLLB,,94.71,97.76,508,501,,,EA,ORB
ELECTRON R/B,2020-037G,45729,R/B,D,US,2020-06-13,RLLB,2020-07-08,87.50,97.77,168,133,,,EA,IMP
STARLINK-1461,2020-038A,45730,PAY,D,US,2020-06-13,AFETR,2024-08-23,90.81,53.04,322,307,,,EA,IMP
STARLINK-1465,2020-038B,45731,PAY,P,US,2020-06-13,AFETR,,91.28,53.04,340,335,,,EA,ORB
STARLINK-1466,2020-038C,45732,PAY,D,US,2020-06-13,AFETR,2024-09-02,89.99,53.04,277,270,,,EA,IMP
STARLINK-1467,2020-038D,45733,PAY,D,US,2020-06-13,AFETR,2024-11-23,87.43,53.04,151,144,,,EA,IMP
STARLINK-1468,2020-038E,45734,PAY,D,US,2020-06-13,AFETR,2024-12-28,87.75,53.04,170,155,,,EA,IMP
STARLINK-1471,2020-038F,45735,PAY,P,US,2020-06-13,AFETR,,92.32,53.04,389,387,,,EA,ORB
STARLINK-1472,2020-038G,45736,PAY,D,US,2020-06-13,AFETR,2023-12-09,87.81,53.02,170,162,,,EA,IMP
STARLINK-1473,2020-038H,45737,PAY,D,US,2020-06-13,AFETR,2021-06-28,88.14,52.96,186,179,,,EA,IMP
STARLINK-1474,2020-038J,45738,PAY,D,US,2020-06-13,AFETR,2026-02-23,87.51,53.01,154,148,,,EA,IMP
STARLINK-1475,2020-038K,45739,PAY,D,US,2020-06-13,AFETR,2025-12-13,87.74,53.03,168,157,,,EA,IMP
STARLINK-1479,2020-038L,45740,PAY,D,US,2020-06-13,AFETR,2025-01-22,87.58,53.04,158,151,,,EA,IMP
STARLINK-1480,2020-038M,45741,PAY,P,US,2020-06-13,AFETR,,91.55,53.04,351,350,,,EA,ORB
STARLINK-1481,2020-038N,45742,PAY,D,US,2020-06-13,AFETR,2025-08-24,87.48,53.02,152,147,,,EA,IMP
STARLINK-1483,2020-038P,45743,PAY,D,US,2020-06-13,AFETR,2024-12-21,87.48,53.01,152,147,,,EA,IMP
STARLINK-1500,2020-038Q,45744,PAY,P,US,2020-06-13,AFETR,,93.35,53.03,441,436,,,EA,ORB
STARLINK-1503,2020-038R,45745,PAY,D,US,2020-06-13,AFETR,2025-05-15,87.42,53.02,152,141,,,EA,IMP
STARLINK-1504,2020-038S,45746,PAY,P,US,2020-06-13,AFETR,,92.06,53.02,377,374,,,EA,ORB
STARLINK-1506,2020-038T,45747,PAY,P,US,2020-06-13,AFETR,,94.04,53.08,476,469,,,EA,ORB
STARLINK-1507,2020-038U,45748,PAY,D,US,2020-06-13,AFETR,2025-06-16,87.35,53.01,148,139,,,EA,IMP
STARLINK-1516,2020-038V,45749,PAY,D,US,2020-06-13,AFETR,2021-06-19,87.64,52.96,162,153,,,EA,IMP
STARLINK-1391,2020-038W,45750,PAY,D,US,2020-06-13,AFETR,2025-02-24,87.11,53.04,138,124,,,EA,IMP
STARLINK-1464,2020-038X,45751,PAY,P,US,2020-06-13,AFETR,,92.29,53.04,387,386,,,EA,ORB
STARLINK-1469,2020-038Y,45752,PAY,D,US,2020-06-13,AFETR,2022-08-22,87.60,52.98,157,153,,,EA,IMP
STARLINK-1476,2020-038Z,45753,PAY,D,US,2020-06-13,AFETR,2025-09-10,87.55,53.00,159,147,,,EA,IMP
STARLINK-1477,2020-038AA,45754,PAY,P,US,2020-06-13,AFETR,,94.58,53.03,501,496,,,EA,ORB
STARLINK-1478,2020-038AB,45755,PAY,P,US,2020-06-13,AFETR,,91.05,53.04,329,323,,,EA,ORB
STARLINK-1484,2020-038AC,45756,PAY,D,US,2020-06-13,AFETR,2026-03-22,87.51,52.99,155,147,,,EA,IMP
STARLINK-1486,2020-038AD,45757,PAY,D,US,2020-06-13,AFETR,2025-01-04,87.62,53.04,160,153,,,EA,IMP
STARLINK-1487,2020-038AE,45758,PAY,D,US,2020-06-13,AFETR,2025-08-27,87.28,53.00,144,136,,,EA,IMP
STARLINK-1493,2020-038AF,45759,PAY,P,US,2020-06-13,AFETR,,91.56,53.04,352,350,,,EA,ORB
STARLINK-1494,2020-038AG,45760,PAY,D,US,2020-06-13,AFETR,2026-06-15,87.93,53.02,178,166,,,EA,IMP
STARLINK-1495,2020-038AH,45761,PAY,D,US,2020-06-13,AFETR,2022-11-28,88.24,53.02,190,185,,,EA,IMP
STARLINK-1499,2020-038AJ,45762,PAY,D,US,2020-06-13,AFETR,2024-12-18,87.17,52.98,138,131,,,EA,IMP
STARLINK-1501,2020-038AK,45763,PAY,D,US,2020-06-13,AFETR,2022-07-25,87.21,53.04,142,130,,,EA,IMP
STARLINK-1502,2020-038AL,45764,PAY,P,US,2020-06-13,AFETR,,91.60,53.04,356,350,,,EA,ORB
STARLINK-1508,2020-038AM,45765,PAY,D,US,2020-06-13,AFETR,2021-10-25,87.63,53.03,161,153,,,EA,IMP
STARLINK-1509,2020-038AN,45766,PAY,D,US,2020-06-13,AFETR,2024-11-24,87.60,53.02,156,155,,,EA,IMP
STARLINK-1511,2020-038AP,45767,PAY,D,US,2020-06-13,AFETR,2024-12-29,87.47,53.02,154,145,,,EA,IMP
STARLINK-1521,2020-038AQ,45768,PAY,D,US,2020-06-13,AFETR,2024-03-09,87.89,53.03,174,166,,,EA,IMP
STARLINK-1459,2020-038AR,45769,PAY,D,US,2020-06-13,AFETR,2024-11-05,87.59,53.10,173,136,,,EA,IMP
STARLINK-1462,2020-038AS,45770,PAY,D,US,2020-06-13,AFETR,2024-10-17,89.15,53.03,236,229,,,EA,IMP
STARLINK-1463,2020-038AT,45771,PAY,D,US,2020-06-13,AFETR,2025-03-22,87.32,53.02,147,136,,,EA,IMP
STARLINK-1470,2020-038AU,45772,PAY,P,US,2020-06-13,AFETR,,93.47,53.04,446,443,,,EA,ORB
STARLINK-1482,2020-038AV,45773,PAY,P,US,2020-06-13,AFETR,,93.27,53.15,436,433,,,EA,ORB
STARLINK-1485,2020-038AW,45774,PAY,D,US,2020-06-13,AFETR,2025-11-03,87.48,53.03,152,147,,,EA,IMP
STARLINK-1488,2020-038AX,45775,PAY,D,US,2020-06-13,AFETR,2024-11-12,88.08,53.04,184,175,,,EA,IMP
STARLINK-1489,2020-038AY,45776,PAY,D,US,2020-06-13,AFETR,2025-06-20,87.43,53.02,148,146,,,EA,IMP
STARLINK-1490,2020-038AZ,45777,PAY,D,US,2020-06-13,AFETR,2025-01-28,87.54,52.99,155,150,,,EA,IMP
STARLINK-1491,2020-038BA,45778,PAY,D,US,2020-06-13,AFETR,2025-08-21,88.17,53.02,186,182,,,EA,IMP
STARLINK-1492,2020-038BB,45779,PAY,D,US,2020-06-13,AFETR,2025-01-27,87.63,52.98,160,154,,,EA,IMP
STARLINK-1496,2020-038BC,45780,PAY,P,US,2020-06-13,AFETR,,91.18,53.04,336,329,,,EA,ORB
STARLINK-1497,2020-038BD,45781,PAY,D,US,2020-06-13,AFETR,2026-02-12,87.25,53.01,141,135,,,EA,IMP
STARLINK-1498,2020-038BE,45782,PAY,D,US,2020-06-13,AFETR,2024-12-04,88.06,53.03,180,177,,,EA,IMP
STARLINK-1505,2020-038BF,45783,PAY,D,US,2020-06-13,AFETR,2024-11-02,87.32,53.03,145,139,,,EA,IMP
STARLINK-1510,2020-038BG,45784,PAY,D,US,2020-06-13,AFETR,2026-01-06,87.37,53.01,146,143,,,EA,IMP
STARLINK-1512,2020-038BH,45785,PAY,D,US,2020-06-13,AFETR,2024-12-10,87.79,53.03,167,163,,,EA,IMP
STARLINK-1513,2020-038BJ,45786,PAY,+,US,2020-06-13,AFETR,,93.89,53.16,466,463,,,EA,ORB
STARLINK-1517,2020-038BK,45787,PAY,D,US,2020-06-13,AFETR,2025-06-06,87.78,53.03,168,161,,,EA,IMP
SKYSAT-C14,2020-038BL,45788,PAY,D,US,2020-06-13,AFETR,2024-08-30,88.82,52.96,224,208,,,EA,IMP
SKYSAT-C16,2020-038BM,45789,PAY,D,US,2020-06-13,AFETR,2024-09-25,87.39,52.94,147,144,,,EA,IMP
SKYSAT-C15,2020-038BN,45790,PAY,D,US,2020-06-13,AFETR,2024-10-09,87.56,52.94,157,150,,,EA,IMP
FALCON 9 DEB,2020-038BP,45791,DEB,D,US,2020-06-13,AFETR,2020-07-26,87.81,52.98,180,152,,,EA,IMP
FALCON 9 DEB,2020-038BQ,45792,DEB,D,US,2020-06-13,AFETR,2020-07-26,87.57,52.98,166,142,,,EA,IMP
FALCON 9 DEB,2020-038BR,45793,DEB,D,US,2020-06-13,AFETR,2020-07-22,87.61,52.98,167,145,,,EA,IMP
GAOFEN-9 03,2020-039A,45794,PAY,+,PRC,2020-06-17,JSC,,93.91,97.55,473,458,,,EA,ORB
ZHEDA PIXING 3A,2020-039B,45795,PAY,D,PRC,2020-06-17,JSC,2024-10-25,87.20,97.45,143,128,,,EA,IMP
HEAD-5,2020-039C,45796,PAY,D,PRC,2020-06-17,JSC,2023-12-06,88.04,97.41,184,171,,,EA,IMP
CZ-2D DEB,2020-039D,45797,DEB,D,PRC,2020-06-17,JSC,2023-04-15,88.68,97.25,216,203,,,EA,IMP
FALCON 9 DEB,2020-038BS,45798,DEB,D,US,2020-06-13,AFETR,2020-07-19,87.45,52.98,157,139,,,EA,IMP
FALCON 9 DEB,2020-038BT,45799,DEB,D,US,2020-06-13,AFETR,2020-06-24,88.61,53.03,239,173,,,EA,IMP
CZ-2D DEB,2020-039E,45801,DEB,D,PRC,2020-06-17,JSC,2023-06-27,88.09,97.53,191,170,,,EA,IMP
CZ-2D DEB,2020-039F,45802,DEB,D,PRC,2020-06-17,JSC,2022-10-05,88.96,97.51,236,210,,,EA,IMP
CZ-2D DEB,2020-039G,45803,DEB,D,PRC,2020-06-17,JSC,2022-10-02,89.13,97.22,240,223,,,EA,IMP
CZ-2D DEB,2020-034C,45804,DEB,D,PRC,2020-05-31,JSC,2023-08-17,88.41,97.26,208,184,,,EA,IMP
CZ-2D DEB,2020-034D,45805,DEB,D,PRC,2020-05-31,JSC,2022-10-27,88.94,97.46,228,216,,,EA,IMP
CZ-2D DEB,2020-034E,45806,DEB,D,PRC,2020-05-31,JSC,2022-10-12,89.50,97.23,255,244,,,EA,IMP
BEIDOU-3 G3,2020-040A,45807,PAY,+,PRC,2020-06-23,XICLF,,1436.13,2.60,35796,35778,,,EA,ORB
CZ-3B R/B,2020-040B,45808,R/B,,PRC,2020-06-23,XICLF,,421.72,28.32,24282,219,,,EA,ORB
FALCON 9 DEB,2020-038BU,45853,DEB,D,US,2020-06-13,AFETR,2020-08-01,87.23,52.99,148,126,,,EA,IMP
NAVSTAR 79 (USA 304),2020-041A,45854,PAY,+,US,2020-06-30,AFETR,,718.00,56.71,20361,20005,,,EA,ORB
GAOFEN DUOMO (GFDM),2020-042A,45856,PAY,+,PRC,2020-07-03,TAISC,,97.51,97.77,646,632,,,EA,ORB
BY70-2,2020-042B,45857,PAY,D,PRC,2020-07-03,TAISC,2024-08-19,92.82,97.90,417,409,,,EA,IMP
CZ-4B R/B,2020-042C,45858,R/B,D,PRC,2020-07-03,TAISC,2024-10-19,86.68,97.98,117,103,,,EA,IMP
SHIYAN-6 02 (SY-6 02),2020-043A,45859,PAY,+,PRC,2020-07-04,JSC,,98.56,98.19,781,599,,,EA,ORB
OFEQ 16,2020-044A,45860,PAY,+,ISRA,2020-07-06,YAVNE,,,,,,,NEA,EA,ORB
SHAVIT R/B,2020-044B,45861,R/B,D,ISRA,2020-07-06,YAVNE,2021-01-27,,,,,,NEA,EA,IMP
APSTAR-6D,2020-045A,45863,PAY,+,PRC,2020-07-09,XICLF,,1436.10,0.04,35798,35776,,,EA,ORB
CZ-3B R/B,2020-045B,45864,R/B,,PRC,2020-07-09,XICLF,,253.78,28.38,13625,174,,,EA,ORB
USA 305,2020-046A,45873,PAY,+,US,2020-07-15,WLPIS,,,,,,,NEA,EA,ORB
USA 306,2020-046B,45874,PAY,+,US,2020-07-15,WLPIS,,,,,,,NEA,EA,ORB
USA 307,2020-046C,45875,PAY,+,US,2020-07-15,WLPIS,,,,,,,NEA,EA,ORB
USA 308,2020-046D,45876,PAY,+,US,2020-07-15,WLPIS,,,,,,,NEA,EA,ORB
MINOTAUR 4 R/B,2020-046E,45877,R/B,,US,2020-07-15,WLPIS,,95.55,53.98,550,540,,,EA,ORB
AL-AMAL (HOPE),2020-047A,45918,PAY,+,UAE,2020-07-19,TANSC,,89.3,30.3,246,236,,,MA,ORB
H-2A R/B,2020-047B,45919,R/B,,JPN,2020-07-19,TANSC,,,,,,,NEA,SU,ORB
KOREASAT 116,2020-048A,45920,PAY,+,SKOR,2020-07-20,AFETR,,1436.13,0.02,35792,35782,,,EA,ORB
FALCON 9 R/B,2020-048B,45921,R/B,D,US,2020-07-20,AFETR,2025-05-19,93.19,26.45,749,113,,,EA,IMP
TIANWEN-1,2020-049A,45935,PAY,+,PRC,2020-07-23,WSC,,,,,,,NEA,MA,ORB
CZ-5 R/B,2020-049B,45936,R/B,,PRC,2020-07-23,WSC,,,,,,,NEA,SU,ORB
PROGRESS-MS 15,2020-050A,45937,PAY,D,CIS,2020-07-23,TYMSC,2021-02-09,92.98,51.63,423,418,,,EA,IMP
SL-4 R/B,2020-050B,45938,R/B,D,CIS,2020-07-23,TYMSC,2020-07-27,87.24,51.65,138,137,,,EA,IMP
ZIYUAN 3-03 (ZY 3-03),2020-051A,45939,PAY,+,PRC,2020-07-25,TAISC,,94.66,97.53,507,497,,,EA,ORB
LONGXIA YAN 1,2020-051B,45940,PAY,D,PRC,2020-07-25,TAISC,2023-07-14,87.16,97.40,147,121,,,EA,IMP
TIANQI-10,2020-051C,45941,PAY,D,PRC,2020-07-25,TAISC,2024-06-06,88.40,97.39,205,185,,,EA,IMP
CZ-4B R/B,2020-051D,45942,R/B,D,PRC,2020-07-25,TAISC,2021-09-09,87.11,97.57,143,119,,,EA,IMP
CZ-4B DEB,2020-051E,45943,DEB,D,PRC,2020-07-25,TAISC,2023-02-12,88.11,97.49,189,173,,,EA,IMP
MARS 2020,2020-052A,45983,PAY,D,US,2020-07-30,AFETR,2021-02-18,1010.6,32.2,27198,26765,,,MA,IMP
ATLAS 5 CENTAUR R/B,2020-052B,45984,R/B,,US,2020-07-30,AFETR,,,,,,,NEA,SU,ORB
EXPRESS 103,2020-053A,45985,PAY,+,CIS,2020-07-30,TYMSC,,1436.10,0.04,35792,35782,,,EA,ORB
EXPRESS 80,2020-053B,45986,PAY,+,CIS,2020-07-30,TYMSC,,1436.10,0.02,35797,35777,,,EA,ORB
BREEZE-M R/B,2020-053C,45987,R/B,,CIS,2020-07-30,TYMSC,,1390.23,7.63,52813,16954,,,EA,ORB
BREEZE-M DEB [TANK],2020-053D,45988,DEB,,CIS,2020-07-30,TYMSC,,395.10,49.66,22556,360,,,EA,ORB
CREW DRAGON DEMO-2 DEB [TRUNK],2020-033B,46024,DEB,D,US,2020-05-30,AFETR,2020-12-11,87.22,51.61,143,130,,,EA,IMP
GAOFEN-9 04,2020-054A,46025,PAY,+,PRC,2020-08-06,JSC,,93.59,97.24,457,444,,,EA,ORB
Q-SAT,2020-054B,46026,PAY,D,PRC,2020-08-06,JSC,2024-06-11,87.69,97.31,170,150,,,EA,IMP
STARLINK-1522,2020-055A,46027,PAY,P,US,2020-08-07,AFETR,,94.99,53.06,519,517,,,EA,ORB
STARLINK-1523,2020-055B,46028,PAY,+,US,2020-08-07,AFETR,,93.78,53.16,462,457,,,EA,ORB
STARLINK-1526,2020-055C,46029,PAY,+,US,2020-08-07,AFETR,,94.01,53.16,471,470,,,EA,ORB
STARLINK-1534,2020-055D,46030,PAY,D,US,2020-08-07,AFETR,2024-12-24,87.60,53.03,158,154,,,EA,IMP
STARLINK-1544,2020-055E,46031,PAY,D,US,2020-08-07,AFETR,2024-12-26,87.39,53.02,152,138,,,EA,IMP
STARLINK-1555,2020-055F,46032,PAY,+,US,2020-08-07,AFETR,,94.01,53.16,472,470,,,EA,ORB
STARLINK-1556,2020-055G,46033,PAY,+,US,2020-08-07,AFETR,,94.01,53.16,471,470,,,EA,ORB
STARLINK-1557,2020-055H,46034,PAY,+,US,2020-08-07,AFETR,,94.01,53.16,472,470,,,EA,ORB
STARLINK-1558,2020-055J,46035,PAY,+,US,2020-08-07,AFETR,,94.01,53.16,472,470,,,EA,ORB
STARLINK-1560,2020-055K,46036,PAY,+,US,2020-08-07,AFETR,,94.01,53.16,472,470,,,EA,ORB
STARLINK-1565,2020-055L,46037,PAY,D,US,2020-08-07,AFETR,2025-04-30,88.13,53.01,188,176,,,EA,IMP
STARLINK-1567,2020-055M,46038,PAY,D,US,2020-08-07,AFETR,2026-05-10,87.77,53.07,168,160,,,EA,IMP
STARLINK-1569,2020-055N,46039,PAY,+,US,2020-08-07,AFETR,,94.01,53.16,472,470,,,EA,ORB
STARLINK-1576,2020-055P,46040,PAY,D,US,2020-08-07,AFETR,2024-05-20,88.01,53.04,178,173,,,EA,IMP
STARLINK-1580,2020-055Q,46041,PAY,D,US,2020-08-07,AFETR,2025-04-02,88.81,53.03,226,206,,,EA,IMP
STARLINK-1581,2020-055R,46042,PAY,D,US,2020-08-07,AFETR,2025-03-26,88.19,53.04,192,178,,,EA,IMP
STARLINK-1582,2020-055S,46043,PAY,+,US,2020-08-07,AFETR,,94.01,53.16,472,470,,,EA,ORB
STARLINK-1584,2020-055T,46044,PAY,D,US,2020-08-07,AFETR,2024-05-24,88.08,53.03,183,176,,,EA,IMP
STARLINK-1591,2020-055U,46045,PAY,+,US,2020-08-07,AFETR,,94.01,53.16,472,470,,,EA,ORB
STARLINK-1514,2020-055V,46046,PAY,D,US,2020-08-07,AFETR,2022-07-17,87.62,53.03,159,154,,,EA,IMP
STARLINK-1524,2020-055W,46047,PAY,+,US,2020-08-07,AFETR,,94.01,53.16,472,470,,,EA,ORB
STARLINK-1527,2020-055X,46048,PAY,+,US,2020-08-07,AFETR,,94.01,53.16,472,470,,,EA,ORB
STARLINK-1530,2020-055Y,46049,PAY,D,US,2020-08-07,AFETR,2024-06-22,88.12,53.04,191,172,,,EA,IMP
STARLINK-1535,2020-055Z,46050,PAY,D,US,2020-08-07,AFETR,2022-01-08,88.15,53.03,188,178,,,EA,IMP
STARLINK-1540,2020-055AA,46051,PAY,+,US,2020-08-07,AFETR,,94.01,53.16,472,470,,,EA,ORB
STARLINK-1541,2020-055AB,46052,PAY,D,US,2020-08-07,AFETR,2026-07-24,87.57,53.14,157,151,,,EA,IMP
STARLINK-1543,2020-055AC,46053,PAY,+,US,2020-08-07,AFETR,,94.01,53.16,471,470,,,EA,ORB
STARLINK-1548,2020-055AD,46054,PAY,+,US,2020-08-07,AFETR,,94.01,53.16,471,470,,,EA,ORB
STARLINK-1554,2020-055AE,46055,PAY,+,US,2020-08-07,AFETR,,94.01,53.16,472,470,,,EA,ORB
STARLINK-1561,2020-055AF,46056,PAY,D,US,2020-08-07,AFETR,2023-11-14,88.04,53.01,183,172,,,EA,IMP
STARLINK-1562,2020-055AG,46057,PAY,D,US,2020-08-07,AFETR,2021-08-18,87.56,53.01,160,147,,,EA,IMP
STARLINK-1564,2020-055AH,46058,PAY,+,US,2020-08-07,AFETR,,94.01,53.16,471,470,,,EA,ORB
STARLINK-1570,2020-055AJ,46059,PAY,+,US,2020-08-07,AFETR,,94.01,53.16,472,470,,,EA,ORB
STARLINK-1572,2020-055AK,46060,PAY,+,US,2020-08-07,AFETR,,94.01,53.16,472,470,,,EA,ORB
STARLINK-1573,2020-055AL,46061,PAY,+,US,2020-08-07,AFETR,,94.01,53.16,471,470,,,EA,ORB
STARLINK-1574,2020-055AM,46062,PAY,D,US,2020-08-07,AFETR,2025-01-10,87.71,53.02,164,159,,,EA,IMP
STARLINK-1577,2020-055AN,46063,PAY,+,US,2020-08-07,AFETR,,94.01,53.16,472,469,,,EA,ORB
STARLINK-1583,2020-055AP,46064,PAY,+,US,2020-08-07,AFETR,,94.01,53.16,472,470,,,EA,ORB
STARLINK-1515,2020-055AQ,46065,PAY,D,US,2020-08-07,AFETR,2023-11-29,88.11,53.03,191,171,,,EA,IMP
STARLINK-1525,2020-055AR,46066,PAY,P,US,2020-08-07,AFETR,,92.61,53.05,406,399,,,EA,ORB
STARLINK-1529,2020-055AS,46067,PAY,D,US,2020-08-07,AFETR,2024-04-22,87.87,53.03,175,163,,,EA,IMP
STARLINK-1532,2020-055AT,46068,PAY,D,US,2020-08-07,AFETR,2024-08-16,90.77,53.04,316,309,,,EA,IMP
STARLINK-1533,2020-055AU,46069,PAY,D,US,2020-08-07,AFETR,2025-04-11,87.55,53.02,157,149,,,EA,IMP
STARLINK-1536,2020-055AV,46070,PAY,+,US,2020-08-07,AFETR,,94.01,53.16,471,470,,,EA,ORB
STARLINK-1538,2020-055AW,46071,PAY,D,US,2020-08-07,AFETR,2024-12-30,87.87,53.02,171,167,,,EA,IMP
STARLINK-1539,2020-055AX,46072,PAY,D,US,2020-08-07,AFETR,2024-06-26,88.52,53.04,207,196,,,EA,IMP
STARLINK-1542,2020-055AY,46073,PAY,+,US,2020-08-07,AFETR,,94.01,53.16,472,470,,,EA,ORB
STARLINK-1549,2020-055AZ,46074,PAY,P,US,2020-08-07,AFETR,,93.68,53.05,455,454,,,EA,ORB
STARLINK-1551,2020-055BA,46075,PAY,+,US,2020-08-07,AFETR,,94.01,53.16,471,470,,,EA,ORB
STARLINK-1552,2020-055BB,46076,PAY,+,US,2020-08-07,AFETR,,94.01,53.16,472,470,,,EA,ORB
STARLINK-1559,2020-055BC,46077,PAY,P,US,2020-08-07,AFETR,,93.19,53.02,431,430,,,EA,ORB
STARLINK-1563,2020-055BD,46078,PAY,D,US,2020-08-07,AFETR,2025-04-06,87.66,53.03,164,153,,,EA,IMP
STARLINK-1566,2020-055BE,46079,PAY,+,US,2020-08-07,AFETR,,94.01,53.16,472,470,,,EA,ORB
STARLINK-1568,2020-055BF,46080,PAY,P,US,2020-08-07,AFETR,,92.27,53.06,388,384,,,EA,ORB
STARLINK-1571,2020-055BG,46081,PAY,D,US,2020-08-07,AFETR,2025-02-22,87.64,53.05,167,148,,,EA,IMP
STARLINK-1578,2020-055BH,46082,PAY,+,US,2020-08-07,AFETR,,94.01,53.16,471,470,,,EA,ORB
STARLINK-1579,2020-055BJ,46083,PAY,+,US,2020-08-07,AFETR,,94.01,53.16,472,470,,,EA,ORB
FALCON 9 DEB,2020-055BK,46084,DEB,D,US,2020-08-07,AFETR,2022-04-09,87.75,52.99,166,160,,,EA,IMP
FALCON 9 DEB,2020-055BL,46085,DEB,D,US,2020-08-07,AFETR,2022-04-07,87.30,52.98,143,139,,,EA,IMP
FALCON 9 DEB,2020-055BM,46086,DEB,D,US,2020-08-07,AFETR,2022-04-03,87.46,52.98,152,146,,,EA,IMP
FALCON 9 DEB,2020-055BN,46087,DEB,D,US,2020-08-07,AFETR,2022-03-31,87.46,52.98,152,145,,,EA,IMP
GLOBAL-7,2020-055BP,46088,PAY,D,US,2020-08-07,AFETR,2023-10-23,87.59,52.97,158,153,,,EA,IMP
GLOBAL-8,2020-055BQ,46089,PAY,D,US,2020-08-07,AFETR,2024-04-01,87.57,52.96,159,149,,,EA,IMP
FALCON 9 DEB,2020-055BR,46090,DEB,D,US,2020-08-07,AFETR,2022-02-21,87.74,52.99,164,161,,,EA,IMP
BSAT-4B,2020-056A,46112,PAY,+,JPN,2020-08-15,FRGUI,,1436.09,0.03,35805,35768,,,EA,ORB
MEV-2,2020-056B,46113,PAY,+,US,2020-08-15,FRGUI,,1436.09,0.06,35787,35786,,,28358,DOC
GALAXY 30 (G-30),2020-056C,46114,PAY,+,US,2020-08-15,FRGUI,,1436.09,0.01,35796,35777,,,EA,ORB
ARIANE 5 DEB [SYLDA],2020-056D,46115,DEB,,FR,2020-08-15,FRGUI,,446.04,6.30,25624,295,,,EA,ORB
ARIANE 5 R/B,2020-056E,46116,R/B,,FR,2020-08-15,FRGUI,,598.74,5.84,34055,252,,,EA,ORB
STARLINK-1585,2020-057A,46117,PAY,D,US,2020-08-18,AFETR,2026-04-09,87.64,53.02,160,155,,,EA,IMP
STARLINK-1588,2020-057B,46118,PAY,D,US,2020-08-18,AFETR,2025-05-31,87.14,53.02,138,128,,,EA,IMP
STARLINK-1593,2020-057C,46119,PAY,D,US,2020-08-18,AFETR,2026-05-06,87.83,53.02,174,160,,,EA,IMP
STARLINK-1601,2020-057D,46120,PAY,D,US,2020-08-18,AFETR,2026-03-04,87.49,53.03,154,146,,,EA,IMP
STARLINK-1602,2020-057E,46121,PAY,D,US,2020-08-18,AFETR,2025-01-07,87.88,53.03,171,168,,,EA,IMP
STARLINK-1604,2020-057F,46122,PAY,D,US,2020-08-18,AFETR,2025-03-01,87.30,53.02,144,138,,,EA,IMP
STARLINK-1605,2020-057G,46123,PAY,D,US,2020-08-18,AFETR,2026-02-11,87.47,53.02,152,146,,,EA,IMP
STARLINK-1614,2020-057H,46124,PAY,D,US,2020-08-18,AFETR,2026-02-07,87.47,53.02,152,147,,,EA,IMP
STARLINK-1618,2020-057J,46125,PAY,D,US,2020-08-18,AFETR,2025-09-17,87.95,53.02,177,170,,,EA,IMP
STARLINK-1619,2020-057K,46126,PAY,D,US,2020-08-18,AFETR,2025-04-13,87.66,53.01,164,153,,,EA,IMP
STARLINK-1621,2020-057L,46127,PAY,D,US,2020-08-18,AFETR,2026-04-29,87.66,53.02,164,153,,,EA,IMP
STARLINK-1622,2020-057M,46128,PAY,D,US,2020-08-18,AFETR,2026-07-22,87.50,52.99,154,147,,,EA,IMP
STARLINK-1623,2020-057N,46129,PAY,P,US,2020-08-18,AFETR,,88.25,53.02,193,183,,,EA,ORB
STARLINK-1624,2020-057P,46130,PAY,D,US,2020-08-18,AFETR,2026-05-27,87.62,53.01,160,153,,,EA,IMP
STARLINK-1625,2020-057Q,46131,PAY,D,US,2020-08-18,AFETR,2026-04-09,87.65,53.03,160,156,,,EA,IMP
STARLINK-1630,2020-057R,46132,PAY,D,US,2020-08-18,AFETR,2025-01-25,87.65,53.03,164,152,,,EA,IMP
STARLINK-1637,2020-057S,46133,PAY,D,US,2020-08-18,AFETR,2025-02-25,88.15,53.02,187,179,,,EA,IMP
STARLINK-1638,2020-057T,46134,PAY,D,US,2020-08-18,AFETR,2023-11-29,88.20,53.03,189,182,,,EA,IMP
STARLINK-1639,2020-057U,46135,PAY,D,US,2020-08-18,AFETR,2025-08-09,87.28,53.02,146,134,,,EA,IMP
STARLINK-1643,2020-057V,46136,PAY,D,US,2020-08-18,AFETR,2025-12-02,87.64,53.02,159,156,,,EA,IMP
STARLINK-1586,2020-057W,46137,PAY,D,US,2020-08-18,AFETR,2025-09-25,87.42,53.02,150,144,,,EA,IMP
STARLINK-1590,2020-057X,46138,PAY,D,US,2020-08-18,AFETR,2025-04-04,87.70,53.02,165,156,,,EA,IMP
STARLINK-1592,2020-057Y,46139,PAY,D,US,2020-08-18,AFETR,2021-08-01,87.83,53.03,171,163,,,EA,IMP
STARLINK-1594,2020-057Z,46140,PAY,D,US,2020-08-18,AFETR,2025-02-05,87.88,53.02,174,165,,,EA,IMP
STARLINK-1596,2020-057AA,46141,PAY,P,US,2020-08-18,AFETR,,91.64,53.03,357,353,,,EA,ORB
STARLINK-1597,2020-057AB,46142,PAY,P,US,2020-08-18,AFETR,,88.99,53.02,227,223,,,EA,ORB
STARLINK-1599,2020-057AC,46143,PAY,D,US,2020-08-18,AFETR,2022-02-04,87.99,53.04,177,173,,,EA,IMP
STARLINK-1606,2020-057AD,46144,PAY,D,US,2020-08-18,AFETR,2026-06-27,87.49,53.02,155,145,,,EA,IMP
STARLINK-1607,2020-057AE,46145,PAY,D,US,2020-08-18,AFETR,2021-09-30,87.28,53.04,145,135,,,EA,IMP
STARLINK-1608,2020-057AF,46146,PAY,P,US,2020-08-18,AFETR,,93.32,53.15,438,436,,,EA,ORB
STARLINK-1611,2020-057AG,46147,PAY,D,US,2020-08-18,AFETR,2025-01-30,86.30,53.01,95,87,,,EA,IMP
STARLINK-1616,2020-057AH,46148,PAY,D,US,2020-08-18,AFETR,2025-05-10,87.43,53.01,151,144,,,EA,IMP
STARLINK-1620,2020-057AJ,46149,PAY,D,US,2020-08-18,AFETR,2024-11-05,87.81,53.00,168,164,,,EA,IMP
STARLINK-1629,2020-057AK,46150,PAY,D,US,2020-08-18,AFETR,2026-02-16,87.81,53.01,169,163,,,EA,IMP
STARLINK-1631,2020-057AL,46151,PAY,D,US,2020-08-18,AFETR,2025-06-05,87.62,53.02,162,151,,,EA,IMP
STARLINK-1634,2020-057AM,46152,PAY,D,US,2020-08-18,AFETR,2024-09-05,88.65,53.03,210,205,,,EA,IMP
STARLINK-1636,2020-057AN,46153,PAY,D,US,2020-08-18,AFETR,2025-09-22,87.39,53.00,149,142,,,EA,IMP
STARLINK-1642,2020-057AP,46154,PAY,D,US,2020-08-18,AFETR,2026-02-20,87.49,53.02,155,146,,,EA,IMP
STARLINK-1667,2020-057AQ,46155,PAY,D,US,2020-08-18,AFETR,2026-07-04,87.97,52.99,182,166,,,EA,IMP
STARLINK-1545,2020-057AR,46156,PAY,D,US,2020-08-18,AFETR,2026-07-12,87.63,53.02,164,150,,,EA,IMP
STARLINK-1587,2020-057AS,46157,PAY,D,US,2020-08-18,AFETR,2026-03-22,87.98,53.02,178,171,,,EA,IMP
STARLINK-1589,2020-057AT,46158,PAY,D,US,2020-08-18,AFETR,2024-06-24,88.07,53.03,181,178,,,EA,IMP
STARLINK-1595,2020-057AU,46159,PAY,P,US,2020-08-18,AFETR,,90.00,53.03,278,271,,,EA,ORB
STARLINK-1598,2020-057AV,46160,PAY,P,US,2020-08-18,AFETR,,90.38,53.03,298,288,,,EA,ORB
STARLINK-1600,2020-057AW,46161,PAY,D,US,2020-08-18,AFETR,2025-06-14,87.41,53.01,153,140,,,EA,IMP
STARLINK-1603,2020-057AX,46162,PAY,D,US,2020-08-18,AFETR,2025-02-27,87.37,53.01,152,137,,,EA,IMP
STARLINK-1610,2020-057AY,46163,PAY,D,US,2020-08-18,AFETR,2025-05-08,87.52,53.01,156,147,,,EA,IMP
STARLINK-1612,2020-057AZ,46164,PAY,D,US,2020-08-18,AFETR,2026-04-21,87.82,53.01,172,162,,,EA,IMP
STARLINK-1613,2020-057BA,46165,PAY,D,US,2020-08-18,AFETR,2024-05-20,88.22,53.08,192,180,,,EA,IMP
STARLINK-1615,2020-057BB,46166,PAY,D,US,2020-08-18,AFETR,2024-07-04,88.16,53.03,186,181,,,EA,IMP
STARLINK-1626,2020-057BC,46167,PAY,P,US,2020-08-18,AFETR,,89.31,53.02,242,239,,,EA,ORB
STARLINK-1627,2020-057BD,46168,PAY,D,US,2020-08-18,AFETR,2026-05-24,87.43,53.01,151,143,,,EA,IMP
STARLINK-1628,2020-057BE,46169,PAY,D,US,2020-08-18,AFETR,2025-10-29,88.59,53.02,209,200,,,EA,IMP
STARLINK-1632,2020-057BF,46170,PAY,D,US,2020-08-18,AFETR,2021-09-12,87.99,53.04,184,166,,,EA,IMP
STARLINK-1633,2020-057BG,46171,PAY,D,US,2020-08-18,AFETR,2026-07-27,87.55,53.01,157,149,,,EA,IMP
STARLINK-1635,2020-057BH,46172,PAY,D,US,2020-08-18,AFETR,2026-07-07,87.46,53.02,156,142,,,EA,IMP
STARLINK-1640,2020-057BJ,46173,PAY,P,US,2020-08-18,AFETR,,89.92,53.03,275,267,,,EA,ORB
STARLINK-1641,2020-057BK,46174,PAY,P,US,2020-08-18,AFETR,,91.31,53.04,344,334,,,EA,ORB
FALCON 9 DEB,2020-057BL,46175,DEB,D,US,2020-08-18,AFETR,2020-09-21,87.35,52.97,150,137,,,EA,IMP
FALCON 9 DEB,2020-057BM,46176,DEB,D,US,2020-08-18,AFETR,2020-09-18,87.35,52.98,149,137,,,EA,IMP
FALCON 9 DEB,2020-057BN,46177,DEB,D,US,2020-08-18,AFETR,2020-09-15,87.85,52.98,180,156,,,EA,IMP
FALCON 9 DEB,2020-057BP,46178,DEB,D,US,2020-08-18,AFETR,2020-09-13,87.76,52.99,173,154,,,EA,IMP
SKYSAT-C17,2020-057BQ,46179,PAY,D,US,2020-08-18,AFETR,2024-02-26,87.28,52.95,144,135,,,EA,IMP
SKYSAT-C18,2020-057BR,46180,PAY,D,US,2020-08-18,AFETR,2023-06-26,87.28,52.96,143,136,,,EA,IMP
GAOFEN-9 05,2020-058A,46232,PAY,+,PRC,2020-08-23,JSC,,93.94,97.20,472,462,,,EA,ORB
MULTIFUNCTION TEST SAT,2020-058B,46233,PAY,D,PRC,2020-08-23,JSC,2024-08-22,90.77,97.28,318,307,,,EA,IMP
TIANTUO 5,2020-058C,46234,PAY,D,PRC,2020-08-23,JSC,2025-04-16,87.81,97.23,175,157,,,EA,IMP
SKYSAT-C19,2020-057BS,46235,PAY,D,US,2020-08-18,AFETR,2024-01-29,87.60,52.95,156,155,,,EA,IMP
FALCON 9 DEB,2020-057BT,46236,DEB,D,US,2020-08-18,AFETR,2020-09-23,87.47,52.99,156,142,,,EA,IMP
SAOCOM 1B,2020-059A,46265,PAY,+,ARGN,2020-08-30,AFETR,,97.16,97.89,624,622,,,EA,ORB
GNOMES-1,2020-059B,46266,PAY,+,US,2020-08-30,AFETR,,95.96,97.80,573,556,,,EA,ORB
TYVAK-0172,2020-059C,46267,PAY,D,US,2020-08-30,AFETR,2026-04-06,87.96,97.70,179,168,,,EA,IMP
RLFL14,2020-060A,46268,PAY,D,US,2020-08-31,RLLB,2025-01-19,87.70,45.05,163,158,,,EA,IMP
CAPELLA-2-SEQUOIA,2020-060B,46269,PAY,D,US,2020-08-31,RLLB,2023-02-28,88.70,45.07,216,205,,,EA,IMP
ELECTRON R/B,2020-060C,46270,R/B,D,US,2020-08-31,RLLB,2020-09-19,87.65,45.07,180,136,,,EA,IMP
NUSAT-6 (HYPATIA),2020-061A,46272,PAY,D,ARGN,2020-09-03,FRGUI,2024-09-14,87.24,97.20,145,131,,,EA,IMP
ESAIL,2020-061B,46273,PAY,D,CA,2020-09-03,FRGUI,2025-03-03,87.72,97.24,169,155,,,EA,IMP
ION-MK01,2020-061C,46274,PAY,D,IT,2020-09-03,FRGUI,2026-04-19,87.92,97.17,179,164,,,EA,IMP
ATHENA,2020-061D,46275,PAY,+,US,2020-09-03,FRGUI,,92.86,97.19,416,414,,,EA,ORB
UPMSAT-2,2020-061E,46276,PAY,D,SPN,2020-09-03,FRGUI,2025-10-11,87.29,97.21,148,133,,,EA,IMP
NEMO-HD,2020-061F,46277,PAY,+,SVN,2020-09-03,FRGUI,,93.16,97.19,431,427,,,EA,ORB
GHGSAT-C1,2020-061G,46278,PAY,+,CA,2020-09-03,FRGUI,,91.31,97.21,340,338,,,EA,ORB
SIMBA,2020-061H,46279,PAY,D,BEL,2020-09-03,FRGUI,2024-08-14,90.89,97.34,322,314,,,EA,IMP
TRISAT,2020-061J,46280,PAY,D,SVN,2020-09-03,FRGUI,2024-09-29,87.42,97.28,157,136,,,EA,IMP
PICASSO-BEL,2020-061K,46281,PAY,D,BEL,2020-09-03,FRGUI,2024-04-08,87.59,97.33,163,147,,,EA,IMP
FLOCK 4V-9,2020-061L,46282,PAY,D,US,2020-09-03,FRGUI,2024-04-21,87.70,97.32,169,151,,,EA,IMP
FLOCK 4V-12,2020-061M,46283,PAY,D,US,2020-09-03,FRGUI,2024-02-23,87.84,97.33,176,159,,,EA,IMP
DIDO 3,2020-061N,46284,PAY,D,ISRA,2020-09-03,FRGUI,2025-03-23,87.92,97.27,179,164,,,EA,IMP
FLOCK 4V-11,2020-061P,46285,PAY,D,US,2020-09-03,FRGUI,2024-10-23,87.75,97.32,169,157,,,EA,IMP
FLOCK 4V-14,2020-061Q,46286,PAY,D,US,2020-09-03,FRGUI,2024-11-19,87.90,97.32,177,164,,,EA,IMP
AMICALSAT,2020-061R,46287,PAY,D,FR,2020-09-03,FRGUI,2025-01-11,87.70,97.28,167,154,,,EA,IMP
FLOCK 4V-8,2020-061S,46288,PAY,D,US,2020-09-03,FRGUI,2024-11-20,87.54,97.31,162,144,,,EA,IMP
FLOCK 4V-6,2020-061T,46289,PAY,D,US,2020-09-03,FRGUI,2024-09-01,87.63,97.33,166,149,,,EA,IMP
FLOCK 4V-5,2020-061U,46290,PAY,D,US,2020-09-03,FRGUI,2024-03-07,87.82,97.33,175,158,,,EA,IMP
FLOCK 4V-7,2020-061V,46291,PAY,D,US,2020-09-03,FRGUI,2024-03-27,88.37,97.32,200,187,,,EA,IMP
3CAT-5A,2020-061W,46292,PAY,-,SPN,2020-09-03,FRGUI,,93.03,97.23,423,422,,,EA,ORB
3CAT-5B,2020-061X,46293,PAY,-,SPN,2020-09-03,FRGUI,,92.93,97.23,419,417,,,EA,ORB
OSM-1 CICERO,2020-061Y,46294,PAY,D,SPN,2020-09-03,FRGUI,2025-08-31,87.62,97.28,164,149,,,EA,IMP
TYVAK-0171,2020-061Z,46295,PAY,D,AUS,2020-09-03,FRGUI,2024-02-08,87.74,97.34,171,154,,,EA,IMP
FLOCK 4V-10,2020-061AA,46296,PAY,D,US,2020-09-03,FRGUI,2024-09-09,87.33,97.32,152,133,,,EA,IMP
FLOCK 4V-13,2020-061AB,46297,PAY,D,US,2020-09-03,FRGUI,2024-11-24,87.61,97.30,165,147,,,EA,IMP
LEMUR-2-ETHANOAKES,2020-061AC,46298,PAY,D,US,2020-09-03,FRGUI,2024-03-23,87.87,97.34,179,159,,,EA,IMP
LEMUR-2-OSCARLATOR,2020-061AD,46299,PAY,D,US,2020-09-03,FRGUI,2024-01-26,88.10,97.36,186,175,,,EA,IMP
SPACEBEE-21,2020-061AE,46300,PAY,D,US,2020-09-03,FRGUI,2023-06-13,87.91,97.37,182,160,,,EA,IMP
SPACEBEE-20,2020-061AF,46301,PAY,D,US,2020-09-03,FRGUI,2023-06-14,87.68,97.38,173,147,,,EA,IMP
SPACEBEE-15,2020-061AG,46302,PAY,D,US,2020-09-03,FRGUI,2023-04-29,91.20,97.39,340,327,,,EA,IMP
SPACEBEE-19,2020-061AH,46303,PAY,D,US,2020-09-03,FRGUI,2023-05-30,87.60,97.37,167,145,,,EA,IMP
SPACEBEE-18,2020-061AJ,46304,PAY,D,US,2020-09-03,FRGUI,2023-05-23,88.25,97.38,202,175,,,EA,IMP
SPACEBEE-10,2020-061AK,46305,PAY,D,US,2020-09-03,FRGUI,2023-03-26,89.27,97.39,248,228,,,EA,IMP
SPACEBEE-17,2020-061AL,46306,PAY,D,US,2020-09-03,FRGUI,2023-05-12,88.46,97.38,209,188,,,EA,IMP
SPACEBEE-11,2020-061AM,46307,PAY,D,US,2020-09-03,FRGUI,2023-04-10,88.55,97.38,212,193,,,EA,IMP
SPACEBEE-16,2020-061AN,46308,PAY,D,US,2020-09-03,FRGUI,2023-05-10,88.82,97.38,229,203,,,EA,IMP
SPACEBEE-12,2020-061AP,46309,PAY,D,US,2020-09-03,FRGUI,2023-04-17,88.00,97.38,187,164,,,EA,IMP
SPACEBEE-13,2020-061AQ,46310,PAY,D,US,2020-09-03,FRGUI,2023-04-25,88.60,97.37,215,196,,,EA,IMP
SPACEBEE-14,2020-061AR,46311,PAY,D,US,2020-09-03,FRGUI,2023-04-26,89.15,97.39,243,222,,,EA,IMP
TTU100,2020-061AS,46312,PAY,D,EST,2020-09-03,FRGUI,2024-08-11,90.60,97.34,309,299,,,EA,IMP
FLOCK 4V-1,2020-061AT,46313,PAY,D,US,2020-09-03,FRGUI,2024-04-14,88.97,97.34,230,218,,,EA,IMP
FLOCK 4V-4,2020-061AU,46314,PAY,D,US,2020-09-03,FRGUI,2023-12-08,87.67,97.35,165,153,,,EA,IMP
LEMUR-2-SCHMIDTFALL,2020-061AV,46315,PAY,D,US,2020-09-03,FRGUI,2023-12-07,88.57,97.36,209,198,,,EA,IMP
LEMUR-2-DJUPROERA,2020-061AW,46316,PAY,D,US,2020-09-03,FRGUI,2023-10-17,89.29,97.37,249,230,,,EA,IMP
LEMUR-2-SQUAREJAWS,2020-061AX,46317,PAY,D,US,2020-09-03,FRGUI,2023-11-22,87.48,97.35,156,144,,,EA,IMP
LEMUR-2-URSA-AVION,2020-061AY,46318,PAY,D,US,2020-09-03,FRGUI,2023-12-04,87.46,97.35,149,149,,,EA,IMP
KEPLER-2 (TARS),2020-061AZ,46319,PAY,D,CA,2020-09-03,FRGUI,2024-12-06,87.41,97.30,153,140,,,EA,IMP
NAPA-1,2020-061BA,46320,PAY,+,THAI,2020-09-03,FRGUI,,91.24,97.24,337,334,,,EA,ORB
FLOCK 4V-2,2020-061BB,46321,PAY,D,US,2020-09-03,FRGUI,2024-02-11,87.94,97.30,179,166,,,EA,IMP
FLOCK 4V-3,2020-061BC,46322,PAY,D,US,2020-09-03,FRGUI,2024-04-08,87.61,97.36,163,149,,,EA,IMP
STARLINK-1734,2020-062A,46325,PAY,D,US,2020-09-03,AFETR,2025-12-25,87.49,53.00,154,146,,,EA,IMP
STARLINK-1654,2020-062B,46326,PAY,D,US,2020-09-03,AFETR,2026-06-15,88.04,53.02,182,173,,,EA,IMP
STARLINK-1673,2020-062C,46327,PAY,D,US,2020-09-03,AFETR,2025-07-13,87.53,53.00,158,146,,,EA,IMP
STARLINK-1686,2020-062D,46328,PAY,D,US,2020-09-03,AFETR,2026-05-30,87.47,53.02,154,144,,,EA,IMP
STARLINK-1695,2020-062E,46329,PAY,P,US,2020-09-03,AFETR,,88.74,53.02,215,209,,,EA,ORB
STARLINK-1710,2020-062F,46330,PAY,D,US,2020-09-03,AFETR,2026-03-03,87.86,53.02,173,164,,,EA,IMP
STARLINK-1719,2020-062G,46331,PAY,D,US,2020-09-03,AFETR,2026-07-27,87.74,53.01,169,156,,,EA,IMP
STARLINK-1721,2020-062H,46332,PAY,D,US,2020-09-03,AFETR,2024-10-15,87.49,53.00,155,145,,,EA,IMP
STARLINK-1723,2020-062J,46333,PAY,D,US,2020-09-03,AFETR,2026-03-06,87.51,53.03,155,147,,,EA,IMP
STARLINK-1725,2020-062K,46334,PAY,D,US,2020-09-03,AFETR,2025-02-13,87.71,53.03,163,159,,,EA,IMP
STARLINK-1727,2020-062L,46335,PAY,D,US,2020-09-03,AFETR,2026-05-29,87.92,53.02,180,163,,,EA,IMP
STARLINK-1738,2020-062M,46336,PAY,D,US,2020-09-03,AFETR,2026-03-13,88.51,53.02,205,196,,,EA,IMP
STARLINK-1750,2020-062N,46337,PAY,D,US,2020-09-03,AFETR,2026-03-03,87.47,53.02,153,145,,,EA,IMP
STARLINK-1752,2020-062P,46338,PAY,D,US,2020-09-03,AFETR,2026-03-28,87.73,53.02,168,156,,,EA,IMP
STARLINK-1757,2020-062Q,46339,PAY,D,US,2020-09-03,AFETR,2021-12-04,87.61,53.02,170,143,,,EA,IMP
STARLINK-1759,2020-062R,46340,PAY,D,US,2020-09-03,AFETR,2026-07-19,87.77,53.00,171,156,,,EA,IMP
STARLINK-1760,2020-062S,46341,PAY,D,US,2020-09-03,AFETR,2025-02-12,87.57,53.03,158,150,,,EA,IMP
STARLINK-1762,2020-062T,46342,PAY,P,US,2020-09-03,AFETR,,93.18,53.15,432,428,,,EA,ORB
STARLINK-1764,2020-062U,46343,PAY,D,US,2020-09-03,AFETR,2026-06-15,87.69,53.01,164,156,,,EA,IMP
STARLINK-1765,2020-062V,46344,PAY,D,US,2020-09-03,AFETR,2026-04-04,87.32,53.02,144,139,,,EA,IMP
STARLINK-1767,2020-062W,46345,PAY,D,US,2020-09-03,AFETR,2026-02-07,87.65,53.02,159,157,,,EA,IMP
STARLINK-1546,2020-062X,46346,PAY,D,US,2020-09-03,AFETR,2023-06-10,88.27,53.03,199,179,,,EA,IMP
STARLINK-1547,2020-062Y,46347,PAY,D,US,2020-09-03,AFETR,2026-07-07,88.06,53.01,185,172,,,EA,IMP
STARLINK-1553,2020-062Z,46348,PAY,P,US,2020-09-03,AFETR,,93.19,53.03,433,428,,,EA,ORB
STARLINK-1575,2020-062AA,46349,PAY,D,US,2020-09-03,AFETR,2026-04-10,87.63,53.01,160,154,,,EA,IMP
STARLINK-1617,2020-062AB,46350,PAY,D,US,2020-09-03,AFETR,2024-06-07,88.15,53.03,192,173,,,EA,IMP
STARLINK-1646,2020-062AC,46351,PAY,D,US,2020-09-03,AFETR,2026-08-10,87.68,53.01,164,155,,,EA,IMP
STARLINK-1653,2020-062AD,46352,PAY,D,US,2020-09-03,AFETR,2026-08-19,87.46,53.01,150,147,,,EA,IMP
STARLINK-1656,2020-062AE,46353,PAY,P,US,2020-09-03,AFETR,,90.52,53.03,308,292,,,EA,ORB
STARLINK-1657,2020-062AF,46354,PAY,D,US,2020-09-03,AFETR,2026-04-10,87.67,53.02,162,156,,,EA,IMP
STARLINK-1661,2020-062AG,46355,PAY,P,US,2020-09-03,AFETR,,93.17,53.15,431,428,,,EA,ORB
STARLINK-1665,2020-062AH,46356,PAY,D,US,2020-09-03,AFETR,2026-06-27,87.69,53.02,165,155,,,EA,IMP
STARLINK-1666,2020-062AJ,46357,PAY,D,US,2020-09-03,AFETR,2026-07-29,87.56,53.01,160,148,,,EA,IMP
STARLINK-1690,2020-062AK,46358,PAY,D,US,2020-09-03,AFETR,2024-10-29,88.02,53.02,182,171,,,EA,IMP
STARLINK-1707,2020-062AL,46359,PAY,D,US,2020-09-03,AFETR,2026-07-11,87.69,53.00,167,153,,,EA,IMP
STARLINK-1713,2020-062AM,46360,PAY,D,US,2020-09-03,AFETR,2025-10-10,87.88,53.03,174,165,,,EA,IMP
STARLINK-1722,2020-062AN,46361,PAY,D,US,2020-09-03,AFETR,2025-02-15,87.58,53.02,160,150,,,EA,IMP
STARLINK-1726,2020-062AP,46362,PAY,D,US,2020-09-03,AFETR,2026-03-23,87.47,53.02,153,146,,,EA,IMP
STARLINK-1739,2020-062AQ,46363,PAY,D,US,2020-09-03,AFETR,2025-05-25,87.57,53.00,158,151,,,EA,IMP
STARLINK-1763,2020-062AR,46364,PAY,D,US,2020-09-03,AFETR,2025-03-02,87.72,53.03,165,158,,,EA,IMP
STARLINK-1550,2020-062AS,46365,PAY,D,US,2020-09-03,AFETR,2024-03-27,87.96,53.03,179,168,,,EA,IMP
STARLINK-1651,2020-062AT,46366,PAY,D,US,2020-09-03,AFETR,2026-03-02,87.65,53.02,162,154,,,EA,IMP
STARLINK-1652,2020-062AU,46367,PAY,D,US,2020-09-03,AFETR,2021-07-25,87.69,53.05,167,153,,,EA,IMP
STARLINK-1658,2020-062AV,46368,PAY,D,US,2020-09-03,AFETR,2024-08-10,90.41,53.04,298,291,,,EA,IMP
STARLINK-1662,2020-062AW,46369,PAY,D,US,2020-09-03,AFETR,2021-11-23,87.68,53.03,165,155,,,EA,IMP
STARLINK-1670,2020-062AX,46370,PAY,D,US,2020-09-03,AFETR,2025-02-08,87.53,53.04,153,151,,,EA,IMP
STARLINK-1688,2020-062AY,46371,PAY,D,US,2020-09-03,AFETR,2024-08-04,89.99,53.04,279,269,,,EA,IMP
STARLINK-1689,2020-062AZ,46372,PAY,D,US,2020-09-03,AFETR,2025-09-07,88.16,53.01,191,176,,,EA,IMP
STARLINK-1691,2020-062BA,46373,PAY,D,US,2020-09-03,AFETR,2021-08-17,87.28,53.04,156,124,,,EA,IMP
STARLINK-1711,2020-062BB,46374,PAY,D,US,2020-09-03,AFETR,2025-02-21,86.89,53.02,135,105,,,EA,IMP
STARLINK-1724,2020-062BC,46375,PAY,P,US,2020-09-03,AFETR,,90.58,53.01,307,299,,,EA,ORB
STARLINK-1742,2020-062BD,46376,PAY,D,US,2020-09-03,AFETR,2026-04-17,87.83,53.01,170,165,,,EA,IMP
STARLINK-1745,2020-062BE,46377,PAY,D,US,2020-09-03,AFETR,2021-08-20,87.99,53.04,180,170,,,EA,IMP
STARLINK-1751,2020-062BF,46378,PAY,D,US,2020-09-03,AFETR,2022-02-09,88.23,53.03,191,183,,,EA,IMP
STARLINK-1756,2020-062BG,46379,PAY,D,US,2020-09-03,AFETR,2021-10-23,87.67,53.01,167,150,,,EA,IMP
STARLINK-1758,2020-062BH,46380,PAY,D,US,2020-09-03,AFETR,2025-02-09,87.69,53.03,165,155,,,EA,IMP
STARLINK-1768,2020-062BJ,46381,PAY,D,US,2020-09-03,AFETR,2021-09-12,87.43,52.99,166,128,,,EA,IMP
STARLINK-1769,2020-062BK,46382,PAY,D,US,2020-09-03,AFETR,2026-02-15,87.31,53.02,142,140,,,EA,IMP
STARLINK-1770,2020-062BL,46383,PAY,P,US,2020-09-03,AFETR,,90.08,53.03,283,274,,,EA,ORB
STARLINK-1771,2020-062BM,46384,PAY,P,US,2020-09-03,AFETR,,91.68,53.03,360,354,,,EA,ORB
FALCON 9 DEB,2020-062BN,46385,DEB,D,US,2020-09-03,AFETR,2020-09-29,87.32,52.99,148,135,,,EA,IMP
FALCON 9 DEB,2020-062BP,46386,DEB,D,US,2020-09-03,AFETR,2020-09-28,87.95,52.99,185,161,,,EA,IMP
FALCON 9 DEB,2020-062BQ,46387,DEB,D,US,2020-09-03,AFETR,2020-09-28,87.61,52.99,164,148,,,EA,IMP
FALCON 9 DEB,2020-062BR,46388,DEB,D,US,2020-09-03,AFETR,2020-09-29,87.88,52.99,181,159,,,EA,IMP
PRC TEST SPACECRAFT,2020-063A,46389,PAY,D,PRC,2020-09-04,JSC,2020-09-06,91.31,50.21,347,331,,,EA,IMP
CZ-2F R/B,2020-063B,46390,R/B,D,PRC,2020-09-04,JSC,2021-07-01,87.04,50.17,133,123,,,EA,IMP
CZ-2F DEB,2020-063C,46391,DEB,D,PRC,2020-09-04,JSC,2021-03-24,88.41,49.88,201,191,,,EA,IMP
CZ-2F DEB,2020-063D,46392,DEB,D,PRC,2020-09-04,JSC,2021-01-12,89.01,49.86,237,214,,,EA,IMP
CZ-2F DEB,2020-063E,46393,DEB,D,PRC,2020-09-04,JSC,2020-10-30,89.18,50.41,242,226,,,EA,IMP
CZ-2F DEB,2020-063F,46394,DEB,D,PRC,2020-09-04,JSC,2020-11-27,88.33,50.45,199,184,,,EA,IMP
PRC TEST SPACECRAFT DEB,2020-063G,46395,DEB,D,PRC,2020-09-04,JSC,2021-12-26,87.10,50.19,131,131,,,EA,IMP
GAOFEN-11 02,2020-064A,46396,PAY,+,PRC,2020-09-07,TAISC,,94.51,97.52,509,481,,,EA,ORB
CZ-4B R/B,2020-064B,46397,R/B,D,PRC,2020-09-07,TAISC,2021-01-01,86.78,97.21,130,100,,,EA,IMP
JILIN-1 GAOFEN 3B,2020-065A,46454,PAY,D,PRC,2020-09-15,SEAL,2026-04-27,87.29,97.20,147,133,,,EA,IMP
JILIN-1 GAOFEN 3C,2020-065B,46455,PAY,D,PRC,2020-09-15,SEAL,2026-02-10,87.33,97.22,149,136,,,EA,IMP
JILIN-1 GAOFEN 3D,2020-065C,46456,PAY,D,PRC,2020-09-15,SEAL,2026-01-01,87.57,97.25,159,149,,,EA,IMP
JILIN-1 GAOFEN 3E,2020-065D,46457,PAY,+,PRC,2020-09-15,SEAL,,91.57,97.22,356,347,,,EA,ORB
JILIN-1 GAOFEN 3F,2020-065E,46458,PAY,+,PRC,2020-09-15,SEAL,,91.83,97.21,370,359,,,EA,ORB
JILIN-1 GAOFEN 3G,2020-065F,46459,PAY,+,PRC,2020-09-15,SEAL,,90.68,97.21,314,302,,,EA,ORB
JILIN-1 GAOFEN 3H,2020-065G,46460,PAY,+,PRC,2020-09-15,SEAL,,91.14,97.21,335,327,,,EA,ORB
JILIN-1 GAOFEN 3I,2020-065H,46461,PAY,D,PRC,2020-09-15,SEAL,2026-06-09,87.65,97.19,166,150,,,EA,IMP
JILIN-1 GAOFEN 3J,2020-065J,46462,PAY,D,PRC,2020-09-15,SEAL,2026-05-11,87.36,97.21,152,135,,,EA,IMP
CZ-11 R/B,2020-065K,46463,R/B,D,PRC,2020-09-15,SEAL,2021-02-21,87.05,97.43,134,123,,,EA,IMP
HAIYANG-2C,2020-066A,46469,PAY,+,PRC,2020-09-21,JSC,,104.09,66.00,956,948,,,EA,ORB
CZ-4B R/B,2020-066B,46470,R/B,,PRC,2020-09-21,JSC,,100.70,66.06,932,652,,,EA,ORB
CZ-4B DEB,2020-066C,46471,DEB,,PRC,2020-09-21,JSC,,103.64,66.08,951,910,,,EA,ORB
CZ-4B DEB,2020-066D,46472,DEB,,PRC,2020-09-21,JSC,,103.42,65.91,945,895,,,EA,ORB
HJ-2A,2020-067A,46478,PAY,+,PRC,2020-09-27,TAISC,,97.53,97.88,644,637,,,EA,ORB
HJ-2B,2020-067B,46479,PAY,+,PRC,2020-09-27,TAISC,,97.53,97.89,642,639,,,EA,ORB
CZ-4B DEB,2020-067C,46480,DEB,D,PRC,2020-09-27,TAISC,2026-08-10,87.86,97.86,180,158,,,EA,IMP
CZ-4B R/B,2020-067D,46481,R/B,D,PRC,2020-09-27,TAISC,2025-03-04,87.39,97.97,150,140,,,EA,IMP
CZ-4B DEB,2020-067E,46482,DEB,D,PRC,2020-09-27,TAISC,2020-11-17,92.21,98.07,419,347,,,EA,IMP
CZ-4B DEB,2020-067F,46483,DEB,D,PRC,2020-09-27,TAISC,2025-02-02,88.95,97.93,230,214,,,EA,IMP
CZ-4B DEB,2020-067G,46484,DEB,,PRC,2020-09-27,TAISC,,96.07,97.62,594,546,,,EA,ORB
GONETS-M 17,2020-068A,46486,PAY,+,CIS,2020-09-28,PLMSC,,115.86,82.50,1511,1478,,,EA,ORB
GONETS-M 18,2020-068B,46487,PAY,+,CIS,2020-09-28,PLMSC,,115.86,82.50,1509,1480,,,EA,ORB
GONETS-M 19,2020-068C,46488,PAY,+,CIS,2020-09-28,PLMSC,,115.86,82.50,1504,1485,,,EA,ORB
MEZNSAT,2020-068D,46489,PAY,D,UAE,2020-09-28,PLMSC,2025-05-02,87.57,97.80,161,148,,,EA,IMP
YARILO 1,2020-068E,46490,PAY,D,CIS,2020-09-28,PLMSC,2025-03-07,87.96,97.81,179,169,,,EA,IMP
YARILO 2,2020-068F,46491,PAY,D,CIS,2020-09-28,PLMSC,2025-02-09,87.93,97.77,177,168,,,EA,IMP
LACUNASAT-3,2020-068G,46492,PAY,D,LTU,2020-09-28,PLMSC,2025-02-01,88.43,97.78,201,192,,,EA,IMP
DEKART,2020-068H,46493,PAY,+,CIS,2020-09-28,PLMSC,,93.59,97.88,457,443,,,EA,ORB
NORBI,2020-068J,46494,PAY,+,CIS,2020-09-28,PLMSC,,92.84,97.86,418,409,,,EA,ORB
SALSAT,2020-068K,46495,PAY,+,GER,2020-09-28,PLMSC,,94.08,97.89,482,466,,,EA,ORB
ICEYE-X7,2020-068L,46496,PAY,+,FIN,2020-09-28,PLMSC,,93.95,97.75,474,461,,,EA,ORB
ICEYE-X6,2020-068M,46497,PAY,+,FIN,2020-09-28,PLMSC,,95.69,98.10,556,548,,,EA,ORB
KEPLER-5 (AMIDALA),2020-068N,46498,PAY,D,CA,2020-09-28,PLMSC,2024-11-19,88.23,97.78,190,184,,,EA,IMP
KEPLER-4 (ANTILLES),2020-068P,46499,PAY,D,CA,2020-09-28,PLMSC,2025-06-18,89.64,97.76,263,251,,,EA,IMP
LEMUR-2-SLICERS,2020-068Q,46500,PAY,D,US,2020-09-28,PLMSC,2024-10-09,88.77,97.72,218,209,,,EA,IMP
LEMUR-2-DAYWZAGOODDAY,2020-068R,46501,PAY,D,US,2020-09-28,PLMSC,2024-12-11,88.26,97.76,189,188,,,EA,IMP
LEMUR-2-SUSURRUS,2020-068S,46502,PAY,D,US,2020-09-28,PLMSC,2024-10-09,88.21,97.73,191,181,,,EA,IMP
LEMUR-2-NICHOL,2020-068T,46503,PAY,D,US,2020-09-28,PLMSC,2025-02-02,88.27,97.78,191,187,,,EA,IMP
NETSAT-4,2020-068U,46504,PAY,+,GER,2020-09-28,PLMSC,,93.15,97.86,434,424,,,EA,ORB
NETSAT-3,2020-068V,46505,PAY,+,GER,2020-09-28,PLMSC,,93.22,97.87,437,427,,,EA,ORB
NETSAT-1,2020-068W,46506,PAY,+,GER,2020-09-28,PLMSC,,93.75,97.88,462,454,,,EA,ORB
NETSAT-2,2020-068X,46507,PAY,+,GER,2020-09-28,PLMSC,,92.99,97.86,425,417,,,EA,ORB
FLOCK 4V-16,2020-061BD,46527,PAY,D,US,2020-09-03,FRGUI,2024-02-28,87.85,97.29,176,161,,,EA,IMP
FLOCK 4V-15,2020-061BE,46528,PAY,D,US,2020-09-03,FRGUI,2024-03-26,88.43,97.30,204,190,,,EA,IMP
FLOCK 4V-17,2020-061BF,46529,PAY,D,US,2020-09-03,FRGUI,2024-03-12,87.49,97.28,159,141,,,EA,IMP
CYGNUS NG-14,2020-069A,46530,PAY,D,US,2020-10-03,WLPIS,2021-01-26,89.81,51.65,361,170,,,EA,IMP
ANTARES R/B,2020-069B,46531,R/B,D,US,2020-10-03,WLPIS,2020-10-07,87.24,51.61,235,175,,,EA,IMP
STARLINK-1644,2020-070A,46532,PAY,D,US,2020-10-06,AFETR,2025-02-12,87.79,53.03,168,163,,,EA,IMP
STARLINK-1648,2020-070B,46533,PAY,D,US,2020-10-06,AFETR,2026-03-30,87.93,53.03,176,168,,,EA,IMP
STARLINK-1659,2020-070C,46534,PAY,D,US,2020-10-06,AFETR,2025-05-06,87.56,53.02,156,151,,,EA,IMP
STARLINK-1663,2020-070D,46535,PAY,D,US,2020-10-06,AFETR,2026-07-01,87.94,53.02,178,166,,,EA,IMP
STARLINK-1668,2020-070E,46536,PAY,D,US,2020-10-06,AFETR,2022-02-10,88.01,53.03,180,173,,,EA,IMP
STARLINK-1672,2020-070F,46537,PAY,P,US,2020-10-06,AFETR,,91.04,53.04,328,323,,,EA,ORB
STARLINK-1678,2020-070G,46538,PAY,D,US,2020-10-06,AFETR,2026-07-14,87.67,53.01,163,155,,,EA,IMP
STARLINK-1684,2020-070H,46539,PAY,D,US,2020-10-06,AFETR,2022-03-27,87.45,53.06,159,138,,,EA,IMP
STARLINK-1685,2020-070J,46540,PAY,D,US,2020-10-06,AFETR,2021-08-29,88.18,53.06,192,177,,,EA,IMP
STARLINK-1687,2020-070K,46541,PAY,D,US,2020-10-06,AFETR,2026-03-06,87.37,53.02,147,142,,,EA,IMP
STARLINK-1692,2020-070L,46542,PAY,D,US,2020-10-06,AFETR,2025-12-08,87.65,53.02,162,154,,,EA,IMP
STARLINK-1693,2020-070M,46543,PAY,D,US,2020-10-06,AFETR,2025-08-16,87.52,53.02,155,147,,,EA,IMP
STARLINK-1694,2020-070N,46544,PAY,D,US,2020-10-06,AFETR,2025-05-08,87.33,53.03,146,139,,,EA,IMP
STARLINK-1696,2020-070P,46545,PAY,D,US,2020-10-06,AFETR,2025-04-29,87.46,53.02,152,145,,,EA,IMP
STARLINK-1697,2020-070Q,46546,PAY,D,US,2020-10-06,AFETR,2025-04-06,88.21,53.03,192,179,,,EA,IMP
STARLINK-1698,2020-070R,46547,PAY,D,US,2020-10-06,AFETR,2024-09-07,89.36,53.03,250,235,,,EA,IMP
STARLINK-1699,2020-070S,46548,PAY,D,US,2020-10-06,AFETR,2024-10-19,88.03,53.03,179,175,,,EA,IMP
STARLINK-1700,2020-070T,46549,PAY,D,US,2020-10-06,AFETR,2026-01-26,87.72,53.01,164,159,,,EA,IMP
STARLINK-1701,2020-070U,46550,PAY,D,US,2020-10-06,AFETR,2025-02-28,87.80,53.04,167,163,,,EA,IMP
STARLINK-1702,2020-070V,46551,PAY,D,US,2020-10-06,AFETR,2021-03-06,87.33,52.96,149,135,,,EA,IMP
STARLINK-1649,2020-070W,46552,PAY,D,US,2020-10-06,AFETR,2023-03-24,88.36,53.00,198,189,,,EA,IMP
STARLINK-1664,2020-070X,46553,PAY,P,US,2020-10-06,AFETR,,92.00,53.04,375,370,,,EA,ORB
STARLINK-1671,2020-070Y,46554,PAY,D,US,2020-10-06,AFETR,2025-02-20,87.46,53.01,154,143,,,EA,IMP
STARLINK-1674,2020-070Z,46555,PAY,D,US,2020-10-06,AFETR,2021-12-12,87.94,53.03,177,168,,,EA,IMP
STARLINK-1676,2020-070AA,46556,PAY,P,US,2020-10-06,AFETR,,89.88,53.03,275,262,,,EA,ORB
STARLINK-1679,2020-070AB,46557,PAY,D,US,2020-10-06,AFETR,2026-07-20,87.44,53.01,153,142,,,EA,IMP
STARLINK-1680,2020-070AC,46558,PAY,D,US,2020-10-06,AFETR,2026-05-07,87.51,53.02,154,148,,,EA,IMP
STARLINK-1681,2020-070AD,46559,PAY,D,US,2020-10-06,AFETR,2026-04-28,87.38,53.03,148,141,,,EA,IMP
STARLINK-1706,2020-070AE,46560,PAY,D,US,2020-10-06,AFETR,2023-06-16,87.64,52.99,170,145,,,EA,IMP
STARLINK-1709,2020-070AF,46561,PAY,D,US,2020-10-06,AFETR,2025-02-09,87.72,53.02,163,161,,,EA,IMP
STARLINK-1714,2020-070AG,46562,PAY,P,US,2020-10-06,AFETR,,90.09,53.03,285,272,,,EA,ORB
STARLINK-1730,2020-070AH,46563,PAY,P,US,2020-10-06,AFETR,,91.49,53.02,350,346,,,EA,ORB
STARLINK-1733,2020-070AJ,46564,PAY,D,US,2020-10-06,AFETR,2026-05-18,88.05,53.02,180,175,,,EA,IMP
STARLINK-1735,2020-070AK,46565,PAY,D,US,2020-10-06,AFETR,2026-07-09,87.54,53.01,156,149,,,EA,IMP
STARLINK-1740,2020-070AL,46566,PAY,D,US,2020-10-06,AFETR,2026-01-29,87.71,53.03,165,157,,,EA,IMP
STARLINK-1741,2020-070AM,46567,PAY,D,US,2020-10-06,AFETR,2026-07-03,87.91,53.02,176,166,,,EA,IMP
STARLINK-1743,2020-070AN,46568,PAY,D,US,2020-10-06,AFETR,2022-04-10,88.46,53.01,203,194,,,EA,IMP
STARLINK-1747,2020-070AP,46569,PAY,D,US,2020-10-06,AFETR,2024-03-07,87.23,53.03,140,133,,,EA,IMP
STARLINK-1748,2020-070AQ,46570,PAY,D,US,2020-10-06,AFETR,2024-10-18,88.08,52.99,183,176,,,EA,IMP
STARLINK-1753,2020-070AR,46571,PAY,D,US,2020-10-06,AFETR,2022-04-30,87.84,53.03,172,162,,,EA,IMP
STARLINK-1531,2020-070AS,46572,PAY,D,US,2020-10-06,AFETR,2026-07-06,88.34,53.03,200,185,,,EA,IMP
STARLINK-1650,2020-070AT,46573,PAY,D,US,2020-10-06,AFETR,2023-06-27,87.65,53.02,164,152,,,EA,IMP
STARLINK-1660,2020-070AU,46574,PAY,D,US,2020-10-06,AFETR,2025-09-16,87.56,53.01,157,150,,,EA,IMP
STARLINK-1675,2020-070AV,46575,PAY,D,US,2020-10-06,AFETR,2025-11-27,87.72,53.02,165,159,,,EA,IMP
STARLINK-1677,2020-070AW,46576,PAY,D,US,2020-10-06,AFETR,2026-06-22,87.66,53.01,165,152,,,EA,IMP
STARLINK-1682,2020-070AX,46577,PAY,D,US,2020-10-06,AFETR,2025-03-02,88.24,53.03,191,184,,,EA,IMP
STARLINK-1683,2020-070AY,46578,PAY,D,US,2020-10-06,AFETR,2026-04-21,87.78,52.99,171,158,,,EA,IMP
STARLINK-1705,2020-070AZ,46579,PAY,D,US,2020-10-06,AFETR,2026-01-23,87.57,53.02,156,152,,,EA,IMP
STARLINK-1708,2020-070BA,46580,PAY,D,US,2020-10-06,AFETR,2025-06-12,87.55,53.01,156,150,,,EA,IMP
STARLINK-1712,2020-070BB,46581,PAY,D,US,2020-10-06,AFETR,2026-03-17,87.62,53.01,159,154,,,EA,IMP
STARLINK-1728,2020-070BC,46582,PAY,D,US,2020-10-06,AFETR,2026-08-20,87.58,53.01,160,150,,,EA,IMP
STARLINK-1729,2020-070BD,46583,PAY,D,US,2020-10-06,AFETR,2025-01-31,87.24,53.03,147,128,,,EA,IMP
STARLINK-1732,2020-070BE,46584,PAY,D,US,2020-10-06,AFETR,2025-02-26,87.57,53.02,154,154,,,EA,IMP
STARLINK-1736,2020-070BF,46585,PAY,D,US,2020-10-06,AFETR,2026-06-15,87.58,53.02,161,149,,,EA,IMP
STARLINK-1737,2020-070BG,46586,PAY,D,US,2020-10-06,AFETR,2025-02-08,87.57,53.02,156,153,,,EA,IMP
STARLINK-1744,2020-070BH,46587,PAY,D,US,2020-10-06,AFETR,2021-07-18,87.66,53.04,165,153,,,EA,IMP
STARLINK-1746,2020-070BJ,46588,PAY,D,US,2020-10-06,AFETR,2026-05-19,87.72,53.01,164,159,,,EA,IMP
STARLINK-1749,2020-070BK,46589,PAY,D,US,2020-10-06,AFETR,2025-03-19,87.50,53.02,156,146,,,EA,IMP
STARLINK-1754,2020-070BL,46590,PAY,D,US,2020-10-06,AFETR,2022-04-17,88.02,53.03,182,171,,,EA,IMP
STARLINK-1755,2020-070BM,46591,PAY,D,US,2020-10-06,AFETR,2025-02-23,87.82,53.03,167,166,,,EA,IMP
FALCON 9 DEB,2020-070BN,46592,DEB,D,US,2020-10-06,AFETR,2020-11-07,87.34,52.97,143,142,,,EA,IMP
FALCON 9 DEB,2020-070BP,46593,DEB,D,US,2020-10-06,AFETR,2020-11-06,87.22,52.98,138,136,,,EA,IMP
FALCON 9 DEB,2020-070BQ,46594,DEB,D,US,2020-10-06,AFETR,2020-11-04,87.59,52.98,155,155,,,EA,IMP
FALCON 9 DEB,2020-070BR,46595,DEB,D,US,2020-10-06,AFETR,2020-11-02,87.24,52.97,139,136,,,EA,IMP
FLOCK 4V-21,2020-061BK,46596,PAY,D,US,2020-09-03,FRGUI,2023-10-29,87.73,97.31,168,156,,,EA,IMP
FLOCK 4V-18,2020-061BG,46597,PAY,D,US,2020-09-03,FRGUI,2024-03-20,87.71,97.32,170,153,,,EA,IMP
FLOCK 4V-19,2020-061BH,46609,PAY,D,US,2020-09-03,FRGUI,2024-03-24,88.00,97.27,184,167,,,EA,IMP
GAOFEN-13 01,2020-071A,46610,PAY,+,PRC,2020-10-11,XICLF,,1436.08,0.27,36009,35563,,,EA,ORB
CZ-3B R/B,2020-071B,46611,R/B,D,PRC,2020-10-11,XICLF,2021-01-02,94.39,28.21,884,94,,,EA,IMP
FLOCK 4V-20,2020-061BJ,46612,PAY,D,US,2020-09-03,FRGUI,2024-09-11,88.55,97.28,211,194,,,EA,IMP
SOYUZ-MS 17,2020-072A,46613,PAY,D,CIS,2020-10-14,TYMSC,2021-04-17,92.97,51.64,422,418,,,EA,LAN
SL-4 R/B,2020-072B,46614,R/B,D,CIS,2020-10-14,TYMSC,2020-10-18,87.55,51.63,155,151,,,EA,IMP
FALCON 9 R/B,2020-070BS,46669,R/B,D,US,2020-10-06,AFETR,2020-10-30,87.09,52.98,132,128,,,EA,IMP
STARLINK-1819,2020-073A,46670,PAY,D,US,2020-10-18,AFETR,2020-10-25,88.44,53.05,205,190,,,EA,IMP
STARLINK-1715,2020-073B,46671,PAY,D,US,2020-10-18,AFETR,2025-03-07,87.84,53.02,168,167,,,EA,IMP
STARLINK-1716,2020-073C,46672,PAY,D,US,2020-10-18,AFETR,2026-06-29,87.56,53.02,161,146,,,EA,IMP
STARLINK-1717,2020-073D,46673,PAY,D,US,2020-10-18,AFETR,2024-08-23,91.07,53.05,334,321,,,EA,IMP
STARLINK-1718,2020-073E,46674,PAY,P,US,2020-10-18,AFETR,,88.87,53.03,223,214,,,EA,ORB
STARLINK-1720,2020-073F,46675,PAY,D,US,2020-10-18,AFETR,2025-01-06,87.44,53.04,149,146,,,EA,IMP
STARLINK-1731,2020-073G,46676,PAY,D,US,2020-10-18,AFETR,2021-11-13,87.50,53.03,154,148,,,EA,IMP
STARLINK-1766,2020-073H,46677,PAY,D,US,2020-10-18,AFETR,2024-09-14,87.22,53.03,152,121,,,EA,IMP
STARLINK-1772,2020-073J,46678,PAY,D,US,2020-10-18,AFETR,2020-12-27,87.52,53.04,156,147,,,EA,IMP
STARLINK-1773,2020-073K,46679,PAY,D,US,2020-10-18,AFETR,2025-08-12,87.15,53.01,138,129,,,EA,IMP
STARLINK-1774,2020-073L,46680,PAY,D,US,2020-10-18,AFETR,2024-01-28,87.33,53.02,148,136,,,EA,IMP
STARLINK-1775,2020-073M,46681,PAY,D,US,2020-10-18,AFETR,2026-04-30,87.72,53.02,169,154,,,EA,IMP
STARLINK-1776,2020-073N,46682,PAY,D,US,2020-10-18,AFETR,2025-02-07,88.00,53.03,180,171,,,EA,IMP
STARLINK-1778,2020-073P,46683,PAY,D,US,2020-10-18,AFETR,2021-09-04,87.63,53.03,166,148,,,EA,IMP
STARLINK-1780,2020-073Q,46684,PAY,D,US,2020-10-18,AFETR,2025-02-17,87.49,53.02,152,149,,,EA,IMP
STARLINK-1781,2020-073R,46685,PAY,P,US,2020-10-18,AFETR,,90.04,53.03,279,273,,,EA,ORB
STARLINK-1783,2020-073S,46686,PAY,D,US,2020-10-18,AFETR,2024-06-09,88.71,53.04,212,209,,,EA,IMP
STARLINK-1784,2020-073T,46687,PAY,D,US,2020-10-18,AFETR,2026-07-13,87.65,53.02,163,153,,,EA,IMP
STARLINK-1786,2020-073U,46688,PAY,D,US,2020-10-18,AFETR,2022-01-29,87.85,53.04,170,165,,,EA,IMP
STARLINK-1788,2020-073V,46689,PAY,D,US,2020-10-18,AFETR,2026-07-19,87.95,53.01,178,167,,,EA,IMP
STARLINK-1789,2020-073W,46690,PAY,D,US,2020-10-18,AFETR,2026-02-24,87.59,53.02,160,150,,,EA,IMP
STARLINK-1790,2020-073X,46691,PAY,D,US,2020-10-18,AFETR,2026-05-14,87.60,53.02,160,151,,,EA,IMP
STARLINK-1791,2020-073Y,46692,PAY,D,US,2020-10-18,AFETR,2025-01-29,87.55,53.03,158,148,,,EA,IMP
STARLINK-1792,2020-073Z,46693,PAY,D,US,2020-10-18,AFETR,2025-09-07,87.78,53.00,166,163,,,EA,IMP
STARLINK-1793,2020-073AA,46694,PAY,D,US,2020-10-18,AFETR,2025-04-20,87.71,53.04,166,157,,,EA,IMP
STARLINK-1794,2020-073AB,46695,PAY,D,US,2020-10-18,AFETR,2021-09-29,88.15,53.03,184,182,,,EA,IMP
STARLINK-1795,2020-073AC,46696,PAY,D,US,2020-10-18,AFETR,2026-06-13,87.58,53.02,161,149,,,EA,IMP
STARLINK-1796,2020-073AD,46697,PAY,D,US,2020-10-18,AFETR,2021-09-06,87.43,53.03,160,133,,,EA,IMP
STARLINK-1797,2020-073AE,46698,PAY,P,US,2020-10-18,AFETR,,90.89,53.03,319,317,,,EA,ORB
STARLINK-1799,2020-073AF,46699,PAY,D,US,2020-10-18,AFETR,2026-05-03,88.05,53.02,186,170,,,EA,IMP
STARLINK-1800,2020-073AG,46700,PAY,D,US,2020-10-18,AFETR,2026-04-27,87.62,53.02,162,150,,,EA,IMP
STARLINK-1801,2020-073AH,46701,PAY,D,US,2020-10-18,AFETR,2026-05-31,87.59,53.02,158,152,,,EA,IMP
STARLINK-1802,2020-073AJ,46702,PAY,P,US,2020-10-18,AFETR,,93.19,53.15,433,429,,,EA,ORB
STARLINK-1803,2020-073AK,46703,PAY,D,US,2020-10-18,AFETR,2025-04-24,87.91,53.02,175,167,,,EA,IMP
STARLINK-1804,2020-073AL,46704,PAY,D,US,2020-10-18,AFETR,2024-06-09,87.88,53.03,173,167,,,EA,IMP
STARLINK-1805,2020-073AM,46705,PAY,P,US,2020-10-18,AFETR,,90.41,53.03,298,292,,,EA,ORB
STARLINK-1807,2020-073AN,46706,PAY,P,US,2020-10-18,AFETR,,93.73,53.05,459,455,,,EA,ORB
STARLINK-1808,2020-073AP,46707,PAY,D,US,2020-10-18,AFETR,2025-04-24,87.59,53.02,159,150,,,EA,IMP
STARLINK-1809,2020-073AQ,46708,PAY,D,US,2020-10-18,AFETR,2022-06-05,87.85,53.05,171,165,,,EA,IMP
STARLINK-1810,2020-073AR,46709,PAY,P,US,2020-10-18,AFETR,,91.16,53.03,333,330,,,EA,ORB
STARLINK-1811,2020-073AS,46710,PAY,D,US,2020-10-18,AFETR,2023-11-18,88.06,53.01,182,175,,,EA,IMP
STARLINK-1813,2020-073AT,46711,PAY,D,US,2020-10-18,AFETR,2025-01-13,87.48,53.02,152,147,,,EA,IMP
STARLINK-1814,2020-073AU,46712,PAY,D,US,2020-10-18,AFETR,2026-03-26,88.33,53.02,194,190,,,EA,IMP
STARLINK-1815,2020-073AV,46713,PAY,D,US,2020-10-18,AFETR,2026-06-17,87.90,53.02,178,164,,,EA,IMP
STARLINK-1816,2020-073AW,46714,PAY,D,US,2020-10-18,AFETR,2026-05-22,87.60,53.01,159,152,,,EA,IMP
STARLINK-1817,2020-073AX,46715,PAY,D,US,2020-10-18,AFETR,2026-07-18,87.66,53.02,163,154,,,EA,IMP
STARLINK-1818,2020-073AY,46716,PAY,D,US,2020-10-18,AFETR,2025-06-24,87.42,53.02,154,140,,,EA,IMP
STARLINK-1820,2020-073AZ,46717,PAY,D,US,2020-10-18,AFETR,2026-04-05,87.69,53.03,165,155,,,EA,IMP
STARLINK-1821,2020-073BA,46718,PAY,P,US,2020-10-18,AFETR,,92.08,53.04,381,372,,,EA,ORB
STARLINK-1822,2020-073BB,46719,PAY,D,US,2020-10-18,AFETR,2025-09-03,87.51,53.02,153,148,,,EA,IMP
STARLINK-1823,2020-073BC,46720,PAY,D,US,2020-10-18,AFETR,2022-08-31,87.89,53.03,178,162,,,EA,IMP
STARLINK-1824,2020-073BD,46721,PAY,D,US,2020-10-18,AFETR,2021-10-03,87.42,53.00,153,140,,,EA,IMP
STARLINK-1825,2020-073BE,46722,PAY,D,US,2020-10-18,AFETR,2024-05-31,87.78,53.03,168,161,,,EA,IMP
STARLINK-1826,2020-073BF,46723,PAY,D,US,2020-10-18,AFETR,2026-08-05,88.18,53.02,188,181,,,EA,IMP
STARLINK-1827,2020-073BG,46724,PAY,D,US,2020-10-18,AFETR,2021-11-11,87.53,53.00,157,147,,,EA,IMP
STARLINK-1828,2020-073BH,46725,PAY,P,US,2020-10-18,AFETR,,90.97,53.04,324,320,,,EA,ORB
STARLINK-1829,2020-073BJ,46726,PAY,D,US,2020-10-18,AFETR,2025-02-04,87.92,53.01,183,161,,,EA,IMP
STARLINK-1830,2020-073BK,46727,PAY,P,US,2020-10-18,AFETR,,88.55,53.02,208,197,,,EA,ORB
STARLINK-1831,2020-073BL,46728,PAY,D,US,2020-10-18,AFETR,2022-04-02,87.96,53.02,174,173,,,EA,IMP
STARLINK-1841,2020-073BM,46729,PAY,D,US,2020-10-18,AFETR,2021-05-28,87.11,53.04,136,127,,,EA,IMP
FALCON 9 DEB,2020-073BN,46730,DEB,D,US,2020-10-18,AFETR,2020-11-15,87.36,53.03,145,143,,,EA,IMP
FALCON 9 DEB,2020-073BP,46731,DEB,D,US,2020-10-18,AFETR,2020-11-16,87.43,53.04,148,146,,,EA,IMP
FALCON 9 DEB,2020-073BQ,46732,DEB,D,US,2020-10-18,AFETR,2020-11-14,87.58,53.03,155,154,,,EA,IMP
FALCON 9 DEB,2020-073BR,46733,DEB,D,US,2020-10-18,AFETR,2020-11-11,87.92,53.04,174,170,,,EA,IMP
FLOCK 4V-22,2020-061BL,46735,PAY,D,US,2020-09-03,FRGUI,2023-11-05,88.80,97.32,219,212,,,EA,IMP
FLOCK 4V-23,2020-061BM,46737,PAY,D,US,2020-09-03,FRGUI,2023-11-09,88.13,97.31,190,174,,,EA,IMP
FLOCK 4V-24,2020-061BN,46738,PAY,D,US,2020-09-03,FRGUI,2024-03-13,87.61,97.28,165,147,,,EA,IMP
STARLINK-1847,2020-074A,46739,PAY,D,US,2020-10-24,AFETR,2021-07-14,87.52,53.02,157,146,,,EA,IMP
STARLINK-1848,2020-074B,46740,PAY,D,US,2020-10-24,AFETR,2026-03-04,87.74,53.02,167,158,,,EA,IMP
STARLINK-1865,2020-074C,46741,PAY,D,US,2020-10-24,AFETR,2025-02-27,88.39,53.03,201,189,,,EA,IMP
STARLINK-1872,2020-074D,46742,PAY,D,US,2020-10-24,AFETR,2023-04-15,88.07,53.03,185,173,,,EA,IMP
STARLINK-1892,2020-074E,46743,PAY,P,US,2020-10-24,AFETR,,89.33,53.02,242,240,,,EA,ORB
STARLINK-1894,2020-074F,46744,PAY,D,US,2020-10-24,AFETR,2026-04-19,87.93,53.02,174,170,,,EA,IMP
STARLINK-1898,2020-074G,46745,PAY,D,US,2020-10-24,AFETR,2022-11-27,88.16,53.03,187,180,,,EA,IMP
STARLINK-1905,2020-074H,46746,PAY,D,US,2020-10-24,AFETR,2026-07-05,87.58,53.02,161,148,,,EA,IMP
STARLINK-1908,2020-074J,46747,PAY,D,US,2020-10-24,AFETR,2025-02-06,88.11,53.02,186,176,,,EA,IMP
STARLINK-1910,2020-074K,46748,PAY,D,US,2020-10-24,AFETR,2025-02-03,88.16,53.00,198,169,,,EA,IMP
STARLINK-1911,2020-074L,46749,PAY,D,US,2020-10-24,AFETR,2026-05-24,87.68,53.02,166,153,,,EA,IMP
STARLINK-1915,2020-074M,46750,PAY,D,US,2020-10-24,AFETR,2020-11-06,87.71,53.04,169,154,,,EA,IMP
STARLINK-1920,2020-074N,46751,PAY,D,US,2020-10-24,AFETR,2025-04-30,88.02,53.00,185,169,,,EA,IMP
STARLINK-1921,2020-074P,46752,PAY,D,US,2020-10-24,AFETR,2025-02-07,87.73,53.03,167,158,,,EA,IMP
STARLINK-1922,2020-074Q,46753,PAY,D,US,2020-10-24,AFETR,2026-06-28,87.42,53.02,153,140,,,EA,IMP
STARLINK-1923,2020-074R,46754,PAY,D,US,2020-10-24,AFETR,2024-12-02,87.92,53.03,176,167,,,EA,IMP
STARLINK-1924,2020-074S,46755,PAY,D,US,2020-10-24,AFETR,2025-07-15,87.70,53.03,166,155,,,EA,IMP
STARLINK-1925,2020-074T,46756,PAY,D,US,2020-10-24,AFETR,2025-03-24,87.36,53.01,149,138,,,EA,IMP
STARLINK-1926,2020-074U,46757,PAY,D,US,2020-10-24,AFETR,2024-11-02,87.66,53.02,160,158,,,EA,IMP
STARLINK-1928,2020-074V,46758,PAY,D,US,2020-10-24,AFETR,2026-06-25,87.74,53.02,168,157,,,EA,IMP
STARLINK-1833,2020-074W,46759,PAY,D,US,2020-10-24,AFETR,2025-05-17,87.43,53.03,151,144,,,EA,IMP
STARLINK-1896,2020-074X,46760,PAY,D,US,2020-10-24,AFETR,2025-01-25,87.53,53.03,154,151,,,EA,IMP
STARLINK-1897,2020-074Y,46761,PAY,D,US,2020-10-24,AFETR,2021-08-23,87.71,53.04,167,156,,,EA,IMP
STARLINK-1901,2020-074Z,46762,PAY,D,US,2020-10-24,AFETR,2021-11-14,87.72,53.03,164,160,,,EA,IMP
STARLINK-1902,2020-074AA,46763,PAY,D,US,2020-10-24,AFETR,2023-02-04,87.35,53.00,147,140,,,EA,IMP
STARLINK-1903,2020-074AB,46764,PAY,D,US,2020-10-24,AFETR,2025-11-14,88.14,52.99,186,179,,,EA,IMP
STARLINK-1906,2020-074AC,46765,PAY,D,US,2020-10-24,AFETR,2025-02-26,87.87,53.03,174,164,,,EA,IMP
STARLINK-1916,2020-074AD,46766,PAY,D,US,2020-10-24,AFETR,2025-04-18,87.55,53.03,159,147,,,EA,IMP
STARLINK-1917,2020-074AE,46767,PAY,D,US,2020-10-24,AFETR,2025-02-20,87.58,53.04,158,151,,,EA,IMP
STARLINK-1918,2020-074AF,46768,PAY,D,US,2020-10-24,AFETR,2025-01-08,87.44,53.03,149,146,,,EA,IMP
STARLINK-1919,2020-074AG,46769,PAY,D,US,2020-10-24,AFETR,2022-04-08,88.08,53.04,183,176,,,EA,IMP
STARLINK-1932,2020-074AH,46770,PAY,D,US,2020-10-24,AFETR,2025-03-25,87.59,53.03,160,151,,,EA,IMP
STARLINK-1935,2020-074AJ,46771,PAY,D,US,2020-10-24,AFETR,2021-08-24,87.52,53.04,159,144,,,EA,IMP
STARLINK-1936,2020-074AK,46772,PAY,D,US,2020-10-24,AFETR,2025-01-29,87.59,53.03,160,151,,,EA,IMP
STARLINK-1937,2020-074AL,46773,PAY,D,US,2020-10-24,AFETR,2021-09-11,87.64,53.03,162,153,,,EA,IMP
STARLINK-1939,2020-074AM,46774,PAY,D,US,2020-10-24,AFETR,2023-04-16,87.88,53.02,176,163,,,EA,IMP
STARLINK-1945,2020-074AN,46775,PAY,D,US,2020-10-24,AFETR,2022-01-29,87.63,53.03,159,155,,,EA,IMP
STARLINK-1946,2020-074AP,46776,PAY,D,US,2020-10-24,AFETR,2023-02-05,87.70,53.02,164,157,,,EA,IMP
STARLINK-1949,2020-074AQ,46777,PAY,D,US,2020-10-24,AFETR,2021-10-02,88.65,53.04,214,202,,,EA,IMP
STARLINK-1950,2020-074AR,46778,PAY,D,US,2020-10-24,AFETR,2020-11-06,87.91,53.02,177,164,,,EA,IMP
STARLINK-1798,2020-074AS,46779,PAY,D,US,2020-10-24,AFETR,2025-03-08,87.27,53.02,141,138,,,EA,IMP
STARLINK-1832,2020-074AT,46780,PAY,D,US,2020-10-24,AFETR,2026-05-02,87.82,53.02,173,160,,,EA,IMP
STARLINK-1834,2020-074AU,46781,PAY,D,US,2020-10-24,AFETR,2025-02-19,87.97,53.03,178,169,,,EA,IMP
STARLINK-1835,2020-074AV,46782,PAY,P,US,2020-10-24,AFETR,,89.57,53.03,254,253,,,EA,ORB
STARLINK-1851,2020-074AW,46783,PAY,D,US,2020-10-24,AFETR,2024-05-21,88.84,53.04,225,210,,,EA,IMP
STARLINK-1882,2020-074AX,46784,PAY,D,US,2020-10-24,AFETR,2026-07-06,87.81,53.02,173,159,,,EA,IMP
STARLINK-1883,2020-074AY,46785,PAY,D,US,2020-10-24,AFETR,2025-02-21,87.48,53.03,156,144,,,EA,IMP
STARLINK-1893,2020-074AZ,46786,PAY,P,US,2020-10-24,AFETR,,90.53,53.03,305,296,,,EA,ORB
STARLINK-1899,2020-074BA,46787,PAY,D,US,2020-10-24,AFETR,2024-10-15,87.76,53.02,168,159,,,EA,IMP
STARLINK-1929,2020-074BB,46788,PAY,D,US,2020-10-24,AFETR,2025-01-31,87.45,53.01,164,132,,,EA,IMP
STARLINK-1930,2020-074BC,46789,PAY,D,US,2020-10-24,AFETR,2025-02-04,88.10,53.02,186,175,,,EA,IMP
STARLINK-1931,2020-074BD,46790,PAY,D,US,2020-10-24,AFETR,2026-06-27,87.59,53.02,161,149,,,EA,IMP
STARLINK-1933,2020-074BE,46791,PAY,D,US,2020-10-24,AFETR,2025-02-12,88.25,53.04,193,183,,,EA,IMP
STARLINK-1934,2020-074BF,46792,PAY,D,US,2020-10-24,AFETR,2026-04-25,88.08,53.03,184,175,,,EA,IMP
STARLINK-1941,2020-074BG,46793,PAY,D,US,2020-10-24,AFETR,2025-03-19,87.43,53.02,150,144,,,EA,IMP
STARLINK-1942,2020-074BH,46794,PAY,P,US,2020-10-24,AFETR,,90.57,53.03,308,296,,,EA,ORB
STARLINK-1943,2020-074BJ,46795,PAY,D,US,2020-10-24,AFETR,2021-12-20,88.03,53.03,179,175,,,EA,IMP
STARLINK-1944,2020-074BK,46796,PAY,D,US,2020-10-24,AFETR,2026-07-05,87.73,53.02,169,156,,,EA,IMP
STARLINK-1947,2020-074BL,46797,PAY,D,US,2020-10-24,AFETR,2022-04-30,88.25,53.03,195,181,,,EA,IMP
STARLINK-1948,2020-074BM,46798,PAY,D,US,2020-10-24,AFETR,2025-02-09,87.56,52.98,162,145,,,EA,IMP
FALCON 9 DEB,2020-074BN,46799,DEB,D,US,2020-10-24,AFETR,2020-11-21,87.66,53.04,160,156,,,EA,IMP
FALCON 9 DEB,2020-074BP,46800,DEB,D,US,2020-10-24,AFETR,2020-11-22,87.40,53.04,147,145,,,EA,IMP
FALCON 9 DEB,2020-074BQ,46801,DEB,D,US,2020-10-24,AFETR,2020-11-20,87.77,53.03,167,161,,,EA,IMP
FALCON 9 DEB,2020-074BR,46802,DEB,D,US,2020-10-24,AFETR,2020-11-17,88.00,53.04,180,172,,,EA,IMP
FALCON 9 R/B,2020-074BS,46803,R/B,D,US,2020-10-24,AFETR,2020-11-16,87.05,53.04,130,127,,,EA,IMP
COSMOS 2547 [GLONASS-K],2020-075A,46805,PAY,+,CIS,2020-10-25,PLMSC,,675.74,64.60,19153,19107,,,EA,ORB
FREGAT R/B,2020-075B,46806,R/B,,CIS,2020-10-25,PLMSC,,690.59,64.57,19643,19362,,,EA,ORB
YAOGAN-30 08A,2020-076A,46807,PAY,+,PRC,2020-10-26,XICLF,,95.81,34.99,558,557,,,EA,ORB
YAOGAN-30 08B,2020-076B,46808,PAY,+,PRC,2020-10-26,XICLF,,95.81,34.99,559,557,,,EA,ORB
YAOGAN-30 08C,2020-076C,46809,PAY,+,PRC,2020-10-26,XICLF,,95.81,35.00,563,553,,,EA,ORB
TIANQI-6,2020-076D,46810,PAY,+,PRC,2020-10-26,XICLF,,95.52,35.00,551,537,,,EA,ORB
CZ-2C R/B,2020-076E,46811,R/B,D,PRC,2020-10-26,XICLF,2025-01-14,87.90,35.29,177,164,,,EA,IMP
FLOCK 4V-25,2020-061BP,46812,PAY,D,US,2020-09-03,FRGUI,2024-03-03,87.79,97.28,174,156,,,EA,IMP
FLOCK 4E'-1,2020-077A,46813,PAY,D,US,2020-10-28,RLLB,2023-12-06,88.00,97.31,181,169,,,EA,IMP
FLOCK 4E'-7,2020-077B,46814,PAY,D,US,2020-10-28,RLLB,2024-02-17,87.93,97.30,179,165,,,EA,IMP
FLOCK 4E'-9,2020-077C,46815,PAY,D,US,2020-10-28,RLLB,2023-12-10,88.10,97.32,186,175,,,EA,IMP
FLOCK 4E'-8,2020-077D,46816,PAY,D,US,2020-10-28,RLLB,2024-03-21,89.29,97.33,246,232,,,EA,IMP
FLOCK 4E'-5,2020-077E,46817,PAY,D,US,2020-10-28,RLLB,2024-03-06,87.80,97.28,172,159,,,EA,IMP
CE-SAT IIB,2020-077F,46818,PAY,D,JPN,2020-10-28,RLLB,2026-07-14,87.66,97.17,165,152,,,EA,IMP
FLOCK 4E'-3,2020-077G,46819,PAY,D,US,2020-10-28,RLLB,2024-03-03,87.40,97.31,156,136,,,EA,IMP
FLOCK 4E'-2,2020-077H,46820,PAY,D,US,2020-10-28,RLLB,2023-11-01,87.89,97.33,175,164,,,EA,IMP
FLOCK 4E'-4,2020-077J,46821,PAY,D,US,2020-10-28,RLLB,2023-11-21,87.48,97.32,159,140,,,EA,IMP
FLOCK 4E'-6,2020-077K,46822,PAY,D,US,2020-10-28,RLLB,2023-12-02,87.68,97.34,164,156,,,EA,IMP
ELECTRON R/B,2020-077L,46823,R/B,D,US,2020-10-28,RLLB,2020-11-11,87.55,97.47,173,134,,,EA,IMP
ELECTRON KICK STAGE R/B,2020-077M,46824,R/B,D,US,2020-10-28,RLLB,2024-01-14,87.56,96.61,159,148,,,EA,IMP
FLOCK 4V-26,2020-061BQ,46825,PAY,D,US,2020-09-03,FRGUI,2023-10-30,87.55,97.32,160,146,,,EA,IMP
NAVSTAR 80 (USA 309),2020-078A,46826,PAY,+,US,2020-11-05,AFETR,,717.97,53.97,20383,19982,,,EA,ORB
NUSAT-12 (DOROTHY),2020-079A,46827,PAY,D,ARGN,2020-11-06,TAISC,2023-09-27,88.01,97.10,184,168,,,EA,IMP
NUSAT-9 (ALICE),2020-079B,46828,PAY,D,ARGN,2020-11-06,TAISC,2023-10-03,87.63,97.09,165,150,,,EA,IMP
NUSAT-11 (CORA),2020-079C,46829,PAY,D,ARGN,2020-11-06,TAISC,2023-10-07,87.38,97.10,152,138,,,EA,IMP
NUSAT-15 (KATHERINE),2020-079D,46830,PAY,D,ARGN,2020-11-06,TAISC,2023-09-18,87.26,97.12,148,129,,,EA,IMP
NUSAT-14 (HEDY),2020-079E,46831,PAY,D,ARGN,2020-11-06,TAISC,2023-09-05,88.02,97.12,184,168,,,EA,IMP
NUSAT-10 (CAROLINE),2020-079F,46832,PAY,D,ARGN,2020-11-06,TAISC,2023-10-27,88.52,97.12,208,195,,,EA,IMP
NUSAT-13 (EMMY),2020-079G,46833,PAY,D,ARGN,2020-11-06,TAISC,2023-10-18,87.64,97.10,165,150,,,EA,IMP
OBJECT H,2020-079H,46834,UNK,D,PRC,2020-11-06,TAISC,2023-04-02,87.58,97.12,161,148,,,EA,IMP
NUSAT-17 (MARY),2020-079J,46835,PAY,D,ARGN,2020-11-06,TAISC,2023-10-12,88.08,97.11,186,173,,,EA,IMP
NUSAT-18 (VERA),2020-079K,46836,PAY,D,ARGN,2020-11-06,TAISC,2023-09-30,87.41,97.11,154,138,,,EA,IMP
TIANYAN 05,2020-079L,46837,PAY,D,PRC,2020-11-06,TAISC,2023-08-05,87.30,97.12,152,129,,,EA,IMP
BEIHANGKONGSHI 1,2020-079M,46838,PAY,D,PRC,2020-11-06,TAISC,2023-12-02,87.54,97.10,159,146,,,EA,IMP
BY70-3,2020-079N,46839,PAY,D,PRC,2020-11-06,TAISC,2023-04-07,88.18,97.14,193,176,,,EA,IMP
NUSAT-16 (LISE),2020-079P,46840,PAY,D,ARGN,2020-11-06,TAISC,2023-09-21,87.39,97.13,154,137,,,EA,IMP
CZ-6 R/B,2020-079Q,46841,R/B,D,PRC,2020-11-06,TAISC,2020-12-21,87.22,97.23,154,119,,,EA,IMP
TIANQI-11,2020-080A,46904,PAY,D,PRC,2020-11-07,JSC,2023-11-05,88.43,97.48,203,191,,,EA,IMP
RISAT-2BR2,2020-081A,46905,PAY,+,IND,2020-11-07,SRILR,,95.91,36.90,572,553,,,EA,ORB
KSM1-C,2020-081B,46906,PAY,+,LUXE,2020-11-07,SRILR,,94.26,36.89,484,481,,,EA,ORB
KSM1-D,2020-081C,46907,PAY,+,LUXE,2020-11-07,SRILR,,94.39,36.90,491,488,,,EA,ORB
LEMUR-2-OZARAK,2020-081D,46908,PAY,D,US,2020-11-07,SRILR,2024-10-14,88.40,36.87,201,189,,,EA,IMP
LEMUR-2-JINDRA,2020-081E,46909,PAY,D,US,2020-11-07,SRILR,2024-09-04,90.06,36.88,286,268,,,EA,IMP
LEMUR-2-WALLACE,2020-081F,46910,PAY,D,US,2020-11-07,SRILR,2024-09-13,87.78,36.89,169,159,,,EA,IMP
LEMUR-2-JEREMIAH,2020-081G,46911,PAY,D,US,2020-11-07,SRILR,2024-10-30,89.35,36.91,256,229,,,EA,IMP
KSM1-A,2020-081H,46912,PAY,+,LUXE,2020-11-07,SRILR,,94.31,36.90,487,484,,,EA,ORB
R2,2020-081J,46913,PAY,+,LTU,2020-11-07,SRILR,,94.35,36.90,492,482,,,EA,ORB
KSM1-B,2020-081K,46914,PAY,+,LUXE,2020-11-07,SRILR,,94.41,36.90,492,487,,,EA,ORB
PSLV R/B,2020-081L,46915,R/B,,IND,2020-11-07,SRILR,,93.54,36.84,461,434,,,EA,ORB
TIANTONG-1 2,2020-082A,46916,PAY,+,PRC,2020-11-12,XICLF,,1436.12,0.72,35791,35783,,,EA,ORB
CZ-3B R/B,2020-082B,46917,R/B,D,PRC,2020-11-12,XICLF,2021-02-28,93.89,28.08,833,96,,,EA,IMP
USA 310,2020-083A,46918,PAY,+,US,2020-11-13,AFETR,,382.80,58.69,11098,11073,,NEA,EA,ORB
ATLAS 5 CENTAUR R/B,2020-083B,46919,R/B,,US,2020-11-13,AFETR,,372.68,58.90,11006,10547,,,EA,ORB
CREW DRAGON 1,2020-084A,46920,PAY,D,US,2020-11-16,AFETR,2021-05-02,92.73,51.64,411,406,,,EA,LAN
ELECTRON KICK STAGE R/B,2020-085A,46929,R/B,D,US,2020-11-20,RLLB,2023-09-21,87.00,97.45,134,118,,,EA,IMP
ELECTRON R/B,2020-085B,46930,R/B,D,US,2020-11-20,RLLB,2020-11-30,87.54,97.35,173,132,,,EA,IMP
CORVUS BC5,2020-085C,46931,PAY,D,US,2020-11-20,RLLB,2024-03-20,87.84,97.48,175,160,,,EA,IMP
APSS-1,2020-085D,46932,PAY,D,NZ,2020-11-20,RLLB,2024-01-28,88.18,97.47,190,179,,,EA,IMP
SPACEBEE-34,2020-085E,46933,PAY,D,US,2020-11-20,RLLB,2022-10-12,90.19,97.42,293,274,,,EA,IMP
SPACEBEE-35,2020-085F,46934,PAY,D,US,2020-11-20,RLLB,2022-10-22,88.32,97.40,201,182,,,EA,IMP
SPACEBEE-36,2020-085G,46935,PAY,D,US,2020-11-20,RLLB,2022-10-29,88.67,97.42,220,198,,,EA,IMP
SPACEBEE-37,2020-085H,46936,PAY,D,US,2020-11-20,RLLB,2022-11-18,88.41,97.42,204,188,,,EA,IMP
SPACEBEE-38,2020-085J,46937,PAY,D,US,2020-11-20,RLLB,2022-11-18,88.77,97.41,223,204,,,EA,IMP
SPACEBEENZ-3,2020-085K,46938,PAY,D,NZ,2020-11-20,RLLB,2023-03-21,88.31,97.42,199,182,,,EA,IMP
SPACEBEENZ-4,2020-085L,46939,PAY,D,NZ,2020-11-20,RLLB,2023-03-28,88.09,97.43,188,172,,,EA,IMP
BRO-2,2020-085M,46940,PAY,D,FR,2020-11-20,RLLB,2024-10-12,88.15,97.52,190,177,,,EA,IMP
SPACEBEENZ-5,2020-085N,46941,PAY,D,NZ,2020-11-20,RLLB,2023-04-04,87.90,97.42,180,161,,,EA,IMP
SPACEBEENZ-6,2020-085P,46942,PAY,D,NZ,2020-11-20,RLLB,2023-04-11,88.28,97.44,198,180,,,EA,IMP
BRO-3,2020-085Q,46943,PAY,D,FR,2020-11-20,RLLB,2024-01-19,87.72,97.43,168,155,,,EA,IMP
SPACEBEE-33,2020-085R,46944,PAY,D,US,2020-11-20,RLLB,2022-12-14,88.24,97.41,194,181,,,EA,IMP
SPACEBEE-29,2020-085S,46945,PAY,D,US,2020-11-20,RLLB,2022-11-24,88.13,97.40,189,174,,,EA,IMP
SPACEBEE-32,2020-085T,46946,PAY,D,US,2020-11-20,RLLB,2022-12-09,89.74,97.42,268,256,,,EA,IMP
SPACEBEE-31,2020-085U,46947,PAY,D,US,2020-11-20,RLLB,2022-12-03,89.24,97.41,244,229,,,EA,IMP
SPACEBEE-28,2020-085V,46948,PAY,D,US,2020-11-20,RLLB,2022-11-21,87.69,97.40,167,153,,,EA,IMP
SPACEBEE-30,2020-085W,46949,PAY,D,US,2020-11-20,RLLB,2022-11-29,88.94,97.41,230,214,,,EA,IMP
SPACEBEE-27,2020-085X,46950,PAY,D,US,2020-11-20,RLLB,2022-11-05,87.85,97.40,174,162,,,EA,IMP
SPACEBEE-25,2020-085Y,46951,PAY,D,US,2020-11-20,RLLB,2022-10-27,88.29,97.41,199,180,,,EA,IMP
SPACEBEE-24,2020-085Z,46952,PAY,D,US,2020-11-20,RLLB,2022-11-16,88.15,97.40,191,175,,,EA,IMP
SPACEBEE-22,2020-085AA,46953,PAY,D,US,2020-11-20,RLLB,2022-10-22,88.26,97.40,197,179,,,EA,IMP
DRAGRACER 1 (ALCHEMY),2020-085AB,46954,PAY,D,US,2020-11-20,RLLB,2021-07-19,88.14,97.31,195,171,,,EA,IMP
DRAGRACER 2 (AUGURY),2020-085AC,46955,PAY,+,US,2020-11-20,RLLB,,91.38,97.57,345,339,,,EA,ORB
SPACEBEE-26,2020-085AD,46956,PAY,D,US,2020-11-20,RLLB,2022-11-16,88.60,97.40,214,196,,,EA,IMP
SPACEBEENZ-2,2020-085AE,46957,PAY,D,NZ,2020-11-20,RLLB,2023-03-15,88.75,97.44,219,206,,,EA,IMP
SPACEBEE-39,2020-085AF,46958,PAY,D,US,2020-11-20,RLLB,2022-11-29,87.85,97.41,176,161,,,EA,IMP
SPACEBEENZ-1,2020-085AG,46959,PAY,D,NZ,2020-11-20,RLLB,2023-03-07,88.80,97.42,224,207,,,EA,IMP
SPACEBEE-23,2020-085AH,46960,PAY,D,US,2020-11-20,RLLB,2022-10-28,88.36,97.40,203,184,,,EA,IMP
SENTINEL-6A,2020-086A,46984,PAY,+,ESA,2020-11-21,AFWTR,,112.42,66.04,1344,1332,,,EA,ORB
FALCON 9 R/B,2020-086B,46985,R/B,D,US,2020-11-21,AFWTR,2020-11-22,112.02,66.07,1329,1310,,,EA,IMP
CHANG'E-5,2020-087A,47097,PAY,+,PRC,2020-11-23,WSC,,,,,,,,EM,ORB
CZ-5 R/B,2020-087B,47098,R/B,D,PRC,2020-11-23,WSC,2020-11-30,9654.72,21.74,287434,198,,,EA,IMP
STARLINK-1777,2020-088A,47122,PAY,P,US,2020-11-25,AFETR,,90.81,53.04,319,309,,,EA,ORB
STARLINK-1779,2020-088B,47123,PAY,D,US,2020-11-25,AFETR,2021-08-26,88.11,53.04,188,174,,,EA,IMP
STARLINK-1785,2020-088C,47124,PAY,D,US,2020-11-25,AFETR,2025-02-08,87.83,53.03,171,163,,,EA,IMP
STARLINK-1787,2020-088D,47125,PAY,D,US,2020-11-25,AFETR,2021-09-13,87.84,53.06,174,161,,,EA,IMP
STARLINK-1812,2020-088E,47126,PAY,P,US,2020-11-25,AFETR,,94.44,53.10,494,489,,,EA,ORB
STARLINK-1836,2020-088F,47127,PAY,D,US,2020-11-25,AFETR,2021-10-03,87.90,53.04,174,167,,,EA,IMP
STARLINK-1837,2020-088G,47128,PAY,D,US,2020-11-25,AFETR,2024-12-27,87.76,53.03,164,163,,,EA,IMP
STARLINK-1838,2020-088H,47129,PAY,D,US,2020-11-25,AFETR,2025-05-08,87.49,53.01,153,147,,,EA,IMP
STARLINK-1839,2020-088J,47130,PAY,D,US,2020-11-25,AFETR,2023-05-03,87.59,53.02,160,151,,,EA,IMP
STARLINK-1840,2020-088K,47131,PAY,D,US,2020-11-25,AFETR,2022-01-29,88.43,53.04,201,192,,,EA,IMP
STARLINK-1842,2020-088L,47132,PAY,D,US,2020-11-25,AFETR,2021-07-05,87.88,53.04,178,161,,,EA,IMP
STARLINK-1843,2020-088M,47133,PAY,D,US,2020-11-25,AFETR,2026-04-06,87.77,53.03,166,162,,,EA,IMP
STARLINK-1844,2020-088N,47134,PAY,D,US,2020-11-25,AFETR,2024-12-18,88.77,53.03,220,207,,,EA,IMP
STARLINK-1845,2020-088P,47135,PAY,P,US,2020-11-25,AFETR,,90.48,53.03,303,293,,,EA,ORB
STARLINK-1846,2020-088Q,47136,PAY,D,US,2020-11-25,AFETR,2025-02-22,87.93,53.03,177,167,,,EA,IMP
STARLINK-1849,2020-088R,47137,PAY,D,US,2020-11-25,AFETR,2025-06-03,88.36,53.03,198,189,,,EA,IMP
STARLINK-1850,2020-088S,47138,PAY,D,US,2020-11-25,AFETR,2025-03-19,87.64,53.02,160,155,,,EA,IMP
STARLINK-1852,2020-088T,47139,PAY,D,US,2020-11-25,AFETR,2025-02-12,87.84,53.03,171,164,,,EA,IMP
STARLINK-1853,2020-088U,47140,PAY,D,US,2020-11-25,AFETR,2022-01-28,88.23,53.03,189,185,,,EA,IMP
STARLINK-1854,2020-088V,47141,PAY,D,US,2020-11-25,AFETR,2025-02-09,87.69,53.03,164,156,,,EA,IMP
STARLINK-1855,2020-088W,47142,PAY,D,US,2020-11-25,AFETR,2021-09-11,88.42,53.04,205,187,,,EA,IMP
STARLINK-1856,2020-088X,47143,PAY,P,US,2020-11-25,AFETR,,90.87,53.04,320,314,,,EA,ORB
STARLINK-1857,2020-088Y,47144,PAY,D,US,2020-11-25,AFETR,2025-02-21,87.69,53.02,162,158,,,EA,IMP
STARLINK-1858,2020-088Z,47145,PAY,D,US,2020-11-25,AFETR,2022-08-09,88.15,53.03,188,177,,,EA,IMP
STARLINK-1859,2020-088AA,47146,PAY,D,US,2020-11-25,AFETR,2022-04-03,87.36,53.05,144,143,,,EA,IMP
STARLINK-1860,2020-088AB,47147,PAY,D,US,2020-11-25,AFETR,2025-07-01,88.03,52.99,184,170,,,EA,IMP
STARLINK-1861,2020-088AC,47148,PAY,D,US,2020-11-25,AFETR,2025-07-25,87.56,53.02,157,150,,,EA,IMP
STARLINK-1862,2020-088AD,47149,PAY,D,US,2020-11-25,AFETR,2025-06-14,87.83,53.02,172,162,,,EA,IMP
STARLINK-1863,2020-088AE,47150,PAY,D,US,2020-11-25,AFETR,2025-11-01,87.85,53.02,172,164,,,EA,IMP
STARLINK-1864,2020-088AF,47151,PAY,D,US,2020-11-25,AFETR,2025-02-10,87.61,53.02,160,152,,,EA,IMP
STARLINK-1866,2020-088AG,47152,PAY,D,US,2020-11-25,AFETR,2025-07-21,87.56,53.00,158,149,,,EA,IMP
STARLINK-1867,2020-088AH,47153,PAY,D,US,2020-11-25,AFETR,2025-03-31,87.50,53.02,158,143,,,EA,IMP
STARLINK-1868,2020-088AJ,47154,PAY,D,US,2020-11-25,AFETR,2023-10-01,87.64,53.04,164,152,,,EA,IMP
STARLINK-1869,2020-088AK,47155,PAY,D,US,2020-11-25,AFETR,2025-03-12,88.29,53.01,191,189,,,EA,IMP
STARLINK-1870,2020-088AL,47156,PAY,D,US,2020-11-25,AFETR,2022-04-24,88.16,53.03,190,177,,,EA,IMP
STARLINK-1871,2020-088AM,47157,PAY,P,US,2020-11-25,AFETR,,93.34,53.15,440,437,,,EA,ORB
STARLINK-1873,2020-088AN,47158,PAY,D,US,2020-11-25,AFETR,2026-08-12,87.55,53.02,156,151,,,EA,IMP
STARLINK-1874,2020-088AP,47159,PAY,D,US,2020-11-25,AFETR,2022-06-28,87.30,53.07,151,130,,,EA,IMP
STARLINK-1875,2020-088AQ,47160,PAY,D,US,2020-11-25,AFETR,2021-11-29,87.89,53.03,174,166,,,EA,IMP
STARLINK-1876,2020-088AR,47161,PAY,D,US,2020-11-25,AFETR,2026-07-06,87.45,53.03,155,141,,,EA,IMP
STARLINK-1877,2020-088AS,47162,PAY,D,US,2020-11-25,AFETR,2025-06-21,87.39,53.02,152,138,,,EA,IMP
STARLINK-1878,2020-088AT,47163,PAY,D,US,2020-11-25,AFETR,2025-01-23,87.69,53.02,164,157,,,EA,IMP
STARLINK-1879,2020-088AU,47164,PAY,D,US,2020-11-25,AFETR,2025-04-05,87.85,53.01,174,162,,,EA,IMP
STARLINK-1880,2020-088AV,47165,PAY,D,US,2020-11-25,AFETR,2025-02-05,87.63,53.02,162,152,,,EA,IMP
STARLINK-1881,2020-088AW,47166,PAY,D,US,2020-11-25,AFETR,2023-02-28,88.26,53.04,191,185,,,EA,IMP
STARLINK-1884,2020-088AX,47167,PAY,D,US,2020-11-25,AFETR,2025-01-14,87.61,53.03,158,155,,,EA,IMP
STARLINK-1885,2020-088AY,47168,PAY,D,US,2020-11-25,AFETR,2022-08-14,87.35,53.00,145,141,,,EA,IMP
STARLINK-1886,2020-088AZ,47169,PAY,D,US,2020-11-25,AFETR,2021-10-22,87.44,53.05,152,144,,,EA,IMP
STARLINK-1887,2020-088BA,47170,PAY,D,US,2020-11-25,AFETR,2025-01-28,87.52,53.03,155,149,,,EA,IMP
STARLINK-1888,2020-088BB,47171,PAY,P,US,2020-11-25,AFETR,,90.74,53.04,316,306,,,EA,ORB
STARLINK-1889,2020-088BC,47172,PAY,D,US,2020-11-25,AFETR,2022-04-09,88.55,53.03,207,199,,,EA,IMP
STARLINK-1890,2020-088BD,47173,PAY,D,US,2020-11-25,AFETR,2025-06-30,87.49,53.01,155,145,,,EA,IMP
STARLINK-1891,2020-088BE,47174,PAY,D,US,2020-11-25,AFETR,2025-01-09,87.43,53.03,149,146,,,EA,IMP
STARLINK-1895,2020-088BF,47175,PAY,D,US,2020-11-25,AFETR,2025-02-11,87.64,53.03,162,154,,,EA,IMP
STARLINK-1900,2020-088BG,47176,PAY,D,US,2020-11-25,AFETR,2021-04-17,87.51,53.06,158,144,,,EA,IMP
STARLINK-1907,2020-088BH,47177,PAY,D,US,2020-11-25,AFETR,2025-03-05,87.48,53.02,156,143,,,EA,IMP
STARLINK-1912,2020-088BJ,47178,PAY,P,US,2020-11-25,AFETR,,89.62,53.03,257,255,,,EA,ORB
STARLINK-1913,2020-088BK,47179,PAY,P,US,2020-11-25,AFETR,,93.47,53.16,446,443,,,EA,ORB
STARLINK-1914,2020-088BL,47180,PAY,D,US,2020-11-25,AFETR,2021-10-30,88.26,53.04,194,183,,,EA,IMP
STARLINK-1927,2020-088BM,47181,PAY,D,US,2020-11-25,AFETR,2024-07-19,87.90,53.05,180,161,,,EA,IMP
FALCON 9 DEB,2020-088BN,47182,DEB,D,US,2020-11-25,AFETR,2020-12-19,87.68,53.04,171,148,,,EA,IMP
FALCON 9 DEB,2020-088BP,47183,DEB,D,US,2020-11-25,AFETR,2020-12-19,87.79,53.03,177,153,,,EA,IMP
FALCON 9 DEB,2020-088BQ,47184,DEB,D,US,2020-11-25,AFETR,2020-12-19,87.46,53.04,156,141,,,EA,IMP
FALCON 9 DEB,2020-088BR,47185,DEB,D,US,2020-11-25,AFETR,2020-12-19,87.84,53.04,180,155,,,EA,IMP
LUCAS (JDRS-1),2020-089A,47202,PAY,+,JPN,2020-11-29,TANSC,,1436.09,0.04,35794,35779,,,EA,ORB
H-2A R/B,2020-089B,47203,R/B,D,JPN,2020-11-29,TANSC,2021-06-13,104.60,27.95,1851,100,,,EA,IMP
FALCON EYE 2,2020-090A,47226,PAY,+,UAE,2020-12-02,FRGUI,,96.97,97.85,615,613,,,EA,ORB
GONETS-M 20,2020-091A,47227,PAY,+,CIS,2020-12-03,PLMSC,,115.86,82.50,1511,1477,,,EA,ORB
GONETS-M 21,2020-091B,47228,PAY,+,CIS,2020-12-03,PLMSC,,115.86,82.49,1507,1482,,,EA,ORB
GONETS-M 22,2020-091C,47229,PAY,+,CIS,2020-12-03,PLMSC,,115.86,82.50,1512,1477,,,EA,ORB
COSMOS 2548,2020-091D,47230,PAY,+,CIS,2020-12-03,PLMSC,,115.86,82.50,1507,1482,,,EA,ORB
GAOFEN-14 01,2020-092A,47231,PAY,+,PRC,2020-12-06,XICLF,,94.39,97.47,492,486,,,EA,ORB
CZ-3B R/B,2020-092B,47232,R/B,D,PRC,2020-12-06,XICLF,2023-05-02,87.27,97.26,145,133,,,EA,IMP
DRAGON CRS-21,2020-093A,47233,PAY,D,US,2020-12-06,AFETR,2021-01-14,90.57,51.64,403,201,,,EA,IMP
GECAM-A,2020-094A,47234,PAY,+,PRC,2020-12-09,XICLF,,95.94,29.00,571,557,,,EA,ORB
GECAM-B,2020-094B,47235,PAY,+,PRC,2020-12-09,XICLF,,95.84,29.00,567,552,,,EA,ORB
CZ-11 DEB,2020-094C,47236,DEB,D,PRC,2020-12-09,XICLF,2022-02-27,90.86,28.98,333,300,,,EA,IMP
USA 311,2020-095A,47237,PAY,+,US,2020-12-11,AFETR,,1436.17,3.26,35999,35578,,NEA,EA,ORB
DELTA 4 R/B,2020-095B,47238,R/B,,US,2020-12-11,AFETR,,1514.59,2.94,38429,36189,,,EA,ORB
CZ-11 R/B,2020-094D,47239,R/B,D,PRC,2020-12-09,XICLF,2020-12-23,88.70,28.89,286,135,,,EA,IMP
SXM-7,2020-096A,47240,PAY,P,US,2020-12-13,AFETR,,1436.10,0.02,35804,35769,,,EA,ORB
FALCON 9 R/B,2020-096B,47241,R/B,,US,2020-12-13,AFETR,,214.26,26.96,10701,264,,,EA,ORB
IPM 2 & BREEZE-M R/B,2020-097A,47242,PAY,+,CIS,2020-12-14,PLMSC,,1511.05,5.53,37605,36878,,,EA,ORB
BREEZE-M DEB [TANK],2020-097B,47243,DEB,,CIS,2020-12-14,PLMSC,,652.37,58.49,36777,300,,,EA,ORB
OBJECT E,2020-091E,47252,UNK,,CIS,2020-12-03,PLMSC,,115.84,82.49,1507,1481,,,EA,ORB
STRIX-ALPHA,2020-098A,47253,PAY,D,JPN,2020-12-15,RLLB,2023-10-27,87.53,97.22,156,149,,,EA,IMP
ELECTRON KICK STAGE R/B,2020-098B,47254,R/B,D,US,2020-12-15,RLLB,2024-01-10,87.54,97.21,155,150,,,EA,IMP
ELECTRON R/B,2020-098C,47255,R/B,D,US,2020-12-15,RLLB,2020-12-28,87.04,97.32,140,116,,,EA,IMP
CMS-01,2020-099A,47256,PAY,+,IND,2020-12-17,SRILR,,1436.09,0.08,35803,35769,,,EA,ORB
PSLV R/B,2020-099B,47257,R/B,,IND,2020-12-17,SRILR,,279.48,17.80,15388,176,,,EA,ORB
ONEWEB-0102,2020-100A,47258,PAY,+,UK,2020-12-18,VOSTO,,109.72,87.90,1215,1212,,,EA,ORB
ONEWEB-0109,2020-100B,47259,PAY,+,UK,2020-12-18,VOSTO,,109.72,87.90,1215,1212,,,EA,ORB
ONEWEB-0110,2020-100C,47260,PAY,+,UK,2020-12-18,VOSTO,,109.72,87.90,1215,1212,,,EA,ORB
ONEWEB-0111,2020-100D,47261,PAY,+,UK,2020-12-18,VOSTO,,109.72,87.90,1215,1212,,,EA,ORB
ONEWEB-0114,2020-100E,47262,PAY,+,UK,2020-12-18,VOSTO,,109.72,87.90,1215,1212,,,EA,ORB
ONEWEB-0117,2020-100F,47263,PAY,+,UK,2020-12-18,VOSTO,,109.72,87.90,1215,1212,,,EA,ORB
ONEWEB-0118,2020-100G,47264,PAY,+,UK,2020-12-18,VOSTO,,109.72,87.90,1215,1213,,,EA,ORB
ONEWEB-0119,2020-100H,47265,PAY,+,UK,2020-12-18,VOSTO,,109.72,87.90,1215,1212,,,EA,ORB
ONEWEB-0120,2020-100J,47266,PAY,+,UK,2020-12-18,VOSTO,,109.72,87.90,1215,1212,,,EA,ORB
ONEWEB-0121,2020-100K,47267,PAY,+,UK,2020-12-18,VOSTO,,109.72,87.90,1215,1212,,,EA,ORB
ONEWEB-0122,2020-100L,47268,PAY,+,UK,2020-12-18,VOSTO,,109.72,87.90,1215,1212,,,EA,ORB
ONEWEB-0123,2020-100M,47269,PAY,+,UK,2020-12-18,VOSTO,,109.72,87.90,1215,1212,,,EA,ORB
ONEWEB-0124,2020-100N,47270,PAY,+,UK,2020-12-18,VOSTO,,109.72,87.90,1215,1212,,,EA,ORB
ONEWEB-0125,2020-100P,47271,PAY,+,UK,2020-12-18,VOSTO,,109.72,87.90,1215,1212,,,EA,ORB
ONEWEB-0126,2020-100Q,47272,PAY,+,UK,2020-12-18,VOSTO,,109.72,87.90,1215,1212,,,EA,ORB
ONEWEB-0127,2020-100R,47273,PAY,+,UK,2020-12-18,VOSTO,,109.72,87.90,1215,1212,,,EA,ORB
ONEWEB-0128,2020-100S,47274,PAY,+,UK,2020-12-18,VOSTO,,109.72,87.90,1215,1212,,,EA,ORB
ONEWEB-0129,2020-100T,47275,PAY,+,UK,2020-12-18,VOSTO,,109.72,87.90,1215,1212,,,EA,ORB
ONEWEB-0130,2020-100U,47276,PAY,+,UK,2020-12-18,VOSTO,,109.72,87.90,1215,1212,,,EA,ORB
ONEWEB-0131,2020-100V,47277,PAY,+,UK,2020-12-18,VOSTO,,109.72,87.90,1215,1212,,,EA,ORB
ONEWEB-0132,2020-100W,47278,PAY,+,UK,2020-12-18,VOSTO,,109.72,87.90,1215,1212,,,EA,ORB
ONEWEB-0133,2020-100X,47279,PAY,+,UK,2020-12-18,VOSTO,,109.72,87.90,1215,1212,,,EA,ORB
ONEWEB-0134,2020-100Y,47280,PAY,+,UK,2020-12-18,VOSTO,,109.72,87.90,1215,1212,,,EA,ORB
ONEWEB-0135,2020-100Z,47281,PAY,+,UK,2020-12-18,VOSTO,,109.72,87.90,1215,1212,,,EA,ORB
ONEWEB-0136,2020-100AA,47282,PAY,+,UK,2020-12-18,VOSTO,,109.72,87.90,1215,1212,,,EA,ORB
ONEWEB-0137,2020-100AB,47283,PAY,+,UK,2020-12-18,VOSTO,,109.72,87.90,1215,1212,,,EA,ORB
ONEWEB-0138,2020-100AC,47284,PAY,+,UK,2020-12-18,VOSTO,,109.72,87.90,1215,1212,,,EA,ORB
ONEWEB-0139,2020-100AD,47285,PAY,+,UK,2020-12-18,VOSTO,,109.72,87.90,1215,1212,,,EA,ORB
ONEWEB-0140,2020-100AE,47286,PAY,+,UK,2020-12-18,VOSTO,,109.72,87.90,1215,1212,,,EA,ORB
ONEWEB-0141,2020-100AF,47287,PAY,+,UK,2020-12-18,VOSTO,,109.72,87.90,1215,1212,,,EA,ORB
ONEWEB-0142,2020-100AG,47288,PAY,+,UK,2020-12-18,VOSTO,,109.72,87.90,1215,1213,,,EA,ORB
ONEWEB-0143,2020-100AH,47289,PAY,+,UK,2020-12-18,VOSTO,,109.72,87.90,1215,1212,,,EA,ORB
ONEWEB-0144,2020-100AJ,47290,PAY,+,UK,2020-12-18,VOSTO,,109.72,87.90,1216,1212,,,EA,ORB
ONEWEB-0145,2020-100AK,47291,PAY,+,UK,2020-12-18,VOSTO,,109.72,87.90,1215,1212,,,EA,ORB
ONEWEB-0146,2020-100AL,47292,PAY,+,UK,2020-12-18,VOSTO,,109.72,87.90,1215,1212,,,EA,ORB
ONEWEB-0147,2020-100AM,47293,PAY,+,UK,2020-12-18,VOSTO,,109.72,87.90,1215,1212,,,EA,ORB
USA 312,2020-101A,47294,PAY,+,US,2020-12-19,AFETR,,92.99,53.01,425,417,,NEA,EA,ORB
USA 313,2020-101B,47295,PAY,+,US,2020-12-19,AFETR,,92.47,53.00,399,392,,NEA,EA,ORB
YUANGUANG,2020-102A,47296,PAY,D,PRC,2020-12-22,WSC,2024-06-15,87.29,97.42,150,131,,,EA,IMP
HAISI 1,2020-102B,47297,PAY,D,PRC,2020-12-22,WSC,2024-09-05,87.08,97.39,139,121,,,EA,IMP
XJY-7,2020-102C,47298,PAY,D,PRC,2020-12-22,WSC,2025-10-16,87.92,97.35,180,163,,,EA,IMP
TIANQI-8,2020-102D,47299,PAY,D,PRC,2020-12-22,WSC,2024-06-14,88.21,97.42,194,177,,,EA,IMP
ET-SMART-RSS,2020-102E,47300,PAY,D,PRC,2020-12-22,WSC,2023-10-21,88.08,97.41,187,172,,,EA,IMP
CZ-8 R/B,2020-102F,47301,R/B,D,PRC,2020-12-22,WSC,2023-03-16,87.16,97.44,139,128,,,EA,IMP
YAOGAN-33 01,2020-103A,47302,PAY,+,PRC,2020-12-27,JSC,,98.71,98.03,698,696,,,EA,ORB
WEINA 2,2020-103B,47303,PAY,+,PRC,2020-12-27,JSC,,98.28,98.04,679,675,,,EA,ORB
CZ-4C R/B,2020-103C,47304,R/B,,PRC,2020-12-27,JSC,,95.91,98.36,622,503,,,EA,ORB
CSO 2,2020-104A,47305,PAY,+,FR,2020-12-29,FRGUI,,94.03,97.36,473,470,,NEA,EA,ORB
DRAGON CRS-21 DEB,2020-093B,47308,DEB,D,US,2020-12-06,AFETR,2021-02-03,87.20,51.62,147,125,,,EA,IMP
CREW DRAGON 1 DEB [TRUNK],2020-084B,48342,DEB,D,US,2020-11-16,AFETR,2022-07-09,87.18,51.49,157,113,,,EA,IMP
CZ-4B DEB,2020-067H,49046,DEB,,PRC,2020-09-27,TAISC,,97.47,97.74,659,616,,,EA,ORB
FALCONSAT-8,2020-029C,49381,PAY,+,US,2020-05-17,AFETR,,93.37,45.03,443,436,,NEA,EA,ORB
MINOTAUR 4 DEB,2020-046F,50148,DEB,D,US,2020-07-15,WLPIS,2024-10-26,89.01,54.16,233,218,,,EA,IMP
MINOTAUR 4 DEB,2020-046G,50149,DEB,D,US,2020-07-15,WLPIS,2023-08-26,95.67,53.98,576,526,,,EA,IMP
MINOTAUR 4 DEB,2020-046H,50150,DEB,D,US,2020-07-15,WLPIS,2022-12-22,90.67,53.92,317,297,,,EA,IMP
MINOTAUR 4 DEB,2020-046J,50151,DEB,D,US,2020-07-15,WLPIS,2024-10-04,88.14,53.99,188,177,,,EA,IMP
MINOTAUR 4 DEB,2020-046K,50152,DEB,D,US,2020-07-15,WLPIS,2023-12-28,92.92,54.18,424,412,,,EA,IMP
MINOTAUR 4 DEB,2020-046L,50153,DEB,D,US,2020-07-15,WLPIS,2022-02-04,92.70,53.96,426,387,,,EA,IMP
MINOTAUR 4 DEB,2020-046M,50154,DEB,D,US,2020-07-15,WLPIS,2022-02-22,91.09,53.93,339,316,,,EA,IMP
MINOTAUR 4 DEB,2020-046N,50155,DEB,D,US,2020-07-15,WLPIS,2022-01-15,93.49,54.08,460,430,,,EA,IMP
MINOTAUR 4 DEB,2020-046P,51451,DEB,D,US,2020-07-15,WLPIS,2023-01-25,91.75,54.10,380,341,,,EA,IMP
MINOTAUR 4 DEB,2020-046Q,51452,DEB,D,US,2020-07-15,WLPIS,2022-03-01,92.70,53.87,420,394,,,EA,IMP
MINOTAUR 4 DEB,2020-046R,51453,DEB,D,US,2020-07-15,WLPIS,2025-01-03,94.78,54.30,524,492,,,EA,IMP
MINOTAUR 4 DEB,2020-046S,51454,DEB,D,US,2020-07-15,WLPIS,2023-01-14,92.30,54.28,405,370,,,EA,IMP
MINOTAUR 4 DEB,2020-046T,51455,DEB,D,US,2020-07-15,WLPIS,2024-09-06,90.02,54.10,283,268,,,EA,IMP
MINOTAUR 4 DEB,2020-046U,52030,DEB,D,US,2020-07-15,WLPIS,2023-04-07,96.01,54.19,592,543,,,EA,IMP
MINOTAUR 4 DEB,2020-046V,52031,DEB,D,US,2020-07-15,WLPIS,2024-04-09,88.68,53.98,215,203,,,EA,IMP
MINOTAUR 4 DEB,2020-046W,52032,DEB,D,US,2020-07-15,WLPIS,2022-04-04,93.92,53.96,487,446,,,EA,IMP
MINOTAUR 4 DEB,2020-046X,52033,DEB,D,US,2020-07-15,WLPIS,2024-10-25,95.54,54.21,568,522,,,EA,IMP
MINOTAUR 4 DEB,2020-046Y,52034,DEB,D,US,2020-07-15,WLPIS,2024-10-07,95.68,54.32,579,524,,,EA,IMP
MINOTAUR 4 DEB,2020-046Z,52035,DEB,D,US,2020-07-15,WLPIS,2024-08-31,89.50,53.96,257,243,,,EA,IMP
MINOTAUR 4 DEB,2020-046AA,52036,DEB,D,US,2020-07-15,WLPIS,2023-04-02,90.69,53.88,322,295,,,EA,IMP
MINOTAUR 4 DEB,2020-046AB,52037,DEB,,US,2020-07-15,WLPIS,,95.71,53.98,559,547,,,EA,ORB
MINOTAUR 4 DEB,2020-046AC,52975,DEB,D,US,2020-07-15,WLPIS,2025-03-25,96.83,54.30,650,564,,,EA,IMP
MINOTAUR 4 DEB,2020-046AD,52976,DEB,D,US,2020-07-15,WLPIS,2023-06-28,96.43,54.33,623,552,,,EA,IMP
MINOTAUR 4 DEB,2020-046AE,52977,DEB,D,US,2020-07-15,WLPIS,2022-09-20,92.03,53.97,389,359,,,EA,IMP
MINOTAUR 4 DEB,2020-046AF,52978,DEB,D,US,2020-07-15,WLPIS,2023-08-26,95.35,54.06,539,532,,,EA,IMP
MINOTAUR 4 DEB,2020-046AG,52979,DEB,D,US,2020-07-15,WLPIS,2022-09-29,94.71,54.06,511,499,,,EA,IMP
MINOTAUR 4 DEB,2020-046AH,52980,DEB,D,US,2020-07-15,WLPIS,2023-09-05,96.18,54.15,600,551,,,EA,IMP
MINOTAUR 4 DEB,2020-046AJ,52981,DEB,D,US,2020-07-15,WLPIS,2025-03-18,91.77,53.92,367,356,,,EA,IMP
USA 299 DEB,2020-029D,54246,DEB,,US,2020-05-17,AFETR,,89.33,45.03,245,238,,NEA,EA,ORB
MINOTAUR 4 DEB,2020-046AK,54256,DEB,,US,2020-07-15,WLPIS,,93.66,54.23,464,443,,,EA,ORB
CZ-2D DEB,2020-034F,56742,DEB,D,PRC,2020-05-31,JSC,2023-09-03,88.75,97.52,222,203,,,EA,IMP
GAOFEN-13 01 DEB,2020-071C,62337,DEB,,PRC,2020-10-11,XICLF,,1436.66,3.07,38906,32689,,,EA,ORB
