OBJECT_NAME,OBJECT_ID,NORAD_CAT_ID,OBJECT_TYPE,OPS_STATUS_CODE,OWNER,LAUNCH_DATE,LAUNCH_SITE,DECAY_DATE,PERIOD,INCLINATION,APOGEE,PERIGEE,RCS,DATA_STATUS_CODE,ORBIT_CENTER,ORBIT_TYPE
COSMOS 2230,1993-001A,22307,PAY,,CIS,1993-01-12,PLMSC,,104.81,82.94,1003,968,1.4391,,EA,ORB
SL-8 R/B,1993-001B,22308,R/B,,CIS,1993-01-12,PLMSC,,104.65,82.94,995,961,4.3650,,EA,ORB
MOLNIYA 1-85,1993-002A,22309,PAY,D,CIS,1993-01-13,PLMSC,2005-11-15,91.36,61.96,617,66,18.8271,,EA,IMP
SL-6 R/B(1),1993-002B,22310,R/B,D,CIS,1993-01-13,PLMSC,1993-03-04,87.49,62.81,167,134,32.6600,,EA,IMP
SL-6 PLAT,1993-002C,22311,DEB,D,CIS,1993-01-13,PLMSC,1993-02-05,87.88,62.79,205,134,2.7700,,EA,IMP
SL-6 R/B(2),1993-002D,22312,R/B,D,CIS,1993-01-13,PLMSC,2006-04-04,90.24,62.15,492,80,7.4000,,EA,IMP
STS 54,1993-003A,22313,PAY,D,US,1993-01-13,AFETR,1993-01-19,90.58,28.47,312,294,43.0000,,EA,LAN
TDRS 6,1993-003B,22314,PAY,+,US,1993-01-13,AFETR,,1436.18,14.18,35831,35746,28.6701,,EA,ORB
IUS R/B(1),1993-003C,22315,R/B,,US,1993-01-13,AFETR,,356.82,26.85,20306,267,10.7444,,EA,ORB
IUS R/B(2),1993-003D,22316,R/B,,US,1993-01-13,AFETR,,1438.49,11.82,36119,35548,3.9810,,EA,ORB
COSMOS 2231,1993-004A,22317,PAY,D,CIS,1993-01-19,PLMSC,1993-03-25,89.19,67.10,303,165,12.0500,,EA,IMP
SL-4 R/B,1993-004B,22318,R/B,D,CIS,1993-01-19,PLMSC,1993-01-23,87.66,67.12,185,132,17.0400,,EA,IMP
SOYUZ-TM 16,1993-005A,22319,PAY,D,CIS,1993-01-24,TYMSC,1993-07-22,92.38,51.62,394,388,0.3100,,EA,LAN
SL-4 R/B,1993-005B,22320,R/B,D,CIS,1993-01-24,TYMSC,1993-01-26,87.56,51.62,158,150,,,EA,IMP
COSMOS 2232,1993-006A,22321,PAY,,CIS,1993-01-26,PLMSC,,718.49,67.23,34445,5945,17.6477,,EA,ORB
SL-6 R/B(1),1993-006B,22322,R/B,D,CIS,1993-01-26,PLMSC,1993-03-09,87.55,62.77,169,137,12.9000,,EA,IMP
SL-6 PLAT,1993-006C,22323,DEB,D,CIS,1993-01-26,PLMSC,1993-02-14,87.76,62.81,194,133,2.1000,,EA,IMP
SL-6 R/B(2),1993-006D,22324,R/B,,CIS,1993-01-26,PLMSC,,706.81,68.22,32978,6834,6.5800,,EA,ORB
SL-6 DEB,1993-006E,22325,DEB,D,CIS,1993-01-26,PLMSC,1993-02-28,88.45,62.80,263,133,0.0100,,EA,IMP
NAVSTAR 30 (USA 88),1993-007A,22446,PAY,-,US,1993-02-03,AFETR,,765.57,53.24,21419,21268,2.5118,,EA,ORB
DELTA 2 R/B(1),1993-007B,22447,R/B,D,US,1993-02-03,AFETR,2023-12-22,87.93,20.79,193,151,9.1350,,EA,IMP
DELTA 2 R/B(2) [PAM-D],1993-007C,22448,R/B,D,US,1993-02-03,AFETR,2002-09-11,87.66,34.58,183,134,3.1748,,EA,IMP
COSMOS 2233,1993-008A,22487,PAY,,CIS,1993-02-09,PLMSC,,104.65,82.95,1005,951,2.0074,,EA,ORB
SL-8 R/B,1993-008B,22488,R/B,,CIS,1993-02-09,PLMSC,,104.50,82.94,989,953,3.9120,,EA,ORB
OXP 1,1993-009A,22489,PAY,,US,1993-02-09,AFETR,,99.51,24.96,763,707,1.8542,,EA,ORB
SCD 1,1993-009B,22490,PAY,P,BRAZ,1993-02-09,AFETR,,99.58,24.97,768,708,0.8234,,EA,ORB
PEGASUS R/B,1993-009C,22491,R/B,,US,1993-02-09,AFETR,,98.76,24.98,731,668,0.1658,,EA,ORB
COSMOS 2234 [GLONASS],1993-010A,22512,PAY,-,CIS,1993-02-17,TYMSC,,675.73,64.94,19187,19072,2.1890,,EA,ORB
COSMOS 2236 [GLONASS],1993-010B,22513,PAY,-,CIS,1993-02-17,TYMSC,,675.72,64.94,19144,19115,3.0902,,EA,ORB
COSMOS 2235 [GLONASS],1993-010C,22514,PAY,-,CIS,1993-02-17,TYMSC,,675.73,64.95,19150,19110,2.0361,,EA,ORB
SL-12 R/B(1),1993-010D,22515,R/B,D,CIS,1993-02-17,TYMSC,1993-02-18,86.70,64.74,133,88,,,EA,IMP
SL-12 PLAT,1993-010E,22516,DEB,D,CIS,1993-02-17,TYMSC,1993-02-18,87.52,64.86,172,131,,,EA,IMP
SL-12 R/B(2),1993-010F,22517,R/B,,CIS,1993-02-17,TYMSC,,674.72,64.96,19174,19035,1.7497,,EA,ORB
ASCA (ASTRO-D),1993-011A,22521,PAY,D,JPN,1993-02-20,KSCUT,2001-03-02,87.33,31.07,146,138,5.6368,,EA,IMP
M-3S2 R/B,1993-011B,22522,R/B,D,JPN,1993-02-20,KSCUT,2003-12-11,87.37,31.05,145,143,3.2558,,EA,IMP
M-3S2 DEB,1993-011C,22523,DEB,D,JPN,1993-02-20,KSCUT,1994-12-20,89.25,31.07,238,238,0.0577,,EA,IMP
SL-12 R/B(AUX MOTOR),1993-010G,22524,R/B,D,CIS,1993-02-17,TYMSC,1998-09-05,88.91,64.05,345,96,0.9610,,EA,IMP
SL-12 R/B(AUX MOTOR),1993-010H,22528,R/B,D,CIS,1993-02-17,TYMSC,1998-11-18,90.14,64.03,473,90,1.0814,,EA,IMP
PROGRESS-M 16,1993-012A,22530,PAY,D,CIS,1993-02-21,TYMSC,1993-03-27,92.46,51.62,396,394,179.5900,,EA,IMP
SL-4 R/B,1993-012B,22531,R/B,D,CIS,1993-02-21,TYMSC,1993-02-23,87.61,51.63,164,148,,,EA,IMP
M-3S2 DEB,1993-011D,22534,DEB,D,JPN,1993-02-20,KSCUT,1999-12-01,90.45,30.87,297,297,0.0488,,EA,IMP
RADUGA 29,1993-013A,22557,PAY,-,CIS,1993-03-25,TYMSC,,1435.52,13.80,35792,35758,10.0237,,EA,ORB
SL-12 R/B(1),1993-013B,22558,R/B,D,CIS,1993-03-25,TYMSC,1993-03-27,87.21,51.65,139,133,,,EA,IMP
SL-12 PLAT,1993-013C,22559,DEB,D,CIS,1993-03-25,TYMSC,1993-03-25,88.15,51.65,190,176,0.3100,,EA,IMP
START 1,1993-014A,22561,PAY,,CIS,1993-03-25,PLMSC,,101.22,75.76,955,678,2.2644,,EA,ORB
SL-18 R/B,1993-014B,22562,R/B,,CIS,1993-03-25,PLMSC,,100.65,75.76,906,674,1.2610,,EA,ORB
UFO 1 (USA 98),1993-015A,22563,PAY,-,US,1993-03-25,AFETR,,1450.87,25.96,36083,36067,8.6206,,EA,ORB
ATLAS 1 CENTAUR R/B,1993-015B,22564,R/B,D,US,1993-03-25,AFETR,2000-01-06,87.74,27.16,193,133,22.4897,,EA,IMP
COSMOS 2237,1993-016A,22565,PAY,,CIS,1993-03-26,TYMSC,,101.96,70.76,857,846,11.7219,,EA,ORB
SL-16 R/B,1993-016B,22566,R/B,,CIS,1993-03-26,TYMSC,,101.74,71.00,847,835,10.9494,,EA,ORB
SL-18 DEB,1993-014C,22567,DEB,,CIS,1993-03-25,PLMSC,,99.66,75.75,846,639,0.0420,,EA,ORB
SL-18 DEB,1993-014D,22568,DEB,,CIS,1993-03-25,PLMSC,,99.62,75.75,845,636,0.0400,,EA,ORB
SL-12 R/B(AUX MOTOR),1993-013E,22569,R/B,D,CIS,1993-03-25,TYMSC,1993-10-21,100.59,46.84,1469,104,0.1000,,EA,IMP
SL-12 R/B(AUX MOTOR),1993-013F,22570,R/B,D,CIS,1993-03-25,TYMSC,1993-09-30,100.46,46.83,1463,98,0.3100,,EA,IMP
SL-16 DEB,1993-016C,22575,DEB,,CIS,1993-03-26,TYMSC,,104.84,71.01,1137,838,0.0960,,EA,ORB
SL-16 DEB,1993-016D,22576,DEB,,CIS,1993-03-26,TYMSC,,104.83,71.00,1132,841,0.0867,,EA,ORB
SL-16 DEB,1993-016E,22577,DEB,,CIS,1993-03-26,TYMSC,,99.73,71.04,829,662,0.4640,,EA,ORB
SL-16 DEB,1993-016F,22578,DEB,,CIS,1993-03-26,TYMSC,,99.09,71.06,789,641,0.2541,,EA,ORB
SL-16 DEB,1993-016G,22579,DEB,,CIS,1993-03-26,TYMSC,,99.51,71.03,809,661,0.0795,,EA,ORB
SL-16 DEB,1993-016H,22580,DEB,D,CIS,1993-03-26,TYMSC,2000-05-18,89.63,71.12,266,247,0.0557,,EA,IMP
NAVSTAR 31 (USA 90),1993-017A,22581,PAY,-,US,1993-03-30,AFETR,,762.12,54.08,21267,21253,0.9760,,EA,ORB
SEDS 1,1993-017B,22582,PAY,D,US,1993-03-30,AFETR,1993-03-30,,,,,,NIE,EA,IMP
DELTA 2 R/B(1),1993-017C,22583,R/B,D,US,1993-03-30,AFETR,1999-05-05,87.44,36.13,150,145,13.2074,,EA,IMP
DELTA 2 R/B(2) [PAM-D],1993-017D,22584,R/B,D,US,1993-03-30,AFETR,1999-02-10,87.94,34.44,226,119,3.2162,,EA,IMP
COSMOS 2238,1993-018A,22585,PAY,D,CIS,1993-03-30,TYMSC,1994-12-08,87.18,64.97,143,127,22.0662,,EA,IMP
SL-11 R/B,1993-018B,22586,R/B,D,CIS,1993-03-30,TYMSC,1993-03-31,87.96,64.98,242,105,,,EA,IMP
M-3S2 DEB,1993-011E,22587,DEB,D,JPN,1993-02-20,KSCUT,1998-03-22,90.10,31.10,283,275,0.1298,,EA,IMP
PROGRESS-M 17,1993-019A,22588,PAY,D,CIS,1993-03-31,TYMSC,1994-03-03,87.83,51.61,178,156,17.0191,,EA,IMP
SL-4 R/B,1993-019B,22589,R/B,D,CIS,1993-03-31,TYMSC,1993-04-01,87.35,51.64,146,140,,,EA,IMP
COSMOS 2239,1993-020A,22590,PAY,,CIS,1993-04-01,PLMSC,,104.68,82.93,997,962,1.9460,,EA,ORB
SL-8 R/B,1993-020B,22591,R/B,,CIS,1993-04-01,PLMSC,,104.52,82.93,990,953,5.1108,,EA,ORB
COSMOS 2240,1993-021A,22592,PAY,D,CIS,1993-04-02,PLMSC,1993-06-07,89.35,62.83,310,175,31.8400,,EA,IMP
SL-4 R/B,1993-021B,22593,R/B,D,CIS,1993-04-02,PLMSC,1993-04-07,87.88,62.82,190,150,0.3100,,EA,IMP
COSMOS 2241,1993-022A,22594,PAY,D,CIS,1993-04-06,PLMSC,2022-03-08,87.68,61.09,212,107,9.7463,,EA,IMP
SL-6 R/B(1),1993-022B,22595,R/B,D,CIS,1993-04-06,PLMSC,1993-05-10,88.10,62.75,207,155,4.9200,,EA,IMP
SL-6 PLAT,1993-022C,22596,DEB,D,CIS,1993-04-06,PLMSC,1993-04-22,87.84,62.80,198,137,1.0000,,EA,IMP
SL-6 R/B(2),1993-022D,22597,R/B,D,CIS,1993-04-06,PLMSC,2009-02-11,87.90,61.97,263,78,5.7952,,EA,IMP
SL-18 DEB,1993-014E,22599,DEB,,CIS,1993-03-25,PLMSC,,99.04,75.75,800,625,0.0410,,EA,ORB
SL-16 DEB,1993-016J,22600,DEB,,CIS,1993-03-26,TYMSC,,104.16,70.91,1070,840,0.1390,,EA,ORB
SL-16 DEB,1993-016K,22601,DEB,,CIS,1993-03-26,TYMSC,,104.41,71.04,1096,838,0.0896,,EA,ORB
SL-16 DEB,1993-016L,22602,DEB,,CIS,1993-03-26,TYMSC,,104.79,71.04,1132,838,0.0940,,EA,ORB
SL-16 DEB,1993-016M,22603,DEB,,CIS,1993-03-26,TYMSC,,104.44,70.99,1087,850,0.1184,,EA,ORB
SL-16 DEB,1993-016N,22604,DEB,,CIS,1993-03-26,TYMSC,,104.61,71.00,1102,851,0.1093,,EA,ORB
SL-16 DEB,1993-016P,22605,DEB,,CIS,1993-03-26,TYMSC,,103.51,71.00,1021,828,0.0610,,EA,ORB
SL-16 DEB,1993-016Q,22606,DEB,,CIS,1993-03-26,TYMSC,,103.65,71.00,1037,825,0.0559,,EA,ORB
SL-16 DEB,1993-016R,22607,DEB,,CIS,1993-03-26,TYMSC,,104.66,70.99,1106,851,0.1521,,EA,ORB
SL-16 DEB,1993-016S,22608,DEB,,CIS,1993-03-26,TYMSC,,103.99,71.00,1041,853,0.1702,,EA,ORB
SL-16 DEB,1993-016T,22609,DEB,,CIS,1993-03-26,TYMSC,,103.64,70.99,1029,833,0.0264,,EA,ORB
SL-16 DEB,1993-016U,22610,DEB,,CIS,1993-03-26,TYMSC,,105.27,71.00,1166,849,0.0952,,EA,ORB
SL-16 DEB,1993-016V,22611,DEB,,CIS,1993-03-26,TYMSC,,104.44,70.99,1094,843,0.0260,,EA,ORB
SL-16 DEB,1993-016W,22612,DEB,,CIS,1993-03-26,TYMSC,,99.75,70.97,788,705,0.0365,,EA,ORB
SL-16 DEB,1993-016X,22613,DEB,,CIS,1993-03-26,TYMSC,,104.53,71.00,1113,831,0.0609,,EA,ORB
SL-16 DEB,1993-016Y,22614,DEB,,CIS,1993-03-26,TYMSC,,103.62,71.00,1022,837,0.0078,,EA,ORB
SL-16 DEB,1993-016Z,22615,DEB,,CIS,1993-03-26,TYMSC,,103.27,71.00,1009,817,0.0154,,EA,ORB
SL-16 DEB,1993-016AA,22616,DEB,,CIS,1993-03-26,TYMSC,,104.80,71.00,1121,849,0.0124,,EA,ORB
SL-16 DEB,1993-016AB,22617,DEB,,CIS,1993-03-26,TYMSC,,103.41,71.00,1016,824,0.0440,,EA,ORB
SL-16 DEB,1993-016AC,22618,DEB,,CIS,1993-03-26,TYMSC,,104.08,70.99,1066,837,0.0510,,EA,ORB
SL-16 DEB,1993-016AD,22619,DEB,,CIS,1993-03-26,TYMSC,,104.81,71.00,1122,850,0.1440,,EA,ORB
SL-16 DEB,1993-016AE,22620,DEB,,CIS,1993-03-26,TYMSC,,104.04,71.00,1046,852,0.1593,,EA,ORB
STS 56,1993-023A,22621,PAY,D,US,1993-04-08,AFETR,1993-04-17,90.24,57.00,293,280,,,EA,LAN
SPARTAN 201,1993-023B,22623,PAY,D,US,1993-04-08,AFETR,1993-04-13,90.42,57.00,298,292,,,EA,IMP
SL-12 R/B(2),1993-013D,22624,R/B,,CIS,1993-03-25,TYMSC,,1469.19,14.82,36493,36370,2.4712,,EA,ORB
COSMOS 2242,1993-024A,22626,PAY,,CIS,1993-04-16,PLMSC,,96.19,82.52,588,564,8.3170,,EA,ORB
SL-14 R/B,1993-024B,22627,R/B,,CIS,1993-04-16,PLMSC,,97.29,82.52,645,612,4.4599,,EA,ORB
M-3S2 DEB,1993-011F,22628,DEB,D,JPN,1993-02-20,KSCUT,1998-02-10,89.31,31.13,241,240,0.1336,,EA,IMP
SL-6 DEB,1993-022E,22629,DEB,D,CIS,1993-04-06,PLMSC,1993-04-29,89.62,62.80,334,177,0.0100,,EA,IMP
SL-6 DEB,1993-022F,22630,DEB,D,CIS,1993-04-06,PLMSC,1993-05-05,88.54,62.79,241,163,0.0100,,EA,IMP
MOLNIYA 3-44,1993-025A,22633,PAY,D,CIS,1993-04-21,PLMSC,2004-01-25,91.79,63.44,636,89,9.8529,,EA,IMP
SL-6 R/B(1),1993-025B,22634,R/B,D,CIS,1993-04-21,PLMSC,1993-05-30,87.33,62.78,151,133,0.3100,,EA,IMP
SL-6 PLAT,1993-025C,22635,DEB,D,CIS,1993-04-21,PLMSC,1993-05-12,87.43,62.80,166,128,2.4500,,EA,IMP
SL-6 R/B(2),1993-025D,22636,R/B,D,CIS,1993-04-21,PLMSC,2004-11-15,90.60,63.49,528,80,7.0212,,EA,IMP
ALEXIS,1993-026A,22638,PAY,,US,1993-04-25,AFWTR,,100.44,69.92,820,739,,,EA,ORB
PEGASUS R/B,1993-026B,22639,R/B,,US,1993-04-25,AFWTR,,100.49,69.92,825,738,,,EA,ORB
STS 55,1993-027A,22640,PAY,D,US,1993-04-26,AFETR,1993-05-06,90.43,28.46,306,285,94.2000,,EA,LAN
COSMOS 2243,1993-028A,22641,PAY,D,CIS,1993-04-27,TYMSC,1993-05-06,87.61,70.34,162,150,12.9600,,EA,IMP
SL-4 R/B,1993-028B,22642,R/B,D,CIS,1993-04-27,TYMSC,1993-05-01,87.35,70.34,151,136,,,EA,IMP
COSMOS 2244,1993-029A,22643,PAY,D,CIS,1993-04-28,TYMSC,1995-03-18,88.17,64.99,206,162,22.3363,,EA,IMP
SL-11 R/B,1993-029B,22644,R/B,D,CIS,1993-04-28,TYMSC,1993-04-28,88.08,65.01,255,104,,,EA,IMP
SL-16 DEB,1993-016AF,22645,DEB,,CIS,1993-03-26,TYMSC,,103.84,70.98,1064,816,0.0108,,EA,ORB
COSMOS 2245,1993-030A,22646,PAY,,CIS,1993-05-11,PLMSC,,113.92,82.58,1416,1396,0.9899,,EA,ORB
COSMOS 2246,1993-030B,22647,PAY,,CIS,1993-05-11,PLMSC,,113.96,82.58,1417,1399,1.0132,,EA,ORB
COSMOS 2247,1993-030C,22648,PAY,,CIS,1993-05-11,PLMSC,,113.99,82.58,1416,1402,1.1201,,EA,ORB
COSMOS 2248,1993-030D,22649,PAY,,CIS,1993-05-11,PLMSC,,113.97,82.57,1416,1401,0.9360,,EA,ORB
COSMOS 2249,1993-030E,22650,PAY,,CIS,1993-05-11,PLMSC,,114.00,82.58,1416,1403,0.9964,,EA,ORB
COSMOS 2250,1993-030F,22651,PAY,,CIS,1993-05-11,PLMSC,,114.01,82.58,1418,1402,6.0005,,EA,ORB
SL-14 R/B,1993-030G,22652,R/B,,CIS,1993-05-11,PLMSC,,114.00,82.59,1416,1403,0.9138,,EA,ORB
ASTRA 1C,1993-031A,22653,PAY,-,SES,1993-05-12,FRGUI,,1456.89,12.94,36205,36180,14.1300,,EA,ORB
ARSENE (AO-24),1993-031B,22654,PAY,-,FR,1993-05-12,FRGUI,,1012.64,5.40,36591,17460,0.3221,,EA,ORB
ARIANE 42L R/B,1993-031C,22655,R/B,,FR,1993-05-12,FRGUI,,466.31,4.87,26811,272,22.0983,,EA,ORB
ARIANE 42L DEB [SPELDA],1993-031D,22656,DEB,D,FR,1993-05-12,FRGUI,2007-01-02,100.87,5.00,1433,167,4.8662,,EA,IMP
NAVSTAR 32 (USA 91),1993-032A,22657,PAY,-,US,1993-05-13,AFETR,,767.20,53.46,21488,21277,3.1830,,EA,ORB
DELTA 2 R/B(1),1993-032B,22658,R/B,D,US,1993-05-13,AFETR,2002-12-09,87.64,21.90,160,155,12.8457,,EA,IMP
DELTA 2 R/B(2) [PAM-D],1993-032C,22659,R/B,D,US,1993-05-13,AFETR,2001-01-12,88.80,34.61,304,126,2.8858,,EA,IMP
SL-16 DEB,1993-016AG,22661,DEB,D,CIS,1993-03-26,TYMSC,1999-11-08,90.77,71.09,318,307,0.0153,,EA,IMP
RESURS F-17,1993-033A,22663,PAY,D,CIS,1993-05-21,PLMSC,1993-06-20,89.08,82.57,240,218,14.6500,,EA,IMP
SL-4 R/B,1993-033B,22664,R/B,D,CIS,1993-05-21,PLMSC,1993-05-24,87.41,82.57,157,135,0.3100,,EA,IMP
PROGRESS-M 18,1993-034A,22666,PAY,D,CIS,1993-05-22,TYMSC,1993-07-04,92.32,51.63,395,381,,,EA,IMP
SL-4 R/B,1993-034B,22667,R/B,D,CIS,1993-05-22,TYMSC,1993-05-25,86.98,51.59,126,124,,,EA,IMP
MOLNIYA 1-86,1993-035A,22671,PAY,,CIS,1993-05-26,PLMSC,,254.44,62.93,13498,348,7.0559,,EA,ORB
SL-6 R/B(1),1993-035B,22672,R/B,D,CIS,1993-05-26,PLMSC,1993-06-16,87.44,62.80,156,140,12.3600,,EA,IMP
SL-6 PLAT,1993-035C,22673,DEB,D,CIS,1993-05-26,PLMSC,1993-06-06,87.56,62.81,176,131,3.3800,,EA,IMP
SL-6 R/B(2),1993-035D,22674,R/B,D,CIS,1993-05-26,PLMSC,2011-07-29,90.33,62.15,497,84,7.8581,,EA,IMP
COSMOS 2251,1993-036A,22675,PAY,,CIS,1993-06-16,PLMSC,,100.47,74.04,799,762,1.4180,,EA,ORB
SL-8 R/B,1993-036B,22676,R/B,,CIS,1993-06-16,PLMSC,,100.33,74.04,786,762,4.0753,,EA,ORB
RESURS F-17 DEB,1993-033C,22681,DEB,D,CIS,1993-05-21,PLMSC,1993-06-22,87.97,82.56,178,171,,,EA,IMP
RESURS F-17 DEB,1993-033D,22682,DEB,D,CIS,1993-05-21,PLMSC,1993-06-22,88.63,82.56,213,200,,,EA,IMP
STS 57,1993-037A,22684,PAY,D,US,1993-06-21,AFETR,1993-07-01,93.21,28.46,472,391,,,EA,LAN
RESURS F-17 DEB,1993-033E,22685,DEB,D,CIS,1993-05-21,PLMSC,1993-06-25,88.43,82.53,225,168,,,EA,IMP
RESURS F-17 DEB,1993-033F,22686,DEB,D,CIS,1993-05-21,PLMSC,1993-06-23,89.75,82.55,321,203,0.3100,,EA,IMP
COSMOS 2252,1993-038A,22687,PAY,,CIS,1993-06-24,PLMSC,,113.98,82.58,1415,1403,1.0045,,EA,ORB
COSMOS 2253,1993-038B,22688,PAY,,CIS,1993-06-24,PLMSC,,114.14,82.58,1425,1408,0.9487,,EA,ORB
COSMOS 2254,1993-038C,22689,PAY,,CIS,1993-06-24,PLMSC,,113.84,82.58,1412,1393,1.0505,,EA,ORB
COSMOS 2255,1993-038D,22690,PAY,,CIS,1993-06-24,PLMSC,,113.98,82.59,1413,1405,1.0155,,EA,ORB
COSMOS 2256,1993-038E,22691,PAY,,CIS,1993-06-24,PLMSC,,113.93,82.58,1412,1402,1.0730,,EA,ORB
COSMOS 2257,1993-038F,22692,PAY,,CIS,1993-06-24,PLMSC,,114.08,82.58,1420,1408,0.9243,,EA,ORB
SL-14 R/B,1993-038G,22693,R/B,,CIS,1993-06-24,PLMSC,,114.76,82.59,1480,1408,5.7625,,EA,ORB
HGS-4 (GALAXY 4),1993-039A,22694,PAY,,US,1993-06-25,FRGUI,,1436.15,14.56,35839,35736,4.6912,,EA,ORB
RESURS F-18,1993-040A,22696,PAY,D,CIS,1993-06-25,PLMSC,1993-07-12,89.01,82.58,232,220,,,EA,IMP
SL-4 R/B,1993-040B,22697,R/B,D,CIS,1993-06-25,PLMSC,1993-06-27,87.48,82.58,160,140,,,EA,IMP
RADCAL,1993-041A,22698,PAY,,US,1993-06-25,AFWTR,,101.11,89.50,874,749,0.5650,,EA,ORB
SCOUT G-1 R/B,1993-041B,22699,R/B,,US,1993-06-25,AFWTR,,100.93,89.50,862,743,0.7450,,EA,ORB
NAVSTAR 33 (USA 92),1993-042A,22700,PAY,-,US,1993-06-26,AFETR,,760.17,54.71,21249,21177,3.2454,,EA,ORB
DELTA 2 R/B(1),1993-042B,22701,R/B,D,US,1993-06-26,AFETR,1993-08-30,87.45,25.68,171,125,11.6800,,EA,IMP
DELTA 2 R/B(2) [PAM-D],1993-042C,22702,R/B,D,US,1993-06-26,AFETR,2000-02-05,87.74,34.50,214,111,3.3751,,EA,IMP
SOYUZ-TM 17,1993-043A,22704,PAY,D,CIS,1993-07-01,TYMSC,1994-01-14,92.33,51.62,392,385,0.3100,,EA,LAN
SL-4 R/B,1993-043B,22705,R/B,D,CIS,1993-07-01,TYMSC,1993-07-03,87.16,51.61,136,131,,,EA,IMP
SCOUT G-1 DEB,1993-041C,22706,DEB,,US,1993-06-25,AFWTR,,99.50,89.27,754,715,0.0420,,EA,ORB
SCOUT G-1 DEB,1993-041D,22707,DEB,,US,1993-06-25,AFWTR,,100.86,90.14,900,699,0.0407,,EA,ORB
PROGRESS-M 18 DEB,1993-034C,22708,DEB,D,CIS,1993-05-22,TYMSC,1994-02-12,88.95,51.62,227,218,0.0500,,EA,IMP
COSMOS 2258,1993-044A,22709,PAY,D,CIS,1993-07-07,TYMSC,1995-06-08,87.28,65.00,151,128,27.8711,,EA,IMP
SL-11 R/B,1993-044B,22710,R/B,D,CIS,1993-07-07,TYMSC,1993-07-07,88.40,65.02,286,105,,,EA,IMP
RESURS F-18 DEB,1993-040C,22711,DEB,D,CIS,1993-06-25,PLMSC,1993-07-27,86.72,82.56,119,104,,,EA,IMP
RESURS F-18 DEB,1993-040D,22712,DEB,D,CIS,1993-06-25,PLMSC,1993-07-16,89.89,82.56,330,208,,,EA,IMP
RESURS F-18 DEB,1993-040E,22713,DEB,D,CIS,1993-06-25,PLMSC,1993-07-18,88.42,82.57,218,175,0.3100,,EA,IMP
RESURS F-18 DEB,1993-040F,22714,DEB,D,CIS,1993-06-25,PLMSC,1993-07-14,88.73,82.56,227,197,,,EA,IMP
RESURS F-18 DEB,1993-040G,22715,DEB,D,CIS,1993-06-25,PLMSC,1993-07-14,88.20,82.59,189,182,,,EA,IMP
COSMOS 2259,1993-045A,22716,PAY,D,CIS,1993-07-14,PLMSC,1993-07-25,89.45,67.13,322,173,,,EA,IMP
SL-4 R/B,1993-045B,22717,R/B,D,CIS,1993-07-14,PLMSC,1993-07-19,87.53,67.13,175,130,,,EA,IMP
USA 93,1993-046A,22719,PAY,-,US,1993-07-19,AFETR,,1453.83,13.96,36139,36127,,,EA,ORB
ATLAS 2 CENTAUR R/B,1993-046B,22720,R/B,D,US,1993-07-19,AFETR,1998-01-03,105.74,26.27,1934,124,16.5661,,EA,IMP
COSMOS 2260,1993-047A,22721,PAY,D,CIS,1993-07-22,PLMSC,1993-08-05,89.84,82.29,292,241,5.8100,,EA,IMP
SL-4 R/B,1993-047B,22722,R/B,D,CIS,1993-07-22,PLMSC,1993-07-24,87.43,82.27,153,142,0.3100,,EA,IMP
HISPASAT 1B,1993-048A,22723,PAY,-,SPN,1993-07-22,FRGUI,,1443.90,13.78,35948,35930,8.2897,,EA,ORB
INSAT-2B,1993-048B,22724,PAY,-,IND,1993-07-22,FRGUI,,1440.34,14.47,35941,35798,19.9526,,EA,ORB
ARIANE 44L+ R/B,1993-048C,22725,R/B,,FR,1993-07-22,FRGUI,,523.79,7.21,29951,342,26.4922,,EA,ORB
ARIANE 44L+ DEB [SPELDA],1993-048D,22726,DEB,D,FR,1993-07-22,FRGUI,2000-05-20,89.62,7.08,381,130,18.8746,,EA,IMP
MOLNIYA 3-45,1993-049A,22729,PAY,D,CIS,1993-08-04,PLMSC,2013-12-31,89.12,62.10,390,72,13.7223,,EA,IMP
SL-6 R/B(1),1993-049B,22730,R/B,D,CIS,1993-08-04,PLMSC,1993-08-30,87.47,62.80,157,142,0.3100,,EA,IMP
SL-6 PLAT,1993-049C,22731,DEB,D,CIS,1993-08-04,PLMSC,1993-08-17,88.05,62.79,207,149,0.3100,,EA,IMP
SL-6 R/B(2),1993-049D,22732,R/B,D,CIS,1993-08-04,PLMSC,2013-01-15,89.84,62.29,469,64,7.9441,,EA,IMP
COSMOS 2260 DEB,1993-047C,22733,DEB,D,CIS,1993-07-22,PLMSC,1993-09-14,87.22,82.29,147,127,1.0900,,EA,IMP
COSMOS 2260 DEB,1993-047D,22734,DEB,D,CIS,1993-07-22,PLMSC,1993-08-12,87.80,82.28,174,157,0.2900,,EA,IMP
COSMOS 2260 DEB,1993-047E,22735,DEB,D,CIS,1993-07-22,PLMSC,1993-08-18,89.44,82.28,293,201,0.1600,,EA,IMP
COSMOS 2260 DEB,1993-047F,22736,DEB,D,CIS,1993-07-22,PLMSC,1993-08-09,88.53,82.28,212,191,0.3100,,EA,IMP
COSMOS 2260 DEB,1993-047G,22737,DEB,D,CIS,1993-07-22,PLMSC,1993-08-15,89.87,82.32,330,206,0.0300,,EA,IMP
IABS R/B,1993-046C,22738,R/B,,US,1993-07-19,AFETR,,1409.84,12.41,35620,34922,,,EA,ORB
NOAA 13,1993-050A,22739,PAY,-,US,1993-08-09,AFWTR,,101.86,98.71,853,841,4.4791,,EA,ORB
NOAA 13 DEB,1993-050B,22740,DEB,D,US,1993-08-09,AFWTR,2009-12-16,89.13,98.92,245,218,0.0354,,EA,IMP
COSMOS 2261,1993-051A,22741,PAY,D,CIS,1993-08-10,PLMSC,2012-12-31,88.92,61.06,387,56,10.0237,,EA,IMP
SL-6 R/B(1),1993-051B,22742,R/B,D,CIS,1993-08-10,PLMSC,1993-10-06,88.06,62.80,199,158,7.3900,,EA,IMP
SL-6 PLAT,1993-051C,22743,DEB,D,CIS,1993-08-10,PLMSC,1993-09-04,87.12,62.84,151,113,6.0500,,EA,IMP
SL-6 R/B(2),1993-051D,22744,R/B,,CIS,1993-08-10,PLMSC,,700.35,68.01,36010,3481,3.9892,,EA,ORB
PROGRESS-M 19,1993-052A,22745,PAY,D,CIS,1993-08-10,TYMSC,1993-10-13,92.41,51.62,397,389,10.5400,,EA,IMP
SL-4 R/B,1993-052B,22746,R/B,D,CIS,1993-08-10,TYMSC,1993-08-13,87.80,51.64,173,158,10.1300,,EA,IMP
RESURS F-19,1993-053A,22777,PAY,D,CIS,1993-08-24,PLMSC,1993-09-10,89.09,82.59,232,226,7.5200,,EA,IMP
SL-4 R/B,1993-053B,22778,R/B,D,CIS,1993-08-24,PLMSC,1993-08-27,87.02,82.57,135,119,,,EA,IMP
NAVSTAR 34 (USA 94),1993-054A,22779,PAY,-,US,1993-08-30,AFETR,,761.38,53.29,21387,21098,3.8162,,EA,ORB
DELTA 2 R/B(1),1993-054B,22780,R/B,D,US,1993-08-30,AFETR,2002-04-05,87.35,22.00,146,140,12.0482,,EA,IMP
DELTA 2 R/B(2) [PAM-D],1993-054C,22781,R/B,D,US,1993-08-30,AFETR,2007-01-18,87.50,34.50,166,136,2.7235,,EA,IMP
METEOR 2-21,1993-055A,22782,PAY,,CIS,1993-08-31,PLMSC,,104.04,82.55,966,933,4.2412,,EA,ORB
TEMISAT,1993-055B,22783,PAY,,IT,1993-08-31,PLMSC,,104.05,82.55,967,933,0.2880,,EA,ORB
SL-14 R/B,1993-055C,22784,R/B,,CIS,1993-08-31,PLMSC,,104.08,82.55,968,935,4.4040,,EA,ORB
ALEXIS DEB,1993-026C,22785,DEB,,US,1993-04-25,AFWTR,,,,,,,NEA,EA,ORB
ALEXIS DEB,1993-026D,22786,DEB,,US,1993-04-25,AFWTR,,,,,,,NEA,EA,ORB
UFO 2 (USA 95),1993-056A,22787,PAY,+,US,1993-09-03,AFETR,,1436.16,11.92,35791,35785,0.0030,,EA,ORB
ATLAS 1 CENTAUR R/B(1),1993-056B,22788,R/B,D,US,1993-09-03,AFETR,2016-03-15,88.02,26.83,201,152,15.9455,,EA,IMP
COSMOS 2262,1993-057A,22789,PAY,D,CIS,1993-09-07,TYMSC,1993-12-28,89.03,64.88,266,188,39.7758,,EA,IMP
SL-4 R/B,1993-057B,22790,R/B,D,CIS,1993-09-07,TYMSC,1993-09-11,87.17,64.89,146,123,10.4000,,EA,IMP
RESURS F-19 DEB,1993-053C,22791,DEB,D,CIS,1993-08-24,PLMSC,1993-09-12,87.69,82.58,168,151,0.2000,,EA,IMP
RESURS F-19 DEB,1993-053D,22792,DEB,D,CIS,1993-08-24,PLMSC,1993-09-24,87.96,82.58,178,169,1.8300,,EA,IMP
RESURS F-19 DEB,1993-053E,22793,DEB,D,CIS,1993-08-24,PLMSC,1993-09-15,87.98,82.58,195,154,1.4900,,EA,IMP
RESURS F-19 DEB,1993-053F,22794,DEB,D,CIS,1993-08-24,PLMSC,1993-09-13,89.76,82.57,323,203,0.0211,,EA,IMP
STS 51,1993-058A,22795,PAY,D,US,1993-09-12,AFETR,1993-09-22,90.25,28.46,307,266,26.0000,,EA,LAN
ACTS,1993-058B,22796,PAY,-,US,1993-09-12,AFETR,,1436.08,14.57,36011,35562,21.9084,,EA,ORB
TOS R/B,1993-058D,22797,R/B,,US,1993-09-12,AFETR,,674.46,15.28,37855,340,8.6207,,EA,ORB
ORFEUS-SPAS,1993-058C,22798,PAY,D,GER,1993-09-12,AFETR,1993-09-22,90.28,28.46,305,272,0.3100,,EA,IMP
STS 51 DEB,1993-058E,22799,DEB,D,US,1993-09-12,AFETR,1993-09-16,89.42,28.46,253,239,0.0800,,EA,IMP
STS 51 DEB,1993-058F,22800,DEB,D,US,1993-09-12,AFETR,1993-09-16,89.75,28.47,280,244,0.1000,,EA,IMP
NOAA 13 DEB,1993-050C,22801,DEB,D,US,1993-08-09,AFWTR,2022-04-08,88.32,98.94,202,181,0.0400,,EA,IMP
COSMOS 2263,1993-059A,22802,PAY,,CIS,1993-09-16,TYMSC,,101.86,70.93,865,829,6.2946,,EA,ORB
SL-16 R/B,1993-059B,22803,R/B,,CIS,1993-09-16,TYMSC,,101.60,70.99,848,821,9.7827,,EA,ORB
SL-16 DEB,1993-059C,22804,DEB,,CIS,1993-09-16,TYMSC,,104.95,70.97,1145,839,0.0880,,EA,ORB
SL-16 DEB,1993-059D,22805,DEB,,CIS,1993-09-16,TYMSC,,105.05,70.97,1152,842,0.0901,,EA,ORB
SL-16 DEB,1993-059E,22806,DEB,,CIS,1993-09-16,TYMSC,,104.81,71.02,1134,837,0.0904,,EA,ORB
SL-16 DEB,1993-059F,22807,DEB,,CIS,1993-09-16,TYMSC,,104.90,71.02,1142,838,0.0848,,EA,ORB
COSMOS 2264,1993-060A,22808,PAY,D,CIS,1993-09-17,TYMSC,1995-08-07,87.24,64.97,150,126,20.0931,,EA,IMP
SL-11 R/B,1993-060B,22809,R/B,D,CIS,1993-09-17,TYMSC,1993-09-17,88.09,64.99,253,106,22.1600,,EA,IMP
M-3S2 DEB,1993-011G,22821,DEB,D,JPN,1993-02-20,KSCUT,1998-09-19,88.19,31.42,186,184,0.0425,,EA,IMP
M-3S2 DEB,1993-011H,22822,DEB,D,JPN,1993-02-20,KSCUT,2000-02-09,87.43,30.87,151,143,0.0450,,EA,IMP
SPOT 3,1993-061A,22823,PAY,-,FR,1993-09-26,FRGUI,,101.40,98.85,838,812,6.3479,,EA,ORB
STELLA,1993-061B,22824,PAY,+,FR,1993-09-26,FRGUI,,100.88,98.77,805,795,0.1700,,EA,ORB
EYESAT A (AO-27),1993-061C,22825,PAY,P,US,1993-09-26,FRGUI,,100.63,98.68,794,783,0.1800,,EA,ORB
ITAMSAT (IO-26),1993-061D,22826,PAY,P,IT,1993-09-26,FRGUI,,100.60,98.68,793,782,0.1624,,EA,ORB
HEALTHSAT 1,1993-061E,22827,PAY,-,US,1993-09-26,FRGUI,,100.52,98.64,789,777,0.4222,,EA,ORB
KITSAT B (KO-25),1993-061F,22828,PAY,-,SKOR,1993-09-26,FRGUI,,100.57,98.68,792,779,0.2617,,EA,ORB
POSAT 1,1993-061G,22829,PAY,-,POR,1993-09-26,FRGUI,,100.56,98.66,792,778,0.3317,,EA,ORB
ARIANE 40 R/B,1993-061H,22830,R/B,,FR,1993-09-26,FRGUI,,100.49,98.48,790,774,9.2640,,EA,ORB
RADUGA 30,1993-062A,22836,PAY,-,CIS,1993-09-30,TYMSC,,1436.26,13.99,35810,35769,0.3100,,EA,ORB
SL-12 R/B(1),1993-062B,22837,R/B,D,CIS,1993-09-30,TYMSC,1993-10-03,87.55,51.65,154,152,17.7200,,EA,IMP
SL-12 PLAT,1993-062C,22838,DEB,D,CIS,1993-09-30,TYMSC,1993-10-01,88.25,51.67,189,187,4.7270,,EA,IMP
SL-12 R/B(2),1993-062D,22839,R/B,,CIS,1993-09-30,TYMSC,,1435.56,13.92,35810,35742,1.9952,,EA,ORB
FSW-1 5,1993-063A,22859,PAY,D,PRC,1993-10-08,JSC,1993-10-28,87.65,56.93,165,151,2.2842,,EA,IMP
CZ-2C R/B,1993-063B,22860,R/B,D,PRC,1993-10-08,JSC,1993-10-22,88.00,56.94,185,166,15.3400,,EA,IMP
CZ-2C DEB,1993-063C,22861,DEB,D,PRC,1993-10-08,JSC,1993-10-12,89.87,56.71,351,185,0.1200,,EA,IMP
CZ-2C DEB,1993-063D,22862,DEB,D,PRC,1993-10-08,JSC,1993-10-11,90.62,56.66,411,199,0.1100,,EA,IMP
CZ-2C DEB,1993-063E,22863,DEB,D,PRC,1993-10-08,JSC,1993-10-11,87.76,57.21,190,137,0.0900,,EA,IMP
CZ-2C DEB,1993-063F,22864,DEB,D,PRC,1993-10-08,JSC,1993-10-10,89.02,57.17,276,176,0.1100,,EA,IMP
CZ-2C DEB,1993-063G,22865,DEB,D,PRC,1993-10-08,JSC,1993-10-09,88.05,56.94,191,164,0.2900,,EA,IMP
PROGRESS-M 20,1993-064A,22867,PAY,D,CIS,1993-10-11,TYMSC,1993-11-21,92.39,51.62,395,388,18.5000,,EA,IMP
SL-4 R/B,1993-064B,22868,R/B,D,CIS,1993-10-11,TYMSC,1993-10-13,87.45,51.64,152,144,18.8000,,EA,IMP
STS 58,1993-065A,22869,PAY,D,US,1993-10-18,AFETR,1993-11-01,89.87,39.02,277,259,65.9000,,EA,LAN
FSW-1 5 CAPSULE,1993-063H,22870,PAY,D,PRC,1993-10-08,JSC,1996-03-12,86.99,56.41,146,104,1.6567,,EA,IMP
INTELSAT 701 (IS-701),1993-066A,22871,PAY,-,ITSO,1993-10-22,FRGUI,,1449.90,10.96,36070,36042,517.4451,,EA,ORB
COSMOS 2265,1993-067A,22875,PAY,D,CIS,1993-10-26,PLMSC,2003-08-11,86.91,82.74,124,119,2.8936,,EA,IMP
SL-8 R/B,1993-067B,22876,R/B,D,CIS,1993-10-26,PLMSC,2000-03-02,87.28,82.83,151,128,12.2037,,EA,IMP
NAVSTAR 35 (USA 96),1993-068A,22877,PAY,-,US,1993-10-26,AFETR,,763.76,55.40,21326,21273,4.7085,,EA,ORB
DELTA 2 R/B(1),1993-068B,22878,R/B,D,US,1993-10-26,AFETR,1999-09-18,87.61,35.06,161,151,12.5368,,EA,IMP
DELTA 2 R/B(2) [PAM-D],1993-068C,22879,R/B,D,US,1993-10-26,AFETR,2004-01-20,88.24,34.71,234,141,3.1555,,EA,IMP
GORIZONT 28,1993-069A,22880,PAY,-,CIS,1993-10-28,TYMSC,,1445.03,14.09,36095,35828,15.8866,,EA,ORB
SL-12 R/B(1),1993-069B,22881,R/B,D,CIS,1993-10-28,TYMSC,1993-10-31,87.49,51.66,155,146,,,EA,IMP
SL-12 PLAT,1993-069C,22882,DEB,D,CIS,1993-10-28,TYMSC,1993-10-29,87.56,51.65,155,152,,,EA,IMP
SL-12 R/B(2),1993-069D,22883,R/B,,CIS,1993-10-28,TYMSC,,1433.11,13.83,35740,35716,3.8860,,EA,ORB
SL-12 R/B(AUX MOTOR),1993-069E,22884,R/B,D,CIS,1993-10-28,TYMSC,1994-05-28,90.91,46.67,550,89,0.4160,,EA,IMP
SL-12 R/B(AUX MOTOR),1993-069F,22885,R/B,D,CIS,1993-10-28,TYMSC,1994-10-08,92.95,46.31,748,90,0.3240,,EA,IMP
COSMOS 2266,1993-070A,22888,PAY,,CIS,1993-11-02,PLMSC,,104.71,82.95,1016,946,1.9284,,EA,ORB
SL-8 R/B,1993-070B,22889,R/B,,CIS,1993-11-02,PLMSC,,104.48,82.95,1006,934,4.3907,,EA,ORB
COSMOS 2267,1993-071A,22904,PAY,D,CIS,1993-11-05,TYMSC,1994-12-28,89.57,70.35,281,226,21.2171,,EA,IMP
SL-4 R/B,1993-071B,22905,R/B,D,CIS,1993-11-05,TYMSC,1993-11-08,87.77,70.39,176,152,,,EA,IMP
ARIANE 44LP R/B,1993-066B,22906,R/B,D,FR,1993-10-22,FRGUI,1994-04-17,102.86,6.70,1678,109,25.2561,,EA,IMP
GORIZONT 29,1993-072A,22907,PAY,-,CIS,1993-11-18,TYMSC,,1438.01,13.96,35868,35780,10.0000,,EA,ORB
SL-12 R/B(1),1993-072B,22908,R/B,D,CIS,1993-11-18,TYMSC,1993-11-21,87.28,51.65,143,136,18.0000,,EA,IMP
SL-12 PLAT,1993-072C,22909,DEB,D,CIS,1993-11-18,TYMSC,1993-11-19,87.87,51.65,170,168,2.9000,,EA,IMP
SL-12 R/B(2),1993-072D,22910,R/B,,CIS,1993-11-18,TYMSC,,1395.86,12.70,35070,34921,2.8666,,EA,ORB
SOLIDARIDAD 1,1993-073A,22911,PAY,-,MEX,1993-11-20,FRGUI,,1436.01,14.40,35821,35748,12.5031,,EA,ORB
METEOSAT-6 (MOP-3),1993-073B,22912,PAY,-,EUME,1993-11-20,FRGUI,,1454.76,14.50,36187,36115,8.2595,,EA,ORB
ARIANE 44LP+ R/B,1993-073C,22913,R/B,,FR,1993-11-20,FRGUI,,108.75,6.74,2121,217,29.7336,,EA,ORB
ARIANE 44LP+ DEB[SPELDA],1993-073D,22914,DEB,D,FR,1993-11-20,FRGUI,1998-07-07,89.93,6.75,418,125,21.0689,,EA,IMP
USA 97,1993-074A,22915,PAY,-,US,1993-11-28,AFETR,,1461.42,13.85,36303,36259,,,EA,ORB
IABS R/B,1993-074B,22916,R/B,,US,1993-11-28,AFETR,,1440.07,13.74,36112,35616,,,EA,ORB
STS 61,1993-075A,22917,PAY,D,US,1993-12-02,AFETR,1993-12-13,96.60,28.47,600,592,,,EA,LAN
NATO 4B,1993-076A,22921,PAY,-,NATO,1993-12-08,AFETR,,1461.65,12.96,36289,36281,14.1741,,EA,ORB
DELTA 2 R/B(1),1993-076B,22922,R/B,D,US,1993-12-08,AFETR,2002-11-18,87.61,22.99,168,144,13.3765,,EA,IMP
DELTA 2 R/B(2),1993-076C,22923,R/B,,US,1993-12-08,AFETR,,642.48,22.93,35792,780,2.9715,,EA,ORB
ATLAS 2 CENTAUR R/B,1993-074C,22924,R/B,D,US,1993-11-28,AFETR,1999-12-05,89.66,25.67,395,120,17.5641,,EA,IMP
SL-12 R/B(AUX MOTOR),1993-072E,22925,R/B,D,CIS,1993-11-18,TYMSC,2001-01-06,90.79,46.51,517,110,0.9251,,EA,IMP
SL-12 R/B(AUX MOTOR),1993-072F,22926,R/B,D,CIS,1993-11-18,TYMSC,1994-07-16,101.37,46.68,1549,97,3.1158,,EA,IMP
TELSTAR 401,1993-077A,22927,PAY,-,US,1993-12-16,AFETR,,1435.88,14.43,35821,35743,21.6972,,EA,ORB
ATLAS 2AS CENTAUR R/B,1993-077B,22928,R/B,D,US,1993-12-16,AFETR,1998-12-17,95.94,23.49,1013,114,22.6692,,EA,IMP
DIRECTV 1 (DBS 1),1993-078A,22930,PAY,-,US,1993-12-18,FRGUI,,1454.71,12.23,36192,36108,12.1006,,EA,ORB
THAICOM 1,1993-078B,22931,PAY,-,THAI,1993-12-18,FRGUI,,1451.83,12.03,36120,36068,1.0000,,EA,ORB
ARIANE 44L+ R/B,1993-078C,22932,R/B,D,FR,1993-12-18,FRGUI,1994-01-27,101.62,4.16,1567,104,24.2300,,EA,IMP
ARIANE 44L+ DEB [SPELDA],1993-078D,22933,DEB,D,FR,1993-12-18,FRGUI,2001-08-04,88.58,3.64,269,139,17.4150,,EA,IMP
MOLNIYA 1-87,1993-079A,22949,PAY,,CIS,1993-12-22,PLMSC,,709.80,64.85,37795,2165,12.1555,,EA,ORB
SL-6 R/B(1),1993-079B,22950,R/B,D,CIS,1993-12-22,PLMSC,1994-01-10,87.82,62.78,181,152,9.4700,,EA,IMP
SL-6 PLAT,1993-079C,22951,DEB,D,CIS,1993-12-22,PLMSC,1994-01-05,87.60,62.78,175,136,,,EA,IMP
SL-6 R/B(2),1993-079D,22952,R/B,,CIS,1993-12-22,PLMSC,,696.01,64.49,36635,2641,7.8297,,EA,ORB
COSMOS 2262 DEB,1993-057C,22953,DEB,D,CIS,1993-09-07,TYMSC,1993-12-30,87.47,64.86,161,138,,,EA,IMP
SL-12 R/B(AUX MOTOR),1993-062E,22955,R/B,D,CIS,1993-09-30,TYMSC,1994-08-15,100.03,46.54,1420,99,0.7364,,EA,IMP
SL-12 R/B(AUX MOTOR),1993-062F,22956,R/B,D,CIS,1993-09-30,TYMSC,1994-05-16,89.83,46.71,453,78,0.1200,,EA,IMP
SL-8 DEB,1993-036C,23007,DEB,,CIS,1993-06-16,PLMSC,,99.40,74.03,738,722,0.0171,,EA,ORB
ARIANE 40 DEB,1993-061J,23107,DEB,D,FR,1993-09-26,FRGUI,2000-10-19,90.43,98.51,314,277,0.1053,,EA,IMP
METEOSAT-6 AKM,1993-073E,23118,R/B,,ESA,1993-11-20,FRGUI,,1440.04,14.18,36144,35583,0.6309,,EA,ORB
SL-16 DEB,1993-059G,23303,DEB,D,CIS,1993-09-16,TYMSC,2024-01-09,90.31,71.06,300,279,0.0038,,EA,IMP
SL-16 DEB,1993-016AH,23304,DEB,D,CIS,1993-03-26,TYMSC,2015-02-12,91.05,70.91,338,314,0.0029,,EA,IMP
COSMOS 2267 DEB,1993-071C,23456,DEB,D,CIS,1993-11-05,TYMSC,1994-12-30,88.51,70.32,238,164,,,EA,IMP
SL-8 DEB,1993-036D,25028,DEB,,CIS,1993-06-16,PLMSC,,99.86,74.04,758,745,0.0174,,EA,ORB
DELTA 2 DEB,1993-032D,25090,DEB,D,US,1993-05-13,AFETR,2009-12-15,90.55,34.61,478,125,0.0100,,EA,IMP
SL-16 DEB,1993-059H,25254,DEB,,CIS,1993-09-16,TYMSC,,101.14,70.98,825,800,0.0340,,EA,ORB
START 1 DEB,1993-014F,25284,DEB,,CIS,1993-03-25,PLMSC,,100.77,75.76,923,667,0.1620,,EA,ORB
SL-16 DEB,1993-059J,25906,DEB,D,CIS,1993-09-16,TYMSC,2000-04-21,93.41,70.94,462,420,0.0004,,EA,IMP
PEGASUS DEB,1993-009D,26051,DEB,D,US,1993-02-09,AFETR,2000-12-29,90.48,24.93,312,283,0.0088,,EA,IMP
DELTA 2 DEB,1993-017E,26967,DEB,,US,1993-03-30,AFETR,,176.61,34.94,7878,221,0.0080,,EA,ORB
SL-16 DEB,1993-016AJ,26968,DEB,,CIS,1993-03-26,TYMSC,,99.73,70.99,750,741,0.0510,,EA,ORB
DELTA 2 DEB,1993-007D,26969,DEB,D,US,1993-02-03,AFETR,2007-04-21,88.76,34.40,305,122,0.0132,,EA,IMP
DELTA 2 DEB,1993-054D,27686,DEB,D,US,1993-08-30,AFETR,2014-03-19,91.34,34.62,547,133,0.0263,,EA,IMP
START 1 DEB,1993-014G,27752,DEB,,CIS,1993-03-25,PLMSC,,100.77,75.76,924,667,0.0175,,EA,ORB
SL-18 DEB,1993-014H,27753,DEB,D,CIS,1993-03-25,PLMSC,2012-09-24,91.67,75.72,367,347,0.0040,,EA,IMP
DELTA 2 DEB,1993-042D,27754,DEB,D,US,1993-06-26,AFETR,2006-12-10,90.88,34.65,501,135,0.0373,,EA,IMP
SL-18 DEB,1993-014J,28281,DEB,D,CIS,1993-03-25,PLMSC,2005-11-08,94.01,75.74,475,467,0.0002,,EA,IMP
SL-18 DEB,1993-014K,28282,DEB,D,CIS,1993-03-25,PLMSC,2015-02-05,92.60,75.81,441,363,0.0086,,EA,IMP
SL-18 DEB,1993-014L,28283,DEB,D,CIS,1993-03-25,PLMSC,2022-09-19,93.38,75.72,462,418,0.0138,,EA,IMP
SL-18 DEB,1993-014M,28284,DEB,D,CIS,1993-03-25,PLMSC,2024-04-18,93.50,75.71,475,417,0.0057,,EA,IMP
SL-18 DEB,1993-014N,28285,DEB,D,CIS,1993-03-25,PLMSC,2011-11-04,91.98,75.72,379,364,0.0127,,EA,IMP
SL-18 DEB,1993-014P,28286,DEB,D,CIS,1993-03-25,PLMSC,2015-02-16,91.49,75.69,360,335,0.0096,,EA,IMP
SL-18 DEB,1993-014Q,28287,DEB,D,CIS,1993-03-25,PLMSC,2007-01-05,95.15,75.74,560,492,0.0086,,EA,IMP
SL-18 DEB,1993-014R,28288,DEB,D,CIS,1993-03-25,PLMSC,2021-06-06,91.37,75.72,348,335,0.0110,,EA,IMP
SL-18 DEB,1993-014S,28289,DEB,D,CIS,1993-03-25,PLMSC,2011-10-03,91.35,75.67,354,327,0.0132,,EA,IMP
SL-18 DEB,1993-014T,28290,DEB,D,CIS,1993-03-25,PLMSC,2023-02-09,94.86,75.73,534,490,0.0089,,EA,IMP
SL-18 DEB,1993-014U,28291,DEB,D,CIS,1993-03-25,PLMSC,2021-07-15,89.93,75.68,289,253,0.0141,,EA,IMP
SL-18 DEB,1993-014V,28292,DEB,,CIS,1993-03-25,PLMSC,,99.50,75.76,827,642,0.0164,,EA,ORB
SL-18 DEB,1993-014W,28845,DEB,D,CIS,1993-03-25,PLMSC,2011-12-03,92.41,75.73,415,371,0.0134,,EA,IMP
SL-18 DEB,1993-014X,28846,DEB,D,CIS,1993-03-25,PLMSC,2012-01-17,93.29,75.71,490,381,0.0071,,EA,IMP
SL-18 DEB,1993-014Y,28847,DEB,D,CIS,1993-03-25,PLMSC,2012-12-22,91.80,75.74,384,342,0.0093,,EA,IMP
SL-18 DEB,1993-014Z,28848,DEB,D,CIS,1993-03-25,PLMSC,2012-08-27,93.41,75.69,455,429,0.0119,,EA,IMP
SL-18 DEB,1993-014AA,28849,DEB,D,CIS,1993-03-25,PLMSC,2010-03-10,94.07,75.71,499,448,0.0002,,EA,IMP
SL-18 DEB,1993-014AB,28950,DEB,D,CIS,1993-03-25,PLMSC,2022-11-19,93.44,75.73,460,426,0.0117,,EA,IMP
SL-18 DEB,1993-014AC,28951,DEB,D,CIS,1993-03-25,PLMSC,2014-04-11,91.67,75.69,391,322,0.0129,,EA,IMP
SL-18 DEB,1993-014AD,28952,DEB,D,CIS,1993-03-25,PLMSC,2013-03-09,92.51,75.70,422,373,0.0135,,EA,IMP
SL-18 DEB,1993-014AE,28953,DEB,D,CIS,1993-03-25,PLMSC,2016-09-26,91.50,75.67,363,334,0.0010,,EA,IMP
SL-18 DEB,1993-014AF,28954,DEB,D,CIS,1993-03-25,PLMSC,2011-10-18,94.92,75.71,546,484,0.0100,,EA,IMP
SL-18 DEB,1993-014AG,28955,DEB,D,CIS,1993-03-25,PLMSC,2023-01-31,95.23,75.73,551,508,0.0115,,EA,IMP
SL-18 DEB,1993-014AH,28956,DEB,D,CIS,1993-03-25,PLMSC,2023-12-28,95.75,75.73,578,532,0.0104,,EA,IMP
SL-18 DEB,1993-014AJ,28957,DEB,D,CIS,1993-03-25,PLMSC,2012-12-31,95.45,75.73,560,521,0.0104,,EA,IMP
SL-18 DEB,1993-014AK,28958,DEB,D,CIS,1993-03-25,PLMSC,2022-10-07,92.60,75.71,422,382,0.0095,,EA,IMP
SL-18 DEB,1993-014AL,28959,DEB,D,CIS,1993-03-25,PLMSC,2014-10-26,93.64,75.75,471,434,0.0042,,EA,IMP
SL-18 DEB,1993-014AM,28960,DEB,D,CIS,1993-03-25,PLMSC,2008-12-24,91.48,75.69,363,332,0.0169,,EA,IMP
SL-18 DEB,1993-014AN,28961,DEB,D,CIS,1993-03-25,PLMSC,2017-10-20,92.59,75.71,424,378,0.0096,,EA,IMP
SL-18 DEB,1993-014AP,28962,DEB,D,CIS,1993-03-25,PLMSC,2012-11-25,93.16,75.73,450,408,0.0085,,EA,IMP
SL-18 DEB,1993-014AQ,28963,DEB,D,CIS,1993-03-25,PLMSC,2015-07-05,95.93,75.73,592,535,0.0096,,EA,IMP
SL-18 DEB,1993-014AR,28964,DEB,D,CIS,1993-03-25,PLMSC,2011-11-27,95.49,75.74,590,494,0.0050,,EA,IMP
SL-18 DEB,1993-014AS,28965,DEB,D,CIS,1993-03-25,PLMSC,2015-12-16,92.90,75.71,427,406,0.0044,,EA,IMP
SL-18 DEB,1993-014AT,28966,DEB,D,CIS,1993-03-25,PLMSC,2012-06-22,92.22,75.74,393,373,0.0068,,EA,IMP
SL-18 DEB,1993-014AU,28967,DEB,D,CIS,1993-03-25,PLMSC,2011-12-13,96.55,75.75,631,555,0.0076,,EA,IMP
SL-18 DEB,1993-014AV,28968,DEB,D,CIS,1993-03-25,PLMSC,2014-06-11,92.25,75.77,401,369,0.0034,,EA,IMP
SL-18 DEB,1993-014AW,29029,DEB,D,CIS,1993-03-25,PLMSC,2022-11-11,95.46,75.73,574,508,0.0090,,EA,IMP
SL-18 DEB,1993-014AX,29030,DEB,D,CIS,1993-03-25,PLMSC,2023-04-14,95.51,75.73,559,528,0.0114,,EA,IMP
SL-18 DEB,1993-014AY,29031,DEB,D,CIS,1993-03-25,PLMSC,2009-04-09,91.72,75.79,429,288,0.0049,,EA,IMP
SL-18 DEB,1993-014AZ,29032,DEB,D,CIS,1993-03-25,PLMSC,2022-06-26,94.91,75.75,536,492,0.0050,,EA,IMP
SL-18 DEB,1993-014BA,29095,DEB,D,CIS,1993-03-25,PLMSC,2012-11-19,96.40,75.75,612,561,0.0086,,EA,IMP
SL-16 DEB,1993-016AK,29096,DEB,D,CIS,1993-03-26,TYMSC,2022-11-29,93.57,70.89,469,430,0.0073,,EA,IMP
SL-16 DEB,1993-016AL,29097,DEB,,CIS,1993-03-26,TYMSC,,103.25,71.01,1003,822,0.0040,,EA,ORB
SL-16 DEB,1993-016AM,29098,DEB,,CIS,1993-03-26,TYMSC,,101.56,70.92,890,775,0.0085,,EA,ORB
SL-16 DEB,1993-016AN,29099,DEB,D,CIS,1993-03-26,TYMSC,2016-03-04,94.64,70.88,511,491,0.0086,,EA,IMP
SL-16 DEB,1993-016AP,29100,DEB,,CIS,1993-03-26,TYMSC,,101.95,70.73,907,796,0.0115,,EA,ORB
SL-16 DEB,1993-016AQ,29101,DEB,D,CIS,1993-03-26,TYMSC,2025-01-26,91.77,70.87,378,345,0.0110,,EA,IMP
SL-16 DEB,1993-016AR,29102,DEB,D,CIS,1993-03-26,TYMSC,2024-09-11,95.57,70.90,558,534,0.0152,,EA,IMP
COSMOS 2251 DEB,1993-036E,33757,DEB,,CIS,1993-06-16,PLMSC,,100.51,74.03,794,772,0.1390,,EA,ORB
COSMOS 2251 DEB,1993-036F,33758,DEB,,CIS,1993-06-16,PLMSC,,99.10,74.03,727,704,0.0756,,EA,ORB
COSMOS 2251 DEB,1993-036G,33759,DEB,D,CIS,1993-06-16,PLMSC,2025-04-10,88.81,73.96,223,208,0.0789,,EA,IMP
COSMOS 2251 DEB,1993-036H,33760,DEB,,CIS,1993-06-16,PLMSC,,100.29,74.03,788,757,0.1019,,EA,ORB
COSMOS 2251 DEB,1993-036J,33761,DEB,,CIS,1993-06-16,PLMSC,,99.78,74.04,764,732,0.0500,,EA,ORB
COSMOS 2251 DEB,1993-036K,33762,DEB,,CIS,1993-06-16,PLMSC,,100.44,74.04,791,768,0.0662,,EA,ORB
COSMOS 2251 DEB,1993-036L,33763,DEB,D,CIS,1993-06-16,PLMSC,2023-11-18,88.38,73.85,204,184,0.0450,,EA,IMP
COSMOS 2251 DEB,1993-036M,33764,DEB,,CIS,1993-06-16,PLMSC,,100.00,74.03,773,744,0.2474,,EA,ORB
COSMOS 2251 DEB,1993-036N,33765,DEB,,CIS,1993-06-16,PLMSC,,94.21,74.00,512,448,0.1108,,EA,ORB
COSMOS 2251 DEB,1993-036P,33766,DEB,,CIS,1993-06-16,PLMSC,,100.30,74.19,818,728,0.2828,,EA,ORB
COSMOS 2251 DEB,1993-036Q,33767,DEB,D,CIS,1993-06-16,PLMSC,2011-02-09,88.75,73.94,217,208,0.0626,,EA,IMP
COSMOS 2251 DEB,1993-036R,33768,DEB,,CIS,1993-06-16,PLMSC,,105.99,74.07,1313,768,0.4411,,EA,ORB
COSMOS 2251 DEB,1993-036S,33769,DEB,D,CIS,1993-06-16,PLMSC,2010-11-17,89.01,73.99,229,222,0.0532,,EA,IMP
COSMOS 2251 DEB,1993-036T,33770,DEB,D,CIS,1993-06-16,PLMSC,2024-09-21,89.65,73.96,270,244,0.0870,,EA,IMP
COSMOS 2251 DEB,1993-036U,33779,DEB,,CIS,1993-06-16,PLMSC,,97.58,74.04,653,632,0.0393,,EA,ORB
COSMOS 2251 DEB,1993-036V,33780,DEB,D,CIS,1993-06-16,PLMSC,2011-04-26,90.24,73.94,310,262,0.0567,,EA,IMP
COSMOS 2251 DEB,1993-036W,33781,DEB,D,CIS,1993-06-16,PLMSC,2014-03-28,88.62,74.13,217,196,0.0520,,EA,IMP
COSMOS 2251 DEB,1993-036X,33782,DEB,,CIS,1993-06-16,PLMSC,,99.93,74.03,770,740,0.0193,,EA,ORB
COSMOS 2251 DEB,1993-036Y,33783,DEB,D,CIS,1993-06-16,PLMSC,2011-05-30,90.41,74.08,319,270,0.0500,,EA,IMP
COSMOS 2251 DEB,1993-036Z,33784,DEB,D,CIS,1993-06-16,PLMSC,2025-07-29,89.30,74.11,250,229,0.1483,,EA,IMP
COSMOS 2251 DEB,1993-036AA,33785,DEB,,CIS,1993-06-16,PLMSC,,97.61,73.86,656,633,0.0862,,EA,ORB
COSMOS 2251 DEB,1993-036AB,33786,DEB,D,CIS,1993-06-16,PLMSC,2015-02-27,87.66,73.89,166,152,0.0536,,EA,IMP
COSMOS 2251 DEB,1993-036AC,33787,DEB,D,CIS,1993-06-16,PLMSC,2009-05-25,89.14,74.12,258,207,0.0997,,EA,IMP
COSMOS 2251 DEB,1993-036AD,33788,DEB,D,CIS,1993-06-16,PLMSC,2009-05-24,89.06,73.86,247,209,0.0851,,EA,IMP
COSMOS 2251 DEB,1993-036AE,33789,DEB,,CIS,1993-06-16,PLMSC,,103.66,74.06,1107,756,0.1247,,EA,ORB
COSMOS 2251 DEB,1993-036AF,33790,DEB,D,CIS,1993-06-16,PLMSC,2015-09-24,88.28,73.85,199,180,0.0870,,EA,IMP
COSMOS 2251 DEB,1993-036AG,33791,DEB,,CIS,1993-06-16,PLMSC,,99.71,74.17,765,725,0.1760,,EA,ORB
COSMOS 2251 DEB,1993-036AH,33792,DEB,,CIS,1993-06-16,PLMSC,,106.97,73.90,1408,764,0.1180,,EA,ORB
COSMOS 2251 DEB,1993-036AJ,33793,DEB,,CIS,1993-06-16,PLMSC,,100.81,73.98,853,741,0.0320,,EA,ORB
COSMOS 2251 DEB,1993-036AK,33794,DEB,D,CIS,1993-06-16,PLMSC,2009-06-30,88.24,73.71,205,169,0.0700,,EA,IMP
COSMOS 2251 DEB,1993-036AL,33795,DEB,,CIS,1993-06-16,PLMSC,,94.88,74.04,534,492,0.0696,,EA,ORB
COSMOS 2251 DEB,1993-036AM,33796,DEB,D,CIS,1993-06-16,PLMSC,2023-02-18,92.89,73.96,442,390,0.0909,,EA,IMP
COSMOS 2251 DEB,1993-036AN,33797,DEB,,CIS,1993-06-16,PLMSC,,98.71,74.04,742,652,0.1140,,EA,ORB
COSMOS 2251 DEB,1993-036AP,33798,DEB,,CIS,1993-06-16,PLMSC,,99.66,74.03,807,678,0.0460,,EA,ORB
COSMOS 2251 DEB,1993-036AQ,33799,DEB,,CIS,1993-06-16,PLMSC,,96.90,74.03,628,592,0.0340,,EA,ORB
COSMOS 2251 DEB,1993-036AR,33800,DEB,D,CIS,1993-06-16,PLMSC,2010-05-23,88.00,74.07,180,171,0.0786,,EA,IMP
COSMOS 2251 DEB,1993-036AS,33801,DEB,D,CIS,1993-06-16,PLMSC,2011-11-16,88.64,73.93,222,193,0.0410,,EA,IMP
COSMOS 2251 DEB,1993-036AT,33802,DEB,D,CIS,1993-06-16,PLMSC,2014-03-12,88.65,73.84,211,205,0.0513,,EA,IMP
COSMOS 2251 DEB,1993-036AU,33803,DEB,D,CIS,1993-06-16,PLMSC,2012-01-03,89.02,74.04,237,215,0.0683,,EA,IMP
COSMOS 2251 DEB,1993-036AV,33804,DEB,D,CIS,1993-06-16,PLMSC,2023-11-24,88.30,73.97,197,183,0.0360,,EA,IMP
COSMOS 2251 DEB,1993-036AW,33805,DEB,,CIS,1993-06-16,PLMSC,,98.74,74.03,742,655,0.0993,,EA,ORB
COSMOS 2251 DEB,1993-036AX,33806,DEB,D,CIS,1993-06-16,PLMSC,2024-06-18,88.26,74.01,201,176,0.0840,,EA,IMP
COSMOS 2251 DEB,1993-036AY,33807,DEB,D,CIS,1993-06-16,PLMSC,2011-11-14,88.09,73.98,196,164,0.0502,,EA,IMP
COSMOS 2251 DEB,1993-036AZ,33808,DEB,D,CIS,1993-06-16,PLMSC,2010-03-03,89.07,74.05,237,220,0.1025,,EA,IMP
COSMOS 2251 DEB,1993-036BA,33809,DEB,D,CIS,1993-06-16,PLMSC,2012-11-08,88.01,74.13,180,172,0.0871,,EA,IMP
COSMOS 2251 DEB,1993-036BB,33810,DEB,D,CIS,1993-06-16,PLMSC,2014-06-27,89.76,73.95,288,237,0.0240,,EA,IMP
COSMOS 2251 DEB,1993-036BC,33811,DEB,,CIS,1993-06-16,PLMSC,,95.01,73.82,541,497,0.1502,,EA,ORB
COSMOS 2251 DEB,1993-036BD,33812,DEB,D,CIS,1993-06-16,PLMSC,2022-07-08,88.55,73.94,212,193,0.0280,,EA,IMP
COSMOS 2251 DEB,1993-036BE,33813,DEB,D,CIS,1993-06-16,PLMSC,2025-10-31,88.61,73.99,212,200,0.0090,,EA,IMP
COSMOS 2251 DEB,1993-036BF,33814,DEB,D,CIS,1993-06-16,PLMSC,2011-12-16,89.17,74.11,251,215,0.0250,,EA,IMP
COSMOS 2251 DEB,1993-036BG,33815,DEB,D,CIS,1993-06-16,PLMSC,2026-02-24,90.68,73.92,319,296,0.0440,,EA,IMP
COSMOS 2251 DEB,1993-036BH,33816,DEB,,CIS,1993-06-16,PLMSC,,104.19,73.89,1151,762,0.0588,,EA,ORB
COSMOS 2251 DEB,1993-036BJ,33817,DEB,D,CIS,1993-06-16,PLMSC,2025-02-18,88.53,73.98,205,198,0.0310,,EA,IMP
COSMOS 2251 DEB,1993-036BK,33818,DEB,,CIS,1993-06-16,PLMSC,,93.21,74.07,437,426,0.0530,,EA,ORB
COSMOS 2251 DEB,1993-036BL,33819,DEB,,CIS,1993-06-16,PLMSC,,100.49,74.18,845,718,0.0946,,EA,ORB
COSMOS 2251 DEB,1993-036BM,33820,DEB,D,CIS,1993-06-16,PLMSC,2012-03-19,87.84,74.06,182,154,0.0480,,EA,IMP
COSMOS 2251 DEB,1993-036BN,33821,DEB,,CIS,1993-06-16,PLMSC,,93.35,74.03,463,414,0.0560,,EA,ORB
COSMOS 2251 DEB,1993-036BP,33822,DEB,,CIS,1993-06-16,PLMSC,,101.81,74.07,954,735,0.0376,,EA,ORB
COSMOS 2251 DEB,1993-036BQ,33823,DEB,,CIS,1993-06-16,PLMSC,,102.90,73.81,1047,745,0.0380,,EA,ORB
COSMOS 2251 DEB,1993-036BR,33824,DEB,D,CIS,1993-06-16,PLMSC,2024-12-19,88.79,73.96,224,205,0.0891,,EA,IMP
COSMOS 2251 DEB,1993-036BS,33825,DEB,,CIS,1993-06-16,PLMSC,,97.73,73.98,703,597,0.0783,,EA,ORB
COSMOS 2251 DEB,1993-036BT,33826,DEB,,CIS,1993-06-16,PLMSC,,98.99,74.06,770,651,0.1012,,EA,ORB
COSMOS 2251 DEB,1993-036BU,33827,DEB,D,CIS,1993-06-16,PLMSC,2013-12-05,88.45,73.89,201,195,0.0833,,EA,IMP
COSMOS 2251 DEB,1993-036BV,33828,DEB,,CIS,1993-06-16,PLMSC,,99.65,74.05,762,722,0.0970,,EA,ORB
COSMOS 2251 DEB,1993-036BW,33829,DEB,D,CIS,1993-06-16,PLMSC,2009-09-27,91.90,74.09,410,325,0.0477,,EA,IMP
COSMOS 2251 DEB,1993-036BX,33830,DEB,,CIS,1993-06-16,PLMSC,,97.33,74.03,660,602,0.1310,,EA,ORB
COSMOS 2251 DEB,1993-036BY,33831,DEB,D,CIS,1993-06-16,PLMSC,2014-12-26,90.54,73.98,314,288,0.0489,,EA,IMP
COSMOS 2251 DEB,1993-036BZ,33832,DEB,,CIS,1993-06-16,PLMSC,,98.39,74.05,698,666,0.0181,,EA,ORB
COSMOS 2251 DEB,1993-036CA,33833,DEB,D,CIS,1993-06-16,PLMSC,2009-07-27,88.51,73.83,216,185,0.0675,,EA,IMP
COSMOS 2251 DEB,1993-036CB,33834,DEB,D,CIS,1993-06-16,PLMSC,2025-05-11,88.40,74.01,208,183,0.0220,,EA,IMP
COSMOS 2251 DEB,1993-036CC,33835,DEB,,CIS,1993-06-16,PLMSC,,98.34,74.06,719,640,0.0260,,EA,ORB
COSMOS 2251 DEB,1993-036CD,33836,DEB,,CIS,1993-06-16,PLMSC,,97.05,74.00,634,601,0.0320,,EA,ORB
COSMOS 2251 DEB,1993-036CE,33837,DEB,,CIS,1993-06-16,PLMSC,,99.23,74.01,745,699,0.0320,,EA,ORB
COSMOS 2251 DEB,1993-036CF,33838,DEB,,CIS,1993-06-16,PLMSC,,99.38,74.04,747,710,0.0949,,EA,ORB
COSMOS 2251 DEB,1993-036CG,33839,DEB,,CIS,1993-06-16,PLMSC,,98.29,74.04,736,618,0.0253,,EA,ORB
COSMOS 2251 DEB,1993-036CH,33840,DEB,D,CIS,1993-06-16,PLMSC,2013-08-25,88.12,73.91,211,152,0.0570,,EA,IMP
COSMOS 2251 DEB,1993-036CJ,33841,DEB,,CIS,1993-06-16,PLMSC,,100.13,74.04,780,749,0.0507,,EA,ORB
COSMOS 2251 DEB,1993-036CK,33842,DEB,,CIS,1993-06-16,PLMSC,,99.78,74.03,781,715,0.0540,,EA,ORB
COSMOS 2251 DEB,1993-036CL,33843,DEB,D,CIS,1993-06-16,PLMSC,2025-01-15,87.96,73.92,181,166,0.1793,,EA,IMP
COSMOS 2251 DEB,1993-036CM,33844,DEB,,CIS,1993-06-16,PLMSC,,100.40,74.07,813,742,0.0569,,EA,ORB
COSMOS 2251 DEB,1993-036CN,33845,DEB,D,CIS,1993-06-16,PLMSC,2022-10-12,90.32,74.01,307,273,0.0880,,EA,IMP
COSMOS 2251 DEB,1993-036CP,33846,DEB,D,CIS,1993-06-16,PLMSC,2012-11-14,90.67,73.93,325,290,0.0887,,EA,IMP
COSMOS 2251 DEB,1993-036CQ,33847,DEB,D,CIS,1993-06-16,PLMSC,2013-03-18,90.06,73.96,302,252,0.0738,,EA,IMP
COSMOS 2251 DEB,1993-036CR,33848,DEB,,CIS,1993-06-16,PLMSC,,99.61,74.03,772,708,0.1012,,EA,ORB
COSMOS 2251 DEB,1993-036CS,33889,DEB,D,CIS,1993-06-16,PLMSC,2022-02-13,88.48,74.05,208,191,0.0161,,EA,IMP
COSMOS 2251 DEB,1993-036CT,33890,DEB,D,CIS,1993-06-16,PLMSC,2025-07-09,89.56,73.96,266,240,0.0310,,EA,IMP
COSMOS 2251 DEB,1993-036CU,33891,DEB,D,CIS,1993-06-16,PLMSC,2012-03-12,89.27,74.00,256,222,0.0208,,EA,IMP
COSMOS 2251 DEB,1993-036CV,33892,DEB,,CIS,1993-06-16,PLMSC,,101.12,73.80,894,730,0.0175,,EA,ORB
COSMOS 2251 DEB,1993-036CW,33893,DEB,D,CIS,1993-06-16,PLMSC,2023-10-01,89.02,73.97,242,210,0.0480,,EA,IMP
COSMOS 2251 DEB,1993-036CX,33894,DEB,,CIS,1993-06-16,PLMSC,,108.93,73.77,1608,747,0.0463,,EA,ORB
COSMOS 2251 DEB,1993-036CY,33895,DEB,D,CIS,1993-06-16,PLMSC,2011-07-21,88.79,73.72,226,203,0.0350,,EA,IMP
COSMOS 2251 DEB,1993-036CZ,33896,DEB,,CIS,1993-06-16,PLMSC,,101.43,73.77,916,737,0.0270,,EA,ORB
COSMOS 2251 DEB,1993-036DA,33897,DEB,D,CIS,1993-06-16,PLMSC,2013-04-08,88.02,73.74,179,173,0.0652,,EA,IMP
COSMOS 2251 DEB,1993-036DB,33898,DEB,D,CIS,1993-06-16,PLMSC,2009-05-22,88.58,73.76,223,185,0.0695,,EA,IMP
COSMOS 2251 DEB,1993-036DC,33899,DEB,,CIS,1993-06-16,PLMSC,,98.43,74.05,724,643,0.0320,,EA,ORB
COSMOS 2251 DEB,1993-036DD,33900,DEB,,CIS,1993-06-16,PLMSC,,98.68,74.02,730,661,0.0830,,EA,ORB
COSMOS 2251 DEB,1993-036DE,33901,DEB,D,CIS,1993-06-16,PLMSC,2026-07-29,88.83,73.73,228,205,0.0584,,EA,IMP
COSMOS 2251 DEB,1993-036DF,33902,DEB,D,CIS,1993-06-16,PLMSC,2014-07-25,88.99,73.96,244,205,0.0158,,EA,IMP
COSMOS 2251 DEB,1993-036DG,33903,DEB,D,CIS,1993-06-16,PLMSC,2016-08-16,88.83,73.98,226,207,0.0128,,EA,IMP
COSMOS 2251 DEB,1993-036DH,33904,DEB,D,CIS,1993-06-16,PLMSC,2014-04-23,89.79,73.97,283,245,0.0133,,EA,IMP
COSMOS 2251 DEB,1993-036DJ,33905,DEB,,CIS,1993-06-16,PLMSC,,100.27,73.88,811,732,0.0250,,EA,ORB
COSMOS 2251 DEB,1993-036DK,33906,DEB,,CIS,1993-06-16,PLMSC,,98.59,74.03,715,667,0.0570,,EA,ORB
COSMOS 2251 DEB,1993-036DL,33907,DEB,,CIS,1993-06-16,PLMSC,,100.48,74.07,865,697,0.0195,,EA,ORB
COSMOS 2251 DEB,1993-036DM,33908,DEB,,CIS,1993-06-16,PLMSC,,102.20,73.84,1021,704,0.0169,,EA,ORB
COSMOS 2251 DEB,1993-036DN,33909,DEB,D,CIS,1993-06-16,PLMSC,2021-07-02,90.08,74.00,293,263,0.0370,,EA,IMP
COSMOS 2251 DEB,1993-036DP,33910,DEB,D,CIS,1993-06-16,PLMSC,2015-06-02,89.13,74.00,245,218,0.0190,,EA,IMP
COSMOS 2251 DEB,1993-036DQ,33911,DEB,,CIS,1993-06-16,PLMSC,,97.25,74.09,634,620,0.0162,,EA,ORB
COSMOS 2251 DEB,1993-036DR,33912,DEB,,CIS,1993-06-16,PLMSC,,99.09,74.03,723,708,0.0390,,EA,ORB
COSMOS 2251 DEB,1993-036DS,33913,DEB,,CIS,1993-06-16,PLMSC,,99.35,74.03,761,694,0.0637,,EA,ORB
COSMOS 2251 DEB,1993-036DT,33914,DEB,,CIS,1993-06-16,PLMSC,,104.94,74.09,1216,767,0.2025,,EA,ORB
COSMOS 2251 DEB,1993-036DU,33915,DEB,,CIS,1993-06-16,PLMSC,,100.30,74.04,849,696,0.0393,,EA,ORB
COSMOS 2251 DEB,1993-036DV,33916,DEB,,CIS,1993-06-16,PLMSC,,105.20,74.05,1243,765,0.1116,,EA,ORB
COSMOS 2251 DEB,1993-036DW,33917,DEB,,CIS,1993-06-16,PLMSC,,105.11,74.10,1246,754,0.0865,,EA,ORB
COSMOS 2251 DEB,1993-036DX,33918,DEB,D,CIS,1993-06-16,PLMSC,2023-11-13,88.78,73.99,226,202,0.0360,,EA,IMP
COSMOS 2251 DEB,1993-036DY,33919,DEB,D,CIS,1993-06-16,PLMSC,2025-01-24,88.50,73.98,210,191,0.0280,,EA,IMP
COSMOS 2251 DEB,1993-036DZ,33920,DEB,,CIS,1993-06-16,PLMSC,,98.52,74.06,710,666,0.0188,,EA,ORB
COSMOS 2251 DEB,1993-036EA,33921,DEB,D,CIS,1993-06-16,PLMSC,2022-06-13,91.81,73.96,370,357,0.0182,,EA,IMP
COSMOS 2251 DEB,1993-036EB,33922,DEB,,CIS,1993-06-16,PLMSC,,99.30,74.05,741,709,0.0400,,EA,ORB
COSMOS 2251 DEB,1993-036EC,33923,DEB,D,CIS,1993-06-16,PLMSC,2013-11-17,90.70,74.03,327,290,0.0880,,EA,IMP
COSMOS 2251 DEB,1993-036ED,33924,DEB,,CIS,1993-06-16,PLMSC,,106.63,73.91,1370,770,0.1440,,EA,ORB
COSMOS 2251 DEB,1993-036EE,33925,DEB,D,CIS,1993-06-16,PLMSC,2011-11-16,90.73,74.04,336,285,0.0585,,EA,IMP
COSMOS 2251 DEB,1993-036EF,33926,DEB,D,CIS,1993-06-16,PLMSC,2014-03-20,90.69,73.97,315,303,0.0370,,EA,IMP
COSMOS 2251 DEB,1993-036EG,33927,DEB,D,CIS,1993-06-16,PLMSC,2011-10-07,90.72,73.90,335,284,0.0250,,EA,IMP
COSMOS 2251 DEB,1993-036EH,33928,DEB,,CIS,1993-06-16,PLMSC,,99.46,73.93,775,690,0.0220,,EA,ORB
COSMOS 2251 DEB,1993-036EJ,33929,DEB,D,CIS,1993-06-16,PLMSC,2023-12-17,89.55,73.96,255,249,0.0250,,EA,IMP
COSMOS 2251 DEB,1993-036EK,33930,DEB,D,CIS,1993-06-16,PLMSC,2025-04-09,89.85,73.98,282,252,0.0730,,EA,IMP
COSMOS 2251 DEB,1993-036EL,33931,DEB,D,CIS,1993-06-16,PLMSC,2025-10-11,88.96,73.96,230,216,0.0983,,EA,IMP
COSMOS 2251 DEB,1993-036EM,33932,DEB,,CIS,1993-06-16,PLMSC,,100.05,74.03,788,734,0.0959,,EA,ORB
COSMOS 2251 DEB,1993-036EN,33933,DEB,,CIS,1993-06-16,PLMSC,,100.42,74.09,831,727,0.0320,,EA,ORB
COSMOS 2251 DEB,1993-036EP,33934,DEB,,CIS,1993-06-16,PLMSC,,98.58,74.04,702,679,0.1102,,EA,ORB
COSMOS 2251 DEB,1993-036EQ,33935,DEB,D,CIS,1993-06-16,PLMSC,2024-12-07,88.34,73.92,199,186,0.0641,,EA,IMP
COSMOS 2251 DEB,1993-036ER,33936,DEB,,CIS,1993-06-16,PLMSC,,98.52,74.02,708,668,0.0780,,EA,ORB
COSMOS 2251 DEB,1993-036ES,33937,DEB,D,CIS,1993-06-16,PLMSC,2013-07-01,88.78,73.67,229,199,0.0480,,EA,IMP
COSMOS 2251 DEB,1993-036ET,33938,DEB,,CIS,1993-06-16,PLMSC,,99.48,74.04,745,722,0.0660,,EA,ORB
COSMOS 2251 DEB,1993-036EU,33939,DEB,,CIS,1993-06-16,PLMSC,,93.55,73.99,457,439,0.0370,,EA,ORB
COSMOS 2251 DEB,1993-036EV,33940,DEB,,CIS,1993-06-16,PLMSC,,98.58,74.04,699,683,0.0180,,EA,ORB
COSMOS 2251 DEB,1993-036EW,33941,DEB,D,CIS,1993-06-16,PLMSC,2020-07-25,88.04,73.93,188,166,0.0430,,EA,IMP
COSMOS 2251 DEB,1993-036EX,33942,DEB,,CIS,1993-06-16,PLMSC,,100.12,74.04,779,749,0.1861,,EA,ORB
COSMOS 2251 DEB,1993-036EY,33943,DEB,D,CIS,1993-06-16,PLMSC,2011-05-16,91.58,73.95,386,318,0.0354,,EA,IMP
COSMOS 2251 DEB,1993-036EZ,33944,DEB,,CIS,1993-06-16,PLMSC,,100.16,74.04,848,684,0.0633,,EA,ORB
COSMOS 2251 DEB,1993-036FA,33945,DEB,,CIS,1993-06-16,PLMSC,,100.37,74.03,793,759,0.1000,,EA,ORB
COSMOS 2251 DEB,1993-036FB,33946,DEB,D,CIS,1993-06-16,PLMSC,2012-03-02,89.74,73.83,273,250,0.0435,,EA,IMP
COSMOS 2251 DEB,1993-036FC,33947,DEB,D,CIS,1993-06-16,PLMSC,2015-03-24,88.65,73.89,214,201,0.0790,,EA,IMP
COSMOS 2251 DEB,1993-036FD,33948,DEB,,CIS,1993-06-16,PLMSC,,100.29,74.03,790,755,0.0320,,EA,ORB
COSMOS 2251 DEB,1993-036FE,33971,DEB,,CIS,1993-06-16,PLMSC,,99.99,74.03,772,744,0.0821,,EA,ORB
COSMOS 2251 DEB,1993-036FF,33972,DEB,,CIS,1993-06-16,PLMSC,,100.10,73.99,850,677,0.0130,,EA,ORB
COSMOS 2251 DEB,1993-036FG,33973,DEB,,CIS,1993-06-16,PLMSC,,99.61,74.01,772,708,0.0543,,EA,ORB
COSMOS 2251 DEB,1993-036FH,33974,DEB,D,CIS,1993-06-16,PLMSC,2015-05-11,90.13,73.92,300,262,0.0122,,EA,IMP
COSMOS 2251 DEB,1993-036FJ,33975,DEB,,CIS,1993-06-16,PLMSC,,102.79,73.80,1029,753,0.0420,,EA,ORB
COSMOS 2251 DEB,1993-036FK,33976,DEB,D,CIS,1993-06-16,PLMSC,2015-02-10,88.47,73.74,204,194,0.0300,,EA,IMP
COSMOS 2251 DEB,1993-036FL,33977,DEB,D,CIS,1993-06-16,PLMSC,2010-11-01,88.19,73.71,197,173,0.0407,,EA,IMP
COSMOS 2251 DEB,1993-036FM,33978,DEB,D,CIS,1993-06-16,PLMSC,2010-05-12,89.08,73.81,261,197,0.0530,,EA,IMP
COSMOS 2251 DEB,1993-036FN,33979,DEB,D,CIS,1993-06-16,PLMSC,2009-05-03,89.32,73.72,286,195,0.0345,,EA,IMP
COSMOS 2251 DEB,1993-036FP,33980,DEB,,CIS,1993-06-16,PLMSC,,98.63,74.02,714,673,0.0740,,EA,ORB
COSMOS 2251 DEB,1993-036FQ,33981,DEB,D,CIS,1993-06-16,PLMSC,2024-03-31,87.97,73.78,182,166,0.0750,,EA,IMP
COSMOS 2251 DEB,1993-036FR,33982,DEB,,CIS,1993-06-16,PLMSC,,98.55,74.07,742,636,0.0380,,EA,ORB
COSMOS 2251 DEB,1993-036FS,33983,DEB,,CIS,1993-06-16,PLMSC,,99.21,74.05,735,706,0.0670,,EA,ORB
COSMOS 2251 DEB,1993-036FT,33984,DEB,,CIS,1993-06-16,PLMSC,,98.07,74.01,683,650,0.0570,,EA,ORB
COSMOS 2251 DEB,1993-036FU,33985,DEB,D,CIS,1993-06-16,PLMSC,2011-04-22,90.09,73.92,298,259,0.0180,,EA,IMP
COSMOS 2251 DEB,1993-036FV,33986,DEB,,CIS,1993-06-16,PLMSC,,99.71,74.03,775,715,0.0330,,EA,ORB
COSMOS 2251 DEB,1993-036FW,33987,DEB,D,CIS,1993-06-16,PLMSC,2013-04-03,87.88,73.86,174,165,0.0228,,EA,IMP
COSMOS 2251 DEB,1993-036FX,33988,DEB,D,CIS,1993-06-16,PLMSC,2012-02-27,88.16,73.91,191,176,0.0410,,EA,IMP
COSMOS 2251 DEB,1993-036FY,33989,DEB,D,CIS,1993-06-16,PLMSC,2025-01-03,90.46,73.98,311,282,0.0410,,EA,IMP
COSMOS 2251 DEB,1993-036FZ,33990,DEB,,CIS,1993-06-16,PLMSC,,106.64,73.92,1373,769,0.1610,,EA,ORB
COSMOS 2251 DEB,1993-036GA,33991,DEB,D,CIS,1993-06-16,PLMSC,2014-12-11,88.17,73.95,200,168,0.0370,,EA,IMP
COSMOS 2251 DEB,1993-036GB,33992,DEB,,CIS,1993-06-16,PLMSC,,98.09,74.02,706,629,0.0510,,EA,ORB
COSMOS 2251 DEB,1993-036GC,33993,DEB,D,CIS,1993-06-16,PLMSC,2024-06-28,89.68,73.95,277,240,0.0200,,EA,IMP
COSMOS 2251 DEB,1993-036GD,33994,DEB,,CIS,1993-06-16,PLMSC,,99.91,74.04,770,738,0.0897,,EA,ORB
COSMOS 2251 DEB,1993-036GE,33995,DEB,,CIS,1993-06-16,PLMSC,,100.29,74.06,816,729,0.0490,,EA,ORB
COSMOS 2251 DEB,1993-036GF,33996,DEB,D,CIS,1993-06-16,PLMSC,2023-02-09,91.39,74.07,354,331,0.0169,,EA,IMP
COSMOS 2251 DEB,1993-036GG,33997,DEB,D,CIS,1993-06-16,PLMSC,2013-04-01,90.69,73.97,329,288,0.0075,,EA,IMP
COSMOS 2251 DEB,1993-036GH,33998,DEB,D,CIS,1993-06-16,PLMSC,2009-06-04,90.55,74.23,345,258,0.0530,,EA,IMP
COSMOS 2251 DEB,1993-036GJ,33999,DEB,,CIS,1993-06-16,PLMSC,,96.71,73.91,629,573,0.0500,,EA,ORB
COSMOS 2251 DEB,1993-036GK,34000,DEB,D,CIS,1993-06-16,PLMSC,2024-10-26,90.50,74.00,307,290,0.0132,,EA,IMP
COSMOS 2251 DEB,1993-036GL,34001,DEB,,CIS,1993-06-16,PLMSC,,100.19,74.04,782,752,0.0390,,EA,ORB
COSMOS 2251 DEB,1993-036GM,34002,DEB,D,CIS,1993-06-16,PLMSC,2014-01-20,88.89,73.97,233,207,0.0139,,EA,IMP
COSMOS 2251 DEB,1993-036GN,34003,DEB,,CIS,1993-06-16,PLMSC,,103.97,74.07,1150,742,0.0182,,EA,ORB
COSMOS 2251 DEB,1993-036GP,34004,DEB,,CIS,1993-06-16,PLMSC,,99.25,74.03,744,702,0.0680,,EA,ORB
COSMOS 2251 DEB,1993-036GQ,34005,DEB,,CIS,1993-06-16,PLMSC,,99.97,74.04,771,742,0.0710,,EA,ORB
COSMOS 2251 DEB,1993-036GR,34006,DEB,,CIS,1993-06-16,PLMSC,,94.71,74.06,505,504,0.0253,,EA,ORB
COSMOS 2251 DEB,1993-036GS,34007,DEB,,CIS,1993-06-16,PLMSC,,98.20,74.02,706,639,0.0212,,EA,ORB
COSMOS 2251 DEB,1993-036GT,34008,DEB,,CIS,1993-06-16,PLMSC,,100.47,74.03,797,764,0.0731,,EA,ORB
COSMOS 2251 DEB,1993-036GU,34009,DEB,,CIS,1993-06-16,PLMSC,,100.46,74.03,801,760,0.0710,,EA,ORB
COSMOS 2251 DEB,1993-036GV,34010,DEB,D,CIS,1993-06-16,PLMSC,2026-04-16,89.61,73.97,268,242,0.0391,,EA,IMP
COSMOS 2251 DEB,1993-036GW,34011,DEB,,CIS,1993-06-16,PLMSC,,99.80,74.01,778,720,0.0410,,EA,ORB
COSMOS 2251 DEB,1993-036GX,34012,DEB,D,CIS,1993-06-16,PLMSC,2023-04-02,90.69,73.96,314,302,0.0115,,EA,IMP
COSMOS 2251 DEB,1993-036GY,34013,DEB,D,CIS,1993-06-16,PLMSC,2023-05-09,91.04,73.98,336,315,0.0093,,EA,IMP
COSMOS 2251 DEB,1993-036GZ,34014,DEB,,CIS,1993-06-16,PLMSC,,97.58,74.02,671,615,0.0388,,EA,ORB
COSMOS 2251 DEB,1993-036HA,34015,DEB,,CIS,1993-06-16,PLMSC,,98.50,74.02,702,672,0.0867,,EA,ORB
COSMOS 2251 DEB,1993-036HB,34016,DEB,D,CIS,1993-06-16,PLMSC,2013-09-15,88.59,73.91,209,200,0.0410,,EA,IMP
COSMOS 2251 DEB,1993-036HC,34017,DEB,D,CIS,1993-06-16,PLMSC,2021-09-15,89.08,73.94,241,217,0.0175,,EA,IMP
COSMOS 2251 DEB,1993-036HD,34018,DEB,,CIS,1993-06-16,PLMSC,,104.25,73.88,1154,764,0.0371,,EA,ORB
COSMOS 2251 DEB,1993-036HE,34019,DEB,,CIS,1993-06-16,PLMSC,,100.36,73.95,819,733,0.0270,,EA,ORB
COSMOS 2251 DEB,1993-036HF,34020,DEB,D,CIS,1993-06-16,PLMSC,2024-01-05,89.58,73.96,259,248,0.0590,,EA,IMP
COSMOS 2251 DEB,1993-036HG,34021,DEB,,CIS,1993-06-16,PLMSC,,99.27,74.04,737,710,0.0236,,EA,ORB
COSMOS 2251 DEB,1993-036HH,34022,DEB,,CIS,1993-06-16,PLMSC,,100.05,74.05,777,745,0.0489,,EA,ORB
COSMOS 2251 DEB,1993-036HJ,34023,DEB,,CIS,1993-06-16,PLMSC,,99.93,74.03,769,742,0.0310,,EA,ORB
COSMOS 2251 DEB,1993-036HK,34024,DEB,,CIS,1993-06-16,PLMSC,,100.30,74.04,789,757,0.0817,,EA,ORB
COSMOS 2251 DEB,1993-036HL,34025,DEB,D,CIS,1993-06-16,PLMSC,2010-12-03,89.13,74.02,248,216,0.0380,,EA,IMP
COSMOS 2251 DEB,1993-036HM,34026,DEB,,CIS,1993-06-16,PLMSC,,105.44,73.77,1270,760,0.0330,,EA,ORB
COSMOS 2251 DEB,1993-036HN,34027,DEB,D,CIS,1993-06-16,PLMSC,2011-12-23,88.97,74.04,236,211,0.0378,,EA,IMP
COSMOS 2251 DEB,1993-036HP,34028,DEB,,CIS,1993-06-16,PLMSC,,109.02,73.88,1593,770,0.0678,,EA,ORB
COSMOS 2251 DEB,1993-036HQ,34029,DEB,D,CIS,1993-06-16,PLMSC,2023-09-18,89.00,73.90,240,210,0.0315,,EA,IMP
COSMOS 2251 DEB,1993-036HR,34030,DEB,D,CIS,1993-06-16,PLMSC,2022-07-19,88.10,73.91,192,169,0.0290,,EA,IMP
COSMOS 2251 DEB,1993-036HS,34031,DEB,,CIS,1993-06-16,PLMSC,,98.50,74.01,703,671,0.0172,,EA,ORB
COSMOS 2251 DEB,1993-036HT,34032,DEB,D,CIS,1993-06-16,PLMSC,2025-02-18,90.43,73.98,307,284,0.0307,,EA,IMP
COSMOS 2251 DEB,1993-036HU,34033,DEB,D,CIS,1993-06-16,PLMSC,2025-02-27,90.67,73.94,320,295,0.0270,,EA,IMP
COSMOS 2251 DEB,1993-036HV,34034,DEB,D,CIS,1993-06-16,PLMSC,2010-04-27,87.75,73.87,179,147,0.0194,,EA,IMP
COSMOS 2251 DEB,1993-036HW,34035,DEB,,CIS,1993-06-16,PLMSC,,99.00,74.06,740,682,0.0194,,EA,ORB
COSMOS 2251 DEB,1993-036HX,34036,DEB,,CIS,1993-06-16,PLMSC,,94.60,74.00,507,491,0.0161,,EA,ORB
COSMOS 2251 DEB,1993-036HY,34037,DEB,,CIS,1993-06-16,PLMSC,,100.33,74.05,813,735,0.0490,,EA,ORB
COSMOS 2251 DEB,1993-036HZ,34038,DEB,D,CIS,1993-06-16,PLMSC,2024-09-08,90.00,73.99,293,256,0.0230,,EA,IMP
COSMOS 2251 DEB,1993-036JA,34039,DEB,D,CIS,1993-06-16,PLMSC,2012-06-07,92.58,73.96,420,382,0.0784,,EA,IMP
COSMOS 2251 DEB,1993-036JB,34040,DEB,,CIS,1993-06-16,PLMSC,,105.17,73.96,1251,755,0.0657,,EA,ORB
COSMOS 2251 DEB,1993-036JC,34041,DEB,D,CIS,1993-06-16,PLMSC,2015-03-17,88.43,73.89,210,184,0.0370,,EA,IMP
COSMOS 2251 DEB,1993-036JD,34042,DEB,D,CIS,1993-06-16,PLMSC,2022-05-09,88.40,73.83,204,187,0.0450,,EA,IMP
COSMOS 2251 DEB,1993-036JE,34043,DEB,D,CIS,1993-06-16,PLMSC,2012-03-31,91.11,73.97,353,305,0.0940,,EA,IMP
COSMOS 2251 DEB,1993-036JF,34044,DEB,D,CIS,1993-06-16,PLMSC,2011-05-31,89.93,74.01,292,251,0.0381,,EA,IMP
COSMOS 2251 DEB,1993-036JG,34045,DEB,,CIS,1993-06-16,PLMSC,,100.41,74.04,797,758,0.1043,,EA,ORB
COSMOS 2251 DEB,1993-036JH,34046,DEB,,CIS,1993-06-16,PLMSC,,99.42,74.04,787,675,0.0300,,EA,ORB
COSMOS 2251 DEB,1993-036JJ,34047,DEB,D,CIS,1993-06-16,PLMSC,2011-05-16,88.24,74.16,198,176,0.0468,,EA,IMP
COSMOS 2251 DEB,1993-036JK,34048,DEB,D,CIS,1993-06-16,PLMSC,2013-03-03,89.17,73.82,240,227,0.0400,,EA,IMP
COSMOS 2251 DEB,1993-036JL,34049,DEB,D,CIS,1993-06-16,PLMSC,2012-10-15,90.06,73.95,295,260,0.0430,,EA,IMP
COSMOS 2251 DEB,1993-036JM,34050,DEB,,CIS,1993-06-16,PLMSC,,103.10,74.09,1065,746,0.0360,,EA,ORB
COSMOS 2251 DEB,1993-036JN,34051,DEB,D,CIS,1993-06-16,PLMSC,2024-08-18,92.96,73.97,431,408,0.0260,,EA,IMP
COSMOS 2251 DEB,1993-036JP,34052,DEB,D,CIS,1993-06-16,PLMSC,2010-01-12,88.39,74.18,222,168,0.0556,,EA,IMP
COSMOS 2251 DEB,1993-036JQ,34053,DEB,,CIS,1993-06-16,PLMSC,,106.71,73.84,1391,758,0.0580,,EA,ORB
COSMOS 2251 DEB,1993-036JR,34054,DEB,D,CIS,1993-06-16,PLMSC,2025-06-18,89.28,73.97,250,228,0.0290,,EA,IMP
COSMOS 2251 DEB,1993-036JS,34055,DEB,D,CIS,1993-06-16,PLMSC,2024-08-29,88.52,74.05,210,192,0.0440,,EA,IMP
COSMOS 2251 DEB,1993-036JT,34056,DEB,,CIS,1993-06-16,PLMSC,,101.27,74.06,910,728,0.0590,,EA,ORB
COSMOS 2251 DEB,1993-036JU,34057,DEB,D,CIS,1993-06-16,PLMSC,2025-06-30,88.94,73.97,235,209,0.0856,,EA,IMP
COSMOS 2251 DEB,1993-036JV,34058,DEB,,CIS,1993-06-16,PLMSC,,106.17,73.93,1329,769,0.1035,,EA,ORB
COSMOS 2251 DEB,1993-036JW,34059,DEB,,CIS,1993-06-16,PLMSC,,99.02,74.04,724,699,0.0430,,EA,ORB
COSMOS 2251 DEB,1993-036JX,34060,DEB,D,CIS,1993-06-16,PLMSC,2014-10-20,90.44,73.98,307,286,0.0111,,EA,IMP
COSMOS 2251 DEB,1993-036JY,34061,DEB,,CIS,1993-06-16,PLMSC,,99.94,74.04,771,741,0.0310,,EA,ORB
COSMOS 2251 DEB,1993-036JZ,34062,DEB,,CIS,1993-06-16,PLMSC,,96.93,74.03,659,564,0.0400,,EA,ORB
COSMOS 2251 DEB,1993-036KA,34063,DEB,D,CIS,1993-06-16,PLMSC,2014-03-01,90.19,73.96,291,276,0.0080,,EA,IMP
COSMOS 2251 DEB,1993-036KB,34064,DEB,,CIS,1993-06-16,PLMSC,,99.79,74.03,764,733,0.0230,,EA,ORB
COSMOS 2251 DEB,1993-036KC,34065,DEB,,CIS,1993-06-16,PLMSC,,100.12,74.04,776,752,0.0422,,EA,ORB
COSMOS 2251 DEB,1993-036KD,34066,DEB,D,CIS,1993-06-16,PLMSC,2024-09-05,89.01,73.94,239,212,0.0420,,EA,IMP
COSMOS 2251 DEB,1993-036KE,34067,DEB,D,CIS,1993-06-16,PLMSC,2009-07-01,89.23,73.94,271,202,0.0320,,EA,IMP
COSMOS 2251 DEB,1993-036KF,34068,DEB,D,CIS,1993-06-16,PLMSC,2011-11-03,89.22,73.96,253,218,0.0483,,EA,IMP
COSMOS 2251 DEB,1993-036KG,34069,DEB,D,CIS,1993-06-16,PLMSC,2024-05-21,88.52,73.96,213,189,0.0320,,EA,IMP
COSMOS 2251 DEB,1993-036KH,34070,DEB,,CIS,1993-06-16,PLMSC,,97.03,74.00,630,603,0.0182,,EA,ORB
COSMOS 2251 DEB,1993-036KJ,34113,DEB,D,CIS,1993-06-16,PLMSC,2010-11-16,91.99,73.99,406,338,0.0380,,EA,IMP
COSMOS 2251 DEB,1993-036KK,34114,DEB,,CIS,1993-06-16,PLMSC,,98.58,74.06,722,660,0.0270,,EA,ORB
COSMOS 2251 DEB,1993-036KL,34115,DEB,,CIS,1993-06-16,PLMSC,,97.09,74.00,641,598,0.0184,,EA,ORB
COSMOS 2251 DEB,1993-036KM,34116,DEB,,CIS,1993-06-16,PLMSC,,99.01,74.04,719,703,0.0490,,EA,ORB
COSMOS 2251 DEB,1993-036KN,34117,DEB,,CIS,1993-06-16,PLMSC,,99.94,74.04,797,714,0.0410,,EA,ORB
COSMOS 2251 DEB,1993-036KP,34118,DEB,,CIS,1993-06-16,PLMSC,,95.74,73.95,592,517,0.0300,,EA,ORB
COSMOS 2251 DEB,1993-036KQ,34119,DEB,D,CIS,1993-06-16,PLMSC,2024-10-03,91.37,73.98,361,322,0.0083,,EA,IMP
COSMOS 2251 DEB,1993-036KR,34120,DEB,,CIS,1993-06-16,PLMSC,,102.94,73.99,1031,764,0.0722,,EA,ORB
COSMOS 2251 DEB,1993-036KS,34121,DEB,,CIS,1993-06-16,PLMSC,,103.39,73.99,1092,746,0.1019,,EA,ORB
COSMOS 2251 DEB,1993-036KT,34122,DEB,,CIS,1993-06-16,PLMSC,,98.09,74.04,723,612,0.0205,,EA,ORB
COSMOS 2251 DEB,1993-036KU,34123,DEB,D,CIS,1993-06-16,PLMSC,2024-10-10,91.71,73.98,365,352,0.0158,,EA,IMP
COSMOS 2251 DEB,1993-036KV,34124,DEB,D,CIS,1993-06-16,PLMSC,2024-05-08,88.90,73.96,230,210,0.0184,,EA,IMP
COSMOS 2251 DEB,1993-036KW,34125,DEB,D,CIS,1993-06-16,PLMSC,2009-03-27,88.24,73.89,230,144,0.0840,,EA,IMP
COSMOS 2251 DEB,1993-036KX,34126,DEB,D,CIS,1993-06-16,PLMSC,2025-04-05,89.68,73.95,265,252,0.0125,,EA,IMP
COSMOS 2251 DEB,1993-036KY,34127,DEB,,CIS,1993-06-16,PLMSC,,100.46,74.18,859,702,0.0330,,EA,ORB
COSMOS 2251 DEB,1993-036KZ,34128,DEB,,CIS,1993-06-16,PLMSC,,94.78,73.99,525,491,0.0260,,EA,ORB
COSMOS 2251 DEB,1993-036LA,34129,DEB,,CIS,1993-06-16,PLMSC,,97.32,74.03,655,606,0.0530,,EA,ORB
COSMOS 2251 DEB,1993-036LB,34130,DEB,D,CIS,1993-06-16,PLMSC,2024-08-28,89.11,73.97,245,216,0.0660,,EA,IMP
COSMOS 2251 DEB,1993-036LC,34131,DEB,D,CIS,1993-06-16,PLMSC,2024-01-08,90.13,74.06,285,277,0.0155,,EA,IMP
COSMOS 2251 DEB,1993-036LD,34132,DEB,D,CIS,1993-06-16,PLMSC,2012-05-13,88.65,73.91,213,203,0.0558,,EA,IMP
COSMOS 2251 DEB,1993-036LE,34133,DEB,D,CIS,1993-06-16,PLMSC,2009-03-28,89.03,74.05,257,195,0.0668,,EA,IMP
COSMOS 2251 DEB,1993-036LF,34134,DEB,D,CIS,1993-06-16,PLMSC,2016-07-04,88.98,73.89,237,210,0.0320,,EA,IMP
COSMOS 2251 DEB,1993-036LG,34135,DEB,D,CIS,1993-06-16,PLMSC,2013-06-30,88.77,74.01,225,202,0.0265,,EA,IMP
COSMOS 2251 DEB,1993-036LH,34136,DEB,,CIS,1993-06-16,PLMSC,,97.19,74.02,684,564,0.0384,,EA,ORB
COSMOS 2251 DEB,1993-036LJ,34137,DEB,D,CIS,1993-06-16,PLMSC,2011-02-16,89.56,74.07,269,236,0.1122,,EA,IMP
COSMOS 2251 DEB,1993-036LK,34138,DEB,D,CIS,1993-06-16,PLMSC,2013-08-06,88.92,73.89,233,209,0.0280,,EA,IMP
COSMOS 2251 DEB,1993-036LL,34139,DEB,,CIS,1993-06-16,PLMSC,,98.48,74.03,715,657,0.0320,,EA,ORB
COSMOS 2251 DEB,1993-036LM,34140,DEB,D,CIS,1993-06-16,PLMSC,2009-04-03,88.21,73.89,192,179,0.0424,,EA,IMP
COSMOS 2251 DEB,1993-036LN,34141,DEB,,CIS,1993-06-16,PLMSC,,99.18,74.01,757,681,0.0116,,EA,ORB
COSMOS 2251 DEB,1993-036LP,34142,DEB,D,CIS,1993-06-16,PLMSC,2024-11-03,88.40,73.92,204,186,0.0342,,EA,IMP
COSMOS 2251 DEB,1993-036LQ,34270,DEB,,CIS,1993-06-16,PLMSC,,98.19,74.01,708,636,0.0801,,EA,ORB
COSMOS 2251 DEB,1993-036LR,34271,DEB,,CIS,1993-06-16,PLMSC,,97.52,74.02,652,628,0.0178,,EA,ORB
COSMOS 2251 DEB,1993-036LS,34272,DEB,D,CIS,1993-06-16,PLMSC,2009-04-19,90.29,73.77,365,213,0.0272,,EA,IMP
COSMOS 2251 DEB,1993-036LT,34273,DEB,,CIS,1993-06-16,PLMSC,,98.42,74.04,694,672,0.0130,,EA,ORB
COSMOS 2251 DEB,1993-036LU,34274,DEB,,CIS,1993-06-16,PLMSC,,98.14,74.00,685,654,0.0174,,EA,ORB
COSMOS 2251 DEB,1993-036LV,34275,DEB,D,CIS,1993-06-16,PLMSC,2025-05-29,89.52,73.97,264,237,0.0530,,EA,IMP
COSMOS 2251 DEB,1993-036LW,34276,DEB,,CIS,1993-06-16,PLMSC,,98.73,74.02,713,682,0.0130,,EA,ORB
COSMOS 2251 DEB,1993-036LX,34277,DEB,D,CIS,1993-06-16,PLMSC,2022-09-16,89.39,73.64,257,231,0.0151,,EA,IMP
COSMOS 2251 DEB,1993-036LY,34278,DEB,D,CIS,1993-06-16,PLMSC,2012-10-29,89.45,74.14,253,242,0.0237,,EA,IMP
COSMOS 2251 DEB,1993-036LZ,34279,DEB,D,CIS,1993-06-16,PLMSC,2012-10-27,89.69,73.94,280,238,0.0281,,EA,IMP
COSMOS 2251 DEB,1993-036MA,34280,DEB,D,CIS,1993-06-16,PLMSC,2011-10-10,88.42,74.06,216,176,0.0570,,EA,IMP
COSMOS 2251 DEB,1993-036MB,34281,DEB,D,CIS,1993-06-16,PLMSC,2011-10-06,89.86,74.01,291,244,0.0210,,EA,IMP
COSMOS 2251 DEB,1993-036MC,34282,DEB,D,CIS,1993-06-16,PLMSC,2009-03-31,87.94,73.87,192,153,0.0579,,EA,IMP
COSMOS 2251 DEB,1993-036MD,34283,DEB,D,CIS,1993-06-16,PLMSC,2010-02-01,88.28,74.13,204,175,0.0306,,EA,IMP
COSMOS 2251 DEB,1993-036ME,34284,DEB,D,CIS,1993-06-16,PLMSC,2012-06-07,88.25,73.95,204,172,0.0440,,EA,IMP
COSMOS 2251 DEB,1993-036MF,34285,DEB,D,CIS,1993-06-16,PLMSC,2009-12-11,88.27,73.90,196,182,0.0486,,EA,IMP
COSMOS 2251 DEB,1993-036MG,34286,DEB,D,CIS,1993-06-16,PLMSC,2011-01-13,89.50,73.89,266,233,0.0172,,EA,IMP
COSMOS 2251 DEB,1993-036MH,34287,DEB,D,CIS,1993-06-16,PLMSC,2009-12-30,89.72,74.00,268,253,0.0110,,EA,IMP
COSMOS 2251 DEB,1993-036MJ,34288,DEB,D,CIS,1993-06-16,PLMSC,2011-04-15,89.73,73.90,284,239,0.0450,,EA,IMP
COSMOS 2251 DEB,1993-036MK,34289,DEB,D,CIS,1993-06-16,PLMSC,2010-02-03,97.20,73.92,781,469,0.0620,,EA,IMP
COSMOS 2251 DEB,1993-036ML,34290,DEB,D,CIS,1993-06-16,PLMSC,2010-01-15,91.31,74.15,352,325,0.0402,,EA,IMP
COSMOS 2251 DEB,1993-036MM,34291,DEB,D,CIS,1993-06-16,PLMSC,2014-12-09,88.08,74.11,190,168,0.0555,,EA,IMP
COSMOS 2251 DEB,1993-036MN,34292,DEB,D,CIS,1993-06-16,PLMSC,2024-06-30,88.93,74.01,233,211,0.0270,,EA,IMP
COSMOS 2251 DEB,1993-036MP,34293,DEB,D,CIS,1993-06-16,PLMSC,2023-01-19,88.20,73.97,194,177,0.0510,,EA,IMP
COSMOS 2251 DEB,1993-036MQ,34294,DEB,D,CIS,1993-06-16,PLMSC,2019-05-02,88.16,73.85,195,172,0.0850,,EA,IMP
COSMOS 2251 DEB,1993-036MR,34295,DEB,D,CIS,1993-06-16,PLMSC,2024-09-13,88.38,73.96,200,188,0.0370,,EA,IMP
COSMOS 2251 DEB,1993-036MS,34296,DEB,D,CIS,1993-06-16,PLMSC,2016-09-12,88.85,73.98,228,207,0.0320,,EA,IMP
COSMOS 2251 DEB,1993-036MT,34297,DEB,,CIS,1993-06-16,PLMSC,,100.22,74.05,782,756,0.0548,,EA,ORB
COSMOS 2251 DEB,1993-036MU,34298,DEB,D,CIS,1993-06-16,PLMSC,2024-05-23,89.02,73.99,239,214,0.0107,,EA,IMP
COSMOS 2251 DEB,1993-036MV,34299,DEB,D,CIS,1993-06-16,PLMSC,2025-12-23,89.11,73.96,237,224,0.0410,,EA,IMP
COSMOS 2251 DEB,1993-036MW,34300,DEB,D,CIS,1993-06-16,PLMSC,2025-05-02,88.80,73.95,227,203,0.0230,,EA,IMP
COSMOS 2251 DEB,1993-036MX,34301,DEB,,CIS,1993-06-16,PLMSC,,96.10,74.00,579,564,0.0280,,EA,ORB
COSMOS 2251 DEB,1993-036MY,34302,DEB,,CIS,1993-06-16,PLMSC,,99.97,74.18,812,703,0.0190,,EA,ORB
COSMOS 2251 DEB,1993-036MZ,34303,DEB,,CIS,1993-06-16,PLMSC,,98.84,74.00,799,607,0.0433,,EA,ORB
COSMOS 2251 DEB,1993-036NA,34304,DEB,,CIS,1993-06-16,PLMSC,,100.04,74.01,850,670,0.0280,,EA,ORB
COSMOS 2251 DEB,1993-036NB,34305,DEB,D,CIS,1993-06-16,PLMSC,2011-04-18,93.64,74.04,460,446,0.0421,,EA,IMP
COSMOS 2251 DEB,1993-036NC,34306,DEB,D,CIS,1993-06-16,PLMSC,2009-04-26,90.28,74.06,322,254,0.0800,,EA,IMP
COSMOS 2251 DEB,1993-036ND,34307,DEB,,CIS,1993-06-16,PLMSC,,106.30,74.05,1346,764,0.0146,,EA,ORB
COSMOS 2251 DEB,1993-036NE,34308,DEB,D,CIS,1993-06-16,PLMSC,2024-01-15,89.90,73.94,281,258,0.0610,,EA,IMP
COSMOS 2251 DEB,1993-036NF,34309,DEB,D,CIS,1993-06-16,PLMSC,2013-04-06,88.51,74.08,213,188,0.0260,,EA,IMP
COSMOS 2251 DEB,1993-036NG,34310,DEB,D,CIS,1993-06-16,PLMSC,2013-04-28,88.19,73.79,194,176,0.0379,,EA,IMP
COSMOS 2251 DEB,1993-036NH,34311,DEB,D,CIS,1993-06-16,PLMSC,2011-03-25,89.01,73.94,246,205,0.0093,,EA,IMP
COSMOS 2251 DEB,1993-036NJ,34312,DEB,D,CIS,1993-06-16,PLMSC,2011-10-16,89.43,74.00,263,230,0.0210,,EA,IMP
COSMOS 2251 DEB,1993-036NK,34313,DEB,D,CIS,1993-06-16,PLMSC,2026-04-03,90.52,73.95,313,287,0.0610,,EA,IMP
COSMOS 2251 DEB,1993-036NL,34314,DEB,,CIS,1993-06-16,PLMSC,,101.56,74.00,909,756,0.0220,,EA,ORB
COSMOS 2251 DEB,1993-036NM,34315,DEB,D,CIS,1993-06-16,PLMSC,2022-09-16,88.29,74.06,198,182,0.0194,,EA,IMP
COSMOS 2251 DEB,1993-036NN,34316,DEB,,CIS,1993-06-16,PLMSC,,95.86,74.06,570,550,0.0093,,EA,ORB
COSMOS 2251 DEB,1993-036NP,34317,DEB,,CIS,1993-06-16,PLMSC,,105.46,73.93,1265,767,0.0173,,EA,ORB
COSMOS 2251 DEB,1993-036NQ,34318,DEB,D,CIS,1993-06-16,PLMSC,2014-11-17,90.10,74.00,290,269,0.0300,,EA,IMP
COSMOS 2251 DEB,1993-036NR,34319,DEB,D,CIS,1993-06-16,PLMSC,2024-06-08,90.73,73.97,325,295,0.0220,,EA,IMP
COSMOS 2251 DEB,1993-036NS,34320,DEB,D,CIS,1993-06-16,PLMSC,2012-07-26,89.85,73.99,278,256,0.0440,,EA,IMP
COSMOS 2251 DEB,1993-036NT,34321,DEB,,CIS,1993-06-16,PLMSC,,99.24,74.03,733,712,0.0530,,EA,ORB
COSMOS 2251 DEB,1993-036NU,34322,DEB,D,CIS,1993-06-16,PLMSC,2014-09-12,88.51,73.96,214,188,0.0218,,EA,IMP
COSMOS 2251 DEB,1993-036NV,34323,DEB,,CIS,1993-06-16,PLMSC,,97.25,73.95,666,589,0.0330,,EA,ORB
COSMOS 2251 DEB,1993-036NW,34324,DEB,D,CIS,1993-06-16,PLMSC,2015-01-14,90.65,74.03,311,302,0.0320,,EA,IMP
COSMOS 2251 DEB,1993-036NX,34325,DEB,,CIS,1993-06-16,PLMSC,,102.44,73.87,1013,736,0.0307,,EA,ORB
COSMOS 2251 DEB,1993-036NY,34326,DEB,D,CIS,1993-06-16,PLMSC,2011-02-08,90.06,74.13,286,269,0.0380,,EA,IMP
COSMOS 2251 DEB,1993-036NZ,34327,DEB,,CIS,1993-06-16,PLMSC,,96.32,73.99,603,561,0.0439,,EA,ORB
COSMOS 2251 DEB,1993-036PA,34328,DEB,D,CIS,1993-06-16,PLMSC,2011-10-28,89.34,74.00,254,229,0.0230,,EA,IMP
COSMOS 2251 DEB,1993-036PB,34329,DEB,D,CIS,1993-06-16,PLMSC,2012-03-30,89.26,73.89,241,236,0.0540,,EA,IMP
COSMOS 2251 DEB,1993-036PC,34330,DEB,D,CIS,1993-06-16,PLMSC,2024-12-30,88.61,73.96,213,199,0.0440,,EA,IMP
COSMOS 2251 DEB,1993-036PD,34331,DEB,D,CIS,1993-06-16,PLMSC,2024-10-14,92.28,73.99,403,370,0.0310,,EA,IMP
COSMOS 2251 DEB,1993-036PE,34332,DEB,D,CIS,1993-06-16,PLMSC,2014-07-03,90.26,73.96,305,269,0.0469,,EA,IMP
COSMOS 2251 DEB,1993-036PF,34333,DEB,D,CIS,1993-06-16,PLMSC,2021-06-05,88.86,73.98,233,204,0.0340,,EA,IMP
COSMOS 2251 DEB,1993-036PG,34334,DEB,D,CIS,1993-06-16,PLMSC,2010-03-05,88.67,74.02,220,198,0.0410,,EA,IMP
COSMOS 2251 DEB,1993-036PH,34335,DEB,D,CIS,1993-06-16,PLMSC,2011-01-31,89.37,73.90,252,234,0.0204,,EA,IMP
COSMOS 2251 DEB,1993-036PJ,34336,DEB,D,CIS,1993-06-16,PLMSC,2011-04-01,88.86,74.08,236,200,0.0540,,EA,IMP
COSMOS 2251 DEB,1993-036PK,34337,DEB,D,CIS,1993-06-16,PLMSC,2023-10-01,87.96,73.92,180,166,0.0190,,EA,IMP
COSMOS 2251 DEB,1993-036PL,34338,DEB,D,CIS,1993-06-16,PLMSC,2010-06-25,90.25,73.94,311,263,0.0320,,EA,IMP
COSMOS 2251 DEB,1993-036PM,34339,DEB,D,CIS,1993-06-16,PLMSC,2016-04-26,88.89,73.90,229,210,0.0554,,EA,IMP
COSMOS 2251 DEB,1993-036PN,34340,DEB,,CIS,1993-06-16,PLMSC,,104.33,74.07,1178,748,0.0541,,EA,ORB
COSMOS 2251 DEB,1993-036PP,34341,DEB,D,CIS,1993-06-16,PLMSC,2015-11-26,88.80,73.99,222,208,0.0470,,EA,IMP
COSMOS 2251 DEB,1993-036PQ,34342,DEB,D,CIS,1993-06-16,PLMSC,2025-07-08,88.51,74.12,211,190,0.0530,,EA,IMP
COSMOS 2251 DEB,1993-036PR,34343,DEB,,CIS,1993-06-16,PLMSC,,97.74,74.02,663,638,0.0890,,EA,ORB
COSMOS 2251 DEB,1993-036PS,34344,DEB,,CIS,1993-06-16,PLMSC,,101.56,73.98,942,724,0.0086,,EA,ORB
COSMOS 2251 DEB,1993-036PT,34345,DEB,D,CIS,1993-06-16,PLMSC,2014-11-15,89.47,73.98,265,232,0.0380,,EA,IMP
COSMOS 2251 DEB,1993-036PU,34346,DEB,,CIS,1993-06-16,PLMSC,,102.82,73.99,1043,741,0.0129,,EA,ORB
COSMOS 2251 DEB,1993-036PV,34347,DEB,D,CIS,1993-06-16,PLMSC,2010-05-31,88.97,73.93,246,201,0.0460,,EA,IMP
COSMOS 2251 DEB,1993-036PW,34348,DEB,D,CIS,1993-06-16,PLMSC,2009-04-18,90.62,73.98,351,259,0.0370,,EA,IMP
COSMOS 2251 DEB,1993-036PX,34349,DEB,D,CIS,1993-06-16,PLMSC,2009-03-12,88.09,73.93,197,163,0.0657,,EA,IMP
COSMOS 2251 DEB,1993-036PY,34383,DEB,,CIS,1993-06-16,PLMSC,,90.78,74.00,328,297,0.0140,,EA,ORB
COSMOS 2251 DEB,1993-036PZ,34384,DEB,D,CIS,1993-06-16,PLMSC,2009-10-03,91.62,74.03,391,317,0.0422,,EA,IMP
COSMOS 2251 DEB,1993-036QA,34385,DEB,D,CIS,1993-06-16,PLMSC,2014-07-21,89.44,73.97,269,224,0.0125,,EA,IMP
COSMOS 2251 DEB,1993-036QB,34386,DEB,D,CIS,1993-06-16,PLMSC,2024-12-26,88.79,73.96,225,205,0.0330,,EA,IMP
COSMOS 2251 DEB,1993-036QC,34387,DEB,,CIS,1993-06-16,PLMSC,,99.70,74.04,771,717,0.0152,,EA,ORB
COSMOS 2251 DEB,1993-036QD,34388,DEB,,CIS,1993-06-16,PLMSC,,99.27,74.04,733,715,0.0235,,EA,ORB
COSMOS 2251 DEB,1993-036QE,34389,DEB,,CIS,1993-06-16,PLMSC,,99.86,74.02,773,730,0.0415,,EA,ORB
COSMOS 2251 DEB,1993-036QF,34390,DEB,D,CIS,1993-06-16,PLMSC,2025-11-20,88.91,74.02,227,214,0.0240,,EA,IMP
COSMOS 2251 DEB,1993-036QG,34391,DEB,D,CIS,1993-06-16,PLMSC,2015-02-04,88.91,73.91,225,216,0.0270,,EA,IMP
COSMOS 2251 DEB,1993-036QH,34392,DEB,D,CIS,1993-06-16,PLMSC,2014-12-26,88.16,73.85,197,170,0.0420,,EA,IMP
COSMOS 2251 DEB,1993-036QJ,34393,DEB,D,CIS,1993-06-16,PLMSC,2017-03-09,88.58,73.93,213,195,0.0196,,EA,IMP
COSMOS 2251 DEB,1993-036QK,34394,DEB,D,CIS,1993-06-16,PLMSC,2014-10-15,88.51,73.99,207,194,0.0370,,EA,IMP
COSMOS 2251 DEB,1993-036QL,34395,DEB,D,CIS,1993-06-16,PLMSC,2024-05-24,88.42,73.97,209,184,0.0345,,EA,IMP
COSMOS 2251 DEB,1993-036QM,34396,DEB,,CIS,1993-06-16,PLMSC,,97.28,74.03,634,623,0.0145,,EA,ORB
COSMOS 2251 DEB,1993-036QN,34397,DEB,D,CIS,1993-06-16,PLMSC,2024-05-18,88.37,73.78,206,182,0.0170,,EA,IMP
COSMOS 2251 DEB,1993-036QP,34398,DEB,D,CIS,1993-06-16,PLMSC,2023-04-08,89.74,73.97,272,250,0.0320,,EA,IMP
COSMOS 2251 DEB,1993-036QQ,34399,DEB,D,CIS,1993-06-16,PLMSC,2012-04-16,93.97,73.94,518,420,0.0112,,EA,IMP
COSMOS 2251 DEB,1993-036QR,34400,DEB,D,CIS,1993-06-16,PLMSC,2026-01-21,89.15,73.94,240,225,0.0150,,EA,IMP
COSMOS 2251 DEB,1993-036QS,34401,DEB,D,CIS,1993-06-16,PLMSC,2025-05-05,89.68,73.99,266,251,0.0320,,EA,IMP
COSMOS 2251 DEB,1993-036QT,34402,DEB,D,CIS,1993-06-16,PLMSC,2010-06-28,88.84,74.07,228,206,0.0076,,EA,IMP
COSMOS 2251 DEB,1993-036QU,34403,DEB,D,CIS,1993-06-16,PLMSC,2013-09-20,88.99,74.00,242,207,0.0333,,EA,IMP
COSMOS 2251 DEB,1993-036QV,34404,DEB,D,CIS,1993-06-16,PLMSC,2010-03-11,89.71,74.00,276,244,0.0162,,EA,IMP
COSMOS 2251 DEB,1993-036QW,34405,DEB,D,CIS,1993-06-16,PLMSC,2009-12-07,89.57,74.00,286,221,0.0180,,EA,IMP
COSMOS 2251 DEB,1993-036QX,34406,DEB,D,CIS,1993-06-16,PLMSC,2011-03-15,88.95,73.87,242,203,0.0178,,EA,IMP
COSMOS 2251 DEB,1993-036QY,34407,DEB,D,CIS,1993-06-16,PLMSC,2011-12-10,90.74,73.98,339,283,0.0258,,EA,IMP
COSMOS 2251 DEB,1993-036QZ,34408,DEB,D,CIS,1993-06-16,PLMSC,2011-12-04,90.28,74.00,297,279,0.0182,,EA,IMP
COSMOS 2251 DEB,1993-036RA,34409,DEB,,CIS,1993-06-16,PLMSC,,98.73,74.06,755,641,0.0079,,EA,ORB
COSMOS 2251 DEB,1993-036RB,34410,DEB,D,CIS,1993-06-16,PLMSC,2026-08-16,88.58,73.69,214,194,0.0121,,EA,IMP
COSMOS 2251 DEB,1993-036RC,34411,DEB,D,CIS,1993-06-16,PLMSC,2023-09-18,88.06,73.99,186,171,0.0104,,EA,IMP
COSMOS 2251 DEB,1993-036RD,34412,DEB,,CIS,1993-06-16,PLMSC,,99.36,73.94,861,595,0.0103,,EA,ORB
COSMOS 2251 DEB,1993-036RE,34413,DEB,,CIS,1993-06-16,PLMSC,,100.66,74.03,855,725,0.0106,,EA,ORB
COSMOS 2251 DEB,1993-036RF,34414,DEB,D,CIS,1993-06-16,PLMSC,2009-03-27,89.34,74.00,270,214,0.0560,,EA,IMP
COSMOS 2251 DEB,1993-036RG,34415,DEB,D,CIS,1993-06-16,PLMSC,2009-11-29,88.92,74.02,250,192,0.0426,,EA,IMP
COSMOS 2251 DEB,1993-036RH,34416,DEB,D,CIS,1993-06-16,PLMSC,2011-10-04,89.21,73.89,252,218,0.0310,,EA,IMP
COSMOS 2251 DEB,1993-036RJ,34417,DEB,D,CIS,1993-06-16,PLMSC,2010-10-01,90.31,74.05,310,270,0.0049,,EA,IMP
COSMOS 2251 DEB,1993-036RK,34418,DEB,D,CIS,1993-06-16,PLMSC,2011-11-27,90.31,73.94,298,281,0.0172,,EA,IMP
COSMOS 2251 DEB,1993-036RL,34419,DEB,D,CIS,1993-06-16,PLMSC,2012-11-18,89.79,74.03,271,258,0.0127,,EA,IMP
COSMOS 2251 DEB,1993-036RM,34420,DEB,,CIS,1993-06-16,PLMSC,,98.04,74.03,739,591,0.0179,,EA,ORB
COSMOS 2251 DEB,1993-036RN,34421,DEB,D,CIS,1993-06-16,PLMSC,2016-09-28,88.47,73.93,205,192,0.0550,,EA,IMP
COSMOS 2251 DEB,1993-036RP,34422,DEB,D,CIS,1993-06-16,PLMSC,2023-09-27,88.63,73.88,211,202,0.0079,,EA,IMP
COSMOS 2251 DEB,1993-036RQ,34423,DEB,D,CIS,1993-06-16,PLMSC,2015-03-19,88.88,73.98,228,210,0.0186,,EA,IMP
COSMOS 2251 DEB,1993-036RR,34424,DEB,D,CIS,1993-06-16,PLMSC,2024-06-21,88.56,73.96,216,190,0.0125,,EA,IMP
COSMOS 2251 DEB,1993-036RS,34425,DEB,,CIS,1993-06-16,PLMSC,,98.40,74.02,701,663,0.0490,,EA,ORB
COSMOS 2251 DEB,1993-036RT,34426,DEB,D,CIS,1993-06-16,PLMSC,2023-01-21,90.44,73.98,312,279,0.0580,,EA,IMP
COSMOS 2251 DEB,1993-036RU,34427,DEB,D,CIS,1993-06-16,PLMSC,2023-08-20,90.01,73.96,291,259,0.0129,,EA,IMP
COSMOS 2251 DEB,1993-036RV,34428,DEB,D,CIS,1993-06-16,PLMSC,2025-04-19,89.54,73.98,262,242,0.0386,,EA,IMP
COSMOS 2251 DEB,1993-036RW,34429,DEB,D,CIS,1993-06-16,PLMSC,2026-01-27,89.50,73.94,255,244,0.0400,,EA,IMP
COSMOS 2251 DEB,1993-036RX,34430,DEB,,CIS,1993-06-16,PLMSC,,99.99,74.05,802,714,0.0270,,EA,ORB
COSMOS 2251 DEB,1993-036RY,34431,DEB,,CIS,1993-06-16,PLMSC,,100.74,74.07,842,745,0.0320,,EA,ORB
COSMOS 2251 DEB,1993-036RZ,34432,DEB,,CIS,1993-06-16,PLMSC,,102.60,73.83,1014,749,0.0332,,EA,ORB
COSMOS 2251 DEB,1993-036SA,34433,DEB,,CIS,1993-06-16,PLMSC,,101.84,74.01,954,737,0.0307,,EA,ORB
COSMOS 2251 DEB,1993-036SB,34434,DEB,,CIS,1993-06-16,PLMSC,,103.47,74.06,1127,719,0.0135,,EA,ORB
COSMOS 2251 DEB,1993-036SC,34435,DEB,D,CIS,1993-06-16,PLMSC,2016-05-06,88.41,73.96,204,188,0.0240,,EA,IMP
COSMOS 2251 DEB,1993-036SD,34436,DEB,D,CIS,1993-06-16,PLMSC,2015-04-21,89.07,73.92,238,218,0.0180,,EA,IMP
COSMOS 2251 DEB,1993-036SE,34437,DEB,D,CIS,1993-06-16,PLMSC,2012-04-23,89.46,73.86,257,239,0.0152,,EA,IMP
COSMOS 2251 DEB,1993-036SF,34438,DEB,D,CIS,1993-06-16,PLMSC,2013-08-09,88.94,73.94,234,210,0.0070,,EA,IMP
COSMOS 2251 DEB,1993-036SG,34439,DEB,D,CIS,1993-06-16,PLMSC,2024-11-07,89.00,73.99,235,216,0.0420,,EA,IMP
COSMOS 2251 DEB,1993-036SH,34440,DEB,D,CIS,1993-06-16,PLMSC,2012-06-01,89.39,73.85,250,239,0.0065,,EA,IMP
COSMOS 2251 DEB,1993-036SJ,34441,DEB,D,CIS,1993-06-16,PLMSC,2012-06-14,88.61,73.86,217,195,0.0454,,EA,IMP
COSMOS 2251 DEB,1993-036SK,34442,DEB,D,CIS,1993-06-16,PLMSC,2025-07-08,90.87,73.97,325,309,0.0220,,EA,IMP
COSMOS 2251 DEB,1993-036SL,34443,DEB,D,CIS,1993-06-16,PLMSC,2011-04-15,89.93,73.88,297,245,0.0170,,EA,IMP
COSMOS 2251 DEB,1993-036SM,34444,DEB,D,CIS,1993-06-16,PLMSC,2009-05-10,89.96,74.03,328,217,0.0170,,EA,IMP
COSMOS 2251 DEB,1993-036SN,34445,DEB,D,CIS,1993-06-16,PLMSC,2023-10-13,89.51,73.95,260,240,0.0107,,EA,IMP
COSMOS 2251 DEB,1993-036SP,34446,DEB,,CIS,1993-06-16,PLMSC,,99.34,74.04,763,691,0.0119,,EA,ORB
COSMOS 2251 DEB,1993-036SQ,34447,DEB,D,CIS,1993-06-16,PLMSC,2023-02-08,88.45,73.95,206,190,0.0399,,EA,IMP
COSMOS 2251 DEB,1993-036SR,34448,DEB,D,CIS,1993-06-16,PLMSC,2021-08-24,89.77,73.98,271,255,0.0434,,EA,IMP
COSMOS 2251 DEB,1993-036SS,34449,DEB,,CIS,1993-06-16,PLMSC,,95.13,74.03,540,510,0.0310,,EA,ORB
COSMOS 2251 DEB,1993-036ST,34450,DEB,D,CIS,1993-06-16,PLMSC,2009-06-29,91.96,73.93,424,318,0.0633,,EA,IMP
COSMOS 2251 DEB,1993-036SU,34451,DEB,,CIS,1993-06-16,PLMSC,,94.96,74.04,529,504,0.0320,,EA,ORB
COSMOS 2251 DEB,1993-036SV,34452,DEB,,CIS,1993-06-16,PLMSC,,94.79,74.03,547,470,0.0170,,EA,ORB
COSMOS 2251 DEB,1993-036SW,34453,DEB,D,CIS,1993-06-16,PLMSC,2025-12-13,90.61,74.10,322,287,0.0151,,EA,IMP
COSMOS 2251 DEB,1993-036SX,34454,DEB,,CIS,1993-06-16,PLMSC,,100.06,74.06,787,736,0.0188,,EA,ORB
COSMOS 2251 DEB,1993-036SY,34455,DEB,D,CIS,1993-06-16,PLMSC,2013-01-16,89.18,73.85,252,216,0.0185,,EA,IMP
COSMOS 2251 DEB,1993-036SZ,34456,DEB,D,CIS,1993-06-16,PLMSC,2024-09-29,90.71,73.99,326,292,0.0066,,EA,IMP
COSMOS 2251 DEB,1993-036TA,34457,DEB,D,CIS,1993-06-16,PLMSC,2025-05-16,88.89,73.94,230,209,0.0340,,EA,IMP
COSMOS 2251 DEB,1993-036TB,34458,DEB,D,CIS,1993-06-16,PLMSC,2025-01-22,90.41,73.98,307,282,0.0132,,EA,IMP
COSMOS 2251 DEB,1993-036TC,34459,DEB,,CIS,1993-06-16,PLMSC,,102.80,74.08,1030,752,0.0220,,EA,ORB
COSMOS 2251 DEB,1993-036TD,34460,DEB,D,CIS,1993-06-16,PLMSC,2009-03-22,92.56,74.25,435,365,0.1009,,EA,IMP
COSMOS 2251 DEB,1993-036TE,34461,DEB,D,CIS,1993-06-16,PLMSC,2013-10-30,89.21,74.02,251,220,0.0104,,EA,IMP
COSMOS 2251 DEB,1993-036TF,34462,DEB,D,CIS,1993-06-16,PLMSC,2015-01-29,90.00,73.97,283,266,0.0095,,EA,IMP
COSMOS 2251 DEB,1993-036TG,34463,DEB,D,CIS,1993-06-16,PLMSC,2009-05-03,89.31,73.85,267,213,0.0670,,EA,IMP
COSMOS 2251 DEB,1993-036TH,34464,DEB,D,CIS,1993-06-16,PLMSC,2026-04-26,89.07,73.95,238,219,0.0210,,EA,IMP
COSMOS 2251 DEB,1993-036TJ,34465,DEB,D,CIS,1993-06-16,PLMSC,2024-12-09,90.15,74.01,287,277,0.0270,,EA,IMP
COSMOS 2251 DEB,1993-036TK,34466,DEB,D,CIS,1993-06-16,PLMSC,2011-12-04,88.93,73.89,239,204,0.0195,,EA,IMP
COSMOS 2251 DEB,1993-036TL,34467,DEB,D,CIS,1993-06-16,PLMSC,2014-05-15,90.36,73.98,313,272,0.0143,,EA,IMP
COSMOS 2251 DEB,1993-036TM,34468,DEB,,CIS,1993-06-16,PLMSC,,99.44,74.01,785,679,0.0104,,EA,ORB
COSMOS 2251 DEB,1993-036TN,34469,DEB,D,CIS,1993-06-16,PLMSC,2024-01-08,89.07,73.94,241,216,0.0320,,EA,IMP
COSMOS 2251 DEB,1993-036TP,34470,DEB,D,CIS,1993-06-16,PLMSC,2009-05-12,92.06,73.81,455,296,0.0330,,EA,IMP
COSMOS 2251 DEB,1993-036TQ,34471,DEB,D,CIS,1993-06-16,PLMSC,2012-09-06,88.47,73.90,205,194,0.0041,,EA,IMP
COSMOS 2251 DEB,1993-036TR,34472,DEB,,CIS,1993-06-16,PLMSC,,105.04,74.08,1240,753,0.0154,,EA,ORB
COSMOS 2251 DEB,1993-036TS,34473,DEB,D,CIS,1993-06-16,PLMSC,2025-06-20,89.77,73.97,275,252,0.0176,,EA,IMP
COSMOS 2251 DEB,1993-036TT,34474,DEB,,CIS,1993-06-16,PLMSC,,102.28,74.07,1013,720,0.0146,,EA,ORB
COSMOS 2251 DEB,1993-036TU,34475,DEB,D,CIS,1993-06-16,PLMSC,2009-05-14,89.97,74.03,305,240,0.0289,,EA,IMP
COSMOS 2251 DEB,1993-036TV,34476,DEB,,CIS,1993-06-16,PLMSC,,104.04,74.01,1174,725,0.0116,,EA,ORB
COSMOS 2251 DEB,1993-036TW,34477,DEB,,CIS,1993-06-16,PLMSC,,98.75,73.98,751,647,0.0092,,EA,ORB
COSMOS 2251 DEB,1993-036TX,34478,DEB,,CIS,1993-06-16,PLMSC,,91.41,74.02,355,333,0.0103,,EA,ORB
COSMOS 2251 DEB,1993-036TY,34479,DEB,D,CIS,1993-06-16,PLMSC,2009-03-21,88.79,73.84,255,175,0.0084,,EA,IMP
COSMOS 2251 DEB,1993-036TZ,34480,DEB,D,CIS,1993-06-16,PLMSC,2011-10-29,90.09,73.91,298,260,0.0235,,EA,IMP
COSMOS 2251 DEB,1993-036UA,34481,DEB,,CIS,1993-06-16,PLMSC,,100.47,73.98,830,732,0.0181,,EA,ORB
COSMOS 2251 DEB,1993-036UB,34482,DEB,,CIS,1993-06-16,PLMSC,,97.66,74.03,675,618,0.0320,,EA,ORB
COSMOS 2251 DEB,1993-036UC,34542,DEB,D,CIS,1993-06-16,PLMSC,2024-06-08,88.90,73.96,234,206,0.0091,,EA,IMP
COSMOS 2251 DEB,1993-036UD,34543,DEB,D,CIS,1993-06-16,PLMSC,2014-06-11,89.33,73.98,264,219,0.0083,,EA,IMP
COSMOS 2251 DEB,1993-036UE,34544,DEB,,CIS,1993-06-16,PLMSC,,106.27,73.92,1337,770,0.0089,,EA,ORB
COSMOS 2251 DEB,1993-036UF,34545,DEB,D,CIS,1993-06-16,PLMSC,2024-04-22,90.06,73.99,287,269,0.0460,,EA,IMP
COSMOS 2251 DEB,1993-036UG,34546,DEB,,CIS,1993-06-16,PLMSC,,99.56,74.03,753,722,0.0083,,EA,ORB
COSMOS 2251 DEB,1993-036UH,34547,DEB,,CIS,1993-06-16,PLMSC,,97.50,74.03,653,625,0.0120,,EA,ORB
COSMOS 2251 DEB,1993-036UJ,34548,DEB,D,CIS,1993-06-16,PLMSC,2014-04-20,89.50,73.85,264,235,0.0080,,EA,IMP
COSMOS 2251 DEB,1993-036UK,34549,DEB,D,CIS,1993-06-16,PLMSC,2012-11-10,88.64,73.87,217,197,0.0209,,EA,IMP
COSMOS 2251 DEB,1993-036UL,34550,DEB,D,CIS,1993-06-16,PLMSC,2025-01-06,92.58,73.94,422,380,0.0106,,EA,IMP
COSMOS 2251 DEB,1993-036UM,34551,DEB,D,CIS,1993-06-16,PLMSC,2011-09-20,88.74,73.69,225,200,0.0190,,EA,IMP
COSMOS 2251 DEB,1993-036UN,34552,DEB,D,CIS,1993-06-16,PLMSC,2024-12-30,90.25,73.97,290,284,0.0070,,EA,IMP
COSMOS 2251 DEB,1993-036UP,34553,DEB,,CIS,1993-06-16,PLMSC,,98.63,74.02,707,680,0.0133,,EA,ORB
COSMOS 2251 DEB,1993-036UQ,34554,DEB,,CIS,1993-06-16,PLMSC,,100.12,74.04,781,747,0.0111,,EA,ORB
COSMOS 2251 DEB,1993-036UR,34555,DEB,D,CIS,1993-06-16,PLMSC,2024-10-27,90.86,73.97,332,302,0.0400,,EA,IMP
COSMOS 2251 DEB,1993-036US,34556,DEB,,CIS,1993-06-16,PLMSC,,96.97,74.01,620,607,0.0250,,EA,ORB
COSMOS 2251 DEB,1993-036UT,34557,DEB,D,CIS,1993-06-16,PLMSC,2014-11-19,91.68,73.95,382,332,0.0210,,EA,IMP
COSMOS 2251 DEB,1993-036UU,34558,DEB,D,CIS,1993-06-16,PLMSC,2014-10-10,89.15,73.96,282,183,0.0127,,EA,IMP
COSMOS 2251 DEB,1993-036UV,34559,DEB,D,CIS,1993-06-16,PLMSC,2013-06-17,90.60,73.99,330,278,0.0540,,EA,IMP
COSMOS 2251 DEB,1993-036UW,34560,DEB,,CIS,1993-06-16,PLMSC,,97.46,74.02,648,627,0.0310,,EA,ORB
COSMOS 2251 DEB,1993-036UX,34561,DEB,D,CIS,1993-06-16,PLMSC,2025-01-15,89.04,73.96,231,224,0.0280,,EA,IMP
COSMOS 2251 DEB,1993-036UY,34562,DEB,D,CIS,1993-06-16,PLMSC,2015-02-16,89.56,73.93,261,245,0.0250,,EA,IMP
COSMOS 2251 DEB,1993-036UZ,34563,DEB,,CIS,1993-06-16,PLMSC,,99.50,74.04,744,725,0.0150,,EA,ORB
COSMOS 2251 DEB,1993-036VA,34564,DEB,,CIS,1993-06-16,PLMSC,,99.93,74.03,769,741,0.0136,,EA,ORB
COSMOS 2251 DEB,1993-036VB,34565,DEB,D,CIS,1993-06-16,PLMSC,2014-11-09,90.54,73.99,323,279,0.0310,,EA,IMP
COSMOS 2251 DEB,1993-036VC,34566,DEB,D,CIS,1993-06-16,PLMSC,2009-04-17,90.79,74.07,423,203,0.0168,,EA,IMP
COSMOS 2251 DEB,1993-036VD,34567,DEB,,CIS,1993-06-16,PLMSC,,101.11,74.04,864,759,0.0490,,EA,ORB
COSMOS 2251 DEB,1993-036VE,34568,DEB,D,CIS,1993-06-16,PLMSC,2010-12-27,92.53,74.02,426,371,0.0059,,EA,IMP
COSMOS 2251 DEB,1993-036VF,34569,DEB,,CIS,1993-06-16,PLMSC,,101.02,73.99,920,694,0.0189,,EA,ORB
COSMOS 2251 DEB,1993-036VG,34570,DEB,,CIS,1993-06-16,PLMSC,,102.84,73.96,1031,754,0.0036,,EA,ORB
COSMOS 2251 DEB,1993-036VH,34571,DEB,,CIS,1993-06-16,PLMSC,,99.11,74.04,761,671,0.0144,,EA,ORB
COSMOS 2251 DEB,1993-036VJ,34572,DEB,,CIS,1993-06-16,PLMSC,,99.06,74.01,759,669,0.0131,,EA,ORB
COSMOS 2251 DEB,1993-036VK,34573,DEB,D,CIS,1993-06-16,PLMSC,2016-03-07,89.48,73.95,260,238,0.0043,,EA,IMP
COSMOS 2251 DEB,1993-036VL,34574,DEB,,CIS,1993-06-16,PLMSC,,97.71,74.07,695,603,0.0150,,EA,ORB
COSMOS 2251 DEB,1993-036VM,34575,DEB,D,CIS,1993-06-16,PLMSC,2014-11-08,89.39,74.00,280,209,0.0164,,EA,IMP
COSMOS 2251 DEB,1993-036VN,34576,DEB,,CIS,1993-06-16,PLMSC,,98.84,74.03,709,698,0.0124,,EA,ORB
COSMOS 2251 DEB,1993-036VP,34577,DEB,D,CIS,1993-06-16,PLMSC,2025-12-04,90.08,73.99,282,275,0.0132,,EA,IMP
COSMOS 2251 DEB,1993-036VQ,34578,DEB,D,CIS,1993-06-16,PLMSC,2013-03-19,88.81,74.00,223,208,0.0092,,EA,IMP
COSMOS 2251 DEB,1993-036VR,34579,DEB,,CIS,1993-06-16,PLMSC,,99.59,74.05,757,720,0.0160,,EA,ORB
COSMOS 2251 DEB,1993-036VS,34580,DEB,D,CIS,1993-06-16,PLMSC,2011-12-15,90.43,74.00,314,277,0.0140,,EA,IMP
COSMOS 2251 DEB,1993-036VT,34581,DEB,D,CIS,1993-06-16,PLMSC,2014-10-10,89.82,73.99,281,250,0.0460,,EA,IMP
COSMOS 2251 DEB,1993-036VU,34582,DEB,,CIS,1993-06-16,PLMSC,,99.71,74.02,780,709,0.0298,,EA,ORB
COSMOS 2251 DEB,1993-036VV,34583,DEB,D,CIS,1993-06-16,PLMSC,2014-03-20,91.05,74.07,346,306,0.0194,,EA,IMP
COSMOS 2251 DEB,1993-036VW,34584,DEB,D,CIS,1993-06-16,PLMSC,2015-03-04,89.12,73.98,240,222,0.0190,,EA,IMP
COSMOS 2251 DEB,1993-036VX,34585,DEB,D,CIS,1993-06-16,PLMSC,2023-11-30,89.13,73.96,241,222,0.0125,,EA,IMP
COSMOS 2251 DEB,1993-036VY,34586,DEB,D,CIS,1993-06-16,PLMSC,2011-08-04,89.35,74.00,269,215,0.0114,,EA,IMP
COSMOS 2251 DEB,1993-036VZ,34587,DEB,D,CIS,1993-06-16,PLMSC,2011-06-29,91.02,74.01,344,305,0.0124,,EA,IMP
COSMOS 2251 DEB,1993-036WA,34588,DEB,,CIS,1993-06-16,PLMSC,,99.82,74.04,763,737,0.0467,,EA,ORB
COSMOS 2251 DEB,1993-036WB,34589,DEB,,CIS,1993-06-16,PLMSC,,103.86,73.93,1123,759,0.0179,,EA,ORB
COSMOS 2251 DEB,1993-036WC,34590,DEB,,CIS,1993-06-16,PLMSC,,98.96,74.04,759,659,0.0064,,EA,ORB
COSMOS 2251 DEB,1993-036WD,34591,DEB,D,CIS,1993-06-16,PLMSC,2010-07-29,90.08,73.89,295,261,0.0112,,EA,IMP
COSMOS 2251 DEB,1993-036WE,34609,DEB,,CIS,1993-06-16,PLMSC,,101.22,73.73,918,715,0.0045,,EA,ORB
COSMOS 2251 DEB,1993-036WF,34610,DEB,,CIS,1993-06-16,PLMSC,,102.26,74.02,997,734,0.0141,,EA,ORB
COSMOS 2251 DEB,1993-036WG,34611,DEB,,CIS,1993-06-16,PLMSC,,97.71,74.05,665,634,0.0153,,EA,ORB
COSMOS 2251 DEB,1993-036WH,34612,DEB,D,CIS,1993-06-16,PLMSC,2010-03-18,90.05,73.87,278,276,0.0091,,EA,IMP
COSMOS 2251 DEB,1993-036WJ,34613,DEB,,CIS,1993-06-16,PLMSC,,100.85,73.96,879,720,0.0111,,EA,ORB
COSMOS 2251 DEB,1993-036WK,34614,DEB,,CIS,1993-06-16,PLMSC,,101.26,73.88,949,688,0.0034,,EA,ORB
COSMOS 2251 DEB,1993-036WL,34615,DEB,,CIS,1993-06-16,PLMSC,,106.47,74.00,1358,768,0.0088,,EA,ORB
COSMOS 2251 DEB,1993-036WM,34616,DEB,D,CIS,1993-06-16,PLMSC,2022-06-09,91.48,73.99,371,324,0.0228,,EA,IMP
COSMOS 2251 DEB,1993-036WN,34617,DEB,D,CIS,1993-06-16,PLMSC,2012-04-24,90.56,73.90,321,283,0.0137,,EA,IMP
COSMOS 2251 DEB,1993-036WP,34618,DEB,D,CIS,1993-06-16,PLMSC,2015-03-10,89.98,73.93,288,259,0.0060,,EA,IMP
COSMOS 2251 DEB,1993-036WQ,34619,DEB,,CIS,1993-06-16,PLMSC,,98.28,74.04,741,612,0.0193,,EA,ORB
COSMOS 2251 DEB,1993-036WR,34620,DEB,,CIS,1993-06-16,PLMSC,,99.06,74.05,766,661,0.0128,,EA,ORB
COSMOS 2251 DEB,1993-036WS,34621,DEB,D,CIS,1993-06-16,PLMSC,2011-10-24,89.46,73.98,270,226,0.0044,,EA,IMP
COSMOS 2251 DEB,1993-036WT,34622,DEB,,CIS,1993-06-16,PLMSC,,101.21,74.04,893,738,0.0042,,EA,ORB
COSMOS 2251 DEB,1993-036WU,34623,DEB,D,CIS,1993-06-16,PLMSC,2009-07-05,90.59,73.97,316,291,0.0297,,EA,IMP
COSMOS 2251 DEB,1993-036WV,34624,DEB,D,CIS,1993-06-16,PLMSC,2022-01-26,89.03,73.94,230,223,0.0030,,EA,IMP
COSMOS 2251 DEB,1993-036WW,34625,DEB,D,CIS,1993-06-16,PLMSC,2014-03-29,89.55,73.95,266,238,0.0251,,EA,IMP
COSMOS 2251 DEB,1993-036WX,34626,DEB,,CIS,1993-06-16,PLMSC,,97.65,74.05,667,626,0.0112,,EA,ORB
COSMOS 2251 DEB,1993-036WY,34627,DEB,D,CIS,1993-06-16,PLMSC,2010-01-10,91.07,73.98,344,310,0.0287,,EA,IMP
COSMOS 2251 DEB,1993-036WZ,34628,DEB,D,CIS,1993-06-16,PLMSC,2014-03-19,88.69,73.94,224,195,0.0220,,EA,IMP
COSMOS 2251 DEB,1993-036XA,34629,DEB,D,CIS,1993-06-16,PLMSC,2023-04-27,91.48,73.75,357,337,0.0040,,EA,IMP
COSMOS 2251 DEB,1993-036XB,34630,DEB,D,CIS,1993-06-16,PLMSC,2009-04-28,92.48,73.90,447,346,0.0532,,EA,IMP
COSMOS 2251 DEB,1993-036XC,34631,DEB,D,CIS,1993-06-16,PLMSC,2021-08-04,89.40,73.96,259,232,0.0132,,EA,IMP
COSMOS 2251 DEB,1993-036XD,34632,DEB,D,CIS,1993-06-16,PLMSC,2013-12-01,90.14,73.94,293,270,0.0116,,EA,IMP
COSMOS 2251 DEB,1993-036XE,34633,DEB,D,CIS,1993-06-16,PLMSC,2012-02-01,89.37,73.85,251,236,0.0107,,EA,IMP
COSMOS 2251 DEB,1993-036XF,34634,DEB,,CIS,1993-06-16,PLMSC,,98.88,74.05,738,672,0.0087,,EA,ORB
COSMOS 2251 DEB,1993-036XG,34635,DEB,,CIS,1993-06-16,PLMSC,,97.88,74.04,679,635,0.0191,,EA,ORB
COSMOS 2251 DEB,1993-036XH,34636,DEB,D,CIS,1993-06-16,PLMSC,2011-10-29,89.96,73.96,294,252,0.0214,,EA,IMP
COSMOS 2251 DEB,1993-036XJ,34637,DEB,,CIS,1993-06-16,PLMSC,,98.51,74.05,723,652,0.0340,,EA,ORB
COSMOS 2251 DEB,1993-036XK,34638,DEB,D,CIS,1993-06-16,PLMSC,2024-10-24,91.12,73.99,346,313,0.0260,,EA,IMP
COSMOS 2251 DEB,1993-036XL,34639,DEB,D,CIS,1993-06-16,PLMSC,2024-10-19,90.35,73.97,303,281,0.0092,,EA,IMP
COSMOS 2251 DEB,1993-036XM,34640,DEB,D,CIS,1993-06-16,PLMSC,2009-04-11,91.87,74.15,396,336,0.0054,,EA,IMP
COSMOS 2251 DEB,1993-036XN,34641,DEB,,CIS,1993-06-16,PLMSC,,99.07,73.84,725,703,0.0132,,EA,ORB
COSMOS 2251 DEB,1993-036XP,34642,DEB,,CIS,1993-06-16,PLMSC,,102.87,74.00,1045,744,0.0155,,EA,ORB
COSMOS 2251 DEB,1993-036XQ,34664,DEB,D,CIS,1993-06-16,PLMSC,2014-11-04,89.19,73.94,251,218,0.0460,,EA,IMP
COSMOS 2251 DEB,1993-036XR,34671,DEB,,CIS,1993-06-16,PLMSC,,97.92,74.03,668,650,0.0167,,EA,ORB
COSMOS 2251 DEB,1993-036XS,34672,DEB,,CIS,1993-06-16,PLMSC,,100.23,74.03,788,751,0.0142,,EA,ORB
COSMOS 2251 DEB,1993-036XT,34673,DEB,D,CIS,1993-06-16,PLMSC,2009-08-18,92.94,73.91,476,361,0.0135,,EA,IMP
COSMOS 2251 DEB,1993-036XU,34674,DEB,D,CIS,1993-06-16,PLMSC,2025-01-30,89.69,73.92,263,255,0.0175,,EA,IMP
COSMOS 2251 DEB,1993-036XV,34675,DEB,D,CIS,1993-06-16,PLMSC,2025-02-08,95.96,74.02,571,559,0.0005,,EA,IMP
COSMOS 2251 DEB,1993-036XW,34676,DEB,D,CIS,1993-06-16,PLMSC,2015-04-01,89.40,73.82,268,222,0.0106,,EA,IMP
COSMOS 2251 DEB,1993-036XX,34677,DEB,D,CIS,1993-06-16,PLMSC,2010-12-24,90.89,73.99,330,306,0.0130,,EA,IMP
COSMOS 2251 DEB,1993-036XY,34678,DEB,,CIS,1993-06-16,PLMSC,,100.69,74.04,810,772,0.0121,,EA,ORB
COSMOS 2251 DEB,1993-036XZ,34679,DEB,D,CIS,1993-06-16,PLMSC,2024-04-12,88.91,73.96,232,209,0.0050,,EA,IMP
COSMOS 2251 DEB,1993-036YA,34680,DEB,,CIS,1993-06-16,PLMSC,,98.44,74.04,689,679,0.0130,,EA,ORB
COSMOS 2251 DEB,1993-036YB,34681,DEB,,CIS,1993-06-16,PLMSC,,96.77,74.06,620,588,0.0260,,EA,ORB
COSMOS 2251 DEB,1993-036YC,34682,DEB,,CIS,1993-06-16,PLMSC,,98.61,74.04,705,679,0.0142,,EA,ORB
COSMOS 2251 DEB,1993-036YD,34683,DEB,,CIS,1993-06-16,PLMSC,,98.16,74.03,684,657,0.0240,,EA,ORB
COSMOS 2251 DEB,1993-036YE,34684,DEB,D,CIS,1993-06-16,PLMSC,2014-03-20,89.47,73.91,260,236,0.0178,,EA,IMP
COSMOS 2251 DEB,1993-036YF,34685,DEB,,CIS,1993-06-16,PLMSC,,98.67,74.03,705,685,0.0180,,EA,ORB
COSMOS 2251 DEB,1993-036YG,34686,DEB,D,CIS,1993-06-16,PLMSC,2009-08-07,91.51,73.99,395,302,0.0371,,EA,IMP
COSMOS 2251 DEB,1993-036YH,34687,DEB,D,CIS,1993-06-16,PLMSC,2023-08-10,89.20,73.88,249,221,0.0043,,EA,IMP
COSMOS 2251 DEB,1993-036YJ,34688,DEB,D,CIS,1993-06-16,PLMSC,2012-11-18,92.53,74.05,424,373,0.0166,,EA,IMP
COSMOS 2251 DEB,1993-036YK,34689,DEB,,CIS,1993-06-16,PLMSC,,102.32,74.09,1031,706,0.0076,,EA,ORB
COSMOS 2251 DEB,1993-036YL,34718,DEB,D,CIS,1993-06-16,PLMSC,2015-03-01,87.93,73.93,181,163,0.0069,,EA,IMP
COSMOS 2251 DEB,1993-036YM,34719,DEB,D,CIS,1993-06-16,PLMSC,2015-02-28,89.03,74.01,235,218,0.0180,,EA,IMP
COSMOS 2251 DEB,1993-036YN,34720,DEB,D,CIS,1993-06-16,PLMSC,2011-02-21,89.08,73.90,276,182,0.0181,,EA,IMP
COSMOS 2251 DEB,1993-036YP,34721,DEB,,CIS,1993-06-16,PLMSC,,103.02,73.92,1057,746,0.0160,,EA,ORB
COSMOS 2251 DEB,1993-036YQ,34722,DEB,,CIS,1993-06-16,PLMSC,,101.95,73.87,968,734,0.0131,,EA,ORB
COSMOS 2251 DEB,1993-036YR,34723,DEB,D,CIS,1993-06-16,PLMSC,2022-03-09,88.85,73.93,223,212,0.0041,,EA,IMP
COSMOS 2251 DEB,1993-036YS,34724,DEB,D,CIS,1993-06-16,PLMSC,2025-01-16,97.41,74.01,688,581,0.0156,,EA,IMP
COSMOS 2251 DEB,1993-036YT,34725,DEB,D,CIS,1993-06-16,PLMSC,2023-03-23,92.13,74.16,401,358,0.0152,,EA,IMP
COSMOS 2251 DEB,1993-036YU,34726,DEB,,CIS,1993-06-16,PLMSC,,98.60,74.03,723,660,0.0200,,EA,ORB
COSMOS 2251 DEB,1993-036YV,34727,DEB,D,CIS,1993-06-16,PLMSC,2015-11-07,88.21,73.88,194,177,0.0180,,EA,IMP
COSMOS 2251 DEB,1993-036YW,34728,DEB,,CIS,1993-06-16,PLMSC,,97.78,74.02,683,622,0.0128,,EA,ORB
COSMOS 2251 DEB,1993-036YX,34729,DEB,,CIS,1993-06-16,PLMSC,,96.68,74.01,612,587,0.0164,,EA,ORB
COSMOS 2251 DEB,1993-036YY,34730,DEB,D,CIS,1993-06-16,PLMSC,2016-06-26,88.95,73.92,231,214,0.0128,,EA,IMP
COSMOS 2251 DEB,1993-036YZ,34731,DEB,D,CIS,1993-06-16,PLMSC,2014-04-30,90.32,73.97,303,278,0.0127,,EA,IMP
COSMOS 2251 DEB,1993-036ZA,34732,DEB,,CIS,1993-06-16,PLMSC,,99.48,74.05,761,707,0.0031,,EA,ORB
COSMOS 2251 DEB,1993-036ZB,34733,DEB,D,CIS,1993-06-16,PLMSC,2015-08-21,94.48,73.99,498,488,0.0134,,EA,IMP
COSMOS 2251 DEB,1993-036ZC,34734,DEB,D,CIS,1993-06-16,PLMSC,2009-06-23,91.63,73.82,418,291,0.0112,,EA,IMP
COSMOS 2251 DEB,1993-036ZD,34735,DEB,D,CIS,1993-06-16,PLMSC,2023-08-29,92.70,74.00,423,391,0.0004,,EA,IMP
COSMOS 2251 DEB,1993-036ZE,34736,DEB,D,CIS,1993-06-16,PLMSC,2026-01-04,89.77,73.98,270,256,0.0521,,EA,IMP
COSMOS 2251 DEB,1993-036ZF,34737,DEB,D,CIS,1993-06-16,PLMSC,2023-09-03,90.89,73.99,329,307,0.0220,,EA,IMP
COSMOS 2251 DEB,1993-036ZG,34738,DEB,,CIS,1993-06-16,PLMSC,,99.53,74.02,769,704,0.0132,,EA,ORB
COSMOS 2251 DEB,1993-036ZH,34739,DEB,D,CIS,1993-06-16,PLMSC,2023-11-27,90.42,73.98,301,289,0.0051,,EA,IMP
COSMOS 2251 DEB,1993-036ZJ,34740,DEB,D,CIS,1993-06-16,PLMSC,2011-12-23,90.17,73.95,304,262,0.0159,,EA,IMP
COSMOS 2251 DEB,1993-036ZK,34741,DEB,D,CIS,1993-06-16,PLMSC,2022-09-22,89.89,73.96,278,259,0.0107,,EA,IMP
COSMOS 2251 DEB,1993-036ZL,34742,DEB,D,CIS,1993-06-16,PLMSC,2018-12-22,88.46,73.97,202,195,0.0148,,EA,IMP
COSMOS 2251 DEB,1993-036ZM,34743,DEB,D,CIS,1993-06-16,PLMSC,2017-04-28,89.09,73.94,238,221,0.0038,,EA,IMP
COSMOS 2251 DEB,1993-036ZN,34744,DEB,D,CIS,1993-06-16,PLMSC,2024-02-15,88.63,73.94,215,199,0.0057,,EA,IMP
COSMOS 2251 DEB,1993-036ZP,34745,DEB,D,CIS,1993-06-16,PLMSC,2022-08-19,90.25,73.98,300,273,0.0260,,EA,IMP
COSMOS 2251 DEB,1993-036ZQ,34746,DEB,D,CIS,1993-06-16,PLMSC,2024-03-01,88.93,73.97,234,209,0.0128,,EA,IMP
COSMOS 2251 DEB,1993-036ZR,34747,DEB,D,CIS,1993-06-16,PLMSC,2023-05-13,89.11,73.93,242,219,0.0030,,EA,IMP
COSMOS 2251 DEB,1993-036ZS,34748,DEB,D,CIS,1993-06-16,PLMSC,2013-05-18,89.75,73.99,275,250,0.0104,,EA,IMP
COSMOS 2251 DEB,1993-036ZT,34749,DEB,D,CIS,1993-06-16,PLMSC,2009-06-16,91.89,73.83,417,318,0.0153,,EA,IMP
COSMOS 2251 DEB,1993-036ZU,34750,DEB,,CIS,1993-06-16,PLMSC,,98.36,74.11,705,656,0.0110,,EA,ORB
COSMOS 2251 DEB,1993-036ZV,34751,DEB,D,CIS,1993-06-16,PLMSC,2024-10-11,93.21,73.96,447,416,0.0059,,EA,IMP
COSMOS 2251 DEB,1993-036ZW,34752,DEB,,CIS,1993-06-16,PLMSC,,95.60,74.01,580,515,0.0076,,EA,ORB
COSMOS 2251 DEB,1993-036ZX,34753,DEB,D,CIS,1993-06-16,PLMSC,2015-03-09,89.55,73.95,257,247,0.0204,,EA,IMP
COSMOS 2251 DEB,1993-036ZY,34754,DEB,,CIS,1993-06-16,PLMSC,,99.95,74.03,777,735,0.0142,,EA,ORB
COSMOS 2251 DEB,1993-036ZZ,34755,DEB,,CIS,1993-06-16,PLMSC,,106.59,73.92,1371,766,0.0136,,EA,ORB
COSMOS 2251 DEB,1993-036AAA,34756,DEB,,CIS,1993-06-16,PLMSC,,105.28,74.00,1258,757,0.0125,,EA,ORB
COSMOS 2251 DEB,1993-036AAB,34757,DEB,D,CIS,1993-06-16,PLMSC,2014-02-18,90.41,74.19,309,280,0.0144,,EA,IMP
COSMOS 2251 DEB,1993-036AAC,34758,DEB,,CIS,1993-06-16,PLMSC,,105.99,74.10,1328,753,0.0164,,EA,ORB
COSMOS 2251 DEB,1993-036AAD,34759,DEB,D,CIS,1993-06-16,PLMSC,2023-03-23,93.21,73.99,451,412,0.0103,,EA,IMP
COSMOS 2251 DEB,1993-036AAE,34760,DEB,,CIS,1993-06-16,PLMSC,,101.40,74.06,895,755,0.0140,,EA,ORB
COSMOS 2251 DEB,1993-036AAF,34761,DEB,,CIS,1993-06-16,PLMSC,,100.08,74.03,790,735,0.0166,,EA,ORB
COSMOS 2251 DEB,1993-036AAG,34762,DEB,D,CIS,1993-06-16,PLMSC,2009-12-03,91.96,74.01,393,348,0.0275,,EA,IMP
COSMOS 2251 DEB,1993-036AAH,34763,DEB,D,CIS,1993-06-16,PLMSC,2023-08-22,92.16,74.14,395,366,0.0130,,EA,IMP
COSMOS 2251 DEB,1993-036AAJ,34781,DEB,D,CIS,1993-06-16,PLMSC,2017-02-03,90.15,74.01,295,268,0.0054,,EA,IMP
COSMOS 2251 DEB,1993-036AAK,34782,DEB,D,CIS,1993-06-16,PLMSC,2012-05-03,91.44,74.08,349,341,0.0018,,EA,IMP
COSMOS 2251 DEB,1993-036AAL,34783,DEB,D,CIS,1993-06-16,PLMSC,2012-05-29,90.50,73.82,307,291,0.0032,,EA,IMP
COSMOS 2251 DEB,1993-036AAM,34784,DEB,,CIS,1993-06-16,PLMSC,,98.51,74.00,724,651,0.0052,,EA,ORB
COSMOS 2251 DEB,1993-036AAN,34785,DEB,D,CIS,1993-06-16,PLMSC,2014-04-02,88.44,74.00,211,183,0.0115,,EA,IMP
COSMOS 2251 DEB,1993-036AAP,34786,DEB,D,CIS,1993-06-16,PLMSC,2012-08-11,93.28,73.99,443,427,0.0110,,EA,IMP
COSMOS 2251 DEB,1993-036AAQ,34787,DEB,D,CIS,1993-06-16,PLMSC,2023-10-30,90.04,73.95,290,263,0.0015,,EA,IMP
COSMOS 2251 DEB,1993-036AAR,34788,DEB,D,CIS,1993-06-16,PLMSC,2025-07-29,89.25,73.93,244,230,0.0018,,EA,IMP
COSMOS 2251 DEB,1993-036AAS,34789,DEB,D,CIS,1993-06-16,PLMSC,2024-12-16,90.51,74.14,323,276,0.0138,,EA,IMP
COSMOS 2251 DEB,1993-036AAT,34790,DEB,,CIS,1993-06-16,PLMSC,,101.03,74.05,879,736,0.0124,,EA,ORB
COSMOS 2251 DEB,1993-036AAU,34791,DEB,D,CIS,1993-06-16,PLMSC,2023-09-04,89.92,73.97,280,262,0.0105,,EA,IMP
COSMOS 2251 DEB,1993-036AAV,34792,DEB,,CIS,1993-06-16,PLMSC,,98.78,74.02,709,692,0.0137,,EA,ORB
COSMOS 2251 DEB,1993-036AAW,34793,DEB,,CIS,1993-06-16,PLMSC,,100.07,74.00,799,725,0.0200,,EA,ORB
COSMOS 2251 DEB,1993-036AAX,34794,DEB,D,CIS,1993-06-16,PLMSC,2015-09-04,89.06,73.85,238,218,0.0019,,EA,IMP
COSMOS 2251 DEB,1993-036AAY,34795,DEB,D,CIS,1993-06-16,PLMSC,2015-04-18,89.74,73.87,276,248,0.0023,,EA,IMP
COSMOS 2251 DEB,1993-036AAZ,34796,DEB,,CIS,1993-06-16,PLMSC,,99.33,74.03,796,657,0.0112,,EA,ORB
COSMOS 2251 DEB,1993-036ABA,34797,DEB,,CIS,1993-06-16,PLMSC,,99.64,73.98,792,691,0.0166,,EA,ORB
COSMOS 2251 DEB,1993-036ABB,34812,DEB,D,CIS,1993-06-16,PLMSC,2015-12-15,89.82,73.93,278,253,0.0100,,EA,IMP
COSMOS 2251 DEB,1993-036ABC,34813,DEB,,CIS,1993-06-16,PLMSC,,106.52,73.92,1399,731,0.0142,,EA,ORB
COSMOS 2251 DEB,1993-036ABD,34814,DEB,,CIS,1993-06-16,PLMSC,,100.15,73.89,803,729,0.0024,,EA,ORB
COSMOS 2251 DEB,1993-036ABE,34815,DEB,,CIS,1993-06-16,PLMSC,,97.22,74.04,663,588,0.0098,,EA,ORB
COSMOS 2251 DEB,1993-036ABF,34816,DEB,,CIS,1993-06-16,PLMSC,,105.98,73.88,1317,763,0.0153,,EA,ORB
COSMOS 2251 DEB,1993-036ABG,34817,DEB,D,CIS,1993-06-16,PLMSC,2014-05-22,89.88,73.96,291,246,0.0170,,EA,IMP
COSMOS 2251 DEB,1993-036ABH,34818,DEB,,CIS,1993-06-16,PLMSC,,100.19,74.04,786,749,0.0041,,EA,ORB
COSMOS 2251 DEB,1993-036ABJ,34819,DEB,,CIS,1993-06-16,PLMSC,,98.15,74.02,682,659,0.0127,,EA,ORB
COSMOS 2251 DEB,1993-036ABK,34820,DEB,D,CIS,1993-06-16,PLMSC,2016-01-13,88.84,73.94,225,209,0.0099,,EA,IMP
COSMOS 2251 DEB,1993-036ABL,34821,DEB,D,CIS,1993-06-16,PLMSC,2014-12-02,90.67,73.99,323,292,0.0121,,EA,IMP
COSMOS 2251 DEB,1993-036ABM,34822,DEB,D,CIS,1993-06-16,PLMSC,2023-01-03,90.89,73.98,330,306,0.0102,,EA,IMP
COSMOS 2251 DEB,1993-036ABN,34823,DEB,,CIS,1993-06-16,PLMSC,,98.91,74.04,815,598,0.0088,,EA,ORB
COSMOS 2251 DEB,1993-036ABP,34845,DEB,,CIS,1993-06-16,PLMSC,,99.57,74.02,753,723,0.0082,,EA,ORB
COSMOS 2251 DEB,1993-036ABQ,34846,DEB,,CIS,1993-06-16,PLMSC,,99.42,74.03,749,713,0.0071,,EA,ORB
COSMOS 2251 DEB,1993-036ABR,34847,DEB,D,CIS,1993-06-16,PLMSC,2025-06-14,90.32,73.98,305,275,0.0159,,EA,IMP
COSMOS 2251 DEB,1993-036ABS,34848,DEB,D,CIS,1993-06-16,PLMSC,2011-12-03,88.95,73.86,235,211,0.0039,,EA,IMP
COSMOS 2251 DEB,1993-036ABT,34849,DEB,D,CIS,1993-06-16,PLMSC,2013-12-09,91.85,74.02,383,347,0.0043,,EA,IMP
COSMOS 2251 DEB,1993-036ABU,34850,DEB,D,CIS,1993-06-16,PLMSC,2023-09-14,89.94,73.95,284,260,0.0120,,EA,IMP
COSMOS 2251 DEB,1993-036ABV,34851,DEB,D,CIS,1993-06-16,PLMSC,2012-07-26,92.58,73.82,439,364,0.0145,,EA,IMP
COSMOS 2251 DEB,1993-036ABW,34852,DEB,,CIS,1993-06-16,PLMSC,,100.20,74.03,780,756,0.0146,,EA,ORB
COSMOS 2251 DEB,1993-036ABX,34853,DEB,D,CIS,1993-06-16,PLMSC,2023-07-06,89.85,74.03,282,252,0.0142,,EA,IMP
COSMOS 2251 DEB,1993-036ABY,34854,DEB,,CIS,1993-06-16,PLMSC,,97.39,74.03,678,590,0.0122,,EA,ORB
COSMOS 2251 DEB,1993-036ABZ,34855,DEB,D,CIS,1993-06-16,PLMSC,2016-04-07,89.01,73.88,235,217,0.0068,,EA,IMP
COSMOS 2251 DEB,1993-036ACA,34856,DEB,,CIS,1993-06-16,PLMSC,,94.75,74.00,527,486,0.0126,,EA,ORB
COSMOS 2251 DEB,1993-036ACB,34857,DEB,,CIS,1993-06-16,PLMSC,,98.59,74.02,737,646,0.0096,,EA,ORB
COSMOS 2251 DEB,1993-036ACC,34858,DEB,D,CIS,1993-06-16,PLMSC,2017-03-05,90.05,74.00,288,266,0.0169,,EA,IMP
COSMOS 2251 DEB,1993-036ACD,34859,DEB,D,CIS,1993-06-16,PLMSC,2026-05-13,89.94,74.00,286,257,0.0139,,EA,IMP
COSMOS 2251 DEB,1993-036ACE,34860,DEB,D,CIS,1993-06-16,PLMSC,2024-04-01,89.99,73.97,290,258,0.0085,,EA,IMP
COSMOS 2251 DEB,1993-036ACF,34861,DEB,,CIS,1993-06-16,PLMSC,,92.66,73.99,415,394,0.0074,,EA,ORB
COSMOS 2251 DEB,1993-036ACG,34862,DEB,D,CIS,1993-06-16,PLMSC,2014-03-21,89.86,73.96,286,249,0.0135,,EA,IMP
COSMOS 2251 DEB,1993-036ACH,34863,DEB,D,CIS,1993-06-16,PLMSC,2015-08-30,89.35,73.98,256,228,0.0112,,EA,IMP
COSMOS 2251 DEB,1993-036ACJ,34864,DEB,D,CIS,1993-06-16,PLMSC,2010-09-19,91.65,74.02,387,324,0.0124,,EA,IMP
COSMOS 2251 DEB,1993-036ACK,34865,DEB,D,CIS,1993-06-16,PLMSC,2012-06-18,90.74,73.94,329,293,0.0072,,EA,IMP
COSMOS 2251 DEB,1993-036ACL,34873,DEB,D,CIS,1993-06-16,PLMSC,2023-01-14,92.63,73.96,426,381,0.0031,,EA,IMP
COSMOS 2251 DEB,1993-036ACM,34874,DEB,,CIS,1993-06-16,PLMSC,,100.18,74.04,805,729,0.0151,,EA,ORB
COSMOS 2251 DEB,1993-036ACN,34875,DEB,,CIS,1993-06-16,PLMSC,,99.33,74.04,737,716,0.0139,,EA,ORB
COSMOS 2251 DEB,1993-036ACP,34876,DEB,D,CIS,1993-06-16,PLMSC,2011-10-07,91.63,73.97,386,323,0.0087,,EA,IMP
COSMOS 2251 DEB,1993-036ACQ,34877,DEB,D,CIS,1993-06-16,PLMSC,2023-05-18,88.52,73.87,214,188,0.0087,,EA,IMP
COSMOS 2251 DEB,1993-036ACR,34878,DEB,,CIS,1993-06-16,PLMSC,,107.10,73.97,1417,768,0.0134,,EA,ORB
COSMOS 2251 DEB,1993-036ACS,34879,DEB,,CIS,1993-06-16,PLMSC,,107.47,73.91,1479,740,0.0091,,EA,ORB
COSMOS 2251 DEB,1993-036ACT,34880,DEB,D,CIS,1993-06-16,PLMSC,2013-05-03,91.97,73.81,380,363,0.0017,,EA,IMP
COSMOS 2251 DEB,1993-036ACU,34881,DEB,D,CIS,1993-06-16,PLMSC,2015-01-10,90.30,74.01,298,280,0.0076,,EA,IMP
COSMOS 2251 DEB,1993-036ACV,34882,DEB,,CIS,1993-06-16,PLMSC,,98.50,74.05,745,629,0.0129,,EA,ORB
COSMOS 2251 DEB,1993-036ACW,34883,DEB,,CIS,1993-06-16,PLMSC,,98.79,74.20,761,641,0.0069,,EA,ORB
COSMOS 2251 DEB,1993-036ACX,34884,DEB,,CIS,1993-06-16,PLMSC,,95.75,74.01,562,548,0.0108,,EA,ORB
COSMOS 2251 DEB,1993-036ACY,34885,DEB,,CIS,1993-06-16,PLMSC,,99.12,74.03,727,706,0.0470,,EA,ORB
COSMOS 2251 DEB,1993-036ACZ,34886,DEB,D,CIS,1993-06-16,PLMSC,2026-04-12,91.24,73.94,343,327,0.0113,,EA,IMP
COSMOS 2251 DEB,1993-036ADA,34887,DEB,D,CIS,1993-06-16,PLMSC,2015-01-04,88.32,73.89,202,181,0.0058,,EA,IMP
COSMOS 2251 DEB,1993-036ADB,34888,DEB,D,CIS,1993-06-16,PLMSC,2014-09-25,90.38,73.97,310,276,0.0105,,EA,IMP
COSMOS 2251 DEB,1993-036ADC,34907,DEB,D,CIS,1993-06-16,PLMSC,2026-01-07,90.90,73.95,323,315,0.0067,,EA,IMP
COSMOS 2251 DEB,1993-036ADD,34908,DEB,,CIS,1993-06-16,PLMSC,,100.13,74.06,794,735,0.0141,,EA,ORB
COSMOS 2251 DEB,1993-036ADE,34909,DEB,,CIS,1993-06-16,PLMSC,,97.34,74.01,689,574,0.0128,,EA,ORB
COSMOS 2251 DEB,1993-036ADF,34910,DEB,,CIS,1993-06-16,PLMSC,,107.62,73.87,1467,767,0.0151,,EA,ORB
COSMOS 2251 DEB,1993-036ADG,34911,DEB,,CIS,1993-06-16,PLMSC,,98.65,74.04,754,635,0.0051,,EA,ORB
COSMOS 2251 DEB,1993-036ADH,34912,DEB,D,CIS,1993-06-16,PLMSC,2024-12-18,90.01,74.12,289,261,0.0027,,EA,IMP
COSMOS 2251 DEB,1993-036ADJ,34913,DEB,,CIS,1993-06-16,PLMSC,,100.37,74.03,792,760,0.0101,,EA,ORB
COSMOS 2251 DEB,1993-036ADK,34914,DEB,D,CIS,1993-06-16,PLMSC,2025-04-02,91.80,73.96,380,346,0.0123,,EA,IMP
COSMOS 2251 DEB,1993-036ADL,34915,DEB,D,CIS,1993-06-16,PLMSC,2012-03-23,92.45,73.75,414,375,0.0097,,EA,IMP
COSMOS 2251 DEB,1993-036ADM,34916,DEB,D,CIS,1993-06-16,PLMSC,2024-04-14,89.60,74.02,266,243,0.0139,,EA,IMP
COSMOS 2251 DEB,1993-036ADN,34917,DEB,D,CIS,1993-06-16,PLMSC,2014-09-16,91.10,73.97,350,308,0.0095,,EA,IMP
COSMOS 2251 DEB,1993-036ADP,34918,DEB,,CIS,1993-06-16,PLMSC,,98.33,74.07,696,662,0.0196,,EA,ORB
COSMOS 2251 DEB,1993-036ADQ,34919,DEB,D,CIS,1993-06-16,PLMSC,2012-03-03,90.25,73.92,292,281,0.0046,,EA,IMP
COSMOS 2251 DEB,1993-036ADR,34920,DEB,D,CIS,1993-06-16,PLMSC,2025-07-01,91.93,73.97,377,362,0.0138,,EA,IMP
COSMOS 2251 DEB,1993-036ADS,34921,DEB,D,CIS,1993-06-16,PLMSC,2015-11-08,90.10,73.98,293,266,0.0026,,EA,IMP
COSMOS 2251 DEB,1993-036ADT,34922,DEB,D,CIS,1993-06-16,PLMSC,2023-12-20,90.46,74.12,304,290,0.0120,,EA,IMP
COSMOS 2251 DEB,1993-036ADU,34923,DEB,D,CIS,1993-06-16,PLMSC,2013-10-15,91.26,73.98,346,327,0.0137,,EA,IMP
COSMOS 2251 DEB,1993-036ADV,34924,DEB,,CIS,1993-06-16,PLMSC,,98.51,74.04,726,648,0.0132,,EA,ORB
COSMOS 2251 DEB,1993-036ADW,34925,DEB,D,CIS,1993-06-16,PLMSC,2012-01-27,91.29,73.92,357,319,0.0049,,EA,IMP
COSMOS 2251 DEB,1993-036ADX,34944,DEB,,CIS,1993-06-16,PLMSC,,101.78,73.75,1001,685,0.0156,,EA,ORB
COSMOS 2251 DEB,1993-036ADY,34945,DEB,D,CIS,1993-06-16,PLMSC,2015-05-01,89.77,73.86,282,243,0.0133,,EA,IMP
COSMOS 2251 DEB,1993-036ADZ,34946,DEB,,CIS,1993-06-16,PLMSC,,98.41,74.02,719,646,0.0004,,EA,ORB
COSMOS 2251 DEB,1993-036AEA,34947,DEB,D,CIS,1993-06-16,PLMSC,2012-08-09,94.66,73.90,555,449,0.0129,,EA,IMP
COSMOS 2251 DEB,1993-036AEB,34948,DEB,D,CIS,1993-06-16,PLMSC,2025-03-29,92.01,73.97,392,354,0.0096,,EA,IMP
COSMOS 2251 DEB,1993-036AEC,34949,DEB,,CIS,1993-06-16,PLMSC,,97.61,74.02,699,590,0.0164,,EA,ORB
COSMOS 2251 DEB,1993-036AED,34950,DEB,D,CIS,1993-06-16,PLMSC,2013-05-26,93.15,73.65,475,383,0.0110,,EA,IMP
COSMOS 2251 DEB,1993-036AEE,34951,DEB,D,CIS,1993-06-16,PLMSC,2025-10-21,91.06,73.97,335,318,0.0174,,EA,IMP
COSMOS 2251 DEB,1993-036AEF,34952,DEB,D,CIS,1993-06-16,PLMSC,2012-07-26,89.69,73.82,282,236,0.0067,,EA,IMP
COSMOS 2251 DEB,1993-036AEG,34953,DEB,,CIS,1993-06-16,PLMSC,,97.87,74.09,695,618,0.0130,,EA,ORB
COSMOS 2251 DEB,1993-036AEH,34954,DEB,D,CIS,1993-06-16,PLMSC,2025-06-24,94.50,73.96,511,478,0.0004,,EA,IMP
COSMOS 2251 DEB,1993-036AEJ,34955,DEB,,CIS,1993-06-16,PLMSC,,95.70,74.03,601,504,0.0131,,EA,ORB
COSMOS 2251 DEB,1993-036AEK,34956,DEB,D,CIS,1993-06-16,PLMSC,2012-02-27,90.92,74.04,328,312,0.0051,,EA,IMP
COSMOS 2251 DEB,1993-036AEL,34957,DEB,D,CIS,1993-06-16,PLMSC,2012-09-20,90.37,73.99,315,270,0.0131,,EA,IMP
COSMOS 2251 DEB,1993-036AEM,34958,DEB,D,CIS,1993-06-16,PLMSC,2025-11-05,89.63,73.97,259,253,0.0175,,EA,IMP
COSMOS 2251 DEB,1993-036AEN,34959,DEB,D,CIS,1993-06-16,PLMSC,2012-05-02,89.94,73.92,279,264,0.0073,,EA,IMP
COSMOS 2251 DEB,1993-036AEP,34960,DEB,D,CIS,1993-06-16,PLMSC,2014-08-27,90.44,73.95,316,276,0.0160,,EA,IMP
COSMOS 2251 DEB,1993-036AEQ,34961,DEB,D,CIS,1993-06-16,PLMSC,2014-05-18,93.22,73.88,454,410,0.0083,,EA,IMP
COSMOS 2251 DEB,1993-036AER,34962,DEB,,CIS,1993-06-16,PLMSC,,99.50,74.03,748,722,0.0105,,EA,ORB
COSMOS 2251 DEB,1993-036AES,34963,DEB,,CIS,1993-06-16,PLMSC,,99.10,74.17,743,688,0.0114,,EA,ORB
COSMOS 2251 DEB,1993-036AET,34964,DEB,,CIS,1993-06-16,PLMSC,,102.73,73.97,1039,737,0.0149,,EA,ORB
COSMOS 2251 DEB,1993-036AEU,34965,DEB,,CIS,1993-06-16,PLMSC,,99.36,74.05,746,711,0.0135,,EA,ORB
COSMOS 2251 DEB,1993-036AEV,34966,DEB,D,CIS,1993-06-16,PLMSC,2022-09-07,91.24,73.94,343,328,0.0120,,EA,IMP
COSMOS 2251 DEB,1993-036AEW,34967,DEB,,CIS,1993-06-16,PLMSC,,99.64,73.99,770,713,0.0144,,EA,ORB
COSMOS 2251 DEB,1993-036AEX,34968,DEB,,CIS,1993-06-16,PLMSC,,98.65,74.04,755,633,0.0096,,EA,ORB
COSMOS 2251 DEB,1993-036AEY,34969,DEB,,CIS,1993-06-16,PLMSC,,100.52,74.01,836,730,0.0149,,EA,ORB
COSMOS 2251 DEB,1993-036AEZ,34970,DEB,D,CIS,1993-06-16,PLMSC,2022-02-21,92.23,74.00,390,378,0.0158,,EA,IMP
COSMOS 2251 DEB,1993-036AFA,34971,DEB,,CIS,1993-06-16,PLMSC,,98.90,73.98,756,656,0.0100,,EA,ORB
COSMOS 2251 DEB,1993-036AFB,34972,DEB,,CIS,1993-06-16,PLMSC,,97.48,73.98,662,614,0.0057,,EA,ORB
COSMOS 2251 DEB,1993-036AFC,34973,DEB,D,CIS,1993-06-16,PLMSC,2011-05-26,89.82,74.01,276,256,0.0047,,EA,IMP
COSMOS 2251 DEB,1993-036AFD,34974,DEB,D,CIS,1993-06-16,PLMSC,2011-11-27,95.25,73.99,575,486,0.0038,,EA,IMP
COSMOS 2251 DEB,1993-036AFE,34975,DEB,D,CIS,1993-06-16,PLMSC,2012-09-05,93.42,73.90,480,404,0.0134,,EA,IMP
COSMOS 2251 DEB,1993-036AFF,34976,DEB,,CIS,1993-06-16,PLMSC,,97.29,74.05,660,598,0.0140,,EA,ORB
COSMOS 2251 DEB,1993-036AFG,34977,DEB,D,CIS,1993-06-16,PLMSC,2024-11-20,92.56,73.98,416,384,0.0166,,EA,IMP
COSMOS 2251 DEB,1993-036AFH,34978,DEB,D,CIS,1993-06-16,PLMSC,2023-11-09,88.90,73.96,232,209,0.0140,,EA,IMP
COSMOS 2251 DEB,1993-036AFJ,34979,DEB,,CIS,1993-06-16,PLMSC,,97.10,74.04,652,587,0.0138,,EA,ORB
COSMOS 2251 DEB,1993-036AFK,34980,DEB,D,CIS,1993-06-16,PLMSC,2009-07-06,93.16,73.86,514,345,0.0100,,EA,IMP
COSMOS 2251 DEB,1993-036AFL,34981,DEB,D,CIS,1993-06-16,PLMSC,2014-01-26,90.30,73.90,307,271,0.0164,,EA,IMP
COSMOS 2251 DEB,1993-036AFM,34989,DEB,D,CIS,1993-06-16,PLMSC,2025-11-28,90.19,73.98,293,274,0.0490,,EA,IMP
COSMOS 2251 DEB,1993-036AFN,34990,DEB,,CIS,1993-06-16,PLMSC,,99.80,74.05,760,738,0.0070,,EA,ORB
COSMOS 2251 DEB,1993-036AFP,34991,DEB,D,CIS,1993-06-16,PLMSC,2024-08-06,92.33,74.00,411,367,0.0184,,EA,IMP
COSMOS 2251 DEB,1993-036AFQ,34992,DEB,D,CIS,1993-06-16,PLMSC,2015-12-11,89.51,73.81,254,246,0.0074,,EA,IMP
COSMOS 2251 DEB,1993-036AFR,34993,DEB,D,CIS,1993-06-16,PLMSC,2023-02-24,90.20,73.97,287,281,0.0031,,EA,IMP
COSMOS 2251 DEB,1993-036AFS,34994,DEB,D,CIS,1993-06-16,PLMSC,2014-04-12,90.30,73.89,318,260,0.0110,,EA,IMP
COSMOS 2251 DEB,1993-036AFT,34995,DEB,D,CIS,1993-06-16,PLMSC,2024-01-01,97.81,73.83,679,628,0.0175,,EA,IMP
COSMOS 2251 DEB,1993-036AFU,34996,DEB,D,CIS,1993-06-16,PLMSC,2014-08-15,91.32,73.96,353,325,0.0058,,EA,IMP
COSMOS 2251 DEB,1993-036AFV,34997,DEB,,CIS,1993-06-16,PLMSC,,99.46,73.88,796,669,0.0098,,EA,ORB
COSMOS 2251 DEB,1993-036AFW,34998,DEB,,CIS,1993-06-16,PLMSC,,99.30,74.01,739,711,0.0120,,EA,ORB
COSMOS 2251 DEB,1993-036AFX,34999,DEB,D,CIS,1993-06-16,PLMSC,2017-04-06,89.91,73.96,281,258,0.0100,,EA,IMP
COSMOS 2251 DEB,1993-036AFY,35000,DEB,D,CIS,1993-06-16,PLMSC,2025-12-12,90.87,73.99,324,311,0.0132,,EA,IMP
COSMOS 2251 DEB,1993-036AFZ,35012,DEB,,CIS,1993-06-16,PLMSC,,99.60,74.02,796,683,0.0082,,EA,ORB
COSMOS 2251 DEB,1993-036AGA,35013,DEB,D,CIS,1993-06-16,PLMSC,2012-10-29,92.31,73.92,421,354,0.0109,,EA,IMP
COSMOS 2251 DEB,1993-036AGB,35014,DEB,,CIS,1993-06-16,PLMSC,,97.29,73.99,636,622,0.0129,,EA,ORB
COSMOS 2251 DEB,1993-036AGC,35015,DEB,,CIS,1993-06-16,PLMSC,,99.43,73.95,784,679,0.0072,,EA,ORB
COSMOS 2251 DEB,1993-036AGD,35016,DEB,,CIS,1993-06-16,PLMSC,,100.31,73.93,853,694,0.0139,,EA,ORB
COSMOS 2251 DEB,1993-036AGE,35017,DEB,D,CIS,1993-06-16,PLMSC,2013-02-28,89.48,73.86,258,240,0.0140,,EA,IMP
COSMOS 2251 DEB,1993-036AGF,35018,DEB,,CIS,1993-06-16,PLMSC,,105.28,73.98,1261,754,0.0024,,EA,ORB
COSMOS 2251 DEB,1993-036AGG,35019,DEB,D,CIS,1993-06-16,PLMSC,2023-06-04,90.61,73.96,325,284,0.0105,,EA,IMP
COSMOS 2251 DEB,1993-036AGH,35020,DEB,,CIS,1993-06-16,PLMSC,,98.42,74.04,746,620,0.0124,,EA,ORB
COSMOS 2251 DEB,1993-036AGJ,35021,DEB,D,CIS,1993-06-16,PLMSC,2015-07-19,92.10,73.92,404,351,0.0102,,EA,IMP
COSMOS 2251 DEB,1993-036AGK,35022,DEB,,CIS,1993-06-16,PLMSC,,98.51,74.02,721,654,0.0076,,EA,ORB
COSMOS 2251 DEB,1993-036AGL,35023,DEB,,CIS,1993-06-16,PLMSC,,95.73,74.03,573,534,0.0162,,EA,ORB
COSMOS 2251 DEB,1993-036AGM,35024,DEB,D,CIS,1993-06-16,PLMSC,2013-12-03,95.54,74.06,580,510,0.0094,,EA,IMP
COSMOS 2251 DEB,1993-036AGN,35025,DEB,,CIS,1993-06-16,PLMSC,,97.70,73.94,705,592,0.0167,,EA,ORB
COSMOS 2251 DEB,1993-036AGP,35026,DEB,,CIS,1993-06-16,PLMSC,,99.05,74.05,773,653,0.0083,,EA,ORB
COSMOS 2251 DEB,1993-036AGQ,35027,DEB,D,CIS,1993-06-16,PLMSC,2011-05-18,90.69,74.16,320,297,0.0019,,EA,IMP
COSMOS 2251 DEB,1993-036AGR,35028,DEB,,CIS,1993-06-16,PLMSC,,98.85,74.04,763,644,0.0113,,EA,ORB
COSMOS 2251 DEB,1993-036AGS,35029,DEB,D,CIS,1993-06-16,PLMSC,2012-01-15,89.64,74.02,280,233,0.0031,,EA,IMP
COSMOS 2251 DEB,1993-036AGT,35030,DEB,D,CIS,1993-06-16,PLMSC,2013-08-13,94.72,74.04,541,468,0.0138,,EA,IMP
COSMOS 2251 DEB,1993-036AGU,35031,DEB,,CIS,1993-06-16,PLMSC,,100.10,74.04,777,749,0.0085,,EA,ORB
COSMOS 2251 DEB,1993-036AGV,35032,DEB,,CIS,1993-06-16,PLMSC,,98.60,73.85,737,646,0.0159,,EA,ORB
COSMOS 2251 DEB,1993-036AGW,35033,DEB,,CIS,1993-06-16,PLMSC,,99.17,74.02,729,709,0.0100,,EA,ORB
COSMOS 2251 DEB,1993-036AGX,35034,DEB,D,CIS,1993-06-16,PLMSC,2018-05-17,94.57,74.00,523,473,0.0127,,EA,IMP
COSMOS 2251 DEB,1993-036AGY,35035,DEB,D,CIS,1993-06-16,PLMSC,2014-04-18,93.95,74.06,496,439,0.0130,,EA,IMP
COSMOS 2251 DEB,1993-036AGZ,35036,DEB,D,CIS,1993-06-16,PLMSC,2021-12-28,101.12,74.07,889,734,0.0030,,EA,IMP
COSMOS 2251 DEB,1993-036AHA,35037,DEB,D,CIS,1993-06-16,PLMSC,2025-12-01,92.68,73.96,413,399,0.0115,,EA,IMP
COSMOS 2251 DEB,1993-036AHB,35038,DEB,,CIS,1993-06-16,PLMSC,,100.92,74.11,882,723,0.0113,,EA,ORB
COSMOS 2251 DEB,1993-036AHC,35039,DEB,D,CIS,1993-06-16,PLMSC,2023-05-11,93.46,73.97,456,432,0.0151,,EA,IMP
COSMOS 2251 DEB,1993-036AHD,35040,DEB,D,CIS,1993-06-16,PLMSC,2014-09-17,96.79,73.96,678,532,0.0113,,EA,IMP
COSMOS 2251 DEB,1993-036AHE,35041,DEB,D,CIS,1993-06-16,PLMSC,2013-11-07,94.69,73.89,538,470,0.0088,,EA,IMP
COSMOS 2251 DEB,1993-036AHF,35042,DEB,D,CIS,1993-06-16,PLMSC,2023-03-23,93.23,73.99,440,424,0.0144,,EA,IMP
COSMOS 2251 DEB,1993-036AHG,35043,DEB,,CIS,1993-06-16,PLMSC,,96.66,73.94,650,548,0.0018,,EA,ORB
COSMOS 2251 DEB,1993-036AHH,35044,DEB,D,CIS,1993-06-16,PLMSC,2014-04-18,92.01,74.00,391,355,0.0121,,EA,IMP
COSMOS 2251 DEB,1993-036AHJ,35045,DEB,,CIS,1993-06-16,PLMSC,,102.80,73.72,1022,760,0.0150,,EA,ORB
COSMOS 2251 DEB,1993-036AHK,35046,DEB,D,CIS,1993-06-16,PLMSC,2013-09-30,90.77,73.95,320,305,0.0095,,EA,IMP
COSMOS 2251 DEB,1993-036AHL,35047,DEB,D,CIS,1993-06-16,PLMSC,2016-11-08,90.77,73.98,316,309,0.0155,,EA,IMP
COSMOS 2251 DEB,1993-036AHM,35058,DEB,D,CIS,1993-06-16,PLMSC,2022-09-10,89.24,73.97,243,230,0.0099,,EA,IMP
COSMOS 2251 DEB,1993-036AHN,35059,DEB,D,CIS,1993-06-16,PLMSC,2023-09-23,89.87,73.94,275,261,0.0142,,EA,IMP
COSMOS 2251 DEB,1993-036AHP,35060,DEB,,CIS,1993-06-16,PLMSC,,99.86,74.04,765,739,0.0068,,EA,ORB
COSMOS 2251 DEB,1993-036AHQ,35061,DEB,,CIS,1993-06-16,PLMSC,,97.99,74.04,692,633,0.0081,,EA,ORB
COSMOS 2251 DEB,1993-036AHR,35062,DEB,,CIS,1993-06-16,PLMSC,,101.06,74.08,900,718,0.0137,,EA,ORB
COSMOS 2251 DEB,1993-036AHS,35063,DEB,D,CIS,1993-06-16,PLMSC,2015-01-28,90.17,73.95,294,272,0.0149,,EA,IMP
COSMOS 2251 DEB,1993-036AHT,35064,DEB,D,CIS,1993-06-16,PLMSC,2012-12-16,92.00,74.32,404,341,0.0114,,EA,IMP
COSMOS 2251 DEB,1993-036AHU,35065,DEB,,CIS,1993-06-16,PLMSC,,99.56,74.02,751,724,0.0127,,EA,ORB
COSMOS 2251 DEB,1993-036AHV,35066,DEB,D,CIS,1993-06-16,PLMSC,2024-02-26,95.55,74.00,561,530,0.0080,,EA,IMP
COSMOS 2251 DEB,1993-036AHW,35067,DEB,D,CIS,1993-06-16,PLMSC,2024-10-25,95.36,73.74,564,508,0.0154,,EA,IMP
COSMOS 2251 DEB,1993-036AHX,35068,DEB,D,CIS,1993-06-16,PLMSC,2014-09-15,91.26,73.98,352,320,0.0082,,EA,IMP
COSMOS 2251 DEB,1993-036AHY,35069,DEB,D,CIS,1993-06-16,PLMSC,2015-02-12,99.35,74.02,823,632,0.0097,,EA,IMP
COSMOS 2251 DEB,1993-036AHZ,35070,DEB,D,CIS,1993-06-16,PLMSC,2013-03-14,96.31,73.90,649,516,0.0118,,EA,IMP
COSMOS 2251 DEB,1993-036AJA,35071,DEB,,CIS,1993-06-16,PLMSC,,95.44,73.93,583,497,0.0132,,EA,ORB
COSMOS 2251 DEB,1993-036AJB,35072,DEB,D,CIS,1993-06-16,PLMSC,2024-06-06,98.74,74.09,733,664,0.0124,,EA,IMP
COSMOS 2251 DEB,1993-036AJC,35073,DEB,,CIS,1993-06-16,PLMSC,,94.39,73.98,502,477,0.0121,,EA,ORB
COSMOS 2251 DEB,1993-036AJD,35074,DEB,D,CIS,1993-06-16,PLMSC,2014-03-07,92.34,73.94,412,367,0.0092,,EA,IMP
COSMOS 2251 DEB,1993-036AJE,35075,DEB,D,CIS,1993-06-16,PLMSC,2015-04-03,97.02,74.02,666,566,0.0134,,EA,IMP
COSMOS 2251 DEB,1993-036AJF,35076,DEB,D,CIS,1993-06-16,PLMSC,2024-11-26,96.63,73.96,632,563,0.0077,,EA,IMP
SL-16 DEB,1993-059K,35276,DEB,D,CIS,1993-09-16,TYMSC,2017-04-26,91.27,70.92,353,321,0.0142,,EA,IMP
SL-16 DEB,1993-059L,35277,DEB,D,CIS,1993-09-16,TYMSC,2014-08-19,89.39,70.89,265,224,0.0134,,EA,IMP
COSMOS 2251 DEB,1993-036AJG,35278,DEB,D,CIS,1993-06-16,PLMSC,2024-09-01,89.94,73.98,275,268,0.0064,,EA,IMP
COSMOS 2251 DEB,1993-036AJH,35279,DEB,D,CIS,1993-06-16,PLMSC,2023-09-07,90.71,73.96,330,289,0.0144,,EA,IMP
COSMOS 2251 DEB,1993-036AJJ,35280,DEB,D,CIS,1993-06-16,PLMSC,2025-11-23,93.02,73.98,427,418,0.0162,,EA,IMP
COSMOS 2251 DEB,1993-036AJK,35281,DEB,D,CIS,1993-06-16,PLMSC,2025-01-09,89.91,73.94,274,265,0.0173,,EA,IMP
COSMOS 2251 DEB,1993-036AJL,35282,DEB,D,CIS,1993-06-16,PLMSC,2024-11-09,90.35,74.09,303,281,0.0094,,EA,IMP
COSMOS 2251 DEB,1993-036AJM,35283,DEB,D,CIS,1993-06-16,PLMSC,2022-03-14,91.54,73.97,362,338,0.0034,,EA,IMP
COSMOS 2251 DEB,1993-036AJN,35284,DEB,,CIS,1993-06-16,PLMSC,,100.10,74.05,775,751,0.0102,,EA,ORB
COSMOS 2251 DEB,1993-036AJP,35285,DEB,D,CIS,1993-06-16,PLMSC,2025-07-11,90.38,73.97,307,280,0.0109,,EA,IMP
COSMOS 2251 DEB,1993-036AJQ,35286,DEB,D,CIS,1993-06-16,PLMSC,2015-02-02,89.95,73.93,282,262,0.0061,,EA,IMP
COSMOS 2251 DEB,1993-036AJR,35287,DEB,,CIS,1993-06-16,PLMSC,,100.24,74.03,783,756,0.0065,,EA,ORB
COSMOS 2251 DEB,1993-036AJS,35288,DEB,,CIS,1993-06-16,PLMSC,,98.08,73.95,691,643,0.0003,,EA,ORB
COSMOS 2251 DEB,1993-036AJT,35289,DEB,D,CIS,1993-06-16,PLMSC,2012-10-11,92.32,73.92,411,366,0.0102,,EA,IMP
COSMOS 2251 DEB,1993-036AJU,35290,DEB,,CIS,1993-06-16,PLMSC,,96.80,74.00,611,599,0.0085,,EA,ORB
COSMOS 2251 DEB,1993-036AJV,35291,DEB,D,CIS,1993-06-16,PLMSC,2024-03-03,89.51,73.99,259,241,0.0118,,EA,IMP
COSMOS 2251 DEB,1993-036AJW,35292,DEB,D,CIS,1993-06-16,PLMSC,2022-09-12,89.92,73.95,283,258,0.0102,,EA,IMP
SL-18 DEB,1993-014BB,35352,DEB,D,CIS,1993-03-25,PLMSC,2012-11-02,91.78,75.72,387,336,0.0104,,EA,IMP
SL-18 DEB,1993-014BC,35353,DEB,D,CIS,1993-03-25,PLMSC,2015-03-20,92.63,75.70,406,401,0.0102,,EA,IMP
SL-18 DEB,1993-014BD,35354,DEB,D,CIS,1993-03-25,PLMSC,2023-02-09,95.31,75.72,554,513,0.0082,,EA,IMP
SL-18 DEB,1993-014BE,35355,DEB,D,CIS,1993-03-25,PLMSC,2012-05-29,95.32,75.68,570,499,0.0047,,EA,IMP
SL-18 DEB,1993-014BF,35356,DEB,D,CIS,1993-03-25,PLMSC,2023-02-03,95.42,75.73,556,522,0.0089,,EA,IMP
SL-18 DEB,1993-014BG,35357,DEB,D,CIS,1993-03-25,PLMSC,2013-02-17,95.92,75.73,580,546,0.0048,,EA,IMP
SL-18 DEB,1993-014BH,35358,DEB,D,CIS,1993-03-25,PLMSC,2013-12-19,91.57,75.68,380,323,0.0062,,EA,IMP
SL-18 DEB,1993-014BJ,35359,DEB,D,CIS,1993-03-25,PLMSC,2022-12-21,94.34,75.72,494,479,0.0132,,EA,IMP
SL-18 DEB,1993-014BK,35360,DEB,D,CIS,1993-03-25,PLMSC,2023-02-09,95.16,75.73,549,504,0.0148,,EA,IMP
SL-18 DEB,1993-014BL,35361,DEB,D,CIS,1993-03-25,PLMSC,2016-10-16,92.28,75.51,452,320,0.0074,,EA,IMP
SCOUT G-1 DEB,1993-041E,35401,DEB,D,US,1993-06-25,AFWTR,2026-02-26,92.49,89.49,408,385,0.0131,,EA,IMP
SCOUT G-1 DEB,1993-041F,35402,DEB,D,US,1993-06-25,AFWTR,2012-02-22,89.30,89.47,256,224,0.0094,,EA,IMP
SCOUT G-1 DEB,1993-041G,35403,DEB,D,US,1993-06-25,AFWTR,2024-04-11,94.22,89.47,489,473,0.0095,,EA,IMP
COSMOS 2251 DEB,1993-036AJX,35429,DEB,D,CIS,1993-06-16,PLMSC,2022-07-15,90.90,73.88,321,317,0.0061,,EA,IMP
COSMOS 2251 DEB,1993-036AJY,35430,DEB,D,CIS,1993-06-16,PLMSC,2018-12-23,91.88,74.00,376,357,0.0152,,EA,IMP
COSMOS 2251 DEB,1993-036AJZ,35431,DEB,D,CIS,1993-06-16,PLMSC,2025-01-03,96.69,74.02,612,588,0.0127,,EA,IMP
COSMOS 2251 DEB,1993-036AKA,35432,DEB,D,CIS,1993-06-16,PLMSC,2026-03-15,91.82,74.01,374,353,0.0032,,EA,IMP
COSMOS 2251 DEB,1993-036AKB,35433,DEB,,CIS,1993-06-16,PLMSC,,100.34,74.03,795,755,0.0117,,EA,ORB
COSMOS 2251 DEB,1993-036AKC,35434,DEB,,CIS,1993-06-16,PLMSC,,100.96,74.04,866,742,0.0162,,EA,ORB
COSMOS 2251 DEB,1993-036AKD,35435,DEB,,CIS,1993-06-16,PLMSC,,96.94,74.01,620,604,0.0164,,EA,ORB
COSMOS 2251 DEB,1993-036AKE,35436,DEB,D,CIS,1993-06-16,PLMSC,2012-08-24,96.60,73.88,665,526,0.0123,,EA,IMP
COSMOS 2251 DEB,1993-036AKF,35437,DEB,D,CIS,1993-06-16,PLMSC,2013-11-29,90.83,73.86,328,303,0.0093,,EA,IMP
COSMOS 2251 DEB,1993-036AKG,35438,DEB,D,CIS,1993-06-16,PLMSC,2010-03-24,89.00,73.92,248,202,0.0028,,EA,IMP
COSMOS 2251 DEB,1993-036AKH,35439,DEB,,CIS,1993-06-16,PLMSC,,103.31,74.02,1089,741,0.0103,,EA,ORB
COSMOS 2251 DEB,1993-036AKJ,35440,DEB,,CIS,1993-06-16,PLMSC,,97.96,74.01,709,613,0.0114,,EA,ORB
COSMOS 2251 DEB,1993-036AKK,35441,DEB,,CIS,1993-06-16,PLMSC,,98.21,74.13,696,650,0.0144,,EA,ORB
COSMOS 2251 DEB,1993-036AKL,35442,DEB,,CIS,1993-06-16,PLMSC,,96.33,74.02,587,579,0.0164,,EA,ORB
COSMOS 2251 DEB,1993-036AKM,35443,DEB,,CIS,1993-06-16,PLMSC,,93.56,73.96,478,419,0.0110,,EA,ORB
COSMOS 2251 DEB,1993-036AKN,35444,DEB,D,CIS,1993-06-16,PLMSC,2017-12-27,89.54,73.88,259,244,0.0091,,EA,IMP
COSMOS 2251 DEB,1993-036AKP,35445,DEB,,CIS,1993-06-16,PLMSC,,98.45,74.03,783,586,0.0095,,EA,ORB
COSMOS 2251 DEB,1993-036AKQ,35446,DEB,,CIS,1993-06-16,PLMSC,,98.98,74.05,764,655,0.0089,,EA,ORB
COSMOS 2251 DEB,1993-036AKR,35447,DEB,D,CIS,1993-06-16,PLMSC,2012-01-19,89.93,73.96,288,253,0.0070,,EA,IMP
COSMOS 2251 DEB,1993-036AKS,35448,DEB,,CIS,1993-06-16,PLMSC,,98.90,73.90,713,700,0.0133,,EA,ORB
COSMOS 2251 DEB,1993-036AKT,35449,DEB,D,CIS,1993-06-16,PLMSC,2016-01-01,98.10,73.96,699,637,0.0069,,EA,IMP
COSMOS 2251 DEB,1993-036AKU,35450,DEB,D,CIS,1993-06-16,PLMSC,2013-09-27,96.25,73.94,674,484,0.0062,,EA,IMP
COSMOS 2251 DEB,1993-036AKV,35451,DEB,D,CIS,1993-06-16,PLMSC,2026-06-17,91.42,73.92,358,330,0.0053,,EA,IMP
COSMOS 2251 DEB,1993-036AKW,35452,DEB,D,CIS,1993-06-16,PLMSC,2012-09-02,90.55,73.83,328,276,0.0008,,EA,IMP
COSMOS 2251 DEB,1993-036AKX,35453,DEB,,CIS,1993-06-16,PLMSC,,100.08,74.01,811,713,0.0117,,EA,ORB
COSMOS 2251 DEB,1993-036AKY,35454,DEB,D,CIS,1993-06-16,PLMSC,2014-05-23,91.14,73.82,345,316,0.0073,,EA,IMP
COSMOS 2251 DEB,1993-036AKZ,35455,DEB,,CIS,1993-06-16,PLMSC,,99.24,74.03,794,650,0.0019,,EA,ORB
COSMOS 2251 DEB,1993-036ALA,35456,DEB,,CIS,1993-06-16,PLMSC,,97.68,73.95,689,607,0.0131,,EA,ORB
COSMOS 2251 DEB,1993-036ALB,35457,DEB,D,CIS,1993-06-16,PLMSC,2014-02-11,93.04,73.86,480,366,0.0119,,EA,IMP
COSMOS 2251 DEB,1993-036ALC,35458,DEB,D,CIS,1993-06-16,PLMSC,2013-11-27,91.12,73.90,349,310,0.0097,,EA,IMP
COSMOS 2251 DEB,1993-036ALD,35459,DEB,,CIS,1993-06-16,PLMSC,,100.15,73.87,778,754,0.0068,,EA,ORB
COSMOS 2251 DEB,1993-036ALE,35460,DEB,D,CIS,1993-06-16,PLMSC,2023-01-27,92.32,73.95,397,380,0.0047,,EA,IMP
COSMOS 2251 DEB,1993-036ALF,35461,DEB,D,CIS,1993-06-16,PLMSC,2024-11-16,95.81,73.81,572,543,0.0123,,EA,IMP
COSMOS 2251 DEB,1993-036ALG,35462,DEB,,CIS,1993-06-16,PLMSC,,100.64,74.04,848,730,0.0138,,EA,ORB
COSMOS 2251 DEB,1993-036ALH,35463,DEB,D,CIS,1993-06-16,PLMSC,2016-01-23,91.05,73.97,344,308,0.0153,,EA,IMP
COSMOS 2251 DEB,1993-036ALJ,35464,DEB,D,CIS,1993-06-16,PLMSC,2025-02-03,90.35,73.97,305,278,0.0100,,EA,IMP
COSMOS 2251 DEB,1993-036ALK,35465,DEB,,CIS,1993-06-16,PLMSC,,99.66,74.00,788,697,0.0077,,EA,ORB
COSMOS 2251 DEB,1993-036ALL,35466,DEB,D,CIS,1993-06-16,PLMSC,2013-06-12,96.37,74.01,628,542,0.0111,,EA,IMP
COSMOS 2251 DEB,1993-036ALM,35467,DEB,D,CIS,1993-06-16,PLMSC,2022-12-14,92.27,74.01,396,376,0.0146,,EA,IMP
COSMOS 2251 DEB,1993-036ALN,35468,DEB,D,CIS,1993-06-16,PLMSC,2020-11-06,89.85,74.01,275,259,0.0131,,EA,IMP
COSMOS 2251 DEB,1993-036ALP,35469,DEB,,CIS,1993-06-16,PLMSC,,99.31,74.02,780,671,0.0084,,EA,ORB
COSMOS 2251 DEB,1993-036ALQ,35470,DEB,D,CIS,1993-06-16,PLMSC,2014-10-16,89.90,73.87,283,255,0.0089,,EA,IMP
COSMOS 2251 DEB,1993-036ALR,35471,DEB,D,CIS,1993-06-16,PLMSC,2014-01-26,91.09,74.02,351,305,0.0066,,EA,IMP
COSMOS 2251 DEB,1993-036ALS,35472,DEB,D,CIS,1993-06-16,PLMSC,2013-05-19,89.78,73.99,298,229,0.0068,,EA,IMP
COSMOS 2251 DEB,1993-036ALT,35473,DEB,D,CIS,1993-06-16,PLMSC,2015-02-04,90.41,73.99,312,277,0.0189,,EA,IMP
COSMOS 2251 DEB,1993-036ALU,35474,DEB,D,CIS,1993-06-16,PLMSC,2024-11-03,89.83,73.90,270,262,0.0060,,EA,IMP
COSMOS 2251 DEB,1993-036ALV,35475,DEB,,CIS,1993-06-16,PLMSC,,97.65,74.02,660,633,0.0004,,EA,ORB
COSMOS 2251 DEB,1993-036ALW,35476,DEB,,CIS,1993-06-16,PLMSC,,97.19,73.98,635,614,0.0079,,EA,ORB
COSMOS 2251 DEB,1993-036ALX,35580,DEB,,CIS,1993-06-16,PLMSC,,103.98,73.90,1152,741,0.0157,,EA,ORB
COSMOS 2251 DEB,1993-036ALY,35581,DEB,D,CIS,1993-06-16,PLMSC,2024-08-14,98.61,74.00,775,609,0.0006,,EA,IMP
COSMOS 2251 DEB,1993-036ALZ,35582,DEB,,CIS,1993-06-16,PLMSC,,100.40,74.04,791,763,0.0050,,EA,ORB
COSMOS 2251 DEB,1993-036AMA,35583,DEB,,CIS,1993-06-16,PLMSC,,106.21,73.92,1336,765,0.0125,,EA,ORB
COSMOS 2251 DEB,1993-036AMB,35584,DEB,D,CIS,1993-06-16,PLMSC,2025-01-03,95.82,74.07,573,544,0.0031,,EA,IMP
COSMOS 2251 DEB,1993-036AMC,35585,DEB,,CIS,1993-06-16,PLMSC,,104.65,73.97,1202,754,0.0155,,EA,ORB
COSMOS 2251 DEB,1993-036AMD,35586,DEB,,CIS,1993-06-16,PLMSC,,106.48,74.02,1362,765,0.0152,,EA,ORB
COSMOS 2251 DEB,1993-036AME,35587,DEB,,CIS,1993-06-16,PLMSC,,97.81,74.00,724,584,0.0129,,EA,ORB
COSMOS 2251 DEB,1993-036AMF,35588,DEB,D,CIS,1993-06-16,PLMSC,2013-03-29,91.44,74.02,368,323,0.0121,,EA,IMP
COSMOS 2251 DEB,1993-036AMG,35589,DEB,D,CIS,1993-06-16,PLMSC,2022-03-11,89.79,73.93,276,252,0.0131,,EA,IMP
COSMOS 2251 DEB,1993-036AMH,35590,DEB,D,CIS,1993-06-16,PLMSC,2013-02-15,91.14,73.85,349,312,0.0013,,EA,IMP
COSMOS 2251 DEB,1993-036AMJ,35591,DEB,D,CIS,1993-06-16,PLMSC,2024-04-13,91.59,73.94,371,335,0.0137,,EA,IMP
COSMOS 2251 DEB,1993-036AMK,35592,DEB,D,CIS,1993-06-16,PLMSC,2025-03-04,90.61,73.98,316,293,0.0100,,EA,IMP
COSMOS 2251 DEB,1993-036AML,35593,DEB,,CIS,1993-06-16,PLMSC,,100.94,74.08,876,730,0.0114,,EA,ORB
COSMOS 2251 DEB,1993-036AMM,35594,DEB,,CIS,1993-06-16,PLMSC,,96.38,73.81,605,565,0.0111,,EA,ORB
COSMOS 2251 DEB,1993-036AMN,35595,DEB,D,CIS,1993-06-16,PLMSC,2011-07-18,90.28,73.84,314,263,0.0089,,EA,IMP
COSMOS 2251 DEB,1993-036AMP,35596,DEB,D,CIS,1993-06-16,PLMSC,2017-07-06,91.10,73.89,343,314,0.0068,,EA,IMP
COSMOS 2251 DEB,1993-036AMQ,35597,DEB,D,CIS,1993-06-16,PLMSC,2013-06-08,91.92,74.03,403,334,0.0097,,EA,IMP
COSMOS 2251 DEB,1993-036AMR,35598,DEB,D,CIS,1993-06-16,PLMSC,2022-08-22,91.16,73.90,343,321,0.0090,,EA,IMP
COSMOS 2251 DEB,1993-036AMS,35599,DEB,D,CIS,1993-06-16,PLMSC,2011-12-15,91.83,73.98,382,346,0.0117,,EA,IMP
COSMOS 2251 DEB,1993-036AMT,35600,DEB,D,CIS,1993-06-16,PLMSC,2024-07-22,98.06,73.99,707,624,0.0126,,EA,IMP
COSMOS 2251 DEB,1993-036AMU,35601,DEB,D,CIS,1993-06-16,PLMSC,2010-10-07,90.17,73.89,293,272,0.0096,,EA,IMP
COSMOS 2251 DEB,1993-036AMV,35602,DEB,,CIS,1993-06-16,PLMSC,,93.16,73.99,476,382,0.0149,,EA,ORB
COSMOS 2251 DEB,1993-036AMW,35603,DEB,D,CIS,1993-06-16,PLMSC,2016-11-20,92.42,73.97,407,380,0.0138,,EA,IMP
COSMOS 2251 DEB,1993-036AMX,35604,DEB,D,CIS,1993-06-16,PLMSC,2025-01-03,99.00,74.01,743,678,0.0128,,EA,IMP
COSMOS 2251 DEB,1993-036AMY,35605,DEB,D,CIS,1993-06-16,PLMSC,2026-02-14,93.62,73.87,467,436,0.0123,,EA,IMP
COSMOS 2251 DEB,1993-036AMZ,35606,DEB,,CIS,1993-06-16,PLMSC,,107.34,73.81,1442,765,0.0023,,EA,ORB
COSMOS 2251 DEB,1993-036ANA,35607,DEB,D,CIS,1993-06-16,PLMSC,2011-04-11,92.14,74.14,414,345,0.0007,,EA,IMP
COSMOS 2251 DEB,1993-036ANB,35608,DEB,D,CIS,1993-06-16,PLMSC,2014-09-16,90.72,74.18,328,292,0.0129,,EA,IMP
COSMOS 2251 DEB,1993-036ANC,35609,DEB,D,CIS,1993-06-16,PLMSC,2018-02-17,91.72,73.95,373,345,0.0156,,EA,IMP
COSMOS 2251 DEB,1993-036AND,35610,DEB,D,CIS,1993-06-16,PLMSC,2022-02-03,91.05,73.94,329,323,0.0033,,EA,IMP
COSMOS 2251 DEB,1993-036ANE,35611,DEB,,CIS,1993-06-16,PLMSC,,97.35,74.02,647,618,0.0127,,EA,ORB
COSMOS 2251 DEB,1993-036ANF,35612,DEB,D,CIS,1993-06-16,PLMSC,2020-10-31,89.46,73.94,257,239,0.0078,,EA,IMP
COSMOS 2251 DEB,1993-036ANG,35613,DEB,D,CIS,1993-06-16,PLMSC,2023-02-12,91.65,73.96,358,352,0.0061,,EA,IMP
COSMOS 2251 DEB,1993-036ANH,35614,DEB,,CIS,1993-06-16,PLMSC,,98.01,73.96,715,612,0.0206,,EA,ORB
COSMOS 2251 DEB,1993-036ANJ,35643,DEB,D,CIS,1993-06-16,PLMSC,2025-01-03,93.93,73.98,485,449,0.0125,,EA,IMP
COSMOS 2251 DEB,1993-036ANK,35644,DEB,D,CIS,1993-06-16,PLMSC,2022-06-14,90.13,73.96,299,263,0.0151,,EA,IMP
COSMOS 2251 DEB,1993-036ANL,35645,DEB,,CIS,1993-06-16,PLMSC,,99.45,73.96,780,684,0.0118,,EA,ORB
COSMOS 2251 DEB,1993-036ANM,35646,DEB,,CIS,1993-06-16,PLMSC,,107.37,73.87,1448,762,0.0168,,EA,ORB
COSMOS 2251 DEB,1993-036ANN,35647,DEB,,CIS,1993-06-16,PLMSC,,99.68,74.02,778,709,0.0119,,EA,ORB
COSMOS 2251 DEB,1993-036ANP,35648,DEB,D,CIS,1993-06-16,PLMSC,2014-05-19,91.54,74.06,377,323,0.0107,,EA,IMP
COSMOS 2251 DEB,1993-036ANQ,35649,DEB,D,CIS,1993-06-16,PLMSC,2014-05-04,91.30,73.95,371,305,0.0128,,EA,IMP
COSMOS 2251 DEB,1993-036ANR,35650,DEB,,CIS,1993-06-16,PLMSC,,96.59,74.04,607,584,0.0138,,EA,ORB
COSMOS 2251 DEB,1993-036ANS,35651,DEB,D,CIS,1993-06-16,PLMSC,2013-09-04,91.88,73.98,397,337,0.0111,,EA,IMP
COSMOS 2251 DEB,1993-036ANT,35652,DEB,D,CIS,1993-06-16,PLMSC,2015-06-24,90.98,73.99,340,305,0.0098,,EA,IMP
COSMOS 2251 DEB,1993-036ANU,35653,DEB,D,CIS,1993-06-16,PLMSC,2019-10-04,89.37,73.95,248,238,0.0110,,EA,IMP
COSMOS 2251 DEB,1993-036ANV,35654,DEB,D,CIS,1993-06-16,PLMSC,2015-01-10,89.89,74.03,282,256,0.0087,,EA,IMP
COSMOS 2251 DEB,1993-036ANW,35655,DEB,D,CIS,1993-06-16,PLMSC,2024-04-29,93.62,73.97,455,448,0.0005,,EA,IMP
COSMOS 2251 DEB,1993-036ANX,35656,DEB,D,CIS,1993-06-16,PLMSC,2011-04-30,91.24,73.93,364,307,0.0026,,EA,IMP
COSMOS 2251 DEB,1993-036ANY,35657,DEB,D,CIS,1993-06-16,PLMSC,2018-02-02,89.38,73.95,256,232,0.0098,,EA,IMP
COSMOS 2251 DEB,1993-036ANZ,35658,DEB,D,CIS,1993-06-16,PLMSC,2024-08-12,97.02,74.01,621,611,0.0139,,EA,IMP
COSMOS 2251 DEB,1993-036APA,35659,DEB,D,CIS,1993-06-16,PLMSC,2012-09-12,94.74,73.91,553,459,0.0006,,EA,IMP
COSMOS 2251 DEB,1993-036APB,35660,DEB,,CIS,1993-06-16,PLMSC,,99.27,74.04,736,712,0.0132,,EA,ORB
COSMOS 2251 DEB,1993-036APC,35661,DEB,,CIS,1993-06-16,PLMSC,,96.67,74.01,659,540,0.0061,,EA,ORB
COSMOS 2251 DEB,1993-036APD,35662,DEB,D,CIS,1993-06-16,PLMSC,2015-08-11,98.67,74.05,734,656,0.0085,,EA,IMP
COSMOS 2251 DEB,1993-036APE,35663,DEB,,CIS,1993-06-16,PLMSC,,98.03,74.02,670,659,0.0140,,EA,ORB
COSMOS 2251 DEB,1993-036APF,35664,DEB,D,CIS,1993-06-16,PLMSC,2017-07-28,92.56,73.83,402,397,0.0127,,EA,IMP
COSMOS 2251 DEB,1993-036APG,35665,DEB,D,CIS,1993-06-16,PLMSC,2011-08-08,92.97,74.08,482,358,0.0110,,EA,IMP
COSMOS 2251 DEB,1993-036APH,35666,DEB,D,CIS,1993-06-16,PLMSC,2014-03-06,92.03,73.86,396,352,0.0118,,EA,IMP
COSMOS 2251 DEB,1993-036APJ,35667,DEB,,CIS,1993-06-16,PLMSC,,98.49,74.05,700,673,0.0069,,EA,ORB
COSMOS 2251 DEB,1993-036APK,35668,DEB,,CIS,1993-06-16,PLMSC,,98.32,74.04,736,621,0.0089,,EA,ORB
COSMOS 2251 DEB,1993-036APL,35669,DEB,,CIS,1993-06-16,PLMSC,,106.07,73.86,1331,758,0.0124,,EA,ORB
COSMOS 2251 DEB,1993-036APM,35670,DEB,,CIS,1993-06-16,PLMSC,,95.90,73.89,582,543,0.0198,,EA,ORB
COSMOS 2251 DEB,1993-036APN,35671,DEB,,CIS,1993-06-16,PLMSC,,99.40,74.02,758,702,0.0144,,EA,ORB
COSMOS 2251 DEB,1993-036APP,35672,DEB,D,CIS,1993-06-16,PLMSC,2024-12-27,90.42,74.00,304,286,0.0089,,EA,IMP
COSMOS 2251 DEB,1993-036APQ,35673,DEB,D,CIS,1993-06-16,PLMSC,2022-10-13,93.78,73.92,467,452,0.0093,,EA,IMP
COSMOS 2251 DEB,1993-036APR,35674,DEB,,CIS,1993-06-16,PLMSC,,98.85,74.06,769,638,0.0126,,EA,ORB
COSMOS 2251 DEB,1993-036APS,35675,DEB,D,CIS,1993-06-16,PLMSC,2025-03-25,98.55,74.01,719,660,0.0110,,EA,IMP
COSMOS 2251 DEB,1993-036APT,35676,DEB,D,CIS,1993-06-16,PLMSC,2024-05-23,90.27,73.95,300,275,0.0138,,EA,IMP
COSMOS 2251 DEB,1993-036APU,35699,DEB,D,CIS,1993-06-16,PLMSC,2024-03-01,93.08,73.92,454,397,0.0120,,EA,IMP
COSMOS 2251 DEB,1993-036APV,35700,DEB,D,CIS,1993-06-16,PLMSC,2023-03-15,92.35,73.97,396,383,0.0035,,EA,IMP
COSMOS 2251 DEB,1993-036APW,35701,DEB,,CIS,1993-06-16,PLMSC,,104.22,74.00,1169,747,0.0090,,EA,ORB
COSMOS 2251 DEB,1993-036APX,35702,DEB,D,CIS,1993-06-16,PLMSC,2024-08-02,96.66,74.03,613,585,0.0169,,EA,IMP
COSMOS 2251 DEB,1993-036APY,35703,DEB,,CIS,1993-06-16,PLMSC,,96.39,74.05,630,541,0.0065,,EA,ORB
COSMOS 2251 DEB,1993-036APZ,35704,DEB,D,CIS,1993-06-16,PLMSC,2014-04-21,91.12,73.90,349,310,0.0078,,EA,IMP
COSMOS 2251 DEB,1993-036AQA,35705,DEB,,CIS,1993-06-16,PLMSC,,97.20,74.27,640,610,0.0076,,EA,ORB
COSMOS 2251 DEB,1993-036AQB,35706,DEB,,CIS,1993-06-16,PLMSC,,105.37,73.89,1267,757,0.0143,,EA,ORB
COSMOS 2251 DEB,1993-036AQC,35707,DEB,D,CIS,1993-06-16,PLMSC,2021-04-07,90.28,73.96,304,272,0.0028,,EA,IMP
COSMOS 2251 DEB,1993-036AQD,35708,DEB,D,CIS,1993-06-16,PLMSC,2012-08-15,92.80,73.53,453,370,0.0125,,EA,IMP
COSMOS 2251 DEB,1993-036AQE,35709,DEB,D,CIS,1993-06-16,PLMSC,2025-03-31,98.53,74.00,719,658,0.0140,,EA,IMP
COSMOS 2251 DEB,1993-036AQF,35710,DEB,D,CIS,1993-06-16,PLMSC,2015-05-01,89.20,73.99,251,218,0.0131,,EA,IMP
COSMOS 2251 DEB,1993-036AQG,35711,DEB,,CIS,1993-06-16,PLMSC,,98.33,74.05,738,620,0.0079,,EA,ORB
COSMOS 2251 DEB,1993-036AQH,35712,DEB,D,CIS,1993-06-16,PLMSC,2012-10-11,91.92,73.90,402,335,0.0016,,EA,IMP
COSMOS 2251 DEB,1993-036AQJ,35713,DEB,D,CIS,1993-06-16,PLMSC,2022-03-23,92.27,74.02,388,383,0.0151,,EA,IMP
COSMOS 2251 DEB,1993-036AQK,35714,DEB,D,CIS,1993-06-16,PLMSC,2011-11-16,91.93,73.98,418,320,0.0141,,EA,IMP
COSMOS 2251 DEB,1993-036AQL,35715,DEB,D,CIS,1993-06-16,PLMSC,2015-01-12,91.56,73.94,361,341,0.0101,,EA,IMP
COSMOS 2251 DEB,1993-036AQM,35716,DEB,,CIS,1993-06-16,PLMSC,,98.61,73.99,756,628,0.0065,,EA,ORB
COSMOS 2251 DEB,1993-036AQN,35717,DEB,,CIS,1993-06-16,PLMSC,,99.99,74.16,813,703,0.0155,,EA,ORB
COSMOS 2251 DEB,1993-036AQP,35718,DEB,,CIS,1993-06-16,PLMSC,,97.79,74.03,661,645,0.0089,,EA,ORB
COSMOS 2251 DEB,1993-036AQQ,35719,DEB,D,CIS,1993-06-16,PLMSC,2013-11-26,93.23,74.09,456,409,0.0110,,EA,IMP
COSMOS 2251 DEB,1993-036AQR,35720,DEB,D,CIS,1993-06-16,PLMSC,2024-12-31,99.46,74.00,804,662,0.0130,,EA,IMP
COSMOS 2251 DEB,1993-036AQS,35721,DEB,,CIS,1993-06-16,PLMSC,,100.27,73.95,875,667,0.0154,,EA,ORB
COSMOS 2251 DEB,1993-036AQT,35722,DEB,D,CIS,1993-06-16,PLMSC,2014-10-15,89.47,74.08,261,236,0.0031,,EA,IMP
COSMOS 2251 DEB,1993-036AQU,35723,DEB,D,CIS,1993-06-16,PLMSC,2022-05-18,91.37,73.95,363,321,0.0027,,EA,IMP
COSMOS 2251 DEB,1993-036AQV,35724,DEB,,CIS,1993-06-16,PLMSC,,98.72,74.03,741,654,0.0116,,EA,ORB
COSMOS 2251 DEB,1993-036AQW,35725,DEB,D,CIS,1993-06-16,PLMSC,2011-12-11,92.98,73.89,453,388,0.0095,,EA,IMP
COSMOS 2251 DEB,1993-036AQX,35726,DEB,D,CIS,1993-06-16,PLMSC,2024-12-21,93.79,74.02,468,451,0.0123,,EA,IMP
COSMOS 2251 DEB,1993-036AQY,35727,DEB,D,CIS,1993-06-16,PLMSC,2015-11-22,91.90,73.96,393,343,0.0094,,EA,IMP
COSMOS 2251 DEB,1993-036AQZ,35728,DEB,D,CIS,1993-06-16,PLMSC,2012-10-11,93.68,73.98,516,394,0.0128,,EA,IMP
COSMOS 2251 DEB,1993-036ARA,35729,DEB,D,CIS,1993-06-16,PLMSC,2025-10-25,93.10,74.00,430,423,0.0170,,EA,IMP
COSMOS 2251 DEB,1993-036ARB,35730,DEB,D,CIS,1993-06-16,PLMSC,2021-11-12,91.29,73.97,344,332,0.0126,,EA,IMP
COSMOS 2251 DEB,1993-036ARC,35731,DEB,D,CIS,1993-06-16,PLMSC,2012-01-16,90.35,73.96,306,278,0.0038,,EA,IMP
COSMOS 2251 DEB,1993-036ARD,35759,DEB,,CIS,1993-06-16,PLMSC,,98.26,74.04,729,622,0.0084,,EA,ORB
COSMOS 2251 DEB,1993-036ARE,35760,DEB,D,CIS,1993-06-16,PLMSC,2022-12-22,91.46,73.96,350,343,0.0140,,EA,IMP
COSMOS 2251 DEB,1993-036ARF,35761,DEB,D,CIS,1993-06-16,PLMSC,2017-02-19,99.54,74.03,759,713,0.0056,,EA,IMP
COSMOS 2251 DEB,1993-036ARG,35762,DEB,D,CIS,1993-06-16,PLMSC,2012-11-05,94.06,74.01,507,439,0.0110,,EA,IMP
COSMOS 2251 DEB,1993-036ARH,35763,DEB,D,CIS,1993-06-16,PLMSC,2024-10-27,97.76,73.85,690,613,0.0092,,EA,IMP
COSMOS 2251 DEB,1993-036ARJ,35764,DEB,,CIS,1993-06-16,PLMSC,,97.29,74.02,647,610,0.0134,,EA,ORB
COSMOS 2251 DEB,1993-036ARK,35765,DEB,D,CIS,1993-06-16,PLMSC,2024-04-24,91.24,74.05,351,320,0.0025,,EA,IMP
COSMOS 2251 DEB,1993-036ARL,35766,DEB,D,CIS,1993-06-16,PLMSC,2013-05-10,94.68,73.96,545,462,0.0129,,EA,IMP
COSMOS 2251 DEB,1993-036ARM,35767,DEB,,CIS,1993-06-16,PLMSC,,98.95,73.99,738,679,0.0143,,EA,ORB
COSMOS 2251 DEB,1993-036ARN,35768,DEB,D,CIS,1993-06-16,PLMSC,2014-10-12,98.95,74.03,724,693,0.0116,,EA,IMP
COSMOS 2251 DEB,1993-036ARP,35769,DEB,D,CIS,1993-06-16,PLMSC,2023-09-29,99.01,74.07,757,666,0.0130,,EA,IMP
COSMOS 2251 DEB,1993-036ARQ,35770,DEB,D,CIS,1993-06-16,PLMSC,2014-10-04,92.31,74.06,393,383,0.0131,,EA,IMP
COSMOS 2251 DEB,1993-036ARR,35771,DEB,,CIS,1993-06-16,PLMSC,,101.55,74.16,975,690,0.0103,,EA,ORB
COSMOS 2251 DEB,1993-036ARS,35772,DEB,D,CIS,1993-06-16,PLMSC,2023-04-24,98.79,73.97,761,641,0.0135,,EA,IMP
COSMOS 2251 DEB,1993-036ART,35773,DEB,,CIS,1993-06-16,PLMSC,,98.41,74.00,716,649,0.0134,,EA,ORB
COSMOS 2251 DEB,1993-036ARU,35774,DEB,D,CIS,1993-06-16,PLMSC,2011-06-06,90.56,73.89,325,278,0.0030,,EA,IMP
COSMOS 2251 DEB,1993-036ARV,35775,DEB,D,CIS,1993-06-16,PLMSC,2024-11-20,92.76,74.00,426,393,0.0111,,EA,IMP
COSMOS 2251 DEB,1993-036ARW,35776,DEB,D,CIS,1993-06-16,PLMSC,2024-11-18,99.89,74.00,971,536,0.0125,,EA,IMP
COSMOS 2251 DEB,1993-036ARX,35777,DEB,,CIS,1993-06-16,PLMSC,,107.34,73.77,1439,768,0.0160,,EA,ORB
COSMOS 2251 DEB,1993-036ARY,35778,DEB,D,CIS,1993-06-16,PLMSC,2014-12-07,96.04,74.02,585,553,0.0097,,EA,IMP
COSMOS 2251 DEB,1993-036ARZ,35779,DEB,D,CIS,1993-06-16,PLMSC,2014-04-02,93.87,74.02,496,431,0.0100,,EA,IMP
COSMOS 2251 DEB,1993-036ASA,35780,DEB,D,CIS,1993-06-16,PLMSC,2015-03-16,91.24,73.85,365,306,0.0087,,EA,IMP
COSMOS 2251 DEB,1993-036ASB,35781,DEB,D,CIS,1993-06-16,PLMSC,2015-06-14,95.91,74.02,573,553,0.0144,,EA,IMP
COSMOS 2251 DEB,1993-036ASC,35782,DEB,D,CIS,1993-06-16,PLMSC,2022-11-29,93.55,73.95,452,445,0.0133,,EA,IMP
COSMOS 2251 DEB,1993-036ASD,35783,DEB,D,CIS,1993-06-16,PLMSC,2010-11-27,91.58,73.95,370,335,0.0125,,EA,IMP
COSMOS 2251 DEB,1993-036ASE,35784,DEB,,CIS,1993-06-16,PLMSC,,99.28,74.04,753,695,0.0046,,EA,ORB
COSMOS 2251 DEB,1993-036ASF,35785,DEB,D,CIS,1993-06-16,PLMSC,2024-09-08,99.06,73.94,756,672,0.0103,,EA,IMP
COSMOS 2251 DEB,1993-036ASG,35786,DEB,,CIS,1993-06-16,PLMSC,,98.05,74.01,691,640,0.0085,,EA,ORB
COSMOS 2251 DEB,1993-036ASH,35787,DEB,,CIS,1993-06-16,PLMSC,,100.20,74.04,783,752,0.0094,,EA,ORB
COSMOS 2251 DEB,1993-036ASJ,35788,DEB,D,CIS,1993-06-16,PLMSC,2024-10-11,92.77,73.98,426,395,0.0017,,EA,IMP
COSMOS 2251 DEB,1993-036ASK,35789,DEB,,CIS,1993-06-16,PLMSC,,100.27,74.04,806,736,0.0080,,EA,ORB
COSMOS 2251 DEB,1993-036ASL,35790,DEB,D,CIS,1993-06-16,PLMSC,2014-01-16,91.24,73.96,365,305,0.0094,,EA,IMP
COSMOS 2251 DEB,1993-036ASM,35791,DEB,D,CIS,1993-06-16,PLMSC,2014-08-26,95.72,73.97,605,501,0.0089,,EA,IMP
COSMOS 2251 DEB,1993-036ASN,35792,DEB,D,CIS,1993-06-16,PLMSC,2024-01-05,99.09,73.99,746,684,0.0125,,EA,IMP
COSMOS 2251 DEB,1993-036ASP,35793,DEB,,CIS,1993-06-16,PLMSC,,96.99,74.04,620,609,0.0098,,EA,ORB
COSMOS 2251 DEB,1993-036ASQ,35794,DEB,D,CIS,1993-06-16,PLMSC,2015-09-30,95.68,74.13,648,454,0.0141,,EA,IMP
COSMOS 2251 DEB,1993-036ASR,35795,DEB,D,CIS,1993-06-16,PLMSC,2023-10-27,91.09,73.96,329,327,0.0115,,EA,IMP
COSMOS 2251 DEB,1993-036ASS,35796,DEB,D,CIS,1993-06-16,PLMSC,2026-03-16,93.40,73.97,450,432,0.0129,,EA,IMP
COSMOS 2251 DEB,1993-036AST,35821,DEB,D,CIS,1993-06-16,PLMSC,2016-03-19,89.42,73.91,255,237,0.0115,,EA,IMP
COSMOS 2251 DEB,1993-036ASU,35822,DEB,D,CIS,1993-06-16,PLMSC,2020-01-07,90.07,73.99,282,274,0.0025,,EA,IMP
COSMOS 2251 DEB,1993-036ASV,35823,DEB,D,CIS,1993-06-16,PLMSC,2011-09-24,90.00,73.88,296,253,0.0014,,EA,IMP
COSMOS 2251 DEB,1993-036ASW,35824,DEB,,CIS,1993-06-16,PLMSC,,103.65,73.85,1116,746,0.0008,,EA,ORB
COSMOS 2251 DEB,1993-036ASX,35825,DEB,,CIS,1993-06-16,PLMSC,,104.97,74.11,1253,733,0.0142,,EA,ORB
COSMOS 2251 DEB,1993-036ASY,35826,DEB,D,CIS,1993-06-16,PLMSC,2010-09-08,90.36,73.94,330,254,0.0004,,EA,IMP
COSMOS 2251 DEB,1993-036ASZ,35827,DEB,D,CIS,1993-06-16,PLMSC,2014-05-23,95.38,74.09,571,503,0.0078,,EA,IMP
COSMOS 2251 DEB,1993-036ATA,35828,DEB,D,CIS,1993-06-16,PLMSC,2014-03-08,90.75,73.79,321,302,0.0159,,EA,IMP
COSMOS 2251 DEB,1993-036ATB,35829,DEB,,CIS,1993-06-16,PLMSC,,97.15,74.02,629,616,0.0160,,EA,ORB
COSMOS 2251 DEB,1993-036ATC,35830,DEB,,CIS,1993-06-16,PLMSC,,100.99,73.86,890,721,0.0112,,EA,ORB
COSMOS 2251 DEB,1993-036ATD,35831,DEB,D,CIS,1993-06-16,PLMSC,2024-10-25,98.81,74.01,724,680,0.0078,,EA,IMP
COSMOS 2251 DEB,1993-036ATE,35832,DEB,D,CIS,1993-06-16,PLMSC,2013-07-31,91.73,73.91,372,347,0.0091,,EA,IMP
COSMOS 2251 DEB,1993-036ATF,35833,DEB,D,CIS,1993-06-16,PLMSC,2014-12-28,97.74,74.03,653,648,0.0065,,EA,IMP
COSMOS 2251 DEB,1993-036ATG,35834,DEB,,CIS,1993-06-16,PLMSC,,101.90,73.93,929,768,0.0116,,EA,ORB
COSMOS 2251 DEB,1993-036ATH,35835,DEB,,CIS,1993-06-16,PLMSC,,104.08,74.06,1168,735,0.0094,,EA,ORB
COSMOS 2251 DEB,1993-036ATJ,35836,DEB,,CIS,1993-06-16,PLMSC,,97.55,74.03,657,626,0.0126,,EA,ORB
COSMOS 2251 DEB,1993-036ATK,35837,DEB,,CIS,1993-06-16,PLMSC,,105.46,73.73,1320,711,0.0130,,EA,ORB
COSMOS 2251 DEB,1993-036ATL,35838,DEB,D,CIS,1993-06-16,PLMSC,2012-09-28,90.49,73.91,322,275,0.0082,,EA,IMP
COSMOS 2251 DEB,1993-036ATM,35839,DEB,D,CIS,1993-06-16,PLMSC,2026-01-07,91.74,74.20,368,352,0.0118,,EA,IMP
COSMOS 2251 DEB,1993-036ATN,35840,DEB,,CIS,1993-06-16,PLMSC,,99.98,73.93,836,680,0.0098,,EA,ORB
COSMOS 2251 DEB,1993-036ATP,35841,DEB,D,CIS,1993-06-16,PLMSC,2023-04-20,91.08,74.02,346,309,0.0073,,EA,IMP
COSMOS 2251 DEB,1993-036ATQ,35842,DEB,D,CIS,1993-06-16,PLMSC,2012-06-11,93.57,74.00,489,410,0.0133,,EA,IMP
COSMOS 2251 DEB,1993-036ATR,35843,DEB,D,CIS,1993-06-16,PLMSC,2025-01-16,98.50,74.01,745,629,0.0130,,EA,IMP
COSMOS 2251 DEB,1993-036ATS,35879,DEB,D,CIS,1993-06-16,PLMSC,2011-01-13,90.85,74.03,341,291,0.0091,,EA,IMP
COSMOS 2251 DEB,1993-036ATT,35880,DEB,D,CIS,1993-06-16,PLMSC,2013-04-16,91.02,74.02,348,301,0.0148,,EA,IMP
COSMOS 2251 DEB,1993-036ATU,35881,DEB,D,CIS,1993-06-16,PLMSC,2024-11-13,93.10,74.17,448,404,0.0040,,EA,IMP
COSMOS 2251 DEB,1993-036ATV,35882,DEB,D,CIS,1993-06-16,PLMSC,2011-05-22,90.54,74.16,320,282,0.0133,,EA,IMP
COSMOS 2251 DEB,1993-036ATW,35883,DEB,,CIS,1993-06-16,PLMSC,,99.24,74.02,781,663,0.0059,,EA,ORB
COSMOS 2251 DEB,1993-036ATX,35884,DEB,,CIS,1993-06-16,PLMSC,,100.90,73.99,882,720,0.0086,,EA,ORB
COSMOS 2251 DEB,1993-036ATY,35885,DEB,,CIS,1993-06-16,PLMSC,,100.15,74.03,783,748,0.0153,,EA,ORB
COSMOS 2251 DEB,1993-036ATZ,35886,DEB,D,CIS,1993-06-16,PLMSC,2015-02-24,92.49,73.98,398,395,0.0110,,EA,IMP
COSMOS 2251 DEB,1993-036AUA,35887,DEB,,CIS,1993-06-16,PLMSC,,99.31,73.98,782,670,0.0153,,EA,ORB
COSMOS 2251 DEB,1993-036AUB,35888,DEB,,CIS,1993-06-16,PLMSC,,98.69,74.03,732,660,0.0114,,EA,ORB
COSMOS 2251 DEB,1993-036AUC,35889,DEB,D,CIS,1993-06-16,PLMSC,2015-07-12,90.86,74.00,334,299,0.0154,,EA,IMP
COSMOS 2251 DEB,1993-036AUD,35890,DEB,,CIS,1993-06-16,PLMSC,,98.58,73.93,729,652,0.0110,,EA,ORB
COSMOS 2251 DEB,1993-036AUE,35891,DEB,,CIS,1993-06-16,PLMSC,,91.66,73.97,373,339,0.0112,,EA,ORB
COSMOS 2251 DEB,1993-036AUF,35892,DEB,D,CIS,1993-06-16,PLMSC,2010-12-08,93.97,74.07,563,374,0.0048,,EA,IMP
COSMOS 2251 DEB,1993-036AUG,35893,DEB,D,CIS,1993-06-16,PLMSC,2025-05-06,93.44,73.62,459,427,0.0163,,EA,IMP
COSMOS 2251 DEB,1993-036AUH,35894,DEB,D,CIS,1993-06-16,PLMSC,2014-04-13,95.89,73.97,662,462,0.0131,,EA,IMP
COSMOS 2251 DEB,1993-036AUJ,35895,DEB,,CIS,1993-06-16,PLMSC,,102.66,74.05,1035,735,0.0119,,EA,ORB
COSMOS 2251 DEB,1993-036AUK,35896,DEB,D,CIS,1993-06-16,PLMSC,2015-03-27,95.53,73.99,555,533,0.0142,,EA,IMP
COSMOS 2251 DEB,1993-036AUL,35897,DEB,D,CIS,1993-06-16,PLMSC,2023-07-07,93.96,73.94,506,430,0.0115,,EA,IMP
COSMOS 2251 DEB,1993-036AUM,35898,DEB,,CIS,1993-06-16,PLMSC,,96.12,73.99,627,518,0.0096,,EA,ORB
COSMOS 2251 DEB,1993-036AUN,35899,DEB,D,CIS,1993-06-16,PLMSC,2013-08-29,94.90,74.00,539,489,0.0134,,EA,IMP
COSMOS 2251 DEB,1993-036AUP,35900,DEB,D,CIS,1993-06-16,PLMSC,2025-01-11,97.03,74.01,619,614,0.0160,,EA,IMP
COSMOS 2251 DEB,1993-036AUQ,35901,DEB,D,CIS,1993-06-16,PLMSC,2026-07-21,92.23,73.99,389,379,0.0139,,EA,IMP
COSMOS 2251 DEB,1993-036AUR,35902,DEB,,CIS,1993-06-16,PLMSC,,100.85,73.98,874,723,0.0107,,EA,ORB
COSMOS 2251 DEB,1993-036AUS,35903,DEB,D,CIS,1993-06-16,PLMSC,2025-02-28,91.45,74.03,360,332,0.0119,,EA,IMP
COSMOS 2251 DEB,1993-036AUT,35904,DEB,D,CIS,1993-06-16,PLMSC,2024-12-14,96.45,74.01,598,578,0.0071,,EA,IMP
COSMOS 2251 DEB,1993-036AUU,35905,DEB,,CIS,1993-06-16,PLMSC,,95.85,74.03,617,502,0.0165,,EA,ORB
COSMOS 2251 DEB,1993-036AUV,35906,DEB,D,CIS,1993-06-16,PLMSC,2024-04-02,89.73,73.97,266,256,0.0152,,EA,IMP
ARIANE 40 DEB,1993-061K,35955,DEB,D,FR,1993-09-26,FRGUI,2024-07-23,88.47,98.61,213,185,0.0135,,EA,IMP
COSMOS 2251 DEB,1993-036AUW,35956,DEB,,CIS,1993-06-16,PLMSC,,102.01,74.08,1018,690,0.0146,,EA,ORB
COSMOS 2251 DEB,1993-036AUX,35957,DEB,D,CIS,1993-06-16,PLMSC,2015-10-31,91.84,73.91,375,354,0.0108,,EA,IMP
COSMOS 2251 DEB,1993-036AUY,35958,DEB,D,CIS,1993-06-16,PLMSC,2018-02-11,92.31,73.77,400,376,0.0151,,EA,IMP
COSMOS 2251 DEB,1993-036AUZ,35959,DEB,,CIS,1993-06-16,PLMSC,,100.40,74.03,794,761,0.0076,,EA,ORB
COSMOS 2251 DEB,1993-036AVA,35960,DEB,D,CIS,1993-06-16,PLMSC,2023-02-09,91.59,73.97,354,351,0.0086,,EA,IMP
COSMOS 2251 DEB,1993-036AVB,35961,DEB,,CIS,1993-06-16,PLMSC,,102.38,73.93,1007,736,0.0093,,EA,ORB
COSMOS 2251 DEB,1993-036AVC,35962,DEB,D,CIS,1993-06-16,PLMSC,2025-01-13,98.27,74.01,701,650,0.0162,,EA,IMP
COSMOS 2251 DEB,1993-036AVD,35963,DEB,D,CIS,1993-06-16,PLMSC,2012-09-25,91.99,74.03,390,355,0.0038,,EA,IMP
COSMOS 2251 DEB,1993-036AVE,35964,DEB,D,CIS,1993-06-16,PLMSC,2014-01-29,90.96,73.91,339,304,0.0078,,EA,IMP
COSMOS 2251 DEB,1993-036AVF,35965,DEB,D,CIS,1993-06-16,PLMSC,2022-12-02,93.22,74.00,447,418,0.0098,,EA,IMP
COSMOS 2251 DEB,1993-036AVG,35966,DEB,,CIS,1993-06-16,PLMSC,,101.30,74.04,928,713,0.0166,,EA,ORB
COSMOS 2251 DEB,1993-036AVH,35967,DEB,D,CIS,1993-06-16,PLMSC,2013-03-10,92.07,73.95,394,358,0.0028,,EA,IMP
COSMOS 2251 DEB,1993-036AVJ,35968,DEB,D,CIS,1993-06-16,PLMSC,2023-12-12,92.10,73.67,394,361,0.0132,,EA,IMP
COSMOS 2251 DEB,1993-036AVK,35969,DEB,D,CIS,1993-06-16,PLMSC,2011-02-04,90.67,73.94,330,285,0.0024,,EA,IMP
COSMOS 2251 DEB,1993-036AVL,35970,DEB,D,CIS,1993-06-16,PLMSC,2025-08-21,91.87,74.00,381,352,0.0130,,EA,IMP
COSMOS 2251 DEB,1993-036AVM,35971,DEB,D,CIS,1993-06-16,PLMSC,2011-09-20,92.91,73.91,476,358,0.0176,,EA,IMP
COSMOS 2251 DEB,1993-036AVN,35972,DEB,D,CIS,1993-06-16,PLMSC,2012-03-21,96.86,73.92,712,504,0.0086,,EA,IMP
COSMOS 2251 DEB,1993-036AVP,35973,DEB,D,CIS,1993-06-16,PLMSC,2013-04-01,90.57,73.89,328,277,0.0106,,EA,IMP
COSMOS 2251 DEB,1993-036AVQ,35974,DEB,D,CIS,1993-06-16,PLMSC,2025-04-25,94.32,74.00,500,471,0.0109,,EA,IMP
COSMOS 2251 DEB,1993-036AVR,35975,DEB,,CIS,1993-06-16,PLMSC,,100.82,74.05,879,716,0.0109,,EA,ORB
COSMOS 2251 DEB,1993-036AVS,35976,DEB,D,CIS,1993-06-16,PLMSC,2025-01-25,99.56,74.03,772,703,0.0086,,EA,IMP
COSMOS 2251 DEB,1993-036AVT,35977,DEB,D,CIS,1993-06-16,PLMSC,2012-10-03,94.02,73.90,487,455,0.0108,,EA,IMP
COSMOS 2251 DEB,1993-036AVU,35978,DEB,D,CIS,1993-06-16,PLMSC,2015-02-03,94.41,73.94,508,472,0.0060,,EA,IMP
COSMOS 2251 DEB,1993-036AVV,35979,DEB,,CIS,1993-06-16,PLMSC,,97.49,74.01,680,597,0.0098,,EA,ORB
COSMOS 2251 DEB,1993-036AVW,35980,DEB,,CIS,1993-06-16,PLMSC,,98.50,73.91,724,650,0.0170,,EA,ORB
COSMOS 2251 DEB,1993-036AVX,35981,DEB,D,CIS,1993-06-16,PLMSC,2014-06-13,91.27,74.03,362,311,0.0132,,EA,IMP
COSMOS 2251 DEB,1993-036AVY,35982,DEB,,CIS,1993-06-16,PLMSC,,98.36,74.05,727,634,0.0082,,EA,ORB
COSMOS 2251 DEB,1993-036AVZ,35983,DEB,D,CIS,1993-06-16,PLMSC,2023-03-15,93.84,74.02,468,456,0.0122,,EA,IMP
COSMOS 2251 DEB,1993-036AWA,35984,DEB,D,CIS,1993-06-16,PLMSC,2023-01-31,93.59,73.97,479,421,0.0155,,EA,IMP
COSMOS 2251 DEB,1993-036AWB,35985,DEB,D,CIS,1993-06-16,PLMSC,2012-12-02,92.95,74.02,450,388,0.0131,,EA,IMP
COSMOS 2251 DEB,1993-036AWC,35986,DEB,D,CIS,1993-06-16,PLMSC,2023-10-13,97.60,74.02,651,637,0.0136,,EA,IMP
COSMOS 2251 DEB,1993-036AWD,35987,DEB,,CIS,1993-06-16,PLMSC,,99.69,74.00,780,708,0.0115,,EA,ORB
COSMOS 2251 DEB,1993-036AWE,35988,DEB,D,CIS,1993-06-16,PLMSC,2023-04-27,100.19,74.02,794,742,0.0076,,EA,IMP
COSMOS 2251 DEB,1993-036AWF,35989,DEB,,CIS,1993-06-16,PLMSC,,100.19,74.04,784,751,0.0085,,EA,ORB
COSMOS 2251 DEB,1993-036AWG,35990,DEB,D,CIS,1993-06-16,PLMSC,2012-02-16,92.88,73.97,436,395,0.0091,,EA,IMP
COSMOS 2251 DEB,1993-036AWH,35991,DEB,D,CIS,1993-06-16,PLMSC,2022-04-11,92.38,73.88,394,389,0.0081,,EA,IMP
COSMOS 2251 DEB,1993-036AWJ,35992,DEB,,CIS,1993-06-16,PLMSC,,98.21,73.95,737,609,0.0043,,EA,ORB
COSMOS 2251 DEB,1993-036AWK,35993,DEB,,CIS,1993-06-16,PLMSC,,98.16,74.01,692,649,0.0061,,EA,ORB
COSMOS 2251 DEB,1993-036AWL,35994,DEB,D,CIS,1993-06-16,PLMSC,2013-11-25,91.62,73.98,371,337,0.0074,,EA,IMP
COSMOS 2251 DEB,1993-036AWM,35995,DEB,D,CIS,1993-06-16,PLMSC,2011-08-25,96.85,74.02,756,460,0.0017,,EA,IMP
COSMOS 2251 DEB,1993-036AWN,35996,DEB,,CIS,1993-06-16,PLMSC,,95.14,74.02,583,469,0.0060,,EA,ORB
COSMOS 2251 DEB,1993-036AWP,35997,DEB,,CIS,1993-06-16,PLMSC,,99.14,74.04,728,707,0.0095,,EA,ORB
COSMOS 2251 DEB,1993-036AWQ,35998,DEB,D,CIS,1993-06-16,PLMSC,2011-05-08,92.51,73.93,446,349,0.0024,,EA,IMP
COSMOS 2251 DEB,1993-036AWR,35999,DEB,D,CIS,1993-06-16,PLMSC,2011-11-29,95.85,74.01,660,460,0.0042,,EA,IMP
COSMOS 2251 DEB,1993-036AWS,36000,DEB,,CIS,1993-06-16,PLMSC,,95.78,73.98,577,535,0.0112,,EA,ORB
COSMOS 2251 DEB,1993-036AWT,36001,DEB,D,CIS,1993-06-16,PLMSC,2024-02-24,100.00,73.97,790,727,0.0101,,EA,IMP
COSMOS 2251 DEB,1993-036AWU,36002,DEB,D,CIS,1993-06-16,PLMSC,2025-04-12,91.17,73.97,345,319,0.0115,,EA,IMP
COSMOS 2251 DEB,1993-036AWV,36003,DEB,D,CIS,1993-06-16,PLMSC,2012-02-03,92.07,73.95,418,334,0.0116,,EA,IMP
COSMOS 2251 DEB,1993-036AWW,36004,DEB,D,CIS,1993-06-16,PLMSC,2023-03-28,90.28,73.89,308,268,0.0119,,EA,IMP
COSMOS 2251 DEB,1993-036AWX,36005,DEB,,CIS,1993-06-16,PLMSC,,99.47,74.03,776,691,0.0149,,EA,ORB
COSMOS 2251 DEB,1993-036AWY,36006,DEB,D,CIS,1993-06-16,PLMSC,2014-01-02,93.19,74.02,448,413,0.0048,,EA,IMP
COSMOS 2251 DEB,1993-036AWZ,36007,DEB,,CIS,1993-06-16,PLMSC,,98.21,74.02,748,598,0.0076,,EA,ORB
COSMOS 2251 DEB,1993-036AXA,36008,DEB,,CIS,1993-06-16,PLMSC,,100.86,74.00,919,680,0.0107,,EA,ORB
COSMOS 2251 DEB,1993-036AXB,36040,DEB,D,CIS,1993-06-16,PLMSC,2011-11-01,92.44,74.19,439,348,0.0099,,EA,IMP
COSMOS 2251 DEB,1993-036AXC,36041,DEB,D,CIS,1993-06-16,PLMSC,2011-06-19,94.84,74.06,573,448,0.0023,,EA,IMP
COSMOS 2251 DEB,1993-036AXD,36042,DEB,D,CIS,1993-06-16,PLMSC,2022-10-07,92.48,73.83,401,391,0.0141,,EA,IMP
COSMOS 2251 DEB,1993-036AXE,36043,DEB,D,CIS,1993-06-16,PLMSC,2010-12-03,89.54,73.98,266,238,0.0126,,EA,IMP
COSMOS 2251 DEB,1993-036AXF,36044,DEB,D,CIS,1993-06-16,PLMSC,2014-07-24,92.93,73.97,435,401,0.0074,,EA,IMP
COSMOS 2251 DEB,1993-036AXG,36045,DEB,,CIS,1993-06-16,PLMSC,,97.57,73.76,675,610,0.0091,,EA,ORB
COSMOS 2251 DEB,1993-036AXH,36046,DEB,,CIS,1993-06-16,PLMSC,,98.19,74.02,713,632,0.0051,,EA,ORB
COSMOS 2251 DEB,1993-036AXJ,36047,DEB,,CIS,1993-06-16,PLMSC,,95.23,74.03,535,524,0.0074,,EA,ORB
COSMOS 2251 DEB,1993-036AXK,36048,DEB,,CIS,1993-06-16,PLMSC,,100.13,74.06,784,745,0.0132,,EA,ORB
COSMOS 2251 DEB,1993-036AXL,36049,DEB,,CIS,1993-06-16,PLMSC,,98.32,74.03,687,670,0.0115,,EA,ORB
COSMOS 2251 DEB,1993-036AXM,36050,DEB,,CIS,1993-06-16,PLMSC,,95.70,74.03,608,497,0.0081,,EA,ORB
COSMOS 2251 DEB,1993-036AXN,36051,DEB,D,CIS,1993-06-16,PLMSC,2015-09-28,96.02,73.99,582,554,0.0140,,EA,IMP
COSMOS 2251 DEB,1993-036AXP,36052,DEB,D,CIS,1993-06-16,PLMSC,2025-11-16,90.07,73.97,290,266,0.0165,,EA,IMP
COSMOS 2251 DEB,1993-036AXQ,36053,DEB,,CIS,1993-06-16,PLMSC,,98.61,73.87,713,672,0.0120,,EA,ORB
COSMOS 2251 DEB,1993-036AXR,36054,DEB,D,CIS,1993-06-16,PLMSC,2011-06-02,96.18,73.93,703,448,0.0063,,EA,IMP
COSMOS 2251 DEB,1993-036AXS,36055,DEB,D,CIS,1993-06-16,PLMSC,2025-01-14,90.52,73.98,301,300,0.0136,,EA,IMP
COSMOS 2251 DEB,1993-036AXT,36056,DEB,D,CIS,1993-06-16,PLMSC,2011-06-18,90.74,73.89,341,281,0.0111,,EA,IMP
COSMOS 2251 DEB,1993-036AXU,36057,DEB,D,CIS,1993-06-16,PLMSC,2023-10-27,90.88,73.93,336,300,0.0108,,EA,IMP
COSMOS 2251 DEB,1993-036AXV,36058,DEB,,CIS,1993-06-16,PLMSC,,98.64,74.02,726,661,0.0084,,EA,ORB
COSMOS 2251 DEB,1993-036AXW,36059,DEB,D,CIS,1993-06-16,PLMSC,2024-12-07,97.88,74.00,681,634,0.0150,,EA,IMP
COSMOS 2251 DEB,1993-036AXX,36060,DEB,,CIS,1993-06-16,PLMSC,,99.83,74.03,761,740,0.0019,,EA,ORB
COSMOS 2251 DEB,1993-036AXY,36061,DEB,,CIS,1993-06-16,PLMSC,,100.41,74.02,807,749,0.0074,,EA,ORB
COSMOS 2251 DEB,1993-036AXZ,36062,DEB,D,CIS,1993-06-16,PLMSC,2018-07-24,91.08,73.90,335,320,0.0140,,EA,IMP
COSMOS 2251 DEB,1993-036AYA,36063,DEB,D,CIS,1993-06-16,PLMSC,2011-12-19,95.48,73.96,628,456,0.0030,,EA,IMP
COSMOS 2251 DEB,1993-036AYB,36064,DEB,D,CIS,1993-06-16,PLMSC,2025-11-20,93.92,73.81,476,457,0.0121,,EA,IMP
COSMOS 2251 DEB,1993-036AYC,36065,DEB,D,CIS,1993-06-16,PLMSC,2012-04-07,96.78,74.01,759,450,0.0001,,EA,IMP
COSMOS 2251 DEB,1993-036AYD,36066,DEB,D,CIS,1993-06-16,PLMSC,2015-03-12,91.04,73.96,338,313,0.0067,,EA,IMP
COSMOS 2251 DEB,1993-036AYE,36067,DEB,D,CIS,1993-06-16,PLMSC,2024-02-25,97.67,74.00,656,638,0.0180,,EA,IMP
COSMOS 2251 DEB,1993-036AYF,36068,DEB,D,CIS,1993-06-16,PLMSC,2015-01-18,92.62,73.98,434,371,0.0134,,EA,IMP
COSMOS 2251 DEB,1993-036AYG,36069,DEB,D,CIS,1993-06-16,PLMSC,2020-09-28,90.22,73.99,290,281,0.0083,,EA,IMP
COSMOS 2251 DEB,1993-036AYH,36070,DEB,D,CIS,1993-06-16,PLMSC,2022-11-05,92.17,73.97,387,375,0.0146,,EA,IMP
COSMOS 2251 DEB,1993-036AYJ,36071,DEB,D,CIS,1993-06-16,PLMSC,2025-03-25,92.78,73.99,428,394,0.0122,,EA,IMP
COSMOS 2251 DEB,1993-036AYK,36072,DEB,D,CIS,1993-06-16,PLMSC,2011-08-21,93.61,74.08,512,390,0.0002,,EA,IMP
COSMOS 2251 DEB,1993-036AYL,36073,DEB,,CIS,1993-06-16,PLMSC,,100.33,74.03,793,756,0.0085,,EA,ORB
COSMOS 2251 DEB,1993-036AYM,36074,DEB,,CIS,1993-06-16,PLMSC,,99.63,73.99,774,708,0.0126,,EA,ORB
COSMOS 2251 DEB,1993-036AYN,36075,DEB,D,CIS,1993-06-16,PLMSC,2014-09-15,89.15,73.91,242,223,0.0114,,EA,IMP
COSMOS 2251 DEB,1993-036AYP,36076,DEB,D,CIS,1993-06-16,PLMSC,2023-08-30,97.27,73.84,653,603,0.0148,,EA,IMP
COSMOS 2251 DEB,1993-036AYQ,36077,DEB,D,CIS,1993-06-16,PLMSC,2024-05-10,90.98,73.94,333,313,0.0099,,EA,IMP
COSMOS 2251 DEB,1993-036AYR,36078,DEB,D,CIS,1993-06-16,PLMSC,2014-11-02,99.44,74.04,745,719,0.0158,,EA,IMP
COSMOS 2251 DEB,1993-036AYS,36079,DEB,D,CIS,1993-06-16,PLMSC,2022-10-07,91.36,74.01,357,325,0.0083,,EA,IMP
SL-16 DEB,1993-059M,36297,DEB,D,CIS,1993-09-16,TYMSC,2015-01-20,89.12,70.92,238,224,0.0407,,EA,IMP
COSMOS 2251 DEB,1993-036AYT,36366,DEB,,CIS,1993-06-16,PLMSC,,100.32,74.06,835,712,0.0106,,EA,ORB
COSMOS 2251 DEB,1993-036AYU,36367,DEB,,CIS,1993-06-16,PLMSC,,103.81,74.10,1130,747,0.0111,,EA,ORB
COSMOS 2251 DEB,1993-036AYV,36368,DEB,D,CIS,1993-06-16,PLMSC,2025-02-14,99.85,74.14,831,671,0.0050,,EA,IMP
COSMOS 2251 DEB,1993-036AYW,36369,DEB,,CIS,1993-06-16,PLMSC,,97.41,74.03,645,625,0.0142,,EA,ORB
COSMOS 2251 DEB,1993-036AYX,36370,DEB,D,CIS,1993-06-16,PLMSC,2014-01-22,93.37,74.05,467,413,0.0104,,EA,IMP
COSMOS 2251 DEB,1993-036AYY,36371,DEB,,CIS,1993-06-16,PLMSC,,97.58,74.01,649,636,0.0070,,EA,ORB
COSMOS 2251 DEB,1993-036AYZ,36372,DEB,D,CIS,1993-06-16,PLMSC,2024-11-24,97.90,74.00,680,636,0.0136,,EA,IMP
COSMOS 2251 DEB,1993-036AZA,36373,DEB,D,CIS,1993-06-16,PLMSC,2014-03-17,92.13,74.00,409,349,0.0064,,EA,IMP
COSMOS 2251 DEB,1993-036AZB,36374,DEB,D,CIS,1993-06-16,PLMSC,2012-08-24,95.53,73.95,578,511,0.0026,,EA,IMP
COSMOS 2251 DEB,1993-036AZC,36375,DEB,D,CIS,1993-06-16,PLMSC,2024-05-29,96.40,74.03,594,578,0.0112,,EA,IMP
COSMOS 2251 DEB,1993-036AZD,36376,DEB,D,CIS,1993-06-16,PLMSC,2015-12-02,90.55,73.96,305,298,0.0092,,EA,IMP
COSMOS 2251 DEB,1993-036AZE,36377,DEB,D,CIS,1993-06-16,PLMSC,2012-10-15,90.39,74.14,303,285,0.0010,,EA,IMP
COSMOS 2251 DEB,1993-036AZF,36378,DEB,D,CIS,1993-06-16,PLMSC,2024-03-07,89.88,74.03,284,253,0.0089,,EA,IMP
COSMOS 2251 DEB,1993-036AZG,36379,DEB,,CIS,1993-06-16,PLMSC,,100.25,74.01,804,736,0.0097,,EA,ORB
COSMOS 2251 DEB,1993-036AZH,36380,DEB,D,CIS,1993-06-16,PLMSC,2019-11-06,92.07,73.95,385,367,0.0102,,EA,IMP
COSMOS 2251 DEB,1993-036AZJ,36381,DEB,D,CIS,1993-06-16,PLMSC,2024-12-26,98.04,74.01,690,639,0.0142,,EA,IMP
COSMOS 2251 DEB,1993-036AZK,36382,DEB,D,CIS,1993-06-16,PLMSC,2011-02-25,90.99,73.80,344,302,0.0104,,EA,IMP
COSMOS 2251 DEB,1993-036AZL,36383,DEB,D,CIS,1993-06-16,PLMSC,2023-10-15,100.21,73.82,890,646,0.0100,,EA,IMP
COSMOS 2251 DEB,1993-036AZM,36384,DEB,D,CIS,1993-06-16,PLMSC,2025-01-04,91.64,73.98,369,341,0.0042,,EA,IMP
COSMOS 2251 DEB,1993-036AZN,36385,DEB,,CIS,1993-06-16,PLMSC,,97.46,73.97,728,546,0.0085,,EA,ORB
COSMOS 2251 DEB,1993-036AZP,36386,DEB,D,CIS,1993-06-16,PLMSC,2014-02-08,90.82,73.96,327,302,0.0073,,EA,IMP
COSMOS 2251 DEB,1993-036AZQ,36387,DEB,D,CIS,1993-06-16,PLMSC,2024-05-07,98.14,73.99,694,645,0.0165,,EA,IMP
COSMOS 2251 DEB,1993-036AZR,36388,DEB,D,CIS,1993-06-16,PLMSC,2021-04-28,98.66,73.98,803,586,0.0057,,EA,IMP
COSMOS 2251 DEB,1993-036AZS,36419,DEB,D,CIS,1993-06-16,PLMSC,2025-10-26,93.97,73.80,488,449,0.0144,,EA,IMP
COSMOS 2251 DEB,1993-036AZT,36420,DEB,,CIS,1993-06-16,PLMSC,,100.20,74.04,782,755,0.0070,,EA,ORB
COSMOS 2251 DEB,1993-036AZU,36421,DEB,D,CIS,1993-06-16,PLMSC,2011-11-17,95.24,73.97,657,404,0.0106,,EA,IMP
COSMOS 2251 DEB,1993-036AZV,36422,DEB,D,CIS,1993-06-16,PLMSC,2024-05-05,92.86,73.98,427,402,0.0082,,EA,IMP
COSMOS 2251 DEB,1993-036AZW,36423,DEB,,CIS,1993-06-16,PLMSC,,94.66,73.77,529,475,0.0082,,EA,ORB
COSMOS 2251 DEB,1993-036AZX,36424,DEB,D,CIS,1993-06-16,PLMSC,2025-08-06,92.94,74.15,431,406,0.0139,,EA,IMP
COSMOS 2251 DEB,1993-036AZY,36425,DEB,D,CIS,1993-06-16,PLMSC,2011-12-01,96.33,73.98,703,462,0.0085,,EA,IMP
COSMOS 2251 DEB,1993-036AZZ,36426,DEB,D,CIS,1993-06-16,PLMSC,2011-10-07,92.45,74.02,445,344,0.0003,,EA,IMP
COSMOS 2251 DEB,1993-036BAA,36427,DEB,D,CIS,1993-06-16,PLMSC,2014-12-16,90.48,73.92,310,285,0.0056,,EA,IMP
COSMOS 2251 DEB,1993-036BAB,36428,DEB,D,CIS,1993-06-16,PLMSC,2010-04-25,89.78,73.91,289,238,0.0006,,EA,IMP
COSMOS 2251 DEB,1993-036BAC,36429,DEB,D,CIS,1993-06-16,PLMSC,2010-10-27,90.90,73.69,348,290,0.0010,,EA,IMP
COSMOS 2251 DEB,1993-036BAD,36430,DEB,,CIS,1993-06-16,PLMSC,,100.83,74.01,866,729,0.0119,,EA,ORB
COSMOS 2251 DEB,1993-036BAE,36431,DEB,D,CIS,1993-06-16,PLMSC,2012-05-20,93.46,74.12,480,408,0.0030,,EA,IMP
COSMOS 2251 DEB,1993-036BAF,36432,DEB,D,CIS,1993-06-16,PLMSC,2020-01-19,92.10,73.67,387,368,0.0135,,EA,IMP
COSMOS 2251 DEB,1993-036BAG,36433,DEB,D,CIS,1993-06-16,PLMSC,2013-03-20,90.67,74.01,312,303,0.0089,,EA,IMP
COSMOS 2251 DEB,1993-036BAH,36434,DEB,D,CIS,1993-06-16,PLMSC,2024-10-20,100.57,74.02,817,754,0.0106,,EA,IMP
COSMOS 2251 DEB,1993-036BAJ,36435,DEB,D,CIS,1993-06-16,PLMSC,2025-10-04,99.91,73.83,817,691,0.0105,,EA,IMP
COSMOS 2251 DEB,1993-036BAK,36436,DEB,D,CIS,1993-06-16,PLMSC,2011-12-02,95.99,74.10,627,506,0.0175,,EA,IMP
COSMOS 2251 DEB,1993-036BAL,36437,DEB,,CIS,1993-06-16,PLMSC,,97.64,73.94,658,633,0.0105,,EA,ORB
COSMOS 2251 DEB,1993-036BAM,36438,DEB,D,CIS,1993-06-16,PLMSC,2011-12-16,89.69,73.87,271,247,0.0515,,EA,IMP
COSMOS 2251 DEB,1993-036BAN,36439,DEB,,CIS,1993-06-16,PLMSC,,106.79,73.97,1394,761,0.0126,,EA,ORB
COSMOS 2251 DEB,1993-036BAP,36440,DEB,D,CIS,1993-06-16,PLMSC,2011-12-25,95.29,73.93,598,468,0.0110,,EA,IMP
COSMOS 2251 DEB,1993-036BAQ,36441,DEB,,CIS,1993-06-16,PLMSC,,95.32,73.83,607,462,0.0091,,EA,ORB
COSMOS 2251 DEB,1993-036BAR,36442,DEB,D,CIS,1993-06-16,PLMSC,2026-02-01,91.90,73.93,378,357,0.0123,,EA,IMP
COSMOS 2251 DEB,1993-036BAS,36443,DEB,D,CIS,1993-06-16,PLMSC,2014-06-27,92.98,74.07,437,403,0.0128,,EA,IMP
COSMOS 2251 DEB,1993-036BAT,36444,DEB,D,CIS,1993-06-16,PLMSC,2011-03-30,91.15,73.89,383,278,0.0151,,EA,IMP
COSMOS 2251 DEB,1993-036BAU,36445,DEB,D,CIS,1993-06-16,PLMSC,2013-08-20,95.56,74.10,593,498,0.0152,,EA,IMP
COSMOS 2251 DEB,1993-036BAV,36446,DEB,D,CIS,1993-06-16,PLMSC,2014-12-31,94.95,73.94,586,446,0.0003,,EA,IMP
COSMOS 2251 DEB,1993-036BAW,36447,DEB,D,CIS,1993-06-16,PLMSC,2023-04-20,93.51,73.93,477,415,0.0154,,EA,IMP
COSMOS 2251 DEB,1993-036BAX,36448,DEB,D,CIS,1993-06-16,PLMSC,2025-04-27,98.43,74.09,707,660,0.0136,,EA,IMP
COSMOS 2251 DEB,1993-036BAY,36449,DEB,D,CIS,1993-06-16,PLMSC,2013-09-08,91.24,74.07,350,321,0.0097,,EA,IMP
COSMOS 2251 DEB,1993-036BAZ,36450,DEB,D,CIS,1993-06-16,PLMSC,2023-04-27,100.08,74.02,787,738,0.0106,,EA,IMP
COSMOS 2251 DEB,1993-036BBA,36451,DEB,,CIS,1993-06-16,PLMSC,,101.44,73.95,958,695,0.0164,,EA,ORB
COSMOS 2251 DEB,1993-036BBB,36452,DEB,D,CIS,1993-06-16,PLMSC,2014-10-27,97.86,73.98,670,643,0.0098,,EA,IMP
COSMOS 2251 DEB,1993-036BBC,36453,DEB,,CIS,1993-06-16,PLMSC,,99.01,73.92,760,663,0.0122,,EA,ORB
COSMOS 2251 DEB,1993-036BBD,36454,DEB,D,CIS,1993-06-16,PLMSC,2023-04-14,96.01,74.00,569,566,0.0114,,EA,IMP
COSMOS 2251 DEB,1993-036BBE,36455,DEB,D,CIS,1993-06-16,PLMSC,2014-09-16,97.78,74.02,661,644,0.0098,,EA,IMP
COSMOS 2251 DEB,1993-036BBF,36456,DEB,D,CIS,1993-06-16,PLMSC,2025-04-19,100.74,74.03,839,748,0.0069,,EA,IMP
COSMOS 2251 DEB,1993-036BBG,36457,DEB,D,CIS,1993-06-16,PLMSC,2024-06-05,99.40,74.05,763,697,0.0122,,EA,IMP
COSMOS 2251 DEB,1993-036BBH,36458,DEB,D,CIS,1993-06-16,PLMSC,2011-05-17,93.43,73.82,482,402,0.0005,,EA,IMP
COSMOS 2251 DEB,1993-036BBJ,36459,DEB,,CIS,1993-06-16,PLMSC,,100.84,74.04,883,714,0.0064,,EA,ORB
COSMOS 2251 DEB,1993-036BBK,36460,DEB,D,CIS,1993-06-16,PLMSC,2014-05-23,92.17,74.30,496,266,0.0127,,EA,IMP
COSMOS 2251 DEB,1993-036BBL,36461,DEB,D,CIS,1993-06-16,PLMSC,2021-07-06,91.79,73.92,367,359,0.0063,,EA,IMP
COSMOS 2251 DEB,1993-036BBM,36462,DEB,D,CIS,1993-06-16,PLMSC,2018-02-13,90.96,73.76,329,314,0.0127,,EA,IMP
COSMOS 2251 DEB,1993-036BBN,36463,DEB,D,CIS,1993-06-16,PLMSC,2014-04-07,99.56,74.05,751,724,0.0124,,EA,IMP
COSMOS 2251 DEB,1993-036BBP,36464,DEB,D,CIS,1993-06-16,PLMSC,2012-03-12,91.62,73.97,363,345,0.0084,,EA,IMP
COSMOS 2251 DEB,1993-036BBQ,36465,DEB,D,CIS,1993-06-16,PLMSC,2011-10-26,93.12,73.86,482,372,0.0009,,EA,IMP
COSMOS 2251 DEB,1993-036BBR,36466,DEB,D,CIS,1993-06-16,PLMSC,2011-12-10,92.30,74.03,451,324,0.0095,,EA,IMP
COSMOS 2251 DEB,1993-036BBS,36467,DEB,,CIS,1993-06-16,PLMSC,,95.53,73.82,559,530,0.0127,,EA,ORB
COSMOS 2251 DEB,1993-036BBT,36468,DEB,D,CIS,1993-06-16,PLMSC,2014-10-16,93.41,74.00,468,414,0.0087,,EA,IMP
COSMOS 2251 DEB,1993-036BBU,36469,DEB,D,CIS,1993-06-16,PLMSC,2013-07-24,94.45,73.92,554,430,0.0126,,EA,IMP
COSMOS 2251 DEB,1993-036BBV,36470,DEB,,CIS,1993-06-16,PLMSC,,91.07,73.81,343,311,0.0134,,EA,ORB
COSMOS 2251 DEB,1993-036BBW,36471,DEB,D,CIS,1993-06-16,PLMSC,2018-03-13,90.74,73.82,324,298,0.0095,,EA,IMP
COSMOS 2251 DEB,1993-036BBX,36472,DEB,D,CIS,1993-06-16,PLMSC,2012-03-03,91.45,74.05,398,293,0.0007,,EA,IMP
COSMOS 2251 DEB,1993-036BBY,36473,DEB,D,CIS,1993-06-16,PLMSC,2013-01-25,95.09,74.04,626,420,0.0087,,EA,IMP
COSMOS 2251 DEB,1993-036BBZ,36474,DEB,D,CIS,1993-06-16,PLMSC,2016-01-25,92.25,73.92,401,369,0.0081,,EA,IMP
COSMOS 2251 DEB,1993-036BCA,36475,DEB,D,CIS,1993-06-16,PLMSC,2012-01-25,91.67,74.02,391,323,0.0062,,EA,IMP
COSMOS 2251 DEB,1993-036BCB,36476,DEB,D,CIS,1993-06-16,PLMSC,2024-08-16,93.71,74.00,468,444,0.0099,,EA,IMP
COSMOS 2251 DEB,1993-036BCC,36477,DEB,D,CIS,1993-06-16,PLMSC,2014-01-04,93.82,74.00,485,438,0.0118,,EA,IMP
COSMOS 2251 DEB,1993-036BCD,36478,DEB,D,CIS,1993-06-16,PLMSC,2013-07-16,91.22,74.18,356,313,0.0089,,EA,IMP
COSMOS 2251 DEB,1993-036BCE,36479,DEB,D,CIS,1993-06-16,PLMSC,2022-09-17,90.37,73.98,311,274,0.0093,,EA,IMP
COSMOS 2251 DEB,1993-036BCF,36480,DEB,D,CIS,1993-06-16,PLMSC,2015-12-01,90.17,73.96,292,274,0.0060,,EA,IMP
COSMOS 2251 DEB,1993-036BCG,36481,DEB,D,CIS,1993-06-16,PLMSC,2010-06-09,90.64,73.85,360,252,0.0019,,EA,IMP
COSMOS 2251 DEB,1993-036BCH,36523,DEB,D,CIS,1993-06-16,PLMSC,2013-05-30,92.07,73.91,388,364,0.0097,,EA,IMP
COSMOS 2251 DEB,1993-036BCJ,36524,DEB,D,CIS,1993-06-16,PLMSC,2014-12-05,92.33,74.01,414,364,0.0096,,EA,IMP
COSMOS 2251 DEB,1993-036BCK,36525,DEB,D,CIS,1993-06-16,PLMSC,2012-03-07,91.28,74.03,351,323,0.0155,,EA,IMP
COSMOS 2251 DEB,1993-036BCL,36526,DEB,D,CIS,1993-06-16,PLMSC,2021-04-05,98.21,73.97,759,587,0.0112,,EA,IMP
COSMOS 2251 DEB,1993-036BCM,36527,DEB,D,CIS,1993-06-16,PLMSC,2014-09-30,99.58,74.02,754,723,0.0007,,EA,IMP
COSMOS 2251 DEB,1993-036BCN,36528,DEB,,CIS,1993-06-16,PLMSC,,100.60,74.01,847,726,0.0140,,EA,ORB
COSMOS 2251 DEB,1993-036BCP,36529,DEB,,CIS,1993-06-16,PLMSC,,96.79,74.01,640,570,0.0116,,EA,ORB
COSMOS 2251 DEB,1993-036BCQ,36530,DEB,D,CIS,1993-06-16,PLMSC,2024-08-16,93.10,73.98,433,420,0.0152,,EA,IMP
COSMOS 2251 DEB,1993-036BCR,36531,DEB,,CIS,1993-06-16,PLMSC,,100.37,74.09,886,667,0.0065,,EA,ORB
COSMOS 2251 DEB,1993-036BCS,36532,DEB,D,CIS,1993-06-16,PLMSC,2024-09-13,97.28,74.00,667,589,0.0117,,EA,IMP
COSMOS 2251 DEB,1993-036BCT,36533,DEB,,CIS,1993-06-16,PLMSC,,99.28,74.01,757,691,0.0094,,EA,ORB
COSMOS 2251 DEB,1993-036BCU,36534,DEB,D,CIS,1993-06-16,PLMSC,2012-04-11,90.83,73.99,347,284,0.0030,,EA,IMP
COSMOS 2251 DEB,1993-036BCV,36535,DEB,D,CIS,1993-06-16,PLMSC,2016-06-01,95.42,73.83,555,522,0.0073,,EA,IMP
COSMOS 2251 DEB,1993-036BCW,36536,DEB,D,CIS,1993-06-16,PLMSC,2014-10-21,97.87,74.04,710,604,0.0083,,EA,IMP
COSMOS 2251 DEB,1993-036BCX,36537,DEB,D,CIS,1993-06-16,PLMSC,2011-12-28,97.12,73.93,712,530,0.0157,,EA,IMP
COSMOS 2251 DEB,1993-036BCY,36538,DEB,D,CIS,1993-06-16,PLMSC,2014-12-31,91.14,74.15,346,315,0.0120,,EA,IMP
COSMOS 2251 DEB,1993-036BCZ,36539,DEB,,CIS,1993-06-16,PLMSC,,98.58,74.02,711,671,0.0190,,EA,ORB
COSMOS 2251 DEB,1993-036BDA,36540,DEB,,CIS,1993-06-16,PLMSC,,98.58,74.03,701,680,0.0099,,EA,ORB
COSMOS 2251 DEB,1993-036BDB,36541,DEB,D,CIS,1993-06-16,PLMSC,2023-04-01,95.29,73.99,552,514,0.0037,,EA,IMP
COSMOS 2251 DEB,1993-036BDC,36542,DEB,D,CIS,1993-06-16,PLMSC,2016-12-05,89.25,73.76,243,232,0.0103,,EA,IMP
COSMOS 2251 DEB,1993-036BDD,36543,DEB,D,CIS,1993-06-16,PLMSC,2023-11-28,97.98,73.83,692,632,0.0174,,EA,IMP
COSMOS 2251 DEB,1993-036BDE,36544,DEB,D,CIS,1993-06-16,PLMSC,2015-04-29,91.88,73.92,393,340,0.0116,,EA,IMP
COSMOS 2251 DEB,1993-036BDF,36545,DEB,D,CIS,1993-06-16,PLMSC,2011-07-28,94.63,73.87,581,420,0.0127,,EA,IMP
COSMOS 2251 DEB,1993-036BDG,36546,DEB,D,CIS,1993-06-16,PLMSC,2012-04-11,92.17,73.85,400,361,0.0133,,EA,IMP
COSMOS 2251 DEB,1993-036BDH,36547,DEB,D,CIS,1993-06-16,PLMSC,2014-02-20,91.02,74.05,337,312,0.0073,,EA,IMP
COSMOS 2251 DEB,1993-036BDJ,36548,DEB,D,CIS,1993-06-16,PLMSC,2021-12-30,90.77,73.97,320,305,0.0102,,EA,IMP
COSMOS 2251 DEB,1993-036BDK,36549,DEB,D,CIS,1993-06-16,PLMSC,2014-11-02,91.71,73.97,361,356,0.0030,,EA,IMP
COSMOS 2251 DEB,1993-036BDL,36550,DEB,,CIS,1993-06-16,PLMSC,,100.85,74.04,854,744,0.0103,,EA,ORB
COSMOS 2251 DEB,1993-036BDM,36551,DEB,,CIS,1993-06-16,PLMSC,,95.13,73.89,548,502,0.0096,,EA,ORB
COSMOS 2251 DEB,1993-036BDN,36552,DEB,D,CIS,1993-06-16,PLMSC,2014-11-27,96.16,73.99,614,535,0.0046,,EA,IMP
COSMOS 2251 DEB,1993-036BDP,36553,DEB,D,CIS,1993-06-16,PLMSC,2024-06-01,91.86,74.01,380,352,0.0067,,EA,IMP
COSMOS 2251 DEB,1993-036BDQ,36554,DEB,D,CIS,1993-06-16,PLMSC,2022-11-03,93.80,73.99,479,442,0.0055,,EA,IMP
COSMOS 2251 DEB,1993-036BDR,36555,DEB,D,CIS,1993-06-16,PLMSC,2019-02-05,97.93,74.00,742,577,0.0107,,EA,IMP
COSMOS 2251 DEB,1993-036BDS,36556,DEB,D,CIS,1993-06-16,PLMSC,2015-04-10,90.55,73.97,318,285,0.0200,,EA,IMP
COSMOS 2251 DEB,1993-036BDT,36557,DEB,,CIS,1993-06-16,PLMSC,,96.81,73.98,620,593,0.0111,,EA,ORB
COSMOS 2251 DEB,1993-036BDU,36558,DEB,,CIS,1993-06-16,PLMSC,,98.84,74.04,712,694,0.0109,,EA,ORB
COSMOS 2251 DEB,1993-036BDV,36559,DEB,,CIS,1993-06-16,PLMSC,,102.99,74.12,1092,708,0.0044,,EA,ORB
COSMOS 2251 DEB,1993-036BDW,36560,DEB,D,CIS,1993-06-16,PLMSC,2010-06-12,90.88,73.89,362,273,0.0017,,EA,IMP
COSMOS 2251 DEB,1993-036BDX,36561,DEB,D,CIS,1993-06-16,PLMSC,2016-03-04,92.57,74.04,407,394,0.0150,,EA,IMP
COSMOS 2251 DEB,1993-036BDY,36610,DEB,D,CIS,1993-06-16,PLMSC,2012-10-28,95.38,73.99,587,486,0.0148,,EA,IMP
COSMOS 2251 DEB,1993-036BDZ,36611,DEB,D,CIS,1993-06-16,PLMSC,2012-03-26,92.35,74.04,421,358,0.0111,,EA,IMP
COSMOS 2251 DEB,1993-036BEA,36612,DEB,D,CIS,1993-06-16,PLMSC,2011-10-04,94.65,74.03,543,460,0.0020,,EA,IMP
COSMOS 2251 DEB,1993-036BEB,36613,DEB,D,CIS,1993-06-16,PLMSC,2015-06-14,93.95,74.04,475,460,0.0098,,EA,IMP
COSMOS 2251 DEB,1993-036BEC,36614,DEB,,CIS,1993-06-16,PLMSC,,98.44,74.02,695,673,0.0125,,EA,ORB
COSMOS 2251 DEB,1993-036BED,36615,DEB,D,CIS,1993-06-16,PLMSC,2023-09-13,93.35,74.01,453,424,0.0027,,EA,IMP
COSMOS 2251 DEB,1993-036BEE,36616,DEB,D,CIS,1993-06-16,PLMSC,2014-12-12,94.69,73.99,509,498,0.0117,,EA,IMP
COSMOS 2251 DEB,1993-036BEF,36617,DEB,D,CIS,1993-06-16,PLMSC,2022-05-15,95.61,73.97,594,502,0.0070,,EA,IMP
COSMOS 2251 DEB,1993-036BEG,36618,DEB,D,CIS,1993-06-16,PLMSC,2013-10-31,90.85,73.92,339,294,0.0070,,EA,IMP
COSMOS 2251 DEB,1993-036BEH,36619,DEB,D,CIS,1993-06-16,PLMSC,2011-05-04,93.36,73.96,479,399,0.0075,,EA,IMP
COSMOS 2251 DEB,1993-036BEJ,36620,DEB,D,CIS,1993-06-16,PLMSC,2014-05-09,92.84,73.99,436,391,0.0095,,EA,IMP
COSMOS 2251 DEB,1993-036BEK,36621,DEB,D,CIS,1993-06-16,PLMSC,2011-08-12,96.23,73.95,706,450,0.0013,,EA,IMP
COSMOS 2251 DEB,1993-036BEL,36622,DEB,,CIS,1993-06-16,PLMSC,,97.43,74.01,681,590,0.0092,,EA,ORB
COSMOS 2251 DEB,1993-036BEM,36623,DEB,D,CIS,1993-06-16,PLMSC,2014-04-02,99.35,74.10,929,526,0.0030,,EA,IMP
COSMOS 2251 DEB,1993-036BEN,36624,DEB,D,CIS,1993-06-16,PLMSC,2014-03-10,93.53,74.16,460,434,0.0109,,EA,IMP
COSMOS 2251 DEB,1993-036BEP,36625,DEB,D,CIS,1993-06-16,PLMSC,2025-01-02,90.53,73.83,308,292,0.0096,,EA,IMP
COSMOS 2251 DEB,1993-036BEQ,36626,DEB,D,CIS,1993-06-16,PLMSC,2025-04-28,90.16,73.99,290,274,0.0081,,EA,IMP
COSMOS 2251 DEB,1993-036BER,36627,DEB,D,CIS,1993-06-16,PLMSC,2018-06-05,98.16,74.25,696,645,0.0060,,EA,IMP
COSMOS 2251 DEB,1993-036BES,36628,DEB,D,CIS,1993-06-16,PLMSC,2011-11-07,94.76,73.92,585,430,0.0063,,EA,IMP
COSMOS 2251 DEB,1993-036BET,36629,DEB,D,CIS,1993-06-16,PLMSC,2015-02-11,93.13,73.95,454,401,0.0110,,EA,IMP
COSMOS 2251 DEB,1993-036BEU,36630,DEB,D,CIS,1993-06-16,PLMSC,2024-11-26,98.47,73.97,704,666,0.0079,,EA,IMP
COSMOS 2251 DEB,1993-036BEV,36631,DEB,D,CIS,1993-06-16,PLMSC,2011-09-01,94.65,73.92,588,415,0.0014,,EA,IMP
COSMOS 2251 DEB,1993-036BEW,36632,DEB,,CIS,1993-06-16,PLMSC,,99.71,74.00,770,719,0.0121,,EA,ORB
COSMOS 2251 DEB,1993-036BEX,36633,DEB,D,CIS,1993-06-16,PLMSC,2010-11-20,91.82,73.95,430,298,0.0009,,EA,IMP
COSMOS 2251 DEB,1993-036BEY,36634,DEB,D,CIS,1993-06-16,PLMSC,2012-03-04,91.79,73.83,377,348,0.0030,,EA,IMP
COSMOS 2251 DEB,1993-036BEZ,36635,DEB,D,CIS,1993-06-16,PLMSC,2012-07-26,91.61,73.95,361,346,0.0154,,EA,IMP
COSMOS 2251 DEB,1993-036BFA,36636,DEB,D,CIS,1993-06-16,PLMSC,2014-06-21,94.07,74.07,510,437,0.0149,,EA,IMP
COSMOS 2251 DEB,1993-036BFB,36637,DEB,D,CIS,1993-06-16,PLMSC,2011-11-01,95.92,74.08,669,458,0.0071,,EA,IMP
COSMOS 2251 DEB,1993-036BFC,36638,DEB,D,CIS,1993-06-16,PLMSC,2011-04-26,92.19,73.85,441,323,0.0037,,EA,IMP
COSMOS 2251 DEB,1993-036BFD,36639,DEB,D,CIS,1993-06-16,PLMSC,2014-10-26,97.78,74.22,667,639,0.0033,,EA,IMP
SCOUT G-1 DEB,1993-041H,36880,DEB,D,US,1993-06-25,AFWTR,2024-08-04,98.04,89.52,700,630,0.0030,,EA,IMP
COSMOS 2251 DEB,1993-036BFE,37084,DEB,,CIS,1993-06-16,PLMSC,,95.73,74.03,616,491,0.0048,,EA,ORB
COSMOS 2251 DEB,1993-036BFF,37085,DEB,D,CIS,1993-06-16,PLMSC,2026-03-23,92.68,73.94,424,388,0.0082,,EA,IMP
COSMOS 2251 DEB,1993-036BFG,37086,DEB,D,CIS,1993-06-16,PLMSC,2024-10-13,91.53,73.96,360,340,0.0120,,EA,IMP
COSMOS 2251 DEB,1993-036BFH,37087,DEB,D,CIS,1993-06-16,PLMSC,2024-05-28,93.41,73.99,465,418,0.0145,,EA,IMP
COSMOS 2251 DEB,1993-036BFJ,37088,DEB,D,CIS,1993-06-16,PLMSC,2024-07-07,90.63,73.97,325,287,0.0123,,EA,IMP
COSMOS 2251 DEB,1993-036BFK,37089,DEB,,CIS,1993-06-16,PLMSC,,98.83,74.04,794,611,0.0150,,EA,ORB
COSMOS 2251 DEB,1993-036BFL,37090,DEB,D,CIS,1993-06-16,PLMSC,2011-04-27,92.60,74.04,463,340,0.0348,,EA,IMP
COSMOS 2251 DEB,1993-036BFM,37091,DEB,D,CIS,1993-06-16,PLMSC,2015-03-26,97.12,73.92,713,529,0.0002,,EA,IMP
COSMOS 2251 DEB,1993-036BFN,37092,DEB,D,CIS,1993-06-16,PLMSC,2023-02-28,93.58,73.99,460,439,0.0152,,EA,IMP
COSMOS 2251 DEB,1993-036BFP,37093,DEB,D,CIS,1993-06-16,PLMSC,2025-04-04,95.36,74.01,588,483,0.0045,,EA,IMP
COSMOS 2251 DEB,1993-036BFQ,37094,DEB,,CIS,1993-06-16,PLMSC,,100.06,74.11,820,703,0.0169,,EA,ORB
COSMOS 2251 DEB,1993-036BFR,37095,DEB,,CIS,1993-06-16,PLMSC,,102.54,73.85,1018,739,0.0076,,EA,ORB
COSMOS 2251 DEB,1993-036BFS,37096,DEB,D,CIS,1993-06-16,PLMSC,2013-02-26,95.79,73.89,602,511,0.0030,,EA,IMP
COSMOS 2251 DEB,1993-036BFT,37097,DEB,D,CIS,1993-06-16,PLMSC,2023-10-21,98.94,74.02,788,628,0.0004,,EA,IMP
COSMOS 2251 DEB,1993-036BFU,37098,DEB,D,CIS,1993-06-16,PLMSC,2014-03-02,95.64,73.93,610,489,0.0030,,EA,IMP
COSMOS 2251 DEB,1993-036BFV,37099,DEB,D,CIS,1993-06-16,PLMSC,2012-07-18,91.54,73.88,385,316,0.0030,,EA,IMP
COSMOS 2251 DEB,1993-036BFW,37100,DEB,D,CIS,1993-06-16,PLMSC,2014-05-07,93.23,73.97,449,416,0.0097,,EA,IMP
COSMOS 2251 DEB,1993-036BFX,37101,DEB,,CIS,1993-06-16,PLMSC,,98.12,74.03,699,638,0.0139,,EA,ORB
COSMOS 2251 DEB,1993-036BFY,37102,DEB,D,CIS,1993-06-16,PLMSC,2016-06-23,92.28,73.98,394,379,0.0065,,EA,IMP
COSMOS 2251 DEB,1993-036BFZ,37103,DEB,D,CIS,1993-06-16,PLMSC,2023-10-21,95.32,73.78,567,501,0.0126,,EA,IMP
COSMOS 2251 DEB,1993-036BGA,37104,DEB,D,CIS,1993-06-16,PLMSC,2012-01-26,95.14,73.95,593,458,0.0022,,EA,IMP
COSMOS 2251 DEB,1993-036BGB,37105,DEB,,CIS,1993-06-16,PLMSC,,102.16,73.88,1090,632,0.0165,,EA,ORB
COSMOS 2251 DEB,1993-036BGC,37106,DEB,D,CIS,1993-06-16,PLMSC,2012-09-09,92.77,73.96,422,398,0.0011,,EA,IMP
COSMOS 2251 DEB,1993-036BGD,37107,DEB,D,CIS,1993-06-16,PLMSC,2011-12-12,93.70,73.92,519,392,0.0136,,EA,IMP
COSMOS 2251 DEB,1993-036BGE,37108,DEB,,CIS,1993-06-16,PLMSC,,99.80,74.04,815,683,0.0023,,EA,ORB
COSMOS 2251 DEB,1993-036BGF,37109,DEB,D,CIS,1993-06-16,PLMSC,2014-05-07,97.82,73.97,684,625,0.0111,,EA,IMP
COSMOS 2251 DEB,1993-036BGG,37110,DEB,D,CIS,1993-06-16,PLMSC,2024-02-02,91.34,73.77,356,324,0.0056,,EA,IMP
COSMOS 2251 DEB,1993-036BGH,37111,DEB,D,CIS,1993-06-16,PLMSC,2022-02-27,92.32,73.99,390,386,0.0137,,EA,IMP
COSMOS 2251 DEB,1993-036BGJ,37112,DEB,D,CIS,1993-06-16,PLMSC,2014-03-13,97.40,73.86,664,604,0.0084,,EA,IMP
COSMOS 2251 DEB,1993-036BGK,37113,DEB,D,CIS,1993-06-16,PLMSC,2013-09-16,93.20,74.01,441,422,0.0030,,EA,IMP
COSMOS 2251 DEB,1993-036BGL,37114,DEB,D,CIS,1993-06-16,PLMSC,2024-09-14,98.82,73.82,734,670,0.0119,,EA,IMP
COSMOS 2251 DEB,1993-036BGM,37115,DEB,D,CIS,1993-06-16,PLMSC,2018-03-01,99.40,73.60,769,691,0.0038,,EA,IMP
COSMOS 2251 DEB,1993-036BGN,37116,DEB,D,CIS,1993-06-16,PLMSC,2013-07-29,95.83,73.92,621,496,0.0030,,EA,IMP
COSMOS 2251 DEB,1993-036BGP,37117,DEB,D,CIS,1993-06-16,PLMSC,2011-08-10,93.35,73.96,538,339,0.0007,,EA,IMP
COSMOS 2251 DEB,1993-036BGQ,37118,DEB,,CIS,1993-06-16,PLMSC,,97.00,74.01,620,610,0.0099,,EA,ORB
COSMOS 2251 DEB,1993-036BGR,37119,DEB,D,CIS,1993-06-16,PLMSC,2015-06-26,97.55,73.95,726,557,0.0116,,EA,IMP
COSMOS 2251 DEB,1993-036BGS,37120,DEB,D,CIS,1993-06-16,PLMSC,2025-03-29,98.86,74.01,736,673,0.0125,,EA,IMP
COSMOS 2251 DEB,1993-036BGT,37121,DEB,D,CIS,1993-06-16,PLMSC,2012-04-11,94.34,73.85,489,484,0.0135,,EA,IMP
COSMOS 2251 DEB,1993-036BGU,37122,DEB,D,CIS,1993-06-16,PLMSC,2015-04-03,91.23,73.78,348,321,0.0129,,EA,IMP
COSMOS 2251 DEB,1993-036BGV,37123,DEB,D,CIS,1993-06-16,PLMSC,2023-12-02,97.67,74.00,654,640,0.0141,,EA,IMP
COSMOS 2251 DEB,1993-036BGW,37124,DEB,D,CIS,1993-06-16,PLMSC,2024-06-18,98.94,74.01,762,655,0.0160,,EA,IMP
COSMOS 2251 DEB,1993-036BGX,37125,DEB,D,CIS,1993-06-16,PLMSC,2023-10-27,94.30,73.99,502,468,0.0089,,EA,IMP
COSMOS 2251 DEB,1993-036BGY,37126,DEB,,CIS,1993-06-16,PLMSC,,97.71,73.95,733,565,0.0035,,EA,ORB
COSMOS 2251 DEB,1993-036BGZ,37127,DEB,D,CIS,1993-06-16,PLMSC,2024-10-22,98.12,74.00,691,646,0.0124,,EA,IMP
COSMOS 2251 DEB,1993-036BHA,37128,DEB,D,CIS,1993-06-16,PLMSC,2011-06-02,91.30,74.09,381,297,0.0002,,EA,IMP
COSMOS 2251 DEB,1993-036BHB,37129,DEB,D,CIS,1993-06-16,PLMSC,2014-04-22,97.90,74.01,699,617,0.0119,,EA,IMP
COSMOS 2251 DEB,1993-036BHC,37130,DEB,D,CIS,1993-06-16,PLMSC,2014-04-19,90.63,74.01,311,300,0.0151,,EA,IMP
COSMOS 2251 DEB,1993-036BHD,37131,DEB,D,CIS,1993-06-16,PLMSC,2024-04-26,93.56,74.00,468,430,0.0148,,EA,IMP
COSMOS 2251 DEB,1993-036BHE,37132,DEB,,CIS,1993-06-16,PLMSC,,97.22,74.00,654,597,0.0065,,EA,ORB
COSMOS 2251 DEB,1993-036BHF,37133,DEB,D,CIS,1993-06-16,PLMSC,2026-06-25,92.76,73.95,413,407,0.0076,,EA,IMP
COSMOS 2251 DEB,1993-036BHG,37268,DEB,D,CIS,1993-06-16,PLMSC,2011-08-04,94.02,73.97,574,369,0.0006,,EA,IMP
COSMOS 2251 DEB,1993-036BHH,37269,DEB,,CIS,1993-06-16,PLMSC,,101.18,74.17,898,731,0.0062,,EA,ORB
COSMOS 2251 DEB,1993-036BHJ,37270,DEB,,CIS,1993-06-16,PLMSC,,105.77,73.93,1323,738,0.0043,,EA,ORB
COSMOS 2251 DEB,1993-036BHK,37271,DEB,D,CIS,1993-06-16,PLMSC,2023-02-07,93.45,74.03,454,432,0.0139,,EA,IMP
COSMOS 2251 DEB,1993-036BHL,37272,DEB,D,CIS,1993-06-16,PLMSC,2012-03-02,91.57,73.84,379,324,0.0001,,EA,IMP
COSMOS 2251 DEB,1993-036BHM,37273,DEB,D,CIS,1993-06-16,PLMSC,2024-09-13,99.00,74.01,734,688,0.0098,,EA,IMP
COSMOS 2251 DEB,1993-036BHN,37274,DEB,D,CIS,1993-06-16,PLMSC,2014-10-18,96.44,74.02,616,561,0.0085,,EA,IMP
COSMOS 2251 DEB,1993-036BHP,37275,DEB,,CIS,1993-06-16,PLMSC,,99.17,74.02,777,661,0.0114,,EA,ORB
COSMOS 2251 DEB,1993-036BHQ,37276,DEB,D,CIS,1993-06-16,PLMSC,2014-11-16,95.03,73.85,588,452,0.0102,,EA,IMP
COSMOS 2251 DEB,1993-036BHR,37277,DEB,D,CIS,1993-06-16,PLMSC,2025-02-28,96.60,74.02,605,587,0.0077,,EA,IMP
COSMOS 2251 DEB,1993-036BHS,37278,DEB,,CIS,1993-06-16,PLMSC,,101.68,73.79,1052,625,0.0161,,EA,ORB
COSMOS 2251 DEB,1993-036BHT,37279,DEB,D,CIS,1993-06-16,PLMSC,2014-10-28,96.43,73.86,721,454,0.0006,,EA,IMP
COSMOS 2251 DEB,1993-036BHU,37280,DEB,,CIS,1993-06-16,PLMSC,,101.37,74.03,919,728,0.0080,,EA,ORB
COSMOS 2251 DEB,1993-036BHV,37281,DEB,D,CIS,1993-06-16,PLMSC,2022-02-07,99.65,74.02,761,723,0.0087,,EA,IMP
COSMOS 2251 DEB,1993-036BHW,37282,DEB,D,CIS,1993-06-16,PLMSC,2024-09-06,94.53,73.86,511,481,0.0100,,EA,IMP
COSMOS 2251 DEB,1993-036BHX,37283,DEB,D,CIS,1993-06-16,PLMSC,2018-06-18,95.55,74.02,566,525,0.0108,,EA,IMP
COSMOS 2251 DEB,1993-036BHY,37284,DEB,,CIS,1993-06-16,PLMSC,,101.86,74.03,963,731,0.0056,,EA,ORB
COSMOS 2251 DEB,1993-036BHZ,37285,DEB,D,CIS,1993-06-16,PLMSC,2024-09-22,100.20,74.03,787,749,0.0006,,EA,IMP
COSMOS 2251 DEB,1993-036BJA,37286,DEB,D,CIS,1993-06-16,PLMSC,2015-10-21,97.81,74.02,735,573,0.0149,,EA,IMP
COSMOS 2251 DEB,1993-036BJB,37287,DEB,D,CIS,1993-06-16,PLMSC,2022-06-14,88.91,74.00,230,211,0.0002,,EA,IMP
COSMOS 2251 DEB,1993-036BJC,37288,DEB,D,CIS,1993-06-16,PLMSC,2012-04-12,92.39,73.92,411,373,0.0030,,EA,IMP
COSMOS 2251 DEB,1993-036BJD,37289,DEB,D,CIS,1993-06-16,PLMSC,2015-07-09,98.03,74.03,669,660,0.0102,,EA,IMP
COSMOS 2251 DEB,1993-036BJE,37290,DEB,D,CIS,1993-06-16,PLMSC,2013-12-04,90.80,73.97,358,269,0.0091,,EA,IMP
COSMOS 2251 DEB,1993-036BJF,37291,DEB,D,CIS,1993-06-16,PLMSC,2017-05-22,92.19,73.96,392,372,0.0068,,EA,IMP
COSMOS 2251 DEB,1993-036BJG,37292,DEB,,CIS,1993-06-16,PLMSC,,102.50,74.13,1028,726,0.0067,,EA,ORB
COSMOS 2251 DEB,1993-036BJH,37293,DEB,,CIS,1993-06-16,PLMSC,,99.56,73.92,783,693,0.0155,,EA,ORB
COSMOS 2251 DEB,1993-036BJJ,37294,DEB,D,CIS,1993-06-16,PLMSC,2024-05-14,96.69,74.05,622,579,0.0123,,EA,IMP
COSMOS 2251 DEB,1993-036BJK,37295,DEB,,CIS,1993-06-16,PLMSC,,98.19,74.01,705,639,0.0087,,EA,ORB
COSMOS 2251 DEB,1993-036BJL,37296,DEB,,CIS,1993-06-16,PLMSC,,98.69,73.84,740,652,0.0104,,EA,ORB
COSMOS 2251 DEB,1993-036BJM,37297,DEB,D,CIS,1993-06-16,PLMSC,2024-08-17,93.69,73.99,468,442,0.0125,,EA,IMP
COSMOS 2251 DEB,1993-036BJN,37298,DEB,D,CIS,1993-06-16,PLMSC,2011-10-26,97.34,73.92,692,571,0.0011,,EA,IMP
COSMOS 2251 DEB,1993-036BJP,37299,DEB,D,CIS,1993-06-16,PLMSC,2022-07-20,95.08,73.84,539,506,0.0114,,EA,IMP
COSMOS 2251 DEB,1993-036BJQ,37300,DEB,D,CIS,1993-06-16,PLMSC,2013-08-14,95.55,74.02,593,498,0.0030,,EA,IMP
COSMOS 2251 DEB,1993-036BJR,37301,DEB,D,CIS,1993-06-16,PLMSC,2015-02-15,93.91,74.00,482,449,0.0101,,EA,IMP
COSMOS 2251 DEB,1993-036BJS,37302,DEB,D,CIS,1993-06-16,PLMSC,2015-07-13,89.07,73.96,241,216,0.0200,,EA,IMP
COSMOS 2251 DEB,1993-036BJT,37303,DEB,D,CIS,1993-06-16,PLMSC,2022-09-02,93.55,73.99,464,433,0.0162,,EA,IMP
COSMOS 2251 DEB,1993-036BJU,37304,DEB,D,CIS,1993-06-16,PLMSC,2014-07-17,91.67,73.92,386,328,0.0012,,EA,IMP
COSMOS 2251 DEB,1993-036BJV,37305,DEB,,CIS,1993-06-16,PLMSC,,100.22,73.87,802,736,0.0065,,EA,ORB
COSMOS 2251 DEB,1993-036BJW,37306,DEB,D,CIS,1993-06-16,PLMSC,2024-06-11,95.19,74.07,558,497,0.0108,,EA,IMP
COSMOS 2251 DEB,1993-036BJX,37307,DEB,D,CIS,1993-06-16,PLMSC,2022-09-01,92.02,73.99,380,367,0.0114,,EA,IMP
COSMOS 2251 DEB,1993-036BJY,37308,DEB,D,CIS,1993-06-16,PLMSC,2013-07-12,98.30,73.97,761,594,0.0119,,EA,IMP
COSMOS 2251 DEB,1993-036BJZ,37309,DEB,D,CIS,1993-06-16,PLMSC,2020-06-03,89.02,73.98,236,217,0.0158,,EA,IMP
COSMOS 2251 DEB,1993-036BKA,37310,DEB,D,CIS,1993-06-16,PLMSC,2015-10-22,95.54,74.04,577,512,0.0128,,EA,IMP
COSMOS 2251 DEB,1993-036BKB,37311,DEB,D,CIS,1993-06-16,PLMSC,2012-07-29,97.11,73.98,717,524,0.0141,,EA,IMP
COSMOS 2251 DEB,1993-036BKC,37312,DEB,,CIS,1993-06-16,PLMSC,,99.53,74.03,748,723,0.0004,,EA,ORB
COSMOS 2251 DEB,1993-036BKD,37313,DEB,D,CIS,1993-06-16,PLMSC,2015-03-22,91.03,74.02,327,323,0.0043,,EA,IMP
COSMOS 2251 DEB,1993-036BKE,37314,DEB,D,CIS,1993-06-16,PLMSC,2023-06-18,89.09,73.87,246,213,0.0105,,EA,IMP
COSMOS 2251 DEB,1993-036BKF,37315,DEB,,CIS,1993-06-16,PLMSC,,99.92,74.03,766,743,0.0053,,EA,ORB
COSMOS 2251 DEB,1993-036BKG,37316,DEB,,CIS,1993-06-16,PLMSC,,95.36,74.01,555,516,0.0088,,EA,ORB
COSMOS 2251 DEB,1993-036BKH,37317,DEB,D,CIS,1993-06-16,PLMSC,2014-01-16,92.77,73.96,434,386,0.0011,,EA,IMP
COSMOS 2251 DEB,1993-036BKJ,37318,DEB,D,CIS,1993-06-16,PLMSC,2013-01-22,92.57,73.99,430,371,0.0001,,EA,IMP
COSMOS 2251 DEB,1993-036BKK,37319,DEB,D,CIS,1993-06-16,PLMSC,2011-12-09,89.83,74.01,282,250,0.0003,,EA,IMP
COSMOS 2251 DEB,1993-036BKL,37320,DEB,,CIS,1993-06-16,PLMSC,,97.19,74.04,655,594,0.0053,,EA,ORB
COSMOS 2251 DEB,1993-036BKM,37321,DEB,D,CIS,1993-06-16,PLMSC,2018-07-05,92.87,73.99,420,410,0.0126,,EA,IMP
COSMOS 2251 DEB,1993-036BKN,37322,DEB,D,CIS,1993-06-16,PLMSC,2023-03-07,91.03,74.01,333,316,0.0062,,EA,IMP
COSMOS 2251 DEB,1993-036BKP,37323,DEB,D,CIS,1993-06-16,PLMSC,2021-01-27,90.35,73.88,300,283,0.0129,,EA,IMP
COSMOS 2251 DEB,1993-036BKQ,37324,DEB,D,CIS,1993-06-16,PLMSC,2011-10-07,92.66,73.88,446,364,0.0115,,EA,IMP
COSMOS 2251 DEB,1993-036BKR,37325,DEB,D,CIS,1993-06-16,PLMSC,2023-07-18,96.92,74.11,635,587,0.0122,,EA,IMP
COSMOS 2251 DEB,1993-036BKS,37326,DEB,,CIS,1993-06-16,PLMSC,,98.45,74.02,726,643,0.0127,,EA,ORB
COSMOS 2251 DEB,1993-036BKT,37327,DEB,D,CIS,1993-06-16,PLMSC,2025-06-18,94.29,74.00,497,472,0.0080,,EA,IMP
COSMOS 2251 DEB,1993-036BKU,37328,DEB,D,CIS,1993-06-16,PLMSC,2015-04-18,94.08,73.97,495,453,0.0140,,EA,IMP
COSMOS 2251 DEB,1993-036BKV,37329,DEB,D,CIS,1993-06-16,PLMSC,2022-07-08,89.97,73.96,292,254,0.0081,,EA,IMP
COSMOS 2251 DEB,1993-036BKW,37330,DEB,,CIS,1993-06-16,PLMSC,,98.62,74.02,734,651,0.0164,,EA,ORB
COSMOS 2251 DEB,1993-036BKX,37331,DEB,,CIS,1993-06-16,PLMSC,,100.30,74.08,814,731,0.0158,,EA,ORB
COSMOS 2251 DEB,1993-036BKY,37332,DEB,D,CIS,1993-06-16,PLMSC,2013-11-19,93.01,73.98,429,415,0.0118,,EA,IMP
COSMOS 2251 DEB,1993-036BKZ,37333,DEB,D,CIS,1993-06-16,PLMSC,2014-05-18,91.14,73.89,351,310,0.0030,,EA,IMP
COSMOS 2251 DEB,1993-036BLA,37334,DEB,D,CIS,1993-06-16,PLMSC,2021-02-06,90.24,73.98,297,276,0.0082,,EA,IMP
COSMOS 2251 DEB,1993-036BLB,37335,DEB,D,CIS,1993-06-16,PLMSC,2024-08-27,97.50,73.99,661,617,0.0128,,EA,IMP
COSMOS 2251 DEB,1993-036BLC,37336,DEB,,CIS,1993-06-16,PLMSC,,100.50,74.04,805,760,0.0077,,EA,ORB
COSMOS 2251 DEB,1993-036BLD,37337,DEB,D,CIS,1993-06-16,PLMSC,2024-11-13,93.51,73.99,453,440,0.0131,,EA,IMP
COSMOS 2251 DEB,1993-036BLE,37338,DEB,D,CIS,1993-06-16,PLMSC,2016-09-17,93.78,73.99,478,441,0.0056,,EA,IMP
COSMOS 2251 DEB,1993-036BLF,37339,DEB,D,CIS,1993-06-16,PLMSC,2014-12-12,97.65,73.99,677,615,0.0027,,EA,IMP
COSMOS 2251 DEB,1993-036BLG,37340,DEB,,CIS,1993-06-16,PLMSC,,100.20,74.02,782,754,0.0111,,EA,ORB
COSMOS 2251 DEB,1993-036BLH,37341,DEB,D,CIS,1993-06-16,PLMSC,2020-12-14,90.04,73.98,296,257,0.0124,,EA,IMP
COSMOS 2251 DEB,1993-036BLJ,37342,DEB,D,CIS,1993-06-16,PLMSC,2024-04-03,95.60,73.73,567,528,0.0131,,EA,IMP
COSMOS 2251 DEB,1993-036BLK,37343,DEB,,CIS,1993-06-16,PLMSC,,99.26,74.02,787,659,0.0096,,EA,ORB
COSMOS 2251 DEB,1993-036BLL,37483,DEB,,CIS,1993-06-16,PLMSC,,99.73,73.97,811,680,0.0102,,EA,ORB
COSMOS 2251 DEB,1993-036BLM,37484,DEB,,CIS,1993-06-16,PLMSC,,99.80,73.82,776,722,0.0090,,EA,ORB
COSMOS 2251 DEB,1993-036BLN,37485,DEB,D,CIS,1993-06-16,PLMSC,2012-08-28,92.63,73.96,502,305,0.0038,,EA,IMP
COSMOS 2251 DEB,1993-036BLP,37486,DEB,,CIS,1993-06-16,PLMSC,,101.71,73.69,998,682,0.0082,,EA,ORB
COSMOS 2251 DEB,1993-036BLQ,37487,DEB,,CIS,1993-06-16,PLMSC,,96.38,73.89,605,566,0.0176,,EA,ORB
COSMOS 2251 DEB,1993-036BLR,37488,DEB,D,CIS,1993-06-16,PLMSC,2023-09-19,93.07,73.97,442,408,0.0093,,EA,IMP
COSMOS 2251 DEB,1993-036BLS,37489,DEB,D,CIS,1993-06-16,PLMSC,2014-05-01,91.82,73.85,402,326,0.0072,,EA,IMP
COSMOS 2251 DEB,1993-036BLT,37490,DEB,D,CIS,1993-06-16,PLMSC,2013-03-13,91.95,74.01,400,341,0.0090,,EA,IMP
COSMOS 2251 DEB,1993-036BLU,37491,DEB,,CIS,1993-06-16,PLMSC,,104.65,73.90,1208,749,0.0113,,EA,ORB
COSMOS 2251 DEB,1993-036BLV,37492,DEB,D,CIS,1993-06-16,PLMSC,2024-02-21,91.85,73.97,370,361,0.0060,,EA,IMP
COSMOS 2251 DEB,1993-036BLW,37493,DEB,D,CIS,1993-06-16,PLMSC,2015-04-16,96.33,74.01,596,569,0.0120,,EA,IMP
COSMOS 2251 DEB,1993-036BLX,37494,DEB,,CIS,1993-06-16,PLMSC,,98.34,73.99,735,624,0.0139,,EA,ORB
COSMOS 2251 DEB,1993-036BLY,37495,DEB,D,CIS,1993-06-16,PLMSC,2024-02-17,92.75,73.97,427,392,0.0131,,EA,IMP
COSMOS 2251 DEB,1993-036BLZ,37496,DEB,,CIS,1993-06-16,PLMSC,,95.70,73.94,588,517,0.0136,,EA,ORB
COSMOS 2251 DEB,1993-036BMA,37497,DEB,D,CIS,1993-06-16,PLMSC,2011-12-17,95.72,74.05,668,439,0.0030,,EA,IMP
COSMOS 2251 DEB,1993-036BMB,37498,DEB,,CIS,1993-06-16,PLMSC,,98.87,74.03,713,696,0.0111,,EA,ORB
COSMOS 2251 DEB,1993-036BMC,37499,DEB,,CIS,1993-06-16,PLMSC,,100.38,74.04,797,756,0.0062,,EA,ORB
COSMOS 2251 DEB,1993-036BMD,37500,DEB,D,CIS,1993-06-16,PLMSC,2025-08-30,88.82,73.93,227,205,0.0214,,EA,IMP
COSMOS 2251 DEB,1993-036BME,37501,DEB,D,CIS,1993-06-16,PLMSC,2023-12-28,94.04,73.98,491,453,0.0096,,EA,IMP
COSMOS 2251 DEB,1993-036BMF,37502,DEB,D,CIS,1993-06-16,PLMSC,2023-02-03,94.23,74.20,488,475,0.0051,,EA,IMP
COSMOS 2251 DEB,1993-036BMG,37503,DEB,D,CIS,1993-06-16,PLMSC,2021-01-30,88.94,73.94,225,219,0.0133,,EA,IMP
COSMOS 2251 DEB,1993-036BMH,37504,DEB,D,CIS,1993-06-16,PLMSC,2025-02-08,99.07,74.08,772,656,0.0009,,EA,IMP
COSMOS 2251 DEB,1993-036BMJ,37505,DEB,D,CIS,1993-06-16,PLMSC,2014-05-28,92.73,73.97,460,357,0.0108,,EA,IMP
COSMOS 2251 DEB,1993-036BMK,37506,DEB,D,CIS,1993-06-16,PLMSC,2024-06-10,94.74,74.01,514,498,0.0155,,EA,IMP
COSMOS 2251 DEB,1993-036BML,37507,DEB,D,CIS,1993-06-16,PLMSC,2014-02-15,96.89,74.00,721,499,0.0030,,EA,IMP
COSMOS 2251 DEB,1993-036BMM,37508,DEB,D,CIS,1993-06-16,PLMSC,2024-01-05,97.91,73.76,722,596,0.0066,,EA,IMP
COSMOS 2251 DEB,1993-036BMN,37509,DEB,D,CIS,1993-06-16,PLMSC,2014-10-03,91.11,73.83,344,314,0.0131,,EA,IMP
COSMOS 2251 DEB,1993-036BMP,37510,DEB,D,CIS,1993-06-16,PLMSC,2024-09-26,96.57,74.01,618,570,0.0148,,EA,IMP
COSMOS 2251 DEB,1993-036BMQ,37511,DEB,D,CIS,1993-06-16,PLMSC,2015-07-24,92.13,74.02,396,362,0.0172,,EA,IMP
COSMOS 2251 DEB,1993-036BMR,37512,DEB,D,CIS,1993-06-16,PLMSC,2011-10-24,92.46,74.01,434,356,0.0017,,EA,IMP
COSMOS 2251 DEB,1993-036BMS,37513,DEB,D,CIS,1993-06-16,PLMSC,2013-05-22,93.93,73.85,489,445,0.0109,,EA,IMP
COSMOS 2251 DEB,1993-036BMT,37514,DEB,D,CIS,1993-06-16,PLMSC,2013-10-08,92.31,73.89,409,366,0.0128,,EA,IMP
COSMOS 2251 DEB,1993-036BMU,37515,DEB,D,CIS,1993-06-16,PLMSC,2025-11-29,91.18,74.08,350,315,0.0128,,EA,IMP
COSMOS 2251 DEB,1993-036BMV,37516,DEB,D,CIS,1993-06-16,PLMSC,2014-12-21,90.00,73.81,283,266,0.0122,,EA,IMP
COSMOS 2251 DEB,1993-036BMW,37517,DEB,D,CIS,1993-06-16,PLMSC,2011-12-03,95.96,74.02,661,468,0.0001,,EA,IMP
COSMOS 2251 DEB,1993-036BMX,37518,DEB,,CIS,1993-06-16,PLMSC,,93.57,73.96,464,434,0.0145,,EA,ORB
COSMOS 2251 DEB,1993-036BMY,37519,DEB,D,CIS,1993-06-16,PLMSC,2014-10-27,98.15,73.98,760,580,0.0102,,EA,IMP
COSMOS 2251 DEB,1993-036BMZ,37520,DEB,D,CIS,1993-06-16,PLMSC,2016-09-28,92.20,73.99,388,377,0.0124,,EA,IMP
COSMOS 2251 DEB,1993-036BNA,37521,DEB,D,CIS,1993-06-16,PLMSC,2023-04-27,95.35,74.04,565,506,0.0091,,EA,IMP
COSMOS 2251 DEB,1993-036BNB,37522,DEB,D,CIS,1993-06-16,PLMSC,2012-08-02,96.17,73.85,594,557,0.0114,,EA,IMP
COSMOS 2251 DEB,1993-036BNC,37523,DEB,D,CIS,1993-06-16,PLMSC,2015-02-22,95.90,73.95,605,519,0.0096,,EA,IMP
COSMOS 2251 DEB,1993-036BND,37524,DEB,D,CIS,1993-06-16,PLMSC,2014-07-14,96.95,74.04,656,569,0.0143,,EA,IMP
COSMOS 2251 DEB,1993-036BNE,37525,DEB,D,CIS,1993-06-16,PLMSC,2012-01-04,95.80,73.96,645,470,0.0030,,EA,IMP
COSMOS 2251 DEB,1993-036BNF,37526,DEB,D,CIS,1993-06-16,PLMSC,2013-03-17,90.49,73.88,301,296,0.0138,,EA,IMP
COSMOS 2251 DEB,1993-036BNG,37527,DEB,D,CIS,1993-06-16,PLMSC,2024-04-18,94.77,73.99,522,493,0.0128,,EA,IMP
COSMOS 2251 DEB,1993-036BNH,37528,DEB,,CIS,1993-06-16,PLMSC,,99.23,74.04,735,708,0.0094,,EA,ORB
COSMOS 2251 DEB,1993-036BNJ,37529,DEB,D,CIS,1993-06-16,PLMSC,2024-11-13,92.62,73.98,412,394,0.0090,,EA,IMP
COSMOS 2251 DEB,1993-036BNK,37530,DEB,,CIS,1993-06-16,PLMSC,,100.36,74.03,796,756,0.0046,,EA,ORB
COSMOS 2251 DEB,1993-036BNL,37531,DEB,,CIS,1993-06-16,PLMSC,,98.06,74.01,691,641,0.0147,,EA,ORB
COSMOS 2251 DEB,1993-036BNM,37532,DEB,,CIS,1993-06-16,PLMSC,,99.81,74.05,760,739,0.0081,,EA,ORB
COSMOS 2251 DEB,1993-036BNN,37533,DEB,,CIS,1993-06-16,PLMSC,,101.88,74.07,962,734,0.0161,,EA,ORB
COSMOS 2251 DEB,1993-036BNP,37534,DEB,D,CIS,1993-06-16,PLMSC,2011-10-27,91.74,73.95,416,303,0.0030,,EA,IMP
COSMOS 2251 DEB,1993-036BNQ,37535,DEB,,CIS,1993-06-16,PLMSC,,98.64,74.02,713,674,0.0052,,EA,ORB
COSMOS 2251 DEB,1993-036BNR,37536,DEB,D,CIS,1993-06-16,PLMSC,2012-09-05,88.83,74.03,254,179,0.0206,,EA,IMP
COSMOS 2251 DEB,1993-036BNS,37537,DEB,,CIS,1993-06-16,PLMSC,,100.16,74.01,803,728,0.0125,,EA,ORB
COSMOS 2251 DEB,1993-036BNT,37538,DEB,D,CIS,1993-06-16,PLMSC,2025-05-09,91.21,73.97,340,328,0.0105,,EA,IMP
COSMOS 2251 DEB,1993-036BNU,37539,DEB,,CIS,1993-06-16,PLMSC,,100.42,74.05,794,763,0.0099,,EA,ORB
COSMOS 2251 DEB,1993-036BNV,37540,DEB,D,CIS,1993-06-16,PLMSC,2012-10-03,91.95,73.91,417,323,0.0007,,EA,IMP
COSMOS 2251 DEB,1993-036BNW,37541,DEB,D,CIS,1993-06-16,PLMSC,2012-10-10,92.71,73.92,429,386,0.0058,,EA,IMP
COSMOS 2251 DEB,1993-036BNX,37542,DEB,D,CIS,1993-06-16,PLMSC,2024-04-12,100.64,74.01,827,751,0.0085,,EA,IMP
COSMOS 2251 DEB,1993-036BNY,37543,DEB,D,CIS,1993-06-16,PLMSC,2023-02-24,92.02,73.97,379,368,0.0137,,EA,IMP
COSMOS 2251 DEB,1993-036BNZ,37544,DEB,D,CIS,1993-06-16,PLMSC,2023-04-20,94.02,73.95,492,450,0.0140,,EA,IMP
COSMOS 2251 DEB,1993-036BPA,37545,DEB,D,CIS,1993-06-16,PLMSC,2014-04-25,96.59,73.95,657,534,0.0082,,EA,IMP
COSMOS 2251 DEB,1993-036BPB,37546,DEB,,CIS,1993-06-16,PLMSC,,96.71,74.02,606,596,0.0080,,EA,ORB
COSMOS 2251 DEB,1993-036BPC,37547,DEB,D,CIS,1993-06-16,PLMSC,2025-01-22,90.71,73.98,329,291,0.0094,,EA,IMP
COSMOS 2251 DEB,1993-036BPE,37850,DEB,D,CIS,1993-06-16,PLMSC,2025-01-15,99.48,74.01,767,701,0.0103,,EA,IMP
COSMOS 2251 DEB,1993-036BPD,37866,DEB,D,CIS,1993-06-16,PLMSC,2014-09-10,90.47,73.92,315,281,0.0012,,EA,IMP
COSMOS 2251 DEB,1993-036BPF,37956,DEB,D,CIS,1993-06-16,PLMSC,2024-08-06,91.93,74.00,376,362,0.0144,,EA,IMP
COSMOS 2251 DEB,1993-036BPG,37957,DEB,D,CIS,1993-06-16,PLMSC,2022-10-13,93.73,73.99,472,442,0.0119,,EA,IMP
COSMOS 2251 DEB,1993-036BPH,37958,DEB,D,CIS,1993-06-16,PLMSC,2021-03-27,91.94,74.00,381,358,0.0149,,EA,IMP
COSMOS 2251 DEB,1993-036BPJ,37959,DEB,,CIS,1993-06-16,PLMSC,,98.67,74.01,736,654,0.0054,,EA,ORB
COSMOS 2251 DEB,1993-036BPK,37960,DEB,,CIS,1993-06-16,PLMSC,,102.23,74.06,1043,685,0.0077,,EA,ORB
COSMOS 2251 DEB,1993-036BPL,37961,DEB,,CIS,1993-06-16,PLMSC,,98.65,74.04,722,666,0.0085,,EA,ORB
COSMOS 2251 DEB,1993-036BPM,37962,DEB,D,CIS,1993-06-16,PLMSC,2023-10-13,95.19,74.06,553,503,0.0104,,EA,IMP
COSMOS 2251 DEB,1993-036BPN,37963,DEB,,CIS,1993-06-16,PLMSC,,102.66,74.06,1003,766,0.0022,,EA,ORB
COSMOS 2251 DEB,1993-036BPP,37964,DEB,D,CIS,1993-06-16,PLMSC,2013-10-07,90.80,74.04,322,306,0.0093,,EA,IMP
COSMOS 2251 DEB,1993-036BPQ,37965,DEB,D,CIS,1993-06-16,PLMSC,2014-12-28,90.40,74.00,298,290,0.0042,,EA,IMP
COSMOS 2251 DEB,1993-036BPR,37966,DEB,,CIS,1993-06-16,PLMSC,,93.20,73.97,439,424,0.0136,,EA,ORB
COSMOS 2251 DEB,1993-036BPS,37967,DEB,,CIS,1993-06-16,PLMSC,,99.83,74.01,855,645,0.0130,,EA,ORB
COSMOS 2251 DEB,1993-036BPT,37968,DEB,,CIS,1993-06-16,PLMSC,,95.66,74.00,603,498,0.0043,,EA,ORB
COSMOS 2251 DEB,1993-036BPU,37969,DEB,,CIS,1993-06-16,PLMSC,,99.49,73.97,810,659,0.0164,,EA,ORB
COSMOS 2251 DEB,1993-036BPV,37970,DEB,D,CIS,1993-06-16,PLMSC,2015-06-21,91.52,73.98,371,327,0.0098,,EA,IMP
COSMOS 2251 DEB,1993-036BPW,37971,DEB,,CIS,1993-06-16,PLMSC,,99.21,73.99,770,672,0.0108,,EA,ORB
COSMOS 2251 DEB,1993-036BPX,37972,DEB,D,CIS,1993-06-16,PLMSC,2013-12-30,92.50,74.03,412,382,0.0009,,EA,IMP
COSMOS 2251 DEB,1993-036BPY,37973,DEB,,CIS,1993-06-16,PLMSC,,99.81,74.03,777,722,0.0140,,EA,ORB
COSMOS 2251 DEB,1993-036BPZ,37974,DEB,D,CIS,1993-06-16,PLMSC,2022-12-28,92.56,74.00,425,374,0.0051,,EA,IMP
COSMOS 2251 DEB,1993-036BQA,37975,DEB,,CIS,1993-06-16,PLMSC,,96.85,74.00,657,558,0.0068,,EA,ORB
COSMOS 2251 DEB,1993-036BQB,37976,DEB,D,CIS,1993-06-16,PLMSC,2016-02-05,91.20,73.94,344,323,0.0118,,EA,IMP
COSMOS 2251 DEB,1993-036BQC,37977,DEB,D,CIS,1993-06-16,PLMSC,2025-02-28,95.95,73.97,582,547,0.0118,,EA,IMP
COSMOS 2251 DEB,1993-036BQD,37978,DEB,D,CIS,1993-06-16,PLMSC,2025-12-15,92.24,74.02,394,374,0.0142,,EA,IMP
COSMOS 2251 DEB,1993-036BQE,37979,DEB,D,CIS,1993-06-16,PLMSC,2019-07-26,92.82,74.03,436,389,0.0167,,EA,IMP
COSMOS 2251 DEB,1993-036BQF,37980,DEB,D,CIS,1993-06-16,PLMSC,2014-12-13,94.59,73.90,546,451,0.0124,,EA,IMP
COSMOS 2251 DEB,1993-036BQG,37981,DEB,D,CIS,1993-06-16,PLMSC,2025-01-11,99.58,74.00,766,711,0.0099,,EA,IMP
COSMOS 2251 DEB,1993-036BQH,37982,DEB,D,CIS,1993-06-16,PLMSC,2014-04-01,90.85,74.04,330,302,0.0141,,EA,IMP
COSMOS 2251 DEB,1993-036BQJ,37983,DEB,D,CIS,1993-06-16,PLMSC,2023-09-22,95.77,73.99,564,548,0.0094,,EA,IMP
COSMOS 2251 DEB,1993-036BQK,37984,DEB,D,CIS,1993-06-16,PLMSC,2021-12-20,92.72,73.86,416,400,0.0162,,EA,IMP
COSMOS 2251 DEB,1993-036BQL,37985,DEB,,CIS,1993-06-16,PLMSC,,100.31,74.03,789,757,0.0074,,EA,ORB
COSMOS 2251 DEB,1993-036BQM,37986,DEB,D,CIS,1993-06-16,PLMSC,2023-11-25,95.34,73.99,539,530,0.0108,,EA,IMP
COSMOS 2251 DEB,1993-036BQN,37987,DEB,D,CIS,1993-06-16,PLMSC,2014-04-06,92.15,73.84,392,368,0.0140,,EA,IMP
COSMOS 2251 DEB,1993-036BQP,37988,DEB,,CIS,1993-06-16,PLMSC,,97.86,74.06,701,612,0.0126,,EA,ORB
COSMOS 2251 DEB,1993-036BQQ,37989,DEB,D,CIS,1993-06-16,PLMSC,2012-05-08,94.90,74.00,568,459,0.0096,,EA,IMP
COSMOS 2251 DEB,1993-036BQR,37990,DEB,D,CIS,1993-06-16,PLMSC,2023-04-24,99.20,74.02,755,686,0.0057,,EA,IMP
COSMOS 2251 DEB,1993-036BQS,37991,DEB,D,CIS,1993-06-16,PLMSC,2012-01-24,94.63,73.90,547,455,0.0080,,EA,IMP
COSMOS 2251 DEB,1993-036BQT,37992,DEB,D,CIS,1993-06-16,PLMSC,2024-08-30,100.21,74.01,798,739,0.0129,,EA,IMP
COSMOS 2251 DEB,1993-036BQU,37993,DEB,,CIS,1993-06-16,PLMSC,,98.46,74.02,700,670,0.0105,,EA,ORB
COSMOS 2251 DEB,1993-036BQV,37994,DEB,,CIS,1993-06-16,PLMSC,,100.00,74.04,775,741,0.0277,,EA,ORB
COSMOS 2251 DEB,1993-036BQW,37995,DEB,D,CIS,1993-06-16,PLMSC,2023-05-04,90.97,73.95,326,318,0.0091,,EA,IMP
COSMOS 2251 DEB,1993-036BQX,37996,DEB,,CIS,1993-06-16,PLMSC,,101.84,74.06,1006,686,0.0094,,EA,ORB
COSMOS 2251 DEB,1993-036BQY,37997,DEB,D,CIS,1993-06-16,PLMSC,2025-03-17,99.29,74.01,756,693,0.0095,,EA,IMP
COSMOS 2251 DEB,1993-036BQZ,37998,DEB,,CIS,1993-06-16,PLMSC,,99.57,74.04,751,724,0.0085,,EA,ORB
COSMOS 2251 DEB,1993-036BRA,37999,DEB,D,CIS,1993-06-16,PLMSC,2018-03-11,92.55,73.99,404,395,0.0145,,EA,IMP
COSMOS 2251 DEB,1993-036BRB,38000,DEB,D,CIS,1993-06-16,PLMSC,2023-11-02,98.01,74.02,690,636,0.0139,,EA,IMP
COSMOS 2251 DEB,1993-036BRC,38001,DEB,,CIS,1993-06-16,PLMSC,,97.21,74.00,668,582,0.0127,,EA,ORB
COSMOS 2251 DEB,1993-036BRD,38002,DEB,D,CIS,1993-06-16,PLMSC,2014-10-05,95.89,73.98,587,536,0.0034,,EA,IMP
COSMOS 2251 DEB,1993-036BRE,38003,DEB,D,CIS,1993-06-16,PLMSC,2014-03-27,92.87,73.95,429,401,0.0128,,EA,IMP
COSMOS 2251 DEB,1993-036BRF,38004,DEB,D,CIS,1993-06-16,PLMSC,2025-04-25,95.50,74.02,554,532,0.0132,,EA,IMP
COSMOS 2251 DEB,1993-036BRG,38005,DEB,D,CIS,1993-06-16,PLMSC,2013-11-11,91.96,73.88,379,362,0.0082,,EA,IMP
COSMOS 2251 DEB,1993-036BRH,38006,DEB,,CIS,1993-06-16,PLMSC,,99.36,73.84,776,680,0.0145,,EA,ORB
COSMOS 2251 DEB,1993-036BRJ,38052,DEB,D,CIS,1993-06-16,PLMSC,2016-05-06,99.69,73.97,825,662,0.0097,,EA,IMP
COSMOS 2251 DEB,1993-036BRK,38053,DEB,D,CIS,1993-06-16,PLMSC,2016-01-31,96.34,74.03,593,574,0.0012,,EA,IMP
COSMOS 2251 DEB,1993-036BRL,38054,DEB,,CIS,1993-06-16,PLMSC,,105.59,73.95,1280,765,0.0067,,EA,ORB
COSMOS 2251 DEB,1993-036BRM,38055,DEB,,CIS,1993-06-16,PLMSC,,97.33,74.01,675,586,0.0059,,EA,ORB
COSMOS 2251 DEB,1993-036BRN,38056,DEB,,CIS,1993-06-16,PLMSC,,103.54,73.92,1127,725,0.0051,,EA,ORB
COSMOS 2251 DEB,1993-036BRP,38057,DEB,,CIS,1993-06-16,PLMSC,,101.09,74.00,911,709,0.0154,,EA,ORB
COSMOS 2251 DEB,1993-036BRQ,38058,DEB,,CIS,1993-06-16,PLMSC,,105.62,74.00,1317,730,0.0187,,EA,ORB
COSMOS 2251 DEB,1993-036BRR,38059,DEB,D,CIS,1993-06-16,PLMSC,2014-12-16,95.31,73.98,566,501,0.0154,,EA,IMP
COSMOS 2251 DEB,1993-036BRS,38060,DEB,,CIS,1993-06-16,PLMSC,,98.30,74.04,719,635,0.0075,,EA,ORB
COSMOS 2251 DEB,1993-036BRT,38061,DEB,D,CIS,1993-06-16,PLMSC,2020-07-25,89.69,73.91,274,244,0.0497,,EA,IMP
COSMOS 2251 DEB,1993-036BRU,38062,DEB,,CIS,1993-06-16,PLMSC,,95.53,74.00,556,532,0.0153,,EA,ORB
COSMOS 2251 DEB,1993-036BRV,38063,DEB,D,CIS,1993-06-16,PLMSC,2024-01-19,92.99,73.99,442,400,0.0161,,EA,IMP
COSMOS 2251 DEB,1993-036BRW,38064,DEB,,CIS,1993-06-16,PLMSC,,98.78,74.02,733,668,0.0106,,EA,ORB
COSMOS 2251 DEB,1993-036BRX,38065,DEB,D,CIS,1993-06-16,PLMSC,2024-11-27,90.50,73.98,313,285,0.0161,,EA,IMP
COSMOS 2251 DEB,1993-036BRY,38066,DEB,D,CIS,1993-06-16,PLMSC,2023-04-05,92.12,73.98,390,367,0.0083,,EA,IMP
COSMOS 2251 DEB,1993-036BRZ,38067,DEB,,CIS,1993-06-16,PLMSC,,98.51,74.02,738,637,0.0093,,EA,ORB
COSMOS 2251 DEB,1993-036BSA,38068,DEB,,CIS,1993-06-16,PLMSC,,100.26,74.02,790,751,0.0044,,EA,ORB
COSMOS 2251 DEB,1993-036BSB,38069,DEB,D,CIS,1993-06-16,PLMSC,2024-11-01,95.41,74.15,565,512,0.0040,,EA,IMP
COSMOS 2251 DEB,1993-036BSC,38188,DEB,D,CIS,1993-06-16,PLMSC,2024-02-16,99.38,74.01,757,701,0.0134,,EA,IMP
COSMOS 2251 DEB,1993-036BSD,38189,DEB,D,CIS,1993-06-16,PLMSC,2022-10-07,93.63,74.00,463,441,0.0101,,EA,IMP
COSMOS 2251 DEB,1993-036BSE,38190,DEB,D,CIS,1993-06-16,PLMSC,2025-09-19,92.20,74.01,399,365,0.0150,,EA,IMP
COSMOS 2251 DEB,1993-036BSF,38191,DEB,D,CIS,1993-06-16,PLMSC,2024-09-12,99.12,74.00,749,685,0.0103,,EA,IMP
COSMOS 2251 DEB,1993-036BSG,38192,DEB,D,CIS,1993-06-16,PLMSC,2023-04-20,96.92,74.00,620,602,0.0131,,EA,IMP
COSMOS 2251 DEB,1993-036BSH,38193,DEB,D,CIS,1993-06-16,PLMSC,2013-03-27,93.58,73.87,540,360,0.0040,,EA,IMP
COSMOS 2251 DEB,1993-036BSJ,38194,DEB,D,CIS,1993-06-16,PLMSC,2012-12-14,92.81,73.88,442,382,0.0001,,EA,IMP
COSMOS 2251 DEB,1993-036BSK,38195,DEB,D,CIS,1993-06-16,PLMSC,2024-11-01,98.25,73.82,702,648,0.0088,,EA,IMP
COSMOS 2251 DEB,1993-036BSL,38196,DEB,D,CIS,1993-06-16,PLMSC,2024-06-04,96.11,73.86,628,516,0.0178,,EA,IMP
COSMOS 2251 DEB,1993-036BSM,38197,DEB,,CIS,1993-06-16,PLMSC,,97.07,73.93,689,548,0.0110,,EA,ORB
COSMOS 2251 DEB,1993-036BSN,38198,DEB,D,CIS,1993-06-16,PLMSC,2022-05-14,96.87,74.01,630,588,0.0125,,EA,IMP
COSMOS 2251 DEB,1993-036BSP,38199,DEB,,CIS,1993-06-16,PLMSC,,105.48,73.96,1288,746,0.0159,,EA,ORB
COSMOS 2251 DEB,1993-036BSQ,38200,DEB,D,CIS,1993-06-16,PLMSC,2022-12-15,93.21,74.04,452,411,0.0077,,EA,IMP
COSMOS 2251 DEB,1993-036BSR,38201,DEB,D,CIS,1993-06-16,PLMSC,2014-01-14,96.39,73.99,614,557,0.0100,,EA,IMP
COSMOS 2251 DEB,1993-036BSS,38202,DEB,D,CIS,1993-06-16,PLMSC,2014-02-12,95.15,74.00,573,479,0.0209,,EA,IMP
COSMOS 2251 DEB,1993-036BST,38203,DEB,D,CIS,1993-06-16,PLMSC,2014-07-07,91.41,73.93,372,316,0.0092,,EA,IMP
COSMOS 2251 DEB,1993-036BSU,38204,DEB,D,CIS,1993-06-16,PLMSC,2023-01-24,99.14,73.88,760,675,0.0091,,EA,IMP
COSMOS 2251 DEB,1993-036BSV,38205,DEB,D,CIS,1993-06-16,PLMSC,2017-01-27,90.77,73.96,326,299,0.0118,,EA,IMP
COSMOS 2251 DEB,1993-036BSW,38206,DEB,D,CIS,1993-06-16,PLMSC,2017-07-05,93.34,74.13,456,420,0.0136,,EA,IMP
COSMOS 2251 DEB,1993-036BSX,38207,DEB,D,CIS,1993-06-16,PLMSC,2024-08-21,99.58,74.01,765,712,0.0128,,EA,IMP
COSMOS 2251 DEB,1993-036BSY,38208,DEB,,CIS,1993-06-16,PLMSC,,96.41,74.00,593,581,0.0078,,EA,ORB
COSMOS 2251 DEB,1993-036BSZ,38209,DEB,D,CIS,1993-06-16,PLMSC,2015-01-13,95.65,74.12,595,504,0.0108,,EA,IMP
COSMOS 2251 DEB,1993-036BTA,38210,DEB,D,CIS,1993-06-16,PLMSC,2023-10-27,92.01,73.98,396,351,0.0070,,EA,IMP
COSMOS 2251 DEB,1993-036BTB,38211,DEB,D,CIS,1993-06-16,PLMSC,2015-07-07,90.19,73.97,300,267,0.0111,,EA,IMP
COSMOS 2251 DEB,1993-036BTC,38212,DEB,,CIS,1993-06-16,PLMSC,,97.36,74.05,698,567,0.0021,,EA,ORB
COSMOS 2251 DEB,1993-036BTD,38213,DEB,D,CIS,1993-06-16,PLMSC,2025-02-21,95.78,74.03,563,549,0.0162,,EA,IMP
COSMOS 2251 DEB,1993-036BTE,38214,DEB,D,CIS,1993-06-16,PLMSC,2021-03-16,91.93,74.03,380,358,0.0123,,EA,IMP
COSMOS 2251 DEB,1993-036BTF,38215,DEB,D,CIS,1993-06-16,PLMSC,2023-06-29,92.73,73.99,425,391,0.0041,,EA,IMP
COSMOS 2251 DEB,1993-036BTG,38216,DEB,D,CIS,1993-06-16,PLMSC,2022-08-25,95.00,73.97,532,506,0.0164,,EA,IMP
COSMOS 2251 DEB,1993-036BTH,38217,DEB,D,CIS,1993-06-16,PLMSC,2013-05-02,97.10,74.02,644,596,0.0191,,EA,IMP
COSMOS 2251 DEB,1993-036BTJ,38218,DEB,D,CIS,1993-06-16,PLMSC,2017-11-05,92.50,73.99,403,392,0.0027,,EA,IMP
COSMOS 2251 DEB,1993-036BTK,38219,DEB,D,CIS,1993-06-16,PLMSC,2021-06-08,91.22,73.63,343,325,0.0062,,EA,IMP
COSMOS 2251 DEB,1993-036BTL,38220,DEB,,CIS,1993-06-16,PLMSC,,95.35,74.01,539,532,0.0146,,EA,ORB
COSMOS 2251 DEB,1993-036BTM,38221,DEB,D,CIS,1993-06-16,PLMSC,2023-05-11,96.68,74.00,635,564,0.0111,,EA,IMP
COSMOS 2251 DEB,1993-036BTN,38478,DEB,D,CIS,1993-06-16,PLMSC,2023-03-07,92.74,73.99,414,404,0.0122,,EA,IMP
COSMOS 2251 DEB,1993-036BTP,38479,DEB,,CIS,1993-06-16,PLMSC,,99.97,74.01,816,698,0.0073,,EA,ORB
COSMOS 2251 DEB,1993-036BTQ,38480,DEB,D,CIS,1993-06-16,PLMSC,2022-07-20,94.07,73.82,487,460,0.0064,,EA,IMP
COSMOS 2251 DEB,1993-036BTR,38481,DEB,,CIS,1993-06-16,PLMSC,,103.17,73.93,1073,744,0.0082,,EA,ORB
COSMOS 2251 DEB,1993-036BTS,38482,DEB,D,CIS,1993-06-16,PLMSC,2015-09-17,99.95,73.96,798,714,0.0044,,EA,IMP
COSMOS 2251 DEB,1993-036BTT,38483,DEB,,CIS,1993-06-16,PLMSC,,100.71,74.26,874,710,0.0081,,EA,ORB
COSMOS 2251 DEB,1993-036BTU,38484,DEB,D,CIS,1993-06-16,PLMSC,2023-11-08,99.59,74.05,756,722,0.0100,,EA,IMP
COSMOS 2251 DEB,1993-036BTV,38485,DEB,D,CIS,1993-06-16,PLMSC,2025-11-23,91.80,73.98,370,356,0.0109,,EA,IMP
COSMOS 2251 DEB,1993-036BTW,38486,DEB,,CIS,1993-06-16,PLMSC,,97.25,73.94,649,605,0.0132,,EA,ORB
COSMOS 2251 DEB,1993-036BTX,38487,DEB,,CIS,1993-06-16,PLMSC,,92.70,73.96,418,395,0.0075,,EA,ORB
COSMOS 2251 DEB,1993-036BTY,39109,DEB,,CIS,1993-06-16,PLMSC,,97.81,74.04,694,614,0.0044,,EA,ORB
COSMOS 2251 DEB,1993-036BTZ,39110,DEB,,CIS,1993-06-16,PLMSC,,97.74,73.96,716,585,0.0031,,EA,ORB
COSMOS 2251 DEB,1993-036BUA,39111,DEB,D,CIS,1993-06-16,PLMSC,2026-04-07,91.61,73.98,368,340,0.0105,,EA,IMP
COSMOS 2251 DEB,1993-036BUB,39545,DEB,,CIS,1993-06-16,PLMSC,,101.54,73.94,960,704,0.0094,,EA,ORB
COSMOS 2251 DEB,1993-036BUC,39546,DEB,,CIS,1993-06-16,PLMSC,,96.11,74.00,599,545,0.0071,,EA,ORB
COSMOS 2251 DEB,1993-036BUD,39547,DEB,,CIS,1993-06-16,PLMSC,,93.18,73.99,441,420,0.0066,,EA,ORB
COSMOS 2251 DEB,1993-036BUE,39548,DEB,D,CIS,1993-06-16,PLMSC,2023-11-06,97.73,74.01,658,642,0.0101,,EA,IMP
COSMOS 2251 DEB,1993-036BUF,39549,DEB,D,CIS,1993-06-16,PLMSC,2024-01-23,97.86,74.02,668,644,0.0135,,EA,IMP
COSMOS 2251 DEB,1993-036BUG,39550,DEB,,CIS,1993-06-16,PLMSC,,96.40,74.09,618,554,0.0036,,EA,ORB
COSMOS 2251 DEB,1993-036BUH,39551,DEB,D,CIS,1993-06-16,PLMSC,2017-01-06,99.32,73.98,773,679,0.0007,,EA,IMP
COSMOS 2251 DEB,1993-036BUJ,39552,DEB,D,CIS,1993-06-16,PLMSC,2025-01-04,90.37,73.96,308,277,0.0121,,EA,IMP
COSMOS 2251 DEB,1993-036BUK,39553,DEB,,CIS,1993-06-16,PLMSC,,102.80,74.03,1042,741,0.0072,,EA,ORB
COSMOS 2251 DEB,1993-036BUL,39554,DEB,,CIS,1993-06-16,PLMSC,,92.42,73.99,408,378,0.0110,,EA,ORB
COSMOS 2251 DEB,1993-036BUM,39582,DEB,D,CIS,1993-06-16,PLMSC,2025-04-07,93.42,73.99,464,420,0.0090,,EA,IMP
COSMOS 2251 DEB,1993-036BUN,39583,DEB,,CIS,1993-06-16,PLMSC,,98.34,73.93,771,587,0.0106,,EA,ORB
COSMOS 2251 DEB,1993-036BUP,39584,DEB,D,CIS,1993-06-16,PLMSC,2023-10-13,95.03,74.08,526,514,0.0143,,EA,IMP
COSMOS 2251 DEB,1993-036BUQ,39585,DEB,,CIS,1993-06-16,PLMSC,,98.69,74.04,744,648,0.0033,,EA,ORB
COSMOS 2251 DEB,1993-036BUR,39586,DEB,,CIS,1993-06-16,PLMSC,,101.29,74.01,893,746,0.0038,,EA,ORB
COSMOS 2251 DEB,1993-036BUS,39587,DEB,D,CIS,1993-06-16,PLMSC,2023-12-28,92.59,73.99,428,375,0.0037,,EA,IMP
COSMOS 2251 DEB,1993-036BUT,39588,DEB,D,CIS,1993-06-16,PLMSC,2025-10-31,92.78,74.08,421,400,0.0127,,EA,IMP
COSMOS 2251 DEB,1993-036BUU,39589,DEB,D,CIS,1993-06-16,PLMSC,2022-06-12,92.80,73.96,431,392,0.0087,,EA,IMP
COSMOS 2251 DEB,1993-036BUV,39590,DEB,D,CIS,1993-06-16,PLMSC,2024-05-16,94.83,74.00,526,495,0.0062,,EA,IMP
COSMOS 2251 DEB,1993-036BUW,39591,DEB,,CIS,1993-06-16,PLMSC,,99.84,74.02,772,729,0.0070,,EA,ORB
SL-16 DEB,1993-016AS,39868,DEB,,CIS,1993-03-26,TYMSC,,101.48,70.96,922,735,0.0067,,EA,ORB
SL-16 DEB,1993-016AT,39869,DEB,D,CIS,1993-03-26,TYMSC,2024-11-09,101.59,70.99,925,744,0.0079,,EA,IMP
SL-16 DEB,1993-016AU,39870,DEB,,CIS,1993-03-26,TYMSC,,100.84,70.98,885,711,0.0111,,EA,ORB
SL-16 DEB,1993-016AV,39871,DEB,D,CIS,1993-03-26,TYMSC,2024-11-26,90.77,70.99,319,305,0.0127,,EA,IMP
SL-16 DEB,1993-016AW,39872,DEB,,CIS,1993-03-26,TYMSC,,102.76,70.98,988,791,0.0093,,EA,ORB
SL-16 DEB,1993-016AX,39873,DEB,,CIS,1993-03-26,TYMSC,,99.61,70.39,797,683,0.0114,,EA,ORB
SL-16 DEB,1993-016AY,39874,DEB,D,CIS,1993-03-26,TYMSC,2024-11-10,100.22,70.94,845,692,0.0082,,EA,IMP
SL-16 DEB,1993-016AZ,39875,DEB,,CIS,1993-03-26,TYMSC,,102.70,70.97,999,774,0.0059,,EA,ORB
SL-16 DEB,1993-016BA,39876,DEB,D,CIS,1993-03-26,TYMSC,2025-03-23,100.72,70.96,874,711,0.0107,,EA,IMP
SL-16 DEB,1993-016BB,39877,DEB,,CIS,1993-03-26,TYMSC,,101.33,70.99,912,732,0.0063,,EA,ORB
SL-16 DEB,1993-016BC,39878,DEB,,CIS,1993-03-26,TYMSC,,101.33,70.98,913,730,0.0103,,EA,ORB
SL-16 DEB,1993-016BD,39879,DEB,,CIS,1993-03-26,TYMSC,,100.92,70.99,887,717,0.0122,,EA,ORB
SL-16 DEB,1993-016BE,39880,DEB,,CIS,1993-03-26,TYMSC,,100.84,70.97,881,716,0.0008,,EA,ORB
SL-16 DEB,1993-016BF,39881,DEB,,CIS,1993-03-26,TYMSC,,102.16,70.98,947,775,0.0064,,EA,ORB
SL-16 DEB,1993-016BG,39882,DEB,D,CIS,1993-03-26,TYMSC,2024-12-07,98.98,70.94,768,652,0.0133,,EA,IMP
SL-16 DEB,1993-016BH,39883,DEB,,CIS,1993-03-26,TYMSC,,101.19,70.97,907,722,0.0103,,EA,ORB
SL-16 DEB,1993-016BJ,39884,DEB,,CIS,1993-03-26,TYMSC,,100.92,70.96,888,717,0.0063,,EA,ORB
SL-16 DEB,1993-016BK,39885,DEB,D,CIS,1993-03-26,TYMSC,2024-05-14,99.48,70.95,787,681,0.0078,,EA,IMP
SL-16 DEB,1993-016BL,39886,DEB,,CIS,1993-03-26,TYMSC,,97.32,71.01,661,601,0.0142,,EA,ORB
SL-16 DEB,1993-016BM,39887,DEB,D,CIS,1993-03-26,TYMSC,2025-10-05,97.92,70.93,707,612,0.0072,,EA,IMP
SL-16 DEB,1993-016BN,39888,DEB,,CIS,1993-03-26,TYMSC,,99.52,70.95,787,685,0.0141,,EA,ORB
SL-16 DEB,1993-016BP,39889,DEB,D,CIS,1993-03-26,TYMSC,2023-08-03,97.12,70.91,654,588,0.0107,,EA,IMP
SL-16 DEB,1993-016BQ,39890,DEB,D,CIS,1993-03-26,TYMSC,2025-02-28,100.42,70.97,856,702,0.0096,,EA,IMP
SL-16 DEB,1993-016BR,39891,DEB,,CIS,1993-03-26,TYMSC,,99.67,71.00,749,737,0.0057,,EA,ORB
SL-16 DEB,1993-016BS,39892,DEB,D,CIS,1993-03-26,TYMSC,2024-10-13,100.21,70.98,847,689,0.0095,,EA,IMP
SL-16 DEB,1993-016BT,39893,DEB,,CIS,1993-03-26,TYMSC,,100.91,70.97,882,721,0.0101,,EA,ORB
SL-16 DEB,1993-016BU,39894,DEB,D,CIS,1993-03-26,TYMSC,2024-12-28,100.51,70.97,859,706,0.0104,,EA,IMP
SL-16 DEB,1993-016BV,39895,DEB,,CIS,1993-03-26,TYMSC,,103.13,70.99,996,818,0.0038,,EA,ORB
SL-16 DEB,1993-016BW,39896,DEB,D,CIS,1993-03-26,TYMSC,2024-10-23,100.34,70.97,856,694,0.0062,,EA,IMP
SL-16 DEB,1993-016BX,39897,DEB,D,CIS,1993-03-26,TYMSC,2025-03-17,101.07,70.95,894,725,0.0058,,EA,IMP
SL-16 DEB,1993-016BY,39898,DEB,D,CIS,1993-03-26,TYMSC,2022-11-06,97.42,70.95,667,604,0.0076,,EA,IMP
SL-16 DEB,1993-016BZ,39899,DEB,D,CIS,1993-03-26,TYMSC,2024-08-15,95.44,70.97,547,533,0.0108,,EA,IMP
SL-16 DEB,1993-016CA,39900,DEB,D,CIS,1993-03-26,TYMSC,2024-01-19,98.04,70.94,697,633,0.0143,,EA,IMP
SL-16 DEB,1993-016CB,39901,DEB,,CIS,1993-03-26,TYMSC,,101.60,70.95,932,737,0.0089,,EA,ORB
SL-16 DEB,1993-016CC,39902,DEB,,CIS,1993-03-26,TYMSC,,104.76,71.00,1122,844,0.0021,,EA,ORB
SL-16 DEB,1993-016CD,39903,DEB,,CIS,1993-03-26,TYMSC,,103.76,70.99,1034,839,0.0076,,EA,ORB
SL-16 DEB,1993-016CE,39904,DEB,D,CIS,1993-03-26,TYMSC,2025-04-02,102.54,70.98,984,774,0.0088,,EA,IMP
SL-16 DEB,1993-016CF,39905,DEB,,CIS,1993-03-26,TYMSC,,101.07,70.96,899,720,0.0133,,EA,ORB
SL-16 DEB,1993-016CG,39906,DEB,,CIS,1993-03-26,TYMSC,,101.06,70.97,893,725,0.0139,,EA,ORB
SL-16 DEB,1993-016CH,39907,DEB,,CIS,1993-03-26,TYMSC,,103.61,71.00,1023,836,0.0082,,EA,ORB
SL-16 DEB,1993-016CJ,39908,DEB,,CIS,1993-03-26,TYMSC,,100.90,71.00,809,793,0.0112,,EA,ORB
SL-16 DEB,1993-016CK,39909,DEB,D,CIS,1993-03-26,TYMSC,2022-07-14,100.78,71.05,801,791,0.0048,,EA,IMP
SL-16 DEB,1993-016CL,39910,DEB,D,CIS,1993-03-26,TYMSC,2022-06-29,94.88,70.97,532,493,0.0077,,EA,IMP
SL-16 DEB,1993-016CM,39911,DEB,,CIS,1993-03-26,TYMSC,,104.84,71.00,1133,841,0.0231,,EA,ORB
SL-18 DEB,1993-014BM,40050,DEB,D,CIS,1993-03-25,PLMSC,2022-10-19,92.82,75.72,426,399,0.0033,,EA,IMP
COSMOS 2251 DEB,1993-036BUX,40218,DEB,,CIS,1993-06-16,PLMSC,,99.85,74.03,764,739,0.0073,,EA,ORB
COSMOS 2251 DEB,1993-036BUY,40219,DEB,D,CIS,1993-06-16,PLMSC,2016-05-30,95.27,74.00,540,523,0.0130,,EA,IMP
COSMOS 2251 DEB,1993-036BUZ,40220,DEB,D,CIS,1993-06-16,PLMSC,2023-05-31,92.46,73.98,412,378,0.0131,,EA,IMP
COSMOS 2251 DEB,1993-036BVA,40221,DEB,D,CIS,1993-06-16,PLMSC,2024-01-19,91.36,73.86,358,325,0.0100,,EA,IMP
COSMOS 2251 DEB,1993-036BVB,40222,DEB,D,CIS,1993-06-16,PLMSC,2015-12-15,96.58,73.99,605,585,0.0001,,EA,IMP
COSMOS 2251 DEB,1993-036BVC,40223,DEB,D,CIS,1993-06-16,PLMSC,2026-08-01,91.65,73.91,364,346,0.0136,,EA,IMP
COSMOS 2251 DEB,1993-036BVD,40224,DEB,D,CIS,1993-06-16,PLMSC,2025-05-06,92.57,73.95,409,391,0.0066,,EA,IMP
COSMOS 2251 DEB,1993-036BVE,40225,DEB,D,CIS,1993-06-16,PLMSC,2025-02-28,97.71,74.04,658,641,0.0160,,EA,IMP
COSMOS 2251 DEB,1993-036BVF,40226,DEB,D,CIS,1993-06-16,PLMSC,2023-03-15,94.16,74.06,490,466,0.0148,,EA,IMP
COSMOS 2251 DEB,1993-036BVG,40227,DEB,D,CIS,1993-06-16,PLMSC,2022-08-13,92.60,73.99,418,386,0.0068,,EA,IMP
COSMOS 2251 DEB,1993-036BVH,40228,DEB,,CIS,1993-06-16,PLMSC,,99.90,74.05,770,737,0.0127,,EA,ORB
COSMOS 2251 DEB,1993-036BVJ,40229,DEB,D,CIS,1993-06-16,PLMSC,2024-03-19,97.80,74.02,707,600,0.0040,,EA,IMP
COSMOS 2251 DEB,1993-036BVK,40230,DEB,,CIS,1993-06-16,PLMSC,,99.27,74.04,736,712,0.0077,,EA,ORB
COSMOS 2251 DEB,1993-036BVL,40231,DEB,D,CIS,1993-06-16,PLMSC,2023-04-01,94.51,74.01,512,478,0.0112,,EA,IMP
COSMOS 2251 DEB,1993-036BVM,40232,DEB,D,CIS,1993-06-16,PLMSC,2023-11-17,91.01,74.08,332,316,0.0078,,EA,IMP
COSMOS 2251 DEB,1993-036BVN,40233,DEB,,CIS,1993-06-16,PLMSC,,98.59,73.94,724,659,0.0122,,EA,ORB
COSMOS 2251 DEB,1993-036BVP,40234,DEB,D,CIS,1993-06-16,PLMSC,2020-12-10,90.39,73.98,302,285,0.0230,,EA,IMP
COSMOS 2251 DEB,1993-036BVQ,40235,DEB,,CIS,1993-06-16,PLMSC,,97.76,74.02,659,644,0.0073,,EA,ORB
COSMOS 2251 DEB,1993-036BVR,40236,DEB,,CIS,1993-06-16,PLMSC,,108.67,73.54,1569,762,0.0195,,EA,ORB
COSMOS 2251 DEB,1993-036BVS,40237,DEB,D,CIS,1993-06-16,PLMSC,2026-07-12,93.42,74.01,454,430,0.0103,,EA,IMP
COSMOS 2251 DEB,1993-036BVT,40238,DEB,,CIS,1993-06-16,PLMSC,,108.61,73.99,1575,750,0.0142,,EA,ORB
COSMOS 2251 DEB,1993-036BVU,40239,DEB,,CIS,1993-06-16,PLMSC,,98.44,74.03,745,623,0.0071,,EA,ORB
METEOR 2-21 DEB,1993-055D,40711,DEB,,CIS,1993-08-31,PLMSC,,102.96,82.55,906,891,0.0124,,EA,ORB
METEOR 2-21 DEB,1993-055E,40712,DEB,,CIS,1993-08-31,PLMSC,,103.26,82.55,926,900,0.0097,,EA,ORB
COSMOS 2251 DEB,1993-036BVV,40792,DEB,,CIS,1993-06-16,PLMSC,,97.95,74.04,674,647,0.0045,,EA,ORB
COSMOS 2251 DEB,1993-036BVW,40793,DEB,,CIS,1993-06-16,PLMSC,,102.39,73.98,1026,717,0.0046,,EA,ORB
COSMOS 2251 DEB,1993-036BVX,40794,DEB,,CIS,1993-06-16,PLMSC,,95.10,73.97,530,516,0.0141,,EA,ORB
COSMOS 2251 DEB,1993-036BVY,40795,DEB,D,CIS,1993-06-16,PLMSC,2024-11-02,98.30,73.97,766,589,0.0106,,EA,IMP
COSMOS 2251 DEB,1993-036BVZ,40796,DEB,,CIS,1993-06-16,PLMSC,,97.00,74.01,652,578,0.0064,,EA,ORB
COSMOS 2251 DEB,1993-036BWA,40797,DEB,,CIS,1993-06-16,PLMSC,,94.82,73.93,550,470,0.0036,,EA,ORB
COSMOS 2251 DEB,1993-036BWB,40798,DEB,D,CIS,1993-06-16,PLMSC,2025-03-13,96.46,74.03,594,585,0.0153,,EA,IMP
COSMOS 2251 DEB,1993-036BWC,40799,DEB,,CIS,1993-06-16,PLMSC,,96.06,73.93,647,492,0.0024,,EA,ORB
COSMOS 2251 DEB,1993-036BWD,40800,DEB,D,CIS,1993-06-16,PLMSC,2024-04-18,95.32,73.76,571,497,0.0085,,EA,IMP
COSMOS 2251 DEB,1993-036BWE,40801,DEB,D,CIS,1993-06-16,PLMSC,2018-11-20,96.53,74.02,632,553,0.0068,,EA,IMP
COSMOS 2251 DEB,1993-036BWF,40802,DEB,,CIS,1993-06-16,PLMSC,,97.32,74.04,672,589,0.0047,,EA,ORB
COSMOS 2251 DEB,1993-036BWG,40803,DEB,,CIS,1993-06-16,PLMSC,,99.15,74.02,740,696,0.0063,,EA,ORB
COSMOS 2251 DEB,1993-036BWH,40804,DEB,D,CIS,1993-06-16,PLMSC,2021-12-15,92.38,74.01,399,383,0.0108,,EA,IMP
COSMOS 2251 DEB,1993-036BWJ,40805,DEB,D,CIS,1993-06-16,PLMSC,2023-02-28,92.64,74.01,417,391,0.0056,,EA,IMP
COSMOS 2251 DEB,1993-036BWK,40806,DEB,D,CIS,1993-06-16,PLMSC,2022-08-19,96.31,74.01,587,577,0.0070,,EA,IMP
COSMOS 2251 DEB,1993-036BWL,40807,DEB,,CIS,1993-06-16,PLMSC,,98.68,74.01,740,651,0.0128,,EA,ORB
COSMOS 2251 DEB,1993-036BWM,40808,DEB,,CIS,1993-06-16,PLMSC,,97.87,74.04,663,650,0.0045,,EA,ORB
COSMOS 2251 DEB,1993-036BWN,40809,DEB,D,CIS,1993-06-16,PLMSC,2021-06-05,98.66,74.02,717,672,0.0012,,EA,IMP
COSMOS 2251 DEB,1993-036BWP,40810,DEB,,CIS,1993-06-16,PLMSC,,98.62,74.04,705,680,0.0059,,EA,ORB
COSMOS 2251 DEB,1993-036BWQ,40811,DEB,D,CIS,1993-06-16,PLMSC,2024-03-19,97.85,74.02,684,628,0.0114,,EA,IMP
SL-16 DEB,1993-016CN,42234,DEB,,CIS,1993-03-26,TYMSC,,100.97,70.99,888,721,0.0093,,EA,ORB
SL-16 DEB,1993-016CP,42235,DEB,,CIS,1993-03-26,TYMSC,,101.31,70.99,912,729,0.0094,,EA,ORB
SL-16 DEB,1993-016CQ,42236,DEB,,CIS,1993-03-26,TYMSC,,101.91,70.98,949,749,0.0068,,EA,ORB
SL-16 DEB,1993-016CR,42237,DEB,D,CIS,1993-03-26,TYMSC,2025-06-06,95.55,70.91,559,532,0.0068,,EA,IMP
SL-16 DEB,1993-016CS,42238,DEB,D,CIS,1993-03-26,TYMSC,2025-03-28,100.44,70.97,857,702,0.0062,,EA,IMP
SL-16 DEB,1993-016CT,42239,DEB,,CIS,1993-03-26,TYMSC,,99.37,71.12,786,671,0.0121,,EA,ORB
SL-16 DEB,1993-016CU,42240,DEB,,CIS,1993-03-26,TYMSC,,101.42,70.97,919,733,0.0079,,EA,ORB
SL-16 DEB,1993-016CV,42241,DEB,D,CIS,1993-03-26,TYMSC,2024-12-21,101.52,70.96,917,744,0.0011,,EA,IMP
SL-16 DEB,1993-016CW,42242,DEB,,CIS,1993-03-26,TYMSC,,101.58,71.00,937,731,0.0073,,EA,ORB
SL-16 DEB,1993-016CX,42243,DEB,D,CIS,1993-03-26,TYMSC,2025-11-15,95.64,70.91,573,526,0.0070,,EA,IMP
SL-16 DEB,1993-016CY,42244,DEB,D,CIS,1993-03-26,TYMSC,2025-01-30,101.35,71.02,907,738,0.0094,,EA,IMP
SL-16 DEB,1993-016CZ,42245,DEB,D,CIS,1993-03-26,TYMSC,2025-06-24,99.85,70.96,818,684,0.0068,,EA,IMP
SL-16 DEB,1993-016DA,42246,DEB,D,CIS,1993-03-26,TYMSC,2025-03-29,99.76,70.94,816,678,0.0117,,EA,IMP
SL-16 DEB,1993-016DB,42247,DEB,D,CIS,1993-03-26,TYMSC,2025-05-11,96.24,70.97,601,556,0.0129,,EA,IMP
SL-16 DEB,1993-016DC,42248,DEB,D,CIS,1993-03-26,TYMSC,2025-03-05,100.74,70.96,874,714,0.0113,,EA,IMP
SL-16 DEB,1993-016DD,42249,DEB,D,CIS,1993-03-26,TYMSC,2024-08-30,100.93,70.97,882,723,0.0082,,EA,IMP
SL-16 DEB,1993-016DE,42250,DEB,D,CIS,1993-03-26,TYMSC,2024-11-11,91.40,70.93,362,325,0.0146,,EA,IMP
SL-16 DEB,1993-016DF,42251,DEB,D,CIS,1993-03-26,TYMSC,2024-01-12,99.02,70.97,761,662,0.0112,,EA,IMP
SL-16 DEB,1993-016DG,42252,DEB,,CIS,1993-03-26,TYMSC,,100.76,70.99,883,706,0.0125,,EA,ORB
SL-16 DEB,1993-016DH,42253,DEB,D,CIS,1993-03-26,TYMSC,2024-12-05,98.48,70.93,729,643,0.0167,,EA,IMP
SL-16 DEB,1993-016DJ,42254,DEB,D,CIS,1993-03-26,TYMSC,2024-09-01,99.83,70.98,810,690,0.0119,,EA,IMP
SL-16 DEB,1993-016DK,42255,DEB,,CIS,1993-03-26,TYMSC,,101.18,71.01,821,808,0.0019,,EA,ORB
SL-16 DEB,1993-016DL,42256,DEB,D,CIS,1993-03-26,TYMSC,2023-11-25,101.72,70.96,933,747,0.0073,,EA,IMP
SL-14 DEB,1993-038H,44575,DEB,,CIS,1993-06-24,PLMSC,,114.75,82.59,1480,1408,,,EA,ORB
SL-16 DEB,1993-059N,44576,DEB,D,CIS,1993-09-16,TYMSC,2023-11-22,91.15,70.92,338,323,,,EA,IMP
COSMOS 2251 DEB,1993-036BWR,44983,DEB,D,CIS,1993-06-16,PLMSC,2025-01-16,97.23,74.04,632,620,,,EA,IMP
COSMOS 2251 DEB,1993-036BWS,45039,DEB,D,CIS,1993-06-16,PLMSC,2025-04-04,97.48,74.02,646,630,,,EA,IMP
COSMOS 2251 DEB,1993-036BWT,46271,DEB,,CIS,1993-06-16,PLMSC,,99.18,74.05,748,691,,,EA,ORB
COSMOS 2251 DEB,1993-036BWU,46430,DEB,,CIS,1993-06-16,PLMSC,,99.00,73.91,774,647,,,EA,ORB
COSMOS 2251 DEB,1993-036BWV,46431,DEB,D,CIS,1993-06-16,PLMSC,2023-12-28,96.44,74.00,594,582,,,EA,IMP
COSMOS 2251 DEB,1993-036BWW,46432,DEB,,CIS,1993-06-16,PLMSC,,107.71,73.87,1475,766,,,EA,ORB
COSMOS 2251 DEB,1993-036BWX,46433,DEB,,CIS,1993-06-16,PLMSC,,102.10,73.96,993,722,,,EA,ORB
COSMOS 2251 DEB,1993-036BWY,46434,DEB,D,CIS,1993-06-16,PLMSC,2024-08-22,98.84,74.01,723,684,,,EA,IMP
COSMOS 2251 DEB,1993-036BWZ,47045,DEB,,CIS,1993-06-16,PLMSC,,100.07,74.06,782,741,,,EA,ORB
COSMOS 2251 DEB,1993-036BXA,47046,DEB,,CIS,1993-06-16,PLMSC,,102.11,73.91,980,737,,,EA,ORB
COSMOS 2251 DEB,1993-036BXB,47047,DEB,D,CIS,1993-06-16,PLMSC,2025-01-11,98.31,74.03,720,636,,,EA,IMP
COSMOS 2251 DEB,1993-036BXC,47048,DEB,,CIS,1993-06-16,PLMSC,,98.99,73.98,803,617,,,EA,ORB
COSMOS 2251 DEB,1993-036BXD,47049,DEB,D,CIS,1993-06-16,PLMSC,2024-04-26,98.58,73.98,717,665,,,EA,IMP
COSMOS 2251 DEB,1993-036BXE,47050,DEB,D,CIS,1993-06-16,PLMSC,2022-09-22,95.29,74.01,543,523,,,EA,IMP
COSMOS 2251 DEB,1993-036BXF,47051,DEB,,CIS,1993-06-16,PLMSC,,105.27,74.10,1260,755,,,EA,ORB
COSMOS 2251 DEB,1993-036BXG,47052,DEB,,CIS,1993-06-16,PLMSC,,100.29,74.05,816,729,,,EA,ORB
COSMOS 2251 DEB,1993-036BXH,47053,DEB,,CIS,1993-06-16,PLMSC,,105.87,74.06,1316,754,,,EA,ORB
COSMOS 2251 DEB,1993-036BXJ,47054,DEB,D,CIS,1993-06-16,PLMSC,2025-06-02,97.43,73.95,664,607,,,EA,IMP
COSMOS 2251 DEB,1993-036BXK,47055,DEB,D,CIS,1993-06-16,PLMSC,2024-04-12,99.15,74.00,741,695,,,EA,IMP
COSMOS 2251 DEB,1993-036BXL,47056,DEB,D,CIS,1993-06-16,PLMSC,2023-04-06,96.77,74.03,617,591,,,EA,IMP
COSMOS 2251 DEB,1993-036BXM,47057,DEB,D,CIS,1993-06-16,PLMSC,2022-08-24,97.07,74.02,626,611,,,EA,IMP
COSMOS 2251 DEB,1993-036BXN,47058,DEB,D,CIS,1993-06-16,PLMSC,2024-06-10,98.61,74.01,712,673,,,EA,IMP
COSMOS 2251 DEB,1993-036BXP,47059,DEB,D,CIS,1993-06-16,PLMSC,2026-07-23,91.67,73.95,374,340,,,EA,IMP
COSMOS 2251 DEB,1993-036BXQ,47060,DEB,D,CIS,1993-06-16,PLMSC,2024-04-25,95.20,73.71,571,485,,,EA,IMP
COSMOS 2251 DEB,1993-036BXR,47061,DEB,D,CIS,1993-06-16,PLMSC,2026-06-08,90.67,73.96,316,299,,,EA,IMP
COSMOS 2251 DEB,1993-036BXS,47062,DEB,,CIS,1993-06-16,PLMSC,,104.91,74.08,1231,750,,,EA,ORB
COSMOS 2251 DEB,1993-036BXT,47063,DEB,D,CIS,1993-06-16,PLMSC,2023-09-22,95.51,73.96,552,534,,,EA,IMP
COSMOS 2251 DEB,1993-036BXU,47064,DEB,D,CIS,1993-06-16,PLMSC,2023-11-06,96.50,74.00,600,582,,,EA,IMP
COSMOS 2251 DEB,1993-036BXV,47065,DEB,D,CIS,1993-06-16,PLMSC,2024-11-06,96.98,74.02,625,604,,,EA,IMP
COSMOS 2251 DEB,1993-036BXW,47066,DEB,D,CIS,1993-06-16,PLMSC,2024-01-19,97.77,74.00,704,600,,,EA,IMP
COSMOS 2251 DEB,1993-036BXX,47067,DEB,,CIS,1993-06-16,PLMSC,,100.28,74.20,890,654,,,EA,ORB
COSMOS 2251 DEB,1993-036BXY,47068,DEB,,CIS,1993-06-16,PLMSC,,98.98,74.02,723,697,,,EA,ORB
COSMOS 2251 DEB,1993-036BXZ,47069,DEB,,CIS,1993-06-16,PLMSC,,96.67,74.01,602,596,,,EA,ORB
COSMOS 2251 DEB,1993-036BYA,47070,DEB,D,CIS,1993-06-16,PLMSC,2025-05-15,95.46,74.05,547,535,,,EA,IMP
COSMOS 2251 DEB,1993-036BYB,47071,DEB,,CIS,1993-06-16,PLMSC,,98.77,73.80,758,642,,,EA,ORB
COSMOS 2251 DEB,1993-036BYC,47072,DEB,,CIS,1993-06-16,PLMSC,,99.72,74.04,793,698,,,EA,ORB
COSMOS 2251 DEB,1993-036BYD,47073,DEB,,CIS,1993-06-16,PLMSC,,102.48,74.08,992,760,,,EA,ORB
COSMOS 2251 DEB,1993-036BYE,47074,DEB,,CIS,1993-06-16,PLMSC,,100.16,74.09,865,667,,,EA,ORB
COSMOS 2251 DEB,1993-036BYF,47075,DEB,D,CIS,1993-06-16,PLMSC,2024-01-23,97.96,73.99,669,653,,,EA,IMP
COSMOS 2251 DEB,1993-036BYG,47076,DEB,D,CIS,1993-06-16,PLMSC,2024-11-02,99.29,74.02,746,703,,,EA,IMP
COSMOS 2251 DEB,1993-036BYH,47077,DEB,D,CIS,1993-06-16,PLMSC,2024-03-27,97.56,74.12,695,589,,,EA,IMP
COSMOS 2251 DEB,1993-036BYJ,47116,DEB,,CIS,1993-06-16,PLMSC,,95.30,74.01,547,518,,,EA,ORB
COSMOS 2251 DEB,1993-036BYK,47117,DEB,D,CIS,1993-06-16,PLMSC,2022-10-20,96.35,74.01,589,579,,,EA,IMP
COSMOS 2251 DEB,1993-036BYL,47118,DEB,D,CIS,1993-06-16,PLMSC,2023-03-07,90.82,74.00,325,304,,,EA,IMP
COSMOS 2251 DEB,1993-036BYM,47119,DEB,,CIS,1993-06-16,PLMSC,,98.33,74.09,741,617,,,EA,ORB
COSMOS 2251 DEB,1993-036BYN,48420,DEB,D,CIS,1993-06-16,PLMSC,2024-08-15,97.49,74.04,649,628,,,EA,IMP
COSMOS 2251 DEB,1993-036BYP,53093,DEB,,CIS,1993-06-16,PLMSC,,99.79,74.03,764,733,,,EA,ORB
