OBJECT_NAME,OBJECT_ID,NORAD_CAT_ID,OBJECT_TYPE,OPS_STATUS_CODE,OWNER,LAUNCH_DATE,LAUNCH_SITE,DECAY_DATE,PERIOD,INCLINATION,APOGEE,PERIGEE,RCS,DATA_STATUS_CODE,ORBIT_CENTER,ORBIT_TYPE
SOYUZ-TM 18,1994-001A,22957,PAY,D,CIS,1994-01-08,TYMSC,1994-07-09,92.52,51.65,400,396,,,EA,LAN
SL-4 R/B,1994-001B,22958,R/B,D,CIS,1994-01-08,TYMSC,1994-01-11,87.48,51.61,151,148,,,EA,IMP
GALS 1,1994-002A,22963,PAY,-,CIS,1994-01-20,TYMSC,,1434.85,14.52,35816,35709,6.3096,,EA,ORB
SL-12 R/B(1),1994-002B,22964,R/B,D,CIS,1994-01-20,TYMSC,1994-01-22,87.93,51.65,178,166,10.7000,,EA,IMP
SL-12 PLAT,1994-002C,22965,DEB,D,CIS,1994-01-20,TYMSC,1994-01-21,87.51,51.65,152,150,12.4000,,EA,IMP
SL-12 R/B(2),1994-002D,22966,R/B,,CIS,1994-01-20,TYMSC,,1447.74,13.90,36188,35840,2.5179,,EA,ORB
SL-12 R/B(AUX MOTOR),1994-002E,22967,R/B,D,CIS,1994-01-20,TYMSC,1994-10-31,92.30,46.44,672,102,0.9623,,EA,IMP
SL-12 R/B(AUX MOTOR),1994-002F,22968,R/B,D,CIS,1994-01-20,TYMSC,2000-08-29,88.65,46.65,319,96,0.7841,,EA,IMP
METEOR 3-6,1994-003A,22969,PAY,,CIS,1994-01-25,PLMSC,,109.33,82.56,1208,1184,4.7850,,EA,ORB
SL-14 R/B,1994-003B,22970,R/B,,CIS,1994-01-25,PLMSC,,109.34,82.56,1209,1183,4.6652,,EA,ORB
TUBSAT B,1994-003C,22971,PAY,,GER,1994-01-25,PLMSC,,109.33,82.56,1208,1183,0.3887,,EA,ORB
CLEMENTINE 1 (DSPSE),1994-004A,22973,PAY,-,US,1994-01-25,AFWTR,,,,,,1.8875,NEA,SU,ORB
TITAN 2G R/B,1994-004B,22974,R/B,D,US,1994-01-25,AFWTR,1994-02-13,87.88,67.03,179,160,23.3000,,EA,IMP
PROGRESS-M 21,1994-005A,22975,PAY,D,CIS,1994-01-28,TYMSC,1994-03-23,92.41,51.65,403,382,1.0600,,EA,IMP
SL-4 R/B,1994-005B,22976,R/B,D,CIS,1994-01-28,TYMSC,1994-01-29,88.15,51.62,191,175,14.3000,,EA,IMP
STS 60,1994-006A,22977,PAY,D,US,1994-02-03,AFETR,1994-02-11,91.62,56.99,359,350,250.4000,,EA,LAN
OREX,1994-007A,22978,PAY,D,JPN,1994-02-03,TANSC,1994-02-04,93.54,30.52,452,443,,,EA,IMP
VEP,1994-007B,22979,PAY,,JPN,1994-02-03,TANSC,,637.17,29.21,35885,415,6.7180,,EA,ORB
H-2 R/B,1994-007C,22980,R/B,,JPN,1994-02-03,TANSC,,461.33,28.46,26504,295,23.9700,,EA,ORB
RADUGA-1 3,1994-008A,22981,PAY,-,CIS,1994-02-05,TYMSC,,1435.55,14.14,35784,35768,6.3096,,EA,ORB
SL-12 R/B(1),1994-008B,22982,R/B,D,CIS,1994-02-05,TYMSC,1994-02-07,87.72,51.64,163,160,11.5000,,EA,IMP
SL-12 PLAT,1994-008C,22983,DEB,D,CIS,1994-02-05,TYMSC,1994-02-06,88.13,51.64,187,177,9.7000,,EA,IMP
SL-12 R/B(2),1994-008D,22984,R/B,,CIS,1994-02-05,TYMSC,,1469.92,15.09,36546,36346,2.2403,,EA,ORB
SL-12 R/B(AUX MOTOR),1994-008E,22985,R/B,D,CIS,1994-02-05,TYMSC,1994-11-28,99.86,46.46,1393,110,1.2589,,EA,IMP
SL-12 R/B(AUX MOTOR),1994-008F,22986,R/B,D,CIS,1994-02-05,TYMSC,2001-02-15,87.97,46.40,241,106,0.9341,,EA,IMP
STAR 37FM AKM,1994-004C,22987,R/B,D,US,1994-01-25,AFWTR,1994-06-08,90.19,67.25,430,138,7.0000,,EA,IMP
USA 99 (MILSTAR-1 1),1994-009A,22988,PAY,-,US,1994-02-07,AFETR,,1458.60,17.72,36235,36217,,,EA,ORB
TITAN 4 CENTAUR R/B,1994-009B,22989,R/B,,US,1994-02-07,AFETR,,1431.55,16.92,35758,35637,,,EA,ORB
ODERACS A,1994-006B,22990,PAY,D,US,1994-02-03,AFETR,1994-10-02,87.86,56.97,171,166,0.0033,,EA,IMP
ODERACS B,1994-006C,22991,PAY,D,US,1994-02-03,AFETR,1994-10-04,87.41,56.95,149,143,0.0034,,EA,IMP
ODERACS C,1994-006D,22992,PAY,,US,1994-02-03,AFETR,,,,,,,NEA,EA,ORB
ODERACS D,1994-006E,22993,PAY,,US,1994-02-03,AFETR,,,,,,,NEA,EA,ORB
ODERACS E,1994-006F,22994,PAY,D,US,1994-02-03,AFETR,1995-03-03,87.39,56.96,149,142,0.0298,,EA,IMP
ODERACS F,1994-006G,22995,PAY,D,US,1994-02-03,AFETR,1995-02-24,87.25,56.96,144,133,0.0300,,EA,IMP
SJ-4,1994-010A,22996,PAY,,PRC,1994-02-08,XICLF,,310.20,29.01,17220,383,2.9768,,EA,ORB
CZ-3A R/B,1994-010C,22997,R/B,D,PRC,1994-02-08,XICLF,2007-01-01,87.36,27.47,161,126,24.4882,,EA,IMP
BREMSAT,1994-006H,22998,PAY,D,GER,1994-02-03,AFETR,1995-02-12,87.65,56.97,160,156,0.3863,,EA,IMP
COSMOS 2268,1994-011A,22999,PAY,,CIS,1994-02-12,PLMSC,,114.17,82.58,1427,1409,1.0304,,EA,ORB
COSMOS 2269,1994-011B,23000,PAY,,CIS,1994-02-12,PLMSC,,114.11,82.57,1421,1409,1.0020,,EA,ORB
COSMOS 2270,1994-011C,23001,PAY,,CIS,1994-02-12,PLMSC,,114.02,82.57,1417,1405,1.0464,,EA,ORB
COSMOS 2271,1994-011D,23002,PAY,,CIS,1994-02-12,PLMSC,,113.97,82.56,1415,1402,0.9742,,EA,ORB
COSMOS 2272,1994-011E,23003,PAY,,CIS,1994-02-12,PLMSC,,113.89,82.57,1414,1396,0.9832,,EA,ORB
COSMOS 2273,1994-011F,23004,PAY,,CIS,1994-02-12,PLMSC,,114.02,82.57,1416,1406,1.0282,,EA,ORB
SL-14 R/B,1994-011G,23005,R/B,,CIS,1994-02-12,PLMSC,,114.72,82.58,1474,1411,5.2832,,EA,ORB
DUMMY MASS,1994-010B,23009,PAY,D,PRC,1994-02-08,XICLF,2002-02-07,88.73,28.27,312,112,2.5950,,EA,IMP
RADUGA 31,1994-012A,23010,PAY,-,CIS,1994-02-18,TYMSC,,1436.48,14.11,35801,35787,3.1622,,EA,ORB
SL-12 R/B(1),1994-012B,23011,R/B,D,CIS,1994-02-18,TYMSC,1994-02-21,87.21,51.64,139,133,12.7000,,EA,IMP
SL-12 PLAT,1994-012C,23012,DEB,D,CIS,1994-02-18,TYMSC,1994-02-19,88.37,51.64,198,190,10.8000,,EA,IMP
SL-12 R/B(2),1994-012D,23013,R/B,,CIS,1994-02-18,TYMSC,,1467.75,14.99,36543,36265,3.1698,,EA,ORB
SL-12 R/B(AUX MOTOR),1994-012E,23014,R/B,D,CIS,1994-02-18,TYMSC,1994-11-11,103.04,46.58,1706,99,0.7510,,EA,IMP
SL-12 R/B(AUX MOTOR),1994-012F,23015,R/B,D,CIS,1994-02-18,TYMSC,1995-08-25,89.83,46.38,427,105,0.7804,,EA,IMP
GALAXY 1R (G-1R),1994-013A,23016,PAY,-,US,1994-02-19,AFETR,,1451.32,13.00,36090,36078,8.3449,,EA,ORB
DELTA 2 R/B(1),1994-013B,23017,R/B,D,US,1994-02-19,AFETR,1994-04-18,90.45,26.50,471,122,16.5695,,EA,IMP
DELTA 2 R/B(2),1994-013C,23018,R/B,,US,1994-02-19,AFETR,,711.54,24.30,37273,2774,3.4006,,EA,ORB
CORONAS I,1994-014A,23019,PAY,D,CIS,1994-03-02,PLMSC,2001-03-04,87.10,82.44,138,123,25.1786,,EA,IMP
SL-14 R/B,1994-014B,23020,R/B,D,CIS,1994-03-02,PLMSC,2005-02-13,86.86,82.44,124,113,6.4146,,EA,IMP
SL-14 DEB,1994-014C,23021,DEB,D,CIS,1994-03-02,PLMSC,1995-04-08,88.02,82.46,184,169,0.0828,,EA,IMP
SL-14 DEB,1994-014D,23022,DEB,D,CIS,1994-03-02,PLMSC,1996-03-21,88.74,82.50,232,193,0.0714,,EA,IMP
SL-14 DEB,1994-014E,23023,DEB,D,CIS,1994-03-02,PLMSC,1997-02-07,88.74,82.48,216,209,0.0720,,EA,IMP
SL-14 DEB,1994-014F,23024,DEB,D,CIS,1994-03-02,PLMSC,1996-07-06,88.67,82.44,218,199,0.0454,,EA,IMP
STS 62,1994-015A,23025,PAY,D,US,1994-03-04,AFETR,1994-03-18,89.03,39.01,253,200,59.2000,,EA,LAN
SL-14 DEB,1994-014G,23026,DEB,D,CIS,1994-03-02,PLMSC,1996-12-08,88.52,82.45,207,195,0.0479,,EA,IMP
NAVSTAR 36 (USA 100),1994-016A,23027,PAY,-,US,1994-03-10,AFETR,,771.39,53.05,21581,21386,1.9565,,EA,ORB
DELTA 2 R/B(1),1994-016B,23028,R/B,D,US,1994-03-10,AFETR,1994-05-08,88.03,32.34,182,172,12.7400,,EA,IMP
DELTA 2 R/B(2) [PAM-D],1994-016C,23029,R/B,D,US,1994-03-10,AFETR,2001-03-27,88.16,34.58,245,122,2.9945,,EA,IMP
USA 101,1994-017A,23030,PAY,,US,1994-03-13,AFWTR,,,,,,,NEA,EA,ORB
USA 102,1994-017B,23031,PAY,,US,1994-03-13,AFWTR,,,,,,,NEA,EA,ORB
TAURUS R/B,1994-017C,23032,R/B,,US,1994-03-13,AFWTR,,,,,,,NEA,EA,ORB
COSMOS 2274,1994-018A,23033,PAY,D,CIS,1994-03-17,PLMSC,1994-05-21,90.01,67.12,367,183,22.5500,,EA,IMP
SL-4 R/B,1994-018B,23034,R/B,D,CIS,1994-03-17,PLMSC,1994-03-21,88.23,67.12,232,142,,,EA,IMP
PROGRESS-M 22,1994-019A,23035,PAY,D,CIS,1994-03-22,TYMSC,1994-05-23,92.54,51.65,400,398,11.1400,,EA,IMP
SL-4 R/B,1994-019B,23036,R/B,D,CIS,1994-03-22,TYMSC,1994-03-23,87.22,51.61,143,130,11.0000,,EA,IMP
STS 59,1994-020A,23042,PAY,D,US,1994-04-09,AFETR,1994-04-20,88.62,56.99,211,202,,,EA,LAN
COSMOS 2276 [GLONASS],1994-021A,23043,PAY,-,CIS,1994-04-11,TYMSC,,675.74,63.96,19184,19076,4.1413,,EA,ORB
COSMOS 2277 [GLONASS],1994-021B,23044,PAY,-,CIS,1994-04-11,TYMSC,,675.72,63.94,19281,18978,3.2110,,EA,ORB
COSMOS 2275 [GLONASS],1994-021C,23045,PAY,-,CIS,1994-04-11,TYMSC,,675.73,63.93,19200,19059,3.3314,,EA,ORB
SL-12 R/B(1),1994-021D,23046,R/B,D,CIS,1994-04-11,TYMSC,1994-04-11,87.65,64.85,173,143,9.0000,,EA,IMP
SL-12 PLAT,1994-021E,23047,DEB,D,CIS,1994-04-11,TYMSC,1994-04-11,88.12,64.85,182,181,29.0700,,EA,IMP
SL-12 R/B(2),1994-021F,23048,R/B,,CIS,1994-04-11,TYMSC,,675.05,63.93,19150,19075,1.2708,,EA,ORB
SL-12 R/B(AUX MOTOR),1994-021G,23049,R/B,D,CIS,1994-04-11,TYMSC,2000-09-03,88.49,63.77,317,82,1.0279,,EA,IMP
SL-12 R/B(AUX MOTOR),1994-021H,23050,R/B,D,CIS,1994-04-11,TYMSC,2000-07-25,87.75,63.67,239,87,0.9721,,EA,IMP
GOES 8,1994-022A,23051,PAY,-,US,1994-04-13,AFETR,,1455.96,14.48,36193,36156,19.9526,,EA,ORB
ATLAS 1 CENTAUR R/B,1994-022B,23052,R/B,D,US,1994-04-13,AFETR,1994-09-28,91.75,26.96,620,101,25.1991,,EA,IMP
COSMOS 2278,1994-023A,23087,PAY,,CIS,1994-04-23,TYMSC,,101.81,71.05,850,839,12.7967,,EA,ORB
SL-16 R/B,1994-023B,23088,R/B,,CIS,1994-04-23,TYMSC,,101.76,71.00,844,841,10.2638,,EA,ORB
SL-16 DEB,1994-023C,23089,DEB,,CIS,1994-04-23,TYMSC,,104.78,71.02,1131,838,0.0921,,EA,ORB
SL-16 DEB,1994-023D,23090,DEB,,CIS,1994-04-23,TYMSC,,104.68,71.03,1119,839,0.0830,,EA,ORB
SL-16 DEB,1994-023E,23091,DEB,,CIS,1994-04-23,TYMSC,,104.81,70.98,1136,836,0.0840,,EA,ORB
COSMOS 2279,1994-024A,23092,PAY,,CIS,1994-04-26,PLMSC,,104.60,82.95,1003,949,2.2510,,EA,ORB
SL-8 R/B,1994-024B,23093,R/B,,CIS,1994-04-26,PLMSC,,104.48,82.95,977,963,6.1390,,EA,ORB
SL-16 DEB,1994-023F,23094,DEB,,CIS,1994-04-23,TYMSC,,104.77,70.98,1133,835,0.0950,,EA,ORB
COSMOS 2280,1994-025A,23095,PAY,D,CIS,1994-04-28,TYMSC,1995-03-10,89.67,70.36,283,233,16.4485,,EA,IMP
SL-4 R/B,1994-025B,23096,R/B,D,CIS,1994-04-28,TYMSC,1994-05-02,87.85,70.38,181,155,20.6000,,EA,IMP
USA 103,1994-026A,23097,PAY,-,US,1994-05-03,AFETR,,717.83,62.61,38051,2307,,NEA,EA,ORB
TITAN 4 CENTAUR R/B,1994-026B,23098,R/B,D,US,1994-05-03,AFETR,2000-05-18,,,,,,NIE,EA,IMP
SROSS C2,1994-027A,23099,PAY,D,IND,1994-05-04,SRILR,2001-07-12,87.32,45.98,144,140,0.6847,,EA,IMP
ASLV-D4 R/B,1994-027B,23100,R/B,D,IND,1994-05-04,SRILR,2003-10-06,87.81,45.98,167,165,1.1021,,EA,IMP
MSTI 2,1994-028A,23101,PAY,D,US,1994-05-09,AFWTR,1998-11-28,87.26,97.00,141,136,0.9867,,EA,IMP
SCOUT G-1 R/B,1994-028B,23102,R/B,D,US,1994-05-09,AFWTR,1995-03-20,88.50,96.80,203,198,0.6461,,EA,IMP
USA 101 DEB,1994-017D,23103,DEB,,US,1994-03-13,AFWTR,,,,,,,NEA,EA,ORB
STEP 2,1994-029A,23105,PAY,,US,1994-05-19,AFWTR,,96.58,81.94,653,537,1.9810,,EA,ORB
PEGASUS R/B,1994-029B,23106,R/B,,US,1994-05-19,AFWTR,,97.51,81.96,717,562,0.0856,,EA,ORB
GORIZONT 30,1994-030A,23108,PAY,-,CIS,1994-05-20,TYMSC,,1437.72,14.03,35840,35797,12.5892,,EA,ORB
SL-12 R/B(1),1994-030B,23109,R/B,D,CIS,1994-05-20,TYMSC,1994-05-23,87.99,51.65,184,165,,,EA,IMP
SL-12 PLAT,1994-030C,23110,DEB,D,CIS,1994-05-20,TYMSC,1994-05-20,89.16,51.64,296,171,,,EA,IMP
SL-12 R/B(2),1994-030D,23111,R/B,,CIS,1994-05-20,TYMSC,,1386.76,12.56,35001,34629,2.2242,,EA,ORB
COSMOS 2274 DEB,1994-018C,23112,DEB,D,CIS,1994-03-17,PLMSC,1994-05-23,87.90,67.08,240,101,,,EA,IMP
COSMOS 2274 DEB,1994-018D,23113,DEB,D,CIS,1994-03-17,PLMSC,1994-05-23,88.44,67.12,236,159,,,EA,IMP
PROGRESS-M 23,1994-031A,23114,PAY,D,CIS,1994-05-22,TYMSC,1994-07-02,92.52,51.64,400,396,,,EA,IMP
SL-4 R/B,1994-031B,23115,R/B,D,CIS,1994-05-22,TYMSC,1994-05-24,87.46,51.65,155,142,,,EA,IMP
SL-12 R/B(AUX MOTOR),1994-030E,23116,R/B,D,CIS,1994-05-20,TYMSC,1994-12-31,95.33,46.73,976,94,0.4692,,EA,IMP
SL-12 R/B(AUX MOTOR),1994-030F,23117,R/B,D,CIS,1994-05-20,TYMSC,2001-09-29,89.27,46.50,365,112,0.9344,,EA,IMP
COSMOS 2281,1994-032A,23119,PAY,D,CIS,1994-06-07,PLMSC,1994-06-30,90.06,82.58,320,235,,,EA,IMP
SL-4 R/B,1994-032B,23120,R/B,D,CIS,1994-06-07,PLMSC,1994-06-10,88.07,82.58,195,164,,,EA,IMP
COSMOS 2281 DEB,1994-032C,23121,DEB,D,CIS,1994-06-07,PLMSC,1994-06-18,87.13,82.45,140,124,0.0100,,EA,IMP
FOTON 9,1994-033A,23122,PAY,D,CIS,1994-06-14,PLMSC,1994-07-02,90.22,62.81,351,219,,,EA,IMP
SL-4 R/B,1994-033B,23123,R/B,D,CIS,1994-06-14,PLMSC,1994-07-10,87.18,62.78,137,133,20.3632,,EA,IMP
INTELSAT 702 (IS-702),1994-034A,23124,PAY,-,ITSO,1994-06-17,FRGUI,,1455.46,11.18,36212,36117,3.7932,,EA,ORB
STRV 1A,1994-034B,23125,PAY,,UK,1994-06-17,FRGUI,,417.89,7.35,24032,242,0.3162,,EA,ORB
STRV 1B,1994-034C,23126,PAY,D,UK,1994-06-17,FRGUI,2025-05-07,377.66,6.76,21675,183,0.3390,,EA,IMP
ARIANE 44LP+ R/B,1994-034D,23127,R/B,,FR,1994-06-17,FRGUI,,634.99,7.44,35788,401,19.8135,,EA,ORB
USA 101 DEB,1994-017E,23128,DEB,,US,1994-03-13,AFWTR,,,,,,,NEA,EA,ORB
USA 101 DEB,1994-017F,23129,DEB,,US,1994-03-13,AFWTR,,,,,,,NEA,EA,ORB
UFO 3 (USA 104),1994-035A,23132,PAY,-,US,1994-06-24,AFETR,,1436.11,12.40,35800,35774,12.6191,,EA,ORB
ATLAS 1 CENTAUR R/B,1994-035B,23133,R/B,D,US,1994-06-24,AFETR,2001-04-05,88.91,26.83,318,123,21.7035,,EA,IMP
COSMOS 2281 DEB,1994-032D,23134,DEB,D,CIS,1994-06-07,PLMSC,1994-07-25,87.80,82.56,183,149,0.3765,,EA,IMP
COSMOS 2281 DEB,1994-032E,23135,DEB,D,CIS,1994-06-07,PLMSC,1994-07-19,89.11,82.55,273,189,0.1030,,EA,IMP
COSMOS 2281 DEB,1994-032F,23136,DEB,D,CIS,1994-06-07,PLMSC,1994-07-06,87.82,82.56,178,155,0.2100,,EA,IMP
COSMOS 2281 DEB,1994-032G,23137,DEB,D,CIS,1994-06-07,PLMSC,1994-07-11,87.72,82.57,178,145,0.2626,,EA,IMP
COSMOS 2281 DEB,1994-032H,23138,DEB,D,CIS,1994-06-07,PLMSC,1994-08-30,86.76,82.57,120,108,1.0988,,EA,IMP
SOYUZ-TM 19,1994-036A,23139,PAY,D,CIS,1994-07-01,TYMSC,1994-11-04,92.44,51.65,395,393,,,EA,LAN
SL-4 R/B,1994-036B,23140,R/B,D,CIS,1994-07-01,TYMSC,1994-07-03,87.49,51.61,152,148,,,EA,IMP
FOTON 9 DEB,1994-033C,23141,DEB,D,CIS,1994-06-14,PLMSC,1994-07-16,88.58,62.77,212,196,0.0608,,EA,IMP
FOTON 9 DEB,1994-033D,23142,DEB,D,CIS,1994-06-14,PLMSC,1994-08-06,87.22,62.78,146,128,0.7039,,EA,IMP
FOTON 9 DEB,1994-033E,23143,DEB,D,CIS,1994-06-14,PLMSC,1994-09-01,87.73,62.80,169,155,0.4867,,EA,IMP
FOTON 9 DEB,1994-033F,23144,DEB,D,CIS,1994-06-14,PLMSC,1994-07-15,87.62,62.81,163,150,0.4461,,EA,IMP
FSW-2 2,1994-037A,23145,PAY,D,PRC,1994-07-03,JSC,1994-09-13,87.02,62.93,142,111,3.9933,,EA,IMP
CZ-2D R/B,1994-037B,23146,R/B,D,PRC,1994-07-03,JSC,1994-07-13,87.24,62.94,146,130,19.4093,,EA,IMP
CZ-2D DEB,1994-037C,23147,DEB,D,PRC,1994-07-03,JSC,1994-07-04,88.80,62.98,267,163,0.1594,,EA,IMP
COSMOS 2282,1994-038A,23168,PAY,-,CIS,1994-07-06,TYMSC,,1435.68,13.86,35804,35753,2.5118,,EA,ORB
SL-12 R/B(1),1994-038B,23169,R/B,D,CIS,1994-07-06,TYMSC,1994-07-09,87.46,51.64,154,143,,,EA,IMP
SL-12 PLAT,1994-038C,23170,DEB,D,CIS,1994-07-06,TYMSC,1994-07-08,87.30,51.63,142,140,,,EA,IMP
SL-12 R/B(2),1994-038D,23171,R/B,,CIS,1994-07-06,TYMSC,,1448.33,14.21,36125,35926,8.7662,,EA,ORB
SL-12 R/B(AUX MOTOR),1994-038E,23172,R/B,D,CIS,1994-07-06,TYMSC,2001-08-05,87.93,46.81,235,109,1.0870,,EA,IMP
STS 65,1994-039A,23173,PAY,D,US,1994-07-08,AFETR,1994-07-23,89.39,28.47,249,239,,,EA,LAN
SL-12 R/B(AUX MOTOR),1994-038F,23174,R/B,D,CIS,1994-07-06,TYMSC,2003-01-24,89.18,47.02,367,100,0.8628,,EA,IMP
INTELSAT 2 (IS-2),1994-040A,23175,PAY,-,US,1994-07-08,FRGUI,,1451.71,12.33,36108,36075,6.3096,,EA,ORB
BS-3N,1994-040B,23176,PAY,,JPN,1994-07-08,FRGUI,,1452.31,13.45,36116,36091,15.8489,,EA,ORB
ARIANE 44L+ R/B,1994-040C,23177,R/B,,FR,1994-07-08,FRGUI,,617.22,7.56,34898,372,20.9804,,EA,ORB
ARIANE DEB [SPELDA],1994-040D,23178,DEB,D,FR,1994-07-08,FRGUI,2003-05-18,88.39,7.14,237,152,27.1464,,EA,IMP
NADEZHDA 4,1994-041A,23179,PAY,-,CIS,1994-07-14,PLMSC,,104.59,82.95,1000,950,2.2378,,EA,ORB
SL-8 R/B,1994-041B,23180,R/B,,CIS,1994-07-14,PLMSC,,104.48,82.95,991,949,4.9746,,EA,ORB
FSW-2 2 DEB,1994-037D,23181,DEB,D,PRC,1994-07-03,JSC,1994-07-18,91.43,62.83,558,131,0.2000,,EA,IMP
COSMOS 2283,1994-042A,23182,PAY,D,CIS,1994-07-20,PLMSC,1994-09-29,89.46,67.10,315,180,22.6998,,EA,IMP
SL-4 R/B,1994-042B,23183,R/B,D,CIS,1994-07-20,PLMSC,1994-07-26,87.24,67.09,150,126,4.4360,,EA,IMP
SL-4 DEB,1994-042C,23184,DEB,D,CIS,1994-07-20,PLMSC,1994-07-22,88.80,67.07,269,161,0.7000,,EA,IMP
APSTAR-1,1994-043A,23185,PAY,-,PRC,1994-07-21,XICLF,,1449.08,13.39,36051,36030,25.1188,,EA,ORB
CZ-3 R/B,1994-043B,23186,R/B,D,PRC,1994-07-21,XICLF,1999-06-08,88.48,26.56,276,122,12.7997,,EA,IMP
COSMOS 2284,1994-044A,23187,PAY,D,CIS,1994-07-29,TYMSC,1994-09-11,89.55,70.38,294,210,13.5696,,EA,IMP
SL-4 R/B,1994-044B,23188,R/B,D,CIS,1994-07-29,TYMSC,1994-08-04,87.64,70.38,164,152,25.3300,,EA,IMP
COSMOS 2285,1994-045A,23189,PAY,,CIS,1994-08-02,PLMSC,,104.92,74.03,1009,972,1.8327,,EA,ORB
SL-8 R/B,1994-045B,23190,R/B,,CIS,1994-08-02,PLMSC,,104.77,74.03,999,969,4.8233,,EA,ORB
APEX,1994-046A,23191,PAY,D,US,1994-08-03,AFWTR,2024-05-22,87.51,69.83,162,140,2.2542,,EA,IMP
DIRECTV 2 (DBS 2),1994-047A,23192,PAY,-,US,1994-08-03,AFETR,,1459.91,13.00,36281,36222,13.5830,,EA,ORB
ATLAS 2A CENTAUR R/B,1994-047B,23193,R/B,D,US,1994-08-03,AFETR,1998-04-22,90.56,26.81,481,123,24.8184,,EA,IMP
COSMOS 2286,1994-048A,23194,PAY,,CIS,1994-08-05,PLMSC,,717.05,66.86,34527,5792,9.8328,,EA,ORB
SL-6 R/B(1),1994-048B,23195,R/B,D,CIS,1994-08-05,PLMSC,1994-10-08,87.67,62.81,172,147,9.9033,,EA,IMP
SL-6 PLAT,1994-048C,23196,DEB,D,CIS,1994-08-05,PLMSC,1994-09-05,87.56,62.83,172,135,3.7709,,EA,IMP
SL-6 R/B(2),1994-048D,23197,R/B,,CIS,1994-08-05,PLMSC,,706.43,67.72,33994,5799,5.3775,,EA,ORB
APEX R/B,1994-046B,23198,R/B,,US,1994-08-03,AFWTR,,100.44,69.92,1224,335,1.2126,,EA,ORB
BRASILSAT B1,1994-049A,23199,PAY,-,BRAZ,1994-08-10,FRGUI,,1450.88,12.79,36101,36050,9.9185,,EA,ORB
TURKSAT 1B,1994-049B,23200,PAY,-,TURK,1994-08-10,FRGUI,,1453.85,13.77,36207,36060,7.9621,,EA,ORB
ARIANE 44LP+ R/B,1994-049C,23201,R/B,,FR,1994-08-10,FRGUI,,592.34,7.56,33617,354,31.4973,,EA,ORB
ARIANE DEB [SPELDA],1994-049D,23202,DEB,D,FR,1994-08-10,FRGUI,1998-10-10,90.20,7.30,461,108,15.5801,,EA,IMP
COSMOS 2287 [GLONASS],1994-050A,23203,PAY,-,CIS,1994-08-11,TYMSC,,675.74,65.42,19161,19099,3.2522,,EA,ORB
COSMOS 2289 [GLONASS],1994-050B,23204,PAY,-,CIS,1994-08-11,TYMSC,,675.73,65.41,19153,19106,3.5186,,EA,ORB
COSMOS 2288 [GLONASS],1994-050C,23205,PAY,-,CIS,1994-08-11,TYMSC,,675.73,65.42,19136,19124,3.9478,,EA,ORB
SL-12 R/B(1),1994-050D,23206,R/B,D,CIS,1994-08-11,TYMSC,1994-08-12,87.55,64.83,163,143,,,EA,IMP
SL-12 PLAT,1994-050E,23207,DEB,D,CIS,1994-08-11,TYMSC,1994-08-11,87.14,64.83,136,130,,,EA,IMP
SL-12 R/B(2),1994-050F,23208,R/B,,CIS,1994-08-11,TYMSC,,674.69,65.42,19203,19005,1.9091,,EA,ORB
SL-12 R/B(AUX MOTOR),1994-050G,23209,R/B,D,CIS,1994-08-11,TYMSC,2000-07-10,88.53,63.89,308,95,0.9316,,EA,IMP
SL-12 R/B(AUX MOTOR),1994-050H,23210,R/B,D,CIS,1994-08-11,TYMSC,2000-09-27,87.61,63.90,233,79,1.0136,,EA,IMP
MOLNIYA 3-46,1994-051A,23211,PAY,D,CIS,1994-08-23,PLMSC,2009-02-10,94.61,62.17,925,74,3.5833,,EA,IMP
SL-6 R/B(1),1994-051B,23212,R/B,D,CIS,1994-08-23,PLMSC,1994-10-23,87.74,62.81,178,147,8.9212,,EA,IMP
SL-6 PLAT,1994-051C,23213,DEB,D,CIS,1994-08-23,PLMSC,1994-09-26,87.48,62.79,169,131,2.3540,,EA,IMP
SL-6 R/B(2),1994-051D,23214,R/B,D,CIS,1994-08-23,PLMSC,2008-02-19,95.51,62.15,1022,65,7.2263,,EA,IMP
PROGRESS-M 24,1994-052A,23215,PAY,D,CIS,1994-08-25,TYMSC,1994-10-14,92.46,51.65,396,394,14.8498,,EA,IMP
SL-4 R/B,1994-052B,23216,R/B,D,CIS,1994-08-25,TYMSC,1994-08-27,87.26,51.62,146,132,,,EA,IMP
SL-6 DEB,1994-051E,23217,DEB,D,CIS,1994-08-23,PLMSC,1994-08-31,89.21,62.70,297,174,0.8000,,EA,IMP
COSMOS 2290,1994-053A,23218,PAY,D,CIS,1994-08-26,TYMSC,1995-04-04,91.93,64.80,557,181,34.6966,,EA,IMP
SL-16 R/B,1994-053B,23219,R/B,D,CIS,1994-08-26,TYMSC,1994-09-14,86.81,64.83,120,113,18.7509,,EA,IMP
COSMOS 2290 DEB,1994-053C,23220,DEB,D,CIS,1994-08-26,TYMSC,1994-09-18,88.05,64.73,203,153,0.0689,,EA,IMP
COSMOS 2290 DEB,1994-053D,23221,DEB,D,CIS,1994-08-26,TYMSC,1994-09-17,88.11,64.86,205,157,0.1195,,EA,IMP
COSMOS 2290 DEB,1994-053E,23222,DEB,D,CIS,1994-08-26,TYMSC,1994-09-24,87.62,64.85,177,136,0.0363,,EA,IMP
USA 105,1994-054A,23223,PAY,+,US,1994-08-27,AFETR,,1457.19,13.43,36212,36185,,NEA,EA,ORB
COSMOS 2290 DEB,1994-053F,23224,DEB,D,CIS,1994-08-26,TYMSC,1994-08-31,88.46,64.75,224,173,0.0084,,EA,IMP
COSMOS 2290 DEB,1994-053G,23225,DEB,D,CIS,1994-08-26,TYMSC,1994-09-24,87.65,64.82,167,150,0.7701,,EA,IMP
COSMOS 2290 DEB,1994-053H,23226,DEB,D,CIS,1994-08-26,TYMSC,1994-09-23,87.89,64.75,185,155,0.1332,,EA,IMP
OPTUS B3,1994-055A,23227,PAY,-,AUS,1994-08-27,XICLF,,1458.99,12.46,36252,36214,26.3778,,EA,ORB
CZ-2E R/B,1994-055B,23228,R/B,D,PRC,1994-08-27,XICLF,1994-12-27,87.75,27.84,188,138,18.2507,,EA,IMP
OPTUS B3 PKM,1994-055C,23229,R/B,,AUS,1994-08-27,XICLF,,673.39,24.11,37759,383,6.3246,,EA,ORB
KIKU-6 (ETS-VI),1994-056A,23230,PAY,-,JPN,1994-08-28,TANSC,,861.81,12.34,38828,8413,38.6374,,EA,ORB
H-2 R/B(1),1994-056B,23231,R/B,D,JPN,1994-08-28,TANSC,1995-04-02,89.18,28.44,378,90,34.7234,,EA,IMP
DMSP 5D-2 F12 (USA 106),1994-057A,23233,PAY,-,US,1994-08-29,AFWTR,,101.69,98.66,847,830,3.2540,,EA,ORB
DMSP 5D-2 F12 DEB,1994-057B,23234,DEB,D,US,1994-08-29,AFWTR,2015-04-10,89.77,98.69,272,254,0.0550,,EA,IMP
DMSP 5D-2 F12 DEB,1994-057C,23235,DEB,D,US,1994-08-29,AFWTR,2015-03-13,88.73,98.69,220,203,0.0624,,EA,IMP
TITAN 4 CENTAUR R/B,1994-054B,23247,R/B,,US,1994-08-27,AFETR,,1446.04,12.23,36464,35497,,,EA,ORB
ETS 6 DEB,1994-056C,23248,DEB,,JPN,1994-08-28,TANSC,,845.56,12.10,38508,7976,4.7533,,EA,ORB
TELSTAR 402,1994-058A,23249,PAY,D,US,1994-09-09,FRGUI,2004-11-14,106.03,7.08,1987,99,11.4102,,EA,IMP
DMSP 5D-2 F12 DEB,1994-057D,23250,DEB,,US,1994-08-29,AFWTR,,95.78,98.07,557,556,0.0660,,EA,ORB
STS 64,1994-059A,23251,PAY,D,US,1994-09-09,AFETR,1994-09-20,89.31,57.01,247,233,,,EA,LAN
SPARTAN 201,1994-059B,23253,PAY,D,US,1994-09-09,AFETR,1994-09-20,89.31,57.01,247,234,,,EA,IMP
COSMOS 2291,1994-060A,23267,PAY,,CIS,1994-09-21,TYMSC,,1435.91,14.13,35813,35752,5.0118,,EA,ORB
SL-12 R/B(1),1994-060B,23268,R/B,D,CIS,1994-09-21,TYMSC,1994-09-25,87.15,51.61,137,130,14.3200,,EA,IMP
SL-12 PLAT,1994-060C,23269,DEB,D,CIS,1994-09-21,TYMSC,1994-09-22,88.26,51.61,191,186,,,EA,IMP
SL-12 R/B(2),1994-060D,23270,R/B,,CIS,1994-09-21,TYMSC,,1439.18,14.24,35879,35815,1.5818,,EA,ORB
SL-12 R/B(AUX MOTOR),1994-060E,23271,R/B,D,CIS,1994-09-21,TYMSC,1995-07-29,93.64,46.63,807,97,0.8064,,EA,IMP
SL-12 R/B(AUX MOTOR),1994-060F,23272,R/B,D,CIS,1994-09-21,TYMSC,1995-05-19,95.20,46.77,906,151,0.3022,,EA,IMP
USA 101 DEB,1994-017G,23273,DEB,,US,1994-03-13,AFWTR,,,,,,,NEA,EA,ORB
USA 101 DEB,1994-017H,23274,DEB,,US,1994-03-13,AFWTR,,,,,,,NEA,EA,ORB
USA 101 DEB,1994-017J,23276,DEB,,US,1994-03-13,AFWTR,,,,,,,NEA,EA,ORB
DMSP 5D-2 F12 DEB,1994-057E,23277,DEB,D,US,1994-08-29,AFWTR,2023-12-29,88.41,97.98,198,193,0.1290,,EA,IMP
COSMOS 2292,1994-061A,23278,PAY,,CIS,1994-09-27,PLMSC,,105.01,82.97,1597,393,2.9380,,EA,ORB
SL-8 R/B,1994-061B,23279,R/B,,CIS,1994-09-27,PLMSC,,100.65,82.95,1212,367,5.0556,,EA,ORB
COSMOS 2292 DEB,1994-061C,23281,DEB,D,CIS,1994-09-27,PLMSC,2001-04-08,89.38,82.91,282,206,0.5848,,EA,IMP
COSMOS 2283 DEB,1994-042D,23283,DEB,D,CIS,1994-07-20,PLMSC,1994-09-30,88.24,67.08,216,159,,,EA,IMP
COSMOS 2283 DEB,1994-042E,23284,DEB,D,CIS,1994-07-20,PLMSC,1994-09-30,88.29,67.15,221,159,,,EA,IMP
STS 68,1994-062A,23285,PAY,D,US,1994-09-30,AFETR,1994-10-11,88.60,56.99,212,199,,,EA,LAN
COSMOS 2292 DEB,1994-061D,23286,DEB,D,CIS,1994-09-27,PLMSC,2011-04-03,89.37,82.96,257,230,0.0612,,EA,IMP
SL-6 DEB,1994-051F,23287,DEB,D,CIS,1994-08-23,PLMSC,1994-10-10,89.77,62.77,358,167,0.1890,,EA,IMP
SOYUZ-TM 20,1994-063A,23288,PAY,D,CIS,1994-10-03,TYMSC,1995-03-22,92.42,51.65,396,390,17.3800,,EA,LAN
SL-4 R/B,1994-063B,23289,R/B,D,CIS,1994-10-03,TYMSC,1994-10-06,87.43,51.64,148,147,18.6971,,EA,IMP
NSS-703,1994-064A,23305,PAY,-,SES,1994-10-06,AFETR,,1450.04,11.84,36083,36035,5.6742,,EA,ORB
ATLAS 2AS CENTAUR R/B,1994-064B,23306,R/B,D,US,1994-10-06,AFETR,1995-05-11,99.64,25.92,1371,112,23.1028,,EA,IMP
SOLIDARIDAD 2,1994-065A,23313,PAY,-,MEX,1994-10-08,FRGUI,,1456.50,12.45,36192,36178,15.8489,,EA,ORB
THAICOM 2,1994-065B,23314,PAY,-,THAI,1994-10-08,FRGUI,,1445.94,11.59,35995,35962,1.3162,,EA,ORB
ARIANE 44L+ R/B,1994-065C,23315,R/B,D,FR,1994-10-08,FRGUI,1996-01-22,94.27,4.09,864,103,27.9351,,EA,IMP
ARIANE 44L+ DEB [SPELDA],1994-065D,23316,DEB,D,FR,1994-10-08,FRGUI,1998-11-24,109.77,4.17,2301,131,14.0503,,EA,IMP
OKEAN-4,1994-066A,23317,PAY,,CIS,1994-10-11,PLMSC,,96.17,82.53,587,563,7.1433,,EA,ORB
SL-14 R/B,1994-066B,23318,R/B,,CIS,1994-10-11,PLMSC,,97.23,82.54,643,609,4.4332,,EA,ORB
EXPRESS 1,1994-067A,23319,PAY,-,CIS,1994-10-13,TYMSC,,1442.47,14.54,35935,35887,9.3363,,EA,ORB
SL-12 R/B(1),1994-067B,23320,R/B,D,CIS,1994-10-13,TYMSC,1994-10-16,87.16,51.61,137,130,,,EA,IMP
SL-12 PLAT,1994-067C,23321,DEB,D,CIS,1994-10-13,TYMSC,1994-10-14,87.38,51.62,147,142,,,EA,IMP
SL-12 R/B(2),1994-067D,23322,R/B,,CIS,1994-10-13,TYMSC,,1437.42,13.83,35841,35784,1.2589,,EA,ORB
IRS-P2,1994-068A,23323,PAY,-,IND,1994-10-15,SRILR,,101.08,98.89,810,809,3.5092,,EA,ORB
IRS-P2 R/B,1994-068B,23324,R/B,,IND,1994-10-15,SRILR,,101.59,98.84,876,792,6.0380,,EA,ORB
SL-12 R/B(AUX MOTOR),1994-067E,23325,R/B,D,CIS,1994-10-13,TYMSC,1995-08-12,105.01,46.65,1888,102,0.4566,,EA,IMP
SL-12 R/B(AUX MOTOR),1994-067F,23326,R/B,D,CIS,1994-10-13,TYMSC,1995-05-12,98.14,46.82,1244,95,0.1794,,EA,IMP
ELEKTRO (GOMS 1),1994-069A,23327,PAY,-,CIS,1994-10-31,TYMSC,,1436.01,14.45,35823,35747,0.0030,,EA,ORB
SL-12 R/B(1),1994-069B,23328,R/B,D,CIS,1994-10-31,TYMSC,1994-11-03,87.24,51.66,142,134,,,EA,IMP
SL-12 PLAT,1994-069C,23329,DEB,D,CIS,1994-10-31,TYMSC,1994-11-01,87.71,51.66,164,159,,,EA,IMP
SL-12 R/B(2),1994-069D,23330,R/B,,CIS,1994-10-31,TYMSC,,1438.09,14.46,35916,35735,2.5118,,EA,ORB
ASTRA 1D,1994-070A,23331,PAY,-,SES,1994-11-01,FRGUI,,1455.30,12.39,36194,36129,61.3997,,EA,ORB
ARIANE 42P+ R/B,1994-070B,23332,R/B,D,FR,1994-11-01,FRGUI,2004-03-20,90.66,6.90,520,94,25.5855,,EA,IMP
WIND,1994-071A,23333,PAY,+,US,1994-11-01,AFETR,,,,,,,NEA,EL1,ORB
DELTA 2 R/B(1),1994-071B,23334,R/B,D,US,1994-11-01,AFETR,1995-10-20,87.82,27.62,204,129,13.0147,,EA,IMP
COSMOS 2293,1994-072A,23336,PAY,D,CIS,1994-11-02,TYMSC,1996-05-13,87.30,64.99,154,128,25.9410,,EA,IMP
SL-14 R/B,1994-072B,23337,R/B,D,CIS,1994-11-02,TYMSC,1994-11-02,87.93,64.98,238,106,,,EA,IMP
SL-12 R/B(AUX MOTOR),1994-069E,23338,R/B,D,CIS,1994-10-31,TYMSC,1995-05-11,118.74,46.82,3154,95,0.0391,,EA,IMP
SL-12 R/B(AUX MOTOR),1994-069F,23339,R/B,D,CIS,1994-10-31,TYMSC,1995-07-07,101.77,46.68,1583,103,0.7040,,EA,IMP
STS 66,1994-073A,23340,PAY,D,US,1994-11-03,AFETR,1994-11-14,90.38,56.99,301,284,,,EA,LAN
CRISTA-SPAS,1994-073B,23341,PAY,D,US,1994-11-03,AFETR,1994-11-14,90.38,56.99,301,285,14.5018,,EA,IMP
RESURS O1,1994-074A,23342,PAY,,CIS,1994-11-04,TYMSC,,96.96,97.66,614,612,5.7003,,EA,ORB
SL-16 R/B,1994-074B,23343,R/B,,CIS,1994-11-04,TYMSC,,97.33,97.70,636,625,8.2320,,EA,ORB
RESURS O1 DEB,1994-074C,23344,DEB,,CIS,1994-11-04,TYMSC,,98.63,97.96,775,612,0.0730,,EA,ORB
RESURS O1 DEB,1994-074D,23345,DEB,,CIS,1994-11-04,TYMSC,,100.42,97.84,913,644,0.0790,,EA,ORB
RESURS O1 DEB,1994-074E,23346,DEB,,CIS,1994-11-04,TYMSC,,100.12,98.47,884,644,0.0828,,EA,ORB
RESURS O1 DEB,1994-074F,23347,DEB,,CIS,1994-11-04,TYMSC,,98.77,97.81,785,615,0.0789,,EA,ORB
PROGRESS-M 25,1994-075A,23348,PAY,D,CIS,1994-11-11,TYMSC,1995-02-16,92.45,51.65,398,392,,,EA,IMP
SL-4 R/B,1994-075B,23349,R/B,D,CIS,1994-11-11,TYMSC,1994-11-13,87.12,51.62,136,127,,,EA,IMP
DELTA 2 R/B(2),1994-071C,23350,R/B,D,US,1994-11-01,AFETR,1994-11-29,19699.24,28.75,470290,187,,,EA,IMP
COSMOS 2295 [GLONASS],1994-076A,23396,PAY,-,CIS,1994-11-20,TYMSC,,675.73,64.89,19224,19035,2.9280,,EA,ORB
COSMOS 2296 [GLONASS],1994-076B,23397,PAY,-,CIS,1994-11-20,TYMSC,,675.74,64.88,19155,19105,3.5695,,EA,ORB
COSMOS 2294 [GLONASS],1994-076C,23398,PAY,-,CIS,1994-11-20,TYMSC,,675.73,64.88,19143,19116,1.9493,,EA,ORB
SL-12 R/B(1),1994-076D,23399,R/B,D,CIS,1994-11-20,TYMSC,1994-11-20,87.09,64.83,137,123,,,EA,IMP
SL-12 PLAT,1994-076E,23400,DEB,D,CIS,1994-11-20,TYMSC,1994-11-20,87.22,64.81,147,127,,,EA,IMP
SL-12 R/B(2),1994-076F,23401,R/B,,CIS,1994-11-20,TYMSC,,674.30,64.92,19122,19066,2.1165,,EA,ORB
SL-12 R/B(AUX MOTOR),1994-076G,23402,R/B,,CIS,1994-11-20,TYMSC,,336.84,65.41,18637,680,0.7278,,EA,ORB
SL-12 R/B(AUX MOTOR),1994-076H,23403,R/B,,CIS,1994-11-20,TYMSC,,336.85,65.54,18592,726,0.7267,,EA,ORB
COSMOS 2297,1994-077A,23404,PAY,,CIS,1994-11-24,TYMSC,,101.84,71.01,856,836,6.8480,,EA,ORB
SL-16 R/B,1994-077B,23405,R/B,,CIS,1994-11-24,TYMSC,,101.73,70.98,844,837,8.5057,,EA,ORB
SL-16 DEB,1994-077C,23406,DEB,,CIS,1994-11-24,TYMSC,,104.84,71.03,1135,839,0.0925,,EA,ORB
SL-16 DEB,1994-077D,23407,DEB,,CIS,1994-11-24,TYMSC,,104.82,71.03,1132,840,0.0802,,EA,ORB
SL-16 DEB,1994-077E,23408,DEB,,CIS,1994-11-24,TYMSC,,105.01,70.99,1153,836,0.0851,,EA,ORB
SL-16 DEB,1994-077F,23409,DEB,,CIS,1994-11-24,TYMSC,,102.93,70.88,964,831,0.5600,,EA,ORB
SL-16 DEB,1994-077G,23410,DEB,,CIS,1994-11-24,TYMSC,,105.21,70.98,1167,842,0.0900,,EA,ORB
GEO-IK 1,1994-078A,23411,PAY,,CIS,1994-11-29,PLMSC,,116.05,73.61,1526,1480,10.3515,,EA,ORB
SL-14 R/B,1994-078B,23412,R/B,,CIS,1994-11-29,PLMSC,,116.03,73.61,1537,1468,4.8470,,EA,ORB
TELSTAR 11 (ORION 1),1994-079A,23413,PAY,,US,1994-11-29,AFETR,,1460.71,13.90,36362,36172,11.4848,,EA,ORB
ATLAS 2A CENTAUR R/B,1994-079B,23414,R/B,D,US,1994-11-29,AFETR,1999-05-31,103.68,22.58,1774,91,16.6623,,EA,IMP
DFH 3-1,1994-080A,23415,PAY,,PRC,1994-11-29,XICLF,,1426.30,13.64,35997,35192,2.5118,,EA,ORB
CZ-3A R/B,1994-080B,23416,R/B,D,PRC,1994-11-29,XICLF,2003-10-13,88.30,27.33,263,118,20.8855,,EA,IMP
SL-16 DEB,1994-077H,23417,DEB,D,CIS,1994-11-24,TYMSC,2000-04-10,91.55,70.94,374,327,0.0300,,EA,IMP
SL-16 DEB,1994-077J,23418,DEB,,CIS,1994-11-24,TYMSC,,102.08,71.01,910,804,0.0036,,EA,ORB
SL-16 DEB,1994-077K,23419,DEB,D,CIS,1994-11-24,TYMSC,2001-02-15,90.36,70.94,298,287,0.0309,,EA,IMP
MOLNIYA 1-88,1994-081A,23420,PAY,,CIS,1994-12-14,PLMSC,,430.49,64.20,23505,1510,16.2814,,EA,ORB
SL-6 R/B(1),1994-081B,23421,R/B,D,CIS,1994-12-14,PLMSC,1995-01-14,87.34,62.80,151,134,15.4050,,EA,IMP
SL-6 PLAT,1994-081C,23422,DEB,D,CIS,1994-12-14,PLMSC,1994-12-30,87.25,62.79,150,127,,,EA,IMP
SL-6 R/B(2),1994-081D,23423,R/B,D,CIS,1994-12-14,PLMSC,2012-10-17,88.78,62.20,341,87,6.7774,,EA,IMP
LUCH,1994-082A,23426,PAY,,CIS,1994-12-16,TYMSC,,1437.60,14.74,35843,35788,10.0000,,EA,ORB
SL-12 R/B(1),1994-082B,23427,R/B,D,CIS,1994-12-16,TYMSC,1994-12-19,87.56,51.66,155,152,16.9000,,EA,IMP
SL-12 PLAT,1994-082C,23428,DEB,D,CIS,1994-12-16,TYMSC,1994-12-17,87.77,51.64,169,159,,,EA,IMP
SL-12 R/B(2),1994-082D,23429,R/B,,CIS,1994-12-16,TYMSC,,1428.69,14.56,35757,35526,2.5118,,EA,ORB
SL-12 R/B(AUX MOTOR),1994-082E,23430,R/B,D,CIS,1994-12-16,TYMSC,2001-09-27,88.43,46.50,288,106,0.8789,,EA,IMP
COSMOS 2298,1994-083A,23431,PAY,,CIS,1994-12-20,PLMSC,,100.62,74.03,800,776,2.0504,,EA,ORB
SL-8 R/B,1994-083B,23432,R/B,,CIS,1994-12-20,PLMSC,,100.38,74.03,780,773,7.4629,,EA,ORB
COSMOS 2298 DEB,1994-083C,23433,DEB,,CIS,1994-12-20,PLMSC,,99.64,74.01,747,735,0.0124,,EA,ORB
COSMOS 2298 DEB,1994-083D,23434,DEB,,CIS,1994-12-20,PLMSC,,100.07,74.03,770,754,0.0121,,EA,ORB
USA 107 (DSP 17),1994-084A,23435,PAY,-,US,1994-12-22,AFETR,,1453.31,14.49,36153,36093,,,EA,ORB
TITAN 4A R/B,1994-084B,23436,R/B,,US,1994-12-22,AFETR,,,,,,,NEA,EA,ORB
IUS R/B(1),1994-084C,23437,R/B,,US,1994-12-22,AFETR,,,,,,,NEA,EA,ORB
IUS R/B(2),1994-084D,23438,R/B,,US,1994-12-22,AFETR,,1423.14,14.26,35552,35514,,,EA,ORB
RADIO ROSTO (RS15),1994-085A,23439,PAY,P,CIS,1994-12-26,TYMSC,,127.71,64.81,2155,1889,0.6192,,EA,ORB
SL-19 R/B,1994-085B,23440,R/B,,CIS,1994-12-26,TYMSC,,127.76,64.83,2179,1870,5.3004,,EA,ORB
COSMOS 2299,1994-086A,23441,PAY,,CIS,1994-12-26,PLMSC,,113.94,82.56,1414,1401,1.0208,,EA,ORB
COSMOS 2300,1994-086B,23442,PAY,,CIS,1994-12-26,PLMSC,,114.03,82.56,1414,1409,1.0439,,EA,ORB
COSMOS 2301,1994-086C,23443,PAY,,CIS,1994-12-26,PLMSC,,114.08,82.57,1415,1412,1.0609,,EA,ORB
COSMOS 2302,1994-086D,23444,PAY,,CIS,1994-12-26,PLMSC,,114.17,82.56,1424,1412,0.9071,,EA,ORB
COSMOS 2303,1994-086E,23445,PAY,,CIS,1994-12-26,PLMSC,,114.23,82.58,1430,1411,1.0300,,EA,ORB
COSMOS 2304,1994-086F,23446,PAY,,CIS,1994-12-26,PLMSC,,114.09,82.57,1418,1410,0.9901,,EA,ORB
SL-14 R/B,1994-086G,23447,R/B,,CIS,1994-12-26,PLMSC,,114.69,82.57,1470,1413,5.8821,,EA,ORB
RADUGA 32,1994-087A,23448,PAY,-,CIS,1994-12-28,TYMSC,,1436.22,14.29,35827,35752,9.5771,,EA,ORB
SL-12 R/B(1),1994-087B,23449,R/B,D,CIS,1994-12-28,TYMSC,1994-12-31,87.10,51.64,134,128,,,EA,IMP
SL-12 PLAT,1994-087C,23450,DEB,D,CIS,1994-12-28,TYMSC,1994-12-29,87.60,51.65,157,154,,,EA,IMP
SL-12 R/B(2),1994-087D,23451,R/B,,CIS,1994-12-28,TYMSC,,1438.94,14.31,35880,35804,5.0119,,EA,ORB
SL-12 R/B(AUX MOTOR),1994-082F,23452,R/B,D,CIS,1994-12-16,TYMSC,1995-10-04,89.87,46.39,436,100,0.3441,,EA,IMP
COSMOS 2305,1994-088A,23453,PAY,D,CIS,1994-12-29,TYMSC,1995-12-18,89.77,64.88,287,239,29.0204,,EA,IMP
SL-4 R/B,1994-088B,23454,R/B,D,CIS,1994-12-29,TYMSC,1995-01-03,87.69,64.91,176,144,,,EA,IMP
NOAA 14,1994-089A,23455,PAY,-,US,1994-12-30,AFWTR,,101.79,98.52,849,837,3.5869,,EA,ORB
NOAA 14 DEB,1994-089B,23457,DEB,D,US,1994-12-30,AFWTR,2022-11-29,89.09,98.87,235,224,0.0366,,EA,IMP
NOAA 14 DEB,1994-089C,23458,DEB,D,US,1994-12-30,AFWTR,2011-11-02,88.76,98.89,236,190,0.0069,,EA,IMP
SL-12 R/B(AUX MOTOR),1994-087E,23459,R/B,D,CIS,1994-12-28,TYMSC,1996-05-27,88.35,46.25,285,101,1.0336,,EA,IMP
SL-12 R/B(AUX MOTOR),1994-087F,23460,R/B,D,CIS,1994-12-28,TYMSC,2002-02-17,89.96,46.34,445,100,0.9093,,EA,IMP
SL-19 DEB,1994-085C,23479,DEB,,CIS,1994-12-26,TYMSC,,125.73,65.04,2014,1858,0.2072,,EA,ORB
SL-19 DEB,1994-085D,23480,DEB,,CIS,1994-12-26,TYMSC,,125.63,64.71,2129,1733,0.1227,,EA,ORB
SL-19 DEB,1994-085E,23482,DEB,,CIS,1994-12-26,TYMSC,,127.32,64.68,2324,1686,0.2198,,EA,ORB
SL-19 DEB,1994-085F,23483,DEB,,CIS,1994-12-26,TYMSC,,128.24,64.73,2205,1887,0.7752,,EA,ORB
SL-19 DEB,1994-085G,23484,DEB,,CIS,1994-12-26,TYMSC,,128.22,64.73,2236,1854,0.5192,,EA,ORB
SL-19 DEB,1994-085H,23485,DEB,,CIS,1994-12-26,TYMSC,,127.43,64.65,2140,1880,0.0989,,EA,ORB
SL-19 DEB,1994-085J,23486,DEB,,CIS,1994-12-26,TYMSC,,127.91,64.92,2187,1875,0.0336,,EA,ORB
SL-19 DEB,1994-085K,23487,DEB,,CIS,1994-12-26,TYMSC,,127.39,64.94,2150,1867,0.0684,,EA,ORB
SL-19 DEB,1994-085L,23488,DEB,,CIS,1994-12-26,TYMSC,,127.45,65.00,2198,1824,0.2972,,EA,ORB
SL-19 DEB,1994-085M,23489,DEB,,CIS,1994-12-26,TYMSC,,127.53,64.93,2181,1848,0.3440,,EA,ORB
SL-19 DEB,1994-085N,23490,DEB,,CIS,1994-12-26,TYMSC,,128.51,64.83,2170,1945,0.1015,,EA,ORB
SL-19 DEB,1994-085P,23491,DEB,,CIS,1994-12-26,TYMSC,,126.60,64.82,2275,1673,0.1696,,EA,ORB
SL-19 DEB,1994-085Q,23492,DEB,,CIS,1994-12-26,TYMSC,,127.30,64.95,2146,1863,0.0556,,EA,ORB
SL-19 DEB,1994-085R,23493,DEB,,CIS,1994-12-26,TYMSC,,127.21,64.94,2121,1880,0.0482,,EA,ORB
SL-19 DEB,1994-085S,23494,DEB,,CIS,1994-12-26,TYMSC,,123.13,64.97,1897,1744,0.0609,,EA,ORB
SL-19 DEB,1994-085T,23495,DEB,,CIS,1994-12-26,TYMSC,,127.31,65.02,2152,1858,0.0944,,EA,ORB
SL-19 DEB,1994-085U,23496,DEB,,CIS,1994-12-26,TYMSC,,126.96,64.83,2197,1782,0.2062,,EA,ORB
USA 101 DEB,1994-017K,23532,DEB,,US,1994-03-13,AFWTR,,,,,,,NEA,EA,ORB
COSMOS 2290 DEB,1994-053J,23541,DEB,D,CIS,1994-08-26,TYMSC,1995-05-23,87.78,64.79,190,140,0.0142,,EA,IMP
COSMOS 2290 DEB,1994-053K,23542,DEB,D,CIS,1994-08-26,TYMSC,1995-04-30,88.67,64.82,262,156,0.0100,,EA,IMP
COSMOS 2290 DEB,1994-053L,23543,DEB,D,CIS,1994-08-26,TYMSC,1995-04-21,88.11,64.77,230,132,0.4820,,EA,IMP
COSMOS 2290 DEB,1994-053M,23544,DEB,D,CIS,1994-08-26,TYMSC,1995-04-16,87.76,64.77,189,137,0.1010,,EA,IMP
USA 101 DEB,1994-017L,23552,DEB,,US,1994-03-13,AFWTR,,,,,,,NEA,EA,ORB
SL-19 DEB,1994-085V,23564,DEB,,CIS,1994-12-26,TYMSC,,126.88,65.00,2139,1833,0.0793,,EA,ORB
USA 101 DEB,1994-017M,23574,DEB,D,US,1994-03-13,AFWTR,1998-08-13,,,,,0.2005,NIE,EA,IMP
SL-19 DEB,1994-085W,23575,DEB,D,CIS,1994-12-26,TYMSC,2000-01-05,95.73,64.24,686,422,0.0775,,EA,IMP
USA 101 DEB,1994-017N,23576,DEB,,US,1994-03-13,AFWTR,,,,,,,NEA,EA,ORB
USA 101 DEB,1994-017P,23577,DEB,,US,1994-03-13,AFWTR,,,,,,,NEA,EA,ORB
SL-19 DEB,1994-085X,23578,DEB,D,CIS,1994-12-26,TYMSC,1999-05-01,90.48,64.62,363,233,0.1068,,EA,IMP
USA 101 DEB,1994-017Q,23611,DEB,,US,1994-03-13,AFWTR,,,,,,,NEA,EA,ORB
COSMOS 2305 DEB,1994-088C,23746,DEB,D,CIS,1994-12-29,TYMSC,1995-12-22,87.61,64.88,174,138,,,EA,IMP
COSMOS 2305 DEB,1994-088D,23747,DEB,D,CIS,1994-12-29,TYMSC,1995-12-20,87.80,64.94,195,136,,,EA,IMP
PEGASUS DEB,1994-029C,23942,DEB,D,US,1994-05-19,AFWTR,1996-07-03,91.69,81.85,398,317,,,EA,IMP
PEGASUS DEB,1994-029D,23956,DEB,D,US,1994-05-19,AFWTR,1996-09-04,90.56,81.26,329,276,0.0119,,EA,IMP
PEGASUS DEB,1994-029E,23957,DEB,D,US,1994-05-19,AFWTR,1996-07-21,89.27,82.25,265,211,0.0737,,EA,IMP
PEGASUS DEB,1994-029F,23958,DEB,D,US,1994-05-19,AFWTR,1996-09-28,91.02,81.49,347,302,0.0026,,EA,IMP
PEGASUS DEB,1994-029G,23959,DEB,D,US,1994-05-19,AFWTR,1996-09-12,89.76,81.91,297,229,0.0050,,EA,IMP
PEGASUS DEB,1994-029H,23960,DEB,D,US,1994-05-19,AFWTR,1996-08-01,90.41,81.92,305,284,0.0005,,EA,IMP
PEGASUS DEB,1994-029J,23961,DEB,D,US,1994-05-19,AFWTR,1996-09-21,88.50,80.63,208,193,0.0138,,EA,IMP
PEGASUS DEB,1994-029K,23962,DEB,D,US,1994-05-19,AFWTR,1996-08-24,88.86,81.37,228,208,0.0007,,EA,IMP
PEGASUS DEB,1994-029L,23963,DEB,D,US,1994-05-19,AFWTR,1996-12-19,88.69,82.23,232,187,0.0052,,EA,IMP
PEGASUS DEB,1994-029M,23964,DEB,D,US,1994-05-19,AFWTR,1997-02-26,89.31,81.67,254,226,0.0170,,EA,IMP
PEGASUS DEB,1994-029N,23965,DEB,D,US,1994-05-19,AFWTR,1996-09-27,90.40,82.34,301,287,0.0129,,EA,IMP
PEGASUS DEB,1994-029P,23969,DEB,D,US,1994-05-19,AFWTR,1997-01-03,91.75,81.77,381,340,0.0097,,EA,IMP
PEGASUS DEB,1994-029Q,23970,DEB,D,US,1994-05-19,AFWTR,1998-09-05,92.13,82.93,415,343,0.0834,,EA,IMP
PEGASUS DEB,1994-029R,23971,DEB,D,US,1994-05-19,AFWTR,2000-10-12,90.82,81.00,335,295,0.0472,,EA,IMP
PEGASUS DEB,1994-029S,23972,DEB,D,US,1994-05-19,AFWTR,1999-01-23,92.82,82.55,453,373,0.0177,,EA,IMP
PEGASUS DEB,1994-029T,23973,DEB,D,US,1994-05-19,AFWTR,1999-02-24,92.22,82.64,415,351,0.0215,,EA,IMP
PEGASUS DEB,1994-029U,23974,DEB,D,US,1994-05-19,AFWTR,1999-01-16,92.74,82.56,450,368,0.0143,,EA,IMP
PEGASUS DEB,1994-029V,23975,DEB,D,US,1994-05-19,AFWTR,2023-05-16,89.39,82.39,253,236,0.0158,,EA,IMP
PEGASUS DEB,1994-029W,23976,DEB,D,US,1994-05-19,AFWTR,2001-02-01,90.84,81.44,345,287,0.0610,,EA,IMP
PEGASUS DEB,1994-029X,23977,DEB,D,US,1994-05-19,AFWTR,1999-11-02,92.40,80.99,430,355,0.0129,,EA,IMP
PEGASUS DEB,1994-029Y,23978,DEB,D,US,1994-05-19,AFWTR,1998-02-20,90.64,82.97,331,281,0.0053,,EA,IMP
PEGASUS DEB,1994-029Z,23979,DEB,D,US,1994-05-19,AFWTR,1997-07-24,91.64,82.05,362,349,0.0056,,EA,IMP
PEGASUS DEB,1994-029AA,23980,DEB,D,US,1994-05-19,AFWTR,1999-04-03,89.11,82.47,239,222,0.0655,,EA,IMP
PEGASUS DEB,1994-029AB,23981,DEB,D,US,1994-05-19,AFWTR,1996-08-07,91.09,81.83,351,305,0.0575,,EA,IMP
PEGASUS DEB,1994-029AC,23982,DEB,D,US,1994-05-19,AFWTR,2001-01-21,90.88,82.62,334,302,0.0241,,EA,IMP
PEGASUS DEB,1994-029AD,23983,DEB,D,US,1994-05-19,AFWTR,1997-09-03,91.65,80.81,380,331,0.0234,,EA,IMP
PEGASUS DEB,1994-029AE,23984,DEB,D,US,1994-05-19,AFWTR,1996-10-26,88.60,81.13,229,181,0.0251,,EA,IMP
PEGASUS DEB,1994-029AF,23985,DEB,D,US,1994-05-19,AFWTR,1997-11-26,93.49,81.99,476,415,0.0339,,EA,IMP
PEGASUS DEB,1994-029AG,23986,DEB,,US,1994-05-19,AFWTR,,93.20,82.03,446,416,0.0440,,EA,ORB
PEGASUS DEB,1994-029AH,23987,DEB,D,US,1994-05-19,AFWTR,1997-10-11,89.20,81.89,250,220,0.0145,,EA,IMP
PEGASUS DEB,1994-029AJ,23988,DEB,D,US,1994-05-19,AFWTR,1996-09-27,91.74,82.05,372,347,0.0199,,EA,IMP
PEGASUS DEB,1994-029AK,23989,DEB,D,US,1994-05-19,AFWTR,2001-06-13,89.15,82.23,255,210,0.0395,,EA,IMP
PEGASUS DEB,1994-029AL,23990,DEB,D,US,1994-05-19,AFWTR,1997-02-18,91.49,81.89,367,328,0.0411,,EA,IMP
PEGASUS DEB,1994-029AM,23991,DEB,D,US,1994-05-19,AFWTR,1997-11-06,91.37,81.93,358,325,0.0235,,EA,IMP
PEGASUS DEB,1994-029AN,23992,DEB,D,US,1994-05-19,AFWTR,1997-02-16,91.36,82.08,354,328,0.0147,,EA,IMP
PEGASUS DEB,1994-029AP,23993,DEB,D,US,1994-05-19,AFWTR,1999-03-01,89.08,81.91,237,221,0.0246,,EA,IMP
PEGASUS DEB,1994-029AQ,23995,DEB,D,US,1994-05-19,AFWTR,1999-11-14,88.77,81.84,222,205,0.1184,,EA,IMP
PEGASUS DEB,1994-029AR,23996,DEB,D,US,1994-05-19,AFWTR,2000-05-09,89.25,81.94,252,223,0.0225,,EA,IMP
PEGASUS DEB,1994-029AS,23997,DEB,D,US,1994-05-19,AFWTR,1999-07-11,90.82,82.27,330,299,0.0660,,EA,IMP
PEGASUS DEB,1994-029AT,23998,DEB,D,US,1994-05-19,AFWTR,1996-11-21,91.14,81.97,355,306,0.0111,,EA,IMP
PEGASUS DEB,1994-029AU,23999,DEB,D,US,1994-05-19,AFWTR,2002-04-13,90.69,81.77,311,306,0.0099,,EA,IMP
PEGASUS DEB,1994-029AV,24000,DEB,D,US,1994-05-19,AFWTR,2001-06-19,90.37,81.89,306,280,0.0162,,EA,IMP
PEGASUS DEB,1994-029AW,24001,DEB,D,US,1994-05-19,AFWTR,1999-07-22,91.02,82.06,345,304,0.0553,,EA,IMP
PEGASUS DEB,1994-029AX,24002,DEB,D,US,1994-05-19,AFWTR,1997-11-09,91.44,81.94,351,339,0.0268,,EA,IMP
PEGASUS DEB,1994-029AY,24003,DEB,D,US,1994-05-19,AFWTR,1999-07-10,91.32,81.92,342,336,0.0863,,EA,IMP
PEGASUS DEB,1994-029AZ,24004,DEB,D,US,1994-05-19,AFWTR,1998-03-03,90.45,81.87,320,273,0.0749,,EA,IMP
PEGASUS DEB,1994-029BA,24005,DEB,D,US,1994-05-19,AFWTR,1997-10-03,92.60,81.77,416,388,0.0521,,EA,IMP
PEGASUS DEB,1994-029BB,24006,DEB,D,US,1994-05-19,AFWTR,1998-08-28,91.06,82.13,349,304,0.0420,,EA,IMP
PEGASUS DEB,1994-029BC,24007,DEB,,US,1994-05-19,AFWTR,,95.77,81.92,599,513,0.0458,,EA,ORB
PEGASUS DEB,1994-029BD,24008,DEB,D,US,1994-05-19,AFWTR,1998-12-07,91.05,82.10,336,316,0.0266,,EA,IMP
PEGASUS DEB,1994-029BE,24009,DEB,D,US,1994-05-19,AFWTR,1998-07-14,90.89,82.01,338,299,0.0409,,EA,IMP
PEGASUS DEB,1994-029BF,24010,DEB,D,US,1994-05-19,AFWTR,1997-03-23,89.24,82.26,252,222,0.0332,,EA,IMP
PEGASUS DEB,1994-029BG,24011,DEB,D,US,1994-05-19,AFWTR,1996-12-22,91.92,82.16,384,353,0.0204,,EA,IMP
PEGASUS DEB,1994-029BH,24012,DEB,D,US,1994-05-19,AFWTR,1998-10-03,91.71,81.65,369,348,0.0731,,EA,IMP
PEGASUS DEB,1994-029BJ,24013,DEB,D,US,1994-05-19,AFWTR,1999-05-11,89.71,82.04,298,223,0.0533,,EA,IMP
PEGASUS DEB,1994-029BK,24014,DEB,D,US,1994-05-19,AFWTR,2001-12-10,88.69,81.89,220,199,0.0824,,EA,IMP
PEGASUS DEB,1994-029BL,24015,DEB,D,US,1994-05-19,AFWTR,1997-09-20,92.32,81.70,423,354,0.0390,,EA,IMP
PEGASUS DEB,1994-029BM,24016,DEB,D,US,1994-05-19,AFWTR,2001-10-02,90.00,81.91,298,251,0.0203,,EA,IMP
PEGASUS DEB,1994-029BN,24017,DEB,D,US,1994-05-19,AFWTR,1997-06-06,91.09,81.86,344,311,0.0507,,EA,IMP
PEGASUS DEB,1994-029BP,24018,DEB,D,US,1994-05-19,AFWTR,1996-11-19,91.04,82.17,331,321,0.0107,,EA,IMP
PEGASUS DEB,1994-029BQ,24019,DEB,D,US,1994-05-19,AFWTR,1999-01-30,90.85,81.89,347,285,0.0823,,EA,IMP
PEGASUS DEB,1994-029BR,24020,DEB,D,US,1994-05-19,AFWTR,1997-02-20,91.32,81.78,354,325,0.0013,,EA,IMP
PEGASUS DEB,1994-029BS,24021,DEB,D,US,1994-05-19,AFWTR,1997-01-15,92.14,82.18,397,362,0.0236,,EA,IMP
PEGASUS DEB,1994-029BT,24022,DEB,D,US,1994-05-19,AFWTR,1996-09-04,90.70,81.76,323,295,0.0377,,EA,IMP
PEGASUS DEB,1994-029BU,24023,DEB,D,US,1994-05-19,AFWTR,1997-06-01,93.11,81.99,480,373,0.0460,,EA,IMP
PEGASUS DEB,1994-029BV,24024,DEB,D,US,1994-05-19,AFWTR,2000-01-24,91.38,82.15,359,326,0.0373,,EA,IMP
PEGASUS DEB,1994-029BW,24025,DEB,D,US,1994-05-19,AFWTR,2002-05-09,88.74,81.47,224,200,0.0139,,EA,IMP
PEGASUS DEB,1994-029BX,24026,DEB,D,US,1994-05-19,AFWTR,1996-12-30,91.27,82.14,358,315,0.0263,,EA,IMP
PEGASUS DEB,1994-029BY,24027,DEB,D,US,1994-05-19,AFWTR,1996-12-15,90.66,82.09,318,296,0.0246,,EA,IMP
PEGASUS DEB,1994-029BZ,24028,DEB,D,US,1994-05-19,AFWTR,1996-09-30,91.37,81.85,356,327,0.0391,,EA,IMP
PEGASUS DEB,1994-029CA,24029,DEB,D,US,1994-05-19,AFWTR,1997-04-07,90.98,82.00,342,303,0.0029,,EA,IMP
PEGASUS DEB,1994-029CB,24030,DEB,D,US,1994-05-19,AFWTR,1998-10-27,89.54,82.28,275,228,0.0553,,EA,IMP
PEGASUS DEB,1994-029CC,24031,DEB,D,US,1994-05-19,AFWTR,1996-11-21,91.52,81.78,358,340,0.0175,,EA,IMP
PEGASUS DEB,1994-029CD,24032,DEB,D,US,1994-05-19,AFWTR,2000-09-08,90.05,82.18,297,257,0.0550,,EA,IMP
PEGASUS DEB,1994-029CE,24033,DEB,D,US,1994-05-19,AFWTR,2000-04-28,90.36,81.89,313,271,0.0498,,EA,IMP
PEGASUS DEB,1994-029CF,24034,DEB,D,US,1994-05-19,AFWTR,1999-12-12,88.76,81.94,217,209,0.0587,,EA,IMP
PEGASUS DEB,1994-029CG,24035,DEB,D,US,1994-05-19,AFWTR,1998-04-15,89.95,81.84,287,256,0.0117,,EA,IMP
PEGASUS DEB,1994-029CH,24036,DEB,D,US,1994-05-19,AFWTR,1997-03-19,91.23,81.92,347,323,0.0072,,EA,IMP
PEGASUS DEB,1994-029CJ,24037,DEB,D,US,1994-05-19,AFWTR,1996-09-21,91.71,82.29,379,338,0.0114,,EA,IMP
PEGASUS DEB,1994-029CK,24038,DEB,D,US,1994-05-19,AFWTR,1999-01-26,90.77,82.00,336,289,0.0554,,EA,IMP
PEGASUS DEB,1994-029CL,24039,DEB,D,US,1994-05-19,AFWTR,1997-12-08,89.68,82.31,264,252,0.0192,,EA,IMP
PEGASUS DEB,1994-029CM,24040,DEB,D,US,1994-05-19,AFWTR,1997-05-30,91.71,81.72,387,330,0.0051,,EA,IMP
PEGASUS DEB,1994-029CN,24041,DEB,D,US,1994-05-19,AFWTR,1998-04-06,88.20,82.16,208,163,0.0021,,EA,IMP
PEGASUS DEB,1994-029CP,24042,DEB,D,US,1994-05-19,AFWTR,1999-05-06,89.78,81.95,277,250,0.0198,,EA,IMP
PEGASUS DEB,1994-029CQ,24043,DEB,D,US,1994-05-19,AFWTR,2000-08-03,90.73,82.28,328,293,0.0121,,EA,IMP
PEGASUS DEB,1994-029CR,24044,DEB,D,US,1994-05-19,AFWTR,1997-09-22,92.83,81.99,437,390,0.0213,,EA,IMP
PEGASUS DEB,1994-029CS,24045,DEB,D,US,1994-05-19,AFWTR,1996-12-28,91.25,82.14,345,327,0.0101,,EA,IMP
PEGASUS DEB,1994-029CT,24046,DEB,D,US,1994-05-19,AFWTR,1997-08-02,90.80,81.74,330,298,0.0263,,EA,IMP
PEGASUS DEB,1994-029CU,24047,DEB,D,US,1994-05-19,AFWTR,1996-11-07,92.02,81.96,393,354,0.0106,,EA,IMP
PEGASUS DEB,1994-029CV,24048,DEB,D,US,1994-05-19,AFWTR,1996-11-22,91.66,81.88,368,345,0.0193,,EA,IMP
PEGASUS DEB,1994-029CW,24049,DEB,D,US,1994-05-19,AFWTR,1997-09-02,92.75,81.94,433,385,0.0079,,EA,IMP
PEGASUS DEB,1994-029CX,24050,DEB,D,US,1994-05-19,AFWTR,1997-01-30,92.23,81.81,404,364,0.0059,,EA,IMP
PEGASUS DEB,1994-029CY,24051,DEB,,US,1994-05-19,AFWTR,,100.44,81.29,1017,543,0.0480,,EA,ORB
PEGASUS DEB,1994-029CZ,24052,DEB,D,US,1994-05-19,AFWTR,1997-04-15,92.14,81.86,412,347,0.0159,,EA,IMP
PEGASUS DEB,1994-029DA,24053,DEB,D,US,1994-05-19,AFWTR,1997-03-04,92.72,82.04,436,379,0.0313,,EA,IMP
PEGASUS DEB,1994-029DB,24054,DEB,D,US,1994-05-19,AFWTR,2000-02-16,91.38,82.00,364,320,0.0386,,EA,IMP
PEGASUS DEB,1994-029DC,24055,DEB,D,US,1994-05-19,AFWTR,1997-09-13,91.88,81.77,386,347,0.0203,,EA,IMP
PEGASUS DEB,1994-029DD,24056,DEB,D,US,1994-05-19,AFWTR,1996-11-12,95.00,82.29,596,442,0.0161,,EA,IMP
PEGASUS DEB,1994-029DE,24057,DEB,D,US,1994-05-19,AFWTR,1997-10-25,91.05,81.49,352,299,0.0016,,EA,IMP
PEGASUS DEB,1994-029DF,24058,DEB,D,US,1994-05-19,AFWTR,1998-10-17,90.44,81.48,309,283,0.0229,,EA,IMP
PEGASUS DEB,1994-029DG,24059,DEB,D,US,1994-05-19,AFWTR,1998-09-01,90.93,82.02,332,308,0.0327,,EA,IMP
PEGASUS DEB,1994-029DH,24060,DEB,D,US,1994-05-19,AFWTR,1996-11-13,90.71,81.83,320,299,0.0204,,EA,IMP
PEGASUS DEB,1994-029DJ,24061,DEB,D,US,1994-05-19,AFWTR,1997-02-10,91.63,81.93,377,332,0.0080,,EA,IMP
PEGASUS DEB,1994-029DK,24062,DEB,D,US,1994-05-19,AFWTR,2000-04-07,91.21,81.98,353,315,0.0297,,EA,IMP
PEGASUS DEB,1994-029DL,24063,DEB,D,US,1994-05-19,AFWTR,1996-10-21,91.76,82.23,378,343,0.0145,,EA,IMP
PEGASUS DEB,1994-029DM,24064,DEB,D,US,1994-05-19,AFWTR,1999-11-23,92.14,81.95,391,368,0.0126,,EA,IMP
PEGASUS DEB,1994-029DN,24065,DEB,D,US,1994-05-19,AFWTR,1998-02-18,92.51,82.11,430,365,0.0554,,EA,IMP
PEGASUS DEB,1994-029DP,24066,DEB,D,US,1994-05-19,AFWTR,1997-11-15,91.73,81.92,372,347,0.0342,,EA,IMP
PEGASUS DEB,1994-029DQ,24067,DEB,D,US,1994-05-19,AFWTR,1996-12-12,91.00,81.91,328,319,0.0113,,EA,IMP
PEGASUS DEB,1994-029DR,24068,DEB,D,US,1994-05-19,AFWTR,2001-09-08,89.95,81.90,293,251,0.0177,,EA,IMP
PEGASUS DEB,1994-029DS,24069,DEB,D,US,1994-05-19,AFWTR,1998-11-29,93.38,82.10,467,413,0.0335,,EA,IMP
PEGASUS DEB,1994-029DT,24070,DEB,D,US,1994-05-19,AFWTR,2002-12-20,89.58,82.05,261,247,0.0108,,EA,IMP
PEGASUS DEB,1994-029DU,24073,DEB,D,US,1994-05-19,AFWTR,1997-04-13,91.83,82.03,417,312,0.0051,,EA,IMP
PEGASUS DEB,1994-029DV,24074,DEB,D,US,1994-05-19,AFWTR,1997-03-20,91.24,81.59,343,328,0.0053,,EA,IMP
PEGASUS DEB,1994-029DW,24075,DEB,D,US,1994-05-19,AFWTR,1999-04-11,90.37,81.82,308,277,0.0870,,EA,IMP
PEGASUS DEB,1994-029DX,24076,DEB,D,US,1994-05-19,AFWTR,2009-03-22,87.82,81.86,178,156,0.1711,,EA,IMP
PEGASUS DEB,1994-029DY,24077,DEB,D,US,1994-05-19,AFWTR,1998-11-06,90.70,81.82,314,304,0.0890,,EA,IMP
PEGASUS DEB,1994-029DZ,24078,DEB,D,US,1994-05-19,AFWTR,1998-03-07,89.04,81.95,235,219,0.0629,,EA,IMP
PEGASUS DEB,1994-029EA,24079,DEB,D,US,1994-05-19,AFWTR,1998-03-29,90.37,82.28,302,283,0.0444,,EA,IMP
PEGASUS DEB,1994-029EB,24080,DEB,D,US,1994-05-19,AFWTR,2014-08-11,87.81,81.82,174,159,0.1560,,EA,IMP
PEGASUS DEB,1994-029EC,24081,DEB,D,US,1994-05-19,AFWTR,2002-03-19,87.81,82.01,181,151,0.2833,,EA,IMP
PEGASUS DEB,1994-029ED,24082,DEB,,US,1994-05-19,AFWTR,,94.81,81.91,537,482,0.1012,,EA,ORB
PEGASUS DEB,1994-029EE,24083,DEB,D,US,1994-05-19,AFWTR,1998-05-03,90.35,81.80,333,250,0.0551,,EA,IMP
PEGASUS DEB,1994-029EF,24084,DEB,D,US,1994-05-19,AFWTR,1999-12-08,88.07,81.77,182,176,0.0833,,EA,IMP
PEGASUS DEB,1994-029EG,24085,DEB,D,US,1994-05-19,AFWTR,2000-07-12,88.83,81.81,226,207,0.1363,,EA,IMP
PEGASUS DEB,1994-029EH,24086,DEB,D,US,1994-05-19,AFWTR,1999-01-05,90.33,81.87,305,277,0.1042,,EA,IMP
PEGASUS DEB,1994-029EJ,24087,DEB,D,US,1994-05-19,AFWTR,1998-11-10,90.71,81.98,337,282,0.0583,,EA,IMP
PEGASUS DEB,1994-029EK,24088,DEB,D,US,1994-05-19,AFWTR,1999-06-20,89.89,82.01,288,250,0.0484,,EA,IMP
PEGASUS DEB,1994-029EL,24089,DEB,D,US,1994-05-19,AFWTR,2000-12-30,89.38,81.94,247,240,0.2152,,EA,IMP
PEGASUS DEB,1994-029EM,24090,DEB,D,US,1994-05-19,AFWTR,1998-10-29,88.50,81.93,207,194,0.0465,,EA,IMP
PEGASUS DEB,1994-029EN,24091,DEB,,US,1994-05-19,AFWTR,,95.53,82.00,585,503,0.0535,,EA,ORB
PEGASUS DEB,1994-029EP,24092,DEB,D,US,1994-05-19,AFWTR,2016-02-15,88.30,81.99,196,185,0.0600,,EA,IMP
PEGASUS DEB,1994-029EQ,24093,DEB,D,US,1994-05-19,AFWTR,2000-06-13,88.31,81.82,199,183,0.1089,,EA,IMP
PEGASUS DEB,1994-029ER,24094,DEB,D,US,1994-05-19,AFWTR,2015-04-19,87.90,81.83,180,161,0.1130,,EA,IMP
PEGASUS DEB,1994-029ES,24095,DEB,D,US,1994-05-19,AFWTR,2003-02-06,87.90,81.82,178,163,0.2569,,EA,IMP
PEGASUS DEB,1994-029ET,24096,DEB,D,US,1994-05-19,AFWTR,1999-07-06,88.93,81.89,232,211,0.1029,,EA,IMP
PEGASUS DEB,1994-029EU,24097,DEB,D,US,1994-05-19,AFWTR,2023-08-07,87.63,81.91,168,146,0.0820,,EA,IMP
PEGASUS DEB,1994-029EV,24098,DEB,D,US,1994-05-19,AFWTR,1998-05-30,90.14,81.91,293,270,0.1335,,EA,IMP
PEGASUS DEB,1994-029EW,24099,DEB,D,US,1994-05-19,AFWTR,2001-04-07,88.56,81.86,217,189,0.3533,,EA,IMP
PEGASUS DEB,1994-029EX,24100,DEB,D,US,1994-05-19,AFWTR,2000-10-23,89.95,81.85,278,266,0.0253,,EA,IMP
PEGASUS DEB,1994-029EY,24101,DEB,D,US,1994-05-19,AFWTR,1998-12-31,90.12,81.86,300,261,0.0590,,EA,IMP
PEGASUS DEB,1994-029EZ,24102,DEB,D,US,1994-05-19,AFWTR,2019-07-21,87.38,81.84,154,136,0.0712,,EA,IMP
PEGASUS DEB,1994-029FA,24103,DEB,D,US,1994-05-19,AFWTR,2002-09-24,88.49,81.88,212,188,0.0192,,EA,IMP
PEGASUS DEB,1994-029FB,24104,DEB,D,US,1994-05-19,AFWTR,1998-08-20,90.77,82.10,322,303,0.0565,,EA,IMP
PEGASUS DEB,1994-029FC,24105,DEB,D,US,1994-05-19,AFWTR,1996-12-18,90.28,81.73,305,272,0.0496,,EA,IMP
PEGASUS DEB,1994-029FD,24106,DEB,D,US,1994-05-19,AFWTR,2001-09-26,90.02,81.91,285,266,0.0762,,EA,IMP
PEGASUS DEB,1994-029FE,24107,DEB,D,US,1994-05-19,AFWTR,2001-11-03,92.11,81.65,429,327,0.0733,,EA,IMP
PEGASUS DEB,1994-029FF,24108,DEB,D,US,1994-05-19,AFWTR,2011-12-17,88.57,81.99,214,193,0.0690,,EA,IMP
PEGASUS DEB,1994-029FG,24109,DEB,D,US,1994-05-19,AFWTR,1999-12-17,88.65,81.93,216,200,0.0751,,EA,IMP
PEGASUS DEB,1994-029FH,24110,DEB,D,US,1994-05-19,AFWTR,1999-12-23,89.38,81.85,253,235,0.1042,,EA,IMP
PEGASUS DEB,1994-029FJ,24111,DEB,D,US,1994-05-19,AFWTR,2000-01-20,89.62,82.01,268,243,0.0669,,EA,IMP
PEGASUS DEB,1994-029FK,24112,DEB,D,US,1994-05-19,AFWTR,2000-03-25,90.89,81.95,349,287,0.0119,,EA,IMP
PEGASUS DEB,1994-029FL,24113,DEB,D,US,1994-05-19,AFWTR,2000-04-27,90.32,81.84,298,282,0.0839,,EA,IMP
PEGASUS DEB,1994-029FM,24114,DEB,D,US,1994-05-19,AFWTR,2015-08-05,87.88,82.02,179,160,0.0580,,EA,IMP
PEGASUS DEB,1994-029FN,24115,DEB,D,US,1994-05-19,AFWTR,2015-11-13,87.66,82.04,163,154,0.0860,,EA,IMP
PEGASUS DEB,1994-029FP,24116,DEB,D,US,1994-05-19,AFWTR,2000-11-13,89.86,81.98,283,252,0.0706,,EA,IMP
PEGASUS DEB,1994-029FQ,24117,DEB,D,US,1994-05-19,AFWTR,2000-11-22,88.27,81.97,200,177,0.0340,,EA,IMP
PEGASUS DEB,1994-029FR,24118,DEB,D,US,1994-05-19,AFWTR,1999-08-09,90.06,81.77,296,259,0.0878,,EA,IMP
PEGASUS DEB,1994-029FS,24119,DEB,D,US,1994-05-19,AFWTR,1998-01-19,90.42,82.06,312,278,0.0094,,EA,IMP
PEGASUS DEB,1994-029FT,24120,DEB,D,US,1994-05-19,AFWTR,1997-12-11,90.51,82.42,327,272,0.0625,,EA,IMP
PEGASUS DEB,1994-029FU,24121,DEB,D,US,1994-05-19,AFWTR,1999-09-21,91.10,81.26,347,309,0.0744,,EA,IMP
PEGASUS DEB,1994-029FV,24122,DEB,D,US,1994-05-19,AFWTR,2001-10-10,90.14,81.68,299,263,0.0711,,EA,IMP
PEGASUS DEB,1994-029FW,24123,DEB,D,US,1994-05-19,AFWTR,2004-10-16,88.70,81.94,216,205,0.0167,,EA,IMP
PEGASUS DEB,1994-029FX,24124,DEB,D,US,1994-05-19,AFWTR,2003-04-01,88.56,82.14,212,195,0.0114,,EA,IMP
PEGASUS DEB,1994-029FY,24125,DEB,D,US,1994-05-19,AFWTR,1998-09-03,92.65,82.91,441,368,0.0729,,EA,IMP
PEGASUS DEB,1994-029FZ,24126,DEB,,US,1994-05-19,AFWTR,,99.79,81.80,938,558,0.0516,,EA,ORB
PEGASUS DEB,1994-029GA,24127,DEB,D,US,1994-05-19,AFWTR,1998-07-31,91.44,82.88,374,316,0.0854,,EA,IMP
PEGASUS DEB,1994-029GB,24128,DEB,D,US,1994-05-19,AFWTR,1999-10-31,91.35,81.97,363,318,0.0532,,EA,IMP
PEGASUS DEB,1994-029GC,24129,DEB,,US,1994-05-19,AFWTR,,103.60,81.47,1320,537,0.0829,,EA,ORB
PEGASUS DEB,1994-029GD,24130,DEB,D,US,1994-05-19,AFWTR,2002-03-06,89.92,81.84,293,248,0.0823,,EA,IMP
PEGASUS DEB,1994-029GE,24131,DEB,D,US,1994-05-19,AFWTR,2012-11-21,89.15,81.97,240,224,0.0350,,EA,IMP
PEGASUS DEB,1994-029GF,24132,DEB,D,US,1994-05-19,AFWTR,2002-01-23,89.36,81.82,253,232,0.0911,,EA,IMP
PEGASUS DEB,1994-029GG,24133,DEB,D,US,1994-05-19,AFWTR,2001-12-29,89.71,81.91,277,244,0.0716,,EA,IMP
PEGASUS DEB,1994-029GH,24134,DEB,D,US,1994-05-19,AFWTR,2002-01-05,89.16,81.82,245,220,0.0766,,EA,IMP
PEGASUS DEB,1994-029GJ,24135,DEB,D,US,1994-05-19,AFWTR,2002-03-12,89.17,81.78,250,217,0.0893,,EA,IMP
PEGASUS DEB,1994-029GK,24136,DEB,D,US,1994-05-19,AFWTR,2002-04-04,89.29,81.81,247,232,0.0078,,EA,IMP
PEGASUS DEB,1994-029GL,24137,DEB,D,US,1994-05-19,AFWTR,1999-09-05,93.37,82.03,461,418,0.0190,,EA,IMP
PEGASUS DEB,1994-029GM,24138,DEB,D,US,1994-05-19,AFWTR,2023-04-14,88.34,81.42,201,184,0.0300,,EA,IMP
PEGASUS DEB,1994-029GN,24139,DEB,D,US,1994-05-19,AFWTR,2000-03-29,89.72,82.06,273,248,0.0264,,EA,IMP
PEGASUS DEB,1994-029GP,24140,DEB,D,US,1994-05-19,AFWTR,2000-12-26,88.81,82.01,225,206,0.0578,,EA,IMP
PEGASUS DEB,1994-029GQ,24141,DEB,D,US,1994-05-19,AFWTR,1999-05-06,89.73,81.72,280,242,0.0387,,EA,IMP
PEGASUS DEB,1994-029GR,24142,DEB,D,US,1994-05-19,AFWTR,1998-11-09,92.81,81.94,448,377,0.0296,,EA,IMP
PEGASUS DEB,1994-029GS,24143,DEB,D,US,1994-05-19,AFWTR,2000-03-23,89.29,82.19,248,231,0.0622,,EA,IMP
PEGASUS DEB,1994-029GT,24144,DEB,D,US,1994-05-19,AFWTR,1998-04-06,91.49,81.64,366,329,0.0516,,EA,IMP
PEGASUS DEB,1994-029GU,24145,DEB,D,US,1994-05-19,AFWTR,1999-08-04,89.86,81.84,279,256,0.0147,,EA,IMP
PEGASUS DEB,1994-029GV,24146,DEB,D,US,1994-05-19,AFWTR,2001-10-01,90.28,81.26,302,274,0.0002,,EA,IMP
PEGASUS DEB,1994-029GW,24147,DEB,D,US,1994-05-19,AFWTR,2000-06-22,88.99,82.03,237,212,0.0944,,EA,IMP
PEGASUS DEB,1994-029GX,24148,DEB,D,US,1994-05-19,AFWTR,2000-02-04,90.21,82.06,293,277,0.0272,,EA,IMP
PEGASUS DEB,1994-029GY,24149,DEB,D,US,1994-05-19,AFWTR,2001-11-24,90.20,81.91,309,259,0.0099,,EA,IMP
PEGASUS DEB,1994-029GZ,24150,DEB,D,US,1994-05-19,AFWTR,2000-04-02,91.58,81.89,355,349,0.0208,,EA,IMP
PEGASUS DEB,1994-029HA,24151,DEB,,US,1994-05-19,AFWTR,,98.38,82.02,786,576,0.0563,,EA,ORB
PEGASUS DEB,1994-029HB,24152,DEB,D,US,1994-05-19,AFWTR,1999-11-01,89.36,82.03,250,236,0.0189,,EA,IMP
PEGASUS DEB,1994-029HC,24153,DEB,D,US,1994-05-19,AFWTR,2000-04-25,89.85,81.96,283,251,0.0184,,EA,IMP
PEGASUS DEB,1994-029HD,24154,DEB,D,US,1994-05-19,AFWTR,2000-12-29,90.51,81.94,306,293,0.0190,,EA,IMP
PEGASUS DEB,1994-029HE,24155,DEB,D,US,1994-05-19,AFWTR,2002-01-10,89.57,81.86,265,241,0.0180,,EA,IMP
PEGASUS DEB,1994-029HF,24156,DEB,D,US,1994-05-19,AFWTR,2003-02-25,89.51,82.13,260,240,0.0089,,EA,IMP
PEGASUS DEB,1994-029HG,24157,DEB,D,US,1994-05-19,AFWTR,1996-11-11,91.91,81.77,381,355,0.0169,,EA,IMP
PEGASUS DEB,1994-029HH,24158,DEB,D,US,1994-05-19,AFWTR,2001-07-02,88.54,81.89,215,190,0.0314,,EA,IMP
PEGASUS DEB,1994-029HJ,24159,DEB,D,US,1994-05-19,AFWTR,1999-01-07,90.36,82.26,305,279,0.0669,,EA,IMP
PEGASUS DEB,1994-029HK,24160,DEB,D,US,1994-05-19,AFWTR,1996-10-18,91.74,82.23,368,352,0.0228,,EA,IMP
PEGASUS DEB,1994-029HL,24161,DEB,D,US,1994-05-19,AFWTR,2014-04-19,87.09,81.72,136,124,0.0490,,EA,IMP
PEGASUS DEB,1994-029HM,24162,DEB,D,US,1994-05-19,AFWTR,1999-06-07,88.86,81.42,235,201,0.0741,,EA,IMP
PEGASUS DEB,1994-029HN,24163,DEB,D,US,1994-05-19,AFWTR,2024-11-02,87.75,82.02,169,157,0.0570,,EA,IMP
PEGASUS DEB,1994-029HP,24164,DEB,D,US,1994-05-19,AFWTR,2000-12-01,90.80,81.64,351,277,0.0306,,EA,IMP
PEGASUS DEB,1994-029HQ,24165,DEB,D,US,1994-05-19,AFWTR,2026-01-26,89.71,82.12,272,249,0.0350,,EA,IMP
PEGASUS DEB,1994-029HR,24166,DEB,D,US,1994-05-19,AFWTR,2002-11-09,88.04,81.06,183,171,0.0130,,EA,IMP
PEGASUS DEB,1994-029HS,24167,DEB,D,US,1994-05-19,AFWTR,1997-11-23,90.67,82.22,332,283,0.0843,,EA,IMP
PEGASUS DEB,1994-029HT,24168,DEB,D,US,1994-05-19,AFWTR,1999-10-12,90.04,82.04,287,266,0.0790,,EA,IMP
PEGASUS DEB,1994-029HU,24169,DEB,D,US,1994-05-19,AFWTR,1998-07-25,89.62,81.89,263,248,0.0503,,EA,IMP
PEGASUS DEB,1994-029HV,24170,DEB,D,US,1994-05-19,AFWTR,1997-01-05,90.89,82.06,337,299,0.0166,,EA,IMP
PEGASUS DEB,1994-029HW,24171,DEB,D,US,1994-05-19,AFWTR,1998-09-25,89.20,82.25,253,218,0.1099,,EA,IMP
PEGASUS DEB,1994-029HX,24172,DEB,D,US,1994-05-19,AFWTR,2001-09-20,88.30,82.06,200,180,0.0647,,EA,IMP
PEGASUS DEB,1994-029HY,24173,DEB,D,US,1994-05-19,AFWTR,1999-07-02,89.08,81.70,236,222,0.0693,,EA,IMP
PEGASUS DEB,1994-029HZ,24174,DEB,D,US,1994-05-19,AFWTR,2001-10-14,88.98,81.73,243,204,0.0512,,EA,IMP
PEGASUS DEB,1994-029JA,24175,DEB,D,US,1994-05-19,AFWTR,2000-06-25,89.79,81.91,295,232,0.0570,,EA,IMP
PEGASUS DEB,1994-029JB,24176,DEB,D,US,1994-05-19,AFWTR,2001-01-27,88.90,81.74,231,210,0.0633,,EA,IMP
PEGASUS DEB,1994-029JC,24177,DEB,D,US,1994-05-19,AFWTR,1997-07-16,91.60,82.00,373,332,0.0030,,EA,IMP
PEGASUS DEB,1994-029JD,24178,DEB,D,US,1994-05-19,AFWTR,1998-12-23,90.33,82.25,301,281,0.0802,,EA,IMP
PEGASUS DEB,1994-029JE,24179,DEB,D,US,1994-05-19,AFWTR,2002-01-30,89.84,81.75,278,255,0.0748,,EA,IMP
PEGASUS DEB,1994-029JF,24180,DEB,D,US,1994-05-19,AFWTR,1999-04-27,91.07,82.09,336,318,0.0395,,EA,IMP
PEGASUS DEB,1994-029JG,24181,DEB,D,US,1994-05-19,AFWTR,2000-12-31,88.84,82.17,229,205,0.0824,,EA,IMP
PEGASUS DEB,1994-029JH,24182,DEB,D,US,1994-05-19,AFWTR,1997-07-10,91.93,81.76,394,345,0.0133,,EA,IMP
PEGASUS DEB,1994-029JJ,24183,DEB,D,US,1994-05-19,AFWTR,1999-09-10,89.65,82.11,275,239,0.0438,,EA,IMP
PEGASUS DEB,1994-029JK,24184,DEB,D,US,1994-05-19,AFWTR,2001-08-23,88.96,81.95,243,204,0.0168,,EA,IMP
PEGASUS DEB,1994-029JL,24185,DEB,D,US,1994-05-19,AFWTR,1997-11-14,91.81,82.10,383,344,0.0240,,EA,IMP
PEGASUS DEB,1994-029JM,24186,DEB,D,US,1994-05-19,AFWTR,1998-08-28,91.77,82.20,385,338,0.0279,,EA,IMP
PEGASUS DEB,1994-029JN,24187,DEB,D,US,1994-05-19,AFWTR,2000-04-29,88.87,82.08,232,205,0.0242,,EA,IMP
PEGASUS DEB,1994-029JP,24188,DEB,D,US,1994-05-19,AFWTR,1998-04-08,90.65,81.67,340,273,0.0571,,EA,IMP
PEGASUS DEB,1994-029JQ,24189,DEB,D,US,1994-05-19,AFWTR,2000-08-04,89.48,81.85,265,232,0.0563,,EA,IMP
PEGASUS DEB,1994-029JR,24190,DEB,D,US,1994-05-19,AFWTR,2000-08-19,88.53,81.89,215,189,0.0515,,EA,IMP
PEGASUS DEB,1994-029JS,24191,DEB,D,US,1994-05-19,AFWTR,2002-02-07,90.75,81.90,330,292,0.0314,,EA,IMP
PEGASUS DEB,1994-029JT,24192,DEB,D,US,1994-05-19,AFWTR,1997-08-21,90.77,82.01,325,300,0.0320,,EA,IMP
PEGASUS DEB,1994-029JU,24193,DEB,D,US,1994-05-19,AFWTR,1999-07-03,89.02,81.95,240,212,0.0225,,EA,IMP
PEGASUS DEB,1994-029JV,24194,DEB,D,US,1994-05-19,AFWTR,1998-07-24,90.34,81.87,309,274,0.0908,,EA,IMP
PEGASUS DEB,1994-029JW,24195,DEB,D,US,1994-05-19,AFWTR,2002-05-09,88.93,81.52,234,209,0.0168,,EA,IMP
PEGASUS DEB,1994-029JX,24196,DEB,D,US,1994-05-19,AFWTR,1999-11-07,91.34,82.01,358,322,0.0587,,EA,IMP
PEGASUS DEB,1994-029JY,24197,DEB,,US,1994-05-19,AFWTR,,96.56,82.08,645,543,0.0280,,EA,ORB
PEGASUS DEB,1994-029JZ,24198,DEB,D,US,1994-05-19,AFWTR,2002-03-09,88.89,81.81,238,201,0.0316,,EA,IMP
PEGASUS DEB,1994-029KA,24199,DEB,D,US,1994-05-19,AFWTR,2001-12-16,89.40,81.52,269,221,0.0896,,EA,IMP
PEGASUS DEB,1994-029KB,24200,DEB,D,US,1994-05-19,AFWTR,1996-11-22,89.77,82.20,269,257,0.0546,,EA,IMP
PEGASUS DEB,1994-029KC,24201,DEB,D,US,1994-05-19,AFWTR,1998-08-08,91.55,82.83,377,324,0.0536,,EA,IMP
PEGASUS DEB,1994-029KD,24202,DEB,D,US,1994-05-19,AFWTR,1997-08-11,91.23,81.78,339,331,0.0037,,EA,IMP
PEGASUS DEB,1994-029KE,24203,DEB,D,US,1994-05-19,AFWTR,1999-06-14,90.12,82.01,303,258,0.0823,,EA,IMP
PEGASUS DEB,1994-029KF,24204,DEB,D,US,1994-05-19,AFWTR,2001-04-28,88.34,81.93,199,185,0.0281,,EA,IMP
PEGASUS DEB,1994-029KG,24205,DEB,D,US,1994-05-19,AFWTR,1997-07-02,89.56,82.22,262,244,0.0504,,EA,IMP
PEGASUS DEB,1994-029KH,24206,DEB,D,US,1994-05-19,AFWTR,1999-09-04,92.76,81.46,456,364,0.0526,,EA,IMP
PEGASUS DEB,1994-029KJ,24207,DEB,D,US,1994-05-19,AFWTR,2001-10-30,89.97,81.73,277,269,0.0432,,EA,IMP
PEGASUS DEB,1994-029KK,24212,DEB,D,US,1994-05-19,AFWTR,2001-12-22,89.00,81.88,233,217,0.0261,,EA,IMP
PEGASUS DEB,1994-029KL,24213,DEB,,US,1994-05-19,AFWTR,,103.00,81.46,1271,530,0.0537,,EA,ORB
PEGASUS DEB,1994-029KM,24214,DEB,D,US,1994-05-19,AFWTR,1998-05-15,91.81,82.02,395,332,0.0180,,EA,IMP
PEGASUS DEB,1994-029KN,24215,DEB,D,US,1994-05-19,AFWTR,1999-07-13,89.95,82.13,291,254,0.0835,,EA,IMP
PEGASUS DEB,1994-029KP,24216,DEB,D,US,1994-05-19,AFWTR,2000-07-10,88.84,82.05,225,209,0.0532,,EA,IMP
PEGASUS DEB,1994-029KQ,24217,DEB,D,US,1994-05-19,AFWTR,2001-03-17,90.40,81.94,326,262,0.0727,,EA,IMP
PEGASUS DEB,1994-029KR,24218,DEB,D,US,1994-05-19,AFWTR,1998-11-21,93.23,81.64,456,410,0.0370,,EA,IMP
PEGASUS DEB,1994-029KS,24219,DEB,D,US,1994-05-19,AFWTR,1996-10-13,91.86,81.79,385,347,0.0271,,EA,IMP
PEGASUS DEB,1994-029KT,24220,DEB,D,US,1994-05-19,AFWTR,1998-02-05,90.38,82.85,327,259,0.0429,,EA,IMP
PEGASUS DEB,1994-029KU,24221,DEB,D,US,1994-05-19,AFWTR,2000-12-20,92.24,81.64,425,344,0.0852,,EA,IMP
PEGASUS DEB,1994-029KV,24222,DEB,D,US,1994-05-19,AFWTR,1997-07-13,92.28,81.98,413,360,0.0330,,EA,IMP
PEGASUS DEB,1994-029KW,24223,DEB,D,US,1994-05-19,AFWTR,2012-02-28,89.09,81.86,239,220,0.0094,,EA,IMP
PEGASUS DEB,1994-029KX,24224,DEB,D,US,1994-05-19,AFWTR,1999-02-25,89.47,81.88,257,239,0.0157,,EA,IMP
PEGASUS DEB,1994-029KY,24225,DEB,D,US,1994-05-19,AFWTR,1999-12-25,90.61,81.93,317,292,0.0258,,EA,IMP
PEGASUS DEB,1994-029KZ,24226,DEB,D,US,1994-05-19,AFWTR,1996-08-21,91.29,82.15,382,293,,,EA,IMP
PEGASUS DEB,1994-029LA,24227,DEB,,US,1994-05-19,AFWTR,,97.49,82.04,735,543,0.0970,,EA,ORB
PEGASUS DEB,1994-029LB,24228,DEB,D,US,1994-05-19,AFWTR,1999-02-14,90.42,81.77,303,288,0.1462,,EA,IMP
PEGASUS DEB,1994-029LC,24229,DEB,D,US,1994-05-19,AFWTR,1999-05-12,89.76,81.72,273,252,0.0664,,EA,IMP
PEGASUS DEB,1994-029LD,24230,DEB,D,US,1994-05-19,AFWTR,2000-03-06,89.86,82.00,271,264,0.0866,,EA,IMP
PEGASUS DEB,1994-029LE,24231,DEB,D,US,1994-05-19,AFWTR,2006-10-01,87.84,82.00,200,136,0.0952,,EA,IMP
PEGASUS DEB,1994-029LF,24232,DEB,D,US,1994-05-19,AFWTR,1998-10-28,89.21,82.00,249,223,0.1019,,EA,IMP
PEGASUS DEB,1994-029LG,24233,DEB,D,US,1994-05-19,AFWTR,2000-03-16,88.67,81.76,215,203,0.1167,,EA,IMP
PEGASUS DEB,1994-029LH,24234,DEB,D,US,1994-05-19,AFWTR,2000-05-19,90.20,82.18,309,259,0.0836,,EA,IMP
PEGASUS DEB,1994-029LJ,24235,DEB,D,US,1994-05-19,AFWTR,1999-10-18,90.34,82.02,308,275,0.0929,,EA,IMP
PEGASUS DEB,1994-029LK,24236,DEB,,US,1994-05-19,AFWTR,,98.88,81.43,922,488,0.0630,,EA,ORB
PEGASUS DEB,1994-029LL,24237,DEB,D,US,1994-05-19,AFWTR,1998-12-04,89.72,81.90,277,245,0.0599,,EA,IMP
PEGASUS DEB,1994-029LM,24238,DEB,D,US,1994-05-19,AFWTR,2000-09-30,89.89,82.02,290,248,0.0605,,EA,IMP
PEGASUS DEB,1994-029LN,24239,DEB,,US,1994-05-19,AFWTR,,97.16,81.52,719,526,0.0480,,EA,ORB
PEGASUS DEB,1994-029LP,24240,DEB,D,US,1994-05-19,AFWTR,2000-01-19,90.57,81.35,315,290,0.0720,,EA,IMP
PEGASUS DEB,1994-029LQ,24241,DEB,D,US,1994-05-19,AFWTR,1997-01-09,91.88,81.78,378,355,0.0254,,EA,IMP
PEGASUS DEB,1994-029LR,24242,DEB,D,US,1994-05-19,AFWTR,2002-03-05,88.92,81.75,227,216,0.0995,,EA,IMP
PEGASUS DEB,1994-029LS,24243,DEB,D,US,1994-05-19,AFWTR,2015-04-25,88.03,81.94,188,166,0.0724,,EA,IMP
PEGASUS DEB,1994-029LT,24244,DEB,D,US,1994-05-19,AFWTR,1997-10-26,93.14,82.03,447,410,0.0329,,EA,IMP
PEGASUS DEB,1994-029LU,24245,DEB,D,US,1994-05-19,AFWTR,1997-11-30,92.38,82.36,400,382,0.0635,,EA,IMP
PEGASUS DEB,1994-029LV,24246,DEB,D,US,1994-05-19,AFWTR,1996-11-24,90.83,81.76,321,310,0.0571,,EA,IMP
PEGASUS DEB,1994-029LW,24247,DEB,D,US,1994-05-19,AFWTR,2001-06-19,89.72,82.13,273,248,0.1050,,EA,IMP
PEGASUS DEB,1994-029LX,24248,DEB,D,US,1994-05-19,AFWTR,1999-06-28,89.35,82.00,264,221,0.0336,,EA,IMP
PEGASUS DEB,1994-029LY,24249,DEB,D,US,1994-05-19,AFWTR,2000-10-18,90.05,82.07,289,264,0.0785,,EA,IMP
PEGASUS DEB,1994-029LZ,24250,DEB,D,US,1994-05-19,AFWTR,1998-10-08,90.26,81.89,302,272,0.0581,,EA,IMP
PEGASUS DEB,1994-029MA,24251,DEB,D,US,1994-05-19,AFWTR,1996-09-02,90.68,82.14,335,281,0.1010,,EA,IMP
PEGASUS DEB,1994-029MB,24252,DEB,D,US,1994-05-19,AFWTR,1996-12-17,90.86,81.83,332,301,0.0421,,EA,IMP
PEGASUS DEB,1994-029MC,24253,DEB,D,US,1994-05-19,AFWTR,1997-09-03,90.66,81.62,321,293,0.0430,,EA,IMP
PEGASUS DEB,1994-029MD,24254,DEB,D,US,1994-05-19,AFWTR,2001-10-10,89.63,82.02,265,247,0.0725,,EA,IMP
PEGASUS DEB,1994-029ME,24255,DEB,D,US,1994-05-19,AFWTR,1998-09-11,90.09,82.34,297,261,0.0546,,EA,IMP
PEGASUS DEB,1994-029MF,24256,DEB,D,US,1994-05-19,AFWTR,2003-10-28,88.88,81.87,233,205,0.0496,,EA,IMP
PEGASUS DEB,1994-029MG,24257,DEB,D,US,1994-05-19,AFWTR,1997-01-08,90.76,82.26,333,291,0.0327,,EA,IMP
PEGASUS DEB,1994-029MH,24258,DEB,D,US,1994-05-19,AFWTR,2000-11-02,88.45,81.70,206,190,0.0574,,EA,IMP
PEGASUS DEB,1994-029MJ,24259,DEB,D,US,1994-05-19,AFWTR,2001-12-05,88.22,81.70,200,172,0.0707,,EA,IMP
PEGASUS DEB,1994-029MK,24260,DEB,D,US,1994-05-19,AFWTR,1999-10-04,88.54,81.85,215,189,0.0864,,EA,IMP
PEGASUS DEB,1994-029ML,24261,DEB,D,US,1994-05-19,AFWTR,2002-02-10,89.08,81.62,235,223,0.0675,,EA,IMP
PEGASUS DEB,1994-029MM,24262,DEB,D,US,1994-05-19,AFWTR,2000-07-01,88.32,82.30,203,179,0.0974,,EA,IMP
PEGASUS DEB,1994-029MN,24263,DEB,D,US,1994-05-19,AFWTR,2004-01-11,88.01,82.01,182,170,0.0865,,EA,IMP
PEGASUS DEB,1994-029MP,24264,DEB,D,US,1994-05-19,AFWTR,1998-12-01,90.59,82.22,307,299,0.1063,,EA,IMP
PEGASUS DEB,1994-029MQ,24265,DEB,D,US,1994-05-19,AFWTR,1997-08-17,91.48,82.01,410,284,0.0286,,EA,IMP
PEGASUS DEB,1994-029MR,24266,DEB,D,US,1994-05-19,AFWTR,1999-11-13,88.47,81.83,204,193,0.0864,,EA,IMP
PEGASUS DEB,1994-029MS,24267,DEB,D,US,1994-05-19,AFWTR,1999-11-16,90.97,81.98,325,320,0.0811,,EA,IMP
PEGASUS DEB,1994-029MT,24268,DEB,D,US,1994-05-19,AFWTR,2003-10-13,88.18,81.81,196,173,0.0652,,EA,IMP
PEGASUS DEB,1994-029MU,24269,DEB,D,US,1994-05-19,AFWTR,1998-11-25,91.44,81.45,399,292,0.0522,,EA,IMP
PEGASUS DEB,1994-029MV,24270,DEB,D,US,1994-05-19,AFWTR,1999-03-04,91.59,81.96,365,340,0.0475,,EA,IMP
PEGASUS DEB,1994-029MW,24271,DEB,D,US,1994-05-19,AFWTR,1997-10-10,93.15,82.21,445,413,0.0305,,EA,IMP
PEGASUS DEB,1994-029MX,24288,DEB,D,US,1994-05-19,AFWTR,1996-09-06,87.59,81.90,172,138,0.0093,,EA,IMP
PEGASUS DEB,1994-029MY,24289,DEB,D,US,1994-05-19,AFWTR,1996-09-07,91.44,82.07,372,319,0.0080,,EA,IMP
PEGASUS DEB,1994-029MZ,24290,DEB,D,US,1994-05-19,AFWTR,1996-09-08,91.20,81.84,346,321,0.0228,,EA,IMP
PEGASUS DEB,1994-029NA,24322,DEB,D,US,1994-05-19,AFWTR,1997-05-27,91.38,82.08,356,329,0.0266,,EA,IMP
PEGASUS DEB,1994-029NB,24326,DEB,D,US,1994-05-19,AFWTR,1997-01-11,88.60,82.13,211,200,0.0031,,EA,IMP
PEGASUS DEB,1994-029NC,24327,DEB,D,US,1994-05-19,AFWTR,1996-10-01,91.21,82.44,346,322,0.0030,,EA,IMP
PEGASUS DEB,1994-029ND,24328,DEB,D,US,1994-05-19,AFWTR,1996-10-01,92.40,81.82,415,370,,,EA,IMP
PEGASUS DEB,1994-029NE,24329,DEB,D,US,1994-05-19,AFWTR,1998-02-27,89.72,81.88,272,249,0.0825,,EA,IMP
PEGASUS DEB,1994-029NF,24330,DEB,D,US,1994-05-19,AFWTR,1996-12-24,91.72,81.90,371,347,0.0160,,EA,IMP
PEGASUS DEB,1994-029NG,24331,DEB,D,US,1994-05-19,AFWTR,2000-02-06,90.59,81.67,308,299,0.0509,,EA,IMP
PEGASUS DEB,1994-029NH,24332,DEB,D,US,1994-05-19,AFWTR,1997-04-04,91.40,81.75,361,325,0.0136,,EA,IMP
PEGASUS DEB,1994-029NJ,24333,DEB,D,US,1994-05-19,AFWTR,1997-01-27,91.32,81.92,365,314,0.0275,,EA,IMP
PEGASUS DEB,1994-029NK,24334,DEB,D,US,1994-05-19,AFWTR,1997-08-22,91.29,81.92,356,320,0.0108,,EA,IMP
PEGASUS DEB,1994-029NL,24335,DEB,D,US,1994-05-19,AFWTR,1997-10-17,88.93,82.20,238,205,0.0420,,EA,IMP
PEGASUS DEB,1994-029NM,24336,DEB,D,US,1994-05-19,AFWTR,1997-10-31,93.36,82.06,443,435,0.0083,,EA,IMP
PEGASUS DEB,1994-029NN,24337,DEB,D,US,1994-05-19,AFWTR,2001-06-11,89.13,81.90,246,218,0.0172,,EA,IMP
PEGASUS DEB,1994-029NP,24338,DEB,D,US,1994-05-19,AFWTR,1997-11-19,91.67,82.10,380,333,0.0200,,EA,IMP
PEGASUS DEB,1994-029NQ,24339,DEB,D,US,1994-05-19,AFWTR,2001-12-11,88.59,81.50,222,188,0.0749,,EA,IMP
PEGASUS DEB,1994-029NR,24340,DEB,,US,1994-05-19,AFWTR,,109.37,81.59,1825,570,0.0390,,EA,ORB
PEGASUS DEB,1994-029NS,24341,DEB,D,US,1994-05-19,AFWTR,2000-09-28,89.06,81.90,242,214,0.0939,,EA,IMP
PEGASUS DEB,1994-029NT,24342,DEB,D,US,1994-05-19,AFWTR,2000-04-08,90.06,81.92,280,275,0.0786,,EA,IMP
PEGASUS DEB,1994-029NU,24343,DEB,D,US,1994-05-19,AFWTR,2000-03-02,90.97,82.05,336,308,0.0263,,EA,IMP
PEGASUS DEB,1994-029NV,24344,DEB,D,US,1994-05-19,AFWTR,1997-12-02,90.97,82.08,338,306,0.0284,,EA,IMP
PEGASUS DEB,1994-029NW,24345,DEB,D,US,1994-05-19,AFWTR,1999-01-04,89.02,82.21,240,212,0.0301,,EA,IMP
PEGASUS DEB,1994-029NX,24346,DEB,D,US,1994-05-19,AFWTR,1997-11-06,92.51,81.97,412,383,0.0299,,EA,IMP
PEGASUS DEB,1994-029NY,24347,DEB,D,US,1994-05-19,AFWTR,2002-06-14,89.02,82.01,237,215,0.0206,,EA,IMP
PEGASUS DEB,1994-029NZ,24348,DEB,D,US,1994-05-19,AFWTR,2000-08-04,89.19,82.02,253,215,0.0245,,EA,IMP
PEGASUS DEB,1994-029PA,24349,DEB,D,US,1994-05-19,AFWTR,1999-10-23,91.27,82.03,349,325,0.0422,,EA,IMP
PEGASUS DEB,1994-029PB,24350,DEB,D,US,1994-05-19,AFWTR,1998-07-11,90.95,81.92,344,299,0.0581,,EA,IMP
PEGASUS DEB,1994-029PC,24351,DEB,D,US,1994-05-19,AFWTR,1996-11-16,91.59,81.74,360,346,0.0446,,EA,IMP
PEGASUS DEB,1994-029PD,24352,DEB,D,US,1994-05-19,AFWTR,1997-03-06,91.48,81.77,360,334,0.0167,,EA,IMP
PEGASUS DEB,1994-029PE,24353,DEB,D,US,1994-05-19,AFWTR,1998-03-31,91.83,80.75,389,340,0.0458,,EA,IMP
PEGASUS DEB,1994-029PF,24354,DEB,D,US,1994-05-19,AFWTR,1998-05-12,91.04,81.28,339,313,0.0046,,EA,IMP
PEGASUS DEB,1994-029PG,24355,DEB,D,US,1994-05-19,AFWTR,1999-10-27,90.85,81.81,328,305,0.0273,,EA,IMP
PEGASUS DEB,1994-029PH,24356,DEB,D,US,1994-05-19,AFWTR,1997-01-20,87.86,82.14,177,160,0.0061,,EA,IMP
PEGASUS DEB,1994-029PJ,24357,DEB,D,US,1994-05-19,AFWTR,1997-04-17,91.56,82.27,383,320,0.0016,,EA,IMP
PEGASUS DEB,1994-029PK,24358,DEB,D,US,1994-05-19,AFWTR,2000-03-28,91.40,81.39,386,301,0.0576,,EA,IMP
PEGASUS DEB,1994-029PL,24359,DEB,D,US,1994-05-19,AFWTR,2001-04-26,90.07,81.78,289,267,0.0158,,EA,IMP
PEGASUS DEB,1994-029PM,24360,DEB,D,US,1994-05-19,AFWTR,1997-04-22,91.01,82.05,358,290,0.0083,,EA,IMP
PEGASUS DEB,1994-029PN,24361,DEB,D,US,1994-05-19,AFWTR,2001-01-30,88.94,82.12,235,209,0.0249,,EA,IMP
PEGASUS DEB,1994-029PP,24362,DEB,D,US,1994-05-19,AFWTR,1997-05-13,91.38,81.78,361,323,0.0026,,EA,IMP
PEGASUS DEB,1994-029PQ,24363,DEB,D,US,1994-05-19,AFWTR,1996-12-21,91.68,81.84,358,355,0.0115,,EA,IMP
PEGASUS DEB,1994-029PR,24364,DEB,D,US,1994-05-19,AFWTR,1998-04-08,90.25,82.14,298,275,0.0228,,EA,IMP
PEGASUS DEB,1994-029PS,24365,DEB,D,US,1994-05-19,AFWTR,1996-11-09,91.23,81.76,347,323,0.0314,,EA,IMP
PEGASUS DEB,1994-029PT,24366,DEB,D,US,1994-05-19,AFWTR,1997-08-05,91.41,81.81,377,310,0.0304,,EA,IMP
PEGASUS DEB,1994-029PU,24367,DEB,D,US,1994-05-19,AFWTR,1996-12-02,91.36,81.79,349,334,0.0079,,EA,IMP
PEGASUS DEB,1994-029PV,24368,DEB,D,US,1994-05-19,AFWTR,2000-01-23,88.65,82.07,224,192,0.0710,,EA,IMP
PEGASUS DEB,1994-029PW,24369,DEB,D,US,1994-05-19,AFWTR,1999-03-24,91.12,81.87,344,315,0.0121,,EA,IMP
PEGASUS DEB,1994-029PX,24370,DEB,D,US,1994-05-19,AFWTR,1997-02-01,90.28,82.17,303,274,0.0287,,EA,IMP
PEGASUS DEB,1994-029PY,24371,DEB,D,US,1994-05-19,AFWTR,1996-12-04,91.88,82.21,386,348,0.0140,,EA,IMP
PEGASUS DEB,1994-029PZ,24372,DEB,D,US,1994-05-19,AFWTR,1999-12-19,90.11,82.03,294,266,0.0251,,EA,IMP
PEGASUS DEB,1994-029QA,24373,DEB,D,US,1994-05-19,AFWTR,1999-08-26,89.93,82.08,281,260,0.0799,,EA,IMP
PEGASUS DEB,1994-029QB,24374,DEB,D,US,1994-05-19,AFWTR,1999-08-01,90.58,81.80,322,285,0.0309,,EA,IMP
PEGASUS DEB,1994-029QC,24375,DEB,D,US,1994-05-19,AFWTR,2002-10-25,88.61,81.63,218,194,0.0043,,EA,IMP
PEGASUS DEB,1994-029QD,24376,DEB,D,US,1994-05-19,AFWTR,1997-04-30,91.59,81.97,385,321,0.0149,,EA,IMP
PEGASUS DEB,1994-029QE,24377,DEB,D,US,1994-05-19,AFWTR,2000-06-09,89.85,81.98,285,249,0.0658,,EA,IMP
PEGASUS DEB,1994-029QF,24378,DEB,,US,1994-05-19,AFWTR,,98.68,82.03,809,583,0.0400,,EA,ORB
PEGASUS DEB,1994-029QG,24379,DEB,D,US,1994-05-19,AFWTR,1998-10-03,91.35,82.09,363,319,0.0025,,EA,IMP
PEGASUS DEB,1994-029QH,24380,DEB,D,US,1994-05-19,AFWTR,1997-10-16,92.57,81.98,409,392,0.0090,,EA,IMP
PEGASUS DEB,1994-029QJ,24381,DEB,D,US,1994-05-19,AFWTR,1998-02-22,90.23,82.06,308,264,0.0145,,EA,IMP
PEGASUS DEB,1994-029QK,24382,DEB,D,US,1994-05-19,AFWTR,1997-11-04,89.53,82.12,267,236,0.0203,,EA,IMP
PEGASUS DEB,1994-029QL,24383,DEB,D,US,1994-05-19,AFWTR,1997-11-14,91.24,82.12,359,312,0.0157,,EA,IMP
PEGASUS DEB,1994-029QM,24384,DEB,D,US,1994-05-19,AFWTR,1998-06-15,91.58,81.40,381,323,0.0344,,EA,IMP
PEGASUS DEB,1994-029QN,24385,DEB,D,US,1994-05-19,AFWTR,2001-03-28,90.31,82.25,312,267,0.0377,,EA,IMP
PEGASUS DEB,1994-029QP,24386,DEB,D,US,1994-05-19,AFWTR,1997-12-22,91.61,82.06,372,335,0.0502,,EA,IMP
PEGASUS DEB,1994-029QQ,24387,DEB,D,US,1994-05-19,AFWTR,1998-02-27,91.97,82.02,398,345,0.0487,,EA,IMP
PEGASUS DEB,1994-029QR,24388,DEB,D,US,1994-05-19,AFWTR,2000-01-29,89.37,81.86,252,235,0.0265,,EA,IMP
PEGASUS DEB,1994-029QS,24389,DEB,D,US,1994-05-19,AFWTR,2000-03-22,89.26,82.08,248,228,0.0382,,EA,IMP
PEGASUS DEB,1994-029QT,24390,DEB,D,US,1994-05-19,AFWTR,1997-06-21,91.52,81.71,373,326,0.0365,,EA,IMP
PEGASUS DEB,1994-029QU,24391,DEB,D,US,1994-05-19,AFWTR,1997-05-12,92.03,81.89,406,342,0.0264,,EA,IMP
PEGASUS DEB,1994-029QV,24392,DEB,D,US,1994-05-19,AFWTR,1997-04-29,90.74,82.07,324,297,0.0155,,EA,IMP
PEGASUS DEB,1994-029QW,24393,DEB,D,US,1994-05-19,AFWTR,1997-04-15,92.57,81.96,446,355,0.0048,,EA,IMP
PEGASUS DEB,1994-029QX,24394,DEB,D,US,1994-05-19,AFWTR,1997-06-15,91.03,82.17,345,305,0.0105,,EA,IMP
PEGASUS DEB,1994-029QY,24395,DEB,D,US,1994-05-19,AFWTR,1997-08-07,91.14,81.94,338,324,0.0095,,EA,IMP
PEGASUS DEB,1994-029QZ,24396,DEB,D,US,1994-05-19,AFWTR,1998-10-14,91.39,81.57,355,330,0.0097,,EA,IMP
PEGASUS DEB,1994-029RA,24397,DEB,D,US,1994-05-19,AFWTR,1997-12-04,91.78,82.12,374,349,0.0802,,EA,IMP
PEGASUS DEB,1994-029RB,24398,DEB,D,US,1994-05-19,AFWTR,1998-08-31,92.00,81.53,395,351,0.0284,,EA,IMP
PEGASUS DEB,1994-029RC,24399,DEB,D,US,1994-05-19,AFWTR,1998-03-12,90.94,82.13,354,288,0.0387,,EA,IMP
PEGASUS DEB,1994-029RD,24400,DEB,D,US,1994-05-19,AFWTR,1997-05-29,92.21,81.89,418,348,0.0061,,EA,IMP
PEGASUS DEB,1994-029RE,24401,DEB,D,US,1994-05-19,AFWTR,1997-11-09,92.26,81.97,408,362,0.0180,,EA,IMP
PEGASUS DEB,1994-029RF,24402,DEB,D,US,1994-05-19,AFWTR,1998-07-23,89.91,81.97,276,264,0.0368,,EA,IMP
PEGASUS DEB,1994-029RG,24403,DEB,D,US,1994-05-19,AFWTR,1997-12-13,91.23,81.97,343,327,0.0002,,EA,IMP
PEGASUS DEB,1994-029RH,24404,DEB,D,US,1994-05-19,AFWTR,1996-10-08,91.24,82.19,355,316,0.0118,,EA,IMP
PEGASUS DEB,1994-029RJ,24405,DEB,D,US,1994-05-19,AFWTR,1999-02-04,89.68,81.91,273,245,0.0356,,EA,IMP
PEGASUS DEB,1994-029RK,24406,DEB,D,US,1994-05-19,AFWTR,1997-05-01,92.07,81.76,405,347,0.0467,,EA,IMP
PEGASUS DEB,1994-029RL,24407,DEB,D,US,1994-05-19,AFWTR,1996-11-16,95.21,82.05,605,452,0.0460,,EA,IMP
PEGASUS DEB,1994-029RM,24408,DEB,D,US,1994-05-19,AFWTR,1998-05-15,90.61,82.06,318,291,0.0153,,EA,IMP
PEGASUS DEB,1994-029RN,24409,DEB,D,US,1994-05-19,AFWTR,1996-10-20,92.04,81.91,380,370,0.1093,,EA,IMP
PEGASUS DEB,1994-029RP,24410,DEB,D,US,1994-05-19,AFWTR,1996-12-01,91.20,81.81,341,326,0.0124,,EA,IMP
PEGASUS DEB,1994-029RQ,24411,DEB,D,US,1994-05-19,AFWTR,1997-01-10,91.46,81.98,364,329,0.0164,,EA,IMP
PEGASUS DEB,1994-029RR,24412,DEB,D,US,1994-05-19,AFWTR,1996-11-03,92.00,82.12,382,364,0.0124,,EA,IMP
PEGASUS DEB,1994-029RS,24413,DEB,D,US,1994-05-19,AFWTR,1996-10-13,91.55,82.16,358,343,0.0646,,EA,IMP
PEGASUS DEB,1994-029RT,24414,DEB,D,US,1994-05-19,AFWTR,1999-08-12,90.14,82.09,300,263,0.0391,,EA,IMP
PEGASUS DEB,1994-029RU,24415,DEB,D,US,1994-05-19,AFWTR,1997-01-10,91.27,82.09,355,318,0.0134,,EA,IMP
PEGASUS DEB,1994-029RV,24416,DEB,D,US,1994-05-19,AFWTR,1996-11-20,91.80,82.14,382,344,0.0466,,EA,IMP
PEGASUS DEB,1994-029RW,24417,DEB,D,US,1994-05-19,AFWTR,1998-03-21,92.02,82.00,390,357,0.0094,,EA,IMP
PEGASUS DEB,1994-029RX,24418,DEB,D,US,1994-05-19,AFWTR,1997-11-23,91.27,81.71,349,325,0.0387,,EA,IMP
PEGASUS DEB,1994-029RY,24420,DEB,D,US,1994-05-19,AFWTR,1997-04-10,96.92,82.09,632,591,0.0100,,EA,IMP
PEGASUS DEB,1994-029RZ,24421,DEB,D,US,1994-05-19,AFWTR,1997-06-04,93.44,81.95,502,384,0.0060,,EA,IMP
PEGASUS DEB,1994-029SA,24422,DEB,D,US,1994-05-19,AFWTR,1997-08-27,92.08,81.92,392,361,0.0018,,EA,IMP
PEGASUS DEB,1994-029SB,24423,DEB,D,US,1994-05-19,AFWTR,1998-05-07,92.67,80.95,422,388,0.0212,,EA,IMP
PEGASUS DEB,1994-029SC,24424,DEB,D,US,1994-05-19,AFWTR,1997-03-06,91.75,82.02,375,346,0.0079,,EA,IMP
PEGASUS DEB,1994-029SD,24425,DEB,D,US,1994-05-19,AFWTR,1998-08-30,93.69,82.35,499,411,0.0095,,EA,IMP
PEGASUS DEB,1994-029SE,24426,DEB,D,US,1994-05-19,AFWTR,1996-12-23,90.09,81.78,289,268,0.0434,,EA,IMP
PEGASUS DEB,1994-029SF,24427,DEB,D,US,1994-05-19,AFWTR,1998-03-04,90.39,81.80,303,284,0.0266,,EA,IMP
PEGASUS DEB,1994-029SG,24428,DEB,D,US,1994-05-19,AFWTR,1999-04-26,90.75,82.64,359,263,0.0016,,EA,IMP
PEGASUS DEB,1994-029SH,24429,DEB,D,US,1994-05-19,AFWTR,2000-12-30,89.34,81.95,251,232,0.0618,,EA,IMP
PEGASUS DEB,1994-029SJ,24430,DEB,D,US,1994-05-19,AFWTR,1999-03-09,88.86,82.13,222,214,0.0083,,EA,IMP
PEGASUS DEB,1994-029SK,24431,DEB,D,US,1994-05-19,AFWTR,1996-12-03,91.47,81.84,357,337,0.0049,,EA,IMP
PEGASUS DEB,1994-029SL,24432,DEB,D,US,1994-05-19,AFWTR,1996-12-24,91.78,81.83,373,351,0.0128,,EA,IMP
PEGASUS DEB,1994-029SM,24433,DEB,D,US,1994-05-19,AFWTR,1997-03-19,95.08,82.36,565,480,0.0066,,EA,IMP
PEGASUS DEB,1994-029SN,24434,DEB,D,US,1994-05-19,AFWTR,1996-10-12,92.31,82.13,406,369,0.0327,,EA,IMP
PEGASUS DEB,1994-029SV,24439,DEB,D,US,1994-05-19,AFWTR,1996-12-14,90.63,81.99,313,297,0.0088,,EA,IMP
PEGASUS DEB,1994-029SW,24440,DEB,D,US,1994-05-19,AFWTR,1999-08-14,90.64,82.13,322,289,0.0425,,EA,IMP
PEGASUS DEB,1994-029SX,24441,DEB,D,US,1994-05-19,AFWTR,2001-03-20,91.18,82.19,367,297,0.0135,,EA,IMP
PEGASUS DEB,1994-029SY,24442,DEB,D,US,1994-05-19,AFWTR,1997-06-26,90.99,81.73,343,303,0.0076,,EA,IMP
PEGASUS DEB,1994-029SZ,24443,DEB,D,US,1994-05-19,AFWTR,1997-05-07,92.14,81.74,409,350,0.0407,,EA,IMP
PEGASUS DEB,1994-029TA,24444,DEB,D,US,1994-05-19,AFWTR,1997-03-19,91.26,81.93,351,322,0.0137,,EA,IMP
PEGASUS DEB,1994-029TB,24445,DEB,D,US,1994-05-19,AFWTR,1999-10-02,89.15,81.92,263,202,0.0123,,EA,IMP
PEGASUS DEB,1994-029TC,24446,DEB,D,US,1994-05-19,AFWTR,1997-10-25,91.95,81.93,374,366,0.0057,,EA,IMP
PEGASUS DEB,1994-029SP,24447,DEB,D,US,1994-05-19,AFWTR,1999-04-16,91.32,81.54,370,309,0.0285,,EA,IMP
PEGASUS DEB,1994-029SQ,24448,DEB,D,US,1994-05-19,AFWTR,1997-09-06,91.95,81.96,391,349,0.0329,,EA,IMP
PEGASUS DEB,1994-029SR,24449,DEB,D,US,1994-05-19,AFWTR,1997-10-17,93.05,82.06,438,410,0.0095,,EA,IMP
PEGASUS DEB,1994-029SS,24450,DEB,D,US,1994-05-19,AFWTR,1997-10-04,92.74,81.97,433,384,0.0068,,EA,IMP
PEGASUS DEB,1994-029ST,24451,DEB,D,US,1994-05-19,AFWTR,1997-01-31,92.58,81.73,405,397,0.0073,,EA,IMP
PEGASUS DEB,1994-029SU,24452,DEB,D,US,1994-05-19,AFWTR,1997-01-15,92.43,81.82,413,375,0.0257,,EA,IMP
PEGASUS DEB,1994-029TD,24453,DEB,D,US,1994-05-19,AFWTR,1997-08-13,92.50,82.06,414,380,0.0216,,EA,IMP
PEGASUS DEB,1994-029TE,24457,DEB,D,US,1994-05-19,AFWTR,1996-10-04,89.36,82.12,252,234,0.0471,,EA,IMP
PEGASUS DEB,1994-029TF,24458,DEB,D,US,1994-05-19,AFWTR,2000-12-31,90.10,81.77,288,270,0.0154,,EA,IMP
PEGASUS DEB,1994-029TG,24459,DEB,D,US,1994-05-19,AFWTR,1997-06-08,93.02,82.16,482,363,0.0033,,EA,IMP
PEGASUS DEB,1994-029TH,24460,DEB,D,US,1994-05-19,AFWTR,1997-03-05,91.92,81.61,380,358,0.0033,,EA,IMP
PEGASUS DEB,1994-029TJ,24461,DEB,D,US,1994-05-19,AFWTR,1996-12-12,92.68,82.10,435,376,0.0311,,EA,IMP
PEGASUS DEB,1994-029TK,24462,DEB,D,US,1994-05-19,AFWTR,1996-12-04,91.91,81.80,379,358,0.0030,,EA,IMP
PEGASUS DEB,1994-029TL,24463,DEB,D,US,1994-05-19,AFWTR,1998-12-22,92.20,82.21,418,347,0.0188,,EA,IMP
PEGASUS DEB,1994-029TM,24464,DEB,D,US,1994-05-19,AFWTR,1997-08-05,92.77,82.05,449,372,0.0037,,EA,IMP
PEGASUS DEB,1994-029TN,24465,DEB,D,US,1994-05-19,AFWTR,1997-08-20,92.01,82.33,397,349,0.0012,,EA,IMP
PEGASUS DEB,1994-029TP,24466,DEB,D,US,1994-05-19,AFWTR,2001-10-18,88.35,81.88,204,182,0.0152,,EA,IMP
PEGASUS DEB,1994-029TQ,24467,DEB,D,US,1994-05-19,AFWTR,1996-12-17,92.50,81.64,404,390,0.0242,,EA,IMP
PEGASUS DEB,1994-029TR,24468,DEB,D,US,1994-05-19,AFWTR,1996-12-04,91.63,81.89,363,347,0.0232,,EA,IMP
PEGASUS DEB,1994-029TS,24469,DEB,D,US,1994-05-19,AFWTR,1997-01-14,90.99,81.63,339,308,0.0163,,EA,IMP
PEGASUS DEB,1994-029TT,24470,DEB,D,US,1994-05-19,AFWTR,1997-03-22,92.39,82.00,414,369,0.0011,,EA,IMP
PEGASUS DEB,1994-029TU,24471,DEB,D,US,1994-05-19,AFWTR,1996-12-30,91.56,81.94,360,342,0.0162,,EA,IMP
PEGASUS DEB,1994-029TV,24472,DEB,D,US,1994-05-19,AFWTR,1997-07-15,92.20,81.80,416,349,0.0041,,EA,IMP
PEGASUS DEB,1994-029TW,24473,DEB,D,US,1994-05-19,AFWTR,1997-05-25,91.04,82.09,348,304,0.0062,,EA,IMP
PEGASUS DEB,1994-029TX,24474,DEB,D,US,1994-05-19,AFWTR,1997-01-24,89.73,82.03,272,250,0.0330,,EA,IMP
PEGASUS DEB,1994-029TY,24475,DEB,D,US,1994-05-19,AFWTR,1998-12-28,91.60,82.12,386,319,0.0593,,EA,IMP
PEGASUS DEB,1994-029TZ,24476,DEB,D,US,1994-05-19,AFWTR,1998-01-06,92.03,81.58,419,330,0.0038,,EA,IMP
PEGASUS DEB,1994-029UA,24477,DEB,D,US,1994-05-19,AFWTR,2002-09-04,90.24,81.99,315,257,0.0058,,EA,IMP
PEGASUS DEB,1994-029UB,24478,DEB,D,US,1994-05-19,AFWTR,1997-09-11,92.05,81.94,400,349,0.0144,,EA,IMP
PEGASUS DEB,1994-029UC,24479,DEB,D,US,1994-05-19,AFWTR,1996-11-17,90.86,81.88,328,305,,,EA,IMP
PEGASUS DEB,1994-029UD,24480,DEB,D,US,1994-05-19,AFWTR,1996-12-18,91.76,81.97,373,349,0.0538,,EA,IMP
PEGASUS DEB,1994-029UE,24481,DEB,D,US,1994-05-19,AFWTR,2000-03-10,91.58,81.78,380,324,0.0140,,EA,IMP
PEGASUS DEB,1994-029UF,24482,DEB,D,US,1994-05-19,AFWTR,1996-10-13,91.22,81.64,357,311,,,EA,IMP
PEGASUS DEB,1994-029UG,24483,DEB,D,US,1994-05-19,AFWTR,1997-03-03,91.83,81.91,382,347,0.0160,,EA,IMP
PEGASUS DEB,1994-029UH,24484,DEB,D,US,1994-05-19,AFWTR,1997-01-05,91.57,82.13,366,337,0.0088,,EA,IMP
PEGASUS DEB,1994-029UJ,24485,DEB,D,US,1994-05-19,AFWTR,1997-09-03,91.23,81.97,351,320,0.0167,,EA,IMP
PEGASUS DEB,1994-029UK,24486,DEB,D,US,1994-05-19,AFWTR,1997-12-06,88.83,82.17,232,200,0.0034,,EA,IMP
PEGASUS DEB,1994-029UL,24487,DEB,D,US,1994-05-19,AFWTR,2019-08-02,88.10,81.90,188,173,0.0153,,EA,IMP
PEGASUS DEB,1994-029UM,24488,DEB,D,US,1994-05-19,AFWTR,1999-07-17,90.40,81.85,316,272,0.0229,,EA,IMP
PEGASUS DEB,1994-029UN,24489,DEB,D,US,1994-05-19,AFWTR,1998-08-26,88.91,81.84,236,205,0.0066,,EA,IMP
PEGASUS DEB,1994-029UP,24490,DEB,D,US,1994-05-19,AFWTR,1999-06-27,90.18,82.10,301,266,0.0183,,EA,IMP
PEGASUS DEB,1994-029UQ,24491,DEB,D,US,1994-05-19,AFWTR,1999-09-14,89.86,81.80,284,251,0.0121,,EA,IMP
PEGASUS DEB,1994-029UR,24492,DEB,D,US,1994-05-19,AFWTR,1997-10-15,92.63,82.22,430,376,0.0214,,EA,IMP
PEGASUS DEB,1994-029US,24493,DEB,D,US,1994-05-19,AFWTR,2002-05-31,89.16,81.92,253,213,0.0162,,EA,IMP
PEGASUS DEB,1994-029UT,24494,DEB,D,US,1994-05-19,AFWTR,1997-12-02,91.38,81.78,352,332,0.0209,,EA,IMP
PEGASUS DEB,1994-029UU,24495,DEB,D,US,1994-05-19,AFWTR,1999-08-13,89.94,81.96,274,269,0.0235,,EA,IMP
PEGASUS DEB,1994-029UV,24496,DEB,D,US,1994-05-19,AFWTR,1997-03-09,91.78,82.02,373,351,0.0349,,EA,IMP
PEGASUS DEB,1994-029UW,24497,DEB,D,US,1994-05-19,AFWTR,1997-03-24,91.23,81.98,354,316,0.0305,,EA,IMP
PEGASUS DEB,1994-029UX,24498,DEB,D,US,1994-05-19,AFWTR,1997-05-03,91.97,82.09,405,337,0.0525,,EA,IMP
PEGASUS DEB,1994-029UY,24499,DEB,D,US,1994-05-19,AFWTR,1997-11-16,89.47,82.14,257,239,0.0019,,EA,IMP
PEGASUS DEB,1994-029UZ,24500,DEB,D,US,1994-05-19,AFWTR,2002-07-28,88.36,81.71,203,183,0.0236,,EA,IMP
PEGASUS DEB,1994-029VA,24501,DEB,D,US,1994-05-19,AFWTR,2014-09-22,88.45,82.00,200,196,0.0159,,EA,IMP
PEGASUS DEB,1994-029VB,24502,DEB,D,US,1994-05-19,AFWTR,1996-11-09,92.97,81.82,433,407,0.0214,,EA,IMP
PEGASUS DEB,1994-029VC,24504,DEB,D,US,1994-05-19,AFWTR,1996-10-09,90.85,82.16,323,309,0.0100,,EA,IMP
PEGASUS DEB,1994-029VD,24505,DEB,D,US,1994-05-19,AFWTR,1996-10-13,92.71,82.00,425,389,0.0231,,EA,IMP
PEGASUS DEB,1994-029VE,24506,DEB,D,US,1994-05-19,AFWTR,1996-10-27,91.44,81.99,359,331,0.0050,,EA,IMP
PEGASUS DEB,1994-029VF,24507,DEB,D,US,1994-05-19,AFWTR,1996-10-21,91.58,81.84,364,340,0.0058,,EA,IMP
PEGASUS DEB,1994-029VG,24508,DEB,D,US,1994-05-19,AFWTR,1997-01-10,90.94,81.30,351,291,0.0027,,EA,IMP
PEGASUS DEB,1994-029VH,24509,DEB,D,US,1994-05-19,AFWTR,1996-10-21,92.82,81.70,428,397,0.0208,,EA,IMP
PEGASUS DEB,1994-029VJ,24510,DEB,D,US,1994-05-19,AFWTR,1997-04-13,90.31,82.36,297,282,0.0036,,EA,IMP
PEGASUS DEB,1994-029VK,24511,DEB,D,US,1994-05-19,AFWTR,1997-10-11,91.43,82.10,364,325,0.0040,,EA,IMP
PEGASUS DEB,1994-029VL,24512,DEB,D,US,1994-05-19,AFWTR,1996-11-04,92.89,81.84,432,400,0.0031,,EA,IMP
PEGASUS DEB,1994-029VM,24513,DEB,D,US,1994-05-19,AFWTR,1997-09-09,89.77,81.79,276,250,0.0024,,EA,IMP
PEGASUS DEB,1994-029VN,24514,DEB,D,US,1994-05-19,AFWTR,1996-11-14,92.34,81.79,403,375,0.0276,,EA,IMP
PEGASUS DEB,1994-029VP,24515,DEB,D,US,1994-05-19,AFWTR,2001-10-24,90.20,82.16,300,269,0.0103,,EA,IMP
PEGASUS DEB,1994-029VQ,24516,DEB,D,US,1994-05-19,AFWTR,1997-01-13,91.78,81.73,375,349,0.0026,,EA,IMP
PEGASUS DEB,1994-029VR,24517,DEB,D,US,1994-05-19,AFWTR,2001-10-30,91.50,81.91,367,329,0.0135,,EA,IMP
PEGASUS DEB,1994-029VS,24518,DEB,D,US,1994-05-19,AFWTR,1998-01-14,91.84,81.66,380,350,0.0065,,EA,IMP
PEGASUS DEB,1994-029VT,24519,DEB,D,US,1994-05-19,AFWTR,1997-01-12,91.74,81.98,373,346,0.0572,,EA,IMP
PEGASUS DEB,1994-029VU,24520,DEB,D,US,1994-05-19,AFWTR,1998-11-18,93.46,82.15,471,417,0.0073,,EA,IMP
PEGASUS DEB,1994-029VV,24521,DEB,D,US,1994-05-19,AFWTR,2002-07-09,89.04,82.03,238,217,0.0129,,EA,IMP
PEGASUS DEB,1994-029VW,24522,DEB,D,US,1994-05-19,AFWTR,1999-12-29,89.64,81.96,268,245,0.0301,,EA,IMP
PEGASUS DEB,1994-029VX,24523,DEB,D,US,1994-05-19,AFWTR,1997-04-02,91.63,82.04,382,327,0.0258,,EA,IMP
PEGASUS DEB,1994-029VY,24524,DEB,D,US,1994-05-19,AFWTR,1998-02-14,92.33,81.64,410,367,0.0015,,EA,IMP
PEGASUS DEB,1994-029VZ,24525,DEB,D,US,1994-05-19,AFWTR,1997-04-04,91.98,81.84,395,348,0.0012,,EA,IMP
PEGASUS DEB,1994-029WA,24526,DEB,D,US,1994-05-19,AFWTR,1997-12-21,92.17,81.99,400,362,0.0051,,EA,IMP
PEGASUS DEB,1994-029WB,24527,DEB,D,US,1994-05-19,AFWTR,1997-11-19,93.09,81.94,464,388,0.0106,,EA,IMP
PEGASUS DEB,1994-029WC,24528,DEB,D,US,1994-05-19,AFWTR,2000-02-18,89.71,81.96,272,248,0.0390,,EA,IMP
PEGASUS DEB,1994-029WD,24529,DEB,,US,1994-05-19,AFWTR,,96.66,81.97,673,524,0.0119,,EA,ORB
PEGASUS DEB,1994-029WE,24530,DEB,D,US,1994-05-19,AFWTR,1996-12-02,92.14,81.77,388,372,0.3130,,EA,IMP
PEGASUS DEB,1994-029WF,24531,DEB,D,US,1994-05-19,AFWTR,1999-11-20,92.59,81.62,452,351,0.0464,,EA,IMP
PEGASUS DEB,1994-029WG,24532,DEB,D,US,1994-05-19,AFWTR,1999-01-21,91.60,81.92,360,346,0.0202,,EA,IMP
PEGASUS DEB,1994-029WH,24533,DEB,D,US,1994-05-19,AFWTR,1998-10-07,91.79,81.80,374,351,0.0126,,EA,IMP
PEGASUS DEB,1994-029WJ,24534,DEB,D,US,1994-05-19,AFWTR,1999-11-18,89.60,81.49,272,238,0.0086,,EA,IMP
PEGASUS DEB,1994-029WK,24535,DEB,D,US,1994-05-19,AFWTR,1998-09-16,91.40,82.29,364,323,0.0158,,EA,IMP
PEGASUS DEB,1994-029WL,24536,DEB,D,US,1994-05-19,AFWTR,1998-01-09,91.30,82.04,364,312,0.0256,,EA,IMP
PEGASUS DEB,1994-029WM,24537,DEB,D,US,1994-05-19,AFWTR,1997-11-21,92.86,82.09,431,398,0.0104,,EA,IMP
PEGASUS DEB,1994-029WN,24538,DEB,D,US,1994-05-19,AFWTR,1996-12-05,92.35,81.96,405,375,0.0212,,EA,IMP
PEGASUS DEB,1994-029WP,24539,DEB,D,US,1994-05-19,AFWTR,1997-01-02,91.89,81.82,370,365,0.0132,,EA,IMP
PEGASUS DEB,1994-029WQ,24540,DEB,D,US,1994-05-19,AFWTR,2000-04-10,91.22,82.38,366,303,0.0298,,EA,IMP
PEGASUS DEB,1994-029WR,24541,DEB,D,US,1994-05-19,AFWTR,1996-10-15,92.78,82.33,457,364,0.0600,,EA,IMP
PEGASUS DEB,1994-029WS,24542,DEB,D,US,1994-05-19,AFWTR,1999-01-28,91.14,81.71,354,307,0.0110,,EA,IMP
PEGASUS DEB,1994-029WT,24543,DEB,D,US,1994-05-19,AFWTR,1997-11-10,92.16,82.14,398,363,0.0009,,EA,IMP
PEGASUS DEB,1994-029WU,24544,DEB,D,US,1994-05-19,AFWTR,1997-02-09,91.47,82.07,373,320,0.0032,,EA,IMP
PEGASUS DEB,1994-029WV,24545,DEB,D,US,1994-05-19,AFWTR,1999-04-27,89.15,81.89,246,219,0.0034,,EA,IMP
PEGASUS DEB,1994-029WW,24546,DEB,D,US,1994-05-19,AFWTR,1996-12-13,91.18,82.00,335,329,0.0222,,EA,IMP
PEGASUS DEB,1994-029WX,24547,DEB,D,US,1994-05-19,AFWTR,2019-02-13,87.66,81.99,163,154,0.2250,,EA,IMP
PEGASUS DEB,1994-029WY,24548,DEB,D,US,1994-05-19,AFWTR,1998-03-24,90.13,81.93,294,268,0.0180,,EA,IMP
PEGASUS DEB,1994-029WZ,24549,DEB,D,US,1994-05-19,AFWTR,1997-06-18,91.05,82.05,344,308,0.0004,,EA,IMP
PEGASUS DEB,1994-029XA,24550,DEB,D,US,1994-05-19,AFWTR,1997-10-06,93.28,82.25,513,357,0.0398,,EA,IMP
PEGASUS DEB,1994-029XB,24551,DEB,D,US,1994-05-19,AFWTR,1997-05-07,92.28,82.00,423,349,0.0089,,EA,IMP
PEGASUS DEB,1994-029XC,24552,DEB,D,US,1994-05-19,AFWTR,1998-06-23,90.70,82.01,324,294,0.0122,,EA,IMP
PEGASUS DEB,1994-029XD,24553,DEB,D,US,1994-05-19,AFWTR,1998-01-01,92.81,82.07,427,397,0.0495,,EA,IMP
PEGASUS DEB,1994-029XE,24554,DEB,D,US,1994-05-19,AFWTR,1998-05-13,91.83,81.57,396,332,0.0114,,EA,IMP
PEGASUS DEB,1994-029XF,24555,DEB,D,US,1994-05-19,AFWTR,1997-06-10,91.71,81.75,380,337,0.0202,,EA,IMP
PEGASUS DEB,1994-029XG,24556,DEB,D,US,1994-05-19,AFWTR,1997-04-15,91.62,81.61,374,335,0.0045,,EA,IMP
PEGASUS DEB,1994-029XH,24557,DEB,D,US,1994-05-19,AFWTR,1997-11-05,93.17,81.93,443,416,0.0126,,EA,IMP
PEGASUS DEB,1994-029XJ,24558,DEB,D,US,1994-05-19,AFWTR,1996-10-12,92.54,82.21,422,376,0.1000,,EA,IMP
PEGASUS DEB,1994-029XK,24559,DEB,D,US,1994-05-19,AFWTR,1997-06-24,90.20,82.00,319,249,0.0128,,EA,IMP
PEGASUS DEB,1994-029XL,24560,DEB,D,US,1994-05-19,AFWTR,1997-12-07,91.59,81.93,392,313,0.0054,,EA,IMP
PEGASUS DEB,1994-029XM,24561,DEB,D,US,1994-05-19,AFWTR,1998-09-21,90.25,82.25,304,269,0.0135,,EA,IMP
PEGASUS DEB,1994-029XN,24562,DEB,D,US,1994-05-19,AFWTR,1996-11-24,93.43,81.78,454,431,0.0192,,EA,IMP
PEGASUS DEB,1994-029XP,24563,DEB,D,US,1994-05-19,AFWTR,1997-05-30,90.23,82.30,320,252,0.0040,,EA,IMP
PEGASUS DEB,1994-029XQ,24564,DEB,D,US,1994-05-19,AFWTR,1997-09-17,92.28,82.15,414,359,0.0306,,EA,IMP
PEGASUS DEB,1994-029XR,24565,DEB,D,US,1994-05-19,AFWTR,1999-02-01,90.63,82.09,322,289,0.0071,,EA,IMP
PEGASUS DEB,1994-029XS,24566,DEB,D,US,1994-05-19,AFWTR,2000-10-22,90.43,82.05,311,280,0.0342,,EA,IMP
PEGASUS DEB,1994-029XT,24567,DEB,D,US,1994-05-19,AFWTR,1998-01-18,92.35,81.70,392,387,0.0727,,EA,IMP
PEGASUS DEB,1994-029XU,24568,DEB,D,US,1994-05-19,AFWTR,1997-05-20,92.24,81.98,422,347,0.0141,,EA,IMP
PEGASUS DEB,1994-029XV,24569,DEB,D,US,1994-05-19,AFWTR,1997-01-15,89.95,81.98,297,246,0.0221,,EA,IMP
PEGASUS DEB,1994-029XW,24570,DEB,D,US,1994-05-19,AFWTR,1997-01-03,90.87,81.88,333,302,0.0191,,EA,IMP
PEGASUS DEB,1994-029XX,24571,DEB,D,US,1994-05-19,AFWTR,1997-10-18,92.37,81.72,408,373,0.0061,,EA,IMP
PEGASUS DEB,1994-029XY,24572,DEB,D,US,1994-05-19,AFWTR,1996-12-02,89.68,81.88,291,226,0.0761,,EA,IMP
PEGASUS DEB,1994-029XZ,24573,DEB,D,US,1994-05-19,AFWTR,1997-11-01,93.90,82.37,505,426,0.0102,,EA,IMP
PEGASUS DEB,1994-029YA,24574,DEB,D,US,1994-05-19,AFWTR,1998-04-11,90.10,81.81,293,265,0.0036,,EA,IMP
PEGASUS DEB,1994-029YB,24575,DEB,D,US,1994-05-19,AFWTR,1997-12-15,90.00,82.13,282,267,0.0277,,EA,IMP
PEGASUS DEB,1994-029YC,24576,DEB,D,US,1994-05-19,AFWTR,1997-04-18,91.88,81.62,384,349,0.0102,,EA,IMP
PEGASUS DEB,1994-029YD,24577,DEB,D,US,1994-05-19,AFWTR,1997-10-23,91.52,82.05,362,336,0.0180,,EA,IMP
PEGASUS DEB,1994-029YE,24578,DEB,D,US,1994-05-19,AFWTR,1997-01-30,91.83,81.79,379,350,0.0228,,EA,IMP
PEGASUS DEB,1994-029YF,24579,DEB,D,US,1994-05-19,AFWTR,2000-04-24,88.95,81.97,242,204,0.0395,,EA,IMP
PEGASUS DEB,1994-029YG,24580,DEB,D,US,1994-05-19,AFWTR,1998-07-10,105.10,82.35,1465,533,0.0118,,EA,IMP
PEGASUS DEB,1994-029YH,24581,DEB,,US,1994-05-19,AFWTR,,107.42,81.55,1652,563,0.0483,,EA,ORB
PEGASUS DEB,1994-029YJ,24582,DEB,D,US,1994-05-19,AFWTR,1999-07-29,90.27,81.99,305,270,0.0179,,EA,IMP
PEGASUS DEB,1994-029YK,24583,DEB,D,US,1994-05-19,AFWTR,1998-06-29,90.36,81.38,303,281,0.0026,,EA,IMP
PEGASUS DEB,1994-029YL,24584,DEB,D,US,1994-05-19,AFWTR,1996-12-02,92.50,81.85,405,390,0.0344,,EA,IMP
PEGASUS DEB,1994-029YM,24585,DEB,D,US,1994-05-19,AFWTR,2001-11-15,89.38,81.81,257,231,0.0080,,EA,IMP
PEGASUS DEB,1994-029YN,24586,DEB,D,US,1994-05-19,AFWTR,1999-10-30,90.82,81.82,325,304,0.0173,,EA,IMP
PEGASUS DEB,1994-029YP,24587,DEB,D,US,1994-05-19,AFWTR,1998-09-16,91.56,82.26,379,323,0.0079,,EA,IMP
PEGASUS DEB,1994-029YQ,24588,DEB,D,US,1994-05-19,AFWTR,1997-12-01,94.94,82.04,551,480,0.0094,,EA,IMP
PEGASUS DEB,1994-029YR,24589,DEB,D,US,1994-05-19,AFWTR,1999-06-24,90.89,82.30,359,278,0.0021,,EA,IMP
PEGASUS DEB,1994-029YS,24590,DEB,D,US,1994-05-19,AFWTR,1999-10-31,91.58,81.80,373,330,0.0262,,EA,IMP
PEGASUS DEB,1994-029YT,24591,DEB,D,US,1994-05-19,AFWTR,1997-01-02,91.03,81.81,350,301,0.0091,,EA,IMP
PEGASUS DEB,1994-029YU,24592,DEB,D,US,1994-05-19,AFWTR,1997-02-19,91.29,81.99,357,319,0.0739,,EA,IMP
PEGASUS DEB,1994-029YV,24593,DEB,D,US,1994-05-19,AFWTR,1996-11-22,92.23,81.80,390,379,0.0140,,EA,IMP
PEGASUS DEB,1994-029YW,24594,DEB,,US,1994-05-19,AFWTR,,101.93,81.45,1173,527,0.0140,,EA,ORB
PEGASUS DEB,1994-029YX,24595,DEB,D,US,1994-05-19,AFWTR,1996-12-28,90.15,81.89,299,264,0.0256,,EA,IMP
PEGASUS DEB,1994-029YY,24596,DEB,D,US,1994-05-19,AFWTR,1997-07-05,90.91,82.00,337,302,0.0187,,EA,IMP
PEGASUS DEB,1994-029YZ,24597,DEB,D,US,1994-05-19,AFWTR,1996-11-07,93.57,82.17,495,403,0.0231,,EA,IMP
PEGASUS DEB,1994-029ZA,24598,DEB,D,US,1994-05-19,AFWTR,1999-05-03,90.79,82.08,327,299,0.0102,,EA,IMP
PEGASUS DEB,1994-029ZB,24599,DEB,D,US,1994-05-19,AFWTR,2002-08-03,88.66,81.88,220,196,0.0110,,EA,IMP
PEGASUS DEB,1994-029ZC,24600,DEB,D,US,1994-05-19,AFWTR,1997-03-31,90.11,82.13,303,256,0.0342,,EA,IMP
PEGASUS DEB,1994-029ZD,24601,DEB,D,US,1994-05-19,AFWTR,1997-06-04,91.66,82.06,379,333,0.0059,,EA,IMP
PEGASUS DEB,1994-029ZE,24602,DEB,,US,1994-05-19,AFWTR,,107.03,81.53,1631,547,0.0165,,EA,ORB
PEGASUS DEB,1994-029ZF,24603,DEB,D,US,1994-05-19,AFWTR,1998-11-29,92.94,81.86,439,398,0.0121,,EA,IMP
PEGASUS DEB,1994-029ZG,24604,DEB,D,US,1994-05-19,AFWTR,1997-07-16,91.41,82.17,367,320,0.0073,,EA,IMP
PEGASUS DEB,1994-029ZH,24605,DEB,D,US,1994-05-19,AFWTR,1999-04-21,91.92,81.46,391,346,0.0029,,EA,IMP
PEGASUS DEB,1994-029ZJ,24606,DEB,D,US,1994-05-19,AFWTR,2013-02-26,89.54,81.80,259,245,0.0035,,EA,IMP
PEGASUS DEB,1994-029ZK,24607,DEB,D,US,1994-05-19,AFWTR,1997-10-18,92.11,81.91,386,371,0.0052,,EA,IMP
PEGASUS DEB,1994-029ZL,24608,DEB,D,US,1994-05-19,AFWTR,1997-09-16,92.37,81.96,414,367,0.0231,,EA,IMP
PEGASUS DEB,1994-029ZM,24609,DEB,D,US,1994-05-19,AFWTR,1999-06-23,91.28,82.06,372,303,0.0201,,EA,IMP
PEGASUS DEB,1994-029ZN,24610,DEB,D,US,1994-05-19,AFWTR,2001-12-31,89.50,81.92,259,240,0.0047,,EA,IMP
PEGASUS DEB,1994-029ZP,24611,DEB,D,US,1994-05-19,AFWTR,1997-04-12,94.48,81.88,543,444,0.0295,,EA,IMP
PEGASUS DEB,1994-029ZQ,24612,DEB,D,US,1994-05-19,AFWTR,2000-03-16,91.73,81.40,399,320,0.0495,,EA,IMP
PEGASUS DEB,1994-029ZR,24613,DEB,D,US,1994-05-19,AFWTR,1997-04-10,92.88,82.09,451,380,0.0173,,EA,IMP
PEGASUS DEB,1994-029ZS,24614,DEB,D,US,1994-05-19,AFWTR,2000-02-01,89.80,82.05,276,253,0.0119,,EA,IMP
PEGASUS DEB,1994-029ZT,24615,DEB,D,US,1994-05-19,AFWTR,1998-04-13,88.99,82.16,244,205,0.0042,,EA,IMP
PEGASUS DEB,1994-029ZU,24616,DEB,D,US,1994-05-19,AFWTR,1997-02-22,90.23,82.06,308,264,0.0005,,EA,IMP
PEGASUS DEB,1994-029ZV,24617,DEB,D,US,1994-05-19,AFWTR,1997-04-09,92.83,81.72,439,387,0.0212,,EA,IMP
PEGASUS DEB,1994-029ZW,24618,DEB,D,US,1994-05-19,AFWTR,2000-03-26,91.96,82.15,401,340,0.0269,,EA,IMP
PEGASUS DEB,1994-029ZX,24619,DEB,D,US,1994-05-19,AFWTR,1997-04-04,92.26,81.75,411,360,0.0083,,EA,IMP
PEGASUS DEB,1994-029ZY,24620,DEB,D,US,1994-05-19,AFWTR,2000-01-04,90.29,82.05,300,277,0.0081,,EA,IMP
PEGASUS DEB,1994-029ZZ,24621,DEB,D,US,1994-05-19,AFWTR,1997-10-05,93.23,81.95,461,404,0.0039,,EA,IMP
PEGASUS DEB,1994-029AAA,24622,DEB,D,US,1994-05-19,AFWTR,1997-10-23,90.91,82.28,340,298,0.0051,,EA,IMP
PEGASUS DEB,1994-029AAB,24623,DEB,D,US,1994-05-19,AFWTR,1997-09-30,92.33,82.07,415,362,0.0038,,EA,IMP
PEGASUS DEB,1994-029AAC,24624,DEB,D,US,1994-05-19,AFWTR,1999-03-31,92.33,82.95,422,356,0.0231,,EA,IMP
PEGASUS DEB,1994-029AAD,24625,DEB,D,US,1994-05-19,AFWTR,1998-04-25,96.40,81.71,686,486,0.0033,,EA,IMP
PEGASUS DEB,1994-029AAE,24626,DEB,D,US,1994-05-19,AFWTR,2014-09-26,88.22,81.94,194,179,0.0142,,EA,IMP
PEGASUS DEB,1994-029AAF,24627,DEB,D,US,1994-05-19,AFWTR,2000-03-06,89.50,81.96,295,204,0.0231,,EA,IMP
PEGASUS DEB,1994-029AAG,24628,DEB,D,US,1994-05-19,AFWTR,2001-10-26,89.59,81.92,262,247,0.0067,,EA,IMP
PEGASUS DEB,1994-029AAH,24629,DEB,D,US,1994-05-19,AFWTR,1997-11-15,91.91,82.14,382,355,0.0058,,EA,IMP
PEGASUS DEB,1994-029AAJ,24630,DEB,D,US,1994-05-19,AFWTR,1997-11-10,91.13,81.98,353,308,0.0323,,EA,IMP
PEGASUS DEB,1994-029AAK,24631,DEB,D,US,1994-05-19,AFWTR,2002-11-11,89.33,81.88,254,229,0.0159,,EA,IMP
PEGASUS DEB,1994-029AAL,24632,DEB,D,US,1994-05-19,AFWTR,1999-10-20,90.37,81.87,299,286,0.0070,,EA,IMP
PEGASUS DEB,1994-029AAM,24633,DEB,D,US,1994-05-19,AFWTR,1998-05-21,92.29,81.34,429,346,0.0275,,EA,IMP
SL-19 DEB,1994-085Y,24679,DEB,,CIS,1994-12-26,TYMSC,,127.17,64.99,2145,1853,0.0483,,EA,ORB
PEGASUS DEB,1994-029AAQ,24682,DEB,D,US,1994-05-19,AFWTR,2024-03-10,88.46,82.06,205,191,0.0152,,EA,IMP
PEGASUS DEB,1994-029AAR,24683,DEB,D,US,1994-05-19,AFWTR,1997-03-18,91.46,81.95,361,331,0.1000,,EA,IMP
PEGASUS DEB,1994-029AAS,24684,DEB,D,US,1994-05-19,AFWTR,1997-10-19,91.54,81.92,361,339,0.0035,,EA,IMP
PEGASUS DEB,1994-029AAT,24685,DEB,D,US,1994-05-19,AFWTR,1997-03-13,96.64,81.98,811,385,0.1000,,EA,IMP
PEGASUS DEB,1994-029AAU,24686,DEB,D,US,1994-05-19,AFWTR,2000-04-16,90.52,82.38,333,266,0.0080,,EA,IMP
PEGASUS DEB,1994-029AAV,24687,DEB,D,US,1994-05-19,AFWTR,1997-09-21,91.08,81.73,338,317,0.0236,,EA,IMP
PEGASUS DEB,1994-029AAW,24688,DEB,D,US,1994-05-19,AFWTR,1997-03-01,90.68,81.92,319,297,0.0274,,EA,IMP
PEGASUS DEB,1994-029AAX,24689,DEB,D,US,1994-05-19,AFWTR,1997-05-06,92.45,81.99,432,357,0.0285,,EA,IMP
PEGASUS DEB,1994-029AAY,24690,DEB,D,US,1994-05-19,AFWTR,1997-10-17,92.43,82.04,410,377,0.0093,,EA,IMP
PEGASUS DEB,1994-029AAZ,24691,DEB,D,US,1994-05-19,AFWTR,1998-10-20,91.99,82.34,390,354,0.0131,,EA,IMP
PEGASUS DEB,1994-029ABA,24692,DEB,D,US,1994-05-19,AFWTR,1997-12-29,92.28,82.20,417,355,0.0079,,EA,IMP
PEGASUS DEB,1994-029ABB,24693,DEB,D,US,1994-05-19,AFWTR,1999-04-05,91.26,81.78,366,307,0.0103,,EA,IMP
PEGASUS DEB,1994-029ABC,24694,DEB,D,US,1994-05-19,AFWTR,2000-05-16,88.53,82.06,218,186,0.0049,,EA,IMP
PEGASUS DEB,1994-029ABD,24695,DEB,D,US,1994-05-19,AFWTR,1999-01-28,93.71,82.07,499,413,0.0016,,EA,IMP
PEGASUS DEB,1994-029ABE,24696,DEB,D,US,1994-05-19,AFWTR,2002-08-21,88.47,82.03,205,193,0.0098,,EA,IMP
PEGASUS DEB,1994-029ABF,24697,DEB,D,US,1994-05-19,AFWTR,1997-11-27,93.63,82.01,471,432,0.0049,,EA,IMP
PEGASUS DEB,1994-029ABG,24698,DEB,D,US,1994-05-19,AFWTR,1998-10-30,92.83,82.01,426,401,0.0137,,EA,IMP
PEGASUS DEB,1994-029ABH,24699,DEB,D,US,1994-05-19,AFWTR,1998-01-23,92.38,81.73,405,377,0.1000,,EA,IMP
SL-19 DEB,1994-085Z,24703,DEB,,CIS,1994-12-26,TYMSC,,128.48,64.73,2240,1873,0.0574,,EA,ORB
PEGASUS DEB,1994-029AAN,24734,DEB,D,US,1994-05-19,AFWTR,1997-02-06,91.53,82.05,367,332,0.0200,,EA,IMP
PEGASUS DEB,1994-029AAP,24735,DEB,D,US,1994-05-19,AFWTR,1997-01-31,93.15,81.75,439,419,0.3154,,EA,IMP
PEGASUS DEB,1994-029ABJ,24759,DEB,D,US,1994-05-19,AFWTR,2012-03-03,88.28,81.91,208,170,0.0430,,EA,IMP
PEGASUS DEB,1994-029ABK,24760,DEB,D,US,1994-05-19,AFWTR,2002-09-23,89.98,82.52,292,255,0.0031,,EA,IMP
PEGASUS DEB,1994-029ABL,24766,DEB,D,US,1994-05-19,AFWTR,2001-12-31,88.72,82.07,222,200,0.0247,,EA,IMP
PEGASUS DEB,1994-029ABM,24767,DEB,D,US,1994-05-19,AFWTR,2001-07-14,90.04,80.96,279,274,0.0057,,EA,IMP
PEGASUS DEB,1994-029ABN,24774,DEB,D,US,1994-05-19,AFWTR,1997-03-17,91.37,81.88,356,327,0.0010,,EA,IMP
PEGASUS DEB,1994-029ABP,24775,DEB,D,US,1994-05-19,AFWTR,1997-04-02,94.97,81.80,530,504,0.0085,,EA,IMP
PEGASUS DEB,1994-029ABQ,24776,DEB,D,US,1994-05-19,AFWTR,1997-04-08,95.56,81.66,602,490,0.0179,,EA,IMP
PEGASUS DEB,1994-029ABR,24788,DEB,D,US,1994-05-19,AFWTR,2002-04-13,92.24,81.75,419,350,0.0141,,EA,IMP
PEGASUS DEB,1994-029ABS,24790,DEB,D,US,1994-05-19,AFWTR,1997-04-08,92.80,82.03,443,380,0.0200,,EA,IMP
PEGASUS DEB,1994-029ABT,24791,DEB,D,US,1994-05-19,AFWTR,1997-04-12,92.50,81.77,432,363,0.0141,,EA,IMP
PEGASUS DEB,1994-029ABU,24817,DEB,,US,1994-05-19,AFWTR,,101.38,81.69,1081,567,0.0108,,EA,ORB
PEGASUS DEB,1994-029ABV,24823,DEB,D,US,1994-05-19,AFWTR,1997-09-07,93.43,81.78,481,404,0.0058,,EA,IMP
PEGASUS DEB,1994-029ABW,24824,DEB,D,US,1994-05-19,AFWTR,1997-05-24,92.96,81.93,456,383,0.0085,,EA,IMP
PEGASUS DEB,1994-029ABX,24825,DEB,D,US,1994-05-19,AFWTR,1997-04-14,90.47,82.02,316,279,0.0118,,EA,IMP
PEGASUS DEB,1994-029ABY,24826,DEB,D,US,1994-05-19,AFWTR,1997-05-23,91.93,82.04,419,319,0.0040,,EA,IMP
SL-8 DEB,1994-061E,24831,DEB,D,CIS,1994-09-27,PLMSC,2000-03-06,89.32,83.39,276,206,0.0212,,EA,IMP
PEGASUS DEB,1994-029ABZ,24844,DEB,D,US,1994-05-19,AFWTR,1997-10-27,92.52,82.09,407,389,0.0171,,EA,IMP
PEGASUS DEB,1994-029ACA,24850,DEB,D,US,1994-05-19,AFWTR,1999-01-18,95.31,82.28,596,471,0.0142,,EA,IMP
PEGASUS DEB,1994-029ACG,24868,DEB,D,US,1994-05-19,AFWTR,1997-09-23,92.58,83.02,439,363,0.0055,,EA,IMP
PEGASUS DEB,1994-029ACB,24939,DEB,D,US,1994-05-19,AFWTR,1997-12-23,91.52,82.03,365,334,0.0160,,EA,IMP
PEGASUS DEB,1994-029ACC,24940,DEB,D,US,1994-05-19,AFWTR,1998-03-20,95.25,81.76,609,452,0.0600,,EA,IMP
PEGASUS DEB,1994-029ACD,24941,DEB,D,US,1994-05-19,AFWTR,2011-11-30,89.14,81.72,244,220,0.0039,,EA,IMP
PEGASUS DEB,1994-029ACE,24942,DEB,D,US,1994-05-19,AFWTR,1998-12-05,91.23,82.35,346,324,0.0093,,EA,IMP
PEGASUS DEB,1994-029ACF,24973,DEB,,US,1994-05-19,AFWTR,,100.24,82.02,979,561,0.0091,,EA,ORB
PEGASUS DEB,1994-029ACH,24975,DEB,D,US,1994-05-19,AFWTR,1997-12-12,90.57,81.97,313,292,0.0600,,EA,IMP
PEGASUS DEB,1994-029ACJ,24976,DEB,D,US,1994-05-19,AFWTR,2001-08-17,89.78,82.03,289,238,0.0106,,EA,IMP
PEGASUS DEB,1994-029ACK,24977,DEB,D,US,1994-05-19,AFWTR,2002-10-11,91.88,81.39,406,328,0.0087,,EA,IMP
PEGASUS DEB,1994-029ACL,24978,DEB,D,US,1994-05-19,AFWTR,2025-04-11,89.84,81.40,285,248,0.0096,,EA,IMP
PEGASUS DEB,1994-029ACM,24979,DEB,D,US,1994-05-19,AFWTR,1999-03-07,93.00,81.50,452,390,0.0080,,EA,IMP
PEGASUS DEB,1994-029ACN,24980,DEB,,US,1994-05-19,AFWTR,,96.30,81.57,675,487,0.0156,,EA,ORB
PEGASUS DEB,1994-029ACP,24981,DEB,D,US,1994-05-19,AFWTR,2002-03-03,89.34,81.52,274,209,0.0048,,EA,IMP
PEGASUS DEB,1994-029ACQ,24982,DEB,D,US,1994-05-19,AFWTR,2000-06-24,90.47,81.62,303,292,0.0049,,EA,IMP
PEGASUS DEB,1994-029ACR,24983,DEB,D,US,1994-05-19,AFWTR,1999-09-17,89.94,82.21,283,260,0.0001,,EA,IMP
PEGASUS DEB,1994-029ACS,24984,DEB,D,US,1994-05-19,AFWTR,2000-09-10,90.46,81.51,325,269,0.0306,,EA,IMP
PEGASUS DEB,1994-029ACT,24985,DEB,,US,1994-05-19,AFWTR,,105.03,81.51,1439,553,0.0106,,EA,ORB
PEGASUS DEB,1994-029ACU,24986,DEB,D,US,1994-05-19,AFWTR,1999-12-07,91.67,82.78,367,346,0.0072,,EA,IMP
PEGASUS DEB,1994-029ACV,24987,DEB,D,US,1994-05-19,AFWTR,1998-08-26,93.34,80.88,486,390,0.0063,,EA,IMP
PEGASUS DEB,1994-029ACW,24988,DEB,D,US,1994-05-19,AFWTR,2002-06-28,89.13,81.96,251,212,0.0083,,EA,IMP
PEGASUS DEB,1994-029ACX,24989,DEB,D,US,1994-05-19,AFWTR,1999-03-01,91.69,81.93,395,320,0.0019,,EA,IMP
PEGASUS DEB,1994-029ACY,24991,DEB,D,US,1994-05-19,AFWTR,1998-05-16,93.70,82.36,514,397,0.0056,,EA,IMP
PEGASUS DEB,1994-029ACZ,24992,DEB,D,US,1994-05-19,AFWTR,1998-07-10,93.61,82.10,516,386,0.0180,,EA,IMP
PEGASUS DEB,1994-029ADA,24993,DEB,D,US,1994-05-19,AFWTR,1999-11-07,92.95,82.47,466,372,0.0001,,EA,IMP
PEGASUS DEB,1994-029ADB,24994,DEB,D,US,1994-05-19,AFWTR,1997-12-04,92.70,80.46,443,371,0.0233,,EA,IMP
PEGASUS DEB,1994-029ADC,24995,DEB,D,US,1994-05-19,AFWTR,1999-03-31,97.12,81.73,826,416,0.0005,,EA,IMP
PEGASUS DEB,1994-029ADD,24996,DEB,,US,1994-05-19,AFWTR,,97.84,82.16,785,525,0.0119,,EA,ORB
PEGASUS DEB,1994-029ADE,24997,DEB,D,US,1994-05-19,AFWTR,1998-04-11,93.16,81.03,492,367,0.0112,,EA,IMP
PEGASUS DEB,1994-029ADF,24998,DEB,D,US,1994-05-19,AFWTR,2000-06-01,90.33,81.91,310,271,0.0035,,EA,IMP
PEGASUS DEB,1994-029ADG,24999,DEB,D,US,1994-05-19,AFWTR,1997-11-20,93.24,82.04,454,412,0.0646,,EA,IMP
PEGASUS DEB,1994-029ADH,25075,DEB,D,US,1994-05-19,AFWTR,1997-12-09,90.12,81.58,292,269,0.0038,,EA,IMP
PEGASUS DEB,1994-029ADJ,25271,DEB,D,US,1994-05-19,AFWTR,2004-11-24,88.61,81.68,220,191,0.0119,,EA,IMP
PEGASUS DEB,1994-029ADK,25305,DEB,D,US,1994-05-19,AFWTR,2000-10-20,90.92,81.92,344,295,0.0168,,EA,IMP
PEGASUS DEB,1994-029ADL,25335,DEB,D,US,1994-05-19,AFWTR,1998-11-12,94.00,82.58,528,412,0.0197,,EA,IMP
PEGASUS DEB,1994-029ADM,25357,DEB,D,US,1994-05-19,AFWTR,1998-09-23,92.42,82.31,411,376,0.0088,,EA,IMP
PEGASUS DEB,1994-029ADN,25361,DEB,D,US,1994-05-19,AFWTR,2001-07-05,89.98,82.02,289,258,0.0078,,EA,IMP
PEGASUS DEB,1994-029ADP,25362,DEB,D,US,1994-05-19,AFWTR,1998-12-29,92.15,82.01,422,337,0.0028,,EA,IMP
PEGASUS DEB,1994-029ADQ,25378,DEB,D,US,1994-05-19,AFWTR,1998-09-11,93.26,82.20,510,359,0.0123,,EA,IMP
PEGASUS DEB,1994-029ADR,25425,DEB,D,US,1994-05-19,AFWTR,1998-12-27,89.48,81.46,268,230,0.0064,,EA,IMP
PEGASUS DEB,1994-029ADS,25426,DEB,D,US,1994-05-19,AFWTR,1999-03-22,91.18,82.09,352,313,0.0008,,EA,IMP
PEGASUS DEB,1994-029ADT,25427,DEB,D,US,1994-05-19,AFWTR,1999-04-23,91.50,82.04,362,334,0.1718,,EA,IMP
PEGASUS DEB,1994-029ADU,25428,DEB,D,US,1994-05-19,AFWTR,2001-10-01,89.27,82.00,254,223,0.0017,,EA,IMP
PEGASUS DEB,1994-029ADV,25440,DEB,D,US,1994-05-19,AFWTR,1999-01-14,92.81,81.74,441,384,0.0006,,EA,IMP
PEGASUS DEB,1994-029ADW,25441,DEB,D,US,1994-05-19,AFWTR,1998-12-31,91.34,81.79,367,314,0.0006,,EA,IMP
PEGASUS DEB,1994-029ADX,25442,DEB,,US,1994-05-19,AFWTR,,98.39,81.75,822,541,0.0120,,EA,ORB
PEGASUS DEB,1994-029ADY,25443,DEB,D,US,1994-05-19,AFWTR,1998-12-29,95.94,81.80,669,460,0.0107,,EA,IMP
PEGASUS DEB,1994-029ADZ,25445,DEB,,US,1994-05-19,AFWTR,,97.79,81.98,745,562,0.0032,,EA,ORB
PEGASUS DEB,1994-029AEA,25446,DEB,D,US,1994-05-19,AFWTR,1999-09-18,92.25,82.09,401,369,0.0079,,EA,IMP
PEGASUS DEB,1994-029AEB,25447,DEB,D,US,1994-05-19,AFWTR,1999-09-15,91.83,82.03,385,344,0.0046,,EA,IMP
PEGASUS DEB,1994-029AEC,25448,DEB,D,US,1994-05-19,AFWTR,2014-05-17,89.53,82.15,267,235,0.0077,,EA,IMP
PEGASUS DEB,1994-029AED,25449,DEB,,US,1994-05-19,AFWTR,,108.10,82.10,1711,567,0.0060,,EA,ORB
PEGASUS DEB,1994-029AEE,25566,DEB,D,US,1994-05-19,AFWTR,2017-04-11,89.22,82.08,248,224,0.0105,,EA,IMP
PEGASUS DEB,1994-029AEF,25663,DEB,D,US,1994-05-19,AFWTR,2000-01-18,92.18,82.13,417,345,0.0002,,EA,IMP
PEGASUS DEB,1994-029AEG,25750,DEB,D,US,1994-05-19,AFWTR,2022-04-01,89.12,82.32,239,223,0.0111,,EA,IMP
ASLV-D4 DEB,1994-027C,25819,DEB,D,IND,1994-05-04,SRILR,1999-08-26,89.23,45.99,250,224,0.0534,,EA,IMP
DELTA 2 DEB,1994-016D,25904,DEB,,US,1994-03-10,AFETR,,126.49,34.49,3706,232,0.0158,,EA,ORB
PEGASUS DEB,1994-029AEH,26740,DEB,D,US,1994-05-19,AFWTR,2025-03-22,89.67,81.83,260,256,0.0102,,EA,IMP
SL-12 DEB,1994-038G,26742,DEB,D,CIS,1994-07-06,TYMSC,2008-08-31,98.27,48.14,1205,147,0.3045,,EA,IMP
SL-16 DEB,1994-077L,26966,DEB,D,CIS,1994-11-24,TYMSC,2002-01-04,90.82,70.92,331,298,0.0096,,EA,IMP
PEGASUS DEB,1994-029AEJ,27679,DEB,,US,1994-05-19,AFWTR,,100.42,81.98,990,567,0.0160,,EA,ORB
PEGASUS DEB,1994-029AEK,27755,DEB,,US,1994-05-19,AFWTR,,110.84,81.82,1923,607,0.0035,,EA,ORB
PEGASUS DEB,1994-029AEL,27756,DEB,D,US,1994-05-19,AFWTR,2003-05-07,90.75,81.89,336,286,0.0040,,EA,IMP
PEGASUS DEB,1994-029AEM,27757,DEB,D,US,1994-05-19,AFWTR,2005-12-11,90.41,81.16,307,282,0.0020,,EA,IMP
PEGASUS DEB,1994-029AEN,27758,DEB,D,US,1994-05-19,AFWTR,2004-01-06,88.64,81.35,208,206,0.0013,,EA,IMP
PEGASUS DEB,1994-029AEP,27759,DEB,D,US,1994-05-19,AFWTR,2005-05-31,90.03,81.74,289,262,0.0023,,EA,IMP
SL-16 DEB,1994-077M,27760,DEB,,CIS,1994-11-24,TYMSC,,98.02,70.99,693,635,0.0103,,EA,ORB
PEGASUS DEB,1994-029AEQ,29033,DEB,,US,1994-05-19,AFWTR,,97.70,81.96,757,540,0.0084,,EA,ORB
RESURS O1 DEB,1994-074G,29297,DEB,D,CIS,1994-11-04,TYMSC,2011-11-11,93.23,97.75,448,418,0.0130,,EA,IMP
RESURS O1 DEB,1994-074H,29298,DEB,D,CIS,1994-11-04,TYMSC,2011-12-05,92.52,97.83,418,379,0.0126,,EA,IMP
RESURS O1 DEB,1994-074J,31580,DEB,D,CIS,1994-11-04,TYMSC,2011-12-23,92.18,97.88,410,354,0.0073,,EA,IMP
RESURS O1 DEB,1994-074K,33281,DEB,D,CIS,1994-11-04,TYMSC,2012-12-05,89.91,98.03,281,259,0.0084,,EA,IMP
RESURS O1 DEB,1994-074L,35263,DEB,D,CIS,1994-11-04,TYMSC,2011-11-14,95.80,97.88,566,548,0.0053,,EA,IMP
RESURS O1 DEB,1994-074M,35264,DEB,D,CIS,1994-11-04,TYMSC,2013-07-10,92.41,98.05,400,386,0.0090,,EA,IMP
RESURS O1 DEB,1994-074N,35265,DEB,D,CIS,1994-11-04,TYMSC,2012-04-26,92.01,97.97,382,364,0.0142,,EA,IMP
RESURS O1 DEB,1994-074P,35266,DEB,D,CIS,1994-11-04,TYMSC,2012-05-29,95.87,97.99,563,558,0.0118,,EA,IMP
RESURS O1 DEB,1994-074Q,35267,DEB,D,CIS,1994-11-04,TYMSC,2011-10-12,93.82,97.90,473,450,0.0111,,EA,IMP
RESURS O1 DEB,1994-074R,36848,DEB,D,CIS,1994-11-04,TYMSC,2012-06-22,91.16,98.10,348,315,0.0149,,EA,IMP
RESURS O1 DEB,1994-074S,36849,DEB,D,CIS,1994-11-04,TYMSC,2012-10-24,90.02,98.08,286,264,0.0072,,EA,IMP
RESURS O1 DEB,1994-074T,36850,DEB,D,CIS,1994-11-04,TYMSC,2012-10-23,93.80,97.97,464,457,0.0005,,EA,IMP
RESURS O1 DEB,1994-074U,36851,DEB,D,CIS,1994-11-04,TYMSC,2012-05-14,93.81,98.01,468,453,0.0012,,EA,IMP
RESURS O1 DEB,1994-074V,36852,DEB,D,CIS,1994-11-04,TYMSC,2013-02-01,91.23,98.15,341,329,0.0004,,EA,IMP
RESURS O1 DEB,1994-074W,36853,DEB,D,CIS,1994-11-04,TYMSC,2011-12-02,95.34,97.99,539,531,0.0001,,EA,IMP
NOAA 14 DEB,1994-089D,38732,DEB,,US,1994-12-30,AFWTR,,100.34,98.63,782,768,0.6814,,EA,ORB
RESURS O1 DEB,1994-074X,39047,DEB,D,CIS,1994-11-04,TYMSC,2013-01-13,91.78,98.09,368,356,0.0030,,EA,IMP
RESURS O1 DEB,1994-074Y,39048,DEB,D,CIS,1994-11-04,TYMSC,2013-12-22,90.88,98.12,325,310,0.0092,,EA,IMP
RESURS O1 DEB,1994-074Z,39049,DEB,D,CIS,1994-11-04,TYMSC,2015-02-12,90.64,98.17,311,301,0.0078,,EA,IMP
RESURS O1 DEB,1994-074AA,39050,DEB,D,CIS,1994-11-04,TYMSC,2014-03-16,89.93,98.12,285,257,0.0131,,EA,IMP
RESURS O1 DEB,1994-074AB,39051,DEB,D,CIS,1994-11-04,TYMSC,2014-03-27,91.89,98.11,381,354,0.0099,,EA,IMP
PEGASUS DEB,1994-029AER,39306,DEB,,US,1994-05-19,AFWTR,,95.21,81.73,601,456,0.0156,,EA,ORB
PEGASUS DEB,1994-029AES,39307,DEB,,US,1994-05-19,AFWTR,,92.95,81.93,446,392,0.0102,,EA,ORB
PEGASUS DEB,1994-029AET,39308,DEB,,US,1994-05-19,AFWTR,,100.34,81.97,1017,532,0.0189,,EA,ORB
PEGASUS DEB,1994-029AEU,39309,DEB,,US,1994-05-19,AFWTR,,99.46,81.75,896,570,0.0149,,EA,ORB
PEGASUS DEB,1994-029AEV,39310,DEB,,US,1994-05-19,AFWTR,,99.07,81.82,878,551,0.0101,,EA,ORB
PEGASUS DEB,1994-029AEW,39311,DEB,D,US,1994-05-19,AFWTR,2025-12-17,92.39,81.39,414,369,0.0116,,EA,IMP
PEGASUS DEB,1994-029AEX,39312,DEB,,US,1994-05-19,AFWTR,,97.89,81.99,790,525,0.0145,,EA,ORB
PEGASUS DEB,1994-029AEY,39313,DEB,D,US,1994-05-19,AFWTR,2023-04-15,93.34,81.77,465,411,0.0092,,EA,IMP
PEGASUS DEB,1994-029AEZ,39314,DEB,,US,1994-05-19,AFWTR,,97.73,81.65,759,542,0.0153,,EA,ORB
PEGASUS DEB,1994-029AFA,39315,DEB,,US,1994-05-19,AFWTR,,102.30,81.50,1146,590,0.0137,,EA,ORB
PEGASUS DEB,1994-029AFB,39316,DEB,D,US,1994-05-19,AFWTR,2023-11-03,89.87,81.96,278,258,0.0134,,EA,IMP
PEGASUS DEB,1994-029AFC,39317,DEB,D,US,1994-05-19,AFWTR,2023-04-06,90.91,81.93,325,314,0.0007,,EA,IMP
PEGASUS DEB,1994-029AFD,39318,DEB,,US,1994-05-19,AFWTR,,98.27,81.95,807,546,0.0206,,EA,ORB
PEGASUS DEB,1994-029AFE,39319,DEB,,US,1994-05-19,AFWTR,,98.12,81.95,796,541,0.0202,,EA,ORB
PEGASUS DEB,1994-029AFF,39320,DEB,,US,1994-05-19,AFWTR,,100.46,81.76,980,580,0.0166,,EA,ORB
PEGASUS DEB,1994-029AFG,39321,DEB,,US,1994-05-19,AFWTR,,103.28,82.29,1230,598,0.0116,,EA,ORB
PEGASUS DEB,1994-029AFH,39322,DEB,,US,1994-05-19,AFWTR,,99.12,81.92,881,552,0.0119,,EA,ORB
PEGASUS DEB,1994-029AFJ,39323,DEB,,US,1994-05-19,AFWTR,,97.69,81.98,764,533,0.0153,,EA,ORB
RESURS O1 DEB,1994-074AC,39516,DEB,D,CIS,1994-11-04,TYMSC,2014-04-16,93.64,98.13,461,444,0.0030,,EA,IMP
RESURS O1 DEB,1994-074AD,39517,DEB,D,CIS,1994-11-04,TYMSC,2014-05-20,90.91,98.15,338,301,0.0009,,EA,IMP
RESURS O1 DEB,1994-074AE,39611,DEB,D,CIS,1994-11-04,TYMSC,2014-04-06,92.86,98.12,425,404,0.0016,,EA,IMP
PEGASUS DEB,1994-029AFK,39912,DEB,D,US,1994-05-19,AFWTR,2022-09-02,91.57,81.32,361,342,0.0108,,EA,IMP
PEGASUS DEB,1994-029AFL,39913,DEB,,US,1994-05-19,AFWTR,,103.93,81.56,1318,571,0.0125,,EA,ORB
PEGASUS DEB,1994-029AFM,39914,DEB,,US,1994-05-19,AFWTR,,100.29,81.34,1005,540,0.0109,,EA,ORB
PEGASUS DEB,1994-029AFN,39915,DEB,D,US,1994-05-19,AFWTR,2023-10-11,90.09,81.97,287,271,0.0085,,EA,IMP
PEGASUS DEB,1994-029AFP,39916,DEB,D,US,1994-05-19,AFWTR,2024-08-16,92.64,81.55,429,379,0.0072,,EA,IMP
PEGASUS DEB,1994-029AFQ,39917,DEB,,US,1994-05-19,AFWTR,,102.42,82.13,1192,555,0.0070,,EA,ORB
PEGASUS DEB,1994-029AFR,39918,DEB,D,US,1994-05-19,AFWTR,2015-10-20,91.02,82.01,335,314,0.0101,,EA,IMP
PEGASUS DEB,1994-029AFS,39919,DEB,,US,1994-05-19,AFWTR,,99.70,81.85,926,562,0.0153,,EA,ORB
PEGASUS DEB,1994-029AFT,39920,DEB,D,US,1994-05-19,AFWTR,2014-04-29,97.06,82.35,659,577,0.0130,,EA,IMP
PEGASUS DEB,1994-029AFU,39921,DEB,,US,1994-05-19,AFWTR,,101.79,81.54,1110,577,0.0145,,EA,ORB
PEGASUS DEB,1994-029AFV,39922,DEB,,US,1994-05-19,AFWTR,,96.35,81.58,658,510,0.0142,,EA,ORB
PEGASUS DEB,1994-029AFW,39923,DEB,,US,1994-05-19,AFWTR,,104.03,82.14,1329,569,0.0117,,EA,ORB
PEGASUS DEB,1994-029AFX,39924,DEB,,US,1994-05-19,AFWTR,,96.85,81.85,682,534,0.0167,,EA,ORB
PEGASUS DEB,1994-029AFY,39925,DEB,D,US,1994-05-19,AFWTR,2022-10-01,91.16,81.45,338,325,0.0069,,EA,IMP
PEGASUS DEB,1994-029AFZ,39926,DEB,,US,1994-05-19,AFWTR,,101.07,81.84,1022,597,0.0118,,EA,ORB
PEGASUS DEB,1994-029AGA,39927,DEB,D,US,1994-05-19,AFWTR,2026-07-10,90.51,81.78,310,289,0.0113,,EA,IMP
PEGASUS DEB,1994-029AGB,39928,DEB,D,US,1994-05-19,AFWTR,2026-02-02,92.25,80.99,410,359,0.0166,,EA,IMP
PEGASUS DEB,1994-029AGC,39929,DEB,,US,1994-05-19,AFWTR,,99.09,81.94,880,550,0.0123,,EA,ORB
PEGASUS DEB,1994-029AGD,39930,DEB,D,US,1994-05-19,AFWTR,2024-06-17,90.95,81.53,332,310,0.0145,,EA,IMP
PEGASUS DEB,1994-029AGE,39931,DEB,D,US,1994-05-19,AFWTR,2014-07-17,91.64,81.96,372,338,0.0090,,EA,IMP
PEGASUS DEB,1994-029AGF,39932,DEB,,US,1994-05-19,AFWTR,,100.65,81.82,1000,579,0.0148,,EA,ORB
PEGASUS DEB,1994-029AGG,40240,DEB,D,US,1994-05-19,AFWTR,2015-02-28,90.98,81.53,336,309,0.0134,,EA,IMP
PEGASUS DEB,1994-029AGH,40241,DEB,D,US,1994-05-19,AFWTR,2015-12-02,89.65,82.10,263,251,0.0091,,EA,IMP
PEGASUS DEB,1994-029AGJ,40242,DEB,,US,1994-05-19,AFWTR,,100.38,81.87,1004,549,0.0098,,EA,ORB
PEGASUS DEB,1994-029AGK,40243,DEB,D,US,1994-05-19,AFWTR,2024-10-29,90.44,81.89,323,269,0.0073,,EA,IMP
PEGASUS DEB,1994-029AGL,40244,DEB,D,US,1994-05-19,AFWTR,2026-07-22,92.54,81.88,417,381,0.0065,,EA,IMP
RESURS O1 DEB,1994-074AF,40650,DEB,D,CIS,1994-11-04,TYMSC,2020-10-05,91.88,98.05,374,359,0.0158,,EA,IMP
RESURS O1 DEB,1994-074AG,40669,DEB,D,CIS,1994-11-04,TYMSC,2015-09-20,90.17,98.10,290,276,0.0087,,EA,IMP
RESURS O1 DEB,1994-074AH,40670,DEB,D,CIS,1994-11-04,TYMSC,2015-07-24,93.19,98.12,435,426,0.0010,,EA,IMP
RESURS O1 DEB,1994-074AJ,40671,DEB,D,CIS,1994-11-04,TYMSC,2015-09-24,89.66,98.10,271,244,0.0025,,EA,IMP
SL-19 DEB,1994-085AA,40789,DEB,,CIS,1994-12-26,TYMSC,,117.28,64.75,1675,1443,0.0268,,EA,ORB
SL-19 DEB,1994-085AB,40790,DEB,D,CIS,1994-12-26,TYMSC,2016-05-13,116.39,64.87,2560,478,0.0249,,EA,IMP
SL-19 DEB,1994-085AC,40791,DEB,D,CIS,1994-12-26,TYMSC,2025-05-22,127.40,64.11,2612,1405,0.0379,,EA,IMP
SL-12 DEB,1994-076J,41675,DEB,,CIS,1994-11-20,TYMSC,,299.19,64.57,16329,551,0.5590,,EA,ORB
DMSP 5D-2 F12 DEB,1994-057F,41835,DEB,,US,1994-08-29,AFWTR,,100.75,98.93,808,780,0.3278,,EA,ORB
DMSP 5D-2 F12 DEB,1994-057G,43344,DEB,,US,1994-08-29,AFWTR,,99.72,98.96,751,739,,,EA,ORB
DMSP 5D-2 F12 DEB,1994-057H,43345,DEB,D,US,1994-08-29,AFWTR,2020-07-05,92.82,99.28,424,401,,,EA,IMP
DMSP 5D-2 F12 DEB,1994-057J,43346,DEB,D,US,1994-08-29,AFWTR,2020-03-31,92.32,99.41,412,365,,,EA,IMP
RESURS O1 DEB,1994-074AK,43347,DEB,D,CIS,1994-11-04,TYMSC,2022-12-02,94.61,97.98,506,493,,,EA,IMP
RESURS O1 DEB,1994-074AL,43348,DEB,D,CIS,1994-11-04,TYMSC,2022-10-27,92.64,97.98,416,392,,,EA,IMP
RESURS O1 DEB,1994-074AM,43349,DEB,D,CIS,1994-11-04,TYMSC,2022-07-14,93.00,98.02,434,409,,,EA,IMP
RESURS O1 DEB,1994-074AN,43350,DEB,D,CIS,1994-11-04,TYMSC,2022-07-20,92.40,97.98,398,386,,,EA,IMP
RESURS O1 DEB,1994-074AP,44577,DEB,D,CIS,1994-11-04,TYMSC,2022-10-20,94.04,98.06,477,467,,,EA,IMP
RESURS O1 DEB,1994-074AQ,44578,DEB,D,CIS,1994-11-04,TYMSC,2023-05-31,95.44,97.99,543,536,,,EA,IMP
RESURS O1 DEB,1994-074AR,44579,DEB,D,CIS,1994-11-04,TYMSC,2022-10-16,91.61,97.99,367,340,,,EA,IMP
RESURS O1 DEB,1994-074AS,44580,DEB,D,CIS,1994-11-04,TYMSC,2022-07-19,96.49,98.10,594,588,,,EA,IMP
RESURS O1 DEB,1994-074AT,44581,DEB,D,CIS,1994-11-04,TYMSC,2022-07-04,91.86,98.02,378,353,,,EA,IMP
LUCH DEB,1994-082G,44582,DEB,,CIS,1994-12-16,TYMSC,,1430.19,14.59,35757,35585,,,EA,ORB
RESURS O1 DEB,1994-074AU,46508,DEB,D,CIS,1994-11-04,TYMSC,2023-03-23,91.90,97.77,375,361,,,EA,IMP
RESURS O1 DEB,1994-074AV,46509,DEB,D,CIS,1994-11-04,TYMSC,2023-09-15,89.71,97.69,268,251,,,EA,IMP
RESURS O1 DEB,1994-074AW,46510,DEB,D,CIS,1994-11-04,TYMSC,2023-05-28,91.56,97.78,362,340,,,EA,IMP
RESURS O1 DEB,1994-074AX,46511,DEB,D,CIS,1994-11-04,TYMSC,2023-05-02,93.06,97.86,433,415,,,EA,IMP
RESURS O1 DEB,1994-074AY,46512,DEB,D,CIS,1994-11-04,TYMSC,2023-05-23,92.75,97.86,420,399,,,EA,IMP
RESURS O1 DEB,1994-074AZ,46513,DEB,D,CIS,1994-11-04,TYMSC,2022-12-28,95.65,97.90,552,548,,,EA,IMP
RESURS O1 DEB,1994-074BA,46514,DEB,D,CIS,1994-11-04,TYMSC,2023-06-03,92.82,97.86,423,402,,,EA,IMP
RESURS O1 DEB,1994-074BB,46515,DEB,D,CIS,1994-11-04,TYMSC,2023-03-14,91.24,97.87,345,326,,,EA,IMP
RESURS O1 DEB,1994-074BC,46516,DEB,D,CIS,1994-11-04,TYMSC,2022-12-21,95.49,97.85,548,536,,,EA,IMP
RESURS O1 DEB,1994-074BD,46873,DEB,D,CIS,1994-11-04,TYMSC,2023-06-16,90.58,97.96,320,286,,,EA,IMP
RESURS O1 DEB,1994-074BE,46874,DEB,D,CIS,1994-11-04,TYMSC,2023-08-26,93.30,97.76,442,430,,,EA,IMP
RESURS O1 DEB,1994-074BF,46875,DEB,D,CIS,1994-11-04,TYMSC,2023-02-09,90.94,97.81,328,313,,,EA,IMP
RESURS O1 DEB,1994-074BG,46876,DEB,D,CIS,1994-11-04,TYMSC,2023-03-07,93.01,97.85,428,416,,,EA,IMP
RESURS O1 DEB,1994-074BH,46877,DEB,D,CIS,1994-11-04,TYMSC,2023-03-05,91.45,97.88,354,337,,,EA,IMP
RESURS O1 DEB,1994-074BJ,46878,DEB,D,CIS,1994-11-04,TYMSC,2023-05-23,91.42,97.90,362,327,,,EA,IMP
RESURS O1 DEB,1994-074BK,46879,DEB,D,CIS,1994-11-04,TYMSC,2023-02-24,92.72,97.84,415,401,,,EA,IMP
RESURS O1 DEB,1994-074BL,46880,DEB,D,CIS,1994-11-04,TYMSC,2023-03-15,93.09,97.88,431,420,,,EA,IMP
RESURS O1 DEB,1994-074BM,46881,DEB,D,CIS,1994-11-04,TYMSC,2023-05-31,94.48,97.81,497,489,,,EA,IMP
RESURS O1 DEB,1994-074BN,46882,DEB,D,CIS,1994-11-04,TYMSC,2023-04-20,92.91,97.88,432,402,,,EA,IMP
RESURS O1 DEB,1994-074BP,46883,DEB,D,CIS,1994-11-04,TYMSC,2023-02-21,90.57,97.83,310,295,,,EA,IMP
RESURS O1 DEB,1994-074BQ,46884,DEB,D,CIS,1994-11-04,TYMSC,2023-03-15,93.49,97.91,456,435,,,EA,IMP
RESURS O1 DEB,1994-074BR,46885,DEB,D,CIS,1994-11-04,TYMSC,2023-06-04,90.39,97.86,308,279,,,EA,IMP
RESURS O1 DEB,1994-074BS,46886,DEB,D,CIS,1994-11-04,TYMSC,2023-01-31,90.79,97.82,321,306,,,EA,IMP
RESURS O1 DEB,1994-074BT,46887,DEB,D,CIS,1994-11-04,TYMSC,2023-04-22,90.17,97.90,297,268,,,EA,IMP
RESURS O1 DEB,1994-074BU,46888,DEB,D,CIS,1994-11-04,TYMSC,2023-04-06,93.15,97.85,435,422,,,EA,IMP
RESURS O1 DEB,1994-074BV,46889,DEB,D,CIS,1994-11-04,TYMSC,2023-03-15,93.57,97.85,455,444,,,EA,IMP
RESURS O1 DEB,1994-074BW,46890,DEB,D,CIS,1994-11-04,TYMSC,2022-09-22,96.83,97.82,617,597,,,EA,IMP
RESURS O1 DEB,1994-074BX,46891,DEB,D,CIS,1994-11-04,TYMSC,2023-11-03,90.32,97.93,298,282,,,EA,IMP
RESURS O1 DEB,1994-074BY,46892,DEB,D,CIS,1994-11-04,TYMSC,2023-07-28,95.57,97.90,547,546,,,EA,IMP
RESURS O1 DEB,1994-074BZ,46893,DEB,D,CIS,1994-11-04,TYMSC,2023-03-14,92.42,97.87,400,386,,,EA,IMP
RESURS O1 DEB,1994-074CA,46894,DEB,D,CIS,1994-11-04,TYMSC,2023-02-13,92.18,97.81,388,374,,,EA,IMP
RESURS O1 DEB,1994-074CB,46895,DEB,D,CIS,1994-11-04,TYMSC,2023-04-14,90.49,97.76,311,286,,,EA,IMP
RESURS O1 DEB,1994-074CC,46896,DEB,D,CIS,1994-11-04,TYMSC,2023-04-10,91.02,97.87,336,314,,,EA,IMP
RESURS O1 DEB,1994-074CD,46897,DEB,D,CIS,1994-11-04,TYMSC,2023-07-04,97.49,97.91,647,630,,,EA,IMP
RESURS O1 DEB,1994-074CE,46898,DEB,D,CIS,1994-11-04,TYMSC,2023-05-04,93.11,97.83,437,416,,,EA,IMP
RESURS O1 DEB,1994-074CF,46899,DEB,D,CIS,1994-11-04,TYMSC,2023-04-01,93.30,97.83,444,428,,,EA,IMP
RESURS O1 DEB,1994-074CG,46900,DEB,D,CIS,1994-11-04,TYMSC,2023-02-28,91.29,97.81,346,330,,,EA,IMP
RESURS O1 DEB,1994-074CH,46901,DEB,D,CIS,1994-11-04,TYMSC,2023-09-08,92.08,97.86,387,367,,,EA,IMP
RESURS O1 DEB,1994-074CJ,46902,DEB,D,CIS,1994-11-04,TYMSC,2023-06-18,89.70,97.88,272,247,,,EA,IMP
RESURS O1 DEB,1994-074CK,46903,DEB,D,CIS,1994-11-04,TYMSC,2023-04-25,92.63,97.84,412,395,,,EA,IMP
RESURS O1 DEB,1994-074CL,47198,DEB,D,CIS,1994-11-04,TYMSC,2023-01-01,93.66,97.82,458,449,,,EA,IMP
RESURS O1 DEB,1994-074CM,47199,DEB,D,CIS,1994-11-04,TYMSC,2023-03-15,93.83,97.86,469,454,,,EA,IMP
RESURS O1 DEB,1994-074CN,47200,DEB,D,CIS,1994-11-04,TYMSC,2023-04-27,95.79,97.95,563,550,,,EA,IMP
RESURS O1 DEB,1994-074CP,47201,DEB,D,CIS,1994-11-04,TYMSC,2023-04-20,93.66,97.90,463,444,,,EA,IMP
RESURS O1 DEB,1994-074CQ,47204,DEB,D,CIS,1994-11-04,TYMSC,2023-02-06,90.39,97.82,301,287,,,EA,IMP
RESURS O1 DEB,1994-074CR,47205,DEB,D,CIS,1994-11-04,TYMSC,2023-04-01,92.88,97.88,424,408,,,EA,IMP
RESURS O1 DEB,1994-074CS,47206,DEB,D,CIS,1994-11-04,TYMSC,2024-04-18,96.14,97.79,585,563,,,EA,IMP
RESURS O1 DEB,1994-074CT,47207,DEB,D,CIS,1994-11-04,TYMSC,2023-03-14,90.36,97.86,301,283,,,EA,IMP
RESURS O1 DEB,1994-074CU,47208,DEB,D,CIS,1994-11-04,TYMSC,2023-03-11,93.56,97.86,456,441,,,EA,IMP
RESURS O1 DEB,1994-074CV,47209,DEB,D,CIS,1994-11-04,TYMSC,2023-05-31,91.64,97.69,368,342,,,EA,IMP
RESURS O1 DEB,1994-074CW,47210,DEB,D,CIS,1994-11-04,TYMSC,2023-02-07,91.78,97.74,370,353,,,EA,IMP
RESURS O1 DEB,1994-074CX,47211,DEB,D,CIS,1994-11-04,TYMSC,2024-04-03,91.33,97.76,351,329,,,EA,IMP
RESURS O1 DEB,1994-074CY,47213,DEB,D,CIS,1994-11-04,TYMSC,2024-01-15,96.76,97.97,605,602,,,EA,IMP
RESURS O1 DEB,1994-074CZ,47214,DEB,D,CIS,1994-11-04,TYMSC,2023-12-27,89.68,97.82,263,255,,,EA,IMP
RESURS O1 DEB,1994-074DA,47215,DEB,D,CIS,1994-11-04,TYMSC,2023-04-05,92.09,97.87,387,367,,,EA,IMP
RESURS O1 DEB,1994-074DB,47216,DEB,D,CIS,1994-11-04,TYMSC,2023-02-24,96.19,97.91,580,573,,,EA,IMP
RESURS O1 DEB,1994-074DC,47217,DEB,D,CIS,1994-11-04,TYMSC,2024-03-09,96.14,97.91,578,569,,,EA,IMP
RESURS O1 DEB,1994-074DD,47218,DEB,D,CIS,1994-11-04,TYMSC,2023-03-15,93.94,97.80,472,463,,,EA,IMP
RESURS O1 DEB,1994-074DE,47219,DEB,D,CIS,1994-11-04,TYMSC,2023-02-03,94.25,97.92,483,481,,,EA,IMP
RESURS O1 DEB,1994-074DF,47220,DEB,D,CIS,1994-11-04,TYMSC,2023-03-15,93.81,97.88,467,454,,,EA,IMP
RESURS O1 DEB,1994-074DG,47221,DEB,D,CIS,1994-11-04,TYMSC,2023-06-30,92.43,97.88,403,384,,,EA,IMP
RESURS O1 DEB,1994-074DH,47222,DEB,D,CIS,1994-11-04,TYMSC,2021-05-07,97.47,97.98,660,616,,,EA,IMP
RESURS O1 DEB,1994-074DJ,47223,DEB,D,CIS,1994-11-04,TYMSC,2023-04-25,91.69,97.75,369,346,,,EA,IMP
RESURS O1 DEB,1994-074DK,47224,DEB,D,CIS,1994-11-04,TYMSC,2023-01-11,95.71,97.92,558,548,,,EA,IMP
RESURS O1 DEB,1994-074DL,47225,DEB,D,CIS,1994-11-04,TYMSC,2023-02-11,91.78,97.79,367,357,,,EA,IMP
RESURS O1 DEB,1994-074DM,47323,DEB,D,CIS,1994-11-04,TYMSC,2023-04-20,92.71,97.79,414,401,,,EA,IMP
RESURS O1 DEB,1994-074DN,47324,DEB,D,CIS,1994-11-04,TYMSC,2023-02-24,94.05,97.86,477,468,,,EA,IMP
RESURS O1 DEB,1994-074DP,47325,DEB,D,CIS,1994-11-04,TYMSC,2023-03-07,91.67,97.84,364,348,,,EA,IMP
RESURS O1 DEB,1994-074DQ,47326,DEB,D,CIS,1994-11-04,TYMSC,2023-04-18,91.51,97.89,362,334,,,EA,IMP
RESURS O1 DEB,1994-074DR,47327,DEB,D,CIS,1994-11-04,TYMSC,2023-02-16,93.21,97.82,439,425,,,EA,IMP
RESURS O1 DEB,1994-074DS,47328,DEB,D,CIS,1994-11-04,TYMSC,2023-02-09,93.81,97.86,464,458,,,EA,IMP
RESURS O1 DEB,1994-074DT,47329,DEB,D,CIS,1994-11-04,TYMSC,2023-03-14,92.90,97.86,423,410,,,EA,IMP
RESURS O1 DEB,1994-074DU,48493,DEB,D,CIS,1994-11-04,TYMSC,2023-07-04,93.22,97.93,441,424,,,EA,IMP
RESURS O1 DEB,1994-074DV,48494,DEB,D,CIS,1994-11-04,TYMSC,2023-02-16,93.02,97.83,426,419,,,EA,IMP
RESURS O1 DEB,1994-074DW,48495,DEB,D,CIS,1994-11-04,TYMSC,2023-04-27,93.44,97.88,450,436,,,EA,IMP
RESURS O1 DEB,1994-074DX,48496,DEB,D,CIS,1994-11-04,TYMSC,2023-02-25,96.59,97.92,602,589,,,EA,IMP
RESURS O1 DEB,1994-074DY,48497,DEB,D,CIS,1994-11-04,TYMSC,2023-06-16,95.82,97.90,559,557,,,EA,IMP
RESURS O1 DEB,1994-074DZ,48498,DEB,D,CIS,1994-11-04,TYMSC,2024-12-06,96.27,97.93,583,577,,,EA,IMP
RESURS O1 DEB,1994-074EA,48499,DEB,D,CIS,1994-11-04,TYMSC,2023-03-23,94.55,97.90,501,493,,,EA,IMP
RESURS O1 DEB,1994-074EB,48500,DEB,D,CIS,1994-11-04,TYMSC,2023-10-13,95.30,97.87,536,531,,,EA,IMP
RESURS O1 DEB,1994-074EC,48501,DEB,D,CIS,1994-11-04,TYMSC,2023-05-09,88.56,97.84,216,190,,,EA,IMP
RESURS O1 DEB,1994-074ED,48502,DEB,D,CIS,1994-11-04,TYMSC,2023-08-26,92.64,97.76,413,395,,,EA,IMP
RESURS O1 DEB,1994-074EE,48503,DEB,D,CIS,1994-11-04,TYMSC,2023-02-24,95.15,97.79,532,520,,,EA,IMP
RESURS O1 DEB,1994-074EF,48504,DEB,D,CIS,1994-11-04,TYMSC,2023-07-07,96.32,98.01,588,577,,,EA,IMP
RESURS O1 DEB,1994-074EG,48505,DEB,D,CIS,1994-11-04,TYMSC,2023-02-24,96.68,97.90,603,596,,,EA,IMP
RESURS O1 DEB,1994-074EH,48506,DEB,D,CIS,1994-11-04,TYMSC,2023-07-25,92.85,97.88,422,406,,,EA,IMP
RESURS O1 DEB,1994-074EJ,48507,DEB,D,CIS,1994-11-04,TYMSC,2023-03-23,94.58,97.90,506,491,,,EA,IMP
RESURS O1 DEB,1994-074EK,48508,DEB,D,CIS,1994-11-04,TYMSC,2023-06-08,96.34,97.88,589,578,,,EA,IMP
RESURS O1 DEB,1994-074EL,48509,DEB,D,CIS,1994-11-04,TYMSC,2023-03-14,94.11,97.91,485,466,,,EA,IMP
RESURS O1 DEB,1994-074EM,48510,DEB,D,CIS,1994-11-04,TYMSC,2023-04-06,93.33,97.81,443,432,,,EA,IMP
RESURS O1 DEB,1994-074EN,48511,DEB,D,CIS,1994-11-04,TYMSC,2022-12-28,95.41,97.86,543,534,,,EA,IMP
RESURS O1 DEB,1994-074EP,48512,DEB,D,CIS,1994-11-04,TYMSC,2023-04-20,93.80,97.89,466,454,,,EA,IMP
RESURS O1 DEB,1994-074EQ,48513,DEB,D,CIS,1994-11-04,TYMSC,2024-02-07,92.75,97.98,415,404,,,EA,IMP
RESURS O1 DEB,1994-074ER,48514,DEB,D,CIS,1994-11-04,TYMSC,2023-03-23,93.36,97.90,445,433,,,EA,IMP
RESURS O1 DEB,1994-074ES,48515,DEB,D,CIS,1994-11-04,TYMSC,2023-04-09,88.94,97.73,232,212,,,EA,IMP
RESURS O1 DEB,1994-074ET,48516,DEB,D,CIS,1994-11-04,TYMSC,2023-03-23,94.63,97.84,504,497,,,EA,IMP
RESURS O1 DEB,1994-074EU,49031,DEB,D,CIS,1994-11-04,TYMSC,2023-03-24,95.94,97.90,568,561,,,EA,IMP
RESURS O1 DEB,1994-074EV,49032,DEB,D,CIS,1994-11-04,TYMSC,2023-10-17,92.66,97.88,411,399,,,EA,IMP
RESURS O1 DEB,1994-074EW,49033,DEB,D,CIS,1994-11-04,TYMSC,2023-05-11,93.47,97.84,455,434,,,EA,IMP
RESURS O1 DEB,1994-074EX,49034,DEB,D,CIS,1994-11-04,TYMSC,2023-07-25,92.41,97.84,404,381,,,EA,IMP
RESURS O1 DEB,1994-074EY,49035,DEB,D,CIS,1994-11-04,TYMSC,2023-04-14,94.85,97.81,518,505,,,EA,IMP
RESURS O1 DEB,1994-074EZ,49036,DEB,D,CIS,1994-11-04,TYMSC,2023-04-27,96.13,97.89,578,569,,,EA,IMP
RESURS O1 DEB,1994-074FA,49037,DEB,D,CIS,1994-11-04,TYMSC,2023-12-08,95.66,97.89,561,541,,,EA,IMP
RESURS O1 DEB,1994-074FB,49038,DEB,D,CIS,1994-11-04,TYMSC,2023-03-16,93.02,97.89,428,417,,,EA,IMP
RESURS O1 DEB,1994-074FC,49224,DEB,D,CIS,1994-11-04,TYMSC,2024-04-18,96.08,97.85,572,570,,,EA,IMP
RESURS O1 DEB,1994-074FD,49225,DEB,D,CIS,1994-11-04,TYMSC,2023-06-08,93.18,97.84,440,420,,,EA,IMP
RESURS O1 DEB,1994-074FE,49226,DEB,D,CIS,1994-11-04,TYMSC,2023-05-11,95.48,97.87,545,538,,,EA,IMP
RESURS O1 DEB,1994-074FF,49227,DEB,D,CIS,1994-11-04,TYMSC,2023-08-08,92.96,97.91,430,408,,,EA,IMP
RESURS O1 DEB,1994-074FG,49228,DEB,D,CIS,1994-11-04,TYMSC,2023-04-19,93.73,97.88,463,451,,,EA,IMP
RESURS O1 DEB,1994-074FH,49229,DEB,D,CIS,1994-11-04,TYMSC,2023-04-06,95.45,97.68,546,534,,,EA,IMP
RESURS O1 DEB,1994-074FJ,49230,DEB,D,CIS,1994-11-04,TYMSC,2023-07-04,96.63,97.93,599,595,,,EA,IMP
RESURS O1 DEB,1994-074FK,49231,DEB,D,CIS,1994-11-04,TYMSC,2023-02-24,94.92,97.86,517,513,,,EA,IMP
RESURS O1 DEB,1994-074FL,49232,DEB,D,CIS,1994-11-04,TYMSC,2023-03-22,96.32,97.88,585,579,,,EA,IMP
RESURS O1 DEB,1994-074FM,49233,DEB,D,CIS,1994-11-04,TYMSC,2023-03-21,93.60,97.83,454,447,,,EA,IMP
RESURS O1 DEB,1994-074FN,49234,DEB,D,CIS,1994-11-04,TYMSC,2024-04-18,95.81,97.88,559,556,,,EA,IMP
RESURS O1 DEB,1994-074FP,49235,DEB,D,CIS,1994-11-04,TYMSC,2023-04-14,93.37,97.95,448,431,,,EA,IMP
RESURS O1 DEB,1994-074FQ,49236,DEB,D,CIS,1994-11-04,TYMSC,2023-04-04,91.54,97.83,359,341,,,EA,IMP
RESURS O1 DEB,1994-074FR,49237,DEB,D,CIS,1994-11-04,TYMSC,2023-02-15,92.33,97.84,394,383,,,EA,IMP
RESURS O1 DEB,1994-074FS,49238,DEB,D,CIS,1994-11-04,TYMSC,2023-08-22,92.89,97.88,425,407,,,EA,IMP
RESURS O1 DEB,1994-074FT,49239,DEB,D,CIS,1994-11-04,TYMSC,2023-10-27,96.31,97.89,584,580,,,EA,IMP
RESURS O1 DEB,1994-074FU,49240,DEB,D,CIS,1994-11-04,TYMSC,2023-02-24,93.72,97.87,461,452,,,EA,IMP
RESURS O1 DEB,1994-074FV,49241,DEB,D,CIS,1994-11-04,TYMSC,2023-04-14,95.79,97.87,565,549,,,EA,IMP
RESURS O1 DEB,1994-074FW,49242,DEB,D,CIS,1994-11-04,TYMSC,2022-08-26,96.23,97.85,593,562,,,EA,IMP
RESURS O1 DEB,1994-074FX,49243,DEB,D,CIS,1994-11-04,TYMSC,2023-04-06,96.27,97.92,581,579,,,EA,IMP
RESURS O1 DEB,1994-074FY,49244,DEB,D,CIS,1994-11-04,TYMSC,2023-04-06,94.97,97.88,520,514,,,EA,IMP
RESURS O1 DEB,1994-074FZ,49245,DEB,D,CIS,1994-11-04,TYMSC,2023-02-06,97.17,97.93,626,620,,,EA,IMP
RESURS O1 DEB,1994-074GA,49246,DEB,D,CIS,1994-11-04,TYMSC,2023-07-01,92.63,97.91,414,393,,,EA,IMP
RESURS O1 DEB,1994-074GB,49507,DEB,D,CIS,1994-11-04,TYMSC,2023-02-24,93.92,97.88,469,464,,,EA,IMP
RESURS O1 DEB,1994-074GC,49508,DEB,D,CIS,1994-11-04,TYMSC,2023-05-16,95.18,97.83,530,525,,,EA,IMP
RESURS O1 DEB,1994-074GD,49509,DEB,D,CIS,1994-11-04,TYMSC,2023-04-06,94.86,97.86,514,509,,,EA,IMP
RESURS O1 DEB,1994-074GE,49510,DEB,D,CIS,1994-11-04,TYMSC,2024-02-16,95.96,97.90,567,563,,,EA,IMP
RESURS O1 DEB,1994-074GF,49511,DEB,D,CIS,1994-11-04,TYMSC,2023-02-03,93.55,97.84,453,443,,,EA,IMP
RESURS O1 DEB,1994-074GG,49512,DEB,D,CIS,1994-11-04,TYMSC,2023-04-06,95.23,97.87,534,526,,,EA,IMP
RESURS O1 DEB,1994-074GH,49513,DEB,D,CIS,1994-11-04,TYMSC,2023-04-12,92.53,97.92,406,392,,,EA,IMP
RESURS O1 DEB,1994-074GJ,49514,DEB,D,CIS,1994-11-04,TYMSC,2023-05-04,93.77,97.87,465,453,,,EA,IMP
RESURS O1 DEB,1994-074GK,49515,DEB,D,CIS,1994-11-04,TYMSC,2023-04-14,94.14,97.89,478,476,,,EA,IMP
RESURS O1 DEB,1994-074GL,50136,DEB,D,CIS,1994-11-04,TYMSC,2023-05-11,92.38,97.93,402,380,,,EA,IMP
RESURS O1 DEB,1994-074GM,50137,DEB,D,CIS,1994-11-04,TYMSC,2023-10-21,96.29,97.91,586,576,,,EA,IMP
RESURS O1 DEB,1994-074GN,50138,DEB,D,CIS,1994-11-04,TYMSC,2023-04-14,94.87,97.91,516,509,,,EA,IMP
RESURS O1 DEB,1994-074GP,50139,DEB,D,CIS,1994-11-04,TYMSC,2023-08-17,96.67,97.90,601,598,,,EA,IMP
