OBJECT_NAME,OBJECT_ID,NORAD_CAT_ID,OBJECT_TYPE,OPS_STATUS_CODE,OWNER,LAUNCH_DATE,LAUNCH_SITE,DECAY_DATE,PERIOD,INCLINATION,APOGEE,PERIGEE,RCS,DATA_STATUS_CODE,ORBIT_CENTER,ORBIT_TYPE
COSMOS 52,1965-001A,968,PAY,D,CIS,1965-01-11,TYMSC,1965-01-19,89.41,64.99,288,203,,,EA,IMP
SL-3 R/B,1965-001B,969,R/B,D,CIS,1965-01-11,TYMSC,1965-01-29,87.73,64.99,162,162,,,EA,IMP
SL-3 DEB,1965-001C,970,DEB,D,CIS,1965-01-11,TYMSC,1965-01-13,89.28,64.95,298,180,,,EA,IMP
SL-3 DEB,1965-001D,971,DEB,D,CIS,1965-01-11,TYMSC,1965-01-14,89.40,65.06,282,208,,,EA,IMP
OPS 3928,1965-002A,972,PAY,D,US,1965-01-15,AFWTR,1965-02-09,88.22,74.97,219,154,,,EA,IMP
OPS 7040,1965-003A,973,PAY,D,US,1965-01-19,AFWTR,1979-07-13,87.62,98.65,161,152,2.0399,,EA,IMP
OPS 7040 DEB,1965-003B,974,DEB,D,US,1965-01-19,AFWTR,1965-06-17,92.98,98.83,465,375,,,EA,IMP
OPS 7040 DEB,1965-003C,975,DEB,D,US,1965-01-19,AFWTR,1965-07-09,92.56,98.77,431,369,,,EA,IMP
TIROS 9,1965-004A,978,PAY,-,US,1965-01-22,AFETR,,118.90,96.41,2558,705,0.7610,,EA,ORB
DELTA 1 R/B,1965-004B,979,R/B,,US,1965-01-22,AFETR,,118.47,96.41,2522,702,0.4690,,EA,ORB
OPS 4703,1965-005A,980,PAY,D,US,1965-01-23,AFWTR,1965-01-29,88.79,102.55,288,141,,,EA,IMP
ATLAS AGENA D R/B,1965-005B,981,R/B,D,US,1965-01-23,AFWTR,1965-01-25,88.04,102.54,213,142,,,EA,IMP
OPS 3928 DEB,1965-002B,982,DEB,D,US,1965-01-15,AFWTR,1965-01-30,,,,,,,EA,IMP
COSMOS 53,1965-006A,983,PAY,D,CIS,1965-01-30,KYMSC,1966-08-12,88.14,48.64,214,151,,,EA,IMP
SL-7 R/B,1965-006B,984,R/B,D,CIS,1965-01-30,KYMSC,1966-01-11,90.39,48.67,388,200,,,EA,IMP
SL-7 DEB,1965-006C,985,DEB,D,CIS,1965-01-30,KYMSC,1965-03-05,95.08,48.70,828,217,,,EA,IMP
SL-7 DEB,1965-006D,986,DEB,D,CIS,1965-01-30,KYMSC,1965-03-04,93.51,48.60,712,181,,,EA,IMP
OSO 2,1965-007A,987,PAY,D,US,1965-02-03,AFETR,1989-08-09,87.43,32.82,148,146,2.4324,,EA,IMP
DELTA 1 R/B,1965-007B,988,R/B,D,US,1965-02-03,AFETR,1977-09-11,88.47,32.86,203,195,0.7983,,EA,IMP
TITAN 3A DEB [TRUSS],1965-008B,1000,DEB,,US,1965-02-11,AFETR,,145.62,32.14,2800,2781,3.0959,,EA,ORB
TITAN 3A TRANSTAGE R/B,1965-008A,1001,R/B,,US,1965-02-11,AFETR,,145.35,32.15,2795,2764,10.6452,,EA,ORB
LES-1,1965-008C,1002,PAY,,US,1965-02-11,AFETR,,145.70,32.14,2808,2780,0.6539,,EA,ORB
PEGASUS 1,1965-009A,1085,PAY,D,US,1965-02-16,AFETR,1978-09-17,87.68,31.72,176,143,,,EA,IMP
RANGER 8,1965-010A,1086,PAY,D,US,1965-02-17,AFETR,1965-02-20,,,,,,NIE,MO,IMP
ATLAS AGENA B R/B,1965-010B,1087,R/B,,US,1965-02-17,AFETR,,,,,,0.0087,NEA,EM,ORB
APOLLO MODEL 3,1965-009B,1088,PAY,D,US,1965-02-16,AFETR,1985-07-10,87.67,31.72,161,157,35.7812,,EA,IMP
COSMOS 54,1965-011A,1089,PAY,D,CIS,1965-02-21,TYMSC,1968-09-15,88.10,55.96,197,164,,,EA,IMP
COSMOS 55,1965-011B,1090,PAY,D,CIS,1965-02-21,TYMSC,1968-02-02,88.94,55.98,261,183,,,EA,IMP
COSMOS 56,1965-011C,1091,PAY,D,CIS,1965-02-21,TYMSC,1967-11-02,88.23,55.96,207,167,,,EA,IMP
SL-8 R/B,1965-011D,1092,R/B,D,CIS,1965-02-21,TYMSC,1969-12-23,88.02,55.97,192,161,,,EA,IMP
COSMOS 57,1965-012A,1093,PAY,D,CIS,1965-02-22,TYMSC,1965-02-22,,,,,,,EA,IMP
SL-8 DEB,1965-011E,1094,DEB,D,CIS,1965-02-21,TYMSC,1966-04-08,94.78,56.00,774,242,,,EA,IMP
SL-4 R/B,1965-012B,1095,R/B,D,CIS,1965-02-22,TYMSC,1965-03-05,89.43,64.74,341,152,,,EA,IMP
OPS 4782,1965-013A,1096,PAY,D,US,1965-02-25,AFWTR,1965-03-18,89.37,75.07,307,180,,,EA,IMP
COSMOS 58,1965-014A,1097,PAY,D,CIS,1965-02-26,TYMSC,1990-02-25,87.35,64.96,145,142,12.3545,,EA,IMP
SL-3 R/B,1965-014B,1098,R/B,D,CIS,1965-02-26,TYMSC,1988-07-25,87.32,64.98,149,134,10.2837,,EA,IMP
COSMOS 57 DEB,1965-012C,1100,DEB,D,CIS,1965-02-22,TYMSC,1965-03-09,89.81,64.85,384,146,,,EA,IMP
COSMOS 57 DEB,1965-012D,1101,DEB,D,CIS,1965-02-22,TYMSC,1965-03-02,90.13,64.98,405,157,,,EA,IMP
COSMOS 57 DEB,1965-012E,1102,DEB,D,CIS,1965-02-22,TYMSC,1965-02-26,87.67,64.75,179,138,,,EA,IMP
COSMOS 57 DEB,1965-012F,1103,DEB,D,CIS,1965-02-22,TYMSC,1965-03-02,88.35,64.60,218,168,,,EA,IMP
COSMOS 57 DEB,1965-012G,1104,DEB,D,CIS,1965-02-22,TYMSC,1965-03-10,90.62,64.73,455,155,,,EA,IMP
COSMOS 57 DEB,1965-012H,1105,DEB,D,CIS,1965-02-22,TYMSC,1965-02-26,87.64,64.89,191,124,,,EA,IMP
COSMOS 57 DEB,1965-012J,1106,DEB,D,CIS,1965-02-22,TYMSC,1965-03-02,88.46,64.74,227,170,,,EA,IMP
COSMOS 57 DEB,1965-012K,1107,DEB,D,CIS,1965-02-22,TYMSC,1965-02-25,87.87,64.75,219,119,,,EA,IMP
COSMOS 57 DEB,1965-012L,1108,DEB,D,CIS,1965-02-22,TYMSC,1965-03-01,88.95,64.70,268,177,,,EA,IMP
COSMOS 57 DEB,1965-012M,1109,DEB,D,CIS,1965-02-22,TYMSC,1965-02-26,87.50,64.75,158,143,,,EA,IMP
COSMOS 57 DEB,1965-012N,1110,DEB,D,CIS,1965-02-22,TYMSC,1965-02-27,88.02,64.70,211,141,,,EA,IMP
COSMOS 57 DEB,1965-012P,1111,DEB,D,CIS,1965-02-22,TYMSC,1965-03-02,89.24,64.95,316,158,,,EA,IMP
COSMOS 57 DEB,1965-012Q,1112,DEB,D,CIS,1965-02-22,TYMSC,1965-03-01,88.07,64.60,247,111,,,EA,IMP
COSMOS 57 DEB,1965-012R,1113,DEB,D,CIS,1965-02-22,TYMSC,1965-02-25,88.36,64.64,226,160,,,EA,IMP
COSMOS 57 DEB,1965-012S,1114,DEB,D,CIS,1965-02-22,TYMSC,1965-03-03,88.21,64.67,265,106,,,EA,IMP
COSMOS 57 DEB,1965-012T,1115,DEB,D,CIS,1965-02-22,TYMSC,1965-02-27,89.20,64.83,340,131,,,EA,IMP
COSMOS 57 DEB,1965-012U,1116,DEB,D,CIS,1965-02-22,TYMSC,1965-03-04,89.31,64.73,338,142,,,EA,IMP
COSMOS 57 DEB,1965-012V,1117,DEB,D,CIS,1965-02-22,TYMSC,1965-03-01,89.06,64.78,297,160,,,EA,IMP
COSMOS 57 DEB,1965-012W,1118,DEB,D,CIS,1965-02-22,TYMSC,1965-03-01,88.55,64.95,258,148,,,EA,IMP
COSMOS 57 DEB,1965-012X,1119,DEB,D,CIS,1965-02-22,TYMSC,1965-03-01,88.70,64.73,288,133,,,EA,IMP
COSMOS 57 DEB,1965-012Y,1120,DEB,D,CIS,1965-02-22,TYMSC,1965-03-02,89.67,64.74,317,199,,,EA,IMP
COSMOS 57 DEB,1965-012Z,1121,DEB,D,CIS,1965-02-22,TYMSC,1965-03-01,88.53,65.20,217,187,,,EA,IMP
COSMOS 57 DEB,1965-012AA,1122,DEB,D,CIS,1965-02-22,TYMSC,1965-03-01,89.03,64.68,336,117,,,EA,IMP
COSMOS 57 DEB,1965-012AB,1123,DEB,D,CIS,1965-02-22,TYMSC,1965-02-27,87.50,64.84,214,87,,,EA,IMP
COSMOS 57 DEB,1965-012AC,1124,DEB,D,CIS,1965-02-22,TYMSC,1965-03-02,89.36,65.00,329,157,,,EA,IMP
COSMOS 57 DEB,1965-012AD,1125,DEB,D,CIS,1965-02-22,TYMSC,1965-03-02,88.14,65.14,218,147,,,EA,IMP
COSMOS 57 DEB,1965-012AE,1126,DEB,D,CIS,1965-02-22,TYMSC,1965-03-01,,,,,,NIE,EA,IMP
COSMOS 57 DEB,1965-012AF,1127,DEB,D,CIS,1965-02-22,TYMSC,1965-02-28,,,,,,NIE,EA,IMP
COSMOS 57 DEB,1965-012AG,1128,DEB,D,CIS,1965-02-22,TYMSC,1965-03-05,,,,,,,EA,IMP
COSMOS 57 DEB,1965-012AH,1129,DEB,D,CIS,1965-02-22,TYMSC,1965-03-05,,,,,,,EA,IMP
COSMOS 57 DEB,1965-012AJ,1130,DEB,D,CIS,1965-02-22,TYMSC,1965-03-11,90.13,64.83,403,159,,,EA,IMP
COSMOS 57 DEB,1965-012AK,1131,DEB,D,CIS,1965-02-22,TYMSC,1965-03-07,90.57,64.73,451,154,,,EA,IMP
COSMOS 57 DEB,1965-012AL,1132,DEB,D,CIS,1965-02-22,TYMSC,1965-03-07,90.64,64.67,560,52,,,EA,IMP
COSMOS 57 DEB,1965-012AM,1133,DEB,D,CIS,1965-02-22,TYMSC,1965-03-21,90.64,64.82,445,167,,,EA,IMP
COSMOS 57 DEB,1965-012AN,1134,DEB,D,CIS,1965-02-22,TYMSC,1965-03-19,90.88,64.61,478,158,,,EA,IMP
COSMOS 57 DEB,1965-012AP,1135,DEB,D,CIS,1965-02-22,TYMSC,1965-03-12,90.11,64.66,404,155,,,EA,IMP
COSMOS 57 DEB,1965-012AQ,1136,DEB,D,CIS,1965-02-22,TYMSC,1965-03-17,90.36,64.75,429,155,,,EA,IMP
COSMOS 57 DEB,1965-012AR,1137,DEB,D,CIS,1965-02-22,TYMSC,1965-03-09,91.08,64.89,474,181,,,EA,IMP
COSMOS 57 DEB,1965-012AS,1138,DEB,D,CIS,1965-02-22,TYMSC,1965-03-08,,,,,,,EA,IMP
COSMOS 57 DEB,1965-012AT,1139,DEB,D,CIS,1965-02-22,TYMSC,1965-03-10,,,,,,,EA,IMP
COSMOS 57 DEB,1965-012AU,1140,DEB,D,CIS,1965-02-22,TYMSC,1965-03-25,90.02,64.77,413,138,,,EA,IMP
COSMOS 57 DEB,1965-012AV,1141,DEB,D,CIS,1965-02-22,TYMSC,1965-03-10,90.78,64.68,448,177,,,EA,IMP
COSMOS 57 DEB,1965-012AW,1142,DEB,D,CIS,1965-02-22,TYMSC,1965-03-14,90.27,64.81,426,149,,,EA,IMP
COSMOS 57 DEB,1965-012AX,1143,DEB,D,CIS,1965-02-22,TYMSC,1965-03-20,91.64,64.62,579,132,,,EA,IMP
COSMOS 57 DEB,1965-012AY,1144,DEB,D,CIS,1965-02-22,TYMSC,1965-03-21,90.48,64.70,454,142,,,EA,IMP
COSMOS 57 DEB,1965-012AZ,1145,DEB,D,CIS,1965-02-22,TYMSC,1965-03-21,90.28,64.71,412,164,,,EA,IMP
COSMOS 57 DEB,1965-012BA,1146,DEB,D,CIS,1965-02-22,TYMSC,1965-03-17,90.43,64.95,445,146,,,EA,IMP
COSMOS 57 DEB,1965-012BB,1147,DEB,D,CIS,1965-02-22,TYMSC,1965-03-17,91.01,64.67,478,170,,,EA,IMP
COSMOS 57 DEB,1965-012BC,1148,DEB,D,CIS,1965-02-22,TYMSC,1965-03-11,,,,,,,EA,IMP
COSMOS 57 DEB,1965-012BD,1149,DEB,D,CIS,1965-02-22,TYMSC,1965-03-19,,,,,,,EA,IMP
COSMOS 57 DEB,1965-012BE,1150,DEB,D,CIS,1965-02-22,TYMSC,1965-03-17,89.79,65.05,382,146,,,EA,IMP
COSMOS 57 DEB,1965-012BF,1151,DEB,D,CIS,1965-02-22,TYMSC,1965-03-10,,,,,,,EA,IMP
COSMOS 57 DEB,1965-012BG,1152,DEB,D,CIS,1965-02-22,TYMSC,1965-03-16,90.76,64.67,473,151,,,EA,IMP
COSMOS 57 DEB,1965-012BH,1153,DEB,D,CIS,1965-02-22,TYMSC,1965-03-07,90.32,64.89,415,165,,,EA,IMP
COSMOS 57 DEB,1965-012BJ,1154,DEB,D,CIS,1965-02-22,TYMSC,1965-03-07,90.75,64.81,469,153,,,EA,IMP
COSMOS 57 DEB,1965-012BK,1155,DEB,D,CIS,1965-02-22,TYMSC,1965-03-07,89.86,64.84,382,153,,,EA,IMP
COSMOS 57 DEB,1965-012BL,1156,DEB,D,CIS,1965-02-22,TYMSC,1965-03-18,91.11,64.66,487,171,,,EA,IMP
COSMOS 57 DEB,1965-012BM,1157,DEB,D,CIS,1965-02-22,TYMSC,1965-03-13,90.20,64.68,379,189,,,EA,IMP
COSMOS 57 DEB,1965-012BN,1158,DEB,D,CIS,1965-02-22,TYMSC,1965-03-04,89.18,64.85,315,153,,,EA,IMP
COSMOS 57 DEB,1965-012BP,1159,DEB,D,CIS,1965-02-22,TYMSC,1965-03-18,90.39,64.42,444,143,,,EA,IMP
COSMOS 57 DEB,1965-012BQ,1160,DEB,D,CIS,1965-02-22,TYMSC,1965-03-04,,,,,,NIE,EA,IMP
COSMOS 57 DEB,1965-012BR,1161,DEB,D,CIS,1965-02-22,TYMSC,1965-03-05,,,,,,NIE,EA,IMP
COSMOS 57 DEB,1965-012BS,1162,DEB,D,CIS,1965-02-22,TYMSC,1965-03-25,92.31,64.67,621,154,,,EA,IMP
COSMOS 57 DEB,1965-012BT,1163,DEB,D,CIS,1965-02-22,TYMSC,1965-03-05,,,,,,NIE,EA,IMP
COSMOS 57 DEB,1965-012BU,1164,DEB,D,CIS,1965-02-22,TYMSC,1965-03-13,89.35,64.69,298,186,,,EA,IMP
COSMOS 57 DEB,1965-012BV,1165,DEB,D,CIS,1965-02-22,TYMSC,1965-03-09,89.36,64.94,302,184,,,EA,IMP
COSMOS 57 DEB,1965-012BW,1166,DEB,D,CIS,1965-02-22,TYMSC,1965-03-07,88.90,64.59,291,149,,,EA,IMP
COSMOS 57 DEB,1965-012BX,1167,DEB,D,CIS,1965-02-22,TYMSC,1965-03-20,91.14,64.74,493,168,,,EA,IMP
COSMOS 57 DEB,1965-012BY,1168,DEB,D,CIS,1965-02-22,TYMSC,1965-03-06,89.34,64.61,370,113,,,EA,IMP
COSMOS 57 DEB,1965-012BZ,1169,DEB,D,CIS,1965-02-22,TYMSC,1965-03-05,,,,,,NIE,EA,IMP
COSMOS 57 DEB,1965-012CA,1170,DEB,D,CIS,1965-02-22,TYMSC,1965-03-04,88.64,65.15,279,135,,,EA,IMP
COSMOS 57 DEB,1965-012CB,1171,DEB,D,CIS,1965-02-22,TYMSC,1965-03-05,,,,,,NIE,EA,IMP
COSMOS 57 DEB,1965-012CC,1172,DEB,D,CIS,1965-02-22,TYMSC,1965-03-05,,,,,,NIE,EA,IMP
COSMOS 57 DEB,1965-012CD,1173,DEB,D,CIS,1965-02-22,TYMSC,1965-03-04,88.38,64.93,236,153,,,EA,IMP
COSMOS 57 DEB,1965-012CE,1174,DEB,D,CIS,1965-02-22,TYMSC,1965-03-22,90.68,64.78,452,163,,,EA,IMP
COSMOS 57 DEB,1965-012CF,1175,DEB,D,CIS,1965-02-22,TYMSC,1965-03-05,,,,,,NIE,EA,IMP
COSMOS 57 DEB,1965-012CG,1176,DEB,D,CIS,1965-02-22,TYMSC,1965-03-05,,,,,,NIE,EA,IMP
COSMOS 57 DEB,1965-012CH,1177,DEB,D,CIS,1965-02-22,TYMSC,1965-03-27,91.11,64.80,492,166,,,EA,IMP
COSMOS 57 DEB,1965-012CJ,1178,DEB,D,CIS,1965-02-22,TYMSC,1965-03-05,,,,,,NIE,EA,IMP
COSMOS 57 DEB,1965-012CK,1179,DEB,D,CIS,1965-02-22,TYMSC,1965-03-16,91.32,64.77,501,177,,,EA,IMP
COSMOS 57 DEB,1965-012CL,1180,DEB,D,CIS,1965-02-22,TYMSC,1965-03-06,,,,,,NIE,EA,IMP
COSMOS 57 DEB,1965-012CM,1181,DEB,D,CIS,1965-02-22,TYMSC,1965-03-11,89.53,64.75,348,154,,,EA,IMP
COSMOS 57 DEB,1965-012CN,1182,DEB,D,CIS,1965-02-22,TYMSC,1965-03-07,91.67,64.57,514,199,,,EA,IMP
COSMOS 57 DEB,1965-012CP,1183,DEB,D,CIS,1965-02-22,TYMSC,1965-03-08,88.67,64.68,279,139,,,EA,IMP
COSMOS 57 DEB,1965-012CQ,1184,DEB,D,CIS,1965-02-22,TYMSC,1965-03-07,89.01,64.87,295,156,,,EA,IMP
COSMOS 57 DEB,1965-012CR,1185,DEB,D,CIS,1965-02-22,TYMSC,1965-03-11,89.56,64.79,345,161,,,EA,IMP
COSMOS 57 DEB,1965-012CS,1186,DEB,D,CIS,1965-02-22,TYMSC,1965-03-01,,,,,,,EA,IMP
COSMOS 57 DEB,1965-012CT,1187,DEB,D,CIS,1965-02-22,TYMSC,1965-03-01,89.20,64.60,332,137,,,EA,IMP
COSMOS 57 DEB,1965-012CU,1188,DEB,D,CIS,1965-02-22,TYMSC,1965-03-01,89.56,64.81,368,137,,,EA,IMP
COSMOS 57 DEB,1965-012CV,1189,DEB,D,CIS,1965-02-22,TYMSC,1965-03-08,,,,,,NIE,EA,IMP
COSMOS 57 DEB,1965-012CW,1190,DEB,D,CIS,1965-02-22,TYMSC,1965-03-01,89.94,63.86,423,120,,,EA,IMP
COSMOS 59,1965-015A,1191,PAY,D,CIS,1965-03-07,TYMSC,1965-03-15,89.79,64.98,323,206,,,EA,IMP
SL-3 R/B,1965-015B,1192,R/B,D,CIS,1965-03-07,TYMSC,1965-03-19,88.75,65.00,239,186,,,EA,IMP
OPS 4782 DEB,1965-013B,1193,DEB,D,US,1965-02-25,AFWTR,1965-03-10,88.92,75.06,275,167,,,EA,IMP
COSMOS 57 DEB,1965-012CX,1194,DEB,D,CIS,1965-02-22,TYMSC,1965-03-16,90.43,64.70,405,186,,,EA,IMP
COSMOS 57 DEB,1965-012CY,1195,DEB,D,CIS,1965-02-22,TYMSC,1965-03-09,90.25,64.77,400,173,,,EA,IMP
COSMOS 57 DEB,1965-012CZ,1196,DEB,D,CIS,1965-02-22,TYMSC,1965-03-09,91.20,64.77,491,175,,,EA,IMP
COSMOS 57 DEB,1965-012DA,1197,DEB,D,CIS,1965-02-22,TYMSC,1965-03-21,90.52,64.81,465,135,,,EA,IMP
COSMOS 57 DEB,1965-012DB,1198,DEB,D,CIS,1965-02-22,TYMSC,1965-03-04,89.75,64.64,387,137,,,EA,IMP
COSMOS 57 DEB,1965-012DC,1199,DEB,D,CIS,1965-02-22,TYMSC,1965-03-17,91.36,64.70,508,174,,,EA,IMP
COSMOS 57 DEB,1965-012DD,1200,DEB,D,CIS,1965-02-22,TYMSC,1965-03-11,,,,,,NIE,EA,IMP
COSMOS 57 DEB,1965-012DE,1201,DEB,D,CIS,1965-02-22,TYMSC,1965-03-04,,,,,,NIE,EA,IMP
COSMOS 57 DEB,1965-012DF,1202,DEB,D,CIS,1965-02-22,TYMSC,1965-03-09,90.24,64.77,411,161,,,EA,IMP
COSMOS 57 DEB,1965-012DG,1203,DEB,D,CIS,1965-02-22,TYMSC,1965-03-14,89.23,64.78,325,148,,,EA,IMP
COSMOS 57 DEB,1965-012DH,1204,DEB,D,CIS,1965-02-22,TYMSC,1965-03-15,89.76,64.64,367,158,,,EA,IMP
COSMOS 57 DEB,1965-012DJ,1205,DEB,D,CIS,1965-02-22,TYMSC,1965-03-16,90.48,64.64,478,118,,,EA,IMP
COSMOS 57 DEB,1965-012DK,1206,DEB,D,CIS,1965-02-22,TYMSC,1965-03-09,90.03,64.73,394,158,,,EA,IMP
SL-3 DEB,1965-015C,1207,DEB,D,CIS,1965-03-07,TYMSC,1965-03-10,,,,,,,EA,IMP
SECOR 3,1965-016E,1208,PAY,,US,1965-03-09,AFWTR,,103.15,70.08,922,892,0.1934,,EA,ORB
COSMOS 57 DEB,1965-012DL,1209,DEB,D,CIS,1965-02-22,TYMSC,1965-03-11,91.40,65.28,449,238,,,EA,IMP
COSMOS 57 DEB,1965-012DM,1210,DEB,D,CIS,1965-02-22,TYMSC,1965-03-04,90.94,64.75,473,168,,,EA,IMP
COSMOS 57 DEB,1965-012DN,1211,DEB,D,CIS,1965-02-22,TYMSC,1965-03-16,91.02,64.88,486,163,,,EA,IMP
COSMOS 57 DEB,1965-012DP,1212,DEB,D,CIS,1965-02-22,TYMSC,1965-03-12,,,,,,,EA,IMP
COSMOS 57 DEB,1965-012DQ,1213,DEB,D,CIS,1965-02-22,TYMSC,1965-03-14,90.10,65.04,412,147,,,EA,IMP
COSMOS 57 DEB,1965-012DR,1214,DEB,D,CIS,1965-02-22,TYMSC,1965-03-20,90.09,64.83,394,164,,,EA,IMP
COSMOS 57 DEB,1965-012DS,1215,DEB,D,CIS,1965-02-22,TYMSC,1965-03-16,90.25,64.79,409,164,,,EA,IMP
COSMOS 57 DEB,1965-012DT,1216,DEB,D,CIS,1965-02-22,TYMSC,1965-03-17,89.95,64.75,391,154,,,EA,IMP
COSMOS 57 DEB,1965-012DU,1217,DEB,D,CIS,1965-02-22,TYMSC,1965-03-28,91.40,64.76,504,182,,,EA,IMP
COSMOS 57 DEB,1965-012DV,1218,DEB,D,CIS,1965-02-22,TYMSC,1965-03-20,,,,,,,EA,IMP
COSMOS 57 DEB,1965-012DW,1219,DEB,D,CIS,1965-02-22,TYMSC,1965-03-14,89.85,64.85,379,155,,,EA,IMP
COSMOS 57 DEB,1965-012DX,1220,DEB,D,CIS,1965-02-22,TYMSC,1965-03-12,89.78,64.82,373,154,,,EA,IMP
COSMOS 57 DEB,1965-012DY,1221,DEB,D,CIS,1965-02-22,TYMSC,1965-03-18,,,,,,,EA,IMP
COSMOS 57 DEB,1965-012DZ,1222,DEB,D,CIS,1965-02-22,TYMSC,1965-03-12,90.69,64.38,396,221,,,EA,IMP
COSMOS 57 DEB,1965-012EA,1223,DEB,D,CIS,1965-02-22,TYMSC,1965-03-31,92.72,64.63,678,138,,,EA,IMP
COSMOS 57 DEB,1965-012EB,1224,DEB,D,CIS,1965-02-22,TYMSC,1965-03-16,,,,,,,EA,IMP
COSMOS 57 DEB,1965-012EC,1225,DEB,D,CIS,1965-02-22,TYMSC,1965-03-14,89.76,64.70,362,163,,,EA,IMP
COSMOS 57 DEB,1965-012ED,1226,DEB,D,CIS,1965-02-22,TYMSC,1965-03-18,89.36,64.83,315,171,,,EA,IMP
COSMOS 57 DEB,1965-012EE,1227,DEB,D,CIS,1965-02-22,TYMSC,1965-03-11,,,,,,NIE,EA,IMP
THOR ABLESTAR R/B,1965-017C,1228,R/B,D,US,1965-03-11,AFWTR,1967-09-04,88.10,89.97,192,169,,,EA,IMP
COSMOS 57 DEB,1965-012EF,1229,DEB,D,CIS,1965-02-22,TYMSC,1965-03-29,91.24,64.77,512,159,,,EA,IMP
COSMOS 57 DEB,1965-012EG,1230,DEB,D,CIS,1965-02-22,TYMSC,1965-03-13,,,,,,NIE,EA,IMP
COSMOS 57 DEB,1965-012EH,1231,DEB,D,CIS,1965-02-22,TYMSC,1965-03-17,,,,,,NIE,EA,IMP
COSMOS 57 DEB,1965-012EJ,1232,DEB,D,CIS,1965-02-22,TYMSC,1965-03-24,91.01,64.93,483,165,,,EA,IMP
COSMOS 57 DEB,1965-012EK,1233,DEB,D,CIS,1965-02-22,TYMSC,1965-03-20,,,,,,,EA,IMP
COSMOS 57 DEB,1965-012EL,1234,DEB,D,CIS,1965-02-22,TYMSC,1965-03-20,92.03,64.71,568,180,,,EA,IMP
COSMOS 57 DEB,1965-012EM,1235,DEB,D,CIS,1965-02-22,TYMSC,1965-03-17,91.01,64.71,505,143,,,EA,IMP
COSMOS 57 DEB,1965-012EN,1236,DEB,D,CIS,1965-02-22,TYMSC,1965-03-17,,,,,,NIE,EA,IMP
COSMOS 57 DEB,1965-012EP,1237,DEB,D,CIS,1965-02-22,TYMSC,1965-03-20,,,,,,,EA,IMP
COSMOS 57 DEB,1965-012EQ,1238,DEB,D,CIS,1965-02-22,TYMSC,1965-03-17,,,,,,NIE,EA,IMP
COSMOS 57 DEB,1965-012ER,1239,DEB,D,CIS,1965-02-22,TYMSC,1965-03-29,92.46,64.68,613,177,,,EA,IMP
COSMOS 57 DEB,1965-012ES,1240,DEB,D,CIS,1965-02-22,TYMSC,1965-03-17,,,,,,NIE,EA,IMP
COSMOS 57 DEB,1965-012ET,1241,DEB,D,CIS,1965-02-22,TYMSC,1965-03-17,91.78,64.81,544,179,,,EA,IMP
COSMOS 57 DEB,1965-012EU,1242,DEB,D,CIS,1965-02-22,TYMSC,1965-03-24,91.70,64.77,564,152,,,EA,IMP
COSMOS 57 DEB,1965-012EV,1243,DEB,D,CIS,1965-02-22,TYMSC,1965-03-17,,,,,,NIE,EA,IMP
GGSE 2,1965-016B,1244,PAY,,US,1965-03-09,AFWTR,,103.14,70.08,922,892,0.4709,,EA,ORB
THOR AGENA D R/B,1965-016J,1245,R/B,,US,1965-03-09,AFWTR,,103.03,70.08,919,885,4.9113,,EA,ORB
COSMOS 60,1965-018A,1246,PAY,D,CIS,1965-03-12,TYMSC,1965-03-17,88.91,64.72,247,194,,,EA,IMP
OPS 4920,1965-019A,1247,PAY,D,US,1965-03-12,AFWTR,1965-03-17,88.83,107.63,286,147,,,EA,IMP
THOR ABLESTAR DEB,1965-017D,1248,DEB,D,US,1965-03-11,AFWTR,1967-07-29,89.21,90.02,260,211,,,EA,IMP
THOR ABLESTAR DEB,1965-017F,1249,DEB,D,US,1965-03-11,AFWTR,1965-09-10,,,,,,,EA,IMP
SECOR 2 (EGRS 2),1965-017B,1250,PAY,D,US,1965-03-11,AFWTR,1968-02-26,88.17,89.91,191,177,,,EA,IMP
THOR ABLESTAR DEB,1965-017E,1251,DEB,D,US,1965-03-11,AFWTR,1965-07-30,89.38,89.97,281,207,,,EA,IMP
SL-6 R/B,1965-018B,1252,R/B,D,CIS,1965-03-12,TYMSC,1967-03-17,88.46,64.74,207,190,,,EA,IMP
SL-6 DEB,1965-018C,1253,DEB,D,CIS,1965-03-12,TYMSC,1965-03-15,88.57,64.75,230,178,,,EA,IMP
COSMOS 57 DEB,1965-012EW,1254,DEB,D,CIS,1965-02-22,TYMSC,1965-03-12,,,,,,NIE,EA,IMP
COSMOS 57 DEB,1965-012EX,1255,DEB,D,CIS,1965-02-22,TYMSC,1965-03-20,91.98,64.68,544,200,,,EA,IMP
COSMOS 57 DEB,1965-012EY,1256,DEB,D,CIS,1965-02-22,TYMSC,1965-03-21,91.43,64.87,527,162,,,EA,IMP
COSMOS 57 DEB,1965-012EZ,1257,DEB,D,CIS,1965-02-22,TYMSC,1965-03-21,90.65,64.68,451,162,,,EA,IMP
COSMOS 57 DEB,1965-012FA,1258,DEB,D,CIS,1965-02-22,TYMSC,1965-03-17,,,,,,,EA,IMP
ATLAS AGENA D R/B,1965-019B,1259,R/B,D,US,1965-03-12,AFWTR,1965-03-16,88.97,107.65,301,146,,,EA,IMP
ATLAS AGENA D DEB,1965-019C,1260,DEB,D,US,1965-03-12,AFWTR,1965-03-21,88.75,107.53,279,146,,,EA,IMP
COSMOS 57 DEB,1965-012FB,1261,DEB,D,CIS,1965-02-22,TYMSC,1965-04-06,92.36,64.81,607,173,,,EA,IMP
COSMOS 57 DEB,1965-012FC,1262,DEB,D,CIS,1965-02-22,TYMSC,1965-03-15,,,,,,NIE,EA,IMP
COSMOS 57 DEB,1965-012FD,1263,DEB,D,CIS,1965-02-22,TYMSC,1965-03-21,89.06,64.81,308,148,,,EA,IMP
COSMOS 57 DEB,1965-012FE,1264,DEB,D,CIS,1965-02-22,TYMSC,1965-03-26,90.46,64.73,424,171,,,EA,IMP
COSMOS 57 DEB,1965-012FF,1265,DEB,D,CIS,1965-02-22,TYMSC,1965-03-15,,,,,,NIE,EA,IMP
COSMOS 57 DEB,1965-012FG,1266,DEB,D,CIS,1965-02-22,TYMSC,1965-03-06,,,,,,NIE,EA,IMP
COSMOS 61,1965-020A,1267,PAY,D,CIS,1965-03-15,TYMSC,1968-01-15,89.01,55.95,269,182,,,EA,IMP
COSMOS 62,1965-020B,1268,PAY,D,CIS,1965-03-15,TYMSC,1968-09-24,87.90,55.96,185,156,0.3100,,EA,IMP
COSMOS 63,1965-020C,1269,PAY,D,CIS,1965-03-15,TYMSC,1967-11-04,88.14,55.93,240,125,,,EA,IMP
SL-8 R/B,1965-020D,1270,R/B,D,CIS,1965-03-15,TYMSC,1966-08-05,88.76,56.14,229,198,,,EA,IMP
OPS 4988 (GREB 6),1965-016A,1271,PAY,,US,1965-03-09,AFWTR,,103.10,70.08,921,890,0.5652,,EA,ORB
PORCUPINE 1,1965-016H,1272,PAY,,US,1965-03-09,AFWTR,,103.26,70.08,928,898,0.2365,,EA,ORB
OPS 7353,1965-021A,1273,PAY,D,US,1965-03-18,AFWTR,1989-12-31,87.41,98.97,149,143,0.8268,,EA,IMP
VOSKHOD 2,1965-022A,1274,PAY,D,CIS,1965-03-18,TYMSC,1965-03-19,90.93,64.79,472,168,,,EA,IMP
COSMOS 57 DEB,1965-012FH,1275,DEB,D,CIS,1965-02-22,TYMSC,1965-03-21,89.15,64.68,250,215,,,EA,IMP
COSMOS 57 DEB,1965-012FJ,1276,DEB,D,CIS,1965-02-22,TYMSC,1965-03-20,,,,,,NIE,EA,IMP
COSMOS 57 DEB,1965-012FK,1277,DEB,D,CIS,1965-02-22,TYMSC,1965-03-25,90.45,64.96,439,154,,,EA,IMP
COSMOS 57 DEB,1965-012FL,1278,DEB,D,CIS,1965-02-22,TYMSC,1965-03-22,89.92,65.03,389,152,,,EA,IMP
COSMOS 57 DEB,1965-012FM,1279,DEB,D,CIS,1965-02-22,TYMSC,1965-03-31,91.96,64.53,550,192,,,EA,IMP
COSMOS 57 DEB,1965-012FN,1280,DEB,D,CIS,1965-02-22,TYMSC,1965-03-24,92.36,64.69,615,165,,,EA,IMP
COSMOS 57 DEB,1965-012FP,1281,DEB,D,CIS,1965-02-22,TYMSC,1965-03-19,92.68,64.79,635,176,,,EA,IMP
COSMOS 57 DEB,1965-012FQ,1282,DEB,D,CIS,1965-02-22,TYMSC,1965-03-21,91.26,64.87,492,180,,,EA,IMP
COSMOS 57 DEB,1965-012FR,1283,DEB,D,CIS,1965-02-22,TYMSC,1965-03-23,90.83,64.73,455,176,,,EA,IMP
COSMOS 57 DEB,1965-012FS,1284,DEB,D,CIS,1965-02-22,TYMSC,1965-03-19,,,,,,NIE,EA,IMP
SL-4 R/B,1965-022B,1285,R/B,D,CIS,1965-03-18,TYMSC,1965-03-27,89.73,64.72,364,158,,,EA,IMP
SL-4 DEB,1965-022C,1286,DEB,D,CIS,1965-03-18,TYMSC,1965-03-25,89.63,64.74,344,168,,,EA,IMP
SL-4 DEB,1965-022D,1287,DEB,D,CIS,1965-03-18,TYMSC,1965-03-19,90.29,64.72,422,156,,,EA,IMP
THOR ALTAIR DEB,1965-021B,1288,DEB,D,US,1965-03-18,AFWTR,1965-10-05,,,,,,,EA,IMP
THOR ALTAIR R/B,1965-021C,1289,R/B,D,US,1965-03-18,AFWTR,1979-09-06,88.99,98.99,236,213,1.5320,,EA,IMP
THOR ALTAIR DEB,1965-021D,1290,DEB,D,US,1965-03-18,AFWTR,1965-10-01,,,,,,,EA,IMP
SOLRAD 7B,1965-016D,1291,PAY,,US,1965-03-09,AFWTR,,103.23,70.08,926,897,0.4786,,EA,ORB
GGSE 3,1965-016C,1292,PAY,,US,1965-03-09,AFWTR,,102.74,70.08,904,873,0.7141,,EA,ORB
OSCAR 3 (OSCAR III),1965-016F,1293,PAY,-,US,1965-03-09,AFWTR,,102.24,70.07,876,853,0.2142,,EA,ORB
RANGER 9,1965-023A,1294,PAY,D,US,1965-03-21,AFETR,1965-03-24,,,,,,NIE,MO,IMP
COSMOS 57 DEB,1965-012FT,1295,DEB,D,CIS,1965-02-22,TYMSC,1965-03-20,89.87,65.33,336,200,,,EA,IMP
COSMOS 57 DEB,1965-012FU,1296,DEB,D,CIS,1965-02-22,TYMSC,1965-03-15,89.45,65.01,303,192,,,EA,IMP
COSMOS 57 DEB,1965-012FV,1297,DEB,D,CIS,1965-02-22,TYMSC,1965-03-22,89.73,65.06,360,162,,,EA,IMP
ATLAS AGENA B R/B,1965-023B,1298,R/B,,US,1965-03-21,AFETR,,,,,,0.0045,NEA,SU,ORB
COSMOS 57 DEB,1965-012FW,1299,DEB,D,CIS,1965-02-22,TYMSC,1965-03-20,,,,,,NIE,EA,IMP
COSMOS 57 DEB,1965-012FX,1300,DEB,D,CIS,1965-02-22,TYMSC,1965-03-23,,,,,,NIE,EA,IMP
GEMINI 3,1965-024A,1301,PAY,D,US,1965-03-23,AFETR,1965-03-23,,,,,,NIE,EA,LAN
TITAN 2 R/B,1965-024B,1302,R/B,D,US,1965-03-23,AFETR,1965-03-24,88.06,32.62,192,164,,,EA,IMP
OPS 7087,1965-017A,1303,PAY,D,US,1965-03-11,AFWTR,1965-06-14,88.83,89.98,262,171,,,EA,IMP
COSMOS 57 DEB,1965-012FY,1304,DEB,D,CIS,1965-02-22,TYMSC,1965-03-28,89.96,64.79,379,165,,,EA,IMP
COSMOS 64,1965-025A,1305,PAY,D,CIS,1965-03-25,TYMSC,1965-04-02,89.06,65.01,251,205,,,EA,IMP
SL-4 R/B,1965-025B,1306,R/B,D,CIS,1965-03-25,TYMSC,1965-04-04,88.28,65.01,194,184,,,EA,IMP
OPS 4803,1965-026A,1307,PAY,D,US,1965-03-25,AFWTR,1965-04-04,88.60,96.03,234,176,,,EA,IMP
SL-4 DEB,1965-025C,1308,DEB,D,CIS,1965-03-25,TYMSC,1965-03-26,,,,,,NIE,EA,IMP
COSMOS 57 DEB,1965-012FZ,1309,DEB,D,CIS,1965-02-22,TYMSC,1965-03-28,90.40,64.82,447,141,,,EA,IMP
SURCAL 2,1965-016G,1310,PAY,D,US,1965-03-09,AFWTR,1981-03-27,89.27,69.98,243,233,4.4859,,EA,IMP
OPS 4803 DEB,1965-026B,1311,DEB,D,US,1965-03-25,AFWTR,1965-04-01,,,,,,,EA,IMP
DELTA 1 DEB,1965-004C,1312,DEB,,US,1965-01-22,AFETR,,117.24,96.34,2442,671,0.0488,,EA,ORB
DELTA 1 DEB,1965-004D,1313,DEB,,US,1965-01-22,AFETR,,119.92,96.42,2623,732,0.0505,,EA,ORB
OPS 4682 (SNAPSHOT),1965-027A,1314,PAY,,US,1965-04-03,AFWTR,,111.47,90.25,1319,1270,5.3791,,EA,ORB
SECOR 4 (EGRS 4),1965-027B,1315,PAY,,US,1965-04-03,AFWTR,,111.40,90.25,1315,1266,0.1720,,EA,ORB
OPS 4682 DEB,1965-027C,1316,DEB,,US,1965-04-03,AFWTR,,108.88,90.27,1200,1150,0.6760,,EA,ORB
INTELSAT 1-F1,1965-028A,1317,PAY,-,ITSO,1965-04-06,AFETR,,1437.02,7.31,35839,35770,0.7943,,EA,ORB
DELTA 1 R/B(2),1965-028B,1318,R/B,,US,1965-04-06,AFETR,,679.80,17.51,37037,1428,0.7515,,EA,ORB
THOR ABLESTAR DEB,1965-017G,1319,DEB,D,US,1965-03-11,AFWTR,1965-06-28,92.49,89.99,540,253,,,EA,IMP
COSMOS 65,1965-029A,1320,PAY,D,CIS,1965-04-17,TYMSC,1965-04-25,89.72,65.01,318,203,,,EA,IMP
SL-3 R/B,1965-029B,1321,R/B,D,CIS,1965-04-17,TYMSC,1965-05-06,,,,,,,EA,IMP
SL-3 DEB,1965-029C,1322,DEB,D,CIS,1965-04-17,TYMSC,1965-04-20,,,,,,,EA,IMP
THOR ABLESTAR DEB,1965-017H,1323,DEB,D,US,1965-03-11,AFWTR,1965-12-23,89.62,89.92,285,226,,,EA,IMP
MOLNIYA 1-1,1965-030A,1324,PAY,D,CIS,1965-04-23,TYMSC,1979-05-27,100.88,63.73,1510,91,32.1860,,EA,IMP
SL-6 PLAT,1965-030B,1325,DEB,D,CIS,1965-04-23,TYMSC,1965-07-16,89.40,64.80,320,169,,,EA,IMP
SL-6 R/B(1),1965-030C,1326,R/B,D,CIS,1965-04-23,TYMSC,1965-07-02,88.39,64.82,225,165,,,EA,IMP
OPS 4983,1965-031A,1327,PAY,D,US,1965-04-28,AFWTR,1965-05-03,,,,,,,EA,IMP
EXPLORER 27,1965-032A,1328,PAY,,US,1965-04-29,WLPIS,,107.55,41.18,1294,932,2.0809,,EA,ORB
OPS 6717,1965-031B,1329,PAY,D,US,1965-04-28,AFWTR,1969-10-31,88.31,95.14,191,191,,,EA,IMP
OPS 5023 (1),1965-033A,1330,PAY,D,US,1965-04-29,AFWTR,1965-05-26,,,,,,,EA,IMP
OPS 4983 DEB,1965-031C,1331,DEB,D,US,1965-04-28,AFWTR,1965-04-30,,,,,,NIE,EA,IMP
OPS 4983 DEB,1965-031D,1332,DEB,D,US,1965-04-28,AFWTR,1965-04-30,,,,,,NIE,EA,IMP
OPS 4983 DEB,1965-031E,1333,DEB,D,US,1965-04-28,AFWTR,1965-05-08,88.82,95.55,265,168,,,EA,IMP
OPS 4983 DEB,1965-031F,1334,DEB,D,US,1965-04-28,AFWTR,1965-05-08,88.83,95.59,280,153,,,EA,IMP
SL-8 DEB,1965-020E,1335,DEB,,CIS,1965-03-15,TYMSC,,103.75,56.08,1318,554,0.2510,,EA,ORB
SL-8 DEB,1965-020F,1336,DEB,D,CIS,1965-03-15,TYMSC,1968-07-24,89.42,55.91,314,177,,,EA,IMP
SL-8 DEB,1965-020G,1337,DEB,D,CIS,1965-03-15,TYMSC,1966-09-29,95.87,56.03,825,296,,,EA,IMP
SL-8 DEB,1965-020H,1338,DEB,D,CIS,1965-03-15,TYMSC,1967-04-18,90.20,56.26,314,255,,,EA,IMP
SL-8 DEB,1965-020J,1339,DEB,D,CIS,1965-03-15,TYMSC,1969-10-14,91.75,55.85,411,310,,,EA,IMP
SL-8 DEB,1965-020K,1340,DEB,D,CIS,1965-03-15,TYMSC,1968-05-30,88.78,56.01,263,165,,,EA,IMP
SL-8 DEB,1965-020L,1341,DEB,D,CIS,1965-03-15,TYMSC,1969-02-13,90.51,55.89,356,243,,,EA,IMP
SL-8 DEB,1965-020M,1342,DEB,D,CIS,1965-03-15,TYMSC,1969-09-09,88.94,55.99,222,222,,,EA,IMP
SL-8 DEB,1965-020N,1343,DEB,D,CIS,1965-03-15,TYMSC,1966-12-20,90.61,55.96,370,239,,,EA,IMP
SL-8 DEB,1965-020P,1344,DEB,D,CIS,1965-03-15,TYMSC,1969-11-14,88.07,55.99,197,161,,,EA,IMP
SL-8 DEB,1965-020Q,1345,DEB,D,CIS,1965-03-15,TYMSC,1988-11-26,88.43,55.89,211,183,0.7597,,EA,IMP
SL-8 DEB,1965-020R,1346,DEB,D,CIS,1965-03-15,TYMSC,1975-05-18,89.42,56.03,257,235,,,EA,IMP
SL-8 DEB,1965-020S,1347,DEB,D,CIS,1965-03-15,TYMSC,2001-06-26,89.53,55.88,267,235,0.2310,,EA,IMP
SL-8 DEB,1965-020T,1348,DEB,D,CIS,1965-03-15,TYMSC,1981-11-15,88.78,56.21,236,193,0.2200,,EA,IMP
SL-8 DEB,1965-020U,1349,DEB,D,CIS,1965-03-15,TYMSC,1979-04-09,91.63,56.06,414,295,0.0677,,EA,IMP
SL-8 DEB,1965-020V,1350,DEB,D,CIS,1965-03-15,TYMSC,1965-12-19,88.94,56.28,261,183,,,EA,IMP
SL-8 DEB,1965-020W,1351,DEB,D,CIS,1965-03-15,TYMSC,1972-08-06,90.02,55.87,289,262,,,EA,IMP
SL-8 DEB,1965-020X,1352,DEB,D,CIS,1965-03-15,TYMSC,1967-07-03,94.38,56.04,727,250,,,EA,IMP
SL-8 DEB,1965-020Y,1353,DEB,D,CIS,1965-03-15,TYMSC,1966-01-30,91.17,55.97,423,241,,,EA,IMP
SL-8 DEB,1965-020Z,1354,DEB,D,CIS,1965-03-15,TYMSC,1968-05-15,89.62,55.79,315,197,,,EA,IMP
SL-8 DEB,1965-020AA,1355,DEB,D,CIS,1965-03-15,TYMSC,1966-10-09,95.15,56.03,806,245,,,EA,IMP
SL-8 DEB,1965-020AB,1356,DEB,D,CIS,1965-03-15,TYMSC,1965-08-14,91.50,56.10,496,201,,,EA,IMP
OPS 6717 DEB,1965-031G,1357,DEB,D,US,1965-04-28,AFWTR,1966-03-18,92.70,95.19,411,402,,,EA,IMP
SCOUT X-4 R/B,1965-032B,1358,R/B,,US,1965-04-29,WLPIS,,107.60,41.19,1298,933,0.4308,,EA,ORB
TITAN 3A TRANSTAGE R/B,1965-034A,1359,R/B,,US,1965-05-06,AFETR,,157.01,32.12,3741,2785,15.0902,,EA,ORB
LES-2,1965-034B,1360,PAY,,US,1965-05-06,AFETR,,309.79,32.20,14804,2771,0.5817,,EA,ORB
LCS 1,1965-034C,1361,PAY,+,US,1965-05-06,AFETR,,145.56,32.15,2799,2777,0.8083,,EA,ORB
COSMOS 66,1965-035A,1362,PAY,D,CIS,1965-05-07,TYMSC,1965-05-15,89.24,64.99,286,188,,,EA,IMP
SL-3 R/B,1965-035B,1363,R/B,D,CIS,1965-05-07,TYMSC,1965-05-23,88.07,64.94,195,162,,,EA,IMP
SL-3 DEB,1965-035C,1364,DEB,D,CIS,1965-05-07,TYMSC,1965-05-09,88.77,64.97,237,190,,,EA,IMP
SL-3 DEB,1965-035D,1365,DEB,D,CIS,1965-05-07,TYMSC,1965-05-09,89.18,64.97,273,195,,,EA,IMP
LUNIK 5,1965-036A,1366,PAY,D,CIS,1965-05-09,TYMSC,1965-05-12,,,,,,NIE,MO,IMP
OPS 5023 (2),1965-033B,1367,PAY,D,US,1965-04-29,AFWTR,1965-06-08,90.83,84.88,497,133,,,EA,IMP
SL-6 PLAT,1965-036B,1368,DEB,D,CIS,1965-05-09,TYMSC,1965-05-10,,,,,,,EA,IMP
SL-6 R/B,1965-036C,1369,R/B,D,CIS,1965-05-09,TYMSC,1965-05-10,,,,,,,EA,IMP
SL-8 DEB,1965-020AC,1370,DEB,D,CIS,1965-03-15,TYMSC,2004-01-17,88.23,55.98,191,183,0.1210,,EA,IMP
SL-8 DEB,1965-020AD,1371,DEB,D,CIS,1965-03-15,TYMSC,1980-09-19,92.39,55.76,422,361,0.2846,,EA,IMP
SL-8 DEB,1965-020AE,1372,DEB,D,CIS,1965-03-15,TYMSC,1989-06-24,89.67,55.95,290,226,0.1188,,EA,IMP
SL-8 DEB,1965-020AF,1373,DEB,D,CIS,1965-03-15,TYMSC,1979-02-04,91.88,56.14,403,330,0.3906,,EA,IMP
OPS 8431,1965-037A,1374,PAY,D,US,1965-05-18,AFWTR,1965-06-15,88.18,74.99,197,171,,,EA,IMP
SL-8 DEB,1965-020AG,1375,DEB,D,CIS,1965-03-15,TYMSC,1965-10-14,,,,,,,EA,IMP
THOR ALTAIR DEB,1965-021E,1376,DEB,D,US,1965-03-18,AFWTR,1970-01-01,89.75,98.95,262,262,,,EA,IMP
OPS 8386,1965-038A,1377,PAY,D,US,1965-05-20,AFWTR,2012-03-09,87.44,98.05,152,143,0.6255,,EA,IMP
THOR ALTAIR R/B,1965-038B,1378,R/B,D,US,1965-05-20,AFWTR,1995-01-01,87.41,97.88,150,143,1.1795,,EA,IMP
THOR ALTAIR DEB,1965-038C,1379,DEB,D,US,1965-05-20,AFWTR,1983-04-07,89.20,98.31,239,231,0.0131,,EA,IMP
THOR ALTAIR DEB,1965-038D,1380,DEB,D,US,1965-05-20,AFWTR,1966-05-02,92.32,98.91,418,358,,,EA,IMP
PEGASUS 2,1965-039A,1381,PAY,D,US,1965-05-25,AFETR,1979-11-03,88.20,31.75,187,183,,,EA,IMP
COSMOS 67,1965-040A,1382,PAY,D,CIS,1965-05-25,TYMSC,1965-06-02,89.90,51.82,336,203,,,EA,IMP
SL-3 R/B,1965-040B,1383,R/B,D,CIS,1965-05-25,TYMSC,1965-06-04,88.69,51.88,252,168,8.5800,,EA,IMP
SL-3 DEB,1965-040C,1384,DEB,D,CIS,1965-05-25,TYMSC,1965-05-31,90.15,51.86,367,197,,,EA,IMP
APOLLO MODEL 4,1965-039B,1385,PAY,D,US,1965-05-25,AFETR,1989-07-08,87.30,31.73,141,141,28.4968,,EA,IMP
OPS 5236,1965-041A,1386,PAY,D,US,1965-05-27,AFWTR,1965-06-01,,,,,,,EA,IMP
SL-3 DEB,1965-040D,1387,DEB,D,CIS,1965-05-25,TYMSC,1965-05-31,,,,,,NIE,EA,IMP
EXPLORER 28 (IMP-3),1965-042A,1388,PAY,D,US,1965-05-29,AFETR,1968-07-04,8341.72,53.61,227451,32289,,,EA,IMP
OPS 4682 DEB,1965-027D,1389,DEB,,US,1965-04-03,AFWTR,,109.52,89.87,1221,1188,0.6387,,EA,ORB
GEMINI 4,1965-043A,1390,PAY,D,US,1965-06-03,AFETR,1965-06-07,88.56,32.55,251,156,,NIE,EA,LAN
TITAN 2 R/B,1965-043B,1391,R/B,D,US,1965-06-03,AFETR,1965-06-05,87.38,32.55,159,130,,,EA,IMP
SL-8 DEB,1965-020AH,1392,DEB,,CIS,1965-03-15,TYMSC,,94.46,55.83,571,414,0.1869,,EA,ORB
LUNIK 6,1965-044A,1393,PAY,,CIS,1965-06-08,TYMSC,,,,,,,NEA,SU,ORB
SL-6 PLAT,1965-044B,1394,DEB,D,CIS,1965-06-08,TYMSC,1965-06-12,88.62,64.76,248,165,,,EA,IMP
SL-6 R/B,1965-044C,1395,R/B,D,CIS,1965-06-08,TYMSC,1965-06-10,,,,,,,EA,IMP
OPS 8425,1965-045A,1396,PAY,D,US,1965-06-09,AFWTR,1965-06-22,88.94,75.06,278,167,,,EA,IMP
SL-8 DEB,1965-020AJ,1397,DEB,D,CIS,1965-03-15,TYMSC,1968-04-06,90.98,56.13,373,272,,,EA,IMP
SL-8 DEB,1965-020AK,1398,DEB,D,CIS,1965-03-15,TYMSC,1970-06-25,90.22,56.29,332,238,,,EA,IMP
OPS 4682 DEB,1965-027E,1399,DEB,,US,1965-04-03,AFWTR,,110.77,90.27,1270,1254,0.0108,,EA,ORB
SL-8 DEB,1965-020AL,1400,DEB,D,CIS,1965-03-15,TYMSC,1965-10-05,92.57,56.19,543,258,,,EA,IMP
SL-8 DEB,1965-020AM,1401,DEB,D,CIS,1965-03-15,TYMSC,1966-03-20,93.82,56.08,707,216,,,EA,IMP
SL-8 DEB,1965-020AN,1402,DEB,D,CIS,1965-03-15,TYMSC,1967-05-13,90.26,55.96,369,206,,,EA,IMP
SL-8 DEB,1965-020AP,1403,DEB,D,CIS,1965-03-15,TYMSC,1965-12-03,90.29,55.94,350,226,,,EA,IMP
COSMOS 68,1965-046A,1404,PAY,D,CIS,1965-06-15,TYMSC,1965-06-23,89.71,65.02,319,201,,,EA,IMP
SL-3 R/B,1965-046B,1405,R/B,D,CIS,1965-06-15,TYMSC,1965-07-07,88.70,65.02,233,187,,,EA,IMP
SL-3 DEB,1965-046C,1406,DEB,D,CIS,1965-06-15,TYMSC,1965-06-20,,,,,,,EA,IMP
SL-3 DEB,1965-046D,1407,DEB,D,CIS,1965-06-15,TYMSC,1965-06-19,89.09,65.01,277,182,,,EA,IMP
SL-3 DEB,1965-046E,1408,DEB,D,CIS,1965-06-15,TYMSC,1965-06-19,,,,,,,EA,IMP
SL-8 DEB,1965-020AQ,1409,DEB,D,CIS,1965-03-15,TYMSC,1966-05-19,90.32,55.91,352,229,,,EA,IMP
SL-8 DEB,1965-020AR,1410,DEB,D,CIS,1965-03-15,TYMSC,1967-02-17,90.63,56.01,385,226,,,EA,IMP
LEAD BALLAST,1965-047A,1412,PAY,D,US,1965-06-18,AFETR,1965-06-29,87.88,32.14,174,164,,,EA,IMP
TITAN 3C TRANSTAGE R/B,1965-047B,1413,R/B,D,US,1965-06-18,AFETR,1965-06-21,87.40,32.14,159,133,,,EA,IMP
OPS 8425 DEB,1965-045B,1414,DEB,D,US,1965-06-09,AFWTR,1965-06-20,88.19,75.13,261,109,,,EA,IMP
OPS 8431 DEB,1965-037B,1415,DEB,D,US,1965-05-18,AFWTR,1965-06-02,,,,,,,EA,IMP
SL-8 DEB,1965-020AS,1416,DEB,D,CIS,1965-03-15,TYMSC,1967-05-05,92.46,56.10,545,245,,,EA,IMP
SL-8 DEB,1965-020AT,1417,DEB,D,CIS,1965-03-15,TYMSC,1965-09-09,,,,,,,EA,IMP
SL-8 DEB,1965-020AU,1418,DEB,D,CIS,1965-03-15,TYMSC,1965-08-10,90.70,55.92,464,154,,,EA,IMP
SL-8 DEB,1965-020AV,1419,DEB,D,CIS,1965-03-15,TYMSC,1965-09-01,,,,,,,EA,IMP
OPS 8480 (TRANSIT 5B-6),1965-048A,1420,PAY,,US,1965-06-24,AFWTR,,106.52,89.88,1118,1012,1.4843,,EA,ORB
COSMOS 69,1965-049A,1421,PAY,D,CIS,1965-06-25,TYMSC,1965-07-03,89.66,64.89,310,206,,,EA,IMP
OPS 6749,1965-050A,1422,PAY,D,US,1965-06-25,AFWTR,1968-08-22,88.26,107.62,192,185,,,EA,IMP
SL-3 R/B,1965-049B,1423,R/B,D,CIS,1965-06-25,TYMSC,1965-07-06,88.88,64.90,257,181,,,EA,IMP
OPS 5501,1965-050B,1424,PAY,D,US,1965-06-25,AFWTR,1965-06-30,88.81,107.64,283,149,,,EA,IMP
THOR ABLESTAR DEB,1965-048C,1425,DEB,,US,1965-06-24,AFWTR,,106.75,89.87,1132,1020,0.5482,,EA,ORB
ATLAS AGENA D R/B,1965-050C,1426,R/B,D,US,1965-06-25,AFWTR,1965-06-27,88.54,107.63,253,151,,,EA,IMP
OPS 6749 DEB,1965-050D,1427,DEB,D,US,1965-06-25,AFWTR,1965-11-26,90.15,107.65,285,279,,,EA,IMP
THOR ABLESTAR R/B,1965-048B,1428,R/B,,US,1965-06-24,AFWTR,,106.45,89.87,1104,1020,3.3749,,EA,ORB
SL-3 DEB,1965-049C,1429,DEB,D,CIS,1965-06-25,TYMSC,1965-06-30,,,,,,,EA,IMP
TIROS 10,1965-051A,1430,PAY,-,US,1965-07-02,AFETR,,99.89,98.51,792,714,0.7788,,EA,ORB
COSMOS 70,1965-052A,1431,PAY,D,CIS,1965-07-02,KYMSC,1966-12-18,88.45,48.69,238,158,,,EA,IMP
SL-7 R/B,1965-052B,1432,R/B,D,CIS,1965-07-02,KYMSC,1966-06-06,89.00,48.71,268,181,,,EA,IMP
DELTA 1 R/B,1965-051B,1433,R/B,,US,1965-07-02,AFETR,,98.44,98.58,712,656,0.5702,,EA,ORB
SL-7 DEB,1965-052C,1434,DEB,D,CIS,1965-07-02,KYMSC,1965-08-13,95.68,48.84,848,255,,,EA,IMP
THOR ABLESTAR DEB,1965-048D,1435,DEB,,US,1965-06-24,AFWTR,,104.85,89.88,1031,943,0.0180,,EA,ORB
SL-8 DEB,1965-020AW,1436,DEB,D,CIS,1965-03-15,TYMSC,1966-05-30,88.97,55.88,278,170,,,EA,IMP
SL-8 DEB,1965-020AX,1437,DEB,D,CIS,1965-03-15,TYMSC,1965-10-28,,,,,,,EA,IMP
SL-8 DEB,1965-020AY,1438,DEB,D,CIS,1965-03-15,TYMSC,1980-11-03,89.83,55.88,280,252,0.1024,,EA,IMP
SL-8 DEB,1965-020AZ,1439,DEB,D,CIS,1965-03-15,TYMSC,1979-01-16,91.09,55.75,364,292,0.2260,,EA,IMP
DELTA 1 DEB,1965-051C,1440,DEB,D,US,1965-07-02,AFETR,1995-02-14,88.76,98.54,220,207,0.0790,,EA,IMP
COSMOS 71,1965-053A,1441,PAY,D,CIS,1965-07-16,TYMSC,1970-08-11,88.25,56.00,192,184,,,EA,IMP
COSMOS 72,1965-053B,1442,PAY,D,CIS,1965-07-16,TYMSC,1979-08-24,87.90,55.97,176,165,0.1952,,EA,IMP
COSMOS 73,1965-053C,1443,PAY,D,CIS,1965-07-16,TYMSC,1974-03-20,88.05,56.05,180,176,,,EA,IMP
COSMOS 74,1965-053D,1444,PAY,D,CIS,1965-07-16,TYMSC,1979-12-13,88.10,56.00,181,180,0.2418,,EA,IMP
COSMOS 75,1965-053E,1445,PAY,D,CIS,1965-07-16,TYMSC,1979-09-28,87.52,55.99,156,147,0.6933,,EA,IMP
SL-9 DEB,1965-054D,1446,DEB,D,CIS,1965-07-16,TYMSC,1965-07-31,,,,,,,EA,IMP
OPS 8411,1965-055A,1447,PAY,D,US,1965-07-17,AFWTR,1968-12-18,87.90,70.15,171,171,,,EA,IMP
SL-8 R/B,1965-053F,1448,R/B,D,CIS,1965-07-16,TYMSC,1981-11-21,87.70,56.02,164,157,15.1656,,EA,IMP
SL-8 DEB,1965-053G,1449,DEB,D,CIS,1965-07-16,TYMSC,1967-05-03,91.42,56.06,344,344,,,EA,IMP
SL-9 DEB,1965-054C,1450,DEB,D,CIS,1965-07-16,TYMSC,1965-07-24,91.98,63.42,564,180,,,EA,IMP
SL-9 R/B,1965-054B,1451,R/B,D,CIS,1965-07-16,TYMSC,1965-09-18,92.41,63.46,618,168,,,EA,IMP
OPS 8411 DEB,1965-055B,1452,DEB,D,US,1965-07-17,AFWTR,1966-06-05,90.12,70.12,280,280,,,EA,IMP
SL-6 R/B,1965-056B,1453,R/B,D,CIS,1965-07-18,TYMSC,1965-07-20,88.33,64.75,236,148,,,EA,IMP
ZOND 3,1965-056A,1454,PAY,,CIS,1965-07-18,TYMSC,,,,,,,NEA,SU,ORB
OPS 8411 DEB,1965-055C,1455,DEB,D,US,1965-07-17,AFWTR,1966-07-24,89.91,70.14,270,270,,,EA,IMP
SL-6 PLAT,1965-056C,1456,DEB,D,CIS,1965-07-18,TYMSC,1965-07-21,,,,,,,EA,IMP
OPS 5543,1965-057A,1457,PAY,D,US,1965-07-19,AFWTR,1965-08-18,,,,,,,EA,IMP
OPS 6577 (VELA 5),1965-058A,1458,PAY,,US,1965-07-20,AFETR,,6712.50,29.53,172009,50982,0.0030,,EA,ORB
OPS 6564 (VELA 6),1965-058B,1459,PAY,,US,1965-07-20,AFETR,,6739.57,41.62,169110,54514,0.0030,,EA,ORB
ERS 17,1965-058C,1460,PAY,D,US,1965-07-20,AFETR,1968-07-01,2595.19,36.88,111791,566,,,EA,IMP
THOR ALTAIR DEB,1965-038E,1461,DEB,D,US,1965-05-20,AFWTR,1989-03-20,90.12,98.23,293,267,0.1964,,EA,IMP
THOR ALTAIR DEB,1965-038F,1462,DEB,D,US,1965-05-20,AFWTR,1980-04-23,89.93,98.47,287,255,0.0666,,EA,IMP
THOR ALTAIR DEB,1965-021F,1463,DEB,D,US,1965-03-18,AFWTR,1979-05-18,92.28,98.98,412,360,0.0766,,EA,IMP
COSMOS 76,1965-059A,1464,PAY,D,CIS,1965-07-23,KYMSC,1966-03-16,89.85,48.77,312,222,,,EA,IMP
SL-7 R/B,1965-059B,1465,R/B,D,CIS,1965-07-23,KYMSC,1965-12-04,88.71,48.79,245,176,,,EA,IMP
PROTON 1,1965-054A,1466,PAY,D,CIS,1965-07-16,TYMSC,1965-10-11,89.34,63.43,323,161,,,EA,IMP
PEGASUS 3,1965-060A,1467,PAY,D,US,1965-07-30,AFETR,1969-08-04,88.07,28.90,179,179,,,EA,IMP
APOLLO MODEL 5,1965-060B,1468,PAY,D,US,1965-07-30,AFETR,1975-11-22,88.20,28.86,186,184,,,EA,IMP
COSMOS 77,1965-061A,1469,PAY,D,CIS,1965-08-03,TYMSC,1965-08-11,89.29,51.80,280,199,,,EA,IMP
SL-3 R/B,1965-061B,1470,R/B,D,CIS,1965-08-03,TYMSC,1965-08-08,87.51,51.78,158,144,,,EA,IMP
OPS 5698,1965-062A,1471,PAY,D,US,1965-08-03,AFWTR,1965-08-07,,,,,,,EA,IMP
OPS 6761,1965-062B,1472,PAY,D,US,1965-08-03,AFWTR,1968-06-17,87.96,107.33,174,174,,,EA,IMP
SL-8 DEB,1965-053H,1473,DEB,D,CIS,1965-07-16,TYMSC,1969-03-13,89.69,56.00,264,254,,,EA,IMP
ATLAS AGENA D R/B,1965-062C,1474,R/B,D,US,1965-08-03,AFWTR,1965-08-06,,,,,,,EA,IMP
THOR ALTAIR DEB,1965-038G,1475,DEB,D,US,1965-05-20,AFWTR,1988-02-19,89.08,97.94,232,226,0.0293,,EA,IMP
SL-8 DEB,1965-020BA,1476,DEB,D,CIS,1965-03-15,TYMSC,1967-09-21,91.32,56.00,434,245,,,EA,IMP
SL-8 DEB,1965-020BB,1477,DEB,,CIS,1965-03-15,TYMSC,,110.79,55.49,1716,810,0.1066,,EA,ORB
SL-8 DEB,1965-020BC,1478,DEB,,CIS,1965-03-15,TYMSC,,106.18,56.08,1485,615,0.1264,,EA,ORB
SL-8 DEB,1965-020BD,1479,DEB,,CIS,1965-03-15,TYMSC,,114.28,56.03,1998,848,0.0977,,EA,ORB
SL-8 DEB,1965-020BE,1480,DEB,,CIS,1965-03-15,TYMSC,,113.88,56.07,2051,758,0.1255,,EA,ORB
SL-8 DEB,1965-020BF,1481,DEB,D,CIS,1965-03-15,TYMSC,1979-05-23,92.40,56.09,453,331,0.1258,,EA,IMP
SL-8 DEB,1965-020BG,1482,DEB,D,CIS,1965-03-15,TYMSC,1966-01-09,90.77,55.89,436,188,,,EA,IMP
SL-8 DEB,1965-020BH,1483,DEB,D,CIS,1965-03-15,TYMSC,1968-02-27,91.68,56.05,421,293,,,EA,IMP
SL-8 DEB,1965-020BJ,1484,DEB,D,CIS,1965-03-15,TYMSC,1968-10-24,90.18,55.89,346,220,,,EA,IMP
SL-8 DEB,1965-020BK,1485,DEB,D,CIS,1965-03-15,TYMSC,1968-04-15,89.97,55.75,311,235,,,EA,IMP
SL-8 DEB,1965-020BL,1486,DEB,D,CIS,1965-03-15,TYMSC,1967-06-10,93.56,55.91,597,301,,,EA,IMP
SL-8 DEB,1965-020BM,1487,DEB,D,CIS,1965-03-15,TYMSC,1967-04-30,92.28,55.91,469,304,,,EA,IMP
SL-8 DEB,1965-020BN,1488,DEB,D,CIS,1965-03-15,TYMSC,1967-11-14,90.68,55.94,408,207,,,EA,IMP
SL-8 DEB,1965-020BP,1489,DEB,D,CIS,1965-03-15,TYMSC,1966-10-26,96.41,56.03,895,278,,,EA,IMP
SL-8 DEB,1965-020BQ,1490,DEB,D,CIS,1965-03-15,TYMSC,1966-01-03,91.45,55.68,465,227,,,EA,IMP
SL-8 DEB,1965-020BR,1491,DEB,D,CIS,1965-03-15,TYMSC,1968-09-10,91.56,55.99,367,335,,,EA,IMP
SL-8 DEB,1965-020BS,1492,DEB,D,CIS,1965-03-15,TYMSC,1965-11-23,92.16,56.01,519,241,,,EA,IMP
SL-8 DEB,1965-020BT,1493,DEB,D,CIS,1965-03-15,TYMSC,1966-11-04,96.89,56.10,949,270,1.4900,,EA,IMP
SL-8 DEB,1965-020BU,1494,DEB,D,CIS,1965-03-15,TYMSC,1965-09-04,,,,,,,EA,IMP
SL-8 DEB,1965-020BV,1495,DEB,D,CIS,1965-03-15,TYMSC,2004-10-14,88.99,55.51,236,213,0.0100,,EA,IMP
SL-8 DEB,1965-020BW,1496,DEB,D,CIS,1965-03-15,TYMSC,1966-09-15,94.33,55.94,699,274,,,EA,IMP
SL-8 DEB,1965-020BX,1497,DEB,D,CIS,1965-03-15,TYMSC,1967-05-28,92.09,55.76,477,277,,,EA,IMP
SL-8 DEB,1965-020BY,1498,DEB,D,CIS,1965-03-15,TYMSC,1966-05-06,89.61,55.98,302,208,,,EA,IMP
SL-8 DEB,1965-020BZ,1499,DEB,D,CIS,1965-03-15,TYMSC,1966-09-07,93.13,55.96,604,252,,,EA,IMP
SCOUT B R/B,1965-063B,1502,R/B,,US,1965-08-10,WLPIS,,122.18,69.23,2417,1139,0.6525,,EA,ORB
SURVEYOR MODEL 1,1965-064A,1503,PAY,,US,1965-08-11,AFETR,,,,,,0.0025,NEA,EM,ORB
THOR ABLESTAR DEB,1965-065A,1504,DEB,,US,1965-08-13,AFWTR,,107.43,89.96,1158,1057,0.0482,,EA,ORB
COSMOS 78,1965-066A,1505,PAY,D,CIS,1965-08-14,TYMSC,1965-08-22,89.55,68.97,304,200,,,EA,IMP
SECOR 5 (EGRS 5),1965-063A,1506,PAY,,US,1965-08-10,WLPIS,,122.17,69.23,2419,1137,0.4169,,EA,ORB
SL-3 R/B,1965-066B,1507,R/B,D,CIS,1965-08-14,TYMSC,1965-09-03,,,,,,,EA,IMP
THOR ABLESTAR R/B,1965-065B,1508,R/B,,US,1965-08-13,AFWTR,,107.78,90.13,1156,1091,3.2277,,EA,ORB
SL-3 DEB,1965-066C,1509,DEB,D,CIS,1965-08-14,TYMSC,1965-08-17,,,,,,,EA,IMP
DODECAPOLE 2,1965-065C,1510,PAY,,US,1965-08-13,AFWTR,,102.02,90.07,881,828,1.4160,,EA,ORB
THOR ABLESTAR DEB,1965-065D,1511,DEB,,US,1965-08-13,AFWTR,,107.93,90.00,1183,1079,0.5020,,EA,ORB
TEMPSAT 1,1965-065E,1512,PAY,+,US,1965-08-13,AFWTR,,107.98,90.00,1187,1079,0.0680,,EA,ORB
OPS 7208,1965-067A,1513,PAY,D,US,1965-08-17,AFWTR,1965-10-11,88.33,70.02,222,162,,,EA,IMP
OPS 8464 (TRANSIT 5B-7),1965-065F,1514,PAY,,US,1965-08-13,AFWTR,,107.83,90.00,1178,1075,1.4572,,EA,ORB
NAVSPASUR ROD 1,1965-065G,1515,PAY,,US,1965-08-13,AFWTR,,106.58,90.02,1115,1022,0.0479,,EA,ORB
GEMINI 5,1965-068A,1516,PAY,D,US,1965-08-21,AFETR,1965-08-29,89.46,32.61,296,199,,,EA,LAN
TITAN 2 R/B,1965-068B,1517,R/B,D,US,1965-08-21,AFETR,1965-08-24,89.39,32.59,328,160,,,EA,IMP
RADAR EVALUATION POD,1965-068C,1518,PAY,D,US,1965-08-21,AFETR,1965-08-27,,,,,,,EA,IMP
TITAN 2 DEB,1965-068D,1519,DEB,D,US,1965-08-21,AFETR,1965-08-26,,,,,,,EA,IMP
CALSPHERE 4A,1965-065H,1520,PAY,+,US,1965-08-13,AFWTR,,107.76,89.89,1174,1072,0.0520,,EA,ORB
THOR ABLESTAR DEB,1965-065K,1521,DEB,,US,1965-08-13,AFWTR,,108.00,90.02,1188,1081,0.0746,,EA,ORB
THOR ABLESTAR DEB,1965-065L,1522,DEB,,US,1965-08-13,AFWTR,,107.96,90.06,1187,1078,0.4790,,EA,ORB
COSMOS 79,1965-069A,1523,PAY,D,CIS,1965-08-25,TYMSC,1965-09-02,,,,,,,EA,IMP
SL-3 R/B,1965-069B,1524,R/B,D,CIS,1965-08-25,TYMSC,1965-09-07,89.20,64.94,265,205,,,EA,IMP
SL-3 DEB,1965-069C,1525,DEB,D,CIS,1965-08-25,TYMSC,1965-08-26,,,,,,,EA,IMP
SL-3 DEB,1965-069D,1526,DEB,D,CIS,1965-08-25,TYMSC,1967-08-30,89.87,64.91,345,191,,,EA,IMP
SL-3 DEB,1965-069E,1527,DEB,D,CIS,1965-08-25,TYMSC,1967-08-28,89.61,64.89,316,195,,,EA,IMP
DELTA 1 DEB,1965-051D,1529,DEB,,US,1965-07-02,AFETR,,101.10,98.97,837,784,0.0440,,EA,ORB
SL-8 DEB,1965-020CA,1530,DEB,D,CIS,1965-03-15,TYMSC,1969-07-04,91.26,55.93,379,293,,,EA,IMP
SL-8 DEB,1965-020CB,1531,DEB,D,CIS,1965-03-15,TYMSC,1967-03-05,91.55,56.08,430,271,,,EA,IMP
SL-8 DEB,1965-020CC,1532,DEB,D,CIS,1965-03-15,TYMSC,1966-01-11,89.16,55.95,273,193,,,EA,IMP
SL-8 DEB,1965-020CD,1533,DEB,D,CIS,1965-03-15,TYMSC,1965-12-27,90.17,56.03,357,209,,,EA,IMP
SL-8 DEB,1965-020CE,1534,DEB,D,CIS,1965-03-15,TYMSC,1971-05-05,88.39,56.01,213,177,,,EA,IMP
SL-8 DEB,1965-020CF,1535,DEB,D,CIS,1965-03-15,TYMSC,1965-12-14,91.19,56.06,410,255,,,EA,IMP
SL-8 DEB,1965-020CG,1536,DEB,D,CIS,1965-03-15,TYMSC,1966-04-26,90.93,55.98,432,209,,,EA,IMP
SL-8 DEB,1965-020CH,1537,DEB,D,CIS,1965-03-15,TYMSC,1966-08-17,90.67,56.05,417,198,,,EA,IMP
SL-8 DEB,1965-020CJ,1538,DEB,D,CIS,1965-03-15,TYMSC,1974-12-05,89.31,56.01,260,221,,,EA,IMP
SL-8 DEB,1965-020CK,1539,DEB,D,CIS,1965-03-15,TYMSC,1966-09-26,94.42,55.96,729,251,,,EA,IMP
SL-8 DEB,1965-020CL,1540,DEB,D,CIS,1965-03-15,TYMSC,1968-02-27,89.95,55.95,292,252,,,EA,IMP
SL-8 DEB,1965-020CM,1541,DEB,D,CIS,1965-03-15,TYMSC,1966-03-20,93.56,56.00,643,254,,,EA,IMP
SL-8 DEB,1965-020CN,1542,DEB,D,CIS,1965-03-15,TYMSC,1966-07-31,90.89,55.96,393,243,,,EA,IMP
SL-8 DEB,1965-020CP,1543,DEB,D,CIS,1965-03-15,TYMSC,1968-09-19,90.23,55.96,343,229,,,EA,IMP
SL-8 DEB,1965-020CQ,1544,DEB,D,CIS,1965-03-15,TYMSC,1967-02-22,92.45,56.08,520,269,,,EA,IMP
SL-8 DEB,1965-020CR,1545,DEB,D,CIS,1965-03-15,TYMSC,1966-01-24,96.52,55.97,923,261,,,EA,IMP
SL-8 DEB,1965-020CS,1546,DEB,D,CIS,1965-03-15,TYMSC,1966-08-16,90.49,55.90,410,187,,,EA,IMP
SL-8 DEB,1965-020CT,1547,DEB,D,CIS,1965-03-15,TYMSC,1966-07-24,93.80,56.06,630,290,,,EA,IMP
SL-8 DEB,1965-020CU,1548,DEB,D,CIS,1965-03-15,TYMSC,1978-05-27,90.52,55.92,332,269,0.0393,,EA,IMP
SL-8 DEB,1965-020CV,1549,DEB,,CIS,1965-03-15,TYMSC,,113.88,56.16,2056,753,0.1084,,EA,ORB
SL-8 DEB,1965-020CW,1550,DEB,D,CIS,1965-03-15,TYMSC,1970-07-08,89.04,55.91,261,193,,,EA,IMP
SL-8 DEB,1965-020CX,1551,DEB,D,CIS,1965-03-15,TYMSC,1969-12-19,88.75,56.00,230,194,,,EA,IMP
SL-8 DEB,1965-020CY,1552,DEB,D,CIS,1965-03-15,TYMSC,1967-03-20,94.80,55.84,702,317,,,EA,IMP
SL-8 DEB,1965-020CZ,1553,DEB,D,CIS,1965-03-15,TYMSC,1966-07-23,89.80,55.84,315,214,,,EA,IMP
SL-8 DEB,1965-020DA,1554,DEB,D,CIS,1965-03-15,TYMSC,1967-01-06,88.44,55.98,225,169,,,EA,IMP
SL-8 DEB,1965-020DB,1555,DEB,D,CIS,1965-03-15,TYMSC,1968-02-12,91.21,55.94,393,275,,,EA,IMP
SL-8 DEB,1965-020DC,1556,DEB,D,CIS,1965-03-15,TYMSC,1967-05-01,88.84,56.17,260,174,0.7300,,EA,IMP
SL-8 DEB,1965-020DD,1557,DEB,D,CIS,1965-03-15,TYMSC,1981-01-05,88.49,56.01,207,193,0.0305,,EA,IMP
SL-8 DEB,1965-020DE,1558,DEB,D,CIS,1965-03-15,TYMSC,1968-06-12,89.93,56.06,301,241,,,EA,IMP
SL-8 DEB,1965-020DF,1559,DEB,D,CIS,1965-03-15,TYMSC,1967-04-18,95.24,56.06,771,289,,,EA,IMP
SL-8 DEB,1965-020DG,1560,DEB,D,CIS,1965-03-15,TYMSC,1965-10-13,,,,,,,EA,IMP
SL-8 DEB,1965-020DH,1561,DEB,D,CIS,1965-03-15,TYMSC,1967-04-12,96.63,55.99,812,383,,,EA,IMP
SL-8 DEB,1965-020DJ,1562,DEB,D,CIS,1965-03-15,TYMSC,1966-02-22,91.11,55.87,435,223,,,EA,IMP
SL-8 DEB,1965-020DK,1563,DEB,D,CIS,1965-03-15,TYMSC,1969-10-28,89.09,55.99,271,188,,,EA,IMP
SL-8 DEB,1965-020DL,1564,DEB,D,CIS,1965-03-15,TYMSC,1981-09-10,88.72,55.99,218,205,0.0527,,EA,IMP
SL-8 DEB,1965-020DM,1565,DEB,D,CIS,1965-03-15,TYMSC,1967-02-02,90.29,55.96,355,222,,,EA,IMP
SL-8 DEB,1965-020DN,1566,DEB,D,CIS,1965-03-15,TYMSC,1979-12-08,92.78,55.73,482,340,0.0421,,EA,IMP
SL-8 DEB,1965-020DP,1567,DEB,D,CIS,1965-03-15,TYMSC,1974-09-12,90.32,55.77,314,267,,,EA,IMP
SL-8 DEB,1965-020DQ,1568,DEB,D,CIS,1965-03-15,TYMSC,1966-05-01,91.09,56.10,399,258,,,EA,IMP
SL-8 DEB,1965-020DR,1569,DEB,D,CIS,1965-03-15,TYMSC,1966-07-18,89.55,55.97,299,205,,,EA,IMP
COSMOS 80,1965-070A,1570,PAY,,CIS,1965-09-03,TYMSC,,114.94,56.06,1533,1373,0.3410,,EA,ORB
COSMOS 81,1965-070B,1571,PAY,,CIS,1965-09-03,TYMSC,,115.30,56.06,1538,1400,0.3453,,EA,ORB
COSMOS 82,1965-070C,1572,PAY,,CIS,1965-09-03,TYMSC,,115.65,56.06,1543,1427,0.3179,,EA,ORB
COSMOS 83,1965-070D,1573,PAY,,CIS,1965-09-03,TYMSC,,116.03,56.05,1555,1449,0.3564,,EA,ORB
COSMOS 84,1965-070E,1574,PAY,,CIS,1965-09-03,TYMSC,,116.41,56.05,1569,1470,0.5348,,EA,ORB
SL-8 R/B,1965-070F,1575,R/B,,CIS,1965-09-03,TYMSC,,114.56,56.12,1513,1357,5.6074,,EA,ORB
PORCUPINE 2,1965-065J,1577,PAY,,US,1965-08-13,AFWTR,,107.76,90.03,1174,1072,0.2489,,EA,ORB
COSMOS 85,1965-071A,1578,PAY,D,CIS,1965-09-09,TYMSC,1965-09-17,,,,,,,EA,IMP
SL-3 R/B,1965-071B,1579,R/B,D,CIS,1965-09-09,TYMSC,1965-09-18,88.63,64.91,234,180,,,EA,IMP
OPS 8068,1965-072A,1580,PAY,,US,1965-09-10,AFWTR,,100.72,98.43,956,629,0.5906,,EA,ORB
THOR ALTAIR DEB [YO],1965-072B,1581,DEB,D,US,1965-09-10,AFWTR,1967-02-25,93.21,98.98,436,427,,,EA,IMP
THOR ALTAIR DEB [YO],1965-072C,1582,DEB,D,US,1965-09-10,AFWTR,1967-04-06,94.96,99.08,526,508,,,EA,IMP
THOR ALTAIR R/B,1965-072D,1583,R/B,,US,1965-09-10,AFWTR,,98.28,98.38,775,577,0.6540,,EA,ORB
COSMOS 86,1965-073A,1584,PAY,,CIS,1965-09-18,TYMSC,,115.02,56.06,1624,1289,0.5763,,EA,ORB
COSMOS 87,1965-073B,1585,PAY,,CIS,1965-09-18,TYMSC,,115.43,56.06,1637,1313,0.3528,,EA,ORB
COSMOS 88,1965-073C,1586,PAY,,CIS,1965-09-18,TYMSC,,115.82,56.06,1639,1346,0.3282,,EA,ORB
COSMOS 89,1965-073D,1587,PAY,,CIS,1965-09-18,TYMSC,,116.22,56.06,1643,1378,0.3455,,EA,ORB
COSMOS 90,1965-073E,1588,PAY,,CIS,1965-09-18,TYMSC,,116.64,56.06,1653,1407,0.5559,,EA,ORB
SL-8 R/B,1965-073F,1589,R/B,,CIS,1965-09-18,TYMSC,,116.78,56.05,1663,1409,5.3927,,EA,ORB
SL-8 DEB,1965-073G,1590,DEB,,CIS,1965-09-18,TYMSC,,115.22,56.08,1602,1329,0.0374,,EA,ORB
SL-8 DEB,1965-073H,1591,DEB,,CIS,1965-09-18,TYMSC,,115.84,56.06,1615,1373,0.0599,,EA,ORB
SL-8 DEB,1965-020DS,1592,DEB,D,CIS,1965-03-15,TYMSC,1970-10-27,91.66,55.87,403,309,,,EA,IMP
SL-8 DEB,1965-020DT,1593,DEB,D,CIS,1965-03-15,TYMSC,1970-09-28,90.19,55.90,304,264,,,EA,IMP
SL-8 DEB,1965-020DU,1594,DEB,D,CIS,1965-03-15,TYMSC,1966-12-19,92.73,56.03,494,322,,,EA,IMP
SL-8 DEB,1965-020DV,1595,DEB,D,CIS,1965-03-15,TYMSC,1972-04-06,90.99,55.65,328,318,,,EA,IMP
SL-8 DEB,1965-020DW,1596,DEB,D,CIS,1965-03-15,TYMSC,1967-10-29,94.29,55.85,670,298,,,EA,IMP
SL-8 DEB,1965-020DX,1597,DEB,D,CIS,1965-03-15,TYMSC,1988-12-28,89.45,55.92,262,233,0.1121,,EA,IMP
SL-8 DEB,1965-020DY,1598,DEB,D,CIS,1965-03-15,TYMSC,1976-04-12,91.08,55.99,343,312,,,EA,IMP
SL-8 DEB,1965-020DZ,1599,DEB,D,CIS,1965-03-15,TYMSC,1971-01-16,89.95,55.87,296,249,,,EA,IMP
SL-8 DEB,1965-020EA,1600,DEB,D,CIS,1965-03-15,TYMSC,1978-03-10,91.70,55.79,385,332,0.0954,,EA,IMP
SL-8 DEB,1965-020EB,1601,DEB,D,CIS,1965-03-15,TYMSC,1967-01-17,89.76,56.02,320,205,,,EA,IMP
OPS 7221,1965-074A,1602,PAY,D,US,1965-09-22,AFWTR,1965-10-11,88.69,80.05,255,165,,,EA,IMP
COSMOS 91,1965-075A,1603,PAY,D,CIS,1965-09-23,TYMSC,1965-10-01,,,,,,,EA,IMP
SL-3 R/B,1965-075B,1604,R/B,D,CIS,1965-09-23,TYMSC,1965-10-04,,,,,,,EA,IMP
SL-3 DEB,1965-075C,1605,DEB,D,CIS,1965-09-23,TYMSC,1965-09-29,,,,,,,EA,IMP
SL-3 DEB,1965-075D,1606,DEB,D,CIS,1965-09-23,TYMSC,1965-09-29,,,,,,,EA,IMP
SL-3 DEB,1965-075E,1607,DEB,D,CIS,1965-09-23,TYMSC,1965-09-29,,,,,,,EA,IMP
OPS 6004,1965-076A,1609,PAY,D,US,1965-09-30,AFWTR,1965-10-05,,,,,,,EA,IMP
LUNA 7,1965-077A,1610,PAY,D,CIS,1965-10-04,TYMSC,1965-10-07,,,,,,NIE,MO,IMP
SL-6 R/B,1965-077B,1611,R/B,D,CIS,1965-10-04,TYMSC,1965-10-04,,,,,,,EA,IMP
SL-6 PLAT,1965-077C,1612,DEB,D,CIS,1965-10-04,TYMSC,1965-10-05,,,,,,,EA,IMP
OV1-2,1965-078A,1613,PAY,,US,1965-10-05,AFWTR,,110.62,144.23,2114,396,0.4921,,EA,ORB
ATLAS AGENA D R/B,1965-076B,1614,R/B,D,US,1965-09-30,AFWTR,1965-10-03,,,,,,,EA,IMP
OPS 5325,1965-079A,1615,PAY,D,US,1965-10-05,AFWTR,1965-10-29,89.06,75.05,265,192,,,EA,IMP
ATLAS D R/B,1965-078B,1616,R/B,,US,1965-10-05,AFWTR,,107.58,144.22,1837,392,0.9836,,EA,ORB
SL-8 DEB,1965-073J,1617,DEB,,CIS,1965-09-18,TYMSC,,116.62,56.13,1709,1349,0.2194,,EA,ORB
SL-8 DEB,1965-073K,1618,DEB,,CIS,1965-09-18,TYMSC,,117.03,56.18,1726,1369,0.1053,,EA,ORB
SL-6 PLAT,1965-080B,1619,DEB,D,CIS,1965-10-14,TYMSC,1965-11-08,89.64,64.85,327,186,,,EA,IMP
OGO 2 (POGO),1965-081A,1620,PAY,D,US,1965-10-14,AFWTR,1981-09-17,87.64,87.25,170,145,10.2338,,EA,IMP
MOLNIYA 1-2,1965-080A,1621,PAY,D,CIS,1965-10-14,TYMSC,1967-03-17,716.55,64.93,39734,560,,,EA,IMP
SL-6 DEB,1965-080C,1622,DEB,D,CIS,1965-10-14,TYMSC,1965-10-22,,,,,,,EA,IMP
SL-6 R/B(1),1965-080D,1623,R/B,D,CIS,1965-10-14,TYMSC,1965-11-16,90.73,64.83,422,199,,,EA,IMP
TITAN 3C TRANSTAGE DEB,1965-082A,1624,DEB,D,US,1965-10-15,AFETR,1972-07-27,89.44,32.30,264,229,,,EA,IMP
THOR AGENA D R/B,1965-081B,1625,R/B,D,US,1965-10-14,AFWTR,1987-11-27,87.11,87.24,138,125,10.9583,,EA,IMP
COSMOS 92,1965-083A,1626,PAY,D,CIS,1965-10-16,TYMSC,1965-10-24,,,,,,,EA,IMP
SL-3 R/B,1965-083B,1627,R/B,D,CIS,1965-10-16,TYMSC,1965-10-29,89.07,64.95,263,194,,,EA,IMP
SL-3 DEB,1965-083C,1628,DEB,D,CIS,1965-10-16,TYMSC,1965-10-25,,,,,,,EA,IMP
COSMOS 93,1965-084A,1629,PAY,D,CIS,1965-10-19,KYMSC,1966-01-03,88.16,48.34,209,158,,,EA,IMP
SL-7 R/B,1965-084B,1630,R/B,D,CIS,1965-10-19,KYMSC,1965-11-17,91.60,48.36,498,209,,,EA,IMP
SL-7 DEB,1965-084C,1631,DEB,D,CIS,1965-10-19,KYMSC,1965-10-25,,,,,,,EA,IMP
SL-7 DEB,1965-084D,1632,DEB,D,CIS,1965-10-19,KYMSC,1965-10-26,,,,,,,EA,IMP
SL-8 DEB,1965-020EC,1633,DEB,D,CIS,1965-03-15,TYMSC,1981-01-31,,,,,0.2600,,EA,IMP
SL-8 DEB,1965-020ED,1634,DEB,,CIS,1965-03-15,TYMSC,,115.33,56.15,2141,800,0.0768,,EA,ORB
SL-8 DEB,1965-020EE,1635,DEB,D,CIS,1965-03-15,TYMSC,1967-10-20,93.20,56.22,499,363,,,EA,IMP
COSMOS 94,1965-085A,1636,PAY,D,CIS,1965-10-28,TYMSC,1965-11-05,89.17,65.01,265,202,,,EA,IMP
OPS 2155,1965-086A,1637,PAY,D,US,1965-10-28,AFWTR,1965-11-17,,,,,,,EA,IMP
SL-3 R/B,1965-085B,1638,R/B,D,CIS,1965-10-28,TYMSC,1965-11-03,,,,,,,EA,IMP
OPS 2155 DEB,1965-086B,1639,DEB,D,US,1965-10-28,AFWTR,1965-11-01,,,,,,,EA,IMP
TITAN 3C TRANSTAGE DEB,1965-082B,1640,DEB,D,US,1965-10-15,AFETR,1982-08-25,88.05,32.09,180,176,0.9665,,EA,IMP
OV2-1 & LCS 2,1965-082C,1641,PAY,-,US,1965-10-15,AFETR,,98.98,32.30,723,697,0.7628,,EA,ORB
TITAN 3C TRANSTAGE DEB,1965-082D,1642,DEB,,US,1965-10-15,AFETR,,97.00,32.09,631,599,2.2375,,EA,ORB
TITAN 3C TRANSTAGE DEB,1965-082E,1643,DEB,D,US,1965-10-15,AFETR,1989-12-25,88.84,32.46,223,212,0.2100,,EA,IMP
TITAN 3C TRANSTAGE DEB,1965-082F,1644,DEB,D,US,1965-10-15,AFETR,1980-08-14,89.92,32.49,283,258,0.0483,,EA,IMP
TITAN 3C TRANSTAGE DEB,1965-082G,1645,DEB,D,US,1965-10-15,AFETR,1979-05-04,94.55,32.63,506,488,0.2660,,EA,IMP
TITAN 3C TRANSTAGE DEB,1965-082H,1646,DEB,,US,1965-10-15,AFETR,,97.46,32.31,639,635,1.5225,,EA,ORB
TITAN 3C TRANSTAGE DEB,1965-082J,1647,DEB,D,US,1965-10-15,AFETR,1989-11-17,90.15,32.11,292,272,0.3500,,EA,IMP
TITAN 3C TRANSTAGE DEB,1965-082K,1648,DEB,D,US,1965-10-15,AFETR,1968-03-02,93.66,32.14,453,453,,,EA,IMP
TITAN 3C TRANSTAGE DEB,1965-082L,1649,DEB,D,US,1965-10-15,AFETR,1979-10-16,89.70,33.04,260,258,0.1091,,EA,IMP
TITAN 3C TRANSTAGE DEB,1965-082M,1650,DEB,D,US,1965-10-15,AFETR,1979-10-18,92.96,32.57,434,406,0.2069,,EA,IMP
TITAN 3C TRANSTAGE DEB,1965-082N,1651,DEB,D,US,1965-10-15,AFETR,1991-01-27,90.31,32.11,301,278,0.4799,,EA,IMP
TITAN 3C TRANSTAGE DEB,1965-082P,1652,DEB,D,US,1965-10-15,AFETR,1979-03-15,92.29,33.25,418,356,0.0679,,EA,IMP
TITAN 3C TRANSTAGE DEB,1965-082Q,1653,DEB,,US,1965-10-15,AFETR,,98.34,32.12,708,650,0.6130,,EA,ORB
TITAN 3C TRANSTAGE DEB,1965-082R,1654,DEB,D,US,1965-10-15,AFETR,1979-10-16,91.36,32.46,355,328,0.1106,,EA,IMP
TITAN 3C TRANSTAGE DEB,1965-082S,1655,DEB,D,US,1965-10-15,AFETR,1971-04-19,89.87,31.64,269,267,,,EA,IMP
TITAN 3C TRANSTAGE DEB,1965-082T,1656,DEB,D,US,1965-10-15,AFETR,1981-11-25,89.95,31.89,280,264,0.1456,,EA,IMP
TITAN 3C TRANSTAGE DEB,1965-082U,1657,DEB,D,US,1965-10-15,AFETR,1970-06-17,89.92,32.19,278,263,,,EA,IMP
TITAN 3C TRANSTAGE DEB,1965-082V,1658,DEB,D,US,1965-10-15,AFETR,1970-05-08,89.71,32.41,260,260,,,EA,IMP
TITAN 3C TRANSTAGE DEB,1965-082W,1659,DEB,D,US,1965-10-15,AFETR,1969-11-20,91.53,33.59,359,341,,,EA,IMP
TITAN 3C TRANSTAGE DEB,1965-082X,1660,DEB,D,US,1965-10-15,AFETR,1969-09-23,90.65,32.56,306,306,,,EA,IMP
TITAN 3C TRANSTAGE DEB,1965-082Y,1661,DEB,D,US,1965-10-15,AFETR,1971-05-15,89.43,32.73,246,246,,,EA,IMP
TITAN 3C TRANSTAGE DEB,1965-082Z,1662,DEB,D,US,1965-10-15,AFETR,1989-08-31,88.60,32.06,208,203,3.1937,,EA,IMP
TITAN 3C TRANSTAGE DEB,1965-082AA,1663,DEB,D,US,1965-10-15,AFETR,2002-05-04,90.91,32.31,336,303,0.3709,,EA,IMP
TITAN 3C TRANSTAGE DEB,1965-082AB,1664,DEB,D,US,1965-10-15,AFETR,1998-07-15,88.05,32.39,178,178,0.5034,,EA,IMP
TITAN 3C TRANSTAGE DEB,1965-082AC,1665,DEB,D,US,1965-10-15,AFETR,1981-01-28,93.05,31.83,428,420,0.1955,,EA,IMP
TITAN 3C TRANSTAGE DEB,1965-082AD,1666,DEB,D,US,1965-10-15,AFETR,1979-06-16,93.43,32.04,455,430,0.3271,,EA,IMP
TITAN 3C TRANSTAGE DEB,1965-082AE,1667,DEB,D,US,1965-10-15,AFETR,1982-04-02,91.31,31.94,356,322,0.1835,,EA,IMP
TITAN 3C TRANSTAGE DEB,1965-082AF,1668,DEB,,US,1965-10-15,AFETR,,97.12,32.07,631,611,2.7602,,EA,ORB
TITAN 3C TRANSTAGE DEB,1965-082AG,1669,DEB,D,US,1965-10-15,AFETR,1971-08-15,89.70,32.59,266,253,,,EA,IMP
TITAN 3C TRANSTAGE DEB,1965-082AH,1670,DEB,D,US,1965-10-15,AFETR,1989-02-25,88.48,32.05,201,197,0.5435,,EA,IMP
TITAN 3C TRANSTAGE DEB,1965-082AJ,1671,DEB,,US,1965-10-15,AFETR,,99.03,32.16,749,676,0.1494,,EA,ORB
TITAN 3C TRANSTAGE DEB,1965-082AK,1672,DEB,D,US,1965-10-15,AFETR,2024-09-17,89.61,32.33,261,249,0.1602,,EA,IMP
TITAN 3C TRANSTAGE DEB,1965-082AL,1673,DEB,D,US,1965-10-15,AFETR,2002-01-19,88.81,31.97,218,213,0.2860,,EA,IMP
TITAN 3C TRANSTAGE DEB,1965-082AM,1674,DEB,D,US,1965-10-15,AFETR,1969-03-18,90.00,32.29,275,275,,,EA,IMP
TITAN 3C TRANSTAGE DEB,1965-082AN,1675,DEB,D,US,1965-10-15,AFETR,1979-04-08,92.56,33.23,404,397,0.0395,,EA,IMP
TITAN 3C TRANSTAGE DEB,1965-082AP,1676,DEB,D,US,1965-10-15,AFETR,2004-11-07,87.53,32.29,164,140,0.1007,,EA,IMP
TITAN 3C TRANSTAGE DEB,1965-082AQ,1677,DEB,D,US,1965-10-15,AFETR,1990-06-21,89.01,32.15,230,222,0.3200,,EA,IMP
TITAN 3C TRANSTAGE DEB,1965-082AR,1678,DEB,D,US,1965-10-15,AFETR,1980-05-30,88.90,32.13,236,205,0.1332,,EA,IMP
TITAN 3C TRANSTAGE DEB,1965-082AS,1679,DEB,D,US,1965-10-15,AFETR,1980-05-24,89.49,32.24,262,236,0.1447,,EA,IMP
TITAN 3C TRANSTAGE DEB,1965-082AT,1680,DEB,,US,1965-10-15,AFETR,,98.24,32.26,689,660,2.0856,,EA,ORB
TITAN 3C TRANSTAGE DEB,1965-082AU,1681,DEB,D,US,1965-10-15,AFETR,1991-08-13,88.46,32.14,203,194,0.8344,,EA,IMP
TITAN 3C TRANSTAGE DEB,1965-082AV,1682,DEB,,US,1965-10-15,AFETR,,97.65,32.41,679,613,0.3890,,EA,ORB
TITAN 3C TRANSTAGE DEB,1965-082AW,1683,DEB,D,US,1965-10-15,AFETR,1966-07-11,91.86,32.71,391,341,,,EA,IMP
TITAN 3C TRANSTAGE DEB,1965-082AX,1684,DEB,,US,1965-10-15,AFETR,,99.97,32.21,876,638,1.3084,,EA,ORB
TITAN 3C TRANSTAGE DEB,1965-082AY,1685,DEB,D,US,1965-10-15,AFETR,2014-04-01,88.47,32.26,204,194,0.3203,,EA,IMP
TITAN 3C TRANSTAGE DEB,1965-082AZ,1686,DEB,D,US,1965-10-15,AFETR,1997-02-27,88.01,32.47,176,176,0.6300,,EA,IMP
TITAN 3C TRANSTAGE DEB,1965-082BA,1687,DEB,D,US,1965-10-15,AFETR,2003-02-12,88.68,32.00,212,206,0.2722,,EA,IMP
TITAN 3C TRANSTAGE DEB,1965-082BB,1688,DEB,D,US,1965-10-15,AFETR,1981-05-01,88.32,32.57,195,188,0.0749,,EA,IMP
TITAN 3C TRANSTAGE DEB,1965-082BC,1689,DEB,D,US,1965-10-15,AFETR,1978-12-29,92.62,32.66,408,398,0.1397,,EA,IMP
TITAN 3C TRANSTAGE DEB,1965-082BD,1690,DEB,D,US,1965-10-15,AFETR,1981-06-11,88.19,32.35,190,180,0.2644,,EA,IMP
TITAN 3C TRANSTAGE DEB,1965-082BE,1691,DEB,D,US,1965-10-15,AFETR,1971-03-12,89.42,32.33,246,246,,,EA,IMP
TITAN 3C TRANSTAGE DEB,1965-082BF,1692,DEB,D,US,1965-10-15,AFETR,1970-09-22,90.64,33.16,312,300,,,EA,IMP
TITAN 3C TRANSTAGE DEB,1965-082BG,1693,DEB,D,US,1965-10-15,AFETR,2006-01-02,88.41,32.43,202,190,0.3997,,EA,IMP
TITAN 3C TRANSTAGE DEB,1965-082BH,1694,DEB,D,US,1965-10-15,AFETR,1970-10-26,90.94,33.09,334,307,,,EA,IMP
TITAN 3C TRANSTAGE DEB,1965-082BJ,1695,DEB,D,US,1965-10-15,AFETR,1989-03-28,91.02,32.35,335,314,0.0928,,EA,IMP
TITAN 3C TRANSTAGE DEB,1965-082BK,1696,DEB,D,US,1965-10-15,AFETR,1968-01-18,92.47,32.17,404,388,,,EA,IMP
TITAN 3C TRANSTAGE DEB,1965-082BL,1697,DEB,D,US,1965-10-15,AFETR,1978-01-08,90.58,32.04,309,297,2.8578,,EA,IMP
TITAN 3C TRANSTAGE DEB,1965-082BM,1698,DEB,D,US,1965-10-15,AFETR,1972-05-09,89.33,32.14,255,228,,,EA,IMP
TITAN 3C TRANSTAGE DEB,1965-082BN,1699,DEB,D,US,1965-10-15,AFETR,1966-11-21,91.79,32.80,389,336,,,EA,IMP
TITAN 3C TRANSTAGE DEB,1965-082BP,1700,DEB,D,US,1965-10-15,AFETR,1970-04-03,89.91,32.66,284,257,,,EA,IMP
PROTON 2,1965-087A,1701,PAY,D,CIS,1965-11-02,TYMSC,1966-02-06,88.07,63.42,214,144,,,EA,IMP
SL-9 R/B,1965-087B,1702,R/B,D,CIS,1965-11-02,TYMSC,1966-01-04,88.33,63.44,234,150,,,EA,IMP
SL-9 DEB,1965-087C,1703,DEB,D,CIS,1965-11-02,TYMSC,1965-11-16,,,,,,,EA,IMP
SL-9 DEB,1965-087D,1704,DEB,D,CIS,1965-11-02,TYMSC,1965-11-08,,,,,,,EA,IMP
SL-9 DEB,1965-087E,1705,DEB,D,CIS,1965-11-02,TYMSC,1965-11-08,,,,,,,EA,IMP
COSMOS 95,1965-088A,1706,PAY,D,CIS,1965-11-04,KYMSC,1966-01-18,88.02,48.44,205,148,,,EA,IMP
SL-7 R/B,1965-088B,1707,R/B,D,CIS,1965-11-04,KYMSC,1965-11-28,,,,,,,EA,IMP
SL-7 DEB,1965-088C,1708,DEB,D,CIS,1965-11-04,KYMSC,1965-11-11,,,,,,,EA,IMP
TITAN 3C TRANSTAGE DEB,1965-082BQ,1709,DEB,D,US,1965-10-15,AFETR,1982-04-07,89.68,32.57,262,256,0.1780,,EA,IMP
TITAN 3C TRANSTAGE DEB,1965-082BR,1710,DEB,D,US,1965-10-15,AFETR,1973-03-01,89.62,32.77,256,256,,,EA,IMP
TITAN 3C TRANSTAGE DEB,1965-082BS,1711,DEB,D,US,1965-10-15,AFETR,1971-03-20,89.41,32.46,255,236,,,EA,IMP
TITAN 3C TRANSTAGE DEB,1965-082BT,1712,DEB,D,US,1965-10-15,AFETR,1981-09-16,89.48,32.22,260,238,0.1195,,EA,IMP
TITAN 3C TRANSTAGE DEB,1965-082BU,1713,DEB,D,US,1965-10-15,AFETR,1969-01-02,93.16,32.61,429,429,,,EA,IMP
TITAN 3C TRANSTAGE DEB,1965-082BV,1714,DEB,D,US,1965-10-15,AFETR,1970-08-09,90.58,32.92,304,302,,,EA,IMP
TITAN 3C TRANSTAGE DEB,1965-082BW,1715,DEB,D,US,1965-10-15,AFETR,1993-02-05,87.98,31.86,179,169,2.4200,,EA,IMP
TITAN 3C TRANSTAGE DEB,1965-082BX,1716,DEB,,US,1965-10-15,AFETR,,98.79,32.19,728,674,1.7970,,EA,ORB
TITAN 3C TRANSTAGE DEB,1965-082BY,1717,DEB,D,US,1965-10-15,AFETR,1969-02-02,91.85,32.14,378,353,,,EA,IMP
TITAN 3C TRANSTAGE DEB,1965-082BZ,1718,DEB,D,US,1965-10-15,AFETR,1981-06-07,91.02,32.14,332,316,0.2691,,EA,IMP
TITAN 3C TRANSTAGE DEB,1965-082CA,1719,DEB,D,US,1965-10-15,AFETR,1981-03-03,90.70,31.95,323,294,0.1593,,EA,IMP
TITAN 3C TRANSTAGE DEB,1965-082CB,1720,DEB,D,US,1965-10-15,AFETR,1967-03-04,94.89,32.36,542,484,,,EA,IMP
TITAN 3C TRANSTAGE DEB,1965-082CC,1721,DEB,D,US,1965-10-15,AFETR,2000-07-01,88.74,32.52,212,212,0.0702,,EA,IMP
TITAN 3C TRANSTAGE DEB,1965-082CD,1722,DEB,,US,1965-10-15,AFETR,,98.35,32.42,699,661,0.0717,,EA,ORB
TITAN 3C TRANSTAGE DEB,1965-082CE,1723,DEB,D,US,1965-10-15,AFETR,1978-11-06,91.60,32.12,368,338,0.1371,,EA,IMP
TITAN 3C TRANSTAGE DEB,1965-082CF,1724,DEB,D,US,1965-10-15,AFETR,1968-04-26,,,,,,,EA,IMP
TITAN 3C TRANSTAGE DEB,1965-082CG,1725,DEB,D,US,1965-10-15,AFETR,1997-04-11,89.48,32.27,253,245,0.2589,,EA,IMP
EXPLORER 29 (GEOS 1),1965-089A,1726,PAY,,US,1965-11-06,AFETR,,120.29,59.38,2268,1120,1.2963,,EA,ORB
OPS 8293,1965-090A,1727,PAY,D,US,1965-11-08,AFWTR,1965-11-11,,,,,,,EA,IMP
OPS 6232,1965-090B,1728,PAY,D,US,1965-11-08,AFWTR,1965-11-09,,,,,,,EA,IMP
DELTA 1 R/B,1965-089B,1729,R/B,,US,1965-11-06,AFETR,,120.24,59.39,2264,1119,0.6032,,EA,ORB
VENERA 2,1965-091A,1730,PAY,,CIS,1965-11-12,TYMSC,,,,,,,NEA,SU,ORB
SL-6 R/B,1965-091B,1731,R/B,D,CIS,1965-11-12,TYMSC,1965-11-17,,,,,,,EA,IMP
SL-6 PLAT,1965-091C,1732,DEB,D,CIS,1965-11-12,TYMSC,1965-11-25,,,,,,,EA,IMP
VENERA 3,1965-092A,1733,PAY,D,CIS,1965-11-16,TYMSC,1966-03-01,,,,,,NIE,VE,IMP
SL-6 R/B(1),1965-092B,1734,R/B,D,CIS,1965-11-16,TYMSC,1965-11-26,,,,,,,EA,IMP
SL-6 PLAT,1965-092C,1735,DEB,D,CIS,1965-11-16,TYMSC,1965-12-03,,,,,,,EA,IMP
SL-6 R/B(2),1965-092D,1736,R/B,,CIS,1965-11-16,TYMSC,,,,,,,NEA,SU,ORB
SL-6 DEB,1965-092E,1737,DEB,D,CIS,1965-11-16,TYMSC,1965-11-16,,,,,,,EA,IMP
EXPLORER 30,1965-093A,1738,PAY,,US,1965-11-19,WLPIS,,99.87,59.71,851,654,0.3703,,EA,ORB
SCOUT X-4 R/B,1965-093B,1739,R/B,,US,1965-11-19,WLPIS,,98.95,59.71,761,656,0.4742,,EA,ORB
COSMOS 95 DEB,1965-088D,1740,DEB,D,CIS,1965-11-04,KYMSC,1966-01-06,88.62,48.40,224,188,,,EA,IMP
COSMOS 95 DEB,1965-088E,1741,DEB,D,CIS,1965-11-04,KYMSC,1965-12-13,,,,,,,EA,IMP
COSMOS 96,1965-094A,1742,PAY,D,CIS,1965-11-23,TYMSC,1965-12-09,88.02,51.89,184,169,,,EA,IMP
SL-6 R/B,1965-094B,1743,R/B,D,CIS,1965-11-23,TYMSC,1965-12-04,87.72,51.86,168,155,,,EA,IMP
OPS 8411 DEB,1965-055D,1744,DEB,D,US,1965-07-17,AFWTR,1966-04-16,90.70,70.05,310,307,,,EA,IMP
OPS 8411 DEB,1965-055E,1745,DEB,D,US,1965-07-17,AFWTR,1966-03-23,93.13,70.14,435,421,,,EA,IMP
TITAN 3C TRANSTAGE DEB,1965-082CH,1746,DEB,D,US,1965-10-15,AFETR,1978-05-03,93.52,32.41,447,446,0.0320,,EA,IMP
TITAN 3C TRANSTAGE DEB,1965-082CJ,1747,DEB,D,US,1965-10-15,AFETR,1980-08-19,91.62,31.89,360,349,0.1607,,EA,IMP
TITAN 3C TRANSTAGE DEB,1965-082CK,1748,DEB,D,US,1965-10-15,AFETR,1991-05-30,91.55,32.28,366,335,0.2244,,EA,IMP
TITAN 3C TRANSTAGE DEB,1965-082CL,1749,DEB,D,US,1965-10-15,AFETR,1979-12-09,90.96,31.90,331,312,0.1922,,EA,IMP
TITAN 3C TRANSTAGE DEB,1965-082CM,1750,DEB,D,US,1965-10-15,AFETR,1970-02-08,91.86,32.54,374,357,,,EA,IMP
TITAN 3C TRANSTAGE DEB,1965-082CN,1751,DEB,D,US,1965-10-15,AFETR,1979-10-21,91.79,32.71,373,351,0.0811,,EA,IMP
TITAN 3C TRANSTAGE DEB,1965-082CP,1752,DEB,D,US,1965-10-15,AFETR,1980-12-08,88.97,32.01,231,217,0.1223,,EA,IMP
TITAN 3C TRANSTAGE DEB,1965-082CQ,1753,DEB,D,US,1965-10-15,AFETR,1990-04-30,90.19,32.19,289,279,0.2223,,EA,IMP
TITAN 3C TRANSTAGE DEB,1965-082CR,1754,DEB,D,US,1965-10-15,AFETR,1968-08-04,90.20,32.01,284,284,,,EA,IMP
TITAN 3C TRANSTAGE DEB,1965-082CS,1755,DEB,D,US,1965-10-15,AFETR,1981-04-30,92.79,31.94,413,409,0.1754,,EA,IMP
TITAN 3C TRANSTAGE DEB,1965-082CT,1756,DEB,D,US,1965-10-15,AFETR,1987-09-13,89.65,32.04,264,250,0.2017,,EA,IMP
TITAN 3C TRANSTAGE DEB,1965-082CU,1757,DEB,D,US,1965-10-15,AFETR,1981-05-05,90.51,32.29,308,291,0.0471,,EA,IMP
TITAN 3C TRANSTAGE DEB,1965-082CV,1758,DEB,D,US,1965-10-15,AFETR,1973-01-13,90.26,31.84,293,282,,,EA,IMP
TITAN 3C TRANSTAGE DEB,1965-082CW,1759,DEB,D,US,1965-10-15,AFETR,1980-10-21,89.90,32.16,276,264,0.1706,,EA,IMP
TITAN 3C TRANSTAGE DEB,1965-082CX,1760,DEB,D,US,1965-10-15,AFETR,1971-03-31,89.16,32.44,234,232,,,EA,IMP
TITAN 3C TRANSTAGE DEB,1965-082CY,1761,DEB,D,US,1965-10-15,AFETR,1989-11-02,90.48,32.43,318,278,0.2128,,EA,IMP
TITAN 3C TRANSTAGE DEB,1965-082CZ,1762,DEB,D,US,1965-10-15,AFETR,1968-01-22,,,,,,,EA,IMP
TITAN 3C TRANSTAGE DEB,1965-082DA,1763,DEB,D,US,1965-10-15,AFETR,1972-10-08,89.64,32.32,259,254,,,EA,IMP
TITAN 3C TRANSTAGE DEB,1965-082DB,1764,DEB,D,US,1965-10-15,AFETR,1977-09-28,91.67,32.86,365,348,0.1140,,EA,IMP
TITAN 3C TRANSTAGE DEB,1965-082DC,1765,DEB,D,US,1965-10-15,AFETR,1973-06-09,94.29,32.04,486,482,,,EA,IMP
TITAN 3C TRANSTAGE DEB,1965-082DD,1766,DEB,D,US,1965-10-15,AFETR,1971-04-03,89.32,31.98,261,220,,,EA,IMP
TITAN 3C TRANSTAGE DEB,1965-082DE,1767,DEB,D,US,1965-10-15,AFETR,1971-02-19,88.99,32.27,225,225,,,EA,IMP
TITAN 3C TRANSTAGE DEB,1965-082DF,1768,DEB,D,US,1965-10-15,AFETR,1970-11-27,89.67,31.95,258,258,,,EA,IMP
TITAN 3C TRANSTAGE DEB,1965-082DG,1769,DEB,D,US,1965-10-15,AFETR,1981-11-07,90.76,32.04,332,292,0.0408,,EA,IMP
TITAN 3C TRANSTAGE DEB,1965-082DH,1770,DEB,D,US,1965-10-15,AFETR,1979-09-10,89.24,32.25,245,229,1.1499,,EA,IMP
SL-6 DEB,1965-094C,1771,DEB,D,CIS,1965-11-23,TYMSC,1965-11-28,,,,,,,EA,IMP
SL-6 DEB,1965-094D,1772,DEB,D,CIS,1965-11-23,TYMSC,1965-11-28,,,,,,,EA,IMP
SL-6 DEB,1965-094E,1773,DEB,D,CIS,1965-11-23,TYMSC,1965-11-29,,,,,,,EA,IMP
SL-6 DEB,1965-094F,1774,DEB,D,CIS,1965-11-23,TYMSC,1965-11-28,,,,,,,EA,IMP
SL-6 DEB,1965-094G,1775,DEB,D,CIS,1965-11-23,TYMSC,1965-12-08,,,,,,,EA,IMP
SL-6 DEB,1965-094H,1776,DEB,D,CIS,1965-11-23,TYMSC,1965-12-08,89.49,51.82,283,215,,,EA,IMP
COSMOS 97,1965-095A,1777,PAY,D,CIS,1965-11-26,KYMSC,1967-04-02,89.07,48.34,280,177,,,EA,IMP
A-1 (ASTERIX),1965-096A,1778,PAY,,FR,1965-11-26,HGSTR,,106.68,34.26,1624,522,0.3870,,EA,ORB
SL-7 R/B,1965-095B,1779,R/B,D,CIS,1965-11-26,KYMSC,1967-02-21,89.18,48.37,306,162,,,EA,IMP
COSMOS 98,1965-097A,1780,PAY,D,CIS,1965-11-27,TYMSC,1965-12-05,,,,,,,EA,IMP
SL-3 R/B,1965-097B,1781,R/B,D,CIS,1965-11-27,TYMSC,1966-01-23,,,,,,,EA,IMP
SL-7 DEB,1965-095C,1782,DEB,D,CIS,1965-11-26,KYMSC,1966-01-21,,,,,,,EA,IMP
SL-7 DEB,1965-095D,1783,DEB,D,CIS,1965-11-26,KYMSC,1966-01-21,,,,,,,EA,IMP
COSMOS 95 DEB,1965-088F,1784,DEB,D,CIS,1965-11-04,KYMSC,1965-11-11,,,,,,,EA,IMP
COSMOS 95 DEB,1965-088G,1785,DEB,D,CIS,1965-11-04,KYMSC,1965-11-16,,,,,,,EA,IMP
COSMOS 95 DEB,1965-088H,1786,DEB,D,CIS,1965-11-04,KYMSC,1965-11-09,,,,,,,EA,IMP
COSMOS 95 DEB,1965-088J,1787,DEB,D,CIS,1965-11-04,KYMSC,1965-11-09,,,,,,,EA,IMP
COSMOS 95 DEB,1965-088K,1788,DEB,D,CIS,1965-11-04,KYMSC,1965-11-19,,,,,,,EA,IMP
COSMOS 95 DEB,1965-088L,1789,DEB,D,CIS,1965-11-04,KYMSC,1965-11-28,,,,,,,EA,IMP
COSMOS 95 DEB,1965-088M,1790,DEB,D,CIS,1965-11-04,KYMSC,1965-11-12,,,,,,,EA,IMP
COSMOS 95 DEB,1965-088N,1791,DEB,D,CIS,1965-11-04,KYMSC,1965-11-07,,,,,,,EA,IMP
COSMOS 95 DEB,1965-088P,1792,DEB,D,CIS,1965-11-04,KYMSC,1965-11-16,,,,,,,EA,IMP
COSMOS 95 DEB,1965-088Q,1793,DEB,D,CIS,1965-11-04,KYMSC,1965-11-07,,,,,,,EA,IMP
COSMOS 95 DEB,1965-088R,1794,DEB,D,CIS,1965-11-04,KYMSC,1965-11-28,,,,,,,EA,IMP
COSMOS 95 DEB,1965-088S,1795,DEB,D,CIS,1965-11-04,KYMSC,1965-11-08,,,,,,,EA,IMP
COSMOS 95 DEB,1965-088T,1796,DEB,D,CIS,1965-11-04,KYMSC,1965-11-15,,,,,,,EA,IMP
COSMOS 95 DEB,1965-088U,1797,DEB,D,CIS,1965-11-04,KYMSC,1965-11-11,,,,,,,EA,IMP
COSMOS 95 DEB,1965-088V,1798,DEB,D,CIS,1965-11-04,KYMSC,1965-11-28,,,,,,,EA,IMP
COSMOS 95 DEB,1965-088W,1799,DEB,D,CIS,1965-11-04,KYMSC,1965-11-28,,,,,,,EA,IMP
COSMOS 95 DEB,1965-088X,1800,DEB,D,CIS,1965-11-04,KYMSC,1965-11-28,,,,,,,EA,IMP
COSMOS 95 DEB,1965-088Y,1801,DEB,D,CIS,1965-11-04,KYMSC,1965-11-26,,,,,,,EA,IMP
COSMOS 95 DEB,1965-088Z,1802,DEB,D,CIS,1965-11-04,KYMSC,1965-11-28,,,,,,,EA,IMP
SL-3 DEB,1965-097C,1803,DEB,D,CIS,1965-11-27,TYMSC,1965-12-08,,,,,,,EA,IMP
ALOUETTE 2,1965-098A,1804,PAY,,CA,1965-11-29,AFWTR,,117.23,79.80,2612,500,0.9848,,EA,ORB
DIAMANT R/B,1965-096B,1805,R/B,,FR,1965-11-26,HGSTR,,103.73,34.25,1360,509,1.0496,,EA,ORB
EXPLORER 31 (ISIS-X),1965-098B,1806,PAY,,US,1965-11-29,AFWTR,,119.17,79.78,2785,502,0.5874,,EA,ORB
THOR AGENA B R/B,1965-098C,1807,R/B,,US,1965-11-29,AFWTR,,117.25,79.84,2613,502,4.4151,,EA,ORB
THOR AGENA B DEB,1965-098D,1808,DEB,D,US,1965-11-29,AFWTR,2002-09-24,87.96,79.70,185,163,1.0497,,EA,IMP
SL-6 R/B,1965-099B,1809,R/B,D,CIS,1965-12-03,TYMSC,1965-12-05,,,,,0.6600,,EA,IMP
LUNA 8,1965-099A,1810,PAY,D,CIS,1965-12-03,TYMSC,1965-12-06,,,,,,NIE,MO,IMP
SL-6 PLAT,1965-099C,1811,DEB,D,CIS,1965-12-03,TYMSC,1965-12-06,,,,,,,EA,IMP
GEMINI 7,1965-100A,1812,PAY,D,US,1965-12-04,AFETR,1965-12-18,90.44,28.91,300,292,,NIE,EA,LAN
TITAN 2 R/B,1965-100B,1813,R/B,D,US,1965-12-04,AFETR,1965-12-07,89.00,28.90,293,158,,,EA,IMP
FR 1,1965-101A,1814,PAY,,FR,1965-12-06,AFWTR,,97.84,75.86,660,651,0.5460,,EA,ORB
SCOUT X-4 R/B,1965-101B,1815,R/B,,US,1965-12-06,AFWTR,,96.50,75.84,596,586,0.5208,,EA,ORB
OPS 7249,1965-102A,1816,PAY,D,US,1965-12-09,AFWTR,1965-12-26,,,,,,,EA,IMP
COSMOS 99,1965-103A,1817,PAY,D,CIS,1965-12-10,TYMSC,1965-12-18,,,,,,,EA,IMP
SL-3 R/B,1965-103B,1818,R/B,D,CIS,1965-12-10,TYMSC,1965-12-28,88.01,64.98,191,161,,,EA,IMP
TITAN 3C TRANSTAGE DEB,1965-082DJ,1819,DEB,D,US,1965-10-15,AFETR,1979-06-20,93.72,31.55,466,447,0.1397,,EA,IMP
TITAN 3C TRANSTAGE DEB,1965-082DK,1820,DEB,D,US,1965-10-15,AFETR,1981-03-30,91.13,33.13,350,310,0.0880,,EA,IMP
TITAN 3C TRANSTAGE DEB,1965-082DL,1821,DEB,D,US,1965-10-15,AFETR,1967-05-05,94.80,33.22,523,494,,,EA,IMP
TITAN 3C TRANSTAGE R/B,1965-082DM,1822,R/B,D,US,1965-10-15,AFETR,2003-12-02,87.75,32.14,163,163,5.5345,,EA,IMP
TITAN 3C TRANSTAGE DEB,1965-082DN,1823,DEB,D,US,1965-10-15,AFETR,1974-04-21,89.30,32.09,240,240,,,EA,IMP
TITAN 3C TRANSTAGE DEB,1965-082DP,1824,DEB,D,US,1965-10-15,AFETR,1967-07-11,,,,,,,EA,IMP
TITAN 3C TRANSTAGE DEB,1965-082DQ,1825,DEB,D,US,1965-10-15,AFETR,1989-07-03,91.24,32.60,348,323,0.0798,,EA,IMP
TITAN 3C TRANSTAGE DEB,1965-082DR,1826,DEB,D,US,1965-10-15,AFETR,1966-03-22,92.96,32.59,510,329,,,EA,IMP
TITAN 3C TRANSTAGE DEB,1965-082DS,1827,DEB,D,US,1965-10-15,AFETR,1980-12-30,89.23,32.32,244,229,0.2591,,EA,IMP
TITAN 3C TRANSTAGE DEB,1965-082DT,1828,DEB,D,US,1965-10-15,AFETR,1979-01-02,91.66,32.17,356,356,0.4142,,EA,IMP
TITAN 3C TRANSTAGE DEB,1965-082DU,1829,DEB,,US,1965-10-15,AFETR,,96.66,32.29,615,582,0.0453,,EA,ORB
TITAN 3C TRANSTAGE DEB,1965-082DV,1830,DEB,D,US,1965-10-15,AFETR,1991-06-18,89.03,32.27,233,220,0.1252,,EA,IMP
TITAN 3C TRANSTAGE DEB,1965-082DW,1831,DEB,D,US,1965-10-15,AFETR,1967-11-20,91.31,32.43,344,334,,,EA,IMP
TITAN 3C TRANSTAGE DEB,1965-082DX,1832,DEB,D,US,1965-10-15,AFETR,1999-12-18,87.74,32.02,170,155,0.2671,,EA,IMP
TITAN 3C TRANSTAGE DEB,1965-082DY,1833,DEB,,US,1965-10-15,AFETR,,97.66,32.23,687,606,0.1135,,EA,ORB
TITAN 3C TRANSTAGE DEB,1965-082DZ,1834,DEB,D,US,1965-10-15,AFETR,1967-07-10,91.27,33.01,359,315,,,EA,IMP
TITAN 3C TRANSTAGE DEB,1965-082EA,1835,DEB,,US,1965-10-15,AFETR,,95.39,32.40,545,529,0.0105,,EA,ORB
TITAN 3C TRANSTAGE DEB,1965-082EB,1836,DEB,D,US,1965-10-15,AFETR,1993-04-17,88.29,32.19,192,188,0.3430,,EA,IMP
TITAN 3C TRANSTAGE DEB,1965-082EC,1837,DEB,D,US,1965-10-15,AFETR,1968-05-01,91.41,32.20,350,338,,,EA,IMP
OPS 7249 DEB,1965-102B,1838,DEB,D,US,1965-12-09,AFWTR,1965-12-15,,,,,,,EA,IMP
GEMINI 6,1965-104A,1839,PAY,D,US,1965-12-15,AFETR,1965-12-16,,,,,,,EA,LAN
TITAN 2 R/B,1965-104B,1840,R/B,D,US,1965-12-15,AFETR,1965-12-16,,,,,,,EA,IMP
PIONEER 6,1965-105A,1841,PAY,,US,1965-12-16,AFETR,,,,,,0.0035,NEA,SU,ORB
DELTA 1 R/B,1965-105B,1842,R/B,D,US,1965-12-16,AFETR,1968-09-06,88.07,30.17,192,166,,,EA,IMP
COSMOS 100,1965-106A,1843,PAY,D,CIS,1965-12-17,TYMSC,2002-02-15,86.99,64.90,131,120,8.6733,,EA,IMP
SL-3 R/B,1965-106B,1844,R/B,D,CIS,1965-12-17,TYMSC,1999-11-30,87.67,64.94,164,154,10.7376,,EA,IMP
ADAPTOR MODULE DEB,1965-100C,1845,DEB,D,US,1965-12-04,AFETR,1966-01-27,,,,,,,EA,IMP
COSMOS 101,1965-107A,1846,PAY,D,CIS,1965-12-21,KYMSC,1966-07-12,87.99,48.76,185,164,,,EA,IMP
SL-7 R/B,1965-107B,1847,R/B,D,CIS,1965-12-21,KYMSC,1966-04-16,88.65,48.71,233,183,,,EA,IMP
TITAN 3C TRANSTAGE DEB,1965-082EF,1848,DEB,D,US,1965-10-15,AFETR,1969-09-17,90.94,32.86,329,312,,,EA,IMP
TITAN 3C TRANSTAGE DEB,1965-082EG,1849,DEB,D,US,1965-10-15,AFETR,1967-07-19,,,,,,,EA,IMP
TITAN 3C TRANSTAGE DEB,1965-082EK,1850,DEB,D,US,1965-10-15,AFETR,1970-04-22,90.78,32.63,328,298,,,EA,IMP
TITAN 3C TRANSTAGE DEB,1965-082EJ,1851,DEB,D,US,1965-10-15,AFETR,1966-09-29,95.93,32.70,671,456,,,EA,IMP
TITAN 3C TRANSTAGE DEB,1965-082EH,1852,DEB,D,US,1965-10-15,AFETR,1968-01-17,95.56,32.49,616,476,,,EA,IMP
TITAN 3C TRANSTAGE DEB,1965-082EL,1853,DEB,D,US,1965-10-15,AFETR,1966-11-29,91.87,32.72,454,278,,,EA,IMP
TITAN 3C TRANSTAGE DEB,1965-082EM,1854,DEB,D,US,1965-10-15,AFETR,1966-04-27,94.40,32.52,569,410,,,EA,IMP
TITAN 3C TRANSTAGE DEB,1965-082EN,1855,DEB,D,US,1965-10-15,AFETR,1974-09-12,89.19,32.15,245,224,,,EA,IMP
TITAN 3C TRANSTAGE DEB,1965-082EP,1856,DEB,D,US,1965-10-15,AFETR,1967-02-06,97.19,31.71,751,497,,,EA,IMP
TITAN 3C TRANSTAGE DEB,1965-082EQ,1857,DEB,D,US,1965-10-15,AFETR,2016-09-10,88.26,31.86,193,184,0.1754,,EA,IMP
TITAN 3C TRANSTAGE DEB,1965-082ER,1858,DEB,D,US,1965-10-15,AFETR,1967-01-03,92.00,32.65,393,353,,,EA,IMP
TITAN 3C TRANSTAGE DEB,1965-082ES,1859,DEB,,US,1965-10-15,AFETR,,99.37,32.13,776,681,0.1700,,EA,ORB
TITAN 3C TRANSTAGE DEB,1965-082ET,1860,DEB,D,US,1965-10-15,AFETR,1969-04-19,89.90,33.39,278,261,,,EA,IMP
TITAN 3C TRANSTAGE DEB,1965-082ED,1861,DEB,D,US,1965-10-15,AFETR,1989-12-22,90.77,32.34,320,305,0.0895,,EA,IMP
TITAN 3C TRANSTAGE DEB,1965-082EE,1862,DEB,D,US,1965-10-15,AFETR,1968-09-11,93.92,32.56,485,447,,,EA,IMP
TITAN 3C TRANSTAGE R/B,1965-108A,1863,R/B,,US,1965-12-21,AFETR,,359.62,26.74,20403,344,10.2538,,EA,ORB
OPS 1509 (TRANSIT 10),1965-109A,1864,PAY,,US,1965-12-22,AFWTR,,104.42,89.07,1048,886,1.1521,,EA,ORB
SCOUT A R/B,1965-109B,1865,R/B,,US,1965-12-22,AFWTR,,104.59,89.07,1058,892,0.5895,,EA,ORB
OPS 4639,1965-110A,1866,PAY,D,US,1965-12-24,AFWTR,1966-01-20,88.98,79.99,284,164,,,EA,IMP
COSMOS 102,1965-111A,1867,PAY,D,CIS,1965-12-27,TYMSC,1966-01-13,,,,,,,EA,IMP
COSMOS 103,1965-112A,1868,PAY,D,CIS,1965-12-28,TYMSC,1990-01-02,87.57,56.03,156,151,8.2418,,EA,IMP
SL-8 R/B,1965-112B,1869,R/B,D,CIS,1965-12-28,TYMSC,1982-06-15,87.43,55.99,156,139,10.8384,,EA,IMP
LES-4,1965-108B,1870,PAY,D,US,1965-12-21,AFETR,1977-08-01,107.24,26.35,2070,127,6.3580,,EA,IMP
SL-8 DEB,1965-112C,1871,DEB,D,CIS,1965-12-28,TYMSC,1967-04-25,91.78,56.03,362,362,,,EA,IMP
SL-8 DEB,1965-112D,1872,DEB,D,CIS,1965-12-28,TYMSC,1967-12-27,91.74,56.04,363,357,,,EA,IMP
SL-8 DEB,1965-112E,1873,DEB,D,CIS,1965-12-28,TYMSC,1967-04-21,91.63,55.98,355,355,,,EA,IMP
SL-8 DEB,1965-112F,1874,DEB,D,CIS,1965-12-28,TYMSC,1968-05-01,92.93,55.94,429,407,,,EA,IMP
SL-8 DEB,1965-112G,1875,DEB,D,CIS,1965-12-28,TYMSC,1968-02-17,90.79,56.04,313,313,,,EA,IMP
SL-8 DEB,1965-112H,1876,DEB,D,CIS,1965-12-28,TYMSC,1968-03-12,91.18,56.03,332,332,,,EA,IMP
SL-8 DEB,1965-112J,1877,DEB,D,CIS,1965-12-28,TYMSC,1968-03-22,93.06,55.95,428,421,,,EA,IMP
SL-8 DEB,1965-112K,1878,DEB,D,CIS,1965-12-28,TYMSC,1970-07-02,91.01,56.01,329,320,,,EA,IMP
TITAN 3C TRANSTAGE DEB,1965-082EU,1879,DEB,D,US,1965-10-15,AFETR,1966-03-22,93.25,32.99,532,335,,,EA,IMP
TITAN 3C TRANSTAGE DEB,1965-082EV,1880,DEB,D,US,1965-10-15,AFETR,1966-09-11,92.87,32.27,469,361,,,EA,IMP
TITAN 3C TRANSTAGE DEB,1965-082EW,1881,DEB,D,US,1965-10-15,AFETR,1989-01-07,88.74,32.06,216,208,0.3900,,EA,IMP
TITAN 3C TRANSTAGE DEB,1965-082EX,1882,DEB,D,US,1965-10-15,AFETR,1970-07-14,91.56,31.98,358,344,,,EA,IMP
TITAN 3C TRANSTAGE DEB,1965-082EY,1883,DEB,,US,1965-10-15,AFETR,,94.47,32.09,502,484,0.0423,,EA,ORB
TITAN 3C TRANSTAGE DEB,1965-082EZ,1884,DEB,D,US,1965-10-15,AFETR,1990-10-14,88.56,31.88,209,198,0.2994,,EA,IMP
TITAN 3C TRANSTAGE DEB,1965-082FA,1885,DEB,D,US,1965-10-15,AFETR,1970-01-30,89.77,32.30,263,263,,,EA,IMP
TITAN 3C TRANSTAGE DEB,1965-082FB,1886,DEB,D,US,1965-10-15,AFETR,1968-03-02,91.14,32.08,338,323,,,EA,IMP
TITAN 3C TRANSTAGE DEB,1965-082FC,1887,DEB,D,US,1965-10-15,AFETR,1979-05-23,91.55,32.07,363,338,0.1022,,EA,IMP
TITAN 3C TRANSTAGE DEB,1965-082FD,1888,DEB,D,US,1965-10-15,AFETR,1967-05-09,92.19,31.98,420,344,,,EA,IMP
TITAN 3C TRANSTAGE DEB,1965-082FE,1889,DEB,D,US,1965-10-15,AFETR,1968-01-09,91.95,31.96,401,339,,,EA,IMP
TITAN 3C TRANSTAGE DEB,1965-082FF,1890,DEB,D,US,1965-10-15,AFETR,1967-03-28,93.57,32.46,510,388,,,EA,IMP
TITAN 3C TRANSTAGE DEB,1965-082FG,1891,DEB,D,US,1965-10-15,AFETR,1968-03-11,92.62,32.02,404,403,,,EA,IMP
TITAN 3C TRANSTAGE DEB,1965-082FH,1892,DEB,D,US,1965-10-15,AFETR,1967-04-16,93.42,31.91,447,437,,,EA,IMP
TITAN 3C TRANSTAGE DEB,1965-082FJ,1893,DEB,D,US,1965-10-15,AFETR,1967-11-02,90.86,32.34,332,301,,,EA,IMP
TITAN 3C TRANSTAGE DEB,1965-082FK,1894,DEB,D,US,1965-10-15,AFETR,1969-09-14,89.11,32.03,236,225,,,EA,IMP
TITAN 3C TRANSTAGE DEB,1965-082FL,1895,DEB,D,US,1965-10-15,AFETR,1966-09-08,92.64,32.54,446,362,,,EA,IMP
TITAN 3C TRANSTAGE DEB,1965-082FM,1896,DEB,D,US,1965-10-15,AFETR,1966-09-23,93.52,32.39,513,381,,,EA,IMP
TITAN 3C TRANSTAGE DEB,1965-082FN,1897,DEB,D,US,1965-10-15,AFETR,1967-02-07,91.97,32.20,393,350,,,EA,IMP
TITAN 3C TRANSTAGE DEB,1965-082FP,1898,DEB,D,US,1965-10-15,AFETR,1983-11-09,90.53,31.90,310,290,0.0348,,EA,IMP
TITAN 3C TRANSTAGE DEB,1965-082FQ,1899,DEB,D,US,1965-10-15,AFETR,1967-07-11,90.89,32.06,324,313,,,EA,IMP
TITAN 3C TRANSTAGE DEB,1965-082FR,1900,DEB,D,US,1965-10-15,AFETR,1966-11-14,90.35,32.52,313,270,,,EA,IMP
OPS 4639 DEB,1965-110B,1901,DEB,D,US,1965-12-24,AFWTR,1966-01-06,90.10,80.00,380,179,,,EA,IMP
OSCAR 4 (OSCAR IV),1965-108C,1902,PAY,D,US,1965-12-21,AFETR,1976-04-12,89.16,26.47,358,108,,,EA,IMP
SL-8 DEB,1965-112L,1906,DEB,D,CIS,1965-12-28,TYMSC,1968-10-19,90.51,56.20,300,300,,,EA,IMP
SL-8 DEB,1965-112M,1907,DEB,D,CIS,1965-12-28,TYMSC,1968-10-16,91.02,56.28,327,322,,,EA,IMP
TITAN 3C TRANSTAGE DEB,1965-082FS,1908,DEB,D,US,1965-10-15,AFETR,1966-03-23,,,,,,,EA,IMP
TITAN 3C TRANSTAGE DEB,1965-082FT,1909,DEB,D,US,1965-10-15,AFETR,1966-07-19,90.99,32.50,366,279,,,EA,IMP
TITAN 3C TRANSTAGE DEB,1965-082FU,1910,DEB,D,US,1965-10-15,AFETR,1966-05-09,90.36,32.30,292,292,,,EA,IMP
TITAN 3C TRANSTAGE DEB,1965-082FV,1911,DEB,D,US,1965-10-15,AFETR,1966-06-21,90.63,32.16,322,290,,,EA,IMP
TITAN 3C TRANSTAGE DEB,1965-082FW,1912,DEB,D,US,1965-10-15,AFETR,1966-08-14,92.92,31.96,443,392,,,EA,IMP
TITAN 3C TRANSTAGE DEB,1965-082FX,1913,DEB,D,US,1965-10-15,AFETR,1979-09-24,89.93,32.27,272,270,0.1635,,EA,IMP
TITAN 3C TRANSTAGE DEB,1965-082FY,1914,DEB,D,US,1965-10-15,AFETR,1979-12-09,95.46,33.00,562,519,0.0128,,EA,IMP
TITAN 3C TRANSTAGE DEB,1965-082FZ,1915,DEB,,US,1965-10-15,AFETR,,98.73,31.88,718,678,0.0536,,EA,ORB
TITAN 3C TRANSTAGE DEB,1965-082GA,1916,DEB,D,US,1965-10-15,AFETR,1981-02-01,89.19,31.51,240,229,0.2086,,EA,IMP
TITAN 3C TRANSTAGE DEB,1965-082GB,1917,DEB,D,US,1965-10-15,AFETR,1982-04-07,88.47,31.86,207,191,0.1456,,EA,IMP
TITAN 3C TRANSTAGE DEB,1965-082GC,1918,DEB,D,US,1965-10-15,AFETR,1978-11-10,94.06,31.70,475,471,0.0269,,EA,IMP
TITAN 3C TRANSTAGE DEB,1965-082GD,1919,DEB,D,US,1965-10-15,AFETR,1978-12-02,91.27,32.21,348,326,0.1075,,EA,IMP
TITAN 3C TRANSTAGE DEB,1965-082GE,1920,DEB,D,US,1965-10-15,AFETR,1980-02-08,91.07,32.64,341,313,0.0198,,EA,IMP
TITAN 3C TRANSTAGE DEB,1965-082GF,1921,DEB,D,US,1965-10-15,AFETR,1967-02-24,93.40,31.90,477,405,,,EA,IMP
TITAN 3C TRANSTAGE DEB,1965-082GG,1922,DEB,D,US,1965-10-15,AFETR,1979-03-05,92.45,31.71,415,374,0.1920,,EA,IMP
TITAN 3C TRANSTAGE DEB,1965-082GH,1923,DEB,D,US,1965-10-15,AFETR,1968-06-15,91.00,31.87,330,317,,,EA,IMP
TITAN 3C TRANSTAGE DEB,1965-082GJ,1924,DEB,D,US,1965-10-15,AFETR,1966-06-21,89.57,32.72,253,253,,,EA,IMP
TITAN 3C TRANSTAGE DEB,1965-082GK,1925,DEB,D,US,1965-10-15,AFETR,1967-10-15,91.49,31.97,357,338,,,EA,IMP
TITAN 3C TRANSTAGE DEB,1965-082GL,1926,DEB,D,US,1965-10-15,AFETR,1970-05-17,90.35,32.13,292,292,,,EA,IMP
TITAN 3C TRANSTAGE DEB,1965-082GM,1927,DEB,D,US,1965-10-15,AFETR,1973-08-03,89.34,32.05,258,226,,,EA,IMP
TITAN 3C TRANSTAGE DEB,1965-082GN,1928,DEB,D,US,1965-10-15,AFETR,1968-02-28,92.53,32.49,420,376,,,EA,IMP
TITAN 3C TRANSTAGE DEB,1965-082GP,1929,DEB,D,US,1965-10-15,AFETR,1982-04-11,89.72,32.16,265,256,0.0546,,EA,IMP
TITAN 3C TRANSTAGE DEB,1965-082GQ,1930,DEB,D,US,1965-10-15,AFETR,1966-09-12,94.97,31.98,587,448,,,EA,IMP
THOR ALTAIR DEB,1965-072E,1931,DEB,,US,1965-09-10,AFWTR,,100.33,99.00,942,606,0.0500,,EA,ORB
THOR ALTAIR DEB,1965-072F,1932,DEB,D,US,1965-09-10,AFWTR,2009-08-06,88.07,98.31,205,152,0.0096,,EA,IMP
SL-8 DEB,1965-112N,1933,DEB,D,CIS,1965-12-28,TYMSC,1967-07-05,93.19,56.00,459,402,,,EA,IMP
FR 1 DEB [DESPIN WT],1965-101C,1934,DEB,D,FR,1965-12-06,AFWTR,1981-12-10,90.08,76.38,292,264,0.1030,,EA,IMP
FR 1 DEB [DESPIN WT],1965-101D,1935,DEB,D,FR,1965-12-06,AFWTR,1980-11-10,89.10,75.17,238,223,0.1272,,EA,IMP
SL-8 DEB,1965-112P,1936,DEB,D,CIS,1965-12-28,TYMSC,1969-04-07,90.88,56.00,319,317,,,EA,IMP
SL-8 DEB,1965-112Q,1937,DEB,D,CIS,1965-12-28,TYMSC,2000-10-28,87.32,55.88,145,139,0.3481,,EA,IMP
DIAMANT DEB,1965-096C,1938,DEB,D,FR,1965-11-26,HGSTR,1967-03-25,97.10,34.26,787,453,,,EA,IMP
LES-3,1965-108D,1941,PAY,D,US,1965-12-21,AFETR,1968-04-06,117.77,26.36,2983,179,,,EA,IMP
THOR AGENA B DEB,1965-098E,1944,DEB,D,US,1965-11-29,AFWTR,2001-11-07,88.80,79.67,228,202,1.0472,,EA,IMP
THOR AGENA B DEB,1965-098F,1948,DEB,,US,1965-11-29,AFWTR,,105.76,79.84,1585,474,0.1059,,EA,ORB
THOR AGENA B DEB,1965-098G,1951,DEB,,US,1965-11-29,AFWTR,,105.97,79.61,1606,474,0.1072,,EA,ORB
TITAN 3C TRANSTAGE DEB,1965-082GR,1956,DEB,D,US,1965-10-15,AFETR,1968-08-12,90.16,31.86,294,271,,,EA,IMP
TITAN 3C TRANSTAGE DEB,1965-082GS,1957,DEB,D,US,1965-10-15,AFETR,1979-02-02,92.54,32.42,407,392,0.1170,,EA,IMP
TITAN 3C TRANSTAGE DEB,1965-082GT,1958,DEB,D,US,1965-10-15,AFETR,1979-05-23,92.28,31.05,395,378,0.0545,,EA,IMP
TITAN 3C TRANSTAGE DEB,1965-082GU,1959,DEB,,US,1965-10-15,AFETR,,98.69,31.79,740,652,0.0195,,EA,ORB
TITAN 3C TRANSTAGE DEB,1965-082GV,1960,DEB,D,US,1965-10-15,AFETR,1982-03-23,90.17,31.86,295,270,0.1287,,EA,IMP
TITAN 3C TRANSTAGE DEB,1965-082GW,1961,DEB,,US,1965-10-15,AFETR,,94.93,31.85,517,513,0.0477,,EA,ORB
TITAN 3C TRANSTAGE DEB,1965-082GX,1962,DEB,D,US,1965-10-15,AFETR,2000-01-15,88.30,31.87,192,188,0.3183,,EA,IMP
TITAN 3C TRANSTAGE DEB,1965-082GY,1963,DEB,D,US,1965-10-15,AFETR,1994-11-20,88.22,32.03,193,180,0.1400,,EA,IMP
TITAN 3C TRANSTAGE DEB,1965-082GZ,1964,DEB,,US,1965-10-15,AFETR,,100.95,32.20,929,679,0.0779,,EA,ORB
TITAN 3C TRANSTAGE DEB,1965-082HA,1965,DEB,D,US,1965-10-15,AFETR,1970-03-06,90.43,31.87,296,296,,,EA,IMP
SL-6 R/B(2),1965-030D,1967,R/B,D,CIS,1965-04-23,TYMSC,1979-06-05,91.59,63.77,617,88,6.5150,,EA,IMP
TITAN 3C TRANSTAGE DEB,1965-082HB,1969,DEB,D,US,1965-10-15,AFETR,1969-09-08,92.20,32.04,396,369,,,EA,IMP
TITAN 3C TRANSTAGE DEB,1965-082HC,1970,DEB,D,US,1965-10-15,AFETR,1969-10-11,93.12,31.76,435,420,,,EA,IMP
TITAN 3C TRANSTAGE DEB,1965-082HD,1971,DEB,D,US,1965-10-15,AFETR,1982-04-07,90.66,32.21,317,297,,,EA,IMP
TITAN 3C TRANSTAGE DEB,1965-082HE,1972,DEB,D,US,1965-10-15,AFETR,1967-02-02,94.90,31.90,576,452,,,EA,IMP
TITAN 3C TRANSTAGE DEB,1965-082HF,1973,DEB,D,US,1965-10-15,AFETR,1981-05-05,91.62,31.91,360,349,0.2153,,EA,IMP
TITAN 3C TRANSTAGE DEB,1965-082HG,1974,DEB,D,US,1965-10-15,AFETR,1981-03-05,90.47,31.73,305,291,0.1562,,EA,IMP
TITAN 3C TRANSTAGE DEB,1965-082HH,1975,DEB,D,US,1965-10-15,AFETR,1981-05-23,90.28,31.97,298,279,0.0182,,EA,IMP
TITAN 3C TRANSTAGE DEB,1965-082HJ,1976,DEB,D,US,1965-10-15,AFETR,1982-04-14,89.37,31.82,251,235,0.0868,,EA,IMP
TITAN 3C TRANSTAGE DEB,1965-082HK,1977,DEB,D,US,1965-10-15,AFETR,1982-07-14,90.30,31.26,300,278,0.0643,,EA,IMP
TITAN 3C TRANSTAGE DEB,1965-082HL,1978,DEB,D,US,1965-10-15,AFETR,1980-03-09,91.76,32.47,372,350,0.0582,,EA,IMP
TITAN 3C TRANSTAGE DEB,1965-082HM,1979,DEB,D,US,1965-10-15,AFETR,1967-10-07,92.18,31.94,410,353,,,EA,IMP
TITAN 3C TRANSTAGE DEB,1965-082HN,1980,DEB,D,US,1965-10-15,AFETR,1969-05-25,88.84,32.35,217,217,,,EA,IMP
TITAN 3C TRANSTAGE DEB,1965-082HP,1981,DEB,D,US,1965-10-15,AFETR,2014-02-15,89.33,32.39,249,234,0.0423,,EA,IMP
TITAN 3C TRANSTAGE DEB,1965-082HQ,1984,DEB,D,US,1965-10-15,AFETR,1974-03-29,90.35,32.03,292,292,,,EA,IMP
TITAN 3C TRANSTAGE DEB,1965-082HR,1985,DEB,D,US,1965-10-15,AFETR,1968-08-18,91.49,31.87,348,348,,,EA,IMP
TITAN 3C TRANSTAGE DEB,1965-082HS,1986,DEB,D,US,1965-10-15,AFETR,1980-01-08,96.18,31.90,602,548,0.1153,,EA,IMP
TITAN 3C TRANSTAGE DEB,1965-082HT,1987,DEB,D,US,1965-10-15,AFETR,1969-09-04,91.09,32.26,342,314,,,EA,IMP
TITAN 3C TRANSTAGE DEB,1965-082HU,1988,DEB,D,US,1965-10-15,AFETR,1970-11-14,92.21,31.64,394,372,,,EA,IMP
TITAN 3C TRANSTAGE DEB,1965-082HV,1989,DEB,D,US,1965-10-15,AFETR,1970-02-13,89.82,31.42,266,265,,,EA,IMP
TITAN 3C TRANSTAGE DEB,1965-082HW,1990,DEB,D,US,1965-10-15,AFETR,1969-01-09,90.72,32.15,317,303,,,EA,IMP
TITAN 3C TRANSTAGE DEB,1965-082HX,1991,DEB,D,US,1965-10-15,AFETR,1968-02-06,91.23,31.52,335,335,,,EA,IMP
TITAN 3C TRANSTAGE DEB,1965-082HY,1992,DEB,D,US,1965-10-15,AFETR,1980-11-12,90.03,31.89,282,269,0.0834,,EA,IMP
TITAN 3C TRANSTAGE DEB,1965-082HZ,1993,DEB,D,US,1965-10-15,AFETR,1980-03-30,89.45,31.93,253,242,0.0626,,EA,IMP
SCOUT X-4 DEB,1965-032C,1995,DEB,D,US,1965-04-29,WLPIS,1990-01-13,90.91,41.08,326,312,0.1800,,EA,IMP
DIAMANT DEB,1965-096D,1996,DEB,D,FR,1965-11-26,HGSTR,2004-11-28,89.48,34.21,259,239,0.0569,,EA,IMP
TITAN 3C TRANSTAGE DEB,1965-082JA,1999,DEB,D,US,1965-10-15,AFETR,1967-04-20,93.31,32.33,470,403,,,EA,IMP
SCOUT X-4 DEB,1965-032D,2011,DEB,,US,1965-04-29,WLPIS,,107.38,41.20,1272,939,0.0248,,EA,ORB
SCOUT X-4 DEB,1965-093C,2013,DEB,D,US,1965-11-19,WLPIS,2009-03-06,88.20,59.60,193,177,0.0244,,EA,IMP
TITAN 3C TRANSTAGE DEB,1965-082JB,2041,DEB,D,US,1965-10-15,AFETR,1973-03-16,90.26,31.96,303,272,,,EA,IMP
TITAN 3C TRANSTAGE DEB,1965-082JC,2042,DEB,D,US,1965-10-15,AFETR,1979-11-21,92.92,31.45,423,413,0.0661,,EA,IMP
TITAN 3C TRANSTAGE DEB,1965-082JD,2043,DEB,D,US,1965-10-15,AFETR,1968-09-01,90.37,32.07,317,267,,,EA,IMP
TITAN 3C TRANSTAGE DEB,1965-082JE,2044,DEB,D,US,1965-10-15,AFETR,1980-11-14,92.37,32.50,399,383,0.0215,,EA,IMP
TITAN 3C TRANSTAGE DEB,1965-082JF,2045,DEB,D,US,1965-10-15,AFETR,1967-10-30,94.04,31.69,501,443,,,EA,IMP
TITAN 3C TRANSTAGE DEB,1965-082JG,2046,DEB,D,US,1965-10-15,AFETR,1967-11-15,92.94,31.85,432,405,,,EA,IMP
TITAN 3C TRANSTAGE DEB,1965-082JH,2047,DEB,D,US,1965-10-15,AFETR,1967-11-16,95.68,32.61,575,529,,,EA,IMP
TITAN 3C TRANSTAGE DEB,1965-082JJ,2048,DEB,D,US,1965-10-15,AFETR,1967-01-27,94.65,31.80,559,445,,,EA,IMP
TITAN 3C TRANSTAGE DEB,1965-082JK,2049,DEB,D,US,1965-10-15,AFETR,1970-01-14,92.64,31.61,424,384,,,EA,IMP
TITAN 3C TRANSTAGE DEB,1965-082JL,2050,DEB,,US,1965-10-15,AFETR,,99.18,32.26,778,661,0.0647,,EA,ORB
TITAN 3C TRANSTAGE DEB,1965-082JM,2051,DEB,D,US,1965-10-15,AFETR,1981-09-16,89.26,32.24,247,229,0.0522,,EA,IMP
TITAN 3C TRANSTAGE DEB,1965-082JN,2052,DEB,D,US,1965-10-15,AFETR,1972-06-26,90.46,32.21,308,286,,,EA,IMP
TITAN 3C TRANSTAGE DEB,1965-082JP,2053,DEB,D,US,1965-10-15,AFETR,1973-02-27,91.07,32.27,333,322,,,EA,IMP
TITAN 3C TRANSTAGE DEB,1965-082JQ,2054,DEB,D,US,1965-10-15,AFETR,1967-01-23,92.13,31.80,379,379,,,EA,IMP
TITAN 3C TRANSTAGE DEB,1965-082JR,2055,DEB,D,US,1965-10-15,AFETR,1966-06-28,95.41,31.72,710,366,,,EA,IMP
TITAN 3C TRANSTAGE DEB,1965-082JS,2079,DEB,D,US,1965-10-15,AFETR,1983-04-12,90.06,31.83,282,272,0.0671,,EA,IMP
TITAN 3C TRANSTAGE DEB,1965-082JT,2080,DEB,D,US,1965-10-15,AFETR,1966-09-23,,,,,,,EA,IMP
TITAN 3C TRANSTAGE DEB,1965-082JU,2081,DEB,D,US,1965-10-15,AFETR,1966-11-08,90.16,32.17,294,271,,,EA,IMP
TITAN 3C TRANSTAGE DEB,1965-082JV,2082,DEB,D,US,1965-10-15,AFETR,1979-06-16,95.43,31.47,547,532,0.1284,,EA,IMP
TITAN 3C TRANSTAGE DEB,1965-082JW,2083,DEB,D,US,1965-10-15,AFETR,1989-06-20,90.73,31.00,316,305,0.4436,,EA,IMP
TITAN 3C TRANSTAGE DEB,1965-082JX,2084,DEB,D,US,1965-10-15,AFETR,1981-08-29,90.86,32.02,321,313,0.0300,,EA,IMP
SCOUT A DEB,1965-109C,2086,DEB,D,US,1965-12-22,AFWTR,2004-02-17,88.92,89.05,230,212,0.0421,,EA,IMP
SCOUT X-4 DEB,1965-093D,2088,DEB,,US,1965-11-19,WLPIS,,98.46,59.72,745,625,0.0303,,EA,ORB
THOR AGENA B DEB,1965-098H,2092,DEB,,US,1965-11-29,AFWTR,,116.58,79.86,2551,503,0.1000,,EA,ORB
SL-7 DEB,1965-084E,2098,DEB,D,CIS,1965-10-19,KYMSC,1968-07-06,88.96,48.41,228,218,,,EA,IMP
TITAN 3C TRANSTAGE DEB,1965-082JY,2100,DEB,D,US,1965-10-15,AFETR,1968-12-13,90.08,32.41,306,251,,,EA,IMP
TITAN 3C TRANSTAGE DEB,1965-082JZ,2101,DEB,D,US,1965-10-15,AFETR,1980-12-19,91.29,32.74,357,319,0.0168,,EA,IMP
TITAN 3C TRANSTAGE DEB,1965-082KA,2102,DEB,D,US,1965-10-15,AFETR,1969-04-15,89.84,32.45,278,255,,,EA,IMP
TITAN 3C TRANSTAGE DEB,1965-082KB,2103,DEB,D,US,1965-10-15,AFETR,1967-11-27,,,,,,,EA,IMP
THOR AGENA B DEB,1965-098J,2153,DEB,,US,1965-11-29,AFWTR,,116.19,79.74,2519,500,0.0980,,EA,ORB
TITAN 3C TRANSTAGE DEB,1965-082KC,2158,DEB,D,US,1965-10-15,AFETR,1966-10-27,96.61,31.66,683,509,,,EA,IMP
SL-8 DEB,1965-020EF,2203,DEB,D,CIS,1965-03-15,TYMSC,1967-04-20,94.63,55.94,726,275,,,EA,IMP
SL-8 DEB,1965-020EG,2204,DEB,D,CIS,1965-03-15,TYMSC,1966-10-17,96.31,56.04,888,275,,,EA,IMP
SCOUT A DEB,1965-109D,2226,DEB,,US,1965-12-22,AFWTR,,106.56,89.05,1251,884,0.0500,,EA,ORB
TITAN 3C TRANSTAGE DEB,1965-082KD,2333,DEB,D,US,1965-10-15,AFETR,1967-09-29,95.06,32.54,567,476,,,EA,IMP
SL-8 DEB,1965-020EH,2334,DEB,,CIS,1965-03-15,TYMSC,,109.73,55.67,1658,770,0.0712,,EA,ORB
OPS 8464 DEB,1965-065M,2335,DEB,D,US,1965-08-13,AFWTR,1981-04-13,101.19,89.97,868,762,0.0037,,EA,IMP
SL-8 DEB,1965-053J,2338,DEB,D,CIS,1965-07-16,TYMSC,1967-11-12,91.65,56.04,369,342,,,EA,IMP
SL-8 DEB,1965-020EJ,2339,DEB,D,CIS,1965-03-15,TYMSC,1966-11-12,89.65,56.08,257,257,,,EA,IMP
TITAN 3C TRANSTAGE DEB,1965-082KE,2340,DEB,D,US,1965-10-15,AFETR,1973-07-11,89.51,31.97,256,245,,,EA,IMP
TITAN 3C TRANSTAGE DEB,1965-082KF,2384,DEB,D,US,1965-10-15,AFETR,1973-09-29,88.55,32.38,208,198,0.1300,,EA,IMP
TITAN 3C TRANSTAGE DEB,1965-082KG,2385,DEB,D,US,1965-10-15,AFETR,1989-04-16,89.22,32.34,249,223,0.2700,,EA,IMP
SL-8 DEB,1965-020EK,2387,DEB,D,CIS,1965-03-15,TYMSC,1966-10-19,97.23,56.02,950,302,,,EA,IMP
TITAN 3C TRANSTAGE DEB,1965-082KH,2390,DEB,D,US,1965-10-15,AFETR,1966-10-27,96.39,32.16,620,551,,,EA,IMP
ATLAS AGENA D R/B,1965-058D,2428,R/B,D,US,1965-07-20,AFETR,1977-09-17,89.60,35.04,351,159,6.3254,,EA,IMP
TITAN 3C TRANSTAGE DEB,1965-082KJ,2493,DEB,D,US,1965-10-15,AFETR,1973-02-16,93.04,31.86,428,419,,,EA,IMP
LES-2 AKM,1965-034D,2529,R/B,,US,1965-05-06,AFETR,,309.78,32.20,14804,2771,0.5780,,EA,ORB
TITAN 3C TRANSTAGE DEB,1965-082KK,2573,DEB,D,US,1965-10-15,AFETR,1971-03-15,92.85,32.39,434,394,,,EA,IMP
TITAN 3C TRANSTAGE DEB,1965-082KL,2574,DEB,D,US,1965-10-15,AFETR,1968-12-03,94.34,31.75,508,465,,,EA,IMP
SL-8 DEB,1965-020EL,2637,DEB,D,CIS,1965-03-15,TYMSC,1967-02-19,91.01,56.02,404,245,,,EA,IMP
SL-8 DEB,1965-073L,2647,DEB,,CIS,1965-09-18,TYMSC,,115.78,56.07,1639,1343,0.0567,,EA,ORB
TITAN 3C TRANSTAGE DEB,1965-082KM,2699,DEB,D,US,1965-10-15,AFETR,1989-07-03,89.74,32.35,276,247,0.1626,,EA,IMP
DELTA 1 DEB,1965-089C,2700,DEB,,US,1965-11-06,AFETR,,119.11,59.60,2220,1061,0.0494,,EA,ORB
THOR ABLESTAR DEB,1965-048E,2701,DEB,,US,1965-06-24,AFWTR,,105.57,89.87,1069,973,0.0193,,EA,ORB
SL-6 R/B(2),1965-080E,2735,R/B,D,CIS,1965-10-14,TYMSC,1967-01-18,,,,,,NIE,EA,IMP
TITAN 3C TRANSTAGE DEB,1965-082KN,2786,DEB,D,US,1965-10-15,AFETR,1979-02-12,93.65,32.61,464,442,0.1622,,EA,IMP
TITAN 3C TRANSTAGE DEB,1965-082KP,2787,DEB,D,US,1965-10-15,AFETR,1980-09-19,91.12,31.70,351,308,0.0456,,EA,IMP
TITAN 3C TRANSTAGE DEB,1965-082KQ,2788,DEB,D,US,1965-10-15,AFETR,2003-03-08,89.09,32.16,237,222,0.0513,,EA,IMP
TITAN 3C TRANSTAGE DEB,1965-082KR,2789,DEB,D,US,1965-10-15,AFETR,2025-11-19,91.34,32.26,355,326,0.0362,,EA,IMP
TITAN 3C TRANSTAGE DEB,1965-082KS,2790,DEB,D,US,1965-10-15,AFETR,1982-08-13,89.92,32.51,280,261,0.0555,,EA,IMP
TITAN 3C TRANSTAGE DEB,1965-082KT,2791,DEB,D,US,1965-10-15,AFETR,1981-04-29,94.33,31.89,509,464,0.1182,,EA,IMP
TITAN 3C TRANSTAGE DEB,1965-082KU,2792,DEB,D,US,1965-10-15,AFETR,1971-12-26,90.50,31.80,306,292,,,EA,IMP
TITAN 3C TRANSTAGE DEB,1965-082KV,2794,DEB,D,US,1965-10-15,AFETR,1981-02-02,91.24,31.43,339,332,0.1280,,EA,IMP
TITAN 3C TRANSTAGE DEB,1965-082KW,2795,DEB,D,US,1965-10-15,AFETR,1978-09-14,92.66,32.66,410,400,0.0236,,EA,IMP
TITAN 3C TRANSTAGE DEB,1965-082KX,2799,DEB,,US,1965-10-15,AFETR,,97.68,32.06,671,624,0.0558,,EA,ORB
TITAN 3C TRANSTAGE DEB,1965-082KY,2887,DEB,D,US,1965-10-15,AFETR,1980-03-21,89.95,30.78,276,268,0.0546,,EA,IMP
DELTA 1 DEB,1965-089D,2888,DEB,,US,1965-11-06,AFETR,,121.27,59.20,2318,1157,0.0488,,EA,ORB
TITAN 3C TRANSTAGE DEB,1965-082KZ,2898,DEB,D,US,1965-10-15,AFETR,1971-06-27,90.24,31.90,286,286,,,EA,IMP
TITAN 3C TRANSTAGE DEB,1965-082LA,2899,DEB,D,US,1965-10-15,AFETR,1979-05-06,92.61,32.05,413,392,0.0064,,EA,IMP
TITAN 3C TRANSTAGE DEB,1965-082LB,2929,DEB,D,US,1965-10-15,AFETR,1979-04-23,91.28,32.78,344,331,0.0189,,EA,IMP
TITAN 3C TRANSTAGE DEB,1965-082LC,2932,DEB,D,US,1965-10-15,AFETR,1990-04-26,89.99,32.08,281,267,0.1700,,EA,IMP
SL-8 DEB,1965-020EM,2934,DEB,,CIS,1965-03-15,TYMSC,,115.11,55.60,1736,1184,0.0587,,EA,ORB
TITAN 3C TRANSTAGE DEB,1965-082LD,2988,DEB,D,US,1965-10-15,AFETR,1998-12-29,89.50,31.60,261,239,0.0499,,EA,IMP
TITAN 3C TRANSTAGE DEB,1965-082LE,2991,DEB,D,US,1965-10-15,AFETR,1979-02-20,95.18,31.88,556,499,0.0808,,EA,IMP
TITAN 3C TRANSTAGE DEB,1965-082LF,2992,DEB,D,US,1965-10-15,AFETR,1969-03-29,90.59,32.09,303,303,,,EA,IMP
SL-8 DEB,1965-020EN,3038,DEB,,CIS,1965-03-15,TYMSC,,101.18,56.17,1085,543,0.1053,,EA,ORB
TITAN 3C TRANSTAGE DEB,1965-082LG,3039,DEB,D,US,1965-10-15,AFETR,1979-02-05,93.25,32.13,442,425,0.1668,,EA,IMP
TITAN 3C TRANSTAGE DEB,1965-082LH,3040,DEB,D,US,1965-10-15,AFETR,1971-03-29,90.61,32.16,304,304,,,EA,IMP
SL-8 DEB,1965-070G,3045,DEB,,CIS,1965-09-03,TYMSC,,115.70,55.43,1715,1259,0.0449,,EA,ORB
TITAN 3C TRANSTAGE DEB,1965-082LJ,3046,DEB,D,US,1965-10-15,AFETR,1988-10-07,90.94,32.49,339,303,0.1370,,EA,IMP
TITAN 3C TRANSTAGE DEB,1965-082LK,3049,DEB,D,US,1965-10-15,AFETR,1968-01-06,92.16,32.31,402,359,,,EA,IMP
TITAN 3C TRANSTAGE DEB,1965-082LL,3050,DEB,D,US,1965-10-15,AFETR,1979-07-03,94.01,31.95,492,450,0.1295,,EA,IMP
TITAN 3C TRANSTAGE DEB,1965-082LM,3064,DEB,D,US,1965-10-15,AFETR,1979-12-25,94.87,31.84,527,497,0.1604,,EA,IMP
TITAN 3C TRANSTAGE DEB,1965-082LN,3065,DEB,D,US,1965-10-15,AFETR,1989-11-26,89.83,31.97,274,258,0.1503,,EA,IMP
TITAN 3C TRANSTAGE DEB,1965-082LP,3149,DEB,D,US,1965-10-15,AFETR,1970-12-03,94.00,32.04,485,455,,,EA,IMP
SL-8 DEB,1965-020EP,3163,DEB,D,CIS,1965-03-15,TYMSC,1968-07-16,91.99,56.11,412,333,,,EA,IMP
TITAN 3C TRANSTAGE DEB,1965-082LQ,3325,DEB,D,US,1965-10-15,AFETR,1969-03-17,92.15,32.04,384,376,,,EA,IMP
TITAN 3C TRANSTAGE DEB,1965-082LR,3331,DEB,D,US,1965-10-15,AFETR,1979-12-01,95.13,32.59,549,501,0.1413,,EA,IMP
TITAN 3C TRANSTAGE DEB,1965-082LS,3355,DEB,D,US,1965-10-15,AFETR,1992-11-03,89.39,31.64,250,238,0.0600,,EA,IMP
TITAN 3C TRANSTAGE DEB,1965-082LT,3356,DEB,D,US,1965-10-15,AFETR,1979-03-07,95.80,32.30,574,540,0.0479,,EA,IMP
TITAN 3C TRANSTAGE DEB,1965-082LU,3357,DEB,D,US,1965-10-15,AFETR,1984-04-09,89.71,32.37,262,258,0.0993,,EA,IMP
TITAN 3C TRANSTAGE DEB,1965-082LV,3358,DEB,D,US,1965-10-15,AFETR,1982-03-27,89.50,31.68,257,242,0.0237,,EA,IMP
TITAN 3C TRANSTAGE DEB,1965-082LW,3359,DEB,D,US,1965-10-15,AFETR,1990-09-26,89.06,32.39,235,222,0.1775,,EA,IMP
TITAN 3C TRANSTAGE DEB,1965-082LX,3360,DEB,D,US,1965-10-15,AFETR,1972-06-30,90.96,31.62,327,316,,,EA,IMP
TITAN 3C TRANSTAGE DEB,1965-082LY,3361,DEB,D,US,1965-10-15,AFETR,2001-10-31,89.85,32.22,279,256,0.0829,,EA,IMP
TITAN 3C TRANSTAGE DEB,1965-082LZ,3362,DEB,D,US,1965-10-15,AFETR,1981-12-03,98.04,31.95,713,616,0.0828,,EA,IMP
TITAN 3C TRANSTAGE DEB,1965-082MA,3363,DEB,D,US,1965-10-15,AFETR,1982-04-12,94.47,31.79,496,491,0.0934,,EA,IMP
TITAN 3C TRANSTAGE DEB,1965-082MB,3364,DEB,D,US,1965-10-15,AFETR,1980-11-30,90.88,32.68,336,299,0.0774,,EA,IMP
TITAN 3C TRANSTAGE DEB,1965-082MC,3365,DEB,D,US,1965-10-15,AFETR,1979-12-20,96.15,31.97,589,560,0.0178,,EA,IMP
TITAN 3C TRANSTAGE DEB,1965-082MD,3366,DEB,D,US,1965-10-15,AFETR,1981-04-13,97.27,31.76,669,587,0.0473,,EA,IMP
TITAN 3C TRANSTAGE DEB,1965-082ME,3367,DEB,D,US,1965-10-15,AFETR,1980-01-21,94.05,32.82,493,452,0.0540,,EA,IMP
TITAN 3C TRANSTAGE DEB,1965-082MF,3368,DEB,D,US,1965-10-15,AFETR,1970-03-01,91.17,32.07,332,332,,,EA,IMP
TITAN 3C TRANSTAGE DEB,1965-082MG,3369,DEB,D,US,1965-10-15,AFETR,1990-02-26,90.15,31.44,296,268,0.1600,,EA,IMP
TITAN 3C TRANSTAGE DEB,1965-082MH,3370,DEB,D,US,1965-10-15,AFETR,1980-03-30,90.75,32.24,321,302,0.0927,,EA,IMP
TITAN 3C TRANSTAGE DEB,1965-082MJ,3371,DEB,D,US,1965-10-15,AFETR,1982-08-10,89.00,30.92,237,213,0.0543,,EA,IMP
TITAN 3C TRANSTAGE DEB,1965-082MK,3372,DEB,D,US,1965-10-15,AFETR,1978-11-01,92.04,32.00,378,371,0.1194,,EA,IMP
TITAN 3C TRANSTAGE DEB,1965-082ML,3373,DEB,,US,1965-10-15,AFETR,,99.06,30.97,820,608,0.0782,,EA,ORB
TITAN 3C TRANSTAGE DEB,1965-082MM,3374,DEB,D,US,1965-10-15,AFETR,1979-04-10,96.37,32.49,610,559,0.0019,,EA,IMP
TITAN 3C TRANSTAGE DEB,1965-082MN,3376,DEB,D,US,1965-10-15,AFETR,1980-05-30,89.91,32.54,280,260,0.0950,,EA,IMP
TITAN 3C TRANSTAGE DEB,1965-082MP,3377,DEB,D,US,1965-10-15,AFETR,1980-10-16,91.81,32.00,379,347,0.0188,,EA,IMP
TITAN 3C TRANSTAGE DEB,1965-082MQ,3378,DEB,D,US,1965-10-15,AFETR,1979-01-17,92.27,32.19,387,385,0.0953,,EA,IMP
TITAN 3C TRANSTAGE DEB,1965-082MR,3379,DEB,D,US,1965-10-15,AFETR,1979-07-30,93.70,32.16,464,447,0.0264,,EA,IMP
TITAN 3C TRANSTAGE DEB,1965-082MS,3380,DEB,D,US,1965-10-15,AFETR,1990-09-25,88.57,31.34,206,202,0.0999,,EA,IMP
TITAN 3C TRANSTAGE DEB,1965-082MT,3381,DEB,D,US,1965-10-15,AFETR,1998-12-28,89.30,31.96,246,234,0.0444,,EA,IMP
TITAN 3C TRANSTAGE DEB,1965-082MU,3382,DEB,D,US,1965-10-15,AFETR,1978-09-06,93.30,32.98,445,427,0.0412,,EA,IMP
TITAN 3C TRANSTAGE DEB,1965-082MV,3383,DEB,D,US,1965-10-15,AFETR,1991-10-29,89.42,31.93,249,243,0.0900,,EA,IMP
TITAN 3C TRANSTAGE DEB,1965-082MW,3384,DEB,D,US,1965-10-15,AFETR,1981-06-18,90.67,32.18,320,295,0.0913,,EA,IMP
TITAN 3C TRANSTAGE DEB,1965-082MX,3385,DEB,D,US,1965-10-15,AFETR,1969-04-12,92.23,32.39,404,363,,,EA,IMP
TITAN 3C TRANSTAGE DEB,1965-082MY,3386,DEB,,US,1965-10-15,AFETR,,96.07,32.37,574,567,0.0613,,EA,ORB
TITAN 3C TRANSTAGE DEB,1965-082MZ,3387,DEB,D,US,1965-10-15,AFETR,1990-03-11,90.67,30.71,308,308,0.0467,,EA,IMP
TITAN 3C TRANSTAGE DEB,1965-082NA,3400,DEB,D,US,1965-10-15,AFETR,1979-03-10,94.12,32.01,490,462,0.1120,,EA,IMP
TITAN 3C TRANSTAGE DEB,1965-082NB,3401,DEB,D,US,1965-10-15,AFETR,1972-03-01,91.79,32.51,387,337,,,EA,IMP
TITAN 3C TRANSTAGE DEB,1965-082NC,3402,DEB,D,US,1965-10-15,AFETR,1978-07-05,94.06,32.44,483,464,0.0207,,EA,IMP
TITAN 3C TRANSTAGE DEB,1965-082ND,3403,DEB,D,US,1965-10-15,AFETR,1980-11-06,90.73,32.75,321,300,0.1072,,EA,IMP
TITAN 3C TRANSTAGE DEB,1965-082NE,3404,DEB,D,US,1965-10-15,AFETR,1970-03-03,92.49,31.82,403,390,,,EA,IMP
TITAN 3C TRANSTAGE DEB,1965-082NF,3405,DEB,D,US,1965-10-15,AFETR,1969-05-21,91.00,31.88,343,305,,,EA,IMP
TITAN 3C TRANSTAGE DEB,1965-082NG,3406,DEB,D,US,1965-10-15,AFETR,1969-05-08,88.92,30.57,256,186,,,EA,IMP
TITAN 3C TRANSTAGE DEB,1965-082NH,3407,DEB,D,US,1965-10-15,AFETR,1978-04-17,93.96,32.42,479,458,0.0115,,EA,IMP
TITAN 3C TRANSTAGE DEB,1965-082NJ,3410,DEB,D,US,1965-10-15,AFETR,1973-10-05,92.58,31.77,416,386,,,EA,IMP
TITAN 3C TRANSTAGE DEB,1965-082NK,3411,DEB,D,US,1965-10-15,AFETR,1980-10-06,92.41,31.78,404,382,0.0173,,EA,IMP
TITAN 3C TRANSTAGE DEB,1965-082NL,3412,DEB,D,US,1965-10-15,AFETR,1970-05-14,94.42,30.53,519,462,,,EA,IMP
TITAN 3C TRANSTAGE DEB,1965-082NM,3413,DEB,D,US,1965-10-15,AFETR,1969-03-08,91.90,32.39,368,368,,,EA,IMP
TITAN 3C TRANSTAGE DEB,1965-082NN,3420,DEB,D,US,1965-10-15,AFETR,1981-04-13,,,,,0.0035,,EA,IMP
TITAN 3C TRANSTAGE DEB,1965-082NP,3421,DEB,D,US,1965-10-15,AFETR,1969-01-13,100.78,31.56,934,657,,,EA,IMP
TITAN 3C TRANSTAGE DEB,1965-082NQ,3422,DEB,D,US,1965-10-15,AFETR,1969-09-24,92.30,32.32,387,387,,,EA,IMP
TITAN 3C TRANSTAGE DEB,1965-082NR,3423,DEB,D,US,1965-10-15,AFETR,1980-07-13,90.55,32.11,304,299,0.0647,,EA,IMP
TITAN 3C TRANSTAGE DEB,1965-082NS,3424,DEB,D,US,1965-10-15,AFETR,1979-04-22,97.45,31.53,652,622,0.0133,,EA,IMP
TITAN 3C TRANSTAGE DEB,1965-082NT,3425,DEB,D,US,1965-10-15,AFETR,1981-10-17,90.90,32.88,325,312,0.0320,,EA,IMP
TITAN 3C TRANSTAGE DEB,1965-082NU,3426,DEB,D,US,1965-10-15,AFETR,1981-02-18,89.81,31.84,273,257,0.0126,,EA,IMP
TITAN 3C TRANSTAGE DEB,1965-082NV,3427,DEB,D,US,1965-10-15,AFETR,1980-05-28,,,,,0.0140,,EA,IMP
TITAN 3C TRANSTAGE DEB,1965-082NW,3433,DEB,D,US,1965-10-15,AFETR,1978-10-19,94.86,31.81,545,479,0.0491,,EA,IMP
TITAN 3C TRANSTAGE DEB,1965-082NX,3434,DEB,D,US,1965-10-15,AFETR,1982-04-13,89.51,32.71,257,244,0.0416,,EA,IMP
TITAN 3C TRANSTAGE DEB,1965-082NY,3435,DEB,D,US,1965-10-15,AFETR,1979-12-20,94.87,32.55,521,503,0.1231,,EA,IMP
TITAN 3C TRANSTAGE DEB,1965-082NZ,3436,DEB,D,US,1965-10-15,AFETR,1969-03-08,94.75,31.12,507,507,,,EA,IMP
TITAN 3C TRANSTAGE DEB,1965-082PA,3437,DEB,D,US,1965-10-15,AFETR,1981-11-28,95.29,31.98,568,498,0.0529,,EA,IMP
TITAN 3C TRANSTAGE DEB,1965-082PB,3438,DEB,D,US,1965-10-15,AFETR,1971-10-13,91.13,32.62,335,325,,,EA,IMP
TITAN 3C TRANSTAGE DEB,1965-082PC,3439,DEB,D,US,1965-10-15,AFETR,1980-01-31,97.30,32.61,644,614,0.0261,,EA,IMP
TITAN 3C TRANSTAGE DEB,1965-082PD,3440,DEB,D,US,1965-10-15,AFETR,1981-04-13,100.32,32.25,887,661,0.0471,,EA,IMP
TITAN 3C TRANSTAGE DEB,1965-082PE,3441,DEB,D,US,1965-10-15,AFETR,1988-12-04,89.37,31.77,257,230,0.0411,,EA,IMP
TITAN 3C TRANSTAGE DEB,1965-082PF,3442,DEB,D,US,1965-10-15,AFETR,1969-06-12,93.85,31.51,492,434,,,EA,IMP
TITAN 3C TRANSTAGE DEB,1965-082PG,3443,DEB,D,US,1965-10-15,AFETR,1980-07-26,90.73,30.07,319,301,0.0745,,EA,IMP
TITAN 3C TRANSTAGE DEB,1965-082PH,3444,DEB,D,US,1965-10-15,AFETR,1981-05-01,96.76,31.31,637,570,0.0186,,EA,IMP
TITAN 3C TRANSTAGE DEB,1965-082PJ,3445,DEB,D,US,1965-10-15,AFETR,1980-07-25,95.89,32.36,574,550,0.0582,,EA,IMP
TITAN 3C TRANSTAGE DEB,1965-082PK,3446,DEB,D,US,1965-10-15,AFETR,1981-02-11,90.90,32.59,343,295,0.0289,,EA,IMP
TITAN 3C TRANSTAGE DEB,1965-082PL,3447,DEB,D,US,1965-10-15,AFETR,1979-07-01,92.19,31.74,395,369,0.0940,,EA,IMP
TITAN 3C TRANSTAGE DEB,1965-082PM,3448,DEB,D,US,1965-10-15,AFETR,1983-01-01,88.84,31.98,223,211,0.1404,,EA,IMP
TITAN 3C TRANSTAGE DEB,1965-082PN,3453,DEB,D,US,1965-10-15,AFETR,1969-04-29,91.84,32.41,393,336,,,EA,IMP
TITAN 3C TRANSTAGE DEB,1965-082PP,3454,DEB,,US,1965-10-15,AFETR,,95.18,32.26,536,518,0.0391,,EA,ORB
TITAN 3C TRANSTAGE DEB,1965-082PQ,3455,DEB,D,US,1965-10-15,AFETR,1980-12-24,91.57,32.15,376,328,0.0527,,EA,IMP
TITAN 3C TRANSTAGE DEB,1965-082PR,3456,DEB,D,US,1965-10-15,AFETR,1982-02-18,87.53,31.42,154,150,0.0822,,EA,IMP
TITAN 3C TRANSTAGE DEB,1965-082PS,3461,DEB,D,US,1965-10-15,AFETR,1984-07-19,88.88,32.46,221,218,0.1357,,EA,IMP
TITAN 3C TRANSTAGE DEB,1965-082PT,3462,DEB,,US,1965-10-15,AFETR,,94.01,32.03,477,464,0.0517,,EA,ORB
TITAN 3C TRANSTAGE DEB,1965-082PU,3463,DEB,D,US,1965-10-15,AFETR,1984-02-01,93.92,31.56,482,450,0.0622,,EA,IMP
TITAN 3C TRANSTAGE DEB,1965-082PV,3464,DEB,D,US,1965-10-15,AFETR,1981-10-21,91.83,30.49,403,325,0.0939,,EA,IMP
TITAN 3C TRANSTAGE DEB,1965-082PW,3465,DEB,D,US,1965-10-15,AFETR,1972-09-19,91.30,31.67,344,333,,,EA,IMP
TITAN 3C TRANSTAGE DEB,1965-082PX,3466,DEB,D,US,1965-10-15,AFETR,1991-11-18,92.46,31.82,409,381,0.0336,,EA,IMP
TITAN 3C TRANSTAGE DEB,1965-082PY,3467,DEB,D,US,1965-10-15,AFETR,2001-07-02,88.43,32.12,199,195,0.0897,,EA,IMP
TITAN 3C TRANSTAGE DEB,1965-082PZ,3468,DEB,D,US,1965-10-15,AFETR,1980-10-13,90.15,32.15,292,271,0.0732,,EA,IMP
TITAN 3C TRANSTAGE DEB,1965-082QA,3475,DEB,D,US,1965-10-15,AFETR,1973-05-03,100.34,31.86,880,669,,,EA,IMP
TITAN 3C TRANSTAGE DEB,1965-082QB,3476,DEB,D,US,1965-10-15,AFETR,1972-04-19,93.75,31.99,468,449,,,EA,IMP
TITAN 3C TRANSTAGE DEB,1965-082QC,3477,DEB,D,US,1965-10-15,AFETR,1971-04-07,90.16,32.09,292,273,,,EA,IMP
TITAN 3C TRANSTAGE DEB,1965-082QD,3478,DEB,D,US,1965-10-15,AFETR,1980-03-04,96.79,31.95,643,567,0.1006,,EA,IMP
TITAN 3C TRANSTAGE DEB,1965-082QE,3480,DEB,D,US,1965-10-15,AFETR,1969-03-14,94.95,32.50,573,460,,,EA,IMP
TITAN 3C TRANSTAGE DEB,1965-082QF,3481,DEB,D,US,1965-10-15,AFETR,1980-02-10,98.21,31.73,745,602,0.0183,,EA,IMP
TITAN 3C TRANSTAGE DEB,1965-082QG,3482,DEB,D,US,1965-10-15,AFETR,1975-03-05,90.75,31.81,320,302,,,EA,IMP
TITAN 3C TRANSTAGE DEB,1965-082QH,3483,DEB,D,US,1965-10-15,AFETR,1978-05-29,93.53,32.62,458,437,0.0346,,EA,IMP
TITAN 3C TRANSTAGE DEB,1965-082QJ,3488,DEB,,US,1965-10-15,AFETR,,97.36,32.23,649,616,0.0648,,EA,ORB
TITAN 3C TRANSTAGE DEB,1965-082QK,3489,DEB,D,US,1965-10-15,AFETR,1970-06-03,97.87,32.29,672,641,,,EA,IMP
TITAN 3C TRANSTAGE DEB,1965-082QL,3490,DEB,D,US,1965-10-15,AFETR,1978-01-13,93.35,32.01,440,438,0.0186,,EA,IMP
TITAN 3C TRANSTAGE DEB,1965-082QM,3491,DEB,D,US,1965-10-15,AFETR,1980-06-08,98.50,31.46,751,623,0.0318,,EA,IMP
TITAN 3C TRANSTAGE DEB,1965-082QN,3492,DEB,D,US,1965-10-15,AFETR,2000-11-22,88.86,30.44,230,206,0.0506,,EA,IMP
TITAN 3C TRANSTAGE DEB,1965-082QP,3493,DEB,D,US,1965-10-15,AFETR,1969-01-21,95.60,32.80,583,512,,,EA,IMP
TITAN 3C TRANSTAGE DEB,1965-082QQ,3494,DEB,,US,1965-10-15,AFETR,,98.49,31.89,705,667,0.0722,,EA,ORB
TITAN 3C TRANSTAGE DEB,1965-082QR,3495,DEB,D,US,1965-10-15,AFETR,1969-09-21,95.05,32.64,555,487,,,EA,IMP
TITAN 3C TRANSTAGE DEB,1965-082QS,3496,DEB,D,US,1965-10-15,AFETR,1979-04-05,98.89,33.02,784,627,0.0590,,EA,IMP
TITAN 3C TRANSTAGE DEB,1965-082QT,3497,DEB,D,US,1965-10-15,AFETR,1980-03-19,98.34,32.82,763,595,0.0872,,EA,IMP
TITAN 3C TRANSTAGE DEB,1965-082QU,3498,DEB,D,US,1965-10-15,AFETR,1991-10-27,89.90,32.01,275,264,0.0680,,EA,IMP
TITAN 3C TRANSTAGE DEB,1965-082QV,3499,DEB,D,US,1965-10-15,AFETR,1980-05-22,90.20,31.93,295,274,0.0275,,EA,IMP
TITAN 3C TRANSTAGE DEB,1965-082QW,3500,DEB,D,US,1965-10-15,AFETR,1970-07-14,,,,,,,EA,IMP
TITAN 3C TRANSTAGE DEB,1965-082QX,3501,DEB,D,US,1965-10-15,AFETR,1971-09-23,91.38,31.57,357,328,,,EA,IMP
TITAN 3C TRANSTAGE DEB,1965-082QY,3502,DEB,D,US,1965-10-15,AFETR,1979-03-27,94.35,32.46,488,487,0.0341,,EA,IMP
THOR ABLESTAR DEB,1965-048F,3592,DEB,,US,1965-06-24,AFWTR,,105.67,89.87,1072,979,0.0634,,EA,ORB
SL-8 DEB,1965-020EQ,3707,DEB,D,CIS,1965-03-15,TYMSC,1979-10-13,97.33,56.37,790,472,0.0476,,EA,IMP
SL-8 DEB,1965-020ER,3708,DEB,D,CIS,1965-03-15,TYMSC,2002-08-10,88.98,56.16,236,212,0.0398,,EA,IMP
TITAN 3C TRANSTAGE DEB,1965-082QZ,3718,DEB,D,US,1965-10-15,AFETR,1988-09-21,90.72,31.96,317,303,0.0346,,EA,IMP
TITAN 3C TRANSTAGE DEB,1965-082RA,3719,DEB,D,US,1965-10-15,AFETR,1971-03-26,89.67,32.14,263,254,,,EA,IMP
TITAN 3C TRANSTAGE DEB,1965-082RB,3720,DEB,D,US,1965-10-15,AFETR,1979-11-07,91.71,32.40,369,348,0.0394,,EA,IMP
TITAN 3C TRANSTAGE DEB,1965-082RC,3721,DEB,D,US,1965-10-15,AFETR,1972-07-27,91.68,32.27,368,346,,,EA,IMP
TITAN 3C TRANSTAGE DEB,1965-082RD,3722,DEB,D,US,1965-10-15,AFETR,1970-05-15,94.44,32.27,495,488,,,EA,IMP
TITAN 3C TRANSTAGE DEB,1965-082RE,3723,DEB,D,US,1965-10-15,AFETR,1979-07-14,98.73,33.31,760,635,0.0161,,EA,IMP
TITAN 3C TRANSTAGE DEB,1965-082RF,3724,DEB,D,US,1965-10-15,AFETR,1969-12-06,104.73,32.46,1250,714,,,EA,IMP
TITAN 3C TRANSTAGE DEB,1965-082RG,3725,DEB,D,US,1965-10-15,AFETR,1969-11-11,98.22,32.59,732,616,,,EA,IMP
TITAN 3C TRANSTAGE DEB,1965-082RH,3726,DEB,D,US,1965-10-15,AFETR,1969-04-06,91.15,32.90,340,321,,,EA,IMP
TITAN 3C TRANSTAGE DEB,1965-082RJ,3727,DEB,D,US,1965-10-15,AFETR,1969-06-22,91.18,32.31,333,333,,,EA,IMP
TITAN 3C TRANSTAGE DEB,1965-082RK,3728,DEB,D,US,1965-10-15,AFETR,1970-02-01,96.22,32.27,589,566,,,EA,IMP
TITAN 3C TRANSTAGE DEB,1965-082RL,3729,DEB,D,US,1965-10-15,AFETR,1969-06-26,94.70,33.40,532,476,,,EA,IMP
TITAN 3C TRANSTAGE DEB,1965-082RM,3730,DEB,D,US,1965-10-15,AFETR,1978-05-02,97.91,32.36,707,611,0.0385,,EA,IMP
TITAN 3C TRANSTAGE DEB,1965-082RN,3731,DEB,D,US,1965-10-15,AFETR,1971-08-16,91.72,31.76,359,359,,,EA,IMP
TITAN 3C TRANSTAGE DEB,1965-082RP,3732,DEB,D,US,1965-10-15,AFETR,1978-06-07,98.97,32.56,816,603,0.0712,,EA,IMP
TITAN 3C TRANSTAGE DEB,1965-082RQ,3733,DEB,D,US,1965-10-15,AFETR,1979-08-05,96.71,33.33,644,558,0.0127,,EA,IMP
TITAN 3C TRANSTAGE DEB,1965-082RR,3734,DEB,D,US,1965-10-15,AFETR,1969-12-02,96.48,32.64,630,550,,,EA,IMP
TITAN 3C TRANSTAGE DEB,1965-082RS,3735,DEB,D,US,1965-10-15,AFETR,1969-09-23,94.23,32.50,516,447,,,EA,IMP
TITAN 3C TRANSTAGE DEB,1965-082RT,3736,DEB,D,US,1965-10-15,AFETR,1978-04-05,97.07,32.18,633,604,0.0057,,EA,IMP
SL-8 DEB,1965-020ES,3743,DEB,,CIS,1965-03-15,TYMSC,,117.96,56.66,1798,1381,0.0764,,EA,ORB
SL-8 DEB,1965-020ET,3745,DEB,,CIS,1965-03-15,TYMSC,,115.10,56.01,1592,1328,0.0757,,EA,ORB
TITAN 3C TRANSTAGE DEB,1965-082RU,3746,DEB,D,US,1965-10-15,AFETR,1981-02-16,91.36,30.54,359,323,0.0224,,EA,IMP
SL-8 DEB,1965-020EU,3749,DEB,,CIS,1965-03-15,TYMSC,,103.30,56.11,1238,591,0.0074,,EA,ORB
TITAN 3C TRANSTAGE DEB,1965-082RV,3751,DEB,D,US,1965-10-15,AFETR,1983-01-24,91.52,32.75,357,341,0.0099,,EA,IMP
TRANSIT 5B-7 DEB,1965-065N,3809,DEB,D,US,1965-08-13,AFWTR,1982-11-12,97.28,89.89,638,619,0.0083,,EA,IMP
THOR ABLESTAR DEB,1965-065P,3810,DEB,,US,1965-08-13,AFWTR,,106.49,90.00,1111,1016,0.0049,,EA,ORB
TITAN 3C TRANSTAGE DEB,1965-082RW,3838,DEB,D,US,1965-10-15,AFETR,1980-11-30,102.46,31.42,1067,684,0.0026,,EA,IMP
TITAN 3C TRANSTAGE DEB,1965-082RX,3839,DEB,D,US,1965-10-15,AFETR,1977-02-23,101.37,32.69,902,745,0.0240,,EA,IMP
TITAN 3C TRANSTAGE DEB,1965-082RY,3925,DEB,D,US,1965-10-15,AFETR,1980-09-30,94.31,28.45,563,408,0.0039,,EA,IMP
TITAN 3C TRANSTAGE DEB,1965-082RZ,3926,DEB,D,US,1965-10-15,AFETR,1979-02-26,101.71,31.98,922,757,0.0426,,EA,IMP
TITAN 3C TRANSTAGE DEB,1965-082SA,3928,DEB,D,US,1965-10-15,AFETR,1983-04-17,94.28,32.15,505,462,0.0058,,EA,IMP
TITAN 3C TRANSTAGE DEB,1965-082SB,3929,DEB,D,US,1965-10-15,AFETR,1970-12-27,92.81,32.55,422,402,,,EA,IMP
TITAN 3C TRANSTAGE DEB,1965-082SC,3930,DEB,D,US,1965-10-15,AFETR,1982-11-19,104.67,32.98,1401,558,0.0028,,EA,IMP
SL-8 DEB,1965-020EV,3931,DEB,,CIS,1965-03-15,TYMSC,,116.58,56.06,1678,1375,0.0339,,EA,ORB
TITAN 3C TRANSTAGE DEB,1965-082SD,3936,DEB,D,US,1965-10-15,AFETR,1970-04-22,96.17,30.94,591,559,,,EA,IMP
SL-8 DEB,1965-020EW,3963,DEB,D,CIS,1965-03-15,TYMSC,1991-07-10,90.08,55.83,298,259,0.0412,,EA,IMP
SL-8 DEB,1965-020EX,3964,DEB,D,CIS,1965-03-15,TYMSC,1980-10-29,91.51,55.88,388,309,0.0177,,EA,IMP
SL-8 DEB,1965-020EY,3965,DEB,,CIS,1965-03-15,TYMSC,,117.29,56.30,1772,1347,0.0597,,EA,ORB
TITAN 3C TRANSTAGE DEB,1965-082SE,3978,DEB,,US,1965-10-15,AFETR,,97.92,32.56,683,636,0.0083,,EA,ORB
TITAN 3C TRANSTAGE DEB,1965-082SF,3980,DEB,D,US,1965-10-15,AFETR,1970-04-24,93.07,30.08,478,371,,,EA,IMP
TITAN 3C TRANSTAGE DEB,1965-082SG,3981,DEB,D,US,1965-10-15,AFETR,1970-02-19,95.70,32.03,569,536,,,EA,IMP
TITAN 3C TRANSTAGE DEB,1965-082SH,3982,DEB,D,US,1965-10-15,AFETR,1969-10-25,100.24,32.71,929,611,,,EA,IMP
TITAN 3C TRANSTAGE DEB,1965-082SJ,3996,DEB,D,US,1965-10-15,AFETR,1969-12-26,94.41,33.03,519,460,,,EA,IMP
TITAN 3C TRANSTAGE DEB,1965-082SK,3998,DEB,D,US,1965-10-15,AFETR,1971-02-06,89.82,32.28,266,266,,,EA,IMP
TITAN 3C TRANSTAGE DEB,1965-108E,3999,DEB,D,US,1965-12-21,AFETR,1969-08-21,90.58,26.44,420,186,,,EA,IMP
TITAN 3C TRANSTAGE DEB,1965-082SL,4003,DEB,D,US,1965-10-15,AFETR,1981-02-18,101.22,30.37,1098,535,0.0060,,EA,IMP
TITAN 3C TRANSTAGE DEB,1965-082SM,4004,DEB,D,US,1965-10-15,AFETR,1970-01-05,103.12,32.38,1191,621,,,EA,IMP
SL-8 DEB,1965-020EZ,4016,DEB,D,CIS,1965-03-15,TYMSC,1981-04-13,99.66,56.08,1037,447,0.0315,,EA,IMP
TITAN 3C TRANSTAGE DEB,1965-082SN,4017,DEB,D,US,1965-10-15,AFETR,1979-08-13,98.53,31.70,772,605,0.0030,,EA,IMP
TITAN 3C TRANSTAGE DEB,1965-082SP,4020,DEB,D,US,1965-10-15,AFETR,1979-06-16,96.73,30.40,732,473,0.0153,,EA,IMP
TITAN 3C TRANSTAGE DEB,1965-082SU,4021,DEB,D,US,1965-10-15,AFETR,1981-02-05,90.61,32.74,316,293,0.0061,,EA,IMP
TITAN 3C TRANSTAGE DEB,1965-082SQ,4023,DEB,D,US,1965-10-15,AFETR,1970-02-02,100.39,31.51,873,681,,,EA,IMP
TITAN 3C TRANSTAGE DEB,1965-082SR,4025,DEB,D,US,1965-10-15,AFETR,1969-10-16,104.41,33.25,1271,663,,,EA,IMP
TITAN 3C TRANSTAGE DEB,1965-082SS,4032,DEB,D,US,1965-10-15,AFETR,1969-12-30,97.77,31.72,690,613,,,EA,IMP
TITAN 3C TRANSTAGE DEB,1965-082ST,4033,DEB,D,US,1965-10-15,AFETR,1970-09-03,99.69,32.23,815,673,,,EA,IMP
TITAN 3C TRANSTAGE DEB,1965-108F,4429,DEB,D,US,1965-12-21,AFETR,1975-12-29,88.86,26.21,285,151,,,EA,IMP
TITAN 3C TRANSTAGE DEB,1965-108G,4476,DEB,D,US,1965-12-21,AFETR,2012-11-11,90.10,26.07,322,237,0.1099,,EA,IMP
TITAN 3C TRANSTAGE DEB,1965-082SV,4907,DEB,,US,1965-10-15,AFETR,,98.59,32.49,724,659,0.0040,,EA,ORB
TITAN 3C TRANSTAGE DEB,1965-082SW,5056,DEB,D,US,1965-10-15,AFETR,1971-05-03,99.78,31.43,908,588,,,EA,IMP
TITAN 3C TRANSTAGE DEB,1965-082SX,5057,DEB,D,US,1965-10-15,AFETR,1978-05-26,92.94,32.95,425,412,0.0020,,EA,IMP
TITAN 3C TRANSTAGE DEB,1965-082SY,5058,DEB,D,US,1965-10-15,AFETR,1981-03-07,100.49,32.41,888,675,0.0057,,EA,IMP
TITAN 3C TRANSTAGE DEB,1965-082SZ,5085,DEB,D,US,1965-10-15,AFETR,1980-09-12,98.96,32.03,837,580,0.0059,,EA,IMP
THOR ABLESTAR DEB,1965-065Q,5265,DEB,,US,1965-08-13,AFWTR,,107.26,90.13,1132,1068,0.0679,,EA,ORB
TITAN 3C TRANSTAGE DEB,1965-108H,5309,DEB,D,US,1965-12-21,AFETR,1989-06-21,90.65,26.30,453,160,,,EA,IMP
TITAN 3C TRANSTAGE DEB,1965-082TA,5312,DEB,D,US,1965-10-15,AFETR,1972-04-02,95.27,31.74,544,519,,,EA,IMP
TITAN 3C TRANSTAGE DEB,1965-082TB,5344,DEB,D,US,1965-10-15,AFETR,1973-03-25,93.27,31.45,475,394,,,EA,IMP
TITAN 3C TRANSTAGE DEB,1965-082TC,5345,DEB,D,US,1965-10-15,AFETR,1980-06-25,91.79,32.20,380,345,0.0700,,EA,IMP
THOR ABLESTAR DEB,1965-065R,5363,DEB,D,US,1965-08-13,AFWTR,1980-11-09,97.16,89.93,635,611,0.0083,,EA,IMP
TITAN 3C TRANSTAGE DEB,1965-082TD,5372,DEB,D,US,1965-10-15,AFETR,1982-11-22,100.92,32.08,964,640,0.0055,,EA,IMP
TITAN 3C TRANSTAGE DEB,1965-082TE,5375,DEB,D,US,1965-10-15,AFETR,1978-11-16,105.22,31.42,1283,727,0.0132,,EA,IMP
TITAN 3C TRANSTAGE DEB,1965-082TF,5376,DEB,D,US,1965-10-15,AFETR,1991-12-07,89.59,32.16,261,247,0.1800,,EA,IMP
TITAN 3C TRANSTAGE DEB,1965-108J,5457,DEB,,US,1965-12-21,AFETR,,530.79,27.09,29726,950,0.0333,,EA,ORB
TITAN 3C TRANSTAGE DEB,1965-082TG,5471,DEB,D,US,1965-10-15,AFETR,1979-08-31,96.78,32.39,670,539,0.0023,,EA,IMP
TITAN 3C TRANSTAGE DEB,1965-108K,5472,DEB,D,US,1965-12-21,AFETR,1972-11-25,98.53,26.28,1234,143,,,EA,IMP
TITAN 3C TRANSTAGE DEB,1965-108L,5474,DEB,D,US,1965-12-21,AFETR,1973-02-03,93.88,26.38,733,195,,,EA,IMP
TITAN 3C TRANSTAGE DEB,1965-108M,5515,DEB,,US,1965-12-21,AFETR,,541.56,27.91,30192,1069,0.0983,,EA,ORB
TITAN 3C TRANSTAGE DEB,1965-082TH,5567,DEB,D,US,1965-10-15,AFETR,1972-11-21,93.14,32.36,435,421,,,EA,IMP
TITAN 3C TRANSTAGE DEB,1965-082TJ,5568,DEB,D,US,1965-10-15,AFETR,1981-01-24,93.64,31.41,459,446,0.0180,,EA,IMP
TITAN 3C TRANSTAGE DEB,1965-082TK,5569,DEB,D,US,1965-10-15,AFETR,1980-09-15,97.26,31.75,665,590,0.0109,,EA,IMP
TITAN 3C TRANSTAGE DEB,1965-082TL,5571,DEB,D,US,1965-10-15,AFETR,1981-04-06,100.57,32.03,871,700,0.0037,,EA,IMP
TITAN 3C TRANSTAGE DEB,1965-082TM,5572,DEB,D,US,1965-10-15,AFETR,1975-08-24,99.26,32.37,818,629,,,EA,IMP
TITAN 3C TRANSTAGE DEB,1965-108N,5632,DEB,,US,1965-12-21,AFETR,,320.10,26.08,17774,471,0.1179,,EA,ORB
TITAN 3C TRANSTAGE DEB,1965-082TN,5711,DEB,D,US,1965-10-15,AFETR,1979-10-14,96.40,32.06,605,567,0.0046,,EA,IMP
TITAN 3C TRANSTAGE DEB,1965-082TP,5719,DEB,D,US,1965-10-15,AFETR,1975-07-30,,,,,,,EA,IMP
SL-8 DEB,1965-020FA,5733,DEB,D,CIS,1965-03-15,TYMSC,1972-03-11,90.88,56.09,338,297,,,EA,IMP
TITAN 3C TRANSTAGE DEB,1965-082TQ,5734,DEB,D,US,1965-10-15,AFETR,1980-07-03,97.75,32.18,702,601,0.0062,,EA,IMP
TITAN 3C TRANSTAGE DEB,1965-082TR,5744,DEB,D,US,1965-10-15,AFETR,1978-11-21,93.01,31.73,448,396,0.0006,,EA,IMP
TITAN 3C TRANSTAGE DEB,1965-082TS,5768,DEB,D,US,1965-10-15,AFETR,1972-03-01,95.83,31.37,598,519,,,EA,IMP
TITAN 3C TRANSTAGE DEB,1965-082TT,5811,DEB,D,US,1965-10-15,AFETR,1979-07-18,96.84,32.54,627,588,0.0025,,EA,IMP
SL-8 DEB,1965-020FB,5813,DEB,D,CIS,1965-03-15,TYMSC,1981-02-13,94.81,56.13,561,457,0.0072,,EA,IMP
TITAN 3C TRANSTAGE DEB,1965-082TU,5844,DEB,D,US,1965-10-15,AFETR,1974-05-13,99.83,31.38,832,669,,,EA,IMP
TITAN 3C TRANSTAGE DEB,1965-082TV,5845,DEB,D,US,1965-10-15,AFETR,1982-09-17,,,,,,,EA,IMP
TITAN 3C TRANSTAGE DEB,1965-082TW,5856,DEB,D,US,1965-10-15,AFETR,1972-10-23,94.24,31.46,492,471,,,EA,IMP
TITAN 3C TRANSTAGE DEB,1965-082TX,5857,DEB,D,US,1965-10-15,AFETR,1979-08-03,97.36,32.32,667,598,0.0038,,EA,IMP
TITAN 3C TRANSTAGE DEB,1965-082TY,5955,DEB,D,US,1965-10-15,AFETR,1978-02-22,92.71,31.71,600,215,0.0584,,EA,IMP
TITAN 3C TRANSTAGE DEB,1965-082TZ,5968,DEB,D,US,1965-10-15,AFETR,1977-05-11,94.98,31.35,806,229,,,EA,IMP
TITAN 3C TRANSTAGE DEB,1965-082UA,5970,DEB,D,US,1965-10-15,AFETR,1973-07-26,104.83,31.71,1366,607,,,EA,IMP
TITAN 3C TRANSTAGE DEB,1965-108P,5980,DEB,D,US,1965-12-21,AFETR,1976-04-12,198.37,26.53,9478,299,,,EA,IMP
TITAN 3C TRANSTAGE DEB,1965-082UB,5982,DEB,D,US,1965-10-15,AFETR,1973-01-31,101.43,32.75,962,690,,,EA,IMP
SL-8 DEB,1965-020FC,5983,DEB,D,CIS,1965-03-15,TYMSC,1972-08-09,130.05,56.04,3752,498,,,EA,IMP
TITAN 3C TRANSTAGE DEB,1965-108Q,5986,DEB,,US,1965-12-21,AFETR,,387.83,26.86,22086,391,0.1414,,EA,ORB
TITAN 3C TRANSTAGE DEB,1965-108R,5991,DEB,,US,1965-12-21,AFETR,,546.20,27.46,30334,1177,0.2355,,EA,ORB
TITAN 3C TRANSTAGE DEB,1965-108S,5992,DEB,,US,1965-12-21,AFETR,,541.01,27.19,30209,1022,0.0542,,EA,ORB
TITAN 3C TRANSTAGE DEB,1965-108T,5998,DEB,,US,1965-12-21,AFETR,,473.98,26.58,27007,511,0.1107,,EA,ORB
TITAN 3C TRANSTAGE DEB,1965-082UC,6041,DEB,D,US,1965-10-15,AFETR,1972-07-04,,,,,,,EA,IMP
TITAN 3C TRANSTAGE DEB,1965-082UD,6042,DEB,D,US,1965-10-15,AFETR,1973-08-28,100.77,32.79,910,680,,,EA,IMP
TITAN 3C TRANSTAGE DEB,1965-082UE,6141,DEB,D,US,1965-10-15,AFETR,1973-02-23,104.79,32.87,1250,719,,,EA,IMP
TITAN 3C TRANSTAGE DEB,1965-082UF,6183,DEB,D,US,1965-10-15,AFETR,1974-09-15,93.73,32.85,464,451,,,EA,IMP
SL-8 DEB,1965-020FD,6252,DEB,,CIS,1965-03-15,TYMSC,,117.06,56.03,1704,1393,0.0187,,EA,ORB
TITAN 3C TRANSTAGE DEB,1965-082UG,6253,DEB,D,US,1965-10-15,AFETR,1982-04-15,99.25,32.34,819,626,0.0060,,EA,IMP
THOR ABLESTAR DEB,1965-065S,6290,DEB,D,US,1965-08-13,AFWTR,1981-06-02,96.92,89.95,621,601,0.0045,,EA,IMP
SL-8 DEB,1965-020FE,6736,DEB,D,CIS,1965-03-15,TYMSC,1980-07-12,,,,,,,EA,IMP
TITAN 3C TRANSTAGE DEB,1965-082UH,6783,DEB,D,US,1965-10-15,AFETR,1980-07-27,92.77,32.55,420,401,0.0021,,EA,IMP
PEGASUS 3 DEB,1965-060C,6841,DEB,D,US,1965-07-30,AFETR,1973-10-02,,,,,,NIE,EA,IMP
TITAN 3C TRANSTAGE DEB,1965-082UJ,9840,DEB,D,US,1965-10-15,AFETR,1978-05-21,107.15,31.02,1898,292,0.0464,,EA,IMP
OPS 4682 DEB,1965-027F,11631,DEB,,US,1965-04-03,AFWTR,,111.04,90.24,1305,1244,0.0118,,EA,ORB
TRANSIT 5B-7 DEB,1965-065T,11855,DEB,D,US,1965-08-13,AFWTR,1990-06-18,92.45,89.87,413,376,0.1300,,EA,IMP
TRANSIT 5B-6 DEB,1965-048G,11952,DEB,D,US,1965-06-24,AFWTR,1989-02-24,91.67,89.91,384,329,0.0400,,EA,IMP
TRANSIT 5B-6 DEB,1965-048H,11953,DEB,D,US,1965-06-24,AFWTR,1989-03-07,93.19,89.90,459,403,0.0364,,EA,IMP
OPS 4988 DEB,1965-016K,12099,DEB,,US,1965-03-09,AFWTR,,102.49,70.07,890,864,0.0804,,EA,ORB
OPS 4682 DEB,1965-027G,12102,DEB,,US,1965-04-03,AFWTR,,110.87,90.25,1287,1247,0.0063,,EA,ORB
TRANSIT 5B-6 DEB,1965-048J,12516,DEB,D,US,1965-06-24,AFWTR,1981-12-04,96.41,89.85,596,577,,,EA,IMP
TRANSIT 5B-6 DEB,1965-048K,12582,DEB,D,US,1965-06-24,AFWTR,1982-03-09,98.44,89.84,708,660,0.0214,,EA,IMP
OPS 4682 DEB,1965-027H,13131,DEB,,US,1965-04-03,AFWTR,,110.93,90.24,1292,1248,0.0224,,EA,ORB
SL-8 DEB,1965-020FF,13517,DEB,,CIS,1965-03-15,TYMSC,,107.13,55.57,1483,705,0.0091,,EA,ORB
TITAN 3C TRANSTAGE DEB,1965-108U,13906,DEB,,US,1965-12-21,AFETR,,517.65,26.21,29391,565,0.4505,,EA,ORB
OV2-3,1965-108V,13912,PAY,,US,1965-12-21,AFETR,,269.96,26.65,14655,262,2.6441,,EA,ORB
TITAN 3C TRANSTAGE DEB,1965-108W,13957,DEB,,US,1965-12-21,AFETR,,513.48,26.33,29180,546,0.3993,,EA,ORB
TITAN 3C TRANSTAGE DEB,1965-108X,13958,DEB,,US,1965-12-21,AFETR,,533.09,27.07,30244,557,0.0382,,EA,ORB
OPS 4682 DEB,1965-027J,14047,DEB,,US,1965-04-03,AFWTR,,111.05,90.24,1299,1252,0.0235,,EA,ORB
OPS 4682 DEB,1965-027K,14048,DEB,,US,1965-04-03,AFWTR,,110.83,90.25,1278,1252,0.0157,,EA,ORB
OPS 4682 DEB,1965-027L,14049,DEB,,US,1965-04-03,AFWTR,,111.23,90.25,1314,1252,0.0157,,EA,ORB
OPS 4682 DEB,1965-027M,14515,DEB,,US,1965-04-03,AFWTR,,110.99,90.25,1294,1251,0.0171,,EA,ORB
OPS 4682 DEB,1965-027N,14715,DEB,,US,1965-04-03,AFWTR,,111.06,90.23,1301,1250,0.0205,,EA,ORB
OPS 4682 DEB,1965-027P,14716,DEB,,US,1965-04-03,AFWTR,,110.80,90.25,1287,1240,0.0121,,EA,ORB
OPS 4682 DEB,1965-027Q,14717,DEB,,US,1965-04-03,AFWTR,,110.98,90.24,1296,1248,0.0140,,EA,ORB
TITAN 3C TRANSTAGE DEB,1965-108Y,14756,DEB,D,US,1965-12-21,AFETR,2024-07-29,92.21,26.48,629,137,0.1135,,EA,IMP
TITAN 3C TRANSTAGE DEB,1965-082UK,14842,DEB,D,US,1965-10-15,AFETR,1989-09-11,91.24,31.06,357,314,0.0033,,EA,IMP
TITAN 3C TRANSTAGE DEB,1965-082UL,14843,DEB,D,US,1965-10-15,AFETR,1988-04-27,90.93,32.49,328,312,0.0107,,EA,IMP
OPS 4682 DEB,1965-027R,15340,DEB,,US,1965-04-03,AFWTR,,110.84,90.24,1293,1238,0.0180,,EA,ORB
OPS 4682 DEB,1965-027S,15529,DEB,,US,1965-04-03,AFWTR,,110.83,90.24,1290,1240,0.0170,,EA,ORB
OPS 4682 DEB,1965-027T,15530,DEB,,US,1965-04-03,AFWTR,,110.88,90.29,1291,1243,0.0138,,EA,ORB
OPS 4682 DEB,1965-027U,17093,DEB,,US,1965-04-03,AFWTR,,110.92,90.24,1289,1250,0.0184,,EA,ORB
OPS 4682 DEB,1965-027V,17666,DEB,,US,1965-04-03,AFWTR,,110.99,90.25,1303,1242,0.0184,,EA,ORB
OPS 4682 DEB,1965-027W,17722,DEB,,US,1965-04-03,AFWTR,,110.86,90.24,1270,1262,0.0154,,EA,ORB
TITAN 3C TRANSTAGE DEB,1965-082UM,18258,DEB,D,US,1965-10-15,AFETR,1989-02-04,90.30,32.41,295,284,0.0030,,EA,IMP
OPS 4682 DEB,1965-027X,18268,DEB,,US,1965-04-03,AFWTR,,110.96,90.25,1296,1246,0.0059,,EA,ORB
OPS 4682 DEB,1965-027Y,18269,DEB,,US,1965-04-03,AFWTR,,111.11,90.26,1301,1255,0.0069,,EA,ORB
OPS 4682 DEB,1965-027Z,18270,DEB,,US,1965-04-03,AFWTR,,111.01,90.24,1294,1252,0.0151,,EA,ORB
OPS 4682 DEB,1965-027AA,18271,DEB,,US,1965-04-03,AFWTR,,110.97,90.25,1294,1248,0.0427,,EA,ORB
OPS 4682 DEB,1965-027AB,18427,DEB,,US,1965-04-03,AFWTR,,110.34,90.29,1257,1228,0.0648,,EA,ORB
OPS 4682 DEB,1965-027AC,18479,DEB,,US,1965-04-03,AFWTR,,110.97,90.24,1293,1250,0.0157,,EA,ORB
OPS 4682 DEB,1965-027AD,18533,DEB,,US,1965-04-03,AFWTR,,111.10,90.24,1296,1259,0.0173,,EA,ORB
OPS 4682 DEB,1965-027AE,18534,DEB,,US,1965-04-03,AFWTR,,111.09,90.28,1297,1256,0.0197,,EA,ORB
OPS 4682 DEB,1965-027AF,18538,DEB,,US,1965-04-03,AFWTR,,111.17,90.24,1302,1259,0.0108,,EA,ORB
OPS 4682 DEB,1965-027AG,18670,DEB,,US,1965-04-03,AFWTR,,111.00,90.24,1291,1255,0.0172,,EA,ORB
OPS 4682 DEB,1965-027AH,18675,DEB,,US,1965-04-03,AFWTR,,110.77,90.24,1284,1240,0.0163,,EA,ORB
OPS 4682 DEB,1965-027AJ,18691,DEB,,US,1965-04-03,AFWTR,,111.04,90.23,1293,1257,0.0158,,EA,ORB
OPS 4682 DEB,1965-027AK,18783,DEB,,US,1965-04-03,AFWTR,,110.70,90.27,1280,1237,0.0104,,EA,ORB
OPS 4682 DEB,1965-027AL,18784,DEB,,US,1965-04-03,AFWTR,,111.01,90.26,1303,1244,0.0128,,EA,ORB
TITAN 3C TRANSTAGE DEB,1965-082UN,18874,DEB,D,US,1965-10-15,AFETR,1990-02-28,90.86,30.81,320,313,0.0056,,EA,IMP
OPS 4682 DEB,1965-027AM,18964,DEB,,US,1965-04-03,AFWTR,,110.95,90.25,1293,1248,0.0114,,EA,ORB
OPS 4682 DEB,1965-027AN,18965,DEB,,US,1965-04-03,AFWTR,,110.78,90.28,1296,1229,0.0184,,EA,ORB
OPS 4682 DEB,1965-027AP,18967,DEB,,US,1965-04-03,AFWTR,,111.11,90.25,1298,1257,0.0175,,EA,ORB
OPS 4682 DEB,1965-027AQ,19113,DEB,,US,1965-04-03,AFWTR,,110.23,90.26,1262,1212,0.0091,,EA,ORB
TITAN 3C TRANSTAGE DEB,1965-082UP,19182,DEB,D,US,1965-10-15,AFETR,1991-02-08,92.44,32.00,410,378,0.0026,,EA,IMP
OPS 4682 DEB,1965-027AR,19185,DEB,,US,1965-04-03,AFWTR,,110.96,90.25,1296,1245,0.0557,,EA,ORB
OPS 4682 DEB,1965-027AS,19242,DEB,,US,1965-04-03,AFWTR,,110.62,90.27,1276,1235,0.0184,,EA,ORB
OPS 4682 DEB,1965-027AT,19355,DEB,,US,1965-04-03,AFWTR,,110.92,90.24,1301,1236,0.0380,,EA,ORB
OPS 4682 DEB,1965-027AU,19511,DEB,,US,1965-04-03,AFWTR,,110.95,90.24,1293,1248,0.0179,,EA,ORB
TITAN 3C TRANSTAGE DEB,1965-108Z,19518,DEB,,US,1965-12-21,AFETR,,492.86,26.30,27993,588,0.1990,,EA,ORB
OPS 4682 DEB,1965-027AV,19576,DEB,,US,1965-04-03,AFWTR,,110.71,90.24,1281,1238,0.0105,,EA,ORB
TITAN 3C TRANSTAGE DEB,1965-108AA,19592,DEB,,US,1965-12-21,AFETR,,506.15,26.55,28823,497,0.1687,,EA,ORB
OPS 4682 DEB,1965-027AW,19593,DEB,,US,1965-04-03,AFWTR,,111.13,90.25,1299,1258,0.0175,,EA,ORB
TITAN 3C TRANSTAGE DEB,1965-108AB,19595,DEB,,US,1965-12-21,AFETR,,356.97,26.89,20203,380,0.0452,,EA,ORB
OPS 4682 DEB,1965-027AX,19664,DEB,,US,1965-04-03,AFWTR,,110.43,90.24,1265,1228,0.0113,,EA,ORB
TRANSIT 5B-6 DEB,1965-048L,19838,DEB,D,US,1965-06-24,AFWTR,1991-07-01,104.53,90.04,989,956,0.0100,,EA,IMP
OPS 4682 DEB,1965-027AY,19950,DEB,,US,1965-04-03,AFWTR,,111.20,90.25,1305,1258,0.0082,,EA,ORB
OPS 4682 DEB,1965-027AZ,19954,DEB,,US,1965-04-03,AFWTR,,110.32,90.38,1265,1218,0.0101,,EA,ORB
OPS 4682 DEB,1965-027BA,19964,DEB,,US,1965-04-03,AFWTR,,111.02,90.27,1287,1260,0.0156,,EA,ORB
OPS 4682 DEB,1965-027BB,20031,DEB,,US,1965-04-03,AFWTR,,110.94,90.23,1294,1246,0.0178,,EA,ORB
OPS 4682 DEB,1965-027BC,20048,DEB,,US,1965-04-03,AFWTR,,110.62,90.25,1280,1231,0.0064,,EA,ORB
TITAN 3C TRANSTAGE DEB,1965-108AC,20102,DEB,,US,1965-12-21,AFETR,,522.34,26.93,29634,579,0.0505,,EA,ORB
OPS 4682 DEB,1965-027BD,20131,DEB,,US,1965-04-03,AFWTR,,110.74,90.24,1287,1234,0.0090,,EA,ORB
TITAN 3C TRANSTAGE DEB,1965-108AD,20672,DEB,,US,1965-12-21,AFETR,,533.24,26.83,30248,560,0.0918,,EA,ORB
TITAN 3C TRANSTAGE DEB,1965-108AE,20760,DEB,,US,1965-12-21,AFETR,,506.14,27.46,28738,581,0.1526,,EA,ORB
ALOUETTE 2 DEB,1965-098K,20833,DEB,D,CA,1965-11-29,AFWTR,1992-02-11,91.24,79.70,383,288,0.3195,,EA,IMP
TITAN 3C TRANSTAGE DEB,1965-108AF,21692,DEB,,US,1965-12-21,AFETR,,399.03,27.59,22618,534,0.1337,,EA,ORB
TRANSIT 5B-6 DEB,1965-048M,21945,DEB,D,US,1965-06-24,AFWTR,2001-09-30,92.03,90.04,384,364,0.0039,,EA,IMP
TITAN 3C TRANSTAGE DEB,1965-082UQ,21971,DEB,D,US,1965-10-15,AFETR,1994-05-24,91.18,32.48,338,327,0.0052,,EA,IMP
TRANSIT 10 DEB,1965-109E,24705,DEB,,US,1965-12-22,AFWTR,,101.90,89.08,902,796,0.2970,,EA,ORB
TRANSIT 5B-6 DEB,1965-048N,24811,DEB,D,US,1965-06-24,AFWTR,2003-03-10,98.22,90.06,697,650,0.0087,,EA,IMP
ALOUETTE 2 DEB,1965-098L,25058,DEB,D,CA,1965-11-29,AFWTR,1999-12-15,92.26,79.60,453,318,0.3597,,EA,IMP
TRANSIT 10 DEB,1965-109F,25576,DEB,D,US,1965-12-22,AFWTR,2001-01-25,92.28,89.01,394,378,0.0067,,EA,IMP
TITAN 3C TRANSTAGE DEB,1965-108AG,26048,DEB,,US,1965-12-21,AFETR,,395.20,26.58,22593,329,0.2384,,EA,ORB
TITAN 3C TRANSTAGE DEB,1965-108AH,26049,DEB,,US,1965-12-21,AFETR,,244.39,27.25,12709,432,0.0700,,EA,ORB
TITAN 3C TRANSTAGE DEB,1965-108AJ,26050,DEB,,US,1965-12-21,AFETR,,533.61,26.25,29833,997,0.1440,,EA,ORB
TITAN 3C TRANSTAGE DEB,1965-108AK,26524,DEB,,US,1965-12-21,AFETR,,511.06,26.83,28945,647,0.1246,,EA,ORB
TITAN 3C TRANSTAGE DEB,1965-108AL,26525,DEB,,US,1965-12-21,AFETR,,508.20,26.14,28869,566,0.1981,,EA,ORB
TITAN 3C TRANSTAGE DEB,1965-108AM,26526,DEB,,US,1965-12-21,AFETR,,462.35,27.03,26307,550,0.0762,,EA,ORB
TITAN 3C TRANSTAGE DEB,1965-108AN,26527,DEB,,US,1965-12-21,AFETR,,530.34,26.87,30051,600,0.0652,,EA,ORB
TITAN 3C TRANSTAGE DEB,1965-108AP,26528,DEB,,US,1965-12-21,AFETR,,537.23,27.57,30089,936,0.1186,,EA,ORB
TITAN 3C TRANSTAGE DEB,1965-108AQ,26529,DEB,,US,1965-12-21,AFETR,,542.34,26.40,30664,639,0.1301,,EA,ORB
TITAN 3C TRANSTAGE DEB,1965-108AR,26530,DEB,,US,1965-12-21,AFETR,,508.41,27.19,28960,486,0.2287,,EA,ORB
OPS 4682 DEB,1965-027BE,26731,DEB,,US,1965-04-03,AFWTR,,111.17,90.26,1299,1262,0.0177,,EA,ORB
OPS 4682 DEB,1965-027BF,26732,DEB,,US,1965-04-03,AFWTR,,111.11,90.26,1324,1232,0.0146,,EA,ORB
OPS 4682 DEB,1965-027BG,26733,DEB,,US,1965-04-03,AFWTR,,111.24,90.24,1311,1257,0.0123,,EA,ORB
TITAN 3C TRANSTAGE DEB,1965-108AS,26763,DEB,,US,1965-12-21,AFETR,,524.71,26.11,29655,688,0.0636,,EA,ORB
TITAN 3C TRANSTAGE DEB,1965-108AT,26764,DEB,,US,1965-12-21,AFETR,,539.29,26.17,30471,667,0.0724,,EA,ORB
TITAN 3C TRANSTAGE DEB,1965-108AU,26765,DEB,,US,1965-12-21,AFETR,,535.45,27.11,30116,813,0.1215,,EA,ORB
TITAN 3C TRANSTAGE DEB,1965-108AV,26777,DEB,,US,1965-12-21,AFETR,,561.16,26.65,31249,1067,0.1276,,EA,ORB
TITAN 3C TRANSTAGE DEB,1965-108AW,26778,DEB,,US,1965-12-21,AFETR,,542.58,27.91,30579,737,0.1492,,EA,ORB
TITAN 3C TRANSTAGE DEB,1965-108AX,26779,DEB,,US,1965-12-21,AFETR,,553.30,26.79,31014,880,0.0861,,EA,ORB
TITAN 3C TRANSTAGE DEB,1965-108AY,26780,DEB,,US,1965-12-21,AFETR,,556.41,26.28,30086,1976,0.1804,,EA,ORB
TITAN 3C TRANSTAGE DEB,1965-108AZ,26781,DEB,,US,1965-12-21,AFETR,,415.86,27.27,23701,454,0.1542,,EA,ORB
TITAN 3C TRANSTAGE DEB,1965-108BA,26782,DEB,,US,1965-12-21,AFETR,,145.86,26.42,5323,278,0.2915,,EA,ORB
TITAN 3C TRANSTAGE DEB,1965-108BB,26783,DEB,,US,1965-12-21,AFETR,,536.80,27.06,29930,1073,0.1326,,EA,ORB
TRANSIT 5B-6 DEB,1965-048P,26815,DEB,D,US,1965-06-24,AFWTR,2012-11-25,90.87,90.04,331,303,0.0162,,EA,IMP
TITAN 3C TRANSTAGE DEB,1965-082UR,26910,DEB,D,US,1965-10-15,AFETR,2002-03-21,91.91,32.55,379,358,0.0022,,EA,IMP
TRANSIT 5B-6 DEB,1965-048Q,26912,DEB,D,US,1965-06-24,AFWTR,2001-10-08,93.16,90.07,444,414,0.3125,,EA,IMP
TITAN 3C TRANSTAGE DEB,1965-082US,26913,DEB,D,US,1965-10-15,AFETR,2012-01-01,89.05,31.81,230,224,0.0013,,EA,IMP
OPS 4682 DEB,1965-027BH,27545,DEB,,US,1965-04-03,AFWTR,,111.17,90.25,1298,1263,0.0185,,EA,ORB
DELTA 1 DEB,1965-004E,27720,DEB,,US,1965-01-22,AFETR,,119.08,96.49,2575,704,0.0093,,EA,ORB
TITAN 3C TRANSTAGE DEB,1965-082UT,27721,DEB,,US,1965-10-15,AFETR,,99.45,31.64,811,653,0.0012,,EA,ORB
TITAN 3C TRANSTAGE DEB,1965-108BC,27722,DEB,,US,1965-12-21,AFETR,,566.38,26.59,31362,1234,0.1195,,EA,ORB
TITAN 3C TRANSTAGE DEB,1965-108BD,27723,DEB,,US,1965-12-21,AFETR,,521.88,27.25,29534,654,0.0730,,EA,ORB
DELTA 1 DEB,1965-089E,27788,DEB,,US,1965-11-06,AFETR,,117.17,59.37,2031,1076,0.0148,,EA,ORB
DELTA 1 DEB,1965-089F,27789,DEB,,US,1965-11-06,AFETR,,118.91,59.41,2166,1098,0.0103,,EA,ORB
TITAN 3C TRANSTAGE DEB,1965-108BE,27790,DEB,D,US,1965-12-21,AFETR,2025-05-08,551.45,35.54,31605,190,0.0407,,EA,IMP
TITAN 3C TRANSTAGE DEB,1965-108BF,27791,DEB,,US,1965-12-21,AFETR,,546.76,26.51,30783,759,0.0457,,EA,ORB
TITAN 3C TRANSTAGE DEB,1965-108BG,27792,DEB,,US,1965-12-21,AFETR,,517.34,26.14,29488,451,0.1080,,EA,ORB
TITAN 3C TRANSTAGE DEB,1965-108BH,27793,DEB,,US,1965-12-21,AFETR,,458.76,26.54,26181,470,0.0910,,EA,ORB
TITAN 3C TRANSTAGE DEB,1965-108BJ,27794,DEB,,US,1965-12-21,AFETR,,519.48,26.38,29359,697,0.0528,,EA,ORB
TITAN 3C TRANSTAGE DEB,1965-108BK,27864,DEB,,US,1965-12-21,AFETR,,540.55,26.53,30378,828,0.0575,,EA,ORB
TITAN 3C TRANSTAGE DEB,1965-108BL,27865,DEB,,US,1965-12-21,AFETR,,553.18,26.89,30966,922,0.0527,,EA,ORB
TITAN 3C TRANSTAGE DEB,1965-108BM,27866,DEB,,US,1965-12-21,AFETR,,552.69,26.56,30593,1268,0.0990,,EA,ORB
TITAN 3C TRANSTAGE DEB,1965-108BN,27867,DEB,,US,1965-12-21,AFETR,,539.54,26.39,30146,1005,0.1004,,EA,ORB
TITAN 3C TRANSTAGE DEB,1965-108BP,27878,DEB,,US,1965-12-21,AFETR,,506.18,26.31,28773,549,0.1259,,EA,ORB
TITAN 3C TRANSTAGE DEB,1965-108BQ,27879,DEB,,US,1965-12-21,AFETR,,552.57,26.87,31019,836,0.1363,,EA,ORB
TITAN 3C TRANSTAGE DEB,1965-108BR,28550,DEB,,US,1965-12-21,AFETR,,521.95,27.09,29501,691,0.0730,,EA,ORB
TITAN 3C TRANSTAGE DEB,1965-108BS,28551,DEB,,US,1965-12-21,AFETR,,368.87,27.11,20826,493,0.0575,,EA,ORB
TITAN 3C TRANSTAGE DEB,1965-108BT,28552,DEB,,US,1965-12-21,AFETR,,508.96,26.49,28990,486,0.0079,,EA,ORB
TITAN 3C TRANSTAGE DEB,1965-108BU,28553,DEB,,US,1965-12-21,AFETR,,527.83,26.63,29927,586,0.0468,,EA,ORB
DELTA 1 DEB,1965-089G,28662,DEB,,US,1965-11-06,AFETR,,117.53,59.40,2163,977,0.0068,,EA,ORB
TITAN 3C TRANSTAGE DEB,1965-108BV,28663,DEB,,US,1965-12-21,AFETR,,552.27,26.29,30634,1206,0.0478,,EA,ORB
SCOUT B DEB,1965-063C,28793,DEB,,US,1965-08-10,WLPIS,,118.68,69.20,2231,1011,0.0129,,EA,ORB
SCOUT B DEB,1965-063D,28794,DEB,,US,1965-08-10,WLPIS,,121.91,69.22,2398,1135,0.0066,,EA,ORB
SCOUT B DEB,1965-063E,28795,DEB,,US,1965-08-10,WLPIS,,121.84,69.22,2381,1146,0.0146,,EA,ORB
SCOUT B DEB,1965-063F,28796,DEB,,US,1965-08-10,WLPIS,,120.53,69.21,2310,1099,0.0134,,EA,ORB
SCOUT B DEB,1965-063G,28797,DEB,,US,1965-08-10,WLPIS,,120.22,69.20,2248,1134,0.0099,,EA,ORB
SCOUT B DEB,1965-063H,28798,DEB,,US,1965-08-10,WLPIS,,120.74,69.23,2294,1135,0.0137,,EA,ORB
SCOUT B DEB,1965-063J,28799,DEB,,US,1965-08-10,WLPIS,,120.53,69.17,2301,1109,0.0126,,EA,ORB
SCOUT B DEB,1965-063K,28800,DEB,,US,1965-08-10,WLPIS,,119.46,69.20,2261,1053,0.0131,,EA,ORB
SCOUT B DEB,1965-063L,28801,DEB,,US,1965-08-10,WLPIS,,120.47,69.28,2274,1129,0.0153,,EA,ORB
SCOUT B DEB,1965-063M,28802,DEB,,US,1965-08-10,WLPIS,,120.55,69.23,2263,1148,0.0124,,EA,ORB
SCOUT B DEB,1965-063N,28803,DEB,,US,1965-08-10,WLPIS,,121.23,69.23,2337,1135,0.0150,,EA,ORB
TITAN 3C TRANSTAGE DEB,1965-108BW,28804,DEB,,US,1965-12-21,AFETR,,543.92,27.47,30272,1117,0.0840,,EA,ORB
TITAN 3C TRANSTAGE DEB,1965-108BX,28805,DEB,,US,1965-12-21,AFETR,,521.84,26.34,29678,508,0.0588,,EA,ORB
TITAN 3C TRANSTAGE DEB,1965-108BY,28806,DEB,,US,1965-12-21,AFETR,,540.35,27.09,30174,1021,0.0420,,EA,ORB
TITAN 3C TRANSTAGE DEB,1965-108BZ,28807,DEB,,US,1965-12-21,AFETR,,532.48,25.39,30298,469,0.0800,,EA,ORB
TITAN 3C TRANSTAGE DEB,1965-108CA,28808,DEB,,US,1965-12-21,AFETR,,338.95,27.99,19141,309,0.0190,,EA,ORB
TITAN 3C TRANSTAGE DEB,1965-108CB,28814,DEB,,US,1965-12-21,AFETR,,553.67,26.77,31081,833,0.0336,,EA,ORB
TITAN 3C TRANSTAGE DEB,1965-108CC,28815,DEB,,US,1965-12-21,AFETR,,552.31,25.87,30899,942,0.0724,,EA,ORB
TITAN 3C TRANSTAGE DEB,1965-108CD,28816,DEB,,US,1965-12-21,AFETR,,546.95,26.09,30211,1341,0.0364,,EA,ORB
TITAN 3C TRANSTAGE DEB,1965-108CE,28817,DEB,,US,1965-12-21,AFETR,,390.11,26.27,22244,371,0.0705,,EA,ORB
TITAN 3C TRANSTAGE DEB,1965-108CF,28818,DEB,,US,1965-12-21,AFETR,,559.25,27.23,31047,1167,0.0893,,EA,ORB
TITAN 3C TRANSTAGE DEB,1965-108CG,28819,DEB,,US,1965-12-21,AFETR,,531.92,26.76,30018,719,0.0677,,EA,ORB
TITAN 3C TRANSTAGE DEB,1965-108CH,28820,DEB,,US,1965-12-21,AFETR,,505.43,26.58,28805,476,0.0338,,EA,ORB
TITAN 3C TRANSTAGE DEB,1965-108CJ,28821,DEB,,US,1965-12-21,AFETR,,546.31,28.36,30239,1279,0.0910,,EA,ORB
TITAN 3C TRANSTAGE DEB,1965-108CK,28833,DEB,,US,1965-12-21,AFETR,,543.79,27.86,30165,1217,0.0732,,EA,ORB
TITAN 3C TRANSTAGE DEB,1965-108CL,28834,DEB,,US,1965-12-21,AFETR,,556.65,27.43,30913,1162,0.0796,,EA,ORB
TITAN 3C TRANSTAGE DEB,1965-108CM,28835,DEB,,US,1965-12-21,AFETR,,522.59,27.45,29591,636,0.0317,,EA,ORB
TITAN 3C TRANSTAGE DEB,1965-108CN,28836,DEB,,US,1965-12-21,AFETR,,538.15,26.96,30496,580,0.0079,,EA,ORB
TITAN 3C TRANSTAGE DEB,1965-108CP,28837,DEB,,US,1965-12-21,AFETR,,546.82,25.66,30226,1320,0.0971,,EA,ORB
TITAN 3C TRANSTAGE DEB,1965-108CQ,28838,DEB,,US,1965-12-21,AFETR,,533.80,26.12,30098,741,0.0338,,EA,ORB
TITAN 3C TRANSTAGE DEB,1965-108CR,28839,DEB,,US,1965-12-21,AFETR,,565.21,26.55,31420,1113,0.1265,,EA,ORB
TITAN 3C TRANSTAGE DEB,1965-108CS,28840,DEB,,US,1965-12-21,AFETR,,497.84,26.80,28350,509,0.0433,,EA,ORB
SCOUT X-4 DEB,1965-101E,28949,DEB,D,US,1965-12-06,AFWTR,2011-11-16,92.10,75.83,387,368,0.0106,,EA,IMP
SCOUT B DEB,1965-063P,29009,DEB,,US,1965-08-10,WLPIS,,120.62,69.21,2363,1054,0.0100,,EA,ORB
DELTA 1 DEB,1965-089H,29010,DEB,,US,1965-11-06,AFETR,,119.07,59.26,2164,1114,0.0116,,EA,ORB
TITAN 3C TRANSTAGE DEB,1965-108CT,29011,DEB,,US,1965-12-21,AFETR,,392.53,26.45,22349,412,0.0844,,EA,ORB
TITAN 3C TRANSTAGE DEB,1965-108CU,29012,DEB,,US,1965-12-21,AFETR,,503.07,27.15,28590,560,0.0459,,EA,ORB
TITAN 3C TRANSTAGE DEB,1965-108CV,29013,DEB,,US,1965-12-21,AFETR,,535.04,26.67,30258,649,0.0080,,EA,ORB
OPS 4682 DEB,1965-027BJ,29059,DEB,,US,1965-04-03,AFWTR,,111.25,90.24,1308,1260,0.0236,,EA,ORB
OPS 4682 DEB,1965-027BK,29060,DEB,,US,1965-04-03,AFWTR,,111.21,90.25,1306,1259,0.0102,,EA,ORB
OPS 4682 DEB,1965-027BL,29061,DEB,,US,1965-04-03,AFWTR,,111.22,90.26,1308,1258,0.0156,,EA,ORB
SCOUT B DEB,1965-063Q,29166,DEB,,US,1965-08-10,WLPIS,,120.06,69.19,2335,1033,0.0030,,EA,ORB
SCOUT B DEB,1965-063R,29167,DEB,,US,1965-08-10,WLPIS,,121.17,69.24,2319,1148,0.0121,,EA,ORB
SCOUT B DEB,1965-063S,29168,DEB,,US,1965-08-10,WLPIS,,114.49,69.31,1742,1122,0.0856,,EA,ORB
SCOUT B DEB,1965-063T,29169,DEB,,US,1965-08-10,WLPIS,,121.70,69.14,2385,1129,0.4018,,EA,ORB
SCOUT B DEB,1965-063U,29170,DEB,,US,1965-08-10,WLPIS,,120.96,69.22,2330,1118,0.0092,,EA,ORB
SCOUT B DEB,1965-063V,29171,DEB,,US,1965-08-10,WLPIS,,121.25,69.20,2366,1108,0.0080,,EA,ORB
SCOUT B DEB,1965-063W,29172,DEB,,US,1965-08-10,WLPIS,,121.97,69.23,2390,1148,0.0149,,EA,ORB
SCOUT B DEB,1965-063X,29173,DEB,,US,1965-08-10,WLPIS,,121.54,69.26,2357,1143,0.0030,,EA,ORB
SCOUT B DEB,1965-063Y,29174,DEB,,US,1965-08-10,WLPIS,,120.35,69.27,2231,1162,0.0023,,EA,ORB
SCOUT B DEB,1965-063Z,29175,DEB,,US,1965-08-10,WLPIS,,120.68,69.19,2313,1110,0.0028,,EA,ORB
SCOUT B DEB,1965-063AA,29176,DEB,,US,1965-08-10,WLPIS,,119.75,69.16,2123,1216,0.0025,,EA,ORB
SCOUT B DEB,1965-063AB,29177,DEB,,US,1965-08-10,WLPIS,,121.10,69.21,2272,1188,0.0030,,EA,ORB
SCOUT B DEB,1965-063AC,29178,DEB,,US,1965-08-10,WLPIS,,121.49,69.21,2372,1123,0.0148,,EA,ORB
SCOUT B DEB,1965-063AD,29179,DEB,,US,1965-08-10,WLPIS,,121.60,69.22,2368,1137,0.0114,,EA,ORB
SCOUT X-4 DEB,1965-101F,33756,DEB,D,US,1965-12-06,AFWTR,2011-11-10,92.98,75.78,439,402,0.0094,,EA,IMP
TITAN 3C TRANSTAGE DEB,1965-108CW,34163,DEB,,US,1965-12-21,AFETR,,577.38,26.60,31987,1194,0.1740,,EA,ORB
TITAN 3C TRANSTAGE DEB,1965-108CX,34164,DEB,,US,1965-12-21,AFETR,,581.03,25.56,32769,606,0.0133,,EA,ORB
TITAN 3C TRANSTAGE DEB,1965-108CY,34165,DEB,,US,1965-12-21,AFETR,,430.47,26.63,24548,466,0.0240,,EA,ORB
TITAN 3C TRANSTAGE DEB,1965-108CZ,34166,DEB,,US,1965-12-21,AFETR,,621.93,25.12,35172,342,0.0060,,EA,ORB
TITAN 3C TRANSTAGE DEB,1965-108DA,34167,DEB,,US,1965-12-21,AFETR,,435.05,26.35,24801,480,0.0332,,EA,ORB
TITAN 3C TRANSTAGE DEB,1965-108DB,34168,DEB,,US,1965-12-21,AFETR,,546.28,27.92,30461,1055,0.0298,,EA,ORB
TITAN 3C TRANSTAGE DEB,1965-108DC,34169,DEB,,US,1965-12-21,AFETR,,516.55,28.14,29559,336,0.0169,,EA,ORB
TITAN 3C TRANSTAGE DEB,1965-108DD,34170,DEB,,US,1965-12-21,AFETR,,353.16,25.55,19749,596,0.0530,,EA,ORB
TITAN 3C TRANSTAGE DEB,1965-108DE,34171,DEB,,US,1965-12-21,AFETR,,480.69,26.37,27447,451,0.0548,,EA,ORB
TITAN 3C TRANSTAGE DEB,1965-108DF,34172,DEB,,US,1965-12-21,AFETR,,542.12,26.58,30481,810,0.0224,,EA,ORB
TITAN 3C TRANSTAGE DEB,1965-108DG,34173,DEB,,US,1965-12-21,AFETR,,536.67,26.96,30191,805,0.0398,,EA,ORB
TITAN 3C TRANSTAGE DEB,1965-108DH,35502,DEB,,US,1965-12-21,AFETR,,473.97,26.67,27065,453,0.0063,,EA,ORB
TITAN 3C TRANSTAGE DEB,1965-108DJ,35503,DEB,,US,1965-12-21,AFETR,,552.99,26.44,31092,786,0.0350,,EA,ORB
TITAN 3C TRANSTAGE DEB,1965-108DK,36979,DEB,,US,1965-12-21,AFETR,,562.90,27.29,31245,1164,0.0678,,EA,ORB
TITAN 3C TRANSTAGE DEB,1965-108DL,36980,DEB,,US,1965-12-21,AFETR,,531.77,26.73,30066,663,0.0280,,EA,ORB
TITAN 3C TRANSTAGE DEB,1965-108DM,36981,DEB,,US,1965-12-21,AFETR,,464.10,29.72,26654,303,0.0264,,EA,ORB
TITAN 3C TRANSTAGE DEB,1965-108DN,36982,DEB,,US,1965-12-21,AFETR,,424.31,27.06,24202,451,0.0603,,EA,ORB
TITAN 3C TRANSTAGE DEB,1965-108DP,36983,DEB,,US,1965-12-21,AFETR,,206.79,27.05,10206,204,0.2334,,EA,ORB
TITAN 3C TRANSTAGE DEB,1965-108DQ,36984,DEB,,US,1965-12-21,AFETR,,212.44,26.44,10253,578,0.0933,,EA,ORB
SCOUT B DEB,1965-063AE,37862,DEB,,US,1965-08-10,WLPIS,,114.25,69.13,1989,853,0.0145,,EA,ORB
OPS 4682 DEB,1965-027BM,38360,DEB,,US,1965-04-03,AFWTR,,110.70,90.24,1285,1232,0.0124,,EA,ORB
OPS 4682 DEB,1965-027BN,38361,DEB,,US,1965-04-03,AFWTR,,110.74,90.25,1287,1235,0.0077,,EA,ORB
OPS 4682 DEB,1965-027BP,38362,DEB,,US,1965-04-03,AFWTR,,111.02,90.25,1307,1240,0.0131,,EA,ORB
OPS 4682 DEB,1965-027BQ,38363,DEB,,US,1965-04-03,AFWTR,,110.66,90.24,1280,1234,0.0082,,EA,ORB
OPS 4682 DEB,1965-027BR,38364,DEB,,US,1965-04-03,AFWTR,,111.07,90.25,1301,1251,0.0157,,EA,ORB
OPS 4682 DEB,1965-027BS,38365,DEB,,US,1965-04-03,AFWTR,,110.83,90.24,1285,1244,0.0144,,EA,ORB
OPS 4682 DEB,1965-027BT,38366,DEB,,US,1965-04-03,AFWTR,,110.93,90.28,1288,1251,0.0075,,EA,ORB
OPS 4682 DEB,1965-027BU,38367,DEB,,US,1965-04-03,AFWTR,,111.05,90.25,1300,1249,0.0100,,EA,ORB
OPS 4682 DEB,1965-027BV,38368,DEB,,US,1965-04-03,AFWTR,,111.10,90.25,1294,1261,0.0065,,EA,ORB
OPS 4682 DEB,1965-027BW,38369,DEB,,US,1965-04-03,AFWTR,,110.90,90.24,1290,1246,0.0121,,EA,ORB
OPS 4682 DEB,1965-027BX,38370,DEB,,US,1965-04-03,AFWTR,,110.69,90.26,1279,1238,0.0074,,EA,ORB
OPS 4682 DEB,1965-027BY,38371,DEB,,US,1965-04-03,AFWTR,,110.39,90.30,1268,1221,0.0111,,EA,ORB
OPS 4682 DEB,1965-027BZ,38372,DEB,,US,1965-04-03,AFWTR,,110.94,90.31,1293,1248,0.0087,,EA,ORB
OPS 4682 DEB,1965-027CA,38373,DEB,,US,1965-04-03,AFWTR,,110.68,90.27,1282,1234,0.0084,,EA,ORB
OPS 4682 DEB,1965-027CB,38374,DEB,,US,1965-04-03,AFWTR,,110.65,90.25,1276,1238,0.0096,,EA,ORB
OPS 4682 DEB,1965-027CC,38375,DEB,,US,1965-04-03,AFWTR,,111.20,90.24,1307,1257,0.0145,,EA,ORB
OPS 4682 DEB,1965-027CD,38376,DEB,,US,1965-04-03,AFWTR,,111.12,90.25,1300,1257,0.0185,,EA,ORB
OPS 4682 DEB,1965-027CE,38377,DEB,,US,1965-04-03,AFWTR,,111.05,90.25,1301,1249,0.0174,,EA,ORB
OPS 4682 DEB,1965-027CF,38378,DEB,,US,1965-04-03,AFWTR,,110.49,90.23,1275,1223,0.0093,,EA,ORB
OPS 4682 DEB,1965-027CG,38379,DEB,,US,1965-04-03,AFWTR,,110.72,90.24,1282,1238,0.0108,,EA,ORB
OPS 4682 DEB,1965-027CH,38380,DEB,,US,1965-04-03,AFWTR,,110.78,90.26,1281,1245,0.0108,,EA,ORB
OPS 4682 DEB,1965-027CJ,38381,DEB,,US,1965-04-03,AFWTR,,110.75,90.26,1278,1244,0.0100,,EA,ORB
OPS 4682 DEB,1965-027CK,38382,DEB,,US,1965-04-03,AFWTR,,111.04,90.25,1293,1256,0.0080,,EA,ORB
OPS 4682 DEB,1965-027CL,38383,DEB,,US,1965-04-03,AFWTR,,111.02,90.25,1294,1254,0.0073,,EA,ORB
OPS 4682 DEB,1965-027CM,38384,DEB,,US,1965-04-03,AFWTR,,110.89,90.26,1281,1255,0.0066,,EA,ORB
OPS 4682 DEB,1965-027CN,38385,DEB,,US,1965-04-03,AFWTR,,111.05,90.24,1307,1243,0.0132,,EA,ORB
OPS 4682 DEB,1965-027CP,38386,DEB,,US,1965-04-03,AFWTR,,110.66,90.29,1282,1232,0.0096,,EA,ORB
OPS 4682 DEB,1965-027CQ,38387,DEB,,US,1965-04-03,AFWTR,,111.07,90.25,1293,1259,0.0143,,EA,ORB
OPS 4682 DEB,1965-027CR,38388,DEB,,US,1965-04-03,AFWTR,,110.72,90.27,1288,1232,0.0136,,EA,ORB
OPS 4682 DEB,1965-027CS,38389,DEB,,US,1965-04-03,AFWTR,,110.77,90.32,1267,1257,0.0094,,EA,ORB
OPS 4682 DEB,1965-027CT,38390,DEB,,US,1965-04-03,AFWTR,,110.96,90.24,1293,1249,0.0156,,EA,ORB
OPS 4682 DEB,1965-027CU,38391,DEB,,US,1965-04-03,AFWTR,,110.90,90.23,1300,1236,0.0055,,EA,ORB
OPS 4682 DEB,1965-027CV,38392,DEB,,US,1965-04-03,AFWTR,,111.17,90.25,1303,1258,0.0095,,EA,ORB
OPS 4682 DEB,1965-027CW,38393,DEB,,US,1965-04-03,AFWTR,,110.90,90.26,1288,1248,0.0085,,EA,ORB
OPS 4682 DEB,1965-027CX,38394,DEB,,US,1965-04-03,AFWTR,,110.76,90.27,1290,1233,0.0074,,EA,ORB
OPS 4682 DEB,1965-027CY,38395,DEB,,US,1965-04-03,AFWTR,,110.90,90.26,1292,1244,0.0146,,EA,ORB
OPS 4682 DEB,1965-027CZ,38396,DEB,,US,1965-04-03,AFWTR,,110.95,90.26,1298,1243,0.0099,,EA,ORB
OPS 4682 DEB,1965-027DA,38397,DEB,,US,1965-04-03,AFWTR,,110.77,90.26,1294,1230,0.0092,,EA,ORB
OPS 4682 DEB,1965-027DB,38398,DEB,,US,1965-04-03,AFWTR,,111.01,90.27,1286,1261,0.0093,,EA,ORB
OPS 4682 DEB,1965-027DC,38399,DEB,,US,1965-04-03,AFWTR,,111.04,90.26,1293,1256,0.0077,,EA,ORB
OPS 4682 DEB,1965-027DD,38400,DEB,,US,1965-04-03,AFWTR,,110.90,90.26,1293,1243,0.0079,,EA,ORB
OPS 4682 DEB,1965-027DE,38401,DEB,,US,1965-04-03,AFWTR,,111.17,90.25,1305,1256,0.0124,,EA,ORB
OPS 4682 DEB,1965-027DF,38402,DEB,,US,1965-04-03,AFWTR,,111.29,90.24,1308,1264,0.0173,,EA,ORB
OPS 4682 DEB,1965-027DG,38403,DEB,,US,1965-04-03,AFWTR,,111.25,90.25,1305,1263,0.0090,,EA,ORB
OPS 4682 DEB,1965-027DH,38404,DEB,,US,1965-04-03,AFWTR,,110.79,90.25,1280,1246,0.0097,,EA,ORB
OPS 4682 DEB,1965-027DJ,38405,DEB,,US,1965-04-03,AFWTR,,110.79,90.27,1276,1250,0.0099,,EA,ORB
OPS 4682 DEB,1965-027DK,38406,DEB,,US,1965-04-03,AFWTR,,110.74,90.25,1281,1240,0.0116,,EA,ORB
OPS 4682 DEB,1965-027DL,38407,DEB,,US,1965-04-03,AFWTR,,111.03,90.25,1295,1253,0.0163,,EA,ORB
OPS 4682 DEB,1965-027DM,38408,DEB,,US,1965-04-03,AFWTR,,110.58,90.29,1286,1221,0.0083,,EA,ORB
OPS 4682 DEB,1965-027DN,38409,DEB,,US,1965-04-03,AFWTR,,110.84,90.29,1293,1237,0.0068,,EA,ORB
OPS 4682 DEB,1965-027DP,38410,DEB,,US,1965-04-03,AFWTR,,110.98,90.25,1295,1248,0.0075,,EA,ORB
OPS 4682 DEB,1965-027DQ,38411,DEB,,US,1965-04-03,AFWTR,,111.03,90.26,1303,1246,0.0080,,EA,ORB
OPS 4682 DEB,1965-027DR,38412,DEB,,US,1965-04-03,AFWTR,,111.21,90.24,1308,1257,0.0081,,EA,ORB
OPS 4682 DEB,1965-027DS,38413,DEB,,US,1965-04-03,AFWTR,,110.77,90.25,1286,1238,0.0065,,EA,ORB
OPS 4682 DEB,1965-027DT,38414,DEB,,US,1965-04-03,AFWTR,,110.93,90.24,1298,1241,0.0071,,EA,ORB
OPS 4682 DEB,1965-027DU,38415,DEB,,US,1965-04-03,AFWTR,,110.56,90.25,1274,1231,0.0094,,EA,ORB
OPS 4682 DEB,1965-027DV,38416,DEB,,US,1965-04-03,AFWTR,,111.12,90.25,1303,1254,0.0066,,EA,ORB
OPS 4682 DEB,1965-027DW,38417,DEB,,US,1965-04-03,AFWTR,,111.05,90.25,1300,1250,0.0097,,EA,ORB
OPS 4682 DEB,1965-027DX,38418,DEB,,US,1965-04-03,AFWTR,,110.68,90.24,1281,1235,0.0077,,EA,ORB
OPS 4682 DEB,1965-027DY,38419,DEB,,US,1965-04-03,AFWTR,,111.18,90.24,1305,1257,0.0121,,EA,ORB
OPS 4682 DEB,1965-027DZ,38420,DEB,,US,1965-04-03,AFWTR,,110.77,90.25,1286,1238,0.0066,,EA,ORB
OPS 4682 DEB,1965-027EA,38421,DEB,,US,1965-04-03,AFWTR,,109.92,90.26,1250,1196,0.0086,,EA,ORB
OPS 4682 DEB,1965-027EB,38422,DEB,,US,1965-04-03,AFWTR,,110.97,90.27,1296,1246,0.0158,,EA,ORB
OPS 4682 DEB,1965-027EC,38423,DEB,,US,1965-04-03,AFWTR,,111.17,90.25,1294,1267,0.0149,,EA,ORB
OPS 4682 DEB,1965-027ED,38424,DEB,,US,1965-04-03,AFWTR,,110.43,90.25,1266,1227,0.0104,,EA,ORB
OPS 4682 DEB,1965-027EE,38425,DEB,,US,1965-04-03,AFWTR,,111.18,90.25,1310,1252,0.0144,,EA,ORB
OPS 4682 DEB,1965-027EF,38426,DEB,,US,1965-04-03,AFWTR,,111.10,90.25,1303,1252,0.0147,,EA,ORB
OPS 4682 DEB,1965-027EG,38427,DEB,,US,1965-04-03,AFWTR,,111.51,90.24,1319,1272,0.0060,,EA,ORB
OPS 4682 DEB,1965-027EH,38428,DEB,,US,1965-04-03,AFWTR,,110.98,90.25,1304,1239,0.0045,,EA,ORB
OPS 4682 DEB,1965-027EJ,38429,DEB,,US,1965-04-03,AFWTR,,110.94,90.23,1300,1240,0.0034,,EA,ORB
OPS 4682 DEB,1965-027EK,38430,DEB,,US,1965-04-03,AFWTR,,110.75,90.27,1302,1221,0.0077,,EA,ORB
OPS 4682 DEB,1965-027EL,38431,DEB,,US,1965-04-03,AFWTR,,110.71,90.24,1278,1240,0.0113,,EA,ORB
OPS 4682 DEB,1965-027EM,38432,DEB,,US,1965-04-03,AFWTR,,111.07,90.31,1300,1252,0.0101,,EA,ORB
OPS 4682 DEB,1965-027EN,38433,DEB,,US,1965-04-03,AFWTR,,109.73,90.26,1234,1195,0.0114,,EA,ORB
OPS 4682 DEB,1965-027EP,38434,DEB,,US,1965-04-03,AFWTR,,110.99,90.25,1295,1249,0.0149,,EA,ORB
OPS 4682 DEB,1965-027EQ,38435,DEB,,US,1965-04-03,AFWTR,,111.06,90.30,1299,1252,0.0086,,EA,ORB
OPS 4682 DEB,1965-027ER,38436,DEB,,US,1965-04-03,AFWTR,,110.77,90.25,1282,1242,0.0093,,EA,ORB
OPS 4682 DEB,1965-027ES,38437,DEB,,US,1965-04-03,AFWTR,,111.12,90.24,1306,1250,0.0126,,EA,ORB
OPS 4682 DEB,1965-027ET,38438,DEB,,US,1965-04-03,AFWTR,,111.36,90.24,1313,1265,0.0169,,EA,ORB
OPS 4682 DEB,1965-027EU,38439,DEB,,US,1965-04-03,AFWTR,,110.77,90.31,1289,1235,0.0114,,EA,ORB
OPS 4682 DEB,1965-027EV,38440,DEB,,US,1965-04-03,AFWTR,,110.86,90.26,1295,1237,0.0170,,EA,ORB
OPS 4682 DEB,1965-027EW,38441,DEB,,US,1965-04-03,AFWTR,,111.09,90.25,1299,1255,0.0081,,EA,ORB
OPS 4682 DEB,1965-027EX,38442,DEB,,US,1965-04-03,AFWTR,,111.29,90.25,1310,1261,0.0141,,EA,ORB
OPS 4682 DEB,1965-027EY,38443,DEB,,US,1965-04-03,AFWTR,,110.69,90.24,1282,1235,0.0103,,EA,ORB
OPS 4682 DEB,1965-027EZ,38444,DEB,,US,1965-04-03,AFWTR,,111.08,90.25,1296,1257,0.0156,,EA,ORB
OPS 4682 DEB,1965-027FA,38445,DEB,,US,1965-04-03,AFWTR,,111.16,90.24,1304,1257,0.0064,,EA,ORB
OPS 4682 DEB,1965-027FB,38446,DEB,,US,1965-04-03,AFWTR,,110.65,90.27,1269,1245,0.0070,,EA,ORB
OPS 4682 DEB,1965-027FC,38447,DEB,,US,1965-04-03,AFWTR,,111.03,90.33,1297,1251,0.0081,,EA,ORB
OPS 4682 DEB,1965-027FD,38448,DEB,,US,1965-04-03,AFWTR,,110.74,90.24,1284,1237,0.0127,,EA,ORB
OPS 4682 DEB,1965-027FE,38449,DEB,,US,1965-04-03,AFWTR,,111.17,90.25,1304,1257,0.0064,,EA,ORB
OPS 4682 DEB,1965-027FF,38450,DEB,,US,1965-04-03,AFWTR,,110.73,90.24,1281,1239,0.0069,,EA,ORB
OPS 4682 DEB,1965-027FG,38451,DEB,,US,1965-04-03,AFWTR,,111.21,90.28,1317,1248,0.0070,,EA,ORB
OPS 4682 DEB,1965-027FH,38452,DEB,,US,1965-04-03,AFWTR,,111.28,90.25,1297,1274,0.0081,,EA,ORB
OPS 4682 DEB,1965-027FJ,38453,DEB,,US,1965-04-03,AFWTR,,111.20,90.25,1303,1261,0.0159,,EA,ORB
OPS 4682 DEB,1965-027FK,38454,DEB,,US,1965-04-03,AFWTR,,111.17,90.25,1308,1253,0.0154,,EA,ORB
OPS 4682 DEB,1965-027FL,38455,DEB,,US,1965-04-03,AFWTR,,110.95,90.24,1290,1250,0.0074,,EA,ORB
OPS 4682 DEB,1965-027FM,38456,DEB,,US,1965-04-03,AFWTR,,110.99,90.27,1288,1256,0.0058,,EA,ORB
OPS 4682 DEB,1965-027FN,38457,DEB,,US,1965-04-03,AFWTR,,110.89,90.23,1290,1245,0.0047,,EA,ORB
OPS 4682 DEB,1965-027FP,38458,DEB,,US,1965-04-03,AFWTR,,111.33,90.25,1311,1264,0.0074,,EA,ORB
OPS 4682 DEB,1965-027FQ,38459,DEB,,US,1965-04-03,AFWTR,,111.37,90.24,1313,1266,0.0154,,EA,ORB
OPS 4682 DEB,1965-027FR,38460,DEB,,US,1965-04-03,AFWTR,,111.18,90.24,1304,1258,0.0071,,EA,ORB
OPS 4682 DEB,1965-027FS,39609,DEB,,US,1965-04-03,AFWTR,,110.92,90.26,1289,1249,0.0083,,EA,ORB
TITAN 3C TRANSTAGE DEB,1965-108DR,40551,DEB,,US,1965-12-21,AFETR,,544.71,26.78,30915,516,0.0005,,EA,ORB
DODECAPOLE 2 DEB,1965-065U,41734,DEB,,US,1965-08-13,AFWTR,,101.25,90.05,838,797,0.0281,,EA,ORB
GGSE 3 DEB,1965-016L,44043,DEB,,US,1965-03-09,AFWTR,,102.54,70.08,893,865,,,EA,ORB
TITAN 3C TRANSTAGE DEB,1965-108DS,47713,DEB,,US,1965-12-21,AFETR,,318.35,26.96,17577,555,,,EA,ORB
OPS 4682 DEB,1965-027FT,49110,DEB,,US,1965-04-03,AFWTR,,110.84,90.26,1294,1236,,,EA,ORB
OPS 4682 DEB,1965-027FU,49111,DEB,,US,1965-04-03,AFWTR,,111.36,90.26,1310,1269,,,EA,ORB
OPS 4682 DEB,1965-027FV,51093,DEB,,US,1965-04-03,AFWTR,,111.06,90.24,1302,1249,,,EA,ORB
OPS 4682 DEB,1965-027FW,51486,DEB,,US,1965-04-03,AFWTR,,111.19,90.24,1304,1259,,,EA,ORB
OPS 4682 DEB,1965-027FX,51487,DEB,,US,1965-04-03,AFWTR,,111.11,90.24,1298,1258,,,EA,ORB
OPS 4682 DEB,1965-027FY,51488,DEB,,US,1965-04-03,AFWTR,,110.65,90.25,1272,1241,,,EA,ORB
OPS 4682 DEB,1965-027FZ,51489,DEB,,US,1965-04-03,AFWTR,,111.30,90.25,1308,1265,,,EA,ORB
OPS 4682 DEB,1965-027GA,51490,DEB,,US,1965-04-03,AFWTR,,111.17,90.25,1295,1266,,,EA,ORB
OPS 4682 DEB,1965-027GB,51491,DEB,,US,1965-04-03,AFWTR,,111.03,90.26,1298,1250,,,EA,ORB
OPS 4682 DEB,1965-027GC,51492,DEB,,US,1965-04-03,AFWTR,,110.78,90.26,1286,1239,,,EA,ORB
OPS 4682 DEB,1965-027GD,51493,DEB,,US,1965-04-03,AFWTR,,111.13,90.25,1300,1257,,,EA,ORB
OPS 4682 DEB,1965-027GE,51494,DEB,,US,1965-04-03,AFWTR,,111.06,90.25,1299,1252,,,EA,ORB
OPS 4682 DEB,1965-027GF,51495,DEB,,US,1965-04-03,AFWTR,,111.05,90.24,1300,1249,,,EA,ORB
OPS 4682 DEB,1965-027GG,51496,DEB,,US,1965-04-03,AFWTR,,110.84,90.26,1279,1251,,,EA,ORB
OPS 4682 DEB,1965-027GH,51497,DEB,,US,1965-04-03,AFWTR,,111.25,90.26,1313,1255,,,EA,ORB
OPS 4682 DEB,1965-027GJ,51498,DEB,,US,1965-04-03,AFWTR,,110.96,90.25,1289,1252,,,EA,ORB
OPS 4682 DEB,1965-027GK,51499,DEB,,US,1965-04-03,AFWTR,,111.34,90.26,1310,1266,,,EA,ORB
OPS 4682 DEB,1965-027GL,51500,DEB,,US,1965-04-03,AFWTR,,111.37,90.25,1314,1265,,,EA,ORB
OPS 4682 DEB,1965-027GM,51501,DEB,,US,1965-04-03,AFWTR,,109.98,90.35,1243,1208,,,EA,ORB
OPS 4682 DEB,1965-027GN,51502,DEB,,US,1965-04-03,AFWTR,,110.91,90.24,1291,1246,,,EA,ORB
OPS 4682 DEB,1965-027GP,51503,DEB,,US,1965-04-03,AFWTR,,111.21,90.26,1315,1250,,,EA,ORB
OPS 4682 DEB,1965-027GQ,51504,DEB,,US,1965-04-03,AFWTR,,110.98,90.24,1293,1250,,,EA,ORB
OPS 4682 DEB,1965-027GR,51505,DEB,,US,1965-04-03,AFWTR,,110.86,90.25,1290,1242,,,EA,ORB
OPS 4682 DEB,1965-027GS,51506,DEB,,US,1965-04-03,AFWTR,,111.00,90.25,1302,1243,,,EA,ORB
OPS 4682 DEB,1965-027GT,51507,DEB,,US,1965-04-03,AFWTR,,110.60,90.25,1284,1224,,,EA,ORB
OPS 4682 DEB,1965-027GU,51508,DEB,,US,1965-04-03,AFWTR,,110.94,90.26,1290,1250,,,EA,ORB
OPS 4682 DEB,1965-027GV,51764,DEB,,US,1965-04-03,AFWTR,,111.31,90.26,1318,1256,,,EA,ORB
OPS 4682 DEB,1965-027GW,51765,DEB,,US,1965-04-03,AFWTR,,110.45,90.25,1272,1223,,,EA,ORB
OPS 4682 DEB,1965-027GX,51766,DEB,,US,1965-04-03,AFWTR,,111.34,90.25,1314,1263,,,EA,ORB
OPS 4682 DEB,1965-027GY,52782,DEB,,US,1965-04-03,AFWTR,,110.97,90.24,1294,1249,,,EA,ORB
OPS 4682 DEB,1965-027GZ,52783,DEB,,US,1965-04-03,AFWTR,,111.14,90.24,1303,1256,,,EA,ORB
OPS 4682 DEB,1965-027HA,52784,DEB,,US,1965-04-03,AFWTR,,110.96,90.25,1294,1248,,,EA,ORB
OPS 4682 DEB,1965-027HB,53351,DEB,,US,1965-04-03,AFWTR,,111.06,90.25,1291,1260,,,EA,ORB
OPS 4682 DEB,1965-027HC,55113,DEB,,US,1965-04-03,AFWTR,,111.02,90.25,1289,1258,,,EA,ORB
OPS 4682 DEB,1965-027HD,55114,DEB,,US,1965-04-03,AFWTR,,110.99,90.27,1295,1249,,,EA,ORB
OPS 4682 DEB,1965-027HE,55115,DEB,,US,1965-04-03,AFWTR,,110.84,90.24,1287,1244,,,EA,ORB
OPS 4682 DEB,1965-027HF,55116,DEB,,US,1965-04-03,AFWTR,,110.85,90.24,1291,1241,,,EA,ORB
OPS 4682 DEB,1965-027HG,55117,DEB,,US,1965-04-03,AFWTR,,111.31,90.25,1311,1263,,,EA,ORB
OPS 4682 DEB,1965-027HH,55118,DEB,,US,1965-04-03,AFWTR,,110.87,90.24,1292,1242,,,EA,ORB
OPS 4682 DEB,1965-027HJ,55119,DEB,,US,1965-04-03,AFWTR,,111.05,90.25,1291,1259,,,EA,ORB
OPS 4682 DEB,1965-027HK,55120,DEB,,US,1965-04-03,AFWTR,,111.01,90.25,1292,1254,,,EA,ORB
OPS 4682 DEB,1965-027HL,55121,DEB,,US,1965-04-03,AFWTR,,110.66,90.24,1287,1227,,,EA,ORB
OPS 4682 DEB,1965-027HM,55122,DEB,,US,1965-04-03,AFWTR,,110.49,90.25,1274,1224,,,EA,ORB
OPS 4682 DEB,1965-027HN,55262,DEB,,US,1965-04-03,AFWTR,,111.08,90.25,1298,1255,,,EA,ORB
OPS 4682 DEB,1965-027HP,58026,DEB,,US,1965-04-03,AFWTR,,111.12,90.24,1309,1247,,,EA,ORB
OPS 4682 DEB,1965-027HQ,58027,DEB,,US,1965-04-03,AFWTR,,110.94,90.26,1295,1245,,,EA,ORB
OPS 4682 DEB,1965-027HR,59149,DEB,,US,1965-04-03,AFWTR,,110.62,90.26,1284,1227,,,EA,ORB
OPS 4682 DEB,1965-027HS,59150,DEB,,US,1965-04-03,AFWTR,,110.86,90.24,1288,1245,,,EA,ORB
OPS 4682 DEB,1965-027HT,59151,DEB,,US,1965-04-03,AFWTR,,110.93,90.24,1295,1244,,,EA,ORB
