OBJECT_NAME,OBJECT_ID,NORAD_CAT_ID,OBJECT_TYPE,OPS_STATUS_CODE,OWNER,LAUNCH_DATE,LAUNCH_SITE,DECAY_DATE,PERIOD,INCLINATION,APOGEE,PERIGEE,RCS,DATA_STATUS_CODE,ORBIT_CENTER,ORBIT_TYPE
COSMOS 1715,1986-001A,16447,PAY,D,CIS,1986-01-08,PLMSC,1986-01-22,89.43,72.81,265,228,,,EA,IMP
SL-4 R/B,1986-001B,16448,R/B,D,CIS,1986-01-08,PLMSC,1986-01-16,87.63,72.80,168,146,,,EA,IMP
COSMOS 1716,1986-002A,16449,PAY,,CIS,1986-01-09,PLMSC,,115.48,73.99,1491,1464,0.6780,,EA,ORB
COSMOS 1717,1986-002B,16450,PAY,,CIS,1986-01-09,PLMSC,,115.85,73.99,1513,1475,0.6810,,EA,ORB
COSMOS 1718,1986-002C,16451,PAY,,CIS,1986-01-09,PLMSC,,115.65,73.99,1495,1475,0.6762,,EA,ORB
COSMOS 1719,1986-002D,16452,PAY,,CIS,1986-01-09,PLMSC,,115.30,73.99,1485,1454,0.6881,,EA,ORB
COSMOS 1720,1986-002E,16453,PAY,,CIS,1986-01-09,PLMSC,,115.14,73.99,1484,1440,0.6860,,EA,ORB
COSMOS 1721,1986-002F,16454,PAY,,CIS,1986-01-09,PLMSC,,114.98,73.99,1483,1426,0.6889,,EA,ORB
COSMOS 1722,1986-002G,16455,PAY,,CIS,1986-01-09,PLMSC,,114.83,73.99,1483,1412,0.6899,,EA,ORB
COSMOS 1723,1986-002H,16456,PAY,,CIS,1986-01-09,PLMSC,,114.67,73.99,1482,1399,0.6816,,EA,ORB
SL-8 R/B,1986-002J,16457,R/B,,CIS,1986-01-09,PLMSC,,117.96,73.99,1696,1483,5.5277,,EA,ORB
STS 61C,1986-003A,16481,PAY,D,US,1986-01-12,AFETR,1986-01-18,91.21,28.47,347,322,,,EA,LAN
SATCOM K1,1986-003B,16482,PAY,,US,1986-01-12,AFETR,,1446.32,14.67,36006,35966,7.6761,,EA,ORB
SATCOM K1 R/B [PAM-D2],1986-003C,16483,R/B,,US,1986-01-12,AFETR,,576.00,26.79,32783,324,3.6743,,EA,ORB
COSMOS 1724,1986-004A,16490,PAY,D,CIS,1986-01-15,PLMSC,1986-03-15,88.84,67.13,267,167,66.6700,,EA,IMP
SL-4 R/B,1986-004B,16491,R/B,D,CIS,1986-01-15,PLMSC,1986-01-21,87.23,67.13,154,120,,,EA,IMP
SL-4 DEB,1986-004C,16492,DEB,D,CIS,1986-01-15,PLMSC,1986-01-16,88.52,67.12,249,154,,,EA,IMP
COSMOS 1725,1986-005A,16493,PAY,,CIS,1986-01-16,PLMSC,,104.73,82.93,999,965,2.0470,,EA,ORB
SL-8 R/B,1986-005B,16494,R/B,,CIS,1986-01-16,PLMSC,,104.59,82.93,989,962,4.1175,,EA,ORB
COSMOS 1726,1986-006A,16495,PAY,D,CIS,1986-01-17,PLMSC,2024-10-30,87.30,82.43,146,135,8.3840,,EA,IMP
SL-14 R/B,1986-006B,16496,R/B,,CIS,1986-01-17,PLMSC,,96.84,82.53,662,553,4.0562,,EA,ORB
RADUGA 18,1986-007A,16497,PAY,-,CIS,1986-01-17,TYMSC,,1457.29,10.42,36501,35899,2.4023,,EA,ORB
SL-12 R/B(1),1986-007B,16498,R/B,D,CIS,1986-01-17,TYMSC,1986-01-20,86.99,51.60,126,125,,,EA,IMP
SL-12 PLAT,1986-007C,16499,DEB,D,CIS,1986-01-17,TYMSC,1986-01-18,87.48,51.59,152,147,,,EA,IMP
SL-12 R/B(AUX MOTOR),1986-007D,16500,R/B,D,CIS,1986-01-17,TYMSC,1994-10-08,88.03,46.32,243,111,0.9887,,EA,IMP
SL-12 R/B(AUX MOTOR),1986-007E,16501,R/B,D,CIS,1986-01-17,TYMSC,1986-09-30,94.85,46.45,932,91,1.1400,,EA,IMP
COSMOS 1715 DEB,1986-001C,16505,DEB,D,CIS,1986-01-08,PLMSC,1986-01-25,87.86,72.79,174,163,,,EA,IMP
COSMOS 1715 DEB,1986-001D,16506,DEB,D,CIS,1986-01-08,PLMSC,1986-01-27,87.84,72.80,169,166,,,EA,IMP
COSMOS 1715 DEB,1986-001E,16507,DEB,D,CIS,1986-01-08,PLMSC,1986-01-31,88.87,72.81,245,192,4.3000,,EA,IMP
COSMOS 1727,1986-008A,16510,PAY,,CIS,1986-01-23,PLMSC,,104.75,82.95,1011,954,1.4617,,EA,ORB
SL-8 R/B,1986-008B,16511,R/B,,CIS,1986-01-23,PLMSC,,104.65,82.94,995,961,4.0148,,EA,ORB
COSMOS 1728,1986-009A,16512,PAY,D,CIS,1986-01-28,TYMSC,1986-02-11,89.32,69.97,259,223,19.4200,,EA,IMP
SL-4 R/B,1986-009B,16513,R/B,D,CIS,1986-01-28,TYMSC,1986-02-06,87.52,69.96,156,147,51.0900,,EA,IMP
SL-4 DEB,1986-009C,16514,DEB,D,CIS,1986-01-28,TYMSC,1986-01-31,89.27,69.98,273,203,44.5700,,EA,IMP
STTW-1,1986-010A,16526,PAY,-,PRC,1986-02-01,XICLF,,1436.96,10.51,35818,35789,10.0000,,EA,ORB
COSMOS 1729,1986-011A,16527,PAY,,CIS,1986-02-01,PLMSC,,717.93,70.94,32322,8041,13.7303,,EA,ORB
CZ-3 R/B,1986-010B,16528,R/B,,PRC,1986-02-01,XICLF,,619.47,30.44,35004,383,10.4263,,EA,ORB
SL-6 PLAT,1986-011B,16529,DEB,D,CIS,1986-02-01,PLMSC,1986-03-10,87.54,62.86,171,134,9.8000,,EA,IMP
SL-6 R/B(1),1986-011C,16530,R/B,D,CIS,1986-02-01,PLMSC,1986-03-24,87.45,62.82,158,139,31.1300,,EA,IMP
SL-6 DEB,1986-011D,16531,DEB,D,CIS,1986-02-01,PLMSC,1986-03-31,89.04,62.84,267,186,1.0000,,EA,IMP
SL-6 DEB,1986-011E,16532,DEB,D,CIS,1986-02-01,PLMSC,1986-03-13,88.42,62.82,226,166,0.0100,,EA,IMP
SL-6 R/B(2),1986-011F,16533,R/B,,CIS,1986-02-01,PLMSC,,705.70,71.05,33630,6127,5.7471,,EA,ORB
COSMOS 1730,1986-012A,16540,PAY,D,CIS,1986-02-04,PLMSC,1986-02-13,89.85,72.85,307,228,,,EA,IMP
SL-4 R/B,1986-012B,16541,R/B,D,CIS,1986-02-04,PLMSC,1986-02-11,87.59,72.84,167,143,0.3100,,EA,IMP
COSMOS 1731,1986-013A,16589,PAY,D,CIS,1986-02-07,TYMSC,1986-10-03,89.50,64.74,269,231,92.1900,,EA,IMP
SL-4 R/B,1986-013B,16590,R/B,D,CIS,1986-02-07,TYMSC,1986-02-09,87.50,64.77,163,139,,,EA,IMP
USA 15,1986-014A,16591,PAY,,US,1986-02-09,AFWTR,,101.65,63.31,1307,367,,,EA,ORB
ATLAS H R/B,1986-014B,16592,R/B,,US,1986-02-09,AFWTR,,104.75,63.34,1198,767,,,EA,ORB
COSMOS 1732,1986-015A,16593,PAY,,CIS,1986-02-11,PLMSC,,116.03,73.61,1524,1481,8.1501,,EA,ORB
SL-14 R/B,1986-015B,16594,R/B,,CIS,1986-02-11,PLMSC,,115.99,73.61,1522,1479,4.8999,,EA,ORB
COSMOS 1728 DEB,1986-009D,16595,DEB,D,CIS,1986-01-28,TYMSC,1986-02-26,87.23,69.96,141,134,1.0000,,EA,IMP
COSMOS 1728 DEB,1986-009E,16596,DEB,D,CIS,1986-01-28,TYMSC,1986-02-18,88.71,69.95,238,184,3.0300,,EA,IMP
YURI-2B (BS-2B),1986-016A,16597,PAY,-,JPN,1986-02-12,TANSC,,1450.23,12.20,36128,35998,2.9280,,EA,ORB
N-2 R/B(1),1986-016B,16598,R/B,D,JPN,1986-02-12,TANSC,1987-04-19,87.50,29.89,169,132,26.3812,,EA,IMP
COSMOS 1728 DEB,1986-009F,16599,DEB,D,CIS,1986-01-28,TYMSC,1986-02-15,88.35,69.96,201,184,,,EA,IMP
N-2 R/B(2),1986-016C,16600,R/B,D,JPN,1986-02-12,TANSC,2003-11-02,88.50,27.79,258,143,2.0547,,EA,IMP
N-2 DEB,1986-016D,16601,DEB,D,JPN,1986-02-12,TANSC,1986-02-22,94.25,30.25,774,191,0.3100,,EA,IMP
COSMOS 1730 DEB,1986-012C,16602,DEB,D,CIS,1986-02-04,PLMSC,1986-03-17,86.94,72.84,129,116,3.1800,,EA,IMP
COSMOS 1730 DEB,1986-012D,16603,DEB,D,CIS,1986-02-04,PLMSC,1986-02-22,87.91,72.83,177,166,0.8100,,EA,IMP
COSMOS 1730 DEB,1986-012E,16604,DEB,D,CIS,1986-02-04,PLMSC,1986-03-02,89.27,72.84,268,208,2.6400,,EA,IMP
MIR,1986-017A,16609,PAY,D,CIS,1986-02-19,TYMSC,2001-03-23,88.15,51.64,215,151,364.6535,,EA,IMP
SL-13 R/B,1986-017B,16610,R/B,D,CIS,1986-02-19,TYMSC,1986-02-24,87.35,51.62,156,131,,,EA,IMP
COSMOS 1733,1986-018A,16611,PAY,D,CIS,1986-02-19,PLMSC,2025-12-09,87.46,82.44,154,144,7.5080,,EA,IMP
SL-14 R/B,1986-018B,16612,R/B,,CIS,1986-02-19,PLMSC,,96.85,82.52,619,597,3.9534,,EA,ORB
SPOT 1,1986-019A,16613,PAY,-,FR,1986-02-22,FRGUI,,97.85,98.66,747,565,7.2790,,EA,ORB
VIKING,1986-019B,16614,PAY,,SWED,1986-02-22,FRGUI,,261.53,98.81,13528,810,2.6891,,EA,ORB
ARIANE 1 R/B,1986-019C,16615,R/B,,FR,1986-02-22,FRGUI,,100.46,98.22,789,772,6.6005,,EA,ORB
ARIANE 1 DEB,1986-019D,16616,DEB,,FR,1986-02-22,FRGUI,,100.60,98.28,793,781,0.4531,,EA,ORB
COSMOS 1734,1986-020A,16618,PAY,D,CIS,1986-02-26,PLMSC,1986-04-26,89.87,67.10,358,178,146.8200,,EA,IMP
SL-4 R/B,1986-020B,16619,R/B,D,CIS,1986-02-26,PLMSC,1986-03-03,87.25,67.11,157,119,,,EA,IMP
COSMOS 1735,1986-021A,16620,PAY,D,CIS,1986-02-27,TYMSC,1988-11-17,87.86,64.99,175,161,28.8500,,EA,IMP
SL-11 R/B,1986-021B,16621,R/B,D,CIS,1986-02-27,TYMSC,1986-02-27,89.01,65.01,346,105,,,EA,IMP
USA 15 DEB,1986-014C,16622,DEB,,US,1986-02-09,AFWTR,,,,,,,NEA,EA,ORB
USA 15 DEB,1986-014D,16623,DEB,D,US,1986-02-09,AFWTR,2020-12-07,88.71,63.24,231,190,,,EA,IMP
USA 16,1986-014E,16624,PAY,,US,1986-02-09,AFWTR,,104.91,63.30,1571,409,,,EA,ORB
USA 17,1986-014F,16625,PAY,,US,1986-02-09,AFWTR,,104.72,63.30,1556,407,,,EA,ORB
USA 15 DEB,1986-014G,16630,DEB,D,US,1986-02-09,AFWTR,2022-02-06,88.27,63.23,199,179,,,EA,IMP
USA 18,1986-014H,16631,PAY,,US,1986-02-09,AFWTR,,103.36,63.29,1462,373,,,EA,ORB
SOYUZ-T 15,1986-022A,16643,PAY,D,CIS,1986-03-13,TYMSC,1986-07-16,91.24,51.62,338,333,589.2700,,EA,LAN
SL-4 R/B,1986-022B,16644,R/B,D,CIS,1986-03-13,TYMSC,1986-03-16,87.59,51.62,160,150,,,EA,IMP
PROGRESS 25,1986-023A,16645,PAY,D,CIS,1986-03-19,TYMSC,1986-04-21,91.33,51.62,344,335,,,EA,IMP
SL-4 R/B,1986-023B,16646,R/B,D,CIS,1986-03-19,TYMSC,1986-03-22,87.47,51.63,157,141,,,EA,IMP
COSMOS 1736,1986-024A,16647,PAY,,CIS,1986-03-21,TYMSC,,104.38,64.99,1001,930,2.3071,,EA,ORB
COSMOS 1737,1986-025A,16648,PAY,D,CIS,1986-03-25,TYMSC,1986-12-03,93.03,73.35,429,416,117.9100,,EA,IMP
GSTAR 2,1986-026A,16649,PAY,,US,1986-03-28,FRGUI,,1443.06,14.17,35930,35915,14.5260,,EA,ORB
BRASILSAT 2,1986-026B,16650,PAY,-,BRAZ,1986-03-28,FRGUI,,1445.14,14.51,35973,35954,9.3823,,EA,ORB
ARIANE 3 R/B,1986-026C,16657,R/B,,FR,1986-03-28,FRGUI,,637.70,7.17,35897,430,10.3283,,EA,ORB
ARIANE 3 DEB [SYLDA],1986-026D,16658,DEB,D,FR,1986-03-28,FRGUI,1987-02-06,94.41,6.52,808,171,10.0000,,EA,IMP
SL-11 R/B,1986-025B,16659,R/B,D,CIS,1986-03-25,TYMSC,1986-03-26,89.59,73.35,431,77,,,EA,IMP
COSMOS 1738,1986-027A,16667,PAY,,CIS,1986-04-04,TYMSC,,1436.08,10.15,35840,35732,5.3860,,EA,ORB
SL-12 R/B(1),1986-027B,16668,R/B,D,CIS,1986-04-04,TYMSC,1986-04-08,87.50,51.59,153,148,,,EA,IMP
SL-12 PLAT,1986-027C,16669,DEB,D,CIS,1986-04-04,TYMSC,1986-04-05,87.62,51.59,164,149,,,EA,IMP
SL-12 R/B(AUX MOTOR),1986-027D,16670,R/B,D,CIS,1986-04-04,TYMSC,1986-10-27,642.64,47.04,36424,156,1.2651,,EA,IMP
SL-12 R/B(AUX MOTOR),1986-027E,16671,R/B,D,CIS,1986-04-04,TYMSC,1986-11-06,125.42,46.83,3752,91,0.3100,,EA,IMP
SL-12 R/B(2),1986-027F,16676,R/B,,CIS,1986-04-04,TYMSC,,1474.03,11.63,36677,36375,2.3853,,EA,ORB
COSMOS 1739,1986-028A,16677,PAY,D,CIS,1986-04-09,TYMSC,1986-06-07,89.24,64.86,303,170,55.7900,,EA,IMP
SL-4 R/B,1986-028B,16678,R/B,D,CIS,1986-04-09,TYMSC,1986-04-14,87.34,64.88,157,129,,,EA,IMP
COSMOS 1740,1986-029A,16679,PAY,D,CIS,1986-04-15,PLMSC,1986-04-28,92.27,72.88,416,356,,,EA,IMP
SL-4 R/B,1986-029B,16680,R/B,D,CIS,1986-04-15,PLMSC,1986-04-27,87.21,72.85,143,130,,,EA,IMP
COSMOS 1741,1986-030A,16681,PAY,,CIS,1986-04-17,PLMSC,,100.42,74.02,792,765,1.8549,,EA,ORB
SL-8 R/B,1986-030B,16682,R/B,,CIS,1986-04-17,PLMSC,,100.18,74.03,777,758,4.1614,,EA,ORB
MOLNIYA 3-28,1986-031A,16683,PAY,D,CIS,1986-04-18,PLMSC,1999-02-25,94.43,61.45,905,76,15.0717,,EA,IMP
SL-6 R/B(1),1986-031B,16684,R/B,D,CIS,1986-04-18,PLMSC,1986-07-04,89.62,62.82,313,198,47.2400,,EA,IMP
SL-6 PLAT,1986-031C,16685,DEB,D,CIS,1986-04-18,PLMSC,1986-06-12,87.36,62.82,154,134,7.5100,,EA,IMP
SL-6 R/B(2),1986-031D,16686,R/B,D,CIS,1986-04-18,PLMSC,1999-06-28,88.40,61.73,313,78,7.3155,,EA,IMP
PROGRESS 26,1986-032A,16687,PAY,D,CIS,1986-04-23,TYMSC,1986-06-23,91.19,51.62,334,331,170.1600,,EA,IMP
SL-4 R/B,1986-032B,16688,R/B,D,CIS,1986-04-23,TYMSC,1986-04-26,87.21,51.62,142,131,,,EA,IMP
COSMOS 1734 DEB,1986-020C,16692,DEB,D,CIS,1986-02-26,PLMSC,1986-04-27,88.29,67.09,228,152,,,EA,IMP
COSMOS 1734 DEB,1986-020D,16693,DEB,D,CIS,1986-02-26,PLMSC,1986-04-30,87.71,67.11,186,136,,,EA,IMP
COSMOS 1740 DEB,1986-029C,16694,DEB,D,CIS,1986-04-15,PLMSC,1986-12-14,88.22,72.84,191,182,1.1800,,EA,IMP
COSMOS 1740 DEB,1986-029D,16695,DEB,D,CIS,1986-04-15,PLMSC,1986-08-17,90.40,72.13,313,276,0.1294,,EA,IMP
COSMOS 1740 DEB,1986-029E,16696,DEB,D,CIS,1986-04-15,PLMSC,1987-03-18,88.18,72.82,196,173,2.2395,,EA,IMP
COSMOS 1740 DEB,1986-029F,16697,DEB,D,CIS,1986-04-15,PLMSC,1986-07-31,93.78,72.86,550,368,0.2400,,EA,IMP
COSMOS 1740 DEB,1986-029G,16698,DEB,D,CIS,1986-04-15,PLMSC,1986-10-07,89.50,72.85,255,244,0.8600,,EA,IMP
COSMOS 1740 DEB,1986-029H,16699,DEB,D,CIS,1986-04-15,PLMSC,1986-05-06,90.70,72.89,326,292,,,EA,IMP
COSMOS 1740 DEB,1986-029J,16700,DEB,D,CIS,1986-04-15,PLMSC,1986-05-11,89.05,72.81,238,218,1.0000,,EA,IMP
COSMOS 1740 DEB,1986-029K,16701,DEB,D,CIS,1986-04-15,PLMSC,1986-05-07,88.66,72.83,221,196,,,EA,IMP
COSMOS 1740 DEB,1986-029L,16714,DEB,D,CIS,1986-04-15,PLMSC,1988-04-18,87.50,72.86,158,143,1.4595,,EA,IMP
COSMOS 1740 DEB,1986-029M,16716,DEB,D,CIS,1986-04-15,PLMSC,1986-05-08,89.93,72.85,284,258,0.1300,,EA,IMP
COSMOS 1742,1986-033A,16717,PAY,D,CIS,1986-05-14,PLMSC,1986-05-28,92.28,72.88,418,354,,,EA,IMP
SL-4 R/B,1986-033B,16718,R/B,D,CIS,1986-05-14,PLMSC,1986-05-29,87.36,72.87,152,135,,,EA,IMP
COSMOS 1743,1986-034A,16719,PAY,,CIS,1986-05-15,PLMSC,,91.53,82.52,353,347,7.7814,,EA,ORB
SL-14 R/B,1986-034B,16720,R/B,,CIS,1986-05-15,PLMSC,,96.92,82.56,624,598,3.3130,,EA,ORB
SOYUZ-TM 1,1986-035A,16722,PAY,D,CIS,1986-05-21,TYMSC,1986-05-30,91.24,51.62,340,331,,,EA,LAN
SL-4 R/B,1986-035B,16723,R/B,D,CIS,1986-05-21,TYMSC,1986-05-24,87.42,51.61,149,145,,,EA,IMP
COSMOS 1744,1986-036A,16724,PAY,D,CIS,1986-05-21,PLMSC,1986-06-04,90.33,62.81,363,218,30.4900,,EA,IMP
SL-4 R/B,1986-036B,16725,R/B,D,CIS,1986-05-21,PLMSC,1986-06-24,87.24,62.78,138,137,59.2600,,EA,IMP
COSMOS 1745,1986-037A,16727,PAY,,CIS,1986-05-23,PLMSC,,104.77,82.95,1007,960,2.1140,,EA,ORB
SL-8 R/B,1986-037B,16728,R/B,,CIS,1986-05-23,PLMSC,,104.57,82.96,997,952,4.3241,,EA,ORB
EKRAN 15,1986-038A,16729,PAY,-,CIS,1986-05-24,TYMSC,,1491.51,11.35,36903,36826,5.5273,,EA,ORB
SL-12 R/B(1),1986-038B,16730,R/B,D,CIS,1986-05-24,TYMSC,1986-05-26,87.15,51.61,137,129,,,EA,IMP
SL-12 PLAT,1986-038C,16731,DEB,D,CIS,1986-05-24,TYMSC,1986-05-24,87.53,51.60,154,151,,,EA,IMP
SL-12 R/B(2),1986-038D,16732,R/B,,CIS,1986-05-24,TYMSC,,1420.55,8.61,35567,35397,2.1689,,EA,ORB
SL-12 R/B(AUX MOTOR),1986-038E,16733,R/B,D,CIS,1986-05-24,TYMSC,1987-03-24,621.35,46.74,35323,161,3.0000,,EA,IMP
SL-12 R/B(AUX MOTOR),1986-038F,16734,R/B,D,CIS,1986-05-24,TYMSC,1986-12-07,102.27,46.61,1641,91,1.6200,,EA,IMP
METEOR 2-14,1986-039A,16735,PAY,,CIS,1986-05-27,PLMSC,,103.93,82.53,955,933,4.1836,,EA,ORB
SL-14 R/B,1986-039B,16736,R/B,,CIS,1986-05-27,PLMSC,,103.98,82.53,957,937,4.8645,,EA,ORB
COSMOS 1746,1986-040A,16737,PAY,D,CIS,1986-05-28,PLMSC,1986-06-12,89.80,82.33,271,258,3.4100,,EA,IMP
SL-4 R/B,1986-040B,16738,R/B,D,CIS,1986-05-28,PLMSC,1986-06-02,88.34,82.33,219,166,74.3100,,EA,IMP
COSMOS 1742 DEB,1986-033C,16739,DEB,D,CIS,1986-05-14,PLMSC,1987-09-05,87.75,72.84,171,155,2.5900,,EA,IMP
COSMOS 1742 DEB,1986-033D,16740,DEB,D,CIS,1986-05-14,PLMSC,1986-12-29,87.89,72.84,175,165,0.7100,,EA,IMP
COSMOS 1742 DEB,1986-033E,16741,DEB,D,CIS,1986-05-14,PLMSC,1986-11-18,88.52,72.83,209,194,0.1228,,EA,IMP
COSMOS 1742 DEB,1986-033F,16742,DEB,D,CIS,1986-05-14,PLMSC,1988-04-25,87.12,72.84,139,125,1.8800,,EA,IMP
COSMOS 1742 DEB,1986-033G,16743,DEB,D,CIS,1986-05-14,PLMSC,1986-06-28,89.62,72.86,264,248,0.6874,,EA,IMP
COSMOS 1742 DEB,1986-033H,16744,DEB,D,CIS,1986-05-14,PLMSC,1986-10-31,88.00,72.86,179,172,1.3300,,EA,IMP
COSMOS 1747,1986-041A,16745,PAY,D,CIS,1986-05-29,TYMSC,1986-06-12,89.13,70.35,244,219,28.3100,,EA,IMP
SL-4 R/B,1986-041B,16746,R/B,D,CIS,1986-05-29,TYMSC,1986-06-25,87.98,70.34,190,159,71.1600,,EA,IMP
COSMOS 1746 DEB,1986-040C,16747,DEB,D,CIS,1986-05-28,PLMSC,1986-06-08,88.15,82.30,190,176,1.4100,,EA,IMP
SOYUZ-TM 1 ORBIT MODULE,1986-035C,16748,PAY,D,CIS,1986-05-21,TYMSC,1987-03-22,87.34,51.60,148,138,18.4000,,EA,IMP
COSMOS 1744 DEB,1986-036C,16753,DEB,D,CIS,1986-05-21,PLMSC,1986-06-05,89.85,62.58,319,215,,,EA,IMP
COSMOS 1744 DEB,1986-036D,16754,DEB,D,CIS,1986-05-21,PLMSC,1986-08-18,88.25,62.80,201,175,5.7895,,EA,IMP
COSMOS 1744 DEB,1986-036E,16755,DEB,D,CIS,1986-05-21,PLMSC,1986-06-21,88.23,62.80,197,177,,,EA,IMP
COSMOS 1744 DEB,1986-036F,16756,DEB,D,CIS,1986-05-21,PLMSC,1986-07-25,91.62,62.85,413,295,2.1800,,EA,IMP
COSMOS 1744 DEB,1986-036G,16757,DEB,D,CIS,1986-05-21,PLMSC,1986-06-07,89.21,62.81,275,196,0.0500,,EA,IMP
COSMOS 1748,1986-042A,16758,PAY,,CIS,1986-06-06,PLMSC,,115.13,74.02,1470,1453,0.6743,,EA,ORB
COSMOS 1749,1986-042B,16759,PAY,,CIS,1986-06-06,PLMSC,,114.46,74.02,1468,1393,0.6975,,EA,ORB
COSMOS 1750,1986-042C,16760,PAY,,CIS,1986-06-06,PLMSC,,114.63,74.02,1469,1408,0.6718,,EA,ORB
COSMOS 1751,1986-042D,16761,PAY,,CIS,1986-06-06,PLMSC,,115.67,74.02,1505,1467,0.6581,,EA,ORB
COSMOS 1752,1986-042E,16762,PAY,,CIS,1986-06-06,PLMSC,,115.48,74.02,1487,1467,0.6869,,EA,ORB
COSMOS 1753,1986-042F,16763,PAY,,CIS,1986-06-06,PLMSC,,115.30,74.02,1476,1462,0.6660,,EA,ORB
COSMOS 1754,1986-042G,16764,PAY,,CIS,1986-06-06,PLMSC,,114.96,74.02,1470,1437,0.7015,,EA,ORB
COSMOS 1755,1986-042H,16765,PAY,,CIS,1986-06-06,PLMSC,,114.80,74.02,1469,1423,0.6772,,EA,ORB
SL-8 R/B,1986-042J,16766,R/B,,CIS,1986-06-06,PLMSC,,117.69,74.01,1683,1471,5.9334,,EA,ORB
COSMOS 1756,1986-043A,16767,PAY,D,CIS,1986-06-06,TYMSC,1986-08-04,88.93,64.87,273,170,107.4000,,EA,IMP
SL-4 R/B,1986-043B,16768,R/B,D,CIS,1986-06-06,TYMSC,1986-06-13,87.59,64.88,175,136,34.4600,,EA,IMP
GORIZONT 12,1986-044A,16769,PAY,-,CIS,1986-06-10,TYMSC,,1436.12,9.95,35806,35768,7.0878,,EA,ORB
SL-12 R/B(1),1986-044B,16770,R/B,D,CIS,1986-06-10,TYMSC,1986-06-12,87.57,51.62,157,152,77.2400,,EA,IMP
SL-12 PLAT,1986-044C,16771,DEB,D,CIS,1986-06-10,TYMSC,1986-06-11,87.96,51.61,180,167,15.3500,,EA,IMP
COSMOS 1757,1986-045A,16772,PAY,D,CIS,1986-06-11,PLMSC,1986-06-25,89.99,82.33,378,170,31.6708,,EA,IMP
SL-4 R/B,1986-045B,16773,R/B,D,CIS,1986-06-11,PLMSC,1986-06-13,87.42,82.32,151,142,4.4800,,EA,IMP
COSMOS 1746 DEB,1986-040D,16783,DEB,D,CIS,1986-05-28,PLMSC,1986-06-13,88.94,82.30,236,208,0.3100,,EA,IMP
COSMOS 1746 DEB,1986-040E,16784,DEB,D,CIS,1986-05-28,PLMSC,1986-06-13,89.31,82.33,249,232,,,EA,IMP
COSMOS 1746 DEB,1986-040F,16785,DEB,D,CIS,1986-05-28,PLMSC,1986-06-14,89.21,82.35,253,218,,,EA,IMP
COSMOS 1746 DEB,1986-040G,16786,DEB,D,CIS,1986-05-28,PLMSC,1986-06-13,89.80,82.30,274,255,,,EA,IMP
COSMOS 1746 DEB,1986-040H,16787,DEB,D,CIS,1986-05-28,PLMSC,1986-07-07,91.13,82.35,409,250,1.5788,,EA,IMP
COSMOS 1746 DEB,1986-040J,16788,DEB,D,CIS,1986-05-28,PLMSC,1986-06-23,89.01,82.30,260,191,0.1400,,EA,IMP
SL-12 R/B(AUX MOTOR),1986-044D,16789,R/B,D,CIS,1986-06-10,TYMSC,1990-03-07,90.77,46.86,523,101,2.5400,,EA,IMP
SL-12 R/B(AUX MOTOR),1986-044E,16790,R/B,D,CIS,1986-06-10,TYMSC,1987-08-12,89.97,46.47,455,91,1.1038,,EA,IMP
COSMOS 1758,1986-046A,16791,PAY,,CIS,1986-06-12,PLMSC,,94.26,82.46,493,473,7.2754,,EA,ORB
SL-14 R/B,1986-046B,16792,R/B,,CIS,1986-06-12,PLMSC,,96.92,82.48,628,594,4.4704,,EA,ORB
COSMOS 1747 DEB,1986-041C,16793,DEB,D,CIS,1986-05-29,TYMSC,1986-06-22,87.50,70.33,166,134,1.2000,,EA,IMP
COSMOS 1747 DEB,1986-041D,16794,DEB,D,CIS,1986-05-29,TYMSC,1986-06-25,87.54,70.31,168,137,6.9800,,EA,IMP
COSMOS 1747 DEB,1986-041E,16795,DEB,D,CIS,1986-05-29,TYMSC,1986-06-14,88.71,70.35,220,201,0.9000,,EA,IMP
COSMOS 1747 DEB,1986-041F,16796,DEB,D,CIS,1986-05-29,TYMSC,1986-06-15,87.12,70.35,137,126,0.5000,,EA,IMP
SL-12 R/B(2),1986-044F,16797,R/B,,CIS,1986-06-10,TYMSC,,1474.37,11.29,36574,36491,2.4880,,EA,ORB
COSMOS 1759,1986-047A,16798,PAY,,CIS,1986-06-18,PLMSC,,104.71,82.92,1000,962,2.0530,,EA,ORB
SL-8 R/B,1986-047B,16799,R/B,,CIS,1986-06-18,PLMSC,,104.53,82.92,1020,925,4.8416,,EA,ORB
COSMOS 1760,1986-048A,16800,PAY,D,CIS,1986-06-19,TYMSC,1986-07-03,92.21,69.99,415,351,29.6700,,EA,IMP
SL-4 R/B,1986-048B,16801,R/B,D,CIS,1986-06-19,TYMSC,1986-07-19,90.33,69.99,374,207,109.5600,,EA,IMP
MOLNIYA 3-29,1986-049A,16802,PAY,D,CIS,1986-06-19,PLMSC,1996-11-10,92.79,63.60,751,72,13.9837,,EA,IMP
SL-6 R/B(1),1986-049B,16803,R/B,D,CIS,1986-06-19,PLMSC,1986-09-27,86.97,62.82,131,118,41.5500,,EA,IMP
SL-6 PLAT,1986-049C,16804,DEB,D,CIS,1986-06-19,PLMSC,1986-10-01,87.27,62.82,144,135,5.5578,,EA,IMP
SL-6 R/B(2),1986-049D,16805,R/B,D,CIS,1986-06-19,PLMSC,1996-12-21,88.64,63.92,347,67,7.8961,,EA,IMP
COSMOS 1736 DEB [PELPS],1986-024B,16806,DEB,D,CIS,1986-03-21,TYMSC,1986-09-01,86.98,64.97,133,117,6.7700,,EA,IMP
COSMOS 1736 DEB[ANTENNA],1986-024C,16807,DEB,D,CIS,1986-03-21,TYMSC,1986-06-27,87.33,64.96,152,132,3.2560,,EA,IMP
COSMOS 1736 DEB,1986-024D,16808,DEB,D,CIS,1986-03-21,TYMSC,1986-06-26,89.05,64.99,239,216,0.0500,,EA,IMP
COSMOS 1736 FUEL CORE,1986-024E,16809,DEB,,CIS,1986-03-21,TYMSC,,104.22,64.99,983,933,0.1810,,EA,ORB
COSMOS 1757 DEB,1986-045C,16816,DEB,D,CIS,1986-06-11,PLMSC,1986-06-27,87.92,82.32,218,125,0.3000,,EA,IMP
COSMOS 1757 DEB,1986-045D,16817,DEB,D,CIS,1986-06-11,PLMSC,1986-07-05,,,,,1.0000,,EA,IMP
COSMOS 1757 DEB,1986-045E,16818,DEB,D,CIS,1986-06-11,PLMSC,1986-06-27,88.52,82.31,249,154,0.8000,,EA,IMP
COSMOS 1757 DEB,1986-045F,16819,DEB,D,CIS,1986-06-11,PLMSC,1986-07-09,,,,,,,EA,IMP
COSMOS 1757 DEB,1986-045G,16820,DEB,D,CIS,1986-06-11,PLMSC,1986-06-29,94.12,82.38,687,265,,,EA,IMP
COSMOS 1736 DEB,1986-024F,16823,DEB,D,CIS,1986-03-21,TYMSC,1986-10-23,99.56,65.00,888,588,0.0500,,EA,IMP
COSMOS 1736 DEB,1986-024G,16824,DEB,D,CIS,1986-03-21,TYMSC,1987-08-10,98.55,64.91,729,649,0.0500,,EA,IMP
COSMOS 1736 DEB,1986-024H,16825,DEB,D,CIS,1986-03-21,TYMSC,1986-08-31,92.64,65.17,466,342,1.1600,,EA,IMP
COSMOS 1736 DEB,1986-024J,16826,DEB,D,CIS,1986-03-21,TYMSC,1986-12-04,96.28,65.05,674,487,0.2000,,EA,IMP
COSMOS 1736 DEB,1986-024K,16827,DEB,D,CIS,1986-03-21,TYMSC,1986-10-31,99.18,65.04,913,525,1.3000,,EA,IMP
COSMOS 1736 DEB,1986-024L,16828,DEB,D,CIS,1986-03-21,TYMSC,1986-12-16,97.32,64.94,667,594,1.0600,,EA,IMP
COSMOS 1736 DEB,1986-024M,16829,DEB,D,CIS,1986-03-21,TYMSC,1987-07-26,98.51,65.01,776,598,0.1600,,EA,IMP
COSMOS 1736 DEB,1986-024N,16830,DEB,D,CIS,1986-03-21,TYMSC,1986-07-04,96.38,65.06,772,398,26.9700,,EA,IMP
COSMOS 1736 DEB,1986-024P,16831,DEB,D,CIS,1986-03-21,TYMSC,1987-03-18,98.42,64.94,777,589,0.2500,,EA,IMP
COSMOS 1736 DEB,1986-024Q,16832,DEB,D,CIS,1986-03-21,TYMSC,1987-08-15,91.69,64.92,375,341,0.0251,,EA,IMP
COSMOS 1736 DEB,1986-024R,16833,DEB,D,CIS,1986-03-21,TYMSC,1986-11-06,99.06,65.10,916,511,0.0600,,EA,IMP
COSMOS 1736 DEB,1986-024S,16834,DEB,D,CIS,1986-03-21,TYMSC,1986-11-04,91.30,64.92,357,320,0.2200,,EA,IMP
COSMOS 1736 DEB,1986-024T,16835,DEB,D,CIS,1986-03-21,TYMSC,1986-10-23,95.46,65.01,699,382,0.0700,,EA,IMP
COSMOS 1736 DEB,1986-024U,16836,DEB,D,CIS,1986-03-21,TYMSC,1987-03-06,98.37,64.98,833,529,0.2280,,EA,IMP
COSMOS 1736 DEB,1986-024V,16837,DEB,D,CIS,1986-03-21,TYMSC,1986-07-14,95.06,65.00,678,365,,,EA,IMP
COSMOS 1736 DEB,1986-024W,16838,DEB,D,CIS,1986-03-21,TYMSC,1986-09-10,92.57,64.95,438,362,0.1300,,EA,IMP
COSMOS 1736 DEB,1986-024X,16839,DEB,D,CIS,1986-03-21,TYMSC,1987-02-28,98.56,65.03,809,570,0.2300,,EA,IMP
COSMOS 1736 DEB,1986-024Y,16840,DEB,D,CIS,1986-03-21,TYMSC,1987-02-24,98.09,64.99,790,545,0.1600,,EA,IMP
COSMOS 1736 DEB,1986-024Z,16841,DEB,D,CIS,1986-03-21,TYMSC,1988-01-22,100.69,65.03,1075,508,0.1639,,EA,IMP
COSMOS 1736 DEB,1986-024AA,16842,DEB,D,CIS,1986-03-21,TYMSC,1986-11-15,91.22,64.97,342,327,33.0000,,EA,IMP
COSMOS 1760 DEB,1986-048C,16844,DEB,D,CIS,1986-06-19,TYMSC,1988-03-24,87.49,69.96,156,144,1.4000,,EA,IMP
COSMOS 1760 DEB,1986-048D,16845,DEB,D,CIS,1986-06-19,TYMSC,1987-03-23,88.21,69.94,194,178,1.8800,,EA,IMP
COSMOS 1760 DEB,1986-048E,16846,DEB,D,CIS,1986-06-19,TYMSC,1987-03-17,88.42,69.97,200,193,0.2700,,EA,IMP
COSMOS 1760 DEB,1986-048F,16847,DEB,D,CIS,1986-06-19,TYMSC,1986-07-27,,,,,0.1100,,EA,IMP
COSMOS 1760 DEB,1986-048G,16848,DEB,D,CIS,1986-06-19,TYMSC,1986-12-26,89.76,69.97,272,253,0.2500,,EA,IMP
COSMOS 1761,1986-050A,16849,PAY,,CIS,1986-07-05,PLMSC,,718.77,70.67,35203,5201,12.7422,,EA,ORB
SL-6 R/B(1),1986-050B,16850,R/B,D,CIS,1986-07-05,PLMSC,1986-09-19,87.26,62.81,146,131,1.4600,,EA,IMP
SL-6 PLAT,1986-050C,16851,DEB,D,CIS,1986-07-05,PLMSC,1986-08-16,88.12,62.83,211,151,7.3000,,EA,IMP
SL-6 R/B(2),1986-050D,16854,R/B,,CIS,1986-07-05,PLMSC,,710.06,65.31,37582,2392,5.3619,,EA,ORB
COSMOS 1762,1986-051A,16855,PAY,D,CIS,1986-07-10,PLMSC,1986-07-24,89.81,82.55,272,258,9.1000,,EA,IMP
SL-4 R/B,1986-051B,16856,R/B,D,CIS,1986-07-10,PLMSC,1986-07-15,87.23,82.54,142,132,14.2000,,EA,IMP
COSMOS 1736 DEB,1986-024AB,16857,DEB,D,CIS,1986-03-21,TYMSC,1986-11-14,95.60,64.96,646,449,0.0500,,EA,IMP
COSMOS 1736 DEB,1986-024AC,16858,DEB,D,CIS,1986-03-21,TYMSC,1987-02-28,98.20,64.94,850,495,222.0300,,EA,IMP
COSMOS 1736 DEB,1986-024AD,16859,DEB,D,CIS,1986-03-21,TYMSC,1986-12-16,100.13,65.09,885,644,0.1900,,EA,IMP
COSMOS 1763,1986-052A,16860,PAY,,CIS,1986-07-16,PLMSC,,100.05,74.03,782,740,2.1897,,EA,ORB
COSMOS 1764,1986-053A,16861,PAY,D,CIS,1986-07-17,TYMSC,1986-09-11,89.18,64.89,289,179,69.2800,,EA,IMP
SL-4 R/B,1986-053B,16862,R/B,D,CIS,1986-07-17,TYMSC,1986-07-26,89.47,64.91,321,176,,,EA,IMP
SOYUZ-T 15 ORBIT MODULE,1986-022C,16863,PAY,D,CIS,1986-03-13,TYMSC,1987-07-25,86.91,51.59,126,117,12.6300,,EA,IMP
SL-8 R/B,1986-052B,16864,R/B,,CIS,1986-07-16,PLMSC,,99.84,74.03,774,728,4.2730,,EA,ORB
SL-8 DEB,1986-052C,16865,DEB,D,CIS,1986-07-16,PLMSC,2022-04-30,88.53,73.95,215,189,4.6204,,EA,IMP
SL-8 DEB,1986-052D,16866,DEB,D,CIS,1986-07-16,PLMSC,2016-01-03,87.77,73.94,170,158,4.4370,,EA,IMP
SL-8 DEB,1986-052E,16867,DEB,,CIS,1986-07-16,PLMSC,,94.98,73.99,524,511,0.0126,,EA,ORB
COSMOS 1736 DEB,1986-024AE,16868,DEB,D,CIS,1986-03-21,TYMSC,1986-11-14,101.00,64.94,972,640,0.0200,,EA,IMP
SL-12 R/B(2),1986-007F,16870,R/B,,CIS,1986-01-17,TYMSC,,1472.40,10.96,36628,36360,2.3779,,EA,ORB
COSMOS 1762 DEB,1986-051C,16871,DEB,D,CIS,1986-07-10,PLMSC,1986-08-21,87.88,82.52,185,154,1.5800,,EA,IMP
COSMOS 1762 DEB,1986-051D,16872,DEB,D,CIS,1986-07-10,PLMSC,1986-08-03,,,,,1.0700,,EA,IMP
COSMOS 1762 DEB,1986-051E,16873,DEB,D,CIS,1986-07-10,PLMSC,1986-07-31,,,,,1.0000,,EA,IMP
COSMOS 1765,1986-054A,16874,PAY,D,CIS,1986-07-24,PLMSC,1986-08-07,,,,,24.2400,,EA,IMP
SL-4 R/B,1986-054B,16875,R/B,D,CIS,1986-07-24,PLMSC,1986-08-08,87.38,72.84,152,137,44.1900,,EA,IMP
COSMOS 1762 DEB,1986-051F,16876,DEB,D,CIS,1986-07-10,PLMSC,1986-09-22,86.97,82.54,130,118,4.4300,,EA,IMP
COSMOS 1762 DEB,1986-051G,16880,DEB,D,CIS,1986-07-10,PLMSC,1986-08-05,,,,,0.0200,,EA,IMP
COSMOS 1766,1986-055A,16881,PAY,,CIS,1986-07-28,PLMSC,,92.36,82.49,393,388,8.2879,,EA,ORB
SL-14 R/B,1986-055B,16882,R/B,,CIS,1986-07-28,PLMSC,,96.92,82.52,625,597,4.2918,,EA,ORB
COSMOS 1767,1986-056A,16883,PAY,D,CIS,1986-07-30,TYMSC,1986-08-16,87.50,64.87,157,144,41.1500,,EA,IMP
SL-16 R/B,1986-056B,16884,R/B,D,CIS,1986-07-30,TYMSC,1986-08-04,,,,,74.7000,,EA,IMP
MOLNIYA 1-67,1986-057A,16885,PAY,D,CIS,1986-07-30,PLMSC,2000-01-28,92.63,62.08,738,69,13.4090,,EA,IMP
SL-6 R/B(1),1986-057B,16886,R/B,D,CIS,1986-07-30,PLMSC,1986-10-19,87.41,62.79,154,138,8.0500,,EA,IMP
SL-6 PLAT,1986-057C,16887,DEB,D,CIS,1986-07-30,PLMSC,1986-10-05,87.85,62.78,186,150,27.9500,,EA,IMP
SL-16 DEB,1986-056C,16888,DEB,D,CIS,1986-07-30,TYMSC,1986-08-18,87.43,64.94,165,129,0.1500,,EA,IMP
SL-6 R/B(2),1986-057D,16889,R/B,D,CIS,1986-07-30,PLMSC,1996-10-14,87.68,63.60,240,79,7.6546,,EA,IMP
COSMOS 1768,1986-058A,16890,PAY,D,CIS,1986-08-02,PLMSC,1986-08-16,89.91,82.58,273,267,2.7000,,EA,IMP
SL-4 R/B,1986-058B,16891,R/B,D,CIS,1986-08-02,PLMSC,1986-08-07,,,,,4.0500,,EA,IMP
SL-16 DEB,1986-056D,16892,DEB,D,CIS,1986-07-30,TYMSC,1986-08-11,88.98,64.78,276,172,,,EA,IMP
SL-16 DEB,1986-056E,16893,DEB,D,CIS,1986-07-30,TYMSC,1986-08-12,89.12,64.96,288,174,,,EA,IMP
SL-16 DEB,1986-056F,16894,DEB,D,CIS,1986-07-30,TYMSC,1986-08-20,89.58,64.80,323,184,0.0800,,EA,IMP
COSMOS 1769,1986-059A,16895,PAY,D,CIS,1986-08-04,TYMSC,1988-02-18,87.92,64.99,182,161,40.5700,,EA,IMP
SL-11 R/B,1986-059B,16896,R/B,D,CIS,1986-08-04,TYMSC,1986-08-04,,,,,72.2000,,EA,IMP
COSMOS 1770,1986-060A,16897,PAY,D,CIS,1986-08-06,TYMSC,1987-02-02,89.06,64.74,256,200,46.1800,,EA,IMP
SL-4 R/B,1986-060B,16898,R/B,D,CIS,1986-08-06,TYMSC,1986-08-12,88.62,64.78,240,172,65.1900,,EA,IMP
COSMOS 1765 DEB,1986-054C,16899,DEB,D,CIS,1986-07-24,PLMSC,1986-11-06,90.87,72.85,327,308,4.0900,,EA,IMP
COSMOS 1765 DEB,1986-054D,16900,DEB,D,CIS,1986-07-24,PLMSC,1987-05-14,87.55,72.80,161,145,2.2000,,EA,IMP
COSMOS 1765 DEB,1986-054E,16901,DEB,D,CIS,1986-07-24,PLMSC,1986-09-23,89.88,72.70,277,260,0.1300,,EA,IMP
COSMOS 1765 DEB,1986-054F,16902,DEB,D,CIS,1986-07-24,PLMSC,1987-03-20,87.82,72.82,171,162,0.3400,,EA,IMP
COSMOS 1765 DEB,1986-054G,16903,DEB,D,CIS,1986-07-24,PLMSC,1986-09-18,90.56,72.79,313,292,0.0100,,EA,IMP
COSMOS 1765 DEB,1986-054H,16904,DEB,D,CIS,1986-07-24,PLMSC,1986-09-14,90.19,72.92,292,275,0.2200,,EA,IMP
COSMOS 1765 DEB,1986-054J,16905,DEB,D,CIS,1986-07-24,PLMSC,1988-05-12,88.11,72.84,186,176,0.7187,,EA,IMP
COSMOS 1765 DEB,1986-054K,16906,DEB,D,CIS,1986-07-24,PLMSC,1986-09-11,89.59,72.85,269,239,0.1700,,EA,IMP
COSMOS 1765 DEB,1986-054L,16907,DEB,D,CIS,1986-07-24,PLMSC,1986-09-14,90.51,72.84,303,296,0.0900,,EA,IMP
AJISAI (EGS),1986-061A,16908,PAY,+,JPN,1986-08-12,TANSC,,115.71,50.01,1496,1479,4.2280,,EA,ORB
JAS-1 (FO-12),1986-061B,16909,PAY,-,JPN,1986-08-12,TANSC,,115.71,50.02,1496,1479,0.2549,,EA,ORB
H-1 R/B(MABES),1986-061C,16910,R/B,,JPN,1986-08-12,TANSC,,116.82,50.00,1595,1480,11.3400,,EA,ORB
COSMOS 1768 DEB,1986-058C,16911,DEB,D,CIS,1986-08-02,PLMSC,1986-10-19,87.18,82.57,141,128,8.7500,,EA,IMP
COSMOS 1768 DEB,1986-058D,16912,DEB,D,CIS,1986-08-02,PLMSC,1986-09-16,89.09,82.56,258,200,0.5200,,EA,IMP
COSMOS 1768 DEB,1986-058E,16913,DEB,D,CIS,1986-08-02,PLMSC,1986-08-24,87.71,82.56,170,153,1.1700,,EA,IMP
COSMOS 1768 DEB,1986-058F,16914,DEB,D,CIS,1986-08-02,PLMSC,1986-08-17,,,,,0.2300,,EA,IMP
COSMOS 1768 DEB,1986-058G,16915,DEB,D,CIS,1986-08-02,PLMSC,1986-08-29,87.88,82.56,179,160,1.4500,,EA,IMP
COSMOS 1768 DEB,1986-058H,16916,DEB,D,CIS,1986-08-02,PLMSC,1986-08-31,88.56,82.56,243,164,0.0500,,EA,IMP
COSMOS 1771,1986-062A,16917,PAY,,CIS,1986-08-20,TYMSC,,104.15,64.98,1004,905,2.1122,,EA,ORB
COSMOS 1772,1986-063A,16918,PAY,D,CIS,1986-08-21,PLMSC,1986-09-03,92.28,72.86,415,357,10.1100,,EA,IMP
SL-4 R/B,1986-063B,16919,R/B,D,CIS,1986-08-21,PLMSC,1986-09-02,87.50,72.83,158,144,55.8800,,EA,IMP
COSMOS 1773,1986-064A,16920,PAY,D,CIS,1986-08-27,TYMSC,1986-10-21,88.96,64.85,265,181,10.3000,,EA,IMP
SL-4 R/B,1986-064B,16921,R/B,D,CIS,1986-08-27,TYMSC,1986-09-02,87.31,64.87,159,124,32.6400,,EA,IMP
COSMOS 1774,1986-065A,16922,PAY,D,CIS,1986-08-28,PLMSC,2010-11-02,90.42,60.35,516,74,9.5991,,EA,IMP
SL-6 R/B(1),1986-065B,16923,R/B,D,CIS,1986-08-28,PLMSC,1986-10-22,87.36,62.82,155,133,15.1900,,EA,IMP
SL-6 PLAT,1986-065C,16924,DEB,D,CIS,1986-08-28,PLMSC,1986-10-01,87.52,62.85,169,134,7.0600,,EA,IMP
SL-6 R/B(2),1986-065D,16925,R/B,D,CIS,1986-08-28,PLMSC,2006-12-28,89.44,61.99,414,80,7.4275,,EA,IMP
COSMOS 1775,1986-066A,16926,PAY,D,CIS,1986-09-03,TYMSC,1986-09-17,92.17,70.36,414,348,44.8100,,EA,IMP
SL-4 R/B,1986-066B,16927,R/B,D,CIS,1986-09-03,TYMSC,1986-09-25,87.87,70.33,183,155,,,EA,IMP
COSMOS 1776,1986-067A,16928,PAY,D,CIS,1986-09-03,PLMSC,1989-12-15,87.63,73.98,163,152,27.7621,,EA,IMP
SL-8 R/B,1986-067B,16929,R/B,D,CIS,1986-09-03,PLMSC,1989-10-26,87.10,73.99,135,127,29.2258,,EA,IMP
COSMOS 1772 DEB,1986-063C,16930,DEB,D,CIS,1986-08-21,PLMSC,1987-04-09,88.39,72.83,199,190,0.2800,,EA,IMP
COSMOS 1772 DEB,1986-063D,16931,DEB,D,CIS,1986-08-21,PLMSC,1988-05-13,87.68,72.83,167,151,1.0800,,EA,IMP
COSMOS 1772 DEB,1986-063E,16932,DEB,D,CIS,1986-08-21,PLMSC,1987-01-07,88.12,72.83,187,176,0.2200,,EA,IMP
COSMOS 1772 DEB,1986-063F,16933,DEB,D,CIS,1986-08-21,PLMSC,1987-06-01,88.78,72.82,223,205,4.6300,,EA,IMP
MOLNIYA 1-68,1986-068A,16934,PAY,D,CIS,1986-09-05,PLMSC,2000-06-20,93.43,61.79,807,78,18.6266,,EA,IMP
SL-6 PLAT,1986-068B,16935,DEB,D,CIS,1986-09-05,PLMSC,1986-10-12,86.95,62.82,131,115,2.0000,,EA,IMP
SL-6 R/B(1),1986-068C,16936,R/B,D,CIS,1986-09-05,PLMSC,1986-11-06,87.31,62.75,151,131,11.6500,,EA,IMP
USA 19,1986-069A,16937,PAY,D,US,1986-09-05,AFETR,1986-09-28,89.54,39.05,326,177,,,EA,IMP
DELTA 1 R/B,1986-069B,16938,R/B,D,US,1986-09-05,AFETR,1986-11-25,87.58,22.77,165,145,1.5500,,EA,IMP
SL-6 R/B(2),1986-068D,16939,R/B,D,CIS,1986-09-05,PLMSC,2001-07-19,88.65,62.00,330,86,7.9036,,EA,IMP
USA 19 DEB,1986-069C,16940,DEB,D,US,1986-09-05,AFETR,1986-09-24,88.75,38.79,251,175,0.3600,,EA,IMP
USA 19 DEB,1986-069D,16941,DEB,D,US,1986-09-05,AFETR,1987-04-14,88.30,39.14,219,161,0.5958,,EA,IMP
USA 19 DEB,1986-069E,16942,DEB,D,US,1986-09-05,AFETR,1986-12-24,88.60,37.71,259,152,0.3200,,EA,IMP
USA 19 DEB,1986-069F,16943,DEB,D,US,1986-09-05,AFETR,1986-12-11,96.02,39.45,921,215,0.0800,,EA,IMP
USA 19 DEB,1986-069G,16944,DEB,D,US,1986-09-05,AFETR,1986-10-23,89.94,39.97,331,211,0.3700,,EA,IMP
USA 19 DEB,1986-069H,16945,DEB,D,US,1986-09-05,AFETR,1986-10-31,110.11,39.45,2252,212,0.2200,,EA,IMP
DELTA 1 DEB,1986-069J,16946,DEB,D,US,1986-09-05,AFETR,1987-03-30,98.96,23.01,1205,213,0.1900,,EA,IMP
DELTA 1 DEB,1986-069K,16947,DEB,D,US,1986-09-05,AFETR,1986-09-16,89.13,22.70,272,191,1.0300,,EA,IMP
DELTA 1 DEB,1986-069L,16948,DEB,D,US,1986-09-05,AFETR,1986-11-15,91.39,22.66,479,207,0.0900,,EA,IMP
DELTA 1 DEB,1986-069M,16949,DEB,D,US,1986-09-05,AFETR,1986-09-23,92.17,22.84,585,177,0.0100,,EA,IMP
USA 19 DEB,1986-069N,16950,DEB,D,US,1986-09-05,AFETR,1986-09-13,92.01,37.12,564,182,,,EA,IMP
USA 19 DEB,1986-069P,16951,DEB,D,US,1986-09-05,AFETR,1986-10-21,98.48,39.03,1173,198,0.0400,,EA,IMP
COSMOS 1777,1986-070A,16952,PAY,,CIS,1986-09-10,PLMSC,,100.41,74.01,796,760,1.9980,,EA,ORB
SL-8 R/B,1986-070B,16953,R/B,,CIS,1986-09-10,PLMSC,,100.08,74.01,771,753,5.4265,,EA,ORB
COSMOS 1778 [GLONASS],1986-071A,16961,PAY,-,CIS,1986-09-16,TYMSC,,675.73,64.93,19140,19119,0.6685,,EA,ORB
COSMOS 1779 [GLONASS],1986-071B,16962,PAY,-,CIS,1986-09-16,TYMSC,,675.73,64.94,19165,19094,1.5000,,EA,ORB
COSMOS 1780 [GLONASS],1986-071C,16963,PAY,-,CIS,1986-09-16,TYMSC,,675.71,64.93,19137,19122,0.9504,,EA,ORB
SL-12 R/B(1),1986-071D,16964,R/B,D,CIS,1986-09-16,TYMSC,1986-09-16,86.96,64.80,130,117,,,EA,IMP
SL-12 PLAT,1986-071E,16965,DEB,D,CIS,1986-09-16,TYMSC,1986-09-16,86.99,64.81,130,120,,,EA,IMP
COSMOS 1781,1986-072A,16966,PAY,D,CIS,1986-09-17,TYMSC,1986-10-01,92.18,70.36,417,346,16.0000,,EA,IMP
SL-4 R/B,1986-072B,16967,R/B,D,CIS,1986-09-17,TYMSC,1986-10-07,87.37,70.33,152,137,59.6300,,EA,IMP
SL-12 R/B(2),1986-071F,16968,R/B,,CIS,1986-09-16,TYMSC,,675.21,64.95,19183,19050,1.5108,,EA,ORB
NOAA 10,1986-073A,16969,PAY,-,US,1986-09-17,AFWTR,,100.76,98.71,803,786,4.1650,,EA,ORB
COSMOS 1775 DEB,1986-066C,16970,DEB,D,CIS,1986-09-03,TYMSC,1988-04-12,87.21,70.33,144,129,1.3000,,EA,IMP
COSMOS 1775 DEB,1986-066D,16971,DEB,D,CIS,1986-09-03,TYMSC,1987-03-01,89.08,70.34,238,219,1.1977,,EA,IMP
COSMOS 1775 DEB,1986-066E,16972,DEB,D,CIS,1986-09-03,TYMSC,1986-12-20,89.64,70.34,264,250,0.2000,,EA,IMP
COSMOS 1775 DEB,1986-066F,16973,DEB,D,CIS,1986-09-03,TYMSC,1987-04-02,87.81,70.33,171,161,3.4000,,EA,IMP
COSMOS 1781 DEB,1986-072C,16974,DEB,D,CIS,1986-09-17,TYMSC,1986-09-20,88.63,70.39,234,180,0.0800,,EA,IMP
COSMOS 1775 DEB,1986-066G,16975,DEB,D,CIS,1986-09-03,TYMSC,1986-09-27,91.76,70.20,383,339,,,EA,IMP
COSMOS 1775 DEB,1986-066H,16976,DEB,D,CIS,1986-09-03,TYMSC,1986-10-07,90.43,70.22,312,279,0.1300,,EA,IMP
COSMOS 1775 DEB,1986-066J,16977,DEB,D,CIS,1986-09-03,TYMSC,1986-10-02,88.40,70.36,221,170,0.0100,,EA,IMP
COSMOS 1775 DEB,1986-066K,16978,DEB,D,CIS,1986-09-03,TYMSC,1986-10-10,90.33,70.60,301,280,0.0500,,EA,IMP
COSMOS 1775 DEB,1986-066L,16979,DEB,D,CIS,1986-09-03,TYMSC,1986-12-21,87.50,70.33,153,147,0.7500,,EA,IMP
NOAA 10 DEB,1986-073B,16982,DEB,D,US,1986-09-17,AFWTR,1996-10-03,89.75,98.56,272,252,0.0553,,EA,IMP
NOAA 10 DEB,1986-073C,16983,DEB,D,US,1986-09-17,AFWTR,1991-08-04,91.26,98.61,352,321,0.1600,,EA,IMP
SL-12 R/B(AUX MOTOR),1986-071G,16984,R/B,D,CIS,1986-09-16,TYMSC,1993-01-29,89.05,63.95,350,104,0.4187,,EA,IMP
SL-12 R/B(AUX MOTOR),1986-071H,16985,R/B,D,CIS,1986-09-16,TYMSC,1992-11-26,89.93,63.85,438,104,0.6509,,EA,IMP
COSMOS 1782,1986-074A,16986,PAY,,CIS,1986-09-30,PLMSC,,93.73,82.52,461,454,8.3750,,EA,ORB
SL-14 R/B,1986-074B,16987,R/B,,CIS,1986-09-30,PLMSC,,96.94,82.51,624,600,4.3958,,EA,ORB
COSMOS 1781 DEB,1986-072D,16988,DEB,D,CIS,1986-09-17,TYMSC,1988-04-09,87.43,70.34,155,139,3.4198,,EA,IMP
COSMOS 1781 DEB,1986-072E,16989,DEB,D,CIS,1986-09-17,TYMSC,1987-05-20,88.41,70.34,202,190,0.2481,,EA,IMP
COSMOS 1781 DEB,1986-072F,16990,DEB,D,CIS,1986-09-17,TYMSC,1987-05-19,88.26,70.32,200,176,1.7500,,EA,IMP
COSMOS 1781 DEB,1986-072G,16991,DEB,D,CIS,1986-09-17,TYMSC,1986-12-29,87.61,70.33,160,153,4.9100,,EA,IMP
COSMOS 1781 DEB,1986-072H,16992,DEB,D,CIS,1986-09-17,TYMSC,1987-01-13,89.69,70.34,270,248,0.1700,,EA,IMP
COSMOS 1783,1986-075A,16993,PAY,D,CIS,1986-10-03,PLMSC,2024-10-29,89.08,62.01,345,114,9.0832,,EA,IMP
SL-6 R/B(1),1986-075B,16994,R/B,D,CIS,1986-10-03,PLMSC,1986-11-22,86.98,62.77,131,119,12.5100,,EA,IMP
SL-6 PLAT,1986-075C,16995,DEB,D,CIS,1986-10-03,PLMSC,1986-11-08,87.59,62.80,173,137,6.4000,,EA,IMP
SL-6 R/B(2),1986-075D,16996,R/B,,CIS,1986-10-03,PLMSC,,217.44,62.23,10966,234,4.8470,,EA,ORB
SL-6 DEB,1986-075E,16998,DEB,D,CIS,1986-10-03,PLMSC,1986-11-12,88.32,62.80,220,162,0.0300,,EA,IMP
FSW-0 8,1986-076A,17001,PAY,D,PRC,1986-10-06,JSC,1986-10-23,87.46,56.94,162,135,55.2100,,EA,IMP
CZ-2C R/B,1986-076B,17002,R/B,D,PRC,1986-10-06,JSC,1986-10-20,87.63,56.94,175,140,48.2500,,EA,IMP
COSMOS 1784,1986-077A,17003,PAY,D,CIS,1986-10-06,TYMSC,1986-11-11,89.20,64.75,261,209,54.2800,,EA,IMP
SL-4 R/B,1986-077B,17004,R/B,D,CIS,1986-10-06,TYMSC,1986-10-12,87.31,64.74,150,133,,,EA,IMP
CZ-2C DEB,1986-076C,17005,DEB,D,PRC,1986-10-06,JSC,1986-10-08,89.37,56.92,320,166,0.4100,,EA,IMP
COSMOS 1776 DEB,1986-067C,17006,DEB,D,CIS,1986-09-03,PLMSC,1987-10-30,90.41,74.03,301,289,0.0105,,EA,IMP
COSMOS 1776 DEB,1986-067D,17007,DEB,D,CIS,1986-09-03,PLMSC,1987-10-14,90.22,73.98,290,280,0.0176,,EA,IMP
COSMOS 1776 DEB,1986-067E,17008,DEB,D,CIS,1986-09-03,PLMSC,1987-11-08,89.81,73.95,270,260,0.0186,,EA,IMP
COSMOS 1776 DEB,1986-067F,17009,DEB,D,CIS,1986-09-03,PLMSC,1987-10-24,90.27,74.05,291,284,0.0200,,EA,IMP
USA 19 DEB,1986-069Q,17019,DEB,D,US,1986-09-05,AFETR,1987-03-20,89.79,39.42,349,178,0.2200,,EA,IMP
USA 19 DEB,1986-069R,17020,DEB,D,US,1986-09-05,AFETR,1986-10-29,89.41,39.42,304,187,0.0300,,EA,IMP
USA 19 DEB,1986-069S,17021,DEB,D,US,1986-09-05,AFETR,1986-10-26,90.31,39.44,377,202,0.2600,,EA,IMP
USA 19 DEB,1986-069T,17022,DEB,D,US,1986-09-05,AFETR,1986-10-31,88.56,39.65,238,168,0.2300,,EA,IMP
FSW-0 8 DEB,1986-076D,17028,DEB,D,PRC,1986-10-06,JSC,1986-10-12,89.30,56.90,316,164,0.0100,,EA,IMP
COSMOS 1736 DEB,1986-024AF,17030,DEB,D,CIS,1986-03-21,TYMSC,1986-11-13,92.26,65.06,399,371,0.0500,,EA,IMP
COSMOS 1785,1986-078A,17031,PAY,D,CIS,1986-10-15,PLMSC,2002-02-28,91.54,61.57,631,69,16.0595,,EA,IMP
SL-6 PLAT,1986-078B,17032,DEB,D,CIS,1986-10-15,PLMSC,1986-11-18,87.36,62.83,159,128,10.5500,,EA,IMP
SL-6 R/B(1),1986-078C,17033,R/B,D,CIS,1986-10-15,PLMSC,1986-12-09,87.51,62.81,162,140,6.0000,,EA,IMP
COSMOS 1771 DEB[ANTENNA],1986-062B,17034,DEB,D,CIS,1986-08-20,TYMSC,1986-10-22,87.82,64.99,171,162,,,EA,IMP
COSMOS 1771 FUEL CORE,1986-062C,17035,DEB,,CIS,1986-08-20,TYMSC,,103.86,64.99,980,902,0.1751,,EA,ORB
COSMOS 1771 DEB [PELPS],1986-062D,17036,DEB,D,CIS,1986-08-20,TYMSC,1986-11-29,87.13,65.00,138,127,18.6700,,EA,IMP
SL-6 R/B(2),1986-078D,17037,R/B,D,CIS,1986-10-15,PLMSC,2015-03-30,88.97,63.88,338,109,5.0286,,EA,IMP
MOLNIYA 3-30,1986-079A,17038,PAY,D,CIS,1986-10-20,PLMSC,1999-10-15,96.35,62.10,1107,61,13.1423,,EA,IMP
SL-6 R/B(1),1986-079B,17039,R/B,D,CIS,1986-10-20,PLMSC,1986-12-22,87.30,62.79,147,135,49.4200,,EA,IMP
SL-6 PLAT,1986-079C,17040,DEB,D,CIS,1986-10-20,PLMSC,1986-12-12,87.19,62.81,144,126,14.2500,,EA,IMP
SL-6 R/B(2),1986-079D,17041,R/B,D,CIS,1986-10-20,PLMSC,1999-07-23,89.42,62.17,412,80,6.8057,,EA,IMP
COSMOS 1786,1986-080A,17042,PAY,D,CIS,1986-10-22,TYMSC,1988-03-06,88.09,64.77,248,112,5.8057,,EA,IMP
SL-16 R/B,1986-080B,17043,R/B,D,CIS,1986-10-22,TYMSC,1988-04-08,87.33,64.80,185,99,119.7300,,EA,IMP
COSMOS 1787,1986-081A,17044,PAY,D,CIS,1986-10-22,TYMSC,1986-11-04,90.15,69.99,335,228,12.3000,,EA,IMP
SL-4 R/B,1986-081B,17045,R/B,D,CIS,1986-10-22,TYMSC,1986-10-30,87.19,69.98,137,133,13.2000,,EA,IMP
RADUGA 19,1986-082A,17046,PAY,-,CIS,1986-10-25,TYMSC,,1462.52,11.07,36347,36257,5.4172,,EA,ORB
SL-12 R/B(1),1986-082B,17047,R/B,D,CIS,1986-10-25,TYMSC,1986-10-28,87.22,51.60,139,134,,,EA,IMP
SL-12 PLAT,1986-082C,17048,DEB,D,CIS,1986-10-25,TYMSC,1986-10-26,87.45,51.60,150,146,,,EA,IMP
COSMOS 1781 DEB,1986-072J,17049,DEB,D,CIS,1986-09-17,TYMSC,1986-12-01,91.36,69.58,363,320,0.1100,,EA,IMP
COSMOS 1788,1986-083A,17050,PAY,D,CIS,1986-10-27,PLMSC,1991-01-21,87.22,65.78,141,132,4.7100,,EA,IMP
SL-8 R/B,1986-083B,17051,R/B,D,CIS,1986-10-27,PLMSC,1990-01-05,87.30,65.79,145,136,26.7050,,EA,IMP
SL-12 R/B(AUX MOTOR),1986-082D,17052,R/B,D,CIS,1986-10-25,TYMSC,1987-07-17,92.08,46.53,664,89,0.7700,,EA,IMP
SL-12 R/B(AUX MOTOR),1986-082E,17053,R/B,D,CIS,1986-10-25,TYMSC,1991-04-21,97.99,46.50,1234,92,1.4747,,EA,IMP
COSMOS 1789,1986-084A,17054,PAY,D,CIS,1986-10-31,PLMSC,1986-11-14,91.17,82.58,342,321,11.0000,,EA,IMP
SL-4 R/B,1986-084B,17055,R/B,D,CIS,1986-10-31,PLMSC,1986-11-04,87.63,82.58,171,143,11.0000,,EA,IMP
COSMOS 1790,1986-085A,17056,PAY,D,CIS,1986-11-04,PLMSC,1986-11-18,89.47,72.86,273,224,3.0700,,EA,IMP
SL-4 R/B,1986-085B,17057,R/B,D,CIS,1986-11-04,PLMSC,1986-11-09,87.35,72.86,153,134,20.1300,,EA,IMP
COSMOS 1787 DEB,1986-081C,17058,DEB,D,CIS,1986-10-22,TYMSC,1986-11-21,88.02,69.98,190,163,2.5100,,EA,IMP
COSMOS 1787 DEB,1986-081D,17061,DEB,D,CIS,1986-10-22,TYMSC,1986-11-17,88.28,69.98,204,174,,,EA,IMP
COSMOS 1787 DEB,1986-081E,17062,DEB,D,CIS,1986-10-22,TYMSC,1986-12-31,87.43,69.96,155,139,3.3000,,EA,IMP
COSMOS 1787 DEB,1986-081F,17063,DEB,D,CIS,1986-10-22,TYMSC,1986-11-09,87.97,69.98,190,158,0.2500,,EA,IMP
COSMOS 1787 DEB,1986-081G,17064,DEB,D,CIS,1986-10-22,TYMSC,1986-11-08,88.52,70.02,219,183,,,EA,IMP
SL-12 R/B(2),1986-082F,17065,R/B,,CIS,1986-10-25,TYMSC,,1475.41,11.52,36667,36439,2.4424,,EA,ORB
COSMOS 1791,1986-086A,17066,PAY,,CIS,1986-11-13,PLMSC,,104.65,82.95,1009,947,1.8805,,EA,ORB
SL-8 R/B,1986-086B,17067,R/B,,CIS,1986-11-13,PLMSC,,104.49,82.95,995,946,4.5867,,EA,ORB
COSMOS 1792,1986-087A,17068,PAY,D,CIS,1986-11-13,TYMSC,1987-01-05,89.33,64.89,298,185,9.9000,,EA,IMP
SL-4 R/B,1986-087B,17069,R/B,D,CIS,1986-11-13,TYMSC,1986-11-19,87.45,64.91,167,130,20.0000,,EA,IMP
POLAR BEAR,1986-088A,17070,PAY,,US,1986-11-14,AFWTR,,104.70,89.62,1011,950,1.3714,,EA,ORB
SCOUT G-1 R/B,1986-088B,17071,R/B,,US,1986-11-14,AFWTR,,104.68,89.61,1009,949,0.7832,,EA,ORB
COSMOS 1789 DEB,1986-084C,17072,DEB,D,CIS,1986-10-31,PLMSC,1987-08-27,87.44,82.55,152,143,1.4700,,EA,IMP
COSMOS 1789 DEB,1986-084D,17073,DEB,D,CIS,1986-10-31,PLMSC,1986-12-19,88.05,82.56,183,174,4.4900,,EA,IMP
COSMOS 1789 DEB,1986-084E,17074,DEB,D,CIS,1986-10-31,PLMSC,1987-01-07,93.61,82.64,563,339,0.1600,,EA,IMP
COSMOS 1789 DEB,1986-084F,17075,DEB,D,CIS,1986-10-31,PLMSC,1986-11-19,88.85,82.55,224,212,0.0400,,EA,IMP
COSMOS 1789 DEB,1986-084G,17076,DEB,D,CIS,1986-10-31,PLMSC,1987-01-03,87.95,82.55,181,166,0.9500,,EA,IMP
COSMOS 1789 DEB,1986-084H,17077,DEB,D,CIS,1986-10-31,PLMSC,1987-02-21,89.33,82.55,252,231,1.5137,,EA,IMP
MOLNIYA 1-69,1986-089A,17078,PAY,,CIS,1986-11-15,PLMSC,,716.75,63.50,39648,656,15.4723,,EA,ORB
SL-6 R/B(1),1986-089B,17079,R/B,D,CIS,1986-11-15,PLMSC,1986-12-19,87.31,62.82,148,135,38.4800,,EA,IMP
SL-6 PLAT,1986-089C,17080,DEB,D,CIS,1986-11-15,PLMSC,1986-12-28,87.33,62.80,151,134,12.8000,,EA,IMP
SL-6 R/B(2),1986-089D,17081,R/B,,CIS,1986-11-15,PLMSC,,735.76,63.52,39537,1701,7.2460,,EA,ORB
COSMOS 1790 DEB,1986-085C,17082,DEB,D,CIS,1986-11-04,PLMSC,1986-11-21,87.89,72.84,178,162,,,EA,IMP
GORIZONT 13,1986-090A,17083,PAY,-,CIS,1986-11-18,TYMSC,,1488.74,12.17,36877,36744,2.5139,,EA,ORB
SL-12 R/B(1),1986-090B,17084,R/B,D,CIS,1986-11-18,TYMSC,1986-11-21,87.10,51.63,134,127,14.1000,,EA,IMP
SL-12 PLAT,1986-090C,17085,DEB,D,CIS,1986-11-18,TYMSC,1986-11-19,87.15,51.60,136,130,13.3000,,EA,IMP
COSMOS 1790 DEB,1986-085D,17086,DEB,D,CIS,1986-11-04,PLMSC,1986-11-26,88.14,72.85,200,165,1.1000,,EA,IMP
COSMOS 1790 DEB,1986-085E,17087,DEB,D,CIS,1986-11-04,PLMSC,1986-11-23,87.79,72.85,172,158,,,EA,IMP
COSMOS 1790 DEB,1986-085F,17088,DEB,D,CIS,1986-11-04,PLMSC,1986-11-24,89.49,72.88,289,209,,,EA,IMP
COSMOS 1790 DEB,1986-085G,17089,DEB,D,CIS,1986-11-04,PLMSC,1986-12-10,87.38,72.84,148,141,7.8500,,EA,IMP
ARIANE 1 DEB,1986-019E,17110,DEB,D,FR,1986-02-22,FRGUI,2002-04-10,90.24,98.89,297,275,0.7966,,EA,IMP
ARIANE 1 DEB,1986-019F,17111,DEB,D,FR,1986-02-22,FRGUI,1989-01-07,90.69,98.91,340,277,0.1100,,EA,IMP
ARIANE 1 DEB,1986-019G,17112,DEB,D,FR,1986-02-22,FRGUI,1990-11-14,88.75,98.70,222,204,0.3300,,EA,IMP
ARIANE 1 DEB,1986-019H,17113,DEB,D,FR,1986-02-22,FRGUI,1988-08-26,90.10,98.59,296,262,0.2489,,EA,IMP
ARIANE 1 DEB,1986-019J,17114,DEB,D,FR,1986-02-22,FRGUI,1989-04-05,91.21,98.52,351,317,0.3352,,EA,IMP
ARIANE 1 DEB,1986-019K,17115,DEB,D,FR,1986-02-22,FRGUI,1989-01-17,92.77,98.79,443,377,0.4684,,EA,IMP
ARIANE 1 DEB,1986-019L,17116,DEB,D,FR,1986-02-22,FRGUI,2002-03-12,88.67,99.00,219,198,0.8088,,EA,IMP
ARIANE 1 DEB,1986-019M,17117,DEB,,FR,1986-02-22,FRGUI,,98.39,98.19,727,636,0.2056,,EA,ORB
ARIANE 1 DEB,1986-019N,17118,DEB,,FR,1986-02-22,FRGUI,,100.48,98.49,868,695,0.0615,,EA,ORB
ARIANE 1 DEB,1986-019P,17119,DEB,D,FR,1986-02-22,FRGUI,1990-07-02,89.52,98.88,256,245,2.0064,,EA,IMP
ARIANE 1 DEB,1986-019Q,17120,DEB,D,FR,1986-02-22,FRGUI,2001-10-29,90.24,99.01,300,272,0.0742,,EA,IMP
ARIANE 1 DEB,1986-019R,17121,DEB,,FR,1986-02-22,FRGUI,,100.28,98.30,810,735,0.1157,,EA,ORB
ARIANE 1 DEB,1986-019S,17122,DEB,D,FR,1986-02-22,FRGUI,2025-03-23,88.94,97.73,232,213,0.6591,,EA,IMP
ARIANE 1 DEB,1986-019T,17123,DEB,D,FR,1986-02-22,FRGUI,2001-12-10,88.00,98.17,180,172,1.6097,,EA,IMP
ARIANE 1 DEB,1986-019U,17124,DEB,D,FR,1986-02-22,FRGUI,2000-02-16,89.72,98.44,269,252,0.1891,,EA,IMP
SL-12 R/B(2),1986-090D,17125,R/B,,CIS,1986-11-18,TYMSC,,1436.80,10.25,35838,35763,1.9952,,EA,ORB
ARIANE 1 DEB,1986-019V,17126,DEB,D,FR,1986-02-22,FRGUI,1987-03-16,96.83,98.68,749,464,0.1930,,EA,IMP
ARIANE 1 DEB,1986-019W,17127,DEB,D,FR,1986-02-22,FRGUI,1987-12-19,91.04,99.18,348,303,0.2192,,EA,IMP
ARIANE 1 DEB,1986-019X,17128,DEB,D,FR,1986-02-22,FRGUI,2023-06-08,88.11,98.29,191,172,0.0580,,EA,IMP
ARIANE 1 DEB,1986-019Y,17129,DEB,,FR,1986-02-22,FRGUI,,100.97,98.31,828,781,5.2364,,EA,ORB
ARIANE 1 DEB,1986-019Z,17130,DEB,D,FR,1986-02-22,FRGUI,2015-01-23,88.21,97.70,193,179,1.0637,,EA,IMP
ARIANE 1 DEB,1986-019AA,17131,DEB,D,FR,1986-02-22,FRGUI,2002-12-08,88.28,97.81,196,183,2.7850,,EA,IMP
ARIANE 1 DEB,1986-019AB,17132,DEB,D,FR,1986-02-22,FRGUI,1988-12-28,91.91,98.90,391,346,0.0903,,EA,IMP
ARIANE 1 DEB,1986-019AC,17133,DEB,D,FR,1986-02-22,FRGUI,1988-09-04,91.33,98.89,369,310,0.0982,,EA,IMP
COSMOS 1793,1986-091A,17134,PAY,D,CIS,1986-11-20,PLMSC,2011-05-15,91.28,61.98,594,80,7.3610,,EA,IMP
SL-6 R/B(1),1986-091B,17135,R/B,D,CIS,1986-11-20,PLMSC,1987-01-27,87.50,62.82,159,141,13.9000,,EA,IMP
SL-6 PLAT,1986-091C,17136,DEB,D,CIS,1986-11-20,PLMSC,1986-12-23,87.35,62.86,161,125,2.6000,,EA,IMP
COSMOS 1794,1986-092A,17138,PAY,,CIS,1986-11-21,PLMSC,,115.60,74.02,1499,1466,0.6696,,EA,ORB
COSMOS 1795,1986-092B,17139,PAY,,CIS,1986-11-21,PLMSC,,115.40,74.02,1481,1466,0.6718,,EA,ORB
COSMOS 1796,1986-092C,17140,PAY,,CIS,1986-11-21,PLMSC,,115.23,74.01,1478,1454,0.6841,,EA,ORB
COSMOS 1797,1986-092D,17141,PAY,,CIS,1986-11-21,PLMSC,,115.05,74.01,1472,1443,0.6681,,EA,ORB
COSMOS 1798,1986-092E,17142,PAY,,CIS,1986-11-21,PLMSC,,114.88,74.01,1472,1428,0.6603,,EA,ORB
COSMOS 1799,1986-092F,17143,PAY,,CIS,1986-11-21,PLMSC,,114.72,74.01,1472,1413,0.6828,,EA,ORB
COSMOS 1800,1986-092G,17144,PAY,,CIS,1986-11-21,PLMSC,,114.55,74.02,1473,1398,0.6844,,EA,ORB
COSMOS 1801,1986-092H,17145,PAY,,CIS,1986-11-21,PLMSC,,114.39,74.01,1471,1384,0.6751,,EA,ORB
SL-8 R/B,1986-092J,17146,R/B,,CIS,1986-11-21,PLMSC,,117.68,74.01,1675,1478,6.4236,,EA,ORB
SL-6 R/B(2),1986-091D,17147,R/B,,CIS,1986-11-20,PLMSC,,705.93,71.36,34633,5135,5.1778,,EA,ORB
SL-12 R/B(AUX MOTOR),1986-090E,17148,R/B,D,CIS,1986-11-18,TYMSC,1991-04-20,90.26,46.36,458,117,3.0176,,EA,IMP
SL-12 R/B(AUX MOTOR),1986-090F,17149,R/B,D,CIS,1986-11-18,TYMSC,1987-05-09,632.98,47.29,35811,274,,,EA,IMP
ARIANE 1 DEB,1986-019AD,17150,DEB,D,FR,1986-02-22,FRGUI,1990-06-12,91.22,98.47,345,324,0.0900,,EA,IMP
ARIANE 1 DEB,1986-019AE,17151,DEB,D,FR,1986-02-22,FRGUI,1989-05-04,90.67,98.64,328,287,0.3134,,EA,IMP
ARIANE 1 DEB,1986-019AF,17152,DEB,D,FR,1986-02-22,FRGUI,2001-03-05,89.13,98.54,239,224,0.1110,,EA,IMP
ARIANE 1 DEB,1986-019AG,17153,DEB,,FR,1986-02-22,FRGUI,,98.10,98.00,678,657,0.1805,,EA,ORB
ARIANE 1 DEB,1986-019AH,17154,DEB,D,FR,1986-02-22,FRGUI,2001-11-02,89.02,98.46,244,209,0.2136,,EA,IMP
ARIANE 1 DEB,1986-019AJ,17155,DEB,D,FR,1986-02-22,FRGUI,2023-03-18,89.77,98.98,271,255,0.0384,,EA,IMP
ARIANE 1 DEB,1986-019AK,17156,DEB,D,FR,1986-02-22,FRGUI,1989-12-07,90.40,98.39,306,282,0.0746,,EA,IMP
ARIANE 1 DEB,1986-019AL,17157,DEB,D,FR,1986-02-22,FRGUI,1988-12-16,95.64,98.70,566,533,0.2569,,EA,IMP
COSMOS 1802,1986-093A,17159,PAY,,CIS,1986-11-24,PLMSC,,104.88,82.93,1019,958,2.1300,,EA,ORB
SL-8 R/B,1986-093B,17160,R/B,,CIS,1986-11-24,PLMSC,,104.73,82.92,1011,953,4.2444,,EA,ORB
COSMOS 1765 DEB,1986-054M,17175,DEB,D,CIS,1986-07-24,PLMSC,1987-02-03,90.43,72.82,310,282,0.6097,,EA,IMP
COSMOS 1803,1986-094A,17177,PAY,,CIS,1986-12-02,PLMSC,,115.98,82.61,1502,1498,9.4257,,EA,ORB
SL-14 R/B,1986-094B,17178,R/B,,CIS,1986-12-02,PLMSC,,115.94,82.61,1500,1496,4.6217,,EA,ORB
COSMOS 1804,1986-095A,17179,PAY,D,CIS,1986-12-04,TYMSC,1986-12-18,92.17,69.99,414,348,,,EA,IMP
SL-4 R/B,1986-095B,17180,R/B,D,CIS,1986-12-04,TYMSC,1986-12-31,87.54,69.97,164,141,,,EA,IMP
FLTSATCOM 7 (USA 20),1986-096A,17181,PAY,-,US,1986-12-05,AFETR,,1455.58,12.65,36340,35995,38.9376,,EA,ORB
ATLAS CENTAUR R/B,1986-096B,17182,R/B,D,US,1986-12-05,AFETR,1988-03-13,90.14,28.03,450,112,54.9800,,EA,IMP
ARIANE 1 DEB,1986-019AM,17183,DEB,D,FR,1986-02-22,FRGUI,1989-11-08,93.32,98.99,448,426,0.1492,,EA,IMP
ARIANE 1 DEB,1986-019AN,17184,DEB,D,FR,1986-02-22,FRGUI,2001-11-10,88.82,98.83,229,204,0.1345,,EA,IMP
ARIANE 1 DEB,1986-019AP,17185,DEB,D,FR,1986-02-22,FRGUI,1989-03-11,92.30,98.89,398,377,0.1700,,EA,IMP
ARIANE 1 DEB,1986-019AQ,17186,DEB,D,FR,1986-02-22,FRGUI,1988-12-28,92.43,98.79,420,367,0.0861,,EA,IMP
ARIANE 1 DEB,1986-019AR,17187,DEB,D,FR,1986-02-22,FRGUI,1989-01-23,92.74,98.90,443,375,0.1372,,EA,IMP
ARIANE 1 DEB,1986-019AS,17188,DEB,D,FR,1986-02-22,FRGUI,1988-11-11,94.44,99.39,521,462,0.1348,,EA,IMP
ARIANE 1 DEB,1986-019AT,17189,DEB,D,FR,1986-02-22,FRGUI,1998-01-10,90.40,98.13,307,281,0.0430,,EA,IMP
ARIANE 1 DEB,1986-019AU,17190,DEB,D,FR,1986-02-22,FRGUI,1989-02-20,90.74,98.86,329,293,0.2515,,EA,IMP
COSMOS 1805,1986-097A,17191,PAY,,CIS,1986-12-10,PLMSC,,92.65,82.45,405,403,8.2005,,EA,ORB
SL-14 R/B,1986-097B,17192,R/B,,CIS,1986-12-10,PLMSC,,96.90,82.51,621,599,4.0190,,EA,ORB
ARIANE 1 DEB,1986-019AV,17193,DEB,D,FR,1986-02-22,FRGUI,1989-03-22,90.69,98.91,325,292,0.0925,,EA,IMP
ARIANE 1 DEB,1986-019AW,17194,DEB,D,FR,1986-02-22,FRGUI,1989-02-16,93.42,98.69,475,409,0.1697,,EA,IMP
ARIANE 1 DEB,1986-019AX,17195,DEB,D,FR,1986-02-22,FRGUI,1991-04-01,90.87,98.43,337,298,0.1396,,EA,IMP
ARIANE 1 DEB,1986-019AY,17196,DEB,D,FR,1986-02-22,FRGUI,1989-01-16,93.37,98.73,454,425,0.0134,,EA,IMP
ARIANE 1 DEB,1986-019AZ,17197,DEB,D,FR,1986-02-22,FRGUI,1989-02-21,92.18,99.02,409,354,0.2400,,EA,IMP
ARIANE 1 DEB,1986-019BA,17198,DEB,D,FR,1986-02-22,FRGUI,2002-05-11,89.76,98.89,270,256,0.2196,,EA,IMP
ARIANE 1 DEB,1986-019BB,17199,DEB,D,FR,1986-02-22,FRGUI,2020-05-29,88.22,98.63,195,178,0.2229,,EA,IMP
ARIANE 1 DEB,1986-019BC,17200,DEB,D,FR,1986-02-22,FRGUI,1991-07-09,89.24,98.40,253,221,0.1239,,EA,IMP
ARIANE 1 DEB,1986-019BD,17201,DEB,D,FR,1986-02-22,FRGUI,2000-04-21,90.23,99.14,296,276,0.1569,,EA,IMP
ARIANE 1 DEB,1986-019BE,17202,DEB,D,FR,1986-02-22,FRGUI,1989-03-04,91.93,98.88,376,363,0.2643,,EA,IMP
ARIANE 1 DEB,1986-019BF,17203,DEB,,FR,1986-02-22,FRGUI,,102.28,98.61,960,774,0.0900,,EA,ORB
ARIANE 1 DEB,1986-019BG,17204,DEB,D,FR,1986-02-22,FRGUI,1991-05-18,89.44,98.12,262,232,0.1321,,EA,IMP
ARIANE 1 DEB,1986-019BH,17205,DEB,D,FR,1986-02-22,FRGUI,1989-03-27,94.84,98.64,516,506,0.1600,,EA,IMP
ARIANE 1 DEB,1986-019BJ,17206,DEB,D,FR,1986-02-22,FRGUI,2000-06-24,89.40,98.48,256,234,0.5442,,EA,IMP
ARIANE 1 DEB,1986-019BK,17207,DEB,D,FR,1986-02-22,FRGUI,1989-01-14,95.78,98.73,584,528,0.3156,,EA,IMP
ARIANE 1 DEB,1986-019BL,17208,DEB,D,FR,1986-02-22,FRGUI,2000-10-28,89.29,98.95,255,225,0.2320,,EA,IMP
ARIANE 1 DEB,1986-019BM,17209,DEB,D,FR,1986-02-22,FRGUI,1991-04-29,89.21,98.41,249,221,0.1258,,EA,IMP
ARIANE 1 DEB,1986-019BN,17210,DEB,D,FR,1986-02-22,FRGUI,1989-02-27,90.86,98.77,339,295,0.2808,,EA,IMP
ARIANE 1 DEB,1986-019BP,17211,DEB,D,FR,1986-02-22,FRGUI,1989-04-21,90.96,98.72,345,298,0.1205,,EA,IMP
ARIANE 1 DEB,1986-019BQ,17212,DEB,D,FR,1986-02-22,FRGUI,2023-03-11,90.06,98.52,293,262,0.0750,,EA,IMP
COSMOS 1806,1986-098A,17213,PAY,,CIS,1986-12-12,PLMSC,,717.36,68.62,32803,7531,13.0223,,EA,ORB
SL-6 R/B(1),1986-098B,17214,R/B,D,CIS,1986-12-12,PLMSC,1987-02-23,87.56,62.76,167,141,43.1347,,EA,IMP
SL-6 PLAT,1986-098C,17215,DEB,D,CIS,1986-12-12,PLMSC,1987-02-10,88.18,62.83,214,155,6.2900,,EA,IMP
SL-6 R/B(2),1986-098D,17216,R/B,,CIS,1986-12-12,PLMSC,,705.85,70.14,34423,5341,6.8864,,EA,ORB
COSMOS 1807,1986-099A,17217,PAY,D,CIS,1986-12-16,PLMSC,1987-01-23,89.69,67.13,338,181,49.5610,,EA,IMP
SL-4 R/B,1986-099B,17218,R/B,D,CIS,1986-12-16,PLMSC,1986-12-22,87.94,67.14,205,140,51.3000,,EA,IMP
ARIANE 1 DEB,1986-019BR,17219,DEB,,FR,1986-02-22,FRGUI,,98.51,98.42,708,667,0.0505,,EA,ORB
ARIANE 1 DEB,1986-019BS,17220,DEB,D,FR,1986-02-22,FRGUI,1988-09-23,93.27,98.67,462,407,0.3000,,EA,IMP
ARIANE 1 DEB,1986-019BT,17221,DEB,D,FR,1986-02-22,FRGUI,1989-06-19,91.83,98.60,381,348,0.0400,,EA,IMP
ARIANE 1 DEB,1986-019BU,17222,DEB,D,FR,1986-02-22,FRGUI,1990-05-25,91.92,98.69,380,358,0.0200,,EA,IMP
ARIANE 1 DEB,1986-019BV,17223,DEB,D,FR,1986-02-22,FRGUI,1992-03-16,89.98,98.39,290,257,0.0172,,EA,IMP
ARIANE 1 DEB,1986-019BW,17224,DEB,D,FR,1986-02-22,FRGUI,1989-03-18,92.38,98.74,413,369,0.1300,,EA,IMP
ARIANE 1 DEB,1986-019BX,17225,DEB,D,FR,1986-02-22,FRGUI,1988-01-16,91.44,98.88,377,314,0.1388,,EA,IMP
ARIANE 1 DEB,1986-019BY,17226,DEB,D,FR,1986-02-22,FRGUI,1989-12-09,88.96,98.58,231,215,0.0858,,EA,IMP
ARIANE 1 DEB,1986-019BZ,17227,DEB,D,FR,1986-02-22,FRGUI,1989-02-14,90.14,98.89,300,263,0.2483,,EA,IMP
ARIANE 1 DEB,1986-019CA,17228,DEB,D,FR,1986-02-22,FRGUI,1991-09-13,89.52,98.57,269,233,0.0390,,EA,IMP
ARIANE 1 DEB,1986-019CB,17229,DEB,D,FR,1986-02-22,FRGUI,1989-06-03,90.96,98.66,346,298,0.1600,,EA,IMP
ARIANE 1 DEB,1986-019CC,17230,DEB,D,FR,1986-02-22,FRGUI,1989-09-06,92.12,98.50,396,362,0.1300,,EA,IMP
ARIANE 1 DEB,1986-019CD,17231,DEB,D,FR,1986-02-22,FRGUI,1988-09-25,91.96,98.93,399,341,0.1042,,EA,IMP
ARIANE 1 DEB,1986-019CE,17232,DEB,D,FR,1986-02-22,FRGUI,1988-10-27,92.28,98.95,405,368,0.1004,,EA,IMP
ARIANE 1 DEB,1986-019CF,17233,DEB,D,FR,1986-02-22,FRGUI,2024-10-09,88.87,98.40,224,213,0.0320,,EA,IMP
ARIANE 1 DEB,1986-019CG,17234,DEB,D,FR,1986-02-22,FRGUI,1988-08-10,91.65,98.58,375,336,0.0748,,EA,IMP
ARIANE 1 DEB,1986-019CH,17235,DEB,D,FR,1986-02-22,FRGUI,1989-02-02,100.55,98.63,796,774,0.1300,,EA,IMP
ARIANE 1 DEB,1986-019CJ,17236,DEB,D,FR,1986-02-22,FRGUI,1989-08-20,91.13,98.58,353,307,0.1831,,EA,IMP
ARIANE 1 DEB,1986-019CK,17237,DEB,D,FR,1986-02-22,FRGUI,1989-11-09,92.71,98.32,418,397,0.1858,,EA,IMP
ARIANE 1 DEB,1986-019CL,17238,DEB,D,FR,1986-02-22,FRGUI,1988-12-21,96.04,99.26,607,531,0.0380,,EA,IMP
COSMOS 1808,1986-100A,17239,PAY,,CIS,1986-12-17,PLMSC,,104.94,82.94,1016,967,2.0520,,EA,ORB
SL-8 R/B,1986-100B,17240,R/B,,CIS,1986-12-17,PLMSC,,104.78,82.93,1005,963,4.2190,,EA,ORB
COSMOS 1809,1986-101A,17241,PAY,,CIS,1986-12-18,PLMSC,,104.01,82.53,959,937,6.8667,,EA,ORB
SL-14 R/B,1986-101B,17242,R/B,,CIS,1986-12-18,PLMSC,,104.09,82.53,963,940,4.4560,,EA,ORB
COSMOS 1804 DEB,1986-095C,17243,DEB,D,CIS,1986-12-04,TYMSC,1987-09-04,88.28,69.95,199,179,2.6700,,EA,IMP
COSMOS 1804 DEB,1986-095D,17244,DEB,D,CIS,1986-12-04,TYMSC,1988-04-13,87.07,69.95,134,124,0.4165,,EA,IMP
COSMOS 1804 DEB,1986-095E,17245,DEB,D,CIS,1986-12-04,TYMSC,1987-05-26,87.91,69.96,181,161,1.2000,,EA,IMP
COSMOS 1804 DEB,1986-095F,17246,DEB,D,CIS,1986-12-04,TYMSC,1987-04-15,88.10,69.97,190,170,2.3562,,EA,IMP
COSMOS 1804 DEB,1986-095G,17252,DEB,D,CIS,1986-12-04,TYMSC,1987-04-08,88.22,69.93,193,180,0.1942,,EA,IMP
ARIANE 3 DEB,1986-026E,17253,DEB,,FR,1986-03-28,FRGUI,,445.39,6.65,25505,377,0.8415,,EA,ORB
ARIANE 3 DEB,1986-026F,17254,DEB,,FR,1986-03-28,FRGUI,,486.72,8.41,27742,494,0.6960,,EA,ORB
COSMOS 1776 DEB,1986-067G,17258,DEB,D,CIS,1986-09-03,PLMSC,1987-12-09,88.55,73.99,211,194,0.1398,,EA,IMP
COSMOS 1776 DEB,1986-067H,17259,DEB,D,CIS,1986-09-03,PLMSC,1987-11-29,89.88,74.06,277,261,0.2171,,EA,IMP
COSMOS 1776 DEB,1986-067J,17260,DEB,D,CIS,1986-09-03,PLMSC,1987-11-23,88.89,73.92,228,211,0.1855,,EA,IMP
COSMOS 1776 DEB,1986-067K,17261,DEB,D,CIS,1986-09-03,PLMSC,1987-11-14,88.56,73.99,213,193,0.1626,,EA,IMP
COSMOS 1810,1986-102A,17262,PAY,D,CIS,1986-12-26,TYMSC,1987-09-11,89.58,64.72,275,233,32.2158,,EA,IMP
SL-4 R/B,1986-102B,17263,R/B,D,CIS,1986-12-26,TYMSC,1986-12-31,87.43,64.75,158,136,13.7000,,EA,IMP
MOLNIYA 1-70,1986-103A,17264,PAY,D,CIS,1986-12-26,PLMSC,2006-02-01,95.08,62.21,949,96,20.1170,,EA,IMP
SL-6 R/B(1),1986-103B,17265,R/B,D,CIS,1986-12-26,PLMSC,1987-02-02,89.08,62.80,273,186,49.2448,,EA,IMP
SL-6 PLAT,1986-103C,17266,DEB,D,CIS,1986-12-26,PLMSC,1987-01-21,87.77,62.79,183,144,10.9000,,EA,IMP
SL-6 R/B(2),1986-103D,17267,R/B,D,CIS,1986-12-26,PLMSC,2005-12-06,88.22,62.33,288,85,6.3295,,EA,IMP
SL-14 DEB,1986-101C,17268,DEB,,CIS,1986-12-18,PLMSC,,102.96,82.61,919,878,0.0190,,EA,ORB
SL-14 DEB,1986-101D,17269,DEB,,CIS,1986-12-18,PLMSC,,103.52,82.64,937,913,0.0182,,EA,ORB
SL-14 DEB,1986-101E,17270,DEB,,CIS,1986-12-18,PLMSC,,103.34,82.44,918,915,0.0134,,EA,ORB
SL-14 DEB,1986-101F,17271,DEB,,CIS,1986-12-18,PLMSC,,102.66,82.41,903,866,0.0141,,EA,ORB
SL-14 DEB,1986-101G,17272,DEB,,CIS,1986-12-18,PLMSC,,102.07,82.49,871,842,0.0046,,EA,ORB
SL-14 DEB,1986-101H,17273,DEB,,CIS,1986-12-18,PLMSC,,101.93,82.54,866,834,0.0138,,EA,ORB
SL-14 DEB,1986-101J,17274,DEB,,CIS,1986-12-18,PLMSC,,103.19,82.53,933,885,0.0051,,EA,ORB
SL-6 DEB,1986-103E,17276,DEB,D,CIS,1986-12-26,PLMSC,1987-01-27,87.63,62.78,173,142,0.0010,,EA,IMP
COSMOS 1772 DEB,1986-063G,17301,DEB,D,CIS,1986-08-21,PLMSC,1987-03-19,89.53,72.82,271,231,0.3200,,EA,IMP
ARIANE 1 DEB,1986-019CM,17305,DEB,D,FR,1986-02-22,FRGUI,1990-03-31,92.64,98.32,429,379,0.1500,,EA,IMP
ARIANE 1 DEB,1986-019CN,17306,DEB,D,FR,1986-02-22,FRGUI,1988-09-24,94.21,98.92,520,440,0.2000,,EA,IMP
ARIANE 1 DEB,1986-019CP,17307,DEB,D,FR,1986-02-22,FRGUI,1992-03-06,89.03,97.70,236,217,0.1200,,EA,IMP
ARIANE 1 DEB,1986-019CQ,17308,DEB,D,FR,1986-02-22,FRGUI,1989-11-27,91.62,98.25,362,346,0.0737,,EA,IMP
ARIANE 1 DEB,1986-019CR,17309,DEB,D,FR,1986-02-22,FRGUI,1989-06-15,93.60,98.68,481,421,0.0500,,EA,IMP
ARIANE 1 DEB,1986-019CS,17310,DEB,D,FR,1986-02-22,FRGUI,1989-04-08,93.24,98.53,489,378,0.0885,,EA,IMP
ARIANE 1 DEB,1986-019CT,17311,DEB,D,FR,1986-02-22,FRGUI,2003-02-01,88.49,97.99,217,183,0.1059,,EA,IMP
ARIANE 1 DEB,1986-019CU,17312,DEB,D,FR,1986-02-22,FRGUI,1989-10-19,90.57,98.66,319,285,0.1500,,EA,IMP
ARIANE 1 DEB,1986-019CV,17313,DEB,D,FR,1986-02-22,FRGUI,1989-10-18,92.19,99.07,407,357,0.0600,,EA,IMP
ARIANE 1 DEB,1986-019CW,17314,DEB,D,FR,1986-02-22,FRGUI,1992-01-06,89.48,98.76,260,238,0.1533,,EA,IMP
ARIANE 1 DEB,1986-019CX,17315,DEB,D,FR,1986-02-22,FRGUI,1992-01-23,89.47,98.53,262,235,0.0042,,EA,IMP
ARIANE 1 DEB,1986-019CY,17316,DEB,D,FR,1986-02-22,FRGUI,2024-11-10,88.23,98.16,193,181,0.0431,,EA,IMP
ARIANE 1 DEB,1986-019CZ,17317,DEB,D,FR,1986-02-22,FRGUI,1987-06-20,91.17,98.80,361,303,0.1600,,EA,IMP
ARIANE 1 DEB,1986-019DA,17318,DEB,D,FR,1986-02-22,FRGUI,1987-10-28,91.45,99.10,358,333,0.1600,,EA,IMP
ARIANE 1 DEB,1986-019DB,17319,DEB,D,FR,1986-02-22,FRGUI,1988-11-09,92.09,99.25,398,356,0.0600,,EA,IMP
ARIANE 1 DEB,1986-019DC,17320,DEB,D,FR,1986-02-22,FRGUI,1989-02-19,91.18,98.47,356,309,0.1355,,EA,IMP
ARIANE 1 DEB,1986-019DD,17321,DEB,D,FR,1986-02-22,FRGUI,1989-08-01,88.91,98.99,234,208,0.1760,,EA,IMP
ARIANE 1 DEB,1986-019DE,17322,DEB,D,FR,1986-02-22,FRGUI,1988-10-26,90.39,98.75,309,279,0.0461,,EA,IMP
ARIANE 1 DEB,1986-019DF,17323,DEB,D,FR,1986-02-22,FRGUI,1999-07-15,89.67,99.01,267,249,0.1327,,EA,IMP
ARIANE 1 DEB,1986-019DG,17324,DEB,D,FR,1986-02-22,FRGUI,2013-10-01,88.63,98.17,211,203,0.0233,,EA,IMP
COSMOS 1776 DEB,1986-067L,17334,DEB,D,CIS,1986-09-03,PLMSC,1987-12-04,89.46,74.09,256,239,0.1983,,EA,IMP
COSMOS 1776 DEB,1986-067M,17335,DEB,D,CIS,1986-09-03,PLMSC,1987-11-09,88.16,74.01,194,173,0.1900,,EA,IMP
ARIANE 1 DEB,1986-019DH,17336,DEB,D,FR,1986-02-22,FRGUI,1989-11-10,91.57,98.01,363,340,0.0900,,EA,IMP
ARIANE 1 DEB,1986-019DJ,17337,DEB,D,FR,1986-02-22,FRGUI,1989-03-06,92.14,98.64,386,373,0.1700,,EA,IMP
ARIANE 1 DEB,1986-019DK,17338,DEB,D,FR,1986-02-22,FRGUI,1989-09-27,91.67,97.76,387,326,0.1100,,EA,IMP
ARIANE 1 DEB,1986-019DL,17339,DEB,D,FR,1986-02-22,FRGUI,1990-04-20,90.54,98.15,321,281,0.0300,,EA,IMP
ARIANE 1 DEB,1986-019DM,17340,DEB,D,FR,1986-02-22,FRGUI,1988-11-04,94.09,99.71,491,458,0.1100,,EA,IMP
ARIANE 1 DEB,1986-019DN,17341,DEB,D,FR,1986-02-22,FRGUI,1991-01-01,90.62,97.76,318,291,0.0482,,EA,IMP
ARIANE 1 DEB,1986-019DP,17342,DEB,D,FR,1986-02-22,FRGUI,1998-10-17,90.44,98.13,314,279,0.0635,,EA,IMP
ARIANE 1 DEB,1986-019DQ,17343,DEB,D,FR,1986-02-22,FRGUI,1991-12-27,90.52,98.53,315,286,0.0505,,EA,IMP
ARIANE 1 DEB,1986-019DR,17344,DEB,D,FR,1986-02-22,FRGUI,1989-01-19,93.15,99.46,490,368,0.1200,,EA,IMP
ARIANE 1 DEB,1986-019DS,17345,DEB,D,FR,1986-02-22,FRGUI,1989-04-16,89.85,98.65,284,250,0.0400,,EA,IMP
ARIANE 1 DEB,1986-019DT,17346,DEB,D,FR,1986-02-22,FRGUI,1989-05-11,92.40,98.67,414,370,0.2100,,EA,IMP
ARIANE 1 DEB,1986-019DU,17347,DEB,D,FR,1986-02-22,FRGUI,1987-11-15,91.80,98.56,369,356,0.0900,,EA,IMP
ARIANE 1 DEB,1986-019DV,17348,DEB,D,FR,1986-02-22,FRGUI,1988-10-12,92.54,98.91,439,359,0.0705,,EA,IMP
ARIANE 1 DEB,1986-019DW,17349,DEB,D,FR,1986-02-22,FRGUI,1989-02-13,92.27,98.72,404,367,0.0459,,EA,IMP
ARIANE 1 DEB,1986-019DX,17350,DEB,D,FR,1986-02-22,FRGUI,1990-02-25,90.79,98.55,329,297,0.0763,,EA,IMP
ARIANE 1 DEB,1986-019DY,17351,DEB,D,FR,1986-02-22,FRGUI,1990-02-28,90.92,97.79,341,299,0.0392,,EA,IMP
ARIANE 1 DEB,1986-019DZ,17352,DEB,D,FR,1986-02-22,FRGUI,1989-06-30,93.61,97.92,463,440,0.0900,,EA,IMP
ARIANE 1 DEB,1986-019EA,17353,DEB,D,FR,1986-02-22,FRGUI,1990-06-06,91.72,97.92,384,333,0.0100,,EA,IMP
ARIANE 1 DEB,1986-019EB,17354,DEB,D,FR,1986-02-22,FRGUI,1989-02-17,92.95,98.07,453,385,0.1300,,EA,IMP
ARIANE 1 DEB,1986-019EC,17355,DEB,D,FR,1986-02-22,FRGUI,1989-12-03,89.99,98.60,287,260,0.1991,,EA,IMP
COSMOS 1776 DEB,1986-067N,17356,DEB,D,CIS,1986-09-03,PLMSC,1987-12-27,89.85,73.97,269,265,0.1668,,EA,IMP
COSMOS 1776 DEB,1986-067P,17357,DEB,D,CIS,1986-09-03,PLMSC,1987-11-22,87.97,73.90,180,167,0.1651,,EA,IMP
ARIANE 1 DEB,1986-019ED,17371,DEB,D,FR,1986-02-22,FRGUI,1989-01-09,92.37,98.96,421,361,0.1362,,EA,IMP
ARIANE 1 DEB,1986-019EE,17372,DEB,D,FR,1986-02-22,FRGUI,1989-01-27,92.65,98.63,427,381,0.0700,,EA,IMP
ARIANE 1 DEB,1986-019EF,17373,DEB,D,FR,1986-02-22,FRGUI,1989-01-01,91.91,98.86,400,336,0.0200,,EA,IMP
ARIANE 1 DEB,1986-019EG,17374,DEB,D,FR,1986-02-22,FRGUI,1991-01-05,91.28,97.91,360,315,0.0697,,EA,IMP
ARIANE 1 DEB,1986-019EH,17375,DEB,D,FR,1986-02-22,FRGUI,1988-12-09,95.87,97.82,569,553,0.0600,,EA,IMP
ARIANE 1 DEB,1986-019EJ,17376,DEB,D,FR,1986-02-22,FRGUI,1990-08-24,91.04,98.14,344,307,0.0298,,EA,IMP
ARIANE 1 DEB,1986-019EK,17377,DEB,D,FR,1986-02-22,FRGUI,1988-02-15,92.43,99.47,432,356,0.0095,,EA,IMP
ARIANE 1 DEB,1986-019EL,17378,DEB,D,FR,1986-02-22,FRGUI,1989-04-09,92.65,98.69,421,388,0.0428,,EA,IMP
ARIANE 1 DEB,1986-019EM,17379,DEB,D,FR,1986-02-22,FRGUI,1990-12-04,91.62,99.11,372,336,0.0300,,EA,IMP
ARIANE 1 DEB,1986-019EN,17380,DEB,D,FR,1986-02-22,FRGUI,1990-09-10,90.19,97.90,301,267,0.0200,,EA,IMP
ARIANE 1 DEB,1986-019EP,17381,DEB,D,FR,1986-02-22,FRGUI,1988-10-05,91.59,99.02,373,332,0.1700,,EA,IMP
ARIANE 1 DEB,1986-019EQ,17382,DEB,D,FR,1986-02-22,FRGUI,1989-12-19,91.26,98.70,361,312,0.0467,,EA,IMP
ARIANE 1 DEB,1986-019ER,17383,DEB,D,FR,1986-02-22,FRGUI,1989-03-08,90.90,98.61,331,306,0.1034,,EA,IMP
ARIANE 1 DEB,1986-019ES,17384,DEB,D,FR,1986-02-22,FRGUI,1989-02-16,91.24,98.77,363,308,0.0952,,EA,IMP
ARIANE 1 DEB,1986-019ET,17385,DEB,D,FR,1986-02-22,FRGUI,1989-04-24,91.21,98.57,359,309,0.1880,,EA,IMP
ARIANE 1 DEB,1986-019EU,17386,DEB,D,FR,1986-02-22,FRGUI,1989-03-01,92.23,98.14,391,377,0.0531,,EA,IMP
ARIANE 1 DEB,1986-019EV,17387,DEB,D,FR,1986-02-22,FRGUI,1989-03-05,91.47,99.12,370,323,0.0626,,EA,IMP
ARIANE 1 DEB,1986-019EW,17388,DEB,D,FR,1986-02-22,FRGUI,1988-09-26,90.70,98.92,330,288,0.1100,,EA,IMP
ARIANE 1 DEB,1986-019EX,17389,DEB,D,FR,1986-02-22,FRGUI,1988-10-05,90.05,99.01,298,255,0.1300,,EA,IMP
ARIANE 1 DEB,1986-019EY,17390,DEB,D,FR,1986-02-22,FRGUI,1989-11-10,91.37,98.28,353,330,0.1700,,EA,IMP
ARIANE 1 DEB,1986-019EZ,17391,DEB,D,FR,1986-02-22,FRGUI,1989-07-09,90.80,98.46,335,292,0.1300,,EA,IMP
ARIANE 1 DEB,1986-019FA,17392,DEB,D,FR,1986-02-22,FRGUI,1992-05-13,88.43,99.08,210,184,0.0700,,EA,IMP
ARIANE 1 DEB,1986-019FB,17393,DEB,D,FR,1986-02-22,FRGUI,1988-12-29,96.04,99.42,626,512,0.0964,,EA,IMP
ARIANE 1 DEB,1986-019FC,17394,DEB,D,FR,1986-02-22,FRGUI,1988-12-19,89.75,98.92,279,245,0.1100,,EA,IMP
ARIANE 1 DEB,1986-019FD,17395,DEB,D,FR,1986-02-22,FRGUI,1989-01-17,92.55,98.91,428,370,0.0363,,EA,IMP
ARIANE 1 DEB,1986-019FE,17396,DEB,D,FR,1986-02-22,FRGUI,1989-04-16,92.13,98.83,403,355,0.0127,,EA,IMP
ARIANE 1 DEB,1986-019FF,17397,DEB,D,FR,1986-02-22,FRGUI,1989-04-14,93.77,98.97,492,426,0.0053,,EA,IMP
COSMOS 1770 DEB,1986-060C,17398,DEB,D,CIS,1986-08-06,TYMSC,1987-02-05,90.35,64.74,379,205,,,EA,IMP
ARIANE 1 DEB,1986-019FG,17421,DEB,D,FR,1986-02-22,FRGUI,1989-02-10,90.72,98.88,332,288,0.0839,,EA,IMP
ARIANE 1 DEB,1986-019FH,17422,DEB,D,FR,1986-02-22,FRGUI,1988-07-23,92.38,98.91,421,361,0.1479,,EA,IMP
ARIANE 1 DEB,1986-019FJ,17423,DEB,,FR,1986-02-22,FRGUI,,102.64,98.70,1010,758,0.0368,,EA,ORB
ARIANE 1 DEB,1986-019FK,17424,DEB,D,FR,1986-02-22,FRGUI,1989-11-25,98.42,98.77,738,629,0.2684,,EA,IMP
CZ-3 DEB,1986-010C,17425,DEB,,PRC,1986-02-01,XICLF,,409.27,31.21,23335,429,0.2539,,EA,ORB
ARIANE 1 DEB,1986-019FM,17426,DEB,D,FR,1986-02-22,FRGUI,2014-11-11,88.75,98.03,221,204,0.0370,,EA,IMP
ARIANE 1 DEB,1986-019FN,17427,DEB,D,FR,1986-02-22,FRGUI,1989-12-26,90.88,98.40,326,310,0.1154,,EA,IMP
ARIANE 1 DEB,1986-019FP,17428,DEB,D,FR,1986-02-22,FRGUI,1990-01-06,89.14,98.51,245,219,0.1847,,EA,IMP
ARIANE 1 DEB,1986-019FQ,17429,DEB,,FR,1986-02-22,FRGUI,,96.88,99.04,634,584,0.0307,,EA,ORB
ARIANE 1 DEB,1986-019FR,17430,DEB,D,FR,1986-02-22,FRGUI,1988-08-10,91.33,99.08,363,316,0.1579,,EA,IMP
ARIANE 1 DEB,1986-019FS,17431,DEB,D,FR,1986-02-22,FRGUI,1989-03-25,90.13,98.60,296,265,0.0500,,EA,IMP
ARIANE 1 DEB,1986-019FT,17432,DEB,D,FR,1986-02-22,FRGUI,1988-03-13,90.12,98.97,296,265,0.1400,,EA,IMP
ARIANE 1 DEB,1986-019FU,17433,DEB,D,FR,1986-02-22,FRGUI,1989-08-20,90.28,98.82,307,269,0.1800,,EA,IMP
ARIANE 1 DEB,1986-019FV,17434,DEB,D,FR,1986-02-22,FRGUI,1989-04-01,91.64,98.78,374,336,0.0841,,EA,IMP
ARIANE 1 DEB,1986-019FW,17435,DEB,D,FR,1986-02-22,FRGUI,1989-12-31,90.90,97.85,341,296,0.0400,,EA,IMP
ARIANE 1 DEB,1986-019FX,17436,DEB,D,FR,1986-02-22,FRGUI,1989-02-06,90.94,98.73,342,299,0.1600,,EA,IMP
ARIANE 1 DEB,1986-019FY,17437,DEB,D,FR,1986-02-22,FRGUI,1988-10-19,93.59,98.72,478,422,0.0472,,EA,IMP
ARIANE 1 DEB,1986-019FZ,17438,DEB,D,FR,1986-02-22,FRGUI,1991-04-15,91.02,97.92,341,309,0.0700,,EA,IMP
ARIANE 1 DEB,1986-019GA,17439,DEB,D,FR,1986-02-22,FRGUI,1989-04-10,91.20,98.87,354,313,0.0854,,EA,IMP
ARIANE 1 DEB,1986-019GB,17440,DEB,D,FR,1986-02-22,FRGUI,1987-10-29,90.53,99.19,324,276,0.1046,,EA,IMP
ARIANE 1 DEB,1986-019GC,17441,DEB,D,FR,1986-02-22,FRGUI,1988-11-10,92.90,99.35,466,367,0.1406,,EA,IMP
ARIANE 1 DEB,1986-019GD,17442,DEB,D,FR,1986-02-22,FRGUI,1989-12-05,90.67,98.43,317,297,0.0113,,EA,IMP
ARIANE 1 DEB,1986-019GE,17443,DEB,D,FR,1986-02-22,FRGUI,1989-11-15,92.45,98.85,401,388,0.0764,,EA,IMP
ARIANE 1 DEB,1986-019GF,17444,DEB,D,FR,1986-02-22,FRGUI,1991-02-03,92.85,97.90,438,391,0.0023,,EA,IMP
ARIANE 1 DEB,1986-019GG,17445,DEB,D,FR,1986-02-22,FRGUI,1990-07-24,90.80,98.40,329,299,0.0624,,EA,IMP
ARIANE 1 DEB,1986-019GH,17446,DEB,D,FR,1986-02-22,FRGUI,1989-10-20,93.46,98.74,466,421,0.0600,,EA,IMP
ARIANE 1 DEB,1986-019GJ,17447,DEB,D,FR,1986-02-22,FRGUI,1988-07-20,90.07,98.98,303,253,0.0689,,EA,IMP
ARIANE 1 DEB,1986-019GK,17448,DEB,D,FR,1986-02-22,FRGUI,1988-09-09,90.43,98.93,322,270,0.0857,,EA,IMP
ARIANE 1 DEB,1986-019GL,17449,DEB,D,FR,1986-02-22,FRGUI,1989-06-17,93.09,98.51,446,406,0.0200,,EA,IMP
ARIANE 1 DEB,1986-019GM,17450,DEB,D,FR,1986-02-22,FRGUI,1989-08-18,92.06,97.77,397,354,0.1006,,EA,IMP
ARIANE 1 DEB,1986-019GN,17451,DEB,D,FR,1986-02-22,FRGUI,1989-11-19,93.11,98.02,479,375,0.0200,,EA,IMP
ARIANE 1 DEB,1986-019GP,17452,DEB,D,FR,1986-02-22,FRGUI,1989-02-27,91.92,98.66,397,340,0.0400,,EA,IMP
ARIANE 1 DEB,1986-019GQ,17453,DEB,D,FR,1986-02-22,FRGUI,1989-01-18,92.27,98.98,417,354,0.0284,,EA,IMP
ARIANE 1 DEB,1986-019GR,17454,DEB,D,FR,1986-02-22,FRGUI,1989-06-12,91.05,98.64,350,302,0.0857,,EA,IMP
ARIANE 1 DEB,1986-019GS,17455,DEB,D,FR,1986-02-22,FRGUI,1991-07-20,92.98,97.93,440,401,0.0086,,EA,IMP
ARIANE 1 DEB,1986-019GT,17456,DEB,D,FR,1986-02-22,FRGUI,1988-12-23,90.11,98.73,298,262,0.0063,,EA,IMP
ARIANE 1 DEB,1986-019GU,17457,DEB,D,FR,1986-02-22,FRGUI,1990-05-19,91.69,98.59,381,334,0.0353,,EA,IMP
ARIANE 1 DEB,1986-019GV,17458,DEB,D,FR,1986-02-22,FRGUI,1990-09-29,91.86,97.80,389,342,0.0054,,EA,IMP
ARIANE 1 DEB,1986-019GW,17459,DEB,D,FR,1986-02-22,FRGUI,2014-09-24,88.71,98.19,212,209,0.0455,,EA,IMP
ARIANE 1 DEB,1986-019GX,17460,DEB,D,FR,1986-02-22,FRGUI,1989-03-16,97.92,98.42,706,613,0.0115,,EA,IMP
ARIANE 1 DEB,1986-019GY,17461,DEB,D,FR,1986-02-22,FRGUI,1990-11-17,91.10,98.54,346,311,0.0400,,EA,IMP
ARIANE 1 DEB,1986-019GZ,17462,DEB,D,FR,1986-02-22,FRGUI,1988-10-15,91.66,98.79,377,335,0.1670,,EA,IMP
ARIANE 1 DEB,1986-019HA,17463,DEB,D,FR,1986-02-22,FRGUI,1988-10-20,91.30,98.83,360,317,0.0358,,EA,IMP
ARIANE 1 DEB,1986-019HB,17464,DEB,D,FR,1986-02-22,FRGUI,1990-04-23,92.65,98.84,425,384,0.0545,,EA,IMP
ARIANE 1 DEB,1986-019HC,17465,DEB,D,FR,1986-02-22,FRGUI,1990-01-12,91.89,98.12,388,347,0.0124,,EA,IMP
ARIANE 1 DEB,1986-019HD,17466,DEB,D,FR,1986-02-22,FRGUI,1994-05-21,88.51,98.17,211,191,0.0343,,EA,IMP
ARIANE 1 DEB,1986-019HE,17467,DEB,D,FR,1986-02-22,FRGUI,1988-09-19,91.75,98.88,385,335,0.1300,,EA,IMP
ARIANE 1 DEB,1986-019HF,17468,DEB,D,FR,1986-02-22,FRGUI,1988-11-07,91.84,98.78,383,347,0.0556,,EA,IMP
ARIANE 1 DEB,1986-019HG,17469,DEB,D,FR,1986-02-22,FRGUI,1989-01-31,92.05,98.79,389,362,0.0200,,EA,IMP
ARIANE 1 DEB,1986-019HH,17470,DEB,D,FR,1986-02-22,FRGUI,1988-10-16,91.72,98.49,387,330,0.0656,,EA,IMP
ARIANE 1 DEB,1986-019HJ,17471,DEB,D,FR,1986-02-22,FRGUI,2001-06-15,89.08,98.42,246,212,0.0386,,EA,IMP
ARIANE 1 DEB,1986-019HK,17472,DEB,D,FR,1986-02-22,FRGUI,1991-04-29,91.44,97.87,362,328,0.0400,,EA,IMP
ARIANE 1 DEB,1986-019HL,17473,DEB,D,FR,1986-02-22,FRGUI,1989-11-26,89.10,98.53,239,221,0.1374,,EA,IMP
ARIANE 1 DEB,1986-019HM,17474,DEB,D,FR,1986-02-22,FRGUI,1988-10-26,96.12,98.74,574,571,0.0312,,EA,IMP
ARIANE 1 DEB,1986-019HN,17475,DEB,D,FR,1986-02-22,FRGUI,1988-12-02,92.44,98.62,421,368,0.0315,,EA,IMP
ARIANE 1 DEB,1986-019HP,17476,DEB,D,FR,1986-02-22,FRGUI,1989-08-26,90.33,98.61,315,266,0.0792,,EA,IMP
ARIANE 1 DEB,1986-019HQ,17477,DEB,D,FR,1986-02-22,FRGUI,1989-07-13,91.77,98.53,381,341,0.0066,,EA,IMP
ARIANE 1 DEB,1986-019HR,17478,DEB,,FR,1986-02-22,FRGUI,,100.63,98.29,816,761,0.0089,,EA,ORB
ARIANE 1 DEB,1986-019HS,17479,DEB,D,FR,1986-02-22,FRGUI,1989-07-16,91.45,98.57,370,321,0.0047,,EA,IMP
COSMOS 1776 DEB,1986-067Q,17537,DEB,D,CIS,1986-09-03,PLMSC,1987-11-24,89.68,74.03,275,243,0.1800,,EA,IMP
COSMOS 1776 DEB,1986-067R,17538,DEB,D,CIS,1986-09-03,PLMSC,1987-12-28,88.98,73.98,232,216,0.2000,,EA,IMP
ARIANE 1 DEB,1986-019HT,17539,DEB,D,FR,1986-02-22,FRGUI,1989-07-20,89.77,98.44,280,245,0.1300,,EA,IMP
ARIANE 1 DEB,1986-019HU,17540,DEB,D,FR,1986-02-22,FRGUI,1990-12-20,91.03,97.84,338,312,0.1100,,EA,IMP
ARIANE 1 DEB,1986-019HV,17541,DEB,D,FR,1986-02-22,FRGUI,1988-10-19,90.88,98.97,334,301,0.0968,,EA,IMP
ARIANE 1 DEB,1986-019HW,17542,DEB,D,FR,1986-02-22,FRGUI,1988-12-14,93.21,98.79,459,405,0.1579,,EA,IMP
ARIANE 1 DEB,1986-019HX,17543,DEB,,FR,1986-02-22,FRGUI,,101.85,98.53,930,763,0.0155,,EA,ORB
ARIANE 1 DEB,1986-019HY,17544,DEB,D,FR,1986-02-22,FRGUI,1989-03-13,95.11,99.33,563,484,0.1479,,EA,IMP
ARIANE 1 DEB,1986-019HZ,17545,DEB,D,FR,1986-02-22,FRGUI,1989-12-13,91.06,98.43,337,316,0.0759,,EA,IMP
ARIANE 1 DEB,1986-019JA,17546,DEB,D,FR,1986-02-22,FRGUI,1989-07-21,90.95,98.74,353,289,0.0156,,EA,IMP
ARIANE 1 DEB,1986-019JB,17547,DEB,D,FR,1986-02-22,FRGUI,1989-12-19,92.86,97.80,423,407,0.0970,,EA,IMP
ARIANE 1 DEB,1986-019JC,17548,DEB,D,FR,1986-02-22,FRGUI,1989-02-15,95.36,98.73,558,514,0.0365,,EA,IMP
ARIANE 1 DEB,1986-019JD,17549,DEB,D,FR,1986-02-22,FRGUI,1989-04-23,90.37,98.70,313,271,0.0880,,EA,IMP
ARIANE 1 DEB,1986-019JE,17550,DEB,D,FR,1986-02-22,FRGUI,1988-10-09,93.82,98.76,491,432,0.0500,,EA,IMP
ARIANE 1 DEB,1986-019JF,17551,DEB,D,FR,1986-02-22,FRGUI,1999-04-05,89.58,98.43,266,241,0.0444,,EA,IMP
ARIANE 1 DEB,1986-019JG,17552,DEB,D,FR,1986-02-22,FRGUI,1989-09-07,91.84,98.60,392,337,0.0569,,EA,IMP
ARIANE 1 DEB,1986-019JH,17553,DEB,D,FR,1986-02-22,FRGUI,1990-03-17,93.29,98.06,477,394,0.0048,,EA,IMP
ARIANE 1 DEB,1986-019JJ,17554,DEB,D,FR,1986-02-22,FRGUI,1989-10-22,90.84,98.61,329,303,0.0696,,EA,IMP
ARIANE 1 DEB,1986-019JK,17555,DEB,D,FR,1986-02-22,FRGUI,1992-11-19,94.57,97.96,514,482,0.0054,,EA,IMP
ARIANE 1 DEB,1986-019JL,17556,DEB,D,FR,1986-02-22,FRGUI,1990-01-14,91.24,98.68,351,320,0.0317,,EA,IMP
ARIANE 1 DEB,1986-019JM,17557,DEB,D,FR,1986-02-22,FRGUI,1990-12-22,90.16,98.87,291,274,0.0081,,EA,IMP
ARIANE 1 DEB,1986-019JN,17558,DEB,D,FR,1986-02-22,FRGUI,1988-08-31,91.15,99.00,356,307,0.0130,,EA,IMP
ARIANE 1 DEB,1986-019JP,17574,DEB,D,FR,1986-02-22,FRGUI,1991-03-02,93.90,98.31,502,428,0.0003,,EA,IMP
ARIANE 1 DEB,1986-019JQ,17575,DEB,D,FR,1986-02-22,FRGUI,1989-01-12,94.89,98.77,541,486,0.1687,,EA,IMP
ARIANE 1 DEB,1986-019JR,17576,DEB,D,FR,1986-02-22,FRGUI,1988-11-13,92.08,98.70,394,358,0.0442,,EA,IMP
ARIANE 1 DEB,1986-019JS,17591,DEB,D,FR,1986-02-22,FRGUI,1989-08-07,91.08,98.60,350,305,0.0622,,EA,IMP
ARIANE 1 DEB,1986-019JT,17592,DEB,D,FR,1986-02-22,FRGUI,1991-04-28,92.17,98.63,399,363,0.0214,,EA,IMP
ARIANE 1 DEB,1986-019JU,17593,DEB,D,FR,1986-02-22,FRGUI,1991-02-15,97.12,98.01,632,610,0.0016,,EA,IMP
ARIANE 1 DEB,1986-019JV,17594,DEB,D,FR,1986-02-22,FRGUI,1989-05-19,92.23,98.57,405,362,0.0185,,EA,IMP
ARIANE 1 DEB,1986-019JW,17595,DEB,D,FR,1986-02-22,FRGUI,1990-01-20,92.48,97.68,419,373,0.0173,,EA,IMP
ARIANE 1 DEB,1986-019JX,17596,DEB,D,FR,1986-02-22,FRGUI,1989-01-15,89.00,98.82,248,202,0.0197,,EA,IMP
ARIANE 1 DEB,1986-019JY,17597,DEB,D,FR,1986-02-22,FRGUI,1989-04-26,91.98,98.48,388,356,0.0200,,EA,IMP
ARIANE 1 DEB,1986-019JZ,17598,DEB,D,FR,1986-02-22,FRGUI,1988-07-13,91.17,98.77,359,305,0.0689,,EA,IMP
ARIANE 1 DEB,1986-019KA,17599,DEB,D,FR,1986-02-22,FRGUI,1989-03-14,91.76,98.57,374,348,0.1300,,EA,IMP
ARIANE 1 DEB,1986-019KB,17600,DEB,D,FR,1986-02-22,FRGUI,1988-10-21,92.84,98.73,446,381,0.0675,,EA,IMP
ARIANE 1 DEB,1986-019KC,17601,DEB,D,FR,1986-02-22,FRGUI,1989-02-26,91.24,98.84,355,316,0.0094,,EA,IMP
ARIANE 1 DEB,1986-019KD,17602,DEB,D,FR,1986-02-22,FRGUI,1989-04-08,93.12,99.21,445,410,0.0182,,EA,IMP
ARIANE 1 DEB,1986-019KE,17603,DEB,D,FR,1986-02-22,FRGUI,1990-02-07,91.89,97.83,395,340,0.0118,,EA,IMP
ARIANE 1 DEB,1986-019KF,17604,DEB,D,FR,1986-02-22,FRGUI,1989-12-03,93.24,97.86,476,391,0.0056,,EA,IMP
ARIANE 1 DEB,1986-019KG,17605,DEB,D,FR,1986-02-22,FRGUI,1989-02-02,100.59,98.61,815,758,0.0273,,EA,IMP
ARIANE 1 DEB,1986-019KH,17606,DEB,D,FR,1986-02-22,FRGUI,1989-05-23,90.84,98.22,334,297,0.0076,,EA,IMP
ARIANE 1 DEB,1986-019KJ,17607,DEB,D,FR,1986-02-22,FRGUI,1989-10-30,94.76,98.56,513,501,0.0272,,EA,IMP
ARIANE 1 DEB,1986-019KK,17608,DEB,D,FR,1986-02-22,FRGUI,2017-09-27,89.15,98.24,236,229,0.0161,,EA,IMP
ARIANE 1 DEB,1986-019KL,17609,DEB,D,FR,1986-02-22,FRGUI,1989-02-16,92.50,98.77,423,370,0.0200,,EA,IMP
ARIANE 1 DEB,1986-019KM,17610,DEB,D,FR,1986-02-22,FRGUI,1988-09-19,91.21,98.66,357,311,0.0200,,EA,IMP
ARIANE 1 DEB,1986-019KN,17672,DEB,D,FR,1986-02-22,FRGUI,1991-02-25,92.94,97.80,440,397,0.0062,,EA,IMP
ARIANE 1 DEB,1986-019KP,17673,DEB,D,FR,1986-02-22,FRGUI,1988-05-02,91.42,99.19,371,318,0.0065,,EA,IMP
ARIANE 1 DEB,1986-019KQ,17674,DEB,D,FR,1986-02-22,FRGUI,1988-09-19,96.31,98.57,598,565,0.1600,,EA,IMP
ARIANE 1 DEB,1986-019KR,17675,DEB,D,FR,1986-02-22,FRGUI,1989-03-02,92.39,97.62,436,348,0.0147,,EA,IMP
ARIANE 1 DEB,1986-019KS,17676,DEB,D,FR,1986-02-22,FRGUI,1989-04-29,98.26,98.82,690,661,0.0014,,EA,IMP
ARIANE 1 DEB,1986-019KT,17677,DEB,D,FR,1986-02-22,FRGUI,1988-05-04,90.11,99.10,306,254,0.0460,,EA,IMP
ARIANE 1 DEB,1986-019KU,17678,DEB,D,FR,1986-02-22,FRGUI,1988-11-18,91.01,98.59,335,313,0.0862,,EA,IMP
ARIANE 1 DEB,1986-019KV,17679,DEB,D,FR,1986-02-22,FRGUI,1989-03-28,90.73,98.85,322,299,0.0600,,EA,IMP
ARIANE 1 DEB,1986-019KW,17680,DEB,D,FR,1986-02-22,FRGUI,1989-01-18,90.53,98.77,328,273,0.1900,,EA,IMP
ARIANE 1 DEB,1986-019KX,17681,DEB,D,FR,1986-02-22,FRGUI,1988-10-31,89.78,98.83,277,250,0.1063,,EA,IMP
ARIANE 1 DEB,1986-019KY,17682,DEB,D,FR,1986-02-22,FRGUI,1989-03-31,93.61,97.90,469,434,0.0335,,EA,IMP
ARIANE 1 DEB,1986-019KZ,17683,DEB,D,FR,1986-02-22,FRGUI,1989-02-25,91.54,98.78,378,322,0.1294,,EA,IMP
ARIANE 1 DEB,1986-019LA,17684,DEB,D,FR,1986-02-22,FRGUI,1989-05-08,92.21,98.41,400,366,0.2193,,EA,IMP
ARIANE 1 DEB,1986-019LB,17685,DEB,D,FR,1986-02-22,FRGUI,1989-08-13,90.73,98.66,340,280,0.1200,,EA,IMP
ARIANE 1 DEB,1986-019LC,17686,DEB,D,FR,1986-02-22,FRGUI,1987-12-11,94.55,99.42,548,446,0.0590,,EA,IMP
ARIANE 1 DEB,1986-019LD,17687,DEB,D,FR,1986-02-22,FRGUI,1989-03-14,93.47,99.23,471,418,0.0175,,EA,IMP
ARIANE 1 DEB,1986-019LE,17688,DEB,D,FR,1986-02-22,FRGUI,1990-04-28,91.62,97.81,373,335,0.0479,,EA,IMP
ARIANE 1 DEB,1986-019LF,17689,DEB,D,FR,1986-02-22,FRGUI,1988-01-17,91.20,98.79,359,308,0.3087,,EA,IMP
ARIANE 1 DEB,1986-019LG,17690,DEB,D,FR,1986-02-22,FRGUI,1989-06-08,92.07,98.55,393,359,0.0287,,EA,IMP
ARIANE 1 DEB,1986-019LH,17691,DEB,D,FR,1986-02-22,FRGUI,1989-01-14,90.62,98.84,333,277,0.1023,,EA,IMP
ARIANE 1 DEB,1986-019LJ,17692,DEB,D,FR,1986-02-22,FRGUI,1989-02-17,91.79,98.90,388,336,0.0700,,EA,IMP
ARIANE 1 DEB,1986-019LK,17693,DEB,D,FR,1986-02-22,FRGUI,1988-12-29,91.01,99.02,351,298,0.0191,,EA,IMP
ARIANE 1 DEB,1986-019LL,17694,DEB,D,FR,1986-02-22,FRGUI,1989-03-30,98.10,98.47,682,654,0.0094,,EA,IMP
ARIANE 1 DEB,1986-019LM,17695,DEB,D,FR,1986-02-22,FRGUI,1989-09-05,92.60,98.98,431,374,0.0231,,EA,IMP
ARIANE 1 DEB,1986-019LN,17696,DEB,D,FR,1986-02-22,FRGUI,1989-12-03,92.46,98.12,405,385,0.0200,,EA,IMP
ARIANE 1 DEB,1986-019LP,17697,DEB,D,FR,1986-02-22,FRGUI,1989-05-19,91.42,98.65,362,327,0.0133,,EA,IMP
ARIANE 1 DEB,1986-019LQ,17698,DEB,D,FR,1986-02-22,FRGUI,1992-02-11,91.19,98.46,352,314,0.0326,,EA,IMP
ARIANE 1 DEB,1986-019LR,17699,DEB,D,FR,1986-02-22,FRGUI,1989-04-08,99.46,98.09,835,631,0.0044,,EA,IMP
ARIANE 1 DEB,1986-019LS,17700,DEB,D,FR,1986-02-22,FRGUI,1988-11-12,92.79,98.88,447,376,0.0857,,EA,IMP
ARIANE 1 DEB,1986-019LT,17701,DEB,D,FR,1986-02-22,FRGUI,1987-11-05,91.76,99.27,384,338,0.0400,,EA,IMP
ARIANE 1 DEB,1986-019LU,17702,DEB,,FR,1986-02-22,FRGUI,,98.88,98.03,708,703,0.0158,,EA,ORB
ARIANE 1 DEB,1986-019LV,17703,DEB,D,FR,1986-02-22,FRGUI,2001-09-16,88.60,98.32,217,194,0.0109,,EA,IMP
ARIANE 1 DEB,1986-019LW,17704,DEB,D,FR,1986-02-22,FRGUI,1990-01-18,90.97,98.51,338,307,0.0452,,EA,IMP
ARIANE 1 DEB,1986-019LX,17808,DEB,D,FR,1986-02-22,FRGUI,1988-03-01,89.21,99.18,250,221,0.0137,,EA,IMP
ARIANE 1 DEB,1986-019LY,17809,DEB,D,FR,1986-02-22,FRGUI,1989-08-27,91.61,98.56,380,327,0.0103,,EA,IMP
ARIANE 1 DEB,1986-019LZ,17810,DEB,D,FR,1986-02-22,FRGUI,1989-08-23,90.88,98.40,332,303,0.0133,,EA,IMP
ARIANE 1 DEB,1986-019MA,17811,DEB,D,FR,1986-02-22,FRGUI,1988-01-22,101.00,98.61,857,755,0.1473,,EA,IMP
ARIANE 1 DEB,1986-019MB,17812,DEB,D,FR,1986-02-22,FRGUI,1988-07-05,96.19,98.89,612,540,0.0024,,EA,IMP
ARIANE 1 DEB,1986-019MC,17813,DEB,D,FR,1986-02-22,FRGUI,1991-02-15,92.53,97.92,417,381,0.0058,,EA,IMP
ARIANE 1 DEB,1986-019MD,17814,DEB,D,FR,1986-02-22,FRGUI,1988-09-30,96.19,98.88,595,557,0.0277,,EA,IMP
ARIANE 1 DEB,1986-019ME,17815,DEB,,FR,1986-02-22,FRGUI,,99.71,98.21,762,728,0.0109,,EA,ORB
ARIANE 1 DEB,1986-019MF,17816,DEB,D,FR,1986-02-22,FRGUI,1989-03-27,96.52,98.79,607,576,0.0200,,EA,IMP
ARIANE 1 DEB,1986-019MG,17817,DEB,D,FR,1986-02-22,FRGUI,1988-08-31,96.61,99.21,654,538,0.0282,,EA,IMP
MIR DEB,1986-017C,17820,DEB,D,CIS,1986-02-19,TYMSC,1987-05-07,87.90,51.61,178,163,0.8800,,EA,IMP
MIR DEB,1986-017D,17821,DEB,D,CIS,1986-02-19,TYMSC,1987-05-06,88.28,51.60,200,179,1.1900,,EA,IMP
SL-8 DEB,1986-030C,17842,DEB,,CIS,1986-04-17,PLMSC,,99.30,74.02,737,714,0.0178,,EA,ORB
SL-8 DEB,1986-030D,17843,DEB,,CIS,1986-04-17,PLMSC,,99.27,74.03,734,714,0.0108,,EA,ORB
SL-14 DEB,1986-101K,17844,DEB,,CIS,1986-12-18,PLMSC,,102.05,82.51,870,841,0.0045,,EA,ORB
ARIANE 1 DEB,1986-019MH,17942,DEB,D,FR,1986-02-22,FRGUI,1989-04-13,91.96,98.59,389,352,0.2570,,EA,IMP
ARIANE 1 DEB,1986-019MJ,17943,DEB,D,FR,1986-02-22,FRGUI,1989-04-23,91.22,98.34,347,321,0.1500,,EA,IMP
ARIANE 1 DEB,1986-019MK,17944,DEB,D,FR,1986-02-22,FRGUI,1989-09-11,92.17,98.43,390,372,0.1210,,EA,IMP
ARIANE 1 DEB,1986-019ML,17945,DEB,D,FR,1986-02-22,FRGUI,1989-03-17,93.76,98.83,484,433,0.0500,,EA,IMP
ARIANE 1 DEB,1986-019MM,17946,DEB,D,FR,1986-02-22,FRGUI,1987-12-07,91.53,98.45,365,334,0.2400,,EA,IMP
ARIANE 1 DEB,1986-019MN,17947,DEB,D,FR,1986-02-22,FRGUI,1988-11-06,90.86,99.16,339,294,0.1400,,EA,IMP
ARIANE 1 DEB,1986-019MP,17948,DEB,D,FR,1986-02-22,FRGUI,1988-04-29,91.78,98.89,388,336,0.1483,,EA,IMP
ARIANE 1 DEB,1986-019MQ,17949,DEB,D,FR,1986-02-22,FRGUI,1988-08-14,91.04,98.76,344,306,0.2559,,EA,IMP
ARIANE 1 DEB,1986-019MR,17950,DEB,D,FR,1986-02-22,FRGUI,1990-01-29,89.55,98.16,259,246,0.0986,,EA,IMP
ARIANE 1 DEB,1986-019MS,17951,DEB,D,FR,1986-02-22,FRGUI,1988-12-11,92.12,98.97,404,353,0.1600,,EA,IMP
ARIANE 1 DEB,1986-019MT,17952,DEB,D,FR,1986-02-22,FRGUI,1989-01-07,89.73,98.69,276,246,0.1600,,EA,IMP
ARIANE 1 DEB,1986-019MU,17953,DEB,D,FR,1986-02-22,FRGUI,1989-01-05,91.95,98.89,404,336,0.1154,,EA,IMP
ARIANE 1 DEB,1986-019MV,17954,DEB,D,FR,1986-02-22,FRGUI,1988-05-04,91.75,99.03,387,334,0.1300,,EA,IMP
ARIANE 1 DEB,1986-019MW,17955,DEB,D,FR,1986-02-22,FRGUI,1988-10-15,93.69,98.77,476,434,0.2268,,EA,IMP
ARIANE 1 DEB,1986-019MX,17956,DEB,D,FR,1986-02-22,FRGUI,1989-11-11,92.31,98.51,404,372,0.0400,,EA,IMP
ARIANE 1 DEB,1986-019MY,17957,DEB,D,FR,1986-02-22,FRGUI,1989-11-02,91.93,98.67,392,346,0.0200,,EA,IMP
ARIANE 1 DEB,1986-019MZ,17958,DEB,D,FR,1986-02-22,FRGUI,1989-08-27,91.91,98.68,398,338,0.0467,,EA,IMP
ARIANE 1 DEB,1986-019NA,17959,DEB,D,FR,1986-02-22,FRGUI,1989-08-24,90.41,98.52,314,275,0.0195,,EA,IMP
ARIANE 1 DEB,1986-019NB,17960,DEB,D,FR,1986-02-22,FRGUI,1989-08-21,91.67,98.61,378,335,0.0889,,EA,IMP
ARIANE 1 DEB,1986-019NC,17961,DEB,D,FR,1986-02-22,FRGUI,1989-01-03,91.88,98.66,391,343,0.1891,,EA,IMP
ARIANE 1 DEB,1986-019ND,17977,DEB,D,FR,1986-02-22,FRGUI,1989-01-04,92.60,98.65,426,379,0.0384,,EA,IMP
ARIANE 1 DEB,1986-019NE,17978,DEB,D,FR,1986-02-22,FRGUI,1989-09-08,89.13,98.65,248,214,0.0300,,EA,IMP
ARIANE 1 DEB,1986-019NF,17979,DEB,D,FR,1986-02-22,FRGUI,1988-02-03,91.35,99.12,364,317,0.0200,,EA,IMP
ARIANE 1 DEB,1986-019NG,17980,DEB,D,FR,1986-02-22,FRGUI,1989-03-17,95.79,99.55,596,518,0.0369,,EA,IMP
ARIANE 1 DEB,1986-019NH,17981,DEB,D,FR,1986-02-22,FRGUI,2003-02-10,89.72,98.52,273,248,0.0412,,EA,IMP
ARIANE 1 DEB,1986-019NJ,17982,DEB,D,FR,1986-02-22,FRGUI,1989-03-16,94.35,98.45,502,472,0.1299,,EA,IMP
ARIANE 1 DEB,1986-019NK,17983,DEB,D,FR,1986-02-22,FRGUI,1991-05-12,90.59,97.92,316,290,0.0200,,EA,IMP
ARIANE 1 DEB,1986-019NL,17984,DEB,D,FR,1986-02-22,FRGUI,1989-04-21,91.94,98.72,396,343,0.0991,,EA,IMP
ARIANE 1 DEB,1986-019NM,17985,DEB,D,FR,1986-02-22,FRGUI,1987-10-11,96.70,99.52,725,476,0.2300,,EA,IMP
ARIANE 1 DEB,1986-019NN,17986,DEB,D,FR,1986-02-22,FRGUI,1988-11-02,95.06,98.88,545,498,0.0300,,EA,IMP
ARIANE 1 DEB,1986-019NP,17987,DEB,D,FR,1986-02-22,FRGUI,1988-11-02,92.24,98.75,408,361,0.1851,,EA,IMP
ARIANE 1 DEB,1986-019NQ,17988,DEB,D,FR,1986-02-22,FRGUI,2001-04-08,92.12,98.41,389,368,0.0302,,EA,IMP
ARIANE 1 DEB,1986-019NR,17989,DEB,D,FR,1986-02-22,FRGUI,1989-03-22,97.32,98.75,655,606,0.0500,,EA,IMP
ARIANE 1 DEB,1986-019NS,17990,DEB,D,FR,1986-02-22,FRGUI,1988-10-10,91.08,98.91,345,310,0.0208,,EA,IMP
ARIANE 1 DEB,1986-019NT,17991,DEB,D,FR,1986-02-22,FRGUI,1988-11-30,93.75,98.70,484,432,0.2186,,EA,IMP
ARIANE 1 DEB,1986-019NU,17992,DEB,D,FR,1986-02-22,FRGUI,1989-07-03,90.85,98.57,334,298,0.1100,,EA,IMP
ARIANE 1 DEB,1986-019NV,17993,DEB,D,FR,1986-02-22,FRGUI,1989-06-03,92.03,98.59,392,356,0.0600,,EA,IMP
ARIANE 1 DEB,1986-019NW,17994,DEB,D,FR,1986-02-22,FRGUI,1989-01-10,94.42,98.77,523,458,0.1600,,EA,IMP
ARIANE 1 DEB,1986-019NX,17995,DEB,D,FR,1986-02-22,FRGUI,1989-10-20,94.27,98.82,501,466,0.0300,,EA,IMP
ARIANE 1 DEB,1986-019NY,17996,DEB,D,FR,1986-02-22,FRGUI,1990-03-26,88.64,98.24,222,193,0.0400,,EA,IMP
COSMOS 1776 DEB,1986-067S,18026,DEB,D,CIS,1986-09-03,PLMSC,1988-01-13,87.91,73.97,177,166,0.2500,,EA,IMP
COSMOS 1776 DEB,1986-067T,18027,DEB,D,CIS,1986-09-03,PLMSC,1988-02-07,88.96,73.99,228,218,,,EA,IMP
ARIANE 1 DEB,1986-019NZ,18132,DEB,D,FR,1986-02-22,FRGUI,1988-02-03,93.67,99.30,495,413,0.3100,,EA,IMP
ARIANE 1 DEB,1986-019PA,18133,DEB,D,FR,1986-02-22,FRGUI,1988-11-02,92.44,98.91,421,367,0.1513,,EA,IMP
ARIANE 1 DEB,1986-019PB,18134,DEB,D,FR,1986-02-22,FRGUI,1989-02-12,92.22,98.95,413,353,0.0257,,EA,IMP
ARIANE 1 DEB,1986-019PC,18135,DEB,D,FR,1986-02-22,FRGUI,1988-10-16,92.04,98.69,401,348,0.0671,,EA,IMP
ARIANE 1 DEB,1986-019PD,18136,DEB,D,FR,1986-02-22,FRGUI,1988-10-05,95.62,98.55,573,525,0.1183,,EA,IMP
ARIANE 1 DEB,1986-019PE,18137,DEB,D,FR,1986-02-22,FRGUI,1988-11-03,92.15,98.67,395,365,0.0082,,EA,IMP
ARIANE 1 DEB,1986-019PF,18138,DEB,D,FR,1986-02-22,FRGUI,1989-03-14,92.40,98.77,414,370,0.0500,,EA,IMP
ARIANE 1 DEB,1986-019PG,18139,DEB,D,FR,1986-02-22,FRGUI,1989-01-06,94.01,98.74,495,447,0.1382,,EA,IMP
ARIANE 1 DEB,1986-019PH,18140,DEB,D,FR,1986-02-22,FRGUI,1988-10-23,92.86,98.96,435,394,0.2800,,EA,IMP
ARIANE 1 DEB,1986-019PJ,18141,DEB,D,FR,1986-02-22,FRGUI,1988-09-26,94.30,99.07,519,450,0.1599,,EA,IMP
ARIANE 1 DEB,1986-019PK,18142,DEB,D,FR,1986-02-22,FRGUI,1987-11-10,90.56,98.87,318,287,0.1100,,EA,IMP
ARIANE 1 DEB,1986-019PL,18143,DEB,D,FR,1986-02-22,FRGUI,1989-01-19,90.74,98.65,324,298,0.0468,,EA,IMP
ARIANE 1 DEB,1986-019PM,18144,DEB,D,FR,1986-02-22,FRGUI,1989-10-14,92.15,97.78,415,345,0.0200,,EA,IMP
ARIANE 1 DEB,1986-019PN,18145,DEB,D,FR,1986-02-22,FRGUI,1991-06-15,92.36,97.87,407,374,0.0069,,EA,IMP
ARIANE 1 DEB,1986-019PP,18146,DEB,D,FR,1986-02-22,FRGUI,1990-03-27,93.34,98.69,457,419,0.0489,,EA,IMP
ARIANE 1 DEB,1986-019PQ,18147,DEB,D,FR,1986-02-22,FRGUI,1989-08-14,95.54,99.23,574,516,0.0609,,EA,IMP
ARIANE 1 DEB,1986-019PR,18148,DEB,D,FR,1986-02-22,FRGUI,1989-12-12,91.12,98.59,340,319,0.0067,,EA,IMP
ARIANE 1 DEB,1986-019PS,18149,DEB,D,FR,1986-02-22,FRGUI,1988-12-14,95.48,98.72,567,517,0.0600,,EA,IMP
ARIANE 1 DEB,1986-019PT,18150,DEB,D,FR,1986-02-22,FRGUI,1990-02-20,91.98,98.71,389,354,0.0200,,EA,IMP
ARIANE 1 DEB,1986-019PU,18151,DEB,D,FR,1986-02-22,FRGUI,1989-09-19,91.88,98.59,388,346,0.0186,,EA,IMP
ARIANE 1 DEB,1986-019PV,18164,DEB,D,FR,1986-02-22,FRGUI,1989-06-26,88.74,98.58,229,195,0.0200,,EA,IMP
ARIANE 1 DEB,1986-019PW,18165,DEB,D,FR,1986-02-22,FRGUI,1987-08-29,96.02,99.67,647,489,0.1200,,EA,IMP
ARIANE 1 DEB,1986-019PX,18166,DEB,D,FR,1986-02-22,FRGUI,1989-02-26,93.29,98.86,458,413,0.2276,,EA,IMP
ARIANE 1 DEB,1986-019PY,18167,DEB,D,FR,1986-02-22,FRGUI,1989-03-21,93.27,98.79,454,416,0.0852,,EA,IMP
ARIANE 1 DEB,1986-019PZ,18168,DEB,D,FR,1986-02-22,FRGUI,1989-03-13,92.53,98.64,419,378,0.0158,,EA,IMP
ARIANE 1 DEB,1986-019QA,18169,DEB,D,FR,1986-02-22,FRGUI,1990-04-18,92.07,98.63,397,355,0.0200,,EA,IMP
ARIANE 1 DEB,1986-019QB,18170,DEB,D,FR,1986-02-22,FRGUI,1987-11-10,91.79,99.10,376,348,0.0300,,EA,IMP
ARIANE 1 DEB,1986-019QC,18171,DEB,D,FR,1986-02-22,FRGUI,1989-10-21,92.34,98.54,402,376,0.0200,,EA,IMP
ARIANE 1 DEB,1986-019QD,18172,DEB,D,FR,1986-02-22,FRGUI,1989-11-12,93.69,98.58,468,442,0.2100,,EA,IMP
ARIANE 1 DEB,1986-019QE,18173,DEB,D,FR,1986-02-22,FRGUI,1989-05-25,93.40,98.67,476,406,0.0843,,EA,IMP
ARIANE 1 DEB,1986-019QF,18174,DEB,D,FR,1986-02-22,FRGUI,1989-08-09,91.72,98.62,378,340,0.1282,,EA,IMP
ARIANE 1 DEB,1986-019QG,18175,DEB,D,FR,1986-02-22,FRGUI,1988-01-19,92.91,98.79,454,380,0.0100,,EA,IMP
ARIANE 1 DEB,1986-019QH,18176,DEB,D,FR,1986-02-22,FRGUI,1989-10-27,91.75,98.57,375,345,0.0683,,EA,IMP
ARIANE 1 DEB,1986-019QJ,18177,DEB,D,FR,1986-02-22,FRGUI,1989-10-12,91.86,98.61,376,355,0.0088,,EA,IMP
ARIANE 1 DEB,1986-019QK,18178,DEB,D,FR,1986-02-22,FRGUI,1990-03-26,90.84,97.92,338,294,0.0780,,EA,IMP
ARIANE 1 DEB,1986-019QL,18179,DEB,D,FR,1986-02-22,FRGUI,1989-01-14,94.59,98.74,517,481,0.1838,,EA,IMP
ARIANE 1 DEB,1986-019QM,18180,DEB,D,FR,1986-02-22,FRGUI,1989-07-24,91.54,98.76,377,323,0.0600,,EA,IMP
ARIANE 1 DEB,1986-019QN,18181,DEB,D,FR,1986-02-22,FRGUI,1989-07-22,93.45,98.58,456,431,0.0148,,EA,IMP
ARIANE 1 DEB,1986-019QP,18182,DEB,D,FR,1986-02-22,FRGUI,1989-01-13,95.17,98.66,560,494,0.0334,,EA,IMP
ARIANE 1 DEB,1986-019QQ,18183,DEB,D,FR,1986-02-22,FRGUI,1991-04-27,91.50,98.45,375,322,0.0028,,EA,IMP
ARIANE 1 DEB,1986-019QR,18194,DEB,D,FR,1986-02-22,FRGUI,1988-05-24,91.25,98.74,362,309,0.1482,,EA,IMP
ARIANE 1 DEB,1986-019QS,18195,DEB,D,FR,1986-02-22,FRGUI,1988-12-10,97.62,98.12,731,558,0.0985,,EA,IMP
ARIANE 1 DEB,1986-019QT,18196,DEB,D,FR,1986-02-22,FRGUI,2004-11-04,88.35,98.13,202,184,0.0111,,EA,IMP
ARIANE 1 DEB,1986-019QU,18197,DEB,D,FR,1986-02-22,FRGUI,1988-11-02,91.79,98.80,386,339,0.1122,,EA,IMP
ARIANE 1 DEB,1986-019QV,18198,DEB,D,FR,1986-02-22,FRGUI,1988-07-01,93.25,98.93,450,417,0.1227,,EA,IMP
ARIANE 1 DEB,1986-019QW,18199,DEB,D,FR,1986-02-22,FRGUI,1990-02-27,91.39,98.51,357,329,0.0159,,EA,IMP
ARIANE 1 DEB,1986-019QX,18200,DEB,D,FR,1986-02-22,FRGUI,1988-10-04,95.26,98.71,556,506,0.0251,,EA,IMP
ARIANE 1 DEB,1986-019QY,18201,DEB,D,FR,1986-02-22,FRGUI,1988-12-23,92.02,98.87,401,346,0.0268,,EA,IMP
ARIANE 1 DEB,1986-019QZ,18202,DEB,D,FR,1986-02-22,FRGUI,1989-11-11,93.75,97.92,478,439,0.0299,,EA,IMP
ARIANE 1 DEB,1986-019RA,18203,DEB,D,FR,1986-02-22,FRGUI,1989-05-07,,,,,0.0578,,EA,IMP
ARIANE 1 DEB,1986-019RB,18204,DEB,D,FR,1986-02-22,FRGUI,1987-11-22,90.70,99.00,329,289,0.0900,,EA,IMP
ARIANE 1 DEB,1986-019RC,18205,DEB,D,FR,1986-02-22,FRGUI,1988-11-24,94.70,99.34,513,496,0.1333,,EA,IMP
ARIANE 1 DEB,1986-019RD,18206,DEB,D,FR,1986-02-22,FRGUI,1990-03-31,93.45,98.19,462,425,0.0280,,EA,IMP
ARIANE 1 DEB,1986-019RE,18207,DEB,D,FR,1986-02-22,FRGUI,1989-05-20,98.29,98.71,689,665,0.0022,,EA,IMP
ARIANE 1 DEB,1986-019RF,18208,DEB,D,FR,1986-02-22,FRGUI,2000-07-25,89.24,98.46,241,233,0.0984,,EA,IMP
ARIANE 1 DEB,1986-019RG,18209,DEB,D,FR,1986-02-22,FRGUI,1988-10-24,92.04,98.74,406,344,0.0326,,EA,IMP
ARIANE 1 DEB,1986-019RH,18210,DEB,D,FR,1986-02-22,FRGUI,1989-03-09,92.51,98.27,416,379,0.0139,,EA,IMP
ARIANE 1 DEB,1986-019RJ,18211,DEB,D,FR,1986-02-22,FRGUI,1989-10-11,91.48,98.39,370,325,0.0771,,EA,IMP
ARIANE 1 DEB,1986-019RK,18212,DEB,D,FR,1986-02-22,FRGUI,2002-04-13,91.56,98.11,360,343,0.0244,,EA,IMP
ARIANE 1 DEB,1986-019RL,18213,DEB,D,FR,1986-02-22,FRGUI,1989-04-06,93.07,98.90,451,399,0.0162,,EA,IMP
ARIANE 1 DEB,1986-019RM,18228,DEB,D,FR,1986-02-22,FRGUI,1989-07-19,91.40,98.54,367,319,0.0045,,EA,IMP
VIKING DEB,1986-019RN,18231,DEB,,FR,1986-02-22,FRGUI,,260.02,98.93,13430,803,0.0890,,EA,ORB
ARIANE 1 DEB,1986-019RP,18234,DEB,D,FR,1986-02-22,FRGUI,1989-11-05,92.28,98.53,402,371,0.0182,,EA,IMP
ARIANE 1 DEB,1986-019RQ,18261,DEB,D,FR,1986-02-22,FRGUI,1989-02-19,91.72,98.80,384,334,0.0500,,EA,IMP
ARIANE 1 DEB,1986-019RR,18262,DEB,D,FR,1986-02-22,FRGUI,1989-03-21,94.35,99.42,510,464,0.0075,,EA,IMP
ARIANE 1 DEB,1986-019RS,18263,DEB,D,FR,1986-02-22,FRGUI,1989-02-18,93.71,98.65,481,432,0.0157,,EA,IMP
ARIANE 1 DEB,1986-019RT,18264,DEB,D,FR,1986-02-22,FRGUI,1988-11-14,95.74,98.80,576,532,0.0133,,EA,IMP
ARIANE 1 DEB,1986-019RU,18265,DEB,D,FR,1986-02-22,FRGUI,1989-02-12,92.27,98.73,408,363,0.0254,,EA,IMP
ARIANE 1 DEB,1986-019RV,18266,DEB,D,FR,1986-02-22,FRGUI,1988-12-11,92.75,98.65,432,387,0.0129,,EA,IMP
ARIANE 1 DEB,1986-019RW,18267,DEB,D,FR,1986-02-22,FRGUI,1989-01-05,94.37,98.78,517,459,0.0117,,EA,IMP
SL-8 DEB,1986-052F,18274,DEB,,CIS,1986-07-16,PLMSC,,97.85,74.04,673,639,0.0170,,EA,ORB
ARIANE 1 DEB,1986-019RX,18289,DEB,D,FR,1986-02-22,FRGUI,1988-10-02,94.57,98.64,519,477,0.1589,,EA,IMP
ARIANE 1 DEB,1986-019RY,18290,DEB,,FR,1986-02-22,FRGUI,,99.55,97.96,800,674,0.0141,,EA,ORB
ARIANE 1 DEB,1986-019RZ,18291,DEB,D,FR,1986-02-22,FRGUI,1988-10-23,94.33,98.86,510,462,0.0054,,EA,IMP
ARIANE 1 DEB,1986-019SA,18292,DEB,D,FR,1986-02-22,FRGUI,1988-12-10,99.19,99.42,802,638,0.0037,,EA,IMP
ARIANE 1 DEB,1986-019SB,18293,DEB,D,FR,1986-02-22,FRGUI,1989-08-15,91.66,98.94,370,342,3.9084,,EA,IMP
ARIANE 1 DEB,1986-019SC,18294,DEB,D,FR,1986-02-22,FRGUI,1989-02-04,92.23,98.83,411,356,0.0166,,EA,IMP
ARIANE 1 DEB,1986-019SD,18295,DEB,D,FR,1986-02-22,FRGUI,1989-09-09,90.49,98.76,339,258,0.0108,,EA,IMP
ARIANE 1 DEB,1986-019SE,18296,DEB,D,FR,1986-02-22,FRGUI,1989-03-10,96.28,98.70,600,561,0.0083,,EA,IMP
ARIANE 1 DEB,1986-019SF,18297,DEB,D,FR,1986-02-22,FRGUI,1991-03-26,94.19,98.61,490,468,0.0051,,EA,IMP
ARIANE 1 DEB,1986-019SG,18298,DEB,D,FR,1986-02-22,FRGUI,1989-04-19,90.36,98.84,315,270,0.0059,,EA,IMP
ARIANE 1 DEB,1986-019SH,18299,DEB,D,FR,1986-02-22,FRGUI,1989-01-07,90.20,98.71,302,266,0.0870,,EA,IMP
ARIANE 1 DEB,1986-019SJ,18300,DEB,D,FR,1986-02-22,FRGUI,1989-11-22,92.38,98.69,405,377,0.0117,,EA,IMP
COSMOS 1810 DEB,1986-102C,18345,DEB,D,CIS,1986-12-26,TYMSC,1987-09-11,89.59,64.77,331,177,0.3100,,EA,IMP
COSMOS 1810 DEB,1986-102D,18346,DEB,D,CIS,1986-12-26,TYMSC,1987-09-12,88.37,64.70,210,178,1.0000,,EA,IMP
COSMOS 1810 DEB,1986-102E,18347,DEB,D,CIS,1986-12-26,TYMSC,1987-09-12,87.75,64.70,184,142,0.3500,,EA,IMP
COSMOS 1769 DEB,1986-059C,18354,DEB,D,CIS,1986-08-04,TYMSC,1987-10-10,88.59,64.98,228,181,0.2700,,EA,IMP
COSMOS 1769 DEB,1986-059D,18382,DEB,D,CIS,1986-08-04,TYMSC,1987-12-14,88.22,64.99,198,175,0.2600,,EA,IMP
COSMOS 1769 DEB,1986-059E,18383,DEB,D,CIS,1986-08-04,TYMSC,1987-10-07,88.26,65.14,204,173,1.4400,,EA,IMP
ARIANE 1 DEB,1986-019SK,18404,DEB,D,FR,1986-02-22,FRGUI,1988-10-05,94.25,98.80,511,453,0.0200,,EA,IMP
ARIANE 1 DEB,1986-019SL,18405,DEB,D,FR,1986-02-22,FRGUI,1988-06-01,91.96,98.86,401,340,0.0165,,EA,IMP
ARIANE 1 DEB,1986-019SM,18406,DEB,D,FR,1986-02-22,FRGUI,1989-01-01,95.64,99.11,594,505,0.0300,,EA,IMP
SCOUT G-1 DEB,1986-088C,18426,DEB,,US,1986-11-14,AFWTR,,104.81,89.12,1035,936,0.0408,,EA,ORB
COSMOS 1776 DEB,1986-067U,18434,DEB,D,CIS,1986-09-03,PLMSC,1988-09-20,88.47,73.98,207,190,50.0700,,EA,IMP
COSMOS 1776 DEB,1986-067V,18435,DEB,D,CIS,1986-09-03,PLMSC,1988-09-14,88.27,73.98,196,182,0.1656,,EA,IMP
ARIANE 1 DEB,1986-019SN,18450,DEB,D,FR,1986-02-22,FRGUI,1989-02-22,92.58,99.21,441,362,0.0500,,EA,IMP
ARIANE 1 DEB,1986-019SP,18451,DEB,D,FR,1986-02-22,FRGUI,1988-12-29,95.20,98.84,543,513,0.0101,,EA,IMP
ARIANE 1 DEB,1986-019SQ,18452,DEB,D,FR,1986-02-22,FRGUI,1989-04-28,91.37,98.60,363,320,0.0124,,EA,IMP
ARIANE 1 DEB,1986-019SR,18453,DEB,D,FR,1986-02-22,FRGUI,1989-06-29,92.87,98.55,436,394,0.0200,,EA,IMP
ARIANE 1 DEB,1986-019SS,18454,DEB,D,FR,1986-02-22,FRGUI,1991-04-01,91.88,98.41,383,351,0.0091,,EA,IMP
ARIANE 1 DEB,1986-019ST,18455,DEB,D,FR,1986-02-22,FRGUI,1989-04-12,93.07,98.79,444,406,0.0597,,EA,IMP
ARIANE 1 DEB,1986-019SU,18456,DEB,D,FR,1986-02-22,FRGUI,1989-03-23,96.62,98.75,603,590,0.0400,,EA,IMP
ARIANE 1 DEB,1986-019SV,18457,DEB,D,FR,1986-02-22,FRGUI,1989-02-05,97.29,98.70,651,607,0.0069,,EA,IMP
ARIANE 1 DEB,1986-019SW,18458,DEB,D,FR,1986-02-22,FRGUI,1988-10-27,92.74,98.80,441,377,0.0307,,EA,IMP
ARIANE 1 DEB,1986-019SX,18459,DEB,D,FR,1986-02-22,FRGUI,1989-10-11,89.13,98.49,242,221,0.0300,,EA,IMP
ARIANE 1 DEB,1986-019SY,18460,DEB,D,FR,1986-02-22,FRGUI,1989-05-14,90.79,98.68,341,285,0.0253,,EA,IMP
ARIANE 1 DEB,1986-019SZ,18461,DEB,D,FR,1986-02-22,FRGUI,1999-09-22,90.65,98.47,317,296,0.0120,,EA,IMP
ARIANE 1 DEB,1986-019TA,18462,DEB,D,FR,1986-02-22,FRGUI,1989-02-24,97.67,99.40,655,639,0.0300,,EA,IMP
ARIANE 1 DEB,1986-019TB,18522,DEB,D,FR,1986-02-22,FRGUI,1988-11-26,91.43,98.86,374,316,0.0266,,EA,IMP
SCOUT G-1 DEB,1986-088D,18525,DEB,,US,1986-11-14,AFWTR,,103.86,89.92,944,939,0.0049,,EA,ORB
ARIANE 1 DEB,1986-019TC,18541,DEB,D,FR,1986-02-22,FRGUI,1989-06-30,92.72,98.50,429,386,0.1100,,EA,IMP
SL-8 DEB,1986-100C,18545,DEB,,CIS,1986-12-17,PLMSC,,101.83,82.92,856,835,0.0160,,EA,ORB
SL-8 DEB,1986-086C,18552,DEB,,CIS,1986-11-13,PLMSC,,100.97,82.91,824,785,0.0140,,EA,ORB
ARIANE 1 DEB,1986-019TD,18553,DEB,D,FR,1986-02-22,FRGUI,1989-06-03,92.18,98.51,401,362,0.0107,,EA,IMP
ARIANE 1 DEB,1986-019TE,18554,DEB,D,FR,1986-02-22,FRGUI,1988-08-01,90.93,99.04,350,291,0.2000,,EA,IMP
ARIANE 1 DEB,1986-019TF,18555,DEB,D,FR,1986-02-22,FRGUI,1988-03-19,91.46,99.50,377,315,,,EA,IMP
ARIANE 1 DEB,1986-019TG,18557,DEB,D,FR,1986-02-22,FRGUI,1989-03-10,95.18,98.31,585,470,0.0137,,EA,IMP
ARIANE 1 DEB,1986-019TH,18558,DEB,D,FR,1986-02-22,FRGUI,1989-05-19,92.41,98.98,415,371,0.0093,,EA,IMP
ARIANE 1 DEB,1986-019TJ,18559,DEB,D,FR,1986-02-22,FRGUI,1989-01-20,94.15,98.82,492,463,0.0878,,EA,IMP
ARIANE 1 DEB,1986-019TK,18563,DEB,D,FR,1986-02-22,FRGUI,1988-09-26,91.80,98.77,386,340,0.2457,,EA,IMP
ARIANE 1 DEB,1986-019TL,18607,DEB,D,FR,1986-02-22,FRGUI,1989-03-25,97.30,98.86,654,604,0.0060,,EA,IMP
ARIANE 1 DEB,1986-019TM,18611,DEB,D,FR,1986-02-22,FRGUI,1991-05-11,92.44,98.62,415,373,0.0098,,EA,IMP
ARIANE 1 DEB,1986-019TN,18614,DEB,D,FR,1986-02-22,FRGUI,1990-07-04,100.65,98.61,822,757,0.1400,,EA,IMP
ARIANE 1 DEB,1986-019TP,18642,DEB,D,FR,1986-02-22,FRGUI,1991-05-28,90.69,98.61,324,292,0.0061,,EA,IMP
ARIANE 1 DEB,1986-019TQ,18674,DEB,D,FR,1986-02-22,FRGUI,1990-03-06,92.34,98.41,406,373,0.0200,,EA,IMP
ARIANE 1 DEB,1986-019TR,18676,DEB,D,FR,1986-02-22,FRGUI,1990-07-16,92.66,97.96,434,376,0.0076,,EA,IMP
SL-14 DEB,1986-101L,18680,DEB,,CIS,1986-12-18,PLMSC,,102.08,82.55,867,847,0.0147,,EA,ORB
ARIANE 1 DEB,1986-019TS,18683,DEB,D,FR,1986-02-22,FRGUI,1989-01-17,94.09,98.44,486,463,0.0114,,EA,IMP
ARIANE 1 DEB,1986-019TT,18684,DEB,D,FR,1986-02-22,FRGUI,1990-03-22,93.16,98.92,441,417,0.0300,,EA,IMP
ARIANE 1 DEB,1986-019TU,18685,DEB,D,FR,1986-02-22,FRGUI,1988-12-04,92.72,98.71,427,389,0.0082,,EA,IMP
ARIANE 1 DEB,1986-019TV,18774,DEB,D,FR,1986-02-22,FRGUI,1989-04-02,92.95,98.53,437,401,0.0065,,EA,IMP
ARIANE 1 DEB,1986-019TW,18778,DEB,D,FR,1986-02-22,FRGUI,1989-09-19,93.06,98.56,443,406,0.0071,,EA,IMP
ARIANE 1 DEB,1986-019TX,18780,DEB,D,FR,1986-02-22,FRGUI,1989-05-19,92.92,98.69,434,401,0.0238,,EA,IMP
ARIANE 1 DEB,1986-019TY,18781,DEB,D,FR,1986-02-22,FRGUI,1989-02-21,93.82,99.06,491,431,0.0056,,EA,IMP
ARIANE 1 DEB,1986-019TZ,18782,DEB,D,FR,1986-02-22,FRGUI,1989-01-31,100.45,98.70,804,756,0.0084,,EA,IMP
ARIANE 1 DEB,1986-019UA,18787,DEB,D,FR,1986-02-22,FRGUI,1989-04-18,94.53,98.90,552,440,0.0061,,EA,IMP
ARIANE 1 DEB,1986-019UB,18813,DEB,D,FR,1986-02-22,FRGUI,1988-12-02,96.31,99.02,615,549,0.0052,,EA,IMP
ARIANE 1 DEB,1986-019UC,18817,DEB,D,FR,1986-02-22,FRGUI,1988-09-18,94.94,98.43,557,474,0.0273,,EA,IMP
COSMOS 1776 DEB,1986-067W,18855,DEB,D,CIS,1986-09-03,PLMSC,1988-05-28,90.34,74.05,311,271,0.2207,,EA,IMP
COSMOS 1776 DEB,1986-067X,18856,DEB,D,CIS,1986-09-03,PLMSC,1988-06-13,88.67,73.94,218,199,0.1871,,EA,IMP
ARIANE 1 DEB,1986-019UD,18865,DEB,D,FR,1986-02-22,FRGUI,1989-11-13,93.82,98.59,476,447,0.0074,,EA,IMP
MIR DEB,1986-017E,18885,DEB,D,CIS,1986-02-19,TYMSC,1988-03-08,89.24,51.61,266,208,0.3100,,EA,IMP
MIR DEB,1986-017F,18886,DEB,D,CIS,1986-02-19,TYMSC,1988-03-21,88.27,51.62,191,186,0.1000,,EA,IMP
MIR DEB,1986-017G,18887,DEB,D,CIS,1986-02-19,TYMSC,1988-03-02,89.94,51.60,282,261,0.3100,,EA,IMP
MIR DEB,1986-017H,18889,DEB,D,CIS,1986-02-19,TYMSC,1988-03-05,88.59,51.64,220,189,0.3900,,EA,IMP
ARIANE 1 DEB,1986-019UE,18903,DEB,D,FR,1986-02-22,FRGUI,1989-03-26,93.50,98.60,459,432,0.0068,,EA,IMP
ARIANE 1 DEB,1986-019UF,18905,DEB,D,FR,1986-02-22,FRGUI,1989-09-04,92.09,98.57,399,354,0.0061,,EA,IMP
ARIANE 1 DEB,1986-019UG,18914,DEB,D,FR,1986-02-22,FRGUI,1989-05-30,92.88,98.63,445,386,0.1465,,EA,IMP
ARIANE 1 DEB,1986-019UH,19007,DEB,D,FR,1986-02-22,FRGUI,1988-10-28,95.52,98.68,588,499,0.0900,,EA,IMP
ARIANE 1 DEB,1986-019UJ,19009,DEB,D,FR,1986-02-22,FRGUI,1989-08-13,92.11,98.56,400,356,0.0151,,EA,IMP
ARIANE 1 DEB,1986-019UK,19034,DEB,D,FR,1986-02-22,FRGUI,1989-03-02,99.07,98.66,729,700,0.0355,,EA,IMP
ARIANE 1 DEB,1986-019UL,19050,DEB,D,FR,1986-02-22,FRGUI,1989-08-26,94.12,99.01,488,464,0.0064,,EA,IMP
ARIANE 1 DEB,1986-019UM,19107,DEB,D,FR,1986-02-22,FRGUI,1991-05-02,92.13,99.10,404,354,0.0096,,EA,IMP
ARIANE 1 DEB,1986-019UN,19158,DEB,D,FR,1986-02-22,FRGUI,1989-12-18,93.01,98.63,443,401,0.0062,,EA,IMP
ARIANE 1 DEB,1986-019UP,19237,DEB,D,FR,1986-02-22,FRGUI,1988-11-26,92.31,97.85,402,373,1.0000,,EA,IMP
ARIANE 1 DEB,1986-019UQ,19240,DEB,D,FR,1986-02-22,FRGUI,1988-11-24,95.97,98.94,610,521,0.0093,,EA,IMP
ARIANE 1 DEB,1986-019UR,19246,DEB,D,FR,1986-02-22,FRGUI,1989-11-01,92.43,98.55,403,384,0.0087,,EA,IMP
MIR DEB,1986-017J,19271,DEB,D,CIS,1986-02-19,TYMSC,1988-08-10,88.84,51.60,224,210,0.0086,,EA,IMP
MIR DEB,1986-017K,19272,DEB,D,CIS,1986-02-19,TYMSC,1988-08-25,89.31,51.60,254,227,,,EA,IMP
ARIANE 1 DEB,1986-019US,19307,DEB,D,FR,1986-02-22,FRGUI,1990-03-09,92.87,97.93,450,381,0.0076,,EA,IMP
ARIANE 1 DEB,1986-019UT,19312,DEB,D,FR,1986-02-22,FRGUI,1989-06-23,100.47,98.50,828,734,0.4194,,EA,IMP
ARIANE 1 DEB,1986-019UU,19313,DEB,D,FR,1986-02-22,FRGUI,1989-04-30,90.38,98.57,321,265,0.3000,,EA,IMP
ARIANE 1 DEB,1986-019UV,19315,DEB,D,FR,1986-02-22,FRGUI,1989-08-06,101.41,98.77,861,790,0.0066,,EA,IMP
ARIANE 1 DEB,1986-019UW,19356,DEB,D,FR,1986-02-22,FRGUI,1990-09-02,91.06,98.27,340,313,0.0398,,EA,IMP
ARIANE 1 DEB,1986-019UX,19357,DEB,D,FR,1986-02-22,FRGUI,1990-04-22,95.76,97.97,596,515,1.0000,,EA,IMP
COSMOS 1776 DEB,1986-067Y,19375,DEB,D,CIS,1986-09-03,PLMSC,1988-10-18,90.13,74.01,288,274,0.2400,,EA,IMP
COSMOS 1776 DEB,1986-067Z,19376,DEB,D,CIS,1986-09-03,PLMSC,1988-10-01,90.59,73.98,315,292,0.2300,,EA,IMP
MIR DEB,1986-017L,19386,DEB,D,CIS,1986-02-19,TYMSC,1988-11-06,88.37,51.60,200,188,0.1613,,EA,IMP
MIR DEB,1986-017M,19387,DEB,D,CIS,1986-02-19,TYMSC,1988-09-24,88.12,51.61,185,178,0.3198,,EA,IMP
ARIANE 1 DEB,1986-019UY,19395,DEB,D,FR,1986-02-22,FRGUI,1989-06-07,99.61,98.62,758,722,0.0067,,EA,IMP
MIR DEB,1986-017N,19408,DEB,D,CIS,1986-02-19,TYMSC,1988-10-16,89.57,51.61,265,241,0.1000,,EA,IMP
MIR DEB,1986-017P,19409,DEB,D,CIS,1986-02-19,TYMSC,1988-10-31,87.86,51.59,174,163,0.0800,,EA,IMP
COSMOS 1776 DEB,1986-067AA,19410,DEB,D,CIS,1986-09-03,PLMSC,1988-10-20,89.69,74.02,266,252,0.1900,,EA,IMP
COSMOS 1776 DEB,1986-067AB,19411,DEB,D,CIS,1986-09-03,PLMSC,1988-10-10,89.62,73.99,261,250,0.2200,,EA,IMP
COSMOS 1782 DEB,1986-074C,19432,DEB,D,CIS,1986-09-30,PLMSC,1989-03-13,96.33,82.74,624,542,0.3100,,EA,IMP
ARIANE 1 DEB,1986-019UZ,19435,DEB,D,FR,1986-02-22,FRGUI,2000-04-18,91.13,98.45,338,321,0.0035,,EA,IMP
MIR DEB,1986-017Q,19442,DEB,D,CIS,1986-02-19,TYMSC,1988-10-05,87.87,51.60,172,167,0.2900,,EA,IMP
ARIANE 1 DEB,1986-019VA,19477,DEB,D,FR,1986-02-22,FRGUI,1989-01-04,100.51,99.55,977,589,,,EA,IMP
ARIANE 1 DEB,1986-019VB,19510,DEB,D,FR,1986-02-22,FRGUI,1991-10-25,91.97,98.02,383,360,0.0004,,EA,IMP
ARIANE 1 DEB,1986-019VC,19513,DEB,D,FR,1986-02-22,FRGUI,1989-09-11,95.95,98.39,567,562,0.0900,,EA,IMP
MIR DEB,1986-017R,19533,DEB,D,CIS,1986-02-19,TYMSC,1988-10-02,91.28,51.61,347,328,0.4500,,EA,IMP
MIR DEB,1986-017S,19536,DEB,D,CIS,1986-02-19,TYMSC,1988-11-09,88.38,51.60,202,187,0.0757,,EA,IMP
MIR DEB,1986-017T,19538,DEB,D,CIS,1986-02-19,TYMSC,1988-10-17,88.72,51.60,219,204,0.5500,,EA,IMP
MIR DEB,1986-017U,19539,DEB,D,CIS,1986-02-19,TYMSC,1988-10-01,91.24,51.61,345,327,0.2900,,EA,IMP
MIR DEB,1986-017V,19540,DEB,D,CIS,1986-02-19,TYMSC,1988-10-23,88.36,51.60,202,184,,,EA,IMP
COSMOS 1776 DEB,1986-067AC,19545,DEB,D,CIS,1986-09-03,PLMSC,1988-11-08,91.59,74.01,369,336,0.1584,,EA,IMP
COSMOS 1776 DEB,1986-067AD,19546,DEB,D,CIS,1986-09-03,PLMSC,1988-10-31,89.19,74.00,246,223,0.1666,,EA,IMP
MIR DEB,1986-017W,19568,DEB,D,CIS,1986-02-19,TYMSC,1988-10-22,88.57,51.60,210,197,0.1891,,EA,IMP
MIR DEB,1986-017X,19569,DEB,D,CIS,1986-02-19,TYMSC,1988-10-22,88.55,51.60,217,188,,,EA,IMP
MIR DEB,1986-017Y,19570,DEB,D,CIS,1986-02-19,TYMSC,1988-10-19,89.22,51.61,245,226,,,EA,IMP
MIR DEB,1986-017Z,19571,DEB,D,CIS,1986-02-19,TYMSC,1988-10-20,88.43,51.60,204,189,,,EA,IMP
MIR DEB,1986-017AA,19584,DEB,D,CIS,1986-02-19,TYMSC,1988-11-05,88.33,51.60,194,190,0.2184,,EA,IMP
MIR DEB,1986-017AB,19585,DEB,D,CIS,1986-02-19,TYMSC,1988-11-26,87.73,51.60,164,160,,,EA,IMP
MIR DEB,1986-017AC,19586,DEB,D,CIS,1986-02-19,TYMSC,1988-11-08,89.54,51.61,262,242,0.2575,,EA,IMP
MIR DEB,1986-017AD,19587,DEB,D,CIS,1986-02-19,TYMSC,1988-11-04,89.32,51.61,250,232,0.1860,,EA,IMP
MIR DEB,1986-017AE,19588,DEB,D,CIS,1986-02-19,TYMSC,1988-11-05,88.52,51.61,287,115,,,EA,IMP
MIR DEB,1986-017AF,19604,DEB,D,CIS,1986-02-19,TYMSC,1988-11-10,88.70,51.60,216,205,0.0979,,EA,IMP
MIR DEB,1986-017AG,19605,DEB,D,CIS,1986-02-19,TYMSC,1988-11-06,87.83,51.65,212,122,0.0600,,EA,IMP
MIR DEB,1986-017AH,19606,DEB,D,CIS,1986-02-19,TYMSC,1989-01-05,88.37,51.61,206,182,1.3549,,EA,IMP
MIR DEB,1986-017AJ,19607,DEB,D,CIS,1986-02-19,TYMSC,1989-02-22,88.06,51.61,184,174,0.4200,,EA,IMP
MIR DEB,1986-017AK,19618,DEB,D,CIS,1986-02-19,TYMSC,1988-12-07,89.68,51.61,265,252,,,EA,IMP
MIR DEB,1986-017AL,19619,DEB,D,CIS,1986-02-19,TYMSC,1988-12-08,87.60,51.63,162,149,,,EA,IMP
MIR DEB,1986-017AM,19620,DEB,D,CIS,1986-02-19,TYMSC,1988-11-06,89.27,51.61,245,232,0.3018,,EA,IMP
MIR DEB,1986-017AN,19624,DEB,D,CIS,1986-02-19,TYMSC,1988-11-06,88.44,51.60,202,193,0.3605,,EA,IMP
MIR DEB,1986-017AP,19632,DEB,D,CIS,1986-02-19,TYMSC,1988-12-23,86.89,51.59,121,119,,,EA,IMP
MIR DEB,1986-017AQ,19633,DEB,D,CIS,1986-02-19,TYMSC,1988-12-18,87.98,51.60,181,167,,,EA,IMP
MIR DEB,1986-017AR,19634,DEB,D,CIS,1986-02-19,TYMSC,1988-12-25,88.24,51.60,190,185,,,EA,IMP
MIR DEB,1986-017AS,19635,DEB,D,CIS,1986-02-19,TYMSC,1988-12-03,88.32,51.58,197,186,0.1000,,EA,IMP
MIR DEB,1986-017AT,19636,DEB,D,CIS,1986-02-19,TYMSC,1988-12-05,88.07,51.60,188,170,,,EA,IMP
ARIANE 1 DEB,1986-019VD,19642,DEB,D,FR,1986-02-22,FRGUI,1989-04-11,95.01,98.74,580,458,,,EA,IMP
MIR DEB,1986-017AU,19680,DEB,D,CIS,1986-02-19,TYMSC,1988-12-22,87.34,51.60,145,140,,,EA,IMP
MIR DEB,1986-017AV,19681,DEB,D,CIS,1986-02-19,TYMSC,1988-12-28,90.99,51.61,334,313,0.9500,,EA,IMP
MIR DEB,1986-017AW,19682,DEB,D,CIS,1986-02-19,TYMSC,1988-12-23,88.21,51.60,191,181,,,EA,IMP
MIR DEB,1986-017AX,19692,DEB,D,CIS,1986-02-19,TYMSC,1988-12-19,88.69,51.61,216,203,,,EA,IMP
MIR DEB,1986-017AY,19693,DEB,D,CIS,1986-02-19,TYMSC,1988-12-24,88.80,51.61,221,209,0.1000,,EA,IMP
MIR DEB,1986-017AZ,19700,DEB,D,CIS,1986-02-19,TYMSC,1989-01-19,87.93,51.66,177,166,0.1500,,EA,IMP
MIR DEB,1986-017BA,19701,DEB,D,CIS,1986-02-19,TYMSC,1988-12-28,91.05,51.62,339,314,0.0700,,EA,IMP
MIR DEB,1986-017BB,19702,DEB,D,CIS,1986-02-19,TYMSC,1989-01-27,91.17,51.71,473,192,0.0900,,EA,IMP
MIR DEB,1986-017BC,19703,DEB,D,CIS,1986-02-19,TYMSC,1988-12-22,88.18,51.60,187,182,0.7900,,EA,IMP
MIR DEB,1986-017BD,19704,DEB,D,CIS,1986-02-19,TYMSC,1989-02-28,87.77,51.59,167,161,0.0200,,EA,IMP
MIR DEB,1986-017BE,19707,DEB,D,CIS,1986-02-19,TYMSC,1989-01-23,88.93,51.61,228,215,0.0300,,EA,IMP
MIR DEB,1986-017BF,19708,DEB,D,CIS,1986-02-19,TYMSC,1989-01-20,88.53,51.61,207,196,0.0700,,EA,IMP
MIR DEB,1986-017BG,19736,DEB,D,CIS,1986-02-19,TYMSC,1989-02-22,88.57,51.60,205,202,0.3100,,EA,IMP
MIR DEB,1986-017BH,19737,DEB,D,CIS,1986-02-19,TYMSC,1989-02-01,88.42,51.60,201,191,0.1200,,EA,IMP
MIR DEB,1986-017BJ,19738,DEB,D,CIS,1986-02-19,TYMSC,1989-01-22,88.37,51.60,201,186,0.3600,,EA,IMP
MIR DEB,1986-017BK,19739,DEB,D,CIS,1986-02-19,TYMSC,1989-01-17,88.81,51.61,219,212,0.0700,,EA,IMP
MIR DEB,1986-017BL,19740,DEB,D,CIS,1986-02-19,TYMSC,1989-03-03,87.39,51.61,148,143,0.2300,,EA,IMP
MIR DEB,1986-017BM,19741,DEB,D,CIS,1986-02-19,TYMSC,1989-01-25,87.83,51.60,168,166,0.0200,,EA,IMP
MIR DEB,1986-017BN,19743,DEB,D,CIS,1986-02-19,TYMSC,1989-03-22,87.88,51.60,169,169,1.0000,,EA,IMP
MIR DEB,1986-017BP,19744,DEB,D,CIS,1986-02-19,TYMSC,1989-03-05,87.74,51.60,165,160,0.2100,,EA,IMP
MIR DEB,1986-017BQ,19745,DEB,D,CIS,1986-02-19,TYMSC,1989-03-05,87.36,51.60,145,142,0.2400,,EA,IMP
MIR DEB,1986-017BR,19746,DEB,D,CIS,1986-02-19,TYMSC,1989-03-05,88.08,51.61,181,178,0.2100,,EA,IMP
MIR DEB,1986-017BS,19747,DEB,D,CIS,1986-02-19,TYMSC,1989-02-11,88.16,51.60,187,181,0.3300,,EA,IMP
ARIANE 1 DEB,1986-019VE,19812,DEB,D,FR,1986-02-22,FRGUI,1991-02-11,90.00,98.44,292,257,0.0044,,EA,IMP
MIR DEB,1986-017BT,19816,DEB,D,CIS,1986-02-19,TYMSC,1989-03-06,87.65,51.60,158,158,0.2100,,EA,IMP
ARIANE 1 DEB,1986-019VF,19855,DEB,D,FR,1986-02-22,FRGUI,1989-03-16,94.32,98.69,488,483,,,EA,IMP
ARIANE 1 DEB,1986-019VG,19887,DEB,D,FR,1986-02-22,FRGUI,1989-05-06,92.96,98.42,436,403,0.0400,,EA,IMP
ARIANE 1 DEB,1986-019VH,19892,DEB,D,FR,1986-02-22,FRGUI,1989-07-22,91.24,98.53,357,314,0.1100,,EA,IMP
ARIANE 1 DEB,1986-019VJ,19966,DEB,D,FR,1986-02-22,FRGUI,1989-07-06,93.17,98.56,449,411,0.0100,,EA,IMP
ARIANE 1 DEB,1986-019VK,19999,DEB,D,FR,1986-02-22,FRGUI,1989-09-25,96.56,98.71,616,572,,,EA,IMP
ARIANE 1 DEB,1986-019VL,20050,DEB,D,FR,1986-02-22,FRGUI,1990-04-09,96.93,97.75,645,578,,,EA,IMP
ARIANE 1 DEB,1986-019VM,20173,DEB,D,FR,1986-02-22,FRGUI,1990-07-25,92.76,98.60,429,390,0.0073,,EA,IMP
COSMOS 1776 DEB,1986-067AE,20272,DEB,D,CIS,1986-09-03,PLMSC,1989-10-05,89.85,73.99,279,255,2.4500,,EA,IMP
COSMOS 1776 DEB,1986-067AF,20273,DEB,D,CIS,1986-09-03,PLMSC,1989-10-05,89.51,73.99,261,240,0.1500,,EA,IMP
MIR DEB,1986-017BY,20407,DEB,D,CIS,1986-02-19,TYMSC,1990-06-27,88.36,51.60,199,187,0.8100,,EA,IMP
MIR DEB,1986-017BU,20414,DEB,D,CIS,1986-02-19,TYMSC,1990-01-24,88.55,51.60,206,200,0.5100,,EA,IMP
MIR DEB,1986-017BV,20415,DEB,D,CIS,1986-02-19,TYMSC,1990-03-15,88.95,51.60,227,218,0.1500,,EA,IMP
MIR DEB,1986-017BW,20416,DEB,D,CIS,1986-02-19,TYMSC,1990-03-04,88.27,51.60,197,181,0.4400,,EA,IMP
MIR DEB,1986-017BX,20417,DEB,D,CIS,1986-02-19,TYMSC,1990-02-07,88.69,51.60,222,198,,,EA,IMP
MIR DEB,1986-017BZ,20418,DEB,D,CIS,1986-02-19,TYMSC,1990-03-04,87.79,51.61,168,162,0.2600,,EA,IMP
MIR DEB,1986-017CA,20419,DEB,D,CIS,1986-02-19,TYMSC,1990-03-01,87.96,51.60,181,166,0.4200,,EA,IMP
MIR DEB,1986-017CB,20420,DEB,D,CIS,1986-02-19,TYMSC,1990-02-11,88.27,51.59,195,183,0.5700,,EA,IMP
MIR DEB,1986-017CC,20421,DEB,D,CIS,1986-02-19,TYMSC,1990-01-31,88.74,51.65,217,207,0.1300,,EA,IMP
MIR DEB,1986-017CD,20459,DEB,D,CIS,1986-02-19,TYMSC,1990-02-08,89.01,51.61,232,219,0.8000,,EA,IMP
MIR DEB,1986-017CE,20460,DEB,D,CIS,1986-02-19,TYMSC,1990-03-08,88.12,51.59,183,180,0.8000,,EA,IMP
MIR DEB,1986-017CF,20461,DEB,D,CIS,1986-02-19,TYMSC,1990-01-28,91.26,51.61,347,326,0.2500,,EA,IMP
MIR DEB,1986-017CG,20472,DEB,D,CIS,1986-02-19,TYMSC,1990-02-03,91.83,51.63,375,354,,,EA,IMP
MIR DEB,1986-017CH,20475,DEB,D,CIS,1986-02-19,TYMSC,1990-02-07,91.65,51.62,359,352,,,EA,IMP
MIR DEB,1986-017CJ,20689,DEB,D,CIS,1986-02-19,TYMSC,1990-09-27,89.02,51.59,232,221,0.0400,,EA,IMP
MIR DEB,1986-017CK,20690,DEB,D,CIS,1986-02-19,TYMSC,1990-08-03,90.16,51.57,291,273,0.2300,,EA,IMP
MIR DEB,1986-017CL,20699,DEB,D,CIS,1986-02-19,TYMSC,1990-08-21,89.24,51.60,249,224,,,EA,IMP
MIR DEB,1986-017CM,20700,DEB,D,CIS,1986-02-19,TYMSC,1990-08-21,88.70,51.59,217,203,0.1800,,EA,IMP
MIR DEB,1986-017CN,20701,DEB,D,CIS,1986-02-19,TYMSC,1990-08-03,89.99,51.60,286,262,,,EA,IMP
MIR DEB,1986-017CP,20719,DEB,D,CIS,1986-02-19,TYMSC,1990-09-19,88.56,51.59,206,200,0.2100,,EA,IMP
MIR DEB,1986-017CQ,20917,DEB,D,CIS,1986-02-19,TYMSC,1990-10-31,91.85,51.60,376,354,,,EA,IMP
MIR DEB,1986-017CR,20921,DEB,D,CIS,1986-02-19,TYMSC,1990-11-09,89.81,51.60,272,258,,,EA,IMP
MIR DEB,1986-017CS,20922,DEB,D,CIS,1986-02-19,TYMSC,1990-11-08,90.64,51.60,312,299,,,EA,IMP
MIR DEB,1986-017CT,21050,DEB,D,CIS,1986-02-19,TYMSC,1991-02-04,89.59,51.60,267,241,0.1300,,EA,IMP
MIR DEB,1986-017CU,21051,DEB,D,CIS,1986-02-19,TYMSC,1991-02-05,89.93,51.59,284,258,0.0200,,EA,IMP
MIR DEB,1986-017CV,21082,DEB,D,CIS,1986-02-19,TYMSC,1991-03-18,88.27,51.59,190,188,0.2800,,EA,IMP
MIR DEB,1986-017CW,21084,DEB,D,CIS,1986-02-19,TYMSC,1991-03-05,88.39,51.60,198,192,1.2500,,EA,IMP
MIR DEB,1986-017CX,21085,DEB,D,CIS,1986-02-19,TYMSC,1991-03-01,88.60,51.61,210,201,0.0900,,EA,IMP
MIR DEB,1986-017CY,21086,DEB,D,CIS,1986-02-19,TYMSC,1991-02-24,88.43,51.61,320,73,0.3900,,EA,IMP
MIR DEB,1986-017CZ,21235,DEB,D,CIS,1986-02-19,TYMSC,1991-08-25,88.78,51.60,219,209,0.2100,,EA,IMP
MIR DEB,1986-017DA,21236,DEB,D,CIS,1986-02-19,TYMSC,1991-06-24,88.24,51.59,197,178,0.0400,,EA,IMP
MIR DEB,1986-017DB,21237,DEB,D,CIS,1986-02-19,TYMSC,1991-06-15,88.76,51.59,223,203,0.0500,,EA,IMP
MIR DEB,1986-017DC,21238,DEB,D,CIS,1986-02-19,TYMSC,1991-06-07,89.19,51.61,244,225,0.0565,,EA,IMP
MIR DEB,1986-017DD,21239,DEB,D,CIS,1986-02-19,TYMSC,1991-06-25,88.44,51.60,202,192,0.0472,,EA,IMP
MIR DEB,1986-017DE,21240,DEB,D,CIS,1986-02-19,TYMSC,1991-11-11,88.00,51.58,176,174,0.3300,,EA,IMP
MIR DEB,1986-017DF,21241,DEB,D,CIS,1986-02-19,TYMSC,1991-06-09,88.74,51.60,223,201,0.1196,,EA,IMP
MIR DEB,1986-017DG,21243,DEB,D,CIS,1986-02-19,TYMSC,1991-06-07,88.72,51.60,222,200,0.1600,,EA,IMP
MIR DEB,1986-017DH,21248,DEB,D,CIS,1986-02-19,TYMSC,1991-08-21,87.70,51.57,164,156,0.7160,,EA,IMP
MIR DEB,1986-017DJ,21409,DEB,D,CIS,1986-02-19,TYMSC,1991-07-24,88.55,51.60,227,179,0.1200,,EA,IMP
MIR DEB,1986-017DK,21410,DEB,D,CIS,1986-02-19,TYMSC,1991-07-14,90.97,51.61,340,304,0.1000,,EA,IMP
MIR DEB,1986-017DL,21411,DEB,D,CIS,1986-02-19,TYMSC,1991-08-24,88.83,51.59,221,212,0.0700,,EA,IMP
MIR DEB,1986-017DM,21412,DEB,D,CIS,1986-02-19,TYMSC,1991-08-11,89.00,51.59,231,220,0.0400,,EA,IMP
MIR DEB,1986-017DN,21413,DEB,D,CIS,1986-02-19,TYMSC,1991-08-28,87.93,51.59,172,172,0.1000,,EA,IMP
MIR DEB,1986-017DP,21414,DEB,D,CIS,1986-02-19,TYMSC,1991-10-20,88.04,51.58,181,174,0.0861,,EA,IMP
MIR DEB,1986-017DQ,21415,DEB,D,CIS,1986-02-19,TYMSC,1991-09-02,88.54,51.58,205,199,0.0700,,EA,IMP
MIR DEB,1986-017DR,21416,DEB,D,CIS,1986-02-19,TYMSC,1991-08-14,91.37,51.48,357,327,0.1400,,EA,IMP
MIR DEB,1986-017DS,21417,DEB,D,CIS,1986-02-19,TYMSC,1991-10-30,87.10,51.58,142,119,0.1818,,EA,IMP
MIR DEB,1986-017DT,21421,DEB,D,CIS,1986-02-19,TYMSC,1991-08-08,88.18,51.59,193,176,0.0200,,EA,IMP
MIR DEB,1986-017DU,21424,DEB,D,CIS,1986-02-19,TYMSC,1991-07-11,88.06,51.55,184,173,0.4700,,EA,IMP
MIR DEB,1986-017DV,21425,DEB,D,CIS,1986-02-19,TYMSC,1991-10-18,88.12,51.58,186,177,0.0570,,EA,IMP
MIR DEB,1986-017DW,21476,DEB,D,CIS,1986-02-19,TYMSC,1991-09-08,87.78,51.58,165,164,0.1900,,EA,IMP
MIR DEB,1986-017DX,21477,DEB,D,CIS,1986-02-19,TYMSC,1991-08-12,88.55,51.59,214,192,0.1500,,EA,IMP
MIR DEB,1986-017DY,21478,DEB,D,CIS,1986-02-19,TYMSC,1991-08-19,88.40,51.59,200,190,0.1200,,EA,IMP
MIR DEB,1986-017DZ,21481,DEB,D,CIS,1986-02-19,TYMSC,1991-12-16,90.11,51.59,286,274,0.1500,,EA,IMP
MIR DEB,1986-017EA,21482,DEB,D,CIS,1986-02-19,TYMSC,1992-01-07,87.61,51.61,156,156,0.1500,,EA,IMP
MIR DEB,1986-017EB,21483,DEB,D,CIS,1986-02-19,TYMSC,1991-09-13,88.52,51.58,203,199,0.0600,,EA,IMP
MIR DEB,1986-017EC,21484,DEB,D,CIS,1986-02-19,TYMSC,1991-07-12,88.42,51.60,207,186,0.2500,,EA,IMP
MIR DEB,1986-017ED,21486,DEB,D,CIS,1986-02-19,TYMSC,1991-08-05,89.31,51.60,249,232,0.1900,,EA,IMP
MIR DEB,1986-017EE,21487,DEB,D,CIS,1986-02-19,TYMSC,1991-07-06,88.91,51.58,223,219,0.1900,,EA,IMP
MIR DEB,1986-017EF,21488,DEB,D,CIS,1986-02-19,TYMSC,1992-04-11,88.47,51.59,203,195,0.2300,,EA,IMP
MIR DEB,1986-017EG,21489,DEB,D,CIS,1986-02-19,TYMSC,1991-09-23,88.30,51.60,196,185,0.7600,,EA,IMP
MIR DEB,1986-017EH,21490,DEB,D,CIS,1986-02-19,TYMSC,1991-09-15,87.36,51.59,146,141,0.4700,,EA,IMP
MIR DEB,1986-017EJ,21526,DEB,D,CIS,1986-02-19,TYMSC,1992-04-05,87.26,51.57,142,135,0.0700,,EA,IMP
MIR DEB,1986-017EK,21530,DEB,D,CIS,1986-02-19,TYMSC,1991-09-01,87.83,51.56,169,165,0.5100,,EA,IMP
MIR DEB,1986-017EL,21531,DEB,D,CIS,1986-02-19,TYMSC,1991-09-09,88.45,51.58,201,194,0.5900,,EA,IMP
MIR DEB,1986-017EM,21556,DEB,D,CIS,1986-02-19,TYMSC,1991-09-20,89.22,51.59,240,232,0.2300,,EA,IMP
MIR DEB,1986-017EN,21557,DEB,D,CIS,1986-02-19,TYMSC,1991-08-14,88.67,51.58,215,202,0.2800,,EA,IMP
MIR DEB,1986-017EP,21571,DEB,D,CIS,1986-02-19,TYMSC,1991-09-11,88.40,51.58,198,193,0.2600,,EA,IMP
MIR DEB,1986-017EQ,21572,DEB,D,CIS,1986-02-19,TYMSC,1991-08-27,88.60,51.59,209,201,0.1800,,EA,IMP
MIR DEB,1986-017ER,21573,DEB,D,CIS,1986-02-19,TYMSC,1991-09-06,89.03,51.59,232,221,0.1400,,EA,IMP
MIR DEB,1986-017ES,21579,DEB,D,CIS,1986-02-19,TYMSC,1991-08-28,89.75,51.59,269,255,0.0500,,EA,IMP
MIR DEB,1986-017ET,21595,DEB,D,CIS,1986-02-19,TYMSC,1991-09-07,88.41,51.58,207,184,0.0700,,EA,IMP
MIR DEB,1986-017EU,21596,DEB,D,CIS,1986-02-19,TYMSC,1991-08-31,87.68,51.57,161,158,0.0600,,EA,IMP
MIR DEB,1986-017EV,21603,DEB,D,CIS,1986-02-19,TYMSC,1991-10-05,88.81,51.59,222,210,0.5000,,EA,IMP
MIR DEB,1986-017EW,21618,DEB,D,CIS,1986-02-19,TYMSC,1991-08-15,89.06,51.60,248,208,0.3300,,EA,IMP
MIR DEB,1986-017EX,21619,DEB,D,CIS,1986-02-19,TYMSC,1991-12-18,88.33,51.59,196,187,0.2596,,EA,IMP
MIR DEB,1986-017EY,21624,DEB,D,CIS,1986-02-19,TYMSC,1991-08-19,88.62,51.57,213,200,0.4100,,EA,IMP
MIR DEB,1986-017EZ,21625,DEB,D,CIS,1986-02-19,TYMSC,1991-12-06,87.42,51.57,156,137,0.5000,,EA,IMP
MIR DEB,1986-017FA,21626,DEB,D,CIS,1986-02-19,TYMSC,1991-10-03,88.92,51.58,226,216,0.5087,,EA,IMP
MIR DEB,1986-017FB,21627,DEB,D,CIS,1986-02-19,TYMSC,1991-12-03,87.74,51.58,165,160,0.5195,,EA,IMP
MIR DEB,1986-017FC,21628,DEB,D,CIS,1986-02-19,TYMSC,1991-10-07,88.73,51.58,218,205,0.4738,,EA,IMP
MIR DEB,1986-017FD,21629,DEB,D,CIS,1986-02-19,TYMSC,1991-09-30,88.53,51.58,205,199,0.1871,,EA,IMP
MIR DEB,1986-017FE,21649,DEB,D,CIS,1986-02-19,TYMSC,1991-08-29,89.11,51.59,235,226,,,EA,IMP
MIR DEB,1986-017FF,21650,DEB,D,CIS,1986-02-19,TYMSC,1991-08-13,89.77,51.60,271,255,0.0800,,EA,IMP
MIR DEB,1986-017FG,21651,DEB,D,CIS,1986-02-19,TYMSC,1991-08-12,89.57,51.56,260,247,0.4100,,EA,IMP
MIR DEB,1986-017FH,21652,DEB,D,CIS,1986-02-19,TYMSC,1991-08-21,88.43,51.56,203,191,0.0800,,EA,IMP
MIR DEB,1986-017FJ,21661,DEB,D,CIS,1986-02-19,TYMSC,1991-08-29,88.36,51.58,199,188,0.5000,,EA,IMP
MIR DEB,1986-017FK,21810,DEB,D,CIS,1986-02-19,TYMSC,1992-02-28,88.56,51.58,207,200,0.0400,,EA,IMP
MIR DEB,1986-017FL,21811,DEB,D,CIS,1986-02-19,TYMSC,1992-06-17,87.69,51.58,169,151,0.1176,,EA,IMP
MIR DEB,1986-017FM,21812,DEB,D,CIS,1986-02-19,TYMSC,1992-05-31,87.82,51.58,170,164,0.1500,,EA,IMP
MIR DEB,1986-017FN,21830,DEB,D,CIS,1986-02-19,TYMSC,1992-07-01,88.02,51.58,180,173,0.1700,,EA,IMP
MIR DEB,1986-017FP,21831,DEB,D,CIS,1986-02-19,TYMSC,1992-06-17,87.98,51.59,180,169,0.1298,,EA,IMP
MIR DEB,1986-017FQ,21832,DEB,D,CIS,1986-02-19,TYMSC,1992-06-04,88.03,51.57,184,170,0.2000,,EA,IMP
MIR DEB,1986-017FR,21879,DEB,D,CIS,1986-02-19,TYMSC,1992-03-25,88.38,51.59,204,186,1.0000,,EA,IMP
MIR DEB,1986-017FS,21880,DEB,D,CIS,1986-02-19,TYMSC,1992-03-22,88.32,51.58,200,182,0.2500,,EA,IMP
MIR DEB,1986-017FT,21881,DEB,D,CIS,1986-02-19,TYMSC,1992-03-29,88.54,51.57,216,189,0.4800,,EA,IMP
MIR DEB,1986-017FU,21882,DEB,D,CIS,1986-02-19,TYMSC,1993-01-21,88.54,51.58,203,201,0.1686,,EA,IMP
MIR DEB,1986-017FV,21883,DEB,D,CIS,1986-02-19,TYMSC,1992-02-25,89.44,51.57,251,243,0.0500,,EA,IMP
MIR DEB,1986-017FW,21884,DEB,D,CIS,1986-02-19,TYMSC,1993-01-19,87.68,51.58,164,155,0.2400,,EA,IMP
MIR DEB,1986-017FX,21885,DEB,D,CIS,1986-02-19,TYMSC,1992-04-21,88.28,51.58,194,184,0.4800,,EA,IMP
MIR DEB,1986-017FY,21886,DEB,D,CIS,1986-02-19,TYMSC,1992-03-26,88.31,51.57,199,183,0.8600,,EA,IMP
MIR DEB,1986-017FZ,21887,DEB,D,CIS,1986-02-19,TYMSC,1992-06-29,88.17,51.58,188,180,0.5762,,EA,IMP
MIR DEB,1986-017GA,21888,DEB,D,CIS,1986-02-19,TYMSC,1992-04-04,88.51,51.59,208,194,0.5100,,EA,IMP
MIR DEB,1986-017GB,21889,DEB,D,CIS,1986-02-19,TYMSC,1992-06-09,87.83,51.58,171,163,0.3000,,EA,IMP
MIR DEB,1986-017GC,21896,DEB,D,CIS,1986-02-19,TYMSC,1992-05-17,87.91,51.59,175,166,0.1900,,EA,IMP
MIR DEB,1986-017GD,21901,DEB,D,CIS,1986-02-19,TYMSC,1992-05-10,88.39,51.59,196,193,0.1100,,EA,IMP
MIR DEB,1986-017GE,22023,DEB,D,CIS,1986-02-19,TYMSC,1992-12-12,87.24,51.56,139,136,0.1800,,EA,IMP
MIR DEB,1986-017GF,22024,DEB,D,CIS,1986-02-19,TYMSC,1993-05-04,87.50,51.56,155,146,0.3315,,EA,IMP
MIR DEB,1986-017GG,22045,DEB,D,CIS,1986-02-19,TYMSC,1993-05-04,87.75,51.55,167,160,0.0600,,EA,IMP
MIR DEB,1986-017GH,22046,DEB,D,CIS,1986-02-19,TYMSC,1992-10-19,88.48,51.58,206,193,0.1100,,EA,IMP
MIR DEB,1986-017GJ,22106,DEB,D,CIS,1986-02-19,TYMSC,1993-02-26,88.42,51.60,201,192,0.7159,,EA,IMP
MIR DEB,1986-017GK,22107,DEB,D,CIS,1986-02-19,TYMSC,1992-12-10,88.38,51.56,200,188,0.1180,,EA,IMP
MIR DEB,1986-017GL,22111,DEB,D,CIS,1986-02-19,TYMSC,1992-09-23,89.41,51.59,259,231,0.0200,,EA,IMP
MIR DEB,1986-017GM,22121,DEB,D,CIS,1986-02-19,TYMSC,1993-10-28,88.43,51.60,198,195,0.3200,,EA,IMP
MIR DEB,1986-017GN,22122,DEB,D,CIS,1986-02-19,TYMSC,1992-12-02,88.24,51.62,193,181,0.1600,,EA,IMP
MIR DEB,1986-017GP,22123,DEB,D,CIS,1986-02-19,TYMSC,1995-09-18,87.53,51.57,154,150,0.2523,,EA,IMP
MIR DEB,1986-017GQ,22124,DEB,D,CIS,1986-02-19,TYMSC,1992-11-03,88.44,51.63,202,193,0.3273,,EA,IMP
MIR DEB,1986-017GR,22127,DEB,D,CIS,1986-02-19,TYMSC,1995-06-14,87.94,51.61,175,171,0.0216,,EA,IMP
MIR DEB,1986-017GS,22128,DEB,D,CIS,1986-02-19,TYMSC,1995-06-09,87.35,51.61,147,140,0.0355,,EA,IMP
MIR DEB,1986-017GT,22129,DEB,D,CIS,1986-02-19,TYMSC,1992-11-17,88.33,51.62,201,183,10.4600,,EA,IMP
MIR DEB,1986-017GU,22130,DEB,D,CIS,1986-02-19,TYMSC,1992-11-01,88.25,51.63,194,181,0.0354,,EA,IMP
MIR DEB,1986-017GV,22131,DEB,D,CIS,1986-02-19,TYMSC,1992-11-12,88.89,51.60,226,213,0.3200,,EA,IMP
MIR DEB,1986-017GW,22209,DEB,D,CIS,1986-02-19,TYMSC,1993-04-09,87.88,51.62,172,166,0.0300,,EA,IMP
MIR DEB,1986-017GX,22225,DEB,D,CIS,1986-02-19,TYMSC,1993-04-01,87.50,51.60,156,146,0.8000,,EA,IMP
MIR DEB,1986-017GY,22228,DEB,D,CIS,1986-02-19,TYMSC,1992-12-08,88.09,51.60,189,171,0.0700,,EA,IMP
MIR DEB,1986-017GZ,22622,DEB,D,CIS,1986-02-19,TYMSC,1993-10-15,87.46,51.58,161,136,0.0256,,EA,IMP
MIR DEB,1986-017HA,22631,DEB,D,CIS,1986-02-19,TYMSC,1993-07-25,88.44,51.61,211,184,0.0300,,EA,IMP
MIR DEB,1986-017HB,22632,DEB,D,CIS,1986-02-19,TYMSC,1993-04-25,90.35,51.63,298,285,,,EA,IMP
MIR DEB,1986-017HC,22637,DEB,D,CIS,1986-02-19,TYMSC,1994-03-02,88.22,51.61,189,184,0.0022,,EA,IMP
MIR DEB,1986-017HD,22677,DEB,D,CIS,1986-02-19,TYMSC,1993-08-09,88.91,51.60,233,208,0.0300,,EA,IMP
MIR DEB,1986-017HE,22678,DEB,D,CIS,1986-02-19,TYMSC,1993-06-30,89.14,51.60,236,227,,,EA,IMP
MIR DEB,1986-017HF,22679,DEB,D,CIS,1986-02-19,TYMSC,1993-11-01,88.63,51.60,209,205,0.0296,,EA,IMP
MIR DEB,1986-017HG,22680,DEB,D,CIS,1986-02-19,TYMSC,1993-06-27,89.50,51.59,258,241,,,EA,IMP
MIR DEB,1986-017HH,22703,DEB,D,CIS,1986-02-19,TYMSC,1993-11-05,89.64,51.61,260,253,0.0146,,EA,IMP
MIR DEB,1986-017HJ,22810,DEB,D,CIS,1986-02-19,TYMSC,1993-10-11,89.55,51.60,258,247,0.1030,,EA,IMP
MIR DEB,1986-017HK,22811,DEB,D,CIS,1986-02-19,TYMSC,1994-02-24,88.08,51.60,180,179,0.0984,,EA,IMP
MIR DEB,1986-017HL,22815,DEB,D,CIS,1986-02-19,TYMSC,1994-01-23,89.18,51.60,239,229,0.2895,,EA,IMP
MIR DEB,1986-017HM,22817,DEB,D,CIS,1986-02-19,TYMSC,1994-01-15,89.77,51.63,268,257,0.2940,,EA,IMP
MIR DEB,1986-017HN,22819,DEB,D,CIS,1986-02-19,TYMSC,1994-03-20,88.51,51.59,207,194,0.1330,,EA,IMP
MIR DEB,1986-017HP,22831,DEB,D,CIS,1986-02-19,TYMSC,1993-10-20,89.76,51.62,270,256,0.0900,,EA,IMP
MIR DEB,1986-017HQ,22832,DEB,D,CIS,1986-02-19,TYMSC,1993-10-19,90.27,51.62,295,280,0.1191,,EA,IMP
MIR DEB,1986-017HR,22833,DEB,D,CIS,1986-02-19,TYMSC,1993-11-01,88.60,51.61,213,197,0.0766,,EA,IMP
MIR DEB,1986-017HS,22834,DEB,D,CIS,1986-02-19,TYMSC,1994-09-03,87.49,51.59,156,144,0.7031,,EA,IMP
MIR DEB,1986-017HT,22835,DEB,D,CIS,1986-02-19,TYMSC,1994-04-22,87.11,51.60,134,128,0.8454,,EA,IMP
MIR DEB,1986-017HU,22866,DEB,D,CIS,1986-02-19,TYMSC,1994-03-03,89.03,51.60,229,223,0.0400,,EA,IMP
MIR DEB,1986-017HV,22872,DEB,D,CIS,1986-02-19,TYMSC,1993-12-14,89.39,51.59,251,238,0.0887,,EA,IMP
MIR DEB,1986-017HW,22873,DEB,D,CIS,1986-02-19,TYMSC,1994-05-26,87.20,51.59,143,129,0.6509,,EA,IMP
MIR DEB,1986-017HX,22874,DEB,D,CIS,1986-02-19,TYMSC,1993-12-26,89.14,51.63,261,204,0.0600,,EA,IMP
MIR DEB,1986-017HY,22886,DEB,D,CIS,1986-02-19,TYMSC,1994-07-01,88.53,51.60,207,197,0.0719,,EA,IMP
MIR DEB,1986-017HZ,22887,DEB,D,CIS,1986-02-19,TYMSC,1993-11-21,88.97,51.57,231,217,0.6000,,EA,IMP
MIR DEB,1986-017JA,22954,DEB,D,CIS,1986-02-19,TYMSC,1994-12-26,88.77,51.60,216,211,0.0560,,EA,IMP
MIR DEB,1986-017JB,23252,DEB,D,CIS,1986-02-19,TYMSC,1995-03-31,88.20,51.63,190,181,0.1336,,EA,IMP
MIR DEB,1986-017JC,23266,DEB,D,CIS,1986-02-19,TYMSC,1995-03-02,88.86,51.64,224,212,0.0248,,EA,IMP
MIR DEB,1986-017JD,23557,DEB,D,CIS,1986-02-19,TYMSC,1996-07-08,87.95,51.62,180,166,0.1527,,EA,IMP
GFZ 1,1986-017JE,23558,PAY,D,GER,1986-02-19,TYMSC,1999-06-23,87.46,51.61,154,144,0.1139,,EA,IMP
GFZ 1 DEB,1986-017JF,23559,DEB,D,GER,1986-02-19,TYMSC,1996-05-19,87.02,51.61,137,117,0.0142,,EA,IMP
MIR DEB,1986-017JG,23565,DEB,D,CIS,1986-02-19,TYMSC,1995-05-19,91.18,51.65,335,329,0.0700,,EA,IMP
MIR DEB,1986-017JH,23566,DEB,D,CIS,1986-02-19,TYMSC,1996-11-17,87.46,51.63,149,148,0.0740,,EA,IMP
MIR DEB,1986-017JJ,23573,DEB,D,CIS,1986-02-19,TYMSC,1995-10-14,89.24,51.63,241,233,0.2417,,EA,IMP
MIR DEB,1986-017JK,23662,DEB,D,CIS,1986-02-19,TYMSC,1996-02-07,88.67,51.64,215,203,0.0675,,EA,IMP
MIR DEB,1986-017JL,23689,DEB,D,CIS,1986-02-19,TYMSC,1996-10-11,87.58,51.61,158,151,0.4065,,EA,IMP
MIR DEB,1986-017JM,23690,DEB,D,CIS,1986-02-19,TYMSC,1999-06-23,87.42,51.64,149,144,0.2966,,EA,IMP
MIR DEB,1986-017JN,23691,DEB,D,CIS,1986-02-19,TYMSC,1997-11-12,87.44,51.59,157,138,0.2139,,EA,IMP
MIR DEB,1986-017JP,23692,DEB,D,CIS,1986-02-19,TYMSC,1997-03-14,87.70,51.63,163,159,0.2307,,EA,IMP
MIR DEB,1986-017JQ,23693,DEB,D,CIS,1986-02-19,TYMSC,1997-12-20,87.86,51.63,171,166,0.1551,,EA,IMP
MIR DEB,1986-017JR,23694,DEB,D,CIS,1986-02-19,TYMSC,1997-04-02,87.98,51.62,178,171,0.2528,,EA,IMP
MIR DEB,1986-017JS,23695,DEB,D,CIS,1986-02-19,TYMSC,1997-01-26,88.32,51.63,195,188,0.2454,,EA,IMP
MIR DEB,1986-017JT,23698,DEB,D,CIS,1986-02-19,TYMSC,1996-01-26,87.73,51.63,179,145,0.0164,,EA,IMP
MIR DEB,1986-017JU,23703,DEB,D,CIS,1986-02-19,TYMSC,1997-12-11,87.82,51.65,168,166,0.4011,,EA,IMP
MIR DEB,1986-017JV,23783,DEB,D,CIS,1986-02-19,TYMSC,1997-09-13,87.63,51.61,168,146,0.3574,,EA,IMP
MIR DEB,1986-017JW,23822,DEB,D,CIS,1986-02-19,TYMSC,1996-03-24,89.18,51.64,235,232,0.1200,,EA,IMP
MIR DEB,1986-017JX,23823,DEB,D,CIS,1986-02-19,TYMSC,1996-03-25,88.20,51.62,188,184,0.1330,,EA,IMP
MIR DEB,1986-017JY,23825,DEB,D,CIS,1986-02-19,TYMSC,1997-03-10,87.98,51.63,182,167,0.3339,,EA,IMP
MIR DEB,1986-017JZ,23826,DEB,D,CIS,1986-02-19,TYMSC,1996-03-24,87.95,51.64,176,169,0.3130,,EA,IMP
MIR DEB,1986-017KF,23856,DEB,D,CIS,1986-02-19,TYMSC,1996-10-11,88.62,51.64,220,193,0.0432,,EA,IMP
MIR DEB,1986-017KA,23873,DEB,D,CIS,1986-02-19,TYMSC,1997-07-18,87.48,51.64,150,149,0.2125,,EA,IMP
MIR DEB,1986-017KB,23874,DEB,D,CIS,1986-02-19,TYMSC,1997-05-26,87.94,51.64,174,171,0.5555,,EA,IMP
MIR DEB,1986-017KC,23875,DEB,D,CIS,1986-02-19,TYMSC,1997-05-17,87.96,51.64,179,168,0.3710,,EA,IMP
MIR DEB,1986-017KD,23884,DEB,D,CIS,1986-02-19,TYMSC,1997-05-15,88.24,51.64,194,181,0.5849,,EA,IMP
MIR DEB,1986-017KE,23885,DEB,D,CIS,1986-02-19,TYMSC,1996-12-23,87.94,51.62,176,169,0.1669,,EA,IMP
MIR DEB,1986-017KG,23888,DEB,D,CIS,1986-02-19,TYMSC,1996-10-02,89.27,51.64,243,233,0.0069,,EA,IMP
MIR DEB,1986-017KH,23889,DEB,D,CIS,1986-02-19,TYMSC,1996-06-11,88.17,51.65,188,180,0.1000,,EA,IMP
MIR DEB,1986-017KJ,23890,DEB,D,CIS,1986-02-19,TYMSC,1997-03-16,88.00,51.67,178,173,0.0181,,EA,IMP
MIR DEB,1986-017KK,23891,DEB,D,CIS,1986-02-19,TYMSC,1996-12-27,88.18,51.63,189,180,0.2069,,EA,IMP
MIR DEB,1986-017KL,23892,DEB,D,CIS,1986-02-19,TYMSC,1997-12-04,87.51,51.63,157,146,0.3948,,EA,IMP
MIR DEB,1986-017KM,23894,DEB,D,CIS,1986-02-19,TYMSC,1997-03-18,88.20,51.63,187,184,0.0402,,EA,IMP
MIR DEB,1986-017KN,23895,DEB,D,CIS,1986-02-19,TYMSC,1997-02-28,87.76,51.63,168,160,0.2473,,EA,IMP
MIR DEB,1986-017KP,23896,DEB,D,CIS,1986-02-19,TYMSC,1998-03-26,87.26,51.59,141,137,0.1963,,EA,IMP
MIR DEB,1986-017KQ,23897,DEB,D,CIS,1986-02-19,TYMSC,1997-11-04,87.80,51.62,170,162,0.7995,,EA,IMP
MIR DEB,1986-017KR,23898,DEB,D,CIS,1986-02-19,TYMSC,1997-05-01,87.79,51.62,169,161,0.0824,,EA,IMP
MIR DEB,1986-017KS,23899,DEB,D,CIS,1986-02-19,TYMSC,1997-12-10,87.71,51.62,163,159,0.5095,,EA,IMP
MIR DEB,1986-017KT,23900,DEB,D,CIS,1986-02-19,TYMSC,1997-06-01,88.22,51.63,188,184,0.2028,,EA,IMP
MIR DEB,1986-017KU,23901,DEB,D,CIS,1986-02-19,TYMSC,1997-06-26,88.01,51.62,179,173,0.2852,,EA,IMP
MIR DEB,1986-017KV,23902,DEB,D,CIS,1986-02-19,TYMSC,1997-11-18,87.73,51.63,166,159,0.4452,,EA,IMP
MIR DEB,1986-017KW,23903,DEB,D,CIS,1986-02-19,TYMSC,1996-10-31,88.78,51.62,220,208,0.1188,,EA,IMP
MIR DEB,1986-017KX,23904,DEB,D,CIS,1986-02-19,TYMSC,1998-06-26,87.64,51.60,160,155,0.1855,,EA,IMP
MIR DEB,1986-017KY,23910,DEB,D,CIS,1986-02-19,TYMSC,1998-05-04,87.87,51.63,174,164,0.0171,,EA,IMP
MIR DEB,1986-017KZ,23911,DEB,D,CIS,1986-02-19,TYMSC,1997-04-30,87.09,51.61,147,113,0.3152,,EA,IMP
MIR DEB,1986-017LA,23912,DEB,D,CIS,1986-02-19,TYMSC,1997-09-28,88.37,51.61,196,191,0.2066,,EA,IMP
MIR DEB,1986-017LB,23913,DEB,D,CIS,1986-02-19,TYMSC,1996-11-06,91.38,51.66,344,340,0.1028,,EA,IMP
MIR DEB,1986-017LC,23914,DEB,D,CIS,1986-02-19,TYMSC,1997-07-10,87.85,51.64,175,161,0.0889,,EA,IMP
MIR DEB,1986-017LD,23917,DEB,D,CIS,1986-02-19,TYMSC,1997-03-03,87.43,51.61,157,138,0.0517,,EA,IMP
MIR DEB,1986-017LE,23918,DEB,D,CIS,1986-02-19,TYMSC,1997-01-11,88.18,51.61,188,180,0.0862,,EA,IMP
MIR DEB,1986-017LF,23919,DEB,D,CIS,1986-02-19,TYMSC,1996-08-04,89.10,51.62,233,228,0.2103,,EA,IMP
MIR DEB,1986-017LG,23920,DEB,D,CIS,1986-02-19,TYMSC,1998-06-09,87.81,51.63,170,162,0.1373,,EA,IMP
MIR DEB,1986-017LH,23921,DEB,D,CIS,1986-02-19,TYMSC,1997-11-29,87.97,51.62,183,165,0.1209,,EA,IMP
MIR DEB,1986-017LJ,23922,DEB,D,CIS,1986-02-19,TYMSC,1997-11-27,87.84,51.62,173,162,0.2168,,EA,IMP
MIR DEB,1986-017LK,23923,DEB,D,CIS,1986-02-19,TYMSC,1997-02-19,87.49,51.63,152,149,0.1837,,EA,IMP
MIR DEB,1986-017LL,23924,DEB,D,CIS,1986-02-19,TYMSC,1996-10-16,89.13,51.64,242,222,0.1142,,EA,IMP
MIR DEB,1986-017LM,23925,DEB,D,CIS,1986-02-19,TYMSC,1997-03-01,88.39,51.62,197,192,0.1767,,EA,IMP
MIR DEB,1986-017LN,23926,DEB,D,CIS,1986-02-19,TYMSC,1996-09-14,88.75,51.63,218,208,0.1247,,EA,IMP
MIR DEB,1986-017LP,23927,DEB,D,CIS,1986-02-19,TYMSC,1996-09-04,88.86,51.63,226,210,0.4091,,EA,IMP
MIR DEB,1986-017LQ,23928,DEB,D,CIS,1986-02-19,TYMSC,1996-12-11,88.24,51.62,193,182,0.1543,,EA,IMP
MIR DEB,1986-017LR,23929,DEB,D,CIS,1986-02-19,TYMSC,1997-11-08,88.43,51.62,202,192,0.2131,,EA,IMP
MIR DEB,1986-017LS,23932,DEB,D,CIS,1986-02-19,TYMSC,1996-11-23,88.57,51.64,207,200,0.0852,,EA,IMP
MIR DEB,1986-017LT,23934,DEB,D,CIS,1986-02-19,TYMSC,1997-05-26,88.37,51.62,198,190,0.0010,,EA,IMP
MIR DEB,1986-017LU,24287,DEB,D,CIS,1986-02-19,TYMSC,1996-09-14,88.69,51.69,215,204,0.1675,,EA,IMP
MIR DEB,1986-017LV,24419,DEB,D,CIS,1986-02-19,TYMSC,1998-05-22,86.90,51.61,123,118,0.6459,,EA,IMP
MIR DEB,1986-017LY,24657,DEB,D,CIS,1986-02-19,TYMSC,1997-02-17,88.88,51.66,222,216,0.0361,,EA,IMP
MIR DEB,1986-017LW,24658,DEB,D,CIS,1986-02-19,TYMSC,1997-03-08,88.83,51.62,225,209,0.2053,,EA,IMP
MIR DEB,1986-017LX,24659,DEB,D,CIS,1986-02-19,TYMSC,1997-02-20,87.97,51.65,180,169,0.0749,,EA,IMP
MIR DEB,1986-017LZ,24672,DEB,D,CIS,1986-02-19,TYMSC,1997-03-06,89.13,51.63,239,224,0.0591,,EA,IMP
MIR DEB,1986-017MA,24673,DEB,D,CIS,1986-02-19,TYMSC,1997-01-30,88.45,51.63,203,193,0.2110,,EA,IMP
ARIANE 3 DEB,1986-026G,24712,DEB,,FR,1986-03-28,FRGUI,,440.95,8.61,25210,415,0.4339,,EA,ORB
MIR DEB,1986-017MB,24845,DEB,D,CIS,1986-02-19,TYMSC,1997-06-25,89.84,51.60,297,236,,,EA,IMP
MIR DEB,1986-017MC,24848,DEB,D,CIS,1986-02-19,TYMSC,1997-06-22,88.19,51.64,190,180,0.1677,,EA,IMP
MIR DEB,1986-017MD,24943,DEB,D,CIS,1986-02-19,TYMSC,1997-11-25,88.37,51.62,195,193,0.0071,,EA,IMP
MIR DEB,1986-017ME,24952,DEB,D,CIS,1986-02-19,TYMSC,1997-12-27,87.43,51.64,152,143,0.1499,,EA,IMP
MIR DEB,1986-017MF,25036,DEB,D,CIS,1986-02-19,TYMSC,1998-02-18,88.26,51.64,192,185,0.0506,,EA,IMP
MIR DEB,1986-017MG,25037,DEB,D,CIS,1986-02-19,TYMSC,1998-02-24,89.15,51.65,237,228,0.0461,,EA,IMP
MIR DEB,1986-017MH,25038,DEB,D,CIS,1986-02-19,TYMSC,1998-02-09,87.98,51.64,182,167,0.0255,,EA,IMP
MIR DEB,1986-017MJ,25133,DEB,D,CIS,1986-02-19,TYMSC,1998-02-22,89.26,51.64,246,230,0.0523,,EA,IMP
MIR DEB,1986-017MK,25140,DEB,D,CIS,1986-02-19,TYMSC,1998-04-06,89.08,51.63,230,228,0.0097,,EA,IMP
MIR DEB,1986-017ML,25142,DEB,D,CIS,1986-02-19,TYMSC,1998-04-13,88.46,51.64,204,192,0.0069,,EA,IMP
MIR DEB,1986-017MM,25283,DEB,D,CIS,1986-02-19,TYMSC,1998-04-30,88.61,51.64,216,196,0.0146,,EA,IMP
MIR DEB,1986-017MP,25292,DEB,D,CIS,1986-02-19,TYMSC,1998-07-30,89.06,51.65,228,227,0.0433,,EA,IMP
MIR DEB,1986-017MN,25293,DEB,D,CIS,1986-02-19,TYMSC,1998-06-03,88.09,51.63,185,175,0.0958,,EA,IMP
MIR DEB (VDU),1986-017MQ,25294,DEB,D,CIS,1986-02-19,TYMSC,1998-12-02,87.10,51.62,133,128,0.2575,,EA,IMP
MIR DEB,1986-017MR,25301,DEB,D,CIS,1986-02-19,TYMSC,1998-06-10,88.73,51.64,217,207,0.1080,,EA,IMP
MIR DEB,1986-017MS,25302,DEB,D,CIS,1986-02-19,TYMSC,1998-08-28,88.20,51.66,193,178,0.2717,,EA,IMP
MIR DEB,1986-017MT,25303,DEB,D,CIS,1986-02-19,TYMSC,1998-06-12,87.88,51.65,171,169,0.0610,,EA,IMP
MIR DEB,1986-017MU,25304,DEB,D,CIS,1986-02-19,TYMSC,1998-05-31,88.53,51.64,206,198,0.1023,,EA,IMP
MIR DEB,1986-017MV,25439,DEB,D,CIS,1986-02-19,TYMSC,1998-09-20,89.47,51.65,253,244,0.1014,,EA,IMP
MIR DEB,1986-017MW,25534,DEB,D,CIS,1986-02-19,TYMSC,1998-12-04,89.35,51.66,253,232,0.0552,,EA,IMP
MIR DEB,1986-017MX,25535,DEB,D,CIS,1986-02-19,TYMSC,1998-11-25,89.78,51.70,273,253,0.0460,,EA,IMP
MIR DEB,1986-017MY,25536,DEB,D,CIS,1986-02-19,TYMSC,1998-11-17,90.43,51.66,300,291,0.0840,,EA,IMP
MIR DEB,1986-017MZ,25537,DEB,D,CIS,1986-02-19,TYMSC,1998-11-23,89.19,51.64,239,230,0.0685,,EA,IMP
MIR DEB,1986-017NA,25686,DEB,D,CIS,1986-02-19,TYMSC,1999-07-10,87.99,51.64,179,172,0.0373,,EA,IMP
MIR DEB,1986-017NB,25687,DEB,D,CIS,1986-02-19,TYMSC,1999-06-28,88.68,51.64,214,204,0.1232,,EA,IMP
MIR DEB,1986-017NC,25688,DEB,D,CIS,1986-02-19,TYMSC,1999-04-26,89.15,51.78,263,202,0.0360,,EA,IMP
MIR DEB,1986-017ND,25689,DEB,D,CIS,1986-02-19,TYMSC,1999-04-21,90.03,51.66,284,267,,,EA,IMP
MIR DEB,1986-017NE,25690,DEB,D,CIS,1986-02-19,TYMSC,1999-06-08,88.58,51.65,209,200,0.1348,,EA,IMP
MIR DEB,1986-017NF,25691,DEB,D,CIS,1986-02-19,TYMSC,1999-09-02,87.21,51.64,138,134,0.2523,,EA,IMP
MIR DEB,1986-017NG,25692,DEB,D,CIS,1986-02-19,TYMSC,1999-05-12,88.71,51.70,222,200,0.0087,,EA,IMP
MIR DEB,1986-017NH,25870,DEB,D,CIS,1986-02-19,TYMSC,1999-07-28,89.28,51.66,247,231,1.3000,,EA,IMP
MIR DEB,1986-017NJ,25871,DEB,D,CIS,1986-02-19,TYMSC,1999-07-25,91.28,51.66,356,319,,,EA,IMP
MIR DEB,1986-017NK,25877,DEB,D,CIS,1986-02-19,TYMSC,1999-07-31,88.93,51.63,225,218,1.5750,,EA,IMP
MIR DEB,1986-017NL,25878,DEB,D,CIS,1986-02-19,TYMSC,1999-08-03,88.29,51.65,195,185,0.0520,,EA,IMP
MIR DEB,1986-017NM,25879,DEB,D,CIS,1986-02-19,TYMSC,1999-08-02,88.74,51.69,220,204,0.0200,,EA,IMP
CZ-3 DEB,1986-010D,25936,DEB,,PRC,1986-02-01,XICLF,,452.82,30.56,25869,441,0.1669,,EA,ORB
NOAA 10 DEB,1986-073D,26303,DEB,D,US,1986-09-17,AFWTR,2001-02-08,89.38,98.44,262,226,0.0520,,EA,IMP
MIR DEB,1986-017NN,26363,DEB,D,CIS,1986-02-19,TYMSC,2000-05-25,89.24,51.62,249,226,0.1030,,EA,IMP
MIR DEB,1986-017NP,26364,DEB,D,CIS,1986-02-19,TYMSC,2000-08-07,87.54,51.64,170,135,0.1572,,EA,IMP
CZ-3 DEB,1986-010E,26788,DEB,,PRC,1986-02-01,XICLF,,541.65,31.17,30627,639,0.0563,,EA,ORB
ARIANE 3 DEB,1986-026H,26805,DEB,D,FR,1986-03-28,FRGUI,2013-08-17,106.85,8.42,1971,190,0.4260,,EA,IMP
ARIANE 3 DEB,1986-026J,27025,DEB,,FR,1986-03-28,FRGUI,,576.55,6.87,32698,439,0.4430,,EA,ORB
ARIANE 1 DEB,1986-019VN,27596,DEB,,FR,1986-02-22,FRGUI,,98.93,98.27,735,680,0.0093,,EA,ORB
CZ-3 DEB,1986-010F,29447,DEB,,PRC,1986-02-01,XICLF,,622.47,30.44,35032,510,0.0418,,EA,ORB
CZ-3 DEB,1986-010G,29448,DEB,,PRC,1986-02-01,XICLF,,602.71,30.31,34097,418,0.0408,,EA,ORB
NOAA 10 DEB,1986-073E,32471,DEB,D,US,1986-09-17,AFWTR,2010-01-14,92.07,99.96,399,353,0.0177,,EA,IMP
NOAA 10 DEB,1986-073F,32472,DEB,D,US,1986-09-17,AFWTR,2010-04-01,92.99,99.70,440,402,0.0029,,EA,IMP
ARIANE 1 DEB,1986-019FL,35408,DEB,,FR,1986-02-22,FRGUI,,100.76,98.33,817,773,0.0054,,EA,ORB
ARIANE 1 DEB,1986-019VP,35409,DEB,D,FR,1986-02-22,FRGUI,2012-12-24,90.96,98.22,337,306,0.0114,,EA,IMP
ARIANE 1 DEB,1986-019VQ,35517,DEB,,FR,1986-02-22,FRGUI,,105.29,98.89,1290,726,0.0144,,EA,ORB
NOAA 10 DEB,1986-073G,37631,DEB,D,US,1986-09-17,AFWTR,2011-11-04,92.23,99.11,411,357,0.0122,,EA,IMP
CZ-3 DEB,1986-010H,38673,DEB,,PRC,1986-02-01,XICLF,,445.58,30.81,25475,418,0.0852,,EA,ORB
ARIANE 1 DEB,1986-019VR,39103,DEB,,FR,1986-02-22,FRGUI,,99.71,98.21,760,729,0.0094,,EA,ORB
ARIANE 1 DEB,1986-019VS,39104,DEB,D,FR,1986-02-22,FRGUI,2025-05-15,98.85,98.07,731,677,0.0094,,EA,IMP
ARIANE 1 DEB,1986-019VT,39105,DEB,,FR,1986-02-22,FRGUI,,101.94,98.55,934,767,0.0124,,EA,ORB
ARIANE 1 DEB,1986-019VU,39106,DEB,,FR,1986-02-22,FRGUI,,101.41,98.39,871,780,0.0066,,EA,ORB
ARIANE 1 DEB,1986-019VV,39107,DEB,,FR,1986-02-22,FRGUI,,102.03,98.65,963,747,0.0176,,EA,ORB
ARIANE 1 DEB,1986-019VW,39108,DEB,D,FR,1986-02-22,FRGUI,2014-09-08,91.68,99.05,369,344,0.0103,,EA,IMP
SCOUT G-1 DEB,1986-088E,40216,DEB,,US,1986-11-14,AFWTR,,102.90,89.58,949,843,0.0125,,EA,ORB
NOAA 10 DEB,1986-073H,43319,DEB,D,US,1986-09-17,AFWTR,2018-08-08,92.82,98.67,442,383,,,EA,IMP
SL-14 DEB,1986-094C,43320,DEB,,CIS,1986-12-02,PLMSC,,115.92,82.61,1500,1495,,,EA,ORB
SL-14 DEB,1986-094D,43321,DEB,,CIS,1986-12-02,PLMSC,,115.93,82.61,1498,1497,,,EA,ORB
USA 15 DEB,1986-014J,44435,DEB,D,US,1986-02-09,AFWTR,2022-02-05,89.19,63.26,265,205,,,EA,IMP
NOAA 10 DEB,1986-073J,45862,DEB,D,US,1986-09-17,AFWTR,2022-03-12,93.18,98.54,456,405,,,EA,IMP
SL-14 DEB,1986-006C,69734,DEB,,CIS,1986-01-17,PLMSC,,97.43,82.55,716,555,,,EA,ORB
SL-14 DEB,1986-006D,69735,DEB,,CIS,1986-01-17,PLMSC,,96.51,82.54,655,529,,,EA,ORB
SL-14 DEB,1986-006E,69736,DEB,,CIS,1986-01-17,PLMSC,,97.57,82.55,726,559,,,EA,ORB
