OBJECT_NAME,OBJECT_ID,NORAD_CAT_ID,OBJECT_TYPE,OPS_STATUS_CODE,OWNER,LAUNCH_DATE,LAUNCH_SITE,DECAY_DATE,PERIOD,INCLINATION,APOGEE,PERIGEE,RCS,DATA_STATUS_CODE,ORBIT_CENTER,ORBIT_TYPE
COSMOS 787,1976-001A,8530,PAY,D,CIS,1976-01-06,PLMSC,1980-12-12,87.61,73.99,160,152,7.1231,,EA,IMP
SL-8 R/B,1976-001B,8531,R/B,D,CIS,1976-01-06,PLMSC,1981-03-15,87.11,73.98,136,127,17.0900,,EA,IMP
SL-8 DEB,1976-001C,8549,DEB,D,CIS,1976-01-06,PLMSC,1977-10-20,92.77,74.05,427,394,0.0120,,EA,IMP
SL-8 DEB,1976-001D,8550,DEB,D,CIS,1976-01-06,PLMSC,1977-03-24,90.24,74.02,286,286,0.0249,,EA,IMP
COSMOS 788,1976-002A,8551,PAY,D,CIS,1976-01-07,PLMSC,1976-01-20,89.65,62.80,348,167,,,EA,IMP
SL-4 R/B,1976-002B,8552,R/B,D,CIS,1976-01-07,PLMSC,1976-01-14,87.14,62.75,135,130,,,EA,IMP
SL-4 DEB,1976-002C,8553,DEB,D,CIS,1976-01-07,PLMSC,1976-01-12,88.94,62.85,270,174,,,EA,IMP
HELIOS 2,1976-003A,8582,PAY,-,GER,1976-01-15,AFETR,,,,,,,NEA,SU,ORB
TITAN 3E CENTAUR R/B(1),1976-003B,8583,R/B,,US,1976-01-15,AFETR,,,,,,,NEA,SU,ORB
TITAN 3E CENTAUR R/B(2),1976-003C,8584,R/B,,US,1976-01-15,AFETR,,,,,,,NEA,SU,ORB
CTS,1976-004A,8585,PAY,,CA,1976-01-17,AFETR,,1436.71,3.77,35868,35729,3.1622,,EA,ORB
DELTA 1 R/B(1),1976-004B,8586,R/B,D,US,1976-01-17,AFETR,1976-02-14,88.40,28.64,239,152,,,EA,IMP
DELTA 1 DEB,1976-004C,8587,DEB,D,US,1976-01-17,AFETR,1976-04-14,91.50,28.66,520,177,,,EA,IMP
COSMOS 788 DEB,1976-002D,8588,DEB,D,CIS,1976-01-07,PLMSC,1976-01-27,87.84,62.79,194,141,,,EA,IMP
COSMOS 788 DEB,1976-002E,8589,DEB,D,CIS,1976-01-07,PLMSC,1976-01-23,88.32,62.81,230,153,,,EA,IMP
COSMOS 788 DEB,1976-002F,8590,DEB,D,CIS,1976-01-07,PLMSC,1976-01-20,,,,,,,EA,IMP
COSMOS 789,1976-005A,8591,PAY,,CIS,1976-01-20,PLMSC,,104.86,82.98,1011,965,3.4790,,EA,ORB
SL-8 R/B,1976-005B,8597,R/B,,CIS,1976-01-20,PLMSC,,104.69,82.97,998,962,4.3295,,EA,ORB
DELTA 1 R/B(2),1976-004D,8598,R/B,D,US,1976-01-17,AFETR,1998-09-04,87.52,26.78,174,129,2.0000,,EA,IMP
MOLNIYA 1-32,1976-006A,8601,PAY,,CIS,1976-01-22,TYMSC,,720.10,63.66,38216,2253,17.9811,,EA,ORB
SL-6 R/B(1),1976-006B,8602,R/B,D,CIS,1976-01-22,TYMSC,1976-04-02,88.94,62.98,254,190,,,EA,IMP
SL-6 PLAT,1976-006C,8603,DEB,D,CIS,1976-01-22,TYMSC,1976-04-19,87.83,62.96,167,167,,,EA,IMP
COSMOS 790,1976-007A,8604,PAY,D,CIS,1976-01-22,PLMSC,1980-11-12,87.61,73.94,160,152,5.2232,,EA,IMP
SL-8 R/B,1976-007B,8605,R/B,D,CIS,1976-01-22,PLMSC,1980-12-09,87.78,74.00,167,162,11.1035,,EA,IMP
COSMOS 791,1976-008A,8607,PAY,,CIS,1976-01-28,PLMSC,,114.74,74.05,1486,1401,0.6569,,EA,ORB
COSMOS 792,1976-008B,8608,PAY,,CIS,1976-01-28,PLMSC,,115.16,74.05,1490,1436,0.6656,,EA,ORB
COSMOS 793,1976-008C,8609,PAY,,CIS,1976-01-28,PLMSC,,114.96,74.06,1490,1417,0.6718,,EA,ORB
COSMOS 794,1976-008D,8610,PAY,,CIS,1976-01-28,PLMSC,,115.37,74.06,1493,1451,0.6581,,EA,ORB
COSMOS 795,1976-008E,8611,PAY,,CIS,1976-01-28,PLMSC,,115.59,74.05,1498,1466,0.6658,,EA,ORB
COSMOS 796,1976-008F,8612,PAY,,CIS,1976-01-28,PLMSC,,115.83,74.05,1514,1472,0.6769,,EA,ORB
COSMOS 797,1976-008G,8613,PAY,,CIS,1976-01-28,PLMSC,,116.06,74.06,1529,1478,0.6877,,EA,ORB
COSMOS 798,1976-008H,8614,PAY,,CIS,1976-01-28,PLMSC,,116.34,74.05,1554,1479,0.6723,,EA,ORB
SL-8 R/B,1976-008J,8615,R/B,,CIS,1976-01-28,PLMSC,,117.95,74.06,1695,1482,5.9386,,EA,ORB
COSMOS 799,1976-009A,8616,PAY,D,CIS,1976-01-29,TYMSC,1976-02-10,89.52,71.40,300,202,,,EA,IMP
SL-4 R/B,1976-009B,8617,R/B,D,CIS,1976-01-29,TYMSC,1976-02-11,87.88,71.43,171,168,,,EA,IMP
SL-4 DEB,1976-009C,8618,DEB,D,CIS,1976-01-29,TYMSC,1976-01-31,89.11,71.44,261,200,,,EA,IMP
SL-4 DEB,1976-009D,8619,DEB,D,CIS,1976-01-29,TYMSC,1976-02-09,89.55,71.42,302,202,,,EA,IMP
INTELSAT 4A-F2,1976-010A,8620,PAY,-,ITSO,1976-01-29,AFETR,,1444.53,7.76,35980,35923,2.9304,,EA,ORB
ATLAS CENTAUR R/B,1976-010B,8621,R/B,,US,1976-01-29,AFETR,,652.37,21.41,36470,607,14.9910,,EA,ORB
COSMOS 800,1976-011A,8645,PAY,,CIS,1976-02-03,PLMSC,,104.94,82.97,1008,976,1.6375,,EA,ORB
SL-8 R/B,1976-011B,8646,R/B,,CIS,1976-02-03,PLMSC,,104.80,82.97,988,981,3.8862,,EA,ORB
COSMOS 801,1976-012A,8658,PAY,D,CIS,1976-02-05,PLMSC,1978-01-05,87.72,70.93,174,149,2.8563,,EA,IMP
SL-7 R/B,1976-012B,8659,R/B,D,CIS,1976-02-05,PLMSC,1977-03-24,88.31,70.98,195,187,14.7488,,EA,IMP
SL-7 DEB,1976-012C,8660,DEB,D,CIS,1976-02-05,PLMSC,1977-04-14,89.35,71.27,258,227,0.0880,,EA,IMP
SL-7 DEB,1976-012D,8661,DEB,D,CIS,1976-02-05,PLMSC,1976-07-28,94.02,70.51,755,187,,,EA,IMP
SL-7 DEB,1976-012E,8662,DEB,D,CIS,1976-02-05,PLMSC,1976-10-11,94.16,70.70,663,293,,,EA,IMP
SL-7 DEB,1976-012F,8663,DEB,D,CIS,1976-02-05,PLMSC,1976-04-05,93.83,70.69,664,260,,,EA,IMP
SL-7 DEB,1976-012G,8664,DEB,D,CIS,1976-02-05,PLMSC,1976-10-11,94.68,70.63,715,291,,,EA,IMP
SL-7 DEB,1976-012H,8665,DEB,D,CIS,1976-02-05,PLMSC,1976-08-17,86.45,70.79,98,98,,,EA,IMP
SL-7 DEB,1976-012J,8666,DEB,D,CIS,1976-02-05,PLMSC,1976-06-14,88.57,70.80,224,183,,,EA,IMP
SL-7 DEB,1976-012K,8667,DEB,D,CIS,1976-02-05,PLMSC,1976-03-18,91.24,70.75,554,117,,,EA,IMP
SL-7 DEB,1976-012L,8668,DEB,D,CIS,1976-02-05,PLMSC,1976-10-11,93.74,70.84,679,235,,,EA,IMP
SL-7 DEB,1976-012M,8669,DEB,D,CIS,1976-02-05,PLMSC,1976-10-11,92.25,70.78,528,241,,,EA,IMP
SL-7 DEB,1976-012N,8670,DEB,D,CIS,1976-02-05,PLMSC,1976-10-11,94.50,70.72,721,268,,,EA,IMP
SL-7 DEB,1976-012P,8671,DEB,D,CIS,1976-02-05,PLMSC,1976-07-28,93.61,70.90,671,231,,,EA,IMP
SL-7 DEB,1976-012Q,8672,DEB,D,CIS,1976-02-05,PLMSC,1976-10-11,93.72,71.08,699,214,,,EA,IMP
SL-7 DEB,1976-012R,8673,DEB,D,CIS,1976-02-05,PLMSC,1976-09-25,88.64,70.82,225,189,,,EA,IMP
SL-7 DEB,1976-012S,8674,DEB,D,CIS,1976-02-05,PLMSC,1976-06-21,88.84,70.67,238,196,,,EA,IMP
COSMOS 802,1976-013A,8681,PAY,D,CIS,1976-02-11,TYMSC,1976-02-25,89.29,64.98,309,170,,,EA,IMP
SL-4 R/B,1976-013B,8686,R/B,D,CIS,1976-02-11,TYMSC,1976-02-17,88.38,64.98,227,162,,,EA,IMP
COSMOS 803,1976-014A,8688,PAY,,CIS,1976-02-12,PLMSC,,92.02,65.83,385,363,1.2870,,EA,ORB
SL-8 R/B,1976-014B,8689,R/B,D,CIS,1976-02-12,PLMSC,1983-11-09,87.20,65.81,140,131,15.3272,,EA,IMP
SL-8 DEB,1976-014C,8690,DEB,D,CIS,1976-02-12,PLMSC,1981-12-09,87.73,65.80,165,158,0.4820,,EA,IMP
COSMOS 804,1976-015A,8694,PAY,D,CIS,1976-02-16,TYMSC,1976-02-16,96.38,65.86,614,556,,,EA,IMP
SL-11 R/B,1976-015B,8695,R/B,D,CIS,1976-02-16,TYMSC,1976-02-26,87.69,65.11,199,121,,,EA,IMP
OPS 5140 (DMSP 5C F8),1976-016A,8696,PAY,D,US,1976-02-19,AFWTR,1976-02-19,88.92,98.87,360,82,,,EA,IMP
MARISAT 1,1976-017A,8697,PAY,-,US,1976-02-19,AFETR,,1451.49,5.68,36139,36036,5.8066,,EA,ORB
DELTA 1 R/B(1),1976-017B,8698,R/B,D,US,1976-02-19,AFETR,1976-03-16,88.14,28.57,218,147,,,EA,IMP
COSMOS 805,1976-018A,8699,PAY,D,CIS,1976-02-20,PLMSC,1976-03-11,89.20,67.12,310,159,,,EA,IMP
SL-4 R/B,1976-018B,8700,R/B,D,CIS,1976-02-20,PLMSC,1976-02-27,88.00,67.12,201,150,,,EA,IMP
SL-6 R/B(2),1976-006D,8701,R/B,D,CIS,1976-01-22,TYMSC,2017-05-05,89.92,61.73,448,93,7.6683,,EA,IMP
DELTA 1 R/B(2),1976-017C,8702,R/B,D,US,1976-02-19,AFETR,1982-11-27,90.54,25.40,456,146,3.9426,,EA,IMP
SL-4 DEB,1976-018C,8703,DEB,D,CIS,1976-02-20,PLMSC,1976-02-22,89.10,67.12,321,139,,,EA,IMP
DELTA 1 DEB,1976-017D,8704,DEB,D,US,1976-02-19,AFETR,1976-03-02,90.19,28.58,395,173,,,EA,IMP
DELTA 1 DEB,1976-017E,8705,DEB,D,US,1976-02-19,AFETR,1976-02-29,91.61,28.58,527,181,,,EA,IMP
COSMOS 802 DEB,1976-013C,8706,DEB,D,CIS,1976-02-11,TYMSC,1976-02-25,87.77,64.97,180,148,,,EA,IMP
COSMOS 802 DEB,1976-013D,8707,DEB,D,CIS,1976-02-11,TYMSC,1976-02-29,87.65,64.96,176,141,,,EA,IMP
COSMOS 802 DEB,1976-013E,8708,DEB,D,CIS,1976-02-11,TYMSC,1976-02-26,88.79,64.98,266,163,,,EA,IMP
UME (ISS),1976-019A,8709,PAY,-,JPN,1976-02-29,TANSC,,104.98,69.68,1002,984,1.1407,,EA,ORB
N-1 R/B,1976-019B,8710,R/B,,JPN,1976-02-29,TANSC,,105.11,69.68,1011,988,1.4641,,EA,ORB
COSMOS 806,1976-020A,8737,PAY,D,CIS,1976-03-10,TYMSC,1976-03-23,89.78,71.37,349,178,,,EA,IMP
SL-4 R/B,1976-020B,8738,R/B,D,CIS,1976-03-10,TYMSC,1976-03-15,88.23,71.37,215,158,,,EA,IMP
MOLNIYA 1-33,1976-021A,8741,PAY,D,CIS,1976-03-11,PLMSC,1990-10-10,98.35,62.64,1278,81,24.2586,,EA,IMP
SL-6 R/B(1),1976-021B,8742,R/B,D,CIS,1976-03-11,PLMSC,1976-04-13,88.30,62.84,213,168,,,EA,IMP
SL-6 PLAT,1976-021C,8743,DEB,D,CIS,1976-03-11,PLMSC,1976-04-05,88.11,62.84,207,155,,,EA,IMP
COSMOS 807,1976-022A,8744,PAY,,CIS,1976-03-12,PLMSC,,98.40,82.91,1003,361,2.9810,,EA,ORB
SL-8 R/B,1976-022B,8745,R/B,D,CIS,1976-03-12,PLMSC,2005-06-26,87.51,82.85,163,139,10.4854,,EA,IMP
LES-8,1976-023A,8746,PAY,-,US,1976-03-15,AFETR,,1436.15,22.51,35924,35651,1.8059,,EA,ORB
LES-9,1976-023B,8747,PAY,-,US,1976-03-15,AFETR,,1436.11,22.47,35888,35686,3.0455,,EA,ORB
SOLRAD 11A,1976-023C,8748,PAY,,US,1976-03-15,AFETR,,7317.17,14.68,119321,117623,,,EA,ORB
SOLRAD 11B,1976-023D,8749,PAY,,US,1976-03-15,AFETR,,7338.38,27.33,119521,117905,,,EA,ORB
TITAN 3C R/B(1),1976-023E,8750,R/B,D,US,1976-03-15,AFETR,1976-03-15,87.61,28.60,162,150,,,EA,IMP
TITAN 3C TRANSTAGE R/B,1976-023F,8751,R/B,,US,1976-03-15,AFETR,,1464.54,21.99,36865,35818,2.1863,,EA,ORB
SOLRAD 11A/B PKM,1976-023G,8752,R/B,,US,1976-03-15,AFETR,,3466.43,21.63,102736,36252,,,EA,ORB
SOLRAD 11A/B AKM,1976-023H,8753,R/B,,US,1976-03-15,AFETR,,7693.74,11.65,126696,118743,,,EA,ORB
COSMOS 808,1976-024A,8754,PAY,D,CIS,1976-03-16,PLMSC,1993-11-20,87.22,81.17,144,129,18.4558,,EA,IMP
SL-3 R/B,1976-024B,8755,R/B,D,CIS,1976-03-16,PLMSC,1999-05-08,87.20,81.19,143,129,9.0557,,EA,IMP
COSMOS 809,1976-025A,8758,PAY,D,CIS,1976-03-18,TYMSC,1976-03-30,89.42,65.03,291,201,,,EA,IMP
SL-4 R/B,1976-025B,8759,R/B,D,CIS,1976-03-18,TYMSC,1976-03-26,88.03,65.03,182,172,,,EA,IMP
SL-4 DEB,1976-025C,8760,DEB,D,CIS,1976-03-18,TYMSC,1976-03-19,88.60,65.02,221,189,,,EA,IMP
SL-4 DEB,1976-025D,8761,DEB,D,CIS,1976-03-18,TYMSC,1976-03-19,90.05,65.12,354,200,,,EA,IMP
MOLNIYA 1-34,1976-026A,8762,PAY,D,CIS,1976-03-19,TYMSC,1985-05-14,94.26,63.63,884,81,12.6800,,EA,IMP
SL-6 R/B(1),1976-026B,8763,R/B,D,CIS,1976-03-19,TYMSC,1976-04-27,88.21,63.00,194,178,,,EA,IMP
SL-6 PLAT,1976-026C,8767,DEB,D,CIS,1976-03-19,TYMSC,1976-05-07,88.24,63.02,203,171,,,EA,IMP
COSMOS 806 DEB,1976-020C,8768,DEB,D,CIS,1976-03-10,TYMSC,1976-03-30,88.02,71.37,198,154,,,EA,IMP
COSMOS 806 DEB,1976-020D,8769,DEB,D,CIS,1976-03-10,TYMSC,1976-03-26,88.24,71.35,212,163,,,EA,IMP
OPS 7600,1976-027A,8770,PAY,D,US,1976-03-22,AFWTR,1976-05-18,87.37,96.42,223,66,,,EA,IMP
COSMOS 806 DEB,1976-020E,8771,DEB,D,CIS,1976-03-10,TYMSC,1976-03-25,88.73,71.36,247,176,,,EA,IMP
COSMOS 810,1976-028A,8772,PAY,D,CIS,1976-03-26,PLMSC,1976-04-08,89.19,62.81,304,165,,,EA,IMP
SL-4 R/B,1976-028B,8773,R/B,D,CIS,1976-03-26,PLMSC,1976-04-01,88.03,62.78,202,153,,,EA,IMP
SATCOM 2,1976-029A,8774,PAY,,US,1976-03-26,AFETR,,1460.06,8.79,36499,36010,2.9282,,EA,ORB
DELTA 1 R/B(1),1976-029B,8775,R/B,D,US,1976-03-26,AFETR,1976-12-02,88.81,28.36,283,148,,,EA,IMP
COSMOS 811,1976-030A,8781,PAY,D,CIS,1976-03-31,PLMSC,1976-04-12,89.80,72.85,326,203,,,EA,IMP
SL-4 R/B,1976-030B,8782,R/B,D,CIS,1976-03-31,PLMSC,1976-04-10,88.10,72.83,192,169,,,EA,IMP
SL-4 DEB,1976-030C,8783,DEB,D,CIS,1976-03-31,PLMSC,1976-04-13,89.16,72.84,270,196,,,EA,IMP
SL-6 R/B(2),1976-026D,8792,R/B,D,CIS,1976-03-19,TYMSC,1984-12-23,91.59,63.84,629,77,8.7420,,EA,IMP
DELTA 1 R/B(2),1976-029C,8793,R/B,D,US,1976-03-26,AFETR,1982-06-11,90.79,26.53,472,155,2.7720,,EA,IMP
COSMOS 812,1976-031A,8794,PAY,D,CIS,1976-04-06,PLMSC,1980-10-30,87.95,73.97,180,166,5.2700,,EA,IMP
SL-8 R/B,1976-031B,8795,R/B,D,CIS,1976-04-06,PLMSC,1981-01-05,88.82,74.00,220,212,9.3816,,EA,IMP
COSMOS 810 DEB,1976-028C,8796,DEB,D,CIS,1976-03-26,PLMSC,1976-04-07,88.02,62.81,203,150,,,EA,IMP
COSMOS 810 DEB,1976-028D,8797,DEB,D,CIS,1976-03-26,PLMSC,1976-04-10,87.69,62.80,180,140,,,EA,IMP
COSMOS 810 DEB,1976-028E,8798,DEB,D,CIS,1976-03-26,PLMSC,1976-04-07,87.92,62.83,209,134,,,EA,IMP
METEOR 1-24,1976-032A,8799,PAY,,CIS,1976-04-07,PLMSC,,101.99,81.26,878,828,3.1120,,EA,ORB
SL-3 R/B,1976-032B,8800,R/B,,CIS,1976-04-07,PLMSC,,102.08,81.25,926,788,6.7965,,EA,ORB
COSMOS 813,1976-033A,8801,PAY,D,CIS,1976-04-09,PLMSC,1976-04-21,88.79,81.34,227,203,,,EA,IMP
SL-4 R/B,1976-033B,8802,R/B,D,CIS,1976-04-09,PLMSC,1976-04-14,87.52,81.34,152,152,,,EA,IMP
COSMOS 811 DEB,1976-030D,8803,DEB,D,CIS,1976-03-31,PLMSC,1976-04-14,88.50,72.85,231,170,,,EA,IMP
COSMOS 811 DEB,1976-030E,8804,DEB,D,CIS,1976-03-31,PLMSC,1976-04-16,88.14,72.84,192,173,,,EA,IMP
COSMOS 811 DEB,1976-030F,8805,DEB,D,CIS,1976-03-31,PLMSC,1976-04-15,89.71,72.81,315,205,,,EA,IMP
COSMOS 814,1976-034A,8806,PAY,D,CIS,1976-04-13,TYMSC,1976-04-13,90.48,65.07,479,117,,,EA,IMP
SL-11 R/B,1976-034B,8807,R/B,D,CIS,1976-04-13,TYMSC,1976-04-16,88.63,65.11,282,132,,,EA,IMP
NATO 3A,1976-035A,8808,PAY,,NATO,1976-04-22,AFETR,,1442.14,4.84,36014,35795,7.0204,,EA,ORB
DELTA 1 R/B(1),1976-035B,8809,R/B,D,US,1976-04-22,AFETR,1976-05-30,88.43,28.21,241,153,,,EA,IMP
DELTA 1 R/B(2),1976-035C,8810,R/B,D,US,1976-04-22,AFETR,1978-11-01,94.65,26.46,872,132,2.3210,,EA,IMP
COSMOS 815,1976-036A,8811,PAY,D,CIS,1976-04-28,PLMSC,1976-05-11,88.84,81.33,224,211,,,EA,IMP
COSMOS 816,1976-037A,8812,PAY,D,CIS,1976-04-28,PLMSC,1979-11-24,89.43,65.80,254,239,20.0000,,EA,IMP
SL-4 R/B,1976-036B,8813,R/B,D,CIS,1976-04-28,PLMSC,1976-05-02,88.13,81.33,182,182,,,EA,IMP
SL-8 R/B,1976-037B,8814,R/B,D,CIS,1976-04-28,PLMSC,1979-11-16,87.39,65.80,147,144,17.9555,,EA,IMP
SL-4 DEB,1976-036C,8815,DEB,D,CIS,1976-04-28,PLMSC,1976-05-01,88.49,81.31,206,194,,,EA,IMP
SL-4 DEB,1976-036D,8816,DEB,D,CIS,1976-04-28,PLMSC,1976-05-01,88.74,81.29,216,208,,,EA,IMP
SL-4 DEB,1976-036E,8817,DEB,D,CIS,1976-04-28,PLMSC,1976-05-03,89.39,81.32,273,215,,,EA,IMP
OPS 6431,1976-038A,8818,PAY,,US,1976-04-30,AFWTR,,103.47,63.36,1179,666,,,EA,ORB
ATLAS R/B,1976-038B,8819,R/B,,US,1976-04-30,AFWTR,,,,,,,NEA,EA,ORB
LAGEOS 1,1976-039A,8820,PAY,+,US,1976-05-04,AFWTR,,225.47,109.81,5948,5838,0.3981,,EA,ORB
DELTA 1 R/B,1976-039B,8821,R/B,D,US,1976-05-04,AFWTR,1991-09-22,87.58,109.48,170,138,3.7028,,EA,IMP
LAGEOS 1 AKM,1976-039C,8822,R/B,,US,1976-05-04,AFWTR,,225.40,109.81,5946,5835,2.4091,,EA,ORB
COSMOS 817,1976-040A,8823,PAY,D,CIS,1976-05-05,TYMSC,1976-05-18,89.23,64.99,302,171,,,EA,IMP
SL-4 R/B,1976-040B,8824,R/B,D,CIS,1976-05-05,TYMSC,1976-05-10,88.15,65.00,208,158,,,EA,IMP
SL-4 DEB,1976-040C,8825,DEB,D,CIS,1976-05-05,TYMSC,1976-05-06,88.75,65.00,267,158,,,EA,IMP
COSMOS 815 DEB,1976-036F,8830,DEB,D,CIS,1976-04-28,PLMSC,1976-05-20,87.37,81.31,147,141,,,EA,IMP
COSMOS 815 DEB,1976-036G,8831,DEB,D,CIS,1976-04-28,PLMSC,1976-05-13,88.60,81.31,218,192,,,EA,IMP
TITAN 3C TRANSTAGE DEB,1976-023J,8832,DEB,,US,1976-03-15,AFETR,,1465.52,21.93,36957,35764,0.9841,,EA,ORB
MOLNIYA 3-5,1976-041A,8833,PAY,D,CIS,1976-05-12,PLMSC,1990-02-04,98.42,62.15,1282,84,21.5992,,EA,IMP
SL-6 R/B(1),1976-041B,8834,R/B,D,CIS,1976-05-12,PLMSC,1976-08-05,88.01,62.79,191,161,,,EA,IMP
SSU 1,1976-038C,8835,PAY,,US,1976-04-30,AFWTR,,104.11,63.36,1229,677,,,EA,ORB
SSU 2,1976-038D,8836,PAY,,US,1976-04-30,AFWTR,,104.12,63.36,1228,678,,,EA,ORB
SL-6 PLAT,1976-041C,8837,DEB,D,CIS,1976-05-12,PLMSC,1976-09-08,87.71,62.79,161,161,,,EA,IMP
COMSTAR 1,1976-042A,8838,PAY,,US,1976-05-13,AFETR,,1442.66,7.84,35932,35898,2.2754,,EA,ORB
OPS 6431 DEB,1976-038E,8839,DEB,,US,1976-04-30,AFWTR,,,,,,,NEA,EA,ORB
ATLAS CENTAUR R/B,1976-042B,8840,R/B,,US,1976-05-13,AFETR,,646.96,20.91,36226,575,14.8503,,EA,ORB
COSMOS 815 DEB,1976-036H,8841,DEB,D,CIS,1976-04-28,PLMSC,1976-05-15,88.69,81.29,236,183,,,EA,IMP
OPS 6431 DEB,1976-038F,8842,DEB,,US,1976-04-30,AFWTR,,,,,,,NEA,EA,ORB
OPS 6431 DEB,1976-038G,8843,DEB,,US,1976-04-30,AFWTR,,,,,,,NEA,EA,ORB
SL-6 R/B(2),1976-041D,8844,R/B,D,CIS,1976-05-12,PLMSC,1990-05-05,710.55,61.91,39869,129,15.9009,,EA,IMP
METEOR 1-25,1976-043A,8845,PAY,,CIS,1976-05-15,PLMSC,,101.99,81.26,882,824,4.0300,,EA,ORB
SL-3 R/B,1976-043B,8846,R/B,,CIS,1976-05-15,PLMSC,,102.20,81.23,891,834,5.1982,,EA,ORB
SL-6 DEB,1976-041E,8847,DEB,D,CIS,1976-05-12,PLMSC,1976-07-04,91.23,63.22,467,203,,,EA,IMP
COSMOS 817 DEB,1976-040D,8848,DEB,D,CIS,1976-05-05,TYMSC,1976-05-24,88.09,64.98,205,155,,,EA,IMP
COSMOS 817 DEB,1976-040E,8849,DEB,D,CIS,1976-05-05,TYMSC,1976-05-19,87.85,64.97,204,132,,,EA,IMP
COSMOS 817 DEB,1976-040F,8850,DEB,D,CIS,1976-05-05,TYMSC,1976-05-18,88.96,64.96,276,171,,,EA,IMP
COSMOS 818,1976-044A,8851,PAY,D,CIS,1976-05-18,PLMSC,1977-03-07,87.29,71.03,147,134,4.6060,,EA,IMP
SL-7 R/B,1976-044B,8852,R/B,D,CIS,1976-05-18,PLMSC,1976-10-28,87.69,71.03,160,160,,,EA,IMP
COSMOS 819,1976-045A,8853,PAY,D,CIS,1976-05-20,TYMSC,1976-06-01,89.32,64.99,283,198,,,EA,IMP
SL-4 R/B,1976-045B,8854,R/B,D,CIS,1976-05-20,TYMSC,1976-05-30,88.25,65.00,196,180,,,EA,IMP
SL-4 DEB,1976-045C,8855,DEB,D,CIS,1976-05-20,TYMSC,1976-05-22,89.45,65.00,290,205,,,EA,IMP
COSMOS 820,1976-046A,8856,PAY,D,CIS,1976-05-21,PLMSC,1976-06-02,88.79,81.33,228,202,,,EA,IMP
SL-4 R/B,1976-046B,8857,R/B,D,CIS,1976-05-21,PLMSC,1976-05-24,87.68,81.34,163,156,,,EA,IMP
SL-4 DEB,1976-046C,8858,DEB,D,CIS,1976-05-21,PLMSC,1976-05-21,87.93,81.67,257,87,,,EA,IMP
OPS 6431 DEB,1976-038H,8859,DEB,,US,1976-04-30,AFWTR,,,,,,,NEA,EA,ORB
P 76-5,1976-047A,8860,PAY,,US,1976-05-22,AFWTR,,105.24,99.90,1036,975,1.2680,,EA,ORB
SCOUT B-1 R/B,1976-047B,8861,R/B,,US,1976-05-22,AFWTR,,105.36,99.84,1042,980,0.7154,,EA,ORB
COSMOS 821,1976-048A,8862,PAY,D,CIS,1976-05-26,PLMSC,1976-06-08,89.52,72.82,333,168,,,EA,IMP
SL-4 R/B,1976-048B,8863,R/B,D,CIS,1976-05-26,PLMSC,1976-06-07,88.00,72.81,183,168,,,EA,IMP
SL-4 DEB,1976-048C,8864,DEB,D,CIS,1976-05-26,PLMSC,1976-06-02,89.65,72.84,312,203,,,EA,IMP
COSMOS 822,1976-049A,8865,PAY,D,CIS,1976-05-28,PLMSC,1978-08-08,88.05,74.02,193,162,6.3038,,EA,IMP
SL-8 R/B,1976-049B,8866,R/B,D,CIS,1976-05-28,PLMSC,1977-12-23,87.78,74.02,166,163,6.7657,,EA,IMP
SCOUT B-1 DEB,1976-047C,8867,DEB,,US,1976-05-22,AFWTR,,106.09,99.20,1101,990,0.0510,,EA,ORB
SCOUT B-1 DEB,1976-047D,8868,DEB,,US,1976-05-22,AFWTR,,104.22,100.07,995,921,0.0460,,EA,ORB
COSMOS 820 DEB,1976-046D,8869,DEB,D,CIS,1976-05-21,PLMSC,1976-06-04,88.22,81.35,190,183,,,EA,IMP
COSMOS 820 DEB,1976-046E,8870,DEB,D,CIS,1976-05-21,PLMSC,1976-06-10,87.50,81.35,150,150,,,EA,IMP
OPS 7837,1976-050A,8871,PAY,,US,1976-06-02,AFWTR,,,,,,,NEA,EA,ORB
TITAN 34B R/B,1976-050B,8872,R/B,,US,1976-06-02,AFWTR,,512.45,62.79,29534,135,,NEA,EA,ORB
COSMOS 823,1976-051A,8873,PAY,,CIS,1976-06-02,PLMSC,,104.84,82.96,1004,970,1.7640,,EA,ORB
SL-8 R/B,1976-051B,8874,R/B,,CIS,1976-06-02,PLMSC,,104.70,82.96,997,964,4.6390,,EA,ORB
COSMOS 821 DEB,1976-048D,8875,DEB,D,CIS,1976-05-26,PLMSC,1976-06-14,88.19,72.82,217,153,,,EA,IMP
COSMOS 821 DEB,1976-048E,8876,DEB,D,CIS,1976-05-26,PLMSC,1976-06-09,89.35,72.82,319,166,,,EA,IMP
COSMOS 824,1976-052A,8877,PAY,D,CIS,1976-06-08,TYMSC,1976-06-21,89.43,71.38,325,167,,,EA,IMP
SL-4 R/B,1976-052B,8878,R/B,D,CIS,1976-06-08,TYMSC,1976-06-20,87.66,71.37,159,158,,,EA,IMP
COSMOS 821 DEB,1976-048F,8879,DEB,D,CIS,1976-05-26,PLMSC,1976-06-09,88.58,72.81,246,163,,,EA,IMP
SL-4 DEB,1976-052C,8880,DEB,D,CIS,1976-06-08,TYMSC,1976-06-16,88.89,71.34,245,194,,,EA,IMP
SL-4 DEB,1976-052D,8881,DEB,D,CIS,1976-06-08,TYMSC,1976-06-10,88.71,71.38,227,195,,,EA,IMP
MARISAT 3,1976-053A,8882,PAY,-,US,1976-06-10,AFETR,,1501.56,7.58,37633,36484,3.0563,,EA,ORB
DELTA 1 R/B(1),1976-053B,8883,R/B,D,US,1976-06-10,AFETR,1977-08-25,87.84,28.52,176,159,19.2769,,EA,IMP
SSU 3,1976-038J,8884,PAY,,US,1976-04-30,AFWTR,,103.74,63.36,1202,669,,,EA,ORB
COSMOS 816 DEB,1976-037C,8885,DEB,D,CIS,1976-04-28,PLMSC,1977-07-12,90.94,65.81,322,320,0.1910,,EA,IMP
COSMOS 816 DEB,1976-037D,8886,DEB,D,CIS,1976-04-28,PLMSC,1977-07-26,90.69,65.80,314,303,0.2936,,EA,IMP
DELTA 1 DEB,1976-053C,8887,DEB,D,US,1976-06-10,AFETR,1976-07-02,90.57,28.55,425,180,,,EA,IMP
DELTA 1 DEB,1976-053D,8888,DEB,D,US,1976-06-10,AFETR,1976-06-30,91.83,28.56,556,173,,,EA,IMP
COSMOS 825,1976-054A,8889,PAY,,CIS,1976-06-15,PLMSC,,114.67,74.00,1486,1395,0.6719,,EA,ORB
COSMOS 826,1976-054B,8890,PAY,,CIS,1976-06-15,PLMSC,,116.26,74.00,1544,1481,0.6724,,EA,ORB
COSMOS 827,1976-054C,8891,PAY,,CIS,1976-06-15,PLMSC,,114.90,74.00,1489,1413,0.6449,,EA,ORB
COSMOS 828,1976-054D,8892,PAY,,CIS,1976-06-15,PLMSC,,115.11,74.00,1489,1432,0.6556,,EA,ORB
COSMOS 829,1976-054E,8893,PAY,,CIS,1976-06-15,PLMSC,,115.32,74.00,1490,1450,0.6765,,EA,ORB
COSMOS 830,1976-054F,8894,PAY,,CIS,1976-06-15,PLMSC,,115.55,74.00,1493,1468,0.6659,,EA,ORB
COSMOS 831,1976-054G,8895,PAY,,CIS,1976-06-15,PLMSC,,115.78,74.00,1507,1475,0.6788,,EA,ORB
COSMOS 832,1976-054H,8896,PAY,,CIS,1976-06-15,PLMSC,,116.01,74.00,1520,1482,0.6780,,EA,ORB
SL-8 R/B,1976-054J,8897,R/B,,CIS,1976-06-15,PLMSC,,117.93,74.00,1688,1488,5.6399,,EA,ORB
COSMOS 833,1976-055A,8898,PAY,D,CIS,1976-06-16,PLMSC,1976-06-29,89.29,62.82,301,178,,,EA,IMP
SL-4 R/B,1976-055B,8899,R/B,D,CIS,1976-06-16,PLMSC,1976-06-23,88.09,62.81,195,165,,,EA,IMP
SL-4 DEB,1976-055C,8900,DEB,D,CIS,1976-06-16,PLMSC,1976-06-17,88.95,62.76,274,170,,,EA,IMP
SL-4 DEB,1976-055D,8901,DEB,D,CIS,1976-06-16,PLMSC,1976-06-21,89.15,63.08,300,165,,,EA,IMP
DELTA 1 DEB,1976-053E,8902,DEB,D,US,1976-06-10,AFETR,1976-07-07,90.77,28.58,451,174,,,EA,IMP
INTERCOSMOS 15,1976-056A,8903,PAY,D,CIS,1976-06-19,PLMSC,1979-11-18,88.41,74.00,203,189,15.6072,,EA,IMP
SL-8 R/B,1976-056B,8904,R/B,D,CIS,1976-06-19,PLMSC,1980-01-15,87.97,74.01,177,171,14.9575,,EA,IMP
COSMOS 824 DEB,1976-052E,8905,DEB,D,CIS,1976-06-08,TYMSC,1976-06-26,88.15,71.36,214,152,,,EA,IMP
COSMOS 824 DEB,1976-052F,8906,DEB,D,CIS,1976-06-08,TYMSC,1976-06-23,88.37,71.37,228,160,,,EA,IMP
COSMOS 824 DEB,1976-052G,8907,DEB,D,CIS,1976-06-08,TYMSC,1976-06-22,88.53,71.30,239,165,,,EA,IMP
DELTA 1 R/B(2),1976-053F,8910,R/B,D,US,1976-06-10,AFETR,1988-03-05,89.24,25.57,336,138,3.4468,,EA,IMP
SALYUT 5,1976-057A,8911,PAY,D,CIS,1976-06-22,TYMSC,1977-08-08,88.15,51.56,185,182,,,EA,IMP
SL-13 R/B,1976-057B,8912,R/B,D,CIS,1976-06-22,TYMSC,1976-06-30,87.62,51.60,174,140,,,EA,IMP
SL-13 DEB,1976-057C,8913,DEB,D,CIS,1976-06-22,TYMSC,1976-06-24,88.48,51.59,204,194,,,EA,IMP
COSMOS 834,1976-058A,8914,PAY,D,CIS,1976-06-24,PLMSC,1976-07-06,88.91,81.37,229,212,,,EA,IMP
SL-4 R/B,1976-058B,8915,R/B,D,CIS,1976-06-24,PLMSC,1976-06-30,88.13,81.39,182,182,,,EA,IMP
OPS 2112 (DSP 6),1976-059A,8916,PAY,-,US,1976-06-26,AFETR,,1447.54,3.18,36030,35990,,,EA,ORB
TITAN 3C R/B(1),1976-059B,8917,R/B,D,US,1976-06-26,AFETR,1976-06-30,88.63,28.76,294,120,,,EA,IMP
TITAN 3C TRANSTAGE R/B,1976-059C,8918,R/B,,US,1976-06-26,AFETR,,1432.31,2.57,35752,35673,,,EA,ORB
OPS 2112 DEB,1976-059D,8919,DEB,,US,1976-06-26,AFETR,,,,,,,NEA,EA,ORB
COSMOS 833 DEB,1976-055E,8920,DEB,D,CIS,1976-06-16,PLMSC,1976-07-08,88.48,62.82,231,167,,,EA,IMP
COSMOS 833 DEB,1976-055F,8921,DEB,D,CIS,1976-06-16,PLMSC,1976-07-01,88.26,62.89,238,139,,,EA,IMP
COSMOS 835,1976-060A,8922,PAY,D,CIS,1976-06-29,TYMSC,1976-07-12,89.20,64.96,297,172,,,EA,IMP
COSMOS 836,1976-061A,8923,PAY,,CIS,1976-06-29,PLMSC,,100.41,74.05,790,766,1.7502,,EA,ORB
SL-8 R/B,1976-061B,8924,R/B,,CIS,1976-06-29,PLMSC,,100.09,74.06,773,753,4.2449,,EA,ORB
SL-4 R/B,1976-060B,8925,R/B,D,CIS,1976-06-29,TYMSC,1976-07-04,88.40,64.96,226,165,,,EA,IMP
COSMOS 833 DEB,1976-055G,8926,DEB,D,CIS,1976-06-16,PLMSC,1976-06-30,88.43,62.78,225,169,,,EA,IMP
COSMOS 837,1976-062A,8927,PAY,D,CIS,1976-07-01,PLMSC,1983-11-18,87.26,62.68,144,133,8.7145,,EA,IMP
SL-6 R/B(1),1976-062B,8928,R/B,D,CIS,1976-07-01,PLMSC,1976-08-05,88.24,62.78,200,175,,,EA,IMP
SL-6 PLAT,1976-062C,8929,DEB,D,CIS,1976-07-01,PLMSC,1976-07-21,88.15,62.81,209,157,,,EA,IMP
SL-6 DEB,1976-062D,8930,DEB,D,CIS,1976-07-01,PLMSC,1976-07-20,89.71,62.85,317,203,,,EA,IMP
SL-6 R/B(2),1976-062E,8931,R/B,D,CIS,1976-07-01,PLMSC,1982-09-26,87.61,62.68,165,147,16.0646,,EA,IMP
COSMOS 838,1976-063A,8932,PAY,D,CIS,1976-07-02,TYMSC,1977-08-23,93.15,65.06,443,414,36.8720,,EA,IMP
SL-11 R/B,1976-063B,8933,R/B,D,CIS,1976-07-02,TYMSC,1976-07-03,89.46,65.03,381,115,,,EA,IMP
SOYUZ 21,1976-064A,8934,PAY,D,CIS,1976-07-06,TYMSC,1976-08-24,89.79,51.59,269,259,,,EA,LAN
SL-4 R/B,1976-064B,8935,R/B,D,CIS,1976-07-06,TYMSC,1976-07-09,87.65,51.57,167,149,,,EA,IMP
OPS 4699,1976-065A,9006,PAY,D,US,1976-07-08,AFWTR,1976-12-13,88.70,96.86,257,163,,,EA,IMP
OPS 3986,1976-065B,9007,PAY,D,US,1976-07-08,AFWTR,1986-04-24,,,,,,NEA,EA,IMP
OPS 5366,1976-065C,9008,PAY,,US,1976-07-08,AFWTR,,,,,,,NEA,EA,ORB
PALAPA 1,1976-066A,9009,PAY,,INDO,1976-07-08,AFETR,,1438.47,7.76,35854,35813,5.0720,,EA,ORB
TITAN 3D R/B,1976-065D,9010,R/B,D,US,1976-07-08,AFWTR,1976-07-10,87.58,96.99,165,144,,,EA,IMP
COSMOS 839,1976-067A,9011,PAY,,CIS,1976-07-08,PLMSC,,116.80,65.85,2099,975,0.7960,,EA,ORB
DELTA 1 R/B(1),1976-066B,9012,R/B,D,US,1976-07-08,AFETR,1976-07-10,88.17,28.73,220,148,,,EA,IMP
SL-8 R/B,1976-067B,9013,R/B,,CIS,1976-07-08,PLMSC,,116.56,65.87,2093,959,5.3761,,EA,ORB
COSMOS 835 DEB,1976-060C,9014,DEB,D,CIS,1976-06-29,TYMSC,1976-07-20,87.45,64.95,155,141,,,EA,IMP
COSMOS 835 DEB,1976-060D,9015,DEB,D,CIS,1976-06-29,TYMSC,1976-07-14,88.55,64.96,238,168,,,EA,IMP
SL-8 DEB,1976-067C,9016,DEB,,CIS,1976-07-08,PLMSC,,116.81,65.87,2097,978,0.4122,,EA,ORB
DELTA 1 R/B(2),1976-066C,9017,R/B,D,US,1976-07-08,AFETR,2004-12-06,87.14,24.38,158,108,2.2672,,EA,IMP
COSMOS 835 DEB,1976-060E,9018,DEB,D,CIS,1976-06-29,TYMSC,1976-07-16,89.89,64.99,382,156,,,EA,IMP
COSMOS 840,1976-068A,9019,PAY,D,CIS,1976-07-14,PLMSC,1976-07-26,89.62,72.87,311,201,,,EA,IMP
SL-4 R/B,1976-068B,9020,R/B,D,CIS,1976-07-14,PLMSC,1976-07-25,88.91,72.87,257,184,,,EA,IMP
SL-4 DEB,1976-068C,9021,DEB,D,CIS,1976-07-14,PLMSC,1976-07-17,89.21,72.85,268,203,,,EA,IMP
COSMOS 841,1976-069A,9022,PAY,,CIS,1976-07-15,PLMSC,,100.22,74.04,779,759,2.0359,,EA,ORB
SL-8 R/B,1976-069B,9023,R/B,,CIS,1976-07-15,PLMSC,,99.91,74.04,766,743,4.0921,,EA,ORB
COSMOS 842,1976-070A,9025,PAY,,CIS,1976-07-21,PLMSC,,104.78,82.99,1006,963,2.5920,,EA,ORB
COSMOS 843,1976-071A,9043,PAY,D,CIS,1976-07-21,TYMSC,1976-07-22,88.60,65.07,276,135,,,EA,IMP
SL-8 R/B,1976-070B,9044,R/B,,CIS,1976-07-21,PLMSC,,104.62,82.99,986,967,3.7526,,EA,ORB
SL-11 R/B,1976-071B,9045,R/B,D,CIS,1976-07-21,TYMSC,1976-07-23,88.18,65.10,243,126,,,EA,IMP
COSMOS 844,1976-072A,9046,PAY,D,CIS,1976-07-22,PLMSC,1976-08-30,88.77,67.15,267,161,,,EA,IMP
COMSTAR 2,1976-073A,9047,PAY,,US,1976-07-22,AFETR,,1440.46,7.79,35877,35867,1.8769,,EA,ORB
SL-4 R/B,1976-072B,9048,R/B,D,CIS,1976-07-22,PLMSC,1976-07-30,88.27,67.13,224,154,,,EA,IMP
MOLNIYA 1-35,1976-074A,9049,PAY,D,CIS,1976-07-23,TYMSC,1987-05-30,90.81,63.44,496,133,22.5495,,EA,IMP
SL-6 R/B(1),1976-074B,9050,R/B,D,CIS,1976-07-23,TYMSC,1976-10-02,87.82,62.89,171,162,,,EA,IMP
SL-6 PLAT,1976-074C,9051,DEB,D,CIS,1976-07-23,TYMSC,1976-09-18,87.74,62.88,173,152,,,EA,IMP
SL-6 DEB,1976-074D,9052,DEB,D,CIS,1976-07-23,TYMSC,1976-09-01,91.81,62.89,510,216,,,EA,IMP
COSMOS 845,1976-075A,9053,PAY,D,CIS,1976-07-27,PLMSC,1980-11-15,88.24,74.03,192,182,7.1554,,EA,IMP
SL-8 R/B,1976-075B,9054,R/B,D,CIS,1976-07-27,PLMSC,1981-02-28,87.37,74.03,151,138,17.4600,,EA,IMP
INTERCOSMOS 16,1976-076A,9055,PAY,D,CIS,1976-07-27,KYMSC,1979-07-10,89.39,50.54,247,242,6.2492,,EA,IMP
SL-8 R/B,1976-076B,9056,R/B,D,CIS,1976-07-27,KYMSC,1980-02-21,87.71,50.54,162,161,17.7525,,EA,IMP
NOAA 5,1976-077A,9057,PAY,-,US,1976-07-29,AFWTR,,116.33,102.31,1523,1508,1.6254,,EA,ORB
SL-8 DEB,1976-075C,9058,DEB,D,CIS,1976-07-27,PLMSC,1978-07-18,92.38,74.05,408,375,0.0047,,EA,IMP
SALYUT 5 DEB,1976-057D,9059,DEB,D,CIS,1976-06-22,TYMSC,1976-08-13,88.97,51.58,226,221,,,EA,IMP
SALYUT 5 DEB,1976-057E,9060,DEB,D,CIS,1976-06-22,TYMSC,1976-08-13,88.48,51.59,199,199,,,EA,IMP
COSMOS 846,1976-078A,9061,PAY,,CIS,1976-07-29,PLMSC,,104.60,82.93,1006,946,1.5781,,EA,ORB
SL-8 R/B,1976-078B,9062,R/B,,CIS,1976-07-29,PLMSC,,104.44,82.94,989,947,3.9990,,EA,ORB
DELTA 1 R/B,1976-077B,9063,R/B,,US,1976-07-29,AFWTR,,115.15,102.05,1510,1415,5.3979,,EA,ORB
COSMOS 844 DEB,1976-072C,9064,DEB,D,CIS,1976-07-22,PLMSC,1976-08-02,,,,,,,EA,IMP
COSMOS 844 DEB,1976-072D,9065,DEB,D,CIS,1976-07-22,PLMSC,1976-08-02,,,,,,,EA,IMP
COSMOS 844 DEB,1976-072E,9066,DEB,D,CIS,1976-07-22,PLMSC,1976-08-02,,,,,,,EA,IMP
COSMOS 844 DEB,1976-072F,9067,DEB,D,CIS,1976-07-22,PLMSC,1976-08-02,,,,,,,EA,IMP
COSMOS 844 DEB,1976-072G,9068,DEB,D,CIS,1976-07-22,PLMSC,1976-08-02,,,,,,,EA,IMP
COSMOS 844 DEB,1976-072H,9069,DEB,D,CIS,1976-07-22,PLMSC,1976-08-02,,,,,,,EA,IMP
COSMOS 844 DEB,1976-072J,9070,DEB,D,CIS,1976-07-22,PLMSC,1976-08-02,,,,,,,EA,IMP
COSMOS 844 DEB,1976-072K,9071,DEB,D,CIS,1976-07-22,PLMSC,1976-08-02,,,,,,,EA,IMP
COSMOS 844 DEB,1976-072L,9072,DEB,D,CIS,1976-07-22,PLMSC,1976-08-02,,,,,,,EA,IMP
COSMOS 844 DEB,1976-072M,9073,DEB,D,CIS,1976-07-22,PLMSC,1976-08-02,,,,,,,EA,IMP
COSMOS 844 DEB,1976-072N,9074,DEB,D,CIS,1976-07-22,PLMSC,1976-08-02,,,,,,,EA,IMP
COSMOS 844 DEB,1976-072P,9075,DEB,D,CIS,1976-07-22,PLMSC,1976-08-02,,,,,,,EA,IMP
COSMOS 844 DEB,1976-072Q,9076,DEB,D,CIS,1976-07-22,PLMSC,1976-08-02,,,,,,,EA,IMP
COSMOS 844 DEB,1976-072R,9077,DEB,D,CIS,1976-07-22,PLMSC,1976-08-02,,,,,,,EA,IMP
COSMOS 844 DEB,1976-072S,9078,DEB,D,CIS,1976-07-22,PLMSC,1976-08-02,,,,,,,EA,IMP
COSMOS 844 DEB,1976-072T,9079,DEB,D,CIS,1976-07-22,PLMSC,1976-08-02,,,,,,,EA,IMP
COSMOS 844 DEB,1976-072U,9080,DEB,D,CIS,1976-07-22,PLMSC,1976-08-02,,,,,,,EA,IMP
COSMOS 844 DEB,1976-072V,9081,DEB,D,CIS,1976-07-22,PLMSC,1976-08-02,,,,,,,EA,IMP
COSMOS 844 DEB,1976-072W,9082,DEB,D,CIS,1976-07-22,PLMSC,1976-08-02,,,,,,,EA,IMP
COSMOS 844 DEB,1976-072X,9083,DEB,D,CIS,1976-07-22,PLMSC,1976-08-02,,,,,,,EA,IMP
COSMOS 844 DEB,1976-072Y,9084,DEB,D,CIS,1976-07-22,PLMSC,1976-08-02,,,,,,,EA,IMP
COSMOS 844 DEB,1976-072Z,9085,DEB,D,CIS,1976-07-22,PLMSC,1976-08-02,,,,,,,EA,IMP
COSMOS 844 DEB,1976-072AA,9086,DEB,D,CIS,1976-07-22,PLMSC,1976-08-02,,,,,0.3400,,EA,IMP
COSMOS 844 DEB,1976-072AB,9087,DEB,D,CIS,1976-07-22,PLMSC,1976-08-02,,,,,,,EA,IMP
COSMOS 844 DEB,1976-072AC,9088,DEB,D,CIS,1976-07-22,PLMSC,1976-08-02,,,,,,,EA,IMP
COSMOS 844 DEB,1976-072AD,9089,DEB,D,CIS,1976-07-22,PLMSC,1976-08-02,,,,,,,EA,IMP
COSMOS 844 DEB,1976-072AE,9090,DEB,D,CIS,1976-07-22,PLMSC,1976-08-02,,,,,,,EA,IMP
COSMOS 844 DEB,1976-072AF,9091,DEB,D,CIS,1976-07-22,PLMSC,1976-08-02,,,,,,,EA,IMP
COSMOS 844 DEB,1976-072AG,9092,DEB,D,CIS,1976-07-22,PLMSC,1976-08-02,,,,,,,EA,IMP
COSMOS 844 DEB,1976-072AH,9093,DEB,D,CIS,1976-07-22,PLMSC,1976-08-02,,,,,,,EA,IMP
COSMOS 844 DEB,1976-072AJ,9094,DEB,D,CIS,1976-07-22,PLMSC,1976-08-02,,,,,,,EA,IMP
COSMOS 844 DEB,1976-072AK,9095,DEB,D,CIS,1976-07-22,PLMSC,1976-08-02,,,,,,,EA,IMP
COSMOS 844 DEB,1976-072AL,9096,DEB,D,CIS,1976-07-22,PLMSC,1976-08-02,,,,,,,EA,IMP
COSMOS 844 DEB,1976-072AM,9097,DEB,D,CIS,1976-07-22,PLMSC,1976-08-02,,,,,,,EA,IMP
COSMOS 844 DEB,1976-072AN,9098,DEB,D,CIS,1976-07-22,PLMSC,1976-08-02,,,,,,,EA,IMP
COSMOS 844 DEB,1976-072AP,9099,DEB,D,CIS,1976-07-22,PLMSC,1976-08-02,,,,,,,EA,IMP
COSMOS 844 DEB,1976-072AQ,9100,DEB,D,CIS,1976-07-22,PLMSC,1976-08-02,,,,,,,EA,IMP
COSMOS 844 DEB,1976-072AR,9101,DEB,D,CIS,1976-07-22,PLMSC,1976-08-02,,,,,,,EA,IMP
COSMOS 844 DEB,1976-072AS,9102,DEB,D,CIS,1976-07-22,PLMSC,1976-08-02,,,,,,,EA,IMP
COSMOS 844 DEB,1976-072AT,9103,DEB,D,CIS,1976-07-22,PLMSC,1976-08-02,,,,,,,EA,IMP
COSMOS 844 DEB,1976-072AU,9104,DEB,D,CIS,1976-07-22,PLMSC,1976-08-02,,,,,,,EA,IMP
COSMOS 844 DEB,1976-072AV,9105,DEB,D,CIS,1976-07-22,PLMSC,1976-08-02,,,,,,,EA,IMP
COSMOS 844 DEB,1976-072AW,9106,DEB,D,CIS,1976-07-22,PLMSC,1976-08-02,,,,,,,EA,IMP
COSMOS 844 DEB,1976-072AX,9107,DEB,D,CIS,1976-07-22,PLMSC,1976-08-02,,,,,,,EA,IMP
COSMOS 844 DEB,1976-072AY,9108,DEB,D,CIS,1976-07-22,PLMSC,1976-08-02,,,,,,,EA,IMP
COSMOS 844 DEB,1976-072AZ,9109,DEB,D,CIS,1976-07-22,PLMSC,1976-08-02,,,,,,,EA,IMP
COSMOS 844 DEB,1976-072BA,9110,DEB,D,CIS,1976-07-22,PLMSC,1976-08-02,,,,,,,EA,IMP
COSMOS 844 DEB,1976-072BB,9111,DEB,D,CIS,1976-07-22,PLMSC,1976-08-02,,,,,,,EA,IMP
COSMOS 844 DEB,1976-072BC,9112,DEB,D,CIS,1976-07-22,PLMSC,1976-08-02,,,,,,,EA,IMP
COSMOS 844 DEB,1976-072BD,9113,DEB,D,CIS,1976-07-22,PLMSC,1976-08-02,,,,,,,EA,IMP
COSMOS 844 DEB,1976-072BE,9114,DEB,D,CIS,1976-07-22,PLMSC,1976-08-02,,,,,,,EA,IMP
COSMOS 844 DEB,1976-072BF,9115,DEB,D,CIS,1976-07-22,PLMSC,1976-08-02,,,,,,,EA,IMP
COSMOS 844 DEB,1976-072BG,9116,DEB,D,CIS,1976-07-22,PLMSC,1976-08-02,,,,,,,EA,IMP
COSMOS 844 DEB,1976-072BH,9117,DEB,D,CIS,1976-07-22,PLMSC,1976-08-02,,,,,,,EA,IMP
COSMOS 844 DEB,1976-072BJ,9118,DEB,D,CIS,1976-07-22,PLMSC,1976-08-02,,,,,,,EA,IMP
COSMOS 844 DEB,1976-072BK,9119,DEB,D,CIS,1976-07-22,PLMSC,1976-08-02,,,,,,,EA,IMP
COSMOS 844 DEB,1976-072BL,9120,DEB,D,CIS,1976-07-22,PLMSC,1976-08-02,,,,,,,EA,IMP
COSMOS 844 DEB,1976-072BM,9121,DEB,D,CIS,1976-07-22,PLMSC,1976-08-02,,,,,,,EA,IMP
COSMOS 844 DEB,1976-072BN,9122,DEB,D,CIS,1976-07-22,PLMSC,1976-08-02,,,,,,,EA,IMP
COSMOS 844 DEB,1976-072BP,9123,DEB,D,CIS,1976-07-22,PLMSC,1976-08-02,,,,,,,EA,IMP
COSMOS 844 DEB,1976-072BQ,9124,DEB,D,CIS,1976-07-22,PLMSC,1976-08-02,,,,,,,EA,IMP
COSMOS 844 DEB,1976-072BR,9125,DEB,D,CIS,1976-07-22,PLMSC,1976-08-02,,,,,,,EA,IMP
COSMOS 844 DEB,1976-072BS,9126,DEB,D,CIS,1976-07-22,PLMSC,1976-08-02,,,,,,,EA,IMP
COSMOS 844 DEB,1976-072BT,9127,DEB,D,CIS,1976-07-22,PLMSC,1976-08-02,,,,,,,EA,IMP
COSMOS 844 DEB,1976-072BU,9128,DEB,D,CIS,1976-07-22,PLMSC,1976-08-02,,,,,,,EA,IMP
COSMOS 844 DEB,1976-072BV,9129,DEB,D,CIS,1976-07-22,PLMSC,1976-08-02,,,,,,,EA,IMP
COSMOS 844 DEB,1976-072BW,9130,DEB,D,CIS,1976-07-22,PLMSC,1976-08-02,,,,,,,EA,IMP
COSMOS 844 DEB,1976-072BX,9131,DEB,D,CIS,1976-07-22,PLMSC,1976-08-02,,,,,,,EA,IMP
COSMOS 844 DEB,1976-072BY,9132,DEB,D,CIS,1976-07-22,PLMSC,1976-08-02,,,,,,,EA,IMP
COSMOS 844 DEB,1976-072BZ,9133,DEB,D,CIS,1976-07-22,PLMSC,1976-08-02,,,,,,,EA,IMP
COSMOS 844 DEB,1976-072CA,9134,DEB,D,CIS,1976-07-22,PLMSC,1976-08-02,,,,,,,EA,IMP
COSMOS 844 DEB,1976-072CB,9135,DEB,D,CIS,1976-07-22,PLMSC,1976-08-02,,,,,,,EA,IMP
COSMOS 844 DEB,1976-072CC,9136,DEB,D,CIS,1976-07-22,PLMSC,1976-08-02,,,,,,,EA,IMP
COSMOS 844 DEB,1976-072CD,9137,DEB,D,CIS,1976-07-22,PLMSC,1976-08-02,,,,,,,EA,IMP
COSMOS 844 DEB,1976-072CE,9138,DEB,D,CIS,1976-07-22,PLMSC,1976-08-02,,,,,,,EA,IMP
COSMOS 844 DEB,1976-072CF,9139,DEB,D,CIS,1976-07-22,PLMSC,1976-08-02,,,,,,,EA,IMP
COSMOS 844 DEB,1976-072CG,9140,DEB,D,CIS,1976-07-22,PLMSC,1976-08-02,,,,,,,EA,IMP
COSMOS 844 DEB,1976-072CH,9141,DEB,D,CIS,1976-07-22,PLMSC,1976-08-02,,,,,,,EA,IMP
COSMOS 844 DEB,1976-072CJ,9142,DEB,D,CIS,1976-07-22,PLMSC,1976-08-02,,,,,,,EA,IMP
COSMOS 844 DEB,1976-072CK,9143,DEB,D,CIS,1976-07-22,PLMSC,1976-08-02,,,,,,,EA,IMP
COSMOS 844 DEB,1976-072CL,9144,DEB,D,CIS,1976-07-22,PLMSC,1976-08-02,,,,,,,EA,IMP
COSMOS 844 DEB,1976-072CM,9145,DEB,D,CIS,1976-07-22,PLMSC,1976-08-02,,,,,,,EA,IMP
COSMOS 844 DEB,1976-072CN,9146,DEB,D,CIS,1976-07-22,PLMSC,1976-08-02,,,,,,,EA,IMP
COSMOS 844 DEB,1976-072CP,9147,DEB,D,CIS,1976-07-22,PLMSC,1976-08-02,,,,,,NIE,EA,IMP
COSMOS 844 DEB,1976-072CQ,9148,DEB,D,CIS,1976-07-22,PLMSC,1976-08-02,,,,,,,EA,IMP
COSMOS 844 DEB,1976-072CR,9149,DEB,D,CIS,1976-07-22,PLMSC,1976-08-02,,,,,,,EA,IMP
COSMOS 844 DEB,1976-072CS,9150,DEB,D,CIS,1976-07-22,PLMSC,1976-08-02,,,,,,,EA,IMP
COSMOS 844 DEB,1976-072CT,9151,DEB,D,CIS,1976-07-22,PLMSC,1976-08-02,,,,,,,EA,IMP
COSMOS 844 DEB,1976-072CU,9152,DEB,D,CIS,1976-07-22,PLMSC,1976-08-02,,,,,,,EA,IMP
COSMOS 844 DEB,1976-072CV,9153,DEB,D,CIS,1976-07-22,PLMSC,1976-08-02,,,,,,,EA,IMP
COSMOS 844 DEB,1976-072CW,9154,DEB,D,CIS,1976-07-22,PLMSC,1976-08-02,,,,,,,EA,IMP
COSMOS 844 DEB,1976-072CX,9155,DEB,D,CIS,1976-07-22,PLMSC,1976-08-02,,,,,,,EA,IMP
COSMOS 844 DEB,1976-072CY,9156,DEB,D,CIS,1976-07-22,PLMSC,1976-08-02,,,,,,,EA,IMP
COSMOS 844 DEB,1976-072CZ,9157,DEB,D,CIS,1976-07-22,PLMSC,1976-08-02,,,,,,,EA,IMP
COSMOS 844 DEB,1976-072DA,9158,DEB,D,CIS,1976-07-22,PLMSC,1976-08-02,,,,,,,EA,IMP
COSMOS 844 DEB,1976-072DB,9159,DEB,D,CIS,1976-07-22,PLMSC,1976-08-02,,,,,,,EA,IMP
COSMOS 844 DEB,1976-072DC,9160,DEB,D,CIS,1976-07-22,PLMSC,1976-08-02,,,,,,,EA,IMP
COSMOS 844 DEB,1976-072DD,9161,DEB,D,CIS,1976-07-22,PLMSC,1976-08-02,,,,,,,EA,IMP
COSMOS 844 DEB,1976-072DE,9162,DEB,D,CIS,1976-07-22,PLMSC,1976-08-02,,,,,,,EA,IMP
COSMOS 844 DEB,1976-072DF,9163,DEB,D,CIS,1976-07-22,PLMSC,1976-08-02,,,,,,,EA,IMP
COSMOS 844 DEB,1976-072DG,9164,DEB,D,CIS,1976-07-22,PLMSC,1976-08-02,,,,,,,EA,IMP
COSMOS 844 DEB,1976-072DH,9165,DEB,D,CIS,1976-07-22,PLMSC,1976-08-02,,,,,,,EA,IMP
COSMOS 844 DEB,1976-072DJ,9166,DEB,D,CIS,1976-07-22,PLMSC,1976-08-02,,,,,,,EA,IMP
COSMOS 844 DEB,1976-072DK,9167,DEB,D,CIS,1976-07-22,PLMSC,1976-08-02,,,,,,,EA,IMP
COSMOS 844 DEB,1976-072DL,9168,DEB,D,CIS,1976-07-22,PLMSC,1976-08-02,,,,,,,EA,IMP
COSMOS 844 DEB,1976-072DM,9169,DEB,D,CIS,1976-07-22,PLMSC,1976-08-02,,,,,,,EA,IMP
COSMOS 844 DEB,1976-072DN,9170,DEB,D,CIS,1976-07-22,PLMSC,1976-08-02,,,,,,,EA,IMP
COSMOS 844 DEB,1976-072DP,9171,DEB,D,CIS,1976-07-22,PLMSC,1976-08-02,,,,,,,EA,IMP
COSMOS 844 DEB,1976-072DQ,9172,DEB,D,CIS,1976-07-22,PLMSC,1976-08-02,,,,,,,EA,IMP
COSMOS 844 DEB,1976-072DR,9173,DEB,D,CIS,1976-07-22,PLMSC,1976-08-02,,,,,,,EA,IMP
COSMOS 844 DEB,1976-072DS,9174,DEB,D,CIS,1976-07-22,PLMSC,1976-08-02,,,,,,,EA,IMP
COSMOS 844 DEB,1976-072DT,9175,DEB,D,CIS,1976-07-22,PLMSC,1976-08-02,,,,,,,EA,IMP
COSMOS 844 DEB,1976-072DU,9176,DEB,D,CIS,1976-07-22,PLMSC,1976-08-02,,,,,,,EA,IMP
COSMOS 844 DEB,1976-072DV,9177,DEB,D,CIS,1976-07-22,PLMSC,1976-08-02,,,,,,,EA,IMP
COSMOS 844 DEB,1976-072DW,9178,DEB,D,CIS,1976-07-22,PLMSC,1976-08-02,,,,,,,EA,IMP
COSMOS 844 DEB,1976-072DX,9179,DEB,D,CIS,1976-07-22,PLMSC,1976-08-02,,,,,,,EA,IMP
COSMOS 844 DEB,1976-072DY,9180,DEB,D,CIS,1976-07-22,PLMSC,1976-08-02,,,,,,,EA,IMP
COSMOS 844 DEB,1976-072DZ,9181,DEB,D,CIS,1976-07-22,PLMSC,1976-08-02,,,,,0.3100,,EA,IMP
COSMOS 844 DEB,1976-072EA,9182,DEB,D,CIS,1976-07-22,PLMSC,1976-08-02,,,,,,,EA,IMP
COSMOS 844 DEB,1976-072EB,9183,DEB,D,CIS,1976-07-22,PLMSC,1976-08-02,,,,,,,EA,IMP
COSMOS 844 DEB,1976-072EC,9184,DEB,D,CIS,1976-07-22,PLMSC,1976-08-02,,,,,,,EA,IMP
COSMOS 844 DEB,1976-072ED,9185,DEB,D,CIS,1976-07-22,PLMSC,1976-08-02,,,,,,,EA,IMP
COSMOS 844 DEB,1976-072EE,9186,DEB,D,CIS,1976-07-22,PLMSC,1976-08-02,,,,,,,EA,IMP
COSMOS 844 DEB,1976-072EF,9187,DEB,D,CIS,1976-07-22,PLMSC,1976-08-02,,,,,,,EA,IMP
COSMOS 844 DEB,1976-072EG,9188,DEB,D,CIS,1976-07-22,PLMSC,1976-08-02,,,,,,,EA,IMP
COSMOS 844 DEB,1976-072EH,9189,DEB,D,CIS,1976-07-22,PLMSC,1976-08-02,,,,,,,EA,IMP
COSMOS 844 DEB,1976-072EJ,9190,DEB,D,CIS,1976-07-22,PLMSC,1976-08-02,,,,,,,EA,IMP
COSMOS 844 DEB,1976-072EK,9191,DEB,D,CIS,1976-07-22,PLMSC,1976-08-02,,,,,,,EA,IMP
COSMOS 844 DEB,1976-072EL,9192,DEB,D,CIS,1976-07-22,PLMSC,1976-08-02,,,,,,,EA,IMP
COSMOS 844 DEB,1976-072EM,9193,DEB,D,CIS,1976-07-22,PLMSC,1976-08-02,,,,,,,EA,IMP
COSMOS 844 DEB,1976-072EN,9194,DEB,D,CIS,1976-07-22,PLMSC,1976-08-02,,,,,,,EA,IMP
COSMOS 844 DEB,1976-072EP,9195,DEB,D,CIS,1976-07-22,PLMSC,1976-08-02,,,,,,,EA,IMP
COSMOS 844 DEB,1976-072EQ,9196,DEB,D,CIS,1976-07-22,PLMSC,1976-08-02,,,,,,,EA,IMP
COSMOS 844 DEB,1976-072ER,9197,DEB,D,CIS,1976-07-22,PLMSC,1976-08-02,,,,,,,EA,IMP
COSMOS 844 DEB,1976-072ES,9198,DEB,D,CIS,1976-07-22,PLMSC,1976-08-02,,,,,,,EA,IMP
COSMOS 844 DEB,1976-072ET,9199,DEB,D,CIS,1976-07-22,PLMSC,1976-08-02,,,,,,,EA,IMP
COSMOS 844 DEB,1976-072EU,9200,DEB,D,CIS,1976-07-22,PLMSC,1976-08-02,,,,,,,EA,IMP
COSMOS 844 DEB,1976-072EV,9201,DEB,D,CIS,1976-07-22,PLMSC,1976-08-02,,,,,,,EA,IMP
COSMOS 844 DEB,1976-072EW,9202,DEB,D,CIS,1976-07-22,PLMSC,1976-08-02,,,,,,,EA,IMP
COSMOS 844 DEB,1976-072EX,9203,DEB,D,CIS,1976-07-22,PLMSC,1976-08-02,,,,,,,EA,IMP
COSMOS 844 DEB,1976-072EY,9204,DEB,D,CIS,1976-07-22,PLMSC,1976-08-02,,,,,,,EA,IMP
COSMOS 844 DEB,1976-072EZ,9205,DEB,D,CIS,1976-07-22,PLMSC,1976-08-02,,,,,,,EA,IMP
COSMOS 844 DEB,1976-072FA,9206,DEB,D,CIS,1976-07-22,PLMSC,1976-08-02,,,,,,,EA,IMP
COSMOS 844 DEB,1976-072FB,9207,DEB,D,CIS,1976-07-22,PLMSC,1976-08-02,,,,,,,EA,IMP
COSMOS 844 DEB,1976-072FC,9208,DEB,D,CIS,1976-07-22,PLMSC,1976-08-02,,,,,0.0500,,EA,IMP
COSMOS 844 DEB,1976-072FD,9209,DEB,D,CIS,1976-07-22,PLMSC,1976-08-02,,,,,,,EA,IMP
COSMOS 844 DEB,1976-072FE,9210,DEB,D,CIS,1976-07-22,PLMSC,1976-08-02,,,,,,,EA,IMP
COSMOS 844 DEB,1976-072FF,9211,DEB,D,CIS,1976-07-22,PLMSC,1976-08-02,,,,,,,EA,IMP
COSMOS 844 DEB,1976-072FG,9212,DEB,D,CIS,1976-07-22,PLMSC,1976-08-02,,,,,,,EA,IMP
COSMOS 844 DEB,1976-072FH,9213,DEB,D,CIS,1976-07-22,PLMSC,1976-08-02,,,,,,,EA,IMP
COSMOS 847,1976-079A,9214,PAY,D,CIS,1976-08-04,PLMSC,1976-08-17,89.30,62.80,313,167,,,EA,IMP
SL-4 R/B,1976-079B,9215,R/B,D,CIS,1976-08-04,PLMSC,1976-08-11,88.25,62.79,216,160,,,EA,IMP
SL-4 DEB,1976-079C,9216,DEB,D,CIS,1976-08-04,PLMSC,1976-08-06,89.09,62.64,298,160,,,EA,IMP
COSMOS 844 DEB,1976-072FJ,9217,DEB,D,CIS,1976-07-22,PLMSC,1976-08-05,,,,,,,EA,IMP
COSMOS 844 DEB,1976-072FK,9218,DEB,D,CIS,1976-07-22,PLMSC,1976-08-05,,,,,,,EA,IMP
COSMOS 844 DEB,1976-072FL,9219,DEB,D,CIS,1976-07-22,PLMSC,1976-08-05,,,,,,,EA,IMP
COSMOS 844 DEB,1976-072FM,9220,DEB,D,CIS,1976-07-22,PLMSC,1976-08-05,,,,,,,EA,IMP
COSMOS 844 DEB,1976-072FN,9221,DEB,D,CIS,1976-07-22,PLMSC,1976-08-05,,,,,,,EA,IMP
COSMOS 844 DEB,1976-072FP,9222,DEB,D,CIS,1976-07-22,PLMSC,1976-08-05,,,,,,,EA,IMP
COSMOS 844 DEB,1976-072FQ,9223,DEB,D,CIS,1976-07-22,PLMSC,1976-08-05,,,,,,,EA,IMP
COSMOS 844 DEB,1976-072FR,9224,DEB,D,CIS,1976-07-22,PLMSC,1976-08-05,,,,,,,EA,IMP
COSMOS 844 DEB,1976-072FS,9225,DEB,D,CIS,1976-07-22,PLMSC,1976-08-05,,,,,,,EA,IMP
COSMOS 844 DEB,1976-072FT,9226,DEB,D,CIS,1976-07-22,PLMSC,1976-08-05,,,,,,,EA,IMP
COSMOS 844 DEB,1976-072FU,9227,DEB,D,CIS,1976-07-22,PLMSC,1976-08-05,,,,,,,EA,IMP
COSMOS 844 DEB,1976-072FV,9228,DEB,D,CIS,1976-07-22,PLMSC,1976-08-05,,,,,,,EA,IMP
COSMOS 844 DEB,1976-072FW,9229,DEB,D,CIS,1976-07-22,PLMSC,1976-08-05,,,,,,,EA,IMP
COSMOS 844 DEB,1976-072FX,9230,DEB,D,CIS,1976-07-22,PLMSC,1976-08-05,,,,,,,EA,IMP
COSMOS 844 DEB,1976-072FY,9231,DEB,D,CIS,1976-07-22,PLMSC,1976-08-05,,,,,,,EA,IMP
COSMOS 844 DEB,1976-072FZ,9232,DEB,D,CIS,1976-07-22,PLMSC,1976-08-05,,,,,,,EA,IMP
COSMOS 844 DEB,1976-072GA,9233,DEB,D,CIS,1976-07-22,PLMSC,1976-08-05,,,,,,,EA,IMP
COSMOS 844 DEB,1976-072GB,9234,DEB,D,CIS,1976-07-22,PLMSC,1976-08-05,,,,,,,EA,IMP
COSMOS 844 DEB,1976-072GC,9235,DEB,D,CIS,1976-07-22,PLMSC,1976-08-05,,,,,,,EA,IMP
COSMOS 844 DEB,1976-072GD,9236,DEB,D,CIS,1976-07-22,PLMSC,1976-08-05,,,,,,,EA,IMP
COSMOS 844 DEB,1976-072GE,9237,DEB,D,CIS,1976-07-22,PLMSC,1976-08-05,,,,,,,EA,IMP
COSMOS 844 DEB,1976-072GF,9238,DEB,D,CIS,1976-07-22,PLMSC,1976-08-05,,,,,,,EA,IMP
COSMOS 844 DEB,1976-072GG,9239,DEB,D,CIS,1976-07-22,PLMSC,1976-08-05,,,,,,,EA,IMP
COSMOS 844 DEB,1976-072GH,9240,DEB,D,CIS,1976-07-22,PLMSC,1976-08-05,,,,,,,EA,IMP
COSMOS 844 DEB,1976-072GJ,9241,DEB,D,CIS,1976-07-22,PLMSC,1976-08-05,,,,,,,EA,IMP
COSMOS 844 DEB,1976-072GK,9242,DEB,D,CIS,1976-07-22,PLMSC,1976-08-05,,,,,,,EA,IMP
COSMOS 844 DEB,1976-072GL,9243,DEB,D,CIS,1976-07-22,PLMSC,1976-08-05,,,,,,,EA,IMP
COSMOS 844 DEB,1976-072GM,9244,DEB,D,CIS,1976-07-22,PLMSC,1976-08-05,,,,,,,EA,IMP
COSMOS 844 DEB,1976-072GN,9245,DEB,D,CIS,1976-07-22,PLMSC,1976-08-05,,,,,,,EA,IMP
COSMOS 844 DEB,1976-072GP,9246,DEB,D,CIS,1976-07-22,PLMSC,1976-08-05,,,,,,,EA,IMP
COSMOS 844 DEB,1976-072GQ,9247,DEB,D,CIS,1976-07-22,PLMSC,1976-08-05,,,,,,,EA,IMP
COSMOS 844 DEB,1976-072GR,9248,DEB,D,CIS,1976-07-22,PLMSC,1976-08-05,,,,,,,EA,IMP
COSMOS 844 DEB,1976-072GS,9249,DEB,D,CIS,1976-07-22,PLMSC,1976-08-05,,,,,,,EA,IMP
COSMOS 844 DEB,1976-072GT,9250,DEB,D,CIS,1976-07-22,PLMSC,1976-08-05,,,,,,,EA,IMP
COSMOS 844 DEB,1976-072GU,9251,DEB,D,CIS,1976-07-22,PLMSC,1976-08-05,,,,,,,EA,IMP
COSMOS 844 DEB,1976-072GV,9252,DEB,D,CIS,1976-07-22,PLMSC,1976-08-05,,,,,,,EA,IMP
COSMOS 844 DEB,1976-072GW,9253,DEB,D,CIS,1976-07-22,PLMSC,1976-08-05,,,,,,,EA,IMP
COSMOS 844 DEB,1976-072GX,9254,DEB,D,CIS,1976-07-22,PLMSC,1976-08-05,,,,,,,EA,IMP
COSMOS 844 DEB,1976-072GY,9255,DEB,D,CIS,1976-07-22,PLMSC,1976-08-05,,,,,,,EA,IMP
COSMOS 844 DEB,1976-072GZ,9256,DEB,D,CIS,1976-07-22,PLMSC,1976-08-05,,,,,,,EA,IMP
COSMOS 844 DEB,1976-072HA,9257,DEB,D,CIS,1976-07-22,PLMSC,1976-08-05,,,,,,,EA,IMP
COSMOS 844 DEB,1976-072HB,9258,DEB,D,CIS,1976-07-22,PLMSC,1976-08-05,,,,,,,EA,IMP
COSMOS 844 DEB,1976-072HC,9259,DEB,D,CIS,1976-07-22,PLMSC,1976-08-05,,,,,,,EA,IMP
COSMOS 844 DEB,1976-072HD,9260,DEB,D,CIS,1976-07-22,PLMSC,1976-08-05,,,,,,,EA,IMP
COSMOS 844 DEB,1976-072HE,9261,DEB,D,CIS,1976-07-22,PLMSC,1976-08-05,,,,,,,EA,IMP
COSMOS 844 DEB,1976-072HF,9262,DEB,D,CIS,1976-07-22,PLMSC,1976-08-05,,,,,,,EA,IMP
COSMOS 844 DEB,1976-072HG,9263,DEB,D,CIS,1976-07-22,PLMSC,1976-08-05,,,,,,,EA,IMP
COSMOS 844 DEB,1976-072HH,9264,DEB,D,CIS,1976-07-22,PLMSC,1976-08-05,,,,,,,EA,IMP
COSMOS 844 DEB,1976-072HJ,9265,DEB,D,CIS,1976-07-22,PLMSC,1976-08-05,,,,,,,EA,IMP
COSMOS 844 DEB,1976-072HK,9266,DEB,D,CIS,1976-07-22,PLMSC,1976-08-05,,,,,,,EA,IMP
SL-8 DEB,1976-075D,9267,DEB,D,CIS,1976-07-27,PLMSC,1978-10-14,93.32,73.98,456,418,0.0614,,EA,IMP
SL-8 DEB,1976-075E,9268,DEB,D,CIS,1976-07-27,PLMSC,1979-02-17,93.04,73.99,452,395,0.0833,,EA,IMP
SL-6 R/B(2),1976-074E,9269,R/B,D,CIS,1976-07-23,TYMSC,1991-10-26,103.90,62.56,1821,65,9.7261,,EA,IMP
OPS 7940,1976-080A,9270,PAY,D,US,1976-08-06,AFWTR,2020-04-18,94.43,61.82,904,78,,,EA,IMP
TITAN 34B AGENA R/B,1976-080B,9271,R/B,,US,1976-08-06,AFWTR,,547.82,63.98,30392,1207,,,EA,ORB
LUNA 24,1976-081A,9272,PAY,D,CIS,1976-08-09,TYMSC,1976-08-18,,,,,,NIE,MO,IMP
SL-12 PLAT,1976-081B,9273,DEB,D,CIS,1976-08-09,TYMSC,1976-08-09,88.92,51.54,248,194,,,EA,IMP
SL-12 R/B(1),1976-081C,9274,R/B,D,CIS,1976-08-09,TYMSC,1976-08-15,87.82,51.55,174,159,,,EA,IMP
SALYUT 5 DEB,1976-057F,9275,DEB,D,CIS,1976-06-22,TYMSC,1976-08-17,88.76,51.59,213,213,,,EA,IMP
SALYUT 5 DEB,1976-057G,9276,DEB,D,CIS,1976-06-22,TYMSC,1976-09-05,88.42,51.58,196,196,,,EA,IMP
SALYUT 5 DEB,1976-057H,9277,DEB,D,CIS,1976-06-22,TYMSC,1976-09-05,88.05,51.55,178,178,,,EA,IMP
SL-12 R/B(2),1976-081D,9278,R/B,D,CIS,1976-08-09,TYMSC,1976-08-14,87.73,51.51,171,153,,,EA,IMP
COSMOS 848,1976-082A,9280,PAY,D,CIS,1976-08-12,PLMSC,1976-08-25,89.51,62.80,296,204,,,EA,IMP
SL-4 R/B,1976-082B,9281,R/B,D,CIS,1976-08-12,PLMSC,1976-08-24,87.65,62.77,158,158,,,EA,IMP
COSMOS 848 DEB,1976-082C,9328,DEB,D,CIS,1976-08-12,PLMSC,1976-08-17,89.19,62.81,264,206,,,EA,IMP
ATLAS CENTAUR R/B,1976-073B,9329,R/B,,US,1976-07-22,AFETR,,643.34,21.35,36004,612,15.5423,,EA,ORB
COSMOS 844 DEB,1976-072HL,9331,DEB,D,CIS,1976-07-22,PLMSC,1976-08-13,,,,,,,EA,IMP
COSMOS 844 DEB,1976-072HM,9332,DEB,D,CIS,1976-07-22,PLMSC,1976-08-13,,,,,,,EA,IMP
COSMOS 844 DEB,1976-072HN,9333,DEB,D,CIS,1976-07-22,PLMSC,1976-08-13,,,,,,,EA,IMP
COSMOS 844 DEB,1976-072HP,9334,DEB,D,CIS,1976-07-22,PLMSC,1976-08-13,,,,,,,EA,IMP
COSMOS 844 DEB,1976-072HQ,9335,DEB,D,CIS,1976-07-22,PLMSC,1976-08-13,,,,,,,EA,IMP
COSMOS 844 DEB,1976-072HR,9336,DEB,D,CIS,1976-07-22,PLMSC,1976-08-13,,,,,,,EA,IMP
COSMOS 844 DEB,1976-072HS,9337,DEB,D,CIS,1976-07-22,PLMSC,1976-08-13,,,,,,,EA,IMP
COSMOS 844 DEB,1976-072HT,9338,DEB,D,CIS,1976-07-22,PLMSC,1976-08-13,,,,,,,EA,IMP
COSMOS 844 DEB,1976-072HU,9339,DEB,D,CIS,1976-07-22,PLMSC,1976-08-13,,,,,,,EA,IMP
COSMOS 844 DEB,1976-072HV,9340,DEB,D,CIS,1976-07-22,PLMSC,1976-08-13,,,,,,,EA,IMP
COSMOS 844 DEB,1976-072HW,9341,DEB,D,CIS,1976-07-22,PLMSC,1976-08-13,,,,,,,EA,IMP
COSMOS 844 DEB,1976-072HX,9342,DEB,D,CIS,1976-07-22,PLMSC,1976-08-13,,,,,,,EA,IMP
COSMOS 844 DEB,1976-072HY,9343,DEB,D,CIS,1976-07-22,PLMSC,1976-08-13,,,,,,,EA,IMP
COSMOS 844 DEB,1976-072HZ,9344,DEB,D,CIS,1976-07-22,PLMSC,1976-08-13,,,,,,,EA,IMP
COSMOS 844 DEB,1976-072JA,9345,DEB,D,CIS,1976-07-22,PLMSC,1976-08-13,,,,,,,EA,IMP
COSMOS 844 DEB,1976-072JB,9346,DEB,D,CIS,1976-07-22,PLMSC,1976-08-13,,,,,,,EA,IMP
COSMOS 844 DEB,1976-072JC,9347,DEB,D,CIS,1976-07-22,PLMSC,1976-08-13,,,,,,,EA,IMP
COSMOS 844 DEB,1976-072JD,9348,DEB,D,CIS,1976-07-22,PLMSC,1976-08-13,,,,,,NIE,EA,IMP
COSMOS 844 DEB,1976-072JE,9349,DEB,D,CIS,1976-07-22,PLMSC,1976-08-13,,,,,,,EA,IMP
COSMOS 844 DEB,1976-072JF,9350,DEB,D,CIS,1976-07-22,PLMSC,1976-08-13,,,,,,,EA,IMP
COSMOS 844 DEB,1976-072JG,9351,DEB,D,CIS,1976-07-22,PLMSC,1976-08-13,,,,,,,EA,IMP
COSMOS 844 DEB,1976-072JH,9352,DEB,D,CIS,1976-07-22,PLMSC,1976-08-13,,,,,,,EA,IMP
COSMOS 844 DEB,1976-072JJ,9353,DEB,D,CIS,1976-07-22,PLMSC,1976-08-13,,,,,,,EA,IMP
COSMOS 844 DEB,1976-072JK,9354,DEB,D,CIS,1976-07-22,PLMSC,1976-08-13,,,,,,,EA,IMP
COSMOS 844 DEB,1976-072JL,9355,DEB,D,CIS,1976-07-22,PLMSC,1976-08-13,,,,,,,EA,IMP
COSMOS 844 DEB,1976-072JM,9356,DEB,D,CIS,1976-07-22,PLMSC,1976-08-13,,,,,,,EA,IMP
COSMOS 844 DEB,1976-072JN,9357,DEB,D,CIS,1976-07-22,PLMSC,1976-08-13,,,,,,,EA,IMP
COSMOS 844 DEB,1976-072JP,9358,DEB,D,CIS,1976-07-22,PLMSC,1976-08-13,,,,,,,EA,IMP
COSMOS 844 DEB,1976-072JQ,9359,DEB,D,CIS,1976-07-22,PLMSC,1976-08-13,,,,,,,EA,IMP
COSMOS 844 DEB,1976-072JR,9360,DEB,D,CIS,1976-07-22,PLMSC,1976-08-13,,,,,,,EA,IMP
COSMOS 844 DEB,1976-072JS,9361,DEB,D,CIS,1976-07-22,PLMSC,1976-08-13,,,,,,,EA,IMP
COSMOS 844 DEB,1976-072JT,9362,DEB,D,CIS,1976-07-22,PLMSC,1976-08-13,,,,,,,EA,IMP
COSMOS 844 DEB,1976-072JU,9363,DEB,D,CIS,1976-07-22,PLMSC,1976-08-13,,,,,,,EA,IMP
COSMOS 844 DEB,1976-072JV,9364,DEB,D,CIS,1976-07-22,PLMSC,1976-08-13,,,,,,,EA,IMP
COSMOS 844 DEB,1976-072JW,9365,DEB,D,CIS,1976-07-22,PLMSC,1976-08-13,,,,,,,EA,IMP
COSMOS 844 DEB,1976-072JX,9366,DEB,D,CIS,1976-07-22,PLMSC,1976-08-13,,,,,,,EA,IMP
COSMOS 844 DEB,1976-072JY,9367,DEB,D,CIS,1976-07-22,PLMSC,1976-08-13,,,,,,,EA,IMP
COSMOS 844 DEB,1976-072JZ,9368,DEB,D,CIS,1976-07-22,PLMSC,1976-08-13,,,,,,,EA,IMP
COSMOS 844 DEB,1976-072KA,9369,DEB,D,CIS,1976-07-22,PLMSC,1976-08-13,,,,,,,EA,IMP
COSMOS 844 DEB,1976-072KB,9370,DEB,D,CIS,1976-07-22,PLMSC,1976-08-13,,,,,,,EA,IMP
COSMOS 844 DEB,1976-072KC,9371,DEB,D,CIS,1976-07-22,PLMSC,1976-08-13,,,,,,,EA,IMP
COSMOS 844 DEB,1976-072KD,9372,DEB,D,CIS,1976-07-22,PLMSC,1976-08-13,,,,,,,EA,IMP
COSMOS 844 DEB,1976-072KE,9373,DEB,D,CIS,1976-07-22,PLMSC,1976-08-13,,,,,,,EA,IMP
COSMOS 848 DEB,1976-082D,9374,DEB,D,CIS,1976-08-12,PLMSC,1976-09-01,88.55,62.77,217,189,,,EA,IMP
COSMOS 848 DEB,1976-082E,9375,DEB,D,CIS,1976-08-12,PLMSC,1976-08-24,88.12,62.55,238,124,,,EA,IMP
COSMOS 847 DEB,1976-079D,9376,DEB,D,CIS,1976-08-04,PLMSC,1976-08-23,87.44,62.80,156,140,,,EA,IMP
COSMOS 847 DEB,1976-079E,9377,DEB,D,CIS,1976-08-04,PLMSC,1976-08-18,89.05,62.80,290,165,,,EA,IMP
COSMOS 844 DEB,1976-072KF,9378,DEB,D,CIS,1976-07-22,PLMSC,1976-08-17,,,,,,,EA,IMP
COSMOS 844 DEB,1976-072KG,9379,DEB,D,CIS,1976-07-22,PLMSC,1976-08-17,,,,,,,EA,IMP
COSMOS 844 DEB,1976-072KH,9380,DEB,D,CIS,1976-07-22,PLMSC,1976-08-17,,,,,,,EA,IMP
COSMOS 844 DEB,1976-072KJ,9381,DEB,D,CIS,1976-07-22,PLMSC,1976-08-17,,,,,,,EA,IMP
COSMOS 849,1976-083A,9382,PAY,D,CIS,1976-08-18,PLMSC,1978-04-24,88.18,70.94,199,170,1.9835,,EA,IMP
SL-7 R/B,1976-083B,9383,R/B,D,CIS,1976-08-18,PLMSC,1977-11-02,88.10,70.92,187,174,8.5477,,EA,IMP
LUNA 24 RETURN VEHICLE,1976-081E,9384,PAY,D,CIS,1976-08-09,TYMSC,1976-08-22,,,,,,NIE,EA,LAN
SALYUT 5 DEB,1976-057J,9385,DEB,D,CIS,1976-06-22,TYMSC,1976-09-15,87.63,51.59,157,157,,,EA,IMP
SALYUT 5 DEB,1976-057K,9386,DEB,D,CIS,1976-06-22,TYMSC,1976-08-22,89.14,51.61,232,232,,,EA,IMP
COSMOS 850,1976-084A,9387,PAY,D,CIS,1976-08-26,PLMSC,1977-05-16,87.83,70.91,178,157,1.2150,,EA,IMP
SL-7 R/B,1976-084B,9388,R/B,D,CIS,1976-08-26,PLMSC,1977-01-14,88.01,70.92,181,171,,,EA,IMP
COSMOS 851,1976-085A,9389,PAY,D,CIS,1976-08-27,PLMSC,1989-08-05,87.34,81.15,150,135,23.5116,,EA,IMP
SL-3 R/B,1976-085B,9390,R/B,D,CIS,1976-08-27,PLMSC,1992-03-22,88.17,81.07,188,180,16.1973,,EA,IMP
COSMOS 852,1976-086A,9391,PAY,D,CIS,1976-08-28,TYMSC,1976-09-10,89.22,64.99,303,169,,,EA,IMP
SL-4 R/B,1976-086B,9392,R/B,D,CIS,1976-08-28,TYMSC,1976-09-02,88.05,65.00,195,161,,,EA,IMP
SL-4 DEB,1976-086C,9393,DEB,D,CIS,1976-08-28,TYMSC,1976-08-29,88.97,65.09,279,168,,,EA,IMP
JSSW-3,1976-087A,9394,PAY,D,PRC,1976-08-30,JSC,1978-11-25,87.66,69.06,197,120,5.3085,,EA,IMP
CZ-2B R/B,1976-087B,9395,R/B,D,PRC,1976-08-30,JSC,1978-02-04,88.47,69.08,262,136,28.3630,,EA,IMP
COSMOS 816 DEB,1976-037E,9396,DEB,D,CIS,1976-04-28,PLMSC,1977-06-12,89.46,65.81,248,248,,,EA,IMP
COSMOS 816 DEB,1976-037F,9397,DEB,D,CIS,1976-04-28,PLMSC,1977-09-17,90.83,65.79,321,309,,,EA,IMP
COSMOS 853,1976-088A,9398,PAY,D,CIS,1976-09-01,PLMSC,1976-12-31,87.67,62.79,159,159,,,EA,IMP
SL-6 R/B(1),1976-088B,9399,R/B,D,CIS,1976-09-01,PLMSC,1976-10-10,88.23,62.81,203,170,,,EA,IMP
SL-6 PLAT,1976-088C,9400,DEB,D,CIS,1976-09-01,PLMSC,1977-05-20,87.47,62.74,150,148,9.0240,,EA,IMP
SL-6 R/B(2),1976-088D,9402,R/B,D,CIS,1976-09-01,PLMSC,1976-12-09,88.32,62.79,207,176,,,EA,IMP
TIP 3,1976-089A,9403,PAY,D,US,1976-09-01,AFWTR,1981-05-30,87.30,89.24,154,128,3.2146,,EA,IMP
SCOUT D-1 R/B,1976-089B,9404,R/B,D,US,1976-09-01,AFWTR,1978-06-29,88.86,90.27,230,206,1.2235,,EA,IMP
COSMOS 854,1976-090A,9405,PAY,D,CIS,1976-09-03,PLMSC,1976-09-16,88.86,81.35,265,172,,,EA,IMP
SL-4 R/B,1976-090B,9406,R/B,D,CIS,1976-09-03,PLMSC,1976-09-07,87.77,81.35,181,147,,,EA,IMP
SL-7 DEB,1976-083C,9407,DEB,D,CIS,1976-08-18,PLMSC,1977-02-16,90.02,71.13,329,222,0.0841,,EA,IMP
SCOUT D-1 DEB,1976-089C,9409,DEB,D,US,1976-09-01,AFWTR,1978-03-01,91.28,90.15,390,285,0.0399,,EA,IMP
SCOUT D-1 DEB,1976-089D,9410,DEB,D,US,1976-09-01,AFWTR,1978-05-17,91.13,90.39,386,274,0.1066,,EA,IMP
SL-6 R/B(2),1976-021D,9411,R/B,D,CIS,1976-03-11,PLMSC,1991-08-02,101.04,62.87,1525,91,13.6333,,EA,IMP
COSMOS 852 DEB,1976-086D,9412,DEB,D,CIS,1976-08-28,TYMSC,1976-09-16,88.08,64.98,203,156,,,EA,IMP
COSMOS 852 DEB,1976-086E,9413,DEB,D,CIS,1976-08-28,TYMSC,1976-09-11,87.97,65.04,175,173,,,EA,IMP
COSMOS 852 DEB,1976-086F,9414,DEB,D,CIS,1976-08-28,TYMSC,1976-09-11,88.64,64.92,239,176,,,EA,IMP
OPS 5721 (DMSP 5D-1 F1),1976-091A,9415,PAY,-,US,1976-09-11,AFWTR,,100.85,98.37,812,786,,,EA,ORB
RADUGA 2,1976-092A,9416,PAY,-,CIS,1976-09-11,TYMSC,,1435.74,3.31,35897,35662,0.1428,,EA,ORB
SL-12 R/B(1),1976-092B,9417,R/B,D,CIS,1976-09-11,TYMSC,1976-09-14,88.06,51.49,185,172,,,EA,IMP
SL-12 PLAT,1976-092C,9418,DEB,D,CIS,1976-09-11,TYMSC,1976-09-12,88.08,51.48,203,156,,,EA,IMP
OPS 5721 DEB,1976-091B,9419,DEB,,US,1976-09-11,AFWTR,,,,,,,NEA,EA,ORB
OPS 5721 DEB,1976-091C,9420,DEB,,US,1976-09-11,AFWTR,,,,,,,NEA,EA,ORB
SOYUZ 22,1976-093A,9421,PAY,D,CIS,1976-09-15,TYMSC,1976-09-23,89.50,64.76,254,246,,,EA,LAN
COSMOS 854 DEB,1976-090C,9422,DEB,D,CIS,1976-09-03,PLMSC,1976-09-19,87.89,81.35,184,156,,,EA,IMP
COSMOS 854 DEB,1976-090D,9423,DEB,D,CIS,1976-09-03,PLMSC,1976-09-17,87.83,81.33,202,132,,,EA,IMP
SL-4 R/B,1976-093B,9424,R/B,D,CIS,1976-09-15,TYMSC,1976-09-20,88.46,64.76,227,169,,,EA,IMP
SL-4 DEB,1976-093C,9425,DEB,D,CIS,1976-09-15,TYMSC,1976-09-16,,,,,,NIE,EA,IMP
OPS 8533,1976-094A,9426,PAY,D,US,1976-09-15,AFWTR,1976-11-05,89.06,96.43,327,129,,,EA,IMP
OPS 8533 DEB,1976-094B,9427,DEB,D,US,1976-09-15,AFWTR,1976-09-17,88.73,96.28,286,138,,,EA,IMP
COSMOS 816 DEB,1976-037G,9428,DEB,D,CIS,1976-04-28,PLMSC,1977-08-09,90.81,65.74,314,314,0.1814,,EA,IMP
COSMOS 816 DEB,1976-037H,9429,DEB,D,CIS,1976-04-28,PLMSC,1977-08-10,89.79,65.80,266,262,0.1632,,EA,IMP
COSMOS 816 DEB,1976-037J,9430,DEB,D,CIS,1976-04-28,PLMSC,1977-08-29,92.33,65.82,395,383,0.1671,,EA,IMP
COSMOS 816 DEB,1976-037K,9431,DEB,D,CIS,1976-04-28,PLMSC,1977-08-24,89.34,65.90,251,232,0.1898,,EA,IMP
COSMOS 816 DEB,1976-037L,9432,DEB,D,CIS,1976-04-28,PLMSC,1977-09-20,91.14,65.81,336,325,0.1840,,EA,IMP
COSMOS 855,1976-095A,9433,PAY,D,CIS,1976-09-21,PLMSC,1976-10-03,89.83,72.87,332,200,,,EA,IMP
SL-4 R/B,1976-095B,9434,R/B,D,CIS,1976-09-21,PLMSC,1976-10-02,87.97,72.86,186,162,,,EA,IMP
COSMOS 856,1976-096A,9435,PAY,D,CIS,1976-09-22,TYMSC,1976-10-05,89.42,65.01,291,200,,,EA,IMP
SL-4 R/B,1976-096B,9436,R/B,D,CIS,1976-09-22,TYMSC,1976-09-30,87.93,65.01,176,168,,,EA,IMP
SL-4 DEB,1976-096C,9437,DEB,D,CIS,1976-09-22,TYMSC,1976-09-23,,,,,,,EA,IMP
COSMOS 816 DEB,1976-037M,9438,DEB,D,CIS,1976-04-28,PLMSC,1977-08-19,90.55,65.79,311,292,0.1444,,EA,IMP
COSMOS 857,1976-097A,9439,PAY,D,CIS,1976-09-24,PLMSC,1976-10-07,89.52,62.80,325,176,,,EA,IMP
SL-12 R/B(AUX MOTOR),1976-092D,9440,R/B,D,CIS,1976-09-11,TYMSC,1977-07-19,107.39,46.57,2132,80,,,EA,IMP
SL-12 R/B(AUX MOTOR),1976-092E,9441,R/B,D,CIS,1976-09-11,TYMSC,1977-05-03,119.31,46.62,3201,98,,,EA,IMP
SL-4 R/B,1976-097B,9442,R/B,D,CIS,1976-09-24,PLMSC,1976-09-29,87.77,62.78,181,147,,,EA,IMP
COSMOS 858,1976-098A,9443,PAY,,CIS,1976-09-29,PLMSC,,100.34,74.05,784,765,2.0532,,EA,ORB
SL-8 R/B,1976-098B,9444,R/B,,CIS,1976-09-29,PLMSC,,100.04,74.05,771,750,4.1953,,EA,ORB
COSMOS 855 DEB,1976-095C,9445,DEB,D,CIS,1976-09-21,PLMSC,1976-10-06,89.38,72.88,295,193,,,EA,IMP
COSMOS 855 DEB,1976-095D,9446,DEB,D,CIS,1976-09-21,PLMSC,1976-10-08,89.39,72.87,292,196,,,EA,IMP
COSMOS 856 DEB,1976-096D,9447,DEB,D,CIS,1976-09-22,TYMSC,1976-10-08,88.47,64.99,223,175,,,EA,IMP
COSMOS 856 DEB,1976-096E,9448,DEB,D,CIS,1976-09-22,TYMSC,1976-10-16,87.69,65.00,167,153,,,EA,IMP
COSMOS 857 DEB,1976-097C,9449,DEB,D,CIS,1976-09-24,PLMSC,1976-10-15,87.51,62.80,161,142,,,EA,IMP
COSMOS 857 DEB,1976-097D,9450,DEB,D,CIS,1976-09-24,PLMSC,1976-10-08,88.51,62.82,242,160,,,EA,IMP
COSMOS 857 DEB,1976-097E,9451,DEB,D,CIS,1976-09-24,PLMSC,1976-10-09,87.99,62.80,185,165,,,EA,IMP
COSMOS 857 DEB,1976-097F,9470,DEB,D,CIS,1976-09-24,PLMSC,1976-10-11,89.28,62.78,280,199,,,EA,IMP
COSMOS 859,1976-099A,9471,PAY,D,CIS,1976-10-10,TYMSC,1976-10-21,89.31,64.99,313,168,,,EA,IMP
SL-4 R/B,1976-099B,9472,R/B,D,CIS,1976-10-10,TYMSC,1976-10-15,87.87,64.99,188,150,,,EA,IMP
SL-4 DEB,1976-099C,9473,DEB,D,CIS,1976-10-10,TYMSC,1976-10-11,88.88,64.98,274,165,,,EA,IMP
OPS 5721 DEB,1976-091D,9474,DEB,D,US,1976-09-11,AFWTR,1980-09-20,,,,,0.0110,,EA,IMP
COSMOS 816 DEB,1976-037N,9475,DEB,D,CIS,1976-04-28,PLMSC,1977-09-02,90.93,65.75,330,311,0.1974,,EA,IMP
COSMOS 816 DEB,1976-037P,9476,DEB,D,CIS,1976-04-28,PLMSC,1977-09-16,90.70,65.86,316,301,0.1240,,EA,IMP
SOYUZ 23,1976-100A,9477,PAY,D,CIS,1976-10-14,TYMSC,1976-10-16,89.64,51.59,267,247,,,EA,LAN
MARISAT 2,1976-101A,9478,PAY,-,US,1976-10-14,AFETR,,1475.52,5.71,37000,36110,20.8608,,EA,ORB
DELTA 1 R/B(1),1976-101B,9479,R/B,D,US,1976-10-14,AFETR,1976-11-15,88.03,28.57,206,148,,,EA,IMP
SL-4 R/B,1976-100B,9480,R/B,D,CIS,1976-10-14,TYMSC,1976-10-16,88.05,51.60,186,170,,,EA,IMP
METEOR 1-26,1976-102A,9481,PAY,,CIS,1976-10-15,PLMSC,,102.10,81.22,876,840,3.7331,,EA,ORB
SL-3 R/B,1976-102B,9482,R/B,,CIS,1976-10-15,PLMSC,,102.27,81.26,926,806,6.8905,,EA,ORB
OPS 5721 DEB,1976-091E,9483,DEB,D,US,1976-09-11,AFWTR,1983-08-24,,,,,0.2600,NEA,EA,IMP
OPS 5721 DEB,1976-091F,9484,DEB,,US,1976-09-11,AFWTR,,,,,,,NEA,EA,ORB
COSMOS 816 DEB,1976-037Q,9485,DEB,D,CIS,1976-04-28,PLMSC,1977-10-28,91.73,65.81,360,360,,,EA,IMP
COSMOS 860,1976-103A,9486,PAY,,CIS,1976-10-17,TYMSC,,104.24,64.70,1006,912,2.2820,,EA,ORB
COSMOS 816 DEB,1976-037R,9487,DEB,D,CIS,1976-04-28,PLMSC,1977-09-07,90.54,65.83,312,290,,,EA,IMP
COSMOS 816 DEB,1976-037S,9488,DEB,D,CIS,1976-04-28,PLMSC,1977-09-25,91.38,65.79,345,339,,,EA,IMP
COSMOS 816 DEB,1976-037T,9489,DEB,D,CIS,1976-04-28,PLMSC,1977-09-24,90.68,65.83,316,299,0.2221,,EA,IMP
COSMOS 816 DEB,1976-037U,9490,DEB,D,CIS,1976-04-28,PLMSC,1977-09-15,90.61,65.79,309,300,0.1954,,EA,IMP
COSMOS 859 DEB,1976-099D,9491,DEB,D,CIS,1976-10-10,TYMSC,1976-10-24,88.09,64.97,206,154,,,EA,IMP
COSMOS 859 DEB,1976-099E,9492,DEB,D,CIS,1976-10-10,TYMSC,1976-10-25,88.16,65.00,205,161,,,EA,IMP
DELTA 1 DEB,1976-101C,9493,DEB,D,US,1976-10-14,AFETR,1976-11-01,89.91,28.59,370,170,,,EA,IMP
COSMOS 861,1976-104A,9494,PAY,,CIS,1976-10-21,TYMSC,,104.22,64.86,989,926,2.2699,,EA,ORB
COSMOS 862,1976-105A,9495,PAY,,CIS,1976-10-22,PLMSC,,717.74,70.50,36822,3530,11.7182,,EA,ORB
SL-6 R/B(1),1976-105B,9496,R/B,D,CIS,1976-10-22,PLMSC,1976-12-27,88.35,62.77,212,174,,,EA,IMP
SL-6 PLAT,1976-105C,9497,DEB,D,CIS,1976-10-22,PLMSC,1976-12-10,88.11,62.83,203,159,,,EA,IMP
DELTA 1 DEB,1976-101D,9498,DEB,D,US,1976-10-14,AFETR,1976-11-04,90.05,28.57,378,176,,,EA,IMP
COSMOS 863,1976-106A,9499,PAY,D,CIS,1976-10-25,PLMSC,1976-11-05,89.52,62.80,335,166,,,EA,IMP
SL-4 R/B,1976-106B,9500,R/B,D,CIS,1976-10-25,PLMSC,1976-11-01,87.74,62.77,176,149,,,EA,IMP
SL-4 DEB,1976-106C,9501,DEB,D,CIS,1976-10-25,PLMSC,1976-10-29,88.99,62.82,277,173,,,EA,IMP
SL-4 DEB,1976-106D,9502,DEB,D,CIS,1976-10-25,PLMSC,1976-10-26,88.79,62.77,266,163,,,EA,IMP
EKRAN 1,1976-107A,9503,PAY,-,CIS,1976-10-26,TYMSC,,1436.74,3.40,36092,35507,3.9810,,EA,ORB
SL-12 R/B(1),1976-107B,9504,R/B,D,CIS,1976-10-26,TYMSC,1976-10-29,87.84,51.50,173,162,,,EA,IMP
SL-12 PLAT,1976-107C,9505,DEB,D,CIS,1976-10-26,TYMSC,1976-10-27,88.17,51.47,185,183,,,EA,IMP
SL-6 R/B(2),1976-105D,9506,R/B,D,CIS,1976-10-22,PLMSC,1993-11-16,107.38,61.79,2086,125,7.4878,,EA,IMP
COSMOS 816 DEB,1976-037V,9507,DEB,D,CIS,1976-04-28,PLMSC,1977-08-01,90.76,65.83,312,312,0.1484,,EA,IMP
COSMOS 816 DEB,1976-037W,9508,DEB,D,CIS,1976-04-28,PLMSC,1977-09-17,90.43,65.77,306,285,,,EA,IMP
COSMOS 864,1976-108A,9509,PAY,,CIS,1976-10-29,PLMSC,,104.68,82.94,1001,958,2.1255,,EA,ORB
SL-8 R/B,1976-108B,9510,R/B,,CIS,1976-10-29,PLMSC,,104.51,82.93,991,952,4.1840,,EA,ORB
COSMOS 816 DEB,1976-037X,9511,DEB,D,CIS,1976-04-28,PLMSC,1977-10-12,92.54,65.78,399,398,,,EA,IMP
COSMOS 816 DEB,1976-037Y,9512,DEB,D,CIS,1976-04-28,PLMSC,1977-09-03,91.35,65.83,343,339,0.2302,,EA,IMP
COSMOS 816 DEB,1976-037Z,9513,DEB,D,CIS,1976-04-28,PLMSC,1977-09-17,90.76,65.77,315,309,,,EA,IMP
COSMOS 816 DEB,1976-037AA,9514,DEB,D,CIS,1976-04-28,PLMSC,1977-10-17,92.14,65.79,382,377,,,EA,IMP
COSMOS 865,1976-109A,9515,PAY,D,CIS,1976-11-01,PLMSC,1976-11-13,89.71,72.88,319,201,,,EA,IMP
SL-4 R/B,1976-109B,9516,R/B,D,CIS,1976-11-01,PLMSC,1976-11-14,88.23,72.86,198,175,,,EA,IMP
SL-4 DEB,1976-109C,9517,DEB,D,CIS,1976-11-01,PLMSC,1976-11-05,89.30,72.85,279,200,,,EA,IMP
OPS 5721 DEB,1976-091G,9518,DEB,,US,1976-09-11,AFWTR,,,,,,,NEA,EA,ORB
SL-4 DEB,1976-109D,9519,DEB,D,CIS,1976-11-01,PLMSC,1976-11-07,89.09,72.89,263,197,,,EA,IMP
SL-4 DEB,1976-109E,9520,DEB,D,CIS,1976-11-01,PLMSC,1976-11-22,87.82,72.91,167,167,,,EA,IMP
COSMOS 863 DEB,1976-106E,9521,DEB,D,CIS,1976-10-25,PLMSC,1976-11-11,87.68,62.80,184,136,,,EA,IMP
COSMOS 863 DEB,1976-106F,9522,DEB,D,CIS,1976-10-25,PLMSC,1976-11-07,88.17,62.81,215,153,,,EA,IMP
SL-4 DEB,1976-109F,9523,DEB,D,CIS,1976-11-01,PLMSC,1976-11-10,88.14,72.85,186,178,,,EA,IMP
COSMOS 863 DEB,1976-106G,9524,DEB,D,CIS,1976-10-25,PLMSC,1976-11-07,89.00,62.83,284,167,,,EA,IMP
SL-4 DEB,1976-109G,9525,DEB,D,CIS,1976-11-01,PLMSC,1977-02-10,88.27,72.85,217,161,0.2080,,EA,IMP
SL-4 DEB,1976-109H,9526,DEB,D,CIS,1976-11-01,PLMSC,1977-02-05,88.21,72.86,212,160,0.4920,,EA,IMP
COSMOS 863 DEB,1976-106H,9527,DEB,D,CIS,1976-10-25,PLMSC,1976-11-09,91.09,62.79,452,204,,,EA,IMP
COSMOS 863 DEB,1976-106J,9528,DEB,D,CIS,1976-10-25,PLMSC,1976-11-10,89.83,62.82,346,185,,,EA,IMP
COSMOS 863 DEB,1976-106K,9529,DEB,D,CIS,1976-10-25,PLMSC,1976-11-07,89.29,63.00,274,205,,,EA,IMP
COSMOS 860 DEB [PELPS],1976-103B,9531,DEB,D,CIS,1976-10-17,TYMSC,1976-12-29,87.62,65.04,157,157,,,EA,IMP
COSMOS 866,1976-110A,9532,PAY,D,CIS,1976-11-11,TYMSC,1976-11-23,88.38,64.97,218,171,,,EA,IMP
SL-4 R/B,1976-110B,9533,R/B,D,CIS,1976-11-11,TYMSC,1976-11-14,87.95,64.98,188,158,,,EA,IMP
SL-4 DEB,1976-110C,9534,DEB,D,CIS,1976-11-11,TYMSC,1976-11-16,88.21,65.02,221,151,,,EA,IMP
SL-4 DEB,1976-110D,9535,DEB,D,CIS,1976-11-11,TYMSC,1976-11-14,88.64,65.03,245,169,,,EA,IMP
SL-4 DEB,1976-110E,9536,DEB,D,CIS,1976-11-11,TYMSC,1976-11-13,89.21,64.98,299,173,,,EA,IMP
COSMOS 860 DEB,1976-103C,9537,DEB,D,CIS,1976-10-17,TYMSC,1976-11-14,89.51,65.02,256,244,,,EA,IMP
COSMOS 860 DEB [ANTENNA],1976-103D,9538,DEB,D,CIS,1976-10-17,TYMSC,1976-11-15,88.45,65.02,198,198,,,EA,IMP
COSMOS 860 DEB,1976-103E,9539,DEB,D,CIS,1976-10-17,TYMSC,1976-11-12,89.49,65.10,258,241,,,EA,IMP
SL-12 R/B(AUX MOTOR),1976-107D,9540,R/B,D,CIS,1976-10-26,TYMSC,1977-06-26,277.91,46.45,15416,42,0.7380,,EA,IMP
SL-12 R/B(AUX MOTOR),1976-107E,9541,R/B,D,CIS,1976-10-26,TYMSC,1977-05-05,129.70,46.58,4069,150,0.4030,,EA,IMP
DELTA 1 R/B(2),1976-101E,9542,R/B,D,US,1976-10-14,AFETR,1977-05-12,159.18,25.70,6584,118,,,EA,IMP
COSMOS 866 DEB,1976-110F,9551,DEB,D,CIS,1976-11-11,TYMSC,1976-11-24,87.85,64.98,174,162,,,EA,IMP
COSMOS 867,1976-111A,9552,PAY,D,CIS,1976-11-23,PLMSC,1976-12-06,92.07,62.82,401,351,,,EA,IMP
COSMOS 866 DEB,1976-110G,9553,DEB,D,CIS,1976-11-11,TYMSC,1976-11-23,87.82,64.97,176,157,,,EA,IMP
SL-4 R/B,1976-111B,9554,R/B,D,CIS,1976-11-23,PLMSC,1977-02-01,88.44,62.80,207,187,38.3100,,EA,IMP
SL-4 DEB,1976-111C,9555,DEB,D,CIS,1976-11-23,PLMSC,1976-12-16,89.45,62.78,265,229,,,EA,IMP
SL-4 DEB,1976-111D,9556,DEB,D,CIS,1976-11-23,PLMSC,1976-12-08,90.07,62.83,321,235,,,EA,IMP
PROGNOZ 5,1976-112A,9557,PAY,D,CIS,1976-11-25,TYMSC,1979-07-12,5715.56,66.86,194893,4136,,,EA,IMP
SL-6 R/B,1976-112B,9558,R/B,D,CIS,1976-11-25,TYMSC,1977-01-23,87.85,64.96,171,166,,,EA,IMP
SL-6 PLAT,1976-112C,9559,DEB,D,CIS,1976-11-25,TYMSC,1977-01-05,88.21,64.98,209,163,,,EA,IMP
SL-6 DEB,1976-112D,9560,DEB,D,CIS,1976-11-25,TYMSC,1977-01-24,88.07,65.00,197,161,,,EA,IMP
COSMOS 868,1976-113A,9561,PAY,D,CIS,1976-11-26,TYMSC,1978-07-08,88.52,64.99,212,191,31.9467,,EA,IMP
SL-11 R/B,1976-113B,9562,R/B,D,CIS,1976-11-26,TYMSC,1976-11-27,89.32,65.04,250,231,,,EA,IMP
COSMOS 869,1976-114A,9564,PAY,D,CIS,1976-11-29,TYMSC,1976-12-17,90.62,51.77,310,300,,,EA,IMP
SL-4 R/B,1976-114B,9565,R/B,D,CIS,1976-11-29,TYMSC,1976-12-06,87.92,51.72,183,160,,,EA,IMP
SL-4 DEB,1976-111E,9566,DEB,D,CIS,1976-11-23,PLMSC,1976-12-11,89.82,62.77,304,227,,,EA,IMP
COSMOS 870,1976-115A,9573,PAY,D,CIS,1976-12-02,PLMSC,1980-12-20,87.69,73.91,163,158,4.9188,,EA,IMP
MOLNIYA 2-16,1976-116A,9574,PAY,D,CIS,1976-12-02,PLMSC,1991-01-18,90.41,61.99,527,62,34.1000,,EA,IMP
SL-6 R/B(1),1976-116B,9575,R/B,D,CIS,1976-12-02,PLMSC,1977-03-04,87.64,62.83,169,146,16.2401,,EA,IMP
SL-8 R/B,1976-115B,9576,R/B,D,CIS,1976-12-02,PLMSC,1981-02-28,87.24,73.96,144,131,13.8923,,EA,IMP
SL-8 DEB,1976-115C,9577,DEB,D,CIS,1976-12-02,PLMSC,1978-02-10,92.65,73.96,412,397,0.0054,,EA,IMP
SL-6 PLAT,1976-116C,9578,DEB,D,CIS,1976-12-02,PLMSC,1977-02-07,88.05,62.84,202,154,30.5278,,EA,IMP
SL-6 R/B(2),1976-116D,9579,R/B,D,CIS,1976-12-02,PLMSC,1991-12-07,96.49,62.17,1110,71,7.1630,,EA,IMP
SL-6 DEB,1976-116E,9580,DEB,D,CIS,1976-12-02,PLMSC,1977-02-13,92.39,62.86,584,199,9.7529,,EA,IMP
SL-6 DEB,1976-116F,9581,DEB,D,CIS,1976-12-02,PLMSC,1977-01-11,92.89,62.84,622,210,,,EA,IMP
COSMOS 867 DEB,1976-111F,9582,DEB,D,CIS,1976-11-23,PLMSC,1978-01-07,87.77,62.79,166,162,2.0899,,EA,IMP
COSMOS 867 DEB,1976-111G,9583,DEB,D,CIS,1976-11-23,PLMSC,1977-05-26,88.98,62.80,225,223,0.3027,,EA,IMP
COSMOS 867 DEB,1976-111H,9584,DEB,D,CIS,1976-11-23,PLMSC,1977-03-20,90.57,62.81,328,277,0.0050,,EA,IMP
COSMOS 867 DEB,1976-111J,9585,DEB,D,CIS,1976-11-23,PLMSC,1977-07-07,89.46,62.74,265,231,0.1200,,EA,IMP
COSMOS 867 DEB,1976-111K,9586,DEB,D,CIS,1976-11-23,PLMSC,1977-03-05,90.07,62.81,282,274,0.7658,,EA,IMP
FSW-0 2,1976-117A,9587,PAY,D,PRC,1976-12-07,JSC,1977-01-02,87.90,59.43,196,146,,,EA,IMP
COSMOS 871,1976-118A,9588,PAY,,CIS,1976-12-07,PLMSC,,114.67,74.03,1464,1417,0.6619,,EA,ORB
COSMOS 872,1976-118B,9589,PAY,,CIS,1976-12-07,PLMSC,,114.46,74.03,1463,1399,0.6854,,EA,ORB
COSMOS 873,1976-118C,9590,PAY,,CIS,1976-12-07,PLMSC,,115.53,74.03,1495,1464,0.6776,,EA,ORB
COSMOS 874,1976-118D,9591,PAY,,CIS,1976-12-07,PLMSC,,115.76,74.03,1516,1463,0.6580,,EA,ORB
COSMOS 875,1976-118E,9592,PAY,,CIS,1976-12-07,PLMSC,,114.88,74.03,1464,1436,0.6704,,EA,ORB
COSMOS 876,1976-118F,9593,PAY,,CIS,1976-12-07,PLMSC,,116.00,74.03,1538,1464,0.6653,,EA,ORB
COSMOS 877,1976-118G,9594,PAY,,CIS,1976-12-07,PLMSC,,115.08,74.03,1463,1455,0.6740,,EA,ORB
COSMOS 878,1976-118H,9595,PAY,,CIS,1976-12-07,PLMSC,,115.30,74.03,1474,1464,0.6562,,EA,ORB
CZ-2C R/B,1976-117B,9596,R/B,D,PRC,1976-12-07,JSC,1976-12-29,87.78,59.43,183,146,,,EA,IMP
CZ-2C DEB,1976-117C,9597,DEB,D,PRC,1976-12-07,JSC,1976-12-09,90.54,59.42,449,153,,,EA,IMP
SL-8 R/B,1976-118J,9598,R/B,,CIS,1976-12-07,PLMSC,,117.63,74.01,1684,1465,5.9960,,EA,ORB
COSMOS 879,1976-119A,9599,PAY,D,CIS,1976-12-09,PLMSC,1976-12-22,88.62,81.37,209,204,,,EA,IMP
SL-3 R/B,1976-119B,9600,R/B,D,CIS,1976-12-09,PLMSC,1976-12-12,88.30,81.38,211,170,,,EA,IMP
COSMOS 880,1976-120A,9601,PAY,D,CIS,1976-12-09,PLMSC,1991-08-31,88.56,65.79,214,192,1.7157,,EA,IMP
SL-3 DEB,1976-119C,9602,DEB,D,CIS,1976-12-09,PLMSC,1977-01-03,88.63,81.36,208,205,,,EA,IMP
SL-3 DEB,1976-119D,9603,DEB,D,CIS,1976-12-09,PLMSC,1976-12-15,88.72,81.37,236,187,,,EA,IMP
SL-8 R/B,1976-120B,9604,R/B,D,CIS,1976-12-09,PLMSC,1984-12-21,87.62,65.80,162,152,19.0897,,EA,IMP
SL-8 DEB,1976-120C,9605,DEB,D,CIS,1976-12-09,PLMSC,1981-11-01,87.60,65.77,159,152,0.3382,,EA,IMP
COSMOS 881,1976-121A,9606,PAY,D,CIS,1976-12-15,TYMSC,1976-12-15,88.82,51.60,234,198,,,EA,IMP
COSMOS 882,1976-121B,9607,PAY,D,CIS,1976-12-15,TYMSC,1976-12-15,88.53,51.60,214,190,,,EA,IMP
SL-13 R/B,1976-121C,9608,R/B,D,CIS,1976-12-15,TYMSC,1976-12-20,87.58,51.59,162,148,,,EA,IMP
SL-13 DEB,1976-121D,9609,DEB,D,CIS,1976-12-15,TYMSC,1976-12-23,87.49,51.59,150,150,,,EA,IMP
COSMOS 883,1976-122A,9610,PAY,,CIS,1976-12-15,PLMSC,,104.62,82.95,1003,951,1.7189,,EA,ORB
SL-13 DEB,1976-121E,9611,DEB,D,CIS,1976-12-15,TYMSC,1976-12-26,88.21,51.61,192,180,,,EA,IMP
SL-13 DEB,1976-121F,9612,DEB,D,CIS,1976-12-15,TYMSC,1976-12-21,88.59,51.59,230,179,,,EA,IMP
SL-8 R/B,1976-122B,9613,R/B,,CIS,1976-12-15,PLMSC,,104.52,82.96,993,951,4.1296,,EA,ORB
COSMOS 884,1976-123A,9614,PAY,D,CIS,1976-12-17,TYMSC,1976-12-29,89.38,65.02,319,169,,,EA,IMP
COSMOS 885,1976-124A,9615,PAY,D,CIS,1976-12-17,PLMSC,1979-10-14,88.83,65.82,221,212,14.9187,,EA,IMP
SL-4 R/B,1976-123B,9623,R/B,D,CIS,1976-12-17,TYMSC,1976-12-23,88.37,65.03,230,158,,,EA,IMP
SL-4 DEB,1976-123C,9624,DEB,D,CIS,1976-12-17,TYMSC,1977-01-31,89.52,65.03,332,169,0.0050,,EA,IMP
SL-8 R/B,1976-124B,9625,R/B,D,CIS,1976-12-17,PLMSC,1979-09-05,88.41,65.82,202,189,13.3060,,EA,IMP
COSMOS 816 DEB,1976-037AB,9626,DEB,D,CIS,1976-04-28,PLMSC,1977-10-29,91.95,65.81,371,370,,,EA,IMP
OPS 5705,1976-125A,9627,PAY,D,US,1976-12-19,AFWTR,1979-01-28,91.64,96.91,363,346,48.7428,,EA,IMP
TITAN 3D R/B,1976-125B,9628,R/B,D,US,1976-12-19,AFWTR,1977-05-09,87.63,96.88,163,151,47.3397,,EA,IMP
TITAN 3D DEB,1976-125C,9629,DEB,D,US,1976-12-19,AFWTR,1977-02-23,91.51,96.98,444,253,0.5000,,EA,IMP
TITAN 3D DEB,1976-125D,9630,DEB,D,US,1976-12-19,AFWTR,1977-02-09,91.45,96.87,451,239,0.5000,,EA,IMP
COSMOS 861 DEB [PELPS],1976-104C,9631,DEB,D,CIS,1976-10-21,TYMSC,1977-02-04,87.82,64.95,167,166,8.2550,,EA,IMP
COSMOS 861 DEB [ANTENNA],1976-104D,9632,DEB,D,CIS,1976-10-21,TYMSC,1976-12-25,87.61,64.94,157,155,,,EA,IMP
COSMOS 861 DEB,1976-104B,9633,DEB,D,CIS,1976-10-21,TYMSC,1976-10-21,,,,,,,EA,IMP
COSMOS 886,1976-126A,9634,PAY,,CIS,1976-12-27,TYMSC,,114.59,65.84,2290,584,4.5123,,EA,ORB
MOLNIYA 3-6,1976-127A,9635,PAY,D,CIS,1976-12-28,PLMSC,1990-03-19,89.85,62.00,310,224,24.9991,,EA,IMP
SL-6 R/B(1),1976-127B,9636,R/B,D,CIS,1976-12-28,PLMSC,1977-03-16,88.14,62.81,198,167,22.8985,,EA,IMP
COSMOS 887,1976-128A,9637,PAY,,CIS,1976-12-28,PLMSC,,104.61,82.94,1010,942,1.9406,,EA,ORB
SL-8 R/B,1976-128B,9638,R/B,,CIS,1976-12-28,PLMSC,,104.46,82.93,991,947,4.0579,,EA,ORB
COSMOS 884 DEB,1976-123D,9639,DEB,D,CIS,1976-12-17,TYMSC,1976-12-31,88.88,65.02,272,167,,,EA,IMP
COSMOS 884 DEB,1976-123E,9640,DEB,D,CIS,1976-12-17,TYMSC,1977-01-01,87.85,65.02,188,148,,,EA,IMP
SL-6 PLAT,1976-127C,9641,DEB,D,CIS,1976-12-28,PLMSC,1977-02-15,88.30,62.83,221,160,5.8890,,EA,IMP
SL-6 DEB,1976-127D,9642,DEB,D,CIS,1976-12-28,PLMSC,1977-02-23,89.86,62.81,342,194,0.0130,,EA,IMP
COSMOS 886 DEB,1976-126B,9643,DEB,D,CIS,1976-12-27,TYMSC,1976-12-30,89.89,62.73,407,131,,,EA,IMP
COSMOS 886 DEB,1976-126C,9644,DEB,D,CIS,1976-12-27,TYMSC,1976-12-31,94.24,62.74,828,135,,,EA,IMP
SL-11 R/B,1976-126D,9645,R/B,D,CIS,1976-12-27,TYMSC,1977-01-14,89.12,62.76,337,126,,,EA,IMP
COSMOS 884 DEB,1976-123F,9646,DEB,D,CIS,1976-12-17,TYMSC,1977-01-03,88.98,65.05,288,159,,,EA,IMP
SL-6 R/B(2),1976-127E,9647,R/B,D,CIS,1976-12-28,PLMSC,1987-12-18,92.05,63.25,639,112,9.0700,,EA,IMP
COSMOS 886 DEB,1976-126E,9648,DEB,D,CIS,1976-12-27,TYMSC,2023-01-08,88.19,65.72,192,177,0.1680,,EA,IMP
COSMOS 886 DEB,1976-126F,9649,DEB,,CIS,1976-12-27,TYMSC,,113.23,65.93,2088,662,0.1544,,EA,ORB
COSMOS 886 DEB,1976-126G,9650,DEB,,CIS,1976-12-27,TYMSC,,108.04,65.81,1782,490,0.0843,,EA,ORB
COSMOS 886 DEB,1976-126H,9651,DEB,,CIS,1976-12-27,TYMSC,,107.88,65.79,1711,546,0.1148,,EA,ORB
COSMOS 886 DEB,1976-126J,9652,DEB,,CIS,1976-12-27,TYMSC,,111.05,65.83,1960,589,0.2937,,EA,ORB
COSMOS 886 DEB,1976-126K,9653,DEB,,CIS,1976-12-27,TYMSC,,108.23,65.77,1731,558,0.0646,,EA,ORB
COSMOS 886 DEB,1976-126L,9654,DEB,,CIS,1976-12-27,TYMSC,,106.89,65.77,1593,572,0.1190,,EA,ORB
COSMOS 886 DEB,1976-126M,9655,DEB,,CIS,1976-12-27,TYMSC,,104.05,65.78,1418,482,0.0681,,EA,ORB
COSMOS 886 DEB,1976-126N,9656,DEB,,CIS,1976-12-27,TYMSC,,111.54,65.82,1953,642,0.0482,,EA,ORB
COSMOS 886 DEB,1976-126P,9657,DEB,D,CIS,1976-12-27,TYMSC,1991-01-06,90.96,65.67,328,315,0.0894,,EA,IMP
SL-8 DEB,1976-075F,9665,DEB,D,CIS,1976-07-27,PLMSC,1978-07-18,92.32,73.96,399,378,0.0035,,EA,IMP
SL-8 DEB,1976-069C,9704,DEB,D,CIS,1976-07-15,PLMSC,2024-11-03,88.29,73.99,196,185,0.0126,,EA,IMP
SL-8 DEB,1976-075G,9718,DEB,D,CIS,1976-07-27,PLMSC,1978-03-27,92.45,74.09,398,391,0.0025,,EA,IMP
COSMOS 886 DEB,1976-126Q,9719,DEB,D,CIS,1976-12-27,TYMSC,1978-11-07,88.96,65.90,254,192,0.1090,,EA,IMP
COSMOS 886 DEB,1976-126R,9720,DEB,D,CIS,1976-12-27,TYMSC,1981-10-09,89.85,65.71,313,221,0.0160,,EA,IMP
COSMOS 886 DEB,1976-126S,9721,DEB,,CIS,1976-12-27,TYMSC,,112.72,65.84,2175,529,0.0996,,EA,ORB
COSMOS 886 DEB,1976-126T,9722,DEB,,CIS,1976-12-27,TYMSC,,114.72,65.75,2054,832,0.0624,,EA,ORB
COSMOS 886 DEB,1976-126U,9723,DEB,,CIS,1976-12-27,TYMSC,,110.15,65.75,1761,706,0.0728,,EA,ORB
COSMOS 886 DEB,1976-126V,9724,DEB,,CIS,1976-12-27,TYMSC,,108.48,65.82,1733,580,0.0352,,EA,ORB
COSMOS 886 DEB,1976-126W,9725,DEB,D,CIS,1976-12-27,TYMSC,1992-12-21,88.99,65.69,240,209,0.0471,,EA,IMP
SL-8 DEB,1976-001E,9731,DEB,D,CIS,1976-01-06,PLMSC,1978-07-15,93.10,73.95,437,416,0.0048,,EA,IMP
SL-8 DEB,1976-075H,9789,DEB,D,CIS,1976-07-27,PLMSC,1978-06-24,93.45,74.01,460,426,0.0035,,EA,IMP
SL-8 DEB,1976-001F,9790,DEB,D,CIS,1976-01-06,PLMSC,1977-08-05,91.95,74.04,381,360,,,EA,IMP
SL-8 DEB,1976-001G,9791,DEB,D,CIS,1976-01-06,PLMSC,1977-12-01,92.56,74.07,409,391,,,EA,IMP
SL-8 DEB,1976-001H,9792,DEB,D,CIS,1976-01-06,PLMSC,1977-12-12,92.04,73.98,383,366,,,EA,IMP
OPS 6431 DEB,1976-038K,9796,DEB,,US,1976-04-30,AFWTR,,,,,,,NEA,EA,ORB
COSMOS 886 DEB,1976-126X,9797,DEB,,CIS,1976-12-27,TYMSC,,112.33,65.82,2027,640,0.0683,,EA,ORB
COSMOS 886 DEB,1976-126Y,9798,DEB,,CIS,1976-12-27,TYMSC,,105.78,65.75,1123,939,0.0680,,EA,ORB
COSMOS 886 DEB,1976-126Z,9799,DEB,,CIS,1976-12-27,TYMSC,,112.52,65.60,2123,562,0.0153,,EA,ORB
COSMOS 886 DEB,1976-126AA,9807,DEB,,CIS,1976-12-27,TYMSC,,99.65,65.77,992,491,0.0547,,EA,ORB
COSMOS 886 DEB,1976-126AB,9815,DEB,D,CIS,1976-12-27,TYMSC,1999-10-04,88.12,65.73,190,174,0.0476,,EA,IMP
COSMOS 886 DEB,1976-126AC,9816,DEB,,CIS,1976-12-27,TYMSC,,103.22,65.79,1328,494,0.0284,,EA,ORB
COSMOS 886 DEB,1976-126AD,9817,DEB,D,CIS,1976-12-27,TYMSC,1982-07-12,109.57,65.82,1835,579,0.0051,,EA,IMP
COSMOS 886 DEB,1976-126AE,9818,DEB,D,CIS,1976-12-27,TYMSC,2024-01-23,88.18,65.68,187,183,0.0300,,EA,IMP
COSMOS 886 DEB,1976-126AF,9819,DEB,,CIS,1976-12-27,TYMSC,,100.50,65.88,1074,490,0.0620,,EA,ORB
COSMOS 886 DEB,1976-126AG,9820,DEB,,CIS,1976-12-27,TYMSC,,120.72,65.80,2416,1010,0.1881,,EA,ORB
COSMOS 886 DEB,1976-126AH,9821,DEB,D,CIS,1976-12-27,TYMSC,2025-10-29,89.39,65.70,246,242,0.0408,,EA,IMP
COSMOS 886 DEB,1976-126AJ,9822,DEB,,CIS,1976-12-27,TYMSC,,111.04,65.78,1971,578,0.0446,,EA,ORB
COSMOS 886 DEB,1976-126AK,9823,DEB,,CIS,1976-12-27,TYMSC,,110.72,65.80,1954,566,0.0173,,EA,ORB
COSMOS 886 DEB,1976-126AL,9824,DEB,,CIS,1976-12-27,TYMSC,,108.04,65.81,1782,490,0.0800,,EA,ORB
COSMOS 886 DEB,1976-126AM,9825,DEB,D,CIS,1976-12-27,TYMSC,1982-03-12,90.06,65.75,311,243,0.1082,,EA,IMP
COSMOS 886 DEB,1976-126AN,9826,DEB,,CIS,1976-12-27,TYMSC,,106.78,65.84,1631,524,0.0128,,EA,ORB
COSMOS 886 DEB,1976-126AP,9827,DEB,D,CIS,1976-12-27,TYMSC,2025-04-14,88.46,65.73,210,186,0.0510,,EA,IMP
COSMOS 886 DEB,1976-126AQ,9828,DEB,D,CIS,1976-12-27,TYMSC,2002-01-05,89.15,65.73,245,220,0.0791,,EA,IMP
SL-8 DEB,1976-031C,9836,DEB,D,CIS,1976-04-06,PLMSC,1978-07-18,92.67,74.04,425,386,0.0120,,EA,IMP
SL-8 DEB,1976-001J,9837,DEB,D,CIS,1976-01-06,PLMSC,1977-08-27,92.32,73.96,404,372,,,EA,IMP
SL-8 DEB,1976-001K,9838,DEB,D,CIS,1976-01-06,PLMSC,1977-07-30,90.92,74.00,324,315,,,EA,IMP
COSMOS 862 DEB,1976-105E,9888,DEB,D,CIS,1976-10-22,PLMSC,1994-07-12,719.84,63.18,39769,687,,,EA,IMP
COSMOS 862 DEB,1976-105F,9889,DEB,D,CIS,1976-10-22,PLMSC,2014-05-29,96.45,61.80,1075,102,2.4657,,EA,IMP
COSMOS 862 DEB,1976-105G,9890,DEB,,CIS,1976-10-22,PLMSC,,718.74,65.85,38933,1469,,,EA,ORB
COSMOS 862 DEB,1976-105H,9891,DEB,D,CIS,1976-10-22,PLMSC,1999-07-26,95.18,63.95,887,168,0.2000,,EA,IMP
COSMOS 862 DEB,1976-105J,9892,DEB,D,CIS,1976-10-22,PLMSC,1995-02-13,717.64,64.40,39192,1155,2.3200,,EA,IMP
COSMOS 862 DEB,1976-105K,9893,DEB,D,CIS,1976-10-22,PLMSC,1994-06-10,716.48,62.95,39705,586,,,EA,IMP
COSMOS 862 DEB,1976-105L,9894,DEB,D,CIS,1976-10-22,PLMSC,1993-05-22,702.56,63.87,39042,559,0.3100,,EA,IMP
COSMOS 862 DEB,1976-105M,9895,DEB,,CIS,1976-10-22,PLMSC,,718.74,65.85,38933,1469,,,EA,ORB
COSMOS 862 DEB,1976-105N,9896,DEB,,CIS,1976-10-22,PLMSC,,720.85,69.39,35572,4934,0.3440,,EA,ORB
COSMOS 885 DEB,1976-124C,9897,DEB,D,CIS,1976-12-17,PLMSC,1977-11-22,91.37,65.82,342,342,,,EA,IMP
COSMOS 885 DEB,1976-124D,9901,DEB,D,CIS,1976-12-17,PLMSC,1977-11-11,91.59,65.83,353,351,,,EA,IMP
COSMOS 862 DEB,1976-105P,9902,DEB,,CIS,1976-10-22,PLMSC,,727.17,64.56,39705,1112,0.0064,,EA,ORB
COSMOS 885 DEB,1976-124E,9914,DEB,D,CIS,1976-12-17,PLMSC,1977-12-09,93.03,65.84,427,420,,,EA,IMP
COSMOS 885 DEB,1976-124F,9915,DEB,D,CIS,1976-12-17,PLMSC,1977-11-29,90.31,65.76,289,289,,,EA,IMP
COSMOS 885 DEB,1976-124G,9916,DEB,D,CIS,1976-12-17,PLMSC,1977-11-16,92.02,65.81,374,373,,,EA,IMP
COSMOS 885 DEB,1976-124H,9917,DEB,D,CIS,1976-12-17,PLMSC,1977-11-05,91.33,65.82,340,340,0.0930,,EA,IMP
COSMOS 885 DEB,1976-124J,9918,DEB,D,CIS,1976-12-17,PLMSC,1977-11-20,91.07,65.81,327,327,,,EA,IMP
COSMOS 885 DEB,1976-124K,9919,DEB,D,CIS,1976-12-17,PLMSC,1977-11-10,90.77,65.82,312,312,,,EA,IMP
COSMOS 885 DEB,1976-124L,9920,DEB,D,CIS,1976-12-17,PLMSC,1977-12-22,91.97,65.83,376,366,,,EA,IMP
COSMOS 885 DEB,1976-124M,9922,DEB,D,CIS,1976-12-17,PLMSC,1977-11-16,90.79,65.88,313,313,,,EA,IMP
COSMOS 885 DEB,1976-124N,9923,DEB,D,CIS,1976-12-17,PLMSC,1977-12-09,90.96,65.80,328,315,,,EA,IMP
COSMOS 885 DEB,1976-124P,9924,DEB,D,CIS,1976-12-17,PLMSC,1977-12-14,92.14,65.83,380,380,,,EA,IMP
COSMOS 885 DEB,1976-124Q,9925,DEB,D,CIS,1976-12-17,PLMSC,1977-11-22,91.31,65.79,343,335,,,EA,IMP
COSMOS 885 DEB,1976-124R,9926,DEB,D,CIS,1976-12-17,PLMSC,1977-12-01,91.86,65.86,366,366,,,EA,IMP
COSMOS 886 DEB,1976-126AR,9951,DEB,,CIS,1976-12-27,TYMSC,,108.07,65.82,1717,558,0.0268,,EA,ORB
COSMOS 886 DEB,1976-126AS,9952,DEB,D,CIS,1976-12-27,TYMSC,1980-10-11,111.09,65.84,2057,497,0.0690,,EA,IMP
COSMOS 886 DEB,1976-126AT,9953,DEB,,CIS,1976-12-27,TYMSC,,109.57,65.85,1846,568,0.0383,,EA,ORB
COSMOS 886 DEB,1976-126AU,9954,DEB,,CIS,1976-12-27,TYMSC,,110.41,65.70,1928,564,0.0198,,EA,ORB
COSMOS 886 DEB,1976-126AV,9955,DEB,,CIS,1976-12-27,TYMSC,,113.92,65.85,2231,582,0.0216,,EA,ORB
COSMOS 886 DEB,1976-126AW,9956,DEB,,CIS,1976-12-27,TYMSC,,116.42,65.79,2255,784,0.0186,,EA,ORB
COSMOS 886 DEB,1976-126AX,9957,DEB,D,CIS,1976-12-27,TYMSC,2014-08-03,88.93,65.70,240,203,0.0230,,EA,IMP
COSMOS 886 DEB,1976-126AY,9958,DEB,,CIS,1976-12-27,TYMSC,,114.10,65.87,2111,718,0.0131,,EA,ORB
COSMOS 886 DEB,1976-126AZ,9959,DEB,D,CIS,1976-12-27,TYMSC,1982-06-20,114.16,65.81,2308,526,0.0068,,EA,IMP
COSMOS 886 DEB,1976-126BA,9960,DEB,,CIS,1976-12-27,TYMSC,,111.64,65.87,1960,644,0.0715,,EA,ORB
COSMOS 886 DEB,1976-126BB,9961,DEB,,CIS,1976-12-27,TYMSC,,103.29,65.79,1301,527,0.0899,,EA,ORB
COSMOS 886 DEB,1976-126BC,9962,DEB,,CIS,1976-12-27,TYMSC,,103.56,65.76,1324,529,0.1400,,EA,ORB
COSMOS 886 DEB,1976-126BD,9963,DEB,,CIS,1976-12-27,TYMSC,,107.58,65.79,1691,538,0.1090,,EA,ORB
COSMOS 886 DEB,1976-126BE,9964,DEB,,CIS,1976-12-27,TYMSC,,109.49,65.77,1820,586,0.0495,,EA,ORB
COSMOS 886 DEB,1976-126BF,9965,DEB,,CIS,1976-12-27,TYMSC,,118.66,65.79,2331,910,0.1354,,EA,ORB
COSMOS 886 DEB,1976-126BG,9966,DEB,,CIS,1976-12-27,TYMSC,,105.51,65.78,1477,559,0.0370,,EA,ORB
COSMOS 886 DEB,1976-126BH,9967,DEB,D,CIS,1976-12-27,TYMSC,1991-03-05,89.74,65.71,273,250,0.0454,,EA,IMP
SL-8 DEB,1976-031D,9990,DEB,D,CIS,1976-04-06,PLMSC,1978-02-27,92.33,73.97,402,375,0.0055,,EA,IMP
SL-8 DEB,1976-115D,9991,DEB,D,CIS,1976-12-02,PLMSC,1978-04-30,92.14,73.97,393,365,0.0060,,EA,IMP
SL-8 DEB,1976-115E,9992,DEB,D,CIS,1976-12-02,PLMSC,1978-06-11,93.48,73.97,473,416,0.0019,,EA,IMP
SL-8 DEB,1976-115F,9993,DEB,D,CIS,1976-12-02,PLMSC,1980-03-07,89.67,73.94,263,254,0.0016,,EA,IMP
OPS 6431 DEB,1976-038L,9996,DEB,,US,1976-04-30,AFWTR,,,,,,,NEA,EA,ORB
SL-8 DEB,1976-124S,9999,DEB,D,CIS,1976-12-17,PLMSC,1977-10-17,90.45,65.84,305,288,,,EA,IMP
COSMOS 838 DEB,1976-063C,10047,DEB,D,CIS,1976-07-02,TYMSC,1977-09-13,94.06,64.96,549,397,,,EA,IMP
COSMOS 838 DEB,1976-063D,10048,DEB,D,CIS,1976-07-02,TYMSC,1977-08-14,93.32,64.92,494,381,,,EA,IMP
COSMOS 838 DEB,1976-063E,10049,DEB,D,CIS,1976-07-02,TYMSC,1978-04-10,91.72,64.58,390,328,0.1252,,EA,IMP
COSMOS 838 DEB,1976-063F,10050,DEB,D,CIS,1976-07-02,TYMSC,1977-07-23,92.61,65.10,445,360,,,EA,IMP
COSMOS 838 DEB,1976-063G,10051,DEB,D,CIS,1976-07-02,TYMSC,1977-11-01,91.55,65.03,350,350,,,EA,IMP
COSMOS 838 DEB,1976-063H,10052,DEB,D,CIS,1976-07-02,TYMSC,1978-03-25,92.61,64.56,420,385,0.0986,,EA,IMP
COSMOS 838 DEB,1976-063J,10053,DEB,D,CIS,1976-07-02,TYMSC,1977-11-15,91.54,64.95,356,344,,,EA,IMP
COSMOS 838 DEB,1976-063K,10054,DEB,D,CIS,1976-07-02,TYMSC,1978-08-08,89.02,65.00,239,213,0.3518,,EA,IMP
COSMOS 838 DEB,1976-063L,10055,DEB,D,CIS,1976-07-02,TYMSC,1977-12-02,91.69,64.99,364,351,,,EA,IMP
COSMOS 838 DEB,1976-063M,10056,DEB,D,CIS,1976-07-02,TYMSC,1977-11-03,91.44,64.69,347,344,,,EA,IMP
COSMOS 838 DEB,1976-063N,10057,DEB,D,CIS,1976-07-02,TYMSC,1978-04-15,88.89,65.03,226,214,,,EA,IMP
COSMOS 838 DEB,1976-063P,10058,DEB,D,CIS,1976-07-02,TYMSC,1977-09-20,90.99,65.03,330,316,,,EA,IMP
COSMOS 838 DEB,1976-063Q,10076,DEB,D,CIS,1976-07-02,TYMSC,1978-02-13,91.64,64.85,365,345,0.0654,,EA,IMP
COSMOS 838 DEB,1976-063R,10077,DEB,D,CIS,1976-07-02,TYMSC,1978-03-12,92.06,64.71,394,357,,,EA,IMP
COSMOS 838 DEB,1976-063S,10078,DEB,D,CIS,1976-07-02,TYMSC,1977-11-16,90.85,64.67,316,316,,,EA,IMP
COSMOS 838 DEB,1976-063T,10079,DEB,D,CIS,1976-07-02,TYMSC,1977-10-03,91.67,64.69,367,346,,,EA,IMP
COSMOS 838 DEB,1976-063U,10080,DEB,D,CIS,1976-07-02,TYMSC,1978-09-19,89.33,64.97,248,234,0.0097,,EA,IMP
COSMOS 838 DEB,1976-063V,10081,DEB,D,CIS,1976-07-02,TYMSC,1978-04-18,92.11,64.92,393,363,,,EA,IMP
COSMOS 838 DEB,1976-063W,10082,DEB,D,CIS,1976-07-02,TYMSC,1977-09-23,92.12,64.49,428,329,,,EA,IMP
COSMOS 838 DEB,1976-063X,10083,DEB,D,CIS,1976-07-02,TYMSC,1977-07-27,93.73,64.56,508,406,,,EA,IMP
COSMOS 838 DEB,1976-063Y,10097,DEB,D,CIS,1976-07-02,TYMSC,1978-03-03,91.89,65.05,377,357,0.0591,,EA,IMP
COSMOS 838 DEB,1976-063Z,10098,DEB,D,CIS,1976-07-02,TYMSC,1977-07-23,92.62,65.06,421,385,,,EA,IMP
COSMOS 838 DEB,1976-063AA,10099,DEB,D,CIS,1976-07-02,TYMSC,1977-09-05,91.98,65.04,382,362,,,EA,IMP
COSMOS 838 DEB,1976-063AB,10100,DEB,D,CIS,1976-07-02,TYMSC,1977-10-29,91.26,65.05,343,330,,,EA,IMP
COSMOS 838 DEB,1976-063AC,10101,DEB,D,CIS,1976-07-02,TYMSC,1977-09-20,90.52,64.97,319,281,,,EA,IMP
COSMOS 838 DEB,1976-063AD,10102,DEB,D,CIS,1976-07-02,TYMSC,1977-10-25,90.58,64.98,308,298,,,EA,IMP
COSMOS 838 DEB,1976-063AE,10103,DEB,D,CIS,1976-07-02,TYMSC,1978-07-03,91.44,65.04,352,339,0.0211,,EA,IMP
COSMOS 838 DEB,1976-063AF,10104,DEB,D,CIS,1976-07-02,TYMSC,1978-06-19,90.38,65.05,306,281,0.1259,,EA,IMP
COSMOS 838 DEB,1976-063AG,10105,DEB,D,CIS,1976-07-02,TYMSC,1977-08-17,92.51,65.22,405,390,,,EA,IMP
COSMOS 838 DEB,1976-063AH,10106,DEB,D,CIS,1976-07-02,TYMSC,1978-04-18,92.69,65.06,422,391,,,EA,IMP
COSMOS 838 DEB,1976-063AJ,10107,DEB,D,CIS,1976-07-02,TYMSC,1977-09-03,92.05,65.22,382,369,,,EA,IMP
COSMOS 838 DEB,1976-063AK,10108,DEB,D,CIS,1976-07-02,TYMSC,1977-08-27,90.96,65.03,331,312,,,EA,IMP
COSMOS 838 DEB,1976-063AL,10109,DEB,D,CIS,1976-07-02,TYMSC,1977-09-22,89.28,64.97,251,227,,,EA,IMP
COSMOS 838 DEB,1976-063AM,10110,DEB,D,CIS,1976-07-02,TYMSC,1978-09-03,91.67,65.16,365,348,0.0610,,EA,IMP
COSMOS 838 DEB,1976-063AN,10122,DEB,D,CIS,1976-07-02,TYMSC,1977-11-09,91.18,65.02,341,324,,,EA,IMP
COSMOS 838 DEB,1976-063AP,10123,DEB,D,CIS,1976-07-02,TYMSC,1977-08-18,93.01,65.02,443,402,,,EA,IMP
COSMOS 838 DEB,1976-063AQ,10124,DEB,D,CIS,1976-07-02,TYMSC,1977-08-17,91.84,64.95,369,361,,,EA,IMP
COSMOS 838 DEB,1976-063AR,10125,DEB,D,CIS,1976-07-02,TYMSC,1977-07-28,92.43,64.89,427,360,,,EA,IMP
COSMOS 838 DEB,1976-063AS,10126,DEB,D,CIS,1976-07-02,TYMSC,1978-01-12,92.62,64.66,422,384,,,EA,IMP
COSMOS 885 DEB,1976-124T,10391,DEB,D,CIS,1976-12-17,PLMSC,1978-01-11,91.53,65.85,360,340,,,EA,IMP
COSMOS 886 DEB,1976-126BJ,10396,DEB,D,CIS,1976-12-27,TYMSC,1984-01-08,,,,,0.0058,,EA,IMP
COSMOS 839 DEB,1976-067D,10410,DEB,,CIS,1976-07-08,PLMSC,,116.79,66.09,2082,991,0.2724,,EA,ORB
COSMOS 839 DEB,1976-067E,10411,DEB,,CIS,1976-07-08,PLMSC,,117.15,66.02,2082,1024,0.0827,,EA,ORB
COSMOS 839 DEB,1976-067F,10412,DEB,,CIS,1976-07-08,PLMSC,,116.71,65.68,2075,991,0.1198,,EA,ORB
COSMOS 839 DEB,1976-067G,10413,DEB,,CIS,1976-07-08,PLMSC,,117.07,65.88,2091,1007,0.0774,,EA,ORB
COSMOS 839 DEB,1976-067H,10414,DEB,,CIS,1976-07-08,PLMSC,,118.19,65.88,2097,1102,0.0975,,EA,ORB
COSMOS 839 DEB,1976-067J,10415,DEB,,CIS,1976-07-08,PLMSC,,118.15,65.84,2137,1058,0.1099,,EA,ORB
COSMOS 839 DEB,1976-067K,10416,DEB,,CIS,1976-07-08,PLMSC,,117.99,65.72,2104,1078,0.1210,,EA,ORB
COSMOS 839 DEB,1976-067L,10417,DEB,,CIS,1976-07-08,PLMSC,,115.46,65.58,2047,905,0.0190,,EA,ORB
COSMOS 839 DEB,1976-067M,10436,DEB,,CIS,1976-07-08,PLMSC,,116.30,66.03,2051,977,0.0378,,EA,ORB
COSMOS 839 DEB,1976-067N,10437,DEB,,CIS,1976-07-08,PLMSC,,116.95,65.83,2068,1019,0.0556,,EA,ORB
COSMOS 839 DEB,1976-067P,10438,DEB,,CIS,1976-07-08,PLMSC,,119.03,65.96,2155,1120,0.0528,,EA,ORB
COSMOS 839 DEB,1976-067Q,10439,DEB,,CIS,1976-07-08,PLMSC,,117.56,65.79,2102,1040,0.1339,,EA,ORB
COSMOS 839 DEB,1976-067R,10440,DEB,,CIS,1976-07-08,PLMSC,,116.08,65.65,2063,946,0.0123,,EA,ORB
COSMOS 839 DEB,1976-067S,10441,DEB,,CIS,1976-07-08,PLMSC,,118.82,65.74,2115,1141,0.0332,,EA,ORB
COSMOS 839 DEB,1976-067T,10442,DEB,,CIS,1976-07-08,PLMSC,,118.35,66.01,2125,1089,0.0918,,EA,ORB
COSMOS 839 DEB,1976-067U,10443,DEB,,CIS,1976-07-08,PLMSC,,115.43,65.81,2049,901,0.1063,,EA,ORB
COSMOS 839 DEB,1976-067V,10444,DEB,,CIS,1976-07-08,PLMSC,,115.05,65.80,2042,873,0.0277,,EA,ORB
COSMOS 839 DEB,1976-067W,10445,DEB,,CIS,1976-07-08,PLMSC,,119.07,65.93,2170,1108,0.0478,,EA,ORB
COSMOS 839 DEB,1976-067X,10446,DEB,,CIS,1976-07-08,PLMSC,,118.34,65.88,2111,1102,0.0639,,EA,ORB
COSMOS 839 DEB,1976-067Y,10447,DEB,,CIS,1976-07-08,PLMSC,,116.41,65.86,2081,957,0.0716,,EA,ORB
COSMOS 839 DEB,1976-067Z,10448,DEB,,CIS,1976-07-08,PLMSC,,116.38,66.17,2103,932,0.0420,,EA,ORB
COSMOS 839 DEB,1976-067AA,10449,DEB,,CIS,1976-07-08,PLMSC,,115.61,66.03,2082,884,0.1171,,EA,ORB
COSMOS 839 DEB,1976-067AB,10450,DEB,,CIS,1976-07-08,PLMSC,,115.49,65.74,2065,890,0.1661,,EA,ORB
COSMOS 839 DEB,1976-067AC,10451,DEB,,CIS,1976-07-08,PLMSC,,115.58,65.85,2081,882,0.1184,,EA,ORB
COSMOS 839 DEB,1976-067AD,10452,DEB,,CIS,1976-07-08,PLMSC,,119.40,65.85,2138,1169,0.0576,,EA,ORB
COSMOS 839 DEB,1976-067AE,10453,DEB,,CIS,1976-07-08,PLMSC,,115.89,65.81,2069,923,0.0177,,EA,ORB
COSMOS 839 DEB,1976-067AF,10454,DEB,,CIS,1976-07-08,PLMSC,,114.71,65.67,2018,866,0.1327,,EA,ORB
COSMOS 839 DEB,1976-067AG,10463,DEB,,CIS,1976-07-08,PLMSC,,116.83,65.82,2088,988,0.0389,,EA,ORB
COSMOS 839 DEB,1976-067AH,10464,DEB,,CIS,1976-07-08,PLMSC,,115.48,65.83,2041,914,0.0228,,EA,ORB
COSMOS 839 DEB,1976-067AJ,10465,DEB,,CIS,1976-07-08,PLMSC,,114.33,65.57,1992,858,0.0294,,EA,ORB
COSMOS 839 DEB,1976-067AK,10466,DEB,,CIS,1976-07-08,PLMSC,,115.18,65.83,2017,911,0.0225,,EA,ORB
COSMOS 839 DEB,1976-067AL,10467,DEB,D,CIS,1976-07-08,PLMSC,1982-06-03,,,,,0.1000,,EA,IMP
COSMOS 839 DEB,1976-067AM,10613,DEB,,CIS,1976-07-08,PLMSC,,114.00,65.80,1950,870,0.0052,,EA,ORB
COSMOS 839 DEB,1976-067AN,10614,DEB,,CIS,1976-07-08,PLMSC,,115.93,65.73,2074,922,0.1579,,EA,ORB
COSMOS 839 DEB,1976-067AP,10615,DEB,,CIS,1976-07-08,PLMSC,,114.23,66.00,1936,904,0.0141,,EA,ORB
COSMOS 839 DEB,1976-067AQ,10616,DEB,,CIS,1976-07-08,PLMSC,,115.40,65.60,2036,911,0.0093,,EA,ORB
COSMOS 839 DEB,1976-067AR,10617,DEB,,CIS,1976-07-08,PLMSC,,116.47,65.63,2099,945,0.2635,,EA,ORB
COSMOS 839 DEB,1976-067AS,10618,DEB,,CIS,1976-07-08,PLMSC,,116.23,65.84,2087,935,0.1434,,EA,ORB
COSMOS 839 DEB,1976-067AT,10619,DEB,,CIS,1976-07-08,PLMSC,,116.77,65.83,2066,1006,0.1341,,EA,ORB
COSMOS 839 DEB,1976-067AU,10620,DEB,,CIS,1976-07-08,PLMSC,,115.90,65.95,2009,984,0.0386,,EA,ORB
COSMOS 839 DEB,1976-067AV,10621,DEB,,CIS,1976-07-08,PLMSC,,116.97,66.02,2075,1014,0.2876,,EA,ORB
COSMOS 839 DEB,1976-067AW,10622,DEB,,CIS,1976-07-08,PLMSC,,116.72,65.90,2116,951,0.1328,,EA,ORB
COSMOS 839 DEB,1976-067AX,10623,DEB,,CIS,1976-07-08,PLMSC,,115.85,65.77,2039,948,0.0604,,EA,ORB
DELTA 1 DEB,1976-077C,10642,DEB,,US,1976-07-29,AFWTR,,117.86,102.25,1666,1503,0.0882,,EA,ORB
DELTA 1 DEB,1976-077D,10643,DEB,,US,1976-07-29,AFWTR,,118.97,102.13,1770,1499,0.0670,,EA,ORB
DELTA 1 DEB,1976-077E,10644,DEB,,US,1976-07-29,AFWTR,,114.12,101.38,1498,1333,0.0392,,EA,ORB
DELTA 1 DEB,1976-077F,10645,DEB,,US,1976-07-29,AFWTR,,120.08,102.39,1865,1504,0.1294,,EA,ORB
DELTA 1 DEB,1976-077G,10646,DEB,,US,1976-07-29,AFWTR,,118.57,102.66,1731,1502,0.2732,,EA,ORB
DELTA 1 DEB,1976-077H,10647,DEB,,US,1976-07-29,AFWTR,,118.88,102.76,1763,1498,0.1074,,EA,ORB
DELTA 1 DEB,1976-077J,10648,DEB,,US,1976-07-29,AFWTR,,118.03,101.95,1701,1483,0.0798,,EA,ORB
DELTA 1 DEB,1976-077K,10649,DEB,,US,1976-07-29,AFWTR,,122.00,102.29,2078,1463,0.0683,,EA,ORB
DELTA 1 DEB,1976-077L,10650,DEB,,US,1976-07-29,AFWTR,,124.41,102.09,2237,1517,0.1616,,EA,ORB
DELTA 1 DEB,1976-077M,10651,DEB,D,US,1976-07-29,AFWTR,1989-11-15,93.88,102.12,517,412,0.1535,,EA,IMP
DELTA 1 DEB,1976-077N,10652,DEB,,US,1976-07-29,AFWTR,,120.21,102.86,1894,1486,0.0917,,EA,ORB
DELTA 1 DEB,1976-077P,10653,DEB,,US,1976-07-29,AFWTR,,117.62,102.66,1675,1473,0.1116,,EA,ORB
DELTA 1 DEB,1976-077Q,10654,DEB,,US,1976-07-29,AFWTR,,111.15,102.49,1429,1130,0.0856,,EA,ORB
DELTA 1 DEB,1976-077R,10655,DEB,,US,1976-07-29,AFWTR,,118.87,102.77,1850,1411,0.2630,,EA,ORB
DELTA 1 DEB,1976-077S,10656,DEB,,US,1976-07-29,AFWTR,,116.40,101.87,1580,1457,0.4805,,EA,ORB
DELTA 1 DEB,1976-077T,10657,DEB,,US,1976-07-29,AFWTR,,117.48,102.61,1634,1501,0.2778,,EA,ORB
DELTA 1 DEB,1976-077U,10658,DEB,,US,1976-07-29,AFWTR,,117.08,102.49,1594,1505,0.5863,,EA,ORB
DELTA 1 DEB,1976-077V,10659,DEB,,US,1976-07-29,AFWTR,,119.06,102.20,1780,1498,0.0983,,EA,ORB
DELTA 1 DEB,1976-077W,10660,DEB,,US,1976-07-29,AFWTR,,123.35,102.24,2154,1506,0.3063,,EA,ORB
DELTA 1 DEB,1976-077X,10661,DEB,,US,1976-07-29,AFWTR,,107.68,101.17,1199,1039,0.0690,,EA,ORB
DELTA 1 DEB,1976-077Y,10662,DEB,,US,1976-07-29,AFWTR,,111.43,100.81,1483,1102,0.0893,,EA,ORB
DELTA 1 DEB,1976-077Z,10663,DEB,,US,1976-07-29,AFWTR,,102.31,100.61,943,793,0.0457,,EA,ORB
DELTA 1 DEB,1976-077AA,10705,DEB,D,US,1976-07-29,AFWTR,2010-03-02,90.11,101.99,293,267,0.0085,,EA,IMP
DELTA 1 DEB,1976-077AB,10706,DEB,,US,1976-07-29,AFWTR,,112.21,101.53,1632,1024,0.0688,,EA,ORB
DELTA 1 DEB,1976-077AC,10707,DEB,,US,1976-07-29,AFWTR,,120.15,102.19,1896,1479,0.0651,,EA,ORB
DELTA 1 DEB,1976-077AD,10708,DEB,,US,1976-07-29,AFWTR,,113.97,101.21,1534,1283,0.0770,,EA,ORB
DELTA 1 DEB,1976-077AE,10709,DEB,,US,1976-07-29,AFWTR,,115.52,101.92,1497,1461,0.1053,,EA,ORB
DELTA 1 DEB,1976-077AF,10710,DEB,,US,1976-07-29,AFWTR,,120.06,101.80,1894,1473,0.0497,,EA,ORB
DELTA 1 DEB,1976-077AG,10711,DEB,,US,1976-07-29,AFWTR,,117.14,102.50,1603,1502,0.0529,,EA,ORB
DELTA 1 DEB,1976-077AH,10712,DEB,,US,1976-07-29,AFWTR,,116.07,102.22,1559,1449,0.0197,,EA,ORB
DELTA 1 DEB,1976-077AJ,10713,DEB,,US,1976-07-29,AFWTR,,110.09,101.56,1327,1135,0.0821,,EA,ORB
DELTA 1 DEB,1976-077AK,10714,DEB,,US,1976-07-29,AFWTR,,124.72,103.37,2363,1418,0.1148,,EA,ORB
DELTA 1 DEB,1976-077AL,10715,DEB,,US,1976-07-29,AFWTR,,123.72,102.56,2205,1488,0.1863,,EA,ORB
DELTA 1 DEB,1976-077AM,10716,DEB,,US,1976-07-29,AFWTR,,112.26,102.74,1440,1221,0.0179,,EA,ORB
DELTA 1 DEB,1976-077AN,10717,DEB,,US,1976-07-29,AFWTR,,117.71,102.65,1657,1499,0.0794,,EA,ORB
DELTA 1 DEB,1976-077AP,10718,DEB,,US,1976-07-29,AFWTR,,115.86,101.61,1535,1453,0.0757,,EA,ORB
DELTA 1 DEB,1976-077AQ,10719,DEB,,US,1976-07-29,AFWTR,,119.85,101.88,1863,1485,0.0319,,EA,ORB
DELTA 1 DEB,1976-077AR,10720,DEB,,US,1976-07-29,AFWTR,,119.43,102.13,1944,1367,0.0761,,EA,ORB
DELTA 1 DEB,1976-077AS,10721,DEB,,US,1976-07-29,AFWTR,,113.82,101.78,1434,1369,0.0848,,EA,ORB
DELTA 1 DEB,1976-077AT,10746,DEB,,US,1976-07-29,AFWTR,,108.89,101.90,1379,972,0.0576,,EA,ORB
DELTA 1 DEB,1976-077AU,10747,DEB,,US,1976-07-29,AFWTR,,105.55,101.09,1114,926,0.0858,,EA,ORB
DELTA 1 DEB,1976-077AV,10748,DEB,,US,1976-07-29,AFWTR,,117.10,102.49,1609,1492,0.0937,,EA,ORB
DELTA 1 DEB,1976-077AW,10749,DEB,,US,1976-07-29,AFWTR,,117.69,102.34,1649,1505,0.1239,,EA,ORB
DELTA 1 DEB,1976-077AX,10750,DEB,,US,1976-07-29,AFWTR,,104.43,101.65,1245,690,0.0556,,EA,ORB
DELTA 1 DEB,1976-077AY,10751,DEB,,US,1976-07-29,AFWTR,,124.57,102.09,2365,1404,0.1068,,EA,ORB
DELTA 1 DEB,1976-077AZ,10752,DEB,,US,1976-07-29,AFWTR,,112.15,101.74,1570,1080,0.0480,,EA,ORB
DELTA 1 DEB,1976-077BA,10753,DEB,D,US,1976-07-29,AFWTR,1982-01-02,92.94,101.85,452,385,0.0200,,EA,IMP
DELTA 1 DEB,1976-077BB,10754,DEB,,US,1976-07-29,AFWTR,,117.87,102.72,1683,1487,0.0266,,EA,ORB
DELTA 1 DEB,1976-077BC,10755,DEB,,US,1976-07-29,AFWTR,,117.45,102.59,1630,1502,0.0792,,EA,ORB
DELTA 1 DEB,1976-077BD,10756,DEB,,US,1976-07-29,AFWTR,,115.94,101.07,1628,1368,0.0780,,EA,ORB
DELTA 1 DEB,1976-077BE,10757,DEB,,US,1976-07-29,AFWTR,,119.94,101.91,1863,1494,0.0953,,EA,ORB
DELTA 1 DEB,1976-077BF,10758,DEB,,US,1976-07-29,AFWTR,,118.73,102.47,1749,1499,0.1894,,EA,ORB
DELTA 1 DEB,1976-077BG,10759,DEB,,US,1976-07-29,AFWTR,,115.93,102.48,1553,1442,0.0532,,EA,ORB
DELTA 1 DEB,1976-077BH,10760,DEB,,US,1976-07-29,AFWTR,,116.64,101.50,1956,1103,0.0547,,EA,ORB
DELTA 1 DEB,1976-077BJ,10761,DEB,D,US,1976-07-29,AFWTR,2026-02-10,90.93,101.35,347,293,0.0720,,EA,IMP
DELTA 1 DEB,1976-077BK,10762,DEB,,US,1976-07-29,AFWTR,,123.08,102.63,2350,1287,0.3334,,EA,ORB
DELTA 1 DEB,1976-077BL,10763,DEB,,US,1976-07-29,AFWTR,,116.71,102.25,1569,1497,0.0741,,EA,ORB
DELTA 1 DEB,1976-077BM,10764,DEB,,US,1976-07-29,AFWTR,,119.53,102.15,1841,1478,0.0670,,EA,ORB
DELTA 1 DEB,1976-077BN,10765,DEB,,US,1976-07-29,AFWTR,,118.37,102.00,1712,1504,0.2462,,EA,ORB
DELTA 1 DEB,1976-077BP,10766,DEB,,US,1976-07-29,AFWTR,,116.95,102.41,1586,1501,0.3325,,EA,ORB
DELTA 1 DEB,1976-077BQ,10767,DEB,,US,1976-07-29,AFWTR,,116.89,102.43,1592,1490,0.2060,,EA,ORB
DELTA 1 DEB,1976-077BR,10768,DEB,,US,1976-07-29,AFWTR,,117.21,102.34,1614,1497,0.0551,,EA,ORB
DELTA 1 DEB,1976-077BS,10769,DEB,,US,1976-07-29,AFWTR,,114.95,101.84,1528,1378,0.0177,,EA,ORB
DELTA 1 DEB,1976-077BT,10823,DEB,,US,1976-07-29,AFWTR,,115.77,102.00,1526,1455,0.1440,,EA,ORB
DELTA 1 DEB,1976-077BU,10824,DEB,,US,1976-07-29,AFWTR,,102.17,101.94,885,838,0.0407,,EA,ORB
DELTA 1 DEB,1976-077BV,10825,DEB,,US,1976-07-29,AFWTR,,116.62,102.29,1564,1494,0.2518,,EA,ORB
DELTA 1 DEB,1976-077BW,10826,DEB,,US,1976-07-29,AFWTR,,114.23,101.94,1546,1295,0.0804,,EA,ORB
DELTA 1 DEB,1976-077BX,10827,DEB,D,US,1976-07-29,AFWTR,1988-09-11,95.42,101.04,565,513,0.0419,,EA,IMP
DELTA 1 DEB,1976-077BY,10828,DEB,,US,1976-07-29,AFWTR,,117.80,102.58,1661,1503,0.0931,,EA,ORB
DELTA 1 DEB,1976-077BZ,10829,DEB,,US,1976-07-29,AFWTR,,116.43,101.78,1554,1487,0.0430,,EA,ORB
DELTA 1 DEB,1976-077CA,10830,DEB,,US,1976-07-29,AFWTR,,117.22,101.92,1627,1485,0.0443,,EA,ORB
DELTA 1 DEB,1976-077CB,10831,DEB,,US,1976-07-29,AFWTR,,107.41,100.96,1560,654,0.0169,,EA,ORB
DELTA 1 DEB,1976-077CC,10832,DEB,,US,1976-07-29,AFWTR,,118.02,102.28,1688,1496,0.0923,,EA,ORB
DELTA 1 DEB,1976-077CD,10833,DEB,,US,1976-07-29,AFWTR,,116.62,102.11,1622,1435,0.1210,,EA,ORB
DELTA 1 DEB,1976-077CE,10834,DEB,,US,1976-07-29,AFWTR,,118.22,100.36,1712,1490,0.0186,,EA,ORB
DELTA 1 DEB,1976-077CF,10835,DEB,,US,1976-07-29,AFWTR,,104.15,102.05,986,923,0.0164,,EA,ORB
DELTA 1 DEB,1976-077CG,10836,DEB,,US,1976-07-29,AFWTR,,119.23,102.11,1791,1502,0.0932,,EA,ORB
DELTA 1 DEB,1976-077CH,10837,DEB,,US,1976-07-29,AFWTR,,119.55,102.32,1822,1500,0.0363,,EA,ORB
DELTA 1 DEB,1976-077CJ,10838,DEB,,US,1976-07-29,AFWTR,,116.05,101.58,1535,1471,0.0716,,EA,ORB
DELTA 1 DEB,1976-077CK,10839,DEB,D,US,1976-07-29,AFWTR,2024-06-01,91.85,101.99,378,352,0.0189,,EA,IMP
DELTA 1 DEB,1976-077CL,10840,DEB,,US,1976-07-29,AFWTR,,118.42,102.63,1722,1497,0.2160,,EA,ORB
DELTA 1 DEB,1976-077CM,10841,DEB,,US,1976-07-29,AFWTR,,114.92,101.96,1504,1399,0.0327,,EA,ORB
DELTA 1 DEB,1976-077CN,10842,DEB,,US,1976-07-29,AFWTR,,114.38,102.22,1651,1203,0.1649,,EA,ORB
DELTA 1 DEB,1976-077CP,10843,DEB,,US,1976-07-29,AFWTR,,114.41,101.72,1520,1338,0.0263,,EA,ORB
DELTA 1 DEB,1976-077CQ,10844,DEB,,US,1976-07-29,AFWTR,,104.48,101.22,1057,883,0.0450,,EA,ORB
DELTA 1 DEB,1976-077CR,10845,DEB,,US,1976-07-29,AFWTR,,118.99,102.34,1778,1494,0.0205,,EA,ORB
DELTA 1 DEB,1976-077CS,10864,DEB,,US,1976-07-29,AFWTR,,122.46,101.10,2097,1484,0.1058,,EA,ORB
DELTA 1 DEB,1976-077CT,10865,DEB,,US,1976-07-29,AFWTR,,118.00,102.40,1680,1502,0.0277,,EA,ORB
DELTA 1 DEB,1976-077CU,10866,DEB,,US,1976-07-29,AFWTR,,117.01,102.73,1665,1428,0.0995,,EA,ORB
DELTA 1 DEB,1976-077CV,10867,DEB,,US,1976-07-29,AFWTR,,110.89,101.83,1583,952,0.0747,,EA,ORB
DELTA 1 DEB,1976-077CW,10868,DEB,,US,1976-07-29,AFWTR,,116.16,102.41,1591,1425,0.0862,,EA,ORB
DELTA 1 DEB,1976-077CX,10869,DEB,,US,1976-07-29,AFWTR,,115.80,102.28,1513,1470,0.0685,,EA,ORB
DELTA 1 DEB,1976-077CY,10870,DEB,,US,1976-07-29,AFWTR,,115.30,101.74,1485,1453,0.0436,,EA,ORB
DELTA 1 DEB,1976-077CZ,10871,DEB,,US,1976-07-29,AFWTR,,116.34,101.89,1736,1297,0.0891,,EA,ORB
DELTA 1 DEB,1976-077DA,10872,DEB,,US,1976-07-29,AFWTR,,117.34,101.47,1639,1484,0.0658,,EA,ORB
DELTA 1 DEB,1976-077DB,10873,DEB,,US,1976-07-29,AFWTR,,118.62,102.23,1731,1507,0.1053,,EA,ORB
DELTA 1 DEB,1976-077DC,10874,DEB,,US,1976-07-29,AFWTR,,109.32,102.01,1248,1143,0.0156,,EA,ORB
DELTA 1 DEB,1976-077DD,10875,DEB,,US,1976-07-29,AFWTR,,115.47,101.98,1503,1451,0.0335,,EA,ORB
DELTA 1 DEB,1976-077DE,10876,DEB,,US,1976-07-29,AFWTR,,115.31,102.61,1549,1390,0.0423,,EA,ORB
COSMOS 880 DEB,1976-120D,11178,DEB,D,CIS,1976-12-09,PLMSC,1981-06-12,88.58,65.81,212,197,0.0200,,EA,IMP
COSMOS 880 DEB,1976-120E,11179,DEB,D,CIS,1976-12-09,PLMSC,1980-03-06,90.98,65.81,331,314,0.0207,,EA,IMP
COSMOS 880 DEB,1976-120F,11180,DEB,D,CIS,1976-12-09,PLMSC,1979-02-25,96.05,65.84,609,529,,,EA,IMP
COSMOS 880 DEB,1976-120G,11181,DEB,D,CIS,1976-12-09,PLMSC,1979-07-20,91.85,65.80,374,356,,,EA,IMP
COSMOS 880 DEB,1976-120H,11182,DEB,D,CIS,1976-12-09,PLMSC,1979-10-27,93.90,65.79,475,455,,,EA,IMP
COSMOS 880 DEB,1976-120J,11183,DEB,D,CIS,1976-12-09,PLMSC,1979-04-14,92.72,65.82,413,402,,,EA,IMP
COSMOS 880 DEB,1976-120K,11184,DEB,D,CIS,1976-12-09,PLMSC,1979-07-06,91.69,65.81,378,337,,,EA,IMP
COSMOS 880 DEB,1976-120L,11185,DEB,D,CIS,1976-12-09,PLMSC,1979-04-05,91.08,65.83,340,316,,,EA,IMP
COSMOS 880 DEB,1976-120M,11186,DEB,D,CIS,1976-12-09,PLMSC,1980-11-13,89.06,65.79,236,220,0.0222,,EA,IMP
COSMOS 880 DEB,1976-120N,11187,DEB,D,CIS,1976-12-09,PLMSC,1979-04-02,92.49,65.84,410,383,,,EA,IMP
COSMOS 880 DEB,1976-120P,11188,DEB,D,CIS,1976-12-09,PLMSC,1979-03-05,92.42,65.84,412,374,,,EA,IMP
COSMOS 880 DEB,1976-120Q,11189,DEB,D,CIS,1976-12-09,PLMSC,1979-02-23,94.16,65.85,486,469,,,EA,IMP
COSMOS 880 DEB,1976-120R,11190,DEB,D,CIS,1976-12-09,PLMSC,1979-03-26,93.13,65.85,446,410,,,EA,IMP
COSMOS 880 DEB,1976-120S,11191,DEB,D,CIS,1976-12-09,PLMSC,1979-06-16,94.90,65.81,526,501,,,EA,IMP
COSMOS 880 DEB,1976-120T,11192,DEB,D,CIS,1976-12-09,PLMSC,1979-07-05,91.45,65.83,359,332,,,EA,IMP
COSMOS 880 DEB,1976-120U,11193,DEB,D,CIS,1976-12-09,PLMSC,1991-09-03,,,,,0.8098,,EA,IMP
COSMOS 880 DEB,1976-120V,11194,DEB,D,CIS,1976-12-09,PLMSC,1979-07-12,92.92,65.78,431,404,,,EA,IMP
COSMOS 880 DEB,1976-120W,11195,DEB,D,CIS,1976-12-09,PLMSC,1979-02-23,93.25,65.85,437,431,,,EA,IMP
COSMOS 880 DEB,1976-120X,11196,DEB,D,CIS,1976-12-09,PLMSC,1979-04-07,93.95,65.84,487,448,,,EA,IMP
COSMOS 880 DEB,1976-120Y,11197,DEB,D,CIS,1976-12-09,PLMSC,1979-03-31,93.58,65.85,465,434,,,EA,IMP
COSMOS 880 DEB,1976-120Z,11198,DEB,D,CIS,1976-12-09,PLMSC,1979-03-15,93.15,65.83,443,415,,,EA,IMP
COSMOS 880 DEB,1976-120AA,11199,DEB,D,CIS,1976-12-09,PLMSC,1979-02-18,93.97,65.85,483,454,,,EA,IMP
COSMOS 880 DEB,1976-120AB,11200,DEB,D,CIS,1976-12-09,PLMSC,1979-07-10,93.33,65.85,454,421,,,EA,IMP
COSMOS 880 DEB,1976-120AC,11201,DEB,D,CIS,1976-12-09,PLMSC,1979-12-09,90.18,65.82,290,276,,,EA,IMP
COSMOS 880 DEB,1976-120AD,11202,DEB,D,CIS,1976-12-09,PLMSC,1979-07-13,92.83,65.76,422,405,,,EA,IMP
COSMOS 880 DEB,1976-120AE,11203,DEB,D,CIS,1976-12-09,PLMSC,1979-09-10,91.73,65.84,366,352,,,EA,IMP
COSMOS 880 DEB,1976-120AF,11204,DEB,D,CIS,1976-12-09,PLMSC,1991-08-01,87.86,65.83,179,158,0.3088,,EA,IMP
COSMOS 880 DEB,1976-120AG,11205,DEB,D,CIS,1976-12-09,PLMSC,1990-07-11,87.49,65.80,159,142,0.1900,,EA,IMP
COSMOS 880 DEB,1976-120AH,11206,DEB,D,CIS,1976-12-09,PLMSC,1979-02-26,95.99,65.84,600,533,,,EA,IMP
COSMOS 880 DEB,1976-120AJ,11207,DEB,D,CIS,1976-12-09,PLMSC,1985-11-20,88.22,65.81,193,180,0.0686,,EA,IMP
COSMOS 880 DEB,1976-120AK,11208,DEB,D,CIS,1976-12-09,PLMSC,1979-11-11,92.70,65.80,415,399,,,EA,IMP
COSMOS 880 DEB,1976-120AL,11209,DEB,D,CIS,1976-12-09,PLMSC,1982-12-01,88.15,65.82,188,178,0.2183,,EA,IMP
COSMOS 880 DEB,1976-120AM,11210,DEB,D,CIS,1976-12-09,PLMSC,1983-07-30,87.56,65.81,164,144,0.0847,,EA,IMP
COSMOS 880 DEB,1976-120AN,11211,DEB,D,CIS,1976-12-09,PLMSC,1979-03-29,91.34,65.83,352,328,,,EA,IMP
COSMOS 880 DEB,1976-120AP,11212,DEB,D,CIS,1976-12-09,PLMSC,1984-07-15,87.19,65.81,145,126,0.2270,,EA,IMP
COSMOS 880 DEB,1976-120AQ,11213,DEB,D,CIS,1976-12-09,PLMSC,1990-11-23,87.43,65.82,152,142,0.4000,,EA,IMP
COSMOS 880 DEB,1976-120AR,11214,DEB,D,CIS,1976-12-09,PLMSC,1991-09-15,88.08,65.84,190,169,0.2200,,EA,IMP
COSMOS 880 DEB,1976-120AS,11215,DEB,D,CIS,1976-12-09,PLMSC,1979-05-24,92.93,65.84,425,411,,,EA,IMP
COSMOS 880 DEB,1976-120AT,11216,DEB,D,CIS,1976-12-09,PLMSC,2001-12-09,87.32,65.81,146,138,0.1555,,EA,IMP
COSMOS 880 DEB,1976-120AU,11217,DEB,D,CIS,1976-12-09,PLMSC,1989-12-24,87.64,65.84,161,154,0.2300,,EA,IMP
COSMOS 880 DEB,1976-120AV,11218,DEB,D,CIS,1976-12-09,PLMSC,1980-02-05,89.37,65.82,251,236,0.9511,,EA,IMP
COSMOS 880 DEB,1976-120AW,11219,DEB,D,CIS,1976-12-09,PLMSC,1982-11-19,88.58,65.83,211,198,0.2815,,EA,IMP
COSMOS 880 DEB,1976-120AX,11220,DEB,D,CIS,1976-12-09,PLMSC,1983-05-19,87.41,65.82,155,138,0.1051,,EA,IMP
COSMOS 880 DEB,1976-120AY,11221,DEB,D,CIS,1976-12-09,PLMSC,2000-09-26,87.45,65.82,155,141,0.1740,,EA,IMP
COSMOS 880 DEB,1976-120AZ,11222,DEB,D,CIS,1976-12-09,PLMSC,1979-06-16,95.59,65.81,582,513,,,EA,IMP
COSMOS 880 DEB,1976-120BA,11223,DEB,D,CIS,1976-12-09,PLMSC,1991-08-14,87.64,65.79,163,151,0.4300,,EA,IMP
COSMOS 880 DEB,1976-120BB,11224,DEB,D,CIS,1976-12-09,PLMSC,1979-06-03,92.28,65.88,390,383,,,EA,IMP
COSMOS 880 DEB,1976-120BC,11225,DEB,D,CIS,1976-12-09,PLMSC,1979-08-19,90.56,65.82,317,287,,,EA,IMP
SL-12 R/B(2),1976-107F,11569,R/B,,CIS,1976-10-26,TYMSC,,1419.32,2.60,35501,35414,2.4700,,EA,ORB
DELTA 1 DEB,1976-077DF,12274,DEB,,US,1976-07-29,AFWTR,,117.81,102.39,1666,1499,0.0892,,EA,ORB
COSMOS 839 DEB,1976-067AY,12332,DEB,,CIS,1976-07-08,PLMSC,,116.85,66.06,2106,973,0.1537,,EA,ORB
COSMOS 839 DEB,1976-067AZ,12333,DEB,,CIS,1976-07-08,PLMSC,,115.64,65.93,2064,905,0.1678,,EA,ORB
DELTA 1 DEB,1976-077DG,12527,DEB,,US,1976-07-29,AFWTR,,116.31,102.16,1545,1485,0.1035,,EA,ORB
DELTA 1 DEB,1976-077DH,12528,DEB,,US,1976-07-29,AFWTR,,117.34,102.57,1623,1500,0.3424,,EA,ORB
DELTA 1 DEB,1976-077DJ,12529,DEB,,US,1976-07-29,AFWTR,,128.05,103.50,2669,1405,0.2347,,EA,ORB
DELTA 1 DEB,1976-077DK,12530,DEB,,US,1976-07-29,AFWTR,,117.35,102.57,1662,1462,0.1254,,EA,ORB
DELTA 1 DEB,1976-077DL,12531,DEB,,US,1976-07-29,AFWTR,,118.18,101.80,1707,1491,0.0750,,EA,ORB
DELTA 1 DEB,1976-077DM,12532,DEB,,US,1976-07-29,AFWTR,,112.63,102.14,1535,1160,0.0686,,EA,ORB
DELTA 1 DEB,1976-077DN,12533,DEB,,US,1976-07-29,AFWTR,,115.43,101.74,1515,1435,0.0800,,EA,ORB
DELTA 1 DEB,1976-077DP,12534,DEB,,US,1976-07-29,AFWTR,,116.41,102.02,1563,1476,0.0760,,EA,ORB
DELTA 1 DEB,1976-077DQ,12535,DEB,,US,1976-07-29,AFWTR,,123.46,102.33,2165,1505,0.0460,,EA,ORB
DELTA 1 DEB,1976-077DR,12536,DEB,,US,1976-07-29,AFWTR,,122.01,101.76,2213,1327,0.0470,,EA,ORB
DELTA 1 DEB,1976-077DS,12537,DEB,,US,1976-07-29,AFWTR,,118.85,102.32,1758,1501,0.0362,,EA,ORB
DELTA 1 DEB,1976-077DT,12538,DEB,,US,1976-07-29,AFWTR,,119.43,102.78,1815,1496,0.0865,,EA,ORB
DELTA 1 DEB,1976-077DU,12539,DEB,,US,1976-07-29,AFWTR,,112.53,101.70,1604,1082,0.0584,,EA,ORB
DELTA 1 DEB,1976-077DV,12540,DEB,,US,1976-07-29,AFWTR,,115.47,102.44,1511,1442,0.0180,,EA,ORB
DELTA 1 DEB,1976-077DW,12541,DEB,D,US,1976-07-29,AFWTR,1992-05-10,91.50,102.22,367,329,0.0569,,EA,IMP
DELTA 1 DEB,1976-077DX,12542,DEB,,US,1976-07-29,AFWTR,,114.98,101.96,1501,1408,0.1365,,EA,ORB
COSMOS 839 DEB,1976-067BA,12543,DEB,,CIS,1976-07-08,PLMSC,,115.70,66.03,1982,993,0.0084,,EA,ORB
DELTA 1 DEB,1976-077DY,12580,DEB,,US,1976-07-29,AFWTR,,127.62,102.43,2539,1498,0.0174,,EA,ORB
DELTA 1 DEB,1976-077DZ,12581,DEB,,US,1976-07-29,AFWTR,,123.05,102.44,2130,1504,0.0561,,EA,ORB
DELTA 1 DEB,1976-077EA,12647,DEB,,US,1976-07-29,AFWTR,,121.32,100.68,2049,1431,0.0414,,EA,ORB
SL-8 DEB,1976-069D,13499,DEB,,CIS,1976-07-15,PLMSC,,98.40,74.05,690,674,0.0143,,EA,ORB
COSMOS 839 DEB,1976-067BB,13501,DEB,,CIS,1976-07-08,PLMSC,,116.10,66.03,1992,1019,0.0387,,EA,ORB
COSMOS 886 DEB,1976-126BK,13507,DEB,,CIS,1976-12-27,TYMSC,,120.78,65.75,2430,1001,0.0260,,EA,ORB
COSMOS 839 DEB,1976-067BC,13515,DEB,,CIS,1976-07-08,PLMSC,,115.90,65.90,2005,988,0.0233,,EA,ORB
COSMOS 839 DEB,1976-067BD,13516,DEB,,CIS,1976-07-08,PLMSC,,116.84,65.66,2111,967,0.0179,,EA,ORB
DELTA 1 DEB,1976-077EB,13529,DEB,,US,1976-07-29,AFWTR,,123.49,101.85,2148,1524,0.0965,,EA,ORB
DELTA 1 DEB,1976-077EC,13530,DEB,,US,1976-07-29,AFWTR,,116.38,102.34,1615,1421,0.1068,,EA,ORB
DELTA 1 DEB,1976-077ED,13531,DEB,,US,1976-07-29,AFWTR,,118.31,102.76,1719,1491,0.0723,,EA,ORB
DELTA 1 DEB,1976-077EE,13532,DEB,,US,1976-07-29,AFWTR,,120.59,102.26,1937,1477,0.0658,,EA,ORB
DELTA 1 DEB,1976-077EF,13533,DEB,,US,1976-07-29,AFWTR,,122.60,101.87,2091,1503,0.0674,,EA,ORB
DELTA 1 DEB,1976-077EG,13534,DEB,,US,1976-07-29,AFWTR,,123.25,101.86,2152,1499,0.0879,,EA,ORB
DELTA 1 DEB,1976-077EH,13535,DEB,,US,1976-07-29,AFWTR,,116.21,101.77,1529,1492,0.0540,,EA,ORB
DELTA 1 DEB,1976-077EJ,13536,DEB,,US,1976-07-29,AFWTR,,122.46,101.79,2134,1447,0.0603,,EA,ORB
DELTA 1 DEB,1976-077EK,13537,DEB,,US,1976-07-29,AFWTR,,117.34,102.56,1620,1502,0.0199,,EA,ORB
DELTA 1 DEB,1976-077EL,13538,DEB,,US,1976-07-29,AFWTR,,117.83,102.03,1669,1497,0.0417,,EA,ORB
DELTA 1 DEB,1976-077EM,13539,DEB,,US,1976-07-29,AFWTR,,123.56,101.88,2175,1504,0.0165,,EA,ORB
COSMOS 886 DEB,1976-126BL,13683,DEB,D,CIS,1976-12-27,TYMSC,2002-06-17,88.39,65.59,210,179,0.0313,,EA,IMP
1976-023 DEB,1976-023K,13753,DEB,,US,1976-03-15,AFETR,,1420.88,4.66,35501,35476,1.7948,,EA,ORB
COSMOS 886 DEB,1976-126BM,13943,DEB,,CIS,1976-12-27,TYMSC,,100.15,65.57,814,717,0.0179,,EA,ORB
COSMOS 839 DEB,1976-067BE,13946,DEB,,CIS,1976-07-08,PLMSC,,114.97,66.06,1964,945,0.0191,,EA,ORB
COSMOS 839 DEB,1976-067BF,13947,DEB,,CIS,1976-07-08,PLMSC,,117.61,65.72,2102,1045,0.0148,,EA,ORB
DELTA 1 DEB,1976-077EN,14471,DEB,,US,1976-07-29,AFWTR,,117.49,102.46,1671,1466,0.0415,,EA,ORB
DELTA 1 DEB,1976-077EP,14472,DEB,,US,1976-07-29,AFWTR,,118.39,102.84,1733,1484,0.0259,,EA,ORB
COSMOS 886 DEB,1976-126BN,14501,DEB,D,CIS,1976-12-27,TYMSC,2026-03-05,88.92,65.59,232,210,0.0390,,EA,IMP
COSMOS 886 DEB,1976-126BP,14502,DEB,,CIS,1976-12-27,TYMSC,,106.74,65.78,1609,542,0.0089,,EA,ORB
COSMOS 886 DEB,1976-126BQ,14503,DEB,,CIS,1976-12-27,TYMSC,,116.86,65.85,2336,743,0.0176,,EA,ORB
DELTA 1 DEB,1976-077EQ,14509,DEB,,US,1976-07-29,AFWTR,,118.77,102.37,1752,1500,0.0199,,EA,ORB
DELTA 1 DEB,1976-077ER,14510,DEB,,US,1976-07-29,AFWTR,,120.05,102.43,1862,1504,0.0521,,EA,ORB
DELTA 1 DEB [YO],1976-039D,14514,DEB,D,US,1976-05-04,AFWTR,1993-12-08,88.07,109.90,196,162,0.0708,,EA,IMP
COSMOS 886 DEB,1976-126BR,14799,DEB,,CIS,1976-12-27,TYMSC,,123.12,65.81,2541,1099,0.0854,,EA,ORB
COSMOS 886 DEB,1976-126BS,14800,DEB,,CIS,1976-12-27,TYMSC,,125.12,65.75,2407,1410,0.1037,,EA,ORB
SL-8 DEB,1976-061D,14815,DEB,D,CIS,1976-06-29,PLMSC,2012-09-24,88.38,73.95,202,187,0.0071,,EA,IMP
SL-8 DEB,1976-098C,14816,DEB,,CIS,1976-09-29,PLMSC,,98.20,74.03,680,665,0.0150,,EA,ORB
SL-8 DEB,1976-098D,14817,DEB,D,CIS,1976-09-29,PLMSC,2025-01-12,88.21,74.02,193,179,0.0097,,EA,IMP
DELTA 1 DEB,1976-077ES,14904,DEB,,US,1976-07-29,AFWTR,,113.10,102.72,1374,1364,0.0195,,EA,ORB
DELTA 1 DEB,1976-077ET,14905,DEB,,US,1976-07-29,AFWTR,,119.27,102.25,1795,1501,0.1012,,EA,ORB
COSMOS 839 DEB,1976-067BG,14919,DEB,,CIS,1976-07-08,PLMSC,,117.03,65.80,2115,980,0.0195,,EA,ORB
COSMOS 839 DEB,1976-067BH,15523,DEB,,CIS,1976-07-08,PLMSC,,115.42,65.93,2061,887,0.0146,,EA,ORB
DELTA 1 DEB,1976-077EU,15540,DEB,,US,1976-07-29,AFWTR,,123.26,102.72,2292,1361,0.0389,,EA,ORB
COSMOS 886 DEB,1976-126BT,15555,DEB,,CIS,1976-12-27,TYMSC,,114.87,65.78,2197,702,0.0108,,EA,ORB
COSMOS 886 DEB,1976-126BU,15762,DEB,,CIS,1976-12-27,TYMSC,,114.33,65.66,2002,848,0.0196,,EA,ORB
DELTA 1 DEB,1976-077EV,16997,DEB,D,US,1976-07-29,AFWTR,1997-10-07,91.22,102.70,378,291,0.0467,,EA,IMP
DELTA 1 DEB,1976-077EW,16999,DEB,D,US,1976-07-29,AFWTR,1988-08-01,95.32,102.36,634,434,0.0734,,EA,IMP
DELTA 1 DEB,1976-077EX,17000,DEB,,US,1976-07-29,AFWTR,,127.12,102.49,2554,1439,0.0593,,EA,ORB
COSMOS 839 DEB,1976-067BJ,17018,DEB,,CIS,1976-07-08,PLMSC,,115.43,66.02,1959,991,0.0173,,EA,ORB
COSMOS 886 DEB,1976-126BV,17670,DEB,D,CIS,1976-12-27,TYMSC,2003-06-27,89.07,65.60,246,211,0.0223,,EA,IMP
COSMOS 839 DEB,1976-067BK,17838,DEB,,CIS,1976-07-08,PLMSC,,115.50,65.99,1977,980,0.0135,,EA,ORB
SL-12 R/B(2),1976-092F,17872,R/B,,CIS,1976-09-11,TYMSC,,1436.52,3.30,35862,35728,1.5849,,EA,ORB
DELTA 1 DEB,1976-077EY,18232,DEB,,US,1976-07-29,AFWTR,,102.67,102.93,1026,744,0.0104,,EA,ORB
COSMOS 839 DEB,1976-067BL,18272,DEB,,CIS,1976-07-08,PLMSC,,116.07,65.85,2049,959,0.0100,,EA,ORB
COSMOS 839 DEB,1976-067BM,18428,DEB,,CIS,1976-07-08,PLMSC,,116.37,65.73,2127,908,0.0125,,EA,ORB
DELTA 1 DEB,1976-077EZ,18429,DEB,,US,1976-07-29,AFWTR,,119.36,102.47,1836,1468,0.0198,,EA,ORB
DELTA 1 DEB,1976-077FA,18463,DEB,,US,1976-07-29,AFWTR,,117.68,102.60,1651,1502,0.0310,,EA,ORB
DELTA 1 DEB,1976-077FB,18466,DEB,D,US,1976-07-29,AFWTR,2014-01-14,92.79,102.95,450,373,0.0595,,EA,IMP
COSMOS 839 DEB,1976-067BN,18471,DEB,,CIS,1976-07-08,PLMSC,,117.90,65.76,2363,811,0.0810,,EA,ORB
SL-8 DEB,1976-098E,18504,DEB,,CIS,1976-09-29,PLMSC,,95.35,74.02,541,529,0.0123,,EA,ORB
COSMOS 886 DEB,1976-126BW,18518,DEB,,CIS,1976-12-27,TYMSC,,112.35,65.76,1885,784,0.0101,,EA,ORB
DELTA 1 DEB,1976-077FC,18540,DEB,,US,1976-07-29,AFWTR,,116.51,103.77,1850,1198,0.0345,,EA,ORB
DELTA 1 DEB,1976-077FD,18591,DEB,,US,1976-07-29,AFWTR,,135.91,101.00,3346,1410,0.1134,,EA,ORB
DELTA 1 DEB,1976-077FE,18599,DEB,,US,1976-07-29,AFWTR,,120.03,100.86,2282,1082,0.0919,,EA,ORB
DELTA 1 DEB,1976-077FF,18600,DEB,,US,1976-07-29,AFWTR,,131.91,102.05,2874,1537,0.1053,,EA,ORB
COSMOS 839 DEB,1976-067BP,18606,DEB,,CIS,1976-07-08,PLMSC,,115.32,65.83,1966,974,0.0099,,EA,ORB
COSMOS 839 DEB,1976-067BQ,18673,DEB,D,CIS,1976-07-08,PLMSC,1988-09-10,100.25,64.49,1085,456,0.2400,,EA,IMP
DELTA 1 DEB,1976-077FG,18677,DEB,D,US,1976-07-29,AFWTR,2002-12-17,92.85,104.08,451,377,0.0857,,EA,IMP
COSMOS 839 DEB,1976-067BR,18689,DEB,,CIS,1976-07-08,PLMSC,,124.59,65.82,2656,1114,0.0199,,EA,ORB
COSMOS 886 DEB,1976-126BX,18891,DEB,D,CIS,1976-12-27,TYMSC,1990-01-03,,,,,0.0030,,EA,IMP
COSMOS 886 DEB,1976-126BY,18907,DEB,,CIS,1976-12-27,TYMSC,,108.15,65.81,1791,491,0.0105,,EA,ORB
DELTA 1 DEB,1976-077FH,19000,DEB,,US,1976-07-29,AFWTR,,117.38,102.61,1625,1501,0.0142,,EA,ORB
COSMOS 886 DEB,1976-126BZ,19112,DEB,,CIS,1976-12-27,TYMSC,,108.79,65.82,1848,494,0.0065,,EA,ORB
COSMOS 886 DEB,1976-126CB,19221,DEB,,CIS,1976-12-27,TYMSC,,112.95,65.83,2018,706,0.0127,,EA,ORB
COSMOS 886 DEB,1976-126CA,19244,DEB,,CIS,1976-12-27,TYMSC,,114.50,66.05,1995,870,0.0084,,EA,ORB
COSMOS 860 DEB,1976-103F,19297,DEB,D,CIS,1976-10-17,TYMSC,1998-04-02,90.73,64.65,322,298,0.0060,,EA,IMP
DELTA 1 DEB,1976-077FJ,19306,DEB,,US,1976-07-29,AFWTR,,118.47,102.23,1727,1497,0.0155,,EA,ORB
DELTA 1 DEB,1976-077FK,19316,DEB,,US,1976-07-29,AFWTR,,119.62,102.17,1832,1496,0.0182,,EA,ORB
COSMOS 886 DEB,1976-126CC,19425,DEB,,CIS,1976-12-27,TYMSC,,112.76,66.22,1608,1099,0.0104,,EA,ORB
COSMOS 839 DEB,1976-067BS,19439,DEB,,CIS,1976-07-08,PLMSC,,116.47,65.87,2072,973,0.0108,,EA,ORB
COSMOS 886 DEB,1976-126CD,19475,DEB,,CIS,1976-12-27,TYMSC,,109.21,65.85,1794,587,0.0114,,EA,ORB
COSMOS 886 DEB,1976-126CE,19480,DEB,D,CIS,1976-12-27,TYMSC,1990-01-03,,,,,,,EA,IMP
DELTA 1 DEB,1976-077FL,19858,DEB,D,US,1976-07-29,AFWTR,2011-05-02,93.23,103.62,447,418,0.0088,,EA,IMP
COSMOS 886 DEB,1976-126CF,19980,DEB,D,CIS,1976-12-27,TYMSC,2014-03-28,90.74,65.65,326,295,0.0108,,EA,IMP
DELTA 1 DEB,1976-077FM,20012,DEB,,US,1976-07-29,AFWTR,,111.40,102.10,1353,1229,0.0182,,EA,ORB
COSMOS 839 DEB,1976-067BT,20014,DEB,,CIS,1976-07-08,PLMSC,,115.42,65.90,1983,966,0.0062,,EA,ORB
COSMOS 839 DEB,1976-067BU,20030,DEB,,CIS,1976-07-08,PLMSC,,117.59,65.68,2198,947,0.0169,,EA,ORB
DELTA 1 DEB,1976-077FN,20051,DEB,,US,1976-07-29,AFWTR,,118.54,102.55,1739,1492,0.0113,,EA,ORB
DELTA 1 DEB,1976-077FP,20088,DEB,,US,1976-07-29,AFWTR,,117.37,102.54,1629,1497,0.0096,,EA,ORB
COSMOS 839 DEB,1976-067BW,20283,DEB,,CIS,1976-07-08,PLMSC,,115.36,65.71,1967,976,0.0084,,EA,ORB
DELTA 1 DEB,1976-077FQ,20309,DEB,,US,1976-07-29,AFWTR,,119.12,102.58,1799,1483,0.0292,,EA,ORB
DELTA 1 DEB,1976-077FR,20349,DEB,,US,1976-07-29,AFWTR,,127.01,102.58,2518,1465,0.0325,,EA,ORB
COSMOS 839 DEB,1976-067BX,20503,DEB,,CIS,1976-07-08,PLMSC,,110.59,65.74,1946,561,0.0154,,EA,ORB
COSMOS 886 DEB,1976-126CG,20673,DEB,,CIS,1976-12-27,TYMSC,,97.96,65.56,838,484,0.0125,,EA,ORB
COSMOS 839 DEB,1976-067BY,21128,DEB,,CIS,1976-07-08,PLMSC,,115.92,66.04,2022,972,0.0308,,EA,ORB
COSMOS 839 DEB,1976-067BV,21957,DEB,,CIS,1976-07-08,PLMSC,,113.77,65.46,1968,830,0.0093,,EA,ORB
DELTA 1 DEB,1976-077FS,27727,DEB,,US,1976-07-29,AFWTR,,123.25,102.71,2165,1487,0.0301,,EA,ORB
DELTA 1 DEB,1976-077FT,27728,DEB,,US,1976-07-29,AFWTR,,121.43,102.42,2055,1434,0.0221,,EA,ORB
COSMOS 887 DEB,1976-128C,27881,DEB,,CIS,1976-12-28,PLMSC,,103.77,82.93,966,907,0.0145,,EA,ORB
DELTA 1 DEB [YO],1976-066D,28144,DEB,,US,1976-07-08,AFETR,,221.91,24.56,11104,424,0.0368,,EA,ORB
DELTA 1 DEB,1976-077FU,28979,DEB,,US,1976-07-29,AFWTR,,131.48,102.03,2874,1500,0.0839,,EA,ORB
COSMOS 860 COOLANT,1976-103G,29194,DEB,,CIS,1976-10-17,TYMSC,,102.84,64.68,921,865,0.0188,,EA,ORB
COSMOS 860 COOLANT,1976-103H,29195,DEB,,CIS,1976-10-17,TYMSC,,103.80,64.70,978,898,0.0099,,EA,ORB
COSMOS 860 COOLANT,1976-103J,29196,DEB,,CIS,1976-10-17,TYMSC,,103.79,64.70,978,898,0.0102,,EA,ORB
COSMOS 789 DEB,1976-005C,36299,DEB,,CIS,1976-01-20,PLMSC,,104.32,82.97,984,941,0.0033,,EA,ORB
COSMOS 839 DEB,1976-067BZ,36300,DEB,,CIS,1976-07-08,PLMSC,,116.48,65.68,2059,987,0.0350,,EA,ORB
CTS DEB [ARRAY COVER],1976-004E,39688,DEB,,CA,1976-01-17,AFETR,,1435.50,3.07,35981,35569,0.0030,,EA,ORB
CTS DEB [ARRAY COVER],1976-004F,39689,DEB,,CA,1976-01-17,AFETR,,1436.61,3.10,36270,35323,0.0030,,EA,ORB
COSMOS 862 DEB,1976-105Q,39752,DEB,D,CIS,1976-10-22,PLMSC,2014-06-06,108.06,61.74,2155,119,,,EA,IMP
COSMOS 862 DEB,1976-105R,39753,DEB,D,CIS,1976-10-22,PLMSC,2014-05-22,117.79,61.89,3054,109,,,EA,IMP
DELTA 1 DEB,1976-077FV,40752,DEB,,US,1976-07-29,AFWTR,,126.58,102.22,2444,1501,0.0336,,EA,ORB
DELTA 1 DEB,1976-077FW,40753,DEB,,US,1976-07-29,AFWTR,,117.08,101.94,1598,1501,0.0150,,EA,ORB
DELTA 1 DEB,1976-077FX,40754,DEB,,US,1976-07-29,AFWTR,,117.54,102.54,1645,1495,0.0169,,EA,ORB
DELTA 1 DEB,1976-077FY,40755,DEB,,US,1976-07-29,AFWTR,,115.66,102.04,1497,1473,0.0143,,EA,ORB
DELTA 1 DEB,1976-077FZ,40756,DEB,,US,1976-07-29,AFWTR,,117.46,102.58,1628,1505,0.0181,,EA,ORB
DELTA 1 DEB,1976-077GA,40757,DEB,,US,1976-07-29,AFWTR,,114.75,101.92,1448,1440,0.0131,,EA,ORB
DELTA 1 DEB,1976-077GB,40758,DEB,,US,1976-07-29,AFWTR,,117.50,102.53,1640,1497,0.0188,,EA,ORB
DELTA 1 DEB,1976-077GC,40759,DEB,,US,1976-07-29,AFWTR,,113.70,102.12,1624,1169,0.0133,,EA,ORB
DELTA 1 DEB,1976-077GD,40760,DEB,,US,1976-07-29,AFWTR,,124.57,103.32,2269,1500,0.0191,,EA,ORB
DELTA 1 DEB,1976-077GE,40761,DEB,,US,1976-07-29,AFWTR,,118.90,102.49,1770,1493,0.0235,,EA,ORB
DELTA 1 DEB,1976-077GF,40762,DEB,,US,1976-07-29,AFWTR,,121.68,102.37,2022,1490,0.0491,,EA,ORB
DELTA 1 DEB,1976-077GG,40763,DEB,,US,1976-07-29,AFWTR,,114.35,101.57,1452,1399,0.0177,,EA,ORB
DELTA 1 DEB,1976-077GH,40764,DEB,,US,1976-07-29,AFWTR,,116.06,102.21,1504,1503,0.0173,,EA,ORB
DELTA 1 DEB,1976-077GJ,40765,DEB,,US,1976-07-29,AFWTR,,115.62,102.17,1504,1463,0.0206,,EA,ORB
DELTA 1 DEB,1976-077GK,40766,DEB,,US,1976-07-29,AFWTR,,117.72,102.13,1660,1497,0.0130,,EA,ORB
DELTA 1 DEB,1976-077GL,40767,DEB,,US,1976-07-29,AFWTR,,117.90,102.11,1677,1496,0.0181,,EA,ORB
DELTA 1 DEB,1976-077GM,40768,DEB,,US,1976-07-29,AFWTR,,113.90,101.40,1443,1368,0.0030,,EA,ORB
DELTA 1 DEB,1976-077GN,40769,DEB,,US,1976-07-29,AFWTR,,115.87,102.07,1501,1489,0.0170,,EA,ORB
DELTA 1 DEB,1976-077GP,40770,DEB,,US,1976-07-29,AFWTR,,114.74,101.69,1483,1405,0.0208,,EA,ORB
DELTA 1 DEB,1976-077GQ,40771,DEB,,US,1976-07-29,AFWTR,,116.12,102.21,1517,1495,0.0419,,EA,ORB
DELTA 1 DEB,1976-077GR,40772,DEB,,US,1976-07-29,AFWTR,,119.50,102.26,1809,1508,0.0249,,EA,ORB
DELTA 1 DEB,1976-077GS,40773,DEB,,US,1976-07-29,AFWTR,,117.33,102.48,1625,1496,0.0216,,EA,ORB
COSMOS 864 DEB,1976-108C,43294,DEB,,CIS,1976-10-29,PLMSC,,104.64,82.94,999,956,,,EA,ORB
OPS 7837 DEB,1976-050C,44230,DEB,,US,1976-06-02,AFWTR,,551.89,62.71,31655,164,,NEA,EA,ORB
DELTA 1 DEB,1976-077GT,48088,DEB,,US,1976-07-29,AFWTR,,118.11,102.06,1688,1504,,,EA,ORB
P 76-5 DEB,1976-047E,59984,DEB,,US,1976-05-22,AFWTR,,104.85,99.86,1016,958,,,EA,ORB
