OBJECT_NAME,OBJECT_ID,NORAD_CAT_ID,OBJECT_TYPE,OPS_STATUS_CODE,OWNER,LAUNCH_DATE,LAUNCH_SITE,DECAY_DATE,PERIOD,INCLINATION,APOGEE,PERIGEE,RCS,DATA_STATUS_CODE,ORBIT_CENTER,ORBIT_TYPE
NEW HORIZONS,2006-001A,28928,PAY,,US,2006-01-19,AFETR,,,,,,,NEA,SU,ORB
ATLAS 5 CENTAUR R/B,2006-001B,28929,R/B,,US,2006-01-19,AFETR,,,,,,,NEA,SU,ORB
ATLAS 5 STAR 48-B R/B,2006-001C,28930,R/B,,US,2006-01-19,AFETR,,,,,,,NEA,SU,ORB
ALOS (DAICHI),2006-002A,28931,PAY,-,JPN,2006-01-24,TANSC,,97.95,98.14,662,659,13.5930,,EA,ORB
H-2A R/B,2006-002B,28932,R/B,,JPN,2006-01-24,TANSC,,94.80,98.26,544,474,15.7388,,EA,ORB
ECHOSTAR 10,2006-003A,28935,PAY,+,US,2006-02-15,SEAL,,1436.09,0.06,35798,35775,22.7066,,EA,ORB
BLOCK DM-SL R/B,2006-003B,28936,R/B,,SEAL,2006-02-15,SEAL,,656.04,0.19,35606,1658,17.6544,,EA,ORB
HIMAWARI-7 (MTSAT-2),2006-004A,28937,PAY,-,JPN,2006-02-18,TANSC,,1453.41,5.94,36164,36086,25.1189,,EA,ORB
H-2A R/B,2006-004B,28938,R/B,,JPN,2006-02-18,TANSC,,450.83,28.27,25960,236,21.2244,,EA,ORB
AKARI (ASTRO-F),2006-005A,28939,PAY,D,JPN,2006-02-21,KSCUT,2023-04-11,87.11,98.15,142,121,3.7600,,EA,IMP
M-5 DEB,2006-005B,28940,DEB,D,JPN,2006-02-21,KSCUT,2006-06-05,88.51,98.15,214,187,0.0328,,EA,IMP
CUTE-1.7+APD (CO-56),2006-005C,28941,PAY,D,JPN,2006-02-21,KSCUT,2009-10-25,87.43,98.10,155,140,0.1057,,EA,IMP
M-5 R/B,2006-005D,28942,R/B,D,JPN,2006-02-21,KSCUT,2011-02-02,87.20,98.07,140,132,7.8783,,EA,IMP
ARABSAT-4A,2006-006A,28943,PAY,D,AB,2006-02-28,TYMSC,2006-03-24,273.83,51.56,14684,497,6.9759,,EA,IMP
BREEZE-M R/B,2006-006B,28944,R/B,,CIS,2006-02-28,TYMSC,,283.85,50.74,14816,1042,13.5394,,EA,ORB
SPAINSAT,2006-007A,28945,PAY,+,SPN,2006-03-11,FRGUI,,1436.10,0.73,35807,35766,26.7038,,EA,ORB
EUTELSAT HOTBIRD 13E,2006-007B,28946,PAY,-,EUTE,2006-03-11,FRGUI,,1467.60,2.26,36435,36367,16.4536,,EA,ORB
ARIANE 5 DEB [SYLDA],2006-007C,28947,DEB,,FR,2006-03-11,FRGUI,,131.44,4.73,4181,189,14.8178,,EA,ORB
ARIANE 5 R/B,2006-007D,28948,R/B,,FR,2006-03-11,FRGUI,,540.01,4.56,30901,276,26.2385,,EA,ORB
ST5-A,2006-008A,28980,PAY,-,US,2006-03-22,WRAS,,117.86,105.51,2872,297,0.3080,,EA,ORB
ST5-B,2006-008B,28981,PAY,D,US,2006-03-22,WRAS,2025-07-20,87.56,105.34,179,128,0.3140,,EA,IMP
ST5-C,2006-008C,28982,PAY,-,US,2006-03-22,WRAS,,100.56,105.46,1314,256,0.3057,,EA,ORB
PEGASUS R/B,2006-008D,28983,R/B,,US,2006-03-22,WRAS,,115.95,105.51,2704,293,1.8540,,EA,ORB
SOYUZ-TMA 8,2006-009A,28996,PAY,D,CIS,2006-03-30,TYMSC,2006-09-29,91.36,51.65,348,335,6.1181,,EA,LAN
SL-4 R/B,2006-009B,28997,R/B,D,CIS,2006-03-30,TYMSC,2006-04-02,87.29,51.63,142,139,15.1378,,EA,IMP
JCSAT-5A,2006-010A,29045,PAY,+,JPN,2006-04-12,SEAL,,1436.13,1.27,35793,35781,19.9526,,EA,ORB
BLOCK DM-SL R/B,2006-010B,29046,R/B,,SEAL,2006-04-12,SEAL,,656.28,0.11,35606,1670,19.8787,,EA,ORB
FORMOSAT-3 FM6,2006-011A,29047,PAY,-,ROC,2006-04-15,AFWTR,,100.60,71.98,821,753,0.5760,,EA,ORB
FORMOSAT-3 FM1,2006-011B,29048,PAY,-,ROC,2006-04-15,AFWTR,,100.60,71.96,816,758,0.5732,,EA,ORB
FORMOSAT-3 FM5,2006-011C,29049,PAY,-,ROC,2006-04-15,AFWTR,,100.60,72.02,810,764,0.5725,,EA,ORB
FORMOSAT-3 FM3,2006-011D,29050,PAY,-,ROC,2006-04-15,AFWTR,,98.15,72.01,701,640,0.5768,,EA,ORB
FORMOSAT-3 FM4,2006-011E,29051,PAY,-,ROC,2006-04-15,AFWTR,,100.59,72.00,834,739,0.5450,,EA,ORB
FORMOSAT-3 FM2,2006-011F,29052,PAY,-,ROC,2006-04-15,AFWTR,,100.58,72.03,813,759,0.5620,,EA,ORB
MINOTAUR R/B,2006-011G,29053,R/B,D,US,2006-04-15,AFWTR,2018-02-03,87.13,71.97,137,128,1.4220,,EA,IMP
ASTRO-F DEB [LENS COVER],2006-005E,29054,DEB,,JPN,2006-02-21,KSCUT,,98.14,98.07,676,664,0.4650,,EA,ORB
ASTRA 1KR,2006-012A,29055,PAY,+,SES,2006-04-20,AFETR,,1436.12,0.64,35802,35772,14.4313,,EA,ORB
ATLAS 5 CENTAUR R/B,2006-012B,29056,R/B,,US,2006-04-20,AFETR,,733.35,22.53,35223,5897,19.1739,,EA,ORB
PROGRESS-M 56,2006-013A,29057,PAY,D,CIS,2006-04-24,TYMSC,2006-09-19,91.38,51.64,350,334,10.1849,,EA,IMP
SL-4 R/B,2006-013B,29058,R/B,D,CIS,2006-04-24,TYMSC,2006-04-26,87.12,51.61,144,119,11.3400,,EA,IMP
EROS B,2006-014A,29079,PAY,D,ISRA,2006-04-25,SVOBO,2026-02-05,88.74,97.36,267,157,0.6450,,EA,IMP
SL-18 R/B,2006-014B,29080,R/B,D,CIS,2006-04-25,SVOBO,2017-09-03,87.19,97.57,141,129,2.1470,,EA,IMP
RSS-1 (YAOGAN-1),2006-015A,29092,PAY,,PRC,2006-04-26,TAISC,,96.79,97.75,606,604,3.6670,,EA,ORB
CZ-4B R/B,2006-015B,29093,R/B,D,PRC,2006-04-26,TAISC,2023-03-26,87.42,97.54,151,142,7.8218,,EA,IMP
CLOUDSAT,2006-016A,29107,PAY,-,US,2006-04-28,AFWTR,,96.87,98.39,613,604,3.7945,,EA,ORB
CALIPSO,2006-016B,29108,PAY,-,FR,2006-04-28,AFWTR,,98.00,98.45,664,662,2.6001,,EA,ORB
DELTA 2 R/B,2006-016C,29109,R/B,D,US,2006-04-28,AFWTR,2006-07-06,87.41,102.73,173,119,8.9751,,EA,IMP
DELTA 2 DEB [DPAF],2006-016D,29110,DEB,,US,2006-04-28,AFWTR,,93.77,98.32,463,454,5.0650,,EA,ORB
COSMOS 2420,2006-017A,29111,PAY,D,CIS,2006-05-03,PLMSC,2006-07-19,88.89,67.14,270,169,11.0149,,EA,IMP
SL-4 R/B,2006-017B,29112,R/B,D,CIS,2006-05-03,PLMSC,2006-05-08,87.92,67.15,203,140,30.7330,,EA,IMP
SL-4 DEB,2006-017C,29113,DEB,D,CIS,2006-05-03,PLMSC,2006-05-06,88.48,67.15,251,147,,,EA,IMP
EWS-G1 (GOES 13),2006-018A,29155,PAY,-,US,2006-05-24,AFETR,,1457.71,4.70,36462,35955,18.3801,,EA,ORB
DELTA 4 R/B,2006-018B,29156,R/B,,US,2006-05-24,AFETR,,745.82,12.03,35186,6543,36.5409,,EA,ORB
KOMPAS-2,2006-019A,29157,PAY,D,CIS,2006-05-26,SUBL,2011-12-28,87.23,78.86,141,134,0.5815,,EA,IMP
KOMPAS-2 DEB,2006-019B,29158,DEB,D,CIS,2006-05-26,SUBL,2009-05-10,86.98,78.85,136,113,0.3540,,EA,IMP
SL-21 R/B,2006-019C,29159,R/B,D,CIS,2006-05-26,SUBL,2014-11-14,87.07,78.84,135,124,3.0609,,EA,IMP
KOMPAS-2 DEB,2006-019D,29160,DEB,D,CIS,2006-05-26,SUBL,2006-10-15,89.09,78.84,241,218,0.0243,,EA,IMP
KOMPAS-2 DEB,2006-019E,29161,DEB,D,CIS,2006-05-26,SUBL,2007-03-21,88.75,78.88,222,204,0.0157,,EA,IMP
EUTELSAT 113 WEST A,2006-020A,29162,PAY,-,EUTE,2006-05-27,FRGUI,,1455.45,2.55,36172,36158,70.5332,,EA,ORB
THAICOM 5,2006-020B,29163,PAY,-,THAI,2006-05-27,FRGUI,,1451.49,6.18,36110,36065,34.2637,,EA,ORB
ARIANE 5 DEB [SYLDA],2006-020C,29164,DEB,,FR,2006-05-27,FRGUI,,125.50,6.81,3595,256,18.3838,,EA,ORB
ARIANE 5 R/B,2006-020D,29165,R/B,,FR,2006-05-27,FRGUI,,315.39,6.82,17437,504,32.1106,,EA,ORB
RESURS-DK 1,2006-021A,29228,PAY,P,CIS,2006-06-15,TYMSC,,95.15,69.93,530,522,8.7657,,EA,ORB
SL-4 R/B,2006-021B,29229,R/B,D,CIS,2006-06-15,TYMSC,2006-06-28,87.34,69.95,152,133,5.3060,,EA,IMP
KAZSAT-1,2006-022A,29230,PAY,-,KAZ,2006-06-17,TYMSC,,1451.16,11.98,36104,36058,15.8866,,EA,ORB
SL-12 PLAT,2006-022B,29231,DEB,D,CIS,2006-06-17,TYMSC,2006-06-18,87.86,51.56,183,154,7.6000,,EA,IMP
SL-12 R/B(1),2006-022C,29232,R/B,D,CIS,2006-06-17,TYMSC,2006-06-20,87.05,51.56,142,114,13.2280,,EA,IMP
SL-12 R/B(2),2006-022D,29233,R/B,,CIS,2006-06-17,TYMSC,,1425.69,12.59,35797,35368,3.9811,,EA,ORB
SL-12 DEB,2006-022E,29234,DEB,D,CIS,2006-06-17,TYMSC,2006-07-03,88.31,51.53,221,161,0.0074,,EA,IMP
SL-12 DEB,2006-022F,29235,DEB,D,CIS,2006-06-17,TYMSC,2006-07-06,87.98,51.49,197,152,0.0239,,EA,IMP
GALAXY 16 (G-16),2006-023A,29236,PAY,+,US,2006-06-18,SEAL,,1436.07,0.02,35798,35774,251.7850,,EA,ORB
BLOCK DM-SL R/B,2006-023B,29237,R/B,,SEAL,2006-06-18,SEAL,,667.00,0.96,35670,2149,19.7794,,EA,ORB
SL-12 DEB,2006-022G,29238,DEB,D,CIS,2006-06-17,TYMSC,2006-07-06,88.41,51.55,219,173,0.0072,,EA,IMP
SL-12 DEB,2006-022H,29239,DEB,D,CIS,2006-06-17,TYMSC,2006-07-07,88.00,51.57,178,173,0.0265,,EA,IMP
USA 187,2006-024A,29240,PAY,-,US,2006-06-21,AFETR,,,,,,,NEA,EA,ORB
USA 188,2006-024B,29241,PAY,-,US,2006-06-21,AFETR,,,,,,,NEA,EA,ORB
USA 189,2006-024C,29242,PAY,,US,2006-06-21,AFETR,,,,,,,NEA,EA,ORB
DELTA 2 R/B(1),2006-024D,29243,R/B,,US,2006-06-21,AFETR,,,,,,,NEA,EA,ORB
DELTA 2 R/B(2),2006-024E,29244,R/B,,US,2006-06-21,AFETR,,305.74,26.11,17025,286,,,EA,ORB
PROGRESS-M 57,2006-025A,29245,PAY,D,CIS,2006-06-24,TYMSC,2007-01-17,91.33,51.63,357,323,5.0255,,EA,IMP
SL-4 R/B,2006-025B,29246,R/B,D,CIS,2006-06-24,TYMSC,2006-06-27,87.48,51.62,150,149,11.8231,,EA,IMP
COSMOS 2421,2006-026A,29247,PAY,D,CIS,2006-06-25,TYMSC,2010-08-19,87.55,65.02,157,149,9.2564,,EA,IMP
SL-11 R/B,2006-026B,29248,R/B,D,CIS,2006-06-25,TYMSC,2006-06-25,87.94,65.06,252,93,1.0794,,EA,IMP
USA 184,2006-027A,29249,PAY,+,US,2006-06-28,AFWTR,,717.84,63.54,38591,1767,,NEA,EA,ORB
DELTA 4 R/B,2006-027B,29250,R/B,,US,2006-06-28,AFWTR,,661.75,63.08,35282,2272,,,EA,ORB
STS 121,2006-028A,29251,PAY,D,US,2006-07-04,AFETR,2006-07-17,91.36,51.63,351,332,23.1192,,EA,LAN
GENESIS 1,2006-029A,29252,PAY,D,US,2006-07-12,DLS,2025-07-02,87.55,64.47,165,141,5.4660,,EA,IMP
SL-24 R/B,2006-029B,29253,R/B,D,CIS,2006-07-12,DLS,2015-02-23,87.20,64.43,137,135,10.2677,,EA,IMP
BREEZE-M R/B,2006-032B,29254,R/B,,CIS,2006-08-04,TYMSC,,697.54,13.41,35531,3820,8.6189,,EA,ORB
SL-24 DEB,2006-029C,29256,DEB,,CIS,2006-07-12,DLS,,107.85,64.57,1744,511,6.6998,,EA,ORB
COSMOS 2420 DEB,2006-017D,29258,DEB,D,CIS,2006-05-03,PLMSC,2006-07-20,87.92,67.13,203,140,13.7000,,EA,IMP
COSMOS 2420 DEB,2006-017E,29259,DEB,D,CIS,2006-05-03,PLMSC,2006-07-20,87.37,67.16,172,116,,,EA,IMP
COSMOS 2422,2006-030A,29260,PAY,D,CIS,2006-07-21,PLMSC,2019-11-23,94.13,63.15,880,72,3.9811,,EA,IMP
SL-6 R/B(2),2006-030B,29261,R/B,,CIS,2006-07-21,PLMSC,,700.72,61.74,38380,1130,6.2779,,EA,ORB
SL-6 R/B(1),2006-030C,29262,R/B,D,CIS,2006-07-21,PLMSC,2006-09-30,87.23,62.81,141,133,6.8800,,EA,IMP
SL-6 PLAT,2006-030D,29263,DEB,D,CIS,2006-07-21,PLMSC,2006-09-01,87.62,62.84,172,141,2.5052,,EA,IMP
SL-6 DEB,2006-030E,29264,DEB,D,CIS,2006-07-21,PLMSC,2006-09-25,87.64,62.85,166,149,0.0029,,EA,IMP
SL-6 DEB,2006-030F,29266,DEB,D,CIS,2006-07-21,PLMSC,2006-09-02,89.13,62.85,279,184,0.0002,,EA,IMP
SL-6 DEB,2006-030G,29267,DEB,D,CIS,2006-07-21,PLMSC,2006-09-13,89.19,62.84,274,195,0.0002,,EA,IMP
ARIRANG-2 (KOMPSAT-2),2006-031A,29268,PAY,+,SKOR,2006-07-28,PLMSC,,98.31,97.83,687,669,2.0670,,EA,ORB
SL-19 R/B,2006-031B,29269,R/B,,CIS,2006-07-28,PLMSC,,95.67,98.28,623,479,5.3178,,EA,ORB
EUTELSAT 33F,2006-032A,29270,PAY,+,EUTE,2006-08-04,TYMSC,,1436.11,1.82,35801,35772,31.6228,,EA,ORB
BREEZE-M DEB [TANK],2006-032C,29271,DEB,,CIS,2006-08-04,TYMSC,,269.58,49.53,14591,300,6.6340,,EA,ORB
JCSAT-3A,2006-033A,29272,PAY,+,JPN,2006-08-11,FRGUI,,1436.08,0.04,35796,35776,31.6228,,EA,ORB
SYRACUSE 3B,2006-033B,29273,PAY,-,FR,2006-08-11,FRGUI,,1460.05,3.07,36259,36250,4.4668,,EA,ORB
ARIANE 5 DEB [SYLDA],2006-033C,29274,DEB,,FR,2006-08-11,FRGUI,,320.52,5.83,17822,450,11.1320,,EA,ORB
ARIANE 5 R/B,2006-033D,29275,R/B,,FR,2006-08-11,FRGUI,,537.43,6.34,30769,268,41.1852,,EA,ORB
KOREASAT 5 (MUGUNGWHA 5),2006-034A,29349,PAY,+,SKOR,2006-08-22,SEAL,,1436.07,1.95,35793,35779,25.1189,,EA,ORB
BLOCK DM-SL R/B,2006-034B,29350,R/B,,SEAL,2006-08-22,SEAL,,678.75,1.21,35521,2891,20.6172,,EA,ORB
H-2A DEB,2006-002C,29364,DEB,D,JPN,2006-01-24,TANSC,2006-12-04,91.97,98.17,381,361,0.0335,,EA,IMP
H-2A DEB,2006-002D,29365,DEB,D,JPN,2006-01-24,TANSC,2006-12-12,91.15,98.22,341,321,0.0455,,EA,IMP
H-2A DEB,2006-002E,29366,DEB,D,JPN,2006-01-24,TANSC,2006-11-03,93.95,98.22,501,434,0.0086,,EA,IMP
H-2A DEB,2006-002F,29367,DEB,D,JPN,2006-01-24,TANSC,2006-10-18,90.89,98.18,344,293,0.0269,,EA,IMP
H-2A DEB,2006-002G,29368,DEB,D,JPN,2006-01-24,TANSC,2006-10-18,91.63,98.26,397,312,0.0039,,EA,IMP
H-2A DEB,2006-002H,29369,DEB,D,JPN,2006-01-24,TANSC,2006-11-25,91.92,98.21,391,346,0.0200,,EA,IMP
H-2A DEB,2006-002J,29370,DEB,D,JPN,2006-01-24,TANSC,2006-11-13,92.39,98.18,489,294,0.0195,,EA,IMP
H-2A DEB,2006-002K,29371,DEB,D,JPN,2006-01-24,TANSC,2006-10-29,91.32,98.21,367,312,0.0158,,EA,IMP
H-2A DEB,2006-002L,29372,DEB,D,JPN,2006-01-24,TANSC,2006-11-17,92.66,98.20,430,380,0.0183,,EA,IMP
H-2A DEB,2006-002M,29373,DEB,D,JPN,2006-01-24,TANSC,2006-11-22,91.56,98.22,368,334,0.0077,,EA,IMP
H-2A DEB,2006-002N,29374,DEB,D,JPN,2006-01-24,TANSC,2006-11-09,91.19,98.21,353,312,0.0276,,EA,IMP
H-2A DEB,2006-002P,29375,DEB,D,JPN,2006-01-24,TANSC,2007-01-08,90.68,98.21,321,294,0.0382,,EA,IMP
H-2A DEB,2006-002Q,29376,DEB,D,JPN,2006-01-24,TANSC,2006-11-20,91.98,98.21,388,355,0.0184,,EA,IMP
H-2A DEB,2006-002R,29377,DEB,D,JPN,2006-01-24,TANSC,2006-10-10,92.55,98.26,421,377,0.0024,,EA,IMP
H-2A DEB,2006-002S,29378,DEB,D,JPN,2006-01-24,TANSC,2006-11-23,92.48,98.22,416,376,0.0095,,EA,IMP
H-2A DEB,2006-002T,29379,DEB,D,JPN,2006-01-24,TANSC,2006-11-20,91.67,98.19,373,340,0.0184,,EA,IMP
H-2A DEB,2006-002U,29380,DEB,D,JPN,2006-01-24,TANSC,2007-01-09,95.79,98.40,583,530,0.0031,,EA,IMP
H-2A DEB,2006-002V,29381,DEB,D,JPN,2006-01-24,TANSC,2006-10-17,91.45,98.20,371,320,0.0049,,EA,IMP
H-2A DEB,2006-002W,29382,DEB,D,JPN,2006-01-24,TANSC,2006-10-14,94.13,98.22,498,455,0.0015,,EA,IMP
H-2A DEB,2006-002X,29383,DEB,D,JPN,2006-01-24,TANSC,2006-11-11,92.68,98.22,434,378,0.0016,,EA,IMP
H-2A DEB,2006-002Y,29384,DEB,D,JPN,2006-01-24,TANSC,2006-10-26,92.36,98.25,415,365,0.0108,,EA,IMP
SJ-8,2006-035A,29385,PAY,D,PRC,2006-09-09,JSC,2006-11-01,87.13,62.97,140,125,1.9784,,EA,IMP
CZ-2D R/B,2006-035B,29386,R/B,D,PRC,2006-09-09,JSC,2006-10-03,87.04,62.96,136,120,19.5146,,EA,IMP
CZ-2D DEB,2006-035C,29387,DEB,D,PRC,2006-09-09,JSC,2006-09-13,89.15,62.92,296,169,0.0794,,EA,IMP
CZ-2D DEB,2006-035D,29388,DEB,D,PRC,2006-09-09,JSC,2006-09-12,89.58,63.22,345,162,0.0398,,EA,IMP
CZ-2D DEB,2006-035E,29389,DEB,D,PRC,2006-09-09,JSC,2006-09-12,90.01,62.69,384,166,0.0501,,EA,IMP
CZ-2D DEB,2006-035F,29390,DEB,D,PRC,2006-09-09,JSC,2006-09-13,89.13,62.71,308,155,0.0501,,EA,IMP
STS 115,2006-036A,29391,PAY,D,US,2006-09-09,AFETR,2006-09-21,91.38,51.63,350,335,10.0000,,EA,LAN
CZ-2D DEB,2006-035G,29392,DEB,D,PRC,2006-09-09,JSC,2006-09-12,89.99,63.28,383,165,0.0864,,EA,IMP
IGS 3A,2006-037A,29393,PAY,D,JPN,2006-09-11,TANSC,2016-10-29,94.4,97.4,490,486,,NEA,EA,IMP
H-2A R/B,2006-037B,29394,R/B,D,JPN,2006-09-11,TANSC,2012-02-16,87.50,97.40,155,146,17.3120,,EA,IMP
H-2A DEB,2006-037C,29395,DEB,D,JPN,2006-09-11,TANSC,2006-11-07,89.83,97.18,279,253,0.0234,,EA,IMP
H-2A DEB,2006-037D,29396,DEB,D,JPN,2006-09-11,TANSC,2007-04-26,89.17,97.18,248,219,0.0402,,EA,IMP
SL-4 DEB,2006-039C,29397,DEB,D,CIS,2006-09-14,TYMSC,2006-09-15,88.46,64.90,237,160,,,EA,IMP
ZHONGXING-22A,2006-038A,29398,PAY,-,PRC,2006-09-12,XICLF,,1438.59,11.61,35851,35820,18.8988,,EA,ORB
CZ-3A R/B,2006-038B,29399,R/B,D,PRC,2006-09-12,XICLF,2006-11-08,90.16,25.05,467,97,15.8866,,EA,IMP
SOYUZ-TMA 9,2006-040A,29400,PAY,D,CIS,2006-09-18,TYMSC,2007-04-21,91.20,51.63,344,323,13.7083,,EA,LAN
SL-4 R/B,2006-040B,29401,R/B,D,CIS,2006-09-18,TYMSC,2006-09-21,87.47,51.64,151,147,6.3246,,EA,IMP
COSMOS 2423,2006-039A,29402,PAY,D,CIS,2006-09-14,TYMSC,2006-11-23,89.37,64.89,284,202,10.7740,,EA,IMP
SL-4 R/B,2006-039B,29403,R/B,D,CIS,2006-09-14,TYMSC,2006-09-19,87.31,64.84,146,137,3.9811,,EA,IMP
HINODE (SOLAR-B),2006-041A,29479,PAY,+,JPN,2006-09-22,KSCUT,,98.05,98.06,679,652,5.7356,,EA,ORB
M-5 R/B,2006-041B,29480,R/B,D,JPN,2006-09-22,KSCUT,2009-10-20,87.25,98.24,145,132,7.9382,,EA,IMP
M-5 DEB,2006-041C,29481,DEB,D,JPN,2006-09-22,KSCUT,2006-10-11,89.55,98.27,295,209,0.0121,,EA,IMP
M-5 DEB,2006-041D,29482,DEB,D,JPN,2006-09-22,KSCUT,2006-09-25,92.60,98.30,534,269,0.0006,,EA,IMP
M-5 DEB,2006-041E,29483,DEB,D,JPN,2006-09-22,KSCUT,2006-10-13,90.02,98.28,307,244,0.0088,,EA,IMP
HIT-SAT (HO-59),2006-041F,29484,PAY,D,JPN,2006-09-22,KSCUT,2008-06-18,87.21,98.25,145,127,0.0383,,EA,IMP
M-5 DEB,2006-041G,29485,DEB,D,JPN,2006-09-22,KSCUT,2006-10-15,88.62,98.31,219,193,0.0055,,EA,IMP
NAVSTAR 58 (USA 190),2006-042A,29486,PAY,+,US,2006-09-25,AFETR,,717.97,54.71,20469,19895,11.7863,,EA,ORB
DELTA 2 R/B(2) [PAM-D],2006-042B,29487,R/B,D,US,2006-09-25,AFETR,2013-12-27,88.65,39.65,300,116,2.3866,,EA,IMP
DELTA 2 R/B(1),2006-042C,29488,R/B,D,US,2006-09-25,AFETR,2006-12-23,87.78,33.63,197,132,7.1485,,EA,IMP
M-5 DEB,2006-041H,29490,DEB,D,JPN,2006-09-22,KSCUT,2006-10-21,92.08,98.37,508,245,0.0027,,EA,IMP
M-5 DEB,2006-041J,29491,DEB,D,JPN,2006-09-22,KSCUT,2006-10-03,88.39,98.32,222,168,0.0091,,EA,IMP
M-5 DEB,2006-041K,29492,DEB,D,JPN,2006-09-22,KSCUT,2006-10-02,90.81,98.35,383,245,,,EA,IMP
H-2A DEB,2006-037E,29493,DEB,D,JPN,2006-09-11,TANSC,2007-06-29,88.90,97.23,235,206,0.0142,,EA,IMP
DIRECTV 9S,2006-043A,29494,PAY,+,US,2006-10-13,FRGUI,,1436.09,2.58,35804,35769,271.1266,,EA,ORB
OPTUS D1,2006-043B,29495,PAY,+,AUS,2006-10-13,FRGUI,,1436.10,3.20,35802,35771,3.9811,,EA,ORB
LDREX-2,2006-043C,29496,PAY,D,JPN,2006-10-13,FRGUI,2010-09-30,89.97,7.19,427,119,4.5525,,EA,IMP
ARIANE 5 DEB [SYLDA],2006-043D,29497,DEB,D,FR,2006-10-13,FRGUI,2008-07-21,104.61,7.33,1813,140,12.0683,,EA,IMP
ARIANE 5 R/B,2006-043E,29498,R/B,,FR,2006-10-13,FRGUI,,381.14,6.95,21834,236,24.6132,,EA,ORB
METOP-A,2006-044A,29499,PAY,-,EUME,2006-10-19,TYMSC,,97.55,98.34,763,520,11.2479,,EA,ORB
FREGAT R/B,2006-044B,29500,R/B,D,CIS,2006-10-19,TYMSC,2006-10-19,93.82,98.74,823,100,39.8107,,EA,IMP
PROGRESS-M 58,2006-045A,29503,PAY,D,CIS,2006-10-23,TYMSC,2007-03-28,91.25,51.63,346,326,29.7159,,EA,IMP
SL-4 R/B,2006-045B,29504,R/B,D,CIS,2006-10-23,TYMSC,2006-10-27,87.44,51.61,151,144,3.9811,,EA,IMP
SHIJIAN-6 02A (SJ-6 02A),2006-046A,29505,PAY,+,PRC,2006-10-23,TAISC,,94.89,97.63,514,512,1.1590,,EA,ORB
SHIJIAN-6 02B (SJ-6 02B),2006-046B,29506,PAY,+,PRC,2006-10-23,TAISC,,95.91,97.71,572,552,2.4781,,EA,ORB
CZ-4B R/B,2006-046C,29507,R/B,,PRC,2006-10-23,TAISC,,94.85,97.54,534,488,3.9510,,EA,ORB
CZ-4B DEB,2006-046D,29508,DEB,D,PRC,2006-10-23,TAISC,2017-04-20,87.54,97.58,161,145,5.6430,,EA,IMP
CZ-4B DEB,2006-046E,29509,DEB,,PRC,2006-10-23,TAISC,,95.63,97.63,574,524,0.0293,,EA,ORB
STEREO A,2006-047A,29510,PAY,+,US,2006-10-26,AFETR,,,,,,,NEA,SU,ORB
STEREO B,2006-047B,29511,PAY,-,US,2006-10-26,AFETR,,,,,,,NEA,SU,ORB
DELTA 2 R/B,2006-047C,29512,R/B,D,US,2006-10-26,AFETR,2007-11-01,87.91,24.48,208,134,8.4754,,EA,IMP
DELTA 2 DEB,2006-047D,29513,DEB,D,US,2006-10-26,AFETR,2006-10-26,118.58,28.44,3147,88,,,EA,IMP
SINOSAT 2 (XINNUO 2),2006-048A,29516,PAY,-,PRC,2006-10-28,XICLF,,1550.36,14.58,38151,37838,10.0237,,EA,ORB
CZ-3B R/B,2006-048B,29517,R/B,,PRC,2006-10-28,XICLF,,208.72,28.24,9982,573,11.4370,,EA,ORB
XM-4 (BLUES),2006-049A,29520,PAY,-,US,2006-10-30,SEAL,,1457.29,3.02,36225,36175,16.1059,,EA,ORB
BLOCK DM-SL R/B,2006-049B,29521,R/B,,SEAL,2006-10-30,SEAL,,657.92,0.92,36072,1287,20.5386,,EA,ORB
DMSP 5D-3 F17 (USA 191),2006-050A,29522,PAY,+,US,2006-11-04,AFWTR,,101.77,98.74,849,836,4.4810,,EA,ORB
DELTA 4 R/B,2006-050B,29523,R/B,D,US,2006-11-04,AFWTR,2006-11-04,101.86,98.79,863,831,0.0233,,EA,IMP
DMSP 5D-3 F17 DEB,2006-050C,29524,DEB,,US,2006-11-04,AFWTR,,100.65,98.56,793,786,0.0505,,EA,ORB
DMSP 5D-3 F17 DEB,2006-050D,29525,DEB,,US,2006-11-04,AFWTR,,100.60,98.54,789,785,0.0550,,EA,ORB
BADR-4,2006-051A,29526,PAY,+,AB,2006-11-08,TYMSC,,1436.08,2.17,35808,35764,0.0030,,EA,ORB
BREEZE-M R/B,2006-051B,29527,R/B,,CIS,2006-11-08,TYMSC,,687.49,14.63,35794,3056,8.8294,,EA,ORB
BREEZE-M DEB [TANK],2006-051C,29528,DEB,,CIS,2006-11-08,TYMSC,,395.28,51.31,22107,819,7.9680,,EA,ORB
PEGASUS DEB,2006-008E,29535,DEB,D,US,2006-03-22,WRAS,2009-06-26,89.07,105.42,258,199,0.0075,,EA,IMP
CZ-4B DEB,2006-015C,29536,DEB,,PRC,2006-04-26,TAISC,,96.32,97.87,639,525,0.0184,,EA,ORB
CZ-4B DEB,2006-015D,29537,DEB,,PRC,2006-04-26,TAISC,,97.53,97.78,719,561,0.0184,,EA,ORB
CZ-4B DEB,2006-015E,29538,DEB,,PRC,2006-04-26,TAISC,,93.82,98.07,485,437,0.0185,,EA,ORB
CZ-4B DEB,2006-015F,29539,DEB,,PRC,2006-04-26,TAISC,,95.77,97.73,601,511,0.0180,,EA,ORB
DELTA 4 DEB,2006-050E,29540,DEB,D,US,2006-11-04,AFWTR,2009-03-27,91.14,98.95,348,313,0.0112,,EA,IMP
DELTA 4 DEB,2006-050F,29541,DEB,D,US,2006-11-04,AFWTR,2006-11-16,90.96,98.51,367,277,0.0260,,EA,IMP
DELTA 4 DEB,2006-050G,29542,DEB,D,US,2006-11-04,AFWTR,2007-08-04,89.72,98.52,282,239,0.0475,,EA,IMP
DELTA 4 DEB,2006-050H,29543,DEB,D,US,2006-11-04,AFWTR,2012-01-08,91.33,98.93,359,321,0.0790,,EA,IMP
DELTA 4 DEB,2006-050J,29544,DEB,D,US,2006-11-04,AFWTR,2010-10-06,88.28,99.26,199,179,0.0463,,EA,IMP
DELTA 4 DEB,2006-050K,29545,DEB,D,US,2006-11-04,AFWTR,2011-10-07,93.20,99.37,451,411,0.0240,,EA,IMP
DELTA 4 DEB,2006-050L,29546,DEB,D,US,2006-11-04,AFWTR,2011-05-12,92.52,99.09,421,374,0.0580,,EA,IMP
DELTA 4 DEB,2006-050M,29547,DEB,D,US,2006-11-04,AFWTR,2011-10-11,91.57,99.39,370,333,0.0210,,EA,IMP
DELTA 4 DEB,2006-050N,29548,DEB,D,US,2006-11-04,AFWTR,2011-04-03,93.34,99.17,465,411,0.0400,,EA,IMP
DELTA 4 DEB,2006-050P,29549,DEB,D,US,2006-11-04,AFWTR,2010-08-11,89.96,99.16,290,255,0.0435,,EA,IMP
DELTA 4 DEB,2006-050Q,29550,DEB,D,US,2006-11-04,AFWTR,2010-10-22,91.17,99.17,352,312,0.0630,,EA,IMP
DELTA 4 DEB,2006-050R,29551,DEB,D,US,2006-11-04,AFWTR,2010-05-25,88.41,99.20,213,179,0.0850,,EA,IMP
DELTA 4 DEB,2006-050S,29552,DEB,D,US,2006-11-04,AFWTR,2010-11-08,91.61,98.65,371,335,0.0443,,EA,IMP
DELTA 4 DEB,2006-050T,29553,DEB,D,US,2006-11-04,AFWTR,2010-11-18,91.61,99.10,376,332,0.0530,,EA,IMP
DELTA 4 DEB,2006-050U,29554,DEB,D,US,2006-11-04,AFWTR,2011-03-29,90.83,99.13,329,302,0.0549,,EA,IMP
DELTA 4 DEB,2006-050V,29555,DEB,D,US,2006-11-04,AFWTR,2011-04-17,92.40,99.30,424,360,0.0748,,EA,IMP
DELTA 4 DEB,2006-050W,29556,DEB,D,US,2006-11-04,AFWTR,2011-04-25,89.60,99.21,275,235,0.0620,,EA,IMP
DELTA 4 DEB,2006-050X,29557,DEB,D,US,2006-11-04,AFWTR,2011-04-08,92.91,99.43,451,384,0.0178,,EA,IMP
DELTA 4 DEB,2006-050Y,29558,DEB,D,US,2006-11-04,AFWTR,2011-11-19,93.26,99.27,449,419,0.0331,,EA,IMP
DELTA 4 DEB,2006-050Z,29559,DEB,D,US,2006-11-04,AFWTR,2011-05-15,91.47,99.45,372,321,0.0340,,EA,IMP
DELTA 4 DEB,2006-050AA,29560,DEB,D,US,2006-11-04,AFWTR,2010-03-03,91.33,99.16,361,318,0.0400,,EA,IMP
DELTA 4 DEB,2006-050AB,29561,DEB,D,US,2006-11-04,AFWTR,2009-11-16,90.65,98.86,316,296,0.1077,,EA,IMP
DELTA 4 DEB,2006-050AC,29562,DEB,D,US,2006-11-04,AFWTR,2010-10-18,88.64,99.06,227,187,0.0615,,EA,IMP
DELTA 4 DEB,2006-050AD,29563,DEB,D,US,2006-11-04,AFWTR,2011-10-01,91.66,99.25,368,345,0.0388,,EA,IMP
DELTA 4 DEB,2006-050AE,29564,DEB,D,US,2006-11-04,AFWTR,2011-10-23,90.89,99.41,335,301,0.0390,,EA,IMP
DELTA 4 DEB,2006-050AF,29565,DEB,D,US,2006-11-04,AFWTR,2006-12-01,91.27,98.53,383,290,0.0020,,EA,IMP
DELTA 4 DEB,2006-050AG,29566,DEB,D,US,2006-11-04,AFWTR,2009-10-31,90.17,99.10,291,274,0.0624,,EA,IMP
DELTA 4 DEB,2006-050AH,29567,DEB,D,US,2006-11-04,AFWTR,2010-02-03,90.43,99.17,315,276,0.0730,,EA,IMP
DELTA 4 DEB,2006-050AJ,29568,DEB,D,US,2006-11-04,AFWTR,2010-03-11,92.00,99.14,382,363,0.0412,,EA,IMP
DELTA 4 DEB,2006-050AK,29569,DEB,D,US,2006-11-04,AFWTR,2010-05-17,89.51,98.86,269,232,0.0487,,EA,IMP
DELTA 4 DEB,2006-050AL,29570,DEB,D,US,2006-11-04,AFWTR,2010-10-11,91.53,99.20,369,331,0.0550,,EA,IMP
DELTA 4 DEB,2006-050AM,29571,DEB,D,US,2006-11-04,AFWTR,2011-02-09,91.55,99.23,372,329,0.0263,,EA,IMP
DELTA 4 DEB,2006-050AN,29572,DEB,D,US,2006-11-04,AFWTR,2011-03-02,91.54,99.31,381,320,0.0535,,EA,IMP
DELTA 4 DEB,2006-050AP,29573,DEB,D,US,2006-11-04,AFWTR,2011-01-10,91.81,99.08,386,340,0.0617,,EA,IMP
DELTA 4 DEB,2006-050AQ,29574,DEB,D,US,2006-11-04,AFWTR,2011-01-08,90.83,99.23,335,296,0.0804,,EA,IMP
DELTA 4 DEB,2006-050AR,29575,DEB,D,US,2006-11-04,AFWTR,2010-03-13,92.01,99.25,407,339,0.0516,,EA,IMP
DELTA 4 DEB,2006-050AS,29576,DEB,D,US,2006-11-04,AFWTR,2009-02-15,90.33,98.79,314,267,0.0555,,EA,IMP
DELTA 4 DEB,2006-050AT,29577,DEB,D,US,2006-11-04,AFWTR,2011-06-27,91.36,98.59,363,320,0.0594,,EA,IMP
DELTA 4 DEB,2006-050AU,29578,DEB,D,US,2006-11-04,AFWTR,2011-03-14,90.99,99.29,337,309,0.0504,,EA,IMP
DELTA 4 DEB,2006-050AV,29579,DEB,D,US,2006-11-04,AFWTR,2011-05-08,91.01,99.18,349,299,0.0540,,EA,IMP
DELTA 4 DEB,2006-050AW,29580,DEB,D,US,2006-11-04,AFWTR,2011-03-06,92.47,99.23,415,376,0.0434,,EA,IMP
DELTA 4 DEB,2006-050AX,29581,DEB,D,US,2006-11-04,AFWTR,2010-10-24,89.69,99.22,275,243,0.0568,,EA,IMP
DELTA 4 DEB,2006-050AY,29582,DEB,D,US,2006-11-04,AFWTR,2010-08-21,91.61,99.21,367,340,0.0086,,EA,IMP
DELTA 4 DEB,2006-050AZ,29583,DEB,D,US,2006-11-04,AFWTR,2011-01-04,90.35,99.19,309,274,0.0509,,EA,IMP
DELTA 4 DEB,2006-050BA,29584,DEB,D,US,2006-11-04,AFWTR,2010-03-18,90.55,99.16,325,278,0.0290,,EA,IMP
DELTA 4 DEB,2006-050BB,29585,DEB,D,US,2006-11-04,AFWTR,2010-09-27,90.43,99.13,327,264,0.0389,,EA,IMP
DELTA 4 DEB,2006-050BC,29586,DEB,D,US,2006-11-04,AFWTR,2010-04-05,89.84,98.97,278,255,0.0475,,EA,IMP
DELTA 4 DEB,2006-050BD,29587,DEB,D,US,2006-11-04,AFWTR,2011-02-25,89.30,99.18,258,221,0.0450,,EA,IMP
DELTA 4 DEB,2006-050BE,29588,DEB,D,US,2006-11-04,AFWTR,2011-04-01,92.23,99.17,412,356,0.0427,,EA,IMP
DELTA 4 DEB,2006-050BF,29589,DEB,D,US,2006-11-04,AFWTR,2011-05-23,91.61,99.43,377,330,0.0370,,EA,IMP
DELTA 4 DEB,2006-050BG,29590,DEB,D,US,2006-11-04,AFWTR,2011-08-31,89.34,99.38,263,221,0.0324,,EA,IMP
DELTA 4 DEB,2006-050BH,29591,DEB,D,US,2006-11-04,AFWTR,2011-09-27,92.32,99.27,412,364,0.0335,,EA,IMP
DELTA 4 DEB,2006-050BJ,29592,DEB,D,US,2006-11-04,AFWTR,2011-04-15,90.99,99.10,345,302,0.0590,,EA,IMP
DELTA 4 DEB,2006-050BK,29593,DEB,D,US,2006-11-04,AFWTR,2011-09-07,91.59,99.36,376,330,0.0494,,EA,IMP
DELTA 4 DEB,2006-050BL,29594,DEB,D,US,2006-11-04,AFWTR,2010-07-29,91.17,99.21,344,321,0.0411,,EA,IMP
DELTA 4 DEB,2006-050BM,29595,DEB,D,US,2006-11-04,AFWTR,2010-11-29,91.40,98.86,357,330,0.0489,,EA,IMP
DELTA 4 DEB,2006-050BN,29596,DEB,D,US,2006-11-04,AFWTR,2011-05-31,91.06,99.08,350,303,0.0515,,EA,IMP
DELTA 4 DEB,2006-050BP,29597,DEB,D,US,2006-11-04,AFWTR,2011-10-19,93.21,99.20,456,408,0.0410,,EA,IMP
DELTA 4 DEB,2006-050BQ,29598,DEB,D,US,2006-11-04,AFWTR,2011-08-22,91.08,99.32,348,307,0.0400,,EA,IMP
DELTA 4 DEB,2006-050BR,29599,DEB,D,US,2006-11-04,AFWTR,2011-10-14,91.98,99.14,387,357,0.0410,,EA,IMP
DMSP 5D-3 F17 DEB,2006-050BS,29600,DEB,,US,2006-11-04,AFWTR,,100.27,98.52,775,768,0.0640,,EA,ORB
NAVSTAR 59 (USA 192),2006-052A,29601,PAY,+,US,2006-11-17,AFETR,,717.98,54.93,20408,19957,4.8064,,EA,ORB
DELTA 2 R/B(2) [PAM-D],2006-052B,29602,R/B,D,US,2006-11-17,AFETR,2011-06-21,88.81,39.75,307,124,2.4274,,EA,IMP
DELTA 2 R/B(1),2006-052C,29603,R/B,D,US,2006-11-17,AFETR,2007-05-06,87.61,32.62,175,138,6.8546,,EA,IMP
COSMOS 2423 DEB,2006-039D,29604,DEB,D,CIS,2006-09-14,TYMSC,2006-11-18,88.90,64.72,257,183,,,EA,IMP
COSMOS 2423 DEB,2006-039E,29605,DEB,D,CIS,2006-09-14,TYMSC,2006-11-18,89.04,65.06,274,180,,,EA,IMP
COSMOS 2423 DEB,2006-039F,29606,DEB,D,CIS,2006-09-14,TYMSC,2006-11-20,88.62,64.77,248,164,0.0105,,EA,IMP
COSMOS 2423 DEB,2006-039G,29607,DEB,D,CIS,2006-09-14,TYMSC,2006-11-19,88.71,64.75,244,178,,,EA,IMP
COSMOS 2423 DEB,2006-039H,29608,DEB,D,CIS,2006-09-14,TYMSC,2006-11-18,88.57,64.77,233,174,,,EA,IMP
COSMOS 2423 DEB,2006-039J,29609,DEB,D,CIS,2006-09-14,TYMSC,2006-11-25,89.71,64.49,349,171,0.0223,,EA,IMP
COSMOS 2423 DEB,2006-039K,29610,DEB,D,CIS,2006-09-14,TYMSC,2006-11-23,90.42,64.69,417,173,0.0383,,EA,IMP
COSMOS 2423 DEB,2006-039L,29611,DEB,D,CIS,2006-09-14,TYMSC,2006-11-18,89.33,64.76,299,183,,,EA,IMP
COSMOS 2423 DEB,2006-039M,29612,DEB,D,CIS,2006-09-14,TYMSC,2006-11-20,88.73,64.79,235,188,,,EA,IMP
COSMOS 2423 DEB,2006-039N,29613,DEB,D,CIS,2006-09-14,TYMSC,2006-11-18,88.64,64.81,238,176,,,EA,IMP
COSMOS 2423 DEB,2006-039P,29614,DEB,D,CIS,2006-09-14,TYMSC,2006-11-20,87.85,64.81,187,149,,,EA,IMP
COSMOS 2423 DEB,2006-039Q,29615,DEB,D,CIS,2006-09-14,TYMSC,2006-11-18,89.29,64.87,292,187,,,EA,IMP
COSMOS 2423 DEB,2006-039R,29616,DEB,D,CIS,2006-09-14,TYMSC,2006-11-19,89.53,64.71,327,176,,,EA,IMP
COSMOS 2423 DEB,2006-039S,29617,DEB,D,CIS,2006-09-14,TYMSC,2006-11-24,90.89,64.81,459,177,0.0113,,EA,IMP
COSMOS 2423 DEB,2006-039T,29618,DEB,D,CIS,2006-09-14,TYMSC,2006-11-25,89.40,64.70,315,174,,,EA,IMP
COSMOS 2423 DEB,2006-039U,29619,DEB,D,CIS,2006-09-14,TYMSC,2006-11-26,95.43,64.76,873,205,0.0375,,EA,IMP
COSMOS 2423 DEB,2006-039V,29620,DEB,D,CIS,2006-09-14,TYMSC,2006-11-18,88.53,65.04,240,163,,,EA,IMP
COSMOS 2423 DEB,2006-039W,29621,DEB,D,CIS,2006-09-14,TYMSC,2006-11-24,89.17,65.06,299,168,0.0130,,EA,IMP
COSMOS 2423 DEB,2006-039X,29622,DEB,D,CIS,2006-09-14,TYMSC,2006-11-18,88.92,64.77,270,172,,,EA,IMP
COSMOS 2423 DEB,2006-039Y,29623,DEB,D,CIS,2006-09-14,TYMSC,2006-11-20,88.40,65.01,235,156,,,EA,IMP
COSMOS 2423 DEB,2006-039Z,29624,DEB,D,CIS,2006-09-14,TYMSC,2006-11-18,88.89,65.10,258,181,,,EA,IMP
COSMOS 2423 DEB,2006-039AA,29625,DEB,D,CIS,2006-09-14,TYMSC,2006-11-18,88.56,64.71,241,165,,,EA,IMP
COSMOS 2423 DEB,2006-039AB,29626,DEB,D,CIS,2006-09-14,TYMSC,2006-11-18,89.24,65.03,285,189,,,EA,IMP
COSMOS 2423 DEB,2006-039AC,29627,DEB,D,CIS,2006-09-14,TYMSC,2006-11-21,90.06,64.70,396,159,0.0032,,EA,IMP
COSMOS 2423 DEB,2006-039AD,29628,DEB,D,CIS,2006-09-14,TYMSC,2006-11-25,91.22,64.65,500,169,0.0217,,EA,IMP
COSMOS 2423 DEB,2006-039AE,29629,DEB,D,CIS,2006-09-14,TYMSC,2006-11-21,89.93,64.73,384,159,0.0246,,EA,IMP
COSMOS 2423 DEB,2006-039AF,29630,DEB,D,CIS,2006-09-14,TYMSC,2006-11-23,90.99,64.94,467,179,0.0021,,EA,IMP
COSMOS 2423 DEB,2006-039AG,29631,DEB,D,CIS,2006-09-14,TYMSC,2006-12-04,89.55,64.40,343,162,0.0070,,EA,IMP
DELTA 4 DEB,2006-050BT,29632,DEB,D,US,2006-11-04,AFWTR,2007-08-09,93.73,98.99,485,429,0.0070,,EA,IMP
DELTA 4 DEB,2006-050BU,29633,DEB,D,US,2006-11-04,AFWTR,2009-04-07,99.09,98.92,796,634,0.0046,,EA,IMP
COSMOS 2423 DEB,2006-039AH,29634,DEB,D,CIS,2006-09-14,TYMSC,2006-11-29,89.70,65.24,346,173,,,EA,IMP
COSMOS 2423 DEB,2006-039AJ,29635,DEB,D,CIS,2006-09-14,TYMSC,2006-11-30,90.28,65.15,403,174,0.0276,,EA,IMP
CZ-4B DEB,2006-046F,29636,DEB,D,PRC,2006-10-23,TAISC,2014-04-27,90.20,97.71,294,274,0.0171,,EA,IMP
DMSP 5D-3 F17 DEB,2006-050BV,29637,DEB,,US,2006-11-04,AFWTR,,99.68,98.51,747,739,0.1256,,EA,ORB
FENGYUN 2D,2006-053A,29640,PAY,-,PRC,2006-12-08,XICLF,,1466.48,11.11,36419,36340,27.6307,,EA,ORB
CZ-3B R/B,2006-053B,29641,R/B,D,PRC,2006-12-08,XICLF,2006-12-09,638.36,24.79,36135,226,12.5893,,EA,IMP
FENGYUN 2D AKM,2006-053C,29642,R/B,,PRC,2006-12-08,XICLF,,1449.32,11.92,36499,35591,1.2619,,EA,ORB
WILDBLUE-1,2006-054A,29643,PAY,+,US,2006-12-08,FRGUI,,1451.92,2.97,36116,36076,262.6219,,EA,ORB
AMC-18,2006-054B,29644,PAY,-,SES,2006-12-08,FRGUI,,1456.60,2.78,36223,36151,3.9811,,EA,ORB
ARIANE 5 DEB [SYLDA],2006-054C,29645,DEB,D,FR,2006-12-08,FRGUI,2016-07-21,107.89,2.42,2098,160,15.2787,,EA,IMP
ARIANE 5 R/B,2006-054D,29646,R/B,,FR,2006-12-08,FRGUI,,512.14,2.81,29406,245,43.9174,,EA,ORB
STS 116,2006-055A,29647,PAY,D,US,2006-12-10,AFETR,2006-12-22,91.06,51.63,339,314,31.6479,,EA,LAN
MEASAT-3,2006-056A,29648,PAY,-,MALA,2006-12-11,TYMSC,,1443.68,4.89,35945,35924,15.8866,,EA,ORB
BREEZE-M DEB [TANK],2006-056B,29649,DEB,,CIS,2006-12-11,TYMSC,,276.07,49.51,15018,315,6.1625,,EA,ORB
BREEZE-M R/B,2006-056C,29650,R/B,,CIS,2006-12-11,TYMSC,,773.51,16.72,35446,7623,12.6187,,EA,ORB
USA 193,2006-057A,29651,PAY,D,US,2006-12-14,AFWTR,2008-02-29,,,,,,,EA,IMP
DELTA 2 R/B,2006-057B,29652,R/B,,US,2006-12-14,AFWTR,,,,,,,NEA,EA,ORB
TACSAT 2,2006-058A,29653,PAY,D,US,2006-12-16,WLPIS,2011-02-05,87.73,40.00,163,161,2.2862,,EA,IMP
MINOTAUR R/B,2006-058B,29654,R/B,D,US,2006-12-16,WLPIS,2011-04-02,87.86,40.00,173,165,1.2505,,EA,IMP
GENESAT-1,2006-058C,29655,PAY,D,US,2006-12-16,WLPIS,2010-08-04,87.55,40.01,156,150,0.0502,,EA,IMP
KIKU-8 (ETS-VIII),2006-059A,29656,PAY,-,JPN,2006-12-18,TANSC,,1454.48,11.68,36163,36128,11.0000,,EA,ORB
H-2A R/B,2006-059B,29657,R/B,,JPN,2006-12-18,TANSC,,211.06,28.60,10487,242,23.7889,,EA,ORB
SAR-LUPE 1,2006-060A,29658,PAY,+,GER,2006-12-19,PLMSC,,94.3,98.2,495,473,2.2985,NEA,EA,ORB
SL-8 R/B,2006-060B,29659,R/B,D,CIS,2006-12-19,PLMSC,2014-03-30,87.26,98.06,150,128,4.5820,,EA,IMP
MEPSI,2006-055B,29660,PAY,D,US,2006-12-10,AFETR,2007-03-08,87.28,51.61,144,135,0.0453,,EA,IMP
RAFT,2006-055C,29661,PAY,D,US,2006-12-10,AFETR,2007-05-30,87.16,51.62,139,129,0.0846,,EA,IMP
MARSCOM,2006-055D,29662,PAY,D,US,2006-12-10,AFETR,2007-05-06,87.38,51.61,148,142,0.0865,,EA,IMP
ANDE DEB [CYLINDER 1],2006-055E,29663,DEB,D,US,2006-12-10,AFETR,2007-04-18,87.55,51.64,155,152,0.2947,,EA,IMP
ANDE MAA SPHERE 1,2006-055F,29664,PAY,D,US,2006-12-10,AFETR,2007-12-25,87.19,51.62,137,133,0.2736,,EA,IMP
ANDE DEB [CYLINDER 2],2006-055G,29665,DEB,D,US,2006-12-10,AFETR,2007-02-09,87.63,51.62,159,155,0.3555,,EA,IMP
ANDE DEB [AVIONICS DECK],2006-055H,29666,DEB,D,US,2006-12-10,AFETR,2007-04-24,87.70,51.60,164,158,0.1299,,EA,IMP
ANDE FCAL SPHERE 2,2006-055J,29667,PAY,D,US,2006-12-10,AFETR,2008-05-25,87.09,51.61,136,124,0.1964,,EA,IMP
MERIDIAN 1,2006-061A,29668,PAY,D,CIS,2006-12-24,PLMSC,2021-07-06,88.99,61.17,386,64,15.4504,,EA,IMP
SL-4 R/B,2006-061B,29669,R/B,D,CIS,2006-12-24,PLMSC,2022-03-10,87.09,61.04,185,76,12.1335,,EA,IMP
COSMOS 2425 [GLONASS-M],2006-062A,29670,PAY,-,CIS,2006-12-25,TYMSC,,675.68,64.69,19187,19070,5.0119,,EA,ORB
COSMOS 2426 [GLONASS-M],2006-062B,29671,PAY,-,CIS,2006-12-25,TYMSC,,676.17,64.70,19196,19086,5.9763,,EA,ORB
COSMOS 2424 [GLONASS-M],2006-062C,29672,PAY,-,CIS,2006-12-25,TYMSC,,675.67,64.70,19178,19079,5.0257,,EA,ORB
SL-12 R/B(2),2006-062D,29673,R/B,,CIS,2006-12-25,TYMSC,,674.78,64.71,19179,19033,1.5849,,EA,ORB
SL-12 R/B(1),2006-062E,29674,R/B,D,CIS,2006-12-25,TYMSC,2006-12-26,87.15,64.82,139,127,17.1000,,EA,IMP
SL-12 PLAT,2006-062F,29675,DEB,D,CIS,2006-12-25,TYMSC,2006-12-26,87.29,64.80,145,135,24.2000,,EA,IMP
COROT,2006-063A,29678,PAY,-,FR,2006-12-27,TYMSC,,99.28,90.10,854,594,2.6780,,EA,ORB
SL-4 R/B,2006-063B,29679,R/B,D,CIS,2006-12-27,TYMSC,2007-01-04,87.14,89.96,142,124,6.3137,,EA,IMP
SL-12 R/B(AUX MOTOR),2006-062G,29680,R/B,,CIS,2006-12-25,TYMSC,,338.07,65.16,18893,502,0.4980,,EA,ORB
SL-12 R/B(AUX MOTOR),2006-062H,29682,R/B,,CIS,2006-12-25,TYMSC,,338.51,65.15,18774,649,0.5700,,EA,ORB
DELTA 4 DEB,2006-050BW,29708,DEB,D,US,2006-11-04,AFWTR,2007-08-05,97.81,98.57,735,573,0.0046,,EA,IMP
M-5 DEB,2006-041L,31390,DEB,D,JPN,2006-09-22,KSCUT,2007-11-13,89.44,98.25,281,212,0.0647,,EA,IMP
SL-24 DEB,2006-029D,31391,DEB,D,CIS,2006-07-12,DLS,2024-01-12,90.90,64.49,332,305,0.0103,,EA,IMP
SL-24 DEB,2006-029E,31392,DEB,D,CIS,2006-07-12,DLS,2024-02-14,90.08,64.48,287,270,0.0110,,EA,IMP
H-2A DEB,2006-037F,32009,DEB,D,JPN,2006-09-11,TANSC,2007-08-16,91.86,97.25,394,337,0.0168,,EA,IMP
H-2A DEB,2006-037G,32010,DEB,D,JPN,2006-09-11,TANSC,2007-08-05,92.28,97.24,415,358,,,EA,IMP
H-2A DEB,2006-037H,32011,DEB,D,JPN,2006-09-11,TANSC,2007-08-26,92.96,97.22,457,383,21.8899,,EA,IMP
H-2A DEB,2006-037J,32012,DEB,D,JPN,2006-09-11,TANSC,2007-08-14,91.31,97.27,352,326,0.0100,,EA,IMP
H-2A DEB,2006-037K,32013,DEB,D,JPN,2006-09-11,TANSC,2007-08-15,93.14,97.24,458,398,,,EA,IMP
H-2A DEB,2006-037L,32014,DEB,D,JPN,2006-09-11,TANSC,2007-08-07,92.95,97.26,444,394,0.0100,,EA,IMP
H-2A DEB,2006-037M,32015,DEB,D,JPN,2006-09-11,TANSC,2007-08-19,93.17,97.27,472,388,0.0100,,EA,IMP
H-2A DEB,2006-037N,32016,DEB,D,JPN,2006-09-11,TANSC,2007-08-25,91.03,97.20,356,294,0.0690,,EA,IMP
H-2A DEB,2006-037P,32017,DEB,D,JPN,2006-09-11,TANSC,2007-08-19,90.33,97.17,318,263,0.0191,,EA,IMP
BREEZE-M DEB,2006-006C,32025,DEB,,CIS,2006-02-28,TYMSC,,273.30,51.65,14682,463,2.9587,,EA,ORB
BREEZE-M DEB,2006-006D,32026,DEB,,CIS,2006-02-28,TYMSC,,204.37,51.31,9509,721,1.9262,,EA,ORB
BREEZE-M DEB,2006-006E,32027,DEB,D,CIS,2006-02-28,TYMSC,2016-06-10,91.90,51.51,511,224,0.1124,,EA,IMP
BREEZE-M DEB,2006-006F,32028,DEB,,CIS,2006-02-28,TYMSC,,265.54,51.72,14093,521,0.1314,,EA,ORB
BREEZE-M DEB,2006-006G,32029,DEB,,CIS,2006-02-28,TYMSC,,273.46,51.55,14742,414,0.1670,,EA,ORB
BREEZE-M DEB,2006-006H,32030,DEB,,CIS,2006-02-28,TYMSC,,238.94,51.71,12383,371,0.6680,,EA,ORB
BREEZE-M DEB,2006-006J,32031,DEB,,CIS,2006-02-28,TYMSC,,278.47,51.48,14881,614,0.2999,,EA,ORB
BREEZE-M DEB,2006-006K,32032,DEB,,CIS,2006-02-28,TYMSC,,232.37,51.44,11773,511,0.1330,,EA,ORB
BREEZE-M DEB,2006-006L,32033,DEB,,CIS,2006-02-28,TYMSC,,271.43,51.64,14546,471,0.0394,,EA,ORB
BREEZE-M DEB,2006-006M,32034,DEB,,CIS,2006-02-28,TYMSC,,274.83,51.63,14764,484,0.1426,,EA,ORB
BREEZE-M DEB,2006-006N,32035,DEB,,CIS,2006-02-28,TYMSC,,248.21,50.93,12812,598,0.1286,,EA,ORB
BREEZE-M DEB,2006-006P,32036,DEB,,CIS,2006-02-28,TYMSC,,271.92,51.66,14600,451,0.0436,,EA,ORB
BREEZE-M DEB,2006-006Q,32037,DEB,,CIS,2006-02-28,TYMSC,,244.30,51.63,12742,392,0.0600,,EA,ORB
BREEZE-M DEB,2006-006R,32038,DEB,,CIS,2006-02-28,TYMSC,,271.18,51.68,14571,430,1.4737,,EA,ORB
BREEZE-M DEB,2006-006S,32039,DEB,D,CIS,2006-02-28,TYMSC,2008-01-05,292.94,50.63,16072,393,0.5248,,EA,IMP
BREEZE-M DEB,2006-006T,32040,DEB,,CIS,2006-02-28,TYMSC,,247.40,51.65,12941,411,0.0670,,EA,ORB
BREEZE-M DEB,2006-006U,32041,DEB,,CIS,2006-02-28,TYMSC,,185.66,51.70,8469,335,0.0210,,EA,ORB
BREEZE-M DEB,2006-006V,32042,DEB,,CIS,2006-02-28,TYMSC,,269.92,51.69,14488,426,0.1786,,EA,ORB
BREEZE-M DEB,2006-006W,32043,DEB,,CIS,2006-02-28,TYMSC,,277.19,51.59,14891,517,0.1239,,EA,ORB
BREEZE-M DEB,2006-006X,32044,DEB,,CIS,2006-02-28,TYMSC,,300.09,50.87,15850,1089,0.0249,,EA,ORB
BREEZE-M DEB,2006-006Y,32045,DEB,D,CIS,2006-02-28,TYMSC,2008-01-04,98.83,51.05,1260,145,0.6577,,EA,IMP
BREEZE-M DEB,2006-006Z,32046,DEB,D,CIS,2006-02-28,TYMSC,2008-03-02,94.81,49.99,839,180,0.1395,,EA,IMP
BREEZE-M DEB,2006-006AA,32047,DEB,,CIS,2006-02-28,TYMSC,,220.14,51.49,10935,463,0.1467,,EA,ORB
BREEZE-M DEB,2006-006AB,32481,DEB,,CIS,2006-02-28,TYMSC,,265.96,49.64,13958,685,0.0486,,EA,ORB
BREEZE-M DEB,2006-006AC,32489,DEB,,CIS,2006-02-28,TYMSC,,266.04,50.12,13585,1063,0.0458,,EA,ORB
BREEZE-M DEB,2006-006AD,32490,DEB,,CIS,2006-02-28,TYMSC,,222.20,51.34,11033,515,0.0670,,EA,ORB
BREEZE-M DEB,2006-006AE,32491,DEB,D,CIS,2006-02-28,TYMSC,2016-02-27,163.20,51.45,6720,309,0.0360,,EA,IMP
BREEZE-M DEB,2006-006AF,32492,DEB,,CIS,2006-02-28,TYMSC,,270.23,51.40,14341,594,0.0368,,EA,ORB
BREEZE-M DEB,2006-006AG,32493,DEB,,CIS,2006-02-28,TYMSC,,254.57,51.61,13437,418,0.0506,,EA,ORB
BREEZE-M DEB,2006-006AH,32494,DEB,,CIS,2006-02-28,TYMSC,,271.76,51.62,14573,466,0.0627,,EA,ORB
BREEZE-M DEB,2006-006AJ,32495,DEB,D,CIS,2006-02-28,TYMSC,2015-04-17,92.11,51.51,528,232,0.0470,,EA,IMP
BREEZE-M DEB,2006-006AK,32496,DEB,,CIS,2006-02-28,TYMSC,,255.99,51.70,13512,441,0.0262,,EA,ORB
BREEZE-M DEB,2006-006AL,32497,DEB,,CIS,2006-02-28,TYMSC,,262.21,51.72,13939,445,0.0280,,EA,ORB
BREEZE-M DEB,2006-006AM,32498,DEB,,CIS,2006-02-28,TYMSC,,260.01,51.74,13798,434,0.0260,,EA,ORB
BREEZE-M DEB,2006-006AN,32499,DEB,,CIS,2006-02-28,TYMSC,,239.18,51.66,12380,392,0.0550,,EA,ORB
USA 193 DEB,2006-057C,32502,DEB,D,US,2006-12-14,AFWTR,2008-03-01,90.24,57.33,428,145,0.0385,,EA,IMP
USA 193 DEB,2006-057D,32503,DEB,D,US,2006-12-14,AFWTR,2008-03-28,92.07,58.22,570,182,0.0510,,EA,IMP
USA 193 DEB,2006-057E,32504,DEB,D,US,2006-12-14,AFWTR,2008-03-01,88.10,57.87,220,141,0.0483,,EA,IMP
USA 193 DEB,2006-057F,32505,DEB,D,US,2006-12-14,AFWTR,2008-03-27,88.95,58.39,274,171,0.1350,,EA,IMP
USA 193 DEB,2006-057G,32506,DEB,D,US,2006-12-14,AFWTR,2008-02-29,90.23,58.75,422,149,0.0858,,EA,IMP
USA 193 DEB,2006-057H,32507,DEB,D,US,2006-12-14,AFWTR,2008-03-27,90.93,58.59,450,190,0.0632,,EA,IMP
USA 193 DEB,2006-057J,32508,DEB,D,US,2006-12-14,AFWTR,2008-03-06,91.07,58.38,454,201,0.0242,,EA,IMP
USA 193 DEB,2006-057K,32509,DEB,D,US,2006-12-14,AFWTR,2008-03-18,89.26,58.22,292,184,0.0258,,EA,IMP
USA 193 DEB,2006-057L,32510,DEB,D,US,2006-12-14,AFWTR,2008-05-22,88.12,58.54,193,170,0.0514,,EA,IMP
USA 193 DEB,2006-057M,32511,DEB,D,US,2006-12-14,AFWTR,2008-03-07,89.05,58.35,275,180,0.0185,,EA,IMP
USA 193 DEB,2006-057N,32512,DEB,D,US,2006-12-14,AFWTR,2008-06-14,88.97,58.53,255,192,0.0242,,EA,IMP
USA 193 DEB,2006-057P,32513,DEB,D,US,2006-12-14,AFWTR,2008-02-27,88.12,57.82,192,171,0.0635,,EA,IMP
USA 193 DEB,2006-057Q,32514,DEB,D,US,2006-12-14,AFWTR,2008-03-02,87.79,58.47,177,153,0.0016,,EA,IMP
USA 193 DEB,2006-057R,32515,DEB,D,US,2006-12-14,AFWTR,2008-04-03,89.00,58.70,267,183,0.0423,,EA,IMP
USA 193 DEB,2006-057S,32516,DEB,D,US,2006-12-14,AFWTR,2008-03-01,90.33,58.33,424,158,0.0314,,EA,IMP
USA 193 DEB,2006-057T,32517,DEB,D,US,2006-12-14,AFWTR,2008-03-15,88.72,59.23,234,188,0.1360,,EA,IMP
USA 193 DEB,2006-057U,32518,DEB,D,US,2006-12-14,AFWTR,2008-03-01,88.01,58.48,202,149,0.0465,,EA,IMP
USA 193 DEB,2006-057V,32519,DEB,D,US,2006-12-14,AFWTR,2008-03-17,89.78,58.40,361,166,0.0686,,EA,IMP
USA 193 DEB,2006-057W,32520,DEB,D,US,2006-12-14,AFWTR,2008-03-01,88.05,58.71,182,174,0.0078,,EA,IMP
USA 193 DEB,2006-057X,32521,DEB,D,US,2006-12-14,AFWTR,2008-03-17,90.01,58.62,355,195,0.0301,,EA,IMP
USA 193 DEB,2006-057Y,32522,DEB,D,US,2006-12-14,AFWTR,2008-03-17,88.84,59.19,251,183,0.0570,,EA,IMP
USA 193 DEB,2006-057Z,32523,DEB,D,US,2006-12-14,AFWTR,2008-03-11,88.42,56.53,213,180,0.0122,,EA,IMP
USA 193 DEB,2006-057AA,32524,DEB,D,US,2006-12-14,AFWTR,2008-05-25,88.89,58.76,244,195,0.1134,,EA,IMP
USA 193 DEB,2006-057AB,32525,DEB,D,US,2006-12-14,AFWTR,2008-03-24,88.41,58.47,222,170,0.0490,,EA,IMP
USA 193 DEB,2006-057AC,32526,DEB,D,US,2006-12-14,AFWTR,2008-03-02,88.47,59.38,223,174,0.0155,,EA,IMP
USA 193 DEB,2006-057AD,32527,DEB,D,US,2006-12-14,AFWTR,2008-04-15,88.02,58.09,188,166,0.0674,,EA,IMP
USA 193 DEB,2006-057AE,32528,DEB,D,US,2006-12-14,AFWTR,2008-03-30,88.04,57.99,192,163,0.0540,,EA,IMP
USA 193 DEB,2006-057AF,32529,DEB,D,US,2006-12-14,AFWTR,2008-03-30,88.22,58.31,209,163,0.0477,,EA,IMP
USA 193 DEB,2006-057AG,32530,DEB,D,US,2006-12-14,AFWTR,2008-03-25,87.73,58.25,168,156,0.1071,,EA,IMP
USA 193 DEB,2006-057AH,32531,DEB,D,US,2006-12-14,AFWTR,2008-03-27,87.78,58.17,178,151,0.0373,,EA,IMP
USA 193 DEB,2006-057AJ,32532,DEB,D,US,2006-12-14,AFWTR,2008-05-19,90.69,58.40,449,168,0.0486,,EA,IMP
USA 193 DEB,2006-057AK,32533,DEB,D,US,2006-12-14,AFWTR,2008-03-02,88.64,58.65,233,181,0.2544,,EA,IMP
USA 193 DEB,2006-057AL,32534,DEB,D,US,2006-12-14,AFWTR,2008-03-17,87.72,58.30,169,154,0.1430,,EA,IMP
USA 193 DEB,2006-057AM,32535,DEB,D,US,2006-12-14,AFWTR,2008-03-07,89.69,60.38,315,204,0.0045,,EA,IMP
USA 193 DEB,2006-057AN,32536,DEB,D,US,2006-12-14,AFWTR,2008-03-05,87.95,59.29,207,139,0.0045,,EA,IMP
USA 193 DEB,2006-057AP,32537,DEB,D,US,2006-12-14,AFWTR,2008-03-02,89.74,58.26,311,212,0.0063,,EA,IMP
USA 193 DEB,2006-057AQ,32538,DEB,D,US,2006-12-14,AFWTR,2008-03-27,88.42,58.63,238,155,0.1020,,EA,IMP
USA 193 DEB,2006-057AR,32539,DEB,D,US,2006-12-14,AFWTR,2008-03-11,89.18,58.69,271,196,0.0144,,EA,IMP
USA 193 DEB,2006-057AS,32540,DEB,D,US,2006-12-14,AFWTR,2008-03-30,88.08,58.59,201,159,0.0647,,EA,IMP
USA 193 DEB,2006-057AT,32541,DEB,D,US,2006-12-14,AFWTR,2008-03-04,89.82,58.88,319,212,0.0062,,EA,IMP
USA 193 DEB,2006-057AU,32542,DEB,D,US,2006-12-14,AFWTR,2008-05-03,89.58,58.88,328,180,0.0762,,EA,IMP
USA 193 DEB,2006-057AV,32543,DEB,D,US,2006-12-14,AFWTR,2008-06-13,88.94,58.58,245,199,0.0634,,EA,IMP
USA 193 DEB,2006-057AW,32544,DEB,D,US,2006-12-14,AFWTR,2008-03-07,88.36,58.77,203,184,0.0237,,EA,IMP
USA 193 DEB,2006-057AX,32545,DEB,D,US,2006-12-14,AFWTR,2008-03-18,88.10,58.06,193,168,0.0459,,EA,IMP
USA 193 DEB,2006-057AY,32546,DEB,D,US,2006-12-14,AFWTR,2008-03-01,89.39,58.96,281,208,0.0110,,EA,IMP
USA 193 DEB,2006-057AZ,32578,DEB,D,US,2006-12-14,AFWTR,2008-04-25,87.43,58.39,150,144,0.1290,,EA,IMP
USA 193 DEB,2006-057BA,32579,DEB,D,US,2006-12-14,AFWTR,2008-03-20,87.65,58.64,161,155,0.0872,,EA,IMP
USA 193 DEB,2006-057BB,32580,DEB,D,US,2006-12-14,AFWTR,2008-03-15,88.45,58.17,215,180,0.1226,,EA,IMP
USA 193 DEB,2006-057BC,32581,DEB,D,US,2006-12-14,AFWTR,2008-03-29,88.56,58.44,227,179,0.0850,,EA,IMP
USA 193 DEB,2006-057BD,32582,DEB,D,US,2006-12-14,AFWTR,2008-04-08,88.58,58.65,242,167,0.0970,,EA,IMP
USA 193 DEB,2006-057BE,32583,DEB,D,US,2006-12-14,AFWTR,2008-04-06,88.92,59.15,270,172,0.0724,,EA,IMP
USA 193 DEB,2006-057BF,32584,DEB,D,US,2006-12-14,AFWTR,2008-03-07,87.45,58.54,150,146,0.0427,,EA,IMP
USA 193 DEB,2006-057BG,32585,DEB,D,US,2006-12-14,AFWTR,2008-03-06,88.83,58.34,239,194,0.0168,,EA,IMP
USA 193 DEB,2006-057BH,32586,DEB,D,US,2006-12-14,AFWTR,2008-03-12,88.38,58.92,213,176,0.0044,,EA,IMP
USA 193 DEB,2006-057BJ,32587,DEB,D,US,2006-12-14,AFWTR,2008-03-04,88.04,58.51,189,166,0.0515,,EA,IMP
USA 193 DEB,2006-057BK,32588,DEB,D,US,2006-12-14,AFWTR,2008-03-08,92.10,57.32,582,173,0.0415,,EA,IMP
USA 193 DEB,2006-057BL,32589,DEB,D,US,2006-12-14,AFWTR,2008-03-28,90.44,59.57,390,202,0.0077,,EA,IMP
USA 193 DEB,2006-057BM,32590,DEB,D,US,2006-12-14,AFWTR,2008-03-22,87.74,58.29,172,154,0.0889,,EA,IMP
USA 193 DEB,2006-057BN,32591,DEB,D,US,2006-12-14,AFWTR,2008-04-12,89.42,59.58,316,176,0.0304,,EA,IMP
USA 193 DEB,2006-057BP,32592,DEB,D,US,2006-12-14,AFWTR,2008-03-12,90.90,58.50,468,170,0.0396,,EA,IMP
USA 193 DEB,2006-057BQ,32593,DEB,D,US,2006-12-14,AFWTR,2008-05-06,88.52,58.45,228,175,0.0405,,EA,IMP
USA 193 DEB,2006-057BR,32594,DEB,D,US,2006-12-14,AFWTR,2008-03-28,88.65,58.68,249,166,0.0152,,EA,IMP
USA 193 DEB,2006-057BS,32595,DEB,D,US,2006-12-14,AFWTR,2008-03-22,89.32,58.67,302,179,0.0559,,EA,IMP
USA 193 DEB,2006-057BT,32596,DEB,D,US,2006-12-14,AFWTR,2008-03-26,87.75,58.22,176,150,0.0479,,EA,IMP
USA 193 DEB,2006-057BU,32597,DEB,D,US,2006-12-14,AFWTR,2008-04-09,88.63,58.69,232,181,0.0101,,EA,IMP
USA 193 DEB,2006-057BV,32598,DEB,D,US,2006-12-14,AFWTR,2008-03-16,88.81,58.27,253,179,0.0155,,EA,IMP
USA 193 DEB,2006-057BW,32599,DEB,D,US,2006-12-14,AFWTR,2008-03-23,88.26,59.12,210,167,0.0331,,EA,IMP
USA 193 DEB,2006-057BX,32600,DEB,D,US,2006-12-14,AFWTR,2008-03-16,88.66,59.38,252,165,0.0104,,EA,IMP
USA 193 DEB,2006-057BY,32601,DEB,D,US,2006-12-14,AFWTR,2008-08-30,88.88,58.50,254,184,0.1134,,EA,IMP
USA 193 DEB,2006-057BZ,32602,DEB,D,US,2006-12-14,AFWTR,2008-05-30,88.62,57.22,253,160,0.0334,,EA,IMP
USA 193 DEB,2006-057CA,32603,DEB,D,US,2006-12-14,AFWTR,2008-03-10,88.82,58.66,284,149,0.0710,,EA,IMP
USA 193 DEB,2006-057CB,32604,DEB,D,US,2006-12-14,AFWTR,2008-06-08,88.65,58.46,230,186,0.0214,,EA,IMP
USA 193 DEB,2006-057CC,32605,DEB,D,US,2006-12-14,AFWTR,2008-04-07,88.59,58.59,241,169,0.0361,,EA,IMP
USA 193 DEB,2006-057CD,32606,DEB,D,US,2006-12-14,AFWTR,2008-04-08,89.11,58.50,281,181,0.0406,,EA,IMP
USA 193 DEB,2006-057CE,32607,DEB,D,US,2006-12-14,AFWTR,2008-03-12,87.08,58.27,136,123,0.0209,,EA,IMP
USA 193 DEB,2006-057CF,32608,DEB,D,US,2006-12-14,AFWTR,2008-05-04,87.68,58.52,166,154,0.0380,,EA,IMP
USA 193 DEB,2006-057CG,32609,DEB,D,US,2006-12-14,AFWTR,2008-03-09,87.51,58.55,159,144,0.0870,,EA,IMP
USA 193 DEB,2006-057CH,32610,DEB,D,US,2006-12-14,AFWTR,2008-03-04,88.41,57.92,207,184,,,EA,IMP
USA 193 DEB,2006-057CJ,32611,DEB,D,US,2006-12-14,AFWTR,2008-03-12,87.62,58.16,167,146,0.0297,,EA,IMP
USA 193 DEB,2006-057CK,32612,DEB,D,US,2006-12-14,AFWTR,2008-04-09,87.44,58.39,153,142,0.0459,,EA,IMP
USA 193 DEB,2006-057CL,32613,DEB,D,US,2006-12-14,AFWTR,2008-03-20,88.90,58.14,250,191,0.0346,,EA,IMP
USA 193 DEB,2006-057CM,32614,DEB,D,US,2006-12-14,AFWTR,2008-03-12,87.88,58.31,174,165,0.0096,,EA,IMP
USA 193 DEB,2006-057CN,32615,DEB,D,US,2006-12-14,AFWTR,2008-03-13,88.00,58.68,181,170,0.0314,,EA,IMP
USA 193 DEB,2006-057CP,32616,DEB,D,US,2006-12-14,AFWTR,2008-03-22,87.46,58.62,153,144,0.0831,,EA,IMP
USA 193 DEB,2006-057CQ,32617,DEB,D,US,2006-12-14,AFWTR,2008-03-13,87.18,58.61,144,125,0.0312,,EA,IMP
USA 193 DEB,2006-057CR,32618,DEB,D,US,2006-12-14,AFWTR,2008-03-08,87.53,58.28,156,148,0.1646,,EA,IMP
USA 193 DEB,2006-057CS,32619,DEB,D,US,2006-12-14,AFWTR,2008-03-30,89.32,56.65,294,188,0.0460,,EA,IMP
USA 193 DEB,2006-057CT,32620,DEB,D,US,2006-12-14,AFWTR,2008-03-29,90.90,58.26,464,174,0.0109,,EA,IMP
USA 193 DEB,2006-057CU,32621,DEB,D,US,2006-12-14,AFWTR,2008-03-11,91.10,58.88,450,208,0.0136,,EA,IMP
USA 193 DEB,2006-057CV,32622,DEB,D,US,2006-12-14,AFWTR,2008-03-25,88.59,59.49,236,174,0.0281,,EA,IMP
USA 193 DEB,2006-057CW,32623,DEB,D,US,2006-12-14,AFWTR,2008-03-12,88.25,60.32,226,150,0.0044,,EA,IMP
USA 193 DEB,2006-057CX,32624,DEB,D,US,2006-12-14,AFWTR,2008-03-04,87.65,58.27,170,147,0.0417,,EA,IMP
USA 193 DEB,2006-057CY,32625,DEB,D,US,2006-12-14,AFWTR,2008-03-17,94.44,57.54,804,180,0.0226,,EA,IMP
USA 193 DEB,2006-057CZ,32626,DEB,D,US,2006-12-14,AFWTR,2008-05-03,87.16,58.37,140,127,0.1289,,EA,IMP
USA 193 DEB,2006-057DA,32627,DEB,D,US,2006-12-14,AFWTR,2008-03-10,88.72,58.31,235,188,0.0154,,EA,IMP
USA 193 DEB,2006-057DB,32628,DEB,D,US,2006-12-14,AFWTR,2008-03-29,87.58,58.73,160,149,0.0475,,EA,IMP
USA 193 DEB,2006-057DC,32629,DEB,D,US,2006-12-14,AFWTR,2008-03-29,88.71,58.05,250,172,0.0090,,EA,IMP
USA 193 DEB,2006-057DD,32630,DEB,D,US,2006-12-14,AFWTR,2008-03-10,88.91,58.41,245,196,0.0079,,EA,IMP
USA 193 DEB,2006-057DE,32631,DEB,D,US,2006-12-14,AFWTR,2008-03-04,89.19,58.86,276,194,0.1692,,EA,IMP
USA 193 DEB,2006-057DF,32632,DEB,D,US,2006-12-14,AFWTR,2008-03-25,88.53,58.71,245,158,0.0723,,EA,IMP
USA 193 DEB,2006-057DG,32633,DEB,D,US,2006-12-14,AFWTR,2008-03-06,89.56,60.41,323,182,0.0088,,EA,IMP
USA 193 DEB,2006-057DH,32634,DEB,D,US,2006-12-14,AFWTR,2008-03-24,88.02,58.25,191,162,0.0219,,EA,IMP
USA 193 DEB,2006-057DJ,32635,DEB,D,US,2006-12-14,AFWTR,2008-03-10,87.82,58.70,170,163,0.0343,,EA,IMP
USA 193 DEB,2006-057DK,32636,DEB,D,US,2006-12-14,AFWTR,2008-03-06,88.28,57.43,204,175,0.0115,,EA,IMP
USA 193 DEB,2006-057DL,32637,DEB,D,US,2006-12-14,AFWTR,2008-03-07,88.08,58.54,193,167,0.0184,,EA,IMP
USA 193 DEB,2006-057DM,32638,DEB,D,US,2006-12-14,AFWTR,2008-03-17,87.74,58.31,165,160,0.0166,,EA,IMP
USA 193 DEB,2006-057DN,32639,DEB,D,US,2006-12-14,AFWTR,2008-03-24,88.06,57.92,191,166,0.0061,,EA,IMP
USA 193 DEB,2006-057DP,32640,DEB,D,US,2006-12-14,AFWTR,2008-03-26,88.70,55.80,252,168,0.0084,,EA,IMP
USA 193 DEB,2006-057DQ,32641,DEB,D,US,2006-12-14,AFWTR,2008-03-07,90.31,58.51,388,191,0.0349,,EA,IMP
USA 193 DEB,2006-057DR,32642,DEB,D,US,2006-12-14,AFWTR,2008-04-11,88.90,56.50,256,184,0.0173,,EA,IMP
USA 193 DEB,2006-057DS,32643,DEB,D,US,2006-12-14,AFWTR,2008-03-08,88.44,58.26,214,181,0.0026,,EA,IMP
USA 193 DEB,2006-057DT,32644,DEB,D,US,2006-12-14,AFWTR,2008-03-05,89.39,59.75,295,194,0.0384,,EA,IMP
USA 193 DEB,2006-057DU,32645,DEB,D,US,2006-12-14,AFWTR,2008-03-05,88.14,58.18,202,163,,,EA,IMP
USA 193 DEB,2006-057DV,32646,DEB,D,US,2006-12-14,AFWTR,2008-06-22,88.23,57.40,211,163,0.0170,,EA,IMP
USA 193 DEB,2006-057DW,32647,DEB,D,US,2006-12-14,AFWTR,2008-03-06,88.50,58.36,217,184,0.0183,,EA,IMP
USA 193 DEB,2006-057DX,32648,DEB,D,US,2006-12-14,AFWTR,2008-03-05,88.17,58.68,193,175,,,EA,IMP
USA 193 DEB,2006-057DY,32649,DEB,D,US,2006-12-14,AFWTR,2008-03-20,88.25,58.33,207,169,0.0211,,EA,IMP
USA 193 DEB,2006-057DZ,32650,DEB,D,US,2006-12-14,AFWTR,2008-06-19,87.54,58.19,159,147,0.1350,,EA,IMP
USA 193 DEB,2006-057EA,32651,DEB,D,US,2006-12-14,AFWTR,2008-05-08,88.52,58.66,227,176,0.0075,,EA,IMP
USA 193 DEB,2006-057EB,32652,DEB,D,US,2006-12-14,AFWTR,2008-03-17,89.42,58.94,296,196,0.0043,,EA,IMP
USA 193 DEB,2006-057EC,32653,DEB,D,US,2006-12-14,AFWTR,2008-03-15,92.03,58.97,526,222,0.0025,,EA,IMP
USA 193 DEB,2006-057ED,32654,DEB,D,US,2006-12-14,AFWTR,2008-03-15,89.30,59.37,286,194,0.0010,,EA,IMP
USA 193 DEB,2006-057EE,32655,DEB,D,US,2006-12-14,AFWTR,2008-04-09,89.36,57.91,292,195,0.0018,,EA,IMP
USA 193 DEB,2006-057EF,32656,DEB,D,US,2006-12-14,AFWTR,2008-03-26,88.44,56.70,219,176,0.0039,,EA,IMP
USA 193 DEB,2006-057EG,32657,DEB,D,US,2006-12-14,AFWTR,2008-10-09,88.32,57.62,207,175,0.0171,,EA,IMP
USA 193 DEB,2006-057EH,32658,DEB,D,US,2006-12-14,AFWTR,2008-03-08,89.03,59.39,259,194,0.0102,,EA,IMP
USA 193 DEB,2006-057EJ,32659,DEB,D,US,2006-12-14,AFWTR,2008-03-14,89.03,57.69,270,182,0.0430,,EA,IMP
USA 193 DEB,2006-057EK,32660,DEB,D,US,2006-12-14,AFWTR,2008-04-24,88.85,57.66,258,177,0.0410,,EA,IMP
USA 193 DEB,2006-057EL,32661,DEB,D,US,2006-12-14,AFWTR,2008-03-10,88.22,58.27,198,175,0.0251,,EA,IMP
USA 193 DEB,2006-057EM,32662,DEB,D,US,2006-12-14,AFWTR,2008-03-06,89.51,59.71,318,183,,,EA,IMP
USA 193 DEB,2006-057EN,32663,DEB,D,US,2006-12-14,AFWTR,2008-03-11,88.55,58.70,224,181,0.0237,,EA,IMP
USA 193 DEB,2006-057EP,32664,DEB,D,US,2006-12-14,AFWTR,2008-04-06,90.23,58.94,375,196,0.0471,,EA,IMP
USA 193 DEB,2006-057EQ,32665,DEB,D,US,2006-12-14,AFWTR,2008-04-01,89.65,58.63,323,192,0.0034,,EA,IMP
USA 193 DEB,2006-057ER,32666,DEB,D,US,2006-12-14,AFWTR,2008-03-12,87.96,58.19,181,167,0.1930,,EA,IMP
USA 193 DEB,2006-057ES,32667,DEB,D,US,2006-12-14,AFWTR,2008-03-19,88.68,57.71,243,176,0.0068,,EA,IMP
USA 193 DEB,2006-057ET,32668,DEB,D,US,2006-12-14,AFWTR,2008-04-02,87.59,58.26,160,150,0.1117,,EA,IMP
USA 193 DEB,2006-057EU,32669,DEB,D,US,2006-12-14,AFWTR,2008-03-27,88.05,58.62,188,169,0.0170,,EA,IMP
USA 193 DEB,2006-057EV,32670,DEB,D,US,2006-12-14,AFWTR,2008-03-08,89.20,57.80,268,202,0.0059,,EA,IMP
USA 193 DEB,2006-057EW,32671,DEB,D,US,2006-12-14,AFWTR,2008-04-09,88.43,58.02,231,163,0.0240,,EA,IMP
USA 193 DEB,2006-057EX,32672,DEB,D,US,2006-12-14,AFWTR,2008-04-03,89.25,56.45,284,191,0.0027,,EA,IMP
USA 193 DEB,2006-057EY,32673,DEB,D,US,2006-12-14,AFWTR,2008-03-31,88.27,58.77,224,154,0.0027,,EA,IMP
USA 193 DEB,2006-057EZ,32674,DEB,D,US,2006-12-14,AFWTR,2008-03-07,88.07,58.40,196,162,0.0488,,EA,IMP
USA 193 DEB,2006-057FA,32675,DEB,D,US,2006-12-14,AFWTR,2008-05-08,87.72,58.50,170,154,0.0271,,EA,IMP
USA 193 DEB,2006-057FB,32676,DEB,D,US,2006-12-14,AFWTR,2008-03-21,87.23,58.64,149,125,0.0554,,EA,IMP
USA 193 DEB,2006-057FC,32677,DEB,D,US,2006-12-14,AFWTR,2008-03-20,87.73,58.76,165,159,0.0158,,EA,IMP
USA 193 DEB,2006-057FD,32678,DEB,D,US,2006-12-14,AFWTR,2008-03-14,88.13,58.14,197,167,0.0120,,EA,IMP
USA 193 DEB,2006-057FE,32679,DEB,D,US,2006-12-14,AFWTR,2008-04-17,89.12,57.95,284,178,0.0037,,EA,IMP
USA 193 DEB,2006-057FF,32680,DEB,D,US,2006-12-14,AFWTR,2008-03-17,90.55,57.71,411,192,0.0024,,EA,IMP
USA 193 DEB,2006-057FG,32681,DEB,D,US,2006-12-14,AFWTR,2008-04-02,89.39,58.43,300,188,0.0325,,EA,IMP
USA 193 DEB,2006-057FH,32682,DEB,D,US,2006-12-14,AFWTR,2008-03-21,90.57,56.61,398,207,0.0053,,EA,IMP
USA 193 DEB,2006-057FJ,32683,DEB,D,US,2006-12-14,AFWTR,2008-03-28,88.09,58.39,200,159,0.0404,,EA,IMP
USA 193 DEB,2006-057FK,32684,DEB,D,US,2006-12-14,AFWTR,2008-03-15,90.45,59.93,381,212,0.0029,,EA,IMP
USA 193 DEB,2006-057FL,32685,DEB,D,US,2006-12-14,AFWTR,2008-05-21,88.96,57.64,266,179,0.0080,,EA,IMP
USA 193 DEB,2006-057FM,32688,DEB,D,US,2006-12-14,AFWTR,2008-03-15,87.71,58.66,165,157,0.0310,,EA,IMP
USA 193 DEB,2006-057FN,32689,DEB,D,US,2006-12-14,AFWTR,2008-04-01,88.27,58.86,199,179,0.0020,,EA,IMP
USA 193 DEB,2006-057FP,32690,DEB,D,US,2006-12-14,AFWTR,2008-03-15,88.53,56.03,228,175,0.0038,,EA,IMP
USA 193 DEB,2006-057FQ,32691,DEB,D,US,2006-12-14,AFWTR,2008-03-31,91.28,58.60,484,191,0.0026,,EA,IMP
USA 193 DEB,2006-057FR,32692,DEB,D,US,2006-12-14,AFWTR,2008-03-12,88.44,58.27,224,171,0.0047,,EA,IMP
USA 193 DEB,2006-057FS,32693,DEB,D,US,2006-12-14,AFWTR,2008-03-13,87.74,58.60,167,158,0.0100,,EA,IMP
USA 193 DEB,2006-057FT,32694,DEB,D,US,2006-12-14,AFWTR,2008-03-14,89.40,58.60,281,209,0.0025,,EA,IMP
USA 193 DEB,2006-057FU,32695,DEB,D,US,2006-12-14,AFWTR,2008-04-21,89.84,58.86,345,188,0.0072,,EA,IMP
USA 193 DEB,2006-057FV,32696,DEB,D,US,2006-12-14,AFWTR,2008-04-05,88.65,57.50,253,162,0.0116,,EA,IMP
USA 193 DEB,2006-057FW,32697,DEB,D,US,2006-12-14,AFWTR,2008-03-29,90.17,57.66,362,203,0.0054,,EA,IMP
USA 193 DEB,2006-057FX,32698,DEB,D,US,2006-12-14,AFWTR,2008-04-18,93.86,58.02,744,182,0.0320,,EA,IMP
USA 193 DEB,2006-057FY,32700,DEB,D,US,2006-12-14,AFWTR,2008-03-19,88.79,58.24,263,165,0.0966,,EA,IMP
USA 193 DEB,2006-057FZ,32701,DEB,D,US,2006-12-14,AFWTR,2008-03-11,90.35,57.70,371,212,0.0023,,EA,IMP
USA 193 DEB,2006-057GA,32702,DEB,D,US,2006-12-14,AFWTR,2008-03-18,91.92,58.32,539,198,0.0205,,EA,IMP
USA 193 DEB,2006-057GB,32703,DEB,D,US,2006-12-14,AFWTR,2008-03-14,88.17,58.70,205,163,0.0030,,EA,IMP
USA 193 DEB,2006-057GC,32704,DEB,D,US,2006-12-14,AFWTR,2008-03-14,90.78,60.49,419,207,0.0079,,EA,IMP
COSMOS 2421 DEB,2006-026C,32710,DEB,D,CIS,2006-06-25,TYMSC,2008-04-20,89.75,65.03,276,247,0.0550,,EA,IMP
USA 193 DEB,2006-057GD,32714,DEB,D,US,2006-12-14,AFWTR,2008-03-23,89.19,58.65,287,181,0.0010,,EA,IMP
COSMOS 2421 DEB,2006-026D,32715,DEB,D,CIS,2006-06-25,TYMSC,2008-05-04,90.07,65.02,292,264,0.0688,,EA,IMP
COSMOS 2421 DEB,2006-026E,32716,DEB,D,CIS,2006-06-25,TYMSC,2008-04-19,89.05,64.99,239,216,0.0530,,EA,IMP
COSMOS 2421 DEB,2006-026F,32717,DEB,D,CIS,2006-06-25,TYMSC,2008-04-09,88.90,65.05,225,215,0.0593,,EA,IMP
COSMOS 2421 DEB,2006-026G,32718,DEB,D,CIS,2006-06-25,TYMSC,2008-09-09,87.82,65.10,173,160,0.0500,,EA,IMP
COSMOS 2421 DEB,2006-026H,32719,DEB,D,CIS,2006-06-25,TYMSC,2008-04-22,87.76,65.06,175,153,0.0753,,EA,IMP
COSMOS 2421 DEB,2006-026J,32720,DEB,D,CIS,2006-06-25,TYMSC,2008-09-21,89.91,65.19,280,261,0.0744,,EA,IMP
COSMOS 2421 DEB,2006-026K,32721,DEB,D,CIS,2006-06-25,TYMSC,2010-03-10,88.04,65.10,181,175,0.0290,,EA,IMP
COSMOS 2421 DEB,2006-026L,32722,DEB,D,CIS,2006-06-25,TYMSC,2008-05-08,89.22,65.04,248,223,0.0180,,EA,IMP
COSMOS 2421 DEB,2006-026M,32723,DEB,D,CIS,2006-06-25,TYMSC,2008-05-02,90.03,65.01,291,261,0.0435,,EA,IMP
COSMOS 2421 DEB,2006-026N,32724,DEB,D,CIS,2006-06-25,TYMSC,2008-05-01,89.58,65.03,269,238,0.0212,,EA,IMP
COSMOS 2421 DEB,2006-026P,32725,DEB,D,CIS,2006-06-25,TYMSC,2008-03-20,91.54,65.15,374,326,0.0469,,EA,IMP
COSMOS 2421 DEB,2006-026Q,32726,DEB,D,CIS,2006-06-25,TYMSC,2008-03-28,89.06,65.16,243,213,0.1130,,EA,IMP
COSMOS 2421 DEB,2006-026R,32727,DEB,D,CIS,2006-06-25,TYMSC,2008-03-25,88.15,64.91,191,175,0.0447,,EA,IMP
COSMOS 2421 DEB,2006-026S,32728,DEB,D,CIS,2006-06-25,TYMSC,2008-03-21,88.89,64.97,239,201,0.0276,,EA,IMP
USA 193 DEB,2006-057GE,32731,DEB,D,US,2006-12-14,AFWTR,2008-03-25,88.94,58.42,242,202,0.0009,,EA,IMP
COSMOS 2421 DEB,2006-026T,32732,DEB,D,CIS,2006-06-25,TYMSC,2008-05-20,89.55,64.98,260,245,0.0250,,EA,IMP
COSMOS 2421 DEB,2006-026U,32733,DEB,D,CIS,2006-06-25,TYMSC,2008-04-05,89.12,65.01,244,218,0.0051,,EA,IMP
COSMOS 2421 DEB,2006-026V,32734,DEB,D,CIS,2006-06-25,TYMSC,2008-09-17,89.28,65.82,247,231,0.0348,,EA,IMP
COSMOS 2421 DEB,2006-026W,32735,DEB,D,CIS,2006-06-25,TYMSC,2008-08-14,90.42,65.02,313,277,0.0469,,EA,IMP
COSMOS 2421 DEB,2006-026X,32736,DEB,D,CIS,2006-06-25,TYMSC,2008-05-12,88.68,65.02,217,201,0.0258,,EA,IMP
COSMOS 2421 DEB,2006-026Y,32737,DEB,D,CIS,2006-06-25,TYMSC,2008-06-28,91.95,65.27,391,350,0.0043,,EA,IMP
COSMOS 2421 DEB,2006-026Z,32738,DEB,D,CIS,2006-06-25,TYMSC,2008-04-12,89.73,65.04,274,249,0.0205,,EA,IMP
COSMOS 2421 DEB,2006-026AA,32739,DEB,D,CIS,2006-06-25,TYMSC,2008-04-13,89.31,65.04,254,228,0.0190,,EA,IMP
COSMOS 2421 DEB,2006-026AB,32740,DEB,D,CIS,2006-06-25,TYMSC,2008-04-13,89.35,65.03,254,231,0.0360,,EA,IMP
COSMOS 2421 DEB,2006-026AC,32741,DEB,D,CIS,2006-06-25,TYMSC,2009-08-31,88.15,65.23,197,169,0.0380,,EA,IMP
COSMOS 2421 DEB,2006-026AD,32742,DEB,D,CIS,2006-06-25,TYMSC,2008-04-15,90.21,64.99,305,264,0.0374,,EA,IMP
COSMOS 2421 DEB,2006-026AE,32743,DEB,D,CIS,2006-06-25,TYMSC,2008-04-19,90.17,65.03,308,257,0.0233,,EA,IMP
COSMOS 2421 DEB,2006-026AF,32744,DEB,D,CIS,2006-06-25,TYMSC,2008-05-05,89.79,64.98,282,247,0.0410,,EA,IMP
COSMOS 2421 DEB,2006-026AG,32745,DEB,D,CIS,2006-06-25,TYMSC,2009-01-07,89.36,65.27,252,234,0.0591,,EA,IMP
COSMOS 2421 DEB,2006-026AH,32746,DEB,D,CIS,2006-06-25,TYMSC,2008-04-17,89.88,65.03,281,255,0.0353,,EA,IMP
COSMOS 2421 DEB,2006-026AJ,32747,DEB,D,CIS,2006-06-25,TYMSC,2008-04-09,88.88,64.99,237,201,0.0079,,EA,IMP
COSMOS 2421 DEB,2006-026AK,32748,DEB,D,CIS,2006-06-25,TYMSC,2008-04-29,90.80,65.24,330,297,0.0210,,EA,IMP
USA 193 DEB,2006-057GF,32749,DEB,D,US,2006-12-14,AFWTR,2008-03-27,88.28,58.31,207,172,0.0032,,EA,IMP
COSMOS 2421 DEB,2006-026AL,32752,DEB,D,CIS,2006-06-25,TYMSC,2008-06-01,89.85,65.03,275,259,0.0021,,EA,IMP
COSMOS 2421 DEB,2006-026AM,32753,DEB,D,CIS,2006-06-25,TYMSC,2008-04-24,90.25,64.96,301,272,0.0350,,EA,IMP
COSMOS 2421 DEB,2006-026AN,32754,DEB,D,CIS,2006-06-25,TYMSC,2008-04-14,89.60,65.03,266,243,0.0314,,EA,IMP
USA 193 DEB,2006-057GG,32755,DEB,D,US,2006-12-14,AFWTR,2008-03-31,90.47,58.78,391,205,0.0027,,EA,IMP
COSMOS 2421 DEB,2006-026AP,32758,DEB,D,CIS,2006-06-25,TYMSC,2008-04-27,90.76,65.00,325,299,0.0026,,EA,IMP
COSMOS 2421 DEB,2006-026AQ,32759,DEB,D,CIS,2006-06-25,TYMSC,2008-07-09,89.79,65.03,280,248,0.0103,,EA,IMP
COSMOS 2421 DEB,2006-026AR,32760,DEB,D,CIS,2006-06-25,TYMSC,2008-05-03,91.52,65.03,369,329,0.0030,,EA,IMP
COSMOS 2421 DEB,2006-026AS,32761,DEB,D,CIS,2006-06-25,TYMSC,2008-04-15,88.45,65.01,217,178,0.0065,,EA,IMP
COSMOS 2421 DEB,2006-026AT,32762,DEB,D,CIS,2006-06-25,TYMSC,2008-04-16,89.32,65.07,257,225,0.0004,,EA,IMP
COSMOS 2421 DEB,2006-026AU,32793,DEB,D,CIS,2006-06-25,TYMSC,2008-05-08,90.88,65.05,333,303,0.0029,,EA,IMP
COSMOS 2421 DEB,2006-026CX,32795,DEB,D,CIS,2006-06-25,TYMSC,2008-07-13,91.88,65.10,388,346,0.0309,,EA,IMP
COSMOS 2421 DEB,2006-026AV,32796,DEB,D,CIS,2006-06-25,TYMSC,2008-05-05,90.09,65.04,293,265,0.0014,,EA,IMP
COSMOS 2421 DEB,2006-026AW,32798,DEB,D,CIS,2006-06-25,TYMSC,2008-06-20,89.97,65.02,287,259,0.0301,,EA,IMP
COSMOS 2421 DEB,2006-026AX,32799,DEB,D,CIS,2006-06-25,TYMSC,2009-10-09,87.84,65.02,173,162,0.0320,,EA,IMP
COSMOS 2421 DEB,2006-026AY,32800,DEB,D,CIS,2006-06-25,TYMSC,2008-08-22,88.88,64.96,226,213,0.0310,,EA,IMP
COSMOS 2421 DEB,2006-026AZ,32801,DEB,D,CIS,2006-06-25,TYMSC,2010-04-06,88.56,65.09,224,182,0.0900,,EA,IMP
COSMOS 2421 DEB,2006-026BA,32802,DEB,D,CIS,2006-06-25,TYMSC,2008-10-28,89.52,65.05,256,245,0.0300,,EA,IMP
COSMOS 2421 DEB,2006-026BB,32803,DEB,D,CIS,2006-06-25,TYMSC,2008-06-30,90.95,65.11,334,308,0.0400,,EA,IMP
COSMOS 2421 DEB,2006-026BC,32804,DEB,D,CIS,2006-06-25,TYMSC,2008-07-19,89.98,65.03,290,257,0.0210,,EA,IMP
COSMOS 2421 DEB,2006-026BD,32805,DEB,D,CIS,2006-06-25,TYMSC,2008-09-06,89.25,65.05,251,224,0.0557,,EA,IMP
COSMOS 2421 DEB,2006-026BE,32806,DEB,D,CIS,2006-06-25,TYMSC,2008-07-02,89.70,65.09,276,242,0.0362,,EA,IMP
COSMOS 2421 DEB,2006-026BF,32807,DEB,D,CIS,2006-06-25,TYMSC,2008-08-13,89.90,65.13,281,258,0.0096,,EA,IMP
COSMOS 2421 DEB,2006-026BG,32808,DEB,D,CIS,2006-06-25,TYMSC,2009-04-25,89.84,65.33,275,258,0.0452,,EA,IMP
COSMOS 2421 DEB,2006-026BH,32809,DEB,D,CIS,2006-06-25,TYMSC,2008-06-09,89.78,63.80,272,256,0.0190,,EA,IMP
COSMOS 2421 DEB,2006-026BJ,32810,DEB,D,CIS,2006-06-25,TYMSC,2011-02-19,90.33,65.71,308,273,0.0528,,EA,IMP
COSMOS 2421 DEB,2006-026BK,32811,DEB,D,CIS,2006-06-25,TYMSC,2008-07-08,89.92,65.10,288,252,0.0170,,EA,IMP
COSMOS 2421 DEB,2006-026BL,32812,DEB,D,CIS,2006-06-25,TYMSC,2008-08-23,88.64,64.99,212,203,0.0424,,EA,IMP
COSMOS 2421 DEB,2006-026BM,32813,DEB,D,CIS,2006-06-25,TYMSC,2008-09-21,89.65,65.05,270,245,0.0147,,EA,IMP
COSMOS 2421 DEB,2006-026BN,32814,DEB,D,CIS,2006-06-25,TYMSC,2009-01-15,89.08,65.13,232,226,0.0300,,EA,IMP
COSMOS 2421 DEB,2006-026BP,32815,DEB,D,CIS,2006-06-25,TYMSC,2008-06-19,89.87,65.06,280,257,0.0340,,EA,IMP
COSMOS 2421 DEB,2006-026BQ,32816,DEB,D,CIS,2006-06-25,TYMSC,2008-06-19,88.87,65.11,232,205,0.0461,,EA,IMP
COSMOS 2421 DEB,2006-026BR,32817,DEB,D,CIS,2006-06-25,TYMSC,2008-06-11,89.79,65.07,278,250,0.0210,,EA,IMP
COSMOS 2421 DEB,2006-026BS,32818,DEB,D,CIS,2006-06-25,TYMSC,2011-01-11,88.02,65.02,181,172,0.0310,,EA,IMP
COSMOS 2421 DEB,2006-026BT,32819,DEB,D,CIS,2006-06-25,TYMSC,2008-08-07,89.15,65.03,245,220,0.0140,,EA,IMP
COSMOS 2421 DEB,2006-026BU,32820,DEB,D,CIS,2006-06-25,TYMSC,2009-01-03,89.15,65.06,241,224,0.0330,,EA,IMP
COSMOS 2421 DEB,2006-026BV,32821,DEB,D,CIS,2006-06-25,TYMSC,2008-09-12,87.99,65.02,179,170,0.0550,,EA,IMP
COSMOS 2421 DEB,2006-026BW,32822,DEB,D,CIS,2006-06-25,TYMSC,2008-08-14,89.44,64.97,257,236,0.0389,,EA,IMP
COSMOS 2421 DEB,2006-026BX,32823,DEB,D,CIS,2006-06-25,TYMSC,2008-09-02,89.33,64.97,254,229,0.0350,,EA,IMP
COSMOS 2421 DEB,2006-026BY,32824,DEB,D,CIS,2006-06-25,TYMSC,2008-07-14,89.02,64.95,243,209,0.0248,,EA,IMP
COSMOS 2421 DEB,2006-026BZ,32825,DEB,D,CIS,2006-06-25,TYMSC,2008-09-04,89.47,64.98,259,237,0.0260,,EA,IMP
COSMOS 2421 DEB,2006-026CA,32826,DEB,D,CIS,2006-06-25,TYMSC,2008-05-27,90.16,65.01,288,277,0.0040,,EA,IMP
COSMOS 2421 DEB,2006-026CB,32827,DEB,D,CIS,2006-06-25,TYMSC,2008-06-20,89.70,64.63,274,245,0.1782,,EA,IMP
COSMOS 2421 DEB,2006-026CC,32828,DEB,D,CIS,2006-06-25,TYMSC,2008-11-13,89.10,65.10,242,218,0.0320,,EA,IMP
COSMOS 2421 DEB,2006-026CD,32829,DEB,D,CIS,2006-06-25,TYMSC,2009-02-18,89.00,65.17,236,214,0.0280,,EA,IMP
COSMOS 2421 DEB,2006-026CE,32830,DEB,D,CIS,2006-06-25,TYMSC,2010-03-28,87.49,65.13,159,142,0.0613,,EA,IMP
COSMOS 2421 DEB,2006-026CF,32831,DEB,D,CIS,2006-06-25,TYMSC,2008-09-18,90.30,65.22,314,265,0.0420,,EA,IMP
COSMOS 2421 DEB,2006-026CG,32832,DEB,D,CIS,2006-06-25,TYMSC,2009-02-02,88.37,64.92,197,191,0.0460,,EA,IMP
COSMOS 2421 DEB,2006-026CH,32833,DEB,D,CIS,2006-06-25,TYMSC,2010-11-11,89.11,65.34,233,229,0.0282,,EA,IMP
COSMOS 2421 DEB,2006-026CJ,32834,DEB,D,CIS,2006-06-25,TYMSC,2011-04-01,90.60,65.96,334,273,0.0420,,EA,IMP
COSMOS 2421 DEB,2006-026CK,32835,DEB,D,CIS,2006-06-25,TYMSC,2008-06-05,89.72,64.88,274,247,0.0582,,EA,IMP
COSMOS 2421 DEB,2006-026CL,32836,DEB,D,CIS,2006-06-25,TYMSC,2008-05-19,88.55,64.67,219,187,0.0088,,EA,IMP
COSMOS 2421 DEB,2006-026CM,32837,DEB,D,CIS,2006-06-25,TYMSC,2008-06-16,89.99,65.07,288,259,0.0367,,EA,IMP
COSMOS 2421 DEB,2006-026CN,32838,DEB,D,CIS,2006-06-25,TYMSC,2008-08-01,88.72,65.09,223,199,0.0400,,EA,IMP
COSMOS 2421 DEB,2006-026CP,32839,DEB,D,CIS,2006-06-25,TYMSC,2008-07-09,91.52,65.14,376,323,0.0395,,EA,IMP
COSMOS 2421 DEB,2006-026CQ,32840,DEB,D,CIS,2006-06-25,TYMSC,2008-11-23,89.51,65.60,262,238,0.0273,,EA,IMP
COSMOS 2421 DEB,2006-026CR,32841,DEB,D,CIS,2006-06-25,TYMSC,2008-12-07,89.21,64.50,243,228,0.0390,,EA,IMP
COSMOS 2421 DEB,2006-026CS,32842,DEB,D,CIS,2006-06-25,TYMSC,2009-02-05,89.38,64.98,249,239,0.0340,,EA,IMP
COSMOS 2421 DEB,2006-026CT,32843,DEB,D,CIS,2006-06-25,TYMSC,2009-06-21,88.06,65.05,188,169,0.0520,,EA,IMP
COSMOS 2421 DEB,2006-026CU,32844,DEB,D,CIS,2006-06-25,TYMSC,2008-06-03,89.65,65.10,271,243,0.0250,,EA,IMP
COSMOS 2421 DEB,2006-026CV,32845,DEB,D,CIS,2006-06-25,TYMSC,2008-06-19,89.39,65.02,261,227,0.0350,,EA,IMP
COSMOS 2421 DEB,2006-026CW,32846,DEB,D,CIS,2006-06-25,TYMSC,2009-01-27,88.10,64.92,185,176,0.0610,,EA,IMP
COSMOS 2421 DEB,2006-026CY,32849,DEB,D,CIS,2006-06-25,TYMSC,2008-06-27,90.17,65.07,302,263,0.0137,,EA,IMP
COSMOS 2421 DEB,2006-026CZ,32850,DEB,D,CIS,2006-06-25,TYMSC,2008-07-04,90.99,65.11,344,302,0.0153,,EA,IMP
COSMOS 2421 DEB,2006-026DA,32851,DEB,D,CIS,2006-06-25,TYMSC,2008-06-26,89.23,65.07,256,217,0.0302,,EA,IMP
COSMOS 2421 DEB,2006-026DB,32852,DEB,D,CIS,2006-06-25,TYMSC,2008-06-25,90.18,65.09,302,264,0.0335,,EA,IMP
COSMOS 2421 DEB,2006-026DC,32853,DEB,D,CIS,2006-06-25,TYMSC,2008-06-08,90.31,65.05,297,282,0.0399,,EA,IMP
COSMOS 2421 DEB,2006-026DD,32854,DEB,D,CIS,2006-06-25,TYMSC,2008-06-10,90.39,65.03,304,284,0.0304,,EA,IMP
COSMOS 2421 DEB,2006-026DE,32855,DEB,D,CIS,2006-06-25,TYMSC,2008-06-03,89.51,65.08,259,242,0.0047,,EA,IMP
COSMOS 2421 DEB,2006-026DF,32856,DEB,D,CIS,2006-06-25,TYMSC,2008-11-22,89.06,65.12,234,222,0.0034,,EA,IMP
COSMOS 2421 DEB,2006-026DG,32857,DEB,D,CIS,2006-06-25,TYMSC,2008-06-19,90.71,65.05,323,295,0.0210,,EA,IMP
COSMOS 2421 DEB,2006-026DH,32858,DEB,D,CIS,2006-06-25,TYMSC,2010-06-15,87.38,65.01,151,139,0.0280,,EA,IMP
COSMOS 2421 DEB,2006-026DJ,32859,DEB,D,CIS,2006-06-25,TYMSC,2008-06-29,89.95,65.10,290,254,0.0244,,EA,IMP
COSMOS 2421 DEB,2006-026DK,32860,DEB,D,CIS,2006-06-25,TYMSC,2008-06-20,91.00,65.03,336,311,0.0296,,EA,IMP
COSMOS 2421 DEB,2006-026DL,32861,DEB,D,CIS,2006-06-25,TYMSC,2008-06-22,88.93,65.02,239,204,0.0190,,EA,IMP
COSMOS 2421 DEB,2006-026DM,32862,DEB,D,CIS,2006-06-25,TYMSC,2008-08-18,88.84,65.02,226,208,0.0420,,EA,IMP
COSMOS 2421 DEB,2006-026DN,32863,DEB,D,CIS,2006-06-25,TYMSC,2008-06-09,90.37,65.06,305,280,0.0264,,EA,IMP
COSMOS 2421 DEB,2006-026DP,32864,DEB,D,CIS,2006-06-25,TYMSC,2008-06-09,90.21,65.07,296,274,0.0370,,EA,IMP
COSMOS 2421 DEB,2006-026DQ,32865,DEB,D,CIS,2006-06-25,TYMSC,2008-06-27,90.44,65.11,316,276,0.0454,,EA,IMP
COSMOS 2421 DEB,2006-026DR,32866,DEB,D,CIS,2006-06-25,TYMSC,2008-09-27,88.79,65.00,226,203,0.0888,,EA,IMP
COSMOS 2421 DEB,2006-026DS,32867,DEB,D,CIS,2006-06-25,TYMSC,2008-06-27,89.74,65.04,276,247,0.0384,,EA,IMP
COSMOS 2421 DEB,2006-026DT,32868,DEB,D,CIS,2006-06-25,TYMSC,2008-10-02,88.50,64.99,211,189,0.0461,,EA,IMP
COSMOS 2421 DEB,2006-026DU,32869,DEB,D,CIS,2006-06-25,TYMSC,2008-11-03,89.46,65.02,255,240,0.0180,,EA,IMP
COSMOS 2421 DEB,2006-026DV,32870,DEB,D,CIS,2006-06-25,TYMSC,2008-08-19,87.78,64.97,178,151,0.0423,,EA,IMP
COSMOS 2421 DEB,2006-026DW,32871,DEB,D,CIS,2006-06-25,TYMSC,2008-08-06,87.75,64.30,169,157,0.0442,,EA,IMP
COSMOS 2421 DEB,2006-026DX,32872,DEB,D,CIS,2006-06-25,TYMSC,2008-06-06,89.63,64.09,264,248,0.0553,,EA,IMP
COSMOS 2421 DEB,2006-026DY,32873,DEB,D,CIS,2006-06-25,TYMSC,2008-06-03,89.07,65.07,237,220,0.0123,,EA,IMP
COSMOS 2421 DEB,2006-026DZ,32874,DEB,D,CIS,2006-06-25,TYMSC,2008-05-30,89.62,65.06,269,243,0.0143,,EA,IMP
COSMOS 2421 DEB,2006-026EA,32875,DEB,D,CIS,2006-06-25,TYMSC,2009-05-27,89.11,65.03,246,215,0.0485,,EA,IMP
COSMOS 2421 DEB,2006-026EB,32876,DEB,D,CIS,2006-06-25,TYMSC,2008-10-02,88.97,65.01,233,214,0.0320,,EA,IMP
COSMOS 2421 DEB,2006-026EC,32877,DEB,D,CIS,2006-06-25,TYMSC,2008-08-05,89.24,65.06,248,226,0.0480,,EA,IMP
COSMOS 2421 DEB,2006-026ED,32878,DEB,D,CIS,2006-06-25,TYMSC,2008-05-26,90.79,65.06,322,304,0.0072,,EA,IMP
COSMOS 2421 DEB,2006-026EE,32879,DEB,D,CIS,2006-06-25,TYMSC,2008-05-20,90.11,65.03,288,271,0.0190,,EA,IMP
COSMOS 2421 DEB,2006-026EF,32880,DEB,D,CIS,2006-06-25,TYMSC,2008-11-27,89.40,65.09,254,237,0.0380,,EA,IMP
COSMOS 2421 DEB,2006-026EG,32881,DEB,D,CIS,2006-06-25,TYMSC,2008-06-03,88.68,65.07,220,199,0.0127,,EA,IMP
COSMOS 2421 DEB,2006-026EH,32882,DEB,D,CIS,2006-06-25,TYMSC,2008-05-21,89.93,64.77,273,269,0.0363,,EA,IMP
COSMOS 2421 DEB,2006-026EJ,32883,DEB,D,CIS,2006-06-25,TYMSC,2008-06-03,88.92,65.13,232,211,0.0226,,EA,IMP
COSMOS 2421 DEB,2006-026EK,32884,DEB,D,CIS,2006-06-25,TYMSC,2008-10-02,89.06,64.93,241,214,0.0273,,EA,IMP
COSMOS 2421 DEB,2006-026EL,32885,DEB,D,CIS,2006-06-25,TYMSC,2008-07-09,89.66,65.10,274,241,0.0204,,EA,IMP
COSMOS 2421 DEB,2006-026EM,32886,DEB,D,CIS,2006-06-25,TYMSC,2008-12-24,89.77,65.11,268,258,0.0422,,EA,IMP
COSMOS 2421 DEB,2006-026EN,32887,DEB,D,CIS,2006-06-25,TYMSC,2008-06-23,89.66,65.08,270,245,0.0204,,EA,IMP
COSMOS 2421 DEB,2006-026EP,32888,DEB,D,CIS,2006-06-25,TYMSC,2009-02-08,89.20,65.02,239,231,0.1067,,EA,IMP
COSMOS 2421 DEB,2006-026EQ,32889,DEB,D,CIS,2006-06-25,TYMSC,2009-11-14,87.64,65.00,162,153,0.1438,,EA,IMP
COSMOS 2421 DEB,2006-026ER,32890,DEB,D,CIS,2006-06-25,TYMSC,2008-10-13,89.79,65.03,276,252,0.0150,,EA,IMP
COSMOS 2421 DEB,2006-026ES,32891,DEB,D,CIS,2006-06-25,TYMSC,2008-07-07,90.21,65.08,302,267,0.0448,,EA,IMP
COSMOS 2421 DEB,2006-026ET,32892,DEB,D,CIS,2006-06-25,TYMSC,2008-06-25,90.61,65.08,314,295,0.0270,,EA,IMP
COSMOS 2421 DEB,2006-026EU,32893,DEB,D,CIS,2006-06-25,TYMSC,2008-06-21,89.54,65.07,259,245,0.0317,,EA,IMP
COSMOS 2421 DEB,2006-026EV,32894,DEB,D,CIS,2006-06-25,TYMSC,2008-06-21,89.91,65.06,283,257,0.0253,,EA,IMP
COSMOS 2421 DEB,2006-026EW,32895,DEB,D,CIS,2006-06-25,TYMSC,2008-06-19,89.87,65.08,281,254,0.0172,,EA,IMP
COSMOS 2421 DEB,2006-026EX,32896,DEB,D,CIS,2006-06-25,TYMSC,2008-10-02,88.30,64.98,200,180,0.0259,,EA,IMP
COSMOS 2421 DEB,2006-026EY,32897,DEB,D,CIS,2006-06-25,TYMSC,2008-06-25,91.69,65.08,378,337,0.0345,,EA,IMP
COSMOS 2421 DEB,2006-026EZ,32898,DEB,D,CIS,2006-06-25,TYMSC,2008-07-09,90.23,65.06,305,266,0.0323,,EA,IMP
COSMOS 2421 DEB,2006-026FA,32899,DEB,D,CIS,2006-06-25,TYMSC,2008-07-03,89.94,64.55,291,251,0.0291,,EA,IMP
COSMOS 2421 DEB,2006-026FB,32900,DEB,D,CIS,2006-06-25,TYMSC,2008-06-05,89.57,64.95,266,240,0.0032,,EA,IMP
COSMOS 2421 DEB,2006-026FC,32901,DEB,D,CIS,2006-06-25,TYMSC,2008-10-23,89.87,65.04,277,259,0.0211,,EA,IMP
COSMOS 2421 DEB,2006-026FD,32902,DEB,D,CIS,2006-06-25,TYMSC,2008-10-12,89.53,65.10,262,241,0.0312,,EA,IMP
COSMOS 2421 DEB,2006-026FE,32903,DEB,D,CIS,2006-06-25,TYMSC,2008-05-21,89.92,64.91,273,267,0.0043,,EA,IMP
COSMOS 2421 DEB,2006-026FF,32904,DEB,D,CIS,2006-06-25,TYMSC,2008-06-16,89.45,65.04,263,232,0.0405,,EA,IMP
COSMOS 2421 DEB,2006-026FG,32905,DEB,D,CIS,2006-06-25,TYMSC,2008-07-04,92.26,65.05,400,371,0.0416,,EA,IMP
COSMOS 2421 DEB,2006-026FH,32906,DEB,D,CIS,2006-06-25,TYMSC,2008-07-29,89.40,64.98,257,233,0.0149,,EA,IMP
COSMOS 2421 DEB,2006-026FJ,32907,DEB,D,CIS,2006-06-25,TYMSC,2008-06-11,89.79,65.07,275,253,0.0305,,EA,IMP
COSMOS 2421 DEB,2006-026FK,32908,DEB,D,CIS,2006-06-25,TYMSC,2008-06-05,89.98,65.08,280,267,0.0042,,EA,IMP
COSMOS 2421 DEB,2006-026FL,32909,DEB,D,CIS,2006-06-25,TYMSC,2008-12-30,89.41,65.09,252,239,0.0186,,EA,IMP
COSMOS 2421 DEB,2006-026FM,32910,DEB,D,CIS,2006-06-25,TYMSC,2009-12-15,88.16,64.95,184,182,0.0267,,EA,IMP
COSMOS 2421 DEB,2006-026FN,32911,DEB,D,CIS,2006-06-25,TYMSC,2008-06-24,88.99,65.08,240,208,0.0360,,EA,IMP
COSMOS 2421 DEB,2006-026FP,32912,DEB,D,CIS,2006-06-25,TYMSC,2008-11-09,89.74,65.11,267,256,0.0114,,EA,IMP
COSMOS 2421 DEB,2006-026FQ,32913,DEB,D,CIS,2006-06-25,TYMSC,2008-08-21,89.61,65.20,267,243,0.0199,,EA,IMP
COSMOS 2421 DEB,2006-026FR,32914,DEB,D,CIS,2006-06-25,TYMSC,2009-02-26,89.26,63.63,250,225,0.0023,,EA,IMP
COSMOS 2421 DEB,2006-026FS,32915,DEB,D,CIS,2006-06-25,TYMSC,2008-06-18,89.98,65.04,289,257,0.0358,,EA,IMP
COSMOS 2421 DEB,2006-026FT,32916,DEB,D,CIS,2006-06-25,TYMSC,2008-06-08,90.00,65.05,281,268,0.0397,,EA,IMP
COSMOS 2421 DEB,2006-026FU,32917,DEB,D,CIS,2006-06-25,TYMSC,2008-05-24,91.23,65.04,341,329,0.0740,,EA,IMP
COSMOS 2421 DEB,2006-026FV,32918,DEB,D,CIS,2006-06-25,TYMSC,2008-06-05,90.96,64.99,328,315,0.0073,,EA,IMP
COSMOS 2421 DEB,2006-026FW,32919,DEB,D,CIS,2006-06-25,TYMSC,2008-09-18,89.58,64.98,266,241,0.0395,,EA,IMP
COSMOS 2421 DEB,2006-026FX,32920,DEB,D,CIS,2006-06-25,TYMSC,2008-06-09,90.15,65.08,284,279,0.0059,,EA,IMP
COSMOS 2421 DEB,2006-026FY,32921,DEB,D,CIS,2006-06-25,TYMSC,2008-06-23,89.80,65.03,282,247,0.0435,,EA,IMP
COSMOS 2421 DEB,2006-026FZ,32922,DEB,D,CIS,2006-06-25,TYMSC,2008-06-28,92.21,65.16,414,352,0.0417,,EA,IMP
COSMOS 2421 DEB,2006-026GA,32923,DEB,D,CIS,2006-06-25,TYMSC,2008-06-25,89.87,65.11,283,254,0.0340,,EA,IMP
COSMOS 2421 DEB,2006-026GB,32924,DEB,D,CIS,2006-06-25,TYMSC,2008-11-08,89.02,65.08,233,219,0.0102,,EA,IMP
COSMOS 2421 DEB,2006-026GC,32925,DEB,D,CIS,2006-06-25,TYMSC,2008-11-03,89.55,65.10,260,244,0.0055,,EA,IMP
COSMOS 2421 DEB,2006-026GD,32926,DEB,D,CIS,2006-06-25,TYMSC,2009-09-23,88.79,65.10,223,206,0.0092,,EA,IMP
COSMOS 2421 DEB,2006-026GE,32927,DEB,D,CIS,2006-06-25,TYMSC,2008-06-19,90.03,65.08,290,261,0.0267,,EA,IMP
COSMOS 2421 DEB,2006-026GF,32928,DEB,D,CIS,2006-06-25,TYMSC,2008-11-01,88.99,65.09,230,219,0.0292,,EA,IMP
COSMOS 2421 DEB,2006-026GG,32929,DEB,D,CIS,2006-06-25,TYMSC,2008-09-11,88.85,64.98,229,206,0.0227,,EA,IMP
COSMOS 2421 DEB,2006-026GH,32930,DEB,D,CIS,2006-06-25,TYMSC,2008-06-17,90.01,65.00,286,265,0.0215,,EA,IMP
COSMOS 2421 DEB,2006-026GJ,32931,DEB,D,CIS,2006-06-25,TYMSC,2008-06-21,89.78,65.05,280,247,0.0320,,EA,IMP
COSMOS 2421 DEB,2006-026GK,32932,DEB,D,CIS,2006-06-25,TYMSC,2008-07-06,89.48,65.04,264,234,0.0091,,EA,IMP
COSMOS 2421 DEB,2006-026GL,32933,DEB,D,CIS,2006-06-25,TYMSC,2008-09-25,88.57,64.97,215,193,0.0508,,EA,IMP
COSMOS 2421 DEB,2006-026GM,32934,DEB,D,CIS,2006-06-25,TYMSC,2008-07-06,90.53,65.13,309,292,0.0078,,EA,IMP
COSMOS 2421 DEB,2006-026GN,32935,DEB,D,CIS,2006-06-25,TYMSC,2008-07-10,92.51,65.09,422,373,0.0069,,EA,IMP
COSMOS 2421 DEB,2006-026GP,32936,DEB,D,CIS,2006-06-25,TYMSC,2009-01-27,88.63,65.06,209,205,0.0304,,EA,IMP
COSMOS 2421 DEB,2006-026GQ,32937,DEB,D,CIS,2006-06-25,TYMSC,2008-12-14,89.32,65.08,245,237,0.0108,,EA,IMP
COSMOS 2421 DEB,2006-026GR,32938,DEB,D,CIS,2006-06-25,TYMSC,2008-07-29,89.19,65.10,253,215,0.0206,,EA,IMP
COSMOS 2421 DEB,2006-026GS,32939,DEB,D,CIS,2006-06-25,TYMSC,2008-06-15,90.93,65.04,330,311,0.0073,,EA,IMP
COSMOS 2421 DEB,2006-026GT,32940,DEB,D,CIS,2006-06-25,TYMSC,2008-07-03,89.58,65.02,269,238,0.0360,,EA,IMP
COSMOS 2421 DEB,2006-026GU,32941,DEB,D,CIS,2006-06-25,TYMSC,2008-06-24,91.31,65.04,353,325,0.0375,,EA,IMP
COSMOS 2421 DEB,2006-026GV,32942,DEB,D,CIS,2006-06-25,TYMSC,2008-09-17,89.69,65.03,274,244,0.0406,,EA,IMP
COSMOS 2421 DEB,2006-026GW,32943,DEB,D,CIS,2006-06-25,TYMSC,2008-07-01,90.79,65.13,339,288,0.0223,,EA,IMP
COSMOS 2421 DEB,2006-026GX,32944,DEB,D,CIS,2006-06-25,TYMSC,2008-09-30,89.74,65.08,273,250,0.0206,,EA,IMP
COSMOS 2421 DEB,2006-026GY,32945,DEB,D,CIS,2006-06-25,TYMSC,2008-06-02,90.91,64.99,324,315,0.0013,,EA,IMP
COSMOS 2421 DEB,2006-026GZ,32946,DEB,D,CIS,2006-06-25,TYMSC,2008-06-27,90.16,65.03,297,268,0.0275,,EA,IMP
COSMOS 2421 DEB,2006-026HA,32947,DEB,D,CIS,2006-06-25,TYMSC,2008-06-03,90.91,65.03,329,309,0.0100,,EA,IMP
COSMOS 2421 DEB,2006-026HB,32948,DEB,D,CIS,2006-06-25,TYMSC,2008-06-02,89.91,65.07,281,259,0.0055,,EA,IMP
COSMOS 2421 DEB,2006-026HC,32949,DEB,D,CIS,2006-06-25,TYMSC,2008-05-29,91.37,65.05,352,331,0.0196,,EA,IMP
COSMOS 2421 DEB,2006-026HD,32950,DEB,D,CIS,2006-06-25,TYMSC,2008-07-09,89.64,65.08,271,243,0.0430,,EA,IMP
COSMOS 2421 DEB,2006-026HE,33001,DEB,D,CIS,2006-06-25,TYMSC,2008-08-12,89.87,65.04,277,259,0.0332,,EA,IMP
COSMOS 2421 DEB,2006-026HF,33002,DEB,D,CIS,2006-06-25,TYMSC,2008-06-18,90.68,64.97,322,294,0.0068,,EA,IMP
COSMOS 2421 DEB,2006-026HG,33003,DEB,D,CIS,2006-06-25,TYMSC,2008-06-29,91.17,65.08,349,314,0.0534,,EA,IMP
COSMOS 2421 DEB,2006-026HH,33004,DEB,D,CIS,2006-06-25,TYMSC,2008-06-13,89.71,65.09,277,243,0.0680,,EA,IMP
COSMOS 2421 DEB,2006-026HJ,33005,DEB,D,CIS,2006-06-25,TYMSC,2008-10-28,89.34,65.08,248,236,0.0089,,EA,IMP
COSMOS 2421 DEB,2006-026HK,33006,DEB,D,CIS,2006-06-25,TYMSC,2010-02-12,88.10,65.06,188,173,0.0053,,EA,IMP
COSMOS 2421 DEB,2006-026HL,33007,DEB,D,CIS,2006-06-25,TYMSC,2008-07-08,91.39,65.08,359,326,0.0020,,EA,IMP
COSMOS 2421 DEB,2006-026HM,33008,DEB,D,CIS,2006-06-25,TYMSC,2008-06-22,89.06,65.14,246,210,0.0042,,EA,IMP
COSMOS 2421 DEB,2006-026HN,33009,DEB,D,CIS,2006-06-25,TYMSC,2008-08-27,88.87,65.04,230,207,0.0429,,EA,IMP
COSMOS 2421 DEB,2006-026HP,33010,DEB,D,CIS,2006-06-25,TYMSC,2008-11-29,89.45,65.02,255,240,0.0098,,EA,IMP
COSMOS 2421 DEB,2006-026HQ,33011,DEB,D,CIS,2006-06-25,TYMSC,2008-10-23,89.32,65.00,250,232,0.0160,,EA,IMP
COSMOS 2421 DEB,2006-026HR,33012,DEB,D,CIS,2006-06-25,TYMSC,2008-11-23,89.58,65.07,261,247,0.0036,,EA,IMP
COSMOS 2421 DEB,2006-026HS,33013,DEB,D,CIS,2006-06-25,TYMSC,2008-07-01,90.86,65.08,336,297,0.0512,,EA,IMP
COSMOS 2421 DEB,2006-026HT,33014,DEB,D,CIS,2006-06-25,TYMSC,2008-12-21,89.66,65.10,262,253,0.0152,,EA,IMP
COSMOS 2421 DEB,2006-026HU,33015,DEB,D,CIS,2006-06-25,TYMSC,2008-07-06,91.25,65.08,350,321,0.0106,,EA,IMP
COSMOS 2421 DEB,2006-026HV,33016,DEB,D,CIS,2006-06-25,TYMSC,2008-06-06,89.65,65.07,269,245,0.0100,,EA,IMP
COSMOS 2421 DEB,2006-026HW,33017,DEB,D,CIS,2006-06-25,TYMSC,2008-09-07,89.78,64.99,275,252,0.0146,,EA,IMP
COSMOS 2421 DEB,2006-026HX,33018,DEB,D,CIS,2006-06-25,TYMSC,2008-06-19,88.81,65.07,226,205,0.0129,,EA,IMP
COSMOS 2421 DEB,2006-026HY,33019,DEB,D,CIS,2006-06-25,TYMSC,2010-05-22,87.19,64.98,142,128,0.0229,,EA,IMP
COSMOS 2421 DEB,2006-026HZ,33020,DEB,D,CIS,2006-06-25,TYMSC,2008-06-28,90.29,65.08,302,276,0.0040,,EA,IMP
COSMOS 2421 DEB,2006-026JA,33021,DEB,D,CIS,2006-06-25,TYMSC,2008-12-04,89.47,65.10,256,240,0.0190,,EA,IMP
COSMOS 2421 DEB,2006-026JB,33022,DEB,D,CIS,2006-06-25,TYMSC,2008-06-26,90.40,65.10,315,273,0.0780,,EA,IMP
COSMOS 2421 DEB,2006-026JC,33023,DEB,D,CIS,2006-06-25,TYMSC,2008-10-25,89.87,65.06,277,260,0.0136,,EA,IMP
COSMOS 2421 DEB,2006-026JD,33024,DEB,D,CIS,2006-06-25,TYMSC,2008-07-09,89.81,65.08,280,251,0.0400,,EA,IMP
COSMOS 2421 DEB,2006-026JE,33025,DEB,D,CIS,2006-06-25,TYMSC,2008-06-13,89.74,65.03,274,250,0.0056,,EA,IMP
COSMOS 2421 DEB,2006-026JF,33026,DEB,D,CIS,2006-06-25,TYMSC,2008-07-09,89.69,65.08,280,238,0.0449,,EA,IMP
COSMOS 2421 DEB,2006-026JG,33027,DEB,D,CIS,2006-06-25,TYMSC,2008-06-24,90.10,65.10,301,258,0.0144,,EA,IMP
COSMOS 2421 DEB,2006-026JH,33028,DEB,D,CIS,2006-06-25,TYMSC,2008-07-09,91.46,65.13,367,326,0.0441,,EA,IMP
COSMOS 2421 DEB,2006-026JJ,33029,DEB,D,CIS,2006-06-25,TYMSC,2008-06-29,90.55,65.05,318,284,0.0229,,EA,IMP
COSMOS 2421 DEB,2006-026JK,33030,DEB,D,CIS,2006-06-25,TYMSC,2008-07-26,89.21,65.01,250,221,0.0247,,EA,IMP
COSMOS 2421 DEB,2006-026JL,33031,DEB,D,CIS,2006-06-25,TYMSC,2009-03-15,88.68,65.08,224,194,0.0296,,EA,IMP
COSMOS 2421 DEB,2006-026JM,33032,DEB,D,CIS,2006-06-25,TYMSC,2008-12-06,89.44,65.08,255,239,0.0186,,EA,IMP
COSMOS 2421 DEB,2006-026JN,33033,DEB,D,CIS,2006-06-25,TYMSC,2009-01-03,89.79,65.09,272,256,0.0022,,EA,IMP
COSMOS 2421 DEB,2006-026JP,33034,DEB,D,CIS,2006-06-25,TYMSC,2008-07-11,89.76,65.02,278,247,0.0466,,EA,IMP
COSMOS 2421 DEB,2006-026JQ,33035,DEB,D,CIS,2006-06-25,TYMSC,2008-10-11,92.04,65.10,399,350,0.0207,,EA,IMP
COSMOS 2421 DEB,2006-026JR,33036,DEB,D,CIS,2006-06-25,TYMSC,2008-11-26,89.51,65.07,260,240,0.0073,,EA,IMP
COSMOS 2421 DEB,2006-026JS,33037,DEB,D,CIS,2006-06-25,TYMSC,2008-07-25,89.69,65.05,278,240,0.0290,,EA,IMP
COSMOS 2421 DEB,2006-026JT,33038,DEB,D,CIS,2006-06-25,TYMSC,2008-06-16,90.76,65.05,351,272,0.0121,,EA,IMP
COSMOS 2421 DEB,2006-026JU,33039,DEB,D,CIS,2006-06-25,TYMSC,2008-06-13,90.48,65.03,308,287,0.0156,,EA,IMP
COSMOS 2421 DEB,2006-026JV,33040,DEB,D,CIS,2006-06-25,TYMSC,2008-06-29,91.04,65.04,333,318,0.0107,,EA,IMP
COSMOS 2421 DEB,2006-026JW,33041,DEB,D,CIS,2006-06-25,TYMSC,2008-07-06,89.25,65.05,260,215,0.0310,,EA,IMP
COSMOS 2421 DEB,2006-026JX,33042,DEB,D,CIS,2006-06-25,TYMSC,2008-07-24,91.96,65.04,382,359,0.0109,,EA,IMP
COSMOS 2421 DEB,2006-026JY,33043,DEB,D,CIS,2006-06-25,TYMSC,2008-07-01,90.91,65.05,328,310,0.0002,,EA,IMP
COSMOS 2421 DEB,2006-026JZ,33044,DEB,D,CIS,2006-06-25,TYMSC,2008-06-29,90.36,65.02,307,277,0.0444,,EA,IMP
COSMOS 2421 DEB,2006-026KA,33045,DEB,D,CIS,2006-06-25,TYMSC,2008-09-17,89.41,65.10,259,232,0.0197,,EA,IMP
COSMOS 2421 DEB,2006-026KB,33046,DEB,D,CIS,2006-06-25,TYMSC,2008-09-07,89.79,65.00,273,255,0.0135,,EA,IMP
COSMOS 2421 DEB,2006-026KC,33047,DEB,D,CIS,2006-06-25,TYMSC,2008-10-20,88.55,65.06,211,195,0.0133,,EA,IMP
COSMOS 2421 DEB,2006-026KD,33048,DEB,D,CIS,2006-06-25,TYMSC,2008-10-15,89.67,65.07,272,245,0.0286,,EA,IMP
COSMOS 2421 DEB,2006-026KE,33049,DEB,D,CIS,2006-06-25,TYMSC,2008-06-30,90.66,65.05,323,290,0.0092,,EA,IMP
COSMOS 2421 DEB,2006-026KF,33050,DEB,D,CIS,2006-06-25,TYMSC,2008-06-19,89.66,65.03,275,240,0.0052,,EA,IMP
COSMOS 2421 DEB,2006-026KG,33068,DEB,D,CIS,2006-06-25,TYMSC,2008-06-24,90.20,65.14,308,261,0.0094,,EA,IMP
COSMOS 2421 DEB,2006-026KH,33069,DEB,D,CIS,2006-06-25,TYMSC,2008-06-24,90.25,64.92,293,281,0.0022,,EA,IMP
COSMOS 2421 DEB,2006-026KJ,33070,DEB,D,CIS,2006-06-25,TYMSC,2009-03-07,90.47,65.48,317,279,0.1549,,EA,IMP
COSMOS 2421 DEB,2006-026KK,33071,DEB,D,CIS,2006-06-25,TYMSC,2008-10-13,91.66,65.19,367,345,0.0041,,EA,IMP
COSMOS 2421 DEB,2006-026KL,33072,DEB,D,CIS,2006-06-25,TYMSC,2008-10-03,89.83,64.98,280,252,0.0077,,EA,IMP
COSMOS 2421 DEB,2006-026KM,33073,DEB,D,CIS,2006-06-25,TYMSC,2008-08-02,91.90,65.03,387,349,0.0096,,EA,IMP
COSMOS 2421 DEB,2006-026KN,33074,DEB,D,CIS,2006-06-25,TYMSC,2008-08-12,89.92,65.02,284,257,0.0260,,EA,IMP
COSMOS 2421 DEB,2006-026KP,33075,DEB,D,CIS,2006-06-25,TYMSC,2009-02-15,89.26,65.02,245,231,0.0552,,EA,IMP
COSMOS 2421 DEB,2006-026KQ,33076,DEB,D,CIS,2006-06-25,TYMSC,2010-08-28,88.15,65.01,192,174,0.0190,,EA,IMP
COSMOS 2421 DEB,2006-026KR,33077,DEB,D,CIS,2006-06-25,TYMSC,2008-08-07,89.17,64.93,246,221,0.0325,,EA,IMP
COSMOS 2421 DEB,2006-026KS,33078,DEB,D,CIS,2006-06-25,TYMSC,2009-11-06,87.56,65.00,161,147,0.1737,,EA,IMP
COSMOS 2421 DEB,2006-026KT,33079,DEB,D,CIS,2006-06-25,TYMSC,2010-10-28,90.81,65.12,358,271,0.1069,,EA,IMP
COSMOS 2421 DEB,2006-026KU,33080,DEB,D,CIS,2006-06-25,TYMSC,2008-12-11,89.20,65.06,242,227,0.0527,,EA,IMP
COSMOS 2421 DEB,2006-026KV,33081,DEB,D,CIS,2006-06-25,TYMSC,2008-09-10,91.41,64.95,364,323,0.0368,,EA,IMP
COSMOS 2421 DEB,2006-026KW,33082,DEB,D,CIS,2006-06-25,TYMSC,2009-04-12,89.18,65.05,243,225,0.0648,,EA,IMP
COSMOS 2421 DEB,2006-026KX,33083,DEB,D,CIS,2006-06-25,TYMSC,2008-11-12,89.28,65.04,242,236,0.0112,,EA,IMP
COSMOS 2421 DEB,2006-026KY,33084,DEB,D,CIS,2006-06-25,TYMSC,2008-09-03,89.61,65.01,263,247,0.0367,,EA,IMP
COSMOS 2421 DEB,2006-026KZ,33085,DEB,D,CIS,2006-06-25,TYMSC,2012-01-24,89.72,64.89,273,248,0.0530,,EA,IMP
COSMOS 2421 DEB,2006-026LA,33086,DEB,D,CIS,2006-06-25,TYMSC,2009-01-21,89.28,65.04,248,230,0.0076,,EA,IMP
COSMOS 2421 DEB,2006-026LB,33087,DEB,D,CIS,2006-06-25,TYMSC,2008-09-08,88.95,64.99,235,210,0.0038,,EA,IMP
COSMOS 2421 DEB,2006-026LC,33088,DEB,D,CIS,2006-06-25,TYMSC,2008-08-27,88.57,64.99,213,194,0.0456,,EA,IMP
COSMOS 2421 DEB,2006-026LD,33089,DEB,D,CIS,2006-06-25,TYMSC,2008-11-27,89.84,65.03,275,259,0.0444,,EA,IMP
COSMOS 2421 DEB,2006-026LE,33090,DEB,D,CIS,2006-06-25,TYMSC,2008-11-29,89.34,65.07,252,232,0.0131,,EA,IMP
COSMOS 2421 DEB,2006-026LF,33091,DEB,D,CIS,2006-06-25,TYMSC,2008-11-02,88.34,64.80,194,190,0.0285,,EA,IMP
COSMOS 2421 DEB,2006-026LG,33092,DEB,D,CIS,2006-06-25,TYMSC,2008-12-19,89.84,65.08,274,259,0.0196,,EA,IMP
COSMOS 2421 DEB,2006-026LH,33093,DEB,D,CIS,2006-06-25,TYMSC,2008-06-27,90.17,65.07,303,262,0.0064,,EA,IMP
COSMOS 2421 DEB,2006-026LJ,33094,DEB,D,CIS,2006-06-25,TYMSC,2008-11-17,91.56,65.05,365,337,0.0073,,EA,IMP
COSMOS 2421 DEB,2006-026LK,33095,DEB,D,CIS,2006-06-25,TYMSC,2008-11-25,89.73,65.08,270,253,0.0150,,EA,IMP
COSMOS 2421 DEB,2006-026LL,33096,DEB,D,CIS,2006-06-25,TYMSC,2008-06-21,90.19,65.06,303,265,0.0110,,EA,IMP
COSMOS 2421 DEB,2006-026LM,33097,DEB,D,CIS,2006-06-25,TYMSC,2008-11-05,89.41,64.99,248,243,0.0083,,EA,IMP
COSMOS 2421 DEB,2006-026LN,33098,DEB,D,CIS,2006-06-25,TYMSC,2008-07-14,89.40,65.05,263,227,0.0272,,EA,IMP
COSMOS 2421 DEB,2006-026LP,33099,DEB,D,CIS,2006-06-25,TYMSC,2008-08-08,89.15,65.08,241,223,0.0330,,EA,IMP
COSMOS 2421 DEB,2006-026LQ,33100,DEB,D,CIS,2006-06-25,TYMSC,2008-06-27,89.69,65.05,275,243,0.0069,,EA,IMP
COSMOS 2421 DEB,2006-026LR,33101,DEB,D,CIS,2006-06-25,TYMSC,2008-09-25,89.53,64.97,265,237,0.0140,,EA,IMP
COSMOS 2421 DEB,2006-026LS,33102,DEB,D,CIS,2006-06-25,TYMSC,2012-01-28,89.54,64.84,264,240,0.0510,,EA,IMP
COSMOS 2421 DEB,2006-026LT,33103,DEB,D,CIS,2006-06-25,TYMSC,2008-07-10,89.83,65.18,280,252,0.0554,,EA,IMP
COSMOS 2421 DEB,2006-026LU,33104,DEB,D,CIS,2006-06-25,TYMSC,2008-06-24,90.69,65.08,334,282,0.0605,,EA,IMP
COSMOS 2421 DEB,2006-026LV,33107,DEB,D,CIS,2006-06-25,TYMSC,2009-02-10,89.31,64.98,248,232,0.0283,,EA,IMP
COSMOS 2421 DEB,2006-026LW,33114,DEB,D,CIS,2006-06-25,TYMSC,2011-05-14,89.67,65.28,265,252,0.0360,,EA,IMP
COSMOS 2421 DEB,2006-026LX,33115,DEB,D,CIS,2006-06-25,TYMSC,2008-09-03,89.35,64.97,257,228,0.0203,,EA,IMP
COSMOS 2421 DEB,2006-026LY,33116,DEB,D,CIS,2006-06-25,TYMSC,2009-06-24,88.43,64.82,214,179,0.0284,,EA,IMP
COSMOS 2421 DEB,2006-026LZ,33117,DEB,D,CIS,2006-06-25,TYMSC,2008-09-27,88.70,65.05,223,198,0.0554,,EA,IMP
COSMOS 2421 DEB,2006-026MA,33118,DEB,D,CIS,2006-06-25,TYMSC,2008-11-25,89.05,64.82,241,215,0.0244,,EA,IMP
COSMOS 2421 DEB,2006-026MB,33119,DEB,D,CIS,2006-06-25,TYMSC,2010-11-13,89.48,65.36,255,242,0.0390,,EA,IMP
COSMOS 2421 DEB,2006-026MC,33120,DEB,D,CIS,2006-06-25,TYMSC,2009-01-30,88.07,65.11,183,175,0.0565,,EA,IMP
COSMOS 2421 DEB,2006-026MD,33121,DEB,D,CIS,2006-06-25,TYMSC,2008-09-23,88.66,65.02,219,197,0.0301,,EA,IMP
COSMOS 2421 DEB,2006-026ME,33122,DEB,D,CIS,2006-06-25,TYMSC,2008-10-05,89.23,65.02,245,228,0.0331,,EA,IMP
COSMOS 2421 DEB,2006-026MF,33123,DEB,D,CIS,2006-06-25,TYMSC,2008-08-24,88.08,65.03,192,167,0.0363,,EA,IMP
COSMOS 2421 DEB,2006-026MG,33124,DEB,D,CIS,2006-06-25,TYMSC,2008-08-29,89.50,65.01,261,238,0.0408,,EA,IMP
COSMOS 2421 DEB,2006-026MH,33125,DEB,D,CIS,2006-06-25,TYMSC,2008-07-31,88.37,65.14,201,187,0.0915,,EA,IMP
COSMOS 2421 DEB,2006-026MJ,33126,DEB,D,CIS,2006-06-25,TYMSC,2008-10-18,89.87,65.02,278,258,0.0154,,EA,IMP
COSMOS 2421 DEB,2006-026MK,33127,DEB,D,CIS,2006-06-25,TYMSC,2008-09-11,89.28,65.39,260,217,0.0651,,EA,IMP
COSMOS 2421 DEB,2006-026ML,33128,DEB,D,CIS,2006-06-25,TYMSC,2009-09-18,89.05,65.23,239,216,0.0400,,EA,IMP
COSMOS 2421 DEB,2006-026MM,33129,DEB,D,CIS,2006-06-25,TYMSC,2008-07-10,90.58,65.08,315,291,0.0039,,EA,IMP
COSMOS 2421 DEB,2006-026MN,33130,DEB,D,CIS,2006-06-25,TYMSC,2008-08-12,89.15,65.25,258,207,0.0140,,EA,IMP
COSMOS 2421 DEB,2006-026MP,33131,DEB,D,CIS,2006-06-25,TYMSC,2008-07-26,88.65,65.03,230,186,0.0160,,EA,IMP
COSMOS 2421 DEB,2006-026MQ,33132,DEB,D,CIS,2006-06-25,TYMSC,2008-11-20,89.00,64.80,231,219,0.0180,,EA,IMP
COSMOS 2421 DEB,2006-026MR,33133,DEB,D,CIS,2006-06-25,TYMSC,2008-07-27,89.48,65.07,265,233,0.0200,,EA,IMP
COSMOS 2421 DEB,2006-026MS,33134,DEB,D,CIS,2006-06-25,TYMSC,2008-11-02,89.36,65.00,247,239,0.0550,,EA,IMP
COSMOS 2421 DEB,2006-026MT,33135,DEB,D,CIS,2006-06-25,TYMSC,2008-09-12,88.58,65.04,226,183,0.0727,,EA,IMP
COSMOS 2421 DEB,2006-026MU,33136,DEB,D,CIS,2006-06-25,TYMSC,2008-10-20,89.06,64.85,231,225,0.0290,,EA,IMP
COSMOS 2421 DEB,2006-026MV,33137,DEB,D,CIS,2006-06-25,TYMSC,2010-09-17,87.93,65.02,180,163,0.0455,,EA,IMP
COSMOS 2421 DEB,2006-026MW,33138,DEB,D,CIS,2006-06-25,TYMSC,2008-10-04,89.13,65.02,244,219,0.0400,,EA,IMP
COSMOS 2421 DEB,2006-026MX,33139,DEB,D,CIS,2006-06-25,TYMSC,2010-01-28,88.59,64.88,212,198,0.0430,,EA,IMP
COSMOS 2421 DEB,2006-026MY,33140,DEB,D,CIS,2006-06-25,TYMSC,2009-04-03,89.11,64.74,240,220,0.0198,,EA,IMP
COSMOS 2421 DEB,2006-026MZ,33141,DEB,D,CIS,2006-06-25,TYMSC,2011-03-10,89.00,65.03,232,217,0.0271,,EA,IMP
COSMOS 2421 DEB,2006-026NA,33142,DEB,D,CIS,2006-06-25,TYMSC,2008-08-06,88.33,65.08,203,180,0.0287,,EA,IMP
COSMOS 2421 DEB,2006-026NB,33143,DEB,D,CIS,2006-06-25,TYMSC,2008-09-20,89.66,65.00,272,244,0.0303,,EA,IMP
COSMOS 2421 DEB,2006-026NC,33144,DEB,D,CIS,2006-06-25,TYMSC,2008-11-01,89.45,65.02,254,241,0.1022,,EA,IMP
COSMOS 2421 DEB,2006-026ND,33145,DEB,D,CIS,2006-06-25,TYMSC,2008-10-28,88.37,65.02,199,190,0.0740,,EA,IMP
COSMOS 2421 DEB,2006-026NE,33146,DEB,D,CIS,2006-06-25,TYMSC,2008-08-28,89.24,64.99,250,224,0.0314,,EA,IMP
COSMOS 2421 DEB,2006-026NF,33147,DEB,D,CIS,2006-06-25,TYMSC,2008-07-13,89.84,65.02,277,256,0.0074,,EA,IMP
COSMOS 2421 DEB,2006-026NG,33148,DEB,D,CIS,2006-06-25,TYMSC,2008-10-18,89.03,65.02,237,215,0.0162,,EA,IMP
COSMOS 2421 DEB,2006-026NH,33149,DEB,D,CIS,2006-06-25,TYMSC,2008-10-20,89.44,65.02,256,238,0.0044,,EA,IMP
COSMOS 2421 DEB,2006-026NJ,33150,DEB,D,CIS,2006-06-25,TYMSC,2010-10-16,90.10,64.96,300,259,0.0150,,EA,IMP
COSMOS 2421 DEB,2006-026NK,33151,DEB,D,CIS,2006-06-25,TYMSC,2008-09-23,88.47,64.96,205,193,0.0334,,EA,IMP
COSMOS 2421 DEB,2006-026NL,33152,DEB,D,CIS,2006-06-25,TYMSC,2008-11-28,88.63,65.09,215,199,0.1472,,EA,IMP
COSMOS 2421 DEB,2006-026NM,33157,DEB,D,CIS,2006-06-25,TYMSC,2009-04-25,89.21,64.97,242,228,0.0760,,EA,IMP
COSMOS 2421 DEB,2006-026NN,33158,DEB,D,CIS,2006-06-25,TYMSC,2009-03-24,88.86,65.01,225,211,0.0131,,EA,IMP
COSMOS 2421 DEB,2006-026NP,33159,DEB,D,CIS,2006-06-25,TYMSC,2008-09-22,89.72,65.04,270,252,0.0076,,EA,IMP
COSMOS 2421 DEB,2006-026NQ,33160,DEB,D,CIS,2006-06-25,TYMSC,2008-10-26,88.90,65.00,226,215,0.0440,,EA,IMP
COSMOS 2421 DEB,2006-026NR,33161,DEB,D,CIS,2006-06-25,TYMSC,2008-10-13,89.36,65.05,255,230,0.0171,,EA,IMP
COSMOS 2421 DEB,2006-026NS,33162,DEB,D,CIS,2006-06-25,TYMSC,2008-08-18,88.82,64.96,225,207,0.0524,,EA,IMP
COSMOS 2421 DEB,2006-026NT,33163,DEB,D,CIS,2006-06-25,TYMSC,2008-08-12,89.18,65.03,243,225,0.0204,,EA,IMP
COSMOS 2421 DEB,2006-026NU,33164,DEB,D,CIS,2006-06-25,TYMSC,2008-11-07,89.19,65.01,237,231,0.0403,,EA,IMP
COSMOS 2421 DEB,2006-026NV,33165,DEB,D,CIS,2006-06-25,TYMSC,2008-07-15,89.98,65.18,287,260,0.0091,,EA,IMP
COSMOS 2421 DEB,2006-026NW,33166,DEB,D,CIS,2006-06-25,TYMSC,2008-07-15,88.70,65.14,237,184,0.0336,,EA,IMP
COSMOS 2421 DEB,2006-026NX,33167,DEB,D,CIS,2006-06-25,TYMSC,2008-11-01,89.44,65.01,249,244,0.0094,,EA,IMP
COSMOS 2421 DEB,2006-026NY,33168,DEB,D,CIS,2006-06-25,TYMSC,2011-04-03,88.53,65.08,210,194,0.0043,,EA,IMP
COSMOS 2421 DEB,2006-026NZ,33169,DEB,D,CIS,2006-06-25,TYMSC,2008-10-15,88.40,64.95,206,184,0.0480,,EA,IMP
COSMOS 2421 DEB,2006-026PA,33170,DEB,D,CIS,2006-06-25,TYMSC,2009-02-09,88.47,65.23,204,194,0.0128,,EA,IMP
COSMOS 2421 DEB,2006-026PB,33171,DEB,D,CIS,2006-06-25,TYMSC,2008-09-21,89.61,65.28,279,232,0.0100,,EA,IMP
COSMOS 2421 DEB,2006-026PC,33172,DEB,D,CIS,2006-06-25,TYMSC,2008-09-23,88.18,64.99,194,174,0.0335,,EA,IMP
COSMOS 2421 DEB,2006-026PD,33173,DEB,D,CIS,2006-06-25,TYMSC,2008-09-04,89.67,64.96,268,248,0.0044,,EA,IMP
COSMOS 2421 DEB,2006-026PE,33174,DEB,D,CIS,2006-06-25,TYMSC,2008-10-03,88.97,64.99,229,218,0.0148,,EA,IMP
COSMOS 2421 DEB,2006-026PF,33175,DEB,D,CIS,2006-06-25,TYMSC,2008-10-22,89.18,64.75,240,228,0.0301,,EA,IMP
COSMOS 2421 DEB,2006-026PG,33176,DEB,D,CIS,2006-06-25,TYMSC,2008-07-23,88.71,65.02,219,203,0.0145,,EA,IMP
COSMOS 2421 DEB,2006-026PH,33177,DEB,D,CIS,2006-06-25,TYMSC,2008-08-16,88.92,65.07,229,213,0.0394,,EA,IMP
COSMOS 2421 DEB,2006-026PJ,33178,DEB,D,CIS,2006-06-25,TYMSC,2008-08-16,88.91,65.03,231,209,0.0430,,EA,IMP
COSMOS 2421 DEB,2006-026PK,33179,DEB,D,CIS,2006-06-25,TYMSC,2008-08-19,89.35,65.03,251,234,0.0445,,EA,IMP
COSMOS 2421 DEB,2006-026PL,33180,DEB,D,CIS,2006-06-25,TYMSC,2008-10-10,88.67,65.04,217,200,0.0041,,EA,IMP
COSMOS 2421 DEB,2006-026PM,33181,DEB,D,CIS,2006-06-25,TYMSC,2008-10-19,89.03,65.02,237,216,0.0230,,EA,IMP
COSMOS 2421 DEB,2006-026PN,33182,DEB,D,CIS,2006-06-25,TYMSC,2008-10-02,88.86,65.00,230,206,0.0271,,EA,IMP
COSMOS 2421 DEB,2006-026PP,33183,DEB,D,CIS,2006-06-25,TYMSC,2008-08-28,88.29,64.97,200,180,0.0446,,EA,IMP
COSMOS 2421 DEB,2006-026PQ,33184,DEB,D,CIS,2006-06-25,TYMSC,2008-10-13,90.49,64.92,307,291,0.0106,,EA,IMP
COSMOS 2421 DEB,2006-026PR,33185,DEB,D,CIS,2006-06-25,TYMSC,2009-02-01,88.12,65.06,186,176,0.0560,,EA,IMP
COSMOS 2421 DEB,2006-026PS,33186,DEB,D,CIS,2006-06-25,TYMSC,2008-10-20,89.67,65.02,264,252,0.0054,,EA,IMP
COSMOS 2421 DEB,2006-026PT,33187,DEB,D,CIS,2006-06-25,TYMSC,2008-08-14,89.71,65.02,271,249,0.0225,,EA,IMP
COSMOS 2421 DEB,2006-026PU,33188,DEB,D,CIS,2006-06-25,TYMSC,2008-08-19,90.00,65.00,282,267,0.0310,,EA,IMP
COSMOS 2421 DEB,2006-026PV,33189,DEB,D,CIS,2006-06-25,TYMSC,2008-07-26,89.29,65.03,253,226,0.0027,,EA,IMP
COSMOS 2421 DEB,2006-026PW,33190,DEB,D,CIS,2006-06-25,TYMSC,2008-11-12,88.34,65.06,195,189,0.0380,,EA,IMP
COSMOS 2421 DEB,2006-026PX,33191,DEB,D,CIS,2006-06-25,TYMSC,2008-07-24,89.53,65.02,268,235,0.0071,,EA,IMP
COSMOS 2421 DEB,2006-026PY,33192,DEB,D,CIS,2006-06-25,TYMSC,2008-09-29,89.76,64.97,272,253,0.0150,,EA,IMP
COSMOS 2421 DEB,2006-026PZ,33193,DEB,D,CIS,2006-06-25,TYMSC,2008-09-20,88.83,65.00,223,210,0.0267,,EA,IMP
COSMOS 2421 DEB,2006-026QA,33194,DEB,D,CIS,2006-06-25,TYMSC,2009-01-04,88.61,65.23,208,204,0.1080,,EA,IMP
COSMOS 2421 DEB,2006-026QB,33195,DEB,D,CIS,2006-06-25,TYMSC,2008-12-04,89.04,64.74,234,220,0.0022,,EA,IMP
COSMOS 2421 DEB,2006-026QC,33196,DEB,D,CIS,2006-06-25,TYMSC,2009-01-03,89.65,65.04,263,251,0.0034,,EA,IMP
COSMOS 2421 DEB,2006-026QD,33197,DEB,D,CIS,2006-06-25,TYMSC,2008-08-25,89.38,64.98,255,233,0.0169,,EA,IMP
COSMOS 2421 DEB,2006-026QE,33198,DEB,D,CIS,2006-06-25,TYMSC,2008-11-16,88.92,65.03,224,217,0.0061,,EA,IMP
COSMOS 2421 DEB,2006-026QF,33199,DEB,D,CIS,2006-06-25,TYMSC,2008-09-12,92.17,65.09,398,364,0.0223,,EA,IMP
COSMOS 2421 DEB,2006-026QG,33200,DEB,D,CIS,2006-06-25,TYMSC,2010-05-21,88.38,65.00,204,185,0.0500,,EA,IMP
COSMOS 2421 DEB,2006-026QH,33201,DEB,D,CIS,2006-06-25,TYMSC,2008-10-19,89.37,65.01,269,217,0.0290,,EA,IMP
COSMOS 2421 DEB,2006-026QJ,33209,DEB,D,CIS,2006-06-25,TYMSC,2008-09-28,89.28,65.01,251,227,0.0200,,EA,IMP
COSMOS 2421 DEB,2006-026QK,33210,DEB,D,CIS,2006-06-25,TYMSC,2008-12-17,89.49,65.08,253,245,0.0035,,EA,IMP
COSMOS 2421 DEB,2006-026QL,33211,DEB,D,CIS,2006-06-25,TYMSC,2008-09-02,88.71,65.02,231,191,0.0264,,EA,IMP
COSMOS 2421 DEB,2006-026QM,33212,DEB,D,CIS,2006-06-25,TYMSC,2008-11-29,88.69,65.00,216,204,0.0230,,EA,IMP
COSMOS 2421 DEB,2006-026QN,33213,DEB,D,CIS,2006-06-25,TYMSC,2008-10-21,89.42,65.02,255,237,0.0169,,EA,IMP
COSMOS 2421 DEB,2006-026QP,33214,DEB,D,CIS,2006-06-25,TYMSC,2008-08-01,89.93,65.04,287,255,0.0165,,EA,IMP
COSMOS 2421 DEB,2006-026QQ,33215,DEB,D,CIS,2006-06-25,TYMSC,2008-08-22,89.89,65.00,280,259,0.0269,,EA,IMP
COSMOS 2421 DEB,2006-026QR,33216,DEB,D,CIS,2006-06-25,TYMSC,2008-10-05,88.83,65.06,231,202,0.0240,,EA,IMP
COSMOS 2421 DEB,2006-026QS,33217,DEB,D,CIS,2006-06-25,TYMSC,2008-11-27,89.38,65.23,260,227,0.0157,,EA,IMP
COSMOS 2421 DEB,2006-026QT,33218,DEB,D,CIS,2006-06-25,TYMSC,2008-10-20,88.99,65.01,235,215,0.0196,,EA,IMP
COSMOS 2421 DEB,2006-026QU,33219,DEB,D,CIS,2006-06-25,TYMSC,2008-07-25,89.64,65.04,274,240,0.0350,,EA,IMP
COSMOS 2421 DEB,2006-026QV,33220,DEB,D,CIS,2006-06-25,TYMSC,2008-11-13,88.14,64.99,187,177,0.0307,,EA,IMP
COSMOS 2421 DEB,2006-026QW,33221,DEB,D,CIS,2006-06-25,TYMSC,2008-08-09,89.38,65.00,253,234,0.0265,,EA,IMP
COSMOS 2421 DEB,2006-026QX,33222,DEB,D,CIS,2006-06-25,TYMSC,2008-08-10,89.42,64.97,257,235,0.0330,,EA,IMP
COSMOS 2421 DEB,2006-026QY,33223,DEB,D,CIS,2006-06-25,TYMSC,2008-08-07,89.21,65.05,244,227,0.0240,,EA,IMP
COSMOS 2421 DEB,2006-026QZ,33224,DEB,D,CIS,2006-06-25,TYMSC,2008-10-22,88.70,65.01,215,205,0.0191,,EA,IMP
COSMOS 2421 DEB,2006-026RA,33225,DEB,D,CIS,2006-06-25,TYMSC,2008-09-03,89.12,65.07,244,218,0.0177,,EA,IMP
COSMOS 2421 DEB,2006-026RB,33226,DEB,D,CIS,2006-06-25,TYMSC,2008-11-27,88.82,64.97,224,209,0.0140,,EA,IMP
COSMOS 2421 DEB,2006-026RC,33227,DEB,D,CIS,2006-06-25,TYMSC,2008-11-25,89.00,65.02,234,216,0.0146,,EA,IMP
COSMOS 2421 DEB,2006-026RD,33228,DEB,D,CIS,2006-06-25,TYMSC,2008-08-15,88.98,64.98,232,217,0.0300,,EA,IMP
COSMOS 2421 DEB,2006-026RE,33229,DEB,D,CIS,2006-06-25,TYMSC,2008-08-25,89.09,65.07,242,216,0.0414,,EA,IMP
COSMOS 2421 DEB,2006-026RF,33230,DEB,D,CIS,2006-06-25,TYMSC,2008-07-24,89.55,65.07,271,234,0.0063,,EA,IMP
COSMOS 2421 DEB,2006-026RG,33231,DEB,D,CIS,2006-06-25,TYMSC,2008-10-12,89.72,65.01,271,250,0.0085,,EA,IMP
COSMOS 2421 DEB,2006-026RH,33232,DEB,D,CIS,2006-06-25,TYMSC,2008-08-25,88.71,65.04,221,200,0.0383,,EA,IMP
COSMOS 2421 DEB,2006-026RJ,33233,DEB,D,CIS,2006-06-25,TYMSC,2008-09-16,89.20,65.03,249,221,0.0349,,EA,IMP
COSMOS 2421 DEB,2006-026RK,33234,DEB,D,CIS,2006-06-25,TYMSC,2008-08-12,88.97,65.00,233,214,0.0320,,EA,IMP
COSMOS 2421 DEB,2006-026RL,33235,DEB,D,CIS,2006-06-25,TYMSC,2008-09-16,89.54,65.04,261,243,0.0170,,EA,IMP
COSMOS 2421 DEB,2006-026RM,33236,DEB,D,CIS,2006-06-25,TYMSC,2009-02-10,88.93,65.05,229,214,0.0260,,EA,IMP
COSMOS 2421 DEB,2006-026RN,33237,DEB,D,CIS,2006-06-25,TYMSC,2008-10-13,89.51,64.92,258,242,0.0218,,EA,IMP
COSMOS 2421 DEB,2006-026RP,33238,DEB,D,CIS,2006-06-25,TYMSC,2008-07-31,88.95,65.02,236,209,0.0410,,EA,IMP
COSMOS 2421 DEB,2006-026RQ,33239,DEB,D,CIS,2006-06-25,TYMSC,2008-09-12,89.18,65.08,251,217,0.0200,,EA,IMP
COSMOS 2421 DEB,2006-026RR,33240,DEB,D,CIS,2006-06-25,TYMSC,2008-08-27,88.31,64.97,219,163,0.0395,,EA,IMP
COSMOS 2421 DEB,2006-026RS,33241,DEB,D,CIS,2006-06-25,TYMSC,2008-09-30,90.39,64.96,307,280,0.0140,,EA,IMP
COSMOS 2421 DEB,2006-026RT,33242,DEB,D,CIS,2006-06-25,TYMSC,2008-08-08,89.24,64.95,244,230,0.0423,,EA,IMP
COSMOS 2421 DEB,2006-026RU,33246,DEB,D,CIS,2006-06-25,TYMSC,2008-10-10,89.07,65.06,243,214,0.0085,,EA,IMP
COSMOS 2421 DEB,2006-026RV,33247,DEB,D,CIS,2006-06-25,TYMSC,2008-12-19,88.49,65.00,206,194,0.0401,,EA,IMP
COSMOS 2421 DEB,2006-026RW,33248,DEB,D,CIS,2006-06-25,TYMSC,2008-08-14,90.14,64.94,293,269,0.0291,,EA,IMP
COSMOS 2421 DEB,2006-026RX,33249,DEB,D,CIS,2006-06-25,TYMSC,2008-10-12,89.90,64.99,280,259,0.0190,,EA,IMP
COSMOS 2421 DEB,2006-026RY,33250,DEB,D,CIS,2006-06-25,TYMSC,2008-10-10,88.89,64.98,232,207,0.0360,,EA,IMP
COSMOS 2421 DEB,2006-026RZ,33251,DEB,D,CIS,2006-06-25,TYMSC,2008-08-12,89.33,64.98,252,230,0.0037,,EA,IMP
COSMOS 2421 DEB,2006-026SA,33252,DEB,D,CIS,2006-06-25,TYMSC,2008-08-12,89.02,64.98,234,218,0.0037,,EA,IMP
COSMOS 2421 DEB,2006-026SB,33253,DEB,D,CIS,2006-06-25,TYMSC,2008-08-26,89.37,64.98,255,232,0.0081,,EA,IMP
COSMOS 2421 DEB,2006-026SC,33254,DEB,D,CIS,2006-06-25,TYMSC,2008-08-13,88.83,64.99,228,206,0.0178,,EA,IMP
COSMOS 2421 DEB,2006-026SD,33255,DEB,D,CIS,2006-06-25,TYMSC,2008-10-05,88.83,64.99,228,205,0.0234,,EA,IMP
COSMOS 2421 DEB,2006-026SE,33256,DEB,D,CIS,2006-06-25,TYMSC,2008-11-12,88.33,65.01,204,180,0.0132,,EA,IMP
COSMOS 2421 DEB,2006-026SF,33257,DEB,D,CIS,2006-06-25,TYMSC,2008-10-10,89.34,65.02,254,230,0.0161,,EA,IMP
COSMOS 2421 DEB,2006-026SG,33258,DEB,D,CIS,2006-06-25,TYMSC,2008-10-05,90.33,64.99,301,280,0.0073,,EA,IMP
COSMOS 2421 DEB,2006-026SH,33259,DEB,D,CIS,2006-06-25,TYMSC,2008-08-27,89.89,64.86,287,251,0.0006,,EA,IMP
COSMOS 2421 DEB,2006-026SJ,33260,DEB,D,CIS,2006-06-25,TYMSC,2008-08-24,89.74,65.01,270,254,0.0189,,EA,IMP
COSMOS 2421 DEB,2006-026SK,33261,DEB,D,CIS,2006-06-25,TYMSC,2008-08-21,88.56,65.02,213,194,0.0288,,EA,IMP
COSMOS 2421 DEB,2006-026SL,33262,DEB,D,CIS,2006-06-25,TYMSC,2008-08-29,89.32,65.02,252,230,0.0259,,EA,IMP
COSMOS 2421 DEB,2006-026SM,33263,DEB,D,CIS,2006-06-25,TYMSC,2009-07-11,90.15,65.98,314,250,0.0138,,EA,IMP
COSMOS 2421 DEB,2006-026SN,33264,DEB,D,CIS,2006-06-25,TYMSC,2008-08-24,89.98,65.28,292,255,0.0043,,EA,IMP
COSMOS 2421 DEB,2006-026SP,33265,DEB,D,CIS,2006-06-25,TYMSC,2008-08-27,89.08,65.06,242,216,0.0317,,EA,IMP
COSMOS 2421 DEB,2006-026SQ,33266,DEB,D,CIS,2006-06-25,TYMSC,2008-11-21,88.41,65.01,203,189,0.0328,,EA,IMP
COSMOS 2421 DEB,2006-026SR,33267,DEB,D,CIS,2006-06-25,TYMSC,2008-12-03,89.56,65.09,260,245,0.0040,,EA,IMP
COSMOS 2421 DEB,2006-026SS,33268,DEB,D,CIS,2006-06-25,TYMSC,2009-01-01,88.73,64.93,225,198,0.0150,,EA,IMP
COSMOS 2421 DEB,2006-026ST,33269,DEB,D,CIS,2006-06-25,TYMSC,2008-08-13,89.76,65.01,274,251,0.0108,,EA,IMP
COSMOS 2421 DEB,2006-026SU,33270,DEB,D,CIS,2006-06-25,TYMSC,2008-09-25,89.07,64.99,239,218,0.0140,,EA,IMP
COSMOS 2421 DEB,2006-026SV,33271,DEB,D,CIS,2006-06-25,TYMSC,2008-08-12,89.23,65.06,246,227,0.0077,,EA,IMP
COSMOS 2421 DEB,2006-026SW,33282,DEB,D,CIS,2006-06-25,TYMSC,2008-10-19,92.10,65.06,383,372,0.0048,,EA,IMP
COSMOS 2421 DEB,2006-026SX,33283,DEB,D,CIS,2006-06-25,TYMSC,2008-09-09,89.56,65.02,268,237,0.0020,,EA,IMP
COSMOS 2421 DEB,2006-026SY,33284,DEB,D,CIS,2006-06-25,TYMSC,2008-08-28,89.51,65.03,262,239,0.0110,,EA,IMP
COSMOS 2421 DEB,2006-026SZ,33285,DEB,D,CIS,2006-06-25,TYMSC,2008-08-28,89.13,65.06,240,222,0.0040,,EA,IMP
COSMOS 2421 DEB,2006-026TA,33286,DEB,D,CIS,2006-06-25,TYMSC,2008-11-04,89.12,64.97,234,227,0.0029,,EA,IMP
COSMOS 2421 DEB,2006-026TB,33287,DEB,D,CIS,2006-06-25,TYMSC,2008-11-13,88.86,65.02,222,214,0.0050,,EA,IMP
COSMOS 2421 DEB,2006-026TC,33288,DEB,D,CIS,2006-06-25,TYMSC,2009-05-02,89.27,65.10,249,228,0.0039,,EA,IMP
COSMOS 2421 DEB,2006-026TD,33289,DEB,D,CIS,2006-06-25,TYMSC,2008-10-20,89.06,64.96,237,219,0.0234,,EA,IMP
COSMOS 2421 DEB,2006-026TE,33290,DEB,D,CIS,2006-06-25,TYMSC,2008-10-21,89.87,65.07,278,258,0.0294,,EA,IMP
COSMOS 2421 DEB,2006-026TF,33291,DEB,D,CIS,2006-06-25,TYMSC,2008-09-26,90.02,64.94,286,264,0.0294,,EA,IMP
COSMOS 2421 DEB,2006-026TG,33292,DEB,D,CIS,2006-06-25,TYMSC,2008-10-29,89.56,64.99,256,250,0.0257,,EA,IMP
COSMOS 2421 DEB,2006-026TH,33293,DEB,D,CIS,2006-06-25,TYMSC,2008-09-10,89.88,64.98,282,255,0.0016,,EA,IMP
COSMOS 2421 DEB,2006-026TJ,33294,DEB,D,CIS,2006-06-25,TYMSC,2008-09-22,89.90,65.02,283,255,0.0224,,EA,IMP
COSMOS 2421 DEB,2006-026TK,33295,DEB,D,CIS,2006-06-25,TYMSC,2008-11-17,88.59,65.02,209,200,0.0320,,EA,IMP
COSMOS 2421 DEB,2006-026TL,33296,DEB,D,CIS,2006-06-25,TYMSC,2008-11-20,88.57,65.02,208,199,0.0300,,EA,IMP
COSMOS 2421 DEB,2006-026TM,33297,DEB,D,CIS,2006-06-25,TYMSC,2008-09-18,90.20,64.91,300,268,0.0013,,EA,IMP
COSMOS 2421 DEB,2006-026TN,33298,DEB,D,CIS,2006-06-25,TYMSC,2008-12-11,89.25,64.99,242,233,0.0049,,EA,IMP
COSMOS 2421 DEB,2006-026TP,33299,DEB,D,CIS,2006-06-25,TYMSC,2009-01-28,89.09,64.96,232,227,0.0047,,EA,IMP
COSMOS 2421 DEB,2006-026TQ,33300,DEB,D,CIS,2006-06-25,TYMSC,2008-08-30,89.80,65.02,278,252,0.0033,,EA,IMP
COSMOS 2421 DEB,2006-026TR,33301,DEB,D,CIS,2006-06-25,TYMSC,2008-09-26,89.41,65.01,258,233,0.0160,,EA,IMP
COSMOS 2421 DEB,2006-026TS,33302,DEB,D,CIS,2006-06-25,TYMSC,2008-11-12,88.61,64.93,223,189,0.0033,,EA,IMP
COSMOS 2421 DEB,2006-026TT,33303,DEB,D,CIS,2006-06-25,TYMSC,2008-11-29,88.51,65.01,208,194,0.0270,,EA,IMP
COSMOS 2421 DEB,2006-026TU,33304,DEB,D,CIS,2006-06-25,TYMSC,2008-12-17,89.01,64.98,229,222,0.0109,,EA,IMP
COSMOS 2421 DEB,2006-026TV,33305,DEB,D,CIS,2006-06-25,TYMSC,2008-09-22,89.53,64.99,263,240,0.0200,,EA,IMP
COSMOS 2421 DEB,2006-026TW,33306,DEB,D,CIS,2006-06-25,TYMSC,2008-12-01,88.81,65.02,222,209,0.0160,,EA,IMP
COSMOS 2421 DEB,2006-026TX,33307,DEB,D,CIS,2006-06-25,TYMSC,2008-11-20,88.59,64.98,209,201,0.0047,,EA,IMP
COSMOS 2421 DEB,2006-026TY,33308,DEB,D,CIS,2006-06-25,TYMSC,2008-09-22,88.75,64.99,238,188,0.0048,,EA,IMP
COSMOS 2421 DEB,2006-026TZ,33309,DEB,D,CIS,2006-06-25,TYMSC,2008-08-26,90.24,64.89,303,270,0.0001,,EA,IMP
COSMOS 2421 DEB,2006-026UA,33310,DEB,D,CIS,2006-06-25,TYMSC,2008-11-17,89.36,64.97,251,235,0.0035,,EA,IMP
COSMOS 2421 DEB,2006-026UB,33311,DEB,D,CIS,2006-06-25,TYMSC,2008-08-26,89.65,64.89,272,243,0.0288,,EA,IMP
COSMOS 2421 DEB,2006-026UC,33348,DEB,D,CIS,2006-06-25,TYMSC,2008-10-07,89.29,64.96,249,230,0.0220,,EA,IMP
COSMOS 2421 DEB,2006-026UD,33349,DEB,D,CIS,2006-06-25,TYMSC,2009-01-07,89.32,65.02,246,235,0.0040,,EA,IMP
COSMOS 2421 DEB,2006-026UE,33350,DEB,D,CIS,2006-06-25,TYMSC,2008-11-04,88.96,65.08,226,220,0.0160,,EA,IMP
COSMOS 2421 DEB,2006-026UF,33351,DEB,D,CIS,2006-06-25,TYMSC,2010-03-10,87.79,64.99,169,161,0.0280,,EA,IMP
COSMOS 2421 DEB,2006-026UG,33352,DEB,D,CIS,2006-06-25,TYMSC,2009-01-03,88.66,65.04,213,204,0.0047,,EA,IMP
COSMOS 2421 DEB,2006-026UH,33353,DEB,D,CIS,2006-06-25,TYMSC,2008-12-25,88.77,64.99,223,205,0.0044,,EA,IMP
COSMOS 2421 DEB,2006-026UJ,33354,DEB,D,CIS,2006-06-25,TYMSC,2009-04-11,89.28,64.98,248,230,0.0014,,EA,IMP
COSMOS 2421 DEB,2006-026UK,33355,DEB,D,CIS,2006-06-25,TYMSC,2008-11-07,88.76,65.09,217,209,0.0035,,EA,IMP
COSMOS 2421 DEB,2006-026UL,33356,DEB,D,CIS,2006-06-25,TYMSC,2008-12-02,88.82,65.02,222,210,0.0120,,EA,IMP
COSMOS 2421 DEB,2006-026UM,33357,DEB,D,CIS,2006-06-25,TYMSC,2008-09-23,89.74,65.07,276,247,0.0047,,EA,IMP
COSMOS 2421 DEB,2006-026UN,33358,DEB,D,CIS,2006-06-25,TYMSC,2008-10-08,90.14,65.07,292,270,0.0002,,EA,IMP
COSMOS 2421 DEB,2006-026UP,33359,DEB,D,CIS,2006-06-25,TYMSC,2009-01-23,88.43,65.05,202,192,0.0032,,EA,IMP
COSMOS 2421 DEB,2006-026UQ,33360,DEB,D,CIS,2006-06-25,TYMSC,2008-09-29,89.42,65.09,257,234,0.0081,,EA,IMP
COSMOS 2421 DEB,2006-026UR,33361,DEB,D,CIS,2006-06-25,TYMSC,2008-09-27,89.82,64.98,276,255,0.0056,,EA,IMP
COSMOS 2421 DEB,2006-026US,33362,DEB,D,CIS,2006-06-25,TYMSC,2008-10-02,89.16,65.00,243,223,0.0221,,EA,IMP
COSMOS 2421 DEB,2006-026UT,33363,DEB,D,CIS,2006-06-25,TYMSC,2008-12-18,89.11,64.99,236,225,0.0055,,EA,IMP
COSMOS 2421 DEB,2006-026UU,33364,DEB,D,CIS,2006-06-25,TYMSC,2008-09-30,89.87,65.03,280,256,0.0020,,EA,IMP
COSMOS 2421 DEB,2006-026UV,33365,DEB,D,CIS,2006-06-25,TYMSC,2008-11-21,89.31,65.02,247,234,0.0310,,EA,IMP
COSMOS 2421 DEB,2006-026UW,33366,DEB,D,CIS,2006-06-25,TYMSC,2008-12-12,89.17,64.99,238,229,0.0133,,EA,IMP
COSMOS 2421 DEB,2006-026UX,33367,DEB,D,CIS,2006-06-25,TYMSC,2008-10-15,89.39,65.04,257,232,0.0183,,EA,IMP
COSMOS 2421 DEB,2006-026UY,33368,DEB,D,CIS,2006-06-25,TYMSC,2008-10-29,88.88,64.99,226,212,0.0283,,EA,IMP
COSMOS 2421 DEB,2006-026UZ,33369,DEB,D,CIS,2006-06-25,TYMSC,2008-10-22,89.10,65.06,238,222,0.0240,,EA,IMP
COSMOS 2421 DEB,2006-026VA,33370,DEB,D,CIS,2006-06-25,TYMSC,2009-01-07,88.84,65.06,225,209,0.0049,,EA,IMP
COSMOS 2421 DEB,2006-026VB,33371,DEB,D,CIS,2006-06-25,TYMSC,2008-10-23,89.70,65.10,271,249,0.0062,,EA,IMP
COSMOS 2421 DEB,2006-026VC,33416,DEB,D,CIS,2006-06-25,TYMSC,2008-11-18,89.50,64.99,256,243,0.0030,,EA,IMP
COSMOS 2421 DEB,2006-026VD,33417,DEB,D,CIS,2006-06-25,TYMSC,2008-12-04,89.23,65.12,245,228,0.0013,,EA,IMP
COSMOS 2421 DEB,2006-026VE,33418,DEB,D,CIS,2006-06-25,TYMSC,2009-01-12,89.33,65.04,244,238,0.0048,,EA,IMP
COSMOS 2421 DEB,2006-026VF,33419,DEB,D,CIS,2006-06-25,TYMSC,2009-01-23,88.46,64.98,201,196,0.0190,,EA,IMP
COSMOS 2421 DEB,2006-026VG,33420,DEB,D,CIS,2006-06-25,TYMSC,2008-11-15,89.58,65.02,258,250,0.0052,,EA,IMP
COSMOS 2421 DEB,2006-026VH,33421,DEB,D,CIS,2006-06-25,TYMSC,2008-12-14,88.87,64.98,223,214,0.0026,,EA,IMP
COSMOS 2421 DEB,2006-026VJ,33422,DEB,D,CIS,2006-06-25,TYMSC,2008-11-12,89.07,65.02,233,224,0.0019,,EA,IMP
COSMOS 2421 DEB,2006-026VK,33423,DEB,D,CIS,2006-06-25,TYMSC,2008-11-23,89.20,65.01,243,227,0.0033,,EA,IMP
COSMOS 2421 DEB,2006-026VL,33424,DEB,D,CIS,2006-06-25,TYMSC,2008-11-18,88.75,64.95,217,208,0.0046,,EA,IMP
COSMOS 2421 DEB,2006-026VM,33425,DEB,D,CIS,2006-06-25,TYMSC,2008-11-09,88.32,65.04,199,185,0.0046,,EA,IMP
COSMOS 2421 DEB,2006-026VN,33426,DEB,D,CIS,2006-06-25,TYMSC,2008-12-19,88.92,65.06,228,213,0.0223,,EA,IMP
COSMOS 2421 DEB,2006-026VP,33427,DEB,D,CIS,2006-06-25,TYMSC,2008-12-23,88.77,64.96,219,208,0.0067,,EA,IMP
COSMOS 2421 DEB,2006-026VQ,33428,DEB,D,CIS,2006-06-25,TYMSC,2009-01-08,89.09,64.95,240,220,0.0055,,EA,IMP
COSMOS 2421 DEB,2006-026VR,33429,DEB,D,CIS,2006-06-25,TYMSC,2009-08-25,88.99,65.08,237,212,0.0065,,EA,IMP
COSMOS 2421 DEB,2006-026VS,33430,DEB,D,CIS,2006-06-25,TYMSC,2008-12-01,89.24,64.99,244,230,0.0014,,EA,IMP
COSMOS 2421 DEB,2006-026VT,33431,DEB,D,CIS,2006-06-25,TYMSC,2008-11-12,90.16,65.01,287,278,0.0021,,EA,IMP
COSMOS 2421 DEB,2006-026VU,33432,DEB,D,CIS,2006-06-25,TYMSC,2008-11-13,90.08,65.08,282,274,0.0011,,EA,IMP
FENGYUN 2D DEB,2006-053D,33458,DEB,,PRC,2006-12-08,XICLF,,1435.89,11.77,35918,35647,0.0030,,EA,ORB
COSMOS 2421 DEB,2006-026VV,33474,DEB,D,CIS,2006-06-25,TYMSC,2010-03-30,88.53,65.05,211,193,0.0091,,EA,IMP
COSMOS 2421 DEB,2006-026VW,33475,DEB,D,CIS,2006-06-25,TYMSC,2009-07-19,91.93,65.01,374,364,0.0007,,EA,IMP
COSMOS 2421 DEB,2006-026VX,33476,DEB,D,CIS,2006-06-25,TYMSC,2009-02-27,89.92,65.02,274,267,0.0016,,EA,IMP
COSMOS 2421 DEB,2006-026VY,33477,DEB,D,CIS,2006-06-25,TYMSC,2010-03-16,89.78,65.00,277,250,0.0119,,EA,IMP
COSMOS 2421 DEB,2006-026VZ,33478,DEB,D,CIS,2006-06-25,TYMSC,2010-04-02,88.53,65.00,211,193,0.0059,,EA,IMP
COSMOS 2421 DEB,2006-026WA,33479,DEB,D,CIS,2006-06-25,TYMSC,2009-10-14,90.53,65.42,327,274,0.0001,,EA,IMP
COSMOS 2421 DEB,2006-026WB,33480,DEB,D,CIS,2006-06-25,TYMSC,2009-03-14,90.03,65.03,281,271,0.0015,,EA,IMP
COSMOS 2421 DEB,2006-026WC,33481,DEB,D,CIS,2006-06-25,TYMSC,2009-01-23,88.67,65.07,210,207,0.0031,,EA,IMP
COSMOS 2421 DEB,2006-026WD,33482,DEB,D,CIS,2006-06-25,TYMSC,2009-01-19,88.96,65.03,226,221,0.0016,,EA,IMP
COSMOS 2421 DEB,2006-026WE,33483,DEB,D,CIS,2006-06-25,TYMSC,2009-01-12,89.73,64.98,269,253,0.0012,,EA,IMP
COSMOS 2421 DEB,2006-026WF,33755,DEB,D,CIS,2006-06-25,TYMSC,2010-02-06,89.68,65.03,272,246,0.0055,,EA,IMP
BREEZE-M DEB,2006-006AP,34224,DEB,,CIS,2006-02-28,TYMSC,,267.24,52.13,14188,542,0.0622,,EA,ORB
BREEZE-M DEB,2006-006AQ,34225,DEB,D,CIS,2006-02-28,TYMSC,2016-06-30,100.05,52.08,1302,219,0.0815,,EA,IMP
BREEZE-M DEB,2006-006AR,34226,DEB,,CIS,2006-02-28,TYMSC,,256.58,51.64,13576,418,0.0510,,EA,ORB
BREEZE-M DEB,2006-006AS,34227,DEB,,CIS,2006-02-28,TYMSC,,267.11,52.00,14122,599,0.0320,,EA,ORB
BREEZE-M DEB,2006-006AT,34228,DEB,,CIS,2006-02-28,TYMSC,,229.87,51.88,11733,372,0.0360,,EA,ORB
BREEZE-M DEB,2006-006AU,34229,DEB,,CIS,2006-02-28,TYMSC,,183.54,51.35,8266,374,0.0520,,EA,ORB
BREEZE-M DEB,2006-006AV,34230,DEB,,CIS,2006-02-28,TYMSC,,264.44,51.78,14077,461,0.0255,,EA,ORB
BREEZE-M DEB,2006-006AW,34231,DEB,,CIS,2006-02-28,TYMSC,,269.22,52.10,14253,613,0.0500,,EA,ORB
BREEZE-M DEB,2006-006AX,34232,DEB,,CIS,2006-02-28,TYMSC,,265.60,51.73,14238,380,0.0200,,EA,ORB
BREEZE-M DEB,2006-006AY,34233,DEB,,CIS,2006-02-28,TYMSC,,255.92,52.19,13444,504,0.0160,,EA,ORB
BREEZE-M DEB,2006-006AZ,34234,DEB,,CIS,2006-02-28,TYMSC,,239.33,51.61,12361,421,0.0140,,EA,ORB
BREEZE-M DEB,2006-006BA,34235,DEB,,CIS,2006-02-28,TYMSC,,260.26,51.71,13797,453,0.0182,,EA,ORB
BREEZE-M DEB,2006-006BB,34236,DEB,,CIS,2006-02-28,TYMSC,,252.41,51.64,13328,376,0.0051,,EA,ORB
BREEZE-M DEB,2006-006BC,34237,DEB,,CIS,2006-02-28,TYMSC,,260.81,51.83,13868,420,0.0232,,EA,ORB
BREEZE-M DEB,2006-006BD,34238,DEB,,CIS,2006-02-28,TYMSC,,271.11,51.57,14487,508,0.0189,,EA,ORB
BREEZE-M DEB,2006-006BE,34239,DEB,,CIS,2006-02-28,TYMSC,,124.85,50.29,3063,730,0.0553,,EA,ORB
BREEZE-M DEB,2006-006BF,34240,DEB,D,CIS,2006-02-28,TYMSC,2009-09-18,101.43,52.56,1348,304,0.0591,,EA,IMP
BREEZE-M DEB,2006-006BG,34241,DEB,,CIS,2006-02-28,TYMSC,,265.66,51.81,14019,603,0.0456,,EA,ORB
BREEZE-M DEB,2006-006BH,34242,DEB,,CIS,2006-02-28,TYMSC,,285.63,53.39,15134,844,0.0388,,EA,ORB
BREEZE-M DEB,2006-006BJ,34243,DEB,,CIS,2006-02-28,TYMSC,,266.95,51.63,14257,454,0.0290,,EA,ORB
BREEZE-M DEB,2006-006BK,34244,DEB,,CIS,2006-02-28,TYMSC,,249.47,52.00,12968,530,0.0210,,EA,ORB
BREEZE-M DEB,2006-006BL,34245,DEB,,CIS,2006-02-28,TYMSC,,246.99,52.47,12974,349,0.0374,,EA,ORB
BREEZE-M DEB,2006-006BM,34246,DEB,,CIS,2006-02-28,TYMSC,,231.00,51.49,11759,426,0.0620,,EA,ORB
BREEZE-M DEB,2006-006BN,34247,DEB,,CIS,2006-02-28,TYMSC,,255.60,52.06,13433,494,0.0430,,EA,ORB
BREEZE-M DEB,2006-006BP,34248,DEB,,CIS,2006-02-28,TYMSC,,235.59,51.68,12112,403,0.0456,,EA,ORB
BREEZE-M DEB,2006-006BQ,34249,DEB,D,CIS,2006-02-28,TYMSC,2014-08-20,90.38,50.19,333,253,0.1353,,EA,IMP
BREEZE-M DEB,2006-006BR,34250,DEB,,CIS,2006-02-28,TYMSC,,270.07,51.69,14414,510,0.0691,,EA,ORB
BREEZE-M DEB,2006-006BS,34251,DEB,D,CIS,2006-02-28,TYMSC,2010-02-10,89.16,50.67,298,169,0.0264,,EA,IMP
BREEZE-M DEB,2006-006BT,34252,DEB,,CIS,2006-02-28,TYMSC,,274.17,51.69,14708,496,0.0216,,EA,ORB
BREEZE-M DEB,2006-006BU,34253,DEB,D,CIS,2006-02-28,TYMSC,2013-10-14,90.30,51.64,379,200,0.0622,,EA,IMP
BREEZE-M DEB,2006-006BV,34254,DEB,,CIS,2006-02-28,TYMSC,,213.54,51.61,10488,425,0.0360,,EA,ORB
BREEZE-M DEB,2006-006BW,34255,DEB,,CIS,2006-02-28,TYMSC,,260.47,52.00,13746,518,0.0164,,EA,ORB
BREEZE-M DEB,2006-006BX,34256,DEB,,CIS,2006-02-28,TYMSC,,277.10,51.87,14829,574,0.0101,,EA,ORB
BREEZE-M DEB,2006-006BY,34257,DEB,,CIS,2006-02-28,TYMSC,,269.42,52.17,14305,575,0.0210,,EA,ORB
BREEZE-M DEB,2006-006BZ,34258,DEB,,CIS,2006-02-28,TYMSC,,274.63,51.90,14711,524,0.0350,,EA,ORB
BREEZE-M DEB,2006-006CA,34259,DEB,,CIS,2006-02-28,TYMSC,,283.32,51.10,14708,1115,0.2220,,EA,ORB
BREEZE-M DEB,2006-006CB,34260,DEB,,CIS,2006-02-28,TYMSC,,261.44,52.05,13702,630,0.0568,,EA,ORB
BREEZE-M DEB,2006-006CC,34261,DEB,,CIS,2006-02-28,TYMSC,,202.24,52.12,9616,454,0.0380,,EA,ORB
BREEZE-M DEB,2006-006CD,34262,DEB,,CIS,2006-02-28,TYMSC,,276.28,51.84,14741,606,0.0300,,EA,ORB
BREEZE-M DEB,2006-006CE,34263,DEB,,CIS,2006-02-28,TYMSC,,216.71,51.56,10711,435,0.0501,,EA,ORB
CZ-4 DEB,2006-046G,35374,DEB,D,PRC,2006-10-23,TAISC,2024-07-09,88.52,97.17,205,197,0.0093,,EA,IMP
CZ-4 DEB,2006-046H,35375,DEB,,PRC,2006-10-23,TAISC,,95.12,97.54,557,492,0.0133,,EA,ORB
CZ-4 DEB,2006-046J,35376,DEB,,PRC,2006-10-23,TAISC,,95.43,97.82,591,488,0.0185,,EA,ORB
CZ-4 DEB,2006-046K,35377,DEB,D,PRC,2006-10-23,TAISC,2013-01-18,89.65,97.60,270,244,0.0012,,EA,IMP
CZ-4 DEB,2006-046L,35378,DEB,,PRC,2006-10-23,TAISC,,93.72,97.82,482,431,0.0012,,EA,ORB
SL-24 DEB,2006-029F,35413,DEB,D,CIS,2006-07-12,DLS,2024-02-14,89.14,64.48,239,225,0.0113,,EA,IMP
ALOS DEB,2006-002Z,35418,DEB,,JPN,2006-01-24,TANSC,,96.87,98.20,610,608,0.0250,,EA,ORB
DELTA 4 DEB,2006-050BX,35421,DEB,D,US,2006-11-04,AFWTR,2010-03-02,91.39,99.36,360,325,0.0041,,EA,IMP
USA 193 DEB,2006-057GH,35425,DEB,D,US,2006-12-14,AFWTR,2009-10-28,89.34,56.11,293,190,0.0001,,EA,IMP
BREEZE-M DEB,2006-006CF,35538,DEB,,CIS,2006-02-28,TYMSC,,282.75,51.74,15116,668,0.0330,,EA,ORB
BREEZE-M DEB,2006-006CG,35539,DEB,,CIS,2006-02-28,TYMSC,,258.88,51.68,13794,361,0.0700,,EA,ORB
BREEZE-M DEB,2006-006CH,35540,DEB,,CIS,2006-02-28,TYMSC,,266.34,52.20,14125,543,0.0410,,EA,ORB
BREEZE-M DEB,2006-006CJ,35541,DEB,,CIS,2006-02-28,TYMSC,,275.81,51.48,14833,482,0.0093,,EA,ORB
BREEZE-M DEB,2006-006CK,35542,DEB,,CIS,2006-02-28,TYMSC,,280.11,51.56,14874,732,0.0123,,EA,ORB
BREEZE-M DEB,2006-006CL,35543,DEB,,CIS,2006-02-28,TYMSC,,286.00,52.76,15334,668,0.0204,,EA,ORB
BREEZE-M DEB,2006-006CM,35544,DEB,D,CIS,2006-02-28,TYMSC,2024-04-02,89.91,51.21,328,212,0.0135,,EA,IMP
BREEZE-M DEB,2006-006CN,35545,DEB,D,CIS,2006-02-28,TYMSC,2022-10-20,97.91,51.47,998,319,0.0350,,EA,IMP
BREEZE-M DEB,2006-006CP,35546,DEB,D,CIS,2006-02-28,TYMSC,2024-06-27,148.42,51.17,5201,614,0.0593,,EA,IMP
YAOGAN-1 DEB,2006-015G,36363,DEB,D,PRC,2006-04-26,TAISC,2012-08-04,88.07,97.87,191,168,1.7853,,EA,IMP
YAOGAN-1 DEB,2006-015H,36364,DEB,D,PRC,2006-04-26,TAISC,2017-07-10,87.28,97.59,149,130,0.9090,,EA,IMP
YAOGAN-1 DEB,2006-015J,36365,DEB,,PRC,2006-04-26,TAISC,,94.65,97.75,508,494,1.2659,,EA,ORB
YAOGAN-1 DEB,2006-015K,36502,DEB,D,PRC,2006-04-26,TAISC,2015-03-13,88.73,97.90,218,205,0.0103,,EA,IMP
YAOGAN-1 DEB,2006-015L,36503,DEB,D,PRC,2006-04-26,TAISC,2010-03-24,91.88,97.87,393,341,0.0038,,EA,IMP
YAOGAN-1 DEB,2006-015M,36504,DEB,D,PRC,2006-04-26,TAISC,2010-04-07,93.29,97.83,453,418,0.0023,,EA,IMP
ALOS DEB,2006-002AA,36571,DEB,,JPN,2006-01-24,TANSC,,96.92,98.05,612,610,0.0257,,EA,ORB
BREEZE-M DEB,2006-006CQ,36958,DEB,,CIS,2006-02-28,TYMSC,,215.88,51.74,10685,400,0.0230,,EA,ORB
BREEZE-M DEB,2006-006CR,36959,DEB,,CIS,2006-02-28,TYMSC,,150.84,51.88,5642,375,0.0033,,EA,ORB
BREEZE-M DEB,2006-006CS,36960,DEB,,CIS,2006-02-28,TYMSC,,277.77,52.01,14917,531,0.0097,,EA,ORB
BREEZE-M DEB,2006-006CT,36961,DEB,,CIS,2006-02-28,TYMSC,,268.90,51.91,14502,343,0.0080,,EA,ORB
BREEZE-M DEB,2006-006CU,36962,DEB,,CIS,2006-02-28,TYMSC,,195.36,51.64,9121,429,0.0247,,EA,ORB
BREEZE-M DEB,2006-006CV,36963,DEB,,CIS,2006-02-28,TYMSC,,241.88,51.59,12557,407,0.0220,,EA,ORB
BREEZE-M DEB,2006-006CW,36964,DEB,,CIS,2006-02-28,TYMSC,,248.50,52.04,13006,424,0.0328,,EA,ORB
YAOGAN-1 DEB,2006-015N,37243,DEB,D,PRC,2006-04-26,TAISC,2010-12-20,90.51,97.40,312,287,0.0099,,EA,IMP
DELTA 2 DEB,2006-016E,38545,DEB,D,US,2006-04-28,AFWTR,2012-09-08,88.59,98.35,221,189,0.0922,,EA,IMP
BREEZE-M DEB,2006-006CX,38557,DEB,,CIS,2006-02-28,TYMSC,,250.92,51.74,13124,476,0.0250,,EA,ORB
BREEZE-M DEB,2006-006CY,38558,DEB,D,CIS,2006-02-28,TYMSC,2023-12-27,122.98,51.10,3301,326,0.0085,,EA,IMP
BREEZE-M DEB,2006-006CZ,38559,DEB,,CIS,2006-02-28,TYMSC,,270.15,52.14,14381,549,0.0408,,EA,ORB
BREEZE-M DEB,2006-006DA,38560,DEB,,CIS,2006-02-28,TYMSC,,267.22,51.82,14318,412,0.0030,,EA,ORB
BREEZE-M DEB,2006-006DB,38561,DEB,D,CIS,2006-02-28,TYMSC,2012-09-28,92.51,51.30,540,256,0.0288,,EA,IMP
BREEZE-M DEB,2006-006DC,38562,DEB,,CIS,2006-02-28,TYMSC,,258.93,51.78,13728,430,0.0085,,EA,ORB
BREEZE-M DEB,2006-006DD,38563,DEB,,CIS,2006-02-28,TYMSC,,266.77,51.68,14218,480,0.0061,,EA,ORB
BREEZE-M DEB,2006-006DE,38564,DEB,,CIS,2006-02-28,TYMSC,,270.91,51.69,14489,493,0.0059,,EA,ORB
DELTA 2 DEB,2006-042D,38674,DEB,,US,2006-09-25,AFETR,,194.44,39.91,9246,233,0.0428,,EA,ORB
DELTA 2 DEB,2006-052D,38675,DEB,D,US,2006-11-17,AFETR,2014-10-26,92.53,39.83,667,130,0.0120,,EA,IMP
SL-8 DEB,2006-060C,38844,DEB,D,CIS,2006-12-19,PLMSC,2014-04-06,91.20,98.08,337,329,0.0055,,EA,IMP
BREEZE-M DEB,2006-006DF,39933,DEB,,CIS,2006-02-28,TYMSC,,267.84,52.03,14267,505,0.0085,,EA,ORB
BREEZE-M DEB,2006-006DG,39934,DEB,,CIS,2006-02-28,TYMSC,,206.18,51.99,10013,353,0.0120,,EA,ORB
SL-12 DEB,2006-062J,41768,DEB,,CIS,2006-12-25,TYMSC,,320.89,64.74,17609,687,0.0400,,EA,ORB
SL-12 DEB,2006-062K,41805,DEB,,CIS,2006-12-25,TYMSC,,337.43,65.67,18788,567,0.0240,,EA,ORB
SL-12 DEB,2006-062L,41806,DEB,,CIS,2006-12-25,TYMSC,,347.62,64.66,19227,770,0.1640,,EA,ORB
SL-12 DEB,2006-062M,41807,DEB,,CIS,2006-12-25,TYMSC,,325.08,64.86,18049,517,0.2994,,EA,ORB
SL-12 DEB,2006-062N,41808,DEB,,CIS,2006-12-25,TYMSC,,253.43,64.64,13536,239,0.0027,,EA,ORB
SL-12 DEB,2006-062P,41809,DEB,D,CIS,2006-12-25,TYMSC,2017-04-26,91.20,63.21,472,195,0.0632,,EA,IMP
SL-12 DEB,2006-062Q,41810,DEB,,CIS,2006-12-25,TYMSC,,289.62,64.67,15998,247,0.0409,,EA,ORB
SL-12 DEB,2006-062R,41811,DEB,,CIS,2006-12-25,TYMSC,,275.55,64.88,14799,498,0.0387,,EA,ORB
SL-12 DEB,2006-062S,44982,DEB,,CIS,2006-12-25,TYMSC,,336.25,65.02,18560,719,,,EA,ORB
SL-12 DEB,2006-062U,44984,DEB,,CIS,2006-12-25,TYMSC,,340.00,64.20,18668,849,,,EA,ORB
BREEZE-M DEB,2006-006DH,47109,DEB,,CIS,2006-02-28,TYMSC,,144.34,51.68,5114,359,,,EA,ORB
BREEZE-M DEB,2006-006DJ,48527,DEB,,CIS,2006-02-28,TYMSC,,254.77,51.82,13446,423,,,EA,ORB
BREEZE-M DEB,2006-006DK,48528,DEB,,CIS,2006-02-28,TYMSC,,270.55,51.88,14477,480,,,EA,ORB
BREEZE-M DEB,2006-006DL,48529,DEB,,CIS,2006-02-28,TYMSC,,278.47,52.16,14848,648,,,EA,ORB
BREEZE-M DEB,2006-006DM,48530,DEB,,CIS,2006-02-28,TYMSC,,266.24,51.65,14222,440,,,EA,ORB
FORMOSAT-3 FM2 DEB,2006-011H,59176,DEB,D,ROC,2006-04-15,AFWTR,2024-04-12,95.03,72.04,564,476,,,EA,IMP
FORMOSAT-3 FM2 DEB,2006-011J,59177,DEB,D,ROC,2006-04-15,AFWTR,2024-03-10,95.98,72.03,596,536,,,EA,IMP
