OBJECT_NAME,OBJECT_ID,NORAD_CAT_ID,OBJECT_TYPE,OPS_STATUS_CODE,OWNER,LAUNCH_DATE,LAUNCH_SITE,DECAY_DATE,PERIOD,INCLINATION,APOGEE,PERIGEE,RCS,DATA_STATUS_CODE,ORBIT_CENTER,ORBIT_TYPE
MARS POLAR LANDER,1999-001A,25605,PAY,D,US,1999-01-03,AFETR,1999-12-03,,,,,5.0100,NIE,MA,IMP
DELTA 2 R/B(2),1999-001B,25606,R/B,,US,1999-01-03,AFETR,,,,,,3.1600,NEA,SU,ORB
DELTA 2 R/B(1),1999-001C,25607,R/B,D,US,1999-01-03,AFETR,1999-03-23,88.34,25.82,224,161,9.6560,,EA,IMP
FORMOSAT-1 (ROCSAT 1),1999-002A,25616,PAY,D,ROC,1999-01-27,AFETR,2023-05-21,87.64,34.90,163,152,2.4189,,EA,IMP
ATHENA 1 R/B(OAM),1999-002B,25617,R/B,D,US,1999-01-27,AFETR,1999-01-29,89.04,34.68,331,122,,,EA,IMP
STARDUST,1999-003A,25618,PAY,-,US,1999-02-07,AFETR,,,,,,,NEA,SU,ORB
DELTA 2 R/B(1),1999-003B,25619,R/B,,US,1999-02-07,AFETR,,119.83,22.44,3066,280,10.2540,,EA,ORB
DELTA 2 R/B(2),1999-003C,25620,R/B,,US,1999-02-07,AFETR,,,,,,,NEA,SU,ORB
GLOBALSTAR M023,1999-004A,25621,PAY,-,GLOB,1999-02-09,TYMSC,,114.06,52.01,1420,1405,1.8713,,EA,ORB
GLOBALSTAR M040,1999-004B,25622,PAY,-,GLOB,1999-02-09,TYMSC,,114.10,51.99,1415,1414,1.8910,,EA,ORB
GLOBALSTAR M036,1999-004C,25623,PAY,-,GLOB,1999-02-09,TYMSC,,121.35,52.00,1750,1732,2.1998,,EA,ORB
GLOBALSTAR M038,1999-004D,25624,PAY,-,GLOB,1999-02-09,TYMSC,,116.83,52.00,1540,1537,2.1580,,EA,ORB
SL-4 R/B(1),1999-004E,25625,R/B,D,CIS,1999-02-09,TYMSC,1999-08-16,87.27,51.90,151,128,13.6525,,EA,IMP
GALAXY 26 (G-26),1999-005A,25626,PAY,-,US,1999-02-15,TYMSC,,1454.54,11.78,36168,36126,31.9872,,EA,ORB
SL-12 R/B(1),1999-005B,25627,R/B,D,CIS,1999-02-15,TYMSC,1999-02-17,87.22,51.59,151,122,22.0000,,EA,IMP
SL-12 PLAT,1999-005C,25628,DEB,D,CIS,1999-02-15,TYMSC,1999-02-16,87.44,51.60,157,138,9.0000,,EA,IMP
SL-12 R/B(2),1999-005D,25629,R/B,,CIS,1999-02-15,TYMSC,,759.52,16.54,35934,6461,26.4415,,EA,ORB
JCSAT-4A,1999-006A,25630,PAY,-,JPN,1999-02-16,AFETR,,1457.36,9.83,36300,36104,31.6228,,EA,ORB
ATLAS 2AS CENTAUR R/B,1999-006B,25631,R/B,D,US,1999-02-16,AFETR,1999-03-17,2122.01,25.63,96381,264,10.0000,,EA,IMP
SOYUZ-TM 29,1999-007A,25632,PAY,D,CIS,1999-02-20,TYMSC,1999-08-28,91.64,51.66,357,352,31.0000,,EA,LAN
SL-4 R/B,1999-007B,25633,R/B,D,CIS,1999-02-20,TYMSC,1999-02-21,87.14,51.64,137,128,5.0000,,EA,IMP
ARGOS,1999-008A,25634,PAY,,US,1999-02-23,AFWTR,,101.41,98.52,832,819,6.3919,,EA,ORB
ORSTED,1999-008B,25635,PAY,-,DEN,1999-02-23,AFWTR,,99.18,96.47,813,626,0.3070,,EA,ORB
SUNSAT (SO-35),1999-008C,25636,PAY,-,SAFR,1999-02-23,AFWTR,,99.55,96.46,839,635,0.4303,,EA,ORB
DELTA 2 R/B,1999-008D,25637,R/B,,US,1999-02-23,AFWTR,,99.36,96.47,826,630,9.8759,,EA,ORB
BADR-3 (ARABSAT-3A),1999-009A,25638,PAY,-,AB,1999-02-26,FRGUI,,1437.40,12.04,35823,35802,7.9433,,EA,ORB
SKYNET 4E,1999-009B,25639,PAY,-,UK,1999-02-26,FRGUI,,1454.16,12.11,36151,36128,5.2477,,EA,ORB
ARIANE 44L R/B,1999-009C,25640,R/B,D,FR,1999-02-26,FRGUI,2013-02-11,87.85,6.86,227,109,23.5168,,EA,IMP
ARIANE DEB [SPELDA],1999-009D,25641,DEB,D,FR,1999-02-26,FRGUI,2003-09-04,87.14,6.63,187,78,16.8516,,EA,IMP
RADUGA-1 4,1999-010A,25642,PAY,-,CIS,1999-02-28,TYMSC,,1437.25,15.65,35833,35785,12.5893,,EA,ORB
SL-12 R/B(1),1999-010B,25643,R/B,D,CIS,1999-02-28,TYMSC,1999-03-03,86.92,51.63,124,119,22.0000,,EA,IMP
SL-12 PLAT,1999-010C,25644,DEB,D,CIS,1999-02-28,TYMSC,1999-03-01,87.37,51.62,145,143,9.0000,,EA,IMP
SL-12 R/B(2),1999-010D,25645,R/B,,CIS,1999-02-28,TYMSC,,1468.74,16.46,36511,36336,1.7782,,EA,ORB
WIRE,1999-011A,25646,PAY,D,US,1999-03-05,WRAS,2011-05-10,87.13,97.24,138,126,1.2100,,EA,IMP
PEGASUS R/B,1999-011B,25647,R/B,D,US,1999-03-05,WRAS,2007-09-06,87.36,97.32,152,136,1.5224,,EA,IMP
WIRE DEB,1999-011C,25648,DEB,D,US,1999-03-05,WRAS,2001-09-25,87.77,97.44,171,157,0.1800,,EA,IMP
GLOBALSTAR M022,1999-012A,25649,PAY,-,GLOB,1999-03-15,TYMSC,,119.75,52.00,1672,1668,2.4235,,EA,ORB
GLOBALSTAR M041,1999-012B,25650,PAY,-,GLOB,1999-03-15,TYMSC,,120.33,52.00,1698,1694,2.3089,,EA,ORB
GLOBALSTAR M046,1999-012C,25651,PAY,-,GLOB,1999-03-15,TYMSC,,119.06,52.00,1641,1637,2.3015,,EA,ORB
GLOBALSTAR M037,1999-012D,25652,PAY,-,GLOB,1999-03-15,TYMSC,,114.06,52.00,1415,1411,2.0013,,EA,ORB
SL-4 R/B(1),1999-012E,25653,R/B,D,CIS,1999-03-15,TYMSC,1999-09-10,87.49,51.94,166,135,12.5942,,EA,IMP
SL-4 R/B(2),1999-012F,25654,R/B,D,CIS,1999-03-15,TYMSC,1999-03-16,103.48,51.97,951,895,6.8000,,EA,IMP
ASIASAT 3S,1999-013A,25657,PAY,-,AC,1999-03-21,TYMSC,,1456.43,9.96,36200,36167,25.1189,,EA,ORB
SL-12 R/B(1),1999-013B,25658,R/B,D,CIS,1999-03-21,TYMSC,1999-03-22,87.13,51.60,145,120,16.8000,,EA,IMP
SL-12 PLAT,1999-013C,25659,DEB,D,CIS,1999-03-21,TYMSC,1999-03-21,87.00,51.59,144,108,3.0000,,EA,IMP
SL-12 R/B(2),1999-013D,25660,R/B,,CIS,1999-03-21,TYMSC,,823.22,13.08,36078,9359,28.5798,,EA,ORB
SEA LAUNCH DEMO,1999-014A,25661,PAY,,SEAL,1999-03-28,SEAL,,645.00,1.37,36073,628,5.6673,,EA,ORB
BLOCK DM-SL R/B,1999-014B,25662,R/B,,SEAL,1999-03-28,SEAL,,641.78,1.07,35934,603,20.9071,,EA,ORB
PROGRESS-M 41,1999-015A,25664,PAY,D,CIS,1999-04-02,TYMSC,1999-07-18,91.18,51.66,355,310,7.6000,,EA,IMP
SL-4 R/B,1999-015B,25665,R/B,D,CIS,1999-04-02,TYMSC,1999-04-05,87.67,51.63,167,152,12.5900,,EA,IMP
INSAT-2E (APR-1),1999-016A,25666,PAY,-,IND,1999-04-02,FRGUI,,1445.02,11.47,35997,35925,6.3803,,EA,ORB
ARIANE 42P R/B,1999-016B,25667,R/B,D,FR,1999-04-02,FRGUI,2025-08-13,95.27,4.33,914,150,20.9149,,EA,IMP
USA 142 (DSP 19),1999-017A,25669,PAY,-,US,1999-04-09,AFETR,,617.89,29.27,34714,591,,,EA,ORB
TITAN 4 R/B,1999-017B,25670,R/B,D,US,1999-04-09,AFETR,1999-07-02,87.19,28.62,159,112,31.4429,,EA,IMP
IUS R/B(1),1999-017C,25671,R/B,,US,1999-04-09,AFETR,,627.89,29.06,35437,385,,,EA,ORB
IUS R/B(2),1999-017D,25672,R/B,,US,1999-04-09,AFETR,,584.42,28.31,33230,323,,,EA,ORB
EUTELSAT 48C,1999-018A,25673,PAY,-,EUTE,1999-04-12,AFETR,,1462.98,10.69,36348,36274,19.3308,,EA,ORB
ATLAS 2A CENTAUR R/B,1999-018B,25674,R/B,D,US,1999-04-12,AFETR,2001-09-27,99.44,18.79,1354,110,17.7827,,EA,IMP
USA 142 DEB,1999-017E,25675,DEB,D,US,1999-04-09,AFETR,2026-03-18,96.19,28.86,967,185,,,EA,IMP
GLOBALSTAR M045,1999-019A,25676,PAY,-,GLOB,1999-04-15,TYMSC,,117.35,52.00,1562,1562,2.4984,,EA,ORB
GLOBALSTAR M019,1999-019B,25677,PAY,-,GLOB,1999-04-15,TYMSC,,118.63,51.99,1621,1618,2.3345,,EA,ORB
GLOBALSTAR M044,1999-019C,25678,PAY,-,GLOB,1999-04-15,TYMSC,,120.98,52.00,1730,1719,2.4169,,EA,ORB
GLOBALSTAR M042,1999-019D,25679,PAY,-,GLOB,1999-04-15,TYMSC,,117.83,52.00,1586,1581,2.3375,,EA,ORB
SL-4 R/B(1),1999-019E,25680,R/B,D,CIS,1999-04-15,TYMSC,1999-10-14,87.70,51.91,181,140,15.5582,,EA,IMP
SL-4 R/B(2),1999-019F,25681,R/B,D,CIS,1999-04-15,TYMSC,1999-04-16,103.53,51.94,952,899,,,EA,IMP
LANDSAT 7,1999-020A,25682,PAY,-,US,1999-04-15,AFWTR,,98.36,97.86,681,680,4.5153,,EA,ORB
DELTA 2 R/B,1999-020B,25683,R/B,D,US,1999-04-15,AFWTR,1999-05-31,87.26,107.57,168,109,8.5370,,EA,IMP
SPUTNIK JR 3,1999-015C,25685,PAY,D,CIS,1999-04-02,TYMSC,1999-07-30,87.61,51.66,161,152,0.2843,,EA,IMP
UOSAT 12 (UO-36),1999-021A,25693,PAY,-,UK,1999-04-21,TYMSC,,97.01,64.55,630,601,1.2720,,EA,ORB
SS-18 DEB,1999-021B,25694,DEB,D,CIS,1999-04-21,TYMSC,2002-12-12,87.76,64.50,168,159,3.4567,,EA,IMP
SS-18 R/B,1999-021C,25695,R/B,,CIS,1999-04-21,TYMSC,,104.87,64.56,1408,569,9.5258,,EA,ORB
ABRIXAS,1999-022A,25721,PAY,D,GER,1999-04-28,KYMSC,2017-10-31,87.24,48.42,144,131,2.4853,,EA,IMP
MEGSAT,1999-022B,25722,PAY,D,IT,1999-04-28,KYMSC,2003-11-04,87.35,48.39,145,142,0.5724,,EA,IMP
SL-8 R/B,1999-022C,25723,R/B,D,CIS,1999-04-28,KYMSC,2021-04-23,87.15,48.39,135,131,4.5218,,EA,IMP
USA 143 (MILSTAR-2 1),1999-023A,25724,PAY,,US,1999-04-30,AFETR,,153.60,28.22,5147,1098,,,EA,ORB
TITAN 4B CENTAUR R/B,1999-023B,25725,R/B,,US,1999-04-30,AFETR,,148.84,28.32,5142,708,,,EA,ORB
ORION 3,1999-024A,25727,PAY,,US,1999-05-05,AFETR,,138.57,19.82,2529,2456,10.4830,,EA,ORB
DELTA R/B,1999-024B,25728,R/B,D,US,1999-05-05,AFETR,1999-06-06,87.74,29.47,211,114,20.8056,,EA,IMP
ORION 3 DEB,1999-024C,25729,DEB,D,US,1999-05-05,AFETR,1999-05-07,95.08,29.62,897,147,,,EA,IMP
FENGYUN 1C,1999-025A,25730,PAY,-,PRC,1999-05-10,TAISC,,100.90,98.86,811,791,0.2267,,EA,ORB
SJ-5,1999-025B,25731,PAY,,PRC,1999-05-10,TAISC,,101.92,98.72,862,837,1.4199,,EA,ORB
CZ-4B R/B,1999-025C,25732,R/B,,PRC,1999-05-10,TAISC,,101.53,98.64,857,805,6.0514,,EA,ORB
CZ-4B DEB,1999-025D,25733,DEB,,PRC,1999-05-10,TAISC,,101.48,98.68,839,819,7.8405,,EA,ORB
TERRIERS,1999-026A,25735,PAY,D,US,1999-05-18,WRAS,2023-10-19,87.16,97.18,139,129,0.4630,,EA,IMP
MUBLCOM,1999-026B,25736,PAY,,US,1999-05-18,WRAS,,98.81,97.68,706,698,1.1600,,EA,ORB
PEGASUS R/B(1),1999-026C,25737,R/B,D,US,1999-05-18,WRAS,2000-09-24,88.00,97.57,178,172,1.0927,,EA,IMP
PEGASUS R/B(2),1999-026D,25738,R/B,D,US,1999-05-18,WRAS,2001-10-31,87.43,96.96,156,138,0.9997,,EA,IMP
PEGASUS DEB,1999-026E,25739,DEB,D,US,1999-05-18,WRAS,2000-08-01,87.83,97.73,184,150,0.6349,,EA,IMP
NIMIQ 1,1999-027A,25740,PAY,-,CA,1999-05-20,TYMSC,,1460.77,6.79,36296,36240,231.1490,,EA,ORB
SL-12 R/B(1),1999-027B,25741,R/B,D,CIS,1999-05-20,TYMSC,1999-05-23,87.40,51.60,163,128,13.4700,,EA,IMP
SL-12 PLAT,1999-027C,25742,DEB,D,CIS,1999-05-20,TYMSC,1999-05-21,87.73,51.59,173,151,11.2400,,EA,IMP
SL-12 R/B(2),1999-027D,25743,R/B,,CIS,1999-05-20,TYMSC,,766.64,16.43,35820,6918,24.2336,,EA,ORB
USA 144,1999-028A,25744,PAY,-,US,1999-05-22,AFWTR,,148.44,63.44,3172,2645,,NEA,EA,ORB
TITAN 4 R/B,1999-028B,25745,R/B,D,US,1999-05-22,AFWTR,1999-06-02,87.54,63.39,165,141,58.8288,,EA,IMP
USA 144 DEB,1999-028C,25746,DEB,,US,1999-05-22,AFWTR,,,,,,,NEA,EA,ORB
USA 144 DEB,1999-028D,25747,DEB,,US,1999-05-22,AFWTR,,,,,,,NEA,EA,ORB
USA 144 DEB,1999-028E,25748,DEB,,US,1999-05-22,AFWTR,,,,,,,NEA,EA,ORB
USA 144 DEB,1999-028F,25749,DEB,,US,1999-05-22,AFWTR,,,,,,,NEA,EA,ORB
USA 144 DEB,1999-028G,25751,DEB,,US,1999-05-22,AFWTR,,,,,,,NEA,EA,ORB
USA 144 DEB,1999-028H,25752,DEB,D,US,1999-05-22,AFWTR,2000-02-20,,,,,0.0745,,EA,IMP
USA 144 DEB,1999-028J,25753,DEB,,US,1999-05-22,AFWTR,,,,,,,NEA,EA,ORB
USA 144 DEB,1999-028K,25754,DEB,,US,1999-05-22,AFWTR,,,,,,,NEA,EA,ORB
USA 144 DEB,1999-028L,25755,DEB,,US,1999-05-22,AFWTR,,,,,,,NEA,EA,ORB
KITSAT 3,1999-029A,25756,PAY,-,SKOR,1999-05-26,SRILR,,98.91,98.61,717,697,0.5237,,EA,ORB
DLR-TUBSAT,1999-029B,25757,PAY,+,GER,1999-05-26,SRILR,,99.14,98.67,728,707,0.2619,,EA,ORB
IRS-P4 (OCEANSAT-1),1999-029C,25758,PAY,-,IND,1999-05-26,SRILR,,98.95,97.98,710,707,3.4542,,EA,ORB
PSLV R/B,1999-029D,25759,R/B,,IND,1999-05-26,SRILR,,98.91,98.61,726,687,6.0619,,EA,ORB
STS 96,1999-030A,25760,PAY,D,US,1999-05-27,AFETR,1999-06-06,92.36,51.59,397,383,158.1000,,EA,LAN
SL-12 R/B(AUX MOTOR),1999-010E,25761,R/B,D,CIS,1999-02-28,TYMSC,1999-09-02,94.46,46.94,887,98,0.9572,,EA,IMP
SL-12 R/B(AUX MOTOR),1999-010F,25762,R/B,D,CIS,1999-02-28,TYMSC,1999-10-06,100.17,47.11,1431,101,2.6680,,EA,IMP
STARSHINE,1999-030B,25769,PAY,D,US,1999-05-27,AFETR,2000-02-18,87.36,51.58,145,142,0.2973,,EA,IMP
GLOBALSTAR M025,1999-031A,25770,PAY,-,GLOB,1999-06-10,AFETR,,128.28,51.98,2049,2046,2.3361,,EA,ORB
GLOBALSTAR M049,1999-031B,25771,PAY,-,GLOB,1999-06-10,AFETR,,129.48,51.99,2102,2098,2.2145,,EA,ORB
GLOBALSTAR M047,1999-031C,25772,PAY,-,GLOB,1999-06-10,AFETR,,127.22,51.98,2015,1987,2.5521,,EA,ORB
GLOBALSTAR M052,1999-031D,25773,PAY,-,GLOB,1999-06-10,AFETR,,129.14,51.99,2087,2083,2.2155,,EA,ORB
DELTA 2 R/B,1999-031E,25774,R/B,,US,1999-06-10,AFETR,,106.92,51.53,1363,805,8.8586,,EA,ORB
USA 142 DEB,1999-017F,25775,DEB,,US,1999-04-09,AFETR,,,,,,,NEA,EA,ORB
IRIDIUM 14,1999-032A,25777,PAY,D,US,1999-06-11,TAISC,2019-03-15,87.75,86.62,206,121,3.2138,,EA,IMP
IRIDIUM 21,1999-032B,25778,PAY,D,US,1999-06-11,TAISC,2018-05-24,87.47,86.37,171,128,3.3170,,EA,IMP
CZ-2C R/B,1999-032C,25779,R/B,D,PRC,1999-06-11,TAISC,1999-07-13,87.14,86.35,147,118,12.8320,,EA,IMP
CZ-2C DEB [DISPENSER],1999-032D,25780,DEB,D,PRC,1999-06-11,TAISC,1999-07-25,87.16,86.32,147,120,3.5840,,EA,IMP
CZ-2C DEB,1999-032E,25781,DEB,D,PRC,1999-06-11,TAISC,1999-06-15,90.69,86.06,457,160,,,EA,IMP
CZ-2C DEB,1999-032F,25782,DEB,D,PRC,1999-06-11,TAISC,1999-06-15,89.73,86.63,369,154,0.0440,,EA,IMP
CZ-2C DEB,1999-032G,25783,DEB,D,PRC,1999-06-11,TAISC,1999-06-13,94.10,86.69,777,173,,,EA,IMP
CZ-2C DEB,1999-032H,25784,DEB,D,PRC,1999-06-11,TAISC,1999-06-15,92.36,86.11,616,164,,,EA,IMP
ASTRA 1H,1999-033A,25785,PAY,-,SES,1999-06-18,TYMSC,,1455.36,10.77,36210,36116,201.5215,,EA,ORB
SL-12 R/B(1),1999-033B,25786,R/B,D,CIS,1999-06-18,TYMSC,1999-06-19,87.37,51.60,161,128,17.1000,,EA,IMP
SL-12 PLAT,1999-033C,25787,DEB,D,CIS,1999-06-18,TYMSC,1999-06-19,87.14,51.59,142,123,,,EA,IMP
SL-12 R/B(2),1999-033D,25788,R/B,,CIS,1999-06-18,TYMSC,,774.97,17.51,35760,7380,28.7663,,EA,ORB
QUIKSCAT,1999-034A,25789,PAY,-,US,1999-06-20,AFWTR,,99.19,98.26,788,651,2.7614,,EA,ORB
TITAN 2 R/B,1999-034B,25790,R/B,D,US,1999-06-20,AFWTR,1999-12-20,87.24,98.54,152,123,11.3973,,EA,IMP
FUSE 1,1999-035A,25791,PAY,-,US,1999-06-24,AFETR,,99.69,24.99,751,736,7.2197,,EA,ORB
DELTA 2 R/B,1999-035B,25792,R/B,D,US,1999-06-24,AFETR,1999-08-04,87.88,19.04,204,135,11.0000,,EA,IMP
MOLNIYA 3-50,1999-036A,25847,PAY,,CIS,1999-07-08,PLMSC,,717.71,63.53,38125,2226,14.7070,,EA,ORB
SL-6 R/B(1),1999-036B,25848,R/B,D,CIS,1999-07-08,PLMSC,1999-07-24,88.27,62.80,209,169,9.7300,,EA,IMP
SL-6 PLAT,1999-036C,25849,DEB,D,CIS,1999-07-08,PLMSC,1999-07-21,87.75,62.79,184,142,2.8050,,EA,IMP
SL-6 R/B(2),1999-036D,25850,R/B,,CIS,1999-07-08,PLMSC,,732.06,63.77,38855,2202,6.0254,,EA,ORB
GLOBALSTAR M035,1999-037A,25851,PAY,-,GLOB,1999-07-10,AFETR,,130.37,51.99,2151,2127,2.1910,,EA,ORB
GLOBALSTAR M032,1999-037B,25852,PAY,-,GLOB,1999-07-10,AFETR,,128.68,52.00,2076,2054,2.4658,,EA,ORB
GLOBALSTAR M051,1999-037C,25853,PAY,-,GLOB,1999-07-10,AFETR,,126.07,51.98,1951,1949,2.3919,,EA,ORB
GLOBALSTAR M030,1999-037D,25854,PAY,-,GLOB,1999-07-10,AFETR,,124.66,51.98,1891,1885,2.2432,,EA,ORB
DELTA 2 R/B,1999-037E,25855,R/B,D,US,1999-07-10,AFETR,2003-05-16,87.50,52.09,161,141,11.0509,,EA,IMP
PROGRESS-M 42,1999-038A,25858,PAY,D,CIS,1999-07-16,TYMSC,2000-02-04,90.73,51.65,322,299,17.1000,,EA,IMP
SL-4 R/B,1999-038B,25859,R/B,D,CIS,1999-07-16,TYMSC,1999-07-19,87.98,51.64,181,167,22.1000,,EA,IMP
OKEAN-O,1999-039A,25860,PAY,,CIS,1999-07-17,TYMSC,,97.26,97.93,629,626,18.3740,,EA,ORB
SL-16 R/B,1999-039B,25861,R/B,,CIS,1999-07-17,TYMSC,,97.17,97.98,635,612,12.3440,,EA,ORB
SL-16 DEB,1999-039C,25862,DEB,,CIS,1999-07-17,TYMSC,,99.69,97.74,854,634,0.0798,,EA,ORB
SL-16 DEB,1999-039D,25863,DEB,,CIS,1999-07-17,TYMSC,,99.53,98.36,841,631,0.0827,,EA,ORB
SL-16 DEB,1999-039E,25864,DEB,,CIS,1999-07-17,TYMSC,,99.92,98.52,870,640,0.0800,,EA,ORB
SL-16 DEB,1999-039F,25865,DEB,,CIS,1999-07-17,TYMSC,,100.20,97.83,894,642,0.0868,,EA,ORB
STS 93,1999-040A,25866,PAY,D,US,1999-07-23,AFETR,1999-07-28,89.91,28.47,280,260,,,EA,LAN
CXO,1999-040B,25867,PAY,+,US,1999-07-23,AFETR,,3809.94,57.07,136889,11964,8.3048,,EA,ORB
IUS R/B(1),1999-040C,25868,R/B,,US,1999-07-23,AFETR,,208.73,28.47,10319,237,10.2113,,EA,ORB
IUS R/B(2),1999-040D,25869,R/B,,US,1999-07-23,AFETR,,1480.87,27.37,72433,884,5.9855,,EA,ORB
GLOBALSTAR M048,1999-041A,25872,PAY,-,GLOB,1999-07-25,AFETR,,127.00,51.94,2002,1981,2.3241,,EA,ORB
GLOBALSTAR M026,1999-041B,25873,PAY,-,GLOB,1999-07-25,AFETR,,130.10,52.00,2129,2125,2.3316,,EA,ORB
GLOBALSTAR M043,1999-041C,25874,PAY,-,GLOB,1999-07-25,AFETR,,127.92,51.94,2043,2020,2.0170,,EA,ORB
GLOBALSTAR M028,1999-041D,25875,PAY,-,GLOB,1999-07-25,AFETR,,115.14,51.97,1511,1413,2.4586,,EA,ORB
DELTA 2 R/B,1999-041E,25876,R/B,,US,1999-07-25,AFETR,,101.97,51.76,1214,489,8.6876,,EA,ORB
TELKOM 1,1999-042A,25880,PAY,-,INDO,1999-08-12,FRGUI,,1436.42,7.83,35852,35733,19.9526,,EA,ORB
ARIANE 42P R/B,1999-042B,25881,R/B,D,FR,1999-08-12,FRGUI,2014-03-10,89.90,6.67,402,137,20.1951,,EA,IMP
GLOBALSTAR M024,1999-043A,25883,PAY,-,GLOB,1999-08-17,AFETR,,129.71,52.00,2112,2108,2.3881,,EA,ORB
GLOBALSTAR M027,1999-043B,25884,PAY,-,GLOB,1999-08-17,AFETR,,130.39,52.02,2158,2121,2.1590,,EA,ORB
GLOBALSTAR M054,1999-043C,25885,PAY,-,GLOB,1999-08-17,AFETR,,126.40,52.01,1969,1961,2.3205,,EA,ORB
GLOBALSTAR M053,1999-043D,25886,PAY,-,GLOB,1999-08-17,AFETR,,127.70,51.99,2025,2019,2.0626,,EA,ORB
DELTA 2 R/B,1999-043E,25887,R/B,D,US,1999-08-17,AFETR,2002-09-21,87.35,52.20,148,138,14.3674,,EA,IMP
COSMOS 2365,1999-044A,25889,PAY,D,CIS,1999-08-18,PLMSC,1999-12-15,88.03,67.09,198,156,19.0438,,EA,IMP
SL-4 R/B,1999-044B,25890,R/B,D,CIS,1999-08-18,PLMSC,1999-08-22,87.18,67.09,156,113,20.3300,,EA,IMP
SL-4 DEB,1999-044C,25891,DEB,D,CIS,1999-08-18,PLMSC,1999-08-19,88.93,67.14,285,158,0.0100,,EA,IMP
COSMOS 2366,1999-045A,25892,PAY,-,CIS,1999-08-26,PLMSC,,104.75,82.93,1006,959,2.1236,,EA,ORB
SL-8 R/B,1999-045B,25893,R/B,,CIS,1999-08-26,PLMSC,,104.59,82.92,997,953,4.3764,,EA,ORB
ABS-7,1999-046A,25894,PAY,-,ABS,1999-09-04,FRGUI,,1440.41,6.64,35881,35861,31.6228,,EA,ORB
ARIANE 42P R/B,1999-046B,25895,R/B,D,FR,1999-09-04,FRGUI,2003-06-06,89.19,7.07,343,126,10.0000,,EA,IMP
YAMAL 101,1999-047A,25896,PAY,-,CIS,1999-09-06,TYMSC,,1442.07,14.62,36271,35536,1.7390,,EA,ORB
YAMAL 102,1999-047B,25897,PAY,-,CIS,1999-09-06,TYMSC,,1440.10,13.74,35872,35858,10.0000,,EA,ORB
SL-12 R/B(1),1999-047C,25898,R/B,D,CIS,1999-09-06,TYMSC,1999-09-07,87.13,51.64,153,112,25.0000,,EA,IMP
SL-12 PLAT,1999-047D,25899,DEB,D,CIS,1999-09-06,TYMSC,1999-09-07,87.24,51.63,152,123,4.0000,,EA,IMP
SL-12 R/B(2),1999-047E,25900,R/B,,CIS,1999-09-06,TYMSC,,1438.19,14.53,36256,35400,1.9952,,EA,ORB
SL-12 DEB,1999-047F,25901,DEB,D,CIS,1999-09-06,TYMSC,1999-09-07,90.63,51.06,532,79,0.2000,,EA,IMP
FOTON 12,1999-048A,25902,PAY,D,CIS,1999-09-09,PLMSC,1999-09-24,90.32,62.80,365,215,7.4930,,EA,IMP
SL-4 R/B,1999-048B,25903,R/B,D,CIS,1999-09-09,PLMSC,1999-09-25,87.42,62.80,149,145,10.7652,,EA,IMP
GLOBALSTAR M058,1999-049A,25907,PAY,-,GLOB,1999-09-22,TYMSC,,120.68,52.00,1714,1709,2.1977,,EA,ORB
GLOBALSTAR M050,1999-049B,25908,PAY,-,GLOB,1999-09-22,TYMSC,,119.26,52.00,1655,1640,1.8565,,EA,ORB
GLOBALSTAR M033,1999-049C,25909,PAY,-,GLOB,1999-09-22,TYMSC,,118.00,51.99,1602,1580,2.4202,,EA,ORB
GLOBALSTAR M055,1999-049D,25910,PAY,-,GLOB,1999-09-22,TYMSC,,117.13,52.00,1557,1546,1.9693,,EA,ORB
SL-4 R/B(1),1999-049E,25911,R/B,D,CIS,1999-09-22,TYMSC,2000-02-17,87.56,51.92,177,131,13.4513,,EA,IMP
SL-4 R/B(2),1999-049F,25912,R/B,D,CIS,1999-09-22,TYMSC,1999-09-24,103.58,51.96,957,898,4.9726,,EA,IMP
ECHOSTAR 5,1999-050A,25913,PAY,-,US,1999-09-23,AFETR,,1458.28,12.08,36225,36214,15.8866,,EA,ORB
ATLAS 2A CENTAUR R/B,1999-050B,25914,R/B,D,US,1999-09-23,AFETR,1999-11-30,90.75,26.10,524,99,26.3568,,EA,IMP
FOTON 12 DEB,1999-048C,25915,DEB,D,CIS,1999-09-09,PLMSC,1999-09-30,89.81,62.79,289,241,0.0660,,EA,IMP
FOTON 12 DEB,1999-048D,25916,DEB,D,CIS,1999-09-09,PLMSC,1999-10-11,88.14,62.77,195,170,1.2600,,EA,IMP
FOTON 12 DEB,1999-048E,25917,DEB,D,CIS,1999-09-09,PLMSC,1999-10-23,87.21,62.78,146,127,0.8964,,EA,IMP
FOTON 12 DEB,1999-048F,25918,DEB,D,CIS,1999-09-09,PLMSC,1999-10-03,87.85,62.75,188,148,0.1500,,EA,IMP
IKONOS 2,1999-051A,25919,PAY,-,US,1999-09-24,AFWTR,,96.16,98.12,579,570,3.8730,,EA,ORB
ATHENA 2 R/B(OAM),1999-051B,25920,R/B,D,US,1999-09-24,AFWTR,1999-09-28,87.82,97.69,237,96,4.5000,,EA,IMP
ATHENA 2 R/B,1999-051C,25921,R/B,D,US,1999-09-24,AFWTR,1999-10-25,87.09,98.17,140,121,2.3321,,EA,IMP
GALAXY 27 (G-27),1999-052A,25922,PAY,-,ITSO,1999-09-25,FRGUI,,1454.26,10.40,36205,36078,15.8489,,EA,ORB
ARIANE 44LP R/B,1999-052B,25923,R/B,D,FR,1999-09-25,FRGUI,1999-12-11,96.84,6.32,1123,92,7.9433,,EA,IMP
ABS-6,1999-053A,25924,PAY,+,ABS,1999-09-26,TYMSC,,1436.06,0.07,35800,35772,39.8107,,EA,ORB
SL-12 R/B(1),1999-053B,25925,R/B,D,CIS,1999-09-26,TYMSC,1999-09-28,87.01,51.59,138,115,,,EA,IMP
SL-12 PLAT,1999-053C,25926,DEB,D,CIS,1999-09-26,TYMSC,1999-09-27,87.29,51.58,151,129,,,EA,IMP
SL-12 R/B(2),1999-053D,25927,R/B,,CIS,1999-09-26,TYMSC,,760.50,17.58,35937,6505,22.8263,,EA,ORB
RESURS F-1M,1999-054A,25929,PAY,D,CIS,1999-09-28,PLMSC,1999-10-22,89.04,82.32,240,214,16.9300,,EA,IMP
SL-4 R/B,1999-054B,25930,R/B,D,CIS,1999-09-28,PLMSC,1999-10-01,87.11,82.32,135,127,24.2100,,EA,IMP
NAVSTAR 46 (USA 145),1999-055A,25933,PAY,B,US,1999-10-07,AFETR,,717.99,51.40,20463,19902,3.9810,,EA,ORB
DELTA 2 R/B(1),1999-055B,25934,R/B,D,US,1999-10-07,AFETR,1999-11-23,88.02,33.32,219,135,11.6003,,EA,IMP
DELTA 2 R/B(2) [PAM-D],1999-055C,25935,R/B,D,US,1999-10-07,AFETR,2011-03-06,87.76,38.54,192,135,2.6331,,EA,IMP
DIRECTV 1R,1999-056A,25937,PAY,-,US,1999-10-10,SEAL,,1455.17,10.80,36172,36146,3.9811,,EA,ORB
BLOCK DM-SL R/B,1999-056B,25938,R/B,,SEAL,1999-10-10,SEAL,,678.72,0.94,35757,2653,22.8525,,EA,ORB
CBERS 1 (ZY 1A),1999-057A,25940,PAY,,CHBZ,1999-10-14,TAISC,,100.21,98.85,772,765,3.2248,,EA,ORB
SACI 1,1999-057B,25941,PAY,,BRAZ,1999-10-14,TAISC,,98.97,98.63,716,703,0.4685,,EA,ORB
CZ-4B R/B,1999-057C,25942,R/B,,PRC,1999-10-14,TAISC,,100.11,98.72,832,695,5.2324,,EA,ORB
GLOBALSTAR M057,1999-058A,25943,PAY,-,GLOB,1999-10-18,TYMSC,,117.57,52.00,1573,1570,2.3506,,EA,ORB
GLOBALSTAR M059,1999-058B,25944,PAY,-,GLOB,1999-10-18,TYMSC,,120.00,52.00,1682,1680,2.4682,,EA,ORB
GLOBALSTAR M056,1999-058C,25945,PAY,-,GLOB,1999-10-18,TYMSC,,119.52,52.00,1660,1659,2.3214,,EA,ORB
GLOBALSTAR M031,1999-058D,25946,PAY,-,GLOB,1999-10-18,TYMSC,,118.42,52.00,1611,1609,2.3172,,EA,ORB
SL-4 R/B(1),1999-058E,25947,R/B,D,CIS,1999-10-18,TYMSC,2000-03-04,87.49,51.90,164,136,17.4585,,EA,IMP
SL-4 R/B(2),1999-058F,25948,R/B,D,CIS,1999-10-18,TYMSC,1999-10-20,103.43,51.96,949,893,15.5500,,EA,IMP
TELSTAR 12 (ORION 2),1999-059A,25949,PAY,-,US,1999-10-19,FRGUI,,1461.91,8.84,36329,36252,30.1307,,EA,ORB
ARIANE 44LP R/B,1999-059B,25950,R/B,D,FR,1999-10-19,FRGUI,2000-01-27,106.41,6.01,2026,95,19.9067,,EA,IMP
RESURS DEB,1999-054C,25951,DEB,D,CIS,1999-09-28,PLMSC,1999-10-23,87.93,82.38,195,149,1.2310,,EA,IMP
RESURS DEB,1999-054D,25952,DEB,D,CIS,1999-09-28,PLMSC,1999-10-22,87.95,82.31,183,163,0.1000,,EA,IMP
RESURS DEB,1999-054E,25953,DEB,D,CIS,1999-09-28,PLMSC,1999-10-31,86.85,82.31,125,112,1.3000,,EA,IMP
AMC-4 (GE-4),1999-060A,25954,PAY,-,SES,1999-11-13,FRGUI,,1452.53,5.42,36126,36089,19.3275,,EA,ORB
ARIANE 44LP R/B,1999-060B,25955,R/B,D,FR,1999-11-13,FRGUI,2005-10-15,90.64,6.18,497,115,25.8007,,EA,IMP
SHENZHOU-1 (SZ-1),1999-061A,25956,PAY,D,PRC,1999-11-19,JSC,1999-11-21,89.61,42.60,315,195,,,EA,LAN
CZ-5 R/B,1999-061B,25957,R/B,D,PRC,1999-11-19,JSC,1999-11-27,87.14,42.61,144,122,7.1280,,EA,IMP
CZ-5 DEB,1999-061C,25958,DEB,D,PRC,1999-11-19,JSC,1999-11-21,89.35,42.82,330,155,0.8000,,EA,IMP
CZ-5 DEB,1999-061D,25959,DEB,D,PRC,1999-11-19,JSC,1999-11-21,90.42,42.47,409,181,0.0516,,EA,IMP
SZ-1 DEB,1999-061E,25960,DEB,D,PRC,1999-11-19,JSC,1999-12-01,87.68,42.59,174,145,8.2880,,EA,IMP
GLOBALSTAR M039,1999-062A,25961,PAY,-,GLOB,1999-11-22,TYMSC,,114.07,51.99,1415,1412,2.3619,,EA,ORB
GLOBALSTAR M034,1999-062B,25962,PAY,-,GLOB,1999-11-22,TYMSC,,122.09,51.99,1786,1762,2.3174,,EA,ORB
GLOBALSTAR M029,1999-062C,25963,PAY,-,GLOB,1999-11-22,TYMSC,,120.01,51.98,1683,1680,2.4340,,EA,ORB
GLOBALSTAR M061,1999-062D,25964,PAY,-,GLOB,1999-11-22,TYMSC,,122.37,51.98,1792,1781,1.9293,,EA,ORB
SL-4 R/B(1),1999-062E,25965,R/B,D,CIS,1999-11-22,TYMSC,2000-03-20,87.75,51.93,186,140,12.4089,,EA,IMP
SL-4 R/B(2),1999-062F,25966,R/B,D,CIS,1999-11-22,TYMSC,1999-11-24,103.43,51.96,945,897,,,EA,IMP
UFO 10 (USA 146),1999-063A,25967,PAY,+,US,1999-11-23,AFETR,,1436.09,9.88,35799,35773,0.5186,,EA,ORB
ATLAS 2A CENTAUR R/B,1999-063B,25968,R/B,,US,1999-11-23,AFETR,,124.68,26.76,3602,177,13.4837,,EA,ORB
HELIOS 1B,1999-064A,25977,PAY,-,FR,1999-12-03,FRGUI,,96.76,98.15,604,603,6.7564,,EA,ORB
CLEMENTINE,1999-064B,25978,PAY,-,FR,1999-12-03,FRGUI,,93.34,98.15,438,437,0.6891,,EA,ORB
ARIANE 40 R/B,1999-064C,25979,R/B,,FR,1999-12-03,FRGUI,,93.69,98.16,457,453,11.1683,,EA,ORB
ORBCOMM FM30,1999-065A,25980,PAY,-,ORB,1999-12-04,ERAS,,100.12,45.03,770,759,0.5856,,EA,ORB
ORBCOMM FM31,1999-065B,25981,PAY,-,ORB,1999-12-04,ERAS,,100.13,45.02,768,761,0.5580,,EA,ORB
ORBCOMM FM32,1999-065C,25982,PAY,+,ORB,1999-12-04,ERAS,,100.19,45.01,772,763,0.8489,,EA,ORB
ORBCOMM FM33,1999-065D,25983,PAY,-,ORB,1999-12-04,ERAS,,99.93,45.03,761,749,0.7299,,EA,ORB
ORBCOMM FM36,1999-065E,25984,PAY,-,ORB,1999-12-04,ERAS,,100.05,45.04,765,757,0.5581,,EA,ORB
ORBCOMM FM35,1999-065F,25985,PAY,-,ORB,1999-12-04,ERAS,,100.13,45.04,768,762,0.5640,,EA,ORB
ORBCOMM FM34,1999-065G,25986,PAY,-,ORB,1999-12-04,ERAS,,100.14,45.04,769,761,0.5445,,EA,ORB
PEGASUS R/B(1),1999-065H,25987,R/B,D,US,1999-12-04,ERAS,2002-04-19,87.40,44.97,148,144,1.1477,,EA,IMP
PEGASUS R/B(2),1999-065J,25988,R/B,D,US,1999-12-04,ERAS,2002-02-01,88.18,40.94,198,171,0.9557,,EA,IMP
XMM-NEWTON,1999-066A,25989,PAY,+,ESA,1999-12-10,FRGUI,,2872.71,64.14,91729,29395,10.0237,,EA,ORB
ARIANE 5 R/B,1999-066B,25990,R/B,,FR,1999-12-10,FRGUI,,2603.82,71.48,93498,19136,6.3095,,EA,ORB
DMSP 5D-3 F15 (USA 147),1999-067A,25991,PAY,-,US,1999-12-12,AFWTR,,101.58,98.99,841,826,3.9811,,EA,ORB
DMSP 5D-3 F15 DEB,1999-067B,25992,DEB,,US,1999-12-12,AFWTR,,99.35,98.18,733,723,0.0460,,EA,ORB
DMSP 5D-3 F15 DEB,1999-067C,25993,DEB,,US,1999-12-12,AFWTR,,98.89,98.35,709,702,0.0530,,EA,ORB
TERRA,1999-068A,25994,PAY,X,US,1999-12-18,AFWTR,,98.55,97.94,692,687,12.4440,,EA,ORB
ATLAS 2A CENTAUR R/B,1999-068B,25995,R/B,D,US,1999-12-18,AFWTR,2000-09-21,87.40,98.20,156,135,11.9677,,EA,IMP
STS 103,1999-069A,25996,PAY,D,US,1999-12-20,AFETR,1999-12-28,96.40,28.47,609,563,,,EA,LAN
ARIRANG-1 (KOMPSAT-1),1999-070A,26032,PAY,-,SKOR,1999-12-21,AFWTR,,97.51,98.31,643,636,2.1503,,EA,ORB
ACRIMSAT,1999-070B,26033,PAY,-,US,1999-12-21,AFWTR,,98.23,98.35,692,656,0.4973,,EA,ORB
CELESTIS-03 & TAURUS R/B,1999-070C,26034,PAY,D,US,1999-12-21,AFWTR,2023-08-05,87.84,98.25,178,157,1.1892,,EA,IMP
TAURUS DEB,1999-070D,26035,DEB,,US,1999-12-21,AFWTR,,98.29,98.39,694,660,2.7337,,EA,ORB
GALAXY 11 (G-11),1999-071A,26038,PAY,-,US,1999-12-22,FRGUI,,1454.15,6.91,36176,36102,248.6225,,EA,ORB
ARIANE 44L R/B,1999-071B,26039,R/B,D,FR,1999-12-22,FRGUI,2014-04-11,95.02,5.21,920,119,22.7193,,EA,IMP
COSMOS 2367,1999-072A,26040,PAY,D,CIS,1999-12-26,TYMSC,2002-07-19,87.57,64.96,167,142,21.9784,,EA,IMP
SL-11 R/B,1999-072B,26041,R/B,D,CIS,1999-12-26,TYMSC,1999-12-27,87.03,64.97,156,98,25.0000,,EA,IMP
COSMOS 2368,1999-073A,26042,PAY,,CIS,1999-12-27,PLMSC,,718.71,66.78,37234,3167,6.3170,,EA,ORB
SL-6 R/B(1),1999-073B,26043,R/B,D,CIS,1999-12-27,PLMSC,2000-02-07,87.15,62.78,141,125,9.7779,,EA,IMP
SL-6 PLAT,1999-073C,26044,DEB,D,CIS,1999-12-27,PLMSC,2000-01-22,87.43,62.81,166,128,1.1351,,EA,IMP
SL-6 R/B(2),1999-073D,26045,R/B,,CIS,1999-12-27,PLMSC,,662.89,62.29,37462,149,6.3063,,EA,ORB
SL-12 R/B(AUX MOTOR),1999-047G,26055,R/B,D,CIS,1999-09-06,TYMSC,2000-01-25,97.93,47.53,1210,110,1.3750,,EA,IMP
SL-12 R/B(AUX MOTOR),1999-047H,26060,R/B,D,CIS,1999-09-06,TYMSC,2000-03-15,103.08,47.72,1655,154,0.3130,,EA,IMP
IUS DEB,1999-040E,26076,DEB,,US,1999-07-23,AFETR,,214.71,28.39,10623,376,0.0024,,EA,ORB
IUS DEB,1999-040F,26078,DEB,,US,1999-07-23,AFETR,,215.87,28.41,10768,316,0.0020,,EA,ORB
CZ-4B DEB,1999-057D,26112,DEB,D,PRC,1999-10-14,TAISC,2000-03-31,88.55,98.51,244,161,0.1120,,EA,IMP
CZ-4B DEB,1999-057E,26118,DEB,,PRC,1999-10-14,TAISC,,101.92,99.10,1050,649,0.1500,,EA,ORB
CZ-4B DEB,1999-057F,26119,DEB,,PRC,1999-10-14,TAISC,,106.86,99.38,1445,717,0.1566,,EA,ORB
CZ-4B DEB,1999-057G,26120,DEB,D,PRC,1999-10-14,TAISC,2011-11-05,88.02,98.69,187,166,0.2645,,EA,IMP
CZ-4B DEB,1999-057H,26121,DEB,,PRC,1999-10-14,TAISC,,94.06,98.67,492,453,3.4209,,EA,ORB
CZ-4B DEB,1999-057J,26122,DEB,,PRC,1999-10-14,TAISC,,107.20,98.94,1489,705,0.0936,,EA,ORB
CZ-4B DEB,1999-057K,26123,DEB,,PRC,1999-10-14,TAISC,,98.11,98.66,707,630,0.0370,,EA,ORB
CZ-4B DEB,1999-057L,26124,DEB,D,PRC,1999-10-14,TAISC,2003-01-09,89.29,98.58,248,231,0.0869,,EA,IMP
CZ-4B DEB,1999-057M,26125,DEB,,PRC,1999-10-14,TAISC,,101.96,99.21,1023,680,0.0639,,EA,ORB
CZ-4B DEB,1999-057N,26126,DEB,,PRC,1999-10-14,TAISC,,99.62,98.63,807,674,0.0159,,EA,ORB
CZ-4B DEB,1999-057P,26127,DEB,,PRC,1999-10-14,TAISC,,96.30,98.46,616,546,0.0350,,EA,ORB
CZ-4B DEB,1999-057Q,26128,DEB,,PRC,1999-10-14,TAISC,,95.43,98.67,553,525,0.0369,,EA,ORB
CZ-4B DEB,1999-057R,26129,DEB,,PRC,1999-10-14,TAISC,,105.77,99.01,1353,708,0.1271,,EA,ORB
CZ-4B DEB,1999-057S,26130,DEB,D,PRC,1999-10-14,TAISC,2011-08-06,87.91,98.33,179,163,0.0646,,EA,IMP
CZ-4B DEB,1999-057T,26131,DEB,D,PRC,1999-10-14,TAISC,2005-04-05,89.22,98.35,240,232,0.0415,,EA,IMP
CZ-4B DEB,1999-057U,26132,DEB,,PRC,1999-10-14,TAISC,,98.85,98.64,775,632,0.0370,,EA,ORB
CZ-4B DEB,1999-057V,26133,DEB,D,PRC,1999-10-14,TAISC,2000-10-25,89.03,97.77,244,209,0.1551,,EA,IMP
CZ-4B DEB,1999-057W,26134,DEB,,PRC,1999-10-14,TAISC,,105.39,98.98,1321,704,0.0590,,EA,ORB
CZ-4B DEB,1999-057X,26135,DEB,D,PRC,1999-10-14,TAISC,2005-06-07,88.24,98.60,201,174,0.1079,,EA,IMP
CZ-4B DEB,1999-057Y,26136,DEB,D,PRC,1999-10-14,TAISC,2000-09-05,88.48,98.40,207,191,0.1131,,EA,IMP
CZ-4B DEB,1999-057Z,26137,DEB,,PRC,1999-10-14,TAISC,,102.02,98.94,1063,646,0.1054,,EA,ORB
CZ-4B DEB,1999-057AA,26138,DEB,D,PRC,1999-10-14,TAISC,2000-10-06,90.30,98.23,305,274,0.1360,,EA,IMP
CZ-4B DEB,1999-057AB,26139,DEB,D,PRC,1999-10-14,TAISC,2012-08-20,87.86,98.56,177,160,0.1892,,EA,IMP
CZ-4B DEB,1999-057AC,26140,DEB,,PRC,1999-10-14,TAISC,,98.20,99.34,766,579,0.0990,,EA,ORB
CZ-4B DEB,1999-057AD,26141,DEB,D,PRC,1999-10-14,TAISC,2023-11-08,87.01,98.40,133,120,1.5010,,EA,IMP
CZ-4B DEB,1999-057AE,26142,DEB,,PRC,1999-10-14,TAISC,,103.75,98.72,1153,719,0.0400,,EA,ORB
CZ-4B DEB,1999-057AF,26143,DEB,,PRC,1999-10-14,TAISC,,106.85,99.00,1435,726,0.0400,,EA,ORB
CZ-4B DEB,1999-057AG,26144,DEB,D,PRC,1999-10-14,TAISC,2000-10-22,89.83,98.72,281,251,0.0063,,EA,IMP
CZ-4B DEB,1999-057AH,26145,DEB,D,PRC,1999-10-14,TAISC,2012-11-14,88.99,97.87,241,208,0.0200,,EA,IMP
DMSP 5D-3 F15 DEB,1999-067D,26146,DEB,D,US,1999-12-12,AFWTR,2023-05-29,91.20,98.78,348,318,0.1190,,EA,IMP
DMSP 5D-3 F15 DEB,1999-067E,26147,DEB,,US,1999-12-12,AFWTR,,96.36,98.82,586,583,0.0671,,EA,ORB
CZ-4B DEB,1999-057AJ,26148,DEB,D,PRC,1999-10-14,TAISC,2002-03-26,88.85,97.91,224,212,0.0128,,EA,IMP
CZ-4B DEB,1999-057AK,26149,DEB,D,PRC,1999-10-14,TAISC,2000-09-30,87.98,98.42,181,168,0.1277,,EA,IMP
CZ-4B DEB,1999-057AL,26150,DEB,,PRC,1999-10-14,TAISC,,104.19,99.09,1206,707,0.0143,,EA,ORB
CZ-4B DEB,1999-057AM,26151,DEB,,PRC,1999-10-14,TAISC,,109.15,99.45,1653,721,0.1265,,EA,ORB
CZ-4B DEB,1999-057AN,26152,DEB,,PRC,1999-10-14,TAISC,,107.58,99.14,1504,725,0.0184,,EA,ORB
CZ-4B DEB,1999-057AP,26153,DEB,D,PRC,1999-10-14,TAISC,2000-12-30,88.85,98.25,226,210,0.0460,,EA,IMP
CZ-4B DEB,1999-057AQ,26154,DEB,,PRC,1999-10-14,TAISC,,107.43,99.54,1497,719,0.1296,,EA,ORB
CZ-4B DEB,1999-057AR,26155,DEB,,PRC,1999-10-14,TAISC,,98.26,98.53,758,593,0.0620,,EA,ORB
CZ-4B DEB,1999-057AS,26156,DEB,D,PRC,1999-10-14,TAISC,2014-01-11,87.82,98.66,174,160,0.0460,,EA,IMP
CZ-4B DEB,1999-057AT,26157,DEB,D,PRC,1999-10-14,TAISC,2015-02-17,87.62,98.63,162,151,0.0771,,EA,IMP
CZ-4B DEB,1999-057AU,26158,DEB,,PRC,1999-10-14,TAISC,,100.71,98.95,919,665,0.1149,,EA,ORB
CZ-4B DEB,1999-057AV,26159,DEB,,PRC,1999-10-14,TAISC,,102.63,99.38,1096,670,0.1382,,EA,ORB
CZ-4B DEB,1999-057AW,26160,DEB,D,PRC,1999-10-14,TAISC,2002-01-27,89.56,97.68,265,240,0.2239,,EA,IMP
CZ-4B DEB,1999-057AX,26161,DEB,D,PRC,1999-10-14,TAISC,2001-04-07,88.79,99.26,223,207,0.0571,,EA,IMP
CZ-4B DEB,1999-057AY,26162,DEB,,PRC,1999-10-14,TAISC,,101.79,99.08,1027,660,0.1817,,EA,ORB
CZ-4B DEB,1999-057AZ,26163,DEB,D,PRC,1999-10-14,TAISC,2001-10-08,88.64,97.68,216,198,0.0671,,EA,IMP
CZ-4B DEB,1999-057BA,26164,DEB,D,PRC,1999-10-14,TAISC,2000-12-09,90.05,98.69,294,259,0.0584,,EA,IMP
CZ-4B DEB,1999-057BB,26165,DEB,D,PRC,1999-10-14,TAISC,2002-11-01,88.92,97.50,228,215,0.3459,,EA,IMP
CZ-4B DEB,1999-057BC,26166,DEB,D,PRC,1999-10-14,TAISC,2009-11-17,88.21,98.34,197,175,0.0960,,EA,IMP
CZ-4B DEB,1999-057BD,26167,DEB,D,PRC,1999-10-14,TAISC,2000-11-04,88.67,98.47,223,195,0.2557,,EA,IMP
CZ-4B DEB,1999-057BE,26168,DEB,,PRC,1999-10-14,TAISC,,100.29,98.79,846,699,0.1506,,EA,ORB
CZ-4B DEB,1999-057BF,26169,DEB,D,PRC,1999-10-14,TAISC,2003-05-19,88.19,98.67,192,179,0.0726,,EA,IMP
CZ-4B DEB,1999-057BG,26170,DEB,D,PRC,1999-10-14,TAISC,2000-11-13,88.76,98.86,233,194,0.3257,,EA,IMP
CZ-4B DEB,1999-057BH,26171,DEB,D,PRC,1999-10-14,TAISC,2000-12-01,89.67,98.44,272,245,0.1165,,EA,IMP
CZ-4B DEB,1999-057BJ,26172,DEB,D,PRC,1999-10-14,TAISC,2018-01-10,87.63,98.58,162,152,0.0980,,EA,IMP
CZ-4B DEB,1999-057BK,26173,DEB,D,PRC,1999-10-14,TAISC,2001-03-25,88.39,98.67,213,176,0.1013,,EA,IMP
CZ-4B DEB,1999-057BL,26174,DEB,D,PRC,1999-10-14,TAISC,2001-10-25,88.12,98.52,199,164,0.0665,,EA,IMP
CZ-4B DEB,1999-057BM,26175,DEB,,PRC,1999-10-14,TAISC,,104.39,98.73,1209,723,0.0580,,EA,ORB
CZ-4B DEB,1999-057BN,26176,DEB,D,PRC,1999-10-14,TAISC,2001-04-07,90.14,98.39,301,262,0.0085,,EA,IMP
CZ-4B DEB,1999-057BP,26177,DEB,D,PRC,1999-10-14,TAISC,2001-03-29,91.73,98.28,377,342,0.0434,,EA,IMP
CZ-4B DEB,1999-057BQ,26178,DEB,D,PRC,1999-10-14,TAISC,2024-07-10,89.28,98.46,254,224,0.0370,,EA,IMP
CZ-4B DEB,1999-057BR,26179,DEB,D,PRC,1999-10-14,TAISC,2002-08-04,91.06,98.36,336,317,0.0176,,EA,IMP
CZ-4B DEB,1999-057BS,26180,DEB,D,PRC,1999-10-14,TAISC,2002-08-04,88.29,98.72,200,180,0.0698,,EA,IMP
CZ-4B DEB,1999-057BT,26181,DEB,,PRC,1999-10-14,TAISC,,98.30,98.66,686,669,0.0290,,EA,ORB
CZ-4B DEB,1999-057BU,26182,DEB,D,PRC,1999-10-14,TAISC,2003-02-28,88.10,98.70,186,174,0.0657,,EA,IMP
CZ-4B DEB,1999-057BV,26183,DEB,D,PRC,1999-10-14,TAISC,2002-04-23,88.99,98.64,233,215,0.0577,,EA,IMP
CZ-4B DEB,1999-057BW,26184,DEB,,PRC,1999-10-14,TAISC,,100.15,98.73,841,690,0.0530,,EA,ORB
CZ-4B DEB,1999-057BX,26185,DEB,D,PRC,1999-10-14,TAISC,2004-10-23,88.18,98.43,191,179,0.0141,,EA,IMP
CZ-4B DEB,1999-057BY,26186,DEB,D,PRC,1999-10-14,TAISC,2012-09-01,88.14,98.38,192,173,2.0000,,EA,IMP
CZ-4B DEB,1999-057BZ,26187,DEB,,PRC,1999-10-14,TAISC,,96.60,98.55,628,563,0.0270,,EA,ORB
CZ-4B DEB,1999-057CA,26188,DEB,D,PRC,1999-10-14,TAISC,2022-05-15,88.42,98.80,208,184,0.0998,,EA,IMP
CZ-4B DEB,1999-057CB,26189,DEB,D,PRC,1999-10-14,TAISC,2003-10-30,88.40,98.60,203,188,0.0641,,EA,IMP
CZ-4B DEB,1999-057CC,26190,DEB,D,PRC,1999-10-14,TAISC,2000-12-02,91.82,98.62,380,348,0.0668,,EA,IMP
CZ-4B DEB,1999-057CD,26191,DEB,,PRC,1999-10-14,TAISC,,99.36,98.54,790,666,0.0602,,EA,ORB
CZ-4B DEB,1999-057CE,26192,DEB,D,PRC,1999-10-14,TAISC,2002-07-14,88.44,98.55,207,187,0.2418,,EA,IMP
CZ-4B DEB,1999-057CF,26193,DEB,D,PRC,1999-10-14,TAISC,2025-04-17,88.55,98.53,210,195,0.0433,,EA,IMP
CZ-4B DEB,1999-057CG,26194,DEB,,PRC,1999-10-14,TAISC,,97.83,98.19,685,624,0.0360,,EA,ORB
CZ-4B DEB,1999-057CH,26195,DEB,D,PRC,1999-10-14,TAISC,2013-02-15,88.56,98.64,206,201,0.0570,,EA,IMP
CZ-4B DEB,1999-057CJ,26196,DEB,,PRC,1999-10-14,TAISC,,104.43,98.89,1216,720,0.0250,,EA,ORB
CZ-4B DEB,1999-057CK,26197,DEB,D,PRC,1999-10-14,TAISC,2003-10-10,88.81,98.50,222,209,0.0202,,EA,IMP
CZ-4B DEB,1999-057CL,26198,DEB,,PRC,1999-10-14,TAISC,,99.06,98.51,761,667,0.1024,,EA,ORB
CZ-4B DEB,1999-057CM,26199,DEB,,PRC,1999-10-14,TAISC,,97.92,98.34,702,616,0.0410,,EA,ORB
CZ-4B DEB,1999-057CN,26200,DEB,,PRC,1999-10-14,TAISC,,97.37,98.30,662,603,0.0330,,EA,ORB
CZ-4B DEB,1999-057CP,26201,DEB,D,PRC,1999-10-14,TAISC,2001-12-28,89.49,98.46,259,240,0.1157,,EA,IMP
CZ-4B DEB,1999-057CQ,26202,DEB,,PRC,1999-10-14,TAISC,,100.08,98.87,837,688,0.0173,,EA,ORB
CZ-4B DEB,1999-057CR,26203,DEB,,PRC,1999-10-14,TAISC,,100.44,98.35,857,701,0.0467,,EA,ORB
CZ-4B DEB,1999-057CS,26204,DEB,D,PRC,1999-10-14,TAISC,2001-11-30,88.72,98.41,219,204,0.0741,,EA,IMP
CZ-4B DEB,1999-057CT,26205,DEB,,PRC,1999-10-14,TAISC,,109.67,99.16,1698,725,0.0174,,EA,ORB
CZ-4B DEB,1999-057CU,26206,DEB,D,PRC,1999-10-14,TAISC,2000-11-08,90.95,98.38,343,300,0.0504,,EA,IMP
CZ-4B DEB,1999-057CV,26207,DEB,,PRC,1999-10-14,TAISC,,96.66,98.40,637,560,0.0438,,EA,ORB
CZ-4B DEB,1999-057CW,26208,DEB,,PRC,1999-10-14,TAISC,,98.96,98.55,757,661,0.0156,,EA,ORB
CZ-4B DEB,1999-057CX,26209,DEB,,PRC,1999-10-14,TAISC,,98.22,98.65,692,655,0.0378,,EA,ORB
CZ-4B DEB,1999-057CY,26210,DEB,D,PRC,1999-10-14,TAISC,2001-04-08,89.94,98.68,290,253,0.0702,,EA,IMP
CZ-4B DEB,1999-057CZ,26211,DEB,,PRC,1999-10-14,TAISC,,107.99,98.92,1540,727,0.0355,,EA,ORB
CZ-4B DEB,1999-057DA,26212,DEB,D,PRC,1999-10-14,TAISC,2003-09-28,88.45,98.58,205,190,0.1582,,EA,IMP
CZ-4B DEB,1999-057DB,26213,DEB,D,PRC,1999-10-14,TAISC,2012-09-26,87.64,98.70,169,147,0.1300,,EA,IMP
CZ-4B DEB,1999-057DC,26214,DEB,D,PRC,1999-10-14,TAISC,2025-09-10,88.34,98.58,200,185,0.1210,,EA,IMP
CZ-4B DEB,1999-057DD,26215,DEB,D,PRC,1999-10-14,TAISC,2002-12-13,87.52,98.53,157,146,1.2383,,EA,IMP
CZ-4B DEB,1999-057DE,26216,DEB,D,PRC,1999-10-14,TAISC,2002-04-10,90.56,98.43,316,288,0.4551,,EA,IMP
CZ-4B DEB,1999-057DF,26217,DEB,D,PRC,1999-10-14,TAISC,2002-09-15,88.86,98.52,229,207,0.5061,,EA,IMP
CZ-4B DEB,1999-057DG,26218,DEB,D,PRC,1999-10-14,TAISC,2025-05-14,89.23,98.64,250,223,0.0940,,EA,IMP
CZ-4B DEB,1999-057DH,26219,DEB,D,PRC,1999-10-14,TAISC,2003-08-25,88.12,98.62,184,179,0.1390,,EA,IMP
CZ-4B DEB,1999-057DJ,26220,DEB,,PRC,1999-10-14,TAISC,,97.44,98.66,685,587,2.7029,,EA,ORB
CZ-4B DEB,1999-057DK,26221,DEB,D,PRC,1999-10-14,TAISC,2015-03-08,89.13,98.36,240,223,0.2650,,EA,IMP
CZ-4B DEB,1999-057DL,26222,DEB,,PRC,1999-10-14,TAISC,,98.96,98.47,756,662,4.7124,,EA,ORB
CZ-4B DEB,1999-057DM,26223,DEB,D,PRC,1999-10-14,TAISC,2001-01-16,88.74,98.66,224,200,0.0828,,EA,IMP
CZ-4B DEB,1999-057DN,26224,DEB,D,PRC,1999-10-14,TAISC,2002-10-29,88.37,98.63,213,174,0.0981,,EA,IMP
CZ-4B DEB,1999-057DP,26225,DEB,D,PRC,1999-10-14,TAISC,2023-07-29,88.01,98.47,186,165,0.1760,,EA,IMP
CZ-4B DEB,1999-057DQ,26226,DEB,D,PRC,1999-10-14,TAISC,2006-04-14,88.56,98.38,211,195,0.1822,,EA,IMP
CZ-4B DEB,1999-057DR,26227,DEB,,PRC,1999-10-14,TAISC,,98.86,98.47,752,656,0.1320,,EA,ORB
CZ-4B DEB,1999-057DS,26228,DEB,D,PRC,1999-10-14,TAISC,2016-03-07,89.44,98.33,254,239,0.0990,,EA,IMP
CZ-4B DEB,1999-057DT,26229,DEB,D,PRC,1999-10-14,TAISC,2013-11-10,89.46,98.32,257,239,0.1619,,EA,IMP
CZ-4B DEB,1999-057DU,26230,DEB,D,PRC,1999-10-14,TAISC,2014-06-30,88.07,98.70,188,170,0.2549,,EA,IMP
CZ-4B DEB,1999-057DV,26231,DEB,D,PRC,1999-10-14,TAISC,2024-12-21,87.48,98.68,156,143,0.0440,,EA,IMP
CZ-4B DEB,1999-057DW,26232,DEB,D,PRC,1999-10-14,TAISC,2004-01-30,88.51,98.51,213,188,0.1294,,EA,IMP
CZ-4B DEB,1999-057DX,26233,DEB,D,PRC,1999-10-14,TAISC,2024-01-19,87.95,98.50,180,166,0.0764,,EA,IMP
CZ-4B DEB,1999-057DY,26234,DEB,,PRC,1999-10-14,TAISC,,98.92,98.61,716,698,0.0314,,EA,ORB
CZ-4B DEB,1999-057DZ,26235,DEB,,PRC,1999-10-14,TAISC,,91.33,98.48,341,338,0.0490,,EA,ORB
CZ-4B DEB,1999-057EA,26236,DEB,,PRC,1999-10-14,TAISC,,100.02,98.70,822,696,0.1509,,EA,ORB
CZ-4B DEB,1999-057EB,26237,DEB,D,PRC,1999-10-14,TAISC,2001-11-07,90.67,98.92,341,273,0.1674,,EA,IMP
CZ-4B DEB,1999-057EC,26238,DEB,D,PRC,1999-10-14,TAISC,2015-08-05,88.53,98.34,217,187,0.1483,,EA,IMP
CZ-4B DEB,1999-057ED,26239,DEB,D,PRC,1999-10-14,TAISC,2022-05-14,88.76,97.98,224,202,0.0240,,EA,IMP
CZ-4B DEB,1999-057EE,26240,DEB,D,PRC,1999-10-14,TAISC,2000-06-02,88.31,97.67,203,179,0.3120,,EA,IMP
CZ-4B DEB,1999-057EF,26241,DEB,,PRC,1999-10-14,TAISC,,100.37,98.90,853,699,0.0510,,EA,ORB
CZ-4B DEB,1999-057EG,26242,DEB,D,PRC,1999-10-14,TAISC,2002-03-26,88.50,98.50,209,191,0.0510,,EA,IMP
CZ-4B DEB,1999-057EH,26247,DEB,D,PRC,1999-10-14,TAISC,2002-06-03,89.78,98.37,286,241,0.0059,,EA,IMP
CZ-4B DEB,1999-057EJ,26248,DEB,D,PRC,1999-10-14,TAISC,2001-11-07,89.77,98.66,283,243,0.0162,,EA,IMP
CZ-4B DEB,1999-057EK,26249,DEB,D,PRC,1999-10-14,TAISC,2001-04-08,91.66,98.48,386,326,0.0056,,EA,IMP
CZ-4B DEB,1999-057EL,26250,DEB,D,PRC,1999-10-14,TAISC,2001-11-06,89.47,98.37,265,232,0.0191,,EA,IMP
CZ-4B DEB,1999-057EM,26251,DEB,D,PRC,1999-10-14,TAISC,2004-02-12,89.39,98.53,249,239,0.0418,,EA,IMP
CZ-4B DEB,1999-057EN,26252,DEB,D,PRC,1999-10-14,TAISC,2000-12-29,89.63,98.64,302,211,0.0311,,EA,IMP
CZ-4B DEB,1999-057EP,26253,DEB,D,PRC,1999-10-14,TAISC,2014-02-10,87.58,98.49,178,131,0.0470,,EA,IMP
CZ-4B DEB,1999-057EQ,26254,DEB,D,PRC,1999-10-14,TAISC,2000-06-29,92.06,98.74,380,372,0.0371,,EA,IMP
CZ-4B DEB,1999-057ER,26255,DEB,D,PRC,1999-10-14,TAISC,2001-06-12,89.74,98.61,290,233,0.0454,,EA,IMP
CZ-4B DEB,1999-057ES,26256,DEB,D,PRC,1999-10-14,TAISC,2001-08-29,90.54,97.51,307,295,0.0095,,EA,IMP
CZ-4B DEB,1999-057ET,26257,DEB,D,PRC,1999-10-14,TAISC,2024-02-17,87.89,98.48,176,164,0.0070,,EA,IMP
CZ-4B DEB,1999-057EU,26258,DEB,D,PRC,1999-10-14,TAISC,2001-04-06,89.44,98.66,271,223,0.0020,,EA,IMP
CZ-4B DEB,1999-057EV,26259,DEB,,PRC,1999-10-14,TAISC,,97.52,98.39,681,599,0.0280,,EA,ORB
CZ-4B DEB,1999-057EW,26260,DEB,,PRC,1999-10-14,TAISC,,97.38,98.34,672,594,0.0320,,EA,ORB
CZ-4B DEB,1999-057EX,26261,DEB,D,PRC,1999-10-14,TAISC,2003-10-29,89.77,98.26,275,251,0.0421,,EA,IMP
CZ-4B DEB,1999-057EY,26262,DEB,,PRC,1999-10-14,TAISC,,97.06,98.34,643,593,0.0270,,EA,ORB
CZ-4B DEB,1999-057EZ,26263,DEB,D,PRC,1999-10-14,TAISC,2001-02-01,90.39,98.42,312,275,0.0581,,EA,IMP
CZ-4B DEB,1999-057FA,26264,DEB,D,PRC,1999-10-14,TAISC,2009-05-21,88.38,98.66,202,187,0.0400,,EA,IMP
CZ-4B DEB,1999-057FB,26265,DEB,,PRC,1999-10-14,TAISC,,99.75,98.63,814,679,0.0650,,EA,ORB
CZ-4B DEB,1999-057FC,26266,DEB,,PRC,1999-10-14,TAISC,,97.67,98.42,694,600,0.0312,,EA,ORB
CZ-4B DEB,1999-057FD,26267,DEB,D,PRC,1999-10-14,TAISC,2010-06-12,88.19,98.36,195,175,0.1369,,EA,IMP
CZ-4B DEB,1999-057FE,26268,DEB,D,PRC,1999-10-14,TAISC,2025-01-29,89.63,98.64,266,246,0.0121,,EA,IMP
CZ-4B DEB,1999-057FF,26269,DEB,D,PRC,1999-10-14,TAISC,2002-09-20,88.26,98.47,202,175,0.0773,,EA,IMP
CZ-4B DEB,1999-057FG,26270,DEB,D,PRC,1999-10-14,TAISC,2025-05-18,89.91,98.08,285,255,0.0410,,EA,IMP
CZ-4B DEB,1999-057FH,26271,DEB,D,PRC,1999-10-14,TAISC,2001-04-04,89.40,98.25,258,232,0.0036,,EA,IMP
CZ-4B DEB,1999-057FJ,26272,DEB,,PRC,1999-10-14,TAISC,,97.10,98.27,653,586,0.0290,,EA,ORB
CZ-4B DEB,1999-057FK,26273,DEB,,PRC,1999-10-14,TAISC,,97.14,98.72,663,581,0.1300,,EA,ORB
CZ-4B DEB,1999-057FL,26274,DEB,D,PRC,1999-10-14,TAISC,2000-11-08,92.47,98.60,413,378,0.0424,,EA,IMP
CZ-4B DEB,1999-057FM,26275,DEB,D,PRC,1999-10-14,TAISC,2025-04-09,89.50,98.06,261,238,0.0360,,EA,IMP
CZ-4B DEB,1999-057FN,26276,DEB,D,PRC,1999-10-14,TAISC,2004-03-03,89.06,98.34,240,216,0.0289,,EA,IMP
CZ-4B DEB,1999-057FP,26277,DEB,D,PRC,1999-10-14,TAISC,2015-12-23,89.18,98.00,235,233,0.0032,,EA,IMP
CZ-4B DEB,1999-057FQ,26278,DEB,D,PRC,1999-10-14,TAISC,2011-12-10,89.61,98.48,266,244,0.0114,,EA,IMP
CZ-4B DEB,1999-057FR,26279,DEB,D,PRC,1999-10-14,TAISC,2002-01-27,88.89,98.41,228,211,0.0141,,EA,IMP
CZ-4B DEB,1999-057FS,26280,DEB,,PRC,1999-10-14,TAISC,,100.10,98.72,824,703,0.0560,,EA,ORB
CZ-4B DEB,1999-057FT,26281,DEB,D,PRC,1999-10-14,TAISC,2011-05-20,88.96,98.31,233,214,0.0390,,EA,IMP
CZ-4B DEB,1999-057FU,26282,DEB,D,PRC,1999-10-14,TAISC,2001-09-26,90.21,98.42,299,270,0.0060,,EA,IMP
CZ-4B DEB,1999-057FV,26283,DEB,,PRC,1999-10-14,TAISC,,98.84,98.45,756,650,0.0090,,EA,ORB
CZ-4B DEB,1999-057FW,26284,DEB,D,PRC,1999-10-14,TAISC,2024-08-19,88.94,97.92,235,209,0.0429,,EA,IMP
CZ-4B DEB,1999-057FX,26285,DEB,D,PRC,1999-10-14,TAISC,2014-10-24,89.05,98.44,233,222,0.1653,,EA,IMP
CZ-4B DEB,1999-057FY,26286,DEB,,PRC,1999-10-14,TAISC,,98.32,98.38,720,637,0.0236,,EA,ORB
CZ-4B DEB,1999-057FZ,26287,DEB,D,PRC,1999-10-14,TAISC,2009-07-19,87.98,98.45,191,158,0.0630,,EA,IMP
CZ-4B DEB,1999-057GA,26288,DEB,D,PRC,1999-10-14,TAISC,2012-06-07,90.24,98.29,301,272,0.0193,,EA,IMP
CZ-4B DEB,1999-057GB,26289,DEB,D,PRC,1999-10-14,TAISC,2003-03-04,88.07,98.51,190,169,0.5703,,EA,IMP
CZ-4B DEB,1999-057GC,26290,DEB,D,PRC,1999-10-14,TAISC,2002-05-02,88.52,98.51,214,188,0.5316,,EA,IMP
CZ-4B DEB,1999-057GD,26291,DEB,D,PRC,1999-10-14,TAISC,2002-10-25,87.93,98.52,178,166,0.3182,,EA,IMP
CZ-4B DEB,1999-057GE,26292,DEB,D,PRC,1999-10-14,TAISC,2001-12-05,88.36,98.52,203,184,0.4809,,EA,IMP
CZ-4B DEB,1999-057GF,26293,DEB,D,PRC,1999-10-14,TAISC,2004-03-02,89.04,98.31,236,217,0.0341,,EA,IMP
CZ-4B DEB,1999-057GG,26294,DEB,,PRC,1999-10-14,TAISC,,98.93,98.46,761,654,0.1446,,EA,ORB
CZ-4B DEB,1999-057GH,26295,DEB,D,PRC,1999-10-14,TAISC,2001-08-06,88.73,98.35,224,199,0.1044,,EA,IMP
CZ-4B DEB,1999-057GJ,26296,DEB,D,PRC,1999-10-14,TAISC,2003-03-11,89.03,98.43,240,213,0.3198,,EA,IMP
CZ-4B DEB,1999-057GK,26297,DEB,D,PRC,1999-10-14,TAISC,2015-01-22,88.32,98.61,196,187,0.0250,,EA,IMP
CZ-4B DEB,1999-057GL,26300,DEB,,PRC,1999-10-14,TAISC,,97.96,98.35,703,620,0.0710,,EA,ORB
CZ-4B DEB,1999-057GM,26304,DEB,D,PRC,1999-10-14,TAISC,2003-05-01,88.60,98.35,213,198,0.0280,,EA,IMP
CZ-4B DEB,1999-057GN,26305,DEB,D,PRC,1999-10-14,TAISC,2003-02-17,88.77,98.37,230,197,0.0849,,EA,IMP
CZ-4B DEB,1999-057GP,26306,DEB,,PRC,1999-10-14,TAISC,,100.12,98.74,833,696,0.0121,,EA,ORB
CZ-4B DEB,1999-057GQ,26307,DEB,D,PRC,1999-10-14,TAISC,2004-02-06,89.48,98.38,260,238,0.0168,,EA,IMP
CZ-4B DEB,1999-057GR,26308,DEB,D,PRC,1999-10-14,TAISC,2011-10-23,90.08,98.45,291,265,0.0104,,EA,IMP
CZ-4B DEB,1999-057GS,26309,DEB,D,PRC,1999-10-14,TAISC,2013-06-30,89.06,98.31,234,222,0.0280,,EA,IMP
CZ-4B DEB,1999-057GT,26310,DEB,,PRC,1999-10-14,TAISC,,99.41,98.53,793,668,0.0400,,EA,ORB
CZ-4B DEB,1999-057GU,26311,DEB,D,PRC,1999-10-14,TAISC,2015-09-27,88.78,98.37,225,204,0.0141,,EA,IMP
CZ-4B DEB,1999-057GV,26312,DEB,D,PRC,1999-10-14,TAISC,2002-02-28,89.12,98.41,245,217,0.0272,,EA,IMP
CZ-4B DEB,1999-057GW,26313,DEB,,PRC,1999-10-14,TAISC,,98.75,98.44,748,649,0.0424,,EA,ORB
CZ-4B DEB,1999-057GX,26314,DEB,D,PRC,1999-10-14,TAISC,2001-07-28,89.40,98.51,265,224,0.0052,,EA,IMP
CZ-4B DEB,1999-057GY,26315,DEB,D,PRC,1999-10-14,TAISC,2002-05-06,91.81,98.20,378,349,0.0130,,EA,IMP
CZ-4B DEB,1999-057GZ,26316,DEB,D,PRC,1999-10-14,TAISC,2002-01-11,89.19,98.27,246,222,0.0431,,EA,IMP
CZ-4B DEB,1999-057HA,26317,DEB,D,PRC,1999-10-14,TAISC,2002-11-21,89.95,98.32,282,262,0.0089,,EA,IMP
CZ-4B DEB,1999-057HB,26318,DEB,D,PRC,1999-10-14,TAISC,2001-01-10,88.57,98.56,217,191,0.0163,,EA,IMP
CZ-4B DEB,1999-057HC,26319,DEB,D,PRC,1999-10-14,TAISC,2001-05-08,89.97,98.55,283,262,0.0116,,EA,IMP
CZ-4B DEB,1999-057HD,26320,DEB,D,PRC,1999-10-14,TAISC,2011-05-26,89.21,98.36,244,227,0.0128,,EA,IMP
CZ-4B DEB,1999-057HE,26321,DEB,D,PRC,1999-10-14,TAISC,2024-05-15,89.19,97.90,248,221,0.0300,,EA,IMP
CZ-4B DEB,1999-057HF,26322,DEB,D,PRC,1999-10-14,TAISC,2003-01-19,89.60,98.34,266,243,0.0330,,EA,IMP
CZ-4B DEB,1999-057HG,26323,DEB,,PRC,1999-10-14,TAISC,,98.70,98.43,743,650,0.0074,,EA,ORB
CZ-4B DEB,1999-057HH,26324,DEB,D,PRC,1999-10-14,TAISC,2002-12-02,88.16,98.43,193,174,0.0046,,EA,IMP
CZ-4B DEB,1999-057HJ,26325,DEB,D,PRC,1999-10-14,TAISC,2001-01-14,89.02,98.63,236,217,0.0060,,EA,IMP
CZ-4B DEB,1999-057HK,26326,DEB,D,PRC,1999-10-14,TAISC,2001-03-25,90.64,98.41,315,297,0.0065,,EA,IMP
CZ-4B DEB,1999-057HL,26327,DEB,D,PRC,1999-10-14,TAISC,2001-03-11,89.15,98.43,247,218,0.0042,,EA,IMP
CZ-4B DEB,1999-057HM,26328,DEB,D,PRC,1999-10-14,TAISC,2001-02-22,89.21,98.37,258,212,0.0043,,EA,IMP
CZ-4B DEB,1999-057HN,26329,DEB,,PRC,1999-10-14,TAISC,,96.73,98.30,632,572,0.0487,,EA,ORB
CZ-4B DEB,1999-057HP,26330,DEB,D,PRC,1999-10-14,TAISC,2008-07-25,88.63,98.61,216,198,0.0069,,EA,IMP
CZ-4B DEB,1999-057HQ,26331,DEB,D,PRC,1999-10-14,TAISC,2006-02-10,89.09,98.35,236,223,0.0157,,EA,IMP
CZ-4B DEB,1999-057HR,26332,DEB,D,PRC,1999-10-14,TAISC,2015-03-08,89.67,98.36,270,246,0.0128,,EA,IMP
CZ-4B DEB,1999-057HS,26333,DEB,D,PRC,1999-10-14,TAISC,2026-01-06,89.58,98.09,260,247,0.0300,,EA,IMP
CZ-4B DEB,1999-057HT,26334,DEB,D,PRC,1999-10-14,TAISC,2001-07-18,90.30,98.28,311,267,0.0130,,EA,IMP
CZ-4B DEB,1999-057HU,26335,DEB,D,PRC,1999-10-14,TAISC,2001-07-11,88.68,98.35,228,190,0.0208,,EA,IMP
CZ-4B DEB,1999-057HV,26336,DEB,,PRC,1999-10-14,TAISC,,97.53,98.34,673,608,0.0154,,EA,ORB
CZ-4B DEB,1999-057HW,26337,DEB,D,PRC,1999-10-14,TAISC,2001-07-11,88.33,98.59,208,176,0.0254,,EA,IMP
CZ-4B DEB,1999-057HX,26338,DEB,,PRC,1999-10-14,TAISC,,100.00,98.69,822,695,0.3692,,EA,ORB
CZ-4B DEB,1999-057HY,26339,DEB,D,PRC,1999-10-14,TAISC,2025-05-18,88.99,98.07,236,213,0.0362,,EA,IMP
CZ-4B DEB,1999-057HZ,26340,DEB,D,PRC,1999-10-14,TAISC,2000-11-10,92.85,98.39,434,395,0.0335,,EA,IMP
CZ-4B DEB,1999-057JA,26341,DEB,D,PRC,1999-10-14,TAISC,2003-11-10,89.35,98.35,255,229,0.0313,,EA,IMP
CZ-4B DEB,1999-057JB,26342,DEB,D,PRC,1999-10-14,TAISC,2000-11-13,93.27,98.40,460,408,0.0322,,EA,IMP
CZ-4B DEB,1999-057JC,26343,DEB,D,PRC,1999-10-14,TAISC,2004-04-16,89.97,98.35,288,258,0.0139,,EA,IMP
CZ-4B DEB,1999-057JD,26344,DEB,D,PRC,1999-10-14,TAISC,2003-05-01,90.05,98.34,293,260,0.0440,,EA,IMP
CZ-4B DEB,1999-057JE,26345,DEB,D,PRC,1999-10-14,TAISC,2003-03-08,89.34,98.35,253,231,0.0216,,EA,IMP
CZ-4B DEB,1999-057JF,26346,DEB,D,PRC,1999-10-14,TAISC,2009-09-23,89.10,98.33,240,220,0.0182,,EA,IMP
CZ-4B DEB,1999-057JG,26347,DEB,,PRC,1999-10-14,TAISC,,98.78,98.44,738,663,0.0047,,EA,ORB
CZ-4B DEB,1999-057JH,26348,DEB,D,PRC,1999-10-14,TAISC,2007-01-19,89.89,98.15,277,261,0.0148,,EA,IMP
CZ-4B DEB,1999-057JJ,26349,DEB,D,PRC,1999-10-14,TAISC,2003-02-08,89.66,98.25,269,246,0.0170,,EA,IMP
CZ-4B DEB,1999-057JK,26350,DEB,D,PRC,1999-10-14,TAISC,2022-05-13,89.72,98.56,268,253,0.0064,,EA,IMP
CZ-4B DEB,1999-057JL,26351,DEB,,PRC,1999-10-14,TAISC,,99.07,98.62,753,675,0.0650,,EA,ORB
CZ-4B DEB,1999-057JM,26416,DEB,D,PRC,1999-10-14,TAISC,2024-07-18,89.57,97.94,265,241,0.0300,,EA,IMP
CZ-4B DEB,1999-057JN,26417,DEB,D,PRC,1999-10-14,TAISC,2000-12-12,91.13,98.41,344,317,0.0754,,EA,IMP
CZ-4B DEB,1999-057JP,26418,DEB,D,PRC,1999-10-14,TAISC,2000-08-03,93.41,98.42,479,404,0.0885,,EA,IMP
CZ-4B DEB,1999-057JQ,26419,DEB,D,PRC,1999-10-14,TAISC,2000-08-10,92.04,98.29,402,348,0.0228,,EA,IMP
CZ-4B DEB,1999-057JR,26420,DEB,D,PRC,1999-10-14,TAISC,2000-08-11,90.96,98.65,348,295,0.0895,,EA,IMP
CZ-4B DEB,1999-057JS,26421,DEB,D,PRC,1999-10-14,TAISC,2001-01-13,89.59,98.65,264,244,0.0043,,EA,IMP
CZ-4B DEB,1999-057JT,26422,DEB,D,PRC,1999-10-14,TAISC,2005-11-08,88.86,98.35,222,214,0.0301,,EA,IMP
CZ-4B DEB,1999-057JU,26423,DEB,D,PRC,1999-10-14,TAISC,2023-04-16,87.96,97.65,184,163,0.0033,,EA,IMP
CZ-4B DEB,1999-057JV,26424,DEB,D,PRC,1999-10-14,TAISC,2001-05-27,90.50,98.38,313,286,0.0117,,EA,IMP
CZ-4B DEB,1999-057JW,26425,DEB,D,PRC,1999-10-14,TAISC,2000-11-04,89.55,98.43,264,241,0.0166,,EA,IMP
CZ-4B DEB,1999-057JX,26426,DEB,D,PRC,1999-10-14,TAISC,2001-12-16,89.07,98.31,269,187,0.1194,,EA,IMP
CZ-4B DEB,1999-057JY,26427,DEB,D,PRC,1999-10-14,TAISC,2001-11-25,90.31,98.19,328,251,0.0013,,EA,IMP
CZ-4B DEB,1999-057JZ,26428,DEB,D,PRC,1999-10-14,TAISC,2002-05-20,89.86,98.34,286,250,0.0237,,EA,IMP
CZ-4B DEB,1999-057KA,26429,DEB,D,PRC,1999-10-14,TAISC,2017-07-18,87.60,98.41,165,147,0.0450,,EA,IMP
CZ-4B DEB,1999-057KB,26430,DEB,D,PRC,1999-10-14,TAISC,2022-08-10,89.63,98.23,263,250,0.0099,,EA,IMP
CZ-4B DEB,1999-057KC,26431,DEB,D,PRC,1999-10-14,TAISC,2000-11-05,91.32,98.40,346,332,0.0548,,EA,IMP
CZ-4B DEB,1999-057KD,26432,DEB,,PRC,1999-10-14,TAISC,,95.95,98.57,598,531,0.0156,,EA,ORB
CZ-4B DEB,1999-057KE,26433,DEB,D,PRC,1999-10-14,TAISC,2000-12-21,91.38,98.40,357,328,0.0120,,EA,IMP
CZ-4B DEB,1999-057KF,26434,DEB,D,PRC,1999-10-14,TAISC,2000-07-28,92.45,98.41,425,364,0.0575,,EA,IMP
CZ-4B DEB,1999-057KG,26435,DEB,D,PRC,1999-10-14,TAISC,2000-07-31,91.54,98.67,373,328,0.0085,,EA,IMP
CZ-4B DEB,1999-057KH,26436,DEB,,PRC,1999-10-14,TAISC,,110.92,99.51,1808,730,0.0176,,EA,ORB
CZ-4B DEB,1999-057KJ,26437,DEB,D,PRC,1999-10-14,TAISC,2000-07-28,92.52,98.47,431,365,0.0340,,EA,IMP
CZ-4B DEB,1999-057KK,26438,DEB,D,PRC,1999-10-14,TAISC,2000-10-31,92.01,98.37,404,342,0.0579,,EA,IMP
CZ-4B DEB,1999-057KL,26439,DEB,D,PRC,1999-10-14,TAISC,2000-09-25,91.46,98.76,368,324,0.0374,,EA,IMP
CZ-4B DEB,1999-057KM,26440,DEB,D,PRC,1999-10-14,TAISC,2000-08-03,89.76,98.73,283,242,0.0145,,EA,IMP
CZ-4B DEB,1999-057KN,26441,DEB,D,PRC,1999-10-14,TAISC,2025-12-19,89.11,98.09,239,222,0.0109,,EA,IMP
CZ-4B DEB,1999-057KP,26442,DEB,,PRC,1999-10-14,TAISC,,98.53,98.54,727,649,0.0122,,EA,ORB
CZ-4B DEB,1999-057KQ,26443,DEB,,PRC,1999-10-14,TAISC,,99.77,98.62,812,683,0.0137,,EA,ORB
CZ-4B DEB,1999-057KR,26444,DEB,,PRC,1999-10-14,TAISC,,98.05,98.52,712,619,0.0107,,EA,ORB
CZ-4B DEB,1999-057KS,26445,DEB,D,PRC,1999-10-14,TAISC,2001-10-20,91.27,98.42,359,315,0.0330,,EA,IMP
CZ-4B DEB,1999-057KT,26446,DEB,,PRC,1999-10-14,TAISC,,99.36,98.55,793,663,0.0137,,EA,ORB
CZ-4B DEB,1999-057KU,26447,DEB,D,PRC,1999-10-14,TAISC,2001-06-19,90.88,98.35,334,302,0.0001,,EA,IMP
CZ-4B DEB,1999-057KV,26448,DEB,D,PRC,1999-10-14,TAISC,2024-09-02,88.93,98.14,233,210,0.0090,,EA,IMP
CZ-4B DEB,1999-057KW,26449,DEB,,PRC,1999-10-14,TAISC,,99.22,98.51,776,666,0.0430,,EA,ORB
CZ-4B DEB,1999-057KX,26450,DEB,D,PRC,1999-10-14,TAISC,2001-10-15,90.68,98.44,331,284,0.0394,,EA,IMP
CZ-4B DEB,1999-057KY,26453,DEB,D,PRC,1999-10-14,TAISC,2000-09-20,88.57,98.71,209,198,0.0026,,EA,IMP
CZ-4B DEB,1999-057KZ,26454,DEB,,PRC,1999-10-14,TAISC,,97.59,98.32,679,608,0.0161,,EA,ORB
CZ-4B DEB,1999-057LA,26455,DEB,D,PRC,1999-10-14,TAISC,2000-11-27,91.65,98.34,372,340,0.0115,,EA,IMP
CZ-4B DEB,1999-057LB,26456,DEB,D,PRC,1999-10-14,TAISC,2000-09-18,92.09,98.37,397,357,0.0001,,EA,IMP
CZ-4B DEB,1999-057LC,26457,DEB,D,PRC,1999-10-14,TAISC,2001-06-21,89.02,98.23,239,213,0.0100,,EA,IMP
CZ-4B DEB,1999-057LD,26458,DEB,D,PRC,1999-10-14,TAISC,2001-01-10,89.96,98.42,280,265,0.0248,,EA,IMP
CZ-4B DEB,1999-057LE,26459,DEB,D,PRC,1999-10-14,TAISC,2005-05-18,88.43,98.40,212,182,0.0167,,EA,IMP
CZ-4B DEB,1999-057LF,26649,DEB,D,PRC,1999-10-14,TAISC,2001-02-04,92.00,98.29,391,354,0.0106,,EA,IMP
CZ-4B DEB,1999-057LG,26650,DEB,D,PRC,1999-10-14,TAISC,2026-03-01,89.13,98.51,236,228,0.0062,,EA,IMP
CZ-4B DEB,1999-057LH,26651,DEB,D,PRC,1999-10-14,TAISC,2003-03-21,88.37,98.30,202,186,0.0094,,EA,IMP
CZ-4B DEB,1999-057LJ,26652,DEB,D,PRC,1999-10-14,TAISC,2003-11-03,89.71,98.31,275,245,0.0139,,EA,IMP
CZ-4B DEB,1999-057LK,26653,DEB,D,PRC,1999-10-14,TAISC,2001-04-28,91.26,98.23,352,321,0.0028,,EA,IMP
CZ-4B DEB,1999-057LL,26654,DEB,,PRC,1999-10-14,TAISC,,97.87,98.65,713,601,0.0029,,EA,ORB
CZ-4B DEB,1999-057LM,26655,DEB,D,PRC,1999-10-14,TAISC,2001-01-06,89.93,98.66,283,259,0.0107,,EA,IMP
CZ-4B DEB,1999-057LN,26656,DEB,D,PRC,1999-10-14,TAISC,2002-12-17,88.43,98.35,206,187,0.0132,,EA,IMP
CZ-4B DEB,1999-057LP,26657,DEB,D,PRC,1999-10-14,TAISC,2000-10-06,92.69,98.66,415,398,0.0054,,EA,IMP
CZ-4B DEB,1999-057LQ,26658,DEB,,PRC,1999-10-14,TAISC,,98.89,98.50,751,660,0.0107,,EA,ORB
CZ-4B DEB,1999-057LR,26659,DEB,D,PRC,1999-10-14,TAISC,2002-11-11,89.27,98.51,250,227,0.0060,,EA,IMP
CZ-4B DEB,1999-057LS,26660,DEB,D,PRC,1999-10-14,TAISC,2002-01-27,90.36,98.42,309,275,0.0109,,EA,IMP
CZ-4B DEB,1999-057LT,26661,DEB,D,PRC,1999-10-14,TAISC,2026-04-25,90.82,98.15,328,302,0.0130,,EA,IMP
CZ-4B DEB,1999-057LU,26662,DEB,D,PRC,1999-10-14,TAISC,2000-11-27,93.51,98.46,463,430,,,EA,IMP
CZ-4B DEB,1999-057LV,26663,DEB,D,PRC,1999-10-14,TAISC,2001-02-07,91.75,98.42,379,342,0.0094,,EA,IMP
CZ-4B DEB,1999-057LW,26693,DEB,D,PRC,1999-10-14,TAISC,2002-11-12,89.72,98.33,266,255,0.0043,,EA,IMP
CZ-4B DEB,1999-057LX,26699,DEB,D,PRC,1999-10-14,TAISC,2002-11-23,89.99,98.37,285,264,0.0122,,EA,IMP
IKONOS 2 DEB,1999-051D,26730,DEB,D,US,1999-09-24,AFWTR,2001-04-11,92.13,98.15,406,352,0.0500,,EA,IMP
CZ-4B DEB,1999-057LY,26751,DEB,D,PRC,1999-10-14,TAISC,2002-06-10,90.63,98.41,326,285,0.0062,,EA,IMP
CZ-4B DEB,1999-057LZ,26752,DEB,D,PRC,1999-10-14,TAISC,2002-02-24,88.46,98.42,211,185,0.0028,,EA,IMP
CZ-4B DEB,1999-057MA,26753,DEB,D,PRC,1999-10-14,TAISC,2003-03-23,90.04,98.42,286,267,0.0027,,EA,IMP
CZ-4B DEB,1999-057MB,26754,DEB,D,PRC,1999-10-14,TAISC,2025-01-13,90.54,98.45,310,292,0.0161,,EA,IMP
CZ-4B DEB,1999-057MC,26755,DEB,D,PRC,1999-10-14,TAISC,2025-02-28,91.06,98.31,335,318,0.0121,,EA,IMP
CZ-4B DEB,1999-057MD,26756,DEB,,PRC,1999-10-14,TAISC,,99.94,98.69,813,698,0.0141,,EA,ORB
CZ-4B DEB,1999-057ME,26757,DEB,D,PRC,1999-10-14,TAISC,2002-03-16,89.59,98.45,271,238,0.0036,,EA,IMP
CZ-4B DEB,1999-057MF,26758,DEB,D,PRC,1999-10-14,TAISC,2014-11-08,89.10,98.59,237,223,0.0114,,EA,IMP
CZ-4B DEB,1999-057MG,26759,DEB,D,PRC,1999-10-14,TAISC,2013-04-26,90.99,98.39,339,308,0.0031,,EA,IMP
DELTA 2 DEB,1999-055D,26789,DEB,D,US,1999-10-07,AFETR,2017-09-16,90.53,38.35,464,137,0.0229,,EA,IMP
CZ-4B DEB,1999-057MH,27008,DEB,D,PRC,1999-10-14,TAISC,2002-02-27,90.71,97.39,331,288,0.0007,,EA,IMP
COSMOS 2367 DEB,1999-072C,27009,DEB,D,CIS,1999-12-26,TYMSC,2001-12-24,87.87,64.99,180,158,0.0259,,EA,IMP
COSMOS 2367 DEB,1999-072D,27010,DEB,D,CIS,1999-12-26,TYMSC,2001-12-17,87.74,64.97,164,161,0.2565,,EA,IMP
COSMOS 2367 DEB,1999-072E,27011,DEB,D,CIS,1999-12-26,TYMSC,2001-12-11,88.27,64.86,189,188,,,EA,IMP
COSMOS 2367 DEB,1999-072F,27012,DEB,D,CIS,1999-12-26,TYMSC,2001-12-13,89.57,64.98,256,250,0.0077,,EA,IMP
COSMOS 2367 DEB,1999-072G,27013,DEB,D,CIS,1999-12-26,TYMSC,2001-12-23,89.67,64.57,275,241,0.0199,,EA,IMP
COSMOS 2367 DEB,1999-072H,27014,DEB,D,CIS,1999-12-26,TYMSC,2001-12-13,88.53,64.97,205,199,,,EA,IMP
COSMOS 2367 DEB,1999-072J,27015,DEB,D,CIS,1999-12-26,TYMSC,2001-12-26,88.92,64.76,240,203,0.0162,,EA,IMP
COSMOS 2367 DEB,1999-072K,27016,DEB,D,CIS,1999-12-26,TYMSC,2002-01-20,89.18,64.39,267,201,0.0044,,EA,IMP
COSMOS 2367 DEB,1999-072L,27017,DEB,D,CIS,1999-12-26,TYMSC,2001-12-22,89.41,64.66,257,234,0.0281,,EA,IMP
COSMOS 2367 DEB,1999-072M,27018,DEB,D,CIS,1999-12-26,TYMSC,2001-12-24,88.11,64.77,186,175,0.0200,,EA,IMP
COSMOS 2367 DEB,1999-072N,27019,DEB,D,CIS,1999-12-26,TYMSC,2001-12-11,88.64,65.13,219,196,,,EA,IMP
COSMOS 2367 DEB,1999-072P,27020,DEB,D,CIS,1999-12-26,TYMSC,2001-12-12,89.07,64.96,235,222,0.0078,,EA,IMP
COSMOS 2367 DEB,1999-072Q,27021,DEB,D,CIS,1999-12-26,TYMSC,2001-12-25,87.88,65.02,175,164,0.0372,,EA,IMP
COSMOS 2367 DEB,1999-072R,27022,DEB,D,CIS,1999-12-26,TYMSC,2001-12-14,90.12,65.05,281,280,0.0257,,EA,IMP
COSMOS 2367 DEB,1999-072S,27023,DEB,D,CIS,1999-12-26,TYMSC,2001-12-22,88.66,64.97,216,200,0.0638,,EA,IMP
COSMOS 2367 DEB,1999-072T,27024,DEB,D,CIS,1999-12-26,TYMSC,2002-01-09,88.02,64.95,183,170,0.0820,,EA,IMP
CZ-4B DEB,1999-057MJ,27384,DEB,D,PRC,1999-10-14,TAISC,2023-05-11,89.93,97.98,286,255,0.0032,,EA,IMP
CZ-4B DEB,1999-057MK,27385,DEB,D,PRC,1999-10-14,TAISC,2023-02-07,92.41,97.85,399,386,0.0017,,EA,IMP
FUSE 1 DEB,1999-035C,27407,DEB,D,US,1999-06-24,AFETR,2004-12-25,93.96,24.90,493,444,0.0125,,EA,IMP
CZ-4B DEB,1999-057ML,27449,DEB,D,PRC,1999-10-14,TAISC,2013-02-03,89.60,98.56,259,251,0.0165,,EA,IMP
CZ-4B DEB,1999-057MM,27492,DEB,,PRC,1999-10-14,TAISC,,98.49,98.39,741,633,0.0128,,EA,ORB
CZ-4B DEB,1999-057MN,27493,DEB,,PRC,1999-10-14,TAISC,,99.30,98.54,777,673,0.0025,,EA,ORB
CZ-4B DEB,1999-057MP,27536,DEB,,PRC,1999-10-14,TAISC,,98.02,98.46,682,647,0.0176,,EA,ORB
CZ-4B DEB,1999-057MQ,27676,DEB,,PRC,1999-10-14,TAISC,,99.91,98.65,826,683,0.0055,,EA,ORB
CZ-4B DEB,1999-057MR,27677,DEB,,PRC,1999-10-14,TAISC,,99.46,98.57,785,681,0.0127,,EA,ORB
CZ-4B DEB,1999-057MS,27678,DEB,,PRC,1999-10-14,TAISC,,100.42,98.83,855,702,0.0141,,EA,ORB
CZ-4B DEB,1999-057MT,27687,DEB,,PRC,1999-10-14,TAISC,,100.13,98.75,827,702,0.0176,,EA,ORB
CZ-4B DEB,1999-057MU,27688,DEB,,PRC,1999-10-14,TAISC,,99.08,98.49,772,657,0.0008,,EA,ORB
CZ-4B DEB,1999-057MV,27762,DEB,,PRC,1999-10-14,TAISC,,101.36,98.69,942,704,0.0013,,EA,ORB
GLOBALSTAR DEB,1999-031F,27772,DEB,,GLOB,1999-06-10,AFETR,,104.33,52.02,1027,899,0.0159,,EA,ORB
CZ-4B DEB,1999-057MW,27806,DEB,,PRC,1999-10-14,TAISC,,100.55,98.89,862,708,0.0151,,EA,ORB
FUSE 1 DEB,1999-035D,27947,DEB,D,US,1999-06-24,AFETR,2004-11-16,94.60,25.00,543,455,0.0331,,EA,IMP
CZ-4B DEB,1999-057ST,28064,DEB,D,PRC,1999-10-14,TAISC,2015-03-22,90.37,98.08,303,283,0.0101,,EA,IMP
CZ-4B DEB,1999-057MX,28067,DEB,,PRC,1999-10-14,TAISC,,97.90,98.41,702,615,0.0056,,EA,ORB
CZ-4B DEB,1999-057MY,28068,DEB,,PRC,1999-10-14,TAISC,,99.06,98.49,770,657,0.0100,,EA,ORB
CZ-4B DEB,1999-057MZ,28069,DEB,,PRC,1999-10-14,TAISC,,98.98,98.47,758,662,0.0103,,EA,ORB
CZ-4B DEB,1999-057NA,28070,DEB,,PRC,1999-10-14,TAISC,,98.59,98.43,734,648,0.0142,,EA,ORB
CZ-4B DEB,1999-057NB,28071,DEB,,PRC,1999-10-14,TAISC,,100.38,98.61,854,700,0.0098,,EA,ORB
CZ-4B DEB,1999-057NC,28072,DEB,,PRC,1999-10-14,TAISC,,99.46,98.56,795,670,0.0154,,EA,ORB
CZ-4B DEB,1999-057ND,28073,DEB,,PRC,1999-10-14,TAISC,,99.68,98.59,802,685,0.0143,,EA,ORB
CZ-4B DEB,1999-057NE,28074,DEB,,PRC,1999-10-14,TAISC,,100.41,98.82,851,704,0.0165,,EA,ORB
CZ-4B DEB,1999-057NF,28075,DEB,,PRC,1999-10-14,TAISC,,99.76,98.62,815,679,0.0081,,EA,ORB
FUSE 1 DEB,1999-035E,28387,DEB,D,US,1999-06-24,AFETR,2004-12-11,94.27,25.03,520,446,0.0453,,EA,IMP
FUSE 1 DEB,1999-035F,28398,DEB,D,US,1999-06-24,AFETR,2006-08-22,92.45,24.93,412,378,0.0464,,EA,IMP
FUSE 1 DEB,1999-035G,28406,DEB,D,US,1999-06-24,AFETR,2005-02-08,89.32,24.86,286,196,0.0957,,EA,IMP
FUSE 1 DEB,1999-035H,28407,DEB,D,US,1999-06-24,AFETR,2010-09-30,90.01,24.91,285,265,0.0616,,EA,IMP
FUSE 1 DEB,1999-035J,28422,DEB,D,US,1999-06-24,AFETR,2004-10-27,93.77,24.97,527,390,0.0043,,EA,IMP
FUSE 1 DEB,1999-035K,28423,DEB,D,US,1999-06-24,AFETR,2011-10-17,96.38,24.97,616,554,0.0001,,EA,IMP
CZ-4B DEB,1999-057NG,28490,DEB,D,PRC,1999-10-14,TAISC,2008-04-11,93.02,98.66,445,400,0.0088,,EA,IMP
USA 142 DEB,1999-017G,28525,DEB,,US,1999-04-09,AFETR,,,,,,,NEA,EA,ORB
STARDUST SRC,1999-003D,28927,PAY,D,US,1999-02-07,AFETR,2006-01-15,601.15,42.04,34316,117,0.5000,,EA,IMP
IUS DEB,1999-040G,29037,DEB,,US,1999-07-23,AFETR,,215.35,28.44,10725,321,0.0037,,EA,ORB
CZ-4B DEB,1999-057NH,29038,DEB,D,PRC,1999-10-14,TAISC,2014-09-12,91.45,98.80,347,344,0.0115,,EA,IMP
CZ-4B DEB,1999-057NJ,29039,DEB,,PRC,1999-10-14,TAISC,,97.55,98.33,674,608,0.0110,,EA,ORB
CZ-4B DEB,1999-057NK,29040,DEB,,PRC,1999-10-14,TAISC,,99.42,98.58,784,678,0.0136,,EA,ORB
CZ-4B DEB,1999-057NL,29213,DEB,D,PRC,1999-10-14,TAISC,2018-12-11,88.75,98.64,219,207,0.0162,,EA,IMP
CZ-4B DEB,1999-057NM,29214,DEB,D,PRC,1999-10-14,TAISC,2011-05-03,90.38,98.73,306,281,0.0081,,EA,IMP
FENGYUN 1C DEB,1999-025E,29716,DEB,D,PRC,1999-05-10,TAISC,2007-02-06,88.75,99.43,286,139,0.0110,,EA,IMP
FENGYUN 1C DEB,1999-025F,29717,DEB,D,PRC,1999-05-10,TAISC,2007-03-23,89.18,100.32,284,184,0.0391,,EA,IMP
FENGYUN 1C DEB,1999-025G,29718,DEB,D,PRC,1999-05-10,TAISC,2007-04-15,89.19,99.22,274,196,0.0254,,EA,IMP
FENGYUN 1C DEB,1999-025H,29719,DEB,D,PRC,1999-05-10,TAISC,2007-07-30,88.62,98.99,215,198,0.0462,,EA,IMP
FENGYUN 1C DEB,1999-025J,29720,DEB,D,PRC,1999-05-10,TAISC,2007-05-03,89.14,98.93,247,217,0.0144,,EA,IMP
FENGYUN 1C DEB,1999-025K,29721,DEB,D,PRC,1999-05-10,TAISC,2008-06-05,88.16,98.92,191,177,0.0345,,EA,IMP
FENGYUN 1C DEB,1999-025L,29722,DEB,D,PRC,1999-05-10,TAISC,2010-03-12,88.63,98.89,219,195,0.0300,,EA,IMP
FENGYUN 1C DEB,1999-025M,29723,DEB,D,PRC,1999-05-10,TAISC,2010-10-11,88.93,98.90,236,208,0.0300,,EA,IMP
FENGYUN 1C DEB,1999-025N,29724,DEB,D,PRC,1999-05-10,TAISC,2008-09-26,88.87,99.03,225,212,0.0322,,EA,IMP
FENGYUN 1C DEB,1999-025P,29725,DEB,D,PRC,1999-05-10,TAISC,2010-12-11,88.87,97.88,231,206,0.0108,,EA,IMP
FENGYUN 1C DEB,1999-025Q,29726,DEB,D,PRC,1999-05-10,TAISC,2012-04-02,88.26,99.13,197,180,0.0568,,EA,IMP
FENGYUN 1C DEB,1999-025R,29727,DEB,D,PRC,1999-05-10,TAISC,2009-02-15,88.87,98.76,232,206,0.0410,,EA,IMP
FENGYUN 1C DEB,1999-025S,29728,DEB,D,PRC,1999-05-10,TAISC,2011-11-11,89.67,99.08,280,236,0.0230,,EA,IMP
FENGYUN 1C DEB,1999-025T,29729,DEB,D,PRC,1999-05-10,TAISC,2010-08-08,89.83,98.89,276,256,0.0624,,EA,IMP
FENGYUN 1C DEB,1999-025U,29730,DEB,D,PRC,1999-05-10,TAISC,2010-03-19,88.64,98.84,216,199,0.0187,,EA,IMP
FENGYUN 1C DEB,1999-025V,29731,DEB,D,PRC,1999-05-10,TAISC,2010-03-25,88.25,98.88,198,177,0.0600,,EA,IMP
FENGYUN 1C DEB,1999-025W,29732,DEB,D,PRC,1999-05-10,TAISC,2012-02-02,89.48,98.82,265,233,0.0210,,EA,IMP
FENGYUN 1C DEB,1999-025X,29733,DEB,,PRC,1999-05-10,TAISC,,111.04,99.21,1706,842,0.0391,,EA,ORB
FENGYUN 1C DEB,1999-025Y,29734,DEB,,PRC,1999-05-10,TAISC,,111.45,99.17,1758,829,0.0400,,EA,ORB
FENGYUN 1C DEB,1999-025Z,29735,DEB,,PRC,1999-05-10,TAISC,,112.86,99.38,1903,813,0.0435,,EA,ORB
FENGYUN 1C DEB,1999-025AA,29736,DEB,,PRC,1999-05-10,TAISC,,114.49,99.44,1998,867,0.0113,,EA,ORB
FENGYUN 1C DEB,1999-025AB,29737,DEB,,PRC,1999-05-10,TAISC,,113.72,99.58,1942,852,0.0312,,EA,ORB
FENGYUN 1C DEB,1999-025AC,29738,DEB,,PRC,1999-05-10,TAISC,,114.06,99.42,2078,747,0.1030,,EA,ORB
FENGYUN 1C DEB,1999-025AD,29739,DEB,D,PRC,1999-05-10,TAISC,2015-02-02,92.69,99.34,428,385,0.0280,,EA,IMP
FENGYUN 1C DEB,1999-025AE,29740,DEB,,PRC,1999-05-10,TAISC,,119.14,99.07,2423,861,0.0734,,EA,ORB
FENGYUN 1C DEB,1999-025AF,29741,DEB,,PRC,1999-05-10,TAISC,,119.83,99.18,2498,849,0.0377,,EA,ORB
FENGYUN 1C DEB,1999-025AG,29742,DEB,D,PRC,1999-05-10,TAISC,2007-09-24,90.20,99.27,319,249,0.0490,,EA,IMP
FENGYUN 1C DEB,1999-025AH,29743,DEB,D,PRC,1999-05-10,TAISC,2010-07-09,90.75,99.06,337,286,0.0440,,EA,IMP
FENGYUN 1C DEB,1999-025AJ,29744,DEB,D,PRC,1999-05-10,TAISC,2012-12-31,92.83,100.36,445,382,0.0490,,EA,IMP
FENGYUN 1C DEB,1999-025AK,29745,DEB,D,PRC,1999-05-10,TAISC,2007-10-08,93.41,98.90,632,252,0.0472,,EA,IMP
FENGYUN 1C DEB,1999-025AL,29746,DEB,D,PRC,1999-05-10,TAISC,2024-07-06,93.83,99.58,499,425,0.0187,,EA,IMP
FENGYUN 1C DEB,1999-025AM,29747,DEB,D,PRC,1999-05-10,TAISC,2010-07-31,92.73,100.12,507,310,0.0421,,EA,IMP
FENGYUN 1C DEB,1999-025AN,29748,DEB,,PRC,1999-05-10,TAISC,,120.69,100.01,2283,1140,0.0188,,EA,ORB
FENGYUN 1C DEB,1999-025AP,29749,DEB,D,PRC,1999-05-10,TAISC,2010-01-07,88.61,98.78,220,192,0.0391,,EA,IMP
FENGYUN 1C DEB,1999-025AQ,29750,DEB,,PRC,1999-05-10,TAISC,,102.14,98.73,885,835,0.0360,,EA,ORB
FENGYUN 1C DEB,1999-025AR,29751,DEB,,PRC,1999-05-10,TAISC,,101.14,98.52,877,748,0.0177,,EA,ORB
FENGYUN 1C DEB,1999-025AS,29752,DEB,D,PRC,1999-05-10,TAISC,2010-02-18,88.48,98.85,202,196,0.0464,,EA,IMP
FENGYUN 1C DEB,1999-025AT,29753,DEB,D,PRC,1999-05-10,TAISC,2024-02-28,88.98,98.83,232,216,0.0470,,EA,IMP
FENGYUN 1C DEB,1999-025AU,29754,DEB,,PRC,1999-05-10,TAISC,,101.41,98.89,851,800,0.0193,,EA,ORB
FENGYUN 1C DEB,1999-025AV,29755,DEB,D,PRC,1999-05-10,TAISC,2012-04-10,88.62,98.85,211,201,0.0460,,EA,IMP
FENGYUN 1C DEB,1999-025AW,29756,DEB,D,PRC,1999-05-10,TAISC,2025-01-15,90.64,99.18,314,297,0.0151,,EA,IMP
FENGYUN 1C DEB,1999-025AX,29757,DEB,D,PRC,1999-05-10,TAISC,2013-04-22,92.01,98.00,392,354,0.0300,,EA,IMP
FENGYUN 1C DEB,1999-025AY,29758,DEB,,PRC,1999-05-10,TAISC,,99.68,98.86,756,730,0.0149,,EA,ORB
FENGYUN 1C DEB,1999-025AZ,29759,DEB,D,PRC,1999-05-10,TAISC,2015-12-11,88.27,98.88,196,182,0.0580,,EA,IMP
FENGYUN 1C DEB,1999-025BA,29760,DEB,,PRC,1999-05-10,TAISC,,102.24,98.77,959,770,0.0390,,EA,ORB
FENGYUN 1C DEB,1999-025BB,29761,DEB,D,PRC,1999-05-10,TAISC,2013-02-17,91.35,99.69,349,333,0.0194,,EA,IMP
FENGYUN 1C DEB,1999-025BC,29762,DEB,,PRC,1999-05-10,TAISC,,101.20,98.60,961,670,0.0310,,EA,ORB
FENGYUN 1C DEB,1999-025BD,29763,DEB,,PRC,1999-05-10,TAISC,,102.27,98.79,958,774,0.0490,,EA,ORB
FENGYUN 1C DEB,1999-025BE,29764,DEB,D,PRC,1999-05-10,TAISC,2011-12-15,92.29,98.76,414,360,0.0106,,EA,IMP
FENGYUN 1C DEB,1999-025BF,29765,DEB,,PRC,1999-05-10,TAISC,,102.70,98.82,930,843,0.0193,,EA,ORB
FENGYUN 1C DEB,1999-025BG,29766,DEB,,PRC,1999-05-10,TAISC,,103.02,98.70,1007,796,0.0320,,EA,ORB
FENGYUN 1C DEB,1999-025BH,29767,DEB,,PRC,1999-05-10,TAISC,,102.46,98.21,1113,638,0.0087,,EA,ORB
FENGYUN 1C DEB,1999-025BJ,29768,DEB,D,PRC,1999-05-10,TAISC,2011-01-04,91.67,99.74,374,339,0.0340,,EA,IMP
FENGYUN 1C DEB,1999-025BK,29769,DEB,,PRC,1999-05-10,TAISC,,101.79,99.09,911,776,0.0112,,EA,ORB
FENGYUN 1C DEB,1999-025BL,29770,DEB,,PRC,1999-05-10,TAISC,,101.30,98.83,863,777,0.0320,,EA,ORB
FENGYUN 1C DEB,1999-025BM,29771,DEB,,PRC,1999-05-10,TAISC,,95.30,99.61,547,520,0.0052,,EA,ORB
FENGYUN 1C DEB,1999-025BN,29772,DEB,,PRC,1999-05-10,TAISC,,102.57,98.38,979,782,0.0073,,EA,ORB
FENGYUN 1C DEB,1999-025BP,29773,DEB,,PRC,1999-05-10,TAISC,,100.84,99.02,832,765,0.0180,,EA,ORB
FENGYUN 1C DEB,1999-025BQ,29774,DEB,,PRC,1999-05-10,TAISC,,101.20,99.10,852,779,0.0650,,EA,ORB
FENGYUN 1C DEB,1999-025BR,29775,DEB,D,PRC,1999-05-10,TAISC,2022-11-21,89.90,98.98,287,253,0.0320,,EA,IMP
FENGYUN 1C DEB,1999-025BS,29776,DEB,,PRC,1999-05-10,TAISC,,102.28,98.75,883,850,0.0740,,EA,ORB
FENGYUN 1C DEB,1999-025BT,29777,DEB,,PRC,1999-05-10,TAISC,,103.43,99.25,988,854,0.0570,,EA,ORB
FENGYUN 1C DEB,1999-025BU,29778,DEB,D,PRC,1999-05-10,TAISC,2011-05-19,90.33,99.07,309,272,0.0380,,EA,IMP
FENGYUN 1C DEB,1999-025BV,29779,DEB,,PRC,1999-05-10,TAISC,,101.86,98.67,893,801,0.0340,,EA,ORB
FENGYUN 1C DEB,1999-025BW,29780,DEB,,PRC,1999-05-10,TAISC,,101.22,99.28,845,787,0.0175,,EA,ORB
FENGYUN 1C DEB,1999-025BX,29781,DEB,,PRC,1999-05-10,TAISC,,102.44,98.82,926,823,0.0197,,EA,ORB
FENGYUN 1C DEB,1999-025BY,29782,DEB,,PRC,1999-05-10,TAISC,,101.94,99.08,889,812,0.0790,,EA,ORB
FENGYUN 1C DEB,1999-025BZ,29783,DEB,D,PRC,1999-05-10,TAISC,2023-06-10,89.32,98.89,254,228,0.0280,,EA,IMP
FENGYUN 1C DEB,1999-025CA,29784,DEB,,PRC,1999-05-10,TAISC,,100.62,98.95,830,746,0.0780,,EA,ORB
FENGYUN 1C DEB,1999-025CB,29785,DEB,D,PRC,1999-05-10,TAISC,2024-02-12,88.97,98.98,227,220,0.0640,,EA,IMP
FENGYUN 1C DEB,1999-025CC,29786,DEB,,PRC,1999-05-10,TAISC,,102.18,98.72,918,806,0.0500,,EA,ORB
FENGYUN 1C DEB,1999-025CD,29787,DEB,D,PRC,1999-05-10,TAISC,2015-02-02,89.23,98.99,257,216,0.0316,,EA,IMP
FENGYUN 1C DEB,1999-025CE,29788,DEB,,PRC,1999-05-10,TAISC,,100.87,98.77,830,769,0.1250,,EA,ORB
FENGYUN 1C DEB,1999-025CF,29789,DEB,,PRC,1999-05-10,TAISC,,106.28,99.46,1275,834,0.0099,,EA,ORB
FENGYUN 1C DEB,1999-025CG,29790,DEB,,PRC,1999-05-10,TAISC,,100.51,99.15,838,728,0.0728,,EA,ORB
FENGYUN 1C DEB,1999-025CH,29791,DEB,,PRC,1999-05-10,TAISC,,98.54,99.03,716,662,0.0759,,EA,ORB
FENGYUN 1C DEB,1999-025CJ,29792,DEB,,PRC,1999-05-10,TAISC,,101.69,98.74,874,803,0.0115,,EA,ORB
FENGYUN 1C DEB,1999-025CK,29793,DEB,,PRC,1999-05-10,TAISC,,102.72,98.37,989,786,0.0086,,EA,ORB
FENGYUN 1C DEB,1999-025CL,29794,DEB,,PRC,1999-05-10,TAISC,,102.16,98.23,974,748,0.0089,,EA,ORB
FENGYUN 1C DEB,1999-025CM,29795,DEB,,PRC,1999-05-10,TAISC,,103.37,98.90,999,837,0.0126,,EA,ORB
FENGYUN 1C DEB,1999-025CN,29796,DEB,,PRC,1999-05-10,TAISC,,101.92,98.84,886,813,0.0430,,EA,ORB
FENGYUN 1C DEB,1999-025CP,29797,DEB,D,PRC,1999-05-10,TAISC,2011-04-05,92.91,97.83,425,410,0.0260,,EA,IMP
FENGYUN 1C DEB,1999-025CQ,29798,DEB,,PRC,1999-05-10,TAISC,,102.82,99.29,968,816,0.0670,,EA,ORB
FENGYUN 1C DEB,1999-025CR,29799,DEB,D,PRC,1999-05-10,TAISC,2011-05-15,91.13,98.38,332,328,0.0510,,EA,IMP
FENGYUN 1C DEB,1999-025CS,29800,DEB,,PRC,1999-05-10,TAISC,,102.87,98.28,988,800,0.0100,,EA,ORB
FENGYUN 1C DEB,1999-025CT,29801,DEB,,PRC,1999-05-10,TAISC,,100.27,98.78,845,698,0.0970,,EA,ORB
FENGYUN 1C DEB,1999-025CU,29802,DEB,,PRC,1999-05-10,TAISC,,98.01,98.63,686,641,0.0290,,EA,ORB
FENGYUN 1C DEB,1999-025CV,29803,DEB,D,PRC,1999-05-10,TAISC,2024-04-09,89.02,98.94,236,216,0.0185,,EA,IMP
FENGYUN 1C DEB,1999-025CW,29804,DEB,,PRC,1999-05-10,TAISC,,102.54,98.80,949,808,0.0159,,EA,ORB
FENGYUN 1C DEB,1999-025CX,29805,DEB,,PRC,1999-05-10,TAISC,,104.90,99.42,1128,852,0.0136,,EA,ORB
FENGYUN 1C DEB,1999-025CY,29806,DEB,,PRC,1999-05-10,TAISC,,101.95,98.70,871,831,0.0270,,EA,ORB
FENGYUN 1C DEB,1999-025CZ,29807,DEB,,PRC,1999-05-10,TAISC,,102.21,98.76,921,806,0.0730,,EA,ORB
FENGYUN 1C DEB,1999-025DA,29808,DEB,D,PRC,1999-05-10,TAISC,2026-01-13,90.39,98.99,306,281,0.0139,,EA,IMP
FENGYUN 1C DEB,1999-025DB,29809,DEB,,PRC,1999-05-10,TAISC,,99.51,98.89,817,654,0.0750,,EA,ORB
FENGYUN 1C DEB,1999-025DC,29810,DEB,,PRC,1999-05-10,TAISC,,100.74,99.18,841,746,0.0671,,EA,ORB
FENGYUN 1C DEB,1999-025DD,29811,DEB,D,PRC,1999-05-10,TAISC,2025-03-21,90.53,98.96,303,297,0.0183,,EA,IMP
FENGYUN 1C DEB,1999-025DE,29812,DEB,,PRC,1999-05-10,TAISC,,102.65,98.36,987,781,0.0078,,EA,ORB
FENGYUN 1C DEB,1999-025DF,29813,DEB,,PRC,1999-05-10,TAISC,,102.16,98.71,869,853,0.0109,,EA,ORB
FENGYUN 1C DEB,1999-025DG,29814,DEB,D,PRC,1999-05-10,TAISC,2024-12-09,88.83,99.05,229,204,0.0107,,EA,IMP
FENGYUN 1C DEB,1999-025DH,29815,DEB,,PRC,1999-05-10,TAISC,,98.25,98.05,802,549,0.0116,,EA,ORB
FENGYUN 1C DEB,1999-025DJ,29816,DEB,,PRC,1999-05-10,TAISC,,99.55,98.96,902,572,0.0453,,EA,ORB
FENGYUN 1C DEB,1999-025DK,29817,DEB,,PRC,1999-05-10,TAISC,,101.80,98.58,853,835,0.1250,,EA,ORB
FENGYUN 1C DEB,1999-025DL,29818,DEB,,PRC,1999-05-10,TAISC,,102.52,98.69,961,794,0.1430,,EA,ORB
FENGYUN 1C DEB,1999-025DM,29819,DEB,,PRC,1999-05-10,TAISC,,102.68,98.76,1025,746,0.0540,,EA,ORB
FENGYUN 1C DEB,1999-025DN,29820,DEB,,PRC,1999-05-10,TAISC,,102.64,98.83,935,832,0.0898,,EA,ORB
FENGYUN 1C DEB,1999-025DP,29821,DEB,,PRC,1999-05-10,TAISC,,101.98,98.84,1122,583,0.0280,,EA,ORB
FENGYUN 1C DEB,1999-025DQ,29822,DEB,D,PRC,1999-05-10,TAISC,2011-04-30,87.62,98.60,163,150,0.0300,,EA,IMP
FENGYUN 1C DEB,1999-025DR,29823,DEB,D,PRC,1999-05-10,TAISC,2011-10-03,88.26,98.86,205,172,0.0575,,EA,IMP
FENGYUN 1C DEB,1999-025DS,29824,DEB,D,PRC,1999-05-10,TAISC,2013-01-24,89.42,98.70,257,234,0.0260,,EA,IMP
FENGYUN 1C DEB,1999-025DT,29825,DEB,D,PRC,1999-05-10,TAISC,2023-04-14,88.90,98.70,226,214,0.0245,,EA,IMP
FENGYUN 1C DEB,1999-025DU,29826,DEB,D,PRC,1999-05-10,TAISC,2011-11-04,91.72,97.34,383,335,0.0168,,EA,IMP
FENGYUN 1C DEB,1999-025DV,29827,DEB,,PRC,1999-05-10,TAISC,,101.26,98.62,836,801,0.0156,,EA,ORB
FENGYUN 1C DEB,1999-025DW,29828,DEB,,PRC,1999-05-10,TAISC,,102.22,98.75,909,819,0.0155,,EA,ORB
FENGYUN 1C DEB,1999-025DX,29829,DEB,D,PRC,1999-05-10,TAISC,2010-08-04,88.04,98.68,178,177,0.0566,,EA,IMP
FENGYUN 1C DEB,1999-025DY,29830,DEB,D,PRC,1999-05-10,TAISC,2014-03-05,88.18,98.76,193,175,0.0380,,EA,IMP
FENGYUN 1C DEB,1999-025DZ,29831,DEB,D,PRC,1999-05-10,TAISC,2011-02-05,89.99,97.37,291,256,0.0206,,EA,IMP
FENGYUN 1C DEB,1999-025EA,29832,DEB,,PRC,1999-05-10,TAISC,,98.83,98.85,838,568,0.0930,,EA,ORB
FENGYUN 1C DEB,1999-025EB,29833,DEB,,PRC,1999-05-10,TAISC,,96.21,99.08,634,521,0.0088,,EA,ORB
FENGYUN 1C DEB,1999-025EC,29834,DEB,D,PRC,1999-05-10,TAISC,2022-07-27,89.15,98.27,249,216,0.0107,,EA,IMP
FENGYUN 1C DEB,1999-025ED,29835,DEB,,PRC,1999-05-10,TAISC,,99.75,99.06,866,628,0.0390,,EA,ORB
FENGYUN 1C DEB,1999-025EE,29836,DEB,,PRC,1999-05-10,TAISC,,98.96,98.19,818,600,0.0113,,EA,ORB
FENGYUN 1C DEB,1999-025EF,29837,DEB,D,PRC,1999-05-10,TAISC,2020-07-13,87.91,98.38,179,163,0.0467,,EA,IMP
FENGYUN 1C DEB,1999-025EG,29838,DEB,D,PRC,1999-05-10,TAISC,2015-05-20,88.18,97.19,192,177,0.0240,,EA,IMP
FENGYUN 1C DEB,1999-025EH,29839,DEB,D,PRC,1999-05-10,TAISC,2014-11-21,90.83,102.19,326,305,0.0610,,EA,IMP
FENGYUN 1C DEB,1999-025EJ,29840,DEB,D,PRC,1999-05-10,TAISC,2023-10-06,88.99,98.96,231,219,0.0360,,EA,IMP
FENGYUN 1C DEB,1999-025EK,29841,DEB,,PRC,1999-05-10,TAISC,,99.50,98.85,875,594,0.0560,,EA,ORB
FENGYUN 1C DEB,1999-025EL,29842,DEB,,PRC,1999-05-10,TAISC,,98.44,98.57,758,610,0.0106,,EA,ORB
FENGYUN 1C DEB,1999-025EM,29843,DEB,,PRC,1999-05-10,TAISC,,100.77,99.02,932,658,0.0530,,EA,ORB
FENGYUN 1C DEB,1999-025EN,29844,DEB,,PRC,1999-05-10,TAISC,,100.51,98.92,902,663,0.0230,,EA,ORB
FENGYUN 1C DEB,1999-025EP,29845,DEB,,PRC,1999-05-10,TAISC,,100.91,98.53,858,746,0.0420,,EA,ORB
FENGYUN 1C DEB,1999-025EQ,29846,DEB,,PRC,1999-05-10,TAISC,,101.46,98.62,888,768,0.0481,,EA,ORB
FENGYUN 1C DEB,1999-025ER,29847,DEB,,PRC,1999-05-10,TAISC,,102.63,98.92,945,821,0.0447,,EA,ORB
FENGYUN 1C DEB,1999-025ES,29848,DEB,,PRC,1999-05-10,TAISC,,101.28,98.23,901,738,0.0550,,EA,ORB
FENGYUN 1C DEB,1999-025ET,29849,DEB,,PRC,1999-05-10,TAISC,,102.44,99.00,933,815,0.0172,,EA,ORB
FENGYUN 1C DEB,1999-025EU,29850,DEB,,PRC,1999-05-10,TAISC,,102.81,98.12,968,815,0.0500,,EA,ORB
FENGYUN 1C DEB,1999-025EV,29851,DEB,,PRC,1999-05-10,TAISC,,104.06,99.55,1054,847,0.0818,,EA,ORB
FENGYUN 1C DEB,1999-025EW,29852,DEB,,PRC,1999-05-10,TAISC,,102.23,99.36,961,768,0.0451,,EA,ORB
FENGYUN 1C DEB,1999-025EX,29853,DEB,,PRC,1999-05-10,TAISC,,103.26,98.47,1028,798,0.0172,,EA,ORB
FENGYUN 1C DEB,1999-025EY,29854,DEB,,PRC,1999-05-10,TAISC,,104.08,98.96,1059,843,0.0190,,EA,ORB
FENGYUN 1C DEB,1999-025EZ,29855,DEB,,PRC,1999-05-10,TAISC,,102.63,98.18,1015,751,0.0128,,EA,ORB
FENGYUN 1C DEB,1999-025FA,29856,DEB,,PRC,1999-05-10,TAISC,,98.92,98.69,875,539,0.0132,,EA,ORB
FENGYUN 1C DEB,1999-025FB,29857,DEB,,PRC,1999-05-10,TAISC,,104.15,98.43,1095,814,0.0147,,EA,ORB
FENGYUN 1C DEB,1999-025FC,29858,DEB,,PRC,1999-05-10,TAISC,,104.46,99.22,1115,824,0.0158,,EA,ORB
FENGYUN 1C DEB,1999-025FD,29859,DEB,,PRC,1999-05-10,TAISC,,104.72,98.35,1196,767,0.0570,,EA,ORB
FENGYUN 1C DEB,1999-025FE,29860,DEB,,PRC,1999-05-10,TAISC,,104.44,98.60,1130,807,0.0520,,EA,ORB
FENGYUN 1C DEB,1999-025FF,29861,DEB,D,PRC,1999-05-10,TAISC,2009-11-11,89.22,97.26,253,219,0.0487,,EA,IMP
FENGYUN 1C DEB,1999-025FG,29862,DEB,D,PRC,1999-05-10,TAISC,2011-10-21,89.09,98.47,242,217,0.0427,,EA,IMP
FENGYUN 1C DEB,1999-025FH,29863,DEB,D,PRC,1999-05-10,TAISC,2012-11-15,89.57,97.51,260,247,0.0210,,EA,IMP
FENGYUN 1C DEB,1999-025FJ,29864,DEB,D,PRC,1999-05-10,TAISC,2007-05-24,91.15,99.92,342,320,0.0139,,EA,IMP
FENGYUN 1C DEB,1999-025FK,29865,DEB,,PRC,1999-05-10,TAISC,,96.92,98.93,688,534,0.0524,,EA,ORB
FENGYUN 1C DEB,1999-025FL,29866,DEB,,PRC,1999-05-10,TAISC,,98.27,98.06,812,540,0.0500,,EA,ORB
FENGYUN 1C DEB,1999-025FM,29867,DEB,D,PRC,1999-05-10,TAISC,2015-06-23,92.10,99.41,383,372,0.0142,,EA,IMP
FENGYUN 1C DEB,1999-025FN,29868,DEB,,PRC,1999-05-10,TAISC,,97.19,97.92,754,494,0.0178,,EA,ORB
FENGYUN 1C DEB,1999-025FP,29869,DEB,,PRC,1999-05-10,TAISC,,100.18,98.89,829,705,0.0759,,EA,ORB
FENGYUN 1C DEB,1999-025FQ,29870,DEB,,PRC,1999-05-10,TAISC,,100.76,98.49,881,709,0.0670,,EA,ORB
FENGYUN 1C DEB,1999-025FR,29871,DEB,,PRC,1999-05-10,TAISC,,99.72,99.00,787,704,0.0530,,EA,ORB
FENGYUN 1C DEB,1999-025FS,29872,DEB,,PRC,1999-05-10,TAISC,,100.00,98.34,924,593,0.0095,,EA,ORB
FENGYUN 1C DEB,1999-025FT,29873,DEB,,PRC,1999-05-10,TAISC,,102.98,99.41,966,833,0.0669,,EA,ORB
FENGYUN 1C DEB,1999-025FU,29874,DEB,,PRC,1999-05-10,TAISC,,100.58,98.37,858,714,0.0243,,EA,ORB
FENGYUN 1C DEB,1999-025FV,29875,DEB,,PRC,1999-05-10,TAISC,,101.06,98.37,868,749,0.0417,,EA,ORB
FENGYUN 1C DEB,1999-025FW,29876,DEB,,PRC,1999-05-10,TAISC,,101.38,98.30,868,780,0.0240,,EA,ORB
FENGYUN 1C DEB,1999-025FX,29877,DEB,,PRC,1999-05-10,TAISC,,101.03,98.54,840,775,0.0462,,EA,ORB
FENGYUN 1C DEB,1999-025FY,29878,DEB,D,PRC,1999-05-10,TAISC,2026-03-13,88.58,96.92,217,192,0.0404,,EA,IMP
FENGYUN 1C DEB,1999-025FZ,29879,DEB,D,PRC,1999-05-10,TAISC,2011-09-24,92.20,100.36,404,360,0.0127,,EA,IMP
FENGYUN 1C DEB,1999-025GA,29880,DEB,,PRC,1999-05-10,TAISC,,103.24,98.18,1080,744,0.0256,,EA,ORB
FENGYUN 1C DEB,1999-025GB,29881,DEB,,PRC,1999-05-10,TAISC,,105.85,98.73,1248,820,0.0039,,EA,ORB
FENGYUN 1C DEB,1999-025GC,29882,DEB,D,PRC,1999-05-10,TAISC,2010-04-04,88.56,98.88,209,197,0.0501,,EA,IMP
FENGYUN 1C DEB,1999-025GD,29883,DEB,D,PRC,1999-05-10,TAISC,2011-09-05,92.31,98.99,407,369,0.0440,,EA,IMP
FENGYUN 1C DEB,1999-025GE,29884,DEB,,PRC,1999-05-10,TAISC,,99.91,99.58,786,723,0.0197,,EA,ORB
FENGYUN 1C DEB,1999-025GF,29885,DEB,,PRC,1999-05-10,TAISC,,101.86,98.37,932,761,0.0386,,EA,ORB
FENGYUN 1C DEB,1999-025GG,29886,DEB,D,PRC,1999-05-10,TAISC,2025-02-16,90.66,99.16,324,290,0.0320,,EA,IMP
FENGYUN 1C DEB,1999-025GH,29887,DEB,,PRC,1999-05-10,TAISC,,100.34,98.71,976,573,0.0320,,EA,ORB
FENGYUN 1C DEB,1999-025GJ,29888,DEB,,PRC,1999-05-10,TAISC,,101.37,99.18,1020,627,0.0653,,EA,ORB
FENGYUN 1C DEB,1999-025GK,29889,DEB,,PRC,1999-05-10,TAISC,,101.85,99.51,957,735,0.0370,,EA,ORB
FENGYUN 1C DEB,1999-025GL,29890,DEB,,PRC,1999-05-10,TAISC,,101.10,99.49,822,800,0.0520,,EA,ORB
FENGYUN 1C DEB,1999-025GM,29891,DEB,,PRC,1999-05-10,TAISC,,102.84,98.74,934,852,0.0775,,EA,ORB
FENGYUN 1C DEB,1999-025GN,29892,DEB,,PRC,1999-05-10,TAISC,,100.23,99.20,895,644,0.0405,,EA,ORB
FENGYUN 1C DEB,1999-025GP,29893,DEB,,PRC,1999-05-10,TAISC,,104.38,98.54,1092,839,0.0400,,EA,ORB
FENGYUN 1C DEB,1999-025GQ,29894,DEB,,PRC,1999-05-10,TAISC,,104.25,99.46,1084,835,0.0166,,EA,ORB
FENGYUN 1C DEB,1999-025GR,29895,DEB,,PRC,1999-05-10,TAISC,,102.03,99.90,1068,642,0.0248,,EA,ORB
FENGYUN 1C DEB,1999-025GS,29896,DEB,,PRC,1999-05-10,TAISC,,105.45,99.40,1192,839,0.0055,,EA,ORB
FENGYUN 1C DEB,1999-025GT,29897,DEB,,PRC,1999-05-10,TAISC,,106.03,98.61,1262,824,0.0137,,EA,ORB
FENGYUN 1C DEB,1999-025GU,29898,DEB,,PRC,1999-05-10,TAISC,,104.93,98.24,1299,683,0.0213,,EA,ORB
FENGYUN 1C DEB,1999-025GV,29899,DEB,,PRC,1999-05-10,TAISC,,107.66,98.70,1383,854,0.0061,,EA,ORB
FENGYUN 1C DEB,1999-025GW,29900,DEB,D,PRC,1999-05-10,TAISC,2013-06-26,91.75,100.07,399,322,0.0512,,EA,IMP
FENGYUN 1C DEB,1999-025GX,29901,DEB,,PRC,1999-05-10,TAISC,,107.99,98.78,1418,850,0.0101,,EA,ORB
FENGYUN 1C DEB,1999-025GY,29902,DEB,D,PRC,1999-05-10,TAISC,2011-06-14,90.44,98.81,310,282,0.0118,,EA,IMP
FENGYUN 1C DEB,1999-025GZ,29903,DEB,D,PRC,1999-05-10,TAISC,2025-04-26,89.01,98.91,239,213,0.0270,,EA,IMP
FENGYUN 1C DEB,1999-025HA,29904,DEB,,PRC,1999-05-10,TAISC,,99.64,99.01,887,595,0.0417,,EA,ORB
FENGYUN 1C DEB,1999-025HB,29905,DEB,D,PRC,1999-05-10,TAISC,2020-04-03,89.55,99.17,261,243,0.0176,,EA,IMP
FENGYUN 1C DEB,1999-025HC,29906,DEB,,PRC,1999-05-10,TAISC,,99.06,98.71,739,689,0.0380,,EA,ORB
FENGYUN 1C DEB,1999-025HD,29907,DEB,,PRC,1999-05-10,TAISC,,101.93,99.10,908,791,0.0661,,EA,ORB
FENGYUN 1C DEB,1999-025HE,29908,DEB,D,PRC,1999-05-10,TAISC,2010-01-23,91.98,98.88,393,350,0.0467,,EA,IMP
FENGYUN 1C DEB,1999-025HF,29909,DEB,,PRC,1999-05-10,TAISC,,98.66,98.64,719,670,0.0119,,EA,ORB
FENGYUN 1C DEB,1999-025HG,29910,DEB,D,PRC,1999-05-10,TAISC,2012-05-12,91.68,99.84,367,347,0.0378,,EA,IMP
FENGYUN 1C DEB,1999-025HH,29911,DEB,,PRC,1999-05-10,TAISC,,101.44,98.69,847,807,0.0504,,EA,ORB
FENGYUN 1C DEB,1999-025HJ,29912,DEB,,PRC,1999-05-10,TAISC,,99.60,98.74,768,710,0.0351,,EA,ORB
FENGYUN 1C DEB,1999-025HK,29913,DEB,,PRC,1999-05-10,TAISC,,102.30,98.80,912,823,0.0153,,EA,ORB
FENGYUN 1C DEB,1999-025HL,29914,DEB,,PRC,1999-05-10,TAISC,,102.62,98.82,909,856,0.0360,,EA,ORB
FENGYUN 1C DEB,1999-025HM,29915,DEB,D,PRC,1999-05-10,TAISC,2022-11-08,91.20,99.00,352,315,0.0145,,EA,IMP
FENGYUN 1C DEB,1999-025HN,29916,DEB,,PRC,1999-05-10,TAISC,,106.10,99.19,1247,845,0.0163,,EA,ORB
FENGYUN 1C DEB,1999-025HP,29917,DEB,,PRC,1999-05-10,TAISC,,105.03,98.86,1160,832,0.0231,,EA,ORB
FENGYUN 1C DEB,1999-025HQ,29918,DEB,,PRC,1999-05-10,TAISC,,100.32,98.85,782,765,0.0749,,EA,ORB
FENGYUN 1C DEB,1999-025HR,29919,DEB,,PRC,1999-05-10,TAISC,,103.95,98.52,1046,844,0.0542,,EA,ORB
FENGYUN 1C DEB,1999-025HS,29920,DEB,,PRC,1999-05-10,TAISC,,102.54,98.37,968,789,0.0073,,EA,ORB
FENGYUN 1C DEB,1999-025HT,29921,DEB,,PRC,1999-05-10,TAISC,,102.35,98.79,904,836,0.0270,,EA,ORB
FENGYUN 1C DEB,1999-025HU,29922,DEB,,PRC,1999-05-10,TAISC,,102.95,99.10,966,831,0.0310,,EA,ORB
FENGYUN 1C DEB,1999-025HV,29923,DEB,,PRC,1999-05-10,TAISC,,101.82,98.69,857,832,0.0279,,EA,ORB
FENGYUN 1C DEB,1999-025HW,29924,DEB,,PRC,1999-05-10,TAISC,,102.20,98.73,882,844,0.0161,,EA,ORB
FENGYUN 1C DEB,1999-025HX,29925,DEB,D,PRC,1999-05-10,TAISC,2023-08-23,90.36,98.99,300,284,0.0183,,EA,IMP
FENGYUN 1C DEB,1999-025HY,29926,DEB,,PRC,1999-05-10,TAISC,,100.42,98.30,955,602,0.0350,,EA,ORB
FENGYUN 1C DEB,1999-025HZ,29927,DEB,,PRC,1999-05-10,TAISC,,97.06,99.07,630,606,0.0165,,EA,ORB
FENGYUN 1C DEB,1999-025JA,29928,DEB,,PRC,1999-05-10,TAISC,,103.71,99.56,1039,830,0.0148,,EA,ORB
FENGYUN 1C DEB,1999-025JB,29929,DEB,,PRC,1999-05-10,TAISC,,102.68,98.62,979,792,0.0300,,EA,ORB
FENGYUN 1C DEB,1999-025JC,29930,DEB,,PRC,1999-05-10,TAISC,,101.33,99.01,940,703,0.0300,,EA,ORB
FENGYUN 1C DEB,1999-025JD,29931,DEB,,PRC,1999-05-10,TAISC,,102.56,98.83,904,856,0.0949,,EA,ORB
FENGYUN 1C DEB,1999-025JE,29932,DEB,,PRC,1999-05-10,TAISC,,101.62,98.63,863,808,0.0147,,EA,ORB
FENGYUN 1C DEB,1999-025JF,29933,DEB,,PRC,1999-05-10,TAISC,,97.65,98.75,649,643,0.0083,,EA,ORB
FENGYUN 1C DEB,1999-025JG,29934,DEB,,PRC,1999-05-10,TAISC,,98.25,98.87,744,605,0.1192,,EA,ORB
FENGYUN 1C DEB,1999-025JH,29935,DEB,,PRC,1999-05-10,TAISC,,101.81,98.43,953,736,0.0580,,EA,ORB
FENGYUN 1C DEB,1999-025JJ,29936,DEB,,PRC,1999-05-10,TAISC,,100.31,98.68,855,692,0.1480,,EA,ORB
FENGYUN 1C DEB,1999-025JK,29937,DEB,,PRC,1999-05-10,TAISC,,102.53,98.79,902,855,0.1659,,EA,ORB
FENGYUN 1C DEB,1999-025JL,29938,DEB,,PRC,1999-05-10,TAISC,,102.30,98.82,891,844,0.0915,,EA,ORB
FENGYUN 1C DEB,1999-025JM,29939,DEB,,PRC,1999-05-10,TAISC,,101.97,98.72,900,804,0.1820,,EA,ORB
FENGYUN 1C DEB,1999-025JN,29940,DEB,,PRC,1999-05-10,TAISC,,101.45,98.62,882,773,0.0510,,EA,ORB
FENGYUN 1C DEB,1999-025JP,29941,DEB,D,PRC,1999-05-10,TAISC,2024-06-18,88.65,98.83,225,191,0.0297,,EA,IMP
FENGYUN 1C DEB,1999-025JQ,29942,DEB,,PRC,1999-05-10,TAISC,,100.62,98.61,822,753,0.0884,,EA,ORB
FENGYUN 1C DEB,1999-025JR,29943,DEB,,PRC,1999-05-10,TAISC,,102.15,98.73,885,835,0.1590,,EA,ORB
FENGYUN 1C DEB,1999-025JS,29944,DEB,,PRC,1999-05-10,TAISC,,96.48,99.03,698,482,0.0430,,EA,ORB
FENGYUN 1C DEB,1999-025JT,29945,DEB,,PRC,1999-05-10,TAISC,,102.44,98.77,897,852,0.5860,,EA,ORB
FENGYUN 1C DEB,1999-025JU,29946,DEB,,PRC,1999-05-10,TAISC,,102.24,98.80,923,806,0.0860,,EA,ORB
FENGYUN 1C DEB,1999-025JV,29947,DEB,,PRC,1999-05-10,TAISC,,102.62,98.81,912,853,0.0630,,EA,ORB
FENGYUN 1C DEB,1999-025JW,29948,DEB,,PRC,1999-05-10,TAISC,,102.40,98.85,932,812,0.0412,,EA,ORB
FENGYUN 1C DEB,1999-025JX,29949,DEB,,PRC,1999-05-10,TAISC,,102.36,98.75,887,853,0.0982,,EA,ORB
FENGYUN 1C DEB,1999-025JY,29950,DEB,,PRC,1999-05-10,TAISC,,102.10,98.72,881,835,0.1580,,EA,ORB
FENGYUN 1C DEB,1999-025JZ,29951,DEB,D,PRC,1999-05-10,TAISC,2012-09-10,88.21,99.24,199,172,0.0330,,EA,IMP
FENGYUN 1C DEB,1999-025KA,29952,DEB,D,PRC,1999-05-10,TAISC,2016-12-28,88.32,99.32,194,188,0.0569,,EA,IMP
FENGYUN 1C DEB,1999-025KB,29953,DEB,,PRC,1999-05-10,TAISC,,103.52,98.96,1001,849,0.0118,,EA,ORB
FENGYUN 1C DEB,1999-025KC,29954,DEB,,PRC,1999-05-10,TAISC,,100.33,100.13,826,722,0.0542,,EA,ORB
FENGYUN 1C DEB,1999-025KD,29955,DEB,,PRC,1999-05-10,TAISC,,99.98,99.27,763,753,0.0266,,EA,ORB
FENGYUN 1C DEB,1999-025KE,29956,DEB,,PRC,1999-05-10,TAISC,,102.40,98.77,911,833,0.4876,,EA,ORB
FENGYUN 1C DEB,1999-025KF,29957,DEB,,PRC,1999-05-10,TAISC,,98.69,98.92,720,672,0.0327,,EA,ORB
FENGYUN 1C DEB,1999-025KG,29958,DEB,,PRC,1999-05-10,TAISC,,101.79,98.66,882,804,0.1122,,EA,ORB
FENGYUN 1C DEB,1999-025KH,29959,DEB,,PRC,1999-05-10,TAISC,,102.41,98.78,903,842,0.0270,,EA,ORB
FENGYUN 1C DEB,1999-025KJ,29960,DEB,,PRC,1999-05-10,TAISC,,101.64,98.64,901,771,0.0164,,EA,ORB
FENGYUN 1C DEB,1999-025KK,29961,DEB,,PRC,1999-05-10,TAISC,,100.95,98.92,857,751,0.0974,,EA,ORB
FENGYUN 1C DEB,1999-025KL,29962,DEB,,PRC,1999-05-10,TAISC,,102.32,98.77,948,789,0.0557,,EA,ORB
FENGYUN 1C DEB,1999-025KM,29963,DEB,,PRC,1999-05-10,TAISC,,100.69,98.97,827,755,0.0158,,EA,ORB
FENGYUN 1C DEB,1999-025KN,29964,DEB,,PRC,1999-05-10,TAISC,,102.61,98.37,976,788,0.0794,,EA,ORB
FENGYUN 1C DEB,1999-025KP,29965,DEB,,PRC,1999-05-10,TAISC,,103.16,98.98,1015,802,0.0869,,EA,ORB
FENGYUN 1C DEB,1999-025KQ,29966,DEB,,PRC,1999-05-10,TAISC,,100.97,99.46,833,776,0.0439,,EA,ORB
FENGYUN 1C DEB,1999-025KR,29967,DEB,,PRC,1999-05-10,TAISC,,101.05,98.86,860,756,0.0114,,EA,ORB
FENGYUN 1C DEB,1999-025KS,29968,DEB,,PRC,1999-05-10,TAISC,,102.32,98.82,934,803,0.0796,,EA,ORB
FENGYUN 1C DEB,1999-025KT,29969,DEB,,PRC,1999-05-10,TAISC,,100.33,98.77,804,744,0.0171,,EA,ORB
FENGYUN 1C DEB,1999-025KU,29970,DEB,,PRC,1999-05-10,TAISC,,99.67,98.82,807,679,0.1243,,EA,ORB
FENGYUN 1C DEB,1999-025KV,29971,DEB,,PRC,1999-05-10,TAISC,,101.49,98.66,846,813,0.0722,,EA,ORB
FENGYUN 1C DEB,1999-025KW,29972,DEB,,PRC,1999-05-10,TAISC,,98.01,98.91,706,621,0.0248,,EA,ORB
FENGYUN 1C DEB,1999-025KX,29973,DEB,,PRC,1999-05-10,TAISC,,102.34,98.85,912,827,0.0500,,EA,ORB
FENGYUN 1C DEB,1999-025KY,29974,DEB,,PRC,1999-05-10,TAISC,,101.71,98.89,874,805,0.0181,,EA,ORB
FENGYUN 1C DEB,1999-025KZ,29975,DEB,,PRC,1999-05-10,TAISC,,102.99,99.31,984,817,0.1038,,EA,ORB
FENGYUN 1C DEB,1999-025LA,29976,DEB,,PRC,1999-05-10,TAISC,,102.98,98.93,1093,706,0.0605,,EA,ORB
FENGYUN 1C DEB,1999-025LB,29977,DEB,,PRC,1999-05-10,TAISC,,102.43,98.38,965,782,0.0058,,EA,ORB
FENGYUN 1C DEB,1999-025LC,29978,DEB,,PRC,1999-05-10,TAISC,,103.15,99.03,964,852,0.0850,,EA,ORB
FENGYUN 1C DEB,1999-025LD,29979,DEB,,PRC,1999-05-10,TAISC,,100.95,98.35,881,726,0.1355,,EA,ORB
FENGYUN 1C DEB,1999-025LE,29980,DEB,,PRC,1999-05-10,TAISC,,102.38,98.58,934,809,0.0746,,EA,ORB
FENGYUN 1C DEB,1999-025LF,29981,DEB,D,PRC,1999-05-10,TAISC,2020-06-09,87.95,98.83,181,164,0.0400,,EA,IMP
FENGYUN 1C DEB,1999-025LG,29982,DEB,,PRC,1999-05-10,TAISC,,98.06,99.39,749,583,0.0990,,EA,ORB
FENGYUN 1C DEB,1999-025LH,29983,DEB,D,PRC,1999-05-10,TAISC,2024-05-20,89.14,99.12,245,219,0.0500,,EA,IMP
FENGYUN 1C DEB,1999-025LJ,29984,DEB,D,PRC,1999-05-10,TAISC,2013-10-03,89.98,99.23,293,254,0.0410,,EA,IMP
FENGYUN 1C DEB,1999-025LK,29985,DEB,,PRC,1999-05-10,TAISC,,102.10,98.70,878,838,0.1273,,EA,ORB
FENGYUN 1C DEB,1999-025LL,29986,DEB,,PRC,1999-05-10,TAISC,,100.63,99.39,804,773,0.0394,,EA,ORB
FENGYUN 1C DEB,1999-025LM,29987,DEB,,PRC,1999-05-10,TAISC,,101.67,98.89,893,782,0.0390,,EA,ORB
FENGYUN 1C DEB,1999-025LN,29988,DEB,,PRC,1999-05-10,TAISC,,99.02,98.70,791,633,0.1370,,EA,ORB
FENGYUN 1C DEB,1999-025LP,29989,DEB,,PRC,1999-05-10,TAISC,,101.70,98.69,928,750,0.0860,,EA,ORB
FENGYUN 1C DEB,1999-025LQ,29990,DEB,D,PRC,1999-05-10,TAISC,2008-03-07,90.22,98.76,308,263,0.1471,,EA,IMP
FENGYUN 1C DEB,1999-025LR,29991,DEB,D,PRC,1999-05-10,TAISC,2025-04-04,90.25,102.14,305,269,0.1020,,EA,IMP
FENGYUN 1C DEB,1999-025LS,29992,DEB,,PRC,1999-05-10,TAISC,,102.00,98.74,918,789,0.0270,,EA,ORB
FENGYUN 1C DEB,1999-025LT,29993,DEB,,PRC,1999-05-10,TAISC,,102.26,98.76,893,838,0.1112,,EA,ORB
FENGYUN 1C DEB,1999-025LU,29994,DEB,,PRC,1999-05-10,TAISC,,102.65,98.80,978,790,0.1796,,EA,ORB
FENGYUN 1C DEB,1999-025LV,29995,DEB,D,PRC,1999-05-10,TAISC,2011-11-12,91.02,98.38,349,300,0.0620,,EA,IMP
FENGYUN 1C DEB,1999-025LW,29996,DEB,,PRC,1999-05-10,TAISC,,102.06,99.29,952,761,0.0520,,EA,ORB
FENGYUN 1C DEB,1999-025LX,29997,DEB,,PRC,1999-05-10,TAISC,,102.76,98.88,947,832,0.0937,,EA,ORB
FENGYUN 1C DEB,1999-025LY,29998,DEB,,PRC,1999-05-10,TAISC,,100.73,99.29,796,791,0.0929,,EA,ORB
FENGYUN 1C DEB,1999-025LZ,29999,DEB,,PRC,1999-05-10,TAISC,,101.37,98.60,959,687,0.0748,,EA,ORB
FENGYUN 1C DEB,1999-025MA,30001,DEB,,PRC,1999-05-10,TAISC,,99.85,98.95,777,725,0.0298,,EA,ORB
FENGYUN 1C DEB,1999-025MB,30002,DEB,D,PRC,1999-05-10,TAISC,2012-08-02,87.08,98.59,135,125,0.0602,,EA,IMP
FENGYUN 1C DEB,1999-025MC,30003,DEB,,PRC,1999-05-10,TAISC,,103.91,99.60,1048,839,0.1207,,EA,ORB
FENGYUN 1C DEB,1999-025MD,30004,DEB,,PRC,1999-05-10,TAISC,,101.57,99.23,861,806,0.0587,,EA,ORB
FENGYUN 1C DEB,1999-025ME,30005,DEB,,PRC,1999-05-10,TAISC,,106.44,99.32,1318,806,0.0079,,EA,ORB
FENGYUN 1C DEB,1999-025MF,30006,DEB,D,PRC,1999-05-10,TAISC,2013-09-22,89.28,98.86,250,228,0.0270,,EA,IMP
FENGYUN 1C DEB,1999-025MG,30007,DEB,,PRC,1999-05-10,TAISC,,100.90,99.17,848,755,0.0601,,EA,ORB
FENGYUN 1C DEB,1999-025MH,30008,DEB,,PRC,1999-05-10,TAISC,,97.83,99.38,681,629,0.0730,,EA,ORB
FENGYUN 1C DEB,1999-025MJ,30009,DEB,,PRC,1999-05-10,TAISC,,102.45,99.00,920,830,0.1643,,EA,ORB
FENGYUN 1C DEB,1999-025MK,30010,DEB,,PRC,1999-05-10,TAISC,,101.04,99.06,860,756,0.1171,,EA,ORB
FENGYUN 1C DEB,1999-025ML,30011,DEB,D,PRC,1999-05-10,TAISC,2011-04-26,93.12,97.42,440,414,0.0300,,EA,IMP
FENGYUN 1C DEB,1999-025MM,30012,DEB,,PRC,1999-05-10,TAISC,,103.90,99.43,1043,843,0.0799,,EA,ORB
FENGYUN 1C DEB,1999-025MN,30013,DEB,,PRC,1999-05-10,TAISC,,103.75,99.56,1030,842,0.0724,,EA,ORB
FENGYUN 1C DEB,1999-025MP,30014,DEB,D,PRC,1999-05-10,TAISC,2011-09-20,93.90,100.17,476,455,0.0850,,EA,IMP
FENGYUN 1C DEB,1999-025MQ,30015,DEB,,PRC,1999-05-10,TAISC,,100.59,99.22,814,759,0.0390,,EA,ORB
FENGYUN 1C DEB,1999-025MR,30016,DEB,,PRC,1999-05-10,TAISC,,96.99,98.89,642,587,0.0158,,EA,ORB
FENGYUN 1C DEB,1999-025MS,30017,DEB,,PRC,1999-05-10,TAISC,,98.52,98.72,841,534,0.0199,,EA,ORB
FENGYUN 1C DEB,1999-025MT,30018,DEB,,PRC,1999-05-10,TAISC,,97.60,98.75,724,564,0.0410,,EA,ORB
FENGYUN 1C DEB,1999-025MU,30019,DEB,D,PRC,1999-05-10,TAISC,2025-11-13,90.64,98.14,323,289,0.0342,,EA,IMP
FENGYUN 1C DEB,1999-025MV,30020,DEB,,PRC,1999-05-10,TAISC,,102.50,98.85,1010,744,0.0470,,EA,ORB
FENGYUN 1C DEB,1999-025MW,30021,DEB,,PRC,1999-05-10,TAISC,,102.49,98.85,929,825,0.0520,,EA,ORB
FENGYUN 1C DEB,1999-025MX,30022,DEB,,PRC,1999-05-10,TAISC,,101.18,99.05,862,767,0.0773,,EA,ORB
FENGYUN 1C DEB,1999-025MY,30023,DEB,,PRC,1999-05-10,TAISC,,101.97,99.28,886,818,0.0554,,EA,ORB
FENGYUN 1C DEB,1999-025MZ,30024,DEB,D,PRC,1999-05-10,TAISC,2024-09-02,87.44,98.58,157,139,0.0320,,EA,IMP
FENGYUN 1C DEB,1999-025NA,30025,DEB,D,PRC,1999-05-10,TAISC,2023-07-23,87.88,98.30,181,159,0.0350,,EA,IMP
FENGYUN 1C DEB,1999-025NB,30026,DEB,D,PRC,1999-05-10,TAISC,2023-04-10,88.26,99.09,196,180,0.0162,,EA,IMP
FENGYUN 1C DEB,1999-025NC,30027,DEB,D,PRC,1999-05-10,TAISC,2018-07-11,87.43,98.23,154,140,0.0440,,EA,IMP
FENGYUN 1C DEB,1999-025ND,30028,DEB,,PRC,1999-05-10,TAISC,,98.86,98.16,827,582,0.0490,,EA,ORB
FENGYUN 1C DEB,1999-025NE,30029,DEB,D,PRC,1999-05-10,TAISC,2012-12-17,90.42,98.49,300,291,0.0470,,EA,IMP
FENGYUN 1C DEB,1999-025NF,30030,DEB,D,PRC,1999-05-10,TAISC,2024-10-30,89.88,99.65,282,254,0.0350,,EA,IMP
FENGYUN 1C DEB,1999-025NG,30031,DEB,D,PRC,1999-05-10,TAISC,2023-06-09,89.95,99.15,282,261,0.0520,,EA,IMP
FENGYUN 1C DEB,1999-025NH,30032,DEB,D,PRC,1999-05-10,TAISC,2024-06-16,88.20,97.29,195,176,0.0350,,EA,IMP
FENGYUN 1C DEB,1999-025NJ,30033,DEB,D,PRC,1999-05-10,TAISC,2014-09-14,89.35,98.96,262,222,0.0264,,EA,IMP
FENGYUN 1C DEB,1999-025NK,30034,DEB,D,PRC,1999-05-10,TAISC,2013-12-24,89.31,97.73,254,227,0.0490,,EA,IMP
FENGYUN 1C DEB,1999-025NL,30035,DEB,,PRC,1999-05-10,TAISC,,100.20,99.28,851,686,0.0520,,EA,ORB
FENGYUN 1C DEB,1999-025NM,30036,DEB,,PRC,1999-05-10,TAISC,,99.51,98.23,869,601,0.0460,,EA,ORB
FENGYUN 1C DEB,1999-025NN,30037,DEB,,PRC,1999-05-10,TAISC,,100.39,98.41,901,653,0.0320,,EA,ORB
FENGYUN 1C DEB,1999-025NP,30038,DEB,,PRC,1999-05-10,TAISC,,100.01,98.39,942,576,0.0360,,EA,ORB
FENGYUN 1C DEB,1999-025NQ,30039,DEB,D,PRC,1999-05-10,TAISC,2025-04-12,89.95,96.94,286,257,0.0340,,EA,IMP
FENGYUN 1C DEB,1999-025NR,30040,DEB,,PRC,1999-05-10,TAISC,,100.05,98.23,782,740,0.0457,,EA,ORB
FENGYUN 1C DEB,1999-025NS,30041,DEB,,PRC,1999-05-10,TAISC,,101.87,99.49,872,823,0.0500,,EA,ORB
FENGYUN 1C DEB,1999-025NT,30042,DEB,D,PRC,1999-05-10,TAISC,2012-12-27,88.50,99.17,212,188,0.0400,,EA,IMP
FENGYUN 1C DEB,1999-025NU,30043,DEB,,PRC,1999-05-10,TAISC,,101.08,98.63,1011,608,0.0310,,EA,ORB
FENGYUN 1C DEB,1999-025NV,30044,DEB,,PRC,1999-05-10,TAISC,,98.99,98.21,765,656,0.0128,,EA,ORB
FENGYUN 1C DEB,1999-025NW,30045,DEB,,PRC,1999-05-10,TAISC,,101.15,99.17,881,746,0.0380,,EA,ORB
FENGYUN 1C DEB,1999-025NX,30046,DEB,D,PRC,1999-05-10,TAISC,2011-07-21,92.27,99.69,394,377,0.0410,,EA,IMP
FENGYUN 1C DEB,1999-025NY,30047,DEB,,PRC,1999-05-10,TAISC,,103.24,99.94,1003,820,0.0378,,EA,ORB
FENGYUN 1C DEB,1999-025NZ,30048,DEB,,PRC,1999-05-10,TAISC,,104.35,98.64,1100,827,0.0220,,EA,ORB
FENGYUN 1C DEB,1999-025PA,30049,DEB,D,PRC,1999-05-10,TAISC,2014-09-02,90.50,98.52,329,269,0.0580,,EA,IMP
FENGYUN 1C DEB,1999-025PB,30050,DEB,,PRC,1999-05-10,TAISC,,103.93,96.82,1070,819,0.0330,,EA,ORB
FENGYUN 1C DEB,1999-025PC,30051,DEB,D,PRC,1999-05-10,TAISC,2009-02-25,92.31,99.20,401,374,0.0387,,EA,IMP
FENGYUN 1C DEB,1999-025PD,30052,DEB,,PRC,1999-05-10,TAISC,,104.86,99.28,1200,776,0.1005,,EA,ORB
FENGYUN 1C DEB,1999-025PE,30053,DEB,,PRC,1999-05-10,TAISC,,103.16,98.60,1143,673,0.0454,,EA,ORB
FENGYUN 1C DEB,1999-025PF,30054,DEB,,PRC,1999-05-10,TAISC,,105.10,99.35,1203,795,0.0301,,EA,ORB
FENGYUN 1C DEB,1999-025PG,30055,DEB,D,PRC,1999-05-10,TAISC,2015-05-02,91.08,99.68,347,308,0.0298,,EA,IMP
FENGYUN 1C DEB,1999-025PH,30056,DEB,,PRC,1999-05-10,TAISC,,104.72,98.34,1199,764,0.0528,,EA,ORB
FENGYUN 1C DEB,1999-025PJ,30057,DEB,,PRC,1999-05-10,TAISC,,106.07,98.87,1260,829,0.0260,,EA,ORB
FENGYUN 1C DEB,1999-025PK,30058,DEB,,PRC,1999-05-10,TAISC,,106.78,99.65,1311,844,0.0561,,EA,ORB
FENGYUN 1C DEB,1999-025PL,30059,DEB,,PRC,1999-05-10,TAISC,,107.01,98.84,1333,844,0.0280,,EA,ORB
FENGYUN 1C DEB,1999-025PM,30060,DEB,,PRC,1999-05-10,TAISC,,107.11,99.30,1348,838,0.0209,,EA,ORB
FENGYUN 1C DEB,1999-025PN,30061,DEB,,PRC,1999-05-10,TAISC,,106.84,101.90,1352,808,0.0507,,EA,ORB
FENGYUN 1C DEB,1999-025PP,30062,DEB,,PRC,1999-05-10,TAISC,,102.32,98.78,904,832,0.1911,,EA,ORB
FENGYUN 1C DEB,1999-025PQ,30063,DEB,,PRC,1999-05-10,TAISC,,101.72,98.55,864,816,0.0957,,EA,ORB
FENGYUN 1C DEB,1999-025PR,30064,DEB,,PRC,1999-05-10,TAISC,,101.81,98.66,892,796,0.0613,,EA,ORB
FENGYUN 1C DEB,1999-025PS,30065,DEB,,PRC,1999-05-10,TAISC,,103.82,98.71,1036,842,0.0334,,EA,ORB
FENGYUN 1C DEB,1999-025PT,30066,DEB,,PRC,1999-05-10,TAISC,,101.46,98.65,912,744,0.0790,,EA,ORB
FENGYUN 1C DEB,1999-025PU,30067,DEB,,PRC,1999-05-10,TAISC,,99.70,98.74,851,638,0.1032,,EA,ORB
FENGYUN 1C DEB,1999-025PV,30068,DEB,,PRC,1999-05-10,TAISC,,101.97,98.76,989,715,0.0610,,EA,ORB
FENGYUN 1C DEB,1999-025PW,30069,DEB,,PRC,1999-05-10,TAISC,,102.46,98.83,911,839,0.0684,,EA,ORB
FENGYUN 1C DEB,1999-025PX,30070,DEB,,PRC,1999-05-10,TAISC,,102.00,98.26,1087,620,0.0173,,EA,ORB
FENGYUN 1C DEB,1999-025PY,30071,DEB,,PRC,1999-05-10,TAISC,,98.86,98.66,730,678,0.0165,,EA,ORB
FENGYUN 1C DEB,1999-025PZ,30072,DEB,,PRC,1999-05-10,TAISC,,99.86,99.09,790,713,0.0424,,EA,ORB
FENGYUN 1C DEB,1999-025QA,30073,DEB,,PRC,1999-05-10,TAISC,,101.40,99.43,862,788,0.0390,,EA,ORB
FENGYUN 1C DEB,1999-025QB,30074,DEB,,PRC,1999-05-10,TAISC,,101.84,99.11,915,776,0.0120,,EA,ORB
FENGYUN 1C DEB,1999-025QC,30075,DEB,,PRC,1999-05-10,TAISC,,103.40,99.33,985,854,0.0361,,EA,ORB
FENGYUN 1C DEB,1999-025QD,30076,DEB,,PRC,1999-05-10,TAISC,,104.62,99.26,1105,848,0.0470,,EA,ORB
FENGYUN 1C DEB,1999-025QE,30077,DEB,,PRC,1999-05-10,TAISC,,102.34,98.75,884,855,0.0860,,EA,ORB
FENGYUN 1C DEB,1999-025QF,30078,DEB,,PRC,1999-05-10,TAISC,,101.07,98.82,844,774,0.1105,,EA,ORB
FENGYUN 1C DEB,1999-025QG,30079,DEB,,PRC,1999-05-10,TAISC,,102.79,99.00,952,829,0.0520,,EA,ORB
FENGYUN 1C DEB,1999-025QH,30080,DEB,,PRC,1999-05-10,TAISC,,102.06,98.72,953,759,0.0764,,EA,ORB
FENGYUN 1C DEB,1999-025QJ,30081,DEB,,PRC,1999-05-10,TAISC,,102.97,98.94,955,843,0.0928,,EA,ORB
FENGYUN 1C DEB,1999-025QK,30082,DEB,,PRC,1999-05-10,TAISC,,93.96,98.83,502,434,0.0430,,EA,ORB
FENGYUN 1C DEB,1999-025QL,30083,DEB,D,PRC,1999-05-10,TAISC,2012-09-20,89.11,98.96,247,214,0.0330,,EA,IMP
FENGYUN 1C DEB,1999-025QM,30084,DEB,D,PRC,1999-05-10,TAISC,2013-02-04,88.93,97.23,241,202,0.0320,,EA,IMP
FENGYUN 1C DEB,1999-025QN,30085,DEB,D,PRC,1999-05-10,TAISC,2023-02-04,88.78,98.34,227,201,0.0423,,EA,IMP
FENGYUN 1C DEB,1999-025QP,30086,DEB,,PRC,1999-05-10,TAISC,,102.56,98.88,925,835,0.0500,,EA,ORB
FENGYUN 1C DEB,1999-025QQ,30087,DEB,,PRC,1999-05-10,TAISC,,100.27,98.35,935,607,0.0230,,EA,ORB
FENGYUN 1C DEB,1999-025QR,30088,DEB,,PRC,1999-05-10,TAISC,,100.24,98.38,913,628,0.0508,,EA,ORB
FENGYUN 1C DEB,1999-025QS,30089,DEB,,PRC,1999-05-10,TAISC,,100.66,98.89,842,737,0.0530,,EA,ORB
FENGYUN 1C DEB,1999-025QT,30090,DEB,,PRC,1999-05-10,TAISC,,100.73,99.41,835,752,0.0340,,EA,ORB
FENGYUN 1C DEB,1999-025QU,30091,DEB,D,PRC,1999-05-10,TAISC,2015-02-15,88.26,98.51,194,183,0.0390,,EA,IMP
FENGYUN 1C DEB,1999-025QV,30092,DEB,,PRC,1999-05-10,TAISC,,100.01,98.93,817,701,0.0430,,EA,ORB
FENGYUN 1C DEB,1999-025QW,30093,DEB,,PRC,1999-05-10,TAISC,,99.66,98.84,791,694,0.0620,,EA,ORB
FENGYUN 1C DEB,1999-025QX,30094,DEB,D,PRC,1999-05-10,TAISC,2023-05-13,90.28,98.95,305,271,0.0449,,EA,IMP
FENGYUN 1C DEB,1999-025QY,30095,DEB,,PRC,1999-05-10,TAISC,,96.63,99.23,697,498,0.0104,,EA,ORB
FENGYUN 1C DEB,1999-025QZ,30096,DEB,,PRC,1999-05-10,TAISC,,100.55,99.14,841,729,0.0293,,EA,ORB
FENGYUN 1C DEB,1999-025RA,30097,DEB,D,PRC,1999-05-10,TAISC,2022-06-08,88.52,99.23,215,187,0.0440,,EA,IMP
FENGYUN 1C DEB,1999-025RB,30098,DEB,D,PRC,1999-05-10,TAISC,2022-04-03,90.50,99.30,312,286,0.0210,,EA,IMP
FENGYUN 1C DEB,1999-025RC,30099,DEB,,PRC,1999-05-10,TAISC,,100.96,98.52,848,761,0.0420,,EA,ORB
FENGYUN 1C DEB,1999-025RD,30100,DEB,D,PRC,1999-05-10,TAISC,2012-07-16,89.21,98.56,257,214,0.0119,,EA,IMP
FENGYUN 1C DEB,1999-025RE,30101,DEB,D,PRC,1999-05-10,TAISC,2024-03-31,90.48,99.10,319,277,0.0114,,EA,IMP
FENGYUN 1C DEB,1999-025RF,30102,DEB,,PRC,1999-05-10,TAISC,,101.24,98.38,919,716,0.0588,,EA,ORB
FENGYUN 1C DEB,1999-025RG,30103,DEB,,PRC,1999-05-10,TAISC,,101.03,99.26,853,761,0.0520,,EA,ORB
FENGYUN 1C DEB,1999-025RH,30104,DEB,,PRC,1999-05-10,TAISC,,100.96,98.36,857,751,0.0452,,EA,ORB
FENGYUN 1C DEB,1999-025RJ,30105,DEB,,PRC,1999-05-10,TAISC,,101.28,98.62,962,676,0.0194,,EA,ORB
FENGYUN 1C DEB,1999-025RK,30106,DEB,,PRC,1999-05-10,TAISC,,94.96,98.91,540,494,0.0423,,EA,ORB
FENGYUN 1C DEB,1999-025RL,30107,DEB,,PRC,1999-05-10,TAISC,,101.80,98.81,935,753,0.0178,,EA,ORB
FENGYUN 1C DEB,1999-025RM,30108,DEB,,PRC,1999-05-10,TAISC,,101.59,98.68,976,692,0.0180,,EA,ORB
FENGYUN 1C DEB,1999-025RN,30109,DEB,,PRC,1999-05-10,TAISC,,101.55,98.52,952,712,0.0448,,EA,ORB
FENGYUN 1C DEB,1999-025RP,30110,DEB,,PRC,1999-05-10,TAISC,,106.17,98.91,1249,850,0.0191,,EA,ORB
FENGYUN 1C DEB,1999-025RQ,30111,DEB,D,PRC,1999-05-10,TAISC,2023-11-28,90.12,101.58,294,267,0.0230,,EA,IMP
FENGYUN 1C DEB,1999-025RR,30112,DEB,,PRC,1999-05-10,TAISC,,101.20,99.30,959,671,0.0380,,EA,ORB
FENGYUN 1C DEB,1999-025RS,30113,DEB,,PRC,1999-05-10,TAISC,,99.44,99.03,759,704,0.0338,,EA,ORB
FENGYUN 1C DEB,1999-025RT,30114,DEB,,PRC,1999-05-10,TAISC,,102.14,98.75,919,801,0.0607,,EA,ORB
FENGYUN 1C DEB,1999-025RU,30115,DEB,,PRC,1999-05-10,TAISC,,101.36,98.60,872,774,0.0535,,EA,ORB
FENGYUN 1C DEB,1999-025RV,30116,DEB,,PRC,1999-05-10,TAISC,,100.63,99.39,801,776,0.0420,,EA,ORB
FENGYUN 1C DEB,1999-025RW,30117,DEB,,PRC,1999-05-10,TAISC,,102.32,98.82,987,750,0.0530,,EA,ORB
FENGYUN 1C DEB,1999-025RX,30118,DEB,,PRC,1999-05-10,TAISC,,102.48,98.81,938,814,0.0553,,EA,ORB
FENGYUN 1C DEB,1999-025RY,30119,DEB,,PRC,1999-05-10,TAISC,,101.14,97.94,904,721,0.0153,,EA,ORB
FENGYUN 1C DEB,1999-025RZ,30120,DEB,,PRC,1999-05-10,TAISC,,100.74,98.84,838,750,0.0430,,EA,ORB
FENGYUN 1C DEB,1999-025SA,30121,DEB,,PRC,1999-05-10,TAISC,,99.75,102.16,768,725,0.0842,,EA,ORB
FENGYUN 1C DEB,1999-025SB,30122,DEB,D,PRC,1999-05-10,TAISC,2025-12-01,90.59,95.84,318,288,0.0167,,EA,IMP
FENGYUN 1C DEB,1999-025SC,30123,DEB,,PRC,1999-05-10,TAISC,,100.87,96.92,963,637,0.0177,,EA,ORB
FENGYUN 1C DEB,1999-025SD,30124,DEB,,PRC,1999-05-10,TAISC,,101.76,99.11,945,739,0.0690,,EA,ORB
FENGYUN 1C DEB,1999-025SE,30125,DEB,,PRC,1999-05-10,TAISC,,101.09,98.73,1052,569,0.0330,,EA,ORB
FENGYUN 1C DEB,1999-025SF,30126,DEB,D,PRC,1999-05-10,TAISC,2011-04-30,90.52,98.83,321,279,0.0146,,EA,IMP
FENGYUN 1C DEB,1999-025SG,30127,DEB,,PRC,1999-05-10,TAISC,,99.90,98.20,814,694,0.0032,,EA,ORB
FENGYUN 1C DEB,1999-025SH,30128,DEB,,PRC,1999-05-10,TAISC,,99.18,96.98,792,647,0.0048,,EA,ORB
FENGYUN 1C DEB,1999-025SJ,30129,DEB,,PRC,1999-05-10,TAISC,,102.71,98.04,1022,752,0.0101,,EA,ORB
FENGYUN 1C DEB,1999-025SK,30130,DEB,D,PRC,1999-05-10,TAISC,2012-04-25,92.27,99.25,395,377,0.0500,,EA,IMP
FENGYUN 1C DEB,1999-025SL,30131,DEB,,PRC,1999-05-10,TAISC,,101.16,99.07,872,755,0.0545,,EA,ORB
FENGYUN 1C DEB,1999-025SM,30132,DEB,,PRC,1999-05-10,TAISC,,103.22,99.61,988,834,0.0116,,EA,ORB
FENGYUN 1C DEB,1999-025SN,30133,DEB,,PRC,1999-05-10,TAISC,,102.29,98.35,927,808,0.0573,,EA,ORB
FENGYUN 1C DEB,1999-025SP,30134,DEB,,PRC,1999-05-10,TAISC,,101.86,98.68,860,833,0.0499,,EA,ORB
FENGYUN 1C DEB,1999-025SQ,30135,DEB,D,PRC,1999-05-10,TAISC,2025-09-22,89.05,98.84,241,214,0.0480,,EA,IMP
FENGYUN 1C DEB,1999-025SR,30136,DEB,,PRC,1999-05-10,TAISC,,103.18,98.53,1003,815,0.0148,,EA,ORB
FENGYUN 1C DEB,1999-025SS,30137,DEB,D,PRC,1999-05-10,TAISC,2022-11-29,88.73,99.05,222,202,0.0110,,EA,IMP
FENGYUN 1C DEB,1999-025ST,30138,DEB,,PRC,1999-05-10,TAISC,,101.35,98.74,839,807,0.0416,,EA,ORB
FENGYUN 1C DEB,1999-025SU,30139,DEB,,PRC,1999-05-10,TAISC,,102.53,98.36,972,785,0.0084,,EA,ORB
FENGYUN 1C DEB,1999-025SV,30140,DEB,,PRC,1999-05-10,TAISC,,101.26,98.81,846,791,0.0159,,EA,ORB
FENGYUN 1C DEB,1999-025SW,30141,DEB,,PRC,1999-05-10,TAISC,,98.89,99.02,718,693,0.0084,,EA,ORB
FENGYUN 1C DEB,1999-025SX,30142,DEB,,PRC,1999-05-10,TAISC,,101.99,99.12,924,782,0.0490,,EA,ORB
FENGYUN 1C DEB,1999-025SY,30143,DEB,,PRC,1999-05-10,TAISC,,102.61,98.75,955,809,0.0108,,EA,ORB
FENGYUN 1C DEB,1999-025SZ,30144,DEB,,PRC,1999-05-10,TAISC,,103.44,99.03,1013,830,0.0279,,EA,ORB
FENGYUN 1C DEB,1999-025TA,30145,DEB,,PRC,1999-05-10,TAISC,,101.66,99.27,903,772,0.0616,,EA,ORB
FENGYUN 1C DEB,1999-025TB,30146,DEB,,PRC,1999-05-10,TAISC,,103.82,98.05,1070,808,0.0199,,EA,ORB
FENGYUN 1C DEB,1999-025TC,30147,DEB,D,PRC,1999-05-10,TAISC,2025-01-25,92.21,99.00,409,357,0.0270,,EA,IMP
FENGYUN 1C DEB,1999-025TD,30148,DEB,,PRC,1999-05-10,TAISC,,103.68,99.58,1030,835,0.0105,,EA,ORB
FENGYUN 1C DEB,1999-025TE,30149,DEB,D,PRC,1999-05-10,TAISC,2023-05-03,90.39,98.99,306,282,0.0068,,EA,IMP
FENGYUN 1C DEB,1999-025TF,30150,DEB,,PRC,1999-05-10,TAISC,,103.83,99.02,1047,832,0.0440,,EA,ORB
FENGYUN 1C DEB,1999-025TG,30151,DEB,,PRC,1999-05-10,TAISC,,103.98,99.06,1065,828,0.0199,,EA,ORB
FENGYUN 1C DEB,1999-025TH,30152,DEB,,PRC,1999-05-10,TAISC,,103.00,99.08,1018,783,0.0390,,EA,ORB
FENGYUN 1C DEB,1999-025TJ,30153,DEB,,PRC,1999-05-10,TAISC,,104.40,100.47,1113,820,0.0097,,EA,ORB
FENGYUN 1C DEB,1999-025TK,30154,DEB,,PRC,1999-05-10,TAISC,,103.84,98.43,1070,809,0.0060,,EA,ORB
FENGYUN 1C DEB,1999-025TL,30155,DEB,,PRC,1999-05-10,TAISC,,104.71,99.75,1155,808,0.0239,,EA,ORB
FENGYUN 1C DEB,1999-025TM,30156,DEB,,PRC,1999-05-10,TAISC,,104.22,98.93,1103,813,0.0580,,EA,ORB
FENGYUN 1C DEB,1999-025TN,30157,DEB,,PRC,1999-05-10,TAISC,,99.43,98.72,757,706,0.0123,,EA,ORB
FENGYUN 1C DEB,1999-025TP,30158,DEB,D,PRC,1999-05-10,TAISC,2018-04-16,90.93,98.80,337,303,0.0148,,EA,IMP
FENGYUN 1C DEB,1999-025TQ,30159,DEB,D,PRC,1999-05-10,TAISC,2011-10-01,95.94,99.78,650,478,0.0195,,EA,IMP
FENGYUN 1C DEB,1999-025TR,30160,DEB,,PRC,1999-05-10,TAISC,,107.20,98.90,1351,843,0.0365,,EA,ORB
FENGYUN 1C DEB,1999-025TS,30161,DEB,,PRC,1999-05-10,TAISC,,106.63,100.52,1314,827,0.0051,,EA,ORB
FENGYUN 1C DEB,1999-025TT,30162,DEB,,PRC,1999-05-10,TAISC,,106.32,99.47,1291,822,0.0697,,EA,ORB
FENGYUN 1C DEB,1999-025TU,30163,DEB,,PRC,1999-05-10,TAISC,,107.51,98.70,1386,837,0.0114,,EA,ORB
FENGYUN 1C DEB,1999-025TV,30164,DEB,D,PRC,1999-05-10,TAISC,2025-02-25,94.10,99.56,507,443,0.0129,,EA,IMP
FENGYUN 1C DEB,1999-025TW,30165,DEB,D,PRC,1999-05-10,TAISC,2011-04-03,93.05,99.25,483,365,0.0347,,EA,IMP
FENGYUN 1C DEB,1999-025TX,30166,DEB,D,PRC,1999-05-10,TAISC,2012-01-01,90.68,97.36,320,295,0.0250,,EA,IMP
FENGYUN 1C DEB,1999-025TY,30167,DEB,,PRC,1999-05-10,TAISC,,99.36,98.97,829,626,0.0520,,EA,ORB
FENGYUN 1C DEB,1999-025TZ,30168,DEB,,PRC,1999-05-10,TAISC,,98.90,97.37,774,638,0.0479,,EA,ORB
FENGYUN 1C DEB,1999-025UA,30169,DEB,,PRC,1999-05-10,TAISC,,98.36,98.32,819,541,0.0460,,EA,ORB
FENGYUN 1C DEB,1999-025UB,30170,DEB,,PRC,1999-05-10,TAISC,,102.81,98.87,947,836,0.0523,,EA,ORB
FENGYUN 1C DEB,1999-025UC,30171,DEB,,PRC,1999-05-10,TAISC,,103.08,98.38,1038,770,0.0500,,EA,ORB
FENGYUN 1C DEB,1999-025UD,30172,DEB,,PRC,1999-05-10,TAISC,,101.85,99.25,895,798,0.0430,,EA,ORB
FENGYUN 1C DEB,1999-025UE,30173,DEB,,PRC,1999-05-10,TAISC,,101.94,98.96,907,794,0.0300,,EA,ORB
FENGYUN 1C DEB,1999-025UF,30174,DEB,,PRC,1999-05-10,TAISC,,95.71,98.78,561,545,0.0718,,EA,ORB
FENGYUN 1C DEB,1999-025UG,30175,DEB,,PRC,1999-05-10,TAISC,,104.04,99.35,1055,844,0.0385,,EA,ORB
FENGYUN 1C DEB,1999-025UH,30176,DEB,D,PRC,1999-05-10,TAISC,2007-07-05,90.66,99.57,344,270,0.0184,,EA,IMP
FENGYUN 1C DEB,1999-025UJ,30177,DEB,,PRC,1999-05-10,TAISC,,105.61,98.64,1352,694,0.0162,,EA,ORB
FENGYUN 1C DEB,1999-025UK,30178,DEB,,PRC,1999-05-10,TAISC,,105.92,102.25,1245,830,0.0181,,EA,ORB
FENGYUN 1C DEB,1999-025UL,30179,DEB,D,PRC,1999-05-10,TAISC,2014-08-28,93.11,99.45,435,419,0.0190,,EA,IMP
FENGYUN 1C DEB,1999-025UM,30180,DEB,D,PRC,1999-05-10,TAISC,2023-03-18,91.09,98.99,338,318,0.0088,,EA,IMP
FENGYUN 1C DEB,1999-025UN,30181,DEB,,PRC,1999-05-10,TAISC,,100.63,98.84,816,761,0.0420,,EA,ORB
FENGYUN 1C DEB,1999-025UP,30182,DEB,,PRC,1999-05-10,TAISC,,103.11,99.03,961,851,0.0340,,EA,ORB
FENGYUN 1C DEB,1999-025UQ,30183,DEB,,PRC,1999-05-10,TAISC,,101.90,98.76,867,831,0.0442,,EA,ORB
FENGYUN 1C DEB,1999-025UR,30184,DEB,D,PRC,1999-05-10,TAISC,2012-01-23,91.01,97.39,338,311,0.0240,,EA,IMP
FENGYUN 1C DEB,1999-025US,30185,DEB,D,PRC,1999-05-10,TAISC,2014-01-04,88.18,99.62,192,177,0.0067,,EA,IMP
FENGYUN 1C DEB,1999-025UT,30186,DEB,D,PRC,1999-05-10,TAISC,2014-03-12,88.24,98.78,196,179,0.0530,,EA,IMP
FENGYUN 1C DEB,1999-025UU,30187,DEB,D,PRC,1999-05-10,TAISC,2011-09-16,88.62,98.82,240,172,0.0579,,EA,IMP
FENGYUN 1C DEB,1999-025UV,30188,DEB,D,PRC,1999-05-10,TAISC,2013-09-04,87.93,98.01,186,157,0.0179,,EA,IMP
FENGYUN 1C DEB,1999-025UW,30189,DEB,D,PRC,1999-05-10,TAISC,2015-04-12,88.00,99.00,187,164,0.0337,,EA,IMP
FENGYUN 1C DEB,1999-025UX,30190,DEB,D,PRC,1999-05-10,TAISC,2025-05-13,88.85,98.90,226,209,0.0430,,EA,IMP
FENGYUN 1C DEB,1999-025UY,30191,DEB,,PRC,1999-05-10,TAISC,,97.21,98.76,690,561,0.0300,,EA,ORB
FENGYUN 1C DEB,1999-025UZ,30192,DEB,D,PRC,1999-05-10,TAISC,2016-11-12,89.70,98.94,270,249,0.0070,,EA,IMP
FENGYUN 1C DEB,1999-025VA,30193,DEB,,PRC,1999-05-10,TAISC,,99.27,98.75,799,648,0.0369,,EA,ORB
FENGYUN 1C DEB,1999-025VB,30194,DEB,D,PRC,1999-05-10,TAISC,2025-04-13,90.69,101.18,316,301,0.0230,,EA,IMP
FENGYUN 1C DEB,1999-025VC,30195,DEB,D,PRC,1999-05-10,TAISC,2015-06-18,89.70,102.00,268,251,0.0058,,EA,IMP
FENGYUN 1C DEB,1999-025VD,30196,DEB,,PRC,1999-05-10,TAISC,,100.99,98.64,868,743,0.0496,,EA,ORB
FENGYUN 1C DEB,1999-025VE,30197,DEB,,PRC,1999-05-10,TAISC,,100.12,98.95,804,724,0.0730,,EA,ORB
FENGYUN 1C DEB,1999-025VF,30198,DEB,,PRC,1999-05-10,TAISC,,99.10,98.47,789,642,0.0190,,EA,ORB
FENGYUN 1C DEB,1999-025VG,30199,DEB,,PRC,1999-05-10,TAISC,,100.01,98.37,813,705,0.0123,,EA,ORB
FENGYUN 1C DEB,1999-025VH,30200,DEB,,PRC,1999-05-10,TAISC,,101.23,99.10,923,711,0.0114,,EA,ORB
FENGYUN 1C DEB,1999-025VJ,30201,DEB,,PRC,1999-05-10,TAISC,,101.17,99.43,834,793,0.0066,,EA,ORB
FENGYUN 1C DEB,1999-025VK,30202,DEB,,PRC,1999-05-10,TAISC,,98.85,98.64,729,679,0.0440,,EA,ORB
FENGYUN 1C DEB,1999-025VL,30203,DEB,D,PRC,1999-05-10,TAISC,2012-01-09,91.74,99.02,369,350,0.0380,,EA,IMP
FENGYUN 1C DEB,1999-025VM,30204,DEB,D,PRC,1999-05-10,TAISC,2015-02-21,89.52,99.76,259,242,0.0160,,EA,IMP
FENGYUN 1C DEB,1999-025VN,30205,DEB,,PRC,1999-05-10,TAISC,,103.73,99.01,1023,847,0.0722,,EA,ORB
FENGYUN 1C DEB,1999-025VP,30206,DEB,,PRC,1999-05-10,TAISC,,99.31,98.24,827,624,0.0470,,EA,ORB
FENGYUN 1C DEB,1999-025VQ,30207,DEB,,PRC,1999-05-10,TAISC,,104.40,98.58,1157,776,0.0180,,EA,ORB
FENGYUN 1C DEB,1999-025VR,30208,DEB,,PRC,1999-05-10,TAISC,,101.12,98.57,835,789,0.0164,,EA,ORB
FENGYUN 1C DEB,1999-025VS,30209,DEB,,PRC,1999-05-10,TAISC,,101.90,98.73,876,821,0.0542,,EA,ORB
FENGYUN 1C DEB,1999-025VT,30210,DEB,,PRC,1999-05-10,TAISC,,102.22,99.16,905,823,0.0520,,EA,ORB
FENGYUN 1C DEB,1999-025VU,30211,DEB,D,PRC,1999-05-10,TAISC,2010-10-18,91.45,99.64,362,329,0.0609,,EA,IMP
FENGYUN 1C DEB,1999-025VV,30212,DEB,,PRC,1999-05-10,TAISC,,103.06,99.43,973,833,0.0590,,EA,ORB
FENGYUN 1C DEB,1999-025VW,30213,DEB,,PRC,1999-05-10,TAISC,,101.92,99.11,899,801,0.0539,,EA,ORB
FENGYUN 1C DEB,1999-025VX,30214,DEB,,PRC,1999-05-10,TAISC,,100.51,98.71,798,768,0.0156,,EA,ORB
FENGYUN 1C DEB,1999-025VY,30215,DEB,D,PRC,1999-05-10,TAISC,2011-09-24,92.48,99.46,429,363,0.0446,,EA,IMP
FENGYUN 1C DEB,1999-025VZ,30216,DEB,D,PRC,1999-05-10,TAISC,2024-04-20,88.95,98.99,232,213,0.0080,,EA,IMP
FENGYUN 1C DEB,1999-025WA,30217,DEB,,PRC,1999-05-10,TAISC,,101.04,98.46,909,707,0.0290,,EA,ORB
FENGYUN 1C DEB,1999-025WB,30218,DEB,,PRC,1999-05-10,TAISC,,100.60,98.98,835,739,0.0049,,EA,ORB
FENGYUN 1C DEB,1999-025WC,30219,DEB,D,PRC,1999-05-10,TAISC,2012-07-31,92.88,99.08,456,375,0.0101,,EA,IMP
FENGYUN 1C DEB,1999-025WD,30220,DEB,D,PRC,1999-05-10,TAISC,2011-12-04,91.16,98.87,348,314,0.0280,,EA,IMP
FENGYUN 1C DEB,1999-025WE,30221,DEB,,PRC,1999-05-10,TAISC,,99.56,98.96,840,635,0.0420,,EA,ORB
FENGYUN 1C DEB,1999-025WF,30222,DEB,,PRC,1999-05-10,TAISC,,102.55,98.81,907,852,0.0442,,EA,ORB
FENGYUN 1C DEB,1999-025WG,30223,DEB,D,PRC,1999-05-10,TAISC,2009-10-29,91.90,97.04,386,349,0.0478,,EA,IMP
FENGYUN 1C DEB,1999-025WH,30224,DEB,,PRC,1999-05-10,TAISC,,103.59,99.45,1010,847,0.0365,,EA,ORB
FENGYUN 1C DEB,1999-025WJ,30225,DEB,,PRC,1999-05-10,TAISC,,101.74,98.64,914,769,0.0158,,EA,ORB
FENGYUN 1C DEB,1999-025WK,30226,DEB,D,PRC,1999-05-10,TAISC,2015-12-12,88.73,98.90,222,201,0.0500,,EA,IMP
FENGYUN 1C DEB,1999-025WL,30227,DEB,D,PRC,1999-05-10,TAISC,2024-10-01,90.99,99.02,340,306,0.0280,,EA,IMP
FENGYUN 1C DEB,1999-025WM,30228,DEB,D,PRC,1999-05-10,TAISC,2022-09-10,89.07,98.91,234,223,0.0115,,EA,IMP
FENGYUN 1C DEB,1999-025WN,30229,DEB,,PRC,1999-05-10,TAISC,,98.34,99.04,703,655,0.0250,,EA,ORB
FENGYUN 1C DEB,1999-025WP,30230,DEB,D,PRC,1999-05-10,TAISC,2023-11-22,91.03,98.95,338,312,0.0350,,EA,IMP
FENGYUN 1C DEB,1999-025WQ,30231,DEB,,PRC,1999-05-10,TAISC,,101.97,98.78,945,759,0.0312,,EA,ORB
FENGYUN 1C DEB,1999-025WR,30232,DEB,,PRC,1999-05-10,TAISC,,98.26,98.67,768,583,0.0400,,EA,ORB
FENGYUN 1C DEB,1999-025WS,30233,DEB,D,PRC,1999-05-10,TAISC,2024-09-21,91.99,98.99,392,352,0.0450,,EA,IMP
FENGYUN 1C DEB,1999-025WT,30234,DEB,,PRC,1999-05-10,TAISC,,101.61,98.63,883,786,0.0370,,EA,ORB
FENGYUN 1C DEB,1999-025WU,30235,DEB,,PRC,1999-05-10,TAISC,,102.19,98.74,973,752,0.0860,,EA,ORB
FENGYUN 1C DEB,1999-025WV,30236,DEB,D,PRC,1999-05-10,TAISC,2008-09-28,91.71,100.57,403,314,0.0145,,EA,IMP
FENGYUN 1C DEB,1999-025WW,30237,DEB,,PRC,1999-05-10,TAISC,,99.71,98.83,754,736,0.0077,,EA,ORB
FENGYUN 1C DEB,1999-025WX,30238,DEB,D,PRC,1999-05-10,TAISC,2022-10-10,94.52,98.67,517,474,0.0095,,EA,IMP
FENGYUN 1C DEB,1999-025WY,30239,DEB,,PRC,1999-05-10,TAISC,,126.10,99.51,3085,819,0.0123,,EA,ORB
FENGYUN 1C DEB,1999-025WZ,30240,DEB,D,PRC,1999-05-10,TAISC,2010-02-04,92.37,100.07,450,331,0.0057,,EA,IMP
FENGYUN 1C DEB,1999-025XA,30241,DEB,,PRC,1999-05-10,TAISC,,102.14,99.18,966,754,0.0550,,EA,ORB
FENGYUN 1C DEB,1999-025XB,30242,DEB,,PRC,1999-05-10,TAISC,,101.54,98.66,840,823,0.0469,,EA,ORB
FENGYUN 1C DEB,1999-025XC,30243,DEB,,PRC,1999-05-10,TAISC,,101.89,98.69,858,838,0.0320,,EA,ORB
FENGYUN 1C DEB,1999-025XD,30244,DEB,,PRC,1999-05-10,TAISC,,101.74,99.12,848,834,0.0430,,EA,ORB
FENGYUN 1C DEB,1999-025XE,30245,DEB,,PRC,1999-05-10,TAISC,,104.37,98.91,1106,825,0.0387,,EA,ORB
FENGYUN 1C DEB,1999-025XF,30246,DEB,,PRC,1999-05-10,TAISC,,107.69,98.70,1398,842,0.0176,,EA,ORB
FENGYUN 1C DEB,1999-025XG,30247,DEB,,PRC,1999-05-10,TAISC,,98.16,98.26,791,551,0.0168,,EA,ORB
FENGYUN 1C DEB,1999-025XH,30248,DEB,,PRC,1999-05-10,TAISC,,98.10,99.09,687,648,0.0066,,EA,ORB
FENGYUN 1C DEB,1999-025XJ,30249,DEB,,PRC,1999-05-10,TAISC,,98.27,98.97,692,659,0.0363,,EA,ORB
FENGYUN 1C DEB,1999-025XK,30250,DEB,,PRC,1999-05-10,TAISC,,102.72,98.77,934,841,0.0476,,EA,ORB
FENGYUN 1C DEB,1999-025XL,30251,DEB,,PRC,1999-05-10,TAISC,,100.71,99.03,829,756,0.0541,,EA,ORB
FENGYUN 1C DEB,1999-025XM,30252,DEB,,PRC,1999-05-10,TAISC,,102.12,98.73,906,812,0.0460,,EA,ORB
FENGYUN 1C DEB,1999-025XN,30253,DEB,,PRC,1999-05-10,TAISC,,104.81,98.74,1149,822,0.0258,,EA,ORB
FENGYUN 1C DEB,1999-025XP,30254,DEB,D,PRC,1999-05-10,TAISC,2013-07-31,89.31,99.25,261,219,0.0332,,EA,IMP
FENGYUN 1C DEB,1999-025XQ,30255,DEB,D,PRC,1999-05-10,TAISC,2010-04-13,89.24,98.95,245,229,0.0099,,EA,IMP
FENGYUN 1C DEB,1999-025XR,30256,DEB,D,PRC,1999-05-10,TAISC,2021-02-16,88.82,98.95,224,208,0.0450,,EA,IMP
FENGYUN 1C DEB,1999-025XS,30257,DEB,,PRC,1999-05-10,TAISC,,102.14,98.76,903,817,0.0260,,EA,ORB
FENGYUN 1C DEB,1999-025XT,30258,DEB,D,PRC,1999-05-10,TAISC,2011-01-15,90.21,97.44,303,266,0.0152,,EA,IMP
FENGYUN 1C DEB,1999-025XU,30259,DEB,,PRC,1999-05-10,TAISC,,99.15,98.73,888,548,0.0480,,EA,ORB
FENGYUN 1C DEB,1999-025XV,30260,DEB,D,PRC,1999-05-10,TAISC,2011-07-22,92.49,98.77,435,358,0.0500,,EA,IMP
FENGYUN 1C DEB,1999-025XW,30261,DEB,D,PRC,1999-05-10,TAISC,2025-12-05,87.80,98.72,173,159,0.0270,,EA,IMP
FENGYUN 1C DEB,1999-025XX,30262,DEB,D,PRC,1999-05-10,TAISC,2023-05-19,89.17,98.98,244,222,0.0126,,EA,IMP
FENGYUN 1C DEB,1999-025XY,30263,DEB,,PRC,1999-05-10,TAISC,,102.68,98.95,990,781,0.0098,,EA,ORB
FENGYUN 1C DEB,1999-025XZ,30264,DEB,,PRC,1999-05-10,TAISC,,102.24,98.95,940,789,0.0210,,EA,ORB
FENGYUN 1C DEB,1999-025YA,30265,DEB,,PRC,1999-05-10,TAISC,,98.36,98.67,698,663,0.0064,,EA,ORB
FENGYUN 1C DEB,1999-025YB,30266,DEB,,PRC,1999-05-10,TAISC,,101.67,99.03,898,778,0.0320,,EA,ORB
FENGYUN 1C DEB,1999-025YC,30267,DEB,,PRC,1999-05-10,TAISC,,101.05,98.84,849,767,0.0227,,EA,ORB
FENGYUN 1C DEB,1999-025YD,30268,DEB,D,PRC,1999-05-10,TAISC,2012-01-14,90.33,98.94,302,280,0.0088,,EA,IMP
FENGYUN 1C DEB,1999-025YE,30269,DEB,D,PRC,1999-05-10,TAISC,2012-08-01,92.32,98.75,397,379,0.0410,,EA,IMP
FENGYUN 1C DEB,1999-025YF,30270,DEB,,PRC,1999-05-10,TAISC,,102.03,98.70,860,849,0.1380,,EA,ORB
FENGYUN 1C DEB,1999-025YG,30271,DEB,D,PRC,1999-05-10,TAISC,2012-11-11,90.82,98.45,334,296,0.0350,,EA,IMP
FENGYUN 1C DEB,1999-025YH,30272,DEB,,PRC,1999-05-10,TAISC,,101.71,98.89,877,802,0.0170,,EA,ORB
FENGYUN 1C DEB,1999-025YJ,30273,DEB,,PRC,1999-05-10,TAISC,,102.63,98.83,926,840,0.0262,,EA,ORB
FENGYUN 1C DEB,1999-025YK,30274,DEB,,PRC,1999-05-10,TAISC,,98.89,99.32,708,703,0.0160,,EA,ORB
FENGYUN 1C DEB,1999-025YL,30275,DEB,,PRC,1999-05-10,TAISC,,99.41,98.62,758,703,0.0078,,EA,ORB
FENGYUN 1C DEB,1999-025YM,30276,DEB,,PRC,1999-05-10,TAISC,,100.81,98.85,816,778,0.0111,,EA,ORB
FENGYUN 1C DEB,1999-025YN,30277,DEB,,PRC,1999-05-10,TAISC,,101.80,98.96,932,755,0.0087,,EA,ORB
FENGYUN 1C DEB,1999-025YP,30278,DEB,D,PRC,1999-05-10,TAISC,2017-02-21,90.75,99.29,319,305,0.0890,,EA,IMP
FENGYUN 1C DEB,1999-025YQ,30279,DEB,,PRC,1999-05-10,TAISC,,101.13,99.17,969,655,0.0915,,EA,ORB
FENGYUN 1C DEB,1999-025YR,30280,DEB,,PRC,1999-05-10,TAISC,,102.97,98.79,957,840,0.0129,,EA,ORB
FENGYUN 1C DEB,1999-025YS,30281,DEB,,PRC,1999-05-10,TAISC,,102.08,98.78,877,837,0.1486,,EA,ORB
FENGYUN 1C DEB,1999-025YT,30282,DEB,,PRC,1999-05-10,TAISC,,101.89,98.51,1000,697,0.0509,,EA,ORB
FENGYUN 1C DEB,1999-025YU,30283,DEB,,PRC,1999-05-10,TAISC,,102.70,98.88,1021,752,0.0774,,EA,ORB
FENGYUN 1C DEB,1999-025YV,30284,DEB,,PRC,1999-05-10,TAISC,,100.67,98.71,818,763,0.0078,,EA,ORB
FENGYUN 1C DEB,1999-025YW,30285,DEB,D,PRC,1999-05-10,TAISC,2011-11-14,93.24,99.48,459,408,0.0449,,EA,IMP
FENGYUN 1C DEB,1999-025YX,30286,DEB,,PRC,1999-05-10,TAISC,,101.92,98.69,897,803,0.0658,,EA,ORB
FENGYUN 1C DEB,1999-025YY,30287,DEB,,PRC,1999-05-10,TAISC,,105.17,98.62,1307,697,0.0467,,EA,ORB
FENGYUN 1C DEB,1999-025YZ,30288,DEB,,PRC,1999-05-10,TAISC,,100.36,99.39,790,762,0.0410,,EA,ORB
FENGYUN 1C DEB,1999-025ZA,30289,DEB,,PRC,1999-05-10,TAISC,,100.83,98.93,822,774,0.0152,,EA,ORB
FENGYUN 1C DEB,1999-025ZB,30290,DEB,,PRC,1999-05-10,TAISC,,96.24,102.61,588,568,0.0173,,EA,ORB
FENGYUN 1C DEB,1999-025ZC,30291,DEB,,PRC,1999-05-10,TAISC,,98.59,97.22,762,621,0.0193,,EA,ORB
FENGYUN 1C DEB,1999-025ZD,30292,DEB,D,PRC,1999-05-10,TAISC,2015-09-24,88.71,98.52,220,201,0.0094,,EA,IMP
FENGYUN 1C DEB,1999-025ZE,30293,DEB,,PRC,1999-05-10,TAISC,,99.29,99.24,779,671,0.0132,,EA,ORB
FENGYUN 1C DEB,1999-025ZF,30294,DEB,,PRC,1999-05-10,TAISC,,100.32,98.38,913,634,0.0135,,EA,ORB
FENGYUN 1C DEB,1999-025ZG,30295,DEB,,PRC,1999-05-10,TAISC,,101.04,98.49,875,740,0.0158,,EA,ORB
FENGYUN 1C DEB,1999-025ZH,30296,DEB,D,PRC,1999-05-10,TAISC,2011-02-13,92.56,97.45,453,347,0.0416,,EA,IMP
FENGYUN 1C DEB,1999-025ZJ,30297,DEB,,PRC,1999-05-10,TAISC,,100.94,98.83,1064,542,0.0300,,EA,ORB
FENGYUN 1C DEB,1999-025ZK,30298,DEB,,PRC,1999-05-10,TAISC,,101.28,99.00,855,784,0.0192,,EA,ORB
FENGYUN 1C DEB,1999-025ZL,30299,DEB,,PRC,1999-05-10,TAISC,,102.20,99.08,937,789,0.0125,,EA,ORB
FENGYUN 1C DEB,1999-025ZM,30300,DEB,,PRC,1999-05-10,TAISC,,100.75,99.03,844,744,0.0048,,EA,ORB
FENGYUN 1C DEB,1999-025ZN,30301,DEB,,PRC,1999-05-10,TAISC,,98.51,98.64,729,646,0.0196,,EA,ORB
FENGYUN 1C DEB,1999-025ZP,30302,DEB,,PRC,1999-05-10,TAISC,,101.77,98.55,917,768,0.0122,,EA,ORB
FENGYUN 1C DEB,1999-025ZQ,30303,DEB,,PRC,1999-05-10,TAISC,,100.81,99.01,849,745,0.0067,,EA,ORB
FENGYUN 1C DEB,1999-025ZR,30304,DEB,,PRC,1999-05-10,TAISC,,101.65,99.02,890,784,0.0111,,EA,ORB
FENGYUN 1C DEB,1999-025ZS,30305,DEB,,PRC,1999-05-10,TAISC,,105.86,98.59,1231,838,0.0139,,EA,ORB
FENGYUN 1C DEB,1999-025ZT,30306,DEB,,PRC,1999-05-10,TAISC,,100.74,98.57,873,715,0.0181,,EA,ORB
FENGYUN 1C DEB,1999-025ZU,30307,DEB,D,PRC,1999-05-10,TAISC,2008-12-12,91.85,99.09,404,327,0.0718,,EA,IMP
FENGYUN 1C DEB,1999-025ZV,30308,DEB,D,PRC,1999-05-10,TAISC,2023-01-18,93.96,100.29,497,439,0.0080,,EA,IMP
FENGYUN 1C DEB,1999-025ZW,30309,DEB,,PRC,1999-05-10,TAISC,,103.32,99.20,983,848,0.0622,,EA,ORB
FENGYUN 1C DEB,1999-025ZX,30310,DEB,,PRC,1999-05-10,TAISC,,102.20,98.65,1036,689,0.0113,,EA,ORB
FENGYUN 1C DEB,1999-025ZY,30311,DEB,,PRC,1999-05-10,TAISC,,104.49,99.14,1091,850,0.0191,,EA,ORB
FENGYUN 1C DEB,1999-025ZZ,30312,DEB,,PRC,1999-05-10,TAISC,,99.34,98.86,735,718,0.0437,,EA,ORB
FENGYUN 1C DEB,1999-025AAA,30313,DEB,,PRC,1999-05-10,TAISC,,100.88,98.87,839,761,0.0822,,EA,ORB
FENGYUN 1C DEB,1999-025AAB,30314,DEB,,PRC,1999-05-10,TAISC,,102.70,98.40,991,783,0.0094,,EA,ORB
FENGYUN 1C DEB,1999-025AAC,30315,DEB,,PRC,1999-05-10,TAISC,,101.45,98.60,853,802,0.0576,,EA,ORB
FENGYUN 1C DEB,1999-025AAD,30316,DEB,,PRC,1999-05-10,TAISC,,98.57,98.65,713,668,0.0072,,EA,ORB
FENGYUN 1C DEB,1999-025AAE,30317,DEB,,PRC,1999-05-10,TAISC,,102.34,98.79,887,852,0.0419,,EA,ORB
FENGYUN 1C DEB,1999-025AAF,30318,DEB,D,PRC,1999-05-10,TAISC,2022-01-16,90.17,98.94,295,271,0.0510,,EA,IMP
FENGYUN 1C DEB,1999-025AAG,30319,DEB,D,PRC,1999-05-10,TAISC,2025-01-23,91.20,98.24,336,330,0.0057,,EA,IMP
FENGYUN 1C DEB,1999-025AAH,30320,DEB,,PRC,1999-05-10,TAISC,,102.95,99.16,960,837,0.0266,,EA,ORB
FENGYUN 1C DEB,1999-025AAJ,30321,DEB,,PRC,1999-05-10,TAISC,,101.63,98.67,879,793,0.0290,,EA,ORB
FENGYUN 1C DEB,1999-025AAK,30322,DEB,,PRC,1999-05-10,TAISC,,102.35,98.38,960,780,0.0176,,EA,ORB
FENGYUN 1C DEB,1999-025AAL,30325,DEB,,PRC,1999-05-10,TAISC,,102.19,98.72,873,851,0.0052,,EA,ORB
FENGYUN 1C DEB,1999-025AAM,30326,DEB,,PRC,1999-05-10,TAISC,,103.93,98.62,1049,840,0.0619,,EA,ORB
FENGYUN 1C DEB,1999-025AAN,30327,DEB,,PRC,1999-05-10,TAISC,,101.42,98.43,909,743,0.0089,,EA,ORB
FENGYUN 1C DEB,1999-025AAP,30328,DEB,,PRC,1999-05-10,TAISC,,101.94,98.68,855,846,0.0440,,EA,ORB
FENGYUN 1C DEB,1999-025AAQ,30329,DEB,,PRC,1999-05-10,TAISC,,103.82,99.26,1044,835,0.0192,,EA,ORB
FENGYUN 1C DEB,1999-025AAR,30330,DEB,,PRC,1999-05-10,TAISC,,104.13,98.90,1089,819,0.0360,,EA,ORB
FENGYUN 1C DEB,1999-025AAS,30331,DEB,,PRC,1999-05-10,TAISC,,103.00,98.93,971,830,0.0260,,EA,ORB
FENGYUN 1C DEB,1999-025AAT,30332,DEB,,PRC,1999-05-10,TAISC,,104.58,99.74,1105,845,0.0140,,EA,ORB
FENGYUN 1C DEB,1999-025AAU,30333,DEB,D,PRC,1999-05-10,TAISC,2024-09-07,87.87,98.85,180,158,0.0250,,EA,IMP
FENGYUN 1C DEB,1999-025AAV,30334,DEB,,PRC,1999-05-10,TAISC,,103.35,99.02,1020,814,0.0184,,EA,ORB
FENGYUN 1C DEB,1999-025AAW,30335,DEB,,PRC,1999-05-10,TAISC,,102.75,98.92,987,790,0.0600,,EA,ORB
FENGYUN 1C DEB,1999-025AAX,30336,DEB,,PRC,1999-05-10,TAISC,,101.43,98.59,858,795,0.0262,,EA,ORB
FENGYUN 1C DEB,1999-025AAY,30337,DEB,D,PRC,1999-05-10,TAISC,2012-02-26,89.88,98.81,287,250,0.0493,,EA,IMP
FENGYUN 1C DEB,1999-025AAZ,30338,DEB,,PRC,1999-05-10,TAISC,,99.31,98.44,914,538,0.0445,,EA,ORB
FENGYUN 1C DEB,1999-025ABA,30339,DEB,,PRC,1999-05-10,TAISC,,99.89,98.98,768,738,0.0316,,EA,ORB
FENGYUN 1C DEB,1999-025ABB,30340,DEB,,PRC,1999-05-10,TAISC,,102.51,98.97,983,772,0.0546,,EA,ORB
FENGYUN 1C DEB,1999-025ABC,30341,DEB,,PRC,1999-05-10,TAISC,,100.18,99.21,803,731,0.0440,,EA,ORB
FENGYUN 1C DEB,1999-025ABD,30342,DEB,,PRC,1999-05-10,TAISC,,104.32,100.19,1085,840,0.0190,,EA,ORB
FENGYUN 1C DEB,1999-025ABE,30343,DEB,D,PRC,1999-05-10,TAISC,2024-11-01,88.18,98.95,195,174,0.0095,,EA,IMP
FENGYUN 1C DEB,1999-025ABF,30344,DEB,,PRC,1999-05-10,TAISC,,98.88,98.81,711,700,0.0450,,EA,ORB
FENGYUN 1C DEB,1999-025ABG,30345,DEB,,PRC,1999-05-10,TAISC,,99.69,98.91,755,732,0.0350,,EA,ORB
FENGYUN 1C DEB,1999-025ABH,30346,DEB,,PRC,1999-05-10,TAISC,,100.25,98.81,808,733,0.0480,,EA,ORB
FENGYUN 1C DEB,1999-025ABJ,30347,DEB,,PRC,1999-05-10,TAISC,,103.38,98.40,1029,808,0.0250,,EA,ORB
FENGYUN 1C DEB,1999-025ABK,30348,DEB,,PRC,1999-05-10,TAISC,,100.17,98.86,779,754,0.0440,,EA,ORB
FENGYUN 1C DEB,1999-025ABL,30349,DEB,,PRC,1999-05-10,TAISC,,101.93,98.60,914,786,0.0490,,EA,ORB
FENGYUN 1C DEB,1999-025ABM,30350,DEB,,PRC,1999-05-10,TAISC,,104.10,98.12,1112,793,0.0174,,EA,ORB
FENGYUN 1C DEB,1999-025ABN,30351,DEB,D,PRC,1999-05-10,TAISC,2014-04-04,93.40,99.03,465,418,0.0257,,EA,IMP
FENGYUN 1C DEB,1999-025ABP,30352,DEB,,PRC,1999-05-10,TAISC,,102.29,98.75,887,847,0.0091,,EA,ORB
FENGYUN 1C DEB,1999-025ABQ,30353,DEB,D,PRC,1999-05-10,TAISC,2012-03-23,89.61,98.92,265,245,0.0310,,EA,IMP
FENGYUN 1C DEB,1999-025ABR,30354,DEB,D,PRC,1999-05-10,TAISC,2010-02-20,88.60,98.86,213,197,0.0419,,EA,IMP
FENGYUN 1C DEB,1999-025ABS,30355,DEB,,PRC,1999-05-10,TAISC,,101.45,98.59,865,790,0.0153,,EA,ORB
FENGYUN 1C DEB,1999-025ABT,30356,DEB,,PRC,1999-05-10,TAISC,,101.86,98.69,884,810,0.0390,,EA,ORB
FENGYUN 1C DEB,1999-025ABU,30357,DEB,,PRC,1999-05-10,TAISC,,102.46,98.78,911,840,0.0410,,EA,ORB
FENGYUN 1C DEB,1999-025ABV,30358,DEB,,PRC,1999-05-10,TAISC,,101.26,98.56,877,760,0.0345,,EA,ORB
FENGYUN 1C DEB,1999-025ABW,30359,DEB,,PRC,1999-05-10,TAISC,,103.19,101.62,1014,805,0.0139,,EA,ORB
FENGYUN 1C DEB,1999-025ABX,30360,DEB,,PRC,1999-05-10,TAISC,,100.84,98.75,821,776,0.0139,,EA,ORB
FENGYUN 1C DEB,1999-025ABY,30361,DEB,,PRC,1999-05-10,TAISC,,100.96,98.55,851,758,0.0187,,EA,ORB
FENGYUN 1C DEB,1999-025ABZ,30362,DEB,,PRC,1999-05-10,TAISC,,101.87,99.05,916,778,0.0400,,EA,ORB
FENGYUN 1C DEB,1999-025ACA,30363,DEB,,PRC,1999-05-10,TAISC,,101.54,99.02,887,775,0.0071,,EA,ORB
FENGYUN 1C DEB,1999-025ACB,30364,DEB,,PRC,1999-05-10,TAISC,,101.39,98.13,1055,594,0.0104,,EA,ORB
FENGYUN 1C DEB,1999-025ACC,30365,DEB,,PRC,1999-05-10,TAISC,,101.44,98.63,948,706,0.0240,,EA,ORB
FENGYUN 1C DEB,1999-025ACD,30366,DEB,,PRC,1999-05-10,TAISC,,100.41,98.93,822,734,0.0330,,EA,ORB
FENGYUN 1C DEB,1999-025ACE,30367,DEB,D,PRC,1999-05-10,TAISC,2011-10-23,91.06,97.89,348,305,0.0224,,EA,IMP
FENGYUN 1C DEB,1999-025ACF,30368,DEB,,PRC,1999-05-10,TAISC,,104.69,99.20,1116,843,0.0098,,EA,ORB
FENGYUN 1C DEB,1999-025ACG,30369,DEB,,PRC,1999-05-10,TAISC,,101.97,98.73,923,780,0.0210,,EA,ORB
FENGYUN 1C DEB,1999-025ACH,30370,DEB,,PRC,1999-05-10,TAISC,,101.39,99.04,895,754,0.0508,,EA,ORB
FENGYUN 1C DEB,1999-025ACJ,30371,DEB,,PRC,1999-05-10,TAISC,,100.61,98.55,792,783,0.0460,,EA,ORB
FENGYUN 1C DEB,1999-025ACK,30372,DEB,D,PRC,1999-05-10,TAISC,2024-05-02,88.92,99.02,229,213,0.0340,,EA,IMP
FENGYUN 1C DEB,1999-025ACL,30373,DEB,D,PRC,1999-05-10,TAISC,2023-11-09,88.70,99.01,218,202,0.0430,,EA,IMP
FENGYUN 1C DEB,1999-025ACM,30374,DEB,,PRC,1999-05-10,TAISC,,98.31,99.25,705,651,0.0178,,EA,ORB
FENGYUN 1C DEB,1999-025ACN,30375,DEB,D,PRC,1999-05-10,TAISC,2024-05-18,90.94,98.50,341,301,0.0138,,EA,IMP
FENGYUN 1C DEB,1999-025ACP,30376,DEB,D,PRC,1999-05-10,TAISC,2009-10-21,89.37,98.76,255,231,0.0282,,EA,IMP
FENGYUN 1C DEB,1999-025ACQ,30377,DEB,,PRC,1999-05-10,TAISC,,102.90,98.88,981,810,0.0370,,EA,ORB
FENGYUN 1C DEB,1999-025ACR,30378,DEB,D,PRC,1999-05-10,TAISC,2014-03-30,92.63,98.54,429,378,0.0194,,EA,IMP
FENGYUN 1C DEB,1999-025ACS,30379,DEB,,PRC,1999-05-10,TAISC,,102.25,98.75,891,840,0.0139,,EA,ORB
FENGYUN 1C DEB,1999-025ACT,30380,DEB,,PRC,1999-05-10,TAISC,,99.23,98.88,847,597,0.0469,,EA,ORB
FENGYUN 1C DEB,1999-025ACU,30381,DEB,,PRC,1999-05-10,TAISC,,101.85,98.79,887,806,0.0072,,EA,ORB
FENGYUN 1C DEB,1999-025ACV,30382,DEB,,PRC,1999-05-10,TAISC,,100.96,98.48,913,695,0.0600,,EA,ORB
FENGYUN 1C DEB,1999-025ACW,30383,DEB,D,PRC,1999-05-10,TAISC,2011-10-21,89.88,99.27,295,242,0.0104,,EA,IMP
FENGYUN 1C DEB,1999-025ACX,30384,DEB,D,PRC,1999-05-10,TAISC,2015-03-12,88.52,98.93,207,195,0.0380,,EA,IMP
FENGYUN 1C DEB,1999-025ACY,30385,DEB,,PRC,1999-05-10,TAISC,,100.06,99.06,850,673,0.0227,,EA,ORB
FENGYUN 1C DEB,1999-025ACZ,30386,DEB,,PRC,1999-05-10,TAISC,,106.17,98.67,1273,825,0.0046,,EA,ORB
FENGYUN 1C DEB,1999-025ADA,30387,DEB,,PRC,1999-05-10,TAISC,,101.74,98.65,842,840,0.0240,,EA,ORB
FENGYUN 1C DEB,1999-025ADB,30388,DEB,,PRC,1999-05-10,TAISC,,101.38,98.58,983,665,0.0200,,EA,ORB
FENGYUN 1C DEB,1999-025ADC,30389,DEB,,PRC,1999-05-10,TAISC,,99.48,98.83,743,724,0.0460,,EA,ORB
FENGYUN 1C DEB,1999-025ADD,30390,DEB,,PRC,1999-05-10,TAISC,,100.59,98.82,835,738,0.0410,,EA,ORB
FENGYUN 1C DEB,1999-025ADE,30391,DEB,,PRC,1999-05-10,TAISC,,101.61,98.76,885,785,0.0422,,EA,ORB
FENGYUN 1C DEB,1999-025ADF,30392,DEB,,PRC,1999-05-10,TAISC,,102.27,98.77,997,736,0.0238,,EA,ORB
FENGYUN 1C DEB,1999-025ADG,30393,DEB,,PRC,1999-05-10,TAISC,,102.93,99.13,948,846,0.0400,,EA,ORB
FENGYUN 1C DEB,1999-025ADH,30394,DEB,,PRC,1999-05-10,TAISC,,103.16,99.41,973,842,0.0561,,EA,ORB
FENGYUN 1C DEB,1999-025ADJ,30395,DEB,,PRC,1999-05-10,TAISC,,103.08,98.92,1021,787,0.0330,,EA,ORB
FENGYUN 1C DEB,1999-025ADK,30396,DEB,,PRC,1999-05-10,TAISC,,103.80,98.24,1037,840,0.0196,,EA,ORB
FENGYUN 1C DEB,1999-025ADL,30397,DEB,,PRC,1999-05-10,TAISC,,102.90,98.43,1005,787,0.0420,,EA,ORB
FENGYUN 1C DEB,1999-025ADM,30398,DEB,,PRC,1999-05-10,TAISC,,104.43,99.70,1095,840,0.0138,,EA,ORB
FENGYUN 1C DEB,1999-025ADN,30399,DEB,D,PRC,1999-05-10,TAISC,2012-03-17,93.34,100.16,480,396,0.0111,,EA,IMP
FENGYUN 1C DEB,1999-025ADP,30400,DEB,,PRC,1999-05-10,TAISC,,101.94,99.16,1010,691,0.0130,,EA,ORB
FENGYUN 1C DEB,1999-025ADQ,30401,DEB,,PRC,1999-05-10,TAISC,,100.83,98.91,875,720,0.0261,,EA,ORB
FENGYUN 1C DEB,1999-025ADR,30402,DEB,D,PRC,1999-05-10,TAISC,2008-03-21,89.04,98.98,241,214,0.0140,,EA,IMP
FENGYUN 1C DEB,1999-025ADS,30403,DEB,,PRC,1999-05-10,TAISC,,101.16,99.05,866,761,0.0159,,EA,ORB
FENGYUN 1C DEB,1999-025ADT,30404,DEB,,PRC,1999-05-10,TAISC,,107.89,99.83,1414,844,0.0055,,EA,ORB
FENGYUN 1C DEB,1999-025ADU,30405,DEB,,PRC,1999-05-10,TAISC,,100.65,98.79,826,753,0.0134,,EA,ORB
FENGYUN 1C DEB,1999-025ADV,30406,DEB,,PRC,1999-05-10,TAISC,,105.89,98.61,1244,828,0.0197,,EA,ORB
FENGYUN 1C DEB,1999-025ADW,30407,DEB,D,PRC,1999-05-10,TAISC,2014-02-12,88.52,98.68,208,195,0.0085,,EA,IMP
FENGYUN 1C DEB,1999-025ADX,30408,DEB,,PRC,1999-05-10,TAISC,,100.13,99.02,797,732,0.0141,,EA,ORB
FENGYUN 1C DEB,1999-025ADY,30409,DEB,,PRC,1999-05-10,TAISC,,102.54,98.50,1001,758,0.0490,,EA,ORB
FENGYUN 1C DEB,1999-025ADZ,30410,DEB,D,PRC,1999-05-10,TAISC,2013-09-17,90.98,99.79,340,306,0.0098,,EA,IMP
FENGYUN 1C DEB,1999-025AEA,30411,DEB,,PRC,1999-05-10,TAISC,,102.19,98.57,951,774,0.0300,,EA,ORB
FENGYUN 1C DEB,1999-025AEB,30412,DEB,D,PRC,1999-05-10,TAISC,2010-02-13,89.36,98.81,255,231,0.0220,,EA,IMP
FENGYUN 1C DEB,1999-025AEC,30413,DEB,,PRC,1999-05-10,TAISC,,100.33,102.06,806,743,0.0190,,EA,ORB
FENGYUN 1C DEB,1999-025AED,30414,DEB,,PRC,1999-05-10,TAISC,,100.22,99.10,809,729,0.0303,,EA,ORB
FENGYUN 1C DEB,1999-025AEE,30415,DEB,,PRC,1999-05-10,TAISC,,105.14,99.64,1171,831,0.0085,,EA,ORB
FENGYUN 1C DEB,1999-025AEF,30416,DEB,,PRC,1999-05-10,TAISC,,102.65,98.82,924,844,0.0268,,EA,ORB
FENGYUN 1C DEB,1999-025AEG,30417,DEB,,PRC,1999-05-10,TAISC,,101.77,98.71,889,796,0.0199,,EA,ORB
FENGYUN 1C DEB,1999-025AEH,30418,DEB,,PRC,1999-05-10,TAISC,,96.80,98.85,678,532,0.0190,,EA,ORB
FENGYUN 1C DEB,1999-025AEJ,30419,DEB,,PRC,1999-05-10,TAISC,,101.51,99.26,868,792,0.0250,,EA,ORB
FENGYUN 1C DEB,1999-025AEK,30420,DEB,D,PRC,1999-05-10,TAISC,2025-10-20,89.01,98.88,232,220,0.0450,,EA,IMP
FENGYUN 1C DEB,1999-025AEL,30421,DEB,D,PRC,1999-05-10,TAISC,2015-05-12,89.11,99.03,242,219,0.0410,,EA,IMP
FENGYUN 1C DEB,1999-025AEM,30422,DEB,D,PRC,1999-05-10,TAISC,2011-07-08,90.59,99.12,321,286,0.0410,,EA,IMP
FENGYUN 1C DEB,1999-025AEN,30423,DEB,D,PRC,1999-05-10,TAISC,2024-12-02,90.42,98.57,302,289,0.0082,,EA,IMP
FENGYUN 1C DEB,1999-025AEP,30424,DEB,D,PRC,1999-05-10,TAISC,2011-11-10,93.20,99.68,455,407,0.0290,,EA,IMP
FENGYUN 1C DEB,1999-025AEQ,30429,DEB,D,PRC,1999-05-10,TAISC,2023-02-06,88.35,99.12,197,188,0.0360,,EA,IMP
FENGYUN 1C DEB,1999-025AER,30430,DEB,D,PRC,1999-05-10,TAISC,2008-08-15,90.36,99.01,316,268,0.0197,,EA,IMP
FENGYUN 1C DEB,1999-025AES,30431,DEB,D,PRC,1999-05-10,TAISC,2017-05-10,87.96,98.55,184,164,0.0259,,EA,IMP
FENGYUN 1C DEB,1999-025AET,30432,DEB,,PRC,1999-05-10,TAISC,,99.89,98.82,811,696,0.0250,,EA,ORB
FENGYUN 1C DEB,1999-025AEU,30433,DEB,D,PRC,1999-05-10,TAISC,2011-03-08,90.56,98.72,317,288,0.0226,,EA,IMP
FENGYUN 1C DEB,1999-025AEV,30434,DEB,,PRC,1999-05-10,TAISC,,103.53,99.02,1013,838,0.0163,,EA,ORB
FENGYUN 1C DEB,1999-025AEW,30435,DEB,,PRC,1999-05-10,TAISC,,104.28,99.03,1112,810,0.0080,,EA,ORB
FENGYUN 1C DEB,1999-025AEX,30436,DEB,,PRC,1999-05-10,TAISC,,101.08,98.41,879,741,0.0250,,EA,ORB
FENGYUN 1C DEB,1999-025AEY,30437,DEB,,PRC,1999-05-10,TAISC,,96.02,98.90,585,551,0.0120,,EA,ORB
FENGYUN 1C DEB,1999-025AEZ,30438,DEB,,PRC,1999-05-10,TAISC,,103.38,98.74,1015,822,0.0032,,EA,ORB
FENGYUN 1C DEB,1999-025AFA,30439,DEB,,PRC,1999-05-10,TAISC,,102.19,98.75,890,835,0.0320,,EA,ORB
FENGYUN 1C DEB,1999-025AFB,30440,DEB,D,PRC,1999-05-10,TAISC,2011-11-10,93.58,97.90,478,422,0.0079,,EA,IMP
FENGYUN 1C DEB,1999-025AFC,30441,DEB,,PRC,1999-05-10,TAISC,,104.50,99.12,1105,837,0.0360,,EA,ORB
FENGYUN 1C DEB,1999-025AFD,30442,DEB,,PRC,1999-05-10,TAISC,,100.63,98.87,826,751,0.0200,,EA,ORB
FENGYUN 1C DEB,1999-025AFE,30443,DEB,,PRC,1999-05-10,TAISC,,100.02,98.86,777,741,0.0340,,EA,ORB
FENGYUN 1C DEB,1999-025AFF,30444,DEB,D,PRC,1999-05-10,TAISC,2025-11-11,91.28,99.19,348,327,0.0113,,EA,IMP
FENGYUN 1C DEB,1999-025AFG,30445,DEB,,PRC,1999-05-10,TAISC,,99.32,98.86,800,653,0.0450,,EA,ORB
FENGYUN 1C DEB,1999-025AFH,30446,DEB,,PRC,1999-05-10,TAISC,,99.49,98.61,758,711,0.0113,,EA,ORB
FENGYUN 1C DEB,1999-025AFJ,30447,DEB,,PRC,1999-05-10,TAISC,,98.54,98.96,728,650,0.0380,,EA,ORB
FENGYUN 1C DEB,1999-025AFK,30448,DEB,,PRC,1999-05-10,TAISC,,100.17,98.83,778,755,0.0579,,EA,ORB
FENGYUN 1C DEB,1999-025AFL,30449,DEB,D,PRC,1999-05-10,TAISC,2012-07-22,90.33,99.10,302,280,0.0101,,EA,IMP
FENGYUN 1C DEB,1999-025AFM,30450,DEB,,PRC,1999-05-10,TAISC,,98.39,98.07,813,550,0.0071,,EA,ORB
FENGYUN 1C DEB,1999-025AFN,30451,DEB,D,PRC,1999-05-10,TAISC,2024-04-23,90.69,98.86,319,298,0.0184,,EA,IMP
FENGYUN 1C DEB,1999-025AFP,30452,DEB,,PRC,1999-05-10,TAISC,,97.69,99.34,677,619,0.0280,,EA,ORB
FENGYUN 1C DEB,1999-025AFQ,30453,DEB,,PRC,1999-05-10,TAISC,,100.97,98.80,886,723,0.0166,,EA,ORB
FENGYUN 1C DEB,1999-025AFR,30454,DEB,,PRC,1999-05-10,TAISC,,101.54,98.13,950,713,0.0114,,EA,ORB
FENGYUN 1C DEB,1999-025AFS,30455,DEB,D,PRC,1999-05-10,TAISC,2021-03-03,88.49,98.75,203,197,0.0084,,EA,IMP
FENGYUN 1C DEB,1999-025AFT,30456,DEB,D,PRC,1999-05-10,TAISC,2007-03-30,89.29,99.80,273,207,0.0086,,EA,IMP
FENGYUN 1C DEB,1999-025AFU,30457,DEB,D,PRC,1999-05-10,TAISC,2012-05-07,91.34,99.54,372,309,0.0376,,EA,IMP
FENGYUN 1C DEB,1999-025AFV,30458,DEB,D,PRC,1999-05-10,TAISC,2013-10-08,93.25,98.59,447,420,0.0220,,EA,IMP
FENGYUN 1C DEB,1999-025AFW,30459,DEB,D,PRC,1999-05-10,TAISC,2011-05-10,89.51,99.03,273,227,0.0108,,EA,IMP
FENGYUN 1C DEB,1999-025AFX,30460,DEB,D,PRC,1999-05-10,TAISC,2011-04-12,88.91,98.69,235,207,0.0336,,EA,IMP
FENGYUN 1C DEB,1999-025AFY,30461,DEB,D,PRC,1999-05-10,TAISC,2010-10-08,90.37,98.86,310,275,0.0104,,EA,IMP
FENGYUN 1C DEB,1999-025AFZ,30462,DEB,,PRC,1999-05-10,TAISC,,102.39,98.84,972,771,0.0303,,EA,ORB
FENGYUN 1C DEB,1999-025AGA,30463,DEB,D,PRC,1999-05-10,TAISC,2010-02-03,88.55,98.87,212,194,0.0500,,EA,IMP
FENGYUN 1C DEB,1999-025AGB,30464,DEB,,PRC,1999-05-10,TAISC,,102.10,98.80,936,780,0.0290,,EA,ORB
FENGYUN 1C DEB,1999-025AGC,30465,DEB,,PRC,1999-05-10,TAISC,,100.27,98.83,783,760,0.0290,,EA,ORB
FENGYUN 1C DEB,1999-025AGD,30466,DEB,,PRC,1999-05-10,TAISC,,101.15,98.63,897,730,0.0174,,EA,ORB
FENGYUN 1C DEB,1999-025AGE,30467,DEB,,PRC,1999-05-10,TAISC,,101.55,98.66,879,785,0.0508,,EA,ORB
FENGYUN 1C DEB,1999-025AGF,30468,DEB,,PRC,1999-05-10,TAISC,,101.25,98.91,870,766,0.0410,,EA,ORB
FENGYUN 1C DEB,1999-025AGG,30469,DEB,,PRC,1999-05-10,TAISC,,103.07,98.46,1018,789,0.0360,,EA,ORB
FENGYUN 1C DEB,1999-025AGH,30470,DEB,D,PRC,1999-05-10,TAISC,2016-06-26,91.60,97.81,372,334,0.0145,,EA,IMP
FENGYUN 1C DEB,1999-025AGJ,30471,DEB,,PRC,1999-05-10,TAISC,,101.77,99.05,900,785,0.0099,,EA,ORB
FENGYUN 1C DEB,1999-025AGK,30472,DEB,,PRC,1999-05-10,TAISC,,98.73,98.66,723,673,0.0151,,EA,ORB
FENGYUN 1C DEB,1999-025AGL,30473,DEB,,PRC,1999-05-10,TAISC,,100.73,98.86,800,787,0.0250,,EA,ORB
FENGYUN 1C DEB,1999-025AGM,30474,DEB,,PRC,1999-05-10,TAISC,,99.95,98.92,772,740,0.0270,,EA,ORB
FENGYUN 1C DEB,1999-025AGN,30475,DEB,,PRC,1999-05-10,TAISC,,101.67,98.77,867,808,0.0165,,EA,ORB
FENGYUN 1C DEB,1999-025AGP,30476,DEB,,PRC,1999-05-10,TAISC,,101.25,99.11,849,787,0.0320,,EA,ORB
FENGYUN 1C DEB,1999-025AGQ,30477,DEB,,PRC,1999-05-10,TAISC,,108.73,99.42,1492,844,0.0114,,EA,ORB
FENGYUN 1C DEB,1999-025AGR,30478,DEB,D,PRC,1999-05-10,TAISC,2023-03-14,90.47,98.89,316,279,0.0124,,EA,IMP
FENGYUN 1C DEB,1999-025AGS,30480,DEB,,PRC,1999-05-10,TAISC,,100.42,98.22,897,660,0.0177,,EA,ORB
FENGYUN 1C DEB,1999-025AGT,30481,DEB,,PRC,1999-05-10,TAISC,,100.00,98.33,916,601,0.0120,,EA,ORB
FENGYUN 1C DEB,1999-025AGU,30482,DEB,D,PRC,1999-05-10,TAISC,2009-10-31,89.49,99.34,270,229,0.0100,,EA,IMP
FENGYUN 1C DEB,1999-025AGV,30483,DEB,D,PRC,1999-05-10,TAISC,2022-07-23,88.92,98.94,232,210,0.0071,,EA,IMP
FENGYUN 1C DEB,1999-025AGW,30484,DEB,D,PRC,1999-05-10,TAISC,2023-05-19,89.57,98.97,262,245,0.0190,,EA,IMP
FENGYUN 1C DEB,1999-025AGX,30485,DEB,D,PRC,1999-05-10,TAISC,2025-08-16,90.16,98.90,297,268,0.0052,,EA,IMP
FENGYUN 1C DEB,1999-025AGY,30486,DEB,D,PRC,1999-05-10,TAISC,2025-12-13,88.72,98.79,217,205,0.0157,,EA,IMP
FENGYUN 1C DEB,1999-025AGZ,30487,DEB,D,PRC,1999-05-10,TAISC,2014-03-01,88.12,98.63,192,171,0.0094,,EA,IMP
FENGYUN 1C DEB,1999-025AHA,30488,DEB,D,PRC,1999-05-10,TAISC,2014-02-06,89.09,98.93,238,221,0.0072,,EA,IMP
FENGYUN 1C DEB,1999-025AHB,30489,DEB,,PRC,1999-05-10,TAISC,,101.69,98.46,938,739,0.0206,,EA,ORB
FENGYUN 1C DEB,1999-025AHC,30490,DEB,D,PRC,1999-05-10,TAISC,2026-03-07,88.56,98.33,216,191,0.0151,,EA,IMP
FENGYUN 1C DEB,1999-025AHD,30491,DEB,D,PRC,1999-05-10,TAISC,2024-09-16,90.87,101.44,337,298,0.0178,,EA,IMP
FENGYUN 1C DEB,1999-025AHE,30492,DEB,,PRC,1999-05-10,TAISC,,98.66,102.32,759,630,0.0144,,EA,ORB
FENGYUN 1C DEB,1999-025AHF,30493,DEB,,PRC,1999-05-10,TAISC,,103.29,98.58,1046,782,0.0152,,EA,ORB
FENGYUN 1C DEB,1999-025AHG,30494,DEB,,PRC,1999-05-10,TAISC,,104.34,99.26,1099,828,0.0088,,EA,ORB
FENGYUN 1C DEB,1999-025AHH,30495,DEB,,PRC,1999-05-10,TAISC,,111.17,102.27,1735,826,0.0101,,EA,ORB
FENGYUN 1C DEB,1999-025AHJ,30496,DEB,,PRC,1999-05-10,TAISC,,96.12,98.78,656,489,0.0062,,EA,ORB
FENGYUN 1C DEB,1999-025AHK,30497,DEB,D,PRC,1999-05-10,TAISC,2021-11-24,90.15,99.12,294,270,0.0240,,EA,IMP
FENGYUN 1C DEB,1999-025AHL,30498,DEB,,PRC,1999-05-10,TAISC,,102.32,99.23,941,795,0.0111,,EA,ORB
FENGYUN 1C DEB,1999-025AHM,30499,DEB,D,PRC,1999-05-10,TAISC,2023-12-08,90.64,98.91,316,296,0.0138,,EA,IMP
FENGYUN 1C DEB,1999-025AHN,30500,DEB,,PRC,1999-05-10,TAISC,,100.86,99.07,845,754,0.0184,,EA,ORB
FENGYUN 1C DEB,1999-025AHP,30501,DEB,,PRC,1999-05-10,TAISC,,100.92,99.09,831,774,0.0260,,EA,ORB
FENGYUN 1C DEB,1999-025AHQ,30502,DEB,D,PRC,1999-05-10,TAISC,2012-02-08,90.93,98.89,336,304,0.0190,,EA,IMP
FENGYUN 1C DEB,1999-025AHR,30503,DEB,,PRC,1999-05-10,TAISC,,101.67,99.18,843,832,0.0156,,EA,ORB
FENGYUN 1C DEB,1999-025AHS,30504,DEB,,PRC,1999-05-10,TAISC,,101.33,99.00,901,743,0.0149,,EA,ORB
FENGYUN 1C DEB,1999-025AHT,30505,DEB,,PRC,1999-05-10,TAISC,,101.16,98.92,858,769,0.0118,,EA,ORB
FENGYUN 1C DEB,1999-025AHU,30506,DEB,,PRC,1999-05-10,TAISC,,102.21,98.76,914,812,0.0187,,EA,ORB
FENGYUN 1C DEB,1999-025AHV,30507,DEB,,PRC,1999-05-10,TAISC,,101.83,99.00,938,753,0.0120,,EA,ORB
FENGYUN 1C DEB,1999-025AHW,30508,DEB,D,PRC,1999-05-10,TAISC,2024-10-24,90.50,99.15,319,279,0.0158,,EA,IMP
FENGYUN 1C DEB,1999-025AHX,30509,DEB,,PRC,1999-05-10,TAISC,,102.20,98.46,937,789,0.0055,,EA,ORB
FENGYUN 1C DEB,1999-025AHY,30510,DEB,,PRC,1999-05-10,TAISC,,101.84,99.23,902,789,0.0310,,EA,ORB
FENGYUN 1C DEB,1999-025AHZ,30511,DEB,D,PRC,1999-05-10,TAISC,2010-02-18,88.85,98.85,227,208,0.0177,,EA,IMP
FENGYUN 1C DEB,1999-025AJA,30512,DEB,D,PRC,1999-05-10,TAISC,2023-10-29,88.80,98.75,226,204,0.0050,,EA,IMP
FENGYUN 1C DEB,1999-025AJB,30513,DEB,D,PRC,1999-05-10,TAISC,2018-02-24,89.31,98.98,248,233,0.0090,,EA,IMP
FENGYUN 1C DEB,1999-025AJC,30514,DEB,,PRC,1999-05-10,TAISC,,100.34,98.40,898,651,0.0182,,EA,ORB
FENGYUN 1C DEB,1999-025AJD,30515,DEB,,PRC,1999-05-10,TAISC,,105.53,98.48,1385,654,0.0184,,EA,ORB
FENGYUN 1C DEB,1999-025AJE,30516,DEB,,PRC,1999-05-10,TAISC,,99.67,98.86,748,738,0.0196,,EA,ORB
FENGYUN 1C DEB,1999-025AJF,30517,DEB,D,PRC,1999-05-10,TAISC,2010-01-15,89.64,98.85,274,240,0.0172,,EA,IMP
FENGYUN 1C DEB,1999-025AJG,30518,DEB,D,PRC,1999-05-10,TAISC,2011-02-13,90.95,99.05,334,308,0.0106,,EA,IMP
FENGYUN 1C DEB,1999-025AJH,30519,DEB,D,PRC,1999-05-10,TAISC,2025-09-30,89.66,98.81,270,245,0.0094,,EA,IMP
FENGYUN 1C DEB,1999-025AJJ,30520,DEB,,PRC,1999-05-10,TAISC,,94.41,98.71,527,453,0.0172,,EA,ORB
FENGYUN 1C DEB,1999-025AJK,30521,DEB,,PRC,1999-05-10,TAISC,,98.65,99.02,788,600,0.0182,,EA,ORB
FENGYUN 1C DEB,1999-025AJL,30522,DEB,D,PRC,1999-05-10,TAISC,2025-02-25,91.98,99.35,388,355,0.0128,,EA,IMP
FENGYUN 1C DEB,1999-025AJM,30523,DEB,,PRC,1999-05-10,TAISC,,100.82,98.49,972,623,0.0124,,EA,ORB
FENGYUN 1C DEB,1999-025AJN,30524,DEB,,PRC,1999-05-10,TAISC,,103.23,99.32,1056,766,0.0085,,EA,ORB
FENGYUN 1C DEB,1999-025AJP,30525,DEB,,PRC,1999-05-10,TAISC,,105.94,98.59,1257,820,0.0186,,EA,ORB
FENGYUN 1C DEB,1999-025AJQ,30526,DEB,,PRC,1999-05-10,TAISC,,106.65,99.53,1299,844,0.0063,,EA,ORB
FENGYUN 1C DEB,1999-025AJR,30527,DEB,,PRC,1999-05-10,TAISC,,108.15,100.05,1448,834,0.0135,,EA,ORB
FENGYUN 1C DEB,1999-025AJS,30528,DEB,,PRC,1999-05-10,TAISC,,101.85,98.21,949,743,0.0186,,EA,ORB
FENGYUN 1C DEB,1999-025AJT,30529,DEB,,PRC,1999-05-10,TAISC,,104.94,98.48,1160,823,0.0053,,EA,ORB
FENGYUN 1C DEB,1999-025AJU,30530,DEB,,PRC,1999-05-10,TAISC,,100.20,98.37,840,696,0.0115,,EA,ORB
FENGYUN 1C DEB,1999-025AJV,30531,DEB,,PRC,1999-05-10,TAISC,,97.87,102.30,672,642,0.0116,,EA,ORB
FENGYUN 1C DEB,1999-025AJW,30532,DEB,D,PRC,1999-05-10,TAISC,2026-01-12,92.06,96.95,381,370,0.0091,,EA,IMP
FENGYUN 1C DEB,1999-025AJX,30533,DEB,,PRC,1999-05-10,TAISC,,98.66,98.84,747,642,0.0440,,EA,ORB
FENGYUN 1C DEB,1999-025AJY,30534,DEB,D,PRC,1999-05-10,TAISC,2008-10-03,89.22,98.81,253,218,0.0094,,EA,IMP
FENGYUN 1C DEB,1999-025AJZ,30535,DEB,D,PRC,1999-05-10,TAISC,2009-09-18,88.64,98.83,219,196,0.0500,,EA,IMP
FENGYUN 1C DEB,1999-025AKA,30536,DEB,D,PRC,1999-05-10,TAISC,2010-01-01,89.12,98.83,249,213,0.0260,,EA,IMP
FENGYUN 1C DEB,1999-025AKB,30537,DEB,D,PRC,1999-05-10,TAISC,2011-09-03,91.22,99.46,357,312,0.0192,,EA,IMP
FENGYUN 1C DEB,1999-025AKC,30538,DEB,D,PRC,1999-05-10,TAISC,2019-04-15,88.09,99.10,188,173,0.0156,,EA,IMP
FENGYUN 1C DEB,1999-025AKD,30539,DEB,,PRC,1999-05-10,TAISC,,98.86,98.90,785,624,0.0250,,EA,ORB
FENGYUN 1C DEB,1999-025AKE,30540,DEB,,PRC,1999-05-10,TAISC,,100.37,98.89,813,739,0.0100,,EA,ORB
FENGYUN 1C DEB,1999-025AKF,30541,DEB,,PRC,1999-05-10,TAISC,,101.12,98.67,825,799,0.0164,,EA,ORB
FENGYUN 1C DEB,1999-025AKG,30542,DEB,,PRC,1999-05-10,TAISC,,102.34,98.76,889,849,0.0187,,EA,ORB
FENGYUN 1C DEB,1999-025AKH,30543,DEB,,PRC,1999-05-10,TAISC,,102.57,98.83,933,827,0.0131,,EA,ORB
FENGYUN 1C DEB,1999-025AKJ,30544,DEB,D,PRC,1999-05-10,TAISC,2011-05-03,92.10,98.56,399,356,0.0300,,EA,IMP
FENGYUN 1C DEB,1999-025AKK,30545,DEB,,PRC,1999-05-10,TAISC,,109.01,98.99,1538,824,0.0153,,EA,ORB
FENGYUN 1C DEB,1999-025AKL,30546,DEB,,PRC,1999-05-10,TAISC,,96.59,98.88,657,534,0.0063,,EA,ORB
FENGYUN 1C DEB,1999-025AKM,30547,DEB,,PRC,1999-05-10,TAISC,,100.13,98.88,833,697,0.0175,,EA,ORB
FENGYUN 1C DEB,1999-025AKN,30548,DEB,,PRC,1999-05-10,TAISC,,100.78,99.67,844,748,0.0105,,EA,ORB
FENGYUN 1C DEB,1999-025AKP,30549,DEB,,PRC,1999-05-10,TAISC,,102.84,98.49,1100,686,0.0090,,EA,ORB
FENGYUN 1C DEB,1999-025AKQ,30550,DEB,,PRC,1999-05-10,TAISC,,102.56,99.05,974,786,0.0104,,EA,ORB
FENGYUN 1C DEB,1999-025AKR,30551,DEB,D,PRC,1999-05-10,TAISC,2009-12-31,91.55,100.20,372,329,0.0310,,EA,IMP
FENGYUN 1C DEB,1999-025AKS,30552,DEB,,PRC,1999-05-10,TAISC,,98.56,98.84,699,681,0.0182,,EA,ORB
FENGYUN 1C DEB,1999-025AKT,30553,DEB,,PRC,1999-05-10,TAISC,,97.14,99.13,634,609,0.0260,,EA,ORB
FENGYUN 1C DEB,1999-025AKU,30554,DEB,D,PRC,1999-05-10,TAISC,2024-07-24,90.12,98.76,292,269,0.0323,,EA,IMP
FENGYUN 1C DEB,1999-025AKV,30555,DEB,,PRC,1999-05-10,TAISC,,101.27,98.74,848,789,0.0450,,EA,ORB
FENGYUN 1C DEB,1999-025AKW,30556,DEB,,PRC,1999-05-10,TAISC,,102.74,98.80,936,840,0.0149,,EA,ORB
FENGYUN 1C DEB,1999-025AKX,30557,DEB,,PRC,1999-05-10,TAISC,,102.00,98.91,902,805,0.0430,,EA,ORB
FENGYUN 1C DEB,1999-025AKY,30558,DEB,,PRC,1999-05-10,TAISC,,108.32,99.47,1467,831,0.0154,,EA,ORB
FENGYUN 1C DEB,1999-025AKZ,30559,DEB,D,PRC,1999-05-10,TAISC,2007-08-10,94.78,98.78,739,277,0.0352,,EA,IMP
FENGYUN 1C DEB,1999-025ALA,30560,DEB,,PRC,1999-05-10,TAISC,,101.60,98.68,917,752,0.0364,,EA,ORB
FENGYUN 1C DEB,1999-025ALB,30561,DEB,,PRC,1999-05-10,TAISC,,102.02,98.73,898,810,0.0108,,EA,ORB
FENGYUN 1C DEB,1999-025ALC,30562,DEB,,PRC,1999-05-10,TAISC,,101.09,98.75,851,769,0.0458,,EA,ORB
FENGYUN 1C DEB,1999-025ALD,30563,DEB,D,PRC,1999-05-10,TAISC,2023-09-20,90.28,99.03,294,283,0.0147,,EA,IMP
FENGYUN 1C DEB,1999-025ALE,30564,DEB,,PRC,1999-05-10,TAISC,,102.39,98.79,1018,725,0.0143,,EA,ORB
FENGYUN 1C DEB,1999-025ALF,30565,DEB,,PRC,1999-05-10,TAISC,,102.02,98.45,956,752,0.0284,,EA,ORB
FENGYUN 1C DEB,1999-025ALG,30566,DEB,,PRC,1999-05-10,TAISC,,101.93,99.20,899,801,0.0260,,EA,ORB
FENGYUN 1C DEB,1999-025ALH,30567,DEB,,PRC,1999-05-10,TAISC,,102.19,98.79,941,784,0.0098,,EA,ORB
FENGYUN 1C DEB,1999-025ALJ,30568,DEB,,PRC,1999-05-10,TAISC,,98.56,98.95,702,678,0.0350,,EA,ORB
FENGYUN 1C DEB,1999-025ALK,30569,DEB,,PRC,1999-05-10,TAISC,,96.90,98.74,613,607,0.0470,,EA,ORB
FENGYUN 1C DEB,1999-025ALL,30570,DEB,,PRC,1999-05-10,TAISC,,101.79,98.69,869,818,0.0440,,EA,ORB
FENGYUN 1C DEB,1999-025ALM,30571,DEB,,PRC,1999-05-10,TAISC,,102.06,98.71,871,842,0.0579,,EA,ORB
FENGYUN 1C DEB,1999-025ALN,30572,DEB,,PRC,1999-05-10,TAISC,,102.19,98.75,878,847,0.0670,,EA,ORB
FENGYUN 1C DEB,1999-025ALP,30573,DEB,,PRC,1999-05-10,TAISC,,101.74,99.21,903,779,0.0168,,EA,ORB
FENGYUN 1C DEB,1999-025ALQ,30574,DEB,,PRC,1999-05-10,TAISC,,104.43,99.33,1127,809,0.0029,,EA,ORB
FENGYUN 1C DEB,1999-025ALR,30575,DEB,,PRC,1999-05-10,TAISC,,99.90,99.18,792,716,0.0290,,EA,ORB
FENGYUN 1C DEB,1999-025ALS,30576,DEB,D,PRC,1999-05-10,TAISC,2025-03-06,90.61,99.02,314,296,0.0180,,EA,IMP
FENGYUN 1C DEB,1999-025ALT,30577,DEB,,PRC,1999-05-10,TAISC,,102.02,98.75,874,834,0.0175,,EA,ORB
FENGYUN 1C DEB,1999-025ALU,30578,DEB,D,PRC,1999-05-10,TAISC,2025-11-14,92.09,98.97,384,370,0.0470,,EA,IMP
FENGYUN 1C DEB,1999-025ALV,30579,DEB,,PRC,1999-05-10,TAISC,,102.46,98.79,914,836,0.0114,,EA,ORB
FENGYUN 1C DEB,1999-025ALW,30584,DEB,D,PRC,1999-05-10,TAISC,2010-05-06,89.30,98.80,257,223,0.0168,,EA,IMP
FENGYUN 1C DEB,1999-025ALX,30592,DEB,D,PRC,1999-05-10,TAISC,2011-11-09,90.98,97.89,358,286,0.0050,,EA,IMP
FENGYUN 1C DEB,1999-025ALY,30593,DEB,D,PRC,1999-05-10,TAISC,2024-11-10,91.44,102.35,365,325,0.0106,,EA,IMP
FENGYUN 1C DEB,1999-025ALZ,30594,DEB,,PRC,1999-05-10,TAISC,,101.59,99.12,973,695,0.0050,,EA,ORB
FENGYUN 1C DEB,1999-025AMA,30595,DEB,D,PRC,1999-05-10,TAISC,2012-04-21,90.19,98.85,293,275,0.0028,,EA,IMP
FENGYUN 1C DEB,1999-025AMB,30596,DEB,,PRC,1999-05-10,TAISC,,100.35,98.42,951,600,0.0173,,EA,ORB
FENGYUN 1C DEB,1999-025AMC,30597,DEB,D,PRC,1999-05-10,TAISC,2026-08-13,89.68,98.90,271,246,0.0031,,EA,IMP
FENGYUN 1C DEB,1999-025AMD,30598,DEB,D,PRC,1999-05-10,TAISC,2011-12-07,91.69,98.61,369,346,0.0081,,EA,IMP
FENGYUN 1C DEB,1999-025AME,30599,DEB,,PRC,1999-05-10,TAISC,,101.36,98.60,1038,608,0.0115,,EA,ORB
FENGYUN 1C DEB,1999-025AMF,30600,DEB,,PRC,1999-05-10,TAISC,,102.00,98.39,1080,627,0.0073,,EA,ORB
FENGYUN 1C DEB,1999-025AMG,30601,DEB,D,PRC,1999-05-10,TAISC,2009-02-05,91.28,100.35,379,296,0.0066,,EA,IMP
FENGYUN 1C DEB,1999-025AMH,30602,DEB,D,PRC,1999-05-10,TAISC,2026-05-05,90.52,98.99,316,284,0.0082,,EA,IMP
FENGYUN 1C DEB,1999-025AMJ,30603,DEB,,PRC,1999-05-10,TAISC,,103.98,98.40,1079,815,0.0042,,EA,ORB
FENGYUN 1C DEB,1999-025AMK,30604,DEB,,PRC,1999-05-10,TAISC,,101.12,98.38,962,662,0.0137,,EA,ORB
FENGYUN 1C DEB,1999-025AML,30605,DEB,D,PRC,1999-05-10,TAISC,2011-02-14,90.63,99.34,348,263,0.0116,,EA,IMP
FENGYUN 1C DEB,1999-025AMM,30606,DEB,,PRC,1999-05-10,TAISC,,98.65,98.09,842,547,0.0142,,EA,ORB
FENGYUN 1C DEB,1999-025AMN,30607,DEB,D,PRC,1999-05-10,TAISC,2024-12-02,91.70,98.85,371,345,0.0390,,EA,IMP
FENGYUN 1C DEB,1999-025AMP,30608,DEB,,PRC,1999-05-10,TAISC,,100.73,98.68,804,783,0.2650,,EA,ORB
FENGYUN 1C DEB,1999-025AMQ,30609,DEB,,PRC,1999-05-10,TAISC,,101.91,98.56,934,764,0.0043,,EA,ORB
FENGYUN 1C DEB,1999-025AMR,30610,DEB,D,PRC,1999-05-10,TAISC,2014-12-19,88.70,98.82,224,196,0.0055,,EA,IMP
FENGYUN 1C DEB,1999-025AMS,30611,DEB,D,PRC,1999-05-10,TAISC,2023-03-29,88.56,98.57,214,192,0.0125,,EA,IMP
FENGYUN 1C DEB,1999-025AMT,30612,DEB,D,PRC,1999-05-10,TAISC,2026-03-22,89.01,99.05,231,219,0.0069,,EA,IMP
FENGYUN 1C DEB,1999-025AMU,30613,DEB,D,PRC,1999-05-10,TAISC,2026-04-20,90.74,98.27,320,301,0.0170,,EA,IMP
FENGYUN 1C DEB,1999-025AMV,30614,DEB,D,PRC,1999-05-10,TAISC,2013-09-08,93.17,99.89,448,412,0.0071,,EA,IMP
FENGYUN 1C DEB,1999-025AMW,30615,DEB,D,PRC,1999-05-10,TAISC,2007-04-05,91.25,99.21,417,256,0.0064,,EA,IMP
FENGYUN 1C DEB,1999-025AMX,30616,DEB,,PRC,1999-05-10,TAISC,,107.74,98.63,1408,836,0.0088,,EA,ORB
FENGYUN 1C DEB,1999-025AMY,30617,DEB,D,PRC,1999-05-10,TAISC,2009-10-30,89.31,98.84,250,231,0.0110,,EA,IMP
FENGYUN 1C DEB,1999-025AMZ,30618,DEB,D,PRC,1999-05-10,TAISC,2007-08-10,89.64,99.32,300,214,0.0104,,EA,IMP
FENGYUN 1C DEB,1999-025ANA,30619,DEB,,PRC,1999-05-10,TAISC,,99.88,98.28,905,601,0.0168,,EA,ORB
FENGYUN 1C DEB,1999-025ANB,30620,DEB,D,PRC,1999-05-10,TAISC,2007-04-28,90.48,98.89,320,277,0.0207,,EA,IMP
FENGYUN 1C DEB,1999-025ANC,30621,DEB,,PRC,1999-05-10,TAISC,,102.47,98.70,974,777,0.0035,,EA,ORB
FENGYUN 1C DEB,1999-025AND,30622,DEB,,PRC,1999-05-10,TAISC,,100.36,100.99,825,727,0.0013,,EA,ORB
FENGYUN 1C DEB,1999-025ANE,30623,DEB,,PRC,1999-05-10,TAISC,,108.31,98.85,1452,844,0.0091,,EA,ORB
FENGYUN 1C DEB,1999-025ANF,30624,DEB,,PRC,1999-05-10,TAISC,,97.68,98.88,660,635,0.0050,,EA,ORB
FENGYUN 1C DEB,1999-025ANG,30625,DEB,,PRC,1999-05-10,TAISC,,99.51,98.92,765,705,0.0078,,EA,ORB
FENGYUN 1C DEB,1999-025ANH,30626,DEB,D,PRC,1999-05-10,TAISC,2013-10-29,89.91,98.91,289,252,0.0166,,EA,IMP
FENGYUN 1C DEB,1999-025ANJ,30627,DEB,D,PRC,1999-05-10,TAISC,2023-02-09,91.19,98.88,351,315,0.0300,,EA,IMP
FENGYUN 1C DEB,1999-025ANK,30628,DEB,,PRC,1999-05-10,TAISC,,97.52,99.34,653,626,0.0300,,EA,ORB
FENGYUN 1C DEB,1999-025ANL,30629,DEB,,PRC,1999-05-10,TAISC,,98.17,99.25,677,665,0.0113,,EA,ORB
FENGYUN 1C DEB,1999-025ANM,30630,DEB,,PRC,1999-05-10,TAISC,,101.18,99.18,834,795,0.0064,,EA,ORB
FENGYUN 1C DEB,1999-025ANN,30631,DEB,D,PRC,1999-05-10,TAISC,2025-10-21,92.08,99.00,391,362,0.0110,,EA,IMP
FENGYUN 1C DEB,1999-025ANP,30632,DEB,,PRC,1999-05-10,TAISC,,97.76,98.83,663,641,0.0340,,EA,ORB
FENGYUN 1C DEB,1999-025ANQ,30633,DEB,,PRC,1999-05-10,TAISC,,102.49,98.40,970,783,0.0150,,EA,ORB
FENGYUN 1C DEB,1999-025ANR,30634,DEB,,PRC,1999-05-10,TAISC,,102.02,99.31,941,768,0.0430,,EA,ORB
FENGYUN 1C DEB,1999-025ANS,30635,DEB,D,PRC,1999-05-10,TAISC,2009-02-18,89.23,98.86,255,217,0.0239,,EA,IMP
FENGYUN 1C DEB,1999-025ANT,30636,DEB,D,PRC,1999-05-10,TAISC,2022-05-26,89.62,98.70,269,242,0.0137,,EA,IMP
FENGYUN 1C DEB,1999-025ANU,30637,DEB,D,PRC,1999-05-10,TAISC,2024-03-18,88.84,98.87,231,204,0.0380,,EA,IMP
FENGYUN 1C DEB,1999-025ANV,30638,DEB,D,PRC,1999-05-10,TAISC,2011-08-24,91.38,99.26,360,324,0.0050,,EA,IMP
FENGYUN 1C DEB,1999-025ANW,30639,DEB,,PRC,1999-05-10,TAISC,,100.28,99.03,816,727,0.0188,,EA,ORB
FENGYUN 1C DEB,1999-025ANX,30640,DEB,,PRC,1999-05-10,TAISC,,101.71,99.04,898,781,0.0161,,EA,ORB
FENGYUN 1C DEB,1999-025ANY,30641,DEB,,PRC,1999-05-10,TAISC,,97.20,98.97,716,533,0.0190,,EA,ORB
FENGYUN 1C DEB,1999-025ANZ,30642,DEB,D,PRC,1999-05-10,TAISC,2023-09-01,89.19,98.97,245,223,0.0330,,EA,IMP
FENGYUN 1C DEB,1999-025APA,30643,DEB,D,PRC,1999-05-10,TAISC,2013-12-18,88.32,98.92,194,189,0.0073,,EA,IMP
FENGYUN 1C DEB,1999-025APB,30644,DEB,D,PRC,1999-05-10,TAISC,2011-10-03,90.01,98.70,289,261,0.0160,,EA,IMP
FENGYUN 1C DEB,1999-025APC,30645,DEB,D,PRC,1999-05-10,TAISC,2022-04-24,89.90,98.91,275,264,0.0047,,EA,IMP
FENGYUN 1C DEB,1999-025APD,30646,DEB,,PRC,1999-05-10,TAISC,,102.11,98.64,894,823,0.0300,,EA,ORB
FENGYUN 1C DEB,1999-025APE,30647,DEB,,PRC,1999-05-10,TAISC,,98.51,99.00,708,667,0.0190,,EA,ORB
FENGYUN 1C DEB,1999-025APF,30648,DEB,,PRC,1999-05-10,TAISC,,99.20,98.64,744,697,0.0330,,EA,ORB
FENGYUN 1C DEB,1999-025APG,30649,DEB,,PRC,1999-05-10,TAISC,,100.60,98.81,823,751,0.0320,,EA,ORB
FENGYUN 1C DEB,1999-025APH,30650,DEB,,PRC,1999-05-10,TAISC,,101.76,99.19,894,790,0.0270,,EA,ORB
FENGYUN 1C DEB,1999-025APJ,30652,DEB,,PRC,1999-05-10,TAISC,,102.28,98.76,872,861,0.0390,,EA,ORB
FENGYUN 1C DEB,1999-025APK,30653,DEB,D,PRC,1999-05-10,TAISC,2009-12-25,89.81,98.82,285,246,0.0110,,EA,IMP
FENGYUN 1C DEB,1999-025APL,30654,DEB,,PRC,1999-05-10,TAISC,,101.55,99.25,857,807,0.0115,,EA,ORB
FENGYUN 1C DEB,1999-025APM,30655,DEB,D,PRC,1999-05-10,TAISC,2025-05-27,92.12,98.74,390,367,0.0300,,EA,IMP
FENGYUN 1C DEB,1999-025APN,30656,DEB,,PRC,1999-05-10,TAISC,,99.37,99.02,751,706,0.0210,,EA,ORB
FENGYUN 1C DEB,1999-025APP,30657,DEB,,PRC,1999-05-10,TAISC,,99.89,98.84,764,743,0.0039,,EA,ORB
FENGYUN 1C DEB,1999-025APQ,30658,DEB,,PRC,1999-05-10,TAISC,,103.73,98.42,1066,804,0.0126,,EA,ORB
FENGYUN 1C DEB,1999-025APR,30659,DEB,D,PRC,1999-05-10,TAISC,2024-06-03,89.68,98.99,277,241,0.0146,,EA,IMP
FENGYUN 1C DEB,1999-025APS,30660,DEB,,PRC,1999-05-10,TAISC,,96.57,98.14,684,505,0.0141,,EA,ORB
FENGYUN 1C DEB,1999-025APT,30661,DEB,,PRC,1999-05-10,TAISC,,101.31,99.49,925,717,0.0123,,EA,ORB
FENGYUN 1C DEB,1999-025APU,30662,DEB,,PRC,1999-05-10,TAISC,,101.14,99.04,835,790,0.0051,,EA,ORB
FENGYUN 1C DEB,1999-025APV,30663,DEB,,PRC,1999-05-10,TAISC,,108.70,99.29,1654,679,0.0058,,EA,ORB
FENGYUN 1C DEB,1999-025APW,30664,DEB,D,PRC,1999-05-10,TAISC,2023-05-11,91.44,98.97,363,327,0.0079,,EA,IMP
FENGYUN 1C DEB,1999-025APX,30665,DEB,,PRC,1999-05-10,TAISC,,101.87,99.22,895,799,0.0065,,EA,ORB
FENGYUN 1C DEB,1999-025APY,30666,DEB,,PRC,1999-05-10,TAISC,,102.65,98.85,928,840,0.0333,,EA,ORB
FENGYUN 1C DEB,1999-025APZ,30667,DEB,D,PRC,1999-05-10,TAISC,2022-09-22,90.02,98.86,286,265,0.0330,,EA,IMP
FENGYUN 1C DEB,1999-025AQA,30668,DEB,,PRC,1999-05-10,TAISC,,101.86,99.12,903,791,0.0169,,EA,ORB
FENGYUN 1C DEB,1999-025AQB,30669,DEB,,PRC,1999-05-10,TAISC,,102.58,98.64,965,796,0.0060,,EA,ORB
FENGYUN 1C DEB,1999-025AQC,30670,DEB,,PRC,1999-05-10,TAISC,,101.70,98.68,868,810,0.0150,,EA,ORB
FENGYUN 1C DEB,1999-025AQD,30671,DEB,,PRC,1999-05-10,TAISC,,103.13,99.23,999,814,0.0115,,EA,ORB
FENGYUN 1C DEB,1999-025AQE,30672,DEB,D,PRC,1999-05-10,TAISC,2023-01-11,90.13,99.00,296,266,0.0081,,EA,IMP
FENGYUN 1C DEB,1999-025AQF,30673,DEB,,PRC,1999-05-10,TAISC,,102.60,98.89,919,844,0.0182,,EA,ORB
FENGYUN 1C DEB,1999-025AQG,30674,DEB,D,PRC,1999-05-10,TAISC,2026-04-13,90.12,98.90,293,267,0.0450,,EA,IMP
FENGYUN 1C DEB,1999-025AQH,30675,DEB,,PRC,1999-05-10,TAISC,,100.77,98.74,833,757,0.0141,,EA,ORB
FENGYUN 1C DEB,1999-025AQJ,30676,DEB,,PRC,1999-05-10,TAISC,,104.73,98.29,1327,636,0.0154,,EA,ORB
FENGYUN 1C DEB,1999-025AQK,30677,DEB,,PRC,1999-05-10,TAISC,,100.02,98.24,807,713,0.0078,,EA,ORB
FENGYUN 1C DEB,1999-025AQL,30678,DEB,,PRC,1999-05-10,TAISC,,100.88,99.08,848,752,0.0336,,EA,ORB
FENGYUN 1C DEB,1999-025AQM,30679,DEB,,PRC,1999-05-10,TAISC,,104.35,99.36,1090,837,0.0087,,EA,ORB
FENGYUN 1C DEB,1999-025AQN,30680,DEB,,PRC,1999-05-10,TAISC,,106.06,99.65,1278,810,0.0116,,EA,ORB
FENGYUN 1C DEB,1999-025AQP,30681,DEB,D,PRC,1999-05-10,TAISC,2012-02-01,89.53,97.52,293,210,0.0158,,EA,IMP
FENGYUN 1C DEB,1999-025AQQ,30682,DEB,D,PRC,1999-05-10,TAISC,2011-04-26,90.23,98.78,310,262,0.0098,,EA,IMP
FENGYUN 1C DEB,1999-025AQR,30683,DEB,,PRC,1999-05-10,TAISC,,102.76,99.41,988,791,0.0193,,EA,ORB
FENGYUN 1C DEB,1999-025AQS,30684,DEB,,PRC,1999-05-10,TAISC,,105.32,99.51,1182,836,0.0375,,EA,ORB
FENGYUN 1C DEB,1999-025AQT,30685,DEB,D,PRC,1999-05-10,TAISC,2010-05-04,89.49,98.81,267,232,0.0077,,EA,IMP
FENGYUN 1C DEB,1999-025AQU,30686,DEB,,PRC,1999-05-10,TAISC,,97.54,99.01,738,543,0.0138,,EA,ORB
FENGYUN 1C DEB,1999-025AQV,30687,DEB,D,PRC,1999-05-10,TAISC,2018-12-09,88.92,98.94,230,212,0.0170,,EA,IMP
FENGYUN 1C DEB,1999-025AQW,30688,DEB,,PRC,1999-05-10,TAISC,,100.37,98.69,786,766,0.0190,,EA,ORB
FENGYUN 1C DEB,1999-025AQX,30689,DEB,,PRC,1999-05-10,TAISC,,101.97,98.73,933,772,0.0250,,EA,ORB
FENGYUN 1C DEB,1999-025AQY,30690,DEB,,PRC,1999-05-10,TAISC,,102.60,99.17,957,807,0.0180,,EA,ORB
FENGYUN 1C DEB,1999-025AQZ,30691,DEB,,PRC,1999-05-10,TAISC,,103.59,98.74,1028,828,0.0116,,EA,ORB
FENGYUN 1C DEB,1999-025ARA,30692,DEB,D,PRC,1999-05-10,TAISC,2015-05-10,88.16,98.65,194,173,0.0138,,EA,IMP
FENGYUN 1C DEB,1999-025ARB,30693,DEB,,PRC,1999-05-10,TAISC,,101.87,98.71,868,826,0.0176,,EA,ORB
FENGYUN 1C DEB,1999-025ARC,30694,DEB,,PRC,1999-05-10,TAISC,,96.56,99.06,677,510,0.0079,,EA,ORB
FENGYUN 1C DEB,1999-025ARD,30695,DEB,D,PRC,1999-05-10,TAISC,2019-03-12,88.22,98.88,198,175,0.0194,,EA,IMP
FENGYUN 1C DEB,1999-025ARE,30696,DEB,,PRC,1999-05-10,TAISC,,99.58,98.36,802,676,0.0160,,EA,ORB
FENGYUN 1C DEB,1999-025ARF,30697,DEB,,PRC,1999-05-10,TAISC,,101.79,98.89,906,781,0.0095,,EA,ORB
FENGYUN 1C DEB,1999-025ARG,30698,DEB,D,PRC,1999-05-10,TAISC,2008-12-30,89.51,98.99,253,247,0.0109,,EA,IMP
FENGYUN 1C DEB,1999-025ARH,30699,DEB,,PRC,1999-05-10,TAISC,,99.26,99.33,726,721,0.0042,,EA,ORB
FENGYUN 1C DEB,1999-025ARJ,30700,DEB,,PRC,1999-05-10,TAISC,,101.12,98.52,875,749,0.0095,,EA,ORB
FENGYUN 1C DEB,1999-025ARK,30701,DEB,,PRC,1999-05-10,TAISC,,101.84,98.69,872,820,0.0155,,EA,ORB
FENGYUN 1C DEB,1999-025ARL,30702,DEB,,PRC,1999-05-10,TAISC,,102.55,98.76,930,829,0.0139,,EA,ORB
FENGYUN 1C DEB,1999-025ARM,30703,DEB,,PRC,1999-05-10,TAISC,,101.38,99.16,907,742,0.0067,,EA,ORB
FENGYUN 1C DEB,1999-025ARN,30704,DEB,,PRC,1999-05-10,TAISC,,102.69,98.88,946,826,0.0390,,EA,ORB
FENGYUN 1C DEB,1999-025ARP,30705,DEB,,PRC,1999-05-10,TAISC,,104.16,102.19,1100,810,0.0138,,EA,ORB
FENGYUN 1C DEB,1999-025ARQ,30706,DEB,,PRC,1999-05-10,TAISC,,100.89,99.05,820,782,0.0142,,EA,ORB
FENGYUN 1C DEB,1999-025ARR,30707,DEB,,PRC,1999-05-10,TAISC,,100.83,99.40,818,778,0.0043,,EA,ORB
FENGYUN 1C DEB,1999-025ARS,30708,DEB,,PRC,1999-05-10,TAISC,,101.96,98.68,857,846,0.0087,,EA,ORB
FENGYUN 1C DEB,1999-025ART,30709,DEB,,PRC,1999-05-10,TAISC,,101.44,99.16,884,770,0.0034,,EA,ORB
FENGYUN 1C DEB,1999-025ARU,30710,DEB,,PRC,1999-05-10,TAISC,,103.15,102.75,1067,748,0.0177,,EA,ORB
FENGYUN 1C DEB,1999-025ARV,30711,DEB,D,PRC,1999-05-10,TAISC,2011-03-04,90.42,99.05,318,272,0.0108,,EA,IMP
FENGYUN 1C DEB,1999-025ARW,30712,DEB,D,PRC,1999-05-10,TAISC,2015-05-05,90.47,99.58,316,280,0.0056,,EA,IMP
FENGYUN 1C DEB,1999-025ARX,30713,DEB,D,PRC,1999-05-10,TAISC,2011-10-30,94.78,98.03,542,474,0.0170,,EA,IMP
FENGYUN 1C DEB,1999-025ARY,30714,DEB,,PRC,1999-05-10,TAISC,,102.58,98.81,928,834,0.0148,,EA,ORB
FENGYUN 1C DEB,1999-025ARZ,30715,DEB,,PRC,1999-05-10,TAISC,,101.69,98.96,887,791,0.0190,,EA,ORB
FENGYUN 1C DEB,1999-025ASA,30716,DEB,,PRC,1999-05-10,TAISC,,96.35,98.86,595,572,0.0134,,EA,ORB
FENGYUN 1C DEB,1999-025ASB,30717,DEB,,PRC,1999-05-10,TAISC,,101.27,99.00,852,786,0.0040,,EA,ORB
FENGYUN 1C DEB,1999-025ASC,30718,DEB,,PRC,1999-05-10,TAISC,,100.99,98.88,846,765,0.0064,,EA,ORB
FENGYUN 1C DEB,1999-025ASD,30719,DEB,,PRC,1999-05-10,TAISC,,98.14,98.90,678,662,0.0103,,EA,ORB
FENGYUN 1C DEB,1999-025ASE,30720,DEB,,PRC,1999-05-10,TAISC,,100.70,99.05,814,770,0.0119,,EA,ORB
FENGYUN 1C DEB,1999-025ASF,30721,DEB,,PRC,1999-05-10,TAISC,,97.09,98.72,635,604,0.0099,,EA,ORB
FENGYUN 1C DEB,1999-025ASG,30722,DEB,D,PRC,1999-05-10,TAISC,2023-05-16,96.03,98.29,637,499,0.0094,,EA,IMP
FENGYUN 1C DEB,1999-025ASH,30723,DEB,,PRC,1999-05-10,TAISC,,99.69,98.84,754,733,0.0053,,EA,ORB
FENGYUN 1C DEB,1999-025ASJ,30724,DEB,,PRC,1999-05-10,TAISC,,100.17,99.31,832,701,0.0071,,EA,ORB
FENGYUN 1C DEB,1999-025ASK,30725,DEB,,PRC,1999-05-10,TAISC,,101.60,98.99,897,772,0.0300,,EA,ORB
FENGYUN 1C DEB,1999-025ASL,30726,DEB,,PRC,1999-05-10,TAISC,,102.11,99.27,914,803,0.0089,,EA,ORB
FENGYUN 1C DEB,1999-025ASM,30727,DEB,D,PRC,1999-05-10,TAISC,2017-04-06,89.72,99.14,267,255,0.0031,,EA,IMP
FENGYUN 1C DEB,1999-025ASN,30728,DEB,,PRC,1999-05-10,TAISC,,101.15,98.53,885,742,0.0145,,EA,ORB
FENGYUN 1C DEB,1999-025ASP,30729,DEB,D,PRC,1999-05-10,TAISC,2012-02-02,89.74,99.96,276,247,0.0125,,EA,IMP
FENGYUN 1C DEB,1999-025ASQ,30730,DEB,,PRC,1999-05-10,TAISC,,100.95,98.60,859,748,0.0300,,EA,ORB
FENGYUN 1C DEB,1999-025ASR,30731,DEB,,PRC,1999-05-10,TAISC,,99.66,98.85,752,733,0.0063,,EA,ORB
FENGYUN 1C DEB,1999-025ASS,30732,DEB,,PRC,1999-05-10,TAISC,,102.55,98.79,969,790,0.0129,,EA,ORB
FENGYUN 1C DEB,1999-025AST,30733,DEB,D,PRC,1999-05-10,TAISC,2023-10-14,90.26,98.99,295,279,0.0031,,EA,IMP
FENGYUN 1C DEB,1999-025ASU,30734,DEB,D,PRC,1999-05-10,TAISC,2022-02-04,90.29,98.93,304,274,0.0039,,EA,IMP
FENGYUN 1C DEB,1999-025ASV,30735,DEB,,PRC,1999-05-10,TAISC,,101.02,98.75,849,765,0.0054,,EA,ORB
FENGYUN 1C DEB,1999-025ASW,30736,DEB,,PRC,1999-05-10,TAISC,,105.70,98.76,1235,820,0.0043,,EA,ORB
FENGYUN 1C DEB,1999-025ASX,30737,DEB,,PRC,1999-05-10,TAISC,,101.51,98.60,848,813,0.0147,,EA,ORB
FENGYUN 1C DEB,1999-025ASY,30738,DEB,D,PRC,1999-05-10,TAISC,2025-10-02,92.64,99.33,423,384,0.0050,,EA,IMP
FENGYUN 1C DEB,1999-025ASZ,30739,DEB,,PRC,1999-05-10,TAISC,,101.75,98.71,914,769,0.0080,,EA,ORB
FENGYUN 1C DEB,1999-025ATA,30740,DEB,,PRC,1999-05-10,TAISC,,98.87,98.70,726,683,0.0038,,EA,ORB
FENGYUN 1C DEB,1999-025ATB,30741,DEB,,PRC,1999-05-10,TAISC,,101.88,98.68,853,843,0.0069,,EA,ORB
FENGYUN 1C DEB,1999-025ATC,30742,DEB,,PRC,1999-05-10,TAISC,,102.03,98.85,905,804,0.0087,,EA,ORB
FENGYUN 1C DEB,1999-025ATD,30743,DEB,D,PRC,1999-05-10,TAISC,2011-05-12,93.99,100.28,479,460,0.0095,,EA,IMP
FENGYUN 1C DEB,1999-025ATE,30744,DEB,,PRC,1999-05-10,TAISC,,94.20,98.73,485,475,0.0290,,EA,ORB
FENGYUN 1C DEB,1999-025ATF,30745,DEB,D,PRC,1999-05-10,TAISC,2025-09-01,91.87,99.21,381,352,0.0058,,EA,IMP
FENGYUN 1C DEB,1999-025ATG,30746,DEB,,PRC,1999-05-10,TAISC,,100.84,99.06,831,766,0.0120,,EA,ORB
FENGYUN 1C DEB,1999-025ATH,30747,DEB,D,PRC,1999-05-10,TAISC,2011-10-28,88.77,99.42,260,167,0.0127,,EA,IMP
FENGYUN 1C DEB,1999-025ATJ,30748,DEB,D,PRC,1999-05-10,TAISC,2015-04-19,88.91,99.44,237,204,0.0140,,EA,IMP
FENGYUN 1C DEB,1999-025ATK,30749,DEB,,PRC,1999-05-10,TAISC,,102.87,98.86,936,852,0.0147,,EA,ORB
FENGYUN 1C DEB,1999-025ATL,30750,DEB,,PRC,1999-05-10,TAISC,,100.66,98.91,819,761,0.0197,,EA,ORB
FENGYUN 1C DEB,1999-025ATM,30751,DEB,,PRC,1999-05-10,TAISC,,101.67,98.84,876,799,0.0113,,EA,ORB
FENGYUN 1C DEB,1999-025ATN,30752,DEB,D,PRC,1999-05-10,TAISC,2024-11-16,90.58,98.83,309,297,0.0230,,EA,IMP
FENGYUN 1C DEB,1999-025ATP,30753,DEB,,PRC,1999-05-10,TAISC,,101.88,98.79,887,808,0.0153,,EA,ORB
FENGYUN 1C DEB,1999-025ATQ,30754,DEB,D,PRC,1999-05-10,TAISC,2010-11-29,90.39,99.15,309,278,0.0025,,EA,IMP
FENGYUN 1C DEB,1999-025ATR,30755,DEB,,PRC,1999-05-10,TAISC,,99.59,98.27,845,633,0.0042,,EA,ORB
FENGYUN 1C DEB,1999-025ATS,30756,DEB,,PRC,1999-05-10,TAISC,,101.44,98.98,877,776,0.0083,,EA,ORB
FENGYUN 1C DEB,1999-025ATT,30757,DEB,D,PRC,1999-05-10,TAISC,2008-07-18,88.94,98.97,237,207,0.0096,,EA,IMP
FENGYUN 1C DEB,1999-025ATU,30758,DEB,,PRC,1999-05-10,TAISC,,101.54,99.04,860,804,0.0151,,EA,ORB
FENGYUN 1C DEB,1999-025ATV,30759,DEB,,PRC,1999-05-10,TAISC,,98.64,99.27,701,687,0.0250,,EA,ORB
FENGYUN 1C DEB,1999-025ATW,30760,DEB,,PRC,1999-05-10,TAISC,,102.47,98.83,914,837,0.0173,,EA,ORB
FENGYUN 1C DEB,1999-025ATX,30761,DEB,,PRC,1999-05-10,TAISC,,100.21,98.98,828,710,0.0161,,EA,ORB
FENGYUN 1C DEB,1999-025ATY,30762,DEB,,PRC,1999-05-10,TAISC,,102.97,98.89,1043,756,0.0150,,EA,ORB
FENGYUN 1C DEB,1999-025ATZ,30763,DEB,,PRC,1999-05-10,TAISC,,97.86,98.89,671,642,0.0108,,EA,ORB
FENGYUN 1C DEB,1999-025AUA,30764,DEB,,PRC,1999-05-10,TAISC,,92.63,98.78,432,375,0.0089,,EA,ORB
FENGYUN 1C DEB,1999-025AUB,30765,DEB,,PRC,1999-05-10,TAISC,,101.74,98.76,889,793,0.0116,,EA,ORB
FENGYUN 1C DEB,1999-025AUC,30766,DEB,,PRC,1999-05-10,TAISC,,102.12,98.68,920,798,0.0111,,EA,ORB
FENGYUN 1C DEB,1999-025AUD,30767,DEB,D,PRC,1999-05-10,TAISC,2007-04-02,90.58,98.69,413,193,0.0019,,EA,IMP
FENGYUN 1C DEB,1999-025AUE,30768,DEB,,PRC,1999-05-10,TAISC,,99.22,98.62,739,704,0.0095,,EA,ORB
FENGYUN 1C DEB,1999-025AUF,30769,DEB,D,PRC,1999-05-10,TAISC,2012-01-18,89.46,99.38,263,232,0.0400,,EA,IMP
FENGYUN 1C DEB,1999-025AUG,30770,DEB,,PRC,1999-05-10,TAISC,,101.70,98.66,848,830,0.0535,,EA,ORB
FENGYUN 1C DEB,1999-025AUH,30771,DEB,,PRC,1999-05-10,TAISC,,99.53,98.91,750,722,0.0440,,EA,ORB
CBERS 1 DEB,1999-057NN,30779,DEB,D,CHBZ,1999-10-14,TAISC,2009-01-17,88.71,98.85,220,202,0.2181,,EA,IMP
CBERS 1 DEB,1999-057NP,30780,DEB,D,CHBZ,1999-10-14,TAISC,2007-03-10,92.59,98.70,436,367,0.0533,,EA,IMP
CBERS 1 DEB,1999-057NQ,30781,DEB,D,CHBZ,1999-10-14,TAISC,2007-03-14,93.00,98.53,494,349,0.0353,,EA,IMP
CBERS 1 DEB,1999-057NR,30782,DEB,D,CHBZ,1999-10-14,TAISC,2010-10-22,92.04,98.93,394,355,0.0501,,EA,IMP
CBERS 1 DEB,1999-057NS,30783,DEB,,CHBZ,1999-10-14,TAISC,,99.08,98.29,740,689,0.0199,,EA,ORB
CBERS 1 DEB,1999-057NT,30784,DEB,D,CHBZ,1999-10-14,TAISC,2011-03-10,93.83,98.15,499,424,0.0276,,EA,IMP
CBERS 1 DEB,1999-057NU,30785,DEB,D,CHBZ,1999-10-14,TAISC,2010-05-21,91.63,99.00,375,334,0.0320,,EA,IMP
CBERS 1 DEB,1999-057NV,30786,DEB,D,CHBZ,1999-10-14,TAISC,2008-10-25,90.00,98.73,282,267,0.0322,,EA,IMP
CBERS 1 DEB,1999-057NW,30787,DEB,D,CHBZ,1999-10-14,TAISC,2007-07-04,93.31,98.59,524,349,0.0206,,EA,IMP
CBERS 1 DEB,1999-057NX,30788,DEB,D,CHBZ,1999-10-14,TAISC,2007-07-19,91.58,98.80,378,326,0.0260,,EA,IMP
CBERS 1 DEB,1999-057NY,30789,DEB,,CHBZ,1999-10-14,TAISC,,98.66,98.63,698,691,0.0240,,EA,ORB
CBERS 1 DEB,1999-057NZ,30790,DEB,D,CHBZ,1999-10-14,TAISC,2009-08-13,93.49,99.30,469,422,0.0056,,EA,IMP
CBERS 1 DEB,1999-057PA,30791,DEB,,CHBZ,1999-10-14,TAISC,,98.06,98.53,671,661,0.0260,,EA,ORB
CBERS 1 DEB,1999-057PB,30792,DEB,,CHBZ,1999-10-14,TAISC,,100.18,98.85,772,762,0.0125,,EA,ORB
FENGYUN 1C DEB,1999-025AUJ,30800,DEB,D,PRC,1999-05-10,TAISC,2023-05-21,90.24,98.95,306,267,0.0037,,EA,IMP
FENGYUN 1C DEB,1999-025AUK,30801,DEB,D,PRC,1999-05-10,TAISC,2008-08-15,90.28,99.15,310,267,0.0145,,EA,IMP
FENGYUN 1C DEB,1999-025AUL,30802,DEB,,PRC,1999-05-10,TAISC,,100.38,98.83,789,764,0.0258,,EA,ORB
FENGYUN 1C DEB,1999-025AUM,30803,DEB,,PRC,1999-05-10,TAISC,,101.96,99.23,927,776,0.0117,,EA,ORB
FENGYUN 1C DEB,1999-025AUN,30804,DEB,,PRC,1999-05-10,TAISC,,98.93,98.87,838,577,0.0134,,EA,ORB
FENGYUN 1C DEB,1999-025AUP,30805,DEB,,PRC,1999-05-10,TAISC,,102.61,98.80,934,830,0.0153,,EA,ORB
FENGYUN 1C DEB,1999-025AUQ,30806,DEB,,PRC,1999-05-10,TAISC,,105.04,99.02,1193,799,0.0150,,EA,ORB
FENGYUN 1C DEB,1999-025AUR,30807,DEB,D,PRC,1999-05-10,TAISC,2011-08-15,89.60,99.08,265,245,0.0148,,EA,IMP
FENGYUN 1C DEB,1999-025AUS,30808,DEB,D,PRC,1999-05-10,TAISC,2010-02-12,88.82,98.86,238,195,0.0150,,EA,IMP
FENGYUN 1C DEB,1999-025AUT,30809,DEB,,PRC,1999-05-10,TAISC,,100.62,98.79,825,751,0.0047,,EA,ORB
FENGYUN 1C DEB,1999-025AUU,30810,DEB,,PRC,1999-05-10,TAISC,,102.30,98.68,994,740,0.0105,,EA,ORB
FENGYUN 1C DEB,1999-025AUV,30811,DEB,,PRC,1999-05-10,TAISC,,105.68,98.76,1233,820,0.0048,,EA,ORB
FENGYUN 1C DEB,1999-025AUW,30812,DEB,D,PRC,1999-05-10,TAISC,2011-01-11,90.06,99.33,299,256,0.0110,,EA,IMP
FENGYUN 1C DEB,1999-025AUX,30813,DEB,D,PRC,1999-05-10,TAISC,2023-03-07,91.68,98.87,376,337,0.0067,,EA,IMP
FENGYUN 1C DEB,1999-025AUY,30814,DEB,,PRC,1999-05-10,TAISC,,98.19,99.09,692,652,0.0052,,EA,ORB
FENGYUN 1C DEB,1999-025AUZ,30815,DEB,,PRC,1999-05-10,TAISC,,96.90,99.30,612,609,0.0032,,EA,ORB
FENGYUN 1C DEB,1999-025AVA,30816,DEB,,PRC,1999-05-10,TAISC,,101.45,98.90,865,790,0.0389,,EA,ORB
FENGYUN 1C DEB,1999-025AVB,30817,DEB,,PRC,1999-05-10,TAISC,,102.79,98.79,933,849,0.0177,,EA,ORB
FENGYUN 1C DEB,1999-025AVC,30818,DEB,D,PRC,1999-05-10,TAISC,2012-12-09,92.15,98.27,447,313,0.0098,,EA,IMP
FENGYUN 1C DEB,1999-025AVD,30819,DEB,D,PRC,1999-05-10,TAISC,2016-10-29,91.16,97.34,358,305,0.0149,,EA,IMP
FENGYUN 1C DEB,1999-025AVE,30820,DEB,,PRC,1999-05-10,TAISC,,101.18,98.68,853,777,0.0103,,EA,ORB
FENGYUN 1C DEB,1999-025AVF,30821,DEB,,PRC,1999-05-10,TAISC,,99.25,99.13,783,662,0.0083,,EA,ORB
FENGYUN 1C DEB,1999-025AVG,30822,DEB,,PRC,1999-05-10,TAISC,,102.01,98.71,906,801,0.0130,,EA,ORB
FENGYUN 1C DEB,1999-025AVH,30823,DEB,,PRC,1999-05-10,TAISC,,102.65,98.80,981,787,0.0070,,EA,ORB
FENGYUN 1C DEB,1999-025AVJ,30824,DEB,D,PRC,1999-05-10,TAISC,2011-12-22,91.93,99.93,397,341,0.0083,,EA,IMP
FENGYUN 1C DEB,1999-025AVK,30825,DEB,D,PRC,1999-05-10,TAISC,2007-09-03,93.43,98.88,477,408,0.0462,,EA,IMP
FENGYUN 1C DEB,1999-025AVL,30826,DEB,,PRC,1999-05-10,TAISC,,97.00,98.84,712,518,0.0009,,EA,ORB
FENGYUN 1C DEB,1999-025AVM,30827,DEB,,PRC,1999-05-10,TAISC,,99.90,99.01,784,723,0.0032,,EA,ORB
FENGYUN 1C DEB,1999-025AVN,30828,DEB,,PRC,1999-05-10,TAISC,,97.14,98.39,757,486,0.0023,,EA,ORB
FENGYUN 1C DEB,1999-025AVP,30829,DEB,,PRC,1999-05-10,TAISC,,102.20,98.79,889,837,0.0114,,EA,ORB
FENGYUN 1C DEB,1999-025AVQ,30830,DEB,,PRC,1999-05-10,TAISC,,101.95,98.75,873,829,0.0183,,EA,ORB
FENGYUN 1C DEB,1999-025AVR,30831,DEB,,PRC,1999-05-10,TAISC,,100.59,99.35,826,747,0.0272,,EA,ORB
FENGYUN 1C DEB,1999-025AVS,30832,DEB,,PRC,1999-05-10,TAISC,,103.66,100.36,1051,812,0.0094,,EA,ORB
FENGYUN 1C DEB,1999-025AVT,30833,DEB,,PRC,1999-05-10,TAISC,,100.89,99.87,824,778,0.0138,,EA,ORB
FENGYUN 1C DEB,1999-025AVU,30834,DEB,D,PRC,1999-05-10,TAISC,2011-04-21,92.40,98.81,405,380,0.0282,,EA,IMP
FENGYUN 1C DEB,1999-025AVV,30835,DEB,D,PRC,1999-05-10,TAISC,2023-03-24,88.22,98.70,189,184,0.0146,,EA,IMP
FENGYUN 1C DEB,1999-025AVW,30836,DEB,,PRC,1999-05-10,TAISC,,101.97,98.72,870,834,0.0144,,EA,ORB
FENGYUN 1C DEB,1999-025AVX,30837,DEB,,PRC,1999-05-10,TAISC,,101.78,98.70,867,819,0.0182,,EA,ORB
FENGYUN 1C DEB,1999-025AVY,30838,DEB,,PRC,1999-05-10,TAISC,,99.19,99.04,744,696,0.0099,,EA,ORB
FENGYUN 1C DEB,1999-025AVZ,30839,DEB,D,PRC,1999-05-10,TAISC,2016-09-05,90.36,98.74,305,279,0.0116,,EA,IMP
FENGYUN 1C DEB,1999-025AWA,30840,DEB,,PRC,1999-05-10,TAISC,,98.42,98.02,832,535,0.0069,,EA,ORB
FENGYUN 1C DEB,1999-025AWB,30841,DEB,,PRC,1999-05-10,TAISC,,107.28,98.74,1364,837,0.0200,,EA,ORB
FENGYUN 1C DEB,1999-025AWC,30842,DEB,D,PRC,1999-05-10,TAISC,2010-01-18,90.07,99.55,298,258,0.0115,,EA,IMP
FENGYUN 1C DEB,1999-025AWD,30843,DEB,,PRC,1999-05-10,TAISC,,99.12,98.82,822,611,0.0101,,EA,ORB
FENGYUN 1C DEB,1999-025AWE,30844,DEB,D,PRC,1999-05-10,TAISC,2023-06-14,90.41,98.71,311,278,0.0151,,EA,IMP
FENGYUN 1C DEB,1999-025AWF,30845,DEB,,PRC,1999-05-10,TAISC,,104.57,98.40,1116,833,0.0121,,EA,ORB
FENGYUN 1C DEB,1999-025AWG,30846,DEB,,PRC,1999-05-10,TAISC,,99.81,99.32,787,712,0.0102,,EA,ORB
FENGYUN 1C DEB,1999-025AWH,30847,DEB,,PRC,1999-05-10,TAISC,,101.50,98.75,874,786,0.0036,,EA,ORB
FENGYUN 1C DEB,1999-025AWJ,30848,DEB,,PRC,1999-05-10,TAISC,,100.29,99.04,802,742,0.0118,,EA,ORB
FENGYUN 1C DEB,1999-025AWK,30849,DEB,,PRC,1999-05-10,TAISC,,101.40,99.03,859,791,0.0042,,EA,ORB
FENGYUN 1C DEB,1999-025AWL,30850,DEB,,PRC,1999-05-10,TAISC,,101.55,98.39,909,755,0.0032,,EA,ORB
FENGYUN 1C DEB,1999-025AWM,30851,DEB,D,PRC,1999-05-10,TAISC,2024-12-21,89.12,98.49,242,220,0.0031,,EA,IMP
FENGYUN 1C DEB,1999-025AWN,30852,DEB,,PRC,1999-05-10,TAISC,,102.08,98.72,897,817,0.0136,,EA,ORB
FENGYUN 1C DEB,1999-025AWP,30853,DEB,D,PRC,1999-05-10,TAISC,2012-07-17,89.30,99.18,257,222,0.0095,,EA,IMP
FENGYUN 1C DEB,1999-025AWQ,30854,DEB,D,PRC,1999-05-10,TAISC,2014-11-23,92.42,96.09,434,352,0.0077,,EA,IMP
FENGYUN 1C DEB,1999-025AWR,30855,DEB,D,PRC,1999-05-10,TAISC,2011-10-03,94.08,99.48,516,432,0.0023,,EA,IMP
FENGYUN 1C DEB,1999-025AWS,30856,DEB,,PRC,1999-05-10,TAISC,,99.06,98.20,769,659,0.0038,,EA,ORB
FENGYUN 1C DEB,1999-025AWT,30857,DEB,,PRC,1999-05-10,TAISC,,98.65,98.97,717,671,0.0146,,EA,ORB
FENGYUN 1C DEB,1999-025AWU,30858,DEB,,PRC,1999-05-10,TAISC,,101.54,98.77,854,809,0.0118,,EA,ORB
FENGYUN 1C DEB,1999-025AWV,30859,DEB,,PRC,1999-05-10,TAISC,,99.04,98.92,731,695,0.0187,,EA,ORB
FENGYUN 1C DEB,1999-025AWW,30860,DEB,,PRC,1999-05-10,TAISC,,100.91,98.89,830,774,0.0088,,EA,ORB
FENGYUN 1C DEB,1999-025AWX,30861,DEB,D,PRC,1999-05-10,TAISC,2015-01-06,91.33,99.49,359,321,0.0111,,EA,IMP
FENGYUN 1C DEB,1999-025AWY,30862,DEB,,PRC,1999-05-10,TAISC,,99.47,98.96,769,697,0.0051,,EA,ORB
FENGYUN 1C DEB,1999-025AWZ,30863,DEB,,PRC,1999-05-10,TAISC,,116.01,99.15,2189,814,0.0084,,EA,ORB
FENGYUN 1C DEB,1999-025AXA,30864,DEB,D,PRC,1999-05-10,TAISC,2010-10-14,88.79,98.91,223,206,0.0159,,EA,IMP
FENGYUN 1C DEB,1999-025AXB,30865,DEB,D,PRC,1999-05-10,TAISC,2014-04-26,88.45,98.82,207,188,0.0035,,EA,IMP
FENGYUN 1C DEB,1999-025AXC,30866,DEB,D,PRC,1999-05-10,TAISC,2009-04-04,89.78,98.98,284,243,0.0121,,EA,IMP
FENGYUN 1C DEB,1999-025AXD,30867,DEB,,PRC,1999-05-10,TAISC,,100.69,97.87,828,755,0.0166,,EA,ORB
FENGYUN 1C DEB,1999-025AXE,30868,DEB,,PRC,1999-05-10,TAISC,,102.04,98.23,953,758,0.0103,,EA,ORB
FENGYUN 1C DEB,1999-025AXF,30869,DEB,D,PRC,1999-05-10,TAISC,2012-11-04,90.81,98.87,325,303,0.0130,,EA,IMP
FENGYUN 1C DEB,1999-025AXG,30870,DEB,D,PRC,1999-05-10,TAISC,2020-12-29,89.32,98.91,247,235,0.0041,,EA,IMP
FENGYUN 1C DEB,1999-025AXH,30871,DEB,D,PRC,1999-05-10,TAISC,2022-02-27,89.93,99.15,285,257,0.0210,,EA,IMP
FENGYUN 1C DEB,1999-025AXJ,30872,DEB,,PRC,1999-05-10,TAISC,,99.95,99.17,786,726,0.0061,,EA,ORB
FENGYUN 1C DEB,1999-025AXK,30873,DEB,,PRC,1999-05-10,TAISC,,101.46,98.62,905,750,0.0169,,EA,ORB
FENGYUN 1C DEB,1999-025AXL,30874,DEB,,PRC,1999-05-10,TAISC,,101.40,98.47,855,795,0.0162,,EA,ORB
FENGYUN 1C DEB,1999-025AXM,30875,DEB,D,PRC,1999-05-10,TAISC,2022-05-31,92.65,99.07,416,393,0.0106,,EA,IMP
FENGYUN 1C DEB,1999-025AXN,30876,DEB,,PRC,1999-05-10,TAISC,,102.90,98.83,944,848,0.0155,,EA,ORB
FENGYUN 1C DEB,1999-025AXP,30877,DEB,D,PRC,1999-05-10,TAISC,2024-05-09,92.66,98.57,431,380,0.0076,,EA,IMP
FENGYUN 1C DEB,1999-025AXQ,30878,DEB,,PRC,1999-05-10,TAISC,,101.96,98.73,880,823,0.0107,,EA,ORB
FENGYUN 1C DEB,1999-025AXR,30879,DEB,,PRC,1999-05-10,TAISC,,97.30,99.33,745,514,0.0018,,EA,ORB
FENGYUN 1C DEB,1999-025AXS,30880,DEB,,PRC,1999-05-10,TAISC,,100.91,98.78,818,786,0.0162,,EA,ORB
FENGYUN 1C DEB,1999-025AXT,30881,DEB,D,PRC,1999-05-10,TAISC,2012-01-27,90.75,98.89,329,294,0.0042,,EA,IMP
FENGYUN 1C DEB,1999-025AXU,30882,DEB,,PRC,1999-05-10,TAISC,,96.52,97.91,688,496,0.0142,,EA,ORB
FENGYUN 1C DEB,1999-025AXV,30883,DEB,,PRC,1999-05-10,TAISC,,101.79,98.34,924,763,0.0175,,EA,ORB
FENGYUN 1C DEB,1999-025AXW,30884,DEB,,PRC,1999-05-10,TAISC,,97.38,98.89,674,592,0.0127,,EA,ORB
FENGYUN 1C DEB,1999-025AXX,30885,DEB,,PRC,1999-05-10,TAISC,,99.10,99.02,750,681,0.0118,,EA,ORB
FENGYUN 1C DEB,1999-025AXY,30886,DEB,,PRC,1999-05-10,TAISC,,101.11,99.20,837,785,0.0077,,EA,ORB
FENGYUN 1C DEB,1999-025AXZ,30887,DEB,,PRC,1999-05-10,TAISC,,99.57,98.34,922,554,0.0170,,EA,ORB
FENGYUN 1C DEB,1999-025AYA,30888,DEB,,PRC,1999-05-10,TAISC,,95.96,99.48,615,514,0.0138,,EA,ORB
FENGYUN 1C DEB,1999-025AYB,30889,DEB,D,PRC,1999-05-10,TAISC,2014-11-03,91.05,98.67,347,305,0.0099,,EA,IMP
FENGYUN 1C DEB,1999-025AYC,30890,DEB,D,PRC,1999-05-10,TAISC,2011-12-28,93.49,99.66,477,414,0.0114,,EA,IMP
FENGYUN 1C DEB,1999-025AYD,30891,DEB,,PRC,1999-05-10,TAISC,,102.39,98.75,912,832,0.0152,,EA,ORB
FENGYUN 1C DEB,1999-025AYE,30892,DEB,,PRC,1999-05-10,TAISC,,101.46,99.69,854,801,0.0065,,EA,ORB
FENGYUN 1C DEB,1999-025AYF,30893,DEB,,PRC,1999-05-10,TAISC,,103.25,98.24,1137,688,0.0139,,EA,ORB
FENGYUN 1C DEB,1999-025AYG,30894,DEB,D,PRC,1999-05-10,TAISC,2014-10-25,94.11,97.72,499,453,0.0130,,EA,IMP
FENGYUN 1C DEB,1999-025AYH,30895,DEB,,PRC,1999-05-10,TAISC,,100.56,98.69,940,629,0.0059,,EA,ORB
FENGYUN 1C DEB,1999-025AYJ,30896,DEB,D,PRC,1999-05-10,TAISC,2015-02-11,90.69,98.80,327,290,0.0017,,EA,IMP
FENGYUN 1C DEB,1999-025AYK,30897,DEB,D,PRC,1999-05-10,TAISC,2011-11-25,89.69,98.84,288,230,0.0139,,EA,IMP
FENGYUN 1C DEB,1999-025AYL,30898,DEB,D,PRC,1999-05-10,TAISC,2026-03-20,93.46,99.02,456,431,0.0117,,EA,IMP
FENGYUN 1C DEB,1999-025AYM,30899,DEB,,PRC,1999-05-10,TAISC,,100.33,99.17,796,752,0.0004,,EA,ORB
FENGYUN 1C DEB,1999-025AYN,30900,DEB,,PRC,1999-05-10,TAISC,,101.18,99.29,860,768,0.0146,,EA,ORB
FENGYUN 1C DEB,1999-025AYP,30901,DEB,D,PRC,1999-05-10,TAISC,2023-07-28,99.62,99.01,816,665,0.0111,,EA,IMP
FENGYUN 1C DEB,1999-025AYQ,30902,DEB,,PRC,1999-05-10,TAISC,,100.68,100.25,856,726,0.0143,,EA,ORB
FENGYUN 1C DEB,1999-025AYR,30903,DEB,,PRC,1999-05-10,TAISC,,103.03,99.34,972,832,0.0157,,EA,ORB
FENGYUN 1C DEB,1999-025AYS,30904,DEB,,PRC,1999-05-10,TAISC,,102.81,99.04,959,824,0.0118,,EA,ORB
FENGYUN 1C DEB,1999-025AYT,30905,DEB,,PRC,1999-05-10,TAISC,,101.46,98.88,868,787,0.0009,,EA,ORB
FENGYUN 1C DEB,1999-025AYU,30906,DEB,,PRC,1999-05-10,TAISC,,101.48,99.18,882,775,0.0171,,EA,ORB
FENGYUN 1C DEB,1999-025AYV,30907,DEB,,PRC,1999-05-10,TAISC,,101.71,99.93,881,798,0.0136,,EA,ORB
FENGYUN 1C DEB,1999-025AYW,30908,DEB,D,PRC,1999-05-10,TAISC,2009-07-14,89.39,98.87,261,227,0.0024,,EA,IMP
FENGYUN 1C DEB,1999-025AYX,30909,DEB,D,PRC,1999-05-10,TAISC,2015-11-03,89.98,99.45,289,258,0.0116,,EA,IMP
FENGYUN 1C DEB,1999-025AYY,30910,DEB,D,PRC,1999-05-10,TAISC,2016-01-20,91.13,98.70,343,317,0.0133,,EA,IMP
FENGYUN 1C DEB,1999-025AYZ,30911,DEB,D,PRC,1999-05-10,TAISC,2008-03-08,91.18,98.90,359,307,0.0033,,EA,IMP
FENGYUN 1C DEB,1999-025AZA,30912,DEB,,PRC,1999-05-10,TAISC,,96.26,98.97,616,543,0.0152,,EA,ORB
FENGYUN 1C DEB,1999-025AZB,30913,DEB,,PRC,1999-05-10,TAISC,,102.46,98.73,910,841,0.0042,,EA,ORB
FENGYUN 1C DEB,1999-025AZC,30914,DEB,,PRC,1999-05-10,TAISC,,109.96,99.98,1608,843,0.0187,,EA,ORB
FENGYUN 1C DEB,1999-025AZD,30915,DEB,,PRC,1999-05-10,TAISC,,100.93,98.93,841,764,0.0091,,EA,ORB
FENGYUN 1C DEB,1999-025AZE,30916,DEB,,PRC,1999-05-10,TAISC,,102.15,98.98,906,815,0.0110,,EA,ORB
FENGYUN 1C DEB,1999-025AZF,30917,DEB,D,PRC,1999-05-10,TAISC,2014-10-31,88.34,98.16,194,191,0.0124,,EA,IMP
FENGYUN 1C DEB,1999-025AZG,30918,DEB,,PRC,1999-05-10,TAISC,,103.04,98.42,1017,787,0.0044,,EA,ORB
FENGYUN 1C DEB,1999-025AZH,30919,DEB,D,PRC,1999-05-10,TAISC,2025-10-28,91.69,98.76,366,348,0.0120,,EA,IMP
FENGYUN 1C DEB,1999-025AZJ,30920,DEB,,PRC,1999-05-10,TAISC,,101.44,98.91,905,748,0.0154,,EA,ORB
FENGYUN 1C DEB,1999-025AZK,30921,DEB,,PRC,1999-05-10,TAISC,,100.36,98.84,787,764,0.0380,,EA,ORB
FENGYUN 1C DEB,1999-025AZL,30922,DEB,,PRC,1999-05-10,TAISC,,101.55,98.63,843,821,0.0167,,EA,ORB
FENGYUN 1C DEB,1999-025AZM,30923,DEB,D,PRC,1999-05-10,TAISC,2025-10-31,93.21,98.84,447,416,0.0190,,EA,IMP
FENGYUN 1C DEB,1999-025AZN,30924,DEB,D,PRC,1999-05-10,TAISC,2025-05-01,91.44,98.92,364,327,0.0197,,EA,IMP
FENGYUN 1C DEB,1999-025AZP,30925,DEB,,PRC,1999-05-10,TAISC,,99.53,98.89,759,713,0.0081,,EA,ORB
FENGYUN 1C DEB,1999-025AZQ,30926,DEB,,PRC,1999-05-10,TAISC,,96.52,98.83,701,482,0.0032,,EA,ORB
FENGYUN 1C DEB,1999-025AZR,30927,DEB,,PRC,1999-05-10,TAISC,,102.11,99.17,929,788,0.0107,,EA,ORB
FENGYUN 1C DEB,1999-025AZS,30928,DEB,,PRC,1999-05-10,TAISC,,108.87,98.87,1517,831,0.0143,,EA,ORB
FENGYUN 1C DEB,1999-025AZT,30929,DEB,D,PRC,1999-05-10,TAISC,2011-08-06,88.96,98.75,238,208,0.0081,,EA,IMP
FENGYUN 1C DEB,1999-025AZU,30930,DEB,,PRC,1999-05-10,TAISC,,100.14,98.19,843,687,0.0178,,EA,ORB
FENGYUN 1C DEB,1999-025AZV,30931,DEB,,PRC,1999-05-10,TAISC,,102.71,99.15,955,819,0.0093,,EA,ORB
FENGYUN 1C DEB,1999-025AZW,30932,DEB,,PRC,1999-05-10,TAISC,,100.74,98.91,833,755,0.0055,,EA,ORB
FENGYUN 1C DEB,1999-025AZX,30933,DEB,,PRC,1999-05-10,TAISC,,99.83,99.06,798,704,0.0193,,EA,ORB
FENGYUN 1C DEB,1999-025AZY,30934,DEB,,PRC,1999-05-10,TAISC,,106.87,98.75,1334,829,0.0034,,EA,ORB
FENGYUN 1C DEB,1999-025AZZ,30935,DEB,D,PRC,1999-05-10,TAISC,2017-02-11,88.37,98.92,198,189,0.0074,,EA,IMP
FENGYUN 1C DEB,1999-025BAA,30936,DEB,,PRC,1999-05-10,TAISC,,101.13,98.56,845,780,0.0112,,EA,ORB
FENGYUN 1C DEB,1999-025BAB,30937,DEB,,PRC,1999-05-10,TAISC,,103.18,99.05,964,853,0.0330,,EA,ORB
FENGYUN 1C DEB,1999-025BAC,30938,DEB,,PRC,1999-05-10,TAISC,,101.40,98.58,858,792,0.0260,,EA,ORB
FENGYUN 1C DEB,1999-025BAD,30939,DEB,D,PRC,1999-05-10,TAISC,2012-09-25,92.93,99.06,424,412,0.0029,,EA,IMP
FENGYUN 1C DEB,1999-025BAE,30940,DEB,,PRC,1999-05-10,TAISC,,102.23,98.63,894,834,0.0100,,EA,ORB
FENGYUN 1C DEB,1999-025BAF,30941,DEB,,PRC,1999-05-10,TAISC,,100.48,98.53,804,759,0.0034,,EA,ORB
FENGYUN 1C DEB,1999-025BAG,30942,DEB,,PRC,1999-05-10,TAISC,,101.76,98.69,942,743,0.0141,,EA,ORB
FENGYUN 1C DEB,1999-025BAH,30943,DEB,,PRC,1999-05-10,TAISC,,102.51,98.79,915,840,0.0038,,EA,ORB
FENGYUN 1C DEB,1999-025BAJ,30944,DEB,,PRC,1999-05-10,TAISC,,99.12,98.82,822,611,0.0014,,EA,ORB
FENGYUN 1C DEB,1999-025BAK,30945,DEB,,PRC,1999-05-10,TAISC,,100.59,99.38,808,765,0.0039,,EA,ORB
FENGYUN 1C DEB,1999-025BAL,30946,DEB,,PRC,1999-05-10,TAISC,,99.36,99.07,791,666,0.0085,,EA,ORB
FENGYUN 1C DEB,1999-025BAM,30947,DEB,,PRC,1999-05-10,TAISC,,100.11,98.78,832,696,0.0137,,EA,ORB
FENGYUN 1C DEB,1999-025BAN,30948,DEB,D,PRC,1999-05-10,TAISC,2008-12-16,89.29,98.95,244,234,0.0027,,EA,IMP
FENGYUN 1C DEB,1999-025BAP,30949,DEB,,PRC,1999-05-10,TAISC,,101.82,98.71,929,761,0.0136,,EA,ORB
FENGYUN 1C DEB,1999-025BAQ,30950,DEB,D,PRC,1999-05-10,TAISC,2020-12-28,88.93,99.19,230,213,0.0096,,EA,IMP
FENGYUN 1C DEB,1999-025BAR,30951,DEB,D,PRC,1999-05-10,TAISC,2025-04-28,91.91,99.82,389,347,0.0124,,EA,IMP
FENGYUN 1C DEB,1999-025BAS,30952,DEB,D,PRC,1999-05-10,TAISC,2024-08-25,100.35,99.71,843,708,0.0062,,EA,IMP
FENGYUN 1C DEB,1999-025BAT,30953,DEB,D,PRC,1999-05-10,TAISC,2012-04-21,93.98,101.39,514,424,0.0080,,EA,IMP
FENGYUN 1C DEB,1999-025BAU,30954,DEB,,PRC,1999-05-10,TAISC,,101.71,98.72,931,748,0.0085,,EA,ORB
FENGYUN 1C DEB,1999-025BAV,30955,DEB,,PRC,1999-05-10,TAISC,,101.84,98.69,882,810,0.0096,,EA,ORB
FENGYUN 1C DEB,1999-025BAW,30956,DEB,,PRC,1999-05-10,TAISC,,101.77,98.74,878,807,0.0132,,EA,ORB
FENGYUN 1C DEB,1999-025BAX,30957,DEB,D,PRC,1999-05-10,TAISC,2023-01-11,92.74,99.04,426,392,0.0031,,EA,IMP
FENGYUN 1C DEB,1999-025BAY,30958,DEB,D,PRC,1999-05-10,TAISC,2025-07-28,92.54,97.92,409,389,0.0152,,EA,IMP
FENGYUN 1C DEB,1999-025BAZ,30959,DEB,,PRC,1999-05-10,TAISC,,99.94,99.70,789,722,0.0086,,EA,ORB
FENGYUN 1C DEB,1999-025BBA,30960,DEB,,PRC,1999-05-10,TAISC,,97.91,99.03,790,528,0.0131,,EA,ORB
FENGYUN 1C DEB,1999-025BBB,30961,DEB,,PRC,1999-05-10,TAISC,,98.78,98.93,790,610,0.0088,,EA,ORB
FENGYUN 1C DEB,1999-025BBC,30962,DEB,D,PRC,1999-05-10,TAISC,2017-04-23,94.62,98.47,527,473,0.0107,,EA,IMP
FENGYUN 1C DEB,1999-025BBD,30963,DEB,D,PRC,1999-05-10,TAISC,2015-06-29,90.91,97.58,342,296,0.0181,,EA,IMP
FENGYUN 1C DEB,1999-025BBE,30964,DEB,,PRC,1999-05-10,TAISC,,102.76,98.68,992,787,0.0049,,EA,ORB
FENGYUN 1C DEB,1999-025BBF,30965,DEB,D,PRC,1999-05-10,TAISC,2014-05-13,95.44,97.66,597,483,0.0090,,EA,IMP
FENGYUN 1C DEB,1999-025BBG,30966,DEB,D,PRC,1999-05-10,TAISC,2023-06-16,93.28,99.07,445,425,0.0128,,EA,IMP
FENGYUN 1C DEB,1999-025BBH,30967,DEB,,PRC,1999-05-10,TAISC,,98.71,98.79,762,631,0.0135,,EA,ORB
FENGYUN 1C DEB,1999-025BBJ,30968,DEB,D,PRC,1999-05-10,TAISC,2019-09-05,93.02,99.39,433,412,0.0121,,EA,IMP
FENGYUN 1C DEB,1999-025BBK,30969,DEB,D,PRC,1999-05-10,TAISC,2011-11-28,92.98,99.00,454,387,0.0139,,EA,IMP
FENGYUN 1C DEB,1999-025BBL,30970,DEB,D,PRC,1999-05-10,TAISC,2016-05-21,93.53,99.72,475,419,0.0142,,EA,IMP
FENGYUN 1C DEB,1999-025BBM,30971,DEB,,PRC,1999-05-10,TAISC,,97.72,99.18,762,537,0.0021,,EA,ORB
FENGYUN 1C DEB,1999-025BBN,30972,DEB,D,PRC,1999-05-10,TAISC,2025-06-25,88.97,98.85,239,208,0.0129,,EA,IMP
FENGYUN 1C DEB,1999-025BBP,30973,DEB,,PRC,1999-05-10,TAISC,,102.02,99.94,891,818,0.0104,,EA,ORB
FENGYUN 1C DEB,1999-025BBQ,30974,DEB,D,PRC,1999-05-10,TAISC,2023-11-17,93.20,98.90,447,416,0.0149,,EA,IMP
FENGYUN 1C DEB,1999-025BBR,30975,DEB,,PRC,1999-05-10,TAISC,,100.93,99.08,948,658,0.0131,,EA,ORB
FENGYUN 1C DEB,1999-025BBS,30976,DEB,D,PRC,1999-05-10,TAISC,2025-09-30,90.90,99.08,329,309,0.0107,,EA,IMP
FENGYUN 1C DEB,1999-025BBT,30977,DEB,,PRC,1999-05-10,TAISC,,100.01,98.98,847,670,0.0158,,EA,ORB
FENGYUN 1C DEB,1999-025BBU,30978,DEB,,PRC,1999-05-10,TAISC,,100.06,98.23,789,734,0.0077,,EA,ORB
FENGYUN 1C DEB,1999-025BBV,30979,DEB,,PRC,1999-05-10,TAISC,,97.10,97.81,746,494,0.0121,,EA,ORB
FENGYUN 1C DEB,1999-025BBW,30980,DEB,D,PRC,1999-05-10,TAISC,2019-08-22,92.16,98.86,385,376,0.0134,,EA,IMP
FENGYUN 1C DEB,1999-025BBX,30981,DEB,D,PRC,1999-05-10,TAISC,2025-04-04,100.98,98.44,876,734,0.0187,,EA,IMP
FENGYUN 1C DEB,1999-025BBY,30982,DEB,,PRC,1999-05-10,TAISC,,99.20,98.24,847,594,0.0101,,EA,ORB
FENGYUN 1C DEB,1999-025BBZ,30983,DEB,D,PRC,1999-05-10,TAISC,2015-05-31,89.29,98.57,245,234,0.0076,,EA,IMP
FENGYUN 1C DEB,1999-025BCA,30984,DEB,,PRC,1999-05-10,TAISC,,99.18,98.24,807,632,0.0102,,EA,ORB
FENGYUN 1C DEB,1999-025BCB,30985,DEB,,PRC,1999-05-10,TAISC,,101.09,99.24,844,777,0.0137,,EA,ORB
FENGYUN 1C DEB,1999-025BCC,30986,DEB,,PRC,1999-05-10,TAISC,,101.04,98.58,845,771,0.0081,,EA,ORB
FENGYUN 1C DEB,1999-025BCD,30987,DEB,D,PRC,1999-05-10,TAISC,2012-09-03,98.72,97.37,914,481,0.0054,,EA,IMP
FENGYUN 1C DEB,1999-025BCE,30988,DEB,,PRC,1999-05-10,TAISC,,90.84,98.54,339,292,0.0050,,EA,ORB
FENGYUN 1C DEB,1999-025BCF,30989,DEB,,PRC,1999-05-10,TAISC,,101.76,99.04,907,777,0.0049,,EA,ORB
FENGYUN 1C DEB,1999-025BCG,30990,DEB,D,PRC,1999-05-10,TAISC,2011-10-10,90.71,98.90,321,297,0.0127,,EA,IMP
FENGYUN 1C DEB,1999-025BCH,30991,DEB,D,PRC,1999-05-10,TAISC,2009-01-05,89.69,98.98,263,255,0.0048,,EA,IMP
FENGYUN 1C DEB,1999-025BCJ,30992,DEB,,PRC,1999-05-10,TAISC,,102.80,99.39,922,860,0.0026,,EA,ORB
FENGYUN 1C DEB,1999-025BCK,30993,DEB,,PRC,1999-05-10,TAISC,,100.15,98.85,776,755,0.0360,,EA,ORB
FENGYUN 1C DEB,1999-025BCL,30994,DEB,,PRC,1999-05-10,TAISC,,101.99,98.70,866,840,0.0074,,EA,ORB
FENGYUN 1C DEB,1999-025BCM,30995,DEB,D,PRC,1999-05-10,TAISC,2015-05-11,88.80,98.18,223,207,0.0107,,EA,IMP
FENGYUN 1C DEB,1999-025BCN,30996,DEB,,PRC,1999-05-10,TAISC,,100.25,98.93,805,736,0.0042,,EA,ORB
FENGYUN 1C DEB,1999-025BCP,30997,DEB,D,PRC,1999-05-10,TAISC,2024-12-21,91.49,98.97,365,331,0.0065,,EA,IMP
FENGYUN 1C DEB,1999-025BCQ,30998,DEB,,PRC,1999-05-10,TAISC,,99.17,98.82,729,709,0.0125,,EA,ORB
FENGYUN 1C DEB,1999-025BCR,30999,DEB,,PRC,1999-05-10,TAISC,,98.64,99.09,771,616,0.0137,,EA,ORB
FENGYUN 1C DEB,1999-025BCS,31000,DEB,,PRC,1999-05-10,TAISC,,102.12,97.56,979,739,0.0139,,EA,ORB
FENGYUN 1C DEB,1999-025BCT,31001,DEB,,PRC,1999-05-10,TAISC,,99.76,99.24,851,643,0.0115,,EA,ORB
FENGYUN 1C DEB,1999-025BCU,31002,DEB,,PRC,1999-05-10,TAISC,,102.90,98.88,968,823,0.0134,,EA,ORB
FENGYUN 1C DEB,1999-025BCV,31003,DEB,,PRC,1999-05-10,TAISC,,100.97,98.83,834,775,0.0049,,EA,ORB
FENGYUN 1C DEB,1999-025BCW,31004,DEB,D,PRC,1999-05-10,TAISC,2012-02-12,89.97,98.82,300,246,0.0020,,EA,IMP
FENGYUN 1C DEB,1999-025BCX,31005,DEB,,PRC,1999-05-10,TAISC,,104.04,98.63,1080,818,0.0336,,EA,ORB
FENGYUN 1C DEB,1999-025BCY,31006,DEB,D,PRC,1999-05-10,TAISC,2013-10-10,93.97,99.49,539,399,0.0146,,EA,IMP
FENGYUN 1C DEB,1999-025BCZ,31007,DEB,,PRC,1999-05-10,TAISC,,98.40,98.10,725,640,0.0060,,EA,ORB
FENGYUN 1C DEB,1999-025BDA,31008,DEB,D,PRC,1999-05-10,TAISC,2017-05-09,88.96,99.01,236,209,0.0152,,EA,IMP
FENGYUN 1C DEB,1999-025BDB,31009,DEB,,PRC,1999-05-10,TAISC,,102.82,98.92,930,853,0.0100,,EA,ORB
FENGYUN 1C DEB,1999-025BDC,31010,DEB,,PRC,1999-05-10,TAISC,,100.72,101.72,870,716,0.0022,,EA,ORB
FENGYUN 1C DEB,1999-025BDD,31011,DEB,D,PRC,1999-05-10,TAISC,2009-10-30,92.51,99.48,439,357,0.0150,,EA,IMP
FENGYUN 1C DEB,1999-025BDE,31012,DEB,,PRC,1999-05-10,TAISC,,100.84,98.89,856,740,0.0142,,EA,ORB
FENGYUN 1C DEB,1999-025BDF,31013,DEB,D,PRC,1999-05-10,TAISC,2023-11-07,90.75,98.91,328,295,0.0096,,EA,IMP
FENGYUN 1C DEB,1999-025BDG,31014,DEB,,PRC,1999-05-10,TAISC,,102.96,98.90,962,835,0.0127,,EA,ORB
FENGYUN 1C DEB,1999-025BDH,31015,DEB,D,PRC,1999-05-10,TAISC,2023-08-14,91.42,98.71,366,323,0.0037,,EA,IMP
FENGYUN 1C DEB,1999-025BDJ,31016,DEB,,PRC,1999-05-10,TAISC,,100.64,98.43,869,709,0.0153,,EA,ORB
FENGYUN 1C DEB,1999-025BDK,31017,DEB,,PRC,1999-05-10,TAISC,,102.19,98.70,944,781,0.0145,,EA,ORB
FENGYUN 1C DEB,1999-025BDL,31018,DEB,,PRC,1999-05-10,TAISC,,101.52,99.02,874,788,0.0112,,EA,ORB
FENGYUN 1C DEB,1999-025BDM,31019,DEB,,PRC,1999-05-10,TAISC,,121.66,98.73,2660,850,0.0195,,EA,ORB
FENGYUN 1C DEB,1999-025BDN,31020,DEB,D,PRC,1999-05-10,TAISC,2014-12-14,93.26,98.71,477,391,0.0100,,EA,IMP
FENGYUN 1C DEB,1999-025BDP,31021,DEB,,PRC,1999-05-10,TAISC,,97.39,98.37,814,453,0.0144,,EA,ORB
FENGYUN 1C DEB,1999-025BDQ,31022,DEB,,PRC,1999-05-10,TAISC,,103.55,99.49,1006,847,0.0150,,EA,ORB
FENGYUN 1C DEB,1999-025BDR,31023,DEB,,PRC,1999-05-10,TAISC,,102.36,98.84,929,811,0.0147,,EA,ORB
FENGYUN 1C DEB,1999-025BDS,31024,DEB,,PRC,1999-05-10,TAISC,,101.33,99.04,875,768,0.0138,,EA,ORB
FENGYUN 1C DEB,1999-025BDT,31025,DEB,,PRC,1999-05-10,TAISC,,101.33,98.60,945,698,0.0130,,EA,ORB
FENGYUN 1C DEB,1999-025BDU,31026,DEB,,PRC,1999-05-10,TAISC,,104.08,98.79,1049,854,0.0151,,EA,ORB
FENGYUN 1C DEB,1999-025BDV,31027,DEB,,PRC,1999-05-10,TAISC,,101.29,99.00,874,765,0.0116,,EA,ORB
FENGYUN 1C DEB,1999-025BDW,31028,DEB,,PRC,1999-05-10,TAISC,,103.65,98.71,1052,810,0.0099,,EA,ORB
FENGYUN 1C DEB,1999-025BDX,31029,DEB,,PRC,1999-05-10,TAISC,,100.37,98.84,840,712,0.0116,,EA,ORB
FENGYUN 1C DEB,1999-025BDY,31030,DEB,,PRC,1999-05-10,TAISC,,101.08,98.75,830,790,0.0057,,EA,ORB
FENGYUN 1C DEB,1999-025BDZ,31031,DEB,,PRC,1999-05-10,TAISC,,101.31,99.07,840,801,0.0089,,EA,ORB
FENGYUN 1C DEB,1999-025BEA,31032,DEB,,PRC,1999-05-10,TAISC,,102.62,99.39,981,784,0.0175,,EA,ORB
FENGYUN 1C DEB,1999-025BEB,31033,DEB,,PRC,1999-05-10,TAISC,,100.86,98.47,910,689,0.0150,,EA,ORB
FENGYUN 1C DEB,1999-025BEC,31034,DEB,D,PRC,1999-05-10,TAISC,2012-10-21,90.27,99.03,317,258,0.0111,,EA,IMP
FENGYUN 1C DEB,1999-025BED,31035,DEB,,PRC,1999-05-10,TAISC,,99.11,98.67,839,593,0.0156,,EA,ORB
FENGYUN 1C DEB,1999-025BEE,31036,DEB,,PRC,1999-05-10,TAISC,,99.35,98.94,825,630,0.0110,,EA,ORB
FENGYUN 1C DEB,1999-025BEF,31037,DEB,D,PRC,1999-05-10,TAISC,2021-03-09,91.23,99.00,342,327,0.0050,,EA,IMP
FENGYUN 1C DEB,1999-025BEG,31038,DEB,,PRC,1999-05-10,TAISC,,99.54,99.01,796,677,0.0106,,EA,ORB
FENGYUN 1C DEB,1999-025BEH,31039,DEB,D,PRC,1999-05-10,TAISC,2014-01-10,89.68,98.95,281,237,0.0063,,EA,IMP
FENGYUN 1C DEB,1999-025BEJ,31040,DEB,,PRC,1999-05-10,TAISC,,101.55,98.68,877,788,0.0031,,EA,ORB
FENGYUN 1C DEB,1999-025BEK,31041,DEB,,PRC,1999-05-10,TAISC,,101.42,99.19,886,766,0.0128,,EA,ORB
FENGYUN 1C DEB,1999-025BEL,31042,DEB,D,PRC,1999-05-10,TAISC,2023-11-02,89.89,98.98,273,265,0.0041,,EA,IMP
FENGYUN 1C DEB,1999-025BEM,31043,DEB,,PRC,1999-05-10,TAISC,,102.22,98.75,894,833,0.0177,,EA,ORB
FENGYUN 1C DEB,1999-025BEN,31044,DEB,D,PRC,1999-05-10,TAISC,2022-08-23,91.22,99.38,344,325,0.0051,,EA,IMP
FENGYUN 1C DEB,1999-025BEP,31045,DEB,D,PRC,1999-05-10,TAISC,2013-04-30,92.57,99.50,425,376,0.0116,,EA,IMP
FENGYUN 1C DEB,1999-025BEQ,31046,DEB,,PRC,1999-05-10,TAISC,,97.47,98.96,662,614,0.0060,,EA,ORB
FENGYUN 1C DEB,1999-025BER,31047,DEB,,PRC,1999-05-10,TAISC,,101.82,98.71,863,827,0.0109,,EA,ORB
FENGYUN 1C DEB,1999-025BES,31048,DEB,D,PRC,1999-05-10,TAISC,2025-10-24,90.90,99.01,332,306,0.0139,,EA,IMP
FENGYUN 1C DEB,1999-025BET,31049,DEB,,PRC,1999-05-10,TAISC,,102.53,98.80,916,841,0.0106,,EA,ORB
FENGYUN 1C DEB,1999-025BEU,31050,DEB,D,PRC,1999-05-10,TAISC,2007-09-12,88.98,99.06,260,188,0.0026,,EA,IMP
FENGYUN 1C DEB,1999-025BEV,31051,DEB,,PRC,1999-05-10,TAISC,,102.62,98.80,921,845,0.0153,,EA,ORB
FENGYUN 1C DEB,1999-025BEW,31052,DEB,D,PRC,1999-05-10,TAISC,2014-02-14,87.93,98.34,183,160,0.0133,,EA,IMP
FENGYUN 1C DEB,1999-025BEX,31053,DEB,,PRC,1999-05-10,TAISC,,104.58,98.81,1200,750,0.0150,,EA,ORB
FENGYUN 1C DEB,1999-025BEY,31054,DEB,,PRC,1999-05-10,TAISC,,101.96,98.68,859,844,0.0072,,EA,ORB
FENGYUN 1C DEB,1999-025BEZ,31055,DEB,,PRC,1999-05-10,TAISC,,102.08,98.74,874,840,0.0124,,EA,ORB
FENGYUN 1C DEB,1999-025BFA,31056,DEB,,PRC,1999-05-10,TAISC,,101.79,98.69,862,825,0.0033,,EA,ORB
FENGYUN 1C DEB,1999-025BFB,31057,DEB,,PRC,1999-05-10,TAISC,,97.12,99.23,712,530,0.0133,,EA,ORB
FENGYUN 1C DEB,1999-025BFC,31058,DEB,,PRC,1999-05-10,TAISC,,97.26,99.59,690,566,0.0155,,EA,ORB
FENGYUN 1C DEB,1999-025BFD,31059,DEB,D,PRC,1999-05-10,TAISC,2012-07-05,92.60,99.01,443,361,0.0013,,EA,IMP
FENGYUN 1C DEB,1999-025BFE,31060,DEB,D,PRC,1999-05-10,TAISC,2022-11-17,93.96,99.18,486,451,0.0122,,EA,IMP
FENGYUN 1C DEB,1999-025BFF,31061,DEB,D,PRC,1999-05-10,TAISC,2011-11-02,93.10,98.29,444,408,0.0036,,EA,IMP
FENGYUN 1C DEB,1999-025BFG,31062,DEB,,PRC,1999-05-10,TAISC,,104.67,99.01,1105,852,0.0044,,EA,ORB
FENGYUN 1C DEB,1999-025BFH,31063,DEB,D,PRC,1999-05-10,TAISC,2026-01-18,92.74,99.83,413,405,0.0164,,EA,IMP
FENGYUN 1C DEB,1999-025BFJ,31064,DEB,,PRC,1999-05-10,TAISC,,101.23,98.60,990,644,0.0156,,EA,ORB
FENGYUN 1C DEB,1999-025BFK,31065,DEB,,PRC,1999-05-10,TAISC,,100.76,98.45,820,770,0.0143,,EA,ORB
FENGYUN 1C DEB,1999-025BFL,31066,DEB,D,PRC,1999-05-10,TAISC,2024-10-08,89.47,98.98,261,235,0.0018,,EA,IMP
FENGYUN 1C DEB,1999-025BFM,31067,DEB,D,PRC,1999-05-10,TAISC,2022-01-24,89.56,99.00,263,243,0.0117,,EA,IMP
FENGYUN 1C DEB,1999-025BFN,31068,DEB,,PRC,1999-05-10,TAISC,,102.17,98.65,981,742,0.0124,,EA,ORB
FENGYUN 1C DEB,1999-025BFP,31069,DEB,,PRC,1999-05-10,TAISC,,98.71,99.12,769,625,0.0172,,EA,ORB
FENGYUN 1C DEB,1999-025BFQ,31070,DEB,D,PRC,1999-05-10,TAISC,2013-05-09,95.63,98.89,680,418,0.0050,,EA,IMP
FENGYUN 1C DEB,1999-025BFR,31071,DEB,,PRC,1999-05-10,TAISC,,99.00,99.03,749,673,0.0174,,EA,ORB
FENGYUN 1C DEB,1999-025BFS,31072,DEB,,PRC,1999-05-10,TAISC,,100.96,99.32,954,654,0.0014,,EA,ORB
FENGYUN 1C DEB,1999-025BFT,31073,DEB,,PRC,1999-05-10,TAISC,,100.98,99.20,836,774,0.0166,,EA,ORB
FENGYUN 1C DEB,1999-025BFU,31074,DEB,,PRC,1999-05-10,TAISC,,101.69,98.95,900,778,0.0153,,EA,ORB
FENGYUN 1C DEB,1999-025BFV,31075,DEB,D,PRC,1999-05-10,TAISC,2009-08-23,89.90,98.83,278,261,0.0046,,EA,IMP
FENGYUN 1C DEB,1999-025BFW,31076,DEB,D,PRC,1999-05-10,TAISC,2008-07-01,88.52,98.89,224,179,0.0030,,EA,IMP
FENGYUN 1C DEB,1999-025BFX,31077,DEB,D,PRC,1999-05-10,TAISC,2024-07-09,90.71,98.92,326,293,0.0106,,EA,IMP
FENGYUN 1C DEB,1999-025BFY,31078,DEB,,PRC,1999-05-10,TAISC,,101.22,98.84,901,733,0.0006,,EA,ORB
FENGYUN 1C DEB,1999-025BFZ,31079,DEB,,PRC,1999-05-10,TAISC,,102.67,99.08,930,840,0.0103,,EA,ORB
FENGYUN 1C DEB,1999-025BGA,31080,DEB,,PRC,1999-05-10,TAISC,,101.00,99.13,855,757,0.0114,,EA,ORB
FENGYUN 1C DEB,1999-025BGB,31081,DEB,,PRC,1999-05-10,TAISC,,102.39,98.76,906,838,0.0116,,EA,ORB
FENGYUN 1C DEB,1999-025BGC,31082,DEB,,PRC,1999-05-10,TAISC,,101.85,98.67,895,797,0.0159,,EA,ORB
FENGYUN 1C DEB,1999-025BGD,31083,DEB,,PRC,1999-05-10,TAISC,,98.07,98.66,686,647,0.0187,,EA,ORB
FENGYUN 1C DEB,1999-025BGE,31084,DEB,D,PRC,1999-05-10,TAISC,2014-08-28,92.91,99.42,453,381,0.0082,,EA,IMP
FENGYUN 1C DEB,1999-025BGF,31085,DEB,,PRC,1999-05-10,TAISC,,100.67,98.96,853,728,0.0144,,EA,ORB
FENGYUN 1C DEB,1999-025BGG,31086,DEB,D,PRC,1999-05-10,TAISC,2024-05-18,91.27,98.93,358,316,0.0032,,EA,IMP
FENGYUN 1C DEB,1999-025BGH,31087,DEB,,PRC,1999-05-10,TAISC,,98.48,98.09,804,568,0.0111,,EA,ORB
FENGYUN 1C DEB,1999-025BGJ,31088,DEB,,PRC,1999-05-10,TAISC,,100.67,99.40,811,770,0.0049,,EA,ORB
FENGYUN 1C DEB,1999-025BGK,31089,DEB,,PRC,1999-05-10,TAISC,,103.69,98.98,1082,784,0.0086,,EA,ORB
FENGYUN 1C DEB,1999-025BGL,31090,DEB,D,PRC,1999-05-10,TAISC,2026-06-29,89.10,98.96,239,221,0.0098,,EA,IMP
FENGYUN 1C DEB,1999-025BGM,31091,DEB,,PRC,1999-05-10,TAISC,,106.32,99.25,1271,840,0.0033,,EA,ORB
FENGYUN 1C DEB,1999-025BGN,31092,DEB,,PRC,1999-05-10,TAISC,,106.91,99.74,1328,839,0.0082,,EA,ORB
FENGYUN 1C DEB,1999-025BGP,31093,DEB,,PRC,1999-05-10,TAISC,,104.28,98.60,1113,809,0.0119,,EA,ORB
FENGYUN 1C DEB,1999-025BGQ,31094,DEB,,PRC,1999-05-10,TAISC,,102.63,98.85,960,806,0.0160,,EA,ORB
FENGYUN 1C DEB,1999-025BGR,31095,DEB,,PRC,1999-05-10,TAISC,,110.20,98.59,1615,857,0.0169,,EA,ORB
FENGYUN 1C DEB,1999-025BGS,31096,DEB,D,PRC,1999-05-10,TAISC,2011-08-08,89.13,98.89,255,208,0.0150,,EA,IMP
FENGYUN 1C DEB,1999-025BGT,31097,DEB,,PRC,1999-05-10,TAISC,,99.20,98.87,730,710,0.0078,,EA,ORB
FENGYUN 1C DEB,1999-025BGU,31098,DEB,,PRC,1999-05-10,TAISC,,98.81,98.88,711,692,0.0111,,EA,ORB
FENGYUN 1C DEB,1999-025BGV,31099,DEB,,PRC,1999-05-10,TAISC,,100.82,98.91,842,753,0.0051,,EA,ORB
FENGYUN 1C DEB,1999-025BGW,31144,DEB,,PRC,1999-05-10,TAISC,,102.80,99.24,963,819,0.0121,,EA,ORB
FENGYUN 1C DEB,1999-025BGX,31145,DEB,D,PRC,1999-05-10,TAISC,2010-10-08,92.22,99.24,398,368,0.0175,,EA,IMP
FENGYUN 1C DEB,1999-025BGY,31146,DEB,,PRC,1999-05-10,TAISC,,100.81,99.06,948,646,0.0098,,EA,ORB
FENGYUN 1C DEB,1999-025BGZ,31147,DEB,D,PRC,1999-05-10,TAISC,2023-03-07,91.38,99.14,358,327,0.0149,,EA,IMP
FENGYUN 1C DEB,1999-025BHA,31148,DEB,,PRC,1999-05-10,TAISC,,99.67,98.84,839,647,0.0108,,EA,ORB
FENGYUN 1C DEB,1999-025BHB,31149,DEB,D,PRC,1999-05-10,TAISC,2024-02-28,89.93,99.11,273,269,0.0034,,EA,IMP
FENGYUN 1C DEB,1999-025BHC,31150,DEB,,PRC,1999-05-10,TAISC,,101.92,98.68,861,839,0.0075,,EA,ORB
FENGYUN 1C DEB,1999-025BHD,31151,DEB,,PRC,1999-05-10,TAISC,,100.83,99.13,837,759,0.0037,,EA,ORB
FENGYUN 1C DEB,1999-025BHE,31152,DEB,,PRC,1999-05-10,TAISC,,100.28,98.44,864,679,0.0015,,EA,ORB
FENGYUN 1C DEB,1999-025BHF,31153,DEB,D,PRC,1999-05-10,TAISC,2013-12-14,92.40,99.09,444,341,0.0123,,EA,IMP
FENGYUN 1C DEB,1999-025BHG,31154,DEB,D,PRC,1999-05-10,TAISC,2024-05-31,98.65,98.56,739,649,0.0126,,EA,IMP
FENGYUN 1C DEB,1999-025BHH,31155,DEB,,PRC,1999-05-10,TAISC,,102.17,99.03,925,798,0.0042,,EA,ORB
FENGYUN 1C DEB,1999-025BHJ,31156,DEB,D,PRC,1999-05-10,TAISC,2014-10-15,94.56,99.05,526,468,0.0111,,EA,IMP
FENGYUN 1C DEB,1999-025BHK,31157,DEB,,PRC,1999-05-10,TAISC,,101.21,98.51,888,744,0.0176,,EA,ORB
FENGYUN 1C DEB,1999-025BHL,31158,DEB,,PRC,1999-05-10,TAISC,,100.33,98.77,807,741,0.0125,,EA,ORB
FENGYUN 1C DEB,1999-025BHM,31159,DEB,D,PRC,1999-05-10,TAISC,2026-06-30,90.93,97.80,348,292,0.0126,,EA,IMP
FENGYUN 1C DEB,1999-025BHN,31160,DEB,,PRC,1999-05-10,TAISC,,102.88,99.05,935,855,0.0065,,EA,ORB
FENGYUN 1C DEB,1999-025BHP,31161,DEB,,PRC,1999-05-10,TAISC,,102.16,98.73,910,812,0.0144,,EA,ORB
FENGYUN 1C DEB,1999-025BHQ,31162,DEB,,PRC,1999-05-10,TAISC,,102.99,99.26,995,805,0.0420,,EA,ORB
FENGYUN 1C DEB,1999-025BHR,31163,DEB,,PRC,1999-05-10,TAISC,,100.51,98.95,821,745,0.0132,,EA,ORB
FENGYUN 1C DEB,1999-025BHS,31164,DEB,D,PRC,1999-05-10,TAISC,2013-08-29,95.55,99.31,699,392,0.0160,,EA,IMP
FENGYUN 1C DEB,1999-025BHT,31165,DEB,,PRC,1999-05-10,TAISC,,97.66,98.86,693,600,0.0144,,EA,ORB
FENGYUN 1C DEB,1999-025BHU,31166,DEB,D,PRC,1999-05-10,TAISC,2025-03-18,90.46,98.74,310,285,0.0134,,EA,IMP
FENGYUN 1C DEB,1999-025BHV,31167,DEB,D,PRC,1999-05-10,TAISC,2024-05-15,91.40,98.95,364,323,0.0040,,EA,IMP
FENGYUN 1C DEB,1999-025BHW,31168,DEB,,PRC,1999-05-10,TAISC,,97.99,98.92,736,589,0.0017,,EA,ORB
FENGYUN 1C DEB,1999-025BHX,31169,DEB,,PRC,1999-05-10,TAISC,,100.80,99.14,837,756,0.0038,,EA,ORB
FENGYUN 1C DEB,1999-025BHY,31170,DEB,D,PRC,1999-05-10,TAISC,2015-03-20,88.92,98.45,233,209,0.0128,,EA,IMP
FENGYUN 1C DEB,1999-025BHZ,31171,DEB,,PRC,1999-05-10,TAISC,,100.01,98.03,860,658,0.0155,,EA,ORB
FENGYUN 1C DEB,1999-025BJA,31172,DEB,,PRC,1999-05-10,TAISC,,100.58,98.43,892,680,0.0010,,EA,ORB
FENGYUN 1C DEB,1999-025BJB,31173,DEB,,PRC,1999-05-10,TAISC,,101.57,98.21,881,785,0.0134,,EA,ORB
FENGYUN 1C DEB,1999-025BJC,31174,DEB,D,PRC,1999-05-10,TAISC,2024-09-28,92.58,99.01,422,380,0.0067,,EA,IMP
FENGYUN 1C DEB,1999-025BJD,31175,DEB,,PRC,1999-05-10,TAISC,,97.82,98.39,700,609,0.0135,,EA,ORB
FENGYUN 1C DEB,1999-025BJE,31176,DEB,D,PRC,1999-05-10,TAISC,2014-04-02,88.70,98.47,216,204,0.0126,,EA,IMP
FENGYUN 1C DEB,1999-025BJF,31177,DEB,,PRC,1999-05-10,TAISC,,105.58,98.76,1249,794,0.0118,,EA,ORB
FENGYUN 1C DEB,1999-025BJG,31178,DEB,,PRC,1999-05-10,TAISC,,101.12,99.51,899,724,0.0006,,EA,ORB
FENGYUN 1C DEB,1999-025BJH,31179,DEB,,PRC,1999-05-10,TAISC,,103.41,99.01,1077,762,0.0109,,EA,ORB
FENGYUN 1C DEB,1999-025BJJ,31180,DEB,,PRC,1999-05-10,TAISC,,105.06,99.25,1364,630,0.0005,,EA,ORB
FENGYUN 1C DEB,1999-025BJK,31181,DEB,,PRC,1999-05-10,TAISC,,101.94,98.76,885,815,0.0114,,EA,ORB
FENGYUN 1C DEB,1999-025BJL,31182,DEB,,PRC,1999-05-10,TAISC,,101.78,98.70,859,826,0.0135,,EA,ORB
FENGYUN 1C DEB,1999-025BJM,31183,DEB,,PRC,1999-05-10,TAISC,,99.13,99.05,750,684,0.0176,,EA,ORB
FENGYUN 1C DEB,1999-025BJN,31184,DEB,D,PRC,1999-05-10,TAISC,2007-05-07,88.85,98.02,277,159,0.0022,,EA,IMP
FENGYUN 1C DEB,1999-025BJP,31185,DEB,,PRC,1999-05-10,TAISC,,102.63,98.85,913,853,0.0115,,EA,ORB
FENGYUN 1C DEB,1999-025BJQ,31186,DEB,,PRC,1999-05-10,TAISC,,101.89,99.18,868,829,0.0170,,EA,ORB
FENGYUN 1C DEB,1999-025BJR,31187,DEB,,PRC,1999-05-10,TAISC,,98.13,99.22,808,531,0.0161,,EA,ORB
FENGYUN 1C DEB,1999-025BJS,31188,DEB,,PRC,1999-05-10,TAISC,,101.03,98.73,849,766,0.0049,,EA,ORB
FENGYUN 1C DEB,1999-025BJT,31189,DEB,D,PRC,1999-05-10,TAISC,2015-02-09,91.15,99.03,350,312,0.0055,,EA,IMP
FENGYUN 1C DEB,1999-025BJU,31190,DEB,,PRC,1999-05-10,TAISC,,102.56,98.81,928,832,0.0084,,EA,ORB
FENGYUN 1C DEB,1999-025BJV,31191,DEB,,PRC,1999-05-10,TAISC,,99.91,98.77,820,688,0.0094,,EA,ORB
FENGYUN 1C DEB,1999-025BJW,31192,DEB,,PRC,1999-05-10,TAISC,,101.30,98.58,1006,634,0.0138,,EA,ORB
FENGYUN 1C DEB,1999-025BJX,31193,DEB,D,PRC,1999-05-10,TAISC,2018-08-10,90.05,99.11,285,268,0.0183,,EA,IMP
FENGYUN 1C DEB,1999-025BJY,31194,DEB,,PRC,1999-05-10,TAISC,,100.15,98.94,805,726,0.0037,,EA,ORB
FENGYUN 1C DEB,1999-025BJZ,31195,DEB,,PRC,1999-05-10,TAISC,,102.27,98.75,990,742,0.0088,,EA,ORB
FENGYUN 1C DEB,1999-025BKA,31196,DEB,,PRC,1999-05-10,TAISC,,100.98,98.52,846,764,0.0106,,EA,ORB
FENGYUN 1C DEB,1999-025BKB,31197,DEB,,PRC,1999-05-10,TAISC,,101.36,99.05,865,781,0.0157,,EA,ORB
FENGYUN 1C DEB,1999-025BKC,31198,DEB,,PRC,1999-05-10,TAISC,,104.68,98.61,1130,829,0.0144,,EA,ORB
FENGYUN 1C DEB,1999-025BKD,31199,DEB,,PRC,1999-05-10,TAISC,,102.12,98.74,904,813,0.0133,,EA,ORB
FENGYUN 1C DEB,1999-025BKE,31200,DEB,D,PRC,1999-05-10,TAISC,2012-12-18,91.34,98.95,342,338,0.0028,,EA,IMP
FENGYUN 1C DEB,1999-025BKF,31201,DEB,,PRC,1999-05-10,TAISC,,100.26,98.98,871,671,0.0147,,EA,ORB
FENGYUN 1C DEB,1999-025BKG,31202,DEB,,PRC,1999-05-10,TAISC,,96.75,96.55,649,558,0.0129,,EA,ORB
FENGYUN 1C DEB,1999-025BKH,31203,DEB,D,PRC,1999-05-10,TAISC,2025-09-12,91.64,98.94,359,351,0.0025,,EA,IMP
FENGYUN 1C DEB,1999-025BKJ,31204,DEB,,PRC,1999-05-10,TAISC,,104.22,98.06,1143,773,0.0053,,EA,ORB
FENGYUN 1C DEB,1999-025BKK,31205,DEB,,PRC,1999-05-10,TAISC,,101.12,99.24,928,695,0.0198,,EA,ORB
FENGYUN 1C DEB,1999-025BKL,31206,DEB,,PRC,1999-05-10,TAISC,,99.90,98.84,808,699,0.0136,,EA,ORB
FENGYUN 1C DEB,1999-025BKM,31207,DEB,D,PRC,1999-05-10,TAISC,2018-01-08,89.99,98.29,283,265,0.0066,,EA,IMP
FENGYUN 1C DEB,1999-025BKN,31208,DEB,,PRC,1999-05-10,TAISC,,98.10,99.26,676,659,0.0098,,EA,ORB
FENGYUN 1C DEB,1999-025BKP,31209,DEB,,PRC,1999-05-10,TAISC,,99.48,98.89,748,720,0.0106,,EA,ORB
FENGYUN 1C DEB,1999-025BKQ,31210,DEB,,PRC,1999-05-10,TAISC,,101.96,98.73,864,839,0.0099,,EA,ORB
FENGYUN 1C DEB,1999-025BKR,31211,DEB,,PRC,1999-05-10,TAISC,,101.34,98.65,859,785,0.0106,,EA,ORB
FENGYUN 1C DEB,1999-025BKS,31212,DEB,,PRC,1999-05-10,TAISC,,101.82,99.20,899,791,0.0045,,EA,ORB
FENGYUN 1C DEB,1999-025BKT,31213,DEB,D,PRC,1999-05-10,TAISC,2024-05-29,90.37,99.37,307,279,0.0048,,EA,IMP
FENGYUN 1C DEB,1999-025BKU,31214,DEB,D,PRC,1999-05-10,TAISC,2025-08-08,90.70,98.83,326,291,0.0050,,EA,IMP
FENGYUN 1C DEB,1999-025BKV,31215,DEB,,PRC,1999-05-10,TAISC,,100.35,99.05,823,727,0.0167,,EA,ORB
FENGYUN 1C DEB,1999-025BKW,31216,DEB,D,PRC,1999-05-10,TAISC,2008-05-02,91.61,100.03,426,281,0.0177,,EA,IMP
FENGYUN 1C DEB,1999-025BKX,31217,DEB,,PRC,1999-05-10,TAISC,,101.54,98.64,903,760,0.0017,,EA,ORB
FENGYUN 1C DEB,1999-025BKY,31218,DEB,,PRC,1999-05-10,TAISC,,96.62,98.84,602,592,0.0135,,EA,ORB
FENGYUN 1C DEB,1999-025BKZ,31219,DEB,,PRC,1999-05-10,TAISC,,101.77,99.27,898,786,0.0047,,EA,ORB
FENGYUN 1C DEB,1999-025BLA,31220,DEB,D,PRC,1999-05-10,TAISC,2025-01-11,92.60,98.97,412,392,0.0135,,EA,IMP
FENGYUN 1C DEB,1999-025BLB,31221,DEB,D,PRC,1999-05-10,TAISC,2011-02-10,93.43,98.43,457,428,0.0125,,EA,IMP
FENGYUN 1C DEB,1999-025BLC,31222,DEB,,PRC,1999-05-10,TAISC,,95.82,98.59,663,454,0.0110,,EA,ORB
FENGYUN 1C DEB,1999-025BLD,31223,DEB,,PRC,1999-05-10,TAISC,,104.41,99.04,1144,790,0.0094,,EA,ORB
FENGYUN 1C DEB,1999-025BLE,31224,DEB,,PRC,1999-05-10,TAISC,,100.74,98.39,906,681,0.0109,,EA,ORB
FENGYUN 1C DEB,1999-025BLF,31225,DEB,,PRC,1999-05-10,TAISC,,101.47,98.98,890,767,0.0217,,EA,ORB
FENGYUN 1C DEB,1999-025BLG,31226,DEB,,PRC,1999-05-10,TAISC,,100.91,98.36,892,711,0.0074,,EA,ORB
FENGYUN 1C DEB,1999-025BLH,31227,DEB,D,PRC,1999-05-10,TAISC,2024-11-01,99.00,98.15,768,653,0.0169,,EA,IMP
FENGYUN 1C DEB,1999-025BLJ,31228,DEB,,PRC,1999-05-10,TAISC,,100.16,98.87,823,710,0.0048,,EA,ORB
FENGYUN 1C DEB,1999-025BLK,31229,DEB,,PRC,1999-05-10,TAISC,,101.18,98.86,850,778,0.0039,,EA,ORB
FENGYUN 1C DEB,1999-025BLL,31230,DEB,D,PRC,1999-05-10,TAISC,2008-02-14,93.05,97.28,454,394,0.0083,,EA,IMP
FENGYUN 1C DEB,1999-025BLM,31231,DEB,,PRC,1999-05-10,TAISC,,96.83,98.87,691,523,0.0125,,EA,ORB
FENGYUN 1C DEB,1999-025BLN,31232,DEB,,PRC,1999-05-10,TAISC,,99.41,99.01,748,713,0.0117,,EA,ORB
FENGYUN 1C DEB,1999-025BLP,31233,DEB,D,PRC,1999-05-10,TAISC,2015-07-24,92.37,97.77,423,359,0.0072,,EA,IMP
FENGYUN 1C DEB,1999-025BLQ,31234,DEB,,PRC,1999-05-10,TAISC,,102.26,98.80,918,813,0.0179,,EA,ORB
FENGYUN 1C DEB,1999-025BLR,31235,DEB,,PRC,1999-05-10,TAISC,,101.17,98.45,930,698,0.0156,,EA,ORB
FENGYUN 1C DEB,1999-025BLS,31236,DEB,,PRC,1999-05-10,TAISC,,103.69,98.54,1158,708,0.0119,,EA,ORB
FENGYUN 1C DEB,1999-025BLT,31237,DEB,,PRC,1999-05-10,TAISC,,100.56,98.46,848,722,0.0037,,EA,ORB
FENGYUN 1C DEB,1999-025BLU,31238,DEB,D,PRC,1999-05-10,TAISC,2024-09-13,91.27,98.92,356,318,0.0033,,EA,IMP
FENGYUN 1C DEB,1999-025BLV,31239,DEB,,PRC,1999-05-10,TAISC,,102.12,98.77,894,824,0.0106,,EA,ORB
FENGYUN 1C DEB,1999-025BLW,31240,DEB,,PRC,1999-05-10,TAISC,,102.14,98.75,894,826,0.0082,,EA,ORB
FENGYUN 1C DEB,1999-025BLX,31241,DEB,,PRC,1999-05-10,TAISC,,100.04,99.26,808,713,0.0078,,EA,ORB
FENGYUN 1C DEB,1999-025BLY,31242,DEB,D,PRC,1999-05-10,TAISC,2023-07-28,98.09,97.42,711,623,0.0115,,EA,IMP
FENGYUN 1C DEB,1999-025BLZ,31243,DEB,,PRC,1999-05-10,TAISC,,102.29,98.73,915,820,0.0140,,EA,ORB
FENGYUN 1C DEB,1999-025BMA,31244,DEB,,PRC,1999-05-10,TAISC,,102.38,99.01,944,798,0.0075,,EA,ORB
FENGYUN 1C DEB,1999-025BMB,31245,DEB,D,PRC,1999-05-10,TAISC,2012-12-05,90.43,98.90,313,278,0.0028,,EA,IMP
FENGYUN 1C DEB,1999-025BMC,31246,DEB,,PRC,1999-05-10,TAISC,,102.21,98.80,969,758,0.0143,,EA,ORB
FENGYUN 1C DEB,1999-025BMD,31247,DEB,,PRC,1999-05-10,TAISC,,102.44,99.34,918,831,0.0114,,EA,ORB
FENGYUN 1C DEB,1999-025BME,31248,DEB,,PRC,1999-05-10,TAISC,,103.36,99.24,998,838,0.0083,,EA,ORB
FENGYUN 1C DEB,1999-025BMF,31249,DEB,D,PRC,1999-05-10,TAISC,2023-11-27,98.95,98.96,753,664,0.0119,,EA,IMP
FENGYUN 1C DEB,1999-025BMG,31250,DEB,,PRC,1999-05-10,TAISC,,102.58,98.38,976,785,0.0082,,EA,ORB
FENGYUN 1C DEB,1999-025BMH,31251,DEB,D,PRC,1999-05-10,TAISC,2010-06-25,89.62,99.11,322,189,0.0001,,EA,IMP
FENGYUN 1C DEB,1999-025BMJ,31252,DEB,,PRC,1999-05-10,TAISC,,99.94,98.30,907,604,0.0190,,EA,ORB
FENGYUN 1C DEB,1999-025BMK,31253,DEB,,PRC,1999-05-10,TAISC,,102.57,99.05,1091,670,0.0148,,EA,ORB
FENGYUN 1C DEB,1999-025BML,31254,DEB,,PRC,1999-05-10,TAISC,,100.21,98.43,876,661,0.0108,,EA,ORB
FENGYUN 1C DEB,1999-025BMM,31255,DEB,,PRC,1999-05-10,TAISC,,102.12,99.32,1054,663,0.0023,,EA,ORB
FENGYUN 1C DEB,1999-025BMN,31256,DEB,,PRC,1999-05-10,TAISC,,102.39,98.66,1091,653,0.0012,,EA,ORB
FENGYUN 1C DEB,1999-025BMP,31257,DEB,,PRC,1999-05-10,TAISC,,101.25,98.74,889,746,0.0127,,EA,ORB
FENGYUN 1C DEB,1999-025BMQ,31258,DEB,D,PRC,1999-05-10,TAISC,2026-02-06,90.50,98.81,315,283,0.0235,,EA,IMP
FENGYUN 1C DEB,1999-025BMR,31259,DEB,,PRC,1999-05-10,TAISC,,101.67,99.00,884,791,0.0083,,EA,ORB
FENGYUN 1C DEB,1999-025BMS,31260,DEB,,PRC,1999-05-10,TAISC,,100.17,98.94,799,734,0.0022,,EA,ORB
FENGYUN 1C DEB,1999-025BMT,31261,DEB,,PRC,1999-05-10,TAISC,,99.90,99.04,788,719,0.0095,,EA,ORB
FENGYUN 1C DEB,1999-025BMU,31262,DEB,,PRC,1999-05-10,TAISC,,101.43,99.00,866,786,0.0039,,EA,ORB
FENGYUN 1C DEB,1999-025BMV,31263,DEB,D,PRC,1999-05-10,TAISC,2025-12-22,91.82,98.98,381,347,0.0025,,EA,IMP
FENGYUN 1C DEB,1999-025BMW,31264,DEB,,PRC,1999-05-10,TAISC,,101.47,99.10,829,827,0.0163,,EA,ORB
FENGYUN 1C DEB,1999-025BMX,31265,DEB,D,PRC,1999-05-10,TAISC,2024-04-16,98.34,96.55,744,615,0.0135,,EA,IMP
FENGYUN 1C DEB,1999-025BMY,31266,DEB,,PRC,1999-05-10,TAISC,,101.22,99.27,909,724,0.0130,,EA,ORB
FENGYUN 1C DEB,1999-025BMZ,31267,DEB,D,PRC,1999-05-10,TAISC,2024-11-12,96.29,99.30,621,541,0.0140,,EA,IMP
FENGYUN 1C DEB,1999-025BNA,31268,DEB,,PRC,1999-05-10,TAISC,,102.35,98.73,905,835,0.0075,,EA,ORB
FENGYUN 1C DEB,1999-025BNB,31269,DEB,,PRC,1999-05-10,TAISC,,99.53,98.15,899,573,0.0162,,EA,ORB
FENGYUN 1C DEB,1999-025BNC,31270,DEB,D,PRC,1999-05-10,TAISC,2025-04-17,89.83,98.95,271,262,0.0119,,EA,IMP
FENGYUN 1C DEB,1999-025BND,31271,DEB,D,PRC,1999-05-10,TAISC,2014-10-16,88.15,99.05,198,168,0.0027,,EA,IMP
FENGYUN 1C DEB,1999-025BNE,31272,DEB,,PRC,1999-05-10,TAISC,,101.16,99.06,890,737,0.0086,,EA,ORB
FENGYUN 1C DEB,1999-025BNF,31273,DEB,D,PRC,1999-05-10,TAISC,2025-04-21,91.39,98.19,350,335,0.0179,,EA,IMP
FENGYUN 1C DEB,1999-025BNG,31274,DEB,,PRC,1999-05-10,TAISC,,103.89,99.02,1119,766,0.0046,,EA,ORB
FENGYUN 1C DEB,1999-025BNH,31275,DEB,,PRC,1999-05-10,TAISC,,102.64,98.92,959,808,0.0121,,EA,ORB
FENGYUN 1C DEB,1999-025BNJ,31276,DEB,D,PRC,1999-05-10,TAISC,2016-05-17,94.92,98.64,572,458,0.0130,,EA,IMP
FENGYUN 1C DEB,1999-025BNK,31277,DEB,D,PRC,1999-05-10,TAISC,2014-05-15,92.80,97.71,416,407,0.0157,,EA,IMP
FENGYUN 1C DEB,1999-025BNL,31278,DEB,D,PRC,1999-05-10,TAISC,2012-04-08,89.27,96.29,271,205,0.0058,,EA,IMP
FENGYUN 1C DEB,1999-025BNM,31279,DEB,,PRC,1999-05-10,TAISC,,100.92,98.52,855,750,0.0164,,EA,ORB
FENGYUN 1C DEB,1999-025BNN,31280,DEB,D,PRC,1999-05-10,TAISC,2020-08-06,91.56,97.91,363,339,0.0161,,EA,IMP
FENGYUN 1C DEB,1999-025BNP,31281,DEB,,PRC,1999-05-10,TAISC,,93.63,98.41,501,402,0.0087,,EA,ORB
FENGYUN 1C DEB,1999-025BNQ,31282,DEB,,PRC,1999-05-10,TAISC,,99.74,99.23,836,656,0.0118,,EA,ORB
FENGYUN 1C DEB,1999-025BNR,31283,DEB,D,PRC,1999-05-10,TAISC,2012-10-02,90.37,99.46,311,274,0.0152,,EA,IMP
FENGYUN 1C DEB,1999-025BNS,31284,DEB,,PRC,1999-05-10,TAISC,,102.98,99.73,1004,795,0.0170,,EA,ORB
FENGYUN 1C DEB,1999-025BNT,31285,DEB,,PRC,1999-05-10,TAISC,,100.96,98.54,947,661,0.0166,,EA,ORB
FENGYUN 1C DEB,1999-025BNU,31286,DEB,,PRC,1999-05-10,TAISC,,101.01,100.86,862,750,0.0143,,EA,ORB
FENGYUN 1C DEB,1999-025BNV,31287,DEB,,PRC,1999-05-10,TAISC,,100.72,99.39,813,773,0.0060,,EA,ORB
FENGYUN 1C DEB,1999-025BNW,31288,DEB,D,PRC,1999-05-10,TAISC,2026-07-05,91.99,98.72,382,362,0.0044,,EA,IMP
FENGYUN 1C DEB,1999-025BNX,31289,DEB,D,PRC,1999-05-10,TAISC,2023-05-16,89.20,97.30,244,225,0.0163,,EA,IMP
FENGYUN 1C DEB,1999-025BNY,31290,DEB,D,PRC,1999-05-10,TAISC,2024-04-17,90.93,101.88,339,301,0.0150,,EA,IMP
FENGYUN 1C DEB,1999-025BNZ,31291,DEB,D,PRC,1999-05-10,TAISC,2024-11-13,93.14,98.61,435,421,0.0166,,EA,IMP
FENGYUN 1C DEB,1999-025BPA,31292,DEB,D,PRC,1999-05-10,TAISC,2024-11-19,90.97,98.99,334,311,0.0070,,EA,IMP
FENGYUN 1C DEB,1999-025BPB,31293,DEB,,PRC,1999-05-10,TAISC,,100.64,98.42,878,699,0.0058,,EA,ORB
FENGYUN 1C DEB,1999-025BPC,31294,DEB,,PRC,1999-05-10,TAISC,,101.72,98.56,911,768,0.0162,,EA,ORB
FENGYUN 1C DEB,1999-025BPD,31295,DEB,,PRC,1999-05-10,TAISC,,103.08,98.33,960,849,0.0093,,EA,ORB
FENGYUN 1C DEB,1999-025BPE,31296,DEB,,PRC,1999-05-10,TAISC,,96.65,99.06,611,586,0.0055,,EA,ORB
FENGYUN 1C DEB,1999-025BPF,31297,DEB,,PRC,1999-05-10,TAISC,,98.77,98.97,798,602,0.0031,,EA,ORB
FENGYUN 1C DEB,1999-025BPG,31298,DEB,D,PRC,1999-05-10,TAISC,2022-01-29,88.76,98.94,220,206,0.0032,,EA,IMP
FENGYUN 1C DEB,1999-025BPH,31299,DEB,D,PRC,1999-05-10,TAISC,2022-11-01,89.39,96.85,257,232,0.0012,,EA,IMP
FENGYUN 1C DEB,1999-025BPJ,31300,DEB,,PRC,1999-05-10,TAISC,,101.67,99.54,882,794,0.0165,,EA,ORB
FENGYUN 1C DEB,1999-025BPK,31301,DEB,D,PRC,1999-05-10,TAISC,2011-04-15,91.37,97.59,364,319,0.0088,,EA,IMP
FENGYUN 1C DEB,1999-025BPL,31302,DEB,,PRC,1999-05-10,TAISC,,100.77,99.40,815,775,0.0044,,EA,ORB
FENGYUN 1C DEB,1999-025BPM,31303,DEB,,PRC,1999-05-10,TAISC,,102.05,98.69,864,847,0.0035,,EA,ORB
FENGYUN 1C DEB,1999-025BPN,31310,DEB,,PRC,1999-05-10,TAISC,,101.33,98.89,887,756,0.0104,,EA,ORB
FENGYUN 1C DEB,1999-025BPP,31311,DEB,,PRC,1999-05-10,TAISC,,100.58,98.84,800,773,0.0174,,EA,ORB
FENGYUN 1C DEB,1999-025BPQ,31312,DEB,,PRC,1999-05-10,TAISC,,102.77,98.87,931,848,0.0163,,EA,ORB
FENGYUN 1C DEB,1999-025BPR,31313,DEB,,PRC,1999-05-10,TAISC,,101.22,99.00,849,785,0.0159,,EA,ORB
FENGYUN 1C DEB,1999-025BPS,31314,DEB,,PRC,1999-05-10,TAISC,,102.48,98.84,934,819,0.0060,,EA,ORB
FENGYUN 1C DEB,1999-025BPT,31315,DEB,D,PRC,1999-05-10,TAISC,2012-04-21,89.61,98.28,285,225,0.0117,,EA,IMP
FENGYUN 1C DEB,1999-025BPU,31316,DEB,,PRC,1999-05-10,TAISC,,101.98,98.91,937,768,0.0155,,EA,ORB
FENGYUN 1C DEB,1999-025BPV,31317,DEB,D,PRC,1999-05-10,TAISC,2023-05-11,96.43,99.34,615,560,0.0163,,EA,IMP
FENGYUN 1C DEB,1999-025BPW,31318,DEB,,PRC,1999-05-10,TAISC,,101.11,99.02,887,735,0.0063,,EA,ORB
FENGYUN 1C DEB,1999-025BPX,31319,DEB,,PRC,1999-05-10,TAISC,,104.66,98.80,1104,853,0.0019,,EA,ORB
FENGYUN 1C DEB,1999-025BPY,31320,DEB,,PRC,1999-05-10,TAISC,,101.21,98.30,890,742,0.0116,,EA,ORB
FENGYUN 1C DEB,1999-025BPZ,31321,DEB,,PRC,1999-05-10,TAISC,,101.84,98.72,867,824,0.0097,,EA,ORB
FENGYUN 1C DEB,1999-025BQA,31322,DEB,,PRC,1999-05-10,TAISC,,104.87,98.54,1165,812,0.0163,,EA,ORB
FENGYUN 1C DEB,1999-025BQB,31323,DEB,,PRC,1999-05-10,TAISC,,100.76,99.40,818,772,0.0089,,EA,ORB
FENGYUN 1C DEB,1999-025BQC,31324,DEB,,PRC,1999-05-10,TAISC,,101.78,99.13,879,807,0.0156,,EA,ORB
FENGYUN 1C DEB,1999-025BQD,31325,DEB,,PRC,1999-05-10,TAISC,,101.51,98.99,880,780,0.0097,,EA,ORB
FENGYUN 1C DEB,1999-025BQE,31326,DEB,D,PRC,1999-05-10,TAISC,2026-03-15,92.60,99.00,410,394,0.0055,,EA,IMP
FENGYUN 1C DEB,1999-025BQF,31327,DEB,,PRC,1999-05-10,TAISC,,94.50,98.96,539,450,0.0113,,EA,ORB
FENGYUN 1C DEB,1999-025BQG,31328,DEB,,PRC,1999-05-10,TAISC,,100.77,98.51,869,720,0.0118,,EA,ORB
FENGYUN 1C DEB,1999-025BQH,31329,DEB,,PRC,1999-05-10,TAISC,,97.88,98.91,694,621,0.0128,,EA,ORB
FENGYUN 1C DEB,1999-025BQJ,31330,DEB,D,PRC,1999-05-10,TAISC,2026-02-10,90.96,98.85,335,308,0.0208,,EA,IMP
FENGYUN 1C DEB,1999-025BQK,31331,DEB,,PRC,1999-05-10,TAISC,,102.80,98.87,930,852,0.0139,,EA,ORB
FENGYUN 1C DEB,1999-025BQL,31332,DEB,,PRC,1999-05-10,TAISC,,101.94,98.70,887,814,0.0080,,EA,ORB
FENGYUN 1C DEB,1999-025BQM,31333,DEB,,PRC,1999-05-10,TAISC,,100.89,98.42,871,730,0.0131,,EA,ORB
FENGYUN 1C DEB,1999-025BQN,31334,DEB,,PRC,1999-05-10,TAISC,,101.40,99.07,877,773,0.0118,,EA,ORB
FENGYUN 1C DEB,1999-025BQP,31335,DEB,D,PRC,1999-05-10,TAISC,2021-03-25,91.11,98.75,340,318,0.0044,,EA,IMP
FENGYUN 1C DEB,1999-025BQQ,31336,DEB,,PRC,1999-05-10,TAISC,,100.06,98.43,828,694,0.0020,,EA,ORB
FENGYUN 1C DEB,1999-025BQR,31337,DEB,D,PRC,1999-05-10,TAISC,2024-09-14,96.26,99.42,591,568,0.0132,,EA,IMP
FENGYUN 1C DEB,1999-025BQS,31338,DEB,,PRC,1999-05-10,TAISC,,101.19,98.71,866,763,0.0113,,EA,ORB
FENGYUN 1C DEB,1999-025BQT,31339,DEB,,PRC,1999-05-10,TAISC,,101.92,98.70,902,796,0.0167,,EA,ORB
FENGYUN 1C DEB,1999-025BQU,31340,DEB,,PRC,1999-05-10,TAISC,,100.86,98.95,821,778,0.0123,,EA,ORB
FENGYUN 1C DEB,1999-025BQV,31341,DEB,,PRC,1999-05-10,TAISC,,98.92,99.54,742,671,0.0062,,EA,ORB
FENGYUN 1C DEB,1999-025BQW,31342,DEB,,PRC,1999-05-10,TAISC,,100.21,98.97,848,689,0.0163,,EA,ORB
FENGYUN 1C DEB,1999-025BQX,31343,DEB,D,PRC,1999-05-10,TAISC,2013-12-13,98.55,98.86,801,577,0.0105,,EA,IMP
FENGYUN 1C DEB,1999-025BQY,31344,DEB,D,PRC,1999-05-10,TAISC,2019-05-18,94.84,99.40,517,505,0.0122,,EA,IMP
FENGYUN 1C DEB,1999-025BQZ,31345,DEB,,PRC,1999-05-10,TAISC,,101.88,98.09,899,797,0.0114,,EA,ORB
FENGYUN 1C DEB,1999-025BRA,31346,DEB,,PRC,1999-05-10,TAISC,,94.73,98.88,568,443,0.0170,,EA,ORB
FENGYUN 1C DEB,1999-025BRB,31347,DEB,D,PRC,1999-05-10,TAISC,2024-08-19,100.34,98.52,888,661,0.0114,,EA,IMP
FENGYUN 1C DEB,1999-025BRC,31348,DEB,,PRC,1999-05-10,TAISC,,100.30,99.14,798,748,0.0175,,EA,ORB
FENGYUN 1C DEB,1999-025BRD,31349,DEB,,PRC,1999-05-10,TAISC,,102.44,99.26,924,825,0.0162,,EA,ORB
FENGYUN 1C DEB,1999-025BRE,31350,DEB,,PRC,1999-05-10,TAISC,,100.31,98.97,821,726,0.0142,,EA,ORB
FENGYUN 1C DEB,1999-025BRF,31351,DEB,,PRC,1999-05-10,TAISC,,102.33,98.82,937,801,0.0137,,EA,ORB
FENGYUN 1C DEB,1999-025BRG,31352,DEB,D,PRC,1999-05-10,TAISC,2023-03-27,100.75,99.26,927,661,0.0036,,EA,IMP
FENGYUN 1C DEB,1999-025BRH,31353,DEB,,PRC,1999-05-10,TAISC,,100.66,99.00,953,627,0.0160,,EA,ORB
FENGYUN 1C DEB,1999-025BRJ,31354,DEB,D,PRC,1999-05-10,TAISC,2016-03-15,100.86,98.37,987,612,0.0123,,EA,IMP
FENGYUN 1C DEB,1999-025BRK,31355,DEB,D,PRC,1999-05-10,TAISC,2025-10-19,90.32,98.83,301,279,0.0025,,EA,IMP
FENGYUN 1C DEB,1999-025BRL,31356,DEB,,PRC,1999-05-10,TAISC,,97.11,98.65,639,602,0.0132,,EA,ORB
FENGYUN 1C DEB,1999-025BRM,31357,DEB,,PRC,1999-05-10,TAISC,,101.51,98.59,865,795,0.0086,,EA,ORB
FENGYUN 1C DEB,1999-025BRN,31358,DEB,D,PRC,1999-05-10,TAISC,2026-02-07,90.24,98.86,298,275,0.0031,,EA,IMP
FENGYUN 1C DEB,1999-025BRP,31359,DEB,,PRC,1999-05-10,TAISC,,101.13,99.08,862,762,0.0139,,EA,ORB
FENGYUN 1C DEB,1999-025BRQ,31360,DEB,,PRC,1999-05-10,TAISC,,101.77,97.99,914,771,0.0155,,EA,ORB
FENGYUN 1C DEB,1999-025BRR,31361,DEB,,PRC,1999-05-10,TAISC,,101.56,98.58,866,799,0.0108,,EA,ORB
FENGYUN 1C DEB,1999-025BRS,31362,DEB,,PRC,1999-05-10,TAISC,,101.58,98.67,848,820,0.0157,,EA,ORB
FENGYUN 1C DEB,1999-025BRT,31363,DEB,,PRC,1999-05-10,TAISC,,102.86,98.48,1007,781,0.0106,,EA,ORB
FENGYUN 1C DEB,1999-025BRU,31364,DEB,,PRC,1999-05-10,TAISC,,101.62,99.27,902,769,0.0147,,EA,ORB
FENGYUN 1C DEB,1999-025BRV,31365,DEB,,PRC,1999-05-10,TAISC,,99.68,98.67,773,714,0.0145,,EA,ORB
FENGYUN 1C DEB,1999-025BRW,31366,DEB,D,PRC,1999-05-10,TAISC,2025-01-05,91.15,98.81,342,320,0.0043,,EA,IMP
FENGYUN 1C DEB,1999-025BRX,31367,DEB,,PRC,1999-05-10,TAISC,,99.42,98.73,800,662,0.0130,,EA,ORB
FENGYUN 1C DEB,1999-025BRY,31368,DEB,,PRC,1999-05-10,TAISC,,101.03,99.13,840,775,0.0096,,EA,ORB
FENGYUN 1C DEB,1999-025BRZ,31369,DEB,,PRC,1999-05-10,TAISC,,101.43,98.64,866,787,0.0125,,EA,ORB
FENGYUN 1C DEB,1999-025BSA,31370,DEB,,PRC,1999-05-10,TAISC,,102.13,98.76,883,836,0.0111,,EA,ORB
FENGYUN 1C DEB,1999-025BSB,31371,DEB,,PRC,1999-05-10,TAISC,,102.49,98.74,932,821,0.0190,,EA,ORB
FENGYUN 1C DEB,1999-025BSC,31372,DEB,,PRC,1999-05-10,TAISC,,100.82,99.38,822,773,0.0191,,EA,ORB
FENGYUN 1C DEB,1999-025BSD,31373,DEB,D,PRC,1999-05-10,TAISC,2014-09-12,93.68,97.73,475,434,0.0130,,EA,IMP
FENGYUN 1C DEB,1999-025BSE,31374,DEB,,PRC,1999-05-10,TAISC,,100.18,99.64,865,669,0.0179,,EA,ORB
FENGYUN 1C DEB,1999-025BSF,31375,DEB,D,PRC,1999-05-10,TAISC,2012-01-06,89.63,98.55,272,240,0.0116,,EA,IMP
FENGYUN 1C DEB,1999-025BSG,31376,DEB,,PRC,1999-05-10,TAISC,,98.20,98.84,704,642,0.0173,,EA,ORB
FENGYUN 1C DEB,1999-025BSH,31377,DEB,D,PRC,1999-05-10,TAISC,2021-10-21,100.16,98.94,845,687,0.0066,,EA,IMP
FENGYUN 1C DEB,1999-025BSJ,31378,DEB,,PRC,1999-05-10,TAISC,,104.31,100.74,1085,839,0.0167,,EA,ORB
FENGYUN 1C DEB,1999-025BSK,31379,DEB,D,PRC,1999-05-10,TAISC,2022-03-19,91.95,99.45,383,358,0.0120,,EA,IMP
FENGYUN 1C DEB,1999-025BSL,31380,DEB,D,PRC,1999-05-10,TAISC,2023-08-10,97.19,96.55,682,566,0.0117,,EA,IMP
FENGYUN 1C DEB,1999-025BSM,31381,DEB,,PRC,1999-05-10,TAISC,,100.15,98.48,905,626,0.0165,,EA,ORB
FENGYUN 1C DEB,1999-025BSN,31382,DEB,D,PRC,1999-05-10,TAISC,2022-12-02,97.45,96.92,664,609,0.0128,,EA,IMP
FENGYUN 1C DEB,1999-025BSP,31383,DEB,,PRC,1999-05-10,TAISC,,102.40,99.04,950,795,0.0145,,EA,ORB
FENGYUN 1C DEB,1999-025BSQ,31384,DEB,,PRC,1999-05-10,TAISC,,103.72,98.47,1252,618,0.0055,,EA,ORB
FENGYUN 1C DEB,1999-025BSR,31385,DEB,,PRC,1999-05-10,TAISC,,99.70,98.96,840,649,0.0082,,EA,ORB
FENGYUN 1C DEB,1999-025BSS,31386,DEB,,PRC,1999-05-10,TAISC,,103.80,98.44,1081,795,0.0099,,EA,ORB
FENGYUN 1C DEB,1999-025BST,31387,DEB,,PRC,1999-05-10,TAISC,,101.85,99.14,1020,672,0.0117,,EA,ORB
FENGYUN 1C DEB,1999-025BSU,31388,DEB,,PRC,1999-05-10,TAISC,,102.31,98.83,901,834,0.0022,,EA,ORB
FENGYUN 1C DEB,1999-025BSV,31389,DEB,,PRC,1999-05-10,TAISC,,97.83,99.04,673,637,0.0150,,EA,ORB
FENGYUN 1C DEB,1999-025BSW,31410,DEB,,PRC,1999-05-10,TAISC,,99.58,98.86,815,662,0.0118,,EA,ORB
FENGYUN 1C DEB,1999-025BSX,31411,DEB,,PRC,1999-05-10,TAISC,,100.81,98.64,869,725,0.0119,,EA,ORB
FENGYUN 1C DEB,1999-025BSY,31412,DEB,,PRC,1999-05-10,TAISC,,102.05,98.56,916,795,0.0056,,EA,ORB
FENGYUN 1C DEB,1999-025BSZ,31413,DEB,,PRC,1999-05-10,TAISC,,100.95,98.70,856,752,0.0107,,EA,ORB
FENGYUN 1C DEB,1999-025BTA,31414,DEB,D,PRC,1999-05-10,TAISC,2025-01-19,99.32,98.60,774,678,0.0102,,EA,IMP
FENGYUN 1C DEB,1999-025BTB,31415,DEB,,PRC,1999-05-10,TAISC,,100.55,99.66,830,740,0.0154,,EA,ORB
FENGYUN 1C DEB,1999-025BTC,31416,DEB,,PRC,1999-05-10,TAISC,,99.92,99.02,849,661,0.0128,,EA,ORB
FENGYUN 1C DEB,1999-025BTD,31417,DEB,D,PRC,1999-05-10,TAISC,2024-03-07,91.41,99.00,363,325,0.0116,,EA,IMP
FENGYUN 1C DEB,1999-025BTE,31418,DEB,,PRC,1999-05-10,TAISC,,98.43,99.15,702,665,0.0168,,EA,ORB
FENGYUN 1C DEB,1999-025BTF,31419,DEB,,PRC,1999-05-10,TAISC,,97.59,98.79,670,617,0.0081,,EA,ORB
FENGYUN 1C DEB,1999-025BTG,31420,DEB,,PRC,1999-05-10,TAISC,,99.89,97.53,848,658,0.0060,,EA,ORB
FENGYUN 1C DEB,1999-025BTH,31421,DEB,,PRC,1999-05-10,TAISC,,101.39,98.97,870,779,0.0086,,EA,ORB
FENGYUN 1C DEB,1999-025BTJ,31422,DEB,,PRC,1999-05-10,TAISC,,102.13,98.77,884,835,0.0137,,EA,ORB
FENGYUN 1C DEB,1999-025BTK,31423,DEB,,PRC,1999-05-10,TAISC,,101.19,98.61,841,789,0.0136,,EA,ORB
FENGYUN 1C DEB,1999-025BTL,31424,DEB,,PRC,1999-05-10,TAISC,,102.23,98.45,933,796,0.0116,,EA,ORB
FENGYUN 1C DEB,1999-025BTM,31425,DEB,,PRC,1999-05-10,TAISC,,103.03,98.79,961,842,0.0035,,EA,ORB
FENGYUN 1C DEB,1999-025BTN,31426,DEB,,PRC,1999-05-10,TAISC,,103.49,98.60,1158,689,0.0091,,EA,ORB
FENGYUN 1C DEB,1999-025BTP,31427,DEB,,PRC,1999-05-10,TAISC,,98.33,98.68,698,660,0.0042,,EA,ORB
FENGYUN 1C DEB,1999-025BTQ,31428,DEB,,PRC,1999-05-10,TAISC,,99.77,99.06,793,702,0.0112,,EA,ORB
FENGYUN 1C DEB,1999-025BTR,31429,DEB,,PRC,1999-05-10,TAISC,,101.16,98.67,824,803,0.0025,,EA,ORB
FENGYUN 1C DEB,1999-025BTS,31430,DEB,,PRC,1999-05-10,TAISC,,100.94,98.72,822,784,0.0120,,EA,ORB
FENGYUN 1C DEB,1999-025BTT,31431,DEB,,PRC,1999-05-10,TAISC,,102.56,98.52,976,783,0.0051,,EA,ORB
FENGYUN 1C DEB,1999-025BTU,31432,DEB,D,PRC,1999-05-10,TAISC,2021-02-20,89.18,99.01,238,230,0.0019,,EA,IMP
FENGYUN 1C DEB,1999-025BTV,31433,DEB,,PRC,1999-05-10,TAISC,,100.85,98.40,869,729,0.0063,,EA,ORB
FENGYUN 1C DEB,1999-025BTW,31434,DEB,D,PRC,1999-05-10,TAISC,2024-07-08,90.24,98.97,306,266,0.0030,,EA,IMP
FENGYUN 1C DEB,1999-025BTX,31435,DEB,,PRC,1999-05-10,TAISC,,99.05,99.04,819,608,0.0068,,EA,ORB
FENGYUN 1C DEB,1999-025BTY,31436,DEB,,PRC,1999-05-10,TAISC,,93.45,98.86,459,428,0.0104,,EA,ORB
FENGYUN 1C DEB,1999-025BTZ,31437,DEB,,PRC,1999-05-10,TAISC,,99.59,98.86,749,729,0.0091,,EA,ORB
FENGYUN 1C DEB,1999-025BUA,31438,DEB,D,PRC,1999-05-10,TAISC,2011-11-04,90.99,98.83,340,306,0.0039,,EA,IMP
FENGYUN 1C DEB,1999-025BUB,31439,DEB,,PRC,1999-05-10,TAISC,,103.15,98.92,1007,808,0.0163,,EA,ORB
FENGYUN 1C DEB,1999-025BUC,31440,DEB,,PRC,1999-05-10,TAISC,,100.07,98.74,788,736,0.0037,,EA,ORB
FENGYUN 1C DEB,1999-025BUD,31441,DEB,,PRC,1999-05-10,TAISC,,95.96,99.28,605,525,0.0009,,EA,ORB
FENGYUN 1C DEB,1999-025BUE,31442,DEB,,PRC,1999-05-10,TAISC,,100.39,98.52,833,721,0.0116,,EA,ORB
FENGYUN 1C DEB,1999-025BUF,31443,DEB,,PRC,1999-05-10,TAISC,,99.20,99.22,852,589,0.0134,,EA,ORB
FENGYUN 1C DEB,1999-025BUG,31444,DEB,,PRC,1999-05-10,TAISC,,97.44,98.94,674,598,0.0099,,EA,ORB
FENGYUN 1C DEB,1999-025BUH,31445,DEB,D,PRC,1999-05-10,TAISC,2024-01-23,90.16,98.84,287,278,0.0074,,EA,IMP
FENGYUN 1C DEB,1999-025BUJ,31446,DEB,D,PRC,1999-05-10,TAISC,2023-06-25,100.28,98.68,820,724,0.0120,,EA,IMP
FENGYUN 1C DEB,1999-025BUK,31447,DEB,,PRC,1999-05-10,TAISC,,101.10,98.96,976,646,0.0174,,EA,ORB
FENGYUN 1C DEB,1999-025BUL,31448,DEB,,PRC,1999-05-10,TAISC,,100.80,98.50,838,755,0.0130,,EA,ORB
FENGYUN 1C DEB,1999-025BUM,31449,DEB,,PRC,1999-05-10,TAISC,,100.42,98.52,881,676,0.0078,,EA,ORB
FENGYUN 1C DEB,1999-025BUN,31450,DEB,D,PRC,1999-05-10,TAISC,2024-04-18,89.56,98.50,276,230,0.0129,,EA,IMP
FENGYUN 1C DEB,1999-025BUP,31451,DEB,,PRC,1999-05-10,TAISC,,101.84,98.74,868,824,0.0157,,EA,ORB
FENGYUN 1C DEB,1999-025BUQ,31452,DEB,,PRC,1999-05-10,TAISC,,101.73,98.68,870,811,0.0061,,EA,ORB
FENGYUN 1C DEB,1999-025BUR,31453,DEB,D,PRC,1999-05-10,TAISC,2015-12-23,99.05,98.80,789,637,0.0080,,EA,IMP
FENGYUN 1C DEB,1999-025BUS,31454,DEB,D,PRC,1999-05-10,TAISC,2007-05-31,88.02,98.58,212,141,0.0008,,EA,IMP
FENGYUN 1C DEB,1999-025BUT,31455,DEB,,PRC,1999-05-10,TAISC,,102.00,98.60,1011,696,0.0178,,EA,ORB
FENGYUN 1C DEB,1999-025BUU,31456,DEB,,PRC,1999-05-10,TAISC,,99.74,98.59,793,700,0.0119,,EA,ORB
FENGYUN 1C DEB,1999-025BUV,31457,DEB,D,PRC,1999-05-10,TAISC,2023-05-11,91.67,99.01,377,336,0.0151,,EA,IMP
FENGYUN 1C DEB,1999-025BUW,31458,DEB,,PRC,1999-05-10,TAISC,,98.94,99.21,767,649,0.0136,,EA,ORB
FENGYUN 1C DEB,1999-025BUX,31459,DEB,,PRC,1999-05-10,TAISC,,99.56,98.16,803,672,0.0097,,EA,ORB
FENGYUN 1C DEB,1999-025BUY,31460,DEB,D,PRC,1999-05-10,TAISC,2014-11-07,89.61,98.27,260,250,0.0063,,EA,IMP
FENGYUN 1C DEB,1999-025BUZ,31461,DEB,D,PRC,1999-05-10,TAISC,2014-04-24,94.01,97.64,511,431,0.0140,,EA,IMP
FENGYUN 1C DEB,1999-025BVA,31462,DEB,,PRC,1999-05-10,TAISC,,101.89,98.68,871,826,0.0138,,EA,ORB
FENGYUN 1C DEB,1999-025BVB,31463,DEB,,PRC,1999-05-10,TAISC,,100.16,99.10,917,615,0.0110,,EA,ORB
FENGYUN 1C DEB,1999-025BVC,31464,DEB,,PRC,1999-05-10,TAISC,,101.93,98.76,881,819,0.0009,,EA,ORB
FENGYUN 1C DEB,1999-025BVD,31465,DEB,,PRC,1999-05-10,TAISC,,102.28,98.62,955,777,0.0159,,EA,ORB
FENGYUN 1C DEB,1999-025BVE,31466,DEB,,PRC,1999-05-10,TAISC,,101.50,99.10,1045,614,0.0069,,EA,ORB
FENGYUN 1C DEB,1999-025BVF,31467,DEB,,PRC,1999-05-10,TAISC,,102.77,98.58,1002,778,0.0143,,EA,ORB
FENGYUN 1C DEB,1999-025BVG,31468,DEB,,PRC,1999-05-10,TAISC,,99.48,98.18,851,616,0.0079,,EA,ORB
FENGYUN 1C DEB,1999-025BVH,31469,DEB,D,PRC,1999-05-10,TAISC,2011-03-02,90.80,98.74,339,289,0.0137,,EA,IMP
FENGYUN 1C DEB,1999-025BVJ,31470,DEB,D,PRC,1999-05-10,TAISC,2012-07-06,93.38,100.09,455,425,0.0092,,EA,IMP
FENGYUN 1C DEB,1999-025BVK,31471,DEB,,PRC,1999-05-10,TAISC,,101.64,97.96,943,730,0.0174,,EA,ORB
FENGYUN 1C DEB,1999-025BVL,31472,DEB,D,PRC,1999-05-10,TAISC,2014-10-30,90.19,99.53,299,269,0.0159,,EA,IMP
FENGYUN 1C DEB,1999-025BVM,31473,DEB,,PRC,1999-05-10,TAISC,,100.60,98.52,833,742,0.0009,,EA,ORB
FENGYUN 1C DEB,1999-025BVN,31474,DEB,,PRC,1999-05-10,TAISC,,102.01,99.13,904,803,0.0144,,EA,ORB
FENGYUN 1C DEB,1999-025BVP,31475,DEB,,PRC,1999-05-10,TAISC,,100.03,98.92,909,611,0.0130,,EA,ORB
FENGYUN 1C DEB,1999-025BVQ,31476,DEB,,PRC,1999-05-10,TAISC,,101.16,98.89,851,776,0.0035,,EA,ORB
FENGYUN 1C DEB,1999-025BVR,31477,DEB,,PRC,1999-05-10,TAISC,,102.63,98.91,964,803,0.0137,,EA,ORB
FENGYUN 1C DEB,1999-025BVS,31478,DEB,D,PRC,1999-05-10,TAISC,2024-09-23,92.81,102.55,416,408,0.0085,,EA,IMP
FENGYUN 1C DEB,1999-025BVT,31479,DEB,D,PRC,1999-05-10,TAISC,2008-01-04,90.63,99.00,340,270,0.0047,,EA,IMP
FENGYUN 1C DEB,1999-025BVU,31480,DEB,,PRC,1999-05-10,TAISC,,103.43,98.33,1167,675,0.0105,,EA,ORB
FENGYUN 1C DEB,1999-025BVV,31481,DEB,D,PRC,1999-05-10,TAISC,2023-03-20,93.74,99.21,471,444,0.0118,,EA,IMP
FENGYUN 1C DEB,1999-025BVW,31482,DEB,,PRC,1999-05-10,TAISC,,100.24,98.39,832,708,0.0153,,EA,ORB
FENGYUN 1C DEB,1999-025BVX,31483,DEB,,PRC,1999-05-10,TAISC,,101.51,102.51,912,748,0.0174,,EA,ORB
FENGYUN 1C DEB,1999-025BVY,31484,DEB,,PRC,1999-05-10,TAISC,,98.55,101.81,739,640,0.0108,,EA,ORB
FENGYUN 1C DEB,1999-025BVZ,31485,DEB,,PRC,1999-05-10,TAISC,,107.36,102.71,1435,774,0.0145,,EA,ORB
FENGYUN 1C DEB,1999-025BWA,31486,DEB,D,PRC,1999-05-10,TAISC,2025-11-23,93.33,102.23,448,428,0.0161,,EA,IMP
FENGYUN 1C DEB,1999-025BWB,31487,DEB,,PRC,1999-05-10,TAISC,,102.96,102.41,985,812,0.0136,,EA,ORB
FENGYUN 1C DEB,1999-025BWC,31488,DEB,D,PRC,1999-05-10,TAISC,2024-09-02,95.41,102.64,561,516,0.0126,,EA,IMP
FENGYUN 1C DEB,1999-025BWD,31489,DEB,D,PRC,1999-05-10,TAISC,2007-05-23,89.75,99.72,306,218,0.1000,,EA,IMP
FENGYUN 1C DEB,1999-025BWE,31491,DEB,,PRC,1999-05-10,TAISC,,101.50,99.30,866,794,0.0079,,EA,ORB
FENGYUN 1C DEB,1999-025BWF,31492,DEB,,PRC,1999-05-10,TAISC,,97.18,98.86,658,589,0.0039,,EA,ORB
FENGYUN 1C DEB,1999-025BWG,31493,DEB,,PRC,1999-05-10,TAISC,,103.34,100.15,1001,832,0.0122,,EA,ORB
FENGYUN 1C DEB,1999-025BWH,31494,DEB,,PRC,1999-05-10,TAISC,,98.21,99.59,684,662,0.0107,,EA,ORB
FENGYUN 1C DEB,1999-025BWJ,31495,DEB,,PRC,1999-05-10,TAISC,,100.66,99.10,807,773,0.0132,,EA,ORB
FENGYUN 1C DEB,1999-025BWK,31496,DEB,D,PRC,1999-05-10,TAISC,2023-01-27,91.62,99.10,377,331,0.0126,,EA,IMP
FENGYUN 1C DEB,1999-025BWL,31497,DEB,,PRC,1999-05-10,TAISC,,100.03,98.39,879,641,0.0119,,EA,ORB
FENGYUN 1C DEB,1999-025BWM,31498,DEB,,PRC,1999-05-10,TAISC,,104.49,98.50,1129,813,0.0094,,EA,ORB
FENGYUN 1C DEB,1999-025BWN,31499,DEB,,PRC,1999-05-10,TAISC,,102.54,97.66,1064,694,0.0138,,EA,ORB
FENGYUN 1C DEB,1999-025BWP,31500,DEB,D,PRC,1999-05-10,TAISC,2022-07-20,89.78,98.86,288,239,0.0154,,EA,IMP
FENGYUN 1C DEB,1999-025BWQ,31501,DEB,,PRC,1999-05-10,TAISC,,101.68,98.86,871,805,0.0119,,EA,ORB
FENGYUN 1C DEB,1999-025BWR,31502,DEB,,PRC,1999-05-10,TAISC,,101.70,99.08,889,790,0.0056,,EA,ORB
FENGYUN 1C DEB,1999-025BWS,31503,DEB,,PRC,1999-05-10,TAISC,,101.16,100.08,848,779,0.0120,,EA,ORB
FENGYUN 1C DEB,1999-025BWT,31504,DEB,D,PRC,1999-05-10,TAISC,2024-02-28,95.20,101.51,567,489,0.0132,,EA,IMP
FENGYUN 1C DEB,1999-025BWU,31505,DEB,D,PRC,1999-05-10,TAISC,2025-07-18,91.90,101.87,382,354,0.0052,,EA,IMP
FENGYUN 1C DEB,1999-025BWV,31506,DEB,D,PRC,1999-05-10,TAISC,2007-10-02,93.27,99.47,614,255,0.0016,,EA,IMP
FENGYUN 1C DEB,1999-025BWW,31507,DEB,,PRC,1999-05-10,TAISC,,99.10,98.17,798,634,0.0155,,EA,ORB
FENGYUN 1C DEB,1999-025BWX,31508,DEB,,PRC,1999-05-10,TAISC,,97.98,98.64,682,642,0.0044,,EA,ORB
FENGYUN 1C DEB,1999-025BWY,31509,DEB,,PRC,1999-05-10,TAISC,,103.14,99.04,1047,767,0.0095,,EA,ORB
FENGYUN 1C DEB,1999-025BWZ,31510,DEB,,PRC,1999-05-10,TAISC,,101.05,98.56,835,782,0.0139,,EA,ORB
FENGYUN 1C DEB,1999-025BXA,31511,DEB,,PRC,1999-05-10,TAISC,,100.77,99.08,871,719,0.0007,,EA,ORB
FENGYUN 1C DEB,1999-025BXB,31512,DEB,,PRC,1999-05-10,TAISC,,99.67,98.78,845,641,0.0154,,EA,ORB
FENGYUN 1C DEB,1999-025BXC,31513,DEB,,PRC,1999-05-10,TAISC,,100.35,98.86,796,754,0.0124,,EA,ORB
FENGYUN 1C DEB,1999-025BXD,31514,DEB,,PRC,1999-05-10,TAISC,,101.23,99.24,855,779,0.0107,,EA,ORB
FENGYUN 1C DEB,1999-025BXE,31515,DEB,,PRC,1999-05-10,TAISC,,102.04,98.89,895,815,0.0149,,EA,ORB
FENGYUN 1C DEB,1999-025BXF,31516,DEB,,PRC,1999-05-10,TAISC,,100.99,98.86,911,700,0.0105,,EA,ORB
FENGYUN 1C DEB,1999-025BXG,31517,DEB,D,PRC,1999-05-10,TAISC,2017-07-05,99.62,99.22,830,650,0.0134,,EA,IMP
FENGYUN 1C DEB,1999-025BXH,31518,DEB,,PRC,1999-05-10,TAISC,,102.36,99.17,941,800,0.0129,,EA,ORB
FENGYUN 1C DEB,1999-025BXJ,31519,DEB,,PRC,1999-05-10,TAISC,,101.13,98.59,849,776,0.0005,,EA,ORB
FENGYUN 1C DEB,1999-025BXK,31520,DEB,D,PRC,1999-05-10,TAISC,2025-01-26,100.18,98.86,771,763,0.0168,,EA,IMP
FENGYUN 1C DEB,1999-025BXL,31521,DEB,D,PRC,1999-05-10,TAISC,2022-10-02,99.78,98.67,800,696,0.0101,,EA,IMP
FENGYUN 1C DEB,1999-025BXM,31522,DEB,,PRC,1999-05-10,TAISC,,102.54,98.70,909,848,0.0096,,EA,ORB
FENGYUN 1C DEB,1999-025BXN,31523,DEB,,PRC,1999-05-10,TAISC,,101.85,98.72,875,818,0.0140,,EA,ORB
FENGYUN 1C DEB,1999-025BXP,31524,DEB,,PRC,1999-05-10,TAISC,,102.30,99.25,1068,667,0.0127,,EA,ORB
FENGYUN 1C DEB,1999-025BXQ,31525,DEB,D,PRC,1999-05-10,TAISC,2012-03-21,91.89,97.83,410,324,0.0091,,EA,IMP
FENGYUN 1C DEB,1999-025BXR,31526,DEB,D,PRC,1999-05-10,TAISC,2020-09-01,100.41,99.19,857,699,0.0105,,EA,IMP
FENGYUN 1C DEB,1999-025BXS,31527,DEB,,PRC,1999-05-10,TAISC,,108.79,98.93,1510,832,0.0137,,EA,ORB
FENGYUN 1C DEB,1999-025BXT,31528,DEB,D,PRC,1999-05-10,TAISC,2011-10-18,91.59,99.36,412,293,0.0093,,EA,IMP
FENGYUN 1C DEB,1999-025BXU,31529,DEB,,PRC,1999-05-10,TAISC,,101.27,98.83,856,782,0.0167,,EA,ORB
FENGYUN 1C DEB,1999-025BXV,31530,DEB,D,PRC,1999-05-10,TAISC,2024-09-08,99.05,99.37,780,647,0.0120,,EA,IMP
FENGYUN 1C DEB,1999-025BXW,31531,DEB,,PRC,1999-05-10,TAISC,,100.21,98.36,939,597,0.0113,,EA,ORB
FENGYUN 1C DEB,1999-025BXX,31532,DEB,D,PRC,1999-05-10,TAISC,2024-09-23,95.82,99.15,584,533,0.0195,,EA,IMP
FENGYUN 1C DEB,1999-025BXY,31533,DEB,,PRC,1999-05-10,TAISC,,100.84,98.94,845,751,0.0107,,EA,ORB
FENGYUN 1C DEB,1999-025BXZ,31534,DEB,,PRC,1999-05-10,TAISC,,100.43,99.01,792,766,0.0093,,EA,ORB
FENGYUN 1C DEB,1999-025BYA,31535,DEB,,PRC,1999-05-10,TAISC,,100.77,98.02,857,733,0.0159,,EA,ORB
FENGYUN 1C DEB,1999-025BYB,31536,DEB,,PRC,1999-05-10,TAISC,,98.73,98.22,897,499,0.0118,,EA,ORB
FENGYUN 1C DEB,1999-025BYC,31537,DEB,,PRC,1999-05-10,TAISC,,100.99,99.31,1042,569,0.0221,,EA,ORB
FENGYUN 1C DEB,1999-025BYD,31538,DEB,D,PRC,1999-05-10,TAISC,2026-05-29,93.36,98.24,447,431,0.0104,,EA,IMP
FENGYUN 1C DEB,1999-025BYE,31539,DEB,D,PRC,1999-05-10,TAISC,2021-02-22,91.72,99.01,364,354,0.0047,,EA,IMP
FENGYUN 1C DEB,1999-025BYF,31540,DEB,,PRC,1999-05-10,TAISC,,98.09,99.07,786,548,0.0081,,EA,ORB
FENGYUN 1C DEB,1999-025BYG,31541,DEB,,PRC,1999-05-10,TAISC,,97.84,99.01,708,603,0.0136,,EA,ORB
FENGYUN 1C DEB,1999-025BYH,31542,DEB,,PRC,1999-05-10,TAISC,,101.12,98.71,845,779,0.0017,,EA,ORB
FENGYUN 1C DEB,1999-025BYJ,31543,DEB,D,PRC,1999-05-10,TAISC,2014-04-17,91.90,98.65,383,353,0.0046,,EA,IMP
FENGYUN 1C DEB,1999-025BYK,31544,DEB,,PRC,1999-05-10,TAISC,,101.77,98.80,865,820,0.0031,,EA,ORB
FENGYUN 1C DEB,1999-025BYL,31545,DEB,D,PRC,1999-05-10,TAISC,2024-09-19,99.37,98.99,753,704,0.0030,,EA,IMP
FENGYUN 1C DEB,1999-025BYM,31546,DEB,,PRC,1999-05-10,TAISC,,101.80,98.23,948,740,0.0104,,EA,ORB
FENGYUN 1C DEB,1999-025BYN,31547,DEB,,PRC,1999-05-10,TAISC,,101.09,99.07,848,772,0.0135,,EA,ORB
FENGYUN 1C DEB,1999-025BYP,31548,DEB,D,PRC,1999-05-10,TAISC,2024-08-28,99.07,99.38,787,642,0.0122,,EA,IMP
FENGYUN 1C DEB,1999-025BYQ,31549,DEB,D,PRC,1999-05-10,TAISC,2017-06-24,99.14,99.09,741,694,0.0124,,EA,IMP
FENGYUN 1C DEB,1999-025BYR,31550,DEB,,PRC,1999-05-10,TAISC,,99.91,98.32,888,621,0.0079,,EA,ORB
FENGYUN 1C DEB,1999-025BYS,31551,DEB,D,PRC,1999-05-10,TAISC,2025-04-07,92.75,98.75,434,384,0.0182,,EA,IMP
FENGYUN 1C DEB,1999-025BYT,31552,DEB,,PRC,1999-05-10,TAISC,,99.21,98.63,776,666,0.0066,,EA,ORB
FENGYUN 1C DEB,1999-025BYU,31553,DEB,,PRC,1999-05-10,TAISC,,100.55,98.99,806,763,0.0110,,EA,ORB
FENGYUN 1C DEB,1999-025BYV,31554,DEB,,PRC,1999-05-10,TAISC,,98.80,98.92,725,678,0.0164,,EA,ORB
FENGYUN 1C DEB,1999-025BYW,31555,DEB,,PRC,1999-05-10,TAISC,,99.49,99.12,840,629,0.0146,,EA,ORB
FENGYUN 1C DEB,1999-025BYX,31556,DEB,D,PRC,1999-05-10,TAISC,2015-02-09,89.21,96.63,243,228,0.0135,,EA,IMP
FENGYUN 1C DEB,1999-025BYY,31557,DEB,,PRC,1999-05-10,TAISC,,99.90,98.31,874,633,0.0102,,EA,ORB
FENGYUN 1C DEB,1999-025BYZ,31558,DEB,,PRC,1999-05-10,TAISC,,100.06,98.77,911,612,0.0103,,EA,ORB
FENGYUN 1C DEB,1999-025BZA,31559,DEB,,PRC,1999-05-10,TAISC,,98.16,98.88,708,633,0.0115,,EA,ORB
FENGYUN 1C DEB,1999-025BZB,31560,DEB,,PRC,1999-05-10,TAISC,,101.32,98.56,907,735,0.0131,,EA,ORB
FENGYUN 1C DEB,1999-025BZC,31561,DEB,,PRC,1999-05-10,TAISC,,102.63,98.73,923,843,0.0152,,EA,ORB
FENGYUN 1C DEB,1999-025BZD,31562,DEB,,PRC,1999-05-10,TAISC,,99.77,99.28,787,708,0.0151,,EA,ORB
FENGYUN 1C DEB,1999-025BZE,31563,DEB,,PRC,1999-05-10,TAISC,,98.16,98.97,749,593,0.0135,,EA,ORB
FENGYUN 1C DEB,1999-025BZF,31564,DEB,D,PRC,1999-05-10,TAISC,2021-02-25,91.99,98.72,378,366,0.0085,,EA,IMP
FENGYUN 1C DEB,1999-025BZG,31565,DEB,,PRC,1999-05-10,TAISC,,99.76,100.71,786,708,0.0161,,EA,ORB
FENGYUN 1C DEB,1999-025BZH,31566,DEB,,PRC,1999-05-10,TAISC,,99.99,98.94,774,742,0.0101,,EA,ORB
FENGYUN 1C DEB,1999-025BZJ,31567,DEB,,PRC,1999-05-10,TAISC,,103.24,102.31,1045,779,0.0157,,EA,ORB
FENGYUN 1C DEB,1999-025BZK,31568,DEB,,PRC,1999-05-10,TAISC,,102.46,102.04,961,789,0.0098,,EA,ORB
FENGYUN 1C DEB,1999-025BZL,31569,DEB,,PRC,1999-05-10,TAISC,,103.06,102.61,1027,779,0.0099,,EA,ORB
FENGYUN 1C DEB,1999-025BZM,31570,DEB,,PRC,1999-05-10,TAISC,,100.77,102.57,894,695,0.0138,,EA,ORB
CBERS 1 DEB,1999-057PC,31581,DEB,D,CHBZ,1999-10-14,TAISC,2021-01-18,90.96,98.20,331,313,0.0129,,EA,IMP
CBERS 1 DEB,1999-057PD,31582,DEB,D,CHBZ,1999-10-14,TAISC,2017-11-30,96.10,98.22,575,568,0.0091,,EA,IMP
CBERS 1 DEB,1999-057PE,31583,DEB,D,CHBZ,1999-10-14,TAISC,2025-04-04,96.81,98.49,607,605,0.0107,,EA,IMP
CBERS 1 DEB,1999-057PF,31584,DEB,D,CHBZ,1999-10-14,TAISC,2007-10-29,93.86,98.66,474,452,0.0027,,EA,IMP
CBERS 1 DEB,1999-057PG,31585,DEB,D,CHBZ,1999-10-14,TAISC,2010-07-23,91.16,99.36,356,307,0.0166,,EA,IMP
CBERS 1 DEB,1999-057PH,31586,DEB,D,CHBZ,1999-10-14,TAISC,2015-09-29,92.68,98.20,417,394,0.0127,,EA,IMP
CBERS 1 DEB,1999-057PJ,31587,DEB,D,CHBZ,1999-10-14,TAISC,2017-08-06,90.71,98.20,319,299,0.0148,,EA,IMP
CBERS 1 DEB,1999-057PK,31588,DEB,D,CHBZ,1999-10-14,TAISC,2014-04-13,90.30,98.16,309,270,0.0025,,EA,IMP
CBERS 1 DEB,1999-057PL,31589,DEB,D,CHBZ,1999-10-14,TAISC,2023-03-15,95.77,98.26,561,551,0.0083,,EA,IMP
CBERS 1 DEB,1999-057PM,31590,DEB,D,CHBZ,1999-10-14,TAISC,2014-03-15,92.12,98.21,393,364,0.0141,,EA,IMP
CBERS 1 DEB,1999-057PN,31591,DEB,D,CHBZ,1999-10-14,TAISC,2023-12-28,94.31,98.26,489,481,0.0065,,EA,IMP
CBERS 1 DEB,1999-057PP,31592,DEB,D,CHBZ,1999-10-14,TAISC,2016-10-14,90.96,98.18,326,317,0.0129,,EA,IMP
CBERS 1 DEB,1999-057PQ,31593,DEB,D,CHBZ,1999-10-14,TAISC,2014-12-11,91.73,98.17,372,347,0.0086,,EA,IMP
CBERS 1 DEB,1999-057PR,31594,DEB,D,CHBZ,1999-10-14,TAISC,2024-06-07,94.94,98.32,522,510,0.0137,,EA,IMP
FENGYUN 1C DEB,1999-025BZN,31608,DEB,,PRC,1999-05-10,TAISC,,96.66,98.41,693,504,0.0153,,EA,ORB
FENGYUN 1C DEB,1999-025BZP,31609,DEB,,PRC,1999-05-10,TAISC,,101.59,99.20,899,769,0.0050,,EA,ORB
FENGYUN 1C DEB,1999-025BZQ,31610,DEB,D,PRC,1999-05-10,TAISC,2013-11-25,93.08,98.93,431,419,0.0102,,EA,IMP
FENGYUN 1C DEB,1999-025BZR,31611,DEB,D,PRC,1999-05-10,TAISC,2024-12-14,92.82,98.93,431,395,0.0067,,EA,IMP
FENGYUN 1C DEB,1999-025BZS,31612,DEB,D,PRC,1999-05-10,TAISC,2026-01-10,89.22,100.32,239,233,0.0098,,EA,IMP
FENGYUN 1C DEB,1999-025BZT,31613,DEB,,PRC,1999-05-10,TAISC,,105.56,98.44,1275,766,0.0165,,EA,ORB
FENGYUN 1C DEB,1999-025BZU,31614,DEB,D,PRC,1999-05-10,TAISC,2026-04-16,93.40,98.95,450,432,0.0074,,EA,IMP
FENGYUN 1C DEB,1999-025BZV,31615,DEB,,PRC,1999-05-10,TAISC,,99.96,99.14,864,650,0.0104,,EA,ORB
FENGYUN 1C DEB,1999-025BZW,31616,DEB,D,PRC,1999-05-10,TAISC,2024-06-01,100.00,96.58,830,686,0.0070,,EA,IMP
FENGYUN 1C DEB,1999-025BZX,31617,DEB,D,PRC,1999-05-10,TAISC,2025-07-20,99.60,96.72,832,647,0.0158,,EA,IMP
FENGYUN 1C DEB,1999-025BZY,31618,DEB,,PRC,1999-05-10,TAISC,,101.31,99.48,933,708,0.0151,,EA,ORB
FENGYUN 1C DEB,1999-025BZZ,31619,DEB,,PRC,1999-05-10,TAISC,,94.68,99.05,533,473,0.0112,,EA,ORB
FENGYUN 1C DEB,1999-025CAA,31620,DEB,,PRC,1999-05-10,TAISC,,99.98,98.88,772,743,0.0117,,EA,ORB
FENGYUN 1C DEB,1999-025CAB,31621,DEB,D,PRC,1999-05-10,TAISC,2016-04-06,92.59,99.47,412,391,0.0141,,EA,IMP
FENGYUN 1C DEB,1999-025CAC,31622,DEB,,PRC,1999-05-10,TAISC,,100.01,98.82,769,750,0.0031,,EA,ORB
FENGYUN 1C DEB,1999-025CAD,31623,DEB,,PRC,1999-05-10,TAISC,,104.14,97.63,1096,811,0.0118,,EA,ORB
FENGYUN 1C DEB,1999-025CAE,31624,DEB,D,PRC,1999-05-10,TAISC,2025-11-19,93.51,99.62,453,439,0.0053,,EA,IMP
FENGYUN 1C DEB,1999-025CAF,31625,DEB,,PRC,1999-05-10,TAISC,,98.91,98.80,811,602,0.0015,,EA,ORB
FENGYUN 1C DEB,1999-025CAG,31626,DEB,D,PRC,1999-05-10,TAISC,2025-04-09,90.40,101.23,304,285,0.0167,,EA,IMP
FENGYUN 1C DEB,1999-025CAH,31627,DEB,,PRC,1999-05-10,TAISC,,100.21,98.51,806,731,0.0144,,EA,ORB
FENGYUN 1C DEB,1999-025CAJ,31628,DEB,,PRC,1999-05-10,TAISC,,103.75,102.26,1060,812,0.0040,,EA,ORB
FENGYUN 1C DEB,1999-025CAK,31629,DEB,,PRC,1999-05-10,TAISC,,101.62,102.13,911,760,0.0097,,EA,ORB
FENGYUN 1C DEB,1999-025CAL,31630,DEB,,PRC,1999-05-10,TAISC,,94.95,98.10,610,422,0.0095,,EA,ORB
FENGYUN 1C DEB,1999-025CAM,31631,DEB,,PRC,1999-05-10,TAISC,,94.96,99.31,524,510,0.0210,,EA,ORB
FENGYUN 1C DEB,1999-025CAN,31632,DEB,D,PRC,1999-05-10,TAISC,2024-03-26,97.31,99.00,682,578,0.0168,,EA,IMP
FENGYUN 1C DEB,1999-025CAP,31633,DEB,,PRC,1999-05-10,TAISC,,102.35,98.71,917,822,0.0175,,EA,ORB
FENGYUN 1C DEB,1999-025CAQ,31634,DEB,,PRC,1999-05-10,TAISC,,103.24,99.34,978,845,0.0102,,EA,ORB
FENGYUN 1C DEB,1999-025CAR,31635,DEB,,PRC,1999-05-10,TAISC,,100.44,99.42,817,741,0.0118,,EA,ORB
FENGYUN 1C DEB,1999-025CAS,31636,DEB,D,PRC,1999-05-10,TAISC,2023-10-03,89.26,98.84,251,225,0.0143,,EA,IMP
FENGYUN 1C DEB,1999-025CAT,31637,DEB,,PRC,1999-05-10,TAISC,,100.57,99.10,825,746,0.0155,,EA,ORB
FENGYUN 1C DEB,1999-025CAU,31638,DEB,D,PRC,1999-05-10,TAISC,2011-06-02,90.88,99.58,345,290,0.0033,,EA,IMP
FENGYUN 1C DEB,1999-025CAV,31639,DEB,,PRC,1999-05-10,TAISC,,103.95,98.76,1063,828,0.0138,,EA,ORB
FENGYUN 1C DEB,1999-025CAW,31640,DEB,D,PRC,1999-05-10,TAISC,2023-09-12,91.17,99.15,352,312,0.0102,,EA,IMP
FENGYUN 1C DEB,1999-025CAX,31641,DEB,D,PRC,1999-05-10,TAISC,2012-02-29,90.77,98.50,344,280,0.0126,,EA,IMP
FENGYUN 1C DEB,1999-025CAY,31642,DEB,,PRC,1999-05-10,TAISC,,100.43,98.49,864,694,0.0110,,EA,ORB
FENGYUN 1C DEB,1999-025CAZ,31643,DEB,,PRC,1999-05-10,TAISC,,102.59,98.36,952,810,0.0111,,EA,ORB
FENGYUN 1C DEB,1999-025CBA,31644,DEB,,PRC,1999-05-10,TAISC,,97.91,98.65,764,554,0.0076,,EA,ORB
FENGYUN 1C DEB,1999-025CBB,31645,DEB,D,PRC,1999-05-10,TAISC,2014-11-13,91.41,98.67,364,324,0.0091,,EA,IMP
FENGYUN 1C DEB,1999-025CBC,31646,DEB,,PRC,1999-05-10,TAISC,,101.80,98.67,868,820,0.0129,,EA,ORB
FENGYUN 1C DEB,1999-025CBD,31647,DEB,,PRC,1999-05-10,TAISC,,100.52,98.06,875,691,0.0148,,EA,ORB
FENGYUN 1C DEB,1999-025CBE,31648,DEB,,PRC,1999-05-10,TAISC,,101.55,102.79,864,800,0.0110,,EA,ORB
FENGYUN 1C DEB,1999-025CBF,31649,DEB,,PRC,1999-05-10,TAISC,,105.17,98.18,1199,806,0.0143,,EA,ORB
FENGYUN 1C DEB,1999-025CBG,31650,DEB,D,PRC,1999-05-10,TAISC,2023-08-31,95.49,95.19,598,486,0.0120,,EA,IMP
FENGYUN 1C DEB,1999-025CBH,31651,DEB,D,PRC,1999-05-10,TAISC,2012-04-11,94.66,95.41,514,491,0.0128,,EA,IMP
FENGYUN 1C DEB,1999-025CBJ,31652,DEB,D,PRC,1999-05-10,TAISC,2023-11-25,94.89,95.90,550,477,0.0074,,EA,IMP
FENGYUN 1C DEB,1999-025CBK,31653,DEB,D,PRC,1999-05-10,TAISC,2024-08-24,99.93,96.67,832,678,0.0064,,EA,IMP
FENGYUN 1C DEB,1999-025CBL,31654,DEB,D,PRC,1999-05-10,TAISC,2016-10-24,94.64,97.55,552,450,0.0103,,EA,IMP
FENGYUN 1C DEB,1999-025CBM,31655,DEB,,PRC,1999-05-10,TAISC,,105.45,99.27,1224,807,0.0096,,EA,ORB
FENGYUN 1C DEB,1999-025CBN,31656,DEB,,PRC,1999-05-10,TAISC,,99.29,99.20,739,710,0.0069,,EA,ORB
FENGYUN 1C DEB,1999-025CBP,31657,DEB,,PRC,1999-05-10,TAISC,,102.93,102.21,1000,794,0.0131,,EA,ORB
FENGYUN 1C DEB,1999-025CBQ,31658,DEB,,PRC,1999-05-10,TAISC,,102.80,98.15,1046,737,0.0132,,EA,ORB
FENGYUN 1C DEB,1999-025CBR,31659,DEB,D,PRC,1999-05-10,TAISC,2025-04-25,93.03,98.98,454,392,0.0141,,EA,IMP
FENGYUN 1C DEB,1999-025CBS,31660,DEB,,PRC,1999-05-10,TAISC,,100.85,98.51,872,726,0.0129,,EA,ORB
FENGYUN 1C DEB,1999-025CBT,31661,DEB,,PRC,1999-05-10,TAISC,,100.91,98.85,843,761,0.0054,,EA,ORB
FENGYUN 1C DEB,1999-025CBU,31662,DEB,,PRC,1999-05-10,TAISC,,102.61,98.97,917,847,0.0076,,EA,ORB
FENGYUN 1C DEB,1999-025CBV,31663,DEB,,PRC,1999-05-10,TAISC,,97.45,98.84,768,505,0.0103,,EA,ORB
FENGYUN 1C DEB,1999-025CBW,31664,DEB,,PRC,1999-05-10,TAISC,,102.08,98.77,947,767,0.0041,,EA,ORB
FENGYUN 1C DEB,1999-025CBX,31665,DEB,,PRC,1999-05-10,TAISC,,103.94,98.43,1080,809,0.0070,,EA,ORB
FENGYUN 1C DEB,1999-025CBY,31666,DEB,,PRC,1999-05-10,TAISC,,95.92,98.66,573,552,0.0062,,EA,ORB
FENGYUN 1C DEB,1999-025CBZ,31667,DEB,,PRC,1999-05-10,TAISC,,101.14,99.06,850,775,0.0139,,EA,ORB
FENGYUN 1C DEB,1999-025CCA,31668,DEB,D,PRC,1999-05-10,TAISC,2023-09-25,98.70,96.53,755,638,0.0113,,EA,IMP
FENGYUN 1C DEB,1999-025CCB,31669,DEB,D,PRC,1999-05-10,TAISC,2011-10-24,94.33,97.46,556,416,0.0030,,EA,IMP
FENGYUN 1C DEB,1999-025CCC,31670,DEB,,PRC,1999-05-10,TAISC,,105.51,98.42,1215,822,0.0143,,EA,ORB
FENGYUN 1C DEB,1999-025CCD,31671,DEB,,PRC,1999-05-10,TAISC,,102.80,99.19,965,817,0.0096,,EA,ORB
FENGYUN 1C DEB,1999-025CCE,31672,DEB,,PRC,1999-05-10,TAISC,,99.03,98.95,784,640,0.0139,,EA,ORB
FENGYUN 1C DEB,1999-025CCF,31673,DEB,,PRC,1999-05-10,TAISC,,100.54,99.36,874,694,0.0070,,EA,ORB
FENGYUN 1C DEB,1999-025CCG,31674,DEB,,PRC,1999-05-10,TAISC,,98.85,98.92,719,689,0.0174,,EA,ORB
FENGYUN 1C DEB,1999-025CCH,31675,DEB,,PRC,1999-05-10,TAISC,,101.85,98.42,944,748,0.0157,,EA,ORB
FENGYUN 1C DEB,1999-025CCJ,31676,DEB,,PRC,1999-05-10,TAISC,,108.16,98.60,1453,830,0.0148,,EA,ORB
FENGYUN 1C DEB,1999-025CCK,31677,DEB,,PRC,1999-05-10,TAISC,,101.99,99.06,873,833,0.0048,,EA,ORB
FENGYUN 1C DEB,1999-025CCL,31678,DEB,,PRC,1999-05-10,TAISC,,98.84,98.82,878,529,0.0155,,EA,ORB
FENGYUN 1C DEB,1999-025CCM,31679,DEB,D,PRC,1999-05-10,TAISC,2025-03-21,98.99,98.91,756,665,0.0089,,EA,IMP
FENGYUN 1C DEB,1999-025CCN,31680,DEB,,PRC,1999-05-10,TAISC,,93.15,99.85,461,396,0.0075,,EA,ORB
FENGYUN 1C DEB,1999-025CCP,31681,DEB,D,PRC,1999-05-10,TAISC,2014-11-25,93.00,98.97,434,409,0.0086,,EA,IMP
FENGYUN 1C DEB,1999-025CCQ,31682,DEB,D,PRC,1999-05-10,TAISC,2023-04-07,97.57,98.71,660,625,0.0132,,EA,IMP
FENGYUN 1C DEB,1999-025CCR,31683,DEB,D,PRC,1999-05-10,TAISC,2025-03-28,99.56,98.65,787,688,0.0152,,EA,IMP
FENGYUN 1C DEB,1999-025CCS,31684,DEB,,PRC,1999-05-10,TAISC,,101.98,98.96,894,810,0.0103,,EA,ORB
FENGYUN 1C DEB,1999-025CCT,31685,DEB,,PRC,1999-05-10,TAISC,,102.15,98.71,872,849,0.0030,,EA,ORB
FENGYUN 1C DEB,1999-025CCU,31686,DEB,,PRC,1999-05-10,TAISC,,97.54,98.13,829,453,0.0127,,EA,ORB
FENGYUN 1C DEB,1999-025CCV,31687,DEB,,PRC,1999-05-10,TAISC,,101.03,98.78,816,799,0.0092,,EA,ORB
FENGYUN 1C DEB,1999-025CCW,31688,DEB,,PRC,1999-05-10,TAISC,,102.68,98.93,940,831,0.0175,,EA,ORB
FENGYUN 1C DEB,1999-025CCX,31689,DEB,D,PRC,1999-05-10,TAISC,2013-12-29,89.82,98.72,295,236,0.0143,,EA,IMP
FENGYUN 1C DEB,1999-025CCY,31690,DEB,D,PRC,1999-05-10,TAISC,2023-04-24,98.32,98.83,694,664,0.0139,,EA,IMP
FENGYUN 1C DEB,1999-025CCZ,31691,DEB,,PRC,1999-05-10,TAISC,,100.82,98.88,839,756,0.0111,,EA,ORB
FENGYUN 1C DEB,1999-025CDA,31692,DEB,,PRC,1999-05-10,TAISC,,101.34,99.18,885,759,0.0116,,EA,ORB
FENGYUN 1C DEB,1999-025CDB,31693,DEB,D,PRC,1999-05-10,TAISC,2014-02-25,91.93,99.70,375,363,0.0091,,EA,IMP
FENGYUN 1C DEB,1999-025CDC,31694,DEB,D,PRC,1999-05-10,TAISC,2015-08-31,90.22,101.01,298,272,0.0130,,EA,IMP
FENGYUN 1C DEB,1999-025CDD,31695,DEB,,PRC,1999-05-10,TAISC,,97.39,98.25,748,519,0.0151,,EA,ORB
FENGYUN 1C DEB,1999-025CDE,31696,DEB,,PRC,1999-05-10,TAISC,,103.60,97.81,1039,819,0.0104,,EA,ORB
FENGYUN 1C DEB,1999-025CDF,31697,DEB,D,PRC,1999-05-10,TAISC,2011-01-04,91.23,99.61,392,279,0.0132,,EA,IMP
FENGYUN 1C DEB,1999-025CDG,31709,DEB,,PRC,1999-05-10,TAISC,,101.64,98.02,954,719,0.0145,,EA,ORB
FENGYUN 1C DEB,1999-025CDH,31710,DEB,D,PRC,1999-05-10,TAISC,2022-10-07,92.10,98.95,392,364,0.0112,,EA,IMP
FENGYUN 1C DEB,1999-025CDJ,31711,DEB,D,PRC,1999-05-10,TAISC,2022-04-06,91.66,98.98,374,338,0.0076,,EA,IMP
FENGYUN 1C DEB,1999-025CDK,31712,DEB,D,PRC,1999-05-10,TAISC,2016-02-25,91.07,98.88,361,293,0.0167,,EA,IMP
FENGYUN 1C DEB,1999-025CDL,31713,DEB,D,PRC,1999-05-10,TAISC,2012-07-03,95.12,97.98,592,457,0.0119,,EA,IMP
FENGYUN 1C DEB,1999-025CDM,31714,DEB,D,PRC,1999-05-10,TAISC,2026-06-28,91.88,99.00,381,352,0.0106,,EA,IMP
FENGYUN 1C DEB,1999-025CDN,31715,DEB,,PRC,1999-05-10,TAISC,,99.03,99.28,842,583,0.0119,,EA,ORB
FENGYUN 1C DEB,1999-025CDP,31716,DEB,,PRC,1999-05-10,TAISC,,102.52,98.54,972,783,0.0069,,EA,ORB
FENGYUN 1C DEB,1999-025CDQ,31717,DEB,,PRC,1999-05-10,TAISC,,101.56,96.93,945,720,0.0108,,EA,ORB
FENGYUN 1C DEB,1999-025CDR,31718,DEB,D,PRC,1999-05-10,TAISC,2018-03-09,95.86,96.65,595,525,0.0007,,EA,IMP
FENGYUN 1C DEB,1999-025CDS,31719,DEB,,PRC,1999-05-10,TAISC,,102.65,97.55,999,769,0.0123,,EA,ORB
FENGYUN 1C DEB,1999-025CDT,31720,DEB,,PRC,1999-05-10,TAISC,,97.65,99.05,714,579,0.0133,,EA,ORB
FENGYUN 1C DEB,1999-025CDU,31721,DEB,,PRC,1999-05-10,TAISC,,104.80,99.80,1217,752,0.0157,,EA,ORB
FENGYUN 1C DEB,1999-025CDV,31722,DEB,D,PRC,1999-05-10,TAISC,2024-05-04,90.79,101.91,332,295,0.0114,,EA,IMP
FENGYUN 1C DEB,1999-025CDW,31723,DEB,,PRC,1999-05-10,TAISC,,100.10,97.79,832,694,0.0106,,EA,ORB
FENGYUN 1C DEB,1999-025CDX,31724,DEB,,PRC,1999-05-10,TAISC,,98.97,97.85,808,611,0.0084,,EA,ORB
FENGYUN 1C DEB,1999-025CDY,31725,DEB,,PRC,1999-05-10,TAISC,,112.52,99.18,1874,811,0.0164,,EA,ORB
FENGYUN 1C DEB,1999-025CDZ,31726,DEB,,PRC,1999-05-10,TAISC,,101.89,98.69,1017,680,0.0182,,EA,ORB
FENGYUN 1C DEB,1999-025CEA,31727,DEB,,PRC,1999-05-10,TAISC,,100.00,98.87,778,738,0.0096,,EA,ORB
FENGYUN 1C DEB,1999-025CEB,31728,DEB,D,PRC,1999-05-10,TAISC,2013-10-22,91.63,98.63,392,317,0.0030,,EA,IMP
FENGYUN 1C DEB,1999-025CEC,31729,DEB,,PRC,1999-05-10,TAISC,,101.42,99.28,874,777,0.0155,,EA,ORB
FENGYUN 1C DEB,1999-025CED,31730,DEB,D,PRC,1999-05-10,TAISC,2013-03-06,90.69,98.78,318,299,0.0087,,EA,IMP
FENGYUN 1C DEB,1999-025CEE,31731,DEB,,PRC,1999-05-10,TAISC,,99.81,99.29,759,740,0.0075,,EA,ORB
FENGYUN 1C DEB,1999-025CEF,31732,DEB,,PRC,1999-05-10,TAISC,,101.94,98.55,879,823,0.0154,,EA,ORB
FENGYUN 1C DEB,1999-025CEG,31733,DEB,D,PRC,1999-05-10,TAISC,2024-04-15,89.54,99.04,267,236,0.0129,,EA,IMP
FENGYUN 1C DEB,1999-025CEH,31734,DEB,,PRC,1999-05-10,TAISC,,100.73,98.51,867,720,0.0159,,EA,ORB
FENGYUN 1C DEB,1999-025CEJ,31735,DEB,,PRC,1999-05-10,TAISC,,99.73,98.59,787,705,0.0087,,EA,ORB
FENGYUN 1C DEB,1999-025CEK,31736,DEB,,PRC,1999-05-10,TAISC,,101.82,98.68,852,837,0.0130,,EA,ORB
FENGYUN 1C DEB,1999-025CEL,31737,DEB,,PRC,1999-05-10,TAISC,,97.92,97.89,760,559,0.0135,,EA,ORB
FENGYUN 1C DEB,1999-025CEM,31738,DEB,,PRC,1999-05-10,TAISC,,103.90,99.35,1166,720,0.0151,,EA,ORB
FENGYUN 1C DEB,1999-025CEN,31739,DEB,,PRC,1999-05-10,TAISC,,101.46,98.71,920,735,0.0153,,EA,ORB
FENGYUN 1C DEB,1999-025CEP,31740,DEB,,PRC,1999-05-10,TAISC,,99.73,99.82,763,728,0.0088,,EA,ORB
FENGYUN 1C DEB,1999-025CEQ,31741,DEB,,PRC,1999-05-10,TAISC,,100.53,99.07,909,658,0.0175,,EA,ORB
FENGYUN 1C DEB,1999-025CER,31742,DEB,,PRC,1999-05-10,TAISC,,99.96,98.89,810,703,0.0011,,EA,ORB
FENGYUN 1C DEB,1999-025CES,31743,DEB,,PRC,1999-05-10,TAISC,,100.46,99.15,806,755,0.0098,,EA,ORB
FENGYUN 1C DEB,1999-025CET,31744,DEB,,PRC,1999-05-10,TAISC,,101.38,99.32,1044,604,0.0179,,EA,ORB
FENGYUN 1C DEB,1999-025CEU,31745,DEB,,PRC,1999-05-10,TAISC,,103.57,96.74,1260,595,0.0065,,EA,ORB
FENGYUN 1C DEB,1999-025CEV,31746,DEB,,PRC,1999-05-10,TAISC,,96.59,98.60,608,582,0.0113,,EA,ORB
FENGYUN 1C DEB,1999-025CEW,31747,DEB,D,PRC,1999-05-10,TAISC,2010-12-28,90.09,96.92,305,253,0.0156,,EA,IMP
FENGYUN 1C DEB,1999-025CEX,31748,DEB,D,PRC,1999-05-10,TAISC,2013-12-29,93.27,97.22,478,391,0.0057,,EA,IMP
FENGYUN 1C DEB,1999-025CEY,31749,DEB,D,PRC,1999-05-10,TAISC,2013-03-09,93.53,98.90,517,378,0.0148,,EA,IMP
FENGYUN 1C DEB,1999-025CEZ,31750,DEB,D,PRC,1999-05-10,TAISC,2025-05-12,93.38,98.71,465,415,0.0102,,EA,IMP
FENGYUN 1C DEB,1999-025CFA,31751,DEB,D,PRC,1999-05-10,TAISC,2024-08-18,95.09,98.86,538,508,0.0151,,EA,IMP
FENGYUN 1C DEB,1999-025CFB,31752,DEB,,PRC,1999-05-10,TAISC,,103.26,98.96,1170,656,0.0083,,EA,ORB
FENGYUN 1C DEB,1999-025CFC,31753,DEB,,PRC,1999-05-10,TAISC,,101.49,98.61,944,715,0.0026,,EA,ORB
FENGYUN 1C DEB,1999-025CFD,31754,DEB,,PRC,1999-05-10,TAISC,,99.74,99.06,780,712,0.0094,,EA,ORB
FENGYUN 1C DEB,1999-025CFE,31755,DEB,,PRC,1999-05-10,TAISC,,102.23,98.80,1002,727,0.0112,,EA,ORB
FENGYUN 1C DEB,1999-025CFF,31756,DEB,,PRC,1999-05-10,TAISC,,100.26,99.34,806,736,0.0151,,EA,ORB
FENGYUN 1C DEB,1999-025CFG,31757,DEB,,PRC,1999-05-10,TAISC,,102.26,98.75,1024,708,0.0116,,EA,ORB
FENGYUN 1C DEB,1999-025CFH,31758,DEB,,PRC,1999-05-10,TAISC,,99.43,98.06,943,520,0.0151,,EA,ORB
FENGYUN 1C DEB,1999-025CFJ,31759,DEB,D,PRC,1999-05-10,TAISC,2024-01-05,97.28,98.57,631,626,0.0132,,EA,IMP
FENGYUN 1C DEB,1999-025CFK,31760,DEB,,PRC,1999-05-10,TAISC,,100.63,99.27,826,751,0.0164,,EA,ORB
FENGYUN 1C DEB,1999-025CFL,31761,DEB,,PRC,1999-05-10,TAISC,,102.41,98.61,1207,538,0.0161,,EA,ORB
FENGYUN 1C DEB,1999-025CFM,31762,DEB,D,PRC,1999-05-10,TAISC,2013-10-04,89.40,99.23,267,222,0.0125,,EA,IMP
FENGYUN 1C DEB,1999-025CFN,31763,DEB,,PRC,1999-05-10,TAISC,,106.59,98.52,1475,662,0.0131,,EA,ORB
FENGYUN 1C DEB,1999-025CFP,31764,DEB,,PRC,1999-05-10,TAISC,,104.10,98.15,1141,764,0.0514,,EA,ORB
FENGYUN 1C DEB,1999-025CFQ,31765,DEB,D,PRC,1999-05-10,TAISC,2025-03-11,94.19,99.05,499,459,0.0045,,EA,IMP
FENGYUN 1C DEB,1999-025CFR,31766,DEB,,PRC,1999-05-10,TAISC,,102.46,98.83,928,822,0.0148,,EA,ORB
FENGYUN 1C DEB,1999-025CFS,31767,DEB,,PRC,1999-05-10,TAISC,,102.48,98.80,907,846,0.0072,,EA,ORB
FENGYUN 1C DEB,1999-025CFT,31768,DEB,,PRC,1999-05-10,TAISC,,96.93,99.03,627,596,0.0119,,EA,ORB
FENGYUN 1C DEB,1999-025CFU,31769,DEB,,PRC,1999-05-10,TAISC,,99.92,98.43,805,705,0.0137,,EA,ORB
FENGYUN 1C DEB,1999-025CFV,31770,DEB,D,PRC,1999-05-10,TAISC,2023-01-31,96.71,97.72,658,545,0.0123,,EA,IMP
FENGYUN 1C DEB,1999-025CFW,31771,DEB,D,PRC,1999-05-10,TAISC,2024-08-31,96.52,102.78,598,586,0.0080,,EA,IMP
FENGYUN 1C DEB,1999-025CFX,31772,DEB,,PRC,1999-05-10,TAISC,,101.93,98.47,948,752,0.0072,,EA,ORB
FENGYUN 1C DEB,1999-025CFY,31773,DEB,,PRC,1999-05-10,TAISC,,97.34,98.95,657,605,0.0102,,EA,ORB
FENGYUN 1C DEB,1999-025CFZ,31774,DEB,,PRC,1999-05-10,TAISC,,101.29,98.75,860,779,0.0136,,EA,ORB
FENGYUN 1C DEB,1999-025CGA,31775,DEB,,PRC,1999-05-10,TAISC,,102.88,99.03,934,856,0.0149,,EA,ORB
FENGYUN 1C DEB,1999-025CGB,31776,DEB,,PRC,1999-05-10,TAISC,,101.42,99.06,864,788,0.0116,,EA,ORB
FENGYUN 1C DEB,1999-025CGC,31777,DEB,D,PRC,1999-05-10,TAISC,2018-04-09,97.23,99.05,640,612,0.0094,,EA,IMP
FENGYUN 1C DEB,1999-025CGD,31778,DEB,,PRC,1999-05-10,TAISC,,102.82,99.29,926,859,0.0079,,EA,ORB
FENGYUN 1C DEB,1999-025CGE,31779,DEB,,PRC,1999-05-10,TAISC,,99.84,99.31,902,600,0.0169,,EA,ORB
FENGYUN 1C DEB,1999-025CGF,31780,DEB,,PRC,1999-05-10,TAISC,,97.91,99.30,762,555,0.0131,,EA,ORB
FENGYUN 1C DEB,1999-025CGG,31781,DEB,,PRC,1999-05-10,TAISC,,101.68,99.50,977,700,0.0144,,EA,ORB
FENGYUN 1C DEB,1999-025CGH,31782,DEB,,PRC,1999-05-10,TAISC,,100.22,98.93,825,713,0.0101,,EA,ORB
FENGYUN 1C DEB,1999-025CGJ,31783,DEB,,PRC,1999-05-10,TAISC,,102.18,98.61,937,786,0.0123,,EA,ORB
FENGYUN 1C DEB,1999-025CGK,31784,DEB,D,PRC,1999-05-10,TAISC,2024-06-04,99.79,99.00,766,730,0.0114,,EA,IMP
FENGYUN 1C DEB,1999-025CGL,31785,DEB,D,PRC,1999-05-10,TAISC,2020-02-18,94.55,96.53,510,484,0.0096,,EA,IMP
FENGYUN 1C DEB,1999-025CGM,31786,DEB,,PRC,1999-05-10,TAISC,,102.83,97.70,974,811,0.0071,,EA,ORB
FENGYUN 1C DEB,1999-025CGN,31787,DEB,D,PRC,1999-05-10,TAISC,2024-02-16,97.21,98.64,670,580,0.0127,,EA,IMP
FENGYUN 1C DEB,1999-025CGP,31788,DEB,,PRC,1999-05-10,TAISC,,106.95,102.56,1430,741,0.0031,,EA,ORB
FENGYUN 1C DEB,1999-025CGQ,31802,DEB,D,PRC,1999-05-10,TAISC,2025-04-15,90.45,98.18,316,277,0.0102,,EA,IMP
FENGYUN 1C DEB,1999-025CGR,31803,DEB,D,PRC,1999-05-10,TAISC,2015-05-03,92.05,98.03,436,313,0.0080,,EA,IMP
FENGYUN 1C DEB,1999-025CGS,31804,DEB,,PRC,1999-05-10,TAISC,,101.87,98.30,947,748,0.0174,,EA,ORB
FENGYUN 1C DEB,1999-025CGT,31805,DEB,,PRC,1999-05-10,TAISC,,102.38,98.38,1185,557,0.0164,,EA,ORB
FENGYUN 1C DEB,1999-025CGU,31806,DEB,,PRC,1999-05-10,TAISC,,105.59,97.74,1292,751,0.0130,,EA,ORB
FENGYUN 1C DEB,1999-025CGV,31807,DEB,,PRC,1999-05-10,TAISC,,99.07,99.11,788,641,0.0071,,EA,ORB
FENGYUN 1C DEB,1999-025CGW,31808,DEB,,PRC,1999-05-10,TAISC,,98.11,99.20,693,643,0.0146,,EA,ORB
FENGYUN 1C DEB,1999-025CGX,31809,DEB,D,PRC,1999-05-10,TAISC,2023-05-07,97.90,98.80,672,644,0.0071,,EA,IMP
FENGYUN 1C DEB,1999-025CGY,31810,DEB,,PRC,1999-05-10,TAISC,,99.51,98.26,886,585,0.0096,,EA,ORB
FENGYUN 1C DEB,1999-025CGZ,31811,DEB,D,PRC,1999-05-10,TAISC,2017-05-05,,,,,0.0134,,EA,IMP
FENGYUN 1C DEB,1999-025CHA,31812,DEB,,PRC,1999-05-10,TAISC,,102.66,98.79,932,837,0.0091,,EA,ORB
FENGYUN 1C DEB,1999-025CHB,31813,DEB,,PRC,1999-05-10,TAISC,,99.25,99.43,818,628,0.0171,,EA,ORB
FENGYUN 1C DEB,1999-025CHC,31814,DEB,,PRC,1999-05-10,TAISC,,105.36,99.54,1180,843,0.0126,,EA,ORB
FENGYUN 1C DEB,1999-025CHD,31815,DEB,,PRC,1999-05-10,TAISC,,102.10,98.79,901,815,0.0140,,EA,ORB
FENGYUN 1C DEB,1999-025CHE,31816,DEB,,PRC,1999-05-10,TAISC,,103.24,99.00,1000,824,0.0051,,EA,ORB
FENGYUN 1C DEB,1999-025CHF,31817,DEB,,PRC,1999-05-10,TAISC,,98.03,98.92,706,623,0.0120,,EA,ORB
FENGYUN 1C DEB,1999-025CHG,31818,DEB,D,PRC,1999-05-10,TAISC,2014-05-22,90.61,98.82,320,288,0.0109,,EA,IMP
FENGYUN 1C DEB,1999-025CHH,31819,DEB,,PRC,1999-05-10,TAISC,,100.66,98.49,851,728,0.0134,,EA,ORB
FENGYUN 1C DEB,1999-025CHJ,31820,DEB,,PRC,1999-05-10,TAISC,,96.04,98.95,662,476,0.0143,,EA,ORB
FENGYUN 1C DEB,1999-025CHK,31821,DEB,,PRC,1999-05-10,TAISC,,99.26,98.15,862,585,0.0105,,EA,ORB
FENGYUN 1C DEB,1999-025CHL,31822,DEB,D,PRC,1999-05-10,TAISC,2010-11-03,89.19,98.48,252,217,0.0010,,EA,IMP
FENGYUN 1C DEB,1999-025CHM,31823,DEB,,PRC,1999-05-10,TAISC,,97.90,99.52,685,631,0.0023,,EA,ORB
FENGYUN 1C DEB,1999-025CHN,31824,DEB,D,PRC,1999-05-10,TAISC,2011-10-04,90.72,97.91,354,266,0.0093,,EA,IMP
FENGYUN 1C DEB,1999-025CHP,31825,DEB,,PRC,1999-05-10,TAISC,,101.25,98.60,936,700,0.0230,,EA,ORB
FENGYUN 1C DEB,1999-025CHQ,31826,DEB,,PRC,1999-05-10,TAISC,,101.43,98.64,915,738,0.0136,,EA,ORB
FENGYUN 1C DEB,1999-025CHR,31827,DEB,,PRC,1999-05-10,TAISC,,103.35,97.67,1013,821,0.0113,,EA,ORB
FENGYUN 1C DEB,1999-025CHS,31828,DEB,D,PRC,1999-05-10,TAISC,2024-06-03,94.79,99.23,546,470,0.0008,,EA,IMP
FENGYUN 1C DEB,1999-025CHT,31829,DEB,,PRC,1999-05-10,TAISC,,103.68,98.86,1056,809,0.0127,,EA,ORB
FENGYUN 1C DEB,1999-025CHU,31830,DEB,,PRC,1999-05-10,TAISC,,104.01,99.17,1082,815,0.0153,,EA,ORB
FENGYUN 1C DEB,1999-025CHV,31831,DEB,,PRC,1999-05-10,TAISC,,102.43,97.86,967,781,0.0092,,EA,ORB
FENGYUN 1C DEB,1999-025CHW,31832,DEB,,PRC,1999-05-10,TAISC,,102.73,97.82,987,788,0.0060,,EA,ORB
FENGYUN 1C DEB,1999-025CHX,31833,DEB,,PRC,1999-05-10,TAISC,,106.39,98.22,1295,824,0.0129,,EA,ORB
FENGYUN 1C DEB,1999-025CHY,31834,DEB,,PRC,1999-05-10,TAISC,,102.61,98.34,1000,764,0.0141,,EA,ORB
FENGYUN 1C DEB,1999-025CHZ,31835,DEB,,PRC,1999-05-10,TAISC,,103.26,98.41,1005,821,0.0148,,EA,ORB
FENGYUN 1C DEB,1999-025CJA,31836,DEB,,PRC,1999-05-10,TAISC,,102.01,98.62,935,773,0.0037,,EA,ORB
FENGYUN 1C DEB,1999-025CJB,31837,DEB,,PRC,1999-05-10,TAISC,,96.85,98.08,666,549,0.0139,,EA,ORB
FENGYUN 1C DEB,1999-025CJC,31838,DEB,,PRC,1999-05-10,TAISC,,101.28,98.70,848,791,0.0154,,EA,ORB
FENGYUN 1C DEB,1999-025CJD,31839,DEB,D,PRC,1999-05-10,TAISC,2025-05-22,101.34,98.29,1049,596,0.0091,,EA,IMP
FENGYUN 1C DEB,1999-025CJE,31840,DEB,,PRC,1999-05-10,TAISC,,103.37,99.10,989,847,0.0077,,EA,ORB
FENGYUN 1C DEB,1999-025CJF,31841,DEB,,PRC,1999-05-10,TAISC,,102.45,98.44,1093,656,0.0108,,EA,ORB
FENGYUN 1C DEB,1999-025CJG,31842,DEB,D,PRC,1999-05-10,TAISC,2023-05-31,90.14,98.15,303,259,0.0143,,EA,IMP
FENGYUN 1C DEB,1999-025CJH,31843,DEB,,PRC,1999-05-10,TAISC,,107.78,99.29,1598,650,0.0006,,EA,ORB
FENGYUN 1C DEB,1999-025CJJ,31844,DEB,,PRC,1999-05-10,TAISC,,101.37,100.30,897,750,0.0103,,EA,ORB
FENGYUN 1C DEB,1999-025CJK,31845,DEB,D,PRC,1999-05-10,TAISC,2009-07-21,88.24,98.32,196,179,0.0184,,EA,IMP
FENGYUN 1C DEB,1999-025CJL,31846,DEB,D,PRC,1999-05-10,TAISC,2012-01-21,89.97,99.64,290,255,0.0071,,EA,IMP
FENGYUN 1C DEB,1999-025CJM,31847,DEB,,PRC,1999-05-10,TAISC,,102.18,99.04,927,797,0.0118,,EA,ORB
FENGYUN 1C DEB,1999-025CJN,31848,DEB,D,PRC,1999-05-10,TAISC,2025-03-27,89.87,96.68,282,255,0.0172,,EA,IMP
FENGYUN 1C DEB,1999-025CJP,31849,DEB,D,PRC,1999-05-10,TAISC,2021-01-21,92.03,97.81,378,370,0.0085,,EA,IMP
FENGYUN 1C DEB,1999-025CJQ,31850,DEB,D,PRC,1999-05-10,TAISC,2026-03-21,93.05,98.56,462,386,0.0135,,EA,IMP
FENGYUN 1C DEB,1999-025CJR,31851,DEB,,PRC,1999-05-10,TAISC,,104.00,98.79,1095,800,0.0156,,EA,ORB
FENGYUN 1C DEB,1999-025CJS,31852,DEB,D,PRC,1999-05-10,TAISC,2023-08-31,99.53,98.67,983,490,0.0135,,EA,IMP
FENGYUN 1C DEB,1999-025CJT,31853,DEB,,PRC,1999-05-10,TAISC,,102.76,99.01,920,858,0.0105,,EA,ORB
FENGYUN 1C DEB,1999-025CJU,31854,DEB,,PRC,1999-05-10,TAISC,,102.61,98.85,935,830,0.0178,,EA,ORB
FENGYUN 1C DEB,1999-025CJV,31855,DEB,D,PRC,1999-05-10,TAISC,2023-06-07,94.83,96.68,609,412,0.0077,,EA,IMP
FENGYUN 1C DEB,1999-025CJW,31856,DEB,D,PRC,1999-05-10,TAISC,2022-05-21,94.25,98.90,495,470,0.0080,,EA,IMP
FENGYUN 1C DEB,1999-025CJX,31857,DEB,,PRC,1999-05-10,TAISC,,105.66,96.19,1253,798,0.0125,,EA,ORB
FENGYUN 1C DEB,1999-025CJY,31858,DEB,,PRC,1999-05-10,TAISC,,106.09,97.63,1318,773,0.0090,,EA,ORB
FENGYUN 1C DEB,1999-025CJZ,31859,DEB,D,PRC,1999-05-10,TAISC,2012-10-10,88.80,99.02,234,196,0.0133,,EA,IMP
FENGYUN 1C DEB,1999-025CKA,31860,DEB,D,PRC,1999-05-10,TAISC,2012-10-26,90.42,98.21,315,275,0.0006,,EA,IMP
FENGYUN 1C DEB,1999-025CKB,31861,DEB,,PRC,1999-05-10,TAISC,,108.17,102.33,1515,769,0.0188,,EA,ORB
CBERS 1 DEB,1999-057PS,31867,DEB,D,CHBZ,1999-10-14,TAISC,2016-05-06,92.35,98.02,394,385,0.0124,,EA,IMP
CBERS 1 DEB,1999-057PT,31868,DEB,D,CHBZ,1999-10-14,TAISC,2024-05-07,100.20,98.23,773,763,0.0045,,EA,IMP
CBERS 1 DEB,1999-057PU,31869,DEB,D,CHBZ,1999-10-14,TAISC,2015-04-01,92.26,98.19,395,376,0.0119,,EA,IMP
CBERS 1 DEB,1999-057PV,31870,DEB,D,CHBZ,1999-10-14,TAISC,2022-01-19,93.24,98.18,439,427,0.0153,,EA,IMP
CBERS 1 DEB,1999-057PW,31871,DEB,D,CHBZ,1999-10-14,TAISC,2022-04-20,92.01,98.20,388,358,0.0114,,EA,IMP
CBERS 1 DEB,1999-057PX,31872,DEB,D,CHBZ,1999-10-14,TAISC,2023-02-09,94.18,98.19,482,476,0.0139,,EA,IMP
CBERS 1 DEB,1999-057PY,31873,DEB,D,CHBZ,1999-10-14,TAISC,2024-09-29,95.40,98.38,541,535,0.0150,,EA,IMP
CBERS 1 DEB,1999-057PZ,31874,DEB,D,CHBZ,1999-10-14,TAISC,2020-06-24,99.72,98.20,759,731,0.0077,,EA,IMP
CBERS 1 DEB,1999-057QA,31875,DEB,D,CHBZ,1999-10-14,TAISC,2021-11-15,98.91,98.30,712,701,0.0081,,EA,IMP
CBERS 1 DEB,1999-057QB,31876,DEB,D,CHBZ,1999-10-14,TAISC,2024-04-16,91.43,98.33,355,335,0.0067,,EA,IMP
FENGYUN 1C DEB,1999-025CKC,31877,DEB,,PRC,1999-05-10,TAISC,,95.49,99.00,607,478,0.0171,,EA,ORB
FENGYUN 1C DEB,1999-025CKD,31878,DEB,,PRC,1999-05-10,TAISC,,96.55,99.46,646,540,0.0119,,EA,ORB
FENGYUN 1C DEB,1999-025CKE,31879,DEB,,PRC,1999-05-10,TAISC,,99.75,99.69,895,598,0.0138,,EA,ORB
FENGYUN 1C DEB,1999-025CKF,31880,DEB,,PRC,1999-05-10,TAISC,,103.61,100.04,1022,837,0.0157,,EA,ORB
FENGYUN 1C DEB,1999-025CKG,31881,DEB,D,PRC,1999-05-10,TAISC,2022-03-15,92.47,99.03,404,388,0.0090,,EA,IMP
FENGYUN 1C DEB,1999-025CKH,31882,DEB,,PRC,1999-05-10,TAISC,,101.87,98.92,872,822,0.0105,,EA,ORB
FENGYUN 1C DEB,1999-025CKJ,31883,DEB,,PRC,1999-05-10,TAISC,,97.97,99.04,746,577,0.0139,,EA,ORB
FENGYUN 1C DEB,1999-025CKK,31884,DEB,D,PRC,1999-05-10,TAISC,2011-12-03,95.23,99.34,658,401,0.0131,,EA,IMP
FENGYUN 1C DEB,1999-025CKL,31885,DEB,D,PRC,1999-05-10,TAISC,2008-02-12,88.67,99.06,226,191,0.0044,,EA,IMP
FENGYUN 1C DEB,1999-025CKM,31886,DEB,,PRC,1999-05-10,TAISC,,101.30,99.21,863,777,0.0069,,EA,ORB
FENGYUN 1C DEB,1999-025CKN,31887,DEB,,PRC,1999-05-10,TAISC,,98.57,99.52,703,678,0.0077,,EA,ORB
FENGYUN 1C DEB,1999-025CKP,31888,DEB,,PRC,1999-05-10,TAISC,,100.25,99.16,782,759,0.0170,,EA,ORB
FENGYUN 1C DEB,1999-025CKQ,31889,DEB,D,PRC,1999-05-10,TAISC,2007-08-31,90.23,97.16,307,265,0.0036,,EA,IMP
FENGYUN 1C DEB,1999-025CKR,31890,DEB,,PRC,1999-05-10,TAISC,,102.11,98.71,910,807,0.0152,,EA,ORB
FENGYUN 1C DEB,1999-025CKS,31891,DEB,,PRC,1999-05-10,TAISC,,105.38,99.39,1177,848,0.0143,,EA,ORB
FENGYUN 1C DEB,1999-025CKT,31892,DEB,,PRC,1999-05-10,TAISC,,99.84,99.30,890,612,0.0138,,EA,ORB
FENGYUN 1C DEB,1999-025CKU,31893,DEB,,PRC,1999-05-10,TAISC,,98.32,99.10,799,557,0.0123,,EA,ORB
FENGYUN 1C DEB,1999-025CKV,31894,DEB,D,PRC,1999-05-10,TAISC,2012-03-08,90.07,98.82,303,253,0.0144,,EA,IMP
FENGYUN 1C DEB,1999-025CKW,31895,DEB,,PRC,1999-05-10,TAISC,,104.61,99.08,1139,813,0.0065,,EA,ORB
FENGYUN 1C DEB,1999-025CKX,31896,DEB,D,PRC,1999-05-10,TAISC,2010-01-17,91.01,98.82,352,296,0.0034,,EA,IMP
FENGYUN 1C DEB,1999-025CKY,31897,DEB,,PRC,1999-05-10,TAISC,,101.42,98.83,890,762,0.0104,,EA,ORB
FENGYUN 1C DEB,1999-025CKZ,31898,DEB,,PRC,1999-05-10,TAISC,,97.88,98.68,754,560,0.0069,,EA,ORB
FENGYUN 1C DEB,1999-025CLA,31899,DEB,,PRC,1999-05-10,TAISC,,104.03,102.08,1081,817,0.0110,,EA,ORB
FENGYUN 1C DEB,1999-025CLB,31900,DEB,D,PRC,1999-05-10,TAISC,2014-01-30,91.32,97.74,344,334,0.0219,,EA,IMP
FENGYUN 1C DEB,1999-025CLC,31901,DEB,,PRC,1999-05-10,TAISC,,103.28,98.63,1009,818,0.0147,,EA,ORB
FENGYUN 1C DEB,1999-025CLD,31902,DEB,,PRC,1999-05-10,TAISC,,101.15,98.53,943,683,0.0094,,EA,ORB
FENGYUN 1C DEB,1999-025CLE,31903,DEB,,PRC,1999-05-10,TAISC,,98.49,99.28,775,598,0.0154,,EA,ORB
FENGYUN 1C DEB,1999-025CLF,31904,DEB,,PRC,1999-05-10,TAISC,,103.47,98.92,1056,789,0.0135,,EA,ORB
FENGYUN 1C DEB,1999-025CLG,31905,DEB,,PRC,1999-05-10,TAISC,,100.41,99.17,918,639,0.0170,,EA,ORB
FENGYUN 1C DEB,1999-025CLH,31906,DEB,,PRC,1999-05-10,TAISC,,100.93,98.70,842,763,0.0034,,EA,ORB
FENGYUN 1C DEB,1999-025CLJ,31907,DEB,D,PRC,1999-05-10,TAISC,2012-06-22,91.82,99.64,425,303,0.0114,,EA,IMP
FENGYUN 1C DEB,1999-025CLK,31908,DEB,D,PRC,1999-05-10,TAISC,2016-06-09,92.65,97.09,435,374,0.0138,,EA,IMP
FENGYUN 1C DEB,1999-025CLL,31909,DEB,D,PRC,1999-05-10,TAISC,2012-12-20,94.41,97.66,540,440,0.0134,,EA,IMP
FENGYUN 1C DEB,1999-025CLM,31910,DEB,,PRC,1999-05-10,TAISC,,99.34,97.66,886,568,0.0073,,EA,ORB
FENGYUN 1C DEB,1999-025CLN,31911,DEB,,PRC,1999-05-10,TAISC,,108.78,98.73,1578,763,0.0168,,EA,ORB
FENGYUN 1C DEB,1999-025CLP,31912,DEB,,PRC,1999-05-10,TAISC,,108.89,98.84,1590,761,0.0150,,EA,ORB
FENGYUN 1C DEB,1999-025CLQ,31913,DEB,,PRC,1999-05-10,TAISC,,103.34,99.29,1058,775,0.0100,,EA,ORB
FENGYUN 1C DEB,1999-025CLR,31914,DEB,,PRC,1999-05-10,TAISC,,98.90,98.99,835,577,0.0075,,EA,ORB
FENGYUN 1C DEB,1999-025CLS,31915,DEB,,PRC,1999-05-10,TAISC,,101.63,98.62,907,764,0.0115,,EA,ORB
FENGYUN 1C DEB,1999-025CLT,31916,DEB,,PRC,1999-05-10,TAISC,,100.39,99.33,880,674,0.0143,,EA,ORB
FENGYUN 1C DEB,1999-025CLU,31917,DEB,,PRC,1999-05-10,TAISC,,100.11,98.37,897,630,0.0162,,EA,ORB
FENGYUN 1C DEB,1999-025CLV,31918,DEB,D,PRC,1999-05-10,TAISC,2014-11-11,97.22,99.16,642,609,0.0162,,EA,IMP
FENGYUN 1C DEB,1999-025CLW,31919,DEB,,PRC,1999-05-10,TAISC,,99.56,99.13,810,665,0.0099,,EA,ORB
FENGYUN 1C DEB,1999-025CLX,31920,DEB,D,PRC,1999-05-10,TAISC,2025-04-19,90.43,98.76,315,277,0.0147,,EA,IMP
FENGYUN 1C DEB,1999-025CLY,31921,DEB,,PRC,1999-05-10,TAISC,,104.66,99.32,1129,828,0.0071,,EA,ORB
FENGYUN 1C DEB,1999-025CLZ,31922,DEB,,PRC,1999-05-10,TAISC,,103.78,98.82,1055,819,0.0088,,EA,ORB
FENGYUN 1C DEB,1999-025CMA,31923,DEB,,PRC,1999-05-10,TAISC,,106.24,98.43,1274,831,0.0062,,EA,ORB
FENGYUN 1C DEB,1999-025CMB,31924,DEB,,PRC,1999-05-10,TAISC,,105.51,98.42,1220,817,0.0203,,EA,ORB
FENGYUN 1C DEB,1999-025CMC,31925,DEB,D,PRC,1999-05-10,TAISC,2010-09-04,90.66,98.36,335,279,0.0101,,EA,IMP
FENGYUN 1C DEB,1999-025CMD,31926,DEB,,PRC,1999-05-10,TAISC,,100.47,98.96,807,754,0.0039,,EA,ORB
FENGYUN 1C DEB,1999-025CME,31929,DEB,,PRC,1999-05-10,TAISC,,100.31,98.82,826,721,0.0064,,EA,ORB
FENGYUN 1C DEB,1999-025CMF,31930,DEB,,PRC,1999-05-10,TAISC,,103.59,98.28,1158,699,0.0030,,EA,ORB
FENGYUN 1C DEB,1999-025CMG,31931,DEB,,PRC,1999-05-10,TAISC,,107.23,97.82,1415,781,0.0154,,EA,ORB
FENGYUN 1C DEB,1999-025CMH,31932,DEB,,PRC,1999-05-10,TAISC,,102.28,97.76,962,771,0.7226,,EA,ORB
FENGYUN 1C DEB,1999-025CMJ,31933,DEB,D,PRC,1999-05-10,TAISC,2014-12-10,94.38,99.06,516,461,0.0100,,EA,IMP
FENGYUN 1C DEB,1999-025CMK,31934,DEB,D,PRC,1999-05-10,TAISC,2026-07-31,91.65,98.84,370,341,0.0081,,EA,IMP
FENGYUN 1C DEB,1999-025CML,31935,DEB,,PRC,1999-05-10,TAISC,,101.39,99.73,873,776,0.0136,,EA,ORB
FENGYUN 1C DEB,1999-025CMM,31936,DEB,D,PRC,1999-05-10,TAISC,2014-03-18,92.72,98.89,430,385,0.0133,,EA,IMP
FENGYUN 1C DEB,1999-025CMN,31937,DEB,,PRC,1999-05-10,TAISC,,97.18,99.27,730,517,0.0099,,EA,ORB
FENGYUN 1C DEB,1999-025CMP,31938,DEB,,PRC,1999-05-10,TAISC,,96.10,98.90,672,471,0.0050,,EA,ORB
FENGYUN 1C DEB,1999-025CMQ,31939,DEB,D,PRC,1999-05-10,TAISC,2015-05-11,91.26,98.73,370,303,0.0121,,EA,IMP
FENGYUN 1C DEB,1999-025CMR,31940,DEB,D,PRC,1999-05-10,TAISC,2012-01-26,96.35,99.42,712,455,0.0030,,EA,IMP
FENGYUN 1C DEB,1999-025CMS,31941,DEB,D,PRC,1999-05-10,TAISC,2012-10-26,92.23,99.03,457,310,0.0061,,EA,IMP
FENGYUN 1C DEB,1999-025CMT,31942,DEB,D,PRC,1999-05-10,TAISC,2024-04-13,93.29,98.90,446,425,0.0114,,EA,IMP
FENGYUN 1C DEB,1999-025CMU,31943,DEB,D,PRC,1999-05-10,TAISC,2013-03-17,98.04,99.19,773,557,0.0023,,EA,IMP
FENGYUN 1C DEB,1999-025CMV,31944,DEB,,PRC,1999-05-10,TAISC,,101.95,99.23,960,742,0.0165,,EA,ORB
FENGYUN 1C DEB,1999-025CMW,31945,DEB,,PRC,1999-05-10,TAISC,,101.24,98.95,859,776,0.0123,,EA,ORB
FENGYUN 1C DEB,1999-025CMX,31946,DEB,,PRC,1999-05-10,TAISC,,101.58,98.89,894,773,0.0111,,EA,ORB
FENGYUN 1C DEB,1999-025CMY,31947,DEB,D,PRC,1999-05-10,TAISC,2024-11-16,97.19,98.77,649,600,0.0099,,EA,IMP
FENGYUN 1C DEB,1999-025CMZ,31948,DEB,,PRC,1999-05-10,TAISC,,100.71,99.38,808,776,0.0057,,EA,ORB
FENGYUN 1C DEB,1999-025CNA,31949,DEB,,PRC,1999-05-10,TAISC,,101.60,98.57,925,745,0.0146,,EA,ORB
FENGYUN 1C DEB,1999-025CNB,31950,DEB,D,PRC,1999-05-10,TAISC,2015-07-05,88.71,99.07,218,203,0.0124,,EA,IMP
FENGYUN 1C DEB,1999-025CNC,31951,DEB,D,PRC,1999-05-10,TAISC,2011-10-20,93.06,98.93,523,326,0.0131,,EA,IMP
FENGYUN 1C DEB,1999-025CND,31952,DEB,,PRC,1999-05-10,TAISC,,99.00,98.98,790,632,0.0141,,EA,ORB
FENGYUN 1C DEB,1999-025CNE,31953,DEB,D,PRC,1999-05-10,TAISC,2024-07-24,94.83,99.31,547,474,0.0113,,EA,IMP
FENGYUN 1C DEB,1999-025CNF,31954,DEB,,PRC,1999-05-10,TAISC,,102.91,98.15,965,828,0.0115,,EA,ORB
FENGYUN 1C DEB,1999-025CNG,31955,DEB,,PRC,1999-05-10,TAISC,,98.10,99.26,697,638,0.0141,,EA,ORB
FENGYUN 1C DEB,1999-025CNH,31956,DEB,,PRC,1999-05-10,TAISC,,100.71,99.50,820,765,0.0129,,EA,ORB
FENGYUN 1C DEB,1999-025CNJ,31957,DEB,,PRC,1999-05-10,TAISC,,100.13,99.50,803,727,0.0130,,EA,ORB
FENGYUN 1C DEB,1999-025CNK,31958,DEB,D,PRC,1999-05-10,TAISC,2022-04-26,93.07,98.91,432,418,0.0107,,EA,IMP
FENGYUN 1C DEB,1999-025CNL,31959,DEB,,PRC,1999-05-10,TAISC,,99.27,98.50,742,705,0.0124,,EA,ORB
FENGYUN 1C DEB,1999-025CNM,31960,DEB,,PRC,1999-05-10,TAISC,,103.11,99.69,1014,798,0.0143,,EA,ORB
FENGYUN 1C DEB,1999-025CNN,31961,DEB,D,PRC,1999-05-10,TAISC,2011-07-02,91.13,97.86,368,292,0.0060,,EA,IMP
FENGYUN 1C DEB,1999-025CNP,31962,DEB,D,PRC,1999-05-10,TAISC,2015-04-11,99.06,99.00,773,654,0.0082,,EA,IMP
FENGYUN 1C DEB,1999-025CNQ,31963,DEB,D,PRC,1999-05-10,TAISC,2025-08-11,92.03,101.67,400,348,0.0089,,EA,IMP
FENGYUN 1C DEB,1999-025CNR,31964,DEB,,PRC,1999-05-10,TAISC,,98.35,98.71,698,662,0.0080,,EA,ORB
FENGYUN 1C DEB,1999-025CNS,31965,DEB,,PRC,1999-05-10,TAISC,,101.00,99.05,831,781,0.0149,,EA,ORB
FENGYUN 1C DEB,1999-025CNT,31966,DEB,,PRC,1999-05-10,TAISC,,97.92,99.04,716,602,0.0111,,EA,ORB
FENGYUN 1C DEB,1999-025CNU,31967,DEB,D,PRC,1999-05-10,TAISC,2011-12-30,97.24,99.40,785,467,0.0113,,EA,IMP
FENGYUN 1C DEB,1999-025CNV,31968,DEB,D,PRC,1999-05-10,TAISC,2023-04-27,100.90,98.99,866,737,0.0022,,EA,IMP
FENGYUN 1C DEB,1999-025CNW,31969,DEB,D,PRC,1999-05-10,TAISC,2017-07-27,94.21,98.80,496,464,0.0099,,EA,IMP
FENGYUN 1C DEB,1999-025CNX,31970,DEB,D,PRC,1999-05-10,TAISC,2012-12-02,92.00,99.49,408,337,0.0066,,EA,IMP
FENGYUN 1C DEB,1999-025CNY,31971,DEB,D,PRC,1999-05-10,TAISC,2025-03-08,95.00,102.23,536,501,0.0103,,EA,IMP
FENGYUN 1C DEB,1999-025CNZ,31972,DEB,,PRC,1999-05-10,TAISC,,102.30,99.18,923,811,0.0034,,EA,ORB
FENGYUN 1C DEB,1999-025CPA,31973,DEB,D,PRC,1999-05-10,TAISC,2025-04-04,99.37,98.33,778,679,0.0139,,EA,IMP
FENGYUN 1C DEB,1999-025CPB,31974,DEB,,PRC,1999-05-10,TAISC,,100.56,98.38,833,737,0.0124,,EA,ORB
FENGYUN 1C DEB,1999-025CPC,31975,DEB,D,PRC,1999-05-10,TAISC,2014-10-20,96.04,99.38,632,506,0.0101,,EA,IMP
FENGYUN 1C DEB,1999-025CPD,31976,DEB,,PRC,1999-05-10,TAISC,,98.14,100.00,703,637,0.0134,,EA,ORB
FENGYUN 1C DEB,1999-025CPE,31977,DEB,,PRC,1999-05-10,TAISC,,104.07,98.21,1149,753,0.0148,,EA,ORB
FENGYUN 1C DEB,1999-025CPF,31978,DEB,,PRC,1999-05-10,TAISC,,105.59,98.40,1218,826,0.0073,,EA,ORB
FENGYUN 1C DEB,1999-025CPG,31979,DEB,,PRC,1999-05-10,TAISC,,105.06,99.38,1188,806,0.0144,,EA,ORB
FENGYUN 1C DEB,1999-025CPH,31980,DEB,,PRC,1999-05-10,TAISC,,108.08,97.59,1459,817,0.0173,,EA,ORB
FENGYUN 1C DEB,1999-025CPJ,31981,DEB,,PRC,1999-05-10,TAISC,,108.03,98.44,1430,842,0.0140,,EA,ORB
FENGYUN 1C DEB,1999-025CPK,31982,DEB,D,PRC,1999-05-10,TAISC,2023-05-04,91.86,97.62,397,335,0.0118,,EA,IMP
FENGYUN 1C DEB,1999-025CPL,31983,DEB,D,PRC,1999-05-10,TAISC,2025-08-20,89.43,98.01,260,232,0.0146,,EA,IMP
FENGYUN 1C DEB,1999-025CPM,31984,DEB,,PRC,1999-05-10,TAISC,,101.17,98.56,859,770,0.0176,,EA,ORB
FENGYUN 1C DEB,1999-025CPN,31985,DEB,,PRC,1999-05-10,TAISC,,101.17,98.19,922,706,0.0146,,EA,ORB
FENGYUN 1C DEB,1999-025CPP,31986,DEB,,PRC,1999-05-10,TAISC,,101.77,99.74,931,754,0.0144,,EA,ORB
FENGYUN 1C DEB,1999-025CPQ,31987,DEB,,PRC,1999-05-10,TAISC,,99.55,99.06,773,700,0.0030,,EA,ORB
FENGYUN 1C DEB,1999-025CPR,31988,DEB,,PRC,1999-05-10,TAISC,,101.26,98.12,860,776,0.0169,,EA,ORB
FENGYUN 1C DEB,1999-025CPS,31989,DEB,,PRC,1999-05-10,TAISC,,103.31,99.18,999,831,0.0028,,EA,ORB
FENGYUN 1C DEB,1999-025CPT,31990,DEB,,PRC,1999-05-10,TAISC,,106.09,99.15,1237,853,0.0149,,EA,ORB
FENGYUN 1C DEB,1999-025CPU,31991,DEB,,PRC,1999-05-10,TAISC,,105.78,100.47,1212,850,0.0187,,EA,ORB
FENGYUN 1C DEB,1999-025CPV,31992,DEB,,PRC,1999-05-10,TAISC,,108.82,99.19,1579,765,0.0138,,EA,ORB
FENGYUN 1C DEB,1999-025CPW,31993,DEB,,PRC,1999-05-10,TAISC,,108.42,99.23,1469,838,0.0130,,EA,ORB
FENGYUN 1C DEB,1999-025CPX,31994,DEB,,PRC,1999-05-10,TAISC,,103.16,98.56,1026,790,0.0131,,EA,ORB
FENGYUN 1C DEB,1999-025CPY,31995,DEB,,PRC,1999-05-10,TAISC,,103.39,98.40,1019,819,0.0136,,EA,ORB
FENGYUN 1C DEB,1999-025CPZ,31996,DEB,,PRC,1999-05-10,TAISC,,105.90,99.29,1253,820,0.0142,,EA,ORB
FENGYUN 1C DEB,1999-025CQA,31997,DEB,,PRC,1999-05-10,TAISC,,105.76,102.51,1242,818,0.0159,,EA,ORB
FENGYUN 1C DEB,1999-025CQB,31998,DEB,D,PRC,1999-05-10,TAISC,2019-11-17,92.39,105.48,394,389,0.0126,,EA,IMP
CBERS 1 DEB,1999-057QC,32064,DEB,D,CHBZ,1999-10-14,TAISC,2015-01-05,92.91,98.16,423,411,0.0073,,EA,IMP
CBERS 1 DEB,1999-057QD,32065,DEB,D,CHBZ,1999-10-14,TAISC,2023-04-06,95.11,98.24,527,521,0.0106,,EA,IMP
CBERS 1 DEB,1999-057QE,32066,DEB,D,CHBZ,1999-10-14,TAISC,2024-01-27,94.59,98.26,499,498,0.0071,,EA,IMP
CBERS 1 DEB,1999-057QF,32067,DEB,,CHBZ,1999-10-14,TAISC,,99.67,98.30,748,738,0.0036,,EA,ORB
CBERS 1 DEB,1999-057QG,32068,DEB,D,CHBZ,1999-10-14,TAISC,2024-10-20,100.30,98.18,779,766,0.0067,,EA,IMP
CBERS 1 DEB,1999-057QH,32069,DEB,D,CHBZ,1999-10-14,TAISC,2023-12-14,99.58,98.24,745,733,0.0114,,EA,IMP
CBERS 1 DEB,1999-057QJ,32070,DEB,D,CHBZ,1999-10-14,TAISC,2016-08-11,99.43,98.20,741,722,0.0112,,EA,IMP
CBERS 1 DEB,1999-057QK,32071,DEB,D,CHBZ,1999-10-14,TAISC,2022-08-23,92.49,97.98,425,369,0.0074,,EA,IMP
CBERS 1 DEB,1999-057QL,32072,DEB,D,CHBZ,1999-10-14,TAISC,2024-07-05,93.36,98.32,447,431,0.0068,,EA,IMP
CBERS 1 DEB,1999-057QM,32073,DEB,D,CHBZ,1999-10-14,TAISC,2014-10-15,89.88,98.24,294,242,0.0010,,EA,IMP
CBERS 1 DEB,1999-057QN,32074,DEB,D,CHBZ,1999-10-14,TAISC,2016-04-21,90.57,98.14,311,294,0.0141,,EA,IMP
CBERS 1 DEB,1999-057QP,32075,DEB,D,CHBZ,1999-10-14,TAISC,2021-07-22,90.15,98.18,294,269,0.0113,,EA,IMP
CBERS 1 DEB,1999-057QQ,32076,DEB,D,CHBZ,1999-10-14,TAISC,2015-07-30,91.70,98.15,372,344,0.0074,,EA,IMP
CBERS 1 DEB,1999-057QR,32077,DEB,D,CHBZ,1999-10-14,TAISC,2021-12-18,99.96,98.23,760,753,0.0076,,EA,IMP
CBERS 1 DEB,1999-057QS,32078,DEB,D,CHBZ,1999-10-14,TAISC,2015-05-17,92.23,98.20,394,374,0.0101,,EA,IMP
CBERS 1 DEB,1999-057QT,32079,DEB,,CHBZ,1999-10-14,TAISC,,99.63,98.74,745,736,0.0081,,EA,ORB
CBERS 1 DEB,1999-057QU,32080,DEB,D,CHBZ,1999-10-14,TAISC,2020-10-06,91.34,98.21,348,333,0.0172,,EA,IMP
CBERS 1 DEB,1999-057QV,32081,DEB,D,CHBZ,1999-10-14,TAISC,2022-08-19,92.34,98.20,398,381,0.0096,,EA,IMP
CBERS 1 DEB,1999-057QW,32082,DEB,D,CHBZ,1999-10-14,TAISC,2022-01-20,91.61,98.20,363,344,0.0111,,EA,IMP
CBERS 1 DEB,1999-057QX,32083,DEB,D,CHBZ,1999-10-14,TAISC,2015-04-09,92.07,98.18,388,364,0.0127,,EA,IMP
CBERS 1 DEB,1999-057QY,32084,DEB,D,CHBZ,1999-10-14,TAISC,2023-04-27,96.44,98.26,591,585,0.0065,,EA,IMP
CBERS 1 DEB,1999-057QZ,32085,DEB,D,CHBZ,1999-10-14,TAISC,2023-02-28,92.99,98.20,433,409,0.0175,,EA,IMP
FENGYUN 1C DEB,1999-025CQC,32086,DEB,,PRC,1999-05-10,TAISC,,105.12,99.26,1219,781,0.0113,,EA,ORB
FENGYUN 1C DEB,1999-025CQD,32087,DEB,D,PRC,1999-05-10,TAISC,2023-01-22,96.99,98.65,677,552,0.0106,,EA,IMP
FENGYUN 1C DEB,1999-025CQE,32088,DEB,,PRC,1999-05-10,TAISC,,108.61,102.40,1510,815,0.0149,,EA,ORB
FENGYUN 1C DEB,1999-025CQF,32089,DEB,,PRC,1999-05-10,TAISC,,101.79,98.66,925,763,0.0136,,EA,ORB
FENGYUN 1C DEB,1999-025CQG,32090,DEB,,PRC,1999-05-10,TAISC,,100.20,99.06,809,727,0.0109,,EA,ORB
FENGYUN 1C DEB,1999-025CQH,32091,DEB,D,PRC,1999-05-10,TAISC,2011-11-24,96.89,98.87,726,494,0.0002,,EA,IMP
FENGYUN 1C DEB,1999-025CQJ,32092,DEB,,PRC,1999-05-10,TAISC,,101.53,98.84,856,806,0.0149,,EA,ORB
FENGYUN 1C DEB,1999-025CQK,32093,DEB,,PRC,1999-05-10,TAISC,,100.13,98.89,821,709,0.0124,,EA,ORB
FENGYUN 1C DEB,1999-025CQL,32094,DEB,,PRC,1999-05-10,TAISC,,102.05,98.76,880,832,0.0129,,EA,ORB
FENGYUN 1C DEB,1999-025CQM,32095,DEB,,PRC,1999-05-10,TAISC,,101.67,98.63,895,781,0.0133,,EA,ORB
FENGYUN 1C DEB,1999-025CQN,32096,DEB,,PRC,1999-05-10,TAISC,,103.54,99.05,1025,826,0.0043,,EA,ORB
FENGYUN 1C DEB,1999-025CQP,32097,DEB,D,PRC,1999-05-10,TAISC,2024-01-05,93.16,99.09,458,400,0.0070,,EA,IMP
FENGYUN 1C DEB,1999-025CQQ,32098,DEB,,PRC,1999-05-10,TAISC,,101.36,98.63,963,683,0.0127,,EA,ORB
FENGYUN 1C DEB,1999-025CQR,32099,DEB,,PRC,1999-05-10,TAISC,,103.39,98.30,1168,669,0.0086,,EA,ORB
FENGYUN 1C DEB,1999-025CQS,32100,DEB,D,PRC,1999-05-10,TAISC,2012-01-25,89.99,99.09,304,243,0.0049,,EA,IMP
FENGYUN 1C DEB,1999-025CQT,32101,DEB,,PRC,1999-05-10,TAISC,,102.64,99.02,969,798,0.0128,,EA,ORB
FENGYUN 1C DEB,1999-025CQU,32102,DEB,D,PRC,1999-05-10,TAISC,2022-04-11,92.99,99.32,436,406,0.0137,,EA,IMP
FENGYUN 1C DEB,1999-025CQV,32103,DEB,D,PRC,1999-05-10,TAISC,2023-06-21,90.67,96.66,323,292,0.0079,,EA,IMP
FENGYUN 1C DEB,1999-025CQW,32104,DEB,,PRC,1999-05-10,TAISC,,104.57,97.65,1213,735,0.0133,,EA,ORB
FENGYUN 1C DEB,1999-025CQX,32105,DEB,,PRC,1999-05-10,TAISC,,107.37,103.46,1400,810,0.0192,,EA,ORB
FENGYUN 1C DEB,1999-025CQY,32106,DEB,,PRC,1999-05-10,TAISC,,100.65,101.47,864,714,0.0097,,EA,ORB
FENGYUN 1C DEB,1999-025CQZ,32107,DEB,,PRC,1999-05-10,TAISC,,102.49,99.08,928,825,0.0066,,EA,ORB
FENGYUN 1C DEB,1999-025CRA,32108,DEB,D,PRC,1999-05-10,TAISC,2014-12-20,94.21,99.05,505,456,0.0123,,EA,IMP
FENGYUN 1C DEB,1999-025CRB,32109,DEB,,PRC,1999-05-10,TAISC,,100.38,98.33,923,630,0.0063,,EA,ORB
FENGYUN 1C DEB,1999-025CRC,32110,DEB,,PRC,1999-05-10,TAISC,,100.66,99.55,814,766,0.0150,,EA,ORB
FENGYUN 1C DEB,1999-025CRD,32111,DEB,,PRC,1999-05-10,TAISC,,100.57,98.45,871,700,0.0121,,EA,ORB
FENGYUN 1C DEB,1999-025CRE,32112,DEB,D,PRC,1999-05-10,TAISC,2022-07-20,94.87,98.61,563,462,0.0121,,EA,IMP
FENGYUN 1C DEB,1999-025CRF,32113,DEB,,PRC,1999-05-10,TAISC,,103.22,99.00,1082,739,0.0126,,EA,ORB
FENGYUN 1C DEB,1999-025CRG,32114,DEB,,PRC,1999-05-10,TAISC,,97.04,99.94,645,589,0.0167,,EA,ORB
FENGYUN 1C DEB,1999-025CRH,32115,DEB,,PRC,1999-05-10,TAISC,,101.17,98.92,833,796,0.0126,,EA,ORB
FENGYUN 1C DEB,1999-025CRJ,32116,DEB,D,PRC,1999-05-10,TAISC,2023-03-23,93.68,99.54,514,396,0.0039,,EA,IMP
FENGYUN 1C DEB,1999-025CRK,32117,DEB,,PRC,1999-05-10,TAISC,,101.06,98.59,829,788,0.0090,,EA,ORB
FENGYUN 1C DEB,1999-025CRL,32118,DEB,D,PRC,1999-05-10,TAISC,2023-06-19,92.90,102.37,435,398,0.0147,,EA,IMP
FENGYUN 1C DEB,1999-025CRM,32119,DEB,,PRC,1999-05-10,TAISC,,102.61,99.87,944,820,0.0121,,EA,ORB
FENGYUN 1C DEB,1999-025CRN,32120,DEB,D,PRC,1999-05-10,TAISC,2022-03-01,96.04,98.88,609,529,0.0135,,EA,IMP
FENGYUN 1C DEB,1999-025CRP,32121,DEB,D,PRC,1999-05-10,TAISC,2012-12-29,98.38,98.81,705,657,0.0018,,EA,IMP
FENGYUN 1C DEB,1999-025CRQ,32122,DEB,D,PRC,1999-05-10,TAISC,2008-02-07,90.19,98.93,292,275,0.0074,,EA,IMP
FENGYUN 1C DEB,1999-025CRR,32123,DEB,,PRC,1999-05-10,TAISC,,98.48,98.95,798,575,0.0020,,EA,ORB
FENGYUN 1C DEB,1999-025CRS,32124,DEB,D,PRC,1999-05-10,TAISC,2022-01-13,91.07,99.01,337,317,0.0105,,EA,IMP
FENGYUN 1C DEB,1999-025CRT,32125,DEB,,PRC,1999-05-10,TAISC,,97.50,99.07,748,531,0.0154,,EA,ORB
FENGYUN 1C DEB,1999-025CRU,32126,DEB,,PRC,1999-05-10,TAISC,,106.10,99.09,1255,837,0.0175,,EA,ORB
FENGYUN 1C DEB,1999-025CRV,32127,DEB,,PRC,1999-05-10,TAISC,,105.81,99.26,1242,823,0.0151,,EA,ORB
FENGYUN 1C DEB,1999-025CRW,32128,DEB,,PRC,1999-05-10,TAISC,,103.24,99.00,1199,625,0.0160,,EA,ORB
FENGYUN 1C DEB,1999-025CRX,32129,DEB,,PRC,1999-05-10,TAISC,,100.59,99.07,833,740,0.0084,,EA,ORB
FENGYUN 1C DEB,1999-025CRY,32130,DEB,,PRC,1999-05-10,TAISC,,100.13,98.92,823,706,0.0064,,EA,ORB
FENGYUN 1C DEB,1999-025CRZ,32131,DEB,D,PRC,1999-05-10,TAISC,2011-09-16,96.63,99.91,728,466,0.0170,,EA,IMP
FENGYUN 1C DEB,1999-025CSA,32132,DEB,,PRC,1999-05-10,TAISC,,99.06,98.36,767,661,0.0140,,EA,ORB
FENGYUN 1C DEB,1999-025CSB,32133,DEB,,PRC,1999-05-10,TAISC,,101.53,98.44,858,805,0.0132,,EA,ORB
FENGYUN 1C DEB,1999-025CSC,32134,DEB,,PRC,1999-05-10,TAISC,,101.23,98.60,1001,633,0.0115,,EA,ORB
FENGYUN 1C DEB,1999-025CSD,32135,DEB,D,PRC,1999-05-10,TAISC,2014-11-08,92.88,98.99,427,404,0.0140,,EA,IMP
FENGYUN 1C DEB,1999-025CSE,32136,DEB,,PRC,1999-05-10,TAISC,,100.09,98.28,810,715,0.0109,,EA,ORB
FENGYUN 1C DEB,1999-025CSF,32137,DEB,,PRC,1999-05-10,TAISC,,96.88,98.47,729,490,0.0087,,EA,ORB
FENGYUN 1C DEB,1999-025CSG,32138,DEB,,PRC,1999-05-10,TAISC,,100.63,98.92,802,775,0.0104,,EA,ORB
FENGYUN 1C DEB,1999-025CSH,32139,DEB,,PRC,1999-05-10,TAISC,,99.87,98.42,888,617,0.0148,,EA,ORB
FENGYUN 1C DEB,1999-025CSJ,32140,DEB,D,PRC,1999-05-10,TAISC,2013-02-19,91.44,99.71,366,325,0.0102,,EA,IMP
FENGYUN 1C DEB,1999-025CSK,32141,DEB,,PRC,1999-05-10,TAISC,,102.57,98.74,931,830,0.0121,,EA,ORB
FENGYUN 1C DEB,1999-025CSL,32142,DEB,D,PRC,1999-05-10,TAISC,2024-09-25,98.61,98.86,700,684,0.0085,,EA,IMP
FENGYUN 1C DEB,1999-025CSM,32143,DEB,,PRC,1999-05-10,TAISC,,101.54,98.62,907,756,0.0141,,EA,ORB
FENGYUN 1C DEB,1999-025CSN,32144,DEB,D,PRC,1999-05-10,TAISC,2011-08-16,98.04,99.89,919,410,0.0096,,EA,IMP
FENGYUN 1C DEB,1999-025CSP,32145,DEB,D,PRC,1999-05-10,TAISC,2012-06-16,93.50,96.98,488,404,0.0122,,EA,IMP
FENGYUN 1C DEB,1999-025CSQ,32146,DEB,,PRC,1999-05-10,TAISC,,99.72,98.89,809,682,0.0120,,EA,ORB
FENGYUN 1C DEB,1999-025CSR,32147,DEB,D,PRC,1999-05-10,TAISC,2020-11-10,96.41,99.02,711,463,0.0116,,EA,IMP
FENGYUN 1C DEB,1999-025CSS,32148,DEB,D,PRC,1999-05-10,TAISC,2024-08-28,92.55,99.04,427,372,0.0108,,EA,IMP
FENGYUN 1C DEB,1999-025CST,32149,DEB,D,PRC,1999-05-10,TAISC,2014-12-03,94.69,99.05,525,482,0.0083,,EA,IMP
FENGYUN 1C DEB,1999-025CSU,32150,DEB,,PRC,1999-05-10,TAISC,,98.55,99.16,810,569,0.0110,,EA,ORB
FENGYUN 1C DEB,1999-025CSV,32151,DEB,D,PRC,1999-05-10,TAISC,2024-12-21,95.75,99.00,577,533,0.0145,,EA,IMP
FENGYUN 1C DEB,1999-025CSW,32152,DEB,,PRC,1999-05-10,TAISC,,98.65,98.78,731,657,0.0064,,EA,ORB
FENGYUN 1C DEB,1999-025CSX,32153,DEB,,PRC,1999-05-10,TAISC,,99.36,98.75,875,582,0.0128,,EA,ORB
FENGYUN 1C DEB,1999-025CSY,32154,DEB,D,PRC,1999-05-10,TAISC,2022-01-05,92.12,99.00,393,363,0.0110,,EA,IMP
FENGYUN 1C DEB,1999-025CSZ,32155,DEB,,PRC,1999-05-10,TAISC,,100.45,98.97,829,731,0.0125,,EA,ORB
FENGYUN 1C DEB,1999-025CTA,32156,DEB,,PRC,1999-05-10,TAISC,,100.53,99.36,843,725,0.0148,,EA,ORB
FENGYUN 1C DEB,1999-025CTB,32157,DEB,D,PRC,1999-05-10,TAISC,2024-12-18,88.67,98.95,217,201,0.0023,,EA,IMP
FENGYUN 1C DEB,1999-025CTC,32158,DEB,D,PRC,1999-05-10,TAISC,2024-08-21,98.75,99.11,725,674,0.0131,,EA,IMP
FENGYUN 1C DEB,1999-025CTD,32159,DEB,D,PRC,1999-05-10,TAISC,2014-01-18,90.40,98.92,312,276,0.0059,,EA,IMP
FENGYUN 1C DEB,1999-025CTE,32160,DEB,,PRC,1999-05-10,TAISC,,100.12,98.91,822,706,0.0038,,EA,ORB
FENGYUN 1C DEB,1999-025CTF,32161,DEB,,PRC,1999-05-10,TAISC,,102.70,98.84,984,789,0.0135,,EA,ORB
FENGYUN 1C DEB,1999-025CTG,32162,DEB,,PRC,1999-05-10,TAISC,,98.29,99.44,709,644,0.0156,,EA,ORB
FENGYUN 1C DEB,1999-025CTH,32163,DEB,,PRC,1999-05-10,TAISC,,99.70,99.53,780,708,0.0085,,EA,ORB
FENGYUN 1C DEB,1999-025CTJ,32164,DEB,,PRC,1999-05-10,TAISC,,99.40,99.33,818,642,0.0081,,EA,ORB
FENGYUN 1C DEB,1999-025CTK,32165,DEB,,PRC,1999-05-10,TAISC,,102.48,98.62,975,777,0.0160,,EA,ORB
FENGYUN 1C DEB,1999-025CTL,32166,DEB,D,PRC,1999-05-10,TAISC,2024-04-17,90.64,98.18,312,300,0.0016,,EA,IMP
FENGYUN 1C DEB,1999-025CTM,32167,DEB,,PRC,1999-05-10,TAISC,,100.59,98.49,904,670,0.0106,,EA,ORB
FENGYUN 1C DEB,1999-025CTN,32168,DEB,,PRC,1999-05-10,TAISC,,103.77,101.66,1115,759,0.0132,,EA,ORB
FENGYUN 1C DEB,1999-025CTP,32169,DEB,,PRC,1999-05-10,TAISC,,97.27,98.54,649,607,0.0093,,EA,ORB
FENGYUN 1C DEB,1999-025CTQ,32170,DEB,D,PRC,1999-05-10,TAISC,2022-05-18,91.64,99.07,369,340,0.0072,,EA,IMP
FENGYUN 1C DEB,1999-025CTR,32171,DEB,,PRC,1999-05-10,TAISC,,107.13,102.80,1449,739,0.0135,,EA,ORB
FENGYUN 1C DEB,1999-025CTS,32172,DEB,D,PRC,1999-05-10,TAISC,2026-02-19,91.99,99.03,384,360,0.0082,,EA,IMP
FENGYUN 1C DEB,1999-025CTT,32173,DEB,,PRC,1999-05-10,TAISC,,100.95,99.60,854,753,0.0111,,EA,ORB
FENGYUN 1C DEB,1999-025CTU,32174,DEB,,PRC,1999-05-10,TAISC,,101.54,98.57,939,724,0.0113,,EA,ORB
FENGYUN 1C DEB,1999-025CTV,32175,DEB,,PRC,1999-05-10,TAISC,,103.12,98.84,1016,797,0.0111,,EA,ORB
FENGYUN 1C DEB,1999-025CTW,32176,DEB,,PRC,1999-05-10,TAISC,,96.23,99.38,593,563,0.0140,,EA,ORB
FENGYUN 1C DEB,1999-025CTX,32177,DEB,,PRC,1999-05-10,TAISC,,98.71,99.03,731,663,0.0085,,EA,ORB
FENGYUN 1C DEB,1999-025CTY,32178,DEB,,PRC,1999-05-10,TAISC,,101.12,100.29,879,745,0.0134,,EA,ORB
FENGYUN 1C DEB,1999-025CTZ,32179,DEB,,PRC,1999-05-10,TAISC,,102.58,98.88,986,776,0.0105,,EA,ORB
FENGYUN 1C DEB,1999-025CUA,32180,DEB,,PRC,1999-05-10,TAISC,,104.17,99.55,1055,856,0.0022,,EA,ORB
FENGYUN 1C DEB,1999-025CUB,32181,DEB,,PRC,1999-05-10,TAISC,,98.76,99.49,750,649,0.0115,,EA,ORB
FENGYUN 1C DEB,1999-025CUC,32182,DEB,,PRC,1999-05-10,TAISC,,101.20,98.23,901,730,0.0103,,EA,ORB
FENGYUN 1C DEB,1999-025CUD,32183,DEB,,PRC,1999-05-10,TAISC,,102.08,98.69,889,826,0.0134,,EA,ORB
FENGYUN 1C DEB,1999-025CUE,32184,DEB,D,PRC,1999-05-10,TAISC,2026-04-07,92.04,98.12,401,349,0.0137,,EA,IMP
FENGYUN 1C DEB,1999-025CUF,32185,DEB,,PRC,1999-05-10,TAISC,,92.73,98.86,445,371,0.0098,,EA,ORB
FENGYUN 1C DEB,1999-025CUG,32186,DEB,,PRC,1999-05-10,TAISC,,104.57,99.59,1174,775,0.0135,,EA,ORB
FENGYUN 1C DEB,1999-025CUH,32187,DEB,,PRC,1999-05-10,TAISC,,106.62,99.48,1288,852,0.0153,,EA,ORB
FENGYUN 1C DEB,1999-025CUJ,32188,DEB,D,PRC,1999-05-10,TAISC,2024-07-27,99.88,99.02,798,707,0.0107,,EA,IMP
FENGYUN 1C DEB,1999-025CUK,32189,DEB,,PRC,1999-05-10,TAISC,,101.04,98.97,833,782,0.0130,,EA,ORB
FENGYUN 1C DEB,1999-025CUL,32190,DEB,D,PRC,1999-05-10,TAISC,2024-09-28,98.86,98.97,746,662,0.0118,,EA,IMP
FENGYUN 1C DEB,1999-025CUM,32191,DEB,,PRC,1999-05-10,TAISC,,100.94,98.69,870,737,0.0007,,EA,ORB
FENGYUN 1C DEB,1999-025CUN,32192,DEB,,PRC,1999-05-10,TAISC,,104.15,98.62,1087,822,0.0041,,EA,ORB
FENGYUN 1C DEB,1999-025CUP,32193,DEB,,PRC,1999-05-10,TAISC,,99.97,98.47,811,704,0.0138,,EA,ORB
FENGYUN 1C DEB,1999-025CUQ,32194,DEB,D,PRC,1999-05-10,TAISC,2023-03-09,98.62,99.09,741,644,0.0119,,EA,IMP
FENGYUN 1C DEB,1999-025CUR,32195,DEB,,PRC,1999-05-10,TAISC,,102.21,98.78,913,814,0.0077,,EA,ORB
FENGYUN 1C DEB,1999-025CUS,32196,DEB,D,PRC,1999-05-10,TAISC,2012-07-09,92.15,103.10,411,349,0.0115,,EA,IMP
FENGYUN 1C DEB,1999-025CUT,32197,DEB,,PRC,1999-05-10,TAISC,,100.47,98.89,896,666,0.0157,,EA,ORB
FENGYUN 1C DEB,1999-025CUU,32198,DEB,,PRC,1999-05-10,TAISC,,102.10,98.36,924,792,0.0080,,EA,ORB
FENGYUN 1C DEB,1999-025CUV,32199,DEB,D,PRC,1999-05-10,TAISC,2023-12-16,98.13,99.15,739,599,0.0123,,EA,IMP
FENGYUN 1C DEB,1999-025CUW,32200,DEB,,PRC,1999-05-10,TAISC,,101.65,98.77,864,809,0.0153,,EA,ORB
FENGYUN 1C DEB,1999-025CUX,32201,DEB,,PRC,1999-05-10,TAISC,,102.45,99.13,980,769,0.0097,,EA,ORB
FENGYUN 1C DEB,1999-025CUY,32202,DEB,D,PRC,1999-05-10,TAISC,2024-09-09,98.12,98.41,707,631,0.0204,,EA,IMP
FENGYUN 1C DEB,1999-025CUZ,32203,DEB,,PRC,1999-05-10,TAISC,,92.01,96.98,429,317,0.0076,,EA,ORB
FENGYUN 1C DEB,1999-025CVA,32204,DEB,D,PRC,1999-05-10,TAISC,2023-12-28,97.97,99.33,725,598,0.0135,,EA,IMP
FENGYUN 1C DEB,1999-025CVB,32205,DEB,,PRC,1999-05-10,TAISC,,101.83,98.68,853,838,0.0109,,EA,ORB
FENGYUN 1C DEB,1999-025CVC,32206,DEB,D,PRC,1999-05-10,TAISC,2014-11-13,94.35,97.69,520,455,0.0138,,EA,IMP
FENGYUN 1C DEB,1999-025CVD,32207,DEB,,PRC,1999-05-10,TAISC,,99.99,99.88,818,698,0.0091,,EA,ORB
FENGYUN 1C DEB,1999-025CVE,32208,DEB,D,PRC,1999-05-10,TAISC,2022-07-19,97.75,98.95,674,628,0.0101,,EA,IMP
FENGYUN 1C DEB,1999-025CVF,32209,DEB,,PRC,1999-05-10,TAISC,,106.84,99.43,1326,834,0.0075,,EA,ORB
FENGYUN 1C DEB,1999-025CVG,32210,DEB,,PRC,1999-05-10,TAISC,,101.97,98.85,902,802,0.0157,,EA,ORB
FENGYUN 1C DEB,1999-025CVH,32211,DEB,,PRC,1999-05-10,TAISC,,103.36,98.58,1016,819,0.0022,,EA,ORB
FENGYUN 1C DEB,1999-025CVJ,32212,DEB,,PRC,1999-05-10,TAISC,,99.92,99.59,852,658,0.0076,,EA,ORB
FENGYUN 1C DEB,1999-025CVK,32213,DEB,,PRC,1999-05-10,TAISC,,103.05,99.21,1035,771,0.0073,,EA,ORB
FENGYUN 1C DEB,1999-025CVL,32214,DEB,,PRC,1999-05-10,TAISC,,103.39,99.03,1050,787,0.0106,,EA,ORB
FENGYUN 1C DEB,1999-025CVM,32215,DEB,D,PRC,1999-05-10,TAISC,2011-11-05,95.69,97.67,668,436,0.0111,,EA,IMP
FENGYUN 1C DEB,1999-025CVN,32216,DEB,D,PRC,1999-05-10,TAISC,2026-05-27,93.31,99.50,446,428,0.0153,,EA,IMP
FENGYUN 1C DEB,1999-025CVP,32217,DEB,,PRC,1999-05-10,TAISC,,97.99,99.10,681,645,0.0111,,EA,ORB
FENGYUN 1C DEB,1999-025CVQ,32218,DEB,,PRC,1999-05-10,TAISC,,98.80,98.79,745,658,0.0120,,EA,ORB
FENGYUN 1C DEB,1999-025CVR,32219,DEB,,PRC,1999-05-10,TAISC,,101.34,98.84,885,760,0.0068,,EA,ORB
FENGYUN 1C DEB,1999-025CVS,32220,DEB,,PRC,1999-05-10,TAISC,,103.62,99.27,1097,763,0.0147,,EA,ORB
FENGYUN 1C DEB,1999-025CVT,32221,DEB,,PRC,1999-05-10,TAISC,,98.67,98.60,798,592,0.0101,,EA,ORB
FENGYUN 1C DEB,1999-025CVU,32222,DEB,,PRC,1999-05-10,TAISC,,100.55,99.12,849,720,0.0120,,EA,ORB
FENGYUN 1C DEB,1999-025CVV,32223,DEB,,PRC,1999-05-10,TAISC,,101.24,98.83,849,786,0.0156,,EA,ORB
FENGYUN 1C DEB,1999-025CVW,32224,DEB,,PRC,1999-05-10,TAISC,,100.39,99.01,832,722,0.0083,,EA,ORB
FENGYUN 1C DEB,1999-025CVX,32225,DEB,,PRC,1999-05-10,TAISC,,101.89,99.06,899,797,0.0133,,EA,ORB
FENGYUN 1C DEB,1999-025CVY,32226,DEB,D,PRC,1999-05-10,TAISC,2022-01-31,93.19,99.44,437,425,0.0037,,EA,IMP
FENGYUN 1C DEB,1999-025CVZ,32227,DEB,D,PRC,1999-05-10,TAISC,2024-11-20,90.82,99.44,328,302,0.0095,,EA,IMP
FENGYUN 1C DEB,1999-025CWA,32228,DEB,D,PRC,1999-05-10,TAISC,2024-10-17,97.45,98.61,677,597,0.0141,,EA,IMP
FENGYUN 1C DEB,1999-025CWB,32229,DEB,D,PRC,1999-05-10,TAISC,2013-06-24,91.13,98.91,352,308,0.0139,,EA,IMP
FENGYUN 1C DEB,1999-025CWC,32230,DEB,,PRC,1999-05-10,TAISC,,98.49,98.89,720,653,0.0055,,EA,ORB
FENGYUN 1C DEB,1999-025CWD,32231,DEB,D,PRC,1999-05-10,TAISC,2012-08-09,91.50,99.18,408,288,0.0104,,EA,IMP
FENGYUN 1C DEB,1999-025CWE,32232,DEB,D,PRC,1999-05-10,TAISC,2023-05-29,97.99,97.06,729,596,0.0081,,EA,IMP
FENGYUN 1C DEB,1999-025CWF,32233,DEB,,PRC,1999-05-10,TAISC,,102.61,97.69,1066,698,0.0115,,EA,ORB
FENGYUN 1C DEB,1999-025CWG,32234,DEB,,PRC,1999-05-10,TAISC,,103.23,98.52,1011,812,0.0088,,EA,ORB
FENGYUN 1C DEB,1999-025CWH,32235,DEB,D,PRC,1999-05-10,TAISC,2024-09-10,94.40,99.01,512,467,0.0092,,EA,IMP
FENGYUN 1C DEB,1999-025CWJ,32236,DEB,D,PRC,1999-05-10,TAISC,2015-04-19,94.23,99.45,502,461,0.0076,,EA,IMP
FENGYUN 1C DEB,1999-025CWK,32237,DEB,D,PRC,1999-05-10,TAISC,2015-06-22,90.66,100.09,336,278,0.0068,,EA,IMP
FENGYUN 1C DEB,1999-025CWL,32238,DEB,D,PRC,1999-05-10,TAISC,2023-10-27,91.70,98.87,384,332,0.0082,,EA,IMP
FENGYUN 1C DEB,1999-025CWM,32239,DEB,D,PRC,1999-05-10,TAISC,2014-06-04,94.33,96.99,513,459,0.0117,,EA,IMP
FENGYUN 1C DEB,1999-025CWN,32240,DEB,D,PRC,1999-05-10,TAISC,2015-01-22,94.51,97.80,531,459,0.0132,,EA,IMP
FENGYUN 1C DEB,1999-025CWP,32241,DEB,,PRC,1999-05-10,TAISC,,100.67,99.06,892,688,0.0104,,EA,ORB
FENGYUN 1C DEB,1999-025CWQ,32242,DEB,,PRC,1999-05-10,TAISC,,103.89,97.26,1060,824,0.0106,,EA,ORB
FENGYUN 1C DEB,1999-025CWR,32243,DEB,,PRC,1999-05-10,TAISC,,102.39,98.26,1064,679,0.0072,,EA,ORB
FENGYUN 1C DEB,1999-025CWS,32244,DEB,D,PRC,1999-05-10,TAISC,2014-05-08,92.85,96.92,469,359,0.0115,,EA,IMP
FENGYUN 1C DEB,1999-025CWT,32245,DEB,,PRC,1999-05-10,TAISC,,97.23,98.64,688,564,0.0044,,EA,ORB
FENGYUN 1C DEB,1999-025CWU,32303,DEB,,PRC,1999-05-10,TAISC,,100.94,97.81,864,743,0.0138,,EA,ORB
FENGYUN 1C DEB,1999-025CWV,32304,DEB,,PRC,1999-05-10,TAISC,,99.11,99.41,751,682,0.0112,,EA,ORB
FENGYUN 1C DEB,1999-025CWW,32305,DEB,,PRC,1999-05-10,TAISC,,102.78,98.00,1041,739,0.0145,,EA,ORB
FENGYUN 1C DEB,1999-025CWX,32306,DEB,D,PRC,1999-05-10,TAISC,2015-02-10,89.86,98.77,279,256,0.0081,,EA,IMP
FENGYUN 1C DEB,1999-025CWY,32307,DEB,D,PRC,1999-05-10,TAISC,2015-05-23,98.41,98.27,801,565,0.0117,,EA,IMP
FENGYUN 1C DEB,1999-025CWZ,32308,DEB,,PRC,1999-05-10,TAISC,,102.37,97.76,950,792,0.0036,,EA,ORB
FENGYUN 1C DEB,1999-025CXA,32309,DEB,D,PRC,1999-05-10,TAISC,2014-09-22,94.52,99.95,508,483,0.0104,,EA,IMP
FENGYUN 1C DEB,1999-025CXB,32310,DEB,D,PRC,1999-05-10,TAISC,2015-06-13,97.41,99.05,677,593,0.0064,,EA,IMP
FENGYUN 1C DEB,1999-025CXC,32311,DEB,,PRC,1999-05-10,TAISC,,107.93,101.72,1433,829,0.0125,,EA,ORB
FENGYUN 1C DEB,1999-025CXD,32312,DEB,,PRC,1999-05-10,TAISC,,103.50,98.78,1022,825,0.0167,,EA,ORB
FENGYUN 1C DEB,1999-025CXE,32313,DEB,,PRC,1999-05-10,TAISC,,102.51,99.03,972,782,0.0119,,EA,ORB
FENGYUN 1C DEB,1999-025CXF,32314,DEB,,PRC,1999-05-10,TAISC,,97.01,98.88,712,519,0.0096,,EA,ORB
FENGYUN 1C DEB,1999-025CXG,32315,DEB,,PRC,1999-05-10,TAISC,,105.40,100.83,1182,845,0.0159,,EA,ORB
FENGYUN 1C DEB,1999-025CXH,32316,DEB,,PRC,1999-05-10,TAISC,,99.02,99.51,730,694,0.0103,,EA,ORB
FENGYUN 1C DEB,1999-025CXJ,32317,DEB,,PRC,1999-05-10,TAISC,,99.81,98.00,836,663,0.0115,,EA,ORB
FENGYUN 1C DEB,1999-025CXK,32318,DEB,D,PRC,1999-05-10,TAISC,2019-11-25,93.63,97.29,456,449,0.0127,,EA,IMP
FENGYUN 1C DEB,1999-025CXL,32319,DEB,D,PRC,1999-05-10,TAISC,2023-12-28,93.09,99.11,453,399,0.0143,,EA,IMP
FENGYUN 1C DEB,1999-025CXM,32320,DEB,,PRC,1999-05-10,TAISC,,100.19,100.35,807,727,0.0071,,EA,ORB
FENGYUN 1C DEB,1999-025CXN,32321,DEB,D,PRC,1999-05-10,TAISC,2014-01-02,95.19,97.09,554,502,0.0078,,EA,IMP
FENGYUN 1C DEB,1999-025CXP,32322,DEB,,PRC,1999-05-10,TAISC,,107.90,98.35,1443,816,0.0200,,EA,ORB
FENGYUN 1C DEB,1999-025CXQ,32323,DEB,,PRC,1999-05-10,TAISC,,102.97,98.58,1010,789,0.0127,,EA,ORB
FENGYUN 1C DEB,1999-025CXR,32324,DEB,,PRC,1999-05-10,TAISC,,102.16,99.55,897,824,0.0071,,EA,ORB
FENGYUN 1C DEB,1999-025CXS,32325,DEB,D,PRC,1999-05-10,TAISC,2024-11-05,99.62,98.94,787,694,0.0133,,EA,IMP
FENGYUN 1C DEB,1999-025CXT,32326,DEB,,PRC,1999-05-10,TAISC,,105.14,98.49,1284,717,0.0043,,EA,ORB
FENGYUN 1C DEB,1999-025CXU,32327,DEB,D,PRC,1999-05-10,TAISC,2009-12-27,90.57,98.84,325,280,0.0027,,EA,IMP
FENGYUN 1C DEB,1999-025CXV,32328,DEB,D,PRC,1999-05-10,TAISC,2013-11-08,92.32,98.71,413,364,0.0144,,EA,IMP
FENGYUN 1C DEB,1999-025CXW,32329,DEB,,PRC,1999-05-10,TAISC,,100.74,99.93,829,759,0.0149,,EA,ORB
FENGYUN 1C DEB,1999-025CXX,32330,DEB,,PRC,1999-05-10,TAISC,,102.63,98.04,1011,756,0.0135,,EA,ORB
FENGYUN 1C DEB,1999-025CXY,32331,DEB,,PRC,1999-05-10,TAISC,,96.51,99.17,603,580,0.0115,,EA,ORB
FENGYUN 1C DEB,1999-025CXZ,32332,DEB,,PRC,1999-05-10,TAISC,,102.98,99.11,1105,695,0.0123,,EA,ORB
FENGYUN 1C DEB,1999-025CYA,32333,DEB,,PRC,1999-05-10,TAISC,,102.42,97.85,954,792,0.0084,,EA,ORB
FENGYUN 1C DEB,1999-025CYB,32334,DEB,,PRC,1999-05-10,TAISC,,102.71,99.23,935,839,0.0090,,EA,ORB
FENGYUN 1C DEB,1999-025CYC,32335,DEB,D,PRC,1999-05-10,TAISC,2012-06-18,96.07,98.97,688,453,0.0086,,EA,IMP
FENGYUN 1C DEB,1999-025CYD,32336,DEB,,PRC,1999-05-10,TAISC,,100.32,98.99,873,674,0.0072,,EA,ORB
FENGYUN 1C DEB,1999-025CYE,32337,DEB,,PRC,1999-05-10,TAISC,,106.36,99.28,1290,826,0.0138,,EA,ORB
FENGYUN 1C DEB,1999-025CYF,32338,DEB,,PRC,1999-05-10,TAISC,,99.66,98.91,786,699,0.0077,,EA,ORB
FENGYUN 1C DEB,1999-025CYG,32339,DEB,,PRC,1999-05-10,TAISC,,100.44,98.60,810,749,0.0132,,EA,ORB
FENGYUN 1C DEB,1999-025CYH,32340,DEB,,PRC,1999-05-10,TAISC,,97.19,98.97,645,603,0.0084,,EA,ORB
FENGYUN 1C DEB,1999-025CYJ,32341,DEB,D,PRC,1999-05-10,TAISC,2012-06-20,92.77,100.13,479,342,0.0120,,EA,IMP
FENGYUN 1C DEB,1999-025CYK,32342,DEB,,PRC,1999-05-10,TAISC,,101.88,98.67,853,842,0.0158,,EA,ORB
FENGYUN 1C DEB,1999-025CYL,32343,DEB,,PRC,1999-05-10,TAISC,,101.39,98.63,934,715,0.0143,,EA,ORB
FENGYUN 1C DEB,1999-025CYM,32344,DEB,D,PRC,1999-05-10,TAISC,2023-04-27,93.27,100.31,472,398,0.0126,,EA,IMP
FENGYUN 1C DEB,1999-025CYN,32345,DEB,D,PRC,1999-05-10,TAISC,2019-10-06,100.77,98.41,978,612,0.0113,,EA,IMP
FENGYUN 1C DEB,1999-025CYP,32346,DEB,,PRC,1999-05-10,TAISC,,103.68,97.82,1045,820,0.0109,,EA,ORB
FENGYUN 1C DEB,1999-025CYQ,32347,DEB,D,PRC,1999-05-10,TAISC,2012-03-09,91.45,99.09,388,304,0.0113,,EA,IMP
FENGYUN 1C DEB,1999-025CYR,32348,DEB,D,PRC,1999-05-10,TAISC,2012-08-25,96.20,99.04,674,479,0.0055,,EA,IMP
FENGYUN 1C DEB,1999-025CYS,32349,DEB,D,PRC,1999-05-10,TAISC,2014-05-28,94.06,97.73,504,442,0.0153,,EA,IMP
FENGYUN 1C DEB,1999-025CYT,32350,DEB,,PRC,1999-05-10,TAISC,,98.98,98.20,894,526,0.0138,,EA,ORB
FENGYUN 1C DEB,1999-025CYU,32351,DEB,D,PRC,1999-05-10,TAISC,2023-09-08,92.49,98.99,430,362,0.0051,,EA,IMP
FENGYUN 1C DEB,1999-025CYV,32352,DEB,,PRC,1999-05-10,TAISC,,99.87,98.78,839,666,0.0045,,EA,ORB
FENGYUN 1C DEB,1999-025CYW,32353,DEB,,PRC,1999-05-10,TAISC,,102.45,98.94,963,786,0.0056,,EA,ORB
FENGYUN 1C DEB,1999-025CYX,32354,DEB,D,PRC,1999-05-10,TAISC,2024-02-16,101.42,102.92,961,691,0.0120,,EA,IMP
FENGYUN 1C DEB,1999-025CYY,32355,DEB,D,PRC,1999-05-10,TAISC,2026-01-02,93.12,100.34,447,408,0.0091,,EA,IMP
FENGYUN 1C DEB,1999-025CYZ,32356,DEB,,PRC,1999-05-10,TAISC,,102.49,102.49,964,789,0.0062,,EA,ORB
FENGYUN 1C DEB,1999-025CZA,32357,DEB,,PRC,1999-05-10,TAISC,,105.06,98.83,1352,642,0.0122,,EA,ORB
FENGYUN 1C DEB,1999-025CZB,32358,DEB,D,PRC,1999-05-10,TAISC,2012-08-19,92.94,98.87,445,392,0.0091,,EA,IMP
FENGYUN 1C DEB,1999-025CZC,32359,DEB,D,PRC,1999-05-10,TAISC,2014-04-09,91.70,102.19,393,323,0.0082,,EA,IMP
FENGYUN 1C DEB,1999-025CZD,32360,DEB,,PRC,1999-05-10,TAISC,,102.81,98.13,1053,730,0.0085,,EA,ORB
FENGYUN 1C DEB,1999-025CZE,32361,DEB,,PRC,1999-05-10,TAISC,,99.00,98.84,741,681,0.0101,,EA,ORB
FENGYUN 1C DEB,1999-025CZF,32362,DEB,,PRC,1999-05-10,TAISC,,105.38,99.85,1214,811,0.0142,,EA,ORB
FENGYUN 1C DEB,1999-025CZG,32363,DEB,D,PRC,1999-05-10,TAISC,2026-03-10,89.92,98.33,286,254,0.0141,,EA,IMP
FENGYUN 1C DEB,1999-025CZH,32364,DEB,,PRC,1999-05-10,TAISC,,101.70,98.27,926,752,0.0155,,EA,ORB
FENGYUN 1C DEB,1999-025CZJ,32365,DEB,D,PRC,1999-05-10,TAISC,2011-11-21,94.18,95.19,554,403,0.0034,,EA,IMP
FENGYUN 1C DEB,1999-025CZK,32366,DEB,,PRC,1999-05-10,TAISC,,101.76,96.78,935,749,0.0090,,EA,ORB
FENGYUN 1C DEB,1999-025CZL,32367,DEB,D,PRC,1999-05-10,TAISC,2012-06-14,95.52,97.63,660,427,0.0146,,EA,IMP
FENGYUN 1C DEB,1999-025CZM,32368,DEB,,PRC,1999-05-10,TAISC,,102.83,97.83,1092,693,0.0129,,EA,ORB
FENGYUN 1C DEB,1999-025CZN,32369,DEB,,PRC,1999-05-10,TAISC,,105.62,98.38,1344,702,0.0183,,EA,ORB
FENGYUN 1C DEB,1999-025CZP,32370,DEB,D,PRC,1999-05-10,TAISC,2022-01-02,93.07,99.04,459,391,0.0135,,EA,IMP
FENGYUN 1C DEB,1999-025CZQ,32371,DEB,D,PRC,1999-05-10,TAISC,2023-11-23,98.05,99.27,732,599,0.0161,,EA,IMP
FENGYUN 1C DEB,1999-025CZR,32372,DEB,,PRC,1999-05-10,TAISC,,107.78,97.30,1465,783,0.0116,,EA,ORB
FENGYUN 1C DEB,1999-025CZS,32406,DEB,D,PRC,1999-05-10,TAISC,2021-09-21,88.67,98.33,211,206,0.0116,,EA,IMP
FENGYUN 1C DEB,1999-025CZT,32407,DEB,D,PRC,1999-05-10,TAISC,2022-12-02,92.07,98.46,413,340,0.0140,,EA,IMP
FENGYUN 1C DEB,1999-025CZU,32408,DEB,,PRC,1999-05-10,TAISC,,99.89,98.82,945,561,0.0060,,EA,ORB
FENGYUN 1C DEB,1999-025CZV,32409,DEB,,PRC,1999-05-10,TAISC,,97.07,99.56,643,593,0.0054,,EA,ORB
FENGYUN 1C DEB,1999-025CZW,32410,DEB,D,PRC,1999-05-10,TAISC,2022-12-21,94.88,97.79,555,471,0.0110,,EA,IMP
FENGYUN 1C DEB,1999-025CZX,32411,DEB,,PRC,1999-05-10,TAISC,,102.12,98.42,949,769,0.0083,,EA,ORB
FENGYUN 1C DEB,1999-025CZY,32412,DEB,D,PRC,1999-05-10,TAISC,2015-09-05,100.74,98.24,978,610,0.0033,,EA,IMP
FENGYUN 1C DEB,1999-025CZZ,32413,DEB,D,PRC,1999-05-10,TAISC,2008-02-07,90.02,99.18,294,257,0.0017,,EA,IMP
FENGYUN 1C DEB,1999-025DAA,32414,DEB,,PRC,1999-05-10,TAISC,,101.43,98.84,858,795,0.0138,,EA,ORB
FENGYUN 1C DEB,1999-025DAB,32415,DEB,D,PRC,1999-05-10,TAISC,2009-11-25,90.30,96.51,311,267,0.0111,,EA,IMP
FENGYUN 1C DEB,1999-025DAC,32416,DEB,,PRC,1999-05-10,TAISC,,105.42,100.78,1192,837,0.0134,,EA,ORB
FENGYUN 1C DEB,1999-025DAD,32417,DEB,D,PRC,1999-05-10,TAISC,2015-01-19,92.67,97.73,418,392,0.0141,,EA,IMP
FENGYUN 1C DEB,1999-025DAE,32418,DEB,,PRC,1999-05-10,TAISC,,102.57,98.19,1041,719,0.0170,,EA,ORB
FENGYUN 1C DEB,1999-025DAF,32419,DEB,,PRC,1999-05-10,TAISC,,102.09,97.95,1062,653,0.0114,,EA,ORB
FENGYUN 1C DEB,1999-025DAG,32420,DEB,D,PRC,1999-05-10,TAISC,2014-05-28,94.06,97.73,504,442,0.0103,,EA,IMP
FENGYUN 1C DEB,1999-025DAH,32421,DEB,D,PRC,1999-05-10,TAISC,2014-11-13,98.59,97.83,805,578,0.0129,,EA,IMP
FENGYUN 1C DEB,1999-025DAJ,32422,DEB,,PRC,1999-05-10,TAISC,,102.98,97.86,1116,683,0.0080,,EA,ORB
FENGYUN 1C DEB,1999-025DAK,32423,DEB,D,PRC,1999-05-10,TAISC,2014-01-07,92.36,97.75,419,361,0.0146,,EA,IMP
FENGYUN 1C DEB,1999-025DAL,32424,DEB,D,PRC,1999-05-10,TAISC,2016-02-27,98.22,98.84,730,618,0.0025,,EA,IMP
FENGYUN 1C DEB,1999-025DAM,32425,DEB,,PRC,1999-05-10,TAISC,,101.60,96.73,1000,668,0.0115,,EA,ORB
FENGYUN 1C DEB,1999-025DAN,32426,DEB,,PRC,1999-05-10,TAISC,,105.88,98.27,1259,812,0.0103,,EA,ORB
FENGYUN 1C DEB,1999-025DAP,32427,DEB,D,PRC,1999-05-10,TAISC,2022-09-22,96.10,96.76,595,548,0.0113,,EA,IMP
FENGYUN 1C DEB,1999-025DAQ,32428,DEB,D,PRC,1999-05-10,TAISC,2023-12-28,99.51,98.98,802,669,0.0063,,EA,IMP
FENGYUN 1C DEB,1999-025DAR,32429,DEB,,PRC,1999-05-10,TAISC,,101.39,99.08,872,777,0.0140,,EA,ORB
FENGYUN 1C DEB,1999-025DAS,32430,DEB,,PRC,1999-05-10,TAISC,,104.99,98.68,1266,722,0.0132,,EA,ORB
FENGYUN 1C DEB,1999-025DAT,32431,DEB,,PRC,1999-05-10,TAISC,,101.36,99.55,874,772,0.0142,,EA,ORB
FENGYUN 1C DEB,1999-025DAU,32432,DEB,,PRC,1999-05-10,TAISC,,98.91,98.15,823,590,0.0166,,EA,ORB
FENGYUN 1C DEB,1999-025DAV,32433,DEB,D,PRC,1999-05-10,TAISC,2024-07-29,91.27,98.18,364,309,0.0154,,EA,IMP
FENGYUN 1C DEB,1999-025DAW,32434,DEB,D,PRC,1999-05-10,TAISC,2008-03-16,90.41,98.42,364,226,0.0014,,EA,IMP
FENGYUN 1C DEB,1999-025DAX,32435,DEB,D,PRC,1999-05-10,TAISC,2023-02-09,94.46,99.48,539,446,0.0111,,EA,IMP
FENGYUN 1C DEB,1999-025DAY,32436,DEB,D,PRC,1999-05-10,TAISC,2011-10-11,95.95,97.61,695,434,0.0025,,EA,IMP
FENGYUN 1C DEB,1999-025DAZ,32437,DEB,D,PRC,1999-05-10,TAISC,2024-01-01,98.99,99.44,761,660,0.0053,,EA,IMP
FENGYUN 1C DEB,1999-025DBA,32438,DEB,,PRC,1999-05-10,TAISC,,94.71,99.39,508,502,0.0085,,EA,ORB
FENGYUN 1C DEB,1999-025DBB,32439,DEB,D,PRC,1999-05-10,TAISC,2014-02-04,94.10,97.80,517,433,0.0124,,EA,IMP
FENGYUN 1C DEB,1999-025DBC,32440,DEB,,PRC,1999-05-10,TAISC,,105.67,99.14,1262,790,0.0157,,EA,ORB
FENGYUN 1C DEB,1999-025DBD,32441,DEB,,PRC,1999-05-10,TAISC,,102.09,97.78,1036,679,0.0075,,EA,ORB
FENGYUN 1C DEB,1999-025DBE,32442,DEB,D,PRC,1999-05-10,TAISC,2014-10-28,100.99,98.81,988,623,0.0030,,EA,IMP
FENGYUN 1C DEB,1999-025DBF,32443,DEB,D,PRC,1999-05-10,TAISC,2024-11-27,100.94,102.12,860,746,0.0115,,EA,IMP
FENGYUN 1C DEB,1999-025DBG,32444,DEB,D,PRC,1999-05-10,TAISC,2023-08-18,98.30,99.11,708,646,0.0120,,EA,IMP
FENGYUN 1C DEB,1999-025DBH,32445,DEB,D,PRC,1999-05-10,TAISC,2022-05-09,93.58,99.33,459,441,0.0118,,EA,IMP
FENGYUN 1C DEB,1999-025DBJ,32446,DEB,D,PRC,1999-05-10,TAISC,2013-09-02,91.36,98.66,373,310,0.0089,,EA,IMP
FENGYUN 1C DEB,1999-025DBK,32447,DEB,,PRC,1999-05-10,TAISC,,103.14,98.92,966,849,0.0079,,EA,ORB
FENGYUN 1C DEB,1999-025DBL,32448,DEB,D,PRC,1999-05-10,TAISC,2023-11-27,99.01,98.96,731,692,0.0148,,EA,IMP
FENGYUN 1C DEB,1999-025DBM,32449,DEB,,PRC,1999-05-10,TAISC,,105.26,99.34,1252,761,0.0062,,EA,ORB
FENGYUN 1C DEB,1999-025DBN,32450,DEB,,PRC,1999-05-10,TAISC,,102.27,99.18,933,800,0.0147,,EA,ORB
FENGYUN 1C DEB,1999-025DBP,32451,DEB,,PRC,1999-05-10,TAISC,,103.74,99.99,1068,803,0.0195,,EA,ORB
FENGYUN 1C DEB,1999-025DBQ,32452,DEB,D,PRC,1999-05-10,TAISC,2015-08-20,95.87,98.45,617,504,0.0112,,EA,IMP
FENGYUN 1C DEB,1999-025DBR,32453,DEB,,PRC,1999-05-10,TAISC,,102.65,99.37,954,815,0.0106,,EA,ORB
FENGYUN 1C DEB,1999-025DBS,32454,DEB,D,PRC,1999-05-10,TAISC,2024-12-06,100.38,98.41,932,621,0.0091,,EA,IMP
FENGYUN 1C DEB,1999-025DBT,32455,DEB,,PRC,1999-05-10,TAISC,,103.29,101.72,1084,745,0.0091,,EA,ORB
FENGYUN 1C DEB,1999-025DBU,32456,DEB,,PRC,1999-05-10,TAISC,,107.77,103.67,1406,842,0.0125,,EA,ORB
FENGYUN 1C DEB,1999-025DBV,32457,DEB,,PRC,1999-05-10,TAISC,,108.32,100.10,1462,836,0.0094,,EA,ORB
FENGYUN 1C DEB,1999-025DBW,32458,DEB,,PRC,1999-05-10,TAISC,,98.25,99.03,700,649,0.0118,,EA,ORB
FENGYUN 1C DEB,1999-025DBX,32459,DEB,,PRC,1999-05-10,TAISC,,99.73,98.29,896,595,0.0089,,EA,ORB
FENGYUN 1C DEB,1999-025DBY,32460,DEB,,PRC,1999-05-10,TAISC,,103.57,98.04,1065,790,0.0084,,EA,ORB
FENGYUN 1C DEB,1999-025DBZ,32461,DEB,,PRC,1999-05-10,TAISC,,104.85,98.32,1158,816,0.0076,,EA,ORB
FENGYUN 1C DEB,1999-025DCA,32462,DEB,D,PRC,1999-05-10,TAISC,2008-03-05,92.79,100.22,485,337,0.0057,,EA,IMP
FENGYUN 1C DEB,1999-025DCB,32463,DEB,D,PRC,1999-05-10,TAISC,2012-05-14,91.63,103.24,394,315,0.0054,,EA,IMP
FENGYUN 1C DEB,1999-025DCC,32464,DEB,,PRC,1999-05-10,TAISC,,96.03,97.34,638,499,0.0093,,EA,ORB
FENGYUN 1C DEB,1999-025DCD,32465,DEB,D,PRC,1999-05-10,TAISC,2012-01-15,93.99,98.77,541,398,0.0106,,EA,IMP
CBERS 1 DEB,1999-057RA,32466,DEB,D,CHBZ,1999-10-14,TAISC,2015-03-07,92.42,98.11,409,378,0.0178,,EA,IMP
CBERS 1 DEB,1999-057RB,32467,DEB,D,CHBZ,1999-10-14,TAISC,2024-07-01,96.57,98.33,597,591,0.0056,,EA,IMP
CBERS 1 DEB,1999-057RC,32468,DEB,D,CHBZ,1999-10-14,TAISC,2022-05-27,90.83,98.22,334,297,0.0137,,EA,IMP
CBERS 1 DEB,1999-057RD,32469,DEB,D,CHBZ,1999-10-14,TAISC,2022-04-04,99.45,98.23,740,725,0.0069,,EA,IMP
CBERS 1 DEB,1999-057RE,32470,DEB,D,CHBZ,1999-10-14,TAISC,2024-02-16,95.09,98.30,525,521,0.0096,,EA,IMP
FENGYUN 1C DEB,1999-025DCE,33067,DEB,D,PRC,1999-05-10,TAISC,2011-04-11,88.95,98.67,244,202,0.0183,,EA,IMP
FENGYUN 1C DEB,1999-025DCF,33502,DEB,,PRC,1999-05-10,TAISC,,101.08,99.03,865,755,0.0500,,EA,ORB
FENGYUN 1C DEB,1999-025DCG,33599,DEB,,PRC,1999-05-10,TAISC,,93.79,96.58,517,402,0.0104,,EA,ORB
FENGYUN 1C DEB,1999-025DCH,33600,DEB,D,PRC,1999-05-10,TAISC,2024-02-16,93.81,96.25,539,383,0.0081,,EA,IMP
FENGYUN 1C DEB,1999-025DCJ,33601,DEB,,PRC,1999-05-10,TAISC,,102.21,98.34,977,749,0.0086,,EA,ORB
FENGYUN 1C DEB,1999-025DCK,33602,DEB,D,PRC,1999-05-10,TAISC,2011-12-17,95.87,97.30,675,447,0.0146,,EA,IMP
FENGYUN 1C DEB,1999-025DCL,33603,DEB,,PRC,1999-05-10,TAISC,,97.22,98.83,777,475,0.0111,,EA,ORB
FENGYUN 1C DEB,1999-025DCM,33604,DEB,D,PRC,1999-05-10,TAISC,2019-02-02,97.10,99.05,742,498,0.0010,,EA,IMP
FENGYUN 1C DEB,1999-025DCN,33605,DEB,,PRC,1999-05-10,TAISC,,102.26,98.71,907,824,0.0087,,EA,ORB
FENGYUN 1C DEB,1999-025DCP,33606,DEB,D,PRC,1999-05-10,TAISC,2016-01-14,92.20,95.71,403,362,0.0081,,EA,IMP
FENGYUN 1C DEB,1999-025DCQ,33607,DEB,D,PRC,1999-05-10,TAISC,2013-11-10,92.89,97.41,433,399,0.0018,,EA,IMP
FENGYUN 1C DEB,1999-025DCR,33608,DEB,D,PRC,1999-05-10,TAISC,2012-07-23,97.48,98.38,786,490,0.0136,,EA,IMP
FENGYUN 1C DEB,1999-025DCS,33609,DEB,D,PRC,1999-05-10,TAISC,2012-08-11,95.17,98.39,682,371,0.0108,,EA,IMP
FENGYUN 1C DEB,1999-025DCT,33610,DEB,D,PRC,1999-05-10,TAISC,2014-01-09,96.60,99.13,677,515,0.0091,,EA,IMP
FENGYUN 1C DEB,1999-025DCU,33611,DEB,D,PRC,1999-05-10,TAISC,2011-10-28,95.55,97.16,643,447,0.0112,,EA,IMP
FENGYUN 1C DEB,1999-025DCV,33612,DEB,,PRC,1999-05-10,TAISC,,102.48,98.61,955,797,0.0079,,EA,ORB
FENGYUN 1C DEB,1999-025DCW,33613,DEB,,PRC,1999-05-10,TAISC,,100.31,98.68,795,751,0.0105,,EA,ORB
FENGYUN 1C DEB,1999-025DCX,33614,DEB,D,PRC,1999-05-10,TAISC,2022-12-28,95.41,96.56,564,513,0.0113,,EA,IMP
FENGYUN 1C DEB,1999-025DCY,33615,DEB,D,PRC,1999-05-10,TAISC,2012-08-13,96.84,97.09,745,470,0.0105,,EA,IMP
FENGYUN 1C DEB,1999-025DCZ,33616,DEB,D,PRC,1999-05-10,TAISC,2014-02-21,89.75,98.35,280,244,0.0120,,EA,IMP
FENGYUN 1C DEB,1999-025DDA,33617,DEB,D,PRC,1999-05-10,TAISC,2022-11-05,89.54,97.99,268,235,0.0071,,EA,IMP
FENGYUN 1C DEB,1999-025DDB,33618,DEB,,PRC,1999-05-10,TAISC,,98.34,98.53,792,566,0.0097,,EA,ORB
FENGYUN 1C DEB,1999-025DDC,33619,DEB,,PRC,1999-05-10,TAISC,,101.50,98.85,866,793,0.0052,,EA,ORB
FENGYUN 1C DEB,1999-025DDD,33620,DEB,D,PRC,1999-05-10,TAISC,2014-10-03,94.11,97.72,499,453,0.0113,,EA,IMP
FENGYUN 1C DEB,1999-025DDE,33621,DEB,,PRC,1999-05-10,TAISC,,101.39,98.13,1028,621,0.0162,,EA,ORB
FENGYUN 1C DEB,1999-025DDF,33622,DEB,D,PRC,1999-05-10,TAISC,2023-02-24,101.30,98.96,850,790,0.0137,,EA,IMP
FENGYUN 1C DEB,1999-025DDG,33623,DEB,,PRC,1999-05-10,TAISC,,99.70,98.21,781,708,0.0121,,EA,ORB
FENGYUN 1C DEB,1999-025DDH,33624,DEB,D,PRC,1999-05-10,TAISC,2024-04-27,91.73,98.02,395,324,0.0151,,EA,IMP
FENGYUN 1C DEB,1999-025DDJ,33625,DEB,,PRC,1999-05-10,TAISC,,98.35,98.64,833,527,0.0017,,EA,ORB
FENGYUN 1C DEB,1999-025DDK,33626,DEB,D,PRC,1999-05-10,TAISC,2014-10-17,92.10,98.41,387,367,0.0081,,EA,IMP
FENGYUN 1C DEB,1999-025DDL,33627,DEB,D,PRC,1999-05-10,TAISC,2012-04-10,96.74,97.29,766,439,0.0164,,EA,IMP
FENGYUN 1C DEB,1999-025DDM,33628,DEB,D,PRC,1999-05-10,TAISC,2024-03-09,91.49,98.32,365,330,0.0069,,EA,IMP
FENGYUN 1C DEB,1999-025DDN,33629,DEB,D,PRC,1999-05-10,TAISC,2022-04-13,94.29,98.61,514,455,0.0131,,EA,IMP
FENGYUN 1C DEB,1999-025DDP,33630,DEB,,PRC,1999-05-10,TAISC,,101.54,98.63,929,734,0.0062,,EA,ORB
FENGYUN 1C DEB,1999-025DDQ,33631,DEB,D,PRC,1999-05-10,TAISC,2012-11-14,95.96,99.01,643,487,0.0080,,EA,IMP
FENGYUN 1C DEB,1999-025DDR,33632,DEB,D,PRC,1999-05-10,TAISC,2024-06-03,96.14,99.02,587,560,0.0061,,EA,IMP
FENGYUN 1C DEB,1999-025DDS,33633,DEB,,PRC,1999-05-10,TAISC,,101.32,99.06,881,762,0.0037,,EA,ORB
FENGYUN 1C DEB,1999-025DDT,33634,DEB,D,PRC,1999-05-10,TAISC,2013-03-28,90.66,98.76,334,280,0.0089,,EA,IMP
FENGYUN 1C DEB,1999-025DDU,33635,DEB,D,PRC,1999-05-10,TAISC,2014-10-13,91.27,99.19,362,312,0.0108,,EA,IMP
FENGYUN 1C DEB,1999-025DDV,33636,DEB,,PRC,1999-05-10,TAISC,,100.60,98.46,835,739,0.0137,,EA,ORB
FENGYUN 1C DEB,1999-025DDW,33637,DEB,,PRC,1999-05-10,TAISC,,100.12,98.47,823,706,0.0095,,EA,ORB
FENGYUN 1C DEB,1999-025DDX,33638,DEB,,PRC,1999-05-10,TAISC,,105.12,98.45,1195,805,0.0097,,EA,ORB
FENGYUN 1C DEB,1999-025DDY,33639,DEB,,PRC,1999-05-10,TAISC,,99.77,98.71,781,715,0.0137,,EA,ORB
FENGYUN 1C DEB,1999-025DDZ,33640,DEB,,PRC,1999-05-10,TAISC,,99.53,98.87,800,672,0.0091,,EA,ORB
FENGYUN 1C DEB,1999-025DEA,33641,DEB,D,PRC,1999-05-10,TAISC,2015-04-03,100.23,99.01,850,689,0.0038,,EA,IMP
FENGYUN 1C DEB,1999-025DEB,33642,DEB,D,PRC,1999-05-10,TAISC,2018-12-30,92.69,99.27,428,385,0.0135,,EA,IMP
FENGYUN 1C DEB,1999-025DEC,33643,DEB,D,PRC,1999-05-10,TAISC,2024-11-27,90.70,99.05,327,291,0.0083,,EA,IMP
FENGYUN 1C DEB,1999-025DED,33644,DEB,D,PRC,1999-05-10,TAISC,2019-07-28,96.03,99.27,667,469,0.0124,,EA,IMP
FENGYUN 1C DEB,1999-025DEE,33645,DEB,D,PRC,1999-05-10,TAISC,2024-12-07,91.60,99.52,377,329,0.0017,,EA,IMP
FENGYUN 1C DEB,1999-025DEF,33646,DEB,,PRC,1999-05-10,TAISC,,102.50,98.59,956,798,0.0185,,EA,ORB
FENGYUN 1C DEB,1999-025DEG,33647,DEB,,PRC,1999-05-10,TAISC,,103.60,98.19,1107,750,0.0163,,EA,ORB
FENGYUN 1C DEB,1999-025DEH,33648,DEB,,PRC,1999-05-10,TAISC,,101.99,98.73,902,803,0.0147,,EA,ORB
FENGYUN 1C DEB,1999-025DEJ,33649,DEB,D,PRC,1999-05-10,TAISC,2019-05-28,93.98,98.93,481,456,0.0146,,EA,IMP
FENGYUN 1C DEB,1999-025DEK,33650,DEB,,PRC,1999-05-10,TAISC,,103.60,99.01,1039,819,0.0057,,EA,ORB
FENGYUN 1C DEB,1999-025DEL,33651,DEB,,PRC,1999-05-10,TAISC,,101.37,98.62,908,739,0.0097,,EA,ORB
FENGYUN 1C DEB,1999-025DEM,33652,DEB,D,PRC,1999-05-10,TAISC,2009-11-25,90.31,98.84,303,276,0.0039,,EA,IMP
FENGYUN 1C DEB,1999-025DEN,33653,DEB,D,PRC,1999-05-10,TAISC,2010-10-21,88.52,99.69,236,167,0.0003,,EA,IMP
FENGYUN 1C DEB,1999-025DEP,33654,DEB,D,PRC,1999-05-10,TAISC,2012-10-20,95.19,100.03,589,466,0.0136,,EA,IMP
FENGYUN 1C DEB,1999-025DEQ,33655,DEB,,PRC,1999-05-10,TAISC,,95.25,98.80,554,507,0.0120,,EA,ORB
FENGYUN 1C DEB,1999-025DER,33656,DEB,,PRC,1999-05-10,TAISC,,101.18,98.59,879,750,0.0158,,EA,ORB
FENGYUN 1C DEB,1999-025DES,33657,DEB,D,PRC,1999-05-10,TAISC,2015-01-21,91.33,99.03,355,324,0.0127,,EA,IMP
FENGYUN 1C DEB,1999-025DET,33658,DEB,,PRC,1999-05-10,TAISC,,105.61,99.58,1229,817,0.0096,,EA,ORB
FENGYUN 1C DEB,1999-025DEU,33659,DEB,D,PRC,1999-05-10,TAISC,2012-03-04,89.93,99.15,290,252,0.0106,,EA,IMP
FENGYUN 1C DEB,1999-025DEV,33660,DEB,,PRC,1999-05-10,TAISC,,103.45,98.64,1001,842,0.0125,,EA,ORB
FENGYUN 1C DEB,1999-025DEW,33661,DEB,,PRC,1999-05-10,TAISC,,104.85,98.39,1156,819,0.0080,,EA,ORB
FENGYUN 1C DEB,1999-025DEX,33662,DEB,D,PRC,1999-05-10,TAISC,2009-06-27,89.52,99.22,278,223,0.0012,,EA,IMP
FENGYUN 1C DEB,1999-025DEY,33663,DEB,,PRC,1999-05-10,TAISC,,97.48,98.89,679,598,0.0114,,EA,ORB
FENGYUN 1C DEB,1999-025DEZ,33664,DEB,,PRC,1999-05-10,TAISC,,102.54,98.74,998,760,0.0066,,EA,ORB
FENGYUN 1C DEB,1999-025DFA,33665,DEB,,PRC,1999-05-10,TAISC,,102.48,99.05,1203,549,0.0138,,EA,ORB
FENGYUN 1C DEB,1999-025DFB,33666,DEB,D,PRC,1999-05-10,TAISC,2024-05-13,96.73,98.87,634,570,0.0130,,EA,IMP
FENGYUN 1C DEB,1999-025DFC,33667,DEB,D,PRC,1999-05-10,TAISC,2012-07-21,94.57,98.99,552,444,0.0102,,EA,IMP
FENGYUN 1C DEB,1999-025DFD,33668,DEB,D,PRC,1999-05-10,TAISC,2025-04-10,89.52,98.96,267,234,0.0092,,EA,IMP
FENGYUN 1C DEB,1999-025DFE,33669,DEB,D,PRC,1999-05-10,TAISC,2014-04-12,92.16,98.21,434,327,0.0095,,EA,IMP
FENGYUN 1C DEB,1999-025DFF,33670,DEB,D,PRC,1999-05-10,TAISC,2014-05-09,93.74,99.10,509,406,0.0056,,EA,IMP
FENGYUN 1C DEB,1999-025DFG,33671,DEB,D,PRC,1999-05-10,TAISC,2014-03-11,98.87,99.53,810,599,0.0086,,EA,IMP
FENGYUN 1C DEB,1999-025DFH,33672,DEB,D,PRC,1999-05-10,TAISC,2012-07-10,97.60,99.60,826,462,0.0007,,EA,IMP
FENGYUN 1C DEB,1999-025DFJ,33673,DEB,,PRC,1999-05-10,TAISC,,103.16,99.32,983,833,0.0040,,EA,ORB
FENGYUN 1C DEB,1999-025DFK,33674,DEB,,PRC,1999-05-10,TAISC,,104.52,98.60,1124,820,0.0072,,EA,ORB
FENGYUN 1C DEB,1999-025DFL,33675,DEB,D,PRC,1999-05-10,TAISC,2025-10-24,93.42,99.13,445,440,0.0135,,EA,IMP
FENGYUN 1C DEB,1999-025DFM,33676,DEB,,PRC,1999-05-10,TAISC,,100.29,99.07,919,626,0.0129,,EA,ORB
FENGYUN 1C DEB,1999-025DFN,33677,DEB,D,PRC,1999-05-10,TAISC,2023-06-10,100.06,98.87,833,690,0.0122,,EA,IMP
FENGYUN 1C DEB,1999-025DFP,33678,DEB,,PRC,1999-05-10,TAISC,,99.43,99.02,875,587,0.0111,,EA,ORB
FENGYUN 1C DEB,1999-025DFQ,33679,DEB,,PRC,1999-05-10,TAISC,,94.93,99.34,594,436,0.0144,,EA,ORB
FENGYUN 1C DEB,1999-025DFR,33680,DEB,D,PRC,1999-05-10,TAISC,2023-04-22,96.96,99.43,651,576,0.0166,,EA,IMP
FENGYUN 1C DEB,1999-025DFS,33681,DEB,,PRC,1999-05-10,TAISC,,102.77,99.06,963,816,0.0041,,EA,ORB
FENGYUN 1C DEB,1999-025DFT,33682,DEB,,PRC,1999-05-10,TAISC,,100.83,99.41,819,777,0.0076,,EA,ORB
FENGYUN 1C DEB,1999-025DFU,33683,DEB,D,PRC,1999-05-10,TAISC,2024-12-06,97.23,98.19,655,597,0.0064,,EA,IMP
FENGYUN 1C DEB,1999-025DFV,33684,DEB,,PRC,1999-05-10,TAISC,,97.39,99.04,821,446,0.0112,,EA,ORB
FENGYUN 1C DEB,1999-025DFW,33685,DEB,D,PRC,1999-05-10,TAISC,2012-12-22,92.54,98.85,459,339,0.0002,,EA,IMP
FENGYUN 1C DEB,1999-025DFX,33686,DEB,D,PRC,1999-05-10,TAISC,2023-10-06,97.45,98.88,672,601,0.0139,,EA,IMP
FENGYUN 1C DEB,1999-025DFY,33687,DEB,,PRC,1999-05-10,TAISC,,93.80,98.97,517,404,0.0132,,EA,ORB
FENGYUN 1C DEB,1999-025DFZ,33688,DEB,,PRC,1999-05-10,TAISC,,99.30,99.36,760,691,0.0074,,EA,ORB
FENGYUN 1C DEB,1999-025DGA,33689,DEB,,PRC,1999-05-10,TAISC,,99.54,99.55,770,703,0.0163,,EA,ORB
FENGYUN 1C DEB,1999-025DGB,33690,DEB,,PRC,1999-05-10,TAISC,,98.94,98.62,728,688,0.0055,,EA,ORB
FENGYUN 1C DEB,1999-025DGC,33691,DEB,,PRC,1999-05-10,TAISC,,101.05,99.15,854,763,0.0053,,EA,ORB
FENGYUN 1C DEB,1999-025DGD,33692,DEB,D,PRC,1999-05-10,TAISC,2022-11-18,97.42,99.12,682,589,0.0174,,EA,IMP
FENGYUN 1C DEB,1999-025DGE,33693,DEB,,PRC,1999-05-10,TAISC,,104.96,99.23,1157,828,0.0037,,EA,ORB
FENGYUN 1C DEB,1999-025DGF,33694,DEB,D,PRC,1999-05-10,TAISC,2013-11-21,91.22,99.58,372,297,0.0146,,EA,IMP
FENGYUN 1C DEB,1999-025DGG,33695,DEB,D,PRC,1999-05-10,TAISC,2011-12-04,92.91,98.92,467,367,0.0064,,EA,IMP
FENGYUN 1C DEB,1999-025DGH,33696,DEB,D,PRC,1999-05-10,TAISC,2012-01-01,90.04,99.07,291,262,0.0150,,EA,IMP
FENGYUN 1C DEB,1999-025DGJ,33697,DEB,,PRC,1999-05-10,TAISC,,102.17,99.01,916,807,0.0139,,EA,ORB
FENGYUN 1C DEB,1999-025DGK,33698,DEB,,PRC,1999-05-10,TAISC,,98.87,99.65,801,608,0.0101,,EA,ORB
FENGYUN 1C DEB,1999-025DGL,33699,DEB,D,PRC,1999-05-10,TAISC,2022-10-15,92.40,98.24,404,380,0.0159,,EA,IMP
FENGYUN 1C DEB,1999-025DGM,33700,DEB,D,PRC,1999-05-10,TAISC,2023-06-03,92.43,99.11,408,379,0.0109,,EA,IMP
FENGYUN 1C DEB,1999-025DGN,33701,DEB,,PRC,1999-05-10,TAISC,,102.61,98.67,976,788,0.0059,,EA,ORB
FENGYUN 1C DEB,1999-025DGP,33702,DEB,D,PRC,1999-05-10,TAISC,2011-11-29,91.03,96.56,386,264,0.0096,,EA,IMP
FENGYUN 1C DEB,1999-025DGQ,33703,DEB,D,PRC,1999-05-10,TAISC,2014-10-26,103.85,100.16,1187,694,0.0025,,EA,IMP
FENGYUN 1C DEB,1999-025DGR,33704,DEB,D,PRC,1999-05-10,TAISC,2012-08-24,97.25,99.01,748,506,0.0011,,EA,IMP
FENGYUN 1C DEB,1999-025DGS,33705,DEB,D,PRC,1999-05-10,TAISC,2012-08-18,96.08,99.04,678,463,0.0015,,EA,IMP
FENGYUN 1C DEB,1999-025DGT,33706,DEB,D,PRC,1999-05-10,TAISC,2024-06-15,94.62,98.92,530,471,0.0103,,EA,IMP
FENGYUN 1C DEB,1999-025DGU,33707,DEB,D,PRC,1999-05-10,TAISC,2024-05-07,95.70,99.05,589,516,0.0127,,EA,IMP
FENGYUN 1C DEB,1999-025DGV,33708,DEB,D,PRC,1999-05-10,TAISC,2023-03-28,92.68,99.43,419,392,0.0126,,EA,IMP
FENGYUN 1C DEB,1999-025DGW,33709,DEB,D,PRC,1999-05-10,TAISC,2021-10-03,91.00,99.00,333,314,0.0130,,EA,IMP
FENGYUN 1C DEB,1999-025DGX,33710,DEB,,PRC,1999-05-10,TAISC,,101.95,98.98,891,811,0.0103,,EA,ORB
FENGYUN 1C DEB,1999-025DGY,33711,DEB,,PRC,1999-05-10,TAISC,,102.75,99.16,960,817,0.0070,,EA,ORB
FENGYUN 1C DEB,1999-025DGZ,33712,DEB,D,PRC,1999-05-10,TAISC,2015-03-11,92.24,99.51,393,376,0.0082,,EA,IMP
FENGYUN 1C DEB,1999-025DHA,33713,DEB,D,PRC,1999-05-10,TAISC,2024-12-05,89.49,99.02,260,238,0.0133,,EA,IMP
FENGYUN 1C DEB,1999-025DHB,33714,DEB,D,PRC,1999-05-10,TAISC,2024-11-26,99.60,99.92,776,703,0.0121,,EA,IMP
FENGYUN 1C DEB,1999-025DHC,33715,DEB,D,PRC,1999-05-10,TAISC,2014-11-13,92.46,98.94,410,380,0.0147,,EA,IMP
FENGYUN 1C DEB,1999-025DHD,33716,DEB,,PRC,1999-05-10,TAISC,,100.50,98.89,849,715,0.0111,,EA,ORB
FENGYUN 1C DEB,1999-025DHE,33717,DEB,D,PRC,1999-05-10,TAISC,2015-01-27,96.63,98.88,622,573,0.0146,,EA,IMP
FENGYUN 1C DEB,1999-025DHF,33718,DEB,,PRC,1999-05-10,TAISC,,102.18,99.66,931,793,0.0118,,EA,ORB
FENGYUN 1C DEB,1999-025DHG,33719,DEB,,PRC,1999-05-10,TAISC,,101.10,98.75,832,789,0.0096,,EA,ORB
FENGYUN 1C DEB,1999-025DHH,33720,DEB,,PRC,1999-05-10,TAISC,,99.85,98.25,810,693,0.0178,,EA,ORB
FENGYUN 1C DEB,1999-025DHJ,33721,DEB,D,PRC,1999-05-10,TAISC,2025-11-12,90.24,98.78,293,279,0.0090,,EA,IMP
FENGYUN 1C DEB,1999-025DHK,33722,DEB,,PRC,1999-05-10,TAISC,,101.26,98.57,931,706,0.0076,,EA,ORB
FENGYUN 1C DEB,1999-025DHL,33723,DEB,,PRC,1999-05-10,TAISC,,101.76,99.15,912,773,0.0107,,EA,ORB
FENGYUN 1C DEB,1999-025DHM,33724,DEB,,PRC,1999-05-10,TAISC,,101.40,98.60,845,805,0.0165,,EA,ORB
FENGYUN 1C DEB,1999-025DHN,33725,DEB,D,PRC,1999-05-10,TAISC,2012-01-18,90.88,99.10,335,301,0.0033,,EA,IMP
FENGYUN 1C DEB,1999-025DHP,33726,DEB,,PRC,1999-05-10,TAISC,,101.78,98.67,982,705,0.0144,,EA,ORB
FENGYUN 1C DEB,1999-025DHQ,33727,DEB,D,PRC,1999-05-10,TAISC,2023-04-21,97.43,99.76,654,617,0.0100,,EA,IMP
FENGYUN 1C DEB,1999-025DHR,33728,DEB,,PRC,1999-05-10,TAISC,,96.29,98.96,680,482,0.0077,,EA,ORB
FENGYUN 1C DEB,1999-025DHS,33729,DEB,D,PRC,1999-05-10,TAISC,2014-11-01,95.32,99.00,543,525,0.0138,,EA,IMP
FENGYUN 1C DEB,1999-025DHT,33730,DEB,,PRC,1999-05-10,TAISC,,98.14,99.04,695,644,0.0134,,EA,ORB
FENGYUN 1C DEB,1999-025DHU,33731,DEB,,PRC,1999-05-10,TAISC,,103.13,99.43,1001,812,0.0083,,EA,ORB
FENGYUN 1C DEB,1999-025DHV,33732,DEB,D,PRC,1999-05-10,TAISC,2013-03-19,96.84,98.70,733,482,0.0065,,EA,IMP
FENGYUN 1C DEB,1999-025DHW,33733,DEB,,PRC,1999-05-10,TAISC,,100.37,99.10,830,721,0.0026,,EA,ORB
FENGYUN 1C DEB,1999-025DHX,33734,DEB,D,PRC,1999-05-10,TAISC,2025-03-13,100.43,98.92,853,705,0.0045,,EA,IMP
FENGYUN 1C DEB,1999-025DHY,33735,DEB,D,PRC,1999-05-10,TAISC,2024-09-18,96.64,98.97,603,592,0.0067,,EA,IMP
FENGYUN 1C DEB,1999-025DHZ,33736,DEB,D,PRC,1999-05-10,TAISC,2024-02-16,99.02,99.68,738,685,0.0059,,EA,IMP
FENGYUN 1C DEB,1999-025DJA,33737,DEB,,PRC,1999-05-10,TAISC,,102.58,98.34,972,789,0.0070,,EA,ORB
FENGYUN 1C DEB,1999-025DJB,33738,DEB,,PRC,1999-05-10,TAISC,,102.86,99.12,1033,755,0.0034,,EA,ORB
FENGYUN 1C DEB,1999-025DJC,33739,DEB,D,PRC,1999-05-10,TAISC,2023-12-30,92.39,98.92,403,381,0.0043,,EA,IMP
FENGYUN 1C DEB,1999-025DJD,33740,DEB,,PRC,1999-05-10,TAISC,,101.95,98.68,852,850,0.0134,,EA,ORB
FENGYUN 1C DEB,1999-025DJE,33741,DEB,,PRC,1999-05-10,TAISC,,102.02,98.56,946,762,0.0035,,EA,ORB
FENGYUN 1C DEB,1999-025DJF,33742,DEB,D,PRC,1999-05-10,TAISC,2012-05-11,91.60,98.94,384,321,0.0082,,EA,IMP
FENGYUN 1C DEB,1999-025DJG,33743,DEB,D,PRC,1999-05-10,TAISC,2013-03-27,95.69,99.00,622,482,0.0011,,EA,IMP
FENGYUN 1C DEB,1999-025DJH,33744,DEB,D,PRC,1999-05-10,TAISC,2014-10-22,96.33,99.03,628,538,0.0018,,EA,IMP
FENGYUN 1C DEB,1999-025DJJ,33745,DEB,,PRC,1999-05-10,TAISC,,101.15,99.10,850,776,0.0078,,EA,ORB
FENGYUN 1C DEB,1999-025DJK,33746,DEB,D,PRC,1999-05-10,TAISC,2016-03-06,93.22,99.01,434,430,0.0030,,EA,IMP
FENGYUN 1C DEB,1999-025DJL,33747,DEB,,PRC,1999-05-10,TAISC,,101.46,99.10,889,767,0.0038,,EA,ORB
FENGYUN 1C DEB,1999-025DJM,33748,DEB,,PRC,1999-05-10,TAISC,,100.46,98.56,805,756,0.0022,,EA,ORB
FUSE 1 DEB,1999-035L,34203,DEB,D,US,1999-06-24,AFETR,2011-01-27,90.01,24.91,285,265,0.0012,,EA,IMP
CBERS 1 DEB,1999-057RF,34204,DEB,D,CHBZ,1999-10-14,TAISC,2020-07-05,90.87,98.18,329,306,0.0117,,EA,IMP
CBERS 1 DEB,1999-057RG,34205,DEB,D,CHBZ,1999-10-14,TAISC,2019-02-12,98.99,98.49,717,704,0.0150,,EA,IMP
CBERS 1 DEB,1999-057RH,34206,DEB,D,CHBZ,1999-10-14,TAISC,2012-08-20,93.16,98.20,441,418,0.0012,,EA,IMP
CBERS 1 DEB,1999-057RJ,34207,DEB,D,CHBZ,1999-10-14,TAISC,2022-11-11,93.26,98.25,445,422,0.0085,,EA,IMP
CBERS 1 DEB,1999-057RK,34208,DEB,D,CHBZ,1999-10-14,TAISC,2022-07-02,91.62,98.18,367,341,0.0133,,EA,IMP
CBERS 1 DEB,1999-057RL,34209,DEB,D,CHBZ,1999-10-14,TAISC,2023-06-16,93.66,98.24,460,447,0.0104,,EA,IMP
CBERS 1 DEB,1999-057RM,34210,DEB,D,CHBZ,1999-10-14,TAISC,2015-03-12,93.01,98.15,438,406,0.0120,,EA,IMP
CZ-4B DEB,1999-057RN,34211,DEB,D,PRC,1999-10-14,TAISC,2025-01-11,97.50,98.25,679,599,0.0166,,EA,IMP
CBERS 1 DEB,1999-057RP,34212,DEB,D,CHBZ,1999-10-14,TAISC,2011-11-12,96.96,98.54,621,605,0.0030,,EA,IMP
CBERS 1 DEB,1999-057RQ,34213,DEB,D,CHBZ,1999-10-14,TAISC,2023-03-28,96.15,98.20,579,569,0.0133,,EA,IMP
CBERS 1 DEB,1999-057RR,34214,DEB,D,CHBZ,1999-10-14,TAISC,2021-01-15,90.79,98.18,323,304,0.0181,,EA,IMP
CBERS 1 DEB,1999-057RS,34215,DEB,D,CHBZ,1999-10-14,TAISC,2024-01-05,96.62,98.36,599,595,0.0072,,EA,IMP
CBERS 1 DEB,1999-057RT,34216,DEB,D,CHBZ,1999-10-14,TAISC,2023-04-21,96.49,98.13,594,588,0.0028,,EA,IMP
CBERS 1 DEB,1999-057RU,34217,DEB,D,CHBZ,1999-10-14,TAISC,2022-01-09,92.66,98.20,411,400,0.0051,,EA,IMP
CBERS 1 DEB,1999-057RV,34218,DEB,D,CHBZ,1999-10-14,TAISC,2011-09-19,98.35,98.31,706,654,0.0129,,EA,IMP
FENGYUN 1C DEB,1999-025DJN,35086,DEB,D,PRC,1999-05-10,TAISC,2022-01-14,100.26,98.95,849,694,0.0117,,EA,IMP
FENGYUN 1C DEB,1999-025DJP,35087,DEB,D,PRC,1999-05-10,TAISC,2020-09-26,99.07,98.34,885,543,0.0071,,EA,IMP
FENGYUN 1C DEB,1999-025DJQ,35088,DEB,,PRC,1999-05-10,TAISC,,101.59,94.62,1018,650,0.0102,,EA,ORB
FENGYUN 1C DEB,1999-025DJR,35089,DEB,,PRC,1999-05-10,TAISC,,101.40,98.56,846,804,0.0082,,EA,ORB
FENGYUN 1C DEB,1999-025DJS,35090,DEB,,PRC,1999-05-10,TAISC,,101.49,99.19,869,789,0.0102,,EA,ORB
FENGYUN 1C DEB,1999-025DJT,35091,DEB,,PRC,1999-05-10,TAISC,,98.09,98.60,698,637,0.0073,,EA,ORB
FENGYUN 1C DEB,1999-025DJU,35092,DEB,,PRC,1999-05-10,TAISC,,100.77,98.86,863,727,0.0109,,EA,ORB
FENGYUN 1C DEB,1999-025DJV,35093,DEB,D,PRC,1999-05-10,TAISC,2024-09-14,98.95,98.62,813,604,0.0108,,EA,IMP
FENGYUN 1C DEB,1999-025DJW,35094,DEB,D,PRC,1999-05-10,TAISC,2023-10-31,93.92,97.70,484,449,0.0096,,EA,IMP
FENGYUN 1C DEB,1999-025DJX,35095,DEB,D,PRC,1999-05-10,TAISC,2025-03-24,92.68,98.49,433,379,0.0113,,EA,IMP
FENGYUN 1C DEB,1999-025DJY,35096,DEB,,PRC,1999-05-10,TAISC,,98.30,97.80,757,598,0.0094,,EA,ORB
FENGYUN 1C DEB,1999-025DJZ,35097,DEB,D,PRC,1999-05-10,TAISC,2024-09-09,93.29,98.62,468,403,0.0075,,EA,IMP
FENGYUN 1C DEB,1999-025DKA,35098,DEB,D,PRC,1999-05-10,TAISC,2013-08-31,98.50,98.57,850,524,0.0105,,EA,IMP
FENGYUN 1C DEB,1999-025DKB,35099,DEB,D,PRC,1999-05-10,TAISC,2023-04-05,92.65,98.29,437,372,0.0122,,EA,IMP
FENGYUN 1C DEB,1999-025DKC,35100,DEB,D,PRC,1999-05-10,TAISC,2014-11-23,93.47,97.84,471,418,0.0127,,EA,IMP
FENGYUN 1C DEB,1999-025DKD,35101,DEB,D,PRC,1999-05-10,TAISC,2011-10-18,94.31,96.14,560,411,0.0038,,EA,IMP
FENGYUN 1C DEB,1999-025DKE,35102,DEB,,PRC,1999-05-10,TAISC,,100.74,98.48,837,750,0.0097,,EA,ORB
FENGYUN 1C DEB,1999-025DKF,35103,DEB,D,PRC,1999-05-10,TAISC,2012-06-23,96.55,97.62,725,462,0.0118,,EA,IMP
FENGYUN 1C DEB,1999-025DKG,35104,DEB,,PRC,1999-05-10,TAISC,,101.36,98.60,846,800,0.0140,,EA,ORB
FENGYUN 1C DEB,1999-025DKH,35105,DEB,,PRC,1999-05-10,TAISC,,99.59,98.96,818,659,0.0057,,EA,ORB
FENGYUN 1C DEB,1999-025DKJ,35106,DEB,D,PRC,1999-05-10,TAISC,2014-01-09,96.19,98.20,657,494,0.0096,,EA,IMP
FENGYUN 1C DEB,1999-025DKK,35107,DEB,D,PRC,1999-05-10,TAISC,2013-04-29,95.82,96.50,639,477,0.0087,,EA,IMP
FENGYUN 1C DEB,1999-025DKL,35108,DEB,,PRC,1999-05-10,TAISC,,102.33,98.81,966,772,0.0088,,EA,ORB
FENGYUN 1C DEB,1999-025DKM,35109,DEB,,PRC,1999-05-10,TAISC,,101.33,98.63,932,711,0.0113,,EA,ORB
FENGYUN 1C DEB,1999-025DKN,35110,DEB,D,PRC,1999-05-10,TAISC,2025-03-15,99.41,96.64,814,647,0.0074,,EA,IMP
FENGYUN 1C DEB,1999-025DKP,35111,DEB,,PRC,1999-05-10,TAISC,,102.03,99.46,870,840,0.0099,,EA,ORB
FENGYUN 1C DEB,1999-025DKQ,35112,DEB,D,PRC,1999-05-10,TAISC,2014-12-19,98.14,98.19,787,552,0.0102,,EA,IMP
FENGYUN 1C DEB,1999-025DKR,35113,DEB,D,PRC,1999-05-10,TAISC,2014-12-24,96.05,97.66,663,475,0.0108,,EA,IMP
FENGYUN 1C DEB,1999-025DKS,35114,DEB,D,PRC,1999-05-10,TAISC,2023-04-11,93.84,97.77,530,395,0.0049,,EA,IMP
FENGYUN 1C DEB,1999-025DKT,35115,DEB,D,PRC,1999-05-10,TAISC,2012-03-09,92.22,97.28,427,339,0.0127,,EA,IMP
FENGYUN 1C DEB,1999-025DKU,35116,DEB,,PRC,1999-05-10,TAISC,,100.97,98.64,847,763,0.0101,,EA,ORB
FENGYUN 1C DEB,1999-025DKV,35117,DEB,D,PRC,1999-05-10,TAISC,2025-02-17,99.97,98.76,794,720,0.0119,,EA,IMP
FENGYUN 1C DEB,1999-025DKW,35118,DEB,D,PRC,1999-05-10,TAISC,2024-11-05,97.43,97.99,743,529,0.0076,,EA,IMP
FENGYUN 1C DEB,1999-025DKX,35119,DEB,D,PRC,1999-05-10,TAISC,2023-09-06,97.84,99.96,688,623,0.0095,,EA,IMP
FENGYUN 1C DEB,1999-025DKY,35120,DEB,,PRC,1999-05-10,TAISC,,101.77,98.01,944,742,0.0142,,EA,ORB
FENGYUN 1C DEB,1999-025DKZ,35121,DEB,,PRC,1999-05-10,TAISC,,102.50,98.27,992,762,0.0044,,EA,ORB
FENGYUN 1C DEB,1999-025DLA,35122,DEB,,PRC,1999-05-10,TAISC,,101.81,98.66,863,826,0.0123,,EA,ORB
FENGYUN 1C DEB,1999-025DLB,35123,DEB,,PRC,1999-05-10,TAISC,,101.07,99.12,846,773,0.0016,,EA,ORB
FENGYUN 1C DEB,1999-025DLC,35124,DEB,D,PRC,1999-05-10,TAISC,2010-08-26,90.77,98.14,354,271,0.0179,,EA,IMP
FENGYUN 1C DEB,1999-025DLD,35125,DEB,,PRC,1999-05-10,TAISC,,100.37,98.21,812,741,0.0103,,EA,ORB
FENGYUN 1C DEB,1999-025DLE,35126,DEB,D,PRC,1999-05-10,TAISC,2015-04-14,95.44,97.27,591,488,0.0109,,EA,IMP
FENGYUN 1C DEB,1999-025DLF,35127,DEB,D,PRC,1999-05-10,TAISC,2012-04-27,96.48,97.29,745,435,0.0105,,EA,IMP
FENGYUN 1C DEB,1999-025DLG,35128,DEB,,PRC,1999-05-10,TAISC,,99.78,98.33,809,687,0.0131,,EA,ORB
FENGYUN 1C DEB,1999-025DLH,35129,DEB,,PRC,1999-05-10,TAISC,,102.26,98.30,967,764,0.0099,,EA,ORB
FENGYUN 1C DEB,1999-025DLJ,35130,DEB,D,PRC,1999-05-10,TAISC,2026-03-21,91.01,99.01,325,323,0.0158,,EA,IMP
FENGYUN 1C DEB,1999-025DLK,35131,DEB,D,PRC,1999-05-10,TAISC,2014-03-02,97.10,99.73,816,423,0.0126,,EA,IMP
FENGYUN 1C DEB,1999-025DLL,35132,DEB,D,PRC,1999-05-10,TAISC,2013-03-11,98.01,98.39,819,508,0.0122,,EA,IMP
FENGYUN 1C DEB,1999-025DLM,35133,DEB,D,PRC,1999-05-10,TAISC,2012-01-20,92.24,97.25,435,334,0.0123,,EA,IMP
FENGYUN 1C DEB,1999-025DLN,35134,DEB,D,PRC,1999-05-10,TAISC,2024-11-27,98.94,98.86,747,669,0.0148,,EA,IMP
FENGYUN 1C DEB,1999-025DLP,35135,DEB,,PRC,1999-05-10,TAISC,,101.19,98.56,873,758,0.0129,,EA,ORB
FENGYUN 1C DEB,1999-025DLQ,35136,DEB,,PRC,1999-05-10,TAISC,,100.34,98.68,829,721,0.0102,,EA,ORB
FENGYUN 1C DEB,1999-025DLR,35137,DEB,D,PRC,1999-05-10,TAISC,2024-11-27,100.48,99.10,934,629,0.0126,,EA,IMP
FENGYUN 1C DEB,1999-025DLS,35138,DEB,D,PRC,1999-05-10,TAISC,2014-04-21,94.45,98.87,510,474,0.0119,,EA,IMP
FENGYUN 1C DEB,1999-025DLT,35139,DEB,,PRC,1999-05-10,TAISC,,101.30,98.59,869,772,0.0153,,EA,ORB
FENGYUN 1C DEB,1999-025DLU,35140,DEB,,PRC,1999-05-10,TAISC,,101.30,98.47,1029,611,0.0155,,EA,ORB
FENGYUN 1C DEB,1999-025DLV,35141,DEB,,PRC,1999-05-10,TAISC,,101.65,99.04,890,784,0.0120,,EA,ORB
FENGYUN 1C DEB,1999-025DLW,35142,DEB,,PRC,1999-05-10,TAISC,,103.55,99.06,1005,848,0.0120,,EA,ORB
FENGYUN 1C DEB,1999-025DLX,35143,DEB,D,PRC,1999-05-10,TAISC,2013-12-03,100.02,98.77,788,731,0.0061,,EA,IMP
FENGYUN 1C DEB,1999-025DLY,35144,DEB,,PRC,1999-05-10,TAISC,,98.28,98.71,692,660,0.0082,,EA,ORB
FENGYUN 1C DEB,1999-025DLZ,35145,DEB,D,PRC,1999-05-10,TAISC,2023-11-25,94.64,99.61,556,446,0.0125,,EA,IMP
FENGYUN 1C DEB,1999-025DMA,35146,DEB,D,PRC,1999-05-10,TAISC,2024-08-13,96.18,98.30,661,490,0.0108,,EA,IMP
FENGYUN 1C DEB,1999-025DMB,35147,DEB,,PRC,1999-05-10,TAISC,,97.19,99.48,645,603,0.0077,,EA,ORB
FENGYUN 1C DEB,1999-025DMC,35148,DEB,D,PRC,1999-05-10,TAISC,2025-10-23,97.37,98.91,675,591,0.0146,,EA,IMP
FENGYUN 1C DEB,1999-025DMD,35149,DEB,D,PRC,1999-05-10,TAISC,2012-12-19,93.96,97.64,530,406,0.0106,,EA,IMP
FENGYUN 1C DEB,1999-025DME,35150,DEB,,PRC,1999-05-10,TAISC,,99.13,99.25,813,621,0.0073,,EA,ORB
FENGYUN 1C DEB,1999-025DMF,35151,DEB,D,PRC,1999-05-10,TAISC,2015-04-12,96.83,99.34,638,575,0.0127,,EA,IMP
FENGYUN 1C DEB,1999-025DMG,35152,DEB,,PRC,1999-05-10,TAISC,,104.59,99.82,1118,832,0.0099,,EA,ORB
FENGYUN 1C DEB,1999-025DMH,35153,DEB,,PRC,1999-05-10,TAISC,,97.61,98.89,762,527,0.0132,,EA,ORB
FENGYUN 1C DEB,1999-025DMJ,35154,DEB,,PRC,1999-05-10,TAISC,,101.45,99.45,956,699,0.0108,,EA,ORB
FENGYUN 1C DEB,1999-025DMK,35155,DEB,,PRC,1999-05-10,TAISC,,101.42,98.50,845,807,0.0145,,EA,ORB
FENGYUN 1C DEB,1999-025DML,35156,DEB,,PRC,1999-05-10,TAISC,,102.06,98.77,883,830,0.0151,,EA,ORB
FENGYUN 1C DEB,1999-025DMM,35157,DEB,D,PRC,1999-05-10,TAISC,2013-03-09,97.01,97.13,734,498,0.0064,,EA,IMP
FENGYUN 1C DEB,1999-025DMN,35158,DEB,D,PRC,1999-05-10,TAISC,2011-12-03,94.56,99.00,569,425,0.0119,,EA,IMP
FENGYUN 1C DEB,1999-025DMP,35159,DEB,,PRC,1999-05-10,TAISC,,99.42,98.83,741,721,0.0069,,EA,ORB
FENGYUN 1C DEB,1999-025DMQ,35160,DEB,,PRC,1999-05-10,TAISC,,100.24,99.18,895,645,0.0106,,EA,ORB
FENGYUN 1C DEB,1999-025DMR,35161,DEB,D,PRC,1999-05-10,TAISC,2024-02-16,91.86,99.51,382,349,0.0079,,EA,IMP
FENGYUN 1C DEB,1999-025DMS,35162,DEB,D,PRC,1999-05-10,TAISC,2024-01-23,98.84,96.75,771,635,0.0071,,EA,IMP
FENGYUN 1C DEB,1999-025DMT,35163,DEB,D,PRC,1999-05-10,TAISC,2024-12-21,98.71,99.14,775,620,0.0092,,EA,IMP
FENGYUN 1C DEB,1999-025DMU,35164,DEB,,PRC,1999-05-10,TAISC,,103.79,98.58,1086,790,0.0091,,EA,ORB
FENGYUN 1C DEB,1999-025DMV,35165,DEB,,PRC,1999-05-10,TAISC,,100.27,98.88,786,756,0.0034,,EA,ORB
FENGYUN 1C DEB,1999-025DMW,35166,DEB,D,PRC,1999-05-10,TAISC,2012-02-29,89.67,98.92,282,234,0.0114,,EA,IMP
FENGYUN 1C DEB,1999-025DMX,35167,DEB,,PRC,1999-05-10,TAISC,,100.56,98.46,948,622,0.0100,,EA,ORB
FENGYUN 1C DEB,1999-025DMY,35168,DEB,,PRC,1999-05-10,TAISC,,101.71,98.25,930,749,0.0123,,EA,ORB
FENGYUN 1C DEB,1999-025DMZ,35169,DEB,,PRC,1999-05-10,TAISC,,98.63,99.12,797,589,0.0095,,EA,ORB
FENGYUN 1C DEB,1999-025DNA,35170,DEB,,PRC,1999-05-10,TAISC,,102.43,99.86,950,798,0.0107,,EA,ORB
FENGYUN 1C DEB,1999-025DNB,35171,DEB,,PRC,1999-05-10,TAISC,,103.14,99.02,1006,809,0.0111,,EA,ORB
FENGYUN 1C DEB,1999-025DNC,35172,DEB,D,PRC,1999-05-10,TAISC,2016-09-17,97.48,98.67,827,449,0.0039,,EA,IMP
FENGYUN 1C DEB,1999-025DND,35173,DEB,,PRC,1999-05-10,TAISC,,107.61,99.77,1480,753,0.0130,,EA,ORB
FENGYUN 1C DEB,1999-025DNE,35174,DEB,,PRC,1999-05-10,TAISC,,94.88,98.96,588,438,0.0093,,EA,ORB
FENGYUN 1C DEB,1999-025DNF,35175,DEB,,PRC,1999-05-10,TAISC,,101.29,98.57,860,779,0.0056,,EA,ORB
FENGYUN 1C DEB,1999-025DNG,35176,DEB,,PRC,1999-05-10,TAISC,,101.60,98.58,874,795,0.0127,,EA,ORB
FENGYUN 1C DEB,1999-025DNH,35177,DEB,,PRC,1999-05-10,TAISC,,101.60,98.72,863,805,0.0085,,EA,ORB
FENGYUN 1C DEB,1999-025DNJ,35178,DEB,D,PRC,1999-05-10,TAISC,2013-08-02,97.41,98.85,743,527,0.0120,,EA,IMP
FENGYUN 1C DEB,1999-025DNK,35179,DEB,D,PRC,1999-05-10,TAISC,2012-08-20,93.82,98.41,583,339,0.0084,,EA,IMP
FENGYUN 1C DEB,1999-025DNL,35180,DEB,,PRC,1999-05-10,TAISC,,104.50,99.75,1326,616,0.0175,,EA,ORB
FENGYUN 1C DEB,1999-025DNM,35181,DEB,D,PRC,1999-05-10,TAISC,2009-08-23,91.68,98.94,387,327,0.0010,,EA,IMP
FENGYUN 1C DEB,1999-025DNN,35182,DEB,D,PRC,1999-05-10,TAISC,2012-05-15,92.57,99.32,474,326,0.0076,,EA,IMP
FENGYUN 1C DEB,1999-025DNP,35183,DEB,D,PRC,1999-05-10,TAISC,2025-02-28,92.84,98.83,426,402,0.0135,,EA,IMP
FENGYUN 1C DEB,1999-025DNQ,35184,DEB,D,PRC,1999-05-10,TAISC,2011-11-21,96.87,99.39,743,474,0.0083,,EA,IMP
FENGYUN 1C DEB,1999-025DNR,35185,DEB,D,PRC,1999-05-10,TAISC,2023-10-13,95.87,99.53,613,508,0.0115,,EA,IMP
FENGYUN 1C DEB,1999-025DNS,35186,DEB,,PRC,1999-05-10,TAISC,,100.61,99.58,831,744,0.0108,,EA,ORB
FENGYUN 1C DEB,1999-025DNT,35187,DEB,D,PRC,1999-05-10,TAISC,2024-06-09,101.21,99.70,848,784,0.0073,,EA,IMP
FENGYUN 1C DEB,1999-025DNU,35188,DEB,D,PRC,1999-05-10,TAISC,2014-09-18,97.16,98.99,692,553,0.0131,,EA,IMP
FENGYUN 1C DEB,1999-025DNV,35189,DEB,,PRC,1999-05-10,TAISC,,102.18,98.89,907,817,0.0142,,EA,ORB
FENGYUN 1C DEB,1999-025DNW,35190,DEB,D,PRC,1999-05-10,TAISC,2025-02-25,99.55,98.69,811,663,0.0145,,EA,IMP
FENGYUN 1C DEB,1999-025DNX,35191,DEB,,PRC,1999-05-10,TAISC,,103.50,99.04,998,850,0.0148,,EA,ORB
FENGYUN 1C DEB,1999-025DNY,35192,DEB,D,PRC,1999-05-10,TAISC,2023-12-31,97.81,99.14,763,545,0.0124,,EA,IMP
FENGYUN 1C DEB,1999-025DNZ,35193,DEB,D,PRC,1999-05-10,TAISC,2011-10-19,95.89,99.16,666,457,0.0022,,EA,IMP
FENGYUN 1C DEB,1999-025DPA,35194,DEB,,PRC,1999-05-10,TAISC,,98.47,98.95,764,607,0.0094,,EA,ORB
FENGYUN 1C DEB,1999-025DPB,35195,DEB,,PRC,1999-05-10,TAISC,,98.77,98.99,771,629,0.0179,,EA,ORB
FENGYUN 1C DEB,1999-025DPC,35196,DEB,,PRC,1999-05-10,TAISC,,101.36,98.53,976,670,0.0126,,EA,ORB
FENGYUN 1C DEB,1999-025DPD,35197,DEB,D,PRC,1999-05-10,TAISC,2011-05-16,92.68,100.48,500,311,0.0079,,EA,IMP
FENGYUN 1C DEB,1999-025DPE,35198,DEB,D,PRC,1999-05-10,TAISC,2012-05-29,92.49,99.00,415,378,0.0060,,EA,IMP
FENGYUN 1C DEB,1999-025DPF,35199,DEB,,PRC,1999-05-10,TAISC,,102.95,98.45,981,815,0.0120,,EA,ORB
FENGYUN 1C DEB,1999-025DPG,35200,DEB,,PRC,1999-05-10,TAISC,,107.29,98.90,1365,838,0.0130,,EA,ORB
FENGYUN 1C DEB,1999-025DPH,35201,DEB,,PRC,1999-05-10,TAISC,,102.05,98.71,860,851,0.0160,,EA,ORB
FENGYUN 1C DEB,1999-025DPJ,35202,DEB,,PRC,1999-05-10,TAISC,,107.86,100.07,1414,842,0.0075,,EA,ORB
FENGYUN 1C DEB,1999-025DPK,35203,DEB,,PRC,1999-05-10,TAISC,,108.49,102.08,1545,769,0.0162,,EA,ORB
FENGYUN 1C DEB,1999-025DPL,35204,DEB,,PRC,1999-05-10,TAISC,,99.15,98.99,743,693,0.0051,,EA,ORB
FENGYUN 1C DEB,1999-025DPM,35205,DEB,D,PRC,1999-05-10,TAISC,2025-04-04,101.18,99.02,859,770,0.0041,,EA,IMP
FENGYUN 1C DEB,1999-025DPN,35206,DEB,D,PRC,1999-05-10,TAISC,2013-12-09,91.63,98.89,381,328,0.0131,,EA,IMP
FENGYUN 1C DEB,1999-025DPP,35207,DEB,,PRC,1999-05-10,TAISC,,98.67,98.70,732,658,0.0077,,EA,ORB
FENGYUN 1C DEB,1999-025DPQ,35208,DEB,,PRC,1999-05-10,TAISC,,102.83,98.89,968,817,0.0178,,EA,ORB
FENGYUN 1C DEB,1999-025DPR,35209,DEB,D,PRC,1999-05-10,TAISC,2014-03-29,91.47,98.12,383,310,0.0121,,EA,IMP
FENGYUN 1C DEB,1999-025DPS,35210,DEB,,PRC,1999-05-10,TAISC,,100.24,99.09,803,737,0.0029,,EA,ORB
FENGYUN 1C DEB,1999-025DPT,35211,DEB,,PRC,1999-05-10,TAISC,,102.76,98.44,989,789,0.0130,,EA,ORB
FENGYUN 1C DEB,1999-025DPU,35212,DEB,D,PRC,1999-05-10,TAISC,2017-04-14,101.08,99.37,1001,619,0.0138,,EA,IMP
FENGYUN 1C DEB,1999-025DPV,35213,DEB,D,PRC,1999-05-10,TAISC,2023-10-17,89.75,98.41,272,252,0.0063,,EA,IMP
FENGYUN 1C DEB,1999-025DPW,35214,DEB,D,PRC,1999-05-10,TAISC,2023-04-27,94.20,98.54,504,456,0.0100,,EA,IMP
FENGYUN 1C DEB,1999-025DPX,35215,DEB,D,PRC,1999-05-10,TAISC,2021-07-07,91.87,98.92,385,348,0.0082,,EA,IMP
FENGYUN 1C DEB,1999-025DPY,35216,DEB,D,PRC,1999-05-10,TAISC,2013-10-02,90.46,98.95,318,276,0.0104,,EA,IMP
FENGYUN 1C DEB,1999-025DPZ,35217,DEB,,PRC,1999-05-10,TAISC,,106.00,101.88,1264,819,0.0124,,EA,ORB
FENGYUN 1C DEB,1999-025DQA,35218,DEB,D,PRC,1999-05-10,TAISC,2010-11-13,93.82,100.90,507,416,0.0050,,EA,IMP
FENGYUN 1C DEB,1999-025DQB,35219,DEB,D,PRC,1999-05-10,TAISC,2023-07-14,97.48,99.12,695,581,0.0152,,EA,IMP
FENGYUN 1C DEB,1999-025DQC,35220,DEB,,PRC,1999-05-10,TAISC,,101.12,99.01,841,782,0.0052,,EA,ORB
FENGYUN 1C DEB,1999-025DQD,35221,DEB,,PRC,1999-05-10,TAISC,,100.00,98.43,806,711,0.0026,,EA,ORB
FENGYUN 1C DEB,1999-025DQE,35222,DEB,D,PRC,1999-05-10,TAISC,2024-01-09,90.42,98.92,300,290,0.0015,,EA,IMP
FENGYUN 1C DEB,1999-025DQF,35223,DEB,,PRC,1999-05-10,TAISC,,96.50,98.98,675,507,0.0023,,EA,ORB
FENGYUN 1C DEB,1999-025DQG,35224,DEB,D,PRC,1999-05-10,TAISC,2017-01-03,89.53,98.91,265,237,0.0124,,EA,IMP
FENGYUN 1C DEB,1999-025DQH,35225,DEB,D,PRC,1999-05-10,TAISC,2025-01-16,98.93,103.28,730,685,0.0139,,EA,IMP
FENGYUN 1C DEB,1999-025DQJ,35226,DEB,D,PRC,1999-05-10,TAISC,2022-11-05,93.71,98.97,468,444,0.0032,,EA,IMP
FENGYUN 1C DEB,1999-025DQK,35227,DEB,D,PRC,1999-05-10,TAISC,2024-05-21,92.70,98.87,427,387,0.0138,,EA,IMP
FENGYUN 1C DEB,1999-025DQL,35228,DEB,D,PRC,1999-05-10,TAISC,2015-07-20,95.41,98.59,581,496,0.0125,,EA,IMP
FENGYUN 1C DEB,1999-025DQM,35229,DEB,,PRC,1999-05-10,TAISC,,97.77,98.45,679,625,0.0151,,EA,ORB
FENGYUN 1C DEB,1999-025DQN,35230,DEB,,PRC,1999-05-10,TAISC,,96.14,98.42,586,561,0.0100,,EA,ORB
FENGYUN 1C DEB,1999-025DQP,35231,DEB,,PRC,1999-05-10,TAISC,,101.80,98.69,871,816,0.0086,,EA,ORB
FENGYUN 1C DEB,1999-025DQQ,35232,DEB,D,PRC,1999-05-10,TAISC,2011-10-12,93.75,97.70,529,387,0.0060,,EA,IMP
FENGYUN 1C DEB,1999-025DQR,35233,DEB,,PRC,1999-05-10,TAISC,,99.66,98.77,771,714,0.0058,,EA,ORB
FENGYUN 1C DEB,1999-025DQS,35234,DEB,,PRC,1999-05-10,TAISC,,98.11,98.05,736,600,0.0088,,EA,ORB
FENGYUN 1C DEB,1999-025DQT,35235,DEB,D,PRC,1999-05-10,TAISC,2021-08-14,90.81,99.42,322,307,0.0120,,EA,IMP
FENGYUN 1C DEB,1999-025DQU,35236,DEB,,PRC,1999-05-10,TAISC,,99.56,98.82,796,679,0.0163,,EA,ORB
FENGYUN 1C DEB,1999-025DQV,35237,DEB,D,PRC,1999-05-10,TAISC,2023-06-17,91.88,99.58,380,353,0.0031,,EA,IMP
FENGYUN 1C DEB,1999-025DQW,35238,DEB,D,PRC,1999-05-10,TAISC,2014-06-03,93.06,98.99,449,400,0.0105,,EA,IMP
FENGYUN 1C DEB,1999-025DQX,35239,DEB,,PRC,1999-05-10,TAISC,,105.12,99.29,1165,835,0.0045,,EA,ORB
FENGYUN 1C DEB,1999-025DQY,35240,DEB,,PRC,1999-05-10,TAISC,,101.04,99.36,841,776,0.0080,,EA,ORB
FENGYUN 1C DEB,1999-025DQZ,35241,DEB,,PRC,1999-05-10,TAISC,,102.63,98.63,981,786,0.0046,,EA,ORB
FENGYUN 1C DEB,1999-025DRA,35242,DEB,,PRC,1999-05-10,TAISC,,106.44,99.96,1285,838,0.0074,,EA,ORB
FENGYUN 1C DEB,1999-025DRB,35243,DEB,,PRC,1999-05-10,TAISC,,96.16,98.87,612,536,0.0081,,EA,ORB
FENGYUN 1C DEB,1999-025DRC,35244,DEB,,PRC,1999-05-10,TAISC,,102.34,98.82,921,818,0.0109,,EA,ORB
FENGYUN 1C DEB,1999-025DRD,35245,DEB,,PRC,1999-05-10,TAISC,,101.80,99.08,885,803,0.0022,,EA,ORB
FENGYUN 1C DEB,1999-025DRE,35246,DEB,D,PRC,1999-05-10,TAISC,2011-05-10,90.09,97.58,298,260,0.0023,,EA,IMP
FENGYUN 1C DEB,1999-025DRF,35247,DEB,,PRC,1999-05-10,TAISC,,100.64,98.73,834,745,0.0130,,EA,ORB
CZ-4B DEB,1999-057RW,35318,DEB,D,PRC,1999-10-14,TAISC,2010-06-17,90.30,98.43,313,266,0.0081,,EA,IMP
CZ-4B DEB,1999-057RX,35319,DEB,,PRC,1999-10-14,TAISC,,101.84,98.66,983,709,0.0014,,EA,ORB
CZ-4B DEB,1999-057RY,35320,DEB,,PRC,1999-10-14,TAISC,,97.07,98.27,620,617,0.0115,,EA,ORB
CZ-4B DEB,1999-057RZ,35321,DEB,D,PRC,1999-10-14,TAISC,2011-08-16,94.74,98.12,554,457,0.0143,,EA,IMP
CZ-4B DEB,1999-057SA,35322,DEB,,PRC,1999-10-14,TAISC,,101.79,99.08,984,703,0.0157,,EA,ORB
CZ-4B DEB,1999-057SB,35323,DEB,D,PRC,1999-10-14,TAISC,2025-03-14,93.29,98.25,452,420,0.0112,,EA,IMP
CZ-4B DEB,1999-057SC,35324,DEB,,PRC,1999-10-14,TAISC,,100.47,98.37,849,713,0.0038,,EA,ORB
CZ-4B DEB,1999-057SD,35325,DEB,D,PRC,1999-10-14,TAISC,2025-04-25,91.49,98.42,358,337,0.0105,,EA,IMP
CZ-4B DEB,1999-057SE,35326,DEB,,PRC,1999-10-14,TAISC,,102.83,98.42,1062,723,0.0077,,EA,ORB
CZ-4B DEB,1999-057SF,35327,DEB,,PRC,1999-10-14,TAISC,,98.39,98.46,731,632,0.0083,,EA,ORB
CZ-4B DEB,1999-057SG,35328,DEB,D,PRC,1999-10-14,TAISC,2012-09-09,91.03,98.68,336,314,0.0100,,EA,IMP
CZ-4B DEB,1999-057SH,35329,DEB,,PRC,1999-10-14,TAISC,,100.80,98.41,890,703,0.0170,,EA,ORB
CZ-4B DEB,1999-057SJ,35330,DEB,,PRC,1999-10-14,TAISC,,99.73,98.64,803,688,0.0007,,EA,ORB
CZ-4B DEB,1999-057SK,35331,DEB,,PRC,1999-10-14,TAISC,,97.32,98.55,678,583,0.0055,,EA,ORB
CZ-4B DEB,1999-057SL,35332,DEB,,PRC,1999-10-14,TAISC,,100.89,98.27,887,714,0.0150,,EA,ORB
CZ-4B DEB,1999-057SM,35333,DEB,D,PRC,1999-10-14,TAISC,2011-12-13,90.17,98.72,296,270,0.0030,,EA,IMP
CZ-4B DEB,1999-057SN,35334,DEB,,PRC,1999-10-14,TAISC,,98.59,98.43,735,647,0.0014,,EA,ORB
CBERS 1 DEB,1999-057SP,35384,DEB,D,CHBZ,1999-10-14,TAISC,2021-11-17,92.19,98.19,390,373,0.0062,,EA,IMP
CBERS 1 DEB,1999-057SQ,35385,DEB,D,CHBZ,1999-10-14,TAISC,2013-05-31,98.45,98.29,695,674,0.0051,,EA,IMP
CBERS 1 DEB,1999-057SR,35386,DEB,D,CHBZ,1999-10-14,TAISC,2015-06-18,93.77,98.20,472,446,0.0151,,EA,IMP
CBERS 1 DEB,1999-057SS,35387,DEB,,CHBZ,1999-10-14,TAISC,,96.58,98.50,597,593,0.0118,,EA,ORB
FENGYUN 1C DEB,1999-025DRG,36135,DEB,D,PRC,1999-05-10,TAISC,2018-02-22,98.97,98.94,752,667,0.0080,,EA,IMP
FENGYUN 1C DEB,1999-025DRH,36136,DEB,D,PRC,1999-05-10,TAISC,2021-01-27,100.28,98.95,827,717,0.0075,,EA,IMP
FENGYUN 1C DEB,1999-025DRJ,36137,DEB,D,PRC,1999-05-10,TAISC,2021-11-07,92.65,98.89,411,398,0.0027,,EA,IMP
FENGYUN 1C DEB,1999-025DRK,36138,DEB,D,PRC,1999-05-10,TAISC,2023-10-21,99.74,99.14,774,718,0.0165,,EA,IMP
FENGYUN 1C DEB,1999-025DRL,36139,DEB,,PRC,1999-05-10,TAISC,,101.85,97.94,948,744,0.0124,,EA,ORB
FENGYUN 1C DEB,1999-025DRM,36140,DEB,D,PRC,1999-05-10,TAISC,2024-09-18,95.51,98.51,608,479,0.0084,,EA,IMP
FENGYUN 1C DEB,1999-025DRN,36141,DEB,,PRC,1999-05-10,TAISC,,102.51,98.50,981,774,0.0163,,EA,ORB
FENGYUN 1C DEB,1999-025DRP,36142,DEB,,PRC,1999-05-10,TAISC,,104.10,98.42,1107,798,0.0113,,EA,ORB
FENGYUN 1C DEB,1999-025DRQ,36143,DEB,D,PRC,1999-05-10,TAISC,2024-03-28,100.55,98.37,1040,529,0.0082,,EA,IMP
FENGYUN 1C DEB,1999-025DRR,36144,DEB,,PRC,1999-05-10,TAISC,,102.55,98.41,986,773,0.0112,,EA,ORB
FENGYUN 1C DEB,1999-025DRS,36145,DEB,D,PRC,1999-05-10,TAISC,2022-02-09,100.57,98.99,851,720,0.0088,,EA,IMP
FENGYUN 1C DEB,1999-025DRT,36146,DEB,D,PRC,1999-05-10,TAISC,2014-10-06,100.09,97.86,938,587,0.0097,,EA,IMP
FENGYUN 1C DEB,1999-025DRU,36147,DEB,,PRC,1999-05-10,TAISC,,106.89,98.51,1410,756,0.0113,,EA,ORB
FENGYUN 1C DEB,1999-025DRV,36148,DEB,,PRC,1999-05-10,TAISC,,103.83,98.42,1143,736,0.0126,,EA,ORB
FENGYUN 1C DEB,1999-025DRW,36149,DEB,,PRC,1999-05-10,TAISC,,101.30,99.60,841,799,0.0145,,EA,ORB
FENGYUN 1C DEB,1999-025DRX,36150,DEB,D,PRC,1999-05-10,TAISC,2023-09-06,104.75,98.21,1185,781,0.0106,,EA,IMP
FENGYUN 1C DEB,1999-025DRY,36151,DEB,D,PRC,1999-05-10,TAISC,2014-12-01,92.48,97.49,430,362,0.0101,,EA,IMP
FENGYUN 1C DEB,1999-025DRZ,36152,DEB,,PRC,1999-05-10,TAISC,,101.54,98.74,870,792,0.0084,,EA,ORB
FENGYUN 1C DEB,1999-025DSA,36153,DEB,,PRC,1999-05-10,TAISC,,99.09,98.59,736,695,0.0067,,EA,ORB
FENGYUN 1C DEB,1999-025DSB,36154,DEB,,PRC,1999-05-10,TAISC,,104.35,97.72,1194,734,0.0137,,EA,ORB
FENGYUN 1C DEB,1999-025DSC,36155,DEB,,PRC,1999-05-10,TAISC,,101.57,98.98,850,816,0.0119,,EA,ORB
FENGYUN 1C DEB,1999-025DSD,36156,DEB,,PRC,1999-05-10,TAISC,,100.57,98.73,819,752,0.0123,,EA,ORB
FENGYUN 1C DEB,1999-025DSE,36157,DEB,D,PRC,1999-05-10,TAISC,2015-04-29,96.21,97.87,639,515,0.0131,,EA,IMP
FENGYUN 1C DEB,1999-025DSF,36158,DEB,D,PRC,1999-05-10,TAISC,2016-12-25,97.62,98.51,759,530,0.0077,,EA,IMP
FENGYUN 1C DEB,1999-025DSG,36159,DEB,D,PRC,1999-05-10,TAISC,2024-04-28,91.60,99.47,376,330,0.0132,,EA,IMP
FENGYUN 1C DEB,1999-025DSH,36160,DEB,,PRC,1999-05-10,TAISC,,101.88,98.14,945,750,0.0105,,EA,ORB
FENGYUN 1C DEB,1999-025DSJ,36161,DEB,D,PRC,1999-05-10,TAISC,2014-10-27,100.10,97.67,933,594,0.0094,,EA,IMP
FENGYUN 1C DEB,1999-025DSK,36162,DEB,,PRC,1999-05-10,TAISC,,102.47,97.62,1056,694,0.0167,,EA,ORB
FENGYUN 1C DEB,1999-025DSL,36163,DEB,,PRC,1999-05-10,TAISC,,98.16,99.08,696,645,0.0072,,EA,ORB
FENGYUN 1C DEB,1999-025DSM,36164,DEB,D,PRC,1999-05-10,TAISC,2011-11-06,97.53,97.25,813,467,0.0116,,EA,IMP
FENGYUN 1C DEB,1999-025DSN,36165,DEB,,PRC,1999-05-10,TAISC,,103.58,98.01,1077,779,0.0080,,EA,ORB
FENGYUN 1C DEB,1999-025DSP,36166,DEB,,PRC,1999-05-10,TAISC,,106.06,97.56,1309,779,0.0156,,EA,ORB
FENGYUN 1C DEB,1999-025DSQ,36167,DEB,,PRC,1999-05-10,TAISC,,99.25,98.81,770,676,0.0143,,EA,ORB
FENGYUN 1C DEB,1999-025DSR,36168,DEB,D,PRC,1999-05-10,TAISC,2015-02-03,92.87,97.84,436,395,0.0127,,EA,IMP
FENGYUN 1C DEB,1999-025DSS,36169,DEB,D,PRC,1999-05-10,TAISC,2022-11-17,94.21,97.95,510,451,0.0071,,EA,IMP
FENGYUN 1C DEB,1999-025DST,36170,DEB,,PRC,1999-05-10,TAISC,,102.98,98.02,993,807,0.0107,,EA,ORB
FENGYUN 1C DEB,1999-025DSU,36171,DEB,D,PRC,1999-05-10,TAISC,2012-11-12,96.76,98.64,710,497,0.0012,,EA,IMP
FENGYUN 1C DEB,1999-025DSV,36172,DEB,,PRC,1999-05-10,TAISC,,104.10,98.15,1111,794,0.0112,,EA,ORB
FENGYUN 1C DEB,1999-025DSW,36173,DEB,,PRC,1999-05-10,TAISC,,101.01,98.24,912,701,0.0088,,EA,ORB
FENGYUN 1C DEB,1999-025DSX,36174,DEB,D,PRC,1999-05-10,TAISC,2015-07-01,95.33,98.36,582,487,0.0084,,EA,IMP
FENGYUN 1C DEB,1999-025DSY,36175,DEB,D,PRC,1999-05-10,TAISC,2018-06-12,99.72,97.36,978,512,0.0105,,EA,IMP
FENGYUN 1C DEB,1999-025DSZ,36176,DEB,D,PRC,1999-05-10,TAISC,2012-05-29,96.65,98.38,748,448,0.0100,,EA,IMP
FENGYUN 1C DEB,1999-025DTA,36177,DEB,,PRC,1999-05-10,TAISC,,101.43,98.61,854,799,0.0084,,EA,ORB
FENGYUN 1C DEB,1999-025DTB,36178,DEB,D,PRC,1999-05-10,TAISC,2011-05-26,90.05,97.61,309,245,0.0060,,EA,IMP
FENGYUN 1C DEB,1999-025DTC,36179,DEB,D,PRC,1999-05-10,TAISC,2012-04-19,91.89,98.38,417,317,0.0121,,EA,IMP
FENGYUN 1C DEB,1999-025DTD,36180,DEB,,PRC,1999-05-10,TAISC,,101.31,98.43,972,669,0.0053,,EA,ORB
FENGYUN 1C DEB,1999-025DTE,36181,DEB,D,PRC,1999-05-10,TAISC,2024-03-21,95.42,98.95,546,532,0.0016,,EA,IMP
FENGYUN 1C DEB,1999-025DTF,36182,DEB,,PRC,1999-05-10,TAISC,,100.24,99.10,786,754,0.0112,,EA,ORB
FENGYUN 1C DEB,1999-025DTG,36183,DEB,D,PRC,1999-05-10,TAISC,2012-03-30,89.99,98.58,302,246,0.0097,,EA,IMP
FENGYUN 1C DEB,1999-025DTH,36184,DEB,,PRC,1999-05-10,TAISC,,102.10,98.55,953,764,0.0139,,EA,ORB
FENGYUN 1C DEB,1999-025DTJ,36185,DEB,D,PRC,1999-05-10,TAISC,2014-07-17,92.61,98.96,406,399,0.0117,,EA,IMP
FENGYUN 1C DEB,1999-025DTK,36186,DEB,D,PRC,1999-05-10,TAISC,2026-03-03,94.15,98.98,480,475,0.0096,,EA,IMP
FENGYUN 1C DEB,1999-025DTL,36187,DEB,D,PRC,1999-05-10,TAISC,2011-09-23,95.91,97.76,690,435,0.0075,,EA,IMP
FENGYUN 1C DEB,1999-025DTM,36188,DEB,,PRC,1999-05-10,TAISC,,98.19,98.59,702,642,0.0032,,EA,ORB
FENGYUN 1C DEB,1999-025DTN,36189,DEB,D,PRC,1999-05-10,TAISC,2022-03-20,100.11,98.96,833,695,0.0051,,EA,IMP
FENGYUN 1C DEB,1999-025DTP,36190,DEB,,PRC,1999-05-10,TAISC,,100.86,98.72,835,764,0.0070,,EA,ORB
FENGYUN 1C DEB,1999-025DTQ,36191,DEB,D,PRC,1999-05-10,TAISC,2016-12-21,99.86,98.96,811,693,0.0032,,EA,IMP
FENGYUN 1C DEB,1999-025DTR,36192,DEB,D,PRC,1999-05-10,TAISC,2023-12-20,98.14,98.74,757,582,0.0101,,EA,IMP
FENGYUN 1C DEB,1999-025DTS,36193,DEB,D,PRC,1999-05-10,TAISC,2012-06-20,96.74,98.39,724,481,0.0094,,EA,IMP
FENGYUN 1C DEB,1999-025DTT,36194,DEB,D,PRC,1999-05-10,TAISC,2022-07-28,95.57,98.99,560,532,0.0117,,EA,IMP
FENGYUN 1C DEB,1999-025DTU,36195,DEB,D,PRC,1999-05-10,TAISC,2014-04-17,91.60,98.88,361,345,0.0048,,EA,IMP
FENGYUN 1C DEB,1999-025DTV,36196,DEB,,PRC,1999-05-10,TAISC,,99.29,99.07,742,708,0.0159,,EA,ORB
FENGYUN 1C DEB,1999-025DTW,36197,DEB,,PRC,1999-05-10,TAISC,,101.49,98.76,872,787,0.0114,,EA,ORB
FENGYUN 1C DEB,1999-025DTX,36198,DEB,,PRC,1999-05-10,TAISC,,102.20,98.61,934,792,0.0109,,EA,ORB
FENGYUN 1C DEB,1999-025DTY,36199,DEB,,PRC,1999-05-10,TAISC,,100.70,98.28,858,726,0.0125,,EA,ORB
FENGYUN 1C DEB,1999-025DTZ,36200,DEB,,PRC,1999-05-10,TAISC,,98.04,99.38,684,646,0.0111,,EA,ORB
FENGYUN 1C DEB,1999-025DUA,36201,DEB,D,PRC,1999-05-10,TAISC,2018-05-02,89.76,99.28,270,255,0.0051,,EA,IMP
FENGYUN 1C DEB,1999-025DUB,36202,DEB,D,PRC,1999-05-10,TAISC,2014-11-26,98.95,99.09,800,617,0.0073,,EA,IMP
FENGYUN 1C DEB,1999-025DUC,36203,DEB,,PRC,1999-05-10,TAISC,,97.09,99.12,674,565,0.0133,,EA,ORB
FENGYUN 1C DEB,1999-025DUD,36204,DEB,,PRC,1999-05-10,TAISC,,100.28,99.30,786,757,0.0120,,EA,ORB
FENGYUN 1C DEB,1999-025DUE,36205,DEB,,PRC,1999-05-10,TAISC,,102.00,99.42,921,786,0.0062,,EA,ORB
FENGYUN 1C DEB,1999-025DUF,36206,DEB,,PRC,1999-05-10,TAISC,,101.25,98.46,840,796,0.0067,,EA,ORB
FENGYUN 1C DEB,1999-025DUG,36207,DEB,,PRC,1999-05-10,TAISC,,102.57,98.59,984,777,0.0116,,EA,ORB
FENGYUN 1C DEB,1999-025DUH,36208,DEB,D,PRC,1999-05-10,TAISC,2012-02-26,91.07,98.84,341,313,0.0018,,EA,IMP
FENGYUN 1C DEB,1999-025DUJ,36209,DEB,,PRC,1999-05-10,TAISC,,103.04,98.97,966,839,0.0034,,EA,ORB
FENGYUN 1C DEB,1999-025DUK,36210,DEB,D,PRC,1999-05-10,TAISC,2013-03-05,89.00,99.75,238,212,0.0070,,EA,IMP
FENGYUN 1C DEB,1999-025DUL,36211,DEB,,PRC,1999-05-10,TAISC,,100.92,98.52,992,613,0.0142,,EA,ORB
FENGYUN 1C DEB,1999-025DUM,36212,DEB,D,PRC,1999-05-10,TAISC,2014-02-10,91.40,99.06,377,309,0.0095,,EA,IMP
FENGYUN 1C DEB,1999-025DUN,36213,DEB,D,PRC,1999-05-10,TAISC,2013-02-14,98.20,99.10,800,545,0.0048,,EA,IMP
FENGYUN 1C DEB,1999-025DUP,36214,DEB,,PRC,1999-05-10,TAISC,,99.32,99.07,757,696,0.0116,,EA,ORB
FENGYUN 1C DEB,1999-025DUQ,36215,DEB,D,PRC,1999-05-10,TAISC,2011-11-04,92.88,98.77,465,366,0.0138,,EA,IMP
FENGYUN 1C DEB,1999-025DUR,36216,DEB,,PRC,1999-05-10,TAISC,,101.47,98.59,860,796,0.0067,,EA,ORB
FENGYUN 1C DEB,1999-025DUS,36217,DEB,D,PRC,1999-05-10,TAISC,2015-02-13,99.45,99.10,834,630,0.0017,,EA,IMP
FENGYUN 1C DEB,1999-025DUT,36218,DEB,,PRC,1999-05-10,TAISC,,97.71,99.05,697,601,0.0045,,EA,ORB
FENGYUN 1C DEB,1999-025DUU,36219,DEB,D,PRC,1999-05-10,TAISC,2019-10-15,100.05,99.04,860,662,0.0010,,EA,IMP
FENGYUN 1C DEB,1999-025DUV,36220,DEB,D,PRC,1999-05-10,TAISC,2013-02-15,92.18,98.71,415,348,0.0067,,EA,IMP
FENGYUN 1C DEB,1999-025DUW,36221,DEB,D,PRC,1999-05-10,TAISC,2012-02-26,97.13,98.92,750,493,0.0095,,EA,IMP
FENGYUN 1C DEB,1999-025DUX,36222,DEB,,PRC,1999-05-10,TAISC,,99.65,98.50,773,710,0.0142,,EA,ORB
FENGYUN 1C DEB,1999-025DUY,36223,DEB,D,PRC,1999-05-10,TAISC,2025-11-23,92.12,98.28,398,359,0.0114,,EA,IMP
FENGYUN 1C DEB,1999-025DUZ,36224,DEB,,PRC,1999-05-10,TAISC,,101.92,98.75,933,766,0.0094,,EA,ORB
FENGYUN 1C DEB,1999-025DVA,36225,DEB,,PRC,1999-05-10,TAISC,,93.91,98.83,483,448,0.0136,,EA,ORB
FENGYUN 1C DEB,1999-025DVB,36226,DEB,,PRC,1999-05-10,TAISC,,102.03,98.59,923,786,0.0083,,EA,ORB
FENGYUN 1C DEB,1999-025DVC,36227,DEB,D,PRC,1999-05-10,TAISC,2012-07-18,91.35,99.54,372,309,0.0043,,EA,IMP
FENGYUN 1C DEB,1999-025DVD,36228,DEB,D,PRC,1999-05-10,TAISC,2025-04-02,92.47,99.24,413,379,0.0073,,EA,IMP
FENGYUN 1C DEB,1999-025DVE,36229,DEB,,PRC,1999-05-10,TAISC,,102.24,100.91,937,792,0.0101,,EA,ORB
FENGYUN 1C DEB,1999-025DVF,36230,DEB,,PRC,1999-05-10,TAISC,,104.64,99.52,1135,821,0.0136,,EA,ORB
FENGYUN 1C DEB,1999-025DVG,36231,DEB,,PRC,1999-05-10,TAISC,,101.97,98.72,896,808,0.0128,,EA,ORB
FENGYUN 1C DEB,1999-025DVH,36232,DEB,,PRC,1999-05-10,TAISC,,101.93,98.73,936,764,0.0122,,EA,ORB
FENGYUN 1C DEB,1999-025DVJ,36233,DEB,D,PRC,1999-05-10,TAISC,2011-10-28,94.30,99.22,560,409,0.0119,,EA,IMP
FENGYUN 1C DEB,1999-025DVK,36234,DEB,,PRC,1999-05-10,TAISC,,107.00,98.97,1325,850,0.0116,,EA,ORB
FENGYUN 1C DEB,1999-025DVL,36235,DEB,D,PRC,1999-05-10,TAISC,2011-04-08,93.36,98.41,505,373,0.0146,,EA,IMP
FENGYUN 1C DEB,1999-025DVM,36236,DEB,,PRC,1999-05-10,TAISC,,104.19,98.82,1067,846,0.0110,,EA,ORB
FENGYUN 1C DEB,1999-025DVN,36237,DEB,D,PRC,1999-05-10,TAISC,2023-08-12,97.48,98.92,674,602,0.0158,,EA,IMP
FENGYUN 1C DEB,1999-025DVP,36238,DEB,,PRC,1999-05-10,TAISC,,101.95,98.68,866,836,0.0017,,EA,ORB
FENGYUN 1C DEB,1999-025DVQ,36239,DEB,D,PRC,1999-05-10,TAISC,2014-10-08,95.16,99.09,549,504,0.0019,,EA,IMP
FENGYUN 1C DEB,1999-025DVR,36240,DEB,,PRC,1999-05-10,TAISC,,101.87,99.39,1112,582,0.0064,,EA,ORB
FENGYUN 1C DEB,1999-025DVS,36241,DEB,D,PRC,1999-05-10,TAISC,2023-04-04,91.16,98.24,357,306,0.0104,,EA,IMP
FENGYUN 1C DEB,1999-025DVT,36242,DEB,,PRC,1999-05-10,TAISC,,102.40,98.13,926,818,0.0099,,EA,ORB
FENGYUN 1C DEB,1999-025DVU,36243,DEB,D,PRC,1999-05-10,TAISC,2024-06-15,92.76,99.18,437,383,0.0055,,EA,IMP
FENGYUN 1C DEB,1999-025DVV,36244,DEB,,PRC,1999-05-10,TAISC,,100.94,98.94,837,769,0.0095,,EA,ORB
FENGYUN 1C DEB,1999-025DVW,36245,DEB,D,PRC,1999-05-10,TAISC,2014-07-23,99.14,98.90,807,628,0.0084,,EA,IMP
FENGYUN 1C DEB,1999-025DVX,36246,DEB,,PRC,1999-05-10,TAISC,,102.33,99.02,966,773,0.0112,,EA,ORB
FENGYUN 1C DEB,1999-025DVY,36247,DEB,,PRC,1999-05-10,TAISC,,100.40,98.26,910,645,0.0104,,EA,ORB
FENGYUN 1C DEB,1999-025DVZ,36248,DEB,,PRC,1999-05-10,TAISC,,103.36,98.16,1061,774,0.0082,,EA,ORB
FENGYUN 1C DEB,1999-025DWA,36249,DEB,D,PRC,1999-05-10,TAISC,2010-05-24,90.27,104.68,339,236,0.0100,,EA,IMP
FENGYUN 1C DEB,1999-025DWB,36250,DEB,D,PRC,1999-05-10,TAISC,2016-05-09,99.72,99.13,805,685,0.0132,,EA,IMP
FENGYUN 1C DEB,1999-025DWC,36251,DEB,D,PRC,1999-05-10,TAISC,2014-02-04,89.02,99.01,251,201,0.0067,,EA,IMP
FENGYUN 1C DEB,1999-025DWD,36252,DEB,D,PRC,1999-05-10,TAISC,2018-02-04,96.87,98.33,742,476,0.0073,,EA,IMP
FENGYUN 1C DEB,1999-025DWE,36253,DEB,D,PRC,1999-05-10,TAISC,2014-03-26,91.00,98.73,331,316,0.0082,,EA,IMP
FENGYUN 1C DEB,1999-025DWF,36254,DEB,D,PRC,1999-05-10,TAISC,2026-05-06,90.36,99.50,303,282,0.0138,,EA,IMP
FENGYUN 1C DEB,1999-025DWG,36255,DEB,,PRC,1999-05-10,TAISC,,100.17,99.45,812,721,0.0119,,EA,ORB
FENGYUN 1C DEB,1999-025DWH,36256,DEB,D,PRC,1999-05-10,TAISC,2013-01-23,95.29,98.93,575,490,0.0013,,EA,IMP
FENGYUN 1C DEB,1999-025DWJ,36257,DEB,D,PRC,1999-05-10,TAISC,2025-03-25,100.02,99.07,777,742,0.0153,,EA,IMP
FENGYUN 1C DEB,1999-025DWK,36258,DEB,,PRC,1999-05-10,TAISC,,97.55,99.06,761,522,0.0127,,EA,ORB
FENGYUN 1C DEB,1999-025DWL,36259,DEB,,PRC,1999-05-10,TAISC,,98.49,98.80,689,684,0.0042,,EA,ORB
FENGYUN 1C DEB,1999-025DWM,36260,DEB,,PRC,1999-05-10,TAISC,,101.73,98.67,851,830,0.0135,,EA,ORB
FENGYUN 1C DEB,1999-025DWN,36261,DEB,,PRC,1999-05-10,TAISC,,107.01,101.35,1353,824,0.0129,,EA,ORB
FENGYUN 1C DEB,1999-025DWP,36262,DEB,,PRC,1999-05-10,TAISC,,100.83,98.93,841,756,0.0106,,EA,ORB
FENGYUN 1C DEB,1999-025DWQ,36263,DEB,,PRC,1999-05-10,TAISC,,99.41,98.98,754,707,0.0102,,EA,ORB
FENGYUN 1C DEB,1999-025DWR,36264,DEB,D,PRC,1999-05-10,TAISC,2014-12-08,94.50,97.83,542,446,0.0107,,EA,IMP
FENGYUN 1C DEB,1999-025DWS,36265,DEB,D,PRC,1999-05-10,TAISC,2021-08-24,98.43,99.48,826,542,0.0003,,EA,IMP
FENGYUN 1C DEB,1999-025DWT,36266,DEB,D,PRC,1999-05-10,TAISC,2025-01-25,101.48,98.92,875,783,0.0063,,EA,IMP
FENGYUN 1C DEB,1999-025DWU,36267,DEB,,PRC,1999-05-10,TAISC,,102.13,98.57,949,769,0.0102,,EA,ORB
FENGYUN 1C DEB,1999-025DWV,36268,DEB,D,PRC,1999-05-10,TAISC,2013-07-08,96.81,98.79,666,545,0.0123,,EA,IMP
FENGYUN 1C DEB,1999-025DWW,36269,DEB,,PRC,1999-05-10,TAISC,,100.84,99.13,964,633,0.0095,,EA,ORB
FENGYUN 1C DEB,1999-025DWX,36270,DEB,,PRC,1999-05-10,TAISC,,100.87,99.00,842,757,0.0064,,EA,ORB
FENGYUN 1C DEB,1999-025DWY,36271,DEB,D,PRC,1999-05-10,TAISC,2024-12-06,98.52,99.04,719,656,0.0124,,EA,IMP
FENGYUN 1C DEB,1999-025DWZ,36272,DEB,,PRC,1999-05-10,TAISC,,101.58,99.11,954,713,0.0136,,EA,ORB
FENGYUN 1C DEB,1999-025DXA,36273,DEB,,PRC,1999-05-10,TAISC,,101.64,99.57,906,766,0.0143,,EA,ORB
FENGYUN 1C DEB,1999-025DXB,36274,DEB,,PRC,1999-05-10,TAISC,,100.97,99.13,846,762,0.0188,,EA,ORB
FENGYUN 1C DEB,1999-025DXC,36275,DEB,D,PRC,1999-05-10,TAISC,2016-02-01,92.85,97.75,438,391,0.0105,,EA,IMP
FENGYUN 1C DEB,1999-025DXD,36276,DEB,D,PRC,1999-05-10,TAISC,2011-12-03,91.57,98.87,376,328,0.0027,,EA,IMP
FENGYUN 1C DEB,1999-025DXE,36277,DEB,D,PRC,1999-05-10,TAISC,2012-06-19,92.93,99.08,448,388,0.0002,,EA,IMP
FENGYUN 1C DEB,1999-025DXF,36278,DEB,,PRC,1999-05-10,TAISC,,101.57,99.13,877,789,0.0143,,EA,ORB
FENGYUN 1C DEB,1999-025DXG,36279,DEB,,PRC,1999-05-10,TAISC,,101.78,98.59,888,797,0.0108,,EA,ORB
FENGYUN 1C DEB,1999-025DXH,36280,DEB,,PRC,1999-05-10,TAISC,,102.10,98.75,904,811,0.0116,,EA,ORB
FENGYUN 1C DEB,1999-025DXJ,36281,DEB,,PRC,1999-05-10,TAISC,,105.76,99.25,1239,820,0.0027,,EA,ORB
FENGYUN 1C DEB,1999-025DXK,36282,DEB,D,PRC,1999-05-10,TAISC,2013-06-19,92.68,98.39,479,332,0.0149,,EA,IMP
FENGYUN 1C DEB,1999-025DXL,36283,DEB,,PRC,1999-05-10,TAISC,,94.69,99.43,536,471,0.0110,,EA,ORB
FENGYUN 1C DEB,1999-025DXM,36284,DEB,D,PRC,1999-05-10,TAISC,2015-12-05,93.44,98.82,449,437,0.0141,,EA,IMP
CZ-4B DEB,1999-057SU,36303,DEB,D,PRC,1999-10-14,TAISC,2014-09-17,93.23,98.30,440,424,0.0135,,EA,IMP
CZ-4B DEB,1999-057SV,36304,DEB,D,PRC,1999-10-14,TAISC,2025-08-28,91.57,98.71,358,345,0.0105,,EA,IMP
CBERS 1 DEB,1999-057SW,36317,DEB,D,CHBZ,1999-10-14,TAISC,2021-12-22,99.55,98.23,743,731,0.0100,,EA,IMP
FENGYUN 1C DEB,1999-025DXN,36644,DEB,,PRC,1999-05-10,TAISC,,105.90,98.44,1246,827,0.0165,,EA,ORB
FENGYUN 1C DEB,1999-025DXP,36645,DEB,,PRC,1999-05-10,TAISC,,105.92,98.51,1257,818,0.0088,,EA,ORB
FENGYUN 1C DEB,1999-025DXQ,36646,DEB,D,PRC,1999-05-10,TAISC,2011-10-21,92.85,96.67,518,310,0.0016,,EA,IMP
FENGYUN 1C DEB,1999-025DXR,36647,DEB,,PRC,1999-05-10,TAISC,,103.55,96.12,1095,757,0.0083,,EA,ORB
FENGYUN 1C DEB,1999-025DXS,36648,DEB,D,PRC,1999-05-10,TAISC,2021-01-22,100.33,97.94,932,616,0.0030,,EA,IMP
FENGYUN 1C DEB,1999-025DXT,36649,DEB,D,PRC,1999-05-10,TAISC,2015-11-23,99.21,98.93,765,677,0.0066,,EA,IMP
FENGYUN 1C DEB,1999-025DXU,36650,DEB,D,PRC,1999-05-10,TAISC,2014-03-21,93.69,98.63,467,443,0.0022,,EA,IMP
FENGYUN 1C DEB,1999-025DXV,36651,DEB,D,PRC,1999-05-10,TAISC,2015-11-06,100.51,98.38,965,601,0.0102,,EA,IMP
FENGYUN 1C DEB,1999-025DXW,36652,DEB,,PRC,1999-05-10,TAISC,,101.08,98.93,845,775,0.0096,,EA,ORB
FENGYUN 1C DEB,1999-025DXX,36653,DEB,D,PRC,1999-05-10,TAISC,2014-12-11,93.42,98.36,476,408,0.0098,,EA,IMP
FENGYUN 1C DEB,1999-025DXY,36654,DEB,D,PRC,1999-05-10,TAISC,2022-10-13,93.75,99.50,498,418,0.0066,,EA,IMP
FENGYUN 1C DEB,1999-025DXZ,36655,DEB,D,PRC,1999-05-10,TAISC,2019-02-22,98.65,98.93,730,658,0.0077,,EA,IMP
FENGYUN 1C DEB,1999-025DYA,36656,DEB,,PRC,1999-05-10,TAISC,,106.27,97.43,1301,807,0.0115,,EA,ORB
FENGYUN 1C DEB,1999-025DYB,36657,DEB,,PRC,1999-05-10,TAISC,,98.14,99.43,742,598,0.0052,,EA,ORB
FENGYUN 1C DEB,1999-025DYC,36658,DEB,,PRC,1999-05-10,TAISC,,100.78,98.75,854,737,0.0157,,EA,ORB
FENGYUN 1C DEB,1999-025DYD,36659,DEB,,PRC,1999-05-10,TAISC,,103.77,99.85,1036,837,0.0109,,EA,ORB
FENGYUN 1C DEB,1999-025DYE,36660,DEB,,PRC,1999-05-10,TAISC,,101.77,98.63,875,809,0.0135,,EA,ORB
FENGYUN 1C DEB,1999-025DYF,36661,DEB,,PRC,1999-05-10,TAISC,,101.19,98.93,834,797,0.0128,,EA,ORB
FENGYUN 1C DEB,1999-025DYG,36662,DEB,D,PRC,1999-05-10,TAISC,2018-07-05,91.82,96.53,371,356,0.0123,,EA,IMP
FENGYUN 1C DEB,1999-025DYH,36663,DEB,,PRC,1999-05-10,TAISC,,102.11,98.78,871,847,0.0150,,EA,ORB
FENGYUN 1C DEB,1999-025DYJ,36664,DEB,,PRC,1999-05-10,TAISC,,101.55,98.59,957,707,0.0150,,EA,ORB
FENGYUN 1C DEB,1999-025DYK,36665,DEB,,PRC,1999-05-10,TAISC,,101.37,98.39,924,724,0.0166,,EA,ORB
FENGYUN 1C DEB,1999-025DYL,36666,DEB,D,PRC,1999-05-10,TAISC,2014-04-16,93.14,98.29,506,350,0.0101,,EA,IMP
FENGYUN 1C DEB,1999-025DYM,36667,DEB,,PRC,1999-05-10,TAISC,,102.93,97.76,989,805,0.0131,,EA,ORB
FENGYUN 1C DEB,1999-025DYN,36668,DEB,,PRC,1999-05-10,TAISC,,101.70,98.61,875,803,0.0106,,EA,ORB
FENGYUN 1C DEB,1999-025DYP,36669,DEB,D,PRC,1999-05-10,TAISC,2016-03-23,95.99,99.00,588,545,0.0096,,EA,IMP
FENGYUN 1C DEB,1999-025DYQ,36670,DEB,,PRC,1999-05-10,TAISC,,100.61,98.73,817,758,0.0150,,EA,ORB
FENGYUN 1C DEB,1999-025DYR,36671,DEB,D,PRC,1999-05-10,TAISC,2014-12-30,90.02,97.25,278,273,0.0151,,EA,IMP
FENGYUN 1C DEB,1999-025DYS,36672,DEB,D,PRC,1999-05-10,TAISC,2022-06-15,94.29,98.97,497,472,0.0094,,EA,IMP
FENGYUN 1C DEB,1999-025DYT,36673,DEB,D,PRC,1999-05-10,TAISC,2014-09-27,99.41,99.05,836,625,0.0139,,EA,IMP
FENGYUN 1C DEB,1999-025DYU,36674,DEB,D,PRC,1999-05-10,TAISC,2016-02-29,96.82,99.00,633,579,0.0082,,EA,IMP
FENGYUN 1C DEB,1999-025DYV,36675,DEB,,PRC,1999-05-10,TAISC,,99.52,99.23,753,718,0.0151,,EA,ORB
FENGYUN 1C DEB,1999-025DYW,36676,DEB,,PRC,1999-05-10,TAISC,,99.73,98.75,814,678,0.0137,,EA,ORB
FENGYUN 1C DEB,1999-025DYX,36677,DEB,,PRC,1999-05-10,TAISC,,101.61,98.73,877,793,0.0120,,EA,ORB
FENGYUN 1C DEB,1999-025DYY,36678,DEB,,PRC,1999-05-10,TAISC,,100.10,98.32,871,656,0.0168,,EA,ORB
FENGYUN 1C DEB,1999-025DYZ,36679,DEB,,PRC,1999-05-10,TAISC,,102.49,98.86,938,815,0.0102,,EA,ORB
FENGYUN 1C DEB,1999-025DZA,36680,DEB,,PRC,1999-05-10,TAISC,,101.47,98.57,963,694,0.0107,,EA,ORB
FENGYUN 1C DEB,1999-025DZB,36681,DEB,,PRC,1999-05-10,TAISC,,102.07,98.71,890,824,0.0117,,EA,ORB
FENGYUN 1C DEB,1999-025DZC,36682,DEB,,PRC,1999-05-10,TAISC,,105.05,98.47,1169,825,0.0104,,EA,ORB
FENGYUN 1C DEB,1999-025DZD,36683,DEB,D,PRC,1999-05-10,TAISC,2012-10-04,97.48,99.06,759,517,0.0015,,EA,IMP
FENGYUN 1C DEB,1999-025DZE,36684,DEB,D,PRC,1999-05-10,TAISC,2026-07-19,94.08,99.43,487,461,0.0052,,EA,IMP
FENGYUN 1C DEB,1999-025DZF,36685,DEB,D,PRC,1999-05-10,TAISC,2025-10-14,91.50,98.80,361,335,0.0137,,EA,IMP
FENGYUN 1C DEB,1999-025DZG,36686,DEB,,PRC,1999-05-10,TAISC,,97.27,98.98,697,559,0.0055,,EA,ORB
FENGYUN 1C DEB,1999-025DZH,36687,DEB,,PRC,1999-05-10,TAISC,,102.51,98.70,943,812,0.0088,,EA,ORB
FENGYUN 1C DEB,1999-025DZJ,36688,DEB,,PRC,1999-05-10,TAISC,,101.12,99.04,865,758,0.0053,,EA,ORB
FENGYUN 1C DEB,1999-025DZK,36689,DEB,,PRC,1999-05-10,TAISC,,104.69,98.47,1208,752,0.0122,,EA,ORB
FENGYUN 1C DEB,1999-025DZL,36690,DEB,D,PRC,1999-05-10,TAISC,2011-08-08,95.60,98.57,648,447,0.0095,,EA,IMP
FENGYUN 1C DEB,1999-025DZM,36691,DEB,,PRC,1999-05-10,TAISC,,102.32,98.65,960,777,0.0067,,EA,ORB
FENGYUN 1C DEB,1999-025DZN,36692,DEB,,PRC,1999-05-10,TAISC,,103.32,99.99,999,832,0.0115,,EA,ORB
FENGYUN 1C DEB,1999-025DZP,36693,DEB,D,PRC,1999-05-10,TAISC,2023-07-18,95.76,97.55,617,494,0.0090,,EA,IMP
FENGYUN 1C DEB,1999-025DZQ,36694,DEB,,PRC,1999-05-10,TAISC,,101.38,99.08,900,749,0.0090,,EA,ORB
FENGYUN 1C DEB,1999-025DZR,36695,DEB,,PRC,1999-05-10,TAISC,,99.70,98.25,926,562,0.0136,,EA,ORB
FENGYUN 1C DEB,1999-025DZS,36696,DEB,,PRC,1999-05-10,TAISC,,99.87,98.98,767,737,0.0108,,EA,ORB
FENGYUN 1C DEB,1999-025DZT,36697,DEB,D,PRC,1999-05-10,TAISC,2025-02-14,94.16,98.74,532,424,0.0118,,EA,IMP
FENGYUN 1C DEB,1999-025DZU,36698,DEB,D,PRC,1999-05-10,TAISC,2022-01-27,100.08,99.01,810,715,0.0138,,EA,IMP
FENGYUN 1C DEB,1999-025DZV,36699,DEB,,PRC,1999-05-10,TAISC,,101.08,98.57,878,742,0.0158,,EA,ORB
FENGYUN 1C DEB,1999-025DZW,36700,DEB,,PRC,1999-05-10,TAISC,,103.93,99.83,1058,831,0.0106,,EA,ORB
FENGYUN 1C DEB,1999-025DZX,36701,DEB,,PRC,1999-05-10,TAISC,,104.92,102.75,1181,800,0.0085,,EA,ORB
FENGYUN 1C DEB,1999-025DZY,36702,DEB,D,PRC,1999-05-10,TAISC,2024-10-05,100.55,98.45,862,707,0.0124,,EA,IMP
FENGYUN 1C DEB,1999-025DZZ,36703,DEB,,PRC,1999-05-10,TAISC,,101.14,97.81,881,744,0.0068,,EA,ORB
FENGYUN 1C DEB,1999-025EAA,36704,DEB,D,PRC,1999-05-10,TAISC,2014-11-01,96.66,99.31,651,547,0.0029,,EA,IMP
FENGYUN 1C DEB,1999-025EAB,36705,DEB,D,PRC,1999-05-10,TAISC,2014-11-12,99.24,98.97,819,626,0.0020,,EA,IMP
FENGYUN 1C DEB,1999-025EAC,36706,DEB,D,PRC,1999-05-10,TAISC,2023-01-12,95.34,98.83,555,515,0.0098,,EA,IMP
FENGYUN 1C DEB,1999-025EAD,36707,DEB,,PRC,1999-05-10,TAISC,,101.55,98.73,868,796,0.0136,,EA,ORB
FENGYUN 1C DEB,1999-025EAE,36708,DEB,D,PRC,1999-05-10,TAISC,2011-12-10,97.81,98.17,879,428,0.0117,,EA,IMP
FENGYUN 1C DEB,1999-025EAF,36709,DEB,D,PRC,1999-05-10,TAISC,2013-11-01,94.20,98.79,508,451,0.0099,,EA,IMP
FENGYUN 1C DEB,1999-025EAG,36710,DEB,,PRC,1999-05-10,TAISC,,99.16,98.36,766,672,0.0138,,EA,ORB
FENGYUN 1C DEB,1999-025EAH,36711,DEB,,PRC,1999-05-10,TAISC,,99.57,100.79,805,671,0.0110,,EA,ORB
FENGYUN 1C DEB,1999-025EAJ,36712,DEB,D,PRC,1999-05-10,TAISC,2024-03-16,97.27,98.94,656,600,0.0119,,EA,IMP
FENGYUN 1C DEB,1999-025EAK,36713,DEB,D,PRC,1999-05-10,TAISC,2025-04-01,92.75,98.41,445,373,0.0133,,EA,IMP
FENGYUN 1C DEB,1999-025EAL,36714,DEB,,PRC,1999-05-10,TAISC,,101.57,98.77,858,808,0.0157,,EA,ORB
FENGYUN 1C DEB,1999-025EAM,36715,DEB,,PRC,1999-05-10,TAISC,,99.56,98.49,877,599,0.0096,,EA,ORB
FENGYUN 1C DEB,1999-025EAN,36716,DEB,,PRC,1999-05-10,TAISC,,103.70,99.23,1042,826,0.0076,,EA,ORB
FENGYUN 1C DEB,1999-025EAP,36717,DEB,D,PRC,1999-05-10,TAISC,2015-04-04,99.97,99.09,874,640,0.0106,,EA,IMP
FENGYUN 1C DEB,1999-025EAQ,36718,DEB,D,PRC,1999-05-10,TAISC,2014-04-09,92.01,99.05,380,366,0.0112,,EA,IMP
FENGYUN 1C DEB,1999-025EAR,36719,DEB,,PRC,1999-05-10,TAISC,,100.26,98.55,830,713,0.0127,,EA,ORB
FENGYUN 1C DEB,1999-025EAS,36720,DEB,D,PRC,1999-05-10,TAISC,2012-08-01,91.93,98.93,385,354,0.0030,,EA,IMP
FENGYUN 1C DEB,1999-025EAT,36721,DEB,D,PRC,1999-05-10,TAISC,2014-10-06,94.65,99.05,516,488,0.0122,,EA,IMP
FENGYUN 1C DEB,1999-025EAU,36722,DEB,D,PRC,1999-05-10,TAISC,2013-11-21,90.73,98.92,315,306,0.0005,,EA,IMP
FENGYUN 1C DEB,1999-025EAV,36723,DEB,D,PRC,1999-05-10,TAISC,2015-01-18,95.62,98.79,568,529,0.0165,,EA,IMP
FENGYUN 1C DEB,1999-025EAW,36724,DEB,,PRC,1999-05-10,TAISC,,100.90,99.46,874,729,0.0089,,EA,ORB
FENGYUN 1C DEB,1999-025EAX,36725,DEB,D,PRC,1999-05-10,TAISC,2015-03-23,94.44,99.48,516,467,0.0014,,EA,IMP
FENGYUN 1C DEB,1999-025EAY,36726,DEB,D,PRC,1999-05-10,TAISC,2021-11-23,93.03,98.96,438,407,0.0082,,EA,IMP
FENGYUN 1C DEB,1999-025EAZ,36727,DEB,D,PRC,1999-05-10,TAISC,2023-09-19,100.11,99.03,853,675,0.0115,,EA,IMP
FENGYUN 1C DEB,1999-025EBA,36728,DEB,D,PRC,1999-05-10,TAISC,2013-05-20,95.77,99.03,609,503,0.0136,,EA,IMP
FENGYUN 1C DEB,1999-025EBB,36729,DEB,,PRC,1999-05-10,TAISC,,102.09,98.73,890,825,0.0066,,EA,ORB
FENGYUN 1C DEB,1999-025EBC,36730,DEB,D,PRC,1999-05-10,TAISC,2023-09-29,99.00,99.65,731,691,0.0077,,EA,IMP
FENGYUN 1C DEB,1999-025EBD,36731,DEB,,PRC,1999-05-10,TAISC,,100.28,99.14,808,736,0.0127,,EA,ORB
FENGYUN 1C DEB,1999-025EBE,36732,DEB,D,PRC,1999-05-10,TAISC,2024-08-02,91.11,98.94,334,324,0.0058,,EA,IMP
FENGYUN 1C DEB,1999-025EBF,36733,DEB,,PRC,1999-05-10,TAISC,,102.95,99.28,1006,791,0.0047,,EA,ORB
FENGYUN 1C DEB,1999-025EBG,36734,DEB,,PRC,1999-05-10,TAISC,,100.87,99.04,824,776,0.0061,,EA,ORB
FENGYUN 1C DEB,1999-025EBH,36735,DEB,D,PRC,1999-05-10,TAISC,2024-11-30,98.97,99.13,761,658,0.0122,,EA,IMP
FENGYUN 1C DEB,1999-025EBJ,36736,DEB,,PRC,1999-05-10,TAISC,,100.91,98.79,845,758,0.0137,,EA,ORB
FENGYUN 1C DEB,1999-025EBK,36737,DEB,D,PRC,1999-05-10,TAISC,2014-11-03,92.00,99.02,396,349,0.0021,,EA,IMP
FENGYUN 1C DEB,1999-025EBL,36738,DEB,D,PRC,1999-05-10,TAISC,2023-10-13,99.45,100.79,754,710,0.0049,,EA,IMP
FENGYUN 1C DEB,1999-025EBM,36739,DEB,D,PRC,1999-05-10,TAISC,2022-05-25,99.78,99.01,842,655,0.0057,,EA,IMP
FENGYUN 1C DEB,1999-025EBN,36740,DEB,D,PRC,1999-05-10,TAISC,2016-02-07,96.30,98.53,595,567,0.0125,,EA,IMP
FENGYUN 1C DEB,1999-025EBP,36741,DEB,,PRC,1999-05-10,TAISC,,101.85,98.41,930,762,0.0127,,EA,ORB
FENGYUN 1C DEB,1999-025EBQ,36742,DEB,D,PRC,1999-05-10,TAISC,2023-05-30,102.77,98.82,953,826,0.0124,,EA,IMP
FENGYUN 1C DEB,1999-025EBR,36743,DEB,,PRC,1999-05-10,TAISC,,100.66,98.64,823,757,0.0146,,EA,ORB
FENGYUN 1C DEB,1999-025EBS,36986,DEB,,PRC,1999-05-10,TAISC,,101.68,99.13,898,778,0.0038,,EA,ORB
FENGYUN 1C DEB,1999-025EBT,36987,DEB,,PRC,1999-05-10,TAISC,,106.97,100.80,1323,850,0.0142,,EA,ORB
FENGYUN 1C DEB,1999-025EBU,36988,DEB,D,PRC,1999-05-10,TAISC,2017-01-19,100.83,98.40,984,612,0.0094,,EA,IMP
FENGYUN 1C DEB,1999-025EBV,36989,DEB,,PRC,1999-05-10,TAISC,,104.08,98.23,1139,764,0.0120,,EA,ORB
FENGYUN 1C DEB,1999-025EBW,36990,DEB,,PRC,1999-05-10,TAISC,,106.10,96.58,1262,830,0.0059,,EA,ORB
FENGYUN 1C DEB,1999-025EBX,36991,DEB,,PRC,1999-05-10,TAISC,,105.07,98.12,1198,798,0.0084,,EA,ORB
FENGYUN 1C DEB,1999-025EBY,36992,DEB,D,PRC,1999-05-10,TAISC,2013-12-03,92.63,98.36,428,378,0.0084,,EA,IMP
FENGYUN 1C DEB,1999-025EBZ,36993,DEB,D,PRC,1999-05-10,TAISC,2014-05-12,95.04,97.77,570,471,0.0096,,EA,IMP
FENGYUN 1C DEB,1999-025ECA,36994,DEB,,PRC,1999-05-10,TAISC,,103.53,98.67,1010,842,0.0085,,EA,ORB
FENGYUN 1C DEB,1999-025ECB,36995,DEB,,PRC,1999-05-10,TAISC,,102.50,98.31,905,849,0.0043,,EA,ORB
FENGYUN 1C DEB,1999-025ECC,36996,DEB,,PRC,1999-05-10,TAISC,,101.92,98.25,1031,669,0.0133,,EA,ORB
FENGYUN 1C DEB,1999-025ECD,36997,DEB,D,PRC,1999-05-10,TAISC,2024-05-12,98.39,98.56,771,593,0.0084,,EA,IMP
FENGYUN 1C DEB,1999-025ECE,36998,DEB,D,PRC,1999-05-10,TAISC,2012-02-12,97.29,98.65,821,437,0.0131,,EA,IMP
FENGYUN 1C DEB,1999-025ECF,36999,DEB,,PRC,1999-05-10,TAISC,,104.06,99.25,1093,807,0.0075,,EA,ORB
FENGYUN 1C DEB,1999-025ECG,37000,DEB,D,PRC,1999-05-10,TAISC,2012-06-14,98.42,98.64,834,532,0.0133,,EA,IMP
FENGYUN 1C DEB,1999-025ECH,37001,DEB,,PRC,1999-05-10,TAISC,,101.92,98.89,873,826,0.0115,,EA,ORB
FENGYUN 1C DEB,1999-025ECJ,37002,DEB,D,PRC,1999-05-10,TAISC,2014-05-25,94.33,97.47,545,427,0.0077,,EA,IMP
FENGYUN 1C DEB,1999-025ECK,37003,DEB,,PRC,1999-05-10,TAISC,,103.11,98.83,975,836,0.0149,,EA,ORB
FENGYUN 1C DEB,1999-025ECL,37004,DEB,D,PRC,1999-05-10,TAISC,2014-09-15,98.78,97.74,819,582,0.0081,,EA,IMP
FENGYUN 1C DEB,1999-025ECM,37005,DEB,D,PRC,1999-05-10,TAISC,2023-05-11,100.23,98.92,848,691,0.0036,,EA,IMP
FENGYUN 1C DEB,1999-025ECN,37006,DEB,,PRC,1999-05-10,TAISC,,99.28,99.29,903,546,0.0154,,EA,ORB
FENGYUN 1C DEB,1999-025ECP,37007,DEB,D,PRC,1999-05-10,TAISC,2025-01-03,98.72,99.07,739,656,0.0144,,EA,IMP
FENGYUN 1C DEB,1999-025ECQ,37008,DEB,,PRC,1999-05-10,TAISC,,102.23,99.16,906,822,0.0074,,EA,ORB
FENGYUN 1C DEB,1999-025ECR,37009,DEB,D,PRC,1999-05-10,TAISC,2024-05-17,101.48,102.35,910,748,0.0046,,EA,IMP
FENGYUN 1C DEB,1999-025ECS,37010,DEB,D,PRC,1999-05-10,TAISC,2011-05-25,96.99,97.16,797,433,0.0009,,EA,IMP
FENGYUN 1C DEB,1999-025ECT,37011,DEB,D,PRC,1999-05-10,TAISC,2024-01-17,92.14,98.88,383,376,0.0088,,EA,IMP
FENGYUN 1C DEB,1999-025ECU,37012,DEB,,PRC,1999-05-10,TAISC,,102.86,98.54,1033,755,0.0112,,EA,ORB
FENGYUN 1C DEB,1999-025ECV,37013,DEB,D,PRC,1999-05-10,TAISC,2022-10-08,96.11,98.41,631,513,0.0123,,EA,IMP
FENGYUN 1C DEB,1999-025ECW,37014,DEB,D,PRC,1999-05-10,TAISC,2024-11-16,99.81,98.95,771,728,0.0048,,EA,IMP
FENGYUN 1C DEB,1999-025ECX,37015,DEB,D,PRC,1999-05-10,TAISC,2015-09-27,93.48,96.34,455,434,0.0061,,EA,IMP
FENGYUN 1C DEB,1999-025ECY,37016,DEB,D,PRC,1999-05-10,TAISC,2015-06-25,95.41,95.86,584,493,0.0057,,EA,IMP
FENGYUN 1C DEB,1999-025ECZ,37017,DEB,,PRC,1999-05-10,TAISC,,99.77,98.81,942,553,0.0089,,EA,ORB
FENGYUN 1C DEB,1999-025EDA,37018,DEB,,PRC,1999-05-10,TAISC,,99.47,98.50,866,601,0.0116,,EA,ORB
FENGYUN 1C DEB,1999-025EDB,37019,DEB,,PRC,1999-05-10,TAISC,,100.26,98.57,889,652,0.0171,,EA,ORB
FENGYUN 1C DEB,1999-025EDC,37020,DEB,D,PRC,1999-05-10,TAISC,2015-02-27,100.06,97.83,991,531,0.0112,,EA,IMP
FENGYUN 1C DEB,1999-025EDD,37021,DEB,,PRC,1999-05-10,TAISC,,100.46,98.38,905,656,0.0111,,EA,ORB
FENGYUN 1C DEB,1999-025EDE,37022,DEB,,PRC,1999-05-10,TAISC,,101.79,98.47,941,746,0.0107,,EA,ORB
FENGYUN 1C DEB,1999-025EDF,37023,DEB,D,PRC,1999-05-10,TAISC,2011-12-17,95.40,96.67,656,419,0.0074,,EA,IMP
FENGYUN 1C DEB,1999-025EDG,37024,DEB,D,PRC,1999-05-10,TAISC,2023-07-07,97.13,99.32,634,608,0.0180,,EA,IMP
FENGYUN 1C DEB,1999-025EDH,37025,DEB,,PRC,1999-05-10,TAISC,,101.96,98.24,895,808,0.0071,,EA,ORB
FENGYUN 1C DEB,1999-025EDJ,37026,DEB,,PRC,1999-05-10,TAISC,,100.69,98.70,826,756,0.0150,,EA,ORB
FENGYUN 1C DEB,1999-025EDK,37027,DEB,,PRC,1999-05-10,TAISC,,101.21,98.83,906,726,0.0008,,EA,ORB
FENGYUN 1C DEB,1999-025EDL,37028,DEB,,PRC,1999-05-10,TAISC,,101.08,99.24,834,785,0.0086,,EA,ORB
FENGYUN 1C DEB,1999-025EDM,37029,DEB,D,PRC,1999-05-10,TAISC,2024-02-07,101.13,99.72,841,783,0.0057,,EA,IMP
FENGYUN 1C DEB,1999-025EDN,37030,DEB,D,PRC,1999-05-10,TAISC,2024-11-23,100.50,99.70,819,746,0.0119,,EA,IMP
FENGYUN 1C DEB,1999-025EDP,37031,DEB,D,PRC,1999-05-10,TAISC,2023-03-22,100.32,99.69,813,735,0.0067,,EA,IMP
FENGYUN 1C DEB,1999-025EDQ,37032,DEB,D,PRC,1999-05-10,TAISC,2022-05-29,93.96,99.38,494,442,0.0133,,EA,IMP
FENGYUN 1C DEB,1999-025EDR,37033,DEB,,PRC,1999-05-10,TAISC,,99.82,99.69,832,668,0.0045,,EA,ORB
FENGYUN 1C DEB,1999-025EDS,37034,DEB,D,PRC,1999-05-10,TAISC,2024-05-24,100.43,98.95,856,702,0.0079,,EA,IMP
FENGYUN 1C DEB,1999-025EDT,37035,DEB,,PRC,1999-05-10,TAISC,,101.54,100.65,874,789,0.0076,,EA,ORB
FENGYUN 1C DEB,1999-025EDU,37036,DEB,,PRC,1999-05-10,TAISC,,102.58,98.73,971,790,0.0079,,EA,ORB
FENGYUN 1C DEB,1999-025EDV,37037,DEB,D,PRC,1999-05-10,TAISC,2011-10-14,94.52,99.34,570,421,0.0098,,EA,IMP
FENGYUN 1C DEB,1999-025EDW,37038,DEB,D,PRC,1999-05-10,TAISC,2025-09-01,93.87,99.00,475,453,0.0081,,EA,IMP
FENGYUN 1C DEB,1999-025EDX,37039,DEB,D,PRC,1999-05-10,TAISC,2014-05-31,97.98,98.96,750,574,0.0090,,EA,IMP
FENGYUN 1C DEB,1999-025EDY,37040,DEB,,PRC,1999-05-10,TAISC,,101.17,99.55,873,755,0.0099,,EA,ORB
FENGYUN 1C DEB,1999-025EDZ,37041,DEB,,PRC,1999-05-10,TAISC,,103.07,98.92,1020,787,0.0078,,EA,ORB
FENGYUN 1C DEB,1999-025EEA,37042,DEB,,PRC,1999-05-10,TAISC,,97.01,98.61,646,585,0.0092,,EA,ORB
FENGYUN 1C DEB,1999-025EEB,37043,DEB,D,PRC,1999-05-10,TAISC,2024-01-19,97.52,99.32,678,602,0.0073,,EA,IMP
FENGYUN 1C DEB,1999-025EEC,37044,DEB,,PRC,1999-05-10,TAISC,,104.86,98.96,1354,622,0.0150,,EA,ORB
FENGYUN 1C DEB,1999-025EED,37045,DEB,,PRC,1999-05-10,TAISC,,102.28,98.33,958,776,0.0102,,EA,ORB
FENGYUN 1C DEB,1999-025EEE,37046,DEB,,PRC,1999-05-10,TAISC,,101.01,98.54,841,772,0.0086,,EA,ORB
FENGYUN 1C DEB,1999-025EEF,37047,DEB,,PRC,1999-05-10,TAISC,,103.99,99.12,1116,779,0.0158,,EA,ORB
FENGYUN 1C DEB,1999-025EEG,37048,DEB,,PRC,1999-05-10,TAISC,,105.47,98.86,1203,830,0.0150,,EA,ORB
FENGYUN 1C DEB,1999-025EEH,37049,DEB,,PRC,1999-05-10,TAISC,,99.71,99.25,768,721,0.0124,,EA,ORB
FENGYUN 1C DEB,1999-025EEJ,37050,DEB,D,PRC,1999-05-10,TAISC,2015-03-31,100.31,98.85,906,640,0.0102,,EA,IMP
FENGYUN 1C DEB,1999-025EEK,37051,DEB,D,PRC,1999-05-10,TAISC,2018-12-09,92.96,98.90,429,411,0.0139,,EA,IMP
FENGYUN 1C DEB,1999-025EEL,37052,DEB,,PRC,1999-05-10,TAISC,,108.85,98.72,1588,760,0.0162,,EA,ORB
FENGYUN 1C DEB,1999-025EEM,37053,DEB,,PRC,1999-05-10,TAISC,,98.85,99.16,733,675,0.0152,,EA,ORB
FENGYUN 1C DEB,1999-025EEN,37054,DEB,,PRC,1999-05-10,TAISC,,101.43,98.57,899,753,0.0111,,EA,ORB
FENGYUN 1C DEB,1999-025EEP,37055,DEB,D,PRC,1999-05-10,TAISC,2024-12-23,99.24,98.65,792,653,0.0080,,EA,IMP
FENGYUN 1C DEB,1999-025EEQ,37056,DEB,,PRC,1999-05-10,TAISC,,99.22,98.96,910,532,0.0087,,EA,ORB
FENGYUN 1C DEB,1999-025EER,37057,DEB,,PRC,1999-05-10,TAISC,,103.12,98.92,1113,699,0.0141,,EA,ORB
FENGYUN 1C DEB,1999-025EES,37058,DEB,D,PRC,1999-05-10,TAISC,2023-02-24,97.43,96.70,678,594,0.0105,,EA,IMP
FENGYUN 1C DEB,1999-025EET,37059,DEB,D,PRC,1999-05-10,TAISC,2024-10-18,97.15,98.61,715,529,0.0137,,EA,IMP
FENGYUN 1C DEB,1999-025EEU,37060,DEB,,PRC,1999-05-10,TAISC,,102.79,99.06,950,832,0.0113,,EA,ORB
FENGYUN 1C DEB,1999-025EEV,37061,DEB,,PRC,1999-05-10,TAISC,,109.46,98.06,1808,596,0.0110,,EA,ORB
FENGYUN 1C DEB,1999-025EEW,37062,DEB,,PRC,1999-05-10,TAISC,,100.07,98.61,918,606,0.0053,,EA,ORB
FENGYUN 1C DEB,1999-025EEX,37063,DEB,D,PRC,1999-05-10,TAISC,2013-03-20,94.99,99.11,641,395,0.0119,,EA,IMP
FENGYUN 1C DEB,1999-025EEY,37064,DEB,,PRC,1999-05-10,TAISC,,101.47,98.91,902,754,0.0147,,EA,ORB
FENGYUN 1C DEB,1999-025EEZ,37065,DEB,,PRC,1999-05-10,TAISC,,105.87,103.28,1253,817,0.0099,,EA,ORB
FENGYUN 1C DEB,1999-025EFA,37066,DEB,D,PRC,1999-05-10,TAISC,2015-12-04,95.05,98.86,557,485,0.0103,,EA,IMP
FENGYUN 1C DEB,1999-025EFB,37067,DEB,,PRC,1999-05-10,TAISC,,102.60,99.51,978,786,0.0108,,EA,ORB
FENGYUN 1C DEB,1999-025EFC,37068,DEB,D,PRC,1999-05-10,TAISC,2022-01-17,92.63,98.60,418,388,0.0150,,EA,IMP
FENGYUN 1C DEB,1999-025EFD,37069,DEB,,PRC,1999-05-10,TAISC,,107.54,95.85,1429,797,0.0139,,EA,ORB
FENGYUN 1C DEB,1999-025EFE,37070,DEB,D,PRC,1999-05-10,TAISC,2017-10-17,98.93,98.78,814,601,0.0012,,EA,IMP
FENGYUN 1C DEB,1999-025EFF,37071,DEB,D,PRC,1999-05-10,TAISC,2012-07-01,97.56,99.00,777,507,0.0013,,EA,IMP
FENGYUN 1C DEB,1999-025EFG,37072,DEB,D,PRC,1999-05-10,TAISC,2012-02-19,97.06,98.95,770,466,0.0034,,EA,IMP
FENGYUN 1C DEB,1999-025EFH,37073,DEB,D,PRC,1999-05-10,TAISC,2013-03-17,95.25,98.56,677,384,0.0066,,EA,IMP
FENGYUN 1C DEB,1999-025EFJ,37074,DEB,D,PRC,1999-05-10,TAISC,2012-03-18,97.39,99.21,787,480,0.0089,,EA,IMP
FENGYUN 1C DEB,1999-025EFK,37075,DEB,D,PRC,1999-05-10,TAISC,2011-08-12,90.04,99.00,314,239,0.0003,,EA,IMP
FENGYUN 1C DEB,1999-025EFL,37076,DEB,,PRC,1999-05-10,TAISC,,101.04,98.28,905,711,0.0022,,EA,ORB
FENGYUN 1C DEB,1999-025EFM,37077,DEB,,PRC,1999-05-10,TAISC,,99.88,99.02,820,686,0.0097,,EA,ORB
FENGYUN 1C DEB,1999-025EFN,37078,DEB,D,PRC,1999-05-10,TAISC,2012-03-16,96.44,99.40,740,436,0.0120,,EA,IMP
FENGYUN 1C DEB,1999-025EFP,37079,DEB,,PRC,1999-05-10,TAISC,,98.09,98.86,676,659,0.0136,,EA,ORB
FENGYUN 1C DEB,1999-025EFQ,37080,DEB,,PRC,1999-05-10,TAISC,,102.43,98.16,995,752,0.0117,,EA,ORB
FENGYUN 1C DEB,1999-025EFR,37081,DEB,,PRC,1999-05-10,TAISC,,101.26,98.68,996,641,0.0135,,EA,ORB
FENGYUN 1C DEB,1999-025EFS,37400,DEB,,PRC,1999-05-10,TAISC,,105.58,98.84,1318,725,0.0149,,EA,ORB
FENGYUN 1C DEB,1999-025EFT,37401,DEB,,PRC,1999-05-10,TAISC,,100.72,98.54,919,666,0.0134,,EA,ORB
FENGYUN 1C DEB,1999-025EFU,37402,DEB,D,PRC,1999-05-10,TAISC,2023-08-26,98.72,99.37,715,680,0.0141,,EA,IMP
FENGYUN 1C DEB,1999-025EFV,37403,DEB,D,PRC,1999-05-10,TAISC,2022-03-26,93.86,98.91,467,460,0.0157,,EA,IMP
FENGYUN 1C DEB,1999-025EFW,37404,DEB,,PRC,1999-05-10,TAISC,,100.52,98.46,815,752,0.0086,,EA,ORB
FENGYUN 1C DEB,1999-025EFX,37405,DEB,D,PRC,1999-05-10,TAISC,2024-05-08,98.48,98.60,743,628,0.0120,,EA,IMP
FENGYUN 1C DEB,1999-025EFY,37406,DEB,,PRC,1999-05-10,TAISC,,102.49,98.42,983,770,0.0079,,EA,ORB
FENGYUN 1C DEB,1999-025EFZ,37407,DEB,D,PRC,1999-05-10,TAISC,2014-02-27,93.01,97.52,436,408,0.0107,,EA,IMP
FENGYUN 1C DEB,1999-025EGA,37408,DEB,D,PRC,1999-05-10,TAISC,2023-09-08,96.98,98.50,638,590,0.0099,,EA,IMP
FENGYUN 1C DEB,1999-025EGB,37409,DEB,,PRC,1999-05-10,TAISC,,101.94,97.79,938,763,0.0078,,EA,ORB
FENGYUN 1C DEB,1999-025EGC,37410,DEB,,PRC,1999-05-10,TAISC,,103.43,98.09,1014,827,0.0128,,EA,ORB
FENGYUN 1C DEB,1999-025EGD,37411,DEB,,PRC,1999-05-10,TAISC,,103.36,97.81,1118,717,0.0068,,EA,ORB
FENGYUN 1C DEB,1999-025EGE,37412,DEB,,PRC,1999-05-10,TAISC,,100.10,98.99,778,749,0.0109,,EA,ORB
FENGYUN 1C DEB,1999-025EGF,37413,DEB,D,PRC,1999-05-10,TAISC,2024-05-17,95.36,98.70,550,522,0.0104,,EA,IMP
FENGYUN 1C DEB,1999-025EGG,37414,DEB,,PRC,1999-05-10,TAISC,,102.18,98.01,993,731,0.0070,,EA,ORB
FENGYUN 1C DEB,1999-025EGH,37415,DEB,,PRC,1999-05-10,TAISC,,106.49,98.99,1275,853,0.0112,,EA,ORB
FENGYUN 1C DEB,1999-025EGJ,37416,DEB,D,PRC,1999-05-10,TAISC,2025-03-23,100.29,99.23,804,741,0.0115,,EA,IMP
FENGYUN 1C DEB,1999-025EGK,37417,DEB,,PRC,1999-05-10,TAISC,,102.30,98.81,924,811,0.0109,,EA,ORB
FENGYUN 1C DEB,1999-025EGL,37418,DEB,,PRC,1999-05-10,TAISC,,120.46,98.59,2568,835,0.0014,,EA,ORB
FENGYUN 1C DEB,1999-025EGM,37419,DEB,,PRC,1999-05-10,TAISC,,102.82,98.57,1160,625,0.0090,,EA,ORB
FENGYUN 1C DEB,1999-025EGN,37420,DEB,,PRC,1999-05-10,TAISC,,102.86,98.88,947,841,0.0138,,EA,ORB
FENGYUN 1C DEB,1999-025EGP,37421,DEB,,PRC,1999-05-10,TAISC,,107.40,98.91,1411,802,0.0115,,EA,ORB
FENGYUN 1C DEB,1999-025EGQ,37422,DEB,,PRC,1999-05-10,TAISC,,101.02,98.84,832,781,0.0072,,EA,ORB
FENGYUN 1C DEB,1999-025EGR,37423,DEB,,PRC,1999-05-10,TAISC,,102.26,98.76,901,830,0.0112,,EA,ORB
FENGYUN 1C DEB,1999-025EGS,37424,DEB,,PRC,1999-05-10,TAISC,,101.48,97.21,981,677,0.0127,,EA,ORB
FENGYUN 1C DEB,1999-025EGT,37425,DEB,,PRC,1999-05-10,TAISC,,103.69,97.15,1048,818,0.0095,,EA,ORB
FENGYUN 1C DEB,1999-025EGU,37426,DEB,D,PRC,1999-05-10,TAISC,2023-01-11,99.50,96.64,790,679,0.0048,,EA,IMP
FENGYUN 1C DEB,1999-025EGV,37427,DEB,,PRC,1999-05-10,TAISC,,95.89,98.65,679,444,0.0059,,EA,ORB
FENGYUN 1C DEB,1999-025EGW,37428,DEB,,PRC,1999-05-10,TAISC,,100.20,97.70,808,728,0.0123,,EA,ORB
FENGYUN 1C DEB,1999-025EGX,37429,DEB,,PRC,1999-05-10,TAISC,,102.13,98.66,935,784,0.0065,,EA,ORB
FENGYUN 1C DEB,1999-025EGY,37430,DEB,,PRC,1999-05-10,TAISC,,100.64,98.75,802,775,0.0159,,EA,ORB
FENGYUN 1C DEB,1999-025EGZ,37431,DEB,D,PRC,1999-05-10,TAISC,2016-05-13,95.70,99.72,574,530,0.0092,,EA,IMP
FENGYUN 1C DEB,1999-025EHA,37432,DEB,,PRC,1999-05-10,TAISC,,98.96,98.18,835,583,0.0054,,EA,ORB
FENGYUN 1C DEB,1999-025EHB,37433,DEB,,PRC,1999-05-10,TAISC,,103.74,98.12,1124,747,0.0096,,EA,ORB
FENGYUN 1C DEB,1999-025EHC,37434,DEB,D,PRC,1999-05-10,TAISC,2024-05-21,98.90,99.13,749,662,0.0068,,EA,IMP
FENGYUN 1C DEB,1999-025EHD,37435,DEB,,PRC,1999-05-10,TAISC,,101.17,98.63,843,785,0.0088,,EA,ORB
FENGYUN 1C DEB,1999-025EHE,37436,DEB,,PRC,1999-05-10,TAISC,,102.37,98.91,913,828,0.0093,,EA,ORB
FENGYUN 1C DEB,1999-025EHF,37437,DEB,,PRC,1999-05-10,TAISC,,101.46,98.60,909,746,0.0121,,EA,ORB
FENGYUN 1C DEB,1999-025EHG,37438,DEB,,PRC,1999-05-10,TAISC,,101.69,98.72,859,819,0.0102,,EA,ORB
FENGYUN 1C DEB,1999-025EHH,37439,DEB,,PRC,1999-05-10,TAISC,,101.47,99.02,869,787,0.0145,,EA,ORB
FENGYUN 1C DEB,1999-025EHJ,37440,DEB,,PRC,1999-05-10,TAISC,,100.40,99.02,825,730,0.0090,,EA,ORB
FENGYUN 1C DEB,1999-025EHK,37441,DEB,,PRC,1999-05-10,TAISC,,109.53,99.14,1590,820,0.0084,,EA,ORB
FENGYUN 1C DEB,1999-025EHL,37442,DEB,D,PRC,1999-05-10,TAISC,2023-11-20,98.29,99.14,700,654,0.0139,,EA,IMP
FENGYUN 1C DEB,1999-025EHM,37443,DEB,,PRC,1999-05-10,TAISC,,102.39,98.43,968,776,0.0093,,EA,ORB
FENGYUN 1C DEB,1999-025EHN,37444,DEB,,PRC,1999-05-10,TAISC,,99.31,99.08,895,556,0.0127,,EA,ORB
FENGYUN 1C DEB,1999-025EHP,37445,DEB,,PRC,1999-05-10,TAISC,,100.84,99.25,918,679,0.0155,,EA,ORB
FENGYUN 1C DEB,1999-025EHQ,37446,DEB,D,PRC,1999-05-10,TAISC,2014-03-25,92.33,98.90,421,357,0.0014,,EA,IMP
FENGYUN 1C DEB,1999-025EHR,37447,DEB,,PRC,1999-05-10,TAISC,,101.71,98.84,869,810,0.0077,,EA,ORB
FENGYUN 1C DEB,1999-025EHS,37448,DEB,,PRC,1999-05-10,TAISC,,103.73,99.30,1158,712,0.0103,,EA,ORB
FENGYUN 1C DEB,1999-025EHT,37449,DEB,D,PRC,1999-05-10,TAISC,2024-06-17,90.76,98.82,334,290,0.0119,,EA,IMP
FENGYUN 1C DEB,1999-025EHU,37450,DEB,,PRC,1999-05-10,TAISC,,104.83,97.69,1231,742,0.0119,,EA,ORB
FENGYUN 1C DEB,1999-025EHV,37451,DEB,D,PRC,1999-05-10,TAISC,2015-01-16,94.21,98.82,506,455,0.0007,,EA,IMP
FENGYUN 1C DEB,1999-025EHW,37452,DEB,D,PRC,1999-05-10,TAISC,2024-06-28,98.95,99.02,739,678,0.0095,,EA,IMP
FENGYUN 1C DEB,1999-025EHX,37453,DEB,,PRC,1999-05-10,TAISC,,105.20,97.63,1269,738,0.0078,,EA,ORB
FENGYUN 1C DEB,1999-025EHY,37454,DEB,D,PRC,1999-05-10,TAISC,2022-07-24,91.06,98.92,335,318,0.0040,,EA,IMP
FENGYUN 1C DEB,1999-025EHZ,37455,DEB,D,PRC,1999-05-10,TAISC,2024-11-19,91.67,99.36,374,339,0.0124,,EA,IMP
FENGYUN 1C DEB,1999-025EJA,37456,DEB,D,PRC,1999-05-10,TAISC,2024-06-07,94.41,98.91,516,464,0.0140,,EA,IMP
FENGYUN 1C DEB,1999-025EJB,37457,DEB,,PRC,1999-05-10,TAISC,,101.09,99.08,857,764,0.0173,,EA,ORB
FENGYUN 1C DEB,1999-025EJC,37458,DEB,D,PRC,1999-05-10,TAISC,2014-05-02,90.99,98.68,342,305,0.0134,,EA,IMP
FENGYUN 1C DEB,1999-025EJD,37459,DEB,D,PRC,1999-05-10,TAISC,2015-06-21,95.78,98.89,594,519,0.0093,,EA,IMP
FENGYUN 1C DEB,1999-025EJE,37460,DEB,,PRC,1999-05-10,TAISC,,99.22,98.39,758,685,0.0146,,EA,ORB
FENGYUN 1C DEB,1999-025EJF,37461,DEB,,PRC,1999-05-10,TAISC,,112.52,99.86,1850,835,0.0135,,EA,ORB
FENGYUN 1C DEB,1999-025EJG,37462,DEB,D,PRC,1999-05-10,TAISC,2022-12-02,95.16,98.87,612,441,0.0077,,EA,IMP
FENGYUN 1C DEB,1999-025EJH,37463,DEB,D,PRC,1999-05-10,TAISC,2024-09-24,95.94,98.76,593,535,0.0080,,EA,IMP
FENGYUN 1C DEB,1999-025EJJ,37464,DEB,,PRC,1999-05-10,TAISC,,106.78,102.71,1413,742,0.0111,,EA,ORB
FENGYUN 1C DEB,1999-025EJK,37465,DEB,D,PRC,1999-05-10,TAISC,2025-01-24,99.31,99.36,755,696,0.0107,,EA,IMP
FENGYUN 1C DEB,1999-025EJL,37466,DEB,D,PRC,1999-05-10,TAISC,2024-08-02,98.99,99.13,788,633,0.0137,,EA,IMP
FENGYUN 1C DEB,1999-025EJM,37467,DEB,D,PRC,1999-05-10,TAISC,2021-02-18,96.16,99.40,588,560,0.0110,,EA,IMP
FENGYUN 1C DEB,1999-025EJN,37468,DEB,,PRC,1999-05-10,TAISC,,102.72,98.15,939,835,0.0101,,EA,ORB
FENGYUN 1C DEB,1999-025EJP,37469,DEB,D,PRC,1999-05-10,TAISC,2023-04-06,94.29,98.92,507,461,0.0185,,EA,IMP
FENGYUN 1C DEB,1999-025EJQ,37470,DEB,D,PRC,1999-05-10,TAISC,2026-04-27,93.75,98.67,465,451,0.0132,,EA,IMP
FENGYUN 1C DEB,1999-025EJR,37471,DEB,D,PRC,1999-05-10,TAISC,2024-11-26,94.53,98.67,551,441,0.0068,,EA,IMP
FENGYUN 1C DEB,1999-025EJS,37472,DEB,D,PRC,1999-05-10,TAISC,2015-06-10,92.23,98.95,396,371,0.0030,,EA,IMP
FENGYUN 1C DEB,1999-025EJT,37473,DEB,D,PRC,1999-05-10,TAISC,2024-11-01,91.90,99.17,397,338,0.0113,,EA,IMP
FENGYUN 1C DEB,1999-025EJU,37474,DEB,,PRC,1999-05-10,TAISC,,97.32,99.14,717,544,0.0121,,EA,ORB
FENGYUN 1C DEB,1999-025EJV,37475,DEB,,PRC,1999-05-10,TAISC,,98.68,98.99,744,647,0.0065,,EA,ORB
FENGYUN 1C DEB,1999-025EJW,37476,DEB,,PRC,1999-05-10,TAISC,,120.85,98.94,2589,850,0.0024,,EA,ORB
FENGYUN 1C DEB,1999-025EJX,37477,DEB,,PRC,1999-05-10,TAISC,,101.38,98.61,852,796,0.0121,,EA,ORB
FENGYUN 1C DEB,1999-025EJY,37478,DEB,,PRC,1999-05-10,TAISC,,110.45,99.65,1663,831,0.0126,,EA,ORB
FENGYUN 1C DEB,1999-025EJZ,37479,DEB,,PRC,1999-05-10,TAISC,,101.95,98.77,875,826,0.0083,,EA,ORB
FENGYUN 1C DEB,1999-025EKA,37480,DEB,D,PRC,1999-05-10,TAISC,2023-06-26,98.27,99.10,839,513,0.0057,,EA,IMP
FENGYUN 1C DEB,1999-025EKB,37578,DEB,D,PRC,1999-05-10,TAISC,2023-02-27,99.59,98.74,783,695,0.0056,,EA,IMP
FENGYUN 1C DEB,1999-025EKC,37579,DEB,,PRC,1999-05-10,TAISC,,101.39,99.25,849,801,0.0137,,EA,ORB
CZ-4B DEB,1999-025EKD,37580,DEB,,PRC,1999-05-10,TAISC,,102.21,98.80,952,775,0.0014,,EA,ORB
CZ-4B DEB,1999-025EKE,37581,DEB,,PRC,1999-05-10,TAISC,,100.86,98.70,875,724,0.0014,,EA,ORB
CBERS 1 DEB,1999-057SX,37582,DEB,D,CHBZ,1999-10-14,TAISC,2024-02-16,96.76,98.26,609,598,0.0073,,EA,IMP
CBERS 1 DEB,1999-057SY,37583,DEB,D,CHBZ,1999-10-14,TAISC,2013-02-17,96.48,98.24,602,579,0.0065,,EA,IMP
FENGYUN 1C DEB,1999-025EKF,37587,DEB,D,PRC,1999-05-10,TAISC,2014-11-08,96.23,97.82,644,512,0.0080,,EA,IMP
FENGYUN 1C DEB,1999-025EKG,37588,DEB,,PRC,1999-05-10,TAISC,,101.79,98.13,904,782,0.0070,,EA,ORB
FENGYUN 1C DEB,1999-025EKH,37589,DEB,,PRC,1999-05-10,TAISC,,102.10,99.07,943,774,0.0081,,EA,ORB
FENGYUN 1C DEB,1999-025EKJ,37590,DEB,D,PRC,1999-05-10,TAISC,2025-02-12,99.67,98.92,842,643,0.0134,,EA,IMP
FENGYUN 1C DEB,1999-025EKK,37591,DEB,,PRC,1999-05-10,TAISC,,98.47,98.41,729,643,0.0107,,EA,ORB
FENGYUN 1C DEB,1999-025EKL,37592,DEB,D,PRC,1999-05-10,TAISC,2025-03-10,100.25,98.90,845,696,0.0064,,EA,IMP
FENGYUN 1C DEB,1999-025EKM,37593,DEB,,PRC,1999-05-10,TAISC,,100.12,99.00,870,659,0.0171,,EA,ORB
FENGYUN 1C DEB,1999-025EKN,37594,DEB,,PRC,1999-05-10,TAISC,,102.03,98.71,916,794,0.0123,,EA,ORB
FENGYUN 1C DEB,1999-025EKP,37595,DEB,,PRC,1999-05-10,TAISC,,96.94,99.04,625,599,0.0015,,EA,ORB
FENGYUN 1C DEB,1999-025EKQ,37596,DEB,,PRC,1999-05-10,TAISC,,101.26,98.92,841,796,0.0108,,EA,ORB
FENGYUN 1C DEB,1999-025EKR,37597,DEB,D,PRC,1999-05-10,TAISC,2024-08-15,99.77,98.21,915,581,0.0069,,EA,IMP
FENGYUN 1C DEB,1999-025EKS,37598,DEB,,PRC,1999-05-10,TAISC,,100.36,98.83,786,766,0.0150,,EA,ORB
FENGYUN 1C DEB,1999-025EKT,37599,DEB,D,PRC,1999-05-10,TAISC,2015-06-26,106.57,99.80,1107,1029,0.0085,,EA,IMP
FENGYUN 1C DEB,1999-025EKU,37600,DEB,,PRC,1999-05-10,TAISC,,103.93,98.93,1202,686,0.0092,,EA,ORB
FENGYUN 1C DEB,1999-025EKV,37601,DEB,D,PRC,1999-05-10,TAISC,2012-07-21,97.32,97.68,785,476,0.0083,,EA,IMP
FENGYUN 1C DEB,1999-025EKW,37681,DEB,D,PRC,1999-05-10,TAISC,2015-02-07,94.15,99.09,485,470,0.0011,,EA,IMP
FENGYUN 1C DEB,1999-025EKX,37682,DEB,,PRC,1999-05-10,TAISC,,104.89,98.58,1158,821,0.0087,,EA,ORB
FENGYUN 1C DEB,1999-025EKY,37683,DEB,,PRC,1999-05-10,TAISC,,108.04,97.99,1572,700,0.0078,,EA,ORB
FENGYUN 1C DEB,1999-025EKZ,37684,DEB,,PRC,1999-05-10,TAISC,,104.91,98.17,1176,804,0.0051,,EA,ORB
FENGYUN 1C DEB,1999-025ELA,37685,DEB,,PRC,1999-05-10,TAISC,,101.46,98.01,945,710,0.0133,,EA,ORB
FENGYUN 1C DEB,1999-025ELB,37686,DEB,,PRC,1999-05-10,TAISC,,107.82,99.02,1423,829,0.0160,,EA,ORB
FENGYUN 1C DEB,1999-025ELC,37687,DEB,,PRC,1999-05-10,TAISC,,103.77,98.19,1179,694,0.0106,,EA,ORB
FENGYUN 1C DEB,1999-025ELD,37688,DEB,,PRC,1999-05-10,TAISC,,100.07,99.02,786,738,0.0105,,EA,ORB
FENGYUN 1C DEB,1999-025ELE,37689,DEB,,PRC,1999-05-10,TAISC,,99.13,98.91,732,703,0.0062,,EA,ORB
FENGYUN 1C DEB,1999-025ELF,37690,DEB,,PRC,1999-05-10,TAISC,,101.56,98.74,860,804,0.0138,,EA,ORB
FENGYUN 1C DEB,1999-025ELG,37691,DEB,,PRC,1999-05-10,TAISC,,98.22,98.36,852,494,0.0073,,EA,ORB
FENGYUN 1C DEB,1999-025ELH,37692,DEB,D,PRC,1999-05-10,TAISC,2025-02-24,100.12,98.91,771,758,0.0129,,EA,IMP
FENGYUN 1C DEB,1999-025ELJ,37693,DEB,,PRC,1999-05-10,TAISC,,102.20,98.70,916,810,0.0098,,EA,ORB
FENGYUN 1C DEB,1999-025ELK,37694,DEB,,PRC,1999-05-10,TAISC,,101.52,98.18,937,725,0.0136,,EA,ORB
FENGYUN 1C DEB,1999-025ELL,37695,DEB,,PRC,1999-05-10,TAISC,,105.44,98.19,1355,675,0.0131,,EA,ORB
FENGYUN 1C DEB,1999-025ELM,37696,DEB,D,PRC,1999-05-10,TAISC,2023-08-15,100.51,99.68,814,751,0.0082,,EA,IMP
FENGYUN 1C DEB,1999-025ELN,37697,DEB,D,PRC,1999-05-10,TAISC,2023-07-07,96.30,96.57,601,562,0.0080,,EA,IMP
FENGYUN 1C DEB,1999-025ELP,37698,DEB,,PRC,1999-05-10,TAISC,,105.70,97.98,1292,763,0.0113,,EA,ORB
FENGYUN 1C DEB,1999-025ELQ,37699,DEB,,PRC,1999-05-10,TAISC,,103.26,97.98,1004,822,0.0151,,EA,ORB
FENGYUN 1C DEB,1999-025ELR,37700,DEB,,PRC,1999-05-10,TAISC,,102.09,99.05,880,835,0.0125,,EA,ORB
FENGYUN 1C DEB,1999-025ELS,37701,DEB,,PRC,1999-05-10,TAISC,,102.76,97.63,1070,709,0.0122,,EA,ORB
FENGYUN 1C DEB,1999-025ELT,37702,DEB,,PRC,1999-05-10,TAISC,,101.35,98.89,857,788,0.0030,,EA,ORB
FENGYUN 1C DEB,1999-025ELU,37703,DEB,,PRC,1999-05-10,TAISC,,100.02,99.09,792,727,0.0124,,EA,ORB
FENGYUN 1C DEB,1999-025ELV,37704,DEB,,PRC,1999-05-10,TAISC,,105.03,98.34,1173,818,0.0155,,EA,ORB
FENGYUN 1C DEB,1999-025ELW,37705,DEB,D,PRC,1999-05-10,TAISC,2023-10-27,96.65,99.50,656,540,0.0103,,EA,IMP
FENGYUN 1C DEB,1999-025ELX,37706,DEB,,PRC,1999-05-10,TAISC,,101.92,98.90,885,814,0.0158,,EA,ORB
FENGYUN 1C DEB,1999-025ELY,37707,DEB,,PRC,1999-05-10,TAISC,,98.79,100.20,800,601,0.0093,,EA,ORB
FENGYUN 1C DEB,1999-025ELZ,37708,DEB,,PRC,1999-05-10,TAISC,,98.20,98.46,832,514,0.0076,,EA,ORB
FENGYUN 1C DEB,1999-025EMA,37709,DEB,D,PRC,1999-05-10,TAISC,2013-05-18,96.63,99.08,696,499,0.0030,,EA,IMP
FENGYUN 1C DEB,1999-025EMB,37710,DEB,,PRC,1999-05-10,TAISC,,105.81,99.14,1226,838,0.0105,,EA,ORB
FENGYUN 1C DEB,1999-025EMC,37711,DEB,D,PRC,1999-05-10,TAISC,2011-12-10,92.97,94.54,444,396,0.0030,,EA,IMP
FENGYUN 1C DEB,1999-025EMD,37712,DEB,,PRC,1999-05-10,TAISC,,100.20,98.85,824,712,0.0034,,EA,ORB
FENGYUN 1C DEB,1999-025EME,37713,DEB,,PRC,1999-05-10,TAISC,,103.83,98.06,1051,828,0.0125,,EA,ORB
FENGYUN 1C DEB,1999-025EMF,37714,DEB,,PRC,1999-05-10,TAISC,,100.37,98.90,811,742,0.0030,,EA,ORB
FENGYUN 1C DEB,1999-025EMG,37715,DEB,,PRC,1999-05-10,TAISC,,103.17,98.96,992,825,0.0119,,EA,ORB
FENGYUN 1C DEB,1999-025EMH,37716,DEB,,PRC,1999-05-10,TAISC,,100.67,98.67,813,768,0.0119,,EA,ORB
FENGYUN 1C DEB,1999-025EMJ,37717,DEB,,PRC,1999-05-10,TAISC,,95.22,98.75,556,502,0.0085,,EA,ORB
FENGYUN 1C DEB,1999-025EMK,37718,DEB,D,PRC,1999-05-10,TAISC,2015-09-19,93.28,99.08,479,391,0.0105,,EA,IMP
FENGYUN 1C DEB,1999-025EML,37719,DEB,,PRC,1999-05-10,TAISC,,98.74,99.48,728,669,0.0094,,EA,ORB
FENGYUN 1C DEB,1999-025EMM,37720,DEB,D,PRC,1999-05-10,TAISC,2011-08-16,94.03,98.54,540,403,0.0015,,EA,IMP
FENGYUN 1C DEB,1999-025EMN,37721,DEB,D,PRC,1999-05-10,TAISC,2014-10-03,93.31,99.02,444,429,0.0132,,EA,IMP
FENGYUN 1C DEB,1999-025EMP,37722,DEB,,PRC,1999-05-10,TAISC,,98.50,98.31,805,568,0.0055,,EA,ORB
FENGYUN 1C DEB,1999-025EMQ,37723,DEB,D,PRC,1999-05-10,TAISC,2021-12-11,101.44,99.07,941,713,0.0133,,EA,IMP
FENGYUN 1C DEB,1999-025EMR,37724,DEB,D,PRC,1999-05-10,TAISC,2017-06-07,99.85,99.21,889,614,0.0025,,EA,IMP
FENGYUN 1C DEB,1999-025EMS,37725,DEB,D,PRC,1999-05-10,TAISC,2015-01-13,99.05,98.83,854,572,0.0030,,EA,IMP
FENGYUN 1C DEB,1999-025EMT,37894,DEB,D,PRC,1999-05-10,TAISC,2024-01-27,97.28,99.01,676,581,0.0136,,EA,IMP
FENGYUN 1C DEB,1999-025EMU,37895,DEB,,PRC,1999-05-10,TAISC,,106.26,99.22,1282,825,0.0116,,EA,ORB
FENGYUN 1C DEB,1999-025EMV,37896,DEB,D,PRC,1999-05-10,TAISC,2021-12-15,89.92,98.56,282,259,0.0052,,EA,IMP
FENGYUN 1C DEB,1999-025EMW,37897,DEB,,PRC,1999-05-10,TAISC,,101.59,98.90,848,820,0.0059,,EA,ORB
FENGYUN 1C DEB,1999-025EMX,37898,DEB,,PRC,1999-05-10,TAISC,,102.98,98.34,990,809,0.0041,,EA,ORB
FENGYUN 1C DEB,1999-025EMY,37899,DEB,,PRC,1999-05-10,TAISC,,104.17,98.79,1106,805,0.0172,,EA,ORB
FENGYUN 1C DEB,1999-025EMZ,37900,DEB,,PRC,1999-05-10,TAISC,,102.49,102.31,1027,726,0.0104,,EA,ORB
FENGYUN 1C DEB,1999-025ENA,37901,DEB,D,PRC,1999-05-10,TAISC,2023-04-25,96.77,97.86,667,541,0.0092,,EA,IMP
FENGYUN 1C DEB,1999-025ENB,37902,DEB,,PRC,1999-05-10,TAISC,,106.39,98.68,1298,821,0.0161,,EA,ORB
FENGYUN 1C DEB,1999-025ENC,37903,DEB,D,PRC,1999-05-10,TAISC,2024-12-21,102.07,98.18,1057,657,0.0100,,EA,IMP
FENGYUN 1C DEB,1999-025END,37904,DEB,D,PRC,1999-05-10,TAISC,2023-08-26,99.33,98.30,773,680,0.0079,,EA,IMP
FENGYUN 1C DEB,1999-025ENE,37905,DEB,,PRC,1999-05-10,TAISC,,103.44,99.25,1016,827,0.0138,,EA,ORB
FENGYUN 1C DEB,1999-025ENF,37906,DEB,,PRC,1999-05-10,TAISC,,104.27,99.58,1080,840,0.0085,,EA,ORB
FENGYUN 1C DEB,1999-025ENG,37907,DEB,,PRC,1999-05-10,TAISC,,100.99,99.09,849,762,0.0089,,EA,ORB
FENGYUN 1C DEB,1999-025ENH,37908,DEB,,PRC,1999-05-10,TAISC,,100.19,99.12,821,714,0.0159,,EA,ORB
FENGYUN 1C DEB,1999-025ENJ,37909,DEB,,PRC,1999-05-10,TAISC,,104.01,98.87,1086,811,0.0099,,EA,ORB
FENGYUN 1C DEB,1999-025ENK,37910,DEB,,PRC,1999-05-10,TAISC,,101.49,99.02,866,792,0.0046,,EA,ORB
FENGYUN 1C DEB,1999-025ENL,37911,DEB,,PRC,1999-05-10,TAISC,,102.97,99.29,1001,797,0.0142,,EA,ORB
FENGYUN 1C DEB,1999-025ENM,37912,DEB,,PRC,1999-05-10,TAISC,,101.89,99.24,914,782,0.0040,,EA,ORB
FENGYUN 1C DEB,1999-025ENN,37913,DEB,D,PRC,1999-05-10,TAISC,2023-04-25,96.69,98.88,651,549,0.0105,,EA,IMP
FENGYUN 1C DEB,1999-025ENP,37914,DEB,,PRC,1999-05-10,TAISC,,101.63,99.21,886,785,0.0119,,EA,ORB
FENGYUN 1C DEB,1999-025ENQ,37915,DEB,,PRC,1999-05-10,TAISC,,103.72,98.30,1088,781,0.0141,,EA,ORB
FENGYUN 1C DEB,1999-025ENR,37916,DEB,D,PRC,1999-05-10,TAISC,2014-09-10,99.05,98.99,793,633,0.0030,,EA,IMP
FENGYUN 1C DEB,1999-025ENS,37917,DEB,,PRC,1999-05-10,TAISC,,101.78,98.93,877,809,0.0098,,EA,ORB
FENGYUN 1C DEB,1999-025ENT,37918,DEB,,PRC,1999-05-10,TAISC,,100.33,99.05,813,736,0.0111,,EA,ORB
FENGYUN 1C DEB,1999-025ENU,37919,DEB,,PRC,1999-05-10,TAISC,,100.89,99.08,836,765,0.0105,,EA,ORB
FENGYUN 1C DEB,1999-025ENV,37920,DEB,,PRC,1999-05-10,TAISC,,100.91,98.83,839,764,0.0063,,EA,ORB
FENGYUN 1C DEB,1999-025ENW,37921,DEB,,PRC,1999-05-10,TAISC,,103.20,98.99,971,849,0.0073,,EA,ORB
FENGYUN 1C DEB,1999-025ENX,37922,DEB,,PRC,1999-05-10,TAISC,,102.17,99.11,914,809,0.0115,,EA,ORB
FENGYUN 1C DEB,1999-025ENY,37923,DEB,D,PRC,1999-05-10,TAISC,2014-11-21,92.61,99.02,423,382,0.0200,,EA,IMP
FENGYUN 1C DEB,1999-025ENZ,37924,DEB,,PRC,1999-05-10,TAISC,,101.12,98.78,846,778,0.0075,,EA,ORB
FENGYUN 1C DEB,1999-025EPA,37925,DEB,,PRC,1999-05-10,TAISC,,96.92,99.06,645,577,0.0086,,EA,ORB
FENGYUN 1C DEB,1999-025EPB,37926,DEB,,PRC,1999-05-10,TAISC,,101.00,98.71,844,769,0.0190,,EA,ORB
FENGYUN 1C DEB,1999-025EPC,37927,DEB,,PRC,1999-05-10,TAISC,,96.95,98.82,617,608,0.0123,,EA,ORB
FENGYUN 1C DEB,1999-025EPD,37928,DEB,,PRC,1999-05-10,TAISC,,100.14,98.89,817,714,0.0079,,EA,ORB
FENGYUN 1C DEB,1999-025EPE,37929,DEB,D,PRC,1999-05-10,TAISC,2024-09-12,93.07,98.95,453,396,0.0110,,EA,IMP
FENGYUN 1C DEB,1999-025EPF,38110,DEB,,PRC,1999-05-10,TAISC,,103.19,98.11,1051,768,0.0158,,EA,ORB
FENGYUN 1C DEB,1999-025EPG,38111,DEB,D,PRC,1999-05-10,TAISC,2015-03-04,93.51,99.22,498,395,0.0003,,EA,IMP
FENGYUN 1C DEB,1999-025EPH,38112,DEB,D,PRC,1999-05-10,TAISC,2015-09-22,91.93,98.22,378,360,0.0084,,EA,IMP
FENGYUN 1C DEB,1999-025EPJ,38113,DEB,,PRC,1999-05-10,TAISC,,102.10,98.45,953,763,0.0131,,EA,ORB
FENGYUN 1C DEB,1999-025EPK,38114,DEB,,PRC,1999-05-10,TAISC,,101.36,97.94,923,723,0.0083,,EA,ORB
FENGYUN 1C DEB,1999-025EPL,38115,DEB,,PRC,1999-05-10,TAISC,,104.36,97.69,1200,730,0.0117,,EA,ORB
FENGYUN 1C DEB,1999-025EPM,38116,DEB,,PRC,1999-05-10,TAISC,,101.59,98.69,886,782,0.0095,,EA,ORB
FENGYUN 1C DEB,1999-025EPN,38117,DEB,D,PRC,1999-05-10,TAISC,2013-03-04,95.86,97.30,666,454,0.0030,,EA,IMP
FENGYUN 1C DEB,1999-025EPP,38118,DEB,D,PRC,1999-05-10,TAISC,2014-07-13,93.56,99.16,478,420,0.0104,,EA,IMP
FENGYUN 1C DEB,1999-025EPQ,38119,DEB,,PRC,1999-05-10,TAISC,,101.46,98.59,987,668,0.0124,,EA,ORB
FENGYUN 1C DEB,1999-025EPR,38120,DEB,D,PRC,1999-05-10,TAISC,2023-03-15,98.80,98.33,732,670,0.0103,,EA,IMP
FENGYUN 1C DEB,1999-025EPS,38121,DEB,,PRC,1999-05-10,TAISC,,101.21,99.14,963,669,0.0100,,EA,ORB
FENGYUN 1C DEB,1999-025EPT,38122,DEB,,PRC,1999-05-10,TAISC,,99.74,98.32,907,586,0.0086,,EA,ORB
FENGYUN 1C DEB,1999-025EPU,38123,DEB,,PRC,1999-05-10,TAISC,,108.57,100.12,1488,834,0.0111,,EA,ORB
FENGYUN 1C DEB,1999-025EPV,38124,DEB,,PRC,1999-05-10,TAISC,,107.38,97.82,1373,838,0.0082,,EA,ORB
FENGYUN 1C DEB,1999-025EPW,38125,DEB,,PRC,1999-05-10,TAISC,,108.19,100.20,1452,834,0.0168,,EA,ORB
FENGYUN 1C DEB,1999-025EPX,38126,DEB,,PRC,1999-05-10,TAISC,,107.54,98.73,1372,854,0.0043,,EA,ORB
FENGYUN 1C DEB,1999-025EPY,38127,DEB,,PRC,1999-05-10,TAISC,,100.12,99.00,807,722,0.0069,,EA,ORB
FENGYUN 1C DEB,1999-025EPZ,38128,DEB,D,PRC,1999-05-10,TAISC,2013-10-29,93.49,97.63,446,445,0.0123,,EA,IMP
FENGYUN 1C DEB,1999-025EQA,38129,DEB,,PRC,1999-05-10,TAISC,,103.34,97.97,1013,820,0.0141,,EA,ORB
FENGYUN 1C DEB,1999-025EQB,38130,DEB,,PRC,1999-05-10,TAISC,,104.49,98.59,1120,821,0.0110,,EA,ORB
FENGYUN 1C DEB,1999-025EQC,38131,DEB,,PRC,1999-05-10,TAISC,,100.81,97.85,857,737,0.0113,,EA,ORB
FENGYUN 1C DEB,1999-025EQD,38132,DEB,D,PRC,1999-05-10,TAISC,2025-02-25,101.20,99.24,942,688,0.0057,,EA,IMP
FENGYUN 1C DEB,1999-025EQE,38133,DEB,,PRC,1999-05-10,TAISC,,104.35,98.29,1148,780,0.0143,,EA,ORB
FENGYUN 1C DEB,1999-025EQF,38134,DEB,,PRC,1999-05-10,TAISC,,101.35,98.45,900,745,0.0144,,EA,ORB
FENGYUN 1C DEB,1999-025EQG,38135,DEB,,PRC,1999-05-10,TAISC,,100.99,98.63,965,646,0.0073,,EA,ORB
FENGYUN 1C DEB,1999-025EQH,38136,DEB,,PRC,1999-05-10,TAISC,,103.27,98.59,1015,811,0.0145,,EA,ORB
FENGYUN 1C DEB,1999-025EQJ,38137,DEB,,PRC,1999-05-10,TAISC,,102.39,98.84,906,838,0.0130,,EA,ORB
FENGYUN 1C DEB,1999-025EQK,38138,DEB,,PRC,1999-05-10,TAISC,,100.11,98.80,791,736,0.0139,,EA,ORB
FENGYUN 1C DEB,1999-025EQL,38139,DEB,D,PRC,1999-05-10,TAISC,2022-12-28,95.20,99.12,533,524,0.0067,,EA,IMP
FENGYUN 1C DEB,1999-025EQM,38140,DEB,,PRC,1999-05-10,TAISC,,100.66,98.70,834,747,0.0065,,EA,ORB
FENGYUN 1C DEB,1999-025EQN,38141,DEB,D,PRC,1999-05-10,TAISC,2012-07-23,92.14,98.35,408,350,0.0026,,EA,IMP
FENGYUN 1C DEB,1999-025EQP,38142,DEB,D,PRC,1999-05-10,TAISC,2024-09-14,98.96,98.66,770,647,0.0123,,EA,IMP
FENGYUN 1C DEB,1999-025EQQ,38143,DEB,,PRC,1999-05-10,TAISC,,102.47,99.00,915,836,0.0099,,EA,ORB
FENGYUN 1C DEB,1999-025EQR,38144,DEB,,PRC,1999-05-10,TAISC,,105.91,98.99,1250,824,0.0147,,EA,ORB
FENGYUN 1C DEB,1999-025EQS,38145,DEB,,PRC,1999-05-10,TAISC,,106.01,97.63,1356,728,0.0091,,EA,ORB
FENGYUN 1C DEB,1999-025EQT,38146,DEB,,PRC,1999-05-10,TAISC,,98.50,99.49,825,549,0.0039,,EA,ORB
FENGYUN 1C DEB,1999-025EQU,38147,DEB,,PRC,1999-05-10,TAISC,,101.12,98.55,847,776,0.0118,,EA,ORB
FENGYUN 1C DEB,1999-025EQV,38148,DEB,,PRC,1999-05-10,TAISC,,103.05,99.06,1018,788,0.0076,,EA,ORB
FENGYUN 1C DEB,1999-025EQW,38149,DEB,,PRC,1999-05-10,TAISC,,100.97,98.37,860,749,0.0066,,EA,ORB
FENGYUN 1C DEB,1999-025EQX,38150,DEB,D,PRC,1999-05-10,TAISC,2024-06-17,98.69,98.62,754,638,0.0091,,EA,IMP
FENGYUN 1C DEB,1999-025EQY,38151,DEB,D,PRC,1999-05-10,TAISC,2014-03-06,97.49,99.16,718,559,0.0007,,EA,IMP
FENGYUN 1C DEB,1999-025EQZ,38152,DEB,D,PRC,1999-05-10,TAISC,2015-02-03,95.27,99.08,558,505,0.0012,,EA,IMP
FENGYUN 1C DEB,1999-025ERA,38153,DEB,D,PRC,1999-05-10,TAISC,2015-01-14,99.02,99.06,804,620,0.0016,,EA,IMP
FENGYUN 1C DEB,1999-025ERB,38154,DEB,D,PRC,1999-05-10,TAISC,2023-12-28,96.56,98.52,660,528,0.0147,,EA,IMP
FENGYUN 1C DEB,1999-025ERC,38155,DEB,,PRC,1999-05-10,TAISC,,100.86,98.44,868,731,0.0109,,EA,ORB
FENGYUN 1C DEB,1999-025ERD,38156,DEB,D,PRC,1999-05-10,TAISC,2021-12-16,91.67,99.02,363,349,0.0146,,EA,IMP
FENGYUN 1C DEB,1999-025ERE,38157,DEB,,PRC,1999-05-10,TAISC,,101.20,99.66,1010,621,0.0124,,EA,ORB
FENGYUN 1C DEB,1999-025ERF,38158,DEB,,PRC,1999-05-10,TAISC,,104.94,99.27,1149,834,0.0083,,EA,ORB
FENGYUN 1C DEB,1999-025ERG,38159,DEB,,PRC,1999-05-10,TAISC,,102.58,99.29,922,839,0.0088,,EA,ORB
FENGYUN 1C DEB,1999-025ERH,38160,DEB,,PRC,1999-05-10,TAISC,,101.21,99.04,841,791,0.0148,,EA,ORB
FENGYUN 1C DEB,1999-025ERJ,38161,DEB,D,PRC,1999-05-10,TAISC,2013-04-27,95.40,99.49,581,495,0.0073,,EA,IMP
FENGYUN 1C DEB,1999-025ERK,38162,DEB,D,PRC,1999-05-10,TAISC,2025-02-20,101.30,99.80,974,667,0.0111,,EA,IMP
FENGYUN 1C DEB,1999-025ERL,38163,DEB,,PRC,1999-05-10,TAISC,,102.38,99.11,925,818,0.0099,,EA,ORB
FENGYUN 1C DEB,1999-025ERM,38164,DEB,D,PRC,1999-05-10,TAISC,2022-06-05,94.35,99.03,507,467,0.0086,,EA,IMP
FENGYUN 1C DEB,1999-025ERN,38165,DEB,,PRC,1999-05-10,TAISC,,100.72,99.07,816,770,0.0117,,EA,ORB
FENGYUN 1C DEB,1999-025ERP,38166,DEB,,PRC,1999-05-10,TAISC,,100.39,99.08,813,741,0.0093,,EA,ORB
FENGYUN 1C DEB,1999-025ERQ,38167,DEB,D,PRC,1999-05-10,TAISC,2016-08-23,96.57,98.78,639,549,0.0100,,EA,IMP
FENGYUN 1C DEB,1999-025ERR,38168,DEB,,PRC,1999-05-10,TAISC,,100.23,98.79,799,740,0.0184,,EA,ORB
FENGYUN 1C DEB,1999-025ERS,38169,DEB,,PRC,1999-05-10,TAISC,,97.36,98.99,652,613,0.0134,,EA,ORB
FENGYUN 1C DEB,1999-025ERT,38170,DEB,,PRC,1999-05-10,TAISC,,100.70,98.76,878,706,0.0060,,EA,ORB
FENGYUN 1C DEB,1999-025ERU,38171,DEB,D,PRC,1999-05-10,TAISC,2021-11-10,99.29,99.47,954,495,0.0153,,EA,IMP
FENGYUN 1C DEB,1999-025ERV,38172,DEB,,PRC,1999-05-10,TAISC,,106.28,100.42,1263,845,0.0166,,EA,ORB
FENGYUN 1C DEB,1999-025ERW,38173,DEB,,PRC,1999-05-10,TAISC,,100.07,98.99,876,648,0.0097,,EA,ORB
FENGYUN 1C DEB,1999-025ERX,38488,DEB,D,PRC,1999-05-10,TAISC,2014-05-18,93.20,98.52,462,400,0.0139,,EA,IMP
FENGYUN 1C DEB,1999-025ERY,38489,DEB,,PRC,1999-05-10,TAISC,,103.59,98.20,1082,775,0.0134,,EA,ORB
FENGYUN 1C DEB,1999-025ERZ,38490,DEB,,PRC,1999-05-10,TAISC,,102.49,99.14,914,840,0.0095,,EA,ORB
FENGYUN 1C DEB,1999-025ESA,38491,DEB,,PRC,1999-05-10,TAISC,,103.11,98.93,1070,741,0.0109,,EA,ORB
FENGYUN 1C DEB,1999-025ESB,38492,DEB,,PRC,1999-05-10,TAISC,,103.15,98.61,1072,743,0.0071,,EA,ORB
FENGYUN 1C DEB,1999-025ESC,38493,DEB,,PRC,1999-05-10,TAISC,,105.68,99.11,1343,710,0.0060,,EA,ORB
FENGYUN 1C DEB,1999-025ESD,38494,DEB,,PRC,1999-05-10,TAISC,,102.58,98.44,1154,608,0.0075,,EA,ORB
FENGYUN 1C DEB,1999-025ESE,38495,DEB,,PRC,1999-05-10,TAISC,,105.08,99.16,1180,816,0.0138,,EA,ORB
FENGYUN 1C DEB,1999-025ESF,38496,DEB,,PRC,1999-05-10,TAISC,,102.08,98.76,914,801,0.0088,,EA,ORB
FENGYUN 1C DEB,1999-025ESG,38497,DEB,D,PRC,1999-05-10,TAISC,2024-04-19,99.26,98.67,775,672,0.0094,,EA,IMP
FENGYUN 1C DEB,1999-025ESH,38498,DEB,,PRC,1999-05-10,TAISC,,111.02,99.69,1697,851,0.0136,,EA,ORB
FENGYUN 1C DEB,1999-025ESJ,38499,DEB,,PRC,1999-05-10,TAISC,,104.63,98.41,1141,813,0.0091,,EA,ORB
FENGYUN 1C DEB,1999-025ESK,38500,DEB,,PRC,1999-05-10,TAISC,,104.05,98.64,1093,806,0.0103,,EA,ORB
FENGYUN 1C DEB,1999-025ESL,38501,DEB,D,PRC,1999-05-10,TAISC,2017-07-14,94.27,97.35,496,470,0.0101,,EA,IMP
FENGYUN 1C DEB,1999-025ESM,38502,DEB,,PRC,1999-05-10,TAISC,,102.04,99.18,885,825,0.0101,,EA,ORB
FENGYUN 1C DEB,1999-025ESN,38503,DEB,D,PRC,1999-05-10,TAISC,2025-04-10,94.70,99.46,527,481,0.0140,,EA,IMP
FENGYUN 1C DEB,1999-025ESP,38504,DEB,,PRC,1999-05-10,TAISC,,102.01,98.01,990,717,0.0138,,EA,ORB
FENGYUN 1C DEB,1999-025ESQ,38505,DEB,,PRC,1999-05-10,TAISC,,102.61,98.34,1013,751,0.0083,,EA,ORB
FENGYUN 1C DEB,1999-025ESR,38506,DEB,,PRC,1999-05-10,TAISC,,101.56,98.99,943,722,0.0088,,EA,ORB
FENGYUN 1C DEB,1999-025ESS,38507,DEB,,PRC,1999-05-10,TAISC,,101.56,98.94,861,805,0.0062,,EA,ORB
FENGYUN 1C DEB,1999-025EST,38508,DEB,D,PRC,1999-05-10,TAISC,2024-07-19,98.65,98.75,808,580,0.0079,,EA,IMP
FENGYUN 1C DEB,1999-025ESU,38509,DEB,D,PRC,1999-05-10,TAISC,2014-06-25,94.39,98.38,530,449,0.0139,,EA,IMP
FENGYUN 1C DEB,1999-025ESV,38510,DEB,,PRC,1999-05-10,TAISC,,101.85,98.60,916,777,0.0043,,EA,ORB
FENGYUN 1C DEB,1999-025ESW,38511,DEB,D,PRC,1999-05-10,TAISC,2022-08-31,99.12,96.54,782,651,0.0070,,EA,IMP
FENGYUN 1C DEB,1999-025ESX,38512,DEB,,PRC,1999-05-10,TAISC,,104.76,98.36,1149,817,0.0100,,EA,ORB
FENGYUN 1C DEB,1999-025ESY,38513,DEB,,PRC,1999-05-10,TAISC,,97.12,97.61,780,462,0.0102,,EA,ORB
FENGYUN 1C DEB,1999-025ESZ,38514,DEB,,PRC,1999-05-10,TAISC,,101.35,98.04,1004,641,0.0119,,EA,ORB
FENGYUN 1C DEB,1999-025ETA,38515,DEB,,PRC,1999-05-10,TAISC,,102.22,99.03,893,834,0.0153,,EA,ORB
FENGYUN 1C DEB,1999-025ETB,38516,DEB,,PRC,1999-05-10,TAISC,,100.40,98.47,857,698,0.0044,,EA,ORB
FENGYUN 1C DEB,1999-025ETC,38517,DEB,D,PRC,1999-05-10,TAISC,2024-08-12,95.76,98.64,589,522,0.0081,,EA,IMP
FENGYUN 1C DEB,1999-025ETD,38518,DEB,,PRC,1999-05-10,TAISC,,99.79,99.21,770,727,0.0112,,EA,ORB
FENGYUN 1C DEB,1999-025ETE,38519,DEB,,PRC,1999-05-10,TAISC,,103.72,99.55,1057,811,0.0115,,EA,ORB
FENGYUN 1C DEB,1999-025ETF,38714,DEB,D,PRC,1999-05-10,TAISC,2023-04-27,98.37,97.85,795,567,0.0120,,EA,IMP
FENGYUN 1C DEB,1999-025ETG,38715,DEB,,PRC,1999-05-10,TAISC,,102.39,98.17,986,757,0.0081,,EA,ORB
FENGYUN 1C DEB,1999-025ETH,38716,DEB,,PRC,1999-05-10,TAISC,,105.75,98.42,1232,827,0.0084,,EA,ORB
FENGYUN 1C DEB,1999-025ETJ,38717,DEB,,PRC,1999-05-10,TAISC,,101.31,99.15,860,782,0.0074,,EA,ORB
FENGYUN 1C DEB,1999-025ETK,38718,DEB,,PRC,1999-05-10,TAISC,,104.44,98.65,1121,815,0.0138,,EA,ORB
FENGYUN 1C DEB,1999-025ETL,38719,DEB,D,PRC,1999-05-10,TAISC,2013-06-14,94.74,98.91,551,461,0.0022,,EA,IMP
FENGYUN 1C DEB,1999-025ETM,38720,DEB,D,PRC,1999-05-10,TAISC,2024-08-04,97.80,99.09,671,636,0.0104,,EA,IMP
FENGYUN 1C DEB,1999-025ETN,38721,DEB,,PRC,1999-05-10,TAISC,,101.48,98.89,885,772,0.0096,,EA,ORB
FENGYUN 1C DEB,1999-025ETP,38722,DEB,,PRC,1999-05-10,TAISC,,98.25,99.36,768,582,0.0119,,EA,ORB
FENGYUN 1C DEB,1999-025ETQ,38723,DEB,,PRC,1999-05-10,TAISC,,100.36,99.47,805,746,0.0118,,EA,ORB
FENGYUN 1C DEB,1999-025ETR,38724,DEB,,PRC,1999-05-10,TAISC,,101.54,98.73,921,743,0.0085,,EA,ORB
FENGYUN 1C DEB,1999-025ETS,38725,DEB,,PRC,1999-05-10,TAISC,,99.55,98.89,760,714,0.0094,,EA,ORB
FENGYUN 1C DEB,1999-025ETT,38726,DEB,D,PRC,1999-05-10,TAISC,2026-04-10,92.11,99.10,381,375,0.0176,,EA,IMP
FENGYUN 1C DEB,1999-025ETU,38727,DEB,,PRC,1999-05-10,TAISC,,102.47,98.61,948,803,0.0053,,EA,ORB
FENGYUN 1C DEB,1999-025ETV,38728,DEB,,PRC,1999-05-10,TAISC,,97.72,99.26,700,600,0.0164,,EA,ORB
FENGYUN 1C DEB,1999-025ETW,38729,DEB,,PRC,1999-05-10,TAISC,,102.37,99.26,933,809,0.0090,,EA,ORB
FENGYUN 1C DEB,1999-025ETX,38783,DEB,,PRC,1999-05-10,TAISC,,98.31,98.33,825,531,0.0064,,EA,ORB
FENGYUN 1C DEB,1999-025ETY,38784,DEB,D,PRC,1999-05-10,TAISC,2024-03-09,94.78,99.38,529,487,0.0074,,EA,IMP
FENGYUN 1C DEB,1999-025ETZ,38785,DEB,,PRC,1999-05-10,TAISC,,102.69,98.02,1036,737,0.0098,,EA,ORB
FENGYUN 1C DEB,1999-025EUA,38786,DEB,,PRC,1999-05-10,TAISC,,102.76,99.50,1037,741,0.0144,,EA,ORB
FENGYUN 1C DEB,1999-025EUB,38787,DEB,,PRC,1999-05-10,TAISC,,104.88,98.35,1160,818,0.0014,,EA,ORB
FENGYUN 1C DEB,1999-025EUC,38788,DEB,D,PRC,1999-05-10,TAISC,2023-05-23,100.44,97.95,928,631,0.0065,,EA,IMP
FENGYUN 1C DEB,1999-025EUD,38789,DEB,,PRC,1999-05-10,TAISC,,99.50,98.83,879,590,0.0129,,EA,ORB
FENGYUN 1C DEB,1999-025EUE,38790,DEB,,PRC,1999-05-10,TAISC,,101.29,98.86,874,765,0.0125,,EA,ORB
FENGYUN 1C DEB,1999-025EUF,38791,DEB,,PRC,1999-05-10,TAISC,,101.57,99.21,850,816,0.0125,,EA,ORB
FENGYUN 1C DEB,1999-025EUG,38792,DEB,D,PRC,1999-05-10,TAISC,2023-10-05,91.89,99.58,380,355,0.0090,,EA,IMP
FENGYUN 1C DEB,1999-025EUH,38793,DEB,D,PRC,1999-05-10,TAISC,2025-01-31,94.53,98.65,519,472,0.0074,,EA,IMP
FENGYUN 1C DEB,1999-025EUJ,38794,DEB,,PRC,1999-05-10,TAISC,,104.76,99.11,1140,826,0.0118,,EA,ORB
FENGYUN 1C DEB,1999-025EUK,38795,DEB,,PRC,1999-05-10,TAISC,,108.20,98.70,1519,768,0.0109,,EA,ORB
FENGYUN 1C DEB,1999-025EUL,38796,DEB,D,PRC,1999-05-10,TAISC,2022-02-17,99.14,98.91,766,670,0.0053,,EA,IMP
FENGYUN 1C DEB,1999-025EUM,38797,DEB,,PRC,1999-05-10,TAISC,,105.74,99.46,1211,847,0.0126,,EA,ORB
FENGYUN 1C DEB,1999-025EUN,38798,DEB,,PRC,1999-05-10,TAISC,,108.34,98.84,1457,843,0.0122,,EA,ORB
FENGYUN 1C DEB,1999-025EUP,38799,DEB,,PRC,1999-05-10,TAISC,,99.25,98.39,835,610,0.0128,,EA,ORB
FENGYUN 1C DEB,1999-025EUQ,38800,DEB,D,PRC,1999-05-10,TAISC,2014-06-05,92.83,97.79,432,394,0.0070,,EA,IMP
FENGYUN 1C DEB,1999-025EUR,38801,DEB,,PRC,1999-05-10,TAISC,,100.98,98.34,1051,559,0.0065,,EA,ORB
FENGYUN 1C DEB,1999-025EUS,38802,DEB,,PRC,1999-05-10,TAISC,,101.75,98.79,865,818,0.0048,,EA,ORB
FENGYUN 1C DEB,1999-025EUT,38803,DEB,,PRC,1999-05-10,TAISC,,101.01,99.13,853,760,0.0061,,EA,ORB
FENGYUN 1C DEB,1999-025EUU,38804,DEB,,PRC,1999-05-10,TAISC,,105.97,97.53,1332,747,0.0092,,EA,ORB
FENGYUN 1C DEB,1999-025EUV,38805,DEB,D,PRC,1999-05-10,TAISC,2015-05-02,94.88,99.08,539,486,0.0011,,EA,IMP
FENGYUN 1C DEB,1999-025EUW,38806,DEB,,PRC,1999-05-10,TAISC,,103.24,98.56,1014,809,0.0098,,EA,ORB
FENGYUN 1C DEB,1999-025EUX,38807,DEB,,PRC,1999-05-10,TAISC,,104.68,98.45,1144,815,0.0064,,EA,ORB
FENGYUN 1C DEB,1999-025EUY,38808,DEB,,PRC,1999-05-10,TAISC,,100.10,98.79,875,652,0.0098,,EA,ORB
FENGYUN 1C DEB,1999-025EUZ,38809,DEB,,PRC,1999-05-10,TAISC,,101.49,98.59,989,670,0.0149,,EA,ORB
FENGYUN 1C DEB,1999-025EVA,38810,DEB,,PRC,1999-05-10,TAISC,,102.67,99.42,986,783,0.0106,,EA,ORB
FENGYUN 1C DEB,1999-025EVB,38811,DEB,,PRC,1999-05-10,TAISC,,99.96,99.02,783,730,0.0169,,EA,ORB
FENGYUN 1C DEB,1999-025EVC,38812,DEB,,PRC,1999-05-10,TAISC,,105.25,98.42,1197,815,0.0101,,EA,ORB
FENGYUN 1C DEB,1999-025EVD,38813,DEB,,PRC,1999-05-10,TAISC,,101.36,99.35,828,818,0.0050,,EA,ORB
FENGYUN 1C DEB,1999-025EVE,38814,DEB,D,PRC,1999-05-10,TAISC,2024-07-23,98.72,98.35,749,646,0.0134,,EA,IMP
FENGYUN 1C DEB,1999-025EVF,38815,DEB,D,PRC,1999-05-10,TAISC,2022-11-17,96.62,99.69,608,586,0.0074,,EA,IMP
FENGYUN 1C DEB,1999-025EVG,38816,DEB,D,PRC,1999-05-10,TAISC,2024-02-04,100.10,98.79,837,689,0.0103,,EA,IMP
FENGYUN 1C DEB,1999-025EVH,38817,DEB,,PRC,1999-05-10,TAISC,,106.01,98.58,1256,827,0.0073,,EA,ORB
FENGYUN 1C DEB,1999-025EVJ,38818,DEB,,PRC,1999-05-10,TAISC,,99.99,98.27,821,696,0.0080,,EA,ORB
FENGYUN 1C DEB,1999-025EVK,38819,DEB,,PRC,1999-05-10,TAISC,,101.42,98.63,883,769,0.0058,,EA,ORB
FENGYUN 1C DEB,1999-025EVL,38820,DEB,,PRC,1999-05-10,TAISC,,104.27,98.23,1165,756,0.0099,,EA,ORB
FENGYUN 1C DEB,1999-025EVM,38821,DEB,,PRC,1999-05-10,TAISC,,102.83,98.53,974,811,0.0071,,EA,ORB
FENGYUN 1C DEB,1999-025EVN,38822,DEB,,PRC,1999-05-10,TAISC,,102.89,98.13,982,809,0.0103,,EA,ORB
FENGYUN 1C DEB,1999-025EVP,38823,DEB,,PRC,1999-05-10,TAISC,,102.39,99.17,945,799,0.0103,,EA,ORB
FENGYUN 1C DEB,1999-025EVQ,38824,DEB,,PRC,1999-05-10,TAISC,,101.65,99.30,905,769,0.0069,,EA,ORB
FENGYUN 1C DEB,1999-025EVR,38825,DEB,,PRC,1999-05-10,TAISC,,104.47,99.02,1134,805,0.0129,,EA,ORB
FENGYUN 1C DEB,1999-025EVS,38826,DEB,,PRC,1999-05-10,TAISC,,101.05,99.88,848,769,0.0136,,EA,ORB
FENGYUN 1C DEB,1999-025EVT,38827,DEB,,PRC,1999-05-10,TAISC,,100.41,98.37,930,626,0.0087,,EA,ORB
FENGYUN 1C DEB,1999-025EVU,38828,DEB,D,PRC,1999-05-10,TAISC,2024-05-07,93.69,99.51,511,400,0.0144,,EA,IMP
FENGYUN 1C DEB,1999-025EVV,38829,DEB,,PRC,1999-05-10,TAISC,,102.15,98.74,891,830,0.0127,,EA,ORB
FENGYUN 1C DEB,1999-025EVW,38830,DEB,D,PRC,1999-05-10,TAISC,2014-05-23,91.78,99.00,411,313,0.0004,,EA,IMP
FENGYUN 1C DEB,1999-025EVX,38831,DEB,,PRC,1999-05-10,TAISC,,102.62,99.23,924,841,0.0042,,EA,ORB
FENGYUN 1C DEB,1999-025EVY,38832,DEB,,PRC,1999-05-10,TAISC,,102.47,99.25,938,813,0.0092,,EA,ORB
CZ-4B DEB,1999-057SZ,39052,DEB,,PRC,1999-10-14,TAISC,,96.26,98.74,619,540,0.0089,,EA,ORB
FENGYUN 1C DEB,1999-025EVZ,39112,DEB,,PRC,1999-05-10,TAISC,,100.21,99.18,799,738,0.0114,,EA,ORB
FENGYUN 1C DEB,1999-025EWA,39113,DEB,,PRC,1999-05-10,TAISC,,102.22,99.02,897,831,0.0083,,EA,ORB
FENGYUN 1C DEB,1999-025EWB,39114,DEB,,PRC,1999-05-10,TAISC,,100.32,99.01,815,732,0.0102,,EA,ORB
FENGYUN 1C DEB,1999-025EWC,39535,DEB,,PRC,1999-05-10,TAISC,,102.67,99.05,929,841,0.0078,,EA,ORB
FENGYUN 1C DEB,1999-025EWD,39536,DEB,,PRC,1999-05-10,TAISC,,105.08,99.77,1177,820,0.0128,,EA,ORB
FENGYUN 1C DEB,1999-025EWE,39537,DEB,,PRC,1999-05-10,TAISC,,103.95,99.17,1072,819,0.0073,,EA,ORB
FENGYUN 1C DEB,1999-025EWF,39538,DEB,D,PRC,1999-05-10,TAISC,2014-06-22,92.95,99.83,433,405,0.0030,,EA,IMP
FENGYUN 1C DEB,1999-025EWG,39539,DEB,D,PRC,1999-05-10,TAISC,2023-08-26,93.81,98.93,486,436,0.0088,,EA,IMP
FENGYUN 1C DEB,1999-025EWH,39540,DEB,,PRC,1999-05-10,TAISC,,107.64,106.19,1415,819,0.0116,,EA,ORB
FENGYUN 1C DEB,1999-025EWJ,39541,DEB,,PRC,1999-05-10,TAISC,,101.34,98.65,874,770,0.0055,,EA,ORB
FENGYUN 1C DEB,1999-025EWK,39542,DEB,,PRC,1999-05-10,TAISC,,104.77,98.22,1201,766,0.0030,,EA,ORB
FENGYUN 1C DEB,1999-025EWL,39543,DEB,,PRC,1999-05-10,TAISC,,105.06,99.02,1245,749,0.0078,,EA,ORB
FENGYUN 1C DEB,1999-025EWM,39544,DEB,,PRC,1999-05-10,TAISC,,102.43,98.71,914,834,0.0081,,EA,ORB
CBERS 1 DEB,1999-057TA,39596,DEB,D,CHBZ,1999-10-14,TAISC,2023-10-02,96.24,98.37,582,575,0.0141,,EA,IMP
DELTA 2 DEB,1999-008E,39734,DEB,D,US,1999-02-23,AFWTR,2014-05-06,95.48,97.05,690,394,,,EA,IMP
DELTA 2 DEB,1999-008F,39735,DEB,D,US,1999-02-23,AFWTR,2014-05-03,94.42,96.34,557,424,0.0270,,EA,IMP
DELTA 2 DEB,1999-008G,39736,DEB,D,US,1999-02-23,AFWTR,2014-05-11,94.00,96.19,543,397,0.1520,,EA,IMP
DELTA 2 DEB,1999-008H,39737,DEB,D,US,1999-02-23,AFWTR,2014-05-05,96.14,96.25,699,449,,,EA,IMP
DELTA 2 DEB,1999-008J,39738,DEB,D,US,1999-02-23,AFWTR,2014-05-13,94.86,96.30,593,430,,,EA,IMP
DELTA 2 DEB,1999-008K,39739,DEB,D,US,1999-02-23,AFWTR,2014-05-13,97.58,96.32,753,532,,,EA,IMP
DELTA 2 DEB,1999-008L,39740,DEB,D,US,1999-02-23,AFWTR,2014-05-16,95.17,96.31,610,444,0.0358,,EA,IMP
FENGYUN 1C DEB,1999-025EWN,40682,DEB,D,PRC,1999-05-10,TAISC,2024-04-22,99.68,99.06,788,698,0.0069,,EA,IMP
FENGYUN 1C DEB,1999-025EWP,40683,DEB,D,PRC,1999-05-10,TAISC,2021-03-31,93.88,96.95,510,418,0.0047,,EA,IMP
FENGYUN 1C DEB,1999-025EWQ,40684,DEB,,PRC,1999-05-10,TAISC,,102.03,98.76,879,830,0.0080,,EA,ORB
FENGYUN 1C DEB,1999-025EWR,40685,DEB,,PRC,1999-05-10,TAISC,,103.67,99.33,1048,815,0.0151,,EA,ORB
FENGYUN 1C DEB,1999-025EWS,40686,DEB,D,PRC,1999-05-10,TAISC,2023-02-10,98.08,99.19,671,662,0.0083,,EA,IMP
FENGYUN 1C DEB,1999-025EWT,40687,DEB,,PRC,1999-05-10,TAISC,,108.38,99.16,1478,826,0.0030,,EA,ORB
FENGYUN 1C DEB,1999-025EWU,40688,DEB,,PRC,1999-05-10,TAISC,,104.04,99.00,1054,845,0.0084,,EA,ORB
FENGYUN 1C DEB,1999-025EWV,40689,DEB,,PRC,1999-05-10,TAISC,,105.46,99.12,1243,789,0.0145,,EA,ORB
FENGYUN 1C DEB,1999-025EWW,40690,DEB,,PRC,1999-05-10,TAISC,,103.16,99.40,975,841,0.0101,,EA,ORB
FENGYUN 1C DEB,1999-025EWX,40691,DEB,,PRC,1999-05-10,TAISC,,103.59,99.03,1023,834,0.0128,,EA,ORB
FENGYUN 1C DEB,1999-025EWY,40692,DEB,,PRC,1999-05-10,TAISC,,101.70,99.31,900,778,0.0062,,EA,ORB
FENGYUN 1C DEB,1999-025EWZ,40693,DEB,,PRC,1999-05-10,TAISC,,106.10,98.89,1266,826,0.0097,,EA,ORB
FENGYUN 1C DEB,1999-025EXA,40694,DEB,D,PRC,1999-05-10,TAISC,2024-07-23,100.70,98.42,869,715,0.0144,,EA,IMP
FENGYUN 1C DEB,1999-025EXB,40695,DEB,,PRC,1999-05-10,TAISC,,99.18,99.46,917,522,0.0051,,EA,ORB
FENGYUN 1C DEB,1999-025EXC,40696,DEB,,PRC,1999-05-10,TAISC,,103.09,98.98,964,846,0.0110,,EA,ORB
FENGYUN 1C DEB,1999-025EXD,40999,DEB,,PRC,1999-05-10,TAISC,,102.50,99.11,918,836,0.0086,,EA,ORB
FENGYUN 1C DEB,1999-025EXE,41000,DEB,,PRC,1999-05-10,TAISC,,105.14,97.53,1267,735,0.0092,,EA,ORB
FENGYUN 1C DEB,1999-025EXF,41001,DEB,,PRC,1999-05-10,TAISC,,101.15,98.94,842,784,0.0105,,EA,ORB
FENGYUN 1C DEB,1999-025EXG,41002,DEB,,PRC,1999-05-10,TAISC,,103.48,98.15,1025,821,0.0102,,EA,ORB
FENGYUN 1C DEB,1999-025EXH,41003,DEB,,PRC,1999-05-10,TAISC,,96.82,98.96,642,571,0.0044,,EA,ORB
FENGYUN 1C DEB,1999-025EXJ,41004,DEB,,PRC,1999-05-10,TAISC,,105.94,99.23,1237,840,0.0078,,EA,ORB
FENGYUN 1C DEB,1999-025EXK,41005,DEB,,PRC,1999-05-10,TAISC,,106.54,98.94,1490,643,0.0200,,EA,ORB
FENGYUN 1C DEB,1999-025EXL,41006,DEB,,PRC,1999-05-10,TAISC,,103.83,102.36,1072,808,0.0152,,EA,ORB
FENGYUN 1C DEB,1999-025EXM,41007,DEB,,PRC,1999-05-10,TAISC,,103.85,99.95,1067,814,0.0103,,EA,ORB
FENGYUN 1C DEB,1999-025EXN,41008,DEB,,PRC,1999-05-10,TAISC,,105.77,99.35,1401,659,0.0066,,EA,ORB
FENGYUN 1C DEB,1999-025EXP,41009,DEB,,PRC,1999-05-10,TAISC,,98.98,99.20,720,700,0.0176,,EA,ORB
FENGYUN 1C DEB,1999-025EXQ,41010,DEB,D,PRC,1999-05-10,TAISC,2025-05-15,101.38,99.24,850,798,0.0071,,EA,IMP
FENGYUN 1C DEB,1999-025EXR,41011,DEB,,PRC,1999-05-10,TAISC,,99.69,99.14,960,527,0.0046,,EA,ORB
FENGYUN 1C DEB,1999-025EXS,41012,DEB,D,PRC,1999-05-10,TAISC,2023-02-18,98.72,99.02,728,667,0.0016,,EA,IMP
FENGYUN 1C DEB,1999-025EXT,41013,DEB,D,PRC,1999-05-10,TAISC,2025-10-15,93.91,98.99,499,432,0.0081,,EA,IMP
FENGYUN 1C DEB,1999-025EXU,41014,DEB,D,PRC,1999-05-10,TAISC,2024-04-13,95.80,98.89,579,535,0.0109,,EA,IMP
FENGYUN 1C DEB,1999-025EXV,41015,DEB,D,PRC,1999-05-10,TAISC,2023-11-25,95.35,99.24,622,448,0.0108,,EA,IMP
FENGYUN 1C DEB,1999-025EXW,41016,DEB,,PRC,1999-05-10,TAISC,,101.88,98.25,952,743,0.0113,,EA,ORB
FENGYUN 1C DEB,1999-025EXX,41017,DEB,D,PRC,1999-05-10,TAISC,2022-10-13,97.51,99.08,655,624,0.0069,,EA,IMP
FENGYUN 1C DEB,1999-025EXY,41018,DEB,,PRC,1999-05-10,TAISC,,106.43,99.94,1287,835,0.0066,,EA,ORB
FENGYUN 1C DEB,1999-025EXZ,41822,DEB,,PRC,1999-05-10,TAISC,,100.96,98.72,843,765,0.0111,,EA,ORB
FENGYUN 1C DEB,1999-025EYA,41823,DEB,,PRC,1999-05-10,TAISC,,101.06,98.70,847,771,0.0350,,EA,ORB
FENGYUN 1C DEB,1999-025EYB,41824,DEB,,PRC,1999-05-10,TAISC,,101.01,98.71,846,766,0.0124,,EA,ORB
FENGYUN 1C DEB,1999-025EYC,41825,DEB,,PRC,1999-05-10,TAISC,,100.94,98.73,842,764,0.0095,,EA,ORB
FENGYUN 1C DEB,1999-025EYD,41826,DEB,,PRC,1999-05-10,TAISC,,101.04,98.72,847,769,0.0050,,EA,ORB
FENGYUN 1C DEB,1999-025EYE,41827,DEB,,PRC,1999-05-10,TAISC,,100.92,98.73,843,761,0.0160,,EA,ORB
FENGYUN 1C DEB,1999-025EYF,41828,DEB,,PRC,1999-05-10,TAISC,,98.63,98.92,718,669,0.0145,,EA,ORB
FENGYUN 1C DEB,1999-025EYG,41829,DEB,,PRC,1999-05-10,TAISC,,100.94,98.73,842,763,0.0200,,EA,ORB
FENGYUN 1C DEB,1999-025EYH,41830,DEB,,PRC,1999-05-10,TAISC,,100.83,98.74,836,760,0.0069,,EA,ORB
FENGYUN 1C DEB,1999-025EYJ,41831,DEB,,PRC,1999-05-10,TAISC,,100.97,98.72,844,766,0.0230,,EA,ORB
FENGYUN 1C DEB,1999-025EYK,41832,DEB,,PRC,1999-05-10,TAISC,,101.00,98.71,845,767,0.0241,,EA,ORB
FENGYUN 1C DEB,1999-025EYL,41833,DEB,,PRC,1999-05-10,TAISC,,100.88,98.73,838,762,0.0153,,EA,ORB
FENGYUN 1C DEB,1999-025EYM,43213,DEB,,PRC,1999-05-10,TAISC,,101.03,98.72,846,769,,,EA,ORB
FENGYUN 1C DEB,1999-025EYN,43214,DEB,,PRC,1999-05-10,TAISC,,101.01,98.72,845,768,,,EA,ORB
FENGYUN 1C DEB,1999-025EYP,43358,DEB,,PRC,1999-05-10,TAISC,,107.39,98.69,1375,836,,,EA,ORB
FENGYUN 1C DEB,1999-025EYQ,43359,DEB,,PRC,1999-05-10,TAISC,,101.02,99.05,858,756,,,EA,ORB
IUS DEB,1999-040H,43360,DEB,,US,1999-07-23,AFETR,,203.46,27.82,9064,1098,,,EA,ORB
IUS DEB,1999-040J,43361,DEB,,US,1999-07-23,AFETR,,199.82,27.81,8658,1229,,,EA,ORB
IUS DEB,1999-040K,43362,DEB,,US,1999-07-23,AFETR,,203.15,28.03,9242,896,,,EA,ORB
IUS DEB,1999-040L,43363,DEB,,US,1999-07-23,AFETR,,128.50,28.25,3607,508,,,EA,ORB
IUS DEB,1999-040M,43364,DEB,,US,1999-07-23,AFETR,,204.73,28.10,9479,778,,,EA,ORB
IUS DEB,1999-040N,43365,DEB,,US,1999-07-23,AFETR,,199.55,27.66,8107,1760,,,EA,ORB
IUS DEB,1999-040P,43366,DEB,,US,1999-07-23,AFETR,,204.62,28.12,9532,717,,,EA,ORB
IUS DEB,1999-040Q,43367,DEB,,US,1999-07-23,AFETR,,205.36,28.09,9497,807,,,EA,ORB
USA 142 DEB,1999-017H,44436,DEB,,US,1999-04-09,AFETR,,634.34,28.78,35645,510,,,EA,ORB
SL-12 DEB,1999-027E,44588,DEB,,CIS,1999-05-20,TYMSC,,986.19,7.38,36776,16107,,,EA,ORB
CZ-4B DEB,1999-057TB,44589,DEB,,PRC,1999-10-14,TAISC,,97.53,98.76,698,583,,,EA,ORB
FENGYUN 1C DEB,1999-025EYR,45526,DEB,,PRC,1999-05-10,TAISC,,100.86,98.75,837,762,,,EA,ORB
FENGYUN 1C DEB,1999-025EYS,45527,DEB,,PRC,1999-05-10,TAISC,,100.98,98.72,843,767,,,EA,ORB
FENGYUN 1C DEB,1999-025EYT,46438,DEB,,PRC,1999-05-10,TAISC,,101.75,99.05,905,778,,,EA,ORB
FENGYUN 1C DEB,1999-025EYU,46439,DEB,,PRC,1999-05-10,TAISC,,101.22,98.55,904,729,,,EA,ORB
FENGYUN 1C DEB,1999-025EYV,46440,DEB,,PRC,1999-05-10,TAISC,,101.36,98.57,950,696,,,EA,ORB
FENGYUN 1C DEB,1999-025EYW,46441,DEB,,PRC,1999-05-10,TAISC,,103.75,95.26,1160,712,,,EA,ORB
FENGYUN 1C DEB,1999-025EYX,46442,DEB,D,PRC,1999-05-10,TAISC,2024-02-11,96.83,98.55,690,524,,,EA,IMP
FENGYUN 1C DEB,1999-025EYY,46443,DEB,,PRC,1999-05-10,TAISC,,101.96,99.20,921,782,,,EA,ORB
FENGYUN 1C DEB,1999-025EYZ,46444,DEB,,PRC,1999-05-10,TAISC,,100.86,98.52,859,739,,,EA,ORB
FENGYUN 1C DEB,1999-025EZA,46445,DEB,,PRC,1999-05-10,TAISC,,102.49,98.02,956,797,,,EA,ORB
FENGYUN 1C DEB,1999-025EZB,46446,DEB,,PRC,1999-05-10,TAISC,,100.80,98.87,839,754,,,EA,ORB
FENGYUN 1C DEB,1999-025EZC,46447,DEB,,PRC,1999-05-10,TAISC,,100.82,98.44,922,673,,,EA,ORB
FENGYUN 1C DEB,1999-025EZD,46448,DEB,,PRC,1999-05-10,TAISC,,101.12,99.07,860,763,,,EA,ORB
FENGYUN 1C DEB,1999-025EZE,46449,DEB,,PRC,1999-05-10,TAISC,,101.44,98.62,972,682,,,EA,ORB
FENGYUN 1C DEB,1999-025EZF,46450,DEB,,PRC,1999-05-10,TAISC,,102.47,98.07,1007,744,,,EA,ORB
FENGYUN 1C DEB,1999-025EZG,46451,DEB,,PRC,1999-05-10,TAISC,,101.17,98.15,932,696,,,EA,ORB
FENGYUN 1C DEB,1999-025EZH,46452,DEB,,PRC,1999-05-10,TAISC,,100.65,98.85,796,783,,,EA,ORB
FENGYUN 1C DEB,1999-025EZJ,46453,DEB,,PRC,1999-05-10,TAISC,,102.70,98.35,1002,770,,,EA,ORB
FENGYUN 1C DEB,1999-025EZK,46468,DEB,,PRC,1999-05-10,TAISC,,100.94,98.88,834,772,,,EA,ORB
FENGYUN 1C DEB,1999-025EZL,46986,DEB,,PRC,1999-05-10,TAISC,,99.45,98.22,806,658,,,EA,ORB
FENGYUN 1C DEB,1999-025EZM,46987,DEB,,PRC,1999-05-10,TAISC,,99.41,98.92,751,710,,,EA,ORB
FENGYUN 1C DEB,1999-025EZN,46988,DEB,,PRC,1999-05-10,TAISC,,105.09,98.93,1171,826,,,EA,ORB
FENGYUN 1C DEB,1999-025EZP,46989,DEB,,PRC,1999-05-10,TAISC,,104.20,99.53,1127,787,,,EA,ORB
FENGYUN 1C DEB,1999-025EZQ,46990,DEB,,PRC,1999-05-10,TAISC,,100.57,98.22,1023,548,,,EA,ORB
FENGYUN 1C DEB,1999-025EZR,46991,DEB,D,PRC,1999-05-10,TAISC,2024-12-06,98.66,98.15,698,692,,,EA,IMP
FENGYUN 1C DEB,1999-025EZS,46992,DEB,,PRC,1999-05-10,TAISC,,102.78,98.95,942,839,,,EA,ORB
FENGYUN 1C DEB,1999-025EZT,46993,DEB,,PRC,1999-05-10,TAISC,,105.16,98.74,1195,808,,,EA,ORB
FENGYUN 1C DEB,1999-025EZU,46994,DEB,D,PRC,1999-05-10,TAISC,2025-06-28,93.47,98.39,485,403,,,EA,IMP
FENGYUN 1C DEB,1999-025EZV,46995,DEB,,PRC,1999-05-10,TAISC,,103.77,98.59,1073,800,,,EA,ORB
FENGYUN 1C DEB,1999-025EZW,46996,DEB,,PRC,1999-05-10,TAISC,,101.95,98.96,890,811,,,EA,ORB
FENGYUN 1C DEB,1999-025EZX,46997,DEB,,PRC,1999-05-10,TAISC,,100.76,98.54,812,778,,,EA,ORB
FENGYUN 1C DEB,1999-025EZY,46998,DEB,,PRC,1999-05-10,TAISC,,105.92,98.25,1239,836,,,EA,ORB
FENGYUN 1C DEB,1999-025EZZ,46999,DEB,,PRC,1999-05-10,TAISC,,101.86,99.05,889,804,,,EA,ORB
FENGYUN 1C DEB,1999-025FAA,47000,DEB,D,PRC,1999-05-10,TAISC,2022-05-24,95.42,99.13,567,510,,,EA,IMP
FENGYUN 1C DEB,1999-025FAB,47001,DEB,,PRC,1999-05-10,TAISC,,99.96,99.29,792,721,,,EA,ORB
FENGYUN 1C DEB,1999-025FAC,47002,DEB,,PRC,1999-05-10,TAISC,,104.96,99.16,1161,825,,,EA,ORB
FENGYUN 1C DEB,1999-025FAD,47003,DEB,,PRC,1999-05-10,TAISC,,107.23,98.86,1347,850,,,EA,ORB
FENGYUN 1C DEB,1999-025FAE,47004,DEB,,PRC,1999-05-10,TAISC,,102.03,99.10,904,805,,,EA,ORB
FENGYUN 1C DEB,1999-025FAF,47005,DEB,,PRC,1999-05-10,TAISC,,101.91,99.60,892,807,,,EA,ORB
FENGYUN 1C DEB,1999-025FAG,47006,DEB,,PRC,1999-05-10,TAISC,,102.97,99.17,959,839,,,EA,ORB
FENGYUN 1C DEB,1999-025FAH,47007,DEB,,PRC,1999-05-10,TAISC,,102.92,98.19,1067,727,,,EA,ORB
FENGYUN 1C DEB,1999-025FAJ,47008,DEB,,PRC,1999-05-10,TAISC,,101.82,98.06,964,726,,,EA,ORB
FENGYUN 1C DEB,1999-025FAK,47009,DEB,,PRC,1999-05-10,TAISC,,107.67,98.97,1384,854,,,EA,ORB
FENGYUN 1C DEB,1999-025FAL,47010,DEB,,PRC,1999-05-10,TAISC,,105.49,98.30,1239,796,,,EA,ORB
FENGYUN 1C DEB,1999-025FAM,47011,DEB,,PRC,1999-05-10,TAISC,,101.89,99.08,918,779,,,EA,ORB
FENGYUN 1C DEB,1999-025FAN,47012,DEB,,PRC,1999-05-10,TAISC,,104.49,98.73,1090,851,,,EA,ORB
FENGYUN 1C DEB,1999-025FAP,47013,DEB,,PRC,1999-05-10,TAISC,,100.96,98.07,842,766,,,EA,ORB
FENGYUN 1C DEB,1999-025FAQ,47014,DEB,,PRC,1999-05-10,TAISC,,102.08,98.40,941,773,,,EA,ORB
FENGYUN 1C DEB,1999-025FAR,47015,DEB,,PRC,1999-05-10,TAISC,,96.56,98.68,708,479,,,EA,ORB
FENGYUN 1C DEB,1999-025FAS,47016,DEB,,PRC,1999-05-10,TAISC,,102.36,98.08,989,752,,,EA,ORB
FENGYUN 1C DEB,1999-025FAT,47017,DEB,D,PRC,1999-05-10,TAISC,2022-06-21,93.53,98.50,464,430,,,EA,IMP
FENGYUN 1C DEB,1999-025FAU,47018,DEB,,PRC,1999-05-10,TAISC,,98.64,98.91,707,680,,,EA,ORB
FENGYUN 1C DEB,1999-025FAV,47019,DEB,,PRC,1999-05-10,TAISC,,106.03,98.42,1255,831,,,EA,ORB
FENGYUN 1C DEB,1999-025FAW,47020,DEB,,PRC,1999-05-10,TAISC,,102.35,98.51,947,792,,,EA,ORB
FENGYUN 1C DEB,1999-025FAX,47021,DEB,D,PRC,1999-05-10,TAISC,2025-01-11,100.71,97.40,976,609,,,EA,IMP
FENGYUN 1C DEB,1999-025FAY,47022,DEB,D,PRC,1999-05-10,TAISC,2022-07-14,93.26,97.68,465,402,,,EA,IMP
FENGYUN 1C DEB,1999-025FAZ,47023,DEB,D,PRC,1999-05-10,TAISC,2023-10-27,96.96,97.89,692,534,,,EA,IMP
FENGYUN 1C DEB,1999-025FBA,47024,DEB,D,PRC,1999-05-10,TAISC,2024-10-25,101.58,98.38,933,734,,,EA,IMP
FENGYUN 1C DEB,1999-025FBB,47025,DEB,,PRC,1999-05-10,TAISC,,99.35,99.02,755,700,,,EA,ORB
FENGYUN 1C DEB,1999-025FBC,47026,DEB,,PRC,1999-05-10,TAISC,,102.37,98.18,928,814,,,EA,ORB
FENGYUN 1C DEB,1999-025FBD,47027,DEB,,PRC,1999-05-10,TAISC,,101.15,98.51,876,750,,,EA,ORB
FENGYUN 1C DEB,1999-025FBE,47028,DEB,,PRC,1999-05-10,TAISC,,100.10,98.91,872,654,,,EA,ORB
FENGYUN 1C DEB,1999-025FBF,47029,DEB,,PRC,1999-05-10,TAISC,,95.07,98.93,587,457,,,EA,ORB
FENGYUN 1C DEB,1999-025FBG,47030,DEB,D,PRC,1999-05-10,TAISC,2023-04-27,96.68,98.03,688,512,,,EA,IMP
FENGYUN 1C DEB,1999-025FBH,47031,DEB,,PRC,1999-05-10,TAISC,,104.79,98.78,1138,831,,,EA,ORB
FENGYUN 1C DEB,1999-025FBJ,47032,DEB,,PRC,1999-05-10,TAISC,,100.98,98.84,827,783,,,EA,ORB
FENGYUN 1C DEB,1999-025FBK,47033,DEB,,PRC,1999-05-10,TAISC,,103.26,98.85,998,827,,,EA,ORB
FENGYUN 1C DEB,1999-025FBL,47034,DEB,,PRC,1999-05-10,TAISC,,99.85,98.03,900,603,,,EA,ORB
FENGYUN 1C DEB,1999-025FBM,47035,DEB,,PRC,1999-05-10,TAISC,,102.80,98.17,958,825,,,EA,ORB
FENGYUN 1C DEB,1999-025FBN,47036,DEB,,PRC,1999-05-10,TAISC,,101.75,98.69,890,792,,,EA,ORB
FENGYUN 1C DEB,1999-025FBP,47037,DEB,,PRC,1999-05-10,TAISC,,103.77,98.32,1092,782,,,EA,ORB
FENGYUN 1C DEB,1999-025FBQ,47038,DEB,,PRC,1999-05-10,TAISC,,101.78,97.86,945,741,,,EA,ORB
FENGYUN 1C DEB,1999-025FBR,47039,DEB,,PRC,1999-05-10,TAISC,,101.58,98.37,915,751,,,EA,ORB
FENGYUN 1C DEB,1999-025FBS,47040,DEB,,PRC,1999-05-10,TAISC,,102.35,100.30,915,825,,,EA,ORB
FENGYUN 1C DEB,1999-025FBT,47041,DEB,,PRC,1999-05-10,TAISC,,94.17,98.23,485,472,,,EA,ORB
FENGYUN 1C DEB,1999-025FBU,47042,DEB,,PRC,1999-05-10,TAISC,,101.19,98.98,855,775,,,EA,ORB
FENGYUN 1C DEB,1999-025FBV,47043,DEB,,PRC,1999-05-10,TAISC,,101.31,98.92,849,792,,,EA,ORB
FENGYUN 1C DEB,1999-025FBW,47044,DEB,,PRC,1999-05-10,TAISC,,101.82,99.04,899,791,,,EA,ORB
FENGYUN 1C DEB,1999-025FBX,47099,DEB,D,PRC,1999-05-10,TAISC,2023-05-14,99.23,98.74,741,703,,,EA,IMP
FENGYUN 1C DEB,1999-025FBY,47100,DEB,,PRC,1999-05-10,TAISC,,98.95,99.02,767,650,,,EA,ORB
FENGYUN 1C DEB,1999-025FBZ,47101,DEB,,PRC,1999-05-10,TAISC,,101.25,98.82,894,742,,,EA,ORB
FENGYUN 1C DEB,1999-025FCA,47102,DEB,,PRC,1999-05-10,TAISC,,101.54,98.45,917,746,,,EA,ORB
FENGYUN 1C DEB,1999-025FCB,47103,DEB,,PRC,1999-05-10,TAISC,,102.78,97.95,1020,761,,,EA,ORB
FENGYUN 1C DEB,1999-025FCC,47104,DEB,,PRC,1999-05-10,TAISC,,101.43,98.88,855,798,,,EA,ORB
FENGYUN 1C DEB,1999-025FCD,47105,DEB,D,PRC,1999-05-10,TAISC,2020-12-07,91.82,98.50,368,360,,,EA,IMP
FENGYUN 1C DEB,1999-025FCE,47106,DEB,D,PRC,1999-05-10,TAISC,2021-08-29,92.45,98.47,404,386,,,EA,IMP
FENGYUN 1C DEB,1999-025FCF,48517,DEB,D,PRC,1999-05-10,TAISC,2024-10-16,99.76,98.98,762,733,,,EA,IMP
FENGYUN 1C DEB,1999-025FCG,48518,DEB,,PRC,1999-05-10,TAISC,,102.04,99.26,949,761,,,EA,ORB
CZ-4B DEB,1999-057TC,48526,DEB,D,PRC,1999-10-14,TAISC,2023-03-23,93.92,98.18,478,454,,,EA,IMP
CZ-4B DEB,1999-057TD,49250,DEB,D,PRC,1999-10-14,TAISC,2023-02-11,93.92,98.62,494,439,,,EA,IMP
FENGYUN 1C DEB,1999-025FCH,49388,DEB,D,PRC,1999-05-10,TAISC,2023-01-31,99.49,98.51,804,664,,,EA,IMP
FENGYUN 1C DEB,1999-025FCJ,49389,DEB,,PRC,1999-05-10,TAISC,,102.76,98.72,986,793,,,EA,ORB
ORBCOMM FM36 DEB,1999-065K,56173,DEB,D,ORB,1999-12-04,ERAS,2024-05-16,95.96,44.65,588,542,,,EA,IMP
ORBCOMM FM36 DEB,1999-065L,56435,DEB,D,ORB,1999-12-04,ERAS,2023-08-22,94.76,44.88,510,504,,,EA,IMP
ORBCOMM FM36 DEB,1999-065M,56436,DEB,D,ORB,1999-12-04,ERAS,2023-06-06,98.64,44.89,757,630,,,EA,IMP
ORBCOMM FM36 DEB,1999-065N,56437,DEB,,ORB,1999-12-04,ERAS,,100.03,44.94,772,748,,,EA,ORB
ORBCOMM FM36 DEB,1999-065P,56438,DEB,D,ORB,1999-12-04,ERAS,2023-08-06,96.47,44.98,680,499,,,EA,IMP
ORBCOMM FM36 DEB,1999-065Q,56439,DEB,D,ORB,1999-12-04,ERAS,2024-11-06,93.86,44.96,493,434,,,EA,IMP
ORBCOMM FM36 DEB,1999-065R,56440,DEB,D,ORB,1999-12-04,ERAS,2024-03-28,95.85,44.89,593,526,,,EA,IMP
ORBCOMM FM36 DEB,1999-065S,56441,DEB,D,ORB,1999-12-04,ERAS,2023-06-03,95.95,44.97,645,483,,,EA,IMP
ORBCOMM FM36 DEB,1999-065T,57395,DEB,D,ORB,1999-12-04,ERAS,2023-11-25,98.28,44.91,737,616,,,EA,IMP
