OBJECT_NAME,OBJECT_ID,NORAD_CAT_ID,OBJECT_TYPE,OPS_STATUS_CODE,OWNER,LAUNCH_DATE,LAUNCH_SITE,DECAY_DATE,PERIOD,INCLINATION,APOGEE,PERIGEE,RCS,DATA_STATUS_CODE,ORBIT_CENTER,ORBIT_TYPE
SOYUZ 17,1975-001A,7604,PAY,D,CIS,1975-01-10,TYMSC,1975-02-09,91.36,51.58,348,335,,,EA,LAN
SL-4 R/B,1975-001B,7605,R/B,D,CIS,1975-01-10,TYMSC,1975-01-14,88.18,51.63,202,167,,,EA,IMP
COSMOS 702,1975-002A,7606,PAY,D,CIS,1975-01-17,TYMSC,1975-01-29,89.58,71.33,305,202,,,EA,IMP
SL-4 R/B,1975-002B,7607,R/B,D,CIS,1975-01-17,TYMSC,1975-01-29,87.60,71.35,164,147,,,EA,IMP
SL-4 DEB,1975-002C,7609,DEB,D,CIS,1975-01-17,TYMSC,1975-01-21,88.86,71.34,247,189,,,EA,IMP
SOYUZ 17 DEB,1975-001C,7610,DEB,D,CIS,1975-01-10,TYMSC,1975-03-25,88.35,51.57,197,189,,,EA,IMP
COSMOS 703,1975-003A,7611,PAY,D,CIS,1975-01-21,PLMSC,1975-11-20,88.16,81.89,217,149,,,EA,IMP
SL-7 R/B,1975-003B,7612,R/B,D,CIS,1975-01-21,PLMSC,1975-08-22,88.55,81.85,258,148,,,EA,IMP
SOYUZ 17 DEB,1975-001D,7613,DEB,D,CIS,1975-01-10,TYMSC,1975-04-12,88.15,51.57,202,164,,,EA,IMP
SOYUZ 17 DEB,1975-001E,7614,DEB,D,CIS,1975-01-10,TYMSC,1975-05-08,89.07,51.56,234,223,,,EA,IMP
LANDSAT 2,1975-004A,7615,PAY,-,US,1975-01-22,AFWTR,,103.08,99.05,911,897,2.7970,,EA,ORB
DELTA 1 R/B,1975-004B,7616,R/B,,US,1975-01-22,AFWTR,,102.41,97.74,1007,739,4.9089,,EA,ORB
COSMOS 704,1975-005A,7617,PAY,D,CIS,1975-01-23,PLMSC,1975-02-06,89.54,72.84,336,167,,,EA,IMP
SL-4 R/B,1975-005B,7618,R/B,D,CIS,1975-01-23,PLMSC,1975-02-03,88.15,72.85,198,168,,,EA,IMP
SL-4 DEB,1975-005C,7619,DEB,D,CIS,1975-01-23,PLMSC,1975-01-26,89.04,72.79,244,210,,,EA,IMP
SL-4 DEB,1975-005D,7620,DEB,D,CIS,1975-01-23,PLMSC,1975-01-26,89.68,72.88,308,210,,,EA,IMP
SL-4 DEB,1975-005E,7621,DEB,D,CIS,1975-01-23,PLMSC,1975-01-26,89.58,72.95,304,204,,,EA,IMP
SOYUZ 17 DEB,1975-001F,7622,DEB,D,CIS,1975-01-10,TYMSC,1975-10-24,88.75,51.57,219,207,,,EA,IMP
COSMOS 705,1975-006A,7623,PAY,D,CIS,1975-01-28,PLMSC,1975-11-18,88.33,70.94,210,175,,,EA,IMP
SL-7 R/B,1975-006B,7624,R/B,D,CIS,1975-01-28,PLMSC,1975-06-25,87.78,70.95,170,159,,,EA,IMP
COSMOS 706,1975-007A,7625,PAY,,CIS,1975-01-30,PLMSC,,718.17,63.92,38371,2003,11.0730,,EA,ORB
SL-6 R/B(1),1975-007B,7626,R/B,D,CIS,1975-01-30,PLMSC,1975-04-04,87.80,62.81,174,157,,,EA,IMP
SL-6 PLAT,1975-007C,7627,DEB,D,CIS,1975-01-30,PLMSC,1975-03-01,88.23,62.88,227,146,,,EA,IMP
SL-6 R/B(2),1975-007D,7629,R/B,,CIS,1975-01-30,PLMSC,,716.87,68.95,33947,6363,7.1145,,EA,ORB
COSMOS 704 DEB,1975-005F,7631,DEB,D,CIS,1975-01-23,PLMSC,1975-02-07,89.39,72.83,322,167,,,EA,IMP
COSMOS 704 DEB,1975-005G,7632,DEB,D,CIS,1975-01-23,PLMSC,1975-02-06,89.06,72.85,290,166,,,EA,IMP
SOYUZ 17 DEB,1975-001G,7633,DEB,D,CIS,1975-01-10,TYMSC,1975-04-15,89.81,51.59,268,262,,,EA,IMP
SOYUZ 17 DEB,1975-001H,7635,DEB,D,CIS,1975-01-10,TYMSC,1975-03-23,89.79,51.63,268,260,,,EA,IMP
COSMOS 707,1975-008A,7637,PAY,D,CIS,1975-02-05,PLMSC,1980-09-07,87.79,74.00,172,158,4.7717,,EA,IMP
SL-8 R/B,1975-008B,7638,R/B,D,CIS,1975-02-05,PLMSC,1980-08-27,87.69,73.97,168,153,9.7933,,EA,IMP
SL-8 DEB,1975-008C,7639,DEB,D,CIS,1975-02-05,PLMSC,1976-12-14,89.89,74.01,273,265,,,EA,IMP
SOYUZ 17 DEB,1975-001J,7640,DEB,D,CIS,1975-01-10,TYMSC,1975-10-27,88.52,51.61,205,198,,,EA,IMP
MOLNIYA 2-12,1975-009A,7641,PAY,D,CIS,1975-02-06,PLMSC,1985-08-04,99.93,63.62,1442,68,24.4800,,EA,IMP
SL-6 R/B(1),1975-009B,7642,R/B,D,CIS,1975-02-06,PLMSC,1975-04-25,87.95,62.83,187,159,,,EA,IMP
SL-6 PLAT,1975-009C,7643,DEB,D,CIS,1975-02-06,PLMSC,1975-04-23,88.39,62.80,221,170,,,EA,IMP
COSMOS 704 DEB,1975-005H,7644,DEB,D,CIS,1975-01-23,PLMSC,1975-02-08,88.11,72.83,195,166,,,EA,IMP
SL-8 DEB,1975-008D,7645,DEB,D,CIS,1975-02-05,PLMSC,1977-04-17,90.09,73.94,288,269,0.0032,,EA,IMP
STARLETTE,1975-010A,7646,PAY,+,FR,1975-02-06,FRGUI,,104.17,49.82,1106,805,0.1687,,EA,ORB
DIAMANT B-P4 R/B,1975-010B,7647,R/B,,FR,1975-02-06,FRGUI,,104.17,49.82,1115,796,0.9315,,EA,ORB
SMS 2,1975-011A,7648,PAY,,US,1975-02-06,AFETR,,1447.14,5.31,36063,35942,3.6814,,EA,ORB
COSMOS 704 DEB,1975-005J,7649,DEB,D,CIS,1975-01-23,PLMSC,1975-02-09,89.45,72.81,327,167,,,EA,IMP
DELTA 1 R/B(1),1975-011B,7650,R/B,D,US,1975-02-06,AFETR,1982-04-06,88.34,27.55,226,159,17.5470,,EA,IMP
DELTA 1 DEB,1975-011C,7651,DEB,D,US,1975-02-06,AFETR,1975-02-16,91.30,28.05,500,176,,,EA,IMP
DELTA 1 DEB,1975-011D,7652,DEB,D,US,1975-02-06,AFETR,1975-02-16,92.10,28.06,580,175,,,EA,IMP
SL-6 R/B(2),1975-009D,7653,R/B,D,CIS,1975-02-06,PLMSC,1985-12-12,103.58,63.88,1760,95,10.8560,,EA,IMP
DIAMANT B-P4 DEB,1975-010C,7654,DEB,,FR,1975-02-06,FRGUI,,103.16,49.84,1033,783,0.0408,,EA,ORB
DIAMANT B-P4 DEB,1975-010D,7655,DEB,,FR,1975-02-06,FRGUI,,103.23,49.80,1041,781,0.0380,,EA,ORB
DIAMANT B-P4 DEB,1975-010E,7659,DEB,,FR,1975-02-06,FRGUI,,103.29,49.81,1049,779,0.1420,,EA,ORB
DELTA 1 DEB,1975-011E,7660,DEB,D,US,1975-02-06,AFETR,1975-02-21,91.31,28.10,540,137,,,EA,IMP
COSMOS 708,1975-012A,7663,PAY,,CIS,1975-02-12,PLMSC,,113.54,69.24,1407,1371,2.8039,,EA,ORB
COSMOS 709,1975-013A,7664,PAY,D,CIS,1975-02-12,PLMSC,1975-02-25,88.94,62.82,270,175,,,EA,IMP
SL-8 R/B,1975-012B,7665,R/B,,CIS,1975-02-12,PLMSC,,113.34,69.23,1396,1364,5.0701,,EA,ORB
SL-4 R/B,1975-013B,7666,R/B,D,CIS,1975-02-12,PLMSC,1975-02-17,88.15,62.81,215,151,,,EA,IMP
SL-4 DEB,1975-013C,7667,DEB,D,CIS,1975-02-12,PLMSC,1975-02-15,,,,,,NIE,EA,IMP
SL-4 DEB,1975-013D,7668,DEB,D,CIS,1975-02-12,PLMSC,1975-02-15,,,,,,NIE,EA,IMP
SL-4 DEB,1975-013E,7669,DEB,D,CIS,1975-02-12,PLMSC,1975-02-15,,,,,,NIE,EA,IMP
TAIYO (SRATS),1975-014A,7671,PAY,D,JPN,1975-02-24,KSCUT,1980-06-29,88.26,31.47,225,152,0.4620,,EA,IMP
COSMOS 709 DEB,1975-013F,7672,DEB,D,CIS,1975-02-12,PLMSC,1975-03-01,87.50,62.81,162,139,,,EA,IMP
COSMOS 709 DEB,1975-013G,7673,DEB,D,CIS,1975-02-12,PLMSC,1975-02-26,87.76,62.80,186,141,,,EA,IMP
M-3C R/B,1975-014B,7674,R/B,D,JPN,1975-02-24,KSCUT,1980-05-17,89.13,31.47,297,166,2.2630,,EA,IMP
COSMOS 710,1975-015A,7675,PAY,D,CIS,1975-02-26,TYMSC,1975-03-12,89.10,64.97,291,169,,,EA,IMP
SL-4 R/B,1975-015B,7676,R/B,D,CIS,1975-02-26,TYMSC,1975-03-03,88.10,64.97,203,158,,,EA,IMP
SL-4 DEB,1975-015C,7677,DEB,D,CIS,1975-02-26,TYMSC,1975-03-01,89.07,64.96,290,167,,,EA,IMP
COSMOS 711,1975-016A,7678,PAY,,CIS,1975-02-28,PLMSC,,115.47,74.01,1492,1461,0.7000,,EA,ORB
COSMOS 712,1975-016B,7679,PAY,,CIS,1975-02-28,PLMSC,,114.88,74.00,1489,1411,0.6648,,EA,ORB
COSMOS 713,1975-016C,7680,PAY,,CIS,1975-02-28,PLMSC,,114.68,74.00,1486,1395,0.6561,,EA,ORB
COSMOS 714,1975-016D,7681,PAY,,CIS,1975-02-28,PLMSC,,115.26,74.00,1490,1445,0.6792,,EA,ORB
COSMOS 715,1975-016E,7682,PAY,,CIS,1975-02-28,PLMSC,,115.69,74.00,1504,1469,0.7032,,EA,ORB
COSMOS 716,1975-016F,7683,PAY,,CIS,1975-02-28,PLMSC,,115.90,74.00,1513,1479,0.6656,,EA,ORB
COSMOS 717,1975-016G,7684,PAY,,CIS,1975-02-28,PLMSC,,116.14,74.01,1536,1479,0.6840,,EA,ORB
COSMOS 718,1975-016H,7685,PAY,,CIS,1975-02-28,PLMSC,,115.07,74.00,1489,1428,0.6621,,EA,ORB
SL-8 R/B,1975-016J,7686,R/B,,CIS,1975-02-28,PLMSC,,117.92,74.00,1718,1457,6.1060,,EA,ORB
OPS 2439,1975-017A,7687,PAY,,US,1975-03-10,AFWTR,,,,,,,NEA,EA,ORB
TITAN 34B R/B,1975-017B,7688,R/B,,US,1975-03-10,AFWTR,,276.29,63.27,15112,236,,,EA,ORB
COSMOS 710 DEB,1975-015D,7689,DEB,D,CIS,1975-02-26,TYMSC,1975-03-12,87.69,64.97,176,144,,,EA,IMP
COSMOS 710 DEB,1975-015E,7690,DEB,D,CIS,1975-02-26,TYMSC,1975-03-16,87.92,64.97,196,147,,,EA,IMP
COSMOS 719,1975-018A,7691,PAY,D,CIS,1975-03-12,TYMSC,1975-03-25,89.26,64.98,304,172,,,EA,IMP
SL-4 R/B,1975-018B,7692,R/B,D,CIS,1975-03-12,TYMSC,1975-03-16,88.17,65.00,215,152,,,EA,IMP
SL-4 DEB,1975-018C,7693,DEB,D,CIS,1975-03-12,TYMSC,1975-03-15,88.02,64.97,201,152,,,EA,IMP
COSMOS 720,1975-019A,7696,PAY,D,CIS,1975-03-21,PLMSC,1975-04-03,89.11,62.83,280,181,,,EA,IMP
SL-4 R/B,1975-019B,7697,R/B,D,CIS,1975-03-21,PLMSC,1975-03-30,87.98,62.78,186,163,,,EA,IMP
SL-4 DEB,1975-019C,7698,DEB,D,CIS,1975-03-21,PLMSC,1975-03-22,87.59,62.75,158,153,,,EA,IMP
SL-4 DEB,1975-019D,7699,DEB,D,CIS,1975-03-21,PLMSC,1975-03-25,89.24,62.79,267,206,,,EA,IMP
SL-4 DEB,1975-019E,7700,DEB,D,CIS,1975-03-21,PLMSC,1975-03-22,87.90,62.81,170,170,,,EA,IMP
COSMOS 719 DEB,1975-018D,7701,DEB,D,CIS,1975-03-12,TYMSC,1975-03-26,88.74,64.98,258,166,,,EA,IMP
COSMOS 719 DEB,1975-018E,7702,DEB,D,CIS,1975-03-12,TYMSC,1975-03-30,87.81,64.98,183,150,,,EA,IMP
COSMOS 719 DEB,1975-018F,7703,DEB,D,CIS,1975-03-12,TYMSC,1975-03-28,88.82,64.99,273,160,,,EA,IMP
COSMOS 721,1975-020A,7705,PAY,D,CIS,1975-03-26,PLMSC,1975-04-07,88.64,81.32,216,198,,,EA,IMP
SL-4 R/B,1975-020B,7706,R/B,D,CIS,1975-03-26,PLMSC,1975-03-29,88.20,81.32,200,171,,,EA,IMP
SL-4 DEB,1975-020C,7707,DEB,D,CIS,1975-03-26,PLMSC,1975-03-29,88.77,81.28,234,193,,,EA,IMP
SL-4 DEB,1975-020D,7708,DEB,D,CIS,1975-03-26,PLMSC,1975-03-31,88.95,81.32,251,194,,,EA,IMP
COSMOS 722,1975-021A,7709,PAY,D,CIS,1975-03-27,TYMSC,1975-04-09,89.35,71.36,314,171,,,EA,IMP
INTERCOSMOS 13,1975-022A,7710,PAY,D,CIS,1975-03-27,PLMSC,1980-09-02,87.73,82.84,176,148,3.1315,,EA,IMP
SL-4 R/B,1975-021B,7711,R/B,D,CIS,1975-03-27,TYMSC,1975-04-09,87.49,71.36,153,148,,,EA,IMP
SL-4 DEB,1975-021C,7712,DEB,D,CIS,1975-03-27,TYMSC,1975-03-29,89.03,71.39,262,191,,,EA,IMP
SL-8 R/B,1975-022B,7713,R/B,D,CIS,1975-03-27,PLMSC,1980-04-21,87.77,82.85,186,142,14.2587,,EA,IMP
METEOR 1-21,1975-023A,7714,PAY,,CIS,1975-04-01,PLMSC,,102.24,81.19,886,843,3.8747,,EA,ORB
SL-3 R/B,1975-023B,7715,R/B,,CIS,1975-04-01,PLMSC,,102.33,81.22,907,830,6.3965,,EA,ORB
SL-4 DEB,1975-021D,7716,DEB,D,CIS,1975-03-27,TYMSC,1975-04-02,89.50,71.35,327,173,,,EA,IMP
COSMOS 720 DEB,1975-019F,7717,DEB,D,CIS,1975-03-21,PLMSC,1975-04-05,88.95,62.79,241,204,,,EA,IMP
COSMOS 723,1975-024A,7718,PAY,,CIS,1975-04-02,TYMSC,,103.62,64.72,970,889,2.5393,,EA,ORB
COSMOS 720 DEB,1975-019G,7719,DEB,D,CIS,1975-03-21,PLMSC,1975-04-04,88.80,62.79,229,201,,,EA,IMP
COSMOS 721 DEB,1975-020E,7720,DEB,D,CIS,1975-03-26,PLMSC,1975-04-07,87.97,81.33,187,160,,,EA,IMP
COSMOS 721 DEB,1975-020F,7721,DEB,D,CIS,1975-03-26,PLMSC,1975-04-08,88.26,81.33,199,178,,,EA,IMP
COSMOS 720 DEB,1975-019H,7725,DEB,D,CIS,1975-03-21,PLMSC,1975-04-10,90.27,62.79,356,220,,,EA,IMP
COSMOS 720 DEB,1975-019J,7726,DEB,D,CIS,1975-03-21,PLMSC,1975-04-09,88.69,62.80,258,161,,,EA,IMP
COSMOS 724,1975-025A,7727,PAY,,CIS,1975-04-07,TYMSC,,102.92,65.59,930,864,2.2948,,EA,ORB
COSMOS 722 DEB,1975-021E,7728,DEB,D,CIS,1975-03-27,TYMSC,1975-04-10,87.52,71.36,178,125,,,EA,IMP
COSMOS 722 DEB,1975-021F,7729,DEB,D,CIS,1975-03-27,TYMSC,1975-04-12,90.15,71.24,418,146,,,EA,IMP
COSMOS 725,1975-026A,7730,PAY,D,CIS,1975-04-08,PLMSC,1976-01-06,87.66,70.95,167,150,,,EA,IMP
SL-7 R/B,1975-026B,7731,R/B,D,CIS,1975-04-08,PLMSC,1975-09-09,87.81,70.96,170,162,,,EA,IMP
COSMOS 722 DEB,1975-021G,7732,DEB,D,CIS,1975-03-27,TYMSC,1975-04-14,87.84,71.31,190,145,,,EA,IMP
COSMOS 722 DEB,1975-021H,7733,DEB,D,CIS,1975-03-27,TYMSC,1975-04-10,89.05,71.37,300,155,,,EA,IMP
GEOS 3,1975-027A,7734,PAY,,US,1975-04-09,AFWTR,,101.47,114.99,847,809,1.2801,,EA,ORB
DELTA 1 R/B,1975-027B,7735,R/B,,US,1975-04-09,AFWTR,,101.01,114.98,844,769,4.9404,,EA,ORB
COSMOS 726,1975-028A,7736,PAY,,CIS,1975-04-11,PLMSC,,104.46,83.00,988,951,3.1568,,EA,ORB
SL-8 R/B,1975-028B,7737,R/B,,CIS,1975-04-11,PLMSC,,104.29,82.99,975,947,4.5015,,EA,ORB
MOLNIYA 3-2,1975-029A,7738,PAY,D,CIS,1975-04-14,PLMSC,1988-11-29,130.59,62.03,4212,85,30.7344,,EA,IMP
SL-6 R/B(1),1975-029B,7739,R/B,D,CIS,1975-04-14,PLMSC,1975-06-20,88.43,62.83,220,173,,,EA,IMP
SL-6 PLAT,1975-029C,7740,DEB,D,CIS,1975-04-14,PLMSC,1975-06-04,89.63,62.83,335,178,,,EA,IMP
SL-6 R/B(2),1975-029D,7741,R/B,D,CIS,1975-04-14,PLMSC,1991-01-12,88.38,62.21,298,90,16.3100,,EA,IMP
COSMOS 727,1975-030A,7742,PAY,D,CIS,1975-04-16,TYMSC,1975-04-28,89.34,64.98,315,169,,,EA,IMP
SL-4 R/B,1975-030B,7743,R/B,D,CIS,1975-04-16,TYMSC,1975-04-21,88.05,64.99,207,149,,,EA,IMP
SL-4 DEB,1975-030C,7744,DEB,D,CIS,1975-04-16,TYMSC,1975-04-19,88.74,64.99,261,163,,,EA,IMP
COSMOS 728,1975-031A,7745,PAY,D,CIS,1975-04-18,PLMSC,1975-04-29,89.69,72.84,320,199,,,EA,IMP
SL-4 R/B,1975-031B,7746,R/B,D,CIS,1975-04-18,PLMSC,1975-04-30,87.76,72.81,167,160,,,EA,IMP
OPS 4883,1975-032A,7747,PAY,D,US,1975-04-18,AFWTR,1975-06-05,89.12,110.48,340,122,,,EA,IMP
SL-4 DEB,1975-031C,7751,DEB,D,CIS,1975-04-18,PLMSC,1975-04-20,89.37,72.90,295,192,,,EA,IMP
ARYABHATA,1975-033A,7752,PAY,D,IND,1975-04-19,KYMSC,1992-02-11,87.46,50.62,152,145,2.2150,,EA,IMP
SL-8 R/B,1975-033B,7753,R/B,D,CIS,1975-04-19,KYMSC,1988-11-06,87.17,50.61,137,131,16.5036,,EA,IMP
SL-4 DEB,1975-031D,7761,DEB,D,CIS,1975-04-18,PLMSC,1975-04-22,89.35,72.81,304,180,,,EA,IMP
COSMOS 729,1975-034A,7768,PAY,,CIS,1975-04-22,PLMSC,,104.83,82.96,1003,970,1.5921,,EA,ORB
SL-8 R/B,1975-034B,7769,R/B,,CIS,1975-04-22,PLMSC,,104.71,82.96,994,968,4.4880,,EA,ORB
COSMOS 730,1975-035A,7770,PAY,D,CIS,1975-04-24,PLMSC,1975-05-06,88.66,81.32,251,165,,,EA,IMP
SL-4 R/B,1975-035B,7771,R/B,D,CIS,1975-04-24,PLMSC,1975-04-29,87.55,81.32,161,145,,,EA,IMP
SL-4 DEB,1975-035C,7772,DEB,D,CIS,1975-04-24,PLMSC,1975-05-01,88.89,81.33,230,209,,,EA,IMP
SL-4 DEB,1975-035D,7773,DEB,D,CIS,1975-04-24,PLMSC,1975-04-28,89.38,81.34,278,209,,,EA,IMP
COSMOS 727 DEB,1975-030D,7774,DEB,D,CIS,1975-04-16,TYMSC,1975-05-05,87.85,64.97,195,141,,,EA,IMP
COSMOS 727 DEB,1975-030E,7775,DEB,D,CIS,1975-04-16,TYMSC,1975-05-02,88.75,64.98,263,162,,,EA,IMP
COSMOS 728 DEB,1975-031E,7776,DEB,D,CIS,1975-04-18,PLMSC,1975-05-03,87.91,72.82,181,161,,,EA,IMP
SL-8 DEB,1975-008E,7777,DEB,D,CIS,1975-02-05,PLMSC,1977-04-29,90.27,73.98,294,282,0.0070,,EA,IMP
COSMOS 728 DEB,1975-031F,7778,DEB,D,CIS,1975-04-18,PLMSC,1975-04-28,89.74,72.80,324,199,,,EA,IMP
COSMOS 728 DEB,1975-031G,7779,DEB,D,CIS,1975-04-18,PLMSC,1975-05-16,87.52,72.81,162,141,,,EA,IMP
MOLNIYA 1-29,1975-036A,7780,PAY,,CIS,1975-04-29,PLMSC,,717.74,64.17,38590,1762,18.1937,,EA,ORB
SL-6 R/B(1),1975-036B,7781,R/B,D,CIS,1975-04-29,PLMSC,1975-05-29,88.27,62.83,201,177,,,EA,IMP
SL-6 PLAT,1975-036C,7782,DEB,D,CIS,1975-04-29,PLMSC,1975-06-03,87.86,62.79,183,154,,,EA,IMP
COSMOS 730 DEB,1975-035E,7785,DEB,D,CIS,1975-04-24,PLMSC,1975-05-07,88.39,81.33,228,162,,,EA,IMP
COSMOS 730 DEB,1975-035F,7786,DEB,D,CIS,1975-04-24,PLMSC,1975-05-06,87.85,81.32,185,151,,,EA,IMP
COSMOS 730 DEB,1975-035G,7787,DEB,D,CIS,1975-04-24,PLMSC,1975-05-24,88.36,81.44,273,114,,,EA,IMP
EXPLORER 53,1975-037A,7788,PAY,D,US,1975-05-07,SNMLP,1979-04-09,88.73,3.00,212,211,,,EA,IMP
SCOUT F-1 R/B,1975-037B,7789,R/B,D,US,1975-05-07,SNMLP,1979-09-09,93.97,2.99,470,466,0.3160,,EA,IMP
ANIK A3 (TELESAT 3),1975-038A,7790,PAY,-,CA,1975-05-07,AFETR,,1439.30,7.56,35852,35846,3.6797,,EA,ORB
DELTA 1 R/B(1),1975-038B,7791,R/B,D,US,1975-05-07,AFETR,1976-11-03,88.25,28.31,223,153,,,EA,IMP
DELTA 1 DEB,1975-038C,7792,DEB,D,US,1975-05-07,AFETR,1975-05-08,88.14,29.03,252,113,,,EA,IMP
DELTA 1 R/B(2),1975-038D,7794,R/B,D,US,1975-05-07,AFETR,2014-06-24,87.84,24.21,200,135,1.9860,,EA,IMP
COSMOS 723 DEB [ANTENNA],1975-024B,7795,DEB,D,CIS,1975-04-02,TYMSC,1975-05-21,87.95,65.00,173,173,,,EA,IMP
COSMOS 723 DEB,1975-024C,7796,DEB,D,CIS,1975-04-02,TYMSC,1975-05-19,88.75,65.02,240,185,,,EA,IMP
COSMOS 723 DEB [PELPS],1975-024D,7797,DEB,D,CIS,1975-04-02,TYMSC,1975-07-15,88.08,65.04,182,177,,,EA,IMP
COSMOS 723 DEB,1975-024E,7798,DEB,D,CIS,1975-04-02,TYMSC,1975-05-24,89.65,65.02,264,250,,,EA,IMP
COSMOS 723 DEB,1975-024F,7799,DEB,D,CIS,1975-04-02,TYMSC,1975-05-25,89.63,65.04,261,252,,,EA,IMP
SL-6 R/B(2),1975-036D,7800,R/B,,CIS,1975-04-29,PLMSC,,731.53,63.78,38496,2535,7.3270,,EA,ORB
D5A (POLLUX),1975-039A,7801,PAY,D,FR,1975-05-17,FRGUI,1978-01-04,90.91,29.94,406,232,,,EA,IMP
D5B (CASTOR),1975-039B,7802,PAY,D,FR,1975-05-17,FRGUI,1979-02-18,89.50,29.93,300,200,0.4466,,EA,IMP
DIAMANT B-P4 R/B,1975-039C,7803,R/B,D,FR,1975-05-17,FRGUI,1976-08-07,88.60,29.92,225,186,,,EA,IMP
DIAMANT B-P4 DEB,1975-039D,7804,DEB,D,FR,1975-05-17,FRGUI,1976-09-26,86.56,29.90,104,104,,,EA,IMP
DIAMANT B-P4 DEB,1975-039E,7805,DEB,D,FR,1975-05-17,FRGUI,1976-06-18,89.50,29.90,290,210,,,EA,IMP
DIAMANT B-P4 DEB,1975-039F,7806,DEB,D,FR,1975-05-17,FRGUI,1976-09-30,89.09,29.92,249,210,,,EA,IMP
OPS 9435 (DSCS 2-5),1975-040A,7807,PAY,D,US,1975-05-20,AFETR,1975-05-26,87.61,28.56,175,137,,,EA,IMP
OPS 9436 (DSCS 2-6),1975-040B,7808,PAY,D,US,1975-05-20,AFETR,1975-05-26,,,,,,,EA,IMP
TITAN 3C R/B,1975-040C,7809,R/B,D,US,1975-05-20,AFETR,1975-05-21,88.00,28.59,216,135,,,EA,IMP
COSMOS 731,1975-041A,7810,PAY,D,CIS,1975-05-21,TYMSC,1975-06-02,89.40,64.97,288,201,,,EA,IMP
SL-4 R/B,1975-041B,7811,R/B,D,CIS,1975-05-21,TYMSC,1975-05-30,87.80,64.97,176,155,,,EA,IMP
SL-4 DEB,1975-041C,7812,DEB,D,CIS,1975-05-21,TYMSC,1975-05-24,88.86,64.77,304,132,,,EA,IMP
SL-4 DEB,1975-041D,7813,DEB,D,CIS,1975-05-21,TYMSC,1975-05-26,89.16,64.97,269,197,,,EA,IMP
INTELSAT 4-F1,1975-042A,7815,PAY,-,ITSO,1975-05-22,AFETR,,1450.66,8.12,36125,36018,12.5000,,EA,ORB
OPS 6226 (DMSP 5C F7),1975-043A,7816,PAY,-,US,1975-05-24,AFWTR,,101.03,98.61,845,770,,,EA,ORB
THOR BURNER 2 R/B,1975-043B,7817,R/B,,US,1975-05-24,AFWTR,,101.42,98.67,863,788,,,EA,ORB
SOYUZ 18,1975-044A,7818,PAY,D,CIS,1975-05-24,TYMSC,1975-07-26,91.57,51.60,363,340,,,EA,LAN
SL-4 R/B,1975-044B,7819,R/B,D,CIS,1975-05-24,TYMSC,1975-05-27,87.15,51.56,135,131,,,EA,IMP
COSMOS 732,1975-045A,7820,PAY,,CIS,1975-05-28,PLMSC,,114.58,74.02,1469,1404,0.6661,,EA,ORB
COSMOS 740,1975-046A,7821,PAY,D,CIS,1975-05-28,TYMSC,1975-06-10,89.29,64.97,307,172,,,EA,IMP
COSMOS 733,1975-045B,7822,PAY,,CIS,1975-05-28,PLMSC,,116.24,74.02,1553,1470,0.6957,,EA,ORB
COSMOS 734,1975-045C,7823,PAY,,CIS,1975-05-28,PLMSC,,115.03,74.02,1471,1443,0.6888,,EA,ORB
COSMOS 735,1975-045D,7824,PAY,,CIS,1975-05-28,PLMSC,,115.26,74.01,1473,1461,0.6471,,EA,ORB
COSMOS 736,1975-045E,7825,PAY,,CIS,1975-05-28,PLMSC,,115.49,74.02,1486,1469,0.6701,,EA,ORB
COSMOS 737,1975-045F,7826,PAY,,CIS,1975-05-28,PLMSC,,115.97,74.01,1529,1469,0.6792,,EA,ORB
COSMOS 738,1975-045G,7827,PAY,,CIS,1975-05-28,PLMSC,,115.73,74.02,1509,1469,0.6676,,EA,ORB
COSMOS 739,1975-045H,7828,PAY,,CIS,1975-05-28,PLMSC,,114.81,74.02,1472,1422,0.6820,,EA,ORB
SL-4 R/B,1975-046B,7829,R/B,D,CIS,1975-05-28,TYMSC,1975-06-03,88.40,64.98,230,161,,,EA,IMP
SL-4 DEB,1975-046C,7830,DEB,D,CIS,1975-05-28,TYMSC,1975-06-04,88.88,65.13,261,177,,,EA,IMP
SL-8 R/B,1975-045J,7831,R/B,,CIS,1975-05-28,PLMSC,,117.94,73.98,1693,1484,5.9430,,EA,ORB
COSMOS 741,1975-047A,7877,PAY,D,CIS,1975-05-30,PLMSC,1975-06-11,88.73,81.35,222,201,,,EA,IMP
SL-4 R/B,1975-047B,7878,R/B,D,CIS,1975-05-30,PLMSC,1975-06-04,87.38,81.34,146,143,,,EA,IMP
COSMOS 731 DEB,1975-041E,7879,DEB,D,CIS,1975-05-21,TYMSC,1975-06-06,88.21,64.96,188,184,,,EA,IMP
COSMOS 731 DEB,1975-041F,7880,DEB,D,CIS,1975-05-21,TYMSC,1975-06-09,89.74,65.33,409,114,,,EA,IMP
COSMOS 731 DEB,1975-041G,7881,DEB,D,CIS,1975-05-21,TYMSC,1975-06-11,89.76,65.37,303,222,,,EA,IMP
COSMOS 731 DEB,1975-041H,7885,DEB,D,CIS,1975-05-21,TYMSC,1975-06-19,87.79,64.94,177,153,,,EA,IMP
COSMOS 742,1975-048A,7900,PAY,D,CIS,1975-06-03,PLMSC,1975-06-15,89.16,62.82,319,147,,,EA,IMP
SL-4 R/B,1975-048B,7901,R/B,D,CIS,1975-06-03,PLMSC,1975-06-11,88.00,62.79,198,153,,,EA,IMP
ATLAS CENTAUR R/B,1975-042B,7902,R/B,,US,1975-05-22,AFETR,,651.11,25.55,36367,646,14.7349,,EA,ORB
MOLNIYA 1-30,1975-049A,7903,PAY,D,CIS,1975-06-05,PLMSC,1987-09-25,96.29,63.21,1089,73,24.9658,,EA,IMP
SL-6 R/B(1),1975-049C,7904,R/B,D,CIS,1975-06-05,PLMSC,1975-07-16,88.17,62.83,199,169,,,EA,IMP
SL-6 PLAT,1975-049D,7905,DEB,D,CIS,1975-06-05,PLMSC,1975-07-09,87.89,62.82,186,154,,,EA,IMP
SL-6 DEB,1975-049E,7906,DEB,D,CIS,1975-06-05,PLMSC,1975-08-16,91.15,62.83,442,220,,,EA,IMP
SRET 2,1975-049B,7910,PAY,D,FR,1975-06-05,PLMSC,1988-07-10,90.06,63.28,420,135,27.1670,,EA,IMP
SOYUZ 18 DEB,1975-044C,7911,DEB,D,CIS,1975-05-24,TYMSC,1976-05-15,88.94,51.59,222,222,,,EA,IMP
SOYUZ 18 DEB,1975-044D,7912,DEB,D,CIS,1975-05-24,TYMSC,1975-09-20,89.85,51.60,284,250,,,EA,IMP
SL-4 DEB,1975-048C,7913,DEB,D,CIS,1975-06-03,PLMSC,1975-06-12,88.93,62.81,274,169,,,EA,IMP
VENERA 9 BUS,1975-050A,7915,PAY,,CIS,1975-06-08,TYMSC,,,,,,,NEA,VE,ORB
SL-12 R/B,1975-050B,7916,R/B,D,CIS,1975-06-08,TYMSC,1975-06-09,87.87,51.53,180,157,,,EA,IMP
SL-12 PLAT,1975-050C,7917,DEB,D,CIS,1975-06-08,TYMSC,1975-06-09,87.97,51.50,189,159,,,EA,IMP
OPS 6381,1975-051A,7918,PAY,D,US,1975-06-08,AFWTR,1975-11-05,88.46,96.25,231,166,,,EA,IMP
TITAN 3D R/B,1975-051B,7919,R/B,D,US,1975-06-08,AFWTR,1975-06-11,87.97,96.37,206,142,,,EA,IMP
COSMOS 740 DEB,1975-046D,7920,DEB,D,CIS,1975-05-28,TYMSC,1975-06-18,87.97,64.96,198,151,,,EA,IMP
COSMOS 740 DEB,1975-046E,7921,DEB,D,CIS,1975-05-28,TYMSC,1975-06-18,89.03,64.96,283,170,,,EA,IMP
COSMOS 724 DEB [PELPS],1975-025B,7922,DEB,D,CIS,1975-04-07,TYMSC,1975-08-07,88.03,64.95,188,167,,,EA,IMP
COSMOS 724 DEB [ANTENNA],1975-025C,7923,DEB,D,CIS,1975-04-07,TYMSC,1975-06-17,88.17,64.95,194,174,,,EA,IMP
NIMBUS 6,1975-052A,7924,PAY,-,US,1975-06-12,AFWTR,,107.40,100.00,1113,1100,3.2315,,EA,ORB
COSMOS 743,1975-053A,7925,PAY,D,CIS,1975-06-12,PLMSC,1975-06-25,89.14,62.81,298,166,,,EA,IMP
SL-4 R/B,1975-053B,7926,R/B,D,CIS,1975-06-12,PLMSC,1975-06-20,87.94,62.75,190,155,,,EA,IMP
SL-4 DEB,1975-053C,7927,DEB,D,CIS,1975-06-12,PLMSC,1975-06-18,88.46,62.92,236,161,,,EA,IMP
OPS 6381 (SSU 1),1975-051C,7937,PAY,,US,1975-06-08,AFWTR,,113.54,95.07,1394,1384,0.3504,,EA,ORB
SSU 1 DEB,1975-051D,7938,DEB,,US,1975-06-08,AFWTR,,113.19,94.98,1403,1343,0.0660,,EA,ORB
SSU 1 DEB,1975-051E,7939,DEB,,US,1975-06-08,AFWTR,,113.87,95.20,1424,1384,0.0720,,EA,ORB
DELTA 1 R/B,1975-052B,7946,R/B,,US,1975-06-12,AFWTR,,106.37,99.64,1092,1025,5.4820,,EA,ORB
VENERA 10 BUS,1975-054A,7947,PAY,,CIS,1975-06-14,TYMSC,,,,,,,NEA,VE,ORB
SOYUZ 18 DEB,1975-044E,7948,DEB,D,CIS,1975-05-24,TYMSC,1976-03-28,88.74,51.59,212,212,,,EA,IMP
SOYUZ 18 DEB,1975-044F,7949,DEB,D,CIS,1975-05-24,TYMSC,1975-06-17,91.38,51.59,345,339,,,EA,IMP
SL-12 R/B,1975-054B,7950,R/B,D,CIS,1975-06-14,TYMSC,1975-06-15,88.01,51.54,194,158,,,EA,IMP
COSMOS 742 DEB,1975-048D,7951,DEB,D,CIS,1975-06-03,PLMSC,1975-06-16,88.13,62.79,220,144,,,EA,IMP
COSMOS 742 DEB,1975-048E,7952,DEB,D,CIS,1975-06-03,PLMSC,1975-06-15,88.61,62.82,268,144,,,EA,IMP
SOYUZ 18 DEB,1975-044G,7953,DEB,D,CIS,1975-05-24,TYMSC,1975-10-04,91.09,51.58,334,322,,,EA,IMP
SL-12 PLAT,1975-054C,7954,DEB,D,CIS,1975-06-14,TYMSC,1975-06-15,88.18,51.52,206,163,,,EA,IMP
SOYUZ 18 DEB,1975-044H,7955,DEB,D,CIS,1975-05-24,TYMSC,1975-10-01,90.46,51.61,310,284,,,EA,IMP
SOYUZ 18 DEB,1975-044J,7956,DEB,D,CIS,1975-05-24,TYMSC,1975-09-24,89.79,51.61,277,251,,,EA,IMP
SOYUZ 18 DEB,1975-044K,7962,DEB,D,CIS,1975-05-24,TYMSC,1975-09-15,90.02,51.59,282,269,,,EA,IMP
OPS 4966,1975-055A,7963,PAY,,US,1975-06-18,AFETR,,,,,,,NEA,EA,ORB
ATLAS AGENA R/B,1975-055B,7964,R/B,,US,1975-06-18,AFETR,,1410.52,9.47,40252,30317,,,EA,ORB
DELTA 1 DEB,1975-052C,7965,DEB,D,US,1975-06-12,AFWTR,1975-07-10,107.28,99.95,1110,1092,,,EA,IMP
COSMOS 744,1975-056A,7968,PAY,D,CIS,1975-06-20,PLMSC,1991-10-11,87.34,81.17,148,137,27.0826,,EA,IMP
SL-3 R/B,1975-056B,7969,R/B,D,CIS,1975-06-20,PLMSC,2000-01-22,87.13,81.24,138,126,10.4023,,EA,IMP
OSO 8,1975-057A,7970,PAY,D,US,1975-06-21,AFETR,1986-07-09,89.16,32.93,235,232,9.0858,,EA,IMP
DELTA 1 R/B,1975-057B,7971,R/B,D,US,1975-06-21,AFETR,1981-04-09,88.58,32.92,207,201,16.5616,,EA,IMP
COSMOS 743 DEB,1975-053D,7972,DEB,D,CIS,1975-06-12,PLMSC,1975-06-29,88.04,62.80,206,149,,,EA,IMP
COSMOS 743 DEB,1975-053E,7981,DEB,D,CIS,1975-06-12,PLMSC,1975-06-26,88.36,62.80,224,163,,,EA,IMP
COSMOS 745,1975-058A,7982,PAY,D,CIS,1975-06-24,PLMSC,1976-03-12,87.79,70.98,170,161,,,EA,IMP
SL-7 R/B,1975-058B,7983,R/B,D,CIS,1975-06-24,PLMSC,1975-11-14,88.30,70.99,197,184,,,EA,IMP
SOYUZ 18 DEB,1975-044L,7984,DEB,D,CIS,1975-05-24,TYMSC,1975-10-12,89.79,51.60,265,263,,,EA,IMP
COSMOS 746,1975-059A,7985,PAY,D,CIS,1975-06-25,PLMSC,1975-07-09,89.19,62.80,302,167,,,EA,IMP
SL-4 R/B,1975-059B,7986,R/B,D,CIS,1975-06-25,PLMSC,1975-07-01,88.12,62.77,207,156,,,EA,IMP
COSMOS 743 DEB,1975-053F,7987,DEB,D,CIS,1975-06-12,PLMSC,1975-06-26,88.61,62.80,249,162,,,EA,IMP
SL-4 DEB,1975-059C,7988,DEB,D,CIS,1975-06-25,PLMSC,1975-06-26,89.64,62.83,336,177,,,EA,IMP
SL-4 DEB,1975-059D,7989,DEB,D,CIS,1975-06-25,PLMSC,1975-06-26,89.12,62.72,292,170,,,EA,IMP
COSMOS 747,1975-060A,7990,PAY,D,CIS,1975-06-27,PLMSC,1975-07-09,89.20,62.84,280,190,,,EA,IMP
SL-4 R/B,1975-060B,7991,R/B,D,CIS,1975-06-27,PLMSC,1975-07-03,87.83,62.80,184,150,,,EA,IMP
SL-4 DEB,1975-060C,7992,DEB,D,CIS,1975-06-27,PLMSC,1975-06-28,88.59,62.80,233,177,,,EA,IMP
SL-4 DEB,1975-060D,7993,DEB,D,CIS,1975-06-27,PLMSC,1975-07-02,88.67,62.91,232,185,,,EA,IMP
SL-4 DEB,1975-060E,7994,DEB,D,CIS,1975-06-27,PLMSC,1975-06-29,88.49,62.79,221,179,,,EA,IMP
COSMOS 748,1975-061A,8006,PAY,D,CIS,1975-07-03,PLMSC,1975-07-16,89.08,62.81,292,166,,,EA,IMP
SL-4 R/B,1975-061B,8007,R/B,D,CIS,1975-07-03,PLMSC,1975-07-09,87.70,62.81,177,145,,,EA,IMP
SL-4 DEB,1975-061C,8008,DEB,D,CIS,1975-07-03,PLMSC,1975-07-15,88.95,62.75,319,126,,,EA,IMP
COSMOS 749,1975-062A,8009,PAY,D,CIS,1975-07-04,PLMSC,1980-09-26,89.24,74.05,241,233,6.7071,,EA,IMP
SL-8 R/B,1975-062B,8010,R/B,D,CIS,1975-07-04,PLMSC,1980-12-26,87.08,74.00,137,123,13.0500,,EA,IMP
COSMOS 746 DEB,1975-059E,8011,DEB,D,CIS,1975-06-25,PLMSC,1975-07-12,88.20,62.82,218,153,,,EA,IMP
COSMOS 746 DEB,1975-059F,8012,DEB,D,CIS,1975-06-25,PLMSC,1975-07-09,87.25,62.69,138,138,,,EA,IMP
COSMOS 747 DEB,1975-060F,8013,DEB,D,CIS,1975-06-27,PLMSC,1975-07-17,87.73,62.81,164,160,,,EA,IMP
COSMOS 747 DEB,1975-060G,8014,DEB,D,CIS,1975-06-27,PLMSC,1975-07-09,88.41,62.83,225,167,,,EA,IMP
MOLNIYA 2-13,1975-063A,8015,PAY,D,CIS,1975-07-08,PLMSC,2018-09-12,88.05,61.91,306,50,13.3077,,EA,IMP
SL-6 R/B(1),1975-063B,8016,R/B,D,CIS,1975-07-08,PLMSC,1975-08-09,88.25,62.82,205,170,,,EA,IMP
SL-6 PLAT,1975-063C,8017,DEB,D,CIS,1975-07-08,PLMSC,1975-08-09,88.16,62.82,205,162,,,EA,IMP
SL-6 R/B(2),1975-063D,8018,R/B,,CIS,1975-07-08,PLMSC,,531.86,64.30,29435,1299,7.0737,,EA,ORB
SOYUZ 18 DEB,1975-044M,8019,DEB,D,CIS,1975-05-24,TYMSC,1975-10-07,89.10,51.55,230,230,,,EA,IMP
SOYUZ 18 DEB,1975-044N,8020,DEB,D,CIS,1975-05-24,TYMSC,1976-03-06,88.43,51.58,197,197,,,EA,IMP
SOYUZ 18 DEB,1975-044P,8021,DEB,D,CIS,1975-05-24,TYMSC,1975-10-09,89.93,51.56,271,270,,,EA,IMP
SOYUZ 18 DEB,1975-044Q,8022,DEB,D,CIS,1975-05-24,TYMSC,1975-10-09,89.19,51.56,242,226,,,EA,IMP
SOYUZ 18 DEB,1975-044R,8023,DEB,D,CIS,1975-05-24,TYMSC,1976-03-29,88.60,51.57,207,204,,,EA,IMP
SOYUZ 18 DEB,1975-044S,8024,DEB,D,CIS,1975-05-24,TYMSC,1976-02-12,88.49,51.58,200,200,,,EA,IMP
SOYUZ 18 DEB,1975-044T,8025,DEB,D,CIS,1975-05-24,TYMSC,1975-10-05,89.84,51.61,273,261,,,EA,IMP
METEOR 2-1,1975-064A,8026,PAY,,CIS,1975-07-11,PLMSC,,102.07,81.28,873,840,4.5425,,EA,ORB
SL-3 R/B,1975-064B,8027,R/B,,CIS,1975-07-11,PLMSC,,102.29,81.29,909,825,5.5789,,EA,ORB
COSMOS 748 DEB,1975-061D,8028,DEB,D,CIS,1975-07-03,PLMSC,1975-07-15,88.36,62.82,223,164,,,EA,IMP
COSMOS 748 DEB,1975-061E,8029,DEB,D,CIS,1975-07-03,PLMSC,1975-07-16,88.86,62.82,270,166,,,EA,IMP
SOYUZ 19,1975-065A,8030,PAY,D,CIS,1975-07-15,TYMSC,1975-07-21,88.80,51.77,220,210,,,EA,LAN
SL-4 R/B,1975-065B,8031,R/B,D,CIS,1975-07-15,TYMSC,1975-07-17,88.04,51.77,190,165,,,EA,IMP
APOLLO 18,1975-066A,8032,PAY,D,US,1975-07-15,AFETR,1975-07-24,88.72,51.77,222,201,,,EA,IMP
SATURN 1B R/B,1975-066B,8033,R/B,D,US,1975-07-15,AFETR,1975-07-16,,,,,,,EA,IMP
COSMOS 748 DEB,1975-061F,8034,DEB,D,CIS,1975-07-03,PLMSC,1975-07-17,88.72,62.83,257,165,,,EA,IMP
DIAMANT B-P4 DEB,1975-039G,8035,DEB,D,FR,1975-05-17,FRGUI,1978-01-29,90.93,29.94,518,122,2.0373,,EA,IMP
COSMOS 750,1975-067A,8036,PAY,D,CIS,1975-07-17,PLMSC,1977-09-29,88.15,70.99,190,176,1.1111,,EA,IMP
SL-7 R/B,1975-067B,8037,R/B,D,CIS,1975-07-17,PLMSC,1976-11-17,88.12,70.99,192,171,,,EA,IMP
SOYUZ 18 DEB,1975-044U,8038,DEB,D,CIS,1975-05-24,TYMSC,1975-10-20,90.96,51.62,329,314,,,EA,IMP
SL-3 DEB,1975-064C,8039,DEB,,CIS,1975-07-11,PLMSC,,102.18,81.30,878,846,0.0280,,EA,ORB
COSMOS 751,1975-068A,8040,PAY,D,CIS,1975-07-23,PLMSC,1975-08-04,89.53,62.82,308,195,,,EA,IMP
SL-4 R/B,1975-068B,8041,R/B,D,CIS,1975-07-23,PLMSC,1975-07-30,88.40,62.81,228,163,,,EA,IMP
SATURN 1B DEB,1975-066C,8042,DEB,D,US,1975-07-15,AFETR,1975-08-02,87.92,51.77,180,163,,,EA,IMP
COSMOS 752,1975-069A,8043,PAY,D,CIS,1975-07-24,PLMSC,1981-02-28,87.52,65.79,158,146,4.1900,,EA,IMP
SL-8 R/B,1975-069B,8044,R/B,D,CIS,1975-07-24,PLMSC,1979-11-05,88.10,65.82,185,176,18.1052,,EA,IMP
COSMOS 750 DEB,1975-067C,8045,DEB,D,CIS,1975-07-17,PLMSC,1976-07-28,92.01,70.87,470,276,,,EA,IMP
JSSW-1,1975-070A,8053,PAY,D,PRC,1975-07-26,JSC,1975-09-14,87.99,68.99,197,153,,,EA,IMP
CZ-2B R/B,1975-070B,8054,R/B,D,PRC,1975-07-26,JSC,1975-08-25,87.98,69.01,199,151,,,EA,IMP
SL-8 DEB,1975-033C,8058,DEB,D,CIS,1975-04-19,KYMSC,1978-03-12,94.39,50.68,505,474,0.0089,,EA,IMP
COSMOS 753,1975-071A,8059,PAY,D,CIS,1975-07-31,PLMSC,1975-08-13,89.14,62.82,300,164,,,EA,IMP
SL-4 R/B,1975-071B,8060,R/B,D,CIS,1975-07-31,PLMSC,1975-08-07,88.27,62.80,220,158,,,EA,IMP
SL-4 DEB,1975-071C,8061,DEB,D,CIS,1975-07-31,PLMSC,1975-08-01,89.44,62.84,319,174,,,EA,IMP
COS-B,1975-072A,8062,PAY,D,ESA,1975-08-09,AFWTR,1986-01-18,2202.51,96.54,89409,9985,,,EA,IMP
DELTA 1 R/B,1975-072B,8063,R/B,D,US,1975-08-09,AFWTR,2017-05-20,87.50,89.07,158,143,7.4175,,EA,IMP
COSMOS 753 DEB,1975-071D,8067,DEB,D,CIS,1975-07-31,PLMSC,1975-08-16,87.99,62.81,202,148,,,EA,IMP
COSMOS 753 DEB,1975-071E,8068,DEB,D,CIS,1975-07-31,PLMSC,1975-08-13,88.26,62.80,209,168,,,EA,IMP
COSMOS 754,1975-073A,8069,PAY,D,CIS,1975-08-13,TYMSC,1975-08-26,89.65,71.37,345,169,,,EA,IMP
SL-4 R/B,1975-073B,8070,R/B,D,CIS,1975-08-13,TYMSC,1975-08-25,88.16,71.38,200,167,,,EA,IMP
SL-4 DEB,1975-073C,8071,DEB,D,CIS,1975-08-13,TYMSC,1975-08-15,88.90,71.37,241,199,,,EA,IMP
COSMOS 755,1975-074A,8072,PAY,,CIS,1975-08-14,PLMSC,,104.79,82.90,1004,965,1.9419,,EA,ORB
SL-8 R/B,1975-074B,8073,R/B,,CIS,1975-08-14,PLMSC,,104.63,82.90,994,960,4.4640,,EA,ORB
SL-8 DEB,1975-062C,8107,DEB,D,CIS,1975-07-04,PLMSC,1981-08-27,87.24,74.08,146,130,0.1521,,EA,IMP
VIKING 1 ORBITER,1975-075A,8108,PAY,,US,1975-08-20,AFETR,,,,,,,NEA,MA,ORB
SL-3 DEB,1975-064D,8110,DEB,,CIS,1975-07-11,PLMSC,,102.02,81.34,878,830,0.0490,,EA,ORB
TITAN 3E CENTAUR R/B,1975-075B,8111,R/B,,US,1975-08-20,AFETR,,,,,,,NEA,SU,ORB
COSMOS 756,1975-076A,8127,PAY,D,CIS,1975-08-22,PLMSC,1992-11-05,87.47,81.19,155,144,20.1000,,EA,IMP
SL-3 R/B,1975-076B,8128,R/B,D,CIS,1975-08-22,PLMSC,2001-09-06,87.29,81.19,149,132,10.4530,,EA,IMP
COSMOS 754 DEB,1975-073D,8129,DEB,D,CIS,1975-08-13,TYMSC,1975-08-31,88.14,71.36,213,152,,,EA,IMP
COSMOS 754 DEB,1975-073E,8130,DEB,D,CIS,1975-08-13,TYMSC,1975-08-27,88.70,71.36,268,153,,,EA,IMP
COSMOS 754 DEB,1975-073F,8131,DEB,D,CIS,1975-08-13,TYMSC,1975-08-27,89.24,71.37,307,167,,,EA,IMP
SYMPHONIE 2,1975-077A,8132,PAY,,FGER,1975-08-27,AFETR,,1440.44,3.88,35883,35860,1.4165,,EA,ORB
DELTA 1 R/B(1),1975-077B,8133,R/B,D,US,1975-08-27,AFETR,2013-07-14,88.10,25.28,186,175,9.4928,,EA,IMP
DELTA 1 R/B(2),1975-077C,8134,R/B,,US,1975-08-27,AFETR,,595.67,13.84,33759,386,1.9268,,EA,ORB
DELTA 1 DEB,1975-077D,8135,DEB,D,US,1975-08-27,AFETR,1976-09-23,88.90,26.98,230,211,,,EA,IMP
COSMOS 757,1975-078A,8147,PAY,D,CIS,1975-08-27,PLMSC,1975-09-09,89.25,62.83,310,165,,,EA,IMP
SL-4 R/B,1975-078B,8148,R/B,D,CIS,1975-08-27,PLMSC,1975-09-03,88.02,62.80,199,153,,,EA,IMP
SL-4 DEB,1975-078C,8149,DEB,D,CIS,1975-08-27,PLMSC,1975-09-02,89.04,62.80,281,173,,,EA,IMP
SL-4 DEB,1975-078D,8150,DEB,D,CIS,1975-08-27,PLMSC,1975-09-02,88.79,62.82,257,172,,,EA,IMP
MOLNIYA 1-31,1975-079A,8187,PAY,D,CIS,1975-09-02,PLMSC,1985-11-19,104.85,63.68,1868,107,20.8284,,EA,IMP
SL-6 R/B(1),1975-079B,8188,R/B,D,CIS,1975-09-02,PLMSC,1975-11-10,88.50,62.80,231,170,,,EA,IMP
SL-6 PLAT,1975-079C,8189,DEB,D,CIS,1975-09-02,PLMSC,1975-11-01,88.35,62.80,224,161,,,EA,IMP
SL-6 DEB,1975-079D,8190,DEB,D,CIS,1975-09-02,PLMSC,1975-10-12,91.24,62.76,431,239,,,EA,IMP
COSMOS 758,1975-080A,8191,PAY,D,CIS,1975-09-05,PLMSC,1975-09-25,88.91,67.28,277,164,,,EA,IMP
SL-4 R/B,1975-080B,8192,R/B,D,CIS,1975-09-05,PLMSC,1975-09-10,88.68,67.12,260,159,,,EA,IMP
COSMOS 757 DEB,1975-078E,8193,DEB,D,CIS,1975-08-27,PLMSC,1975-09-08,88.35,62.83,232,154,,,EA,IMP
COSMOS 757 DEB,1975-078F,8194,DEB,D,CIS,1975-08-27,PLMSC,1975-09-11,88.15,62.83,217,149,,,EA,IMP
MOLNIYA 2-14,1975-081A,8195,PAY,,CIS,1975-09-09,PLMSC,,712.65,64.85,38181,1920,16.4429,,EA,ORB
SL-6 R/B(1),1975-081B,8196,R/B,D,CIS,1975-09-09,PLMSC,1975-10-09,88.39,62.84,219,171,,,EA,IMP
KIKU-1 (ETS-I),1975-082A,8197,PAY,-,JPN,1975-09-09,TANSC,,105.91,46.99,1101,973,1.4270,,EA,ORB
SL-6 PLAT,1975-081C,8198,DEB,D,CIS,1975-09-09,PLMSC,1975-10-18,87.64,62.82,166,149,,,EA,IMP
VIKING 2 ORBITER,1975-083A,8199,PAY,,US,1975-09-09,AFETR,,,,,,,NEA,MA,ORB
COSMOS 758 DEB,1975-080C,8200,DEB,D,CIS,1975-09-05,PLMSC,1975-09-09,,,,,,,EA,IMP
COSMOS 758 DEB,1975-080D,8201,DEB,D,CIS,1975-09-05,PLMSC,1975-09-09,,,,,,,EA,IMP
COSMOS 758 DEB,1975-080E,8202,DEB,D,CIS,1975-09-05,PLMSC,1975-09-09,,,,,,,EA,IMP
COSMOS 758 DEB,1975-080F,8203,DEB,D,CIS,1975-09-05,PLMSC,1975-09-09,,,,,,,EA,IMP
COSMOS 758 DEB,1975-080G,8204,DEB,D,CIS,1975-09-05,PLMSC,1975-09-09,,,,,,,EA,IMP
COSMOS 758 DEB,1975-080H,8205,DEB,D,CIS,1975-09-05,PLMSC,1975-09-09,,,,,,,EA,IMP
COSMOS 758 DEB,1975-080J,8206,DEB,D,CIS,1975-09-05,PLMSC,1975-09-09,,,,,,,EA,IMP
COSMOS 758 DEB,1975-080K,8207,DEB,D,CIS,1975-09-05,PLMSC,1975-09-09,,,,,,,EA,IMP
COSMOS 758 DEB,1975-080L,8208,DEB,D,CIS,1975-09-05,PLMSC,1975-09-09,,,,,,,EA,IMP
COSMOS 758 DEB,1975-080M,8209,DEB,D,CIS,1975-09-05,PLMSC,1975-09-09,,,,,,,EA,IMP
COSMOS 758 DEB,1975-080N,8210,DEB,D,CIS,1975-09-05,PLMSC,1975-09-09,,,,,,,EA,IMP
COSMOS 758 DEB,1975-080P,8211,DEB,D,CIS,1975-09-05,PLMSC,1975-09-09,,,,,,,EA,IMP
COSMOS 758 DEB,1975-080Q,8212,DEB,D,CIS,1975-09-05,PLMSC,1975-09-09,,,,,,,EA,IMP
COSMOS 758 DEB,1975-080R,8213,DEB,D,CIS,1975-09-05,PLMSC,1975-09-09,,,,,,,EA,IMP
COSMOS 758 DEB,1975-080S,8214,DEB,D,CIS,1975-09-05,PLMSC,1975-09-09,,,,,,,EA,IMP
COSMOS 758 DEB,1975-080T,8215,DEB,D,CIS,1975-09-05,PLMSC,1975-09-09,,,,,,,EA,IMP
COSMOS 758 DEB,1975-080U,8216,DEB,D,CIS,1975-09-05,PLMSC,1975-09-09,,,,,,,EA,IMP
COSMOS 758 DEB,1975-080V,8217,DEB,D,CIS,1975-09-05,PLMSC,1975-09-09,,,,,,,EA,IMP
COSMOS 758 DEB,1975-080W,8218,DEB,D,CIS,1975-09-05,PLMSC,1975-09-09,,,,,,,EA,IMP
COSMOS 758 DEB,1975-080X,8219,DEB,D,CIS,1975-09-05,PLMSC,1975-09-09,,,,,,,EA,IMP
COSMOS 758 DEB,1975-080Y,8220,DEB,D,CIS,1975-09-05,PLMSC,1975-09-09,,,,,,,EA,IMP
COSMOS 758 DEB,1975-080Z,8221,DEB,D,CIS,1975-09-05,PLMSC,1975-09-09,,,,,,,EA,IMP
COSMOS 758 DEB,1975-080AA,8222,DEB,D,CIS,1975-09-05,PLMSC,1975-09-09,,,,,,,EA,IMP
COSMOS 758 DEB,1975-080AB,8223,DEB,D,CIS,1975-09-05,PLMSC,1975-09-09,,,,,,,EA,IMP
COSMOS 758 DEB,1975-080AC,8224,DEB,D,CIS,1975-09-05,PLMSC,1975-09-09,,,,,,,EA,IMP
COSMOS 758 DEB,1975-080AD,8225,DEB,D,CIS,1975-09-05,PLMSC,1975-09-09,,,,,,,EA,IMP
COSMOS 758 DEB,1975-080AE,8226,DEB,D,CIS,1975-09-05,PLMSC,1975-09-09,,,,,,,EA,IMP
COSMOS 758 DEB,1975-080AF,8227,DEB,D,CIS,1975-09-05,PLMSC,1975-09-09,,,,,,,EA,IMP
COSMOS 758 DEB,1975-080AG,8228,DEB,D,CIS,1975-09-05,PLMSC,1975-09-09,,,,,,,EA,IMP
COSMOS 758 DEB,1975-080AH,8229,DEB,D,CIS,1975-09-05,PLMSC,1975-09-09,,,,,,,EA,IMP
COSMOS 758 DEB,1975-080AJ,8230,DEB,D,CIS,1975-09-05,PLMSC,1975-09-09,,,,,,,EA,IMP
COSMOS 758 DEB,1975-080AK,8231,DEB,D,CIS,1975-09-05,PLMSC,1975-09-09,,,,,,,EA,IMP
COSMOS 758 DEB,1975-080AL,8232,DEB,D,CIS,1975-09-05,PLMSC,1975-09-09,,,,,,,EA,IMP
COSMOS 758 DEB,1975-080AM,8233,DEB,D,CIS,1975-09-05,PLMSC,1975-09-09,,,,,,,EA,IMP
COSMOS 758 DEB,1975-080AN,8234,DEB,D,CIS,1975-09-05,PLMSC,1975-09-09,,,,,,,EA,IMP
COSMOS 758 DEB,1975-080AP,8235,DEB,D,CIS,1975-09-05,PLMSC,1975-09-09,,,,,,,EA,IMP
COSMOS 758 DEB,1975-080AQ,8236,DEB,D,CIS,1975-09-05,PLMSC,1975-09-09,,,,,,,EA,IMP
COSMOS 758 DEB,1975-080AR,8237,DEB,D,CIS,1975-09-05,PLMSC,1975-09-09,,,,,,,EA,IMP
COSMOS 758 DEB,1975-080AS,8238,DEB,D,CIS,1975-09-05,PLMSC,1975-09-09,,,,,,,EA,IMP
COSMOS 758 DEB,1975-080AT,8239,DEB,D,CIS,1975-09-05,PLMSC,1975-09-09,,,,,,,EA,IMP
COSMOS 758 DEB,1975-080AU,8240,DEB,D,CIS,1975-09-05,PLMSC,1975-09-09,,,,,,,EA,IMP
COSMOS 758 DEB,1975-080AV,8241,DEB,D,CIS,1975-09-05,PLMSC,1975-09-09,,,,,,,EA,IMP
COSMOS 758 DEB,1975-080AW,8242,DEB,D,CIS,1975-09-05,PLMSC,1975-09-09,,,,,,,EA,IMP
COSMOS 758 DEB,1975-080AX,8243,DEB,D,CIS,1975-09-05,PLMSC,1975-09-09,,,,,,,EA,IMP
COSMOS 758 DEB,1975-080AY,8244,DEB,D,CIS,1975-09-05,PLMSC,1975-09-09,,,,,,,EA,IMP
COSMOS 758 DEB,1975-080AZ,8245,DEB,D,CIS,1975-09-05,PLMSC,1975-09-09,,,,,,,EA,IMP
COSMOS 758 DEB,1975-080BA,8246,DEB,D,CIS,1975-09-05,PLMSC,1975-09-09,,,,,,,EA,IMP
COSMOS 758 DEB,1975-080BB,8247,DEB,D,CIS,1975-09-05,PLMSC,1975-09-09,,,,,,,EA,IMP
COSMOS 758 DEB,1975-080BC,8248,DEB,D,CIS,1975-09-05,PLMSC,1975-09-09,,,,,,,EA,IMP
COSMOS 758 DEB,1975-080BD,8249,DEB,D,CIS,1975-09-05,PLMSC,1975-09-09,,,,,,,EA,IMP
COSMOS 758 DEB,1975-080BE,8250,DEB,D,CIS,1975-09-05,PLMSC,1975-09-09,,,,,,,EA,IMP
COSMOS 758 DEB,1975-080BF,8251,DEB,D,CIS,1975-09-05,PLMSC,1975-09-09,,,,,,,EA,IMP
COSMOS 758 DEB,1975-080BG,8252,DEB,D,CIS,1975-09-05,PLMSC,1975-09-09,,,,,,,EA,IMP
COSMOS 758 DEB,1975-080BH,8253,DEB,D,CIS,1975-09-05,PLMSC,1975-09-09,,,,,,,EA,IMP
COSMOS 758 DEB,1975-080BJ,8254,DEB,D,CIS,1975-09-05,PLMSC,1975-09-09,,,,,,,EA,IMP
COSMOS 758 DEB,1975-080BK,8255,DEB,D,CIS,1975-09-05,PLMSC,1975-09-09,,,,,,,EA,IMP
COSMOS 758 DEB,1975-080BL,8256,DEB,D,CIS,1975-09-05,PLMSC,1975-09-09,,,,,,,EA,IMP
COSMOS 758 DEB,1975-080BM,8257,DEB,D,CIS,1975-09-05,PLMSC,1975-09-09,,,,,,,EA,IMP
COSMOS 758 DEB,1975-080BN,8258,DEB,D,CIS,1975-09-05,PLMSC,1975-09-09,,,,,,,EA,IMP
COSMOS 758 DEB,1975-080BP,8259,DEB,D,CIS,1975-09-05,PLMSC,1975-09-09,,,,,,,EA,IMP
COSMOS 758 DEB,1975-080BQ,8260,DEB,D,CIS,1975-09-05,PLMSC,1975-09-09,,,,,,,EA,IMP
COSMOS 758 DEB,1975-080BR,8261,DEB,D,CIS,1975-09-05,PLMSC,1975-09-09,,,,,,,EA,IMP
COSMOS 758 DEB,1975-080BS,8262,DEB,D,CIS,1975-09-05,PLMSC,1975-09-09,,,,,,,EA,IMP
COSMOS 758 DEB,1975-080BT,8263,DEB,D,CIS,1975-09-05,PLMSC,1975-09-09,,,,,,,EA,IMP
COSMOS 758 DEB,1975-080BU,8264,DEB,D,CIS,1975-09-05,PLMSC,1975-09-09,,,,,,,EA,IMP
COSMOS 758 DEB,1975-080BV,8265,DEB,D,CIS,1975-09-05,PLMSC,1975-09-09,,,,,,,EA,IMP
COSMOS 758 DEB,1975-080BW,8266,DEB,D,CIS,1975-09-05,PLMSC,1975-09-09,,,,,,,EA,IMP
COSMOS 758 DEB,1975-080BX,8267,DEB,D,CIS,1975-09-05,PLMSC,1975-09-09,,,,,,,EA,IMP
COSMOS 758 DEB,1975-080BY,8268,DEB,D,CIS,1975-09-05,PLMSC,1975-09-09,,,,,,,EA,IMP
COSMOS 758 DEB,1975-080BZ,8269,DEB,D,CIS,1975-09-05,PLMSC,1975-09-09,,,,,,,EA,IMP
COSMOS 758 DEB,1975-080CA,8270,DEB,D,CIS,1975-09-05,PLMSC,1975-09-09,,,,,,,EA,IMP
COSMOS 758 DEB,1975-080CB,8271,DEB,D,CIS,1975-09-05,PLMSC,1975-09-09,,,,,,,EA,IMP
TITAN 3E CENTAUR R/B,1975-083B,8272,R/B,,US,1975-09-09,AFETR,,,,,,,NEA,SU,ORB
COSMOS 758 DEB,1975-080CC,8273,DEB,D,CIS,1975-09-05,PLMSC,1975-09-17,88.12,66.36,197,166,,,EA,IMP
SL-6 R/B(2),1975-079E,8274,R/B,D,CIS,1975-09-02,PLMSC,1986-07-16,117.17,63.65,2966,141,12.3246,,EA,IMP
COSMOS 759,1975-084A,8275,PAY,D,CIS,1975-09-12,PLMSC,1975-09-23,89.47,62.81,270,227,,,EA,IMP
SL-4 R/B,1975-084B,8276,R/B,D,CIS,1975-09-12,PLMSC,1975-09-25,88.35,62.79,197,188,,,EA,IMP
SL-4 DEB,1975-084C,8277,DEB,D,CIS,1975-09-12,PLMSC,1975-09-14,89.29,62.80,262,217,,,EA,IMP
SL-4 DEB,1975-084D,8278,DEB,D,CIS,1975-09-12,PLMSC,1975-09-17,89.33,62.77,264,218,,,EA,IMP
COSMOS 759 DEB,1975-084E,8279,DEB,D,CIS,1975-09-12,PLMSC,1975-09-16,89.56,62.78,271,234,,,EA,IMP
COSMOS 758 DEB,1975-080CD,8280,DEB,D,CIS,1975-09-05,PLMSC,1975-10-03,87.84,67.47,183,152,,,EA,IMP
COSMOS 760,1975-085A,8281,PAY,D,CIS,1975-09-16,TYMSC,1975-09-30,89.56,64.96,335,171,,,EA,IMP
SL-4 R/B,1975-085B,8282,R/B,D,CIS,1975-09-16,TYMSC,1975-09-21,88.00,64.98,200,151,,,EA,IMP
COSMOS 758 DEB,1975-080CE,8283,DEB,D,CIS,1975-09-05,PLMSC,1975-09-26,90.55,67.51,435,167,,,EA,IMP
SL-4 DEB,1975-085C,8284,DEB,D,CIS,1975-09-16,TYMSC,1975-09-18,88.82,65.00,265,168,,,EA,IMP
COSMOS 761,1975-086A,8285,PAY,,CIS,1975-09-17,PLMSC,,114.67,74.01,1482,1399,0.6916,,EA,ORB
COSMOS 762,1975-086B,8286,PAY,,CIS,1975-09-17,PLMSC,,115.12,74.01,1484,1437,0.6730,,EA,ORB
COSMOS 763,1975-086C,8287,PAY,,CIS,1975-09-17,PLMSC,,115.80,74.01,1509,1474,0.7006,,EA,ORB
COSMOS 764,1975-086D,8288,PAY,,CIS,1975-09-17,PLMSC,,116.03,74.01,1525,1479,0.6968,,EA,ORB
COSMOS 765,1975-086E,8289,PAY,,CIS,1975-09-17,PLMSC,,116.29,74.01,1550,1477,0.6420,,EA,ORB
COSMOS 766,1975-086F,8290,PAY,,CIS,1975-09-17,PLMSC,,114.90,74.01,1484,1418,0.6695,,EA,ORB
COSMOS 767,1975-086G,8291,PAY,,CIS,1975-09-17,PLMSC,,115.34,74.01,1486,1455,0.6821,,EA,ORB
COSMOS 768,1975-086H,8292,PAY,,CIS,1975-09-17,PLMSC,,115.56,74.01,1491,1471,0.6694,,EA,ORB
METEOR 1-22,1975-087A,8293,PAY,,CIS,1975-09-18,PLMSC,,101.92,81.25,904,795,4.0482,,EA,ORB
SL-3 R/B,1975-087B,8294,R/B,,CIS,1975-09-18,PLMSC,,102.19,81.22,941,784,6.6575,,EA,ORB
SL-8 R/B,1975-086J,8295,R/B,,CIS,1975-09-17,PLMSC,,117.83,74.01,1685,1483,5.9316,,EA,ORB
COSMOS 769,1975-088A,8322,PAY,D,CIS,1975-09-23,PLMSC,1975-10-05,89.50,72.83,299,201,,,EA,IMP
SL-4 R/B,1975-088B,8323,R/B,D,CIS,1975-09-23,PLMSC,1975-10-02,87.95,72.83,191,155,,,EA,IMP
COSMOS 759 DEB,1975-084F,8324,DEB,D,CIS,1975-09-12,PLMSC,1975-09-26,89.34,62.81,263,221,,,EA,IMP
COSMOS 770,1975-089A,8325,PAY,,CIS,1975-09-24,PLMSC,,109.11,82.96,1206,1165,2.5108,,EA,ORB
SL-8 R/B,1975-089B,8326,R/B,,CIS,1975-09-24,PLMSC,,108.95,82.96,1197,1160,4.9594,,EA,ORB
COSMOS 771,1975-090A,8327,PAY,D,CIS,1975-09-25,PLMSC,1975-10-08,88.83,81.34,223,210,,,EA,IMP
SL-4 R/B,1975-090B,8328,R/B,D,CIS,1975-09-25,PLMSC,1975-09-29,88.08,81.33,182,177,,,EA,IMP
COSMOS 759 DEB,1975-084G,8329,DEB,D,CIS,1975-09-12,PLMSC,1975-09-26,89.04,62.80,231,224,,,EA,IMP
INTELSAT 4A-F1,1975-091A,8330,PAY,-,ITSO,1975-09-26,AFETR,,1441.16,7.73,35910,35862,2.9650,,EA,ORB
ATLAS CENTAUR R/B,1975-091B,8331,R/B,,US,1975-09-26,AFETR,,647.74,21.68,36264,577,15.3363,,EA,ORB
D2B (AURA),1975-092A,8332,PAY,D,FR,1975-09-27,FRGUI,1982-09-30,88.21,37.13,187,184,1.9372,,EA,IMP
DIAMANT B-P4 R/B,1975-092B,8333,R/B,D,FR,1975-09-27,FRGUI,1982-03-30,88.08,37.13,181,177,1.7006,,EA,IMP
COSMOS 760 DEB,1975-085D,8334,DEB,D,CIS,1975-09-16,TYMSC,1975-10-05,88.11,64.96,211,150,,,EA,IMP
COSMOS 760 DEB,1975-085E,8335,DEB,D,CIS,1975-09-16,TYMSC,1975-09-30,88.52,64.97,237,166,,,EA,IMP
DIAMANT B-P4 DEB,1975-092C,8336,DEB,D,FR,1975-09-27,FRGUI,1978-10-17,92.37,37.17,395,387,0.0527,,EA,IMP
DIAMANT B-P4 DEB,1975-092D,8337,DEB,D,FR,1975-09-27,FRGUI,1978-05-16,94.50,37.06,540,449,0.1860,,EA,IMP
COSMOS 772,1975-093A,8338,PAY,D,CIS,1975-09-29,TYMSC,1975-10-02,89.46,51.80,300,196,,,EA,IMP
SL-4 R/B,1975-093B,8339,R/B,D,CIS,1975-09-29,TYMSC,1975-10-06,88.49,51.80,223,177,,,EA,IMP
DIAMANT B-P4 DEB,1975-092E,8340,DEB,D,FR,1975-09-27,FRGUI,1978-10-27,91.88,37.12,372,362,0.0430,,EA,IMP
DIAMANT B-P4 DEB,1975-092F,8341,DEB,D,FR,1975-09-27,FRGUI,1980-01-01,90.70,37.13,333,284,0.0432,,EA,IMP
DIAMANT B-P4 DEB,1975-092G,8342,DEB,D,FR,1975-09-27,FRGUI,1979-11-20,92.44,37.16,424,364,0.0323,,EA,IMP
COSMOS 773,1975-094A,8343,PAY,,CIS,1975-09-30,PLMSC,,100.28,74.05,779,764,2.9864,,EA,ORB
SL-8 R/B,1975-094B,8344,R/B,,CIS,1975-09-30,PLMSC,,99.95,74.05,772,741,3.9920,,EA,ORB
COSMOS 774,1975-095A,8345,PAY,D,CIS,1975-10-01,TYMSC,1975-10-15,89.21,71.35,301,170,,,EA,IMP
SL-8 DEB,1975-094C,8346,DEB,D,CIS,1975-09-30,PLMSC,2004-06-18,87.73,73.97,169,155,0.0112,,EA,IMP
COSMOS 760 DEB,1975-085F,8347,DEB,D,CIS,1975-09-16,TYMSC,1975-10-01,88.69,64.97,251,169,,,EA,IMP
SL-4 R/B,1975-095B,8348,R/B,D,CIS,1975-10-01,TYMSC,1975-10-09,88.36,71.35,216,171,,,EA,IMP
COSMOS 769 DEB,1975-088C,8349,DEB,D,CIS,1975-09-23,PLMSC,1975-10-13,88.84,72.82,247,187,,,EA,IMP
SL-4 DEB,1975-095C,8350,DEB,D,CIS,1975-10-01,TYMSC,1975-10-08,89.79,71.39,328,200,,,EA,IMP
SL-4 DEB,1975-095D,8351,DEB,D,CIS,1975-10-01,TYMSC,1976-06-23,96.97,71.02,906,321,,,EA,IMP
N-1 R/B,1975-082B,8352,R/B,,JPN,1975-09-09,TANSC,,105.80,46.99,1094,969,0.6220,,EA,ORB
EXPLORER 54 (AE-D),1975-096A,8353,PAY,D,US,1975-10-06,AFWTR,1976-03-12,90.43,89.89,489,103,,,EA,IMP
DELTA 1 R/B,1975-096B,8354,R/B,D,US,1975-10-06,AFWTR,1976-04-01,92.50,89.96,663,131,,,EA,IMP
COSMOS 771 DEB,1975-090C,8355,DEB,D,CIS,1975-09-25,PLMSC,1975-10-12,87.93,81.33,174,170,,,EA,IMP
COSMOS 771 DEB,1975-090D,8356,DEB,D,CIS,1975-09-25,PLMSC,1975-10-08,87.84,81.31,167,167,,,EA,IMP
COSMOS 775,1975-097A,8357,PAY,,CIS,1975-10-08,TYMSC,,1436.03,2.20,35831,35740,3.9810,,EA,ORB
SL-12 R/B(1),1975-097B,8358,R/B,D,CIS,1975-10-08,TYMSC,1975-10-10,87.66,51.49,162,155,,,EA,IMP
SL-12 PLAT,1975-097C,8359,DEB,D,CIS,1975-10-08,TYMSC,1975-10-09,87.98,51.48,174,174,,,EA,IMP
OPS 5499,1975-098A,8360,PAY,D,US,1975-10-09,AFWTR,1975-11-30,88.89,96.41,313,126,,,EA,IMP
TIP 2,1975-099A,8361,PAY,D,US,1975-10-12,AFWTR,1991-05-26,87.31,90.34,151,131,3.9465,,EA,IMP
COSMOS 774 DEB,1975-095E,8362,DEB,D,CIS,1975-10-01,TYMSC,1975-10-14,87.67,71.34,174,144,,,EA,IMP
COSMOS 774 DEB,1975-095F,8363,DEB,D,CIS,1975-10-01,TYMSC,1975-10-16,87.81,71.34,187,144,,,EA,IMP
SCOUT D-1 R/B,1975-099B,8364,R/B,D,US,1975-10-12,AFWTR,1978-03-28,88.13,90.70,188,175,1.8315,,EA,IMP
COSMOS 744 DEB,1975-095G,8365,DEB,D,CIS,1975-10-01,TYMSC,1975-10-15,87.81,71.32,179,153,,,EA,IMP
GOES 1 (SMS-C),1975-100A,8366,PAY,-,US,1975-10-16,AFETR,,1435.91,4.45,35802,35764,3.1655,,EA,ORB
DELTA 1 R/B(1),1975-100B,8367,R/B,D,US,1975-10-16,AFETR,1976-01-05,88.31,28.23,229,153,,,EA,IMP
DELTA 1 R/B(2),1975-100C,8368,R/B,D,US,1975-10-16,AFETR,1976-04-30,117.65,23.26,3031,119,7.7770,,EA,IMP
COSMOS 776,1975-101A,8369,PAY,D,CIS,1975-10-17,PLMSC,1975-10-29,89.24,62.83,278,195,,,EA,IMP
SL-4 R/B,1975-101B,8370,R/B,D,CIS,1975-10-17,PLMSC,1975-10-23,88.14,62.84,211,154,,,EA,IMP
DELTA 1 DEB,1975-100D,8371,DEB,D,US,1975-10-16,AFETR,1975-11-11,92.46,28.43,610,181,,,EA,IMP
DELTA 1 DEB,1975-100E,8372,DEB,D,US,1975-10-16,AFETR,1975-11-01,92.45,28.28,603,187,,,EA,IMP
SL-4 DEB,1975-101C,8373,DEB,D,CIS,1975-10-17,PLMSC,1975-11-08,88.61,62.83,233,179,,,EA,IMP
SCOUT D-1 DEB,1975-099C,8409,DEB,D,US,1975-10-12,AFWTR,1978-11-12,92.00,90.80,414,332,0.0899,,EA,IMP
SCOUT D-1 DEB,1975-099D,8410,DEB,D,US,1975-10-12,AFWTR,1976-05-31,88.77,90.67,214,214,,,EA,IMP
VENERA 9 DESCENT CRAFT,1975-050D,8411,PAY,D,CIS,1975-06-08,TYMSC,1975-10-22,,,,,,NIE,VE,IMP
COSMOS 776 DEB,1975-101D,8412,DEB,D,CIS,1975-10-17,PLMSC,1975-11-01,88.52,62.77,214,188,,,EA,IMP
COSMOS 776 DEB,1975-101E,8413,DEB,D,CIS,1975-10-17,PLMSC,1975-10-31,88.86,62.82,250,186,,,EA,IMP
SL-12 R/B(AUX MOTOR),1975-097D,8414,R/B,D,CIS,1975-10-08,TYMSC,1978-03-01,629.28,46.68,35662,232,1.5986,,EA,IMP
SL-12 R/B(AUX MOTOR),1975-097E,8415,R/B,D,CIS,1975-10-08,TYMSC,1978-10-17,632.12,46.73,35751,289,0.4986,,EA,IMP
COSMOS 777,1975-102A,8416,PAY,D,CIS,1975-10-29,TYMSC,1976-06-03,89.48,65.11,256,241,,,EA,IMP
SL-11 R/B,1975-102B,8417,R/B,D,CIS,1975-10-29,TYMSC,1975-10-30,89.39,64.98,372,117,,,EA,IMP
SL-6 R/B(2),1975-081D,8418,R/B,D,CIS,1975-09-09,PLMSC,2019-03-24,90.45,61.78,520,73,7.7801,,EA,IMP
COSMOS 778,1975-103A,8419,PAY,,CIS,1975-11-04,PLMSC,,104.74,82.97,999,965,2.1940,,EA,ORB
COSMOS 779,1975-104A,8420,PAY,D,CIS,1975-11-04,PLMSC,1975-11-18,89.03,62.80,285,169,,,EA,IMP
SL-8 R/B,1975-103B,8421,R/B,,CIS,1975-11-04,PLMSC,,104.57,82.97,991,958,4.5321,,EA,ORB
SL-4 R/B,1975-104B,8422,R/B,D,CIS,1975-11-04,PLMSC,1975-11-10,88.44,62.79,235,159,,,EA,IMP
VENERA 10 DESCENT CRAFT,1975-054D,8423,PAY,D,CIS,1975-06-14,TYMSC,1975-10-25,,,,,,NIE,VE,IMP
MOLNIYA 3-3,1975-105A,8425,PAY,D,CIS,1975-11-14,PLMSC,2017-11-19,90.17,61.07,492,73,15.4225,,EA,IMP
SL-6 R/B(1),1975-105B,8426,R/B,D,CIS,1975-11-14,PLMSC,1975-12-15,88.18,62.78,205,164,,,EA,IMP
SL-6 PLAT,1975-105C,8427,DEB,D,CIS,1975-11-14,PLMSC,1975-12-05,88.10,62.79,203,158,,,EA,IMP
COSMOS 779 DEB,1975-104C,8428,DEB,D,CIS,1975-11-04,PLMSC,1975-11-19,87.95,62.80,198,147,,,EA,IMP
COSMOS 779 DEB,1975-104D,8429,DEB,D,CIS,1975-11-04,PLMSC,1975-11-17,88.31,62.78,215,167,,,EA,IMP
SOYUZ 20,1975-106A,8430,PAY,D,CIS,1975-11-17,TYMSC,1976-02-16,91.30,51.57,342,335,,,EA,LAN
SL-4 R/B,1975-106B,8431,R/B,D,CIS,1975-11-17,TYMSC,1975-11-20,88.48,51.63,217,181,,,EA,IMP
EXPLORER 55 (AE-5),1975-107A,8440,PAY,D,US,1975-11-20,AFETR,1981-06-10,87.19,19.63,135,135,1.5245,,EA,IMP
DELTA 1 R/B,1975-107B,8441,R/B,D,US,1975-11-20,AFETR,1976-03-19,88.51,19.65,270,132,,,EA,IMP
COSMOS 780,1975-108A,8442,PAY,D,CIS,1975-11-21,TYMSC,1975-12-03,89.18,65.01,269,199,,,EA,IMP
SL-4 R/B,1975-108B,8443,R/B,D,CIS,1975-11-21,TYMSC,1975-11-27,87.53,65.01,152,152,,,EA,IMP
COSMOS 781,1975-109A,8444,PAY,D,CIS,1975-11-21,PLMSC,1980-11-26,87.49,73.99,156,143,5.8750,,EA,IMP
SL-8 R/B,1975-109B,8445,R/B,D,CIS,1975-11-21,PLMSC,1980-12-20,88.19,74.00,190,179,16.0830,,EA,IMP
SL-4 DEB,1975-108C,8446,DEB,D,CIS,1975-11-21,TYMSC,1975-11-22,89.37,65.02,286,200,,,EA,IMP
SL-8 DEB,1975-109C,8447,DEB,D,CIS,1975-11-21,PLMSC,1978-06-28,92.52,73.97,405,391,0.0059,,EA,IMP
SL-8 DEB,1975-109D,8448,DEB,D,CIS,1975-11-21,PLMSC,1977-11-25,92.69,74.04,415,398,0.0113,,EA,IMP
SL-8 DEB,1975-109E,8449,DEB,D,CIS,1975-11-21,PLMSC,1977-10-09,91.50,73.96,356,341,0.0102,,EA,IMP
COSMOS 782,1975-110A,8450,PAY,D,CIS,1975-11-25,PLMSC,1975-12-15,90.39,62.81,369,218,,,EA,IMP
SL-4 R/B,1975-110B,8451,R/B,D,CIS,1975-11-25,PLMSC,1975-12-23,88.03,62.79,192,163,,,EA,IMP
FSW-0 1,1975-111A,8452,PAY,D,PRC,1975-11-26,JSC,1975-12-29,87.94,62.93,198,147,,,EA,IMP
CZ-2C R/B,1975-111B,8453,R/B,D,PRC,1975-11-26,JSC,1975-12-22,87.86,62.91,189,149,,,EA,IMP
CZ-2C DEB,1975-111C,8454,DEB,D,PRC,1975-11-26,JSC,1975-11-29,92.11,63.05,615,141,,,EA,IMP
CZ-2C DEB,1975-111D,8455,DEB,D,PRC,1975-11-26,JSC,1975-11-28,91.88,62.95,515,218,,,EA,IMP
CZ-2C DEB,1975-111E,8456,DEB,D,PRC,1975-11-26,JSC,1975-11-28,89.44,62.95,318,175,,,EA,IMP
CZ-2C DEB,1975-111F,8457,DEB,D,PRC,1975-11-26,JSC,1975-11-28,90.07,62.90,381,174,,,EA,IMP
COSMOS 783,1975-112A,8458,PAY,,CIS,1975-11-28,PLMSC,,100.43,74.06,789,770,1.9311,,EA,ORB
SL-8 R/B,1975-112B,8459,R/B,,CIS,1975-11-28,PLMSC,,100.12,74.06,775,754,4.0731,,EA,ORB
COSMOS 780 DEB,1975-108D,8460,DEB,D,CIS,1975-11-21,TYMSC,1975-12-11,87.81,64.96,168,164,,,EA,IMP
COSMOS 780 DEB,1975-108E,8461,DEB,D,CIS,1975-11-21,TYMSC,1975-12-02,88.90,65.01,255,185,,,EA,IMP
SL-6 R/B(2),1975-105D,8462,R/B,D,CIS,1975-11-14,PLMSC,2019-02-05,92.90,61.40,741,92,7.0593,,EA,IMP
COSMOS 784,1975-113A,8463,PAY,D,CIS,1975-12-03,PLMSC,1975-12-15,88.72,81.33,218,205,,,EA,IMP
SL-4 R/B,1975-113B,8464,R/B,D,CIS,1975-12-03,PLMSC,1975-12-07,88.05,81.33,181,175,,,EA,IMP
SL-4 DEB,1975-113C,8465,DEB,D,CIS,1975-12-03,PLMSC,1975-12-04,88.61,81.32,214,197,,,EA,IMP
SL-4 DEB,1975-113D,8466,DEB,D,CIS,1975-12-03,PLMSC,1975-12-08,88.90,81.29,227,212,,,EA,IMP
OPS 4428,1975-114A,8467,PAY,D,US,1975-12-04,AFWTR,1976-04-01,88.76,96.18,269,157,,,EA,IMP
OPS 5547,1975-114B,8468,PAY,D,US,1975-12-04,AFWTR,1978-05-01,87.53,96.20,173,131,2.9572,,EA,IMP
TITAN 3D R/B,1975-114C,8469,R/B,D,US,1975-12-04,AFWTR,1975-12-06,87.82,96.28,186,147,,,EA,IMP
TITAN 3D DEB,1975-114D,8470,DEB,D,US,1975-12-04,AFWTR,1976-06-03,101.22,95.97,1419,214,,,EA,IMP
INTERCOSMOS 14,1975-115A,8471,PAY,D,CIS,1975-12-11,PLMSC,1983-02-27,87.44,73.90,156,139,7.1116,,EA,IMP
SL-8 R/B,1975-115B,8472,R/B,D,CIS,1975-12-11,PLMSC,1982-11-28,87.47,73.89,164,134,17.6741,,EA,IMP
COSMOS 785,1975-116A,8473,PAY,,CIS,1975-12-12,TYMSC,,104.17,65.08,1025,886,2.6800,,EA,ORB
SL-8 DEB,1975-115C,8474,DEB,D,CIS,1975-12-11,PLMSC,1978-11-11,98.44,73.03,1019,349,0.0763,,EA,IMP
SL-8 DEB,1975-115D,8475,DEB,D,CIS,1975-12-11,PLMSC,1982-05-30,89.94,73.86,278,265,0.0172,,EA,IMP
SATCOM 1,1975-117A,8476,PAY,,US,1975-12-13,AFETR,,1445.68,7.86,36041,35907,1.9651,,EA,ORB
COSMOS 785 DEB [ANTENNA],1975-116B,8477,DEB,D,CIS,1975-12-12,TYMSC,1975-12-14,89.41,64.90,263,227,,,EA,IMP
DELTA 1 R/B(1),1975-117B,8478,R/B,D,US,1975-12-13,AFETR,1976-08-07,88.49,28.34,246,153,,,EA,IMP
DELTA 1 R/B(2),1975-117C,8479,R/B,D,US,1975-12-13,AFETR,1986-01-28,88.73,26.77,274,150,3.1010,,EA,IMP
COSMOS 785 DEB [PELPS],1975-116C,8480,DEB,D,CIS,1975-12-12,TYMSC,1976-02-05,87.51,64.98,151,151,,,EA,IMP
COSMOS 784 DEB,1975-113E,8481,DEB,D,CIS,1975-12-03,PLMSC,1975-12-15,87.61,81.30,157,155,,,EA,IMP
OPS 3165 (DSP 5),1975-118A,8482,PAY,-,US,1975-12-14,AFETR,,1433.33,2.13,35870,35595,,,EA,ORB
TITAN 3C R/B(1),1975-118B,8483,R/B,D,US,1975-12-14,AFETR,1975-12-19,87.91,28.59,202,140,,,EA,IMP
COSMOS 784 DEB,1975-113F,8484,DEB,D,CIS,1975-12-03,PLMSC,1975-12-20,88.70,81.32,214,207,,,EA,IMP
COSMOS 784 DEB,1975-113G,8485,DEB,D,CIS,1975-12-03,PLMSC,1975-12-21,87.21,81.25,167,106,,,EA,IMP
COSMOS 782 DEB,1975-110C,8486,DEB,D,CIS,1975-11-25,PLMSC,1975-12-31,88.60,62.75,223,187,,,EA,IMP
COSMOS 782 DEB,1975-110D,8487,DEB,D,CIS,1975-11-25,PLMSC,1976-02-10,88.06,62.81,178,178,,,EA,IMP
JSSW-2,1975-119A,8488,PAY,D,PRC,1975-12-16,JSC,1976-01-27,87.21,68.99,146,126,,,EA,IMP
COSMOS 786,1975-120A,8489,PAY,D,CIS,1975-12-16,TYMSC,1975-12-29,89.11,64.99,292,169,,,EA,IMP
SL-4 R/B,1975-120B,8490,R/B,D,CIS,1975-12-16,TYMSC,1975-12-21,88.33,65.01,225,159,,,EA,IMP
CZ-2B R/B,1975-119B,8491,R/B,D,PRC,1975-12-16,JSC,1976-01-10,88.31,69.00,219,162,,,EA,IMP
MOLNIYA 2-15,1975-121A,8492,PAY,D,CIS,1975-12-17,PLMSC,1990-06-28,100.53,62.83,1494,73,15.5949,,EA,IMP
SL-6 R/B(1),1975-121B,8493,R/B,D,CIS,1975-12-17,PLMSC,1976-01-14,88.09,62.80,189,171,,,EA,IMP
SL-6 PLAT,1975-121C,8494,DEB,D,CIS,1975-12-17,PLMSC,1976-01-11,88.03,62.81,200,154,,,EA,IMP
PROGNOZ 4,1975-122A,8510,PAY,D,CIS,1975-12-22,TYMSC,1977-12-18,91.50,65.04,465,232,,,EA,IMP
SL-6 R/B,1975-122B,8511,R/B,D,CIS,1975-12-22,TYMSC,1976-02-22,87.84,64.99,178,157,,,EA,IMP
SL-6 PLAT,1975-122C,8512,DEB,D,CIS,1975-12-22,TYMSC,1976-02-09,88.31,64.99,215,167,,,EA,IMP
RADUGA 1,1975-123A,8513,PAY,-,CIS,1975-12-22,TYMSC,,1436.28,2.64,35812,35768,2.5118,,EA,ORB
SL-12 PLAT,1975-123B,8514,DEB,D,CIS,1975-12-22,TYMSC,1975-12-22,87.94,51.46,198,147,,,EA,IMP
SL-12 R/B(1),1975-123C,8515,R/B,D,CIS,1975-12-22,TYMSC,1975-12-25,87.44,51.47,150,145,,,EA,IMP
TITAN 3C TRANSTAGE R/B,1975-118C,8516,R/B,,US,1975-12-14,AFETR,,1432.21,2.11,35760,35661,,,EA,ORB
OPS 3165 DEB,1975-118D,8517,DEB,,US,1975-12-14,AFETR,,,,,,,NEA,EA,ORB
COSMOS 782 DEB,1975-110E,8518,DEB,D,CIS,1975-11-25,PLMSC,1976-01-26,89.77,62.78,289,237,,,EA,IMP
METEOR 1-23,1975-124A,8519,PAY,,CIS,1975-12-25,PLMSC,,102.03,81.24,865,845,3.9958,,EA,ORB
SL-3 R/B,1975-124B,8520,R/B,,CIS,1975-12-25,PLMSC,,102.17,81.29,884,838,6.0657,,EA,ORB
MOLNIYA 3-4,1975-125A,8521,PAY,D,CIS,1975-12-27,PLMSC,1986-10-17,91.16,63.42,584,79,18.6654,,EA,IMP
SL-6 R/B(1),1975-125B,8522,R/B,D,CIS,1975-12-27,PLMSC,1976-01-23,88.36,62.75,217,170,,,EA,IMP
COSMOS 786 DEB,1975-120C,8523,DEB,D,CIS,1975-12-16,TYMSC,1976-01-03,88.11,65.00,209,152,,,EA,IMP
COSMOS 786 DEB,1975-120D,8524,DEB,D,CIS,1975-12-16,TYMSC,1975-12-29,88.42,64.98,228,164,,,EA,IMP
SL-6 PLAT,1975-125C,8525,DEB,D,CIS,1975-12-27,PLMSC,1976-01-19,87.79,62.83,187,143,,,EA,IMP
SL-6 DEB,1975-125D,8526,DEB,D,CIS,1975-12-27,PLMSC,1975-12-28,90.82,62.77,422,208,,,EA,IMP
SL-6 DEB,1975-125E,8527,DEB,D,CIS,1975-12-27,PLMSC,1976-01-08,89.85,62.83,344,191,,,EA,IMP
COSMOS 786 DEB,1975-120E,8528,DEB,D,CIS,1975-12-16,TYMSC,1975-12-30,88.68,65.01,258,160,,,EA,IMP
SL-6 R/B(2),1975-121D,8529,R/B,D,CIS,1975-12-17,PLMSC,1986-10-13,616.13,63.92,35125,89,7.2840,,EA,IMP
SL-12 R/B(AUX MOTOR),1975-123D,8546,R/B,,CIS,1975-12-22,TYMSC,,360.29,46.08,20399,390,0.6729,,EA,ORB
SL-12 R/B(AUX MOTOR),1975-123E,8547,R/B,D,CIS,1975-12-22,TYMSC,1997-05-04,88.20,46.39,247,124,0.7680,,EA,IMP
SL-6 R/B(2),1975-049F,8548,R/B,D,CIS,1975-06-05,PLMSC,1990-10-13,94.26,62.60,869,97,13.8300,,EA,IMP
DELTA 1 R/B(2),1975-011G,8559,R/B,D,US,1975-02-06,AFETR,1998-12-06,88.31,23.27,230,151,0.1310,,EA,IMP
SL-6 R/B(2),1975-125F,8600,R/B,D,CIS,1975-12-27,PLMSC,1986-07-30,91.37,63.79,607,77,5.5300,,EA,IMP
COSMOS 777 DEB,1975-102C,8622,DEB,D,CIS,1975-10-29,TYMSC,1977-03-11,90.27,64.97,298,278,,,EA,IMP
COSMOS 777 DEB,1975-102D,8623,DEB,D,CIS,1975-10-29,TYMSC,1976-12-13,91.58,65.01,376,328,,,EA,IMP
COSMOS 777 DEB,1975-102E,8624,DEB,D,CIS,1975-10-29,TYMSC,1976-11-15,90.85,64.87,318,315,,,EA,IMP
COSMOS 777 DEB,1975-102F,8625,DEB,D,CIS,1975-10-29,TYMSC,1976-03-15,91.68,65.03,372,342,,,EA,IMP
COSMOS 777 DEB,1975-102G,8626,DEB,D,CIS,1975-10-29,TYMSC,1977-01-08,91.39,64.86,374,311,,,EA,IMP
COSMOS 777 DEB,1975-102H,8627,DEB,D,CIS,1975-10-29,TYMSC,1977-02-23,93.62,64.85,531,373,0.0089,,EA,IMP
COSMOS 777 DEB,1975-102J,8628,DEB,D,CIS,1975-10-29,TYMSC,1976-11-15,91.76,64.80,384,337,,,EA,IMP
COSMOS 777 DEB,1975-102K,8629,DEB,D,CIS,1975-10-29,TYMSC,1976-11-15,91.07,64.94,342,312,,,EA,IMP
COSMOS 777 DEB,1975-102L,8630,DEB,D,CIS,1975-10-29,TYMSC,1976-08-19,91.74,65.04,375,345,,,EA,IMP
COSMOS 777 DEB,1975-102M,8631,DEB,D,CIS,1975-10-29,TYMSC,1977-08-21,91.44,65.83,345,345,0.0260,,EA,IMP
COSMOS 777 DEB,1975-102N,8632,DEB,D,CIS,1975-10-29,TYMSC,1977-07-20,91.18,65.75,332,332,0.0042,,EA,IMP
COSMOS 777 DEB,1975-102P,8633,DEB,D,CIS,1975-10-29,TYMSC,1976-12-09,88.70,62.76,219,202,,,EA,IMP
COSMOS 777 DEB,1975-102Q,8634,DEB,D,CIS,1975-10-29,TYMSC,1976-12-04,90.87,64.87,331,303,0.0290,,EA,IMP
COSMOS 777 DEB,1975-102R,8635,DEB,D,CIS,1975-10-29,TYMSC,1976-11-15,91.55,64.93,370,331,,,EA,IMP
COSMOS 777 DEB,1975-102S,8636,DEB,D,CIS,1975-10-29,TYMSC,1977-01-20,90.16,65.13,284,280,,,EA,IMP
COSMOS 777 DEB,1975-102T,8637,DEB,D,CIS,1975-10-29,TYMSC,1977-04-04,91.51,64.87,377,320,0.0090,,EA,IMP
COSMOS 777 DEB,1975-102U,8638,DEB,D,CIS,1975-10-29,TYMSC,1976-03-14,91.88,64.48,475,259,,,EA,IMP
COSMOS 777 DEB,1975-102V,8639,DEB,D,CIS,1975-10-29,TYMSC,1976-12-04,91.74,64.86,383,337,,,EA,IMP
COSMOS 777 DEB,1975-102W,8640,DEB,D,CIS,1975-10-29,TYMSC,1976-11-15,91.58,64.83,366,338,,,EA,IMP
COSMOS 777 DEB,1975-102X,8641,DEB,D,CIS,1975-10-29,TYMSC,1977-06-30,90.71,65.78,310,309,0.0180,,EA,IMP
COSMOS 777 DEB,1975-102Y,8642,DEB,D,CIS,1975-10-29,TYMSC,1976-11-15,91.09,64.90,336,320,,,EA,IMP
COSMOS 777 DEB,1975-102Z,8643,DEB,D,CIS,1975-10-29,TYMSC,1976-12-04,90.98,64.96,327,318,,,EA,IMP
COSMOS 777 DEB,1975-102AA,8644,DEB,D,CIS,1975-10-29,TYMSC,1977-01-08,89.12,65.05,231,231,,,EA,IMP
COSMOS 777 DEB,1975-102AB,8647,DEB,D,CIS,1975-10-29,TYMSC,1978-06-05,90.56,65.02,312,293,0.3116,,EA,IMP
COSMOS 777 DEB,1975-102AC,8648,DEB,D,CIS,1975-10-29,TYMSC,1979-04-18,88.36,64.97,201,186,8.9016,,EA,IMP
COSMOS 777 DEB,1975-102AD,8649,DEB,D,CIS,1975-10-29,TYMSC,1977-06-18,91.68,65.85,357,357,0.0063,,EA,IMP
COSMOS 777 DEB,1975-102AE,8650,DEB,D,CIS,1975-10-29,TYMSC,1976-03-27,91.83,65.04,376,353,,,EA,IMP
COSMOS 777 DEB,1975-102AF,8651,DEB,D,CIS,1975-10-29,TYMSC,1977-03-16,92.83,65.09,425,401,0.0660,,EA,IMP
COSMOS 777 DEB,1975-102AG,8652,DEB,D,CIS,1975-10-29,TYMSC,1976-11-20,90.09,65.05,279,279,,,EA,IMP
COSMOS 777 DEB,1975-102AH,8653,DEB,D,CIS,1975-10-29,TYMSC,1976-12-13,92.22,65.09,409,357,,,EA,IMP
COSMOS 777 DEB,1975-102AJ,8654,DEB,D,CIS,1975-10-29,TYMSC,1976-11-15,90.82,64.85,327,303,,,EA,IMP
COSMOS 777 DEB,1975-102AK,8655,DEB,D,CIS,1975-10-29,TYMSC,1977-01-26,91.06,64.83,340,313,,,EA,IMP
COSMOS 777 DEB,1975-102AL,8656,DEB,D,CIS,1975-10-29,TYMSC,1977-10-30,91.81,65.81,380,346,0.0030,,EA,IMP
COSMOS 777 DEB,1975-102AM,8657,DEB,D,CIS,1975-10-29,TYMSC,1976-12-13,91.37,64.86,363,321,,,EA,IMP
DELTA 1 DEB,1975-004C,8675,DEB,D,US,1975-01-22,AFWTR,1990-09-18,92.00,98.33,382,363,0.1526,,EA,IMP
DELTA 1 DEB,1975-004D,8676,DEB,D,US,1975-01-22,AFWTR,1979-11-05,96.48,97.79,610,570,0.0769,,EA,IMP
DELTA 1 DEB,1975-004E,8677,DEB,D,US,1975-01-22,AFWTR,1979-09-14,94.15,97.98,489,465,0.0792,,EA,IMP
DELTA 1 DEB,1975-004F,8678,DEB,,US,1975-01-22,AFWTR,,102.10,97.63,984,732,0.0500,,EA,ORB
DELTA 1 DEB,1975-004G,8679,DEB,,US,1975-01-22,AFWTR,,96.05,98.73,638,500,0.0086,,EA,ORB
DELTA 1 DEB,1975-004H,8680,DEB,D,US,1975-01-22,AFWTR,1979-02-10,96.53,97.96,635,550,0.0555,,EA,IMP
DELTA 1 DEB,1975-004J,8682,DEB,,US,1975-01-22,AFWTR,,101.35,97.73,930,715,0.0746,,EA,ORB
DELTA 1 DEB,1975-004K,8683,DEB,D,US,1975-01-22,AFWTR,1977-04-05,91.13,98.59,338,322,0.0770,,EA,IMP
DELTA 1 DEB,1975-004L,8684,DEB,D,US,1975-01-22,AFWTR,1979-12-28,91.71,97.85,385,332,0.0732,,EA,IMP
DELTA 1 DEB,1975-004M,8685,DEB,,US,1975-01-22,AFWTR,,99.09,97.96,749,681,0.4261,,EA,ORB
DELTA 1 DEB,1975-004N,8687,DEB,D,US,1975-01-22,AFWTR,1977-02-18,93.30,96.68,494,378,0.1460,,EA,IMP
DELTA 1 DEB,1975-004P,8691,DEB,D,US,1975-01-22,AFWTR,1982-05-22,100.60,97.39,853,738,0.0198,,EA,IMP
DELTA 1 DEB,1975-004Q,8692,DEB,D,US,1975-01-22,AFWTR,1989-08-28,88.27,97.88,200,177,0.1100,,EA,IMP
DELTA 1 DEB,1975-004R,8693,DEB,D,US,1975-01-22,AFWTR,1981-08-29,100.11,98.23,869,658,0.0114,,EA,IMP
COSMOS 777 DEB,1975-102AN,8711,DEB,D,CIS,1975-10-29,TYMSC,1976-12-14,91.65,64.96,372,338,,,EA,IMP
COSMOS 777 DEB,1975-102AP,8712,DEB,D,CIS,1975-10-29,TYMSC,1977-05-01,88.86,64.85,218,218,9.1432,,EA,IMP
COSMOS 777 DEB,1975-102AQ,8713,DEB,D,CIS,1975-10-29,TYMSC,1976-05-04,93.27,64.90,465,404,,,EA,IMP
COSMOS 777 DEB,1975-102AR,8714,DEB,D,CIS,1975-10-29,TYMSC,1976-11-20,91.42,64.99,356,332,,,EA,IMP
COSMOS 777 DEB,1975-102AS,8715,DEB,D,CIS,1975-10-29,TYMSC,1977-02-09,91.53,64.85,377,322,0.1021,,EA,IMP
COSMOS 777 DEB,1975-102AT,8716,DEB,D,CIS,1975-10-29,TYMSC,1976-12-04,91.99,64.90,405,339,,,EA,IMP
COSMOS 777 DEB,1975-102AU,8717,DEB,D,CIS,1975-10-29,TYMSC,1977-02-23,92.09,64.84,410,344,0.0710,,EA,IMP
COSMOS 777 DEB,1975-102AV,8718,DEB,D,CIS,1975-10-29,TYMSC,1976-12-13,90.58,64.94,323,282,,,EA,IMP
COSMOS 777 DEB,1975-102AW,8719,DEB,D,CIS,1975-10-29,TYMSC,1976-12-13,91.62,64.92,367,340,,,EA,IMP
COSMOS 777 DEB,1975-102AX,8720,DEB,D,CIS,1975-10-29,TYMSC,1977-02-25,92.16,65.00,415,345,0.0181,,EA,IMP
COSMOS 777 DEB,1975-102AY,8721,DEB,D,CIS,1975-10-29,TYMSC,1976-03-03,91.54,65.05,482,219,,,EA,IMP
COSMOS 777 DEB,1975-102AZ,8722,DEB,D,CIS,1975-10-29,TYMSC,1976-12-07,92.07,64.94,411,341,,,EA,IMP
COSMOS 777 DEB,1975-102BA,8723,DEB,D,CIS,1975-10-29,TYMSC,1977-04-21,93.49,65.80,483,408,0.0166,,EA,IMP
COSMOS 777 DEB,1975-102BB,8724,DEB,D,CIS,1975-10-29,TYMSC,1976-11-15,91.09,66.23,442,214,,,EA,IMP
COSMOS 777 DEB,1975-102BC,8725,DEB,D,CIS,1975-10-29,TYMSC,1976-05-06,93.99,64.95,508,432,,,EA,IMP
COSMOS 777 DEB,1975-102BD,8726,DEB,D,CIS,1975-10-29,TYMSC,1976-04-20,91.05,65.05,335,317,,,EA,IMP
COSMOS 777 DEB,1975-102BE,8727,DEB,D,CIS,1975-10-29,TYMSC,1976-11-15,91.69,64.89,383,331,,,EA,IMP
COSMOS 777 DEB,1975-102BF,8728,DEB,D,CIS,1975-10-29,TYMSC,1976-03-29,91.29,65.23,385,291,,,EA,IMP
COSMOS 777 DEB,1975-102BG,8729,DEB,D,CIS,1975-10-29,TYMSC,1977-01-08,90.49,64.88,305,292,,,EA,IMP
COSMOS 777 DEB,1975-102BH,8730,DEB,D,CIS,1975-10-29,TYMSC,1976-12-13,92.10,64.88,403,352,,,EA,IMP
COSMOS 777 DEB,1975-102BJ,8731,DEB,D,CIS,1975-10-29,TYMSC,1977-11-05,90.45,65.00,313,280,,,EA,IMP
COSMOS 777 DEB,1975-102BK,8732,DEB,D,CIS,1975-10-29,TYMSC,1976-09-08,90.23,65.16,304,267,,,EA,IMP
COSMOS 777 DEB,1975-102BL,8733,DEB,D,CIS,1975-10-29,TYMSC,1977-01-08,90.80,65.03,324,304,,,EA,IMP
COSMOS 777 DEB,1975-102BM,8734,DEB,D,CIS,1975-10-29,TYMSC,1977-01-27,90.37,65.10,302,283,,,EA,IMP
COSMOS 777 DEB,1975-102BN,8735,DEB,D,CIS,1975-10-29,TYMSC,1976-04-25,91.52,65.13,443,255,,,EA,IMP
COSMOS 777 DEB,1975-102BP,8736,DEB,D,CIS,1975-10-29,TYMSC,1977-06-09,90.62,64.92,319,291,0.1019,,EA,IMP
SL-8 DEB,1975-094D,8757,DEB,D,CIS,1975-09-30,PLMSC,2024-12-09,88.79,73.98,220,210,0.0153,,EA,IMP
SL-8 DEB,1975-115E,8765,DEB,D,CIS,1975-12-11,PLMSC,1981-04-13,105.37,72.37,1614,410,0.0959,,EA,IMP
SL-8 DEB,1975-115F,8766,DEB,D,CIS,1975-12-11,PLMSC,1978-05-29,98.78,72.61,1047,354,0.1779,,EA,IMP
SL-8 DEB,1975-109F,8776,DEB,D,CIS,1975-11-21,PLMSC,1977-11-18,91.85,74.01,367,364,0.0075,,EA,IMP
SL-8 DEB,1975-109G,8777,DEB,D,CIS,1975-11-21,PLMSC,1978-07-18,92.81,74.10,419,405,0.0030,,EA,IMP
DELTA 1 DEB,1975-004S,8936,DEB,D,US,1975-01-22,AFWTR,1978-11-20,94.10,98.04,495,455,0.0742,,EA,IMP
DELTA 1 DEB,1975-004T,8937,DEB,D,US,1975-01-22,AFWTR,1979-12-09,90.80,97.57,338,290,0.0386,,EA,IMP
DELTA 1 DEB,1975-004U,8938,DEB,D,US,1975-01-22,AFWTR,1978-04-18,96.45,96.92,633,545,0.0692,,EA,IMP
DELTA 1 DEB,1975-004V,8939,DEB,D,US,1975-01-22,AFWTR,1981-05-05,89.73,98.04,269,253,0.0440,,EA,IMP
DELTA 1 DEB,1975-004W,8940,DEB,D,US,1975-01-22,AFWTR,1999-04-03,88.39,98.28,198,192,0.0232,,EA,IMP
DELTA 1 DEB,1975-004X,8941,DEB,D,US,1975-01-22,AFWTR,1978-04-18,95.69,99.36,608,496,0.2134,,EA,IMP
DELTA 1 DEB,1975-004Y,8942,DEB,D,US,1975-01-22,AFWTR,1981-09-26,98.10,96.11,746,590,0.0369,,EA,IMP
DELTA 1 DEB,1975-004Z,8943,DEB,D,US,1975-01-22,AFWTR,1982-07-17,91.94,98.30,397,343,0.0985,,EA,IMP
DELTA 1 DEB,1975-004AA,8944,DEB,D,US,1975-01-22,AFWTR,1980-02-18,89.68,97.82,264,253,0.1093,,EA,IMP
DELTA 1 DEB,1975-004AB,8945,DEB,D,US,1975-01-22,AFWTR,1980-04-25,91.02,98.00,338,311,0.0205,,EA,IMP
DELTA 1 DEB,1975-004AC,8946,DEB,D,US,1975-01-22,AFWTR,1978-07-15,96.02,100.01,585,550,0.0121,,EA,IMP
DELTA 1 DEB,1975-004AD,8947,DEB,D,US,1975-01-22,AFWTR,1981-04-08,89.18,98.32,256,212,0.1482,,EA,IMP
DELTA 1 DEB,1975-004AE,8948,DEB,D,US,1975-01-22,AFWTR,1981-08-10,88.94,98.91,227,217,0.0538,,EA,IMP
DELTA 1 DEB,1975-004AF,8949,DEB,D,US,1975-01-22,AFWTR,1979-04-06,94.91,97.26,639,390,0.0053,,EA,IMP
DELTA 1 DEB,1975-004AG,8950,DEB,D,US,1975-01-22,AFWTR,1981-12-19,91.87,97.86,386,346,0.0862,,EA,IMP
DELTA 1 DEB,1975-004AH,8951,DEB,,US,1975-01-22,AFWTR,,97.94,98.06,679,641,0.0400,,EA,ORB
DELTA 1 DEB,1975-004AJ,8952,DEB,D,US,1975-01-22,AFWTR,1979-03-29,92.34,97.83,405,373,0.1193,,EA,IMP
DELTA 1 DEB,1975-004AK,8953,DEB,D,US,1975-01-22,AFWTR,1989-06-07,87.85,98.13,175,161,0.0349,,EA,IMP
DELTA 1 DEB,1975-004AL,8954,DEB,,US,1975-01-22,AFWTR,,99.59,97.73,822,655,0.0560,,EA,ORB
DELTA 1 DEB,1975-004AM,8955,DEB,D,US,1975-01-22,AFWTR,1977-06-23,90.17,98.27,320,245,0.1892,,EA,IMP
DELTA 1 DEB,1975-004AN,8956,DEB,,US,1975-01-22,AFWTR,,96.84,98.37,625,590,1.5330,,EA,ORB
DELTA 1 DEB,1975-004AP,8957,DEB,D,US,1975-01-22,AFWTR,1979-11-04,96.76,97.95,631,575,0.0737,,EA,IMP
DELTA 1 DEB,1975-004AQ,8958,DEB,,US,1975-01-22,AFWTR,,98.37,98.05,704,658,0.0981,,EA,ORB
DELTA 1 DEB,1975-004AR,8959,DEB,,US,1975-01-22,AFWTR,,99.48,98.69,778,690,0.0935,,EA,ORB
DELTA 1 DEB,1975-004AS,8960,DEB,D,US,1975-01-22,AFWTR,1992-03-08,89.74,97.46,273,250,0.0460,,EA,IMP
DELTA 1 DEB,1975-004AT,8961,DEB,D,US,1975-01-22,AFWTR,1979-04-24,94.31,96.51,505,465,0.0379,,EA,IMP
DELTA 1 DEB,1975-004AU,8962,DEB,D,US,1975-01-22,AFWTR,1979-12-29,94.59,97.57,522,475,0.0901,,EA,IMP
DELTA 1 DEB,1975-004AV,8963,DEB,D,US,1975-01-22,AFWTR,2002-06-14,88.28,98.41,202,178,0.0495,,EA,IMP
DELTA 1 DEB,1975-004AW,8964,DEB,,US,1975-01-22,AFWTR,,100.31,97.67,847,700,0.2334,,EA,ORB
DELTA 1 DEB,1975-004AX,8965,DEB,D,US,1975-01-22,AFWTR,1978-11-03,91.87,98.00,403,329,0.1161,,EA,IMP
DELTA 1 DEB,1975-004AY,8966,DEB,D,US,1975-01-22,AFWTR,1978-11-09,91.29,97.80,357,319,0.0641,,EA,IMP
DELTA 1 DEB,1975-004AZ,8967,DEB,D,US,1975-01-22,AFWTR,1989-10-16,89.63,97.54,264,249,0.1487,,EA,IMP
DELTA 1 DEB,1975-004BA,8968,DEB,,US,1975-01-22,AFWTR,,100.81,97.66,890,704,0.0972,,EA,ORB
DELTA 1 DEB,1975-004BB,8969,DEB,,US,1975-01-22,AFWTR,,100.11,97.69,845,682,0.0297,,EA,ORB
DELTA 1 DEB,1975-004BC,8970,DEB,,US,1975-01-22,AFWTR,,99.45,97.32,804,660,0.0427,,EA,ORB
DELTA 1 DEB,1975-004BD,8971,DEB,D,US,1975-01-22,AFWTR,1979-10-23,96.04,96.80,601,536,0.1588,,EA,IMP
DELTA 1 DEB,1975-004BE,8972,DEB,D,US,1975-01-22,AFWTR,1979-11-05,97.86,98.00,739,574,0.1281,,EA,IMP
DELTA 1 DEB,1975-004BF,8973,DEB,D,US,1975-01-22,AFWTR,1980-01-13,95.50,97.42,601,485,0.0692,,EA,IMP
DELTA 1 DEB,1975-004BG,8974,DEB,D,US,1975-01-22,AFWTR,1977-01-31,93.21,98.72,488,375,0.1760,,EA,IMP
DELTA 1 DEB,1975-004BH,8975,DEB,D,US,1975-01-22,AFWTR,1979-09-04,90.38,97.57,313,274,0.0497,,EA,IMP
DELTA 1 DEB,1975-004BJ,8976,DEB,D,US,1975-01-22,AFWTR,1979-11-21,91.07,99.00,346,307,0.0844,,EA,IMP
DELTA 1 DEB,1975-004BK,8977,DEB,D,US,1975-01-22,AFWTR,1981-07-28,89.57,98.80,260,246,0.0770,,EA,IMP
DELTA 1 DEB,1975-004BL,8978,DEB,,US,1975-01-22,AFWTR,,96.76,97.79,622,585,0.1470,,EA,ORB
DELTA 1 DEB,1975-004BM,8979,DEB,D,US,1975-01-22,AFWTR,2000-11-10,87.93,97.70,178,166,0.3148,,EA,IMP
DELTA 1 DEB,1975-004BN,8980,DEB,,US,1975-01-22,AFWTR,,98.07,97.90,694,639,0.3048,,EA,ORB
DELTA 1 DEB,1975-004BP,8981,DEB,,US,1975-01-22,AFWTR,,99.37,97.67,806,650,0.0330,,EA,ORB
DELTA 1 DEB,1975-004BQ,8982,DEB,D,US,1975-01-22,AFWTR,1980-06-23,92.11,96.01,401,355,0.0163,,EA,IMP
DELTA 1 DEB,1975-004BR,8983,DEB,D,US,1975-01-22,AFWTR,1979-09-11,92.15,97.71,413,347,0.3197,,EA,IMP
DELTA 1 DEB,1975-004BS,8984,DEB,D,US,1975-01-22,AFWTR,1979-11-23,91.04,98.03,341,311,0.0320,,EA,IMP
DELTA 1 DEB,1975-004BT,8985,DEB,D,US,1975-01-22,AFWTR,1979-05-30,94.56,97.59,519,476,0.0410,,EA,IMP
DELTA 1 DEB,1975-004BU,8986,DEB,D,US,1975-01-22,AFWTR,1979-10-17,95.36,97.75,563,510,0.0398,,EA,IMP
DELTA 1 DEB,1975-004BV,8987,DEB,D,US,1975-01-22,AFWTR,1979-12-16,97.20,97.88,645,604,0.0457,,EA,IMP
DELTA 1 DEB,1975-004BW,8988,DEB,D,US,1975-01-22,AFWTR,1979-04-25,96.27,97.58,597,563,0.0701,,EA,IMP
DELTA 1 DEB,1975-004BX,8989,DEB,D,US,1975-01-22,AFWTR,1978-08-16,92.40,98.37,397,388,0.0733,,EA,IMP
DELTA 1 DEB,1975-004BY,8990,DEB,D,US,1975-01-22,AFWTR,1982-02-27,89.16,98.07,238,228,0.0648,,EA,IMP
DELTA 1 DEB,1975-004BZ,8991,DEB,D,US,1975-01-22,AFWTR,1983-12-09,88.50,98.84,203,198,0.1967,,EA,IMP
DELTA 1 DEB,1975-004CA,8992,DEB,D,US,1975-01-22,AFWTR,1981-04-23,90.56,98.03,316,288,0.0395,,EA,IMP
DELTA 1 DEB,1975-004CB,8993,DEB,D,US,1975-01-22,AFWTR,1986-12-01,88.60,98.63,212,198,0.3186,,EA,IMP
DELTA 1 DEB,1975-004CC,8994,DEB,D,US,1975-01-22,AFWTR,1979-06-16,94.41,97.81,499,482,0.0595,,EA,IMP
DELTA 1 DEB,1975-004CD,8995,DEB,D,US,1975-01-22,AFWTR,1986-10-11,90.09,98.78,292,266,0.0136,,EA,IMP
DELTA 1 DEB,1975-004CE,8996,DEB,D,US,1975-01-22,AFWTR,1983-12-10,89.07,98.24,234,223,0.0433,,EA,IMP
DELTA 1 DEB,1975-004CF,8997,DEB,D,US,1975-01-22,AFWTR,1998-01-18,88.04,98.32,181,173,0.2917,,EA,IMP
DELTA 1 DEB,1975-004CG,8998,DEB,D,US,1975-01-22,AFWTR,1979-03-24,91.09,97.67,357,299,0.5709,,EA,IMP
DELTA 1 DEB,1975-004CH,8999,DEB,D,US,1975-01-22,AFWTR,1982-05-08,89.49,98.11,254,244,0.0293,,EA,IMP
DELTA 1 DEB,1975-004CJ,9000,DEB,D,US,1975-01-22,AFWTR,1991-12-13,89.02,98.02,233,219,0.1450,,EA,IMP
DELTA 1 DEB,1975-004CK,9001,DEB,D,US,1975-01-22,AFWTR,1980-02-20,91.88,98.01,382,351,0.0033,,EA,IMP
DELTA 1 DEB,1975-004CL,9002,DEB,D,US,1975-01-22,AFWTR,1980-12-26,89.94,98.02,277,267,0.0681,,EA,IMP
DELTA 1 DEB,1975-004CM,9003,DEB,,US,1975-01-22,AFWTR,,96.49,98.30,606,575,0.0407,,EA,ORB
DELTA 1 DEB,1975-004CN,9004,DEB,D,US,1975-01-22,AFWTR,1977-07-03,90.84,97.44,353,278,0.0080,,EA,IMP
DELTA 1 DEB,1975-004CP,9005,DEB,D,US,1975-01-22,AFWTR,1981-01-08,95.40,97.72,593,483,0.0260,,EA,IMP
VIKING 1 LANDER,1975-075C,9024,PAY,D,US,1975-08-20,AFETR,1976-07-20,,,,,,NIE,MA,LAN
DELTA 1 DEB,1975-004CQ,9026,DEB,D,US,1975-01-22,AFWTR,1978-11-09,101.09,97.56,923,698,0.0350,,EA,IMP
DELTA 1 DEB,1975-004CR,9027,DEB,D,US,1975-01-22,AFWTR,1978-02-04,92.12,96.80,418,340,0.0970,,EA,IMP
DELTA 1 DEB,1975-004CS,9028,DEB,D,US,1975-01-22,AFWTR,1978-05-01,93.46,97.29,505,383,0.0005,,EA,IMP
DELTA 1 DEB,1975-004CT,9029,DEB,D,US,1975-01-22,AFWTR,1980-10-20,91.18,97.74,340,325,0.1099,,EA,IMP
DELTA 1 DEB,1975-004CU,9030,DEB,D,US,1975-01-22,AFWTR,1980-01-11,90.67,96.94,315,300,0.0786,,EA,IMP
DELTA 1 DEB,1975-004CV,9031,DEB,D,US,1975-01-22,AFWTR,1979-12-14,89.96,97.79,288,257,0.0135,,EA,IMP
DELTA 1 DEB,1975-004CW,9032,DEB,D,US,1975-01-22,AFWTR,1977-02-04,89.31,98.21,257,223,1.0130,,EA,IMP
DELTA 1 DEB,1975-004CX,9033,DEB,D,US,1975-01-22,AFWTR,1979-09-21,92.13,98.15,424,334,0.0367,,EA,IMP
DELTA 1 DEB,1975-004CY,9034,DEB,D,US,1975-01-22,AFWTR,1981-04-09,89.86,97.86,277,258,0.0713,,EA,IMP
DELTA 1 DEB,1975-004CZ,9035,DEB,D,US,1975-01-22,AFWTR,1978-10-12,92.01,98.38,420,326,0.0931,,EA,IMP
DELTA 1 DEB,1975-004DA,9036,DEB,D,US,1975-01-22,AFWTR,1980-02-03,89.04,97.68,235,219,0.0240,,EA,IMP
DELTA 1 DEB,1975-004DB,9037,DEB,D,US,1975-01-22,AFWTR,1979-10-03,89.32,97.70,254,228,0.1269,,EA,IMP
DELTA 1 DEB,1975-004DC,9038,DEB,D,US,1975-01-22,AFWTR,1977-01-31,92.84,98.24,451,376,0.1617,,EA,IMP
DELTA 1 DEB,1975-004DD,9039,DEB,D,US,1975-01-22,AFWTR,1978-10-06,90.85,97.66,326,307,0.0262,,EA,IMP
DELTA 1 DEB,1975-004DE,9040,DEB,,US,1975-01-22,AFWTR,,99.39,97.93,763,696,0.0246,,EA,ORB
DELTA 1 DEB,1975-004DF,9041,DEB,D,US,1975-01-22,AFWTR,1980-09-13,88.68,98.48,219,199,0.1125,,EA,IMP
DELTA 1 DEB,1975-004DG,9042,DEB,,US,1975-01-22,AFWTR,,99.87,97.99,795,710,0.2587,,EA,ORB
DELTA 1 DEB,1975-004DH,9282,DEB,D,US,1975-01-22,AFWTR,1979-12-10,94.00,97.35,493,447,0.0343,,EA,IMP
DELTA 1 DEB,1975-004DJ,9283,DEB,D,US,1975-01-22,AFWTR,1979-12-02,92.68,96.78,430,381,0.0567,,EA,IMP
DELTA 1 DEB,1975-004DK,9284,DEB,D,US,1975-01-22,AFWTR,1979-10-04,95.70,96.43,588,516,0.0962,,EA,IMP
DELTA 1 DEB,1975-004DL,9285,DEB,D,US,1975-01-22,AFWTR,1977-01-31,93.14,99.70,471,385,0.1292,,EA,IMP
DELTA 1 DEB,1975-004DM,9286,DEB,D,US,1975-01-22,AFWTR,1977-04-25,93.08,99.41,439,411,0.0880,,EA,IMP
DELTA 1 DEB,1975-004DN,9287,DEB,D,US,1975-01-22,AFWTR,1979-04-20,94.70,98.07,563,445,0.0270,,EA,IMP
DELTA 1 DEB,1975-004DP,9288,DEB,D,US,1975-01-22,AFWTR,1977-10-01,91.15,97.70,356,306,0.0231,,EA,IMP
DELTA 1 DEB,1975-004DQ,9289,DEB,D,US,1975-01-22,AFWTR,1978-01-22,93.10,97.26,473,380,0.1201,,EA,IMP
DELTA 1 DEB,1975-004DR,9290,DEB,D,US,1975-01-22,AFWTR,1977-05-27,91.44,97.48,388,302,0.0502,,EA,IMP
DELTA 1 DEB,1975-004DS,9291,DEB,D,US,1975-01-22,AFWTR,1980-06-30,90.46,97.55,309,285,0.0167,,EA,IMP
DELTA 1 DEB,1975-004DT,9292,DEB,D,US,1975-01-22,AFWTR,1984-05-24,89.57,97.42,264,243,0.0157,,EA,IMP
DELTA 1 DEB,1975-004DU,9293,DEB,,US,1975-01-22,AFWTR,,98.59,97.96,746,636,0.0180,,EA,ORB
DELTA 1 DEB,1975-004DV,9294,DEB,D,US,1975-01-22,AFWTR,1979-02-26,96.54,98.10,675,511,0.0050,,EA,IMP
DELTA 1 DEB,1975-004DW,9295,DEB,D,US,1975-01-22,AFWTR,1979-01-27,96.84,97.85,639,576,0.0747,,EA,IMP
DELTA 1 DEB,1975-004DX,9296,DEB,D,US,1975-01-22,AFWTR,1981-05-18,96.54,97.99,636,550,0.0969,,EA,IMP
DELTA 1 DEB,1975-004DY,9297,DEB,D,US,1975-01-22,AFWTR,1977-01-31,92.94,98.87,443,395,0.1460,,EA,IMP
DELTA 1 DEB,1975-004DZ,9298,DEB,D,US,1975-01-22,AFWTR,1977-02-09,93.77,97.96,605,312,0.0710,,EA,IMP
DELTA 1 DEB,1975-004EA,9299,DEB,D,US,1975-01-22,AFWTR,1978-06-30,95.51,98.09,656,430,0.0050,,EA,IMP
DELTA 1 DEB,1975-004EB,9300,DEB,D,US,1975-01-22,AFWTR,1982-11-19,107.05,98.30,1444,736,0.0050,,EA,IMP
DELTA 1 DEB,1975-004EC,9301,DEB,D,US,1975-01-22,AFWTR,1979-01-04,104.72,98.84,1333,629,0.0468,,EA,IMP
DELTA 1 DEB,1975-004ED,9302,DEB,D,US,1975-01-22,AFWTR,1979-04-15,95.15,98.89,568,484,0.1159,,EA,IMP
DELTA 1 DEB,1975-004EE,9303,DEB,D,US,1975-01-22,AFWTR,1980-04-06,98.36,98.19,779,582,0.0082,,EA,IMP
DELTA 1 DEB,1975-004EF,9304,DEB,D,US,1975-01-22,AFWTR,1980-09-05,99.54,98.41,861,612,0.0274,,EA,IMP
DELTA 1 DEB,1975-004EG,9305,DEB,D,US,1975-01-22,AFWTR,1989-01-24,89.30,98.15,243,236,0.0201,,EA,IMP
DELTA 1 DEB,1975-004EH,9306,DEB,D,US,1975-01-22,AFWTR,1980-12-21,90.85,98.02,320,313,0.0334,,EA,IMP
DELTA 1 DEB,1975-004EJ,9307,DEB,D,US,1975-01-22,AFWTR,1979-10-21,96.80,97.86,628,582,0.0091,,EA,IMP
DELTA 1 DEB,1975-004EK,9308,DEB,D,US,1975-01-22,AFWTR,1981-05-09,95.50,97.91,556,529,0.0355,,EA,IMP
DELTA 1 DEB,1975-004EL,9309,DEB,D,US,1975-01-22,AFWTR,1981-08-11,89.48,97.88,262,235,0.0980,,EA,IMP
DELTA 1 DEB,1975-004EM,9310,DEB,D,US,1975-01-22,AFWTR,1977-07-07,90.83,97.60,361,269,0.0450,,EA,IMP
DELTA 1 DEB,1975-004EN,9311,DEB,D,US,1975-01-22,AFWTR,1979-06-16,97.61,97.60,695,594,0.0303,,EA,IMP
DELTA 1 DEB,1975-004EP,9312,DEB,D,US,1975-01-22,AFWTR,1978-05-08,95.76,97.60,707,403,0.0707,,EA,IMP
DELTA 1 DEB,1975-004EQ,9313,DEB,,US,1975-01-22,AFWTR,,100.03,97.54,821,699,0.0167,,EA,ORB
DELTA 1 DEB,1975-004ER,9314,DEB,D,US,1975-01-22,AFWTR,1982-12-01,90.61,97.54,320,289,0.0080,,EA,IMP
DELTA 1 DEB,1975-004ES,9315,DEB,D,US,1975-01-22,AFWTR,1979-02-13,93.64,97.69,501,404,0.0555,,EA,IMP
DELTA 1 DEB,1975-004ET,9316,DEB,D,US,1975-01-22,AFWTR,1977-12-28,93.04,97.25,493,354,0.0602,,EA,IMP
DELTA 1 DEB,1975-004EU,9317,DEB,D,US,1975-01-22,AFWTR,1981-04-21,90.12,97.96,288,272,0.0500,,EA,IMP
DELTA 1 DEB,1975-004EV,9318,DEB,D,US,1975-01-22,AFWTR,1979-06-03,93.28,97.84,476,394,0.0573,,EA,IMP
DELTA 1 DEB,1975-004EW,9319,DEB,D,US,1975-01-22,AFWTR,1980-05-04,88.65,97.94,247,169,0.0666,,EA,IMP
DELTA 1 DEB,1975-004EX,9320,DEB,,US,1975-01-22,AFWTR,,98.14,98.44,706,633,0.0034,,EA,ORB
DELTA 1 DEB,1975-004EY,9321,DEB,D,US,1975-01-22,AFWTR,1980-02-05,94.10,100.00,510,440,0.0938,,EA,IMP
DELTA 1 DEB,1975-004EZ,9322,DEB,D,US,1975-01-22,AFWTR,1977-04-12,92.84,99.13,457,370,0.0050,,EA,IMP
DELTA 1 DEB,1975-004FB,9324,DEB,D,US,1975-01-22,AFWTR,1979-09-08,88.97,98.21,226,222,0.0314,,EA,IMP
DELTA 1 DEB,1975-004FC,9325,DEB,D,US,1975-01-22,AFWTR,1980-10-11,99.49,98.31,852,617,0.0050,,EA,IMP
DELTA 1 DEB,1975-004FD,9326,DEB,D,US,1975-01-22,AFWTR,1978-04-17,93.56,98.22,547,351,0.1658,,EA,IMP
DELTA 1 DEB,1975-004FE,9327,DEB,D,US,1975-01-22,AFWTR,1980-03-23,90.16,97.33,299,265,0.0002,,EA,IMP
VIKING 2 LANDER,1975-083C,9408,PAY,D,US,1975-09-09,AFETR,1976-09-03,,,,,,NIE,MA,LAN
DELTA 1 DEB,1975-004FF,9543,DEB,D,US,1975-01-22,AFWTR,1977-11-28,94.78,98.21,524,492,0.0983,,EA,IMP
DELTA 1 DEB,1975-004FG,9544,DEB,D,US,1975-01-22,AFWTR,1979-05-12,95.47,98.32,612,470,0.0173,,EA,IMP
DELTA 1 DEB,1975-004FH,9545,DEB,D,US,1975-01-22,AFWTR,1989-09-21,89.65,98.28,265,250,0.0997,,EA,IMP
DELTA 1 DEB,1975-004FJ,9546,DEB,D,US,1975-01-22,AFWTR,1977-10-07,95.51,98.11,555,532,0.0260,,EA,IMP
DELTA 1 DEB,1975-004FK,9547,DEB,D,US,1975-01-22,AFWTR,1980-01-19,98.78,98.19,807,593,0.0110,,EA,IMP
DELTA 1 DEB,1975-004FL,9548,DEB,D,US,1975-01-22,AFWTR,1979-02-01,96.12,97.56,661,484,0.0971,,EA,IMP
DELTA 1 DEB,1975-004FM,9549,DEB,D,US,1975-01-22,AFWTR,1978-07-08,92.39,97.63,425,359,0.0420,,EA,IMP
DELTA 1 DEB,1975-004FN,9550,DEB,D,US,1975-01-22,AFWTR,1979-04-14,92.46,97.23,413,377,0.0395,,EA,IMP
COSMOS 777 DEB,1975-102BQ,9563,DEB,D,CIS,1975-10-29,TYMSC,1976-11-28,89.29,65.04,248,231,,,EA,IMP
DELTA 1 DEB,1975-004FP,9567,DEB,,US,1975-01-22,AFWTR,,101.33,97.90,911,732,0.0157,,EA,ORB
DELTA 1 DEB,1975-004FQ,9571,DEB,D,US,1975-01-22,AFWTR,1978-12-31,99.71,97.66,797,692,0.0150,,EA,IMP
SL-8 DEB,1975-112C,9572,DEB,D,CIS,1975-11-28,PLMSC,2023-10-09,88.68,73.98,215,204,0.0145,,EA,IMP
DELTA 1 DEB,1975-004FR,9616,DEB,D,US,1975-01-22,AFWTR,1981-11-02,96.23,98.15,613,543,0.0308,,EA,IMP
DELTA 1 DEB,1975-004FS,9617,DEB,D,US,1975-01-22,AFWTR,2013-06-10,87.56,97.52,158,149,0.0460,,EA,IMP
DELTA 1 DEB,1975-004FT,9618,DEB,D,US,1975-01-22,AFWTR,1980-10-31,99.12,98.31,823,610,0.0125,,EA,IMP
DELTA 1 DEB,1975-004FU,9619,DEB,,US,1975-01-22,AFWTR,,99.33,97.39,797,656,0.0125,,EA,ORB
DELTA 1 DEB,1975-004FV,9620,DEB,D,US,1975-01-22,AFWTR,1991-05-01,88.47,97.83,207,191,0.0250,,EA,IMP
DELTA 1 DEB,1975-004FW,9621,DEB,D,US,1975-01-22,AFWTR,1988-05-31,88.60,98.07,217,193,0.0220,,EA,IMP
DELTA 1 DEB,1975-004FX,9622,DEB,D,US,1975-01-22,AFWTR,1979-01-18,96.17,97.75,678,472,0.0071,,EA,IMP
DELTA 1 DEB,1975-004FY,9677,DEB,D,US,1975-01-22,AFWTR,1981-06-11,96.75,98.18,621,585,0.0173,,EA,IMP
DELTA 1 DEB,1975-004FZ,9678,DEB,D,US,1975-01-22,AFWTR,1979-06-14,97.66,97.98,665,628,0.0124,,EA,IMP
DELTA 1 DEB,1975-004GA,9679,DEB,D,US,1975-01-22,AFWTR,1990-09-20,89.08,98.17,236,222,0.0050,,EA,IMP
DELTA 1 DEB,1975-004GB,9680,DEB,D,US,1975-01-22,AFWTR,1979-07-17,99.66,97.98,767,718,0.0008,,EA,IMP
DELTA 1 DEB,1975-004GC,9681,DEB,,US,1975-01-22,AFWTR,,99.78,97.98,788,708,0.0086,,EA,ORB
DELTA 1 DEB,1975-004GD,9682,DEB,D,US,1975-01-22,AFWTR,1992-01-16,88.75,98.32,219,205,0.0200,,EA,IMP
DELTA 1 DEB,1975-004GE,9683,DEB,D,US,1975-01-22,AFWTR,1981-06-19,95.66,97.92,595,506,0.0050,,EA,IMP
DELTA 1 DEB,1975-004GF,9684,DEB,D,US,1975-01-22,AFWTR,1979-02-20,94.55,96.66,557,436,0.0037,,EA,IMP
DELTA 1 DEB,1975-004GG,9685,DEB,D,US,1975-01-22,AFWTR,1986-07-17,90.33,98.71,298,284,0.1127,,EA,IMP
DELTA 1 DEB,1975-004GH,9686,DEB,D,US,1975-01-22,AFWTR,1979-06-16,101.06,97.36,918,700,0.0281,,EA,IMP
DELTA 1 DEB,1975-004GJ,9687,DEB,D,US,1975-01-22,AFWTR,1979-11-30,97.22,98.17,682,569,0.0098,,EA,IMP
DELTA 1 DEB,1975-004GK,9688,DEB,D,US,1975-01-22,AFWTR,1980-09-11,90.79,98.13,323,304,0.0038,,EA,IMP
DELTA 1 DEB,1975-004GL,9689,DEB,D,US,1975-01-22,AFWTR,1990-09-12,88.72,98.31,221,202,0.0349,,EA,IMP
DELTA 1 DEB,1975-004GM,9690,DEB,D,US,1975-01-22,AFWTR,1978-06-20,92.70,97.64,475,339,0.0349,,EA,IMP
DELTA 1 DEB,1975-004GN,9691,DEB,D,US,1975-01-22,AFWTR,1978-06-21,92.39,97.62,424,359,0.0189,,EA,IMP
SL-8 DEB,1975-109H,9693,DEB,D,CIS,1975-11-21,PLMSC,1977-09-11,91.10,74.04,335,322,0.0050,,EA,IMP
DELTA 1 DEB,1975-004GP,9705,DEB,D,US,1975-01-22,AFWTR,1978-04-28,92.58,98.23,475,326,0.1250,,EA,IMP
DELTA 1 DEB,1975-004GQ,9706,DEB,D,US,1975-01-22,AFWTR,1978-12-04,92.72,97.76,446,370,0.0790,,EA,IMP
DELTA 1 DEB,1975-004GR,9707,DEB,D,US,1975-01-22,AFWTR,1979-11-16,96.96,97.68,651,575,0.0706,,EA,IMP
DELTA 1 DEB,1975-004GS,9708,DEB,D,US,1975-01-22,AFWTR,1979-05-02,93.79,97.61,475,445,0.0912,,EA,IMP
DELTA 1 DEB,1975-004GT,9709,DEB,D,US,1975-01-22,AFWTR,1978-03-12,92.41,97.66,445,340,0.0110,,EA,IMP
DELTA 1 DEB,1975-004GU,9710,DEB,,US,1975-01-22,AFWTR,,101.40,97.66,937,713,0.0117,,EA,ORB
DELTA 1 DEB,1975-004GV,9711,DEB,D,US,1975-01-22,AFWTR,2002-10-23,88.50,98.03,206,194,0.1447,,EA,IMP
DELTA 1 DEB,1975-004GW,9712,DEB,D,US,1975-01-22,AFWTR,1979-01-03,97.82,97.80,704,604,0.0061,,EA,IMP
DELTA 1 DEB,1975-004GX,9713,DEB,D,US,1975-01-22,AFWTR,1978-07-18,93.80,99.03,513,408,0.0570,,EA,IMP
DELTA 1 DEB,1975-004GY,9714,DEB,D,US,1975-01-22,AFWTR,1979-01-07,98.71,97.58,723,671,0.0234,,EA,IMP
DELTA 1 DEB,1975-004GZ,9715,DEB,D,US,1975-01-22,AFWTR,1979-05-09,96.98,97.55,704,525,0.0150,,EA,IMP
DELTA 1 DEB,1975-004HA,9716,DEB,D,US,1975-01-22,AFWTR,1977-11-25,92.55,97.33,467,332,0.0280,,EA,IMP
DELTA 1 DEB,1975-004HB,9717,DEB,D,US,1975-01-22,AFWTR,1979-04-11,98.01,98.27,691,637,0.0125,,EA,IMP
SL-8 DEB,1975-033D,9839,DEB,D,CIS,1975-04-19,KYMSC,1977-06-21,90.07,50.55,286,270,,,EA,IMP
DELTA 1 DEB,1975-004HC,9948,DEB,D,US,1975-01-22,AFWTR,1985-03-02,91.46,101.08,364,328,0.0028,,EA,IMP
DELTA 1 DEB,1975-004HD,9949,DEB,D,US,1975-01-22,AFWTR,1981-10-26,89.12,97.29,237,225,0.0123,,EA,IMP
DELTA 1 DEB,1975-004HE,9950,DEB,D,US,1975-01-22,AFWTR,1979-07-14,99.78,96.26,855,641,0.0053,,EA,IMP
SL-8 DEB,1975-109J,9994,DEB,D,CIS,1975-11-21,PLMSC,1978-02-11,92.25,74.01,397,373,0.0039,,EA,IMP
SL-8 DEB,1975-109K,9995,DEB,D,CIS,1975-11-21,PLMSC,1983-02-04,101.05,74.06,824,793,0.0040,,EA,IMP
DELTA 1 DEB,1975-004HF,10397,DEB,D,US,1975-01-22,AFWTR,1981-01-06,100.69,98.80,857,725,0.0068,,EA,IMP
SL-8 DEB,1975-109L,10433,DEB,D,CIS,1975-11-21,PLMSC,1978-05-19,93.47,74.07,452,437,0.0081,,EA,IMP
DELTA 1 DEB,1975-027C,10728,DEB,,US,1975-04-09,AFWTR,,101.03,115.21,829,785,0.0520,,EA,ORB
DELTA 1 DEB,1975-027D,10729,DEB,D,US,1975-04-09,AFWTR,1983-12-07,101.54,114.98,858,806,0.3100,,EA,IMP
DELTA 1 DEB,1975-027E,10730,DEB,,US,1975-04-09,AFWTR,,103.24,114.98,996,828,1.9570,,EA,ORB
SL-12 R/B(2),1975-123F,11568,R/B,,CIS,1975-12-22,TYMSC,,1432.83,2.38,35783,35663,3.1623,,EA,ORB
SL-12 R/B(2),1975-097F,11676,R/B,,CIS,1975-10-08,TYMSC,,1438.09,2.20,35918,35733,1.9953,,EA,ORB
SL-8 DEB,1975-112D,14801,DEB,,CIS,1975-11-28,PLMSC,,98.11,74.06,673,664,0.0121,,EA,ORB
SL-8 DEB,1975-094E,14865,DEB,,CIS,1975-09-30,PLMSC,,96.99,74.02,615,614,0.0109,,EA,ORB
DELTA 1 DEB,1975-004HG,14882,DEB,D,US,1975-01-22,AFWTR,1989-07-02,90.81,98.70,330,299,0.0055,,EA,IMP
DELTA 1 DEB,1975-004HH,17729,DEB,D,US,1975-01-22,AFWTR,1992-05-04,88.45,97.72,209,186,0.0058,,EA,IMP
DELTA 1 DEB,1975-004HJ,17730,DEB,D,US,1975-01-22,AFWTR,1989-05-09,92.48,98.68,412,381,0.0119,,EA,IMP
COSMOS 724 DEB,1975-025D,18281,DEB,D,CIS,1975-04-07,TYMSC,1988-10-05,94.09,65.43,481,469,0.0980,,EA,IMP
DELTA 1 DEB,1975-004HK,18475,DEB,,US,1975-01-22,AFWTR,,98.75,97.89,732,665,0.0018,,EA,ORB
SL-8 DEB,1975-112E,18500,DEB,,CIS,1975-11-28,PLMSC,,98.58,74.04,698,683,0.0092,,EA,ORB
DELTA 1 DEB,1975-004HL,18773,DEB,D,US,1975-01-22,AFWTR,1995-12-23,89.00,98.03,230,221,0.0017,,EA,IMP
DELTA 1 DEB,1975-004HM,19053,DEB,D,US,1975-01-22,AFWTR,1991-12-27,90.14,98.70,289,273,0.0113,,EA,IMP
DELTA 1 DEB,1975-004HN,19105,DEB,,US,1975-01-22,AFWTR,,98.77,98.75,742,657,0.0122,,EA,ORB
DELTA 1 DEB,1975-004HP,19311,DEB,,US,1975-01-22,AFWTR,,100.36,97.68,873,679,0.0116,,EA,ORB
DELTA 1 DEB,1975-004HQ,19365,DEB,,US,1975-01-22,AFWTR,,100.37,97.70,871,682,0.0106,,EA,ORB
DELTA 1 DEB,1975-004HR,19431,DEB,D,US,1975-01-22,AFWTR,1990-12-14,90.61,97.95,311,298,0.0017,,EA,IMP
SMS 2 AKM,1975-011F,20835,R/B,,US,1975-02-06,AFETR,,1460.62,3.60,36685,35845,0.7943,,EA,ORB
GOES 1 AKM,1975-100F,20962,R/B,,US,1975-10-16,AFETR,,1412.73,2.16,36441,34215,0.2238,,EA,ORB
DELTA 1 DEB,1975-052D,21268,DEB,,US,1975-06-12,AFWTR,,110.20,99.82,1388,1084,0.1710,,EA,ORB
DELTA 1 DEB,1975-052E,21269,DEB,,US,1975-06-12,AFWTR,,108.78,99.71,1259,1082,0.0995,,EA,ORB
DELTA 1 DEB,1975-052F,21270,DEB,,US,1975-06-12,AFWTR,,114.16,99.43,1763,1071,0.0775,,EA,ORB
DELTA 1 DEB,1975-052G,21271,DEB,,US,1975-06-12,AFWTR,,110.55,99.55,1438,1066,0.0152,,EA,ORB
DELTA 1 DEB,1975-052H,21272,DEB,,US,1975-06-12,AFWTR,,111.34,99.88,1525,1051,0.0171,,EA,ORB
DELTA 1 DEB,1975-052J,21273,DEB,,US,1975-06-12,AFWTR,,107.63,99.68,1145,1089,0.1454,,EA,ORB
DELTA 1 DEB,1975-052K,21274,DEB,D,US,1975-06-12,AFWTR,1997-10-17,93.11,99.31,450,403,0.0619,,EA,IMP
DELTA 1 DEB,1975-052L,21275,DEB,,US,1975-06-12,AFWTR,,106.52,99.87,1091,1040,0.1010,,EA,ORB
DELTA 1 DEB,1975-052M,21276,DEB,,US,1975-06-12,AFWTR,,107.82,100.00,1160,1091,1.6982,,EA,ORB
DELTA 1 DEB,1975-052N,21277,DEB,,US,1975-06-12,AFWTR,,109.15,99.75,1288,1086,0.2174,,EA,ORB
DELTA 1 DEB,1975-052P,21278,DEB,,US,1975-06-12,AFWTR,,112.71,99.83,1652,1050,0.2065,,EA,ORB
DELTA 1 DEB,1975-052Q,21279,DEB,,US,1975-06-12,AFWTR,,106.07,99.46,1085,1004,0.0306,,EA,ORB
DELTA 1 DEB,1975-052R,21280,DEB,,US,1975-06-12,AFWTR,,106.19,99.41,1088,1012,0.1103,,EA,ORB
DELTA 1 DEB,1975-052S,21281,DEB,,US,1975-06-12,AFWTR,,107.92,100.00,1173,1087,0.4447,,EA,ORB
DELTA 1 DEB,1975-052T,21282,DEB,,US,1975-06-12,AFWTR,,108.69,99.82,1242,1090,0.0520,,EA,ORB
DELTA 1 DEB,1975-052U,21283,DEB,,US,1975-06-12,AFWTR,,110.94,99.79,1456,1084,0.1637,,EA,ORB
DELTA 1 DEB,1975-052V,21284,DEB,,US,1975-06-12,AFWTR,,108.16,99.83,1199,1084,0.2699,,EA,ORB
DELTA 1 DEB,1975-052W,21285,DEB,,US,1975-06-12,AFWTR,,107.36,99.63,1119,1090,0.2706,,EA,ORB
DELTA 1 DEB,1975-052X,21286,DEB,,US,1975-06-12,AFWTR,,107.99,99.72,1174,1093,0.2525,,EA,ORB
DELTA 1 DEB,1975-052Y,21287,DEB,,US,1975-06-12,AFWTR,,109.26,99.74,1292,1093,0.2420,,EA,ORB
DELTA 1 DEB,1975-052Z,21288,DEB,,US,1975-06-12,AFWTR,,112.87,99.69,1636,1081,0.2483,,EA,ORB
DELTA 1 DEB,1975-052AA,21289,DEB,,US,1975-06-12,AFWTR,,110.76,99.89,1449,1075,0.0329,,EA,ORB
DELTA 1 DEB,1975-052AB,21290,DEB,,US,1975-06-12,AFWTR,,115.82,99.54,1896,1089,0.0139,,EA,ORB
DELTA 1 DEB,1975-052AC,21291,DEB,,US,1975-06-12,AFWTR,,104.09,99.90,1052,852,0.0108,,EA,ORB
DELTA 1 DEB,1975-052AD,21292,DEB,,US,1975-06-12,AFWTR,,105.99,99.77,1206,875,0.0161,,EA,ORB
DELTA 1 DEB,1975-052AE,21293,DEB,,US,1975-06-12,AFWTR,,111.47,99.92,1504,1085,0.0516,,EA,ORB
DELTA 1 DEB,1975-052AF,21294,DEB,,US,1975-06-12,AFWTR,,111.23,99.87,1475,1092,0.2413,,EA,ORB
DELTA 1 DEB,1975-052AG,21295,DEB,,US,1975-06-12,AFWTR,,107.22,99.74,1113,1083,0.0609,,EA,ORB
DELTA 1 DEB,1975-052AH,21296,DEB,,US,1975-06-12,AFWTR,,109.86,99.58,1400,1040,0.0196,,EA,ORB
DELTA 1 DEB,1975-052AJ,21297,DEB,,US,1975-06-12,AFWTR,,108.00,99.68,1187,1081,0.2356,,EA,ORB
DELTA 1 DEB,1975-052AK,21317,DEB,,US,1975-06-12,AFWTR,,107.58,100.10,1271,959,0.0048,,EA,ORB
DELTA 1 DEB,1975-052AL,21318,DEB,D,US,1975-06-12,AFWTR,2025-03-14,90.41,99.29,311,278,0.0490,,EA,IMP
DELTA 1 DEB,1975-052AM,21319,DEB,,US,1975-06-12,AFWTR,,110.18,99.66,1414,1056,0.0065,,EA,ORB
DELTA 1 DEB,1975-052AN,21320,DEB,,US,1975-06-12,AFWTR,,104.82,99.50,1079,893,0.0613,,EA,ORB
DELTA 1 DEB,1975-052AP,21321,DEB,D,US,1975-06-12,AFWTR,2011-11-07,91.11,99.35,355,303,0.0690,,EA,IMP
DELTA 1 DEB,1975-052AQ,21322,DEB,D,US,1975-06-12,AFWTR,2011-06-13,90.35,99.00,316,268,0.0568,,EA,IMP
DELTA 1 DEB,1975-052AR,21323,DEB,D,US,1975-06-12,AFWTR,2002-04-18,91.04,99.03,357,294,0.0465,,EA,IMP
DELTA 1 DEB,1975-052AS,21324,DEB,,US,1975-06-12,AFWTR,,109.84,99.57,1456,982,0.0958,,EA,ORB
DELTA 1 DEB,1975-052AT,21325,DEB,,US,1975-06-12,AFWTR,,102.22,99.75,931,796,0.0415,,EA,ORB
DELTA 1 DEB,1975-052AU,21326,DEB,,US,1975-06-12,AFWTR,,107.31,99.82,1125,1080,0.0574,,EA,ORB
DELTA 1 DEB,1975-052AV,21327,DEB,,US,1975-06-12,AFWTR,,111.62,99.74,1517,1086,0.2382,,EA,ORB
DELTA 1 DEB,1975-052AW,21328,DEB,D,US,1975-06-12,AFWTR,2014-04-28,89.95,99.64,291,253,0.0530,,EA,IMP
DELTA 1 DEB,1975-052AX,21329,DEB,,US,1975-06-12,AFWTR,,98.71,99.67,772,622,0.0500,,EA,ORB
DELTA 1 DEB,1975-052AY,21330,DEB,,US,1975-06-12,AFWTR,,107.95,99.96,1361,902,0.1201,,EA,ORB
DELTA 1 DEB,1975-052AZ,21331,DEB,,US,1975-06-12,AFWTR,,107.48,99.65,1129,1091,0.0686,,EA,ORB
DELTA 1 DEB,1975-052BB,21333,DEB,,US,1975-06-12,AFWTR,,107.02,99.81,1091,1087,0.0631,,EA,ORB
DELTA 1 DEB,1975-052BC,21334,DEB,D,US,1975-06-12,AFWTR,2000-12-04,91.61,98.76,362,345,0.0663,,EA,IMP
DELTA 1 DEB,1975-052BD,21335,DEB,D,US,1975-06-12,AFWTR,2024-09-12,93.42,99.10,477,407,0.0528,,EA,IMP
DELTA 1 DEB,1975-052BE,21336,DEB,,US,1975-06-12,AFWTR,,107.61,99.20,1242,991,0.0796,,EA,ORB
DELTA 1 DEB,1975-052BF,21337,DEB,D,US,1975-06-12,AFWTR,1998-12-05,92.21,99.42,407,359,0.0784,,EA,IMP
DELTA 1 DEB,1975-052BG,21338,DEB,,US,1975-06-12,AFWTR,,107.87,99.64,1174,1082,0.2786,,EA,ORB
DELTA 1 DEB,1975-052BH,21339,DEB,,US,1975-06-12,AFWTR,,113.03,99.58,1655,1076,0.0122,,EA,ORB
DELTA 1 DEB,1975-052BJ,21340,DEB,D,US,1975-06-12,AFWTR,2013-12-24,92.06,98.33,390,361,0.0172,,EA,IMP
DELTA 1 DEB,1975-052BK,21341,DEB,,US,1975-06-12,AFWTR,,114.44,99.73,1819,1041,0.1425,,EA,ORB
DELTA 1 DEB,1975-052BL,21342,DEB,,US,1975-06-12,AFWTR,,99.96,100.00,843,670,0.0095,,EA,ORB
DELTA 1 DEB,1975-052BM,21343,DEB,D,US,1975-06-12,AFWTR,2025-01-13,90.78,98.90,332,294,0.0410,,EA,IMP
DELTA 1 DEB,1975-052BN,21344,DEB,D,US,1975-06-12,AFWTR,2005-03-02,89.30,99.26,259,221,0.0932,,EA,IMP
DELTA 1 DEB,1975-052BP,21345,DEB,,US,1975-06-12,AFWTR,,109.82,99.41,1361,1076,0.0771,,EA,ORB
DELTA 1 DEB,1975-052BQ,21346,DEB,D,US,1975-06-12,AFWTR,2024-05-09,93.38,98.89,453,427,0.0164,,EA,IMP
DELTA 1 DEB,1975-052BR,21347,DEB,,US,1975-06-12,AFWTR,,108.10,99.41,1437,841,0.0800,,EA,ORB
DELTA 1 DEB,1975-052BS,21348,DEB,D,US,1975-06-12,AFWTR,2014-09-25,90.30,99.28,304,275,0.0510,,EA,IMP
DELTA 1 DEB,1975-052BT,21349,DEB,D,US,1975-06-12,AFWTR,1991-06-29,90.64,99.28,345,266,0.3100,,EA,IMP
DELTA 1 DEB,1975-052BU,21350,DEB,D,US,1975-06-12,AFWTR,2017-12-08,90.10,99.34,289,270,0.0190,,EA,IMP
DELTA 1 DEB,1975-052BV,21351,DEB,,US,1975-06-12,AFWTR,,108.14,99.85,1190,1091,0.1376,,EA,ORB
DELTA 1 DEB,1975-052BW,21352,DEB,,US,1975-06-12,AFWTR,,109.20,99.53,1406,974,0.0310,,EA,ORB
DELTA 1 DEB,1975-052BX,21353,DEB,,US,1975-06-12,AFWTR,,116.06,99.53,1914,1092,0.0589,,EA,ORB
DELTA 1 DEB,1975-052BY,21354,DEB,,US,1975-06-12,AFWTR,,108.14,99.51,1307,974,0.0568,,EA,ORB
DELTA 1 DEB,1975-052BZ,21355,DEB,,US,1975-06-12,AFWTR,,109.57,99.65,1320,1094,0.0786,,EA,ORB
DELTA 1 DEB,1975-052CA,21356,DEB,,US,1975-06-12,AFWTR,,108.21,99.72,1214,1074,0.0128,,EA,ORB
DELTA 1 DEB,1975-052CB,21357,DEB,D,US,1975-06-12,AFWTR,1992-08-18,89.97,99.51,291,256,0.1320,,EA,IMP
DELTA 1 DEB,1975-052CC,21358,DEB,,US,1975-06-12,AFWTR,,109.45,99.63,1328,1075,0.0063,,EA,ORB
DELTA 1 DEB,1975-052CD,21359,DEB,D,US,1975-06-12,AFWTR,2021-05-02,90.03,99.47,288,264,0.0420,,EA,IMP
DELTA 1 DEB,1975-052CE,21360,DEB,,US,1975-06-12,AFWTR,,108.32,99.79,1206,1091,0.2861,,EA,ORB
DELTA 1 DEB,1975-052CF,21361,DEB,,US,1975-06-12,AFWTR,,119.64,99.59,2214,1115,0.0486,,EA,ORB
DELTA 1 DEB,1975-052CG,21362,DEB,,US,1975-06-12,AFWTR,,115.37,99.43,1947,997,0.0550,,EA,ORB
DELTA 1 DEB,1975-052CH,21363,DEB,,US,1975-06-12,AFWTR,,109.90,99.74,1355,1089,0.0535,,EA,ORB
DELTA 1 DEB,1975-052CJ,21364,DEB,,US,1975-06-12,AFWTR,,110.99,99.68,1465,1080,0.0127,,EA,ORB
DELTA 1 DEB,1975-052CK,21365,DEB,,US,1975-06-12,AFWTR,,110.90,99.73,1445,1091,0.0600,,EA,ORB
DELTA 1 DEB,1975-052CL,21366,DEB,,US,1975-06-12,AFWTR,,107.16,99.64,1111,1079,0.1710,,EA,ORB
DELTA 1 DEB,1975-052CM,21367,DEB,,US,1975-06-12,AFWTR,,108.15,99.80,1197,1086,0.0790,,EA,ORB
DELTA 1 DEB,1975-052CN,21368,DEB,,US,1975-06-12,AFWTR,,105.93,99.54,1095,981,0.0601,,EA,ORB
DELTA 1 DEB,1975-052CP,21369,DEB,D,US,1975-06-12,AFWTR,2025-10-30,90.16,99.59,296,268,0.0512,,EA,IMP
DELTA 1 DEB,1975-052CQ,21370,DEB,,US,1975-06-12,AFWTR,,108.42,99.93,1214,1093,0.0490,,EA,ORB
DELTA 1 DEB,1975-052CR,21371,DEB,,US,1975-06-12,AFWTR,,109.56,99.77,1322,1091,0.0500,,EA,ORB
DELTA 1 DEB,1975-052CS,21372,DEB,,US,1975-06-12,AFWTR,,107.98,100.20,1179,1087,0.0839,,EA,ORB
DELTA 1 DEB,1975-052CT,21373,DEB,,US,1975-06-12,AFWTR,,108.05,99.93,1192,1081,0.0531,,EA,ORB
DELTA 1 DEB,1975-052CU,21374,DEB,,US,1975-06-12,AFWTR,,105.71,99.87,1217,838,0.0065,,EA,ORB
DELTA 1 DEB,1975-052CV,21375,DEB,D,US,1975-06-12,AFWTR,2012-03-01,91.53,99.91,364,335,0.0073,,EA,IMP
DELTA 1 DEB,1975-052CW,21376,DEB,D,US,1975-06-12,AFWTR,2002-10-19,90.61,99.91,333,276,0.0138,,EA,IMP
DELTA 1 DEB,1975-052CX,21377,DEB,,US,1975-06-12,AFWTR,,107.71,100.30,1287,955,0.0249,,EA,ORB
DELTA 1 DEB,1975-052CY,21378,DEB,D,US,1975-06-12,AFWTR,2003-01-07,89.11,99.88,245,215,0.0600,,EA,IMP
DELTA 1 DEB,1975-052CZ,21379,DEB,D,US,1975-06-12,AFWTR,1999-10-14,91.66,99.05,359,354,0.0634,,EA,IMP
DELTA 1 DEB,1975-052DA,21380,DEB,,US,1975-06-12,AFWTR,,105.64,99.42,1070,979,0.0480,,EA,ORB
DELTA 1 DEB,1975-052DB,21381,DEB,D,US,1975-06-12,AFWTR,2014-10-16,89.21,98.33,269,202,0.0570,,EA,IMP
DELTA 1 DEB,1975-052DC,21382,DEB,D,US,1975-06-12,AFWTR,2024-09-01,93.59,100.21,462,438,0.0440,,EA,IMP
DELTA 1 DEB,1975-052DD,21383,DEB,,US,1975-06-12,AFWTR,,113.10,99.69,1650,1088,0.0107,,EA,ORB
DELTA 1 DEB,1975-052DE,21384,DEB,,US,1975-06-12,AFWTR,,111.51,99.62,1522,1070,0.0460,,EA,ORB
DELTA 1 DEB,1975-052DF,21385,DEB,D,US,1975-06-12,AFWTR,2011-09-30,90.71,100.36,328,291,0.1390,,EA,IMP
DELTA 1 DEB,1975-052DG,21386,DEB,,US,1975-06-12,AFWTR,,108.32,99.56,1286,1013,0.0197,,EA,ORB
DELTA 1 DEB,1975-052DH,21387,DEB,,US,1975-06-12,AFWTR,,106.95,99.49,1121,1050,0.0179,,EA,ORB
DELTA 1 DEB,1975-052DJ,21388,DEB,,US,1975-06-12,AFWTR,,106.61,99.51,1124,1016,0.0420,,EA,ORB
DELTA 1 DEB,1975-052DK,21389,DEB,D,US,1975-06-12,AFWTR,2000-08-27,91.21,99.44,348,320,0.0747,,EA,IMP
DELTA 1 DEB,1975-052DL,21390,DEB,D,US,1975-06-12,AFWTR,2005-05-11,90.60,100.05,317,291,0.0837,,EA,IMP
DELTA 1 DEB,1975-052DM,21391,DEB,D,US,1975-06-12,AFWTR,1991-06-05,88.89,100.26,250,189,0.0200,,EA,IMP
DELTA 1 DEB,1975-052DN,21430,DEB,D,US,1975-06-12,AFWTR,2012-08-25,92.55,98.79,432,366,0.0087,,EA,IMP
DELTA 1 DEB,1975-052DP,21431,DEB,D,US,1975-06-12,AFWTR,1991-12-11,97.77,100.41,883,421,0.1100,,EA,IMP
DELTA 1 DEB,1975-052DQ,21432,DEB,D,US,1975-06-12,AFWTR,1992-03-03,90.59,99.52,338,269,0.0625,,EA,IMP
DELTA 1 DEB,1975-052DR,21433,DEB,,US,1975-06-12,AFWTR,,106.64,99.75,1115,1026,0.1105,,EA,ORB
DELTA 1 DEB,1975-052DS,21434,DEB,,US,1975-06-12,AFWTR,,118.39,99.46,2134,1083,0.0172,,EA,ORB
DELTA 1 DEB,1975-052DT,21435,DEB,D,US,1975-06-12,AFWTR,2012-11-02,90.43,100.40,322,269,0.0630,,EA,IMP
DELTA 1 DEB,1975-052DU,21436,DEB,D,US,1975-06-12,AFWTR,1991-12-19,95.72,98.88,655,451,0.0444,,EA,IMP
DELTA 1 DEB,1975-052DV,21437,DEB,,US,1975-06-12,AFWTR,,107.66,100.18,1160,1077,0.0152,,EA,ORB
DELTA 1 DEB,1975-052DW,21438,DEB,,US,1975-06-12,AFWTR,,108.18,99.72,1203,1083,0.0136,,EA,ORB
DELTA 1 DEB,1975-052DX,21439,DEB,,US,1975-06-12,AFWTR,,107.65,100.01,1362,875,0.0210,,EA,ORB
DELTA 1 DEB,1975-052DY,21440,DEB,D,US,1975-06-12,AFWTR,2005-07-31,91.00,100.61,341,307,0.0182,,EA,IMP
DELTA 1 DEB,1975-052DZ,21441,DEB,,US,1975-06-12,AFWTR,,112.13,99.72,1558,1091,0.0171,,EA,ORB
DELTA 1 DEB,1975-052EA,21442,DEB,,US,1975-06-12,AFWTR,,109.59,99.48,1457,959,0.0139,,EA,ORB
DELTA 1 DEB,1975-052EB,21443,DEB,,US,1975-06-12,AFWTR,,108.13,99.84,1192,1089,0.0697,,EA,ORB
DELTA 1 DEB,1975-052EC,21444,DEB,,US,1975-06-12,AFWTR,,111.20,99.69,1484,1080,0.0128,,EA,ORB
DELTA 1 DEB,1975-052ED,21445,DEB,,US,1975-06-12,AFWTR,,108.39,99.65,1213,1091,0.0705,,EA,ORB
DELTA 1 DEB,1975-052EE,21446,DEB,,US,1975-06-12,AFWTR,,113.23,99.70,1664,1085,0.0503,,EA,ORB
DELTA 1 DEB,1975-052EF,21447,DEB,D,US,1975-06-12,AFWTR,1994-05-21,91.68,99.96,407,306,0.0569,,EA,IMP
DELTA 1 DEB,1975-052EG,21448,DEB,,US,1975-06-12,AFWTR,,109.24,99.65,1290,1093,0.1303,,EA,ORB
DELTA 1 DEB,1975-052EH,21449,DEB,D,US,1975-06-12,AFWTR,1991-08-25,96.33,100.70,672,494,0.0700,,EA,IMP
DELTA 1 DEB,1975-052EJ,21450,DEB,,US,1975-06-12,AFWTR,,107.83,99.84,1171,1081,0.0161,,EA,ORB
DELTA 1 DEB,1975-052EK,21451,DEB,D,US,1975-06-12,AFWTR,1991-10-26,98.26,98.10,910,441,0.0742,,EA,IMP
DELTA 1 DEB,1975-052EL,21452,DEB,,US,1975-06-12,AFWTR,,116.16,99.75,1960,1056,0.0237,,EA,ORB
DELTA 1 DEB,1975-052EM,21453,DEB,,US,1975-06-12,AFWTR,,108.52,99.87,1248,1069,0.0758,,EA,ORB
DELTA 1 DEB,1975-052EN,21454,DEB,D,US,1975-06-12,AFWTR,1992-02-28,100.82,99.33,1103,493,0.0339,,EA,IMP
DELTA 1 DEB,1975-052EP,21455,DEB,D,US,1975-06-12,AFWTR,1991-08-20,102.22,100.02,1252,475,1.0000,,EA,IMP
DELTA 1 DEB,1975-052EQ,21456,DEB,D,US,1975-06-12,AFWTR,1991-09-30,97.06,101.63,717,518,0.0928,,EA,IMP
DELTA 1 DEB,1975-052ER,21457,DEB,,US,1975-06-12,AFWTR,,107.10,99.95,1309,875,0.0298,,EA,ORB
DELTA 1 DEB,1975-052ES,21458,DEB,,US,1975-06-12,AFWTR,,115.70,99.77,1929,1045,0.0867,,EA,ORB
DELTA 1 DEB,1975-052ET,21459,DEB,,US,1975-06-12,AFWTR,,107.35,99.68,1142,1066,0.0217,,EA,ORB
DELTA 1 DEB,1975-052EU,21460,DEB,,US,1975-06-12,AFWTR,,108.39,99.76,1213,1091,0.0850,,EA,ORB
DELTA 1 DEB,1975-052EV,21461,DEB,,US,1975-06-12,AFWTR,,109.05,99.73,1337,1028,0.0145,,EA,ORB
DELTA 1 DEB,1975-052EW,21462,DEB,,US,1975-06-12,AFWTR,,115.44,90.71,2584,368,0.0483,,EA,ORB
DELTA 1 DEB,1975-052EX,21463,DEB,,US,1975-06-12,AFWTR,,106.10,99.82,1162,930,0.0163,,EA,ORB
DELTA 1 DEB,1975-052EY,21464,DEB,,US,1975-06-12,AFWTR,,109.20,99.77,1338,1042,0.0109,,EA,ORB
DELTA 1 DEB,1975-052EZ,21465,DEB,,US,1975-06-12,AFWTR,,106.76,99.61,1127,1026,0.0166,,EA,ORB
DELTA 1 DEB,1975-052FA,21466,DEB,,US,1975-06-12,AFWTR,,108.91,99.68,1278,1074,0.0097,,EA,ORB
DELTA 1 DEB,1975-052FB,21467,DEB,,US,1975-06-12,AFWTR,,106.65,99.74,1091,1051,0.0169,,EA,ORB
DELTA 1 DEB,1975-052FC,21468,DEB,D,US,1975-06-12,AFWTR,1991-11-29,95.29,100.82,611,454,0.0937,,EA,IMP
DELTA 1 DEB,1975-052FD,21469,DEB,,US,1975-06-12,AFWTR,,112.92,99.68,1642,1079,0.0099,,EA,ORB
DELTA 1 DEB,1975-052FE,21470,DEB,,US,1975-06-12,AFWTR,,106.66,99.72,1146,998,0.0111,,EA,ORB
DELTA 1 DEB,1975-052FF,21471,DEB,,US,1975-06-12,AFWTR,,106.06,99.96,1229,859,0.0095,,EA,ORB
DELTA 1 DEB,1975-052FG,21472,DEB,,US,1975-06-12,AFWTR,,105.92,99.77,1221,854,0.0451,,EA,ORB
DELTA 1 DEB,1975-052FH,21473,DEB,,US,1975-06-12,AFWTR,,105.77,99.92,1208,854,0.0410,,EA,ORB
DELTA 1 DEB,1975-052FJ,21474,DEB,D,US,1975-06-12,AFWTR,1991-07-05,100.11,100.00,932,595,1.0000,,EA,IMP
DELTA 1 DEB,1975-052FK,21475,DEB,,US,1975-06-12,AFWTR,,106.34,99.62,1125,989,0.0130,,EA,ORB
DELTA 1 DEB,1975-052FL,21491,DEB,D,US,1975-06-12,AFWTR,2001-11-10,90.17,98.53,305,261,0.0787,,EA,IMP
DELTA 1 DEB,1975-052FM,21492,DEB,,US,1975-06-12,AFWTR,,107.96,99.84,1179,1086,0.0126,,EA,ORB
DELTA 1 DEB,1975-052FN,21493,DEB,,US,1975-06-12,AFWTR,,117.68,99.66,2141,1012,0.0415,,EA,ORB
DELTA 1 DEB,1975-052FP,21494,DEB,D,US,1975-06-12,AFWTR,1991-08-05,98.83,101.39,914,492,0.2500,,EA,IMP
DELTA 1 DEB,1975-052FQ,21495,DEB,D,US,1975-06-12,AFWTR,1991-08-17,97.34,100.88,819,443,0.0600,,EA,IMP
DELTA 1 DEB,1975-052FR,21496,DEB,,US,1975-06-12,AFWTR,,112.27,99.82,1593,1069,0.0525,,EA,ORB
DELTA 1 DEB,1975-052FS,21497,DEB,,US,1975-06-12,AFWTR,,108.03,100.03,1179,1092,0.0597,,EA,ORB
DELTA 1 DEB,1975-052FT,21498,DEB,,US,1975-06-12,AFWTR,,111.17,99.70,1481,1080,0.0162,,EA,ORB
DELTA 1 DEB,1975-052FU,21499,DEB,,US,1975-06-12,AFWTR,,107.37,99.61,1211,999,0.0122,,EA,ORB
DELTA 1 DEB,1975-052FV,21500,DEB,,US,1975-06-12,AFWTR,,99.90,100.04,865,643,0.0105,,EA,ORB
DELTA 1 DEB,1975-052FW,21501,DEB,,US,1975-06-12,AFWTR,,115.40,99.79,1906,1041,0.0068,,EA,ORB
DELTA 1 DEB,1975-052FX,21502,DEB,D,US,1975-06-12,AFWTR,1991-11-04,95.16,100.24,536,516,0.0551,,EA,IMP
DELTA 1 DEB,1975-052FY,21503,DEB,D,US,1975-06-12,AFWTR,1992-08-04,91.73,100.51,364,355,0.0294,,EA,IMP
DELTA 1 DEB,1975-052FZ,21504,DEB,,US,1975-06-12,AFWTR,,115.32,99.83,1900,1040,0.0101,,EA,ORB
DELTA 1 DEB,1975-052GA,21505,DEB,D,US,1975-06-12,AFWTR,1991-10-25,92.67,101.32,420,390,0.1200,,EA,IMP
DELTA 1 DEB,1975-052GB,21506,DEB,,US,1975-06-12,AFWTR,,109.47,99.58,1336,1069,0.0390,,EA,ORB
DELTA 1 DEB,1975-052GC,21507,DEB,D,US,1975-06-12,AFWTR,1991-08-10,108.66,99.38,1560,769,1.0000,,EA,IMP
DELTA 1 DEB,1975-052GD,21508,DEB,D,US,1975-06-12,AFWTR,1991-09-03,103.20,99.80,1055,765,0.1500,,EA,IMP
DELTA 1 DEB,1975-052GE,21509,DEB,D,US,1975-06-12,AFWTR,1991-08-29,98.12,99.19,795,542,0.1000,,EA,IMP
DELTA 1 DEB,1975-052GF,21510,DEB,D,US,1975-06-12,AFWTR,1991-10-29,96.86,98.62,711,506,0.0410,,EA,IMP
DELTA 1 DEB,1975-052GG,21511,DEB,D,US,1975-06-12,AFWTR,1991-07-10,97.22,100.10,699,552,0.0300,,EA,IMP
DELTA 1 DEB,1975-052GH,21512,DEB,,US,1975-06-12,AFWTR,,107.41,99.89,1135,1079,0.0140,,EA,ORB
DELTA 1 DEB,1975-052GJ,21513,DEB,D,US,1975-06-12,AFWTR,1992-01-04,99.03,99.46,953,472,0.1226,,EA,IMP
DELTA 1 DEB,1975-052GK,21514,DEB,,US,1975-06-12,AFWTR,,109.45,99.85,1436,967,0.0136,,EA,ORB
DELTA 1 DEB,1975-052GL,21515,DEB,,US,1975-06-12,AFWTR,,110.87,99.70,1477,1057,0.0073,,EA,ORB
DELTA 1 DEB,1975-052GM,21516,DEB,,US,1975-06-12,AFWTR,,108.03,99.82,1189,1082,0.0129,,EA,ORB
DELTA 1 DEB,1975-052GN,21517,DEB,D,US,1975-06-12,AFWTR,1991-12-31,96.29,100.68,669,492,1.0000,,EA,IMP
DELTA 1 DEB,1975-052GP,21518,DEB,D,US,1975-06-12,AFWTR,1991-10-21,97.02,99.70,729,504,0.0860,,EA,IMP
DELTA 1 DEB,1975-052GQ,21519,DEB,D,US,1975-06-12,AFWTR,1991-11-11,99.46,100.76,865,600,0.0306,,EA,IMP
DELTA 1 DEB,1975-052GR,21520,DEB,D,US,1975-06-12,AFWTR,1991-11-21,95.80,98.30,640,475,0.0900,,EA,IMP
DELTA 1 DEB,1975-052GS,21521,DEB,D,US,1975-06-12,AFWTR,1999-06-19,93.66,101.20,510,398,0.0524,,EA,IMP
DELTA 1 DEB,1975-052GT,21522,DEB,D,US,1975-06-12,AFWTR,1991-11-08,97.99,98.86,788,538,0.0865,,EA,IMP
DELTA 1 DEB,1975-052GU,21523,DEB,,US,1975-06-12,AFWTR,,119.39,99.56,2228,1080,0.0074,,EA,ORB
DELTA 1 DEB,1975-052GV,21539,DEB,D,US,1975-06-12,AFWTR,1991-08-31,100.28,100.85,850,694,0.1000,,EA,IMP
DELTA 1 DEB,1975-052GW,21542,DEB,,US,1975-06-12,AFWTR,,107.58,100.27,1151,1078,0.0154,,EA,ORB
DELTA 1 DEB,1975-052GX,21543,DEB,D,US,1975-06-12,AFWTR,2025-01-03,98.83,99.42,744,662,0.0107,,EA,IMP
DELTA 1 DEB,1975-052GY,21544,DEB,D,US,1975-06-12,AFWTR,2022-09-09,91.99,99.94,380,365,0.0104,,EA,IMP
DELTA 1 DEB,1975-052GZ,21545,DEB,,US,1975-06-12,AFWTR,,108.90,99.70,1349,1003,0.0103,,EA,ORB
DELTA 1 DEB,1975-052HA,21546,DEB,,US,1975-06-12,AFWTR,,117.18,99.55,2034,1074,0.0512,,EA,ORB
DELTA 1 DEB,1975-052HB,21547,DEB,,US,1975-06-12,AFWTR,,106.06,99.74,1230,859,0.0566,,EA,ORB
DELTA 1 DEB,1975-052HC,21548,DEB,,US,1975-06-12,AFWTR,,111.13,99.81,1467,1090,0.0466,,EA,ORB
DELTA 1 DEB,1975-052HD,21549,DEB,,US,1975-06-12,AFWTR,,109.96,99.79,1380,1070,0.0136,,EA,ORB
DELTA 1 DEB,1975-052HE,21550,DEB,,US,1975-06-12,AFWTR,,115.57,99.84,1907,1055,0.0515,,EA,ORB
DELTA 1 DEB,1975-052HF,21551,DEB,,US,1975-06-12,AFWTR,,108.71,99.77,1247,1087,0.0065,,EA,ORB
DELTA 1 DEB,1975-052HG,21562,DEB,D,US,1975-06-12,AFWTR,1991-08-07,119.34,100.87,2721,582,1.0000,,EA,IMP
DELTA 1 DEB,1975-052HH,21563,DEB,D,US,1975-06-12,AFWTR,1991-10-09,99.39,99.00,882,576,0.0460,,EA,IMP
DELTA 1 DEB,1975-052HJ,21564,DEB,D,US,1975-06-12,AFWTR,1991-10-03,98.38,100.20,892,470,0.0200,,EA,IMP
DELTA 1 DEB,1975-052HK,21565,DEB,,US,1975-06-12,AFWTR,,112.32,99.83,1618,1049,0.0200,,EA,ORB
DELTA 1 DEB,1975-052HL,21566,DEB,,US,1975-06-12,AFWTR,,112.16,99.58,1576,1076,0.0106,,EA,ORB
DELTA 1 DEB,1975-052HM,21567,DEB,,US,1975-06-12,AFWTR,,105.67,99.86,1206,846,0.0044,,EA,ORB
DELTA 1 DEB,1975-052HN,21568,DEB,,US,1975-06-12,AFWTR,,105.88,99.89,1214,857,0.0055,,EA,ORB
DELTA 1 DEB,1975-052HP,21569,DEB,D,US,1975-06-12,AFWTR,1991-11-19,99.73,98.60,906,585,0.0650,,EA,IMP
DELTA 1 DEB,1975-052HQ,21570,DEB,,US,1975-06-12,AFWTR,,119.05,99.54,2190,1086,0.0305,,EA,ORB
DELTA 1 DEB,1975-052HR,21597,DEB,D,US,1975-06-12,AFWTR,1993-03-16,93.52,101.80,518,375,0.0159,,EA,IMP
DELTA 1 DEB,1975-052HS,21598,DEB,,US,1975-06-12,AFWTR,,112.12,99.57,1594,1054,0.0108,,EA,ORB
DELTA 1 DEB,1975-052HT,21599,DEB,,US,1975-06-12,AFWTR,,113.10,99.83,1710,1028,0.0113,,EA,ORB
DELTA 1 DEB,1975-052HU,21600,DEB,D,US,1975-06-12,AFWTR,1991-11-09,96.88,101.42,734,485,0.0030,,EA,IMP
DELTA 1 DEB,1975-052HV,21601,DEB,,US,1975-06-12,AFWTR,,115.17,99.82,1890,1036,0.0042,,EA,ORB
DELTA 1 DEB,1975-052HW,21602,DEB,,US,1975-06-12,AFWTR,,105.89,99.64,1091,981,0.0350,,EA,ORB
DELTA 1 DEB,1975-052HX,21671,DEB,D,US,1975-06-12,AFWTR,1991-10-23,95.75,100.97,586,524,0.0400,,EA,IMP
DELTA 1 DEB,1975-052HY,21672,DEB,D,US,1975-06-12,AFWTR,1991-12-11,97.55,98.48,803,481,0.0300,,EA,IMP
DELTA 1 DEB,1975-052HZ,21673,DEB,D,US,1975-06-12,AFWTR,1991-11-11,102.12,99.65,1117,602,0.4100,,EA,IMP
DELTA 1 DEB,1975-052JA,21674,DEB,,US,1975-06-12,AFWTR,,98.91,100.05,776,637,0.0190,,EA,ORB
DELTA 1 DEB,1975-052JB,21675,DEB,D,US,1975-06-12,AFWTR,1991-12-01,95.78,98.17,631,481,0.4400,,EA,IMP
DELTA 1 DEB,1975-052JC,21676,DEB,D,US,1975-06-12,AFWTR,1992-02-25,122.55,102.90,2243,1346,0.0222,,EA,IMP
DELTA 1 DEB,1975-052JD,21677,DEB,,US,1975-06-12,AFWTR,,113.21,99.93,1745,1003,0.0168,,EA,ORB
DELTA 1 DEB,1975-052JE,21678,DEB,,US,1975-06-12,AFWTR,,109.09,100.02,1449,920,0.0185,,EA,ORB
DELTA 1 DEB,1975-052JF,21679,DEB,D,US,1975-06-12,AFWTR,1991-10-13,96.29,99.13,671,491,0.1300,,EA,IMP
DELTA 1 DEB,1975-052JG,21680,DEB,,US,1975-06-12,AFWTR,,113.14,99.60,1667,1074,0.0367,,EA,ORB
DELTA 1 DEB,1975-052JH,21681,DEB,D,US,1975-06-12,AFWTR,1991-09-08,95.86,98.67,618,503,,,EA,IMP
DELTA 1 DEB,1975-052JJ,21682,DEB,,US,1975-06-12,AFWTR,,122.16,99.40,2450,1105,0.0138,,EA,ORB
DELTA 1 DEB,1975-052JK,21683,DEB,D,US,1975-06-12,AFWTR,1991-10-16,97.06,103.09,784,451,1.0000,,EA,IMP
DELTA 1 DEB,1975-052JL,21684,DEB,D,US,1975-06-12,AFWTR,1991-08-28,99.58,99.77,872,606,,,EA,IMP
DELTA 1 DEB,1975-052JM,21685,DEB,D,US,1975-06-12,AFWTR,1991-11-02,95.73,99.55,675,433,0.0900,,EA,IMP
DELTA 1 DEB,1975-052JN,21686,DEB,,US,1975-06-12,AFWTR,,101.15,99.99,914,712,0.0167,,EA,ORB
DELTA 1 DEB,1975-052JP,21687,DEB,D,US,1975-06-12,AFWTR,1991-11-08,120.12,96.62,2690,683,0.0100,,EA,IMP
DELTA 1 DEB,1975-052JQ,21754,DEB,,US,1975-06-12,AFWTR,,107.84,100.05,1183,1070,0.0144,,EA,ORB
DELTA 1 DEB,1975-052JR,21910,DEB,,US,1975-06-12,AFWTR,,112.42,99.64,1589,1087,0.0182,,EA,ORB
DELTA 1 DEB,1975-052JS,21914,DEB,,US,1975-06-12,AFWTR,,118.63,99.44,2125,1114,0.0482,,EA,ORB
DELTA 1 DEB,1975-052JT,21933,DEB,,US,1975-06-12,AFWTR,,108.79,99.32,1291,1051,0.0328,,EA,ORB
DELTA 1 DEB,1975-052JU,21934,DEB,,US,1975-06-12,AFWTR,,111.36,99.66,1513,1066,0.0197,,EA,ORB
DELTA 1 DEB,1975-052JV,21969,DEB,,US,1975-06-12,AFWTR,,107.39,99.02,1188,1024,0.0223,,EA,ORB
DELTA 1 DEB,1975-052JW,21972,DEB,,US,1975-06-12,AFWTR,,111.44,99.59,1550,1036,0.0129,,EA,ORB
DELTA 1 DEB,1975-052JX,21985,DEB,,US,1975-06-12,AFWTR,,102.40,99.56,897,848,0.0083,,EA,ORB
DELTA 1 DEB,1975-052JY,23309,DEB,,US,1975-06-12,AFWTR,,113.16,99.68,1677,1066,0.0101,,EA,ORB
DELTA 1 DEB,1975-052JZ,23310,DEB,,US,1975-06-12,AFWTR,,111.63,99.93,1548,1055,0.0156,,EA,ORB
DELTA 1 DEB,1975-052BA,25997,DEB,,US,1975-06-12,AFWTR,,99.89,100.00,836,671,0.0072,,EA,ORB
DELTA 1 DEB,1975-052KA,26036,DEB,,US,1975-06-12,AFWTR,,96.78,99.93,639,570,0.0079,,EA,ORB
TITAN 34B DEB,1975-017C,26618,DEB,D,US,1975-03-10,AFWTR,2000-11-23,91.66,63.14,605,107,1.9752,,EA,IMP
DELTA 1 DEB,1975-052KB,26701,DEB,,US,1975-06-12,AFWTR,,106.24,99.75,1245,860,0.0078,,EA,ORB
DELTA 1 DEB,1975-052KC,26822,DEB,,US,1975-06-12,AFWTR,,112.16,99.72,1565,1086,0.0089,,EA,ORB
DELTA 1 DEB,1975-052KD,26823,DEB,,US,1975-06-12,AFWTR,,106.23,100.00,1088,1015,0.0064,,EA,ORB
DELTA 1 DEB,1975-052KE,26826,DEB,,US,1975-06-12,AFWTR,,110.88,99.63,1497,1037,0.0129,,EA,ORB
DELTA 1 DEB,1975-052KF,26827,DEB,,US,1975-06-12,AFWTR,,108.17,99.78,1227,1057,0.0081,,EA,ORB
DELTA 1 DEB,1975-052KG,26828,DEB,,US,1975-06-12,AFWTR,,96.91,99.55,623,599,0.0041,,EA,ORB
DELTA 1 DEB,1975-052KH,26829,DEB,,US,1975-06-12,AFWTR,,109.89,99.57,1417,1026,0.0115,,EA,ORB
DELTA 1 DEB,1975-052KJ,26830,DEB,,US,1975-06-12,AFWTR,,108.69,99.72,1268,1064,0.0149,,EA,ORB
DELTA 1 DEB,1975-052KK,26831,DEB,,US,1975-06-12,AFWTR,,104.57,99.88,1022,927,0.0060,,EA,ORB
DELTA 1 DEB,1975-052KL,26832,DEB,,US,1975-06-12,AFWTR,,117.88,99.63,2081,1091,0.0150,,EA,ORB
DELTA 1 DEB,1975-052KM,26833,DEB,,US,1975-06-12,AFWTR,,113.06,99.73,1651,1083,0.0123,,EA,ORB
DELTA 1 DEB,1975-052KN,26834,DEB,,US,1975-06-12,AFWTR,,108.03,99.71,1178,1094,0.0138,,EA,ORB
DELTA 1 DEB,1975-052KP,26835,DEB,,US,1975-06-12,AFWTR,,104.30,99.70,992,931,0.0811,,EA,ORB
DELTA 1 DEB,1975-052KQ,26836,DEB,,US,1975-06-12,AFWTR,,108.51,99.81,1237,1079,0.0148,,EA,ORB
DELTA 1 DEB,1975-052KR,26837,DEB,,US,1975-06-12,AFWTR,,110.28,99.70,1456,1024,0.0057,,EA,ORB
DELTA 1 DEB,1975-052KS,26838,DEB,,US,1975-06-12,AFWTR,,111.22,99.26,1519,1047,0.0086,,EA,ORB
DELTA 1 DEB,1975-052KT,26839,DEB,,US,1975-06-12,AFWTR,,108.18,100.12,1206,1080,0.0165,,EA,ORB
DELTA 1 DEB,1975-052KU,26840,DEB,,US,1975-06-12,AFWTR,,113.08,99.70,1650,1086,0.0189,,EA,ORB
DELTA 1 DEB,1975-052KV,26841,DEB,,US,1975-06-12,AFWTR,,111.66,99.90,1696,910,0.0098,,EA,ORB
DELTA 1 DEB,1975-052KW,26842,DEB,,US,1975-06-12,AFWTR,,104.46,99.84,998,940,0.0046,,EA,ORB
DELTA 1 DEB,1975-052KX,26843,DEB,,US,1975-06-12,AFWTR,,108.90,99.71,1264,1088,0.0149,,EA,ORB
DELTA 1 DEB,1975-052KY,26844,DEB,,US,1975-06-12,AFWTR,,105.75,99.75,1063,996,0.0093,,EA,ORB
DELTA 1 DEB,1975-052KZ,26845,DEB,,US,1975-06-12,AFWTR,,113.79,99.19,1741,1059,0.0236,,EA,ORB
DELTA 1 DEB,1975-052LA,26846,DEB,,US,1975-06-12,AFWTR,,109.68,99.74,1343,1081,0.0568,,EA,ORB
DELTA 1 DEB,1975-052LB,26847,DEB,,US,1975-06-12,AFWTR,,108.51,99.67,1226,1089,0.0167,,EA,ORB
SL-3 DEB,1975-124C,26848,DEB,,CIS,1975-12-25,PLMSC,,102.12,81.28,868,850,0.0162,,EA,ORB
DELTA 1 DEB,1975-052LC,27574,DEB,D,US,1975-06-12,AFWTR,2023-04-14,101.68,99.85,1137,540,0.0348,,EA,IMP
DELTA 1 DEB,1975-052LD,27576,DEB,,US,1975-06-12,AFWTR,,105.25,99.28,1092,920,0.0092,,EA,ORB
DELTA 1 DEB,1975-052LE,27577,DEB,,US,1975-06-12,AFWTR,,106.85,99.09,1137,1025,0.0174,,EA,ORB
DELTA 1 DEB,1975-052LF,27578,DEB,,US,1975-06-12,AFWTR,,104.58,99.60,1009,941,0.0063,,EA,ORB
DELTA 1 DEB,1975-004HS,27726,DEB,,US,1975-01-22,AFWTR,,101.06,97.79,885,733,0.0129,,EA,ORB
METEOR 1-23 DEB,1975-124D,35422,DEB,,CIS,1975-12-25,PLMSC,,96.75,81.21,608,598,0.0115,,EA,ORB
DELTA 1 DEB,1975-052LG,35533,DEB,D,US,1975-06-12,AFWTR,2025-02-26,91.49,99.68,357,338,0.0147,,EA,IMP
DELTA 1 DEB,1975-052LH,35535,DEB,,US,1975-06-12,AFWTR,,104.40,98.83,1036,896,0.0112,,EA,ORB
METEOR 1-22 DEB,1975-087C,36302,DEB,,CIS,1975-09-18,PLMSC,,102.14,81.25,939,781,0.0173,,EA,ORB
DELTA 1 DEB,1975-052LJ,37627,DEB,D,US,1975-06-12,AFWTR,2011-05-29,93.45,100.76,561,326,0.0357,,EA,IMP
DELTA 1 DEB,1975-052LK,37628,DEB,D,US,1975-06-12,AFWTR,2011-07-16,94.68,100.39,603,403,0.0800,,EA,IMP
DELTA 1 DEB,1975-052LL,37629,DEB,D,US,1975-06-12,AFWTR,2011-06-18,94.18,100.38,575,382,0.0133,,EA,IMP
DELTA 1 DEB,1975-052LM,37630,DEB,D,US,1975-06-12,AFWTR,2011-06-09,95.12,100.47,647,403,0.0196,,EA,IMP
METEOR 2-1 DEB,1975-064E,38532,DEB,,CIS,1975-07-11,PLMSC,,96.43,81.17,589,586,0.0173,,EA,ORB
DELTA 1 DEB,1975-052LN,42629,DEB,,US,1975-06-12,AFWTR,,108.18,99.88,1198,1087,0.0078,,EA,ORB
DELTA 1 DEB,1975-052LP,42630,DEB,,US,1975-06-12,AFWTR,,99.35,99.91,829,627,0.0137,,EA,ORB
DELTA 1 DEB,1975-052LQ,42631,DEB,,US,1975-06-12,AFWTR,,106.16,99.75,1082,1016,0.0055,,EA,ORB
DELTA 1 DEB,1975-052LR,42632,DEB,,US,1975-06-12,AFWTR,,113.38,99.58,1691,1072,0.0132,,EA,ORB
DELTA 1 DEB,1975-052LS,42633,DEB,,US,1975-06-12,AFWTR,,108.63,99.66,1256,1070,0.0139,,EA,ORB
DELTA 1 DEB,1975-052LT,42634,DEB,,US,1975-06-12,AFWTR,,107.91,99.74,1177,1083,0.0140,,EA,ORB
DELTA 1 DEB,1975-052LU,42635,DEB,,US,1975-06-12,AFWTR,,106.13,99.76,1081,1013,0.0121,,EA,ORB
DELTA 1 DEB,1975-052LV,42636,DEB,,US,1975-06-12,AFWTR,,108.90,99.68,1275,1077,0.0115,,EA,ORB
DELTA 1 DEB,1975-052LW,42637,DEB,,US,1975-06-12,AFWTR,,109.24,99.86,1296,1087,0.0133,,EA,ORB
DELTA 1 DEB,1975-052LX,42638,DEB,,US,1975-06-12,AFWTR,,105.41,99.75,1044,983,0.0129,,EA,ORB
DELTA 1 DEB,1975-052LY,42639,DEB,,US,1975-06-12,AFWTR,,108.13,99.70,1193,1088,0.0171,,EA,ORB
DELTA 1 DEB,1975-052LZ,42640,DEB,,US,1975-06-12,AFWTR,,107.03,99.82,1250,929,0.0124,,EA,ORB
DELTA 1 DEB,1975-052MA,42641,DEB,,US,1975-06-12,AFWTR,,107.81,99.80,1170,1081,0.0175,,EA,ORB
DELTA 1 DEB,1975-052MB,42642,DEB,,US,1975-06-12,AFWTR,,108.15,99.89,1198,1085,0.0131,,EA,ORB
DELTA 1 DEB,1975-052MC,42643,DEB,,US,1975-06-12,AFWTR,,111.73,99.65,1533,1080,0.0120,,EA,ORB
DELTA 1 DEB,1975-052MD,42644,DEB,,US,1975-06-12,AFWTR,,109.31,99.63,1316,1074,0.0082,,EA,ORB
DELTA 1 DEB,1975-052ME,42645,DEB,,US,1975-06-12,AFWTR,,111.62,99.72,1509,1094,0.0160,,EA,ORB
DELTA 1 DEB,1975-052MF,42646,DEB,,US,1975-06-12,AFWTR,,107.77,100.00,1165,1082,0.0123,,EA,ORB
DELTA 1 DEB,1975-052MG,42647,DEB,,US,1975-06-12,AFWTR,,108.06,99.75,1186,1087,0.0063,,EA,ORB
DELTA 1 DEB,1975-052MH,42648,DEB,,US,1975-06-12,AFWTR,,106.17,100.34,1188,910,0.0126,,EA,ORB
DELTA 1 DEB,1975-052MJ,42649,DEB,,US,1975-06-12,AFWTR,,107.53,99.75,1139,1086,0.0095,,EA,ORB
DELTA 1 DEB,1975-052MK,42650,DEB,,US,1975-06-12,AFWTR,,107.08,99.78,1262,921,0.0167,,EA,ORB
DELTA 1 DEB,1975-052ML,42651,DEB,,US,1975-06-12,AFWTR,,106.94,99.30,1201,969,0.0140,,EA,ORB
DELTA 1 DEB,1975-052MM,42652,DEB,,US,1975-06-12,AFWTR,,108.01,99.79,1190,1080,0.0181,,EA,ORB
DELTA 1 DEB,1975-052MN,42653,DEB,,US,1975-06-12,AFWTR,,108.20,99.79,1195,1092,0.0195,,EA,ORB
DELTA 1 DEB,1975-052MP,42654,DEB,,US,1975-06-12,AFWTR,,111.46,99.74,1506,1082,0.0085,,EA,ORB
DELTA 1 DEB,1975-052MQ,42655,DEB,,US,1975-06-12,AFWTR,,110.88,99.60,1703,832,0.0131,,EA,ORB
DELTA 1 DEB,1975-052MR,42656,DEB,,US,1975-06-12,AFWTR,,107.91,99.69,1181,1079,0.0098,,EA,ORB
DELTA 1 DEB,1975-052MS,42657,DEB,,US,1975-06-12,AFWTR,,106.31,99.66,1089,1022,0.0091,,EA,ORB
DELTA 1 DEB,1975-052MT,42658,DEB,,US,1975-06-12,AFWTR,,114.21,99.80,1757,1082,0.0167,,EA,ORB
DELTA 1 DEB,1975-052MU,42659,DEB,,US,1975-06-12,AFWTR,,95.81,98.23,563,552,0.0108,,EA,ORB
DELTA 1 DEB,1975-052MV,42660,DEB,D,US,1975-06-12,AFWTR,2024-12-06,102.42,99.52,1064,682,0.0081,,EA,IMP
DELTA 1 DEB,1975-052MW,42661,DEB,,US,1975-06-12,AFWTR,,99.75,98.79,751,743,0.0124,,EA,ORB
DELTA 1 DEB,1975-052MX,48087,DEB,,US,1975-06-12,AFWTR,,107.18,99.68,1138,1053,,,EA,ORB
METEOR 2-1 DEB,1975-064F,57492,DEB,,CIS,1975-07-11,PLMSC,,100.73,81.28,799,787,,,EA,ORB
