OBJECT_NAME,OBJECT_ID,NORAD_CAT_ID,OBJECT_TYPE,OPS_STATUS_CODE,OWNER,LAUNCH_DATE,LAUNCH_SITE,DECAY_DATE,PERIOD,INCLINATION,APOGEE,PERIGEE,RCS,DATA_STATUS_CODE,ORBIT_CENTER,ORBIT_TYPE
COSMOS 1331,1982-001A,13027,PAY,,CIS,1982-01-07,PLMSC,,100.16,74.05,783,749,3.0440,,EA,ORB
SL-8 R/B,1982-001B,13028,R/B,,CIS,1982-01-07,PLMSC,,100.00,74.04,773,744,4.1390,,EA,ORB
SL-8 DEB,1982-001C,13029,DEB,,CIS,1982-01-07,PLMSC,,97.50,73.97,644,635,0.0134,,EA,ORB
SL-8 DEB,1982-001D,13030,DEB,D,CIS,1982-01-07,PLMSC,2025-12-12,89.00,73.96,231,219,0.0115,,EA,IMP
COSMOS 1332,1982-002A,13031,PAY,D,CIS,1982-01-12,PLMSC,1982-01-25,88.69,82.31,224,195,0.8615,,EA,IMP
SL-4 R/B,1982-002B,13032,R/B,D,CIS,1982-01-12,PLMSC,1982-01-16,87.49,82.30,154,146,32.0145,,EA,IMP
COSMOS 1333,1982-003A,13033,PAY,,CIS,1982-01-14,PLMSC,,104.84,82.94,1011,963,2.0760,,EA,ORB
SL-8 R/B,1982-003B,13034,R/B,,CIS,1982-01-14,PLMSC,,104.69,82.93,1003,957,4.2721,,EA,ORB
SATCOM 4,1982-004A,13035,PAY,,US,1982-01-16,AFETR,,1445.96,12.72,36192,35766,2.5119,,EA,ORB
COSMOS 1334,1982-005A,13036,PAY,D,CIS,1982-01-20,PLMSC,1982-02-03,89.63,72.86,286,226,17.0500,,EA,IMP
SL-4 R/B,1982-005B,13037,R/B,D,CIS,1982-01-20,PLMSC,1982-01-24,87.34,72.84,152,133,,,EA,IMP
SL-4 DEB,1982-005C,13038,DEB,D,CIS,1982-01-20,PLMSC,1982-01-22,88.92,72.85,264,178,0.0856,,EA,IMP
SL-4 DEB,1982-005D,13039,DEB,D,CIS,1982-01-20,PLMSC,1982-01-20,89.52,72.83,294,208,,,EA,IMP
OPS 2849,1982-006A,13040,PAY,D,US,1982-01-21,AFWTR,1982-05-23,97.47,97.23,644,632,38.1700,,EA,IMP
TITAN 3B AGENA R/B,1982-006B,13041,R/B,D,US,1982-01-21,AFWTR,1982-01-22,87.68,97.35,215,105,,,EA,IMP
COSMOS 1335,1982-007A,13042,PAY,D,CIS,1982-01-29,PLMSC,1987-04-05,87.53,74.00,158,146,20.2600,,EA,IMP
SL-8 R/B,1982-007B,13043,R/B,D,CIS,1982-01-29,PLMSC,1985-11-24,86.94,74.01,127,119,20.1387,,EA,IMP
COSMOS 1335 DEB,1982-007C,13044,DEB,D,CIS,1982-01-29,PLMSC,1982-01-30,94.54,74.04,509,483,,,EA,IMP
COSMOS 1336,1982-008A,13045,PAY,D,CIS,1982-01-30,TYMSC,1982-02-26,89.01,70.32,300,152,29.0700,,EA,IMP
SL-4 R/B,1982-008B,13046,R/B,D,CIS,1982-01-30,TYMSC,1982-02-02,88.17,70.34,226,143,43.9600,,EA,IMP
SL-4 DEB,1982-008C,13047,DEB,D,CIS,1982-01-30,TYMSC,1982-01-31,88.54,70.34,259,146,,,EA,IMP
COSMOS 1334 DEB,1982-005E,13048,DEB,D,CIS,1982-01-20,PLMSC,1982-02-04,90.06,72.86,352,203,,,EA,IMP
COSMOS 1334 DEB,1982-005F,13049,DEB,D,CIS,1982-01-20,PLMSC,1982-02-06,88.97,72.83,260,187,,,EA,IMP
COSMOS 1334 DEB,1982-005G,13050,DEB,D,CIS,1982-01-20,PLMSC,1982-02-17,88.09,72.84,191,169,,,EA,IMP
COSMOS 1334 DEB,1982-005H,13051,DEB,D,CIS,1982-01-20,PLMSC,1982-02-05,88.85,72.86,238,197,,,EA,IMP
COSMOS 1334 DEB,1982-005J,13052,DEB,D,CIS,1982-01-20,PLMSC,1982-02-05,88.09,72.84,194,166,,,EA,IMP
EKRAN 8,1982-009A,13056,PAY,-,CIS,1982-02-05,TYMSC,,1440.87,6.92,35999,35761,6.3095,,EA,ORB
SL-12 R/B(1),1982-009B,13057,R/B,D,CIS,1982-02-05,TYMSC,1982-02-07,87.41,51.62,148,144,,,EA,IMP
SL-12 PLAT,1982-009C,13058,DEB,D,CIS,1982-02-05,TYMSC,1982-02-06,87.35,51.61,146,141,,,EA,IMP
SL-12 R/B(AUX MOTOR),1982-009D,13059,R/B,D,CIS,1982-02-05,TYMSC,1982-11-16,94.96,46.47,941,92,,,EA,IMP
SL-12 R/B(AUX MOTOR),1982-009E,13060,R/B,D,CIS,1982-02-05,TYMSC,1984-11-26,87.80,46.35,227,104,1.6200,,EA,IMP
COSMOS 1337,1982-010A,13061,PAY,D,CIS,1982-02-11,TYMSC,1982-07-25,87.71,65.00,173,149,46.3500,,EA,IMP
SL-11 R/B,1982-010B,13062,R/B,D,CIS,1982-02-11,TYMSC,1982-02-11,88.60,65.00,302,108,,,EA,IMP
COSMOS 1338,1982-011A,13063,PAY,D,CIS,1982-02-16,PLMSC,1982-03-02,92.26,72.84,413,357,,,EA,IMP
SL-4 R/B,1982-011B,13064,R/B,D,CIS,1982-02-16,PLMSC,1982-02-24,87.53,72.82,168,136,,,EA,IMP
COSMOS 1339,1982-012A,13065,PAY,,CIS,1982-02-17,PLMSC,,104.67,82.90,1010,947,1.4824,,EA,ORB
SL-8 R/B,1982-012B,13066,R/B,,CIS,1982-02-17,PLMSC,,104.54,82.89,1004,942,4.0636,,EA,ORB
COSMOS 1340,1982-013A,13067,PAY,D,CIS,1982-02-19,PLMSC,2025-04-04,87.48,81.14,155,144,6.3351,,EA,IMP
SL-3 R/B,1982-013B,13068,R/B,,CIS,1982-02-19,PLMSC,,94.54,81.18,511,482,4.5120,,EA,ORB
WESTAR 4,1982-014A,13069,PAY,,US,1982-02-26,AFETR,,1443.28,12.57,35946,35909,3.2118,,EA,ORB
MOLNIYA 1-53,1982-015A,13070,PAY,,CIS,1982-02-26,PLMSC,,717.29,63.83,39076,1255,15.6867,,EA,ORB
SL-6 R/B(1),1982-015B,13071,R/B,D,CIS,1982-02-26,PLMSC,1982-03-08,87.65,62.85,184,132,,,EA,IMP
SL-6 PLAT,1982-015C,13072,DEB,D,CIS,1982-02-26,PLMSC,1982-03-13,87.53,62.83,173,132,23.5300,,EA,IMP
SL-6 R/B(2),1982-015D,13075,R/B,,CIS,1982-02-26,PLMSC,,726.88,63.10,39414,1389,7.4279,,EA,ORB
COSMOS 1338 DEB,1982-011C,13076,DEB,D,CIS,1982-02-16,PLMSC,1982-03-21,88.27,72.81,194,184,0.3100,,EA,IMP
COSMOS 1338 DEB,1982-011D,13077,DEB,D,CIS,1982-02-16,PLMSC,1982-09-27,88.08,72.83,182,177,0.8866,,EA,IMP
COSMOS 1338 DEB,1982-011E,13078,DEB,D,CIS,1982-02-16,PLMSC,1982-04-06,88.63,72.82,214,199,0.5500,,EA,IMP
COSMOS 1338 DEB,1982-011F,13079,DEB,D,CIS,1982-02-16,PLMSC,1982-03-19,92.10,72.85,405,350,0.3100,,EA,IMP
COSMOS 1341,1982-016A,13080,PAY,,CIS,1982-03-03,PLMSC,,716.92,71.99,35365,4948,7.5279,,EA,ORB
SL-6 R/B(1),1982-016B,13081,R/B,D,CIS,1982-03-03,PLMSC,1982-03-27,88.22,62.80,224,149,29.2400,,EA,IMP
SL-6 PLAT,1982-016C,13082,DEB,D,CIS,1982-03-03,PLMSC,1982-03-16,87.77,62.88,200,129,9.7600,,EA,IMP
INTELSAT 504,1982-017A,13083,PAY,-,ITSO,1982-03-05,AFETR,,1451.28,11.28,36151,36016,6.6928,,EA,ORB
COSMOS 1342,1982-018A,13084,PAY,D,CIS,1982-03-05,PLMSC,1982-03-19,89.56,72.86,279,226,12.6400,,EA,IMP
SL-4 R/B,1982-018B,13085,R/B,D,CIS,1982-03-05,PLMSC,1982-03-09,86.94,72.84,133,113,,,EA,IMP
OPS 8701 (DSP 10),1982-019A,13086,PAY,-,US,1982-03-06,AFETR,,1466.57,9.16,36399,36363,,,EA,ORB
ATLAS CENTAUR R/B,1982-017B,13087,R/B,D,US,1982-03-05,AFETR,1983-05-06,102.70,23.66,1651,122,25.4500,,EA,IMP
SATCOM 4 R/B [PAM-D],1982-004B,13088,R/B,D,US,1982-01-16,AFETR,1988-11-02,87.71,26.91,217,104,3.0305,,EA,IMP
TITAN 3C TRANSTAGE R/B,1982-019B,13089,R/B,,US,1982-03-06,AFETR,,1422.14,7.38,35561,35465,,,EA,ORB
SL-6 R/B(2),1982-016D,13090,R/B,,CIS,1982-03-03,PLMSC,,707.01,63.94,38930,892,4.7380,,EA,ORB
GORIZONT 5,1982-020A,13092,PAY,-,CIS,1982-03-15,TYMSC,,1461.45,8.20,36425,36138,2.2399,,EA,ORB
SL-12 R/B(1),1982-020B,13093,R/B,D,CIS,1982-03-15,TYMSC,1982-03-16,87.75,51.65,179,147,,,EA,IMP
SL-12 PLAT,1982-020C,13094,DEB,D,CIS,1982-03-15,TYMSC,1982-03-16,87.82,51.63,172,161,,,EA,IMP
SL-12 DEB,1982-020D,13095,DEB,D,CIS,1982-03-15,TYMSC,1982-03-16,87.87,51.64,172,166,,,EA,IMP
COSMOS 1343,1982-021A,13096,PAY,D,CIS,1982-03-17,PLMSC,1982-03-31,89.13,72.84,243,220,,,EA,IMP
SL-4 R/B,1982-021B,13097,R/B,D,CIS,1982-03-17,PLMSC,1982-03-21,87.60,72.83,168,144,,,EA,IMP
SL-12 R/B(AUX MOTOR),1982-020E,13099,R/B,D,CIS,1982-03-15,TYMSC,1983-09-14,637.00,47.23,36100,192,0.3100,,EA,IMP
COSMOS 1342 DEB,1982-018C,13100,DEB,D,CIS,1982-03-05,PLMSC,1982-03-21,88.83,72.85,245,188,,,EA,IMP
COSMOS 1342 DEB,1982-018D,13101,DEB,D,CIS,1982-03-05,PLMSC,1982-03-22,89.23,72.85,254,219,,,EA,IMP
COSMOS 1342 DEB,1982-018E,13102,DEB,D,CIS,1982-03-05,PLMSC,1982-04-01,87.47,72.84,153,146,2.8400,,EA,IMP
OPS 2849 DEB,1982-006C,13103,DEB,D,US,1982-01-21,AFWTR,1999-02-18,,,,,0.7087,NIE,EA,IMP
OPS 2849 DEB,1982-006D,13104,DEB,,US,1982-01-21,AFWTR,,,,,,,NEA,EA,ORB
OPS 2849 DEB,1982-006E,13105,DEB,,US,1982-01-21,AFWTR,,,,,,,NEA,EA,ORB
STS 3 (OFT-3),1982-022A,13106,PAY,D,US,1982-03-22,AFETR,1982-03-30,89.15,38.05,245,220,,,EA,LAN
MOLNIYA 3-18,1982-023A,13107,PAY,D,CIS,1982-03-24,PLMSC,1992-06-23,88.66,63.59,340,76,7.5642,,EA,IMP
SL-6 PLAT,1982-023B,13108,DEB,D,CIS,1982-03-24,PLMSC,1982-04-12,87.81,62.83,199,134,7.0900,,EA,IMP
SL-6 R/B(1),1982-023C,13109,R/B,D,CIS,1982-03-24,PLMSC,1982-04-19,87.91,62.82,195,147,36.2076,,EA,IMP
COSMOS 1344,1982-024A,13110,PAY,,CIS,1982-03-24,PLMSC,,104.79,82.92,1006,963,1.9692,,EA,ORB
SL-8 R/B,1982-024B,13111,R/B,,CIS,1982-03-24,PLMSC,,104.63,82.93,1008,947,4.4668,,EA,ORB
SL-6 R/B(2),1982-023D,13112,R/B,D,CIS,1982-03-24,PLMSC,1992-11-14,654.99,64.05,37102,108,0.7000,,EA,IMP
METEOR 2-8,1982-025A,13113,PAY,,CIS,1982-03-25,PLMSC,,103.93,82.54,958,930,4.2930,,EA,ORB
SL-14 R/B,1982-025B,13114,R/B,,CIS,1982-03-25,PLMSC,,103.99,82.54,959,935,4.4090,,EA,ORB
COSMOS 1343 DEB,1982-021C,13115,DEB,D,CIS,1982-03-17,PLMSC,1982-04-05,87.53,72.81,154,150,1.0000,,EA,IMP
COSMOS 1343 DEB,1982-021D,13116,DEB,D,CIS,1982-03-17,PLMSC,1982-04-01,88.19,72.83,190,180,1.0000,,EA,IMP
COSMOS 1343 DEB,1982-021E,13117,DEB,D,CIS,1982-03-17,PLMSC,1982-04-01,88.18,73.00,193,176,1.0000,,EA,IMP
COSMOS 1345,1982-026A,13118,PAY,D,CIS,1982-03-31,PLMSC,1989-09-27,87.38,73.99,152,137,10.1854,,EA,IMP
SL-8 R/B,1982-026B,13119,R/B,D,CIS,1982-03-31,PLMSC,1989-08-10,87.41,73.99,153,140,18.2421,,EA,IMP
COSMOS 1346,1982-027A,13120,PAY,D,CIS,1982-03-31,PLMSC,2017-12-17,87.28,81.17,145,135,7.3944,,EA,IMP
SL-3 R/B,1982-027B,13121,R/B,,CIS,1982-03-31,PLMSC,,94.11,81.19,482,469,5.1803,,EA,ORB
COSMOS 1347,1982-028A,13122,PAY,D,CIS,1982-04-02,TYMSC,1982-05-21,89.01,70.31,294,157,26.9900,,EA,IMP
SL-4 R/B,1982-028B,13123,R/B,D,CIS,1982-04-02,TYMSC,1982-04-05,87.82,70.35,194,139,,,EA,IMP
COSMOS 1348,1982-029A,13124,PAY,,CIS,1982-04-07,PLMSC,,718.64,71.78,32996,7402,14.9856,,EA,ORB
SL-6 R/B(1),1982-029B,13125,R/B,D,CIS,1982-04-07,PLMSC,1982-05-05,87.88,62.84,191,148,28.2600,,EA,IMP
SL-6 PLAT,1982-029C,13126,DEB,D,CIS,1982-04-07,PLMSC,1982-04-27,87.92,62.89,203,141,,,EA,IMP
COSMOS 1349,1982-030A,13127,PAY,,CIS,1982-04-08,PLMSC,,104.80,82.93,1007,963,2.0527,,EA,ORB
SL-8 R/B,1982-030B,13128,R/B,,CIS,1982-04-08,PLMSC,,104.65,82.92,1000,956,4.1579,,EA,ORB
INSAT-1A,1982-031A,13129,PAY,-,IND,1982-04-10,AFETR,,1435.89,6.99,35828,35737,0.6309,,EA,ORB
COSMOS 1350,1982-032A,13134,PAY,D,CIS,1982-04-15,PLMSC,1982-05-16,89.87,67.12,379,156,39.6700,,EA,IMP
SL-4 R/B,1982-032B,13135,R/B,D,CIS,1982-04-15,PLMSC,1982-04-18,88.19,67.13,225,145,,,EA,IMP
WESTAR 4 R/B [PAM-D],1982-014B,13136,R/B,D,US,1982-02-26,AFETR,1989-08-31,89.20,26.85,355,115,5.9684,,EA,IMP
INSAT-1A R/B [PAM-D],1982-031B,13137,R/B,D,US,1982-04-10,AFETR,1984-04-18,89.82,28.40,406,125,3.5300,,EA,IMP
SALYUT 7,1982-033A,13138,PAY,D,CIS,1982-04-19,TYMSC,1991-02-07,86.92,51.56,125,118,215.0800,,EA,IMP
SL-13 R/B,1982-033B,13139,R/B,D,CIS,1982-04-19,TYMSC,1982-04-24,87.38,51.60,146,144,,,EA,IMP
COSMOS 1335 DEB,1982-007D,13140,DEB,D,CIS,1982-01-29,PLMSC,1982-06-15,88.96,74.01,240,206,0.9200,,EA,IMP
COSMOS 1335 DEB,1982-007E,13141,DEB,D,CIS,1982-01-29,PLMSC,1982-06-11,90.01,74.02,283,267,0.1600,,EA,IMP
COSMOS 1351,1982-034A,13142,PAY,D,CIS,1982-04-21,KYMSC,1983-03-14,87.66,50.66,161,156,13.0437,,EA,IMP
SL-8 R/B,1982-034B,13143,R/B,D,CIS,1982-04-21,KYMSC,1983-02-22,87.62,50.66,162,151,18.9500,,EA,IMP
COSMOS 1352,1982-035A,13144,PAY,D,CIS,1982-04-21,TYMSC,1982-05-05,92.21,70.38,409,357,15.7600,,EA,IMP
SL-4 R/B,1982-035B,13145,R/B,D,CIS,1982-04-21,TYMSC,1982-04-29,87.34,70.36,154,132,,,EA,IMP
COSMOS 1353,1982-036A,13146,PAY,D,CIS,1982-04-23,PLMSC,1982-05-06,88.84,82.35,228,206,31.6800,,EA,IMP
SL-4 R/B,1982-036B,13147,R/B,D,CIS,1982-04-23,PLMSC,1982-04-26,87.70,82.35,165,156,,,EA,IMP
COSMOS 1354,1982-037A,13148,PAY,,CIS,1982-04-28,PLMSC,,100.50,74.04,788,776,1.9054,,EA,ORB
SL-8 R/B,1982-037B,13149,R/B,,CIS,1982-04-28,PLMSC,,100.23,74.04,779,759,4.4790,,EA,ORB
COSMOS 1355,1982-038A,13150,PAY,D,CIS,1982-04-29,TYMSC,1984-03-07,87.98,65.02,183,166,37.3148,,EA,IMP
SL-11 R/B,1982-038B,13151,R/B,D,CIS,1982-04-29,TYMSC,1982-04-29,89.13,65.04,354,109,,,EA,IMP
OPS 2849 DEB,1982-006F,13152,DEB,,US,1982-01-21,AFWTR,,,,,,,NEA,EA,ORB
COSMOS 1356,1982-039A,13153,PAY,D,CIS,1982-05-05,PLMSC,2023-07-08,87.22,81.05,144,129,9.0408,,EA,IMP
SL-3 R/B,1982-039B,13154,R/B,,CIS,1982-05-05,PLMSC,,95.31,81.15,555,513,5.2750,,EA,ORB
COSMOS 1352 DEB,1982-035C,13155,DEB,D,CIS,1982-04-21,TYMSC,1982-06-14,88.71,70.36,217,204,,,EA,IMP
COSMOS 1352 DEB,1982-035D,13156,DEB,D,CIS,1982-04-21,TYMSC,1982-11-30,87.43,70.34,151,143,2.5851,,EA,IMP
COSMOS 1352 DEB,1982-035E,13157,DEB,D,CIS,1982-04-21,TYMSC,1982-05-30,91.52,70.38,374,324,,,EA,IMP
COSMOS 1352 DEB,1982-035F,13158,DEB,D,CIS,1982-04-21,TYMSC,1982-07-02,89.12,70.36,234,229,0.6778,,EA,IMP
COSMOS 1353 DEB,1982-036C,13159,DEB,D,CIS,1982-04-23,PLMSC,1982-05-10,87.57,82.34,154,154,,,EA,IMP
COSMOS 1357,1982-040A,13160,PAY,,CIS,1982-05-06,PLMSC,,114.64,74.02,1478,1400,0.6659,,EA,ORB
COSMOS 1358,1982-040B,13161,PAY,,CIS,1982-05-06,PLMSC,,114.83,74.01,1480,1415,0.6627,,EA,ORB
COSMOS 1359,1982-040C,13162,PAY,,CIS,1982-05-06,PLMSC,,115.01,74.01,1481,1431,0.6817,,EA,ORB
COSMOS 1360,1982-040D,13163,PAY,,CIS,1982-05-06,PLMSC,,115.18,74.01,1482,1445,0.6775,,EA,ORB
COSMOS 1361,1982-040E,13164,PAY,,CIS,1982-05-06,PLMSC,,115.37,74.01,1483,1461,0.6753,,EA,ORB
COSMOS 1362,1982-040F,13165,PAY,,CIS,1982-05-06,PLMSC,,115.55,74.01,1495,1466,0.6749,,EA,ORB
COSMOS 1363,1982-040G,13166,PAY,,CIS,1982-05-06,PLMSC,,115.74,74.01,1504,1474,0.6958,,EA,ORB
COSMOS 1364,1982-040H,13167,PAY,,CIS,1982-05-06,PLMSC,,115.95,74.01,1523,1474,0.7001,,EA,ORB
SL-8 R/B,1982-040J,13168,R/B,,CIS,1982-05-06,PLMSC,,117.75,74.05,1688,1472,5.8109,,EA,ORB
SL-6 R/B(2),1982-029D,13169,R/B,,CIS,1982-04-07,PLMSC,,705.40,72.01,33832,5910,2.5118,,EA,ORB
OPS 5642,1982-041A,13170,PAY,D,US,1982-05-11,AFWTR,1982-12-05,88.71,96.23,253,169,27.4500,,EA,IMP
TITAN 3D R/B,1982-041B,13171,R/B,D,US,1982-05-11,AFWTR,1982-05-13,87.58,96.40,174,135,,,EA,IMP
OPS 6553,1982-041C,13172,PAY,,US,1982-05-11,AFWTR,,95.57,96.01,554,539,,,EA,ORB
SOYUZ-T 5,1982-042A,13173,PAY,D,CIS,1982-05-13,TYMSC,1982-08-27,90.60,51.63,315,293,43.3000,,EA,LAN
SL-4 R/B,1982-042B,13174,R/B,D,CIS,1982-05-13,TYMSC,1982-05-15,87.57,51.60,157,151,,,EA,IMP
COSMOS 1365,1982-043A,13175,PAY,,CIS,1982-05-14,TYMSC,,103.61,65.07,968,891,2.3870,,EA,ORB
ISKRA 2,1982-033C,13176,PAY,D,CIS,1982-04-19,TYMSC,1982-07-09,87.76,51.57,170,157,0.6700,,EA,IMP
COSMOS 1366,1982-044A,13177,PAY,,CIS,1982-05-17,TYMSC,,1436.09,8.16,35818,35755,0.1700,,EA,ORB
SL-12 PLAT,1982-044B,13178,DEB,D,CIS,1982-05-17,TYMSC,1982-05-18,87.14,51.62,136,130,,,EA,IMP
SL-12 R/B(1),1982-044C,13179,R/B,D,CIS,1982-05-17,TYMSC,1982-05-19,87.48,51.62,155,144,,,EA,IMP
SALYUT 7 DEB,1982-033D,13204,DEB,D,CIS,1982-04-19,TYMSC,1982-06-20,88.64,51.58,211,203,,,EA,IMP
COSMOS 1367,1982-045A,13205,PAY,,CIS,1982-05-20,PLMSC,,718.33,71.98,33391,6991,15.5699,,EA,ORB
SL-6 R/B(1),1982-045B,13206,R/B,D,CIS,1982-05-20,PLMSC,1982-06-17,88.06,62.80,203,153,,,EA,IMP
SL-6 PLAT,1982-045C,13207,DEB,D,CIS,1982-05-20,PLMSC,1982-06-04,88.05,62.84,219,137,20.6700,,EA,IMP
COSMOS 1368,1982-046A,13208,PAY,D,CIS,1982-05-21,TYMSC,1982-06-03,89.22,70.39,243,229,23.1700,,EA,IMP
SL-4 R/B,1982-046B,13209,R/B,D,CIS,1982-05-21,TYMSC,1982-05-29,87.69,70.37,172,148,,,EA,IMP
PROGRESS 13,1982-047A,13210,PAY,D,CIS,1982-05-23,TYMSC,1982-06-06,89.02,51.65,238,215,,,EA,IMP
SL-4 R/B,1982-047B,13211,R/B,D,CIS,1982-05-23,TYMSC,1982-05-25,87.40,51.61,153,138,,,EA,IMP
SL-4 DEB,1982-047C,13212,DEB,D,CIS,1982-05-23,TYMSC,1982-05-25,87.86,51.62,181,156,,,EA,IMP
COSMOS 1369,1982-048A,13213,PAY,D,CIS,1982-05-25,PLMSC,1982-06-08,89.91,82.32,284,257,,,EA,IMP
SL-4 R/B,1982-048B,13214,R/B,D,CIS,1982-05-25,PLMSC,1982-05-30,87.22,82.30,139,134,,,EA,IMP
SL-6 R/B(2),1982-045D,13215,R/B,D,CIS,1982-05-20,PLMSC,2009-01-18,87.40,62.08,197,94,5.0238,,EA,IMP
SL-4 DEB,1982-048C,13216,DEB,D,CIS,1982-05-25,PLMSC,1982-05-26,88.70,82.30,232,189,,,EA,IMP
SL-12 R/B(AUX MOTOR),1982-044D,13217,R/B,D,CIS,1982-05-17,TYMSC,1983-09-14,98.00,46.90,1236,90,0.7000,,EA,IMP
SL-12 R/B(AUX MOTOR),1982-044E,13218,R/B,D,CIS,1982-05-17,TYMSC,1983-09-14,627.65,47.03,35648,162,1.2300,,EA,IMP
COSMOS 1370,1982-049A,13219,PAY,D,CIS,1982-05-28,TYMSC,1982-07-11,89.14,64.84,253,211,31.0000,,EA,IMP
SL-4 R/B,1982-049B,13220,R/B,D,CIS,1982-05-28,TYMSC,1982-05-31,87.63,64.87,167,148,34.5600,,EA,IMP
MOLNIYA 1-54,1982-050A,13237,PAY,D,CIS,1982-05-28,PLMSC,1992-11-19,93.86,63.69,831,96,11.9900,,EA,IMP
SL-6 R/B(1),1982-050B,13238,R/B,D,CIS,1982-05-28,PLMSC,1982-07-12,87.90,62.82,191,149,20.8901,,EA,IMP
SL-6 PLAT,1982-050C,13239,DEB,D,CIS,1982-05-28,PLMSC,1982-06-28,87.77,62.80,189,138,,,EA,IMP
SL-6 DEB,1982-050D,13240,DEB,D,CIS,1982-05-28,PLMSC,1982-06-01,92.89,62.84,619,213,,,EA,IMP
COSMOS 1371,1982-051A,13241,PAY,,CIS,1982-06-01,PLMSC,,100.51,74.04,793,773,1.9413,,EA,ORB
SL-8 R/B,1982-051B,13242,R/B,,CIS,1982-06-01,PLMSC,,100.18,74.04,784,750,4.3998,,EA,ORB
COSMOS 1372,1982-052A,13243,PAY,,CIS,1982-06-01,TYMSC,,103.89,64.90,980,904,2.2680,,EA,ORB
COSMOS 1373,1982-053A,13244,PAY,D,CIS,1982-06-02,TYMSC,1982-06-16,91.98,70.38,387,357,,,EA,IMP
SL-4 R/B,1982-053B,13245,R/B,D,CIS,1982-06-02,TYMSC,1982-06-11,87.33,70.37,148,137,166.8200,,EA,IMP
COSMOS 1335 DEB,1982-007F,13246,DEB,D,CIS,1982-01-29,PLMSC,1982-08-17,89.23,74.03,247,226,0.1383,,EA,IMP
COSMOS 1335 DEB,1982-007G,13247,DEB,D,CIS,1982-01-29,PLMSC,1982-08-14,90.96,74.03,337,306,0.1200,,EA,IMP
COSMOS 1335 DEB,1982-007H,13248,DEB,D,CIS,1982-01-29,PLMSC,1982-08-11,89.16,74.02,245,221,0.1179,,EA,IMP
COSMOS 1335 DEB,1982-007J,13249,DEB,D,CIS,1982-01-29,PLMSC,1982-08-02,89.47,74.02,262,235,0.1000,,EA,IMP
COSMOS 1335 DEB,1982-007K,13250,DEB,D,CIS,1982-01-29,PLMSC,1982-07-29,89.14,74.01,246,218,0.1800,,EA,IMP
COSMOS 1335 DEB,1982-007L,13251,DEB,D,CIS,1982-01-29,PLMSC,1982-07-26,91.32,74.04,357,322,0.1100,,EA,IMP
COSMOS 1335 DEB,1982-007M,13252,DEB,D,CIS,1982-01-29,PLMSC,1982-07-24,89.22,74.00,250,221,0.1662,,EA,IMP
SL-6 R/B(2),1982-050E,13253,R/B,D,CIS,1982-05-28,PLMSC,1993-04-02,89.56,63.98,430,75,0.7000,,EA,IMP
COSMOS 1368 DEB,1982-046C,13254,DEB,D,CIS,1982-05-21,TYMSC,1982-06-06,87.59,70.39,161,149,,,EA,IMP
COSMOS 1368 DEB,1982-046D,13255,DEB,D,CIS,1982-05-21,TYMSC,1982-06-06,88.13,70.35,188,176,,,EA,IMP
COSMOS 1368 DEB,1982-046E,13256,DEB,D,CIS,1982-05-21,TYMSC,1982-06-09,87.47,70.38,154,144,,,EA,IMP
COSMOS 1374,1982-054A,13257,PAY,D,CIS,1982-06-03,KYMSC,1982-06-04,88.70,49.62,230,190,,,EA,IMP
SL-8 R/B,1982-054B,13258,R/B,D,CIS,1982-06-03,KYMSC,1982-06-05,87.55,50.66,169,138,,,EA,IMP
COSMOS 1375,1982-055A,13259,PAY,,CIS,1982-06-06,PLMSC,,103.97,65.83,958,934,0.8967,,EA,ORB
SL-8 R/B,1982-055B,13260,R/B,,CIS,1982-06-06,PLMSC,,104.76,65.83,1016,950,5.5021,,EA,ORB
SL-8 DEB,1982-055C,13261,DEB,,CIS,1982-06-06,PLMSC,,104.89,65.84,1004,975,0.4171,,EA,ORB
SL-12 R/B(AUX MOTOR),1982-020G,13262,R/B,D,CIS,1982-03-15,TYMSC,1982-10-15,125.02,46.93,3705,103,,,EA,IMP
COSMOS 1376,1982-056A,13263,PAY,D,CIS,1982-06-08,PLMSC,1982-06-22,89.96,82.34,284,261,,,EA,IMP
SL-4 R/B,1982-056B,13264,R/B,D,CIS,1982-06-08,PLMSC,1982-06-12,86.77,82.33,121,107,,,EA,IMP
COSMOS 1377,1982-057A,13265,PAY,D,CIS,1982-06-08,TYMSC,1982-07-22,88.68,64.88,254,165,74.3400,,EA,IMP
SL-4 R/B,1982-057B,13266,R/B,D,CIS,1982-06-08,TYMSC,1982-06-12,87.62,64.88,179,134,,,EA,IMP
COSMOS 1369 DEB,1982-048D,13267,DEB,D,CIS,1982-05-25,PLMSC,1982-06-27,87.57,82.30,165,143,,,EA,IMP
COSMOS 1369 DEB,1982-048E,13268,DEB,D,CIS,1982-05-25,PLMSC,1982-06-15,88.78,82.31,230,198,,,EA,IMP
WESTAR 5,1982-058A,13269,PAY,,US,1982-06-09,AFETR,,1451.42,13.07,36163,36009,3.0722,,EA,ORB
SALYUT 7 DEB,1982-033E,13270,DEB,D,CIS,1982-04-19,TYMSC,1982-06-24,89.93,51.63,283,259,,,EA,IMP
COSMOS 1378,1982-059A,13271,PAY,D,CIS,1982-06-10,PLMSC,2025-01-23,87.44,82.42,151,144,8.3594,,EA,IMP
SL-14 R/B,1982-059B,13272,R/B,,CIS,1982-06-10,PLMSC,,96.82,82.51,618,594,4.1070,,EA,ORB
SALYUT 7 DEB,1982-033F,13274,DEB,D,CIS,1982-04-19,TYMSC,1982-06-27,90.02,51.63,288,263,0.2380,,EA,IMP
SALYUT 7 DEB,1982-033G,13275,DEB,D,CIS,1982-04-19,TYMSC,1982-06-27,90.04,51.62,287,267,,,EA,IMP
COSMOS 1373 DEB,1982-053C,13276,DEB,D,CIS,1982-06-02,TYMSC,1982-07-19,88.09,70.36,190,170,2.5178,,EA,IMP
COSMOS 1373 DEB,1982-053D,13277,DEB,D,CIS,1982-06-02,TYMSC,1982-08-10,89.48,70.35,256,242,0.9100,,EA,IMP
COSMOS 1373 DEB,1982-053E,13278,DEB,D,CIS,1982-06-02,TYMSC,1982-11-04,87.48,70.36,155,144,2.3000,,EA,IMP
COSMOS 1373 DEB,1982-053F,13279,DEB,D,CIS,1982-06-02,TYMSC,1982-08-05,88.86,70.35,234,202,0.9833,,EA,IMP
COSMOS 1374 DEB,1982-054C,13280,DEB,D,CIS,1982-06-03,KYMSC,1982-06-03,,,,,,NIE,EA,IMP
COSMOS 1379,1982-060A,13281,PAY,D,CIS,1982-06-18,TYMSC,1982-06-18,93.87,65.06,789,138,,,EA,IMP
COSMOS 1380,1982-061A,13282,PAY,D,CIS,1982-06-18,PLMSC,1982-06-27,88.46,82.90,274,122,,,EA,IMP
COSMOS 1381,1982-062A,13283,PAY,D,CIS,1982-06-18,TYMSC,1982-07-01,92.54,70.37,436,362,31.6900,,EA,IMP
SL-11 R/B,1982-060B,13284,R/B,D,CIS,1982-06-18,TYMSC,1982-06-18,88.53,65.11,272,132,,,EA,IMP
SL-4 R/B,1982-062B,13285,R/B,D,CIS,1982-06-18,TYMSC,1982-06-28,86.96,70.34,131,117,,,EA,IMP
SL-8 R/B,1982-061B,13286,R/B,D,CIS,1982-06-18,PLMSC,1982-06-25,87.81,82.91,221,111,,,EA,IMP
SALYUT 7 DEB,1982-033H,13287,DEB,D,CIS,1982-04-19,TYMSC,1982-07-02,88.43,51.63,213,181,0.3100,,EA,IMP
COSMOS 1376 DEB,1982-056C,13288,DEB,D,CIS,1982-06-08,PLMSC,1982-07-14,87.89,82.33,181,159,1.4500,,EA,IMP
COSMOS 1376 DEB,1982-056D,13289,DEB,D,CIS,1982-06-08,PLMSC,1982-06-29,87.60,82.36,168,144,0.8763,,EA,IMP
COSMOS 1376 DEB,1982-056E,13290,DEB,D,CIS,1982-06-08,PLMSC,1982-06-22,89.41,82.45,274,217,,,EA,IMP
SALYUT 7 DEB,1982-033J,13291,DEB,D,CIS,1982-04-19,TYMSC,1982-07-09,88.53,51.62,205,199,0.0892,,EA,IMP
SOYUZ-T 6,1982-063A,13292,PAY,D,CIS,1982-06-24,TYMSC,1982-07-02,90.55,51.63,319,284,35.8028,,EA,LAN
SL-4 R/B,1982-063B,13293,R/B,D,CIS,1982-06-24,TYMSC,1982-06-26,87.84,51.61,173,162,,,EA,IMP
WESTAR 5 R/B [PAM-D],1982-058B,13294,R/B,D,US,1982-06-09,AFETR,1990-03-22,94.12,27.03,825,127,9.6476,,EA,IMP
COSMOS 1382,1982-064A,13295,PAY,,CIS,1982-06-25,PLMSC,,718.23,62.21,39662,715,8.2706,,EA,ORB
SL-6 R/B(1),1982-064B,13296,R/B,D,CIS,1982-06-25,PLMSC,1982-08-07,88.24,62.78,216,159,17.3300,,EA,IMP
SL-6 PLAT,1982-064C,13297,DEB,D,CIS,1982-06-25,PLMSC,1982-07-15,87.62,62.82,182,132,8.4858,,EA,IMP
SL-6 R/B(2),1982-064D,13298,R/B,,CIS,1982-06-25,PLMSC,,708.46,67.22,36618,3276,5.6579,,EA,ORB
SALYUT 7 DEB,1982-033K,13299,DEB,D,CIS,1982-04-19,TYMSC,1982-07-12,88.45,51.60,205,190,,,EA,IMP
STS 4 (OFT-4),1982-065A,13300,PAY,D,US,1982-06-27,AFETR,1982-07-04,90.77,28.51,319,306,361.1800,,EA,LAN
COSMOS 1383,1982-066A,13301,PAY,-,CIS,1982-06-29,PLMSC,,105.19,82.94,1025,982,2.5991,,EA,ORB
SL-8 R/B,1982-066B,13302,R/B,,CIS,1982-06-29,PLMSC,,105.07,82.93,1026,970,4.1626,,EA,ORB
COSMOS 1384,1982-067A,13303,PAY,D,CIS,1982-06-30,PLMSC,1982-07-30,88.48,67.13,246,153,,,EA,IMP
SL-4 R/B,1982-067B,13304,R/B,D,CIS,1982-06-30,PLMSC,1982-07-05,87.49,67.13,170,130,,,EA,IMP
COSMOS 1381 DEB,1982-062C,13305,DEB,D,CIS,1982-06-18,TYMSC,1982-08-11,88.33,70.36,201,183,3.6900,,EA,IMP
COSMOS 1381 DEB,1982-062D,13306,DEB,D,CIS,1982-06-18,TYMSC,1982-09-10,88.09,70.35,184,176,0.6400,,EA,IMP
COSMOS 1381 DEB,1982-062E,13307,DEB,D,CIS,1982-06-18,TYMSC,1982-07-13,90.92,70.39,354,285,,,EA,IMP
SALYUT 7 DEB,1982-033L,13332,DEB,D,CIS,1982-04-19,TYMSC,1982-08-11,88.37,51.62,196,192,11.2700,,EA,IMP
COSMOS 1385,1982-068A,13345,PAY,D,CIS,1982-07-06,PLMSC,1982-07-20,91.46,82.33,389,303,,,EA,IMP
SL-4 R/B,1982-068B,13346,R/B,D,CIS,1982-07-06,PLMSC,1982-07-08,87.31,82.31,148,134,,,EA,IMP
COSMOS 1386,1982-069A,13353,PAY,,CIS,1982-07-07,PLMSC,,104.60,82.96,1003,948,2.0842,,EA,ORB
SL-8 R/B,1982-069B,13354,R/B,,CIS,1982-07-07,PLMSC,,104.40,82.96,1005,927,4.4229,,EA,ORB
PROGRESS 14,1982-070A,13361,PAY,D,CIS,1982-07-10,TYMSC,1982-08-13,90.45,51.63,304,289,70.1800,,EA,IMP
SL-4 R/B,1982-070B,13362,R/B,D,CIS,1982-07-10,TYMSC,1982-07-12,87.31,51.61,144,138,,,EA,IMP
COSMOS 1381 DEB,1982-062F,13363,DEB,D,CIS,1982-06-18,TYMSC,1983-02-24,87.56,70.33,158,150,3.3822,,EA,IMP
COSMOS 1387,1982-071A,13365,PAY,D,CIS,1982-07-13,PLMSC,1982-07-26,88.71,82.33,222,199,,,EA,IMP
SL-4 R/B,1982-071B,13366,R/B,D,CIS,1982-07-13,PLMSC,1982-07-17,87.48,82.33,152,147,,,EA,IMP
LANDSAT 4,1982-072A,13367,PAY,D,US,1982-07-16,AFWTR,2025-10-08,87.54,98.16,160,146,6.4320,,EA,IMP
THOR DELTA 1 R/B,1982-072B,13368,R/B,D,US,1982-07-16,AFWTR,1984-07-12,87.56,101.73,164,144,13.1600,,EA,IMP
COSMOS 1385 DEB,1982-068C,13370,DEB,D,CIS,1982-07-06,PLMSC,1982-07-20,90.81,82.33,343,285,,,EA,IMP
COSMOS 1385 DEB,1982-068D,13371,DEB,D,CIS,1982-07-06,PLMSC,1982-08-17,88.02,82.31,181,172,0.4900,,EA,IMP
COSMOS 1385 DEB,1982-068E,13372,DEB,D,CIS,1982-07-06,PLMSC,1982-10-18,88.85,82.31,232,203,0.9797,,EA,IMP
COSMOS 1385 DEB,1982-068F,13373,DEB,D,CIS,1982-07-06,PLMSC,1982-08-09,89.28,82.32,269,209,0.7500,,EA,IMP
COSMOS 1385 DEB,1982-068G,13374,DEB,D,CIS,1982-07-06,PLMSC,1982-08-19,89.84,82.31,281,252,0.5300,,EA,IMP
COSMOS 1388,1982-073A,13375,PAY,,CIS,1982-07-21,PLMSC,,114.51,74.01,1474,1393,0.6729,,EA,ORB
COSMOS 1389,1982-073B,13376,PAY,,CIS,1982-07-21,PLMSC,,114.70,74.02,1475,1409,0.6730,,EA,ORB
COSMOS 1390,1982-073C,13377,PAY,,CIS,1982-07-21,PLMSC,,114.89,74.01,1475,1426,0.6750,,EA,ORB
COSMOS 1391,1982-073D,13378,PAY,,CIS,1982-07-21,PLMSC,,115.07,74.02,1475,1442,0.6542,,EA,ORB
COSMOS 1392,1982-073E,13379,PAY,,CIS,1982-07-21,PLMSC,,115.26,74.01,1474,1460,0.6850,,EA,ORB
COSMOS 1393,1982-073F,13380,PAY,,CIS,1982-07-21,PLMSC,,115.45,74.02,1483,1469,0.6763,,EA,ORB
COSMOS 1394,1982-073G,13381,PAY,,CIS,1982-07-21,PLMSC,,115.64,74.01,1495,1474,0.6783,,EA,ORB
COSMOS 1395,1982-073H,13382,PAY,,CIS,1982-07-21,PLMSC,,115.86,74.02,1515,1473,0.6938,,EA,ORB
MOLNIYA 1-55,1982-074A,13383,PAY,D,CIS,1982-07-21,TYMSC,1992-10-08,91.45,63.44,624,67,14.3441,,EA,IMP
SL-6 R/B(1),1982-074B,13384,R/B,D,CIS,1982-07-21,TYMSC,1982-09-20,87.95,62.95,203,143,8.0300,,EA,IMP
SL-6 PLAT,1982-074C,13385,DEB,D,CIS,1982-07-21,TYMSC,1982-09-20,87.32,62.93,152,131,21.9200,,EA,IMP
SL-8 R/B,1982-073J,13386,R/B,,CIS,1982-07-21,PLMSC,,117.92,74.00,1710,1465,5.7649,,EA,ORB
COSMOS 1387 DEB,1982-071C,13388,DEB,D,CIS,1982-07-13,PLMSC,1982-07-31,87.51,82.32,153,149,,,EA,IMP
COSMOS 1387 DEB,1982-071D,13389,DEB,D,CIS,1982-07-13,PLMSC,1982-07-27,88.40,82.33,199,192,,,EA,IMP
SL-6 R/B(2),1982-074D,13390,R/B,D,CIS,1982-07-21,TYMSC,1995-03-28,92.91,62.09,750,85,7.9449,,EA,IMP
COSMOS 1396,1982-075A,13391,PAY,D,CIS,1982-07-27,PLMSC,1982-08-10,89.21,72.85,248,223,12.4100,,EA,IMP
SL-4 R/B,1982-075B,13392,R/B,D,CIS,1982-07-27,PLMSC,1982-08-01,87.58,72.84,163,147,,,EA,IMP
COSMOS 1397,1982-076A,13394,PAY,D,CIS,1982-07-29,KYMSC,1983-05-18,87.51,50.66,153,149,15.7485,,EA,IMP
SL-8 R/B,1982-076B,13395,R/B,D,CIS,1982-07-29,KYMSC,1983-04-21,87.55,50.67,158,149,17.6900,,EA,IMP
COSMOS 1398,1982-077A,13396,PAY,D,CIS,1982-08-03,PLMSC,1982-08-13,88.59,82.36,213,197,12.6500,,EA,IMP
SL-4 R/B,1982-077B,13397,R/B,D,CIS,1982-08-03,PLMSC,1982-08-07,87.53,82.34,159,145,,,EA,IMP
SALYUT 7 DEB,1982-033M,13398,DEB,D,CIS,1982-04-19,TYMSC,1982-08-21,89.75,51.63,265,259,0.3100,,EA,IMP
COSMOS 1399,1982-078A,13399,PAY,D,CIS,1982-08-04,TYMSC,1982-09-16,88.87,64.87,264,173,50.7300,,EA,IMP
SL-4 R/B,1982-078B,13400,R/B,D,CIS,1982-08-04,TYMSC,1982-08-08,87.87,64.90,197,141,,,EA,IMP
SL-4 DEB,1982-078C,13401,DEB,D,CIS,1982-08-04,TYMSC,1982-08-08,89.72,64.90,350,171,1.0000,,EA,IMP
COSMOS 1400,1982-079A,13402,PAY,D,CIS,1982-08-05,PLMSC,2014-09-13,87.57,81.09,161,147,7.6340,,EA,IMP
SL-3 R/B,1982-079B,13403,R/B,,CIS,1982-08-05,PLMSC,,94.35,81.15,503,471,5.8217,,EA,ORB
COSMOS 1396 DEB,1982-075C,13406,DEB,D,CIS,1982-07-27,PLMSC,1982-08-19,87.46,72.84,151,146,,,EA,IMP
COSMOS 1396 DEB,1982-075D,13407,DEB,D,CIS,1982-07-27,PLMSC,1982-08-12,88.07,72.90,188,170,,,EA,IMP
SALYUT 7 DEB,1982-033N,13409,DEB,D,CIS,1982-04-19,TYMSC,1982-08-25,88.92,51.68,223,220,,,EA,IMP
SALYUT 7 DEB,1982-033P,13410,DEB,D,CIS,1982-04-19,TYMSC,1982-08-13,89.44,51.99,257,236,,,EA,IMP
COSMOS 1372 DEB [PELPS],1982-052B,13411,DEB,D,CIS,1982-06-01,TYMSC,1982-09-09,87.84,64.98,176,158,6.1300,,EA,IMP
COSMOS 1372 DEB[ANTENNA],1982-052C,13412,DEB,D,CIS,1982-06-01,TYMSC,1982-08-13,88.97,64.99,235,212,,,EA,IMP
COSMOS 1398 DEB,1982-077C,13414,DEB,D,CIS,1982-08-03,PLMSC,1982-08-13,88.41,82.35,199,192,,,EA,IMP
COSMOS 1398 DEB,1982-077D,13415,DEB,D,CIS,1982-08-03,PLMSC,1982-08-13,88.15,82.35,189,178,,,EA,IMP
COSMOS 1372 FUEL CORE,1982-052D,13416,DEB,,CIS,1982-06-01,TYMSC,,103.60,64.90,951,906,0.1725,,EA,ORB
SALYUT 7 DEB,1982-033Q,13417,DEB,D,CIS,1982-04-19,TYMSC,1982-09-01,88.37,51.63,199,189,0.2200,,EA,IMP
SALYUT 7 DEB,1982-033R,13418,DEB,D,CIS,1982-04-19,TYMSC,1982-08-25,88.57,51.60,209,198,,,EA,IMP
COSMOS 1335 DEB,1982-007P,13419,DEB,D,CIS,1982-01-29,PLMSC,1982-10-05,90.59,74.02,312,294,0.1186,,EA,IMP
COSMOS 1335 DEB,1982-007Q,13420,DEB,D,CIS,1982-01-29,PLMSC,1982-10-05,90.89,74.05,328,309,0.1298,,EA,IMP
COSMOS 1335 DEB,1982-007R,13421,DEB,D,CIS,1982-01-29,PLMSC,1982-09-29,90.07,74.01,291,264,0.1100,,EA,IMP
COSMOS 1335 DEB,1982-007S,13422,DEB,D,CIS,1982-01-29,PLMSC,1982-09-28,89.63,74.03,268,245,0.1300,,EA,IMP
SALYUT 7 DEB,1982-033S,13423,DEB,D,CIS,1982-04-19,TYMSC,1982-08-31,90.22,51.63,289,282,,,EA,IMP
SALYUT 7 DEB,1982-033T,13424,DEB,D,CIS,1982-04-19,TYMSC,1982-09-02,89.62,51.64,259,252,0.2300,,EA,IMP
SOYUZ-T 7,1982-080A,13425,PAY,D,CIS,1982-08-19,TYMSC,1982-12-10,91.58,51.62,355,349,,,EA,LAN
SL-4 R/B,1982-080B,13426,R/B,D,CIS,1982-08-19,TYMSC,1982-08-21,87.43,51.61,150,145,,,EA,IMP
COSMOS 1401,1982-081A,13427,PAY,D,CIS,1982-08-20,PLMSC,1982-09-03,89.95,82.34,284,260,9.6900,,EA,IMP
SL-4 R/B,1982-081B,13428,R/B,D,CIS,1982-08-20,PLMSC,1982-08-25,87.85,82.33,174,162,,,EA,IMP
COSMOS 1335 DEB,1982-007T,13429,DEB,D,CIS,1982-01-29,PLMSC,1982-10-04,92.30,74.05,407,367,0.1081,,EA,IMP
COSMOS 1335 DEB,1982-007U,13430,DEB,D,CIS,1982-01-29,PLMSC,1982-10-04,89.14,74.00,239,224,0.0900,,EA,IMP
ANIK D1 (TELESAT 6),1982-082A,13431,PAY,-,CA,1982-08-26,AFETR,,1438.60,12.14,35856,35815,1.5887,,EA,ORB
MOLNIYA 3-19,1982-083A,13432,PAY,D,CIS,1982-08-27,PLMSC,2002-01-13,90.41,62.24,512,77,12.3023,,EA,IMP
SL-6 R/B(1),1982-083B,13433,R/B,D,CIS,1982-08-27,PLMSC,1982-09-12,87.70,62.85,177,144,18.7887,,EA,IMP
SL-6 PLAT,1982-083C,13434,DEB,D,CIS,1982-08-27,PLMSC,1982-09-10,87.29,62.83,152,128,6.6800,,EA,IMP
SALYUT 7 DEB,1982-033U,13435,DEB,D,CIS,1982-04-19,TYMSC,1982-08-29,90.10,51.63,290,269,,,EA,IMP
SALYUT 7 DEB,1982-033V,13436,DEB,D,CIS,1982-04-19,TYMSC,1982-10-07,87.14,51.61,136,130,9.1000,,EA,IMP
SL-6 DEB,1982-083D,13437,DEB,D,CIS,1982-08-27,PLMSC,1982-09-04,90.20,62.84,374,194,1.0000,,EA,IMP
DELTA 1 R/B,1982-082B,13438,R/B,D,US,1982-08-26,AFETR,1982-09-18,88.19,25.95,211,158,7.9900,,EA,IMP
SALYUT 7 DEB,1982-033W,13439,DEB,D,CIS,1982-04-19,TYMSC,1982-09-06,90.52,51.62,310,290,,,EA,IMP
SALYUT 7 DEB,1982-033X,13440,DEB,D,CIS,1982-04-19,TYMSC,1982-09-27,89.67,51.61,263,253,,,EA,IMP
COSMOS 1402,1982-084A,13441,PAY,D,CIS,1982-08-30,TYMSC,1983-01-23,87.46,64.97,153,144,7.7200,,EA,IMP
SL-6 R/B(2),1982-083E,13446,R/B,D,CIS,1982-08-27,PLMSC,2001-12-23,90.31,62.12,505,74,7.5706,,EA,IMP
ANIK D1 R/B [PAM-D],1982-082C,13447,R/B,D,US,1982-08-26,AFETR,1985-08-23,89.29,24.34,365,114,4.1600,,EA,IMP
COSMOS 1403,1982-085A,13448,PAY,D,CIS,1982-09-01,TYMSC,1982-09-15,92.22,70.38,414,353,,,EA,IMP
COSMOS 1404,1982-086A,13449,PAY,D,CIS,1982-09-01,PLMSC,1982-09-15,92.27,72.85,414,357,,,EA,IMP
SL-4 R/B,1982-085B,13450,R/B,D,CIS,1982-09-01,TYMSC,1982-09-09,87.51,70.37,160,142,,,EA,IMP
SL-4 R/B,1982-086B,13451,R/B,D,CIS,1982-09-01,PLMSC,1982-09-10,87.46,72.83,162,135,,,EA,IMP
SL-4 DEB,1982-085C,13452,DEB,D,CIS,1982-09-01,TYMSC,1982-09-02,89.61,70.43,308,202,,,EA,IMP
SL-4 DEB,1982-086C,13453,DEB,D,CIS,1982-09-01,PLMSC,1982-09-02,89.52,72.82,309,193,,,EA,IMP
SL-4 DEB,1982-086D,13454,DEB,D,CIS,1982-09-01,PLMSC,1982-09-03,89.52,72.84,317,185,,,EA,IMP
KIKU-4 (ETS-III),1982-087A,13492,PAY,-,JPN,1982-09-03,TANSC,,105.01,44.62,1003,987,2.0430,,EA,ORB
N-1 R/B,1982-087B,13493,R/B,,JPN,1982-09-03,TANSC,,107.08,44.62,1221,962,1.7690,,EA,ORB
COSMOS 1401 DEB,1982-081C,13494,DEB,D,CIS,1982-08-20,PLMSC,1982-09-07,90.21,82.34,344,226,,,EA,IMP
COSMOS 1401 DEB,1982-081D,13495,DEB,D,CIS,1982-08-20,PLMSC,1982-09-09,87.36,82.31,151,136,,,EA,IMP
COSMOS 1401 DEB,1982-081E,13496,DEB,D,CIS,1982-08-20,PLMSC,1982-09-22,87.10,82.31,139,122,,,EA,IMP
COSMOS 1405,1982-088A,13508,PAY,D,CIS,1982-09-04,TYMSC,1984-02-05,87.88,64.99,174,165,33.9255,,EA,IMP
SL-11 R/B,1982-088B,13509,R/B,D,CIS,1982-09-04,TYMSC,1982-09-05,89.90,65.67,343,196,,,EA,IMP
N-1 DEB,1982-087C,13510,DEB,,JPN,1982-09-03,TANSC,,105.93,44.58,1156,919,0.0193,,EA,ORB
COSMOS 1406,1982-089A,13519,PAY,D,CIS,1982-09-08,PLMSC,1982-09-21,88.77,82.32,219,209,,,EA,IMP
SL-4 R/B,1982-089B,13520,R/B,D,CIS,1982-09-08,PLMSC,1982-09-11,87.43,82.30,149,145,,,EA,IMP
FSW-0 4,1982-090A,13521,PAY,D,PRC,1982-09-09,JSC,1982-09-21,87.30,62.97,156,126,,,EA,IMP
SALYUT 7 DEB,1982-033Y,13522,DEB,D,CIS,1982-04-19,TYMSC,1982-10-03,87.90,51.61,176,164,0.2390,,EA,IMP
SALYUT 7 DEB,1982-033Z,13523,DEB,D,CIS,1982-04-19,TYMSC,1982-10-02,87.82,51.60,170,163,0.1382,,EA,IMP
CZ-2C R/B,1982-090B,13540,R/B,D,PRC,1982-09-09,JSC,1982-09-09,89.27,62.87,373,104,,,EA,IMP
SALYUT 7 DEB,1982-033AA,13541,DEB,D,CIS,1982-04-19,TYMSC,1982-10-04,88.43,51.60,203,191,0.2378,,EA,IMP
COSMOS 1403 DEB,1982-085D,13542,DEB,D,CIS,1982-09-01,TYMSC,1983-04-05,87.37,70.34,151,137,0.2936,,EA,IMP
COSMOS 1403 DEB,1982-085E,13543,DEB,D,CIS,1982-09-01,TYMSC,1982-10-30,88.12,70.35,184,179,0.2600,,EA,IMP
COSMOS 1404 DEB,1982-086E,13544,DEB,D,CIS,1982-09-01,PLMSC,1982-10-25,92.69,72.84,465,348,0.9069,,EA,IMP
COSMOS 1403 DEB,1982-085F,13545,DEB,D,CIS,1982-09-01,TYMSC,1982-10-14,89.90,70.35,272,267,0.4300,,EA,IMP
COSMOS 1407,1982-091A,13546,PAY,D,CIS,1982-09-15,PLMSC,1982-10-16,89.52,67.14,327,175,78.0200,,EA,IMP
SL-4 R/B,1982-091B,13547,R/B,D,CIS,1982-09-15,PLMSC,1982-09-19,88.26,67.15,228,149,,,EA,IMP
COSMOS 1404 DEB,1982-086F,13548,DEB,D,CIS,1982-09-01,PLMSC,1982-10-17,89.96,72.84,279,266,0.3682,,EA,IMP
COSMOS 1404 DEB,1982-086G,13549,DEB,D,CIS,1982-09-01,PLMSC,1983-04-12,88.06,72.82,181,175,1.3200,,EA,IMP
COSMOS 1404 DEB,1982-086H,13550,DEB,D,CIS,1982-09-01,PLMSC,1982-10-30,91.03,72.83,342,308,0.5681,,EA,IMP
COSMOS 1403 DEB,1982-085G,13551,DEB,D,CIS,1982-09-01,TYMSC,1982-10-26,92.58,70.37,462,340,1.5780,,EA,IMP
COSMOS 1408,1982-092A,13552,PAY,D,CIS,1982-09-16,PLMSC,2024-10-27,87.40,82.53,150,141,7.4965,,EA,IMP
SL-14 R/B,1982-092B,13553,R/B,,CIS,1982-09-16,PLMSC,,96.85,82.57,623,593,4.0839,,EA,ORB
EKRAN 9,1982-093A,13554,PAY,-,CIS,1982-09-16,TYMSC,,1437.05,6.95,35919,35692,0.5011,,EA,ORB
SL-12 R/B(1),1982-093B,13555,R/B,D,CIS,1982-09-16,TYMSC,1982-09-18,87.25,51.63,141,136,,,EA,IMP
SL-12 PLAT,1982-093C,13556,DEB,D,CIS,1982-09-16,TYMSC,1982-09-17,87.88,51.59,170,169,,,EA,IMP
CZ-2C DEB,1982-090C,13557,DEB,D,PRC,1982-09-09,JSC,1982-09-11,,,,,,,EA,IMP
PROGRESS 15,1982-094A,13558,PAY,D,CIS,1982-09-18,TYMSC,1982-10-16,91.76,51.62,372,349,24.8000,,EA,IMP
SL-4 R/B,1982-094B,13559,R/B,D,CIS,1982-09-18,TYMSC,1982-09-20,87.63,51.64,163,151,,,EA,IMP
SALYUT 7 DEB,1982-033AB,13560,DEB,D,CIS,1982-04-19,TYMSC,1982-10-04,88.00,51.61,181,170,0.2373,,EA,IMP
COSMOS 1406 DEB,1982-089C,13581,DEB,D,CIS,1982-09-08,PLMSC,1982-09-25,87.26,82.31,144,134,,,EA,IMP
COSMOS 1406 DEB,1982-089D,13582,DEB,D,CIS,1982-09-08,PLMSC,1982-09-23,88.28,82.31,196,182,,,EA,IMP
SL-12 R/B(AUX MOTOR),1982-093D,13583,R/B,D,CIS,1982-09-16,TYMSC,1983-10-12,93.63,46.73,811,94,2.1000,,EA,IMP
SL-12 R/B(AUX MOTOR),1982-093E,13584,R/B,D,CIS,1982-09-16,TYMSC,1983-09-14,629.51,47.46,35593,313,0.8000,,EA,IMP
COSMOS 1409,1982-095A,13585,PAY,D,CIS,1982-09-22,PLMSC,2009-06-08,90.39,60.62,527,61,8.4830,,EA,IMP
SL-6 R/B(1),1982-095B,13586,R/B,D,CIS,1982-09-22,PLMSC,1982-10-17,89.40,62.84,307,182,5.0942,,EA,IMP
SL-6 PLAT,1982-095C,13587,DEB,D,CIS,1982-09-22,PLMSC,1982-10-13,88.12,62.83,216,146,20.1267,,EA,IMP
COSMOS 1410,1982-096A,13589,PAY,,CIS,1982-09-24,PLMSC,,115.91,82.61,1502,1492,9.3340,,EA,ORB
SL-14 R/B,1982-096B,13590,R/B,,CIS,1982-09-24,PLMSC,,115.88,82.61,1500,1490,3.9810,,EA,ORB
SL-6 R/B(2),1982-095D,13591,R/B,D,CIS,1982-09-22,PLMSC,2005-07-02,95.51,60.91,998,88,7.8220,,EA,IMP
COSMOS 1365 DEB[ANTENNA],1982-043B,13592,DEB,D,CIS,1982-05-14,TYMSC,1982-09-29,87.45,64.97,154,142,,,EA,IMP
COSMOS 1365 DEB [PELPS],1982-043C,13593,DEB,D,CIS,1982-05-14,TYMSC,1982-10-19,88.53,64.99,210,193,5.3100,,EA,IMP
COSMOS 1365 FUEL CORE,1982-043D,13594,DEB,,CIS,1982-05-14,TYMSC,,103.36,65.07,962,873,0.1525,,EA,ORB
INTELSAT 505,1982-097A,13595,PAY,-,ITSO,1982-09-28,AFETR,,1463.31,12.06,36374,36261,4.5072,,EA,ORB
SALYUT 7 DEB,1982-033AC,13596,DEB,D,CIS,1982-04-19,TYMSC,1982-10-28,90.48,51.62,319,278,0.1276,,EA,IMP
COSMOS 1411,1982-098A,13597,PAY,D,CIS,1982-09-30,PLMSC,1982-10-14,89.27,72.84,254,223,6.3900,,EA,IMP
SL-4 R/B,1982-098B,13598,R/B,D,CIS,1982-09-30,PLMSC,1982-10-06,87.77,72.83,189,139,25.9833,,EA,IMP
ATLAS CENTAUR R/B,1982-097B,13599,R/B,D,US,1982-09-28,AFETR,1992-02-16,87.55,24.16,184,122,27.6600,,EA,IMP
COSMOS 1412,1982-099A,13600,PAY,,CIS,1982-10-02,TYMSC,,103.87,64.81,982,900,2.3880,,EA,ORB
COSMOS 1365 DEB,1982-043E,13602,DEB,D,CIS,1982-05-14,TYMSC,1982-10-16,97.54,65.08,664,618,,,EA,IMP
COSMOS 1413 [GLONASS],1982-100A,13603,PAY,-,CIS,1982-10-12,TYMSC,,673.32,64.92,19089,19049,0.4302,,EA,ORB
SL-12 R/B(1),1982-100B,13604,R/B,D,CIS,1982-10-12,TYMSC,1982-10-14,87.46,51.64,153,144,,,EA,IMP
SL-12 PLAT,1982-100C,13605,DEB,D,CIS,1982-10-12,TYMSC,1982-10-13,87.52,51.64,163,141,,,EA,IMP
COSMOS 1414 [GLONASS],1982-100D,13606,PAY,-,CIS,1982-10-12,TYMSC,,675.73,64.83,19331,18928,0.9297,,EA,ORB
COSMOS 1415 [GLONASS],1982-100E,13607,PAY,-,CIS,1982-10-12,TYMSC,,673.49,64.90,19086,19061,0.3408,,EA,ORB
SL-12 R/B(AUX MOTOR),1982-100F,13608,R/B,,CIS,1982-10-12,TYMSC,,161.42,52.03,6633,252,0.6403,,EA,ORB
SL-12 R/B(AUX MOTOR),1982-100G,13609,R/B,,CIS,1982-10-12,TYMSC,,238.92,52.02,12465,287,0.8422,,EA,ORB
SL-12 R/B(2),1982-100H,13610,R/B,,CIS,1982-10-12,TYMSC,,672.88,64.93,19076,19040,1.6259,,EA,ORB
COSMOS 1416,1982-101A,13611,PAY,D,CIS,1982-10-14,TYMSC,1982-10-28,90.15,70.35,356,207,,,EA,IMP
SL-4 R/B,1982-101B,13612,R/B,D,CIS,1982-10-14,TYMSC,1982-10-23,89.78,70.30,305,222,,,EA,IMP
COSMOS 1411 DEB,1982-098C,13613,DEB,D,CIS,1982-09-30,PLMSC,1982-10-23,89.19,72.83,250,220,,,EA,IMP
COSMOS 1411 DEB,1982-098D,13614,DEB,D,CIS,1982-09-30,PLMSC,1982-10-15,89.02,72.84,235,218,,,EA,IMP
COSMOS 1365 DEB,1982-043F,13615,DEB,D,CIS,1982-05-14,TYMSC,1982-10-08,97.18,64.80,660,587,,,EA,IMP
COSMOS 1411 DEB,1982-098E,13616,DEB,D,CIS,1982-09-30,PLMSC,1982-10-16,,,,,,,EA,IMP
COSMOS 1417,1982-102A,13617,PAY,,CIS,1982-10-19,PLMSC,,104.68,82.97,1004,955,2.3581,,EA,ORB
SL-8 R/B,1982-102B,13618,R/B,,CIS,1982-10-19,PLMSC,,104.57,82.97,999,950,4.4797,,EA,ORB
GORIZONT 6,1982-103A,13624,PAY,-,CIS,1982-10-20,TYMSC,,1435.32,7.20,35783,35759,3.1622,,EA,ORB
SL-12 R/B(1),1982-103B,13625,R/B,D,CIS,1982-10-20,TYMSC,1982-10-22,,,,,,,EA,IMP
SL-12 PLAT,1982-103C,13626,DEB,D,CIS,1982-10-20,TYMSC,1982-10-21,,,,,,,EA,IMP
COSMOS 1418,1982-104A,13627,PAY,D,CIS,1982-10-21,KYMSC,1983-09-30,87.28,50.65,142,137,3.9300,,EA,IMP
SL-8 R/B,1982-104B,13628,R/B,D,CIS,1982-10-21,KYMSC,1983-03-30,88.06,50.67,180,177,23.3700,,EA,IMP
SL-12 R/B(AUX MOTOR),1982-103D,13629,R/B,D,CIS,1982-10-20,TYMSC,1983-07-05,127.90,46.72,3967,95,1.4900,,EA,IMP
SL-12 R/B(2),1982-103E,13630,R/B,,CIS,1982-10-20,TYMSC,,1435.43,7.16,35823,35723,1.9953,,EA,ORB
SATCOM C5,1982-105A,13631,PAY,-,US,1982-10-28,AFETR,,1436.06,12.03,35798,35774,7.0732,,EA,ORB
DELTA 1 R/B(1),1982-105B,13632,R/B,D,US,1982-10-28,AFETR,1988-12-16,87.79,26.54,191,139,34.2149,,EA,IMP
COSMOS 1416 DEB,1982-101C,13633,DEB,D,CIS,1982-10-14,TYMSC,1982-10-30,,,,,,,EA,IMP
COSMOS 1416 DEB,1982-101D,13634,DEB,D,CIS,1982-10-14,TYMSC,1982-11-08,87.00,70.35,127,124,2.5000,,EA,IMP
DSCS 2-15,1982-106A,13636,PAY,-,US,1982-10-30,AFETR,,1514.36,12.02,37321,37289,4.0540,,EA,ORB
DSCS 3-1,1982-106B,13637,PAY,-,US,1982-10-30,AFETR,,1471.99,12.34,36567,36405,7.1337,,EA,ORB
PROGRESS 16,1982-107A,13638,PAY,D,CIS,1982-10-31,TYMSC,1982-12-14,91.53,51.62,351,348,115.1800,,EA,IMP
TITAN 34D IUS R/B(1),1982-106C,13639,R/B,D,US,1982-10-30,AFETR,1983-09-14,104.67,27.81,1824,133,35.5500,,EA,IMP
SL-4 R/B,1982-107B,13640,R/B,D,CIS,1982-10-31,TYMSC,1982-11-02,87.69,51.62,171,150,35.9700,,EA,IMP
COSMOS 1419,1982-108A,13641,PAY,D,CIS,1982-11-02,TYMSC,1982-11-16,89.05,70.34,240,215,,,EA,IMP
SL-4 R/B,1982-108B,13642,R/B,D,CIS,1982-11-02,TYMSC,1982-11-06,87.63,70.33,165,149,,,EA,IMP
TITAN 34D IUS R/B(2),1982-106D,13643,R/B,,US,1982-10-30,AFETR,,1448.93,9.24,36205,35870,3.1622,,EA,ORB
SL-12 R/B(AUX MOTOR),1982-103F,13644,R/B,D,CIS,1982-10-20,TYMSC,1983-05-21,412.55,46.75,23806,152,1.0688,,EA,IMP
COSMOS 1412 DEB [PELPS],1982-099B,13645,DEB,D,CIS,1982-10-02,TYMSC,1982-12-04,87.42,64.97,152,142,13.3500,,EA,IMP
COSMOS 1412 DEB[ANTENNA],1982-099C,13646,DEB,D,CIS,1982-10-02,TYMSC,1982-11-12,88.09,64.98,184,177,,,EA,IMP
COSMOS 1412 DEB,1982-099D,13647,DEB,D,CIS,1982-10-02,TYMSC,1982-11-14,89.25,64.99,241,234,,,EA,IMP
COSMOS 1420,1982-109A,13648,PAY,,CIS,1982-11-11,PLMSC,,100.36,73.99,790,762,2.6099,,EA,ORB
SL-8 R/B,1982-109B,13649,R/B,,CIS,1982-11-11,PLMSC,,100.09,74.00,775,750,4.1441,,EA,ORB
STS 5,1982-110A,13650,PAY,D,US,1982-11-11,AFETR,1982-11-16,90.16,28.46,287,277,,,EA,LAN
SBS 3,1982-110B,13651,PAY,,US,1982-11-11,AFETR,,1440.91,12.44,35908,35854,15.8489,,EA,ORB
ANIK C3 (TELESAT 5),1982-110C,13652,PAY,-,CA,1982-11-11,AFETR,,1441.45,12.41,35895,35888,2.8757,,EA,ORB
COSMOS 1412 FUEL CORE,1982-099E,13653,DEB,,CIS,1982-10-02,TYMSC,,103.59,64.83,968,888,0.1519,,EA,ORB
COSMOS 1419 DEB,1982-108C,13654,DEB,D,CIS,1982-11-02,TYMSC,1982-11-21,88.19,70.33,191,178,,,EA,IMP
COSMOS 1419 DEB,1982-108D,13655,DEB,D,CIS,1982-11-02,TYMSC,1982-11-17,88.73,70.33,222,201,,,EA,IMP
COSMOS 1419 DEB,1982-108E,13656,DEB,D,CIS,1982-11-02,TYMSC,1982-11-17,88.12,70.34,187,175,,,EA,IMP
COSMOS 1419 DEB,1982-108F,13657,DEB,D,CIS,1982-11-02,TYMSC,1982-11-16,88.46,70.33,205,192,,,EA,IMP
SBS 3 R/B [PAM-D],1982-110D,13658,R/B,,US,1982-11-11,AFETR,,574.84,23.58,32674,372,2.7966,,EA,ORB
OPS 9627,1982-111A,13659,PAY,D,US,1982-11-17,AFWTR,1985-08-13,,,,,,NEA,EA,IMP
TITAN 3D R/B,1982-111B,13660,R/B,D,US,1982-11-17,AFWTR,1982-12-27,87.32,96.94,151,132,33.1900,,EA,IMP
COSMOS 1421,1982-112A,13661,PAY,D,CIS,1982-11-18,TYMSC,1982-12-02,89.45,70.35,273,222,,,EA,IMP
SL-4 R/B,1982-112B,13662,R/B,D,CIS,1982-11-18,TYMSC,1982-11-22,88.46,70.33,214,183,,,EA,IMP
ISKRA 3,1982-033AD,13663,PAY,D,CIS,1982-04-19,TYMSC,1982-12-16,87.89,51.60,171,169,0.2600,,EA,IMP
SALYUT 7 DEB,1982-033AE,13664,DEB,D,CIS,1982-04-19,TYMSC,1982-12-28,88.05,51.60,180,177,0.8200,,EA,IMP
SL-4 DEB,1982-112C,13665,DEB,D,CIS,1982-11-18,TYMSC,1982-11-22,88.02,70.36,191,162,,,EA,IMP
ANIK C3 R/B [PAM-D],1982-110E,13666,R/B,,US,1982-11-11,AFETR,,570.10,23.17,32447,346,2.5813,,EA,ORB
RADUGA 11,1982-113A,13669,PAY,-,CIS,1982-11-26,TYMSC,,1473.75,9.08,36703,36338,2.2387,,EA,ORB
SL-12 R/B(1),1982-113B,13670,R/B,D,CIS,1982-11-26,TYMSC,1982-11-27,87.51,51.60,154,148,,,EA,IMP
SL-12 PLAT,1982-113C,13671,DEB,D,CIS,1982-11-26,TYMSC,1982-11-28,87.57,51.61,157,151,,,EA,IMP
COSMOS 1421 DEB,1982-112D,13672,DEB,D,CIS,1982-11-18,TYMSC,1982-12-05,87.52,70.33,152,151,,,EA,IMP
COSMOS 1421 DEB,1982-112E,13673,DEB,D,CIS,1982-11-18,TYMSC,1982-12-06,88.32,70.32,213,169,,,EA,IMP
COSMOS 1421 DEB,1982-112F,13674,DEB,D,CIS,1982-11-18,TYMSC,1982-12-14,87.60,70.32,162,149,,,EA,IMP
SL-12 R/B(AUX MOTOR),1982-113D,13675,R/B,D,CIS,1982-11-26,TYMSC,1984-06-15,648.05,47.15,36617,239,0.6841,,EA,IMP
SL-12 R/B(AUX MOTOR),1982-113E,13676,R/B,D,CIS,1982-11-26,TYMSC,1983-10-12,616.04,46.56,35064,145,1.3200,,EA,IMP
COSMOS 1422,1982-114A,13677,PAY,D,CIS,1982-12-03,PLMSC,1982-12-17,89.41,72.85,272,219,,,EA,IMP
SL-4 R/B,1982-114B,13678,R/B,D,CIS,1982-12-03,PLMSC,1982-12-07,87.69,72.85,173,147,,,EA,IMP
SL-4 DEB,1982-114C,13679,DEB,D,CIS,1982-12-03,PLMSC,1982-12-04,88.26,72.85,219,157,,,EA,IMP
DELTA 1 R/B(2),1982-105C,13684,R/B,D,US,1982-10-28,AFETR,1984-02-10,90.26,24.50,453,122,3.3300,,EA,IMP
COSMOS 1423,1982-115A,13685,PAY,D,CIS,1982-12-08,TYMSC,1986-01-18,86.98,62.78,127,123,8.1600,,EA,IMP
SL-6 R/B(1),1982-115B,13686,R/B,D,CIS,1982-12-08,TYMSC,1982-12-27,88.11,62.92,201,160,,,EA,IMP
SL-6 DEB,1982-115C,13692,DEB,D,CIS,1982-12-08,TYMSC,1982-12-09,91.09,62.97,437,219,,,EA,IMP
SL-6 PLAT,1982-115D,13693,DEB,D,CIS,1982-12-08,TYMSC,1982-12-23,88.14,62.91,184,181,,,EA,IMP
SL-6 R/B(2),1982-115E,13696,R/B,D,CIS,1982-12-08,TYMSC,1988-05-16,86.94,62.78,128,118,23.1907,,EA,IMP
SL-6 DEB,1982-115F,13697,DEB,D,CIS,1982-12-08,TYMSC,1982-12-19,90.20,62.95,327,242,,,EA,IMP
SL-6 DEB,1982-115G,13698,DEB,D,CIS,1982-12-08,TYMSC,1982-12-21,91.49,62.92,392,304,,,EA,IMP
SL-6 DEB,1982-115H,13699,DEB,D,CIS,1982-12-08,TYMSC,1982-12-23,89.78,62.93,278,249,,,EA,IMP
SALYUT 7 DEB,1982-033AF,13700,DEB,D,CIS,1982-04-19,TYMSC,1983-03-26,87.42,51.60,151,143,14.3600,,EA,IMP
SL-6 DEB,1982-115J,13701,DEB,D,CIS,1982-12-08,TYMSC,1982-12-12,88.33,62.90,236,147,,,EA,IMP
SL-6 DEB,1982-115K,13702,DEB,D,CIS,1982-12-08,TYMSC,1982-12-26,88.42,62.92,237,156,,,EA,IMP
SL-6 DEB,1982-115L,13703,DEB,D,CIS,1982-12-08,TYMSC,1982-12-15,91.38,62.89,428,257,,,EA,IMP
SL-6 DEB,1982-115M,13704,DEB,D,CIS,1982-12-08,TYMSC,1984-04-12,88.21,62.76,190,182,0.0457,,EA,IMP
SL-6 DEB,1982-115N,13705,DEB,D,CIS,1982-12-08,TYMSC,1985-05-26,88.31,62.81,194,188,0.1683,,EA,IMP
SL-6 DEB,1982-115P,13706,DEB,D,CIS,1982-12-08,TYMSC,1983-04-08,93.76,62.82,530,387,,,EA,IMP
SL-6 DEB,1982-115Q,13707,DEB,D,CIS,1982-12-08,TYMSC,1984-06-07,87.88,62.86,173,165,0.5196,,EA,IMP
SL-6 DEB,1982-115R,13708,DEB,D,CIS,1982-12-08,TYMSC,1989-03-23,87.44,62.82,156,140,0.5300,,EA,IMP
SL-6 DEB,1982-115S,13709,DEB,D,CIS,1982-12-08,TYMSC,1983-11-01,88.23,62.92,193,181,0.0526,,EA,IMP
SL-6 DEB,1982-115T,13710,DEB,D,CIS,1982-12-08,TYMSC,1984-02-29,88.85,62.94,234,201,0.1886,,EA,IMP
SL-6 DEB,1982-115U,13711,DEB,D,CIS,1982-12-08,TYMSC,1983-09-03,86.97,62.66,131,118,0.2080,,EA,IMP
SL-6 DEB,1982-115V,13712,DEB,D,CIS,1982-12-08,TYMSC,1984-12-06,87.76,62.65,169,158,0.1044,,EA,IMP
SL-6 DEB,1982-115W,13713,DEB,D,CIS,1982-12-08,TYMSC,1985-12-11,88.22,62.78,195,178,0.1300,,EA,IMP
SL-6 DEB,1982-115X,13714,DEB,D,CIS,1982-12-08,TYMSC,1986-02-17,87.84,62.91,176,159,0.0774,,EA,IMP
SL-6 DEB,1982-115Y,13715,DEB,D,CIS,1982-12-08,TYMSC,1984-07-16,88.50,62.68,204,197,0.0900,,EA,IMP
SL-6 DEB,1982-115Z,13716,DEB,D,CIS,1982-12-08,TYMSC,1984-05-26,87.21,62.75,140,133,0.2502,,EA,IMP
SL-6 DEB,1982-115AA,13717,DEB,D,CIS,1982-12-08,TYMSC,1984-03-08,88.28,62.92,201,179,0.1476,,EA,IMP
METEOR 2-9,1982-116A,13718,PAY,,CIS,1982-12-14,PLMSC,,101.70,81.25,878,800,4.5920,,EA,ORB
SL-3 R/B,1982-116B,13719,R/B,,CIS,1982-12-14,PLMSC,,101.75,81.26,894,790,4.8875,,EA,ORB
SL-3 DEB,1982-116C,13720,DEB,,CIS,1982-12-14,PLMSC,,101.69,81.25,879,798,0.0341,,EA,ORB
SL-6 DEB,1982-115AB,13721,DEB,D,CIS,1982-12-08,TYMSC,1983-09-15,88.52,62.64,213,190,8.1500,,EA,IMP
SL-6 DEB,1982-115AC,13722,DEB,D,CIS,1982-12-08,TYMSC,1984-01-26,88.45,62.69,204,192,0.1400,,EA,IMP
COSMOS 1424,1982-117A,13725,PAY,D,CIS,1982-12-16,TYMSC,1983-01-28,88.82,64.87,268,164,8.9200,,EA,IMP
SL-4 R/B,1982-117B,13726,R/B,D,CIS,1982-12-16,TYMSC,1982-12-19,88.22,64.90,227,146,,,EA,IMP
COSMOS 1422 DEB,1982-114D,13727,DEB,D,CIS,1982-12-03,PLMSC,1982-12-29,87.45,72.84,152,144,,,EA,IMP
COSMOS 1422 DEB,1982-114E,13728,DEB,D,CIS,1982-12-03,PLMSC,1982-12-20,88.10,72.85,190,170,,,EA,IMP
COSMOS 1422 DEB,1982-114F,13730,DEB,D,CIS,1982-12-03,PLMSC,1982-12-18,88.12,72.85,197,166,,,EA,IMP
OPS 9845 (DMSP 5D-2 F6),1982-118A,13736,PAY,-,US,1982-12-21,AFWTR,,100.66,98.59,796,784,3.3278,,EA,ORB
DMSP 5D-2 F6 DEB,1982-118B,13737,DEB,D,US,1982-12-21,AFWTR,1991-10-01,88.67,98.50,214,203,0.1800,,EA,IMP
DMSP 5D-2 F6 DEB,1982-118C,13738,DEB,D,US,1982-12-21,AFWTR,1999-10-26,89.00,98.43,234,216,0.1843,,EA,IMP
COSMOS 1425,1982-119A,13739,PAY,D,CIS,1982-12-23,TYMSC,1983-01-06,92.17,69.97,415,347,18.9600,,EA,IMP
SL-4 R/B,1982-119B,13740,R/B,D,CIS,1982-12-23,TYMSC,1983-01-06,87.32,69.94,149,134,40.8400,,EA,IMP
SL-4 DEB,1982-119C,13741,DEB,D,CIS,1982-12-23,TYMSC,1982-12-28,90.58,69.90,442,163,,,EA,IMP
SL-4 DEB,1982-119D,13742,DEB,D,CIS,1982-12-23,TYMSC,1982-12-28,89.86,70.04,308,227,,,EA,IMP
COSMOS 1426,1982-120A,13745,PAY,D,CIS,1982-12-28,TYMSC,1983-03-05,90.63,50.52,404,207,33.4900,,EA,IMP
SL-4 R/B,1982-120B,13746,R/B,D,CIS,1982-12-28,TYMSC,1983-01-07,87.59,50.52,167,143,38.9700,,EA,IMP
COSMOS 1402 DEB[ANTENNA],1982-084B,13747,DEB,D,CIS,1982-08-30,TYMSC,1982-12-30,87.70,64.99,165,156,,,EA,IMP
COSMOS 1402 FUEL CORE,1982-084C,13748,DEB,D,CIS,1982-08-30,TYMSC,1983-02-07,87.24,64.98,140,135,0.1700,,EA,IMP
SL-4 DEB,1982-120C,13749,DEB,D,CIS,1982-12-28,TYMSC,1983-03-23,89.37,50.51,295,192,45.9066,,EA,IMP
COSMOS 1427,1982-121A,13750,PAY,D,CIS,1982-12-29,PLMSC,1989-10-05,87.14,65.79,140,125,5.9800,,EA,IMP
SL-8 R/B,1982-121B,13751,R/B,D,CIS,1982-12-29,PLMSC,1988-03-26,86.95,65.75,151,96,24.6000,,EA,IMP
SL-4 DEB,1982-120D,13752,DEB,D,CIS,1982-12-28,TYMSC,1983-01-07,89.34,50.52,292,192,39.8500,,EA,IMP
COSMOS 1425 DEB,1982-119E,13754,DEB,D,CIS,1982-12-23,TYMSC,1983-10-27,88.21,69.93,188,184,2.5787,,EA,IMP
COSMOS 1425 DEB,1982-119F,13755,DEB,D,CIS,1982-12-23,TYMSC,1983-03-03,88.82,69.93,221,212,0.4581,,EA,IMP
COSMOS 1425 DEB,1982-119G,13756,DEB,D,CIS,1982-12-23,TYMSC,1983-02-11,87.92,69.94,175,168,0.5383,,EA,IMP
DMSP 5D-2 F6 DEB,1982-118D,13773,DEB,D,US,1982-12-21,AFWTR,1991-06-06,90.53,98.52,311,291,0.0400,,EA,IMP
DMSP 5D-2 F6 DEB,1982-118E,13774,DEB,D,US,1982-12-21,AFWTR,1991-10-29,90.88,98.43,327,308,0.1408,,EA,IMP
COSMOS 1351 DEB,1982-034C,13833,DEB,D,CIS,1982-04-21,KYMSC,1983-02-27,88.04,50.68,186,169,,,EA,IMP
COSMOS 1351 DEB,1982-034D,13836,DEB,D,CIS,1982-04-21,KYMSC,1983-02-26,88.23,50.69,192,182,0.2000,,EA,IMP
COSMOS 1351 DEB,1982-034E,13837,DEB,D,CIS,1982-04-21,KYMSC,1983-02-26,88.82,50.64,225,208,,,EA,IMP
COSMOS 1351 DEB,1982-034F,13838,DEB,D,CIS,1982-04-21,KYMSC,1983-02-25,88.81,50.68,225,206,,,EA,IMP
COSMOS 1351 DEB,1982-034G,13839,DEB,D,CIS,1982-04-21,KYMSC,1983-02-25,88.71,50.68,219,202,,,EA,IMP
COSMOS 1351 DEB,1982-034H,13840,DEB,D,CIS,1982-04-21,KYMSC,1983-03-03,89.81,50.65,282,248,0.2041,,EA,IMP
COSMOS 1351 DEB,1982-034J,13841,DEB,D,CIS,1982-04-21,KYMSC,1983-02-27,88.20,50.66,192,179,,,EA,IMP
COSMOS 1351 DEB,1982-034K,13842,DEB,D,CIS,1982-04-21,KYMSC,1983-03-02,88.07,50.65,197,161,0.1645,,EA,IMP
COSMOS 1351 DEB,1982-034L,13852,DEB,D,CIS,1982-04-21,KYMSC,1983-02-26,88.16,50.66,188,178,,,EA,IMP
COSMOS 1351 DEB,1982-034M,13853,DEB,D,CIS,1982-04-21,KYMSC,1983-02-26,88.27,50.66,199,179,,,EA,IMP
COSMOS 1351 DEB,1982-034N,13854,DEB,D,CIS,1982-04-21,KYMSC,1983-02-26,88.95,50.70,229,216,,,EA,IMP
COSMOS 1351 DEB,1982-034P,13855,DEB,D,CIS,1982-04-21,KYMSC,1983-02-26,88.72,50.68,217,205,,,EA,IMP
COSMOS 1351 DEB,1982-034Q,13856,DEB,D,CIS,1982-04-21,KYMSC,1983-02-26,,,,,,,EA,IMP
COSMOS 1351 DEB,1982-034R,13857,DEB,D,CIS,1982-04-21,KYMSC,1983-03-05,88.58,50.64,211,197,,,EA,IMP
COSMOS 1351 DEB,1982-034S,13858,DEB,D,CIS,1982-04-21,KYMSC,1983-02-27,,,,,,,EA,IMP
COSMOS 1351 DEB,1982-034T,13859,DEB,D,CIS,1982-04-21,KYMSC,1983-02-26,,,,,,,EA,IMP
COSMOS 1351 DEB,1982-034U,13860,DEB,D,CIS,1982-04-21,KYMSC,1983-02-26,,,,,,,EA,IMP
COSMOS 1351 DEB,1982-034V,13861,DEB,D,CIS,1982-04-21,KYMSC,1983-02-26,,,,,,,EA,IMP
COSMOS 1351 DEB,1982-034W,13862,DEB,D,CIS,1982-04-21,KYMSC,1983-02-26,,,,,,,EA,IMP
COSMOS 1351 DEB,1982-034X,13863,DEB,D,CIS,1982-04-21,KYMSC,1983-02-26,,,,,,,EA,IMP
COSMOS 1351 DEB,1982-034Y,13864,DEB,D,CIS,1982-04-21,KYMSC,1983-02-26,,,,,,,EA,IMP
COSMOS 1351 DEB,1982-034Z,13865,DEB,D,CIS,1982-04-21,KYMSC,1983-03-03,88.95,50.69,231,215,,,EA,IMP
COSMOS 1351 DEB,1982-034AA,13866,DEB,D,CIS,1982-04-21,KYMSC,1983-02-26,,,,,,,EA,IMP
COSMOS 1351 DEB,1982-034AB,13867,DEB,D,CIS,1982-04-21,KYMSC,1983-02-25,,,,,,,EA,IMP
COSMOS 1426 DEB,1982-120E,13873,DEB,D,CIS,1982-12-28,TYMSC,1983-03-08,88.36,50.52,211,175,,,EA,IMP
SL-12 R/B(2),1982-020F,13899,R/B,,CIS,1982-03-15,TYMSC,,1459.94,8.16,36364,36140,6.5247,,EA,ORB
SL-6 DEB,1982-115AD,13937,DEB,D,CIS,1982-12-08,TYMSC,1983-04-21,89.13,62.83,248,216,0.3118,,EA,IMP
SL-6 DEB,1982-115AE,13938,DEB,D,CIS,1982-12-08,TYMSC,1984-05-05,87.95,62.85,182,164,0.3355,,EA,IMP
SL-12 R/B(2),1982-113F,13954,R/B,,CIS,1982-11-26,TYMSC,,1475.85,9.13,36667,36455,2.5399,,EA,ORB
COSMOS 1397 DEB,1982-076C,13981,DEB,D,CIS,1982-07-29,KYMSC,1983-04-22,89.89,50.66,288,250,,,EA,IMP
COSMOS 1397 DEB,1982-076D,13982,DEB,D,CIS,1982-07-29,KYMSC,1983-04-21,90.53,50.67,328,272,,,EA,IMP
COSMOS 1397 DEB,1982-076E,13986,DEB,D,CIS,1982-07-29,KYMSC,1983-04-13,90.74,50.68,343,279,,,EA,IMP
COSMOS 1397 DEB,1982-076F,13987,DEB,D,CIS,1982-07-29,KYMSC,1983-04-25,90.60,50.65,333,274,,,EA,IMP
COSMOS 1397 DEB,1982-076G,13988,DEB,D,CIS,1982-07-29,KYMSC,1983-04-18,88.40,50.68,196,194,,,EA,IMP
COSMOS 1397 DEB,1982-076H,13989,DEB,D,CIS,1982-07-29,KYMSC,1983-04-12,90.62,50.76,332,277,,,EA,IMP
COSMOS 1397 DEB,1982-076J,14008,DEB,D,CIS,1982-07-29,KYMSC,1983-04-24,90.58,50.69,330,276,,,EA,IMP
COSMOS 1397 DEB,1982-076K,14009,DEB,D,CIS,1982-07-29,KYMSC,1983-04-23,90.53,50.68,329,272,,,EA,IMP
COSMOS 1397 DEB,1982-076L,14010,DEB,D,CIS,1982-07-29,KYMSC,1983-04-24,89.87,50.69,284,252,,,EA,IMP
COSMOS 1397 DEB,1982-076M,14011,DEB,D,CIS,1982-07-29,KYMSC,1983-04-25,88.84,50.66,222,212,,,EA,IMP
COSMOS 1397 DEB,1982-076N,14012,DEB,D,CIS,1982-07-29,KYMSC,1983-04-24,89.44,50.67,268,225,,,EA,IMP
COSMOS 1397 DEB,1982-076P,14013,DEB,D,CIS,1982-07-29,KYMSC,1983-04-24,88.58,50.65,209,199,,,EA,IMP
COSMOS 1397 DEB,1982-076Q,14018,DEB,D,CIS,1982-07-29,KYMSC,1983-04-24,89.70,50.66,269,250,,,EA,IMP
COSMOS 1397 DEB,1982-076R,14019,DEB,D,CIS,1982-07-29,KYMSC,1983-04-24,89.78,50.66,276,252,,,EA,IMP
COSMOS 1397 DEB,1982-076S,14020,DEB,D,CIS,1982-07-29,KYMSC,1983-04-26,89.16,50.65,238,228,,,EA,IMP
COSMOS 1397 DEB,1982-076T,14021,DEB,D,CIS,1982-07-29,KYMSC,1983-04-24,89.46,50.66,257,239,,,EA,IMP
COSMOS 1397 DEB,1982-076U,14022,DEB,D,CIS,1982-07-29,KYMSC,1983-04-25,89.47,50.66,256,241,,,EA,IMP
COSMOS 1397 DEB,1982-076V,14023,DEB,D,CIS,1982-07-29,KYMSC,1983-04-27,89.66,50.67,285,230,,,EA,IMP
COSMOS 1397 DEB,1982-076W,14024,DEB,D,CIS,1982-07-29,KYMSC,1983-04-27,90.00,50.68,310,238,,,EA,IMP
COSMOS 1397 DEB,1982-076X,14025,DEB,D,CIS,1982-07-29,KYMSC,1983-04-24,89.30,50.66,255,225,,,EA,IMP
COSMOS 1397 DEB,1982-076Y,14031,DEB,D,CIS,1982-07-29,KYMSC,1983-04-24,88.46,50.62,213,184,,,EA,IMP
COSMOS 1397 DEB,1982-076Z,14035,DEB,D,CIS,1982-07-29,KYMSC,1983-04-25,,,,,,,EA,IMP
COSMOS 1335 DEB,1982-007V,14052,DEB,D,CIS,1982-01-29,PLMSC,1983-06-11,88.11,74.01,194,168,30.9000,,EA,IMP
COSMOS 1335 DEB,1982-007W,14053,DEB,D,CIS,1982-01-29,PLMSC,1983-06-10,88.94,74.02,237,208,19.0500,,EA,IMP
COSMOS 1335 DEB,1982-007X,14054,DEB,D,CIS,1982-01-29,PLMSC,1983-06-11,89.14,74.01,247,217,10.5400,,EA,IMP
COSMOS 1335 DEB,1982-007Y,14055,DEB,D,CIS,1982-01-29,PLMSC,1983-06-09,89.78,74.07,279,249,0.2600,,EA,IMP
COSMOS 1335 DEB,1982-007Z,14056,DEB,D,CIS,1982-01-29,PLMSC,1983-06-09,89.72,74.06,276,245,0.2900,,EA,IMP
COSMOS 1335 DEB,1982-007AA,14068,DEB,D,CIS,1982-01-29,PLMSC,1983-06-09,89.17,74.08,249,218,0.3400,,EA,IMP
SL-12 R/B(2),1982-044F,14114,R/B,,CIS,1982-05-17,TYMSC,,1436.07,8.04,35853,35720,1.2589,,EA,ORB
SL-12 R/B(2),1982-093F,14115,R/B,,CIS,1982-09-16,TYMSC,,1422.16,6.31,35546,35481,2.5712,,EA,ORB
SL-12 R/B(2),1982-009F,14117,R/B,,CIS,1982-02-05,TYMSC,,1425.99,6.30,35746,35431,2.3847,,EA,ORB
SL-8 DEB,1982-109C,14227,DEB,D,CIS,1982-11-11,PLMSC,1990-09-19,90.53,73.93,317,284,0.0288,,EA,IMP
COSMOS 1355 DEB,1982-038C,14265,DEB,D,CIS,1982-04-29,TYMSC,1983-09-13,92.09,64.54,471,283,0.1300,,EA,IMP
COSMOS 1355 DEB,1982-038D,14266,DEB,D,CIS,1982-04-29,TYMSC,1983-08-20,91.41,64.89,485,203,,,EA,IMP
COSMOS 1355 DEB,1982-038E,14267,DEB,D,CIS,1982-04-29,TYMSC,1983-09-20,91.04,65.08,351,300,0.2100,,EA,IMP
COSMOS 1355 DEB,1982-038F,14268,DEB,D,CIS,1982-04-29,TYMSC,1983-08-31,90.13,65.02,288,273,0.2606,,EA,IMP
COSMOS 1355 DEB,1982-038G,14269,DEB,D,CIS,1982-04-29,TYMSC,1983-08-25,91.36,64.76,369,313,0.2070,,EA,IMP
COSMOS 1355 DEB,1982-038H,14270,DEB,D,CIS,1982-04-29,TYMSC,1983-09-12,89.52,65.06,263,239,0.1700,,EA,IMP
COSMOS 1355 DEB,1982-038J,14271,DEB,D,CIS,1982-04-29,TYMSC,1983-08-14,90.84,65.24,363,269,,,EA,IMP
COSMOS 1355 DEB,1982-038K,14272,DEB,D,CIS,1982-04-29,TYMSC,1983-09-12,90.00,65.39,309,241,0.0170,,EA,IMP
COSMOS 1355 DEB,1982-038L,14273,DEB,D,CIS,1982-04-29,TYMSC,1983-08-20,88.14,65.04,194,171,,,EA,IMP
COSMOS 1355 DEB,1982-038M,14274,DEB,D,CIS,1982-04-29,TYMSC,1983-09-26,87.92,65.07,183,160,0.1895,,EA,IMP
COSMOS 1355 DEB,1982-038N,14275,DEB,D,CIS,1982-04-29,TYMSC,1984-02-16,90.28,65.04,298,279,,,EA,IMP
COSMOS 1355 DEB,1982-038P,14276,DEB,D,CIS,1982-04-29,TYMSC,1983-08-22,91.52,65.06,365,333,,,EA,IMP
COSMOS 1355 DEB,1982-038Q,14279,DEB,D,CIS,1982-04-29,TYMSC,1983-08-29,90.27,65.03,336,239,0.0585,,EA,IMP
COSMOS 1355 DEB,1982-038R,14280,DEB,D,CIS,1982-04-29,TYMSC,1983-11-26,90.01,65.05,287,263,0.0822,,EA,IMP
COSMOS 1355 DEB,1982-038S,14281,DEB,D,CIS,1982-04-29,TYMSC,1983-08-24,90.59,64.93,317,290,,,EA,IMP
COSMOS 1355 DEB,1982-038T,14282,DEB,D,CIS,1982-04-29,TYMSC,1983-08-20,91.02,65.16,346,303,,,EA,IMP
COSMOS 1355 DEB,1982-038U,14285,DEB,D,CIS,1982-04-29,TYMSC,1983-08-23,91.49,65.07,363,332,,,EA,IMP
COSMOS 1355 DEB,1982-038V,14286,DEB,D,CIS,1982-04-29,TYMSC,1983-08-23,92.05,65.12,448,302,,,EA,IMP
COSMOS 1355 DEB,1982-038W,14342,DEB,D,CIS,1982-04-29,TYMSC,1983-11-20,88.20,65.11,190,181,0.2600,,EA,IMP
SL-6 DEB,1982-115AF,14343,DEB,D,CIS,1982-12-08,TYMSC,1985-04-02,87.98,62.80,180,169,0.0300,,EA,IMP
SL-8 DEB,1982-037C,14344,DEB,,CIS,1982-04-28,PLMSC,,99.07,74.05,726,702,0.0166,,EA,ORB
SALYUT 7 DEB,1982-033AG,14386,DEB,D,CIS,1982-04-19,TYMSC,1983-11-16,88.29,51.59,194,186,0.3500,,EA,IMP
SALYUT 7 DEB,1982-033AH,14387,DEB,D,CIS,1982-04-19,TYMSC,1984-02-19,88.57,51.62,205,203,0.5000,,EA,IMP
SALYUT 7 DEB,1982-033AJ,14388,DEB,D,CIS,1982-04-19,TYMSC,1983-11-01,88.31,51.62,195,187,0.4600,,EA,IMP
SALYUT 7 DEB,1982-033AK,14392,DEB,D,CIS,1982-04-19,TYMSC,1984-03-15,87.50,51.61,153,149,0.4200,,EA,IMP
SALYUT 7 DEB,1982-033AL,14393,DEB,D,CIS,1982-04-19,TYMSC,1983-10-29,88.56,51.64,214,193,,,EA,IMP
SL-8 DEB,1982-051C,14398,DEB,,CIS,1982-06-01,PLMSC,,98.49,74.04,688,684,0.0382,,EA,ORB
SL-6 DEB,1982-115AG,14434,DEB,D,CIS,1982-12-08,TYMSC,1985-11-16,86.40,62.80,98,94,0.0900,,EA,IMP
COSMOS 1355 DEB,1982-038X,14435,DEB,D,CIS,1982-04-29,TYMSC,1983-11-12,88.17,64.99,190,177,0.1600,,EA,IMP
COSMOS 1355 DEB,1982-038Y,14436,DEB,D,CIS,1982-04-29,TYMSC,1983-12-23,88.41,64.96,201,191,0.1498,,EA,IMP
SALYUT 7 DEB,1982-033AM,14485,DEB,D,CIS,1982-04-19,TYMSC,1983-11-17,89.82,51.61,272,259,,,EA,IMP
SALYUT 7 DEB,1982-033AN,14486,DEB,D,CIS,1982-04-19,TYMSC,1983-11-18,89.59,51.62,263,245,,,EA,IMP
SALYUT 7 DEB,1982-033AP,14487,DEB,D,CIS,1982-04-19,TYMSC,1983-11-17,88.51,51.62,208,193,,,EA,IMP
SALYUT 7 DEB,1982-033AQ,14507,DEB,D,CIS,1982-04-19,TYMSC,1983-12-24,88.45,51.61,204,192,0.1500,,EA,IMP
SALYUT 7 DEB,1982-033AR,14508,DEB,D,CIS,1982-04-19,TYMSC,1983-12-04,89.72,51.62,265,255,0.0100,,EA,IMP
N-1 DEB,1982-087D,14569,DEB,,JPN,1982-09-03,TANSC,,106.21,44.84,1142,960,0.0631,,EA,ORB
COSMOS 1405 DEB,1982-088C,14599,DEB,D,CIS,1982-09-04,TYMSC,1984-01-03,87.86,64.89,180,157,0.3100,,EA,IMP
COSMOS 1405 DEB,1982-088D,14600,DEB,D,CIS,1982-09-04,TYMSC,1984-01-12,88.32,65.04,196,186,0.3100,,EA,IMP
COSMOS 1405 DEB,1982-088E,14601,DEB,D,CIS,1982-09-04,TYMSC,1984-01-03,89.93,65.07,291,251,0.3100,,EA,IMP
COSMOS 1405 DEB,1982-088F,14602,DEB,D,CIS,1982-09-04,TYMSC,1984-01-01,91.34,65.07,453,227,0.3100,,EA,IMP
COSMOS 1405 DEB,1982-088G,14603,DEB,D,CIS,1982-09-04,TYMSC,1984-01-08,88.73,64.88,220,203,,,EA,IMP
COSMOS 1405 DEB,1982-088H,14604,DEB,D,CIS,1982-09-04,TYMSC,1984-01-05,89.05,65.04,228,226,,,EA,IMP
COSMOS 1405 DEB,1982-088J,14605,DEB,D,CIS,1982-09-04,TYMSC,1984-02-19,88.05,64.95,186,170,0.2200,,EA,IMP
COSMOS 1405 DEB,1982-088K,14606,DEB,D,CIS,1982-09-04,TYMSC,1984-01-03,87.70,64.97,167,155,,,EA,IMP
COSMOS 1405 DEB,1982-088L,14636,DEB,D,CIS,1982-09-04,TYMSC,1984-01-08,91.07,64.98,338,316,,,EA,IMP
COSMOS 1405 DEB,1982-088M,14637,DEB,D,CIS,1982-09-04,TYMSC,1984-01-10,91.20,65.00,356,311,,,EA,IMP
COSMOS 1405 DEB,1982-088N,14638,DEB,D,CIS,1982-09-04,TYMSC,1983-12-31,91.60,65.05,380,325,,,EA,IMP
COSMOS 1405 DEB,1982-088P,14639,DEB,D,CIS,1982-09-04,TYMSC,1984-01-01,92.88,64.93,532,300,,,EA,IMP
COSMOS 1405 DEB,1982-088Q,14640,DEB,D,CIS,1982-09-04,TYMSC,1983-12-28,91.81,64.94,453,274,,,EA,IMP
COSMOS 1405 DEB,1982-088R,14641,DEB,D,CIS,1982-09-04,TYMSC,1984-01-01,91.66,65.06,385,327,,,EA,IMP
COSMOS 1405 DEB,1982-088S,14642,DEB,D,CIS,1982-09-04,TYMSC,1983-12-30,91.68,65.11,435,279,,,EA,IMP
COSMOS 1405 DEB,1982-088T,14643,DEB,D,CIS,1982-09-04,TYMSC,1984-01-04,91.03,64.95,334,317,,,EA,IMP
COSMOS 1405 DEB,1982-088U,14644,DEB,D,CIS,1982-09-04,TYMSC,1983-12-30,90.96,64.95,348,295,,,EA,IMP
COSMOS 1405 DEB,1982-088V,14645,DEB,D,CIS,1982-09-04,TYMSC,1983-12-31,91.78,65.05,397,327,,,EA,IMP
COSMOS 1405 DEB,1982-088W,14646,DEB,D,CIS,1982-09-04,TYMSC,1984-01-13,91.48,65.07,379,315,,,EA,IMP
COSMOS 1405 DEB,1982-088X,14647,DEB,D,CIS,1982-09-04,TYMSC,1984-01-06,91.96,65.10,412,329,,,EA,IMP
COSMOS 1405 DEB,1982-088Y,14648,DEB,D,CIS,1982-09-04,TYMSC,1984-02-21,90.97,65.01,334,310,,,EA,IMP
COSMOS 1405 DEB,1982-088Z,14649,DEB,D,CIS,1982-09-04,TYMSC,1984-01-04,91.06,64.97,356,297,,,EA,IMP
COSMOS 1405 DEB,1982-088AA,14650,DEB,D,CIS,1982-09-04,TYMSC,1984-01-09,91.48,65.04,366,328,,,EA,IMP
COSMOS 1405 DEB,1982-088AB,14651,DEB,D,CIS,1982-09-04,TYMSC,1984-01-05,90.81,65.00,331,298,,,EA,IMP
COSMOS 1405 DEB,1982-088AC,14652,DEB,D,CIS,1982-09-04,TYMSC,1984-02-27,90.93,65.01,340,300,15.1000,,EA,IMP
COSMOS 1405 DEB,1982-088AD,14653,DEB,D,CIS,1982-09-04,TYMSC,1984-01-28,91.13,65.03,346,314,,,EA,IMP
COSMOS 1405 DEB,1982-088AE,14654,DEB,D,CIS,1982-09-04,TYMSC,1984-01-14,90.53,65.08,315,286,,,EA,IMP
COSMOS 1405 DEB,1982-088AF,14655,DEB,D,CIS,1982-09-04,TYMSC,1984-02-03,89.23,65.00,243,230,83.7200,,EA,IMP
COSMOS 1405 DEB,1982-088AG,14656,DEB,D,CIS,1982-09-04,TYMSC,1984-02-19,91.15,64.95,342,320,,,EA,IMP
COSMOS 1405 DEB,1982-088AH,14657,DEB,D,CIS,1982-09-04,TYMSC,1984-01-31,88.38,64.95,197,191,0.0400,,EA,IMP
COSMOS 1405 DEB,1982-088AJ,14658,DEB,D,CIS,1982-09-04,TYMSC,1984-01-21,90.52,65.11,323,277,,,EA,IMP
COSMOS 1355 DEB,1982-038Z,14682,DEB,D,CIS,1982-04-29,TYMSC,1984-02-13,88.76,65.03,219,208,,,EA,IMP
COSMOS 1355 DEB,1982-038AA,14683,DEB,D,CIS,1982-04-29,TYMSC,1984-02-14,90.54,65.04,308,294,,,EA,IMP
COSMOS 1355 DEB,1982-038AB,14684,DEB,D,CIS,1982-04-29,TYMSC,1984-02-11,89.39,65.00,305,183,,,EA,IMP
COSMOS 1355 DEB,1982-038AC,14685,DEB,D,CIS,1982-04-29,TYMSC,1984-02-05,89.92,64.92,282,259,,,EA,IMP
COSMOS 1355 DEB,1982-038AD,14686,DEB,D,CIS,1982-04-29,TYMSC,1984-02-14,88.84,65.03,223,211,,,EA,IMP
COSMOS 1355 DEB,1982-038AE,14687,DEB,D,CIS,1982-04-29,TYMSC,1984-02-05,89.04,65.03,286,168,,,EA,IMP
COSMOS 1355 DEB,1982-038AF,14697,DEB,D,CIS,1982-04-29,TYMSC,1984-02-03,,,,,,,EA,IMP
SL-8 DEB,1982-037D,14811,DEB,,CIS,1982-04-28,PLMSC,,99.26,74.02,735,712,0.0092,,EA,ORB
SALYUT 7 DEB,1982-033AS,14857,DEB,D,CIS,1982-04-19,TYMSC,1984-03-29,88.75,51.69,228,198,,,EA,IMP
SALYUT 7 DEB,1982-033AT,14858,DEB,D,CIS,1982-04-19,TYMSC,1984-03-27,90.25,51.64,291,283,0.4060,,EA,IMP
SALYUT 7 DEB,1982-033AU,14859,DEB,D,CIS,1982-04-19,TYMSC,1984-04-04,89.06,51.61,240,216,0.3300,,EA,IMP
SALYUT 7 DEB,1982-033AV,14860,DEB,D,CIS,1982-04-19,TYMSC,1984-04-03,88.84,51.62,225,209,0.3100,,EA,IMP
SALYUT 7 DEB,1982-033AW,14861,DEB,D,CIS,1982-04-19,TYMSC,1984-04-11,90.27,51.62,302,273,0.3100,,EA,IMP
SALYUT 7 DEB,1982-033AX,14862,DEB,D,CIS,1982-04-19,TYMSC,1984-04-13,90.27,51.61,293,282,0.3100,,EA,IMP
SALYUT 7 DEB,1982-033AY,14863,DEB,D,CIS,1982-04-19,TYMSC,1984-04-03,90.08,51.64,280,277,0.3100,,EA,IMP
SALYUT 7 DEB,1982-033AZ,14864,DEB,D,CIS,1982-04-19,TYMSC,1984-04-14,88.29,51.61,211,169,0.3100,,EA,IMP
SALYUT 7 DEB,1982-033BA,14870,DEB,D,CIS,1982-04-19,TYMSC,1984-04-27,90.13,51.60,328,233,,,EA,IMP
SALYUT 7 DEB,1982-033BB,14871,DEB,D,CIS,1982-04-19,TYMSC,1984-04-15,90.32,51.62,328,252,,,EA,IMP
SALYUT 7 DEB,1982-033BC,14946,DEB,D,CIS,1982-04-19,TYMSC,1984-05-17,89.11,51.61,241,221,,,EA,IMP
SALYUT 7 DEB,1982-033BD,14949,DEB,D,CIS,1982-04-19,TYMSC,1984-06-16,87.31,51.60,142,141,0.1900,,EA,IMP
SALYUT 7 DEB,1982-033BE,14957,DEB,D,CIS,1982-04-19,TYMSC,1984-05-13,88.07,51.61,185,172,,,EA,IMP
SALYUT 7 DEB,1982-033BF,14958,DEB,D,CIS,1982-04-19,TYMSC,1984-05-14,89.80,51.62,283,246,,,EA,IMP
SALYUT 7 DEB,1982-033BG,14960,DEB,D,CIS,1982-04-19,TYMSC,1984-06-21,88.43,51.60,201,193,0.1900,,EA,IMP
SALYUT 7 DEB,1982-033BH,14975,DEB,D,CIS,1982-04-19,TYMSC,1984-05-24,88.03,51.60,178,176,,,EA,IMP
SALYUT 7 DEB,1982-033BJ,14976,DEB,D,CIS,1982-04-19,TYMSC,1984-05-26,88.18,51.62,195,173,,,EA,IMP
SALYUT 7 DEB,1982-033BK,14995,DEB,D,CIS,1982-04-19,TYMSC,1984-06-01,90.79,51.60,323,304,0.0100,,EA,IMP
SALYUT 7 DEB,1982-033BL,15105,DEB,D,CIS,1982-04-19,TYMSC,1984-08-07,90.83,51.60,323,307,0.2500,,EA,IMP
SALYUT 7 DEB,1982-033BM,15106,DEB,D,CIS,1982-04-19,TYMSC,1984-08-18,88.24,51.60,197,177,0.3100,,EA,IMP
SALYUT 7 DEB,1982-033BN,15107,DEB,D,CIS,1982-04-19,TYMSC,1984-08-14,88.74,51.58,230,194,317.3400,,EA,IMP
SALYUT 7 DEB,1982-033BP,15109,DEB,D,CIS,1982-04-19,TYMSC,1984-08-16,88.58,51.61,219,189,215.0800,,EA,IMP
SALYUT 7 DEB,1982-033BQ,15111,DEB,D,CIS,1982-04-19,TYMSC,1984-07-27,91.14,51.59,352,309,,,EA,IMP
SALYUT 7 DEB,1982-033BR,15112,DEB,D,CIS,1982-04-19,TYMSC,1984-07-30,91.16,51.59,360,304,,,EA,IMP
SALYUT 7 DEB,1982-033BS,15113,DEB,D,CIS,1982-04-19,TYMSC,1984-08-31,88.46,51.57,204,193,0.3800,,EA,IMP
SALYUT 7 DEB,1982-033BT,15114,DEB,D,CIS,1982-04-19,TYMSC,1984-08-26,89.16,51.59,239,227,0.4000,,EA,IMP
SALYUT 7 DEB,1982-033BU,15127,DEB,D,CIS,1982-04-19,TYMSC,1984-10-13,87.83,51.58,173,161,0.2269,,EA,IMP
SALYUT 7 DEB,1982-033BV,15128,DEB,D,CIS,1982-04-19,TYMSC,1984-08-09,87.79,51.57,194,136,0.4700,,EA,IMP
SALYUT 7 DEB,1982-033BW,15129,DEB,D,CIS,1982-04-19,TYMSC,1984-10-09,90.65,51.61,323,290,0.9974,,EA,IMP
SALYUT 7 DEB,1982-033BX,15130,DEB,D,CIS,1982-04-19,TYMSC,1984-09-22,89.43,51.61,251,242,0.2300,,EA,IMP
SALYUT 7 DEB,1982-033BY,15133,DEB,D,CIS,1982-04-19,TYMSC,1984-08-18,88.41,51.63,203,189,0.3100,,EA,IMP
SALYUT 7 DEB,1982-033BZ,15134,DEB,D,CIS,1982-04-19,TYMSC,1984-08-04,,,,,0.4100,,EA,IMP
SALYUT 7 DEB,1982-033CA,15135,DEB,D,CIS,1982-04-19,TYMSC,1984-09-27,88.60,51.58,207,204,0.2500,,EA,IMP
SALYUT 7 DEB,1982-033CB,15137,DEB,D,CIS,1982-04-19,TYMSC,1984-10-08,88.77,51.59,222,205,0.3281,,EA,IMP
SALYUT 7 DEB,1982-033CC,15138,DEB,D,CIS,1982-04-19,TYMSC,1984-08-18,90.41,51.69,349,240,0.2700,,EA,IMP
SALYUT 7 DEB,1982-033CD,15174,DEB,D,CIS,1982-04-19,TYMSC,1984-09-14,87.68,51.57,160,159,1.0300,,EA,IMP
SALYUT 7 DEB,1982-033CE,15175,DEB,D,CIS,1982-04-19,TYMSC,1984-08-31,90.94,51.60,329,312,0.3300,,EA,IMP
SALYUT 7 DEB,1982-033CF,15176,DEB,D,CIS,1982-04-19,TYMSC,1984-12-06,87.70,51.59,164,157,0.1861,,EA,IMP
SALYUT 7 DEB,1982-033CG,15177,DEB,D,CIS,1982-04-19,TYMSC,1984-09-22,88.98,51.58,227,221,0.3800,,EA,IMP
SALYUT 7 DEB,1982-033CH,15189,DEB,D,CIS,1982-04-19,TYMSC,1984-10-13,91.45,51.60,356,335,0.9000,,EA,IMP
SALYUT 7 DEB,1982-033CJ,15190,DEB,D,CIS,1982-04-19,TYMSC,1984-10-18,87.99,51.58,181,169,0.2800,,EA,IMP
SALYUT 7 DEB,1982-033CK,15192,DEB,D,CIS,1982-04-19,TYMSC,1986-05-21,87.42,51.60,152,141,0.2700,,EA,IMP
SALYUT 7 DEB,1982-033CL,15195,DEB,D,CIS,1982-04-19,TYMSC,1984-11-12,87.66,51.58,160,157,0.0700,,EA,IMP
SALYUT 7 DEB,1982-033CM,15196,DEB,D,CIS,1982-04-19,TYMSC,1984-10-04,88.14,51.59,190,175,0.1700,,EA,IMP
SALYUT 7 DEB,1982-033CN,15207,DEB,D,CIS,1982-04-19,TYMSC,1984-10-03,88.95,51.58,230,215,0.4863,,EA,IMP
SALYUT 7 DEB,1982-033CP,15208,DEB,D,CIS,1982-04-19,TYMSC,1984-12-05,88.77,51.58,219,209,0.1100,,EA,IMP
SALYUT 7 DEB,1982-033CQ,15209,DEB,D,CIS,1982-04-19,TYMSC,1984-10-25,88.35,51.59,195,191,0.2694,,EA,IMP
SALYUT 7 DEB,1982-033CR,15210,DEB,D,CIS,1982-04-19,TYMSC,1984-09-15,88.08,51.59,181,178,1.8700,,EA,IMP
SALYUT 7 DEB,1982-033CS,15211,DEB,D,CIS,1982-04-19,TYMSC,1984-10-06,89.07,51.59,236,221,0.1800,,EA,IMP
SALYUT 7 DEB,1982-033CT,15212,DEB,D,CIS,1982-04-19,TYMSC,1984-09-21,88.31,51.58,192,190,0.2200,,EA,IMP
SALYUT 7 DEB,1982-033CU,15213,DEB,D,CIS,1982-04-19,TYMSC,1984-10-08,88.31,51.58,208,174,0.3500,,EA,IMP
SALYUT 7 DEB,1982-033CV,15217,DEB,D,CIS,1982-04-19,TYMSC,1984-09-08,89.48,51.53,262,235,38.7700,,EA,IMP
SALYUT 7 DEB,1982-033CW,15218,DEB,D,CIS,1982-04-19,TYMSC,1984-09-19,88.55,51.59,212,194,0.2200,,EA,IMP
SALYUT 7 DEB,1982-033CX,15247,DEB,D,CIS,1982-04-19,TYMSC,1986-05-13,88.08,51.63,185,174,0.2355,,EA,IMP
SALYUT 7 DEB,1982-033CY,15248,DEB,D,CIS,1982-04-19,TYMSC,1984-12-12,90.92,51.64,325,315,0.2600,,EA,IMP
SALYUT 7 DEB,1982-033CZ,15249,DEB,D,CIS,1982-04-19,TYMSC,1984-12-26,88.11,51.61,185,177,0.2900,,EA,IMP
SALYUT 7 DEB,1982-033DA,15250,DEB,D,CIS,1982-04-19,TYMSC,1984-12-12,87.53,51.61,158,147,0.3500,,EA,IMP
SALYUT 7 DEB,1982-033DB,15251,DEB,D,CIS,1982-04-19,TYMSC,1984-10-16,88.47,51.61,212,186,0.4088,,EA,IMP
SALYUT 7 DEB,1982-033DC,15252,DEB,D,CIS,1982-04-19,TYMSC,1984-12-08,88.49,51.62,204,196,0.2300,,EA,IMP
SALYUT 7 DEB,1982-033DD,15253,DEB,D,CIS,1982-04-19,TYMSC,1984-09-25,89.95,51.59,279,265,0.0031,,EA,IMP
SALYUT 7 DEB,1982-033DE,15254,DEB,D,CIS,1982-04-19,TYMSC,1984-11-10,88.71,51.59,216,205,0.1400,,EA,IMP
SALYUT 7 DEB,1982-033DF,15255,DEB,D,CIS,1982-04-19,TYMSC,1984-11-01,89.05,51.63,232,223,0.3000,,EA,IMP
SALYUT 7 DEB,1982-033DG,15256,DEB,D,CIS,1982-04-19,TYMSC,1984-12-08,87.34,51.57,150,135,0.2098,,EA,IMP
SALYUT 7 DEB,1982-033DH,15273,DEB,D,CIS,1982-04-19,TYMSC,1984-10-03,91.98,51.62,376,367,0.3800,,EA,IMP
SALYUT 7 DEB,1982-033DJ,15274,DEB,D,CIS,1982-04-19,TYMSC,1984-12-24,88.33,51.61,196,187,0.3700,,EA,IMP
SALYUT 7 DEB,1982-033DK,15275,DEB,D,CIS,1982-04-19,TYMSC,1984-12-11,88.43,51.62,202,191,0.3800,,EA,IMP
SALYUT 7 DEB,1982-033DL,15276,DEB,D,CIS,1982-04-19,TYMSC,1984-11-29,89.78,51.62,325,202,0.2371,,EA,IMP
SALYUT 7 DEB,1982-033DM,15281,DEB,D,CIS,1982-04-19,TYMSC,1985-01-11,88.59,51.61,207,203,0.3883,,EA,IMP
SALYUT 7 DEB,1982-033DN,15282,DEB,D,CIS,1982-04-19,TYMSC,1985-01-03,88.23,51.63,191,183,116.2300,,EA,IMP
SALYUT 7 DEB,1982-033DP,15283,DEB,D,CIS,1982-04-19,TYMSC,1985-02-14,87.97,51.59,180,167,0.2183,,EA,IMP
SALYUT 7 DEB,1982-033DQ,15284,DEB,D,CIS,1982-04-19,TYMSC,1984-12-05,88.68,51.68,210,208,0.2681,,EA,IMP
SALYUT 7 DEB,1982-033DR,15297,DEB,D,CIS,1982-04-19,TYMSC,1984-10-04,91.87,51.63,413,320,0.2997,,EA,IMP
SALYUT 7 DEB,1982-033DS,15303,DEB,D,CIS,1982-04-19,TYMSC,1984-10-20,88.14,51.62,202,163,0.3284,,EA,IMP
SALYUT 7 DEB,1982-033DT,15304,DEB,D,CIS,1982-04-19,TYMSC,1984-09-26,89.86,51.67,291,245,,,EA,IMP
SALYUT 7 DEB,1982-033DU,15305,DEB,D,CIS,1982-04-19,TYMSC,1985-12-09,90.08,51.63,281,276,0.2273,,EA,IMP
SALYUT 7 DEB,1982-033DV,15306,DEB,D,CIS,1982-04-19,TYMSC,1984-12-20,88.33,51.60,194,190,0.4897,,EA,IMP
SALYUT 7 DEB,1982-033DW,15307,DEB,D,CIS,1982-04-19,TYMSC,1985-01-11,88.51,51.61,204,197,0.5300,,EA,IMP
SALYUT 7 DEB,1982-033DX,15311,DEB,D,CIS,1982-04-19,TYMSC,1984-10-13,88.96,51.49,229,217,0.3485,,EA,IMP
SALYUT 7 DEB,1982-033DY,15312,DEB,D,CIS,1982-04-19,TYMSC,1985-01-11,88.64,51.62,210,204,0.3786,,EA,IMP
SALYUT 7 DEB,1982-033DZ,15313,DEB,D,CIS,1982-04-19,TYMSC,1986-01-11,90.37,51.64,295,290,0.2382,,EA,IMP
SALYUT 7 DEB,1982-033EA,15314,DEB,D,CIS,1982-04-19,TYMSC,1985-01-10,87.91,51.62,175,168,0.5350,,EA,IMP
SALYUT 7 DEB,1982-033EB,15315,DEB,D,CIS,1982-04-19,TYMSC,1984-11-25,89.06,51.55,240,216,0.2400,,EA,IMP
SALYUT 7 DEB,1982-033EC,15316,DEB,D,CIS,1982-04-19,TYMSC,1985-02-11,88.16,51.62,189,177,0.2000,,EA,IMP
SALYUT 7 DEB,1982-033ED,15317,DEB,D,CIS,1982-04-19,TYMSC,1984-12-08,89.05,51.62,242,213,0.3700,,EA,IMP
SALYUT 7 DEB,1982-033EE,15365,DEB,D,CIS,1982-04-19,TYMSC,1984-12-05,88.78,51.64,217,212,0.2700,,EA,IMP
SALYUT 7 DEB,1982-033EF,15366,DEB,D,CIS,1982-04-19,TYMSC,1985-01-12,88.42,51.63,200,193,0.0300,,EA,IMP
SALYUT 7 DEB,1982-033EG,15367,DEB,D,CIS,1982-04-19,TYMSC,1985-03-03,88.09,51.62,198,162,0.4055,,EA,IMP
SALYUT 7 DEB,1982-033EH,15368,DEB,D,CIS,1982-04-19,TYMSC,1985-02-11,88.27,51.63,193,184,0.2600,,EA,IMP
SALYUT 7 DEB,1982-033EJ,15401,DEB,D,CIS,1982-04-19,TYMSC,1985-01-04,88.44,51.62,204,191,0.3700,,EA,IMP
SALYUT 7 DEB,1982-033EK,15420,DEB,D,CIS,1982-04-19,TYMSC,1985-01-24,88.83,51.63,219,214,0.1300,,EA,IMP
SALYUT 7 DEB,1982-033EL,15524,DEB,D,CIS,1982-04-19,TYMSC,1985-03-17,88.18,51.63,185,184,0.3100,,EA,IMP
SALYUT 7 DEB,1982-033EM,15525,DEB,D,CIS,1982-04-19,TYMSC,1985-04-10,89.11,51.76,249,213,0.2900,,EA,IMP
SALYUT 7 DEB,1982-033EN,15526,DEB,D,CIS,1982-04-19,TYMSC,1985-12-08,88.78,51.62,218,211,,,EA,IMP
SALYUT 7 DEB,1982-033EP,15527,DEB,D,CIS,1982-04-19,TYMSC,1985-03-28,87.99,51.64,179,170,0.3200,,EA,IMP
SL-8 DEB,1982-109D,15528,DEB,,CIS,1982-11-11,PLMSC,,98.27,74.02,683,669,0.0105,,EA,ORB
SALYUT 7 DEB,1982-033EQ,15532,DEB,D,CIS,1982-04-19,TYMSC,1985-02-15,87.54,51.64,159,146,0.2200,,EA,IMP
SALYUT 7 DEB,1982-033ER,15533,DEB,D,CIS,1982-04-19,TYMSC,1985-03-01,88.52,51.64,217,185,1.0000,,EA,IMP
SALYUT 7 DEB,1982-033ES,15933,DEB,D,CIS,1982-04-19,TYMSC,1985-09-19,88.41,51.62,204,188,1.7400,,EA,IMP
SALYUT 7 DEB,1982-033ET,15934,DEB,D,CIS,1982-04-19,TYMSC,1985-08-24,88.87,51.63,226,211,0.2500,,EA,IMP
SALYUT 7 DEB,1982-033EU,15937,DEB,D,CIS,1982-04-19,TYMSC,1985-08-12,89.41,51.63,259,232,0.0400,,EA,IMP
SALYUT 7 DEB,1982-033EV,15939,DEB,D,CIS,1982-04-19,TYMSC,1985-09-25,88.15,51.63,189,177,1.9000,,EA,IMP
SALYUT 7 DEB,1982-033EW,15970,DEB,D,CIS,1982-04-19,TYMSC,1986-01-15,87.93,51.63,174,169,0.5800,,EA,IMP
SALYUT 7 DEB,1982-033EX,16046,DEB,D,CIS,1982-04-19,TYMSC,1985-11-24,88.95,51.54,239,206,0.4900,,EA,IMP
SALYUT 7 DEB,1982-033EY,16047,DEB,D,CIS,1982-04-19,TYMSC,1986-02-02,91.25,51.62,346,326,0.3800,,EA,IMP
SALYUT 7 DEB,1982-033EZ,16048,DEB,D,CIS,1982-04-19,TYMSC,1986-01-01,88.10,51.59,186,175,0.4400,,EA,IMP
SALYUT 7 DEB,1982-033FA,16049,DEB,D,CIS,1982-04-19,TYMSC,1985-12-24,90.09,51.63,309,248,0.3900,,EA,IMP
SALYUT 7 DEB,1982-033FB,16050,DEB,D,CIS,1982-04-19,TYMSC,1985-10-25,88.45,51.63,202,194,0.1400,,EA,IMP
SALYUT 7 DEB,1982-033FC,16053,DEB,D,CIS,1982-04-19,TYMSC,1986-05-31,87.80,51.58,175,156,0.2700,,EA,IMP
SALYUT 7 DEB,1982-033FD,16062,DEB,D,CIS,1982-04-19,TYMSC,1986-01-03,88.70,51.60,219,201,0.4200,,EA,IMP
SALYUT 7 DEB,1982-033FE,16063,DEB,D,CIS,1982-04-19,TYMSC,1985-09-30,90.42,51.63,304,287,0.3200,,EA,IMP
SALYUT 7 DEB,1982-033FF,16091,DEB,D,CIS,1982-04-19,TYMSC,1986-01-20,87.69,51.63,161,159,0.3300,,EA,IMP
SALYUT 7 DEB,1982-033FG,16092,DEB,D,CIS,1982-04-19,TYMSC,1985-12-22,88.53,51.63,202,201,0.2700,,EA,IMP
SALYUT 7 DEB,1982-033FH,16093,DEB,D,CIS,1982-04-19,TYMSC,1986-02-26,91.25,51.63,346,325,0.7600,,EA,IMP
SALYUT 7 DEB,1982-033FJ,16094,DEB,D,CIS,1982-04-19,TYMSC,1986-02-11,88.76,51.62,219,208,0.4500,,EA,IMP
SALYUT 7 DEB,1982-033FK,16098,DEB,D,CIS,1982-04-19,TYMSC,1985-10-03,89.90,51.65,331,208,0.1500,,EA,IMP
SALYUT 7 DEB,1982-033FL,16099,DEB,D,CIS,1982-04-19,TYMSC,1985-09-30,89.14,51.64,267,196,1.0000,,EA,IMP
SALYUT 7 DEB,1982-033FM,16100,DEB,D,CIS,1982-04-19,TYMSC,1985-12-18,88.52,51.63,203,199,0.4300,,EA,IMP
SALYUT 7 DEB,1982-033FN,16122,DEB,D,CIS,1982-04-19,TYMSC,1986-10-03,87.25,51.61,140,136,4.0475,,EA,IMP
SALYUT 7 DEB,1982-033FP,16163,DEB,D,CIS,1982-04-19,TYMSC,1986-02-09,89.92,51.61,288,253,0.4200,,EA,IMP
SALYUT 7 DEB,1982-033FQ,16164,DEB,D,CIS,1982-04-19,TYMSC,1986-02-17,87.83,51.60,169,164,0.4500,,EA,IMP
SALYUT 7 DEB,1982-033FR,16165,DEB,D,CIS,1982-04-19,TYMSC,1986-01-08,90.93,51.63,351,290,0.4900,,EA,IMP
SALYUT 7 DEB,1982-033FS,16166,DEB,D,CIS,1982-04-19,TYMSC,1987-01-15,87.77,51.62,171,156,0.3800,,EA,IMP
SALYUT 7 DEB,1982-033FT,16167,DEB,D,CIS,1982-04-19,TYMSC,1986-02-19,88.35,51.66,194,191,0.4700,,EA,IMP
SALYUT 7 DEB,1982-033FU,16168,DEB,D,CIS,1982-04-19,TYMSC,1986-01-24,91.21,51.63,340,327,0.4100,,EA,IMP
SALYUT 7 DEB,1982-033FV,16171,DEB,D,CIS,1982-04-19,TYMSC,1986-01-19,88.84,51.57,231,203,0.4500,,EA,IMP
SALYUT 7 DEB,1982-033FW,16172,DEB,D,CIS,1982-04-19,TYMSC,1986-02-27,90.48,51.81,478,117,735.1700,,EA,IMP
SALYUT 7 DEB,1982-033FX,16173,DEB,D,CIS,1982-04-19,TYMSC,1986-02-05,88.38,51.60,200,189,0.3500,,EA,IMP
SALYUT 7 DEB,1982-033FY,16174,DEB,D,CIS,1982-04-19,TYMSC,1986-02-16,90.37,51.64,323,262,0.3400,,EA,IMP
SALYUT 7 DEB,1982-033FZ,16175,DEB,D,CIS,1982-04-19,TYMSC,1986-02-07,87.71,51.58,174,148,0.4000,,EA,IMP
SALYUT 7 DEB,1982-033GA,16176,DEB,D,CIS,1982-04-19,TYMSC,1985-12-31,88.67,51.62,230,187,0.4600,,EA,IMP
COSMOS 1375 DEB,1982-055D,16202,DEB,,CIS,1982-06-06,PLMSC,,102.94,65.83,963,833,0.0360,,EA,ORB
COSMOS 1375 DEB,1982-055E,16203,DEB,,CIS,1982-06-06,PLMSC,,103.66,65.83,986,877,0.1111,,EA,ORB
COSMOS 1375 DEB,1982-055F,16204,DEB,,CIS,1982-06-06,PLMSC,,104.34,65.83,974,953,0.1236,,EA,ORB
COSMOS 1375 DEB,1982-055G,16205,DEB,,CIS,1982-06-06,PLMSC,,104.31,65.83,1001,924,0.1364,,EA,ORB
COSMOS 1375 DEB,1982-055H,16206,DEB,,CIS,1982-06-06,PLMSC,,104.80,65.83,1000,971,0.4590,,EA,ORB
COSMOS 1375 DEB,1982-055J,16207,DEB,,CIS,1982-06-06,PLMSC,,106.06,65.83,1102,986,0.1140,,EA,ORB
COSMOS 1375 DEB,1982-055K,16208,DEB,,CIS,1982-06-06,PLMSC,,104.64,65.83,1013,942,0.1975,,EA,ORB
COSMOS 1375 DEB,1982-055L,16209,DEB,,CIS,1982-06-06,PLMSC,,105.00,65.83,1012,977,0.5151,,EA,ORB
COSMOS 1375 DEB,1982-055M,16210,DEB,,CIS,1982-06-06,PLMSC,,104.76,65.83,998,968,0.1161,,EA,ORB
COSMOS 1375 DEB,1982-055N,16211,DEB,,CIS,1982-06-06,PLMSC,,105.07,65.83,1016,980,0.0670,,EA,ORB
SALYUT 7 DEB,1982-033GB,16217,DEB,D,CIS,1982-04-19,TYMSC,1986-08-08,90.98,51.63,324,321,0.3375,,EA,IMP
SALYUT 7 DEB,1982-033GC,16218,DEB,D,CIS,1982-04-19,TYMSC,1986-04-15,88.00,51.61,180,170,0.7800,,EA,IMP
SALYUT 7 DEB,1982-033GD,16238,DEB,D,CIS,1982-04-19,TYMSC,1986-05-27,87.58,51.61,159,150,0.1900,,EA,IMP
SALYUT 7 DEB,1982-033GE,16239,DEB,D,CIS,1982-04-19,TYMSC,1985-12-03,89.78,51.70,288,239,0.3300,,EA,IMP
SALYUT 7 DEB,1982-033GF,16240,DEB,D,CIS,1982-04-19,TYMSC,1986-11-16,88.13,51.60,185,179,0.3800,,EA,IMP
SALYUT 7 DEB,1982-033GG,16241,DEB,D,CIS,1982-04-19,TYMSC,1986-02-22,91.13,51.63,334,326,0.2500,,EA,IMP
SALYUT 7 DEB,1982-033GH,16242,DEB,D,CIS,1982-04-19,TYMSC,1986-04-09,88.03,51.62,185,169,0.3000,,EA,IMP
SALYUT 7 DEB,1982-033GJ,16244,DEB,D,CIS,1982-04-19,TYMSC,1986-03-09,87.45,51.62,161,135,0.3100,,EA,IMP
SALYUT 7 DEB,1982-033GK,16245,DEB,D,CIS,1982-04-19,TYMSC,1985-12-05,91.59,51.62,359,346,0.3500,,EA,IMP
SALYUT 7 DEB,1982-033GL,16246,DEB,D,CIS,1982-04-19,TYMSC,1986-03-15,91.03,51.63,330,321,0.4000,,EA,IMP
SALYUT 7 DEB,1982-033GM,16249,DEB,D,CIS,1982-04-19,TYMSC,1986-02-09,88.32,51.61,203,180,0.3200,,EA,IMP
SALYUT 7 DEB,1982-033GN,16253,DEB,D,CIS,1982-04-19,TYMSC,1986-12-03,88.00,51.61,178,173,0.3300,,EA,IMP
SALYUT 7 DEB,1982-033GP,16258,DEB,D,CIS,1982-04-19,TYMSC,1986-01-18,91.58,51.63,363,341,0.0100,,EA,IMP
SALYUT 7 DEB,1982-033GQ,16259,DEB,D,CIS,1982-04-19,TYMSC,1986-02-17,88.20,51.61,193,178,0.3800,,EA,IMP
SALYUT 7 DEB,1982-033GR,16260,DEB,D,CIS,1982-04-19,TYMSC,1986-06-07,87.84,51.61,180,155,0.1400,,EA,IMP
COSMOS 1375 DEB,1982-055P,16375,DEB,,CIS,1982-06-06,PLMSC,,104.31,65.84,975,949,0.1209,,EA,ORB
COSMOS 1375 DEB,1982-055Q,16376,DEB,,CIS,1982-06-06,PLMSC,,103.10,65.83,919,892,0.0261,,EA,ORB
COSMOS 1375 DEB,1982-055R,16377,DEB,,CIS,1982-06-06,PLMSC,,102.35,65.82,898,842,0.0320,,EA,ORB
COSMOS 1375 DEB,1982-055S,16378,DEB,,CIS,1982-06-06,PLMSC,,104.22,65.83,977,938,0.0179,,EA,ORB
COSMOS 1375 DEB,1982-055T,16379,DEB,,CIS,1982-06-06,PLMSC,,104.49,65.84,978,963,0.1233,,EA,ORB
COSMOS 1375 DEB,1982-055U,16380,DEB,,CIS,1982-06-06,PLMSC,,105.57,65.83,1051,991,0.0864,,EA,ORB
COSMOS 1375 DEB,1982-055V,16381,DEB,,CIS,1982-06-06,PLMSC,,105.60,65.83,1062,982,0.1404,,EA,ORB
COSMOS 1375 DEB,1982-055W,16382,DEB,,CIS,1982-06-06,PLMSC,,99.52,65.74,757,714,0.0891,,EA,ORB
COSMOS 1375 DEB,1982-055X,16383,DEB,,CIS,1982-06-06,PLMSC,,104.62,65.83,1015,938,0.1532,,EA,ORB
COSMOS 1375 DEB,1982-055Y,16384,DEB,,CIS,1982-06-06,PLMSC,,105.08,65.83,1026,971,0.0420,,EA,ORB
COSMOS 1375 DEB,1982-055Z,16385,DEB,,CIS,1982-06-06,PLMSC,,103.78,65.83,963,911,0.0188,,EA,ORB
COSMOS 1375 DEB,1982-055AA,16386,DEB,,CIS,1982-06-06,PLMSC,,105.13,65.83,1038,963,0.1244,,EA,ORB
COSMOS 1375 DEB,1982-055AB,16387,DEB,,CIS,1982-06-06,PLMSC,,103.97,65.84,981,911,0.1100,,EA,ORB
SALYUT 7 DEB,1982-033GS,16441,DEB,D,CIS,1982-04-19,TYMSC,1986-03-10,87.82,51.55,174,159,0.4400,,EA,IMP
SALYUT 7 DEB,1982-033GT,16721,DEB,D,CIS,1982-04-19,TYMSC,1986-08-06,90.94,51.62,342,299,0.2875,,EA,IMP
SALYUT 7 DEB,1982-033GU,16749,DEB,D,CIS,1982-04-19,TYMSC,1986-07-08,90.50,51.61,303,296,0.3462,,EA,IMP
SALYUT 7 DEB,1982-033GV,16750,DEB,D,CIS,1982-04-19,TYMSC,1986-06-19,88.21,51.60,189,183,,,EA,IMP
SALYUT 7 DEB,1982-033GW,16751,DEB,D,CIS,1982-04-19,TYMSC,1986-10-22,88.24,51.60,188,186,0.9100,,EA,IMP
SALYUT 7 DEB,1982-033GX,16752,DEB,D,CIS,1982-04-19,TYMSC,1986-07-21,90.79,51.62,318,308,0.5000,,EA,IMP
SALYUT 7 DEB,1982-033GY,16810,DEB,D,CIS,1982-04-19,TYMSC,1986-09-05,87.96,51.59,180,167,0.6300,,EA,IMP
SALYUT 7 DEB,1982-033GZ,16811,DEB,D,CIS,1982-04-19,TYMSC,1986-08-31,87.93,51.61,174,170,0.2906,,EA,IMP
SALYUT 7 DEB,1982-033HA,16812,DEB,D,CIS,1982-04-19,TYMSC,1986-09-09,88.68,51.61,220,198,0.3209,,EA,IMP
SALYUT 7 DEB,1982-033HB,16813,DEB,D,CIS,1982-04-19,TYMSC,1987-01-27,87.92,51.60,175,168,0.2999,,EA,IMP
SALYUT 7 DEB,1982-033HC,16814,DEB,D,CIS,1982-04-19,TYMSC,1987-02-20,88.24,51.60,190,185,0.2683,,EA,IMP
SALYUT 7 DEB,1982-033HD,16815,DEB,D,CIS,1982-04-19,TYMSC,1986-10-10,90.14,51.63,284,278,0.3100,,EA,IMP
SALYUT 7 DEB,1982-033HE,16821,DEB,D,CIS,1982-04-19,TYMSC,1986-08-27,87.99,51.60,181,169,0.1900,,EA,IMP
SALYUT 7 DEB,1982-033HF,16822,DEB,D,CIS,1982-04-19,TYMSC,1986-10-08,88.76,51.62,219,207,0.1700,,EA,IMP
SALYUT 7 DEB,1982-033HG,16852,DEB,D,CIS,1982-04-19,TYMSC,1986-11-21,88.00,51.60,181,171,0.2800,,EA,IMP
SALYUT 7 DEB,1982-033HH,16853,DEB,D,CIS,1982-04-19,TYMSC,1986-09-06,88.00,51.60,183,169,0.5200,,EA,IMP
COSMOS 1375 DEB,1982-055AC,17090,DEB,,CIS,1982-06-06,PLMSC,,104.04,65.83,988,911,0.1173,,EA,ORB
COSMOS 1375 DEB,1982-055AD,17102,DEB,,CIS,1982-06-06,PLMSC,,105.80,65.84,1080,984,0.1340,,EA,ORB
COSMOS 1375 DEB,1982-055AE,17103,DEB,,CIS,1982-06-06,PLMSC,,104.52,65.83,993,951,0.0420,,EA,ORB
COSMOS 1375 DEB,1982-055AF,17104,DEB,,CIS,1982-06-06,PLMSC,,104.65,65.84,1011,945,0.0310,,EA,ORB
COSMOS 1375 DEB,1982-055AG,17105,DEB,,CIS,1982-06-06,PLMSC,,104.69,65.83,999,960,0.0610,,EA,ORB
COSMOS 1375 DEB,1982-055AH,17106,DEB,,CIS,1982-06-06,PLMSC,,103.87,65.83,952,931,0.0136,,EA,ORB
COSMOS 1375 DEB,1982-055AJ,17107,DEB,,CIS,1982-06-06,PLMSC,,102.27,65.82,885,847,0.0621,,EA,ORB
COSMOS 1375 DEB,1982-055AK,17108,DEB,,CIS,1982-06-06,PLMSC,,104.19,65.83,976,936,0.0179,,EA,ORB
SALYUT 7 DEB,1982-033HJ,17109,DEB,D,CIS,1982-04-19,TYMSC,1987-03-29,88.36,51.56,194,193,0.3607,,EA,IMP
SL-3 DEB,1982-116D,17755,DEB,,CIS,1982-12-14,PLMSC,,101.79,81.26,893,793,0.0113,,EA,ORB
COSMOS 1375 DEB,1982-055AL,17794,DEB,,CIS,1982-06-06,PLMSC,,102.70,65.81,925,848,0.0079,,EA,ORB
COSMOS 1375 DEB,1982-055AM,17795,DEB,,CIS,1982-06-06,PLMSC,,105.89,65.83,1085,987,0.0720,,EA,ORB
COSMOS 1375 DEB,1982-055AN,17796,DEB,,CIS,1982-06-06,PLMSC,,102.15,65.82,897,824,0.0095,,EA,ORB
COSMOS 1375 DEB,1982-055AP,17797,DEB,,CIS,1982-06-06,PLMSC,,103.50,65.83,936,912,0.0300,,EA,ORB
COSMOS 1375 DEB,1982-055AQ,17798,DEB,,CIS,1982-06-06,PLMSC,,105.94,65.83,1091,985,0.0100,,EA,ORB
COSMOS 1375 DEB,1982-055AR,17799,DEB,,CIS,1982-06-06,PLMSC,,103.13,65.84,924,889,0.0131,,EA,ORB
COSMOS 1375 DEB,1982-055AS,17800,DEB,,CIS,1982-06-06,PLMSC,,105.05,65.83,1016,978,0.0610,,EA,ORB
COSMOS 1375 DEB,1982-055AT,17801,DEB,,CIS,1982-06-06,PLMSC,,100.10,65.82,783,744,0.0320,,EA,ORB
COSMOS 1375 DEB,1982-055AU,17802,DEB,,CIS,1982-06-06,PLMSC,,104.54,65.84,1009,937,0.0105,,EA,ORB
COSMOS 1375 DEB,1982-055AV,17803,DEB,,CIS,1982-06-06,PLMSC,,104.28,65.83,994,927,0.0140,,EA,ORB
COSMOS 1375 DEB,1982-055AW,17804,DEB,,CIS,1982-06-06,PLMSC,,102.54,65.81,894,864,0.0214,,EA,ORB
COSMOS 1375 DEB,1982-055AX,17805,DEB,,CIS,1982-06-06,PLMSC,,102.50,65.82,892,861,0.0150,,EA,ORB
COSMOS 1375 DEB,1982-055AY,17806,DEB,,CIS,1982-06-06,PLMSC,,104.29,65.83,998,924,0.0099,,EA,ORB
COSMOS 1375 DEB,1982-055AZ,17807,DEB,,CIS,1982-06-06,PLMSC,,104.16,65.83,1003,907,0.0325,,EA,ORB
COSMOS 1375 DEB,1982-055BA,18278,DEB,,CIS,1982-06-06,PLMSC,,103.54,65.83,950,903,0.0118,,EA,ORB
COSMOS 1375 DEB,1982-055BB,18279,DEB,,CIS,1982-06-06,PLMSC,,102.67,65.79,923,846,0.0140,,EA,ORB
COSMOS 1375 DEB,1982-055BC,18413,DEB,,CIS,1982-06-06,PLMSC,,104.98,65.82,1044,944,0.0057,,EA,ORB
COSMOS 1375 DEB,1982-055BD,18414,DEB,,CIS,1982-06-06,PLMSC,,104.16,65.83,973,938,0.0088,,EA,ORB
COSMOS 1375 DEB,1982-055BE,18415,DEB,,CIS,1982-06-06,PLMSC,,104.85,65.83,1031,944,0.0820,,EA,ORB
COSMOS 1375 DEB,1982-055BF,18477,DEB,,CIS,1982-06-06,PLMSC,,99.23,65.82,738,706,0.0093,,EA,ORB
SL-8 DEB,1982-051D,18502,DEB,,CIS,1982-06-01,PLMSC,,98.53,74.06,689,688,0.0124,,EA,ORB
COSMOS 1375 DEB,1982-055BG,18507,DEB,,CIS,1982-06-06,PLMSC,,105.39,65.83,1042,984,0.1661,,EA,ORB
SL-8 DEB,1982-051E,18509,DEB,,CIS,1982-06-01,PLMSC,,98.43,74.00,689,678,0.0138,,EA,ORB
SL-8 DEB,1982-051F,18510,DEB,,CIS,1982-06-01,PLMSC,,98.54,73.99,698,680,0.0173,,EA,ORB
COSMOS 1375 DEB,1982-055BH,18560,DEB,,CIS,1982-06-06,PLMSC,,105.10,65.83,1030,969,0.0140,,EA,ORB
SL-8 DEB,1982-051G,19102,DEB,,CIS,1982-06-01,PLMSC,,98.26,74.04,681,670,0.0098,,EA,ORB
COSMOS 1375 DEB,1982-055BJ,19243,DEB,D,CIS,1982-06-06,PLMSC,1989-12-31,91.45,65.60,382,309,0.0135,,EA,IMP
COSMOS 1375 DEB,1982-055BK,19301,DEB,D,CIS,1982-06-06,PLMSC,2002-02-27,91.06,65.74,343,310,0.0101,,EA,IMP
COSMOS 1375 DEB,1982-055BL,19453,DEB,,CIS,1982-06-06,PLMSC,,99.64,65.80,767,716,0.0047,,EA,ORB
COSMOS 1375 DEB,1982-055BM,19473,DEB,,CIS,1982-06-06,PLMSC,,103.24,65.82,934,890,0.0129,,EA,ORB
SL-6 DEB,1982-115AH,19666,DEB,D,CIS,1982-12-08,TYMSC,1989-01-08,88.44,62.80,223,171,,,EA,IMP
SL-6 DEB,1982-115AJ,19835,DEB,D,CIS,1982-12-08,TYMSC,1989-03-12,88.45,62.78,230,166,,,EA,IMP
COSMOS 1375 DEB,1982-055BN,21658,DEB,D,CIS,1982-06-06,PLMSC,2001-09-24,89.76,65.55,278,247,0.0096,,EA,IMP
COSMOS 1375 DEB,1982-055BP,26498,DEB,,CIS,1982-06-06,PLMSC,,102.48,65.81,887,864,0.0118,,EA,ORB
COSMOS 1375 DEB,1982-055BQ,27803,DEB,,CIS,1982-06-06,PLMSC,,102.50,65.81,892,862,0.0071,,EA,ORB
COSMOS 1382 DEB,1982-064E,27903,DEB,,CIS,1982-06-25,PLMSC,,734.19,67.07,37921,3240,0.1589,,EA,ORB
COSMOS 1382 DEB,1982-064F,27904,DEB,,CIS,1982-06-25,PLMSC,,726.80,69.03,34789,6010,0.0251,,EA,ORB
COSMOS 1382 DEB,1982-064G,27905,DEB,,CIS,1982-06-25,PLMSC,,719.53,62.20,39507,934,3.1711,,EA,ORB
METEOR 2-9 DEB,1982-116E,28598,DEB,D,CIS,1982-12-14,PLMSC,2023-10-28,98.20,81.23,689,656,0.0129,,EA,IMP
COSMOS 1412 COOLANT,1982-099F,29204,DEB,,CIS,1982-10-02,TYMSC,,103.77,64.81,991,883,0.0038,,EA,ORB
COSMOS 1348 DEB,1982-029E,32771,DEB,,CIS,1982-04-07,PLMSC,,734.94,71.42,34165,7032,0.0100,,EA,ORB
COSMOS 1348 DEB,1982-029F,32772,DEB,,CIS,1982-04-07,PLMSC,,743.67,71.85,33189,8435,0.0376,,EA,ORB
COSMOS 1348 DEB,1982-029G,32773,DEB,,CIS,1982-04-07,PLMSC,,708.90,71.59,33000,6915,0.0501,,EA,ORB
COSMOS 1348 DEB,1982-029H,32774,DEB,,CIS,1982-04-07,PLMSC,,735.79,72.95,33416,7823,0.0089,,EA,ORB
COSMOS 1348 DEB,1982-029J,32775,DEB,,CIS,1982-04-07,PLMSC,,732.30,70.71,34199,6870,0.0693,,EA,ORB
COSMOS 1348 DEB,1982-029K,32776,DEB,,CIS,1982-04-07,PLMSC,,718.94,71.91,33637,6775,0.2000,,EA,ORB
COSMOS 1348 DEB,1982-029L,32777,DEB,,CIS,1982-04-07,PLMSC,,726.74,71.75,33972,6823,0.0631,,EA,ORB
COSMOS 1348 DEB,1982-029M,32778,DEB,,CIS,1982-04-07,PLMSC,,734.65,71.19,34519,6665,0.0100,,EA,ORB
COSMOS 1409 DEB,1982-095E,32970,DEB,D,CIS,1982-09-22,PLMSC,2009-12-26,91.39,60.42,510,175,0.0126,,EA,IMP
COSMOS 1409 DEB,1982-095F,32971,DEB,D,CIS,1982-09-22,PLMSC,2010-03-16,714.04,61.02,39892,278,0.3334,,EA,IMP
COSMOS 1341 DEB,1982-016E,33529,DEB,,CIS,1982-03-03,PLMSC,,701.71,66.62,35791,3768,0.3200,,EA,ORB
COSMOS 1341 DEB,1982-016F,33530,DEB,,CIS,1982-03-03,PLMSC,,722.86,65.95,36838,3767,0.2273,,EA,ORB
METEOR 2-9 DEB,1982-116F,35406,DEB,D,CIS,1982-12-14,PLMSC,2024-03-24,99.26,81.24,750,696,0.0089,,EA,IMP
METEOR 2-9 DEB,1982-116G,35407,DEB,D,CIS,1982-12-14,PLMSC,2024-05-05,98.95,81.23,725,691,0.0105,,EA,IMP
DMSP 5D-2 F6 DEB,1982-118F,35411,DEB,D,US,1982-12-21,AFWTR,2011-02-14,91.22,99.15,348,321,0.0177,,EA,IMP
COSMOS 1348 DEB,1982-029N,35515,DEB,,CIS,1982-04-07,PLMSC,,701.00,69.77,33172,6352,0.0414,,EA,ORB
SL-3 DEB,1982-116H,35516,DEB,,CIS,1982-12-14,PLMSC,,101.58,81.25,882,785,0.0137,,EA,ORB
METEOR 2-8 DEB,1982-025C,36318,DEB,,CIS,1982-03-25,PLMSC,,101.60,82.54,845,824,0.0067,,EA,ORB
METEOR 2-8 DEB,1982-025D,36319,DEB,,CIS,1982-03-25,PLMSC,,100.29,82.52,781,763,0.0062,,EA,ORB
METEOR 2-8 DEB,1982-025E,36320,DEB,,CIS,1982-03-25,PLMSC,,99.64,82.46,745,737,0.0198,,EA,ORB
METEOR 2-8 DEB,1982-025F,36321,DEB,,CIS,1982-03-25,PLMSC,,100.49,82.52,786,778,0.0099,,EA,ORB
METEOR 2-8 DEB,1982-025G,36322,DEB,,CIS,1982-03-25,PLMSC,,100.06,82.52,776,747,0.0123,,EA,ORB
METEOR 2-8 DEB,1982-025H,36323,DEB,,CIS,1982-03-25,PLMSC,,100.80,82.53,806,787,0.0071,,EA,ORB
METEOR 2-8 DEB,1982-025J,36324,DEB,,CIS,1982-03-25,PLMSC,,101.68,82.53,849,828,0.0067,,EA,ORB
METEOR 2-8 DEB,1982-025K,36325,DEB,,CIS,1982-03-25,PLMSC,,101.37,82.51,837,810,0.0095,,EA,ORB
METEOR 2-8 DEB,1982-025L,36326,DEB,,CIS,1982-03-25,PLMSC,,100.80,82.51,813,780,0.0096,,EA,ORB
METEOR 2-8 DEB,1982-025M,36327,DEB,,CIS,1982-03-25,PLMSC,,101.92,82.50,855,844,0.0058,,EA,ORB
METEOR 2-8 DEB,1982-025N,36328,DEB,,CIS,1982-03-25,PLMSC,,101.44,82.52,843,811,0.0094,,EA,ORB
METEOR 2-8 DEB,1982-025P,36329,DEB,,CIS,1982-03-25,PLMSC,,100.87,82.50,812,788,0.0071,,EA,ORB
METEOR 2-8 DEB,1982-025Q,36330,DEB,,CIS,1982-03-25,PLMSC,,100.48,82.53,799,763,0.0105,,EA,ORB
METEOR 2-8 DEB,1982-025R,36331,DEB,,CIS,1982-03-25,PLMSC,,101.70,82.53,844,834,0.0110,,EA,ORB
METEOR 2-8 DEB,1982-025S,36332,DEB,,CIS,1982-03-25,PLMSC,,102.33,82.53,875,863,0.0077,,EA,ORB
METEOR 2-8 DEB,1982-025T,36333,DEB,,CIS,1982-03-25,PLMSC,,101.24,82.52,828,807,0.0094,,EA,ORB
METEOR 2-8 DEB,1982-025U,36334,DEB,,CIS,1982-03-25,PLMSC,,100.83,82.51,809,787,0.0090,,EA,ORB
METEOR 2-8 DEB,1982-025V,36335,DEB,,CIS,1982-03-25,PLMSC,,100.38,82.50,799,754,0.0109,,EA,ORB
METEOR 2-8 DEB,1982-025W,36336,DEB,,CIS,1982-03-25,PLMSC,,101.39,82.53,831,817,0.0092,,EA,ORB
METEOR 2-8 DEB,1982-025X,36337,DEB,,CIS,1982-03-25,PLMSC,,101.46,82.52,841,815,0.0090,,EA,ORB
METEOR 2-8 DEB,1982-025Y,36338,DEB,,CIS,1982-03-25,PLMSC,,100.63,82.52,798,779,0.0162,,EA,ORB
METEOR 2-8 DEB,1982-025Z,36339,DEB,D,CIS,1982-03-25,PLMSC,2024-10-10,99.66,82.52,746,739,0.0110,,EA,IMP
METEOR 2-8 DEB,1982-025AA,36340,DEB,,CIS,1982-03-25,PLMSC,,98.94,82.51,719,697,0.0126,,EA,ORB
METEOR 2-8 DEB,1982-025AB,36341,DEB,,CIS,1982-03-25,PLMSC,,100.83,82.51,806,790,0.0064,,EA,ORB
METEOR 2-8 DEB,1982-025AC,36342,DEB,,CIS,1982-03-25,PLMSC,,101.49,82.53,851,808,0.0112,,EA,ORB
METEOR 2-8 DEB,1982-025AD,36343,DEB,,CIS,1982-03-25,PLMSC,,100.96,82.51,816,792,0.0105,,EA,ORB
METEOR 2-8 DEB,1982-025AE,36344,DEB,,CIS,1982-03-25,PLMSC,,100.51,82.52,801,764,0.0140,,EA,ORB
METEOR 2-8 DEB,1982-025AF,36345,DEB,,CIS,1982-03-25,PLMSC,,100.94,82.53,824,782,0.0085,,EA,ORB
METEOR 2-8 DEB,1982-025AG,36346,DEB,,CIS,1982-03-25,PLMSC,,100.29,82.53,775,769,0.0066,,EA,ORB
METEOR 2-8 DEB,1982-025AH,36347,DEB,,CIS,1982-03-25,PLMSC,,102.38,82.53,882,861,0.0124,,EA,ORB
METEOR 2-8 DEB,1982-025AJ,36348,DEB,,CIS,1982-03-25,PLMSC,,100.02,82.44,761,758,0.0076,,EA,ORB
METEOR 2-8 DEB,1982-025AK,36349,DEB,,CIS,1982-03-25,PLMSC,,99.82,82.50,761,738,0.0139,,EA,ORB
METEOR 2-8 DEB,1982-025AL,36350,DEB,,CIS,1982-03-25,PLMSC,,100.21,82.51,782,755,0.0140,,EA,ORB
METEOR 2-8 DEB,1982-025AM,36351,DEB,,CIS,1982-03-25,PLMSC,,100.66,82.54,803,776,0.0072,,EA,ORB
METEOR 2-8 DEB,1982-025AN,36352,DEB,,CIS,1982-03-25,PLMSC,,98.96,82.52,716,701,0.0091,,EA,ORB
METEOR 2-8 DEB,1982-025AP,36353,DEB,,CIS,1982-03-25,PLMSC,,101.63,82.54,838,834,0.0077,,EA,ORB
METEOR 2-8 DEB,1982-025AQ,36354,DEB,,CIS,1982-03-25,PLMSC,,100.78,82.49,805,786,0.0139,,EA,ORB
METEOR 2-8 DEB,1982-025AR,36355,DEB,,CIS,1982-03-25,PLMSC,,100.15,82.51,773,758,0.0072,,EA,ORB
METEOR 2-8 DEB,1982-025AS,36356,DEB,,CIS,1982-03-25,PLMSC,,100.75,82.52,798,790,0.0068,,EA,ORB
METEOR 2-8 DEB,1982-025AT,36357,DEB,,CIS,1982-03-25,PLMSC,,102.30,82.54,877,857,0.0139,,EA,ORB
METEOR 2-8 DEB,1982-025AU,36857,DEB,,CIS,1982-03-25,PLMSC,,101.16,82.54,843,784,0.0069,,EA,ORB
METEOR 2-8 DEB,1982-025AV,36858,DEB,,CIS,1982-03-25,PLMSC,,101.03,82.52,841,773,0.0098,,EA,ORB
METEOR 2-8 DEB,1982-025AW,36859,DEB,,CIS,1982-03-25,PLMSC,,101.12,82.53,835,788,0.0059,,EA,ORB
METEOR 2-8 DEB,1982-025AX,36860,DEB,,CIS,1982-03-25,PLMSC,,101.38,82.52,842,806,0.0060,,EA,ORB
METEOR 2-8 DEB,1982-025AY,36861,DEB,,CIS,1982-03-25,PLMSC,,100.65,82.50,807,772,0.0100,,EA,ORB
METEOR 2-8 DEB,1982-025AZ,36862,DEB,,CIS,1982-03-25,PLMSC,,100.98,82.54,820,790,0.0073,,EA,ORB
METEOR 2-8 DEB,1982-025BA,36863,DEB,,CIS,1982-03-25,PLMSC,,101.09,82.53,816,805,0.0109,,EA,ORB
METEOR 2-8 DEB,1982-025BB,36864,DEB,,CIS,1982-03-25,PLMSC,,101.52,82.54,837,825,0.0099,,EA,ORB
METEOR 2-8 DEB,1982-025BC,36865,DEB,,CIS,1982-03-25,PLMSC,,100.72,82.54,807,779,0.0059,,EA,ORB
METEOR 2-8 DEB,1982-025BD,36866,DEB,,CIS,1982-03-25,PLMSC,,102.30,82.53,879,856,0.0112,,EA,ORB
METEOR 2-8 DEB,1982-025BE,36867,DEB,,CIS,1982-03-25,PLMSC,,100.71,82.52,814,771,0.0058,,EA,ORB
SL-8 DEB,1982-102C,37632,DEB,,CIS,1982-10-19,PLMSC,,104.28,82.97,985,937,0.0111,,EA,ORB
COSMOS 1331 DEB,1982-001E,37863,DEB,,CIS,1982-01-07,PLMSC,,99.94,74.05,772,739,0.0053,,EA,ORB
COSMOS 1417 DEB,1982-102D,37865,DEB,,CIS,1982-10-19,PLMSC,,104.64,82.97,1002,953,0.0078,,EA,ORB
METEOR 2-8 DEB,1982-025BF,38289,DEB,,CIS,1982-03-25,PLMSC,,100.99,82.52,817,795,0.0067,,EA,ORB
METEOR 2-9 DEB,1982-116J,38290,DEB,D,CIS,1982-12-14,PLMSC,2025-04-04,99.16,81.23,740,697,0.0102,,EA,IMP
COSMOS 1348 DEB,1982-029P,40328,DEB,,CIS,1982-04-07,PLMSC,,710.60,70.54,32069,7930,0.0030,,EA,ORB
DMSP 5D-2 F6 DEB,1982-118G,40914,DEB,D,US,1982-12-21,AFWTR,2026-03-06,90.26,98.38,295,279,0.0023,,EA,IMP
DMSP 5D-2 F6 DEB,1982-118H,40915,DEB,D,US,1982-12-21,AFWTR,2025-10-31,93.56,98.39,454,443,0.0029,,EA,IMP
DMSP 5D-2 F6 DEB,1982-118J,40916,DEB,D,US,1982-12-21,AFWTR,2025-11-02,93.57,98.38,453,445,0.0032,,EA,IMP
DMSP 5D-2 F6 DEB,1982-118K,40917,DEB,D,US,1982-12-21,AFWTR,2017-12-18,91.66,98.69,369,343,0.0038,,EA,IMP
DMSP 5D-2 F6 DEB,1982-118L,40918,DEB,D,US,1982-12-21,AFWTR,2023-02-28,90.73,98.39,323,299,0.0470,,EA,IMP
DMSP 5D-2 F6 DEB,1982-118M,40919,DEB,D,US,1982-12-21,AFWTR,2025-12-06,91.75,98.36,370,351,0.0022,,EA,IMP
COSMOS 1408 DEB,1982-092C,42060,DEB,D,CIS,1982-09-16,PLMSC,2017-02-23,89.72,82.54,269,252,0.0132,,EA,IMP
COSMOS 1410 DEB,1982-096C,44696,DEB,,CIS,1982-09-24,PLMSC,,115.88,82.61,1498,1492,,,EA,ORB
COSMOS 1367 DEB,1982-045E,48266,DEB,,CIS,1982-05-20,PLMSC,,697.93,64.45,38412,959,,,EA,ORB
COSMOS 1375 DEB,1982-055BR,48267,DEB,,CIS,1982-06-06,PLMSC,,104.11,65.83,972,934,,,EA,ORB
COSMOS 1408 DEB,1982-092D,49516,DEB,D,CIS,1982-09-16,PLMSC,2022-07-04,87.96,82.58,183,164,,,EA,IMP
COSMOS 1408 DEB,1982-092E,49517,DEB,D,CIS,1982-09-16,PLMSC,2022-01-30,89.04,82.54,235,220,,,EA,IMP
COSMOS 1408 DEB,1982-092F,49518,DEB,D,CIS,1982-09-16,PLMSC,2022-03-14,89.50,82.50,261,239,,,EA,IMP
COSMOS 1408 DEB,1982-092G,49519,DEB,D,CIS,1982-09-16,PLMSC,2022-04-05,88.87,82.54,225,211,,,EA,IMP
COSMOS 1408 DEB,1982-092H,49520,DEB,D,CIS,1982-09-16,PLMSC,2022-04-13,89.31,82.54,247,234,,,EA,IMP
COSMOS 1408 DEB,1982-092J,49521,DEB,D,CIS,1982-09-16,PLMSC,2021-12-29,87.89,82.41,186,153,,,EA,IMP
COSMOS 1408 DEB,1982-092K,49522,DEB,D,CIS,1982-09-16,PLMSC,2022-10-27,87.64,82.54,162,153,,,EA,IMP
COSMOS 1408 DEB,1982-092L,49523,DEB,D,CIS,1982-09-16,PLMSC,2022-09-01,87.81,82.58,173,159,,,EA,IMP
COSMOS 1408 DEB,1982-092M,49524,DEB,D,CIS,1982-09-16,PLMSC,2023-07-30,87.41,82.49,152,141,,,EA,IMP
COSMOS 1408 DEB,1982-092N,49525,DEB,D,CIS,1982-09-16,PLMSC,2022-09-19,88.34,82.47,199,186,,,EA,IMP
COSMOS 1408 DEB,1982-092P,49526,DEB,D,CIS,1982-09-16,PLMSC,2022-03-13,88.52,82.53,211,192,,,EA,IMP
COSMOS 1408 DEB,1982-092Q,49527,DEB,D,CIS,1982-09-16,PLMSC,2025-05-22,88.31,82.31,196,186,,,EA,IMP
COSMOS 1408 DEB,1982-092R,49528,DEB,D,CIS,1982-09-16,PLMSC,2023-07-24,88.87,82.88,243,194,,,EA,IMP
COSMOS 1408 DEB,1982-092S,49529,DEB,D,CIS,1982-09-16,PLMSC,2024-03-27,87.69,82.33,165,156,,,EA,IMP
COSMOS 1408 DEB,1982-092T,49530,DEB,D,CIS,1982-09-16,PLMSC,2023-01-27,88.80,83.39,226,204,,,EA,IMP
COSMOS 1408 DEB,1982-092U,49531,DEB,D,CIS,1982-09-16,PLMSC,2022-12-07,87.76,82.82,170,157,,,EA,IMP
COSMOS 1408 DEB,1982-092V,49532,DEB,D,CIS,1982-09-16,PLMSC,2022-04-01,88.32,82.65,196,186,,,EA,IMP
COSMOS 1408 DEB,1982-092W,49533,DEB,D,CIS,1982-09-16,PLMSC,2022-09-02,88.90,82.52,230,209,,,EA,IMP
COSMOS 1408 DEB,1982-092X,49534,DEB,D,CIS,1982-09-16,PLMSC,2022-08-07,88.24,82.28,200,175,,,EA,IMP
COSMOS 1408 DEB,1982-092Y,49535,DEB,D,CIS,1982-09-16,PLMSC,2023-01-24,87.35,82.52,149,137,,,EA,IMP
COSMOS 1408 DEB,1982-092Z,49536,DEB,D,CIS,1982-09-16,PLMSC,2022-02-14,87.77,82.98,172,156,,,EA,IMP
COSMOS 1408 DEB,1982-092AA,49537,DEB,D,CIS,1982-09-16,PLMSC,2025-12-02,88.15,82.51,192,175,,,EA,IMP
COSMOS 1408 DEB,1982-092AB,49538,DEB,D,CIS,1982-09-16,PLMSC,2022-11-29,88.28,82.23,202,177,,,EA,IMP
COSMOS 1408 DEB,1982-092AC,49539,DEB,D,CIS,1982-09-16,PLMSC,2024-12-04,88.54,82.12,214,191,,,EA,IMP
COSMOS 1408 DEB,1982-092AD,49540,DEB,D,CIS,1982-09-16,PLMSC,2022-06-19,91.40,83.13,360,327,,,EA,IMP
COSMOS 1408 DEB,1982-092AE,49541,DEB,D,CIS,1982-09-16,PLMSC,2023-04-14,88.06,82.77,187,170,,,EA,IMP
COSMOS 1408 DEB,1982-092AF,49542,DEB,D,CIS,1982-09-16,PLMSC,2022-03-12,91.79,82.51,390,335,,,EA,IMP
COSMOS 1408 DEB,1982-092AG,49543,DEB,D,CIS,1982-09-16,PLMSC,2022-01-19,92.90,83.60,462,371,,,EA,IMP
COSMOS 1408 DEB,1982-092AH,49544,DEB,D,CIS,1982-09-16,PLMSC,2021-12-21,91.54,82.21,390,310,,,EA,IMP
COSMOS 1408 DEB,1982-092AJ,49545,DEB,D,CIS,1982-09-16,PLMSC,2021-12-05,90.01,81.98,315,235,,,EA,IMP
COSMOS 1408 DEB,1982-092AK,49546,DEB,D,CIS,1982-09-16,PLMSC,2022-02-14,87.87,82.10,177,161,,,EA,IMP
COSMOS 1408 DEB,1982-092AL,49547,DEB,D,CIS,1982-09-16,PLMSC,2022-08-09,88.60,82.45,216,195,,,EA,IMP
COSMOS 1408 DEB,1982-092AM,49548,DEB,D,CIS,1982-09-16,PLMSC,2021-11-30,89.03,82.01,269,184,,,EA,IMP
COSMOS 1408 DEB,1982-092AN,49549,DEB,D,CIS,1982-09-16,PLMSC,2022-02-08,93.51,82.17,506,387,,,EA,IMP
COSMOS 1408 DEB,1982-092AP,49550,DEB,D,CIS,1982-09-16,PLMSC,2022-03-03,88.61,82.67,218,194,,,EA,IMP
COSMOS 1408 DEB,1982-092AQ,49551,DEB,D,CIS,1982-09-16,PLMSC,2021-12-21,91.94,83.40,401,338,,,EA,IMP
COSMOS 1408 DEB,1982-092AR,49552,DEB,D,CIS,1982-09-16,PLMSC,2022-04-30,93.21,82.83,534,329,,,EA,IMP
COSMOS 1408 DEB,1982-092AS,49553,DEB,D,CIS,1982-09-16,PLMSC,2023-01-21,87.83,82.42,174,160,,,EA,IMP
COSMOS 1408 DEB,1982-092AT,49554,DEB,D,CIS,1982-09-16,PLMSC,2023-03-28,88.94,82.18,239,205,,,EA,IMP
COSMOS 1408 DEB,1982-092AU,49555,DEB,D,CIS,1982-09-16,PLMSC,2022-07-08,90.87,82.89,345,289,,,EA,IMP
COSMOS 1408 DEB,1982-092AV,49556,DEB,D,CIS,1982-09-16,PLMSC,2022-11-02,87.97,82.74,182,165,,,EA,IMP
COSMOS 1408 DEB,1982-092AW,49557,DEB,D,CIS,1982-09-16,PLMSC,2023-01-31,88.02,82.56,183,170,,,EA,IMP
COSMOS 1408 DEB,1982-092AX,49558,DEB,D,CIS,1982-09-16,PLMSC,2022-11-29,88.89,83.16,225,215,,,EA,IMP
COSMOS 1408 DEB,1982-092AY,49559,DEB,D,CIS,1982-09-16,PLMSC,2022-01-31,91.83,82.45,413,316,,,EA,IMP
COSMOS 1408 DEB,1982-092AZ,49560,DEB,D,CIS,1982-09-16,PLMSC,2022-03-26,89.86,82.83,271,263,,,EA,IMP
COSMOS 1408 DEB,1982-092BA,49561,DEB,D,CIS,1982-09-16,PLMSC,2022-12-02,88.74,82.77,221,204,,,EA,IMP
COSMOS 1408 DEB,1982-092BB,49562,DEB,D,CIS,1982-09-16,PLMSC,2023-07-02,87.70,82.77,171,150,,,EA,IMP
COSMOS 1408 DEB,1982-092BC,49563,DEB,D,CIS,1982-09-16,PLMSC,2022-05-11,89.88,82.67,279,257,,,EA,IMP
COSMOS 1408 DEB,1982-092BD,49564,DEB,D,CIS,1982-09-16,PLMSC,2022-01-17,89.08,82.08,245,213,,,EA,IMP
COSMOS 1408 DEB,1982-092BE,49565,DEB,D,CIS,1982-09-16,PLMSC,2022-01-26,88.70,82.03,236,185,,,EA,IMP
COSMOS 1408 DEB,1982-092BF,49566,DEB,D,CIS,1982-09-16,PLMSC,2022-12-28,87.66,82.50,167,150,,,EA,IMP
COSMOS 1408 DEB,1982-092BG,49567,DEB,D,CIS,1982-09-16,PLMSC,2022-06-12,89.94,82.16,278,264,,,EA,IMP
COSMOS 1408 DEB,1982-092BH,49568,DEB,D,CIS,1982-09-16,PLMSC,2023-02-16,88.43,82.19,204,189,,,EA,IMP
COSMOS 1408 DEB,1982-092BJ,49569,DEB,D,CIS,1982-09-16,PLMSC,2022-04-05,93.74,82.39,540,375,,,EA,IMP
COSMOS 1408 DEB,1982-092BK,49570,DEB,D,CIS,1982-09-16,PLMSC,2022-05-16,89.28,82.51,251,226,,,EA,IMP
COSMOS 1408 DEB,1982-092BL,49571,DEB,D,CIS,1982-09-16,PLMSC,2022-12-28,88.82,81.93,230,202,,,EA,IMP
COSMOS 1408 DEB,1982-092BM,49572,DEB,D,CIS,1982-09-16,PLMSC,2022-12-20,91.55,81.73,385,316,,,EA,IMP
COSMOS 1408 DEB,1982-092BN,49573,DEB,D,CIS,1982-09-16,PLMSC,2022-12-22,87.80,82.53,171,160,,,EA,IMP
COSMOS 1408 DEB,1982-092BP,49574,DEB,D,CIS,1982-09-16,PLMSC,2022-04-15,89.66,81.70,267,248,,,EA,IMP
COSMOS 1408 DEB,1982-092BQ,49575,DEB,D,CIS,1982-09-16,PLMSC,2022-01-29,91.17,82.90,363,301,,,EA,IMP
COSMOS 1408 DEB,1982-092BR,49576,DEB,D,CIS,1982-09-16,PLMSC,2023-03-17,87.56,82.57,159,148,,,EA,IMP
COSMOS 1408 DEB,1982-092BS,49577,DEB,D,CIS,1982-09-16,PLMSC,2022-05-10,91.10,82.84,346,311,,,EA,IMP
COSMOS 1408 DEB,1982-092BT,49578,DEB,D,CIS,1982-09-16,PLMSC,2022-08-10,88.82,82.52,227,206,,,EA,IMP
COSMOS 1408 DEB,1982-092BU,49579,DEB,D,CIS,1982-09-16,PLMSC,2022-09-22,89.93,82.75,279,263,,,EA,IMP
COSMOS 1408 DEB,1982-092BV,49580,DEB,D,CIS,1982-09-16,PLMSC,2022-01-29,88.38,82.05,210,179,,,EA,IMP
COSMOS 1408 DEB,1982-092BW,49581,DEB,D,CIS,1982-09-16,PLMSC,2021-12-05,88.56,82.82,216,191,,,EA,IMP
COSMOS 1408 DEB,1982-092BX,49582,DEB,D,CIS,1982-09-16,PLMSC,2023-03-15,88.23,82.89,203,171,,,EA,IMP
COSMOS 1408 DEB,1982-092BY,49583,DEB,D,CIS,1982-09-16,PLMSC,2022-01-31,88.48,82.44,207,191,,,EA,IMP
COSMOS 1408 DEB,1982-092BZ,49584,DEB,D,CIS,1982-09-16,PLMSC,2022-05-14,88.76,81.99,226,200,,,EA,IMP
COSMOS 1408 DEB,1982-092CA,49585,DEB,D,CIS,1982-09-16,PLMSC,2021-12-26,88.63,82.20,227,187,,,EA,IMP
COSMOS 1408 DEB,1982-092CB,49586,DEB,D,CIS,1982-09-16,PLMSC,2022-03-17,88.40,82.68,205,186,,,EA,IMP
COSMOS 1408 DEB,1982-092CC,49587,DEB,D,CIS,1982-09-16,PLMSC,2023-02-07,89.48,82.27,258,240,,,EA,IMP
COSMOS 1408 DEB,1982-092CD,49588,DEB,D,CIS,1982-09-16,PLMSC,2022-03-21,88.53,82.54,211,193,,,EA,IMP
COSMOS 1408 DEB,1982-092CE,49589,DEB,D,CIS,1982-09-16,PLMSC,2021-12-21,91.08,82.35,363,292,,,EA,IMP
COSMOS 1408 DEB,1982-092CF,49590,DEB,D,CIS,1982-09-16,PLMSC,2024-01-03,87.77,82.52,170,159,,,EA,IMP
COSMOS 1408 DEB,1982-092CG,49591,DEB,D,CIS,1982-09-16,PLMSC,2023-09-19,89.54,82.55,257,247,,,EA,IMP
COSMOS 1408 DEB,1982-092CH,49592,DEB,D,CIS,1982-09-16,PLMSC,2022-05-11,88.54,82.55,213,192,,,EA,IMP
COSMOS 1408 DEB,1982-092CJ,49593,DEB,D,CIS,1982-09-16,PLMSC,2023-03-24,88.21,82.47,198,173,,,EA,IMP
COSMOS 1408 DEB,1982-092CK,49594,DEB,D,CIS,1982-09-16,PLMSC,2022-03-13,88.24,82.49,197,178,,,EA,IMP
COSMOS 1408 DEB,1982-092CL,49595,DEB,D,CIS,1982-09-16,PLMSC,2023-10-29,88.43,82.37,206,187,,,EA,IMP
COSMOS 1408 DEB,1982-092CM,49596,DEB,D,CIS,1982-09-16,PLMSC,2022-02-07,88.25,82.50,190,185,,,EA,IMP
COSMOS 1408 DEB,1982-092CN,49597,DEB,D,CIS,1982-09-16,PLMSC,2022-03-09,88.12,82.47,192,172,,,EA,IMP
COSMOS 1408 DEB,1982-092CP,49598,DEB,D,CIS,1982-09-16,PLMSC,2021-12-30,89.39,82.02,276,213,,,EA,IMP
COSMOS 1408 DEB,1982-092CQ,49599,DEB,D,CIS,1982-09-16,PLMSC,2022-06-13,88.46,82.47,205,191,,,EA,IMP
COSMOS 1408 DEB,1982-092CR,49600,DEB,D,CIS,1982-09-16,PLMSC,2022-11-05,89.03,82.50,240,212,,,EA,IMP
COSMOS 1408 DEB,1982-092CS,49601,DEB,D,CIS,1982-09-16,PLMSC,2022-09-30,90.02,82.44,277,273,,,EA,IMP
COSMOS 1408 DEB,1982-092CT,49602,DEB,D,CIS,1982-09-16,PLMSC,2023-05-06,88.04,82.57,188,166,,,EA,IMP
COSMOS 1408 DEB,1982-092CU,49603,DEB,D,CIS,1982-09-16,PLMSC,2021-12-15,90.87,82.45,338,296,,,EA,IMP
COSMOS 1408 DEB,1982-092CV,49604,DEB,D,CIS,1982-09-16,PLMSC,2024-07-28,87.65,82.47,165,151,,,EA,IMP
COSMOS 1408 DEB,1982-092CW,49605,DEB,D,CIS,1982-09-16,PLMSC,2023-01-31,87.88,82.51,177,162,,,EA,IMP
COSMOS 1408 DEB,1982-092CX,49606,DEB,D,CIS,1982-09-16,PLMSC,2023-05-04,87.40,82.56,155,136,,,EA,IMP
COSMOS 1408 DEB,1982-092CY,49607,DEB,D,CIS,1982-09-16,PLMSC,2023-09-25,89.28,82.83,247,231,,,EA,IMP
COSMOS 1408 DEB,1982-092CZ,49608,DEB,D,CIS,1982-09-16,PLMSC,2022-09-02,88.62,82.17,217,196,,,EA,IMP
COSMOS 1408 DEB,1982-092DA,49609,DEB,D,CIS,1982-09-16,PLMSC,2023-07-26,89.06,82.52,231,225,,,EA,IMP
COSMOS 1408 DEB,1982-092DB,49610,DEB,D,CIS,1982-09-16,PLMSC,2022-01-25,91.55,82.70,421,280,,,EA,IMP
COSMOS 1408 DEB,1982-092DC,49611,DEB,D,CIS,1982-09-16,PLMSC,2022-03-28,94.00,82.13,549,392,,,EA,IMP
COSMOS 1408 DEB,1982-092DD,49612,DEB,D,CIS,1982-09-16,PLMSC,2023-03-22,87.94,82.88,185,160,,,EA,IMP
COSMOS 1408 DEB,1982-092DE,49613,DEB,D,CIS,1982-09-16,PLMSC,2022-04-21,89.00,82.47,234,216,,,EA,IMP
COSMOS 1408 DEB,1982-092DF,49614,DEB,D,CIS,1982-09-16,PLMSC,2021-12-09,89.24,82.03,275,199,,,EA,IMP
COSMOS 1408 DEB,1982-092DG,49615,DEB,D,CIS,1982-09-16,PLMSC,2021-12-02,90.21,82.53,306,263,,,EA,IMP
COSMOS 1408 DEB,1982-092DH,49616,DEB,D,CIS,1982-09-16,PLMSC,2021-12-26,89.96,82.48,289,256,,,EA,IMP
COSMOS 1408 DEB,1982-092DJ,49617,DEB,D,CIS,1982-09-16,PLMSC,2022-02-24,89.10,82.49,240,220,,,EA,IMP
COSMOS 1408 DEB,1982-092DK,49618,DEB,D,CIS,1982-09-16,PLMSC,2021-12-03,87.81,82.36,177,154,,,EA,IMP
COSMOS 1408 DEB,1982-092DL,49619,DEB,D,CIS,1982-09-16,PLMSC,2025-01-10,90.15,81.87,296,267,,,EA,IMP
COSMOS 1408 DEB,1982-092DM,49620,DEB,D,CIS,1982-09-16,PLMSC,2022-02-10,89.33,82.51,260,223,,,EA,IMP
COSMOS 1408 DEB,1982-092DN,49621,DEB,D,CIS,1982-09-16,PLMSC,2023-03-10,87.87,82.53,177,161,,,EA,IMP
COSMOS 1408 DEB,1982-092DP,49622,DEB,D,CIS,1982-09-16,PLMSC,2023-11-11,87.53,82.53,159,145,,,EA,IMP
COSMOS 1408 DEB,1982-092DQ,49623,DEB,D,CIS,1982-09-16,PLMSC,2022-11-05,87.81,82.51,174,158,,,EA,IMP
COSMOS 1408 DEB,1982-092DR,49624,DEB,D,CIS,1982-09-16,PLMSC,2023-07-17,87.62,82.20,164,150,,,EA,IMP
COSMOS 1408 DEB,1982-092DS,49625,DEB,D,CIS,1982-09-16,PLMSC,2022-02-03,89.15,82.55,241,224,,,EA,IMP
COSMOS 1408 DEB,1982-092DT,49626,DEB,D,CIS,1982-09-16,PLMSC,2022-11-16,87.93,82.54,180,164,,,EA,IMP
COSMOS 1408 DEB,1982-092DU,49627,DEB,D,CIS,1982-09-16,PLMSC,2022-12-07,96.68,82.84,747,453,,,EA,IMP
COSMOS 1408 DEB,1982-092DV,49628,DEB,D,CIS,1982-09-16,PLMSC,2023-07-31,88.73,82.93,218,205,,,EA,IMP
COSMOS 1408 DEB,1982-092DW,49629,DEB,D,CIS,1982-09-16,PLMSC,2021-12-28,90.65,83.17,324,289,,,EA,IMP
COSMOS 1408 DEB,1982-092DX,49630,DEB,D,CIS,1982-09-16,PLMSC,2022-06-25,88.28,82.36,201,178,,,EA,IMP
COSMOS 1408 DEB,1982-092DY,49631,DEB,D,CIS,1982-09-16,PLMSC,2023-03-02,88.15,82.51,197,169,,,EA,IMP
COSMOS 1408 DEB,1982-092DZ,49632,DEB,D,CIS,1982-09-16,PLMSC,2022-11-09,89.38,83.07,251,237,,,EA,IMP
COSMOS 1408 DEB,1982-092EA,49633,DEB,D,CIS,1982-09-16,PLMSC,2022-04-16,88.00,83.08,182,169,,,EA,IMP
COSMOS 1408 DEB,1982-092EB,49634,DEB,D,CIS,1982-09-16,PLMSC,2022-11-29,88.79,83.36,218,212,,,EA,IMP
COSMOS 1408 DEB,1982-092EC,49635,DEB,D,CIS,1982-09-16,PLMSC,2022-11-21,90.17,82.86,298,268,,,EA,IMP
COSMOS 1408 DEB,1982-092ED,49636,DEB,D,CIS,1982-09-16,PLMSC,2022-04-02,88.09,82.83,187,173,,,EA,IMP
COSMOS 1408 DEB,1982-092EE,49637,DEB,D,CIS,1982-09-16,PLMSC,2022-11-29,88.64,82.80,214,200,,,EA,IMP
COSMOS 1408 DEB,1982-092EF,49638,DEB,D,CIS,1982-09-16,PLMSC,2022-12-04,89.42,82.56,253,239,,,EA,IMP
COSMOS 1408 DEB,1982-092EG,49639,DEB,D,CIS,1982-09-16,PLMSC,2022-06-12,88.62,82.61,222,191,,,EA,IMP
COSMOS 1408 DEB,1982-092EH,49640,DEB,D,CIS,1982-09-16,PLMSC,2022-09-29,88.41,83.39,203,188,,,EA,IMP
COSMOS 1408 DEB,1982-092EJ,49641,DEB,D,CIS,1982-09-16,PLMSC,2022-01-28,90.81,82.77,331,298,,,EA,IMP
COSMOS 1408 DEB,1982-092EK,49642,DEB,D,CIS,1982-09-16,PLMSC,2023-07-21,88.06,83.08,190,167,,,EA,IMP
COSMOS 1408 DEB,1982-092EL,49643,DEB,D,CIS,1982-09-16,PLMSC,2022-01-16,88.89,83.73,229,210,,,EA,IMP
COSMOS 1408 DEB,1982-092EM,49644,DEB,D,CIS,1982-09-16,PLMSC,2022-08-12,89.19,82.54,255,214,,,EA,IMP
COSMOS 1408 DEB,1982-092EN,49645,DEB,D,CIS,1982-09-16,PLMSC,2022-02-12,88.90,82.46,229,210,,,EA,IMP
COSMOS 1408 DEB,1982-092EP,49646,DEB,D,CIS,1982-09-16,PLMSC,2022-03-19,93.58,82.48,505,394,,,EA,IMP
COSMOS 1408 DEB,1982-092EQ,49647,DEB,D,CIS,1982-09-16,PLMSC,2022-05-12,89.38,82.20,264,224,,,EA,IMP
COSMOS 1408 DEB,1982-092ER,49648,DEB,D,CIS,1982-09-16,PLMSC,2022-07-28,90.98,81.70,333,312,,,EA,IMP
COSMOS 1408 DEB,1982-092ES,49649,DEB,D,CIS,1982-09-16,PLMSC,2022-02-13,87.93,82.06,186,158,,,EA,IMP
COSMOS 1408 DEB,1982-092ET,49650,DEB,D,CIS,1982-09-16,PLMSC,2022-02-10,90.80,82.53,335,292,,,EA,IMP
COSMOS 1408 DEB,1982-092EU,49651,DEB,D,CIS,1982-09-16,PLMSC,2022-01-30,89.36,82.17,255,231,,,EA,IMP
COSMOS 1408 DEB,1982-092EV,49652,DEB,D,CIS,1982-09-16,PLMSC,2022-06-21,91.20,82.30,360,307,,,EA,IMP
COSMOS 1408 DEB,1982-092EW,49653,DEB,D,CIS,1982-09-16,PLMSC,2023-04-10,87.55,82.50,157,149,,,EA,IMP
COSMOS 1408 DEB,1982-092EX,49654,DEB,D,CIS,1982-09-16,PLMSC,2022-01-22,89.85,82.36,286,248,,,EA,IMP
COSMOS 1408 DEB,1982-092EY,49655,DEB,D,CIS,1982-09-16,PLMSC,2022-04-03,88.33,82.76,199,185,,,EA,IMP
COSMOS 1408 DEB,1982-092EZ,49656,DEB,D,CIS,1982-09-16,PLMSC,2022-03-28,93.13,82.63,499,356,,,EA,IMP
COSMOS 1408 DEB,1982-092FA,49657,DEB,D,CIS,1982-09-16,PLMSC,2023-08-26,87.64,82.51,169,146,,,EA,IMP
COSMOS 1408 DEB,1982-092FB,49658,DEB,D,CIS,1982-09-16,PLMSC,2023-10-26,87.55,82.53,157,149,,,EA,IMP
COSMOS 1408 DEB,1982-092FC,49659,DEB,D,CIS,1982-09-16,PLMSC,2022-10-12,88.23,82.41,193,180,,,EA,IMP
COSMOS 1408 DEB,1982-092FD,49660,DEB,D,CIS,1982-09-16,PLMSC,2022-03-13,90.58,82.79,323,283,,,EA,IMP
COSMOS 1408 DEB,1982-092FE,49661,DEB,D,CIS,1982-09-16,PLMSC,2021-12-28,91.29,82.77,364,312,,,EA,IMP
COSMOS 1408 DEB,1982-092FF,49662,DEB,D,CIS,1982-09-16,PLMSC,2023-04-18,87.83,82.75,173,162,,,EA,IMP
COSMOS 1408 DEB,1982-092FG,49663,DEB,D,CIS,1982-09-16,PLMSC,2023-09-19,89.41,82.54,253,238,,,EA,IMP
COSMOS 1408 DEB,1982-092FH,49664,DEB,D,CIS,1982-09-16,PLMSC,2022-02-14,88.81,83.12,223,208,,,EA,IMP
COSMOS 1408 DEB,1982-092FJ,49665,DEB,D,CIS,1982-09-16,PLMSC,2023-03-24,88.26,82.91,200,177,,,EA,IMP
COSMOS 1408 DEB,1982-092FK,49666,DEB,D,CIS,1982-09-16,PLMSC,2022-02-14,88.14,83.12,191,174,,,EA,IMP
COSMOS 1408 DEB,1982-092FL,49667,DEB,D,CIS,1982-09-16,PLMSC,2022-06-28,87.88,82.53,181,158,,,EA,IMP
COSMOS 1408 DEB,1982-092FM,49668,DEB,D,CIS,1982-09-16,PLMSC,2022-03-28,89.43,83.05,256,236,,,EA,IMP
COSMOS 1408 DEB,1982-092FN,49669,DEB,D,CIS,1982-09-16,PLMSC,2021-12-24,90.71,83.18,326,292,,,EA,IMP
COSMOS 1408 DEB,1982-092FP,49670,DEB,D,CIS,1982-09-16,PLMSC,2022-10-22,87.84,82.48,173,162,,,EA,IMP
COSMOS 1408 DEB,1982-092FQ,49671,DEB,D,CIS,1982-09-16,PLMSC,2022-06-18,90.35,83.38,304,279,,,EA,IMP
COSMOS 1408 DEB,1982-092FR,49672,DEB,D,CIS,1982-09-16,PLMSC,2022-05-26,90.82,83.57,322,308,,,EA,IMP
COSMOS 1408 DEB,1982-092FS,49673,DEB,D,CIS,1982-09-16,PLMSC,2021-12-14,89.41,82.35,285,206,,,EA,IMP
COSMOS 1408 DEB,1982-092FT,49674,DEB,D,CIS,1982-09-16,PLMSC,2023-10-26,87.46,82.55,154,143,,,EA,IMP
COSMOS 1408 DEB,1982-092FU,49675,DEB,D,CIS,1982-09-16,PLMSC,2023-08-20,88.12,82.56,191,172,,,EA,IMP
COSMOS 1408 DEB,1982-092FV,49676,DEB,D,CIS,1982-09-16,PLMSC,2023-01-04,87.79,82.55,170,161,,,EA,IMP
COSMOS 1408 DEB,1982-092FW,49677,DEB,D,CIS,1982-09-16,PLMSC,2022-02-26,90.68,82.53,328,288,,,EA,IMP
COSMOS 1408 DEB,1982-092FX,49678,DEB,D,CIS,1982-09-16,PLMSC,2022-09-02,89.93,82.53,291,250,,,EA,IMP
COSMOS 1408 DEB,1982-092FY,49679,DEB,D,CIS,1982-09-16,PLMSC,2022-02-14,88.94,82.55,244,200,,,EA,IMP
COSMOS 1408 DEB,1982-092FZ,49680,DEB,D,CIS,1982-09-16,PLMSC,2022-04-15,88.99,82.70,237,212,,,EA,IMP
COSMOS 1408 DEB,1982-092GA,49681,DEB,D,CIS,1982-09-16,PLMSC,2023-07-20,87.60,82.56,163,148,,,EA,IMP
COSMOS 1408 DEB,1982-092GB,49682,DEB,D,CIS,1982-09-16,PLMSC,2023-07-17,87.83,82.57,174,160,,,EA,IMP
COSMOS 1408 DEB,1982-092GC,49683,DEB,D,CIS,1982-09-16,PLMSC,2022-03-13,88.64,82.72,221,194,,,EA,IMP
COSMOS 1408 DEB,1982-092GD,49684,DEB,D,CIS,1982-09-16,PLMSC,2022-06-16,90.50,82.88,312,286,,,EA,IMP
COSMOS 1408 DEB,1982-092GE,49685,DEB,D,CIS,1982-09-16,PLMSC,2021-12-30,88.30,82.44,198,183,,,EA,IMP
COSMOS 1408 DEB,1982-092GF,49686,DEB,D,CIS,1982-09-16,PLMSC,2022-08-28,88.18,82.63,192,178,,,EA,IMP
COSMOS 1408 DEB,1982-092GG,49687,DEB,D,CIS,1982-09-16,PLMSC,2022-03-28,88.25,82.60,197,179,,,EA,IMP
COSMOS 1408 DEB,1982-092GH,49688,DEB,D,CIS,1982-09-16,PLMSC,2022-02-07,92.75,82.87,503,316,,,EA,IMP
COSMOS 1408 DEB,1982-092GJ,49689,DEB,D,CIS,1982-09-16,PLMSC,2022-05-23,90.41,83.06,313,276,,,EA,IMP
COSMOS 1408 DEB,1982-092GK,49690,DEB,D,CIS,1982-09-16,PLMSC,2022-01-22,89.66,82.31,266,249,,,EA,IMP
COSMOS 1408 DEB,1982-092GL,49691,DEB,D,CIS,1982-09-16,PLMSC,2022-07-27,88.97,82.85,240,208,,,EA,IMP
COSMOS 1408 DEB,1982-092GM,49692,DEB,D,CIS,1982-09-16,PLMSC,2022-02-26,88.81,82.07,240,192,,,EA,IMP
COSMOS 1408 DEB,1982-092GN,49693,DEB,D,CIS,1982-09-16,PLMSC,2022-02-23,90.38,82.97,311,275,,,EA,IMP
COSMOS 1408 DEB,1982-092GP,49694,DEB,D,CIS,1982-09-16,PLMSC,2023-01-22,87.76,82.51,168,159,,,EA,IMP
COSMOS 1408 DEB,1982-092GQ,49695,DEB,D,CIS,1982-09-16,PLMSC,2022-07-14,88.86,82.82,232,205,,,EA,IMP
COSMOS 1408 DEB,1982-092GR,49696,DEB,D,CIS,1982-09-16,PLMSC,2021-12-10,88.55,82.79,210,195,,,EA,IMP
COSMOS 1408 DEB,1982-092GS,49697,DEB,D,CIS,1982-09-16,PLMSC,2022-03-18,89.01,82.55,232,219,,,EA,IMP
COSMOS 1408 DEB,1982-092GT,49698,DEB,D,CIS,1982-09-16,PLMSC,2021-12-03,88.07,82.86,191,167,,,EA,IMP
COSMOS 1408 DEB,1982-092GU,49699,DEB,D,CIS,1982-09-16,PLMSC,2022-02-14,88.33,82.43,201,183,,,EA,IMP
COSMOS 1408 DEB,1982-092GV,49700,DEB,D,CIS,1982-09-16,PLMSC,2023-03-15,88.41,82.56,207,185,,,EA,IMP
COSMOS 1408 DEB,1982-092GW,49701,DEB,D,CIS,1982-09-16,PLMSC,2021-12-30,92.15,82.47,431,329,,,EA,IMP
COSMOS 1408 DEB,1982-092GX,49702,DEB,D,CIS,1982-09-16,PLMSC,2022-10-05,88.03,82.36,185,169,,,EA,IMP
COSMOS 1408 DEB,1982-092GY,49703,DEB,D,CIS,1982-09-16,PLMSC,2022-02-03,90.54,82.57,317,285,,,EA,IMP
COSMOS 1408 DEB,1982-092GZ,49704,DEB,D,CIS,1982-09-16,PLMSC,2023-04-25,88.93,81.90,229,214,,,EA,IMP
COSMOS 1408 DEB,1982-092HA,49705,DEB,D,CIS,1982-09-16,PLMSC,2021-12-16,92.85,83.60,466,363,,,EA,IMP
COSMOS 1408 DEB,1982-092HB,49706,DEB,D,CIS,1982-09-16,PLMSC,2022-06-03,89.18,82.76,243,225,,,EA,IMP
COSMOS 1408 DEB,1982-092HC,49707,DEB,D,CIS,1982-09-16,PLMSC,2022-03-22,89.03,82.69,233,220,,,EA,IMP
COSMOS 1408 DEB,1982-092HD,49708,DEB,D,CIS,1982-09-16,PLMSC,2024-04-16,87.37,82.57,151,137,,,EA,IMP
COSMOS 1408 DEB,1982-092HE,49709,DEB,D,CIS,1982-09-16,PLMSC,2024-02-29,87.51,82.57,156,145,,,EA,IMP
COSMOS 1408 DEB,1982-092HF,49710,DEB,D,CIS,1982-09-16,PLMSC,2022-09-01,88.67,82.54,217,200,,,EA,IMP
COSMOS 1408 DEB,1982-092HG,49711,DEB,D,CIS,1982-09-16,PLMSC,2021-12-15,88.17,82.67,194,174,,,EA,IMP
COSMOS 1408 DEB,1982-092HH,49712,DEB,D,CIS,1982-09-16,PLMSC,2022-05-16,91.64,82.68,356,353,,,EA,IMP
COSMOS 1408 DEB,1982-092HJ,49713,DEB,D,CIS,1982-09-16,PLMSC,2022-10-18,87.62,82.64,161,152,,,EA,IMP
COSMOS 1408 DEB,1982-092HK,49714,DEB,D,CIS,1982-09-16,PLMSC,2022-06-26,88.96,82.53,238,208,,,EA,IMP
COSMOS 1408 DEB,1982-092HL,49715,DEB,D,CIS,1982-09-16,PLMSC,2021-12-09,88.96,82.40,238,208,,,EA,IMP
COSMOS 1408 DEB,1982-092HM,49716,DEB,D,CIS,1982-09-16,PLMSC,2022-03-06,88.16,82.59,193,174,,,EA,IMP
COSMOS 1408 DEB,1982-092HN,49717,DEB,D,CIS,1982-09-16,PLMSC,2023-05-05,87.70,82.55,171,150,,,EA,IMP
COSMOS 1408 DEB,1982-092HP,49718,DEB,D,CIS,1982-09-16,PLMSC,2021-12-18,89.12,82.49,241,221,,,EA,IMP
COSMOS 1408 DEB,1982-092HQ,49719,DEB,D,CIS,1982-09-16,PLMSC,2023-04-09,88.34,82.44,201,183,,,EA,IMP
COSMOS 1408 DEB,1982-092HR,49720,DEB,D,CIS,1982-09-16,PLMSC,2022-04-26,89.18,82.50,246,222,,,EA,IMP
COSMOS 1408 DEB,1982-092HS,49721,DEB,D,CIS,1982-09-16,PLMSC,2022-08-28,87.62,82.65,166,148,,,EA,IMP
COSMOS 1408 DEB,1982-092HT,49722,DEB,D,CIS,1982-09-16,PLMSC,2022-11-21,88.28,82.51,199,180,,,EA,IMP
COSMOS 1408 DEB,1982-092HU,49723,DEB,D,CIS,1982-09-16,PLMSC,2022-03-09,93.23,81.91,527,338,,,EA,IMP
COSMOS 1408 DEB,1982-092HV,49779,DEB,D,CIS,1982-09-16,PLMSC,2022-03-09,91.61,82.12,405,303,,,EA,IMP
COSMOS 1408 DEB,1982-092HW,49780,DEB,D,CIS,1982-09-16,PLMSC,2022-01-24,92.32,82.06,419,357,,,EA,IMP
COSMOS 1408 DEB,1982-092HX,49781,DEB,D,CIS,1982-09-16,PLMSC,2022-01-20,90.96,82.73,357,286,,,EA,IMP
COSMOS 1408 DEB,1982-092HY,49782,DEB,D,CIS,1982-09-16,PLMSC,2022-01-29,92.53,81.53,452,345,,,EA,IMP
COSMOS 1408 DEB,1982-092HZ,49783,DEB,D,CIS,1982-09-16,PLMSC,2022-01-24,94.17,82.42,640,317,,,EA,IMP
COSMOS 1408 DEB,1982-092JA,49784,DEB,D,CIS,1982-09-16,PLMSC,2023-11-10,87.46,82.51,157,141,,,EA,IMP
COSMOS 1408 DEB,1982-092JB,49785,DEB,D,CIS,1982-09-16,PLMSC,2022-09-30,88.20,82.54,191,180,,,EA,IMP
COSMOS 1408 DEB,1982-092JC,49786,DEB,D,CIS,1982-09-16,PLMSC,2022-02-08,92.89,82.88,505,327,,,EA,IMP
COSMOS 1408 DEB,1982-092JD,49787,DEB,D,CIS,1982-09-16,PLMSC,2023-06-09,87.30,82.52,150,132,,,EA,IMP
COSMOS 1408 DEB,1982-092JE,49788,DEB,D,CIS,1982-09-16,PLMSC,2022-02-08,89.89,82.53,281,257,,,EA,IMP
COSMOS 1408 DEB,1982-092JF,49789,DEB,D,CIS,1982-09-16,PLMSC,2024-07-20,87.59,82.57,165,146,,,EA,IMP
COSMOS 1408 DEB,1982-092JG,49790,DEB,D,CIS,1982-09-16,PLMSC,2022-02-06,90.32,82.56,306,274,,,EA,IMP
COSMOS 1408 DEB,1982-092JH,49791,DEB,D,CIS,1982-09-16,PLMSC,2022-05-23,89.25,82.58,249,226,,,EA,IMP
COSMOS 1408 DEB,1982-092JJ,49792,DEB,D,CIS,1982-09-16,PLMSC,2022-09-02,88.45,82.67,206,189,,,EA,IMP
COSMOS 1408 DEB,1982-092JK,49793,DEB,D,CIS,1982-09-16,PLMSC,2022-05-18,89.66,82.59,272,243,,,EA,IMP
COSMOS 1408 DEB,1982-092JL,49794,DEB,D,CIS,1982-09-16,PLMSC,2021-12-02,89.89,82.61,295,243,,,EA,IMP
COSMOS 1408 DEB,1982-092JM,49795,DEB,D,CIS,1982-09-16,PLMSC,2022-02-07,88.38,82.65,206,183,,,EA,IMP
COSMOS 1408 DEB,1982-092JN,49796,DEB,D,CIS,1982-09-16,PLMSC,2021-12-26,91.60,82.35,375,332,,,EA,IMP
COSMOS 1408 DEB,1982-092JP,49797,DEB,D,CIS,1982-09-16,PLMSC,2022-03-02,88.71,82.70,223,199,,,EA,IMP
COSMOS 1408 DEB,1982-092JQ,49798,DEB,D,CIS,1982-09-16,PLMSC,2021-12-18,91.37,82.67,393,291,,,EA,IMP
COSMOS 1408 DEB,1982-092JR,49799,DEB,D,CIS,1982-09-16,PLMSC,2022-01-28,89.99,82.70,282,266,,,EA,IMP
COSMOS 1408 DEB,1982-092JS,49800,DEB,D,CIS,1982-09-16,PLMSC,2022-04-12,88.48,82.51,205,193,,,EA,IMP
COSMOS 1408 DEB,1982-092JT,49801,DEB,D,CIS,1982-09-16,PLMSC,2022-08-03,88.88,82.54,233,205,,,EA,IMP
COSMOS 1408 DEB,1982-092JU,49802,DEB,D,CIS,1982-09-16,PLMSC,2022-03-14,88.02,82.60,185,168,,,EA,IMP
COSMOS 1408 DEB,1982-092JV,49803,DEB,D,CIS,1982-09-16,PLMSC,2022-07-08,87.59,82.47,165,145,,,EA,IMP
COSMOS 1408 DEB,1982-092JW,49804,DEB,D,CIS,1982-09-16,PLMSC,2022-01-09,94.35,82.92,612,363,,,EA,IMP
COSMOS 1408 DEB,1982-092JX,49805,DEB,D,CIS,1982-09-16,PLMSC,2022-04-26,88.65,82.54,215,200,,,EA,IMP
COSMOS 1408 DEB,1982-092JY,49806,DEB,D,CIS,1982-09-16,PLMSC,2022-04-18,93.78,82.51,534,385,,,EA,IMP
COSMOS 1408 DEB,1982-092JZ,49807,DEB,D,CIS,1982-09-16,PLMSC,2021-12-09,91.52,82.30,385,313,,,EA,IMP
COSMOS 1408 DEB,1982-092KA,49808,DEB,D,CIS,1982-09-16,PLMSC,2022-10-12,89.34,82.78,244,239,,,EA,IMP
COSMOS 1408 DEB,1982-092KB,49820,DEB,D,CIS,1982-09-16,PLMSC,2021-12-03,91.28,82.51,359,316,,,EA,IMP
COSMOS 1408 DEB,1982-092KC,49821,DEB,D,CIS,1982-09-16,PLMSC,2022-05-14,89.20,82.47,252,219,,,EA,IMP
COSMOS 1408 DEB,1982-092KD,49822,DEB,D,CIS,1982-09-16,PLMSC,2022-11-21,88.23,82.53,194,180,,,EA,IMP
COSMOS 1408 DEB,1982-092KE,49823,DEB,D,CIS,1982-09-16,PLMSC,2022-02-26,88.72,82.48,224,198,,,EA,IMP
COSMOS 1408 DEB,1982-092KF,49824,DEB,D,CIS,1982-09-16,PLMSC,2022-03-08,88.76,82.50,223,203,,,EA,IMP
COSMOS 1408 DEB,1982-092KG,49825,DEB,D,CIS,1982-09-16,PLMSC,2023-02-26,87.27,82.62,145,133,,,EA,IMP
COSMOS 1408 DEB,1982-092KH,49826,DEB,D,CIS,1982-09-16,PLMSC,2023-04-14,88.04,82.75,185,170,,,EA,IMP
COSMOS 1408 DEB,1982-092KJ,49827,DEB,D,CIS,1982-09-16,PLMSC,2022-02-14,88.84,82.81,230,205,,,EA,IMP
COSMOS 1408 DEB,1982-092KK,49828,DEB,D,CIS,1982-09-16,PLMSC,2023-11-26,87.33,82.53,151,134,,,EA,IMP
COSMOS 1408 DEB,1982-092KL,49829,DEB,D,CIS,1982-09-16,PLMSC,2022-03-15,91.12,82.51,343,316,,,EA,IMP
COSMOS 1408 DEB,1982-092KM,49830,DEB,D,CIS,1982-09-16,PLMSC,2022-04-11,89.03,82.60,233,220,,,EA,IMP
COSMOS 1408 DEB,1982-092KN,49831,DEB,D,CIS,1982-09-16,PLMSC,2022-08-19,87.63,82.58,164,151,,,EA,IMP
COSMOS 1408 DEB,1982-092KP,49832,DEB,D,CIS,1982-09-16,PLMSC,2022-03-10,90.17,82.58,307,258,,,EA,IMP
COSMOS 1408 DEB,1982-092KQ,49833,DEB,D,CIS,1982-09-16,PLMSC,2022-04-08,88.15,82.55,190,177,,,EA,IMP
COSMOS 1408 DEB,1982-092KR,49834,DEB,D,CIS,1982-09-16,PLMSC,2022-04-28,89.11,82.57,241,220,,,EA,IMP
COSMOS 1408 DEB,1982-092KS,49835,DEB,D,CIS,1982-09-16,PLMSC,2022-04-07,88.53,82.57,212,191,,,EA,IMP
COSMOS 1408 DEB,1982-092KT,49836,DEB,D,CIS,1982-09-16,PLMSC,2022-05-18,89.11,82.53,244,218,,,EA,IMP
COSMOS 1408 DEB,1982-092KU,49837,DEB,D,CIS,1982-09-16,PLMSC,2022-03-01,89.94,82.54,285,259,,,EA,IMP
COSMOS 1408 DEB,1982-092KV,49838,DEB,D,CIS,1982-09-16,PLMSC,2022-02-21,89.84,82.57,279,253,,,EA,IMP
COSMOS 1408 DEB,1982-092KW,49839,DEB,D,CIS,1982-09-16,PLMSC,2023-03-21,87.63,82.51,163,151,,,EA,IMP
COSMOS 1408 DEB,1982-092KX,49840,DEB,D,CIS,1982-09-16,PLMSC,2024-07-22,87.93,82.44,183,161,,,EA,IMP
COSMOS 1408 DEB,1982-092KY,49841,DEB,D,CIS,1982-09-16,PLMSC,2023-03-30,87.77,82.48,170,158,,,EA,IMP
COSMOS 1408 DEB,1982-092KZ,49842,DEB,D,CIS,1982-09-16,PLMSC,2022-06-29,88.58,82.52,219,190,,,EA,IMP
COSMOS 1408 DEB,1982-092LA,49843,DEB,D,CIS,1982-09-16,PLMSC,2023-05-25,87.40,82.45,156,135,,,EA,IMP
COSMOS 1408 DEB,1982-092LB,49844,DEB,D,CIS,1982-09-16,PLMSC,2024-03-28,87.28,82.53,148,132,,,EA,IMP
COSMOS 1408 DEB,1982-092LC,49845,DEB,D,CIS,1982-09-16,PLMSC,2022-10-05,89.45,82.68,253,241,,,EA,IMP
COSMOS 1408 DEB,1982-092LD,49846,DEB,D,CIS,1982-09-16,PLMSC,2022-04-16,89.86,82.68,280,255,,,EA,IMP
COSMOS 1408 DEB,1982-092LE,49847,DEB,D,CIS,1982-09-16,PLMSC,2022-05-31,87.88,82.57,179,159,,,EA,IMP
COSMOS 1408 DEB,1982-092LF,49848,DEB,D,CIS,1982-09-16,PLMSC,2022-11-09,87.43,82.60,154,140,,,EA,IMP
COSMOS 1408 DEB,1982-092LG,49849,DEB,D,CIS,1982-09-16,PLMSC,2022-09-27,88.63,82.47,213,200,,,EA,IMP
COSMOS 1408 DEB,1982-092LH,49850,DEB,D,CIS,1982-09-16,PLMSC,2022-04-02,88.58,82.45,213,196,,,EA,IMP
COSMOS 1408 DEB,1982-092LJ,49851,DEB,D,CIS,1982-09-16,PLMSC,2023-04-20,87.44,82.51,154,142,,,EA,IMP
COSMOS 1408 DEB,1982-092LK,49852,DEB,D,CIS,1982-09-16,PLMSC,2022-02-03,88.21,82.47,205,167,,,EA,IMP
COSMOS 1408 DEB,1982-092LL,49853,DEB,D,CIS,1982-09-16,PLMSC,2023-04-13,87.73,82.62,168,155,,,EA,IMP
COSMOS 1408 DEB,1982-092LM,49854,DEB,D,CIS,1982-09-16,PLMSC,2023-03-12,87.58,82.64,157,153,,,EA,IMP
COSMOS 1408 DEB,1982-092LN,49855,DEB,D,CIS,1982-09-16,PLMSC,2022-08-17,89.24,82.49,252,222,,,EA,IMP
COSMOS 1408 DEB,1982-092LP,49856,DEB,D,CIS,1982-09-16,PLMSC,2022-05-03,88.76,82.58,222,204,,,EA,IMP
COSMOS 1408 DEB,1982-092LQ,49857,DEB,D,CIS,1982-09-16,PLMSC,2022-07-19,87.98,82.56,186,163,,,EA,IMP
COSMOS 1408 DEB,1982-092LR,49858,DEB,D,CIS,1982-09-16,PLMSC,2022-01-18,88.19,82.52,192,178,,,EA,IMP
COSMOS 1408 DEB,1982-092LS,49859,DEB,D,CIS,1982-09-16,PLMSC,2022-07-31,88.27,82.65,197,180,,,EA,IMP
COSMOS 1408 DEB,1982-092LT,49860,DEB,D,CIS,1982-09-16,PLMSC,2022-09-15,88.07,82.55,187,171,,,EA,IMP
COSMOS 1408 DEB,1982-092LU,49861,DEB,D,CIS,1982-09-16,PLMSC,2021-12-20,95.98,81.80,687,444,,,EA,IMP
COSMOS 1408 DEB,1982-092LV,49862,DEB,D,CIS,1982-09-16,PLMSC,2022-04-09,88.98,82.55,229,219,,,EA,IMP
COSMOS 1408 DEB,1982-092LW,49863,DEB,D,CIS,1982-09-16,PLMSC,2023-02-06,88.19,82.48,191,179,,,EA,IMP
COSMOS 1408 DEB,1982-092LX,49864,DEB,D,CIS,1982-09-16,PLMSC,2023-03-15,87.60,82.54,162,150,,,EA,IMP
COSMOS 1408 DEB,1982-092LY,49865,DEB,D,CIS,1982-09-16,PLMSC,2021-12-21,91.84,82.51,384,346,,,EA,IMP
COSMOS 1408 DEB,1982-092LZ,49866,DEB,D,CIS,1982-09-16,PLMSC,2022-02-11,88.55,82.85,213,192,,,EA,IMP
COSMOS 1408 DEB,1982-092MA,49867,DEB,D,CIS,1982-09-16,PLMSC,2022-01-18,94.96,81.72,614,419,,,EA,IMP
COSMOS 1408 DEB,1982-092MB,49868,DEB,D,CIS,1982-09-16,PLMSC,2022-01-04,97.90,81.78,837,480,,,EA,IMP
COSMOS 1408 DEB,1982-092MC,49869,DEB,D,CIS,1982-09-16,PLMSC,2022-02-27,88.39,82.72,205,185,,,EA,IMP
COSMOS 1408 DEB,1982-092MD,49870,DEB,D,CIS,1982-09-16,PLMSC,2022-06-13,87.87,82.61,179,159,,,EA,IMP
COSMOS 1408 DEB,1982-092ME,49871,DEB,D,CIS,1982-09-16,PLMSC,2022-01-04,95.00,81.71,620,417,,,EA,IMP
COSMOS 1408 DEB,1982-092MF,49872,DEB,D,CIS,1982-09-16,PLMSC,2022-01-20,89.92,82.55,287,254,,,EA,IMP
COSMOS 1408 DEB,1982-092MG,49873,DEB,D,CIS,1982-09-16,PLMSC,2022-12-30,87.97,82.63,179,169,,,EA,IMP
COSMOS 1408 DEB,1982-092MH,49874,DEB,D,CIS,1982-09-16,PLMSC,2022-05-23,90.88,82.36,323,312,,,EA,IMP
COSMOS 1408 DEB,1982-092MJ,49875,DEB,D,CIS,1982-09-16,PLMSC,2022-04-16,88.23,82.68,193,181,,,EA,IMP
COSMOS 1408 DEB,1982-092MK,49876,DEB,D,CIS,1982-09-16,PLMSC,2022-06-06,88.69,82.52,223,197,,,EA,IMP
COSMOS 1408 DEB,1982-092ML,49877,DEB,D,CIS,1982-09-16,PLMSC,2021-12-28,97.14,82.83,808,435,,,EA,IMP
COSMOS 1408 DEB,1982-092MM,49878,DEB,D,CIS,1982-09-16,PLMSC,2022-11-18,89.91,82.78,279,261,,,EA,IMP
COSMOS 1408 DEB,1982-092MN,49879,DEB,D,CIS,1982-09-16,PLMSC,2022-02-24,88.75,82.59,221,205,,,EA,IMP
COSMOS 1408 DEB,1982-092MP,49880,DEB,D,CIS,1982-09-16,PLMSC,2022-06-08,89.21,82.34,250,221,,,EA,IMP
COSMOS 1408 DEB,1982-092MQ,49881,DEB,D,CIS,1982-09-16,PLMSC,2022-08-07,89.46,82.54,260,236,,,EA,IMP
COSMOS 1408 DEB,1982-092MR,49882,DEB,D,CIS,1982-09-16,PLMSC,2022-08-08,89.18,82.80,249,219,,,EA,IMP
COSMOS 1408 DEB,1982-092MS,49883,DEB,D,CIS,1982-09-16,PLMSC,2022-02-27,89.01,82.56,237,214,,,EA,IMP
COSMOS 1408 DEB,1982-092MT,49884,DEB,D,CIS,1982-09-16,PLMSC,2022-03-25,89.26,82.61,251,225,,,EA,IMP
COSMOS 1408 DEB,1982-092MU,49885,DEB,D,CIS,1982-09-16,PLMSC,2023-01-31,88.96,82.52,231,216,,,EA,IMP
COSMOS 1408 DEB,1982-092MV,49886,DEB,D,CIS,1982-09-16,PLMSC,2023-07-09,88.62,82.49,209,203,,,EA,IMP
COSMOS 1408 DEB,1982-092MW,49887,DEB,D,CIS,1982-09-16,PLMSC,2022-05-31,88.79,82.52,227,202,,,EA,IMP
COSMOS 1408 DEB,1982-092MX,49888,DEB,D,CIS,1982-09-16,PLMSC,2022-02-03,88.97,82.65,231,216,,,EA,IMP
COSMOS 1408 DEB,1982-092MY,49889,DEB,D,CIS,1982-09-16,PLMSC,2023-01-10,87.62,82.58,159,154,,,EA,IMP
COSMOS 1408 DEB,1982-092MZ,49890,DEB,D,CIS,1982-09-16,PLMSC,2022-02-12,88.85,82.54,228,207,,,EA,IMP
COSMOS 1408 DEB,1982-092NA,49891,DEB,D,CIS,1982-09-16,PLMSC,2022-02-13,90.01,82.55,288,261,,,EA,IMP
COSMOS 1408 DEB,1982-092NB,49892,DEB,D,CIS,1982-09-16,PLMSC,2024-01-14,87.41,82.53,152,141,,,EA,IMP
COSMOS 1408 DEB,1982-092NC,49893,DEB,D,CIS,1982-09-16,PLMSC,2022-07-14,87.90,82.63,178,163,,,EA,IMP
COSMOS 1408 DEB,1982-092ND,49894,DEB,D,CIS,1982-09-16,PLMSC,2022-04-13,87.92,82.84,177,166,,,EA,IMP
COSMOS 1408 DEB,1982-092NE,49895,DEB,D,CIS,1982-09-16,PLMSC,2022-02-23,88.46,82.59,206,190,,,EA,IMP
COSMOS 1408 DEB,1982-092NF,49896,DEB,D,CIS,1982-09-16,PLMSC,2022-09-01,88.93,82.88,234,209,,,EA,IMP
COSMOS 1408 DEB,1982-092NG,49897,DEB,D,CIS,1982-09-16,PLMSC,2022-12-28,88.55,82.53,210,196,,,EA,IMP
COSMOS 1408 DEB,1982-092NH,49898,DEB,D,CIS,1982-09-16,PLMSC,2023-01-16,91.46,82.59,383,310,,,EA,IMP
COSMOS 1408 DEB,1982-092NJ,49899,DEB,D,CIS,1982-09-16,PLMSC,2023-01-20,88.10,82.54,186,174,,,EA,IMP
COSMOS 1408 DEB,1982-092NK,49900,DEB,D,CIS,1982-09-16,PLMSC,2022-01-18,89.01,82.49,233,218,,,EA,IMP
COSMOS 1408 DEB,1982-092NL,49901,DEB,D,CIS,1982-09-16,PLMSC,2022-05-05,88.22,82.74,198,175,,,EA,IMP
COSMOS 1408 DEB,1982-092NM,49902,DEB,D,CIS,1982-09-16,PLMSC,2022-01-17,93.01,82.46,488,356,,,EA,IMP
COSMOS 1408 DEB,1982-092NN,49903,DEB,D,CIS,1982-09-16,PLMSC,2022-01-09,91.68,82.75,384,330,,,EA,IMP
COSMOS 1408 DEB,1982-092NP,49904,DEB,D,CIS,1982-09-16,PLMSC,2021-12-26,90.46,82.64,316,279,,,EA,IMP
COSMOS 1408 DEB,1982-092NQ,49905,DEB,D,CIS,1982-09-16,PLMSC,2022-01-15,95.55,81.83,655,436,,,EA,IMP
COSMOS 1408 DEB,1982-092NR,49906,DEB,D,CIS,1982-09-16,PLMSC,2022-07-29,87.76,82.59,172,155,,,EA,IMP
COSMOS 1408 DEB,1982-092NS,49907,DEB,D,CIS,1982-09-16,PLMSC,2023-07-08,88.90,82.49,230,211,,,EA,IMP
COSMOS 1408 DEB,1982-092NT,49908,DEB,D,CIS,1982-09-16,PLMSC,2022-04-15,88.54,82.59,209,196,,,EA,IMP
COSMOS 1408 DEB,1982-092NU,49909,DEB,D,CIS,1982-09-16,PLMSC,2023-07-19,88.08,82.38,187,172,,,EA,IMP
COSMOS 1408 DEB,1982-092NV,49910,DEB,D,CIS,1982-09-16,PLMSC,2023-03-02,88.03,82.36,189,164,,,EA,IMP
COSMOS 1408 DEB,1982-092NW,49911,DEB,D,CIS,1982-09-16,PLMSC,2022-11-09,88.20,82.49,192,179,,,EA,IMP
COSMOS 1408 DEB,1982-092NX,49912,DEB,D,CIS,1982-09-16,PLMSC,2022-10-05,88.64,82.45,213,202,,,EA,IMP
COSMOS 1408 DEB,1982-092NY,49913,DEB,D,CIS,1982-09-16,PLMSC,2022-03-10,89.60,82.42,269,241,,,EA,IMP
COSMOS 1408 DEB,1982-092NZ,49914,DEB,D,CIS,1982-09-16,PLMSC,2022-01-09,95.38,81.82,638,436,,,EA,IMP
COSMOS 1408 DEB,1982-092PA,49915,DEB,D,CIS,1982-09-16,PLMSC,2023-08-03,88.96,82.57,228,218,,,EA,IMP
COSMOS 1408 DEB,1982-092PB,49916,DEB,D,CIS,1982-09-16,PLMSC,2022-02-04,89.18,82.40,245,223,,,EA,IMP
COSMOS 1408 DEB,1982-092PC,49917,DEB,D,CIS,1982-09-16,PLMSC,2023-03-07,89.05,82.50,237,219,,,EA,IMP
COSMOS 1408 DEB,1982-092PD,49918,DEB,D,CIS,1982-09-16,PLMSC,2022-10-27,87.86,82.59,175,162,,,EA,IMP
COSMOS 1408 DEB,1982-092PE,49919,DEB,D,CIS,1982-09-16,PLMSC,2022-03-09,88.61,82.60,217,195,,,EA,IMP
COSMOS 1408 DEB,1982-092PF,49920,DEB,D,CIS,1982-09-16,PLMSC,2021-12-19,89.94,82.81,295,248,,,EA,IMP
COSMOS 1408 DEB,1982-092PG,49921,DEB,D,CIS,1982-09-16,PLMSC,2022-02-26,88.49,82.59,209,190,,,EA,IMP
COSMOS 1408 DEB,1982-092PH,49966,DEB,D,CIS,1982-09-16,PLMSC,2022-04-11,88.59,82.39,215,195,,,EA,IMP
COSMOS 1408 DEB,1982-092PJ,49967,DEB,D,CIS,1982-09-16,PLMSC,2022-07-26,88.51,82.41,213,188,,,EA,IMP
COSMOS 1408 DEB,1982-092PK,49968,DEB,D,CIS,1982-09-16,PLMSC,2022-03-11,88.29,82.42,203,177,,,EA,IMP
COSMOS 1408 DEB,1982-092PL,49969,DEB,D,CIS,1982-09-16,PLMSC,2022-03-18,87.94,82.39,180,165,,,EA,IMP
COSMOS 1408 DEB,1982-092PM,49970,DEB,D,CIS,1982-09-16,PLMSC,2022-02-03,89.26,82.34,249,227,,,EA,IMP
COSMOS 1408 DEB,1982-092PN,49971,DEB,D,CIS,1982-09-16,PLMSC,2022-04-08,90.13,82.49,291,271,,,EA,IMP
COSMOS 1408 DEB,1982-092PP,49972,DEB,D,CIS,1982-09-16,PLMSC,2021-12-20,90.73,82.45,332,289,,,EA,IMP
COSMOS 1408 DEB,1982-092PQ,49973,DEB,D,CIS,1982-09-16,PLMSC,2022-02-23,89.64,82.61,270,244,,,EA,IMP
COSMOS 1408 DEB,1982-092PR,49974,DEB,D,CIS,1982-09-16,PLMSC,2022-08-16,88.60,82.59,219,191,,,EA,IMP
COSMOS 1408 DEB,1982-092PS,49975,DEB,D,CIS,1982-09-16,PLMSC,2022-01-24,90.57,83.14,311,294,,,EA,IMP
COSMOS 1408 DEB,1982-092PT,49976,DEB,D,CIS,1982-09-16,PLMSC,2022-11-11,88.81,83.38,223,208,,,EA,IMP
COSMOS 1408 DEB,1982-092PU,49977,DEB,D,CIS,1982-09-16,PLMSC,2022-06-26,88.14,82.57,194,171,,,EA,IMP
COSMOS 1408 DEB,1982-092PV,49978,DEB,D,CIS,1982-09-16,PLMSC,2022-02-13,89.81,82.69,280,251,,,EA,IMP
COSMOS 1408 DEB,1982-092PW,49979,DEB,D,CIS,1982-09-16,PLMSC,2022-02-13,88.73,82.45,219,204,,,EA,IMP
COSMOS 1408 DEB,1982-092PX,49980,DEB,D,CIS,1982-09-16,PLMSC,2022-04-08,88.81,82.57,219,213,,,EA,IMP
COSMOS 1408 DEB,1982-092PY,49981,DEB,D,CIS,1982-09-16,PLMSC,2023-12-08,89.14,82.52,238,226,,,EA,IMP
COSMOS 1408 DEB,1982-092PZ,49982,DEB,D,CIS,1982-09-16,PLMSC,2023-04-27,87.60,82.51,166,145,,,EA,IMP
COSMOS 1408 DEB,1982-092QA,49983,DEB,D,CIS,1982-09-16,PLMSC,2022-01-14,93.44,81.82,503,382,,,EA,IMP
COSMOS 1408 DEB,1982-092QB,49984,DEB,D,CIS,1982-09-16,PLMSC,2022-04-11,88.62,82.53,217,196,,,EA,IMP
COSMOS 1408 DEB,1982-092QC,49985,DEB,D,CIS,1982-09-16,PLMSC,2022-06-23,90.16,82.56,303,262,,,EA,IMP
COSMOS 1408 DEB,1982-092QD,49986,DEB,D,CIS,1982-09-16,PLMSC,2022-05-17,88.36,82.55,204,183,,,EA,IMP
COSMOS 1408 DEB,1982-092QE,49987,DEB,D,CIS,1982-09-16,PLMSC,2021-12-14,93.48,82.83,509,381,,,EA,IMP
COSMOS 1408 DEB,1982-092QF,49988,DEB,D,CIS,1982-09-16,PLMSC,2022-01-30,89.63,82.36,266,246,,,EA,IMP
COSMOS 1408 DEB,1982-092QG,49989,DEB,D,CIS,1982-09-16,PLMSC,2022-01-21,89.57,82.47,262,245,,,EA,IMP
COSMOS 1408 DEB,1982-092QH,49990,DEB,D,CIS,1982-09-16,PLMSC,2022-02-26,88.40,82.76,207,184,,,EA,IMP
COSMOS 1408 DEB,1982-092QJ,49991,DEB,D,CIS,1982-09-16,PLMSC,2022-05-09,91.45,82.51,363,328,,,EA,IMP
COSMOS 1408 DEB,1982-092QK,49992,DEB,D,CIS,1982-09-16,PLMSC,2022-07-07,89.75,82.45,276,248,,,EA,IMP
COSMOS 1408 DEB,1982-092QL,49993,DEB,D,CIS,1982-09-16,PLMSC,2022-01-22,88.51,82.68,212,190,,,EA,IMP
COSMOS 1408 DEB,1982-092QM,49994,DEB,D,CIS,1982-09-16,PLMSC,2022-05-12,91.56,82.37,362,340,,,EA,IMP
COSMOS 1408 DEB,1982-092QN,49995,DEB,D,CIS,1982-09-16,PLMSC,2022-02-01,88.51,82.46,206,196,,,EA,IMP
COSMOS 1408 DEB,1982-092QP,49996,DEB,D,CIS,1982-09-16,PLMSC,2024-03-19,87.51,82.60,158,145,,,EA,IMP
COSMOS 1408 DEB,1982-092QQ,49997,DEB,D,CIS,1982-09-16,PLMSC,2022-04-09,91.21,83.02,345,323,,,EA,IMP
COSMOS 1408 DEB,1982-092QR,49998,DEB,D,CIS,1982-09-16,PLMSC,2022-10-25,87.79,82.47,173,158,,,EA,IMP
COSMOS 1408 DEB,1982-092QS,49999,DEB,D,CIS,1982-09-16,PLMSC,2022-10-05,88.30,82.41,194,187,,,EA,IMP
COSMOS 1408 DEB,1982-092QT,50007,DEB,D,CIS,1982-09-16,PLMSC,2023-06-03,88.81,82.43,226,205,,,EA,IMP
COSMOS 1408 DEB,1982-092QU,50008,DEB,D,CIS,1982-09-16,PLMSC,2022-11-18,88.42,82.49,208,186,,,EA,IMP
COSMOS 1408 DEB,1982-092QV,50009,DEB,D,CIS,1982-09-16,PLMSC,2022-01-20,96.90,81.78,769,451,,,EA,IMP
COSMOS 1408 DEB,1982-092QW,50010,DEB,D,CIS,1982-09-16,PLMSC,2024-01-18,87.43,82.50,151,143,,,EA,IMP
COSMOS 1408 DEB,1982-092QX,50011,DEB,D,CIS,1982-09-16,PLMSC,2022-06-30,88.18,82.71,196,172,,,EA,IMP
COSMOS 1408 DEB,1982-092QY,50012,DEB,D,CIS,1982-09-16,PLMSC,2023-08-21,87.50,82.54,159,143,,,EA,IMP
COSMOS 1408 DEB,1982-092QZ,50013,DEB,D,CIS,1982-09-16,PLMSC,2022-07-24,87.97,82.56,181,167,,,EA,IMP
COSMOS 1408 DEB,1982-092RA,50014,DEB,D,CIS,1982-09-16,PLMSC,2024-03-29,87.62,82.54,164,149,,,EA,IMP
COSMOS 1408 DEB,1982-092RB,50015,DEB,D,CIS,1982-09-16,PLMSC,2022-08-26,89.09,82.45,248,211,,,EA,IMP
COSMOS 1408 DEB,1982-092RC,50016,DEB,D,CIS,1982-09-16,PLMSC,2022-04-08,87.75,82.61,166,160,,,EA,IMP
COSMOS 1408 DEB,1982-092RD,50017,DEB,D,CIS,1982-09-16,PLMSC,2022-03-17,87.48,82.63,158,141,,,EA,IMP
COSMOS 1408 DEB,1982-092RE,50018,DEB,D,CIS,1982-09-16,PLMSC,2022-10-01,87.67,82.56,165,154,,,EA,IMP
COSMOS 1408 DEB,1982-092RF,50019,DEB,D,CIS,1982-09-16,PLMSC,2022-03-21,87.86,82.61,175,162,,,EA,IMP
COSMOS 1408 DEB,1982-092RG,50020,DEB,D,CIS,1982-09-16,PLMSC,2024-06-15,87.45,82.59,157,140,,,EA,IMP
COSMOS 1408 DEB,1982-092RH,50021,DEB,D,CIS,1982-09-16,PLMSC,2022-04-14,89.20,82.58,245,224,,,EA,IMP
COSMOS 1408 DEB,1982-092RJ,50022,DEB,D,CIS,1982-09-16,PLMSC,2022-10-03,88.22,82.78,192,180,,,EA,IMP
COSMOS 1408 DEB,1982-092RK,50023,DEB,D,CIS,1982-09-16,PLMSC,2023-08-17,87.94,82.54,181,163,,,EA,IMP
COSMOS 1408 DEB,1982-092RL,50024,DEB,D,CIS,1982-09-16,PLMSC,2022-06-11,87.60,82.56,169,143,,,EA,IMP
COSMOS 1408 DEB,1982-092RM,50025,DEB,D,CIS,1982-09-16,PLMSC,2022-02-22,88.67,82.98,220,197,,,EA,IMP
COSMOS 1408 DEB,1982-092RN,50026,DEB,D,CIS,1982-09-16,PLMSC,2022-05-04,88.38,82.55,209,180,,,EA,IMP
COSMOS 1408 DEB,1982-092RP,50027,DEB,D,CIS,1982-09-16,PLMSC,2023-10-23,88.19,82.34,186,184,,,EA,IMP
COSMOS 1408 DEB,1982-092RQ,50028,DEB,D,CIS,1982-09-16,PLMSC,2022-05-19,90.85,83.27,318,315,,,EA,IMP
COSMOS 1408 DEB,1982-092RR,50029,DEB,D,CIS,1982-09-16,PLMSC,2022-02-27,90.11,83.19,294,265,,,EA,IMP
COSMOS 1408 DEB,1982-092RS,50030,DEB,D,CIS,1982-09-16,PLMSC,2022-01-06,92.83,83.15,470,357,,,EA,IMP
COSMOS 1408 DEB,1982-092RT,50031,DEB,D,CIS,1982-09-16,PLMSC,2022-11-01,87.58,82.52,159,150,,,EA,IMP
COSMOS 1408 DEB,1982-092RU,50032,DEB,,CIS,1982-09-16,PLMSC,,93.01,82.56,433,411,,,EA,ORB
COSMOS 1408 DEB,1982-092RV,50033,DEB,D,CIS,1982-09-16,PLMSC,2022-01-22,89.26,82.73,251,225,,,EA,IMP
COSMOS 1408 DEB,1982-092RW,50034,DEB,D,CIS,1982-09-16,PLMSC,2022-02-05,90.42,82.54,308,282,,,EA,IMP
COSMOS 1408 DEB,1982-092RX,50035,DEB,D,CIS,1982-09-16,PLMSC,2024-01-05,87.66,82.56,165,152,,,EA,IMP
COSMOS 1408 DEB,1982-092RY,50036,DEB,D,CIS,1982-09-16,PLMSC,2022-05-11,90.04,82.59,280,273,,,EA,IMP
COSMOS 1408 DEB,1982-092RZ,50037,DEB,D,CIS,1982-09-16,PLMSC,2022-02-05,87.78,82.70,172,157,,,EA,IMP
COSMOS 1408 DEB,1982-092SA,50038,DEB,D,CIS,1982-09-16,PLMSC,2022-01-24,89.88,82.71,285,252,,,EA,IMP
COSMOS 1408 DEB,1982-092SB,50039,DEB,D,CIS,1982-09-16,PLMSC,2022-12-14,87.94,82.51,179,166,,,EA,IMP
COSMOS 1408 DEB,1982-092SC,50040,DEB,D,CIS,1982-09-16,PLMSC,2022-04-17,88.29,82.05,207,173,,,EA,IMP
COSMOS 1408 DEB,1982-092SD,50041,DEB,D,CIS,1982-09-16,PLMSC,2022-03-09,92.29,82.48,430,344,,,EA,IMP
COSMOS 1408 DEB,1982-092SE,50042,DEB,D,CIS,1982-09-16,PLMSC,2022-05-29,88.36,82.55,205,182,,,EA,IMP
COSMOS 1408 DEB,1982-092SF,50043,DEB,D,CIS,1982-09-16,PLMSC,2022-05-28,91.28,82.50,349,325,,,EA,IMP
COSMOS 1408 DEB,1982-092SG,50044,DEB,D,CIS,1982-09-16,PLMSC,2023-04-16,87.57,82.55,164,145,,,EA,IMP
COSMOS 1408 DEB,1982-092SH,50045,DEB,D,CIS,1982-09-16,PLMSC,2023-09-11,87.84,82.48,177,158,,,EA,IMP
COSMOS 1408 DEB,1982-092SJ,50046,DEB,D,CIS,1982-09-16,PLMSC,2022-03-05,89.15,82.59,245,220,,,EA,IMP
COSMOS 1408 DEB,1982-092SK,50047,DEB,D,CIS,1982-09-16,PLMSC,2023-01-25,89.60,82.50,257,252,,,EA,IMP
COSMOS 1408 DEB,1982-092SL,50048,DEB,D,CIS,1982-09-16,PLMSC,2022-11-09,89.27,82.52,244,233,,,EA,IMP
COSMOS 1408 DEB,1982-092SM,50049,DEB,D,CIS,1982-09-16,PLMSC,2023-10-19,88.59,82.41,217,193,,,EA,IMP
COSMOS 1408 DEB,1982-092SN,50050,DEB,D,CIS,1982-09-16,PLMSC,2022-11-18,90.13,82.50,297,265,,,EA,IMP
COSMOS 1408 DEB,1982-092SP,50051,DEB,D,CIS,1982-09-16,PLMSC,2024-03-31,87.41,82.47,153,139,,,EA,IMP
COSMOS 1408 DEB,1982-092SQ,50052,DEB,D,CIS,1982-09-16,PLMSC,2022-02-19,89.01,82.52,237,214,,,EA,IMP
COSMOS 1408 DEB,1982-092SR,50053,DEB,D,CIS,1982-09-16,PLMSC,2022-04-13,89.89,82.66,279,259,,,EA,IMP
COSMOS 1408 DEB,1982-092SS,50054,DEB,D,CIS,1982-09-16,PLMSC,2022-07-14,88.19,82.60,196,175,,,EA,IMP
COSMOS 1408 DEB,1982-092ST,50055,DEB,D,CIS,1982-09-16,PLMSC,2022-05-08,87.90,82.66,181,161,,,EA,IMP
COSMOS 1408 DEB,1982-092SU,50056,DEB,D,CIS,1982-09-16,PLMSC,2022-01-19,96.44,81.85,709,467,,,EA,IMP
COSMOS 1408 DEB,1982-092SV,50057,DEB,D,CIS,1982-09-16,PLMSC,2022-02-21,91.84,82.84,431,298,,,EA,IMP
COSMOS 1408 DEB,1982-092SW,50058,DEB,,CIS,1982-09-16,PLMSC,,90.52,82.61,304,295,,,EA,ORB
COSMOS 1408 DEB,1982-092SX,50059,DEB,D,CIS,1982-09-16,PLMSC,2022-03-21,90.27,82.75,295,280,,,EA,IMP
COSMOS 1408 DEB,1982-092SY,50060,DEB,D,CIS,1982-09-16,PLMSC,2022-10-05,88.12,82.52,188,175,,,EA,IMP
COSMOS 1408 DEB,1982-092SZ,50061,DEB,D,CIS,1982-09-16,PLMSC,2022-02-26,88.97,82.50,233,214,,,EA,IMP
COSMOS 1408 DEB,1982-092TA,50062,DEB,D,CIS,1982-09-16,PLMSC,2022-03-28,90.06,82.72,285,270,,,EA,IMP
COSMOS 1408 DEB,1982-092TB,50063,DEB,D,CIS,1982-09-16,PLMSC,2022-01-15,88.80,82.68,221,209,,,EA,IMP
COSMOS 1408 DEB,1982-092TC,50064,DEB,D,CIS,1982-09-16,PLMSC,2022-02-03,88.68,82.68,213,206,,,EA,IMP
COSMOS 1408 DEB,1982-092TD,50065,DEB,D,CIS,1982-09-16,PLMSC,2022-03-24,88.26,82.51,196,181,,,EA,IMP
COSMOS 1408 DEB,1982-092TE,50066,DEB,D,CIS,1982-09-16,PLMSC,2022-01-02,88.94,82.68,236,208,,,EA,IMP
COSMOS 1408 DEB,1982-092TF,50067,DEB,D,CIS,1982-09-16,PLMSC,2022-06-25,89.49,82.48,261,237,,,EA,IMP
COSMOS 1408 DEB,1982-092TG,50068,DEB,D,CIS,1982-09-16,PLMSC,2022-01-18,91.34,82.47,352,329,,,EA,IMP
COSMOS 1408 DEB,1982-092TH,50069,DEB,D,CIS,1982-09-16,PLMSC,2024-05-10,87.45,82.46,157,140,,,EA,IMP
COSMOS 1408 DEB,1982-092TJ,50070,DEB,D,CIS,1982-09-16,PLMSC,2022-05-02,90.85,82.57,322,311,,,EA,IMP
COSMOS 1408 DEB,1982-092TK,50071,DEB,D,CIS,1982-09-16,PLMSC,2022-01-25,92.43,82.92,439,349,,,EA,IMP
COSMOS 1408 DEB,1982-092TL,50072,DEB,D,CIS,1982-09-16,PLMSC,2022-04-04,87.88,82.62,177,162,,,EA,IMP
COSMOS 1408 DEB,1982-092TM,50073,DEB,D,CIS,1982-09-16,PLMSC,2023-03-15,88.47,82.46,204,194,,,EA,IMP
COSMOS 1408 DEB,1982-092TN,50074,DEB,D,CIS,1982-09-16,PLMSC,2022-02-14,95.08,83.32,673,372,,,EA,IMP
COSMOS 1408 DEB,1982-092TP,50075,DEB,D,CIS,1982-09-16,PLMSC,2022-01-22,88.65,82.50,213,203,,,EA,IMP
COSMOS 1408 DEB,1982-092TQ,50076,DEB,D,CIS,1982-09-16,PLMSC,2022-02-28,89.41,82.54,256,235,,,EA,IMP
COSMOS 1408 DEB,1982-092TR,50077,DEB,D,CIS,1982-09-16,PLMSC,2023-02-18,87.43,82.67,153,142,,,EA,IMP
COSMOS 1408 DEB,1982-092TS,50078,DEB,D,CIS,1982-09-16,PLMSC,2023-09-15,87.70,82.51,169,152,,,EA,IMP
COSMOS 1408 DEB,1982-092TT,50079,DEB,D,CIS,1982-09-16,PLMSC,2022-05-02,88.24,82.73,196,178,,,EA,IMP
COSMOS 1408 DEB,1982-092TU,50080,DEB,D,CIS,1982-09-16,PLMSC,2023-05-08,87.58,82.57,164,145,,,EA,IMP
COSMOS 1408 DEB,1982-092TV,50081,DEB,D,CIS,1982-09-16,PLMSC,2022-05-24,88.67,82.41,220,197,,,EA,IMP
COSMOS 1408 DEB,1982-092TW,50082,DEB,D,CIS,1982-09-16,PLMSC,2022-10-12,92.01,81.64,405,341,,,EA,IMP
COSMOS 1408 DEB,1982-092TX,50083,DEB,D,CIS,1982-09-16,PLMSC,2022-01-25,88.44,82.29,214,181,,,EA,IMP
COSMOS 1408 DEB,1982-092TY,50084,DEB,D,CIS,1982-09-16,PLMSC,2022-02-20,88.38,82.63,207,182,,,EA,IMP
COSMOS 1408 DEB,1982-092TZ,50085,DEB,D,CIS,1982-09-16,PLMSC,2023-01-03,88.15,82.39,186,180,,,EA,IMP
COSMOS 1408 DEB,1982-092UA,50086,DEB,D,CIS,1982-09-16,PLMSC,2022-04-06,88.35,82.52,200,186,,,EA,IMP
COSMOS 1408 DEB,1982-092UB,50087,DEB,D,CIS,1982-09-16,PLMSC,2022-04-27,90.04,82.43,283,269,,,EA,IMP
COSMOS 1408 DEB,1982-092UC,50088,DEB,D,CIS,1982-09-16,PLMSC,2022-01-17,89.23,82.74,245,228,,,EA,IMP
COSMOS 1408 DEB,1982-092UD,50089,DEB,D,CIS,1982-09-16,PLMSC,2022-01-22,89.75,82.37,271,253,,,EA,IMP
COSMOS 1408 DEB,1982-092UE,50090,DEB,D,CIS,1982-09-16,PLMSC,2022-01-31,89.95,82.47,284,260,,,EA,IMP
COSMOS 1408 DEB,1982-092UF,50091,DEB,D,CIS,1982-09-16,PLMSC,2021-12-26,90.50,82.84,324,273,,,EA,IMP
COSMOS 1408 DEB,1982-092UG,50092,DEB,D,CIS,1982-09-16,PLMSC,2022-04-20,88.30,82.52,199,181,,,EA,IMP
COSMOS 1408 DEB,1982-092UH,50093,DEB,D,CIS,1982-09-16,PLMSC,2022-03-11,88.40,82.67,208,183,,,EA,IMP
COSMOS 1408 DEB,1982-092UJ,50094,DEB,D,CIS,1982-09-16,PLMSC,2022-03-31,89.77,82.63,270,256,,,EA,IMP
COSMOS 1408 DEB,1982-092UK,50095,DEB,D,CIS,1982-09-16,PLMSC,2022-12-28,88.03,82.51,183,172,,,EA,IMP
COSMOS 1408 DEB,1982-092UL,50096,DEB,D,CIS,1982-09-16,PLMSC,2022-01-08,89.61,82.40,274,237,,,EA,IMP
COSMOS 1408 DEB,1982-092UM,50097,DEB,D,CIS,1982-09-16,PLMSC,2022-02-18,88.57,82.55,214,193,,,EA,IMP
COSMOS 1408 DEB,1982-092UN,50098,DEB,D,CIS,1982-09-16,PLMSC,2023-02-16,90.19,82.84,301,267,,,EA,IMP
COSMOS 1408 DEB,1982-092UP,50099,DEB,D,CIS,1982-09-16,PLMSC,2022-02-06,89.05,82.51,241,214,,,EA,IMP
COSMOS 1408 DEB,1982-092UQ,50100,DEB,D,CIS,1982-09-16,PLMSC,2022-04-17,88.13,82.58,191,173,,,EA,IMP
COSMOS 1408 DEB,1982-092UR,50101,DEB,D,CIS,1982-09-16,PLMSC,2023-03-24,87.60,82.55,161,150,,,EA,IMP
COSMOS 1408 DEB,1982-092US,50102,DEB,D,CIS,1982-09-16,PLMSC,2022-04-30,88.13,82.56,190,173,,,EA,IMP
COSMOS 1408 DEB,1982-092UT,50103,DEB,D,CIS,1982-09-16,PLMSC,2022-03-09,90.13,82.54,293,269,,,EA,IMP
COSMOS 1408 DEB,1982-092UU,50104,DEB,D,CIS,1982-09-16,PLMSC,2022-06-12,88.25,82.58,201,174,,,EA,IMP
COSMOS 1408 DEB,1982-092UV,50105,DEB,D,CIS,1982-09-16,PLMSC,2023-06-07,87.79,82.56,175,155,,,EA,IMP
COSMOS 1408 DEB,1982-092UW,50106,DEB,D,CIS,1982-09-16,PLMSC,2022-05-14,88.91,82.53,233,208,,,EA,IMP
COSMOS 1408 DEB,1982-092UX,50107,DEB,D,CIS,1982-09-16,PLMSC,2022-12-22,88.52,82.76,209,193,,,EA,IMP
COSMOS 1408 DEB,1982-092UY,50108,DEB,D,CIS,1982-09-16,PLMSC,2023-03-16,87.65,82.63,164,151,,,EA,IMP
COSMOS 1408 DEB,1982-092UZ,50109,DEB,D,CIS,1982-09-16,PLMSC,2023-02-12,88.13,82.64,188,175,,,EA,IMP
COSMOS 1408 DEB,1982-092VA,50110,DEB,D,CIS,1982-09-16,PLMSC,2022-03-31,89.35,82.63,253,231,,,EA,IMP
COSMOS 1408 DEB,1982-092VB,50111,DEB,D,CIS,1982-09-16,PLMSC,2022-07-17,87.63,82.51,164,150,,,EA,IMP
COSMOS 1408 DEB,1982-092VC,50112,DEB,D,CIS,1982-09-16,PLMSC,2022-03-09,87.96,82.44,184,163,,,EA,IMP
COSMOS 1408 DEB,1982-092VD,50113,DEB,D,CIS,1982-09-16,PLMSC,2022-02-27,92.94,82.96,486,351,,,EA,IMP
COSMOS 1408 DEB,1982-092VE,50114,DEB,D,CIS,1982-09-16,PLMSC,2022-01-14,90.30,82.36,316,263,,,EA,IMP
COSMOS 1408 DEB,1982-092VF,50115,DEB,D,CIS,1982-09-16,PLMSC,2022-01-31,89.64,83.70,261,253,,,EA,IMP
COSMOS 1408 DEB,1982-092VG,50116,DEB,D,CIS,1982-09-16,PLMSC,2022-04-06,90.34,82.56,301,281,,,EA,IMP
COSMOS 1408 DEB,1982-092VH,50117,DEB,D,CIS,1982-09-16,PLMSC,2022-04-26,89.26,82.57,243,232,,,EA,IMP
COSMOS 1408 DEB,1982-092VJ,50118,DEB,D,CIS,1982-09-16,PLMSC,2022-04-28,89.28,82.59,243,234,,,EA,IMP
COSMOS 1408 DEB,1982-092VK,50119,DEB,D,CIS,1982-09-16,PLMSC,2022-03-28,88.61,82.81,212,200,,,EA,IMP
COSMOS 1408 DEB,1982-092VL,50120,DEB,D,CIS,1982-09-16,PLMSC,2022-10-12,92.26,82.50,431,340,,,EA,IMP
COSMOS 1408 DEB,1982-092VM,50121,DEB,D,CIS,1982-09-16,PLMSC,2022-10-27,88.94,82.55,226,218,,,EA,IMP
COSMOS 1408 DEB,1982-092VN,50122,DEB,D,CIS,1982-09-16,PLMSC,2022-02-05,90.65,82.52,319,294,,,EA,IMP
COSMOS 1408 DEB,1982-092VP,50123,DEB,D,CIS,1982-09-16,PLMSC,2024-09-27,87.99,82.52,181,169,,,EA,IMP
COSMOS 1408 DEB,1982-092VQ,50124,DEB,D,CIS,1982-09-16,PLMSC,2022-09-11,87.79,82.55,172,159,,,EA,IMP
COSMOS 1408 DEB,1982-092VR,50125,DEB,D,CIS,1982-09-16,PLMSC,2023-07-04,88.44,82.55,206,190,,,EA,IMP
COSMOS 1408 DEB,1982-092VS,50126,DEB,D,CIS,1982-09-16,PLMSC,2022-06-09,88.25,82.51,201,175,,,EA,IMP
COSMOS 1408 DEB,1982-092VT,50127,DEB,D,CIS,1982-09-16,PLMSC,2022-05-16,89.71,82.56,267,253,,,EA,IMP
COSMOS 1408 DEB,1982-092VU,50128,DEB,D,CIS,1982-09-16,PLMSC,2022-04-17,91.00,82.81,335,312,,,EA,IMP
COSMOS 1408 DEB,1982-092VV,50129,DEB,D,CIS,1982-09-16,PLMSC,2022-04-12,88.80,82.56,223,208,,,EA,IMP
COSMOS 1408 DEB,1982-092VW,50130,DEB,D,CIS,1982-09-16,PLMSC,2022-01-05,97.94,81.78,841,480,,,EA,IMP
COSMOS 1408 DEB,1982-092VX,50131,DEB,D,CIS,1982-09-16,PLMSC,2023-07-29,87.77,82.47,172,156,,,EA,IMP
COSMOS 1408 DEB,1982-092VY,50132,DEB,D,CIS,1982-09-16,PLMSC,2021-12-19,92.40,82.70,444,340,,,EA,IMP
COSMOS 1408 DEB,1982-092VZ,50133,DEB,D,CIS,1982-09-16,PLMSC,2023-06-03,87.91,82.53,184,159,,,EA,IMP
COSMOS 1408 DEB,1982-092WA,50134,DEB,D,CIS,1982-09-16,PLMSC,2022-12-22,87.96,82.89,178,169,,,EA,IMP
COSMOS 1408 DEB,1982-092WB,50135,DEB,D,CIS,1982-09-16,PLMSC,2022-01-01,88.52,82.62,219,184,,,EA,IMP
COSMOS 1408 DEB,1982-092WC,50215,DEB,D,CIS,1982-09-16,PLMSC,2023-07-10,87.39,82.51,155,136,,,EA,IMP
COSMOS 1408 DEB,1982-092WD,50216,DEB,D,CIS,1982-09-16,PLMSC,2022-01-09,100.53,81.02,1095,472,,,EA,IMP
COSMOS 1408 DEB,1982-092WE,50217,DEB,D,CIS,1982-09-16,PLMSC,2022-01-02,96.90,81.87,776,445,,,EA,IMP
COSMOS 1408 DEB,1982-092WF,50218,DEB,D,CIS,1982-09-16,PLMSC,2023-06-13,88.05,82.46,188,167,,,EA,IMP
COSMOS 1408 DEB,1982-092WG,50219,DEB,D,CIS,1982-09-16,PLMSC,2023-02-27,88.70,82.79,220,201,,,EA,IMP
COSMOS 1408 DEB,1982-092WH,50220,DEB,D,CIS,1982-09-16,PLMSC,2022-06-17,91.02,82.68,337,312,,,EA,IMP
COSMOS 1408 DEB,1982-092WJ,50221,DEB,D,CIS,1982-09-16,PLMSC,2022-01-22,98.82,81.81,882,523,,,EA,IMP
COSMOS 1408 DEB,1982-092WK,50222,DEB,D,CIS,1982-09-16,PLMSC,2022-05-26,88.99,82.76,237,212,,,EA,IMP
COSMOS 1408 DEB,1982-092WL,50223,DEB,D,CIS,1982-09-16,PLMSC,2022-11-09,88.03,82.54,183,170,,,EA,IMP
COSMOS 1408 DEB,1982-092WM,50224,DEB,D,CIS,1982-09-16,PLMSC,2022-01-24,89.46,82.37,256,240,,,EA,IMP
COSMOS 1408 DEB,1982-092WN,50225,DEB,D,CIS,1982-09-16,PLMSC,2022-01-05,96.71,82.90,767,435,,,EA,IMP
COSMOS 1408 DEB,1982-092WP,50226,DEB,D,CIS,1982-09-16,PLMSC,2022-08-10,89.16,82.58,251,215,,,EA,IMP
COSMOS 1408 DEB,1982-092WQ,50227,DEB,D,CIS,1982-09-16,PLMSC,2022-01-10,89.57,82.36,272,234,,,EA,IMP
COSMOS 1408 DEB,1982-092WR,50228,DEB,D,CIS,1982-09-16,PLMSC,2022-01-08,88.11,82.79,190,172,,,EA,IMP
COSMOS 1408 DEB,1982-092WS,50229,DEB,D,CIS,1982-09-16,PLMSC,2022-04-23,90.69,82.84,324,293,,,EA,IMP
COSMOS 1408 DEB,1982-092WT,50230,DEB,D,CIS,1982-09-16,PLMSC,2022-04-08,90.13,82.54,287,275,,,EA,IMP
COSMOS 1408 DEB,1982-092WU,50231,DEB,D,CIS,1982-09-16,PLMSC,2022-01-30,89.34,82.47,247,236,,,EA,IMP
COSMOS 1408 DEB,1982-092WV,50232,DEB,D,CIS,1982-09-16,PLMSC,2022-04-30,87.54,82.65,162,144,,,EA,IMP
COSMOS 1408 DEB,1982-092WW,50233,DEB,D,CIS,1982-09-16,PLMSC,2022-07-26,87.89,82.57,177,163,,,EA,IMP
COSMOS 1408 DEB,1982-092WX,50234,DEB,D,CIS,1982-09-16,PLMSC,2023-04-23,87.60,82.52,163,147,,,EA,IMP
COSMOS 1408 DEB,1982-092WY,50235,DEB,D,CIS,1982-09-16,PLMSC,2022-02-10,90.85,82.53,338,295,,,EA,IMP
COSMOS 1408 DEB,1982-092WZ,50236,DEB,D,CIS,1982-09-16,PLMSC,2022-04-10,89.99,82.39,285,263,,,EA,IMP
COSMOS 1408 DEB,1982-092XA,50237,DEB,D,CIS,1982-09-16,PLMSC,2023-07-18,91.19,82.91,359,306,,,EA,IMP
COSMOS 1408 DEB,1982-092XB,50238,DEB,D,CIS,1982-09-16,PLMSC,2022-09-02,88.09,82.52,187,173,,,EA,IMP
COSMOS 1408 DEB,1982-092XC,50239,DEB,D,CIS,1982-09-16,PLMSC,2023-01-11,87.64,82.50,159,156,,,EA,IMP
COSMOS 1408 DEB,1982-092XD,50240,DEB,D,CIS,1982-09-16,PLMSC,2022-04-12,88.37,82.59,203,185,,,EA,IMP
COSMOS 1408 DEB,1982-092XE,50241,DEB,D,CIS,1982-09-16,PLMSC,2022-03-28,89.43,82.68,253,239,,,EA,IMP
COSMOS 1408 DEB,1982-092XF,50242,DEB,D,CIS,1982-09-16,PLMSC,2022-04-20,89.33,82.57,249,234,,,EA,IMP
COSMOS 1408 DEB,1982-092XG,50243,DEB,D,CIS,1982-09-16,PLMSC,2022-11-16,87.91,82.54,179,163,,,EA,IMP
COSMOS 1408 DEB,1982-092XH,50244,DEB,D,CIS,1982-09-16,PLMSC,2023-01-31,87.42,82.41,149,144,,,EA,IMP
COSMOS 1408 DEB,1982-092XJ,50245,DEB,D,CIS,1982-09-16,PLMSC,2022-04-18,88.12,82.60,187,176,,,EA,IMP
COSMOS 1408 DEB,1982-092XK,50246,DEB,D,CIS,1982-09-16,PLMSC,2022-05-16,88.79,82.52,224,205,,,EA,IMP
COSMOS 1408 DEB,1982-092XL,50247,DEB,D,CIS,1982-09-16,PLMSC,2022-07-10,88.15,83.16,193,172,,,EA,IMP
COSMOS 1408 DEB,1982-092XM,50248,DEB,D,CIS,1982-09-16,PLMSC,2022-07-16,88.68,82.61,218,201,,,EA,IMP
COSMOS 1408 DEB,1982-092XN,50249,DEB,D,CIS,1982-09-16,PLMSC,2022-02-03,90.17,82.52,295,271,,,EA,IMP
COSMOS 1408 DEB,1982-092XP,50250,DEB,D,CIS,1982-09-16,PLMSC,2022-03-09,89.94,82.56,290,252,,,EA,IMP
COSMOS 1408 DEB,1982-092XQ,50251,DEB,D,CIS,1982-09-16,PLMSC,2023-01-14,88.28,82.61,191,188,,,EA,IMP
COSMOS 1408 DEB,1982-092XR,50252,DEB,D,CIS,1982-09-16,PLMSC,2022-03-14,88.99,82.60,237,213,,,EA,IMP
COSMOS 1408 DEB,1982-092XS,50253,DEB,D,CIS,1982-09-16,PLMSC,2022-05-04,88.65,82.35,219,196,,,EA,IMP
COSMOS 1408 DEB,1982-092XT,50254,DEB,D,CIS,1982-09-16,PLMSC,2022-04-14,89.08,82.53,241,217,,,EA,IMP
COSMOS 1408 DEB,1982-092XU,50255,DEB,D,CIS,1982-09-16,PLMSC,2022-05-24,89.10,82.68,245,215,,,EA,IMP
COSMOS 1408 DEB,1982-092XV,50256,DEB,D,CIS,1982-09-16,PLMSC,2023-01-13,88.01,82.42,180,172,,,EA,IMP
COSMOS 1408 DEB,1982-092XW,50257,DEB,D,CIS,1982-09-16,PLMSC,2023-03-10,88.19,82.44,194,176,,,EA,IMP
COSMOS 1408 DEB,1982-092XX,50258,DEB,D,CIS,1982-09-16,PLMSC,2022-11-29,89.32,82.44,261,220,,,EA,IMP
COSMOS 1408 DEB,1982-092XY,50259,DEB,D,CIS,1982-09-16,PLMSC,2022-04-29,88.97,82.55,232,216,,,EA,IMP
COSMOS 1408 DEB,1982-092XZ,50260,DEB,D,CIS,1982-09-16,PLMSC,2022-10-12,90.86,82.59,325,308,,,EA,IMP
COSMOS 1408 DEB,1982-092YA,50261,DEB,D,CIS,1982-09-16,PLMSC,2022-09-23,95.17,81.91,619,435,,,EA,IMP
COSMOS 1408 DEB,1982-092YB,50262,DEB,D,CIS,1982-09-16,PLMSC,2022-04-26,89.55,82.41,266,238,,,EA,IMP
COSMOS 1408 DEB,1982-092YC,50263,DEB,D,CIS,1982-09-16,PLMSC,2022-05-05,88.24,82.50,200,175,,,EA,IMP
COSMOS 1408 DEB,1982-092YD,50264,DEB,D,CIS,1982-09-16,PLMSC,2022-05-31,90.39,82.45,307,280,,,EA,IMP
COSMOS 1408 DEB,1982-092YE,50265,DEB,D,CIS,1982-09-16,PLMSC,2022-05-31,88.98,83.35,238,209,,,EA,IMP
COSMOS 1408 DEB,1982-092YF,50266,DEB,D,CIS,1982-09-16,PLMSC,2022-05-04,89.91,82.82,278,262,,,EA,IMP
COSMOS 1408 DEB,1982-092YG,50267,DEB,D,CIS,1982-09-16,PLMSC,2022-10-12,87.84,82.55,176,159,,,EA,IMP
COSMOS 1408 DEB,1982-092YH,50268,DEB,D,CIS,1982-09-16,PLMSC,2021-12-29,88.78,82.66,226,202,,,EA,IMP
COSMOS 1408 DEB,1982-092YJ,50269,DEB,D,CIS,1982-09-16,PLMSC,2022-03-25,90.94,82.54,326,316,,,EA,IMP
COSMOS 1408 DEB,1982-092YK,50270,DEB,D,CIS,1982-09-16,PLMSC,2022-03-14,88.64,82.77,223,191,,,EA,IMP
COSMOS 1408 DEB,1982-092YL,50271,DEB,D,CIS,1982-09-16,PLMSC,2022-01-19,98.04,81.62,860,470,,,EA,IMP
COSMOS 1408 DEB,1982-092YM,50272,DEB,D,CIS,1982-09-16,PLMSC,2022-07-27,87.96,82.49,182,165,,,EA,IMP
COSMOS 1408 DEB,1982-092YN,50273,DEB,D,CIS,1982-09-16,PLMSC,2022-08-13,88.66,82.54,220,197,,,EA,IMP
COSMOS 1408 DEB,1982-092YP,50274,DEB,D,CIS,1982-09-16,PLMSC,2022-10-15,88.30,82.56,196,185,,,EA,IMP
COSMOS 1408 DEB,1982-092YQ,50275,DEB,D,CIS,1982-09-16,PLMSC,2022-04-01,90.02,82.77,279,272,,,EA,IMP
COSMOS 1408 DEB,1982-092YR,50276,DEB,D,CIS,1982-09-16,PLMSC,2022-06-18,91.33,82.76,349,331,,,EA,IMP
COSMOS 1408 DEB,1982-092YS,50277,DEB,D,CIS,1982-09-16,PLMSC,2022-01-16,89.52,82.36,266,236,,,EA,IMP
COSMOS 1408 DEB,1982-092YT,50278,DEB,D,CIS,1982-09-16,PLMSC,2022-05-04,89.60,82.63,274,235,,,EA,IMP
COSMOS 1408 DEB,1982-092YU,50279,DEB,D,CIS,1982-09-16,PLMSC,2022-01-19,92.09,82.91,452,303,,,EA,IMP
COSMOS 1408 DEB,1982-092YV,50280,DEB,D,CIS,1982-09-16,PLMSC,2022-02-20,88.46,82.70,213,184,,,EA,IMP
COSMOS 1408 DEB,1982-092YW,50281,DEB,D,CIS,1982-09-16,PLMSC,2022-03-14,88.45,82.56,207,189,,,EA,IMP
COSMOS 1408 DEB,1982-092YX,50282,DEB,D,CIS,1982-09-16,PLMSC,2022-01-21,96.97,81.82,731,496,,,EA,IMP
COSMOS 1408 DEB,1982-092YY,50283,DEB,D,CIS,1982-09-16,PLMSC,2023-08-06,87.74,82.50,172,154,,,EA,IMP
COSMOS 1408 DEB,1982-092YZ,50284,DEB,D,CIS,1982-09-16,PLMSC,2024-07-06,88.07,82.64,187,171,,,EA,IMP
COSMOS 1408 DEB,1982-092ZA,50285,DEB,D,CIS,1982-09-16,PLMSC,2022-03-12,90.21,82.37,293,276,,,EA,IMP
COSMOS 1408 DEB,1982-092ZB,50286,DEB,D,CIS,1982-09-16,PLMSC,2022-04-03,90.15,82.57,285,279,,,EA,IMP
COSMOS 1408 DEB,1982-092ZC,50287,DEB,D,CIS,1982-09-16,PLMSC,2022-04-07,90.06,82.57,290,264,,,EA,IMP
COSMOS 1408 DEB,1982-092ZD,50288,DEB,D,CIS,1982-09-16,PLMSC,2021-12-22,92.97,82.29,485,355,,,EA,IMP
COSMOS 1408 DEB,1982-092ZE,50289,DEB,D,CIS,1982-09-16,PLMSC,2022-01-19,92.60,82.48,459,345,,,EA,IMP
COSMOS 1408 DEB,1982-092ZF,50290,DEB,D,CIS,1982-09-16,PLMSC,2022-04-29,87.81,82.65,172,160,,,EA,IMP
COSMOS 1408 DEB,1982-092ZG,50291,DEB,D,CIS,1982-09-16,PLMSC,2022-03-20,87.84,82.46,175,160,,,EA,IMP
COSMOS 1408 DEB,1982-092ZH,50292,DEB,D,CIS,1982-09-16,PLMSC,2023-03-16,87.53,82.54,158,146,,,EA,IMP
COSMOS 1408 DEB,1982-092ZJ,50293,DEB,D,CIS,1982-09-16,PLMSC,2022-04-23,88.68,82.59,216,202,,,EA,IMP
COSMOS 1408 DEB,1982-092ZK,50294,DEB,D,CIS,1982-09-16,PLMSC,2023-01-05,88.52,83.35,212,191,,,EA,IMP
COSMOS 1408 DEB,1982-092ZL,50295,DEB,D,CIS,1982-09-16,PLMSC,2022-04-27,89.17,82.42,246,221,,,EA,IMP
COSMOS 1408 DEB,1982-092ZM,50296,DEB,D,CIS,1982-09-16,PLMSC,2022-01-17,97.33,81.67,804,458,,,EA,IMP
COSMOS 1408 DEB,1982-092ZN,50297,DEB,D,CIS,1982-09-16,PLMSC,2022-10-22,88.55,82.64,204,201,,,EA,IMP
COSMOS 1408 DEB,1982-092ZP,50298,DEB,D,CIS,1982-09-16,PLMSC,2022-10-12,88.00,82.86,181,170,,,EA,IMP
COSMOS 1408 DEB,1982-092ZQ,50299,DEB,D,CIS,1982-09-16,PLMSC,2022-03-09,89.25,82.60,251,224,,,EA,IMP
COSMOS 1408 DEB,1982-092ZR,50300,DEB,D,CIS,1982-09-16,PLMSC,2023-03-24,87.73,82.55,168,156,,,EA,IMP
COSMOS 1408 DEB,1982-092ZS,50301,DEB,D,CIS,1982-09-16,PLMSC,2023-01-27,88.34,82.55,197,188,,,EA,IMP
COSMOS 1408 DEB,1982-092ZT,50302,DEB,D,CIS,1982-09-16,PLMSC,2022-06-17,89.66,82.64,267,248,,,EA,IMP
COSMOS 1408 DEB,1982-092ZU,50303,DEB,D,CIS,1982-09-16,PLMSC,2022-09-02,90.99,83.67,350,297,,,EA,IMP
COSMOS 1408 DEB,1982-092ZV,50304,DEB,D,CIS,1982-09-16,PLMSC,2022-09-11,89.01,82.61,248,204,,,EA,IMP
COSMOS 1408 DEB,1982-092ZW,50305,DEB,D,CIS,1982-09-16,PLMSC,2022-04-24,87.99,82.58,183,167,,,EA,IMP
COSMOS 1408 DEB,1982-092ZX,50306,DEB,D,CIS,1982-09-16,PLMSC,2022-11-24,87.74,82.53,170,154,,,EA,IMP
COSMOS 1408 DEB,1982-092ZY,50307,DEB,D,CIS,1982-09-16,PLMSC,2022-01-25,88.03,82.65,177,176,,,EA,IMP
COSMOS 1408 DEB,1982-092ZZ,50308,DEB,D,CIS,1982-09-16,PLMSC,2022-06-12,89.19,82.30,248,221,,,EA,IMP
COSMOS 1408 DEB,1982-092AAA,50309,DEB,D,CIS,1982-09-16,PLMSC,2023-02-28,90.47,82.59,304,291,,,EA,IMP
COSMOS 1408 DEB,1982-092AAB,50310,DEB,D,CIS,1982-09-16,PLMSC,2022-04-16,87.53,82.66,153,151,,,EA,IMP
COSMOS 1408 DEB,1982-092AAC,50311,DEB,D,CIS,1982-09-16,PLMSC,2023-02-15,87.74,82.48,169,157,,,EA,IMP
COSMOS 1408 DEB,1982-092AAD,50312,DEB,D,CIS,1982-09-16,PLMSC,2023-02-28,87.99,82.49,182,168,,,EA,IMP
COSMOS 1408 DEB,1982-092AAE,50313,DEB,D,CIS,1982-09-16,PLMSC,2022-10-22,87.88,82.85,179,160,,,EA,IMP
COSMOS 1408 DEB,1982-092AAF,50314,DEB,D,CIS,1982-09-16,PLMSC,2023-01-10,89.60,83.22,266,243,,,EA,IMP
COSMOS 1408 DEB,1982-092AAG,50315,DEB,D,CIS,1982-09-16,PLMSC,2022-04-17,89.94,82.75,278,264,,,EA,IMP
COSMOS 1408 DEB,1982-092AAH,50316,DEB,D,CIS,1982-09-16,PLMSC,2023-03-03,87.74,82.48,171,154,,,EA,IMP
COSMOS 1408 DEB,1982-092AAJ,50317,DEB,D,CIS,1982-09-16,PLMSC,2022-06-14,89.51,82.48,259,242,,,EA,IMP
COSMOS 1408 DEB,1982-092AAK,50325,DEB,D,CIS,1982-09-16,PLMSC,2022-02-10,88.98,82.44,238,210,,,EA,IMP
COSMOS 1408 DEB,1982-092AAL,50326,DEB,D,CIS,1982-09-16,PLMSC,2023-03-04,88.60,82.51,219,192,,,EA,IMP
COSMOS 1408 DEB,1982-092AAM,50327,DEB,D,CIS,1982-09-16,PLMSC,2023-06-05,87.76,82.91,174,153,,,EA,IMP
COSMOS 1408 DEB,1982-092AAN,50328,DEB,D,CIS,1982-09-16,PLMSC,2022-01-18,90.22,82.35,295,276,,,EA,IMP
COSMOS 1408 DEB,1982-092AAP,50329,DEB,D,CIS,1982-09-16,PLMSC,2024-03-23,87.25,82.50,143,133,,,EA,IMP
COSMOS 1408 DEB,1982-092AAQ,50330,DEB,D,CIS,1982-09-16,PLMSC,2022-01-03,88.71,82.61,230,191,,,EA,IMP
COSMOS 1408 DEB,1982-092AAR,50331,DEB,D,CIS,1982-09-16,PLMSC,2022-06-19,91.55,82.94,364,337,,,EA,IMP
COSMOS 1408 DEB,1982-092AAS,50332,DEB,D,CIS,1982-09-16,PLMSC,2021-12-27,91.12,82.72,345,315,,,EA,IMP
COSMOS 1408 DEB,1982-092AAT,50333,DEB,D,CIS,1982-09-16,PLMSC,2022-04-03,88.85,82.63,223,213,,,EA,IMP
COSMOS 1408 DEB,1982-092AAU,50334,DEB,D,CIS,1982-09-16,PLMSC,2021-12-31,97.55,82.93,878,405,,,EA,IMP
COSMOS 1408 DEB,1982-092AAV,50335,DEB,D,CIS,1982-09-16,PLMSC,2022-09-01,89.02,82.59,236,216,,,EA,IMP
COSMOS 1408 DEB,1982-092AAW,50336,DEB,D,CIS,1982-09-16,PLMSC,2022-01-02,88.21,82.72,196,176,,,EA,IMP
COSMOS 1408 DEB,1982-092AAX,50337,DEB,D,CIS,1982-09-16,PLMSC,2023-01-04,88.58,82.80,207,202,,,EA,IMP
COSMOS 1408 DEB,1982-092AAY,50338,DEB,D,CIS,1982-09-16,PLMSC,2022-05-24,89.04,82.51,243,211,,,EA,IMP
COSMOS 1408 DEB,1982-092AAZ,50339,DEB,D,CIS,1982-09-16,PLMSC,2022-03-14,90.19,82.57,292,276,,,EA,IMP
COSMOS 1408 DEB,1982-092ABA,50340,DEB,D,CIS,1982-09-16,PLMSC,2022-09-18,88.01,82.52,184,167,,,EA,IMP
COSMOS 1408 DEB,1982-092ABB,50341,DEB,D,CIS,1982-09-16,PLMSC,2022-05-23,89.21,82.65,249,222,,,EA,IMP
COSMOS 1408 DEB,1982-092ABC,50342,DEB,D,CIS,1982-09-16,PLMSC,2022-04-22,89.98,82.54,282,264,,,EA,IMP
COSMOS 1408 DEB,1982-092ABD,50343,DEB,D,CIS,1982-09-16,PLMSC,2022-07-14,88.27,82.57,202,176,,,EA,IMP
COSMOS 1408 DEB,1982-092ABE,50344,DEB,D,CIS,1982-09-16,PLMSC,2022-04-27,89.68,82.57,264,254,,,EA,IMP
COSMOS 1408 DEB,1982-092ABF,50345,DEB,D,CIS,1982-09-16,PLMSC,2022-07-30,88.04,82.50,185,170,,,EA,IMP
COSMOS 1408 DEB,1982-092ABG,50346,DEB,D,CIS,1982-09-16,PLMSC,2022-07-03,88.48,82.54,212,187,,,EA,IMP
COSMOS 1408 DEB,1982-092ABH,50347,DEB,D,CIS,1982-09-16,PLMSC,2022-03-09,88.30,82.60,199,182,,,EA,IMP
COSMOS 1408 DEB,1982-092ABJ,50348,DEB,D,CIS,1982-09-16,PLMSC,2022-09-01,89.05,82.47,239,216,,,EA,IMP
COSMOS 1408 DEB,1982-092ABK,50349,DEB,D,CIS,1982-09-16,PLMSC,2024-02-26,87.33,82.65,149,135,,,EA,IMP
COSMOS 1408 DEB,1982-092ABL,50350,DEB,D,CIS,1982-09-16,PLMSC,2022-04-10,90.29,82.60,306,271,,,EA,IMP
COSMOS 1408 DEB,1982-092ABM,50351,DEB,D,CIS,1982-09-16,PLMSC,2025-02-07,89.33,82.48,249,234,,,EA,IMP
COSMOS 1408 DEB,1982-092ABN,50352,DEB,D,CIS,1982-09-16,PLMSC,2022-01-11,89.79,82.13,280,248,,,EA,IMP
COSMOS 1408 DEB,1982-092ABP,50353,DEB,D,CIS,1982-09-16,PLMSC,2022-09-23,96.25,81.83,686,472,,,EA,IMP
COSMOS 1408 DEB,1982-092ABQ,50354,DEB,D,CIS,1982-09-16,PLMSC,2022-04-19,88.37,82.49,203,185,,,EA,IMP
COSMOS 1408 DEB,1982-092ABR,50355,DEB,D,CIS,1982-09-16,PLMSC,2022-05-16,88.43,82.55,207,186,,,EA,IMP
COSMOS 1408 DEB,1982-092ABS,50356,DEB,D,CIS,1982-09-16,PLMSC,2022-05-24,88.93,82.71,234,209,,,EA,IMP
COSMOS 1408 DEB,1982-092ABT,50357,DEB,D,CIS,1982-09-16,PLMSC,2022-05-22,89.82,82.60,277,254,,,EA,IMP
COSMOS 1408 DEB,1982-092ABU,50358,DEB,D,CIS,1982-09-16,PLMSC,2023-04-21,88.52,82.53,208,195,,,EA,IMP
COSMOS 1408 DEB,1982-092ABV,50359,DEB,D,CIS,1982-09-16,PLMSC,2022-08-27,88.84,82.55,229,206,,,EA,IMP
COSMOS 1408 DEB,1982-092ABW,50360,DEB,D,CIS,1982-09-16,PLMSC,2022-06-21,91.01,82.55,338,311,,,EA,IMP
COSMOS 1408 DEB,1982-092ABX,50361,DEB,D,CIS,1982-09-16,PLMSC,2022-11-29,88.05,82.53,187,169,,,EA,IMP
COSMOS 1408 DEB,1982-092ABY,50362,DEB,D,CIS,1982-09-16,PLMSC,2022-02-06,90.67,82.61,322,293,,,EA,IMP
COSMOS 1408 DEB,1982-092ABZ,50363,DEB,D,CIS,1982-09-16,PLMSC,2024-10-09,88.35,82.37,198,188,,,EA,IMP
COSMOS 1408 DEB,1982-092ACA,50364,DEB,D,CIS,1982-09-16,PLMSC,2022-06-01,89.32,82.84,253,229,,,EA,IMP
COSMOS 1408 DEB,1982-092ACB,50365,DEB,D,CIS,1982-09-16,PLMSC,2022-01-22,97.76,81.83,794,509,,,EA,IMP
COSMOS 1408 DEB,1982-092ACC,50366,DEB,D,CIS,1982-09-16,PLMSC,2022-02-22,89.70,82.59,274,245,,,EA,IMP
COSMOS 1408 DEB,1982-092ACD,50367,DEB,D,CIS,1982-09-16,PLMSC,2022-08-13,87.50,82.36,156,146,,,EA,IMP
COSMOS 1408 DEB,1982-092ACE,50368,DEB,D,CIS,1982-09-16,PLMSC,2022-03-20,89.16,82.55,241,225,,,EA,IMP
COSMOS 1408 DEB,1982-092ACF,50369,DEB,D,CIS,1982-09-16,PLMSC,2022-10-19,88.71,82.47,216,205,,,EA,IMP
COSMOS 1408 DEB,1982-092ACG,50370,DEB,D,CIS,1982-09-16,PLMSC,2022-02-11,96.13,81.97,748,399,,,EA,IMP
COSMOS 1408 DEB,1982-092ACH,50371,DEB,D,CIS,1982-09-16,PLMSC,2022-06-21,91.31,82.59,356,322,,,EA,IMP
COSMOS 1408 DEB,1982-092ACJ,50372,DEB,D,CIS,1982-09-16,PLMSC,2022-02-24,88.41,82.61,205,188,,,EA,IMP
COSMOS 1408 DEB,1982-092ACK,50373,DEB,D,CIS,1982-09-16,PLMSC,2022-04-05,88.11,82.54,188,174,,,EA,IMP
COSMOS 1408 DEB,1982-092ACL,50374,DEB,D,CIS,1982-09-16,PLMSC,2022-07-23,88.95,82.60,229,216,,,EA,IMP
COSMOS 1408 DEB,1982-092ACM,50375,DEB,D,CIS,1982-09-16,PLMSC,2022-05-22,89.01,82.48,236,215,,,EA,IMP
COSMOS 1408 DEB,1982-092ACN,50376,DEB,D,CIS,1982-09-16,PLMSC,2022-05-08,88.00,82.57,187,164,,,EA,IMP
COSMOS 1408 DEB,1982-092ACP,50377,DEB,D,CIS,1982-09-16,PLMSC,2022-07-01,88.48,82.54,212,186,,,EA,IMP
COSMOS 1408 DEB,1982-092ACQ,50378,DEB,D,CIS,1982-09-16,PLMSC,2022-08-29,87.97,82.53,183,165,,,EA,IMP
COSMOS 1408 DEB,1982-092ACR,50379,DEB,D,CIS,1982-09-16,PLMSC,2021-12-25,93.43,81.68,509,376,,,EA,IMP
COSMOS 1408 DEB,1982-092ACS,50380,DEB,D,CIS,1982-09-16,PLMSC,2022-09-23,95.76,81.74,654,456,,,EA,IMP
COSMOS 1408 DEB,1982-092ACT,50381,DEB,D,CIS,1982-09-16,PLMSC,2022-05-12,89.03,82.66,242,211,,,EA,IMP
COSMOS 1408 DEB,1982-092ACU,50382,DEB,D,CIS,1982-09-16,PLMSC,2022-04-03,91.87,82.82,379,353,,,EA,IMP
COSMOS 1408 DEB,1982-092ACV,50383,DEB,D,CIS,1982-09-16,PLMSC,2022-04-01,89.80,82.92,267,262,,,EA,IMP
COSMOS 1408 DEB,1982-092ACW,50384,DEB,D,CIS,1982-09-16,PLMSC,2022-05-11,89.04,82.49,244,210,,,EA,IMP
COSMOS 1408 DEB,1982-092ACX,50385,DEB,D,CIS,1982-09-16,PLMSC,2022-03-22,87.95,82.55,180,166,,,EA,IMP
COSMOS 1408 DEB,1982-092ACY,50386,DEB,D,CIS,1982-09-16,PLMSC,2022-05-10,88.48,82.63,212,187,,,EA,IMP
COSMOS 1408 DEB,1982-092ACZ,50387,DEB,D,CIS,1982-09-16,PLMSC,2022-01-01,90.69,82.63,330,286,,,EA,IMP
COSMOS 1408 DEB,1982-092ADA,50388,DEB,D,CIS,1982-09-16,PLMSC,2022-02-28,90.06,82.47,289,266,,,EA,IMP
COSMOS 1408 DEB,1982-092ADB,50389,DEB,D,CIS,1982-09-16,PLMSC,2023-03-07,88.77,82.56,225,202,,,EA,IMP
COSMOS 1408 DEB,1982-092ADC,50390,DEB,D,CIS,1982-09-16,PLMSC,2022-06-03,91.33,82.53,352,327,,,EA,IMP
COSMOS 1408 DEB,1982-092ADD,50391,DEB,D,CIS,1982-09-16,PLMSC,2022-03-26,88.43,82.56,205,189,,,EA,IMP
COSMOS 1408 DEB,1982-092ADE,50392,DEB,D,CIS,1982-09-16,PLMSC,2022-03-23,89.70,82.58,270,250,,,EA,IMP
COSMOS 1408 DEB,1982-092ADF,50393,DEB,D,CIS,1982-09-16,PLMSC,2022-08-18,90.82,82.66,327,303,,,EA,IMP
COSMOS 1408 DEB,1982-092ADG,50394,DEB,D,CIS,1982-09-16,PLMSC,2022-07-06,88.95,82.62,234,211,,,EA,IMP
COSMOS 1408 DEB,1982-092ADH,50395,DEB,D,CIS,1982-09-16,PLMSC,2023-03-30,90.03,82.23,307,245,,,EA,IMP
COSMOS 1408 DEB,1982-092ADJ,50396,DEB,D,CIS,1982-09-16,PLMSC,2023-01-03,89.36,82.83,248,238,,,EA,IMP
COSMOS 1408 DEB,1982-092ADK,50397,DEB,D,CIS,1982-09-16,PLMSC,2022-03-17,88.29,82.77,200,180,,,EA,IMP
COSMOS 1408 DEB,1982-092ADL,50398,DEB,D,CIS,1982-09-16,PLMSC,2022-06-22,91.96,82.98,431,311,,,EA,IMP
COSMOS 1408 DEB,1982-092ADM,50399,DEB,D,CIS,1982-09-16,PLMSC,2022-05-27,87.99,82.54,187,163,,,EA,IMP
COSMOS 1408 DEB,1982-092ADN,50400,DEB,D,CIS,1982-09-16,PLMSC,2022-05-04,90.14,82.99,283,280,,,EA,IMP
COSMOS 1408 DEB,1982-092ADP,50401,DEB,D,CIS,1982-09-16,PLMSC,2022-04-02,88.28,82.54,196,183,,,EA,IMP
COSMOS 1408 DEB,1982-092ADQ,50402,DEB,D,CIS,1982-09-16,PLMSC,2022-06-22,90.14,83.07,295,268,,,EA,IMP
COSMOS 1408 DEB,1982-092ADR,50403,DEB,D,CIS,1982-09-16,PLMSC,2022-02-11,88.95,83.66,231,213,,,EA,IMP
COSMOS 1408 DEB,1982-092ADS,50404,DEB,D,CIS,1982-09-16,PLMSC,2026-06-02,89.02,82.15,240,213,,,EA,IMP
COSMOS 1408 DEB,1982-092ADT,50405,DEB,D,CIS,1982-09-16,PLMSC,2023-01-02,93.17,82.15,530,329,,,EA,IMP
COSMOS 1408 DEB,1982-092ADU,50406,DEB,D,CIS,1982-09-16,PLMSC,2022-04-08,90.68,82.52,319,298,,,EA,IMP
COSMOS 1408 DEB,1982-092ADV,50407,DEB,D,CIS,1982-09-16,PLMSC,2023-02-28,87.72,82.44,171,152,,,EA,IMP
COSMOS 1408 DEB,1982-092ADW,50408,DEB,D,CIS,1982-09-16,PLMSC,2022-09-27,88.50,82.54,206,194,,,EA,IMP
COSMOS 1408 DEB,1982-092ADX,50409,DEB,D,CIS,1982-09-16,PLMSC,2023-05-11,94.27,82.60,546,420,,,EA,IMP
COSMOS 1408 DEB,1982-092ADY,50410,DEB,D,CIS,1982-09-16,PLMSC,2022-02-01,88.78,82.80,224,204,,,EA,IMP
COSMOS 1408 DEB,1982-092ADZ,50411,DEB,D,CIS,1982-09-16,PLMSC,2022-02-27,89.01,82.58,232,219,,,EA,IMP
COSMOS 1408 DEB,1982-092AEA,50412,DEB,D,CIS,1982-09-16,PLMSC,2022-04-30,87.96,82.57,181,166,,,EA,IMP
COSMOS 1408 DEB,1982-092AEB,50413,DEB,D,CIS,1982-09-16,PLMSC,2022-08-27,87.86,82.49,177,160,,,EA,IMP
COSMOS 1408 DEB,1982-092AEC,50414,DEB,D,CIS,1982-09-16,PLMSC,2022-02-13,90.11,82.78,295,264,,,EA,IMP
COSMOS 1408 DEB,1982-092AED,50415,DEB,D,CIS,1982-09-16,PLMSC,2022-07-17,89.50,82.56,265,235,,,EA,IMP
COSMOS 1408 DEB,1982-092AEE,50416,DEB,D,CIS,1982-09-16,PLMSC,2022-02-05,91.09,82.61,344,312,,,EA,IMP
COSMOS 1408 DEB,1982-092AEF,50417,DEB,D,CIS,1982-09-16,PLMSC,2023-02-27,88.65,82.50,218,197,,,EA,IMP
COSMOS 1408 DEB,1982-092AEG,50418,DEB,D,CIS,1982-09-16,PLMSC,2022-09-02,89.08,82.52,235,222,,,EA,IMP
COSMOS 1408 DEB,1982-092AEH,50419,DEB,D,CIS,1982-09-16,PLMSC,2021-12-31,90.39,82.54,307,281,,,EA,IMP
COSMOS 1408 DEB,1982-092AEJ,50420,DEB,D,CIS,1982-09-16,PLMSC,2022-09-08,88.99,82.44,231,219,,,EA,IMP
COSMOS 1408 DEB,1982-092AEK,50421,DEB,D,CIS,1982-09-16,PLMSC,2022-03-26,89.34,82.47,252,233,,,EA,IMP
COSMOS 1408 DEB,1982-092AEL,50422,DEB,D,CIS,1982-09-16,PLMSC,2022-07-10,88.17,82.53,194,174,,,EA,IMP
COSMOS 1408 DEB,1982-092AEM,50423,DEB,D,CIS,1982-09-16,PLMSC,2022-11-01,89.58,82.41,269,238,,,EA,IMP
COSMOS 1408 DEB,1982-092AEN,50424,DEB,D,CIS,1982-09-16,PLMSC,2022-05-12,90.18,82.43,309,258,,,EA,IMP
COSMOS 1408 DEB,1982-092AEP,50425,DEB,D,CIS,1982-09-16,PLMSC,2022-03-23,89.75,82.81,272,253,,,EA,IMP
COSMOS 1408 DEB,1982-092AEQ,50426,DEB,D,CIS,1982-09-16,PLMSC,2023-01-27,88.10,82.53,186,175,,,EA,IMP
COSMOS 1408 DEB,1982-092AER,50427,DEB,D,CIS,1982-09-16,PLMSC,2022-02-26,88.26,82.57,196,181,,,EA,IMP
COSMOS 1408 DEB,1982-092AES,50428,DEB,D,CIS,1982-09-16,PLMSC,2022-04-24,88.52,82.59,210,193,,,EA,IMP
COSMOS 1408 DEB,1982-092AET,50429,DEB,D,CIS,1982-09-16,PLMSC,2022-01-16,96.27,81.83,685,475,,,EA,IMP
COSMOS 1408 DEB,1982-092AEU,50430,DEB,D,CIS,1982-09-16,PLMSC,2023-04-07,88.17,82.49,184,183,,,EA,IMP
COSMOS 1408 DEB,1982-092AEV,50431,DEB,D,CIS,1982-09-16,PLMSC,2022-07-04,88.97,82.45,236,211,,,EA,IMP
COSMOS 1408 DEB,1982-092AEW,50432,DEB,D,CIS,1982-09-16,PLMSC,2022-04-18,87.93,82.55,182,162,,,EA,IMP
COSMOS 1408 DEB,1982-092AEX,50433,DEB,D,CIS,1982-09-16,PLMSC,2022-06-24,89.21,82.56,254,217,,,EA,IMP
COSMOS 1408 DEB,1982-092AEY,50434,DEB,D,CIS,1982-09-16,PLMSC,2022-07-24,87.73,82.63,169,155,,,EA,IMP
COSMOS 1408 DEB,1982-092AEZ,50435,DEB,D,CIS,1982-09-16,PLMSC,2022-01-17,89.88,82.60,280,257,,,EA,IMP
COSMOS 1408 DEB,1982-092AFA,50436,DEB,D,CIS,1982-09-16,PLMSC,2022-05-15,88.45,82.63,208,187,,,EA,IMP
COSMOS 1408 DEB,1982-092AFB,50437,DEB,D,CIS,1982-09-16,PLMSC,2022-03-30,90.40,82.49,300,289,,,EA,IMP
COSMOS 1408 DEB,1982-092AFC,50438,DEB,D,CIS,1982-09-16,PLMSC,2022-08-23,91.63,82.55,389,320,,,EA,IMP
COSMOS 1408 DEB,1982-092AFD,50439,DEB,D,CIS,1982-09-16,PLMSC,2022-02-27,90.25,82.70,307,266,,,EA,IMP
COSMOS 1408 DEB,1982-092AFE,50440,DEB,D,CIS,1982-09-16,PLMSC,2022-04-11,90.11,82.58,291,268,,,EA,IMP
COSMOS 1408 DEB,1982-092AFF,50441,DEB,D,CIS,1982-09-16,PLMSC,2022-04-29,88.65,82.71,218,198,,,EA,IMP
COSMOS 1408 DEB,1982-092AFG,50442,DEB,D,CIS,1982-09-16,PLMSC,2022-03-28,88.83,82.63,226,207,,,EA,IMP
COSMOS 1408 DEB,1982-092AFH,50443,DEB,D,CIS,1982-09-16,PLMSC,2023-02-15,88.33,82.61,196,188,,,EA,IMP
COSMOS 1408 DEB,1982-092AFJ,50444,DEB,D,CIS,1982-09-16,PLMSC,2023-01-11,87.60,82.48,161,150,,,EA,IMP
COSMOS 1408 DEB,1982-092AFK,50445,DEB,D,CIS,1982-09-16,PLMSC,2022-02-09,89.16,82.49,243,223,,,EA,IMP
COSMOS 1408 DEB,1982-092AFL,50446,DEB,D,CIS,1982-09-16,PLMSC,2022-02-28,88.94,82.60,232,212,,,EA,IMP
COSMOS 1408 DEB,1982-092AFM,50447,DEB,D,CIS,1982-09-16,PLMSC,2022-04-13,90.43,82.54,309,282,,,EA,IMP
COSMOS 1408 DEB,1982-092AFN,50448,DEB,D,CIS,1982-09-16,PLMSC,2022-02-05,88.27,82.67,195,183,,,EA,IMP
COSMOS 1408 DEB,1982-092AFP,50449,DEB,D,CIS,1982-09-16,PLMSC,2022-04-26,88.72,82.50,223,199,,,EA,IMP
COSMOS 1408 DEB,1982-092AFQ,50450,DEB,D,CIS,1982-09-16,PLMSC,2022-02-24,88.72,82.55,222,200,,,EA,IMP
COSMOS 1408 DEB,1982-092AFR,50451,DEB,D,CIS,1982-09-16,PLMSC,2022-12-21,95.11,82.94,595,452,,,EA,IMP
COSMOS 1408 DEB,1982-092AFS,50452,DEB,D,CIS,1982-09-16,PLMSC,2022-01-04,93.45,83.08,498,388,,,EA,IMP
COSMOS 1408 DEB,1982-092AFT,50453,DEB,D,CIS,1982-09-16,PLMSC,2023-04-14,96.19,82.53,751,402,,,EA,IMP
COSMOS 1408 DEB,1982-092AFU,50454,DEB,D,CIS,1982-09-16,PLMSC,2022-01-15,99.66,81.68,953,532,,,EA,IMP
COSMOS 1408 DEB,1982-092AFV,50455,DEB,D,CIS,1982-09-16,PLMSC,2022-09-29,92.82,82.45,476,350,,,EA,IMP
COSMOS 1408 DEB,1982-092AFW,50456,DEB,D,CIS,1982-09-16,PLMSC,2023-06-15,89.57,82.90,279,228,,,EA,IMP
COSMOS 1408 DEB,1982-092AFX,50457,DEB,D,CIS,1982-09-16,PLMSC,2023-09-12,91.05,82.63,346,306,,,EA,IMP
COSMOS 1408 DEB,1982-092AFY,50458,DEB,D,CIS,1982-09-16,PLMSC,2022-05-22,90.90,83.16,331,307,,,EA,IMP
COSMOS 1408 DEB,1982-092AFZ,50459,DEB,D,CIS,1982-09-16,PLMSC,2022-11-05,90.18,82.77,293,274,,,EA,IMP
COSMOS 1408 DEB,1982-092AGA,50460,DEB,D,CIS,1982-09-16,PLMSC,2022-04-08,90.73,82.59,324,297,,,EA,IMP
COSMOS 1408 DEB,1982-092AGB,50461,DEB,D,CIS,1982-09-16,PLMSC,2022-08-31,88.35,82.50,203,183,,,EA,IMP
COSMOS 1408 DEB,1982-092AGC,50462,DEB,D,CIS,1982-09-16,PLMSC,2022-08-10,88.91,82.50,232,210,,,EA,IMP
COSMOS 1408 DEB,1982-092AGD,50506,DEB,D,CIS,1982-09-16,PLMSC,2022-06-09,89.64,82.54,274,239,,,EA,IMP
COSMOS 1408 DEB,1982-092AGE,50507,DEB,D,CIS,1982-09-16,PLMSC,2022-01-10,88.87,82.46,234,203,,,EA,IMP
COSMOS 1408 DEB,1982-092AGF,50508,DEB,D,CIS,1982-09-16,PLMSC,2022-07-09,87.90,82.50,182,160,,,EA,IMP
COSMOS 1408 DEB,1982-092AGG,50509,DEB,D,CIS,1982-09-16,PLMSC,2022-04-11,92.07,82.60,406,347,,,EA,IMP
COSMOS 1408 DEB,1982-092AGH,50510,DEB,D,CIS,1982-09-16,PLMSC,2022-04-21,92.25,82.52,410,360,,,EA,IMP
COSMOS 1408 DEB,1982-092AGJ,50511,DEB,D,CIS,1982-09-16,PLMSC,2022-03-05,90.02,82.51,291,260,,,EA,IMP
COSMOS 1408 DEB,1982-092AGK,50512,DEB,D,CIS,1982-09-16,PLMSC,2022-08-08,88.79,82.45,225,204,,,EA,IMP
COSMOS 1408 DEB,1982-092AGL,50513,DEB,D,CIS,1982-09-16,PLMSC,2022-10-19,88.02,82.54,183,170,,,EA,IMP
COSMOS 1408 DEB,1982-092AGM,50514,DEB,D,CIS,1982-09-16,PLMSC,2022-05-08,90.34,82.66,305,277,,,EA,IMP
COSMOS 1408 DEB,1982-092AGN,50515,DEB,D,CIS,1982-09-16,PLMSC,2022-05-18,89.18,82.51,249,218,,,EA,IMP
COSMOS 1408 DEB,1982-092AGP,50516,DEB,D,CIS,1982-09-16,PLMSC,2022-10-26,88.21,82.49,194,177,,,EA,IMP
COSMOS 1408 DEB,1982-092AGQ,50517,DEB,D,CIS,1982-09-16,PLMSC,2022-03-23,88.85,82.52,226,209,,,EA,IMP
COSMOS 1408 DEB,1982-092AGR,50518,DEB,D,CIS,1982-09-16,PLMSC,2022-09-19,89.16,82.72,242,225,,,EA,IMP
COSMOS 1408 DEB,1982-092AGS,50519,DEB,D,CIS,1982-09-16,PLMSC,2022-11-02,88.63,82.54,214,199,,,EA,IMP
COSMOS 1408 DEB,1982-092AGT,50520,DEB,D,CIS,1982-09-16,PLMSC,2022-01-15,89.13,82.47,240,223,,,EA,IMP
COSMOS 1408 DEB,1982-092AGU,50521,DEB,D,CIS,1982-09-16,PLMSC,2022-10-17,88.18,82.61,192,177,,,EA,IMP
COSMOS 1408 DEB,1982-092AGV,50522,DEB,D,CIS,1982-09-16,PLMSC,2022-05-08,88.53,82.59,211,192,,,EA,IMP
COSMOS 1408 DEB,1982-092AGW,50523,DEB,D,CIS,1982-09-16,PLMSC,2024-01-26,88.45,82.48,204,191,,,EA,IMP
COSMOS 1408 DEB,1982-092AGX,50524,DEB,D,CIS,1982-09-16,PLMSC,2022-01-31,89.69,82.68,266,252,,,EA,IMP
COSMOS 1408 DEB,1982-092AGY,50525,DEB,D,CIS,1982-09-16,PLMSC,2022-11-01,88.26,83.39,196,180,,,EA,IMP
COSMOS 1408 DEB,1982-092AGZ,50526,DEB,D,CIS,1982-09-16,PLMSC,2022-10-24,88.30,82.58,198,183,,,EA,IMP
COSMOS 1408 DEB,1982-092AHA,50527,DEB,D,CIS,1982-09-16,PLMSC,2022-02-20,92.98,83.15,472,369,,,EA,IMP
COSMOS 1408 DEB,1982-092AHB,50528,DEB,D,CIS,1982-09-16,PLMSC,2022-11-25,89.44,82.55,252,241,,,EA,IMP
COSMOS 1408 DEB,1982-092AHC,50529,DEB,D,CIS,1982-09-16,PLMSC,2022-10-18,87.87,82.54,175,164,,,EA,IMP
COSMOS 1408 DEB,1982-092AHD,50530,DEB,D,CIS,1982-09-16,PLMSC,2022-05-27,90.35,82.35,302,281,,,EA,IMP
COSMOS 1408 DEB,1982-092AHE,50531,DEB,D,CIS,1982-09-16,PLMSC,2022-06-23,88.34,82.54,206,179,,,EA,IMP
COSMOS 1408 DEB,1982-092AHF,50532,DEB,D,CIS,1982-09-16,PLMSC,2022-01-05,90.61,82.45,324,285,,,EA,IMP
COSMOS 1408 DEB,1982-092AHG,50533,DEB,D,CIS,1982-09-16,PLMSC,2022-06-05,88.08,82.36,190,169,,,EA,IMP
COSMOS 1408 DEB,1982-092AHH,50534,DEB,D,CIS,1982-09-16,PLMSC,2022-10-03,87.87,82.48,177,162,,,EA,IMP
COSMOS 1408 DEB,1982-092AHJ,50535,DEB,D,CIS,1982-09-16,PLMSC,2024-01-12,88.39,82.48,198,191,,,EA,IMP
COSMOS 1408 DEB,1982-092AHK,50536,DEB,D,CIS,1982-09-16,PLMSC,2022-04-07,89.69,82.57,269,249,,,EA,IMP
COSMOS 1408 DEB,1982-092AHL,50537,DEB,D,CIS,1982-09-16,PLMSC,2022-04-13,88.70,82.57,217,203,,,EA,IMP
COSMOS 1408 DEB,1982-092AHM,50538,DEB,D,CIS,1982-09-16,PLMSC,2023-02-07,88.81,82.53,217,214,,,EA,IMP
COSMOS 1408 DEB,1982-092AHN,50539,DEB,D,CIS,1982-09-16,PLMSC,2022-02-14,88.66,82.53,217,199,,,EA,IMP
COSMOS 1408 DEB,1982-092AHP,50540,DEB,D,CIS,1982-09-16,PLMSC,2023-02-19,88.96,82.45,230,216,,,EA,IMP
COSMOS 1408 DEB,1982-092AHQ,50541,DEB,D,CIS,1982-09-16,PLMSC,2022-03-09,90.46,82.39,311,283,,,EA,IMP
COSMOS 1408 DEB,1982-092AHR,50542,DEB,D,CIS,1982-09-16,PLMSC,2022-03-31,88.82,82.58,228,204,,,EA,IMP
COSMOS 1408 DEB,1982-092AHS,50543,DEB,D,CIS,1982-09-16,PLMSC,2022-01-09,88.75,82.79,225,200,,,EA,IMP
COSMOS 1408 DEB,1982-092AHT,50544,DEB,D,CIS,1982-09-16,PLMSC,2022-03-28,89.86,82.53,272,263,,,EA,IMP
COSMOS 1408 DEB,1982-092AHU,50545,DEB,D,CIS,1982-09-16,PLMSC,2022-10-16,88.41,82.54,204,188,,,EA,IMP
COSMOS 1408 DEB,1982-092AHV,50546,DEB,D,CIS,1982-09-16,PLMSC,2023-03-25,87.81,82.54,172,160,,,EA,IMP
COSMOS 1408 DEB,1982-092AHW,50547,DEB,D,CIS,1982-09-16,PLMSC,2022-09-22,91.35,82.55,354,327,,,EA,IMP
COSMOS 1408 DEB,1982-092AHX,50548,DEB,D,CIS,1982-09-16,PLMSC,2022-03-20,88.36,82.58,204,183,,,EA,IMP
COSMOS 1408 DEB,1982-092AHY,50549,DEB,D,CIS,1982-09-16,PLMSC,2022-10-19,88.06,82.50,184,173,,,EA,IMP
COSMOS 1408 DEB,1982-092AHZ,50550,DEB,D,CIS,1982-09-16,PLMSC,2022-05-20,89.40,82.53,255,235,,,EA,IMP
COSMOS 1408 DEB,1982-092AJA,50551,DEB,D,CIS,1982-09-16,PLMSC,2023-05-18,87.87,82.56,181,158,,,EA,IMP
COSMOS 1408 DEB,1982-092AJB,50552,DEB,D,CIS,1982-09-16,PLMSC,2022-03-11,89.86,82.83,282,253,,,EA,IMP
COSMOS 1408 DEB,1982-092AJC,50553,DEB,D,CIS,1982-09-16,PLMSC,2022-03-20,88.98,82.53,234,215,,,EA,IMP
COSMOS 1408 DEB,1982-092AJD,50554,DEB,D,CIS,1982-09-16,PLMSC,2023-01-05,88.39,82.56,201,189,,,EA,IMP
COSMOS 1408 DEB,1982-092AJE,50555,DEB,D,CIS,1982-09-16,PLMSC,2022-05-20,89.12,82.59,242,220,,,EA,IMP
COSMOS 1408 DEB,1982-092AJF,50556,DEB,D,CIS,1982-09-16,PLMSC,2022-01-04,90.61,82.54,326,283,,,EA,IMP
COSMOS 1408 DEB,1982-092AJG,50557,DEB,D,CIS,1982-09-16,PLMSC,2021-12-28,90.47,82.56,303,292,,,EA,IMP
COSMOS 1408 DEB,1982-092AJH,50558,DEB,D,CIS,1982-09-16,PLMSC,2022-05-01,90.45,82.59,301,293,,,EA,IMP
COSMOS 1408 DEB,1982-092AJJ,50559,DEB,D,CIS,1982-09-16,PLMSC,2022-01-25,89.73,82.34,268,254,,,EA,IMP
COSMOS 1408 DEB,1982-092AJK,50560,DEB,D,CIS,1982-09-16,PLMSC,2024-01-05,87.59,82.48,161,149,,,EA,IMP
COSMOS 1408 DEB,1982-092AJL,50561,DEB,D,CIS,1982-09-16,PLMSC,2022-04-26,90.25,82.60,301,273,,,EA,IMP
COSMOS 1408 DEB,1982-092AJM,50562,DEB,D,CIS,1982-09-16,PLMSC,2023-04-09,88.56,82.63,210,196,,,EA,IMP
COSMOS 1408 DEB,1982-092AJN,50563,DEB,D,CIS,1982-09-16,PLMSC,2022-02-26,89.24,82.60,245,229,,,EA,IMP
COSMOS 1408 DEB,1982-092AJP,50564,DEB,D,CIS,1982-09-16,PLMSC,2022-04-11,88.44,82.49,206,189,,,EA,IMP
COSMOS 1408 DEB,1982-092AJQ,50565,DEB,D,CIS,1982-09-16,PLMSC,2022-01-04,90.31,82.47,309,271,,,EA,IMP
COSMOS 1408 DEB,1982-092AJR,50566,DEB,D,CIS,1982-09-16,PLMSC,2022-02-26,90.77,82.54,333,291,,,EA,IMP
COSMOS 1408 DEB,1982-092AJS,50567,DEB,D,CIS,1982-09-16,PLMSC,2022-03-07,88.47,82.62,210,188,,,EA,IMP
COSMOS 1408 DEB,1982-092AJT,50568,DEB,D,CIS,1982-09-16,PLMSC,2022-03-01,91.46,82.66,376,316,,,EA,IMP
COSMOS 1408 DEB,1982-092AJU,50576,DEB,D,CIS,1982-09-16,PLMSC,2022-01-01,92.07,82.89,417,336,,,EA,IMP
COSMOS 1408 DEB,1982-092AJV,50577,DEB,D,CIS,1982-09-16,PLMSC,2022-02-27,90.12,82.56,295,266,,,EA,IMP
COSMOS 1408 DEB,1982-092AJW,50578,DEB,D,CIS,1982-09-16,PLMSC,2024-10-04,87.67,82.68,165,153,,,EA,IMP
COSMOS 1408 DEB,1982-092AJX,50579,DEB,D,CIS,1982-09-16,PLMSC,2022-02-26,89.55,82.73,264,240,,,EA,IMP
COSMOS 1408 DEB,1982-092AJY,50580,DEB,D,CIS,1982-09-16,PLMSC,2023-01-19,88.52,82.46,204,198,,,EA,IMP
COSMOS 1408 DEB,1982-092AJZ,50581,DEB,D,CIS,1982-09-16,PLMSC,2022-07-30,88.30,82.57,203,177,,,EA,IMP
COSMOS 1408 DEB,1982-092AKA,50582,DEB,D,CIS,1982-09-16,PLMSC,2022-03-09,88.32,82.46,202,181,,,EA,IMP
COSMOS 1408 DEB,1982-092AKB,50583,DEB,D,CIS,1982-09-16,PLMSC,2022-04-17,88.89,82.55,230,210,,,EA,IMP
COSMOS 1408 DEB,1982-092AKC,50584,DEB,D,CIS,1982-09-16,PLMSC,2022-03-16,89.35,82.54,251,233,,,EA,IMP
COSMOS 1408 DEB,1982-092AKD,50585,DEB,D,CIS,1982-09-16,PLMSC,2022-01-20,90.84,82.35,340,291,,,EA,IMP
COSMOS 1408 DEB,1982-092AKE,50586,DEB,D,CIS,1982-09-16,PLMSC,2023-03-20,88.57,82.52,214,193,,,EA,IMP
COSMOS 1408 DEB,1982-092AKF,50587,DEB,D,CIS,1982-09-16,PLMSC,2022-07-07,88.80,82.50,228,202,,,EA,IMP
COSMOS 1408 DEB,1982-092AKG,50588,DEB,D,CIS,1982-09-16,PLMSC,2023-01-31,88.43,82.53,199,194,,,EA,IMP
COSMOS 1408 DEB,1982-092AKH,50589,DEB,D,CIS,1982-09-16,PLMSC,2022-01-16,88.73,82.47,218,205,,,EA,IMP
COSMOS 1408 DEB,1982-092AKJ,50590,DEB,D,CIS,1982-09-16,PLMSC,2022-03-11,92.11,82.61,424,331,,,EA,IMP
COSMOS 1408 DEB,1982-092AKK,50591,DEB,D,CIS,1982-09-16,PLMSC,2022-04-11,88.82,82.55,224,208,,,EA,IMP
COSMOS 1408 DEB,1982-092AKL,50592,DEB,D,CIS,1982-09-16,PLMSC,2022-04-20,90.11,82.50,294,265,,,EA,IMP
COSMOS 1408 DEB,1982-092AKM,50593,DEB,D,CIS,1982-09-16,PLMSC,2022-04-22,88.80,82.58,224,206,,,EA,IMP
COSMOS 1408 DEB,1982-092AKN,50594,DEB,D,CIS,1982-09-16,PLMSC,2022-06-24,91.63,82.39,370,339,,,EA,IMP
COSMOS 1408 DEB,1982-092AKP,50595,DEB,D,CIS,1982-09-16,PLMSC,2023-02-07,87.55,82.63,156,150,,,EA,IMP
COSMOS 1408 DEB,1982-092AKQ,50596,DEB,D,CIS,1982-09-16,PLMSC,2022-03-18,92.36,82.60,435,346,,,EA,IMP
COSMOS 1408 DEB,1982-092AKR,50597,DEB,D,CIS,1982-09-16,PLMSC,2022-01-20,88.95,82.39,231,214,,,EA,IMP
COSMOS 1408 DEB,1982-092AKS,50598,DEB,D,CIS,1982-09-16,PLMSC,2022-06-26,88.04,82.46,191,164,,,EA,IMP
COSMOS 1408 DEB,1982-092AKT,50599,DEB,D,CIS,1982-09-16,PLMSC,2022-02-27,89.82,82.68,281,250,,,EA,IMP
COSMOS 1408 DEB,1982-092AKU,50600,DEB,D,CIS,1982-09-16,PLMSC,2022-09-29,92.63,82.55,448,359,,,EA,IMP
COSMOS 1408 DEB,1982-092AKV,50601,DEB,D,CIS,1982-09-16,PLMSC,2022-04-08,88.45,82.44,205,191,,,EA,IMP
COSMOS 1408 DEB,1982-092AKW,50602,DEB,D,CIS,1982-09-16,PLMSC,2023-07-25,89.74,82.40,269,254,,,EA,IMP
COSMOS 1408 DEB,1982-092AKX,50603,DEB,D,CIS,1982-09-16,PLMSC,2022-03-31,90.32,82.51,297,284,,,EA,IMP
COSMOS 1408 DEB,1982-092AKY,50604,DEB,D,CIS,1982-09-16,PLMSC,2022-03-09,90.10,82.46,284,275,,,EA,IMP
COSMOS 1408 DEB,1982-092AKZ,50605,DEB,D,CIS,1982-09-16,PLMSC,2023-05-19,88.20,82.63,191,180,,,EA,IMP
COSMOS 1408 DEB,1982-092ALA,50606,DEB,D,CIS,1982-09-16,PLMSC,2022-10-12,88.52,82.53,207,195,,,EA,IMP
COSMOS 1408 DEB,1982-092ALB,50607,DEB,D,CIS,1982-09-16,PLMSC,2022-06-03,88.39,82.51,206,183,,,EA,IMP
COSMOS 1408 DEB,1982-092ALC,50608,DEB,D,CIS,1982-09-16,PLMSC,2022-02-28,90.13,82.47,301,260,,,EA,IMP
COSMOS 1408 DEB,1982-092ALD,50609,DEB,D,CIS,1982-09-16,PLMSC,2022-11-05,90.99,82.56,335,311,,,EA,IMP
COSMOS 1408 DEB,1982-092ALE,50610,DEB,D,CIS,1982-09-16,PLMSC,2022-10-25,88.78,82.51,218,211,,,EA,IMP
COSMOS 1408 DEB,1982-092ALF,50611,DEB,D,CIS,1982-09-16,PLMSC,2022-03-09,91.14,82.55,354,307,,,EA,IMP
COSMOS 1408 DEB,1982-092ALG,50612,DEB,D,CIS,1982-09-16,PLMSC,2022-04-29,91.51,82.56,362,336,,,EA,IMP
COSMOS 1408 DEB,1982-092ALH,50613,DEB,D,CIS,1982-09-16,PLMSC,2023-04-06,88.31,82.53,197,185,,,EA,IMP
COSMOS 1408 DEB,1982-092ALJ,50614,DEB,D,CIS,1982-09-16,PLMSC,2022-04-03,89.55,82.55,256,248,,,EA,IMP
COSMOS 1408 DEB,1982-092ALK,50615,DEB,D,CIS,1982-09-16,PLMSC,2022-03-04,91.37,82.60,365,319,,,EA,IMP
COSMOS 1408 DEB,1982-092ALL,50616,DEB,D,CIS,1982-09-16,PLMSC,2022-07-11,87.83,82.57,176,158,,,EA,IMP
COSMOS 1408 DEB,1982-092ALM,50617,DEB,D,CIS,1982-09-16,PLMSC,2022-09-14,88.97,82.46,231,216,,,EA,IMP
COSMOS 1408 DEB,1982-092ALN,50618,DEB,D,CIS,1982-09-16,PLMSC,2022-02-12,89.42,82.58,255,237,,,EA,IMP
COSMOS 1408 DEB,1982-092ALP,50619,DEB,D,CIS,1982-09-16,PLMSC,2024-03-17,87.24,82.52,144,132,,,EA,IMP
COSMOS 1408 DEB,1982-092ALQ,50620,DEB,D,CIS,1982-09-16,PLMSC,2022-08-05,88.63,82.60,215,199,,,EA,IMP
COSMOS 1408 DEB,1982-092ALR,50621,DEB,,CIS,1982-09-16,PLMSC,,91.47,82.57,356,337,,,EA,ORB
COSMOS 1408 DEB,1982-092ALS,50622,DEB,D,CIS,1982-09-16,PLMSC,2022-03-30,88.97,82.53,231,217,,,EA,IMP
COSMOS 1408 DEB,1982-092ALT,50623,DEB,D,CIS,1982-09-16,PLMSC,2022-11-29,87.86,82.56,177,161,,,EA,IMP
COSMOS 1408 DEB,1982-092ALU,50624,DEB,D,CIS,1982-09-16,PLMSC,2022-03-23,89.69,82.49,267,250,,,EA,IMP
COSMOS 1408 DEB,1982-092ALV,50625,DEB,D,CIS,1982-09-16,PLMSC,2022-04-25,89.02,82.48,235,217,,,EA,IMP
COSMOS 1408 DEB,1982-092ALW,50626,DEB,D,CIS,1982-09-16,PLMSC,2022-07-01,89.21,82.52,252,220,,,EA,IMP
COSMOS 1408 DEB,1982-092ALX,50627,DEB,D,CIS,1982-09-16,PLMSC,2022-06-04,88.76,82.48,226,200,,,EA,IMP
COSMOS 1408 DEB,1982-092ALY,50628,DEB,D,CIS,1982-09-16,PLMSC,2022-02-27,89.83,82.56,279,253,,,EA,IMP
COSMOS 1408 DEB,1982-092ALZ,50629,DEB,D,CIS,1982-09-16,PLMSC,2022-06-18,90.71,82.38,325,294,,,EA,IMP
COSMOS 1408 DEB,1982-092AMA,50630,DEB,D,CIS,1982-09-16,PLMSC,2022-08-31,89.22,82.51,250,222,,,EA,IMP
COSMOS 1408 DEB,1982-092AMB,50631,DEB,D,CIS,1982-09-16,PLMSC,2022-05-17,89.63,82.51,266,247,,,EA,IMP
COSMOS 1408 DEB,1982-092AMC,50632,DEB,D,CIS,1982-09-16,PLMSC,2023-03-01,88.31,82.49,200,182,,,EA,IMP
COSMOS 1408 DEB,1982-092AMD,50633,DEB,D,CIS,1982-09-16,PLMSC,2022-10-16,87.93,82.45,182,162,,,EA,IMP
COSMOS 1408 DEB,1982-092AME,50634,DEB,D,CIS,1982-09-16,PLMSC,2022-03-22,89.67,82.56,266,250,,,EA,IMP
COSMOS 1408 DEB,1982-092AMF,50635,DEB,D,CIS,1982-09-16,PLMSC,2022-02-06,89.22,82.59,245,227,,,EA,IMP
COSMOS 1408 DEB,1982-092AMG,50636,DEB,D,CIS,1982-09-16,PLMSC,2022-01-08,89.66,82.32,268,247,,,EA,IMP
COSMOS 1408 DEB,1982-092AMH,50637,DEB,D,CIS,1982-09-16,PLMSC,2022-08-02,88.27,82.50,198,180,,,EA,IMP
COSMOS 1408 DEB,1982-092AMJ,50638,DEB,D,CIS,1982-09-16,PLMSC,2022-02-27,89.81,82.57,280,251,,,EA,IMP
COSMOS 1408 DEB,1982-092AMK,50639,DEB,D,CIS,1982-09-16,PLMSC,2022-01-28,88.57,82.72,214,194,,,EA,IMP
COSMOS 1408 DEB,1982-092AML,50640,DEB,D,CIS,1982-09-16,PLMSC,2022-03-10,89.07,82.57,238,219,,,EA,IMP
COSMOS 1408 DEB,1982-092AMM,50641,DEB,D,CIS,1982-09-16,PLMSC,2022-07-19,90.04,81.55,283,269,,,EA,IMP
COSMOS 1408 DEB,1982-092AMN,50642,DEB,D,CIS,1982-09-16,PLMSC,2022-04-27,89.11,82.43,238,223,,,EA,IMP
COSMOS 1408 DEB,1982-092AMP,50643,DEB,D,CIS,1982-09-16,PLMSC,2022-04-17,88.41,82.55,203,188,,,EA,IMP
COSMOS 1408 DEB,1982-092AMQ,50644,DEB,D,CIS,1982-09-16,PLMSC,2022-10-27,92.81,83.47,441,384,,,EA,IMP
COSMOS 1408 DEB,1982-092AMR,50645,DEB,D,CIS,1982-09-16,PLMSC,2022-07-02,87.74,82.67,173,153,,,EA,IMP
COSMOS 1408 DEB,1982-092AMS,50646,DEB,D,CIS,1982-09-16,PLMSC,2022-04-01,90.09,82.59,283,274,,,EA,IMP
COSMOS 1408 DEB,1982-092AMT,50647,DEB,D,CIS,1982-09-16,PLMSC,2022-04-24,91.65,82.48,392,319,,,EA,IMP
COSMOS 1408 DEB,1982-092AMU,50648,DEB,D,CIS,1982-09-16,PLMSC,2022-06-01,93.81,82.54,532,389,,,EA,IMP
COSMOS 1408 DEB,1982-092AMV,50649,DEB,D,CIS,1982-09-16,PLMSC,2022-01-13,89.54,82.41,260,243,,,EA,IMP
COSMOS 1408 DEB,1982-092AMW,50650,DEB,D,CIS,1982-09-16,PLMSC,2023-09-08,100.29,83.24,1106,438,,,EA,IMP
COSMOS 1408 DEB,1982-092AMX,50651,DEB,D,CIS,1982-09-16,PLMSC,2022-02-13,88.52,82.51,206,196,,,EA,IMP
COSMOS 1408 DEB,1982-092AMY,50652,DEB,D,CIS,1982-09-16,PLMSC,2022-03-15,92.89,82.51,463,369,,,EA,IMP
COSMOS 1408 DEB,1982-092AMZ,50653,DEB,D,CIS,1982-09-16,PLMSC,2022-04-27,90.24,82.49,309,263,,,EA,IMP
COSMOS 1408 DEB,1982-092ANA,50654,DEB,D,CIS,1982-09-16,PLMSC,2022-04-05,91.71,82.69,369,348,,,EA,IMP
COSMOS 1408 DEB,1982-092ANB,50655,DEB,D,CIS,1982-09-16,PLMSC,2022-12-22,90.41,82.63,297,292,,,EA,IMP
COSMOS 1408 DEB,1982-092ANC,50656,DEB,D,CIS,1982-09-16,PLMSC,2022-09-12,90.21,82.55,300,269,,,EA,IMP
COSMOS 1408 DEB,1982-092AND,50657,DEB,D,CIS,1982-09-16,PLMSC,2022-06-21,88.85,82.55,226,209,,,EA,IMP
COSMOS 1408 DEB,1982-092ANE,50658,DEB,D,CIS,1982-09-16,PLMSC,2022-02-27,89.09,82.75,242,217,,,EA,IMP
COSMOS 1408 DEB,1982-092ANF,50659,DEB,D,CIS,1982-09-16,PLMSC,2023-01-25,88.24,82.37,190,184,,,EA,IMP
COSMOS 1408 DEB,1982-092ANG,50660,DEB,D,CIS,1982-09-16,PLMSC,2022-02-18,88.63,82.49,214,199,,,EA,IMP
COSMOS 1408 DEB,1982-092ANH,50661,DEB,D,CIS,1982-09-16,PLMSC,2022-03-28,89.45,82.47,255,240,,,EA,IMP
COSMOS 1408 DEB,1982-092ANJ,50662,DEB,D,CIS,1982-09-16,PLMSC,2022-03-19,92.82,82.61,467,359,,,EA,IMP
COSMOS 1408 DEB,1982-092ANK,50663,DEB,D,CIS,1982-09-16,PLMSC,2022-08-22,89.05,82.33,239,216,,,EA,IMP
COSMOS 1408 DEB,1982-092ANL,50664,DEB,D,CIS,1982-09-16,PLMSC,2022-09-27,91.21,82.60,352,315,,,EA,IMP
COSMOS 1408 DEB,1982-092ANM,50665,DEB,D,CIS,1982-09-16,PLMSC,2022-07-16,88.99,82.48,238,211,,,EA,IMP
COSMOS 1408 DEB,1982-092ANN,50666,DEB,D,CIS,1982-09-16,PLMSC,2022-05-05,89.13,82.55,239,224,,,EA,IMP
COSMOS 1408 DEB,1982-092ANP,50667,DEB,D,CIS,1982-09-16,PLMSC,2022-03-20,88.44,82.67,207,187,,,EA,IMP
COSMOS 1408 DEB,1982-092ANQ,50668,DEB,D,CIS,1982-09-16,PLMSC,2022-03-16,88.14,82.58,190,175,,,EA,IMP
COSMOS 1408 DEB,1982-092ANR,50669,DEB,D,CIS,1982-09-16,PLMSC,2024-01-03,89.03,82.68,233,221,,,EA,IMP
COSMOS 1408 DEB,1982-092ANS,50670,DEB,D,CIS,1982-09-16,PLMSC,2023-02-09,89.04,82.47,234,220,,,EA,IMP
COSMOS 1408 DEB,1982-092ANT,50671,DEB,D,CIS,1982-09-16,PLMSC,2022-05-24,98.02,82.96,895,434,,,EA,IMP
COSMOS 1408 DEB,1982-092ANU,50672,DEB,D,CIS,1982-09-16,PLMSC,2022-01-04,91.45,82.37,365,327,,,EA,IMP
COSMOS 1408 DEB,1982-092ANV,50673,DEB,D,CIS,1982-09-16,PLMSC,2022-10-08,89.54,82.50,258,245,,,EA,IMP
COSMOS 1408 DEB,1982-092ANW,50674,DEB,D,CIS,1982-09-16,PLMSC,2023-06-26,87.94,82.52,183,163,,,EA,IMP
COSMOS 1408 DEB,1982-092ANX,50675,DEB,D,CIS,1982-09-16,PLMSC,2022-09-02,89.14,82.58,245,218,,,EA,IMP
COSMOS 1408 DEB,1982-092ANY,50676,DEB,D,CIS,1982-09-16,PLMSC,2022-12-14,88.07,82.65,187,171,,,EA,IMP
COSMOS 1408 DEB,1982-092ANZ,50677,DEB,D,CIS,1982-09-16,PLMSC,2023-01-15,88.73,82.89,220,203,,,EA,IMP
COSMOS 1408 DEB,1982-092APA,50678,DEB,D,CIS,1982-09-16,PLMSC,2022-05-30,88.91,83.04,232,209,,,EA,IMP
COSMOS 1408 DEB,1982-092APB,50679,DEB,D,CIS,1982-09-16,PLMSC,2022-10-05,89.40,82.59,251,238,,,EA,IMP
COSMOS 1408 DEB,1982-092APC,50680,DEB,D,CIS,1982-09-16,PLMSC,2022-03-13,92.83,82.61,469,357,,,EA,IMP
COSMOS 1408 DEB,1982-092APD,50681,DEB,D,CIS,1982-09-16,PLMSC,2022-02-24,88.89,82.57,231,208,,,EA,IMP
COSMOS 1408 DEB,1982-092APE,50682,DEB,D,CIS,1982-09-16,PLMSC,2022-03-23,94.39,82.23,615,363,,,EA,IMP
COSMOS 1408 DEB,1982-092APF,50683,DEB,D,CIS,1982-09-16,PLMSC,2022-08-04,88.42,82.50,208,185,,,EA,IMP
COSMOS 1408 DEB,1982-092APG,50684,DEB,D,CIS,1982-09-16,PLMSC,2022-04-27,89.18,82.58,246,223,,,EA,IMP
COSMOS 1408 DEB,1982-092APH,50685,DEB,D,CIS,1982-09-16,PLMSC,2022-05-25,88.99,82.52,235,213,,,EA,IMP
COSMOS 1408 DEB,1982-092APJ,50686,DEB,D,CIS,1982-09-16,PLMSC,2023-05-24,88.36,82.70,207,180,,,EA,IMP
COSMOS 1408 DEB,1982-092APK,50687,DEB,D,CIS,1982-09-16,PLMSC,2023-04-10,89.29,82.52,242,237,,,EA,IMP
COSMOS 1408 DEB,1982-092APL,50688,DEB,D,CIS,1982-09-16,PLMSC,2022-02-13,87.89,82.36,177,162,,,EA,IMP
COSMOS 1408 DEB,1982-092APM,50689,DEB,D,CIS,1982-09-16,PLMSC,2025-03-06,87.72,82.47,166,158,,,EA,IMP
COSMOS 1408 DEB,1982-092APN,50690,DEB,D,CIS,1982-09-16,PLMSC,2022-03-12,88.73,82.48,219,204,,,EA,IMP
COSMOS 1408 DEB,1982-092APP,50691,DEB,D,CIS,1982-09-16,PLMSC,2022-12-22,87.84,82.65,174,162,,,EA,IMP
COSMOS 1408 DEB,1982-092APQ,50692,DEB,D,CIS,1982-09-16,PLMSC,2022-09-22,91.77,83.52,378,344,,,EA,IMP
COSMOS 1408 DEB,1982-092APR,50693,DEB,D,CIS,1982-09-16,PLMSC,2022-02-07,88.36,82.97,202,185,,,EA,IMP
COSMOS 1408 DEB,1982-092APS,50694,DEB,D,CIS,1982-09-16,PLMSC,2022-04-02,91.10,82.50,335,322,,,EA,IMP
COSMOS 1408 DEB,1982-092APT,50695,DEB,D,CIS,1982-09-16,PLMSC,2022-04-11,92.31,82.57,411,364,,,EA,IMP
COSMOS 1408 DEB,1982-092APU,50696,DEB,D,CIS,1982-09-16,PLMSC,2022-04-28,89.10,82.57,237,223,,,EA,IMP
COSMOS 1408 DEB,1982-092APV,50697,DEB,D,CIS,1982-09-16,PLMSC,2022-03-31,93.82,82.60,536,386,,,EA,IMP
COSMOS 1408 DEB,1982-092APW,50698,DEB,D,CIS,1982-09-16,PLMSC,2022-05-02,91.92,82.60,395,343,,,EA,IMP
COSMOS 1408 DEB,1982-092APX,50699,DEB,D,CIS,1982-09-16,PLMSC,2022-04-09,88.60,82.46,216,195,,,EA,IMP
COSMOS 1408 DEB,1982-092APY,50700,DEB,D,CIS,1982-09-16,PLMSC,2022-05-15,92.00,82.57,389,357,,,EA,IMP
COSMOS 1408 DEB,1982-092APZ,50701,DEB,D,CIS,1982-09-16,PLMSC,2022-01-30,90.55,82.33,316,286,,,EA,IMP
COSMOS 1408 DEB,1982-092AQA,50702,DEB,D,CIS,1982-09-16,PLMSC,2022-03-27,88.39,82.50,203,187,,,EA,IMP
COSMOS 1408 DEB,1982-092AQB,50703,DEB,D,CIS,1982-09-16,PLMSC,2022-06-15,89.02,82.53,237,215,,,EA,IMP
COSMOS 1408 DEB,1982-092AQC,50704,DEB,D,CIS,1982-09-16,PLMSC,2022-02-14,88.86,82.54,226,211,,,EA,IMP
COSMOS 1408 DEB,1982-092AQD,50705,DEB,D,CIS,1982-09-16,PLMSC,2022-03-06,88.27,82.61,199,179,,,EA,IMP
COSMOS 1408 DEB,1982-092AQE,50706,DEB,D,CIS,1982-09-16,PLMSC,2022-08-05,88.38,82.70,205,183,,,EA,IMP
COSMOS 1408 DEB,1982-092AQF,50707,DEB,D,CIS,1982-09-16,PLMSC,2022-03-20,88.25,82.56,199,177,,,EA,IMP
COSMOS 1408 DEB,1982-092AQG,50708,DEB,D,CIS,1982-09-16,PLMSC,2023-06-13,88.45,82.55,207,189,,,EA,IMP
COSMOS 1408 DEB,1982-092AQH,50709,DEB,D,CIS,1982-09-16,PLMSC,2022-03-14,90.63,82.60,314,297,,,EA,IMP
COSMOS 1408 DEB,1982-092AQJ,50710,DEB,D,CIS,1982-09-16,PLMSC,2022-07-13,88.34,82.54,202,182,,,EA,IMP
COSMOS 1408 DEB,1982-092AQK,50711,DEB,D,CIS,1982-09-16,PLMSC,2022-03-17,88.30,82.53,198,183,,,EA,IMP
COSMOS 1408 DEB,1982-092AQL,50712,DEB,D,CIS,1982-09-16,PLMSC,2022-04-18,90.10,82.50,296,263,,,EA,IMP
COSMOS 1408 DEB,1982-092AQM,50713,DEB,D,CIS,1982-09-16,PLMSC,2022-02-26,89.04,82.51,239,215,,,EA,IMP
COSMOS 1408 DEB,1982-092AQN,50714,DEB,D,CIS,1982-09-16,PLMSC,2022-02-23,89.50,82.57,257,242,,,EA,IMP
COSMOS 1408 DEB,1982-092AQP,50715,DEB,D,CIS,1982-09-16,PLMSC,2022-11-29,89.37,82.67,252,235,,,EA,IMP
COSMOS 1408 DEB,1982-092AQQ,50716,DEB,D,CIS,1982-09-16,PLMSC,2022-02-12,91.94,82.72,398,341,,,EA,IMP
COSMOS 1408 DEB,1982-092AQR,50717,DEB,D,CIS,1982-09-16,PLMSC,2022-05-26,89.34,82.49,253,231,,,EA,IMP
COSMOS 1408 DEB,1982-092AQS,50718,DEB,D,CIS,1982-09-16,PLMSC,2022-03-28,89.53,82.66,263,240,,,EA,IMP
COSMOS 1408 DEB,1982-092AQT,50719,DEB,D,CIS,1982-09-16,PLMSC,2022-11-01,87.85,82.48,177,159,,,EA,IMP
COSMOS 1408 DEB,1982-092AQU,50720,DEB,D,CIS,1982-09-16,PLMSC,2022-10-13,88.64,82.48,214,201,,,EA,IMP
COSMOS 1408 DEB,1982-092AQV,50721,DEB,D,CIS,1982-09-16,PLMSC,2022-06-05,88.28,82.55,203,177,,,EA,IMP
COSMOS 1408 DEB,1982-092AQW,50722,DEB,D,CIS,1982-09-16,PLMSC,2022-04-06,91.12,82.59,342,317,,,EA,IMP
COSMOS 1408 DEB,1982-092AQX,50723,DEB,D,CIS,1982-09-16,PLMSC,2022-05-09,91.50,82.53,364,332,,,EA,IMP
COSMOS 1408 DEB,1982-092AQY,50724,DEB,D,CIS,1982-09-16,PLMSC,2022-04-18,87.85,82.58,173,163,,,EA,IMP
COSMOS 1408 DEB,1982-092AQZ,50725,DEB,D,CIS,1982-09-16,PLMSC,2022-05-23,88.16,82.57,195,172,,,EA,IMP
COSMOS 1408 DEB,1982-092ARA,50726,DEB,D,CIS,1982-09-16,PLMSC,2022-01-18,89.83,82.44,273,260,,,EA,IMP
COSMOS 1408 DEB,1982-092ARB,50727,DEB,D,CIS,1982-09-16,PLMSC,2023-08-09,89.10,82.57,238,222,,,EA,IMP
COSMOS 1408 DEB,1982-092ARC,50728,DEB,D,CIS,1982-09-16,PLMSC,2022-04-01,89.16,82.57,243,223,,,EA,IMP
COSMOS 1408 DEB,1982-092ARD,50729,DEB,D,CIS,1982-09-16,PLMSC,2022-04-23,89.35,82.55,255,230,,,EA,IMP
COSMOS 1408 DEB,1982-092ARE,50730,DEB,D,CIS,1982-09-16,PLMSC,2024-10-10,88.37,82.53,197,190,,,EA,IMP
COSMOS 1408 DEB,1982-092ARF,50731,DEB,D,CIS,1982-09-16,PLMSC,2022-04-06,89.10,82.57,242,217,,,EA,IMP
COSMOS 1408 DEB,1982-092ARG,50732,DEB,D,CIS,1982-09-16,PLMSC,2022-09-27,91.39,82.50,353,332,,,EA,IMP
COSMOS 1408 DEB,1982-092ARH,50733,DEB,D,CIS,1982-09-16,PLMSC,2023-01-10,88.09,82.48,192,168,,,EA,IMP
COSMOS 1408 DEB,1982-092ARJ,50734,DEB,D,CIS,1982-09-16,PLMSC,2022-12-05,88.42,82.47,204,188,,,EA,IMP
COSMOS 1408 DEB,1982-092ARK,50735,DEB,D,CIS,1982-09-16,PLMSC,2022-02-22,88.59,82.55,210,200,,,EA,IMP
COSMOS 1408 DEB,1982-092ARL,50736,DEB,D,CIS,1982-09-16,PLMSC,2022-09-29,91.88,82.53,391,342,,,EA,IMP
COSMOS 1408 DEB,1982-092ARM,50737,DEB,D,CIS,1982-09-16,PLMSC,2022-04-24,88.21,82.57,196,176,,,EA,IMP
COSMOS 1408 DEB,1982-092ARN,50738,DEB,D,CIS,1982-09-16,PLMSC,2022-03-06,89.17,82.52,244,223,,,EA,IMP
COSMOS 1408 DEB,1982-092ARP,50739,DEB,D,CIS,1982-09-16,PLMSC,2022-03-06,88.94,82.53,234,211,,,EA,IMP
COSMOS 1408 DEB,1982-092ARQ,50740,DEB,D,CIS,1982-09-16,PLMSC,2022-03-30,89.82,82.54,276,254,,,EA,IMP
COSMOS 1408 DEB,1982-092ARR,50741,DEB,D,CIS,1982-09-16,PLMSC,2022-05-17,91.96,82.59,388,354,,,EA,IMP
COSMOS 1408 DEB,1982-092ARS,50742,DEB,D,CIS,1982-09-16,PLMSC,2023-02-24,87.86,82.61,176,161,,,EA,IMP
COSMOS 1408 DEB,1982-092ART,50743,DEB,D,CIS,1982-09-16,PLMSC,2022-05-19,88.85,82.60,231,203,,,EA,IMP
COSMOS 1408 DEB,1982-092ARU,50744,DEB,D,CIS,1982-09-16,PLMSC,2023-01-19,88.36,82.48,199,188,,,EA,IMP
COSMOS 1408 DEB,1982-092ARV,50745,DEB,D,CIS,1982-09-16,PLMSC,2022-03-17,92.57,82.59,409,392,,,EA,IMP
COSMOS 1408 DEB,1982-092ARW,50746,DEB,D,CIS,1982-09-16,PLMSC,2022-12-31,87.62,82.54,156,156,,,EA,IMP
COSMOS 1408 DEB,1982-092ARX,50747,DEB,D,CIS,1982-09-16,PLMSC,2022-01-15,88.32,82.68,196,187,,,EA,IMP
COSMOS 1408 DEB,1982-092ARY,50748,DEB,D,CIS,1982-09-16,PLMSC,2023-06-16,87.34,82.42,154,131,,,EA,IMP
COSMOS 1408 DEB,1982-092ARZ,50749,DEB,D,CIS,1982-09-16,PLMSC,2022-01-20,90.44,82.51,307,285,,,EA,IMP
COSMOS 1408 DEB,1982-092ASA,50750,DEB,D,CIS,1982-09-16,PLMSC,2022-04-04,90.49,82.54,303,294,,,EA,IMP
COSMOS 1408 DEB,1982-092ASB,50751,DEB,D,CIS,1982-09-16,PLMSC,2022-10-12,88.87,82.48,222,216,,,EA,IMP
COSMOS 1408 DEB,1982-092ASC,50752,DEB,D,CIS,1982-09-16,PLMSC,2023-10-13,88.38,82.53,197,191,,,EA,IMP
COSMOS 1408 DEB,1982-092ASD,50753,DEB,D,CIS,1982-09-16,PLMSC,2022-03-27,90.45,82.59,304,290,,,EA,IMP
COSMOS 1408 DEB,1982-092ASE,50754,DEB,D,CIS,1982-09-16,PLMSC,2023-06-18,90.41,82.57,311,278,,,EA,IMP
COSMOS 1408 DEB,1982-092ASF,50755,DEB,D,CIS,1982-09-16,PLMSC,2023-07-28,90.71,82.59,326,292,,,EA,IMP
COSMOS 1408 DEB,1982-092ASG,50756,DEB,D,CIS,1982-09-16,PLMSC,2022-04-14,88.53,82.49,213,190,,,EA,IMP
COSMOS 1408 DEB,1982-092ASH,50757,DEB,D,CIS,1982-09-16,PLMSC,2022-07-10,88.71,82.50,213,208,,,EA,IMP
COSMOS 1408 DEB,1982-092ASJ,50758,DEB,D,CIS,1982-09-16,PLMSC,2022-08-23,90.82,82.47,341,289,,,EA,IMP
COSMOS 1408 DEB,1982-092ASK,50759,DEB,D,CIS,1982-09-16,PLMSC,2022-04-21,92.35,82.62,424,356,,,EA,IMP
COSMOS 1408 DEB,1982-092ASL,50760,DEB,D,CIS,1982-09-16,PLMSC,2022-02-09,90.77,82.26,325,299,,,EA,IMP
COSMOS 1408 DEB,1982-092ASM,50761,DEB,D,CIS,1982-09-16,PLMSC,2022-10-07,90.91,82.32,353,285,,,EA,IMP
COSMOS 1408 DEB,1982-092ASN,50762,DEB,D,CIS,1982-09-16,PLMSC,2022-08-31,92.00,82.46,403,343,,,EA,IMP
COSMOS 1408 DEB,1982-092ASP,50763,DEB,D,CIS,1982-09-16,PLMSC,2022-08-30,89.30,82.62,253,227,,,EA,IMP
COSMOS 1408 DEB,1982-092ASQ,50764,DEB,D,CIS,1982-09-16,PLMSC,2022-11-05,91.87,82.58,383,350,,,EA,IMP
COSMOS 1408 DEB,1982-092ASR,50765,DEB,D,CIS,1982-09-16,PLMSC,2022-02-27,88.56,82.59,214,193,,,EA,IMP
COSMOS 1408 DEB,1982-092ASS,50766,DEB,D,CIS,1982-09-16,PLMSC,2022-03-11,89.34,82.60,252,232,,,EA,IMP
COSMOS 1408 DEB,1982-092AST,50767,DEB,D,CIS,1982-09-16,PLMSC,2022-04-24,92.10,82.83,396,359,,,EA,IMP
COSMOS 1408 DEB,1982-092ASU,50768,DEB,D,CIS,1982-09-16,PLMSC,2022-09-15,88.86,82.62,225,211,,,EA,IMP
COSMOS 1408 DEB,1982-092ASV,50769,DEB,D,CIS,1982-09-16,PLMSC,2022-05-27,88.73,82.58,225,198,,,EA,IMP
COSMOS 1408 DEB,1982-092ASW,50770,DEB,D,CIS,1982-09-16,PLMSC,2023-03-07,90.30,82.58,302,276,,,EA,IMP
COSMOS 1408 DEB,1982-092ASX,50856,DEB,D,CIS,1982-09-16,PLMSC,2022-04-21,92.49,82.61,435,358,,,EA,IMP
COSMOS 1408 DEB,1982-092ASY,50857,DEB,D,CIS,1982-09-16,PLMSC,2022-05-10,91.31,82.40,349,329,,,EA,IMP
COSMOS 1408 DEB,1982-092ASZ,50858,DEB,D,CIS,1982-09-16,PLMSC,2022-03-13,88.81,82.58,227,204,,,EA,IMP
COSMOS 1408 DEB,1982-092ATA,50859,DEB,D,CIS,1982-09-16,PLMSC,2022-11-09,88.95,82.50,230,215,,,EA,IMP
COSMOS 1408 DEB,1982-092ATB,50860,DEB,D,CIS,1982-09-16,PLMSC,2022-03-27,89.65,82.48,264,250,,,EA,IMP
COSMOS 1408 DEB,1982-092ATC,50861,DEB,D,CIS,1982-09-16,PLMSC,2022-03-09,90.30,82.60,301,278,,,EA,IMP
COSMOS 1408 DEB,1982-092ATD,50862,DEB,D,CIS,1982-09-16,PLMSC,2022-10-29,89.83,82.48,270,263,,,EA,IMP
COSMOS 1408 DEB,1982-092ATE,50863,DEB,D,CIS,1982-09-16,PLMSC,2022-06-19,90.48,82.56,316,280,,,EA,IMP
COSMOS 1408 DEB,1982-092ATF,50864,DEB,D,CIS,1982-09-16,PLMSC,2022-12-28,88.79,82.62,219,210,,,EA,IMP
COSMOS 1408 DEB,1982-092ATG,50865,DEB,D,CIS,1982-09-16,PLMSC,2022-04-01,91.07,82.60,339,315,,,EA,IMP
COSMOS 1408 DEB,1982-092ATH,50866,DEB,D,CIS,1982-09-16,PLMSC,2022-03-14,90.13,82.59,290,272,,,EA,IMP
COSMOS 1408 DEB,1982-092ATJ,50867,DEB,D,CIS,1982-09-16,PLMSC,2022-09-29,89.40,82.51,249,240,,,EA,IMP
COSMOS 1408 DEB,1982-092ATK,50868,DEB,D,CIS,1982-09-16,PLMSC,2022-06-15,90.01,82.66,287,262,,,EA,IMP
COSMOS 1408 DEB,1982-092ATL,50869,DEB,D,CIS,1982-09-16,PLMSC,2022-01-23,88.80,82.70,222,208,,,EA,IMP
COSMOS 1408 DEB,1982-092ATM,50870,DEB,D,CIS,1982-09-16,PLMSC,2022-03-05,89.81,82.74,286,244,,,EA,IMP
COSMOS 1408 DEB,1982-092ATN,50871,DEB,D,CIS,1982-09-16,PLMSC,2023-01-14,88.61,82.55,207,205,,,EA,IMP
COSMOS 1408 DEB,1982-092ATP,50872,DEB,D,CIS,1982-09-16,PLMSC,2022-03-17,88.14,82.43,193,172,,,EA,IMP
COSMOS 1408 DEB,1982-092ATQ,50873,DEB,D,CIS,1982-09-16,PLMSC,2022-04-11,89.55,82.54,263,241,,,EA,IMP
COSMOS 1408 DEB,1982-092ATR,50874,DEB,D,CIS,1982-09-16,PLMSC,2022-11-05,88.24,82.58,195,180,,,EA,IMP
COSMOS 1408 DEB,1982-092ATS,50875,DEB,D,CIS,1982-09-16,PLMSC,2022-03-06,88.45,82.51,207,189,,,EA,IMP
COSMOS 1408 DEB,1982-092ATT,50876,DEB,D,CIS,1982-09-16,PLMSC,2022-06-27,88.95,82.60,233,212,,,EA,IMP
COSMOS 1408 DEB,1982-092ATU,50877,DEB,D,CIS,1982-09-16,PLMSC,2022-03-26,89.32,82.54,253,229,,,EA,IMP
COSMOS 1408 DEB,1982-092ATV,50878,DEB,D,CIS,1982-09-16,PLMSC,2022-01-30,90.27,82.52,297,278,,,EA,IMP
COSMOS 1408 DEB,1982-092ATW,50879,DEB,D,CIS,1982-09-16,PLMSC,2022-04-23,89.88,82.53,275,262,,,EA,IMP
COSMOS 1408 DEB,1982-092ATX,50880,DEB,D,CIS,1982-09-16,PLMSC,2022-03-27,89.14,82.50,241,223,,,EA,IMP
COSMOS 1408 DEB,1982-092ATY,50881,DEB,D,CIS,1982-09-16,PLMSC,2022-03-27,88.85,82.62,228,207,,,EA,IMP
COSMOS 1408 DEB,1982-092ATZ,50882,DEB,D,CIS,1982-09-16,PLMSC,2022-05-05,88.27,82.85,199,178,,,EA,IMP
COSMOS 1408 DEB,1982-092AUA,50883,DEB,D,CIS,1982-09-16,PLMSC,2022-02-04,90.33,82.48,302,279,,,EA,IMP
COSMOS 1408 DEB,1982-092AUB,50884,DEB,D,CIS,1982-09-16,PLMSC,2022-04-29,88.98,82.49,233,216,,,EA,IMP
COSMOS 1408 DEB,1982-092AUC,50885,DEB,D,CIS,1982-09-16,PLMSC,2023-02-15,89.90,82.88,278,261,,,EA,IMP
COSMOS 1408 DEB,1982-092AUD,50886,DEB,D,CIS,1982-09-16,PLMSC,2022-05-06,88.83,82.47,227,206,,,EA,IMP
COSMOS 1408 DEB,1982-092AUE,50887,DEB,D,CIS,1982-09-16,PLMSC,2023-04-10,89.00,82.47,226,224,,,EA,IMP
COSMOS 1408 DEB,1982-092AUF,50888,DEB,D,CIS,1982-09-16,PLMSC,2022-04-16,89.28,82.58,247,231,,,EA,IMP
COSMOS 1408 DEB,1982-092AUG,50889,DEB,D,CIS,1982-09-16,PLMSC,2023-01-14,88.26,82.45,192,184,,,EA,IMP
COSMOS 1408 DEB,1982-092AUH,50890,DEB,D,CIS,1982-09-16,PLMSC,2023-03-19,87.85,82.50,174,161,,,EA,IMP
COSMOS 1408 DEB,1982-092AUJ,50891,DEB,D,CIS,1982-09-16,PLMSC,2022-04-02,88.66,82.50,216,201,,,EA,IMP
COSMOS 1408 DEB,1982-092AUK,50892,DEB,D,CIS,1982-09-16,PLMSC,2022-04-22,90.10,82.55,288,270,,,EA,IMP
COSMOS 1408 DEB,1982-092AUL,50893,DEB,D,CIS,1982-09-16,PLMSC,2022-04-15,88.52,82.49,209,193,,,EA,IMP
COSMOS 1408 DEB,1982-092AUM,50894,DEB,D,CIS,1982-09-16,PLMSC,2022-06-12,88.41,82.56,211,181,,,EA,IMP
COSMOS 1408 DEB,1982-092AUN,50895,DEB,D,CIS,1982-09-16,PLMSC,2022-11-21,88.46,82.53,206,191,,,EA,IMP
COSMOS 1408 DEB,1982-092AUP,50896,DEB,D,CIS,1982-09-16,PLMSC,2022-04-22,89.65,82.50,267,248,,,EA,IMP
COSMOS 1408 DEB,1982-092AUQ,50897,DEB,D,CIS,1982-09-16,PLMSC,2022-10-24,87.82,82.57,172,161,,,EA,IMP
COSMOS 1408 DEB,1982-092AUR,50898,DEB,D,CIS,1982-09-16,PLMSC,2022-05-12,88.69,82.58,219,201,,,EA,IMP
COSMOS 1408 DEB,1982-092AUS,50899,DEB,D,CIS,1982-09-16,PLMSC,2022-04-23,88.18,82.50,191,178,,,EA,IMP
COSMOS 1408 DEB,1982-092AUT,50900,DEB,D,CIS,1982-09-16,PLMSC,2022-05-03,89.59,82.50,268,240,,,EA,IMP
COSMOS 1408 DEB,1982-092AUU,50901,DEB,D,CIS,1982-09-16,PLMSC,2022-07-11,88.77,82.43,227,201,,,EA,IMP
COSMOS 1408 DEB,1982-092AUV,50902,DEB,D,CIS,1982-09-16,PLMSC,2022-03-30,89.66,82.57,267,249,,,EA,IMP
COSMOS 1408 DEB,1982-092AUW,50903,DEB,D,CIS,1982-09-16,PLMSC,2023-01-18,87.81,82.61,172,160,,,EA,IMP
COSMOS 1408 DEB,1982-092AUX,50904,DEB,D,CIS,1982-09-16,PLMSC,2023-02-16,88.16,82.58,192,176,,,EA,IMP
COSMOS 1408 DEB,1982-092AUY,50905,DEB,D,CIS,1982-09-16,PLMSC,2022-05-23,88.31,82.54,201,181,,,EA,IMP
COSMOS 1408 DEB,1982-092AUZ,50906,DEB,D,CIS,1982-09-16,PLMSC,2022-04-19,88.61,82.54,214,197,,,EA,IMP
COSMOS 1408 DEB,1982-092AVA,50907,DEB,D,CIS,1982-09-16,PLMSC,2022-10-01,88.80,82.57,220,210,,,EA,IMP
COSMOS 1408 DEB,1982-092AVB,50908,DEB,D,CIS,1982-09-16,PLMSC,2023-04-10,87.75,82.47,169,157,,,EA,IMP
COSMOS 1408 DEB,1982-092AVC,50909,DEB,D,CIS,1982-09-16,PLMSC,2022-03-09,89.90,82.47,274,265,,,EA,IMP
COSMOS 1408 DEB,1982-092AVD,50910,DEB,D,CIS,1982-09-16,PLMSC,2022-03-15,91.07,82.52,347,308,,,EA,IMP
COSMOS 1408 DEB,1982-092AVE,50911,DEB,D,CIS,1982-09-16,PLMSC,2022-05-04,88.65,82.47,219,197,,,EA,IMP
COSMOS 1408 DEB,1982-092AVF,50912,DEB,D,CIS,1982-09-16,PLMSC,2023-03-14,88.39,82.64,200,190,,,EA,IMP
COSMOS 1408 DEB,1982-092AVG,50913,DEB,D,CIS,1982-09-16,PLMSC,2022-04-21,91.42,82.60,349,340,,,EA,IMP
COSMOS 1408 DEB,1982-092AVH,50914,DEB,D,CIS,1982-09-16,PLMSC,2022-11-09,89.57,82.50,258,249,,,EA,IMP
COSMOS 1408 DEB,1982-092AVJ,50915,DEB,D,CIS,1982-09-16,PLMSC,2022-09-11,87.81,82.62,174,158,,,EA,IMP
COSMOS 1408 DEB,1982-092AVK,50916,DEB,D,CIS,1982-09-16,PLMSC,2022-05-26,89.16,82.50,247,219,,,EA,IMP
COSMOS 1408 DEB,1982-092AVL,50917,DEB,D,CIS,1982-09-16,PLMSC,2022-01-19,90.10,82.72,312,246,,,EA,IMP
COSMOS 1408 DEB,1982-092AVM,50918,DEB,D,CIS,1982-09-16,PLMSC,2022-09-10,88.67,82.52,215,203,,,EA,IMP
COSMOS 1408 DEB,1982-092AVN,50919,DEB,D,CIS,1982-09-16,PLMSC,2022-05-14,88.28,82.65,199,179,,,EA,IMP
COSMOS 1408 DEB,1982-092AVP,50920,DEB,D,CIS,1982-09-16,PLMSC,2022-10-21,89.04,82.50,234,220,,,EA,IMP
COSMOS 1408 DEB,1982-092AVQ,50921,DEB,D,CIS,1982-09-16,PLMSC,2023-06-29,88.08,82.53,188,170,,,EA,IMP
COSMOS 1408 DEB,1982-092AVR,50922,DEB,D,CIS,1982-09-16,PLMSC,2022-02-05,90.27,82.56,296,279,,,EA,IMP
COSMOS 1408 DEB,1982-092AVS,50923,DEB,D,CIS,1982-09-16,PLMSC,2023-02-09,89.19,82.29,240,229,,,EA,IMP
COSMOS 1408 DEB,1982-092AVT,50924,DEB,D,CIS,1982-09-16,PLMSC,2022-05-28,88.51,82.58,214,188,,,EA,IMP
COSMOS 1408 DEB,1982-092AVU,50925,DEB,D,CIS,1982-09-16,PLMSC,2023-06-21,88.61,82.35,226,186,,,EA,IMP
COSMOS 1408 DEB,1982-092AVV,50926,DEB,D,CIS,1982-09-16,PLMSC,2023-10-26,89.14,82.52,238,226,,,EA,IMP
COSMOS 1408 DEB,1982-092AVW,50927,DEB,D,CIS,1982-09-16,PLMSC,2022-12-05,88.07,82.59,186,171,,,EA,IMP
COSMOS 1408 DEB,1982-092AVX,50928,DEB,D,CIS,1982-09-16,PLMSC,2022-12-14,88.91,82.51,227,214,,,EA,IMP
COSMOS 1408 DEB,1982-092AVY,50929,DEB,D,CIS,1982-09-16,PLMSC,2022-07-08,88.99,82.51,235,214,,,EA,IMP
COSMOS 1408 DEB,1982-092AVZ,50930,DEB,D,CIS,1982-09-16,PLMSC,2022-07-12,89.41,82.48,258,233,,,EA,IMP
COSMOS 1408 DEB,1982-092AWA,50931,DEB,D,CIS,1982-09-16,PLMSC,2022-04-07,91.83,82.49,400,328,,,EA,IMP
COSMOS 1408 DEB,1982-092AWB,50932,DEB,D,CIS,1982-09-16,PLMSC,2022-01-20,95.74,82.94,755,354,,,EA,IMP
COSMOS 1408 DEB,1982-092AWC,50933,DEB,D,CIS,1982-09-16,PLMSC,2022-04-14,88.80,82.59,224,206,,,EA,IMP
COSMOS 1408 DEB,1982-092AWD,50934,DEB,D,CIS,1982-09-16,PLMSC,2022-03-06,90.38,82.60,311,275,,,EA,IMP
COSMOS 1408 DEB,1982-092AWE,50935,DEB,D,CIS,1982-09-16,PLMSC,2022-11-29,88.66,82.46,216,201,,,EA,IMP
COSMOS 1408 DEB,1982-092AWF,50936,DEB,D,CIS,1982-09-16,PLMSC,2022-05-01,91.39,82.51,356,330,,,EA,IMP
COSMOS 1408 DEB,1982-092AWG,50937,DEB,D,CIS,1982-09-16,PLMSC,2024-04-14,88.76,82.54,216,210,,,EA,IMP
COSMOS 1408 DEB,1982-092AWH,50938,DEB,D,CIS,1982-09-16,PLMSC,2023-01-31,87.89,82.52,175,165,,,EA,IMP
COSMOS 1408 DEB,1982-092AWJ,50939,DEB,D,CIS,1982-09-16,PLMSC,2022-02-24,91.85,82.53,382,349,,,EA,IMP
COSMOS 1408 DEB,1982-092AWK,50940,DEB,D,CIS,1982-09-16,PLMSC,2022-03-16,91.18,82.61,341,323,,,EA,IMP
COSMOS 1408 DEB,1982-092AWL,50941,DEB,D,CIS,1982-09-16,PLMSC,2022-03-09,91.03,82.52,339,311,,,EA,IMP
COSMOS 1408 DEB,1982-092AWM,50942,DEB,D,CIS,1982-09-16,PLMSC,2023-04-02,87.43,82.62,155,139,,,EA,IMP
COSMOS 1408 DEB,1982-092AWN,50943,DEB,D,CIS,1982-09-16,PLMSC,2022-09-18,88.67,82.51,214,203,,,EA,IMP
COSMOS 1408 DEB,1982-092AWP,50944,DEB,D,CIS,1982-09-16,PLMSC,2022-02-27,89.29,82.59,257,221,,,EA,IMP
COSMOS 1408 DEB,1982-092AWQ,50945,DEB,D,CIS,1982-09-16,PLMSC,2023-03-11,88.65,82.50,221,195,,,EA,IMP
COSMOS 1408 DEB,1982-092AWR,50946,DEB,D,CIS,1982-09-16,PLMSC,2022-04-03,90.13,82.57,287,275,,,EA,IMP
COSMOS 1408 DEB,1982-092AWS,50947,DEB,D,CIS,1982-09-16,PLMSC,2022-07-01,88.97,82.72,235,212,,,EA,IMP
COSMOS 1408 DEB,1982-092AWT,50948,DEB,D,CIS,1982-09-16,PLMSC,2022-05-17,89.42,82.38,257,235,,,EA,IMP
COSMOS 1408 DEB,1982-092AWU,50949,DEB,D,CIS,1982-09-16,PLMSC,2022-04-25,95.84,82.97,678,440,,,EA,IMP
COSMOS 1408 DEB,1982-092AWV,50950,DEB,D,CIS,1982-09-16,PLMSC,2022-06-24,89.14,82.57,249,215,,,EA,IMP
COSMOS 1408 DEB,1982-092AWW,50951,DEB,D,CIS,1982-09-16,PLMSC,2022-04-29,88.96,82.85,235,210,,,EA,IMP
COSMOS 1408 DEB,1982-092AWX,50952,DEB,D,CIS,1982-09-16,PLMSC,2022-04-06,89.02,82.47,231,221,,,EA,IMP
COSMOS 1408 DEB,1982-092AWY,50953,DEB,D,CIS,1982-09-16,PLMSC,2022-03-09,90.86,82.85,330,303,,,EA,IMP
COSMOS 1408 DEB,1982-092AWZ,50954,DEB,D,CIS,1982-09-16,PLMSC,2022-02-26,89.10,82.48,238,221,,,EA,IMP
COSMOS 1408 DEB,1982-092AXA,50955,DEB,D,CIS,1982-09-16,PLMSC,2022-02-14,91.44,82.49,361,330,,,EA,IMP
COSMOS 1408 DEB,1982-092AXB,50956,DEB,D,CIS,1982-09-16,PLMSC,2023-04-03,88.35,82.52,197,189,,,EA,IMP
COSMOS 1408 DEB,1982-092AXC,50957,DEB,D,CIS,1982-09-16,PLMSC,2022-06-11,87.88,82.54,183,156,,,EA,IMP
COSMOS 1408 DEB,1982-092AXD,50958,DEB,D,CIS,1982-09-16,PLMSC,2022-02-13,88.91,82.58,228,213,,,EA,IMP
COSMOS 1408 DEB,1982-092AXE,50959,DEB,D,CIS,1982-09-16,PLMSC,2022-03-19,88.82,82.51,225,208,,,EA,IMP
COSMOS 1408 DEB,1982-092AXF,50960,DEB,D,CIS,1982-09-16,PLMSC,2022-06-16,89.31,82.49,250,231,,,EA,IMP
COSMOS 1408 DEB,1982-092AXG,50961,DEB,D,CIS,1982-09-16,PLMSC,2022-05-01,88.99,82.60,231,218,,,EA,IMP
COSMOS 1408 DEB,1982-092AXH,50962,DEB,D,CIS,1982-09-16,PLMSC,2022-06-01,92.94,82.51,455,383,,,EA,IMP
COSMOS 1408 DEB,1982-092AXJ,50963,DEB,D,CIS,1982-09-16,PLMSC,2022-05-03,88.81,82.33,225,207,,,EA,IMP
COSMOS 1408 DEB,1982-092AXK,50964,DEB,D,CIS,1982-09-16,PLMSC,2022-03-20,88.69,82.46,218,202,,,EA,IMP
COSMOS 1408 DEB,1982-092AXL,50965,DEB,D,CIS,1982-09-16,PLMSC,2022-03-20,92.77,82.59,462,359,,,EA,IMP
COSMOS 1408 DEB,1982-092AXM,50966,DEB,D,CIS,1982-09-16,PLMSC,2022-04-14,91.64,82.60,379,332,,,EA,IMP
COSMOS 1408 DEB,1982-092AXN,50967,DEB,D,CIS,1982-09-16,PLMSC,2024-07-27,87.60,82.68,162,149,,,EA,IMP
COSMOS 1408 DEB,1982-092AXP,50968,DEB,D,CIS,1982-09-16,PLMSC,2022-03-26,89.67,82.70,265,251,,,EA,IMP
COSMOS 1408 DEB,1982-092AXQ,50969,DEB,D,CIS,1982-09-16,PLMSC,2022-05-11,89.42,82.58,260,232,,,EA,IMP
COSMOS 1408 DEB,1982-092AXR,50970,DEB,D,CIS,1982-09-16,PLMSC,2022-12-14,88.48,82.53,207,192,,,EA,IMP
COSMOS 1408 DEB,1982-092AXS,50971,DEB,D,CIS,1982-09-16,PLMSC,2022-03-24,88.49,82.56,210,189,,,EA,IMP
COSMOS 1408 DEB,1982-092AXT,50972,DEB,D,CIS,1982-09-16,PLMSC,2023-05-24,88.47,82.55,210,188,,,EA,IMP
COSMOS 1408 DEB,1982-092AXU,50973,DEB,D,CIS,1982-09-16,PLMSC,2023-02-27,87.73,82.46,169,155,,,EA,IMP
COSMOS 1408 DEB,1982-092AXV,50974,DEB,D,CIS,1982-09-16,PLMSC,2022-05-16,88.70,82.49,221,199,,,EA,IMP
COSMOS 1408 DEB,1982-092AXW,50975,DEB,D,CIS,1982-09-16,PLMSC,2022-05-02,89.30,82.55,260,220,,,EA,IMP
COSMOS 1408 DEB,1982-092AXX,50976,DEB,D,CIS,1982-09-16,PLMSC,2022-07-30,88.49,82.50,211,189,,,EA,IMP
COSMOS 1408 DEB,1982-092AXY,50977,DEB,D,CIS,1982-09-16,PLMSC,2022-07-01,88.91,82.52,235,206,,,EA,IMP
COSMOS 1408 DEB,1982-092AXZ,50978,DEB,D,CIS,1982-09-16,PLMSC,2022-04-11,88.30,82.68,196,185,,,EA,IMP
COSMOS 1408 DEB,1982-092AYA,50979,DEB,D,CIS,1982-09-16,PLMSC,2023-04-19,87.58,82.64,161,148,,,EA,IMP
COSMOS 1408 DEB,1982-092AYB,50980,DEB,D,CIS,1982-09-16,PLMSC,2022-08-24,89.33,82.46,256,227,,,EA,IMP
COSMOS 1408 DEB,1982-092AYC,50981,DEB,D,CIS,1982-09-16,PLMSC,2022-01-28,89.09,82.56,235,224,,,EA,IMP
COSMOS 1408 DEB,1982-092AYD,50982,DEB,D,CIS,1982-09-16,PLMSC,2022-04-15,89.39,82.58,253,236,,,EA,IMP
COSMOS 1408 DEB,1982-092AYE,50983,DEB,D,CIS,1982-09-16,PLMSC,2023-03-07,100.37,82.52,1134,418,,,EA,IMP
COSMOS 1408 DEB,1982-092AYF,51157,DEB,D,CIS,1982-09-16,PLMSC,2022-06-01,89.74,82.37,274,249,,,EA,IMP
COSMOS 1408 DEB,1982-092AYG,51158,DEB,D,CIS,1982-09-16,PLMSC,2022-06-18,91.51,82.32,354,344,,,EA,IMP
COSMOS 1408 DEB,1982-092AYH,51159,DEB,D,CIS,1982-09-16,PLMSC,2022-05-20,90.10,82.34,287,271,,,EA,IMP
COSMOS 1408 DEB,1982-092AYJ,51160,DEB,D,CIS,1982-09-16,PLMSC,2022-10-08,88.97,82.41,227,220,,,EA,IMP
COSMOS 1408 DEB,1982-092AYK,51161,DEB,D,CIS,1982-09-16,PLMSC,2022-06-28,89.92,82.35,288,253,,,EA,IMP
COSMOS 1408 DEB,1982-092AYL,51162,DEB,D,CIS,1982-09-16,PLMSC,2022-04-22,90.52,82.51,316,284,,,EA,IMP
COSMOS 1408 DEB,1982-092AYM,51163,DEB,D,CIS,1982-09-16,PLMSC,2022-02-23,91.23,82.77,365,305,,,EA,IMP
COSMOS 1408 DEB,1982-092AYN,51164,DEB,D,CIS,1982-09-16,PLMSC,2022-04-22,92.24,82.57,407,362,,,EA,IMP
COSMOS 1408 DEB,1982-092AYP,51165,DEB,D,CIS,1982-09-16,PLMSC,2022-05-23,92.13,82.54,402,356,,,EA,IMP
COSMOS 1408 DEB,1982-092AYQ,51166,DEB,D,CIS,1982-09-16,PLMSC,2022-02-12,91.58,82.48,363,341,,,EA,IMP
COSMOS 1408 DEB,1982-092AYR,51167,DEB,D,CIS,1982-09-16,PLMSC,2023-04-15,90.28,82.40,302,274,,,EA,IMP
COSMOS 1408 DEB,1982-092AYS,51168,DEB,D,CIS,1982-09-16,PLMSC,2022-04-08,90.62,82.59,320,289,,,EA,IMP
COSMOS 1408 DEB,1982-092AYT,51169,DEB,D,CIS,1982-09-16,PLMSC,2022-01-24,88.76,82.69,219,207,,,EA,IMP
COSMOS 1408 DEB,1982-092AYU,51170,DEB,D,CIS,1982-09-16,PLMSC,2022-11-01,89.05,82.45,237,218,,,EA,IMP
COSMOS 1408 DEB,1982-092AYV,51171,DEB,D,CIS,1982-09-16,PLMSC,2022-02-27,88.93,82.58,231,212,,,EA,IMP
COSMOS 1408 DEB,1982-092AYW,51172,DEB,D,CIS,1982-09-16,PLMSC,2023-06-03,88.16,82.64,191,176,,,EA,IMP
COSMOS 1408 DEB,1982-092AYX,51173,DEB,D,CIS,1982-09-16,PLMSC,2022-03-04,91.22,82.74,350,319,,,EA,IMP
COSMOS 1408 DEB,1982-092AYY,51174,DEB,D,CIS,1982-09-16,PLMSC,2022-05-18,88.22,82.53,200,173,,,EA,IMP
COSMOS 1408 DEB,1982-092AYZ,51175,DEB,D,CIS,1982-09-16,PLMSC,2022-06-19,90.92,82.53,335,304,,,EA,IMP
COSMOS 1408 DEB,1982-092AZA,51176,DEB,D,CIS,1982-09-16,PLMSC,2022-03-28,89.64,82.66,263,250,,,EA,IMP
COSMOS 1408 DEB,1982-092AZB,51177,DEB,D,CIS,1982-09-16,PLMSC,2022-03-30,91.09,82.70,332,324,,,EA,IMP
COSMOS 1408 DEB,1982-092AZC,51178,DEB,D,CIS,1982-09-16,PLMSC,2022-01-29,89.33,82.67,243,240,,,EA,IMP
COSMOS 1408 DEB,1982-092AZD,51179,DEB,D,CIS,1982-09-16,PLMSC,2022-05-22,90.10,82.53,289,269,,,EA,IMP
COSMOS 1408 DEB,1982-092AZE,51180,DEB,D,CIS,1982-09-16,PLMSC,2022-07-20,89.70,82.54,272,246,,,EA,IMP
COSMOS 1408 DEB,1982-092AZF,51181,DEB,D,CIS,1982-09-16,PLMSC,2022-02-11,89.04,82.58,233,221,,,EA,IMP
COSMOS 1408 DEB,1982-092AZG,51182,DEB,D,CIS,1982-09-16,PLMSC,2022-03-13,90.36,82.60,302,282,,,EA,IMP
COSMOS 1408 DEB,1982-092AZH,51183,DEB,D,CIS,1982-09-16,PLMSC,2022-02-24,89.73,82.53,274,248,,,EA,IMP
COSMOS 1408 DEB,1982-092AZJ,51184,DEB,D,CIS,1982-09-16,PLMSC,2025-05-15,88.10,82.46,187,174,,,EA,IMP
COSMOS 1408 DEB,1982-092AZK,51185,DEB,D,CIS,1982-09-16,PLMSC,2022-04-04,88.25,82.63,193,182,,,EA,IMP
COSMOS 1408 DEB,1982-092AZL,51186,DEB,D,CIS,1982-09-16,PLMSC,2022-03-14,90.03,82.53,285,267,,,EA,IMP
COSMOS 1408 DEB,1982-092AZM,51187,DEB,D,CIS,1982-09-16,PLMSC,2022-05-15,89.06,82.53,239,217,,,EA,IMP
COSMOS 1408 DEB,1982-092AZN,51188,DEB,D,CIS,1982-09-16,PLMSC,2022-04-05,90.27,82.61,302,274,,,EA,IMP
COSMOS 1408 DEB,1982-092AZP,51189,DEB,D,CIS,1982-09-16,PLMSC,2022-04-11,91.75,82.59,383,337,,,EA,IMP
COSMOS 1408 DEB,1982-092AZQ,51190,DEB,D,CIS,1982-09-16,PLMSC,2022-03-07,90.11,82.53,291,269,,,EA,IMP
COSMOS 1408 DEB,1982-092AZR,51191,DEB,D,CIS,1982-09-16,PLMSC,2022-08-17,88.40,82.52,206,184,,,EA,IMP
COSMOS 1408 DEB,1982-092AZS,51192,DEB,D,CIS,1982-09-16,PLMSC,2023-03-11,88.49,82.52,206,193,,,EA,IMP
COSMOS 1408 DEB,1982-092AZT,51193,DEB,D,CIS,1982-09-16,PLMSC,2022-04-02,90.21,82.61,288,281,,,EA,IMP
COSMOS 1408 DEB,1982-092AZU,51194,DEB,D,CIS,1982-09-16,PLMSC,2022-03-19,89.09,82.62,241,218,,,EA,IMP
COSMOS 1408 DEB,1982-092AZV,51195,DEB,D,CIS,1982-09-16,PLMSC,2022-03-19,89.01,82.50,234,217,,,EA,IMP
COSMOS 1408 DEB,1982-092AZW,51196,DEB,D,CIS,1982-09-16,PLMSC,2022-09-27,88.14,82.50,188,176,,,EA,IMP
COSMOS 1408 DEB,1982-092AZX,51197,DEB,D,CIS,1982-09-16,PLMSC,2022-06-12,89.22,82.53,253,219,,,EA,IMP
COSMOS 1408 DEB,1982-092AZY,51198,DEB,D,CIS,1982-09-16,PLMSC,2022-12-02,89.09,82.54,236,223,,,EA,IMP
COSMOS 1408 DEB,1982-092AZZ,51199,DEB,D,CIS,1982-09-16,PLMSC,2022-08-22,88.12,82.51,191,172,,,EA,IMP
COSMOS 1408 DEB,1982-092BAA,51200,DEB,D,CIS,1982-09-16,PLMSC,2022-04-30,89.46,82.54,260,236,,,EA,IMP
COSMOS 1408 DEB,1982-092BAB,51201,DEB,D,CIS,1982-09-16,PLMSC,2022-05-25,88.96,82.52,238,209,,,EA,IMP
COSMOS 1408 DEB,1982-092BAC,51202,DEB,D,CIS,1982-09-16,PLMSC,2022-03-13,90.25,82.55,292,281,,,EA,IMP
COSMOS 1408 DEB,1982-092BAD,51203,DEB,D,CIS,1982-09-16,PLMSC,2022-03-15,90.72,82.59,324,296,,,EA,IMP
COSMOS 1408 DEB,1982-092BAE,51204,DEB,D,CIS,1982-09-16,PLMSC,2022-06-28,91.94,82.38,389,351,,,EA,IMP
COSMOS 1408 DEB,1982-092BAF,51205,DEB,D,CIS,1982-09-16,PLMSC,2022-08-13,88.49,82.65,204,196,,,EA,IMP
COSMOS 1408 DEB,1982-092BAG,51206,DEB,D,CIS,1982-09-16,PLMSC,2022-01-31,90.94,82.56,334,308,,,EA,IMP
COSMOS 1408 DEB,1982-092BAH,51207,DEB,D,CIS,1982-09-16,PLMSC,2022-03-12,89.98,82.60,288,259,,,EA,IMP
COSMOS 1408 DEB,1982-092BAJ,51208,DEB,D,CIS,1982-09-16,PLMSC,2022-02-27,90.92,82.55,330,309,,,EA,IMP
COSMOS 1408 DEB,1982-092BAK,51209,DEB,D,CIS,1982-09-16,PLMSC,2022-04-30,89.60,82.50,261,248,,,EA,IMP
COSMOS 1408 DEB,1982-092BAL,51210,DEB,D,CIS,1982-09-16,PLMSC,2022-08-09,88.44,82.53,207,188,,,EA,IMP
COSMOS 1408 DEB,1982-092BAM,51211,DEB,D,CIS,1982-09-16,PLMSC,2022-04-13,93.05,82.58,436,412,,,EA,IMP
COSMOS 1408 DEB,1982-092BAN,51212,DEB,D,CIS,1982-09-16,PLMSC,2022-10-19,89.27,82.55,239,237,,,EA,IMP
COSMOS 1408 DEB,1982-092BAP,51213,DEB,D,CIS,1982-09-16,PLMSC,2022-05-31,92.87,83.08,472,358,,,EA,IMP
COSMOS 1408 DEB,1982-092BAQ,51214,DEB,D,CIS,1982-09-16,PLMSC,2022-03-30,89.56,82.53,260,246,,,EA,IMP
COSMOS 1408 DEB,1982-092BAR,51215,DEB,D,CIS,1982-09-16,PLMSC,2023-07-17,88.65,82.54,214,201,,,EA,IMP
COSMOS 1408 DEB,1982-092BAS,51216,DEB,D,CIS,1982-09-16,PLMSC,2022-01-25,90.34,82.52,300,282,,,EA,IMP
COSMOS 1408 DEB,1982-092BAT,51217,DEB,D,CIS,1982-09-16,PLMSC,2022-05-15,89.58,82.57,260,247,,,EA,IMP
COSMOS 1408 DEB,1982-092BAU,51218,DEB,D,CIS,1982-09-16,PLMSC,2022-04-23,90.08,82.54,291,266,,,EA,IMP
COSMOS 1408 DEB,1982-092BAV,51219,DEB,D,CIS,1982-09-16,PLMSC,2022-04-09,90.18,82.59,294,273,,,EA,IMP
COSMOS 1408 DEB,1982-092BAW,51220,DEB,D,CIS,1982-09-16,PLMSC,2022-07-17,92.29,82.55,407,366,,,EA,IMP
COSMOS 1408 DEB,1982-092BAX,51221,DEB,D,CIS,1982-09-16,PLMSC,2023-07-30,87.43,82.51,154,141,,,EA,IMP
COSMOS 1408 DEB,1982-092BAY,51222,DEB,D,CIS,1982-09-16,PLMSC,2022-04-30,88.18,82.51,195,173,,,EA,IMP
COSMOS 1408 DEB,1982-092BAZ,51223,DEB,D,CIS,1982-09-16,PLMSC,2022-06-27,88.70,82.55,224,195,,,EA,IMP
COSMOS 1408 DEB,1982-092BBA,51224,DEB,D,CIS,1982-09-16,PLMSC,2022-05-20,89.60,82.47,269,241,,,EA,IMP
COSMOS 1408 DEB,1982-092BBB,51225,DEB,D,CIS,1982-09-16,PLMSC,2024-10-24,88.45,82.43,206,190,,,EA,IMP
COSMOS 1408 DEB,1982-092BBC,51226,DEB,D,CIS,1982-09-16,PLMSC,2022-03-09,90.61,82.66,325,283,,,EA,IMP
COSMOS 1408 DEB,1982-092BBD,51227,DEB,D,CIS,1982-09-16,PLMSC,2022-05-16,89.05,82.50,239,216,,,EA,IMP
COSMOS 1408 DEB,1982-092BBE,51228,DEB,D,CIS,1982-09-16,PLMSC,2022-09-21,88.44,82.57,204,190,,,EA,IMP
COSMOS 1408 DEB,1982-092BBF,51229,DEB,D,CIS,1982-09-16,PLMSC,2023-12-31,88.65,82.52,215,200,,,EA,IMP
COSMOS 1408 DEB,1982-092BBG,51230,DEB,D,CIS,1982-09-16,PLMSC,2022-04-18,92.41,82.57,416,370,,,EA,IMP
COSMOS 1408 DEB,1982-092BBH,51231,DEB,D,CIS,1982-09-16,PLMSC,2023-11-17,88.32,82.53,198,185,,,EA,IMP
COSMOS 1408 DEB,1982-092BBJ,51232,DEB,D,CIS,1982-09-16,PLMSC,2022-02-03,90.74,82.54,318,304,,,EA,IMP
COSMOS 1408 DEB,1982-092BBK,51233,DEB,D,CIS,1982-09-16,PLMSC,2022-04-10,90.01,82.57,284,266,,,EA,IMP
COSMOS 1408 DEB,1982-092BBL,51234,DEB,D,CIS,1982-09-16,PLMSC,2022-05-07,90.08,82.50,288,269,,,EA,IMP
COSMOS 1408 DEB,1982-092BBM,51235,DEB,D,CIS,1982-09-16,PLMSC,2022-02-10,89.10,82.60,240,220,,,EA,IMP
COSMOS 1408 DEB,1982-092BBN,51236,DEB,D,CIS,1982-09-16,PLMSC,2022-05-14,88.27,82.56,198,180,,,EA,IMP
COSMOS 1408 DEB,1982-092BBP,51237,DEB,D,CIS,1982-09-16,PLMSC,2022-04-18,89.29,82.46,249,230,,,EA,IMP
COSMOS 1408 DEB,1982-092BBQ,51238,DEB,D,CIS,1982-09-16,PLMSC,2022-02-27,88.76,82.58,224,202,,,EA,IMP
COSMOS 1408 DEB,1982-092BBR,51239,DEB,D,CIS,1982-09-16,PLMSC,2022-02-23,90.30,82.68,297,281,,,EA,IMP
COSMOS 1408 DEB,1982-092BBS,51240,DEB,D,CIS,1982-09-16,PLMSC,2022-03-21,88.79,82.82,225,204,,,EA,IMP
COSMOS 1408 DEB,1982-092BBT,51241,DEB,D,CIS,1982-09-16,PLMSC,2022-04-11,90.66,82.60,325,289,,,EA,IMP
COSMOS 1408 DEB,1982-092BBU,51242,DEB,D,CIS,1982-09-16,PLMSC,2022-03-11,92.27,82.54,414,357,,,EA,IMP
COSMOS 1408 DEB,1982-092BBV,51243,DEB,D,CIS,1982-09-16,PLMSC,2022-02-10,89.85,82.54,281,253,,,EA,IMP
COSMOS 1408 DEB,1982-092BBW,51244,DEB,D,CIS,1982-09-16,PLMSC,2022-05-23,89.05,82.54,240,215,,,EA,IMP
COSMOS 1408 DEB,1982-092BBX,51245,DEB,D,CIS,1982-09-16,PLMSC,2022-02-10,89.89,82.56,280,258,,,EA,IMP
COSMOS 1408 DEB,1982-092BBY,51246,DEB,D,CIS,1982-09-16,PLMSC,2022-05-24,89.58,82.48,265,242,,,EA,IMP
COSMOS 1408 DEB,1982-092BBZ,51247,DEB,D,CIS,1982-09-16,PLMSC,2022-02-27,88.96,82.54,235,211,,,EA,IMP
COSMOS 1408 DEB,1982-092BCA,51248,DEB,D,CIS,1982-09-16,PLMSC,2022-03-09,89.86,82.56,279,256,,,EA,IMP
COSMOS 1408 DEB,1982-092BCB,51249,DEB,D,CIS,1982-09-16,PLMSC,2022-04-24,90.68,82.58,311,304,,,EA,IMP
COSMOS 1408 DEB,1982-092BCC,51250,DEB,D,CIS,1982-09-16,PLMSC,2022-04-05,91.59,82.52,360,345,,,EA,IMP
COSMOS 1408 DEB,1982-092BCD,51251,DEB,D,CIS,1982-09-16,PLMSC,2022-06-22,88.37,82.46,205,183,,,EA,IMP
COSMOS 1408 DEB,1982-092BCE,51252,DEB,D,CIS,1982-09-16,PLMSC,2022-08-23,89.19,82.51,246,223,,,EA,IMP
COSMOS 1408 DEB,1982-092BCF,51253,DEB,D,CIS,1982-09-16,PLMSC,2022-03-27,89.91,82.58,282,258,,,EA,IMP
COSMOS 1408 DEB,1982-092BCG,51254,DEB,D,CIS,1982-09-16,PLMSC,2022-06-23,88.29,82.64,203,177,,,EA,IMP
COSMOS 1408 DEB,1982-092BCH,51255,DEB,D,CIS,1982-09-16,PLMSC,2022-08-04,88.81,82.57,227,204,,,EA,IMP
COSMOS 1408 DEB,1982-092BCJ,51256,DEB,D,CIS,1982-09-16,PLMSC,2022-04-18,92.54,82.61,438,360,,,EA,IMP
COSMOS 1408 DEB,1982-092BCK,51257,DEB,D,CIS,1982-09-16,PLMSC,2022-04-15,93.53,82.50,496,399,,,EA,IMP
COSMOS 1408 DEB,1982-092BCL,51258,DEB,D,CIS,1982-09-16,PLMSC,2022-03-09,88.84,82.52,226,208,,,EA,IMP
COSMOS 1408 DEB,1982-092BCM,51259,DEB,D,CIS,1982-09-16,PLMSC,2022-03-21,90.06,82.52,285,270,,,EA,IMP
COSMOS 1408 DEB,1982-092BCN,51260,DEB,D,CIS,1982-09-16,PLMSC,2022-03-09,90.54,82.60,307,295,,,EA,IMP
COSMOS 1408 DEB,1982-092BCP,51261,DEB,D,CIS,1982-09-16,PLMSC,2022-04-10,91.47,82.60,365,328,,,EA,IMP
COSMOS 1408 DEB,1982-092BCQ,51262,DEB,D,CIS,1982-09-16,PLMSC,2022-05-07,92.74,82.47,438,379,,,EA,IMP
COSMOS 1408 DEB,1982-092BCR,51263,DEB,D,CIS,1982-09-16,PLMSC,2022-04-09,89.98,82.57,284,263,,,EA,IMP
COSMOS 1408 DEB,1982-092BCS,51264,DEB,D,CIS,1982-09-16,PLMSC,2022-05-09,91.28,82.55,342,333,,,EA,IMP
COSMOS 1408 DEB,1982-092BCT,51265,DEB,D,CIS,1982-09-16,PLMSC,2022-06-03,89.78,82.57,276,251,,,EA,IMP
COSMOS 1408 DEB,1982-092BCU,51266,DEB,D,CIS,1982-09-16,PLMSC,2022-02-20,89.67,82.57,269,248,,,EA,IMP
COSMOS 1408 DEB,1982-092BCV,51267,DEB,D,CIS,1982-09-16,PLMSC,2023-02-28,91.54,82.50,370,330,,,EA,IMP
COSMOS 1408 DEB,1982-092BCW,51268,DEB,D,CIS,1982-09-16,PLMSC,2022-07-16,91.32,82.60,362,316,,,EA,IMP
COSMOS 1408 DEB,1982-092BCX,51269,DEB,D,CIS,1982-09-16,PLMSC,2022-04-14,89.54,82.50,258,245,,,EA,IMP
COSMOS 1408 DEB,1982-092BCY,51270,DEB,D,CIS,1982-09-16,PLMSC,2022-02-09,89.51,82.52,263,238,,,EA,IMP
COSMOS 1408 DEB,1982-092BCZ,51271,DEB,D,CIS,1982-09-16,PLMSC,2023-05-17,89.00,82.66,233,217,,,EA,IMP
COSMOS 1408 DEB,1982-092BDA,51272,DEB,D,CIS,1982-09-16,PLMSC,2022-11-21,88.39,82.55,203,187,,,EA,IMP
COSMOS 1408 DEB,1982-092BDB,51273,DEB,D,CIS,1982-09-16,PLMSC,2022-02-14,90.81,82.60,320,309,,,EA,IMP
COSMOS 1408 DEB,1982-092BDC,51274,DEB,D,CIS,1982-09-16,PLMSC,2022-02-05,89.73,82.62,272,251,,,EA,IMP
COSMOS 1408 DEB,1982-092BDD,51275,DEB,D,CIS,1982-09-16,PLMSC,2022-03-23,88.58,82.42,216,193,,,EA,IMP
COSMOS 1408 DEB,1982-092BDE,51276,DEB,D,CIS,1982-09-16,PLMSC,2022-06-03,89.67,82.56,270,246,,,EA,IMP
COSMOS 1408 DEB,1982-092BDF,51289,DEB,D,CIS,1982-09-16,PLMSC,2022-11-29,88.11,82.57,187,175,,,EA,IMP
COSMOS 1408 DEB,1982-092BDG,51290,DEB,D,CIS,1982-09-16,PLMSC,2022-10-02,91.14,82.54,344,317,,,EA,IMP
COSMOS 1408 DEB,1982-092BDH,51291,DEB,D,CIS,1982-09-16,PLMSC,2022-08-31,89.77,83.65,278,248,,,EA,IMP
COSMOS 1408 DEB,1982-092BDJ,51292,DEB,D,CIS,1982-09-16,PLMSC,2022-02-03,90.72,82.48,321,299,,,EA,IMP
COSMOS 1408 DEB,1982-092BDK,51293,DEB,D,CIS,1982-09-16,PLMSC,2022-04-02,90.80,82.44,322,306,,,EA,IMP
COSMOS 1408 DEB,1982-092BDL,51294,DEB,D,CIS,1982-09-16,PLMSC,2022-03-26,93.54,82.61,517,379,,,EA,IMP
COSMOS 1408 DEB,1982-092BDM,51295,DEB,D,CIS,1982-09-16,PLMSC,2022-10-12,90.38,82.60,298,288,,,EA,IMP
COSMOS 1408 DEB,1982-092BDN,51296,DEB,D,CIS,1982-09-16,PLMSC,2022-05-02,88.80,82.55,224,206,,,EA,IMP
COSMOS 1408 DEB,1982-092BDP,51297,DEB,D,CIS,1982-09-16,PLMSC,2022-10-07,92.29,82.20,433,340,,,EA,IMP
COSMOS 1408 DEB,1982-092BDQ,51298,DEB,D,CIS,1982-09-16,PLMSC,2022-04-11,90.09,82.58,291,266,,,EA,IMP
COSMOS 1408 DEB,1982-092BDR,51299,DEB,D,CIS,1982-09-16,PLMSC,2022-05-01,92.93,82.52,437,399,,,EA,IMP
COSMOS 1408 DEB,1982-092BDS,51300,DEB,D,CIS,1982-09-16,PLMSC,2022-10-12,90.73,82.47,315,305,,,EA,IMP
COSMOS 1408 DEB,1982-092BDT,51301,DEB,D,CIS,1982-09-16,PLMSC,2022-04-25,90.83,82.52,330,301,,,EA,IMP
COSMOS 1408 DEB,1982-092BDU,51302,DEB,D,CIS,1982-09-16,PLMSC,2022-12-14,88.73,82.15,223,200,,,EA,IMP
COSMOS 1408 DEB,1982-092BDV,51303,DEB,D,CIS,1982-09-16,PLMSC,2022-03-06,89.56,82.56,266,240,,,EA,IMP
COSMOS 1408 DEB,1982-092BDW,51304,DEB,D,CIS,1982-09-16,PLMSC,2022-09-30,89.98,82.46,278,269,,,EA,IMP
COSMOS 1408 DEB,1982-092BDX,51305,DEB,D,CIS,1982-09-16,PLMSC,2024-03-31,88.38,82.47,195,194,,,EA,IMP
COSMOS 1408 DEB,1982-092BDY,51306,DEB,D,CIS,1982-09-16,PLMSC,2022-03-17,90.00,82.51,283,265,,,EA,IMP
COSMOS 1408 DEB,1982-092BDZ,51307,DEB,D,CIS,1982-09-16,PLMSC,2022-05-22,91.30,83.11,353,324,,,EA,IMP
COSMOS 1408 DEB,1982-092BEA,51308,DEB,D,CIS,1982-09-16,PLMSC,2022-05-28,90.84,82.36,323,309,,,EA,IMP
COSMOS 1408 DEB,1982-092BEB,51309,DEB,D,CIS,1982-09-16,PLMSC,2023-04-18,87.52,82.53,158,145,,,EA,IMP
COSMOS 1408 DEB,1982-092BEC,51310,DEB,D,CIS,1982-09-16,PLMSC,2022-04-24,89.96,82.52,286,259,,,EA,IMP
COSMOS 1408 DEB,1982-092BED,51311,DEB,D,CIS,1982-09-16,PLMSC,2022-04-07,88.50,82.46,204,197,,,EA,IMP
COSMOS 1408 DEB,1982-092BEE,51312,DEB,D,CIS,1982-09-16,PLMSC,2022-02-07,90.41,82.55,303,286,,,EA,IMP
COSMOS 1408 DEB,1982-092BEF,51313,DEB,D,CIS,1982-09-16,PLMSC,2022-09-02,89.02,82.53,236,216,,,EA,IMP
COSMOS 1408 DEB,1982-092BEG,51314,DEB,D,CIS,1982-09-16,PLMSC,2022-04-04,92.20,82.54,414,351,,,EA,IMP
COSMOS 1408 DEB,1982-092BEH,51315,DEB,D,CIS,1982-09-16,PLMSC,2023-01-25,88.33,82.46,196,188,,,EA,IMP
COSMOS 1408 DEB,1982-092BEJ,51316,DEB,D,CIS,1982-09-16,PLMSC,2023-03-14,89.29,82.47,255,224,,,EA,IMP
COSMOS 1408 DEB,1982-092BEK,51317,DEB,D,CIS,1982-09-16,PLMSC,2022-05-22,92.69,82.12,465,348,,,EA,IMP
COSMOS 1408 DEB,1982-092BEL,51318,DEB,D,CIS,1982-09-16,PLMSC,2022-01-30,91.32,82.04,414,264,,,EA,IMP
COSMOS 1408 DEB,1982-092BEM,51319,DEB,D,CIS,1982-09-16,PLMSC,2022-04-15,91.84,82.57,385,346,,,EA,IMP
COSMOS 1408 DEB,1982-092BEN,51320,DEB,D,CIS,1982-09-16,PLMSC,2022-04-02,92.20,82.70,398,367,,,EA,IMP
COSMOS 1408 DEB,1982-092BEP,51321,DEB,D,CIS,1982-09-16,PLMSC,2022-07-05,92.75,82.57,462,356,,,EA,IMP
COSMOS 1408 DEB,1982-092BEQ,51322,DEB,D,CIS,1982-09-16,PLMSC,2024-06-08,88.39,82.71,205,185,,,EA,IMP
COSMOS 1408 DEB,1982-092BER,51323,DEB,D,CIS,1982-09-16,PLMSC,2022-01-30,91.29,82.54,347,329,,,EA,IMP
COSMOS 1408 DEB,1982-092BES,51324,DEB,D,CIS,1982-09-16,PLMSC,2022-06-14,88.00,82.53,186,165,,,EA,IMP
COSMOS 1408 DEB,1982-092BET,51325,DEB,D,CIS,1982-09-16,PLMSC,2023-03-25,88.97,82.51,235,212,,,EA,IMP
COSMOS 1408 DEB,1982-092BEU,51326,DEB,D,CIS,1982-09-16,PLMSC,2022-06-25,91.24,82.54,341,330,,,EA,IMP
COSMOS 1408 DEB,1982-092BEV,51327,DEB,D,CIS,1982-09-16,PLMSC,2022-10-24,88.80,82.55,218,212,,,EA,IMP
COSMOS 1408 DEB,1982-092BEW,51328,DEB,D,CIS,1982-09-16,PLMSC,2022-02-10,88.86,82.55,225,212,,,EA,IMP
COSMOS 1408 DEB,1982-092BEX,51329,DEB,D,CIS,1982-09-16,PLMSC,2022-03-23,89.17,82.59,247,220,,,EA,IMP
COSMOS 1408 DEB,1982-092BEY,51330,DEB,D,CIS,1982-09-16,PLMSC,2022-10-18,89.93,82.56,281,261,,,EA,IMP
COSMOS 1408 DEB,1982-092BEZ,51331,DEB,D,CIS,1982-09-16,PLMSC,2022-02-21,89.06,82.59,242,214,,,EA,IMP
COSMOS 1408 DEB,1982-092BFA,51332,DEB,D,CIS,1982-09-16,PLMSC,2022-02-03,90.13,82.47,293,269,,,EA,IMP
COSMOS 1408 DEB,1982-092BFB,51333,DEB,D,CIS,1982-09-16,PLMSC,2022-04-08,91.86,82.60,383,348,,,EA,IMP
COSMOS 1408 DEB,1982-092BFC,51334,DEB,D,CIS,1982-09-16,PLMSC,2022-05-14,90.14,82.35,289,273,,,EA,IMP
COSMOS 1408 DEB,1982-092BFD,51335,DEB,D,CIS,1982-09-16,PLMSC,2022-03-18,91.12,82.56,344,314,,,EA,IMP
COSMOS 1408 DEB,1982-092BFE,51336,DEB,D,CIS,1982-09-16,PLMSC,2022-04-04,90.61,82.58,318,291,,,EA,IMP
COSMOS 1408 DEB,1982-092BFF,51337,DEB,D,CIS,1982-09-16,PLMSC,2022-10-08,88.99,82.57,229,220,,,EA,IMP
COSMOS 1408 DEB,1982-092BFG,51338,DEB,D,CIS,1982-09-16,PLMSC,2023-06-25,87.72,82.58,171,152,,,EA,IMP
COSMOS 1408 DEB,1982-092BFH,51339,DEB,D,CIS,1982-09-16,PLMSC,2022-10-02,90.35,82.58,299,284,,,EA,IMP
COSMOS 1408 DEB,1982-092BFJ,51340,DEB,D,CIS,1982-09-16,PLMSC,2022-02-26,89.89,82.56,281,257,,,EA,IMP
COSMOS 1408 DEB,1982-092BFK,51341,DEB,D,CIS,1982-09-16,PLMSC,2023-02-28,89.58,82.58,267,241,,,EA,IMP
COSMOS 1408 DEB,1982-092BFL,51342,DEB,D,CIS,1982-09-16,PLMSC,2022-04-08,90.26,82.60,305,269,,,EA,IMP
COSMOS 1408 DEB,1982-092BFM,51343,DEB,D,CIS,1982-09-16,PLMSC,2022-01-29,90.89,82.54,329,308,,,EA,IMP
COSMOS 1408 DEB,1982-092BFN,51344,DEB,D,CIS,1982-09-16,PLMSC,2022-04-09,91.37,82.69,353,330,,,EA,IMP
COSMOS 1408 DEB,1982-092BFP,51345,DEB,D,CIS,1982-09-16,PLMSC,2022-05-23,89.36,82.43,254,232,,,EA,IMP
COSMOS 1408 DEB,1982-092BFQ,51346,DEB,D,CIS,1982-09-16,PLMSC,2022-02-21,90.75,82.54,328,294,,,EA,IMP
COSMOS 1408 DEB,1982-092BFR,51347,DEB,D,CIS,1982-09-16,PLMSC,2022-10-03,88.05,82.57,185,170,,,EA,IMP
COSMOS 1408 DEB,1982-092BFS,51348,DEB,D,CIS,1982-09-16,PLMSC,2022-04-23,89.96,82.45,282,263,,,EA,IMP
COSMOS 1408 DEB,1982-092BFT,51349,DEB,D,CIS,1982-09-16,PLMSC,2023-02-15,91.46,82.61,363,330,,,EA,IMP
COSMOS 1408 DEB,1982-092BFU,51350,DEB,D,CIS,1982-09-16,PLMSC,2022-04-04,89.19,82.57,248,222,,,EA,IMP
COSMOS 1408 DEB,1982-092BFV,51351,DEB,D,CIS,1982-09-16,PLMSC,2022-02-21,91.37,82.61,363,321,,,EA,IMP
COSMOS 1408 DEB,1982-092BFW,51352,DEB,D,CIS,1982-09-16,PLMSC,2022-03-12,91.10,82.63,354,303,,,EA,IMP
COSMOS 1408 DEB,1982-092BFX,51353,DEB,D,CIS,1982-09-16,PLMSC,2022-06-05,88.07,82.53,190,168,,,EA,IMP
COSMOS 1408 DEB,1982-092BFY,51354,DEB,D,CIS,1982-09-16,PLMSC,2022-03-14,90.61,82.52,320,288,,,EA,IMP
COSMOS 1408 DEB,1982-092BFZ,51355,DEB,D,CIS,1982-09-16,PLMSC,2023-04-27,95.52,82.56,644,443,,,EA,IMP
COSMOS 1408 DEB,1982-092BGA,51356,DEB,D,CIS,1982-09-16,PLMSC,2022-04-09,90.11,82.59,295,265,,,EA,IMP
COSMOS 1408 DEB,1982-092BGB,51357,DEB,D,CIS,1982-09-16,PLMSC,2022-04-08,90.77,82.58,328,296,,,EA,IMP
COSMOS 1408 DEB,1982-092BGC,51358,DEB,D,CIS,1982-09-16,PLMSC,2022-04-07,89.59,82.61,263,245,,,EA,IMP
COSMOS 1408 DEB,1982-092BGD,51359,DEB,D,CIS,1982-09-16,PLMSC,2022-02-27,89.43,82.57,258,234,,,EA,IMP
COSMOS 1408 DEB,1982-092BGE,51360,DEB,D,CIS,1982-09-16,PLMSC,2022-04-23,89.74,82.54,272,251,,,EA,IMP
COSMOS 1408 DEB,1982-092BGF,51361,DEB,D,CIS,1982-09-16,PLMSC,2023-02-11,89.54,82.63,260,244,,,EA,IMP
COSMOS 1408 DEB,1982-092BGG,51362,DEB,D,CIS,1982-09-16,PLMSC,2022-03-09,90.74,82.58,323,299,,,EA,IMP
COSMOS 1408 DEB,1982-092BGH,51363,DEB,D,CIS,1982-09-16,PLMSC,2022-06-22,90.10,82.55,291,267,,,EA,IMP
COSMOS 1408 DEB,1982-092BGJ,51364,DEB,D,CIS,1982-09-16,PLMSC,2022-05-10,92.10,82.52,397,359,,,EA,IMP
COSMOS 1408 DEB,1982-092BGK,51365,DEB,D,CIS,1982-09-16,PLMSC,2022-11-18,89.36,82.51,257,229,,,EA,IMP
COSMOS 1408 DEB,1982-092BGL,51366,DEB,D,CIS,1982-09-16,PLMSC,2023-01-11,92.28,82.48,404,369,,,EA,IMP
COSMOS 1408 DEB,1982-092BGM,51367,DEB,D,CIS,1982-09-16,PLMSC,2023-02-13,88.99,82.57,232,218,,,EA,IMP
COSMOS 1408 DEB,1982-092BGN,51368,DEB,D,CIS,1982-09-16,PLMSC,2022-04-13,93.22,82.59,489,375,,,EA,IMP
COSMOS 1408 DEB,1982-092BGP,51369,DEB,D,CIS,1982-09-16,PLMSC,2022-05-01,92.08,82.69,387,366,,,EA,IMP
COSMOS 1408 DEB,1982-092BGQ,51370,DEB,D,CIS,1982-09-16,PLMSC,2022-07-07,88.03,82.56,187,167,,,EA,IMP
COSMOS 1408 DEB,1982-092BGR,51371,DEB,D,CIS,1982-09-16,PLMSC,2022-04-30,89.12,82.53,239,222,,,EA,IMP
COSMOS 1408 DEB,1982-092BGS,51372,DEB,D,CIS,1982-09-16,PLMSC,2022-08-16,91.15,82.51,352,310,,,EA,IMP
COSMOS 1408 DEB,1982-092BGT,51373,DEB,D,CIS,1982-09-16,PLMSC,2022-03-13,89.40,82.59,257,233,,,EA,IMP
COSMOS 1408 DEB,1982-092BGU,51374,DEB,D,CIS,1982-09-16,PLMSC,2022-03-23,92.73,82.75,435,382,,,EA,IMP
COSMOS 1408 DEB,1982-092BGV,51375,DEB,D,CIS,1982-09-16,PLMSC,2023-02-24,91.16,82.54,345,317,,,EA,IMP
COSMOS 1408 DEB,1982-092BGW,51376,DEB,D,CIS,1982-09-16,PLMSC,2023-03-07,90.10,82.68,285,273,,,EA,IMP
COSMOS 1408 DEB,1982-092BGX,51377,DEB,D,CIS,1982-09-16,PLMSC,2022-04-28,88.97,82.66,233,214,,,EA,IMP
COSMOS 1408 DEB,1982-092BGY,51378,DEB,D,CIS,1982-09-16,PLMSC,2022-04-22,89.32,82.54,247,234,,,EA,IMP
COSMOS 1408 DEB,1982-092BGZ,51379,DEB,D,CIS,1982-09-16,PLMSC,2022-03-12,90.62,82.50,316,294,,,EA,IMP
COSMOS 1408 DEB,1982-092BHA,51380,DEB,D,CIS,1982-09-16,PLMSC,2022-07-25,88.42,82.49,206,186,,,EA,IMP
COSMOS 1408 DEB,1982-092BHB,51381,DEB,D,CIS,1982-09-16,PLMSC,2022-08-31,89.06,82.55,238,217,,,EA,IMP
COSMOS 1408 DEB,1982-092BHC,51382,DEB,D,CIS,1982-09-16,PLMSC,2022-02-03,90.27,82.65,293,282,,,EA,IMP
COSMOS 1408 DEB,1982-092BHD,51383,DEB,D,CIS,1982-09-16,PLMSC,2022-04-08,90.14,82.59,295,268,,,EA,IMP
COSMOS 1408 DEB,1982-092BHE,51384,DEB,D,CIS,1982-09-16,PLMSC,2022-05-13,91.42,82.57,348,340,,,EA,IMP
COSMOS 1408 DEB,1982-092BHF,51385,DEB,D,CIS,1982-09-16,PLMSC,2022-03-09,91.74,82.54,389,331,,,EA,IMP
COSMOS 1408 DEB,1982-092BHG,51386,DEB,D,CIS,1982-09-16,PLMSC,2022-02-23,89.86,82.56,281,254,,,EA,IMP
COSMOS 1408 DEB,1982-092BHH,51387,DEB,D,CIS,1982-09-16,PLMSC,2022-08-07,89.02,82.53,238,214,,,EA,IMP
COSMOS 1408 DEB,1982-092BHJ,51388,DEB,D,CIS,1982-09-16,PLMSC,2022-08-17,88.21,82.46,198,175,,,EA,IMP
COSMOS 1408 DEB,1982-092BHK,51389,DEB,D,CIS,1982-09-16,PLMSC,2023-04-18,90.46,82.49,301,293,,,EA,IMP
COSMOS 1408 DEB,1982-092BHL,51390,DEB,D,CIS,1982-09-16,PLMSC,2022-04-02,89.98,82.57,284,263,,,EA,IMP
COSMOS 1408 DEB,1982-092BHM,51391,DEB,D,CIS,1982-09-16,PLMSC,2022-07-14,89.31,82.66,245,236,,,EA,IMP
COSMOS 1408 DEB,1982-092BHN,51392,DEB,D,CIS,1982-09-16,PLMSC,2022-05-12,92.06,82.50,399,353,,,EA,IMP
COSMOS 1408 DEB,1982-092BHP,51393,DEB,D,CIS,1982-09-16,PLMSC,2023-02-02,88.81,82.77,222,209,,,EA,IMP
COSMOS 1408 DEB,1982-092BHQ,51394,DEB,D,CIS,1982-09-16,PLMSC,2022-10-19,88.31,82.50,198,183,,,EA,IMP
COSMOS 1408 DEB,1982-092BHR,51395,DEB,D,CIS,1982-09-16,PLMSC,2022-04-12,89.14,82.72,236,228,,,EA,IMP
COSMOS 1408 DEB,1982-092BHS,51396,DEB,D,CIS,1982-09-16,PLMSC,2022-05-02,90.32,82.62,296,284,,,EA,IMP
COSMOS 1408 DEB,1982-092BHT,51397,DEB,D,CIS,1982-09-16,PLMSC,2022-04-03,90.15,82.59,288,275,,,EA,IMP
COSMOS 1408 DEB,1982-092BHU,51398,DEB,D,CIS,1982-09-16,PLMSC,2022-03-24,89.21,82.47,249,221,,,EA,IMP
COSMOS 1408 DEB,1982-092BHV,51399,DEB,D,CIS,1982-09-16,PLMSC,2022-05-03,88.23,82.56,196,178,,,EA,IMP
COSMOS 1408 DEB,1982-092BHW,51400,DEB,D,CIS,1982-09-16,PLMSC,2023-04-06,89.19,82.50,236,233,,,EA,IMP
COSMOS 1408 DEB,1982-092BHX,51401,DEB,D,CIS,1982-09-16,PLMSC,2022-06-23,91.16,82.68,359,304,,,EA,IMP
COSMOS 1408 DEB,1982-092BHY,51402,DEB,D,CIS,1982-09-16,PLMSC,2022-02-07,89.48,82.48,266,232,,,EA,IMP
COSMOS 1408 DEB,1982-092BHZ,51403,DEB,D,CIS,1982-09-16,PLMSC,2022-07-20,89.44,82.53,260,234,,,EA,IMP
COSMOS 1408 DEB,1982-092BJA,51404,DEB,D,CIS,1982-09-16,PLMSC,2023-03-05,88.53,82.51,205,198,,,EA,IMP
COSMOS 1408 DEB,1982-092BJB,51405,DEB,D,CIS,1982-09-16,PLMSC,2022-11-09,91.13,82.32,344,316,,,EA,IMP
COSMOS 1408 DEB,1982-092BJC,51406,DEB,D,CIS,1982-09-16,PLMSC,2022-01-31,90.11,82.66,286,274,,,EA,IMP
COSMOS 1408 DEB,1982-092BJD,51407,DEB,D,CIS,1982-09-16,PLMSC,2023-01-25,88.69,82.49,218,202,,,EA,IMP
COSMOS 1408 DEB,1982-092BJE,51408,DEB,D,CIS,1982-09-16,PLMSC,2022-02-03,90.49,82.56,313,285,,,EA,IMP
COSMOS 1408 DEB,1982-092BJF,51409,DEB,D,CIS,1982-09-16,PLMSC,2022-03-27,90.69,82.59,316,300,,,EA,IMP
COSMOS 1408 DEB,1982-092BJG,51410,DEB,D,CIS,1982-09-16,PLMSC,2022-04-06,90.97,83.32,339,306,,,EA,IMP
COSMOS 1408 DEB,1982-092BJH,51411,DEB,D,CIS,1982-09-16,PLMSC,2022-03-23,89.04,82.54,239,215,,,EA,IMP
COSMOS 1408 DEB,1982-092BJJ,51412,DEB,D,CIS,1982-09-16,PLMSC,2022-06-19,90.74,82.34,328,293,,,EA,IMP
COSMOS 1408 DEB,1982-092BJK,51413,DEB,D,CIS,1982-09-16,PLMSC,2023-03-06,89.41,82.47,249,241,,,EA,IMP
COSMOS 1408 DEB,1982-092BJL,51414,DEB,D,CIS,1982-09-16,PLMSC,2022-04-22,90.88,82.48,341,295,,,EA,IMP
COSMOS 1408 DEB,1982-092BJM,51415,DEB,D,CIS,1982-09-16,PLMSC,2022-01-31,92.87,82.68,429,401,,,EA,IMP
COSMOS 1408 DEB,1982-092BJN,51416,DEB,D,CIS,1982-09-16,PLMSC,2022-07-19,88.84,82.58,227,207,,,EA,IMP
COSMOS 1408 DEB,1982-092BJP,51417,DEB,D,CIS,1982-09-16,PLMSC,2022-10-27,89.25,82.52,242,234,,,EA,IMP
COSMOS 1408 DEB,1982-092BJQ,51418,DEB,D,CIS,1982-09-16,PLMSC,2022-05-25,89.30,82.52,253,227,,,EA,IMP
COSMOS 1408 DEB,1982-092BJR,51419,DEB,D,CIS,1982-09-16,PLMSC,2022-05-07,88.58,82.66,215,193,,,EA,IMP
COSMOS 1408 DEB,1982-092BJS,51420,DEB,D,CIS,1982-09-16,PLMSC,2022-04-10,90.11,82.57,294,265,,,EA,IMP
COSMOS 1408 DEB,1982-092BJT,51421,DEB,D,CIS,1982-09-16,PLMSC,2022-03-05,90.61,82.55,307,302,,,EA,IMP
COSMOS 1408 DEB,1982-092BJU,51422,DEB,D,CIS,1982-09-16,PLMSC,2022-02-18,89.63,82.55,268,244,,,EA,IMP
COSMOS 1408 DEB,1982-092BJV,51423,DEB,D,CIS,1982-09-16,PLMSC,2022-02-02,91.80,82.53,386,339,,,EA,IMP
COSMOS 1408 DEB,1982-092BJW,51424,DEB,D,CIS,1982-09-16,PLMSC,2023-03-19,88.81,82.44,228,203,,,EA,IMP
COSMOS 1408 DEB,1982-092BJX,51425,DEB,D,CIS,1982-09-16,PLMSC,2022-11-05,91.03,82.53,329,321,,,EA,IMP
COSMOS 1408 DEB,1982-092BJY,51426,DEB,D,CIS,1982-09-16,PLMSC,2022-07-17,90.08,82.57,295,262,,,EA,IMP
COSMOS 1408 DEB,1982-092BJZ,51427,DEB,D,CIS,1982-09-16,PLMSC,2023-04-12,103.20,83.23,1390,430,,,EA,IMP
COSMOS 1408 DEB,1982-092BKA,51428,DEB,D,CIS,1982-09-16,PLMSC,2022-03-11,88.84,82.58,225,209,,,EA,IMP
COSMOS 1408 DEB,1982-092BKB,51429,DEB,D,CIS,1982-09-16,PLMSC,2022-04-28,91.02,82.52,334,315,,,EA,IMP
COSMOS 1408 DEB,1982-092BKC,51430,DEB,D,CIS,1982-09-16,PLMSC,2023-10-05,89.71,82.55,271,249,,,EA,IMP
COSMOS 1408 DEB,1982-092BKD,51431,DEB,D,CIS,1982-09-16,PLMSC,2022-05-16,89.09,82.50,243,216,,,EA,IMP
COSMOS 1408 DEB,1982-092BKE,51432,DEB,D,CIS,1982-09-16,PLMSC,2022-02-11,92.59,82.38,458,345,,,EA,IMP
COSMOS 1408 DEB,1982-092BKF,51433,DEB,D,CIS,1982-09-16,PLMSC,2022-02-13,88.54,82.78,207,197,,,EA,IMP
COSMOS 1408 DEB,1982-092BKG,51434,DEB,D,CIS,1982-09-16,PLMSC,2022-04-05,89.56,82.55,262,243,,,EA,IMP
COSMOS 1408 DEB,1982-092BKH,51435,DEB,D,CIS,1982-09-16,PLMSC,2025-03-03,89.36,82.53,256,230,,,EA,IMP
COSMOS 1408 DEB,1982-092BKJ,51436,DEB,D,CIS,1982-09-16,PLMSC,2023-01-04,88.92,82.49,224,218,,,EA,IMP
COSMOS 1408 DEB,1982-092BKK,51437,DEB,D,CIS,1982-09-16,PLMSC,2022-04-06,91.51,82.53,363,335,,,EA,IMP
COSMOS 1408 DEB,1982-092BKL,51438,DEB,D,CIS,1982-09-16,PLMSC,2022-04-14,89.82,82.59,277,254,,,EA,IMP
COSMOS 1408 DEB,1982-092BKM,51512,DEB,D,CIS,1982-09-16,PLMSC,2022-05-16,93.11,82.79,475,378,,,EA,IMP
COSMOS 1408 DEB,1982-092BKN,51513,DEB,D,CIS,1982-09-16,PLMSC,2022-02-14,90.17,82.51,301,265,,,EA,IMP
COSMOS 1408 DEB,1982-092BKP,51514,DEB,D,CIS,1982-09-16,PLMSC,2022-04-17,90.04,82.56,291,262,,,EA,IMP
COSMOS 1408 DEB,1982-092BKQ,51515,DEB,D,CIS,1982-09-16,PLMSC,2024-03-29,89.75,82.54,272,252,,,EA,IMP
COSMOS 1408 DEB,1982-092BKR,51516,DEB,D,CIS,1982-09-16,PLMSC,2022-10-05,89.12,82.52,236,226,,,EA,IMP
COSMOS 1408 DEB,1982-092BKS,51517,DEB,D,CIS,1982-09-16,PLMSC,2022-04-27,93.18,82.58,492,368,,,EA,IMP
COSMOS 1408 DEB,1982-092BKT,51518,DEB,D,CIS,1982-09-16,PLMSC,2022-03-09,90.74,82.58,323,298,,,EA,IMP
COSMOS 1408 DEB,1982-092BKU,51519,DEB,D,CIS,1982-09-16,PLMSC,2022-09-02,89.08,82.59,239,218,,,EA,IMP
COSMOS 1408 DEB,1982-092BKV,51520,DEB,D,CIS,1982-09-16,PLMSC,2022-08-04,92.31,82.58,422,353,,,EA,IMP
COSMOS 1408 DEB,1982-092BKW,51521,DEB,D,CIS,1982-09-16,PLMSC,2022-04-14,90.04,82.58,290,262,,,EA,IMP
COSMOS 1408 DEB,1982-092BKX,51522,DEB,D,CIS,1982-09-16,PLMSC,2023-03-11,89.50,82.64,262,238,,,EA,IMP
COSMOS 1408 DEB,1982-092BKY,51523,DEB,D,CIS,1982-09-16,PLMSC,2023-02-11,89.07,82.55,235,222,,,EA,IMP
COSMOS 1408 DEB,1982-092BKZ,51524,DEB,D,CIS,1982-09-16,PLMSC,2022-02-21,89.68,82.53,276,241,,,EA,IMP
COSMOS 1408 DEB,1982-092BLA,51525,DEB,D,CIS,1982-09-16,PLMSC,2022-04-03,88.91,82.55,231,209,,,EA,IMP
COSMOS 1408 DEB,1982-092BLB,51526,DEB,D,CIS,1982-09-16,PLMSC,2022-04-07,91.89,82.48,378,357,,,EA,IMP
COSMOS 1408 DEB,1982-092BLC,51527,DEB,D,CIS,1982-09-16,PLMSC,2022-02-09,91.60,82.51,369,337,,,EA,IMP
COSMOS 1408 DEB,1982-092BLD,51528,DEB,D,CIS,1982-09-16,PLMSC,2023-06-08,95.51,83.01,639,448,,,EA,IMP
COSMOS 1408 DEB,1982-092BLE,51529,DEB,D,CIS,1982-09-16,PLMSC,2022-03-09,89.25,82.57,248,227,,,EA,IMP
COSMOS 1408 DEB,1982-092BLF,51530,DEB,D,CIS,1982-09-16,PLMSC,2022-03-08,91.12,82.51,352,307,,,EA,IMP
COSMOS 1408 DEB,1982-092BLG,51531,DEB,D,CIS,1982-09-16,PLMSC,2022-04-03,89.87,82.56,270,266,,,EA,IMP
COSMOS 1408 DEB,1982-092BLH,51532,DEB,D,CIS,1982-09-16,PLMSC,2023-05-02,90.54,82.45,314,288,,,EA,IMP
COSMOS 1408 DEB,1982-092BLJ,51533,DEB,D,CIS,1982-09-16,PLMSC,2022-05-01,91.46,82.45,363,329,,,EA,IMP
COSMOS 1408 DEB,1982-092BLK,51534,DEB,D,CIS,1982-09-16,PLMSC,2022-05-20,90.04,82.54,287,266,,,EA,IMP
COSMOS 1408 DEB,1982-092BLL,51535,DEB,D,CIS,1982-09-16,PLMSC,2022-05-04,89.70,82.57,272,248,,,EA,IMP
COSMOS 1408 DEB,1982-092BLM,51536,DEB,D,CIS,1982-09-16,PLMSC,2022-06-13,88.36,82.53,204,183,,,EA,IMP
COSMOS 1408 DEB,1982-092BLN,51537,DEB,D,CIS,1982-09-16,PLMSC,2022-02-27,89.10,82.57,237,222,,,EA,IMP
COSMOS 1408 DEB,1982-092BLP,51538,DEB,D,CIS,1982-09-16,PLMSC,2022-05-24,88.89,82.60,233,206,,,EA,IMP
COSMOS 1408 DEB,1982-092BLQ,51539,DEB,D,CIS,1982-09-16,PLMSC,2023-03-20,88.82,82.52,225,207,,,EA,IMP
COSMOS 1408 DEB,1982-092BLR,51540,DEB,D,CIS,1982-09-16,PLMSC,2022-07-03,91.68,82.51,381,332,,,EA,IMP
COSMOS 1408 DEB,1982-092BLS,51541,DEB,D,CIS,1982-09-16,PLMSC,2022-10-05,89.41,82.53,249,242,,,EA,IMP
COSMOS 1408 DEB,1982-092BLT,51542,DEB,D,CIS,1982-09-16,PLMSC,2022-02-22,90.39,82.61,316,272,,,EA,IMP
COSMOS 1408 DEB,1982-092BLU,51543,DEB,D,CIS,1982-09-16,PLMSC,2022-06-09,88.86,82.57,231,206,,,EA,IMP
COSMOS 1408 DEB,1982-092BLV,51544,DEB,D,CIS,1982-09-16,PLMSC,2023-04-12,93.97,82.57,526,411,,,EA,IMP
COSMOS 1408 DEB,1982-092BLW,51545,DEB,D,CIS,1982-09-16,PLMSC,2022-11-09,89.87,82.53,276,261,,,EA,IMP
COSMOS 1408 DEB,1982-092BLX,51546,DEB,D,CIS,1982-09-16,PLMSC,2022-06-12,88.44,82.59,211,183,,,EA,IMP
COSMOS 1408 DEB,1982-092BLY,51547,DEB,D,CIS,1982-09-16,PLMSC,2023-12-08,91.10,82.45,348,309,,,EA,IMP
COSMOS 1408 DEB,1982-092BLZ,51548,DEB,D,CIS,1982-09-16,PLMSC,2023-04-19,94.70,82.48,583,424,,,EA,IMP
COSMOS 1408 DEB,1982-092BMA,51549,DEB,D,CIS,1982-09-16,PLMSC,2022-06-08,89.36,82.54,255,230,,,EA,IMP
COSMOS 1408 DEB,1982-092BMB,51550,DEB,D,CIS,1982-09-16,PLMSC,2022-05-12,91.48,82.59,361,333,,,EA,IMP
COSMOS 1408 DEB,1982-092BMC,51551,DEB,D,CIS,1982-09-16,PLMSC,2022-05-22,90.39,82.82,314,273,,,EA,IMP
COSMOS 1408 DEB,1982-092BMD,51552,DEB,D,CIS,1982-09-16,PLMSC,2022-05-16,89.51,82.48,261,239,,,EA,IMP
COSMOS 1408 DEB,1982-092BME,51553,DEB,D,CIS,1982-09-16,PLMSC,2022-04-09,89.23,82.83,240,233,,,EA,IMP
COSMOS 1408 DEB,1982-092BMF,51554,DEB,D,CIS,1982-09-16,PLMSC,2022-09-02,91.83,82.42,382,346,,,EA,IMP
COSMOS 1408 DEB,1982-092BMG,51555,DEB,D,CIS,1982-09-16,PLMSC,2022-06-05,92.06,82.75,378,373,,,EA,IMP
COSMOS 1408 DEB,1982-092BMH,51556,DEB,D,CIS,1982-09-16,PLMSC,2022-06-08,93.23,82.52,525,340,,,EA,IMP
COSMOS 1408 DEB,1982-092BMJ,51557,DEB,D,CIS,1982-09-16,PLMSC,2022-10-13,92.13,82.55,427,331,,,EA,IMP
COSMOS 1408 DEB,1982-092BMK,51558,DEB,D,CIS,1982-09-16,PLMSC,2022-08-07,89.80,82.54,280,249,,,EA,IMP
COSMOS 1408 DEB,1982-092BML,51559,DEB,D,CIS,1982-09-16,PLMSC,2022-04-14,91.65,82.56,380,332,,,EA,IMP
COSMOS 1408 DEB,1982-092BMM,51560,DEB,D,CIS,1982-09-16,PLMSC,2022-08-25,95.18,82.65,607,448,,,EA,IMP
COSMOS 1408 DEB,1982-092BMN,51561,DEB,D,CIS,1982-09-16,PLMSC,2023-01-02,91.77,82.55,383,340,,,EA,IMP
COSMOS 1408 DEB,1982-092BMP,51562,DEB,D,CIS,1982-09-16,PLMSC,2024-01-12,89.89,82.56,278,260,,,EA,IMP
COSMOS 1408 DEB,1982-092BMQ,51563,DEB,D,CIS,1982-09-16,PLMSC,2022-09-02,89.08,82.71,241,216,,,EA,IMP
COSMOS 1408 DEB,1982-092BMR,51564,DEB,D,CIS,1982-09-16,PLMSC,2023-02-24,91.99,82.48,393,351,,,EA,IMP
COSMOS 1408 DEB,1982-092BMS,51565,DEB,D,CIS,1982-09-16,PLMSC,2022-03-26,92.54,82.59,446,352,,,EA,IMP
COSMOS 1408 DEB,1982-092BMT,51566,DEB,D,CIS,1982-09-16,PLMSC,2023-05-11,88.62,82.82,217,196,,,EA,IMP
COSMOS 1408 DEB,1982-092BMU,51567,DEB,D,CIS,1982-09-16,PLMSC,2022-03-16,89.60,82.59,269,241,,,EA,IMP
COSMOS 1408 DEB,1982-092BMV,51568,DEB,D,CIS,1982-09-16,PLMSC,2023-01-31,92.88,82.57,471,360,,,EA,IMP
COSMOS 1408 DEB,1982-092BMW,51569,DEB,D,CIS,1982-09-16,PLMSC,2022-10-25,88.84,82.56,222,213,,,EA,IMP
COSMOS 1408 DEB,1982-092BMX,51570,DEB,D,CIS,1982-09-16,PLMSC,2022-12-22,89.12,82.57,235,226,,,EA,IMP
COSMOS 1408 DEB,1982-092BMY,51571,DEB,D,CIS,1982-09-16,PLMSC,2022-05-08,90.69,82.58,313,303,,,EA,IMP
COSMOS 1408 DEB,1982-092BMZ,51572,DEB,D,CIS,1982-09-16,PLMSC,2024-08-15,95.78,82.60,717,396,,,EA,IMP
COSMOS 1408 DEB,1982-092BNA,51573,DEB,D,CIS,1982-09-16,PLMSC,2022-04-07,93.39,82.61,474,407,,,EA,IMP
COSMOS 1408 DEB,1982-092BNB,51574,DEB,D,CIS,1982-09-16,PLMSC,2022-07-28,91.74,82.60,385,335,,,EA,IMP
COSMOS 1408 DEB,1982-092BNC,51575,DEB,D,CIS,1982-09-16,PLMSC,2022-04-26,93.22,82.78,443,421,,,EA,IMP
COSMOS 1408 DEB,1982-092BND,51576,DEB,D,CIS,1982-09-16,PLMSC,2023-04-14,89.70,82.55,266,254,,,EA,IMP
COSMOS 1408 DEB,1982-092BNE,51577,DEB,D,CIS,1982-09-16,PLMSC,2022-04-10,90.21,82.50,296,273,,,EA,IMP
COSMOS 1408 DEB,1982-092BNF,51578,DEB,D,CIS,1982-09-16,PLMSC,2022-04-24,94.74,82.60,570,442,,,EA,IMP
COSMOS 1408 DEB,1982-092BNG,51579,DEB,D,CIS,1982-09-16,PLMSC,2024-10-12,90.18,82.47,290,276,,,EA,IMP
COSMOS 1408 DEB,1982-092BNH,51580,DEB,D,CIS,1982-09-16,PLMSC,2022-07-09,88.55,82.49,211,195,,,EA,IMP
COSMOS 1408 DEB,1982-092BNJ,51581,DEB,D,CIS,1982-09-16,PLMSC,2022-06-20,90.72,82.53,326,294,,,EA,IMP
COSMOS 1408 DEB,1982-092BNK,51582,DEB,D,CIS,1982-09-16,PLMSC,2024-10-26,89.43,82.53,254,238,,,EA,IMP
COSMOS 1408 DEB,1982-092BNL,51583,DEB,D,CIS,1982-09-16,PLMSC,2022-06-08,89.60,82.60,265,245,,,EA,IMP
COSMOS 1408 DEB,1982-092BNM,51584,DEB,D,CIS,1982-09-16,PLMSC,2022-05-09,89.72,82.51,278,244,,,EA,IMP
COSMOS 1408 DEB,1982-092BNN,51585,DEB,D,CIS,1982-09-16,PLMSC,2022-03-05,96.57,82.89,779,410,,,EA,IMP
COSMOS 1408 DEB,1982-092BNP,51586,DEB,D,CIS,1982-09-16,PLMSC,2022-04-08,89.73,82.53,269,253,,,EA,IMP
COSMOS 1408 DEB,1982-092BNQ,51587,DEB,D,CIS,1982-09-16,PLMSC,2022-10-08,89.29,82.52,243,236,,,EA,IMP
COSMOS 1408 DEB,1982-092BNR,51588,DEB,D,CIS,1982-09-16,PLMSC,2022-11-16,90.87,82.68,330,304,,,EA,IMP
COSMOS 1408 DEB,1982-092BNS,51589,DEB,D,CIS,1982-09-16,PLMSC,2022-08-04,88.95,82.53,233,213,,,EA,IMP
COSMOS 1408 DEB,1982-092BNT,51590,DEB,D,CIS,1982-09-16,PLMSC,2022-04-12,92.58,82.60,440,361,,,EA,IMP
COSMOS 1408 DEB,1982-092BNU,51591,DEB,D,CIS,1982-09-16,PLMSC,2022-05-17,93.29,82.62,460,411,,,EA,IMP
COSMOS 1408 DEB,1982-092BNV,51592,DEB,D,CIS,1982-09-16,PLMSC,2022-04-27,90.23,82.50,300,272,,,EA,IMP
COSMOS 1408 DEB,1982-092BNW,51593,DEB,D,CIS,1982-09-16,PLMSC,2022-09-21,91.28,82.52,376,299,,,EA,IMP
COSMOS 1408 DEB,1982-092BNX,51594,DEB,D,CIS,1982-09-16,PLMSC,2022-04-20,88.18,82.52,195,173,,,EA,IMP
COSMOS 1408 DEB,1982-092BNY,51595,DEB,D,CIS,1982-09-16,PLMSC,2023-02-07,89.39,82.52,251,237,,,EA,IMP
COSMOS 1408 DEB,1982-092BNZ,51596,DEB,D,CIS,1982-09-16,PLMSC,2022-04-22,92.78,82.55,446,376,,,EA,IMP
COSMOS 1408 DEB,1982-092BPA,51597,DEB,D,CIS,1982-09-16,PLMSC,2022-04-10,88.87,82.51,226,211,,,EA,IMP
COSMOS 1408 DEB,1982-092BPB,51598,DEB,D,CIS,1982-09-16,PLMSC,2022-09-29,92.51,83.61,454,341,,,EA,IMP
COSMOS 1408 DEB,1982-092BPC,51599,DEB,D,CIS,1982-09-16,PLMSC,2023-01-31,87.97,82.58,179,169,,,EA,IMP
COSMOS 1408 DEB,1982-092BPD,51600,DEB,D,CIS,1982-09-16,PLMSC,2023-02-24,89.02,82.50,239,213,,,EA,IMP
COSMOS 1408 DEB,1982-092BPE,51601,DEB,D,CIS,1982-09-16,PLMSC,2022-04-04,90.30,82.53,303,276,,,EA,IMP
COSMOS 1408 DEB,1982-092BPF,51602,DEB,D,CIS,1982-09-16,PLMSC,2022-06-30,90.30,82.57,305,273,,,EA,IMP
COSMOS 1408 DEB,1982-092BPG,51603,DEB,D,CIS,1982-09-16,PLMSC,2022-03-07,89.47,82.68,262,234,,,EA,IMP
COSMOS 1408 DEB,1982-092BPH,51604,DEB,D,CIS,1982-09-16,PLMSC,2022-04-08,92.17,82.47,404,358,,,EA,IMP
COSMOS 1408 DEB,1982-092BPJ,51605,DEB,D,CIS,1982-09-16,PLMSC,2023-01-14,88.15,82.48,186,180,,,EA,IMP
COSMOS 1408 DEB,1982-092BPK,51606,DEB,D,CIS,1982-09-16,PLMSC,2022-02-21,90.43,82.50,312,279,,,EA,IMP
COSMOS 1408 DEB,1982-092BPL,51607,DEB,D,CIS,1982-09-16,PLMSC,2022-03-18,92.17,82.60,425,337,,,EA,IMP
COSMOS 1408 DEB,1982-092BPM,51608,DEB,D,CIS,1982-09-16,PLMSC,2022-02-10,91.94,82.85,398,341,,,EA,IMP
COSMOS 1408 DEB,1982-092BPN,51609,DEB,D,CIS,1982-09-16,PLMSC,2022-04-07,90.02,82.59,290,261,,,EA,IMP
COSMOS 1408 DEB,1982-092BPP,51610,DEB,D,CIS,1982-09-16,PLMSC,2023-03-10,88.10,82.57,187,173,,,EA,IMP
COSMOS 1408 DEB,1982-092BPQ,51611,DEB,D,CIS,1982-09-16,PLMSC,2022-10-05,89.40,82.57,248,241,,,EA,IMP
COSMOS 1408 DEB,1982-092BPR,51612,DEB,D,CIS,1982-09-16,PLMSC,2022-09-29,91.85,83.21,381,349,,,EA,IMP
COSMOS 1408 DEB,1982-092BPS,51613,DEB,D,CIS,1982-09-16,PLMSC,2022-04-11,92.07,82.50,379,373,,,EA,IMP
COSMOS 1408 DEB,1982-092BPT,51614,DEB,D,CIS,1982-09-16,PLMSC,2023-04-04,89.92,82.69,278,263,,,EA,IMP
COSMOS 1408 DEB,1982-092BPU,51615,DEB,D,CIS,1982-09-16,PLMSC,2022-08-13,91.36,82.70,347,336,,,EA,IMP
COSMOS 1408 DEB,1982-092BPV,51616,DEB,D,CIS,1982-09-16,PLMSC,2023-12-08,93.27,81.89,489,381,,,EA,IMP
COSMOS 1408 DEB,1982-092BPW,51617,DEB,D,CIS,1982-09-16,PLMSC,2022-06-20,94.73,82.63,586,425,,,EA,IMP
COSMOS 1408 DEB,1982-092BPX,51618,DEB,D,CIS,1982-09-16,PLMSC,2022-10-29,91.13,82.63,340,321,,,EA,IMP
COSMOS 1408 DEB,1982-092BPY,51619,DEB,D,CIS,1982-09-16,PLMSC,2023-05-14,94.90,82.36,584,444,,,EA,IMP
COSMOS 1408 DEB,1982-092BPZ,51620,DEB,D,CIS,1982-09-16,PLMSC,2023-04-27,95.35,82.92,610,461,,,EA,IMP
COSMOS 1408 DEB,1982-092BQA,51621,DEB,D,CIS,1982-09-16,PLMSC,2022-06-13,88.14,82.26,189,176,,,EA,IMP
COSMOS 1408 DEB,1982-092BQB,51662,DEB,D,CIS,1982-09-16,PLMSC,2022-07-10,92.58,82.58,429,373,,,EA,IMP
COSMOS 1408 DEB,1982-092BQC,51663,DEB,D,CIS,1982-09-16,PLMSC,2023-02-03,94.68,82.61,612,394,,,EA,IMP
COSMOS 1408 DEB,1982-092BQD,51664,DEB,D,CIS,1982-09-16,PLMSC,2022-03-28,89.68,82.67,267,251,,,EA,IMP
COSMOS 1408 DEB,1982-092BQE,51665,DEB,D,CIS,1982-09-16,PLMSC,2022-06-18,90.63,82.58,321,289,,,EA,IMP
COSMOS 1408 DEB,1982-092BQF,51666,DEB,D,CIS,1982-09-16,PLMSC,2022-03-16,89.43,82.49,256,236,,,EA,IMP
COSMOS 1408 DEB,1982-092BQG,51667,DEB,D,CIS,1982-09-16,PLMSC,2023-02-07,90.87,82.53,327,307,,,EA,IMP
COSMOS 1408 DEB,1982-092BQH,51668,DEB,D,CIS,1982-09-16,PLMSC,2022-04-10,89.45,82.51,253,241,,,EA,IMP
COSMOS 1408 DEB,1982-092BQJ,51669,DEB,D,CIS,1982-09-16,PLMSC,2022-04-03,92.11,82.70,390,366,,,EA,IMP
COSMOS 1408 DEB,1982-092BQK,51670,DEB,D,CIS,1982-09-16,PLMSC,2023-03-06,88.93,82.51,236,207,,,EA,IMP
COSMOS 1408 DEB,1982-092BQL,51671,DEB,D,CIS,1982-09-16,PLMSC,2022-08-24,90.12,82.56,295,266,,,EA,IMP
COSMOS 1408 DEB,1982-092BQM,51672,DEB,D,CIS,1982-09-16,PLMSC,2022-03-07,90.18,82.55,297,270,,,EA,IMP
COSMOS 1408 DEB,1982-092BQN,51673,DEB,D,CIS,1982-09-16,PLMSC,2022-04-19,90.70,82.57,319,299,,,EA,IMP
COSMOS 1408 DEB,1982-092BQP,51674,DEB,D,CIS,1982-09-16,PLMSC,2022-03-18,91.83,82.63,389,340,,,EA,IMP
COSMOS 1408 DEB,1982-092BQQ,51675,DEB,D,CIS,1982-09-16,PLMSC,2022-05-05,90.34,82.49,299,284,,,EA,IMP
COSMOS 1408 DEB,1982-092BQR,51676,DEB,D,CIS,1982-09-16,PLMSC,2023-02-09,91.70,82.56,376,340,,,EA,IMP
COSMOS 1408 DEB,1982-092BQS,51677,DEB,D,CIS,1982-09-16,PLMSC,2022-04-07,91.75,82.58,370,351,,,EA,IMP
COSMOS 1408 DEB,1982-092BQT,51678,DEB,D,CIS,1982-09-16,PLMSC,2022-05-02,93.07,82.53,457,393,,,EA,IMP
COSMOS 1408 DEB,1982-092BQU,51679,DEB,D,CIS,1982-09-16,PLMSC,2022-07-02,88.42,82.53,211,182,,,EA,IMP
COSMOS 1408 DEB,1982-092BQV,51680,DEB,D,CIS,1982-09-16,PLMSC,2022-04-15,92.16,82.61,411,350,,,EA,IMP
COSMOS 1408 DEB,1982-092BQW,51681,DEB,D,CIS,1982-09-16,PLMSC,2022-03-24,91.31,82.60,360,318,,,EA,IMP
COSMOS 1408 DEB,1982-092BQX,51682,DEB,D,CIS,1982-09-16,PLMSC,2022-03-31,92.76,82.62,439,381,,,EA,IMP
COSMOS 1408 DEB,1982-092BQY,51683,DEB,D,CIS,1982-09-16,PLMSC,2022-04-15,93.76,82.62,505,412,,,EA,IMP
COSMOS 1408 DEB,1982-092BQZ,51684,DEB,D,CIS,1982-09-16,PLMSC,2022-03-26,90.20,82.66,296,273,,,EA,IMP
COSMOS 1408 DEB,1982-092BRA,51685,DEB,D,CIS,1982-09-16,PLMSC,2022-07-07,90.15,82.61,296,267,,,EA,IMP
COSMOS 1408 DEB,1982-092BRB,51686,DEB,D,CIS,1982-09-16,PLMSC,2022-04-24,91.90,82.80,407,328,,,EA,IMP
COSMOS 1408 DEB,1982-092BRC,51687,DEB,D,CIS,1982-09-16,PLMSC,2022-12-02,92.04,82.08,394,355,,,EA,IMP
COSMOS 1408 DEB,1982-092BRD,51688,DEB,D,CIS,1982-09-16,PLMSC,2022-03-22,92.72,82.55,419,396,,,EA,IMP
COSMOS 1408 DEB,1982-092BRE,51689,DEB,D,CIS,1982-09-16,PLMSC,2022-06-28,88.72,82.53,221,202,,,EA,IMP
COSMOS 1408 DEB,1982-092BRF,51690,DEB,D,CIS,1982-09-16,PLMSC,2022-03-18,93.83,82.55,523,401,,,EA,IMP
COSMOS 1408 DEB,1982-092BRG,51691,DEB,D,CIS,1982-09-16,PLMSC,2022-02-23,88.68,82.52,220,198,,,EA,IMP
COSMOS 1408 DEB,1982-092BRH,51692,DEB,D,CIS,1982-09-16,PLMSC,2022-06-21,89.37,82.56,254,233,,,EA,IMP
COSMOS 1408 DEB,1982-092BRJ,51693,DEB,D,CIS,1982-09-16,PLMSC,2022-05-28,89.27,82.54,254,223,,,EA,IMP
COSMOS 1408 DEB,1982-092BRK,51694,DEB,D,CIS,1982-09-16,PLMSC,2022-03-19,91.89,82.58,385,349,,,EA,IMP
COSMOS 1408 DEB,1982-092BRL,51695,DEB,D,CIS,1982-09-16,PLMSC,2022-06-05,91.69,82.60,367,347,,,EA,IMP
COSMOS 1408 DEB,1982-092BRM,51696,DEB,D,CIS,1982-09-16,PLMSC,2022-06-27,89.40,82.50,257,233,,,EA,IMP
COSMOS 1408 DEB,1982-092BRN,51697,DEB,D,CIS,1982-09-16,PLMSC,2022-04-15,89.78,82.52,270,258,,,EA,IMP
COSMOS 1408 DEB,1982-092BRP,51698,DEB,D,CIS,1982-09-16,PLMSC,2022-03-16,90.78,82.67,328,298,,,EA,IMP
COSMOS 1408 DEB,1982-092BRQ,51699,DEB,D,CIS,1982-09-16,PLMSC,2022-03-14,92.37,82.59,413,369,,,EA,IMP
COSMOS 1408 DEB,1982-092BRR,51700,DEB,D,CIS,1982-09-16,PLMSC,2022-09-15,89.17,82.53,251,216,,,EA,IMP
COSMOS 1408 DEB,1982-092BRS,51701,DEB,D,CIS,1982-09-16,PLMSC,2022-08-08,88.74,82.60,221,203,,,EA,IMP
COSMOS 1408 DEB,1982-092BRT,51702,DEB,D,CIS,1982-09-16,PLMSC,2022-03-16,91.40,82.51,386,301,,,EA,IMP
COSMOS 1408 DEB,1982-092BRU,51703,DEB,D,CIS,1982-09-16,PLMSC,2022-03-05,91.68,82.37,402,313,,,EA,IMP
COSMOS 1408 DEB,1982-092BRV,51704,DEB,D,CIS,1982-09-16,PLMSC,2022-03-12,90.67,82.66,333,282,,,EA,IMP
COSMOS 1408 DEB,1982-092BRW,51705,DEB,D,CIS,1982-09-16,PLMSC,2022-09-29,93.03,82.52,483,362,,,EA,IMP
COSMOS 1408 DEB,1982-092BRX,51706,DEB,D,CIS,1982-09-16,PLMSC,2022-10-02,91.20,82.70,349,317,,,EA,IMP
COSMOS 1408 DEB,1982-092BRY,51707,DEB,D,CIS,1982-09-16,PLMSC,2023-05-04,95.32,82.63,621,448,,,EA,IMP
COSMOS 1408 DEB,1982-092BRZ,51708,DEB,D,CIS,1982-09-16,PLMSC,2022-03-17,89.84,82.50,280,253,,,EA,IMP
COSMOS 1408 DEB,1982-092BSA,51709,DEB,D,CIS,1982-09-16,PLMSC,2022-08-25,91.76,82.67,386,336,,,EA,IMP
COSMOS 1408 DEB,1982-092BSB,51710,DEB,D,CIS,1982-09-16,PLMSC,2022-04-03,91.61,82.58,366,341,,,EA,IMP
COSMOS 1408 DEB,1982-092BSC,51711,DEB,D,CIS,1982-09-16,PLMSC,2022-08-04,94.72,82.87,559,451,,,EA,IMP
COSMOS 1408 DEB,1982-092BSD,51903,DEB,D,CIS,1982-09-16,PLMSC,2022-06-03,92.33,82.54,409,368,,,EA,IMP
COSMOS 1408 DEB,1982-092BSE,51904,DEB,D,CIS,1982-09-16,PLMSC,2022-03-12,88.85,82.61,228,207,,,EA,IMP
COSMOS 1408 DEB,1982-092BSF,51905,DEB,D,CIS,1982-09-16,PLMSC,2022-04-04,92.16,82.61,408,353,,,EA,IMP
COSMOS 1408 DEB,1982-092BSG,51906,DEB,D,CIS,1982-09-16,PLMSC,2022-03-16,89.98,82.57,281,266,,,EA,IMP
COSMOS 1408 DEB,1982-092BSH,51907,DEB,D,CIS,1982-09-16,PLMSC,2022-04-08,92.35,82.59,408,372,,,EA,IMP
COSMOS 1408 DEB,1982-092BSJ,51908,DEB,D,CIS,1982-09-16,PLMSC,2022-04-07,90.04,82.59,291,262,,,EA,IMP
COSMOS 1408 DEB,1982-092BSK,51909,DEB,D,CIS,1982-09-16,PLMSC,2022-12-22,91.18,82.59,352,313,,,EA,IMP
COSMOS 1408 DEB,1982-092BSL,51910,DEB,D,CIS,1982-09-16,PLMSC,2022-04-15,90.25,82.60,303,271,,,EA,IMP
COSMOS 1408 DEB,1982-092BSM,51911,DEB,D,CIS,1982-09-16,PLMSC,2022-05-01,90.38,82.59,299,287,,,EA,IMP
COSMOS 1408 DEB,1982-092BSN,51912,DEB,D,CIS,1982-09-16,PLMSC,2022-05-16,88.86,82.50,229,207,,,EA,IMP
COSMOS 1408 DEB,1982-092BSP,51913,DEB,D,CIS,1982-09-16,PLMSC,2023-08-10,88.44,82.59,203,192,,,EA,IMP
COSMOS 1408 DEB,1982-092BSQ,51914,DEB,D,CIS,1982-09-16,PLMSC,2022-09-22,90.74,82.55,321,301,,,EA,IMP
COSMOS 1408 DEB,1982-092BSR,51915,DEB,D,CIS,1982-09-16,PLMSC,2022-05-02,90.60,82.54,313,295,,,EA,IMP
COSMOS 1408 DEB,1982-092BSS,51916,DEB,D,CIS,1982-09-16,PLMSC,2022-05-30,89.57,82.54,265,242,,,EA,IMP
COSMOS 1408 DEB,1982-092BST,51917,DEB,D,CIS,1982-09-16,PLMSC,2023-02-18,89.87,82.55,274,263,,,EA,IMP
COSMOS 1408 DEB,1982-092BSU,51918,DEB,D,CIS,1982-09-16,PLMSC,2022-04-26,91.22,82.59,342,327,,,EA,IMP
COSMOS 1408 DEB,1982-092BSV,51919,DEB,D,CIS,1982-09-16,PLMSC,2022-04-12,90.47,82.54,304,292,,,EA,IMP
COSMOS 1408 DEB,1982-092BSW,51920,DEB,D,CIS,1982-09-16,PLMSC,2023-05-04,91.60,82.49,356,350,,,EA,IMP
COSMOS 1408 DEB,1982-092BSX,51921,DEB,D,CIS,1982-09-16,PLMSC,2022-03-03,89.89,82.61,275,263,,,EA,IMP
COSMOS 1408 DEB,1982-092BSY,51922,DEB,D,CIS,1982-09-16,PLMSC,2023-05-09,88.43,82.54,208,186,,,EA,IMP
COSMOS 1408 DEB,1982-092BSZ,51923,DEB,D,CIS,1982-09-16,PLMSC,2022-04-23,89.61,82.29,268,242,,,EA,IMP
COSMOS 1408 DEB,1982-092BTA,51924,DEB,D,CIS,1982-09-16,PLMSC,2022-03-18,91.47,82.67,365,328,,,EA,IMP
COSMOS 1408 DEB,1982-092BTB,51925,DEB,D,CIS,1982-09-16,PLMSC,2022-04-11,88.92,82.56,229,213,,,EA,IMP
COSMOS 1408 DEB,1982-092BTC,51926,DEB,D,CIS,1982-09-16,PLMSC,2022-03-26,90.55,82.55,308,295,,,EA,IMP
COSMOS 1408 DEB,1982-092BTD,51927,DEB,D,CIS,1982-09-16,PLMSC,2022-05-24,89.91,82.58,281,259,,,EA,IMP
COSMOS 1408 DEB,1982-092BTE,51928,DEB,D,CIS,1982-09-16,PLMSC,2022-05-18,88.77,82.56,223,204,,,EA,IMP
COSMOS 1408 DEB,1982-092BTF,51929,DEB,D,CIS,1982-09-16,PLMSC,2022-07-28,91.36,82.56,345,337,,,EA,IMP
COSMOS 1408 DEB,1982-092BTG,51930,DEB,D,CIS,1982-09-16,PLMSC,2022-08-31,92.13,82.48,420,337,,,EA,IMP
COSMOS 1408 DEB,1982-092BTH,51931,DEB,D,CIS,1982-09-16,PLMSC,2022-11-03,94.13,82.70,540,413,,,EA,IMP
COSMOS 1408 DEB,1982-092BTJ,51932,DEB,D,CIS,1982-09-16,PLMSC,2022-12-21,93.47,82.91,471,418,,,EA,IMP
COSMOS 1408 DEB,1982-092BTK,51933,DEB,D,CIS,1982-09-16,PLMSC,2022-02-28,89.53,82.46,259,243,,,EA,IMP
COSMOS 1408 DEB,1982-092BTL,51934,DEB,D,CIS,1982-09-16,PLMSC,2022-04-22,92.10,83.07,390,365,,,EA,IMP
COSMOS 1408 DEB,1982-092BTM,51935,DEB,D,CIS,1982-09-16,PLMSC,2022-06-24,91.04,82.48,345,306,,,EA,IMP
COSMOS 1408 DEB,1982-092BTN,51936,DEB,D,CIS,1982-09-16,PLMSC,2022-10-05,92.42,82.83,419,368,,,EA,IMP
COSMOS 1408 DEB,1982-092BTP,51937,DEB,D,CIS,1982-09-16,PLMSC,2022-06-23,93.20,82.88,453,410,,,EA,IMP
COSMOS 1408 DEB,1982-092BTQ,51938,DEB,D,CIS,1982-09-16,PLMSC,2022-04-16,96.48,82.53,825,355,,,EA,IMP
COSMOS 1408 DEB,1982-092BTR,51939,DEB,D,CIS,1982-09-16,PLMSC,2022-07-20,94.38,83.11,536,441,,,EA,IMP
COSMOS 1408 DEB,1982-092BTS,51940,DEB,D,CIS,1982-09-16,PLMSC,2022-10-27,99.70,82.60,1053,435,,,EA,IMP
COSMOS 1408 DEB,1982-092BTT,51941,DEB,D,CIS,1982-09-16,PLMSC,2022-06-27,91.62,82.55,356,352,,,EA,IMP
COSMOS 1408 DEB,1982-092BTU,51942,DEB,D,CIS,1982-09-16,PLMSC,2022-09-22,94.40,82.70,583,396,,,EA,IMP
COSMOS 1408 DEB,1982-092BTV,51943,DEB,D,CIS,1982-09-16,PLMSC,2022-07-14,93.26,83.24,477,391,,,EA,IMP
COSMOS 1408 DEB,1982-092BTW,51944,DEB,D,CIS,1982-09-16,PLMSC,2022-06-01,90.24,82.63,300,272,,,EA,IMP
COSMOS 1408 DEB,1982-092BTX,51945,DEB,D,CIS,1982-09-16,PLMSC,2022-05-22,95.79,82.25,713,400,,,EA,IMP
COSMOS 1408 DEB,1982-092BTY,52046,DEB,D,CIS,1982-09-16,PLMSC,2022-04-15,89.39,82.53,252,237,,,EA,IMP
COSMOS 1408 DEB,1982-092BTZ,52047,DEB,D,CIS,1982-09-16,PLMSC,2022-03-10,89.62,82.54,269,243,,,EA,IMP
COSMOS 1408 DEB,1982-092BUA,52048,DEB,D,CIS,1982-09-16,PLMSC,2022-07-11,90.48,82.48,305,291,,,EA,IMP
COSMOS 1408 DEB,1982-092BUB,52049,DEB,D,CIS,1982-09-16,PLMSC,2023-09-15,89.21,82.60,242,229,,,EA,IMP
COSMOS 1408 DEB,1982-092BUC,52050,DEB,D,CIS,1982-09-16,PLMSC,2022-11-18,91.02,82.46,335,314,,,EA,IMP
COSMOS 1408 DEB,1982-092BUD,52051,DEB,D,CIS,1982-09-16,PLMSC,2022-07-28,92.10,82.57,402,353,,,EA,IMP
COSMOS 1408 DEB,1982-092BUE,52052,DEB,D,CIS,1982-09-16,PLMSC,2022-04-23,90.62,82.40,330,280,,,EA,IMP
COSMOS 1408 DEB,1982-092BUF,52053,DEB,D,CIS,1982-09-16,PLMSC,2022-03-26,92.76,82.58,428,392,,,EA,IMP
COSMOS 1408 DEB,1982-092BUG,52054,DEB,D,CIS,1982-09-16,PLMSC,2023-04-29,90.21,82.46,292,278,,,EA,IMP
COSMOS 1408 DEB,1982-092BUH,52055,DEB,D,CIS,1982-09-16,PLMSC,2022-06-04,91.01,82.85,332,316,,,EA,IMP
COSMOS 1408 DEB,1982-092BUJ,52056,DEB,D,CIS,1982-09-16,PLMSC,2022-06-30,90.55,82.51,313,290,,,EA,IMP
COSMOS 1408 DEB,1982-092BUK,52057,DEB,D,CIS,1982-09-16,PLMSC,2022-03-27,89.42,82.65,254,238,,,EA,IMP
COSMOS 1408 DEB,1982-092BUL,52058,DEB,D,CIS,1982-09-16,PLMSC,2022-12-22,89.40,82.49,252,238,,,EA,IMP
COSMOS 1408 DEB,1982-092BUM,52059,DEB,D,CIS,1982-09-16,PLMSC,2023-02-07,88.58,82.47,210,198,,,EA,IMP
COSMOS 1408 DEB,1982-092BUN,52060,DEB,D,CIS,1982-09-16,PLMSC,2023-07-05,89.22,82.45,239,233,,,EA,IMP
COSMOS 1408 DEB,1982-092BUP,52061,DEB,D,CIS,1982-09-16,PLMSC,2022-04-24,92.62,82.57,420,386,,,EA,IMP
COSMOS 1408 DEB,1982-092BUQ,52062,DEB,D,CIS,1982-09-16,PLMSC,2023-03-24,93.05,82.33,475,373,,,EA,IMP
COSMOS 1408 DEB,1982-092BUR,52063,DEB,D,CIS,1982-09-16,PLMSC,2022-06-18,96.35,82.20,815,353,,,EA,IMP
COSMOS 1408 DEB,1982-092BUS,52064,DEB,D,CIS,1982-09-16,PLMSC,2023-03-22,91.46,82.50,381,312,,,EA,IMP
COSMOS 1408 DEB,1982-092BUT,52065,DEB,D,CIS,1982-09-16,PLMSC,2022-04-04,92.00,82.61,391,354,,,EA,IMP
COSMOS 1408 DEB,1982-092BUU,52066,DEB,D,CIS,1982-09-16,PLMSC,2025-04-10,91.35,82.50,370,311,,,EA,IMP
COSMOS 1408 DEB,1982-092BUV,52067,DEB,D,CIS,1982-09-16,PLMSC,2024-07-29,95.35,82.53,612,459,,,EA,IMP
COSMOS 1408 DEB,1982-092BUW,52068,DEB,D,CIS,1982-09-16,PLMSC,2023-07-18,93.05,82.72,437,411,,,EA,IMP
COSMOS 1408 DEB,1982-092BUX,52069,DEB,D,CIS,1982-09-16,PLMSC,2023-02-13,89.44,82.50,256,237,,,EA,IMP
COSMOS 1408 DEB,1982-092BUY,52070,DEB,D,CIS,1982-09-16,PLMSC,2022-06-26,90.61,83.08,323,287,,,EA,IMP
COSMOS 1408 DEB,1982-092BUZ,52071,DEB,D,CIS,1982-09-16,PLMSC,2023-09-22,95.74,82.73,680,429,,,EA,IMP
COSMOS 1408 DEB,1982-092BVA,52072,DEB,D,CIS,1982-09-16,PLMSC,2022-12-15,93.90,82.54,513,418,,,EA,IMP
COSMOS 1408 DEB,1982-092BVB,52073,DEB,D,CIS,1982-09-16,PLMSC,2022-10-27,97.08,83.03,795,443,,,EA,IMP
COSMOS 1408 DEB,1982-092BVC,52074,DEB,D,CIS,1982-09-16,PLMSC,2022-06-03,91.18,82.49,343,322,,,EA,IMP
COSMOS 1408 DEB,1982-092BVD,52075,DEB,D,CIS,1982-09-16,PLMSC,2022-07-27,93.92,82.73,497,436,,,EA,IMP
COSMOS 1408 DEB,1982-092BVE,52076,DEB,D,CIS,1982-09-16,PLMSC,2022-07-02,89.06,82.54,241,216,,,EA,IMP
COSMOS 1408 DEB,1982-092BVF,52077,DEB,D,CIS,1982-09-16,PLMSC,2022-03-18,88.78,82.56,224,204,,,EA,IMP
COSMOS 1408 DEB,1982-092BVG,52078,DEB,D,CIS,1982-09-16,PLMSC,2022-03-31,90.43,82.67,303,288,,,EA,IMP
COSMOS 1408 DEB,1982-092BVH,52079,DEB,D,CIS,1982-09-16,PLMSC,2022-11-17,92.12,82.56,403,354,,,EA,IMP
COSMOS 1408 DEB,1982-092BVJ,52080,DEB,D,CIS,1982-09-16,PLMSC,2022-10-15,92.85,82.50,476,352,,,EA,IMP
COSMOS 1408 DEB,1982-092BVK,52081,DEB,D,CIS,1982-09-16,PLMSC,2022-07-03,91.46,82.55,365,328,,,EA,IMP
COSMOS 1408 DEB,1982-092BVL,52082,DEB,D,CIS,1982-09-16,PLMSC,2022-04-05,91.19,82.66,345,322,,,EA,IMP
COSMOS 1408 DEB,1982-092BVM,52083,DEB,D,CIS,1982-09-16,PLMSC,2022-10-20,94.18,82.07,535,422,,,EA,IMP
COSMOS 1408 DEB,1982-092BVN,52206,DEB,D,CIS,1982-09-16,PLMSC,2023-02-03,92.10,82.60,401,354,,,EA,IMP
COSMOS 1408 DEB,1982-092BVP,52207,DEB,D,CIS,1982-09-16,PLMSC,2022-05-22,93.37,82.97,487,392,,,EA,IMP
COSMOS 1408 DEB,1982-092BVQ,52208,DEB,D,CIS,1982-09-16,PLMSC,2023-12-08,93.83,82.56,494,430,,,EA,IMP
COSMOS 1408 DEB,1982-092BVR,52209,DEB,D,CIS,1982-09-16,PLMSC,2022-04-18,91.02,82.60,345,305,,,EA,IMP
COSMOS 1408 DEB,1982-092BVS,52210,DEB,D,CIS,1982-09-16,PLMSC,2022-10-05,89.20,82.54,240,230,,,EA,IMP
COSMOS 1408 DEB,1982-092BVT,52211,DEB,D,CIS,1982-09-16,PLMSC,2022-04-23,91.04,82.37,337,315,,,EA,IMP
COSMOS 1408 DEB,1982-092BVU,52212,DEB,D,CIS,1982-09-16,PLMSC,2022-08-17,89.92,82.54,284,257,,,EA,IMP
COSMOS 1408 DEB,1982-092BVV,52213,DEB,D,CIS,1982-09-16,PLMSC,2023-04-04,94.38,82.31,543,435,,,EA,IMP
COSMOS 1408 DEB,1982-092BVW,52214,DEB,D,CIS,1982-09-16,PLMSC,2022-09-29,93.21,82.78,449,414,,,EA,IMP
COSMOS 1408 DEB,1982-092BVX,52215,DEB,D,CIS,1982-09-16,PLMSC,2023-08-14,91.64,82.53,369,341,,,EA,IMP
COSMOS 1408 DEB,1982-092BVY,52216,DEB,D,CIS,1982-09-16,PLMSC,2022-11-16,91.05,82.53,334,318,,,EA,IMP
COSMOS 1408 DEB,1982-092BVZ,52217,DEB,D,CIS,1982-09-16,PLMSC,2023-02-03,95.27,82.46,619,445,,,EA,IMP
COSMOS 1408 DEB,1982-092BWA,52218,DEB,D,CIS,1982-09-16,PLMSC,2022-06-15,89.38,82.72,259,228,,,EA,IMP
COSMOS 1408 DEB,1982-092BWB,52219,DEB,D,CIS,1982-09-16,PLMSC,2022-04-19,92.83,82.51,450,376,,,EA,IMP
COSMOS 1408 DEB,1982-092BWC,52220,DEB,D,CIS,1982-09-16,PLMSC,2022-12-28,93.47,82.56,482,407,,,EA,IMP
COSMOS 1408 DEB,1982-092BWD,52221,DEB,D,CIS,1982-09-16,PLMSC,2022-11-17,95.06,82.54,607,435,,,EA,IMP
COSMOS 1408 DEB,1982-092BWE,52222,DEB,D,CIS,1982-09-16,PLMSC,2023-04-12,95.82,82.15,660,457,,,EA,IMP
COSMOS 1408 DEB,1982-092BWF,52223,DEB,D,CIS,1982-09-16,PLMSC,2022-11-29,90.55,82.59,308,295,,,EA,IMP
COSMOS 1408 DEB,1982-092BWG,52224,DEB,D,CIS,1982-09-16,PLMSC,2022-05-25,91.85,82.39,410,320,,,EA,IMP
COSMOS 1408 DEB,1982-092BWH,52225,DEB,D,CIS,1982-09-16,PLMSC,2022-09-11,91.24,82.54,359,311,,,EA,IMP
COSMOS 1408 DEB,1982-092BWJ,52226,DEB,D,CIS,1982-09-16,PLMSC,2022-06-05,93.97,82.77,530,407,,,EA,IMP
COSMOS 1408 DEB,1982-092BWK,52227,DEB,D,CIS,1982-09-16,PLMSC,2023-12-08,93.54,82.58,467,429,,,EA,IMP
COSMOS 1408 DEB,1982-092BWL,52228,DEB,D,CIS,1982-09-16,PLMSC,2022-05-11,91.11,82.55,340,318,,,EA,IMP
COSMOS 1408 DEB,1982-092BWM,52229,DEB,D,CIS,1982-09-16,PLMSC,2022-05-08,94.49,82.42,606,382,,,EA,IMP
COSMOS 1408 DEB,1982-092BWN,52230,DEB,D,CIS,1982-09-16,PLMSC,2022-05-11,92.07,82.92,414,338,,,EA,IMP
COSMOS 1408 DEB,1982-092BWP,52231,DEB,D,CIS,1982-09-16,PLMSC,2023-02-18,93.65,82.57,463,443,,,EA,IMP
COSMOS 1408 DEB,1982-092BWQ,52232,DEB,D,CIS,1982-09-16,PLMSC,2022-12-02,91.99,82.56,383,362,,,EA,IMP
COSMOS 1408 DEB,1982-092BWR,52233,DEB,D,CIS,1982-09-16,PLMSC,2022-06-26,93.54,82.58,496,400,,,EA,IMP
COSMOS 1408 DEB,1982-092BWS,52234,DEB,D,CIS,1982-09-16,PLMSC,2022-06-20,90.42,82.52,310,280,,,EA,IMP
COSMOS 1408 DEB,1982-092BWT,52235,DEB,D,CIS,1982-09-16,PLMSC,2022-11-17,92.18,82.59,407,356,,,EA,IMP
COSMOS 1408 DEB,1982-092BWU,52236,DEB,D,CIS,1982-09-16,PLMSC,2022-12-30,89.45,82.50,252,243,,,EA,IMP
COSMOS 1408 DEB,1982-092BWV,52237,DEB,D,CIS,1982-09-16,PLMSC,2022-10-27,91.43,82.37,373,317,,,EA,IMP
COSMOS 1408 DEB,1982-092BWW,52238,DEB,D,CIS,1982-09-16,PLMSC,2022-08-12,90.05,82.53,279,275,,,EA,IMP
COSMOS 1408 DEB,1982-092BWX,52239,DEB,D,CIS,1982-09-16,PLMSC,2022-08-04,93.40,82.58,454,428,,,EA,IMP
COSMOS 1408 DEB,1982-092BWY,52240,DEB,D,CIS,1982-09-16,PLMSC,2023-02-11,89.52,82.53,256,245,,,EA,IMP
COSMOS 1408 DEB,1982-092BWZ,52241,DEB,D,CIS,1982-09-16,PLMSC,2022-11-17,92.30,82.55,398,376,,,EA,IMP
COSMOS 1408 DEB,1982-092BXA,52242,DEB,D,CIS,1982-09-16,PLMSC,2023-07-22,93.84,82.58,491,434,,,EA,IMP
COSMOS 1408 DEB,1982-092BXB,52243,DEB,D,CIS,1982-09-16,PLMSC,2023-07-28,93.41,82.52,456,427,,,EA,IMP
COSMOS 1408 DEB,1982-092BXC,52244,DEB,D,CIS,1982-09-16,PLMSC,2023-02-23,91.53,83.09,371,329,,,EA,IMP
COSMOS 1408 DEB,1982-092BXD,52245,DEB,D,CIS,1982-09-16,PLMSC,2022-05-24,91.59,82.56,361,344,,,EA,IMP
COSMOS 1408 DEB,1982-092BXE,52246,DEB,D,CIS,1982-09-16,PLMSC,2023-06-03,88.97,82.75,233,215,,,EA,IMP
COSMOS 1408 DEB,1982-092BXF,52247,DEB,D,CIS,1982-09-16,PLMSC,2022-04-26,90.19,83.01,304,263,,,EA,IMP
COSMOS 1408 DEB,1982-092BXG,52248,DEB,D,CIS,1982-09-16,PLMSC,2022-04-23,92.16,82.52,404,357,,,EA,IMP
COSMOS 1408 DEB,1982-092BXH,52249,DEB,D,CIS,1982-09-16,PLMSC,2022-04-13,91.01,82.55,325,323,,,EA,IMP
COSMOS 1408 DEB,1982-092BXJ,52250,DEB,D,CIS,1982-09-16,PLMSC,2022-04-15,90.76,82.57,313,311,,,EA,IMP
COSMOS 1408 DEB,1982-092BXK,52251,DEB,D,CIS,1982-09-16,PLMSC,2022-07-21,91.22,82.49,358,311,,,EA,IMP
COSMOS 1408 DEB,1982-092BXL,52252,DEB,D,CIS,1982-09-16,PLMSC,2022-05-03,90.44,82.48,302,290,,,EA,IMP
COSMOS 1408 DEB,1982-092BXM,52253,DEB,D,CIS,1982-09-16,PLMSC,2023-02-07,89.99,82.55,284,263,,,EA,IMP
COSMOS 1408 DEB,1982-092BXN,52254,DEB,D,CIS,1982-09-16,PLMSC,2022-10-20,92.38,82.57,405,377,,,EA,IMP
COSMOS 1408 DEB,1982-092BXP,52433,DEB,D,CIS,1982-09-16,PLMSC,2022-11-05,88.27,82.51,197,181,,,EA,IMP
COSMOS 1408 DEB,1982-092BXQ,52434,DEB,D,CIS,1982-09-16,PLMSC,2022-05-28,89.22,82.47,249,223,,,EA,IMP
COSMOS 1408 DEB,1982-092BXR,52435,DEB,D,CIS,1982-09-16,PLMSC,2022-11-21,90.93,82.52,330,311,,,EA,IMP
COSMOS 1408 DEB,1982-092BXS,52436,DEB,D,CIS,1982-09-16,PLMSC,2023-06-27,89.27,82.54,248,229,,,EA,IMP
COSMOS 1408 DEB,1982-092BXT,52437,DEB,D,CIS,1982-09-16,PLMSC,2022-12-28,92.58,82.64,430,372,,,EA,IMP
COSMOS 1408 DEB,1982-092BXU,52438,DEB,D,CIS,1982-09-16,PLMSC,2022-07-11,89.31,82.55,254,227,,,EA,IMP
COSMOS 1408 DEB,1982-092BXV,52439,DEB,D,CIS,1982-09-16,PLMSC,2022-09-17,90.35,82.48,300,283,,,EA,IMP
COSMOS 1408 DEB,1982-092BXW,52440,DEB,D,CIS,1982-09-16,PLMSC,2023-06-15,89.15,82.52,244,221,,,EA,IMP
COSMOS 1408 DEB,1982-092BXX,52441,DEB,D,CIS,1982-09-16,PLMSC,2023-04-19,90.64,82.55,310,302,,,EA,IMP
COSMOS 1408 DEB,1982-092BXY,52442,DEB,D,CIS,1982-09-16,PLMSC,2023-03-28,92.64,82.51,418,390,,,EA,IMP
COSMOS 1408 DEB,1982-092BXZ,52514,DEB,D,CIS,1982-09-16,PLMSC,2023-10-27,90.36,82.53,298,286,,,EA,IMP
COSMOS 1408 DEB,1982-092BYA,52515,DEB,D,CIS,1982-09-16,PLMSC,2022-10-12,90.83,82.55,322,309,,,EA,IMP
COSMOS 1408 DEB,1982-092BYB,52516,DEB,D,CIS,1982-09-16,PLMSC,2022-08-19,92.10,82.54,384,371,,,EA,IMP
COSMOS 1408 DEB,1982-092BYC,52517,DEB,D,CIS,1982-09-16,PLMSC,2024-06-26,94.20,82.56,537,422,,,EA,IMP
COSMOS 1408 DEB,1982-092BYD,52518,DEB,D,CIS,1982-09-16,PLMSC,2023-10-03,89.72,82.48,265,256,,,EA,IMP
COSMOS 1408 DEB,1982-092BYE,52519,DEB,D,CIS,1982-09-16,PLMSC,2022-08-04,93.99,82.52,521,418,,,EA,IMP
COSMOS 1408 DEB,1982-092BYF,52520,DEB,D,CIS,1982-09-16,PLMSC,2022-11-09,92.16,82.56,391,370,,,EA,IMP
COSMOS 1408 DEB,1982-092BYG,52521,DEB,D,CIS,1982-09-16,PLMSC,2022-11-19,91.95,82.57,381,359,,,EA,IMP
COSMOS 1408 DEB,1982-092BYH,52522,DEB,D,CIS,1982-09-16,PLMSC,2022-09-22,92.45,82.59,423,366,,,EA,IMP
COSMOS 1408 DEB,1982-092BYJ,52523,DEB,D,CIS,1982-09-16,PLMSC,2022-01-12,90.48,82.69,300,296,,,EA,IMP
COSMOS 1408 DEB,1982-092BYK,52524,DEB,D,CIS,1982-09-16,PLMSC,2022-08-25,94.91,82.57,592,437,,,EA,IMP
COSMOS 1408 DEB,1982-092BYL,52525,DEB,D,CIS,1982-09-16,PLMSC,2022-10-03,90.10,82.54,288,271,,,EA,IMP
COSMOS 1408 DEB,1982-092BYM,52526,DEB,D,CIS,1982-09-16,PLMSC,2022-07-28,91.64,82.51,376,334,,,EA,IMP
COSMOS 1408 DEB,1982-092BYN,52527,DEB,D,CIS,1982-09-16,PLMSC,2022-07-20,92.36,82.60,397,383,,,EA,IMP
COSMOS 1408 DEB,1982-092BYP,52528,DEB,D,CIS,1982-09-16,PLMSC,2022-06-16,94.16,82.64,542,413,,,EA,IMP
COSMOS 1408 DEB,1982-092BYQ,52529,DEB,D,CIS,1982-09-16,PLMSC,2022-06-26,91.57,82.68,355,349,,,EA,IMP
COSMOS 1408 DEB,1982-092BYR,52530,DEB,D,CIS,1982-09-16,PLMSC,2022-12-28,93.68,82.54,473,436,,,EA,IMP
COSMOS 1408 DEB,1982-092BYS,52531,DEB,D,CIS,1982-09-16,PLMSC,2022-12-02,92.20,82.55,393,372,,,EA,IMP
COSMOS 1408 DEB,1982-092BYT,52532,DEB,D,CIS,1982-09-16,PLMSC,2022-10-27,91.48,82.56,355,339,,,EA,IMP
COSMOS 1408 DEB,1982-092BYU,52571,DEB,D,CIS,1982-09-16,PLMSC,2023-07-22,94.04,82.61,525,419,,,EA,IMP
COSMOS 1408 DEB,1982-092BYV,52572,DEB,D,CIS,1982-09-16,PLMSC,2023-03-11,91.62,82.52,384,324,,,EA,IMP
COSMOS 1408 DEB,1982-092BYW,52573,DEB,D,CIS,1982-09-16,PLMSC,2023-09-29,96.20,82.47,700,453,,,EA,IMP
COSMOS 1408 DEB,1982-092BYX,52590,DEB,D,CIS,1982-09-16,PLMSC,2023-02-07,89.34,82.58,250,234,,,EA,IMP
COSMOS 1408 DEB,1982-092BYY,52591,DEB,D,CIS,1982-09-16,PLMSC,2023-02-03,92.55,82.52,421,377,,,EA,IMP
COSMOS 1408 DEB,1982-092BYZ,52592,DEB,D,CIS,1982-09-16,PLMSC,2022-12-28,96.20,82.41,712,441,,,EA,IMP
COSMOS 1408 DEB,1982-092BZA,52593,DEB,D,CIS,1982-09-16,PLMSC,2022-11-17,93.39,82.73,447,434,,,EA,IMP
COSMOS 1408 DEB,1982-092BZB,52594,DEB,D,CIS,1982-09-16,PLMSC,2022-12-28,93.89,82.61,471,458,,,EA,IMP
COSMOS 1408 DEB,1982-092BZC,52720,DEB,D,CIS,1982-09-16,PLMSC,2022-08-04,93.09,82.52,434,418,,,EA,IMP
COSMOS 1408 DEB,1982-092BZD,52721,DEB,D,CIS,1982-09-16,PLMSC,2022-12-15,93.20,82.59,445,417,,,EA,IMP
COSMOS 1408 DEB,1982-092BZE,52722,DEB,D,CIS,1982-09-16,PLMSC,2023-06-16,92.67,82.62,436,374,,,EA,IMP
COSMOS 1408 DEB,1982-092BZF,52723,DEB,D,CIS,1982-09-16,PLMSC,2023-03-03,93.62,82.57,469,434,,,EA,IMP
COSMOS 1408 DEB,1982-092BZG,52724,DEB,D,CIS,1982-09-16,PLMSC,2022-09-22,93.50,82.55,463,429,,,EA,IMP
COSMOS 1408 DEB,1982-092BZH,52725,DEB,D,CIS,1982-09-16,PLMSC,2023-12-06,94.14,82.53,505,449,,,EA,IMP
COSMOS 1408 DEB,1982-092BZJ,52726,DEB,D,CIS,1982-09-16,PLMSC,2023-09-29,93.75,82.57,481,435,,,EA,IMP
COSMOS 1408 DEB,1982-092BZK,52727,DEB,D,CIS,1982-09-16,PLMSC,2022-07-06,92.74,82.58,422,396,,,EA,IMP
COSMOS 1408 DEB,1982-092BZL,52728,DEB,D,CIS,1982-09-16,PLMSC,2024-03-22,95.05,82.43,584,458,,,EA,IMP
COSMOS 1408 DEB,1982-092BZM,52729,DEB,D,CIS,1982-09-16,PLMSC,2022-07-24,90.54,82.55,308,295,,,EA,IMP
COSMOS 1408 DEB,1982-092BZN,52730,DEB,D,CIS,1982-09-16,PLMSC,2022-07-09,92.96,82.75,453,386,,,EA,IMP
COSMOS 1408 DEB,1982-092BZP,52731,DEB,D,CIS,1982-09-16,PLMSC,2022-06-30,92.11,82.60,388,368,,,EA,IMP
COSMOS 1408 DEB,1982-092BZQ,52803,DEB,D,CIS,1982-09-16,PLMSC,2022-06-20,90.86,82.57,327,307,,,EA,IMP
COSMOS 1408 DEB,1982-092BZR,52804,DEB,D,CIS,1982-09-16,PLMSC,2022-06-27,89.76,82.74,279,246,,,EA,IMP
COSMOS 1408 DEB,1982-092BZS,52805,DEB,D,CIS,1982-09-16,PLMSC,2023-03-07,99.08,82.72,1027,402,,,EA,IMP
COSMOS 1408 DEB,1982-092BZT,52806,DEB,D,CIS,1982-09-16,PLMSC,2023-03-28,92.71,82.58,420,395,,,EA,IMP
COSMOS 1408 DEB,1982-092BZU,52807,DEB,D,CIS,1982-09-16,PLMSC,2022-09-22,92.52,82.50,426,370,,,EA,IMP
COSMOS 1408 DEB,1982-092BZV,52808,DEB,D,CIS,1982-09-16,PLMSC,2024-03-09,93.76,82.52,504,413,,,EA,IMP
COSMOS 1408 DEB,1982-092BZW,52809,DEB,D,CIS,1982-09-16,PLMSC,2023-05-04,95.08,82.54,623,422,,,EA,IMP
COSMOS 1408 DEB,1982-092BZX,52810,DEB,D,CIS,1982-09-16,PLMSC,2022-10-27,89.07,82.48,234,223,,,EA,IMP
COSMOS 1408 DEB,1982-092BZY,52811,DEB,D,CIS,1982-09-16,PLMSC,2023-01-01,89.03,82.54,229,224,,,EA,IMP
COSMOS 1408 DEB,1982-092BZZ,52812,DEB,D,CIS,1982-09-16,PLMSC,2022-08-29,89.39,82.55,257,232,,,EA,IMP
COSMOS 1408 DEB,1982-092CAA,52813,DEB,D,CIS,1982-09-16,PLMSC,2022-08-12,90.72,82.51,327,293,,,EA,IMP
COSMOS 1408 DEB,1982-092CAB,52814,DEB,D,CIS,1982-09-16,PLMSC,2023-12-28,91.89,82.46,390,345,,,EA,IMP
COSMOS 1408 DEB,1982-092CAC,52815,DEB,D,CIS,1982-09-16,PLMSC,2023-06-22,88.84,82.59,229,206,,,EA,IMP
COSMOS 1408 DEB,1982-092CAD,52816,DEB,D,CIS,1982-09-16,PLMSC,2023-01-05,89.36,82.56,246,240,,,EA,IMP
COSMOS 1408 DEB,1982-092CAE,52819,DEB,D,CIS,1982-09-16,PLMSC,2022-06-26,91.38,82.53,354,331,,,EA,IMP
COSMOS 1408 DEB,1982-092CAF,52820,DEB,D,CIS,1982-09-16,PLMSC,2022-08-30,92.50,82.93,450,344,,,EA,IMP
COSMOS 1408 DEB,1982-092CAG,52821,DEB,D,CIS,1982-09-16,PLMSC,2022-11-05,90.86,82.50,325,308,,,EA,IMP
COSMOS 1408 DEB,1982-092CAH,52822,DEB,D,CIS,1982-09-16,PLMSC,2024-01-28,95.37,82.57,617,456,,,EA,IMP
COSMOS 1408 DEB,1982-092CAJ,52823,DEB,D,CIS,1982-09-16,PLMSC,2023-04-10,91.02,82.49,336,313,,,EA,IMP
COSMOS 1408 DEB,1982-092CAK,52824,DEB,D,CIS,1982-09-16,PLMSC,2023-09-29,95.00,82.57,593,443,,,EA,IMP
COSMOS 1408 DEB,1982-092CAL,52825,DEB,D,CIS,1982-09-16,PLMSC,2024-01-19,92.33,82.81,421,356,,,EA,IMP
COSMOS 1408 DEB,1982-092CAM,52826,DEB,D,CIS,1982-09-16,PLMSC,2022-07-01,89.14,82.51,246,219,,,EA,IMP
COSMOS 1408 DEB,1982-092CAN,52827,DEB,D,CIS,1982-09-16,PLMSC,2022-10-20,93.56,82.47,531,366,,,EA,IMP
COSMOS 1408 DEB,1982-092CAP,52918,DEB,D,CIS,1982-09-16,PLMSC,2023-02-25,94.03,82.75,524,420,,,EA,IMP
COSMOS 1408 DEB,1982-092CAQ,52919,DEB,D,CIS,1982-09-16,PLMSC,2023-05-04,95.41,82.94,640,437,,,EA,IMP
COSMOS 1408 DEB,1982-092CAR,52920,DEB,D,CIS,1982-09-16,PLMSC,2022-08-19,93.03,81.43,464,383,,,EA,IMP
COSMOS 1408 DEB,1982-092CAS,52921,DEB,D,CIS,1982-09-16,PLMSC,2024-05-20,94.25,82.52,539,426,,,EA,IMP
COSMOS 1408 DEB,1982-092CAT,52922,DEB,D,CIS,1982-09-16,PLMSC,2022-06-29,89.79,82.59,281,248,,,EA,IMP
COSMOS 1408 DEB,1982-092CAU,52923,DEB,D,CIS,1982-09-16,PLMSC,2022-07-21,90.33,82.66,302,279,,,EA,IMP
COSMOS 1408 DEB,1982-092CAV,52924,DEB,D,CIS,1982-09-16,PLMSC,2023-07-07,95.32,82.55,637,431,,,EA,IMP
COSMOS 1408 DEB,1982-092CAW,52925,DEB,D,CIS,1982-09-16,PLMSC,2022-12-14,90.88,82.53,323,312,,,EA,IMP
COSMOS 1408 DEB,1982-092CAX,52926,DEB,D,CIS,1982-09-16,PLMSC,2022-09-22,92.87,82.62,457,374,,,EA,IMP
COSMOS 1408 DEB,1982-092CAY,52927,DEB,D,CIS,1982-09-16,PLMSC,2022-07-24,90.65,82.65,313,300,,,EA,IMP
COSMOS 1408 DEB,1982-092CAZ,52928,DEB,D,CIS,1982-09-16,PLMSC,2022-12-15,94.34,82.54,557,416,,,EA,IMP
COSMOS 1408 DEB,1982-092CBA,52929,DEB,D,CIS,1982-09-16,PLMSC,2023-02-08,89.55,82.55,256,248,,,EA,IMP
COSMOS 1408 DEB,1982-092CBB,52930,DEB,D,CIS,1982-09-16,PLMSC,2022-07-16,90.94,82.56,333,309,,,EA,IMP
COSMOS 1408 DEB,1982-092CBC,52931,DEB,D,CIS,1982-09-16,PLMSC,2022-10-03,90.99,82.60,327,318,,,EA,IMP
COSMOS 1408 DEB,1982-092CBD,52932,DEB,D,CIS,1982-09-16,PLMSC,2023-11-25,94.01,82.56,502,440,,,EA,IMP
COSMOS 1408 DEB,1982-092CBE,53094,DEB,D,CIS,1982-09-16,PLMSC,2023-04-15,93.31,82.91,466,407,,,EA,IMP
COSMOS 1408 DEB,1982-092CBF,53095,DEB,D,CIS,1982-09-16,PLMSC,2023-03-28,92.52,82.53,412,384,,,EA,IMP
COSMOS 1408 DEB,1982-092CBG,53096,DEB,D,CIS,1982-09-16,PLMSC,2023-05-23,95.75,82.88,710,400,,,EA,IMP
COSMOS 1408 DEB,1982-092CBH,53097,DEB,D,CIS,1982-09-16,PLMSC,2022-12-30,90.27,82.52,293,283,,,EA,IMP
COSMOS 1408 DEB,1982-092CBJ,53098,DEB,D,CIS,1982-09-16,PLMSC,2022-11-17,94.75,81.70,610,403,,,EA,IMP
COSMOS 1408 DEB,1982-092CBK,53099,DEB,D,CIS,1982-09-16,PLMSC,2022-11-17,92.34,82.56,399,379,,,EA,IMP
COSMOS 1408 DEB,1982-092CBL,53585,DEB,D,CIS,1982-09-16,PLMSC,2023-04-28,94.07,82.57,509,437,,,EA,IMP
COSMOS 1408 DEB,1982-092CBM,53952,DEB,D,CIS,1982-09-16,PLMSC,2022-09-28,89.77,82.54,267,259,,,EA,IMP
COSMOS 1408 DEB,1982-092CBN,53953,DEB,D,CIS,1982-09-16,PLMSC,2023-02-23,90.92,82.55,331,309,,,EA,IMP
COSMOS 1408 DEB,1982-092CBP,53954,DEB,D,CIS,1982-09-16,PLMSC,2022-10-24,89.53,82.57,260,243,,,EA,IMP
COSMOS 1408 DEB,1982-092CBQ,57270,DEB,D,CIS,1982-09-16,PLMSC,2024-03-28,91.02,82.41,336,313,,,EA,IMP
COSMOS 1408 DEB,1982-092CBR,57271,DEB,D,CIS,1982-09-16,PLMSC,2024-12-21,94.79,82.61,595,422,,,EA,IMP
COSMOS 1408 DEB,1982-092CBS,57272,DEB,D,CIS,1982-09-16,PLMSC,2024-10-04,95.70,82.54,667,438,,,EA,IMP
COSMOS 1408 DEB,1982-092CBT,57273,DEB,D,CIS,1982-09-16,PLMSC,2024-06-19,98.77,82.91,963,437,,,EA,IMP
COSMOS 1408 DEB,1982-092CBU,57274,DEB,D,CIS,1982-09-16,PLMSC,2024-05-28,95.34,82.53,645,425,,,EA,IMP
COSMOS 1408 DEB,1982-092CBV,57275,DEB,D,CIS,1982-09-16,PLMSC,2023-12-07,93.26,82.55,460,408,,,EA,IMP
COSMOS 1408 DEB,1982-092CBW,57276,DEB,D,CIS,1982-09-16,PLMSC,2024-04-06,93.98,82.58,513,425,,,EA,IMP
COSMOS 1408 DEB,1982-092CBX,57277,DEB,D,CIS,1982-09-16,PLMSC,2023-11-27,93.19,82.56,457,405,,,EA,IMP
COSMOS 1408 DEB,1982-092CBY,57278,DEB,D,CIS,1982-09-16,PLMSC,2024-11-08,94.50,82.51,560,429,,,EA,IMP
COSMOS 1408 DEB,1982-092CBZ,57279,DEB,D,CIS,1982-09-16,PLMSC,2024-03-13,94.68,82.56,587,419,,,EA,IMP
COSMOS 1408 DEB,1982-092CCA,57280,DEB,D,CIS,1982-09-16,PLMSC,2023-12-28,93.56,82.60,491,407,,,EA,IMP
COSMOS 1408 DEB,1982-092CCB,57281,DEB,D,CIS,1982-09-16,PLMSC,2024-07-23,94.47,82.53,552,434,,,EA,IMP
COSMOS 1408 DEB,1982-092CCC,57282,DEB,D,CIS,1982-09-16,PLMSC,2024-02-28,95.43,82.54,644,435,,,EA,IMP
COSMOS 1408 DEB,1982-092CCD,57283,DEB,D,CIS,1982-09-16,PLMSC,2024-11-27,93.40,82.56,467,415,,,EA,IMP
COSMOS 1408 DEB,1982-092CCE,57284,DEB,D,CIS,1982-09-16,PLMSC,2024-01-21,94.18,82.54,538,420,,,EA,IMP
COSMOS 1408 DEB,1982-092CCF,57285,DEB,D,CIS,1982-09-16,PLMSC,2024-06-30,93.59,82.58,475,426,,,EA,IMP
COSMOS 1408 DEB,1982-092CCG,57286,DEB,,CIS,1982-09-16,PLMSC,,96.18,82.56,697,453,,,EA,ORB
COSMOS 1408 DEB,1982-092CCH,57287,DEB,D,CIS,1982-09-16,PLMSC,2023-06-12,94.88,82.58,600,425,,,EA,IMP
