OBJECT_NAME,OBJECT_ID,NORAD_CAT_ID,OBJECT_TYPE,OPS_STATUS_CODE,OWNER,LAUNCH_DATE,LAUNCH_SITE,DECAY_DATE,PERIOD,INCLINATION,APOGEE,PERIGEE,RCS,DATA_STATUS_CODE,ORBIT_CENTER,ORBIT_TYPE
STARLINK-3321,2022-001A,50803,PAY,D,US,2022-01-06,AFETR,2025-02-03,87.42,53.19,148,145,,,EA,IMP
STARLINK-3323,2022-001B,50804,PAY,+,US,2022-01-06,AFETR,,93.85,53.16,464,462,,,EA,ORB
STARLINK-3333,2022-001C,50805,PAY,+,US,2022-01-06,AFETR,,94.61,53.15,501,499,,,EA,ORB
STARLINK-3335,2022-001D,50806,PAY,+,US,2022-01-06,AFETR,,93.85,53.16,464,462,,,EA,ORB
STARLINK-3353,2022-001E,50807,PAY,D,US,2022-01-06,AFETR,2024-05-24,87.84,53.20,170,165,,,EA,IMP
STARLINK-3355,2022-001F,50808,PAY,+,US,2022-01-06,AFETR,,94.01,53.16,472,470,,,EA,ORB
STARLINK-3232,2022-001G,50809,PAY,+,US,2022-01-06,AFETR,,94.01,53.16,472,470,,,EA,ORB
STARLINK-3348,2022-001H,50810,PAY,D,US,2022-01-06,AFETR,2024-07-25,87.88,53.20,177,162,,,EA,IMP
STARLINK-3347,2022-001J,50811,PAY,D,US,2022-01-06,AFETR,2024-12-26,87.25,53.19,140,136,,,EA,IMP
STARLINK-3338,2022-001K,50812,PAY,+,US,2022-01-06,AFETR,,93.79,53.16,461,459,,,EA,ORB
STARLINK-3349,2022-001L,50813,PAY,P,US,2022-01-06,AFETR,,92.78,53.20,412,409,,,EA,ORB
STARLINK-3324,2022-001M,50814,PAY,+,US,2022-01-06,AFETR,,94.01,53.16,472,470,,,EA,ORB
STARLINK-3234,2022-001N,50815,PAY,+,US,2022-01-06,AFETR,,94.01,53.16,472,470,,,EA,ORB
STARLINK-3342,2022-001P,50816,PAY,+,US,2022-01-06,AFETR,,94.74,53.21,508,504,,,EA,ORB
STARLINK-3341,2022-001Q,50817,PAY,+,US,2022-01-06,AFETR,,93.79,53.16,461,459,,,EA,ORB
STARLINK-3336,2022-001R,50818,PAY,+,US,2022-01-06,AFETR,,93.85,53.16,464,462,,,EA,ORB
STARLINK-3327,2022-001S,50819,PAY,+,US,2022-01-06,AFETR,,93.90,53.16,466,464,,,EA,ORB
STARLINK-3339,2022-001T,50820,PAY,+,US,2022-01-06,AFETR,,94.01,53.16,472,470,,,EA,ORB
STARLINK-3346,2022-001U,50821,PAY,+,US,2022-01-06,AFETR,,94.01,53.16,472,470,,,EA,ORB
STARLINK-3343,2022-001V,50822,PAY,+,US,2022-01-06,AFETR,,94.01,53.16,472,470,,,EA,ORB
STARLINK-3334,2022-001W,50823,PAY,+,US,2022-01-06,AFETR,,93.90,53.16,466,464,,,EA,ORB
STARLINK-3340,2022-001X,50824,PAY,D,US,2022-01-06,AFETR,2024-09-23,87.71,53.19,169,154,,,EA,IMP
STARLINK-3332,2022-001Y,50825,PAY,+,US,2022-01-06,AFETR,,94.01,53.16,472,470,,,EA,ORB
STARLINK-3337,2022-001Z,50826,PAY,D,US,2022-01-06,AFETR,2024-09-05,88.73,53.18,222,201,,,EA,IMP
STARLINK-3329,2022-001AA,50827,PAY,+,US,2022-01-06,AFETR,,93.85,53.16,464,462,,,EA,ORB
STARLINK-3290,2022-001AB,50828,PAY,+,US,2022-01-06,AFETR,,94.01,53.16,472,470,,,EA,ORB
STARLINK-3294,2022-001AC,50829,PAY,+,US,2022-01-06,AFETR,,93.90,53.16,466,464,,,EA,ORB
STARLINK-3278,2022-001AD,50830,PAY,+,US,2022-01-06,AFETR,,93.85,53.16,464,462,,,EA,ORB
STARLINK-3299,2022-001AE,50831,PAY,+,US,2022-01-06,AFETR,,93.98,53.16,470,468,,,EA,ORB
STARLINK-3328,2022-001AF,50832,PAY,+,US,2022-01-06,AFETR,,95.32,53.17,536,532,,,EA,ORB
STARLINK-3316,2022-001AG,50833,PAY,D,US,2022-01-06,AFETR,2024-09-29,89.51,53.18,259,242,,,EA,IMP
STARLINK-3331,2022-001AH,50834,PAY,+,US,2022-01-06,AFETR,,93.90,53.16,466,464,,,EA,ORB
STARLINK-3310,2022-001AJ,50835,PAY,+,US,2022-01-06,AFETR,,95.22,53.21,531,527,,,EA,ORB
STARLINK-3330,2022-001AK,50836,PAY,+,US,2022-01-06,AFETR,,94.01,53.16,472,470,,,EA,ORB
STARLINK-3318,2022-001AL,50837,PAY,+,US,2022-01-06,AFETR,,93.79,53.16,460,459,,,EA,ORB
STARLINK-3322,2022-001AM,50838,PAY,D,US,2022-01-06,AFETR,2025-12-06,87.37,53.16,146,142,,,EA,IMP
STARLINK-3320,2022-001AN,50839,PAY,+,US,2022-01-06,AFETR,,94.01,53.16,471,470,,,EA,ORB
STARLINK-3295,2022-001AP,50840,PAY,+,US,2022-01-06,AFETR,,93.90,53.16,466,464,,,EA,ORB
STARLINK-3300,2022-001AQ,50841,PAY,+,US,2022-01-06,AFETR,,93.90,53.16,466,464,,,EA,ORB
STARLINK-3302,2022-001AR,50842,PAY,+,US,2022-01-06,AFETR,,94.01,53.16,472,470,,,EA,ORB
STARLINK-3325,2022-001AS,50843,PAY,D,US,2022-01-06,AFETR,2026-05-24,88.50,53.21,206,195,,,EA,IMP
STARLINK-3326,2022-001AT,50844,PAY,+,US,2022-01-06,AFETR,,93.84,53.16,464,460,,,EA,ORB
STARLINK-3230,2022-001AU,50845,PAY,+,US,2022-01-06,AFETR,,94.01,53.16,472,470,,,EA,ORB
STARLINK-3308,2022-001AV,50846,PAY,+,US,2022-01-06,AFETR,,94.01,53.16,472,470,,,EA,ORB
STARLINK-3319,2022-001AW,50847,PAY,D,US,2022-01-06,AFETR,2024-12-18,87.34,53.20,144,141,,,EA,IMP
STARLINK-3315,2022-001AX,50848,PAY,+,US,2022-01-06,AFETR,,93.79,53.16,460,459,,,EA,ORB
STARLINK-3311,2022-001AY,50849,PAY,+,US,2022-01-06,AFETR,,93.85,53.16,463,462,,,EA,ORB
STARLINK-3312,2022-001AZ,50850,PAY,+,US,2022-01-06,AFETR,,94.48,53.15,496,491,,,EA,ORB
STARLINK-3314,2022-001BA,50851,PAY,+,US,2022-01-06,AFETR,,93.90,53.16,467,464,,,EA,ORB
FALCON 9 DEB,2022-001BB,50852,DEB,D,US,2022-01-06,AFETR,2022-01-22,87.56,53.18,162,145,,,EA,IMP
FALCON 9 DEB,2022-001BC,50853,DEB,D,US,2022-01-06,AFETR,2022-01-20,87.28,53.21,149,130,,,EA,IMP
FALCON 9 DEB,2022-001BD,50854,DEB,D,US,2022-01-06,AFETR,2022-01-20,87.63,53.20,166,148,,,EA,IMP
FALCON 9 DEB,2022-001BE,50855,DEB,D,US,2022-01-06,AFETR,2022-01-21,87.60,53.21,166,146,,,EA,IMP
FOSSASAT-2E2,2022-002A,50984,PAY,D,SPN,2022-01-13,AFETR,2023-06-25,87.74,97.45,171,155,,,EA,IMP
FOSSASAT-2E1,2022-002B,50985,PAY,D,SPN,2022-01-13,AFETR,2023-06-23,88.32,97.41,203,180,,,EA,IMP
UMBRA-02,2022-002C,50986,PAY,D,US,2022-01-13,AFETR,2024-11-08,87.84,97.34,175,160,,,EA,IMP
FOSSASAT-2E4,2022-002D,50987,PAY,D,SPN,2022-01-13,AFETR,2023-05-13,88.01,97.42,187,165,,,EA,IMP
TEVEL-3,2022-002E,50988,PAY,D,ISRA,2022-01-13,AFETR,2024-08-03,89.73,97.36,269,254,,,EA,IMP
TEVEL-8,2022-002F,50989,PAY,D,ISRA,2022-01-13,AFETR,2024-08-04,89.82,97.36,274,258,,,EA,IMP
FOSSASAT-2E3,2022-002G,50990,PAY,D,SPN,2022-01-13,AFETR,2023-09-09,88.43,97.33,207,186,,,EA,IMP
FOSSASAT-2E6,2022-002H,50991,PAY,D,SPN,2022-01-13,AFETR,2023-06-29,88.14,97.40,193,172,,,EA,IMP
FLOCK 4X-8,2022-002J,50992,PAY,D,US,2022-01-13,AFETR,2024-10-30,87.51,97.35,159,144,,,EA,IMP
ION SCV-004,2022-002K,50993,PAY,+,IT,2022-01-13,AFETR,,94.06,97.28,479,467,,,EA,ORB
FLOCK 4X-44,2022-002L,50994,PAY,D,US,2022-01-13,AFETR,2024-09-29,87.56,97.33,163,145,,,EA,IMP
MDASAT-1A,2022-002M,50995,PAY,D,SAFR,2022-01-13,AFETR,2025-05-07,88.06,97.32,187,170,,,EA,IMP
FLOCK 4X-2,2022-002N,50996,PAY,D,US,2022-01-13,AFETR,2024-10-30,87.75,97.35,171,155,,,EA,IMP
FLOCK 4X-20,2022-002P,50997,PAY,D,US,2022-01-13,AFETR,2024-09-14,88.16,97.36,192,175,,,EA,IMP
TEVEL-5,2022-002Q,50998,PAY,D,ISRA,2022-01-13,AFETR,2024-07-18,88.09,97.36,190,169,,,EA,IMP
TEVEL-6,2022-002R,50999,PAY,D,ISRA,2022-01-13,AFETR,2024-07-19,87.58,97.34,164,145,,,EA,IMP
FLOCK 4X-30,2022-002S,51000,PAY,D,US,2022-01-13,AFETR,2024-10-28,87.56,97.34,163,144,,,EA,IMP
FOSSASAT-2E5,2022-002T,51001,PAY,D,SPN,2022-01-13,AFETR,2023-06-01,88.30,97.41,203,178,,,EA,IMP
KEPLER-18 (BLIP-A),2022-002U,51002,PAY,D,CA,2022-01-13,AFETR,2024-08-26,87.31,97.37,149,134,,,EA,IMP
FLOCK 4X-22,2022-002V,51003,PAY,D,US,2022-01-13,AFETR,2024-09-18,87.82,97.36,175,158,,,EA,IMP
FLOCK 4X-5,2022-002W,51004,PAY,D,US,2022-01-13,AFETR,2024-10-01,87.85,97.34,178,158,,,EA,IMP
FLOCK 4X-41,2022-002X,51005,PAY,D,US,2022-01-13,AFETR,2024-10-24,87.52,97.34,159,145,,,EA,IMP
FLOCK 4X-3,2022-002Y,51006,PAY,D,US,2022-01-13,AFETR,2024-10-20,87.89,97.35,179,161,,,EA,IMP
FLOCK 4X-18,2022-002Z,51007,PAY,D,US,2022-01-13,AFETR,2024-09-02,88.73,97.34,216,207,,,EA,IMP
ICEYE-X16,2022-002AA,51008,PAY,D,FIN,2022-01-13,AFETR,2024-09-16,87.52,97.35,159,144,,,EA,IMP
FLOCK 4X-37,2022-002AB,51009,PAY,D,US,2022-01-13,AFETR,2024-08-30,88.43,97.37,203,191,,,EA,IMP
FLOCK 4X-15,2022-002AC,51010,PAY,D,US,2022-01-13,AFETR,2024-06-19,87.73,97.36,171,152,,,EA,IMP
FLOCK 4X-29,2022-002AD,51011,PAY,D,US,2022-01-13,AFETR,2024-10-11,87.52,97.36,161,142,,,EA,IMP
FLOCK 4X-27,2022-002AE,51012,PAY,D,US,2022-01-13,AFETR,2024-03-14,87.68,97.37,168,151,,,EA,IMP
TEVEL-1,2022-002AF,51013,PAY,D,ISRA,2022-01-13,AFETR,2024-08-04,87.43,97.35,159,135,,,EA,IMP
SATLLA-2B,2022-002AG,51014,PAY,D,ISRA,2022-01-13,AFETR,2023-10-30,88.13,97.40,189,175,,,EA,IMP
FLOCK 4X-12,2022-002AH,51015,PAY,D,US,2022-01-13,AFETR,2024-10-17,87.56,97.35,160,147,,,EA,IMP
FLOCK 4X-25,2022-002AJ,51016,PAY,D,US,2022-01-13,AFETR,2024-08-20,87.49,97.34,158,142,,,EA,IMP
FLOCK 4X-1,2022-002AK,51017,PAY,D,US,2022-01-13,AFETR,2024-11-01,87.38,97.33,151,138,,,EA,IMP
FLOCK 4X-42,2022-002AL,51018,PAY,D,US,2022-01-13,AFETR,2024-08-22,87.36,97.34,151,137,,,EA,IMP
TRANSPORTER-3 OBJECT AM,2022-002AM,51019,UNK,D,TBD,2022-01-13,AFETR,2023-05-03,88.47,97.43,208,189,,,EA,IMP
FLOCK 4X-16,2022-002AN,51020,PAY,D,US,2022-01-13,AFETR,2024-10-17,88.39,97.36,202,188,,,EA,IMP
LEMUR-2-RAMONAMAE,2022-002AP,51021,PAY,D,US,2022-01-13,AFETR,2024-05-29,87.68,97.37,169,149,,,EA,IMP
LEMUR-2-KING-JULIEN,2022-002AQ,51022,PAY,D,US,2022-01-13,AFETR,2024-01-18,87.96,97.39,180,167,,,EA,IMP
FLOCK 4X-38,2022-002AR,51023,PAY,D,US,2022-01-13,AFETR,2024-08-27,87.89,97.35,179,162,,,EA,IMP
FLOCK 4X-32,2022-002AS,51024,PAY,D,US,2022-01-13,AFETR,2024-10-25,87.74,97.35,172,153,,,EA,IMP
GRIZU-263A,2022-002AT,51025,PAY,D,TURK,2022-01-13,AFETR,2023-10-02,87.70,97.41,171,151,,,EA,IMP
FLOCK 4X-26,2022-002AU,51026,PAY,D,US,2022-01-13,AFETR,2024-10-24,87.48,97.35,159,140,,,EA,IMP
FLOCK 4X-43,2022-002AV,51027,PAY,D,US,2022-01-13,AFETR,2024-10-29,87.91,97.34,179,163,,,EA,IMP
FLOCK 4X-13,2022-002AW,51028,PAY,D,US,2022-01-13,AFETR,2024-09-16,87.69,97.35,169,150,,,EA,IMP
FLOCK 4X-39,2022-002AX,51029,PAY,D,US,2022-01-13,AFETR,2024-10-12,87.97,97.34,182,165,,,EA,IMP
SICH-2-30 (SICH-2-1),2022-002AY,51030,PAY,D,UKR,2022-01-13,AFETR,2025-10-08,87.77,97.29,171,157,,,EA,IMP
SANOSAT-1,2022-002AZ,51031,PAY,D,SPN,2022-01-13,AFETR,2024-02-04,87.85,97.38,175,161,,,EA,IMP
UNICORN-2D,2022-002BA,51032,PAY,D,GER,2022-01-13,AFETR,2023-04-13,88.76,97.40,221,205,,,EA,IMP
TRANSPORTER-3 OBJECT BB,2022-002BB,51033,UNK,D,TBD,2022-01-13,AFETR,2023-11-15,87.52,97.40,159,144,,,EA,IMP
FLOCK 4X-23,2022-002BC,51034,PAY,D,US,2022-01-13,AFETR,2024-03-06,87.54,97.34,163,143,,,EA,IMP
FLOCK 4X-17,2022-002BD,51035,PAY,D,US,2022-01-13,AFETR,2024-10-31,87.64,97.35,167,148,,,EA,IMP
LEMUR-2-ROHOVITHSA,2022-002BE,51036,PAY,D,US,2022-01-13,AFETR,2024-08-03,88.30,97.36,201,180,,,EA,IMP
FLOCK 4X-10,2022-002BF,51037,PAY,D,US,2022-01-13,AFETR,2024-08-25,87.48,97.37,159,140,,,EA,IMP
MDASAT-1C,2022-002BG,51038,PAY,D,SAFR,2022-01-13,AFETR,2025-05-02,88.23,97.32,195,179,,,EA,IMP
FLOCK 4X-36,2022-002BH,51039,PAY,D,US,2022-01-13,AFETR,2024-10-12,87.80,97.34,174,157,,,EA,IMP
FLOCK 4X-21,2022-002BJ,51040,PAY,D,US,2022-01-13,AFETR,2024-08-12,88.63,97.35,215,198,,,EA,IMP
FLOCK 4X-31,2022-002BK,51041,PAY,D,US,2022-01-13,AFETR,2024-08-23,87.43,97.34,157,138,,,EA,IMP
FLOCK 4X-34,2022-002BL,51042,PAY,D,US,2022-01-13,AFETR,2024-08-28,87.82,97.35,176,158,,,EA,IMP
FLOCK 4X-6,2022-002BM,51043,PAY,D,US,2022-01-13,AFETR,2024-10-20,87.50,97.35,158,143,,,EA,IMP
IRIS-A,2022-002BN,51044,PAY,D,ROC,2022-01-13,AFETR,2025-06-05,87.97,97.30,183,164,,,EA,IMP
FLOCK 4X-28,2022-002BP,51045,PAY,D,US,2022-01-13,AFETR,2024-07-21,87.52,97.36,161,142,,,EA,IMP
FLOCK 4X-19,2022-002BQ,51046,PAY,D,US,2022-01-13,AFETR,2024-04-23,87.83,97.36,175,159,,,EA,IMP
FLOCK 4X-9,2022-002BR,51047,PAY,D,US,2022-01-13,AFETR,2024-10-20,87.48,97.35,159,140,,,EA,IMP
FLOCK 4X-35,2022-002BS,51048,PAY,D,US,2022-01-13,AFETR,2024-10-23,87.52,97.33,161,143,,,EA,IMP
FLOCK 4X-11,2022-002BT,51049,PAY,D,US,2022-01-13,AFETR,2024-08-15,87.51,97.37,162,141,,,EA,IMP
MDASAT-1B,2022-002BU,51050,PAY,D,SAFR,2022-01-13,AFETR,2025-02-24,87.53,97.32,160,144,,,EA,IMP
KEPLER-19,2022-002BV,51051,PAY,D,CA,2022-01-13,AFETR,2025-03-30,87.48,97.30,159,140,,,EA,IMP
FLOCK 4X-40,2022-002BW,51052,PAY,D,US,2022-01-13,AFETR,2024-09-01,87.49,97.35,160,140,,,EA,IMP
HYPSO-1,2022-002BX,51053,PAY,+,NOR,2022-01-13,AFETR,,91.06,97.28,327,326,,,EA,ORB
LEMUR-2-MIRIWARI,2022-002BY,51054,PAY,D,US,2022-01-13,AFETR,2024-06-29,87.38,97.36,154,136,,,EA,IMP
FLOCK 4X-33,2022-002BZ,51055,PAY,D,US,2022-01-13,AFETR,2024-03-24,87.63,97.35,167,146,,,EA,IMP
FLOCK 4X-24,2022-002CA,51056,PAY,D,US,2022-01-13,AFETR,2024-08-28,88.07,97.35,190,168,,,EA,IMP
KEPLER-16 (ASTRAEUS),2022-002CB,51057,PAY,D,CA,2022-01-13,AFETR,2025-09-23,88.27,97.29,197,181,,,EA,IMP
LEMUR-2-DJIRANG,2022-002CC,51058,PAY,D,US,2022-01-13,AFETR,2024-06-29,87.67,97.35,170,148,,,EA,IMP
KEPLER-17 (KARINA),2022-002CD,51059,PAY,D,CA,2022-01-13,AFETR,2024-09-15,87.56,97.35,160,147,,,EA,IMP
ETV-A1,2022-002CE,51060,PAY,+,UK,2022-01-13,AFETR,,93.39,97.28,445,436,,,EA,ORB
BRO-5,2022-002CF,51061,PAY,+,FR,2022-01-13,AFETR,,92.91,97.29,422,412,,,EA,ORB
TEVEL-7,2022-002CG,51062,PAY,D,ISRA,2022-01-13,AFETR,2024-08-03,88.48,97.35,209,189,,,EA,IMP
TEVEL-4,2022-002CH,51063,PAY,D,ISRA,2022-01-13,AFETR,2024-08-05,88.50,97.36,210,190,,,EA,IMP
FLOCK 4X-4,2022-002CJ,51064,PAY,D,US,2022-01-13,AFETR,2024-10-11,87.77,97.35,172,156,,,EA,IMP
FLOCK 4X-7,2022-002CK,51065,PAY,D,US,2022-01-13,AFETR,2024-10-24,87.55,97.35,162,145,,,EA,IMP
FLOCK 4X-14,2022-002CL,51066,PAY,D,US,2022-01-13,AFETR,2024-08-06,87.46,97.35,158,139,,,EA,IMP
DEWASAT-1,2022-002CM,51067,PAY,D,UAE,2022-01-13,AFETR,2024-10-27,88.10,97.34,189,173,,,EA,IMP
TRANSPORTER-3 OBJECT CN,2022-002CN,51068,UNK,D,TBD,2022-01-13,AFETR,2026-03-30,88.65,97.29,215,201,,,EA,IMP
TEVEL-2,2022-002CP,51069,PAY,D,ISRA,2022-01-13,AFETR,2024-08-03,88.51,97.35,211,191,,,EA,IMP
ICEYE-X14,2022-002CQ,51070,PAY,D,US,2022-01-13,AFETR,2026-01-06,87.57,97.29,160,148,,,EA,IMP
CAPELLA-8-WHITNEY,2022-002CR,51071,PAY,D,US,2022-01-13,AFETR,2023-09-06,87.86,97.40,179,159,,,EA,IMP
CAPELLA-7-WHITNEY,2022-002CS,51072,PAY,D,US,2022-01-13,AFETR,2023-08-26,87.54,97.39,163,143,,,EA,IMP
TRANSPORTER-3 OBJECT CT,2022-002CT,51073,UNK,D,TBD,2022-01-13,AFETR,2023-04-01,88.92,97.43,231,212,,,EA,IMP
DELFI-PQ,2022-002CU,51074,PAY,D,NETH,2022-01-13,AFETR,2024-01-06,87.60,97.40,163,148,,,EA,IMP
USA 320,2022-002CV,51075,PAY,D,US,2022-01-13,AFETR,2024-11-29,88.29,97.37,194,186,,,EA,IMP
TRANSPORTER-3 OBJECT CW,2022-002CW,51076,UNK,D,TBD,2022-01-13,AFETR,2024-12-23,87.30,97.30,147,135,,,EA,IMP
USA 321,2022-002CX,51077,PAY,D,US,2022-01-13,AFETR,2023-04-01,87.59,97.44,163,148,,,EA,IMP
USA 322,2022-002CY,51078,PAY,D,US,2022-01-13,AFETR,2023-04-02,87.53,97.44,162,142,,,EA,IMP
USA 323,2022-002CZ,51079,PAY,D,US,2022-01-13,AFETR,2023-04-02,87.49,97.43,158,143,,,EA,IMP
HADES,2022-002DA,51080,PAY,D,SPN,2022-01-13,AFETR,2024-05-27,90.35,97.40,297,286,,,EA,IMP
EASAT-2,2022-002DB,51081,PAY,D,SPN,2022-01-13,AFETR,2024-05-23,88.66,97.39,217,200,,,EA,IMP
TRANSPORTER-3 OBJECT DC,2022-002DC,51082,UNK,D,TBD,2022-01-13,AFETR,2023-10-06,88.28,97.39,198,181,,,EA,IMP
TRANSPORTER-3 OBJECT DD,2022-002DD,51083,UNK,D,TBD,2022-01-13,AFETR,2024-11-22,87.89,97.34,176,164,,,EA,IMP
DODONA,2022-002DE,51084,PAY,D,US,2022-01-13,AFETR,2024-05-23,87.39,97.37,155,136,,,EA,IMP
VZLUSAT-2,2022-002DF,51085,PAY,D,CZCH,2022-01-13,AFETR,2025-11-30,87.74,97.29,169,156,,,EA,IMP
LABSAT,2022-002DG,51086,PAY,D,POL,2022-01-13,AFETR,2024-09-10,87.35,97.35,151,135,,,EA,IMP
STORK-1,2022-002DH,51087,PAY,D,POL,2022-01-13,AFETR,2024-04-29,88.75,97.38,222,203,,,EA,IMP
STORK-2,2022-002DJ,51088,PAY,D,POL,2022-01-13,AFETR,2024-05-04,87.90,97.36,182,159,,,EA,IMP
SW1FT,2022-002DK,51089,PAY,D,POL,2022-01-13,AFETR,2024-05-02,88.41,97.35,206,186,,,EA,IMP
OBJECT A,2022-003A,51094,PAY,D,TBD,2022-01-13,WRAS,2024-01-28,88.22,44.98,189,184,,,EA,IMP
TECHEDSAT 13,2022-003B,51095,PAY,D,US,2022-01-13,WRAS,2024-07-13,88.27,44.96,191,186,,,EA,IMP
OBJECT C,2022-003C,51096,PAY,D,TBD,2022-01-13,WRAS,2024-08-16,90.47,44.93,308,287,,,EA,IMP
GEARRS-3,2022-003D,51097,PAY,D,US,2022-01-13,WRAS,2024-08-07,89.83,44.93,277,256,,,EA,IMP
STORK-3,2022-003E,51098,PAY,D,POL,2022-01-13,WRAS,2023-08-27,88.17,44.94,192,175,,,EA,IMP
STEAMSAT-2,2022-003F,51099,PAY,D,POL,2022-01-13,WRAS,2023-09-25,88.02,44.90,182,171,,,EA,IMP
LEMUR-2-KRYWE,2022-003G,51100,PAY,D,US,2022-01-13,WRAS,2023-06-10,88.03,44.94,179,175,,,EA,IMP
LAUNCHERONE R/B,2022-003H,51101,R/B,D,US,2022-01-13,WRAS,2023-10-04,87.72,44.97,186,137,,,EA,IMP
SHIYAN-13 (SY-13),2022-004A,51102,PAY,+,PRC,2022-01-17,TAISC,,101.35,98.46,1257,389,,,EA,ORB
CZ-2D R/B,2022-004B,51103,R/B,,PRC,2022-01-17,TAISC,,98.35,98.48,1014,345,,,EA,ORB
STARLINK-3366,2022-005A,51104,PAY,+,US,2022-01-19,AFETR,,95.16,53.19,527,526,,,EA,ORB
STARLINK-3350,2022-005B,51105,PAY,+,US,2022-01-19,AFETR,,93.79,53.16,461,459,,,EA,ORB
STARLINK-3176,2022-005C,51106,PAY,+,US,2022-01-19,AFETR,,93.79,53.16,460,459,,,EA,ORB
STARLINK-3368,2022-005D,51107,PAY,D,US,2022-01-19,AFETR,2024-12-25,87.75,53.20,167,160,,,EA,IMP
STARLINK-3362,2022-005E,51108,PAY,+,US,2022-01-19,AFETR,,93.79,53.16,461,459,,,EA,ORB
STARLINK-3358,2022-005F,51109,PAY,+,US,2022-01-19,AFETR,,94.01,53.16,472,470,,,EA,ORB
STARLINK-3344,2022-005G,51110,PAY,+,US,2022-01-19,AFETR,,93.79,53.16,460,459,,,EA,ORB
STARLINK-3173,2022-005H,51111,PAY,+,US,2022-01-19,AFETR,,93.79,53.16,461,459,,,EA,ORB
STARLINK-3374,2022-005J,51112,PAY,+,US,2022-01-19,AFETR,,93.90,53.16,466,465,,,EA,ORB
STARLINK-3372,2022-005K,51113,PAY,+,US,2022-01-19,AFETR,,93.89,53.16,465,464,,,EA,ORB
STARLINK-3375,2022-005L,51114,PAY,+,US,2022-01-19,AFETR,,94.01,53.16,472,470,,,EA,ORB
STARLINK-3397,2022-005M,51115,PAY,+,US,2022-01-19,AFETR,,93.90,53.16,466,464,,,EA,ORB
STARLINK-3243,2022-005N,51116,PAY,+,US,2022-01-19,AFETR,,94.01,53.16,472,470,,,EA,ORB
STARLINK-3391,2022-005P,51117,PAY,+,US,2022-01-19,AFETR,,94.17,53.16,479,477,,,EA,ORB
STARLINK-3394,2022-005Q,51118,PAY,+,US,2022-01-19,AFETR,,93.84,53.16,463,462,,,EA,ORB
STARLINK-3390,2022-005R,51119,PAY,D,US,2022-01-19,AFETR,2024-07-26,87.67,53.20,164,154,,,EA,IMP
STARLINK-3398,2022-005S,51120,PAY,+,US,2022-01-19,AFETR,,93.79,53.16,461,459,,,EA,ORB
STARLINK-3399,2022-005T,51121,PAY,+,US,2022-01-19,AFETR,,95.44,53.16,541,539,,,EA,ORB
STARLINK-3373,2022-005U,51122,PAY,D,US,2022-01-19,AFETR,2024-07-04,87.54,53.20,158,147,,,EA,IMP
STARLINK-3392,2022-005V,51123,PAY,+,US,2022-01-19,AFETR,,93.79,53.16,461,459,,,EA,ORB
STARLINK-3389,2022-005W,51124,PAY,+,US,2022-01-19,AFETR,,94.21,53.16,481,480,,,EA,ORB
STARLINK-3387,2022-005X,51125,PAY,+,US,2022-01-19,AFETR,,93.79,53.16,460,459,,,EA,ORB
STARLINK-3386,2022-005Y,51126,PAY,+,US,2022-01-19,AFETR,,94.01,53.16,472,470,,,EA,ORB
STARLINK-3370,2022-005Z,51127,PAY,+,US,2022-01-19,AFETR,,94.01,53.16,472,470,,,EA,ORB
STARLINK-3400,2022-005AA,51128,PAY,+,US,2022-01-19,AFETR,,94.57,53.16,500,496,,,EA,ORB
STARLINK-3396,2022-005AB,51129,PAY,+,US,2022-01-19,AFETR,,94.43,53.16,492,490,,,EA,ORB
STARLINK-3395,2022-005AC,51130,PAY,+,US,2022-01-19,AFETR,,94.36,53.16,487,487,,,EA,ORB
STARLINK-3388,2022-005AD,51131,PAY,+,US,2022-01-19,AFETR,,94.01,53.16,471,470,,,EA,ORB
STARLINK-3393,2022-005AE,51132,PAY,+,US,2022-01-19,AFETR,,94.30,53.16,485,485,,,EA,ORB
STARLINK-3356,2022-005AF,51133,PAY,+,US,2022-01-19,AFETR,,93.64,53.16,454,452,,,EA,ORB
STARLINK-3183,2022-005AG,51134,PAY,D,US,2022-01-19,AFETR,2025-11-16,87.99,53.20,178,172,,,EA,IMP
STARLINK-3363,2022-005AH,51135,PAY,+,US,2022-01-19,AFETR,,93.79,53.16,461,459,,,EA,ORB
STARLINK-3253,2022-005AJ,51136,PAY,+,US,2022-01-19,AFETR,,93.85,53.16,464,462,,,EA,ORB
STARLINK-3180,2022-005AK,51137,PAY,+,US,2022-01-19,AFETR,,93.85,53.16,464,462,,,EA,ORB
STARLINK-3177,2022-005AL,51138,PAY,+,US,2022-01-19,AFETR,,95.31,53.17,535,532,,,EA,ORB
STARLINK-3172,2022-005AM,51139,PAY,+,US,2022-01-19,AFETR,,93.90,53.16,468,462,,,EA,ORB
STARLINK-3175,2022-005AN,51140,PAY,+,US,2022-01-19,AFETR,,94.01,53.16,472,470,,,EA,ORB
STARLINK-3179,2022-005AP,51141,PAY,+,US,2022-01-19,AFETR,,93.85,53.16,464,462,,,EA,ORB
STARLINK-3369,2022-005AQ,51142,PAY,P,US,2022-01-19,AFETR,,94.22,53.22,486,476,,,EA,ORB
STARLINK-3184,2022-005AR,51143,PAY,+,US,2022-01-19,AFETR,,93.85,53.16,464,462,,,EA,ORB
STARLINK-3185,2022-005AS,51144,PAY,+,US,2022-01-19,AFETR,,94.01,53.16,471,470,,,EA,ORB
STARLINK-3365,2022-005AT,51145,PAY,D,US,2022-01-19,AFETR,2024-12-23,89.41,53.22,250,241,,,EA,IMP
STARLINK-3354,2022-005AU,51146,PAY,+,US,2022-01-19,AFETR,,93.85,53.16,464,462,,,EA,ORB
STARLINK-3352,2022-005AV,51147,PAY,P,US,2022-01-19,AFETR,,93.78,53.19,462,457,,,EA,ORB
STARLINK-3359,2022-005AW,51148,PAY,P,US,2022-01-19,AFETR,,94.99,53.21,519,517,,,EA,ORB
STARLINK-3360,2022-005AX,51149,PAY,+,US,2022-01-19,AFETR,,93.85,53.16,463,462,,,EA,ORB
STARLINK-3357,2022-005AY,51150,PAY,+,US,2022-01-19,AFETR,,93.79,53.16,461,459,,,EA,ORB
STARLINK-3361,2022-005AZ,51151,PAY,D,US,2022-01-19,AFETR,2025-11-11,87.56,53.18,154,153,,,EA,IMP
STARLINK-3364,2022-005BA,51152,PAY,+,US,2022-01-19,AFETR,,93.90,53.16,466,464,,,EA,ORB
FALCON 9 DEB,2022-005BB,51153,DEB,D,US,2022-01-19,AFETR,2022-02-02,87.43,53.19,157,137,,,EA,IMP
FALCON 9 DEB,2022-005BC,51154,DEB,D,US,2022-01-19,AFETR,2022-02-02,87.34,53.21,153,133,,,EA,IMP
FALCON 9 DEB,2022-005BD,51155,DEB,D,US,2022-01-19,AFETR,2022-02-02,87.41,53.21,155,137,,,EA,IMP
FALCON 9 DEB,2022-005BE,51156,DEB,D,US,2022-01-19,AFETR,2022-02-02,87.34,53.22,153,132,,,EA,IMP
USA 324,2022-006A,51280,PAY,+,US,2022-01-21,AFETR,,1436.54,0.77,35822,35769,,,EA,ORB
USA 325,2022-006B,51281,PAY,+,US,2022-01-21,AFETR,,1436.09,0.59,35802,35771,,,EA,ORB
ATLAS 5 CENTAUR R/B,2022-006C,51282,R/B,,US,2022-01-21,AFETR,,1515.75,4.76,38482,36182,,,EA,ORB
LUDI TANCE 1-01A (L-SAR 01A),2022-007A,51284,PAY,+,PRC,2022-01-25,JSC,,96.75,97.81,604,602,,,EA,ORB
CZ-4C R/B,2022-007B,51285,R/B,D,PRC,2022-01-25,JSC,2026-01-24,87.49,97.68,159,142,,,EA,IMP
CZ-4C DEB,2022-007C,51286,DEB,D,PRC,2022-01-25,JSC,2022-03-05,93.57,97.74,479,419,,,EA,IMP
CSG-2,2022-008A,51444,PAY,+,IT,2022-01-31,AFETR,,97.16,97.89,624,621,,,EA,ORB
USA 326,2022-009A,51445,PAY,+,US,2022-02-02,AFWTR,,94.60,97.39,502,496,,NEA,EA,ORB
STARLINK A,2022-010A,51456,PAY,D,US,2022-02-03,AFETR,2022-02-06,87.56,53.21,164,144,,,EA,IMP
STARLINK B,2022-010B,51457,PAY,D,US,2022-02-03,AFETR,2022-02-08,89.55,53.19,303,202,,,EA,IMP
STARLINK C,2022-010C,51458,PAY,D,US,2022-02-03,AFETR,2022-02-06,89.13,53.22,271,192,,,EA,IMP
STARLINK D,2022-010D,51459,PAY,D,US,2022-02-03,AFETR,2022-02-07,89.30,53.22,287,192,,,EA,IMP
STARLINK-3167,2022-010E,51460,PAY,D,US,2022-02-03,AFETR,2024-12-24,87.34,53.20,146,140,,,EA,IMP
STARLINK-3181,2022-010F,51461,PAY,+,US,2022-02-03,AFETR,,93.89,53.16,466,463,,,EA,ORB
STARLINK-3166,2022-010G,51462,PAY,+,US,2022-02-03,AFETR,,94.01,53.16,472,470,,,EA,ORB
STARLINK-3419,2022-010H,51463,PAY,+,US,2022-02-03,AFETR,,94.01,53.16,471,470,,,EA,ORB
STARLINK-3189,2022-010J,51464,PAY,+,US,2022-02-03,AFETR,,93.90,53.16,466,464,,,EA,ORB
STARLINK-3401,2022-010K,51465,PAY,+,US,2022-02-03,AFETR,,94.47,53.16,494,492,,,EA,ORB
STARLINK L,2022-010L,51466,PAY,D,US,2022-02-03,AFETR,2022-02-09,88.75,53.21,241,185,,,EA,IMP
STARLINK-3178,2022-010M,51467,PAY,+,US,2022-02-03,AFETR,,93.90,53.16,466,465,,,EA,ORB
STARLINK-3174,2022-010N,51468,PAY,+,US,2022-02-03,AFETR,,93.87,53.16,464,463,,,EA,ORB
STARLINK-3182,2022-010P,51469,PAY,+,US,2022-02-03,AFETR,,93.79,53.16,461,459,,,EA,ORB
STARLINK Q,2022-010Q,51470,PAY,D,US,2022-02-03,AFETR,2022-02-12,87.62,53.20,167,147,,,EA,IMP
STARLINK-3165,2022-010R,51471,PAY,D,US,2022-02-03,AFETR,2023-10-17,87.91,53.20,175,167,,,EA,IMP
STARLINK-3415,2022-010S,51472,PAY,+,US,2022-02-03,AFETR,,93.79,53.16,460,459,,,EA,ORB
FALCON 9 DEB,2022-010T,51473,DEB,D,US,2022-02-03,AFETR,2022-02-16,87.64,53.20,167,147,,,EA,IMP
FALCON 9 DEB,2022-010U,51474,DEB,D,US,2022-02-03,AFETR,2022-02-16,87.31,53.19,149,134,,,EA,IMP
FALCON 9 DEB,2022-010V,51475,DEB,D,US,2022-02-03,AFETR,2022-02-14,87.36,53.20,151,137,,,EA,IMP
FALCON 9 DEB,2022-010W,51476,DEB,D,US,2022-02-03,AFETR,2022-02-16,87.38,53.20,154,135,,,EA,IMP
COSMOS 2553,2022-011A,51511,PAY,-,CIS,2022-02-05,PLMSC,,127.11,67.09,2000,1993,,,EA,ORB
ONEWEB-0410,2022-012A,51622,PAY,+,UK,2022-02-10,FRGUI,,109.29,87.92,1195,1193,,,EA,ORB
ONEWEB-0411,2022-012B,51623,PAY,+,UK,2022-02-10,FRGUI,,109.89,87.89,1223,1220,,,EA,ORB
ONEWEB-0415,2022-012C,51624,PAY,+,UK,2022-02-10,FRGUI,,109.89,87.89,1223,1221,,,EA,ORB
ONEWEB-0416,2022-012D,51625,PAY,+,UK,2022-02-10,FRGUI,,109.89,87.89,1223,1221,,,EA,ORB
ONEWEB-0422,2022-012E,51626,PAY,+,UK,2022-02-10,FRGUI,,109.29,87.92,1196,1192,,,EA,ORB
ONEWEB-0423,2022-012F,51627,PAY,+,UK,2022-02-10,FRGUI,,109.29,87.92,1195,1192,,,EA,ORB
ONEWEB-0425,2022-012G,51628,PAY,+,UK,2022-02-10,FRGUI,,109.89,87.89,1223,1221,,,EA,ORB
ONEWEB-0428,2022-012H,51629,PAY,+,UK,2022-02-10,FRGUI,,109.89,87.89,1223,1220,,,EA,ORB
ONEWEB-0431,2022-012J,51630,PAY,+,UK,2022-02-10,FRGUI,,109.89,87.89,1223,1220,,,EA,ORB
ONEWEB-0434,2022-012K,51631,PAY,+,UK,2022-02-10,FRGUI,,109.89,87.89,1223,1221,,,EA,ORB
ONEWEB-0435,2022-012L,51632,PAY,+,UK,2022-02-10,FRGUI,,109.89,87.89,1223,1220,,,EA,ORB
ONEWEB-0436,2022-012M,51633,PAY,+,UK,2022-02-10,FRGUI,,109.29,87.92,1195,1192,,,EA,ORB
ONEWEB-0438,2022-012N,51634,PAY,+,UK,2022-02-10,FRGUI,,109.89,87.89,1223,1221,,,EA,ORB
ONEWEB-0439,2022-012P,51635,PAY,+,UK,2022-02-10,FRGUI,,109.89,87.89,1223,1220,,,EA,ORB
ONEWEB-0442,2022-012Q,51636,PAY,+,UK,2022-02-10,FRGUI,,109.29,87.92,1195,1193,,,EA,ORB
ONEWEB-0443,2022-012R,51637,PAY,+,UK,2022-02-10,FRGUI,,109.29,87.92,1195,1192,,,EA,ORB
ONEWEB-0444,2022-012S,51638,PAY,+,UK,2022-02-10,FRGUI,,109.89,87.89,1223,1220,,,EA,ORB
ONEWEB-0445,2022-012T,51639,PAY,+,UK,2022-02-10,FRGUI,,109.89,87.89,1223,1220,,,EA,ORB
ONEWEB-0446,2022-012U,51640,PAY,+,UK,2022-02-10,FRGUI,,109.89,87.89,1223,1220,,,EA,ORB
ONEWEB-0448,2022-012V,51641,PAY,+,UK,2022-02-10,FRGUI,,109.89,87.89,1223,1220,,,EA,ORB
ONEWEB-0449,2022-012W,51642,PAY,+,UK,2022-02-10,FRGUI,,109.89,87.89,1223,1221,,,EA,ORB
ONEWEB-0451,2022-012X,51643,PAY,+,UK,2022-02-10,FRGUI,,109.29,87.92,1195,1192,,,EA,ORB
ONEWEB-0452,2022-012Y,51644,PAY,+,UK,2022-02-10,FRGUI,,109.29,87.92,1195,1192,,,EA,ORB
ONEWEB-0455,2022-012Z,51645,PAY,-,UK,2022-02-10,FRGUI,,101.15,87.52,824,802,,,EA,ORB
ONEWEB-0456,2022-012AA,51646,PAY,+,UK,2022-02-10,FRGUI,,109.89,87.89,1223,1220,,,EA,ORB
ONEWEB-0457,2022-012AB,51647,PAY,+,UK,2022-02-10,FRGUI,,109.89,87.89,1223,1221,,,EA,ORB
ONEWEB-0458,2022-012AC,51648,PAY,+,UK,2022-02-10,FRGUI,,109.89,87.89,1223,1220,,,EA,ORB
ONEWEB-0461,2022-012AD,51649,PAY,+,UK,2022-02-10,FRGUI,,109.29,87.92,1195,1192,,,EA,ORB
ONEWEB-0463,2022-012AE,51650,PAY,+,UK,2022-02-10,FRGUI,,109.29,87.92,1195,1192,,,EA,ORB
ONEWEB-0464,2022-012AF,51651,PAY,+,UK,2022-02-10,FRGUI,,109.89,87.89,1223,1220,,,EA,ORB
ONEWEB-0468,2022-012AG,51652,PAY,+,UK,2022-02-10,FRGUI,,109.89,87.89,1223,1220,,,EA,ORB
ONEWEB-0473,2022-012AH,51653,PAY,+,UK,2022-02-10,FRGUI,,109.89,87.89,1223,1220,,,EA,ORB
ONEWEB-0474,2022-012AJ,51654,PAY,+,UK,2022-02-10,FRGUI,,109.89,87.89,1223,1220,,,EA,ORB
ONEWEB-0475,2022-012AK,51655,PAY,+,UK,2022-02-10,FRGUI,,109.29,87.92,1196,1192,,,EA,ORB
EOS-4,2022-013A,51656,PAY,+,IND,2022-02-14,SRILR,,95.19,97.51,529,527,,,EA,ORB
INSPIRESAT 1,2022-013B,51657,PAY,D,IND,2022-02-14,SRILR,2026-05-02,87.94,97.42,179,165,,,EA,IMP
INS-2TD,2022-013C,51658,PAY,D,IND,2022-02-14,SRILR,2024-11-06,87.34,97.47,149,137,,,EA,IMP
PSLV R/B,2022-013D,51659,R/B,,IND,2022-02-14,SRILR,,90.69,97.42,313,304,,,EA,ORB
PROGRESS-MS 19,2022-014A,51660,PAY,D,CIS,2022-02-15,TYMSC,2022-10-24,92.92,51.64,421,414,,,AS,IMP
SL-4 R/B,2022-014B,51661,R/B,D,CIS,2022-02-15,TYMSC,2022-02-17,87.04,51.66,131,124,,,EA,IMP
CYGNUS NG-17,2022-015A,51712,PAY,D,US,2022-02-19,WLPIS,2022-06-29,90.13,51.64,397,165,,,EA,IMP
ANTARES R/B,2022-015B,51713,R/B,D,US,2022-02-19,WLPIS,2022-02-25,87.10,51.60,141,121,,,EA,IMP
STARLINK-3528,2022-016A,51714,PAY,+,US,2022-02-21,AFETR,,93.79,53.16,460,459,,,EA,ORB
STARLINK-3533,2022-016B,51715,PAY,+,US,2022-02-21,AFETR,,94.01,53.16,471,470,,,EA,ORB
STARLINK-3543,2022-016C,51716,PAY,+,US,2022-02-21,AFETR,,93.90,53.16,466,465,,,EA,ORB
STARLINK-3445,2022-016D,51717,PAY,+,US,2022-02-21,AFETR,,94.01,53.16,471,470,,,EA,ORB
STARLINK-3546,2022-016E,51718,PAY,+,US,2022-02-21,AFETR,,94.58,53.20,500,496,,,EA,ORB
STARLINK-3540,2022-016F,51719,PAY,+,US,2022-02-21,AFETR,,93.90,53.16,466,464,,,EA,ORB
STARLINK-3526,2022-016G,51720,PAY,+,US,2022-02-21,AFETR,,94.01,53.16,472,470,,,EA,ORB
STARLINK-3524,2022-016H,51721,PAY,+,US,2022-02-21,AFETR,,94.01,53.16,472,470,,,EA,ORB
STARLINK-3535,2022-016J,51722,PAY,+,US,2022-02-21,AFETR,,93.79,53.16,461,459,,,EA,ORB
STARLINK-3531,2022-016K,51723,PAY,D,US,2022-02-21,AFETR,2024-06-08,87.88,53.12,176,163,,,EA,IMP
STARLINK-3529,2022-016L,51724,PAY,+,US,2022-02-21,AFETR,,93.90,53.16,466,465,,,EA,ORB
STARLINK-3522,2022-016M,51725,PAY,+,US,2022-02-21,AFETR,,93.90,53.16,466,464,,,EA,ORB
STARLINK-3527,2022-016N,51726,PAY,P,US,2022-02-21,AFETR,,95.14,53.21,526,524,,,EA,ORB
STARLINK-3532,2022-016P,51727,PAY,+,US,2022-02-21,AFETR,,93.85,53.16,465,460,,,EA,ORB
STARLINK-3448,2022-016Q,51728,PAY,D,US,2022-02-21,AFETR,2025-04-16,89.40,53.65,400,89,,,EA,IMP
STARLINK-3523,2022-016R,51729,PAY,+,US,2022-02-21,AFETR,,93.79,53.16,461,459,,,EA,ORB
STARLINK-3530,2022-016S,51730,PAY,D,US,2022-02-21,AFETR,2024-12-27,87.43,53.20,149,145,,,EA,IMP
STARLINK-3514,2022-016T,51731,PAY,+,US,2022-02-21,AFETR,,93.79,53.16,460,459,,,EA,ORB
STARLINK-3518,2022-016U,51732,PAY,+,US,2022-02-21,AFETR,,93.82,53.16,462,461,,,EA,ORB
STARLINK-3525,2022-016V,51733,PAY,+,US,2022-02-21,AFETR,,93.85,53.16,464,462,,,EA,ORB
STARLINK-3450,2022-016W,51734,PAY,+,US,2022-02-21,AFETR,,93.85,53.16,464,462,,,EA,ORB
STARLINK-3517,2022-016X,51735,PAY,+,US,2022-02-21,AFETR,,93.85,53.16,464,462,,,EA,ORB
STARLINK-3447,2022-016Y,51736,PAY,+,US,2022-02-21,AFETR,,94.01,53.16,471,470,,,EA,ORB
STARLINK-3509,2022-016Z,51737,PAY,+,US,2022-02-21,AFETR,,93.66,53.16,455,453,,,EA,ORB
STARLINK-3515,2022-016AA,51738,PAY,+,US,2022-02-21,AFETR,,94.01,53.16,471,470,,,EA,ORB
STARLINK-3516,2022-016AB,51739,PAY,+,US,2022-02-21,AFETR,,93.79,53.16,461,459,,,EA,ORB
STARLINK-3500,2022-016AC,51740,PAY,+,US,2022-02-21,AFETR,,93.79,53.16,461,459,,,EA,ORB
STARLINK-3520,2022-016AD,51741,PAY,+,US,2022-02-21,AFETR,,94.01,53.16,471,470,,,EA,ORB
STARLINK-3521,2022-016AE,51742,PAY,+,US,2022-02-21,AFETR,,93.86,53.16,464,463,,,EA,ORB
STARLINK-3512,2022-016AF,51743,PAY,+,US,2022-02-21,AFETR,,93.90,53.16,466,464,,,EA,ORB
STARLINK-3452,2022-016AG,51744,PAY,+,US,2022-02-21,AFETR,,93.90,53.16,466,465,,,EA,ORB
STARLINK-3449,2022-016AH,51745,PAY,+,US,2022-02-21,AFETR,,93.85,53.16,464,462,,,EA,ORB
STARLINK-3502,2022-016AJ,51746,PAY,+,US,2022-02-21,AFETR,,94.01,53.16,472,470,,,EA,ORB
STARLINK-3446,2022-016AK,51747,PAY,+,US,2022-02-21,AFETR,,94.01,53.16,471,470,,,EA,ORB
STARLINK-3501,2022-016AL,51748,PAY,+,US,2022-02-21,AFETR,,93.85,53.16,463,462,,,EA,ORB
STARLINK-3451,2022-016AM,51749,PAY,+,US,2022-02-21,AFETR,,94.01,53.16,471,470,,,EA,ORB
STARLINK-3505,2022-016AN,51750,PAY,+,US,2022-02-21,AFETR,,94.01,53.16,472,470,,,EA,ORB
STARLINK-3506,2022-016AP,51751,PAY,+,US,2022-02-21,AFETR,,93.85,53.16,464,462,,,EA,ORB
STARLINK-3511,2022-016AQ,51752,PAY,+,US,2022-02-21,AFETR,,94.01,53.16,472,470,,,EA,ORB
STARLINK-3507,2022-016AR,51753,PAY,+,US,2022-02-21,AFETR,,93.90,53.16,466,464,,,EA,ORB
STARLINK-3457,2022-016AS,51754,PAY,+,US,2022-02-21,AFETR,,93.85,53.16,463,462,,,EA,ORB
STARLINK-3460,2022-016AT,51755,PAY,+,US,2022-02-21,AFETR,,93.85,53.16,464,462,,,EA,ORB
STARLINK-3513,2022-016AU,51756,PAY,+,US,2022-02-21,AFETR,,93.90,53.16,466,464,,,EA,ORB
STARLINK-3459,2022-016AV,51757,PAY,+,US,2022-02-21,AFETR,,93.85,53.16,463,462,,,EA,ORB
STARLINK-3458,2022-016AW,51758,PAY,+,US,2022-02-21,AFETR,,93.79,53.16,460,459,,,EA,ORB
STARLINK-3456,2022-016AX,51759,PAY,+,US,2022-02-21,AFETR,,93.85,53.16,464,462,,,EA,ORB
FALCON 9 DEB,2022-016AY,51760,DEB,D,US,2022-02-21,AFETR,2022-05-06,87.96,53.21,175,172,,,EA,IMP
FALCON 9 DEB,2022-016AZ,51761,DEB,D,US,2022-02-21,AFETR,2022-04-28,87.21,53.20,138,134,,,EA,IMP
FALCON 9 DEB,2022-016BA,51762,DEB,D,US,2022-02-21,AFETR,2022-04-28,87.76,53.21,166,161,,,EA,IMP
FALCON 9 DEB,2022-016BB,51763,DEB,D,US,2022-02-21,AFETR,2022-04-27,87.24,53.20,141,134,,,EA,IMP
ANTARES DEB,2022-015C,51767,DEB,D,US,2022-02-19,WLPIS,2022-02-22,87.82,51.62,196,136,,,EA,IMP
STARLINK-3622,2022-017A,51768,PAY,+,US,2022-02-25,AFWTR,,93.79,53.16,460,459,,,EA,ORB
STARLINK-3621,2022-017B,51769,PAY,+,US,2022-02-25,AFWTR,,95.33,53.22,535,533,,,EA,ORB
STARLINK-3612,2022-017C,51770,PAY,+,US,2022-02-25,AFWTR,,93.90,53.16,466,465,,,EA,ORB
STARLINK-3614,2022-017D,51771,PAY,+,US,2022-02-25,AFWTR,,93.79,53.16,460,459,,,EA,ORB
STARLINK-3623,2022-017E,51772,PAY,+,US,2022-02-25,AFWTR,,93.79,53.16,461,459,,,EA,ORB
STARLINK-3624,2022-017F,51773,PAY,+,US,2022-02-25,AFWTR,,95.35,53.19,536,535,,,EA,ORB
STARLINK-3629,2022-017G,51774,PAY,+,US,2022-02-25,AFWTR,,94.51,53.16,495,494,,,EA,ORB
STARLINK-3620,2022-017H,51775,PAY,P,US,2022-02-25,AFWTR,,91.09,53.22,332,324,,,EA,ORB
STARLINK-3608,2022-017J,51776,PAY,+,US,2022-02-25,AFWTR,,93.79,53.16,460,459,,,EA,ORB
STARLINK-3625,2022-017K,51777,PAY,+,US,2022-02-25,AFWTR,,93.79,53.16,460,459,,,EA,ORB
STARLINK-3615,2022-017L,51778,PAY,+,US,2022-02-25,AFWTR,,93.79,53.16,461,459,,,EA,ORB
STARLINK-3611,2022-017M,51779,PAY,+,US,2022-02-25,AFWTR,,93.79,53.16,461,459,,,EA,ORB
STARLINK-3617,2022-017N,51780,PAY,+,US,2022-02-25,AFWTR,,93.85,53.16,463,462,,,EA,ORB
STARLINK-3580,2022-017P,51781,PAY,+,US,2022-02-25,AFWTR,,93.79,53.16,461,459,,,EA,ORB
STARLINK-3616,2022-017Q,51782,PAY,+,US,2022-02-25,AFWTR,,93.85,53.16,464,462,,,EA,ORB
STARLINK-3628,2022-017R,51783,PAY,+,US,2022-02-25,AFWTR,,94.01,53.16,472,470,,,EA,ORB
STARLINK-3632,2022-017S,51784,PAY,+,US,2022-02-25,AFWTR,,93.85,53.16,464,462,,,EA,ORB
STARLINK-3646,2022-017T,51785,PAY,+,US,2022-02-25,AFWTR,,94.01,53.16,471,470,,,EA,ORB
STARLINK-3638,2022-017U,51786,PAY,+,US,2022-02-25,AFWTR,,93.85,53.16,464,462,,,EA,ORB
STARLINK-3619,2022-017V,51787,PAY,+,US,2022-02-25,AFWTR,,93.85,53.16,464,462,,,EA,ORB
STARLINK-3641,2022-017W,51788,PAY,+,US,2022-02-25,AFWTR,,93.85,53.16,463,462,,,EA,ORB
STARLINK-3639,2022-017X,51789,PAY,+,US,2022-02-25,AFWTR,,93.85,53.16,464,462,,,EA,ORB
STARLINK-3631,2022-017Y,51790,PAY,+,US,2022-02-25,AFWTR,,95.34,53.21,536,534,,,EA,ORB
STARLINK-3602,2022-017Z,51791,PAY,+,US,2022-02-25,AFWTR,,93.90,53.16,467,464,,,EA,ORB
STARLINK-3626,2022-017AA,51792,PAY,+,US,2022-02-25,AFWTR,,93.90,53.16,466,464,,,EA,ORB
STARLINK-3633,2022-017AB,51793,PAY,D,US,2022-02-25,AFWTR,2026-06-20,88.53,53.20,207,196,,,EA,IMP
STARLINK-3573,2022-017AC,51794,PAY,D,US,2022-02-25,AFWTR,2026-07-20,87.70,53.20,168,153,,,EA,IMP
STARLINK-3586,2022-017AD,51795,PAY,+,US,2022-02-25,AFWTR,,93.85,53.16,464,462,,,EA,ORB
STARLINK-3630,2022-017AE,51796,PAY,D,US,2022-02-25,AFWTR,2024-08-29,89.66,53.21,259,257,,,EA,IMP
STARLINK-3627,2022-017AF,51797,PAY,D,US,2022-02-25,AFWTR,2024-07-22,87.97,53.11,182,166,,,EA,IMP
STARLINK-3634,2022-017AG,51798,PAY,+,US,2022-02-25,AFWTR,,93.85,53.16,464,462,,,EA,ORB
STARLINK-3637,2022-017AH,51799,PAY,+,US,2022-02-25,AFWTR,,93.85,53.16,464,462,,,EA,ORB
STARLINK-3600,2022-017AJ,51800,PAY,D,US,2022-02-25,AFWTR,2023-12-15,87.61,53.18,157,155,,,EA,IMP
STARLINK-3592,2022-017AK,51801,PAY,+,US,2022-02-25,AFWTR,,93.85,53.16,464,462,,,EA,ORB
STARLINK-3557,2022-017AL,51802,PAY,D,US,2022-02-25,AFWTR,2025-12-25,87.50,53.18,154,148,,,EA,IMP
STARLINK-3544,2022-017AM,51803,PAY,+,US,2022-02-25,AFWTR,,93.85,53.16,463,462,,,EA,ORB
STARLINK-3601,2022-017AN,51804,PAY,+,US,2022-02-25,AFWTR,,93.79,53.16,460,459,,,EA,ORB
STARLINK-3605,2022-017AP,51805,PAY,+,US,2022-02-25,AFWTR,,93.90,53.16,466,464,,,EA,ORB
STARLINK-3581,2022-017AQ,51806,PAY,D,US,2022-02-25,AFWTR,2024-04-30,87.63,53.20,159,155,,,EA,IMP
STARLINK-3606,2022-017AR,51807,PAY,+,US,2022-02-25,AFWTR,,93.79,53.16,460,459,,,EA,ORB
STARLINK-3609,2022-017AS,51808,PAY,+,US,2022-02-25,AFWTR,,93.79,53.16,460,459,,,EA,ORB
STARLINK-3607,2022-017AT,51809,PAY,+,US,2022-02-25,AFWTR,,93.90,53.16,466,464,,,EA,ORB
STARLINK-3613,2022-017AU,51810,PAY,+,US,2022-02-25,AFWTR,,93.79,53.16,461,459,,,EA,ORB
STARLINK-3569,2022-017AV,51811,PAY,+,US,2022-02-25,AFWTR,,93.85,53.16,464,462,,,EA,ORB
STARLINK-3610,2022-017AW,51812,PAY,+,US,2022-02-25,AFWTR,,93.79,53.16,460,459,,,EA,ORB
STARLINK-3552,2022-017AX,51813,PAY,+,US,2022-02-25,AFWTR,,93.79,53.16,460,459,,,EA,ORB
STARLINK-3599,2022-017AY,51814,PAY,+,US,2022-02-25,AFWTR,,93.79,53.16,460,459,,,EA,ORB
STARLINK-3604,2022-017AZ,51815,PAY,+,US,2022-02-25,AFWTR,,94.01,53.16,471,470,,,EA,ORB
STARLINK-3603,2022-017BA,51816,PAY,D,US,2022-02-25,AFWTR,2026-04-21,88.26,53.20,189,188,,,EA,IMP
STARLINK-3596,2022-017BB,51817,PAY,D,US,2022-02-25,AFWTR,2023-05-21,88.04,53.17,183,172,,,EA,IMP
FALCON 9 DEB,2022-017BC,51818,DEB,D,US,2022-02-25,AFWTR,2022-04-11,87.55,53.23,158,148,,,EA,IMP
FALCON 9 DEB,2022-017BD,51819,DEB,D,US,2022-02-25,AFWTR,2022-04-09,87.50,53.20,155,146,,,EA,IMP
FALCON 9 DEB,2022-017BE,51820,DEB,D,US,2022-02-25,AFWTR,2022-04-08,87.27,53.19,146,133,,,EA,IMP
FALCON 9 DEB,2022-017BF,51821,DEB,D,US,2022-02-25,AFWTR,2022-04-07,87.57,53.21,160,149,,,EA,IMP
LUDI TANCE 1-01B (L-SAR 01B),2022-018A,51822,PAY,+,PRC,2022-02-26,JSC,,96.75,97.81,604,602,,,EA,ORB
CZ-4C R/B,2022-018B,51823,R/B,D,PRC,2022-02-26,JSC,2025-04-29,87.17,97.69,146,122,,,EA,IMP
OBJECT A,2022-019A,51824,PAY,D,PRC,2022-02-27,WSC,2026-01-01,87.43,97.36,153,141,,,EA,IMP
OBJECT B,2022-019B,51825,PAY,-,PRC,2022-02-27,WSC,,90.16,97.34,287,277,,,EA,ORB
JILIN-1 MF02A01,2022-019C,51826,PAY,D,PRC,2022-02-27,WSC,2025-02-03,87.90,97.36,177,164,,,EA,IMP
OBJECT D,2022-019D,51827,PAY,-,PRC,2022-02-27,WSC,,90.95,97.36,325,317,,,EA,ORB
OBJECT E,2022-019E,51828,PAY,-,PRC,2022-02-27,WSC,,92.18,97.38,384,378,,,EA,ORB
OBJECT F,2022-019F,51829,PAY,D,PRC,2022-02-27,WSC,2024-09-13,88.02,97.40,184,169,,,EA,IMP
OBJECT G,2022-019G,51830,PAY,D,PRC,2022-02-27,WSC,2024-09-13,88.00,97.39,185,166,,,EA,IMP
JILIN-1 GAOFEN 03D14,2022-019H,51831,PAY,D,PRC,2022-02-27,WSC,2026-04-21,87.78,97.34,173,156,,,EA,IMP
OBJECT J,2022-019J,51832,PAY,-,PRC,2022-02-27,WSC,,94.69,97.34,510,498,,,EA,ORB
OBJECT K,2022-019K,51833,PAY,D,PRC,2022-02-27,WSC,2025-06-04,87.81,97.38,175,157,,,EA,IMP
JILIN-1 GAOFEN 03D16,2022-019L,51834,PAY,D,PRC,2022-02-27,WSC,2026-04-05,88.37,97.35,200,187,,,EA,IMP
JILIN-1 GAOFEN 03D11,2022-019M,51835,PAY,D,PRC,2022-02-27,WSC,2026-04-30,87.31,97.35,151,132,,,EA,IMP
OBJECT N,2022-019N,51836,PAY,D,PRC,2022-02-27,WSC,2024-10-30,87.61,97.40,164,149,,,EA,IMP
OBJECT P,2022-019P,51837,PAY,D,PRC,2022-02-27,WSC,2024-09-07,87.29,97.39,148,132,,,EA,IMP
JILIN-1 GAOFEN 03D17,2022-019Q,51838,PAY,D,PRC,2022-02-27,WSC,2025-08-24,87.28,97.39,150,130,,,EA,IMP
JILIN-1 GAOFEN 03D15,2022-019R,51839,PAY,D,PRC,2022-02-27,WSC,2026-06-06,87.86,97.35,178,160,,,EA,IMP
JILIN-1 GAOFEN 03D10,2022-019S,51840,PAY,D,PRC,2022-02-27,WSC,2026-05-01,87.20,97.34,144,128,,,EA,IMP
JILIN-1 GAOFEN 03D12,2022-019T,51841,PAY,D,PRC,2022-02-27,WSC,2026-06-05,87.71,97.35,172,151,,,EA,IMP
OBJECT U,2022-019U,51842,PAY,D,PRC,2022-02-27,WSC,2024-07-28,87.31,97.48,152,130,,,EA,IMP
OBJECT V,2022-019V,51843,PAY,-,PRC,2022-02-27,WSC,,92.27,97.35,389,383,,,EA,ORB
JILIN-1 GAOFEN 03D18,2022-019W,51844,PAY,D,PRC,2022-02-27,WSC,2026-05-02,88.22,97.35,195,178,,,EA,IMP
OBJECT X,2022-019X,51845,PAY,D,PRC,2022-02-27,WSC,2025-03-05,87.59,97.37,164,146,,,EA,IMP
JILIN-1 GAOFEN 03D13,2022-019Y,51846,PAY,D,PRC,2022-02-27,WSC,2026-06-25,87.78,97.35,174,156,,,EA,IMP
STRIX-BETA,2022-020A,51847,PAY,D,JPN,2022-02-28,RLLB,2026-04-16,87.73,97.55,171,153,,,EA,IMP
ELECTRON KICK STAGE R/B,2022-020B,51848,R/B,D,US,2022-02-28,RLLB,2024-05-21,87.73,96.95,169,155,,,EA,IMP
ELECTRON R/B,2022-020C,51849,R/B,D,US,2022-02-28,RLLB,2022-03-15,87.78,97.70,192,137,,,EA,IMP
GOES 18,2022-021A,51850,PAY,+,US,2022-03-01,AFETR,,1436.09,0.03,35788,35785,,,EA,ORB
ATLAS 5 CENTAUR R/B,2022-021B,51851,R/B,,US,2022-03-01,AFETR,,775.98,7.35,34973,8215,,,EA,ORB
STARLINK-3542,2022-022A,51852,PAY,+,US,2022-03-03,AFETR,,93.85,53.16,463,462,,,EA,ORB
STARLINK-3539,2022-022B,51853,PAY,D,US,2022-03-03,AFETR,2025-06-26,87.79,53.21,174,156,,,EA,IMP
STARLINK-3541,2022-022C,51854,PAY,P,US,2022-03-03,AFETR,,94.66,53.21,504,501,,,EA,ORB
STARLINK-3545,2022-022D,51855,PAY,+,US,2022-03-03,AFETR,,93.85,53.16,464,462,,,EA,ORB
STARLINK-3568,2022-022E,51856,PAY,+,US,2022-03-03,AFETR,,94.01,53.16,472,470,,,EA,ORB
STARLINK-3571,2022-022F,51857,PAY,+,US,2022-03-03,AFETR,,94.01,53.16,472,470,,,EA,ORB
STARLINK-3563,2022-022G,51858,PAY,+,US,2022-03-03,AFETR,,93.85,53.16,464,462,,,EA,ORB
STARLINK-3560,2022-022H,51859,PAY,+,US,2022-03-03,AFETR,,94.01,53.16,472,470,,,EA,ORB
STARLINK-3559,2022-022J,51860,PAY,+,US,2022-03-03,AFETR,,93.79,53.16,460,459,,,EA,ORB
STARLINK-3562,2022-022K,51861,PAY,+,US,2022-03-03,AFETR,,93.85,53.16,464,462,,,EA,ORB
STARLINK-3508,2022-022L,51862,PAY,+,US,2022-03-03,AFETR,,93.85,53.16,464,462,,,EA,ORB
STARLINK-3555,2022-022M,51863,PAY,+,US,2022-03-03,AFETR,,93.79,53.16,461,459,,,EA,ORB
STARLINK-3548,2022-022N,51864,PAY,+,US,2022-03-03,AFETR,,93.79,53.16,460,459,,,EA,ORB
STARLINK-3503,2022-022P,51865,PAY,+,US,2022-03-03,AFETR,,93.79,53.16,460,459,,,EA,ORB
STARLINK-3553,2022-022Q,51866,PAY,+,US,2022-03-03,AFETR,,93.90,53.16,466,465,,,EA,ORB
STARLINK-3590,2022-022R,51867,PAY,+,US,2022-03-03,AFETR,,93.79,53.16,460,459,,,EA,ORB
STARLINK-3578,2022-022S,51868,PAY,+,US,2022-03-03,AFETR,,93.79,53.16,460,459,,,EA,ORB
STARLINK-3588,2022-022T,51869,PAY,+,US,2022-03-03,AFETR,,93.90,53.16,466,464,,,EA,ORB
STARLINK-3591,2022-022U,51870,PAY,+,US,2022-03-03,AFETR,,93.79,53.16,460,459,,,EA,ORB
STARLINK-3567,2022-022V,51871,PAY,+,US,2022-03-03,AFETR,,93.85,53.16,463,462,,,EA,ORB
STARLINK-3554,2022-022W,51872,PAY,+,US,2022-03-03,AFETR,,93.79,53.16,461,459,,,EA,ORB
STARLINK-3582,2022-022X,51873,PAY,P,US,2022-03-03,AFETR,,94.39,53.20,492,485,,,EA,ORB
STARLINK-3574,2022-022Y,51874,PAY,+,US,2022-03-03,AFETR,,93.79,53.16,460,459,,,EA,ORB
STARLINK-3585,2022-022Z,51875,PAY,+,US,2022-03-03,AFETR,,93.79,53.16,460,459,,,EA,ORB
STARLINK-3583,2022-022AA,51876,PAY,+,US,2022-03-03,AFETR,,93.79,53.16,460,459,,,EA,ORB
STARLINK-3556,2022-022AB,51877,PAY,+,US,2022-03-03,AFETR,,93.85,53.16,464,462,,,EA,ORB
STARLINK-3575,2022-022AC,51878,PAY,+,US,2022-03-03,AFETR,,93.79,53.16,461,459,,,EA,ORB
STARLINK-3572,2022-022AD,51879,PAY,+,US,2022-03-03,AFETR,,93.85,53.16,463,462,,,EA,ORB
STARLINK-3566,2022-022AE,51880,PAY,+,US,2022-03-03,AFETR,,94.49,53.16,495,493,,,EA,ORB
STARLINK-3504,2022-022AF,51881,PAY,+,US,2022-03-03,AFETR,,93.85,53.16,463,462,,,EA,ORB
STARLINK-3570,2022-022AG,51882,PAY,+,US,2022-03-03,AFETR,,94.01,53.16,472,470,,,EA,ORB
STARLINK-3576,2022-022AH,51883,PAY,+,US,2022-03-03,AFETR,,93.85,53.16,463,462,,,EA,ORB
STARLINK-3577,2022-022AJ,51884,PAY,+,US,2022-03-03,AFETR,,93.85,53.16,464,462,,,EA,ORB
STARLINK-3584,2022-022AK,51885,PAY,+,US,2022-03-03,AFETR,,93.90,53.16,466,464,,,EA,ORB
STARLINK-3565,2022-022AL,51886,PAY,+,US,2022-03-03,AFETR,,95.32,53.18,535,533,,,EA,ORB
STARLINK-3551,2022-022AM,51887,PAY,+,US,2022-03-03,AFETR,,93.85,53.16,464,462,,,EA,ORB
STARLINK-3536,2022-022AN,51888,PAY,+,US,2022-03-03,AFETR,,93.90,53.16,466,464,,,EA,ORB
STARLINK-3547,2022-022AP,51889,PAY,+,US,2022-03-03,AFETR,,93.85,53.16,463,462,,,EA,ORB
STARLINK-3519,2022-022AQ,51890,PAY,D,US,2022-03-03,AFETR,2025-05-12,87.85,53.15,172,164,,,EA,IMP
STARLINK-3549,2022-022AR,51891,PAY,+,US,2022-03-03,AFETR,,93.85,53.16,463,462,,,EA,ORB
STARLINK-3587,2022-022AS,51892,PAY,+,US,2022-03-03,AFETR,,93.85,53.16,463,462,,,EA,ORB
STARLINK-3579,2022-022AT,51893,PAY,+,US,2022-03-03,AFETR,,95.29,53.22,533,532,,,EA,ORB
STARLINK-3595,2022-022AU,51894,PAY,+,US,2022-03-03,AFETR,,93.85,53.16,463,462,,,EA,ORB
STARLINK-3594,2022-022AV,51895,PAY,+,US,2022-03-03,AFETR,,93.85,53.16,463,462,,,EA,ORB
STARLINK-3593,2022-022AW,51896,PAY,+,US,2022-03-03,AFETR,,93.90,53.16,466,465,,,EA,ORB
STARLINK-3598,2022-022AX,51897,PAY,+,US,2022-03-03,AFETR,,93.85,53.16,464,462,,,EA,ORB
STARLINK-3597,2022-022AY,51898,PAY,+,US,2022-03-03,AFETR,,93.85,53.16,464,462,,,EA,ORB
FALCON 9 DEB,2022-022AZ,51899,DEB,D,US,2022-03-03,AFETR,2022-04-17,87.38,53.21,150,140,,,EA,IMP
FALCON 9 DEB,2022-022BA,51900,DEB,D,US,2022-03-03,AFETR,2022-04-13,88.13,53.21,188,176,,,EA,IMP
FALCON 9 DEB,2022-022BB,51901,DEB,D,US,2022-03-03,AFETR,2022-04-13,87.41,53.20,150,142,,,EA,IMP
FALCON 9 DEB,2022-022BC,51902,DEB,D,US,2022-03-03,AFETR,2022-04-12,87.99,53.21,181,169,,,EA,IMP
OBJECT A,2022-023A,51946,PAY,+,PRC,2022-03-05,XICLF,,94.87,63.48,590,434,,,EA,ORB
OBJECT B,2022-023B,51947,PAY,+,PRC,2022-03-05,XICLF,,94.86,63.48,587,437,,,EA,ORB
OBJECT C,2022-023C,51948,PAY,+,PRC,2022-03-05,XICLF,,94.87,63.49,589,436,,,EA,ORB
OBJECT D,2022-023D,51949,PAY,+,PRC,2022-03-05,XICLF,,94.87,63.45,604,421,,,EA,ORB
OBJECT E,2022-023E,51950,PAY,+,PRC,2022-03-05,XICLF,,106.17,63.46,1172,926,,,EA,ORB
OBJECT F,2022-023F,51951,PAY,+,PRC,2022-03-05,XICLF,,94.87,63.45,604,421,,,EA,ORB
OBJECT G,2022-023G,51952,PAY,D,PRC,2022-03-05,XICLF,2024-06-08,87.59,63.39,167,144,,,EA,IMP
OBJECT H,2022-023H,51953,UNK,,PRC,2022-03-05,XICLF,,94.48,63.63,566,421,,,EA,ORB
NOOR-2,2022-024A,51954,PAY,D,IRAN,2022-03-08,SMTS,2024-05-17,87.88,58.24,173,166,,,EA,IMP
QASED R/B,2022-024B,51955,R/B,D,IRAN,2022-03-08,SMTS,2025-04-25,88.25,58.25,190,186,,,EA,IMP
STARLINK-3700,2022-025A,51956,PAY,+,US,2022-03-09,AFETR,,94.01,53.16,471,470,,,EA,ORB
STARLINK-3694,2022-025B,51957,PAY,+,US,2022-03-09,AFETR,,94.01,53.16,472,470,,,EA,ORB
STARLINK-3692,2022-025C,51958,PAY,+,US,2022-03-09,AFETR,,94.01,53.16,471,470,,,EA,ORB
STARLINK-3704,2022-025D,51959,PAY,+,US,2022-03-09,AFETR,,94.01,53.16,471,470,,,EA,ORB
STARLINK-3691,2022-025E,51960,PAY,+,US,2022-03-09,AFETR,,94.01,53.16,471,470,,,EA,ORB
STARLINK-3689,2022-025F,51961,PAY,D,US,2022-03-09,AFETR,2025-01-11,87.36,53.03,145,142,,,EA,IMP
STARLINK-3697,2022-025G,51962,PAY,+,US,2022-03-09,AFETR,,94.01,53.16,472,470,,,EA,ORB
STARLINK-3675,2022-025H,51963,PAY,+,US,2022-03-09,AFETR,,94.01,53.16,471,470,,,EA,ORB
STARLINK-3690,2022-025J,51964,PAY,+,US,2022-03-09,AFETR,,94.01,53.16,471,470,,,EA,ORB
STARLINK-3696,2022-025K,51965,PAY,+,US,2022-03-09,AFETR,,94.01,53.16,471,470,,,EA,ORB
STARLINK-3699,2022-025L,51966,PAY,+,US,2022-03-09,AFETR,,94.01,53.16,472,470,,,EA,ORB
STARLINK-3695,2022-025M,51967,PAY,D,US,2022-03-09,AFETR,2023-04-21,87.62,53.18,160,153,,,EA,IMP
STARLINK-3681,2022-025N,51968,PAY,+,US,2022-03-09,AFETR,,94.01,53.16,471,470,,,EA,ORB
STARLINK-3680,2022-025P,51969,PAY,+,US,2022-03-09,AFETR,,94.01,53.16,472,470,,,EA,ORB
STARLINK-3677,2022-025Q,51970,PAY,+,US,2022-03-09,AFETR,,94.01,53.16,472,470,,,EA,ORB
STARLINK-3669,2022-025R,51971,PAY,+,US,2022-03-09,AFETR,,94.01,53.16,471,470,,,EA,ORB
STARLINK-3671,2022-025S,51972,PAY,+,US,2022-03-09,AFETR,,94.01,53.16,472,470,,,EA,ORB
STARLINK-3679,2022-025T,51973,PAY,+,US,2022-03-09,AFETR,,94.01,53.16,471,470,,,EA,ORB
STARLINK-3672,2022-025U,51974,PAY,+,US,2022-03-09,AFETR,,94.01,53.16,471,470,,,EA,ORB
STARLINK-3674,2022-025V,51975,PAY,+,US,2022-03-09,AFETR,,94.01,53.16,472,469,,,EA,ORB
STARLINK-3663,2022-025W,51976,PAY,D,US,2022-03-09,AFETR,2025-12-18,87.40,53.19,147,145,,,EA,IMP
STARLINK-3660,2022-025X,51977,PAY,+,US,2022-03-09,AFETR,,94.01,53.16,471,470,,,EA,ORB
STARLINK-3666,2022-025Y,51978,PAY,D,US,2022-03-09,AFETR,2025-01-04,88.39,53.19,197,193,,,EA,IMP
STARLINK-3656,2022-025Z,51979,PAY,D,US,2022-03-09,AFETR,2025-09-25,88.08,53.21,185,174,,,EA,IMP
STARLINK-3649,2022-025AA,51980,PAY,+,US,2022-03-09,AFETR,,93.79,53.16,460,459,,,EA,ORB
STARLINK-3635,2022-025AB,51981,PAY,+,US,2022-03-09,AFETR,,94.00,53.16,471,470,,,EA,ORB
STARLINK-3650,2022-025AC,51982,PAY,D,US,2022-03-09,AFETR,2025-01-01,87.81,53.20,168,164,,,EA,IMP
STARLINK-3655,2022-025AD,51983,PAY,+,US,2022-03-09,AFETR,,93.79,53.16,460,459,,,EA,ORB
STARLINK-3664,2022-025AE,51984,PAY,+,US,2022-03-09,AFETR,,93.79,53.16,461,459,,,EA,ORB
STARLINK-3651,2022-025AF,51985,PAY,+,US,2022-03-09,AFETR,,94.01,53.16,471,470,,,EA,ORB
STARLINK-3645,2022-025AG,51986,PAY,+,US,2022-03-09,AFETR,,93.79,53.16,460,459,,,EA,ORB
STARLINK-3644,2022-025AH,51987,PAY,+,US,2022-03-09,AFETR,,93.85,53.16,464,462,,,EA,ORB
STARLINK-3640,2022-025AJ,51988,PAY,+,US,2022-03-09,AFETR,,94.01,53.16,472,470,,,EA,ORB
STARLINK-3642,2022-025AK,51989,PAY,+,US,2022-03-09,AFETR,,93.85,53.16,463,462,,,EA,ORB
STARLINK-3657,2022-025AL,51990,PAY,+,US,2022-03-09,AFETR,,93.79,53.16,461,458,,,EA,ORB
STARLINK-3652,2022-025AM,51991,PAY,+,US,2022-03-09,AFETR,,93.85,53.16,464,462,,,EA,ORB
STARLINK-3643,2022-025AN,51992,PAY,+,US,2022-03-09,AFETR,,93.80,53.16,461,460,,,EA,ORB
STARLINK-3648,2022-025AP,51993,PAY,+,US,2022-03-09,AFETR,,93.79,53.16,460,459,,,EA,ORB
STARLINK-3647,2022-025AQ,51994,PAY,+,US,2022-03-09,AFETR,,93.79,53.16,460,459,,,EA,ORB
STARLINK-3636,2022-025AR,51995,PAY,+,US,2022-03-09,AFETR,,94.01,53.16,471,470,,,EA,ORB
STARLINK-3538,2022-025AS,51996,PAY,+,US,2022-03-09,AFETR,,93.90,53.16,466,464,,,EA,ORB
STARLINK-3589,2022-025AT,51997,PAY,+,US,2022-03-09,AFETR,,93.85,53.16,463,462,,,EA,ORB
STARLINK-3618,2022-025AU,51998,PAY,+,US,2022-03-09,AFETR,,93.85,53.16,463,462,,,EA,ORB
STARLINK-3667,2022-025AV,51999,PAY,D,US,2022-03-09,AFETR,2025-10-23,87.38,53.20,151,139,,,EA,IMP
STARLINK-3653,2022-025AW,52000,PAY,+,US,2022-03-09,AFETR,,93.79,53.16,460,459,,,EA,ORB
STARLINK-3659,2022-025AX,52001,PAY,+,US,2022-03-09,AFETR,,93.79,53.16,461,459,,,EA,ORB
STARLINK-3668,2022-025AY,52002,PAY,+,US,2022-03-09,AFETR,,93.79,53.16,460,459,,,EA,ORB
STARLINK-3654,2022-025AZ,52003,PAY,D,US,2022-03-09,AFETR,2025-02-17,87.46,53.19,154,143,,,EA,IMP
FALCON 9 DEB,2022-025BA,52004,DEB,D,US,2022-03-09,AFETR,2022-04-21,88.06,53.22,186,171,,,EA,IMP
FALCON 9 DEB,2022-025BB,52005,DEB,D,US,2022-03-09,AFETR,2022-04-18,87.41,53.20,151,141,,,EA,IMP
FALCON 9 DEB,2022-025BC,52006,DEB,D,US,2022-03-09,AFETR,2022-04-17,87.46,53.21,153,144,,,EA,IMP
FALCON 9 DEB,2022-025BD,52007,DEB,D,US,2022-03-09,AFETR,2022-04-17,87.70,53.21,166,155,,,EA,IMP
S4 CROSSOVER & ASTRA R/B,2022-026A,52008,PAY,D,US,2022-03-15,KODAK,2024-01-01,86.88,97.44,127,112,,,EA,IMP
SPACEBEE-121,2022-026B,52009,PAY,D,US,2022-03-15,KODAK,2024-03-06,89.45,97.46,253,242,,,EA,IMP
SPACEBEE-114,2022-026C,52010,PAY,D,US,2022-03-15,KODAK,2024-02-25,87.84,97.46,174,162,,,EA,IMP
SPACEBEE-126,2022-026D,52011,PAY,D,US,2022-03-15,KODAK,2024-02-24,88.10,97.45,185,175,,,EA,IMP
SPACEBEE-118,2022-026E,52012,PAY,D,US,2022-03-15,KODAK,2024-02-21,88.55,97.46,206,200,,,EA,IMP
SPACEBEE-120,2022-026F,52013,PAY,D,US,2022-03-15,KODAK,2024-02-24,88.35,97.46,198,188,,,EA,IMP
SPACEBEE-122,2022-026G,52014,PAY,D,US,2022-03-15,KODAK,2024-02-19,88.38,97.46,198,190,,,EA,IMP
SPACEBEE-119,2022-026H,52015,PAY,D,US,2022-03-15,KODAK,2024-03-02,87.56,97.46,160,148,,,EA,IMP
SPACEBEE-115,2022-026J,52016,PAY,D,US,2022-03-15,KODAK,2024-03-11,87.77,97.46,171,158,,,EA,IMP
ORESAT0,2022-026K,52017,PAY,D,US,2022-03-15,KODAK,2024-09-29,87.46,97.45,157,140,,,EA,IMP
SPACEBEENZ-14,2022-026L,52018,PAY,D,NZ,2022-03-15,KODAK,2023-11-21,88.72,97.46,216,207,,,EA,IMP
SPACEBEENZ-11,2022-026M,52019,PAY,D,NZ,2022-03-15,KODAK,2023-11-05,87.65,97.46,161,155,,,EA,IMP
SPACEBEE-127,2022-026N,52020,PAY,D,US,2022-03-15,KODAK,2024-03-23,87.62,97.45,163,150,,,EA,IMP
SPACEBEE-125,2022-026P,52021,PAY,D,US,2022-03-15,KODAK,2024-02-19,88.43,97.46,202,192,,,EA,IMP
SPACEBEE-117,2022-026Q,52022,PAY,D,US,2022-03-15,KODAK,2024-03-16,87.49,97.45,158,142,,,EA,IMP
SPACEBEE-116,2022-026R,52023,PAY,D,US,2022-03-15,KODAK,2024-03-09,87.74,97.46,168,157,,,EA,IMP
SPACEBEE-113,2022-026S,52024,PAY,D,US,2022-03-15,KODAK,2024-02-27,88.53,97.46,208,196,,,EA,IMP
SPACEBEE-112,2022-026T,52025,PAY,D,US,2022-03-15,KODAK,2024-01-10,87.47,97.45,156,142,,,EA,IMP
SPACEBEENZ-13,2022-026U,52026,PAY,D,NZ,2022-03-15,KODAK,2023-11-16,87.68,97.45,168,151,,,EA,IMP
SPACEBEE-123,2022-026V,52027,PAY,D,US,2022-03-15,KODAK,2024-03-07,87.53,97.46,159,146,,,EA,IMP
SPACEBEENZ-12,2022-026W,52028,PAY,D,NZ,2022-03-15,KODAK,2023-12-13,87.67,97.47,167,152,,,EA,IMP
SPACEBEE-124,2022-026X,52029,PAY,D,US,2022-03-15,KODAK,2024-03-06,88.42,97.46,202,191,,,EA,IMP
YAOGAN-34 02,2022-027A,52084,PAY,+,PRC,2022-03-17,JSC,,107.03,63.40,1132,1046,,,EA,ORB
CZ-4C R/B,2022-027B,52085,R/B,,PRC,2022-03-17,JSC,,105.46,63.39,1192,840,,,EA,ORB
SOYUZ-MS 21,2022-028A,52086,PAY,D,CIS,2022-03-18,TYMSC,2022-09-29,92.88,51.64,417,414,,,EA,LAN
SL-4 R/B,2022-028B,52087,R/B,D,CIS,2022-03-18,TYMSC,2022-03-21,87.13,51.64,134,131,,,EA,IMP
STARLINK-3537,2022-029A,52088,PAY,D,US,2022-03-19,AFETR,2025-08-08,87.56,53.19,160,147,,,EA,IMP
STARLINK-3722,2022-029B,52089,PAY,D,US,2022-03-19,AFETR,2025-12-13,87.40,53.20,149,142,,,EA,IMP
STARLINK-3712,2022-029C,52090,PAY,+,US,2022-03-19,AFETR,,93.90,53.16,466,464,,,EA,ORB
STARLINK-3713,2022-029D,52091,PAY,D,US,2022-03-19,AFETR,2025-01-28,88.01,53.20,179,173,,,EA,IMP
STARLINK-3716,2022-029E,52092,PAY,+,US,2022-03-19,AFETR,,94.43,53.16,492,490,,,EA,ORB
STARLINK-3673,2022-029F,52093,PAY,+,US,2022-03-19,AFETR,,93.85,53.16,464,462,,,EA,ORB
STARLINK-3714,2022-029G,52094,PAY,+,US,2022-03-19,AFETR,,93.85,53.16,464,462,,,EA,ORB
STARLINK-3701,2022-029H,52095,PAY,+,US,2022-03-19,AFETR,,93.85,53.16,464,462,,,EA,ORB
STARLINK-3717,2022-029J,52096,PAY,+,US,2022-03-19,AFETR,,93.90,53.16,466,464,,,EA,ORB
STARLINK-3676,2022-029K,52097,PAY,D,US,2022-03-19,AFETR,2022-04-18,88.19,53.21,192,178,,,EA,IMP
STARLINK-3665,2022-029L,52098,PAY,+,US,2022-03-19,AFETR,,93.79,53.16,461,459,,,EA,ORB
STARLINK-3662,2022-029M,52099,PAY,D,US,2022-03-19,AFETR,2022-04-17,88.03,53.20,179,175,,,EA,IMP
STARLINK-3702,2022-029N,52100,PAY,+,US,2022-03-19,AFETR,,93.85,53.16,464,462,,,EA,ORB
STARLINK-3703,2022-029P,52101,PAY,+,US,2022-03-19,AFETR,,93.79,53.16,461,459,,,EA,ORB
STARLINK-3709,2022-029Q,52102,PAY,+,US,2022-03-19,AFETR,,93.90,53.16,466,464,,,EA,ORB
STARLINK-3705,2022-029R,52103,PAY,+,US,2022-03-19,AFETR,,93.85,53.16,464,462,,,EA,ORB
STARLINK-3693,2022-029S,52104,PAY,D,US,2022-03-19,AFETR,2022-04-18,87.55,53.20,158,148,,,EA,IMP
STARLINK-3706,2022-029T,52105,PAY,+,US,2022-03-19,AFETR,,93.86,53.16,465,462,,,EA,ORB
STARLINK-3670,2022-029U,52106,PAY,+,US,2022-03-19,AFETR,,93.85,53.16,464,462,,,EA,ORB
STARLINK-3658,2022-029V,52107,PAY,+,US,2022-03-19,AFETR,,93.79,53.16,461,459,,,EA,ORB
STARLINK-3698,2022-029W,52108,PAY,+,US,2022-03-19,AFETR,,93.90,53.16,466,464,,,EA,ORB
STARLINK-3731,2022-029X,52109,PAY,D,US,2022-03-19,AFETR,2022-04-01,87.61,53.23,157,155,,,EA,IMP
STARLINK-3687,2022-029Y,52110,PAY,+,US,2022-03-19,AFETR,,93.90,53.16,466,465,,,EA,ORB
STARLINK-3708,2022-029Z,52111,PAY,+,US,2022-03-19,AFETR,,93.85,53.16,464,462,,,EA,ORB
STARLINK-3734,2022-029AA,52112,PAY,P,US,2022-03-19,AFETR,,94.33,53.20,487,485,,,EA,ORB
STARLINK-3736,2022-029AB,52113,PAY,+,US,2022-03-19,AFETR,,93.90,53.16,466,464,,,EA,ORB
STARLINK-3737,2022-029AC,52114,PAY,+,US,2022-03-19,AFETR,,93.85,53.16,464,462,,,EA,ORB
STARLINK-3685,2022-029AD,52115,PAY,+,US,2022-03-19,AFETR,,93.85,53.16,463,462,,,EA,ORB
STARLINK-3735,2022-029AE,52116,PAY,+,US,2022-03-19,AFETR,,93.85,53.16,464,462,,,EA,ORB
STARLINK-3738,2022-029AF,52117,PAY,+,US,2022-03-19,AFETR,,93.85,53.16,464,462,,,EA,ORB
STARLINK-3743,2022-029AG,52118,PAY,+,US,2022-03-19,AFETR,,93.85,53.16,464,462,,,EA,ORB
STARLINK-3558,2022-029AH,52119,PAY,+,US,2022-03-19,AFETR,,93.85,53.16,464,462,,,EA,ORB
STARLINK-3534,2022-029AJ,52120,PAY,+,US,2022-03-19,AFETR,,93.85,53.16,464,462,,,EA,ORB
STARLINK-3678,2022-029AK,52121,PAY,+,US,2022-03-19,AFETR,,94.35,53.16,488,486,,,EA,ORB
STARLINK-3726,2022-029AL,52122,PAY,+,US,2022-03-19,AFETR,,93.90,53.16,466,464,,,EA,ORB
STARLINK-3725,2022-029AM,52123,PAY,+,US,2022-03-19,AFETR,,94.98,53.16,519,516,,,EA,ORB
STARLINK-3684,2022-029AN,52124,PAY,D,US,2022-03-19,AFETR,2025-01-04,87.48,53.19,152,148,,,EA,IMP
STARLINK-3727,2022-029AP,52125,PAY,+,US,2022-03-19,AFETR,,94.98,53.16,519,515,,,EA,ORB
STARLINK-3732,2022-029AQ,52126,PAY,+,US,2022-03-19,AFETR,,94.96,53.16,518,515,,,EA,ORB
STARLINK-3715,2022-029AR,52127,PAY,+,US,2022-03-19,AFETR,,94.32,53.16,486,485,,,EA,ORB
STARLINK-3719,2022-029AS,52128,PAY,D,US,2022-03-19,AFETR,2022-04-16,87.16,53.18,147,121,,,EA,IMP
STARLINK-3661,2022-029AT,52129,PAY,+,US,2022-03-19,AFETR,,95.16,53.16,527,525,,,EA,ORB
STARLINK-3710,2022-029AU,52130,PAY,D,US,2022-03-19,AFETR,2022-04-17,87.40,53.19,147,145,,,EA,IMP
STARLINK-3711,2022-029AV,52131,PAY,P,US,2022-03-19,AFETR,,94.66,53.22,504,500,,,EA,ORB
STARLINK-3718,2022-029AW,52132,PAY,+,US,2022-03-19,AFETR,,94.26,53.17,483,482,,,EA,ORB
STARLINK-3707,2022-029AX,52133,PAY,+,US,2022-03-19,AFETR,,94.14,53.16,478,475,,,EA,ORB
STARLINK-3721,2022-029AY,52134,PAY,+,US,2022-03-19,AFETR,,94.11,53.16,477,474,,,EA,ORB
STARLINK-3729,2022-029AZ,52135,PAY,D,US,2022-03-19,AFETR,2026-06-14,87.53,53.21,158,147,,,EA,IMP
STARLINK-3720,2022-029BA,52136,PAY,+,US,2022-03-19,AFETR,,94.58,53.16,500,497,,,EA,ORB
STARLINK-3733,2022-029BB,52137,PAY,+,US,2022-03-19,AFETR,,94.94,53.16,516,516,,,EA,ORB
STARLINK-3723,2022-029BC,52138,PAY,+,US,2022-03-19,AFETR,,94.99,53.16,519,517,,,EA,ORB
STARLINK-3730,2022-029BD,52139,PAY,+,US,2022-03-19,AFETR,,93.85,53.16,464,462,,,EA,ORB
STARLINK-3682,2022-029BE,52140,PAY,+,US,2022-03-19,AFETR,,94.27,53.16,484,483,,,EA,ORB
FALCON 9 DEB,2022-029BF,52141,DEB,D,US,2022-03-19,AFETR,2022-04-28,87.98,53.21,180,169,,,EA,IMP
FALCON 9 DEB,2022-029BG,52142,DEB,D,US,2022-03-19,AFETR,2022-04-29,87.89,53.20,176,164,,,EA,IMP
FALCON 9 DEB,2022-029BH,52143,DEB,D,US,2022-03-19,AFETR,2022-04-26,87.29,53.19,145,135,,,EA,IMP
FALCON 9 DEB,2022-029BJ,52144,DEB,D,US,2022-03-19,AFETR,2022-04-24,87.47,53.19,155,144,,,EA,IMP
MERIDIAN 10,2022-030A,52145,PAY,+,CIS,2022-03-22,PLMSC,,717.84,62.68,38243,2115,,,EA,ORB
FREGAT R/B,2022-030B,52146,R/B,,CIS,2022-03-22,PLMSC,,719.38,62.70,38528,1905,,,EA,ORB
TK-2,2022-031A,52150,PAY,+,PRC,2022-03-29,TAISC,,95.75,97.83,564,546,,,EA,ORB
PUJIANG 2 (PJ-2),2022-031B,52151,PAY,+,PRC,2022-03-29,TAISC,,96.36,97.86,592,576,,,EA,ORB
CZ-6A R/B,2022-031C,52152,R/B,,PRC,2022-03-29,TAISC,,95.48,97.80,554,530,,,EA,ORB
TIANPING 2A,2022-032A,52153,PAY,+,PRC,2022-03-30,JSC,,96.17,97.58,582,569,,,EA,ORB
CZ-11 R/B,2022-032B,52154,R/B,D,PRC,2022-03-30,JSC,2022-04-07,87.14,97.60,173,92,,,EA,IMP
TIANPING 2B,2022-032C,52155,PAY,+,PRC,2022-03-30,JSC,,95.88,97.58,575,547,,,EA,ORB
TIANPING 2C,2022-032D,52156,PAY,+,PRC,2022-03-30,JSC,,95.25,97.58,534,528,,,EA,ORB
OMNI-L1,2022-033A,52157,PAY,+,US,2022-04-01,AFETR,,97.10,97.84,625,615,,,EA,ORB
GNOMES-3,2022-033B,52158,PAY,+,US,2022-04-01,AFETR,,96.95,97.82,621,604,,,EA,ORB
ENMAP,2022-033C,52159,PAY,+,GER,2022-04-01,AFETR,,97.63,97.98,646,644,,,EA,ORB
ALFACRUX,2022-033D,52160,PAY,D,BRAZ,2022-04-01,AFETR,2024-04-03,87.34,97.30,150,135,,,EA,IMP
ARCSAT-1,2022-033E,52161,PAY,+,NOR,2022-04-01,AFETR,,92.60,97.27,404,400,,,EA,ORB
LYNK TOWER 1,2022-033F,52162,PAY,D,US,2022-04-01,AFETR,2026-03-11,88.25,97.25,193,183,,,EA,IMP
ION SCV-005,2022-033G,52163,PAY,D,IT,2022-04-01,AFETR,2024-08-06,89.27,97.32,263,214,,,EA,IMP
SPACEBEE-136,2022-033H,52164,PAY,D,US,2022-04-01,AFETR,2023-10-01,87.84,97.30,175,160,,,EA,IMP
HAWK-4B,2022-033J,52165,PAY,D,US,2022-04-01,AFETR,2025-08-30,87.39,97.28,153,137,,,EA,IMP
SPACEBEE-138,2022-033K,52166,PAY,D,US,2022-04-01,AFETR,2023-10-03,87.58,97.31,164,145,,,EA,IMP
HAWK-4A,2022-033L,52167,PAY,D,US,2022-04-01,AFETR,2025-08-30,87.49,97.27,159,142,,,EA,IMP
NUSAT-23 (ANNIE MAUNDER),2022-033M,52168,PAY,D,ARGN,2022-04-01,AFETR,2024-10-28,87.26,97.29,146,131,,,EA,IMP
MP42,2022-033N,52169,PAY,D,LTU,2022-04-01,AFETR,2024-10-20,87.42,97.30,155,138,,,EA,IMP
HAWK-4C,2022-033P,52170,PAY,D,US,2022-04-01,AFETR,2025-09-01,87.40,97.27,152,139,,,EA,IMP
NUSAT-25 (MARIA TELKES),2022-033Q,52171,PAY,D,ARGN,2022-04-01,AFETR,2025-12-20,87.92,97.22,177,166,,,EA,IMP
NUSAT-27 (SALLY RIDE),2022-033R,52172,PAY,D,ARGN,2022-04-01,AFETR,2024-08-01,88.90,97.26,228,212,,,EA,IMP
SHAKUNTALA,2022-033S,52173,PAY,D,IND,2022-04-01,AFETR,2024-01-13,87.50,97.33,160,141,,,EA,IMP
BRO-7,2022-033T,52174,PAY,D,FR,2022-04-01,AFETR,2025-06-12,87.69,97.27,171,149,,,EA,IMP
BDSAT,2022-033U,52175,PAY,D,CZCH,2022-04-01,AFETR,2024-03-07,87.36,97.29,152,135,,,EA,IMP
SPACEBEE-130,2022-033V,52176,PAY,D,US,2022-04-01,AFETR,2023-09-29,87.62,97.32,165,149,,,EA,IMP
SPACEBEE-139,2022-033W,52177,PAY,D,US,2022-04-01,AFETR,2023-10-12,88.88,97.32,226,213,,,EA,IMP
NUSAT-24 (KALPANA CHAWLA),2022-033X,52178,PAY,D,ARGN,2022-04-01,AFETR,2025-01-05,87.52,97.23,158,145,,,EA,IMP
SPACEBEE-129,2022-033Y,52179,PAY,D,US,2022-04-01,AFETR,2023-10-16,87.61,97.31,164,149,,,EA,IMP
SPACEBEE-134,2022-033Z,52180,PAY,D,US,2022-04-01,AFETR,2023-10-17,89.28,97.31,245,233,,,EA,IMP
SPACEBEE-131,2022-033AA,52181,PAY,D,US,2022-04-01,AFETR,2023-10-17,89.71,97.32,266,254,,,EA,IMP
SPACEBEE-128,2022-033AB,52182,PAY,D,US,2022-04-01,AFETR,2023-10-11,89.12,97.32,237,225,,,EA,IMP
SPACEBEE-133,2022-033AC,52183,PAY,D,US,2022-04-01,AFETR,2023-10-17,89.11,97.32,238,223,,,EA,IMP
NUSAT-26 (M SOMERVILLE),2022-033AD,52184,PAY,+,ARGN,2022-04-01,AFETR,,93.24,97.23,437,429,,,EA,ORB
SPACEBEE-132,2022-033AE,52185,PAY,D,US,2022-04-01,AFETR,2023-10-03,87.72,97.31,170,154,,,EA,IMP
SPACEBEE-137,2022-033AF,52186,PAY,D,US,2022-04-01,AFETR,2023-10-15,87.45,97.31,156,141,,,EA,IMP
SPACEBEE-135,2022-033AG,52187,PAY,D,US,2022-04-01,AFETR,2023-10-03,89.16,97.32,239,226,,,EA,IMP
PLANTSAT,2022-033AH,52188,PAY,D,CHLE,2022-04-01,AFETR,2024-03-04,87.46,97.30,158,139,,,EA,IMP
KSF2-C,2022-033AJ,52189,PAY,D,LUXE,2022-04-01,AFETR,2024-08-16,90.72,97.33,313,307,,,EA,IMP
KSF2-D,2022-033AK,52190,PAY,D,LUXE,2022-04-01,AFETR,2023-12-05,87.48,97.31,156,143,,,EA,IMP
SUCHAI-3,2022-033AL,52191,PAY,D,CHLE,2022-04-01,AFETR,2024-05-25,87.41,97.30,157,135,,,EA,IMP
SUCHAI-2,2022-033AM,52192,PAY,D,CHLE,2022-04-01,AFETR,2024-10-06,87.32,97.26,149,135,,,EA,IMP
KSF2-B,2022-033AN,52193,PAY,D,LUXE,2022-04-01,AFETR,2024-02-12,87.95,97.31,181,165,,,EA,IMP
KSF2-A,2022-033AP,52194,PAY,D,LUXE,2022-04-01,AFETR,2024-08-13,90.78,97.33,315,310,,,EA,IMP
ELECTRON DEB,2022-034A,52195,DEB,D,US,2022-04-02,RLLB,2022-06-21,88.14,52.97,191,173,,,EA,IMP
GLOBAL-18,2022-034B,52196,PAY,+,US,2022-04-02,RLLB,,92.98,52.98,424,418,,,EA,ORB
GLOBAL-20,2022-034C,52197,PAY,D,US,2022-04-02,RLLB,2025-04-01,87.35,52.96,146,141,,,EA,IMP
ELECTRON R/B,2022-034D,52198,R/B,D,US,2022-04-02,RLLB,2022-04-06,87.80,53.00,195,136,,,EA,IMP
ELECTRON KICK STAGE R/B,2022-034E,52199,R/B,D,US,2022-04-02,RLLB,2022-04-11,88.24,53.01,231,143,,,EA,IMP
GAOFEN-3 03,2022-035A,52200,PAY,+,PRC,2022-04-06,JSC,,99.85,98.41,752,750,,,EA,ORB
CZ-4C R/B,2022-035B,52201,R/B,,PRC,2022-04-06,JSC,,97.66,98.23,720,573,,,EA,ORB
COSMOS 2554,2022-036A,52202,PAY,+,CIS,2022-04-07,PLMSC,,103.10,67.15,909,902,,,EA,ORB
SL-4 R/B,2022-036B,52203,R/B,D,CIS,2022-04-07,PLMSC,2022-11-30,86.90,67.07,136,106,,,EA,IMP
AXIOM-1 (AX-1),2022-037A,52204,PAY,D,US,2022-04-08,AFETR,2022-04-25,90.79,51.64,402,225,,,EA,LAN
ZHONGXING-6D,2022-038A,52255,PAY,+,PRC,2022-04-15,XICLF,,1434.37,0.03,35780,35725,,,EA,ORB
CZ-3B R/B,2022-038B,52256,R/B,,PRC,2022-04-15,XICLF,,292.77,28.07,16287,167,,,EA,ORB
DAQI-1,2022-039A,52257,PAY,+,PRC,2022-04-15,TAISC,,98.79,98.15,704,697,,,EA,ORB
CZ-4C R/B,2022-039B,52258,R/B,,PRC,2022-04-15,TAISC,,95.77,98.24,632,479,,,EA,ORB
USA 327,2022-040A,52259,PAY,+,US,2022-04-17,AFWTR,,107.38,63.44,1113,1098,,NEA,EA,ORB
STARLINK-3810,2022-041A,52261,PAY,D,US,2022-04-21,AFETR,2024-12-27,87.37,53.19,147,141,,,EA,IMP
STARLINK-3761,2022-041B,52262,PAY,+,US,2022-04-21,AFETR,,94.22,53.16,482,480,,,EA,ORB
STARLINK-3786,2022-041C,52263,PAY,+,US,2022-04-21,AFETR,,94.22,53.16,482,480,,,EA,ORB
STARLINK-3795,2022-041D,52264,PAY,+,US,2022-04-21,AFETR,,93.85,53.16,463,462,,,EA,ORB
STARLINK-3740,2022-041E,52265,PAY,+,US,2022-04-21,AFETR,,93.79,53.16,461,459,,,EA,ORB
STARLINK-3739,2022-041F,52266,PAY,+,US,2022-04-21,AFETR,,95.30,53.21,535,531,,,EA,ORB
STARLINK-3748,2022-041G,52267,PAY,+,US,2022-04-21,AFETR,,93.79,53.16,461,459,,,EA,ORB
STARLINK-3746,2022-041H,52268,PAY,+,US,2022-04-21,AFETR,,93.85,53.16,464,462,,,EA,ORB
STARLINK-3791,2022-041J,52269,PAY,+,US,2022-04-21,AFETR,,94.63,53.16,502,500,,,EA,ORB
STARLINK-3804,2022-041K,52270,PAY,+,US,2022-04-21,AFETR,,94.31,53.16,485,485,,,EA,ORB
STARLINK-3788,2022-041L,52271,PAY,+,US,2022-04-21,AFETR,,94.40,53.16,490,489,,,EA,ORB
STARLINK-3781,2022-041M,52272,PAY,+,US,2022-04-21,AFETR,,94.01,53.16,472,470,,,EA,ORB
STARLINK-3782,2022-041N,52273,PAY,+,US,2022-04-21,AFETR,,94.01,53.16,471,470,,,EA,ORB
STARLINK-3790,2022-041P,52274,PAY,+,US,2022-04-21,AFETR,,94.01,53.16,472,470,,,EA,ORB
STARLINK-3784,2022-041Q,52275,PAY,+,US,2022-04-21,AFETR,,94.30,53.16,486,484,,,EA,ORB
STARLINK-3778,2022-041R,52276,PAY,+,US,2022-04-21,AFETR,,94.33,53.16,487,485,,,EA,ORB
STARLINK-3787,2022-041S,52277,PAY,D,US,2022-04-21,AFETR,2023-12-30,88.02,53.18,182,172,,,EA,IMP
STARLINK-3780,2022-041T,52278,PAY,+,US,2022-04-21,AFETR,,94.44,53.16,493,490,,,EA,ORB
STARLINK-3686,2022-041U,52279,PAY,D,US,2022-04-21,AFETR,2024-03-30,87.37,53.20,157,131,,,EA,IMP
STARLINK-3764,2022-041V,52280,PAY,+,US,2022-04-21,AFETR,,94.01,53.16,472,470,,,EA,ORB
STARLINK-3779,2022-041W,52281,PAY,+,US,2022-04-21,AFETR,,94.30,53.16,485,484,,,EA,ORB
STARLINK-3783,2022-041X,52282,PAY,+,US,2022-04-21,AFETR,,93.90,53.16,466,464,,,EA,ORB
STARLINK-3789,2022-041Y,52283,PAY,+,US,2022-04-21,AFETR,,94.29,53.16,485,483,,,EA,ORB
STARLINK-3561,2022-041Z,52284,PAY,+,US,2022-04-21,AFETR,,93.85,53.16,463,462,,,EA,ORB
STARLINK-3775,2022-041AA,52285,PAY,D,US,2022-04-21,AFETR,2025-08-20,86.85,53.24,128,108,,,EA,IMP
STARLINK-3802,2022-041AB,52286,PAY,+,US,2022-04-21,AFETR,,93.85,53.16,464,462,,,EA,ORB
STARLINK-3822,2022-041AC,52287,PAY,+,US,2022-04-21,AFETR,,94.01,53.16,472,470,,,EA,ORB
STARLINK-3776,2022-041AD,52288,PAY,+,US,2022-04-21,AFETR,,93.85,53.16,463,462,,,EA,ORB
STARLINK-3751,2022-041AE,52289,PAY,+,US,2022-04-21,AFETR,,94.01,53.16,472,470,,,EA,ORB
STARLINK-3772,2022-041AF,52290,PAY,+,US,2022-04-21,AFETR,,93.79,53.16,460,459,,,EA,ORB
STARLINK-3773,2022-041AG,52291,PAY,D,US,2022-04-21,AFETR,2025-09-08,87.34,53.16,148,138,,,EA,IMP
STARLINK-3753,2022-041AH,52292,PAY,+,US,2022-04-21,AFETR,,93.85,53.16,464,462,,,EA,ORB
STARLINK-3771,2022-041AJ,52293,PAY,+,US,2022-04-21,AFETR,,93.85,53.16,464,462,,,EA,ORB
STARLINK-3777,2022-041AK,52294,PAY,+,US,2022-04-21,AFETR,,93.90,53.16,466,465,,,EA,ORB
STARLINK-3765,2022-041AL,52295,PAY,+,US,2022-04-21,AFETR,,92.23,53.16,384,383,,,EA,ORB
STARLINK-3766,2022-041AM,52296,PAY,+,US,2022-04-21,AFETR,,93.85,53.16,463,462,,,EA,ORB
STARLINK-3758,2022-041AN,52297,PAY,+,US,2022-04-21,AFETR,,93.90,53.16,466,464,,,EA,ORB
STARLINK-3760,2022-041AP,52298,PAY,+,US,2022-04-21,AFETR,,93.85,53.16,464,462,,,EA,ORB
STARLINK-3759,2022-041AQ,52299,PAY,D,US,2022-04-21,AFETR,2025-01-21,87.58,53.20,156,153,,,EA,IMP
STARLINK-3769,2022-041AR,52300,PAY,+,US,2022-04-21,AFETR,,93.85,53.16,464,461,,,EA,ORB
STARLINK-3768,2022-041AS,52301,PAY,+,US,2022-04-21,AFETR,,93.90,53.16,466,464,,,EA,ORB
STARLINK-3564,2022-041AT,52302,PAY,+,US,2022-04-21,AFETR,,94.02,53.16,471,470,,,EA,ORB
STARLINK-3742,2022-041AU,52303,PAY,+,US,2022-04-21,AFETR,,93.90,53.16,466,464,,,EA,ORB
STARLINK-3744,2022-041AV,52304,PAY,+,US,2022-04-21,AFETR,,93.85,53.16,464,462,,,EA,ORB
STARLINK-3724,2022-041AW,52305,PAY,+,US,2022-04-21,AFETR,,93.90,53.16,466,464,,,EA,ORB
STARLINK-3747,2022-041AX,52306,PAY,+,US,2022-04-21,AFETR,,93.79,53.16,461,459,,,EA,ORB
STARLINK-3755,2022-041AY,52307,PAY,+,US,2022-04-21,AFETR,,93.85,53.16,464,462,,,EA,ORB
STARLINK-3745,2022-041AZ,52308,PAY,D,US,2022-04-21,AFETR,2024-11-07,88.43,53.16,203,190,,,EA,IMP
STARLINK-3756,2022-041BA,52309,PAY,+,US,2022-04-21,AFETR,,94.01,53.16,471,470,,,EA,ORB
STARLINK-3688,2022-041BB,52310,PAY,+,US,2022-04-21,AFETR,,94.01,53.16,472,470,,,EA,ORB
STARLINK-3750,2022-041BC,52311,PAY,+,US,2022-04-21,AFETR,,93.90,53.16,466,465,,,EA,ORB
STARLINK-3752,2022-041BD,52312,PAY,+,US,2022-04-21,AFETR,,93.85,53.16,463,462,,,EA,ORB
STARLINK-3749,2022-041BE,52313,PAY,+,US,2022-04-21,AFETR,,93.90,53.16,466,464,,,EA,ORB
FALCON 9 DEB,2022-041BF,52314,DEB,D,US,2022-04-21,AFETR,2022-05-27,89.06,53.20,236,220,,,EA,IMP
FALCON 9 DEB,2022-041BG,52315,DEB,D,US,2022-04-21,AFETR,2022-06-02,88.05,53.19,180,176,,,EA,IMP
FALCON 9 DEB,2022-041BH,52316,DEB,D,US,2022-04-21,AFETR,2022-05-26,88.64,53.19,213,201,,,EA,IMP
FALCON 9 DEB,2022-041BJ,52317,DEB,D,US,2022-04-21,AFETR,2022-05-23,89.00,53.20,232,218,,,EA,IMP
CREW DRAGON 4,2022-042A,52318,PAY,D,US,2022-04-27,AFETR,2022-10-14,92.71,51.64,409,405,,,EA,LAN
AXIOM-1 DEB,2022-037B,52319,DEB,D,US,2022-04-08,AFETR,2022-05-14,87.07,51.85,139,119,,,EA,IMP
SUPERVIEW NEO-1 01,2022-043A,52320,PAY,+,PRC,2022-04-29,JSC,,94.92,97.34,517,513,,,EA,ORB
CZ-2C DEB,2022-043B,52321,DEB,D,PRC,2022-04-29,JSC,2023-03-19,87.62,97.40,167,146,,,EA,IMP
SUPERVIEW NEO-1 02,2022-043C,52322,PAY,+,PRC,2022-04-29,JSC,,94.93,97.34,517,513,,,EA,ORB
CZ-2C R/B,2022-043D,52323,R/B,D,PRC,2022-04-29,JSC,2023-06-20,87.37,97.51,157,131,,,EA,IMP
CZ-2C DEB,2022-043E,52324,DEB,D,PRC,2022-04-29,JSC,2022-10-20,89.46,97.43,256,240,,,EA,IMP
CZ-2C DEB,2022-043F,52325,DEB,D,PRC,2022-04-29,JSC,2023-04-25,93.73,97.19,497,417,,,EA,IMP
CZ-2C DEB,2022-043G,52326,DEB,D,PRC,2022-04-29,JSC,2023-12-25,88.15,97.19,192,175,,,EA,IMP
CZ-2C DEB,2022-043H,52327,DEB,D,PRC,2022-04-29,JSC,2023-04-15,87.99,97.63,182,169,,,EA,IMP
CZ-2C DEB,2022-043J,52328,DEB,D,PRC,2022-04-29,JSC,2023-12-23,88.06,97.64,189,168,,,EA,IMP
COSMOS 2555,2022-044A,52330,PAY,D,CIS,2022-04-29,PLMSC,2022-05-18,87.00,96.42,135,117,,,EA,IMP
STARLINK-3889,2022-045A,52331,PAY,+,US,2022-04-29,AFETR,,95.44,53.16,541,539,,,EA,ORB
STARLINK-3831,2022-045B,52332,PAY,+,US,2022-04-29,AFETR,,95.44,53.16,541,539,,,EA,ORB
STARLINK-3847,2022-045C,52333,PAY,+,US,2022-04-29,AFETR,,94.01,53.16,472,470,,,EA,ORB
STARLINK-3880,2022-045D,52334,PAY,+,US,2022-04-29,AFETR,,95.44,53.16,541,539,,,EA,ORB
STARLINK-3814,2022-045E,52335,PAY,+,US,2022-04-29,AFETR,,95.44,53.16,541,539,,,EA,ORB
STARLINK-3823,2022-045F,52336,PAY,+,US,2022-04-29,AFETR,,93.90,53.16,466,464,,,EA,ORB
STARLINK-3797,2022-045G,52337,PAY,+,US,2022-04-29,AFETR,,95.44,53.16,541,539,,,EA,ORB
STARLINK-3815,2022-045H,52338,PAY,D,US,2022-04-29,AFETR,2025-03-20,88.38,53.19,202,187,,,EA,IMP
STARLINK-3792,2022-045J,52339,PAY,+,US,2022-04-29,AFETR,,95.44,53.16,541,539,,,EA,ORB
STARLINK-3818,2022-045K,52340,PAY,+,US,2022-04-29,AFETR,,93.85,53.16,464,462,,,EA,ORB
STARLINK-3843,2022-045L,52341,PAY,+,US,2022-04-29,AFETR,,95.44,53.16,541,539,,,EA,ORB
STARLINK-3850,2022-045M,52342,PAY,+,US,2022-04-29,AFETR,,93.85,53.16,464,462,,,EA,ORB
STARLINK-3849,2022-045N,52343,PAY,+,US,2022-04-29,AFETR,,95.44,53.16,541,539,,,EA,ORB
STARLINK-3851,2022-045P,52344,PAY,+,US,2022-04-29,AFETR,,93.79,53.16,460,459,,,EA,ORB
STARLINK-3852,2022-045Q,52345,PAY,+,US,2022-04-29,AFETR,,94.01,53.16,472,470,,,EA,ORB
STARLINK-3812,2022-045R,52346,PAY,+,US,2022-04-29,AFETR,,94.01,53.16,472,470,,,EA,ORB
STARLINK-3826,2022-045S,52347,PAY,+,US,2022-04-29,AFETR,,93.90,53.16,466,464,,,EA,ORB
STARLINK-3829,2022-045T,52348,PAY,+,US,2022-04-29,AFETR,,93.79,53.16,460,459,,,EA,ORB
STARLINK-3819,2022-045U,52349,PAY,+,US,2022-04-29,AFETR,,93.79,53.16,461,459,,,EA,ORB
STARLINK-3754,2022-045V,52350,PAY,+,US,2022-04-29,AFETR,,93.85,53.16,464,462,,,EA,ORB
STARLINK-3816,2022-045W,52351,PAY,D,US,2022-04-29,AFETR,2022-12-26,87.77,53.20,165,163,,,EA,IMP
STARLINK-3838,2022-045X,52352,PAY,+,US,2022-04-29,AFETR,,93.78,53.16,460,459,,,EA,ORB
STARLINK-3807,2022-045Y,52353,PAY,+,US,2022-04-29,AFETR,,93.90,53.16,466,464,,,EA,ORB
STARLINK-3876,2022-045Z,52354,PAY,D,US,2022-04-29,AFETR,2025-08-04,87.26,53.20,145,133,,,EA,IMP
STARLINK-3877,2022-045AA,52355,PAY,+,US,2022-04-29,AFETR,,93.79,53.16,461,459,,,EA,ORB
STARLINK-3801,2022-045AB,52356,PAY,+,US,2022-04-29,AFETR,,93.85,53.16,464,462,,,EA,ORB
STARLINK-3821,2022-045AC,52357,PAY,+,US,2022-04-29,AFETR,,93.85,53.16,464,462,,,EA,ORB
STARLINK-3837,2022-045AD,52358,PAY,+,US,2022-04-29,AFETR,,93.85,53.16,464,462,,,EA,ORB
STARLINK-3853,2022-045AE,52359,PAY,+,US,2022-04-29,AFETR,,94.01,53.16,472,470,,,EA,ORB
STARLINK-3824,2022-045AF,52360,PAY,D,US,2022-04-29,AFETR,2025-08-07,88.42,53.20,201,191,,,EA,IMP
STARLINK-3728,2022-045AG,52361,PAY,+,US,2022-04-29,AFETR,,93.79,53.16,461,459,,,EA,ORB
STARLINK-3848,2022-045AH,52362,PAY,+,US,2022-04-29,AFETR,,94.01,53.16,472,470,,,EA,ORB
STARLINK-3830,2022-045AJ,52363,PAY,+,US,2022-04-29,AFETR,,93.85,53.16,463,462,,,EA,ORB
STARLINK-3820,2022-045AK,52364,PAY,+,US,2022-04-29,AFETR,,93.90,53.16,466,465,,,EA,ORB
STARLINK-3874,2022-045AL,52365,PAY,+,US,2022-04-29,AFETR,,93.75,53.16,459,457,,,EA,ORB
STARLINK-3808,2022-045AM,52366,PAY,+,US,2022-04-29,AFETR,,93.85,53.16,464,462,,,EA,ORB
STARLINK-3817,2022-045AN,52367,PAY,+,US,2022-04-29,AFETR,,93.90,53.16,466,464,,,EA,ORB
STARLINK-3834,2022-045AP,52368,PAY,+,US,2022-04-29,AFETR,,93.85,53.16,464,462,,,EA,ORB
STARLINK-3841,2022-045AQ,52369,PAY,+,US,2022-04-29,AFETR,,93.79,53.16,461,459,,,EA,ORB
STARLINK-3827,2022-045AR,52370,PAY,+,US,2022-04-29,AFETR,,93.90,53.16,466,464,,,EA,ORB
STARLINK-3798,2022-045AS,52371,PAY,+,US,2022-04-29,AFETR,,94.01,53.16,472,470,,,EA,ORB
STARLINK-3796,2022-045AT,52372,PAY,+,US,2022-04-29,AFETR,,93.85,53.16,464,462,,,EA,ORB
STARLINK-3550,2022-045AU,52373,PAY,+,US,2022-04-29,AFETR,,93.85,53.16,464,462,,,EA,ORB
STARLINK-3762,2022-045AV,52374,PAY,+,US,2022-04-29,AFETR,,93.85,53.16,464,462,,,EA,ORB
STARLINK-3785,2022-045AW,52375,PAY,+,US,2022-04-29,AFETR,,93.85,53.16,464,462,,,EA,ORB
STARLINK-3767,2022-045AX,52376,PAY,D,US,2022-04-29,AFETR,2026-03-17,87.31,53.20,143,140,,,EA,IMP
STARLINK-3805,2022-045AY,52377,PAY,+,US,2022-04-29,AFETR,,93.85,53.16,464,462,,,EA,ORB
STARLINK-3806,2022-045AZ,52378,PAY,+,US,2022-04-29,AFETR,,93.85,53.16,464,462,,,EA,ORB
STARLINK-3800,2022-045BA,52379,PAY,+,US,2022-04-29,AFETR,,94.03,53.16,472,470,,,EA,ORB
STARLINK-3793,2022-045BB,52380,PAY,+,US,2022-04-29,AFETR,,93.85,53.16,463,462,,,EA,ORB
STARLINK-3803,2022-045BC,52381,PAY,D,US,2022-04-29,AFETR,2024-12-29,87.41,53.20,149,143,,,EA,IMP
STARLINK-3799,2022-045BD,52382,PAY,P,US,2022-04-29,AFETR,,93.00,53.21,423,420,,,EA,ORB
STARLINK-3811,2022-045BE,52383,PAY,+,US,2022-04-29,AFETR,,93.90,53.16,466,464,,,EA,ORB
FALCON 9 DEB,2022-045BF,52384,DEB,D,US,2022-04-29,AFETR,2022-06-08,88.92,53.20,230,212,,,EA,IMP
FALCON 9 DEB,2022-045BG,52385,DEB,D,US,2022-04-29,AFETR,2022-06-13,87.86,53.20,173,165,,,EA,IMP
FALCON 9 DEB,2022-045BH,52386,DEB,D,US,2022-04-29,AFETR,2022-06-09,87.59,53.19,160,151,,,EA,IMP
FALCON 9 DEB,2022-045BJ,52387,DEB,D,US,2022-04-29,AFETR,2022-06-06,87.50,53.18,155,146,,,EA,IMP
JILIN-1 GAOFEN 4A,2022-046A,52388,PAY,D,PRC,2022-04-30,SEAL,2025-12-17,87.31,97.47,147,135,,,EA,IMP
JILIN-1 GAOFEN 03D04,2022-046B,52389,PAY,D,PRC,2022-04-30,SEAL,2026-05-03,87.54,97.48,162,144,,,EA,IMP
JILIN-1 GAOFEN 03D05,2022-046C,52390,PAY,D,PRC,2022-04-30,SEAL,2026-04-23,87.44,97.48,154,141,,,EA,IMP
JILIN-1 GAOFEN 03D06,2022-046D,52391,PAY,D,PRC,2022-04-30,SEAL,2026-05-01,87.64,97.50,166,149,,,EA,IMP
JILIN-1 GAOFEN 03D07,2022-046E,52392,PAY,D,PRC,2022-04-30,SEAL,2026-01-25,87.67,97.47,165,153,,,EA,IMP
CZ-11 R/B,2022-046F,52393,R/B,D,PRC,2022-04-30,AFETR,2022-05-29,87.36,97.26,175,113,,,EA,IMP
SPACEBEE-143,2022-047A,52394,PAY,D,US,2022-05-02,RLLB,2024-04-30,87.46,97.37,159,138,,,EA,IMP
SPACEBEENZ-15,2022-047B,52395,PAY,D,NZ,2022-05-02,RLLB,2023-12-29,87.82,97.37,175,159,,,EA,IMP
SPACEBEENZ-16,2022-047C,52396,PAY,D,NZ,2022-05-02,RLLB,2023-12-30,88.10,97.37,188,173,,,EA,IMP
SPACEBEENZ-17,2022-047D,52397,PAY,D,NZ,2022-05-02,RLLB,2024-01-03,87.93,97.37,180,165,,,EA,IMP
SPACEBEENZ-18,2022-047E,52398,PAY,D,NZ,2022-05-02,RLLB,2024-01-02,88.28,97.37,196,182,,,EA,IMP
SPACEBEE-140,2022-047F,52399,PAY,D,US,2022-05-02,RLLB,2024-03-05,87.77,97.35,171,157,,,EA,IMP
SPACEBEE-141,2022-047G,52400,PAY,D,US,2022-05-02,RLLB,2024-05-01,87.90,97.36,181,160,,,EA,IMP
SPACEBEE-142,2022-047H,52401,PAY,D,US,2022-05-02,RLLB,2024-05-04,87.53,97.37,164,140,,,EA,IMP
SPACEBEENZ-20,2022-047J,52402,PAY,D,NZ,2022-05-02,RLLB,2024-01-05,88.43,97.37,204,190,,,EA,IMP
SPACEBEENZ-22,2022-047K,52403,PAY,D,NZ,2022-05-02,RLLB,2024-01-23,88.71,97.37,218,204,,,EA,IMP
SPACEBEENZ-19,2022-047L,52404,PAY,D,NZ,2022-05-02,RLLB,2023-12-29,88.72,97.38,219,204,,,EA,IMP
SPACEBEENZ-21,2022-047M,52405,PAY,D,NZ,2022-05-02,RLLB,2024-01-11,88.28,97.36,196,182,,,EA,IMP
SPACEBEE-148,2022-047N,52406,PAY,D,US,2022-05-02,RLLB,2024-03-10,87.67,97.35,166,152,,,EA,IMP
SPACEBEE-149,2022-047P,52407,PAY,D,US,2022-05-02,RLLB,2024-04-18,88.14,97.36,191,173,,,EA,IMP
SPACEBEE-153,2022-047Q,52408,PAY,D,US,2022-05-02,RLLB,2024-04-10,87.78,97.36,174,155,,,EA,IMP
SPACEBEE-150,2022-047R,52409,PAY,D,US,2022-05-02,RLLB,2024-04-28,87.64,97.35,167,148,,,EA,IMP
SPACEBEE-144,2022-047S,52410,PAY,D,US,2022-05-02,RLLB,2024-05-02,87.47,97.36,158,140,,,EA,IMP
SPACEBEE-145,2022-047T,52411,PAY,D,US,2022-05-02,RLLB,2024-04-29,87.51,97.36,163,139,,,EA,IMP
SPACEBEE-146,2022-047U,52412,PAY,D,US,2022-05-02,RLLB,2024-04-23,88.10,97.36,190,171,,,EA,IMP
SPACEBEE-151,2022-047V,52413,PAY,D,US,2022-05-02,RLLB,2024-04-30,87.56,97.35,163,145,,,EA,IMP
SPACEBEE-152,2022-047W,52414,PAY,D,US,2022-05-02,RLLB,2024-05-02,87.47,97.35,166,132,,,EA,IMP
SPACEBEE-147,2022-047X,52415,PAY,D,US,2022-05-02,RLLB,2024-05-09,87.41,97.36,157,136,,,EA,IMP
SPACEBEE-155,2022-047Y,52416,PAY,D,US,2022-05-02,RLLB,2024-05-08,87.65,97.35,167,148,,,EA,IMP
SPACEBEE-154,2022-047Z,52417,PAY,D,US,2022-05-02,RLLB,2024-05-04,87.81,97.35,176,156,,,EA,IMP
TRSI-3,2022-047AA,52418,PAY,D,US,2022-05-02,RLLB,2024-06-07,88.43,97.37,208,186,,,EA,IMP
MYRADAR1,2022-047AB,52419,PAY,D,US,2022-05-02,RLLB,2024-08-20,91.23,97.38,339,330,,,EA,IMP
TRSI-2,2022-047AC,52420,PAY,D,US,2022-05-02,RLLB,2024-05-31,87.96,97.36,184,163,,,EA,IMP
OBJECT AD,2022-047AD,52421,PAY,D,TBD,2022-05-02,RLLB,2023-06-04,87.94,97.39,184,161,,,EA,IMP
BRO-6,2022-047AE,52422,PAY,+,FR,2022-05-02,RLLB,,92.58,97.34,405,397,,,EA,ORB
OBJECT AF,2022-047AF,52423,PAY,D,TBD,2022-05-02,RLLB,2024-10-12,87.67,97.34,166,151,,,EA,IMP
OBJECT AG,2022-047AG,52424,PAY,D,TBD,2022-05-02,RLLB,2024-07-24,87.50,97.36,161,140,,,EA,IMP
OBJECT AH,2022-047AH,52425,PAY,D,TBD,2022-05-02,RLLB,2024-08-07,90.22,97.38,292,278,,,EA,IMP
OBJECT AJ,2022-047AJ,52426,PAY,D,TBD,2022-05-02,RLLB,2025-01-19,87.46,97.34,157,140,,,EA,IMP
OBJECT AK,2022-047AK,52427,PAY,D,TBD,2022-05-02,RLLB,2023-11-14,89.36,97.40,250,235,,,EA,IMP
ELECTRON R/B,2022-047AL,52428,R/B,D,US,2022-05-02,RLLB,2022-05-18,87.66,97.41,190,127,,,EA,IMP
JILIN-1 KUANFU 01C,2022-048A,52443,PAY,+,PRC,2022-05-05,TAISC,,95.38,97.52,551,523,,,EA,ORB
JILIN-1 GAOFEN 3D27,2022-048B,52444,PAY,+,PRC,2022-05-05,TAISC,,89.79,97.58,269,259,,,EA,ORB
JILIN-1 GAOFEN 3D28,2022-048C,52445,PAY,D,PRC,2022-05-05,TAISC,2026-08-19,87.67,97.57,168,150,,,EA,IMP
JILIN-1 GAOFEN 3D29,2022-048D,52446,PAY,+,PRC,2022-05-05,TAISC,,89.76,97.57,267,259,,,EA,ORB
JILIN-1 GAOFEN 3D30,2022-048E,52447,PAY,D,PRC,2022-05-05,TAISC,2026-06-30,87.23,97.55,147,127,,,EA,IMP
JILIN-1 GAOFEN 3D31,2022-048F,52448,PAY,D,PRC,2022-05-05,TAISC,2026-08-07,87.68,97.57,169,150,,,EA,IMP
JILIN-1 GAOFEN 3D32,2022-048G,52449,PAY,D,PRC,2022-05-05,TAISC,2025-09-30,88.18,97.57,192,177,,,EA,IMP
JILIN-1 GAOFEN 3D33,2022-048H,52450,PAY,D,PRC,2022-05-05,TAISC,2025-11-22,87.30,97.55,147,135,,,EA,IMP
STARLINK-3870,2022-049A,52451,PAY,D,US,2022-05-06,AFETR,2026-05-26,87.49,53.20,157,143,,,EA,IMP
STARLINK-3909,2022-049B,52452,PAY,+,US,2022-05-06,AFETR,,95.13,53.16,526,524,,,EA,ORB
STARLINK-3872,2022-049C,52453,PAY,+,US,2022-05-06,AFETR,,94.92,53.16,516,513,,,EA,ORB
STARLINK-3888,2022-049D,52454,PAY,+,US,2022-05-06,AFETR,,95.05,53.16,522,520,,,EA,ORB
STARLINK-3890,2022-049E,52455,PAY,+,US,2022-05-06,AFETR,,95.02,53.16,520,519,,,EA,ORB
STARLINK-3896,2022-049F,52456,PAY,+,US,2022-05-06,AFETR,,94.16,53.16,478,477,,,EA,ORB
STARLINK-3899,2022-049G,52457,PAY,+,US,2022-05-06,AFETR,,94.89,53.16,515,512,,,EA,ORB
STARLINK-3898,2022-049H,52458,PAY,+,US,2022-05-06,AFETR,,94.99,53.16,519,517,,,EA,ORB
STARLINK-3856,2022-049J,52459,PAY,+,US,2022-05-06,AFETR,,93.90,53.16,466,464,,,EA,ORB
STARLINK-3865,2022-049K,52460,PAY,D,US,2022-05-06,AFETR,2024-12-31,87.42,53.20,148,145,,,EA,IMP
STARLINK-3900,2022-049L,52461,PAY,+,US,2022-05-06,AFETR,,93.90,53.16,466,464,,,EA,ORB
STARLINK-3903,2022-049M,52462,PAY,+,US,2022-05-06,AFETR,,93.79,53.16,460,459,,,EA,ORB
STARLINK-3885,2022-049N,52463,PAY,+,US,2022-05-06,AFETR,,93.90,53.16,466,465,,,EA,ORB
STARLINK-3904,2022-049P,52464,PAY,+,US,2022-05-06,AFETR,,93.79,53.16,460,459,,,EA,ORB
STARLINK-3863,2022-049Q,52465,PAY,+,US,2022-05-06,AFETR,,93.79,53.16,460,459,,,EA,ORB
STARLINK-3840,2022-049R,52466,PAY,D,US,2022-05-06,AFETR,2025-05-17,88.55,53.16,208,197,,,EA,IMP
STARLINK-3873,2022-049S,52467,PAY,+,US,2022-05-06,AFETR,,93.79,53.16,461,459,,,EA,ORB
STARLINK-3864,2022-049T,52468,PAY,+,US,2022-05-06,AFETR,,93.90,53.16,466,464,,,EA,ORB
STARLINK-3828,2022-049U,52469,PAY,+,US,2022-05-06,AFETR,,93.90,53.16,466,465,,,EA,ORB
STARLINK-3859,2022-049V,52470,PAY,+,US,2022-05-06,AFETR,,93.85,53.16,464,462,,,EA,ORB
STARLINK-3862,2022-049W,52471,PAY,+,US,2022-05-06,AFETR,,94.01,53.16,471,470,,,EA,ORB
STARLINK-3881,2022-049X,52472,PAY,+,US,2022-05-06,AFETR,,93.90,53.16,466,465,,,EA,ORB
STARLINK-3879,2022-049Y,52473,PAY,+,US,2022-05-06,AFETR,,93.90,53.16,466,465,,,EA,ORB
STARLINK-3855,2022-049Z,52474,PAY,D,US,2022-05-06,AFETR,2026-03-25,87.53,53.20,156,148,,,EA,IMP
STARLINK-3882,2022-049AA,52475,PAY,+,US,2022-05-06,AFETR,,93.79,53.16,460,459,,,EA,ORB
STARLINK-3835,2022-049AB,52476,PAY,+,US,2022-05-06,AFETR,,93.79,53.16,461,459,,,EA,ORB
STARLINK-3860,2022-049AC,52477,PAY,+,US,2022-05-06,AFETR,,93.85,53.16,463,462,,,EA,ORB
STARLINK-3825,2022-049AD,52478,PAY,+,US,2022-05-06,AFETR,,93.79,53.16,461,459,,,EA,ORB
STARLINK-3878,2022-049AE,52479,PAY,+,US,2022-05-06,AFETR,,95.15,53.16,526,526,,,EA,ORB
STARLINK-3839,2022-049AF,52480,PAY,+,US,2022-05-06,AFETR,,93.79,53.16,461,459,,,EA,ORB
STARLINK-3842,2022-049AG,52481,PAY,D,US,2022-05-06,AFETR,2024-12-16,87.39,53.20,147,144,,,EA,IMP
STARLINK-3813,2022-049AH,52482,PAY,+,US,2022-05-06,AFETR,,93.90,53.16,467,464,,,EA,ORB
STARLINK-3875,2022-049AJ,52483,PAY,+,US,2022-05-06,AFETR,,93.79,53.16,460,459,,,EA,ORB
STARLINK-3887,2022-049AK,52484,PAY,+,US,2022-05-06,AFETR,,93.79,53.16,461,459,,,EA,ORB
STARLINK-3913,2022-049AL,52485,PAY,+,US,2022-05-06,AFETR,,93.90,53.16,466,465,,,EA,ORB
STARLINK-3918,2022-049AM,52486,PAY,+,US,2022-05-06,AFETR,,93.79,53.16,460,459,,,EA,ORB
STARLINK-3902,2022-049AN,52487,PAY,+,US,2022-05-06,AFETR,,93.79,53.16,460,459,,,EA,ORB
STARLINK-3892,2022-049AP,52488,PAY,+,US,2022-05-06,AFETR,,93.90,53.16,466,464,,,EA,ORB
STARLINK-3923,2022-049AQ,52489,PAY,+,US,2022-05-06,AFETR,,93.90,53.16,466,465,,,EA,ORB
STARLINK-3914,2022-049AR,52490,PAY,+,US,2022-05-06,AFETR,,95.09,53.16,524,522,,,EA,ORB
STARLINK-3908,2022-049AS,52491,PAY,+,US,2022-05-06,AFETR,,95.12,53.16,525,524,,,EA,ORB
STARLINK-3916,2022-049AT,52492,PAY,+,US,2022-05-06,AFETR,,93.85,53.16,463,462,,,EA,ORB
STARLINK-3883,2022-049AU,52493,PAY,+,US,2022-05-06,AFETR,,93.90,53.16,466,465,,,EA,ORB
STARLINK-3857,2022-049AV,52494,PAY,+,US,2022-05-06,AFETR,,93.79,53.16,461,459,,,EA,ORB
STARLINK-3905,2022-049AW,52495,PAY,D,US,2022-05-06,AFETR,2025-03-28,88.65,53.21,211,204,,,EA,IMP
STARLINK-3871,2022-049AX,52496,PAY,+,US,2022-05-06,AFETR,,93.79,53.16,461,459,,,EA,ORB
STARLINK-3884,2022-049AY,52497,PAY,+,US,2022-05-06,AFETR,,93.90,53.16,466,464,,,EA,ORB
STARLINK-3925,2022-049AZ,52498,PAY,+,US,2022-05-06,AFETR,,94.06,53.16,474,472,,,EA,ORB
STARLINK-3894,2022-049BA,52499,PAY,D,US,2022-05-06,AFETR,2026-07-17,87.54,53.20,156,149,,,EA,IMP
STARLINK-3866,2022-049BB,52500,PAY,+,US,2022-05-06,AFETR,,95.07,53.16,523,521,,,EA,ORB
STARLINK-3907,2022-049BC,52501,PAY,+,US,2022-05-06,AFETR,,93.90,53.16,466,464,,,EA,ORB
STARLINK-3912,2022-049BD,52502,PAY,+,US,2022-05-06,AFETR,,94.15,53.16,479,476,,,EA,ORB
STARLINK-3861,2022-049BE,52503,PAY,+,US,2022-05-06,AFETR,,93.79,53.16,461,459,,,EA,ORB
FALCON 9 DEB,2022-049BF,52504,DEB,D,US,2022-05-06,AFETR,2022-06-26,88.04,53.20,184,171,,,EA,IMP
FALCON 9 DEB,2022-049BG,52505,DEB,D,US,2022-05-06,AFETR,2022-06-21,87.90,53.19,176,166,,,EA,IMP
FALCON 9 DEB,2022-049BH,52506,DEB,D,US,2022-05-06,AFETR,2022-06-18,88.49,53.19,204,195,,,EA,IMP
FALCON 9 DEB,2022-049BJ,52507,DEB,D,US,2022-05-06,AFETR,2022-06-17,87.65,53.18,163,153,,,EA,IMP
TIANZHOU-4,2022-050A,52509,PAY,D,PRC,2022-05-09,WSC,2022-11-14,92.23,41.48,393,374,,,EA,IMP
OBJECT B,2022-050B,52510,UNK,D,PRC,2022-05-09,WSC,2022-05-30,87.30,41.45,147,135,,,EA,IMP
OBJECT C,2022-050C,52511,UNK,D,PRC,2022-05-09,WSC,2022-05-16,89.00,41.11,284,166,,,EA,IMP
CZ-7 R/B,2022-050D,52512,R/B,D,PRC,2022-05-09,WSC,2022-05-25,87.38,41.49,157,132,,,EA,IMP
STARLINK-3951,2022-051A,52533,PAY,D,US,2022-05-13,AFWTR,2025-01-17,87.33,53.19,144,140,,,EA,IMP
STARLINK-3952,2022-051B,52534,PAY,D,US,2022-05-13,AFWTR,2026-04-17,88.13,53.21,218,146,,,EA,IMP
STARLINK-3958,2022-051C,52535,PAY,+,US,2022-05-13,AFWTR,,93.90,53.16,466,464,,,EA,ORB
STARLINK-3964,2022-051D,52536,PAY,+,US,2022-05-13,AFWTR,,93.85,53.16,464,462,,,EA,ORB
STARLINK-3897,2022-051E,52537,PAY,+,US,2022-05-13,AFWTR,,93.79,53.16,460,459,,,EA,ORB
STARLINK-3933,2022-051F,52538,PAY,+,US,2022-05-13,AFWTR,,93.85,53.16,463,462,,,EA,ORB
STARLINK-3757,2022-051G,52539,PAY,+,US,2022-05-13,AFWTR,,93.90,53.16,466,465,,,EA,ORB
STARLINK-3940,2022-051H,52540,PAY,+,US,2022-05-13,AFWTR,,93.79,53.16,461,459,,,EA,ORB
STARLINK-3845,2022-051J,52541,PAY,+,US,2022-05-13,AFWTR,,93.79,53.16,461,459,,,EA,ORB
STARLINK-3937,2022-051K,52542,PAY,+,US,2022-05-13,AFWTR,,93.79,53.16,461,459,,,EA,ORB
STARLINK-3926,2022-051L,52543,PAY,+,US,2022-05-13,AFWTR,,93.79,53.16,460,459,,,EA,ORB
STARLINK-3944,2022-051M,52544,PAY,+,US,2022-05-13,AFWTR,,94.63,53.16,502,499,,,EA,ORB
STARLINK-3939,2022-051N,52545,PAY,D,US,2022-05-13,AFWTR,2024-05-25,87.73,53.19,164,160,,,EA,IMP
STARLINK-3948,2022-051P,52546,PAY,+,US,2022-05-13,AFWTR,,93.79,53.16,460,459,,,EA,ORB
STARLINK-3869,2022-051Q,52547,PAY,D,US,2022-05-13,AFWTR,2025-04-22,87.36,53.19,149,138,,,EA,IMP
STARLINK-3931,2022-051R,52548,PAY,+,US,2022-05-13,AFWTR,,93.90,53.16,466,464,,,EA,ORB
STARLINK-3935,2022-051S,52549,PAY,+,US,2022-05-13,AFWTR,,93.79,53.16,460,459,,,EA,ORB
STARLINK-3965,2022-051T,52550,PAY,+,US,2022-05-13,AFWTR,,93.79,53.16,461,459,,,EA,ORB
STARLINK-3969,2022-051U,52551,PAY,+,US,2022-05-13,AFWTR,,93.90,53.16,466,464,,,EA,ORB
STARLINK-3966,2022-051V,52552,PAY,+,US,2022-05-13,AFWTR,,94.01,53.16,472,470,,,EA,ORB
STARLINK-3858,2022-051W,52553,PAY,D,US,2022-05-13,AFWTR,2026-07-01,87.44,53.21,153,143,,,EA,IMP
STARLINK-3770,2022-051X,52554,PAY,+,US,2022-05-13,AFWTR,,94.47,53.16,494,492,,,EA,ORB
STARLINK-3949,2022-051Y,52555,PAY,D,US,2022-05-13,AFWTR,2025-09-10,87.47,53.19,155,143,,,EA,IMP
STARLINK-3763,2022-051Z,52556,PAY,D,US,2022-05-13,AFWTR,2026-01-31,88.43,53.16,202,192,,,EA,IMP
STARLINK-3943,2022-051AA,52557,PAY,+,US,2022-05-13,AFWTR,,93.85,53.16,463,462,,,EA,ORB
STARLINK-3954,2022-051AB,52558,PAY,D,US,2022-05-13,AFWTR,2025-05-31,87.41,53.20,150,142,,,EA,IMP
STARLINK-3953,2022-051AC,52559,PAY,+,US,2022-05-13,AFWTR,,94.30,53.16,486,483,,,EA,ORB
STARLINK-3956,2022-051AD,52560,PAY,+,US,2022-05-13,AFWTR,,94.54,53.16,497,496,,,EA,ORB
STARLINK-3955,2022-051AE,52561,PAY,+,US,2022-05-13,AFWTR,,93.79,53.16,461,459,,,EA,ORB
STARLINK-3957,2022-051AF,52562,PAY,+,US,2022-05-13,AFWTR,,93.85,53.16,464,462,,,EA,ORB
STARLINK-3942,2022-051AG,52563,PAY,+,US,2022-05-13,AFWTR,,93.79,53.16,461,459,,,EA,ORB
STARLINK-3959,2022-051AH,52564,PAY,+,US,2022-05-13,AFWTR,,94.78,53.16,509,507,,,EA,ORB
STARLINK-3911,2022-051AJ,52565,PAY,+,US,2022-05-13,AFWTR,,94.35,53.16,489,486,,,EA,ORB
STARLINK-3938,2022-051AK,52566,PAY,+,US,2022-05-13,AFWTR,,93.79,53.16,461,459,,,EA,ORB
STARLINK-3929,2022-051AL,52567,PAY,+,US,2022-05-13,AFWTR,,93.85,53.16,463,462,,,EA,ORB
STARLINK-3930,2022-051AM,52568,PAY,+,US,2022-05-13,AFWTR,,93.85,53.16,463,462,,,EA,ORB
STARLINK-3927,2022-051AN,52569,PAY,+,US,2022-05-13,AFWTR,,94.01,53.16,472,470,,,EA,ORB
STARLINK-3924,2022-051AP,52570,PAY,D,US,2022-05-13,AFWTR,2024-12-27,87.51,53.20,156,146,,,EA,IMP
STARLINK-3901,2022-051AQ,52574,PAY,+,US,2022-05-13,AFWTR,,93.39,53.16,442,439,,,EA,ORB
STARLINK-3920,2022-051AR,52575,PAY,D,US,2022-05-13,AFWTR,2026-02-19,87.20,53.18,138,134,,,EA,IMP
STARLINK-3932,2022-051AS,52576,PAY,+,US,2022-05-13,AFWTR,,94.43,53.16,492,490,,,EA,ORB
STARLINK-3836,2022-051AT,52577,PAY,+,US,2022-05-13,AFWTR,,93.85,53.16,464,462,,,EA,ORB
STARLINK-3833,2022-051AU,52578,PAY,+,US,2022-05-13,AFWTR,,93.85,53.16,464,462,,,EA,ORB
STARLINK-3893,2022-051AV,52579,PAY,+,US,2022-05-13,AFWTR,,90.55,53.22,302,301,,,EA,ORB
STARLINK-3919,2022-051AW,52580,PAY,+,US,2022-05-13,AFWTR,,94.50,53.16,496,493,,,EA,ORB
STARLINK-3915,2022-051AX,52581,PAY,+,US,2022-05-13,AFWTR,,94.32,53.16,486,485,,,EA,ORB
STARLINK-3886,2022-051AY,52582,PAY,D,US,2022-05-13,AFWTR,2025-01-07,86.81,53.19,118,115,,,EA,IMP
STARLINK-3895,2022-051AZ,52583,PAY,+,US,2022-05-13,AFWTR,,94.24,53.16,483,480,,,EA,ORB
STARLINK-3922,2022-051BA,52584,PAY,+,US,2022-05-13,AFWTR,,94.40,53.16,490,489,,,EA,ORB
STARLINK-3906,2022-051BB,52585,PAY,+,US,2022-05-13,AFWTR,,95.44,53.16,541,539,,,EA,ORB
STARLINK-3910,2022-051BC,52586,PAY,+,US,2022-05-13,AFWTR,,94.39,53.16,489,488,,,EA,ORB
STARLINK-3867,2022-051BD,52587,PAY,+,US,2022-05-13,AFWTR,,94.01,53.16,472,470,,,EA,ORB
STARLINK-3917,2022-051BE,52588,PAY,+,US,2022-05-13,AFWTR,,94.67,53.16,503,502,,,EA,ORB
FALCON 9 DEB,2022-051BF,52589,DEB,D,US,2022-05-13,AFWTR,2022-07-04,87.21,53.22,141,131,,,EA,IMP
FALCON 9 DEB,2022-051BG,52595,DEB,D,US,2022-05-13,AFWTR,2022-06-27,87.44,53.20,153,143,,,EA,IMP
FALCON 9 DEB,2022-051BH,52596,DEB,D,US,2022-05-13,AFWTR,2022-06-26,87.67,53.21,163,155,,,EA,IMP
FALCON 9 DEB,2022-051BJ,52597,DEB,D,US,2022-05-13,AFWTR,2022-06-25,87.36,53.21,147,140,,,EA,IMP
STARLINK-4019,2022-052A,52598,PAY,+,US,2022-05-14,AFETR,,93.79,53.16,460,459,,,EA,ORB
STARLINK-4024,2022-052B,52599,PAY,+,US,2022-05-14,AFETR,,94.01,53.16,472,470,,,EA,ORB
STARLINK-4026,2022-052C,52600,PAY,+,US,2022-05-14,AFETR,,94.01,53.16,472,470,,,EA,ORB
STARLINK-4027,2022-052D,52601,PAY,+,US,2022-05-14,AFETR,,93.79,53.17,461,459,,,EA,ORB
STARLINK-4012,2022-052E,52602,PAY,+,US,2022-05-14,AFETR,,93.79,53.16,461,459,,,EA,ORB
STARLINK-4016,2022-052F,52603,PAY,+,US,2022-05-14,AFETR,,94.01,53.16,472,470,,,EA,ORB
STARLINK-4013,2022-052G,52604,PAY,+,US,2022-05-14,AFETR,,93.79,53.16,461,459,,,EA,ORB
STARLINK-4000,2022-052H,52605,PAY,+,US,2022-05-14,AFETR,,93.85,53.16,463,462,,,EA,ORB
STARLINK-3928,2022-052J,52606,PAY,+,US,2022-05-14,AFETR,,94.89,53.16,514,512,,,EA,ORB
STARLINK-3947,2022-052K,52607,PAY,+,US,2022-05-14,AFETR,,94.01,53.16,471,470,,,EA,ORB
STARLINK-3979,2022-052L,52608,PAY,+,US,2022-05-14,AFETR,,93.92,53.16,468,465,,,EA,ORB
STARLINK-3997,2022-052M,52609,PAY,+,US,2022-05-14,AFETR,,93.85,53.16,464,462,,,EA,ORB
STARLINK-3998,2022-052N,52610,PAY,+,US,2022-05-14,AFETR,,93.79,53.16,461,459,,,EA,ORB
STARLINK-3980,2022-052P,52611,PAY,+,US,2022-05-14,AFETR,,93.79,53.16,460,459,,,EA,ORB
STARLINK-4002,2022-052Q,52612,PAY,+,US,2022-05-14,AFETR,,93.85,53.16,464,462,,,EA,ORB
STARLINK-3921,2022-052R,52613,PAY,D,US,2022-05-14,AFETR,2024-09-18,89.49,53.21,251,247,,,EA,IMP
STARLINK-3982,2022-052S,52614,PAY,P,US,2022-05-14,AFETR,,92.46,53.21,398,392,,,EA,ORB
STARLINK-4011,2022-052T,52615,PAY,+,US,2022-05-14,AFETR,,93.79,53.16,461,459,,,EA,ORB
STARLINK-4015,2022-052U,52616,PAY,D,US,2022-05-14,AFETR,2026-02-02,87.48,53.20,156,144,,,EA,IMP
STARLINK-3996,2022-052V,52617,PAY,+,US,2022-05-14,AFETR,,95.44,53.16,540,539,,,EA,ORB
STARLINK-3983,2022-052W,52618,PAY,+,US,2022-05-14,AFETR,,93.79,53.16,460,459,,,EA,ORB
STARLINK-3741,2022-052X,52619,PAY,+,US,2022-05-14,AFETR,,93.79,53.16,460,459,,,EA,ORB
STARLINK-3975,2022-052Y,52620,PAY,+,US,2022-05-14,AFETR,,93.90,53.16,466,464,,,EA,ORB
STARLINK-3984,2022-052Z,52621,PAY,+,US,2022-05-14,AFETR,,93.79,53.16,461,459,,,EA,ORB
STARLINK-4008,2022-052AA,52622,PAY,+,US,2022-05-14,AFETR,,93.79,53.16,460,459,,,EA,ORB
STARLINK-3986,2022-052AB,52623,PAY,+,US,2022-05-14,AFETR,,93.79,53.16,461,459,,,EA,ORB
STARLINK-4009,2022-052AC,52624,PAY,D,US,2022-05-14,AFETR,2025-01-05,87.21,53.19,145,128,,,EA,IMP
STARLINK-3988,2022-052AD,52625,PAY,+,US,2022-05-14,AFETR,,93.79,53.16,461,459,,,EA,ORB
STARLINK-3990,2022-052AE,52626,PAY,+,US,2022-05-14,AFETR,,93.79,53.16,461,459,,,EA,ORB
STARLINK-3992,2022-052AF,52627,PAY,+,US,2022-05-14,AFETR,,93.79,53.16,460,459,,,EA,ORB
STARLINK-4001,2022-052AG,52628,PAY,+,US,2022-05-14,AFETR,,93.79,53.16,461,459,,,EA,ORB
STARLINK-4022,2022-052AH,52629,PAY,+,US,2022-05-14,AFETR,,95.44,53.16,541,539,,,EA,ORB
STARLINK-3989,2022-052AJ,52630,PAY,+,US,2022-05-14,AFETR,,94.01,53.16,471,470,,,EA,ORB
STARLINK-3794,2022-052AK,52631,PAY,+,US,2022-05-14,AFETR,,93.79,53.16,461,459,,,EA,ORB
STARLINK-3995,2022-052AL,52632,PAY,+,US,2022-05-14,AFETR,,95.44,53.16,541,539,,,EA,ORB
STARLINK-3994,2022-052AM,52633,PAY,+,US,2022-05-14,AFETR,,95.44,53.16,541,539,,,EA,ORB
STARLINK-3974,2022-052AN,52634,PAY,+,US,2022-05-14,AFETR,,93.79,53.16,461,459,,,EA,ORB
STARLINK-3978,2022-052AP,52635,PAY,+,US,2022-05-14,AFETR,,94.01,53.16,472,470,,,EA,ORB
STARLINK-3967,2022-052AQ,52636,PAY,+,US,2022-05-14,AFETR,,93.79,53.16,461,459,,,EA,ORB
STARLINK-3961,2022-052AR,52637,PAY,+,US,2022-05-14,AFETR,,94.01,53.16,472,470,,,EA,ORB
STARLINK-3941,2022-052AS,52638,PAY,+,US,2022-05-14,AFETR,,93.79,53.16,461,459,,,EA,ORB
STARLINK-3968,2022-052AT,52639,PAY,+,US,2022-05-14,AFETR,,93.85,53.16,464,462,,,EA,ORB
STARLINK-3977,2022-052AU,52640,PAY,+,US,2022-05-14,AFETR,,93.79,53.16,461,459,,,EA,ORB
STARLINK-3991,2022-052AV,52641,PAY,+,US,2022-05-14,AFETR,,94.01,53.16,472,470,,,EA,ORB
STARLINK-3971,2022-052AW,52642,PAY,+,US,2022-05-14,AFETR,,93.79,53.16,461,459,,,EA,ORB
STARLINK-3963,2022-052AX,52643,PAY,+,US,2022-05-14,AFETR,,94.01,53.16,471,470,,,EA,ORB
STARLINK-3985,2022-052AY,52644,PAY,+,US,2022-05-14,AFETR,,93.79,53.16,461,459,,,EA,ORB
STARLINK-3973,2022-052AZ,52645,PAY,+,US,2022-05-14,AFETR,,94.01,53.16,472,470,,,EA,ORB
STARLINK-3832,2022-052BA,52646,PAY,+,US,2022-05-14,AFETR,,93.90,53.16,466,464,,,EA,ORB
STARLINK-3846,2022-052BB,52647,PAY,D,US,2022-05-14,AFETR,2025-11-14,87.97,53.20,175,173,,,EA,IMP
STARLINK-3854,2022-052BC,52648,PAY,+,US,2022-05-14,AFETR,,93.90,53.16,466,464,,,EA,ORB
STARLINK-3868,2022-052BD,52649,PAY,+,US,2022-05-14,AFETR,,94.01,53.16,472,470,,,EA,ORB
STARLINK-3891,2022-052BE,52650,PAY,+,US,2022-05-14,AFETR,,93.79,53.16,461,459,,,EA,ORB
FALCON 9 DEB,2022-052BF,52651,DEB,D,US,2022-05-14,AFETR,2022-07-06,87.27,53.20,142,137,,,EA,IMP
FALCON 9 DEB,2022-052BG,52652,DEB,D,US,2022-05-14,AFETR,2022-07-04,87.62,53.19,159,155,,,EA,IMP
FALCON 9 DEB,2022-052BH,52653,DEB,D,US,2022-05-14,AFETR,2022-06-26,87.36,53.19,147,140,,,EA,IMP
FALCON 9 DEB,2022-052BJ,52654,DEB,D,US,2022-05-14,AFETR,2022-06-26,87.67,53.18,162,156,,,EA,IMP
STARLINK-4004,2022-053A,52656,PAY,+,US,2022-05-18,AFETR,,93.79,53.16,461,459,,,EA,ORB
STARLINK-4084,2022-053B,52657,PAY,+,US,2022-05-18,AFETR,,94.01,53.16,472,470,,,EA,ORB
STARLINK-4082,2022-053C,52658,PAY,+,US,2022-05-18,AFETR,,95.44,53.16,541,539,,,EA,ORB
STARLINK-3960,2022-053D,52659,PAY,+,US,2022-05-18,AFETR,,93.90,53.16,466,464,,,EA,ORB
STARLINK-4081,2022-053E,52660,PAY,+,US,2022-05-18,AFETR,,94.01,53.16,472,469,,,EA,ORB
STARLINK-4042,2022-053F,52661,PAY,D,US,2022-05-18,AFETR,2026-02-17,87.49,53.20,153,147,,,EA,IMP
STARLINK-4044,2022-053G,52662,PAY,+,US,2022-05-18,AFETR,,95.44,53.16,541,539,,,EA,ORB
STARLINK-4037,2022-053H,52663,PAY,+,US,2022-05-18,AFETR,,95.42,53.16,540,537,,,EA,ORB
STARLINK-4070,2022-053J,52664,PAY,+,US,2022-05-18,AFETR,,95.44,53.16,541,539,,,EA,ORB
STARLINK-4064,2022-053K,52665,PAY,+,US,2022-05-18,AFETR,,95.44,53.16,541,539,,,EA,ORB
STARLINK-4079,2022-053L,52666,PAY,+,US,2022-05-18,AFETR,,95.44,53.16,541,539,,,EA,ORB
STARLINK-4076,2022-053M,52667,PAY,+,US,2022-05-18,AFETR,,95.44,53.16,541,539,,,EA,ORB
STARLINK-4067,2022-053N,52668,PAY,+,US,2022-05-18,AFETR,,94.01,53.16,472,470,,,EA,ORB
STARLINK-3972,2022-053P,52669,PAY,+,US,2022-05-18,AFETR,,93.85,53.16,464,462,,,EA,ORB
STARLINK-4075,2022-053Q,52670,PAY,+,US,2022-05-18,AFETR,,95.44,53.16,541,539,,,EA,ORB
STARLINK-4071,2022-053R,52671,PAY,+,US,2022-05-18,AFETR,,95.44,53.16,541,539,,,EA,ORB
STARLINK-4073,2022-053S,52672,PAY,+,US,2022-05-18,AFETR,,95.44,53.16,541,539,,,EA,ORB
STARLINK-3976,2022-053T,52673,PAY,+,US,2022-05-18,AFETR,,93.79,53.16,461,459,,,EA,ORB
STARLINK-3936,2022-053U,52674,PAY,P,US,2022-05-18,AFETR,,94.33,53.21,487,485,,,EA,ORB
STARLINK-3934,2022-053V,52675,PAY,+,US,2022-05-18,AFETR,,94.01,53.16,472,470,,,EA,ORB
STARLINK-4006,2022-053W,52676,PAY,+,US,2022-05-18,AFETR,,93.79,53.16,461,459,,,EA,ORB
STARLINK-4028,2022-053X,52677,PAY,D,US,2022-05-18,AFETR,2025-08-11,87.51,53.20,156,147,,,EA,IMP
STARLINK-4074,2022-053Y,52678,PAY,+,US,2022-05-18,AFETR,,94.15,53.17,478,477,,,EA,ORB
STARLINK-4031,2022-053Z,52679,PAY,+,US,2022-05-18,AFETR,,95.44,53.16,541,539,,,EA,ORB
STARLINK-3774,2022-053AA,52680,PAY,+,US,2022-05-18,AFETR,,95.44,53.16,541,539,,,EA,ORB
STARLINK-4068,2022-053AB,52681,PAY,+,US,2022-05-18,AFETR,,94.16,53.16,479,477,,,EA,ORB
STARLINK-4017,2022-053AC,52682,PAY,+,US,2022-05-18,AFETR,,95.44,53.16,541,539,,,EA,ORB
STARLINK-4039,2022-053AD,52683,PAY,D,US,2022-05-18,AFETR,2024-12-16,87.44,53.20,153,142,,,EA,IMP
STARLINK-4014,2022-053AE,52684,PAY,+,US,2022-05-18,AFETR,,95.44,53.16,541,539,,,EA,ORB
STARLINK-4029,2022-053AF,52685,PAY,+,US,2022-05-18,AFETR,,95.44,53.16,541,539,,,EA,ORB
STARLINK-4005,2022-053AG,52686,PAY,+,US,2022-05-18,AFETR,,95.44,53.16,541,539,,,EA,ORB
STARLINK-3981,2022-053AH,52687,PAY,+,US,2022-05-18,AFETR,,95.44,53.16,541,539,,,EA,ORB
STARLINK-4032,2022-053AJ,52688,PAY,+,US,2022-05-18,AFETR,,95.44,53.16,541,539,,,EA,ORB
STARLINK-4078,2022-053AK,52689,PAY,D,US,2022-05-18,AFETR,2026-08-06,88.61,53.19,215,196,,,EA,IMP
STARLINK-4035,2022-053AL,52690,PAY,+,US,2022-05-18,AFETR,,94.36,53.16,489,487,,,EA,ORB
STARLINK-3945,2022-053AM,52691,PAY,D,US,2022-05-18,AFETR,2024-12-25,87.60,53.20,159,152,,,EA,IMP
STARLINK-3993,2022-053AN,52692,PAY,+,US,2022-05-18,AFETR,,95.44,53.16,541,539,,,EA,ORB
STARLINK-3946,2022-053AP,52693,PAY,+,US,2022-05-18,AFETR,,95.44,53.16,541,539,,,EA,ORB
STARLINK-4072,2022-053AQ,52694,PAY,+,US,2022-05-18,AFETR,,93.79,53.16,461,459,,,EA,ORB
STARLINK-4041,2022-053AR,52695,PAY,+,US,2022-05-18,AFETR,,95.44,53.16,541,539,,,EA,ORB
STARLINK-4025,2022-053AS,52696,PAY,D,US,2022-05-18,AFETR,2024-12-16,87.36,53.19,145,142,,,EA,IMP
STARLINK-4018,2022-053AT,52697,PAY,+,US,2022-05-18,AFETR,,94.45,53.16,492,492,,,EA,ORB
STARLINK-4030,2022-053AU,52698,PAY,+,US,2022-05-18,AFETR,,94.45,53.16,492,491,,,EA,ORB
STARLINK-3987,2022-053AV,52699,PAY,+,US,2022-05-18,AFETR,,93.79,53.16,461,459,,,EA,ORB
STARLINK-4034,2022-053AW,52700,PAY,+,US,2022-05-18,AFETR,,94.58,53.16,500,497,,,EA,ORB
STARLINK-4003,2022-053AX,52701,PAY,D,US,2022-05-18,AFETR,2025-01-08,87.31,53.19,144,138,,,EA,IMP
STARLINK-4033,2022-053AY,52702,PAY,+,US,2022-05-18,AFETR,,94.48,53.16,494,493,,,EA,ORB
STARLINK-4020,2022-053AZ,52703,PAY,+,US,2022-05-18,AFETR,,93.79,53.16,461,459,,,EA,ORB
STARLINK-3999,2022-053BA,52704,PAY,+,US,2022-05-18,AFETR,,93.79,53.16,460,459,,,EA,ORB
STARLINK-3844,2022-053BB,52705,PAY,+,US,2022-05-18,AFETR,,93.79,53.16,460,459,,,EA,ORB
STARLINK-3970,2022-053BC,52706,PAY,+,US,2022-05-18,AFETR,,93.79,53.16,461,459,,,EA,ORB
STARLINK-4007,2022-053BD,52707,PAY,+,US,2022-05-18,AFETR,,95.20,53.21,530,527,,,EA,ORB
STARLINK-3962,2022-053BE,52708,PAY,+,US,2022-05-18,AFETR,,93.79,53.16,461,459,,,EA,ORB
FALCON 9 DEB,2022-053BF,52709,DEB,D,US,2022-05-18,AFETR,2022-07-10,87.46,53.20,154,143,,,EA,IMP
FALCON 9 DEB,2022-053BG,52710,DEB,D,US,2022-05-18,AFETR,2022-07-06,87.27,53.19,145,134,,,EA,IMP
FALCON 9 DEB,2022-053BH,52711,DEB,D,US,2022-05-18,AFETR,2022-07-04,87.81,53.19,171,161,,,EA,IMP
FALCON 9 DEB,2022-053BJ,52712,DEB,D,US,2022-05-18,AFETR,2022-07-04,87.43,53.19,152,142,,,EA,IMP
COSMOS 2556,2022-054A,52713,PAY,+,CIS,2022-05-19,PLMSC,,94.34,97.63,488,486,,,EA,ORB
SL-4 R/B,2022-054B,52714,R/B,D,CIS,2022-05-19,PLMSC,2023-06-05,87.44,97.68,153,143,,,EA,IMP
STARLINER OFT-2,2022-055A,52715,PAY,D,US,2022-05-19,AFETR,2022-05-26,92.93,51.64,422,414,,,EA,LAN
OBJECT A,2022-056A,52716,PAY,-,PRC,2022-05-20,JSC,,102.53,86.01,892,865,,,EA,ORB
OBJECT B,2022-056B,52717,PAY,+,PRC,2022-05-20,JSC,,108.30,86.00,1181,1116,,,EA,ORB
OBJECT C,2022-056C,52718,PAY,-,PRC,2022-05-20,JSC,,102.54,86.01,890,867,,,EA,ORB
YZ-1S R/B,2022-056D,52719,R/B,D,PRC,2022-05-20,JSC,2022-05-21,88.75,85.96,333,92,,,EA,IMP
LEMUR-2-TENNYSONLILY,2022-057A,52732,PAY,D,US,2022-05-25,AFETR,2024-03-11,87.45,97.54,156,140,,,EA,IMP
LEMUR-2-VANDENDRIES,2022-057B,52733,PAY,D,US,2022-05-25,AFETR,2024-05-21,87.55,97.54,165,141,,,EA,IMP
PTD-3 (TBIRD),2022-057C,52734,PAY,D,US,2022-05-25,AFETR,2024-09-14,88.45,97.51,210,185,,,EA,IMP
OP15 FLT2 (TYVAK-0821),2022-057D,52735,PAY,D,US,2022-05-25,AFETR,2024-09-09,88.55,97.55,212,194,,,EA,IMP
LEMUR-2-KAREN B,2022-057E,52736,PAY,D,US,2022-05-25,AFETR,2024-02-02,87.60,97.53,164,147,,,EA,IMP
GHGSAT-C3,2022-057F,52737,PAY,+,CA,2022-05-25,AFETR,,93.81,97.67,464,458,,,EA,ORB
PLANETUM1,2022-057G,52738,PAY,D,CZCH,2022-05-25,AFETR,2024-11-29,87.37,97.55,150,138,,,EA,IMP
CONNECTA T1.1,2022-057H,52739,PAY,D,TURK,2022-05-25,AFETR,2026-01-08,88.25,97.60,193,183,,,EA,IMP
LEMUR-2-HANCOM-1,2022-057J,52740,PAY,D,US,2022-05-25,AFETR,2024-07-26,87.22,97.57,147,127,,,EA,IMP
OP15 FLT1 (TYVAK-0820),2022-057K,52741,PAY,D,US,2022-05-25,AFETR,2024-09-18,87.40,97.55,154,137,,,EA,IMP
CENTAURI-5 (TYVAK-0212),2022-057L,52742,PAY,D,AUS,2022-05-25,AFETR,2024-10-01,89.30,97.56,244,236,,,EA,IMP
TRANSPORTER-5 OBJECT M,2022-057M,52743,PAY,D,TBD,2022-05-25,AFETR,2024-11-19,87.46,97.54,155,142,,,EA,IMP
GHGSAT-C5,2022-057N,52744,PAY,+,CA,2022-05-25,AFETR,,93.81,97.68,464,457,,,EA,ORB
AMS,2022-057P,52745,PAY,D,US,2022-05-25,AFETR,2023-10-17,88.97,97.50,232,216,,,EA,IMP
GHGSAT-C4,2022-057Q,52746,PAY,+,CA,2022-05-25,AFETR,,93.81,97.66,464,457,,,EA,ORB
NUSAT-28 (ALICE LEE),2022-057R,52747,PAY,D,ARGN,2022-05-25,AFETR,2026-03-19,87.60,97.49,163,147,,,EA,IMP
NUSAT-30 (MARGHERITA),2022-057S,52748,PAY,D,ARGN,2022-05-25,AFETR,2024-11-29,87.75,97.38,170,157,,,EA,IMP
CARCARA 1 (ICEYE-X18),2022-057T,52749,PAY,D,BRAZ,2022-05-25,AFETR,2025-03-11,87.53,97.55,160,144,,,EA,IMP
FOSSASAT-2E11,2022-057U,52750,PAY,D,SPN,2022-05-25,AFETR,2023-09-08,88.31,97.53,204,178,,,EA,IMP
TRANSPORTER-5 OBJECT V,2022-057V,52751,PAY,-,TBD,2022-05-25,AFETR,,93.56,97.67,452,445,,,EA,ORB
NUSAT-31 (RUBY PAYNE-S),2022-057W,52752,PAY,D,ARGN,2022-05-25,AFETR,2026-03-31,87.54,97.62,160,145,,,EA,IMP
UMBRA-03,2022-057X,52753,PAY,D,US,2022-05-25,AFETR,2024-04-07,87.63,97.50,167,147,,,EA,IMP
HAWK-5C,2022-057Y,52754,PAY,+,US,2022-05-25,AFETR,,92.70,97.67,409,404,,,EA,ORB
ICEYE-X24,2022-057Z,52755,PAY,D,US,2022-05-25,AFETR,2024-12-14,87.36,97.54,150,138,,,EA,IMP
HAWK-5B,2022-057AA,52756,PAY,+,US,2022-05-25,AFETR,,92.70,97.67,410,403,,,EA,ORB
HAWK-5A,2022-057AB,52757,PAY,+,US,2022-05-25,AFETR,,92.70,97.67,410,404,,,EA,ORB
CARCARA 2 (ICEYE-X19),2022-057AC,52758,PAY,D,BRAZ,2022-05-25,AFETR,2025-03-03,87.64,97.53,166,150,,,EA,IMP
ICEYE-X20,2022-057AD,52759,PAY,D,FIN,2022-05-25,AFETR,2025-10-17,88.82,97.59,219,213,,,EA,IMP
VIGORIDE-3,2022-057AE,52760,PAY,+,US,2022-05-25,AFETR,,94.25,97.67,487,478,,,EA,ORB
ION SCV-006,2022-057AF,52761,PAY,+,IT,2022-05-25,AFETR,,93.11,97.62,437,416,,,EA,ORB
ICEYE-X17,2022-057AG,52762,PAY,D,US,2022-05-25,AFETR,2025-08-08,87.67,97.56,169,150,,,EA,IMP
SHERPA-AC1,2022-057AH,52763,PAY,+,US,2022-05-25,AFETR,,93.69,97.68,459,450,,,EA,ORB
NUSAT-29 (EDITH CLARKE),2022-057AJ,52764,PAY,D,ARGN,2022-05-25,AFETR,2025-12-14,87.69,97.47,166,153,,,EA,IMP
ARMSAT1 URDANETA,2022-057AK,52765,PAY,D,SPN,2022-05-25,AFETR,2025-11-07,87.75,97.59,169,158,,,EA,IMP
VARISAT 1C & CELESTIS-21,2022-057AL,52766,PAY,D,US,2022-05-25,AFETR,2025-06-25,87.44,97.58,156,140,,,EA,IMP
CNCE4,2022-057AM,52767,PAY,D,US,2022-05-25,AFETR,2024-04-19,87.97,97.52,182,165,,,EA,IMP
CNCE5,2022-057AN,52768,PAY,D,US,2022-05-25,AFETR,2024-04-16,88.32,97.52,200,184,,,EA,IMP
LEMUR-2-MIMI1307,2022-057AP,52769,PAY,D,US,2022-05-25,AFETR,2024-05-03,88.35,97.55,202,183,,,EA,IMP
PLATFORM-1,2022-057AQ,52770,PAY,D,BUL,2022-05-25,AFETR,2025-09-26,87.40,97.59,155,136,,,EA,IMP
OMNI-L2,2022-057AR,52771,PAY,+,US,2022-05-25,AFETR,,97.20,97.47,630,619,,,EA,ORB
CPOD FLT1 (TYVAK-0032),2022-057AS,52772,PAY,D,US,2022-05-25,AFETR,2024-06-09,87.69,97.53,170,150,,,EA,IMP
FOSSASAT-2E12,2022-057AT,52773,PAY,D,SPN,2022-05-25,AFETR,2023-10-31,89.42,97.49,253,238,,,EA,IMP
SBUDNIC,2022-057AU,52774,PAY,D,US,2022-05-25,AFETR,2023-08-08,87.63,97.50,169,146,,,EA,IMP
GUARDIAN,2022-057AV,52775,PAY,D,SPN,2022-05-25,AFETR,2025-10-18,88.94,97.59,226,217,,,EA,IMP
FOSSASAT-2E13,2022-057AW,52776,PAY,D,SPN,2022-05-25,AFETR,2024-02-02,87.69,97.51,167,152,,,EA,IMP
VEERY-FS1,2022-057AX,52777,PAY,D,US,2022-05-25,AFETR,2024-04-04,89.18,97.53,243,225,,,EA,IMP
FOSSASAT-2E7,2022-057AY,52778,PAY,D,SPN,2022-05-25,AFETR,2023-08-22,89.01,97.53,241,211,,,EA,IMP
FOSSASAT-2E8,2022-057AZ,52779,PAY,D,SPN,2022-05-25,AFETR,2023-10-27,88.87,97.51,228,209,,,EA,IMP
CPOD FLT2 (TYVAK-0033),2022-057BA,52780,PAY,D,US,2022-05-25,AFETR,2024-06-14,87.33,97.54,153,132,,,EA,IMP
TRANSPORTER-5 OBJECT BB,2022-057BB,52781,UNK,D,TBD,2022-05-25,AFETR,2023-04-01,91.83,97.50,378,351,,,EA,IMP
GEESAT-1 01,2022-058A,52785,PAY,+,PRC,2022-06-02,XICLF,,97.19,49.99,640,609,,,EA,ORB
GEESAT-1 02,2022-058B,52786,PAY,+,PRC,2022-06-02,XICLF,,97.20,50.00,640,609,,,EA,ORB
GEESAT-1 03,2022-058C,52787,PAY,+,PRC,2022-06-02,XICLF,,97.19,49.99,630,619,,,EA,ORB
GEESAT-1 04,2022-058D,52788,PAY,+,PRC,2022-06-02,XICLF,,97.19,50.00,631,618,,,EA,ORB
GEESAT-1 05,2022-058E,52789,PAY,+,PRC,2022-06-02,XICLF,,95.93,49.98,565,562,,,EA,ORB
GEESAT-1 06,2022-058F,52790,PAY,+,PRC,2022-06-02,XICLF,,97.20,50.00,648,601,,,EA,ORB
GEESAT-1 07,2022-058G,52791,PAY,+,PRC,2022-06-02,XICLF,,97.20,49.99,633,616,,,EA,ORB
GEESAT-1 08,2022-058H,52792,PAY,+,PRC,2022-06-02,XICLF,,97.20,49.99,638,611,,,EA,ORB
GEESAT-1 09,2022-058J,52793,PAY,+,PRC,2022-06-02,XICLF,,95.94,50.00,568,559,,,EA,ORB
CZ-2C R/B,2022-058K,52794,R/B,,PRC,2022-06-02,XICLF,,91.93,50.18,389,349,,,EA,ORB
PROGRESS-MS 20,2022-059A,52795,PAY,D,CIS,2022-06-03,TYMSC,2023-02-07,92.92,51.64,423,412,,,AS,IMP
SL-4 R/B,2022-059B,52796,R/B,D,CIS,2022-06-03,TYMSC,2022-06-05,86.98,51.64,127,122,,,EA,IMP
SHENZHOU-14 (SZ-14),2022-060A,52797,PAY,D,PRC,2022-06-05,JSC,2022-12-04,92.37,41.48,400,381,,,EA,LAN
CZ-2F R/B,2022-060B,52798,R/B,D,PRC,2022-06-05,JSC,2022-06-21,87.44,41.46,162,133,,,EA,IMP
OBJECT C,2022-060C,52799,UNK,D,PRC,2022-06-05,JSC,2022-06-07,89.86,41.31,363,173,,,EA,IMP
OBJECT D,2022-060D,52800,UNK,D,PRC,2022-06-05,JSC,2022-06-08,89.44,41.38,324,170,,,EA,IMP
OBJECT E,2022-060E,52801,UNK,D,PRC,2022-06-05,JSC,2022-06-12,89.48,41.46,283,215,,,EA,IMP
OBJECT F,2022-060F,52802,UNK,D,PRC,2022-06-05,JSC,2022-06-12,89.67,41.47,321,195,,,EA,IMP
NILESAT 301,2022-061A,52817,PAY,+,EGYP,2022-06-08,AFETR,,1436.07,0.05,35796,35776,,,EA,ORB
FALCON 9 R/B,2022-061B,52818,R/B,,US,2022-06-08,AFETR,,789.94,18.83,43526,331,,,EA,ORB
STARLINK-4091,2022-062A,52830,PAY,+,US,2022-06-17,AFETR,,94.01,53.16,472,470,,,EA,ORB
STARLINK-4089,2022-062B,52831,PAY,+,US,2022-06-17,AFETR,,94.01,53.16,471,470,,,EA,ORB
STARLINK-4083,2022-062C,52832,PAY,+,US,2022-06-17,AFETR,,94.01,53.16,472,470,,,EA,ORB
STARLINK-4086,2022-062D,52833,PAY,+,US,2022-06-17,AFETR,,94.47,53.15,493,492,,,EA,ORB
STARLINK-4108,2022-062E,52834,PAY,+,US,2022-06-17,AFETR,,94.01,53.16,471,470,,,EA,ORB
STARLINK-4080,2022-062F,52835,PAY,+,US,2022-06-17,AFETR,,94.01,53.16,472,470,,,EA,ORB
STARLINK-4043,2022-062G,52836,PAY,P,US,2022-06-17,AFETR,,94.33,53.17,487,485,,,EA,ORB
STARLINK-4036,2022-062H,52837,PAY,+,US,2022-06-17,AFETR,,93.79,53.16,461,459,,,EA,ORB
STARLINK-4092,2022-062J,52838,PAY,+,US,2022-06-17,AFETR,,94.01,53.16,472,470,,,EA,ORB
STARLINK-4048,2022-062K,52839,PAY,+,US,2022-06-17,AFETR,,94.01,53.16,472,470,,,EA,ORB
STARLINK-4049,2022-062L,52840,PAY,P,US,2022-06-17,AFETR,,94.33,53.18,487,485,,,EA,ORB
STARLINK-4065,2022-062M,52841,PAY,+,US,2022-06-17,AFETR,,93.79,53.16,461,459,,,EA,ORB
STARLINK-4046,2022-062N,52842,PAY,+,US,2022-06-17,AFETR,,93.79,53.16,461,459,,,EA,ORB
STARLINK-4188,2022-062P,52843,PAY,+,US,2022-06-17,AFETR,,94.01,53.16,471,470,,,EA,ORB
STARLINK-4208,2022-062Q,52844,PAY,+,US,2022-06-17,AFETR,,93.90,53.16,466,465,,,EA,ORB
STARLINK-4168,2022-062R,52845,PAY,+,US,2022-06-17,AFETR,,94.01,53.16,471,470,,,EA,ORB
STARLINK-4212,2022-062S,52846,PAY,+,US,2022-06-17,AFETR,,94.01,53.16,471,470,,,EA,ORB
STARLINK-4206,2022-062T,52847,PAY,+,US,2022-06-17,AFETR,,93.79,53.16,460,459,,,EA,ORB
STARLINK-4202,2022-062U,52848,PAY,+,US,2022-06-17,AFETR,,93.79,53.16,460,459,,,EA,ORB
STARLINK-4197,2022-062V,52849,PAY,+,US,2022-06-17,AFETR,,93.90,53.16,466,464,,,EA,ORB
STARLINK-4187,2022-062W,52850,PAY,+,US,2022-06-17,AFETR,,94.01,53.16,472,470,,,EA,ORB
STARLINK-3809,2022-062X,52851,PAY,+,US,2022-06-17,AFETR,,93.85,53.16,463,462,,,EA,ORB
STARLINK-4184,2022-062Y,52852,PAY,+,US,2022-06-17,AFETR,,93.85,53.16,463,462,,,EA,ORB
STARLINK-4189,2022-062Z,52853,PAY,D,US,2022-06-17,AFETR,2026-08-11,87.55,53.19,159,148,,,EA,IMP
STARLINK-4204,2022-062AA,52854,PAY,+,US,2022-06-17,AFETR,,93.79,53.16,461,459,,,EA,ORB
STARLINK-4209,2022-062AB,52855,PAY,+,US,2022-06-17,AFETR,,94.01,53.16,471,470,,,EA,ORB
STARLINK-4201,2022-062AC,52856,PAY,+,US,2022-06-17,AFETR,,93.90,53.16,466,465,,,EA,ORB
STARLINK-4199,2022-062AD,52857,PAY,+,US,2022-06-17,AFETR,,93.90,53.16,466,464,,,EA,ORB
STARLINK-4198,2022-062AE,52858,PAY,+,US,2022-06-17,AFETR,,93.90,53.16,466,464,,,EA,ORB
STARLINK-4196,2022-062AF,52859,PAY,+,US,2022-06-17,AFETR,,93.90,53.16,466,464,,,EA,ORB
STARLINK-4191,2022-062AG,52860,PAY,+,US,2022-06-17,AFETR,,93.79,53.16,461,459,,,EA,ORB
STARLINK-4112,2022-062AH,52861,PAY,+,US,2022-06-17,AFETR,,94.01,53.16,471,470,,,EA,ORB
STARLINK-4010,2022-062AJ,52862,PAY,+,US,2022-06-17,AFETR,,93.85,53.16,464,462,,,EA,ORB
STARLINK-4270,2022-062AK,52863,PAY,+,US,2022-06-17,AFETR,,93.90,53.16,466,464,,,EA,ORB
STARLINK-4267,2022-062AL,52864,PAY,+,US,2022-06-17,AFETR,,93.79,53.16,460,459,,,EA,ORB
STARLINK-4274,2022-062AM,52865,PAY,+,US,2022-06-17,AFETR,,93.79,53.16,460,459,,,EA,ORB
STARLINK-4272,2022-062AN,52866,PAY,+,US,2022-06-17,AFETR,,93.90,53.16,466,465,,,EA,ORB
STARLINK-4126,2022-062AP,52867,PAY,+,US,2022-06-17,AFETR,,93.85,53.16,464,462,,,EA,ORB
STARLINK-4261,2022-062AQ,52868,PAY,+,US,2022-06-17,AFETR,,93.79,53.16,460,459,,,EA,ORB
STARLINK-4266,2022-062AR,52869,PAY,+,US,2022-06-17,AFETR,,93.85,53.16,463,462,,,EA,ORB
STARLINK-4195,2022-062AS,52870,PAY,D,US,2022-06-17,AFETR,2026-02-13,87.69,53.20,162,158,,,EA,IMP
STARLINK-4207,2022-062AT,52871,PAY,+,US,2022-06-17,AFETR,,93.85,53.16,463,462,,,EA,ORB
STARLINK-4213,2022-062AU,52872,PAY,+,US,2022-06-17,AFETR,,94.01,53.16,471,470,,,EA,ORB
STARLINK-4211,2022-062AV,52873,PAY,+,US,2022-06-17,AFETR,,93.85,53.16,464,462,,,EA,ORB
STARLINK-4210,2022-062AW,52874,PAY,D,US,2022-06-17,AFETR,2025-10-17,87.46,53.20,153,145,,,EA,IMP
STARLINK-4193,2022-062AX,52875,PAY,+,US,2022-06-17,AFETR,,93.85,53.16,463,462,,,EA,ORB
STARLINK-4200,2022-062AY,52876,PAY,+,US,2022-06-17,AFETR,,94.01,53.16,471,470,,,EA,ORB
STARLINK-4214,2022-062AZ,52877,PAY,+,US,2022-06-17,AFETR,,93.85,53.16,463,462,,,EA,ORB
STARLINK-4171,2022-062BA,52878,PAY,+,US,2022-06-17,AFETR,,93.85,53.16,464,462,,,EA,ORB
STARLINK-4139,2022-062BB,52879,PAY,+,US,2022-06-17,AFETR,,93.85,53.16,464,462,,,EA,ORB
STARLINK-4186,2022-062BC,52880,PAY,+,US,2022-06-17,AFETR,,93.85,53.16,463,462,,,EA,ORB
STARLINK-4192,2022-062BD,52881,PAY,D,US,2022-06-17,AFETR,2024-09-02,89.82,53.21,267,264,,,EA,IMP
STARLINK-4181,2022-062BE,52882,PAY,+,US,2022-06-17,AFETR,,94.32,53.16,486,485,,,EA,ORB
FALCON 9 DEB,2022-062BF,52883,DEB,D,US,2022-06-17,AFETR,2022-07-08,87.75,53.21,169,158,,,EA,IMP
FALCON 9 DEB,2022-062BG,52884,DEB,D,US,2022-06-17,AFETR,2022-07-08,87.50,53.20,154,148,,,EA,IMP
FALCON 9 DEB,2022-062BH,52885,DEB,D,US,2022-06-17,AFETR,2022-07-08,87.63,53.21,160,154,,,EA,IMP
FALCON 9 DEB,2022-062BJ,52886,DEB,D,US,2022-06-17,AFETR,2022-07-07,87.71,53.21,166,155,,,EA,IMP
SARAH-1,2022-063A,52887,PAY,+,GER,2022-06-18,AFWTR,,,,,,,NEA,EA,ORB
GLOBALSTAR M087,2022-064A,52888,PAY,+,US,2022-06-19,AFETR,,114.08,52.00,1414,1413,,,EA,ORB
USA 328,2022-064B,52889,PAY,+,US,2022-06-19,AFETR,,92.99,53.00,422,420,,NEA,EA,ORB
USA 329,2022-064C,52890,PAY,+,US,2022-06-19,AFETR,,95.15,53.01,527,525,,NEA,EA,ORB
USA 330,2022-064D,52891,PAY,+,US,2022-06-19,AFETR,,94.00,53.01,472,468,,NEA,EA,ORB
USA 331,2022-064E,52892,PAY,+,US,2022-06-19,AFETR,,93.32,53.00,438,437,,NEA,EA,ORB
FALCON 9 DEB,2022-064F,52893,DEB,,US,2022-06-19,AFETR,,93.63,52.99,457,448,,,EA,ORB
PVSAT,2022-065A,52894,PAY,+,SKOR,2022-06-21,NSC,,98.66,98.24,701,688,,,EA,ORB
KSLV-II DUMMY,2022-065B,52895,PAY,+,SKOR,2022-06-21,NSC,,98.72,98.24,703,692,,,EA,ORB
KSLV-II R/B,2022-065C,52896,R/B,,SKOR,2022-06-21,NSC,,98.27,98.27,687,664,,,EA,ORB
STEP CUBE LAB-II,2022-065D,52897,PAY,+,SKOR,2022-06-21,NSC,,98.40,98.23,688,676,,,EA,ORB
RANDEV,2022-065E,52898,PAY,+,SKOR,2022-06-21,NSC,,98.38,98.23,687,675,,,EA,ORB
SNUGLITE-II,2022-065F,52899,PAY,+,SKOR,2022-06-21,NSC,,98.33,98.23,684,673,,,EA,ORB
MIMAN,2022-065G,52900,PAY,+,SKOR,2022-06-21,NSC,,98.50,98.24,692,682,,,EA,ORB
TIANXING-1,2022-066A,52901,PAY,D,PRC,2022-06-22,JSC,2023-03-28,87.11,96.69,137,126,,,EA,IMP
KZ-1A R/B,2022-066B,52902,R/B,D,PRC,2022-06-22,JSC,2022-06-23,87.86,96.78,243,94,,,EA,IMP
CMS-02 (GSAT-24),2022-067A,52903,PAY,+,IND,2022-06-22,FRGUI,,1436.08,0.08,35790,35782,,,EA,ORB
MEASAT 3D,2022-067B,52904,PAY,+,MALA,2022-06-22,FRGUI,,1436.12,0.06,35790,35784,,,EA,ORB
ARIANE 5 DEB [SYLDA],2022-067C,52905,DEB,,FR,2022-06-22,FRGUI,,418.26,5.80,24042,255,,,EA,ORB
ARIANE 5 R/B,2022-067D,52906,R/B,,FR,2022-06-22,FRGUI,,595.70,5.80,33886,261,,,EA,ORB
YAOGAN-35 02A,2022-068A,52907,PAY,+,PRC,2022-06-23,XICLF,,94.44,34.99,499,483,,,EA,ORB
YAOGAN-35 02B,2022-068B,52908,PAY,+,PRC,2022-06-23,XICLF,,91.60,34.99,356,350,,,EA,ORB
YAOGAN-35 02C,2022-068C,52909,PAY,D,PRC,2022-06-23,XICLF,2024-04-19,87.61,34.98,160,153,,,EA,IMP
CZ-2D R/B,2022-068D,52910,R/B,D,PRC,2022-06-23,XICLF,2023-03-08,87.55,34.87,159,148,,,EA,IMP
CZ-2D DEB,2022-068E,52911,DEB,D,PRC,2022-06-23,XICLF,2023-06-12,88.13,34.97,185,180,,,EA,IMP
GAOFEN-12 03,2022-069A,52912,PAY,+,PRC,2022-06-27,JSC,,97.29,97.82,630,628,,,EA,ORB
CZ-4C R/B,2022-069B,52913,R/B,,PRC,2022-06-27,JSC,,93.82,98.01,489,433,,,EA,ORB
CAPSTONE,2022-070A,52914,PAY,+,US,2022-06-28,RLLB,,,,,,,,MO,ORB
ELECTRON R/B,2022-070B,52915,R/B,D,US,2022-06-28,RLLB,2022-06-28,87.61,39.10,164,148,,,EA,IMP
LUNAR PHOTON,2022-070C,52916,R/B,,US,2022-06-28,RLLB,,,,,,,,SU,ORB
NACHOS-1,2022-015D,52917,PAY,D,US,2022-02-19,WLPIS,2023-02-02,87.62,51.62,161,152,,,EA,IMP
SES-22,2022-071A,52933,PAY,+,SES,2022-06-29,AFETR,,1436.11,0.04,35792,35781,,,EA,ORB
FALCON 9 R/B,2022-071B,52934,R/B,,US,2022-06-29,AFETR,,613.80,15.93,34782,311,,,EA,ORB
DS-EO,2022-072A,52935,PAY,+,SING,2022-06-30,SRILR,,95.09,9.99,525,521,,,EA,ORB
PSLV DEB,2022-072B,52936,DEB,D,IND,2022-06-30,SRILR,2024-05-23,94.38,9.99,493,484,,,EA,IMP
NEUSAR,2022-072C,52937,PAY,D,SING,2022-06-30,SRILR,2025-06-01,89.09,9.98,234,225,,,EA,IMP
SCOOB-1,2022-072D,52938,PAY,D,SING,2022-06-30,SRILR,2025-01-14,95.54,9.90,582,507,,,EA,IMP
POEM,2022-072E,52939,PAY,+,IND,2022-06-30,SRILR,,94.44,9.95,507,476,,,EA,ORB
WFOV (USA 332),2022-073A,52940,PAY,+,US,2022-07-01,AFETR,,1436.11,3.87,35798,35776,,,EA,ORB
USA 333,2022-073B,52941,PAY,+,US,2022-07-01,AFETR,,1423.95,3.58,35787,35310,,NEA,EA,ORB
ATLAS 5 CENTAUR R/B,2022-073C,52942,R/B,,US,2022-07-01,AFETR,,1556.96,4.19,39871,36370,,,EA,ORB
ATLAS 5 CENTAUR DEB,2022-073D,52943,DEB,,US,2022-07-01,AFETR,,1459.40,3.93,36274,36209,,,EA,ORB
RECURVE,2022-074A,52944,PAY,D,US,2022-07-02,WRAS,2024-08-02,89.32,45.00,248,234,,,EA,IMP
NACHOS-2,2022-074B,52945,PAY,D,US,2022-07-02,WRAS,2024-06-27,87.86,44.96,176,161,,,EA,IMP
OBJECT C,2022-074C,52946,UNK,D,US,2022-07-02,WRAS,2023-12-07,87.55,44.96,154,152,,,EA,IMP
SLINGSHOT 1,2022-074D,52947,PAY,D,US,2022-07-02,WRAS,2024-09-11,88.04,44.96,181,174,,,EA,IMP
GPX2 3U,2022-074E,52948,PAY,D,US,2022-07-02,WRAS,2024-05-09,88.86,44.97,229,207,,,EA,IMP
MISR-B-1,2022-074F,52949,PAY,D,US,2022-07-02,WRAS,2023-10-05,88.88,44.97,230,208,,,EA,IMP
CTIM,2022-074G,52950,PAY,D,US,2022-07-02,WRAS,2023-12-04,88.20,44.99,192,179,,,EA,IMP
GUNSMOKE-L,2022-074H,52951,PAY,D,US,2022-07-02,WRAS,2023-12-25,87.92,44.95,174,169,,,EA,IMP
DUMMY CUBESAT,2022-065H,52983,PAY,-,SKOR,2022-06-21,NSC,,98.59,98.24,697,686,,,EA,ORB
COSMOS 2557 [GLONASS-K],2022-075A,52984,PAY,+,CIS,2022-07-07,PLMSC,,675.73,64.26,19160,19100,,,EA,ORB
FREGAT R/B,2022-075B,52985,R/B,,CIS,2022-07-07,PLMSC,,689.59,64.28,19664,19291,,,EA,ORB
STARLINK-4260,2022-076A,52986,PAY,+,US,2022-07-07,AFETR,,93.90,53.16,466,465,,,EA,ORB
STARLINK-4259,2022-076B,52987,PAY,+,US,2022-07-07,AFETR,,94.01,53.16,472,470,,,EA,ORB
STARLINK-4291,2022-076C,52988,PAY,+,US,2022-07-07,AFETR,,93.90,53.16,466,465,,,EA,ORB
STARLINK-4293,2022-076D,52989,PAY,P,US,2022-07-07,AFETR,,91.24,53.22,336,334,,,EA,ORB
STARLINK-4286,2022-076E,52990,PAY,+,US,2022-07-07,AFETR,,93.90,53.16,466,464,,,EA,ORB
STARLINK-4285,2022-076F,52991,PAY,+,US,2022-07-07,AFETR,,93.90,53.16,466,464,,,EA,ORB
STARLINK-4269,2022-076G,52992,PAY,+,US,2022-07-07,AFETR,,94.01,53.16,472,470,,,EA,ORB
STARLINK-4264,2022-076H,52993,PAY,D,US,2022-07-07,AFETR,2026-02-13,87.78,53.21,167,163,,,EA,IMP
STARLINK-4256,2022-076J,52994,PAY,+,US,2022-07-07,AFETR,,93.85,53.16,464,462,,,EA,ORB
STARLINK-4296,2022-076K,52995,PAY,+,US,2022-07-07,AFETR,,93.79,53.16,461,459,,,EA,ORB
STARLINK-4295,2022-076L,52996,PAY,+,US,2022-07-07,AFETR,,93.79,53.16,461,459,,,EA,ORB
STARLINK-4301,2022-076M,52997,PAY,D,US,2022-07-07,AFETR,2025-02-04,87.39,53.19,150,140,,,EA,IMP
STARLINK-4254,2022-076N,52998,PAY,+,US,2022-07-07,AFETR,,93.85,53.16,464,462,,,EA,ORB
STARLINK-4217,2022-076P,52999,PAY,+,US,2022-07-07,AFETR,,93.85,53.16,464,462,,,EA,ORB
STARLINK-4194,2022-076Q,53000,PAY,+,US,2022-07-07,AFETR,,93.85,53.16,464,462,,,EA,ORB
STARLINK-4190,2022-076R,53001,PAY,+,US,2022-07-07,AFETR,,93.79,53.16,461,459,,,EA,ORB
STARLINK-4121,2022-076S,53002,PAY,+,US,2022-07-07,AFETR,,93.90,53.16,466,465,,,EA,ORB
STARLINK-4255,2022-076T,53003,PAY,+,US,2022-07-07,AFETR,,93.85,53.16,463,462,,,EA,ORB
STARLINK-4253,2022-076U,53004,PAY,+,US,2022-07-07,AFETR,,94.01,53.16,472,470,,,EA,ORB
STARLINK-4288,2022-076V,53005,PAY,+,US,2022-07-07,AFETR,,93.85,53.16,464,462,,,EA,ORB
STARLINK-4290,2022-076W,53006,PAY,+,US,2022-07-07,AFETR,,93.79,53.16,461,459,,,EA,ORB
STARLINK-4215,2022-076X,53007,PAY,+,US,2022-07-07,AFETR,,93.79,53.16,460,459,,,EA,ORB
STARLINK-4275,2022-076Y,53008,PAY,+,US,2022-07-07,AFETR,,93.79,53.16,461,459,,,EA,ORB
STARLINK-4277,2022-076Z,53009,PAY,+,US,2022-07-07,AFETR,,94.11,53.16,476,475,,,EA,ORB
STARLINK-4263,2022-076AA,53010,PAY,+,US,2022-07-07,AFETR,,93.90,53.16,466,464,,,EA,ORB
STARLINK-4265,2022-076AB,53011,PAY,+,US,2022-07-07,AFETR,,93.99,53.16,471,468,,,EA,ORB
STARLINK-4271,2022-076AC,53012,PAY,+,US,2022-07-07,AFETR,,94.01,53.16,472,470,,,EA,ORB
STARLINK-4177,2022-076AD,53013,PAY,+,US,2022-07-07,AFETR,,93.79,53.16,461,459,,,EA,ORB
STARLINK-4183,2022-076AE,53014,PAY,+,US,2022-07-07,AFETR,,93.79,53.16,460,459,,,EA,ORB
STARLINK-4262,2022-076AF,53015,PAY,+,US,2022-07-07,AFETR,,94.08,53.16,475,473,,,EA,ORB
STARLINK-4283,2022-076AG,53016,PAY,+,US,2022-07-07,AFETR,,94.01,53.16,471,470,,,EA,ORB
STARLINK-4281,2022-076AH,53017,PAY,P,US,2022-07-07,AFETR,,93.71,53.21,457,455,,,EA,ORB
STARLINK-4279,2022-076AJ,53018,PAY,P,US,2022-07-07,AFETR,,94.33,53.21,487,485,,,EA,ORB
STARLINK-4282,2022-076AK,53019,PAY,+,US,2022-07-07,AFETR,,94.34,53.16,487,485,,,EA,ORB
STARLINK-4287,2022-076AL,53020,PAY,+,US,2022-07-07,AFETR,,94.28,53.16,485,483,,,EA,ORB
STARLINK-4203,2022-076AM,53021,PAY,D,US,2022-07-07,AFETR,2024-12-18,87.36,53.19,147,141,,,EA,IMP
STARLINK-4216,2022-076AN,53022,PAY,+,US,2022-07-07,AFETR,,93.85,53.16,464,462,,,EA,ORB
STARLINK-4284,2022-076AP,53023,PAY,+,US,2022-07-07,AFETR,,94.11,53.16,476,474,,,EA,ORB
STARLINK-4289,2022-076AQ,53024,PAY,+,US,2022-07-07,AFETR,,94.15,53.16,478,476,,,EA,ORB
STARLINK-4218,2022-076AR,53025,PAY,+,US,2022-07-07,AFETR,,94.02,53.16,472,470,,,EA,ORB
STARLINK-4119,2022-076AS,53026,PAY,+,US,2022-07-07,AFETR,,94.01,53.16,472,470,,,EA,ORB
STARLINK-4158,2022-076AT,53027,PAY,+,US,2022-07-07,AFETR,,93.79,53.16,460,459,,,EA,ORB
STARLINK-4161,2022-076AU,53028,PAY,D,US,2022-07-07,AFETR,2022-11-15,87.99,53.20,179,171,,,EA,IMP
STARLINK-4143,2022-076AV,53029,PAY,+,US,2022-07-07,AFETR,,93.79,53.16,460,459,,,EA,ORB
STARLINK-4160,2022-076AW,53030,PAY,+,US,2022-07-07,AFETR,,93.85,53.16,464,462,,,EA,ORB
STARLINK-4137,2022-076AX,53031,PAY,+,US,2022-07-07,AFETR,,93.79,53.17,460,459,,,EA,ORB
STARLINK-4115,2022-076AY,53032,PAY,+,US,2022-07-07,AFETR,,93.79,53.16,461,459,,,EA,ORB
STARLINK-4167,2022-076AZ,53033,PAY,+,US,2022-07-07,AFETR,,94.67,53.16,503,502,,,EA,ORB
STARLINK-4151,2022-076BA,53034,PAY,+,US,2022-07-07,AFETR,,94.01,53.16,472,470,,,EA,ORB
STARLINK-4157,2022-076BB,53035,PAY,+,US,2022-07-07,AFETR,,94.89,53.16,513,513,,,EA,ORB
STARLINK-4155,2022-076BC,53036,PAY,+,US,2022-07-07,AFETR,,94.84,53.16,512,510,,,EA,ORB
STARLINK-4153,2022-076BD,53037,PAY,+,US,2022-07-07,AFETR,,94.75,53.16,507,506,,,EA,ORB
STARLINK-4156,2022-076BE,53038,PAY,+,US,2022-07-07,AFETR,,94.60,53.16,500,498,,,EA,ORB
FALCON 9 DEB,2022-076BF,53039,DEB,D,US,2022-07-07,AFETR,2022-07-26,87.83,53.21,175,158,,,EA,IMP
FALCON 9 DEB,2022-076BG,53040,DEB,D,US,2022-07-07,AFETR,2022-07-26,87.87,53.20,178,160,,,EA,IMP
FALCON 9 DEB,2022-076BH,53041,DEB,D,US,2022-07-07,AFETR,2022-07-26,87.78,53.21,172,157,,,EA,IMP
FALCON 9 DEB,2022-076BJ,53042,DEB,D,US,2022-07-07,AFETR,2022-07-24,87.54,53.22,159,147,,,EA,IMP
STARLINK-4362,2022-077A,53043,PAY,+,US,2022-07-11,AFWTR,,95.03,97.28,521,519,,,EA,ORB
STARLINK-4349,2022-077B,53044,PAY,D,US,2022-07-11,AFWTR,2026-05-03,87.32,97.55,147,136,,,EA,IMP
STARLINK-4350,2022-077C,53045,PAY,+,US,2022-07-11,AFWTR,,95.33,97.28,536,533,,,EA,ORB
STARLINK-4331,2022-077D,53046,PAY,+,US,2022-07-11,AFWTR,,95.63,97.29,551,547,,,EA,ORB
STARLINK-4352,2022-077E,53047,PAY,+,US,2022-07-11,AFWTR,,95.11,97.28,525,523,,,EA,ORB
STARLINK-4355,2022-077F,53048,PAY,+,US,2022-07-11,AFWTR,,95.47,97.28,543,540,,,EA,ORB
STARLINK-4345,2022-077G,53049,PAY,+,US,2022-07-11,AFWTR,,95.14,97.28,527,523,,,EA,ORB
STARLINK-4343,2022-077H,53050,PAY,+,US,2022-07-11,AFWTR,,95.33,97.29,536,533,,,EA,ORB
STARLINK-4336,2022-077J,53051,PAY,+,US,2022-07-11,AFWTR,,94.96,97.28,518,515,,,EA,ORB
STARLINK-4341,2022-077K,53052,PAY,+,US,2022-07-11,AFWTR,,95.21,97.29,530,528,,,EA,ORB
STARLINK-4337,2022-077L,53053,PAY,+,US,2022-07-11,AFWTR,,94.90,97.28,515,512,,,EA,ORB
STARLINK-4339,2022-077M,53054,PAY,+,US,2022-07-11,AFWTR,,95.64,97.29,551,548,,,EA,ORB
STARLINK-4338,2022-077N,53055,PAY,+,US,2022-07-11,AFWTR,,95.33,97.29,536,533,,,EA,ORB
STARLINK-4314,2022-077P,53056,PAY,+,US,2022-07-11,AFWTR,,95.33,97.28,536,533,,,EA,ORB
STARLINK-4252,2022-077Q,53057,PAY,+,US,2022-07-11,AFWTR,,95.64,97.29,551,548,,,EA,ORB
STARLINK-4317,2022-077R,53058,PAY,+,US,2022-07-11,AFWTR,,95.33,97.28,535,533,,,EA,ORB
STARLINK-4320,2022-077S,53059,PAY,+,US,2022-07-11,AFWTR,,95.04,97.29,521,520,,,EA,ORB
STARLINK-4305,2022-077T,53060,PAY,+,US,2022-07-11,AFWTR,,94.96,97.28,518,515,,,EA,ORB
STARLINK-4308,2022-077U,53061,PAY,+,US,2022-07-11,AFWTR,,95.01,97.28,521,518,,,EA,ORB
STARLINK-4311,2022-077V,53062,PAY,+,US,2022-07-11,AFWTR,,95.33,97.29,536,534,,,EA,ORB
STARLINK-4307,2022-077W,53063,PAY,+,US,2022-07-11,AFWTR,,95.37,97.28,538,535,,,EA,ORB
STARLINK-4313,2022-077X,53064,PAY,+,US,2022-07-11,AFWTR,,95.64,97.29,551,548,,,EA,ORB
STARLINK-4312,2022-077Y,53065,PAY,+,US,2022-07-11,AFWTR,,95.33,97.29,536,533,,,EA,ORB
STARLINK-4309,2022-077Z,53066,PAY,+,US,2022-07-11,AFWTR,,95.33,97.28,536,533,,,EA,ORB
STARLINK-4306,2022-077AA,53067,PAY,D,US,2022-07-11,AFWTR,2025-06-05,87.90,97.64,179,162,,,EA,IMP
STARLINK-4325,2022-077AB,53068,PAY,+,US,2022-07-11,AFWTR,,95.33,97.29,536,533,,,EA,ORB
STARLINK-4323,2022-077AC,53069,PAY,+,US,2022-07-11,AFWTR,,95.03,97.28,521,519,,,EA,ORB
STARLINK-4342,2022-077AD,53070,PAY,+,US,2022-07-11,AFWTR,,95.57,97.28,548,545,,,EA,ORB
STARLINK-4328,2022-077AE,53071,PAY,+,US,2022-07-11,AFWTR,,95.64,97.29,551,548,,,EA,ORB
STARLINK-4344,2022-077AF,53072,PAY,+,US,2022-07-11,AFWTR,,95.41,97.28,539,538,,,EA,ORB
STARLINK-4346,2022-077AG,53073,PAY,P,US,2022-07-11,AFWTR,,94.47,97.64,498,489,,,EA,ORB
STARLINK-4310,2022-077AH,53074,PAY,P,US,2022-07-11,AFWTR,,89.28,97.58,239,239,,,EA,ORB
STARLINK-4348,2022-077AJ,53075,PAY,+,US,2022-07-11,AFWTR,,95.28,97.28,533,531,,,EA,ORB
STARLINK-4347,2022-077AK,53076,PAY,+,US,2022-07-11,AFWTR,,95.24,97.28,531,529,,,EA,ORB
STARLINK-4315,2022-077AL,53077,PAY,D,US,2022-07-11,AFWTR,2026-02-14,88.00,97.59,182,170,,,EA,IMP
STARLINK-4322,2022-077AM,53078,PAY,+,US,2022-07-11,AFWTR,,95.33,97.28,536,534,,,EA,ORB
STARLINK-4327,2022-077AN,53079,PAY,+,US,2022-07-11,AFWTR,,95.33,97.29,536,533,,,EA,ORB
STARLINK-4330,2022-077AP,53080,PAY,+,US,2022-07-11,AFWTR,,95.33,97.28,536,533,,,EA,ORB
STARLINK-4326,2022-077AQ,53081,PAY,+,US,2022-07-11,AFWTR,,95.03,97.28,520,519,,,EA,ORB
STARLINK-4321,2022-077AR,53082,PAY,+,US,2022-07-11,AFWTR,,95.00,97.28,520,517,,,EA,ORB
STARLINK-4251,2022-077AS,53083,PAY,+,US,2022-07-11,AFWTR,,95.36,97.29,536,535,,,EA,ORB
STARLINK-4319,2022-077AT,53084,PAY,+,US,2022-07-11,AFWTR,,95.33,97.29,536,533,,,EA,ORB
STARLINK-4324,2022-077AU,53085,PAY,+,US,2022-07-11,AFWTR,,95.41,97.29,540,536,,,EA,ORB
STARLINK-4318,2022-077AV,53086,PAY,+,US,2022-07-11,AFWTR,,95.33,97.28,535,533,,,EA,ORB
STARLINK-4329,2022-077AW,53087,PAY,D,US,2022-07-11,AFWTR,2025-09-01,87.54,97.64,159,147,,,EA,IMP
STARLINK-4333,2022-077AX,53088,PAY,+,US,2022-07-11,AFWTR,,95.15,97.28,526,525,,,EA,ORB
FALCON 9 DEB,2022-077AY,53089,DEB,D,US,2022-07-11,AFWTR,2022-09-13,87.11,97.65,138,124,,,EA,IMP
FALCON 9 DEB,2022-077AZ,53090,DEB,D,US,2022-07-11,AFWTR,2022-09-13,87.38,97.64,151,138,,,EA,IMP
FALCON 9 DEB,2022-077BA,53091,DEB,D,US,2022-07-11,AFWTR,2022-09-06,87.26,97.65,147,130,,,EA,IMP
FALCON 9 DEB,2022-077BB,53092,DEB,D,US,2022-07-11,AFWTR,2022-09-07,87.22,97.64,145,129,,,EA,IMP
TIANLIAN 2-03,2022-078A,53100,PAY,+,PRC,2022-07-12,XICLF,,1436.09,0.83,35790,35783,,,EA,ORB
CZ-3B R/B,2022-078B,53101,R/B,D,PRC,2022-07-12,XICLF,2023-10-20,89.73,27.05,426,96,,,EA,IMP
USA 334,2022-079A,53102,PAY,+,US,2022-07-13,RLLB,,94.59,40.01,508,490,,NEA,EA,ORB
ELECTRON R/B,2022-079B,53103,R/B,D,US,2022-07-13,RLLB,2022-10-02,92.35,40.06,524,256,,,EA,IMP
ELECTRON KICK STAGE R/B,2022-079C,53104,R/B,,US,2022-07-13,RLLB,,95.91,40.01,565,560,,,EA,ORB
LARES-2,2022-080A,53105,PAY,+,IT,2022-07-13,FRGUI,,225.36,70.15,5896,5882,,,EA,ORB
ROBUSTA-1F (MTCUBE 2),2022-080B,53106,PAY,-,FR,2022-07-13,FRGUI,,224.10,70.16,5854,5833,,,EA,ORB
ASTROBIO CUBESAT,2022-080C,53107,PAY,+,IT,2022-07-13,FRGUI,,224.26,70.17,5866,5833,,,EA,ORB
TRISAT-R,2022-080D,53108,PAY,+,SVN,2022-07-13,FRGUI,,224.25,70.18,5864,5833,,,EA,ORB
GREENCUBE (IO-117),2022-080E,53109,PAY,+,IT,2022-07-13,FRGUI,,224.10,70.13,5854,5832,,,EA,ORB
ALPHA,2022-080F,53110,PAY,-,IT,2022-07-13,FRGUI,,224.06,70.19,6134,5549,,,EA,ORB
CELESTA,2022-080G,53111,PAY,-,FR,2022-07-13,FRGUI,,222.71,70.66,5917,5669,,,EA,ORB
OBJECT H,2022-080H,53112,UNK,,TBD,2022-07-13,FRGUI,,224.10,70.15,5852,5835,,,EA,ORB
DRAGON CRS-25,2022-081A,53113,PAY,D,US,2022-07-15,AFETR,2022-08-20,90.26,51.64,382,193,,,EA,LAN
SUPERVIEW NEO-2 01,2022-082A,53128,PAY,+,PRC,2022-07-15,TAISC,,94.46,97.39,493,491,,,EA,ORB
CZ-2C DEB,2022-082B,53129,DEB,D,PRC,2022-07-15,TAISC,2023-04-21,87.45,97.34,160,137,,,EA,IMP
SUPERVIEW NEO-2 02,2022-082C,53130,PAY,+,PRC,2022-07-15,TAISC,,94.46,97.39,494,491,,,EA,ORB
CZ-2C R/B,2022-082D,53131,R/B,D,PRC,2022-07-15,TAISC,2024-04-30,87.06,97.29,135,122,,,EA,IMP
STARLINK-4063,2022-083A,53132,PAY,D,US,2022-07-17,AFETR,2025-12-30,87.56,53.20,156,151,,,EA,IMP
STARLINK-4154,2022-083B,53133,PAY,D,US,2022-07-17,AFETR,2024-12-29,87.60,53.20,159,152,,,EA,IMP
STARLINK-4150,2022-083C,53134,PAY,+,US,2022-07-17,AFETR,,93.79,53.16,461,459,,,EA,ORB
STARLINK-4023,2022-083D,53135,PAY,+,US,2022-07-17,AFETR,,93.85,53.16,464,462,,,EA,ORB
STARLINK-4152,2022-083E,53136,PAY,+,US,2022-07-17,AFETR,,93.79,53.16,460,459,,,EA,ORB
STARLINK-4145,2022-083F,53137,PAY,+,US,2022-07-17,AFETR,,93.79,53.16,461,459,,,EA,ORB
STARLINK-4141,2022-083G,53138,PAY,+,US,2022-07-17,AFETR,,94.01,53.16,472,470,,,EA,ORB
STARLINK-4185,2022-083H,53139,PAY,+,US,2022-07-17,AFETR,,93.85,53.16,464,462,,,EA,ORB
STARLINK-4170,2022-083J,53140,PAY,+,US,2022-07-17,AFETR,,93.79,53.16,461,459,,,EA,ORB
STARLINK-4103,2022-083K,53141,PAY,+,US,2022-07-17,AFETR,,93.85,53.16,464,462,,,EA,ORB
STARLINK-4101,2022-083L,53142,PAY,+,US,2022-07-17,AFETR,,93.90,53.16,466,464,,,EA,ORB
STARLINK-4102,2022-083M,53143,PAY,+,US,2022-07-17,AFETR,,94.29,53.16,485,483,,,EA,ORB
STARLINK-4100,2022-083N,53144,PAY,+,US,2022-07-17,AFETR,,93.90,53.16,466,465,,,EA,ORB
STARLINK-4106,2022-083P,53145,PAY,+,US,2022-07-17,AFETR,,94.01,53.16,472,470,,,EA,ORB
STARLINK-4099,2022-083Q,53146,PAY,D,US,2022-07-17,AFETR,2025-06-04,87.65,53.21,162,154,,,EA,IMP
STARLINK-4094,2022-083R,53147,PAY,+,US,2022-07-17,AFETR,,93.85,53.16,464,462,,,EA,ORB
STARLINK-4066,2022-083S,53148,PAY,D,US,2022-07-17,AFETR,2024-06-24,87.15,53.20,138,128,,,EA,IMP
STARLINK-4021,2022-083T,53149,PAY,+,US,2022-07-17,AFETR,,93.85,53.16,464,462,,,EA,ORB
STARLINK-4038,2022-083U,53150,PAY,D,US,2022-07-17,AFETR,2026-03-31,87.43,53.18,151,144,,,EA,IMP
STARLINK-4040,2022-083V,53151,PAY,+,US,2022-07-17,AFETR,,93.79,53.16,461,459,,,EA,ORB
STARLINK-4045,2022-083W,53152,PAY,P,US,2022-07-17,AFETR,,90.75,53.22,312,311,,,EA,ORB
STARLINK-4098,2022-083X,53153,PAY,+,US,2022-07-17,AFETR,,94.57,53.16,498,497,,,EA,ORB
STARLINK-4077,2022-083Y,53154,PAY,+,US,2022-07-17,AFETR,,94.20,53.16,481,479,,,EA,ORB
STARLINK-4088,2022-083Z,53155,PAY,+,US,2022-07-17,AFETR,,94.59,53.16,500,498,,,EA,ORB
STARLINK-4087,2022-083AA,53156,PAY,+,US,2022-07-17,AFETR,,94.62,53.16,501,499,,,EA,ORB
STARLINK-4093,2022-083AB,53157,PAY,D,US,2022-07-17,AFETR,2025-08-07,87.36,53.20,148,139,,,EA,IMP
STARLINK-4054,2022-083AC,53158,PAY,+,US,2022-07-17,AFETR,,93.79,53.16,461,459,,,EA,ORB
STARLINK-4111,2022-083AD,53159,PAY,+,US,2022-07-17,AFETR,,94.75,53.16,508,506,,,EA,ORB
STARLINK-4096,2022-083AE,53160,PAY,+,US,2022-07-17,AFETR,,94.59,53.16,500,498,,,EA,ORB
STARLINK-4055,2022-083AF,53161,PAY,+,US,2022-07-17,AFETR,,93.79,53.16,460,459,,,EA,ORB
STARLINK-4114,2022-083AG,53162,PAY,+,US,2022-07-17,AFETR,,94.01,53.16,472,470,,,EA,ORB
STARLINK-4104,2022-083AH,53163,PAY,+,US,2022-07-17,AFETR,,94.60,53.16,500,498,,,EA,ORB
STARLINK-4116,2022-083AJ,53164,PAY,+,US,2022-07-17,AFETR,,95.30,53.16,535,532,,,EA,ORB
STARLINK-4090,2022-083AK,53165,PAY,+,US,2022-07-17,AFETR,,94.73,53.16,506,505,,,EA,ORB
STARLINK-4110,2022-083AL,53166,PAY,P,US,2022-07-17,AFETR,,94.34,53.19,487,485,,,EA,ORB
STARLINK-3683,2022-083AM,53167,PAY,+,US,2022-07-17,AFETR,,94.66,53.16,503,501,,,EA,ORB
STARLINK-4105,2022-083AN,53168,PAY,+,US,2022-07-17,AFETR,,94.63,53.16,502,500,,,EA,ORB
STARLINK-4117,2022-083AP,53169,PAY,+,US,2022-07-17,AFETR,,94.01,53.16,472,470,,,EA,ORB
STARLINK-4095,2022-083AQ,53170,PAY,+,US,2022-07-17,AFETR,,95.44,53.16,541,539,,,EA,ORB
STARLINK-4052,2022-083AR,53171,PAY,+,US,2022-07-17,AFETR,,93.79,53.16,461,459,,,EA,ORB
STARLINK-4299,2022-083AS,53172,PAY,+,US,2022-07-17,AFETR,,94.16,53.16,479,477,,,EA,ORB
STARLINK-4300,2022-083AT,53173,PAY,+,US,2022-07-17,AFETR,,93.79,53.16,461,459,,,EA,ORB
STARLINK-4205,2022-083AU,53174,PAY,+,US,2022-07-17,AFETR,,94.01,53.16,472,470,,,EA,ORB
STARLINK-4292,2022-083AV,53175,PAY,+,US,2022-07-17,AFETR,,93.79,53.16,461,459,,,EA,ORB
STARLINK-4294,2022-083AW,53176,PAY,+,US,2022-07-17,AFETR,,94.01,53.16,472,470,,,EA,ORB
STARLINK-4298,2022-083AX,53177,PAY,+,US,2022-07-17,AFETR,,93.79,53.16,460,459,,,EA,ORB
STARLINK-4280,2022-083AY,53178,PAY,+,US,2022-07-17,AFETR,,95.44,53.16,541,539,,,EA,ORB
STARLINK-4276,2022-083AZ,53179,PAY,+,US,2022-07-17,AFETR,,93.85,53.16,464,462,,,EA,ORB
STARLINK-4258,2022-083BA,53180,PAY,+,US,2022-07-17,AFETR,,93.90,53.16,466,464,,,EA,ORB
STARLINK-4273,2022-083BB,53181,PAY,D,US,2022-07-17,AFETR,2025-05-17,88.15,53.15,191,174,,,EA,IMP
STARLINK-4278,2022-083BC,53182,PAY,+,US,2022-07-17,AFETR,,93.79,53.16,461,459,,,EA,ORB
STARLINK-4268,2022-083BD,53183,PAY,+,US,2022-07-17,AFETR,,93.79,53.16,461,459,,,EA,ORB
STARLINK-4257,2022-083BE,53184,PAY,+,US,2022-07-17,AFETR,,94.01,53.16,472,470,,,EA,ORB
FALCON 9 DEB,2022-083BF,53185,DEB,D,US,2022-07-17,AFETR,2022-08-07,87.39,53.21,150,141,,,EA,IMP
FALCON 9 DEB,2022-083BG,53186,DEB,D,US,2022-07-17,AFETR,2022-08-08,88.05,53.20,188,169,,,EA,IMP
FALCON 9 DEB,2022-083BH,53187,DEB,D,US,2022-07-17,AFETR,2022-08-07,87.37,53.21,146,142,,,EA,IMP
FALCON 9 DEB,2022-083BJ,53188,DEB,D,US,2022-07-17,AFETR,2022-08-07,87.62,53.21,162,151,,,EA,IMP
STARLINK-4391,2022-084A,53189,PAY,+,US,2022-07-22,AFWTR,,95.31,97.29,534,533,,,EA,ORB
STARLINK-4332,2022-084B,53190,PAY,+,US,2022-07-22,AFWTR,,95.33,97.29,536,534,,,EA,ORB
STARLINK-4369,2022-084C,53191,PAY,P,US,2022-07-22,AFWTR,,93.69,97.54,456,454,,,EA,ORB
STARLINK-4375,2022-084D,53192,PAY,+,US,2022-07-22,AFWTR,,95.33,97.28,536,534,,,EA,ORB
STARLINK-4351,2022-084E,53193,PAY,+,US,2022-07-22,AFWTR,,95.18,97.28,528,526,,,EA,ORB
STARLINK-4382,2022-084F,53194,PAY,+,US,2022-07-22,AFWTR,,95.33,97.29,536,534,,,EA,ORB
STARLINK-4404,2022-084G,53195,PAY,D,US,2022-07-22,AFWTR,2026-04-03,87.54,97.59,160,146,,,EA,IMP
STARLINK-4407,2022-084H,53196,PAY,D,US,2022-07-22,AFWTR,2026-04-02,87.50,97.59,159,142,,,EA,IMP
STARLINK-4403,2022-084J,53197,PAY,+,US,2022-07-22,AFWTR,,95.09,97.28,524,522,,,EA,ORB
STARLINK-4385,2022-084K,53198,PAY,+,US,2022-07-22,AFWTR,,95.33,97.28,536,533,,,EA,ORB
STARLINK-4395,2022-084L,53199,PAY,+,US,2022-07-22,AFWTR,,95.48,97.28,542,542,,,EA,ORB
STARLINK-4417,2022-084M,53200,PAY,+,US,2022-07-22,AFWTR,,95.33,97.28,536,533,,,EA,ORB
STARLINK-4405,2022-084N,53201,PAY,P,US,2022-07-22,AFWTR,,93.69,97.55,456,454,,,EA,ORB
STARLINK-4411,2022-084P,53202,PAY,+,US,2022-07-22,AFWTR,,95.33,97.28,536,534,,,EA,ORB
STARLINK-4409,2022-084Q,53203,PAY,+,US,2022-07-22,AFWTR,,95.33,97.28,536,534,,,EA,ORB
STARLINK-4410,2022-084R,53204,PAY,P,US,2022-07-22,AFWTR,,93.69,97.54,456,454,,,EA,ORB
STARLINK-4397,2022-084S,53205,PAY,+,US,2022-07-22,AFWTR,,95.33,97.28,535,534,,,EA,ORB
STARLINK-4408,2022-084T,53206,PAY,+,US,2022-07-22,AFWTR,,92.35,97.28,390,389,,,EA,ORB
STARLINK-4413,2022-084U,53207,PAY,+,US,2022-07-22,AFWTR,,95.02,97.29,520,519,,,EA,ORB
STARLINK-4425,2022-084V,53208,PAY,+,US,2022-07-22,AFWTR,,95.22,97.29,531,528,,,EA,ORB
STARLINK-4423,2022-084W,53209,PAY,+,US,2022-07-22,AFWTR,,95.33,97.29,535,534,,,EA,ORB
STARLINK-4427,2022-084X,53210,PAY,+,US,2022-07-22,AFWTR,,95.08,97.28,524,521,,,EA,ORB
STARLINK-4419,2022-084Y,53211,PAY,D,US,2022-07-22,AFWTR,2025-06-03,87.01,97.63,133,119,,,EA,IMP
STARLINK-4416,2022-084Z,53212,PAY,+,US,2022-07-22,AFWTR,,95.33,97.29,536,534,,,EA,ORB
STARLINK-4414,2022-084AA,53213,PAY,+,US,2022-07-22,AFWTR,,95.07,97.28,523,521,,,EA,ORB
STARLINK-4353,2022-084AB,53214,PAY,+,US,2022-07-22,AFWTR,,95.26,97.28,532,530,,,EA,ORB
STARLINK-4335,2022-084AC,53215,PAY,+,US,2022-07-22,AFWTR,,95.41,97.28,540,537,,,EA,ORB
STARLINK-4376,2022-084AD,53216,PAY,+,US,2022-07-22,AFWTR,,95.09,97.28,524,522,,,EA,ORB
STARLINK-4379,2022-084AE,53217,PAY,D,US,2022-07-22,AFWTR,2025-06-01,87.34,97.63,153,132,,,EA,IMP
STARLINK-4384,2022-084AF,53218,PAY,+,US,2022-07-22,AFWTR,,95.37,97.29,538,535,,,EA,ORB
STARLINK-4373,2022-084AG,53219,PAY,+,US,2022-07-22,AFWTR,,95.63,97.28,551,547,,,EA,ORB
STARLINK-4363,2022-084AH,53220,PAY,+,US,2022-07-22,AFWTR,,95.12,97.28,525,523,,,EA,ORB
STARLINK-4377,2022-084AJ,53221,PAY,+,US,2022-07-22,AFWTR,,95.17,97.28,528,525,,,EA,ORB
STARLINK-4381,2022-084AK,53222,PAY,D,US,2022-07-22,AFWTR,2025-04-11,87.01,97.62,150,102,,,EA,IMP
STARLINK-4354,2022-084AL,53223,PAY,D,US,2022-07-22,AFWTR,2025-03-10,87.68,97.63,170,149,,,EA,IMP
STARLINK-4356,2022-084AM,53224,PAY,+,US,2022-07-22,AFWTR,,95.16,97.28,527,525,,,EA,ORB
STARLINK-4358,2022-084AN,53225,PAY,+,US,2022-07-22,AFWTR,,95.33,97.29,536,534,,,EA,ORB
STARLINK-4359,2022-084AP,53226,PAY,+,US,2022-07-22,AFWTR,,95.07,97.28,523,521,,,EA,ORB
STARLINK-4366,2022-084AQ,53227,PAY,+,US,2022-07-22,AFWTR,,95.64,97.28,551,548,,,EA,ORB
STARLINK-4365,2022-084AR,53228,PAY,+,US,2022-07-22,AFWTR,,95.30,97.28,535,532,,,EA,ORB
STARLINK-4367,2022-084AS,53229,PAY,+,US,2022-07-22,AFWTR,,95.22,97.29,530,529,,,EA,ORB
STARLINK-4364,2022-084AT,53230,PAY,+,US,2022-07-22,AFWTR,,95.40,97.29,539,537,,,EA,ORB
STARLINK-4370,2022-084AU,53231,PAY,+,US,2022-07-22,AFWTR,,95.33,97.28,536,533,,,EA,ORB
STARLINK-4371,2022-084AV,53232,PAY,+,US,2022-07-22,AFWTR,,95.14,97.29,527,524,,,EA,ORB
STARLINK-4372,2022-084AW,53233,PAY,+,US,2022-07-22,AFWTR,,95.33,97.29,535,533,,,EA,ORB
STARLINK-4368,2022-084AX,53234,PAY,P,US,2022-07-22,AFWTR,,93.69,97.54,456,454,,,EA,ORB
FALCON 9 DEB,2022-084AY,53235,DEB,D,US,2022-07-22,AFWTR,2022-09-23,87.31,97.67,149,134,,,EA,IMP
FALCON 9 DEB,2022-084AZ,53236,DEB,D,US,2022-07-22,AFWTR,2022-09-27,87.25,97.66,145,131,,,EA,IMP
FALCON 9 DEB,2022-084BA,53237,DEB,D,US,2022-07-22,AFWTR,2022-09-17,87.22,97.65,144,129,,,EA,IMP
FALCON 9 DEB,2022-084BB,53238,DEB,D,US,2022-07-22,AFWTR,2022-09-18,87.29,97.65,148,133,,,EA,IMP
CSS (WENTIAN),2022-085A,53239,PAY,+,PRC,2022-07-24,WSC,,92.36,41.47,391,389,,,48274,DOC
CZ-5B R/B,2022-085B,53240,R/B,D,PRC,2022-07-24,WSC,2022-07-30,87.07,41.47,140,119,,,EA,IMP
OBJECT C,2022-085C,53241,UNK,D,PRC,2022-07-24,WSC,2022-07-25,88.96,41.49,282,164,,,EA,IMP
STARLINK-4056,2022-086A,53242,PAY,+,US,2022-07-24,AFETR,,93.79,53.16,461,459,,,EA,ORB
STARLINK-4047,2022-086B,53243,PAY,+,US,2022-07-24,AFETR,,93.79,53.16,460,459,,,EA,ORB
STARLINK-4125,2022-086C,53244,PAY,+,US,2022-07-24,AFETR,,94.01,53.16,472,470,,,EA,ORB
STARLINK-4124,2022-086D,53245,PAY,D,US,2022-07-24,AFETR,2024-05-26,88.39,53.20,199,190,,,EA,IMP
STARLINK-4131,2022-086E,53246,PAY,+,US,2022-07-24,AFETR,,94.01,53.16,472,470,,,EA,ORB
STARLINK-4061,2022-086F,53247,PAY,+,US,2022-07-24,AFETR,,93.91,53.16,467,465,,,EA,ORB
STARLINK-4135,2022-086G,53248,PAY,+,US,2022-07-24,AFETR,,94.01,53.16,472,470,,,EA,ORB
STARLINK-4128,2022-086H,53249,PAY,+,US,2022-07-24,AFETR,,94.01,53.16,472,470,,,EA,ORB
STARLINK-4059,2022-086J,53250,PAY,+,US,2022-07-24,AFETR,,93.85,53.16,464,462,,,EA,ORB
STARLINK-4129,2022-086K,53251,PAY,+,US,2022-07-24,AFETR,,93.90,53.16,466,464,,,EA,ORB
STARLINK-4132,2022-086L,53252,PAY,+,US,2022-07-24,AFETR,,94.01,53.16,472,470,,,EA,ORB
STARLINK-4133,2022-086M,53253,PAY,+,US,2022-07-24,AFETR,,94.01,53.16,472,470,,,EA,ORB
STARLINK-4134,2022-086N,53254,PAY,+,US,2022-07-24,AFETR,,94.44,53.16,492,491,,,EA,ORB
STARLINK-4142,2022-086P,53255,PAY,+,US,2022-07-24,AFETR,,94.66,53.16,503,501,,,EA,ORB
STARLINK-4147,2022-086Q,53256,PAY,+,US,2022-07-24,AFETR,,95.44,53.16,541,539,,,EA,ORB
STARLINK-4144,2022-086R,53257,PAY,+,US,2022-07-24,AFETR,,94.44,53.16,493,490,,,EA,ORB
STARLINK-4127,2022-086S,53258,PAY,+,US,2022-07-24,AFETR,,94.41,53.16,491,488,,,EA,ORB
STARLINK-4140,2022-086T,53259,PAY,+,US,2022-07-24,AFETR,,94.70,53.16,506,502,,,EA,ORB
STARLINK-4136,2022-086U,53260,PAY,D,US,2022-07-24,AFETR,2025-06-03,87.41,53.20,150,142,,,EA,IMP
STARLINK-4062,2022-086V,53261,PAY,+,US,2022-07-24,AFETR,,93.77,53.16,463,454,,,EA,ORB
STARLINK-4085,2022-086W,53262,PAY,+,US,2022-07-24,AFETR,,93.90,53.16,466,464,,,EA,ORB
STARLINK-4130,2022-086X,53263,PAY,+,US,2022-07-24,AFETR,,94.16,53.16,479,477,,,EA,ORB
STARLINK-3950,2022-086Y,53264,PAY,+,US,2022-07-24,AFETR,,93.79,53.16,460,459,,,EA,ORB
STARLINK-4097,2022-086Z,53265,PAY,+,US,2022-07-24,AFETR,,93.79,53.16,461,459,,,EA,ORB
STARLINK-4058,2022-086AA,53266,PAY,+,US,2022-07-24,AFETR,,93.90,53.16,466,464,,,EA,ORB
STARLINK-4060,2022-086AB,53267,PAY,+,US,2022-07-24,AFETR,,93.79,53.16,461,459,,,EA,ORB
STARLINK-4109,2022-086AC,53268,PAY,+,US,2022-07-24,AFETR,,93.85,53.16,464,462,,,EA,ORB
STARLINK-4057,2022-086AD,53269,PAY,D,US,2022-07-24,AFETR,2026-03-27,87.53,53.20,156,148,,,EA,IMP
STARLINK-4113,2022-086AE,53270,PAY,D,US,2022-07-24,AFETR,2022-08-10,88.00,53.21,186,166,,,EA,IMP
STARLINK-4069,2022-086AF,53271,PAY,D,US,2022-07-24,AFETR,2024-06-27,88.27,53.20,195,182,,,EA,IMP
STARLINK-4122,2022-086AG,53272,PAY,+,US,2022-07-24,AFETR,,93.85,53.16,464,462,,,EA,ORB
STARLINK-4051,2022-086AH,53273,PAY,+,US,2022-07-24,AFETR,,93.90,53.16,466,464,,,EA,ORB
STARLINK-4050,2022-086AJ,53274,PAY,+,US,2022-07-24,AFETR,,93.90,53.16,466,464,,,EA,ORB
STARLINK-4179,2022-086AK,53275,PAY,+,US,2022-07-24,AFETR,,93.79,53.16,461,458,,,EA,ORB
STARLINK-4174,2022-086AL,53276,PAY,+,US,2022-07-24,AFETR,,93.79,53.16,461,459,,,EA,ORB
STARLINK-4178,2022-086AM,53277,PAY,+,US,2022-07-24,AFETR,,94.01,53.16,471,470,,,EA,ORB
STARLINK-4180,2022-086AN,53278,PAY,+,US,2022-07-24,AFETR,,94.01,53.16,472,470,,,EA,ORB
STARLINK-4163,2022-086AP,53279,PAY,D,US,2022-07-24,AFETR,2022-07-31,87.90,53.21,179,162,,,EA,IMP
STARLINK-4169,2022-086AQ,53280,PAY,+,US,2022-07-24,AFETR,,94.14,53.16,478,476,,,EA,ORB
STARLINK-4182,2022-086AR,53281,PAY,D,US,2022-07-24,AFETR,2024-12-26,87.42,53.20,154,140,,,EA,IMP
STARLINK-4164,2022-086AS,53282,PAY,+,US,2022-07-24,AFETR,,93.90,53.16,466,464,,,EA,ORB
STARLINK-4175,2022-086AT,53283,PAY,+,US,2022-07-24,AFETR,,93.90,53.16,466,464,,,EA,ORB
STARLINK-4172,2022-086AU,53284,PAY,D,US,2022-07-24,AFETR,2024-12-28,87.33,53.21,146,139,,,EA,IMP
STARLINK-4173,2022-086AV,53285,PAY,+,US,2022-07-24,AFETR,,93.79,53.16,461,459,,,EA,ORB
STARLINK-4165,2022-086AW,53286,PAY,+,US,2022-07-24,AFETR,,94.01,53.16,472,470,,,EA,ORB
STARLINK-4107,2022-086AX,53287,PAY,+,US,2022-07-24,AFETR,,93.90,53.16,466,464,,,EA,ORB
STARLINK-4162,2022-086AY,53288,PAY,+,US,2022-07-24,AFETR,,93.79,53.16,460,459,,,EA,ORB
STARLINK-4176,2022-086AZ,53289,PAY,+,US,2022-07-24,AFETR,,93.85,53.16,464,462,,,EA,ORB
STARLINK-4149,2022-086BA,53290,PAY,+,US,2022-07-24,AFETR,,95.31,53.21,535,532,,,EA,ORB
STARLINK-4166,2022-086BB,53291,PAY,+,US,2022-07-24,AFETR,,93.79,53.16,460,459,,,EA,ORB
STARLINK-4159,2022-086BC,53292,PAY,+,US,2022-07-24,AFETR,,93.79,53.16,461,459,,,EA,ORB
STARLINK-4148,2022-086BD,53293,PAY,+,US,2022-07-24,AFETR,,93.85,53.16,464,462,,,EA,ORB
STARLINK-4146,2022-086BE,53294,PAY,+,US,2022-07-24,AFETR,,93.79,53.16,461,459,,,EA,ORB
FALCON 9 DEB,2022-086BF,53295,DEB,D,US,2022-07-24,AFETR,2022-08-13,87.32,53.21,144,139,,,EA,IMP
FALCON 9 DEB,2022-086BG,53296,DEB,D,US,2022-07-24,AFETR,2022-08-13,87.60,53.20,161,150,,,EA,IMP
FALCON 9 DEB,2022-086BH,53297,DEB,D,US,2022-07-24,AFETR,2022-08-10,88.90,53.22,243,198,,,EA,IMP
FALCON 9 DEB,2022-086BJ,53298,DEB,D,US,2022-07-24,AFETR,2022-08-13,87.55,53.21,157,149,,,EA,IMP
OBJECT A,2022-087A,53299,PAY,D,PRC,2022-07-27,JSC,2025-02-19,87.20,97.27,142,129,,,EA,IMP
LZWN (JINAN 1),2022-087B,53300,PAY,D,PRC,2022-07-27,JSC,2025-04-15,87.96,97.26,181,165,,,EA,IMP
OBJECT C,2022-087C,53301,PAY,D,PRC,2022-07-27,JSC,2025-05-12,87.30,97.27,150,132,,,EA,IMP
OBJECT D,2022-087D,53302,PAY,D,PRC,2022-07-27,JSC,2024-05-10,88.04,97.30,185,170,,,EA,IMP
OBJECT E,2022-087E,53303,PAY,D,PRC,2022-07-27,JSC,2025-10-16,88.18,97.28,189,180,,,EA,IMP
LIJIAN-1 R/B,2022-087F,53304,R/B,D,PRC,2022-07-27,JSC,2023-04-18,87.32,97.21,150,133,,,EA,IMP
USA 326 DEB,2022-009B,53315,DEB,D,US,2022-02-02,AFWTR,2022-08-20,90.58,97.38,317,290,,,EA,IMP
YAOGAN-35 03A,2022-088A,53316,PAY,D,PRC,2022-07-29,XICLF,2026-06-29,87.97,35.01,176,172,,,EA,IMP
CZ-2D R/B,2022-088B,53317,R/B,D,PRC,2022-07-29,XICLF,2023-03-11,88.50,34.97,204,197,,,EA,IMP
YAOGAN-35 03B,2022-088C,53318,PAY,+,PRC,2022-07-29,XICLF,,94.39,34.99,498,480,,,EA,ORB
CZ-2D DEB,2022-088D,53319,DEB,D,PRC,2022-07-29,XICLF,2023-06-27,87.58,34.95,158,151,,,EA,IMP
YAOGAN-35 03C,2022-088E,53320,PAY,+,PRC,2022-07-29,XICLF,,92.92,34.99,420,415,,,EA,ORB
COSMOS 2558,2022-089A,53323,PAY,+,CIS,2022-08-01,PLMSC,,90.23,97.22,289,282,,,EA,ORB
SL-4 R/B,2022-089B,53324,R/B,D,CIS,2022-08-01,PLMSC,2022-11-19,86.95,97.23,131,116,,,EA,IMP
TECMS,2022-090A,53346,PAY,+,PRC,2022-08-04,TAISC,,94.65,97.31,503,500,,,EA,ORB
JIAOTONG 4 (HEAD-2G),2022-090B,53347,PAY,D,PRC,2022-08-04,TAISC,2024-05-30,88.29,97.38,195,185,,,EA,IMP
OBJECT C,2022-090C,53348,PAY,D,PRC,2022-08-04,TAISC,2023-11-02,87.60,97.41,163,148,,,EA,IMP
CZ-4B R/B,2022-090D,53349,R/B,D,PRC,2022-08-04,TAISC,2023-01-17,87.27,97.47,144,135,,,EA,IMP
CZ-2C DEB,2022-082E,53350,DEB,D,PRC,2022-07-15,TAISC,2023-12-24,92.42,97.58,415,372,,,EA,IMP
USA 335,2022-091A,53352,PAY,+,US,2022-08-04,RLLB,,94.58,70.00,502,495,,NEA,EA,ORB
ELECTRON R/B,2022-091B,53353,R/B,D,US,2022-08-04,RLLB,2022-10-20,87.46,69.97,158,139,,,EA,IMP
ELECTRON KICK STAGE R/B,2022-091C,53354,R/B,,US,2022-08-04,RLLB,,96.45,70.00,591,585,,,EA,ORB
SBIRS GEO-6 (USA 336),2022-092A,53355,PAY,+,US,2022-08-04,AFETR,,1436.09,3.15,35795,35778,,,EA,ORB
ATLAS 5 CENTAUR R/B,2022-092B,53356,R/B,,US,2022-08-04,AFETR,,721.73,15.91,35245,5304,,,EA,ORB
PRC TEST SPACECRAFT 2,2022-093A,53357,PAY,D,PRC,2022-08-04,JSC,2023-05-08,91.38,49.97,347,338,,,EA,LAN
CZ-2F R/B,2022-093B,53358,R/B,D,PRC,2022-08-04,JSC,2024-02-12,86.95,49.95,130,116,,,EA,IMP
CZ-2F DEB,2022-093C,53359,DEB,D,PRC,2022-08-04,JSC,2022-11-01,89.22,50.26,248,224,,,EA,IMP
CZ-2F DEB,2022-093D,53360,DEB,D,PRC,2022-08-04,JSC,2022-11-09,88.56,50.30,210,196,,,EA,IMP
CZ-2F DEB,2022-093E,53361,DEB,D,PRC,2022-08-04,JSC,2022-12-28,89.31,49.74,262,218,,,EA,IMP
CZ-2F DEB,2022-093F,53362,DEB,D,PRC,2022-08-04,JSC,2023-01-03,88.19,49.77,196,174,,,EA,IMP
CZ-2F DEB,2022-093G,53363,DEB,D,PRC,2022-08-04,JSC,2022-09-06,90.80,50.03,357,271,,,EA,IMP
CZ-2F DEB,2022-093H,53364,DEB,,PRC,2022-08-04,JSC,,94.49,50.04,542,446,,,EA,ORB
DANURI (KPLO),2022-094A,53365,PAY,+,SKOR,2022-08-04,AFETR,,,,,,,,MO,ORB
FALCON 9 R/B,2022-094B,53366,R/B,,US,2022-08-04,AFETR,,,,,,,NEA,SU,ORB
OBJECT A,2022-095A,53367,PAY,D,PRC,2022-08-09,JSC,2024-04-02,88.03,97.32,183,171,,,EA,IMP
OBJECT B,2022-095B,53368,PAY,D,PRC,2022-08-09,JSC,2024-04-19,87.29,97.32,149,131,,,EA,IMP
OBJECT C,2022-095C,53369,PAY,D,PRC,2022-08-09,JSC,2025-01-06,87.86,97.30,173,165,,,EA,IMP
KHAYYAM,2022-096A,53370,PAY,+,IRAN,2022-08-09,TYMSC,,94.46,97.34,494,491,,,EA,ORB
OBJECT B,2022-096B,53371,PAY,D,CIS,2022-08-09,TYMSC,2024-10-09,88.04,97.35,181,175,,,EA,IMP
OBJECT C,2022-096C,53372,PAY,D,CIS,2022-08-09,TYMSC,2024-10-18,88.14,97.35,184,181,,,EA,IMP
CYCLOPS (RS29S),2022-096D,53373,PAY,D,CIS,2022-08-09,TYMSC,2024-03-03,87.98,97.36,178,171,,,EA,IMP
MONITOR-1 (RS32S),2022-096E,53374,PAY,D,CIS,2022-08-09,TYMSC,2024-03-23,87.57,97.35,160,148,,,EA,IMP
KUZBASS-300 (RS34S),2022-096F,53375,PAY,D,CIS,2022-08-09,TYMSC,2024-05-18,87.33,97.37,151,133,,,EA,IMP
UTMN (RS23S),2022-096G,53376,PAY,D,CIS,2022-08-09,TYMSC,2024-05-09,87.56,97.36,160,148,,,EA,IMP
MIET-AIS (RS28S),2022-096H,53377,PAY,D,CIS,2022-08-09,TYMSC,2024-06-09,87.39,97.37,152,138,,,EA,IMP
KAI-1 (RS26S),2022-096J,53378,PAY,D,CIS,2022-08-09,TYMSC,2024-08-18,90.59,97.39,310,298,,,EA,IMP
OBJECT K,2022-096K,53379,PAY,D,CIS,2022-08-09,TYMSC,2024-10-04,88.23,97.36,189,184,,,EA,IMP
OBJECT L,2022-096L,53380,PAY,D,CIS,2022-08-09,TYMSC,2024-09-29,87.24,97.35,145,131,,,EA,IMP
ISOI (RS19S),2022-096M,53381,PAY,D,CIS,2022-08-09,TYMSC,2024-06-05,87.61,97.36,163,149,,,EA,IMP
RESHUCUBE (RS8S),2022-096N,53382,PAY,D,CIS,2022-08-09,TYMSC,2024-07-21,87.24,97.36,144,131,,,EA,IMP
CUBESX-HSE-2 (RS21S),2022-096P,53383,PAY,D,CIS,2022-08-09,TYMSC,2024-05-09,87.43,97.37,154,141,,,EA,IMP
SIREN (RS30S),2022-096Q,53384,PAY,D,CIS,2022-08-09,TYMSC,2024-07-06,87.23,97.36,143,131,,,EA,IMP
GEOSCAN-EDELVEIS (RS20S),2022-096R,53385,PAY,D,CIS,2022-08-09,TYMSC,2024-02-18,87.52,97.36,158,145,,,EA,IMP
VIZARD (RS33S),2022-096S,53386,PAY,D,CIS,2022-08-09,TYMSC,2023-12-15,87.90,97.37,173,168,,,EA,IMP
OBJECT D,2022-095D,53387,UNK,D,PRC,2022-08-09,JSC,2025-02-03,87.19,97.28,139,131,,,EA,IMP
STARLINK-4522,2022-097A,53388,PAY,+,US,2022-08-10,AFETR,,94.49,53.16,495,493,,,EA,ORB
STARLINK-4523,2022-097B,53389,PAY,+,US,2022-08-10,AFETR,,94.36,53.16,489,487,,,EA,ORB
STARLINK-4517,2022-097C,53390,PAY,+,US,2022-08-10,AFETR,,94.37,53.16,489,487,,,EA,ORB
STARLINK-4521,2022-097D,53391,PAY,+,US,2022-08-10,AFETR,,94.01,53.16,472,470,,,EA,ORB
STARLINK-4535,2022-097E,53392,PAY,+,US,2022-08-10,AFETR,,94.01,53.16,472,470,,,EA,ORB
STARLINK-4530,2022-097F,53393,PAY,+,US,2022-08-10,AFETR,,94.10,53.16,476,474,,,EA,ORB
STARLINK-4544,2022-097G,53394,PAY,+,US,2022-08-10,AFETR,,94.01,53.16,472,470,,,EA,ORB
STARLINK-4534,2022-097H,53395,PAY,+,US,2022-08-10,AFETR,,94.01,53.16,472,470,,,EA,ORB
STARLINK-4524,2022-097J,53396,PAY,+,US,2022-08-10,AFETR,,94.45,53.16,493,491,,,EA,ORB
STARLINK-4515,2022-097K,53397,PAY,+,US,2022-08-10,AFETR,,94.45,53.16,493,491,,,EA,ORB
STARLINK-4512,2022-097L,53398,PAY,+,US,2022-08-10,AFETR,,94.27,53.16,485,482,,,EA,ORB
STARLINK-4528,2022-097M,53399,PAY,+,US,2022-08-10,AFETR,,94.21,53.16,482,479,,,EA,ORB
STARLINK-4520,2022-097N,53400,PAY,+,US,2022-08-10,AFETR,,94.35,53.16,488,486,,,EA,ORB
STARLINK-4525,2022-097P,53401,PAY,+,US,2022-08-10,AFETR,,94.33,53.16,487,485,,,EA,ORB
STARLINK-4499,2022-097Q,53402,PAY,+,US,2022-08-10,AFETR,,93.85,53.16,464,462,,,EA,ORB
STARLINK-4507,2022-097R,53403,PAY,+,US,2022-08-10,AFETR,,94.01,53.16,472,470,,,EA,ORB
STARLINK-4509,2022-097S,53404,PAY,+,US,2022-08-10,AFETR,,94.01,53.16,472,470,,,EA,ORB
STARLINK-4510,2022-097T,53405,PAY,+,US,2022-08-10,AFETR,,94.32,53.16,487,484,,,EA,ORB
STARLINK-4533,2022-097U,53406,PAY,+,US,2022-08-10,AFETR,,94.01,53.16,472,470,,,EA,ORB
STARLINK-4537,2022-097V,53407,PAY,D,US,2022-08-10,AFETR,2025-11-11,87.71,53.20,166,157,,,EA,IMP
STARLINK-4491,2022-097W,53408,PAY,+,US,2022-08-10,AFETR,,95.44,53.16,541,539,,,EA,ORB
STARLINK-4490,2022-097X,53409,PAY,+,US,2022-08-10,AFETR,,93.85,53.16,463,462,,,EA,ORB
STARLINK-4492,2022-097Y,53410,PAY,+,US,2022-08-10,AFETR,,95.44,53.16,541,539,,,EA,ORB
STARLINK-4497,2022-097Z,53411,PAY,+,US,2022-08-10,AFETR,,95.44,53.16,541,539,,,EA,ORB
STARLINK-4496,2022-097AA,53412,PAY,+,US,2022-08-10,AFETR,,95.44,53.16,541,539,,,EA,ORB
STARLINK-4500,2022-097AB,53413,PAY,+,US,2022-08-10,AFETR,,95.44,53.16,541,539,,,EA,ORB
STARLINK-4304,2022-097AC,53414,PAY,+,US,2022-08-10,AFETR,,93.79,53.16,461,459,,,EA,ORB
STARLINK-4479,2022-097AD,53415,PAY,+,US,2022-08-10,AFETR,,94.01,53.16,472,470,,,EA,ORB
STARLINK-4480,2022-097AE,53416,PAY,+,US,2022-08-10,AFETR,,95.44,53.16,541,539,,,EA,ORB
STARLINK-4484,2022-097AF,53417,PAY,+,US,2022-08-10,AFETR,,95.44,53.16,541,539,,,EA,ORB
STARLINK-4481,2022-097AG,53418,PAY,+,US,2022-08-10,AFETR,,93.79,53.16,461,459,,,EA,ORB
STARLINK-4476,2022-097AH,53419,PAY,+,US,2022-08-10,AFETR,,93.79,53.16,461,459,,,EA,ORB
STARLINK-4552,2022-097AJ,53420,PAY,+,US,2022-08-10,AFETR,,93.85,53.16,464,462,,,EA,ORB
STARLINK-4545,2022-097AK,53421,PAY,+,US,2022-08-10,AFETR,,94.01,53.16,472,470,,,EA,ORB
STARLINK-4546,2022-097AL,53422,PAY,+,US,2022-08-10,AFETR,,93.85,53.16,464,462,,,EA,ORB
STARLINK-4539,2022-097AM,53423,PAY,+,US,2022-08-10,AFETR,,94.01,53.16,472,470,,,EA,ORB
STARLINK-4532,2022-097AN,53424,PAY,+,US,2022-08-10,AFETR,,94.01,53.16,472,470,,,EA,ORB
STARLINK-4531,2022-097AP,53425,PAY,+,US,2022-08-10,AFETR,,94.01,53.16,472,470,,,EA,ORB
STARLINK-4558,2022-097AQ,53426,PAY,+,US,2022-08-10,AFETR,,93.79,53.16,460,459,,,EA,ORB
STARLINK-4541,2022-097AR,53427,PAY,D,US,2022-08-10,AFETR,2025-03-14,88.25,53.21,193,183,,,EA,IMP
STARLINK-4540,2022-097AS,53428,PAY,D,US,2022-08-10,AFETR,2024-12-28,88.09,53.21,185,176,,,EA,IMP
STARLINK-4543,2022-097AT,53429,PAY,+,US,2022-08-10,AFETR,,93.79,53.16,460,459,,,EA,ORB
STARLINK-4538,2022-097AU,53430,PAY,+,US,2022-08-10,AFETR,,93.79,53.16,461,459,,,EA,ORB
STARLINK-4548,2022-097AV,53431,PAY,+,US,2022-08-10,AFETR,,93.79,53.16,461,459,,,EA,ORB
STARLINK-4557,2022-097AW,53432,PAY,+,US,2022-08-10,AFETR,,93.85,53.16,464,462,,,EA,ORB
STARLINK-4549,2022-097AX,53433,PAY,+,US,2022-08-10,AFETR,,94.12,53.16,476,475,,,EA,ORB
STARLINK-4498,2022-097AY,53434,PAY,D,US,2022-08-10,AFETR,2026-07-02,87.46,53.20,151,146,,,EA,IMP
STARLINK-4542,2022-097AZ,53435,PAY,+,US,2022-08-10,AFETR,,93.85,53.16,464,462,,,EA,ORB
STARLINK-4527,2022-097BA,53436,PAY,+,US,2022-08-10,AFETR,,93.79,53.16,461,459,,,EA,ORB
STARLINK-4529,2022-097BB,53437,PAY,D,US,2022-08-10,AFETR,2022-08-17,88.11,53.21,190,172,,,EA,IMP
STARLINK-4526,2022-097BC,53438,PAY,+,US,2022-08-10,AFETR,,93.79,53.16,460,459,,,EA,ORB
STARLINK-4519,2022-097BD,53439,PAY,+,US,2022-08-10,AFETR,,93.79,53.16,460,459,,,EA,ORB
FALCON 9 DEB,2022-097BE,53440,DEB,D,US,2022-08-10,AFETR,2022-08-31,87.49,53.21,156,145,,,EA,IMP
FALCON 9 DEB,2022-097BF,53441,DEB,D,US,2022-08-10,AFETR,2022-08-31,87.48,53.20,154,145,,,EA,IMP
FALCON 9 DEB,2022-097BG,53442,DEB,D,US,2022-08-10,AFETR,2022-08-30,87.85,53.21,175,161,,,EA,IMP
FALCON 9 DEB,2022-097BH,53443,DEB,D,US,2022-08-10,AFETR,2022-08-30,87.73,53.22,167,156,,,EA,IMP
DONGPO 07,2022-098A,53444,PAY,+,PRC,2022-08-10,TAISC,,90.71,97.56,311,308,,,EA,ORB
JILIN-1 GAOFEN 03D09,2022-098B,53445,PAY,+,PRC,2022-08-10,TAISC,,91.35,97.57,342,339,,,EA,ORB
OBJECT C,2022-098C,53446,PAY,+,PRC,2022-08-10,TAISC,,91.28,97.57,339,335,,,EA,ORB
DONGPO 06,2022-098D,53447,PAY,D,PRC,2022-08-10,TAISC,2026-04-25,87.50,97.52,159,142,,,EA,IMP
JILIN-1 GAOFEN 03D43,2022-098E,53448,PAY,+,PRC,2022-08-10,TAISC,,91.04,97.57,327,324,,,EA,ORB
DONGPO 05,2022-098F,53449,PAY,+,PRC,2022-08-10,TAISC,,88.43,97.54,205,189,,,EA,ORB
DONGPO 03,2022-098G,53450,PAY,D,PRC,2022-08-10,TAISC,2026-06-09,87.83,97.55,175,159,,,EA,IMP
DONGPO 04,2022-098H,53451,PAY,D,PRC,2022-08-10,TAISC,2026-04-27,87.59,97.55,163,147,,,EA,IMP
DONGPO 02,2022-098J,53452,PAY,+,PRC,2022-08-10,TAISC,,90.28,97.56,290,286,,,EA,ORB
DONGPO 01,2022-098K,53453,PAY,+,PRC,2022-08-10,TAISC,,90.63,97.56,307,304,,,EA,ORB
YUNYAO-1 06,2022-098L,53454,PAY,D,PRC,2022-08-10,TAISC,2024-08-10,90.42,97.51,303,288,,,EA,IMP
YUNYAO-1 07,2022-098M,53455,PAY,D,PRC,2022-08-10,TAISC,2024-09-02,87.40,97.50,156,136,,,EA,IMP
YUNYAO-1 05,2022-098N,53456,PAY,D,PRC,2022-08-10,TAISC,2024-08-23,91.38,97.52,349,336,,,EA,IMP
YUNYAO-1 04,2022-098P,53457,PAY,D,PRC,2022-08-10,TAISC,2024-09-05,88.20,97.48,195,176,,,EA,IMP
YUNYAO-1 08,2022-098Q,53458,PAY,D,PRC,2022-08-10,TAISC,2024-08-31,89.69,97.51,267,251,,,EA,IMP
TIANJIN BINHAI-1,2022-098R,53459,PAY,D,PRC,2022-08-10,TAISC,2024-09-03,88.57,97.50,213,194,,,EA,IMP
STRIX-BETA DEB,2022-020D,53460,DEB,,JPN,2022-02-28,RLLB,,95.97,97.79,577,554,,,EA,ORB
STRIX-BETA DEB,2022-020E,53461,DEB,,JPN,2022-02-28,RLLB,,95.92,97.75,570,556,,,EA,ORB
STARLINK-4415,2022-099A,53465,PAY,+,US,2022-08-12,AFWTR,,93.91,97.28,466,465,,,EA,ORB
STARLINK-4398,2022-099B,53466,PAY,P,US,2022-08-12,AFWTR,,93.69,97.54,456,454,,,EA,ORB
STARLINK-4394,2022-099C,53467,PAY,P,US,2022-08-12,AFWTR,,93.69,97.59,456,454,,,EA,ORB
STARLINK-4400,2022-099D,53468,PAY,+,US,2022-08-12,AFWTR,,95.64,97.29,551,548,,,EA,ORB
STARLINK-4399,2022-099E,53469,PAY,+,US,2022-08-12,AFWTR,,93.91,97.29,466,465,,,EA,ORB
STARLINK-4393,2022-099F,53470,PAY,+,US,2022-08-12,AFWTR,,95.64,97.28,550,548,,,EA,ORB
STARLINK-4316,2022-099G,53471,PAY,+,US,2022-08-12,AFWTR,,93.91,97.29,466,465,,,EA,ORB
STARLINK-4447,2022-099H,53472,PAY,+,US,2022-08-12,AFWTR,,95.64,97.29,550,549,,,EA,ORB
STARLINK-4383,2022-099J,53473,PAY,P,US,2022-08-12,AFWTR,,93.69,97.55,456,454,,,EA,ORB
STARLINK-4445,2022-099K,53474,PAY,+,US,2022-08-12,AFWTR,,95.64,97.28,550,549,,,EA,ORB
STARLINK-4389,2022-099L,53475,PAY,P,US,2022-08-12,AFWTR,,93.69,97.55,456,454,,,EA,ORB
STARLINK-4378,2022-099M,53476,PAY,+,US,2022-08-12,AFWTR,,95.69,97.29,553,551,,,EA,ORB
STARLINK-4412,2022-099N,53477,PAY,P,US,2022-08-12,AFWTR,,89.68,97.59,261,257,,,EA,ORB
STARLINK-4433,2022-099P,53478,PAY,+,US,2022-08-12,AFWTR,,95.64,97.29,551,548,,,EA,ORB
STARLINK-4436,2022-099Q,53479,PAY,+,US,2022-08-12,AFWTR,,93.91,97.29,466,465,,,EA,ORB
STARLINK-4442,2022-099R,53480,PAY,P,US,2022-08-12,AFWTR,,90.70,97.60,310,308,,,EA,ORB
STARLINK-4302,2022-099S,53481,PAY,P,US,2022-08-12,AFWTR,,93.69,97.55,456,454,,,EA,ORB
STARLINK-4360,2022-099T,53482,PAY,+,US,2022-08-12,AFWTR,,95.64,97.28,550,549,,,EA,ORB
STARLINK-4401,2022-099U,53483,PAY,D,US,2022-08-12,AFWTR,2025-10-06,87.43,97.63,154,141,,,EA,IMP
STARLINK-4426,2022-099V,53484,PAY,+,US,2022-08-12,AFWTR,,93.91,97.29,466,465,,,EA,ORB
STARLINK-4430,2022-099W,53485,PAY,+,US,2022-08-12,AFWTR,,95.64,97.29,550,549,,,EA,ORB
STARLINK-4431,2022-099X,53486,PAY,P,US,2022-08-12,AFWTR,,93.69,97.56,456,455,,,EA,ORB
STARLINK-4432,2022-099Y,53487,PAY,+,US,2022-08-12,AFWTR,,93.91,97.29,467,465,,,EA,ORB
STARLINK-4421,2022-099Z,53488,PAY,+,US,2022-08-12,AFWTR,,93.91,97.29,466,465,,,EA,ORB
STARLINK-4392,2022-099AA,53489,PAY,+,US,2022-08-12,AFWTR,,95.59,97.29,548,546,,,EA,ORB
STARLINK-4387,2022-099AB,53490,PAY,+,US,2022-08-12,AFWTR,,92.52,97.60,399,397,,,EA,ORB
STARLINK-4450,2022-099AC,53491,PAY,P,US,2022-08-12,AFWTR,,93.68,97.56,455,454,,,EA,ORB
STARLINK-4451,2022-099AD,53492,PAY,P,US,2022-08-12,AFWTR,,90.60,97.60,305,303,,,EA,ORB
STARLINK-4361,2022-099AE,53493,PAY,D,US,2022-08-12,AFWTR,2026-04-02,87.47,97.64,155,143,,,EA,IMP
STARLINK-4340,2022-099AF,53494,PAY,+,US,2022-08-12,AFWTR,,93.91,97.29,466,465,,,EA,ORB
STARLINK-4429,2022-099AG,53495,PAY,+,US,2022-08-12,AFWTR,,95.64,97.29,550,549,,,EA,ORB
STARLINK-4465,2022-099AH,53496,PAY,D,US,2022-08-12,AFWTR,2026-04-20,87.56,97.62,162,145,,,EA,IMP
STARLINK-4453,2022-099AJ,53497,PAY,+,US,2022-08-12,AFWTR,,95.64,97.29,550,549,,,EA,ORB
STARLINK-4439,2022-099AK,53498,PAY,+,US,2022-08-12,AFWTR,,93.91,97.28,467,464,,,EA,ORB
STARLINK-4454,2022-099AL,53499,PAY,P,US,2022-08-12,AFWTR,,91.89,97.60,368,366,,,EA,ORB
STARLINK-4455,2022-099AM,53500,PAY,P,US,2022-08-12,AFWTR,,89.56,97.59,254,251,,,EA,ORB
STARLINK-4434,2022-099AN,53501,PAY,+,US,2022-08-12,AFWTR,,93.69,97.55,456,455,,,EA,ORB
STARLINK-4435,2022-099AP,53502,PAY,P,US,2022-08-12,AFWTR,,93.69,97.55,456,454,,,EA,ORB
STARLINK-4461,2022-099AQ,53503,PAY,D,US,2022-08-12,AFWTR,2026-04-04,87.59,97.62,162,149,,,EA,IMP
STARLINK-4448,2022-099AR,53504,PAY,P,US,2022-08-12,AFWTR,,93.69,97.57,456,454,,,EA,ORB
STARLINK-4446,2022-099AS,53505,PAY,P,US,2022-08-12,AFWTR,,90.40,97.60,296,292,,,EA,ORB
STARLINK-4437,2022-099AT,53506,PAY,P,US,2022-08-12,AFWTR,,88.73,97.59,217,206,,,EA,ORB
STARLINK-4444,2022-099AU,53507,PAY,D,US,2022-08-12,AFWTR,2025-05-22,87.33,97.64,151,134,,,EA,IMP
STARLINK-4443,2022-099AV,53508,PAY,+,US,2022-08-12,AFWTR,,93.91,97.29,466,465,,,EA,ORB
STARLINK-4402,2022-099AW,53509,PAY,P,US,2022-08-12,AFWTR,,92.01,97.60,374,372,,,EA,ORB
STARLINK-4441,2022-099AX,53510,PAY,D,US,2022-08-12,AFWTR,2025-04-14,88.29,97.65,197,183,,,EA,IMP
FALCON 9 DEB,2022-099AY,53511,DEB,D,US,2022-08-12,AFWTR,2022-10-05,87.19,97.66,144,127,,,EA,IMP
FALCON 9 DEB,2022-099AZ,53512,DEB,D,US,2022-08-12,AFWTR,2022-10-05,87.22,97.67,146,128,,,EA,IMP
FALCON 9 DEB,2022-099BA,53513,DEB,D,US,2022-08-12,AFWTR,2022-09-30,87.79,97.66,171,159,,,EA,IMP
FALCON 9 DEB,2022-099BB,53514,DEB,D,US,2022-08-12,AFWTR,2022-10-01,87.18,97.63,141,128,,,EA,IMP
USA 337,2022-073E,53521,PAY,+,US,2022-07-01,AFETR,,1420.65,3.67,35488,35479,,NEA,EA,ORB
YAOGAN-35 04A,2022-100A,53522,PAY,+,PRC,2022-08-19,XICLF,,94.54,35.01,500,492,,,EA,ORB
CZ-2D R/B,2022-100B,53523,R/B,D,PRC,2022-08-19,XICLF,2023-03-28,87.46,34.97,152,145,,,EA,IMP
YAOGAN-35 04B,2022-100C,53524,PAY,+,PRC,2022-08-19,XICLF,,93.67,35.00,457,452,,,EA,ORB
CZ-2D DEB,2022-100D,53525,DEB,D,PRC,2022-08-19,XICLF,2023-07-27,87.29,34.97,143,137,,,EA,IMP
YAOGAN-35 04C,2022-100E,53526,PAY,+,PRC,2022-08-19,XICLF,,94.58,35.00,505,492,,,EA,ORB
STARLINK-4511,2022-101A,53527,PAY,D,US,2022-08-19,AFETR,2025-12-12,88.09,53.18,183,177,,,EA,IMP
STARLINK-4503,2022-101B,53528,PAY,+,US,2022-08-19,AFETR,,95.44,53.16,541,539,,,EA,ORB
STARLINK-4478,2022-101C,53529,PAY,P,US,2022-08-19,AFETR,,94.95,53.21,517,515,,,EA,ORB
STARLINK-4482,2022-101D,53530,PAY,+,US,2022-08-19,AFETR,,95.44,53.16,541,539,,,EA,ORB
STARLINK-4487,2022-101E,53531,PAY,+,US,2022-08-19,AFETR,,94.01,53.16,471,470,,,EA,ORB
STARLINK-4483,2022-101F,53532,PAY,+,US,2022-08-19,AFETR,,95.44,53.16,541,539,,,EA,ORB
STARLINK-4493,2022-101G,53533,PAY,+,US,2022-08-19,AFETR,,94.01,53.16,472,470,,,EA,ORB
STARLINK-4488,2022-101H,53534,PAY,D,US,2022-08-19,AFETR,2025-01-13,87.45,53.17,156,140,,,EA,IMP
STARLINK-4138,2022-101J,53535,PAY,+,US,2022-08-19,AFETR,,93.79,53.16,460,459,,,EA,ORB
STARLINK-4053,2022-101K,53536,PAY,+,US,2022-08-19,AFETR,,94.01,53.16,471,470,,,EA,ORB
STARLINK-4120,2022-101L,53537,PAY,+,US,2022-08-19,AFETR,,93.79,53.16,460,459,,,EA,ORB
STARLINK-4118,2022-101M,53538,PAY,D,US,2022-08-19,AFETR,2026-02-07,87.48,53.20,151,148,,,EA,IMP
STARLINK-4123,2022-101N,53539,PAY,+,US,2022-08-19,AFETR,,93.79,53.16,460,459,,,EA,ORB
STARLINK-4486,2022-101P,53540,PAY,+,US,2022-08-19,AFETR,,95.44,53.16,541,539,,,EA,ORB
STARLINK-4485,2022-101Q,53541,PAY,+,US,2022-08-19,AFETR,,95.44,53.16,541,539,,,EA,ORB
STARLINK-4489,2022-101R,53542,PAY,+,US,2022-08-19,AFETR,,93.85,53.16,463,462,,,EA,ORB
STARLINK-4297,2022-101S,53543,PAY,+,US,2022-08-19,AFETR,,93.85,53.16,464,462,,,EA,ORB
STARLINK-4303,2022-101T,53544,PAY,+,US,2022-08-19,AFETR,,93.79,53.16,461,459,,,EA,ORB
STARLINK-4475,2022-101U,53545,PAY,+,US,2022-08-19,AFETR,,93.79,53.16,461,459,,,EA,ORB
STARLINK-4477,2022-101V,53546,PAY,+,US,2022-08-19,AFETR,,93.85,53.16,464,462,,,EA,ORB
STARLINK-4474,2022-101W,53547,PAY,+,US,2022-08-19,AFETR,,93.85,53.16,464,462,,,EA,ORB
STARLINK-4513,2022-101X,53548,PAY,+,US,2022-08-19,AFETR,,95.44,53.16,541,539,,,EA,ORB
STARLINK-4516,2022-101Y,53549,PAY,D,US,2022-08-19,AFETR,2024-08-27,88.00,53.20,180,171,,,EA,IMP
STARLINK-4518,2022-101Z,53550,PAY,D,US,2022-08-19,AFETR,2026-02-08,87.93,53.20,176,169,,,EA,IMP
STARLINK-4514,2022-101AA,53551,PAY,+,US,2022-08-19,AFETR,,93.85,53.16,464,462,,,EA,ORB
STARLINK-4495,2022-101AB,53552,PAY,+,US,2022-08-19,AFETR,,95.44,53.16,541,539,,,EA,ORB
STARLINK-4501,2022-101AC,53553,PAY,+,US,2022-08-19,AFETR,,95.44,53.16,541,539,,,EA,ORB
STARLINK-4506,2022-101AD,53554,PAY,+,US,2022-08-19,AFETR,,95.44,53.16,541,539,,,EA,ORB
STARLINK-4504,2022-101AE,53555,PAY,+,US,2022-08-19,AFETR,,95.44,53.16,541,539,,,EA,ORB
STARLINK-4505,2022-101AF,53556,PAY,+,US,2022-08-19,AFETR,,95.44,53.16,541,539,,,EA,ORB
STARLINK-4502,2022-101AG,53557,PAY,+,US,2022-08-19,AFETR,,95.44,53.16,541,538,,,EA,ORB
STARLINK-4494,2022-101AH,53558,PAY,+,US,2022-08-19,AFETR,,93.79,53.16,461,459,,,EA,ORB
STARLINK-4508,2022-101AJ,53559,PAY,D,US,2022-08-19,AFETR,2026-06-09,87.55,53.20,158,148,,,EA,IMP
STARLINK-4564,2022-101AK,53560,PAY,+,US,2022-08-19,AFETR,,94.01,53.16,472,470,,,EA,ORB
STARLINK-4563,2022-101AL,53561,PAY,+,US,2022-08-19,AFETR,,93.85,53.16,464,462,,,EA,ORB
STARLINK-4565,2022-101AM,53562,PAY,+,US,2022-08-19,AFETR,,93.85,53.16,464,462,,,EA,ORB
STARLINK-4561,2022-101AN,53563,PAY,+,US,2022-08-19,AFETR,,93.85,53.16,463,462,,,EA,ORB
STARLINK-4577,2022-101AP,53564,PAY,+,US,2022-08-19,AFETR,,93.85,53.16,463,462,,,EA,ORB
STARLINK-4575,2022-101AQ,53565,PAY,+,US,2022-08-19,AFETR,,93.85,53.16,464,462,,,EA,ORB
STARLINK-4576,2022-101AR,53566,PAY,+,US,2022-08-19,AFETR,,93.85,53.16,463,462,,,EA,ORB
STARLINK-4585,2022-101AS,53567,PAY,+,US,2022-08-19,AFETR,,94.01,53.16,471,470,,,EA,ORB
STARLINK-4583,2022-101AT,53568,PAY,+,US,2022-08-19,AFETR,,93.85,53.16,463,462,,,EA,ORB
STARLINK-4582,2022-101AU,53569,PAY,+,US,2022-08-19,AFETR,,93.85,53.16,463,462,,,EA,ORB
STARLINK-4550,2022-101AV,53570,PAY,+,US,2022-08-19,AFETR,,93.90,53.16,466,464,,,EA,ORB
STARLINK-4584,2022-101AW,53571,PAY,+,US,2022-08-19,AFETR,,93.85,53.16,464,462,,,EA,ORB
STARLINK-4555,2022-101AX,53572,PAY,+,US,2022-08-19,AFETR,,93.85,53.16,464,462,,,EA,ORB
STARLINK-4547,2022-101AY,53573,PAY,D,US,2022-08-19,AFETR,2025-10-31,87.37,53.20,147,141,,,EA,IMP
STARLINK-4559,2022-101AZ,53574,PAY,+,US,2022-08-19,AFETR,,93.85,53.16,463,462,,,EA,ORB
STARLINK-4551,2022-101BA,53575,PAY,+,US,2022-08-19,AFETR,,93.85,53.16,463,462,,,EA,ORB
STARLINK-4581,2022-101BB,53576,PAY,+,US,2022-08-19,AFETR,,94.01,53.16,471,470,,,EA,ORB
STARLINK-4553,2022-101BC,53577,PAY,+,US,2022-08-19,AFETR,,93.85,53.16,464,462,,,EA,ORB
STARLINK-4556,2022-101BD,53578,PAY,+,US,2022-08-19,AFETR,,93.85,53.16,464,462,,,EA,ORB
STARLINK-4580,2022-101BE,53579,PAY,+,US,2022-08-19,AFETR,,93.85,53.16,464,462,,,EA,ORB
FALCON 9 DEB,2022-101BF,53580,DEB,D,US,2022-08-19,AFETR,2022-09-09,87.90,53.21,177,164,,,EA,IMP
FALCON 9 DEB,2022-101BG,53581,DEB,D,US,2022-08-19,AFETR,2022-09-09,87.81,53.20,171,161,,,EA,IMP
FALCON 9 DEB,2022-101BH,53582,DEB,D,US,2022-08-19,AFETR,2022-09-09,87.53,53.21,154,150,,,EA,IMP
FALCON 9 DEB,2022-101BJ,53583,DEB,D,US,2022-08-19,AFETR,2022-09-09,87.64,53.21,161,154,,,EA,IMP
DRAGON CRS-25 DEB,2022-081B,53584,DEB,D,US,2022-07-15,AFETR,2022-08-31,87.47,51.62,163,135,,,EA,IMP
CHUANGXIN 16A (CX-16A),2022-102A,53586,PAY,+,PRC,2022-08-23,XICLF,,95.61,28.99,551,545,,,EA,ORB
BEIJING-3B,2022-103A,53587,PAY,+,PRC,2022-08-24,TAISC,,96.84,97.80,625,590,,,EA,ORB
STARLINK-4691,2022-104A,53588,PAY,+,US,2022-08-28,AFETR,,94.80,53.16,510,508,,,EA,ORB
STARLINK-4673,2022-104B,53589,PAY,+,US,2022-08-28,AFETR,,93.79,53.16,461,459,,,EA,ORB
STARLINK-4689,2022-104C,53590,PAY,P,US,2022-08-28,AFETR,,94.33,53.19,487,485,,,EA,ORB
STARLINK-4674,2022-104D,53591,PAY,+,US,2022-08-28,AFETR,,93.79,53.16,461,459,,,EA,ORB
STARLINK-4672,2022-104E,53592,PAY,+,US,2022-08-28,AFETR,,93.79,53.16,461,459,,,EA,ORB
STARLINK-4671,2022-104F,53593,PAY,D,US,2022-08-28,AFETR,2025-07-09,87.98,53.15,177,172,,,EA,IMP
STARLINK-4681,2022-104G,53594,PAY,D,US,2022-08-28,AFETR,2026-07-02,87.47,53.20,155,143,,,EA,IMP
STARLINK-4684,2022-104H,53595,PAY,+,US,2022-08-28,AFETR,,94.01,53.16,472,470,,,EA,ORB
STARLINK-4668,2022-104J,53596,PAY,D,US,2022-08-28,AFETR,2025-06-13,87.72,53.18,165,158,,,EA,IMP
STARLINK-4682,2022-104K,53597,PAY,D,US,2022-08-28,AFETR,2024-11-10,87.37,53.20,147,141,,,EA,IMP
STARLINK-4676,2022-104L,53598,PAY,+,US,2022-08-28,AFETR,,95.23,53.16,531,529,,,EA,ORB
STARLINK-4665,2022-104M,53599,PAY,D,US,2022-08-28,AFETR,2022-11-26,87.03,53.18,130,125,,,EA,IMP
STARLINK-4677,2022-104N,53600,PAY,+,US,2022-08-28,AFETR,,93.79,53.16,461,459,,,EA,ORB
STARLINK-4675,2022-104P,53601,PAY,+,US,2022-08-28,AFETR,,93.79,53.16,461,459,,,EA,ORB
STARLINK-4648,2022-104Q,53602,PAY,+,US,2022-08-28,AFETR,,93.79,53.16,461,459,,,EA,ORB
STARLINK-4692,2022-104R,53603,PAY,+,US,2022-08-28,AFETR,,95.44,53.16,541,539,,,EA,ORB
STARLINK-4690,2022-104S,53604,PAY,+,US,2022-08-28,AFETR,,93.85,53.16,464,462,,,EA,ORB
STARLINK-4693,2022-104T,53605,PAY,D,US,2022-08-28,AFETR,2026-07-04,87.22,53.20,143,131,,,EA,IMP
STARLINK-4590,2022-104U,53606,PAY,+,US,2022-08-28,AFETR,,93.85,53.16,464,462,,,EA,ORB
STARLINK-4591,2022-104V,53607,PAY,+,US,2022-08-28,AFETR,,93.85,53.16,464,462,,,EA,ORB
STARLINK-4647,2022-104W,53608,PAY,+,US,2022-08-28,AFETR,,93.79,53.16,461,459,,,EA,ORB
STARLINK-4660,2022-104X,53609,PAY,+,US,2022-08-28,AFETR,,93.85,53.16,464,462,,,EA,ORB
STARLINK-4610,2022-104Y,53610,PAY,+,US,2022-08-28,AFETR,,94.16,53.16,479,477,,,EA,ORB
STARLINK-4650,2022-104Z,53611,PAY,D,US,2022-08-28,AFETR,2025-08-15,87.86,53.15,205,132,,,EA,IMP
STARLINK-4658,2022-104AA,53612,PAY,+,US,2022-08-28,AFETR,,93.79,53.16,461,459,,,EA,ORB
STARLINK-4655,2022-104AB,53613,PAY,+,US,2022-08-28,AFETR,,93.79,53.16,461,459,,,EA,ORB
STARLINK-4654,2022-104AC,53614,PAY,D,US,2022-08-28,AFETR,2022-09-15,87.40,53.21,149,142,,,EA,IMP
STARLINK-4653,2022-104AD,53615,PAY,D,US,2022-08-28,AFETR,2022-09-14,88.16,53.21,196,172,,,EA,IMP
STARLINK-4605,2022-104AE,53616,PAY,+,US,2022-08-28,AFETR,,93.90,53.16,466,464,,,EA,ORB
STARLINK-4601,2022-104AF,53617,PAY,D,US,2022-08-28,AFETR,2025-01-08,87.74,53.20,167,158,,,EA,IMP
STARLINK-4604,2022-104AG,53618,PAY,D,US,2022-08-28,AFETR,2025-04-14,87.68,53.20,164,155,,,EA,IMP
STARLINK-4609,2022-104AH,53619,PAY,+,US,2022-08-28,AFETR,,93.79,53.16,461,459,,,EA,ORB
STARLINK-4615,2022-104AJ,53620,PAY,+,US,2022-08-28,AFETR,,93.79,53.16,461,459,,,EA,ORB
STARLINK-4608,2022-104AK,53621,PAY,+,US,2022-08-28,AFETR,,93.85,53.16,464,462,,,EA,ORB
STARLINK-4568,2022-104AL,53622,PAY,+,US,2022-08-28,AFETR,,93.79,53.16,461,459,,,EA,ORB
STARLINK-4573,2022-104AM,53623,PAY,+,US,2022-08-28,AFETR,,94.01,53.16,472,470,,,EA,ORB
STARLINK-4596,2022-104AN,53624,PAY,+,US,2022-08-28,AFETR,,94.01,53.16,472,470,,,EA,ORB
STARLINK-4603,2022-104AP,53625,PAY,D,US,2022-08-28,AFETR,2024-12-31,87.49,53.20,152,148,,,EA,IMP
STARLINK-4554,2022-104AQ,53626,PAY,+,US,2022-08-28,AFETR,,93.90,53.16,466,464,,,EA,ORB
STARLINK-4595,2022-104AR,53627,PAY,+,US,2022-08-28,AFETR,,93.79,53.16,461,459,,,EA,ORB
STARLINK-4600,2022-104AS,53628,PAY,+,US,2022-08-28,AFETR,,93.79,53.16,461,459,,,EA,ORB
STARLINK-4602,2022-104AT,53629,PAY,+,US,2022-08-28,AFETR,,93.79,53.16,461,459,,,EA,ORB
STARLINK-4598,2022-104AU,53630,PAY,+,US,2022-08-28,AFETR,,94.01,53.16,472,470,,,EA,ORB
STARLINK-4599,2022-104AV,53631,PAY,+,US,2022-08-28,AFETR,,93.79,53.16,461,459,,,EA,ORB
STARLINK-4606,2022-104AW,53632,PAY,+,US,2022-08-28,AFETR,,93.98,53.16,469,469,,,EA,ORB
STARLINK-4593,2022-104AX,53633,PAY,+,US,2022-08-28,AFETR,,93.79,53.17,461,459,,,EA,ORB
STARLINK-4592,2022-104AY,53634,PAY,+,US,2022-08-28,AFETR,,93.79,53.16,461,459,,,EA,ORB
STARLINK-4587,2022-104AZ,53635,PAY,D,US,2022-08-28,AFETR,2026-02-03,87.23,53.20,139,135,,,EA,IMP
STARLINK-4586,2022-104BA,53636,PAY,+,US,2022-08-28,AFETR,,93.90,53.16,466,464,,,EA,ORB
STARLINK-4396,2022-104BB,53637,PAY,+,US,2022-08-28,AFETR,,93.87,53.16,465,463,,,EA,ORB
STARLINK-4594,2022-104BC,53638,PAY,+,US,2022-08-28,AFETR,,93.98,53.16,470,468,,,EA,ORB
STARLINK-4422,2022-104BD,53639,PAY,P,US,2022-08-28,AFETR,,94.16,53.22,478,477,,,EA,ORB
STARLINK-4597,2022-104BE,53640,PAY,+,US,2022-08-28,AFETR,,93.87,53.16,465,463,,,EA,ORB
STARLINK-4588,2022-104BF,53641,PAY,+,US,2022-08-28,AFETR,,94.01,53.16,471,470,,,EA,ORB
FALCON 9 DEB,2022-104BG,53642,DEB,D,US,2022-08-28,AFETR,2022-09-15,87.43,53.21,153,141,,,EA,IMP
FALCON 9 DEB,2022-104BH,53643,DEB,D,US,2022-08-28,AFETR,2022-09-15,87.26,53.20,144,133,,,EA,IMP
FALCON 9 DEB,2022-104BJ,53644,DEB,D,US,2022-08-28,AFETR,2022-09-15,87.25,53.21,142,135,,,EA,IMP
FALCON 9 DEB,2022-104BK,53645,DEB,D,US,2022-08-28,AFETR,2022-09-15,87.82,53.21,175,159,,,EA,IMP
STARLINK-4622,2022-105A,53648,PAY,+,US,2022-08-31,AFWTR,,95.64,97.29,551,548,,,EA,ORB
STARLINK-4386,2022-105B,53649,PAY,P,US,2022-08-31,AFWTR,,90.97,97.60,323,321,,,EA,ORB
STARLINK-4380,2022-105C,53650,PAY,+,US,2022-08-31,AFWTR,,95.64,97.28,551,548,,,EA,ORB
STARLINK-4388,2022-105D,53651,PAY,P,US,2022-08-31,AFWTR,,93.69,97.58,456,454,,,EA,ORB
STARLINK-4374,2022-105E,53652,PAY,+,US,2022-08-31,AFWTR,,95.64,97.28,552,548,,,EA,ORB
STARLINK-4390,2022-105F,53653,PAY,P,US,2022-08-31,AFWTR,,91.05,97.60,327,325,,,EA,ORB
STARLINK-4420,2022-105G,53654,PAY,+,US,2022-08-31,AFWTR,,93.91,97.29,467,464,,,EA,ORB
STARLINK-4470,2022-105H,53655,PAY,P,US,2022-08-31,AFWTR,,93.69,97.55,456,454,,,EA,ORB
STARLINK-4466,2022-105J,53656,PAY,+,US,2022-08-31,AFWTR,,95.64,97.29,551,548,,,EA,ORB
STARLINK-4469,2022-105K,53657,PAY,D,US,2022-08-31,AFWTR,2026-04-06,87.26,97.60,145,132,,,EA,IMP
STARLINK-4452,2022-105L,53658,PAY,+,US,2022-08-31,AFWTR,,93.91,97.28,467,464,,,EA,ORB
STARLINK-4463,2022-105M,53659,PAY,D,US,2022-08-31,AFWTR,2026-02-07,87.22,97.58,143,131,,,EA,IMP
STARLINK-4473,2022-105N,53660,PAY,+,US,2022-08-31,AFWTR,,95.64,97.29,551,548,,,EA,ORB
STARLINK-4472,2022-105P,53661,PAY,+,US,2022-08-31,AFWTR,,95.64,97.28,551,548,,,EA,ORB
STARLINK-4357,2022-105Q,53662,PAY,P,US,2022-08-31,AFWTR,,93.69,97.54,456,454,,,EA,ORB
STARLINK-4457,2022-105R,53663,PAY,+,US,2022-08-31,AFWTR,,93.95,97.28,469,467,,,EA,ORB
STARLINK-4471,2022-105S,53664,PAY,+,US,2022-08-31,AFWTR,,93.90,97.28,467,464,,,EA,ORB
STARLINK-4334,2022-105T,53665,PAY,P,US,2022-08-31,AFWTR,,93.69,97.57,456,454,,,EA,ORB
STARLINK-4449,2022-105U,53666,PAY,D,US,2022-08-31,AFWTR,2025-05-01,88.57,97.63,207,200,,,EA,IMP
STARLINK-4406,2022-105V,53667,PAY,P,US,2022-08-31,AFWTR,,92.71,97.60,409,406,,,EA,ORB
STARLINK-4458,2022-105W,53668,PAY,P,US,2022-08-31,AFWTR,,93.69,97.55,456,454,,,EA,ORB
STARLINK-4464,2022-105X,53669,PAY,P,US,2022-08-31,AFWTR,,91.02,97.60,325,324,,,EA,ORB
STARLINK-4459,2022-105Y,53670,PAY,+,US,2022-08-31,AFWTR,,93.91,97.29,467,464,,,EA,ORB
STARLINK-4440,2022-105Z,53671,PAY,+,US,2022-08-31,AFWTR,,95.64,97.28,551,548,,,EA,ORB
STARLINK-4428,2022-105AA,53672,PAY,+,US,2022-08-31,AFWTR,,95.64,97.28,551,548,,,EA,ORB
STARLINK-4456,2022-105AB,53673,PAY,P,US,2022-08-31,AFWTR,,90.08,97.59,279,277,,,EA,ORB
STARLINK-4620,2022-105AC,53674,PAY,+,US,2022-08-31,AFWTR,,95.64,97.29,551,548,,,EA,ORB
STARLINK-4617,2022-105AD,53675,PAY,+,US,2022-08-31,AFWTR,,93.91,97.28,467,465,,,EA,ORB
STARLINK-4621,2022-105AE,53676,PAY,+,US,2022-08-31,AFWTR,,95.64,97.28,551,548,,,EA,ORB
STARLINK-4579,2022-105AF,53677,PAY,+,US,2022-08-31,AFWTR,,93.91,97.28,467,464,,,EA,ORB
STARLINK-4418,2022-105AG,53678,PAY,D,US,2022-08-31,AFWTR,2025-05-08,86.85,97.62,127,110,,,EA,IMP
STARLINK-4632,2022-105AH,53679,PAY,+,US,2022-08-31,AFWTR,,93.91,97.28,467,464,,,EA,ORB
STARLINK-4630,2022-105AJ,53680,PAY,+,US,2022-08-31,AFWTR,,93.91,97.28,467,465,,,EA,ORB
STARLINK-4424,2022-105AK,53681,PAY,D,US,2022-08-31,AFWTR,2026-08-20,87.50,97.57,157,144,,,EA,IMP
STARLINK-4438,2022-105AL,53682,PAY,+,US,2022-08-31,AFWTR,,93.91,97.28,467,464,,,EA,ORB
STARLINK-4625,2022-105AM,53683,PAY,+,US,2022-08-31,AFWTR,,95.64,97.28,551,548,,,EA,ORB
STARLINK-4624,2022-105AN,53684,PAY,+,US,2022-08-31,AFWTR,,95.64,97.28,551,548,,,EA,ORB
STARLINK-4626,2022-105AP,53685,PAY,+,US,2022-08-31,AFWTR,,95.64,97.28,551,548,,,EA,ORB
STARLINK-4467,2022-105AQ,53686,PAY,+,US,2022-08-31,AFWTR,,95.64,97.29,551,548,,,EA,ORB
STARLINK-4569,2022-105AR,53687,PAY,+,US,2022-08-31,AFWTR,,93.91,97.28,467,464,,,EA,ORB
STARLINK-4571,2022-105AS,53688,PAY,+,US,2022-08-31,AFWTR,,95.64,97.28,551,548,,,EA,ORB
STARLINK-4562,2022-105AT,53689,PAY,D,US,2022-08-31,AFWTR,2025-04-23,87.48,97.63,156,143,,,EA,IMP
STARLINK-4570,2022-105AU,53690,PAY,+,US,2022-08-31,AFWTR,,95.64,97.28,551,548,,,EA,ORB
STARLINK-4560,2022-105AV,53691,PAY,+,US,2022-08-31,AFWTR,,93.91,97.28,467,464,,,EA,ORB
STARLINK-4572,2022-105AW,53692,PAY,P,US,2022-08-31,AFWTR,,94.10,97.60,477,473,,,EA,ORB
STARLINK-4566,2022-105AX,53693,PAY,+,US,2022-08-31,AFWTR,,93.91,97.28,467,464,,,EA,ORB
FALCON 9 DEB,2022-105AY,53694,DEB,D,US,2022-08-31,AFWTR,2022-10-15,88.99,97.67,229,220,,,EA,IMP
FALCON 9 DEB,2022-105AZ,53695,DEB,D,US,2022-08-31,AFWTR,2022-10-15,88.94,97.66,226,218,,,EA,IMP
FALCON 9 DEB,2022-105BA,53696,DEB,D,US,2022-08-31,AFWTR,2022-10-13,87.40,97.63,150,142,,,EA,IMP
FALCON 9 DEB,2022-105BB,53697,DEB,D,US,2022-08-31,AFWTR,2022-10-15,87.75,97.62,166,160,,,EA,IMP
YAOGAN-33 02,2022-106A,53698,PAY,+,PRC,2022-09-02,JSC,,98.72,98.18,698,696,,,EA,ORB
CZ-4C R/B,2022-106B,53699,R/B,,PRC,2022-09-02,JSC,,95.79,98.05,631,483,,,EA,ORB
STARLINK-4725,2022-107A,53700,PAY,+,US,2022-09-05,AFETR,,95.44,53.16,541,539,,,EA,ORB
STARLINK-4711,2022-107B,53701,PAY,+,US,2022-09-05,AFETR,,95.44,53.16,541,539,,,EA,ORB
STARLINK-4724,2022-107C,53702,PAY,+,US,2022-09-05,AFETR,,93.79,53.16,460,459,,,EA,ORB
STARLINK-4731,2022-107D,53703,PAY,+,US,2022-09-05,AFETR,,95.44,53.16,541,539,,,EA,ORB
STARLINK-4714,2022-107E,53704,PAY,+,US,2022-09-05,AFETR,,94.01,53.16,472,470,,,EA,ORB
STARLINK-4717,2022-107F,53705,PAY,+,US,2022-09-05,AFETR,,95.24,53.16,531,529,,,EA,ORB
STARLINK-4716,2022-107G,53706,PAY,+,US,2022-09-05,AFETR,,95.03,53.16,522,518,,,EA,ORB
STARLINK-4667,2022-107H,53707,PAY,+,US,2022-09-05,AFETR,,93.83,53.16,463,461,,,EA,ORB
STARLINK-4694,2022-107J,53708,PAY,+,US,2022-09-05,AFETR,,93.79,53.16,461,459,,,EA,ORB
STARLINK-4685,2022-107K,53709,PAY,+,US,2022-09-05,AFETR,,93.79,53.16,461,459,,,EA,ORB
STARLINK-4696,2022-107L,53710,PAY,D,US,2022-09-05,AFETR,2022-10-24,88.70,53.20,217,204,,,EA,IMP
STARLINK-4627,2022-107M,53711,PAY,+,US,2022-09-05,AFETR,,93.85,53.16,464,462,,,EA,ORB
STARLINK-4683,2022-107N,53712,PAY,+,US,2022-09-05,AFETR,,93.85,53.16,463,462,,,EA,ORB
STARLINK-4698,2022-107P,53713,PAY,D,US,2022-09-05,AFETR,2025-08-30,87.98,53.17,180,170,,,EA,IMP
STARLINK-4688,2022-107Q,53714,PAY,D,US,2022-09-05,AFETR,2025-01-01,87.41,53.20,148,145,,,EA,IMP
STARLINK-4686,2022-107R,53715,PAY,+,US,2022-09-05,AFETR,,93.79,53.16,461,459,,,EA,ORB
STARLINK-4699,2022-107S,53716,PAY,+,US,2022-09-05,AFETR,,93.85,53.16,464,462,,,EA,ORB
STARLINK-4702,2022-107T,53717,PAY,D,US,2022-09-05,AFETR,2022-10-24,87.84,53.20,172,163,,,EA,IMP
STARLINK-4695,2022-107U,53718,PAY,+,US,2022-09-05,AFETR,,94.01,53.16,472,470,,,EA,ORB
STARLINK-4644,2022-107V,53719,PAY,+,US,2022-09-05,AFETR,,93.91,53.16,466,465,,,EA,ORB
STARLINK-4642,2022-107W,53720,PAY,+,US,2022-09-05,AFETR,,93.85,53.16,464,462,,,EA,ORB
STARLINK-4707,2022-107X,53721,PAY,+,US,2022-09-05,AFETR,,93.79,53.16,461,459,,,EA,ORB
STARLINK-4700,2022-107Y,53722,PAY,+,US,2022-09-05,AFETR,,93.79,53.16,461,459,,,EA,ORB
STARLINK-4705,2022-107Z,53723,PAY,+,US,2022-09-05,AFETR,,93.79,53.16,461,459,,,EA,ORB
STARLINK-4663,2022-107AA,53724,PAY,+,US,2022-09-05,AFETR,,93.79,53.16,461,459,,,EA,ORB
STARLINK-4704,2022-107AB,53725,PAY,D,US,2022-09-05,AFETR,2022-10-30,88.43,53.20,202,191,,,EA,IMP
STARLINK-4697,2022-107AC,53726,PAY,+,US,2022-09-05,AFETR,,93.85,53.16,464,462,,,EA,ORB
STARLINK-4701,2022-107AD,53727,PAY,+,US,2022-09-05,AFETR,,93.79,53.16,460,459,,,EA,ORB
STARLINK-4640,2022-107AE,53728,PAY,+,US,2022-09-05,AFETR,,93.85,53.16,464,462,,,EA,ORB
STARLINK-4651,2022-107AF,53729,PAY,+,US,2022-09-05,AFETR,,93.79,53.16,461,459,,,EA,ORB
STARLINK-4641,2022-107AG,53730,PAY,+,US,2022-09-05,AFETR,,93.85,53.16,464,462,,,EA,ORB
STARLINK-4636,2022-107AH,53731,PAY,+,US,2022-09-05,AFETR,,94.77,53.21,510,506,,,EA,ORB
STARLINK-4661,2022-107AJ,53732,PAY,+,US,2022-09-05,AFETR,,93.85,53.16,464,462,,,EA,ORB
STARLINK-4574,2022-107AK,53733,PAY,+,US,2022-09-05,AFETR,,93.90,53.16,466,464,,,EA,ORB
STARLINK-4616,2022-107AL,53734,PAY,+,US,2022-09-05,AFETR,,93.79,53.16,461,459,,,EA,ORB
STARLINK-4618,2022-107AM,53735,PAY,+,US,2022-09-05,AFETR,,93.85,53.16,464,462,,,EA,ORB
STARLINK-4652,2022-107AN,53736,PAY,+,US,2022-09-05,AFETR,,93.79,53.16,461,459,,,EA,ORB
STARLINK-4646,2022-107AP,53737,PAY,D,US,2022-09-05,AFETR,2026-02-10,88.66,53.17,213,204,,,EA,IMP
STARLINK-4662,2022-107AQ,53738,PAY,+,US,2022-09-05,AFETR,,93.85,53.16,464,462,,,EA,ORB
STARLINK-4613,2022-107AR,53739,PAY,D,US,2022-09-05,AFETR,2022-10-17,86.92,53.19,126,118,,,EA,IMP
STARLINK-4607,2022-107AS,53740,PAY,+,US,2022-09-05,AFETR,,92.80,53.16,413,410,,,EA,ORB
STARLINK-4614,2022-107AT,53741,PAY,D,US,2022-09-05,AFETR,2025-08-03,88.07,53.20,185,173,,,EA,IMP
STARLINK-4637,2022-107AU,53742,PAY,+,US,2022-09-05,AFETR,,93.79,53.16,460,459,,,EA,ORB
STARLINK-4645,2022-107AV,53743,PAY,+,US,2022-09-05,AFETR,,93.85,53.16,464,462,,,EA,ORB
STARLINK-4670,2022-107AW,53744,PAY,+,US,2022-09-05,AFETR,,94.01,53.16,472,470,,,EA,ORB
STARLINK-4656,2022-107AX,53745,PAY,+,US,2022-09-05,AFETR,,93.85,53.16,464,462,,,EA,ORB
STARLINK-4589,2022-107AY,53746,PAY,+,US,2022-09-05,AFETR,,93.90,53.16,466,464,,,EA,ORB
STARLINK-4657,2022-107AZ,53747,PAY,D,US,2022-09-05,AFETR,2022-10-07,87.79,53.20,170,161,,,EA,IMP
STARLINK-4669,2022-107BA,53748,PAY,D,US,2022-09-05,AFETR,2025-02-07,87.77,53.20,167,161,,,EA,IMP
STARLINK-4680,2022-107BB,53749,PAY,D,US,2022-09-05,AFETR,2025-04-23,88.27,53.20,195,182,,,EA,IMP
STARLINK-4612,2022-107BC,53750,PAY,+,US,2022-09-05,AFETR,,93.85,53.16,464,462,,,EA,ORB
FALCON 9 DEB,2022-107BD,53751,DEB,D,US,2022-09-05,AFETR,2022-10-13,87.60,53.20,160,151,,,EA,IMP
FALCON 9 DEB,2022-107BE,53752,DEB,D,US,2022-09-05,AFETR,2022-10-16,87.53,53.20,156,148,,,EA,IMP
FALCON 9 DEB,2022-107BF,53753,DEB,D,US,2022-09-05,AFETR,2022-10-13,87.40,53.18,150,142,,,EA,IMP
SHERPA-LTC2,2022-107BG,53754,PAY,+,US,2022-09-05,AFETR,,97.95,53.24,938,383,,,EA,ORB
FALCON 9 DEB,2022-107BH,53755,DEB,D,US,2022-09-05,AFETR,2022-10-14,87.81,53.19,171,161,,,EA,IMP
FALCON 9 DEB,2022-107BJ,53756,DEB,D,US,2022-09-05,AFETR,2022-10-12,87.85,53.20,174,162,,,EA,IMP
CENTISPACE-1 S3,2022-108A,53757,PAY,+,PRC,2022-09-06,JSC,,98.54,53.53,696,682,,,EA,ORB
CENTISPACE-1 S4,2022-108B,53758,PAY,+,PRC,2022-09-06,JSC,,98.50,53.53,694,680,,,EA,ORB
KZ-1A R/B,2022-108C,53759,R/B,D,PRC,2022-09-06,JSC,2022-11-05,87.79,53.52,197,133,,,EA,IMP
YAOGAN-35 05A,2022-109A,53760,PAY,+,PRC,2022-09-06,XICLF,,94.57,35.01,503,493,,,EA,ORB
YAOGAN-35 05B,2022-109B,53761,PAY,+,PRC,2022-09-06,XICLF,,93.43,34.98,444,440,,,EA,ORB
CZ-2D DEB,2022-109C,53762,DEB,D,PRC,2022-09-06,XICLF,2023-08-04,87.40,34.97,152,139,,,EA,IMP
YAOGAN-35 05C,2022-109D,53763,PAY,+,PRC,2022-09-06,XICLF,,94.47,34.99,495,491,,,EA,ORB
CZ-2D R/B,2022-109E,53764,R/B,D,PRC,2022-09-06,XICLF,2023-03-28,89.23,34.97,242,231,,,EA,IMP
EUTELSAT KONNECT VHTS,2022-110A,53765,PAY,+,EUTE,2022-09-07,FRGUI,,1436.09,0.05,35800,35773,,,EA,ORB
ARIANE 5 R/B,2022-110B,53766,R/B,,FR,2022-09-07,FRGUI,,777.79,4.05,43090,186,,,EA,ORB
STARLINK-4718,2022-111A,53773,PAY,+,US,2022-09-11,AFETR,,94.01,53.16,471,470,,,EA,ORB
STARLINK-4719,2022-111B,53774,PAY,+,US,2022-09-11,AFETR,,94.01,53.16,471,470,,,EA,ORB
STARLINK-4722,2022-111C,53775,PAY,+,US,2022-09-11,AFETR,,94.01,53.16,472,470,,,EA,ORB
STARLINK-4708,2022-111D,53776,PAY,D,US,2022-09-11,AFETR,2025-07-25,88.51,53.20,202,200,,,EA,IMP
STARLINK-4664,2022-111E,53777,PAY,+,US,2022-09-11,AFETR,,95.44,53.16,540,539,,,EA,ORB
STARLINK-4709,2022-111F,53778,PAY,+,US,2022-09-11,AFETR,,94.01,53.16,472,470,,,EA,ORB
STARLINK-4706,2022-111G,53779,PAY,+,US,2022-09-11,AFETR,,94.01,53.16,472,470,,,EA,ORB
STARLINK-4678,2022-111H,53780,PAY,+,US,2022-09-11,AFETR,,94.55,53.16,498,496,,,EA,ORB
STARLINK-4462,2022-111J,53781,PAY,+,US,2022-09-11,AFETR,,95.44,53.16,541,539,,,EA,ORB
STARLINK-4679,2022-111K,53782,PAY,D,US,2022-09-11,AFETR,2026-07-01,87.37,53.20,149,139,,,EA,IMP
STARLINK-4536,2022-111L,53783,PAY,+,US,2022-09-11,AFETR,,95.44,53.16,540,539,,,EA,ORB
STARLINK-4687,2022-111M,53784,PAY,+,US,2022-09-11,AFETR,,94.01,53.16,472,470,,,EA,ORB
STARLINK-4638,2022-111N,53785,PAY,D,US,2022-09-11,AFETR,2022-11-16,87.89,53.18,173,167,,,EA,IMP
STARLINK-4631,2022-111P,53786,PAY,D,US,2022-09-11,AFETR,2025-08-23,87.13,53.20,137,128,,,EA,IMP
STARLINK-4743,2022-111Q,53787,PAY,+,US,2022-09-11,AFETR,,94.01,53.16,471,470,,,EA,ORB
STARLINK-4744,2022-111R,53788,PAY,D,US,2022-09-11,AFETR,2022-11-15,87.78,53.18,167,162,,,EA,IMP
STARLINK-4666,2022-111S,53789,PAY,+,US,2022-09-11,AFETR,,94.81,53.16,511,508,,,EA,ORB
STARLINK-4734,2022-111T,53790,PAY,+,US,2022-09-11,AFETR,,93.16,53.16,430,428,,,EA,ORB
STARLINK-4736,2022-111U,53791,PAY,D,US,2022-09-11,AFETR,2022-11-14,87.51,53.18,152,151,,,EA,IMP
STARLINK-4739,2022-111V,53792,PAY,+,US,2022-09-11,AFETR,,94.01,53.16,472,470,,,EA,ORB
STARLINK-4728,2022-111W,53793,PAY,+,US,2022-09-11,AFETR,,94.01,53.16,472,470,,,EA,ORB
STARLINK-4730,2022-111X,53794,PAY,+,US,2022-09-11,AFETR,,94.01,53.16,472,470,,,EA,ORB
STARLINK-4742,2022-111Y,53795,PAY,+,US,2022-09-11,AFETR,,94.01,53.16,472,470,,,EA,ORB
STARLINK-4721,2022-111Z,53796,PAY,D,US,2022-09-11,AFETR,2025-08-31,88.09,53.15,185,176,,,EA,IMP
STARLINK-4723,2022-111AA,53797,PAY,+,US,2022-09-11,AFETR,,94.01,53.16,471,470,,,EA,ORB
STARLINK-4712,2022-111AB,53798,PAY,+,US,2022-09-11,AFETR,,94.01,53.16,472,470,,,EA,ORB
STARLINK-4710,2022-111AC,53799,PAY,+,US,2022-09-11,AFETR,,93.90,53.16,466,464,,,EA,ORB
STARLINK-4720,2022-111AD,53800,PAY,P,US,2022-09-11,AFETR,,91.94,53.20,372,367,,,EA,ORB
STARLINK-4715,2022-111AE,53801,PAY,+,US,2022-09-11,AFETR,,93.79,53.16,460,459,,,EA,ORB
STARLINK-4726,2022-111AF,53802,PAY,+,US,2022-09-11,AFETR,,93.85,53.16,464,462,,,EA,ORB
STARLINK-4727,2022-111AG,53803,PAY,+,US,2022-09-11,AFETR,,93.79,53.16,461,459,,,EA,ORB
STARLINK-4729,2022-111AH,53804,PAY,+,US,2022-09-11,AFETR,,93.79,53.16,461,459,,,EA,ORB
STARLINK-4763,2022-111AJ,53805,PAY,+,US,2022-09-11,AFETR,,94.01,53.16,472,470,,,EA,ORB
STARLINK-4768,2022-111AK,53806,PAY,+,US,2022-09-11,AFETR,,93.79,53.16,461,459,,,EA,ORB
BLUEWALKER-3,2022-111AL,53807,PAY,P,US,2022-09-11,AFETR,,93.57,53.23,454,444,,,EA,ORB
FALCON 9 DEB,2022-111AM,53808,DEB,D,US,2022-09-11,AFETR,2022-10-20,87.68,53.18,164,155,,,EA,IMP
FALCON 9 DEB,2022-111AN,53809,DEB,D,US,2022-09-11,AFETR,2022-11-11,87.23,53.18,139,136,,,EA,IMP
FALCON 9 DEB,2022-111AP,53810,DEB,D,US,2022-09-11,AFETR,2022-11-05,87.95,53.19,176,171,,,EA,IMP
FALCON 9 DEB,2022-111AQ,53811,DEB,D,US,2022-09-11,AFETR,2022-11-08,87.34,53.18,144,141,,,EA,IMP
FALCON 9 DEB,2022-111AR,53812,DEB,D,US,2022-09-11,AFETR,2022-11-16,87.37,53.19,145,143,,,EA,IMP
ZHONGXING-1E,2022-112A,53813,PAY,+,PRC,2022-09-13,WSC,,1436.09,0.04,35793,35780,,,EA,ORB
CZ-7A R/B,2022-112B,53814,R/B,D,PRC,2022-09-13,WSC,2022-10-13,115.22,13.87,2851,80,,,EA,IMP
STRIX-1,2022-113A,53815,PAY,+,JPN,2022-09-15,RLLB,,93.35,97.44,441,436,,,EA,ORB
ELECTRON R/B,2022-113B,53816,R/B,D,US,2022-09-15,RLLB,2022-09-28,87.54,97.62,181,124,,,EA,IMP
ELECTRON KICK STAGE R/B,2022-113C,53817,R/B,D,US,2022-09-15,RLLB,2026-08-08,87.70,97.45,172,149,,,EA,IMP
STARLINK-4749,2022-114A,53818,PAY,D,US,2022-09-19,AFETR,2025-03-08,87.91,53.17,172,170,,,EA,IMP
STARLINK-4738,2022-114B,53819,PAY,+,US,2022-09-19,AFETR,,94.01,53.16,471,470,,,EA,ORB
STARLINK-4758,2022-114C,53820,PAY,+,US,2022-09-19,AFETR,,93.79,53.16,461,459,,,EA,ORB
STARLINK-4752,2022-114D,53821,PAY,D,US,2022-09-19,AFETR,2025-08-18,88.38,53.21,199,190,,,EA,IMP
STARLINK-4713,2022-114E,53822,PAY,D,US,2022-09-19,AFETR,2022-10-07,87.92,53.19,195,149,,,EA,IMP
STARLINK-4748,2022-114F,53823,PAY,+,US,2022-09-19,AFETR,,93.79,53.16,460,459,,,EA,ORB
STARLINK-4757,2022-114G,53824,PAY,+,US,2022-09-19,AFETR,,93.79,53.16,461,459,,,EA,ORB
STARLINK-4751,2022-114H,53825,PAY,+,US,2022-09-19,AFETR,,93.79,53.16,461,459,,,EA,ORB
STARLINK-4756,2022-114J,53826,PAY,+,US,2022-09-19,AFETR,,93.79,53.16,460,459,,,EA,ORB
STARLINK-4764,2022-114K,53827,PAY,+,US,2022-09-19,AFETR,,93.79,53.16,461,459,,,EA,ORB
STARLINK-4760,2022-114L,53828,PAY,+,US,2022-09-19,AFETR,,93.79,53.16,461,459,,,EA,ORB
STARLINK-4759,2022-114M,53829,PAY,+,US,2022-09-19,AFETR,,93.79,53.16,461,459,,,EA,ORB
STARLINK-4761,2022-114N,53830,PAY,+,US,2022-09-19,AFETR,,93.79,53.16,461,459,,,EA,ORB
STARLINK-4649,2022-114P,53831,PAY,+,US,2022-09-19,AFETR,,93.79,53.16,460,459,,,EA,ORB
STARLINK-4747,2022-114Q,53832,PAY,+,US,2022-09-19,AFETR,,93.79,53.16,461,459,,,EA,ORB
STARLINK-4771,2022-114R,53833,PAY,+,US,2022-09-19,AFETR,,95.44,53.16,540,539,,,EA,ORB
STARLINK-4737,2022-114S,53834,PAY,+,US,2022-09-19,AFETR,,93.79,53.16,460,459,,,EA,ORB
STARLINK-4783,2022-114T,53835,PAY,+,US,2022-09-19,AFETR,,95.44,53.16,541,539,,,EA,ORB
STARLINK-4778,2022-114U,53836,PAY,P,US,2022-09-19,AFETR,,94.33,53.21,487,485,,,EA,ORB
STARLINK-4776,2022-114V,53837,PAY,+,US,2022-09-19,AFETR,,95.44,53.16,541,539,,,EA,ORB
STARLINK-4773,2022-114W,53838,PAY,+,US,2022-09-19,AFETR,,95.44,53.16,541,539,,,EA,ORB
STARLINK-4784,2022-114X,53839,PAY,+,US,2022-09-19,AFETR,,95.44,53.16,540,539,,,EA,ORB
STARLINK-4766,2022-114Y,53840,PAY,+,US,2022-09-19,AFETR,,94.01,53.16,471,470,,,EA,ORB
STARLINK-4750,2022-114Z,53841,PAY,+,US,2022-09-19,AFETR,,95.44,53.16,540,539,,,EA,ORB
STARLINK-4754,2022-114AA,53842,PAY,+,US,2022-09-19,AFETR,,95.44,53.16,540,539,,,EA,ORB
STARLINK-4769,2022-114AB,53843,PAY,+,US,2022-09-19,AFETR,,95.44,53.16,541,539,,,EA,ORB
STARLINK-4745,2022-114AC,53844,PAY,+,US,2022-09-19,AFETR,,95.49,53.16,543,542,,,EA,ORB
STARLINK-4753,2022-114AD,53845,PAY,+,US,2022-09-19,AFETR,,95.44,53.16,541,539,,,EA,ORB
STARLINK-4746,2022-114AE,53846,PAY,+,US,2022-09-19,AFETR,,95.44,53.16,541,539,,,EA,ORB
STARLINK-4777,2022-114AF,53847,PAY,+,US,2022-09-19,AFETR,,95.44,53.16,540,539,,,EA,ORB
STARLINK-4780,2022-114AG,53848,PAY,+,US,2022-09-19,AFETR,,95.44,53.16,541,539,,,EA,ORB
STARLINK-4770,2022-114AH,53849,PAY,+,US,2022-09-19,AFETR,,94.01,53.16,472,470,,,EA,ORB
STARLINK-4767,2022-114AJ,53850,PAY,+,US,2022-09-19,AFETR,,95.44,53.16,541,539,,,EA,ORB
STARLINK-4755,2022-114AK,53851,PAY,+,US,2022-09-19,AFETR,,95.44,53.16,540,539,,,EA,ORB
STARLINK-4797,2022-114AL,53852,PAY,+,US,2022-09-19,AFETR,,94.01,53.16,472,470,,,EA,ORB
STARLINK-4794,2022-114AM,53853,PAY,+,US,2022-09-19,AFETR,,95.44,53.16,541,539,,,EA,ORB
STARLINK-4800,2022-114AN,53854,PAY,+,US,2022-09-19,AFETR,,94.01,53.16,471,470,,,EA,ORB
STARLINK-4703,2022-114AP,53855,PAY,+,US,2022-09-19,AFETR,,94.01,53.16,472,470,,,EA,ORB
STARLINK-4795,2022-114AQ,53856,PAY,P,US,2022-09-19,AFETR,,93.30,53.22,437,435,,,EA,ORB
STARLINK-4809,2022-114AR,53857,PAY,+,US,2022-09-19,AFETR,,94.01,53.16,472,470,,,EA,ORB
STARLINK-4798,2022-114AS,53858,PAY,D,US,2022-09-19,AFETR,2026-07-11,87.64,53.20,165,151,,,EA,IMP
STARLINK-4790,2022-114AT,53859,PAY,+,US,2022-09-19,AFETR,,94.01,53.16,472,470,,,EA,ORB
STARLINK-4799,2022-114AU,53860,PAY,+,US,2022-09-19,AFETR,,94.01,53.16,471,470,,,EA,ORB
STARLINK-4781,2022-114AV,53861,PAY,+,US,2022-09-19,AFETR,,94.01,53.16,472,470,,,EA,ORB
STARLINK-4792,2022-114AW,53862,PAY,D,US,2022-09-19,AFETR,2024-12-29,87.60,53.19,158,153,,,EA,IMP
STARLINK-4788,2022-114AX,53863,PAY,+,US,2022-09-19,AFETR,,94.01,53.16,471,470,,,EA,ORB
STARLINK-4779,2022-114AY,53864,PAY,+,US,2022-09-19,AFETR,,94.01,53.16,472,470,,,EA,ORB
STARLINK-4785,2022-114AZ,53865,PAY,D,US,2022-09-19,AFETR,2024-12-30,88.29,53.20,192,188,,,EA,IMP
STARLINK-4762,2022-114BA,53866,PAY,+,US,2022-09-19,AFETR,,93.85,53.16,464,462,,,EA,ORB
STARLINK-4793,2022-114BB,53867,PAY,+,US,2022-09-19,AFETR,,94.33,53.20,487,485,,,EA,ORB
STARLINK-4789,2022-114BC,53868,PAY,+,US,2022-09-19,AFETR,,93.79,53.16,461,459,,,EA,ORB
STARLINK-4810,2022-114BD,53869,PAY,+,US,2022-09-19,AFETR,,94.01,53.16,472,470,,,EA,ORB
STARLINK-4732,2022-114BE,53870,PAY,+,US,2022-09-19,AFETR,,93.85,53.16,463,462,,,EA,ORB
STARLINK-4740,2022-114BF,53871,PAY,+,US,2022-09-19,AFETR,,93.82,53.16,462,460,,,EA,ORB
FALCON 9 DEB,2022-114BG,53872,DEB,D,US,2022-09-19,AFETR,2022-10-05,87.85,53.21,178,158,,,EA,IMP
FALCON 9 DEB,2022-114BH,53873,DEB,D,US,2022-09-19,AFETR,2022-10-08,88.10,53.20,192,168,,,EA,IMP
FALCON 9 DEB,2022-114BJ,53874,DEB,D,US,2022-09-19,AFETR,2022-10-05,87.98,53.21,185,164,,,EA,IMP
FALCON 9 DEB,2022-114BK,53875,DEB,D,US,2022-09-19,AFETR,2022-10-05,87.66,53.21,165,152,,,EA,IMP
CHUANGXIN 16B (CX-16B),2022-102B,53876,PAY,+,PRC,2022-08-23,XICLF,,92.86,28.99,416,413,,,EA,ORB
YUNHAI-1 03,2022-115A,53877,PAY,+,PRC,2022-09-20,JSC,,100.52,98.56,786,780,,,EA,ORB
CZ-2D R/B,2022-115B,53878,R/B,,PRC,2022-09-20,JSC,,97.83,98.41,736,574,,,EA,ORB
SOYUZ-MS 22,2022-116A,53879,PAY,D,CIS,2022-09-21,TYMSC,2023-03-28,92.93,51.64,422,414,,,EA,LAN
SL-4 R/B,2022-116B,53880,R/B,D,CIS,2022-09-21,TYMSC,2022-09-24,87.25,51.64,140,136,,,EA,IMP
USA 338,2022-117A,53883,PAY,+,US,2022-09-24,AFWTR,,,,,,,NEA,EA,ORB
SHIYAN-14 (SY-14),2022-118A,53884,PAY,D,PRC,2022-09-24,TAISC,2025-04-21,87.60,97.39,162,149,,,EA,IMP
SHIYAN-15 (SY-15),2022-118B,53885,PAY,D,PRC,2022-09-24,TAISC,2024-11-26,87.55,97.44,154,152,,,EA,IMP
STARLINK-5028,2022-119A,53886,PAY,+,US,2022-09-24,AFETR,,94.57,53.16,499,496,,,EA,ORB
STARLINK-5029,2022-119B,53887,PAY,+,US,2022-09-24,AFETR,,94.02,53.16,472,470,,,EA,ORB
STARLINK-5034,2022-119C,53888,PAY,D,US,2022-09-24,AFETR,2026-07-01,87.53,53.20,158,146,,,EA,IMP
STARLINK-5031,2022-119D,53889,PAY,+,US,2022-09-24,AFETR,,94.12,53.16,477,475,,,EA,ORB
STARLINK-5050,2022-119E,53890,PAY,+,US,2022-09-24,AFETR,,94.01,53.16,472,470,,,EA,ORB
STARLINK-5041,2022-119F,53891,PAY,P,US,2022-09-24,AFETR,,91.50,53.22,349,347,,,EA,ORB
STARLINK-5046,2022-119G,53892,PAY,+,US,2022-09-24,AFETR,,94.84,53.16,511,511,,,EA,ORB
STARLINK-5052,2022-119H,53893,PAY,+,US,2022-09-24,AFETR,,94.88,53.16,514,511,,,EA,ORB
STARLINK-5043,2022-119J,53894,PAY,P,US,2022-09-24,AFETR,,94.01,53.16,472,470,,,EA,ORB
STARLINK-5032,2022-119K,53895,PAY,D,US,2022-09-24,AFETR,2026-07-11,87.34,53.20,148,137,,,EA,IMP
STARLINK-5037,2022-119L,53896,PAY,+,US,2022-09-24,AFETR,,95.02,53.16,520,519,,,EA,ORB
STARLINK-5035,2022-119M,53897,PAY,P,US,2022-09-24,AFETR,,92.47,53.21,396,395,,,EA,ORB
STARLINK-5044,2022-119N,53898,PAY,+,US,2022-09-24,AFETR,,94.64,53.16,503,500,,,EA,ORB
STARLINK-5042,2022-119P,53899,PAY,D,US,2022-09-24,AFETR,2026-07-07,87.66,53.20,167,151,,,EA,IMP
STARLINK-5045,2022-119Q,53900,PAY,+,US,2022-09-24,AFETR,,94.80,53.16,510,508,,,EA,ORB
STARLINK-5024,2022-119R,53901,PAY,D,US,2022-09-24,AFETR,2026-04-14,87.24,53.18,143,133,,,EA,IMP
STARLINK-5021,2022-119S,53902,PAY,+,US,2022-09-24,AFETR,,94.16,53.16,479,477,,,EA,ORB
STARLINK-5022,2022-119T,53903,PAY,+,US,2022-09-24,AFETR,,94.01,53.16,471,470,,,EA,ORB
STARLINK-4787,2022-119U,53904,PAY,+,US,2022-09-24,AFETR,,93.85,53.16,464,462,,,EA,ORB
STARLINK-5003,2022-119V,53905,PAY,+,US,2022-09-24,AFETR,,95.44,53.16,541,539,,,EA,ORB
STARLINK-5054,2022-119W,53906,PAY,+,US,2022-09-24,AFETR,,95.44,53.16,541,539,,,EA,ORB
STARLINK-5063,2022-119X,53907,PAY,D,US,2022-09-24,AFETR,2025-02-26,87.46,53.19,152,146,,,EA,IMP
STARLINK-5057,2022-119Y,53908,PAY,+,US,2022-09-24,AFETR,,94.01,53.16,472,470,,,EA,ORB
STARLINK-4796,2022-119Z,53909,PAY,+,US,2022-09-24,AFETR,,95.30,53.16,533,533,,,EA,ORB
STARLINK-5056,2022-119AA,53910,PAY,D,US,2022-09-24,AFETR,2025-12-31,89.68,53.20,335,183,,,EA,IMP
STARLINK-5048,2022-119AB,53911,PAY,+,US,2022-09-24,AFETR,,95.44,53.16,541,539,,,EA,ORB
STARLINK-5059,2022-119AC,53912,PAY,+,US,2022-09-24,AFETR,,95.44,53.16,540,539,,,EA,ORB
STARLINK-5053,2022-119AD,53913,PAY,+,US,2022-09-24,AFETR,,95.44,53.16,540,539,,,EA,ORB
STARLINK-5040,2022-119AE,53914,PAY,+,US,2022-09-24,AFETR,,95.44,53.16,541,539,,,EA,ORB
STARLINK-5017,2022-119AF,53915,PAY,D,US,2022-09-24,AFETR,2026-06-15,87.69,53.20,166,154,,,EA,IMP
STARLINK-5051,2022-119AG,53916,PAY,+,US,2022-09-24,AFETR,,94.01,53.16,471,470,,,EA,ORB
STARLINK-5036,2022-119AH,53917,PAY,P,US,2022-09-24,AFETR,,94.33,53.18,487,485,,,EA,ORB
STARLINK-5012,2022-119AJ,53918,PAY,+,US,2022-09-24,AFETR,,95.44,53.16,540,539,,,EA,ORB
STARLINK-5023,2022-119AK,53919,PAY,+,US,2022-09-24,AFETR,,94.01,53.16,472,470,,,EA,ORB
STARLINK-5025,2022-119AL,53920,PAY,+,US,2022-09-24,AFETR,,94.01,53.16,471,470,,,EA,ORB
STARLINK-5005,2022-119AM,53921,PAY,D,US,2022-09-24,AFETR,2022-10-25,87.75,53.22,167,159,,,EA,IMP
STARLINK-5002,2022-119AN,53922,PAY,+,US,2022-09-24,AFETR,,95.44,53.16,541,539,,,EA,ORB
STARLINK-5004,2022-119AP,53923,PAY,+,US,2022-09-24,AFETR,,95.44,53.16,541,539,,,EA,ORB
STARLINK-5001,2022-119AQ,53924,PAY,P,US,2022-09-24,AFETR,,94.33,53.17,487,485,,,EA,ORB
STARLINK-5011,2022-119AR,53925,PAY,+,US,2022-09-24,AFETR,,95.44,53.16,540,539,,,EA,ORB
STARLINK-5014,2022-119AS,53926,PAY,P,US,2022-09-24,AFETR,,94.33,53.17,487,485,,,EA,ORB
STARLINK-5008,2022-119AT,53927,PAY,D,US,2022-09-24,AFETR,2025-11-17,87.40,53.17,148,143,,,EA,IMP
STARLINK-5009,2022-119AU,53928,PAY,+,US,2022-09-24,AFETR,,95.44,53.16,540,539,,,EA,ORB
STARLINK-5018,2022-119AV,53929,PAY,+,US,2022-09-24,AFETR,,94.01,53.16,471,470,,,EA,ORB
STARLINK-5010,2022-119AW,53930,PAY,P,US,2022-09-24,AFETR,,93.62,53.22,452,451,,,EA,ORB
STARLINK-5015,2022-119AX,53931,PAY,D,US,2022-09-24,AFETR,2025-11-27,87.63,53.19,158,157,,,EA,IMP
STARLINK-4772,2022-119AY,53932,PAY,+,US,2022-09-24,AFETR,,95.44,53.16,540,539,,,EA,ORB
STARLINK-4782,2022-119AZ,53933,PAY,+,US,2022-09-24,AFETR,,95.44,53.16,541,539,,,EA,ORB
STARLINK-4775,2022-119BA,53934,PAY,+,US,2022-09-24,AFETR,,95.44,53.16,540,539,,,EA,ORB
STARLINK-5000,2022-119BB,53935,PAY,D,US,2022-09-24,AFETR,2026-07-11,87.46,53.20,155,142,,,EA,IMP
STARLINK-4791,2022-119BC,53936,PAY,+,US,2022-09-24,AFETR,,94.01,53.16,471,470,,,EA,ORB
STARLINK-4765,2022-119BD,53937,PAY,D,US,2022-09-24,AFETR,2025-01-13,87.15,53.20,138,128,,,EA,IMP
FALCON 9 DEB,2022-119BE,53938,DEB,D,US,2022-09-24,AFETR,2022-10-08,89.12,53.23,261,201,,,EA,IMP
FALCON 9 DEB,2022-119BF,53939,DEB,D,US,2022-09-24,AFETR,2022-10-08,88.85,53.22,241,194,,,EA,IMP
FALCON 9 DEB,2022-119BG,53940,DEB,D,US,2022-09-24,AFETR,2022-10-12,87.42,53.23,155,138,,,EA,IMP
FALCON 9 DEB,2022-119BH,53941,DEB,D,US,2022-09-24,AFETR,2022-10-12,87.40,53.23,150,141,,,EA,IMP
KZ-1A R/B,2022-118C,53942,R/B,D,PRC,2022-09-24,TAISC,2023-11-06,86.88,97.45,129,111,,,EA,IMP
YAOGAN-36 01A,2022-120A,53943,PAY,+,PRC,2022-09-26,XICLF,,94.45,34.99,496,488,,,EA,ORB
CZ-2D DEB,2022-120B,53944,DEB,D,PRC,2022-09-26,XICLF,2023-09-12,88.34,34.98,198,186,,,EA,IMP
CZ-2D R/B,2022-120C,53945,R/B,D,PRC,2022-09-26,XICLF,2023-05-13,88.97,34.98,228,219,,,EA,IMP
YAOGAN-36 01B,2022-120D,53946,PAY,D,PRC,2022-09-26,XICLF,2024-06-29,88.16,34.97,189,178,,,EA,IMP
YAOGAN-36 01C,2022-120E,53947,PAY,+,PRC,2022-09-26,XICLF,,93.52,35.00,448,445,,,EA,ORB
SHIYAN-16A,2022-121A,53948,PAY,D,PRC,2022-09-26,TAISC,2025-03-08,87.37,97.32,150,138,,,EA,IMP
SHIYAN-16B,2022-121B,53949,PAY,D,PRC,2022-09-26,TAISC,2024-10-22,87.61,97.34,161,151,,,EA,IMP
OBJECT C,2022-121C,53950,PAY,D,PRC,2022-09-26,TAISC,2025-07-31,87.79,97.28,169,161,,,EA,IMP
SELFIESAT,2022-057BC,53951,PAY,D,NOR,2022-05-25,AFETR,2024-09-06,87.93,97.54,181,163,,,EA,IMP
TIS SERENITY,2022-122A,53955,PAY,D,US,2022-10-01,AFWTR,2022-10-12,87.84,136.89,175,160,,,EA,IMP
OBJECT B,2022-122B,53956,UNK,D,TBD,2022-10-01,AFWTR,2022-10-05,88.01,136.88,186,166,,,EA,IMP
OBJECT C,2022-122C,53957,UNK,D,US,2022-10-01,AFWTR,2022-10-05,87.80,136.87,173,158,,,EA,IMP
OBJECT D,2022-122D,53958,UNK,D,TBD,2022-10-01,AFWTR,2022-10-05,88.40,136.81,214,177,,,EA,IMP
FIREFLY ALPHA R/B,2022-122E,53959,R/B,D,US,2022-10-01,AFWTR,2022-10-07,88.11,136.88,192,170,,,EA,IMP
SES-20,2022-123A,53960,PAY,+,SES,2022-10-04,AFETR,,1436.11,0.01,35796,35778,,,EA,ORB
SES-21,2022-123B,53961,PAY,+,SES,2022-10-04,AFETR,,1436.07,0.02,35791,35781,,,EA,ORB
ATLAS 5 CENTAUR R/B,2022-123C,53962,R/B,,US,2022-10-04,AFETR,,1338.41,4.53,35087,32617,,,EA,ORB
CREW DRAGON 5,2022-124A,53963,PAY,D,US,2022-10-05,AFETR,2023-03-12,91.65,51.64,410,301,,,EA,LAN
STARLINK-4633,2022-125A,53964,PAY,+,US,2022-10-05,AFWTR,,93.79,53.16,460,459,,,EA,ORB
STARLINK-4578,2022-125B,53965,PAY,D,US,2022-10-05,AFWTR,2026-04-16,87.60,53.21,161,150,,,EA,IMP
STARLINK-4635,2022-125C,53966,PAY,+,US,2022-10-05,AFWTR,,93.79,53.16,461,459,,,EA,ORB
STARLINK-4634,2022-125D,53967,PAY,+,US,2022-10-05,AFWTR,,93.79,53.16,461,459,,,EA,ORB
STARLINK-4629,2022-125E,53968,PAY,+,US,2022-10-05,AFWTR,,93.85,53.16,463,462,,,EA,ORB
STARLINK-4468,2022-125F,53969,PAY,+,US,2022-10-05,AFWTR,,93.90,53.16,466,464,,,EA,ORB
STARLINK-4567,2022-125G,53970,PAY,+,US,2022-10-05,AFWTR,,93.79,53.16,461,459,,,EA,ORB
STARLINK-4639,2022-125H,53971,PAY,D,US,2022-10-05,AFWTR,2026-02-12,87.85,53.19,171,165,,,EA,IMP
STARLINK-5157,2022-125J,53972,PAY,D,US,2022-10-05,AFWTR,2024-05-23,88.11,53.20,185,178,,,EA,IMP
STARLINK-5156,2022-125K,53973,PAY,+,US,2022-10-05,AFWTR,,94.01,53.16,471,470,,,EA,ORB
STARLINK-5159,2022-125L,53974,PAY,+,US,2022-10-05,AFWTR,,93.85,53.16,464,462,,,EA,ORB
STARLINK-5137,2022-125M,53975,PAY,+,US,2022-10-05,AFWTR,,95.44,53.16,541,539,,,EA,ORB
STARLINK-5134,2022-125N,53976,PAY,+,US,2022-10-05,AFWTR,,94.16,53.16,479,477,,,EA,ORB
STARLINK-5094,2022-125P,53977,PAY,+,US,2022-10-05,AFWTR,,93.79,53.16,461,459,,,EA,ORB
STARLINK-5148,2022-125Q,53978,PAY,+,US,2022-10-05,AFWTR,,95.44,53.16,541,539,,,EA,ORB
STARLINK-5123,2022-125R,53979,PAY,+,US,2022-10-05,AFWTR,,94.16,53.16,479,477,,,EA,ORB
STARLINK-5133,2022-125S,53980,PAY,+,US,2022-10-05,AFWTR,,95.44,53.16,541,539,,,EA,ORB
STARLINK-5149,2022-125T,53981,PAY,+,US,2022-10-05,AFWTR,,94.01,53.16,472,470,,,EA,ORB
STARLINK-5120,2022-125U,53982,PAY,+,US,2022-10-05,AFWTR,,95.44,53.16,541,539,,,EA,ORB
STARLINK-5103,2022-125V,53983,PAY,D,US,2022-10-05,AFWTR,2026-02-02,87.59,53.20,159,152,,,EA,IMP
STARLINK-5142,2022-125W,53984,PAY,+,US,2022-10-05,AFWTR,,95.44,53.16,541,539,,,EA,ORB
STARLINK-5147,2022-125X,53985,PAY,+,US,2022-10-05,AFWTR,,95.44,53.16,541,539,,,EA,ORB
STARLINK-5119,2022-125Y,53986,PAY,+,US,2022-10-05,AFWTR,,94.16,53.16,479,477,,,EA,ORB
STARLINK-5112,2022-125Z,53987,PAY,D,US,2022-10-05,AFWTR,2025-02-26,87.56,53.21,154,153,,,EA,IMP
STARLINK-5113,2022-125AA,53988,PAY,+,US,2022-10-05,AFWTR,,93.79,53.16,461,459,,,EA,ORB
STARLINK-5115,2022-125AB,53989,PAY,D,US,2022-10-05,AFWTR,2024-12-28,87.65,53.19,160,157,,,EA,IMP
STARLINK-5075,2022-125AC,53990,PAY,D,US,2022-10-05,AFWTR,2024-08-22,92.81,53.22,413,411,,,EA,IMP
STARLINK-5118,2022-125AD,53991,PAY,+,US,2022-10-05,AFWTR,,93.79,53.16,461,459,,,EA,ORB
STARLINK-5108,2022-125AE,53992,PAY,+,US,2022-10-05,AFWTR,,93.90,53.16,466,464,,,EA,ORB
STARLINK-5121,2022-125AF,53993,PAY,+,US,2022-10-05,AFWTR,,95.44,53.16,541,539,,,EA,ORB
STARLINK-5125,2022-125AG,53994,PAY,+,US,2022-10-05,AFWTR,,95.44,53.16,541,539,,,EA,ORB
STARLINK-5097,2022-125AH,53995,PAY,+,US,2022-10-05,AFWTR,,93.87,53.16,465,463,,,EA,ORB
STARLINK-5131,2022-125AJ,53996,PAY,+,US,2022-10-05,AFWTR,,95.44,53.16,541,538,,,EA,ORB
STARLINK-5130,2022-125AK,53997,PAY,+,US,2022-10-05,AFWTR,,93.85,53.16,464,462,,,EA,ORB
STARLINK-5128,2022-125AL,53998,PAY,+,US,2022-10-05,AFWTR,,95.44,53.16,541,539,,,EA,ORB
STARLINK-5079,2022-125AM,53999,PAY,+,US,2022-10-05,AFWTR,,93.90,53.17,466,464,,,EA,ORB
STARLINK-5088,2022-125AN,54000,PAY,+,US,2022-10-05,AFWTR,,93.90,53.16,466,464,,,EA,ORB
STARLINK-5105,2022-125AP,54001,PAY,D,US,2022-10-05,AFWTR,2024-05-15,87.76,53.21,166,161,,,EA,IMP
STARLINK-5109,2022-125AQ,54002,PAY,+,US,2022-10-05,AFWTR,,94.02,53.16,472,470,,,EA,ORB
STARLINK-5114,2022-125AR,54003,PAY,+,US,2022-10-05,AFWTR,,95.44,53.16,541,539,,,EA,ORB
STARLINK-5129,2022-125AS,54004,PAY,+,US,2022-10-05,AFWTR,,95.44,53.16,541,539,,,EA,ORB
STARLINK-5135,2022-125AT,54005,PAY,+,US,2022-10-05,AFWTR,,95.44,53.16,541,539,,,EA,ORB
STARLINK-5096,2022-125AU,54006,PAY,+,US,2022-10-05,AFWTR,,94.09,53.16,475,474,,,EA,ORB
STARLINK-5132,2022-125AV,54007,PAY,+,US,2022-10-05,AFWTR,,95.44,53.16,541,539,,,EA,ORB
STARLINK-5145,2022-125AW,54008,PAY,+,US,2022-10-05,AFWTR,,93.91,53.16,467,465,,,EA,ORB
STARLINK-5099,2022-125AX,54009,PAY,+,US,2022-10-05,AFWTR,,94.04,53.16,473,471,,,EA,ORB
STARLINK-5127,2022-125AY,54010,PAY,+,US,2022-10-05,AFWTR,,93.85,53.16,464,462,,,EA,ORB
STARLINK-5124,2022-125AZ,54011,PAY,+,US,2022-10-05,AFWTR,,94.10,53.16,476,474,,,EA,ORB
STARLINK-5126,2022-125BA,54012,PAY,+,US,2022-10-05,AFWTR,,94.01,53.16,471,470,,,EA,ORB
STARLINK-5098,2022-125BB,54013,PAY,+,US,2022-10-05,AFWTR,,94.11,53.16,476,474,,,EA,ORB
STARLINK-5116,2022-125BC,54014,PAY,D,US,2022-10-05,AFWTR,2024-05-24,88.05,53.19,181,175,,,EA,IMP
STARLINK-5055,2022-125BD,54015,PAY,+,US,2022-10-05,AFWTR,,91.28,53.21,339,337,,,EA,ORB
FALCON 9 DEB,2022-125BE,54016,DEB,D,US,2022-10-05,AFWTR,2022-11-16,87.45,53.22,150,147,,,EA,IMP
FALCON 9 DEB,2022-125BF,54017,DEB,D,US,2022-10-05,AFWTR,2022-11-11,87.39,53.21,147,144,,,EA,IMP
FALCON 9 DEB,2022-125BG,54018,DEB,D,US,2022-10-05,AFWTR,2022-11-09,87.78,53.21,165,164,,,EA,IMP
FALCON 9 DEB,2022-125BH,54019,DEB,D,US,2022-10-05,AFWTR,2022-11-09,87.33,53.20,144,141,,,EA,IMP
CENTISPACE-1 S5,2022-126A,54020,PAY,+,PRC,2022-10-07,SEAL,,98.42,55.00,691,675,,,EA,ORB
CENTISPACE-1 S6,2022-126B,54021,PAY,+,PRC,2022-10-07,SEAL,,98.47,55.00,695,676,,,EA,ORB
CZ-11H R/B,2022-126C,54022,R/B,D,PRC,2022-10-07,AFETR,2024-04-21,87.26,56.11,143,134,,,EA,IMP
OTB-3-GAZELLE,2022-127A,54023,PAY,+,US,2022-10-07,RLLB,,99.81,98.40,759,740,,,EA,ORB
ELECTRON KICK STAGE R/B,2022-127B,54024,R/B,,US,2022-10-07,RLLB,,96.81,98.18,683,529,,,EA,ORB
ELECTRON R/B,2022-127C,54025,R/B,D,US,2022-10-07,RLLB,2023-02-27,87.16,98.28,143,125,,,EA,IMP
GALAXY 33 (G-33),2022-128A,54026,PAY,+,ITSO,2022-10-08,AFETR,,1436.08,0.01,35795,35778,,,EA,ORB
GALAXY 34 (G-34),2022-128B,54027,PAY,+,ITSO,2022-10-08,AFETR,,1436.10,0.01,35794,35779,,,EA,ORB
FALCON 9 R/B,2022-128C,54028,R/B,,US,2022-10-08,AFETR,,318.84,26.68,17930,234,,,EA,ORB
ASO-S,2022-129A,54029,PAY,+,PRC,2022-10-08,JSC,,99.17,98.28,728,710,,,EA,ORB
CZ-2D R/B,2022-129B,54030,R/B,,PRC,2022-10-08,JSC,,98.84,98.22,717,690,,,EA,ORB
COSMOS 2559 [GLONASS-K],2022-130A,54031,PAY,+,CIS,2022-10-10,PLMSC,,675.73,64.23,19164,19096,,,EA,ORB
FREGAT R/B,2022-130B,54032,R/B,,CIS,2022-10-10,PLMSC,,682.31,64.24,19367,19224,,,EA,ORB
ANGOSAT 2,2022-131A,54033,PAY,+,ANG,2022-10-12,TYMSC,,1436.10,0.01,35787,35786,,,EA,ORB
BLOCK DM-SL R/B,2022-131B,54034,R/B,,CIS,2022-10-12,TYMSC,,1473.18,3.55,36840,36178,,,EA,ORB
HJ-2E,2022-132A,54035,PAY,+,PRC,2022-10-12,TAISC,,94.54,97.38,511,482,,,EA,ORB
CZ-2C DEB,2022-132B,54036,DEB,D,PRC,2022-10-12,TAISC,2023-01-11,87.88,97.31,173,166,,,EA,IMP
CZ-2C DEB,2022-132C,54037,DEB,D,PRC,2022-10-12,TAISC,2024-04-14,87.98,97.59,182,167,,,EA,IMP
CZ-2C DEB,2022-132D,54038,DEB,D,PRC,2022-10-12,TAISC,2023-04-16,88.41,97.53,206,186,,,EA,IMP
CZ-2C R/B,2022-132E,54039,R/B,,PRC,2022-10-12,TAISC,,91.14,97.29,338,322,,,EA,ORB
CZ-2C DEB,2022-132F,54040,DEB,D,PRC,2022-10-12,TAISC,2023-06-02,88.15,97.14,190,176,,,EA,IMP
CZ-2C DEB,2022-132G,54041,DEB,D,PRC,2022-10-12,TAISC,2024-01-01,88.25,97.16,195,180,,,EA,IMP
YAOGAN-36 02A,2022-133A,54042,PAY,+,PRC,2022-10-14,XICLF,,94.54,35.01,513,479,,,EA,ORB
YAOGAN-36 02B,2022-133B,54043,PAY,+,PRC,2022-10-14,XICLF,,93.89,35.00,468,461,,,EA,ORB
CZ-2D R/B,2022-133C,54044,R/B,D,PRC,2022-10-14,XICLF,2023-08-16,87.59,34.97,160,150,,,EA,IMP
YAOGAN-36 02C,2022-133D,54045,PAY,+,PRC,2022-10-14,XICLF,,92.67,34.99,411,400,,,EA,ORB
CZ-2D DEB,2022-133E,54046,DEB,D,PRC,2022-10-14,XICLF,2023-08-26,88.52,34.99,210,193,,,EA,IMP
CREW DRAGON 4 DEB [TRUNK],2022-042B,54047,DEB,D,US,2022-04-27,AFETR,2023-04-05,87.91,51.30,178,165,,,EA,IMP
EUTELSAT HOTBIRD 13F,2022-134A,54048,PAY,+,EUTE,2022-10-15,AFETR,,1436.08,0.05,35795,35778,,,EA,ORB
FALCON 9 R/B,2022-134B,54049,R/B,,US,2022-10-15,AFETR,,1061.52,27.67,55698,486,,,EA,ORB
COSMOS 2560,2022-135A,54050,PAY,D,CIS,2022-10-15,PLMSC,2022-12-10,87.29,96.27,150,130,,,EA,IMP
STARLINK-5195,2022-136A,54051,PAY,+,US,2022-10-20,AFETR,,95.49,53.16,543,541,,,EA,ORB
STARLINK-5189,2022-136B,54052,PAY,+,US,2022-10-20,AFETR,,95.44,53.16,541,539,,,EA,ORB
STARLINK-5176,2022-136C,54053,PAY,+,US,2022-10-20,AFETR,,94.01,53.16,472,470,,,EA,ORB
STARLINK-5163,2022-136D,54054,PAY,+,US,2022-10-20,AFETR,,94.01,53.16,471,470,,,EA,ORB
STARLINK-5158,2022-136E,54055,PAY,+,US,2022-10-20,AFETR,,93.90,53.16,466,465,,,EA,ORB
STARLINK-5226,2022-136F,54056,PAY,+,US,2022-10-20,AFETR,,93.79,53.16,460,459,,,EA,ORB
STARLINK-5216,2022-136G,54057,PAY,D,US,2022-10-20,AFETR,2023-04-06,87.67,53.19,162,156,,,EA,IMP
STARLINK-5167,2022-136H,54058,PAY,+,US,2022-10-20,AFETR,,93.79,53.16,460,459,,,EA,ORB
STARLINK-5173,2022-136J,54059,PAY,+,US,2022-10-20,AFETR,,93.79,53.16,460,459,,,EA,ORB
STARLINK-5169,2022-136K,54060,PAY,+,US,2022-10-20,AFETR,,95.44,53.16,541,539,,,EA,ORB
STARLINK-5209,2022-136L,54061,PAY,+,US,2022-10-20,AFETR,,93.79,53.16,461,459,,,EA,ORB
STARLINK-5170,2022-136M,54062,PAY,+,US,2022-10-20,AFETR,,93.79,53.16,460,459,,,EA,ORB
STARLINK-5225,2022-136N,54063,PAY,D,US,2022-10-20,AFETR,2026-02-08,87.36,53.20,147,139,,,EA,IMP
STARLINK-5172,2022-136P,54064,PAY,+,US,2022-10-20,AFETR,,94.01,53.16,472,470,,,EA,ORB
STARLINK-5187,2022-136Q,54065,PAY,+,US,2022-10-20,AFETR,,93.79,53.16,460,459,,,EA,ORB
STARLINK-5151,2022-136R,54066,PAY,+,US,2022-10-20,AFETR,,95.49,53.16,543,541,,,EA,ORB
STARLINK-5174,2022-136S,54067,PAY,+,US,2022-10-20,AFETR,,93.79,53.16,461,459,,,EA,ORB
STARLINK-5222,2022-136T,54068,PAY,+,US,2022-10-20,AFETR,,93.79,53.16,461,459,,,EA,ORB
STARLINK-5223,2022-136U,54069,PAY,D,US,2022-10-20,AFETR,2024-08-28,88.34,53.20,193,191,,,EA,IMP
STARLINK-5181,2022-136V,54070,PAY,+,US,2022-10-20,AFETR,,93.79,53.16,460,459,,,EA,ORB
STARLINK-5168,2022-136W,54071,PAY,+,US,2022-10-20,AFETR,,93.79,53.16,460,459,,,EA,ORB
STARLINK-5144,2022-136X,54072,PAY,D,US,2022-10-20,AFETR,2025-01-09,87.36,53.19,146,141,,,EA,IMP
STARLINK-5146,2022-136Y,54073,PAY,+,US,2022-10-20,AFETR,,94.64,53.16,502,500,,,EA,ORB
STARLINK-5192,2022-136Z,54074,PAY,+,US,2022-10-20,AFETR,,93.82,53.16,462,461,,,EA,ORB
STARLINK-5212,2022-136AA,54075,PAY,+,US,2022-10-20,AFETR,,94.01,53.16,472,470,,,EA,ORB
STARLINK-5201,2022-136AB,54076,PAY,+,US,2022-10-20,AFETR,,93.79,53.16,460,459,,,EA,ORB
STARLINK-5171,2022-136AC,54077,PAY,+,US,2022-10-20,AFETR,,95.44,53.16,541,539,,,EA,ORB
STARLINK-5138,2022-136AD,54078,PAY,D,US,2022-10-20,AFETR,2025-11-23,87.61,53.20,157,156,,,EA,IMP
STARLINK-5175,2022-136AE,54079,PAY,+,US,2022-10-20,AFETR,,95.44,53.16,540,539,,,EA,ORB
STARLINK-5160,2022-136AF,54080,PAY,D,US,2022-10-20,AFETR,2026-06-19,87.40,53.20,148,144,,,EA,IMP
STARLINK-5165,2022-136AG,54081,PAY,D,US,2022-10-20,AFETR,2025-10-14,87.48,53.19,153,146,,,EA,IMP
STARLINK-5210,2022-136AH,54082,PAY,+,US,2022-10-20,AFETR,,95.44,53.16,541,539,,,EA,ORB
STARLINK-5178,2022-136AJ,54083,PAY,+,US,2022-10-20,AFETR,,95.44,53.16,540,539,,,EA,ORB
STARLINK-5183,2022-136AK,54084,PAY,+,US,2022-10-20,AFETR,,95.44,53.16,541,539,,,EA,ORB
STARLINK-5166,2022-136AL,54085,PAY,+,US,2022-10-20,AFETR,,95.44,53.16,541,539,,,EA,ORB
STARLINK-5211,2022-136AM,54086,PAY,+,US,2022-10-20,AFETR,,93.79,53.16,461,459,,,EA,ORB
STARLINK-5184,2022-136AN,54087,PAY,+,US,2022-10-20,AFETR,,95.44,53.16,541,539,,,EA,ORB
STARLINK-5153,2022-136AP,54088,PAY,+,US,2022-10-20,AFETR,,95.44,53.16,541,539,,,EA,ORB
STARLINK-5143,2022-136AQ,54089,PAY,+,US,2022-10-20,AFETR,,95.44,53.16,540,539,,,EA,ORB
STARLINK-5177,2022-136AR,54090,PAY,+,US,2022-10-20,AFETR,,95.44,53.16,540,539,,,EA,ORB
STARLINK-5221,2022-136AS,54091,PAY,+,US,2022-10-20,AFETR,,95.44,53.16,540,539,,,EA,ORB
STARLINK-5190,2022-136AT,54092,PAY,P,US,2022-10-20,AFETR,,88.13,53.15,189,175,,,EA,ORB
STARLINK-5213,2022-136AU,54093,PAY,+,US,2022-10-20,AFETR,,95.44,53.16,541,539,,,EA,ORB
STARLINK-5219,2022-136AV,54094,PAY,D,US,2022-10-20,AFETR,2026-01-13,87.48,53.22,151,148,,,EA,IMP
STARLINK-5193,2022-136AW,54095,PAY,+,US,2022-10-20,AFETR,,95.44,53.16,540,539,,,EA,ORB
STARLINK-5188,2022-136AX,54096,PAY,+,US,2022-10-20,AFETR,,95.44,53.16,541,539,,,EA,ORB
STARLINK-5197,2022-136AY,54097,PAY,+,US,2022-10-20,AFETR,,95.44,53.16,540,539,,,EA,ORB
STARLINK-5217,2022-136AZ,54098,PAY,+,US,2022-10-20,AFETR,,95.44,53.16,541,539,,,EA,ORB
STARLINK-5198,2022-136BA,54099,PAY,+,US,2022-10-20,AFETR,,95.44,53.16,541,539,,,EA,ORB
STARLINK-5185,2022-136BB,54100,PAY,+,US,2022-10-20,AFETR,,95.44,53.16,540,539,,,EA,ORB
STARLINK-5204,2022-136BC,54101,PAY,+,US,2022-10-20,AFETR,,94.01,53.16,472,470,,,EA,ORB
STARLINK-5179,2022-136BD,54102,PAY,+,US,2022-10-20,AFETR,,95.44,53.16,541,539,,,EA,ORB
STARLINK-5200,2022-136BE,54103,PAY,+,US,2022-10-20,AFETR,,94.01,53.16,472,470,,,EA,ORB
STARLINK-5203,2022-136BF,54104,PAY,+,US,2022-10-20,AFETR,,94.01,53.16,472,470,,,EA,ORB
FALCON 9 DEB,2022-136BG,54105,DEB,D,US,2022-10-20,AFETR,2022-11-08,87.61,53.21,163,149,,,EA,IMP
FALCON 9 DEB,2022-136BH,54106,DEB,D,US,2022-10-20,AFETR,2022-11-08,87.36,53.20,155,132,,,EA,IMP
FALCON 9 DEB,2022-136BJ,54107,DEB,D,US,2022-10-20,AFETR,2022-11-08,87.32,53.22,144,139,,,EA,IMP
FALCON 9 DEB,2022-136BK,54108,DEB,D,US,2022-10-20,AFETR,2022-11-05,87.97,53.21,184,164,,,EA,IMP
COSMOS 2561,2022-137A,54109,PAY,+,CIS,2022-10-21,PLMSC,,92.72,96.91,415,400,,,EA,ORB
COSMOS 2562,2022-137B,54110,PAY,D,CIS,2022-10-21,PLMSC,2023-11-08,87.40,97.14,152,140,,,EA,IMP
SL-4 R/B,2022-137C,54111,R/B,D,CIS,2022-10-21,PLMSC,2022-11-03,87.14,97.05,142,123,,,EA,IMP
VOLGA R/B,2022-137D,54112,R/B,D,CIS,2022-10-21,PLMSC,2022-10-22,92.86,97.08,419,410,,,EA,IMP
ONEWEB-0490,2022-138A,54113,PAY,+,UK,2022-10-22,SRILR,,109.11,87.92,1187,1184,,,EA,ORB
ONEWEB-0492,2022-138B,54114,PAY,+,UK,2022-10-22,SRILR,,109.11,87.92,1187,1184,,,EA,ORB
ONEWEB-0495,2022-138C,54115,PAY,+,UK,2022-10-22,SRILR,,109.11,87.92,1188,1184,,,EA,ORB
ONEWEB-0497,2022-138D,54116,PAY,+,UK,2022-10-22,SRILR,,109.11,87.92,1187,1184,,,EA,ORB
ONEWEB-0499,2022-138E,54117,PAY,+,UK,2022-10-22,SRILR,,109.11,87.92,1188,1184,,,EA,ORB
ONEWEB-0500,2022-138F,54118,PAY,+,UK,2022-10-22,SRILR,,109.11,87.92,1187,1184,,,EA,ORB
ONEWEB-0501,2022-138G,54119,PAY,+,UK,2022-10-22,SRILR,,109.11,87.92,1188,1184,,,EA,ORB
ONEWEB-0502,2022-138H,54120,PAY,+,UK,2022-10-22,SRILR,,109.11,87.92,1187,1184,,,EA,ORB
ONEWEB-0503,2022-138J,54121,PAY,+,UK,2022-10-22,SRILR,,109.11,87.92,1187,1184,,,EA,ORB
ONEWEB-0504,2022-138K,54122,PAY,+,UK,2022-10-22,SRILR,,109.11,87.92,1187,1184,,,EA,ORB
ONEWEB-0505,2022-138L,54123,PAY,+,UK,2022-10-22,SRILR,,109.11,87.92,1188,1184,,,EA,ORB
ONEWEB-0506,2022-138M,54124,PAY,+,UK,2022-10-22,SRILR,,109.11,87.92,1188,1184,,,EA,ORB
ONEWEB-0507,2022-138N,54125,PAY,+,UK,2022-10-22,SRILR,,109.11,87.92,1187,1184,,,EA,ORB
ONEWEB-0508,2022-138P,54126,PAY,+,UK,2022-10-22,SRILR,,109.11,87.92,1188,1184,,,EA,ORB
ONEWEB-0509,2022-138Q,54127,PAY,+,UK,2022-10-22,SRILR,,109.11,87.92,1187,1184,,,EA,ORB
ONEWEB-0510,2022-138R,54128,PAY,+,UK,2022-10-22,SRILR,,109.03,87.91,1183,1180,,,EA,ORB
ONEWEB-0511,2022-138S,54129,PAY,+,UK,2022-10-22,SRILR,,109.11,87.92,1187,1184,,,EA,ORB
ONEWEB-0512,2022-138T,54130,PAY,+,UK,2022-10-22,SRILR,,109.11,87.92,1188,1184,,,EA,ORB
ONEWEB-0513,2022-138U,54131,PAY,+,UK,2022-10-22,SRILR,,109.07,87.92,1186,1182,,,EA,ORB
ONEWEB-0514,2022-138V,54132,PAY,+,UK,2022-10-22,SRILR,,109.11,87.92,1187,1184,,,EA,ORB
ONEWEB-0515,2022-138W,54133,PAY,+,UK,2022-10-22,SRILR,,109.03,87.91,1183,1181,,,EA,ORB
ONEWEB-0516,2022-138X,54134,PAY,+,UK,2022-10-22,SRILR,,109.11,87.92,1187,1184,,,EA,ORB
ONEWEB-0517,2022-138Y,54135,PAY,+,UK,2022-10-22,SRILR,,109.11,87.92,1187,1184,,,EA,ORB
ONEWEB-0518,2022-138Z,54136,PAY,+,UK,2022-10-22,SRILR,,109.11,87.92,1187,1184,,,EA,ORB
ONEWEB-0519,2022-138AA,54137,PAY,+,UK,2022-10-22,SRILR,,109.11,87.92,1187,1184,,,EA,ORB
ONEWEB-0520,2022-138AB,54138,PAY,+,UK,2022-10-22,SRILR,,109.11,87.92,1188,1184,,,EA,ORB
ONEWEB-0521,2022-138AC,54139,PAY,+,UK,2022-10-22,SRILR,,109.11,87.92,1187,1184,,,EA,ORB
ONEWEB-0522,2022-138AD,54140,PAY,+,UK,2022-10-22,SRILR,,109.11,87.92,1187,1184,,,EA,ORB
ONEWEB-0523,2022-138AE,54141,PAY,+,UK,2022-10-22,SRILR,,109.03,87.91,1183,1181,,,EA,ORB
ONEWEB-0524,2022-138AF,54142,PAY,+,UK,2022-10-22,SRILR,,109.03,87.91,1183,1180,,,EA,ORB
ONEWEB-0525,2022-138AG,54143,PAY,+,UK,2022-10-22,SRILR,,109.11,87.92,1188,1184,,,EA,ORB
ONEWEB-0526,2022-138AH,54144,PAY,+,UK,2022-10-22,SRILR,,109.11,87.92,1187,1184,,,EA,ORB
ONEWEB-0529,2022-138AJ,54145,PAY,+,UK,2022-10-22,SRILR,,109.11,87.92,1188,1184,,,EA,ORB
ONEWEB-0531,2022-138AK,54146,PAY,+,UK,2022-10-22,SRILR,,109.02,87.91,1183,1181,,,EA,ORB
ONEWEB-0535,2022-138AL,54147,PAY,+,UK,2022-10-22,SRILR,,109.11,87.92,1188,1184,,,EA,ORB
ONEWEB-0536,2022-138AM,54148,PAY,+,UK,2022-10-22,SRILR,,109.03,87.91,1183,1181,,,EA,ORB
GSLV R/B,2022-138AN,54149,R/B,,IND,2022-10-22,SRILR,,96.16,87.38,588,562,,,EA,ORB
GONETS-M 23,2022-139A,54150,PAY,+,CIS,2022-10-22,VOSTO,,115.86,82.51,1512,1477,,,EA,ORB
GONETS-M 24,2022-139B,54151,PAY,+,CIS,2022-10-22,VOSTO,,115.86,82.50,1508,1480,,,EA,ORB
GONETS-M 25,2022-139C,54152,PAY,+,CIS,2022-10-22,VOSTO,,115.86,82.51,1512,1477,,,EA,ORB
SKIF-D,2022-139D,54153,PAY,+,CIS,2022-10-22,VOSTO,,287.75,89.95,8071,8049,,,EA,ORB
FREGAT R/B,2022-139E,54154,R/B,,CIS,2022-10-22,VOSTO,,289.41,89.94,8122,8109,,,EA,ORB
PROGRESS-MS 21,2022-140A,54155,PAY,D,CIS,2022-10-26,TYMSC,2023-02-19,92.91,51.64,423,410,,,EA,IMP
SL-4 R/B,2022-140B,54156,R/B,D,CIS,2022-10-26,TYMSC,2022-10-28,87.90,51.65,179,163,,,EA,IMP
STARLINK-5290,2022-141A,54157,PAY,+,US,2022-10-28,AFWTR,,95.44,53.16,540,539,,,EA,ORB
STARLINK-5297,2022-141B,54158,PAY,+,US,2022-10-28,AFWTR,,95.44,53.16,541,539,,,EA,ORB
STARLINK-5294,2022-141C,54159,PAY,+,US,2022-10-28,AFWTR,,95.44,53.16,540,539,,,EA,ORB
STARLINK-5233,2022-141D,54160,PAY,+,US,2022-10-28,AFWTR,,94.01,53.16,471,470,,,EA,ORB
STARLINK-5269,2022-141E,54161,PAY,+,US,2022-10-28,AFWTR,,94.01,53.16,471,470,,,EA,ORB
STARLINK-5273,2022-141F,54162,PAY,+,US,2022-10-28,AFWTR,,95.44,53.16,541,539,,,EA,ORB
STARLINK-5161,2022-141G,54163,PAY,+,US,2022-10-28,AFWTR,,93.85,53.16,464,462,,,EA,ORB
STARLINK-5278,2022-141H,54164,PAY,+,US,2022-10-28,AFWTR,,93.85,53.16,464,462,,,EA,ORB
STARLINK-5279,2022-141J,54165,PAY,+,US,2022-10-28,AFWTR,,95.44,53.16,540,539,,,EA,ORB
STARLINK-5280,2022-141K,54166,PAY,+,US,2022-10-28,AFWTR,,93.85,53.16,464,462,,,EA,ORB
STARLINK-5243,2022-141L,54167,PAY,+,US,2022-10-28,AFWTR,,95.44,53.16,541,539,,,EA,ORB
STARLINK-5245,2022-141M,54168,PAY,+,US,2022-10-28,AFWTR,,93.85,53.16,463,462,,,EA,ORB
STARLINK-5282,2022-141N,54169,PAY,+,US,2022-10-28,AFWTR,,93.85,53.16,464,462,,,EA,ORB
STARLINK-5155,2022-141P,54170,PAY,+,US,2022-10-28,AFWTR,,93.85,53.16,464,462,,,EA,ORB
STARLINK-5229,2022-141Q,54171,PAY,D,US,2022-10-28,AFWTR,2025-05-15,87.65,53.21,161,155,,,EA,IMP
STARLINK-5117,2022-141R,54172,PAY,+,US,2022-10-28,AFWTR,,93.90,53.16,466,464,,,EA,ORB
STARLINK-5242,2022-141S,54173,PAY,+,US,2022-10-28,AFWTR,,93.85,53.16,464,462,,,EA,ORB
STARLINK-5248,2022-141T,54174,PAY,+,US,2022-10-28,AFWTR,,93.79,53.16,460,459,,,EA,ORB
STARLINK-5256,2022-141U,54175,PAY,+,US,2022-10-28,AFWTR,,93.85,53.16,463,462,,,EA,ORB
STARLINK-5154,2022-141V,54176,PAY,+,US,2022-10-28,AFWTR,,93.85,53.16,463,462,,,EA,ORB
STARLINK-5186,2022-141W,54177,PAY,+,US,2022-10-28,AFWTR,,93.85,53.16,463,462,,,EA,ORB
STARLINK-5164,2022-141X,54178,PAY,+,US,2022-10-28,AFWTR,,93.85,53.16,463,462,,,EA,ORB
STARLINK-5122,2022-141Y,54179,PAY,+,US,2022-10-28,AFWTR,,93.85,53.16,463,462,,,EA,ORB
STARLINK-5228,2022-141Z,54180,PAY,D,US,2022-10-28,AFWTR,2026-05-04,87.66,53.20,163,154,,,EA,IMP
STARLINK-5227,2022-141AA,54181,PAY,+,US,2022-10-28,AFWTR,,93.85,53.16,463,462,,,EA,ORB
STARLINK-5231,2022-141AB,54182,PAY,+,US,2022-10-28,AFWTR,,95.44,53.16,540,539,,,EA,ORB
STARLINK-5239,2022-141AC,54183,PAY,+,US,2022-10-28,AFWTR,,93.85,53.16,464,462,,,EA,ORB
STARLINK-5162,2022-141AD,54184,PAY,+,US,2022-10-28,AFWTR,,94.01,53.16,472,470,,,EA,ORB
STARLINK-5235,2022-141AE,54185,PAY,+,US,2022-10-28,AFWTR,,93.85,53.16,463,462,,,EA,ORB
STARLINK-5194,2022-141AF,54186,PAY,D,US,2022-10-28,AFWTR,2025-10-22,86.36,53.20,95,93,,,EA,IMP
STARLINK-5240,2022-141AG,54187,PAY,+,US,2022-10-28,AFWTR,,93.85,53.16,463,462,,,EA,ORB
STARLINK-5238,2022-141AH,54188,PAY,+,US,2022-10-28,AFWTR,,93.79,53.16,460,460,,,EA,ORB
STARLINK-5182,2022-141AJ,54189,PAY,D,US,2022-10-28,AFWTR,2024-06-24,87.95,53.19,176,170,,,EA,IMP
STARLINK-5281,2022-141AK,54190,PAY,+,US,2022-10-28,AFWTR,,93.79,53.16,460,459,,,EA,ORB
STARLINK-4619,2022-141AL,54191,PAY,+,US,2022-10-28,AFWTR,,93.79,53.16,461,459,,,EA,ORB
STARLINK-5268,2022-141AM,54192,PAY,+,US,2022-10-28,AFWTR,,93.79,53.16,460,459,,,EA,ORB
STARLINK-5263,2022-141AN,54193,PAY,+,US,2022-10-28,AFWTR,,93.83,53.16,463,461,,,EA,ORB
STARLINK-5271,2022-141AP,54194,PAY,+,US,2022-10-28,AFWTR,,93.79,53.16,461,459,,,EA,ORB
STARLINK-5258,2022-141AQ,54195,PAY,+,US,2022-10-28,AFWTR,,93.79,53.16,460,459,,,EA,ORB
STARLINK-5237,2022-141AR,54196,PAY,+,US,2022-10-28,AFWTR,,93.79,53.16,460,459,,,EA,ORB
STARLINK-5234,2022-141AS,54197,PAY,D,US,2022-10-28,AFWTR,2024-04-15,88.16,53.18,189,178,,,EA,IMP
STARLINK-5246,2022-141AT,54198,PAY,+,US,2022-10-28,AFWTR,,93.79,53.16,460,459,,,EA,ORB
STARLINK-5244,2022-141AU,54199,PAY,+,US,2022-10-28,AFWTR,,93.79,53.16,460,459,,,EA,ORB
STARLINK-5250,2022-141AV,54200,PAY,+,US,2022-10-28,AFWTR,,93.79,53.16,460,459,,,EA,ORB
STARLINK-5199,2022-141AW,54201,PAY,+,US,2022-10-28,AFWTR,,93.85,53.16,463,462,,,EA,ORB
STARLINK-5205,2022-141AX,54202,PAY,+,US,2022-10-28,AFWTR,,93.79,53.16,461,459,,,EA,ORB
STARLINK-5247,2022-141AY,54203,PAY,+,US,2022-10-28,AFWTR,,93.79,53.16,461,459,,,EA,ORB
STARLINK-5241,2022-141AZ,54204,PAY,+,US,2022-10-28,AFWTR,,93.79,53.16,461,459,,,EA,ORB
STARLINK-5249,2022-141BA,54205,PAY,+,US,2022-10-28,AFWTR,,94.01,53.16,472,470,,,EA,ORB
STARLINK-5264,2022-141BB,54206,PAY,+,US,2022-10-28,AFWTR,,93.79,53.16,460,459,,,EA,ORB
STARLINK-5262,2022-141BC,54207,PAY,+,US,2022-10-28,AFWTR,,93.90,53.16,466,465,,,EA,ORB
STARLINK-5255,2022-141BD,54208,PAY,+,US,2022-10-28,AFWTR,,94.01,53.16,472,470,,,EA,ORB
STARLINK-5259,2022-141BE,54209,PAY,+,US,2022-10-28,AFWTR,,93.79,53.16,460,459,,,EA,ORB
FALCON 9 DEB,2022-141BF,54210,DEB,D,US,2022-10-28,AFWTR,2022-11-09,88.96,53.20,249,198,,,EA,IMP
FALCON 9 DEB,2022-141BG,54211,DEB,D,US,2022-10-28,AFWTR,2022-11-09,88.87,53.21,241,196,,,EA,IMP
FALCON 9 DEB,2022-141BH,54212,DEB,D,US,2022-10-28,AFWTR,2022-11-11,88.11,53.20,192,169,,,EA,IMP
FALCON 9 DEB,2022-141BJ,54213,DEB,D,US,2022-10-28,AFWTR,2022-11-16,87.81,53.21,177,155,,,EA,IMP
SHIYAN-20C (SY-20C),2022-142A,54214,PAY,+,PRC,2022-10-29,JSC,,100.73,59.99,807,780,,,EA,ORB
CZ-2D R/B,2022-142B,54215,R/B,,PRC,2022-10-29,JSC,,100.39,59.90,795,759,,,EA,ORB
CSS (MENGTIAN),2022-143A,54216,PAY,+,PRC,2022-10-31,WSC,,92.36,41.47,391,389,,,48274,DOC
CZ-5B R/B,2022-143B,54217,R/B,D,PRC,2022-10-31,WSC,2022-11-04,88.14,41.47,215,150,,,EA,IMP
OBJECT J,2022-093J,54218,UNK,D,PRC,2022-08-04,JSC,2023-05-08,96.71,49.99,607,596,,,EA,IMP
LDPE-2,2022-144A,54219,PAY,+,US,2022-11-01,AFETR,,1445.87,5.75,35984,35971,,,EA,ORB
USA 339,2022-144B,54220,PAY,+,US,2022-11-01,AFETR,,1453.11,0.75,36132,36106,,NEA,EA,ORB
FALCON HEAVY R/B,2022-144C,54221,R/B,,US,2022-11-01,AFETR,,1467.81,6.14,36643,36167,,,EA,ORB
FALCON HEAVY DEB,2022-144D,54222,DEB,,US,2022-11-01,AFETR,,1456.67,5.85,36206,36171,,,EA,ORB
COSMOS 2563 (EKS 6),2022-145A,54223,PAY,+,CIS,2022-11-02,PLMSC,,718.02,63.19,38810,1556,,,EA,ORB
FREGAT R/B,2022-145B,54224,R/B,,CIS,2022-11-02,PLMSC,,712.61,63.57,38610,1490,,,EA,ORB
EUTELSAT HOTBIRD 13G,2022-146A,54225,PAY,+,EUTE,2022-11-03,AFETR,,1436.10,0.05,35795,35778,,,EA,ORB
FALCON 9 R/B,2022-146B,54226,R/B,,US,2022-11-03,AFETR,,1029.86,27.02,54358,449,,,EA,ORB
MATS,2022-147A,54227,PAY,+,SWED,2022-11-04,RLLB,,95.64,97.69,558,541,,,EA,ORB
ELECTRON KICK STAGE R/B,2022-147B,54228,R/B,,US,2022-11-04,RLLB,,93.80,97.63,464,458,,,EA,ORB
ELECTRON R/B,2022-147C,54229,R/B,D,US,2022-11-04,RLLB,2022-11-20,87.49,97.50,173,128,,,EA,IMP
ZHONGXING-19,2022-148A,54230,PAY,+,PRC,2022-11-05,XICLF,,1436.09,,35803,35770,,,EA,ORB
CZ-3B R/B,2022-148B,54231,R/B,D,PRC,2022-11-05,XICLF,2023-05-10,98.02,27.98,1221,108,,,EA,IMP
CYGNUS NG-18,2022-149A,54232,PAY,D,US,2022-11-07,WLPIS,2023-04-22,90.64,51.70,421,191,,,EA,IMP
ANTARES R/B,2022-149B,54233,R/B,D,US,2022-11-07,WLPIS,2022-11-09,87.57,51.65,175,134,,,EA,IMP
NOAA 21 (JPSS-2),2022-150A,54234,PAY,+,US,2022-11-10,AFWTR,,101.44,98.71,829,825,,,EA,ORB
YUNHAI-3 01,2022-151A,54235,PAY,+,PRC,2022-11-11,TAISC,,101.88,98.82,848,848,,,EA,ORB
CZ-6A R/B,2022-151B,54236,R/B,,PRC,2022-11-11,TAISC,,102.18,98.86,895,829,,,EA,ORB
TIANZHOU-5,2022-152A,54237,PAY,D,PRC,2022-11-12,WSC,2023-09-12,92.26,41.47,392,378,,,EA,IMP
OBJECT B,2022-152B,54238,UNK,D,PRC,2022-11-12,WSC,2022-11-14,89.59,41.82,328,180,,,EA,IMP
OBJECT C,2022-152C,54239,UNK,D,PRC,2022-11-12,WSC,2022-11-14,89.43,41.73,305,187,,,EA,IMP
CZ-7 R/B,2022-152D,54240,R/B,D,PRC,2022-11-12,WSC,2022-11-15,87.44,41.46,152,143,,,EA,IMP
OBJECT E,2022-152E,54241,UNK,D,PRC,2022-11-12,WSC,2022-11-14,87.96,41.09,249,98,,,EA,IMP
OBJECT F,2022-152F,54242,UNK,D,PRC,2022-11-12,WSC,2022-11-14,88.12,41.31,212,151,,,EA,IMP
GALAXY 31 (G-31),2022-153A,54243,PAY,+,ITSO,2022-11-12,AFETR,,1436.10,0.01,35793,35781,,,EA,ORB
GALAXY 32 (G-32),2022-153B,54244,PAY,+,ITSO,2022-11-12,AFETR,,1436.09,0.01,35790,35783,,,EA,ORB
OBJECT E,2022-050E,54245,UNK,D,PRC,2022-05-09,WSC,2023-02-12,88.18,41.47,191,178,,,EA,IMP
BLUEWALKER 3 DEB [LVA],2022-111AS,54247,DEB,D,US,2022-09-11,AFETR,2025-03-08,86.90,53.15,121,120,,,EA,IMP
FALCON 9 R/B,2022-153C,54248,R/B,D,US,2022-11-12,AFETR,2024-03-30,128.66,25.75,4025,104,,,EA,IMP
YAOGAN-34 03,2022-154A,54249,PAY,+,PRC,2022-11-15,JSC,,107.02,63.40,1123,1055,,,EA,ORB
CZ-4C R/B,2022-154B,54250,R/B,,PRC,2022-11-15,JSC,,105.19,63.41,1177,829,,,EA,ORB
JILIN-1 GAOFEN 03D08,2022-155A,54251,PAY,+,PRC,2022-11-16,JSC,,91.61,97.63,356,351,,,EA,ORB
JILIN-1 GAOFEN 03D51,2022-155B,54252,PAY,+,PRC,2022-11-16,JSC,,91.79,97.63,365,360,,,EA,ORB
JILIN-1 GAOFEN 03D53,2022-155C,54253,PAY,+,PRC,2022-11-16,JSC,,92.51,97.63,401,393,,,EA,ORB
JILIN-1 GAOFEN 03D54,2022-155D,54254,PAY,D,PRC,2022-11-16,JSC,2026-07-06,88.19,97.61,193,177,,,EA,IMP
JILIN-1 GAOFEN 03D52,2022-155E,54255,PAY,+,PRC,2022-11-16,JSC,,91.99,97.63,375,369,,,EA,ORB
ORION,2022-156A,54257,PAY,D,US,2022-11-16,AFETR,2022-12-11,,,,,,,EA,LAN
SLS R/B,2022-156B,54258,R/B,,US,2022-11-16,AFETR,,,,,,,,SU,ORB
EUTELSAT 10B,2022-157A,54259,PAY,+,EUTE,2022-11-23,AFETR,,1436.12,0.06,35792,35782,,,EA,ORB
FALCON 9 R/B,2022-157B,54260,R/B,,US,2022-11-23,AFETR,,839.07,21.77,45911,270,,,EA,ORB
CZ-6A DEB,2022-151C,54261,DEB,D,PRC,2022-11-11,TAISC,2024-10-31,88.62,98.54,218,194,,,EA,IMP
CZ-6A DEB,2022-151D,54262,DEB,,PRC,2022-11-11,TAISC,,105.68,99.06,1229,823,,,EA,ORB
CZ-6A DEB,2022-151E,54263,DEB,,PRC,2022-11-11,TAISC,,106.13,99.14,1273,822,,,EA,ORB
CZ-6A DEB,2022-151F,54264,DEB,,PRC,2022-11-11,TAISC,,106.86,98.57,1344,819,,,EA,ORB
CZ-6A DEB,2022-151G,54265,DEB,,PRC,2022-11-11,TAISC,,107.47,99.04,1393,827,,,EA,ORB
CZ-6A DEB,2022-151H,54266,DEB,,PRC,2022-11-11,TAISC,,108.00,98.99,1441,827,,,EA,ORB
CZ-6A DEB,2022-151J,54267,DEB,,PRC,2022-11-11,TAISC,,99.49,98.80,797,672,,,EA,ORB
CZ-6A DEB,2022-151K,54268,DEB,,PRC,2022-11-11,TAISC,,103.29,98.90,1002,826,,,EA,ORB
CZ-6A DEB,2022-151L,54269,DEB,,PRC,2022-11-11,TAISC,,99.74,98.61,840,652,,,EA,ORB
CZ-6A DEB,2022-151M,54270,DEB,,PRC,2022-11-11,TAISC,,102.68,98.90,946,825,,,EA,ORB
CZ-6A DEB,2022-151N,54271,DEB,D,PRC,2022-11-11,TAISC,2026-02-22,91.16,98.68,334,330,,,EA,IMP
CZ-6A DEB,2022-151P,54272,DEB,,PRC,2022-11-11,TAISC,,101.24,98.84,837,797,,,EA,ORB
CZ-6A DEB,2022-151Q,54273,DEB,,PRC,2022-11-11,TAISC,,101.12,98.79,831,793,,,EA,ORB
CZ-6A DEB,2022-151R,54274,DEB,D,PRC,2022-11-11,TAISC,2023-05-23,94.86,98.80,565,458,,,EA,IMP
CZ-6A DEB,2022-151S,54275,DEB,,PRC,2022-11-11,TAISC,,97.75,98.82,705,597,,,EA,ORB
CZ-6A DEB,2022-151T,54276,DEB,,PRC,2022-11-11,TAISC,,104.62,98.86,1128,826,,,EA,ORB
CZ-6A DEB,2022-151U,54277,DEB,,PRC,2022-11-11,TAISC,,101.48,98.82,863,794,,,EA,ORB
CZ-6A DEB,2022-151V,54278,DEB,,PRC,2022-11-11,TAISC,,100.45,98.67,856,704,,,EA,ORB
CZ-6A DEB,2022-151W,54279,DEB,,PRC,2022-11-11,TAISC,,100.58,98.61,884,688,,,EA,ORB
CZ-6A DEB,2022-151X,54280,DEB,,PRC,2022-11-11,TAISC,,100.07,98.60,819,705,,,EA,ORB
CZ-6A DEB,2022-151Y,54281,DEB,,PRC,2022-11-11,TAISC,,100.31,98.59,846,700,,,EA,ORB
CZ-6A DEB,2022-151Z,54282,DEB,,PRC,2022-11-11,TAISC,,97.16,98.58,660,585,,,EA,ORB
CZ-6A DEB,2022-151AA,54283,DEB,,PRC,2022-11-11,TAISC,,102.20,98.84,901,825,,,EA,ORB
CZ-6A DEB,2022-151AB,54284,DEB,,PRC,2022-11-11,TAISC,,101.62,98.83,867,804,,,EA,ORB
CZ-6A DEB,2022-151AC,54285,DEB,,PRC,2022-11-11,TAISC,,102.00,98.86,904,803,,,EA,ORB
CZ-6A DEB,2022-151AD,54286,DEB,,PRC,2022-11-11,TAISC,,96.84,98.59,658,556,,,EA,ORB
CZ-6A DEB,2022-151AE,54287,DEB,D,PRC,2022-11-11,TAISC,2024-04-17,88.97,98.63,231,216,,,EA,IMP
CZ-6A DEB,2022-151AF,54288,DEB,,PRC,2022-11-11,TAISC,,98.38,98.66,774,588,,,EA,ORB
CZ-6A DEB,2022-151AG,54289,DEB,,PRC,2022-11-11,TAISC,,102.25,98.85,905,826,,,EA,ORB
CZ-6A DEB,2022-151AH,54290,DEB,,PRC,2022-11-11,TAISC,,100.56,98.58,873,697,,,EA,ORB
CZ-6A DEB,2022-151AJ,54291,DEB,,PRC,2022-11-11,TAISC,,102.43,98.87,933,815,,,EA,ORB
CZ-6A DEB,2022-151AK,54292,DEB,,PRC,2022-11-11,TAISC,,102.43,98.88,919,829,,,EA,ORB
CZ-6A DEB,2022-151AL,54293,DEB,,PRC,2022-11-11,TAISC,,101.10,98.75,839,783,,,EA,ORB
CZ-6A DEB,2022-151AM,54294,DEB,,PRC,2022-11-11,TAISC,,97.72,98.76,728,572,,,EA,ORB
CZ-6A DEB,2022-151AN,54295,DEB,,PRC,2022-11-11,TAISC,,100.63,98.74,888,689,,,EA,ORB
CZ-6A DEB,2022-151AP,54296,DEB,,PRC,2022-11-11,TAISC,,100.48,98.77,802,760,,,EA,ORB
CZ-6A DEB,2022-151AQ,54297,DEB,,PRC,2022-11-11,TAISC,,100.91,98.72,821,783,,,EA,ORB
CZ-6A DEB,2022-151AR,54298,DEB,,PRC,2022-11-11,TAISC,,102.35,98.84,915,825,,,EA,ORB
CZ-6A DEB,2022-151AS,54299,DEB,,PRC,2022-11-11,TAISC,,102.30,98.86,907,828,,,EA,ORB
CZ-6A DEB,2022-151AT,54300,DEB,,PRC,2022-11-11,TAISC,,102.05,98.90,898,813,,,EA,ORB
CZ-6A DEB,2022-151AU,54301,DEB,,PRC,2022-11-11,TAISC,,102.04,98.89,894,817,,,EA,ORB
CZ-6A DEB,2022-151AV,54302,DEB,,PRC,2022-11-11,TAISC,,97.93,98.89,727,592,,,EA,ORB
CZ-6A DEB,2022-151AW,54303,DEB,,PRC,2022-11-11,TAISC,,102.19,98.86,896,828,,,EA,ORB
CZ-6A DEB,2022-151AX,54304,DEB,,PRC,2022-11-11,TAISC,,101.65,98.84,868,805,,,EA,ORB
CZ-6A DEB,2022-151AY,54305,DEB,,PRC,2022-11-11,TAISC,,101.08,98.75,849,771,,,EA,ORB
CZ-6A DEB,2022-151AZ,54306,DEB,,PRC,2022-11-11,TAISC,,102.00,98.84,883,824,,,EA,ORB
CZ-6A DEB,2022-151BA,54307,DEB,,PRC,2022-11-11,TAISC,,95.17,98.55,546,508,,,EA,ORB
CZ-6A DEB,2022-151BB,54308,DEB,,PRC,2022-11-11,TAISC,,94.99,98.63,534,502,,,EA,ORB
CZ-6A DEB,2022-151BC,54309,DEB,,PRC,2022-11-11,TAISC,,101.93,98.83,877,823,,,EA,ORB
CZ-6A DEB,2022-151BD,54310,DEB,D,PRC,2022-11-11,TAISC,2024-11-01,90.79,98.53,322,304,,,EA,IMP
CZ-6A DEB,2022-151BE,54311,DEB,,PRC,2022-11-11,TAISC,,96.99,98.62,653,575,,,EA,ORB
CZ-6A DEB,2022-151BF,54312,DEB,,PRC,2022-11-11,TAISC,,100.63,98.87,804,774,,,EA,ORB
CZ-6A DEB,2022-151BG,54313,DEB,D,PRC,2022-11-11,TAISC,2025-12-11,89.84,98.60,276,257,,,EA,IMP
CZ-6A DEB,2022-151BH,54314,DEB,D,PRC,2022-11-11,TAISC,2025-02-27,89.01,98.52,236,215,,,EA,IMP
CZ-6A DEB,2022-151BJ,54315,DEB,,PRC,2022-11-11,TAISC,,102.06,98.85,888,824,,,EA,ORB
CZ-6A DEB,2022-151BK,54316,DEB,,PRC,2022-11-11,TAISC,,101.94,98.83,880,821,,,EA,ORB
CZ-6A DEB,2022-151BL,54317,DEB,D,PRC,2022-11-11,TAISC,2024-11-10,88.49,98.61,207,193,,,EA,IMP
CZ-6A DEB,2022-151BM,54318,DEB,,PRC,2022-11-11,TAISC,,101.98,98.85,890,815,,,EA,ORB
CZ-6A DEB,2022-151BN,54319,DEB,D,PRC,2022-11-11,TAISC,2024-04-26,90.67,98.59,313,302,,,EA,IMP
CZ-6A DEB,2022-151BP,54320,DEB,,PRC,2022-11-11,TAISC,,103.37,98.96,1014,822,,,EA,ORB
CZ-6A DEB,2022-151BQ,54321,DEB,,PRC,2022-11-11,TAISC,,99.88,98.59,839,667,,,EA,ORB
CZ-6A DEB,2022-151BR,54322,DEB,D,PRC,2022-11-11,TAISC,2025-04-17,90.57,98.61,311,294,,,EA,IMP
CZ-6A DEB,2022-151BS,54323,DEB,,PRC,2022-11-11,TAISC,,102.11,98.85,896,821,,,EA,ORB
CZ-6A DEB,2022-151BT,54324,DEB,D,PRC,2022-11-11,TAISC,2023-05-23,89.84,98.59,292,241,,,EA,IMP
CZ-6A DEB,2022-151BU,54325,DEB,,PRC,2022-11-11,TAISC,,101.88,98.81,872,823,,,EA,ORB
CZ-6A DEB,2022-151BV,54326,DEB,D,PRC,2022-11-11,TAISC,2023-06-18,91.42,99.00,372,317,,,EA,IMP
CZ-6A DEB,2022-151BW,54327,DEB,,PRC,2022-11-11,TAISC,,102.01,98.83,889,819,,,EA,ORB
CZ-6A DEB,2022-151BX,54328,DEB,D,PRC,2022-11-11,TAISC,2026-08-08,89.47,98.61,267,229,,,EA,IMP
CZ-6A DEB,2022-151BY,54329,DEB,,PRC,2022-11-11,TAISC,,96.72,98.63,661,542,,,EA,ORB
CZ-6A DEB,2022-151BZ,54330,DEB,,PRC,2022-11-11,TAISC,,100.75,98.76,833,755,,,EA,ORB
CZ-6A DEB,2022-151CA,54331,DEB,,PRC,2022-11-11,TAISC,,103.14,98.91,994,820,,,EA,ORB
CZ-6A DEB,2022-151CB,54332,DEB,,PRC,2022-11-11,TAISC,,101.04,98.77,837,779,,,EA,ORB
CZ-6A DEB,2022-151CC,54333,DEB,D,PRC,2022-11-11,TAISC,2026-05-26,90.27,98.61,307,269,,,EA,IMP
CZ-6A DEB,2022-151CD,54334,DEB,,PRC,2022-11-11,TAISC,,93.33,98.61,451,424,,,EA,ORB
CZ-6A DEB,2022-151CE,54335,DEB,,PRC,2022-11-11,TAISC,,101.90,98.82,884,812,,,EA,ORB
CZ-6A DEB,2022-151CF,54336,DEB,,PRC,2022-11-11,TAISC,,102.22,98.86,906,821,,,EA,ORB
CZ-6A DEB,2022-151CG,54337,DEB,,PRC,2022-11-11,TAISC,,102.13,98.85,896,823,,,EA,ORB
CZ-6A DEB,2022-151CH,54338,DEB,,PRC,2022-11-11,TAISC,,101.79,98.84,873,814,,,EA,ORB
CZ-6A DEB,2022-151CJ,54339,DEB,,PRC,2022-11-11,TAISC,,102.04,98.84,886,824,,,EA,ORB
CZ-6A DEB,2022-151CK,54340,DEB,,PRC,2022-11-11,TAISC,,97.32,98.59,698,563,,,EA,ORB
CZ-6A DEB,2022-151CL,54341,DEB,,PRC,2022-11-11,TAISC,,101.14,98.77,847,778,,,EA,ORB
CZ-6A DEB,2022-151CM,54342,DEB,,PRC,2022-11-11,TAISC,,102.20,98.85,900,825,,,EA,ORB
CZ-6A DEB,2022-151CN,54343,DEB,,PRC,2022-11-11,TAISC,,102.07,98.84,887,826,,,EA,ORB
CZ-6A DEB,2022-151CP,54344,DEB,,PRC,2022-11-11,TAISC,,102.32,98.87,909,828,,,EA,ORB
CZ-6A DEB,2022-151CQ,54345,DEB,,PRC,2022-11-11,TAISC,,99.46,98.66,769,696,,,EA,ORB
CZ-6A DEB,2022-151CR,54346,DEB,,PRC,2022-11-11,TAISC,,93.72,98.54,479,434,,,EA,ORB
CZ-6A DEB,2022-151CS,54347,DEB,,PRC,2022-11-11,TAISC,,100.73,98.66,867,719,,,EA,ORB
CZ-6A DEB,2022-151CT,54348,DEB,,PRC,2022-11-11,TAISC,,100.26,98.62,843,699,,,EA,ORB
CZ-6A DEB,2022-151CU,54349,DEB,,PRC,2022-11-11,TAISC,,100.79,98.67,873,720,,,EA,ORB
CZ-6A DEB,2022-151CV,54350,DEB,,PRC,2022-11-11,TAISC,,100.36,98.70,824,727,,,EA,ORB
CZ-6A DEB,2022-151CW,54351,DEB,D,PRC,2022-11-11,TAISC,2025-09-30,92.46,99.02,413,377,,,EA,IMP
CZ-6A DEB,2022-151CX,54352,DEB,,PRC,2022-11-11,TAISC,,92.93,99.02,435,400,,,EA,ORB
CZ-6A DEB,2022-151CY,54353,DEB,,PRC,2022-11-11,TAISC,,97.97,99.09,736,587,,,EA,ORB
CZ-6A DEB,2022-151CZ,54354,DEB,,PRC,2022-11-11,TAISC,,97.30,98.71,698,562,,,EA,ORB
CZ-6A DEB,2022-151DA,54355,DEB,D,PRC,2022-11-11,TAISC,2023-02-28,95.40,98.79,691,384,,,EA,IMP
CZ-6A DEB,2022-151DB,54356,DEB,,PRC,2022-11-11,TAISC,,100.24,98.87,816,724,,,EA,ORB
CZ-6A DEB,2022-151DC,54357,DEB,D,PRC,2022-11-11,TAISC,2023-01-27,93.20,99.15,535,327,,,EA,IMP
CZ-6A DEB,2022-151DD,54358,DEB,,PRC,2022-11-11,TAISC,,96.57,98.45,649,540,,,EA,ORB
CZ-6A DEB,2022-151DE,54359,DEB,D,PRC,2022-11-11,TAISC,2026-05-01,90.15,98.99,299,265,,,EA,IMP
CZ-6A DEB,2022-151DF,54360,DEB,,PRC,2022-11-11,TAISC,,101.26,98.70,881,755,,,EA,ORB
EOS-6 (OCEANSAT-3),2022-158A,54361,PAY,+,IND,2022-11-26,SRILR,,99.52,98.36,737,734,,,EA,ORB
OBJECT B,2022-158B,54362,PAY,-,IND,2022-11-26,SRILR,,92.53,97.49,406,391,,,EA,ORB
THYBOLT-1,2022-158C,54363,PAY,D,IND,2022-11-26,SRILR,2024-05-19,88.34,97.41,203,182,,,EA,IMP
THYBOLT-2,2022-158D,54364,PAY,D,IND,2022-11-26,SRILR,2024-05-23,87.88,97.41,179,160,,,EA,IMP
INS-2B,2022-158E,54365,PAY,D,IND,2022-11-26,SRILR,2024-06-13,87.65,97.40,167,149,,,EA,IMP
ANAND,2022-158F,54366,PAY,D,US,2022-11-26,SRILR,2024-09-21,87.24,97.41,147,129,,,EA,IMP
ASTROCAST-0304,2022-158G,54367,PAY,D,SWTZ,2022-11-26,SRILR,2025-08-25,89.54,97.42,263,240,,,EA,IMP
ASTROCAST-0303,2022-158H,54368,PAY,D,SWTZ,2022-11-26,SRILR,2024-12-01,87.65,97.41,168,149,,,EA,IMP
ASTROCAST-0302,2022-158J,54369,PAY,D,SWTZ,2022-11-26,SRILR,2025-09-10,89.99,97.43,283,265,,,EA,IMP
ASTROCAST-0301,2022-158K,54370,PAY,D,SWTZ,2022-11-26,SRILR,2025-11-03,89.34,97.44,248,236,,,EA,IMP
DRAGON CRS-26,2022-159A,54371,PAY,D,US,2022-11-26,AFETR,2023-01-11,90.35,51.65,370,213,,,EA,LAN
YAOGAN-36 03A,2022-160A,54372,PAY,+,PRC,2022-11-27,XICLF,,93.71,35.00,459,454,,,EA,ORB
CZ-2D R/B,2022-160B,54373,R/B,D,PRC,2022-11-27,XICLF,2023-10-24,88.65,34.98,214,202,,,EA,IMP
YAOGAN-36 03B,2022-160C,54374,PAY,+,PRC,2022-11-27,XICLF,,94.63,34.99,506,495,,,EA,ORB
CZ-2D DEB,2022-160D,54375,DEB,D,PRC,2022-11-27,XICLF,2023-10-05,88.00,34.97,176,175,,,EA,IMP
YAOGAN-36 03C,2022-160E,54376,PAY,+,PRC,2022-11-27,XICLF,,94.55,35.01,504,490,,,EA,ORB
COSMOS 2564 [GLONASS-M],2022-161A,54377,PAY,+,CIS,2022-11-28,PLMSC,,675.73,64.74,19160,19100,,,EA,ORB
FREGAT R/B,2022-161B,54378,R/B,,CIS,2022-11-28,PLMSC,,690.36,64.70,19685,19309,,,EA,ORB
SHENZHOU-15 (SZ-15),2022-162A,54379,PAY,D,PRC,2022-11-29,JSC,2023-06-03,92.33,41.47,391,386,,,EA,LAN
CZ-2F R/B,2022-162B,54380,R/B,D,PRC,2022-11-29,JSC,2022-12-11,87.50,41.46,160,141,,,EA,IMP
COSMOS 2565,2022-163A,54381,PAY,+,CIS,2022-11-30,PLMSC,,103.10,67.15,910,900,,,EA,ORB
SL-4 R/B,2022-163B,54382,R/B,D,CIS,2022-11-30,PLMSC,2023-05-22,87.10,67.07,151,111,,,EA,IMP
COSMOS 2566,2022-163C,54383,PAY,+,CIS,2022-11-30,PLMSC,,103.02,67.14,907,896,,,EA,ORB
CZ-6A DEB,2022-151DG,54384,DEB,,PRC,2022-11-11,TAISC,,101.16,98.76,839,788,,,EA,ORB
CZ-6A DEB,2022-151DH,54385,DEB,,PRC,2022-11-11,TAISC,,102.59,98.90,936,826,,,EA,ORB
CZ-6A DEB,2022-151DJ,54386,DEB,,PRC,2022-11-11,TAISC,,103.00,98.94,993,808,,,EA,ORB
CZ-6A DEB,2022-151DK,54387,DEB,D,PRC,2022-11-11,TAISC,2024-10-15,88.33,98.59,205,179,,,EA,IMP
CZ-6A DEB,2022-151DL,54388,DEB,,PRC,2022-11-11,TAISC,,102.42,98.88,936,811,,,EA,ORB
CZ-6A DEB,2022-151DM,54389,DEB,,PRC,2022-11-11,TAISC,,103.28,98.93,1007,821,,,EA,ORB
CZ-6A DEB,2022-151DN,54390,DEB,,PRC,2022-11-11,TAISC,,103.32,98.97,1007,825,,,EA,ORB
CZ-6A DEB,2022-151DP,54391,DEB,,PRC,2022-11-11,TAISC,,98.90,98.46,801,611,,,EA,ORB
CZ-6A DEB,2022-151DQ,54392,DEB,,PRC,2022-11-11,TAISC,,100.16,98.59,830,702,,,EA,ORB
CZ-6A DEB,2022-151DR,54393,DEB,,PRC,2022-11-11,TAISC,,105.98,98.50,1274,807,,,EA,ORB
CZ-6A DEB,2022-151DS,54394,DEB,,PRC,2022-11-11,TAISC,,99.80,98.56,821,677,,,EA,ORB
CZ-6A DEB,2022-151DT,54395,DEB,,PRC,2022-11-11,TAISC,,99.01,98.46,797,626,,,EA,ORB
CZ-6A DEB,2022-151DU,54396,DEB,D,PRC,2022-11-11,TAISC,2025-03-29,91.70,98.46,365,350,,,EA,IMP
CZ-6A DEB,2022-151DV,54397,DEB,D,PRC,2022-11-11,TAISC,2026-08-05,88.23,98.41,200,174,,,EA,IMP
CZ-6A DEB,2022-151DW,54398,DEB,D,PRC,2022-11-11,TAISC,2024-02-11,88.15,98.45,192,174,,,EA,IMP
CZ-6A DEB,2022-151DX,54399,DEB,D,PRC,2022-11-11,TAISC,2024-09-29,88.18,98.54,194,174,,,EA,IMP
CZ-6A DEB,2022-151DY,54400,DEB,,PRC,2022-11-11,TAISC,,98.60,98.57,777,607,,,EA,ORB
CZ-6A DEB,2022-151DZ,54401,DEB,,PRC,2022-11-11,TAISC,,100.58,98.66,867,705,,,EA,ORB
CZ-6A DEB,2022-151EA,54402,DEB,,PRC,2022-11-11,TAISC,,102.02,98.72,959,749,,,EA,ORB
CZ-6A DEB,2022-151EB,54403,DEB,,PRC,2022-11-11,TAISC,,100.62,98.69,866,710,,,EA,ORB
CZ-6A DEB,2022-151EC,54404,DEB,,PRC,2022-11-11,TAISC,,101.15,98.76,853,773,,,EA,ORB
CZ-6A DEB,2022-151ED,54405,DEB,,PRC,2022-11-11,TAISC,,98.13,98.68,768,571,,,EA,ORB
CZ-6A DEB,2022-151EE,54406,DEB,,PRC,2022-11-11,TAISC,,99.80,98.61,824,674,,,EA,ORB
CZ-6A DEB,2022-151EF,54407,DEB,,PRC,2022-11-11,TAISC,,101.27,98.77,851,787,,,EA,ORB
CZ-6A DEB,2022-151EG,54408,DEB,D,PRC,2022-11-11,TAISC,2023-02-03,95.15,98.62,650,401,,,EA,IMP
CZ-6A DEB,2022-151EH,54409,DEB,,PRC,2022-11-11,TAISC,,101.18,98.75,912,717,,,EA,ORB
CZ-6A DEB,2022-151EJ,54410,DEB,,PRC,2022-11-11,TAISC,,99.79,98.69,840,657,,,EA,ORB
CZ-6A DEB,2022-151EK,54411,DEB,,PRC,2022-11-11,TAISC,,100.69,98.71,938,645,,,EA,ORB
CZ-6A DEB,2022-151EL,54412,DEB,,PRC,2022-11-11,TAISC,,96.59,98.64,655,535,,,EA,ORB
CZ-6A DEB,2022-151EM,54413,DEB,,PRC,2022-11-11,TAISC,,94.19,98.83,517,441,,,EA,ORB
CZ-6A DEB,2022-151EN,54414,DEB,,PRC,2022-11-11,TAISC,,103.08,98.96,989,819,,,EA,ORB
CZ-6A DEB,2022-151EP,54415,DEB,,PRC,2022-11-11,TAISC,,105.38,99.01,1274,751,,,EA,ORB
CZ-6A DEB,2022-151EQ,54416,DEB,,PRC,2022-11-11,TAISC,,104.12,98.93,1082,824,,,EA,ORB
CZ-6A DEB,2022-151ER,54417,DEB,,PRC,2022-11-11,TAISC,,103.63,98.98,1046,815,,,EA,ORB
CZ-6A DEB,2022-151ES,54418,DEB,,PRC,2022-11-11,TAISC,,105.02,98.88,1174,817,,,EA,ORB
CZ-6A DEB,2022-151ET,54419,DEB,D,PRC,2022-11-11,TAISC,2025-05-07,88.58,98.54,217,191,,,EA,IMP
CZ-6A DEB,2022-151EU,54420,DEB,,PRC,2022-11-11,TAISC,,99.06,98.67,798,630,,,EA,ORB
CZ-6A DEB,2022-151EV,54421,DEB,D,PRC,2022-11-11,TAISC,2023-12-02,90.44,98.66,305,288,,,EA,IMP
CZ-6A DEB,2022-151EW,54422,DEB,,PRC,2022-11-11,TAISC,,101.57,98.81,860,806,,,EA,ORB
CZ-6A DEB,2022-151EX,54423,DEB,D,PRC,2022-11-11,TAISC,2023-03-24,90.78,98.72,361,265,,,EA,IMP
CZ-6A DEB,2022-151EY,54424,DEB,,PRC,2022-11-11,TAISC,,102.87,98.98,970,818,,,EA,ORB
CZ-6A DEB,2022-151EZ,54425,DEB,,PRC,2022-11-11,TAISC,,98.54,98.86,775,602,,,EA,ORB
CZ-6A DEB,2022-151FA,54426,DEB,D,PRC,2022-11-11,TAISC,2023-03-18,95.33,98.83,731,337,,,EA,IMP
CZ-6A DEB,2022-151FB,54427,DEB,,PRC,2022-11-11,TAISC,,103.93,99.05,1072,816,,,EA,ORB
CZ-6A DEB,2022-151FC,54428,DEB,,PRC,2022-11-11,TAISC,,108.52,99.09,1508,808,,,EA,ORB
CZ-6A DEB,2022-151FD,54429,DEB,,PRC,2022-11-11,TAISC,,103.93,99.06,1066,823,,,EA,ORB
CZ-6A DEB,2022-151FE,54430,DEB,D,PRC,2022-11-11,TAISC,2024-08-23,93.90,98.87,495,436,,,EA,IMP
CZ-6A DEB,2022-151FF,54431,DEB,,PRC,2022-11-11,TAISC,,102.60,98.98,967,797,,,EA,ORB
CZ-6A DEB,2022-151FG,54432,DEB,,PRC,2022-11-11,TAISC,,102.18,99.00,985,739,,,EA,ORB
CZ-6A DEB,2022-151FH,54433,DEB,,PRC,2022-11-11,TAISC,,105.52,99.25,1212,826,,,EA,ORB
CZ-6A DEB,2022-151FJ,54434,DEB,D,PRC,2022-11-11,TAISC,2023-08-17,91.67,99.01,382,331,,,EA,IMP
CZ-6A DEB,2022-151FK,54435,DEB,D,PRC,2022-11-11,TAISC,2025-03-30,88.71,98.98,220,202,,,EA,IMP
CZ-6A DEB,2022-151FL,54436,DEB,,PRC,2022-11-11,TAISC,,100.69,98.60,864,719,,,EA,ORB
CZ-6A DEB,2022-151FM,54437,DEB,,PRC,2022-11-11,TAISC,,98.39,98.62,745,618,,,EA,ORB
CZ-6A DEB,2022-151FN,54438,DEB,D,PRC,2022-11-11,TAISC,2023-11-01,88.31,98.75,201,181,,,EA,IMP
CZ-6A DEB,2022-151FP,54439,DEB,,PRC,2022-11-11,TAISC,,104.57,99.03,1124,825,,,EA,ORB
CZ-6A DEB,2022-151FQ,54440,DEB,,PRC,2022-11-11,TAISC,,99.23,98.48,777,666,,,EA,ORB
CZ-6A DEB,2022-151FR,54441,DEB,D,PRC,2022-11-11,TAISC,2023-12-09,91.80,98.66,369,357,,,EA,IMP
CZ-6A DEB,2022-151FS,54442,DEB,,PRC,2022-11-11,TAISC,,102.85,98.87,970,817,,,EA,ORB
CZ-6A DEB,2022-151FT,54443,DEB,,PRC,2022-11-11,TAISC,,101.25,98.81,831,804,,,EA,ORB
CZ-6A DEB,2022-151FU,54444,DEB,,PRC,2022-11-11,TAISC,,99.22,98.72,801,642,,,EA,ORB
CZ-6A DEB,2022-151FV,54445,DEB,,PRC,2022-11-11,TAISC,,100.45,98.73,818,741,,,EA,ORB
CZ-6A DEB,2022-151FW,54446,DEB,,PRC,2022-11-11,TAISC,,104.27,98.83,1114,806,,,EA,ORB
CZ-6A DEB,2022-151FX,54447,DEB,,PRC,2022-11-11,TAISC,,103.98,98.97,1070,823,,,EA,ORB
CZ-6A DEB,2022-151FY,54448,DEB,,PRC,2022-11-11,TAISC,,101.47,98.76,847,810,,,EA,ORB
CZ-6A DEB,2022-151FZ,54449,DEB,,PRC,2022-11-11,TAISC,,103.36,98.99,1013,822,,,EA,ORB
CZ-6A DEB,2022-151GA,54450,DEB,,PRC,2022-11-11,TAISC,,99.73,98.66,850,641,,,EA,ORB
CZ-6A DEB,2022-151GB,54451,DEB,,PRC,2022-11-11,TAISC,,100.40,98.91,828,727,,,EA,ORB
CZ-6A DEB,2022-151GC,54452,DEB,,PRC,2022-11-11,TAISC,,103.67,98.99,1040,823,,,EA,ORB
CZ-6A DEB,2022-151GD,54453,DEB,,PRC,2022-11-11,TAISC,,101.89,98.91,908,788,,,EA,ORB
CZ-6A DEB,2022-151GE,54454,DEB,,PRC,2022-11-11,TAISC,,104.68,98.83,1152,807,,,EA,ORB
CZ-6A DEB,2022-151GF,54455,DEB,,PRC,2022-11-11,TAISC,,103.85,99.05,1068,813,,,EA,ORB
CZ-6A DEB,2022-151GG,54456,DEB,,PRC,2022-11-11,TAISC,,100.51,98.98,863,703,,,EA,ORB
CZ-6A DEB,2022-151GH,54457,DEB,,PRC,2022-11-11,TAISC,,100.36,98.88,833,719,,,EA,ORB
CZ-6A DEB,2022-151GJ,54458,DEB,,PRC,2022-11-11,TAISC,,100.61,99.03,888,686,,,EA,ORB
CZ-6A DEB,2022-151GK,54459,DEB,,PRC,2022-11-11,TAISC,,98.85,98.69,814,593,,,EA,ORB
CZ-6A DEB,2022-151GL,54460,DEB,,PRC,2022-11-11,TAISC,,100.31,98.67,859,687,,,EA,ORB
CZ-6A DEB,2022-151GM,54461,DEB,,PRC,2022-11-11,TAISC,,102.92,99.02,988,806,,,EA,ORB
CZ-6A DEB,2022-151GN,54462,DEB,,PRC,2022-11-11,TAISC,,102.12,98.71,969,749,,,EA,ORB
CZ-6A DEB,2022-151GP,54463,DEB,,PRC,2022-11-11,TAISC,,97.97,98.66,748,575,,,EA,ORB
CZ-6A DEB,2022-151GQ,54464,DEB,D,PRC,2022-11-11,TAISC,2025-12-12,91.73,99.04,370,349,,,EA,IMP
CZ-6A DEB,2022-151GR,54465,DEB,D,PRC,2022-11-11,TAISC,2025-05-08,88.97,98.49,239,208,,,EA,IMP
CZ-6A DEB,2022-151GS,54466,DEB,,PRC,2022-11-11,TAISC,,101.59,98.83,856,812,,,EA,ORB
CZ-6A DEB,2022-151GT,54467,DEB,,PRC,2022-11-11,TAISC,,99.53,98.60,805,667,,,EA,ORB
CZ-6A DEB,2022-151GU,54468,DEB,,PRC,2022-11-11,TAISC,,101.28,98.75,857,781,,,EA,ORB
CZ-6A DEB,2022-151GV,54469,DEB,D,PRC,2022-11-11,TAISC,2024-11-26,90.44,98.63,301,291,,,EA,IMP
CZ-6A DEB,2022-151GW,54470,DEB,,PRC,2022-11-11,TAISC,,98.19,98.63,724,619,,,EA,ORB
CZ-6A DEB,2022-151GX,54471,DEB,,PRC,2022-11-11,TAISC,,97.78,98.61,703,602,,,EA,ORB
CZ-6A DEB,2022-151GY,54472,DEB,,PRC,2022-11-11,TAISC,,101.41,98.78,828,823,,,EA,ORB
CZ-6A DEB,2022-151GZ,54473,DEB,,PRC,2022-11-11,TAISC,,101.53,98.84,855,808,,,EA,ORB
CZ-6A DEB,2022-151HA,54474,DEB,,PRC,2022-11-11,TAISC,,103.52,98.93,1026,824,,,EA,ORB
CZ-6A DEB,2022-151HB,54475,DEB,,PRC,2022-11-11,TAISC,,98.40,98.59,776,588,,,EA,ORB
CZ-6A DEB,2022-151HC,54476,DEB,,PRC,2022-11-11,TAISC,,99.46,98.60,809,657,,,EA,ORB
CZ-6A DEB,2022-151HD,54477,DEB,D,PRC,2022-11-11,TAISC,2024-06-17,90.97,98.46,342,303,,,EA,IMP
CZ-6A DEB,2022-151HE,54478,DEB,D,PRC,2022-11-11,TAISC,2023-04-13,89.21,98.67,258,213,,,EA,IMP
CZ-6A DEB,2022-151HF,54479,DEB,,PRC,2022-11-11,TAISC,,98.22,98.63,731,617,,,EA,ORB
CZ-6A DEB,2022-151HG,54480,DEB,,PRC,2022-11-11,TAISC,,100.14,98.61,858,673,,,EA,ORB
CZ-6A DEB,2022-151HH,54481,DEB,D,PRC,2022-11-11,TAISC,2023-02-11,94.82,98.63,653,367,,,EA,IMP
CZ-6A DEB,2022-151HJ,54482,DEB,,PRC,2022-11-11,TAISC,,97.36,98.63,676,589,,,EA,ORB
CZ-6A DEB,2022-151HK,54483,DEB,D,PRC,2022-11-11,TAISC,2024-10-27,90.62,98.57,315,294,,,EA,IMP
CZ-6A DEB,2022-151HL,54484,DEB,,PRC,2022-11-11,TAISC,,97.10,98.62,660,580,,,EA,ORB
CZ-6A DEB,2022-151HM,54485,DEB,D,PRC,2022-11-11,TAISC,2025-08-08,90.88,98.55,332,303,,,EA,IMP
CZ-6A DEB,2022-151HN,54486,DEB,,PRC,2022-11-11,TAISC,,100.53,98.80,838,729,,,EA,ORB
CZ-6A DEB,2022-151HP,54487,DEB,,PRC,2022-11-11,TAISC,,96.16,98.65,600,549,,,EA,ORB
CZ-6A DEB,2022-151HQ,54488,DEB,D,PRC,2022-11-11,TAISC,2023-01-14,94.19,98.78,633,325,,,EA,IMP
CZ-6A DEB,2022-151HR,54489,DEB,,PRC,2022-11-11,TAISC,,98.16,98.62,722,619,,,EA,ORB
CZ-6A DEB,2022-151HS,54490,DEB,D,PRC,2022-11-11,TAISC,2026-03-30,90.29,98.60,300,278,,,EA,IMP
CZ-6A DEB,2022-151HT,54491,DEB,,PRC,2022-11-11,TAISC,,102.28,98.91,946,788,,,EA,ORB
CZ-6A DEB,2022-151HU,54492,DEB,,PRC,2022-11-11,TAISC,,103.34,98.97,1006,828,,,EA,ORB
CZ-6A DEB,2022-151HV,54493,DEB,,PRC,2022-11-11,TAISC,,103.65,98.99,1065,798,,,EA,ORB
CZ-6A DEB,2022-151HW,54494,DEB,D,PRC,2022-11-11,TAISC,2025-02-27,91.79,98.93,382,343,,,EA,IMP
CZ-6A DEB,2022-151HX,54495,DEB,D,PRC,2022-11-11,TAISC,2024-11-10,90.65,98.69,313,300,,,EA,IMP
CZ-6A DEB,2022-151HY,54496,DEB,,PRC,2022-11-11,TAISC,,99.75,99.12,827,666,,,EA,ORB
CZ-6A DEB,2022-151HZ,54497,DEB,,PRC,2022-11-11,TAISC,,101.96,98.84,887,816,,,EA,ORB
CZ-6A DEB,2022-151JA,54498,DEB,,PRC,2022-11-11,TAISC,,99.40,98.76,748,711,,,EA,ORB
CZ-6A DEB,2022-151JB,54499,DEB,,PRC,2022-11-11,TAISC,,99.55,98.58,833,641,,,EA,ORB
CZ-6A DEB,2022-151JC,54500,DEB,,PRC,2022-11-11,TAISC,,100.73,98.88,870,716,,,EA,ORB
CZ-6A DEB,2022-151JD,54501,DEB,,PRC,2022-11-11,TAISC,,100.36,98.66,914,637,,,EA,ORB
CZ-6A DEB,2022-151JE,54502,DEB,D,PRC,2022-11-11,TAISC,2023-03-18,99.73,98.58,811,680,,,EA,IMP
CZ-6A DEB,2022-151JF,54503,DEB,,PRC,2022-11-11,TAISC,,101.96,98.78,888,815,,,EA,ORB
CZ-6A DEB,2022-151JG,54504,DEB,,PRC,2022-11-11,TAISC,,101.79,98.84,873,814,,,EA,ORB
CZ-6A DEB,2022-151JH,54505,DEB,,PRC,2022-11-11,TAISC,,99.98,98.92,806,709,,,EA,ORB
CZ-6A DEB,2022-151JJ,54506,DEB,,PRC,2022-11-11,TAISC,,101.29,98.88,892,747,,,EA,ORB
CZ-6A DEB,2022-151JK,54507,DEB,D,PRC,2022-11-11,TAISC,2023-03-11,96.04,98.57,578,560,,,EA,IMP
CZ-6A DEB,2022-151JL,54508,DEB,D,PRC,2022-11-11,TAISC,2024-10-10,92.30,98.64,400,374,,,EA,IMP
CZ-6A DEB,2022-151JM,54509,DEB,,PRC,2022-11-11,TAISC,,103.41,98.93,1010,829,,,EA,ORB
CZ-6A DEB,2022-151JN,54510,DEB,,PRC,2022-11-11,TAISC,,99.69,98.67,788,700,,,EA,ORB
CZ-6A DEB,2022-151JP,54511,DEB,,PRC,2022-11-11,TAISC,,103.23,98.91,1006,817,,,EA,ORB
CZ-6A DEB,2022-151JQ,54512,DEB,,PRC,2022-11-11,TAISC,,98.10,98.59,731,604,,,EA,ORB
CZ-6A DEB,2022-151JR,54513,DEB,,PRC,2022-11-11,TAISC,,99.90,98.48,860,647,,,EA,ORB
CZ-6A DEB,2022-151JS,54514,DEB,,PRC,2022-11-11,TAISC,,100.18,98.68,823,711,,,EA,ORB
CZ-6A DEB,2022-151JT,54515,DEB,,PRC,2022-11-11,TAISC,,100.14,98.56,850,680,,,EA,ORB
CZ-6A DEB,2022-151JU,54516,DEB,,PRC,2022-11-11,TAISC,,99.79,98.54,845,652,,,EA,ORB
CZ-6A DEB,2022-151JV,54517,DEB,,PRC,2022-11-11,TAISC,,97.38,98.63,679,587,,,EA,ORB
CZ-6A DEB,2022-151JW,54518,DEB,,PRC,2022-11-11,TAISC,,100.68,98.77,880,702,,,EA,ORB
CZ-6A DEB,2022-151JX,54519,DEB,,PRC,2022-11-11,TAISC,,99.53,98.52,822,651,,,EA,ORB
CZ-6A DEB,2022-151JY,54520,DEB,D,PRC,2022-11-11,TAISC,2024-11-08,89.86,98.60,272,264,,,EA,IMP
CZ-6A DEB,2022-151JZ,54521,DEB,,PRC,2022-11-11,TAISC,,103.05,98.89,1003,803,,,EA,ORB
CZ-6A DEB,2022-151KA,54522,DEB,,PRC,2022-11-11,TAISC,,102.71,98.89,965,809,,,EA,ORB
CZ-6A DEB,2022-151KB,54523,DEB,,PRC,2022-11-11,TAISC,,95.63,98.71,586,513,,,EA,ORB
CZ-6A DEB,2022-151KC,54524,DEB,,PRC,2022-11-11,TAISC,,98.56,98.46,752,627,,,EA,ORB
CZ-6A DEB,2022-151KD,54525,DEB,,PRC,2022-11-11,TAISC,,102.45,98.86,925,825,,,EA,ORB
CZ-6A DEB,2022-151KE,54526,DEB,,PRC,2022-11-11,TAISC,,102.12,98.84,898,819,,,EA,ORB
CZ-6A DEB,2022-151KF,54527,DEB,,PRC,2022-11-11,TAISC,,100.52,98.72,811,756,,,EA,ORB
CZ-6A DEB,2022-151KG,54528,DEB,,PRC,2022-11-11,TAISC,,99.40,98.53,796,664,,,EA,ORB
CZ-6A DEB,2022-151KH,54529,DEB,,PRC,2022-11-11,TAISC,,102.17,98.84,895,828,,,EA,ORB
CZ-6A DEB,2022-151KJ,54530,DEB,,PRC,2022-11-11,TAISC,,101.96,98.83,875,827,,,EA,ORB
CZ-6A DEB,2022-151KK,54531,DEB,D,PRC,2022-11-11,TAISC,2026-06-16,88.93,98.53,243,200,,,EA,IMP
CZ-6A DEB,2022-151KL,54532,DEB,,PRC,2022-11-11,TAISC,,99.39,98.59,820,639,,,EA,ORB
CZ-6A DEB,2022-151KM,54533,DEB,,PRC,2022-11-11,TAISC,,102.34,98.87,918,821,,,EA,ORB
CZ-6A DEB,2022-151KN,54538,DEB,,PRC,2022-11-11,TAISC,,103.16,98.87,995,821,,,EA,ORB
CZ-6A DEB,2022-151KP,54539,DEB,,PRC,2022-11-11,TAISC,,102.18,98.85,896,828,,,EA,ORB
CZ-6A DEB,2022-151KQ,54540,DEB,,PRC,2022-11-11,TAISC,,101.53,98.78,868,794,,,EA,ORB
CZ-6A DEB,2022-151KR,54541,DEB,,PRC,2022-11-11,TAISC,,102.32,98.87,912,825,,,EA,ORB
CZ-6A DEB,2022-151KS,54542,DEB,,PRC,2022-11-11,TAISC,,101.91,98.83,875,822,,,EA,ORB
CZ-6A DEB,2022-151KT,54543,DEB,,PRC,2022-11-11,TAISC,,99.17,98.73,798,640,,,EA,ORB
CZ-6A DEB,2022-151KU,54544,DEB,,PRC,2022-11-11,TAISC,,101.57,98.79,864,802,,,EA,ORB
CZ-6A DEB,2022-151KV,54545,DEB,,PRC,2022-11-11,TAISC,,101.95,98.84,891,810,,,EA,ORB
CZ-6A DEB,2022-151KW,54546,DEB,,PRC,2022-11-11,TAISC,,101.72,98.80,858,823,,,EA,ORB
CZ-6A DEB,2022-151KX,54547,DEB,,PRC,2022-11-11,TAISC,,100.79,98.81,861,732,,,EA,ORB
CZ-6A DEB,2022-151KY,54548,DEB,,PRC,2022-11-11,TAISC,,97.28,98.59,648,608,,,EA,ORB
CZ-6A DEB,2022-151KZ,54549,DEB,,PRC,2022-11-11,TAISC,,99.71,98.55,822,667,,,EA,ORB
CZ-6A DEB,2022-151LA,54550,DEB,,PRC,2022-11-11,TAISC,,100.17,98.66,814,719,,,EA,ORB
CZ-6A DEB,2022-151LB,54551,DEB,,PRC,2022-11-11,TAISC,,102.88,98.88,972,819,,,EA,ORB
CZ-6A DEB,2022-151LC,54552,DEB,,PRC,2022-11-11,TAISC,,102.00,98.84,878,828,,,EA,ORB
CZ-6A DEB,2022-151LD,54553,DEB,,PRC,2022-11-11,TAISC,,95.46,98.64,559,522,,,EA,ORB
CZ-6A DEB,2022-151LE,54554,DEB,,PRC,2022-11-11,TAISC,,102.09,98.85,895,820,,,EA,ORB
CZ-6A DEB,2022-151LF,54555,DEB,,PRC,2022-11-11,TAISC,,100.89,98.72,832,770,,,EA,ORB
CZ-6A DEB,2022-151LG,54556,DEB,D,PRC,2022-11-11,TAISC,2025-08-11,91.40,98.65,354,333,,,EA,IMP
CZ-6A DEB,2022-151LH,54557,DEB,,PRC,2022-11-11,TAISC,,99.44,98.57,826,637,,,EA,ORB
CZ-6A DEB,2022-151LJ,54558,DEB,,PRC,2022-11-11,TAISC,,101.42,98.79,866,786,,,EA,ORB
CZ-6A DEB,2022-151LK,54559,DEB,D,PRC,2022-11-11,TAISC,2025-12-02,89.45,98.51,259,236,,,EA,IMP
CZ-6A DEB,2022-151LL,54560,DEB,,PRC,2022-11-11,TAISC,,102.25,98.85,908,822,,,EA,ORB
CZ-6A DEB,2022-151LM,54561,DEB,,PRC,2022-11-11,TAISC,,100.56,98.77,879,691,,,EA,ORB
CZ-6A DEB,2022-151LN,54562,DEB,,PRC,2022-11-11,TAISC,,100.56,98.69,830,740,,,EA,ORB
CZ-6A DEB,2022-151LP,54563,DEB,,PRC,2022-11-11,TAISC,,101.77,98.83,869,816,,,EA,ORB
CZ-6A DEB,2022-151LQ,54564,DEB,,PRC,2022-11-11,TAISC,,99.77,98.74,770,725,,,EA,ORB
CZ-6A DEB,2022-151LR,54565,DEB,,PRC,2022-11-11,TAISC,,98.05,98.63,731,600,,,EA,ORB
CZ-6A DEB,2022-151LS,54566,DEB,,PRC,2022-11-11,TAISC,,102.28,98.86,907,826,,,EA,ORB
CZ-6A DEB,2022-151LT,54567,DEB,,PRC,2022-11-11,TAISC,,102.25,98.86,905,825,,,EA,ORB
CZ-6A DEB,2022-151LU,54568,DEB,,PRC,2022-11-11,TAISC,,99.59,98.74,762,716,,,EA,ORB
CZ-6A DEB,2022-151LV,54569,DEB,,PRC,2022-11-11,TAISC,,94.73,98.62,521,490,,,EA,ORB
CZ-6A DEB,2022-151LW,54570,DEB,,PRC,2022-11-11,TAISC,,101.02,98.76,831,782,,,EA,ORB
CZ-6A DEB,2022-151LX,54571,DEB,,PRC,2022-11-11,TAISC,,102.08,98.80,900,815,,,EA,ORB
CZ-6A DEB,2022-151LY,54572,DEB,D,PRC,2022-11-11,TAISC,2026-03-06,90.23,98.59,297,275,,,EA,IMP
CZ-6A DEB,2022-151LZ,54573,DEB,,PRC,2022-11-11,TAISC,,99.04,98.61,780,645,,,EA,ORB
CZ-6A DEB,2022-151MA,54574,DEB,,PRC,2022-11-11,TAISC,,99.12,98.56,789,644,,,EA,ORB
CZ-6A DEB,2022-151MB,54575,DEB,,PRC,2022-11-11,TAISC,,98.14,98.62,755,585,,,EA,ORB
CZ-6A DEB,2022-151MC,54576,DEB,,PRC,2022-11-11,TAISC,,96.26,98.62,606,553,,,EA,ORB
CZ-6A DEB,2022-151MD,54577,DEB,,PRC,2022-11-11,TAISC,,97.89,98.45,700,615,,,EA,ORB
CZ-6A DEB,2022-151ME,54578,DEB,D,PRC,2022-11-11,TAISC,2026-05-16,90.31,98.58,309,270,,,EA,IMP
CZ-6A DEB,2022-151MF,54579,DEB,,PRC,2022-11-11,TAISC,,96.10,98.55,596,547,,,EA,ORB
CZ-6A DEB,2022-151MG,54580,DEB,,PRC,2022-11-11,TAISC,,101.08,98.86,872,748,,,EA,ORB
CZ-6A DEB,2022-151MH,54581,DEB,,PRC,2022-11-11,TAISC,,100.10,98.60,847,680,,,EA,ORB
CZ-6A DEB,2022-151MJ,54582,DEB,D,PRC,2022-11-11,TAISC,2025-12-31,89.79,98.59,277,251,,,EA,IMP
CZ-6A DEB,2022-151MK,54583,DEB,,PRC,2022-11-11,TAISC,,102.23,98.86,926,803,,,EA,ORB
CZ-6A DEB,2022-151ML,54584,DEB,,PRC,2022-11-11,TAISC,,102.83,98.91,981,804,,,EA,ORB
CZ-6A DEB,2022-151MM,54585,DEB,D,PRC,2022-11-11,TAISC,2026-07-23,89.24,98.59,252,222,,,EA,IMP
CZ-6A DEB,2022-151MN,54586,DEB,,PRC,2022-11-11,TAISC,,101.02,98.76,852,761,,,EA,ORB
CZ-6A DEB,2022-151MP,54587,DEB,,PRC,2022-11-11,TAISC,,103.04,98.88,986,818,,,EA,ORB
JIAOTONG VDES,2022-164A,54588,PAY,+,PRC,2022-12-07,JSC,,99.58,98.24,746,731,,,EA,ORB
KZ-11 R/B,2022-164B,54589,R/B,D,PRC,2022-12-07,JSC,2025-05-12,86.98,98.29,138,112,,,EA,IMP
CZ-6A DEB,2022-151MQ,54590,DEB,,PRC,2022-11-11,TAISC,,100.14,98.61,813,718,,,EA,ORB
CZ-6A DEB,2022-151MR,54591,DEB,,PRC,2022-11-11,TAISC,,96.59,98.71,650,541,,,EA,ORB
CZ-6A DEB,2022-151MS,54592,DEB,,PRC,2022-11-11,TAISC,,96.78,98.51,632,577,,,EA,ORB
CZ-6A DEB,2022-151MT,54593,DEB,D,PRC,2022-11-11,TAISC,2023-04-04,99.76,98.54,831,663,,,EA,IMP
CZ-6A DEB,2022-151MU,54594,DEB,D,PRC,2022-11-11,TAISC,2025-05-07,91.78,98.61,379,345,,,EA,IMP
CZ-6A DEB,2022-151MV,54595,DEB,,PRC,2022-11-11,TAISC,,100.07,98.57,833,690,,,EA,ORB
CZ-6A DEB,2022-151MW,54596,DEB,,PRC,2022-11-11,TAISC,,102.02,98.85,885,823,,,EA,ORB
CZ-6A DEB,2022-151MX,54597,DEB,,PRC,2022-11-11,TAISC,,100.25,98.66,820,721,,,EA,ORB
CZ-6A DEB,2022-151MY,54598,DEB,,PRC,2022-11-11,TAISC,,96.48,98.90,616,564,,,EA,ORB
CZ-6A DEB,2022-151MZ,54599,DEB,D,PRC,2022-11-11,TAISC,2022-12-22,93.73,98.60,538,376,,,EA,IMP
CZ-6A DEB,2022-151NA,54600,DEB,,PRC,2022-11-11,TAISC,,97.63,98.60,690,600,,,EA,ORB
CZ-6A DEB,2022-151NB,54601,DEB,D,PRC,2022-11-11,TAISC,2026-05-08,89.93,98.60,288,253,,,EA,IMP
CZ-6A DEB,2022-151NC,54602,DEB,D,PRC,2022-11-11,TAISC,2024-08-08,93.29,98.59,465,406,,,EA,IMP
CZ-6A DEB,2022-151ND,54603,DEB,D,PRC,2022-11-11,TAISC,2025-08-03,89.69,98.61,272,246,,,EA,IMP
CZ-6A DEB,2022-151NE,54604,DEB,,PRC,2022-11-11,TAISC,,102.12,98.86,894,823,,,EA,ORB
CZ-6A DEB,2022-151NF,54605,DEB,D,PRC,2022-11-11,TAISC,2025-11-27,90.07,98.54,289,266,,,EA,IMP
CZ-6A DEB,2022-151NG,54606,DEB,,PRC,2022-11-11,TAISC,,100.30,98.79,816,729,,,EA,ORB
CZ-6A DEB,2022-151NH,54607,DEB,D,PRC,2022-11-11,TAISC,2023-03-07,91.73,98.78,401,317,,,EA,IMP
CZ-6A DEB,2022-151NJ,54608,DEB,,PRC,2022-11-11,TAISC,,102.30,98.86,914,821,,,EA,ORB
CZ-6A DEB,2022-151NK,54609,DEB,,PRC,2022-11-11,TAISC,,99.48,98.73,760,707,,,EA,ORB
CZ-6A DEB,2022-151NL,54610,DEB,,PRC,2022-11-11,TAISC,,98.42,98.63,733,634,,,EA,ORB
CZ-6A DEB,2022-151NM,54611,DEB,,PRC,2022-11-11,TAISC,,95.02,98.60,546,493,,,EA,ORB
CZ-6A DEB,2022-151NN,54612,DEB,,PRC,2022-11-11,TAISC,,101.98,98.84,889,816,,,EA,ORB
CZ-6A DEB,2022-151NP,54613,DEB,,PRC,2022-11-11,TAISC,,102.16,98.85,898,823,,,EA,ORB
CZ-6A DEB,2022-151NQ,54614,DEB,,PRC,2022-11-11,TAISC,,94.94,98.63,533,498,,,EA,ORB
CZ-6A DEB,2022-151NR,54615,DEB,,PRC,2022-11-11,TAISC,,102.08,98.85,898,816,,,EA,ORB
CZ-6A DEB,2022-151NS,54616,DEB,,PRC,2022-11-11,TAISC,,101.86,98.83,887,806,,,EA,ORB
CZ-6A DEB,2022-151NT,54617,DEB,,PRC,2022-11-11,TAISC,,101.40,98.82,844,806,,,EA,ORB
CZ-6A DEB,2022-151NU,54618,DEB,D,PRC,2022-11-11,TAISC,2023-01-07,92.35,98.78,481,298,,,EA,IMP
CZ-6A DEB,2022-151NV,54619,DEB,,PRC,2022-11-11,TAISC,,100.00,98.79,808,709,,,EA,ORB
CZ-6A DEB,2022-151NW,54620,DEB,D,PRC,2022-11-11,TAISC,2022-12-04,92.23,99.16,515,253,,,EA,IMP
CZ-6A DEB,2022-151NX,54621,DEB,,PRC,2022-11-11,TAISC,,102.20,98.85,905,820,,,EA,ORB
CZ-6A DEB,2022-151NY,54622,DEB,,PRC,2022-11-11,TAISC,,101.44,98.81,858,796,,,EA,ORB
CZ-6A DEB,2022-151NZ,54623,DEB,,PRC,2022-11-11,TAISC,,101.93,98.85,881,819,,,EA,ORB
CZ-6A DEB,2022-151PA,54624,DEB,,PRC,2022-11-11,TAISC,,103.23,98.94,1001,822,,,EA,ORB
CZ-6A DEB,2022-151PB,54625,DEB,,PRC,2022-11-11,TAISC,,103.45,98.95,1018,825,,,EA,ORB
CZ-6A DEB,2022-151PC,54626,DEB,,PRC,2022-11-11,TAISC,,98.22,98.61,728,620,,,EA,ORB
CZ-6A DEB,2022-151PD,54627,DEB,D,PRC,2022-11-11,TAISC,2023-03-18,94.70,98.77,600,407,,,EA,IMP
CZ-6A DEB,2022-151PE,54628,DEB,,PRC,2022-11-11,TAISC,,104.27,98.95,1096,825,,,EA,ORB
CZ-6A DEB,2022-151PF,54629,DEB,,PRC,2022-11-11,TAISC,,97.19,98.63,666,582,,,EA,ORB
CZ-6A DEB,2022-151PG,54630,DEB,,PRC,2022-11-11,TAISC,,97.27,98.63,669,586,,,EA,ORB
CZ-6A DEB,2022-151PH,54631,DEB,,PRC,2022-11-11,TAISC,,98.15,98.63,723,617,,,EA,ORB
CZ-6A DEB,2022-151PJ,54632,DEB,,PRC,2022-11-11,TAISC,,96.96,98.64,648,578,,,EA,ORB
CZ-6A DEB,2022-151PK,54633,DEB,,PRC,2022-11-11,TAISC,,97.79,98.63,701,605,,,EA,ORB
CZ-6A DEB,2022-151PL,54634,DEB,,PRC,2022-11-11,TAISC,,100.43,98.78,803,754,,,EA,ORB
CZ-6A DEB,2022-151PM,54635,DEB,D,PRC,2022-11-11,TAISC,2023-03-16,94.02,98.78,555,388,,,EA,IMP
CZ-6A DEB,2022-151PN,54636,DEB,D,PRC,2022-11-11,TAISC,2023-03-20,96.46,98.52,611,567,,,EA,IMP
CZ-6A DEB,2022-151PP,54637,DEB,,PRC,2022-11-11,TAISC,,101.43,98.84,871,782,,,EA,ORB
CZ-6A DEB,2022-151PQ,54638,DEB,,PRC,2022-11-11,TAISC,,96.68,98.63,636,563,,,EA,ORB
CZ-6A DEB,2022-151PR,54639,DEB,,PRC,2022-11-11,TAISC,,101.89,98.82,870,827,,,EA,ORB
GAOFEN-5 01A,2022-165A,54640,PAY,+,PRC,2022-12-08,TAISC,,98.78,98.24,702,699,,,EA,ORB
CZ-2D R/B,2022-165B,54641,R/B,,PRC,2022-12-08,TAISC,,98.04,98.16,688,642,,,EA,ORB
ONEWEB-0527,2022-166A,54642,PAY,+,UK,2022-12-08,AFETR,,108.94,87.92,1179,1176,,,EA,ORB
ONEWEB-0528,2022-166B,54643,PAY,+,UK,2022-12-08,AFETR,,108.94,87.92,1179,1176,,,EA,ORB
ONEWEB-0539,2022-166C,54644,PAY,+,UK,2022-12-08,AFETR,,108.94,87.92,1179,1176,,,EA,ORB
ONEWEB-0540,2022-166D,54645,PAY,+,UK,2022-12-08,AFETR,,108.94,87.92,1179,1176,,,EA,ORB
ONEWEB-0542,2022-166E,54646,PAY,+,UK,2022-12-08,AFETR,,108.94,87.92,1179,1176,,,EA,ORB
ONEWEB-0545,2022-166F,54647,PAY,+,UK,2022-12-08,AFETR,,108.94,87.92,1179,1176,,,EA,ORB
ONEWEB-0580,2022-166G,54648,PAY,+,UK,2022-12-08,AFETR,,108.94,87.92,1179,1176,,,EA,ORB
ONEWEB-0582,2022-166H,54649,PAY,+,UK,2022-12-08,AFETR,,108.94,87.92,1179,1176,,,EA,ORB
ONEWEB-0583,2022-166J,54650,PAY,+,UK,2022-12-08,AFETR,,108.94,87.92,1179,1176,,,EA,ORB
ONEWEB-0584,2022-166K,54651,PAY,+,UK,2022-12-08,AFETR,,108.94,87.92,1179,1176,,,EA,ORB
ONEWEB-0585,2022-166L,54652,PAY,+,UK,2022-12-08,AFETR,,108.94,87.92,1179,1176,,,EA,ORB
ONEWEB-0586,2022-166M,54653,PAY,+,UK,2022-12-08,AFETR,,108.94,87.92,1179,1176,,,EA,ORB
ONEWEB-0587,2022-166N,54654,PAY,+,UK,2022-12-08,AFETR,,108.94,87.92,1179,1176,,,EA,ORB
ONEWEB-0589,2022-166P,54655,PAY,+,UK,2022-12-08,AFETR,,108.94,87.92,1179,1176,,,EA,ORB
ONEWEB-0590,2022-166Q,54656,PAY,+,UK,2022-12-08,AFETR,,108.94,87.92,1179,1176,,,EA,ORB
ONEWEB-0591,2022-166R,54657,PAY,+,UK,2022-12-08,AFETR,,108.94,87.92,1179,1176,,,EA,ORB
ONEWEB-0592,2022-166S,54658,PAY,+,UK,2022-12-08,AFETR,,108.94,87.92,1179,1176,,,EA,ORB
ONEWEB-0593,2022-166T,54659,PAY,+,UK,2022-12-08,AFETR,,108.94,87.92,1179,1176,,,EA,ORB
ONEWEB-0594,2022-166U,54660,PAY,+,UK,2022-12-08,AFETR,,108.94,87.92,1179,1176,,,EA,ORB
ONEWEB-0595,2022-166V,54661,PAY,+,UK,2022-12-08,AFETR,,108.94,87.92,1179,1176,,,EA,ORB
ONEWEB-0596,2022-166W,54662,PAY,+,UK,2022-12-08,AFETR,,108.94,87.92,1179,1176,,,EA,ORB
ONEWEB-0597,2022-166X,54663,PAY,+,UK,2022-12-08,AFETR,,108.94,87.92,1179,1176,,,EA,ORB
ONEWEB-0600,2022-166Y,54664,PAY,+,UK,2022-12-08,AFETR,,108.94,87.92,1179,1176,,,EA,ORB
ONEWEB-0601,2022-166Z,54665,PAY,+,UK,2022-12-08,AFETR,,108.94,87.92,1179,1176,,,EA,ORB
ONEWEB-0602,2022-166AA,54666,PAY,+,UK,2022-12-08,AFETR,,108.94,87.92,1180,1176,,,EA,ORB
ONEWEB-0603,2022-166AB,54667,PAY,+,UK,2022-12-08,AFETR,,108.94,87.92,1179,1176,,,EA,ORB
ONEWEB-0604,2022-166AC,54668,PAY,+,UK,2022-12-08,AFETR,,108.94,87.92,1179,1176,,,EA,ORB
ONEWEB-0605,2022-166AD,54669,PAY,+,UK,2022-12-08,AFETR,,108.94,87.92,1179,1177,,,EA,ORB
ONEWEB-0606,2022-166AE,54670,PAY,+,UK,2022-12-08,AFETR,,108.94,87.92,1179,1176,,,EA,ORB
ONEWEB-0607,2022-166AF,54671,PAY,+,UK,2022-12-08,AFETR,,108.94,87.92,1179,1176,,,EA,ORB
ONEWEB-0608,2022-166AG,54672,PAY,+,UK,2022-12-08,AFETR,,108.94,87.92,1179,1176,,,EA,ORB
ONEWEB-0610,2022-166AH,54673,PAY,+,UK,2022-12-08,AFETR,,108.94,87.92,1179,1176,,,EA,ORB
ONEWEB-0611,2022-166AJ,54674,PAY,+,UK,2022-12-08,AFETR,,108.94,87.92,1179,1176,,,EA,ORB
ONEWEB-0612,2022-166AK,54675,PAY,+,UK,2022-12-08,AFETR,,108.94,87.92,1179,1176,,,EA,ORB
ONEWEB-0615,2022-166AL,54676,PAY,+,UK,2022-12-08,AFETR,,108.94,87.92,1179,1176,,,EA,ORB
ONEWEB-0655,2022-166AM,54677,PAY,+,UK,2022-12-08,AFETR,,108.94,87.92,1179,1176,,,EA,ORB
ONEWEB-0659,2022-166AN,54678,PAY,+,UK,2022-12-08,AFETR,,108.94,87.92,1179,1176,,,EA,ORB
ONEWEB-0685,2022-166AP,54679,PAY,+,UK,2022-12-08,AFETR,,108.83,87.92,1174,1171,,,EA,ORB
ONEWEB-0712,2022-166AQ,54680,PAY,+,UK,2022-12-08,AFETR,,109.37,87.91,1200,1196,,,EA,ORB
ONEWEB-0714,2022-166AR,54681,PAY,+,UK,2022-12-08,AFETR,,108.94,87.92,1180,1176,,,EA,ORB
OBJECT A,2022-167A,54682,PAY,D,PRC,2022-12-09,SEAL,2024-10-26,89.26,97.59,245,231,,,EA,IMP
OBJECT B,2022-167B,54683,PAY,D,PRC,2022-12-09,SEAL,2023-10-06,86.97,97.59,137,112,,,EA,IMP
CAS-5A (FO-118),2022-167C,54684,PAY,D,PRC,2022-12-09,SEAL,2025-03-06,87.96,97.59,181,166,,,EA,IMP
DONGPO 09,2022-167D,54685,PAY,+,PRC,2022-12-09,SEAL,,93.65,97.70,454,452,,,EA,ORB
DONGPO 08,2022-167E,54686,PAY,+,PRC,2022-12-09,SEAL,,93.82,97.69,466,457,,,EA,ORB
OBJECT F,2022-167F,54687,PAY,D,PRC,2022-12-09,SEAL,2026-07-19,87.76,97.59,171,156,,,EA,IMP
OBJECT G,2022-167G,54688,PAY,D,PRC,2022-12-09,SEAL,2024-11-01,88.64,97.55,212,202,,,EA,IMP
DONGPO 10,2022-167H,54689,PAY,+,PRC,2022-12-09,SEAL,,93.77,97.70,462,457,,,EA,ORB
JILIN-1 GAOFEN 03D50,2022-167J,54690,PAY,+,PRC,2022-12-09,SEAL,,93.77,97.69,462,456,,,EA,ORB
JIAOTONG 5 (HEAD-2H),2022-167K,54691,PAY,D,PRC,2022-12-09,SEAL,2026-05-16,87.65,97.55,166,150,,,EA,IMP
JILIN-1 GAOFEN 03D47,2022-167L,54692,PAY,+,PRC,2022-12-09,SEAL,,93.81,97.70,465,457,,,EA,ORB
OBJECT M,2022-167M,54693,PAY,D,PRC,2022-12-09,SEAL,2024-10-04,87.57,97.58,164,145,,,EA,IMP
JILIN-1 GAOFEN 03D49,2022-167N,54694,PAY,+,PRC,2022-12-09,SEAL,,93.58,97.69,452,447,,,EA,ORB
JILIN-1 GAOFEN 03D48,2022-167P,54695,PAY,+,PRC,2022-12-09,SEAL,,93.72,97.69,460,453,,,EA,ORB
HAKUTO-R M1,2022-168A,54696,PAY,D,JPN,2022-12-11,AFETR,2023-04-25,,,,,,,MO,IMP
LUNAR FLASHLIGHT,2022-168B,54697,PAY,-,US,2022-12-11,AFETR,,,,,,,,EM,ORB
FALCON 9 R/B,2022-168C,54698,R/B,,US,2022-12-11,AFETR,,,,,,,,SU,ORB
SHIYAN-20A (SY-20A),2022-169A,54699,PAY,+,PRC,2022-12-12,JSC,,100.73,60.00,795,791,,,EA,ORB
SHIYAN-20B (SY-20B),2022-169B,54700,PAY,+,PRC,2022-12-12,JSC,,100.73,60.00,799,787,,,EA,ORB
CZ-4C R/B,2022-169C,54701,R/B,,PRC,2022-12-12,JSC,,99.19,59.95,787,653,,,EA,ORB
CZ-4C DEB,2022-169D,54702,DEB,,PRC,2022-12-12,JSC,,100.53,60.00,786,781,,,EA,ORB
SZ-14 MODULE,2022-060G,54704,PAY,D,PRC,2022-06-05,JSC,2023-10-12,87.48,41.46,153,146,,,EA,IMP
SZ-14 MODULE DEB,2022-060H,54705,DEB,D,PRC,2022-06-05,JSC,2022-12-22,88.62,41.45,211,201,,,EA,IMP
SZ-14 MODULE DEB,2022-060J,54706,DEB,D,PRC,2022-06-05,JSC,2022-12-22,90.29,41.47,298,279,,,EA,IMP
SZ-14 MODULE DEB,2022-060K,54707,DEB,D,PRC,2022-06-05,JSC,2022-12-22,91.03,41.46,332,318,,,EA,IMP
SZ-14 MODULE DEB,2022-060L,54708,DEB,D,PRC,2022-06-05,JSC,2022-12-22,89.59,41.47,263,245,,,EA,IMP
SZ-14 MODULE DEB,2022-060M,54709,DEB,D,PRC,2022-06-05,JSC,2022-12-22,89.64,41.46,264,249,,,EA,IMP
SZ-14 MODULE DEB,2022-060N,54710,DEB,D,PRC,2022-06-05,JSC,2022-12-22,90.15,41.46,290,273,,,EA,IMP
SZ-14 MODULE DEB,2022-060P,54711,DEB,D,PRC,2022-06-05,JSC,2022-12-22,90.76,41.47,319,305,,,EA,IMP
GALAXY 35 (G-35),2022-170A,54741,PAY,+,ITSO,2022-12-13,FRGUI,,1436.10,0.02,35796,35777,,,EA,ORB
GALAXY 36 (G-36),2022-170B,54742,PAY,+,ITSO,2022-12-13,FRGUI,,1436.09,0.02,35797,35776,,,EA,ORB
METEOSAT-12 (MTG-I1),2022-170C,54743,PAY,+,EUME,2022-12-13,FRGUI,,1436.05,0.77,35802,35769,,,EA,ORB
ARIANE 5 DEB [SYLDA],2022-170D,54744,DEB,,FR,2022-12-13,FRGUI,,246.43,6.28,13100,185,,,EA,ORB
ARIANE 5 R/B,2022-170E,54745,R/B,,FR,2022-12-13,FRGUI,,484.27,5.98,27916,183,,,EA,ORB
YAOGAN-36 04A,2022-171A,54746,PAY,+,PRC,2022-12-14,XICLF,,94.63,34.99,506,496,,,EA,ORB
CZ-2D R/B,2022-171B,54747,R/B,D,PRC,2022-12-14,XICLF,2023-11-06,87.95,34.98,173,173,,,EA,IMP
YAOGAN-36 04B,2022-171C,54748,PAY,+,PRC,2022-12-14,XICLF,,94.55,35.00,500,493,,,EA,ORB
CZ-2D DEB,2022-171D,54749,DEB,D,PRC,2022-12-14,XICLF,2023-10-12,87.74,34.97,167,158,,,EA,IMP
YAOGAN-36 04C,2022-171E,54750,PAY,+,PRC,2022-12-14,XICLF,,93.87,34.98,468,460,,,EA,ORB
JILIN-1 PINGTAI 01A01,2022-167Q,54751,PAY,D,PRC,2022-12-09,SEAL,2025-05-30,87.99,97.61,184,166,,,EA,IMP
SHIYAN-21 (SY-21),2022-172A,54752,PAY,+,PRC,2022-12-16,XICLF,,94.28,35.99,501,467,,,EA,ORB
SWOT,2022-173A,54754,PAY,+,US,2022-12-16,AFWTR,,102.84,77.61,893,893,,,EA,ORB
O3B MPOWER F1,2022-174A,54755,PAY,P,O3B,2022-12-16,AFETR,,287.93,0.05,8076,8056,,,EA,ORB
O3B MPOWER F2,2022-174B,54756,PAY,P,O3B,2022-12-16,AFETR,,287.93,0.04,8074,8058,,,EA,ORB
FALCON 9 R/B,2022-174C,54757,R/B,,US,2022-12-16,AFETR,,198.27,9.61,6989,2782,,,EA,ORB
STARLINK-5464,2022-175A,54758,PAY,+,US,2022-12-17,AFETR,,94.16,53.16,479,477,,,EA,ORB
STARLINK-5215,2022-175B,54759,PAY,+,US,2022-12-17,AFETR,,94.01,53.16,471,470,,,EA,ORB
STARLINK-5220,2022-175C,54760,PAY,+,US,2022-12-17,AFETR,,94.84,53.16,512,510,,,EA,ORB
STARLINK-5202,2022-175D,54761,PAY,+,US,2022-12-17,AFETR,,94.01,53.16,471,470,,,EA,ORB
STARLINK-5214,2022-175E,54762,PAY,+,US,2022-12-17,AFETR,,94.01,53.16,472,470,,,EA,ORB
STARLINK-5191,2022-175F,54763,PAY,+,US,2022-12-17,AFETR,,95.37,53.16,540,533,,,EA,ORB
STARLINK-5458,2022-175G,54764,PAY,+,US,2022-12-17,AFETR,,94.01,53.16,472,470,,,EA,ORB
STARLINK-5466,2022-175H,54765,PAY,D,US,2022-12-17,AFETR,2025-01-08,87.54,53.20,154,152,,,EA,IMP
STARLINK-5471,2022-175J,54766,PAY,+,US,2022-12-17,AFETR,,95.44,53.16,541,539,,,EA,ORB
STARLINK-5472,2022-175K,54767,PAY,+,US,2022-12-17,AFETR,,95.44,53.16,541,539,,,EA,ORB
STARLINK-5444,2022-175L,54768,PAY,+,US,2022-12-17,AFETR,,94.01,53.16,471,470,,,EA,ORB
STARLINK-5404,2022-175M,54769,PAY,D,US,2022-12-17,AFETR,2025-01-03,87.67,53.20,162,156,,,EA,IMP
STARLINK-5448,2022-175N,54770,PAY,+,US,2022-12-17,AFETR,,93.85,53.16,464,462,,,EA,ORB
STARLINK-5451,2022-175P,54771,PAY,+,US,2022-12-17,AFETR,,94.33,53.16,487,485,,,EA,ORB
STARLINK-5452,2022-175Q,54772,PAY,+,US,2022-12-17,AFETR,,93.85,53.16,464,462,,,EA,ORB
STARLINK-5453,2022-175R,54773,PAY,+,US,2022-12-17,AFETR,,93.85,53.16,464,462,,,EA,ORB
STARLINK-5454,2022-175S,54774,PAY,+,US,2022-12-17,AFETR,,93.85,53.16,464,462,,,EA,ORB
STARLINK-5465,2022-175T,54775,PAY,+,US,2022-12-17,AFETR,,93.85,53.16,464,462,,,EA,ORB
STARLINK-5470,2022-175U,54776,PAY,+,US,2022-12-17,AFETR,,93.48,53.16,446,444,,,EA,ORB
STARLINK-5468,2022-175V,54777,PAY,+,US,2022-12-17,AFETR,,93.85,53.16,463,462,,,EA,ORB
STARLINK-5450,2022-175W,54778,PAY,+,US,2022-12-17,AFETR,,93.85,53.16,464,462,,,EA,ORB
STARLINK-5447,2022-175X,54779,PAY,+,US,2022-12-17,AFETR,,93.85,53.16,463,462,,,EA,ORB
STARLINK-5449,2022-175Y,54780,PAY,+,US,2022-12-17,AFETR,,93.85,53.16,464,462,,,EA,ORB
STARLINK-5443,2022-175Z,54781,PAY,+,US,2022-12-17,AFETR,,93.85,53.16,464,462,,,EA,ORB
STARLINK-5437,2022-175AA,54782,PAY,D,US,2022-12-17,AFETR,2024-12-11,87.67,53.20,163,155,,,EA,IMP
STARLINK-5439,2022-175AB,54783,PAY,+,US,2022-12-17,AFETR,,94.01,53.16,472,470,,,EA,ORB
STARLINK-5442,2022-175AC,54784,PAY,+,US,2022-12-17,AFETR,,94.01,53.16,471,470,,,EA,ORB
STARLINK-5440,2022-175AD,54785,PAY,+,US,2022-12-17,AFETR,,93.85,53.16,463,462,,,EA,ORB
STARLINK-5438,2022-175AE,54786,PAY,D,US,2022-12-17,AFETR,2024-08-18,92.33,53.21,390,388,,,EA,IMP
STARLINK-5441,2022-175AF,54787,PAY,+,US,2022-12-17,AFETR,,94.01,53.16,472,470,,,EA,ORB
STARLINK-5399,2022-175AG,54788,PAY,+,US,2022-12-17,AFETR,,93.85,53.16,464,462,,,EA,ORB
STARLINK-5446,2022-175AH,54789,PAY,+,US,2022-12-17,AFETR,,95.44,53.16,541,539,,,EA,ORB
STARLINK-5445,2022-175AJ,54790,PAY,+,US,2022-12-17,AFETR,,93.85,53.16,464,462,,,EA,ORB
STARLINK-5425,2022-175AK,54791,PAY,+,US,2022-12-17,AFETR,,93.85,53.16,463,462,,,EA,ORB
STARLINK-5431,2022-175AL,54792,PAY,+,US,2022-12-17,AFETR,,94.01,53.16,471,470,,,EA,ORB
STARLINK-5433,2022-175AM,54793,PAY,+,US,2022-12-17,AFETR,,94.31,53.16,486,484,,,EA,ORB
STARLINK-5392,2022-175AN,54794,PAY,D,US,2022-12-17,AFETR,2025-04-18,88.63,53.17,213,201,,,EA,IMP
STARLINK-5436,2022-175AP,54795,PAY,+,US,2022-12-17,AFETR,,93.85,53.16,463,462,,,EA,ORB
STARLINK-5415,2022-175AQ,54796,PAY,+,US,2022-12-17,AFETR,,93.79,53.16,461,459,,,EA,ORB
STARLINK-5435,2022-175AR,54797,PAY,+,US,2022-12-17,AFETR,,93.85,53.16,463,462,,,EA,ORB
STARLINK-5420,2022-175AS,54798,PAY,+,US,2022-12-17,AFETR,,94.48,53.16,495,492,,,EA,ORB
STARLINK-5421,2022-175AT,54799,PAY,+,US,2022-12-17,AFETR,,94.27,53.16,484,482,,,EA,ORB
STARLINK-5428,2022-175AU,54800,PAY,+,US,2022-12-17,AFETR,,94.01,53.16,471,470,,,EA,ORB
STARLINK-5429,2022-175AV,54801,PAY,+,US,2022-12-17,AFETR,,94.01,53.16,472,470,,,EA,ORB
STARLINK-5426,2022-175AW,54802,PAY,+,US,2022-12-17,AFETR,,95.49,53.16,543,542,,,EA,ORB
STARLINK-5430,2022-175AX,54803,PAY,+,US,2022-12-17,AFETR,,93.89,53.16,465,464,,,EA,ORB
STARLINK-5422,2022-175AY,54804,PAY,+,US,2022-12-17,AFETR,,93.85,53.16,464,462,,,EA,ORB
STARLINK-5417,2022-175AZ,54805,PAY,+,US,2022-12-17,AFETR,,95.49,53.16,543,541,,,EA,ORB
STARLINK-5412,2022-175BA,54806,PAY,+,US,2022-12-17,AFETR,,93.90,53.16,466,465,,,EA,ORB
STARLINK-5410,2022-175BB,54807,PAY,+,US,2022-12-17,AFETR,,93.79,53.16,461,459,,,EA,ORB
STARLINK-5413,2022-175BC,54808,PAY,+,US,2022-12-17,AFETR,,95.44,53.16,541,539,,,EA,ORB
STARLINK-5414,2022-175BD,54809,PAY,+,US,2022-12-17,AFETR,,93.85,53.16,464,462,,,EA,ORB
STARLINK-5408,2022-175BE,54810,PAY,+,US,2022-12-17,AFETR,,93.90,53.16,466,464,,,EA,ORB
STARLINK-5424,2022-175BF,54811,PAY,+,US,2022-12-17,AFETR,,93.78,53.16,460,459,,,EA,ORB
FALCON 9 DEB,2022-175BG,54812,DEB,D,US,2022-12-17,AFETR,2023-01-03,87.68,53.21,168,151,,,EA,IMP
FALCON 9 DEB,2022-175BH,54813,DEB,D,US,2022-12-17,AFETR,2023-01-03,87.75,53.19,173,154,,,EA,IMP
FALCON 9 DEB,2022-175BJ,54814,DEB,D,US,2022-12-17,AFETR,2023-01-03,87.26,53.21,144,133,,,EA,IMP
FALCON 9 DEB,2022-175BK,54815,DEB,D,US,2022-12-17,AFETR,2023-01-02,87.86,53.21,178,159,,,EA,IMP
OBJECT D,2022-163D,54817,UNK,,CIS,2022-11-30,PLMSC,,103.04,67.14,908,898,,,EA,ORB
GAOFEN-11 04,2022-176A,54818,PAY,+,PRC,2022-12-27,TAISC,,94.52,97.43,502,489,,,EA,ORB
CZ-4B R/B,2022-176B,54819,R/B,D,PRC,2022-12-27,TAISC,2023-02-16,87.32,97.20,156,127,,,EA,IMP
STARLINK-5382,2022-177A,54820,PAY,+,US,2022-12-28,AFETR,,94.27,43.00,484,482,,,EA,ORB
STARLINK-5385,2022-177B,54821,PAY,+,US,2022-12-28,AFETR,,94.27,43.00,484,482,,,EA,ORB
STARLINK-5101,2022-177C,54822,PAY,+,US,2022-12-28,AFETR,,94.27,43.00,484,482,,,EA,ORB
STARLINK-5106,2022-177D,54823,PAY,P,US,2022-12-28,AFETR,,94.27,43.00,484,482,,,EA,ORB
STARLINK-4643,2022-177E,54824,PAY,+,US,2022-12-28,AFETR,,94.27,43.00,484,482,,,EA,ORB
STARLINK-4801,2022-177F,54825,PAY,D,US,2022-12-28,AFETR,2025-10-02,88.48,42.99,202,197,,,EA,IMP
STARLINK-5107,2022-177G,54826,PAY,+,US,2022-12-28,AFETR,,94.26,43.00,484,482,,,EA,ORB
STARLINK-5383,2022-177H,54827,PAY,+,US,2022-12-28,AFETR,,94.27,43.00,484,482,,,EA,ORB
STARLINK-5381,2022-177J,54828,PAY,+,US,2022-12-28,AFETR,,94.27,43.00,484,482,,,EA,ORB
STARLINK-5380,2022-177K,54829,PAY,D,US,2022-12-28,AFETR,2024-09-18,88.87,42.99,225,212,,,EA,IMP
STARLINK-5394,2022-177L,54830,PAY,+,US,2022-12-28,AFETR,,94.27,43.00,484,482,,,EA,ORB
STARLINK-5395,2022-177M,54831,PAY,+,US,2022-12-28,AFETR,,94.27,43.00,484,482,,,EA,ORB
STARLINK-5393,2022-177N,54832,PAY,D,US,2022-12-28,AFETR,2025-10-19,87.85,42.98,172,164,,,EA,IMP
STARLINK-5391,2022-177P,54833,PAY,D,US,2022-12-28,AFETR,2026-02-19,87.96,42.98,176,171,,,EA,IMP
STARLINK-5386,2022-177Q,54834,PAY,+,US,2022-12-28,AFETR,,94.27,43.00,484,482,,,EA,ORB
STARLINK-5389,2022-177R,54835,PAY,+,US,2022-12-28,AFETR,,94.27,43.00,484,482,,,EA,ORB
STARLINK-5384,2022-177S,54836,PAY,D,US,2022-12-28,AFETR,2026-06-03,87.76,42.99,169,158,,,EA,IMP
STARLINK-5369,2022-177T,54837,PAY,D,US,2022-12-28,AFETR,2026-05-26,87.77,42.99,170,159,,,EA,IMP
STARLINK-5372,2022-177U,54838,PAY,+,US,2022-12-28,AFETR,,94.27,43.00,484,482,,,EA,ORB
STARLINK-5110,2022-177V,54839,PAY,D,US,2022-12-28,AFETR,2024-06-27,88.42,42.98,202,191,,,EA,IMP
STARLINK-5368,2022-177W,54840,PAY,+,US,2022-12-28,AFETR,,94.27,43.00,484,482,,,EA,ORB
STARLINK-4659,2022-177X,54841,PAY,+,US,2022-12-28,AFETR,,94.27,43.00,484,482,,,EA,ORB
STARLINK-5387,2022-177Y,54842,PAY,+,US,2022-12-28,AFETR,,94.27,43.00,484,482,,,EA,ORB
STARLINK-5304,2022-177Z,54843,PAY,+,US,2022-12-28,AFETR,,94.27,43.00,484,482,,,EA,ORB
STARLINK-5388,2022-177AA,54844,PAY,+,US,2022-12-28,AFETR,,94.27,43.00,484,482,,,EA,ORB
STARLINK-5082,2022-177AB,54845,PAY,+,US,2022-12-28,AFETR,,94.27,43.00,484,482,,,EA,ORB
STARLINK-5360,2022-177AC,54846,PAY,+,US,2022-12-28,AFETR,,94.27,43.00,484,482,,,EA,ORB
STARLINK-5061,2022-177AD,54847,PAY,+,US,2022-12-28,AFETR,,94.27,43.00,484,482,,,EA,ORB
STARLINK-5432,2022-177AE,54848,PAY,+,US,2022-12-28,AFETR,,94.27,43.00,484,482,,,EA,ORB
STARLINK-5434,2022-177AF,54849,PAY,D,US,2022-12-28,AFETR,2025-10-05,88.07,42.99,181,177,,,EA,IMP
STARLINK-5087,2022-177AG,54850,PAY,+,US,2022-12-28,AFETR,,94.27,43.00,484,482,,,EA,ORB
STARLINK-5084,2022-177AH,54851,PAY,+,US,2022-12-28,AFETR,,94.27,43.00,484,482,,,EA,ORB
STARLINK-5418,2022-177AJ,54852,PAY,+,US,2022-12-28,AFETR,,94.27,43.00,484,482,,,EA,ORB
STARLINK-5427,2022-177AK,54853,PAY,+,US,2022-12-28,AFETR,,94.27,43.00,484,482,,,EA,ORB
STARLINK-5419,2022-177AL,54854,PAY,D,US,2022-12-28,AFETR,2025-07-06,87.69,42.99,166,154,,,EA,IMP
STARLINK-5416,2022-177AM,54855,PAY,+,US,2022-12-28,AFETR,,94.27,43.00,484,482,,,EA,ORB
STARLINK-5086,2022-177AN,54856,PAY,+,US,2022-12-28,AFETR,,94.27,43.00,484,482,,,EA,ORB
STARLINK-5078,2022-177AP,54857,PAY,+,US,2022-12-28,AFETR,,94.27,43.00,484,482,,,EA,ORB
STARLINK-5407,2022-177AQ,54858,PAY,+,US,2022-12-28,AFETR,,94.27,43.00,484,482,,,EA,ORB
STARLINK-5409,2022-177AR,54859,PAY,+,US,2022-12-28,AFETR,,94.27,43.00,484,482,,,EA,ORB
STARLINK-5406,2022-177AS,54860,PAY,+,US,2022-12-28,AFETR,,94.27,43.01,484,482,,,EA,ORB
STARLINK-5400,2022-177AT,54861,PAY,+,US,2022-12-28,AFETR,,94.27,43.00,484,482,,,EA,ORB
STARLINK-5403,2022-177AU,54862,PAY,+,US,2022-12-28,AFETR,,94.27,43.00,484,482,,,EA,ORB
STARLINK-5405,2022-177AV,54863,PAY,+,US,2022-12-28,AFETR,,94.27,43.00,484,482,,,EA,ORB
STARLINK-5359,2022-177AW,54864,PAY,+,US,2022-12-28,AFETR,,94.27,43.00,484,482,,,EA,ORB
STARLINK-5411,2022-177AX,54865,PAY,+,US,2022-12-28,AFETR,,94.27,43.00,484,482,,,EA,ORB
STARLINK-5398,2022-177AY,54866,PAY,+,US,2022-12-28,AFETR,,94.27,43.00,484,482,,,EA,ORB
STARLINK-5396,2022-177AZ,54867,PAY,+,US,2022-12-28,AFETR,,94.27,43.00,484,482,,,EA,ORB
STARLINK-5379,2022-177BA,54868,PAY,+,US,2022-12-28,AFETR,,94.27,43.00,484,482,,,EA,ORB
STARLINK-5402,2022-177BB,54869,PAY,+,US,2022-12-28,AFETR,,94.27,43.00,484,482,,,EA,ORB
STARLINK-5401,2022-177BC,54870,PAY,+,US,2022-12-28,AFETR,,94.27,43.00,484,482,,,EA,ORB
STARLINK-5397,2022-177BD,54871,PAY,+,US,2022-12-28,AFETR,,94.27,43.00,484,482,,,EA,ORB
STARLINK-5390,2022-177BE,54872,PAY,D,US,2022-12-28,AFETR,2026-02-07,87.92,42.99,176,166,,,EA,IMP
STARLINK-5091,2022-177BF,54873,PAY,+,US,2022-12-28,AFETR,,94.27,43.00,484,482,,,EA,ORB
FALCON 9 DEB,2022-177BG,54874,DEB,D,US,2022-12-28,AFETR,2023-01-08,87.83,42.98,184,149,,,EA,IMP
FALCON 9 DEB,2022-177BH,54875,DEB,D,US,2022-12-28,AFETR,2023-01-07,87.61,42.98,170,142,,,EA,IMP
FALCON 9 DEB,2022-177BJ,54876,DEB,D,US,2022-12-28,AFETR,2023-01-07,88.01,42.99,191,160,,,EA,IMP
FALCON 9 DEB,2022-177BK,54877,DEB,D,US,2022-12-28,AFETR,2023-01-07,87.91,42.99,190,153,,,EA,IMP
SHIYAN-10 02 (SY-10 02),2022-178A,54878,PAY,+,PRC,2022-12-29,XICLF,,717.81,64.02,38533,1824,,,EA,ORB
CZ-3B R/B,2022-178B,54879,R/B,D,PRC,2022-12-29,XICLF,2023-06-30,95.30,51.20,998,68,,,EA,IMP
EROS C3,2022-179A,54880,PAY,+,ISRA,2022-12-30,AFWTR,,95.28,139.34,537,528,,,EA,ORB
CZ-6A DEB,2022-151PS,54881,DEB,,PRC,2022-11-11,TAISC,,97.98,98.40,725,599,,,EA,ORB
CZ-6A DEB,2022-151PT,54882,DEB,D,PRC,2022-11-11,TAISC,2023-03-28,96.32,98.55,599,566,,,EA,IMP
CZ-6A DEB,2022-151PU,54883,DEB,D,PRC,2022-11-11,TAISC,2023-05-31,99.30,98.57,794,656,,,EA,IMP
CZ-6A DEB,2022-151PV,54884,DEB,D,PRC,2022-11-11,TAISC,2024-12-19,92.27,98.51,395,377,,,EA,IMP
CZ-6A DEB,2022-151PW,54885,DEB,,PRC,2022-11-11,TAISC,,101.71,98.82,875,804,,,EA,ORB
CZ-6A DEB,2022-151PX,54886,DEB,,PRC,2022-11-11,TAISC,,109.19,98.91,1562,816,,,EA,ORB
CZ-6A DEB,2022-151PY,54887,DEB,D,PRC,2022-11-11,TAISC,2025-11-13,91.52,98.55,354,344,,,EA,IMP
CZ-6A DEB,2022-151PZ,54888,DEB,,PRC,2022-11-11,TAISC,,95.81,98.63,595,521,,,EA,ORB
CZ-6A DEB,2022-151QA,54889,DEB,D,PRC,2022-11-11,TAISC,2023-07-28,97.16,98.46,662,583,,,EA,IMP
CZ-6A DEB,2022-151QB,54890,DEB,D,PRC,2022-11-11,TAISC,2026-04-14,91.57,98.61,361,342,,,EA,IMP
CZ-6A DEB,2022-151QC,54891,DEB,D,PRC,2022-11-11,TAISC,2023-03-11,95.38,98.60,547,527,,,EA,IMP
CZ-6A DEB,2022-151QD,54892,DEB,,PRC,2022-11-11,TAISC,,97.85,98.62,704,608,,,EA,ORB
CZ-6A DEB,2022-151QE,54893,DEB,,PRC,2022-11-11,TAISC,,99.60,98.62,789,690,,,EA,ORB
CZ-6A DEB,2022-151QF,54894,DEB,,PRC,2022-11-11,TAISC,,96.33,98.62,615,551,,,EA,ORB
CZ-6A DEB,2022-151QG,54895,DEB,,PRC,2022-11-11,TAISC,,97.89,98.63,706,610,,,EA,ORB
CZ-6A DEB,2022-151QH,54896,DEB,,PRC,2022-11-11,TAISC,,102.44,98.86,921,828,,,EA,ORB
CZ-6A DEB,2022-151QJ,54897,DEB,,PRC,2022-11-11,TAISC,,98.14,98.60,729,610,,,EA,ORB
CZ-6A DEB,2022-151QK,54898,DEB,,PRC,2022-11-11,TAISC,,102.37,98.86,928,813,,,EA,ORB
CZ-6A DEB,2022-151QL,54899,DEB,,PRC,2022-11-11,TAISC,,100.80,98.77,816,777,,,EA,ORB
CZ-6A DEB,2022-151QM,54900,DEB,,PRC,2022-11-11,TAISC,,102.21,98.86,930,796,,,EA,ORB
CZ-6A DEB,2022-151QN,54901,DEB,,PRC,2022-11-11,TAISC,,98.71,98.62,763,632,,,EA,ORB
CZ-6A DEB,2022-151QP,54902,DEB,,PRC,2022-11-11,TAISC,,95.72,98.61,573,534,,,EA,ORB
CZ-6A DEB,2022-151QQ,54903,DEB,D,PRC,2022-11-11,TAISC,2026-01-12,90.61,99.11,321,288,,,EA,IMP
CZ-6A DEB,2022-151QR,54904,DEB,,PRC,2022-11-11,TAISC,,98.91,99.06,765,648,,,EA,ORB
CZ-6A DEB,2022-151QS,54905,DEB,,PRC,2022-11-11,TAISC,,99.48,98.71,792,676,,,EA,ORB
CZ-6A DEB,2022-151QT,54906,DEB,D,PRC,2022-11-11,TAISC,2025-05-22,90.85,98.95,336,296,,,EA,IMP
CZ-6A DEB,2022-151QU,54907,DEB,D,PRC,2022-11-11,TAISC,2023-11-27,90.55,98.57,310,292,,,EA,IMP
CZ-6A DEB,2022-151QV,54908,DEB,D,PRC,2022-11-11,TAISC,2026-05-01,90.51,98.61,317,282,,,EA,IMP
CZ-6A DEB,2022-151QW,54909,DEB,D,PRC,2022-11-11,TAISC,2023-02-10,94.47,98.86,588,398,,,EA,IMP
CZ-6A DEB,2022-151QX,54910,DEB,D,PRC,2022-11-11,TAISC,2024-10-04,91.07,98.77,342,312,,,EA,IMP
CZ-6A DEB,2022-151QY,54911,DEB,D,PRC,2022-11-11,TAISC,2026-03-20,90.79,98.61,324,303,,,EA,IMP
CZ-6A DEB,2022-151QZ,54912,DEB,,PRC,2022-11-11,TAISC,,98.14,98.76,738,602,,,EA,ORB
CZ-6A DEB,2022-151RA,54913,DEB,D,PRC,2022-11-11,TAISC,2024-12-12,92.16,98.77,389,371,,,EA,IMP
CZ-6A DEB,2022-151RB,54914,DEB,,PRC,2022-11-11,TAISC,,101.98,98.81,882,822,,,EA,ORB
CZ-6A DEB,2022-151RC,54915,DEB,,PRC,2022-11-11,TAISC,,102.29,98.85,912,822,,,EA,ORB
CZ-6A DEB,2022-151RD,54916,DEB,,PRC,2022-11-11,TAISC,,102.12,98.86,895,822,,,EA,ORB
CZ-6A DEB,2022-151RE,54917,DEB,,PRC,2022-11-11,TAISC,,97.57,98.64,691,594,,,EA,ORB
CZ-6A DEB,2022-151RF,54918,DEB,,PRC,2022-11-11,TAISC,,101.30,98.82,842,798,,,EA,ORB
CZ-6A DEB,2022-151RG,54919,DEB,,PRC,2022-11-11,TAISC,,97.73,98.62,700,600,,,EA,ORB
CZ-6A DEB,2022-151RH,54920,DEB,,PRC,2022-11-11,TAISC,,97.16,98.63,665,580,,,EA,ORB
CZ-6A DEB,2022-151RJ,54921,DEB,,PRC,2022-11-11,TAISC,,99.64,98.54,827,656,,,EA,ORB
CZ-6A DEB,2022-151RK,54922,DEB,,PRC,2022-11-11,TAISC,,93.80,98.62,469,452,,,EA,ORB
CZ-6A DEB,2022-151RL,54923,DEB,,PRC,2022-11-11,TAISC,,102.26,98.86,905,826,,,EA,ORB
CZ-6A DEB,2022-151RM,54924,DEB,,PRC,2022-11-11,TAISC,,99.97,98.73,787,728,,,EA,ORB
CZ-6A DEB,2022-151RN,54925,DEB,,PRC,2022-11-11,TAISC,,101.87,98.84,878,817,,,EA,ORB
CZ-6A DEB,2022-151RP,54926,DEB,,PRC,2022-11-11,TAISC,,102.25,98.85,911,819,,,EA,ORB
CZ-6A DEB,2022-151RQ,54927,DEB,,PRC,2022-11-11,TAISC,,97.22,98.64,669,582,,,EA,ORB
CZ-6A DEB,2022-151RR,54928,DEB,,PRC,2022-11-11,TAISC,,99.91,98.62,796,712,,,EA,ORB
CZ-6A DEB,2022-151RS,54929,DEB,,PRC,2022-11-11,TAISC,,97.78,98.62,701,603,,,EA,ORB
CZ-6A DEB,2022-151RT,54930,DEB,,PRC,2022-11-11,TAISC,,97.72,98.43,713,586,,,EA,ORB
CZ-6A DEB,2022-151RU,54931,DEB,D,PRC,2022-11-11,TAISC,2024-05-20,94.32,98.79,504,468,,,EA,IMP
CZ-6A DEB,2022-151RV,54932,DEB,D,PRC,2022-11-11,TAISC,2024-08-22,94.64,98.73,539,464,,,EA,IMP
CZ-6A DEB,2022-151RW,54933,DEB,,PRC,2022-11-11,TAISC,,97.79,99.09,706,600,,,EA,ORB
CZ-6A DEB,2022-151RX,54934,DEB,D,PRC,2022-11-11,TAISC,2025-03-21,91.71,99.10,379,338,,,EA,IMP
CZ-6A DEB,2022-151RY,54935,DEB,,PRC,2022-11-11,TAISC,,100.45,98.73,784,775,,,EA,ORB
CZ-6A DEB,2022-151RZ,54936,DEB,,PRC,2022-11-11,TAISC,,98.14,99.12,733,606,,,EA,ORB
CZ-6A DEB,2022-151SA,54937,DEB,D,PRC,2022-11-11,TAISC,2023-12-13,90.12,99.22,286,274,,,EA,IMP
CZ-6A DEB,2022-151SB,54938,DEB,,PRC,2022-11-11,TAISC,,96.44,99.15,631,545,,,EA,ORB
CZ-6A DEB,2022-151SC,54939,DEB,,PRC,2022-11-11,TAISC,,99.97,99.06,805,710,,,EA,ORB
CZ-6A DEB,2022-151SD,54940,DEB,D,PRC,2022-11-11,TAISC,2026-05-03,90.45,98.61,314,279,,,EA,IMP
CZ-6A DEB,2022-151SE,54941,DEB,,PRC,2022-11-11,TAISC,,100.39,98.80,805,749,,,EA,ORB
CZ-6A DEB,2022-151SF,54942,DEB,D,PRC,2022-11-11,TAISC,2023-04-04,98.28,98.80,817,536,,,EA,IMP
CZ-6A DEB,2022-151SG,54943,DEB,,PRC,2022-11-11,TAISC,,100.86,98.79,815,783,,,EA,ORB
CZ-6A DEB,2022-151SH,54944,DEB,,PRC,2022-11-11,TAISC,,109.68,99.04,1599,825,,,EA,ORB
CZ-6A DEB,2022-151SJ,54945,DEB,,PRC,2022-11-11,TAISC,,98.35,99.14,729,631,,,EA,ORB
CZ-6A DEB,2022-151SK,54946,DEB,D,PRC,2022-11-11,TAISC,2025-10-07,91.27,98.99,359,315,,,EA,IMP
CZ-6A DEB,2022-151SL,54947,DEB,,PRC,2022-11-11,TAISC,,92.55,99.09,410,389,,,EA,ORB
CZ-6A DEB,2022-151SM,54948,DEB,D,PRC,2022-11-11,TAISC,2023-08-14,94.29,98.41,521,447,,,EA,IMP
CZ-6A DEB,2022-151SN,54949,DEB,,PRC,2022-11-11,TAISC,,99.23,98.61,788,656,,,EA,ORB
CZ-6A DEB,2022-151SP,54950,DEB,D,PRC,2022-11-11,TAISC,2023-06-03,97.05,98.55,685,550,,,EA,IMP
CZ-6A DEB,2022-151SQ,54951,DEB,,PRC,2022-11-11,TAISC,,99.39,98.58,791,668,,,EA,ORB
CZ-6A DEB,2022-151SR,54952,DEB,,PRC,2022-11-11,TAISC,,103.17,98.95,990,827,,,EA,ORB
CZ-6A DEB,2022-151SS,54953,DEB,,PRC,2022-11-11,TAISC,,98.93,98.54,765,650,,,EA,ORB
CZ-6A DEB,2022-151ST,54954,DEB,,PRC,2022-11-11,TAISC,,98.61,98.61,758,627,,,EA,ORB
CZ-6A DEB,2022-151SU,54955,DEB,,PRC,2022-11-11,TAISC,,99.83,98.56,834,668,,,EA,ORB
CZ-6A DEB,2022-151SV,54956,DEB,,PRC,2022-11-11,TAISC,,102.80,98.91,987,795,,,EA,ORB
CZ-6A DEB,2022-151SW,54957,DEB,D,PRC,2022-11-11,TAISC,2025-04-01,92.04,98.64,383,366,,,EA,IMP
CZ-6A DEB,2022-151SX,54958,DEB,,PRC,2022-11-11,TAISC,,101.09,98.82,847,773,,,EA,ORB
CZ-6A DEB,2022-151SY,54959,DEB,,PRC,2022-11-11,TAISC,,102.36,98.87,923,818,,,EA,ORB
CZ-6A DEB,2022-151SZ,54960,DEB,,PRC,2022-11-11,TAISC,,102.16,98.84,896,827,,,EA,ORB
CZ-6A DEB,2022-151TA,54961,DEB,D,PRC,2022-11-11,TAISC,2024-09-15,90.67,98.61,321,294,,,EA,IMP
CZ-6A DEB,2022-151TB,54962,DEB,,PRC,2022-11-11,TAISC,,99.00,98.58,801,620,,,EA,ORB
CZ-6A DEB,2022-151TC,54963,DEB,,PRC,2022-11-11,TAISC,,103.07,98.89,1003,805,,,EA,ORB
CZ-6A DEB,2022-151TD,54964,DEB,,PRC,2022-11-11,TAISC,,102.34,98.88,913,826,,,EA,ORB
CZ-6A DEB,2022-151TE,54965,DEB,,PRC,2022-11-11,TAISC,,102.41,98.84,935,811,,,EA,ORB
CZ-6A DEB,2022-151TF,54966,DEB,,PRC,2022-11-11,TAISC,,96.99,98.74,700,528,,,EA,ORB
CZ-6A DEB,2022-151TG,54967,DEB,,PRC,2022-11-11,TAISC,,108.18,99.05,1461,824,,,EA,ORB
CZ-6A DEB,2022-151TH,54968,DEB,,PRC,2022-11-11,TAISC,,97.63,98.63,693,597,,,EA,ORB
CZ-6A DEB,2022-151TJ,54969,DEB,,PRC,2022-11-11,TAISC,,102.15,98.86,895,826,,,EA,ORB
CZ-6A DEB,2022-151TK,54970,DEB,,PRC,2022-11-11,TAISC,,102.33,98.87,917,821,,,EA,ORB
CZ-6A DEB,2022-151TL,54971,DEB,,PRC,2022-11-11,TAISC,,102.43,98.89,922,825,,,EA,ORB
CZ-6A DEB,2022-151TM,54972,DEB,D,PRC,2022-11-11,TAISC,2023-03-18,96.18,98.71,621,530,,,EA,IMP
CZ-6A DEB,2022-151TN,54973,DEB,,PRC,2022-11-11,TAISC,,98.08,98.76,673,660,,,EA,ORB
CZ-6A DEB,2022-151TP,54974,DEB,,PRC,2022-11-11,TAISC,,98.79,98.62,765,636,,,EA,ORB
CZ-6A DEB,2022-151TQ,54975,DEB,D,PRC,2022-11-11,TAISC,2026-06-05,90.77,98.81,331,293,,,EA,IMP
CZ-6A DEB,2022-151TR,54976,DEB,,PRC,2022-11-11,TAISC,,101.68,98.85,878,799,,,EA,ORB
CZ-6A DEB,2022-151TS,54977,DEB,D,PRC,2022-11-11,TAISC,2023-03-21,98.10,98.47,772,563,,,EA,IMP
CZ-6A DEB,2022-151TT,54978,DEB,,PRC,2022-11-11,TAISC,,101.57,98.83,864,802,,,EA,ORB
CZ-6A DEB,2022-151TU,54979,DEB,D,PRC,2022-11-11,TAISC,2023-04-25,98.37,98.83,801,561,,,EA,IMP
CZ-6A DEB,2022-151TV,54980,DEB,D,PRC,2022-11-11,TAISC,2024-08-10,97.49,98.48,666,611,,,EA,IMP
CZ-6A DEB,2022-151TW,54981,DEB,D,PRC,2022-11-11,TAISC,2023-04-17,100.09,98.65,827,698,,,EA,IMP
CZ-6A DEB,2022-151TX,54982,DEB,,PRC,2022-11-11,TAISC,,99.04,98.58,751,674,,,EA,ORB
CZ-6A DEB,2022-151TY,54983,DEB,,PRC,2022-11-11,TAISC,,105.57,98.90,1216,826,,,EA,ORB
CZ-6A DEB,2022-151TZ,54984,DEB,,PRC,2022-11-11,TAISC,,104.52,98.95,1135,809,,,EA,ORB
CZ-6A DEB,2022-151UA,54985,DEB,D,PRC,2022-11-11,TAISC,2023-02-28,96.99,98.72,714,515,,,EA,IMP
CZ-6A DEB,2022-151UB,54986,DEB,,PRC,2022-11-11,TAISC,,101.36,98.81,854,792,,,EA,ORB
CZ-6A DEB,2022-151UC,54987,DEB,D,PRC,2022-11-11,TAISC,2026-01-13,91.20,99.04,352,315,,,EA,IMP
CZ-6A DEB,2022-151UD,54988,DEB,,PRC,2022-11-11,TAISC,,98.81,99.13,751,653,,,EA,ORB
CZ-6A DEB,2022-151UE,54989,DEB,,PRC,2022-11-11,TAISC,,101.09,98.76,859,761,,,EA,ORB
CZ-6A DEB,2022-151UF,54990,DEB,,PRC,2022-11-11,TAISC,,98.60,98.64,746,637,,,EA,ORB
CZ-6A DEB,2022-151UG,54991,DEB,D,PRC,2022-11-11,TAISC,2023-04-05,97.21,98.53,680,570,,,EA,IMP
CZ-6A DEB,2022-151UH,54992,DEB,,PRC,2022-11-11,TAISC,,100.97,98.78,824,785,,,EA,ORB
CZ-6A DEB,2022-151UJ,54993,DEB,,PRC,2022-11-11,TAISC,,102.04,98.85,892,818,,,EA,ORB
CZ-6A DEB,2022-151UK,54994,DEB,,PRC,2022-11-11,TAISC,,99.99,98.83,762,754,,,EA,ORB
CZ-6A DEB,2022-151UL,54995,DEB,,PRC,2022-11-11,TAISC,,98.57,98.63,740,640,,,EA,ORB
CZ-6A DEB,2022-151UM,54996,DEB,,PRC,2022-11-11,TAISC,,97.47,98.61,682,593,,,EA,ORB
CZ-6A DEB,2022-151UN,54997,DEB,,PRC,2022-11-11,TAISC,,97.31,98.62,680,580,,,EA,ORB
CZ-6A DEB,2022-151UP,54998,DEB,D,PRC,2022-11-11,TAISC,2023-05-02,94.86,98.53,556,467,,,EA,IMP
CZ-6A DEB,2022-151UQ,54999,DEB,D,PRC,2022-11-11,TAISC,2023-03-15,99.33,98.54,793,660,,,EA,IMP
CZ-6A DEB,2022-151UR,55001,DEB,,PRC,2022-11-11,TAISC,,102.10,98.84,890,826,,,EA,ORB
CZ-6A DEB,2022-151US,55002,DEB,,PRC,2022-11-11,TAISC,,101.57,98.80,854,812,,,EA,ORB
CZ-6A DEB,2022-151UT,55003,DEB,,PRC,2022-11-11,TAISC,,94.62,98.62,517,484,,,EA,ORB
CZ-6A DEB,2022-151UU,55004,DEB,D,PRC,2022-11-11,TAISC,2025-12-08,91.58,98.62,362,342,,,EA,IMP
CZ-6A DEB,2022-151UV,55005,DEB,D,PRC,2022-11-11,TAISC,2024-06-26,89.28,98.59,257,220,,,EA,IMP
CZ-6A DEB,2022-151UW,55006,DEB,,PRC,2022-11-11,TAISC,,101.71,98.82,870,809,,,EA,ORB
CZ-6A DEB,2022-151UX,55007,DEB,D,PRC,2022-11-11,TAISC,2026-03-26,90.19,98.60,294,274,,,EA,IMP
CZ-6A DEB,2022-151UY,55008,DEB,,PRC,2022-11-11,TAISC,,102.01,98.85,885,823,,,EA,ORB
USA 340,2022-144E,55138,PAY,-,US,2022-11-01,AFETR,,1441.17,4.47,36567,35204,,,EA,ORB
USA 341,2022-144F,55139,PAY,+,US,2022-11-01,AFETR,,,,,,,NEA,EA,ORB
CZ-6A DEB,2022-151UZ,55184,DEB,D,PRC,2022-11-11,TAISC,2023-10-03,94.69,98.54,534,473,,,EA,IMP
CZ-6A DEB,2022-151VA,55185,DEB,D,PRC,2022-11-11,TAISC,2025-06-19,90.84,98.62,334,298,,,EA,IMP
CZ-6A DEB,2022-151VB,55186,DEB,,PRC,2022-11-11,TAISC,,98.51,98.64,737,638,,,EA,ORB
CZ-6A DEB,2022-151VC,55187,DEB,,PRC,2022-11-11,TAISC,,100.41,98.80,825,731,,,EA,ORB
CZ-6A DEB,2022-151VD,55188,DEB,D,PRC,2022-11-11,TAISC,2023-08-03,98.62,98.57,766,620,,,EA,IMP
CZ-6A DEB,2022-151VE,55189,DEB,,PRC,2022-11-11,TAISC,,101.45,98.85,862,792,,,EA,ORB
CZ-6A DEB,2022-151VF,55190,DEB,,PRC,2022-11-11,TAISC,,97.16,98.64,664,581,,,EA,ORB
CZ-6A DEB,2022-151VG,55191,DEB,,PRC,2022-11-11,TAISC,,101.09,98.72,845,775,,,EA,ORB
CZ-6A DEB,2022-151VH,55192,DEB,D,PRC,2022-11-11,TAISC,2023-05-04,95.50,98.77,607,479,,,EA,IMP
CZ-6A DEB,2022-151VJ,55193,DEB,D,PRC,2022-11-11,TAISC,2023-05-04,95.87,98.60,606,516,,,EA,IMP
CZ-6A DEB,2022-151VK,55194,DEB,,PRC,2022-11-11,TAISC,,97.19,98.63,660,588,,,EA,ORB
CZ-6A DEB,2022-151VL,55195,DEB,,PRC,2022-11-11,TAISC,,98.64,98.62,760,627,,,EA,ORB
CZ-6A DEB,2022-151VM,55196,DEB,,PRC,2022-11-11,TAISC,,97.03,98.63,657,576,,,EA,ORB
CZ-6A DEB,2022-151VN,55197,DEB,D,PRC,2022-11-11,TAISC,2023-04-10,93.17,98.47,460,400,,,EA,IMP
CZ-6A DEB,2022-151VP,55198,DEB,,PRC,2022-11-11,TAISC,,98.58,98.62,756,625,,,EA,ORB
CZ-6A DEB,2022-151VQ,55199,DEB,,PRC,2022-11-11,TAISC,,101.25,98.81,850,786,,,EA,ORB
CZ-6A DEB,2022-151VR,55200,DEB,D,PRC,2022-11-11,TAISC,2024-11-30,94.40,98.64,511,468,,,EA,IMP
CZ-6A DEB,2022-151VS,55201,DEB,,PRC,2022-11-11,TAISC,,95.75,98.63,583,527,,,EA,ORB
CZ-6A DEB,2022-151VT,55202,DEB,D,PRC,2022-11-11,TAISC,2026-06-24,90.25,98.58,304,270,,,EA,IMP
CZ-6A DEB,2022-151VU,55203,DEB,D,PRC,2022-11-11,TAISC,2023-04-08,98.26,98.79,768,583,,,EA,IMP
CZ-6A DEB,2022-151VV,55204,DEB,,PRC,2022-11-11,TAISC,,96.61,98.61,633,559,,,EA,ORB
CZ-6A DEB,2022-151VW,55205,DEB,,PRC,2022-11-11,TAISC,,98.06,98.61,716,616,,,EA,ORB
CZ-6A DEB,2022-151VX,55206,DEB,D,PRC,2022-11-11,TAISC,2026-05-27,90.20,98.59,303,266,,,EA,IMP
CZ-6A DEB,2022-151VY,55207,DEB,,PRC,2022-11-11,TAISC,,97.00,98.63,655,575,,,EA,ORB
CZ-6A DEB,2022-151VZ,55208,DEB,,PRC,2022-11-11,TAISC,,96.25,98.63,608,551,,,EA,ORB
CZ-6A DEB,2022-151WA,55209,DEB,D,PRC,2022-11-11,TAISC,2023-04-20,99.39,98.65,783,676,,,EA,IMP
CZ-6A DEB,2022-151WB,55210,DEB,,PRC,2022-11-11,TAISC,,100.07,98.75,791,733,,,EA,ORB
CZ-6A DEB,2022-151WC,55211,DEB,D,PRC,2022-11-11,TAISC,2023-04-26,94.11,98.63,511,441,,,EA,IMP
CZ-6A DEB,2022-151WD,55212,DEB,,PRC,2022-11-11,TAISC,,94.83,98.64,524,496,,,EA,ORB
CZ-6A DEB,2022-151WE,55213,DEB,,PRC,2022-11-11,TAISC,,98.82,98.62,767,637,,,EA,ORB
CZ-6A DEB,2022-151WF,55214,DEB,,PRC,2022-11-11,TAISC,,97.75,98.43,720,582,,,EA,ORB
CZ-6A DEB,2022-151WG,55215,DEB,,PRC,2022-11-11,TAISC,,97.28,98.63,665,593,,,EA,ORB
CZ-6A DEB,2022-151WH,55216,DEB,,PRC,2022-11-11,TAISC,,98.24,98.61,728,622,,,EA,ORB
CZ-6A DEB,2022-151WJ,55217,DEB,D,PRC,2022-11-11,TAISC,2023-03-29,98.41,98.57,736,629,,,EA,IMP
CZ-6A DEB,2022-151WK,55218,DEB,,PRC,2022-11-11,TAISC,,101.51,98.83,865,795,,,EA,ORB
CZ-6A DEB,2022-151WL,55219,DEB,,PRC,2022-11-11,TAISC,,98.39,98.61,739,624,,,EA,ORB
CZ-6A DEB,2022-151WM,55220,DEB,,PRC,2022-11-11,TAISC,,100.53,98.71,848,720,,,EA,ORB
CZ-6A DEB,2022-151WN,55221,DEB,D,PRC,2022-11-11,TAISC,2023-04-19,98.64,98.71,761,626,,,EA,IMP
CZ-6A DEB,2022-151WP,55222,DEB,,PRC,2022-11-11,TAISC,,97.73,98.63,697,603,,,EA,ORB
CZ-6A DEB,2022-151WQ,55223,DEB,D,PRC,2022-11-11,TAISC,2023-03-14,95.66,98.55,553,548,,,EA,IMP
CZ-6A DEB,2022-151WR,55224,DEB,D,PRC,2022-11-11,TAISC,2025-08-31,90.53,98.64,318,283,,,EA,IMP
CZ-6A DEB,2022-151WS,55225,DEB,,PRC,2022-11-11,TAISC,,98.62,98.72,779,606,,,EA,ORB
CZ-6A DEB,2022-151WT,55226,DEB,D,PRC,2022-11-11,TAISC,2023-03-14,95.57,98.70,561,532,,,EA,IMP
CZ-6A DEB,2022-151WU,55227,DEB,D,PRC,2022-11-11,TAISC,2025-09-02,92.47,98.63,405,386,,,EA,IMP
CZ-6A DEB,2022-151WV,55228,DEB,,PRC,2022-11-11,TAISC,,97.32,98.62,672,588,,,EA,ORB
CZ-6A DEB,2022-151WW,55229,DEB,D,PRC,2022-11-11,TAISC,2024-03-15,90.34,98.59,301,282,,,EA,IMP
CZ-6A DEB,2022-151WX,55230,DEB,D,PRC,2022-11-11,TAISC,2024-12-03,90.14,98.53,302,260,,,EA,IMP
CZ-6A DEB,2022-151WY,55231,DEB,,PRC,2022-11-11,TAISC,,97.27,98.62,677,579,,,EA,ORB
CZ-6A DEB,2022-151WZ,55232,DEB,,PRC,2022-11-11,TAISC,,97.62,98.62,698,592,,,EA,ORB
CZ-6A DEB,2022-151XA,55233,DEB,D,PRC,2022-11-11,TAISC,2023-02-10,95.70,98.60,591,514,,,EA,IMP
CZ-6A DEB,2022-151XB,55234,DEB,,PRC,2022-11-11,TAISC,,103.07,98.87,983,824,,,EA,ORB
CZ-6A DEB,2022-151XC,55235,DEB,,PRC,2022-11-11,TAISC,,97.91,98.63,711,607,,,EA,ORB
CZ-6A DEB,2022-151XD,55236,DEB,D,PRC,2022-11-11,TAISC,2023-04-01,100.05,98.49,815,707,,,EA,IMP
CZ-6A DEB,2022-151XE,55237,DEB,,PRC,2022-11-11,TAISC,,98.67,98.76,769,621,,,EA,ORB
CZ-6A DEB,2022-151XF,55238,DEB,,PRC,2022-11-11,TAISC,,101.42,98.78,845,806,,,EA,ORB
DRAGON CRS-26 DEB,2022-159B,55241,DEB,D,US,2022-11-26,AFETR,2023-01-21,87.65,51.63,174,141,,,EA,IMP
LINUSS1,2022-144G,55246,PAY,+,US,2022-11-01,AFETR,,1453.72,5.54,36168,36093,,,EA,ORB
LINUSS2,2022-144H,55247,PAY,+,US,2022-11-01,AFETR,,1453.77,5.52,36158,36105,,,EA,ORB
CZ-6A DEB,2022-151XG,55510,DEB,D,PRC,2022-11-11,TAISC,2024-05-10,100.25,98.60,818,723,,,EA,IMP
CZ-6A DEB,2022-151XH,55511,DEB,,PRC,2022-11-11,TAISC,,101.53,98.83,860,802,,,EA,ORB
CZ-6A DEB,2022-151XJ,55512,DEB,,PRC,2022-11-11,TAISC,,99.89,98.68,787,720,,,EA,ORB
CZ-6A DEB,2022-151XK,55513,DEB,,PRC,2022-11-11,TAISC,,102.24,98.85,902,827,,,EA,ORB
CZ-6A DEB,2022-151XL,55514,DEB,,PRC,2022-11-11,TAISC,,101.74,98.86,899,783,,,EA,ORB
CZ-6A DEB,2022-151XM,55515,DEB,,PRC,2022-11-11,TAISC,,98.80,98.51,795,607,,,EA,ORB
CZ-6A DEB,2022-151XN,55516,DEB,,PRC,2022-11-11,TAISC,,94.87,98.58,527,498,,,EA,ORB
CZ-6A DEB,2022-151XP,55517,DEB,D,PRC,2022-11-11,TAISC,2023-05-04,98.98,98.52,738,681,,,EA,IMP
CZ-6A DEB,2022-151XQ,55518,DEB,D,PRC,2022-11-11,TAISC,2023-05-04,97.96,98.59,683,640,,,EA,IMP
CZ-6A DEB,2022-151XR,55519,DEB,,PRC,2022-11-11,TAISC,,96.01,98.76,578,556,,,EA,ORB
CZ-6A DEB,2022-151XS,55520,DEB,,PRC,2022-11-11,TAISC,,100.92,98.90,852,753,,,EA,ORB
CZ-6A DEB,2022-151XT,55521,DEB,,PRC,2022-11-11,TAISC,,102.23,98.87,905,823,,,EA,ORB
CZ-6A DEB,2022-151XU,55522,DEB,,PRC,2022-11-11,TAISC,,98.17,98.61,719,623,,,EA,ORB
CZ-6A DEB,2022-151XV,55523,DEB,,PRC,2022-11-11,TAISC,,101.11,98.83,849,774,,,EA,ORB
CZ-6A DEB,2022-151XW,55524,DEB,,PRC,2022-11-11,TAISC,,101.64,98.85,876,797,,,EA,ORB
CZ-6A DEB,2022-151XX,55525,DEB,,PRC,2022-11-11,TAISC,,102.67,98.91,953,817,,,EA,ORB
CZ-6A DEB,2022-151XY,55526,DEB,D,PRC,2022-11-11,TAISC,2023-05-31,99.63,98.61,828,653,,,EA,IMP
CZ-6A DEB,2022-151XZ,55527,DEB,D,PRC,2022-11-11,TAISC,2023-05-31,93.20,98.55,446,417,,,EA,IMP
CZ-6A DEB,2022-151YA,55528,DEB,,PRC,2022-11-11,TAISC,,99.13,98.63,767,667,,,EA,ORB
CZ-6A DEB,2022-151YB,55529,DEB,,PRC,2022-11-11,TAISC,,98.56,98.61,752,628,,,EA,ORB
CZ-6A DEB,2022-151YC,55530,DEB,,PRC,2022-11-11,TAISC,,95.02,98.60,545,495,,,EA,ORB
CZ-6A DEB,2022-151YD,55531,DEB,D,PRC,2022-11-11,TAISC,2023-03-24,95.83,98.76,606,511,,,EA,IMP
CZ-6A DEB,2022-151YE,55532,DEB,,PRC,2022-11-11,TAISC,,96.10,98.64,598,546,,,EA,ORB
CZ-6A DEB,2022-151YF,55533,DEB,,PRC,2022-11-11,TAISC,,102.12,98.84,890,829,,,EA,ORB
CZ-6A DEB,2022-151YG,55534,DEB,,PRC,2022-11-11,TAISC,,95.76,98.64,579,532,,,EA,ORB
CZ-6A DEB,2022-151YH,55535,DEB,,PRC,2022-11-11,TAISC,,97.63,98.63,695,595,,,EA,ORB
CZ-6A DEB,2022-151YJ,55536,DEB,,PRC,2022-11-11,TAISC,,100.93,98.80,836,770,,,EA,ORB
CZ-6A DEB,2022-151YK,55537,DEB,,PRC,2022-11-11,TAISC,,97.71,98.62,696,602,,,EA,ORB
CZ-6A DEB,2022-151YL,55538,DEB,D,PRC,2022-11-11,TAISC,2023-03-28,97.99,98.67,695,630,,,EA,IMP
CZ-6A DEB,2022-151YM,55539,DEB,,PRC,2022-11-11,TAISC,,100.80,98.82,846,748,,,EA,ORB
CZ-6A DEB,2022-151YN,55540,DEB,,PRC,2022-11-11,TAISC,,100.27,98.64,843,700,,,EA,ORB
CZ-6A DEB,2022-151YP,55541,DEB,D,PRC,2022-11-11,TAISC,2023-09-20,94.62,98.70,539,461,,,EA,IMP
CZ-6A DEB,2022-151YQ,55542,DEB,,PRC,2022-11-11,TAISC,,101.09,98.80,821,799,,,EA,ORB
CZ-6A DEB,2022-151YR,55543,DEB,,PRC,2022-11-11,TAISC,,98.68,98.52,787,604,,,EA,ORB
CZ-6A DEB,2022-151YS,55544,DEB,,PRC,2022-11-11,TAISC,,102.30,98.96,924,811,,,EA,ORB
CZ-6A DEB,2022-151YT,55545,DEB,D,PRC,2022-11-11,TAISC,2023-05-02,95.64,98.48,582,517,,,EA,IMP
CZ-6A DEB,2022-151YU,55546,DEB,,PRC,2022-11-11,TAISC,,99.46,98.60,827,639,,,EA,ORB
CZ-6A DEB,2022-151YV,55547,DEB,,PRC,2022-11-11,TAISC,,101.95,98.91,915,787,,,EA,ORB
CZ-6A DEB,2022-151YW,55548,DEB,,PRC,2022-11-11,TAISC,,100.29,98.68,819,726,,,EA,ORB
CZ-6A DEB,2022-151YX,55549,DEB,D,PRC,2022-11-11,TAISC,2025-09-01,92.21,98.68,398,367,,,EA,IMP
CZ-6A DEB,2022-151YY,55550,DEB,,PRC,2022-11-11,TAISC,,97.67,98.62,699,595,,,EA,ORB
CZ-6A DEB,2022-151YZ,55551,DEB,,PRC,2022-11-11,TAISC,,99.21,98.61,796,645,,,EA,ORB
CZ-6A DEB,2022-151ZA,55552,DEB,,PRC,2022-11-11,TAISC,,98.06,98.62,716,616,,,EA,ORB
CZ-6A DEB,2022-151ZB,55553,DEB,D,PRC,2022-11-11,TAISC,2023-12-28,98.30,98.50,748,606,,,EA,IMP
CZ-6A DEB,2022-151ZC,55554,DEB,,PRC,2022-11-11,TAISC,,101.69,98.82,880,797,,,EA,ORB
CZ-6A DEB,2022-151ZD,55555,DEB,D,PRC,2022-11-11,TAISC,2024-01-05,98.08,98.58,725,609,,,EA,IMP
CZ-6A DEB,2022-151ZE,55556,DEB,,PRC,2022-11-11,TAISC,,97.43,98.63,681,590,,,EA,ORB
CZ-6A DEB,2022-151ZF,55557,DEB,,PRC,2022-11-11,TAISC,,101.62,98.76,881,790,,,EA,ORB
CZ-6A DEB,2022-151ZG,55558,DEB,D,PRC,2022-11-11,TAISC,2023-03-15,97.79,98.61,700,606,,,EA,IMP
CZ-6A DEB,2022-151ZH,55559,DEB,,PRC,2022-11-11,TAISC,,101.21,98.83,873,759,,,EA,ORB
SHIYAN-20A DEB,2022-169E,55716,DEB,,PRC,2022-12-12,JSC,,100.49,60.00,783,781,,,EA,ORB
CREW DRAGON 5 DEB [TRUNK],2022-124B,55840,DEB,D,US,2022-10-05,AFETR,2023-04-27,87.23,51.28,142,132,,,EA,IMP
CZ-6A DEB,2022-151ZJ,55862,DEB,,PRC,2022-11-11,TAISC,,100.72,98.75,795,791,,,EA,ORB
CZ-6A DEB,2022-151ZK,55863,DEB,,PRC,2022-11-11,TAISC,,101.75,98.83,881,802,,,EA,ORB
CZ-6A DEB,2022-151ZL,55864,DEB,,PRC,2022-11-11,TAISC,,101.56,98.83,852,813,,,EA,ORB
CZ-6A DEB,2022-151ZM,55865,DEB,D,PRC,2022-11-11,TAISC,2023-04-08,96.41,98.51,605,568,,,EA,IMP
CZ-6A DEB,2022-151ZN,55866,DEB,D,PRC,2022-11-11,TAISC,2023-03-22,94.92,98.50,529,500,,,EA,IMP
CZ-6A DEB,2022-151ZP,55867,DEB,D,PRC,2022-11-11,TAISC,2026-05-20,90.85,98.60,335,298,,,EA,IMP
CZ-6A DEB,2022-151ZQ,55868,DEB,,PRC,2022-11-11,TAISC,,98.42,98.59,731,635,,,EA,ORB
CZ-6A DEB,2022-151ZR,55869,DEB,,PRC,2022-11-11,TAISC,,97.69,98.64,697,600,,,EA,ORB
CZ-6A DEB,2022-151ZS,55870,DEB,D,PRC,2022-11-11,TAISC,2025-07-26,90.76,98.60,326,298,,,EA,IMP
CZ-6A DEB,2022-151ZT,55871,DEB,,PRC,2022-11-11,TAISC,,101.20,98.80,834,797,,,EA,ORB
CZ-6A DEB,2022-151ZU,55872,DEB,,PRC,2022-11-11,TAISC,,102.03,98.84,884,825,,,EA,ORB
CZ-6A DEB,2022-151ZV,55873,DEB,D,PRC,2022-11-11,TAISC,2023-03-22,88.77,98.72,236,192,,,EA,IMP
CZ-6A DEB,2022-151ZW,55874,DEB,,PRC,2022-11-11,TAISC,,101.79,98.84,890,797,,,EA,ORB
CZ-6A DEB,2022-151ZX,55875,DEB,,PRC,2022-11-11,TAISC,,101.40,98.82,856,793,,,EA,ORB
CZ-6A DEB,2022-151ZY,55876,DEB,D,PRC,2022-11-11,TAISC,2024-11-01,95.27,98.67,552,511,,,EA,IMP
CZ-6A DEB,2022-151ZZ,55877,DEB,D,PRC,2022-11-11,TAISC,2023-03-24,93.73,98.68,479,435,,,EA,IMP
CZ-6A DEB,2022-151AAA,55878,DEB,,PRC,2022-11-11,TAISC,,91.88,98.62,386,347,,,EA,ORB
CZ-6A DEB,2022-151AAB,55879,DEB,,PRC,2022-11-11,TAISC,,100.97,98.79,837,773,,,EA,ORB
CZ-6A DEB,2022-151AAC,55880,DEB,D,PRC,2022-11-11,TAISC,2025-10-23,92.51,98.77,414,381,,,EA,IMP
CZ-6A DEB,2022-151AAD,55881,DEB,D,PRC,2022-11-11,TAISC,2026-01-20,92.63,98.65,421,386,,,EA,IMP
CZ-6A DEB,2022-151AAE,55882,DEB,,PRC,2022-11-11,TAISC,,101.70,98.83,873,805,,,EA,ORB
CZ-6A DEB,2022-151AAF,55883,DEB,,PRC,2022-11-11,TAISC,,98.07,98.67,749,585,,,EA,ORB
CZ-6A DEB,2022-151AAG,55884,DEB,,PRC,2022-11-11,TAISC,,101.72,98.84,876,803,,,EA,ORB
CZ-6A DEB,2022-151AAH,55885,DEB,D,PRC,2022-11-11,TAISC,2025-04-10,92.54,98.59,410,388,,,EA,IMP
CZ-6A DEB,2022-151AAJ,55886,DEB,,PRC,2022-11-11,TAISC,,99.66,98.75,771,714,,,EA,ORB
CZ-6A DEB,2022-151AAK,55887,DEB,,PRC,2022-11-11,TAISC,,100.56,98.79,823,747,,,EA,ORB
CZ-6A DEB,2022-151AAL,55888,DEB,,PRC,2022-11-11,TAISC,,98.61,98.45,784,600,,,EA,ORB
CZ-6A DEB,2022-151AAM,55889,DEB,D,PRC,2022-11-11,TAISC,2023-07-18,99.80,98.54,818,680,,,EA,IMP
CZ-6A DEB,2022-151AAN,55890,DEB,D,PRC,2022-11-11,TAISC,2024-12-27,91.38,98.64,352,332,,,EA,IMP
CZ-6A DEB,2022-151AAP,55891,DEB,,PRC,2022-11-11,TAISC,,102.19,98.85,906,819,,,EA,ORB
CZ-6A DEB,2022-151AAQ,55892,DEB,,PRC,2022-11-11,TAISC,,102.86,98.86,986,802,,,EA,ORB
CZ-6A DEB,2022-151AAR,55893,DEB,D,PRC,2022-11-11,TAISC,2023-05-04,98.93,98.47,731,684,,,EA,IMP
CZ-6A DEB,2022-151AAS,55894,DEB,D,PRC,2022-11-11,TAISC,2026-08-03,90.43,98.59,312,279,,,EA,IMP
CZ-6A DEB,2022-151AAT,55895,DEB,,PRC,2022-11-11,TAISC,,97.45,98.59,700,574,,,EA,ORB
CZ-6A DEB,2022-151AAU,55896,DEB,,PRC,2022-11-11,TAISC,,101.06,98.81,837,781,,,EA,ORB
CZ-6A DEB,2022-151AAV,55897,DEB,D,PRC,2022-11-11,TAISC,2025-02-27,90.44,98.58,306,287,,,EA,IMP
CZ-6A DEB,2022-151AAW,55898,DEB,,PRC,2022-11-11,TAISC,,101.82,98.83,886,804,,,EA,ORB
CZ-6A DEB,2022-151AAX,55899,DEB,,PRC,2022-11-11,TAISC,,96.83,98.62,642,572,,,EA,ORB
CZ-6A DEB,2022-151AAY,55900,DEB,,PRC,2022-11-11,TAISC,,101.30,98.77,847,793,,,EA,ORB
CZ-6A DEB,2022-151AAZ,55901,DEB,,PRC,2022-11-11,TAISC,,102.61,98.88,940,824,,,EA,ORB
CZ-6A DEB,2022-151ABA,55902,DEB,,PRC,2022-11-11,TAISC,,96.92,98.58,639,583,,,EA,ORB
SLS DEB,2022-156C,55903,DEB,D,US,2022-11-16,AFETR,2024-06-28,91.88,30.48,469,265,,,EA,IMP
SLS DEB,2022-156D,55904,DEB,,US,2022-11-16,AFETR,,118.22,30.37,2830,372,,,EA,ORB
SLS DEB,2022-156E,55905,DEB,,US,2022-11-16,AFETR,,104.58,30.47,1591,359,,,EA,ORB
SLS DEB,2022-156F,55906,DEB,D,US,2022-11-16,AFETR,2024-01-23,92.62,30.29,491,315,,,EA,IMP
SLS DEB,2022-156G,55907,DEB,,US,2022-11-16,AFETR,,114.00,30.55,2439,381,,,EA,ORB
CZ-6A DEB,2022-151ABB,56235,DEB,D,PRC,2022-11-11,TAISC,2024-04-04,88.95,98.48,231,214,,,EA,IMP
CZ-6A DEB,2022-151ABC,56236,DEB,,PRC,2022-11-11,TAISC,,99.58,98.60,786,691,,,EA,ORB
CZ-6A DEB,2022-151ABD,56237,DEB,,PRC,2022-11-11,TAISC,,103.24,98.91,1004,820,,,EA,ORB
CZ-6A DEB,2022-151ABE,56238,DEB,,PRC,2022-11-11,TAISC,,105.31,98.91,1191,827,,,EA,ORB
CZ-6A DEB,2022-151ABF,56239,DEB,,PRC,2022-11-11,TAISC,,100.30,98.68,817,728,,,EA,ORB
CZ-6A DEB,2022-151ABG,56240,DEB,,PRC,2022-11-11,TAISC,,96.89,98.81,653,566,,,EA,ORB
CZ-6A DEB,2022-151ABH,56241,DEB,,PRC,2022-11-11,TAISC,,98.38,98.82,739,623,,,EA,ORB
CZ-6A DEB,2022-151ABJ,56242,DEB,D,PRC,2022-11-11,TAISC,2023-06-03,93.90,98.59,482,448,,,EA,IMP
CZ-6A DEB,2022-151ABK,56243,DEB,D,PRC,2022-11-11,TAISC,2023-07-07,97.45,98.70,741,532,,,EA,IMP
CZ-6A DEB,2022-151ABL,56244,DEB,D,PRC,2022-11-11,TAISC,2023-05-31,97.62,98.58,708,581,,,EA,IMP
CZ-6A DEB,2022-151ABM,56245,DEB,,PRC,2022-11-11,TAISC,,101.07,98.81,844,774,,,EA,ORB
CZ-6A DEB,2022-151ABN,56246,DEB,,PRC,2022-11-11,TAISC,,96.25,98.72,652,506,,,EA,ORB
CZ-6A DEB,2022-151ABP,56247,DEB,,PRC,2022-11-11,TAISC,,97.70,98.43,727,570,,,EA,ORB
CZ-6A DEB,2022-151ABQ,56248,DEB,,PRC,2022-11-11,TAISC,,102.63,98.87,937,829,,,EA,ORB
CZ-6A DEB,2022-151ABR,56249,DEB,,PRC,2022-11-11,TAISC,,101.02,98.76,840,773,,,EA,ORB
CZ-6A DEB,2022-151ABS,56250,DEB,,PRC,2022-11-11,TAISC,,99.59,98.56,803,675,,,EA,ORB
CZ-6A DEB,2022-151ABT,56251,DEB,,PRC,2022-11-11,TAISC,,102.35,98.86,916,823,,,EA,ORB
CZ-6A DEB,2022-151ABU,56252,DEB,,PRC,2022-11-11,TAISC,,102.51,98.88,939,816,,,EA,ORB
CZ-6A DEB,2022-151ABV,56253,DEB,,PRC,2022-11-11,TAISC,,101.34,98.81,845,800,,,EA,ORB
CZ-6A DEB,2022-151ABW,56254,DEB,D,PRC,2022-11-11,TAISC,2024-01-05,96.86,98.71,672,545,,,EA,IMP
CZ-6A DEB,2022-151ABX,56255,DEB,,PRC,2022-11-11,TAISC,,102.78,98.92,987,793,,,EA,ORB
CZ-6A DEB,2022-151ABY,56256,DEB,,PRC,2022-11-11,TAISC,,98.84,98.57,803,603,,,EA,ORB
CZ-6A DEB,2022-151ABZ,56257,DEB,,PRC,2022-11-11,TAISC,,102.17,98.85,916,807,,,EA,ORB
CZ-6A DEB,2022-151ACA,56258,DEB,,PRC,2022-11-11,TAISC,,98.54,98.65,757,621,,,EA,ORB
CZ-6A DEB,2022-151ACB,56259,DEB,,PRC,2022-11-11,TAISC,,101.57,98.83,867,799,,,EA,ORB
CZ-6A DEB,2022-151ACC,56260,DEB,,PRC,2022-11-11,TAISC,,101.05,98.74,840,776,,,EA,ORB
CZ-6A DEB,2022-151ACD,56261,DEB,,PRC,2022-11-11,TAISC,,100.35,98.80,805,745,,,EA,ORB
CZ-6A DEB,2022-151ACE,56262,DEB,,PRC,2022-11-11,TAISC,,101.62,98.84,869,802,,,EA,ORB
CZ-6A DEB,2022-151ACF,56263,DEB,,PRC,2022-11-11,TAISC,,99.05,98.49,797,629,,,EA,ORB
CZ-6A DEB,2022-151ACG,56264,DEB,D,PRC,2022-11-11,TAISC,2024-09-16,93.23,98.64,437,429,,,EA,IMP
CZ-6A DEB,2022-151ACH,56265,DEB,,PRC,2022-11-11,TAISC,,101.62,98.83,865,806,,,EA,ORB
CZ-6A DEB,2022-151ACJ,56266,DEB,,PRC,2022-11-11,TAISC,,103.31,98.96,1001,829,,,EA,ORB
CZ-6A DEB,2022-151ACK,56267,DEB,,PRC,2022-11-11,TAISC,,95.78,98.64,582,531,,,EA,ORB
CZ-6A DEB,2022-151ACL,56268,DEB,D,PRC,2022-11-11,TAISC,2023-06-14,92.22,98.56,400,368,,,EA,IMP
CZ-6A DEB,2022-151ACM,56269,DEB,,PRC,2022-11-11,TAISC,,101.92,98.83,877,822,,,EA,ORB
CZ-6A DEB,2022-151ACN,56270,DEB,,PRC,2022-11-11,TAISC,,97.50,98.62,685,593,,,EA,ORB
CZ-6A DEB,2022-151ACP,56271,DEB,,PRC,2022-11-11,TAISC,,97.32,98.53,664,597,,,EA,ORB
CZ-6A DEB,2022-151ACQ,56272,DEB,,PRC,2022-11-11,TAISC,,100.33,98.76,784,764,,,EA,ORB
CZ-6A DEB,2022-151ACR,56273,DEB,,PRC,2022-11-11,TAISC,,98.50,98.48,775,599,,,EA,ORB
CZ-6A DEB,2022-151ACS,56274,DEB,,PRC,2022-11-11,TAISC,,102.42,98.87,919,828,,,EA,ORB
CZ-6A DEB,2022-151ACT,56275,DEB,D,PRC,2022-11-11,TAISC,2025-12-10,90.88,98.60,329,307,,,EA,IMP
CZ-6A DEB,2022-151ACU,56276,DEB,,PRC,2022-11-11,TAISC,,101.34,98.78,830,815,,,EA,ORB
CZ-6A DEB,2022-151ACV,56277,DEB,,PRC,2022-11-11,TAISC,,100.64,98.72,824,754,,,EA,ORB
CZ-6A DEB,2022-151ACW,56278,DEB,,PRC,2022-11-11,TAISC,,103.28,98.96,998,829,,,EA,ORB
CZ-6A DEB,2022-151ACX,56279,DEB,,PRC,2022-11-11,TAISC,,102.46,98.90,925,825,,,EA,ORB
CZ-6A DEB,2022-151ACY,56280,DEB,,PRC,2022-11-11,TAISC,,102.78,98.88,963,817,,,EA,ORB
CZ-6A DEB,2022-151ACZ,56281,DEB,,PRC,2022-11-11,TAISC,,101.78,98.83,884,802,,,EA,ORB
CZ-6A DEB,2022-151ADA,56282,DEB,,PRC,2022-11-11,TAISC,,101.30,98.85,869,771,,,EA,ORB
CZ-6A DEB,2022-151ADB,56283,DEB,,PRC,2022-11-11,TAISC,,97.21,98.58,662,588,,,EA,ORB
CZ-6A DEB,2022-151ADC,56284,DEB,,PRC,2022-11-11,TAISC,,98.90,98.52,800,611,,,EA,ORB
CZ-6A DEB,2022-151ADD,56285,DEB,D,PRC,2022-11-11,TAISC,2026-06-06,92.39,98.62,409,374,,,EA,IMP
USA 344,2022-144J,56307,PAY,+,US,2022-11-01,AFETR,,1440.30,5.44,35887,35850,,NEA,EA,ORB
CZ-6A DEB,2022-151ADE,56582,DEB,,PRC,2022-11-11,TAISC,,101.03,98.76,815,800,,,EA,ORB
CZ-6A DEB,2022-151ADF,56583,DEB,,PRC,2022-11-11,TAISC,,96.21,98.62,608,546,,,EA,ORB
CZ-6A DEB,2022-151ADG,56584,DEB,D,PRC,2022-11-11,TAISC,2023-08-29,92.73,98.65,425,392,,,EA,IMP
CZ-6A DEB,2022-151ADH,56585,DEB,D,PRC,2022-11-11,TAISC,2026-01-16,91.49,98.58,361,334,,,EA,IMP
CZ-6A DEB,2022-151ADJ,56586,DEB,,PRC,2022-11-11,TAISC,,96.97,98.64,647,580,,,EA,ORB
CZ-6A DEB,2022-151ADK,56587,DEB,,PRC,2022-11-11,TAISC,,103.47,98.94,1044,801,,,EA,ORB
CZ-6A DEB,2022-151ADL,56588,DEB,,PRC,2022-11-11,TAISC,,97.29,98.63,668,590,,,EA,ORB
CZ-6A DEB,2022-151ADM,56589,DEB,,PRC,2022-11-11,TAISC,,103.17,98.91,1053,764,,,EA,ORB
CZ-6A DEB,2022-151ADN,56590,DEB,,PRC,2022-11-11,TAISC,,100.65,98.68,817,762,,,EA,ORB
CZ-6A DEB,2022-151ADP,56591,DEB,,PRC,2022-11-11,TAISC,,106.05,99.10,1259,829,,,EA,ORB
CZ-6A DEB,2022-151ADQ,56592,DEB,,PRC,2022-11-11,TAISC,,101.33,98.82,847,796,,,EA,ORB
CZ-6A DEB,2022-151ADR,56593,DEB,,PRC,2022-11-11,TAISC,,99.83,98.66,834,666,,,EA,ORB
CZ-6A DEB,2022-151ADS,56594,DEB,,PRC,2022-11-11,TAISC,,101.78,98.80,864,822,,,EA,ORB
CZ-6A DEB,2022-151ADT,56595,DEB,,PRC,2022-11-11,TAISC,,101.31,98.73,916,725,,,EA,ORB
CZ-6A DEB,2022-151ADU,56596,DEB,,PRC,2022-11-11,TAISC,,101.28,98.81,846,792,,,EA,ORB
CZ-6A DEB,2022-151ADV,56597,DEB,,PRC,2022-11-11,TAISC,,101.34,98.91,898,746,,,EA,ORB
CZ-6A DEB,2022-151ADW,56598,DEB,,PRC,2022-11-11,TAISC,,101.19,98.77,847,782,,,EA,ORB
CZ-6A DEB,2022-151ADX,56599,DEB,,PRC,2022-11-11,TAISC,,100.51,98.67,861,704,,,EA,ORB
CZ-6A DEB,2022-151ADY,56600,DEB,,PRC,2022-11-11,TAISC,,95.69,98.63,574,530,,,EA,ORB
CZ-6A DEB,2022-151ADZ,56601,DEB,,PRC,2022-11-11,TAISC,,100.39,98.60,858,696,,,EA,ORB
CZ-6A DEB,2022-151AEA,56602,DEB,,PRC,2022-11-11,TAISC,,100.35,98.78,799,752,,,EA,ORB
CZ-6A DEB,2022-151AEB,56603,DEB,D,PRC,2022-11-11,TAISC,2024-11-14,97.46,98.65,683,590,,,EA,IMP
CZ-6A DEB,2022-151AEC,56604,DEB,,PRC,2022-11-11,TAISC,,93.59,98.62,458,442,,,EA,ORB
CZ-6A DEB,2022-151AED,56605,DEB,,PRC,2022-11-11,TAISC,,100.11,98.77,766,761,,,EA,ORB
CZ-6A DEB,2022-151AEE,56606,DEB,,PRC,2022-11-11,TAISC,,102.16,98.85,895,827,,,EA,ORB
CZ-6A DEB,2022-151AEF,56607,DEB,,PRC,2022-11-11,TAISC,,100.67,98.69,872,709,,,EA,ORB
CZ-6A DEB,2022-151AEG,56608,DEB,,PRC,2022-11-11,TAISC,,101.66,98.89,862,813,,,EA,ORB
CZ-6A DEB,2022-151AEH,56609,DEB,,PRC,2022-11-11,TAISC,,103.18,98.87,997,821,,,EA,ORB
CZ-6A DEB,2022-151AEJ,56610,DEB,,PRC,2022-11-11,TAISC,,102.23,98.85,902,826,,,EA,ORB
CZ-6A DEB,2022-151AEK,56611,DEB,,PRC,2022-11-11,TAISC,,102.08,98.83,888,826,,,EA,ORB
CZ-6A DEB,2022-151AEL,56612,DEB,,PRC,2022-11-11,TAISC,,101.77,98.82,869,816,,,EA,ORB
CZ-6A DEB,2022-151AEM,56613,DEB,,PRC,2022-11-11,TAISC,,101.22,98.80,819,813,,,EA,ORB
CZ-6A DEB,2022-151AEN,56614,DEB,,PRC,2022-11-11,TAISC,,103.14,98.86,991,823,,,EA,ORB
CZ-6A DEB,2022-151AEP,56615,DEB,D,PRC,2022-11-11,TAISC,2025-09-02,90.88,98.62,335,301,,,EA,IMP
CZ-6A DEB,2022-151AEQ,56616,DEB,,PRC,2022-11-11,TAISC,,101.91,98.82,873,825,,,EA,ORB
CZ-6A DEB,2022-151AER,56617,DEB,D,PRC,2022-11-11,TAISC,2026-03-11,93.38,98.50,463,418,,,EA,IMP
CZ-6A DEB,2022-151AES,56618,DEB,,PRC,2022-11-11,TAISC,,102.04,98.84,886,825,,,EA,ORB
CZ-6A DEB,2022-151AET,56619,DEB,,PRC,2022-11-11,TAISC,,100.66,98.57,843,737,,,EA,ORB
CZ-6A DEB,2022-151AEU,56620,DEB,,PRC,2022-11-11,TAISC,,103.74,98.94,1049,822,,,EA,ORB
CZ-6A DEB,2022-151AEV,56621,DEB,,PRC,2022-11-11,TAISC,,103.07,98.93,986,822,,,EA,ORB
CZ-6A DEB,2022-151AEW,56622,DEB,,PRC,2022-11-11,TAISC,,102.08,98.81,904,810,,,EA,ORB
CZ-6A DEB,2022-151AEX,56623,DEB,,PRC,2022-11-11,TAISC,,102.88,98.90,969,821,,,EA,ORB
CZ-6A DEB,2022-151AEY,56624,DEB,,PRC,2022-11-11,TAISC,,102.09,98.85,890,825,,,EA,ORB
CZ-6A DEB,2022-151AEZ,56625,DEB,,PRC,2022-11-11,TAISC,,102.58,98.90,939,823,,,EA,ORB
CZ-6A DEB,2022-151AFA,56626,DEB,,PRC,2022-11-11,TAISC,,101.14,98.81,818,808,,,EA,ORB
CZ-6A DEB,2022-151AFB,56627,DEB,,PRC,2022-11-11,TAISC,,101.38,98.82,851,797,,,EA,ORB
CZ-6A DEB,2022-151AFC,56628,DEB,,PRC,2022-11-11,TAISC,,102.47,98.88,927,824,,,EA,ORB
CZ-6A DEB,2022-151AFD,56629,DEB,,PRC,2022-11-11,TAISC,,98.52,98.62,740,636,,,EA,ORB
CZ-6A DEB,2022-151AFE,56630,DEB,,PRC,2022-11-11,TAISC,,101.87,98.85,885,809,,,EA,ORB
CZ-6A DEB,2022-151AFF,56631,DEB,D,PRC,2022-11-11,TAISC,2026-08-15,92.47,98.60,399,392,,,EA,IMP
CZ-6A DEB,2022-151AFG,56632,DEB,D,PRC,2022-11-11,TAISC,2024-05-26,89.21,99.08,252,220,,,EA,IMP
CZ-6A DEB,2022-151AFH,56633,DEB,,PRC,2022-11-11,TAISC,,102.36,98.88,923,817,,,EA,ORB
CZ-6A DEB,2022-151AFJ,56634,DEB,,PRC,2022-11-11,TAISC,,101.29,98.78,828,811,,,EA,ORB
CZ-6A DEB,2022-151AFK,56635,DEB,,PRC,2022-11-11,TAISC,,101.36,98.75,846,801,,,EA,ORB
CZ-6A DEB,2022-151AFL,56636,DEB,,PRC,2022-11-11,TAISC,,101.93,98.84,903,797,,,EA,ORB
CZ-6A DEB,2022-151AFM,56637,DEB,,PRC,2022-11-11,TAISC,,98.68,98.86,772,619,,,EA,ORB
CZ-6A DEB,2022-151AFN,56638,DEB,,PRC,2022-11-11,TAISC,,101.52,98.82,866,795,,,EA,ORB
CZ-6A DEB,2022-151AFP,56639,DEB,,PRC,2022-11-11,TAISC,,100.79,98.74,825,767,,,EA,ORB
CZ-6A DEB,2022-151AFQ,56640,DEB,,PRC,2022-11-11,TAISC,,103.24,98.80,1007,817,,,EA,ORB
CZ-6A DEB,2022-151AFR,56641,DEB,,PRC,2022-11-11,TAISC,,97.13,98.67,710,533,,,EA,ORB
CZ-6A DEB,2022-151AFS,56642,DEB,,PRC,2022-11-11,TAISC,,103.35,98.92,1009,825,,,EA,ORB
CZ-6A DEB,2022-151AFT,56643,DEB,D,PRC,2022-11-11,TAISC,2024-08-13,94.59,98.64,525,472,,,EA,IMP
CZ-6A DEB,2022-151AFU,56644,DEB,,PRC,2022-11-11,TAISC,,102.03,98.84,884,826,,,EA,ORB
CZ-6A DEB,2022-151AFV,56645,DEB,,PRC,2022-11-11,TAISC,,101.48,98.80,858,800,,,EA,ORB
CZ-6A DEB,2022-151AFW,56646,DEB,,PRC,2022-11-11,TAISC,,99.34,98.69,802,652,,,EA,ORB
CZ-6A DEB,2022-151AFX,56647,DEB,,PRC,2022-11-11,TAISC,,101.51,98.82,860,800,,,EA,ORB
CZ-6A DEB,2022-151AFY,56648,DEB,,PRC,2022-11-11,TAISC,,102.12,98.84,897,822,,,EA,ORB
CZ-6A DEB,2022-151AFZ,56649,DEB,,PRC,2022-11-11,TAISC,,101.57,98.83,862,804,,,EA,ORB
CZ-6A DEB,2022-151AGA,56650,DEB,,PRC,2022-11-11,TAISC,,101.64,98.83,869,803,,,EA,ORB
CZ-6A DEB,2022-151AGB,56651,DEB,,PRC,2022-11-11,TAISC,,97.55,98.61,684,599,,,EA,ORB
CZ-6A DEB,2022-151AGC,56652,DEB,,PRC,2022-11-11,TAISC,,100.91,98.81,857,746,,,EA,ORB
CZ-6A DEB,2022-151AGD,56653,DEB,,PRC,2022-11-11,TAISC,,97.73,98.60,723,577,,,EA,ORB
CZ-6A DEB,2022-151AGE,56654,DEB,,PRC,2022-11-11,TAISC,,103.23,98.91,1011,812,,,EA,ORB
CZ-6A DEB,2022-151AGF,56655,DEB,,PRC,2022-11-11,TAISC,,99.99,98.62,819,697,,,EA,ORB
CZ-6A DEB,2022-151AGG,56656,DEB,,PRC,2022-11-11,TAISC,,102.89,98.86,980,811,,,EA,ORB
CZ-6A DEB,2022-151AGH,56657,DEB,,PRC,2022-11-11,TAISC,,104.19,98.96,1087,827,,,EA,ORB
CZ-6A DEB,2022-151AGJ,56658,DEB,,PRC,2022-11-11,TAISC,,103.39,98.87,1011,827,,,EA,ORB
CZ-6A DEB,2022-151AGK,56659,DEB,,PRC,2022-11-11,TAISC,,100.23,98.71,789,750,,,EA,ORB
CZ-6A DEB,2022-151AGL,56660,DEB,,PRC,2022-11-11,TAISC,,100.18,98.67,839,695,,,EA,ORB
CZ-6A DEB,2022-151AGM,56661,DEB,,PRC,2022-11-11,TAISC,,99.99,98.68,831,685,,,EA,ORB
CZ-6A DEB,2022-151AGN,56662,DEB,,PRC,2022-11-11,TAISC,,102.13,98.85,908,811,,,EA,ORB
CZ-6A DEB,2022-151AGP,56663,DEB,D,PRC,2022-11-11,TAISC,2024-02-04,92.07,98.55,382,370,,,EA,IMP
CZ-6A DEB,2022-151AGQ,56664,DEB,,PRC,2022-11-11,TAISC,,101.87,98.82,872,822,,,EA,ORB
CZ-6A DEB,2022-151AGR,56665,DEB,,PRC,2022-11-11,TAISC,,98.63,98.70,780,606,,,EA,ORB
CZ-6A DEB,2022-151AGS,56666,DEB,,PRC,2022-11-11,TAISC,,99.68,98.73,797,690,,,EA,ORB
CZ-6A DEB,2022-151AGT,56667,DEB,,PRC,2022-11-11,TAISC,,98.92,98.81,783,631,,,EA,ORB
CZ-6A DEB,2022-151AGU,56668,DEB,,PRC,2022-11-11,TAISC,,99.85,98.82,775,727,,,EA,ORB
CZ-6A DEB,2022-151AGV,56669,DEB,D,PRC,2022-11-11,TAISC,2024-10-09,92.55,98.57,429,370,,,EA,IMP
CZ-6A DEB,2022-151AGW,56670,DEB,,PRC,2022-11-11,TAISC,,101.65,98.81,869,804,,,EA,ORB
CZ-6A DEB,2022-151AGX,56671,DEB,,PRC,2022-11-11,TAISC,,103.25,98.92,1000,825,,,EA,ORB
CZ-6A DEB,2022-151AGY,56672,DEB,,PRC,2022-11-11,TAISC,,103.84,98.90,1053,827,,,EA,ORB
CZ-6A DEB,2022-151AGZ,56673,DEB,,PRC,2022-11-11,TAISC,,100.13,98.74,789,740,,,EA,ORB
CZ-6A DEB,2022-151AHA,56674,DEB,,PRC,2022-11-11,TAISC,,98.71,98.52,785,609,,,EA,ORB
CZ-6A DEB,2022-151AHB,56675,DEB,,PRC,2022-11-11,TAISC,,102.09,98.88,914,801,,,EA,ORB
CZ-6A DEB,2022-151AHC,56676,DEB,,PRC,2022-11-11,TAISC,,102.14,98.86,893,827,,,EA,ORB
CZ-6A DEB,2022-151AHD,56677,DEB,,PRC,2022-11-11,TAISC,,100.39,98.62,892,663,,,EA,ORB
CZ-6A DEB,2022-151AHE,56678,DEB,,PRC,2022-11-11,TAISC,,101.94,98.84,895,806,,,EA,ORB
CZ-6A DEB,2022-151AHF,56679,DEB,,PRC,2022-11-11,TAISC,,102.60,98.97,956,808,,,EA,ORB
CZ-6A DEB,2022-151AHG,56680,DEB,,PRC,2022-11-11,TAISC,,98.31,98.61,735,621,,,EA,ORB
CZ-6A DEB,2022-151AHH,56681,DEB,,PRC,2022-11-11,TAISC,,101.38,98.81,847,801,,,EA,ORB
CZ-6A DEB,2022-151AHJ,56682,DEB,,PRC,2022-11-11,TAISC,,101.93,98.83,882,817,,,EA,ORB
CZ-6A DEB,2022-151AHK,56683,DEB,,PRC,2022-11-11,TAISC,,102.13,98.84,892,827,,,EA,ORB
CZ-6A DEB,2022-151AHL,56684,DEB,,PRC,2022-11-11,TAISC,,102.76,98.93,964,815,,,EA,ORB
CZ-6A DEB,2022-151AHM,56685,DEB,,PRC,2022-11-11,TAISC,,101.46,98.82,859,797,,,EA,ORB
CZ-6A DEB,2022-151AHN,56686,DEB,,PRC,2022-11-11,TAISC,,102.14,98.85,893,827,,,EA,ORB
CZ-6A DEB,2022-151AHP,56687,DEB,,PRC,2022-11-11,TAISC,,103.25,98.94,1002,823,,,EA,ORB
SZ-15 MODULE,2022-162C,56873,PAY,D,PRC,2022-11-29,JSC,2024-04-02,87.42,41.47,147,147,,,EA,IMP
CZ-6A DEB,2022-151AHQ,57573,DEB,D,PRC,2022-11-11,TAISC,2023-11-25,95.87,98.52,579,541,,,EA,IMP
CZ-6A DEB,2022-151AHR,57574,DEB,D,PRC,2022-11-11,TAISC,2025-05-20,92.18,98.62,387,376,,,EA,IMP
CZ-6A DEB,2022-151AHS,57575,DEB,,PRC,2022-11-11,TAISC,,101.26,98.81,851,785,,,EA,ORB
CZ-6A DEB,2022-151AHT,57576,DEB,,PRC,2022-11-11,TAISC,,101.53,98.82,860,802,,,EA,ORB
CZ-6A DEB,2022-151AHU,57577,DEB,D,PRC,2022-11-11,TAISC,2025-02-14,98.38,98.66,750,612,,,EA,IMP
CZ-6A DEB,2022-151AHV,57578,DEB,,PRC,2022-11-11,TAISC,,100.52,98.85,816,750,,,EA,ORB
CZ-6A DEB,2022-151AHW,57579,DEB,,PRC,2022-11-11,TAISC,,101.04,98.75,826,790,,,EA,ORB
SLS DEB,2022-156H,57684,DEB,D,US,2022-11-16,AFETR,2023-11-28,101.78,30.34,1286,401,,,EA,IMP
SLS DEB,2022-156J,57685,DEB,D,US,2022-11-16,AFETR,2023-12-07,112.43,30.28,2242,434,,,EA,IMP
SLS DEB,2022-156K,57686,DEB,D,US,2022-11-16,AFETR,2023-09-06,96.63,30.32,781,414,,,EA,IMP
SLS DEB,2022-156L,57687,DEB,D,US,2022-11-16,AFETR,2023-11-07,92.75,30.21,450,369,,,EA,IMP
SLS DEB,2022-156M,57688,DEB,D,US,2022-11-16,AFETR,2023-10-21,100.27,30.24,1158,385,,,EA,IMP
SLS DEB,2022-156N,57689,DEB,D,US,2022-11-16,AFETR,2023-10-21,103.97,30.25,1449,443,,,EA,IMP
SLS DEB,2022-156P,57690,DEB,D,US,2022-11-16,AFETR,2024-04-28,94.03,30.35,569,374,,,EA,IMP
CZ-6A DEB,2022-151AHX,58429,DEB,,PRC,2022-11-11,TAISC,,102.20,98.88,922,803,,,EA,ORB
CZ-6A DEB,2022-151AHY,58430,DEB,,PRC,2022-11-11,TAISC,,101.74,98.90,902,780,,,EA,ORB
CZ-6A DEB,2022-151AHZ,58431,DEB,,PRC,2022-11-11,TAISC,,101.12,98.83,848,775,,,EA,ORB
CZ-6A DEB,2022-151AJA,58432,DEB,,PRC,2022-11-11,TAISC,,101.18,98.79,824,805,,,EA,ORB
CZ-6A DEB,2022-151AJB,58433,DEB,,PRC,2022-11-11,TAISC,,94.17,98.78,511,445,,,EA,ORB
CZ-6A DEB,2022-151AJC,58434,DEB,,PRC,2022-11-11,TAISC,,100.51,98.70,857,709,,,EA,ORB
USA 399,2022-144K,60741,PAY,+,US,2022-11-01,AFETR,,1452.75,5.49,36119,36105,,NEA,EA,ORB
CZ-6A DEB,2022-151AJD,62338,DEB,,PRC,2022-11-11,TAISC,,100.14,98.74,787,743,,,EA,ORB
USA 546,2022-144L,64289,PAY,+,US,2022-11-01,AFETR,,1402.67,5.49,35219,35040,,NEA,EA,ORB
USA 547,2022-144M,64466,PAY,+,US,2022-11-01,AFETR,,1454.83,5.66,36164,36141,,NEA,EA,ORB
CZ-6A DEB,2022-151AJE,64499,DEB,,PRC,2022-11-11,TAISC,,102.12,98.89,921,797,,,EA,ORB
OBJECT C,2022-089C,64627,UNK,,CIS,2022-08-01,PLMSC,,93.71,97.23,463,449,,,EA,ORB
USA 548,2022-144N,64722,PAY,+,US,2022-11-01,AFETR,,1450.27,5.53,36065,36062,,NEA,EA,ORB
USA 551,2022-144P,65156,PAY,+,US,2022-11-01,AFETR,,1453.82,5.62,36142,36124,,NEA,EA,ORB
USA 552,2022-144Q,65157,PAY,+,US,2022-11-01,AFETR,,1453.25,5.58,36151,36093,,NEA,EA,ORB
USA 553,2022-144R,65158,PAY,+,US,2022-11-01,AFETR,,1460.32,0.55,36272,36247,,NEA,EA,ORB
USA 556,2022-144S,65650,PAY,+,US,2022-11-01,AFETR,,1460.13,0.24,36286,36226,,NEA,EA,ORB
USA 557,2022-144T,65651,PAY,+,US,2022-11-01,AFETR,,1452.39,0.45,36107,36103,,NEA,EA,ORB
CZ-6A DEB,2022-151AJF,66789,DEB,,PRC,2022-11-11,TAISC,,101.38,98.83,862,786,,,EA,ORB
CZ-6A DEB,2022-151AJG,66790,DEB,,PRC,2022-11-11,TAISC,,101.58,98.82,865,803,,,EA,ORB
CZ-6A DEB,2022-151AJH,68406,DEB,,PRC,2022-11-11,TAISC,,98.38,99.13,734,629,,,EA,ORB
CZ-6A DEB,2022-151AJJ,68407,DEB,,PRC,2022-11-11,TAISC,,97.85,98.80,718,594,,,EA,ORB
CZ-6A DEB,2022-151AJK,69092,DEB,,PRC,2022-11-11,TAISC,,100.36,98.84,798,753,,,EA,ORB
