OBJECT_NAME,OBJECT_ID,NORAD_CAT_ID,OBJECT_TYPE,OPS_STATUS_CODE,OWNER,LAUNCH_DATE,LAUNCH_SITE,DECAY_DATE,PERIOD,INCLINATION,APOGEE,PERIGEE,RCS,DATA_STATUS_CODE,ORBIT_CENTER,ORBIT_TYPE
COSMOS 1237,1981-001A,12130,PAY,D,CIS,1981-01-06,PLMSC,1981-01-20,,,,,,,EA,IMP
SL-4 R/B,1981-001B,12131,R/B,D,CIS,1981-01-06,PLMSC,1981-01-15,,,,,,,EA,IMP
SL-4 DEB,1981-001C,12132,DEB,D,CIS,1981-01-06,PLMSC,1981-01-12,,,,,,,EA,IMP
MOLNIYA 3-14,1981-002A,12133,PAY,D,CIS,1981-01-09,PLMSC,1999-07-03,87.53,61.88,237,67,20.6239,,EA,IMP
SL-6 R/B(2),1981-002B,12134,R/B,D,CIS,1981-01-09,PLMSC,1999-10-23,94.16,61.95,877,78,7.3994,,EA,IMP
SL-6 R/B(1),1981-002C,12135,R/B,D,CIS,1981-01-09,PLMSC,1981-01-27,,,,,,,EA,IMP
SL-6 PLAT,1981-002D,12136,DEB,D,CIS,1981-01-09,PLMSC,1981-01-22,,,,,,,EA,IMP
COSMOS 1238,1981-003A,12138,PAY,,CIS,1981-01-16,PLMSC,,101.87,82.96,1305,389,2.9540,,EA,ORB
SL-8 R/B,1981-003B,12139,R/B,,CIS,1981-01-16,PLMSC,,94.95,82.94,683,350,5.4790,,EA,ORB
COSMOS 1239,1981-004A,12140,PAY,D,CIS,1981-01-16,PLMSC,1981-01-28,88.55,82.33,209,197,,,EA,IMP
SL-4 R/B,1981-004B,12141,R/B,D,CIS,1981-01-16,PLMSC,1981-01-20,,,,,,,EA,IMP
COSMOS 1240,1981-005A,12143,PAY,D,CIS,1981-01-20,TYMSC,1981-02-17,89.64,64.86,359,155,14.4537,,EA,IMP
SL-4 R/B,1981-005B,12144,R/B,D,CIS,1981-01-20,TYMSC,1981-01-24,,,,,,,EA,IMP
COSMOS 1237 DEB,1981-001D,12145,DEB,D,CIS,1981-01-06,PLMSC,1981-06-05,87.07,72.83,137,121,0.9655,,EA,IMP
COSMOS 1237 DEB,1981-001E,12146,DEB,D,CIS,1981-01-06,PLMSC,1981-02-09,89.44,72.84,248,246,,,EA,IMP
COSMOS 1237 DEB,1981-001F,12147,DEB,D,CIS,1981-01-06,PLMSC,1981-03-03,87.33,72.84,147,137,0.6772,,EA,IMP
COSMOS 1237 DEB,1981-001G,12148,DEB,D,CIS,1981-01-06,PLMSC,1981-02-10,,,,,0.3100,,EA,IMP
COSMOS 1241,1981-006A,12149,PAY,,CIS,1981-01-21,PLMSC,,104.94,65.83,995,988,1.4348,,EA,ORB
SL-8 R/B,1981-006B,12150,R/B,,CIS,1981-01-21,PLMSC,,104.54,65.82,1012,934,4.8103,,EA,ORB
SL-8 DEB,1981-006C,12151,DEB,,CIS,1981-01-21,PLMSC,,104.80,65.82,989,981,0.5112,,EA,ORB
PROGRESS 12,1981-007A,12152,PAY,D,CIS,1981-01-24,TYMSC,1981-03-20,91.40,51.63,352,335,,,EA,IMP
SL-4 R/B,1981-007B,12153,R/B,D,CIS,1981-01-24,TYMSC,1981-01-27,,,,,,,EA,IMP
COSMOS 1242,1981-008A,12154,PAY,D,CIS,1981-01-27,PLMSC,2014-05-08,87.20,81.12,139,133,8.3499,,EA,IMP
SL-3 R/B,1981-008B,12155,R/B,D,CIS,1981-01-27,PLMSC,2024-08-23,87.42,81.12,152,141,5.1160,,EA,IMP
MOLNIYA 1-49,1981-009A,12156,PAY,D,CIS,1981-01-30,PLMSC,2024-03-12,133.16,61.80,4330,190,16.8391,,EA,IMP
SL-6 R/B(1),1981-009B,12157,R/B,D,CIS,1981-01-30,PLMSC,1981-02-14,87.91,62.81,199,144,25.3178,,EA,IMP
SL-6 PLAT,1981-009C,12158,DEB,D,CIS,1981-01-30,PLMSC,1981-02-09,87.76,62.81,190,137,6.1700,,EA,IMP
SL-6 R/B(2),1981-009D,12159,R/B,D,CIS,1981-01-30,PLMSC,2024-05-24,91.62,61.95,630,78,7.9042,,EA,IMP
COSMOS 1243,1981-010A,12160,PAY,D,CIS,1981-02-02,TYMSC,1981-02-02,97.84,65.82,1015,296,,,EA,IMP
SL-11 R/B,1981-010B,12161,R/B,D,CIS,1981-02-02,TYMSC,1981-02-04,87.96,65.09,231,116,,,EA,IMP
INTERCOSMOS 21,1981-011A,12162,PAY,D,CIS,1981-02-06,PLMSC,1982-07-07,87.82,73.98,175,158,13.9175,,EA,IMP
SL-8 R/B,1981-011B,12163,R/B,D,CIS,1981-02-06,PLMSC,1982-06-22,87.56,73.98,163,144,33.0473,,EA,IMP
KIKU-3 (ETS-IV),1981-012A,12295,PAY,-,JPN,1981-02-11,TANSC,,235.20,28.44,12195,293,1.8459,,EA,ORB
N-2 R/B(1),1981-012B,12296,R/B,D,JPN,1981-02-11,TANSC,1981-02-28,87.71,30.34,177,145,,,EA,IMP
COSMOS 1244,1981-013A,12297,PAY,,CIS,1981-02-12,PLMSC,,104.71,82.95,1003,958,2.2022,,EA,ORB
SL-8 R/B,1981-013B,12298,R/B,,CIS,1981-02-12,PLMSC,,104.58,82.95,996,954,4.3180,,EA,ORB
COSMOS 1245,1981-014A,12299,PAY,D,CIS,1981-02-13,PLMSC,1981-02-27,92.24,72.84,414,355,,,EA,IMP
SL-4 R/B,1981-014B,12300,R/B,D,CIS,1981-02-13,PLMSC,1981-02-21,87.83,72.82,190,144,,,EA,IMP
COSMOS 1246,1981-015A,12301,PAY,D,CIS,1981-02-18,TYMSC,1981-03-13,89.21,64.89,262,210,26.3000,,EA,IMP
SL-4 R/B,1981-015B,12302,R/B,D,CIS,1981-02-18,TYMSC,1981-02-21,87.36,64.90,155,132,,,EA,IMP
COSMOS 1247,1981-016A,12303,PAY,,CIS,1981-02-19,PLMSC,,711.08,69.29,36409,3615,6.1606,,EA,ORB
SL-6 R/B(1),1981-016B,12304,R/B,D,CIS,1981-02-19,PLMSC,1981-03-13,87.46,62.80,164,133,18.2400,,EA,IMP
SL-6 PLAT,1981-016C,12305,DEB,D,CIS,1981-02-19,PLMSC,1981-02-25,88.50,62.84,271,130,,,EA,IMP
SL-6 DEB,1981-016D,12306,DEB,D,CIS,1981-02-19,PLMSC,1981-04-13,90.14,62.84,385,178,,,EA,IMP
HINOTORI (ASTRO-A),1981-017A,12307,PAY,D,JPN,1981-02-21,KSCUT,1991-07-11,87.51,31.32,155,147,4.4500,,EA,IMP
M-3S R/B,1981-017B,12308,R/B,D,JPN,1981-02-21,KSCUT,1991-05-26,87.47,31.29,152,146,1.6137,,EA,IMP
ESIAFI 1 (COMSTAR 4),1981-018A,12309,PAY,-,US,1981-02-21,AFETR,,1435.98,8.58,35793,35775,22.0600,,EA,ORB
M-3S DEB,1981-017C,12310,DEB,D,JPN,1981-02-21,KSCUT,1981-11-25,94.77,31.36,561,454,0.0685,,EA,IMP
SL-6 R/B(2),1981-016E,12311,R/B,,CIS,1981-02-19,PLMSC,,703.57,71.64,34114,5537,5.4600,,EA,ORB
COSMOS 1245 DEB,1981-014C,12312,DEB,D,CIS,1981-02-13,PLMSC,1981-04-01,87.89,72.81,173,167,0.4800,,EA,IMP
COSMOS 1245 DEB,1981-014D,12313,DEB,D,CIS,1981-02-13,PLMSC,1981-03-03,92.17,72.83,434,327,0.3100,,EA,IMP
COSMOS 1245 DEB,1981-014E,12314,DEB,D,CIS,1981-02-13,PLMSC,1981-03-15,88.48,72.82,204,195,0.3100,,EA,IMP
OPS 1166,1981-019A,12315,PAY,D,US,1981-02-28,AFWTR,1981-06-20,88.33,96.27,249,135,7.3700,,EA,IMP
COSMOS 1245 DEB,1981-014F,12316,DEB,D,CIS,1981-02-13,PLMSC,1981-07-22,87.60,72.79,165,146,2.6871,,EA,IMP
COSMOS 1248,1981-020A,12317,PAY,D,CIS,1981-03-05,PLMSC,1981-04-04,88.98,67.13,297,151,55.8300,,EA,IMP
SL-4 R/B,1981-020B,12318,R/B,D,CIS,1981-03-05,PLMSC,1981-03-08,87.56,67.12,185,123,,,EA,IMP
COSMOS 1249,1981-021A,12319,PAY,,CIS,1981-03-05,TYMSC,,103.84,64.97,989,891,2.8596,,EA,ORB
COSMOS 1250,1981-022A,12320,PAY,,CIS,1981-03-06,PLMSC,,114.44,74.03,1471,1389,0.6502,,EA,ORB
COSMOS 1251,1981-022B,12321,PAY,,CIS,1981-03-06,PLMSC,,114.60,74.03,1472,1403,0.6684,,EA,ORB
COSMOS 1252,1981-022C,12322,PAY,,CIS,1981-03-06,PLMSC,,114.76,74.03,1471,1418,0.6906,,EA,ORB
COSMOS 1253,1981-022D,12323,PAY,,CIS,1981-03-06,PLMSC,,115.58,74.03,1496,1468,0.6713,,EA,ORB
COSMOS 1254,1981-022E,12324,PAY,,CIS,1981-03-06,PLMSC,,114.91,74.03,1472,1431,0.6707,,EA,ORB
COSMOS 1255,1981-022F,12325,PAY,,CIS,1981-03-06,PLMSC,,115.06,74.03,1472,1444,0.6663,,EA,ORB
COSMOS 1256,1981-022G,12326,PAY,,CIS,1981-03-06,PLMSC,,115.24,74.03,1476,1457,0.6864,,EA,ORB
COSMOS 1257,1981-022H,12327,PAY,,CIS,1981-03-06,PLMSC,,115.40,74.03,1479,1468,0.6900,,EA,ORB
SL-8 R/B,1981-022J,12328,R/B,,CIS,1981-03-06,PLMSC,,117.67,74.02,1696,1456,5.2783,,EA,ORB
SOYUZ-T 4,1981-023A,12334,PAY,D,CIS,1981-03-12,TYMSC,1981-05-26,91.65,51.63,371,339,,,EA,LAN
SL-4 R/B,1981-023B,12335,R/B,D,CIS,1981-03-12,TYMSC,1981-03-14,87.43,51.61,152,143,,,EA,IMP
COSMOS 1258,1981-024A,12337,PAY,D,CIS,1981-03-14,TYMSC,1981-03-14,97.98,65.83,1024,301,,,EA,IMP
SL-11 R/B,1981-024B,12338,R/B,D,CIS,1981-03-14,TYMSC,1981-03-15,88.02,65.08,231,123,,,EA,IMP
OPS 7350 (DSP 9),1981-025A,12339,PAY,-,US,1981-03-16,AFETR,,1457.10,7.96,36279,36114,,,EA,ORB
TITAN 3C R/B(1),1981-025B,12340,R/B,D,US,1981-03-16,AFETR,1981-03-18,87.24,28.60,184,92,,,EA,IMP
COSMOS 1259,1981-026A,12341,PAY,D,CIS,1981-03-17,TYMSC,1981-03-31,92.18,70.37,414,348,,,EA,IMP
SL-4 R/B,1981-026B,12342,R/B,D,CIS,1981-03-17,TYMSC,1981-03-25,87.79,70.34,187,143,,,EA,IMP
SL-4 DEB,1981-026C,12350,DEB,D,CIS,1981-03-17,TYMSC,1981-04-11,90.30,70.30,379,199,1.0000,,EA,IMP
RADUGA 8,1981-027A,12351,PAY,-,CIS,1981-03-18,TYMSC,,1434.41,6.14,36096,35412,1.2619,,EA,ORB
SL-12 PLAT,1981-027B,12352,DEB,D,CIS,1981-03-18,TYMSC,1981-03-18,87.25,51.61,147,129,1.3500,,EA,IMP
SL-12 R/B(1),1981-027C,12353,R/B,D,CIS,1981-03-18,TYMSC,1981-03-20,87.11,51.63,137,126,,,EA,IMP
ATLAS CENTAUR R/B,1981-018B,12363,R/B,,US,1981-02-21,AFETR,,648.28,20.83,36225,643,15.4585,,EA,ORB
COSMOS 1260,1981-028A,12364,PAY,D,CIS,1981-03-20,TYMSC,1990-03-17,87.78,64.96,175,154,34.1185,,EA,IMP
SL-11 R/B,1981-028B,12365,R/B,D,CIS,1981-03-20,TYMSC,1981-03-21,88.65,65.03,332,83,,,EA,IMP
SOYUZ 39,1981-029A,12366,PAY,D,CIS,1981-03-22,TYMSC,1981-03-30,91.39,51.63,350,336,,,EA,LAN
SL-4 R/B,1981-029B,12367,R/B,D,CIS,1981-03-22,TYMSC,1981-03-25,87.32,51.62,149,134,,,EA,IMP
MOLNIYA 3-15,1981-030A,12368,PAY,D,CIS,1981-03-24,PLMSC,1992-10-19,93.48,63.39,817,72,10.9861,,EA,IMP
SL-6 R/B(1),1981-030B,12369,R/B,D,CIS,1981-03-24,PLMSC,1981-04-13,87.67,62.78,180,138,35.3500,,EA,IMP
SL-6 PLAT,1981-030C,12370,DEB,D,CIS,1981-03-24,PLMSC,1981-04-12,87.02,62.83,158,95,9.7200,,EA,IMP
TITAN 3C TRANSTAGE R/B,1981-025C,12371,R/B,,US,1981-03-16,AFETR,,1420.96,6.52,35732,35247,,,EA,ORB
COSMOS 1261,1981-031A,12376,PAY,,CIS,1981-03-31,PLMSC,,717.06,69.00,35597,4722,8.5490,,EA,ORB
SL-6 R/B(1),1981-031B,12377,R/B,D,CIS,1981-03-31,PLMSC,1981-04-17,87.86,62.85,205,132,0.3100,,EA,IMP
SL-6 PLAT,1981-031C,12378,DEB,D,CIS,1981-03-31,PLMSC,1981-04-17,86.80,62.78,125,107,0.3100,,EA,IMP
COSMOS 1259 DEB,1981-026D,12379,DEB,D,CIS,1981-03-17,TYMSC,1981-04-29,88.69,70.35,215,204,0.3100,,EA,IMP
COSMOS 1259 DEB,1981-026E,12380,DEB,D,CIS,1981-03-17,TYMSC,1981-07-08,90.76,70.36,324,300,3.3311,,EA,IMP
COSMOS 1259 DEB,1981-026F,12381,DEB,D,CIS,1981-03-17,TYMSC,1981-08-30,87.46,70.32,159,139,1.4783,,EA,IMP
COSMOS 1259 DEB,1981-026G,12382,DEB,D,CIS,1981-03-17,TYMSC,1981-04-19,90.17,70.35,317,248,0.3100,,EA,IMP
SL-6 R/B(2),1981-030D,12383,R/B,D,CIS,1981-03-24,PLMSC,1993-06-29,88.35,63.54,293,92,0.7000,,EA,IMP
SL-6 R/B(2),1981-031D,12384,R/B,,CIS,1981-03-31,PLMSC,,707.50,68.08,35916,3930,5.5460,,EA,ORB
COSMOS 1262,1981-032A,12385,PAY,D,CIS,1981-04-07,PLMSC,1981-04-21,89.61,72.87,303,208,,,EA,IMP
SL-4 R/B,1981-032B,12386,R/B,D,CIS,1981-04-07,PLMSC,1981-04-13,87.65,72.85,181,136,,,EA,IMP
SL-4 DEB,1981-032C,12387,DEB,D,CIS,1981-04-07,PLMSC,1981-04-20,,,,,,,EA,IMP
COSMOS 1263,1981-033A,12388,PAY,,CIS,1981-04-09,PLMSC,,100.65,82.86,1200,379,2.9750,,EA,ORB
SL-8 R/B,1981-033B,12389,R/B,D,CIS,1981-04-09,PLMSC,2015-07-12,87.00,82.82,129,122,5.1362,,EA,IMP
SL-12 R/B(AUX MOTOR),1981-027D,12396,R/B,D,CIS,1981-03-18,TYMSC,1981-09-30,642.43,47.14,36370,200,0.3100,,EA,IMP
SL-12 R/B(AUX MOTOR),1981-027E,12397,R/B,D,CIS,1981-03-18,TYMSC,1982-04-15,123.90,46.89,3614,95,0.3100,,EA,IMP
STS 1 (OFT-1),1981-034A,12399,PAY,D,US,1981-04-12,AFETR,1981-04-14,89.83,40.34,272,260,,,EA,LAN
COSMOS 1264,1981-035A,12400,PAY,D,CIS,1981-04-15,TYMSC,1981-04-29,92.31,70.38,415,361,,,EA,IMP
SL-4 R/B,1981-035B,12401,R/B,D,CIS,1981-04-15,TYMSC,1981-04-23,87.57,70.38,175,133,,,EA,IMP
COSMOS 1265,1981-036A,12402,PAY,D,CIS,1981-04-16,PLMSC,1981-04-28,90.29,72.85,355,223,,,EA,IMP
SL-4 R/B,1981-036B,12403,R/B,D,CIS,1981-04-16,PLMSC,1981-04-19,87.20,72.82,148,123,,,EA,IMP
COSMOS 1266,1981-037A,12409,PAY,,CIS,1981-04-21,TYMSC,,103.55,64.76,963,889,2.2938,,EA,ORB
COSMOS 1262 DEB,1981-032D,12410,DEB,D,CIS,1981-04-07,PLMSC,1981-04-23,87.95,72.85,192,155,,,EA,IMP
COSMOS 1262 DEB,1981-032E,12411,DEB,D,CIS,1981-04-07,PLMSC,1981-04-28,87.64,72.84,168,146,,,EA,IMP
COSMOS 1262 DEB,1981-032F,12417,DEB,D,CIS,1981-04-07,PLMSC,1981-04-23,87.94,72.84,201,144,,,EA,IMP
OPS 7225,1981-038A,12418,PAY,,US,1981-04-24,AFWTR,,,,,,,NEA,EA,ORB
COSMOS 1267,1981-039A,12419,PAY,D,CIS,1981-04-25,TYMSC,1982-07-29,90.94,51.62,324,318,191.3200,,EA,IMP
SL-13 R/B,1981-039B,12420,R/B,D,CIS,1981-04-25,TYMSC,1981-04-27,87.40,51.60,150,141,,,EA,IMP
SL-13 DEB,1981-039C,12421,DEB,D,CIS,1981-04-25,TYMSC,1981-04-28,88.38,51.60,211,177,,,EA,IMP
COSMOS 1268,1981-040A,12423,PAY,D,CIS,1981-04-28,TYMSC,1981-05-12,89.49,70.38,276,223,32.4400,,EA,IMP
SL-4 R/B,1981-040B,12424,R/B,D,CIS,1981-04-28,TYMSC,1981-05-06,87.42,70.38,158,135,0.0900,,EA,IMP
COSMOS 1265 DEB,1981-036C,12425,DEB,D,CIS,1981-04-16,PLMSC,1981-05-15,87.61,72.83,166,146,1.0000,,EA,IMP
COSMOS 1265 DEB,1981-036D,12426,DEB,D,CIS,1981-04-16,PLMSC,1981-05-01,89.96,72.85,329,215,0.3100,,EA,IMP
COSMOS 1265 DEB,1981-036E,12428,DEB,D,CIS,1981-04-16,PLMSC,1982-03-19,91.93,72.92,471,267,,,EA,IMP
COSMOS 1266 DEB [PELPS],1981-037B,12429,DEB,D,CIS,1981-04-21,TYMSC,1981-05-20,87.40,64.96,154,137,0.3100,,EA,IMP
COSMOS 1264 DEB,1981-035C,12430,DEB,D,CIS,1981-04-15,TYMSC,1981-10-24,87.62,70.34,165,148,1.4563,,EA,IMP
COSMOS 1264 DEB,1981-035D,12431,DEB,D,CIS,1981-04-15,TYMSC,1981-06-08,87.81,70.35,174,158,0.3100,,EA,IMP
COSMOS 1264 DEB,1981-035E,12432,DEB,D,CIS,1981-04-15,TYMSC,1981-05-04,91.96,70.37,402,339,,,EA,IMP
COSMOS 1264 DEB,1981-035F,12433,DEB,D,CIS,1981-04-15,TYMSC,1981-04-30,91.89,70.33,459,275,,,EA,IMP
COSMOS 1266 DEB[ANTENNA],1981-037C,12434,DEB,D,CIS,1981-04-21,TYMSC,1981-05-01,87.54,64.95,161,145,,,EA,IMP
COSMOS 1266 FUEL CORE,1981-037D,12435,DEB,,CIS,1981-04-21,TYMSC,,103.36,64.77,939,896,0.1500,,EA,ORB
COSMOS 1269,1981-041A,12442,PAY,,CIS,1981-05-07,PLMSC,,100.48,74.05,787,775,2.0515,,EA,ORB
SL-8 R/B,1981-041B,12443,R/B,,CIS,1981-05-07,PLMSC,,100.27,74.05,774,769,4.3464,,EA,ORB
TITAN 34B R/B,1981-038B,12446,R/B,,US,1981-04-24,AFWTR,,306.74,63.22,17030,346,,,EA,ORB
COSMOS 1268 DEB,1981-040C,12448,DEB,D,CIS,1981-04-28,TYMSC,1981-05-20,87.80,70.38,175,156,,,EA,IMP
COSMOS 1268 DEB,1981-040D,12449,DEB,D,CIS,1981-04-28,TYMSC,1981-05-14,88.62,70.37,263,150,,,EA,IMP
COSMOS 1268 DEB,1981-040E,12450,DEB,D,CIS,1981-04-28,TYMSC,1981-05-15,88.14,70.39,202,163,,,EA,IMP
COSMOS 1268 DEB,1981-040F,12451,DEB,D,CIS,1981-04-28,TYMSC,1981-05-15,88.60,70.39,220,191,,,EA,IMP
COSMOS 1268 DEB,1981-040G,12452,DEB,D,CIS,1981-04-28,TYMSC,1981-05-14,87.52,70.38,163,140,,,EA,IMP
SOYUZ 40,1981-042A,12454,PAY,D,CIS,1981-05-14,TYMSC,1981-05-22,90.64,51.63,343,269,,,EA,LAN
SL-4 R/B,1981-042B,12455,R/B,D,CIS,1981-05-14,TYMSC,1981-05-16,87.28,51.62,146,133,,,EA,IMP
METEOR 2-7,1981-043A,12456,PAY,,CIS,1981-05-14,PLMSC,,102.05,81.26,889,822,4.4179,,EA,ORB
SL-3 R/B,1981-043B,12457,R/B,,CIS,1981-05-14,PLMSC,,102.30,81.27,918,817,6.2109,,EA,ORB
NOVA 1,1981-044A,12458,PAY,,US,1981-05-15,AFWTR,,108.82,89.84,1184,1160,1.6177,,EA,ORB
SCOUT G-1 R/B,1981-044B,12460,R/B,D,US,1981-05-15,AFWTR,1982-04-17,87.67,90.09,172,147,4.3292,,EA,IMP
COSMOS 1270,1981-045A,12461,PAY,D,CIS,1981-05-18,TYMSC,1981-06-17,89.41,64.84,339,152,38.6300,,EA,IMP
SL-4 R/B,1981-045B,12462,R/B,D,CIS,1981-05-18,TYMSC,1981-05-21,87.51,64.86,176,126,,,EA,IMP
SL-4 DEB,1981-045C,12463,DEB,D,CIS,1981-05-18,TYMSC,1981-05-19,89.15,64.87,299,166,,,EA,IMP
COSMOS 1271,1981-046A,12464,PAY,D,CIS,1981-05-19,PLMSC,2013-05-03,87.19,81.16,141,130,8.4106,,EA,IMP
SL-3 R/B,1981-046B,12465,R/B,,CIS,1981-05-19,PLMSC,,93.18,81.23,442,418,5.3152,,EA,ORB
COSMOS 1272,1981-047A,12466,PAY,D,CIS,1981-05-21,TYMSC,1981-06-04,92.32,70.39,415,362,16.0000,,EA,IMP
SL-4 R/B,1981-047B,12467,R/B,D,CIS,1981-05-21,TYMSC,1981-05-31,87.69,70.36,173,147,,,EA,IMP
SL-4 DEB,1981-047C,12468,DEB,D,CIS,1981-05-21,TYMSC,1981-05-23,89.33,70.35,299,184,,,EA,IMP
COSMOS 1273,1981-048A,12469,PAY,D,CIS,1981-05-22,PLMSC,1981-06-04,88.56,82.33,209,198,15.1600,,EA,IMP
SL-4 R/B,1981-048B,12470,R/B,D,CIS,1981-05-22,PLMSC,1981-05-25,87.57,82.32,158,150,,,EA,IMP
GOES 5,1981-049A,12472,PAY,-,US,1981-05-22,AFETR,,1436.85,9.25,35816,35787,4.3724,,EA,ORB
DELTA 1 R/B(1),1981-049B,12473,R/B,D,US,1981-05-22,AFETR,1981-09-08,96.29,28.10,1015,147,13.2700,,EA,IMP
INTELSAT 501,1981-050A,12474,PAY,-,ITSO,1981-05-23,AFETR,,1456.76,10.88,36212,36168,3.9810,,EA,ORB
COSMOS 1267 DEB,1981-039D,12475,DEB,D,CIS,1981-04-25,TYMSC,1981-05-26,88.26,51.58,193,183,,,EA,IMP
ROHINI 2,1981-051A,12491,PAY,D,IND,1981-05-31,SRILR,1981-06-08,87.89,46.25,197,143,1.0000,,EA,IMP
SLV-3 R/B,1981-051B,12492,R/B,D,IND,1981-05-31,SRILR,1981-06-06,88.34,46.25,232,153,1.0000,,EA,IMP
DELTA 1 R/B(2),1981-049C,12494,R/B,D,US,1981-05-22,AFETR,1982-09-21,97.92,25.81,1213,106,0.3100,,EA,IMP
COSMOS 1274,1981-052A,12495,PAY,D,CIS,1981-06-03,PLMSC,1981-07-03,89.17,67.14,314,153,57.2400,,EA,IMP
SL-4 R/B,1981-052B,12496,R/B,D,CIS,1981-06-03,PLMSC,1981-06-07,88.14,67.14,219,146,,,EA,IMP
ATLAS CENTAUR R/B,1981-050B,12497,R/B,,US,1981-05-23,AFETR,,163.30,23.94,6730,307,15.3156,,EA,ORB
COSMOS 1272 DEB,1981-047D,12498,DEB,D,CIS,1981-05-21,TYMSC,1981-11-24,87.09,70.35,137,124,1.8237,,EA,IMP
COSMOS 1272 DEB,1981-047E,12499,DEB,D,CIS,1981-05-21,TYMSC,1981-06-09,89.94,70.35,302,241,,,EA,IMP
COSMOS 1273 DEB,1981-048C,12500,DEB,D,CIS,1981-05-22,PLMSC,1981-06-05,88.32,82.31,197,186,,,EA,IMP
COSMOS 1273 DEB,1981-048D,12501,DEB,D,CIS,1981-05-22,PLMSC,1981-06-11,87.53,82.32,160,144,,,EA,IMP
COSMOS 1273 DEB,1981-048E,12502,DEB,D,CIS,1981-05-22,PLMSC,1981-06-06,90.02,82.30,342,209,,,EA,IMP
COSMOS 1273 DEB,1981-048F,12503,DEB,D,CIS,1981-05-22,PLMSC,1981-06-06,89.02,82.31,268,183,,,EA,IMP
COSMOS 1275,1981-053A,12504,PAY,,CIS,1981-06-04,PLMSC,,104.76,82.96,1013,954,2.9466,,EA,ORB
COSMOS 1272 DEB,1981-047F,12505,DEB,D,CIS,1981-05-21,TYMSC,1981-07-08,91.57,70.39,370,332,0.3100,,EA,IMP
COSMOS 1272 DEB,1981-047G,12506,DEB,D,CIS,1981-05-21,TYMSC,1981-07-06,89.06,70.38,237,219,1.3571,,EA,IMP
COSMOS 1272 DEB,1981-047H,12507,DEB,D,CIS,1981-05-21,TYMSC,1981-08-05,88.58,70.37,213,196,0.3100,,EA,IMP
SL-8 R/B,1981-053B,12508,R/B,,CIS,1981-06-04,PLMSC,,104.60,82.96,1003,949,4.3101,,EA,ORB
MOLNIYA 3-16,1981-054A,12512,PAY,D,CIS,1981-06-09,PLMSC,1998-02-10,88.60,62.14,339,71,15.4743,,EA,IMP
SL-6 R/B(1),1981-054B,12513,R/B,D,CIS,1981-06-09,PLMSC,1981-06-27,87.29,62.82,146,134,,,EA,IMP
SL-6 PLAT,1981-054C,12514,DEB,D,CIS,1981-06-09,PLMSC,1981-06-23,87.53,62.82,168,136,,,EA,IMP
SL-6 DEB,1981-054D,12515,DEB,D,CIS,1981-06-09,PLMSC,1981-06-22,89.78,62.82,333,194,,,EA,IMP
COSMOS 1276,1981-055A,12517,PAY,D,CIS,1981-06-16,PLMSC,1981-06-29,88.79,82.35,225,205,,,EA,IMP
SL-4 R/B,1981-055B,12518,R/B,D,CIS,1981-06-16,PLMSC,1981-06-19,87.09,82.35,137,124,,,EA,IMP
SL-6 R/B(2),1981-054E,12519,R/B,D,CIS,1981-06-09,PLMSC,1999-04-30,87.50,61.82,207,94,7.4506,,EA,IMP
COSMOS 1277,1981-056A,12520,PAY,D,CIS,1981-06-17,TYMSC,1981-07-02,92.29,70.40,416,358,17.2641,,EA,IMP
SL-4 R/B,1981-056B,12521,R/B,D,CIS,1981-06-17,TYMSC,1981-06-28,87.87,70.40,181,157,,,EA,IMP
SL-4 DEB,1981-056C,12522,DEB,D,CIS,1981-06-17,TYMSC,1981-06-22,89.96,70.37,418,127,,,EA,IMP
SL-4 DEB,1981-056D,12523,DEB,D,CIS,1981-06-17,TYMSC,1981-06-28,89.57,70.36,314,193,,,EA,IMP
SL-4 DEB,1981-056E,12524,DEB,D,CIS,1981-06-17,TYMSC,1981-06-29,88.38,70.35,221,168,,,EA,IMP
SL-4 DEB,1981-056F,12525,DEB,D,CIS,1981-06-17,TYMSC,1981-06-22,89.36,70.33,331,155,,,EA,IMP
SL-4 DEB,1981-056G,12526,DEB,D,CIS,1981-06-17,TYMSC,1981-06-23,89.11,70.42,295,166,,,EA,IMP
METEOSAT-2,1981-057A,12544,PAY,-,ESA,1981-06-19,FRGUI,,1458.63,10.16,36344,36109,4.6259,,EA,ORB
APPLE,1981-057B,12545,PAY,-,IND,1981-06-19,FRGUI,,1439.16,6.89,35962,35731,2.0000,,EA,ORB
CAT 3,1981-057C,12546,PAY,-,ESA,1981-06-19,FRGUI,,318.58,10.18,17909,238,2.0458,,EA,ORB
COSMOS 1278,1981-058A,12547,PAY,D,CIS,1981-06-19,PLMSC,2000-09-02,89.18,62.73,404,63,12.0504,,EA,IMP
SL-6 R/B(1),1981-058B,12548,R/B,D,CIS,1981-06-19,PLMSC,1981-07-28,87.64,62.81,172,144,21.9800,,EA,IMP
SL-6 PLAT,1981-058C,12549,DEB,D,CIS,1981-06-19,PLMSC,1981-07-29,88.10,62.80,207,154,3.9465,,EA,IMP
COSMOS 1249 DEB[ANTENNA],1981-021B,12550,DEB,D,CIS,1981-03-05,TYMSC,1981-06-22,88.07,64.97,189,169,,,EA,IMP
COSMOS 1249 FUEL CORE,1981-021C,12551,DEB,,CIS,1981-03-05,TYMSC,,103.56,64.97,961,893,0.1546,,EA,ORB
COSMOS 1249 DEB [PELPS],1981-021D,12552,DEB,D,CIS,1981-03-05,TYMSC,1981-07-19,87.31,64.96,151,131,9.5900,,EA,IMP
NOAA 7,1981-059A,12553,PAY,-,US,1981-06-23,AFWTR,,101.57,98.79,842,824,2.8780,,EA,ORB
MOLNIYA 1-50,1981-060A,12556,PAY,D,CIS,1981-06-24,PLMSC,1991-12-14,91.44,63.45,614,76,0.7000,,EA,IMP
SL-6 R/B(1),1981-060B,12557,R/B,D,CIS,1981-06-24,PLMSC,1981-08-05,87.97,62.79,196,152,9.8700,,EA,IMP
SL-6 PLAT,1981-060C,12558,DEB,D,CIS,1981-06-24,PLMSC,1981-07-22,87.97,62.82,206,142,5.1774,,EA,IMP
NOAA 7 DEB,1981-059B,12559,DEB,,US,1981-06-23,AFWTR,,98.14,98.97,672,667,0.0601,,EA,ORB
NOAA 7 DEB,1981-059C,12560,DEB,,US,1981-06-23,AFWTR,,98.24,98.95,677,672,0.0670,,EA,ORB
SL-6 R/B(2),1981-058D,12561,R/B,D,CIS,1981-06-19,PLMSC,2013-06-10,90.76,62.25,532,91,4.8710,,EA,IMP
ARIANE 1 R/B,1981-057D,12562,R/B,D,ESA,1981-06-19,FRGUI,1991-01-16,93.55,10.27,769,127,22.9529,,EA,IMP
SL-6 R/B(2),1981-060D,12563,R/B,D,CIS,1981-06-24,PLMSC,1992-06-03,89.97,63.56,461,85,1.6000,,EA,IMP
EKRAN 7,1981-061A,12564,PAY,-,CIS,1981-06-26,TYMSC,,1436.90,6.38,35818,35787,5.0059,,EA,ORB
SL-12 PLAT,1981-061B,12565,DEB,D,CIS,1981-06-26,TYMSC,1981-06-26,87.41,51.61,160,133,,,EA,IMP
SL-12 R/B(1),1981-061C,12566,R/B,D,CIS,1981-06-26,TYMSC,1981-06-28,87.71,51.62,166,156,,,EA,IMP
COSMOS 1276 DEB,1981-055C,12567,DEB,D,CIS,1981-06-16,PLMSC,1981-07-06,87.62,82.36,161,152,0.3100,,EA,IMP
COSMOS 1276 DEB,1981-055D,12568,DEB,D,CIS,1981-06-16,PLMSC,1981-06-30,87.85,82.37,174,162,,,EA,IMP
COSMOS 1276 DEB,1981-055E,12569,DEB,D,CIS,1981-06-16,PLMSC,1981-07-01,88.80,82.34,253,178,0.3100,,EA,IMP
COSMOS 1276 DEB,1981-055F,12570,DEB,D,CIS,1981-06-16,PLMSC,1981-07-01,88.19,82.37,216,153,0.3100,,EA,IMP
COSMOS 1279,1981-062A,12571,PAY,D,CIS,1981-07-01,TYMSC,1981-07-15,92.32,70.39,418,359,,,EA,IMP
SL-4 R/B,1981-062B,12572,R/B,D,CIS,1981-07-01,TYMSC,1981-07-14,87.66,70.38,164,153,,,EA,IMP
COSMOS 1277 DEB,1981-056H,12573,DEB,D,CIS,1981-06-17,TYMSC,1981-07-31,88.29,70.38,200,180,0.3100,,EA,IMP
COSMOS 1277 DEB,1981-056J,12574,DEB,D,CIS,1981-06-17,TYMSC,1981-12-12,87.21,70.36,142,130,2.6800,,EA,IMP
COSMOS 1277 DEB,1981-056K,12575,DEB,D,CIS,1981-06-17,TYMSC,1981-08-28,88.30,70.37,192,189,0.3100,,EA,IMP
SL-4 DEB,1981-062C,12576,DEB,D,CIS,1981-07-01,TYMSC,1981-07-02,89.18,70.40,274,194,,,EA,IMP
COSMOS 1280,1981-063A,12577,PAY,D,CIS,1981-07-02,PLMSC,1981-07-16,89.80,82.31,274,256,,,EA,IMP
SL-4 R/B,1981-063B,12578,R/B,D,CIS,1981-07-02,PLMSC,1981-07-08,87.84,82.29,175,160,,,EA,IMP
COSMOS 1274 DEB,1981-052C,12579,DEB,D,CIS,1981-06-03,PLMSC,1981-07-08,89.16,67.14,314,152,1.0000,,EA,IMP
COSMOS 1281,1981-064A,12583,PAY,D,CIS,1981-07-07,PLMSC,1981-07-22,92.26,72.84,414,356,,,EA,IMP
SL-4 R/B,1981-064B,12584,R/B,D,CIS,1981-07-07,PLMSC,1981-07-17,86.62,72.82,116,97,,,EA,IMP
METEOR PRIRODA,1981-065A,12585,PAY,D,CIS,1981-07-10,TYMSC,2025-11-20,87.46,97.45,154,143,4.2242,,EA,IMP
SL-3 R/B,1981-065B,12586,R/B,,CIS,1981-07-10,TYMSC,,93.78,97.61,468,451,6.5459,,EA,ORB
SL-3 R/B,1981-065C,12587,R/B,D,CIS,1981-07-10,TYMSC,1981-10-07,,,,,18.0634,,EA,IMP
COSMOS 1282,1981-066A,12588,PAY,D,CIS,1981-07-15,TYMSC,1981-08-14,89.33,64.89,324,159,55.8700,,EA,IMP
SL-4 R/B,1981-066B,12589,R/B,D,CIS,1981-07-15,TYMSC,1981-07-19,87.98,64.91,206,144,,,EA,IMP
COSMOS 1279 DEB,1981-062D,12590,DEB,D,CIS,1981-07-01,TYMSC,1981-12-20,87.46,70.34,153,145,2.7200,,EA,IMP
COSMOS 1279 DEB,1981-062E,12591,DEB,D,CIS,1981-07-01,TYMSC,1981-09-07,87.87,70.37,172,166,0.3100,,EA,IMP
COSMOS 1279 DEB,1981-062F,12592,DEB,D,CIS,1981-07-01,TYMSC,1981-07-16,89.64,70.45,309,204,,,EA,IMP
COSMOS 1279 DEB,1981-062G,12593,DEB,D,CIS,1981-07-01,TYMSC,1981-08-22,89.07,70.39,231,226,0.3100,,EA,IMP
COSMOS 1280 DEB,1981-063C,12594,DEB,D,CIS,1981-07-02,PLMSC,1981-08-02,87.58,82.29,162,147,0.3100,,EA,IMP
COSMOS 1280 DEB,1981-063D,12595,DEB,D,CIS,1981-07-02,PLMSC,1981-08-10,89.60,82.30,272,238,1.0000,,EA,IMP
COSMOS 1280 DEB,1981-063E,12596,DEB,D,CIS,1981-07-02,PLMSC,1981-07-22,88.91,82.29,255,186,,,EA,IMP
COSMOS 1280 DEB,1981-063F,12597,DEB,D,CIS,1981-07-02,PLMSC,1981-07-22,87.79,82.29,177,154,,,EA,IMP
COSMOS 1283,1981-067A,12598,PAY,D,CIS,1981-07-17,PLMSC,1981-07-31,91.49,82.34,372,324,21.3774,,EA,IMP
SL-4 R/B,1981-067B,12599,R/B,D,CIS,1981-07-17,PLMSC,1981-07-19,87.75,82.33,178,148,,,EA,IMP
COSMOS 1281 DEB,1981-064C,12600,DEB,D,CIS,1981-07-07,PLMSC,1981-08-20,89.93,72.83,272,270,1.8700,,EA,IMP
COSMOS 1281 DEB,1981-064D,12601,DEB,D,CIS,1981-07-07,PLMSC,1981-09-06,88.43,72.82,208,185,0.8464,,EA,IMP
COSMOS 1281 DEB,1981-064E,12602,DEB,D,CIS,1981-07-07,PLMSC,1981-12-09,88.34,72.81,199,186,2.7300,,EA,IMP
SL-12 R/B(AUX MOTOR),1981-061D,12603,R/B,D,CIS,1981-06-26,TYMSC,1982-04-15,619.06,46.84,35196,170,0.3100,,EA,IMP
SL-12 R/B(AUX MOTOR),1981-061E,12604,R/B,D,CIS,1981-06-26,TYMSC,1983-09-12,93.50,46.36,785,107,1.9033,,EA,IMP
COSMOS 1284,1981-068A,12614,PAY,D,CIS,1981-07-29,PLMSC,1981-08-12,91.48,82.33,370,324,0.2700,,EA,IMP
SL-4 R/B,1981-068B,12617,R/B,D,CIS,1981-07-29,PLMSC,1981-07-31,87.46,82.34,165,133,22.3211,,EA,IMP
RADUGA 9,1981-069A,12618,PAY,-,CIS,1981-07-30,TYMSC,,1437.04,6.44,35812,35798,6.9933,,EA,ORB
SL-12 R/B(1),1981-069B,12619,R/B,D,CIS,1981-07-30,TYMSC,1981-08-01,87.22,51.61,138,136,,,EA,IMP
SL-12 PLAT,1981-069C,12620,DEB,D,CIS,1981-07-30,TYMSC,1981-07-31,88.34,51.61,202,183,,,EA,IMP
COSMOS 1283 DEB,1981-067C,12621,DEB,D,CIS,1981-07-17,PLMSC,1981-08-05,90.66,82.39,339,275,,,EA,IMP
COSMOS 1283 DEB,1981-067D,12622,DEB,D,CIS,1981-07-17,PLMSC,1981-10-08,87.83,82.32,176,159,,,EA,IMP
COSMOS 1283 DEB,1981-067E,12623,DEB,D,CIS,1981-07-17,PLMSC,1981-08-21,89.20,82.33,238,232,,,EA,IMP
DYNAMICS EXPLORER 1,1981-070A,12624,PAY,,US,1981-08-03,AFWTR,,408.01,90.93,23215,474,1.5540,,EA,ORB
DYNAMICS EXPLORER 2,1981-070B,12625,PAY,D,US,1981-08-03,AFWTR,1983-02-19,87.56,89.90,168,139,5.2400,,EA,IMP
DELTA 1 R/B(1),1981-070C,12626,R/B,D,US,1981-08-03,AFWTR,1988-11-23,87.25,89.77,143,134,23.3235,,EA,IMP
COSMOS 1285,1981-071A,12627,PAY,,CIS,1981-08-04,PLMSC,,727.03,68.71,36381,4429,7.6113,,EA,ORB
DELTA 1 DEB,1981-070D,12628,DEB,D,US,1981-08-03,AFWTR,1982-03-17,87.54,89.90,165,140,1.9000,,EA,IMP
SL-6 PLAT,1981-071B,12629,DEB,D,CIS,1981-08-04,PLMSC,1981-08-26,87.70,62.91,188,132,,,EA,IMP
SL-6 R/B(1),1981-071C,12630,R/B,D,CIS,1981-08-04,PLMSC,1981-09-01,87.80,62.82,189,143,26.8000,,EA,IMP
COSMOS 1286,1981-072A,12631,PAY,D,CIS,1981-08-04,TYMSC,1982-10-16,88.85,64.99,227,208,31.6529,,EA,IMP
SL-11 R/B,1981-072B,12632,R/B,D,CIS,1981-08-04,TYMSC,1981-08-04,88.24,65.00,283,92,,,EA,IMP
SL-12 R/B(AUX MOTOR),1981-069D,12633,R/B,D,CIS,1981-07-30,TYMSC,1982-04-20,643.13,46.83,36392,213,0.3100,,EA,IMP
SL-12 R/B(AUX MOTOR),1981-069E,12634,R/B,D,CIS,1981-07-30,TYMSC,1982-04-15,640.48,46.81,36281,189,0.3100,,EA,IMP
FLTSATCOM 5,1981-073A,12635,PAY,-,US,1981-08-06,AFETR,,1460.38,13.74,36302,36220,9.4977,,EA,ORB
COSMOS 1287,1981-074A,12636,PAY,,CIS,1981-08-06,PLMSC,,115.72,74.03,1513,1464,0.6513,,EA,ORB
COSMOS 1288,1981-074B,12637,PAY,,CIS,1981-08-06,PLMSC,,115.50,74.03,1492,1464,0.6692,,EA,ORB
COSMOS 1289,1981-074C,12638,PAY,,CIS,1981-08-06,PLMSC,,114.77,74.03,1464,1425,0.6743,,EA,ORB
COSMOS 1290,1981-074D,12639,PAY,,CIS,1981-08-06,PLMSC,,114.94,74.03,1464,1441,0.6633,,EA,ORB
COSMOS 1291,1981-074E,12640,PAY,,CIS,1981-08-06,PLMSC,,115.12,74.03,1464,1458,0.6789,,EA,ORB
COSMOS 1292,1981-074F,12641,PAY,,CIS,1981-08-06,PLMSC,,115.32,74.03,1476,1464,0.6523,,EA,ORB
COSMOS 1293,1981-074G,12642,PAY,,CIS,1981-08-06,PLMSC,,114.58,74.04,1465,1408,0.6645,,EA,ORB
COSMOS 1294,1981-074H,12643,PAY,,CIS,1981-08-06,PLMSC,,114.40,74.03,1464,1392,0.6800,,EA,ORB
SL-8 R/B,1981-074J,12644,R/B,,CIS,1981-08-06,PLMSC,,117.45,74.03,1670,1463,5.6564,,EA,ORB
INTERCOSMOS 22,1981-075A,12645,PAY,,CIS,1981-08-07,PLMSC,,101.48,81.22,875,783,3.9376,,EA,ORB
SL-3 R/B,1981-075B,12646,R/B,,CIS,1981-08-07,PLMSC,,101.66,81.22,886,789,5.3225,,EA,ORB
COSMOS 1275 DEB,1981-053C,12648,DEB,,CIS,1981-06-04,PLMSC,,104.21,82.97,968,947,0.3760,,EA,ORB
COSMOS 1275 DEB,1981-053D,12649,DEB,,CIS,1981-06-04,PLMSC,,104.24,82.92,994,923,0.1800,,EA,ORB
COSMOS 1275 DEB,1981-053E,12650,DEB,,CIS,1981-06-04,PLMSC,,104.27,82.94,1008,912,0.4922,,EA,ORB
COSMOS 1275 DEB,1981-053F,12651,DEB,D,CIS,1981-06-04,PLMSC,2014-03-01,89.67,82.83,272,244,0.1082,,EA,IMP
COSMOS 1275 DEB,1981-053G,12652,DEB,,CIS,1981-06-04,PLMSC,,102.63,82.94,922,845,0.0099,,EA,ORB
COSMOS 1275 DEB,1981-053H,12653,DEB,,CIS,1981-06-04,PLMSC,,103.70,82.93,957,910,0.5712,,EA,ORB
COSMOS 1275 DEB,1981-053J,12654,DEB,,CIS,1981-06-04,PLMSC,,102.19,82.98,896,829,0.1988,,EA,ORB
COSMOS 1275 DEB,1981-053K,12655,DEB,,CIS,1981-06-04,PLMSC,,104.59,82.96,998,952,0.1850,,EA,ORB
COSMOS 1275 DEB,1981-053L,12656,DEB,,CIS,1981-06-04,PLMSC,,103.40,82.96,937,902,0.1650,,EA,ORB
COSMOS 1275 DEB,1981-053M,12657,DEB,D,CIS,1981-06-04,PLMSC,2020-05-19,88.08,82.68,192,167,0.0507,,EA,IMP
COSMOS 1275 DEB,1981-053N,12658,DEB,,CIS,1981-06-04,PLMSC,,100.66,82.97,812,767,0.0838,,EA,ORB
COSMOS 1275 DEB,1981-053P,12659,DEB,,CIS,1981-06-04,PLMSC,,103.59,82.74,976,880,0.1625,,EA,ORB
COSMOS 1275 DEB,1981-053Q,12660,DEB,,CIS,1981-06-04,PLMSC,,105.41,82.85,1112,916,0.0900,,EA,ORB
COSMOS 1275 DEB,1981-053R,12661,DEB,,CIS,1981-06-04,PLMSC,,104.93,82.80,1081,901,0.0919,,EA,ORB
COSMOS 1275 DEB,1981-053S,12662,DEB,,CIS,1981-06-04,PLMSC,,104.48,82.96,986,955,0.5400,,EA,ORB
COSMOS 1275 DEB,1981-053T,12663,DEB,,CIS,1981-06-04,PLMSC,,103.75,82.95,973,899,0.0686,,EA,ORB
COSMOS 1275 DEB,1981-053U,12664,DEB,,CIS,1981-06-04,PLMSC,,104.76,82.89,1042,924,0.3665,,EA,ORB
COSMOS 1275 DEB,1981-053V,12665,DEB,,CIS,1981-06-04,PLMSC,,104.06,82.97,976,925,0.0687,,EA,ORB
COSMOS 1275 DEB,1981-053W,12666,DEB,,CIS,1981-06-04,PLMSC,,104.77,82.87,1036,932,0.0500,,EA,ORB
COSMOS 1275 DEB,1981-053X,12667,DEB,,CIS,1981-06-04,PLMSC,,104.07,82.84,975,926,0.0190,,EA,ORB
COSMOS 1275 DEB,1981-053Y,12668,DEB,,CIS,1981-06-04,PLMSC,,102.60,83.10,920,843,0.0537,,EA,ORB
COSMOS 1275 DEB,1981-053Z,12669,DEB,,CIS,1981-06-04,PLMSC,,102.51,83.00,930,825,0.0685,,EA,ORB
COSMOS 1275 DEB,1981-053AA,12670,DEB,,CIS,1981-06-04,PLMSC,,104.26,82.94,999,921,0.4188,,EA,ORB
COSMOS 1275 DEB,1981-053AB,12671,DEB,,CIS,1981-06-04,PLMSC,,101.98,82.91,869,836,0.0657,,EA,ORB
COSMOS 1275 DEB,1981-053AC,12672,DEB,,CIS,1981-06-04,PLMSC,,104.04,82.94,970,929,0.2740,,EA,ORB
COSMOS 1275 DEB,1981-053AD,12673,DEB,,CIS,1981-06-04,PLMSC,,101.95,82.85,879,823,0.1330,,EA,ORB
COSMOS 1275 DEB,1981-053AE,12674,DEB,,CIS,1981-06-04,PLMSC,,104.71,82.94,1056,906,0.1107,,EA,ORB
COSMOS 1275 DEB,1981-053AF,12675,DEB,,CIS,1981-06-04,PLMSC,,104.27,82.93,1009,911,0.1540,,EA,ORB
COSMOS 1275 DEB,1981-053AG,12676,DEB,,CIS,1981-06-04,PLMSC,,103.83,82.94,971,909,0.5685,,EA,ORB
HIMAWARI-2 (GMS-2),1981-076A,12677,PAY,-,JPN,1981-08-10,TANSC,,1446.39,7.85,36034,35941,4.2567,,EA,ORB
N-2 R/B(1),1981-076B,12678,R/B,D,JPN,1981-08-10,TANSC,1981-08-24,88.20,30.32,234,136,,,EA,IMP
DELTA 1 R/B(2),1981-070E,12679,R/B,,US,1981-08-03,AFWTR,,407.82,90.93,23219,459,1.6677,,EA,ORB
SL-6 R/B(2),1981-071D,12680,R/B,,CIS,1981-08-04,PLMSC,,722.74,66.44,38190,2409,5.7890,,EA,ORB
COSMOS 1295,1981-077A,12681,PAY,,CIS,1981-08-12,PLMSC,,104.60,82.91,1009,942,2.0159,,EA,ORB
SL-8 R/B,1981-077B,12682,R/B,,CIS,1981-08-12,PLMSC,,104.43,82.92,992,944,5.0849,,EA,ORB
COSMOS 1284 DEB,1981-068C,12683,DEB,D,CIS,1981-07-29,PLMSC,1981-10-16,87.65,82.31,166,150,,,EA,IMP
COSMOS 1284 DEB,1981-068D,12684,DEB,D,CIS,1981-07-29,PLMSC,1981-08-29,89.38,82.31,257,230,,,EA,IMP
COSMOS 1284 DEB,1981-068E,12685,DEB,D,CIS,1981-07-29,PLMSC,1981-08-16,91.50,82.27,358,339,,,EA,IMP
COSMOS 1284 DEB,1981-068F,12686,DEB,D,CIS,1981-07-29,PLMSC,1981-09-06,88.71,82.31,222,199,0.3100,,EA,IMP
COSMOS 1296,1981-078A,12687,PAY,D,CIS,1981-08-13,PLMSC,1981-09-13,88.48,67.12,251,147,55.3300,,EA,IMP
SL-4 R/B,1981-078B,12688,R/B,D,CIS,1981-08-13,PLMSC,1981-08-17,88.50,67.14,249,152,,,EA,IMP
COSMOS 1275 DEB,1981-053AH,12689,DEB,D,CIS,1981-06-04,PLMSC,1991-03-04,88.38,82.77,202,187,0.1400,,EA,IMP
COSMOS 1275 DEB,1981-053AJ,12690,DEB,,CIS,1981-06-04,PLMSC,,103.86,82.95,1005,877,0.2531,,EA,ORB
COSMOS 1275 DEB,1981-053AK,12691,DEB,D,CIS,1981-06-04,PLMSC,2008-10-23,88.47,82.83,216,182,0.1010,,EA,IMP
COSMOS 1275 DEB,1981-053AL,12692,DEB,,CIS,1981-06-04,PLMSC,,100.43,82.90,827,731,0.4162,,EA,ORB
COSMOS 1275 DEB,1981-053AM,12693,DEB,,CIS,1981-06-04,PLMSC,,101.31,83.14,854,788,0.2193,,EA,ORB
COSMOS 1275 DEB,1981-053AN,12694,DEB,,CIS,1981-06-04,PLMSC,,105.69,83.08,1112,941,0.0890,,EA,ORB
COSMOS 1275 DEB,1981-053AP,12695,DEB,,CIS,1981-06-04,PLMSC,,104.74,83.01,1058,906,0.0529,,EA,ORB
COSMOS 1275 DEB,1981-053AQ,12696,DEB,,CIS,1981-06-04,PLMSC,,106.40,83.07,1171,949,0.0764,,EA,ORB
COSMOS 1275 DEB,1981-053AR,12697,DEB,,CIS,1981-06-04,PLMSC,,104.19,82.78,1017,896,0.1280,,EA,ORB
COSMOS 1275 DEB,1981-053AS,12698,DEB,,CIS,1981-06-04,PLMSC,,100.30,82.90,781,765,0.0888,,EA,ORB
COSMOS 1275 DEB,1981-053AT,12699,DEB,,CIS,1981-06-04,PLMSC,,104.00,82.95,1008,887,0.0178,,EA,ORB
COSMOS 1275 DEB,1981-053AU,12700,DEB,,CIS,1981-06-04,PLMSC,,102.06,82.78,890,822,0.0825,,EA,ORB
COSMOS 1275 DEB,1981-053AV,12701,DEB,,CIS,1981-06-04,PLMSC,,103.38,82.85,947,890,0.0555,,EA,ORB
COSMOS 1275 DEB,1981-053AW,12702,DEB,D,CIS,1981-06-04,PLMSC,2002-01-01,87.64,82.89,168,147,0.2953,,EA,IMP
COSMOS 1275 DEB,1981-053AX,12703,DEB,,CIS,1981-06-04,PLMSC,,102.00,82.97,863,843,0.0162,,EA,ORB
COSMOS 1275 DEB,1981-053AY,12704,DEB,,CIS,1981-06-04,PLMSC,,105.02,82.99,1057,934,0.0461,,EA,ORB
COSMOS 1275 DEB,1981-053AZ,12705,DEB,,CIS,1981-06-04,PLMSC,,102.47,82.89,897,854,0.2001,,EA,ORB
COSMOS 1275 DEB,1981-053BA,12706,DEB,,CIS,1981-06-04,PLMSC,,104.23,82.88,1034,883,0.0495,,EA,ORB
COSMOS 1275 DEB,1981-053BB,12707,DEB,,CIS,1981-06-04,PLMSC,,105.89,83.02,1131,941,0.0535,,EA,ORB
COSMOS 1275 DEB,1981-053BC,12708,DEB,,CIS,1981-06-04,PLMSC,,97.68,82.86,659,637,0.1060,,EA,ORB
COSMOS 1275 DEB,1981-053BD,12709,DEB,,CIS,1981-06-04,PLMSC,,105.60,82.97,1113,932,0.2670,,EA,ORB
COSMOS 1275 DEB,1981-053BE,12710,DEB,,CIS,1981-06-04,PLMSC,,104.81,83.01,1069,902,0.2627,,EA,ORB
COSMOS 1275 DEB,1981-053BF,12711,DEB,,CIS,1981-06-04,PLMSC,,104.71,82.97,1026,936,0.0535,,EA,ORB
COSMOS 1275 DEB,1981-053BG,12712,DEB,,CIS,1981-06-04,PLMSC,,103.63,82.98,979,881,0.0421,,EA,ORB
COSMOS 1275 DEB,1981-053BH,12713,DEB,,CIS,1981-06-04,PLMSC,,100.52,82.95,793,774,0.0360,,EA,ORB
COSMOS 1275 DEB,1981-053BJ,12714,DEB,,CIS,1981-06-04,PLMSC,,105.89,82.97,1129,943,0.1873,,EA,ORB
COSMOS 1275 DEB,1981-053BK,12715,DEB,,CIS,1981-06-04,PLMSC,,100.41,83.10,821,734,0.1190,,EA,ORB
COSMOS 1297,1981-079A,12716,PAY,D,CIS,1981-08-18,PLMSC,1981-08-30,89.06,72.86,240,216,,,EA,IMP
SL-4 R/B,1981-079B,12717,R/B,D,CIS,1981-08-18,PLMSC,1981-08-25,87.83,72.84,188,145,,,EA,IMP
SL-4 DEB,1981-079C,12718,DEB,D,CIS,1981-08-18,PLMSC,1981-08-19,89.46,72.88,307,188,,,EA,IMP
COSMOS 1275 DEB,1981-053BL,12719,DEB,,CIS,1981-06-04,PLMSC,,103.25,82.96,929,895,0.1123,,EA,ORB
COSMOS 1275 DEB,1981-053BM,12720,DEB,,CIS,1981-06-04,PLMSC,,103.76,83.25,1017,855,0.1101,,EA,ORB
COSMOS 1275 DEB,1981-053BN,12721,DEB,D,CIS,1981-06-04,PLMSC,1989-11-28,90.73,82.91,337,284,0.4192,,EA,IMP
COSMOS 1275 DEB,1981-053BP,12722,DEB,,CIS,1981-06-04,PLMSC,,103.62,82.90,977,883,0.0524,,EA,ORB
COSMOS 1275 DEB,1981-053BQ,12723,DEB,,CIS,1981-06-04,PLMSC,,97.16,82.93,625,620,0.0541,,EA,ORB
COSMOS 1275 DEB,1981-053BR,12724,DEB,,CIS,1981-06-04,PLMSC,,102.21,82.93,878,849,0.0952,,EA,ORB
COSMOS 1275 DEB,1981-053BS,12725,DEB,,CIS,1981-06-04,PLMSC,,103.92,83.14,1011,876,0.1022,,EA,ORB
COSMOS 1275 DEB,1981-053BT,12726,DEB,,CIS,1981-06-04,PLMSC,,102.52,82.94,906,850,0.1751,,EA,ORB
COSMOS 1275 DEB,1981-053BU,12727,DEB,,CIS,1981-06-04,PLMSC,,103.29,83.29,978,851,0.1052,,EA,ORB
COSMOS 1275 DEB,1981-053BV,12728,DEB,,CIS,1981-06-04,PLMSC,,104.49,82.81,1011,930,0.1117,,EA,ORB
COSMOS 1275 DEB,1981-053BW,12729,DEB,,CIS,1981-06-04,PLMSC,,105.85,83.04,1128,940,0.0589,,EA,ORB
COSMOS 1275 DEB,1981-053BX,12730,DEB,,CIS,1981-06-04,PLMSC,,100.22,82.94,779,759,0.1493,,EA,ORB
COSMOS 1275 DEB,1981-053BY,12731,DEB,,CIS,1981-06-04,PLMSC,,104.38,82.94,1027,904,0.0167,,EA,ORB
COSMOS 1275 DEB,1981-053BZ,12732,DEB,,CIS,1981-06-04,PLMSC,,103.48,82.99,960,886,0.0169,,EA,ORB
COSMOS 1275 DEB,1981-053CA,12733,DEB,,CIS,1981-06-04,PLMSC,,100.00,82.85,773,744,0.0092,,EA,ORB
COSMOS 1275 DEB,1981-053CB,12734,DEB,D,CIS,1981-06-04,PLMSC,1991-11-04,89.05,82.63,235,220,0.1724,,EA,IMP
COSMOS 1275 DEB,1981-053CC,12735,DEB,,CIS,1981-06-04,PLMSC,,105.04,83.14,1070,922,0.0770,,EA,ORB
COSMOS 1275 DEB,1981-053CD,12736,DEB,,CIS,1981-06-04,PLMSC,,106.06,83.03,1141,946,0.0397,,EA,ORB
COSMOS 1275 DEB,1981-053CE,12737,DEB,,CIS,1981-06-04,PLMSC,,104.83,82.98,1094,879,0.0499,,EA,ORB
COSMOS 1275 DEB,1981-053CF,12738,DEB,D,CIS,1981-06-04,PLMSC,1989-09-12,90.74,82.66,320,302,0.0700,,EA,IMP
COSMOS 1275 DEB,1981-053CG,12739,DEB,,CIS,1981-06-04,PLMSC,,99.53,82.93,739,733,0.0198,,EA,ORB
COSMOS 1275 DEB,1981-053CH,12740,DEB,,CIS,1981-06-04,PLMSC,,99.87,82.84,761,744,0.0074,,EA,ORB
COSMOS 1275 DEB,1981-053CJ,12741,DEB,,CIS,1981-06-04,PLMSC,,103.56,82.94,974,879,0.0749,,EA,ORB
COSMOS 1275 DEB,1981-053CK,12742,DEB,,CIS,1981-06-04,PLMSC,,104.81,82.95,1022,950,0.1182,,EA,ORB
COSMOS 1275 DEB,1981-053CL,12743,DEB,,CIS,1981-06-04,PLMSC,,104.31,82.93,1009,916,0.1943,,EA,ORB
COSMOS 1275 DEB,1981-053CM,12744,DEB,,CIS,1981-06-04,PLMSC,,100.53,82.93,797,771,0.0674,,EA,ORB
COSMOS 1275 DEB,1981-053CN,12745,DEB,,CIS,1981-06-04,PLMSC,,103.46,83.14,957,888,0.0424,,EA,ORB
COSMOS 1275 DEB,1981-053CP,12746,DEB,,CIS,1981-06-04,PLMSC,,100.62,82.93,815,761,0.0680,,EA,ORB
COSMOS 1275 DEB,1981-053CQ,12747,DEB,,CIS,1981-06-04,PLMSC,,105.62,83.06,1116,931,0.0741,,EA,ORB
COSMOS 1275 DEB,1981-053CR,12748,DEB,,CIS,1981-06-04,PLMSC,,104.73,82.99,1015,948,0.0833,,EA,ORB
COSMOS 1275 DEB,1981-053CS,12749,DEB,,CIS,1981-06-04,PLMSC,,104.62,82.81,1022,931,0.0390,,EA,ORB
COSMOS 1275 DEB,1981-053CT,12750,DEB,D,CIS,1981-06-04,PLMSC,2001-07-19,88.73,82.84,223,200,0.0218,,EA,IMP
COSMOS 1275 DEB,1981-053CU,12751,DEB,,CIS,1981-06-04,PLMSC,,104.24,82.94,980,938,0.1534,,EA,ORB
COSMOS 1275 DEB,1981-053CV,12752,DEB,,CIS,1981-06-04,PLMSC,,105.27,83.02,1098,917,0.1005,,EA,ORB
COSMOS 1275 DEB,1981-053CW,12753,DEB,,CIS,1981-06-04,PLMSC,,104.50,82.80,1038,904,0.0536,,EA,ORB
COSMOS 1275 DEB,1981-053CX,12754,DEB,D,CIS,1981-06-04,PLMSC,1983-08-03,92.26,82.88,402,368,0.1494,,EA,IMP
COSMOS 1275 DEB,1981-053CY,12755,DEB,D,CIS,1981-06-04,PLMSC,2024-07-26,89.15,82.87,247,218,0.0101,,EA,IMP
COSMOS 1275 DEB,1981-053CZ,12756,DEB,D,CIS,1981-06-04,PLMSC,2025-08-27,90.06,82.94,292,263,0.0102,,EA,IMP
COSMOS 1275 DEB,1981-053DA,12757,DEB,,CIS,1981-06-04,PLMSC,,104.09,82.95,993,911,0.0380,,EA,ORB
COSMOS 1275 DEB,1981-053DB,12758,DEB,,CIS,1981-06-04,PLMSC,,104.17,82.86,997,914,0.0189,,EA,ORB
COSMOS 1275 DEB,1981-053DC,12759,DEB,,CIS,1981-06-04,PLMSC,,102.48,82.86,909,843,0.0168,,EA,ORB
COSMOS 1275 DEB,1981-053DD,12760,DEB,D,CIS,1981-06-04,PLMSC,2002-11-21,88.44,82.93,208,187,0.0221,,EA,IMP
COSMOS 1275 DEB,1981-053DE,12761,DEB,D,CIS,1981-06-04,PLMSC,1990-03-16,90.34,82.84,308,274,0.1300,,EA,IMP
COSMOS 1275 DEB,1981-053DF,12762,DEB,D,CIS,1981-06-04,PLMSC,1981-11-04,90.77,82.83,353,271,,,EA,IMP
COSMOS 1275 DEB,1981-053DG,12763,DEB,D,CIS,1981-06-04,PLMSC,2002-08-20,89.14,82.88,241,223,0.1225,,EA,IMP
COSMOS 1275 DEB,1981-053DH,12764,DEB,D,CIS,1981-06-04,PLMSC,2015-02-13,88.73,82.88,239,184,0.0188,,EA,IMP
COSMOS 1275 DEB,1981-053DJ,12765,DEB,D,CIS,1981-06-04,PLMSC,1988-04-12,92.54,83.20,433,364,0.1295,,EA,IMP
COSMOS 1275 DEB,1981-053DK,12766,DEB,,CIS,1981-06-04,PLMSC,,105.07,82.95,1073,923,0.0481,,EA,ORB
COSMOS 1275 DEB,1981-053DL,12767,DEB,,CIS,1981-06-04,PLMSC,,102.01,82.95,887,820,0.0532,,EA,ORB
COSMOS 1275 DEB,1981-053DM,12768,DEB,,CIS,1981-06-04,PLMSC,,103.78,82.93,972,902,0.0390,,EA,ORB
COSMOS 1275 DEB,1981-053DN,12769,DEB,,CIS,1981-06-04,PLMSC,,104.80,82.82,1035,934,0.1858,,EA,ORB
COSMOS 1275 DEB,1981-053DP,12770,DEB,D,CIS,1981-06-04,PLMSC,2011-11-03,88.94,82.79,236,208,0.0696,,EA,IMP
COSMOS 1275 DEB,1981-053DQ,12771,DEB,,CIS,1981-06-04,PLMSC,,105.18,82.86,1114,891,0.0380,,EA,ORB
COSMOS 1275 DEB,1981-053DR,12772,DEB,,CIS,1981-06-04,PLMSC,,101.37,82.92,855,793,0.0449,,EA,ORB
COSMOS 1275 DEB,1981-053DS,12773,DEB,,CIS,1981-06-04,PLMSC,,97.54,82.92,692,590,0.0520,,EA,ORB
COSMOS 1275 DEB,1981-053DT,12774,DEB,D,CIS,1981-06-04,PLMSC,1991-10-07,90.21,82.59,297,273,0.0653,,EA,IMP
COSMOS 1275 DEB,1981-053DU,12775,DEB,,CIS,1981-06-04,PLMSC,,105.65,83.33,1133,916,0.0076,,EA,ORB
COSMOS 1298,1981-080A,12776,PAY,D,CIS,1981-08-21,TYMSC,1981-10-02,88.65,64.87,250,166,,,EA,IMP
SL-4 R/B,1981-080B,12777,R/B,D,CIS,1981-08-21,TYMSC,1981-08-24,87.19,64.89,150,120,,,EA,IMP
ATLAS CENTAUR R/B,1981-073B,12778,R/B,D,US,1981-08-06,AFETR,1983-04-16,91.94,26.32,624,115,31.3600,,EA,IMP
COSMOS 1275 DEB,1981-053DV,12779,DEB,D,CIS,1981-06-04,PLMSC,2023-08-30,88.27,82.50,198,179,0.0820,,EA,IMP
COSMOS 1275 DEB,1981-053DW,12780,DEB,,CIS,1981-06-04,PLMSC,,103.47,82.95,938,908,0.1448,,EA,ORB
COSMOS 1275 DEB,1981-053DX,12781,DEB,,CIS,1981-06-04,PLMSC,,103.93,83.16,995,894,0.0717,,EA,ORB
COSMOS 1275 DEB,1981-053DY,12782,DEB,,CIS,1981-06-04,PLMSC,,104.78,83.00,1040,928,0.0373,,EA,ORB
COSMOS 1299,1981-081A,12783,PAY,,CIS,1981-08-24,TYMSC,,103.93,65.12,968,920,2.0841,,EA,ORB
COSMOS 1300,1981-082A,12785,PAY,D,CIS,1981-08-24,PLMSC,2026-02-07,87.23,82.45,145,130,5.6944,,EA,IMP
SL-14 R/B,1981-082B,12786,R/B,,CIS,1981-08-24,PLMSC,,96.82,82.49,618,595,3.2877,,EA,ORB
N-2 R/B(2),1981-012C,12787,R/B,,JPN,1981-02-11,TANSC,,297.49,28.01,16575,192,2.7298,,EA,ORB
COSMOS 1301,1981-083A,12788,PAY,D,CIS,1981-08-27,PLMSC,1981-09-10,89.91,82.31,274,265,16.2400,,EA,IMP
SL-4 R/B,1981-083B,12789,R/B,D,CIS,1981-08-27,PLMSC,1981-08-31,87.51,82.31,159,144,,,EA,IMP
SL-4 DEB,1981-083C,12790,DEB,D,CIS,1981-08-27,PLMSC,1981-09-02,89.13,82.33,264,199,1.0000,,EA,IMP
COSMOS 1302,1981-084A,12791,PAY,,CIS,1981-08-28,PLMSC,,100.34,74.03,789,761,2.1510,,EA,ORB
SL-8 R/B,1981-084B,12792,R/B,,CIS,1981-08-28,PLMSC,,100.06,74.03,771,752,4.7613,,EA,ORB
SL-8 DEB,1981-084C,12793,DEB,,CIS,1981-08-28,PLMSC,,97.41,74.02,635,635,0.0113,,EA,ORB
COSMOS 1297 DEB,1981-079D,12794,DEB,D,CIS,1981-08-18,PLMSC,1981-09-05,87.30,72.85,143,139,0.2200,,EA,IMP
COSMOS 1297 DEB,1981-079E,12795,DEB,D,CIS,1981-08-18,PLMSC,1981-08-31,88.41,72.89,212,179,,,EA,IMP
COSMOS 1297 DEB,1981-079F,12796,DEB,D,CIS,1981-08-18,PLMSC,1981-09-02,88.48,72.85,202,196,,,EA,IMP
COSMOS 1297 DEB,1981-079G,12797,DEB,D,CIS,1981-08-18,PLMSC,1981-08-31,89.99,72.85,346,201,,,EA,IMP
DELTA 1 DEB,1981-070F,12798,DEB,D,US,1981-08-03,AFWTR,1981-08-31,,,,,,,EA,IMP
OPS 3984,1981-085A,12799,PAY,D,US,1981-09-03,AFWTR,1984-11-23,,,,,,NEA,EA,IMP
TITAN 3D R/B,1981-085B,12800,R/B,D,US,1981-09-03,AFWTR,1981-10-12,87.54,96.95,165,141,,,EA,IMP
COSMOS 1303,1981-086A,12801,PAY,D,CIS,1981-09-04,TYMSC,1981-09-18,92.29,70.40,414,360,,,EA,IMP
SL-4 R/B,1981-086B,12802,R/B,D,CIS,1981-09-04,TYMSC,1981-09-12,87.77,70.38,182,147,,,EA,IMP
COSMOS 1304,1981-087A,12803,PAY,,CIS,1981-09-04,PLMSC,,103.76,82.94,970,902,1.4715,,EA,ORB
SL-8 R/B,1981-087B,12804,R/B,,CIS,1981-09-04,PLMSC,,103.61,82.93,959,899,4.1899,,EA,ORB
SL-4 DEB,1981-086C,12805,DEB,D,CIS,1981-09-04,TYMSC,1981-09-05,,,,,,,EA,IMP
SL-4 DEB,1981-086D,12806,DEB,D,CIS,1981-09-04,TYMSC,1981-09-05,88.95,70.40,263,183,,,EA,IMP
COSMOS 1299 DEB[ANTENNA],1981-081B,12807,DEB,D,CIS,1981-08-24,TYMSC,1981-09-07,87.99,64.98,183,168,,,EA,IMP
COSMOS 1299 FUEL CORE,1981-081C,12808,DEB,,CIS,1981-08-24,TYMSC,,103.70,65.12,940,927,0.1693,,EA,ORB
COSMOS 1299 DEB [PELPS],1981-081D,12809,DEB,D,CIS,1981-08-24,TYMSC,1981-09-27,87.17,64.98,141,127,,,EA,IMP
N-2 R/B(2),1981-076C,12810,R/B,D,JPN,1981-08-10,TANSC,1990-11-23,88.84,28.41,316,119,2.5255,,EA,IMP
COSMOS 1301 DEB,1981-083D,12811,DEB,D,CIS,1981-08-27,PLMSC,1981-09-24,87.58,82.29,164,145,,,EA,IMP
COSMOS 1301 DEB,1981-083E,12812,DEB,D,CIS,1981-08-27,PLMSC,1981-09-17,88.37,82.40,200,187,,,EA,IMP
COSMOS 1301 DEB,1981-083F,12813,DEB,D,CIS,1981-08-27,PLMSC,1981-11-09,89.95,82.12,322,222,,,EA,IMP
COSMOS 1305,1981-088A,12818,PAY,,CIS,1981-09-11,PLMSC,,263.60,62.79,13914,567,11.3425,,EA,ORB
SL-6 R/B(1),1981-088B,12819,R/B,D,CIS,1981-09-11,PLMSC,1981-10-05,87.26,62.75,155,122,,,EA,IMP
SL-6 PLAT,1981-088C,12820,DEB,D,CIS,1981-09-11,PLMSC,1981-10-03,88.36,62.79,237,149,,,EA,IMP
SL-6 DEB,1981-088D,12821,DEB,D,CIS,1981-09-11,PLMSC,1982-01-13,87.86,62.79,185,152,0.0200,,EA,IMP
SL-6 DEB,1981-088E,12822,DEB,D,CIS,1981-09-11,PLMSC,1981-12-04,93.18,62.83,630,230,0.3100,,EA,IMP
SL-6 R/B(2),1981-088F,12827,R/B,,CIS,1981-09-11,PLMSC,,262.37,62.89,13739,656,5.6709,,EA,ORB
COSMOS 1306,1981-089A,12828,PAY,D,CIS,1981-09-14,TYMSC,1982-07-16,92.41,64.94,405,380,42.5292,,EA,IMP
SL-11 R/B,1981-089B,12829,R/B,D,CIS,1981-09-14,TYMSC,1981-09-15,87.32,65.03,196,87,,,EA,IMP
COSMOS 1307,1981-090A,12830,PAY,D,CIS,1981-09-15,PLMSC,1981-09-28,92.25,72.86,416,354,,,EA,IMP
SL-4 R/B,1981-090B,12831,R/B,D,CIS,1981-09-15,PLMSC,1981-09-23,87.08,72.85,143,116,,,EA,IMP
SL-4 DEB,1981-090C,12832,DEB,D,CIS,1981-09-15,PLMSC,1981-09-17,87.98,72.87,262,87,,,EA,IMP
COSMOS 1308,1981-091A,12835,PAY,,CIS,1981-09-18,PLMSC,,104.68,82.92,999,960,1.9671,,EA,ORB
SL-8 R/B,1981-091B,12836,R/B,,CIS,1981-09-18,PLMSC,,104.59,82.92,992,958,3.9780,,EA,ORB
COSMOS 1309,1981-092A,12837,PAY,D,CIS,1981-09-18,PLMSC,1981-10-01,88.64,82.31,221,193,,,EA,IMP
SL-4 R/B,1981-092B,12838,R/B,D,CIS,1981-09-18,PLMSC,1981-09-21,87.39,82.31,153,138,,,EA,IMP
COSMOS 1303 DEB,1981-086E,12839,DEB,D,CIS,1981-09-04,TYMSC,1981-10-09,89.07,70.38,232,225,,,EA,IMP
COSMOS 1303 DEB,1981-086F,12840,DEB,D,CIS,1981-09-04,TYMSC,1981-10-25,87.92,70.38,175,167,,,EA,IMP
COSMOS 1303 DEB,1981-086G,12841,DEB,D,CIS,1981-09-04,TYMSC,1982-02-06,87.16,70.37,141,127,0.9100,,EA,IMP
SJ-2,1981-093A,12842,PAY,D,PRC,1981-09-19,JSC,1981-09-26,89.70,59.36,342,177,,,EA,IMP
SJ-2A,1981-093B,12843,PAY,D,PRC,1981-09-19,JSC,1982-10-06,87.59,59.37,173,137,13.4300,,EA,IMP
CZ-2B DEB,1981-093C,12844,DEB,D,PRC,1981-09-19,JSC,1981-11-22,89.69,59.42,340,179,,,EA,IMP
SJ-2B,1981-093D,12845,PAY,D,PRC,1981-09-19,JSC,1982-08-17,87.72,59.39,184,139,2.9000,,EA,IMP
CZ-2B R/B,1981-093E,12846,R/B,D,PRC,1981-09-19,JSC,1983-04-10,87.43,59.39,162,133,19.0000,,EA,IMP
CZ-2B DEB,1981-093F,12847,DEB,D,PRC,1981-09-19,JSC,1981-11-25,88.59,59.32,249,161,,,EA,IMP
AUREOLE 3,1981-094A,12848,PAY,,FR,1981-09-21,PLMSC,,98.64,82.46,1016,371,4.1740,,EA,ORB
SL-14 R/B,1981-094B,12849,R/B,,CIS,1981-09-21,PLMSC,,106.00,82.49,1685,397,4.6957,,EA,ORB
SL-12 R/B(2),1981-069F,12850,R/B,,CIS,1981-07-30,TYMSC,,1473.90,8.00,36612,36434,2.5247,,EA,ORB
SL-12 R/B(2),1981-061F,12851,R/B,,CIS,1981-06-26,TYMSC,,1425.56,5.85,35589,35571,2.0417,,EA,ORB
COSMOS 1310,1981-095A,12852,PAY,D,CIS,1981-09-23,PLMSC,1989-04-03,87.76,65.79,170,157,6.1952,,EA,IMP
SL-8 R/B,1981-095B,12853,R/B,D,CIS,1981-09-23,PLMSC,1983-09-17,87.16,65.79,141,127,19.8200,,EA,IMP
SBS 2,1981-096A,12855,PAY,-,US,1981-09-24,AFETR,,1438.11,10.16,35855,35797,7.7920,,EA,ORB
COSMOS 1311,1981-097A,12871,PAY,D,CIS,1981-09-28,PLMSC,1983-08-28,87.21,82.90,146,127,19.1330,,EA,IMP
SL-8 R/B,1981-097B,12872,R/B,D,CIS,1981-09-28,PLMSC,1983-02-16,87.51,82.91,158,145,12.3700,,EA,IMP
COSMOS 1307 DEB,1981-090D,12873,DEB,D,CIS,1981-09-15,PLMSC,1981-10-15,89.12,72.87,245,217,1.3500,,EA,IMP
SBS 2 R/B [PAM-D],1981-096B,12874,R/B,D,US,1981-09-24,AFETR,1982-04-12,92.48,27.12,639,153,0.3100,,EA,IMP
COSMOS 1307 DEB,1981-090E,12875,DEB,D,CIS,1981-09-15,PLMSC,1981-09-30,91.75,72.87,406,315,,,EA,IMP
COSMOS 1307 DEB,1981-090F,12876,DEB,D,CIS,1981-09-15,PLMSC,1981-11-04,89.82,72.85,270,261,0.3100,,EA,IMP
COSMOS 1307 DEB,1981-090G,12877,DEB,D,CIS,1981-09-15,PLMSC,1982-02-04,87.61,72.85,163,149,1.9880,,EA,IMP
COSMOS 1307 DEB,1981-090H,12878,DEB,D,CIS,1981-09-15,PLMSC,1981-10-23,89.17,72.84,252,215,,,EA,IMP
COSMOS 1312,1981-098A,12879,PAY,,CIS,1981-09-30,PLMSC,,115.91,82.60,1502,1491,8.6971,,EA,ORB
SL-14 R/B,1981-098B,12880,R/B,,CIS,1981-09-30,PLMSC,,115.86,82.60,1499,1490,5.2520,,EA,ORB
COSMOS 1313,1981-099A,12881,PAY,D,CIS,1981-10-01,TYMSC,1981-10-15,89.47,70.35,270,227,,,EA,IMP
SL-4 R/B,1981-099B,12882,R/B,D,CIS,1981-10-01,TYMSC,1981-10-05,86.92,70.36,136,108,,,EA,IMP
SL-4 DEB,1981-099C,12883,DEB,D,CIS,1981-10-01,TYMSC,1981-10-02,88.20,70.37,200,171,,,EA,IMP
CZ-2B DEB,1981-093G,12884,DEB,D,PRC,1981-09-19,JSC,1982-05-22,88.95,59.59,271,174,0.4411,,EA,IMP
CZ-2B DEB,1981-093H,12885,DEB,D,PRC,1981-09-19,JSC,1982-05-20,88.54,59.54,245,160,1.0382,,EA,IMP
COSMOS 1275 DEB,1981-053DZ,12886,DEB,D,CIS,1981-06-04,PLMSC,2001-10-13,90.88,82.84,337,299,0.0124,,EA,IMP
SME,1981-100A,12887,PAY,D,US,1981-10-06,AFWTR,1991-03-05,87.98,97.56,179,170,7.4635,,EA,IMP
UOSAT 1 (UO-9),1981-100B,12888,PAY,D,UK,1981-10-06,AFWTR,1989-10-13,87.31,97.51,147,135,1.5406,,EA,IMP
THOR DELTA 1 R/B,1981-100C,12889,R/B,,US,1981-10-06,AFWTR,,118.01,99.87,2633,550,7.5150,,EA,ORB
CZ-2B DEB,1981-093J,12890,DEB,D,PRC,1981-09-19,JSC,1981-10-20,100.26,59.34,1351,192,,,EA,IMP
THOR DELTA 1 DEB,1981-100D,12891,DEB,D,US,1981-10-06,AFWTR,1981-11-14,91.27,97.46,362,311,,,EA,IMP
COSMOS 1261 DEB,1981-031E,12892,DEB,,CIS,1981-03-31,PLMSC,,401.16,62.09,23158,121,1.1082,,EA,ORB
COSMOS 1261 DEB,1981-031F,12893,DEB,,CIS,1981-03-31,PLMSC,,716.15,64.04,39128,1146,0.6731,,EA,ORB
COSMOS 1261 DEB,1981-031G,12894,DEB,,CIS,1981-03-31,PLMSC,,718.27,69.82,35104,5275,0.2983,,EA,ORB
COSMOS 1314,1981-101A,12895,PAY,D,CIS,1981-10-09,PLMSC,1981-10-22,88.96,82.35,232,214,,,EA,IMP
SL-4 R/B,1981-101B,12896,R/B,D,CIS,1981-10-09,PLMSC,1981-10-11,86.93,82.33,130,115,,,EA,IMP
RADUGA 10,1981-102A,12897,PAY,-,CIS,1981-10-09,TYMSC,,1435.79,6.56,35796,35765,6.1751,,EA,ORB
SL-12 R/B(1),1981-102B,12898,R/B,D,CIS,1981-10-09,TYMSC,1981-10-11,87.20,51.62,139,132,,,EA,IMP
SL-12 PLAT,1981-102C,12899,DEB,D,CIS,1981-10-09,TYMSC,1981-10-10,87.32,51.60,145,138,,,EA,IMP
SL-4 DEB,1981-101C,12900,DEB,D,CIS,1981-10-09,PLMSC,1981-11-09,88.97,82.32,232,215,,,EA,IMP
SL-12 R/B(AUX MOTOR),1981-102D,12901,R/B,D,CIS,1981-10-09,TYMSC,1982-07-02,95.69,46.66,1012,92,1.1800,,EA,IMP
SL-12 R/B(AUX MOTOR),1981-102E,12902,R/B,D,CIS,1981-10-09,TYMSC,1982-05-13,439.93,46.69,25458,108,0.3100,,EA,IMP
COSMOS 1315,1981-103A,12903,PAY,D,CIS,1981-10-13,PLMSC,2015-08-31,87.14,81.09,142,124,8.0277,,EA,IMP
SL-3 R/B,1981-103B,12904,R/B,,CIS,1981-10-13,PLMSC,,94.57,81.16,507,488,5.3523,,EA,ORB
COSMOS 1316,1981-104A,12905,PAY,D,CIS,1981-10-15,TYMSC,1981-10-29,89.52,70.33,274,228,,,EA,IMP
COSMOS 1313 DEB,1981-099D,12910,DEB,D,CIS,1981-10-01,TYMSC,1981-10-16,89.16,70.35,253,213,,,EA,IMP
COSMOS 1313 DEB,1981-099E,12911,DEB,D,CIS,1981-10-01,TYMSC,1981-10-16,88.35,70.36,206,180,,,EA,IMP
COSMOS 1313 DEB,1981-099F,12912,DEB,D,CIS,1981-10-01,TYMSC,1981-10-26,87.32,70.34,145,139,,,EA,IMP
SL-4 R/B,1981-104B,12913,R/B,D,CIS,1981-10-15,TYMSC,1981-10-23,87.42,70.34,168,126,,,EA,IMP
COSMOS 1275 DEB,1981-053EA,12914,DEB,D,CIS,1981-06-04,PLMSC,1981-10-29,100.87,83.09,847,753,,,EA,IMP
MOLNIYA 3-17,1981-105A,12915,PAY,D,CIS,1981-10-17,PLMSC,1997-01-09,91.91,62.29,669,67,12.6245,,EA,IMP
SL-6 PLAT,1981-105B,12916,DEB,D,CIS,1981-10-17,PLMSC,1981-11-04,88.52,62.84,255,148,,,EA,IMP
SL-6 R/B(1),1981-105C,12917,R/B,D,CIS,1981-10-17,PLMSC,1981-11-06,87.60,62.80,179,133,,,EA,IMP
SL-6 DEB,1981-105D,12918,DEB,D,CIS,1981-10-17,PLMSC,1981-11-08,93.14,62.80,629,228,,,EA,IMP
SL-6 R/B(2),1981-105E,12920,R/B,D,CIS,1981-10-17,PLMSC,1997-12-15,91.90,62.17,653,82,6.7512,,EA,IMP
COSMOS 1314 DEB,1981-101D,12921,DEB,D,CIS,1981-10-09,PLMSC,1981-10-25,87.33,82.32,149,136,,,EA,IMP
COSMOS 1314 DEB,1981-101E,12922,DEB,D,CIS,1981-10-09,PLMSC,1981-10-25,87.88,82.34,176,164,,,EA,IMP
COSMOS 1314 DEB,1981-101F,12923,DEB,D,CIS,1981-10-09,PLMSC,1981-10-25,89.10,82.34,271,189,,,EA,IMP
COSMOS 1316 DEB,1981-104C,12924,DEB,D,CIS,1981-10-15,TYMSC,1981-11-08,87.91,70.32,181,162,,,EA,IMP
COSMOS 1316 DEB,1981-104D,12925,DEB,D,CIS,1981-10-15,TYMSC,1981-10-31,88.96,70.32,241,204,,,EA,IMP
COSMOS 1316 DEB,1981-104E,12926,DEB,D,CIS,1981-10-15,TYMSC,1981-10-31,88.32,70.32,199,184,,,EA,IMP
VENERA 13 BUS,1981-106A,12927,PAY,,CIS,1981-10-30,TYMSC,,,,,,,NEA,SU,ORB
SL-12 R/B,1981-106B,12928,R/B,D,CIS,1981-10-30,TYMSC,1981-10-31,87.92,51.56,203,140,,,EA,IMP
SL-12 PLAT,1981-106C,12929,DEB,D,CIS,1981-10-30,TYMSC,1981-10-31,87.93,51.52,189,155,,,EA,IMP
OPS 4029,1981-107A,12930,PAY,,US,1981-10-31,AFETR,,1434.79,5.64,40156,31366,,,EA,ORB
TITAN 3C R/B(1),1981-107B,12931,R/B,D,US,1981-10-31,AFETR,1981-11-02,,,,,,NEA,EA,IMP
TITAN 3C TRANSTAGE R/B,1981-107C,12932,R/B,,US,1981-10-31,AFETR,,1445.91,5.31,40216,31741,,,EA,ORB
COSMOS 1317,1981-108A,12933,PAY,,CIS,1981-10-31,PLMSC,,719.13,71.51,32840,7581,8.6707,,EA,ORB
SL-6 R/B(1),1981-108B,12934,R/B,D,CIS,1981-10-31,PLMSC,1981-11-23,87.52,62.81,173,130,,,EA,IMP
SL-6 PLAT,1981-108C,12935,DEB,D,CIS,1981-10-31,PLMSC,1981-11-14,88.20,62.89,234,137,,,EA,IMP
COSMOS 1318,1981-109A,12936,PAY,D,CIS,1981-11-03,PLMSC,1981-12-04,89.00,67.13,289,162,43.5400,,EA,IMP
SL-4 R/B,1981-109B,12937,R/B,D,CIS,1981-11-03,PLMSC,1981-11-06,87.56,67.13,181,127,,,EA,IMP
VENERA 14 BUS,1981-110A,12938,PAY,,CIS,1981-11-04,TYMSC,,,,,,,NEA,SU,ORB
SL-12 PLAT,1981-110B,12939,DEB,D,CIS,1981-11-04,TYMSC,1981-11-05,87.63,51.54,169,145,,,EA,IMP
SL-6 R/B(2),1981-108D,12940,R/B,,CIS,1981-10-31,PLMSC,,723.20,65.55,38318,2303,5.2290,,EA,ORB
SL-12 R/B,1981-110C,12941,R/B,D,CIS,1981-11-04,TYMSC,1981-11-05,87.73,51.57,173,151,,,EA,IMP
SCOUT G-1 DEB,1981-044C,12944,DEB,D,US,1981-05-15,AFWTR,1981-12-08,89.35,89.88,273,211,0.3100,,EA,IMP
DELTA 1 DEB,1981-070G,12945,DEB,D,US,1981-08-03,AFWTR,1982-01-25,88.06,89.92,206,151,,,EA,IMP
DELTA 1 DEB,1981-070H,12946,DEB,D,US,1981-08-03,AFWTR,1982-02-16,89.36,89.91,283,202,0.0865,,EA,IMP
COSMOS 1275 DEB,1981-053EB,12947,DEB,,CIS,1981-06-04,PLMSC,,107.05,83.09,1236,945,0.0279,,EA,ORB
COSMOS 1275 DEB,1981-053EC,12948,DEB,D,CIS,1981-06-04,PLMSC,2001-03-08,91.04,82.81,334,317,0.0514,,EA,IMP
COSMOS 1275 DEB,1981-053ED,12949,DEB,,CIS,1981-06-04,PLMSC,,103.10,82.84,928,883,0.0172,,EA,ORB
COSMOS 1275 DEB,1981-053EE,12950,DEB,,CIS,1981-06-04,PLMSC,,101.60,83.01,872,796,0.0231,,EA,ORB
COSMOS 1275 DEB,1981-053EF,12951,DEB,D,CIS,1981-06-04,PLMSC,1992-06-19,89.32,83.08,254,228,0.0702,,EA,IMP
COSMOS 1275 DEB,1981-053EG,12952,DEB,,CIS,1981-06-04,PLMSC,,102.91,82.96,902,891,0.0380,,EA,ORB
STS 2 (OFT-2),1981-111A,12953,PAY,D,US,1981-11-12,AFETR,1981-11-14,89.71,38.03,265,255,,,EA,LAN
COSMOS 1319,1981-112A,12954,PAY,D,CIS,1981-11-13,TYMSC,1981-11-27,92.17,70.36,414,348,,,EA,IMP
SL-4 R/B,1981-112B,12955,R/B,D,CIS,1981-11-13,TYMSC,1981-11-22,87.81,70.35,186,146,,,EA,IMP
SL-4 DEB,1981-112C,12956,DEB,D,CIS,1981-11-13,TYMSC,1981-11-16,89.82,70.56,327,205,,,EA,IMP
SL-4 DEB,1981-112D,12957,DEB,D,CIS,1981-11-13,TYMSC,1981-11-13,90.27,70.34,371,204,,,EA,IMP
CZ-2B DEB,1981-093K,12958,DEB,D,PRC,1981-09-19,JSC,1981-11-16,90.74,59.75,461,160,,,EA,IMP
MOLNIYA 1-51,1981-113A,12959,PAY,D,CIS,1981-11-17,PLMSC,1993-11-02,91.06,63.30,573,80,16.9708,,EA,IMP
SL-6 R/B(1),1981-113B,12960,R/B,D,CIS,1981-11-17,PLMSC,1981-11-27,87.14,62.76,138,127,,,EA,IMP
SL-6 PLAT,1981-113C,12961,DEB,D,CIS,1981-11-17,PLMSC,1981-11-29,87.65,62.82,181,136,0.3100,,EA,IMP
COSMOS 1275 DEB,1981-053EH,12962,DEB,,CIS,1981-06-04,PLMSC,,102.62,82.96,900,865,0.0108,,EA,ORB
COSMOS 1275 DEB,1981-053EJ,12963,DEB,,CIS,1981-06-04,PLMSC,,104.09,82.95,971,933,0.0460,,EA,ORB
COSMOS 1275 DEB,1981-053EK,12964,DEB,,CIS,1981-06-04,PLMSC,,104.32,82.94,990,935,0.0423,,EA,ORB
COSMOS 1275 DEB,1981-053EL,12965,DEB,D,CIS,1981-06-04,PLMSC,1991-02-01,89.61,83.14,261,250,0.0500,,EA,IMP
COSMOS 1275 DEB,1981-053EM,12966,DEB,,CIS,1981-06-04,PLMSC,,101.93,82.94,875,825,0.0169,,EA,ORB
SATCOM 3R,1981-114A,12967,PAY,,US,1981-11-20,AFETR,,1438.03,12.02,35842,35807,2.5119,,EA,ORB
BHASKARA 2,1981-115A,12968,PAY,D,IND,1981-11-20,KYMSC,1991-11-30,87.27,50.61,144,135,2.5023,,EA,IMP
SL-8 R/B,1981-115B,12969,R/B,D,CIS,1981-11-20,KYMSC,1989-10-08,87.36,50.63,148,140,11.2094,,EA,IMP
COSMOS 1319 DEB,1981-112E,12970,DEB,D,CIS,1981-11-13,TYMSC,1981-12-13,88.01,70.33,179,173,1.0000,,EA,IMP
COSMOS 1319 DEB,1981-112F,12971,DEB,D,CIS,1981-11-13,TYMSC,1982-04-15,87.35,70.33,152,134,2.3800,,EA,IMP
COSMOS 1319 DEB,1981-112G,12972,DEB,D,CIS,1981-11-13,TYMSC,1982-01-02,88.55,70.34,205,200,0.3100,,EA,IMP
COSMOS 1319 DEB,1981-112H,12973,DEB,D,CIS,1981-11-13,TYMSC,1981-12-27,89.57,70.34,269,238,0.3100,,EA,IMP
COSMOS 1319 DEB,1981-112J,12974,DEB,D,CIS,1981-11-13,TYMSC,1981-12-08,90.58,70.33,337,269,0.3100,,EA,IMP
COSMOS 1320,1981-116A,12975,PAY,,CIS,1981-11-28,PLMSC,,117.26,73.99,1634,1481,0.6787,,EA,ORB
COSMOS 1321,1981-116B,12976,PAY,,CIS,1981-11-28,PLMSC,,117.23,73.99,1631,1482,0.6820,,EA,ORB
COSMOS 1322,1981-116C,12977,PAY,,CIS,1981-11-28,PLMSC,,117.19,73.98,1628,1481,0.6758,,EA,ORB
COSMOS 1323,1981-116D,12978,PAY,,CIS,1981-11-28,PLMSC,,117.15,73.98,1624,1482,0.6690,,EA,ORB
COSMOS 1324,1981-116E,12979,PAY,,CIS,1981-11-28,PLMSC,,117.10,73.98,1619,1482,0.6650,,EA,ORB
COSMOS 1325,1981-116F,12980,PAY,,CIS,1981-11-28,PLMSC,,117.06,73.98,1616,1482,0.6780,,EA,ORB
COSMOS 1326,1981-116G,12981,PAY,,CIS,1981-11-28,PLMSC,,116.99,73.98,1610,1481,0.6770,,EA,ORB
COSMOS 1327,1981-116H,12982,PAY,,CIS,1981-11-28,PLMSC,,116.92,73.98,1603,1482,0.6784,,EA,ORB
SL-8 R/B,1981-116J,12983,R/B,,CIS,1981-11-28,PLMSC,,117.57,73.98,1663,1480,5.7903,,EA,ORB
COSMOS 1247 DEB,1981-016F,12984,DEB,,CIS,1981-02-19,PLMSC,,710.53,69.60,36100,3897,2.5774,,EA,ORB
COSMOS 1247 DEB,1981-016G,12985,DEB,D,CIS,1981-02-19,PLMSC,2009-07-07,94.47,61.37,891,94,0.3329,,EA,IMP
SL-6 R/B(2),1981-113D,12986,R/B,D,CIS,1981-11-17,PLMSC,1997-05-21,90.72,62.37,541,78,7.5044,,EA,IMP
COSMOS 1328,1981-117A,12987,PAY,,CIS,1981-12-03,PLMSC,,93.70,82.49,461,450,8.2828,,EA,ORB
SL-14 R/B,1981-117B,12988,R/B,,CIS,1981-12-03,PLMSC,,96.81,82.53,617,595,4.1138,,EA,ORB
COSMOS 1329,1981-118A,12989,PAY,D,CIS,1981-12-04,TYMSC,1981-12-18,89.67,65.02,286,230,,,EA,IMP
SL-4 R/B,1981-118B,12990,R/B,D,CIS,1981-12-04,TYMSC,1981-12-08,87.75,65.02,167,159,,,EA,IMP
SL-4 DEB,1981-118C,12991,DEB,D,CIS,1981-12-04,TYMSC,1981-12-10,88.79,64.98,224,205,,,EA,IMP
COSMOS 1247 DEB,1981-016H,12992,DEB,,CIS,1981-02-19,PLMSC,,711.02,68.75,36420,3601,0.3658,,EA,ORB
COSMOS 1285 DEB,1981-071E,12993,DEB,,CIS,1981-08-04,PLMSC,,727.80,67.28,37626,3222,2.1978,,EA,ORB
INTELSAT 503,1981-119A,12994,PAY,-,ITSO,1981-12-15,AFETR,,1447.74,11.17,36227,35801,5.1167,,EA,ORB
RADIO 3,1981-120A,12997,PAY,,CIS,1981-12-17,PLMSC,,118.43,82.96,1658,1563,0.8070,,EA,ORB
RADIO 8,1981-120B,12998,PAY,,CIS,1981-12-17,PLMSC,,119.68,82.95,1682,1651,0.8276,,EA,ORB
RADIO 5,1981-120C,12999,PAY,,CIS,1981-12-17,PLMSC,,119.47,82.96,1669,1645,0.7881,,EA,ORB
RADIO 4,1981-120D,13000,PAY,,CIS,1981-12-17,PLMSC,,119.31,82.96,1665,1635,0.8179,,EA,ORB
RADIO 7,1981-120E,13001,PAY,,CIS,1981-12-17,PLMSC,,119.11,82.96,1660,1622,0.8290,,EA,ORB
RADIO 6,1981-120F,13002,PAY,,CIS,1981-12-17,PLMSC,,118.63,82.95,1660,1579,0.8204,,EA,ORB
SL-8 R/B,1981-120G,13003,R/B,,CIS,1981-12-17,PLMSC,,120.85,82.95,1786,1652,6.1939,,EA,ORB
COSMOS 1329 DEB,1981-118D,13004,DEB,D,CIS,1981-12-04,TYMSC,1982-01-05,87.32,65.00,146,137,0.3200,,EA,IMP
COSMOS 1329 DEB,1981-118E,13005,DEB,D,CIS,1981-12-04,TYMSC,1981-12-20,89.05,65.02,239,216,,,EA,IMP
COSMOS 1329 DEB,1981-118F,13006,DEB,D,CIS,1981-12-04,TYMSC,1981-12-22,88.30,65.02,202,180,,,EA,IMP
ATLAS CENTAUR R/B,1981-119B,13007,R/B,,US,1981-12-15,AFETR,,137.97,23.53,4654,279,17.6109,,EA,ORB
COSMOS 1330,1981-121A,13008,PAY,D,CIS,1981-12-19,TYMSC,1982-01-19,88.99,70.34,294,155,45.7700,,EA,IMP
SL-4 R/B,1981-121B,13009,R/B,D,CIS,1981-12-19,TYMSC,1981-12-23,87.79,70.37,200,130,,,EA,IMP
MARECS-A,1981-122A,13010,PAY,-,ESA,1981-12-20,FRGUI,,1515.17,11.54,37841,36800,1.6507,,EA,ORB
CAT 4,1981-122B,13011,PAY,-,ESA,1981-12-20,FRGUI,,435.30,10.58,25042,255,2.6809,,EA,ORB
MOLNIYA 1-52,1981-123A,13012,PAY,,CIS,1981-12-23,TYMSC,,718.61,61.70,40044,352,16.7553,,EA,ORB
SL-6 R/B(1),1981-123B,13013,R/B,D,CIS,1981-12-23,TYMSC,1982-01-16,87.47,62.96,162,136,26.2936,,EA,IMP
SL-6 PLAT,1981-123C,13014,DEB,D,CIS,1981-12-23,TYMSC,1982-01-10,86.78,62.96,122,107,9.0200,,EA,IMP
COSMOS 1275 DEB,1981-053EN,13015,DEB,D,CIS,1981-06-04,PLMSC,1991-03-25,89.12,82.81,243,219,0.1300,,EA,IMP
SL-6 R/B(2),1981-123D,13016,R/B,,CIS,1981-12-23,TYMSC,,598.72,63.02,33934,373,7.9639,,EA,ORB
COSMOS 1275 DEB,1981-053EP,13017,DEB,,CIS,1981-06-04,PLMSC,,102.78,82.93,913,867,0.0168,,EA,ORB
COSMOS 1275 DEB,1981-053EQ,13018,DEB,,CIS,1981-06-04,PLMSC,,103.11,82.67,943,869,0.0093,,EA,ORB
COSMOS 1275 DEB,1981-053ER,13019,DEB,,CIS,1981-06-04,PLMSC,,102.69,82.94,937,835,0.0350,,EA,ORB
COSMOS 1275 DEB,1981-053ES,13020,DEB,,CIS,1981-06-04,PLMSC,,104.36,82.69,1047,881,0.0178,,EA,ORB
COSMOS 1275 DEB,1981-053ET,13021,DEB,,CIS,1981-06-04,PLMSC,,102.40,83.14,888,856,0.0794,,EA,ORB
COSMOS 1275 DEB,1981-053EU,13022,DEB,,CIS,1981-06-04,PLMSC,,101.38,82.91,855,792,0.0270,,EA,ORB
COSMOS 1275 DEB,1981-053EV,13023,DEB,D,CIS,1981-06-04,PLMSC,2002-01-09,90.00,82.72,284,265,0.0114,,EA,IMP
COSMOS 1275 DEB,1981-053EW,13024,DEB,,CIS,1981-06-04,PLMSC,,102.31,82.92,899,838,0.0534,,EA,ORB
ARIANE 1 R/B,1981-122C,13025,R/B,D,ESA,1981-12-20,FRGUI,1988-11-21,101.01,10.39,1492,121,25.7333,,EA,IMP
COSMOS 1275 DEB,1981-053EX,13026,DEB,,CIS,1981-06-04,PLMSC,,96.45,82.91,591,586,0.0302,,EA,ORB
COSMOS 1275 DEB,1981-053EY,13053,DEB,,CIS,1981-06-04,PLMSC,,104.94,83.08,1076,907,0.0553,,EA,ORB
COSMOS 1311 DEB,1981-097C,13054,DEB,D,CIS,1981-09-28,PLMSC,1982-02-27,89.49,82.96,263,236,,,EA,IMP
COSMOS 1311 DEB,1981-097D,13055,DEB,D,CIS,1981-09-28,PLMSC,1982-02-26,90.04,82.92,287,266,,,EA,IMP
COSMOS 1275 DEB,1981-053EZ,13073,DEB,,CIS,1981-06-04,PLMSC,,104.92,82.93,1054,928,0.0557,,EA,ORB
COSMOS 1275 DEB,1981-053FA,13074,DEB,,CIS,1981-06-04,PLMSC,,104.02,82.95,972,925,0.0134,,EA,ORB
SATCOM 3R R/B [PAM-D],1981-114B,13098,R/B,D,US,1981-11-20,AFETR,1989-02-26,88.35,27.21,262,124,7.8400,,EA,IMP
COSMOS 1260 DEB,1981-028C,13180,DEB,D,CIS,1981-03-20,TYMSC,1982-09-05,90.33,65.11,323,259,0.2000,,EA,IMP
COSMOS 1260 DEB,1981-028D,13181,DEB,D,CIS,1981-03-20,TYMSC,1982-09-11,88.61,65.00,221,191,0.3197,,EA,IMP
COSMOS 1260 DEB,1981-028E,13182,DEB,D,CIS,1981-03-20,TYMSC,1989-12-07,87.63,64.99,171,143,0.3507,,EA,IMP
COSMOS 1260 DEB,1981-028F,13183,DEB,D,CIS,1981-03-20,TYMSC,1991-08-06,89.41,64.98,255,236,0.1670,,EA,IMP
COSMOS 1260 DEB,1981-028G,13184,DEB,D,CIS,1981-03-20,TYMSC,1983-08-09,89.73,64.97,266,255,0.1768,,EA,IMP
COSMOS 1260 DEB,1981-028H,13185,DEB,D,CIS,1981-03-20,TYMSC,1982-11-04,89.42,65.01,267,224,0.2892,,EA,IMP
COSMOS 1260 DEB,1981-028J,13186,DEB,D,CIS,1981-03-20,TYMSC,1983-01-11,96.13,64.92,702,444,0.1000,,EA,IMP
COSMOS 1260 DEB,1981-028K,13187,DEB,D,CIS,1981-03-20,TYMSC,1983-10-10,90.28,64.98,298,279,0.0200,,EA,IMP
COSMOS 1260 DEB,1981-028L,13188,DEB,D,CIS,1981-03-20,TYMSC,1982-06-15,96.42,65.04,787,387,0.3360,,EA,IMP
COSMOS 1260 DEB,1981-028M,13189,DEB,D,CIS,1981-03-20,TYMSC,1988-10-22,88.47,64.98,203,194,0.2408,,EA,IMP
COSMOS 1260 DEB,1981-028N,13190,DEB,D,CIS,1981-03-20,TYMSC,1982-11-02,93.84,65.04,542,383,0.2959,,EA,IMP
COSMOS 1260 DEB,1981-028P,13191,DEB,D,CIS,1981-03-20,TYMSC,1983-09-19,91.74,64.99,377,342,0.0049,,EA,IMP
COSMOS 1260 DEB,1981-028Q,13192,DEB,D,CIS,1981-03-20,TYMSC,1985-06-15,88.92,64.96,235,207,0.1356,,EA,IMP
COSMOS 1260 DEB,1981-028R,13193,DEB,D,CIS,1981-03-20,TYMSC,1982-06-13,92.35,64.61,448,331,,,EA,IMP
COSMOS 1260 DEB,1981-028S,13194,DEB,D,CIS,1981-03-20,TYMSC,1982-09-01,89.08,64.88,251,207,0.1100,,EA,IMP
COSMOS 1260 DEB,1981-028T,13195,DEB,D,CIS,1981-03-20,TYMSC,1982-09-10,95.04,64.86,630,411,0.0400,,EA,IMP
COSMOS 1260 DEB,1981-028U,13196,DEB,D,CIS,1981-03-20,TYMSC,1982-05-31,90.39,64.85,320,268,,,EA,IMP
COSMOS 1260 DEB,1981-028V,13197,DEB,D,CIS,1981-03-20,TYMSC,1984-12-11,89.13,64.98,240,223,0.0029,,EA,IMP
COSMOS 1260 DEB,1981-028W,13198,DEB,D,CIS,1981-03-20,TYMSC,1982-10-03,90.58,64.87,324,282,0.1113,,EA,IMP
COSMOS 1260 DEB,1981-028X,13199,DEB,D,CIS,1981-03-20,TYMSC,1982-08-31,91.27,64.92,375,299,0.0484,,EA,IMP
COSMOS 1260 DEB,1981-028Y,13200,DEB,D,CIS,1981-03-20,TYMSC,1982-06-17,92.52,64.93,450,346,,,EA,IMP
COSMOS 1260 DEB,1981-028Z,13201,DEB,D,CIS,1981-03-20,TYMSC,1982-07-01,95.35,64.95,652,420,0.0937,,EA,IMP
COSMOS 1260 DEB,1981-028AA,13202,DEB,D,CIS,1981-03-20,TYMSC,1982-08-14,89.07,64.97,254,203,0.0798,,EA,IMP
COSMOS 1260 DEB,1981-028AB,13203,DEB,D,CIS,1981-03-20,TYMSC,1982-06-21,90.65,64.85,327,287,,,EA,IMP
COSMOS 1260 DEB,1981-028AC,13221,DEB,D,CIS,1981-03-20,TYMSC,1982-06-15,95.36,64.99,694,378,0.0339,,EA,IMP
COSMOS 1260 DEB,1981-028AD,13222,DEB,D,CIS,1981-03-20,TYMSC,1982-08-14,95.75,64.94,685,424,0.3133,,EA,IMP
COSMOS 1260 DEB,1981-028AE,13223,DEB,D,CIS,1981-03-20,TYMSC,1982-09-09,92.22,65.01,433,333,0.0984,,EA,IMP
COSMOS 1260 DEB,1981-028AF,13224,DEB,D,CIS,1981-03-20,TYMSC,1982-12-31,91.62,64.99,386,323,0.0372,,EA,IMP
COSMOS 1260 DEB,1981-028AG,13225,DEB,D,CIS,1981-03-20,TYMSC,1982-08-09,96.25,65.03,707,450,0.0782,,EA,IMP
COSMOS 1260 DEB,1981-028AH,13226,DEB,D,CIS,1981-03-20,TYMSC,1982-10-05,96.75,64.99,718,489,0.0875,,EA,IMP
COSMOS 1260 DEB,1981-028AJ,13227,DEB,D,CIS,1981-03-20,TYMSC,1982-06-02,92.86,64.89,528,301,0.0700,,EA,IMP
COSMOS 1260 DEB,1981-028AK,13228,DEB,D,CIS,1981-03-20,TYMSC,1982-11-04,91.32,64.99,377,301,0.1200,,EA,IMP
COSMOS 1260 DEB,1981-028AL,13229,DEB,D,CIS,1981-03-20,TYMSC,1989-02-16,88.33,64.97,211,172,0.0771,,EA,IMP
COSMOS 1260 DEB,1981-028AM,13230,DEB,D,CIS,1981-03-20,TYMSC,1982-06-17,95.96,64.99,737,392,0.1012,,EA,IMP
COSMOS 1260 DEB,1981-028AN,13231,DEB,D,CIS,1981-03-20,TYMSC,1982-08-19,95.89,64.94,695,428,,,EA,IMP
COSMOS 1260 DEB,1981-028AP,13232,DEB,D,CIS,1981-03-20,TYMSC,1982-10-15,96.45,65.02,733,445,0.1265,,EA,IMP
COSMOS 1260 DEB,1981-028AQ,13233,DEB,D,CIS,1981-03-20,TYMSC,1982-12-08,90.13,64.99,297,265,0.0600,,EA,IMP
COSMOS 1260 DEB,1981-028AR,13234,DEB,D,CIS,1981-03-20,TYMSC,1982-08-25,95.63,65.04,673,425,0.2900,,EA,IMP
COSMOS 1260 DEB,1981-028AS,13235,DEB,D,CIS,1981-03-20,TYMSC,1982-10-17,93.17,65.02,492,368,0.1168,,EA,IMP
COSMOS 1260 DEB,1981-028AT,13236,DEB,D,CIS,1981-03-20,TYMSC,1982-09-28,96.31,65.06,717,447,0.0001,,EA,IMP
COSMOS 1306 DEB,1981-089C,13369,DEB,D,CIS,1981-09-14,TYMSC,1982-12-12,88.89,64.91,223,217,0.1600,,EA,IMP
COSMOS 1306 DEB,1981-089D,13387,DEB,D,CIS,1981-09-14,TYMSC,1982-10-11,88.01,64.92,185,167,30.1487,,EA,IMP
COSMOS 1306 DEB,1981-089E,13393,DEB,D,CIS,1981-09-14,TYMSC,1983-05-01,89.63,64.93,274,238,0.1100,,EA,IMP
COSMOS 1306 DEB,1981-089F,13404,DEB,D,CIS,1981-09-14,TYMSC,1989-03-07,88.97,64.93,229,218,0.1200,,EA,IMP
SME DEB,1981-100E,13405,DEB,D,US,1981-10-06,AFWTR,1982-10-19,95.03,97.50,541,535,2.8400,,EA,IMP
COSMOS 1306 DEB,1981-089G,13408,DEB,D,CIS,1981-09-14,TYMSC,1982-08-19,88.67,64.90,218,199,,,EA,IMP
COSMOS 1260 DEB,1981-028AU,13442,DEB,D,CIS,1981-03-20,TYMSC,1990-10-20,88.84,64.99,224,210,0.1600,,EA,IMP
COSMOS 1260 DEB,1981-028AV,13443,DEB,D,CIS,1981-03-20,TYMSC,1990-03-29,90.90,65.10,331,306,0.1485,,EA,IMP
COSMOS 1260 DEB,1981-028AW,13444,DEB,D,CIS,1981-03-20,TYMSC,1983-01-02,95.36,65.03,602,469,0.1000,,EA,IMP
COSMOS 1260 DEB,1981-028AX,13445,DEB,D,CIS,1981-03-20,TYMSC,1982-11-11,96.72,65.00,707,496,0.3789,,EA,IMP
COSMOS 1275 DEB,1981-053FB,13455,DEB,D,CIS,1981-06-04,PLMSC,2021-05-24,88.23,82.82,197,177,0.0543,,EA,IMP
COSMOS 1275 DEB,1981-053FC,13456,DEB,,CIS,1981-06-04,PLMSC,,103.70,82.83,1040,827,0.0140,,EA,ORB
COSMOS 1275 DEB,1981-053FD,13457,DEB,D,CIS,1981-06-04,PLMSC,2012-03-22,88.24,82.83,203,171,0.0533,,EA,IMP
COSMOS 1275 DEB,1981-053FE,13458,DEB,,CIS,1981-06-04,PLMSC,,102.67,83.09,904,866,0.1780,,EA,ORB
COSMOS 1275 DEB,1981-053FF,13459,DEB,D,CIS,1981-06-04,PLMSC,2001-10-16,88.89,83.10,227,213,0.0986,,EA,IMP
COSMOS 1275 DEB,1981-053FG,13460,DEB,,CIS,1981-06-04,PLMSC,,104.38,83.13,1028,902,0.0684,,EA,ORB
COSMOS 1275 DEB,1981-053FH,13461,DEB,D,CIS,1981-06-04,PLMSC,1990-03-21,90.73,82.62,330,291,0.1200,,EA,IMP
COSMOS 1275 DEB,1981-053FJ,13462,DEB,,CIS,1981-06-04,PLMSC,,104.89,82.82,1110,869,0.0490,,EA,ORB
COSMOS 1275 DEB,1981-053FK,13463,DEB,D,CIS,1981-06-04,PLMSC,1990-03-16,90.90,82.77,342,295,0.0786,,EA,IMP
COSMOS 1275 DEB,1981-053FL,13464,DEB,,CIS,1981-06-04,PLMSC,,99.76,82.91,765,729,0.0520,,EA,ORB
COSMOS 1275 DEB,1981-053FM,13465,DEB,D,CIS,1981-06-04,PLMSC,2018-10-26,88.51,82.94,207,194,0.0172,,EA,IMP
COSMOS 1275 DEB,1981-053FN,13466,DEB,,CIS,1981-06-04,PLMSC,,105.83,83.07,1140,926,0.0866,,EA,ORB
COSMOS 1275 DEB,1981-053FP,13467,DEB,,CIS,1981-06-04,PLMSC,,98.74,82.94,712,685,0.0270,,EA,ORB
COSMOS 1275 DEB,1981-053FQ,13468,DEB,,CIS,1981-06-04,PLMSC,,103.35,82.70,963,871,0.0350,,EA,ORB
COSMOS 1275 DEB,1981-053FR,13469,DEB,D,CIS,1981-06-04,PLMSC,1999-05-30,90.07,82.69,290,266,0.1073,,EA,IMP
COSMOS 1275 DEB,1981-053FS,13470,DEB,,CIS,1981-06-04,PLMSC,,107.84,82.82,1306,947,0.0630,,EA,ORB
COSMOS 1275 DEB,1981-053FT,13471,DEB,,CIS,1981-06-04,PLMSC,,102.62,82.81,919,846,0.0550,,EA,ORB
COSMOS 1275 DEB,1981-053FU,13472,DEB,,CIS,1981-06-04,PLMSC,,100.18,82.84,779,756,0.0587,,EA,ORB
COSMOS 1275 DEB,1981-053FV,13473,DEB,,CIS,1981-06-04,PLMSC,,100.96,82.83,834,774,0.0300,,EA,ORB
COSMOS 1275 DEB,1981-053FW,13476,DEB,,CIS,1981-06-04,PLMSC,,102.58,82.80,918,843,0.0302,,EA,ORB
COSMOS 1275 DEB,1981-053FX,13477,DEB,,CIS,1981-06-04,PLMSC,,99.92,82.99,792,718,0.0790,,EA,ORB
COSMOS 1275 DEB,1981-053FY,13478,DEB,,CIS,1981-06-04,PLMSC,,104.18,82.87,1026,887,0.0560,,EA,ORB
COSMOS 1275 DEB,1981-053FZ,13479,DEB,D,CIS,1981-06-04,PLMSC,2024-07-25,88.03,82.83,187,167,0.0500,,EA,IMP
COSMOS 1275 DEB,1981-053GA,13480,DEB,,CIS,1981-06-04,PLMSC,,102.88,82.96,940,850,0.0339,,EA,ORB
COSMOS 1275 DEB,1981-053GB,13481,DEB,D,CIS,1981-06-04,PLMSC,2026-05-31,89.82,82.93,273,257,0.0198,,EA,IMP
COSMOS 1275 DEB,1981-053GC,13482,DEB,D,CIS,1981-06-04,PLMSC,2023-03-11,91.62,82.84,367,341,0.0550,,EA,IMP
COSMOS 1275 DEB,1981-053GD,13483,DEB,,CIS,1981-06-04,PLMSC,,101.20,82.92,822,810,0.0535,,EA,ORB
COSMOS 1275 DEB,1981-053GE,13484,DEB,,CIS,1981-06-04,PLMSC,,102.63,82.92,905,861,0.0670,,EA,ORB
COSMOS 1275 DEB,1981-053GF,13485,DEB,,CIS,1981-06-04,PLMSC,,104.37,82.94,1014,916,0.0630,,EA,ORB
COSMOS 1275 DEB,1981-053GG,13486,DEB,D,CIS,1981-06-04,PLMSC,2026-01-05,89.02,82.82,235,218,0.0380,,EA,IMP
COSMOS 1275 DEB,1981-053GH,13487,DEB,D,CIS,1981-06-04,PLMSC,2025-12-07,90.11,82.89,296,264,0.0890,,EA,IMP
COSMOS 1275 DEB,1981-053GJ,13488,DEB,,CIS,1981-06-04,PLMSC,,106.74,83.08,1217,934,0.0420,,EA,ORB
COSMOS 1275 DEB,1981-053GK,13489,DEB,,CIS,1981-06-04,PLMSC,,107.29,83.13,1278,925,0.0224,,EA,ORB
COSMOS 1275 DEB,1981-053GL,13490,DEB,,CIS,1981-06-04,PLMSC,,104.53,82.83,1019,926,0.0280,,EA,ORB
SL-8 DEB,1981-041C,13498,DEB,,CIS,1981-05-07,PLMSC,,97.80,74.01,660,646,0.0106,,EA,ORB
COSMOS 1306 DEB,1981-089H,13588,DEB,D,CIS,1981-09-14,TYMSC,1982-12-06,87.25,64.95,142,134,0.1200,,EA,IMP
COSMOS 1286 DEB,1981-072C,13601,DEB,D,CIS,1981-08-04,TYMSC,1982-10-23,89.71,65.00,272,248,,,EA,IMP
COSMOS 1275 DEB,1981-053GM,13619,DEB,,CIS,1981-06-04,PLMSC,,102.09,83.03,874,841,0.0450,,EA,ORB
COSMOS 1260 DEB,1981-028AY,13620,DEB,D,CIS,1981-03-20,TYMSC,1989-01-30,89.65,64.99,264,250,0.1039,,EA,IMP
COSMOS 1260 DEB,1981-028AZ,13621,DEB,D,CIS,1981-03-20,TYMSC,1989-03-01,89.37,65.00,249,237,0.0300,,EA,IMP
COSMOS 1260 DEB,1981-028BA,13622,DEB,D,CIS,1981-03-20,TYMSC,1988-09-23,88.94,64.98,231,213,0.0500,,EA,IMP
COSMOS 1260 DEB,1981-028BB,13623,DEB,D,CIS,1981-03-20,TYMSC,1990-02-12,87.96,64.94,183,164,0.0896,,EA,IMP
COSMOS 1260 DEB,1981-028BC,13635,DEB,D,CIS,1981-03-20,TYMSC,1983-02-13,90.03,64.99,292,260,0.2800,,EA,IMP
COSMOS 1311 DEB,1981-097E,13667,DEB,D,CIS,1981-09-28,PLMSC,1982-12-05,91.55,82.80,368,333,0.1600,,EA,IMP
COSMOS 1311 DEB,1981-097F,13668,DEB,D,CIS,1981-09-28,PLMSC,1982-12-05,90.56,82.84,316,288,0.1700,,EA,IMP
COSMOS 1260 DEB,1981-028BD,13681,DEB,D,CIS,1981-03-20,TYMSC,1992-01-21,89.35,65.04,255,230,0.0525,,EA,IMP
COSMOS 1260 DEB,1981-028BE,13682,DEB,D,CIS,1981-03-20,TYMSC,1996-10-11,88.08,65.01,194,165,0.0262,,EA,IMP
COSMOS 1260 DEB,1981-028BF,13689,DEB,D,CIS,1981-03-20,TYMSC,1991-02-04,87.94,64.99,176,169,0.0183,,EA,IMP
COSMOS 1260 DEB,1981-028BG,13690,DEB,D,CIS,1981-03-20,TYMSC,1990-03-18,,,,,40.0700,,EA,IMP
COSMOS 1260 DEB,1981-028BH,13691,DEB,D,CIS,1981-03-20,TYMSC,1984-10-04,91.56,64.95,368,334,0.1257,,EA,IMP
COSMOS 1311 DEB,1981-097G,13694,DEB,D,CIS,1981-09-28,PLMSC,1982-12-17,89.91,82.90,286,255,,,EA,IMP
COSMOS 1311 DEB,1981-097H,13695,DEB,D,CIS,1981-09-28,PLMSC,1982-12-16,89.14,82.94,245,218,,,EA,IMP
COSMOS 1311 DEB,1981-097J,13723,DEB,D,CIS,1981-09-28,PLMSC,1982-12-22,92.49,82.93,414,379,,,EA,IMP
COSMOS 1311 DEB,1981-097K,13724,DEB,D,CIS,1981-09-28,PLMSC,1982-12-23,90.41,82.93,308,282,,,EA,IMP
COSMOS 1311 DEB,1981-097L,13729,DEB,D,CIS,1981-09-28,PLMSC,1982-12-24,90.32,82.93,303,277,,,EA,IMP
COSMOS 1311 DEB,1981-097M,13731,DEB,D,CIS,1981-09-28,PLMSC,1982-12-18,90.96,82.90,335,309,,,EA,IMP
COSMOS 1311 DEB,1981-097N,13732,DEB,D,CIS,1981-09-28,PLMSC,1982-12-17,90.09,82.90,294,264,,,EA,IMP
COSMOS 1311 DEB,1981-097P,13733,DEB,D,CIS,1981-09-28,PLMSC,1982-12-17,89.01,82.94,241,210,,,EA,IMP
COSMOS 1311 DEB,1981-097Q,13734,DEB,D,CIS,1981-09-28,PLMSC,1982-12-16,88.63,82.94,216,198,,,EA,IMP
COSMOS 1311 DEB,1981-097R,13735,DEB,D,CIS,1981-09-28,PLMSC,1982-12-31,92.44,82.94,412,377,,,EA,IMP
COSMOS 1311 DEB,1981-097S,13743,DEB,D,CIS,1981-09-28,PLMSC,1982-12-31,90.18,82.92,297,270,,,EA,IMP
COSMOS 1311 DEB,1981-097T,13744,DEB,D,CIS,1981-09-28,PLMSC,1982-12-31,90.38,82.98,337,249,,,EA,IMP
COSMOS 1275 DEB,1981-053GN,13759,DEB,D,CIS,1981-06-04,PLMSC,2000-10-27,90.38,82.81,302,284,0.0233,,EA,IMP
COSMOS 1275 DEB,1981-053GP,13760,DEB,D,CIS,1981-06-04,PLMSC,1991-11-09,91.17,83.00,347,317,0.0600,,EA,IMP
COSMOS 1260 DEB,1981-028BJ,13781,DEB,D,CIS,1981-03-20,TYMSC,1989-08-04,88.50,65.00,215,186,0.1131,,EA,IMP
COSMOS 1275 DEB,1981-053GQ,13796,DEB,,CIS,1981-06-04,PLMSC,,104.04,83.02,1030,869,0.0410,,EA,ORB
COSMOS 1275 DEB,1981-053GR,13797,DEB,,CIS,1981-06-04,PLMSC,,103.87,82.83,979,903,0.0450,,EA,ORB
COSMOS 1275 DEB,1981-053GS,13798,DEB,,CIS,1981-06-04,PLMSC,,104.23,83.01,1017,901,0.0508,,EA,ORB
COSMOS 1275 DEB,1981-053GT,13799,DEB,,CIS,1981-06-04,PLMSC,,104.36,83.13,1027,902,0.0406,,EA,ORB
COSMOS 1275 DEB,1981-053GU,13800,DEB,,CIS,1981-06-04,PLMSC,,105.32,83.22,1123,895,0.0632,,EA,ORB
COSMOS 1275 DEB,1981-053GV,13801,DEB,,CIS,1981-06-04,PLMSC,,101.31,82.79,855,787,0.0154,,EA,ORB
COSMOS 1275 DEB,1981-053GW,13802,DEB,,CIS,1981-06-04,PLMSC,,104.36,82.80,1009,919,0.0475,,EA,ORB
COSMOS 1275 DEB,1981-053GX,13803,DEB,,CIS,1981-06-04,PLMSC,,101.96,82.81,882,821,0.0391,,EA,ORB
COSMOS 1275 DEB,1981-053GY,13804,DEB,,CIS,1981-06-04,PLMSC,,100.21,82.94,793,744,0.0057,,EA,ORB
COSMOS 1275 DEB,1981-053GZ,13805,DEB,D,CIS,1981-06-04,PLMSC,2002-12-30,88.99,82.88,248,201,0.0147,,EA,IMP
COSMOS 1275 DEB,1981-053HA,13806,DEB,D,CIS,1981-06-04,PLMSC,2017-09-12,88.16,82.83,193,173,0.0176,,EA,IMP
COSMOS 1275 DEB,1981-053HB,13807,DEB,,CIS,1981-06-04,PLMSC,,100.54,82.95,793,775,0.0344,,EA,ORB
COSMOS 1275 DEB,1981-053HC,13808,DEB,,CIS,1981-06-04,PLMSC,,103.30,83.03,956,873,0.0152,,EA,ORB
COSMOS 1275 DEB,1981-053HD,13809,DEB,,CIS,1981-06-04,PLMSC,,93.38,82.79,444,436,0.0122,,EA,ORB
COSMOS 1275 DEB,1981-053HE,13810,DEB,,CIS,1981-06-04,PLMSC,,105.23,83.01,1097,914,0.0470,,EA,ORB
COSMOS 1275 DEB,1981-053HF,13811,DEB,,CIS,1981-06-04,PLMSC,,101.67,82.94,845,831,0.0150,,EA,ORB
COSMOS 1275 DEB,1981-053HG,13812,DEB,,CIS,1981-06-04,PLMSC,,100.02,83.25,785,735,0.0220,,EA,ORB
COSMOS 1275 DEB,1981-053HH,13813,DEB,,CIS,1981-06-04,PLMSC,,101.70,82.94,867,811,0.0127,,EA,ORB
COSMOS 1275 DEB,1981-053HJ,13814,DEB,,CIS,1981-06-04,PLMSC,,97.66,82.92,650,643,0.0270,,EA,ORB
COSMOS 1275 DEB,1981-053HK,13815,DEB,,CIS,1981-06-04,PLMSC,,104.15,83.03,1032,877,0.0251,,EA,ORB
COSMOS 1275 DEB,1981-053HL,13816,DEB,,CIS,1981-06-04,PLMSC,,103.69,82.99,1041,825,0.0133,,EA,ORB
COSMOS 1275 DEB,1981-053HM,13817,DEB,,CIS,1981-06-04,PLMSC,,102.27,82.94,880,852,0.0160,,EA,ORB
COSMOS 1311 DEB,1981-097U,13820,DEB,D,CIS,1981-09-28,PLMSC,1983-02-28,90.13,82.92,295,267,0.1410,,EA,IMP
COSMOS 1311 DEB,1981-097V,13821,DEB,D,CIS,1981-09-28,PLMSC,1983-02-28,89.63,82.97,270,242,0.1269,,EA,IMP
COSMOS 1311 DEB,1981-097W,13822,DEB,D,CIS,1981-09-28,PLMSC,1983-02-28,90.60,82.99,315,293,0.1800,,EA,IMP
COSMOS 1311 DEB,1981-097X,13823,DEB,D,CIS,1981-09-28,PLMSC,1983-02-28,89.22,82.92,250,223,0.1766,,EA,IMP
COSMOS 1311 DEB,1981-097Y,13824,DEB,D,CIS,1981-09-28,PLMSC,1983-02-28,91.51,82.94,362,335,0.1829,,EA,IMP
COSMOS 1311 DEB,1981-097Z,13828,DEB,D,CIS,1981-09-28,PLMSC,1983-02-28,89.21,82.92,250,220,0.1948,,EA,IMP
COSMOS 1311 DEB,1981-097AA,13831,DEB,D,CIS,1981-09-28,PLMSC,1983-02-28,91.38,82.88,356,329,0.1400,,EA,IMP
COSMOS 1311 DEB,1981-097AB,13832,DEB,D,CIS,1981-09-28,PLMSC,1983-02-28,89.90,82.86,283,256,,,EA,IMP
SL-6 DEB,1981-088G,13904,DEB,,CIS,1981-09-11,PLMSC,,262.59,62.95,13666,744,0.2078,,EA,ORB
SL-6 DEB,1981-088H,13908,DEB,,CIS,1981-09-11,PLMSC,,264.86,62.92,13725,842,0.1731,,EA,ORB
SL-6 DEB,1981-088J,13909,DEB,,CIS,1981-09-11,PLMSC,,250.14,63.68,12544,1001,0.3926,,EA,ORB
SL-6 DEB,1981-088K,13910,DEB,,CIS,1981-09-11,PLMSC,,265.18,63.22,13582,1008,0.2136,,EA,ORB
SL-6 DEB,1981-088L,13911,DEB,,CIS,1981-09-11,PLMSC,,240.33,63.04,12333,519,1.2942,,EA,ORB
COSMOS 1260 DEB,1981-028BK,13918,DEB,D,CIS,1981-03-20,TYMSC,1989-06-04,90.48,64.92,308,288,0.1068,,EA,IMP
COSMOS 1260 DEB,1981-028BL,13919,DEB,D,CIS,1981-03-20,TYMSC,1989-11-13,88.69,64.87,221,198,0.0700,,EA,IMP
COSMOS 1260 DEB,1981-028BM,13920,DEB,D,CIS,1981-03-20,TYMSC,1989-10-11,91.13,64.82,339,321,0.0273,,EA,IMP
COSMOS 1260 DEB,1981-028BN,13921,DEB,D,CIS,1981-03-20,TYMSC,1990-01-06,87.33,64.95,146,139,0.1792,,EA,IMP
COSMOS 1260 DEB,1981-028BP,13922,DEB,D,CIS,1981-03-20,TYMSC,1990-12-31,90.46,64.91,307,287,0.0595,,EA,IMP
COSMOS 1285 DEB,1981-071F,13961,DEB,,CIS,1981-08-04,PLMSC,,726.83,70.80,35117,5683,1.5459,,EA,ORB
ARIANE 1 DEB,1981-057E,14125,DEB,D,ESA,1981-06-19,FRGUI,1992-06-23,89.83,10.49,415,117,0.5916,,EA,IMP
SL-6 DEB,1981-088M,14131,DEB,,CIS,1981-09-11,PLMSC,,200.90,63.05,9339,630,0.1804,,EA,ORB
SL-12 R/B(2),1981-027F,14194,R/B,,CIS,1981-03-18,TYMSC,,1474.43,7.89,36605,36463,2.2854,,EA,ORB
SL-12 R/B(2),1981-102F,14195,R/B,,CIS,1981-10-09,TYMSC,,1436.45,6.46,35833,35754,2.1823,,EA,ORB
COSMOS 1260 DEB,1981-028BQ,14220,DEB,D,CIS,1981-03-20,TYMSC,1989-10-16,90.27,64.98,305,271,0.1369,,EA,IMP
COSMOS 1260 DEB,1981-028BR,14221,DEB,D,CIS,1981-03-20,TYMSC,1991-02-04,87.60,64.96,160,151,0.0250,,EA,IMP
COSMOS 1275 DEB,1981-053HN,14228,DEB,,CIS,1981-06-04,PLMSC,,103.93,82.97,1012,877,0.0061,,EA,ORB
SL-8 DEB,1981-041D,14346,DEB,,CIS,1981-05-07,PLMSC,,95.62,74.03,553,543,0.0109,,EA,ORB
COSMOS 1275 DEB,1981-053HP,14356,DEB,D,CIS,1981-06-04,PLMSC,1999-02-28,89.95,82.76,276,268,0.0125,,EA,IMP
COSMOS 1275 DEB,1981-053HQ,14357,DEB,,CIS,1981-06-04,PLMSC,,101.56,82.85,862,803,0.0104,,EA,ORB
COSMOS 1275 DEB,1981-053HR,14358,DEB,,CIS,1981-06-04,PLMSC,,101.96,82.80,971,732,0.0198,,EA,ORB
COSMOS 1275 DEB,1981-053HS,14359,DEB,D,CIS,1981-06-04,PLMSC,1989-07-07,92.02,82.91,409,339,0.0597,,EA,IMP
COSMOS 1275 DEB,1981-053HT,14360,DEB,D,CIS,1981-06-04,PLMSC,2003-05-13,89.35,82.89,249,236,0.0191,,EA,IMP
COSMOS 1275 DEB,1981-053HU,14361,DEB,D,CIS,1981-06-04,PLMSC,2001-03-10,91.78,82.86,366,358,0.0246,,EA,IMP
COSMOS 1275 DEB,1981-053HV,14362,DEB,D,CIS,1981-06-04,PLMSC,1992-03-13,90.02,82.80,298,254,0.0400,,EA,IMP
COSMOS 1275 DEB,1981-053HW,14363,DEB,D,CIS,1981-06-04,PLMSC,1989-08-20,89.11,83.20,240,221,0.0096,,EA,IMP
COSMOS 1275 DEB,1981-053HX,14364,DEB,,CIS,1981-06-04,PLMSC,,101.01,82.78,827,785,0.0135,,EA,ORB
COSMOS 1275 DEB,1981-053HY,14399,DEB,D,CIS,1981-06-04,PLMSC,1992-02-03,88.80,83.24,229,202,0.0339,,EA,IMP
COSMOS 1275 DEB,1981-053HZ,14400,DEB,D,CIS,1981-06-04,PLMSC,1990-03-14,90.45,83.22,314,279,0.0812,,EA,IMP
COSMOS 1275 DEB,1981-053JA,14405,DEB,,CIS,1981-06-04,PLMSC,,104.09,83.26,1002,902,0.0141,,EA,ORB
COSMOS 1275 DEB,1981-053JB,14406,DEB,,CIS,1981-06-04,PLMSC,,101.24,82.84,830,805,0.0210,,EA,ORB
COSMOS 1275 DEB,1981-053JC,14407,DEB,,CIS,1981-06-04,PLMSC,,101.18,82.77,846,783,0.0280,,EA,ORB
COSMOS 1275 DEB,1981-053JD,14408,DEB,,CIS,1981-06-04,PLMSC,,104.86,82.96,1070,906,0.0054,,EA,ORB
COSMOS 1275 DEB,1981-053JE,14409,DEB,,CIS,1981-06-04,PLMSC,,104.98,83.03,1080,907,0.0390,,EA,ORB
COSMOS 1260 DEB,1981-028BS,14437,DEB,D,CIS,1981-03-20,TYMSC,1989-01-24,89.29,64.98,250,229,0.0188,,EA,IMP
COSMOS 1260 DEB,1981-028BT,14438,DEB,D,CIS,1981-03-20,TYMSC,1988-10-12,90.07,65.09,294,262,0.0700,,EA,IMP
COSMOS 1275 DEB,1981-053JF,14439,DEB,D,CIS,1981-06-04,PLMSC,1993-01-14,92.19,82.36,415,349,0.0367,,EA,IMP
COSMOS 1275 DEB,1981-053JG,14440,DEB,,CIS,1981-06-04,PLMSC,,105.53,82.92,1101,937,0.0098,,EA,ORB
COSMOS 1275 DEB,1981-053JH,14441,DEB,,CIS,1981-06-04,PLMSC,,101.93,83.11,882,819,0.0110,,EA,ORB
COSMOS 1275 DEB,1981-053JJ,14504,DEB,,CIS,1981-06-04,PLMSC,,102.27,83.19,880,852,0.0125,,EA,ORB
COSMOS 1275 DEB,1981-053JK,14555,DEB,D,CIS,1981-06-04,PLMSC,2000-06-30,90.08,82.96,292,264,0.0106,,EA,IMP
COSMOS 1275 DEB,1981-053JL,14556,DEB,,CIS,1981-06-04,PLMSC,,105.03,83.01,1090,901,0.0275,,EA,ORB
COSMOS 1275 DEB,1981-053JM,14557,DEB,,CIS,1981-06-04,PLMSC,,100.51,82.79,809,756,0.0062,,EA,ORB
COSMOS 1275 DEB,1981-053JN,14558,DEB,,CIS,1981-06-04,PLMSC,,99.98,82.92,767,748,0.0096,,EA,ORB
DELTA 1 DEB,1981-070J,14620,DEB,,US,1981-08-03,AFWTR,,372.70,90.72,21026,529,0.0720,,EA,ORB
DELTA 1 DEB,1981-070K,14621,DEB,,US,1981-08-03,AFWTR,,377.96,90.66,21355,522,0.0770,,EA,ORB
COSMOS 1275 DEB,1981-053JP,14626,DEB,D,CIS,1981-06-04,PLMSC,1985-05-10,91.07,82.95,343,311,0.0576,,EA,IMP
COSMOS 1275 DEB,1981-053JQ,14627,DEB,,CIS,1981-06-04,PLMSC,,102.27,82.78,893,840,0.0101,,EA,ORB
COSMOS 1275 DEB,1981-053JR,14628,DEB,D,CIS,1981-06-04,PLMSC,1988-01-25,88.99,82.66,240,210,0.0095,,EA,IMP
COSMOS 1275 DEB,1981-053JS,14629,DEB,D,CIS,1981-06-04,PLMSC,2011-03-21,88.99,82.86,228,221,0.0083,,EA,IMP
COSMOS 1275 DEB,1981-053JT,14630,DEB,D,CIS,1981-06-04,PLMSC,1988-11-06,91.44,82.71,364,327,0.0073,,EA,IMP
COSMOS 1317 DEB,1981-108E,14734,DEB,,CIS,1981-10-31,PLMSC,,713.73,72.13,32535,7619,0.0631,,EA,ORB
COSMOS 1317 DEB,1981-108F,14735,DEB,,CIS,1981-10-31,PLMSC,,714.86,71.36,33101,7110,0.2580,,EA,ORB
COSMOS 1317 DEB,1981-108G,14736,DEB,,CIS,1981-10-31,PLMSC,,719.17,71.56,32501,7923,3.2588,,EA,ORB
COSMOS 1275 DEB,1981-053JU,14739,DEB,,CIS,1981-06-04,PLMSC,,102.59,83.01,924,838,0.0135,,EA,ORB
COSMOS 1275 DEB,1981-053JV,14740,DEB,,CIS,1981-06-04,PLMSC,,103.77,83.13,1010,864,0.0135,,EA,ORB
COSMOS 1275 DEB,1981-053JW,14741,DEB,,CIS,1981-06-04,PLMSC,,106.21,82.96,1165,936,0.0128,,EA,ORB
SL-8 DEB,1981-084D,14810,DEB,,CIS,1981-08-28,PLMSC,,98.97,73.95,721,698,0.0089,,EA,ORB
COSMOS 1306 DEB,1981-089J,14837,DEB,D,CIS,1981-09-14,TYMSC,1989-04-08,90.38,64.96,304,283,0.0069,,EA,IMP
COSMOS 1260 DEB,1981-028BU,14924,DEB,D,CIS,1981-03-20,TYMSC,1986-09-19,88.01,64.97,183,169,0.0028,,EA,IMP
COSMOS 1275 DEB,1981-053JX,14925,DEB,,CIS,1981-06-04,PLMSC,,100.32,82.85,786,762,0.0140,,EA,ORB
COSMOS 1275 DEB,1981-053JY,14926,DEB,D,CIS,1981-06-04,PLMSC,1990-11-12,90.62,82.78,309,302,0.0075,,EA,IMP
COSMOS 1275 DEB,1981-053JZ,15541,DEB,,CIS,1981-06-04,PLMSC,,103.83,82.89,963,916,0.0123,,EA,ORB
COSMOS 1275 DEB,1981-053KA,15542,DEB,,CIS,1981-06-04,PLMSC,,104.18,83.00,1009,904,0.0087,,EA,ORB
VENERA 13 DESCENT CRAFT,1981-106D,15599,PAY,D,CIS,1981-10-30,TYMSC,1982-02-27,,,,,,NIE,VE,LAN
VENERA 14 DESCENT CRAFT,1981-110D,15600,PAY,D,CIS,1981-11-04,TYMSC,1982-03-05,,,,,,NIE,VE,LAN
COSMOS 1275 DEB,1981-053KB,15766,DEB,,CIS,1981-06-04,PLMSC,,99.45,82.93,737,728,0.0144,,EA,ORB
COSMOS 1275 DEB,1981-053KC,15767,DEB,,CIS,1981-06-04,PLMSC,,95.61,82.88,554,542,0.0039,,EA,ORB
COSMOS 1275 DEB,1981-053KD,15768,DEB,,CIS,1981-06-04,PLMSC,,101.42,83.06,860,792,0.0155,,EA,ORB
SL-3 DEB,1981-043C,15769,DEB,,CIS,1981-05-14,PLMSC,,102.33,81.28,913,824,0.0100,,EA,ORB
COSMOS 1275 DEB,1981-053KE,15780,DEB,,CIS,1981-06-04,PLMSC,,103.10,82.82,943,868,0.0185,,EA,ORB
COSMOS 1275 DEB,1981-053KF,17025,DEB,,CIS,1981-06-04,PLMSC,,104.16,82.83,1007,902,0.0151,,EA,ORB
COSMOS 1275 DEB,1981-053KG,17026,DEB,,CIS,1981-06-04,PLMSC,,103.99,83.13,1002,892,0.0083,,EA,ORB
COSMOS 1278 DEB,1981-058E,17256,DEB,D,CIS,1981-06-19,PLMSC,2000-07-06,94.48,62.63,895,92,3.9453,,EA,IMP
COSMOS 1275 DEB,1981-053KH,17614,DEB,,CIS,1981-06-04,PLMSC,,102.08,82.78,888,826,0.0084,,EA,ORB
COSMOS 1275 DEB,1981-053KJ,17615,DEB,,CIS,1981-06-04,PLMSC,,101.57,82.85,861,805,0.0149,,EA,ORB
COSMOS 1275 DEB,1981-053KK,17616,DEB,,CIS,1981-06-04,PLMSC,,105.08,83.04,1083,913,0.0117,,EA,ORB
COSMOS 1275 DEB,1981-053KL,17617,DEB,,CIS,1981-06-04,PLMSC,,105.28,82.86,1137,878,0.0111,,EA,ORB
COSMOS 1275 DEB,1981-053KM,17618,DEB,,CIS,1981-06-04,PLMSC,,101.89,82.84,884,812,0.0101,,EA,ORB
COSMOS 1275 DEB,1981-053KN,17619,DEB,,CIS,1981-06-04,PLMSC,,100.14,82.94,775,755,0.0090,,EA,ORB
COSMOS 1275 DEB,1981-053KP,17620,DEB,,CIS,1981-06-04,PLMSC,,99.80,83.17,764,734,0.0169,,EA,ORB
COSMOS 1275 DEB,1981-053KQ,17621,DEB,,CIS,1981-06-04,PLMSC,,99.36,82.78,750,706,0.0114,,EA,ORB
COSMOS 1275 DEB,1981-053KR,17622,DEB,D,CIS,1981-06-04,PLMSC,2003-01-10,89.64,82.65,274,239,0.0049,,EA,IMP
COSMOS 1275 DEB,1981-053KS,17623,DEB,,CIS,1981-06-04,PLMSC,,102.97,82.80,940,859,0.0120,,EA,ORB
COSMOS 1275 DEB,1981-053KT,17624,DEB,,CIS,1981-06-04,PLMSC,,99.34,82.84,734,720,0.0088,,EA,ORB
COSMOS 1275 DEB,1981-053KU,17625,DEB,,CIS,1981-06-04,PLMSC,,102.66,82.78,916,853,0.0123,,EA,ORB
COSMOS 1275 DEB,1981-053KV,17626,DEB,,CIS,1981-06-04,PLMSC,,105.53,82.87,1124,914,0.0090,,EA,ORB
COSMOS 1275 DEB,1981-053KW,17627,DEB,,CIS,1981-06-04,PLMSC,,102.79,82.92,924,857,0.0148,,EA,ORB
COSMOS 1275 DEB,1981-053KX,17628,DEB,D,CIS,1981-06-04,PLMSC,2000-12-16,90.80,82.69,318,310,0.0173,,EA,IMP
COSMOS 1275 DEB,1981-053KY,17629,DEB,,CIS,1981-06-04,PLMSC,,105.21,82.99,1120,888,0.0108,,EA,ORB
COSMOS 1275 DEB,1981-053KZ,17630,DEB,D,CIS,1981-06-04,PLMSC,2000-03-30,89.36,82.85,248,238,0.0170,,EA,IMP
COSMOS 1275 DEB,1981-053LA,17631,DEB,,CIS,1981-06-04,PLMSC,,105.28,82.93,1099,915,0.0099,,EA,ORB
COSMOS 1275 DEB,1981-053LB,17632,DEB,,CIS,1981-06-04,PLMSC,,105.64,83.09,1135,914,0.0054,,EA,ORB
COSMOS 1275 DEB,1981-053LC,17633,DEB,,CIS,1981-06-04,PLMSC,,103.63,83.06,1043,818,0.0120,,EA,ORB
COSMOS 1275 DEB,1981-053LD,17634,DEB,D,CIS,1981-06-04,PLMSC,2003-12-29,89.99,83.09,278,270,0.0086,,EA,IMP
COSMOS 1275 DEB,1981-053LE,17635,DEB,,CIS,1981-06-04,PLMSC,,101.13,82.82,838,786,0.0141,,EA,ORB
COSMOS 1275 DEB,1981-053LF,17636,DEB,D,CIS,1981-06-04,PLMSC,2004-10-09,89.13,82.93,253,210,0.0117,,EA,IMP
COSMOS 1275 DEB,1981-053LG,17637,DEB,,CIS,1981-06-04,PLMSC,,105.41,83.07,1112,915,0.0122,,EA,ORB
COSMOS 1275 DEB,1981-053LH,17638,DEB,,CIS,1981-06-04,PLMSC,,104.82,82.99,1064,908,0.0192,,EA,ORB
COSMOS 1275 DEB,1981-053LJ,17639,DEB,,CIS,1981-06-04,PLMSC,,105.62,82.99,1139,909,0.0146,,EA,ORB
COSMOS 1275 DEB,1981-053LK,17640,DEB,,CIS,1981-06-04,PLMSC,,100.32,82.91,787,761,0.0139,,EA,ORB
COSMOS 1275 DEB,1981-053LL,17641,DEB,,CIS,1981-06-04,PLMSC,,101.16,82.75,848,779,0.0129,,EA,ORB
COSMOS 1275 DEB,1981-053LM,17642,DEB,,CIS,1981-06-04,PLMSC,,99.74,82.86,767,726,0.0102,,EA,ORB
COSMOS 1260 DEB,1981-028BV,17671,DEB,D,CIS,1981-03-20,TYMSC,1989-12-26,91.92,65.02,374,363,0.0052,,EA,IMP
COSMOS 1275 DEB,1981-053LN,17792,DEB,,CIS,1981-06-04,PLMSC,,101.87,82.95,858,836,0.0081,,EA,ORB
COSMOS 1275 DEB,1981-053LP,17793,DEB,,CIS,1981-06-04,PLMSC,,108.05,83.15,1339,934,0.0150,,EA,ORB
COSMOS 1275 DEB,1981-053LQ,18275,DEB,,CIS,1981-06-04,PLMSC,,105.15,82.93,1097,906,0.0076,,EA,ORB
COSMOS 1275 DEB,1981-053LR,18499,DEB,D,CIS,1981-06-04,PLMSC,1992-04-27,91.26,83.14,345,328,0.0073,,EA,IMP
COSMOS 1275 DEB,1981-053LS,18505,DEB,,CIS,1981-06-04,PLMSC,,102.78,83.29,942,838,0.0159,,EA,ORB
COSMOS 1275 DEB,1981-053LT,18516,DEB,D,CIS,1981-06-04,PLMSC,1989-02-26,97.44,82.97,647,625,0.0040,,EA,IMP
COSMOS 1260 DEB,1981-028BW,18542,DEB,D,CIS,1981-03-20,TYMSC,1988-12-12,91.96,64.01,394,347,0.0104,,EA,IMP
COSMOS 1275 DEB,1981-053LU,18592,DEB,,CIS,1981-06-04,PLMSC,,100.39,82.94,783,772,0.0115,,EA,ORB
COSMOS 1275 DEB,1981-053LV,18593,DEB,D,CIS,1981-06-04,PLMSC,2009-04-04,89.63,82.61,262,251,0.0135,,EA,IMP
SL-6 DEB,1981-088N,18598,DEB,,CIS,1981-09-11,PLMSC,,248.20,62.83,13163,246,0.1311,,EA,ORB
COSMOS 1275 DEB,1981-053LW,18601,DEB,,CIS,1981-06-04,PLMSC,,101.17,82.78,849,779,0.0036,,EA,ORB
COSMOS 1275 DEB,1981-053LX,18637,DEB,,CIS,1981-06-04,PLMSC,,100.94,82.96,835,771,0.0131,,EA,ORB
COSMOS 1275 DEB,1981-053LY,18638,DEB,D,CIS,1981-06-04,PLMSC,1989-08-12,93.84,82.53,482,443,0.0394,,EA,IMP
COSMOS 1275 DEB,1981-053LZ,18639,DEB,,CIS,1981-06-04,PLMSC,,105.17,83.06,1108,897,0.0111,,EA,ORB
COSMOS 1275 DEB,1981-053MA,18640,DEB,,CIS,1981-06-04,PLMSC,,103.75,83.21,998,874,0.0146,,EA,ORB
COSMOS 1275 DEB,1981-053MB,18902,DEB,,CIS,1981-06-04,PLMSC,,98.79,82.94,710,692,0.0103,,EA,ORB
COSMOS 1275 DEB,1981-053MC,19025,DEB,,CIS,1981-06-04,PLMSC,,100.59,82.70,802,771,0.0064,,EA,ORB
COSMOS 1275 DEB,1981-053MD,19026,DEB,,CIS,1981-06-04,PLMSC,,104.40,83.16,1049,884,0.0033,,EA,ORB
COSMOS 1275 DEB,1981-053ME,19027,DEB,,CIS,1981-06-04,PLMSC,,101.44,83.00,871,783,0.0057,,EA,ORB
COSMOS 1275 DEB,1981-053MF,19047,DEB,,CIS,1981-06-04,PLMSC,,101.16,82.78,835,792,0.0105,,EA,ORB
ISKRA 1,1981-065D,19236,PAY,D,CIS,1981-07-10,TYMSC,1990-04-16,89.12,97.73,237,224,1.0000,,EA,IMP
COSMOS 1275 DEB,1981-053MG,19354,DEB,D,CIS,1981-06-04,PLMSC,2002-06-14,89.12,83.17,244,218,0.0040,,EA,IMP
DELTA 1 DEB,1981-070L,19478,DEB,,US,1981-08-03,AFWTR,,386.34,90.87,21876,511,0.0746,,EA,ORB
COSMOS 1275 DEB,1981-053MH,19853,DEB,,CIS,1981-06-04,PLMSC,,105.21,82.99,1095,913,0.0099,,EA,ORB
COSMOS 1275 DEB,1981-053MJ,20087,DEB,,CIS,1981-06-04,PLMSC,,104.27,82.99,1036,885,0.0150,,EA,ORB
COSMOS 1275 DEB,1981-053MK,20089,DEB,,CIS,1981-06-04,PLMSC,,101.92,82.75,878,821,0.0131,,EA,ORB
COSMOS 1275 DEB,1981-053ML,20100,DEB,,CIS,1981-06-04,PLMSC,,107.20,82.89,1225,969,0.0156,,EA,ORB
COSMOS 1275 DEB,1981-053MM,20505,DEB,,CIS,1981-06-04,PLMSC,,98.76,83.15,710,689,0.0055,,EA,ORB
METEOSAT-2 AKM (MAGE 1),1981-057F,20837,R/B,,ESA,1981-06-19,FRGUI,,1449.27,7.43,36361,35727,1.0024,,EA,ORB
NOAA 7 DEB,1981-059D,22727,DEB,D,US,1981-06-23,AFWTR,1994-09-11,91.85,99.29,383,347,0.0796,,EA,IMP
NOAA 7 DEB,1981-059E,22728,DEB,D,US,1981-06-23,AFWTR,1994-03-15,92.31,99.61,404,371,0.0358,,EA,IMP
TITAN 34B DEB,1981-038C,23647,DEB,D,US,1981-04-24,AFWTR,2024-01-28,527.77,62.93,30282,229,,,EA,IMP
TITAN 34B DEB,1981-038D,23806,DEB,,US,1981-04-24,AFWTR,,456.12,63.07,26311,189,,,EA,ORB
TITAN 34B DEB,1981-038E,23807,DEB,,US,1981-04-24,AFWTR,,,,,,,NEA,EA,ORB
DELTA 1 DEB,1981-070M,24911,DEB,,US,1981-08-03,AFWTR,,408.46,90.68,23169,547,0.0350,,EA,ORB
NOAA 7 DEB,1981-059F,24914,DEB,,US,1981-06-23,AFWTR,,99.78,98.49,761,735,0.6447,,EA,ORB
NOAA 7 DEB,1981-059G,24915,DEB,D,US,1981-06-23,AFWTR,1998-10-01,91.79,99.17,376,349,0.0206,,EA,IMP
NOAA 7 DEB,1981-059H,24935,DEB,D,US,1981-06-23,AFWTR,1998-09-22,94.52,99.24,532,459,0.0098,,EA,IMP
SL-3 DEB,1981-043D,25255,DEB,,CIS,1981-05-14,PLMSC,,102.22,81.30,897,830,0.0054,,EA,ORB
COSMOS 1285 DEB,1981-071G,25838,DEB,,CIS,1981-08-04,PLMSC,,726.46,67.96,37120,3662,0.2281,,EA,ORB
COSMOS 1285 DEB,1981-071H,25839,DEB,,CIS,1981-08-04,PLMSC,,726.05,67.60,37510,3252,0.1753,,EA,ORB
COSMOS 1285 DEB,1981-071J,25840,DEB,,CIS,1981-08-04,PLMSC,,727.16,69.09,36342,4475,0.2332,,EA,ORB
COSMOS 1285 DEB,1981-071K,25841,DEB,,CIS,1981-08-04,PLMSC,,727.02,67.15,36619,4190,0.0501,,EA,ORB
COSMOS 1278 DEB,1981-058F,26467,DEB,D,CIS,1981-06-19,PLMSC,2000-08-14,95.51,61.31,1005,82,1.3670,,EA,IMP
COSMOS 1249 COOLANT,1981-021E,26503,DEB,,CIS,1981-03-05,TYMSC,,103.44,64.96,967,875,0.0061,,EA,ORB
COSMOS 1249 COOLANT,1981-021F,26504,DEB,,CIS,1981-03-05,TYMSC,,103.41,64.96,964,876,0.0057,,EA,ORB
COSMOS 1249 COOLANT,1981-021G,26505,DEB,,CIS,1981-03-05,TYMSC,,103.45,64.96,959,885,0.0059,,EA,ORB
COSMOS 1249 COOLANT,1981-021H,26506,DEB,,CIS,1981-03-05,TYMSC,,103.38,64.96,965,872,0.0042,,EA,ORB
COSMOS 1249 COOLANT,1981-021J,26507,DEB,,CIS,1981-03-05,TYMSC,,103.32,64.96,961,870,0.0074,,EA,ORB
COSMOS 1249 COOLANT,1981-021K,26508,DEB,,CIS,1981-03-05,TYMSC,,103.43,64.97,963,878,0.0060,,EA,ORB
COSMOS 1249 COOLANT,1981-021L,26509,DEB,,CIS,1981-03-05,TYMSC,,103.43,64.96,967,875,0.0060,,EA,ORB
COSMOS 1249 COOLANT,1981-021M,26510,DEB,,CIS,1981-03-05,TYMSC,,103.44,64.97,969,874,0.0054,,EA,ORB
COSMOS 1249 COOLANT,1981-021N,26511,DEB,,CIS,1981-03-05,TYMSC,,103.46,64.96,969,875,0.0061,,EA,ORB
COSMOS 1249 COOLANT,1981-021P,26512,DEB,,CIS,1981-03-05,TYMSC,,103.39,64.96,964,874,0.0058,,EA,ORB
COSMOS 1285 DEB,1981-071L,26680,DEB,,CIS,1981-08-04,PLMSC,,725.89,62.84,40261,493,0.4859,,EA,ORB
COSMOS 1247 DEB,1981-016J,26786,DEB,,CIS,1981-02-19,PLMSC,,701.96,70.34,34672,4900,0.3746,,EA,ORB
COSMOS 1249 COOLANT,1981-021Q,26911,DEB,,CIS,1981-03-05,TYMSC,,103.46,64.96,967,877,0.0079,,EA,ORB
COSMOS 1249 COOLANT,1981-021R,27569,DEB,,CIS,1981-03-05,TYMSC,,103.43,64.96,954,887,0.0062,,EA,ORB
COSMOS 1249 COOLANT,1981-021S,27570,DEB,,CIS,1981-03-05,TYMSC,,103.45,64.96,953,891,0.0051,,EA,ORB
COSMOS 1249 COOLANT,1981-021T,27571,DEB,,CIS,1981-03-05,TYMSC,,103.47,64.96,951,894,0.0052,,EA,ORB
COSMOS 1275 DEB,1981-053MN,27733,DEB,,CIS,1981-06-04,PLMSC,,101.24,83.11,836,799,0.0158,,EA,ORB
COSMOS 1275 DEB,1981-053MP,27734,DEB,,CIS,1981-06-04,PLMSC,,102.53,83.12,953,804,0.0132,,EA,ORB
COSMOS 1275 DEB,1981-053MQ,27735,DEB,,CIS,1981-06-04,PLMSC,,103.95,83.05,1017,873,0.0169,,EA,ORB
SL-8 DEB,1981-120H,27736,DEB,,CIS,1981-12-17,PLMSC,,118.51,82.96,1657,1570,0.0143,,EA,ORB
SL-8 DEB,1981-120J,27737,DEB,,CIS,1981-12-17,PLMSC,,119.19,82.96,1666,1623,0.0067,,EA,ORB
SL-8 DEB,1981-120K,27738,DEB,,CIS,1981-12-17,PLMSC,,118.45,82.95,1657,1565,0.0161,,EA,ORB
COSMOS 1261 DEB,1981-031H,27796,DEB,,CIS,1981-03-31,PLMSC,,713.63,65.23,38519,1631,0.4136,,EA,ORB
COSMOS 1275 DEB,1981-053MR,27797,DEB,,CIS,1981-06-04,PLMSC,,106.34,83.14,1195,919,0.0096,,EA,ORB
COSMOS 1285 DEB,1981-071M,27798,DEB,,CIS,1981-08-04,PLMSC,,726.66,69.74,35123,5668,0.0200,,EA,ORB
COSMOS 1285 DEB,1981-071N,27799,DEB,,CIS,1981-08-04,PLMSC,,728.05,66.78,37215,3645,0.1873,,EA,ORB
COSMOS 1285 DEB,1981-071P,27800,DEB,,CIS,1981-08-04,PLMSC,,728.56,64.42,39587,1299,0.4201,,EA,ORB
COSMOS 1285 DEB,1981-071Q,27801,DEB,,CIS,1981-08-04,PLMSC,,727.33,63.96,39864,961,0.1077,,EA,ORB
COSMOS 1285 DEB,1981-071R,27802,DEB,,CIS,1981-08-04,PLMSC,,728.73,68.69,35354,5539,0.4634,,EA,ORB
COSMOS 1261 DEB,1981-031J,27901,DEB,D,CIS,1981-03-31,PLMSC,2025-07-18,521.58,62.16,30046,126,0.8970,,EA,IMP
COSMOS 1261 DEB,1981-031K,27902,DEB,D,CIS,1981-03-31,PLMSC,2025-06-26,631.64,62.15,35891,125,0.4201,,EA,IMP
NOAA 7 DEB,1981-059J,28148,DEB,D,US,1981-06-23,AFWTR,2005-03-19,93.15,98.33,451,406,0.0097,,EA,IMP
COSMOS 1249 COOLANT,1981-021U,28211,DEB,,CIS,1981-03-05,TYMSC,,103.46,64.97,964,881,0.0033,,EA,ORB
COSMOS 1247 DEB,1981-016K,28269,DEB,,CIS,1981-02-19,PLMSC,,715.68,66.73,37650,2601,0.0944,,EA,ORB
COSMOS 1247 DEB,1981-016L,28270,DEB,,CIS,1981-02-19,PLMSC,,711.20,69.13,36481,3548,0.0873,,EA,ORB
METEOR 2-7 DEB,1981-043E,28388,DEB,,CIS,1981-05-14,PLMSC,,98.75,81.26,711,687,0.0099,,EA,ORB
METEOR 2-7 DEB,1981-043F,28389,DEB,,CIS,1981-05-14,PLMSC,,98.35,81.27,694,666,0.0103,,EA,ORB
TITAN 34B DEB,1981-038F,28524,DEB,,US,1981-04-24,AFWTR,,503.99,63.04,29007,194,,,EA,ORB
COSMOS 1285 DEB,1981-071S,28558,DEB,,CIS,1981-08-04,PLMSC,,728.50,69.17,35464,5418,0.1046,,EA,ORB
COSMOS 1285 DEB,1981-071T,28559,DEB,,CIS,1981-08-04,PLMSC,,725.99,66.97,36111,4648,0.0811,,EA,ORB
COSMOS 1285 DEB,1981-071U,28560,DEB,,CIS,1981-08-04,PLMSC,,727.42,66.47,36493,4336,0.1893,,EA,ORB
COSMOS 1285 DEB,1981-071V,28561,DEB,,CIS,1981-08-04,PLMSC,,727.38,66.75,36915,3913,0.1192,,EA,ORB
METEOR 2-7 DEB,1981-043G,28597,DEB,D,CIS,1981-05-14,PLMSC,2024-11-16,98.41,81.25,701,664,0.0073,,EA,IMP
METEOR 2-7 DEB,1981-043H,28599,DEB,D,CIS,1981-05-14,PLMSC,2024-09-22,93.91,81.20,487,444,0.0121,,EA,IMP
METEOR 2-7 DEB,1981-043J,28600,DEB,D,CIS,1981-05-14,PLMSC,2024-05-10,98.52,81.23,697,679,0.0112,,EA,IMP
METEOR 2-7 DEB,1981-043K,28601,DEB,D,CIS,1981-05-14,PLMSC,2024-12-23,98.47,81.25,710,661,0.0069,,EA,IMP
METEOR 2-7 DEB,1981-043L,28602,DEB,D,CIS,1981-05-14,PLMSC,2026-03-08,93.84,81.27,478,447,0.0054,,EA,IMP
COSMOS 1249 COOLANT,1981-021V,29020,DEB,,CIS,1981-03-05,TYMSC,,103.47,64.96,947,898,0.0028,,EA,ORB
COSMOS 1261 DEB,1981-031L,29202,DEB,D,CIS,1981-03-31,PLMSC,2025-05-07,533.75,61.12,30621,215,0.0825,,EA,IMP
COSMOS 1266 COOLANT,1981-037E,29203,DEB,,CIS,1981-04-21,TYMSC,,103.44,64.75,958,885,0.0052,,EA,ORB
SL-8 DEB,1981-120L,29282,DEB,,CIS,1981-12-17,PLMSC,,119.60,82.95,1679,1647,0.0164,,EA,ORB
SL-8 DEB,1981-120M,29283,DEB,,CIS,1981-12-17,PLMSC,,119.22,82.96,1669,1623,0.0074,,EA,ORB
SL-8 DEB,1981-120N,29284,DEB,,CIS,1981-12-17,PLMSC,,119.75,82.96,1699,1640,0.0080,,EA,ORB
SL-8 DEB,1981-120P,29285,DEB,,CIS,1981-12-17,PLMSC,,118.67,82.95,1659,1584,0.0057,,EA,ORB
SL-8 DEB,1981-120Q,29286,DEB,,CIS,1981-12-17,PLMSC,,119.40,82.97,1656,1652,0.0091,,EA,ORB
SL-8 DEB,1981-120R,29287,DEB,,CIS,1981-12-17,PLMSC,,119.55,82.96,1678,1644,0.0075,,EA,ORB
SL-8 DEB,1981-120S,29288,DEB,,CIS,1981-12-17,PLMSC,,119.32,82.96,1658,1643,0.0059,,EA,ORB
SL-8 DEB,1981-120T,29289,DEB,,CIS,1981-12-17,PLMSC,,118.45,82.96,1656,1566,0.0071,,EA,ORB
SL-8 DEB,1981-120U,29290,DEB,,CIS,1981-12-17,PLMSC,,118.96,82.97,1657,1612,0.0073,,EA,ORB
COSMOS 1275 DEB,1981-053MS,29295,DEB,,CIS,1981-06-04,PLMSC,,104.67,82.96,1061,897,0.0104,,EA,ORB
COSMOS 1285 DEB,1981-071W,29296,DEB,,CIS,1981-08-04,PLMSC,,726.56,68.95,36624,4163,0.1589,,EA,ORB
COSMOS 1249 COOLANT,1981-021W,29444,DEB,,CIS,1981-03-05,TYMSC,,103.59,64.96,976,880,0.0065,,EA,ORB
COSMOS 1275 DEB,1981-053MT,33503,DEB,D,CIS,1981-06-04,PLMSC,2024-10-11,94.75,82.94,515,498,0.0132,,EA,IMP
COSMOS 1261 DEB,1981-031M,33520,DEB,,CIS,1981-03-31,PLMSC,,717.09,69.25,34446,5874,0.1585,,EA,ORB
GOES 5 AKM,1981-049D,33521,R/B,,US,1981-05-22,AFETR,,1750.27,16.16,49951,33511,0.0030,,EA,ORB
COSMOS 1285 DEB,1981-071X,33522,DEB,,CIS,1981-08-04,PLMSC,,727.07,67.75,36561,4251,0.0398,,EA,ORB
COSMOS 1285 DEB,1981-071Y,33523,DEB,,CIS,1981-08-04,PLMSC,,727.19,67.53,36742,4076,0.1873,,EA,ORB
COSMOS 1285 DEB,1981-071Z,33524,DEB,,CIS,1981-08-04,PLMSC,,726.10,69.00,37049,3716,0.1259,,EA,ORB
COSMOS 1285 DEB,1981-071AA,33525,DEB,,CIS,1981-08-04,PLMSC,,728.60,67.23,35711,5176,0.0502,,EA,ORB
COSMOS 1285 DEB,1981-071AB,33526,DEB,,CIS,1981-08-04,PLMSC,,727.15,66.92,35674,5142,0.0079,,EA,ORB
COSMOS 1285 DEB,1981-071AC,33527,DEB,,CIS,1981-08-04,PLMSC,,728.19,65.94,36861,4006,0.0199,,EA,ORB
COSMOS 1285 DEB,1981-071AD,33528,DEB,,CIS,1981-08-04,PLMSC,,725.40,66.81,35891,4839,0.0079,,EA,ORB
METEOR 2-7 DEB,1981-043M,35424,DEB,,CIS,1981-05-14,PLMSC,,97.71,81.24,663,636,0.0121,,EA,ORB
COSMOS 1261 DEB,1981-031N,35507,DEB,,CIS,1981-03-31,PLMSC,,713.05,61.34,39705,416,0.0316,,EA,ORB
COSMOS 1317 DEB,1981-108H,35508,DEB,,CIS,1981-10-31,PLMSC,,718.45,71.39,34244,6144,,,EA,ORB
COSMOS 1317 DEB,1981-108J,35509,DEB,,CIS,1981-10-31,PLMSC,,721.27,70.15,34603,5923,0.0040,,EA,ORB
COSMOS 1317 DEB,1981-108K,35510,DEB,,CIS,1981-10-31,PLMSC,,719.56,70.82,34647,5796,,,EA,ORB
COSMOS 1317 DEB,1981-108L,35511,DEB,,CIS,1981-10-31,PLMSC,,719.14,74.84,33392,7030,0.1412,,EA,ORB
COSMOS 1317 DEB,1981-108M,35512,DEB,,CIS,1981-10-31,PLMSC,,713.54,71.03,33961,6184,0.3981,,EA,ORB
COSMOS 1317 DEB,1981-108N,35513,DEB,,CIS,1981-10-31,PLMSC,,712.87,70.81,33744,6368,0.3981,,EA,ORB
COSMOS 1317 DEB,1981-108P,35514,DEB,,CIS,1981-10-31,PLMSC,,710.69,70.12,34727,5278,0.0200,,EA,ORB
METEOR 2-7 DEB,1981-043N,36875,DEB,D,CIS,1981-05-14,PLMSC,2025-01-11,96.98,81.24,618,610,0.0094,,EA,IMP
METEOR 2-7 DEB,1981-043P,36876,DEB,D,CIS,1981-05-14,PLMSC,2016-07-13,97.20,81.24,638,612,0.0081,,EA,IMP
METEOR 2-7 DEB,1981-043Q,36877,DEB,D,CIS,1981-05-14,PLMSC,2016-05-16,92.24,81.18,393,376,0.0139,,EA,IMP
METEOR 2-7 DEB,1981-043R,36878,DEB,,CIS,1981-05-14,PLMSC,,98.84,81.27,712,694,0.0139,,EA,ORB
METEOR 2-7 DEB,1981-043S,36879,DEB,,CIS,1981-05-14,PLMSC,,96.69,81.21,608,593,0.0153,,EA,ORB
METEOR 2-7 DEB,1981-043T,36972,DEB,D,CIS,1981-05-14,PLMSC,2015-04-24,92.06,81.18,387,363,0.0077,,EA,IMP
METEOR 2-7 DEB,1981-043U,36973,DEB,D,CIS,1981-05-14,PLMSC,2014-11-08,94.30,81.16,511,458,0.0113,,EA,IMP
METEOR 2-7 DEB,1981-043V,36974,DEB,D,CIS,1981-05-14,PLMSC,2014-03-31,94.24,81.18,494,470,0.0106,,EA,IMP
METEOR 2-7 DEB,1981-043W,38288,DEB,,CIS,1981-05-14,PLMSC,,99.54,81.24,760,713,0.0094,,EA,ORB
COSMOS 1275 DEB,1981-053MU,39056,DEB,,CIS,1981-06-04,PLMSC,,105.40,82.94,1102,924,0.0053,,EA,ORB
COSMOS 1275 DEB,1981-053MV,39935,DEB,,CIS,1981-06-04,PLMSC,,103.03,82.82,928,876,0.0071,,EA,ORB
COSMOS 1275 DEB,1981-053MW,39936,DEB,,CIS,1981-06-04,PLMSC,,103.51,83.15,968,880,0.0041,,EA,ORB
COSMOS 1275 DEB,1981-053MX,39937,DEB,,CIS,1981-06-04,PLMSC,,103.72,82.88,981,888,0.0080,,EA,ORB
COSMOS 1275 DEB,1981-053MY,39938,DEB,,CIS,1981-06-04,PLMSC,,105.17,83.07,1100,905,0.0100,,EA,ORB
COSMOS 1275 DEB,1981-053MZ,39939,DEB,,CIS,1981-06-04,PLMSC,,104.45,82.82,1021,916,0.0043,,EA,ORB
COSMOS 1275 DEB,1981-053NA,39940,DEB,,CIS,1981-06-04,PLMSC,,105.31,82.99,1064,954,0.0057,,EA,ORB
COSMOS 1275 DEB,1981-053NB,39941,DEB,,CIS,1981-06-04,PLMSC,,103.82,83.02,1012,866,0.0125,,EA,ORB
COSMOS 1275 DEB,1981-053NC,39942,DEB,,CIS,1981-06-04,PLMSC,,102.98,83.17,933,867,0.0086,,EA,ORB
COSMOS 1275 DEB,1981-053ND,39943,DEB,,CIS,1981-06-04,PLMSC,,105.68,83.07,1133,920,0.0154,,EA,ORB
COSMOS 1275 DEB,1981-053NE,39944,DEB,D,CIS,1981-06-04,PLMSC,2024-06-16,90.51,82.77,312,288,0.0138,,EA,IMP
COSMOS 1275 DEB,1981-053NF,39945,DEB,,CIS,1981-06-04,PLMSC,,104.31,82.96,990,934,0.0095,,EA,ORB
COSMOS 1275 DEB,1981-053NG,39946,DEB,,CIS,1981-06-04,PLMSC,,104.25,82.96,986,932,0.0037,,EA,ORB
COSMOS 1275 DEB,1981-053NH,39947,DEB,,CIS,1981-06-04,PLMSC,,105.20,83.01,1091,917,0.0089,,EA,ORB
COSMOS 1275 DEB,1981-053NJ,39948,DEB,,CIS,1981-06-04,PLMSC,,106.07,83.06,1184,905,0.0165,,EA,ORB
COSMOS 1275 DEB,1981-053NK,39949,DEB,,CIS,1981-06-04,PLMSC,,103.25,82.82,933,891,0.0080,,EA,ORB
COSMOS 1275 DEB,1981-053NL,39950,DEB,,CIS,1981-06-04,PLMSC,,104.18,83.17,1031,881,0.0103,,EA,ORB
COSMOS 1275 DEB,1981-053NM,39951,DEB,,CIS,1981-06-04,PLMSC,,101.37,82.82,866,781,0.0145,,EA,ORB
COSMOS 1275 DEB,1981-053NN,39952,DEB,,CIS,1981-06-04,PLMSC,,116.65,66.03,2065,996,0.0092,,EA,ORB
COSMOS 1275 DEB,1981-053NP,39953,DEB,,CIS,1981-06-04,PLMSC,,106.27,82.97,1187,921,0.0050,,EA,ORB
COSMOS 1275 DEB,1981-053NQ,39954,DEB,,CIS,1981-06-04,PLMSC,,99.76,82.89,776,718,0.0068,,EA,ORB
COSMOS 1275 DEB,1981-053NR,39955,DEB,,CIS,1981-06-04,PLMSC,,104.64,83.42,1061,895,0.0111,,EA,ORB
COSMOS 1275 DEB,1981-053NS,39956,DEB,,CIS,1981-06-04,PLMSC,,104.59,83.01,1066,885,0.0022,,EA,ORB
COSMOS 1275 DEB,1981-053NT,39957,DEB,,CIS,1981-06-04,PLMSC,,104.75,82.93,1011,955,0.0066,,EA,ORB
COSMOS 1275 DEB,1981-053NU,39958,DEB,,CIS,1981-06-04,PLMSC,,104.75,83.03,1046,919,0.0083,,EA,ORB
COSMOS 1275 DEB,1981-053NV,39959,DEB,,CIS,1981-06-04,PLMSC,,104.69,82.96,1009,951,0.0077,,EA,ORB
COSMOS 1275 DEB,1981-053NW,39960,DEB,,CIS,1981-06-04,PLMSC,,106.91,83.14,1260,908,0.0088,,EA,ORB
COSMOS 1275 DEB,1981-053NX,39961,DEB,,CIS,1981-06-04,PLMSC,,103.14,82.77,947,867,0.0153,,EA,ORB
COSMOS 1275 DEB,1981-053NY,39962,DEB,,CIS,1981-06-04,PLMSC,,104.31,82.82,1014,910,0.0156,,EA,ORB
COSMOS 1275 DEB,1981-053NZ,39963,DEB,,CIS,1981-06-04,PLMSC,,105.25,83.01,1101,911,0.0102,,EA,ORB
COSMOS 1275 DEB,1981-053PA,39964,DEB,,CIS,1981-06-04,PLMSC,,90.46,83.03,306,288,0.0033,,EA,ORB
COSMOS 1275 DEB,1981-053PB,39965,DEB,,CIS,1981-06-04,PLMSC,,104.01,82.97,980,916,0.0026,,EA,ORB
COSMOS 1275 DEB,1981-053PC,39966,DEB,,CIS,1981-06-04,PLMSC,,102.58,82.71,910,851,0.0030,,EA,ORB
COSMOS 1275 DEB,1981-053PD,39967,DEB,,CIS,1981-06-04,PLMSC,,103.01,82.93,923,879,0.0126,,EA,ORB
COSMOS 1275 DEB,1981-053PE,39968,DEB,,CIS,1981-06-04,PLMSC,,104.39,83.15,1021,911,0.0087,,EA,ORB
COSMOS 1275 DEB,1981-053PF,42095,DEB,,CIS,1981-06-04,PLMSC,,104.43,82.75,1065,871,0.0106,,EA,ORB
COSMOS 1275 DEB,1981-053PG,42096,DEB,,CIS,1981-06-04,PLMSC,,100.83,82.72,831,765,0.0104,,EA,ORB
COSMOS 1275 DEB,1981-053PH,42097,DEB,,CIS,1981-06-04,PLMSC,,100.89,82.80,841,761,0.0138,,EA,ORB
COSMOS 1275 DEB,1981-053PJ,42098,DEB,,CIS,1981-06-04,PLMSC,,105.20,83.15,1107,901,0.0083,,EA,ORB
COSMOS 1275 DEB,1981-053PK,42099,DEB,,CIS,1981-06-04,PLMSC,,100.39,82.86,797,757,0.0119,,EA,ORB
COSMOS 1275 DEB,1981-053PL,42100,DEB,,CIS,1981-06-04,PLMSC,,99.80,82.86,761,738,0.0122,,EA,ORB
COSMOS 1275 DEB,1981-053PM,42101,DEB,,CIS,1981-06-04,PLMSC,,95.52,82.75,550,538,0.0079,,EA,ORB
COSMOS 1275 DEB,1981-053PN,42102,DEB,,CIS,1981-06-04,PLMSC,,103.64,83.01,985,876,0.0063,,EA,ORB
COSMOS 1275 DEB,1981-053PP,42103,DEB,,CIS,1981-06-04,PLMSC,,101.65,83.17,856,818,0.0066,,EA,ORB
COSMOS 1275 DEB,1981-053PQ,42104,DEB,,CIS,1981-06-04,PLMSC,,104.20,82.88,987,927,0.0131,,EA,ORB
COSMOS 1275 DEB,1981-053PR,42105,DEB,,CIS,1981-06-04,PLMSC,,105.66,82.98,1155,896,0.0060,,EA,ORB
COSMOS 1275 DEB,1981-053PS,42106,DEB,D,CIS,1981-06-04,PLMSC,2024-12-17,88.40,83.00,204,186,0.0091,,EA,IMP
COSMOS 1275 DEB,1981-053PT,42107,DEB,,CIS,1981-06-04,PLMSC,,102.03,82.80,888,822,0.0101,,EA,ORB
COSMOS 1275 DEB,1981-053PU,42108,DEB,,CIS,1981-06-04,PLMSC,,101.70,83.18,855,824,0.0047,,EA,ORB
COSMOS 1275 DEB,1981-053PV,42109,DEB,,CIS,1981-06-04,PLMSC,,104.47,82.95,990,950,0.0059,,EA,ORB
COSMOS 1275 DEB,1981-053PW,42110,DEB,,CIS,1981-06-04,PLMSC,,101.04,82.92,822,794,0.0088,,EA,ORB
COSMOS 1275 DEB,1981-053PX,42111,DEB,,CIS,1981-06-04,PLMSC,,100.43,82.80,806,751,0.0115,,EA,ORB
COSMOS 1275 DEB,1981-053PY,42112,DEB,,CIS,1981-06-04,PLMSC,,99.01,82.84,718,705,0.0136,,EA,ORB
COSMOS 1275 DEB,1981-053PZ,42113,DEB,,CIS,1981-06-04,PLMSC,,104.81,82.75,1127,844,0.0034,,EA,ORB
COSMOS 1275 DEB,1981-053QA,42114,DEB,,CIS,1981-06-04,PLMSC,,99.88,82.81,779,727,0.0123,,EA,ORB
COSMOS 1275 DEB,1981-053QB,42115,DEB,,CIS,1981-06-04,PLMSC,,102.05,82.66,900,811,0.0073,,EA,ORB
COSMOS 1275 DEB,1981-053QC,42116,DEB,,CIS,1981-06-04,PLMSC,,99.15,83.12,731,705,0.0051,,EA,ORB
COSMOS 1275 DEB,1981-053QD,42117,DEB,,CIS,1981-06-04,PLMSC,,103.02,82.98,915,888,0.0121,,EA,ORB
COSMOS 1275 DEB,1981-053QE,42118,DEB,,CIS,1981-06-04,PLMSC,,98.79,82.95,723,679,0.0085,,EA,ORB
COSMOS 1275 DEB,1981-053QF,42119,DEB,,CIS,1981-06-04,PLMSC,,103.72,83.18,964,905,0.0074,,EA,ORB
COSMOS 1275 DEB,1981-053QG,42120,DEB,,CIS,1981-06-04,PLMSC,,106.01,82.92,1183,901,0.0069,,EA,ORB
COSMOS 1275 DEB,1981-053QH,42121,DEB,,CIS,1981-06-04,PLMSC,,102.34,82.92,901,838,0.0093,,EA,ORB
COSMOS 1275 DEB,1981-053QJ,42122,DEB,,CIS,1981-06-04,PLMSC,,103.79,82.94,1003,873,0.0119,,EA,ORB
COSMOS 1275 DEB,1981-053QK,42123,DEB,,CIS,1981-06-04,PLMSC,,103.65,82.94,979,883,0.0121,,EA,ORB
COSMOS 1275 DEB,1981-053QL,42124,DEB,,CIS,1981-06-04,PLMSC,,105.25,83.01,1099,914,0.0074,,EA,ORB
COSMOS 1275 DEB,1981-053QM,42125,DEB,,CIS,1981-06-04,PLMSC,,102.15,82.93,896,825,0.0121,,EA,ORB
COSMOS 1275 DEB,1981-053QN,42126,DEB,,CIS,1981-06-04,PLMSC,,106.00,83.17,1158,924,0.0098,,EA,ORB
COSMOS 1275 DEB,1981-053QP,42127,DEB,,CIS,1981-06-04,PLMSC,,101.63,82.83,861,811,0.0097,,EA,ORB
COSMOS 1275 DEB,1981-053QQ,42128,DEB,,CIS,1981-06-04,PLMSC,,103.06,82.93,923,884,0.0107,,EA,ORB
COSMOS 1275 DEB,1981-053QR,42129,DEB,,CIS,1981-06-04,PLMSC,,103.47,82.84,969,877,0.0061,,EA,ORB
COSMOS 1275 DEB,1981-053QS,42130,DEB,,CIS,1981-06-04,PLMSC,,101.21,82.86,832,800,0.0122,,EA,ORB
COSMOS 1275 DEB,1981-053QT,42131,DEB,,CIS,1981-06-04,PLMSC,,99.71,82.87,758,731,0.0121,,EA,ORB
COSMOS 1275 DEB,1981-053QU,42132,DEB,,CIS,1981-06-04,PLMSC,,105.30,83.15,1112,906,0.0063,,EA,ORB
COSMOS 1275 DEB,1981-053QV,42133,DEB,,CIS,1981-06-04,PLMSC,,105.82,83.13,1153,913,0.0149,,EA,ORB
COSMOS 1275 DEB,1981-053QW,42134,DEB,,CIS,1981-06-04,PLMSC,,106.15,83.01,1182,915,0.0099,,EA,ORB
COSMOS 1275 DEB,1981-053QX,42135,DEB,,CIS,1981-06-04,PLMSC,,104.91,83.12,1071,909,0.0124,,EA,ORB
COSMOS 1275 DEB,1981-053QY,42136,DEB,,CIS,1981-06-04,PLMSC,,102.95,83.02,946,850,0.0159,,EA,ORB
COSMOS 1275 DEB,1981-053QZ,42137,DEB,,CIS,1981-06-04,PLMSC,,106.00,82.88,1157,925,0.0085,,EA,ORB
COSMOS 1275 DEB,1981-053RA,42138,DEB,,CIS,1981-06-04,PLMSC,,103.90,83.14,1018,867,0.0114,,EA,ORB
COSMOS 1275 DEB,1981-053RB,42139,DEB,,CIS,1981-06-04,PLMSC,,103.32,83.00,950,881,0.0082,,EA,ORB
COSMOS 1275 DEB,1981-053RC,42140,DEB,,CIS,1981-06-04,PLMSC,,106.65,83.13,1221,922,0.0067,,EA,ORB
COSMOS 1275 DEB,1981-053RD,42141,DEB,,CIS,1981-06-04,PLMSC,,100.38,82.78,791,762,0.0079,,EA,ORB
COSMOS 1275 DEB,1981-053RE,42142,DEB,D,CIS,1981-06-04,PLMSC,2024-02-13,96.27,82.99,596,564,0.0151,,EA,IMP
COSMOS 1275 DEB,1981-053RF,42143,DEB,,CIS,1981-06-04,PLMSC,,104.25,83.02,1026,892,0.0082,,EA,ORB
COSMOS 1275 DEB,1981-053RG,42144,DEB,,CIS,1981-06-04,PLMSC,,103.66,82.80,973,890,0.0038,,EA,ORB
COSMOS 1275 DEB,1981-053RH,42145,DEB,,CIS,1981-06-04,PLMSC,,93.80,83.34,466,455,0.0088,,EA,ORB
COSMOS 1275 DEB,1981-053RJ,42146,DEB,,CIS,1981-06-04,PLMSC,,103.93,83.01,1015,873,0.0169,,EA,ORB
COSMOS 1275 DEB,1981-053RK,42147,DEB,,CIS,1981-06-04,PLMSC,,101.12,83.06,823,801,0.0082,,EA,ORB
COSMOS 1275 DEB,1981-053RL,42148,DEB,,CIS,1981-06-04,PLMSC,,103.90,83.10,1001,885,0.0087,,EA,ORB
COSMOS 1275 DEB,1981-053RM,42149,DEB,,CIS,1981-06-04,PLMSC,,103.56,82.82,989,865,0.0094,,EA,ORB
COSMOS 1275 DEB,1981-053RN,42150,DEB,,CIS,1981-06-04,PLMSC,,106.53,83.07,1228,904,0.0139,,EA,ORB
COSMOS 1275 DEB,1981-053RP,42151,DEB,,CIS,1981-06-04,PLMSC,,104.03,82.93,1011,887,0.0139,,EA,ORB
COSMOS 1275 DEB,1981-053RQ,42152,DEB,,CIS,1981-06-04,PLMSC,,102.59,83.12,923,839,0.0058,,EA,ORB
COSMOS 1275 DEB,1981-053RR,42153,DEB,,CIS,1981-06-04,PLMSC,,101.46,82.83,858,798,0.0054,,EA,ORB
COSMOS 1275 DEB,1981-053RS,42154,DEB,,CIS,1981-06-04,PLMSC,,105.21,82.81,1100,908,0.0079,,EA,ORB
COSMOS 1275 DEB,1981-053RT,42155,DEB,,CIS,1981-06-04,PLMSC,,101.81,82.91,873,815,0.0114,,EA,ORB
COSMOS 1275 DEB,1981-053RU,42156,DEB,,CIS,1981-06-04,PLMSC,,101.90,82.74,884,813,0.0054,,EA,ORB
COSMOS 1275 DEB,1981-053RV,42157,DEB,,CIS,1981-06-04,PLMSC,,100.12,83.08,772,756,0.0050,,EA,ORB
COSMOS 1275 DEB,1981-053RW,42158,DEB,,CIS,1981-06-04,PLMSC,,104.18,83.01,1028,884,0.0099,,EA,ORB
COSMOS 1275 DEB,1981-053RX,42159,DEB,,CIS,1981-06-04,PLMSC,,104.12,82.82,1002,905,0.0054,,EA,ORB
COSMOS 1275 DEB,1981-053RY,42160,DEB,,CIS,1981-06-04,PLMSC,,100.85,82.92,805,792,0.0086,,EA,ORB
COSMOS 1275 DEB,1981-053RZ,42161,DEB,,CIS,1981-06-04,PLMSC,,103.01,82.92,938,864,0.0053,,EA,ORB
COSMOS 1275 DEB,1981-053SA,42162,DEB,,CIS,1981-06-04,PLMSC,,103.44,82.88,975,868,0.0102,,EA,ORB
COSMOS 1275 DEB,1981-053SB,42163,DEB,,CIS,1981-06-04,PLMSC,,105.15,83.01,1089,914,0.0067,,EA,ORB
COSMOS 1275 DEB,1981-053SC,42164,DEB,,CIS,1981-06-04,PLMSC,,98.56,82.92,704,676,0.0166,,EA,ORB
COSMOS 1275 DEB,1981-053SD,42165,DEB,,CIS,1981-06-04,PLMSC,,101.73,82.74,872,809,0.0083,,EA,ORB
COSMOS 1275 DEB,1981-053SE,42166,DEB,,CIS,1981-06-04,PLMSC,,102.93,82.89,999,795,0.0136,,EA,ORB
COSMOS 1275 DEB,1981-053SF,42167,DEB,,CIS,1981-06-04,PLMSC,,104.03,82.84,991,907,0.0079,,EA,ORB
COSMOS 1275 DEB,1981-053SG,42168,DEB,D,CIS,1981-06-04,PLMSC,2025-08-15,92.90,82.76,424,409,0.0122,,EA,IMP
COSMOS 1275 DEB,1981-053SH,42169,DEB,,CIS,1981-06-04,PLMSC,,99.30,82.87,739,712,0.0136,,EA,ORB
COSMOS 1275 DEB,1981-053SJ,42170,DEB,,CIS,1981-06-04,PLMSC,,106.74,82.76,1222,929,0.0126,,EA,ORB
COSMOS 1275 DEB,1981-053SK,42171,DEB,,CIS,1981-06-04,PLMSC,,101.55,83.08,858,806,0.0085,,EA,ORB
COSMOS 1275 DEB,1981-053SL,42172,DEB,,CIS,1981-06-04,PLMSC,,102.08,82.93,907,808,0.0116,,EA,ORB
COSMOS 1275 DEB,1981-053SM,42173,DEB,,CIS,1981-06-04,PLMSC,,106.66,83.23,1222,922,0.0081,,EA,ORB
COSMOS 1275 DEB,1981-053SN,42174,DEB,D,CIS,1981-06-04,PLMSC,2026-05-28,93.66,82.72,465,442,0.0146,,EA,IMP
COSMOS 1275 DEB,1981-053SP,42175,DEB,,CIS,1981-06-04,PLMSC,,106.69,83.03,1178,968,0.0104,,EA,ORB
COSMOS 1275 DEB,1981-053SQ,42176,DEB,,CIS,1981-06-04,PLMSC,,104.85,82.90,1064,910,0.0112,,EA,ORB
COSMOS 1275 DEB,1981-053SR,42177,DEB,D,CIS,1981-06-04,PLMSC,2024-10-29,99.51,82.71,758,712,0.0103,,EA,IMP
COSMOS 1275 DEB,1981-053SS,42178,DEB,,CIS,1981-06-04,PLMSC,,100.70,82.94,800,784,0.0092,,EA,ORB
COSMOS 1275 DEB,1981-053ST,42179,DEB,,CIS,1981-06-04,PLMSC,,104.62,83.13,1049,904,0.0062,,EA,ORB
COSMOS 1275 DEB,1981-053SU,42180,DEB,,CIS,1981-06-04,PLMSC,,95.55,82.85,553,538,0.0127,,EA,ORB
COSMOS 1275 DEB,1981-053SV,42181,DEB,,CIS,1981-06-04,PLMSC,,103.27,82.90,964,862,0.0057,,EA,ORB
COSMOS 1275 DEB,1981-053SW,42182,DEB,,CIS,1981-06-04,PLMSC,,105.63,82.95,1121,927,,,EA,ORB
COSMOS 1275 DEB,1981-053SX,42183,DEB,,CIS,1981-06-04,PLMSC,,103.77,82.94,971,903,0.0080,,EA,ORB
COSMOS 1275 DEB,1981-053SY,42184,DEB,,CIS,1981-06-04,PLMSC,,105.70,83.02,1097,957,0.0037,,EA,ORB
COSMOS 1275 DEB,1981-053SZ,42185,DEB,,CIS,1981-06-04,PLMSC,,104.01,83.05,1033,864,0.0095,,EA,ORB
COSMOS 1275 DEB,1981-053TA,42186,DEB,,CIS,1981-06-04,PLMSC,,102.99,83.12,937,863,0.0056,,EA,ORB
COSMOS 1275 DEB,1981-053TB,42187,DEB,,CIS,1981-06-04,PLMSC,,102.46,82.95,913,837,0.0171,,EA,ORB
COSMOS 1275 DEB,1981-053TC,42188,DEB,,CIS,1981-06-04,PLMSC,,101.65,82.85,872,802,0.0149,,EA,ORB
COSMOS 1275 DEB,1981-053TD,42189,DEB,,CIS,1981-06-04,PLMSC,,104.94,83.02,1080,903,0.0093,,EA,ORB
COSMOS 1275 DEB,1981-053TE,42190,DEB,,CIS,1981-06-04,PLMSC,,101.48,82.93,868,790,0.0100,,EA,ORB
COSMOS 1275 DEB,1981-053TF,42191,DEB,,CIS,1981-06-04,PLMSC,,102.07,82.82,884,830,0.0078,,EA,ORB
COSMOS 1275 DEB,1981-053TG,42192,DEB,,CIS,1981-06-04,PLMSC,,104.66,83.09,1073,885,0.0196,,EA,ORB
COSMOS 1275 DEB,1981-053TH,42193,DEB,,CIS,1981-06-04,PLMSC,,105.25,82.96,1099,913,0.0074,,EA,ORB
COSMOS 1275 DEB,1981-053TJ,42194,DEB,,CIS,1981-06-04,PLMSC,,104.99,82.83,1143,846,0.0144,,EA,ORB
COSMOS 1275 DEB,1981-053TK,42195,DEB,,CIS,1981-06-04,PLMSC,,104.23,83.03,1032,885,0.0128,,EA,ORB
COSMOS 1275 DEB,1981-053TL,42196,DEB,,CIS,1981-06-04,PLMSC,,104.89,82.80,1077,901,0.0070,,EA,ORB
COSMOS 1275 DEB,1981-053TM,42197,DEB,,CIS,1981-06-04,PLMSC,,105.00,82.85,1080,909,0.0153,,EA,ORB
COSMOS 1275 DEB,1981-053TN,42198,DEB,,CIS,1981-06-04,PLMSC,,103.51,82.80,951,898,0.0083,,EA,ORB
COSMOS 1275 DEB,1981-053TP,42199,DEB,,CIS,1981-06-04,PLMSC,,103.36,82.95,945,889,0.0148,,EA,ORB
COSMOS 1275 DEB,1981-053TQ,42200,DEB,,CIS,1981-06-04,PLMSC,,102.12,82.98,911,807,0.0139,,EA,ORB
COSMOS 1275 DEB,1981-053TR,42201,DEB,,CIS,1981-06-04,PLMSC,,100.75,82.70,822,766,0.0157,,EA,ORB
COSMOS 1275 DEB,1981-053TS,42202,DEB,,CIS,1981-06-04,PLMSC,,103.74,82.83,974,897,0.0127,,EA,ORB
COSMOS 1275 DEB,1981-053TT,42203,DEB,,CIS,1981-06-04,PLMSC,,104.66,82.99,1062,895,0.0185,,EA,ORB
COSMOS 1275 DEB,1981-053TU,42204,DEB,,CIS,1981-06-04,PLMSC,,105.11,83.07,1093,906,0.0161,,EA,ORB
COSMOS 1275 DEB,1981-053TV,42205,DEB,,CIS,1981-06-04,PLMSC,,104.63,83.03,1060,894,0.0140,,EA,ORB
COSMOS 1275 DEB,1981-053TW,42206,DEB,,CIS,1981-06-04,PLMSC,,103.72,82.92,963,905,0.0128,,EA,ORB
COSMOS 1275 DEB,1981-053TX,42207,DEB,,CIS,1981-06-04,PLMSC,,106.15,83.06,1203,893,0.0107,,EA,ORB
COSMOS 1275 DEB,1981-053TY,42208,DEB,,CIS,1981-06-04,PLMSC,,102.33,82.96,928,810,0.0086,,EA,ORB
COSMOS 1275 DEB,1981-053TZ,42209,DEB,,CIS,1981-06-04,PLMSC,,103.68,82.88,972,892,0.0179,,EA,ORB
COSMOS 1275 DEB,1981-053UA,42210,DEB,,CIS,1981-06-04,PLMSC,,104.97,83.00,1072,915,0.0146,,EA,ORB
COSMOS 1275 DEB,1981-053UB,42211,DEB,,CIS,1981-06-04,PLMSC,,101.14,82.84,842,783,0.0157,,EA,ORB
COSMOS 1275 DEB,1981-053UC,42212,DEB,,CIS,1981-06-04,PLMSC,,105.52,83.05,1129,908,0.0147,,EA,ORB
COSMOS 1275 DEB,1981-053UD,42213,DEB,,CIS,1981-06-04,PLMSC,,101.13,82.82,843,782,0.0169,,EA,ORB
COSMOS 1275 DEB,1981-053UE,42214,DEB,,CIS,1981-06-04,PLMSC,,104.25,83.02,1018,900,0.0065,,EA,ORB
COSMOS 1275 DEB,1981-053UF,42215,DEB,,CIS,1981-06-04,PLMSC,,104.39,82.90,1042,890,0.0094,,EA,ORB
COSMOS 1275 DEB,1981-053UG,42216,DEB,,CIS,1981-06-04,PLMSC,,101.53,82.88,845,818,0.0116,,EA,ORB
COSMOS 1275 DEB,1981-053UH,42217,DEB,,CIS,1981-06-04,PLMSC,,105.05,83.03,1086,907,0.0098,,EA,ORB
COSMOS 1275 DEB,1981-053UJ,42218,DEB,,CIS,1981-06-04,PLMSC,,102.25,82.87,906,824,0.0098,,EA,ORB
COSMOS 1275 DEB,1981-053UK,42219,DEB,,CIS,1981-06-04,PLMSC,,102.35,82.96,905,835,0.0067,,EA,ORB
COSMOS 1275 DEB,1981-053UL,42220,DEB,,CIS,1981-06-04,PLMSC,,98.58,82.90,706,676,0.0013,,EA,ORB
COSMOS 1275 DEB,1981-053UM,42221,DEB,,CIS,1981-06-04,PLMSC,,104.35,82.89,1025,904,0.0118,,EA,ORB
COSMOS 1275 DEB,1981-053UN,42222,DEB,,CIS,1981-06-04,PLMSC,,102.34,82.98,916,823,0.0101,,EA,ORB
COSMOS 1275 DEB,1981-053UP,42223,DEB,,CIS,1981-06-04,PLMSC,,100.08,82.86,786,738,0.0036,,EA,ORB
COSMOS 1275 DEB,1981-053UQ,42224,DEB,,CIS,1981-06-04,PLMSC,,100.55,82.73,806,763,0.0139,,EA,ORB
COSMOS 1275 DEB,1981-053UR,42225,DEB,,CIS,1981-06-04,PLMSC,,101.54,83.15,857,806,0.0107,,EA,ORB
COSMOS 1275 DEB,1981-053US,42226,DEB,,CIS,1981-06-04,PLMSC,,105.18,82.95,1086,919,0.0064,,EA,ORB
COSMOS 1275 DEB,1981-053UT,42227,DEB,,CIS,1981-06-04,PLMSC,,103.96,82.91,1003,888,0.0074,,EA,ORB
COSMOS 1275 DEB,1981-053UU,42228,DEB,,CIS,1981-06-04,PLMSC,,104.14,82.94,983,925,0.0094,,EA,ORB
COSMOS 1275 DEB,1981-053UV,42229,DEB,,CIS,1981-06-04,PLMSC,,106.77,83.02,1242,912,0.0081,,EA,ORB
COSMOS 1275 DEB,1981-053UW,42230,DEB,,CIS,1981-06-04,PLMSC,,101.63,82.74,866,805,0.0139,,EA,ORB
COSMOS 1275 DEB,1981-053UX,42231,DEB,,CIS,1981-06-04,PLMSC,,100.47,82.76,805,756,0.0175,,EA,ORB
COSMOS 1275 DEB,1981-053UY,42232,DEB,,CIS,1981-06-04,PLMSC,,106.19,83.01,1189,911,0.0098,,EA,ORB
COSMOS 1275 DEB,1981-053UZ,42233,DEB,,CIS,1981-06-04,PLMSC,,105.32,83.04,1107,912,0.0083,,EA,ORB
METEOR 2-7 DEB,1981-043X,43300,DEB,,CIS,1981-05-14,PLMSC,,100.36,81.25,804,747,,,EA,ORB
METEOR 2-7 DEB,1981-043Y,43301,DEB,,CIS,1981-05-14,PLMSC,,100.63,81.26,820,757,,,EA,ORB
METEOR 2-7 DEB,1981-043Z,43302,DEB,,CIS,1981-05-14,PLMSC,,100.16,81.26,798,735,,,EA,ORB
TITAN 34B DEB,1981-038G,44321,DEB,,US,1981-04-24,AFWTR,,417.61,63.01,23969,289,,,EA,ORB
TITAN 34B DEB,1981-038H,44434,DEB,,US,1981-04-24,AFWTR,,436.34,63.10,25089,268,,,EA,ORB
METEOR 2-7 DEB,1981-043AA,45515,DEB,,CIS,1981-05-14,PLMSC,,99.55,81.25,744,730,,,EA,ORB
COSMOS 1247 DEB,1981-016M,48263,DEB,,CIS,1981-02-19,PLMSC,,732.86,68.34,36839,4257,,,EA,ORB
COSMOS 1261 DEB,1981-031P,48264,DEB,D,CIS,1981-03-31,PLMSC,2025-04-25,557.50,62.18,32009,112,,,EA,IMP
SL-6 DEB,1981-123E,48265,DEB,,CIS,1981-12-23,TYMSC,,656.30,62.35,36499,778,,,EA,ORB
ARIANE 1 DEB,1981-057G,48343,DEB,,ESA,1981-06-19,FRGUI,,500.55,11.03,28420,589,,,EA,ORB
METEOR 2-7 DEB,1981-043AB,59993,DEB,,CIS,1981-05-14,PLMSC,,100.38,81.26,805,748,,,EA,ORB
