OBJECT_NAME,OBJECT_ID,NORAD_CAT_ID,OBJECT_TYPE,OPS_STATUS_CODE,OWNER,LAUNCH_DATE,LAUNCH_SITE,DECAY_DATE,PERIOD,INCLINATION,APOGEE,PERIGEE,RCS,DATA_STATUS_CODE,ORBIT_CENTER,ORBIT_TYPE
STS 81,1997-001A,24711,PAY,D,US,1997-01-12,AFETR,1997-01-22,91.77,51.65,380,343,404.2700,,EA,LAN
AMC-2 (GE-2),1997-002A,24713,PAY,-,SES,1997-01-30,FRGUI,,1447.64,10.95,36038,35986,15.2492,,EA,ORB
NAHUEL 1A,1997-002B,24714,PAY,,ARGN,1997-01-30,FRGUI,,1448.90,12.59,36068,36006,18.6243,,EA,ORB
ARIANE 44L R/B,1997-002C,24715,R/B,D,FR,1997-01-30,FRGUI,2019-02-24,87.55,7.26,209,97,21.7636,,EA,IMP
ARIANE DEB [SPELDA],1997-002D,24716,DEB,D,FR,1997-01-30,FRGUI,2004-06-30,96.43,6.80,975,200,22.8575,,EA,IMP
SOYUZ-TM 25,1997-003A,24717,PAY,D,CIS,1997-02-10,TYMSC,1997-08-15,92.33,51.65,392,385,,,EA,LAN
SL-4 R/B,1997-003B,24718,R/B,D,CIS,1997-02-10,TYMSC,1997-02-13,87.20,51.61,141,131,11.0000,,EA,IMP
STS 82,1997-004A,24719,PAY,D,US,1997-02-11,AFETR,1997-02-21,96.70,28.47,618,584,,,EA,LAN
HALCA (MUSES-B),1997-005A,24720,PAY,-,JPN,1997-02-12,KSCUT,,374.14,31.22,21116,527,25.5827,,EA,ORB
M-V-1 R/B,1997-005B,24721,R/B,D,JPN,1997-02-12,KSCUT,2025-05-27,88.06,31.03,207,149,2.1082,,EA,IMP
COSMOS 2337,1997-006A,24725,PAY,-,CIS,1997-02-14,PLMSC,,114.22,82.60,1427,1413,0.9650,,EA,ORB
COSMOS 2338,1997-006B,24726,PAY,-,CIS,1997-02-14,PLMSC,,114.16,82.60,1420,1414,0.9371,,EA,ORB
COSMOS 2339,1997-006C,24727,PAY,-,CIS,1997-02-14,PLMSC,,114.07,82.60,1414,1412,1.0597,,EA,ORB
GONETS-D1 4,1997-006D,24728,PAY,-,CIS,1997-02-14,PLMSC,,113.93,82.61,1414,1400,0.8640,,EA,ORB
GONETS-D1 5,1997-006E,24729,PAY,-,CIS,1997-02-14,PLMSC,,114.02,82.60,1415,1406,0.8400,,EA,ORB
GONETS-D1 6,1997-006F,24730,PAY,-,CIS,1997-02-14,PLMSC,,114.06,82.61,1415,1410,0.8438,,EA,ORB
SL-14 R/B,1997-006G,24731,R/B,,CIS,1997-02-14,PLMSC,,114.72,82.60,1474,1411,5.8121,,EA,ORB
INTELSAT 26 (IS-26),1997-007A,24732,PAY,-,ITSO,1997-02-17,AFETR,,1455.87,12.38,36210,36135,25.1486,,EA,ORB
ATLAS 2AS CENTAUR R/B,1997-007B,24733,R/B,D,US,1997-02-17,AFETR,1997-02-25,113.51,23.29,2696,79,,,EA,IMP
USA 130 (DSP 18),1997-008A,24737,PAY,-,US,1997-02-23,AFETR,,1454.10,14.46,36182,36095,,,EA,ORB
TITAN 4B R/B,1997-008B,24738,R/B,D,US,1997-02-23,AFETR,1997-06-26,,,,,9.7449,,EA,IMP
IUS R/B(1),1997-008C,24739,R/B,,US,1997-02-23,AFETR,,595.86,27.78,33850,306,,,EA,ORB
IUS R/B(2),1997-008D,24740,R/B,,US,1997-02-23,AFETR,,1447.24,14.66,36110,35899,,,EA,ORB
INTELSAT 801 (IS-801),1997-009A,24742,PAY,-,ITSO,1997-03-01,FRGUI,,1458.41,12.34,36258,36186,2.0000,,EA,ORB
ARIANE 44LP R/B,1997-009B,24743,R/B,D,FR,1997-03-01,FRGUI,2000-12-12,88.63,6.41,300,114,26.5029,,EA,IMP
ZEYA,1997-010A,24744,PAY,D,CIS,1997-03-04,SVOBO,1999-10-25,87.48,97.19,154,145,0.8111,,EA,IMP
SL-18 R/B,1997-010B,24745,R/B,D,CIS,1997-03-04,SVOBO,2001-01-12,86.87,97.15,122,117,3.9651,,EA,IMP
SL-18 DEB,1997-010C,24746,DEB,D,CIS,1997-03-04,SVOBO,1998-06-05,88.18,97.23,186,183,0.1667,,EA,IMP
SL-18 DEB,1997-010D,24747,DEB,D,CIS,1997-03-04,SVOBO,1998-05-23,88.65,97.23,215,201,0.0015,,EA,IMP
DIRECTV 6 (TEMPO 2),1997-011A,24748,PAY,-,US,1997-03-08,AFETR,,1454.06,13.21,36234,36040,12.5892,,EA,ORB
ATLAS 2A CENTAUR R/B,1997-011B,24749,R/B,D,US,1997-03-08,AFETR,1997-11-19,89.52,25.52,394,108,16.2773,,EA,IMP
DMSP 5D-2 F14 (USA 131),1997-012A,24753,PAY,-,US,1997-04-04,AFWTR,,101.64,98.75,842,831,3.0492,,EA,ORB
STS 83,1997-013A,24755,PAY,D,US,1997-04-04,AFETR,1997-04-08,90.52,28.47,302,298,,,EA,LAN
DMSP 5D-2 F14 DEB,1997-012B,24756,DEB,D,US,1997-04-04,AFWTR,2020-10-26,89.01,98.78,234,217,0.0450,,EA,IMP
PROGRESS-M 34,1997-014A,24757,PAY,D,CIS,1997-04-06,TYMSC,1997-07-02,92.23,51.66,393,375,51.4154,,EA,IMP
SL-4 R/B,1997-014B,24758,R/B,D,CIS,1997-04-06,TYMSC,1997-04-09,87.24,51.62,142,133,15.0000,,EA,IMP
COSMOS 2340,1997-015A,24761,PAY,,CIS,1997-04-09,PLMSC,,716.93,65.34,36898,3415,6.8485,,EA,ORB
SL-6 R/B(1),1997-015B,24762,R/B,D,CIS,1997-04-09,PLMSC,1997-06-13,87.41,62.84,151,141,10.1936,,EA,IMP
SL-6 PLAT,1997-015C,24763,DEB,D,CIS,1997-04-09,PLMSC,1997-05-18,87.71,62.86,178,144,3.0835,,EA,IMP
SL-6 R/B(2),1997-015D,24764,R/B,,CIS,1997-04-09,PLMSC,,708.77,66.81,35707,4203,5.5845,,EA,ORB
DMSP 5D-2 F14 DEB,1997-012C,24765,DEB,D,US,1997-04-04,AFWTR,2016-12-22,88.82,98.77,225,207,0.0380,,EA,IMP
THAICOM 3,1997-016A,24768,PAY,-,THAI,1997-04-16,FRGUI,,1458.17,13.10,36594,35841,7.9621,,EA,ORB
BSAT-1A,1997-016B,24769,PAY,-,JPN,1997-04-16,FRGUI,,1452.81,11.28,36123,36103,15.8489,,EA,ORB
ARIANE 44L R/B,1997-016C,24770,R/B,D,FR,1997-04-16,FRGUI,2012-02-22,88.04,6.50,259,95,24.7205,,EA,IMP
ARIANE DEB [SPELDA],1997-016D,24771,DEB,D,FR,1997-04-16,FRGUI,2000-06-19,90.77,6.59,497,127,19.3046,,EA,IMP
COSMOS 2341,1997-017A,24772,PAY,,CIS,1997-04-17,PLMSC,,104.98,82.92,1014,974,2.1331,,EA,ORB
SL-8 R/B,1997-017B,24773,R/B,,CIS,1997-04-17,PLMSC,,104.80,82.92,1003,968,4.5542,,EA,ORB
DMSP 5D-2 F14 DEB,1997-012D,24777,DEB,D,US,1997-04-04,AFWTR,2024-01-01,88.39,98.79,204,186,0.1218,,EA,IMP
DMSP 5D-2 F14 DEB,1997-012E,24778,DEB,D,US,1997-04-04,AFWTR,2026-06-16,89.18,98.76,248,220,0.0660,,EA,IMP
MINISAT 01,1997-018A,24779,PAY,D,SPN,1997-04-21,CAS,2002-02-26,88.15,150.93,183,183,2.5005,,EA,IMP
CELESTIS-01 & PEGASUS R/B,1997-018B,24780,PAY,D,US,1997-04-21,CAS,2002-05-21,87.81,150.94,169,163,1.7788,,EA,IMP
GOES 10,1997-019A,24786,PAY,-,US,1997-04-25,AFETR,,1452.71,13.20,36239,35983,18.6154,,EA,ORB
ATLAS 1 CENTAUR R/B,1997-019B,24787,R/B,D,US,1997-04-25,AFETR,1998-04-21,97.05,27.42,1107,129,20.9461,,EA,IMP
IRIDIUM 8,1997-020A,24792,PAY,D,US,1997-05-05,AFWTR,2017-11-24,86.84,86.34,135,101,3.5089,,EA,IMP
IRIDIUM 7,1997-020B,24793,PAY,-,US,1997-05-05,AFWTR,,100.26,86.40,773,769,3.3209,,EA,ORB
IRIDIUM 6,1997-020C,24794,PAY,D,US,1997-05-05,AFWTR,2017-12-23,87.39,86.35,170,120,3.2266,,EA,IMP
IRIDIUM 5,1997-020D,24795,PAY,-,US,1997-05-05,AFWTR,,96.07,86.38,641,500,3.0100,,EA,ORB
IRIDIUM 4,1997-020E,24796,PAY,-,US,1997-05-05,AFWTR,,100.20,86.40,769,766,3.6610,,EA,ORB
DELTA 2 R/B,1997-020F,24797,R/B,,US,1997-05-05,AFWTR,,99.45,86.90,883,582,9.3827,,EA,ORB
DFH 3-2,1997-021A,24798,PAY,,PRC,1997-05-11,XICLF,,1437.26,13.56,35844,35775,12.5892,,EA,ORB
CZ-3A R/B,1997-021B,24799,R/B,D,PRC,1997-05-11,XICLF,2006-12-24,88.34,28.83,264,121,22.9517,,EA,IMP
COSMOS 2342,1997-022A,24800,PAY,,CIS,1997-05-14,PLMSC,,721.66,67.61,37541,3005,7.8950,,EA,ORB
SL-6 R/B(1),1997-022B,24801,R/B,D,CIS,1997-05-14,PLMSC,1997-08-08,87.03,62.76,130,125,6.3982,,EA,IMP
SL-6 PLAT,1997-022C,24802,DEB,D,CIS,1997-05-14,PLMSC,1997-06-25,87.41,62.79,155,137,1.3707,,EA,IMP
SL-6 R/B(2),1997-022D,24803,R/B,,CIS,1997-05-14,PLMSC,,705.08,68.54,35723,4003,5.4122,,EA,ORB
STS 84,1997-023A,24804,PAY,D,US,1997-05-15,AFETR,1997-05-24,92.25,51.65,393,377,,,EA,LAN
COSMOS 2343,1997-024A,24805,PAY,D,CIS,1997-05-15,TYMSC,1997-09-18,88.57,64.72,224,183,29.4087,,EA,IMP
SL-4 R/B,1997-024B,24806,R/B,D,CIS,1997-05-15,TYMSC,1997-05-20,87.07,64.85,140,119,22.0000,,EA,IMP
THOR II,1997-025A,24808,PAY,-,NOR,1997-05-20,AFETR,,1454.92,12.14,36165,36143,15.8489,,EA,ORB
DELTA 2 R/B(1),1997-025B,24809,R/B,,US,1997-05-20,AFETR,,108.18,26.30,1640,645,9.8843,,EA,ORB
DELTA 2 R/B(2),1997-025C,24810,R/B,,US,1997-05-20,AFETR,,666.33,18.88,36457,1329,3.2471,,EA,ORB
GALAXY 25 (G-25),1997-026A,24812,PAY,-,US,1997-05-24,TYMSC,,1453.17,7.55,36147,36094,40.2985,,EA,ORB
SL-12 R/B(1),1997-026B,24813,R/B,D,CIS,1997-05-24,TYMSC,1997-06-01,86.96,51.59,136,112,20.4300,,EA,IMP
SL-12 PLAT,1997-026C,24814,DEB,D,CIS,1997-05-24,TYMSC,1997-05-27,87.50,51.57,153,149,7.7600,,EA,IMP
SL-12 R/B(2),1997-026D,24815,R/B,,CIS,1997-05-24,TYMSC,,758.41,19.26,35894,6447,25.1600,,EA,ORB
INMARSAT 3-F4,1997-027A,24819,PAY,-,IM,1997-06-03,FRGUI,,1447.27,11.64,36049,35961,28.8195,,EA,ORB
INSAT-2D,1997-027B,24820,PAY,-,IND,1997-06-03,FRGUI,,1374.15,12.67,35937,33193,6.3095,,EA,ORB
ARIANE 44L R/B,1997-027C,24821,R/B,D,FR,1997-06-03,FRGUI,1997-11-20,499.14,7.51,27997,934,18.5905,,EA,IMP
ARIANE 44L DEB [SPELDA],1997-027D,24822,DEB,D,FR,1997-06-03,FRGUI,2011-10-21,88.69,6.78,260,160,11.0570,,EA,IMP
COSMOS 2344,1997-028A,24827,PAY,,CIS,1997-06-06,TYMSC,,129.97,63.30,3050,1192,19.7310,,EA,ORB
SL-12 R/B(1),1997-028B,24828,R/B,D,CIS,1997-06-06,TYMSC,1997-06-07,86.84,64.82,124,111,,,EA,IMP
SL-12 R/B(2),1997-028C,24829,R/B,,CIS,1997-06-06,TYMSC,,130.05,63.32,3055,1195,16.2990,,EA,ORB
SL-12 R/B(AUX MOTOR),1997-028D,24830,R/B,D,CIS,1997-06-06,TYMSC,1998-09-29,87.71,64.39,184,138,0.8912,,EA,IMP
SL-12 R/B(AUX MOTOR),1997-028E,24832,R/B,D,CIS,1997-06-06,TYMSC,1999-11-01,87.41,64.43,164,128,0.8861,,EA,IMP
SL-12 DEB,1997-028F,24833,DEB,,CIS,1997-06-06,TYMSC,,130.10,63.32,3058,1196,0.7351,,EA,ORB
FENGYUN 2A,1997-029A,24834,PAY,-,PRC,1997-06-10,XICLF,,1499.19,15.69,37467,36558,20.0000,,EA,ORB
CZ-3A R/B,1997-029B,24835,R/B,D,PRC,1997-06-10,XICLF,1997-06-10,633.24,28.61,35952,146,,,EA,IMP
IRIDIUM 914,1997-030A,24836,PAY,-,US,1997-06-18,TYMSC,,99.91,86.40,755,753,4.2210,,EA,ORB
IRIDIUM 12,1997-030B,24837,PAY,D,US,1997-06-18,TYMSC,2018-09-02,87.56,86.38,188,120,3.4025,,EA,IMP
IRIDIUM 9,1997-030C,24838,PAY,D,US,1997-06-18,TYMSC,2003-03-11,87.46,86.42,153,145,8.9075,,EA,IMP
IRIDIUM 10,1997-030D,24839,PAY,D,US,1997-06-18,TYMSC,2018-10-06,87.43,86.36,174,121,3.7125,,EA,IMP
IRIDIUM 13,1997-030E,24840,PAY,D,US,1997-06-18,TYMSC,2018-04-29,87.50,86.38,179,122,3.3220,,EA,IMP
IRIDIUM 16,1997-030F,24841,PAY,-,US,1997-06-18,TYMSC,,100.06,86.40,765,758,3.6704,,EA,ORB
IRIDIUM 911,1997-030G,24842,PAY,-,US,1997-06-18,TYMSC,,99.44,86.45,743,720,3.8308,,EA,ORB
COSMOS 2344 DEB,1997-028G,24843,DEB,,CIS,1997-06-06,TYMSC,,129.72,63.32,3025,1196,0.8020,,EA,ORB
INTELSAT 802 (IS-802),1997-031A,24846,PAY,-,ITSO,1997-06-25,FRGUI,,1467.73,11.52,36500,36307,12.5893,,EA,ORB
ARIANE 44P R/B,1997-031B,24847,R/B,D,FR,1997-06-25,FRGUI,2003-03-04,89.93,6.78,415,127,27.1674,,EA,IMP
STS 94,1997-032A,24849,PAY,D,US,1997-07-01,AFETR,1997-07-17,90.48,28.47,300,296,,,EA,LAN
PROGRESS-M 35,1997-033A,24851,PAY,D,CIS,1997-07-05,TYMSC,1997-10-07,92.29,51.66,391,383,12.1608,,EA,IMP
SL-4 R/B,1997-033B,24852,R/B,D,CIS,1997-07-05,TYMSC,1997-07-08,87.35,51.60,146,140,12.8000,,EA,IMP
IRIDIUM 15,1997-034A,24869,PAY,D,US,1997-07-09,AFWTR,2018-10-14,86.92,86.38,138,106,3.4911,,EA,IMP
IRIDIUM 17,1997-034B,24870,PAY,-,US,1997-07-09,AFWTR,,100.12,86.39,767,762,3.6810,,EA,ORB
IRIDIUM 920,1997-034C,24871,PAY,-,US,1997-07-09,AFWTR,,99.87,86.40,762,742,5.0327,,EA,ORB
IRIDIUM 18,1997-034D,24872,PAY,D,US,1997-07-09,AFWTR,2018-08-19,87.34,86.35,157,128,3.2530,,EA,IMP
IRIDIUM 921,1997-034E,24873,PAY,D,US,1997-07-09,AFWTR,2025-02-13,87.53,86.35,159,146,4.2155,,EA,IMP
DELTA 2 R/B,1997-034F,24874,R/B,D,US,1997-07-09,AFWTR,1998-03-30,87.33,82.67,146,138,9.8296,,EA,IMP
NAVSTAR 43 (USA 132),1997-035A,24876,PAY,+,US,1997-07-23,AFETR,,717.97,56.03,20462,19903,3.1622,,EA,ORB
DELTA 2 R/B(1),1997-035B,24877,R/B,D,US,1997-07-23,AFETR,1998-01-02,87.44,37.66,179,116,7.8305,,EA,IMP
DELTA 2 R/B(2) [PAM-D],1997-035C,24878,R/B,D,US,1997-07-23,AFETR,2000-07-23,87.82,38.74,215,117,3.4844,,EA,IMP
SUPERBIRD-A3,1997-036A,24880,PAY,-,JPN,1997-07-28,AFETR,,1453.48,12.18,36148,36104,12.5892,,EA,ORB
ATLAS 2AS CENTAUR R/B,1997-036B,24881,R/B,D,US,1997-07-28,AFETR,1998-07-12,1911.14,25.63,89048,223,31.6000,,EA,IMP
IRIDIUM 921 DEB,1997-034G,24882,DEB,D,US,1997-07-09,AFWTR,1997-09-10,92.61,86.26,413,392,0.0788,,EA,IMP
ORBVIEW 2 (SEASTAR),1997-037A,24883,PAY,-,US,1997-08-01,WRAS,,100.31,98.88,774,772,2.6748,,EA,ORB
PEGASUS R/B,1997-037B,24884,R/B,D,US,1997-08-01,WRAS,1997-09-29,86.93,98.24,125,120,1.6000,,EA,IMP
IRIDIUM 921 DEB,1997-034H,24885,DEB,D,US,1997-07-09,AFWTR,1998-02-10,90.61,86.33,311,298,0.0487,,EA,IMP
SOYUZ-TM 26,1997-038A,24886,PAY,D,CIS,1997-08-05,TYMSC,1998-02-19,92.18,51.66,385,378,,,EA,LAN
SL-4 R/B,1997-038B,24887,R/B,D,CIS,1997-08-05,TYMSC,1997-08-08,87.10,51.68,133,128,28.5610,,EA,IMP
SL-4 DEB,1997-038C,24888,DEB,D,CIS,1997-08-05,TYMSC,1997-08-08,88.40,51.61,222,169,1.0000,,EA,IMP
STS 85,1997-039A,24889,PAY,D,US,1997-08-07,AFETR,1997-08-19,89.61,56.99,261,249,39.0668,,EA,LAN
CRISTA-SPAS,1997-039B,24890,PAY,D,US,1997-08-07,AFETR,1997-08-19,90.29,57.00,296,282,19.8762,,EA,IMP
PAS 6,1997-040A,24891,PAY,,US,1997-08-08,FRGUI,,1536.85,8.80,40768,34704,18.6316,,EA,ORB
ARIANE 44P R/B,1997-040B,24892,R/B,,FR,1997-08-08,FRGUI,,377.48,7.70,21583,264,21.4193,,EA,ORB
COSMOS 2345,1997-041A,24894,PAY,,CIS,1997-08-14,TYMSC,,1434.59,14.41,36451,35064,5.0119,,EA,ORB
SL-12 R/B(1),1997-041B,24895,R/B,D,CIS,1997-08-14,TYMSC,1997-08-16,87.28,53.16,147,132,42.3000,,EA,IMP
SL-12 PLAT,1997-041C,24896,DEB,D,CIS,1997-08-14,TYMSC,1997-08-15,87.65,53.16,164,153,12.0000,,EA,IMP
SL-12 R/B(2),1997-041D,24897,R/B,,CIS,1997-08-14,TYMSC,,1440.01,14.52,37373,34353,1.1220,,EA,ORB
IRIDIUM 921 DEB,1997-034J,24898,DEB,D,US,1997-07-09,AFWTR,1997-11-04,92.69,86.37,419,394,0.0179,,EA,IMP
SL-12 R/B(AUX MOTOR),1997-041E,24899,R/B,D,CIS,1997-08-14,TYMSC,1998-05-21,96.60,48.00,1102,90,1.1023,,EA,IMP
SL-12 R/B(AUX MOTOR),1997-041F,24900,R/B,D,CIS,1997-08-14,TYMSC,1998-03-21,96.84,48.03,1114,101,0.8096,,EA,IMP
ABS-3,1997-042A,24901,PAY,-,ABS,1997-08-19,XICLF,,1450.75,11.32,36088,36058,10.0000,,EA,ORB
CZ-3B R/B,1997-042B,24902,R/B,D,PRC,1997-08-19,XICLF,1997-12-17,96.18,23.10,1077,74,25.1200,,EA,IMP
IRIDIUM 26,1997-043A,24903,PAY,-,US,1997-08-21,AFWTR,,100.17,86.39,768,765,3.1095,,EA,ORB
IRIDIUM 25,1997-043B,24904,PAY,D,US,1997-08-21,AFWTR,2018-05-14,87.37,86.41,168,120,3.2537,,EA,IMP
IRIDIUM 46,1997-043C,24905,PAY,D,US,1997-08-21,AFWTR,2019-05-11,87.10,86.33,135,126,3.4756,,EA,IMP
IRIDIUM 23,1997-043D,24906,PAY,D,US,1997-08-21,AFWTR,2018-03-28,87.55,86.37,177,130,3.3040,,EA,IMP
IRIDIUM 22,1997-043E,24907,PAY,-,US,1997-08-21,AFWTR,,100.26,86.39,773,769,3.6290,,EA,ORB
DELTA 2 R/B,1997-043F,24908,R/B,D,US,1997-08-21,AFWTR,1997-10-15,87.29,82.60,155,126,11.8117,,EA,IMP
SSTI LEWIS,1997-044A,24909,PAY,D,US,1997-08-23,AFWTR,1997-09-28,87.07,97.54,134,124,4.4327,,EA,IMP
ATHENA 1 R/B(OAM),1997-044B,24910,R/B,D,US,1997-08-23,AFWTR,1997-10-13,87.79,97.54,168,162,3.0693,,EA,IMP
ACE,1997-045A,24912,PAY,+,US,1997-08-25,AFETR,,,,,,,NEA,EL1,ORB
DELTA 2 R/B,1997-045B,24913,R/B,,US,1997-08-25,AFETR,,,,,,,NEA,SU,ORB
INTELSAT 5 (IS-5),1997-046A,24916,PAY,-,US,1997-08-28,TYMSC,,1453.97,10.54,36156,36116,25.1189,,EA,ORB
SL-12 R/B(1),1997-046B,24917,R/B,D,CIS,1997-08-28,TYMSC,1997-08-30,87.34,51.61,161,125,22.0000,,EA,IMP
SL-12 PLAT,1997-046C,24918,DEB,D,CIS,1997-08-28,TYMSC,1997-08-28,87.68,51.58,173,146,9.0000,,EA,IMP
SL-12 R/B(2),1997-046D,24919,R/B,,CIS,1997-08-28,TYMSC,,800.81,13.19,35870,8505,31.1558,,EA,ORB
FORTE,1997-047A,24920,PAY,+,US,1997-08-29,WRAS,,100.84,69.95,815,782,1.3502,,EA,ORB
PEGASUS R/B,1997-047B,24921,R/B,,US,1997-08-29,WRAS,,100.94,69.97,818,789,1.2819,,EA,ORB
IRIDIUM 23 DEB,1997-043G,24922,DEB,D,US,1997-08-21,AFWTR,1997-08-31,92.53,86.60,423,374,0.0400,,EA,IMP
IRIDIUM 23 DEB,1997-043H,24923,DEB,D,US,1997-08-21,AFWTR,1997-09-04,92.62,86.64,428,379,0.0700,,EA,IMP
IRIDIUM 23 DEB,1997-043J,24924,DEB,D,US,1997-08-21,AFWTR,1997-09-20,91.31,86.68,361,317,0.0326,,EA,IMP
DUMMY MASS 1,1997-048A,24925,PAY,-,PRC,1997-09-01,TAISC,,96.81,86.33,612,600,1.3560,,EA,ORB
DUMMY MASS 2,1997-048B,24926,PAY,-,PRC,1997-09-01,TAISC,,96.83,86.33,614,600,1.3360,,EA,ORB
CZ-2C DEB [DISPENSER],1997-048C,24927,DEB,D,PRC,1997-09-01,TAISC,1998-01-06,87.83,86.17,185,150,15.9734,,EA,IMP
CZ-2C DEB,1997-048D,24928,DEB,D,PRC,1997-09-01,TAISC,1997-09-06,89.82,86.00,373,159,0.9000,,EA,IMP
CZ-2C DEB,1997-048E,24929,DEB,D,PRC,1997-09-01,TAISC,1997-09-07,90.52,86.10,437,163,0.5000,,EA,IMP
CZ-2C R/B,1997-048F,24930,R/B,D,PRC,1997-09-01,TAISC,1997-10-13,87.08,86.29,137,122,1.9220,,EA,IMP
EUTELSAT W75,1997-049A,24931,PAY,-,EUTE,1997-09-02,FRGUI,,1405.14,11.46,35277,35080,12.5893,,EA,ORB
METEOSAT-7,1997-049B,24932,PAY,-,EUME,1997-09-02,FRGUI,,1464.73,13.76,36378,36312,6.5607,,EA,ORB
ARIANE 44LP R/B,1997-049C,24933,R/B,D,FR,1997-09-02,FRGUI,1997-09-06,630.64,6.93,35744,220,19.9314,,EA,IMP
ARIANE DEB [SPELDA],1997-049D,24934,DEB,D,FR,1997-09-02,FRGUI,2004-04-21,89.04,7.12,310,144,29.2700,,EA,IMP
AMC-3,1997-050A,24936,PAY,-,SES,1997-09-04,AFETR,,1453.59,8.32,36146,36110,8.3589,,EA,ORB
ATLAS 2AS CENTAUR R/B,1997-050B,24937,R/B,,US,1997-09-04,AFETR,,637.96,18.79,36054,287,13.2979,,EA,ORB
IRIDIUM 29,1997-051A,24944,PAY,-,US,1997-09-14,TYMSC,,100.22,86.40,771,767,3.3678,,EA,ORB
IRIDIUM 32,1997-051B,24945,PAY,D,US,1997-09-14,TYMSC,2019-03-10,87.57,86.35,187,121,3.1916,,EA,IMP
IRIDIUM 33,1997-051C,24946,PAY,-,US,1997-09-14,TYMSC,,100.34,86.39,782,767,2.5190,,EA,ORB
IRIDIUM 27,1997-051D,24947,PAY,D,US,1997-09-14,TYMSC,2002-02-01,87.38,86.58,151,139,7.6237,,EA,IMP
IRIDIUM 28,1997-051E,24948,PAY,-,US,1997-09-14,TYMSC,,100.16,86.40,768,764,3.6950,,EA,ORB
IRIDIUM 30,1997-051F,24949,PAY,D,US,1997-09-14,TYMSC,2017-09-28,87.47,86.35,166,133,3.4835,,EA,IMP
IRIDIUM 31,1997-051G,24950,PAY,D,US,1997-09-14,TYMSC,2018-12-20,87.71,86.38,203,118,3.5519,,EA,IMP
SL-12 R/B,1997-051H,24951,R/B,D,CIS,1997-09-14,TYMSC,1997-09-14,87.16,72.58,142,125,29.0000,,EA,IMP
COSMOS 2346,1997-052A,24953,PAY,,CIS,1997-09-23,PLMSC,,104.36,82.92,994,935,2.0088,,EA,ORB
FAISAT 2V,1997-052B,24954,PAY,,US,1997-09-23,PLMSC,,104.32,82.92,992,933,0.8470,,EA,ORB
SL-8 R/B,1997-052C,24955,R/B,,CIS,1997-09-23,PLMSC,,104.20,82.92,979,935,5.7320,,EA,ORB
NSS-5,1997-053A,24957,PAY,-,NETH,1997-09-23,FRGUI,,1452.97,10.66,36136,36097,25.1187,,EA,ORB
SPUTNIK JR,1997-058C,24958,PAY,D,CIS,1997-10-05,TYMSC,1998-05-21,87.14,51.62,135,131,0.1020,,EA,IMP
MOLNIYA 1-90,1997-054A,24960,PAY,,CIS,1997-09-24,PLMSC,,451.85,64.40,24565,1690,12.6191,,EA,ORB
SL-6 R/B(1),1997-054B,24961,R/B,D,CIS,1997-09-24,PLMSC,1997-10-14,87.89,62.78,186,155,12.5785,,EA,IMP
SL-6 PLAT,1997-054C,24962,DEB,D,CIS,1997-09-24,PLMSC,1997-10-09,87.57,62.80,172,136,4.0740,,EA,IMP
SL-6 R/B(2),1997-054D,24963,R/B,D,CIS,1997-09-24,PLMSC,2016-09-30,89.68,61.76,426,91,6.2693,,EA,IMP
STS 86,1997-055A,24964,PAY,D,US,1997-09-26,AFETR,1997-10-06,91.90,51.64,381,354,,,EA,LAN
IRIDIUM 19,1997-056A,24965,PAY,D,US,1997-09-27,AFWTR,2018-04-07,87.46,86.36,159,139,3.4652,,EA,IMP
IRIDIUM 35,1997-056B,24966,PAY,D,US,1997-09-27,AFWTR,2018-12-26,87.07,86.38,151,107,3.3862,,EA,IMP
IRIDIUM 36,1997-056C,24967,PAY,-,US,1997-09-27,AFWTR,,100.14,86.40,767,763,3.4580,,EA,ORB
IRIDIUM 37,1997-056D,24968,PAY,D,US,1997-09-27,AFWTR,2018-05-26,87.49,86.35,159,141,3.1315,,EA,IMP
IRIDIUM 34,1997-056E,24969,PAY,D,US,1997-09-27,AFWTR,2018-01-08,87.50,86.36,175,126,3.4398,,EA,IMP
DELTA 2 R/B,1997-056F,24970,R/B,D,US,1997-09-27,AFWTR,1998-04-18,87.14,83.56,144,122,10.1850,,EA,IMP
IRS-1D,1997-057A,24971,PAY,-,IND,1997-09-29,SRILR,,100.31,98.85,811,736,3.9120,,EA,ORB
PSLV 1C R/B,1997-057B,24972,R/B,D,IND,1997-09-29,SRILR,1999-11-04,87.20,98.60,148,123,10.6210,,EA,IMP
PROGRESS-M 36,1997-058A,25002,PAY,D,CIS,1997-10-05,TYMSC,1997-12-19,92.23,51.66,390,378,16.7789,,EA,IMP
SL-4 R/B,1997-058B,25003,R/B,D,CIS,1997-10-05,TYMSC,1997-10-07,87.50,51.65,155,146,,,EA,IMP
ECHOSTAR 3,1997-059A,25004,PAY,-,US,1997-10-05,AFETR,,1456.42,9.67,36230,36137,351.1887,,EA,ORB
ATLAS 2AS CENTAUR R/B,1997-059B,25005,R/B,D,US,1997-10-05,AFETR,1998-03-15,100.99,25.87,1501,110,19.7400,,EA,IMP
FOTON 11,1997-060A,25006,PAY,D,CIS,1997-10-09,PLMSC,1997-10-23,90.33,62.81,363,218,10.3000,,EA,IMP
SL-4 R/B,1997-060B,25007,R/B,D,CIS,1997-10-09,PLMSC,1997-10-31,86.92,62.78,131,113,21.7000,,EA,IMP
CASSINI,1997-061A,25008,PAY,D,US,1997-10-15,AFETR,2017-09-15,,,,,,NIE,SA,IMP
TITAN 4B CENTAUR R/B,1997-061B,25009,R/B,,US,1997-10-15,AFETR,,,,,,,NEA,SU,ORB
APSTAR-2R (TELSTAR 10),1997-062A,25010,PAY,-,PRC,1997-10-16,XICLF,,1451.50,10.86,36116,36059,7.9433,,EA,ORB
CZ-3B R/B,1997-062B,25011,R/B,D,PRC,1997-10-16,XICLF,1998-03-18,89.14,23.08,368,96,0.0050,,EA,IMP
STEP M4,1997-063A,25013,PAY,D,US,1997-10-22,ERAS,2001-03-31,87.67,44.93,162,156,1.2883,,EA,IMP
PEGASUS R/B,1997-063B,25014,R/B,D,US,1997-10-22,ERAS,1999-11-30,87.13,44.94,136,129,1.6621,,EA,IMP
FOTON 11 DEB,1997-060C,25015,DEB,D,CIS,1997-10-09,PLMSC,1997-11-17,88.27,62.79,197,181,0.2262,,EA,IMP
FOTON 11 DEB,1997-060D,25016,DEB,D,CIS,1997-10-09,PLMSC,1997-11-04,89.42,62.77,263,229,0.0703,,EA,IMP
USA 133,1997-064A,25017,PAY,+,US,1997-10-24,AFWTR,,,,,,,NEA,EA,ORB
TITAN 4 R/B,1997-064B,25018,R/B,D,US,1997-10-24,AFWTR,2002-03-26,87.04,56.97,135,121,31.2655,,EA,IMP
USA 134,1997-065A,25019,PAY,+,US,1997-10-25,AFETR,,1436.07,12.86,35793,35779,,,EA,ORB
ATLAS 2A CENTAUR R/B,1997-065B,25020,R/B,D,US,1997-10-25,AFETR,1998-09-27,91.19,26.10,555,111,17.3811,,EA,IMP
IABS R/B,1997-065C,25021,R/B,,US,1997-10-25,AFETR,,1425.08,14.16,35779,35362,1.2819,,EA,ORB
MAQSAT H,1997-066A,25023,PAY,,ESA,1997-10-30,FRGUI,,463.05,7.84,26342,555,19.0258,,EA,ORB
MAQSAT B,1997-066B,25024,PAY,,ESA,1997-10-30,FRGUI,,466.08,7.85,26522,548,31.7283,,EA,ORB
TEAMSAT,1997-066C,25025,PAY,-,ESA,1997-10-30,FRGUI,,467.49,7.87,26593,556,0.5211,,EA,ORB
ARIANE 5 DEB [SPELTRA],1997-066D,25026,DEB,,FR,1997-10-30,FRGUI,,467.04,7.85,26582,543,8.5814,,EA,ORB
NAVSTAR 44 (USA 135),1997-067A,25030,PAY,-,US,1997-11-06,AFETR,,764.18,55.60,21369,21250,2.4717,,EA,ORB
DELTA 2 R/B(1),1997-067B,25031,R/B,D,US,1997-11-06,AFETR,2000-10-25,87.39,35.17,151,139,12.3908,,EA,IMP
DELTA 2 R/B(2) [PAM-D],1997-067C,25032,R/B,D,US,1997-11-06,AFETR,2000-11-10,87.88,34.80,226,113,2.9092,,EA,IMP
USA 136,1997-068A,25034,PAY,+,US,1997-11-08,AFETR,,717.78,64.63,37060,3295,,NEA,EA,ORB
TITAN 4A CENTAUR R/B,1997-068B,25035,R/B,,US,1997-11-08,AFETR,,,,,,,NEA,EA,ORB
IRIDIUM 43,1997-069A,25039,PAY,D,US,1997-11-09,AFWTR,2018-02-11,87.15,86.35,141,126,3.2094,,EA,IMP
IRIDIUM 41,1997-069B,25040,PAY,D,US,1997-11-09,AFWTR,2018-07-28,87.26,86.59,165,113,3.6007,,EA,IMP
IRIDIUM 40,1997-069C,25041,PAY,D,US,1997-11-09,AFWTR,2018-09-23,87.26,86.35,151,126,3.2531,,EA,IMP
IRIDIUM 39,1997-069D,25042,PAY,-,US,1997-11-09,AFWTR,,99.32,86.39,738,715,3.5690,,EA,ORB
IRIDIUM 38,1997-069E,25043,PAY,-,US,1997-11-09,AFWTR,,100.10,86.39,766,761,4.2949,,EA,ORB
DELTA 2 R/B,1997-069F,25044,R/B,D,US,1997-11-09,AFWTR,1998-04-26,87.13,83.50,136,129,24.5484,,EA,IMP
KUPON,1997-070A,25045,PAY,,CIS,1997-11-12,TYMSC,,1436.55,14.54,35812,35779,0.7943,,EA,ORB
SL-12 PLAT,1997-070B,25046,DEB,D,CIS,1997-11-12,TYMSC,1997-11-13,87.48,51.62,151,148,7.7734,,EA,IMP
SL-12 R/B(1),1997-070C,25047,R/B,D,CIS,1997-11-12,TYMSC,1997-11-15,87.11,51.63,139,124,11.1000,,EA,IMP
SL-12 R/B(2),1997-070D,25048,R/B,,CIS,1997-11-12,TYMSC,,1445.29,14.73,36029,35904,8.1820,,EA,ORB
ASTRA 5A (SIRIUS 2),1997-071A,25049,PAY,-,SWED,1997-11-12,FRGUI,,1448.59,12.12,36047,36015,31.6228,,EA,ORB
INDOSTAR 1,1997-071B,25050,PAY,-,INDO,1997-11-12,FRGUI,,1435.01,13.03,35773,35758,15.8489,,EA,ORB
ARIANE 44L R/B,1997-071C,25051,R/B,D,FR,1997-11-12,FRGUI,1998-08-06,91.84,7.01,629,100,9.0772,,EA,IMP
ARIANE DEB [SPELDA],1997-071D,25052,DEB,D,FR,1997-11-12,FRGUI,1998-10-21,99.94,7.17,1398,113,45.3502,,EA,IMP
SL-12 R/B(AUX MOTOR),1997-070E,25053,R/B,,CIS,1997-11-12,TYMSC,,595.71,45.44,32560,1588,0.8097,,EA,ORB
SL-12 R/B(AUX MOTOR),1997-070F,25054,R/B,,CIS,1997-11-12,TYMSC,,129.15,46.58,3976,195,0.7593,,EA,ORB
RESURS F-1M,1997-072A,25059,PAY,D,CIS,1997-11-18,PLMSC,1997-12-13,88.99,82.33,238,211,6.1570,,EA,IMP
SL-4 R/B,1997-072B,25060,R/B,D,CIS,1997-11-18,PLMSC,1997-11-21,86.97,82.33,135,113,26.5000,,EA,IMP
STS 87,1997-073A,25061,PAY,D,US,1997-11-19,AFETR,1997-12-05,90.04,28.47,279,273,,,EA,LAN
SPARTAN 201,1997-073B,25062,PAY,D,US,1997-11-19,AFETR,1997-12-05,90.13,28.47,284,278,,,EA,IMP
TRMM,1997-074A,25063,PAY,D,US,1997-11-27,TANSC,2015-06-16,87.84,34.93,167,167,10.8114,,EA,IMP
KIKU-7 (ETS-VII),1997-074B,25064,PAY,D,JPN,1997-11-27,TANSC,2015-11-13,88.37,34.94,200,187,10.4707,,EA,IMP
H-2 R/B(1),1997-074C,25065,R/B,D,JPN,1997-11-27,TANSC,1999-01-27,87.37,34.52,144,144,28.4854,,EA,IMP
H-2 R/B(2),1997-074D,25066,R/B,D,JPN,1997-11-27,TANSC,1998-02-26,87.31,34.99,164,118,19.9266,,EA,IMP
JCSAT-1B,1997-075A,25067,PAY,-,JPN,1997-12-02,FRGUI,,1459.62,11.66,36334,36158,25.1189,,EA,ORB
EQUATOR S,1997-075B,25068,PAY,,GER,1997-12-02,FRGUI,,1336.06,3.07,67094,516,1.2589,,EA,ORB
ARIANE 44P R/B,1997-075C,25069,R/B,D,FR,1997-12-02,FRGUI,2000-11-07,91.45,4.17,582,109,26.9712,,EA,IMP
ARIANE 44P DEB [SPELDA],1997-075D,25070,DEB,D,FR,1997-12-02,FRGUI,2001-08-27,90.48,3.95,484,112,2.2158,,EA,IMP
ASTRA 1G,1997-076A,25071,PAY,-,SES,1997-12-02,TYMSC,,1454.02,9.65,36179,36094,1.1380,,EA,ORB
SL-12 R/B(1),1997-076B,25072,R/B,D,CIS,1997-12-02,TYMSC,1997-12-05,86.90,51.58,128,113,28.9000,,EA,IMP
SL-12 PLAT,1997-076C,25073,DEB,D,CIS,1997-12-02,TYMSC,1997-12-03,87.76,51.58,174,153,12.0940,,EA,IMP
SL-12 R/B(2),1997-076D,25074,R/B,,CIS,1997-12-02,TYMSC,,837.47,14.01,35901,10205,32.2835,,EA,ORB
IRIDIUM 42,1997-077A,25077,PAY,-,US,1997-12-08,TAISC,,100.23,86.39,771,767,3.2961,,EA,ORB
IRIDIUM 44,1997-077B,25078,PAY,-,US,1997-12-08,TAISC,,99.96,86.39,759,754,3.3446,,EA,ORB
CZ-2C R/B,1997-077C,25079,R/B,D,PRC,1997-12-08,TAISC,1998-01-20,87.15,86.27,145,122,10.2256,,EA,IMP
CZ-2C DEB [DISPENSER],1997-077D,25080,DEB,D,PRC,1997-12-08,TAISC,1998-02-27,87.58,86.16,169,140,9.6156,,EA,IMP
CZ-2C DEB,1997-077E,25081,DEB,D,PRC,1997-12-08,TAISC,1997-12-12,89.43,86.54,338,154,0.0720,,EA,IMP
CZ-2C DEB,1997-077F,25082,DEB,D,PRC,1997-12-08,TAISC,1997-12-12,89.75,86.50,368,156,0.0500,,EA,IMP
CZ-2C DEB,1997-077G,25083,DEB,D,PRC,1997-12-08,TAISC,1997-12-13,88.47,86.04,253,145,89.1000,,EA,IMP
CZ-2C DEB,1997-077H,25084,DEB,D,PRC,1997-12-08,TAISC,1997-12-12,90.30,85.98,419,159,0.0500,,EA,IMP
GALAXY 8 (G-8),1997-078A,25086,PAY,-,US,1997-12-08,AFETR,,1444.38,14.09,35973,35924,24.9519,,EA,ORB
ATLAS 2AS CENTAUR R/B,1997-078B,25087,R/B,D,US,1997-12-08,AFETR,1998-06-03,95.64,25.98,1015,84,0.0050,,EA,IMP
COSMOS 2347,1997-079A,25088,PAY,D,CIS,1997-12-09,TYMSC,1999-12-12,87.46,64.97,169,129,22.6723,,EA,IMP
SL-11 R/B,1997-079B,25089,R/B,D,CIS,1997-12-09,TYMSC,1997-12-10,87.17,64.95,165,103,17.6800,,EA,IMP
RESURS F-1M DEB,1997-072C,25091,DEB,D,CIS,1997-11-18,PLMSC,1997-12-22,86.78,82.31,120,109,2.2000,,EA,IMP
RESURS F-1M DEB,1997-072D,25092,DEB,D,CIS,1997-11-18,PLMSC,1997-12-14,88.42,82.32,202,191,0.1600,,EA,IMP
RESURS F-1M DEB,1997-072E,25093,DEB,D,CIS,1997-11-18,PLMSC,1997-12-16,88.80,82.35,238,192,0.1000,,EA,IMP
RESURS F-1M DEB,1997-072F,25094,DEB,D,CIS,1997-11-18,PLMSC,1997-12-18,87.76,82.30,188,139,0.5000,,EA,IMP
COSMOS 2348,1997-080A,25095,PAY,D,CIS,1997-12-15,PLMSC,1998-04-14,89.35,67.11,322,163,27.6701,,EA,IMP
SL-4 R/B,1997-080B,25096,R/B,D,CIS,1997-12-15,PLMSC,1997-12-20,86.82,67.12,132,102,18.0900,,EA,IMP
INSPEKTOR,1997-058D,25100,PAY,D,GER,1997-10-05,TYMSC,1998-11-01,87.42,51.63,151,142,0.3428,,EA,IMP
PROGRESS-M 37,1997-081A,25102,PAY,D,CIS,1997-12-20,TYMSC,1998-03-15,92.22,51.79,403,363,9.2972,,EA,IMP
SL-4 R/B,1997-081B,25103,R/B,D,CIS,1997-12-20,TYMSC,1997-12-22,87.30,51.60,145,137,15.3200,,EA,IMP
IRIDIUM 45,1997-082A,25104,PAY,-,US,1997-12-20,AFWTR,,93.20,86.35,483,379,3.4150,,EA,ORB
IRIDIUM 24,1997-082B,25105,PAY,-,US,1997-12-20,AFWTR,,99.82,86.39,760,740,3.4888,,EA,ORB
IRIDIUM 47,1997-082C,25106,PAY,D,US,1997-12-20,AFWTR,2018-09-01,86.98,86.36,150,100,3.3188,,EA,IMP
IRIDIUM 48,1997-082D,25107,PAY,D,US,1997-12-20,AFWTR,2001-05-05,86.90,86.35,137,105,7.8284,,EA,IMP
IRIDIUM 49,1997-082E,25108,PAY,D,US,1997-12-20,AFWTR,2018-02-13,87.49,86.36,181,119,3.3668,,EA,IMP
DELTA 2 R/B,1997-082F,25109,R/B,D,US,1997-12-20,AFWTR,1998-06-24,87.46,83.57,155,142,4.4806,,EA,IMP
INTELSAT 804 (IS-804),1997-083A,25110,PAY,-,ITSO,1997-12-21,FRGUI,,1436.12,13.22,35819,35755,10.0000,,EA,ORB
ARIANE 42L R/B,1997-083B,25111,R/B,D,FR,1997-12-21,FRGUI,2004-05-03,91.03,6.75,547,103,12.5892,,EA,IMP
ORBCOMM FM08,1997-084A,25112,PAY,-,ORB,1997-12-23,ERAS,,99.49,45.01,738,730,0.5145,,EA,ORB
ORBCOMM FM10,1997-084B,25113,PAY,-,ORB,1997-12-23,ERAS,,99.51,45.01,738,733,0.4180,,EA,ORB
ORBCOMM FM11,1997-084C,25114,PAY,-,ORB,1997-12-23,ERAS,,99.53,45.01,739,733,0.7617,,EA,ORB
ORBCOMM FM12,1997-084D,25115,PAY,-,ORB,1997-12-23,ERAS,,99.53,45.01,738,734,0.8926,,EA,ORB
ORBCOMM FM09,1997-084E,25116,PAY,-,ORB,1997-12-23,ERAS,,99.54,45.01,740,733,0.8538,,EA,ORB
ORBCOMM FM05,1997-084F,25117,PAY,-,ORB,1997-12-23,ERAS,,99.48,45.01,735,733,0.7460,,EA,ORB
ORBCOMM FM06,1997-084G,25118,PAY,+,ORB,1997-12-23,ERAS,,99.47,45.01,733,733,0.5105,,EA,ORB
ORBCOMM FM07,1997-084H,25119,PAY,-,ORB,1997-12-23,ERAS,,99.47,45.01,734,732,0.4720,,EA,ORB
PEGASUS R/B,1997-084J,25120,R/B,D,US,1997-12-23,ERAS,1998-12-28,87.58,44.92,165,144,1.4186,,EA,IMP
HAPS,1997-084K,25121,R/B,D,US,1997-12-23,ERAS,2001-09-01,87.77,42.64,170,158,1.2153,,EA,IMP
EARLYBIRD-1,1997-085A,25123,PAY,D,US,1997-12-24,SVOBO,2000-07-27,87.25,97.20,150,126,2.7326,,EA,IMP
SL-18 R/B,1997-085B,25124,R/B,D,CIS,1997-12-24,SVOBO,2000-12-12,87.45,97.16,153,144,2.8436,,EA,IMP
SL-18 DEB,1997-085C,25125,DEB,D,CIS,1997-12-24,SVOBO,1999-03-31,87.75,97.23,171,156,0.2385,,EA,IMP
HGS 1 (ASIASAT 3),1997-086A,25126,PAY,-,US,1997-12-24,TYMSC,,1436.28,13.27,35999,35581,8.0877,,EA,ORB
SL-12 R/B(1),1997-086B,25127,R/B,D,CIS,1997-12-24,TYMSC,1997-12-27,86.94,51.58,133,112,19.7580,,EA,IMP
SL-12 PLAT,1997-086C,25128,DEB,D,CIS,1997-12-24,TYMSC,1997-12-25,87.54,51.61,177,128,,,EA,IMP
SL-12 R/B(2),1997-086D,25129,R/B,D,CIS,1997-12-24,TYMSC,2000-10-07,94.40,50.79,898,81,29.7690,,EA,IMP
IRIDIUM 47 DEB,1997-082G,25141,DEB,D,US,1997-12-20,AFWTR,1998-02-17,90.36,86.47,308,276,0.1904,,EA,IMP
COSMOS 2348 DEB,1997-080C,25295,DEB,D,CIS,1997-12-15,PLMSC,1998-04-14,87.68,67.07,191,128,,,EA,IMP
COSMOS 2348 DEB,1997-080D,25296,DEB,D,CIS,1997-12-15,PLMSC,1998-04-14,88.73,67.11,269,155,,,EA,IMP
METEOSAT-7 AKM,1997-049E,25353,R/B,,ESA,1997-09-02,FRGUI,,1430.86,14.18,35992,35376,1.0000,,EA,ORB
ETS-VII TARGET,1997-074E,25424,PAY,D,JPN,1997-11-27,TANSC,2015-11-13,95.45,34.97,541,539,15.4011,,EA,IMP
FENGYUN 2A AKM,1997-029C,25611,R/B,,PRC,1997-06-10,XICLF,,1399.69,13.84,36001,34142,0.3981,,EA,ORB
M-V-1 DEB,1997-005C,25856,DEB,D,JPN,1997-02-12,KSCUT,1999-07-17,98.87,31.19,1263,146,,,EA,IMP
M-V-1 DEB,1997-005D,25857,DEB,D,JPN,1997-02-12,KSCUT,1999-07-25,90.74,31.15,475,147,0.0029,,EA,IMP
COSMOS 2347 DEB,1997-079C,25969,DEB,D,CIS,1997-12-09,TYMSC,1999-11-29,90.48,64.92,337,259,,,EA,IMP
COSMOS 2347 DEB,1997-079D,25970,DEB,D,CIS,1997-12-09,TYMSC,1999-12-10,89.30,64.97,265,215,0.0866,,EA,IMP
COSMOS 2347 DEB,1997-079E,25971,DEB,D,CIS,1997-12-09,TYMSC,1999-11-30,89.75,64.96,294,231,,,EA,IMP
COSMOS 2347 DEB,1997-079F,25972,DEB,D,CIS,1997-12-09,TYMSC,1999-11-30,88.55,65.02,236,169,,,EA,IMP
COSMOS 2347 DEB,1997-079G,25973,DEB,D,CIS,1997-12-09,TYMSC,1999-11-28,94.19,64.85,624,334,,,EA,IMP
COSMOS 2347 DEB,1997-079H,25974,DEB,D,CIS,1997-12-09,TYMSC,1999-12-20,88.37,65.16,208,180,0.0814,,EA,IMP
COSMOS 2347 DEB,1997-079J,25975,DEB,D,CIS,1997-12-09,TYMSC,1999-12-09,90.86,64.99,357,277,0.0190,,EA,IMP
COSMOS 2347 DEB,1997-079K,25976,DEB,D,CIS,1997-12-09,TYMSC,1999-11-29,87.93,64.99,192,151,,,EA,IMP
M-V-1 DEB,1997-005E,26744,DEB,D,JPN,1997-02-12,KSCUT,2002-03-23,96.05,31.11,951,188,0.0316,,EA,IMP
M-V-1 DEB,1997-005F,27488,DEB,D,JPN,1997-02-12,KSCUT,2003-04-23,88.46,31.11,247,150,0.0424,,EA,IMP
M-V-1 DEB,1997-005G,27489,DEB,,JPN,1997-02-12,KSCUT,,220.36,31.43,11144,269,0.0376,,EA,ORB
DELTA 2 DEB,1997-035D,27490,DEB,D,US,1997-07-23,AFETR,2002-10-28,88.27,38.85,264,114,0.0158,,EA,IMP
USA 130 DEB,1997-008E,27680,DEB,,US,1997-02-23,AFETR,,,,,,,NEA,EA,ORB
DELTA 2 DEB,1997-067D,28217,DEB,D,US,1997-11-06,AFETR,2008-04-24,87.94,34.88,220,125,0.0195,,EA,IMP
SL-12 DEB,1997-070G,32022,DEB,D,CIS,1997-11-12,TYMSC,2010-11-25,99.52,46.41,1281,191,0.6422,,EA,IMP
SL-12 DEB,1997-070H,32023,DEB,D,CIS,1997-11-12,TYMSC,2010-12-15,91.54,46.17,490,211,0.5040,,EA,IMP
SL-12 DEB,1997-070J,32024,DEB,,CIS,1997-11-12,TYMSC,,127.53,46.99,3625,405,0.1094,,EA,ORB
IRIDIUM 33 DEB,1997-051J,33771,DEB,D,US,1997-09-14,TYMSC,2014-03-19,90.74,86.33,337,284,0.2268,,EA,IMP
IRIDIUM 33 DEB,1997-051K,33772,DEB,D,US,1997-09-14,TYMSC,2022-01-15,90.11,86.38,285,275,0.1340,,EA,IMP
IRIDIUM 33 DEB,1997-051L,33773,DEB,,US,1997-09-14,TYMSC,,99.74,86.40,755,737,0.4937,,EA,ORB
IRIDIUM 33 DEB,1997-051M,33774,DEB,D,US,1997-09-14,TYMSC,2013-08-01,90.16,86.36,316,248,0.4441,,EA,IMP
IRIDIUM 33 DEB,1997-051N,33775,DEB,,US,1997-09-14,TYMSC,,99.85,86.36,762,741,0.1480,,EA,ORB
IRIDIUM 33 DEB,1997-051P,33776,DEB,,US,1997-09-14,TYMSC,,100.10,86.41,775,751,0.5166,,EA,ORB
IRIDIUM 33 DEB,1997-051Q,33777,DEB,,US,1997-09-14,TYMSC,,98.82,86.38,708,696,0.5585,,EA,ORB
IRIDIUM 33 DEB,1997-051R,33778,DEB,D,US,1997-09-14,TYMSC,2011-11-14,92.87,86.13,437,393,0.0480,,EA,IMP
IRIDIUM 33 DEB,1997-051S,33849,DEB,D,US,1997-09-14,TYMSC,2023-06-20,91.52,86.07,374,324,0.0500,,EA,IMP
IRIDIUM 33 DEB,1997-051T,33850,DEB,,US,1997-09-14,TYMSC,,99.81,86.34,759,740,0.3580,,EA,ORB
IRIDIUM 33 DEB,1997-051U,33851,DEB,D,US,1997-09-14,TYMSC,2014-04-16,88.91,86.33,233,208,0.0350,,EA,IMP
IRIDIUM 33 DEB,1997-051V,33852,DEB,D,US,1997-09-14,TYMSC,2011-11-16,92.90,86.16,432,402,0.0531,,EA,IMP
IRIDIUM 33 DEB,1997-051W,33853,DEB,,US,1997-09-14,TYMSC,,102.86,86.00,1046,742,0.0330,,EA,ORB
IRIDIUM 33 DEB,1997-051X,33854,DEB,D,US,1997-09-14,TYMSC,2024-02-08,88.38,86.13,205,184,0.0700,,EA,IMP
IRIDIUM 33 DEB,1997-051Y,33855,DEB,D,US,1997-09-14,TYMSC,2022-04-01,91.16,86.15,348,315,0.0200,,EA,IMP
IRIDIUM 33 DEB,1997-051Z,33856,DEB,D,US,1997-09-14,TYMSC,2015-04-19,88.59,86.30,222,188,0.0600,,EA,IMP
IRIDIUM 33 DEB,1997-051AA,33857,DEB,D,US,1997-09-14,TYMSC,2013-01-04,90.61,86.41,316,292,0.1030,,EA,IMP
IRIDIUM 33 DEB,1997-051AB,33858,DEB,D,US,1997-09-14,TYMSC,2021-10-17,89.73,86.07,275,247,0.0830,,EA,IMP
IRIDIUM 33 DEB,1997-051AC,33859,DEB,D,US,1997-09-14,TYMSC,2025-11-28,90.58,86.30,305,301,0.0713,,EA,IMP
IRIDIUM 33 DEB,1997-051AD,33860,DEB,,US,1997-09-14,TYMSC,,97.91,86.38,665,652,0.0430,,EA,ORB
IRIDIUM 33 DEB,1997-051AE,33861,DEB,D,US,1997-09-14,TYMSC,2011-09-19,92.29,86.37,404,370,0.1720,,EA,IMP
IRIDIUM 33 DEB,1997-051AF,33862,DEB,,US,1997-09-14,TYMSC,,97.70,86.41,680,617,0.1407,,EA,ORB
IRIDIUM 33 DEB,1997-051AG,33863,DEB,D,US,1997-09-14,TYMSC,2010-09-22,91.84,86.40,390,339,0.0502,,EA,IMP
IRIDIUM 33 DEB,1997-051AH,33864,DEB,D,US,1997-09-14,TYMSC,2025-05-20,89.33,86.16,246,237,0.0480,,EA,IMP
IRIDIUM 33 DEB,1997-051AJ,33865,DEB,D,US,1997-09-14,TYMSC,2023-07-05,89.24,86.28,254,219,0.0360,,EA,IMP
IRIDIUM 33 DEB,1997-051AK,33866,DEB,,US,1997-09-14,TYMSC,,100.93,86.30,885,721,0.0850,,EA,ORB
IRIDIUM 33 DEB,1997-051AL,33867,DEB,D,US,1997-09-14,TYMSC,2025-12-24,88.58,86.37,210,198,0.1140,,EA,IMP
IRIDIUM 33 DEB,1997-051AM,33868,DEB,D,US,1997-09-14,TYMSC,2016-11-13,89.09,86.21,240,219,0.0290,,EA,IMP
IRIDIUM 33 DEB,1997-051AN,33869,DEB,D,US,1997-09-14,TYMSC,2024-03-24,90.44,86.21,301,292,0.0745,,EA,IMP
IRIDIUM 33 DEB,1997-051AP,33870,DEB,,US,1997-09-14,TYMSC,,99.52,86.38,751,719,0.0510,,EA,ORB
IRIDIUM 33 DEB,1997-051AQ,33871,DEB,D,US,1997-09-14,TYMSC,2010-06-13,90.33,86.22,317,265,0.0701,,EA,IMP
IRIDIUM 33 DEB,1997-051AR,33872,DEB,D,US,1997-09-14,TYMSC,2017-08-16,88.88,86.26,231,208,0.0380,,EA,IMP
IRIDIUM 33 DEB,1997-051AS,33873,DEB,D,US,1997-09-14,TYMSC,2024-08-31,88.64,86.31,217,197,0.1285,,EA,IMP
IRIDIUM 33 DEB,1997-051AT,33874,DEB,D,US,1997-09-14,TYMSC,2025-07-31,90.26,86.16,299,276,0.1027,,EA,IMP
IRIDIUM 33 DEB,1997-051AU,33875,DEB,D,US,1997-09-14,TYMSC,2024-03-27,88.33,86.35,204,180,0.1079,,EA,IMP
IRIDIUM 33 DEB,1997-051AV,33876,DEB,D,US,1997-09-14,TYMSC,2022-07-01,88.76,86.12,223,203,0.0683,,EA,IMP
IRIDIUM 33 DEB,1997-051AW,33877,DEB,D,US,1997-09-14,TYMSC,2013-10-18,89.69,86.19,263,256,0.0601,,EA,IMP
IRIDIUM 33 DEB,1997-051AX,33878,DEB,D,US,1997-09-14,TYMSC,2024-01-11,90.75,86.15,330,293,0.0420,,EA,IMP
IRIDIUM 33 DEB,1997-051AY,33879,DEB,D,US,1997-09-14,TYMSC,2023-03-06,90.25,86.30,302,271,0.0544,,EA,IMP
IRIDIUM 33 DEB,1997-051AZ,33880,DEB,D,US,1997-09-14,TYMSC,2011-12-07,90.34,86.34,300,282,0.0560,,EA,IMP
IRIDIUM 33 DEB,1997-051BA,33881,DEB,,US,1997-09-14,TYMSC,,98.42,86.39,721,645,0.0440,,EA,ORB
IRIDIUM 33 DEB,1997-051BB,33882,DEB,D,US,1997-09-14,TYMSC,2016-05-06,88.58,86.28,214,195,0.0290,,EA,IMP
IRIDIUM 33 DEB,1997-051BC,33883,DEB,D,US,1997-09-14,TYMSC,2015-10-30,88.70,86.20,237,184,0.1369,,EA,IMP
IRIDIUM 33 DEB,1997-051BD,33884,DEB,,US,1997-09-14,TYMSC,,97.03,86.36,627,607,0.0770,,EA,ORB
IRIDIUM 33 DEB,1997-051BE,33885,DEB,D,US,1997-09-14,TYMSC,2013-12-12,90.99,86.31,346,300,0.0780,,EA,IMP
IRIDIUM 33 DEB,1997-051BF,33886,DEB,,US,1997-09-14,TYMSC,,100.26,86.39,782,760,0.7850,,EA,ORB
IRIDIUM 33 DEB,1997-051BG,33887,DEB,,US,1997-09-14,TYMSC,,100.18,86.30,773,761,0.0620,,EA,ORB
IRIDIUM 33 DEB,1997-051BH,33888,DEB,D,US,1997-09-14,TYMSC,2024-09-19,90.05,86.26,292,262,0.0530,,EA,IMP
IRIDIUM 33 DEB,1997-051BJ,33949,DEB,D,US,1997-09-14,TYMSC,2013-04-09,90.13,86.33,304,257,0.0470,,EA,IMP
IRIDIUM 33 DEB,1997-051BK,33950,DEB,D,US,1997-09-14,TYMSC,2023-08-09,91.04,86.32,346,305,0.0270,,EA,IMP
IRIDIUM 33 DEB,1997-051BL,33951,DEB,D,US,1997-09-14,TYMSC,2017-01-30,89.65,86.35,268,246,0.0780,,EA,IMP
IRIDIUM 33 DEB,1997-051BM,33952,DEB,D,US,1997-09-14,TYMSC,2024-08-09,92.81,86.32,429,396,0.0094,,EA,IMP
IRIDIUM 33 DEB,1997-051BN,33953,DEB,,US,1997-09-14,TYMSC,,98.80,86.39,712,691,0.0242,,EA,ORB
IRIDIUM 33 DEB,1997-051BP,33954,DEB,D,US,1997-09-14,TYMSC,2023-06-23,92.32,86.33,395,381,0.0320,,EA,IMP
IRIDIUM 33 DEB,1997-051BQ,33955,DEB,D,US,1997-09-14,TYMSC,2022-12-22,91.25,86.29,352,319,0.0880,,EA,IMP
IRIDIUM 33 DEB,1997-051BR,33956,DEB,D,US,1997-09-14,TYMSC,2022-10-18,90.24,86.35,292,280,0.0480,,EA,IMP
IRIDIUM 33 DEB,1997-051BS,33957,DEB,D,US,1997-09-14,TYMSC,2014-02-14,88.53,86.22,210,194,0.0453,,EA,IMP
IRIDIUM 33 DEB,1997-051BT,33958,DEB,D,US,1997-09-14,TYMSC,2013-07-11,90.38,86.24,315,271,0.0750,,EA,IMP
IRIDIUM 33 DEB,1997-051BU,33959,DEB,D,US,1997-09-14,TYMSC,2025-01-16,89.12,86.33,241,221,0.0871,,EA,IMP
IRIDIUM 33 DEB,1997-051BV,33960,DEB,,US,1997-09-14,TYMSC,,96.28,86.26,582,579,0.0400,,EA,ORB
IRIDIUM 33 DEB,1997-051BW,33961,DEB,D,US,1997-09-14,TYMSC,2023-05-21,90.73,86.20,330,291,0.0310,,EA,IMP
IRIDIUM 33 DEB,1997-051BX,33962,DEB,D,US,1997-09-14,TYMSC,2023-08-27,89.72,86.28,276,245,0.0310,,EA,IMP
IRIDIUM 33 DEB,1997-051BY,33963,DEB,D,US,1997-09-14,TYMSC,2012-04-23,93.79,85.53,480,439,0.0225,,EA,IMP
IRIDIUM 33 DEB,1997-051BZ,33964,DEB,D,US,1997-09-14,TYMSC,2018-05-22,88.55,86.27,215,191,0.0097,,EA,IMP
IRIDIUM 33 DEB,1997-051CA,33965,DEB,D,US,1997-09-14,TYMSC,2025-01-14,89.17,86.30,246,221,0.0700,,EA,IMP
IRIDIUM 33 DEB,1997-051CB,33966,DEB,,US,1997-09-14,TYMSC,,99.27,86.39,731,717,0.0886,,EA,ORB
IRIDIUM 33 DEB,1997-051CC,33967,DEB,D,US,1997-09-14,TYMSC,2023-04-26,91.56,86.34,371,331,0.1010,,EA,IMP
IRIDIUM 33 DEB,1997-051CD,33968,DEB,D,US,1997-09-14,TYMSC,2011-10-08,92.58,86.38,430,372,0.0570,,EA,IMP
IRIDIUM 33 DEB,1997-051CE,34071,DEB,,US,1997-09-14,TYMSC,,99.27,86.34,729,719,0.3769,,EA,ORB
IRIDIUM 33 DEB,1997-051CF,34072,DEB,D,US,1997-09-14,TYMSC,2010-10-11,91.36,86.23,361,322,0.0470,,EA,IMP
IRIDIUM 33 DEB,1997-051CG,34073,DEB,D,US,1997-09-14,TYMSC,2015-09-02,89.25,86.33,253,222,0.0650,,EA,IMP
IRIDIUM 33 DEB,1997-051CH,34074,DEB,D,US,1997-09-14,TYMSC,2014-05-29,88.87,86.27,245,192,0.0510,,EA,IMP
IRIDIUM 33 DEB,1997-051CJ,34075,DEB,D,US,1997-09-14,TYMSC,2016-09-16,90.25,86.36,302,271,0.0360,,EA,IMP
IRIDIUM 33 DEB,1997-051CK,34076,DEB,D,US,1997-09-14,TYMSC,2023-01-21,88.53,86.28,214,190,0.0360,,EA,IMP
IRIDIUM 33 DEB,1997-051CL,34077,DEB,,US,1997-09-14,TYMSC,,98.04,86.38,671,660,0.0900,,EA,ORB
IRIDIUM 33 DEB,1997-051CM,34078,DEB,D,US,1997-09-14,TYMSC,2013-01-07,89.40,86.29,256,233,0.2675,,EA,IMP
IRIDIUM 33 DEB,1997-051CN,34079,DEB,,US,1997-09-14,TYMSC,,96.58,86.37,601,589,0.0430,,EA,ORB
IRIDIUM 33 DEB,1997-051CP,34080,DEB,D,US,1997-09-14,TYMSC,2010-09-29,88.33,86.23,225,159,0.1540,,EA,IMP
IRIDIUM 33 DEB,1997-051CQ,34081,DEB,D,US,1997-09-14,TYMSC,2021-01-13,88.77,86.27,221,206,0.0340,,EA,IMP
IRIDIUM 33 DEB,1997-051CR,34082,DEB,D,US,1997-09-14,TYMSC,2023-06-09,90.66,86.30,321,293,0.0534,,EA,IMP
IRIDIUM 33 DEB,1997-051CS,34083,DEB,D,US,1997-09-14,TYMSC,2011-04-03,92.02,86.52,380,368,0.0528,,EA,IMP
IRIDIUM 33 DEB,1997-051CT,34084,DEB,D,US,1997-09-14,TYMSC,2011-11-18,91.04,86.24,344,308,0.0190,,EA,IMP
IRIDIUM 33 DEB,1997-051CU,34085,DEB,D,US,1997-09-14,TYMSC,2010-01-12,89.88,86.12,284,253,0.0375,,EA,IMP
IRIDIUM 33 DEB,1997-051CV,34086,DEB,D,US,1997-09-14,TYMSC,2025-02-21,90.05,86.32,290,264,0.0176,,EA,IMP
IRIDIUM 33 DEB,1997-051CW,34087,DEB,D,US,1997-09-14,TYMSC,2012-10-20,92.09,86.27,388,366,0.0480,,EA,IMP
IRIDIUM 33 DEB,1997-051CX,34088,DEB,,US,1997-09-14,TYMSC,,95.50,86.37,545,540,0.1195,,EA,ORB
IRIDIUM 33 DEB,1997-051CY,34089,DEB,D,US,1997-09-14,TYMSC,2011-01-12,92.24,86.25,431,338,0.0455,,EA,IMP
IRIDIUM 33 DEB,1997-051CZ,34090,DEB,D,US,1997-09-14,TYMSC,2022-10-31,90.33,86.39,304,278,0.0178,,EA,IMP
IRIDIUM 33 DEB,1997-051DA,34091,DEB,,US,1997-09-14,TYMSC,,96.10,86.35,592,551,0.0370,,EA,ORB
IRIDIUM 33 DEB,1997-051DB,34092,DEB,D,US,1997-09-14,TYMSC,2009-05-16,94.17,86.20,575,382,0.0440,,EA,IMP
IRIDIUM 33 DEB,1997-051DC,34093,DEB,D,US,1997-09-14,TYMSC,2022-02-23,89.44,86.26,251,242,0.0088,,EA,IMP
IRIDIUM 33 DEB,1997-051DD,34094,DEB,D,US,1997-09-14,TYMSC,2011-12-11,91.62,86.37,364,344,0.0330,,EA,IMP
IRIDIUM 33 DEB,1997-051DE,34095,DEB,D,US,1997-09-14,TYMSC,2023-08-22,88.90,86.34,238,202,0.0580,,EA,IMP
IRIDIUM 33 DEB,1997-051DF,34096,DEB,D,US,1997-09-14,TYMSC,2009-09-28,91.52,86.19,370,329,0.0290,,EA,IMP
IRIDIUM 33 DEB,1997-051DG,34097,DEB,,US,1997-09-14,TYMSC,,100.26,86.19,826,715,0.0332,,EA,ORB
IRIDIUM 33 DEB,1997-051DH,34098,DEB,D,US,1997-09-14,TYMSC,2023-02-16,90.18,86.09,294,272,0.0584,,EA,IMP
IRIDIUM 33 DEB,1997-051DJ,34099,DEB,D,US,1997-09-14,TYMSC,2023-09-22,92.02,86.32,385,361,0.0270,,EA,IMP
IRIDIUM 33 DEB,1997-051DK,34100,DEB,D,US,1997-09-14,TYMSC,2015-08-13,90.24,86.19,300,272,0.0540,,EA,IMP
IRIDIUM 33 DEB,1997-051DL,34101,DEB,D,US,1997-09-14,TYMSC,2024-01-25,91.30,86.31,361,315,0.0260,,EA,IMP
IRIDIUM 33 DEB,1997-051DM,34102,DEB,D,US,1997-09-14,TYMSC,2025-01-27,90.32,86.29,301,279,0.0500,,EA,IMP
IRIDIUM 33 DEB,1997-051DN,34103,DEB,D,US,1997-09-14,TYMSC,2024-01-15,89.93,86.29,286,256,0.0710,,EA,IMP
IRIDIUM 33 DEB,1997-051DP,34104,DEB,D,US,1997-09-14,TYMSC,2023-09-12,88.83,86.31,225,207,0.0510,,EA,IMP
IRIDIUM 33 DEB,1997-051DQ,34105,DEB,D,US,1997-09-14,TYMSC,2022-01-21,88.72,86.30,225,198,0.0460,,EA,IMP
IRIDIUM 33 DEB,1997-051DR,34106,DEB,D,US,1997-09-14,TYMSC,2025-05-04,88.73,86.30,221,203,0.0570,,EA,IMP
IRIDIUM 33 DEB,1997-051DS,34107,DEB,D,US,1997-09-14,TYMSC,2025-01-25,88.69,86.36,222,197,0.0700,,EA,IMP
IRIDIUM 33 DEB,1997-051DT,34108,DEB,D,US,1997-09-14,TYMSC,2010-12-28,92.68,86.49,429,382,0.0620,,EA,IMP
IRIDIUM 33 DEB,1997-051DU,34109,DEB,D,US,1997-09-14,TYMSC,2012-07-07,91.38,86.28,361,323,0.0720,,EA,IMP
IRIDIUM 33 DEB,1997-051DV,34110,DEB,D,US,1997-09-14,TYMSC,2011-12-31,91.72,86.30,371,347,0.0655,,EA,IMP
IRIDIUM 33 DEB,1997-051DW,34143,DEB,D,US,1997-09-14,TYMSC,2023-11-23,90.92,86.33,333,306,0.0611,,EA,IMP
IRIDIUM 33 DEB,1997-051DX,34144,DEB,D,US,1997-09-14,TYMSC,2014-01-11,88.45,86.24,203,192,0.0350,,EA,IMP
IRIDIUM 33 DEB,1997-051DY,34145,DEB,,US,1997-09-14,TYMSC,,99.73,86.21,782,709,0.0141,,EA,ORB
IRIDIUM 33 DEB,1997-051DZ,34146,DEB,,US,1997-09-14,TYMSC,,99.28,86.28,745,704,0.0440,,EA,ORB
IRIDIUM 33 DEB,1997-051EA,34147,DEB,D,US,1997-09-14,TYMSC,2022-03-27,90.59,86.35,323,284,0.0266,,EA,IMP
IRIDIUM 33 DEB,1997-051EB,34148,DEB,D,US,1997-09-14,TYMSC,2020-12-11,88.36,86.34,201,186,0.0505,,EA,IMP
IRIDIUM 33 DEB,1997-051EC,34149,DEB,D,US,1997-09-14,TYMSC,2012-12-24,91.03,86.25,336,314,0.0179,,EA,IMP
IRIDIUM 33 DEB,1997-051ED,34150,DEB,D,US,1997-09-14,TYMSC,2023-03-29,90.54,86.33,313,289,0.0139,,EA,IMP
IRIDIUM 33 DEB,1997-051EE,34151,DEB,D,US,1997-09-14,TYMSC,2010-07-21,91.31,86.35,342,336,0.0946,,EA,IMP
IRIDIUM 33 DEB,1997-051EF,34152,DEB,D,US,1997-09-14,TYMSC,2013-12-19,89.80,86.24,274,255,0.0210,,EA,IMP
IRIDIUM 33 DEB,1997-051EG,34153,DEB,D,US,1997-09-14,TYMSC,2014-10-04,89.36,86.23,266,219,0.0220,,EA,IMP
IRIDIUM 33 DEB,1997-051EH,34154,DEB,D,US,1997-09-14,TYMSC,2009-04-28,92.85,86.37,511,317,0.1320,,EA,IMP
IRIDIUM 33 DEB,1997-051EJ,34155,DEB,D,US,1997-09-14,TYMSC,2023-03-21,90.21,86.43,292,278,0.0170,,EA,IMP
IRIDIUM 33 DEB,1997-051EK,34156,DEB,D,US,1997-09-14,TYMSC,2016-05-02,90.41,86.25,306,284,0.0460,,EA,IMP
IRIDIUM 33 DEB,1997-051EL,34157,DEB,D,US,1997-09-14,TYMSC,2016-01-19,90.06,86.33,291,265,0.0350,,EA,IMP
IRIDIUM 33 DEB,1997-051EM,34158,DEB,D,US,1997-09-14,TYMSC,2013-09-10,90.54,86.33,312,290,0.0270,,EA,IMP
IRIDIUM 33 DEB,1997-051EN,34159,DEB,,US,1997-09-14,TYMSC,,100.07,86.35,782,742,0.0541,,EA,ORB
IRIDIUM 33 DEB,1997-051EP,34160,DEB,D,US,1997-09-14,TYMSC,2023-06-24,90.56,86.38,319,285,0.0670,,EA,IMP
IRIDIUM 33 DEB,1997-051EQ,34161,DEB,D,US,1997-09-14,TYMSC,2009-05-09,89.85,85.96,277,257,0.0692,,EA,IMP
IRIDIUM 33 DEB,1997-051ER,34162,DEB,D,US,1997-09-14,TYMSC,2013-01-12,90.72,86.35,317,303,0.0480,,EA,IMP
SL-12 DEB,1997-070K,34200,DEB,D,CIS,1997-11-12,TYMSC,2010-11-04,97.43,46.57,1085,186,0.1089,,EA,IMP
SL-12 DEB,1997-070L,34201,DEB,D,CIS,1997-11-12,TYMSC,2013-09-07,201.88,46.41,9728,314,0.0796,,EA,IMP
SL-12 DEB,1997-070M,34202,DEB,,CIS,1997-11-12,TYMSC,,197.60,48.16,8543,1176,0.0622,,EA,ORB
IRIDIUM 33 DEB,1997-051ES,34350,DEB,,US,1997-09-14,TYMSC,,99.59,86.32,755,723,0.0640,,EA,ORB
IRIDIUM 33 DEB,1997-051ET,34351,DEB,D,US,1997-09-14,TYMSC,2024-01-26,88.93,86.35,231,212,0.0430,,EA,IMP
IRIDIUM 33 DEB,1997-051EU,34352,DEB,D,US,1997-09-14,TYMSC,2012-09-21,91.79,86.35,370,354,0.0390,,EA,IMP
IRIDIUM 33 DEB,1997-051EV,34353,DEB,D,US,1997-09-14,TYMSC,2013-04-30,90.72,86.21,323,296,0.0320,,EA,IMP
IRIDIUM 33 DEB,1997-051EW,34354,DEB,D,US,1997-09-14,TYMSC,2022-07-22,92.62,86.17,410,396,0.0057,,EA,IMP
IRIDIUM 33 DEB,1997-051EX,34355,DEB,D,US,1997-09-14,TYMSC,2010-11-18,92.43,86.21,409,378,0.0310,,EA,IMP
IRIDIUM 33 DEB,1997-051EY,34356,DEB,D,US,1997-09-14,TYMSC,2015-08-02,88.93,86.33,236,207,0.0340,,EA,IMP
IRIDIUM 33 DEB,1997-051EZ,34357,DEB,D,US,1997-09-14,TYMSC,2014-02-13,89.95,86.33,277,267,0.0450,,EA,IMP
IRIDIUM 33 DEB,1997-051FA,34358,DEB,D,US,1997-09-14,TYMSC,2024-10-24,90.75,86.20,319,304,0.0157,,EA,IMP
IRIDIUM 33 DEB,1997-051FB,34359,DEB,D,US,1997-09-14,TYMSC,2023-03-19,91.65,86.30,377,334,0.0082,,EA,IMP
IRIDIUM 33 DEB,1997-051FC,34360,DEB,D,US,1997-09-14,TYMSC,2015-11-09,88.99,86.30,231,218,0.0510,,EA,IMP
IRIDIUM 33 DEB,1997-051FD,34361,DEB,D,US,1997-09-14,TYMSC,2022-01-10,89.04,86.30,236,219,0.0350,,EA,IMP
IRIDIUM 33 DEB,1997-051FE,34362,DEB,D,US,1997-09-14,TYMSC,2014-03-10,89.54,86.27,271,233,0.0400,,EA,IMP
IRIDIUM 33 DEB,1997-051FF,34363,DEB,D,US,1997-09-14,TYMSC,2023-10-30,90.41,86.29,299,291,0.0400,,EA,IMP
IRIDIUM 33 DEB,1997-051FG,34364,DEB,D,US,1997-09-14,TYMSC,2015-04-20,90.48,86.32,317,278,0.0450,,EA,IMP
IRIDIUM 33 DEB,1997-051FH,34365,DEB,D,US,1997-09-14,TYMSC,2013-02-26,89.15,86.27,249,216,0.0398,,EA,IMP
IRIDIUM 33 DEB,1997-051FJ,34366,DEB,,US,1997-09-14,TYMSC,,98.89,86.37,719,691,0.0193,,EA,ORB
IRIDIUM 33 DEB,1997-051FK,34367,DEB,D,US,1997-09-14,TYMSC,2023-08-11,89.78,86.37,279,248,0.0500,,EA,IMP
IRIDIUM 33 DEB,1997-051FL,34368,DEB,D,US,1997-09-14,TYMSC,2023-04-04,90.90,86.30,331,307,0.0390,,EA,IMP
IRIDIUM 33 DEB,1997-051FM,34369,DEB,D,US,1997-09-14,TYMSC,2012-01-20,92.96,86.31,439,400,0.0650,,EA,IMP
IRIDIUM 33 DEB,1997-051FN,34370,DEB,D,US,1997-09-14,TYMSC,2012-04-28,91.88,86.29,374,359,0.0440,,EA,IMP
IRIDIUM 33 DEB,1997-051FP,34371,DEB,D,US,1997-09-14,TYMSC,2010-04-02,91.50,86.32,363,332,0.0320,,EA,IMP
IRIDIUM 33 DEB,1997-051FQ,34372,DEB,D,US,1997-09-14,TYMSC,2012-12-19,90.29,86.44,307,271,0.0144,,EA,IMP
IRIDIUM 33 DEB,1997-051FR,34373,DEB,D,US,1997-09-14,TYMSC,2015-06-29,88.61,86.32,217,194,0.0410,,EA,IMP
IRIDIUM 33 DEB,1997-051FS,34374,DEB,D,US,1997-09-14,TYMSC,2016-03-18,88.93,86.43,228,214,0.0190,,EA,IMP
IRIDIUM 33 DEB,1997-051FT,34375,DEB,,US,1997-09-14,TYMSC,,101.52,86.42,905,756,0.0119,,EA,ORB
IRIDIUM 33 DEB,1997-051FU,34376,DEB,,US,1997-09-14,TYMSC,,98.17,86.29,689,653,0.0202,,EA,ORB
IRIDIUM 33 DEB,1997-051FV,34377,DEB,D,US,1997-09-14,TYMSC,2010-10-22,91.79,86.29,374,351,0.0320,,EA,IMP
IRIDIUM 33 DEB,1997-051FW,34378,DEB,D,US,1997-09-14,TYMSC,2023-07-22,91.89,86.37,371,364,0.0410,,EA,IMP
IRIDIUM 33 DEB,1997-051FX,34379,DEB,D,US,1997-09-14,TYMSC,2012-05-03,90.77,86.20,331,294,0.0220,,EA,IMP
IRIDIUM 33 DEB,1997-051FY,34483,DEB,D,US,1997-09-14,TYMSC,2011-10-25,91.39,86.04,371,315,0.0135,,EA,IMP
IRIDIUM 33 DEB,1997-051FZ,34484,DEB,D,US,1997-09-14,TYMSC,2011-08-27,91.30,86.25,355,321,0.0141,,EA,IMP
IRIDIUM 33 DEB,1997-051GA,34485,DEB,D,US,1997-09-14,TYMSC,2012-10-17,91.27,86.23,347,327,0.0052,,EA,IMP
IRIDIUM 33 DEB,1997-051GB,34486,DEB,,US,1997-09-14,TYMSC,,95.28,86.38,533,531,0.0181,,EA,ORB
IRIDIUM 33 DEB,1997-051GC,34487,DEB,,US,1997-09-14,TYMSC,,99.75,86.34,769,724,0.0180,,EA,ORB
IRIDIUM 33 DEB,1997-051GD,34488,DEB,D,US,1997-09-14,TYMSC,2026-02-28,91.25,86.31,339,333,0.0161,,EA,IMP
IRIDIUM 33 DEB,1997-051GE,34489,DEB,D,US,1997-09-14,TYMSC,2024-06-09,90.33,86.34,311,271,0.0157,,EA,IMP
IRIDIUM 33 DEB,1997-051GF,34490,DEB,D,US,1997-09-14,TYMSC,2022-05-21,90.59,86.28,323,284,0.0410,,EA,IMP
IRIDIUM 33 DEB,1997-051GG,34491,DEB,D,US,1997-09-14,TYMSC,2015-05-22,90.89,86.31,338,298,0.0114,,EA,IMP
IRIDIUM 33 DEB,1997-051GH,34492,DEB,,US,1997-09-14,TYMSC,,100.71,86.47,920,664,0.0060,,EA,ORB
IRIDIUM 33 DEB,1997-051GJ,34493,DEB,D,US,1997-09-14,TYMSC,2023-04-27,93.21,86.23,438,426,0.0057,,EA,IMP
IRIDIUM 33 DEB,1997-051GK,34494,DEB,D,US,1997-09-14,TYMSC,2013-01-18,92.27,86.16,403,368,0.0122,,EA,IMP
IRIDIUM 33 DEB,1997-051GL,34495,DEB,D,US,1997-09-14,TYMSC,2012-12-11,90.35,86.44,304,280,0.0116,,EA,IMP
IRIDIUM 33 DEB,1997-051GM,34496,DEB,D,US,1997-09-14,TYMSC,2023-09-08,98.19,86.37,719,625,0.0167,,EA,IMP
IRIDIUM 33 DEB,1997-051GN,34497,DEB,,US,1997-09-14,TYMSC,,100.83,86.28,853,743,0.0148,,EA,ORB
IRIDIUM 33 DEB,1997-051GP,34498,DEB,D,US,1997-09-14,TYMSC,2011-11-25,97.62,86.53,692,598,0.0125,,EA,IMP
IRIDIUM 33 DEB,1997-051GQ,34499,DEB,D,US,1997-09-14,TYMSC,2015-01-02,88.95,86.31,233,212,0.0094,,EA,IMP
IRIDIUM 33 DEB,1997-051GR,34500,DEB,D,US,1997-09-14,TYMSC,2012-05-12,92.20,86.38,393,372,0.0290,,EA,IMP
IRIDIUM 33 DEB,1997-051GS,34501,DEB,D,US,1997-09-14,TYMSC,2010-02-04,91.96,86.28,380,361,0.0130,,EA,IMP
IRIDIUM 33 DEB,1997-051GT,34502,DEB,D,US,1997-09-14,TYMSC,2012-03-22,90.66,86.28,308,305,0.0368,,EA,IMP
IRIDIUM 33 DEB,1997-051GU,34503,DEB,D,US,1997-09-14,TYMSC,2025-03-31,89.82,86.27,278,254,0.0134,,EA,IMP
IRIDIUM 33 DEB,1997-051GV,34504,DEB,D,US,1997-09-14,TYMSC,2011-12-24,93.26,86.31,439,430,0.0530,,EA,IMP
IRIDIUM 33 DEB,1997-051GW,34505,DEB,D,US,1997-09-14,TYMSC,2015-02-02,89.24,86.35,254,220,0.0200,,EA,IMP
IRIDIUM 33 DEB,1997-051GX,34506,DEB,D,US,1997-09-14,TYMSC,2013-10-28,89.88,86.36,301,237,0.0320,,EA,IMP
IRIDIUM 33 DEB,1997-051GY,34507,DEB,D,US,1997-09-14,TYMSC,2014-01-21,90.40,86.33,299,289,0.0180,,EA,IMP
IRIDIUM 33 DEB,1997-051GZ,34508,DEB,,US,1997-09-14,TYMSC,,100.00,86.37,805,712,0.0520,,EA,ORB
IRIDIUM 33 DEB,1997-051HA,34509,DEB,D,US,1997-09-14,TYMSC,2011-06-20,91.02,86.34,353,296,0.0400,,EA,IMP
IRIDIUM 33 DEB,1997-051HB,34510,DEB,D,US,1997-09-14,TYMSC,2014-10-31,88.68,86.24,214,205,0.0300,,EA,IMP
IRIDIUM 33 DEB,1997-051HC,34511,DEB,D,US,1997-09-14,TYMSC,2024-10-08,90.90,86.35,336,301,0.0370,,EA,IMP
IRIDIUM 33 DEB,1997-051HD,34512,DEB,D,US,1997-09-14,TYMSC,2013-04-14,92.01,86.25,390,357,0.0150,,EA,IMP
IRIDIUM 33 DEB,1997-051HE,34513,DEB,D,US,1997-09-14,TYMSC,2009-04-20,93.55,86.72,511,386,0.0670,,EA,IMP
IRIDIUM 33 DEB,1997-051HF,34514,DEB,D,US,1997-09-14,TYMSC,2009-07-17,91.01,86.31,335,314,0.0333,,EA,IMP
IRIDIUM 33 DEB,1997-051HG,34515,DEB,D,US,1997-09-14,TYMSC,2015-12-26,88.92,86.22,237,206,0.0270,,EA,IMP
IRIDIUM 33 DEB,1997-051HH,34516,DEB,D,US,1997-09-14,TYMSC,2012-08-26,91.19,86.31,344,322,0.0184,,EA,IMP
IRIDIUM 33 DEB,1997-051HJ,34517,DEB,D,US,1997-09-14,TYMSC,2023-01-08,90.30,86.31,292,286,0.0473,,EA,IMP
IRIDIUM 33 DEB,1997-051HK,34518,DEB,D,US,1997-09-14,TYMSC,2022-10-27,91.16,86.38,345,317,0.0382,,EA,IMP
IRIDIUM 33 DEB,1997-051HL,34519,DEB,D,US,1997-09-14,TYMSC,2011-11-25,93.88,86.29,484,444,0.0360,,EA,IMP
IRIDIUM 33 DEB,1997-051HM,34520,DEB,D,US,1997-09-14,TYMSC,2022-07-01,89.88,86.32,285,252,0.0530,,EA,IMP
IRIDIUM 33 DEB,1997-051HN,34521,DEB,,US,1997-09-14,TYMSC,,98.21,86.38,677,669,0.0461,,EA,ORB
IRIDIUM 33 DEB,1997-051HP,34522,DEB,D,US,1997-09-14,TYMSC,2023-03-27,92.29,86.27,399,374,0.0370,,EA,IMP
IRIDIUM 33 DEB,1997-051HQ,34523,DEB,D,US,1997-09-14,TYMSC,2014-03-08,90.76,86.36,329,295,0.0450,,EA,IMP
IRIDIUM 33 DEB,1997-051HR,34524,DEB,D,US,1997-09-14,TYMSC,2024-08-21,94.12,86.31,491,461,0.0380,,EA,IMP
IRIDIUM 33 DEB,1997-051HS,34525,DEB,,US,1997-09-14,TYMSC,,99.76,86.37,750,744,0.0233,,EA,ORB
IRIDIUM 33 DEB,1997-051HT,34526,DEB,D,US,1997-09-14,TYMSC,2023-01-02,90.06,86.29,281,274,0.0340,,EA,IMP
IRIDIUM 33 DEB,1997-051HU,34527,DEB,D,US,1997-09-14,TYMSC,2013-05-04,90.22,86.33,301,269,0.0389,,EA,IMP
IRIDIUM 33 DEB,1997-051HV,34528,DEB,D,US,1997-09-14,TYMSC,2013-01-20,88.81,86.35,220,211,0.0200,,EA,IMP
IRIDIUM 33 DEB,1997-051HW,34529,DEB,,US,1997-09-14,TYMSC,,99.94,86.36,761,750,0.0440,,EA,ORB
IRIDIUM 33 DEB,1997-051HX,34530,DEB,D,US,1997-09-14,TYMSC,2014-10-27,90.61,86.42,314,295,0.0214,,EA,IMP
IRIDIUM 33 DEB,1997-051HY,34531,DEB,D,US,1997-09-14,TYMSC,2013-04-28,91.65,86.32,371,339,0.0410,,EA,IMP
IRIDIUM 33 DEB,1997-051HZ,34532,DEB,D,US,1997-09-14,TYMSC,2022-12-31,90.41,86.29,305,285,0.0260,,EA,IMP
IRIDIUM 33 DEB,1997-051JA,34533,DEB,D,US,1997-09-14,TYMSC,2012-11-16,90.87,86.16,331,303,0.0122,,EA,IMP
IRIDIUM 33 DEB,1997-051JB,34534,DEB,D,US,1997-09-14,TYMSC,2014-08-29,90.55,86.23,313,289,0.0155,,EA,IMP
IRIDIUM 33 DEB,1997-051JC,34535,DEB,D,US,1997-09-14,TYMSC,2023-01-27,90.57,86.28,316,289,0.0320,,EA,IMP
IRIDIUM 33 DEB,1997-051JD,34536,DEB,D,US,1997-09-14,TYMSC,2011-03-26,95.14,86.29,542,509,0.0270,,EA,IMP
IRIDIUM 33 DEB,1997-051JE,34537,DEB,D,US,1997-09-14,TYMSC,2014-04-28,89.82,86.30,277,254,0.0145,,EA,IMP
IRIDIUM 33 DEB,1997-051JF,34538,DEB,,US,1997-09-14,TYMSC,,99.73,86.27,770,722,0.0101,,EA,ORB
IRIDIUM 33 DEB,1997-051JG,34539,DEB,D,US,1997-09-14,TYMSC,2013-11-30,90.30,86.30,311,268,0.0108,,EA,IMP
IRIDIUM 33 DEB,1997-051JH,34540,DEB,,US,1997-09-14,TYMSC,,97.29,86.31,641,617,0.0116,,EA,ORB
IRIDIUM 33 DEB,1997-051JJ,34592,DEB,D,US,1997-09-14,TYMSC,2011-06-10,92.45,86.23,415,374,0.0027,,EA,IMP
IRIDIUM 33 DEB,1997-051JK,34593,DEB,D,US,1997-09-14,TYMSC,2018-10-25,90.67,86.32,319,295,0.0167,,EA,IMP
IRIDIUM 33 DEB,1997-051JL,34594,DEB,D,US,1997-09-14,TYMSC,2011-09-07,90.85,86.40,334,299,0.0370,,EA,IMP
IRIDIUM 33 DEB,1997-051JM,34595,DEB,D,US,1997-09-14,TYMSC,2012-06-14,92.20,86.29,414,350,0.0290,,EA,IMP
IRIDIUM 33 DEB,1997-051JN,34596,DEB,D,US,1997-09-14,TYMSC,2012-09-04,90.94,86.40,332,309,0.0155,,EA,IMP
IRIDIUM 33 DEB,1997-051JP,34597,DEB,D,US,1997-09-14,TYMSC,2014-08-06,90.07,86.33,303,253,0.0150,,EA,IMP
IRIDIUM 33 DEB,1997-051JQ,34598,DEB,D,US,1997-09-14,TYMSC,2011-10-30,95.74,86.65,582,527,0.0240,,EA,IMP
IRIDIUM 33 DEB,1997-051JR,34599,DEB,D,US,1997-09-14,TYMSC,2013-11-04,92.26,86.26,416,355,0.0134,,EA,IMP
IRIDIUM 33 DEB,1997-051JS,34600,DEB,D,US,1997-09-14,TYMSC,2012-09-03,91.41,86.33,356,331,0.0235,,EA,IMP
IRIDIUM 33 DEB,1997-051JT,34601,DEB,D,US,1997-09-14,TYMSC,2011-02-18,91.91,86.31,379,358,0.0580,,EA,IMP
IRIDIUM 33 DEB,1997-051JU,34643,DEB,D,US,1997-09-14,TYMSC,2024-07-19,88.51,86.31,212,190,0.0330,,EA,IMP
IRIDIUM 33 DEB,1997-051JV,34644,DEB,D,US,1997-09-14,TYMSC,2009-05-01,93.58,86.23,553,346,0.0724,,EA,IMP
IRIDIUM 33 DEB,1997-051JW,34645,DEB,D,US,1997-09-14,TYMSC,2015-03-19,89.39,86.25,257,231,0.0325,,EA,IMP
IRIDIUM 33 DEB,1997-051JX,34646,DEB,D,US,1997-09-14,TYMSC,2009-06-04,92.94,86.26,445,392,0.0613,,EA,IMP
IRIDIUM 33 DEB,1997-051JY,34647,DEB,D,US,1997-09-14,TYMSC,2009-04-21,91.59,86.80,425,281,0.0584,,EA,IMP
IRIDIUM 33 DEB,1997-051JZ,34648,DEB,,US,1997-09-14,TYMSC,,101.76,86.40,960,724,0.0147,,EA,ORB
IRIDIUM 33 DEB,1997-051KA,34649,DEB,D,US,1997-09-14,TYMSC,2011-05-10,92.05,86.33,392,358,0.0112,,EA,IMP
IRIDIUM 33 DEB,1997-051KB,34650,DEB,D,US,1997-09-14,TYMSC,2013-05-30,90.87,86.19,337,297,0.0036,,EA,IMP
IRIDIUM 33 DEB,1997-051KC,34651,DEB,,US,1997-09-14,TYMSC,,100.77,86.28,891,699,0.0075,,EA,ORB
IRIDIUM 33 DEB,1997-051KD,34652,DEB,,US,1997-09-14,TYMSC,,98.36,86.33,700,660,0.0148,,EA,ORB
IRIDIUM 33 DEB,1997-051KE,34653,DEB,D,US,1997-09-14,TYMSC,2014-07-20,91.98,86.29,391,352,0.0020,,EA,IMP
IRIDIUM 33 DEB,1997-051KF,34654,DEB,D,US,1997-09-14,TYMSC,2014-06-26,89.93,86.37,280,262,0.0240,,EA,IMP
IRIDIUM 33 DEB,1997-051KG,34655,DEB,D,US,1997-09-14,TYMSC,2012-01-07,94.54,86.39,513,480,0.0280,,EA,IMP
IRIDIUM 33 DEB,1997-051KH,34656,DEB,D,US,1997-09-14,TYMSC,2012-02-03,89.68,86.29,293,225,0.0280,,EA,IMP
IRIDIUM 33 DEB,1997-051KJ,34657,DEB,D,US,1997-09-14,TYMSC,2017-12-24,91.67,86.26,362,351,0.0156,,EA,IMP
IRIDIUM 33 DEB,1997-051KK,34658,DEB,D,US,1997-09-14,TYMSC,2014-01-30,90.61,86.29,315,293,0.0116,,EA,IMP
IRIDIUM 33 DEB,1997-051KL,34659,DEB,D,US,1997-09-14,TYMSC,2012-05-19,93.01,86.29,431,414,0.0290,,EA,IMP
IRIDIUM 33 DEB,1997-051KM,34690,DEB,,US,1997-09-14,TYMSC,,98.88,86.38,710,700,0.0109,,EA,ORB
IRIDIUM 33 DEB,1997-051KN,34691,DEB,D,US,1997-09-14,TYMSC,2009-04-14,92.92,86.57,471,364,0.0790,,EA,IMP
IRIDIUM 33 DEB,1997-051KP,34692,DEB,D,US,1997-09-14,TYMSC,2011-10-01,94.16,86.17,497,459,0.0176,,EA,IMP
IRIDIUM 33 DEB,1997-051KQ,34693,DEB,D,US,1997-09-14,TYMSC,2026-03-02,89.65,86.27,262,252,0.0173,,EA,IMP
IRIDIUM 33 DEB,1997-051KR,34694,DEB,D,US,1997-09-14,TYMSC,2014-12-30,89.30,86.32,262,218,0.0240,,EA,IMP
IRIDIUM 33 DEB,1997-051KS,34695,DEB,D,US,1997-09-14,TYMSC,2009-04-18,91.87,86.25,406,326,0.0028,,EA,IMP
IRIDIUM 33 DEB,1997-051KT,34696,DEB,,US,1997-09-14,TYMSC,,97.23,86.18,662,591,0.0136,,EA,ORB
IRIDIUM 33 DEB,1997-051KU,34697,DEB,D,US,1997-09-14,TYMSC,2015-01-11,91.18,86.43,359,306,0.0068,,EA,IMP
IRIDIUM 33 DEB,1997-051KV,34698,DEB,D,US,1997-09-14,TYMSC,2016-07-18,89.22,86.27,250,222,0.0081,,EA,IMP
IRIDIUM 33 DEB,1997-051KW,34699,DEB,D,US,1997-09-14,TYMSC,2010-03-20,91.21,86.11,354,314,0.0137,,EA,IMP
IRIDIUM 33 DEB,1997-051KX,34700,DEB,D,US,1997-09-14,TYMSC,2014-11-19,91.33,86.34,360,320,0.0145,,EA,IMP
IRIDIUM 33 DEB,1997-051KY,34701,DEB,D,US,1997-09-14,TYMSC,2014-03-26,89.83,86.29,286,246,0.0163,,EA,IMP
IRIDIUM 33 DEB,1997-051KZ,34702,DEB,D,US,1997-09-14,TYMSC,2025-06-19,90.28,86.26,296,280,0.0110,,EA,IMP
IRIDIUM 33 DEB,1997-051LA,34703,DEB,D,US,1997-09-14,TYMSC,2014-04-06,90.68,86.29,333,283,0.0073,,EA,IMP
IRIDIUM 33 DEB,1997-051LB,34704,DEB,D,US,1997-09-14,TYMSC,2014-05-14,89.91,86.35,289,252,0.0163,,EA,IMP
IRIDIUM 33 DEB,1997-051LC,34705,DEB,D,US,1997-09-14,TYMSC,2023-01-12,93.56,86.43,472,426,0.0028,,EA,IMP
IRIDIUM 33 DEB,1997-051LD,34706,DEB,D,US,1997-09-14,TYMSC,2022-09-11,91.48,86.34,356,338,0.0048,,EA,IMP
IRIDIUM 33 DEB,1997-051LE,34707,DEB,D,US,1997-09-14,TYMSC,2011-04-29,92.16,86.62,383,378,0.0180,,EA,IMP
IRIDIUM 33 DEB,1997-051LF,34708,DEB,D,US,1997-09-14,TYMSC,2009-04-17,92.41,86.75,469,316,0.0147,,EA,IMP
IRIDIUM 33 DEB,1997-051LG,34709,DEB,D,US,1997-09-14,TYMSC,2017-12-12,89.39,86.28,256,233,0.0139,,EA,IMP
IRIDIUM 33 DEB,1997-051LH,34764,DEB,D,US,1997-09-14,TYMSC,2022-08-13,91.74,86.32,368,352,0.0170,,EA,IMP
IRIDIUM 33 DEB,1997-051LJ,34765,DEB,,US,1997-09-14,TYMSC,,99.93,86.34,768,742,0.0166,,EA,ORB
IRIDIUM 33 DEB,1997-051LK,34766,DEB,D,US,1997-09-14,TYMSC,2009-05-19,92.18,86.19,453,310,0.0753,,EA,IMP
IRIDIUM 33 DEB,1997-051LL,34767,DEB,D,US,1997-09-14,TYMSC,2014-02-01,90.91,86.36,326,313,0.0112,,EA,IMP
IRIDIUM 33 DEB,1997-051LM,34768,DEB,D,US,1997-09-14,TYMSC,2011-12-12,94.19,85.99,504,455,0.0440,,EA,IMP
IRIDIUM 33 DEB,1997-051LN,34769,DEB,D,US,1997-09-14,TYMSC,2012-04-11,92.41,85.89,434,352,0.0190,,EA,IMP
IRIDIUM 33 DEB,1997-051LP,34770,DEB,D,US,1997-09-14,TYMSC,2009-04-15,91.66,86.34,424,287,0.0392,,EA,IMP
IRIDIUM 33 DEB,1997-051LQ,34771,DEB,D,US,1997-09-14,TYMSC,2013-03-16,92.27,86.30,410,361,0.0057,,EA,IMP
IRIDIUM 33 DEB,1997-051LR,34772,DEB,D,US,1997-09-14,TYMSC,2014-10-01,90.77,86.35,318,306,0.0071,,EA,IMP
IRIDIUM 33 DEB,1997-051LS,34773,DEB,D,US,1997-09-14,TYMSC,2024-09-21,92.43,86.36,414,373,0.0089,,EA,IMP
IRIDIUM 33 DEB,1997-051LT,34774,DEB,D,US,1997-09-14,TYMSC,2024-06-16,88.65,86.41,221,195,0.0196,,EA,IMP
IRIDIUM 33 DEB,1997-051LU,34775,DEB,D,US,1997-09-14,TYMSC,2025-11-24,90.15,86.30,290,274,0.0057,,EA,IMP
IRIDIUM 33 DEB,1997-051LV,34776,DEB,D,US,1997-09-14,TYMSC,2014-12-01,90.27,86.31,307,269,0.0150,,EA,IMP
IRIDIUM 33 DEB,1997-051LW,34777,DEB,D,US,1997-09-14,TYMSC,2010-08-17,91.55,86.39,368,333,0.0039,,EA,IMP
IRIDIUM 33 DEB,1997-051LX,34778,DEB,D,US,1997-09-14,TYMSC,2009-04-22,91.48,86.34,388,307,0.0542,,EA,IMP
IRIDIUM 33 DEB,1997-051LY,34824,DEB,D,US,1997-09-14,TYMSC,2009-07-01,91.31,86.09,352,325,0.0214,,EA,IMP
IRIDIUM 33 DEB,1997-051LZ,34825,DEB,D,US,1997-09-14,TYMSC,2024-08-17,93.84,86.34,472,452,0.0044,,EA,IMP
IRIDIUM 33 DEB,1997-051MA,34826,DEB,D,US,1997-09-14,TYMSC,2011-05-14,90.11,86.15,300,259,0.0015,,EA,IMP
IRIDIUM 33 DEB,1997-051MB,34827,DEB,D,US,1997-09-14,TYMSC,2022-10-12,91.68,86.35,364,350,0.0101,,EA,IMP
IRIDIUM 33 DEB,1997-051MC,34828,DEB,D,US,1997-09-14,TYMSC,2014-02-27,92.64,86.16,431,376,0.0015,,EA,IMP
IRIDIUM 33 DEB,1997-051MD,34829,DEB,D,US,1997-09-14,TYMSC,2012-10-23,92.25,86.46,415,355,0.0156,,EA,IMP
IRIDIUM 33 DEB,1997-051ME,34830,DEB,D,US,1997-09-14,TYMSC,2010-06-08,92.54,85.98,410,388,0.0048,,EA,IMP
IRIDIUM 33 DEB,1997-051MF,34831,DEB,D,US,1997-09-14,TYMSC,2013-06-27,91.61,86.29,381,327,0.0128,,EA,IMP
IRIDIUM 33 DEB,1997-051MG,34832,DEB,D,US,1997-09-14,TYMSC,2014-08-22,90.46,86.36,316,279,0.0190,,EA,IMP
IRIDIUM 33 DEB,1997-051MH,34833,DEB,,US,1997-09-14,TYMSC,,99.05,86.39,726,701,0.0079,,EA,ORB
IRIDIUM 33 DEB,1997-051MJ,34834,DEB,D,US,1997-09-14,TYMSC,2011-12-14,94.49,86.27,505,482,0.0146,,EA,IMP
IRIDIUM 33 DEB,1997-051MK,34835,DEB,D,US,1997-09-14,TYMSC,2013-10-21,92.08,86.38,385,368,0.0113,,EA,IMP
IRIDIUM 33 DEB,1997-051ML,34866,DEB,D,US,1997-09-14,TYMSC,2015-01-16,94.28,86.32,499,469,0.0093,,EA,IMP
IRIDIUM 33 DEB,1997-051MM,34867,DEB,D,US,1997-09-14,TYMSC,2013-12-18,90.38,86.16,300,285,0.0009,,EA,IMP
IRIDIUM 33 DEB,1997-051MN,34868,DEB,D,US,1997-09-14,TYMSC,2023-10-27,91.43,86.48,369,320,0.0139,,EA,IMP
IRIDIUM 33 DEB,1997-051MP,34869,DEB,D,US,1997-09-14,TYMSC,2024-04-30,92.55,86.43,403,396,0.0128,,EA,IMP
IRIDIUM 33 DEB,1997-051MQ,34870,DEB,,US,1997-09-14,TYMSC,,97.24,86.31,640,613,0.0167,,EA,ORB
IRIDIUM 33 DEB,1997-051MR,34889,DEB,D,US,1997-09-14,TYMSC,2023-08-03,90.03,86.31,295,257,0.0070,,EA,IMP
IRIDIUM 33 DEB,1997-051MS,34890,DEB,D,US,1997-09-14,TYMSC,2023-10-06,90.92,86.24,327,312,0.0145,,EA,IMP
IRIDIUM 33 DEB,1997-051MT,34891,DEB,D,US,1997-09-14,TYMSC,2013-09-22,91.71,86.11,369,348,0.0010,,EA,IMP
IRIDIUM 33 DEB,1997-051MU,34892,DEB,D,US,1997-09-14,TYMSC,2013-02-22,90.79,86.28,324,303,0.0034,,EA,IMP
IRIDIUM 33 DEB,1997-051MV,34893,DEB,D,US,1997-09-14,TYMSC,2018-09-03,89.82,86.10,277,254,0.0167,,EA,IMP
IRIDIUM 33 DEB,1997-051MW,34894,DEB,D,US,1997-09-14,TYMSC,2013-07-06,91.26,86.29,360,313,0.0138,,EA,IMP
IRIDIUM 33 DEB,1997-051MX,34895,DEB,D,US,1997-09-14,TYMSC,2017-05-01,92.22,86.37,388,379,0.0149,,EA,IMP
IRIDIUM 33 DEB,1997-051MY,34896,DEB,,US,1997-09-14,TYMSC,,98.06,86.33,686,646,0.0005,,EA,ORB
IRIDIUM 33 DEB,1997-051MZ,34897,DEB,D,US,1997-09-14,TYMSC,2017-08-20,92.10,86.42,393,362,0.0137,,EA,IMP
IRIDIUM 33 DEB,1997-051NA,34898,DEB,D,US,1997-09-14,TYMSC,2024-06-09,93.54,86.31,450,446,0.0067,,EA,IMP
IRIDIUM 33 DEB,1997-051NB,34899,DEB,D,US,1997-09-14,TYMSC,2022-06-27,90.81,86.36,332,297,0.0128,,EA,IMP
IRIDIUM 33 DEB,1997-051NC,34900,DEB,D,US,1997-09-14,TYMSC,2013-06-03,91.18,86.38,352,314,0.0148,,EA,IMP
IRIDIUM 33 DEB,1997-051ND,34901,DEB,D,US,1997-09-14,TYMSC,2013-07-24,91.35,86.33,365,317,0.0099,,EA,IMP
IRIDIUM 33 DEB,1997-051NE,34902,DEB,D,US,1997-09-14,TYMSC,2012-09-21,91.85,86.27,379,351,0.0069,,EA,IMP
IRIDIUM 33 DEB,1997-051NF,34926,DEB,,US,1997-09-14,TYMSC,,98.41,86.13,733,632,0.0127,,EA,ORB
IRIDIUM 33 DEB,1997-051NG,34927,DEB,D,US,1997-09-14,TYMSC,2013-10-18,91.85,86.30,382,348,0.0042,,EA,IMP
IRIDIUM 33 DEB,1997-051NH,34928,DEB,D,US,1997-09-14,TYMSC,2025-11-19,91.27,86.35,339,335,0.0079,,EA,IMP
IRIDIUM 33 DEB,1997-051NJ,34929,DEB,D,US,1997-09-14,TYMSC,2013-06-07,92.03,86.40,389,359,0.0150,,EA,IMP
IRIDIUM 33 DEB,1997-051NK,34930,DEB,D,US,1997-09-14,TYMSC,2012-05-26,93.58,86.36,458,442,0.0112,,EA,IMP
IRIDIUM 33 DEB,1997-051NL,34931,DEB,D,US,1997-09-14,TYMSC,2016-09-17,89.97,86.29,286,261,0.0057,,EA,IMP
IRIDIUM 33 DEB,1997-051NM,34932,DEB,D,US,1997-09-14,TYMSC,2009-05-18,92.81,85.75,494,330,0.0065,,EA,IMP
IRIDIUM 33 DEB,1997-051NN,34982,DEB,D,US,1997-09-14,TYMSC,2015-05-15,91.33,86.35,352,328,0.0093,,EA,IMP
IRIDIUM 33 DEB,1997-051NP,34983,DEB,D,US,1997-09-14,TYMSC,2023-01-19,93.01,86.32,429,414,0.0141,,EA,IMP
IRIDIUM 33 DEB,1997-051NQ,34984,DEB,D,US,1997-09-14,TYMSC,2012-01-24,91.28,86.33,363,311,0.0074,,EA,IMP
IRIDIUM 33 DEB,1997-051NR,34985,DEB,,US,1997-09-14,TYMSC,,99.79,86.37,765,732,0.0132,,EA,ORB
IRIDIUM 33 DEB,1997-051NS,34986,DEB,D,US,1997-09-14,TYMSC,2024-04-28,93.23,86.35,448,418,0.0061,,EA,IMP
IRIDIUM 33 DEB,1997-051NT,34987,DEB,D,US,1997-09-14,TYMSC,2023-04-25,92.16,86.30,383,378,0.0320,,EA,IMP
IRIDIUM 33 DEB,1997-051NU,35048,DEB,D,US,1997-09-14,TYMSC,2015-10-21,91.53,86.32,353,346,0.0029,,EA,IMP
IRIDIUM 33 DEB,1997-051NV,35049,DEB,D,US,1997-09-14,TYMSC,2024-04-30,90.60,86.35,321,287,0.0116,,EA,IMP
IRIDIUM 33 DEB,1997-051NW,35050,DEB,D,US,1997-09-14,TYMSC,2022-11-11,93.14,86.26,442,414,0.0115,,EA,IMP
IRIDIUM 33 DEB,1997-051NX,35051,DEB,,US,1997-09-14,TYMSC,,99.40,86.32,735,725,0.0176,,EA,ORB
IRIDIUM 33 DEB,1997-051NY,35052,DEB,,US,1997-09-14,TYMSC,,100.09,86.33,770,755,0.0011,,EA,ORB
IRIDIUM 33 DEB,1997-051NZ,35053,DEB,D,US,1997-09-14,TYMSC,2013-06-24,93.50,86.54,500,392,0.0093,,EA,IMP
IRIDIUM 33 DEB,1997-051PA,35054,DEB,D,US,1997-09-14,TYMSC,2022-10-13,93.12,86.31,435,420,0.0109,,EA,IMP
IRIDIUM 33 DEB,1997-051PB,35055,DEB,D,US,1997-09-14,TYMSC,2013-04-30,91.95,86.26,388,352,0.0031,,EA,IMP
IRIDIUM 33 DEB,1997-051PC,35077,DEB,D,US,1997-09-14,TYMSC,2021-10-02,92.10,86.24,385,369,0.0093,,EA,IMP
IRIDIUM 33 DEB,1997-051PD,35078,DEB,D,US,1997-09-14,TYMSC,2018-09-29,93.58,86.35,453,447,0.0078,,EA,IMP
IRIDIUM 33 DEB,1997-051PE,35079,DEB,D,US,1997-09-14,TYMSC,2025-03-12,90.85,86.26,323,309,0.0119,,EA,IMP
IRIDIUM 33 DEB,1997-051PF,35080,DEB,D,US,1997-09-14,TYMSC,2026-07-10,92.59,86.20,411,391,0.0024,,EA,IMP
IRIDIUM 33 DEB,1997-051PG,35081,DEB,D,US,1997-09-14,TYMSC,2013-12-05,94.40,86.42,527,452,0.0020,,EA,IMP
IRIDIUM 33 DEB,1997-051PH,35293,DEB,D,US,1997-09-14,TYMSC,2022-01-11,89.81,86.30,276,255,0.0164,,EA,IMP
IRIDIUM 33 DEB,1997-051PJ,35294,DEB,D,US,1997-09-14,TYMSC,2024-06-13,92.30,86.25,398,377,0.0008,,EA,IMP
IRIDIUM 33 DEB,1997-051PK,35295,DEB,D,US,1997-09-14,TYMSC,2014-03-09,90.84,86.28,340,291,0.0199,,EA,IMP
IRIDIUM 33 DEB,1997-051PL,35296,DEB,D,US,1997-09-14,TYMSC,2025-02-21,92.70,86.29,414,400,0.0101,,EA,IMP
IRIDIUM 33 DEB,1997-051PM,35297,DEB,,US,1997-09-14,TYMSC,,99.58,86.39,750,726,0.0191,,EA,ORB
IRIDIUM 33 DEB,1997-051PN,35298,DEB,D,US,1997-09-14,TYMSC,2013-04-07,92.73,85.95,426,391,0.0151,,EA,IMP
IRIDIUM 33 DEB,1997-051PP,35299,DEB,,US,1997-09-14,TYMSC,,99.81,86.29,787,712,0.0025,,EA,ORB
IRIDIUM 33 DEB,1997-051PQ,35300,DEB,D,US,1997-09-14,TYMSC,2012-03-12,92.21,86.28,401,364,0.0047,,EA,IMP
IRIDIUM 33 DEB,1997-051PR,35301,DEB,D,US,1997-09-14,TYMSC,2011-03-28,90.77,86.52,322,302,0.0039,,EA,IMP
IRIDIUM 33 DEB,1997-051PS,35302,DEB,,US,1997-09-14,TYMSC,,101.14,86.28,854,771,0.0055,,EA,ORB
IRIDIUM 33 DEB,1997-051PT,35303,DEB,D,US,1997-09-14,TYMSC,2014-01-28,95.13,86.44,527,523,0.0124,,EA,IMP
IRIDIUM 33 DEB,1997-051PU,35304,DEB,D,US,1997-09-14,TYMSC,2023-06-19,102.43,86.36,979,769,0.0064,,EA,IMP
IRIDIUM 33 DEB,1997-051PV,35305,DEB,D,US,1997-09-14,TYMSC,2011-04-02,91.33,86.51,350,329,0.0031,,EA,IMP
IRIDIUM 33 DEB,1997-051PW,35306,DEB,D,US,1997-09-14,TYMSC,2014-10-09,93.93,86.23,486,448,0.0104,,EA,IMP
IRIDIUM 33 DEB,1997-051PX,35477,DEB,D,US,1997-09-14,TYMSC,2023-09-29,98.96,86.36,771,647,0.0086,,EA,IMP
IRIDIUM 33 DEB,1997-051PY,35478,DEB,D,US,1997-09-14,TYMSC,2022-06-03,95.47,86.42,567,515,0.0077,,EA,IMP
IRIDIUM 33 DEB,1997-051PZ,35479,DEB,D,US,1997-09-14,TYMSC,2025-01-03,98.00,86.39,691,635,0.0069,,EA,IMP
IRIDIUM 33 DEB,1997-051QA,35480,DEB,,US,1997-09-14,TYMSC,,99.25,86.35,732,714,0.0139,,EA,ORB
IRIDIUM 33 DEB,1997-051QB,35481,DEB,D,US,1997-09-14,TYMSC,2013-03-22,96.14,86.41,599,549,0.0081,,EA,IMP
IRIDIUM 33 DEB,1997-051QC,35482,DEB,D,US,1997-09-14,TYMSC,2012-09-27,90.94,86.52,340,302,0.0085,,EA,IMP
IRIDIUM 33 DEB,1997-051QD,35483,DEB,D,US,1997-09-14,TYMSC,2023-10-11,94.10,86.43,490,460,0.0102,,EA,IMP
IRIDIUM 33 DEB,1997-051QE,35484,DEB,,US,1997-09-14,TYMSC,,94.68,86.34,508,498,0.0080,,EA,ORB
IRIDIUM 33 DEB,1997-051QF,35485,DEB,D,US,1997-09-14,TYMSC,2012-08-09,93.04,86.20,432,415,0.0006,,EA,IMP
IRIDIUM 33 DEB,1997-051QG,35486,DEB,D,US,1997-09-14,TYMSC,2014-11-23,91.59,86.38,370,335,0.0030,,EA,IMP
IRIDIUM 33 DEB,1997-051QH,35487,DEB,D,US,1997-09-14,TYMSC,2023-04-05,93.83,86.32,478,446,0.0020,,EA,IMP
IRIDIUM 33 DEB,1997-051QJ,35488,DEB,,US,1997-09-14,TYMSC,,96.77,86.33,619,589,0.0124,,EA,ORB
IRIDIUM 33 DEB,1997-051QK,35489,DEB,D,US,1997-09-14,TYMSC,2015-02-26,91.63,86.37,360,349,0.0091,,EA,IMP
IRIDIUM 33 DEB,1997-051QL,35490,DEB,D,US,1997-09-14,TYMSC,2010-06-19,92.46,86.26,420,370,0.0066,,EA,IMP
IRIDIUM 33 DEB,1997-051QM,35615,DEB,D,US,1997-09-14,TYMSC,2019-02-21,90.43,86.34,299,293,0.0058,,EA,IMP
IRIDIUM 33 DEB,1997-051QN,35616,DEB,,US,1997-09-14,TYMSC,,96.76,86.35,610,597,0.0116,,EA,ORB
IRIDIUM 33 DEB,1997-051QP,35617,DEB,D,US,1997-09-14,TYMSC,2021-11-22,92.95,86.44,433,405,0.0128,,EA,IMP
IRIDIUM 33 DEB,1997-051QQ,35618,DEB,,US,1997-09-14,TYMSC,,99.09,86.33,734,697,0.0123,,EA,ORB
IRIDIUM 33 DEB,1997-051QR,35619,DEB,D,US,1997-09-14,TYMSC,2015-04-17,95.27,86.29,540,524,0.0175,,EA,IMP
IRIDIUM 33 DEB,1997-051QS,35620,DEB,,US,1997-09-14,TYMSC,,99.81,86.38,841,658,0.0076,,EA,ORB
IRIDIUM 33 DEB,1997-051QT,35621,DEB,D,US,1997-09-14,TYMSC,2015-04-03,94.82,86.25,522,498,0.0132,,EA,IMP
IRIDIUM 33 DEB,1997-051QU,35622,DEB,,US,1997-09-14,TYMSC,,93.17,86.18,437,422,0.0091,,EA,ORB
IRIDIUM 33 DEB,1997-051QV,35623,DEB,D,US,1997-09-14,TYMSC,2016-06-23,92.89,86.42,428,404,0.0152,,EA,IMP
IRIDIUM 33 DEB,1997-051QW,35624,DEB,D,US,1997-09-14,TYMSC,2022-11-16,94.18,86.33,490,468,0.0077,,EA,IMP
IRIDIUM 33 DEB,1997-051QX,35625,DEB,,US,1997-09-14,TYMSC,,100.55,86.19,860,709,0.0162,,EA,ORB
IRIDIUM 33 DEB,1997-051QY,35626,DEB,D,US,1997-09-14,TYMSC,2014-02-24,92.73,86.15,430,386,0.0119,,EA,IMP
IRIDIUM 33 DEB,1997-051QZ,35627,DEB,D,US,1997-09-14,TYMSC,2023-11-11,93.17,86.33,442,418,0.0143,,EA,IMP
IRIDIUM 33 DEB,1997-051RA,35628,DEB,,US,1997-09-14,TYMSC,,97.89,86.35,666,650,0.0200,,EA,ORB
IRIDIUM 33 DEB,1997-051RB,35629,DEB,D,US,1997-09-14,TYMSC,2022-09-27,92.03,86.38,399,349,0.0105,,EA,IMP
IRIDIUM 33 DEB,1997-051RC,35630,DEB,D,US,1997-09-14,TYMSC,2013-02-08,91.08,86.33,345,310,0.0158,,EA,IMP
IRIDIUM 33 DEB,1997-051RD,35631,DEB,,US,1997-09-14,TYMSC,,99.46,86.36,745,721,0.0077,,EA,ORB
IRIDIUM 33 DEB,1997-051RE,35632,DEB,D,US,1997-09-14,TYMSC,2025-05-15,94.36,86.37,514,461,0.0095,,EA,IMP
IRIDIUM 33 DEB,1997-051RF,35677,DEB,D,US,1997-09-14,TYMSC,2011-10-24,94.90,86.07,549,479,0.0006,,EA,IMP
IRIDIUM 33 DEB,1997-051RG,35678,DEB,D,US,1997-09-14,TYMSC,2022-11-09,90.06,86.30,292,262,0.0146,,EA,IMP
IRIDIUM 33 DEB,1997-051RH,35679,DEB,D,US,1997-09-14,TYMSC,2021-04-10,92.29,86.29,391,383,0.0111,,EA,IMP
IRIDIUM 33 DEB,1997-051RJ,35680,DEB,,US,1997-09-14,TYMSC,,101.17,86.10,919,710,0.0101,,EA,ORB
IRIDIUM 33 DEB,1997-051RK,35732,DEB,D,US,1997-09-14,TYMSC,2023-12-28,93.51,86.18,459,433,0.0111,,EA,IMP
IRIDIUM 33 DEB,1997-051RL,35733,DEB,D,US,1997-09-14,TYMSC,2015-04-07,90.54,86.34,319,283,0.0079,,EA,IMP
IRIDIUM 33 DEB,1997-051RM,35734,DEB,D,US,1997-09-14,TYMSC,2014-12-06,90.57,86.33,325,280,0.0127,,EA,IMP
IRIDIUM 33 DEB,1997-051RN,35735,DEB,D,US,1997-09-14,TYMSC,2022-05-14,92.09,86.35,389,365,0.0176,,EA,IMP
IRIDIUM 33 DEB,1997-051RP,35736,DEB,D,US,1997-09-14,TYMSC,2012-07-18,92.67,86.40,433,378,0.0078,,EA,IMP
IRIDIUM 33 DEB,1997-051RQ,35737,DEB,D,US,1997-09-14,TYMSC,2023-08-18,96.68,86.42,617,582,0.0115,,EA,IMP
IRIDIUM 33 DEB,1997-051RR,35738,DEB,D,US,1997-09-14,TYMSC,2011-11-28,93.34,86.44,496,380,0.0158,,EA,IMP
IRIDIUM 33 DEB,1997-051RS,35739,DEB,D,US,1997-09-14,TYMSC,2023-01-05,95.75,86.38,579,531,0.0170,,EA,IMP
IRIDIUM 33 DEB,1997-051RT,35740,DEB,D,US,1997-09-14,TYMSC,2011-12-10,97.01,86.37,652,579,0.0062,,EA,IMP
IRIDIUM 33 DEB,1997-051RU,35741,DEB,D,US,1997-09-14,TYMSC,2015-09-09,93.47,86.32,463,425,0.0109,,EA,IMP
IRIDIUM 33 DEB,1997-051RV,35742,DEB,D,US,1997-09-14,TYMSC,2023-10-04,93.01,86.37,440,404,0.0042,,EA,IMP
IRIDIUM 33 DEB,1997-051RW,35743,DEB,D,US,1997-09-14,TYMSC,2022-04-01,100.57,86.39,816,756,0.0102,,EA,IMP
IRIDIUM 33 DEB,1997-051RX,35744,DEB,,US,1997-09-14,TYMSC,,97.69,86.33,664,632,0.0172,,EA,ORB
IRIDIUM 33 DEB,1997-051RY,35745,DEB,D,US,1997-09-14,TYMSC,2023-07-07,96.80,86.34,607,604,0.0151,,EA,IMP
IRIDIUM 33 DEB,1997-051RZ,35746,DEB,D,US,1997-09-14,TYMSC,2011-03-13,93.47,86.29,479,410,0.0136,,EA,IMP
IRIDIUM 33 DEB,1997-051SA,35747,DEB,,US,1997-09-14,TYMSC,,101.11,86.13,915,707,0.0115,,EA,ORB
IRIDIUM 33 DEB,1997-051SB,35748,DEB,D,US,1997-09-14,TYMSC,2017-12-31,92.64,86.35,409,399,0.0142,,EA,IMP
IRIDIUM 33 DEB,1997-051SC,35749,DEB,D,US,1997-09-14,TYMSC,2024-12-03,92.11,86.34,384,372,0.0122,,EA,IMP
IRIDIUM 33 DEB,1997-051SD,35750,DEB,D,US,1997-09-14,TYMSC,2016-02-17,91.23,86.06,350,320,0.0103,,EA,IMP
IRIDIUM 33 DEB,1997-051SE,35751,DEB,D,US,1997-09-14,TYMSC,2012-10-02,92.87,86.14,446,384,0.0099,,EA,IMP
IRIDIUM 33 DEB,1997-051SF,35797,DEB,,US,1997-09-14,TYMSC,,96.69,86.33,608,592,0.0168,,EA,ORB
IRIDIUM 33 DEB,1997-051SG,35798,DEB,D,US,1997-09-14,TYMSC,2011-07-04,91.84,86.42,387,343,0.0047,,EA,IMP
IRIDIUM 33 DEB,1997-051SH,35799,DEB,D,US,1997-09-14,TYMSC,2024-01-12,95.31,85.90,555,512,0.0161,,EA,IMP
IRIDIUM 33 DEB,1997-051SJ,35800,DEB,D,US,1997-09-14,TYMSC,2022-05-16,92.19,86.22,391,372,0.0121,,EA,IMP
IRIDIUM 33 DEB,1997-051SK,35801,DEB,D,US,1997-09-14,TYMSC,2012-09-23,96.87,86.32,680,538,0.0131,,EA,IMP
IRIDIUM 33 DEB,1997-051SL,35802,DEB,D,US,1997-09-14,TYMSC,2024-01-17,94.27,86.40,490,477,0.0149,,EA,IMP
IRIDIUM 33 DEB,1997-051SM,35803,DEB,D,US,1997-09-14,TYMSC,2015-04-23,93.25,86.24,447,420,0.0121,,EA,IMP
IRIDIUM 33 DEB,1997-051SN,35804,DEB,D,US,1997-09-14,TYMSC,2013-12-18,97.44,86.34,641,631,0.0183,,EA,IMP
IRIDIUM 33 DEB,1997-051SP,35805,DEB,D,US,1997-09-14,TYMSC,2024-10-08,96.13,86.31,611,535,0.0121,,EA,IMP
IRIDIUM 33 DEB,1997-051SQ,35806,DEB,,US,1997-09-14,TYMSC,,98.65,86.34,702,687,0.0049,,EA,ORB
IRIDIUM 33 DEB,1997-051SR,35807,DEB,D,US,1997-09-14,TYMSC,2013-11-25,96.66,86.39,625,572,0.0144,,EA,IMP
IRIDIUM 33 DEB,1997-051SS,35808,DEB,D,US,1997-09-14,TYMSC,2016-01-12,99.41,86.38,737,723,0.0098,,EA,IMP
IRIDIUM 33 DEB,1997-051ST,35809,DEB,,US,1997-09-14,TYMSC,,97.26,86.32,638,617,0.0068,,EA,ORB
IRIDIUM 33 DEB,1997-051SU,35844,DEB,D,US,1997-09-14,TYMSC,2022-01-15,92.87,86.26,423,407,0.0146,,EA,IMP
IRIDIUM 33 DEB,1997-051SV,35845,DEB,D,US,1997-09-14,TYMSC,2010-01-18,92.30,86.20,400,374,0.0066,,EA,IMP
IRIDIUM 33 DEB,1997-051SW,35846,DEB,,US,1997-09-14,TYMSC,,99.72,86.38,759,731,0.0108,,EA,ORB
IRIDIUM 33 DEB,1997-051SX,35847,DEB,D,US,1997-09-14,TYMSC,2014-01-28,92.27,86.33,391,381,0.0098,,EA,IMP
IRIDIUM 33 DEB,1997-051SY,35848,DEB,,US,1997-09-14,TYMSC,,97.02,86.38,623,609,0.0119,,EA,ORB
IRIDIUM 33 DEB,1997-051SZ,35849,DEB,D,US,1997-09-14,TYMSC,2013-08-04,97.90,86.35,683,634,0.0010,,EA,IMP
IRIDIUM 33 DEB,1997-051TA,35850,DEB,,US,1997-09-14,TYMSC,,97.02,86.34,624,608,0.0160,,EA,ORB
IRIDIUM 33 DEB,1997-051TB,35851,DEB,D,US,1997-09-14,TYMSC,2023-02-16,94.01,86.42,489,452,0.0123,,EA,IMP
IRIDIUM 33 DEB,1997-051TC,35852,DEB,D,US,1997-09-14,TYMSC,2014-03-29,95.01,86.39,527,511,0.0019,,EA,IMP
IRIDIUM 33 DEB,1997-051TD,35853,DEB,D,US,1997-09-14,TYMSC,2023-04-27,95.91,86.29,581,544,0.0115,,EA,IMP
IRIDIUM 33 DEB,1997-051TE,35854,DEB,D,US,1997-09-14,TYMSC,2022-08-09,97.31,86.32,641,619,0.0110,,EA,IMP
IRIDIUM 33 DEB,1997-051TF,35855,DEB,D,US,1997-09-14,TYMSC,2018-06-07,100.68,86.41,838,744,0.0109,,EA,IMP
IRIDIUM 33 DEB,1997-051TG,35856,DEB,D,US,1997-09-14,TYMSC,2023-03-27,91.96,86.32,378,364,0.0070,,EA,IMP
IRIDIUM 33 DEB,1997-051TH,35857,DEB,D,US,1997-09-14,TYMSC,2024-04-07,90.12,86.39,293,268,0.0089,,EA,IMP
IRIDIUM 33 DEB,1997-051TJ,35858,DEB,D,US,1997-09-14,TYMSC,2023-03-04,97.36,86.35,655,610,0.0100,,EA,IMP
IRIDIUM 33 DEB,1997-051TK,35859,DEB,D,US,1997-09-14,TYMSC,2014-09-26,95.30,86.43,557,509,0.0125,,EA,IMP
IRIDIUM 33 DEB,1997-051TL,35860,DEB,D,US,1997-09-14,TYMSC,2014-04-10,100.46,86.45,794,766,0.0042,,EA,IMP
IRIDIUM 33 DEB,1997-051TM,35861,DEB,D,US,1997-09-14,TYMSC,2011-12-31,93.17,86.18,475,385,0.0030,,EA,IMP
IRIDIUM 33 DEB,1997-051TN,35862,DEB,D,US,1997-09-14,TYMSC,2023-02-18,93.24,86.35,441,425,0.0105,,EA,IMP
IRIDIUM 33 DEB,1997-051TP,35863,DEB,D,US,1997-09-14,TYMSC,2023-12-30,94.22,86.34,492,470,0.0103,,EA,IMP
IRIDIUM 33 DEB,1997-051TQ,35907,DEB,,US,1997-09-14,TYMSC,,102.45,86.38,986,763,0.0026,,EA,ORB
IRIDIUM 33 DEB,1997-051TR,35908,DEB,D,US,1997-09-14,TYMSC,2024-09-24,101.74,86.24,911,771,0.0071,,EA,IMP
IRIDIUM 33 DEB,1997-051TS,35909,DEB,D,US,1997-09-14,TYMSC,2014-06-29,91.85,86.27,384,347,0.0125,,EA,IMP
IRIDIUM 33 DEB,1997-051TT,35910,DEB,D,US,1997-09-14,TYMSC,2016-02-20,93.08,86.40,441,409,0.0071,,EA,IMP
IRIDIUM 33 DEB,1997-051TU,35911,DEB,D,US,1997-09-14,TYMSC,2025-10-27,93.25,86.19,449,418,0.0156,,EA,IMP
IRIDIUM 33 DEB,1997-051TV,35912,DEB,D,US,1997-09-14,TYMSC,2012-06-20,94.91,86.41,530,498,0.0158,,EA,IMP
IRIDIUM 33 DEB,1997-051TW,35913,DEB,D,US,1997-09-14,TYMSC,2015-04-30,94.26,86.54,512,453,0.0098,,EA,IMP
IRIDIUM 33 DEB,1997-051TX,35914,DEB,D,US,1997-09-14,TYMSC,2015-06-15,90.76,86.37,323,301,0.0148,,EA,IMP
IRIDIUM 33 DEB,1997-051TY,35915,DEB,,US,1997-09-14,TYMSC,,96.84,86.34,617,598,0.0071,,EA,ORB
IRIDIUM 33 DEB,1997-051TZ,35916,DEB,D,US,1997-09-14,TYMSC,2015-05-04,94.61,86.35,510,489,0.0082,,EA,IMP
IRIDIUM 33 DEB,1997-051UA,35917,DEB,D,US,1997-09-14,TYMSC,2023-12-07,92.58,86.40,413,389,0.0055,,EA,IMP
IRIDIUM 33 DEB,1997-051UB,35918,DEB,,US,1997-09-14,TYMSC,,99.10,86.40,735,696,0.0102,,EA,ORB
IRIDIUM 33 DEB,1997-051UC,35919,DEB,D,US,1997-09-14,TYMSC,2014-01-14,89.95,86.23,275,268,0.0085,,EA,IMP
IRIDIUM 33 DEB,1997-051UD,35920,DEB,D,US,1997-09-14,TYMSC,2015-08-15,90.84,86.35,331,301,0.0118,,EA,IMP
IRIDIUM 33 DEB,1997-051UE,35921,DEB,D,US,1997-09-14,TYMSC,2024-11-14,96.37,86.40,618,551,0.0131,,EA,IMP
IRIDIUM 33 DEB,1997-051UF,35922,DEB,D,US,1997-09-14,TYMSC,2024-11-13,98.64,86.37,714,673,0.0138,,EA,IMP
IRIDIUM 33 DEB,1997-051UG,35923,DEB,D,US,1997-09-14,TYMSC,2012-05-29,98.29,86.43,698,655,0.0007,,EA,IMP
IRIDIUM 33 DEB,1997-051UH,35924,DEB,D,US,1997-09-14,TYMSC,2013-11-14,89.84,86.37,285,249,0.0101,,EA,IMP
IRIDIUM 33 DEB,1997-051UJ,35925,DEB,D,US,1997-09-14,TYMSC,2022-10-22,92.95,86.27,436,403,0.0122,,EA,IMP
IRIDIUM 33 DEB,1997-051UK,35926,DEB,D,US,1997-09-14,TYMSC,2024-04-30,93.13,86.32,441,415,0.0050,,EA,IMP
IRIDIUM 33 DEB,1997-051UL,35927,DEB,D,US,1997-09-14,TYMSC,2011-11-29,96.07,86.42,580,560,0.0011,,EA,IMP
IRIDIUM 33 DEB,1997-051UM,35928,DEB,D,US,1997-09-14,TYMSC,2011-11-28,100.17,86.52,808,725,0.0052,,EA,IMP
IRIDIUM 33 DEB,1997-051UN,35929,DEB,,US,1997-09-14,TYMSC,,94.56,86.34,506,488,0.0133,,EA,ORB
IRIDIUM 33 DEB,1997-051UP,35930,DEB,D,US,1997-09-14,TYMSC,2010-12-18,92.95,86.39,445,393,0.0119,,EA,IMP
IRIDIUM 33 DEB,1997-051UQ,36009,DEB,D,US,1997-09-14,TYMSC,2013-01-14,92.70,86.31,422,391,0.0134,,EA,IMP
IRIDIUM 33 DEB,1997-051UR,36010,DEB,D,US,1997-09-14,TYMSC,2015-03-08,91.01,86.26,341,307,0.0078,,EA,IMP
IRIDIUM 33 DEB,1997-051US,36011,DEB,,US,1997-09-14,TYMSC,,99.86,86.34,767,737,0.0173,,EA,ORB
IRIDIUM 33 DEB,1997-051UT,36012,DEB,,US,1997-09-14,TYMSC,,101.29,86.44,975,664,0.0105,,EA,ORB
IRIDIUM 33 DEB,1997-051UU,36013,DEB,D,US,1997-09-14,TYMSC,2014-12-11,91.11,86.31,357,302,0.0100,,EA,IMP
IRIDIUM 33 DEB,1997-051UV,36014,DEB,D,US,1997-09-14,TYMSC,2014-06-18,95.19,86.34,538,518,0.0019,,EA,IMP
IRIDIUM 33 DEB,1997-051UW,36015,DEB,D,US,1997-09-14,TYMSC,2024-08-14,99.97,86.36,775,739,0.0096,,EA,IMP
IRIDIUM 33 DEB,1997-051UX,36016,DEB,D,US,1997-09-14,TYMSC,2024-10-05,100.15,86.41,786,745,0.0084,,EA,IMP
IRIDIUM 33 DEB,1997-051UY,36017,DEB,D,US,1997-09-14,TYMSC,2022-09-29,93.33,86.31,442,433,0.0100,,EA,IMP
IRIDIUM 33 DEB,1997-051UZ,36018,DEB,D,US,1997-09-14,TYMSC,2018-06-10,98.60,86.38,744,640,0.0005,,EA,IMP
IRIDIUM 33 DEB,1997-051VA,36019,DEB,D,US,1997-09-14,TYMSC,2024-12-17,90.21,86.34,298,272,0.0103,,EA,IMP
IRIDIUM 33 DEB,1997-051VB,36020,DEB,D,US,1997-09-14,TYMSC,2012-11-15,92.88,86.22,443,388,0.0026,,EA,IMP
IRIDIUM 33 DEB,1997-051VC,36021,DEB,D,US,1997-09-14,TYMSC,2024-05-14,93.33,86.37,457,418,0.0086,,EA,IMP
IRIDIUM 33 DEB,1997-051VD,36022,DEB,D,US,1997-09-14,TYMSC,2012-12-28,99.99,86.36,773,743,0.0080,,EA,IMP
IRIDIUM 33 DEB,1997-051VE,36023,DEB,D,US,1997-09-14,TYMSC,2024-04-01,96.01,86.32,583,552,0.0100,,EA,IMP
IRIDIUM 33 DEB,1997-051VF,36024,DEB,D,US,1997-09-14,TYMSC,2015-02-05,91.59,86.49,367,338,0.0045,,EA,IMP
IRIDIUM 33 DEB,1997-051VG,36025,DEB,D,US,1997-09-14,TYMSC,2023-05-11,93.04,86.59,429,418,0.0122,,EA,IMP
IRIDIUM 33 DEB,1997-051VH,36026,DEB,D,US,1997-09-14,TYMSC,2015-11-09,90.98,86.37,328,316,0.0102,,EA,IMP
IRIDIUM 33 DEB,1997-051VJ,36027,DEB,D,US,1997-09-14,TYMSC,2015-09-16,94.52,86.40,512,479,0.0103,,EA,IMP
IRIDIUM 33 DEB,1997-051VK,36028,DEB,,US,1997-09-14,TYMSC,,95.50,86.31,551,535,0.0193,,EA,ORB
IRIDIUM 33 DEB,1997-051VL,36029,DEB,D,US,1997-09-14,TYMSC,2014-10-22,92.17,86.40,388,374,0.0016,,EA,IMP
IRIDIUM 33 DEB,1997-051VM,36080,DEB,,US,1997-09-14,TYMSC,,99.48,86.32,747,721,0.0034,,EA,ORB
IRIDIUM 33 DEB,1997-051VN,36081,DEB,D,US,1997-09-14,TYMSC,2024-06-15,98.18,86.23,699,644,0.0139,,EA,IMP
IRIDIUM 33 DEB,1997-051VP,36082,DEB,D,US,1997-09-14,TYMSC,2013-02-22,93.99,86.36,484,455,0.0012,,EA,IMP
IRIDIUM 33 DEB,1997-051VQ,36083,DEB,,US,1997-09-14,TYMSC,,99.72,86.34,765,725,0.0175,,EA,ORB
IRIDIUM 33 DEB,1997-051VR,36084,DEB,D,US,1997-09-14,TYMSC,2014-03-14,94.83,86.28,527,493,0.0099,,EA,IMP
IRIDIUM 33 DEB,1997-051VS,36085,DEB,D,US,1997-09-14,TYMSC,2010-02-17,95.17,86.42,721,333,0.0061,,EA,IMP
IRIDIUM 33 DEB,1997-051VT,36389,DEB,D,US,1997-09-14,TYMSC,2010-10-01,92.03,86.32,397,351,0.0059,,EA,IMP
IRIDIUM 33 DEB,1997-051VU,36390,DEB,,US,1997-09-14,TYMSC,,97.53,86.29,664,618,0.0115,,EA,ORB
IRIDIUM 33 DEB,1997-051VV,36391,DEB,D,US,1997-09-14,TYMSC,2013-08-25,95.34,86.40,548,522,0.0008,,EA,IMP
IRIDIUM 33 DEB,1997-051VW,36392,DEB,D,US,1997-09-14,TYMSC,2011-10-03,92.61,86.10,431,374,0.0011,,EA,IMP
IRIDIUM 33 DEB,1997-051VX,36393,DEB,D,US,1997-09-14,TYMSC,2012-06-14,93.29,86.34,457,414,0.0063,,EA,IMP
IRIDIUM 33 DEB,1997-051VY,36482,DEB,,US,1997-09-14,TYMSC,,98.91,86.35,721,692,0.0152,,EA,ORB
IRIDIUM 33 DEB,1997-051VZ,36483,DEB,,US,1997-09-14,TYMSC,,99.54,86.38,744,729,0.0109,,EA,ORB
IRIDIUM 33 DEB,1997-051WA,36484,DEB,D,US,1997-09-14,TYMSC,2014-08-27,92.36,85.94,409,371,0.0117,,EA,IMP
IRIDIUM 33 DEB,1997-051WB,36485,DEB,D,US,1997-09-14,TYMSC,2024-11-08,97.10,86.44,663,576,0.0076,,EA,IMP
IRIDIUM 33 DEB,1997-051WC,36486,DEB,D,US,1997-09-14,TYMSC,2023-08-03,97.10,86.35,631,609,0.0141,,EA,IMP
IRIDIUM 33 DEB,1997-051WD,36487,DEB,D,US,1997-09-14,TYMSC,2025-05-11,94.92,86.34,551,478,0.0134,,EA,IMP
IRIDIUM 33 DEB,1997-051WE,36488,DEB,D,US,1997-09-14,TYMSC,2019-07-18,91.45,86.40,368,323,0.0123,,EA,IMP
IRIDIUM 33 DEB,1997-051WF,36489,DEB,D,US,1997-09-14,TYMSC,2020-09-25,97.23,86.42,635,617,0.0118,,EA,IMP
IRIDIUM 33 DEB,1997-051WG,36490,DEB,,US,1997-09-14,TYMSC,,97.18,86.36,625,623,0.0133,,EA,ORB
IRIDIUM 33 DEB,1997-051WH,36491,DEB,D,US,1997-09-14,TYMSC,2017-02-12,91.70,86.31,374,341,0.0107,,EA,IMP
IRIDIUM 33 DEB,1997-051WJ,36492,DEB,D,US,1997-09-14,TYMSC,2024-04-18,94.40,86.40,496,483,0.0092,,EA,IMP
IRIDIUM 33 DEB,1997-051WK,36493,DEB,,US,1997-09-14,TYMSC,,98.07,86.35,673,660,0.0109,,EA,ORB
IRIDIUM 33 DEB,1997-051WL,36494,DEB,D,US,1997-09-14,TYMSC,2013-04-08,93.13,85.96,437,419,0.0004,,EA,IMP
IRIDIUM 33 DEB,1997-051WM,36495,DEB,D,US,1997-09-14,TYMSC,2021-10-20,92.82,86.35,424,401,0.0096,,EA,IMP
IRIDIUM 33 DEB,1997-051WN,36496,DEB,D,US,1997-09-14,TYMSC,2014-12-22,95.90,86.34,570,554,0.0017,,EA,IMP
IRIDIUM 33 DEB,1997-051WP,36497,DEB,,US,1997-09-14,TYMSC,,98.17,86.16,704,638,0.0154,,EA,ORB
IRIDIUM 33 DEB,1997-051WQ,36498,DEB,D,US,1997-09-14,TYMSC,2013-09-13,91.86,86.11,388,344,0.0005,,EA,IMP
IRIDIUM 33 DEB,1997-051WR,36562,DEB,D,US,1997-09-14,TYMSC,2014-02-28,93.60,86.05,466,435,0.0068,,EA,IMP
IRIDIUM 33 DEB,1997-051WS,36563,DEB,D,US,1997-09-14,TYMSC,2023-04-06,95.55,86.33,555,535,0.0144,,EA,IMP
IRIDIUM 33 DEB,1997-051WT,36564,DEB,D,US,1997-09-14,TYMSC,2013-05-07,93.57,85.99,473,425,0.0005,,EA,IMP
IRIDIUM 33 DEB,1997-051WU,36565,DEB,D,US,1997-09-14,TYMSC,2011-07-15,94.47,86.22,493,493,0.0100,,EA,IMP
IRIDIUM 33 DEB,1997-051WV,36566,DEB,D,US,1997-09-14,TYMSC,2024-10-18,96.43,86.38,627,549,0.0134,,EA,IMP
IRIDIUM 33 DEB,1997-051WW,36567,DEB,D,US,1997-09-14,TYMSC,2010-07-03,92.76,86.41,415,404,0.0045,,EA,IMP
IRIDIUM 33 DEB,1997-051WX,36568,DEB,D,US,1997-09-14,TYMSC,2017-05-01,90.46,86.26,306,288,0.0113,,EA,IMP
IRIDIUM 33 DEB,1997-051WY,36569,DEB,D,US,1997-09-14,TYMSC,2011-03-18,92.70,86.26,416,398,0.0037,,EA,IMP
IRIDIUM 33 DEB,1997-051WZ,36570,DEB,D,US,1997-09-14,TYMSC,2014-04-10,90.16,86.16,297,268,0.0094,,EA,IMP
IRIDIUM 33 DEB,1997-051XA,36640,DEB,D,US,1997-09-14,TYMSC,2014-09-30,92.55,86.29,405,394,0.0079,,EA,IMP
IRIDIUM 33 DEB,1997-051XB,36641,DEB,D,US,1997-09-14,TYMSC,2014-10-19,93.16,86.25,441,417,0.0014,,EA,IMP
IRIDIUM 33 DEB,1997-051XC,36642,DEB,D,US,1997-09-14,TYMSC,2023-04-01,96.12,86.36,584,561,0.0140,,EA,IMP
IRIDIUM 33 DEB,1997-051XD,36643,DEB,D,US,1997-09-14,TYMSC,2024-02-16,99.56,86.34,760,716,0.0055,,EA,IMP
IRIDIUM 33 DEB,1997-051XE,37134,DEB,D,US,1997-09-14,TYMSC,2013-10-14,93.80,86.33,476,444,0.0019,,EA,IMP
IRIDIUM 33 DEB,1997-051XF,37135,DEB,D,US,1997-09-14,TYMSC,2012-08-05,98.20,86.32,709,636,0.0030,,EA,IMP
IRIDIUM 33 DEB,1997-051XG,37136,DEB,,US,1997-09-14,TYMSC,,100.81,86.14,845,749,0.0168,,EA,ORB
IRIDIUM 33 DEB,1997-051XH,37548,DEB,,US,1997-09-14,TYMSC,,99.11,86.35,735,697,0.0097,,EA,ORB
IRIDIUM 33 DEB,1997-051XJ,37549,DEB,D,US,1997-09-14,TYMSC,2024-01-27,97.16,86.37,645,601,0.0105,,EA,IMP
IRIDIUM 33 DEB,1997-051XK,37550,DEB,,US,1997-09-14,TYMSC,,97.92,86.37,661,657,0.0127,,EA,ORB
IRIDIUM 33 DEB,1997-051XL,37551,DEB,D,US,1997-09-14,TYMSC,2013-10-23,92.83,86.41,419,408,0.0021,,EA,IMP
IRIDIUM 33 DEB,1997-051XM,37552,DEB,D,US,1997-09-14,TYMSC,2013-11-12,94.26,86.36,488,477,0.0016,,EA,IMP
IRIDIUM 33 DEB,1997-051XN,37553,DEB,D,US,1997-09-14,TYMSC,2014-05-20,98.24,86.37,685,664,0.0102,,EA,IMP
IRIDIUM 33 DEB,1997-051XP,37554,DEB,D,US,1997-09-14,TYMSC,2016-07-31,93.22,86.37,444,420,0.0052,,EA,IMP
IRIDIUM 33 DEB,1997-051XQ,37555,DEB,D,US,1997-09-14,TYMSC,2023-03-20,91.72,86.36,367,350,0.0100,,EA,IMP
IRIDIUM 33 DEB,1997-051XR,37556,DEB,D,US,1997-09-14,TYMSC,2012-12-06,98.50,86.43,767,607,0.0124,,EA,IMP
IRIDIUM 33 DEB,1997-051XS,37557,DEB,D,US,1997-09-14,TYMSC,2023-11-25,99.29,86.37,786,663,0.0128,,EA,IMP
IRIDIUM 33 DEB,1997-051XT,37558,DEB,D,US,1997-09-14,TYMSC,2024-11-26,96.21,86.39,597,557,0.0149,,EA,IMP
IRIDIUM 33 DEB,1997-051XU,37559,DEB,D,US,1997-09-14,TYMSC,2014-12-25,91.98,86.22,391,352,0.0009,,EA,IMP
IRIDIUM 33 DEB,1997-051XV,37560,DEB,D,US,1997-09-14,TYMSC,2024-04-18,97.77,86.38,698,606,0.0130,,EA,IMP
IRIDIUM 33 DEB,1997-051XW,37561,DEB,D,US,1997-09-14,TYMSC,2012-12-10,95.82,86.35,580,537,0.0091,,EA,IMP
IRIDIUM 33 DEB,1997-051XX,37562,DEB,,US,1997-09-14,TYMSC,,98.72,86.37,713,682,0.0123,,EA,ORB
IRIDIUM 33 DEB,1997-051XY,37563,DEB,D,US,1997-09-14,TYMSC,2012-11-29,92.97,86.23,434,405,0.0024,,EA,IMP
IRIDIUM 33 DEB,1997-051XZ,37564,DEB,D,US,1997-09-14,TYMSC,2016-07-10,90.37,86.32,302,284,0.0103,,EA,IMP
IRIDIUM 33 DEB,1997-051YA,37565,DEB,,US,1997-09-14,TYMSC,,99.14,86.34,725,710,0.0162,,EA,ORB
IRIDIUM 33 DEB,1997-051YB,37566,DEB,D,US,1997-09-14,TYMSC,2019-12-07,91.39,86.41,351,335,0.0016,,EA,IMP
IRIDIUM 33 DEB,1997-051YC,38016,DEB,D,US,1997-09-14,TYMSC,2022-04-25,93.37,86.38,450,429,0.0121,,EA,IMP
IRIDIUM 33 DEB,1997-051YD,38017,DEB,,US,1997-09-14,TYMSC,,99.00,86.33,764,658,0.0072,,EA,ORB
IRIDIUM 33 DEB,1997-051YE,38018,DEB,D,US,1997-09-14,TYMSC,2019-04-26,94.88,86.25,519,506,0.0145,,EA,IMP
IRIDIUM 33 DEB,1997-051YF,38019,DEB,D,US,1997-09-14,TYMSC,2023-08-03,97.22,86.39,661,590,0.0158,,EA,IMP
IRIDIUM 33 DEB,1997-051YG,38020,DEB,D,US,1997-09-14,TYMSC,2024-12-10,95.70,86.24,594,511,0.0179,,EA,IMP
IRIDIUM 33 DEB,1997-051YH,38021,DEB,D,US,1997-09-14,TYMSC,2014-04-23,93.15,86.22,449,409,0.0147,,EA,IMP
IRIDIUM 33 DEB,1997-051YJ,38022,DEB,,US,1997-09-14,TYMSC,,99.80,86.26,779,719,0.0107,,EA,ORB
IRIDIUM 33 DEB,1997-051YK,38023,DEB,D,US,1997-09-14,TYMSC,2024-01-05,98.53,86.41,753,623,0.0090,,EA,IMP
IRIDIUM 33 DEB,1997-051YL,38024,DEB,D,US,1997-09-14,TYMSC,2024-07-25,99.91,86.48,812,697,0.0065,,EA,IMP
IRIDIUM 33 DEB,1997-051YM,38025,DEB,D,US,1997-09-14,TYMSC,2024-10-02,100.69,86.49,910,673,0.0103,,EA,IMP
IRIDIUM 33 DEB,1997-051YN,38026,DEB,D,US,1997-09-14,TYMSC,2015-05-27,94.80,86.44,529,490,0.0072,,EA,IMP
IRIDIUM 33 DEB,1997-051YP,38027,DEB,D,US,1997-09-14,TYMSC,2022-07-06,99.72,86.29,752,739,0.0126,,EA,IMP
IRIDIUM 33 DEB,1997-051YQ,38028,DEB,,US,1997-09-14,TYMSC,,99.53,86.32,756,716,0.0105,,EA,ORB
IRIDIUM 33 DEB,1997-051YR,38029,DEB,D,US,1997-09-14,TYMSC,2014-04-30,91.40,86.30,359,327,0.0090,,EA,IMP
IRIDIUM 33 DEB,1997-051YS,38030,DEB,D,US,1997-09-14,TYMSC,2023-03-11,93.49,86.34,452,439,0.0121,,EA,IMP
IRIDIUM 33 DEB,1997-051YT,38031,DEB,D,US,1997-09-14,TYMSC,2014-05-27,91.88,86.47,384,350,0.0072,,EA,IMP
IRIDIUM 33 DEB,1997-051YU,38032,DEB,D,US,1997-09-14,TYMSC,2014-04-11,92.98,86.29,443,398,0.0105,,EA,IMP
IRIDIUM 33 DEB,1997-051YV,38033,DEB,D,US,1997-09-14,TYMSC,2022-10-27,93.39,86.25,450,431,0.0032,,EA,IMP
IRIDIUM 33 DEB,1997-051YW,38034,DEB,D,US,1997-09-14,TYMSC,2016-12-14,91.04,86.36,363,289,0.0155,,EA,IMP
IRIDIUM 33 DEB,1997-051YX,38035,DEB,D,US,1997-09-14,TYMSC,2015-01-06,95.53,86.33,554,535,0.0078,,EA,IMP
IRIDIUM 33 DEB,1997-051YY,38224,DEB,D,US,1997-09-14,TYMSC,2024-03-01,98.78,86.37,763,638,0.0145,,EA,IMP
IRIDIUM 33 DEB,1997-051YZ,38225,DEB,D,US,1997-09-14,TYMSC,2025-09-05,92.93,86.23,426,410,0.0095,,EA,IMP
IRIDIUM 33 DEB,1997-051ZA,38226,DEB,D,US,1997-09-14,TYMSC,2023-02-24,93.99,86.34,473,466,0.0135,,EA,IMP
IRIDIUM 33 DEB,1997-051ZB,38227,DEB,D,US,1997-09-14,TYMSC,2024-12-06,96.85,86.31,611,605,0.0083,,EA,IMP
IRIDIUM 33 DEB,1997-051ZC,38228,DEB,,US,1997-09-14,TYMSC,,100.86,86.30,847,752,0.0095,,EA,ORB
IRIDIUM 33 DEB,1997-051ZD,38229,DEB,,US,1997-09-14,TYMSC,,101.51,86.37,956,705,0.0059,,EA,ORB
IRIDIUM 33 DEB,1997-051ZE,38230,DEB,D,US,1997-09-14,TYMSC,2014-02-19,98.27,86.39,678,674,0.0021,,EA,IMP
IRIDIUM 33 DEB,1997-051ZF,38231,DEB,D,US,1997-09-14,TYMSC,2022-04-06,92.71,86.23,412,403,0.0101,,EA,IMP
IRIDIUM 33 DEB,1997-051ZG,38232,DEB,D,US,1997-09-14,TYMSC,2024-11-08,98.55,86.45,716,662,0.0061,,EA,IMP
IRIDIUM 33 DEB,1997-051ZH,38233,DEB,D,US,1997-09-14,TYMSC,2023-10-13,100.74,86.21,898,689,0.0138,,EA,IMP
IRIDIUM 33 DEB,1997-051ZJ,38234,DEB,D,US,1997-09-14,TYMSC,2023-03-23,95.37,86.42,566,507,0.0106,,EA,IMP
IRIDIUM 33 DEB,1997-051ZK,38235,DEB,D,US,1997-09-14,TYMSC,2022-12-14,97.09,86.39,630,608,0.0092,,EA,IMP
IRIDIUM 33 DEB,1997-051ZL,38236,DEB,D,US,1997-09-14,TYMSC,2025-04-25,94.98,86.24,528,507,0.0109,,EA,IMP
IRIDIUM 33 DEB,1997-051ZM,38237,DEB,D,US,1997-09-14,TYMSC,2022-08-05,92.34,86.33,399,380,0.0014,,EA,IMP
IRIDIUM 33 DEB,1997-051ZN,38238,DEB,D,US,1997-09-14,TYMSC,2013-04-10,93.10,86.34,436,416,0.0030,,EA,IMP
IRIDIUM 33 DEB,1997-051ZP,38239,DEB,D,US,1997-09-14,TYMSC,2015-03-14,94.56,86.36,506,488,0.0024,,EA,IMP
IRIDIUM 33 DEB,1997-051ZQ,38240,DEB,D,US,1997-09-14,TYMSC,2014-10-16,89.35,86.20,247,238,0.0090,,EA,IMP
IRIDIUM 33 DEB,1997-051ZR,38241,DEB,,US,1997-09-14,TYMSC,,98.88,86.32,706,704,0.0120,,EA,ORB
IRIDIUM 33 DEB,1997-051ZS,38242,DEB,D,US,1997-09-14,TYMSC,2014-04-02,92.46,86.32,431,359,0.0111,,EA,IMP
IRIDIUM 33 DEB,1997-051ZT,38243,DEB,D,US,1997-09-14,TYMSC,2023-12-12,92.63,86.29,412,395,0.0113,,EA,IMP
IRIDIUM 33 DEB,1997-051ZU,38244,DEB,D,US,1997-09-14,TYMSC,2022-05-21,93.71,86.41,461,451,0.0107,,EA,IMP
IRIDIUM 33 DEB,1997-051ZV,38468,DEB,D,US,1997-09-14,TYMSC,2023-11-26,98.92,86.35,754,660,0.0067,,EA,IMP
IRIDIUM 33 DEB,1997-051ZW,38469,DEB,D,US,1997-09-14,TYMSC,2025-02-08,93.88,86.22,483,446,0.0113,,EA,IMP
IRIDIUM 33 DEB,1997-051ZX,38470,DEB,D,US,1997-09-14,TYMSC,2023-12-28,97.94,86.48,705,615,0.0070,,EA,IMP
IRIDIUM 33 DEB,1997-051ZY,38471,DEB,D,US,1997-09-14,TYMSC,2022-03-20,93.46,86.24,447,441,0.0155,,EA,IMP
IRIDIUM 33 DEB,1997-051ZZ,38472,DEB,D,US,1997-09-14,TYMSC,2017-10-01,91.98,86.36,384,360,0.0080,,EA,IMP
IRIDIUM 33 DEB,1997-051AAA,38473,DEB,D,US,1997-09-14,TYMSC,2014-02-24,95.90,86.27,566,559,0.0125,,EA,IMP
IRIDIUM 33 DEB,1997-051AAB,38474,DEB,,US,1997-09-14,TYMSC,,99.19,86.33,737,703,0.0110,,EA,ORB
IRIDIUM 33 DEB,1997-051AAC,38475,DEB,D,US,1997-09-14,TYMSC,2012-08-12,93.45,86.34,449,437,0.0009,,EA,IMP
IRIDIUM 33 DEB,1997-051AAD,38476,DEB,D,US,1997-09-14,TYMSC,2013-01-11,91.95,86.35,391,350,0.0005,,EA,IMP
IRIDIUM 33 DEB,1997-051AAE,38477,DEB,,US,1997-09-14,TYMSC,,105.70,86.42,1320,735,0.0123,,EA,ORB
IRIDIUM 33 DEB,1997-051AAF,39593,DEB,D,US,1997-09-14,TYMSC,2016-04-15,94.65,86.30,506,497,0.0097,,EA,IMP
IRIDIUM 33 DEB,1997-051AAG,39594,DEB,D,US,1997-09-14,TYMSC,2025-11-12,93.94,86.36,476,458,0.0134,,EA,IMP
IRIDIUM 33 DEB,1997-051AAH,39595,DEB,D,US,1997-09-14,TYMSC,2023-05-23,95.88,86.37,588,534,0.0098,,EA,IMP
IRIDIUM 33 DEB,1997-051AAJ,39777,DEB,,US,1997-09-14,TYMSC,,98.50,85.96,728,646,0.0108,,EA,ORB
IRIDIUM 33 DEB,1997-051AAK,39778,DEB,,US,1997-09-14,TYMSC,,98.90,86.38,709,703,0.0145,,EA,ORB
IRIDIUM 33 DEB,1997-051AAL,39779,DEB,,US,1997-09-14,TYMSC,,99.20,86.30,754,687,0.0071,,EA,ORB
IRIDIUM 33 DEB,1997-051AAM,39780,DEB,D,US,1997-09-14,TYMSC,2014-11-30,97.51,86.16,657,623,0.0124,,EA,IMP
IRIDIUM 33 DEB,1997-051AAN,39781,DEB,,US,1997-09-14,TYMSC,,100.99,86.38,923,687,0.0080,,EA,ORB
IRIDIUM 33 DEB,1997-051AAP,39782,DEB,D,US,1997-09-14,TYMSC,2023-05-23,96.44,86.40,594,582,0.0104,,EA,IMP
IRIDIUM 33 DEB,1997-051AAQ,39783,DEB,D,US,1997-09-14,TYMSC,2026-01-27,92.86,86.11,424,405,0.0045,,EA,IMP
IRIDIUM 33 DEB,1997-051AAR,39784,DEB,D,US,1997-09-14,TYMSC,2022-09-29,93.95,86.34,497,439,0.0137,,EA,IMP
IRIDIUM 33 DEB,1997-051AAS,39785,DEB,D,US,1997-09-14,TYMSC,2020-09-08,90.76,86.31,319,305,0.0085,,EA,IMP
IRIDIUM 33 DEB,1997-051AAT,39786,DEB,D,US,1997-09-14,TYMSC,2023-04-23,91.78,86.33,378,346,0.0125,,EA,IMP
IRIDIUM 33 DEB,1997-051AAU,39787,DEB,D,US,1997-09-14,TYMSC,2024-10-28,97.79,86.20,672,634,0.0053,,EA,IMP
IRIDIUM 33 DEB,1997-051AAV,39788,DEB,D,US,1997-09-14,TYMSC,2018-09-27,92.70,86.27,426,387,0.0164,,EA,IMP
IRIDIUM 33 DEB,1997-051AAW,39789,DEB,D,US,1997-09-14,TYMSC,2016-12-30,94.48,86.52,509,478,0.0133,,EA,IMP
IRIDIUM 33 DEB,1997-051AAX,39790,DEB,D,US,1997-09-14,TYMSC,2024-03-01,94.84,86.16,525,496,0.0048,,EA,IMP
IRIDIUM 33 DEB,1997-051AAY,39791,DEB,D,US,1997-09-14,TYMSC,2023-07-28,97.65,86.33,710,582,0.0145,,EA,IMP
IRIDIUM 33 DEB,1997-051AAZ,39792,DEB,D,US,1997-09-14,TYMSC,2025-02-14,100.24,86.41,859,681,0.0080,,EA,IMP
IRIDIUM 33 DEB,1997-051ABA,39793,DEB,D,US,1997-09-14,TYMSC,2020-05-16,91.36,86.33,351,331,0.0108,,EA,IMP
IRIDIUM 33 DEB,1997-051ABB,39794,DEB,D,US,1997-09-14,TYMSC,2022-03-07,96.47,86.36,615,564,0.0070,,EA,IMP
IRIDIUM 33 DEB,1997-051ABC,39795,DEB,D,US,1997-09-14,TYMSC,2015-07-22,94.57,86.31,505,491,0.0018,,EA,IMP
IRIDIUM 33 DEB,1997-051ABD,39796,DEB,D,US,1997-09-14,TYMSC,2024-08-15,99.67,86.37,794,692,0.0051,,EA,IMP
IRIDIUM 47 DEB,1997-082H,40248,DEB,D,US,1997-12-20,AFWTR,2020-08-12,90.94,85.80,327,314,0.0146,,EA,IMP
IRIDIUM 47 DEB,1997-082J,40249,DEB,,US,1997-12-20,AFWTR,,99.81,86.39,751,748,0.0400,,EA,ORB
IRIDIUM 47 DEB,1997-082K,40250,DEB,D,US,1997-12-20,AFWTR,2015-01-29,93.08,85.79,437,413,0.0004,,EA,IMP
IRIDIUM 47 DEB,1997-082L,40251,DEB,,US,1997-12-20,AFWTR,,100.40,86.33,860,695,0.0068,,EA,ORB
IRIDIUM 47 DEB,1997-082M,40252,DEB,D,US,1997-12-20,AFWTR,2023-03-11,93.97,86.38,486,451,0.0077,,EA,IMP
IRIDIUM 47 DEB,1997-082N,40253,DEB,D,US,1997-12-20,AFWTR,2015-05-22,94.59,86.14,510,488,0.0018,,EA,IMP
IRIDIUM 47 DEB,1997-082P,40254,DEB,,US,1997-12-20,AFWTR,,97.19,85.99,659,590,0.0152,,EA,ORB
IRIDIUM 47 DEB,1997-082Q,40255,DEB,,US,1997-12-20,AFWTR,,99.75,86.28,838,655,0.0132,,EA,ORB
IRIDIUM 47 DEB,1997-082R,40256,DEB,D,US,1997-12-20,AFWTR,2018-11-24,92.59,86.27,404,399,0.0119,,EA,IMP
IRIDIUM 47 DEB,1997-082S,40257,DEB,D,US,1997-12-20,AFWTR,2015-03-29,90.98,86.26,346,299,0.0475,,EA,IMP
IRIDIUM 33 DEB,1997-051ABE,40992,DEB,D,US,1997-09-14,TYMSC,2023-05-23,97.67,86.30,656,639,0.0050,,EA,IMP
IRIDIUM 33 DEB,1997-051ABF,40993,DEB,D,US,1997-09-14,TYMSC,2023-06-08,96.06,86.36,583,556,0.0104,,EA,IMP
IRIDIUM 33 DEB,1997-051ABG,40994,DEB,D,US,1997-09-14,TYMSC,2024-04-18,95.75,86.38,555,554,0.0041,,EA,IMP
IRIDIUM 33 DEB,1997-051ABH,40995,DEB,D,US,1997-09-14,TYMSC,2025-01-20,99.34,86.39,759,695,0.0151,,EA,IMP
IRIDIUM 33 DEB,1997-051ABJ,40996,DEB,,US,1997-09-14,TYMSC,,94.88,86.34,518,508,0.0070,,EA,ORB
IRIDIUM 33 DEB,1997-051ABK,40997,DEB,D,US,1997-09-14,TYMSC,2021-12-19,91.95,86.33,377,363,0.0157,,EA,IMP
IRIDIUM 33 DEB,1997-051ABL,40998,DEB,,US,1997-09-14,TYMSC,,99.59,86.38,744,735,0.0168,,EA,ORB
FENGYUN 2A DEB,1997-029D,43355,DEB,,PRC,1997-06-10,XICLF,,1436.07,14.85,36094,35479,,,EA,ORB
IRIDIUM 33 DEB,1997-051ABM,44995,DEB,D,US,1997-09-14,TYMSC,2022-04-29,95.80,86.33,568,547,,,EA,IMP
IRIDIUM 33 DEB,1997-051ABN,46435,DEB,,US,1997-09-14,TYMSC,,100.01,86.28,899,618,,,EA,ORB
IRIDIUM 33 DEB,1997-051ABP,46436,DEB,D,US,1997-09-14,TYMSC,2023-04-01,97.65,86.31,663,630,,,EA,IMP
IRIDIUM 33 DEB,1997-051ABQ,46437,DEB,D,US,1997-09-14,TYMSC,2023-02-07,93.72,86.49,472,441,,,EA,IMP
IRIDIUM 33 DEB,1997-051ABR,46734,DEB,,US,1997-09-14,TYMSC,,99.77,86.26,774,721,,,EA,ORB
IRIDIUM 33 DEB,1997-051ABS,46804,DEB,D,US,1997-09-14,TYMSC,2024-12-24,100.82,86.17,880,714,,,EA,IMP
IRIDIUM 33 DEB,1997-051ABT,46961,DEB,D,US,1997-09-14,TYMSC,2023-05-31,97.43,86.39,668,603,,,EA,IMP
IRIDIUM 33 DEB,1997-051ABU,46962,DEB,D,US,1997-09-14,TYMSC,2024-11-16,97.18,86.30,664,583,,,EA,IMP
IRIDIUM 33 DEB,1997-051ABV,46963,DEB,D,US,1997-09-14,TYMSC,2023-12-08,98.77,86.29,733,667,,,EA,IMP
IRIDIUM 33 DEB,1997-051ABW,46964,DEB,D,US,1997-09-14,TYMSC,2024-01-19,96.42,86.24,610,564,,,EA,IMP
IRIDIUM 33 DEB,1997-051ABX,46965,DEB,,US,1997-09-14,TYMSC,,98.50,86.33,700,674,,,EA,ORB
IRIDIUM 33 DEB,1997-051ABY,46966,DEB,D,US,1997-09-14,TYMSC,2024-08-20,100.10,86.41,843,683,,,EA,IMP
IRIDIUM 33 DEB,1997-051ABZ,46967,DEB,D,US,1997-09-14,TYMSC,2023-05-04,95.50,86.22,555,531,,,EA,IMP
IRIDIUM 33 DEB,1997-051ACA,46968,DEB,D,US,1997-09-14,TYMSC,2022-05-17,93.88,86.26,476,453,,,EA,IMP
IRIDIUM 33 DEB,1997-051ACB,46969,DEB,D,US,1997-09-14,TYMSC,2022-08-04,92.41,97.44,398,388,,,EA,IMP
IRIDIUM 33 DEB,1997-051ACC,46970,DEB,D,US,1997-09-14,TYMSC,2022-07-20,95.77,86.20,574,538,,,EA,IMP
IRIDIUM 33 DEB,1997-051ACD,46971,DEB,,US,1997-09-14,TYMSC,,95.02,86.31,526,513,,,EA,ORB
IRIDIUM 33 DEB,1997-051ACE,46972,DEB,,US,1997-09-14,TYMSC,,99.20,86.39,727,713,,,EA,ORB
IRIDIUM 33 DEB,1997-051ACF,46973,DEB,D,US,1997-09-14,TYMSC,2024-08-25,99.53,86.37,826,646,,,EA,IMP
IRIDIUM 33 DEB,1997-051ACG,46974,DEB,,US,1997-09-14,TYMSC,,99.37,86.30,791,665,,,EA,ORB
IRIDIUM 33 DEB,1997-051ACH,46975,DEB,D,US,1997-09-14,TYMSC,2023-07-07,96.19,86.38,589,564,,,EA,IMP
IRIDIUM 33 DEB,1997-051ACJ,46976,DEB,D,US,1997-09-14,TYMSC,2025-09-11,93.26,86.38,442,426,,,EA,IMP
IRIDIUM 33 DEB,1997-051ACK,46977,DEB,D,US,1997-09-14,TYMSC,2024-12-12,99.20,86.09,760,681,,,EA,IMP
IRIDIUM 33 DEB,1997-051ACL,46978,DEB,D,US,1997-09-14,TYMSC,2023-08-14,97.19,86.23,647,601,,,EA,IMP
IRIDIUM 33 DEB,1997-051ACM,46979,DEB,,US,1997-09-14,TYMSC,,94.77,86.32,518,497,,,EA,ORB
IRIDIUM 33 DEB,1997-051ACN,46980,DEB,,US,1997-09-14,TYMSC,,94.28,86.35,487,480,,,EA,ORB
IRIDIUM 33 DEB,1997-051ACP,46981,DEB,D,US,1997-09-14,TYMSC,2024-07-09,99.98,86.31,836,679,,,EA,IMP
IRIDIUM 33 DEB,1997-051ACQ,46982,DEB,D,US,1997-09-14,TYMSC,2023-11-28,96.33,86.37,588,577,,,EA,IMP
IRIDIUM 33 DEB,1997-051ACR,46983,DEB,D,US,1997-09-14,TYMSC,2023-08-09,93.42,86.35,450,434,,,EA,IMP
ORBCOMM FM05 DEB,1997-084L,50140,DEB,,ORB,1997-12-23,ERAS,,99.59,45.02,741,737,,,EA,ORB
ORBCOMM FM05 DEB,1997-084M,50141,DEB,D,ORB,1997-12-23,ERAS,2022-07-10,93.25,44.84,455,413,,,EA,IMP
ORBCOMM FM05 DEB,1997-084N,50142,DEB,D,ORB,1997-12-23,ERAS,2023-09-27,92.81,44.81,440,384,,,EA,IMP
ORBCOMM FM05 DEB,1997-084P,50143,DEB,D,ORB,1997-12-23,ERAS,2022-06-04,94.57,44.89,522,473,,,EA,IMP
ORBCOMM FM05 DEB,1997-084Q,50144,DEB,D,ORB,1997-12-23,ERAS,2022-04-28,95.19,44.83,586,469,,,EA,IMP
ORBCOMM FM05 DEB,1997-084R,50145,DEB,D,ORB,1997-12-23,ERAS,2022-01-16,97.91,44.89,787,530,,,EA,IMP
ORBCOMM FM05 DEB,1997-084S,50146,DEB,D,ORB,1997-12-23,ERAS,2024-09-02,93.12,45.00,454,401,,,EA,IMP
ORBCOMM FM05 DEB,1997-084T,50147,DEB,D,ORB,1997-12-23,ERAS,2022-02-04,98.42,44.92,928,438,,,EA,IMP
ORBCOMM FM 5 DEB,1997-084U,51090,DEB,D,ORB,1997-12-23,ERAS,2024-09-09,100.24,45.02,813,726,,,EA,IMP
ORBCOMM FM 5 DEB,1997-084V,51091,DEB,D,ORB,1997-12-23,ERAS,2024-11-08,96.80,45.07,637,574,,,EA,IMP
ORBCOMM FM 5 DEB,1997-084W,51092,DEB,,ORB,1997-12-23,ERAS,,100.35,45.03,804,747,,,EA,ORB
ORBCOMM FM05 DEB,1997-084X,51448,DEB,,ORB,1997-12-23,ERAS,,100.49,45.01,809,755,,,EA,ORB
ORBCOMM FM05 DEB,1997-084Y,51449,DEB,D,ORB,1997-12-23,ERAS,2022-04-19,98.75,44.94,925,473,,,EA,IMP
ORBCOMM FM05 DEB,1997-084Z,51450,DEB,,ORB,1997-12-23,ERAS,,98.56,45.01,703,676,,,EA,ORB
IRIDIUM 47 DEB,1997-082T,57002,DEB,D,US,1997-12-20,AFWTR,2024-02-28,96.72,86.38,608,596,,,EA,IMP
IRIDIUM 47 DEB,1997-082U,57003,DEB,D,US,1997-12-20,AFWTR,2024-12-10,92.73,86.34,423,394,,,EA,IMP
DMSP 5D-2 F14 DEB,1997-012F,62935,DEB,D,US,1997-04-04,AFWTR,2025-03-31,92.03,98.89,391,357,,,EA,IMP
DMSP 5D-2 F14 DEB,1997-012G,62936,DEB,D,US,1997-04-04,AFWTR,2026-03-19,92.03,99.20,393,356,,,EA,IMP
DMSP 5D-2 F14 DEB,1997-012H,62937,DEB,,US,1997-04-04,AFWTR,,99.02,99.01,733,691,,,EA,ORB
DMSP 5D-2 F14 DEB,1997-012J,62938,DEB,,US,1997-04-04,AFWTR,,101.43,98.83,827,826,,,EA,ORB
DMSP 5D-2 F14 DEB,1997-012K,62939,DEB,,US,1997-04-04,AFWTR,,101.48,98.80,835,823,,,EA,ORB
DMSP 5D-2 F14 DEB,1997-012L,62940,DEB,D,US,1997-04-04,AFWTR,2025-10-31,95.30,98.91,541,525,,,EA,IMP
DMSP 5D-2 F14 DEB,1997-012M,62941,DEB,,US,1997-04-04,AFWTR,,100.42,99.46,806,750,,,EA,ORB
DMSP 5D-2 F14 DEB,1997-012N,62942,DEB,,US,1997-04-04,AFWTR,,101.21,99.33,909,723,,,EA,ORB
DMSP 5D-2 F14 DEB,1997-012P,62943,DEB,,US,1997-04-04,AFWTR,,98.31,98.99,683,673,,,EA,ORB
DMSP 5D-2 F14 DEB,1997-012Q,62944,DEB,,US,1997-04-04,AFWTR,,99.10,98.07,783,648,,,EA,ORB
DMSP 5D-2 F14 DEB,1997-012R,62945,DEB,,US,1997-04-04,AFWTR,,96.87,98.34,723,494,,,EA,ORB
DMSP 5D-2 F14 DEB,1997-012S,62946,DEB,D,US,1997-04-04,AFWTR,2025-12-15,92.84,98.46,424,403,,,EA,IMP
DMSP 5D-2 F14 DEB,1997-012T,62947,DEB,D,US,1997-04-04,AFWTR,2025-12-14,93.75,99.45,473,442,,,EA,IMP
DMSP 5D-2 F14 DEB,1997-012U,63154,DEB,,US,1997-04-04,AFWTR,,100.89,98.77,826,776,,,EA,ORB
DMSP 5D-2 F14 DEB,1997-012V,63155,DEB,,US,1997-04-04,AFWTR,,100.97,98.84,828,781,,,EA,ORB
