OBJECT_NAME,OBJECT_ID,NORAD_CAT_ID,OBJECT_TYPE,OPS_STATUS_CODE,OWNER,LAUNCH_DATE,LAUNCH_SITE,DECAY_DATE,PERIOD,INCLINATION,APOGEE,PERIGEE,RCS,DATA_STATUS_CODE,ORBIT_CENTER,ORBIT_TYPE
STAR VIBE,2023-001A,55009,PAY,+,POL,2023-01-03,AFETR,,93.25,97.31,437,431,,,EA,ORB
MENUT,2023-001B,55010,PAY,+,SPN,2023-01-03,AFETR,,91.68,97.30,360,354,,,EA,ORB
BRO-8,2023-001C,55011,PAY,+,FR,2023-01-03,AFETR,,92.72,97.31,411,405,,,EA,ORB
CONNECTA T1.2,2023-001D,55012,PAY,+,TURK,2023-01-03,AFETR,,92.56,97.32,404,396,,,EA,ORB
LEMUR-2-PHILARI,2023-001E,55013,PAY,D,US,2023-01-03,AFETR,2024-08-13,90.94,97.41,326,316,,,EA,IMP
LEMUR-2-DISCLAIMER,2023-001F,55014,PAY,D,US,2023-01-03,AFETR,2024-07-28,87.60,97.39,166,146,,,EA,IMP
BIRKELAND,2023-001G,55015,PAY,+,NOR,2023-01-03,AFETR,,93.44,97.33,447,439,,,EA,ORB
TRANSPORTER-6 OBJECT H,2023-001H,55016,PAY,-,TBD,2023-01-03,AFETR,,93.32,97.31,441,434,,,EA,ORB
LEMUR-2-STEVEALBERS,2023-001J,55017,PAY,D,US,2023-01-03,AFETR,2024-09-20,87.76,97.37,172,155,,,EA,IMP
KSF3-C,2023-001K,55018,PAY,D,LUXE,2023-01-03,AFETR,2025-02-02,88.29,97.35,195,184,,,EA,IMP
KSF3-B,2023-001L,55019,PAY,D,LUXE,2023-01-03,AFETR,2025-12-07,87.63,97.32,165,149,,,EA,IMP
FLOCK 4Y-24,2023-001M,55020,PAY,D,US,2023-01-03,AFETR,2025-09-21,87.83,97.34,176,158,,,EA,IMP
FLOCK 4Y-32,2023-001N,55021,PAY,D,US,2023-01-03,AFETR,2025-07-07,88.13,97.34,193,171,,,EA,IMP
FLOCK 4Y-22,2023-001P,55022,PAY,D,US,2023-01-03,AFETR,2025-10-04,88.01,97.33,185,167,,,EA,IMP
FLOCK 4Y-18,2023-001Q,55023,PAY,D,US,2023-01-03,AFETR,2025-09-22,88.77,97.33,222,205,,,EA,IMP
FLOCK 4Y-14,2023-001R,55024,PAY,D,US,2023-01-03,AFETR,2025-09-20,88.77,97.35,222,205,,,EA,IMP
FLOCK 4Y-30,2023-001S,55025,PAY,D,US,2023-01-03,AFETR,2025-07-26,88.01,97.35,186,166,,,EA,IMP
FLOCK 4Y-19,2023-001T,55026,PAY,D,US,2023-01-03,AFETR,2024-10-25,88.58,97.38,210,199,,,EA,IMP
FLOCK 4Y-25,2023-001U,55027,PAY,D,US,2023-01-03,AFETR,2025-08-24,88.21,97.33,194,177,,,EA,IMP
FLOCK 4Y-5,2023-001V,55028,PAY,D,US,2023-01-03,AFETR,2025-08-23,87.74,97.34,173,152,,,EA,IMP
FLOCK 4Y-10,2023-001W,55029,PAY,D,US,2023-01-03,AFETR,2025-09-17,88.46,97.33,207,190,,,EA,IMP
FLOCK 4Y-29,2023-001X,55030,PAY,D,US,2023-01-03,AFETR,2025-05-11,87.89,97.34,179,160,,,EA,IMP
FLOCK 4Y-17,2023-001Y,55031,PAY,D,US,2023-01-03,AFETR,2025-07-06,87.92,97.34,182,162,,,EA,IMP
FLOCK 4Y-7,2023-001Z,55032,PAY,D,US,2023-01-03,AFETR,2025-10-16,87.66,97.33,167,151,,,EA,IMP
FLOCK 4Y-28,2023-001AA,55033,PAY,D,US,2023-01-03,AFETR,2025-02-09,88.12,97.37,187,176,,,EA,IMP
LYNK TOWER 4,2023-001AB,55034,PAY,+,US,2023-01-03,AFETR,,93.86,97.31,468,459,,,EA,ORB
FLOCK 4Y-3,2023-001AC,55035,PAY,D,US,2023-01-03,AFETR,2024-11-21,87.83,97.38,171,163,,,EA,IMP
UMBRA-05,2023-001AD,55036,PAY,D,US,2023-01-03,AFETR,2025-11-18,88.24,97.33,194,180,,,EA,IMP
LEMUR-2-EMMACULATE,2023-001AE,55037,PAY,D,US,2023-01-03,AFETR,2024-05-23,87.51,97.40,159,143,,,EA,IMP
LEMUR-2-MMOLO,2023-001AF,55038,PAY,D,US,2023-01-03,AFETR,2024-10-20,88.43,97.39,203,191,,,EA,IMP
FLOCK 4Y-1,2023-001AG,55039,PAY,D,US,2023-01-03,AFETR,2024-12-18,87.61,97.39,162,150,,,EA,IMP
FLOCK 4Y-16,2023-001AH,55040,PAY,D,US,2023-01-03,AFETR,2025-06-22,87.52,97.34,164,140,,,EA,IMP
SKYKRAFT-1,2023-001AJ,55041,PAY,+,AUS,2023-01-03,AFETR,,91.51,97.31,351,345,,,EA,ORB
FLOCK 4Y-33,2023-001AK,55042,PAY,D,US,2023-01-03,AFETR,2025-09-24,88.52,97.34,210,192,,,EA,IMP
FLOCK 4Y-11,2023-001AL,55043,PAY,D,US,2023-01-03,AFETR,2025-10-19,87.73,97.34,171,153,,,EA,IMP
STERNULA-1,2023-001AM,55044,PAY,D,DEN,2023-01-03,AFETR,2025-01-07,87.49,97.37,157,144,,,EA,IMP
CONTINUUM-1,2023-001AN,55045,PAY,+,AUS,2023-01-03,AFETR,,93.95,97.33,473,462,,,EA,ORB
LYNK TOWER 3,2023-001AP,55046,PAY,+,US,2023-01-03,AFETR,,93.65,97.31,457,449,,,EA,ORB
NUSAT-33 (ALBANIA-2),2023-001AQ,55047,PAY,+,ARGN,2023-01-03,AFETR,,94.19,97.30,484,475,,,EA,ORB
NUSAT-35 (WILLIAMINA),2023-001AR,55048,PAY,+,ARGN,2023-01-03,AFETR,,93.71,97.18,463,449,,,EA,ORB
ICEYE-X21,2023-001AS,55049,PAY,D,FIN,2023-01-03,AFETR,2026-06-25,87.80,97.29,174,157,,,EA,IMP
UMBRA-04,2023-001AT,55050,PAY,D,US,2023-01-03,AFETR,2024-09-03,90.75,97.41,319,304,,,EA,IMP
ION SCV-008,2023-001AU,55051,PAY,+,IT,2023-01-03,AFETR,,94.16,97.57,489,467,,,EA,ORB
SKYKRAFT-1D,2023-001AV,55052,PAY,D,AUS,2023-01-03,AFETR,2025-05-19,87.81,97.34,174,157,,,EA,IMP
EOSSAT-1,2023-001AW,55053,PAY,+,SAFR,2023-01-03,AFETR,,93.86,97.32,469,458,,,EA,ORB
SKYKRAFT-1A,2023-001AX,55054,PAY,+,AUS,2023-01-03,AFETR,,94.13,97.32,482,471,,,EA,ORB
FLOCK 4Y-4,2023-001AY,55055,PAY,D,US,2023-01-03,AFETR,2025-03-03,87.61,97.34,163,149,,,EA,IMP
VIGORIDE-5,2023-001AZ,55056,PAY,+,US,2023-01-03,AFETR,,91.83,97.32,367,361,,,EA,ORB
FLOCK 4Y-35,2023-001BA,55057,PAY,D,US,2023-01-03,AFETR,2025-06-18,87.64,97.34,170,145,,,EA,IMP
SKYKRAFT-1B,2023-001BB,55058,PAY,D,AUS,2023-01-03,AFETR,2025-12-10,87.67,97.31,165,154,,,EA,IMP
ORBITER SN1,2023-001BC,55059,PAY,D,US,2023-01-03,AFETR,2025-01-02,87.66,97.37,165,151,,,EA,IMP
ION SCV-007,2023-001BD,55060,PAY,+,IT,2023-01-03,AFETR,,97.46,97.90,646,627,,,EA,ORB
SKYKRAFT-1C,2023-001BE,55061,PAY,+,AUS,2023-01-03,AFETR,,94.41,97.31,496,484,,,EA,ORB
ICEYE-X27,2023-001BF,55062,PAY,D,US,2023-01-03,AFETR,2025-11-15,88.44,97.33,202,193,,,EA,IMP
FLOCK 4Y-20,2023-001BG,55063,PAY,D,US,2023-01-03,AFETR,2025-09-13,88.69,97.34,219,201,,,EA,IMP
NUSAT-32 (ALBANIA-1),2023-001BH,55064,PAY,D,ARGN,2023-01-03,AFETR,2026-01-29,87.45,97.17,154,142,,,EA,IMP
FLOCK 4Y-12,2023-001BJ,55065,PAY,D,US,2023-01-03,AFETR,2025-09-25,87.90,97.33,180,161,,,EA,IMP
FLOCK 4Y-6,2023-001BK,55066,PAY,D,US,2023-01-03,AFETR,2025-06-25,87.72,97.35,172,150,,,EA,IMP
NSL-2,2023-001BL,55067,PAY,D,ISRA,2023-01-03,AFETR,2024-07-11,88.50,97.39,210,190,,,EA,IMP
FLOCK 4Y-15,2023-001BM,55068,PAY,D,US,2023-01-03,AFETR,2025-09-19,87.99,97.34,184,166,,,EA,IMP
FLOCK 4Y-9,2023-001BN,55069,PAY,D,US,2023-01-03,AFETR,2025-05-01,87.84,97.35,176,159,,,EA,IMP
FLOCK 4Y-26,2023-001BP,55070,PAY,D,US,2023-01-03,AFETR,2025-07-26,88.31,97.35,202,180,,,EA,IMP
FLOCK 4Y-8,2023-001BQ,55071,PAY,D,US,2023-01-03,AFETR,2025-05-03,88.12,97.34,191,173,,,EA,IMP
SPHERE-1 EYE,2023-001BR,55072,PAY,D,JPN,2023-01-03,AFETR,2025-02-27,87.64,97.35,165,150,,,EA,IMP
TAUSAT-2,2023-001BS,55073,PAY,D,ISRA,2023-01-03,AFETR,2025-03-23,87.94,97.34,180,165,,,EA,IMP
FLOCK 4Y-2,2023-001BT,55074,PAY,D,US,2023-01-03,AFETR,2025-09-24,88.28,97.33,198,181,,,EA,IMP
FLOCK 4Y-31,2023-001BU,55075,PAY,D,US,2023-01-03,AFETR,2024-09-10,87.80,97.38,175,156,,,EA,IMP
YAM-5,2023-001BV,55076,PAY,+,US,2023-01-03,AFETR,,93.52,97.31,452,442,,,EA,ORB
FLOCK 4Y-21,2023-001BW,55077,PAY,D,US,2023-01-03,AFETR,2025-09-21,88.52,97.35,210,193,,,EA,IMP
FLOCK 4Y-36,2023-001BX,55078,PAY,D,US,2023-01-03,AFETR,2025-06-24,87.50,97.33,162,140,,,EA,IMP
FLOCK 4Y-13,2023-001BY,55079,PAY,D,US,2023-01-03,AFETR,2025-08-11,87.78,97.33,174,156,,,EA,IMP
FLOCK 4Y-23,2023-001BZ,55080,PAY,D,US,2023-01-03,AFETR,2025-06-21,89.07,97.35,238,219,,,EA,IMP
TRANSPORTER-6 OBJECT CA,2023-001CA,55081,PAY,D,TBD,2023-01-03,AFETR,2025-12-29,87.70,97.30,165,155,,,EA,IMP
FLOCK 4Y-34,2023-001CB,55082,PAY,D,US,2023-01-03,AFETR,2025-08-03,87.42,97.33,158,135,,,EA,IMP
FLOCK 4Y-27,2023-001CC,55083,PAY,D,US,2023-01-03,AFETR,2025-06-09,87.61,97.35,166,146,,,EA,IMP
GAMA-ALPHA,2023-001CD,55084,PAY,D,FR,2023-01-03,AFETR,2026-01-15,87.63,97.33,162,153,,,EA,IMP
KSF3-D,2023-001CE,55085,PAY,D,LUXE,2023-01-03,AFETR,2025-10-10,87.94,97.33,180,165,,,EA,IMP
KSF3-A,2023-001CF,55086,PAY,D,LUXE,2023-01-03,AFETR,2025-12-10,88.10,97.32,187,174,,,EA,IMP
SPACEBEE-167,2023-001CG,55087,PAY,D,US,2023-01-03,AFETR,2024-10-10,87.59,97.37,162,148,,,EA,IMP
LEMUR-2-FUENTETAJA-01,2023-001CH,55088,PAY,D,US,2023-01-03,AFETR,2024-08-04,90.14,97.42,289,274,,,EA,IMP
SPACEBEE-163,2023-001CJ,55089,PAY,D,US,2023-01-03,AFETR,2024-08-31,88.48,97.37,208,191,,,EA,IMP
TRANSPORTER-6 OBJECT CK,2023-001CK,55090,PAY,D,TBD,2023-01-03,AFETR,2025-03-15,87.80,97.35,173,158,,,EA,IMP
SPACEBEE-164,2023-001CL,55091,PAY,D,US,2023-01-03,AFETR,2024-09-26,87.76,97.38,172,156,,,EA,IMP
SPACEBEE-166,2023-001CM,55092,PAY,D,US,2023-01-03,AFETR,2024-09-06,89.74,97.39,269,253,,,EA,IMP
HUYGENS,2023-001CN,55093,PAY,+,NOR,2023-01-03,AFETR,,93.44,97.32,449,437,,,EA,ORB
SPACEBEE-165,2023-001CP,55094,PAY,D,US,2023-01-03,AFETR,2024-09-18,89.66,97.39,264,251,,,EA,IMP
SPACEBEE-162,2023-001CQ,55095,PAY,D,US,2023-01-03,AFETR,2024-09-24,87.61,97.38,166,147,,,EA,IMP
SPACEBEE-161,2023-001CR,55096,PAY,D,US,2023-01-03,AFETR,2024-09-21,87.74,97.38,171,154,,,EA,IMP
SPACEBEE-160,2023-001CS,55097,PAY,D,US,2023-01-03,AFETR,2024-09-16,87.44,97.38,156,140,,,EA,IMP
BDSAT-2,2023-001CT,55098,PAY,D,CZCH,2023-01-03,AFETR,2025-02-14,88.48,97.36,205,194,,,EA,IMP
SPACEBEE-156,2023-001CU,55099,PAY,D,US,2023-01-03,AFETR,2024-09-15,87.44,97.38,156,140,,,EA,IMP
SPACEBEE-158,2023-001CV,55100,PAY,D,US,2023-01-03,AFETR,2024-09-13,87.47,97.38,157,141,,,EA,IMP
SPACEBEE-159,2023-001CW,55101,PAY,D,US,2023-01-03,AFETR,2024-09-05,89.14,97.39,241,223,,,EA,IMP
SPACEBEE-157,2023-001CX,55102,PAY,D,US,2023-01-03,AFETR,2024-09-01,87.64,97.38,167,148,,,EA,IMP
KUWAITSAT-1,2023-001CY,55103,PAY,+,KWT,2023-01-03,AFETR,,92.77,97.32,416,404,,,EA,ORB
SHARJAHSAT-1,2023-001CZ,55104,PAY,+,UAE,2023-01-03,AFETR,,92.82,97.31,416,409,,,EA,ORB
FUTURA-SM1,2023-001DA,55105,PAY,D,IT,2023-01-03,AFETR,2023-05-03,88.63,97.41,217,196,,,EA,IMP
FUTURA-SM3,2023-001DB,55106,PAY,D,IT,2023-01-03,AFETR,2023-04-19,91.11,97.49,342,315,,,EA,IMP
AAC-AIS-SAT1,2023-001DC,55107,PAY,+,UK,2023-01-03,AFETR,,96.48,97.92,597,583,,,EA,ORB
TRANSPORTER-6 OBJECT DD,2023-001DD,55108,UNK,D,TBD,2023-01-03,AFETR,2025-02-08,87.87,97.36,175,163,,,EA,IMP
ASTROCAST-0402,2023-001DE,55109,PAY,+,SWTZ,2023-01-03,AFETR,,94.12,97.56,479,473,,,EA,ORB
ASTROCAST-0401,2023-001DF,55110,PAY,+,SWTZ,2023-01-03,AFETR,,94.13,97.55,481,472,,,EA,ORB
ASTROCAST-0403,2023-001DG,55111,PAY,+,SWTZ,2023-01-03,AFETR,,93.88,97.56,468,460,,,EA,ORB
ASTROCAST-0404,2023-001DH,55112,PAY,+,SWTZ,2023-01-03,AFETR,,94.16,97.57,483,472,,,EA,ORB
SHIJIAN-23 (SJ-23),2023-002A,55131,PAY,+,PRC,2023-01-08,WSC,,1439.47,3.88,35863,35842,,,EA,ORB
CZ-7A R/B,2023-002B,55132,R/B,,PRC,2023-01-08,WSC,,318.57,16.46,17960,186,,,EA,ORB
OBJECT A,2023-003A,55133,PAY,D,PRC,2023-01-09,JSC,2025-12-09,88.45,97.14,203,193,,,EA,IMP
OBJECT B,2023-003B,55134,PAY,D,PRC,2023-01-09,JSC,2024-11-30,87.62,97.19,163,150,,,EA,IMP
OBJECT C,2023-003C,55135,PAY,+,PRC,2023-01-09,JSC,,92.41,97.15,394,391,,,EA,ORB
OBJECT D,2023-003D,55136,PAY,D,PRC,2023-01-09,JSC,2024-11-30,87.70,97.19,167,154,,,EA,IMP
OBJECT E,2023-003E,55137,PAY,+,PRC,2023-01-09,JSC,,92.44,97.14,396,392,,,EA,ORB
ONEWEB-0532,2023-004A,55140,PAY,+,UK,2023-01-10,AFETR,,109.29,87.92,1195,1193,,,EA,ORB
ONEWEB-0533,2023-004B,55141,PAY,+,UK,2023-01-10,AFETR,,109.72,87.90,1215,1212,,,EA,ORB
ONEWEB-0541,2023-004C,55142,PAY,+,UK,2023-01-10,AFETR,,109.80,87.89,1219,1216,,,EA,ORB
ONEWEB-0543,2023-004D,55143,PAY,+,UK,2023-01-10,AFETR,,109.20,87.92,1191,1188,,,EA,ORB
ONEWEB-0544,2023-004E,55144,PAY,+,UK,2023-01-10,AFETR,,109.20,87.92,1191,1188,,,EA,ORB
ONEWEB-0560,2023-004F,55145,PAY,+,UK,2023-01-10,AFETR,,109.20,87.92,1191,1188,,,EA,ORB
ONEWEB-0565,2023-004G,55146,PAY,+,UK,2023-01-10,AFETR,,109.20,87.92,1191,1188,,,EA,ORB
ONEWEB-0567,2023-004H,55147,PAY,+,UK,2023-01-10,AFETR,,109.20,87.92,1191,1188,,,EA,ORB
ONEWEB-0569,2023-004J,55148,PAY,+,UK,2023-01-10,AFETR,,109.63,87.90,1212,1208,,,EA,ORB
ONEWEB-0570,2023-004K,55149,PAY,+,UK,2023-01-10,AFETR,,109.20,87.92,1191,1189,,,EA,ORB
ONEWEB-0571,2023-004L,55150,PAY,+,UK,2023-01-10,AFETR,,109.20,87.92,1191,1188,,,EA,ORB
ONEWEB-0572,2023-004M,55151,PAY,+,UK,2023-01-10,AFETR,,109.29,87.92,1195,1192,,,EA,ORB
ONEWEB-0573,2023-004N,55152,PAY,+,UK,2023-01-10,AFETR,,109.20,87.92,1191,1188,,,EA,ORB
ONEWEB-0588,2023-004P,55153,PAY,+,UK,2023-01-10,AFETR,,109.20,87.92,1191,1189,,,EA,ORB
ONEWEB-0598,2023-004Q,55154,PAY,+,UK,2023-01-10,AFETR,,109.81,87.89,1219,1216,,,EA,ORB
ONEWEB-0599,2023-004R,55155,PAY,+,UK,2023-01-10,AFETR,,109.29,87.92,1195,1192,,,EA,ORB
ONEWEB-0614,2023-004S,55156,PAY,+,UK,2023-01-10,AFETR,,109.80,87.89,1219,1217,,,EA,ORB
ONEWEB-0616,2023-004T,55157,PAY,+,UK,2023-01-10,AFETR,,109.29,87.92,1196,1192,,,EA,ORB
ONEWEB-0617,2023-004U,55158,PAY,+,UK,2023-01-10,AFETR,,109.81,87.89,1219,1217,,,EA,ORB
ONEWEB-0618,2023-004V,55159,PAY,P,UK,2023-01-10,AFETR,,95.13,86.91,535,515,,,EA,ORB
ONEWEB-0619,2023-004W,55160,PAY,+,UK,2023-01-10,AFETR,,109.29,87.92,1195,1192,,,EA,ORB
ONEWEB-0620,2023-004X,55161,PAY,+,UK,2023-01-10,AFETR,,109.80,87.89,1219,1216,,,EA,ORB
ONEWEB-0621,2023-004Y,55162,PAY,+,UK,2023-01-10,AFETR,,109.80,87.89,1219,1216,,,EA,ORB
ONEWEB-0622,2023-004Z,55163,PAY,+,UK,2023-01-10,AFETR,,109.81,87.89,1218,1217,,,EA,ORB
ONEWEB-0623,2023-004AA,55164,PAY,+,UK,2023-01-10,AFETR,,109.29,87.92,1195,1193,,,EA,ORB
ONEWEB-0624,2023-004AB,55165,PAY,+,UK,2023-01-10,AFETR,,109.68,87.90,1213,1211,,,EA,ORB
ONEWEB-0625,2023-004AC,55166,PAY,+,UK,2023-01-10,AFETR,,109.29,87.92,1195,1192,,,EA,ORB
ONEWEB-0626,2023-004AD,55167,PAY,+,UK,2023-01-10,AFETR,,109.29,87.92,1195,1192,,,EA,ORB
ONEWEB-0627,2023-004AE,55168,PAY,+,UK,2023-01-10,AFETR,,109.29,87.92,1195,1193,,,EA,ORB
ONEWEB-0628,2023-004AF,55169,PAY,+,UK,2023-01-10,AFETR,,109.72,87.90,1215,1212,,,EA,ORB
ONEWEB-0629,2023-004AG,55170,PAY,+,UK,2023-01-10,AFETR,,109.29,87.92,1195,1192,,,EA,ORB
ONEWEB-0631,2023-004AH,55171,PAY,+,UK,2023-01-10,AFETR,,109.20,87.92,1191,1189,,,EA,ORB
ONEWEB-0709,2023-004AJ,55172,PAY,+,UK,2023-01-10,AFETR,,109.80,87.89,1219,1216,,,EA,ORB
ONEWEB-0710,2023-004AK,55173,PAY,+,UK,2023-01-10,AFETR,,109.29,87.92,1195,1192,,,EA,ORB
ONEWEB-0711,2023-004AL,55174,PAY,+,UK,2023-01-10,AFETR,,109.80,87.89,1219,1217,,,EA,ORB
ONEWEB-0713,2023-004AM,55175,PAY,+,UK,2023-01-10,AFETR,,109.80,87.89,1219,1217,,,EA,ORB
ONEWEB-0715,2023-004AN,55176,PAY,+,UK,2023-01-10,AFETR,,109.80,87.89,1219,1216,,,EA,ORB
ONEWEB-0716,2023-004AP,55177,PAY,+,UK,2023-01-10,AFETR,,109.29,87.92,1195,1192,,,EA,ORB
ONEWEB-0717,2023-004AQ,55178,PAY,+,UK,2023-01-10,AFETR,,109.29,87.92,1195,1193,,,EA,ORB
ONEWEB-0719,2023-004AR,55179,PAY,+,UK,2023-01-10,AFETR,,109.29,87.92,1195,1192,,,EA,ORB
SJ-23 AKM,2023-002C,55180,R/B,,PRC,2023-01-08,WSC,,1449.22,3.91,36049,36037,,,EA,ORB
APSTAR-6E,2023-005A,55239,PAY,P,PRC,2023-01-12,XICLF,,1436.08,0.06,35800,35773,,,EA,ORB
CZ-2D R/B,2023-005B,55240,R/B,D,PRC,2023-01-12,XICLF,2023-02-07,87.60,28.49,173,138,,,EA,IMP
SHIYAN-22A (SY-22A),2023-006A,55242,PAY,D,PRC,2023-01-13,JSC,2024-06-28,88.71,43.18,222,199,,,EA,IMP
SHIYAN-22B (SY-22B),2023-006B,55243,PAY,D,PRC,2023-01-13,JSC,2025-10-12,88.26,43.17,195,182,,,EA,IMP
YAOGAN-37,2023-006C,55244,PAY,+,PRC,2023-01-13,JSC,,94.88,43.20,523,502,,,EA,ORB
CZ-2D R/B,2023-006D,55245,R/B,D,PRC,2023-01-13,JSC,2024-02-17,88.02,43.16,185,167,,,EA,IMP
OBJECT A,2023-007A,55248,PAY,D,PRC,2023-01-15,TAISC,2025-02-01,87.56,97.26,159,148,,,EA,IMP
OBJECT B,2023-007B,55249,PAY,D,PRC,2023-01-15,TAISC,2024-10-24,88.67,97.29,214,203,,,EA,IMP
OBJECT C,2023-007C,55250,PAY,D,PRC,2023-01-15,TAISC,2024-06-15,87.69,97.28,172,149,,,EA,IMP
OBJECT D,2023-007D,55251,PAY,D,PRC,2023-01-15,TAISC,2024-05-21,87.41,97.28,155,137,,,EA,IMP
OBJECT E,2023-007E,55252,PAY,D,PRC,2023-01-15,TAISC,2024-10-31,87.30,97.27,147,134,,,EA,IMP
OBJECT F,2023-007F,55253,PAY,D,PRC,2023-01-15,TAISC,2025-02-24,87.88,97.26,176,163,,,EA,IMP
OBJECT G,2023-007G,55254,PAY,D,PRC,2023-01-15,TAISC,2024-10-13,87.38,97.27,154,135,,,EA,IMP
OBJECT H,2023-007H,55255,PAY,D,PRC,2023-01-15,TAISC,2023-12-13,87.55,97.30,162,145,,,EA,IMP
OBJECT J,2023-007J,55256,PAY,D,PRC,2023-01-15,TAISC,2024-03-20,87.56,97.29,160,148,,,EA,IMP
OBJECT K,2023-007K,55257,PAY,D,PRC,2023-01-15,TAISC,2025-01-24,87.85,97.29,174,162,,,EA,IMP
OBJECT L,2023-007L,55258,PAY,D,PRC,2023-01-15,TAISC,2024-11-11,87.50,97.28,157,145,,,EA,IMP
OBJECT M,2023-007M,55259,PAY,D,PRC,2023-01-15,TAISC,2024-11-30,87.50,97.26,157,144,,,EA,IMP
OBJECT N,2023-007N,55260,PAY,D,PRC,2023-01-15,TAISC,2024-06-24,88.27,97.27,201,176,,,EA,IMP
OBJECT P,2023-007P,55261,PAY,D,PRC,2023-01-15,TAISC,2024-10-09,88.27,97.27,195,183,,,EA,IMP
USA 342,2023-008A,55263,PAY,+,US,2023-01-15,AFETR,,1436.07,0.02,35787,35785,,,EA,ORB
LDPE-3A,2023-008B,55264,PAY,-,US,2023-01-15,AFETR,,1452.38,2.51,36113,36096,,,EA,ORB
FALCON HEAVY R/B,2023-008C,55265,R/B,,US,2023-01-15,AFETR,,1396.25,3.03,35230,34776,,,EA,ORB
FALCON HEAVY DEB,2023-008D,55266,DEB,,US,2023-01-15,AFETR,,1406.15,3.31,35248,35149,,,EA,ORB
LDPE-3A DEB,2023-008E,55267,DEB,,US,2023-01-15,AFETR,,1408.75,3.31,35265,35234,,,EA,ORB
NAVSTAR 82 (USA 343),2023-009A,55268,PAY,+,US,2023-01-18,AFETR,,717.96,55.13,20198,20166,,,EA,ORB
STARLINK-5277,2023-010A,55269,PAY,+,US,2023-01-19,AFWTR,,96.11,70.00,574,570,,,EA,ORB
STARLINK-5301,2023-010B,55270,PAY,D,US,2023-01-19,AFWTR,2025-02-25,87.32,69.98,147,136,,,EA,IMP
STARLINK-5306,2023-010C,55271,PAY,+,US,2023-01-19,AFWTR,,96.11,70.00,574,570,,,EA,ORB
STARLINK-5310,2023-010D,55272,PAY,+,US,2023-01-19,AFWTR,,96.11,70.00,574,570,,,EA,ORB
STARLINK-5291,2023-010E,55273,PAY,+,US,2023-01-19,AFWTR,,96.11,70.00,574,570,,,EA,ORB
STARLINK-5236,2023-010F,55274,PAY,+,US,2023-01-19,AFWTR,,96.11,70.00,574,570,,,EA,ORB
STARLINK-5260,2023-010G,55275,PAY,+,US,2023-01-19,AFWTR,,96.11,70.00,574,570,,,EA,ORB
STARLINK-5261,2023-010H,55276,PAY,+,US,2023-01-19,AFWTR,,96.11,70.00,574,570,,,EA,ORB
STARLINK-5299,2023-010J,55277,PAY,+,US,2023-01-19,AFWTR,,96.11,70.00,574,570,,,EA,ORB
STARLINK-5289,2023-010K,55278,PAY,+,US,2023-01-19,AFWTR,,96.11,70.00,574,570,,,EA,ORB
STARLINK-5323,2023-010L,55279,PAY,D,US,2023-01-19,AFWTR,2025-07-11,87.57,69.98,162,147,,,EA,IMP
STARLINK-5331,2023-010M,55280,PAY,+,US,2023-01-19,AFWTR,,96.11,70.00,574,570,,,EA,ORB
STARLINK-5298,2023-010N,55281,PAY,+,US,2023-01-19,AFWTR,,96.11,70.00,574,570,,,EA,ORB
STARLINK-5330,2023-010P,55282,PAY,+,US,2023-01-19,AFWTR,,96.11,70.00,574,570,,,EA,ORB
STARLINK-5317,2023-010Q,55283,PAY,+,US,2023-01-19,AFWTR,,96.11,70.00,574,570,,,EA,ORB
STARLINK-5337,2023-010R,55284,PAY,+,US,2023-01-19,AFWTR,,96.11,70.00,574,570,,,EA,ORB
STARLINK-5332,2023-010S,55285,PAY,+,US,2023-01-19,AFWTR,,96.11,70.00,574,570,,,EA,ORB
STARLINK-5338,2023-010T,55286,PAY,+,US,2023-01-19,AFWTR,,96.11,70.00,574,570,,,EA,ORB
STARLINK-5341,2023-010U,55287,PAY,+,US,2023-01-19,AFWTR,,96.11,70.00,574,570,,,EA,ORB
STARLINK-5311,2023-010V,55288,PAY,+,US,2023-01-19,AFWTR,,96.11,70.00,574,570,,,EA,ORB
STARLINK-5320,2023-010W,55289,PAY,+,US,2023-01-19,AFWTR,,96.11,70.00,574,570,,,EA,ORB
STARLINK-5266,2023-010X,55290,PAY,+,US,2023-01-19,AFWTR,,96.11,70.00,574,570,,,EA,ORB
STARLINK-5327,2023-010Y,55291,PAY,+,US,2023-01-19,AFWTR,,96.11,70.00,574,570,,,EA,ORB
STARLINK-5325,2023-010Z,55292,PAY,+,US,2023-01-19,AFWTR,,96.11,70.00,574,570,,,EA,ORB
STARLINK-5287,2023-010AA,55293,PAY,+,US,2023-01-19,AFWTR,,96.11,70.00,574,570,,,EA,ORB
STARLINK-5286,2023-010AB,55294,PAY,+,US,2023-01-19,AFWTR,,96.11,70.00,574,570,,,EA,ORB
STARLINK-5293,2023-010AC,55295,PAY,+,US,2023-01-19,AFWTR,,96.11,70.00,574,570,,,EA,ORB
STARLINK-5285,2023-010AD,55296,PAY,+,US,2023-01-19,AFWTR,,96.11,70.00,574,570,,,EA,ORB
STARLINK-5284,2023-010AE,55297,PAY,+,US,2023-01-19,AFWTR,,96.11,70.00,574,570,,,EA,ORB
STARLINK-5272,2023-010AF,55298,PAY,D,US,2023-01-19,AFWTR,2024-09-23,87.62,69.99,169,144,,,EA,IMP
STARLINK-5270,2023-010AG,55299,PAY,+,US,2023-01-19,AFWTR,,96.11,70.00,574,570,,,EA,ORB
STARLINK-5308,2023-010AH,55300,PAY,+,US,2023-01-19,AFWTR,,96.11,70.00,574,570,,,EA,ORB
STARLINK-5319,2023-010AJ,55301,PAY,D,US,2023-01-19,AFWTR,2023-01-31,87.17,69.99,144,124,,,EA,IMP
STARLINK-5321,2023-010AK,55302,PAY,+,US,2023-01-19,AFWTR,,96.11,70.00,574,570,,,EA,ORB
STARLINK-5322,2023-010AL,55303,PAY,+,US,2023-01-19,AFWTR,,96.11,70.00,574,570,,,EA,ORB
STARLINK-5318,2023-010AM,55304,PAY,+,US,2023-01-19,AFWTR,,96.11,70.00,574,570,,,EA,ORB
STARLINK-5316,2023-010AN,55305,PAY,+,US,2023-01-19,AFWTR,,96.11,70.00,574,570,,,EA,ORB
STARLINK-5295,2023-010AP,55306,PAY,+,US,2023-01-19,AFWTR,,96.11,70.00,574,570,,,EA,ORB
STARLINK-5288,2023-010AQ,55307,PAY,+,US,2023-01-19,AFWTR,,96.11,70.00,575,570,,,EA,ORB
STARLINK-5292,2023-010AR,55308,PAY,D,US,2023-01-19,AFWTR,2025-04-16,87.38,69.98,152,137,,,EA,IMP
STARLINK-5315,2023-010AS,55309,PAY,+,US,2023-01-19,AFWTR,,96.11,70.00,574,570,,,EA,ORB
STARLINK-5309,2023-010AT,55310,PAY,+,US,2023-01-19,AFWTR,,96.11,70.00,574,570,,,EA,ORB
STARLINK-5312,2023-010AU,55311,PAY,+,US,2023-01-19,AFWTR,,96.11,70.00,575,570,,,EA,ORB
STARLINK-5296,2023-010AV,55312,PAY,+,US,2023-01-19,AFWTR,,96.11,70.00,574,570,,,EA,ORB
STARLINK-5313,2023-010AW,55313,PAY,+,US,2023-01-19,AFWTR,,96.11,70.00,574,570,,,EA,ORB
STARLINK-5305,2023-010AX,55314,PAY,+,US,2023-01-19,AFWTR,,96.11,70.00,574,570,,,EA,ORB
STARLINK-4623,2023-010AY,55315,PAY,+,US,2023-01-19,AFWTR,,96.11,70.00,574,570,,,EA,ORB
STARLINK-5257,2023-010AZ,55316,PAY,+,US,2023-01-19,AFWTR,,96.11,70.00,574,570,,,EA,ORB
STARLINK-5265,2023-010BA,55317,PAY,+,US,2023-01-19,AFWTR,,96.11,70.00,575,569,,,EA,ORB
STARLINK-5180,2023-010BB,55318,PAY,+,US,2023-01-19,AFWTR,,96.11,70.00,574,570,,,EA,ORB
STARLINK-5196,2023-010BC,55319,PAY,+,US,2023-01-19,AFWTR,,96.11,70.00,574,570,,,EA,ORB
FALCON 9 DEB,2023-010BD,55320,DEB,D,US,2023-01-19,AFWTR,2023-01-31,87.23,69.98,145,129,,,EA,IMP
FALCON 9 DEB,2023-010BE,55321,DEB,D,US,2023-01-19,AFWTR,2023-01-31,87.26,69.97,147,130,,,EA,IMP
FALCON 9 DEB,2023-010BF,55322,DEB,D,US,2023-01-19,AFWTR,2023-01-31,87.29,69.98,150,131,,,EA,IMP
FALCON 9 DEB,2023-010BG,55323,DEB,D,US,2023-01-19,AFWTR,2023-01-31,87.52,69.98,162,141,,,EA,IMP
HAWK-6B,2023-011A,55324,PAY,+,US,2023-01-24,WLPIS,,94.52,40.50,497,494,,,EA,ORB
ELECTRON KICK STAGE R/B,2023-011B,55325,R/B,D,US,2023-01-24,WLPIS,2025-10-20,88.54,40.47,211,194,,,EA,IMP
HAWK-6C,2023-011C,55326,PAY,+,US,2023-01-24,WLPIS,,94.52,40.50,497,494,,,EA,ORB
HAWK-6A,2023-011D,55327,PAY,+,US,2023-01-24,WLPIS,,94.52,40.50,497,494,,,EA,ORB
ELECTRON R/B,2023-011E,55328,R/B,D,US,2023-01-24,WLPIS,2023-05-27,87.70,40.48,176,145,,,EA,IMP
IGS R-7,2023-012A,55329,PAY,+,JPN,2023-01-26,TANSC,,,,,,,NEA,EA,ORB
H-2A R/B,2023-012B,55330,R/B,D,JPN,2023-01-26,TANSC,2024-10-07,88.98,97.19,231,217,,,EA,IMP
STARLINK-5492,2023-013A,55331,PAY,+,US,2023-01-26,AFETR,,94.27,43.00,484,482,,,EA,ORB
STARLINK-5491,2023-013B,55332,PAY,+,US,2023-01-26,AFETR,,94.27,43.01,484,482,,,EA,ORB
STARLINK-5493,2023-013C,55333,PAY,+,US,2023-01-26,AFETR,,94.27,43.00,484,482,,,EA,ORB
STARLINK-5652,2023-013D,55334,PAY,+,US,2023-01-26,AFETR,,94.26,43.00,484,482,,,EA,ORB
STARLINK-5660,2023-013E,55335,PAY,+,US,2023-01-26,AFETR,,94.27,43.00,484,482,,,EA,ORB
STARLINK-5655,2023-013F,55336,PAY,+,US,2023-01-26,AFETR,,94.27,43.00,484,482,,,EA,ORB
STARLINK-5667,2023-013G,55337,PAY,+,US,2023-01-26,AFETR,,94.27,43.01,484,482,,,EA,ORB
STARLINK-5658,2023-013H,55338,PAY,+,US,2023-01-26,AFETR,,94.27,43.00,484,482,,,EA,ORB
STARLINK-5671,2023-013J,55339,PAY,+,US,2023-01-26,AFETR,,94.27,43.01,484,482,,,EA,ORB
STARLINK-5675,2023-013K,55340,PAY,+,US,2023-01-26,AFETR,,94.27,43.00,484,482,,,EA,ORB
STARLINK-5670,2023-013L,55341,PAY,+,US,2023-01-26,AFETR,,94.27,43.00,484,482,,,EA,ORB
STARLINK-5657,2023-013M,55342,PAY,+,US,2023-01-26,AFETR,,94.27,43.00,484,482,,,EA,ORB
STARLINK-5661,2023-013N,55343,PAY,+,US,2023-01-26,AFETR,,94.27,43.00,484,483,,,EA,ORB
STARLINK-5662,2023-013P,55344,PAY,D,US,2023-01-26,AFETR,2024-11-28,88.30,42.98,195,185,,,EA,IMP
STARLINK-5653,2023-013Q,55345,PAY,+,US,2023-01-26,AFETR,,94.27,43.01,484,482,,,EA,ORB
STARLINK-5631,2023-013R,55346,PAY,+,US,2023-01-26,AFETR,,94.27,43.00,484,482,,,EA,ORB
STARLINK-5663,2023-013S,55347,PAY,+,US,2023-01-26,AFETR,,94.27,43.00,483,483,,,EA,ORB
STARLINK-5609,2023-013T,55348,PAY,+,US,2023-01-26,AFETR,,94.27,43.00,484,482,,,EA,ORB
STARLINK-5666,2023-013U,55349,PAY,+,US,2023-01-26,AFETR,,94.27,43.00,484,482,,,EA,ORB
STARLINK-5668,2023-013V,55350,PAY,+,US,2023-01-26,AFETR,,94.27,43.00,484,482,,,EA,ORB
STARLINK-5659,2023-013W,55351,PAY,+,US,2023-01-26,AFETR,,94.27,43.00,484,482,,,EA,ORB
STARLINK-5547,2023-013X,55352,PAY,+,US,2023-01-26,AFETR,,94.27,43.00,484,482,,,EA,ORB
STARLINK-5608,2023-013Y,55353,PAY,+,US,2023-01-26,AFETR,,94.27,43.00,484,482,,,EA,ORB
STARLINK-5649,2023-013Z,55354,PAY,+,US,2023-01-26,AFETR,,94.27,43.00,484,482,,,EA,ORB
STARLINK-5647,2023-013AA,55355,PAY,+,US,2023-01-26,AFETR,,94.27,43.00,484,482,,,EA,ORB
STARLINK-5083,2023-013AB,55356,PAY,D,US,2023-01-26,AFETR,2023-03-23,88.84,42.98,219,215,,,EA,IMP
STARLINK-5651,2023-013AC,55357,PAY,+,US,2023-01-26,AFETR,,94.27,43.00,484,482,,,EA,ORB
STARLINK-5622,2023-013AD,55358,PAY,+,US,2023-01-26,AFETR,,94.27,43.00,484,482,,,EA,ORB
STARLINK-5641,2023-013AE,55359,PAY,+,US,2023-01-26,AFETR,,94.27,43.00,484,482,,,EA,ORB
STARLINK-5664,2023-013AF,55360,PAY,+,US,2023-01-26,AFETR,,94.27,43.00,484,482,,,EA,ORB
STARLINK-5665,2023-013AG,55361,PAY,+,US,2023-01-26,AFETR,,94.27,43.00,484,482,,,EA,ORB
STARLINK-5574,2023-013AH,55362,PAY,+,US,2023-01-26,AFETR,,94.27,43.00,484,482,,,EA,ORB
STARLINK-5648,2023-013AJ,55363,PAY,D,US,2023-01-26,AFETR,2025-04-03,87.63,42.99,162,151,,,EA,IMP
STARLINK-5627,2023-013AK,55364,PAY,+,US,2023-01-26,AFETR,,94.27,43.00,484,482,,,EA,ORB
STARLINK-5639,2023-013AL,55365,PAY,+,US,2023-01-26,AFETR,,94.27,43.00,484,482,,,EA,ORB
STARLINK-5654,2023-013AM,55366,PAY,+,US,2023-01-26,AFETR,,94.27,43.00,484,482,,,EA,ORB
STARLINK-5635,2023-013AN,55367,PAY,+,US,2023-01-26,AFETR,,94.27,43.00,484,482,,,EA,ORB
STARLINK-5625,2023-013AP,55368,PAY,+,US,2023-01-26,AFETR,,94.27,43.00,484,482,,,EA,ORB
STARLINK-5644,2023-013AQ,55369,PAY,+,US,2023-01-26,AFETR,,94.27,43.01,484,482,,,EA,ORB
STARLINK-5027,2023-013AR,55370,PAY,+,US,2023-01-26,AFETR,,94.27,43.00,484,482,,,EA,ORB
STARLINK-5590,2023-013AS,55371,PAY,+,US,2023-01-26,AFETR,,94.27,43.00,484,482,,,EA,ORB
STARLINK-5568,2023-013AT,55372,PAY,+,US,2023-01-26,AFETR,,94.27,43.00,484,482,,,EA,ORB
STARLINK-5581,2023-013AU,55373,PAY,+,US,2023-01-26,AFETR,,94.27,43.00,484,482,,,EA,ORB
STARLINK-5578,2023-013AV,55374,PAY,+,US,2023-01-26,AFETR,,94.27,43.00,484,482,,,EA,ORB
STARLINK-5588,2023-013AW,55375,PAY,+,US,2023-01-26,AFETR,,94.27,43.00,484,482,,,EA,ORB
STARLINK-5586,2023-013AX,55376,PAY,+,US,2023-01-26,AFETR,,94.27,43.00,484,482,,,EA,ORB
STARLINK-5567,2023-013AY,55377,PAY,+,US,2023-01-26,AFETR,,94.27,43.00,484,482,,,EA,ORB
STARLINK-5572,2023-013AZ,55378,PAY,+,US,2023-01-26,AFETR,,94.27,43.00,484,482,,,EA,ORB
STARLINK-5569,2023-013BA,55379,PAY,+,US,2023-01-26,AFETR,,94.27,43.00,484,482,,,EA,ORB
STARLINK-5571,2023-013BB,55380,PAY,+,US,2023-01-26,AFETR,,94.27,43.00,484,482,,,EA,ORB
STARLINK-5575,2023-013BC,55381,PAY,+,US,2023-01-26,AFETR,,94.27,43.00,484,482,,,EA,ORB
STARLINK-5576,2023-013BD,55382,PAY,+,US,2023-01-26,AFETR,,94.27,43.00,484,482,,,EA,ORB
STARLINK-5531,2023-013BE,55383,PAY,+,US,2023-01-26,AFETR,,94.27,43.00,484,482,,,EA,ORB
STARLINK-5537,2023-013BF,55384,PAY,+,US,2023-01-26,AFETR,,94.27,43.00,484,482,,,EA,ORB
STARLINK-5556,2023-013BG,55385,PAY,+,US,2023-01-26,AFETR,,94.27,43.00,484,482,,,EA,ORB
STARLINK-5555,2023-013BH,55386,PAY,+,US,2023-01-26,AFETR,,94.27,43.00,484,482,,,EA,ORB
FALCON 9 DEB,2023-013BJ,55387,DEB,D,US,2023-01-26,AFETR,2023-02-07,87.54,42.98,166,140,,,EA,IMP
FALCON 9 DEB,2023-013BK,55388,DEB,D,US,2023-01-26,AFETR,2023-02-07,87.95,42.98,192,155,,,EA,IMP
FALCON 9 DEB,2023-013BL,55389,DEB,D,US,2023-01-26,AFETR,2023-02-07,87.63,42.99,171,144,,,EA,IMP
FALCON 9 DEB,2023-013BM,55390,DEB,D,US,2023-01-26,AFETR,2023-02-07,87.77,42.99,181,147,,,EA,IMP
STARLINK-5077,2023-014A,55391,PAY,D,US,2023-01-31,AFWTR,2025-05-01,87.34,69.99,150,135,,,EA,IMP
STARLINK-5085,2023-014B,55392,PAY,+,US,2023-01-31,AFWTR,,96.11,70.00,574,570,,,EA,ORB
STARLINK-4786,2023-014C,55393,PAY,+,US,2023-01-31,AFWTR,,96.11,70.00,574,570,,,EA,ORB
STARLINK-5230,2023-014D,55394,PAY,D,US,2023-01-31,AFWTR,2024-08-14,91.12,70.00,332,327,,,EA,IMP
STARLINK-5274,2023-014E,55395,PAY,+,US,2023-01-31,AFWTR,,96.11,70.00,574,570,,,EA,ORB
STARLINK-5283,2023-014F,55396,PAY,+,US,2023-01-31,AFWTR,,96.11,70.00,574,570,,,EA,ORB
STARLINK-5224,2023-014G,55397,PAY,+,US,2023-01-31,AFWTR,,96.11,70.00,574,570,,,EA,ORB
STARLINK-5275,2023-014H,55398,PAY,+,US,2023-01-31,AFWTR,,96.11,70.00,574,570,,,EA,ORB
STARLINK-5276,2023-014J,55399,PAY,+,US,2023-01-31,AFWTR,,96.11,70.00,574,570,,,EA,ORB
STARLINK-5632,2023-014K,55400,PAY,+,US,2023-01-31,AFWTR,,96.11,70.00,574,570,,,EA,ORB
STARLINK-5076,2023-014L,55401,PAY,+,US,2023-01-31,AFWTR,,96.11,70.00,574,570,,,EA,ORB
STARLINK-5071,2023-014M,55402,PAY,+,US,2023-01-31,AFWTR,,96.11,70.00,574,570,,,EA,ORB
STARLINK-5597,2023-014N,55403,PAY,+,US,2023-01-31,AFWTR,,96.11,70.00,574,570,,,EA,ORB
STARLINK-5607,2023-014P,55404,PAY,+,US,2023-01-31,AFWTR,,96.11,70.00,574,570,,,EA,ORB
STARLINK-5623,2023-014Q,55405,PAY,+,US,2023-01-31,AFWTR,,96.11,70.00,574,570,,,EA,ORB
STARLINK-5630,2023-014R,55406,PAY,+,US,2023-01-31,AFWTR,,96.11,70.00,574,570,,,EA,ORB
STARLINK-5019,2023-014S,55407,PAY,+,US,2023-01-31,AFWTR,,96.11,70.00,574,570,,,EA,ORB
STARLINK-5092,2023-014T,55408,PAY,D,US,2023-01-31,AFWTR,2026-03-24,87.34,69.99,147,138,,,EA,IMP
STARLINK-5047,2023-014U,55409,PAY,D,US,2023-01-31,AFWTR,2025-04-11,87.57,69.99,161,147,,,EA,IMP
STARLINK-5633,2023-014V,55410,PAY,+,US,2023-01-31,AFWTR,,96.11,70.00,574,570,,,EA,ORB
STARLINK-5605,2023-014W,55411,PAY,+,US,2023-01-31,AFWTR,,96.11,70.00,574,570,,,EA,ORB
STARLINK-5033,2023-014X,55412,PAY,D,US,2023-01-31,AFWTR,2025-03-22,87.33,69.98,145,139,,,EA,IMP
STARLINK-5060,2023-014Y,55413,PAY,+,US,2023-01-31,AFWTR,,96.11,70.00,574,570,,,EA,ORB
STARLINK-5620,2023-014Z,55414,PAY,+,US,2023-01-31,AFWTR,,96.11,70.00,574,570,,,EA,ORB
STARLINK-5618,2023-014AA,55415,PAY,D,US,2023-01-31,AFWTR,2025-03-16,87.40,69.98,152,139,,,EA,IMP
STARLINK-5624,2023-014AB,55416,PAY,+,US,2023-01-31,AFWTR,,96.11,70.00,574,570,,,EA,ORB
STARLINK-5616,2023-014AC,55417,PAY,D,US,2023-01-31,AFWTR,2025-04-22,87.47,69.98,157,142,,,EA,IMP
STARLINK-5030,2023-014AD,55418,PAY,+,US,2023-01-31,AFWTR,,96.11,70.00,574,570,,,EA,ORB
STARLINK-5629,2023-014AE,55419,PAY,+,US,2023-01-31,AFWTR,,96.11,70.00,574,570,,,EA,ORB
STARLINK-5604,2023-014AF,55420,PAY,+,US,2023-01-31,AFWTR,,96.11,70.00,574,570,,,EA,ORB
STARLINK-5598,2023-014AG,55421,PAY,+,US,2023-01-31,AFWTR,,96.11,70.00,574,570,,,EA,ORB
STARLINK-5006,2023-014AH,55422,PAY,+,US,2023-01-31,AFWTR,,96.11,70.00,574,570,,,EA,ORB
STARLINK-5068,2023-014AJ,55423,PAY,+,US,2023-01-31,AFWTR,,96.11,70.00,574,570,,,EA,ORB
STARLINK-5066,2023-014AK,55424,PAY,D,US,2023-01-31,AFWTR,2023-02-13,88.29,69.98,195,185,,,EA,IMP
STARLINK-5615,2023-014AL,55425,PAY,+,US,2023-01-31,AFWTR,,96.11,70.00,574,570,,,EA,ORB
STARLINK-5638,2023-014AM,55426,PAY,+,US,2023-01-31,AFWTR,,96.11,70.00,574,570,,,EA,ORB
STARLINK-5073,2023-014AN,55427,PAY,D,US,2023-01-31,AFWTR,2026-02-01,87.43,69.98,152,142,,,EA,IMP
STARLINK-5064,2023-014AP,55428,PAY,+,US,2023-01-31,AFWTR,,96.11,70.00,574,570,,,EA,ORB
STARLINK-5645,2023-014AQ,55429,PAY,+,US,2023-01-31,AFWTR,,96.11,70.00,574,570,,,EA,ORB
STARLINK-5642,2023-014AR,55430,PAY,+,US,2023-01-31,AFWTR,,96.11,70.00,574,570,,,EA,ORB
STARLINK-5643,2023-014AS,55431,PAY,+,US,2023-01-31,AFWTR,,96.11,70.00,574,570,,,EA,ORB
STARLINK-5637,2023-014AT,55432,PAY,+,US,2023-01-31,AFWTR,,96.11,70.00,574,570,,,EA,ORB
STARLINK-5570,2023-014AU,55433,PAY,+,US,2023-01-31,AFWTR,,96.10,70.00,574,570,,,EA,ORB
STARLINK-5621,2023-014AV,55434,PAY,+,US,2023-01-31,AFWTR,,96.11,70.00,574,570,,,EA,ORB
STARLINK-5626,2023-014AW,55435,PAY,+,US,2023-01-31,AFWTR,,96.11,70.00,574,570,,,EA,ORB
STARLINK-5640,2023-014AX,55436,PAY,+,US,2023-01-31,AFWTR,,96.11,70.00,574,570,,,EA,ORB
STARLINK-5080,2023-014AY,55437,PAY,D,US,2023-01-31,AFWTR,2024-10-22,87.31,69.92,148,134,,,EA,IMP
STARLINK-5074,2023-014AZ,55438,PAY,+,US,2023-01-31,AFWTR,,96.11,70.00,574,570,,,EA,ORB
STARLINK-5634,2023-014BA,55439,PAY,+,US,2023-01-31,AFWTR,,96.11,70.00,574,571,,,EA,ORB
FALCON 9 DEB,2023-014BB,55440,DEB,D,US,2023-01-31,AFWTR,2023-03-22,87.94,69.99,179,166,,,EA,IMP
ION SCV-009,2023-014BC,55441,PAY,D,IT,2023-01-31,AFWTR,2024-02-14,87.37,69.98,149,139,,,EA,IMP
FALCON 9 DEB,2023-014BD,55442,DEB,D,US,2023-01-31,AFWTR,2023-03-19,87.60,69.99,162,149,,,EA,IMP
FALCON 9 DEB,2023-014BE,55443,DEB,D,US,2023-01-31,AFWTR,2023-03-14,87.64,69.98,164,152,,,EA,IMP
FALCON 9 DEB,2023-014BF,55444,DEB,D,US,2023-01-31,AFWTR,2023-03-24,87.61,69.98,162,150,,,EA,IMP
FALCON 9 DEB,2023-014BG,55445,DEB,D,US,2023-01-31,AFWTR,2023-03-15,87.32,69.99,148,135,,,EA,IMP
EBAD TEST MASS,2023-014BH,55446,PAY,D,IT,2023-01-31,AFWTR,2023-06-08,87.16,69.97,141,126,,,EA,IMP
APSTAR-6E SPS,2023-005C,55447,PAY,+,PRC,2023-01-12,XICLF,,189.33,28.63,7025,2063,,,EA,ORB
STARLINK-5699,2023-015A,55449,PAY,+,US,2023-02-02,AFETR,,94.27,43.00,484,482,,,EA,ORB
STARLINK-5686,2023-015B,55450,PAY,+,US,2023-02-02,AFETR,,94.27,43.00,484,482,,,EA,ORB
STARLINK-5656,2023-015C,55451,PAY,+,US,2023-02-02,AFETR,,94.27,43.00,484,482,,,EA,ORB
STARLINK-5683,2023-015D,55452,PAY,+,US,2023-02-02,AFETR,,94.27,43.00,484,482,,,EA,ORB
STARLINK-5684,2023-015E,55453,PAY,+,US,2023-02-02,AFETR,,94.27,43.00,484,482,,,EA,ORB
STARLINK-5636,2023-015F,55454,PAY,+,US,2023-02-02,AFETR,,94.27,43.00,484,482,,,EA,ORB
STARLINK-5680,2023-015G,55455,PAY,+,US,2023-02-02,AFETR,,94.27,43.00,484,482,,,EA,ORB
STARLINK-5058,2023-015H,55456,PAY,+,US,2023-02-02,AFETR,,94.27,43.00,484,482,,,EA,ORB
STARLINK-5682,2023-015J,55457,PAY,+,US,2023-02-02,AFETR,,94.27,43.00,484,482,,,EA,ORB
STARLINK-5020,2023-015K,55458,PAY,+,US,2023-02-02,AFETR,,94.27,43.00,484,483,,,EA,ORB
STARLINK-5669,2023-015L,55459,PAY,+,US,2023-02-02,AFETR,,94.27,43.00,484,482,,,EA,ORB
STARLINK-5678,2023-015M,55460,PAY,+,US,2023-02-02,AFETR,,94.27,43.00,484,482,,,EA,ORB
STARLINK-5646,2023-015N,55461,PAY,+,US,2023-02-02,AFETR,,94.27,43.00,484,482,,,EA,ORB
STARLINK-5673,2023-015P,55462,PAY,+,US,2023-02-02,AFETR,,94.27,43.00,484,482,,,EA,ORB
STARLINK-5677,2023-015Q,55463,PAY,+,US,2023-02-02,AFETR,,94.72,43.00,510,500,,,EA,ORB
STARLINK-5676,2023-015R,55464,PAY,+,US,2023-02-02,AFETR,,94.27,43.00,484,482,,,EA,ORB
STARLINK-5674,2023-015S,55465,PAY,+,US,2023-02-02,AFETR,,94.26,43.01,484,482,,,EA,ORB
STARLINK-5628,2023-015T,55466,PAY,+,US,2023-02-02,AFETR,,94.27,43.00,484,482,,,EA,ORB
STARLINK-5679,2023-015U,55467,PAY,+,US,2023-02-02,AFETR,,94.27,43.00,484,482,,,EA,ORB
STARLINK-5672,2023-015V,55468,PAY,+,US,2023-02-02,AFETR,,94.27,43.00,484,482,,,EA,ORB
STARLINK-5681,2023-015W,55469,PAY,+,US,2023-02-02,AFETR,,94.27,43.00,484,482,,,EA,ORB
STARLINK-5708,2023-015X,55470,PAY,+,US,2023-02-02,AFETR,,94.27,43.00,484,482,,,EA,ORB
STARLINK-5711,2023-015Y,55471,PAY,+,US,2023-02-02,AFETR,,94.27,43.00,484,482,,,EA,ORB
STARLINK-5705,2023-015Z,55472,PAY,+,US,2023-02-02,AFETR,,94.27,43.00,484,482,,,EA,ORB
STARLINK-5687,2023-015AA,55473,PAY,D,US,2023-02-02,AFETR,2025-12-01,87.72,42.96,163,160,,,EA,IMP
STARLINK-5689,2023-015AB,55474,PAY,+,US,2023-02-02,AFETR,,94.27,43.00,484,483,,,EA,ORB
STARLINK-5650,2023-015AC,55475,PAY,+,US,2023-02-02,AFETR,,94.27,43.00,484,482,,,EA,ORB
STARLINK-5596,2023-015AD,55476,PAY,D,US,2023-02-02,AFETR,2023-09-27,88.26,42.99,193,183,,,EA,IMP
STARLINK-5685,2023-015AE,55477,PAY,+,US,2023-02-02,AFETR,,94.27,43.00,484,482,,,EA,ORB
STARLINK-5691,2023-015AF,55478,PAY,+,US,2023-02-02,AFETR,,94.27,43.00,484,482,,,EA,ORB
STARLINK-5688,2023-015AG,55479,PAY,+,US,2023-02-02,AFETR,,94.27,43.00,484,482,,,EA,ORB
STARLINK-5690,2023-015AH,55480,PAY,+,US,2023-02-02,AFETR,,94.27,43.00,484,482,,,EA,ORB
STARLINK-5694,2023-015AJ,55481,PAY,+,US,2023-02-02,AFETR,,94.27,43.00,484,482,,,EA,ORB
STARLINK-5693,2023-015AK,55482,PAY,D,US,2023-02-02,AFETR,2025-01-29,87.20,42.99,141,130,,,EA,IMP
STARLINK-5692,2023-015AL,55483,PAY,+,US,2023-02-02,AFETR,,94.27,43.00,484,482,,,EA,ORB
STARLINK-5696,2023-015AM,55484,PAY,+,US,2023-02-02,AFETR,,94.27,43.00,484,482,,,EA,ORB
STARLINK-5695,2023-015AN,55485,PAY,+,US,2023-02-02,AFETR,,94.27,43.00,484,482,,,EA,ORB
STARLINK-5704,2023-015AP,55486,PAY,+,US,2023-02-02,AFETR,,94.26,43.00,484,481,,,EA,ORB
STARLINK-5701,2023-015AQ,55487,PAY,+,US,2023-02-02,AFETR,,94.27,43.00,484,482,,,EA,ORB
STARLINK-5706,2023-015AR,55488,PAY,+,US,2023-02-02,AFETR,,94.27,43.00,484,482,,,EA,ORB
STARLINK-5371,2023-015AS,55489,PAY,+,US,2023-02-02,AFETR,,94.27,43.00,484,482,,,EA,ORB
STARLINK-5373,2023-015AT,55490,PAY,+,US,2023-02-02,AFETR,,94.27,43.01,484,482,,,EA,ORB
STARLINK-5364,2023-015AU,55491,PAY,+,US,2023-02-02,AFETR,,94.27,43.00,484,482,,,EA,ORB
STARLINK-5013,2023-015AV,55492,PAY,+,US,2023-02-02,AFETR,,94.27,43.00,484,482,,,EA,ORB
STARLINK-5362,2023-015AW,55493,PAY,+,US,2023-02-02,AFETR,,94.27,43.00,484,482,,,EA,ORB
STARLINK-5344,2023-015AX,55494,PAY,+,US,2023-02-02,AFETR,,94.27,43.00,484,482,,,EA,ORB
STARLINK-5100,2023-015AY,55495,PAY,+,US,2023-02-02,AFETR,,94.27,43.00,484,482,,,EA,ORB
STARLINK-5139,2023-015AZ,55496,PAY,D,US,2023-02-02,AFETR,2023-07-18,88.30,42.98,198,182,,,EA,IMP
STARLINK-5363,2023-015BA,55497,PAY,+,US,2023-02-02,AFETR,,94.27,43.00,484,483,,,EA,ORB
STARLINK-5365,2023-015BB,55498,PAY,+,US,2023-02-02,AFETR,,94.27,43.00,484,482,,,EA,ORB
STARLINK-5366,2023-015BC,55499,PAY,+,US,2023-02-02,AFETR,,94.27,43.00,484,482,,,EA,ORB
STARLINK-5141,2023-015BD,55500,PAY,+,US,2023-02-02,AFETR,,94.27,43.00,484,482,,,EA,ORB
STARLINK-5367,2023-015BE,55501,PAY,+,US,2023-02-02,AFETR,,94.27,43.00,484,482,,,EA,ORB
FALCON 9 DEB,2023-015BF,55502,DEB,D,US,2023-02-02,AFETR,2023-03-21,88.17,42.98,186,181,,,EA,IMP
FALCON 9 DEB,2023-015BG,55503,DEB,D,US,2023-02-02,AFETR,2023-03-18,87.86,42.96,170,167,,,EA,IMP
FALCON 9 DEB,2023-015BH,55504,DEB,D,US,2023-02-02,AFETR,2023-03-16,87.91,42.96,173,169,,,EA,IMP
FALCON 9 DEB,2023-015BJ,55505,DEB,D,US,2023-02-02,AFETR,2023-03-17,87.92,42.97,174,170,,,EA,IMP
ELEKTRO-L 4,2023-016A,55506,PAY,+,CIS,2023-02-05,TYMSC,,1436.09,0.04,35795,35777,,,EA,ORB
BLOCK DM-SL R/B,2023-016B,55507,R/B,,CIS,2023-02-05,TYMSC,,1395.09,2.80,35356,34604,,,EA,ORB
AMAZONAS NEXUS,2023-017A,55508,PAY,+,SPN,2023-02-07,AFETR,,1436.10,0.03,35802,35771,,,EA,ORB
FALCON 9 R/B,2023-017B,55509,R/B,D,US,2023-02-07,AFETR,2024-12-11,114.65,21.74,2772,107,,,EA,IMP
PROGRESS-MS 22,2023-018A,55560,PAY,D,CIS,2023-02-09,TYMSC,2023-08-21,92.93,51.64,421,416,,,EA,IMP
SL-4 R/B,2023-018B,55561,R/B,D,CIS,2023-02-09,TYMSC,2023-02-10,87.37,51.65,149,140,,,EA,IMP
EOS-7,2023-019A,55562,PAY,D,IND,2023-02-10,SRILR,2024-12-29,88.24,37.17,189,186,,,EA,IMP
AZAADISAT-2,2023-019B,55563,PAY,D,IND,2023-02-10,SRILR,2023-11-30,88.42,37.16,199,194,,,EA,IMP
JANUS-1,2023-019C,55564,PAY,D,US,2023-02-10,SRILR,2023-07-02,89.60,37.17,265,244,,,EA,IMP
SS3 R/B,2023-019D,55565,R/B,D,IND,2023-02-10,SRILR,2023-12-21,87.41,37.16,150,142,,,EA,IMP
VTM R/B,2023-019E,55566,R/B,D,IND,2023-02-10,SRILR,2024-05-15,87.67,37.88,164,154,,,EA,IMP
SS3 DEB,2023-019F,55567,DEB,D,IND,2023-02-10,SRILR,2023-03-14,89.87,37.18,288,247,,,EA,IMP
SS3 DEB,2023-019G,55568,DEB,D,IND,2023-02-10,SRILR,2023-03-18,89.08,37.17,247,211,,,EA,IMP
STARLINK-5749,2023-020A,55569,PAY,+,US,2023-02-12,AFETR,,94.27,43.00,484,483,,,EA,ORB
STARLINK-5737,2023-020B,55570,PAY,+,US,2023-02-12,AFETR,,94.27,43.00,484,482,,,EA,ORB
STARLINK-5739,2023-020C,55571,PAY,+,US,2023-02-12,AFETR,,94.27,43.00,484,482,,,EA,ORB
STARLINK-5732,2023-020D,55572,PAY,+,US,2023-02-12,AFETR,,94.27,43.00,484,482,,,EA,ORB
STARLINK-5738,2023-020E,55573,PAY,+,US,2023-02-12,AFETR,,94.27,43.00,484,482,,,EA,ORB
STARLINK-5747,2023-020F,55574,PAY,+,US,2023-02-12,AFETR,,94.27,43.00,484,483,,,EA,ORB
STARLINK-5745,2023-020G,55575,PAY,+,US,2023-02-12,AFETR,,94.27,43.00,484,482,,,EA,ORB
STARLINK-5751,2023-020H,55576,PAY,+,US,2023-02-12,AFETR,,94.27,43.00,484,483,,,EA,ORB
STARLINK-5752,2023-020J,55577,PAY,+,US,2023-02-12,AFETR,,94.27,43.00,484,482,,,EA,ORB
STARLINK-5713,2023-020K,55578,PAY,D,US,2023-02-12,AFETR,2025-04-08,87.37,42.97,149,139,,,EA,IMP
STARLINK-5754,2023-020L,55579,PAY,+,US,2023-02-12,AFETR,,94.27,43.00,484,482,,,EA,ORB
STARLINK-5757,2023-020M,55580,PAY,+,US,2023-02-12,AFETR,,94.27,43.00,484,482,,,EA,ORB
STARLINK-5753,2023-020N,55581,PAY,+,US,2023-02-12,AFETR,,94.27,43.00,484,483,,,EA,ORB
STARLINK-5741,2023-020P,55582,PAY,P,US,2023-02-12,AFETR,,94.27,43.00,484,482,,,EA,ORB
STARLINK-5742,2023-020Q,55583,PAY,+,US,2023-02-12,AFETR,,94.27,43.00,484,482,,,EA,ORB
STARLINK-5736,2023-020R,55584,PAY,+,US,2023-02-12,AFETR,,94.27,43.00,484,482,,,EA,ORB
STARLINK-5769,2023-020S,55585,PAY,+,US,2023-02-12,AFETR,,94.27,43.00,484,483,,,EA,ORB
STARLINK-5767,2023-020T,55586,PAY,+,US,2023-02-12,AFETR,,94.27,43.00,483,483,,,EA,ORB
STARLINK-5727,2023-020U,55587,PAY,+,US,2023-02-12,AFETR,,94.27,43.00,484,483,,,EA,ORB
STARLINK-5728,2023-020V,55588,PAY,+,US,2023-02-12,AFETR,,94.27,43.00,484,482,,,EA,ORB
STARLINK-5697,2023-020W,55589,PAY,+,US,2023-02-12,AFETR,,94.27,43.00,484,482,,,EA,ORB
STARLINK-5762,2023-020X,55590,PAY,+,US,2023-02-12,AFETR,,94.27,43.00,484,482,,,EA,ORB
STARLINK-5760,2023-020Y,55591,PAY,+,US,2023-02-12,AFETR,,94.27,43.00,484,482,,,EA,ORB
STARLINK-5759,2023-020Z,55592,PAY,+,US,2023-02-12,AFETR,,94.27,43.00,484,482,,,EA,ORB
STARLINK-5703,2023-020AA,55593,PAY,+,US,2023-02-12,AFETR,,94.27,43.01,485,482,,,EA,ORB
STARLINK-5750,2023-020AB,55594,PAY,+,US,2023-02-12,AFETR,,94.27,43.00,484,482,,,EA,ORB
STARLINK-5740,2023-020AC,55595,PAY,D,US,2023-02-12,AFETR,2025-07-25,87.67,42.97,164,155,,,EA,IMP
STARLINK-5729,2023-020AD,55596,PAY,+,US,2023-02-12,AFETR,,94.27,43.00,484,482,,,EA,ORB
STARLINK-5743,2023-020AE,55597,PAY,+,US,2023-02-12,AFETR,,94.27,43.01,484,482,,,EA,ORB
STARLINK-5756,2023-020AF,55598,PAY,P,US,2023-02-12,AFETR,,94.27,43.00,484,482,,,EA,ORB
STARLINK-5761,2023-020AG,55599,PAY,+,US,2023-02-12,AFETR,,94.27,43.00,484,482,,,EA,ORB
STARLINK-5755,2023-020AH,55600,PAY,+,US,2023-02-12,AFETR,,94.27,43.00,484,482,,,EA,ORB
STARLINK-5744,2023-020AJ,55601,PAY,+,US,2023-02-12,AFETR,,94.27,43.00,484,482,,,EA,ORB
STARLINK-5764,2023-020AK,55602,PAY,+,US,2023-02-12,AFETR,,94.27,43.00,484,482,,,EA,ORB
STARLINK-5735,2023-020AL,55603,PAY,+,US,2023-02-12,AFETR,,94.27,43.00,484,482,,,EA,ORB
STARLINK-5748,2023-020AM,55604,PAY,+,US,2023-02-12,AFETR,,94.27,43.00,484,483,,,EA,ORB
STARLINK-5725,2023-020AN,55605,PAY,+,US,2023-02-12,AFETR,,94.27,43.00,484,482,,,EA,ORB
STARLINK-5723,2023-020AP,55606,PAY,D,US,2023-02-12,AFETR,2023-03-10,88.37,42.99,195,193,,,EA,IMP
STARLINK-5700,2023-020AQ,55607,PAY,+,US,2023-02-12,AFETR,,94.27,43.00,484,482,,,EA,ORB
STARLINK-5726,2023-020AR,55608,PAY,+,US,2023-02-12,AFETR,,94.27,43.00,484,482,,,EA,ORB
STARLINK-5719,2023-020AS,55609,PAY,+,US,2023-02-12,AFETR,,94.27,43.00,484,482,,,EA,ORB
STARLINK-5722,2023-020AT,55610,PAY,+,US,2023-02-12,AFETR,,94.27,43.00,484,482,,,EA,ORB
STARLINK-5730,2023-020AU,55611,PAY,+,US,2023-02-12,AFETR,,94.27,43.00,484,482,,,EA,ORB
STARLINK-5734,2023-020AV,55612,PAY,+,US,2023-02-12,AFETR,,94.27,43.00,484,483,,,EA,ORB
STARLINK-5715,2023-020AW,55613,PAY,D,US,2023-02-12,AFETR,2025-11-26,87.82,42.98,170,163,,,EA,IMP
STARLINK-5714,2023-020AX,55614,PAY,+,US,2023-02-12,AFETR,,94.27,43.01,484,483,,,EA,ORB
STARLINK-5712,2023-020AY,55615,PAY,+,US,2023-02-12,AFETR,,94.27,43.00,484,483,,,EA,ORB
STARLINK-5710,2023-020AZ,55616,PAY,+,US,2023-02-12,AFETR,,94.27,43.00,484,482,,,EA,ORB
STARLINK-5721,2023-020BA,55617,PAY,+,US,2023-02-12,AFETR,,94.27,43.00,484,482,,,EA,ORB
STARLINK-5717,2023-020BB,55618,PAY,+,US,2023-02-12,AFETR,,94.27,43.00,484,482,,,EA,ORB
STARLINK-5720,2023-020BC,55619,PAY,+,US,2023-02-12,AFETR,,94.27,43.00,484,482,,,EA,ORB
STARLINK-5718,2023-020BD,55620,PAY,+,US,2023-02-12,AFETR,,94.27,43.00,484,482,,,EA,ORB
STARLINK-5709,2023-020BE,55621,PAY,+,US,2023-02-12,AFETR,,94.27,43.01,484,482,,,EA,ORB
STARLINK-5702,2023-020BF,55622,PAY,+,US,2023-02-12,AFETR,,94.27,43.00,484,482,,,EA,ORB
STARLINK-5698,2023-020BG,55623,PAY,+,US,2023-02-12,AFETR,,94.27,43.00,484,482,,,EA,ORB
FALCON 9 DEB,2023-020BH,55624,DEB,D,US,2023-02-12,AFETR,2023-03-16,88.66,43.00,209,207,,,EA,IMP
FALCON 9 DEB,2023-020BJ,55625,DEB,D,US,2023-02-12,AFETR,2023-03-15,88.42,42.99,197,196,,,EA,IMP
FALCON 9 DEB,2023-020BK,55626,DEB,D,US,2023-02-12,AFETR,2023-03-14,88.37,42.99,195,192,,,EA,IMP
FALCON 9 DEB,2023-020BL,55627,DEB,D,US,2023-02-12,AFETR,2023-03-14,88.27,42.98,190,188,,,EA,IMP
STARLINK-5484,2023-021A,55628,PAY,+,US,2023-02-17,AFWTR,,96.11,70.00,574,571,,,EA,ORB
STARLINK-5497,2023-021B,55629,PAY,+,US,2023-02-17,AFWTR,,96.11,70.00,574,570,,,EA,ORB
STARLINK-5303,2023-021C,55630,PAY,+,US,2023-02-17,AFWTR,,96.11,70.00,574,570,,,EA,ORB
STARLINK-5558,2023-021D,55631,PAY,+,US,2023-02-17,AFWTR,,96.11,70.00,573,571,,,EA,ORB
STARLINK-5546,2023-021E,55632,PAY,+,US,2023-02-17,AFWTR,,96.11,70.00,574,570,,,EA,ORB
STARLINK-5498,2023-021F,55633,PAY,+,US,2023-02-17,AFWTR,,96.11,70.00,574,570,,,EA,ORB
STARLINK-5500,2023-021G,55634,PAY,+,US,2023-02-17,AFWTR,,96.11,70.00,574,570,,,EA,ORB
STARLINK-5495,2023-021H,55635,PAY,+,US,2023-02-17,AFWTR,,96.11,70.00,574,570,,,EA,ORB
STARLINK-5218,2023-021J,55636,PAY,+,US,2023-02-17,AFWTR,,96.11,70.00,574,570,,,EA,ORB
STARLINK-5062,2023-021K,55637,PAY,+,US,2023-02-17,AFWTR,,96.11,70.00,574,570,,,EA,ORB
STARLINK-5507,2023-021L,55638,PAY,+,US,2023-02-17,AFWTR,,96.11,70.00,574,571,,,EA,ORB
STARLINK-5508,2023-021M,55639,PAY,+,US,2023-02-17,AFWTR,,96.11,70.00,574,570,,,EA,ORB
STARLINK-5069,2023-021N,55640,PAY,+,US,2023-02-17,AFWTR,,96.11,70.00,574,570,,,EA,ORB
STARLINK-5065,2023-021P,55641,PAY,+,US,2023-02-17,AFWTR,,96.11,70.00,574,570,,,EA,ORB
STARLINK-5478,2023-021Q,55642,PAY,D,US,2023-02-17,AFWTR,2024-06-26,88.02,69.97,185,168,,,EA,IMP
STARLINK-5483,2023-021R,55643,PAY,+,US,2023-02-17,AFWTR,,96.11,70.00,574,570,,,EA,ORB
STARLINK-5502,2023-021S,55644,PAY,+,US,2023-02-17,AFWTR,,96.11,70.00,574,570,,,EA,ORB
STARLINK-5102,2023-021T,55645,PAY,D,US,2023-02-17,AFWTR,2024-08-21,92.26,70.00,387,383,,,EA,IMP
STARLINK-5104,2023-021U,55646,PAY,D,US,2023-02-17,AFWTR,2025-04-20,87.49,69.98,156,143,,,EA,IMP
STARLINK-5510,2023-021V,55647,PAY,+,US,2023-02-17,AFWTR,,96.11,70.00,574,570,,,EA,ORB
STARLINK-5501,2023-021W,55648,PAY,+,US,2023-02-17,AFWTR,,96.11,70.00,574,570,,,EA,ORB
STARLINK-5469,2023-021X,55649,PAY,+,US,2023-02-17,AFWTR,,96.11,70.00,574,570,,,EA,ORB
STARLINK-5494,2023-021Y,55650,PAY,+,US,2023-02-17,AFWTR,,96.11,70.00,574,570,,,EA,ORB
STARLINK-5506,2023-021Z,55651,PAY,+,US,2023-02-17,AFWTR,,96.11,70.00,574,570,,,EA,ORB
STARLINK-5487,2023-021AA,55652,PAY,+,US,2023-02-17,AFWTR,,96.11,70.00,574,570,,,EA,ORB
STARLINK-5067,2023-021AB,55653,PAY,+,US,2023-02-17,AFWTR,,96.11,70.00,574,570,,,EA,ORB
STARLINK-5070,2023-021AC,55654,PAY,+,US,2023-02-17,AFWTR,,96.11,70.00,574,570,,,EA,ORB
STARLINK-5267,2023-021AD,55655,PAY,+,US,2023-02-17,AFWTR,,96.11,70.00,574,570,,,EA,ORB
STARLINK-5326,2023-021AE,55656,PAY,D,US,2023-02-17,AFWTR,2025-12-02,87.45,69.98,152,144,,,EA,IMP
STARLINK-5328,2023-021AF,55657,PAY,+,US,2023-02-17,AFWTR,,96.11,70.00,574,570,,,EA,ORB
STARLINK-5307,2023-021AG,55658,PAY,+,US,2023-02-17,AFWTR,,96.11,70.00,574,570,,,EA,ORB
STARLINK-5477,2023-021AH,55659,PAY,+,US,2023-02-17,AFWTR,,96.11,70.00,574,570,,,EA,ORB
STARLINK-5467,2023-021AJ,55660,PAY,+,US,2023-02-17,AFWTR,,96.11,70.00,574,570,,,EA,ORB
STARLINK-5475,2023-021AK,55661,PAY,+,US,2023-02-17,AFWTR,,96.11,70.00,574,570,,,EA,ORB
STARLINK-5479,2023-021AL,55662,PAY,+,US,2023-02-17,AFWTR,,96.16,70.00,576,573,,,EA,ORB
STARLINK-5473,2023-021AM,55663,PAY,+,US,2023-02-17,AFWTR,,96.11,70.00,574,570,,,EA,ORB
STARLINK-5480,2023-021AN,55664,PAY,+,US,2023-02-17,AFWTR,,96.12,70.00,576,569,,,EA,ORB
STARLINK-5474,2023-021AP,55665,PAY,+,US,2023-02-17,AFWTR,,96.11,70.00,574,570,,,EA,ORB
STARLINK-5457,2023-021AQ,55666,PAY,D,US,2023-02-17,AFWTR,2023-04-08,87.93,69.98,179,164,,,EA,IMP
STARLINK-5456,2023-021AR,55667,PAY,+,US,2023-02-17,AFWTR,,96.11,70.00,574,570,,,EA,ORB
STARLINK-5455,2023-021AS,55668,PAY,+,US,2023-02-17,AFWTR,,96.11,70.00,574,570,,,EA,ORB
STARLINK-5459,2023-021AT,55669,PAY,+,US,2023-02-17,AFWTR,,96.11,70.00,574,570,,,EA,ORB
STARLINK-5423,2023-021AU,55670,PAY,+,US,2023-02-17,AFWTR,,96.11,70.00,574,570,,,EA,ORB
STARLINK-5460,2023-021AV,55671,PAY,+,US,2023-02-17,AFWTR,,96.11,70.00,574,570,,,EA,ORB
STARLINK-5461,2023-021AW,55672,PAY,D,US,2023-02-17,AFWTR,2024-08-21,92.21,70.00,385,381,,,EA,IMP
STARLINK-5463,2023-021AX,55673,PAY,+,US,2023-02-17,AFWTR,,96.11,70.00,574,570,,,EA,ORB
STARLINK-5462,2023-021AY,55674,PAY,+,US,2023-02-17,AFWTR,,96.11,70.00,574,570,,,EA,ORB
STARLINK-5232,2023-021AZ,55675,PAY,+,US,2023-02-17,AFWTR,,96.11,70.00,574,570,,,EA,ORB
STARLINK-5300,2023-021BA,55676,PAY,+,US,2023-02-17,AFWTR,,96.11,70.00,574,570,,,EA,ORB
STARLINK-5324,2023-021BB,55677,PAY,+,US,2023-02-17,AFWTR,,96.11,70.00,574,570,,,EA,ORB
STARLINK-5314,2023-021BC,55678,PAY,D,US,2023-02-17,AFWTR,2025-03-28,88.05,69.99,189,167,,,EA,IMP
FALCON 9 DEB,2023-021BD,55679,DEB,D,US,2023-02-17,AFWTR,2023-03-01,87.91,69.97,185,158,,,EA,IMP
FALCON 9 DEB,2023-021BE,55680,DEB,D,US,2023-02-17,AFWTR,2023-03-01,87.67,69.98,168,150,,,EA,IMP
FALCON 9 DEB,2023-021BF,55681,DEB,D,US,2023-02-17,AFWTR,2023-02-28,87.37,69.98,152,137,,,EA,IMP
FALCON 9 DEB,2023-021BG,55682,DEB,D,US,2023-02-17,AFWTR,2023-02-28,87.63,69.98,167,148,,,EA,IMP
INMARSAT 6-F2,2023-022A,55683,PAY,-,IM,2023-02-18,AFETR,,1426.40,5.69,48514,22679,,,EA,ORB
FALCON 9 R/B,2023-022B,55684,R/B,,US,2023-02-18,AFETR,,600.76,26.87,34208,205,,,EA,ORB
ZHONGXING-26,2023-023A,55686,PAY,+,PRC,2023-02-23,XICLF,,1437.49,0.06,35850,35778,,,EA,ORB
CZ-3B R/B,2023-023B,55687,R/B,,PRC,2023-02-23,XICLF,,416.24,27.53,23993,185,,,EA,ORB
SOYUZ-MS 23,2023-024A,55688,PAY,D,CIS,2023-02-24,TYMSC,2023-09-27,92.92,51.64,422,414,,,EA,LAN
SL-4 R/B,2023-024B,55689,R/B,D,CIS,2023-02-24,TYMSC,2023-02-26,86.67,51.66,125,94,,,EA,IMP
HORUS 1,2023-025A,55690,PAY,+,EGYP,2023-02-24,JSC,,94.52,97.34,497,494,,,EA,ORB
CZ-2C R/B,2023-025B,55691,R/B,D,PRC,2023-02-24,JSC,2026-02-11,87.27,97.52,146,132,,,EA,IMP
CZ-2C DEB,2023-025C,55692,DEB,D,PRC,2023-02-24,JSC,2023-08-21,88.11,97.59,193,169,,,EA,IMP
CZ-2C DEB,2023-025D,55693,DEB,D,PRC,2023-02-24,JSC,2023-07-19,88.28,97.20,204,174,,,EA,IMP
CZ-2C DEB,2023-025E,55694,DEB,D,PRC,2023-02-24,JSC,2024-06-30,88.39,97.17,210,180,,,EA,IMP
STARLINK-30050,2023-026A,55695,PAY,D,US,2023-02-27,AFETR,2024-07-27,87.93,42.99,178,166,,,EA,IMP
STARLINK-30038,2023-026B,55696,PAY,D,US,2023-02-27,AFETR,2023-05-13,88.83,42.98,224,209,,,EA,IMP
STARLINK-30040,2023-026C,55697,PAY,D,US,2023-02-27,AFETR,2024-08-23,91.50,43.00,349,347,,,EA,IMP
STARLINK-30061,2023-026D,55698,PAY,D,US,2023-02-27,AFETR,2023-06-30,88.33,42.98,198,186,,,EA,IMP
STARLINK-30055,2023-026E,55699,PAY,D,US,2023-02-27,AFETR,2024-07-27,88.52,42.99,210,192,,,EA,IMP
STARLINK-30064,2023-026F,55700,PAY,D,US,2023-02-27,AFETR,2024-08-16,91.50,43.00,350,347,,,EA,IMP
STARLINK-30065,2023-026G,55701,PAY,D,US,2023-02-27,AFETR,2024-07-25,88.82,42.99,225,207,,,EA,IMP
STARLINK-30042,2023-026H,55702,PAY,D,US,2023-02-27,AFETR,2023-09-13,88.23,42.98,192,181,,,EA,IMP
STARLINK-30044,2023-026J,55703,PAY,D,US,2023-02-27,AFETR,2023-06-13,87.92,42.99,180,163,,,EA,IMP
STARLINK-30051,2023-026K,55704,PAY,D,US,2023-02-27,AFETR,2024-06-17,87.84,42.99,176,159,,,EA,IMP
STARLINK-30057,2023-026L,55705,PAY,D,US,2023-02-27,AFETR,2024-07-25,89.30,42.99,242,238,,,EA,IMP
STARLINK-30054,2023-026M,55706,PAY,D,US,2023-02-27,AFETR,2023-04-17,89.05,42.99,238,217,,,EA,IMP
STARLINK-30060,2023-026N,55707,PAY,D,US,2023-02-27,AFETR,2024-07-25,88.50,43.00,208,193,,,EA,IMP
STARLINK-30058,2023-026P,55708,PAY,D,US,2023-02-27,AFETR,2023-08-06,87.44,42.98,153,142,,,EA,IMP
STARLINK-30047,2023-026Q,55709,PAY,D,US,2023-02-27,AFETR,2024-08-30,89.27,43.00,245,232,,,EA,IMP
STARLINK-30046,2023-026R,55710,PAY,D,US,2023-02-27,AFETR,2024-08-08,91.34,43.00,343,337,,,EA,IMP
STARLINK-30048,2023-026S,55711,PAY,D,US,2023-02-27,AFETR,2023-06-04,87.70,42.98,168,154,,,EA,IMP
STARLINK-30037,2023-026T,55712,PAY,D,US,2023-02-27,AFETR,2024-07-24,88.19,42.98,205,165,,,EA,IMP
STARLINK-30063,2023-026U,55713,PAY,D,US,2023-02-27,AFETR,2024-07-24,89.03,42.99,235,219,,,EA,IMP
STARLINK-30059,2023-026V,55714,PAY,D,US,2023-02-27,AFETR,2023-09-25,88.80,42.95,221,210,,,EA,IMP
STARLINK-30062,2023-026W,55715,PAY,D,US,2023-02-27,AFETR,2023-04-03,87.94,42.98,174,171,,,EA,IMP
SS3 DEB,2023-019H,55737,DEB,D,IND,2023-02-10,SRILR,2023-03-07,91.10,37.21,357,299,,,EA,IMP
SS3 DEB,2023-019J,55738,DEB,D,IND,2023-02-10,SRILR,2023-03-24,92.12,37.19,405,351,,,EA,IMP
SS3 DEB,2023-019K,55739,DEB,D,IND,2023-02-10,SRILR,2023-03-18,91.67,37.20,391,321,,,EA,IMP
CREW DRAGON 6,2023-027A,55740,PAY,D,US,2023-03-02,AFETR,2023-09-04,92.78,51.62,418,403,,,EA,LAN
STARLINK-5592,2023-028A,55741,PAY,+,US,2023-03-03,AFWTR,,96.11,70.00,574,570,,,EA,ORB
STARLINK-5594,2023-028B,55742,PAY,+,US,2023-03-03,AFWTR,,96.11,70.00,574,571,,,EA,ORB
STARLINK-5602,2023-028C,55743,PAY,+,US,2023-03-03,AFWTR,,96.11,70.00,575,569,,,EA,ORB
STARLINK-5601,2023-028D,55744,PAY,+,US,2023-03-03,AFWTR,,96.11,70.00,574,570,,,EA,ORB
STARLINK-5565,2023-028E,55745,PAY,D,US,2023-03-03,AFWTR,2025-02-28,87.51,69.97,155,147,,,EA,IMP
STARLINK-5579,2023-028F,55746,PAY,+,US,2023-03-03,AFWTR,,96.11,70.00,574,570,,,EA,ORB
STARLINK-5539,2023-028G,55747,PAY,+,US,2023-03-03,AFWTR,,96.11,70.00,574,570,,,EA,ORB
STARLINK-5580,2023-028H,55748,PAY,+,US,2023-03-03,AFWTR,,96.11,70.00,575,570,,,EA,ORB
STARLINK-5560,2023-028J,55749,PAY,D,US,2023-03-03,AFWTR,2025-07-07,87.06,69.97,135,122,,,EA,IMP
STARLINK-5573,2023-028K,55750,PAY,+,US,2023-03-03,AFWTR,,96.11,70.00,575,569,,,EA,ORB
STARLINK-5577,2023-028L,55751,PAY,+,US,2023-03-03,AFWTR,,96.11,70.00,574,570,,,EA,ORB
STARLINK-5613,2023-028M,55752,PAY,+,US,2023-03-03,AFWTR,,96.11,70.00,574,570,,,EA,ORB
STARLINK-5617,2023-028N,55753,PAY,+,US,2023-03-03,AFWTR,,96.11,70.00,574,570,,,EA,ORB
STARLINK-5612,2023-028P,55754,PAY,+,US,2023-03-03,AFWTR,,96.11,70.00,574,570,,,EA,ORB
STARLINK-5619,2023-028Q,55755,PAY,D,US,2023-03-03,AFWTR,2026-02-07,87.33,69.98,148,137,,,EA,IMP
STARLINK-5614,2023-028R,55756,PAY,+,US,2023-03-03,AFWTR,,96.11,70.00,574,570,,,EA,ORB
STARLINK-5544,2023-028S,55757,PAY,+,US,2023-03-03,AFWTR,,96.11,70.00,574,570,,,EA,ORB
STARLINK-5072,2023-028T,55758,PAY,+,US,2023-03-03,AFWTR,,96.11,70.00,575,570,,,EA,ORB
STARLINK-5081,2023-028U,55759,PAY,D,US,2023-03-03,AFWTR,2025-03-15,88.34,69.99,198,187,,,EA,IMP
STARLINK-5532,2023-028V,55760,PAY,+,US,2023-03-03,AFWTR,,96.11,70.00,574,570,,,EA,ORB
STARLINK-5611,2023-028W,55761,PAY,+,US,2023-03-03,AFWTR,,96.11,70.00,574,570,,,EA,ORB
STARLINK-5603,2023-028X,55762,PAY,+,US,2023-03-03,AFWTR,,96.11,70.00,574,570,,,EA,ORB
STARLINK-5593,2023-028Y,55763,PAY,+,US,2023-03-03,AFWTR,,96.11,70.00,574,570,,,EA,ORB
STARLINK-5499,2023-028Z,55764,PAY,+,US,2023-03-03,AFWTR,,96.11,70.00,574,570,,,EA,ORB
STARLINK-5595,2023-028AA,55765,PAY,+,US,2023-03-03,AFWTR,,96.11,70.00,574,570,,,EA,ORB
STARLINK-5599,2023-028AB,55766,PAY,+,US,2023-03-03,AFWTR,,96.11,70.00,574,570,,,EA,ORB
STARLINK-5606,2023-028AC,55767,PAY,+,US,2023-03-03,AFWTR,,96.11,70.00,574,570,,,EA,ORB
STARLINK-5583,2023-028AD,55768,PAY,D,US,2023-03-03,AFWTR,2025-05-28,87.30,70.00,148,133,,,EA,IMP
STARLINK-5584,2023-028AE,55769,PAY,+,US,2023-03-03,AFWTR,,96.11,70.01,573,571,,,EA,ORB
STARLINK-5557,2023-028AF,55770,PAY,+,US,2023-03-03,AFWTR,,96.11,70.00,574,570,,,EA,ORB
STARLINK-5591,2023-028AG,55771,PAY,+,US,2023-03-03,AFWTR,,96.11,70.00,574,570,,,EA,ORB
STARLINK-5835,2023-028AH,55772,PAY,+,US,2023-03-03,AFWTR,,96.11,70.00,574,570,,,EA,ORB
STARLINK-5833,2023-028AJ,55773,PAY,+,US,2023-03-03,AFWTR,,96.11,70.00,574,570,,,EA,ORB
STARLINK-5812,2023-028AK,55774,PAY,+,US,2023-03-03,AFWTR,,96.11,70.00,574,570,,,EA,ORB
STARLINK-5809,2023-028AL,55775,PAY,+,US,2023-03-03,AFWTR,,96.11,70.00,574,570,,,EA,ORB
STARLINK-5810,2023-028AM,55776,PAY,D,US,2023-03-03,AFWTR,2025-12-01,87.22,69.98,141,132,,,EA,IMP
STARLINK-5814,2023-028AN,55777,PAY,+,US,2023-03-03,AFWTR,,96.11,70.00,574,570,,,EA,ORB
STARLINK-5816,2023-028AP,55778,PAY,+,US,2023-03-03,AFWTR,,96.11,70.00,574,570,,,EA,ORB
STARLINK-5817,2023-028AQ,55779,PAY,+,US,2023-03-03,AFWTR,,96.11,70.00,574,570,,,EA,ORB
STARLINK-5819,2023-028AR,55780,PAY,+,US,2023-03-03,AFWTR,,96.11,70.00,574,570,,,EA,ORB
STARLINK-5820,2023-028AS,55781,PAY,+,US,2023-03-03,AFWTR,,96.11,70.00,574,570,,,EA,ORB
STARLINK-5826,2023-028AT,55782,PAY,+,US,2023-03-03,AFWTR,,96.11,70.00,574,570,,,EA,ORB
STARLINK-5825,2023-028AU,55783,PAY,+,US,2023-03-03,AFWTR,,96.11,70.00,574,570,,,EA,ORB
STARLINK-5797,2023-028AV,55784,PAY,+,US,2023-03-03,AFWTR,,96.11,70.00,574,570,,,EA,ORB
STARLINK-5818,2023-028AW,55785,PAY,+,US,2023-03-03,AFWTR,,96.11,70.00,574,570,,,EA,ORB
STARLINK-5823,2023-028AX,55786,PAY,+,US,2023-03-03,AFWTR,,96.54,69.99,596,589,,,EA,ORB
STARLINK-5811,2023-028AY,55787,PAY,+,US,2023-03-03,AFWTR,,96.11,70.00,574,570,,,EA,ORB
STARLINK-5804,2023-028AZ,55788,PAY,+,US,2023-03-03,AFWTR,,96.11,70.00,574,570,,,EA,ORB
STARLINK-5815,2023-028BA,55789,PAY,+,US,2023-03-03,AFWTR,,96.11,70.00,574,570,,,EA,ORB
STARLINK-5813,2023-028BB,55790,PAY,+,US,2023-03-03,AFWTR,,96.11,70.00,574,570,,,EA,ORB
STARLINK-5807,2023-028BC,55791,PAY,+,US,2023-03-03,AFWTR,,96.11,70.00,574,570,,,EA,ORB
FALCON 9 DEB,2023-028BD,55792,DEB,D,US,2023-03-03,AFWTR,2023-03-14,87.26,69.96,148,129,,,EA,IMP
FALCON 9 DEB,2023-028BE,55793,DEB,D,US,2023-03-03,AFWTR,2023-03-14,87.28,69.97,147,133,,,EA,IMP
FALCON 9 DEB,2023-028BF,55794,DEB,D,US,2023-03-03,AFWTR,2023-03-11,88.94,69.98,249,195,,,EA,IMP
FALCON 9 DEB,2023-028BG,55795,DEB,D,US,2023-03-03,AFWTR,2023-03-13,87.40,69.97,154,137,,,EA,IMP
ONEWEB-0530,2023-029A,55796,PAY,+,UK,2023-03-09,AFETR,,109.03,87.91,1183,1180,,,EA,ORB
ONEWEB-0534,2023-029B,55797,PAY,+,UK,2023-03-09,AFETR,,109.03,87.91,1183,1180,,,EA,ORB
ONEWEB-0556,2023-029C,55798,PAY,+,UK,2023-03-09,AFETR,,109.03,87.91,1184,1180,,,EA,ORB
ONEWEB-0562,2023-029D,55799,PAY,+,UK,2023-03-09,AFETR,,109.03,87.91,1183,1180,,,EA,ORB
ONEWEB-0563,2023-029E,55800,PAY,+,UK,2023-03-09,AFETR,,109.03,87.91,1183,1180,,,EA,ORB
ONEWEB-0564,2023-029F,55801,PAY,+,UK,2023-03-09,AFETR,,109.03,87.91,1183,1180,,,EA,ORB
ONEWEB-0638,2023-029G,55802,PAY,+,UK,2023-03-09,AFETR,,109.55,87.89,1207,1204,,,EA,ORB
ONEWEB-0639,2023-029H,55803,PAY,+,UK,2023-03-09,AFETR,,109.11,87.91,1188,1183,,,EA,ORB
ONEWEB-0640,2023-029J,55804,PAY,+,UK,2023-03-09,AFETR,,109.54,87.89,1207,1204,,,EA,ORB
ONEWEB-0641,2023-029K,55805,PAY,+,UK,2023-03-09,AFETR,,109.11,87.92,1187,1184,,,EA,ORB
ONEWEB-0642,2023-029L,55806,PAY,+,UK,2023-03-09,AFETR,,109.11,87.92,1188,1184,,,EA,ORB
ONEWEB-0643,2023-029M,55807,PAY,+,UK,2023-03-09,AFETR,,109.55,87.89,1208,1204,,,EA,ORB
ONEWEB-0644,2023-029N,55808,PAY,+,UK,2023-03-09,AFETR,,109.11,87.92,1187,1184,,,EA,ORB
ONEWEB-0645,2023-029P,55809,PAY,+,UK,2023-03-09,AFETR,,109.11,87.92,1188,1184,,,EA,ORB
ONEWEB-0646,2023-029Q,55810,PAY,+,UK,2023-03-09,AFETR,,109.11,87.92,1187,1184,,,EA,ORB
ONEWEB-0648,2023-029R,55811,PAY,+,UK,2023-03-09,AFETR,,109.54,87.89,1208,1203,,,EA,ORB
ONEWEB-0649,2023-029S,55812,PAY,+,UK,2023-03-09,AFETR,,109.11,87.91,1188,1184,,,EA,ORB
ONEWEB-0650,2023-029T,55813,PAY,+,UK,2023-03-09,AFETR,,109.11,87.92,1188,1184,,,EA,ORB
ONEWEB-0652,2023-029U,55814,PAY,+,UK,2023-03-09,AFETR,,109.55,87.89,1207,1204,,,EA,ORB
ONEWEB-0653,2023-029V,55815,PAY,+,UK,2023-03-09,AFETR,,109.55,87.89,1207,1205,,,EA,ORB
ONEWEB-0654,2023-029W,55816,PAY,+,UK,2023-03-09,AFETR,,109.55,87.89,1207,1205,,,EA,ORB
ONEWEB-0656,2023-029X,55817,PAY,+,UK,2023-03-09,AFETR,,109.03,87.91,1183,1180,,,EA,ORB
ONEWEB-0657,2023-029Y,55818,PAY,+,UK,2023-03-09,AFETR,,109.11,87.92,1187,1185,,,EA,ORB
ONEWEB-0658,2023-029Z,55819,PAY,+,UK,2023-03-09,AFETR,,109.11,87.92,1187,1184,,,EA,ORB
ONEWEB-0660,2023-029AA,55820,PAY,+,UK,2023-03-09,AFETR,,109.55,87.89,1208,1204,,,EA,ORB
ONEWEB-0661,2023-029AB,55821,PAY,+,UK,2023-03-09,AFETR,,109.54,87.89,1207,1204,,,EA,ORB
ONEWEB-0662,2023-029AC,55822,PAY,+,UK,2023-03-09,AFETR,,109.55,87.89,1208,1204,,,EA,ORB
ONEWEB-0663,2023-029AD,55823,PAY,+,UK,2023-03-09,AFETR,,109.02,87.91,1183,1180,,,EA,ORB
ONEWEB-0664,2023-029AE,55824,PAY,+,UK,2023-03-09,AFETR,,109.03,87.91,1183,1180,,,EA,ORB
ONEWEB-0665,2023-029AF,55825,PAY,+,UK,2023-03-09,AFETR,,109.55,87.89,1208,1204,,,EA,ORB
ONEWEB-0666,2023-029AG,55826,PAY,+,UK,2023-03-09,AFETR,,109.03,87.91,1183,1181,,,EA,ORB
ONEWEB-0667,2023-029AH,55827,PAY,+,UK,2023-03-09,AFETR,,109.03,87.91,1183,1180,,,EA,ORB
ONEWEB-0669,2023-029AJ,55828,PAY,+,UK,2023-03-09,AFETR,,109.03,87.91,1183,1180,,,EA,ORB
ONEWEB-0670,2023-029AK,55829,PAY,+,UK,2023-03-09,AFETR,,109.55,87.89,1208,1204,,,EA,ORB
ONEWEB-0671,2023-029AL,55830,PAY,+,UK,2023-03-09,AFETR,,109.11,87.92,1187,1184,,,EA,ORB
ONEWEB-0672,2023-029AM,55831,PAY,+,UK,2023-03-09,AFETR,,109.03,87.91,1183,1180,,,EA,ORB
ONEWEB-0673,2023-029AN,55832,PAY,+,UK,2023-03-09,AFETR,,109.11,87.92,1187,1184,,,EA,ORB
ONEWEB-0674,2023-029AP,55833,PAY,+,UK,2023-03-09,AFETR,,109.54,87.89,1207,1204,,,EA,ORB
ONEWEB-0675,2023-029AQ,55834,PAY,+,UK,2023-03-09,AFETR,,109.11,87.92,1187,1184,,,EA,ORB
ONEWEB-0720,2023-029AR,55835,PAY,+,UK,2023-03-09,AFETR,,109.11,87.92,1188,1184,,,EA,ORB
TIANHUI 6A,2023-030A,55836,PAY,+,PRC,2023-03-09,TAISC,,102.76,99.01,891,888,,,EA,ORB
CZ-4C DEB,2023-030B,55837,DEB,,PRC,2023-03-09,TAISC,,102.48,98.98,879,873,,,EA,ORB
CZ-4C R/B,2023-030C,55838,R/B,,PRC,2023-03-09,TAISC,,101.27,98.90,882,756,,,EA,ORB
TIANHUI 6B,2023-030D,55839,PAY,+,PRC,2023-03-09,TAISC,,102.76,99.01,890,888,,,EA,ORB
LUCH-5X (OLYMP-K 2),2023-031A,55841,PAY,+,CIS,2023-03-12,TYMSC,,1436.11,0.02,35794,35779,,,EA,ORB
BREEZE-M R/B,2023-031B,55842,R/B,,CIS,2023-03-12,TYMSC,,1455.15,2.99,36445,35872,,,EA,ORB
BREEZE-M DEB [TANK],2023-031C,55843,DEB,,CIS,2023-03-12,TYMSC,,301.42,48.69,16827,200,,,EA,ORB
HORUS 2,2023-032A,55844,PAY,+,EGYP,2023-03-13,JSC,,94.53,97.35,497,494,,,EA,ORB
CZ-2C DEB,2023-032B,55845,DEB,D,PRC,2023-03-13,JSC,2023-09-18,88.53,97.21,218,186,,,EA,IMP
CZ-2C R/B,2023-032C,55846,R/B,,PRC,2023-03-13,JSC,,93.19,97.58,452,409,,,EA,ORB
CZ-2C DEB,2023-032D,55847,DEB,D,PRC,2023-03-13,JSC,2023-10-26,88.06,97.60,186,171,,,EA,IMP
CZ-2C DEB,2023-032E,55848,DEB,D,PRC,2023-03-13,JSC,2024-06-19,87.98,97.18,185,165,,,EA,IMP
CZ-2C DEB,2023-032F,55849,DEB,D,PRC,2023-03-13,JSC,2024-06-28,88.37,97.62,208,180,,,EA,IMP
DRAGON CRS-27,2023-033A,55860,PAY,D,US,2023-03-15,AFETR,2023-04-15,91.22,51.64,409,260,,,EA,LAN
SHIYAN-19 (SY-19),2023-034A,55861,PAY,+,PRC,2023-03-15,JSC,,92.37,97.38,395,386,,,EA,ORB
ELECTRON KICK STAGE R/B,2023-035A,55908,R/B,,US,2023-03-16,WLPIS,,95.27,44.17,533,530,,,EA,ORB
CAPELLA-10-WHITNEY,2023-035B,55909,PAY,D,US,2023-03-16,WLPIS,2025-05-05,88.38,43.97,202,187,,,EA,IMP
CAPELLA-9-WHITNEY,2023-035C,55910,PAY,D,US,2023-03-16,WLPIS,2025-03-29,88.36,43.96,203,184,,,EA,IMP
ELECTRON R/B,2023-035D,55911,R/B,D,US,2023-03-16,WLPIS,2023-03-22,89.30,44.00,303,177,,,EA,IMP
GAOFEN-13 02,2023-036A,55912,PAY,+,PRC,2023-03-17,XICLF,,1436.07,0.99,35800,35772,,,EA,ORB
CZ-3B R/B,2023-036B,55913,R/B,,PRC,2023-03-17,XICLF,,217.72,28.14,11024,197,,,EA,ORB
STARLINK-5856,2023-037A,55914,PAY,+,US,2023-03-17,AFWTR,,96.11,70.00,575,570,,,EA,ORB
STARLINK-5859,2023-037B,55915,PAY,+,US,2023-03-17,AFWTR,,96.11,70.00,575,569,,,EA,ORB
STARLINK-5796,2023-037C,55916,PAY,+,US,2023-03-17,AFWTR,,96.11,70.00,575,569,,,EA,ORB
STARLINK-5855,2023-037D,55917,PAY,D,US,2023-03-17,AFWTR,2025-11-23,87.38,69.94,148,141,,,EA,IMP
STARLINK-5867,2023-037E,55918,PAY,+,US,2023-03-17,AFWTR,,96.11,70.00,574,570,,,EA,ORB
STARLINK-5871,2023-037F,55919,PAY,+,US,2023-03-17,AFWTR,,96.11,70.00,574,570,,,EA,ORB
STARLINK-5862,2023-037G,55920,PAY,+,US,2023-03-17,AFWTR,,96.11,70.00,574,570,,,EA,ORB
STARLINK-5861,2023-037H,55921,PAY,+,US,2023-03-17,AFWTR,,96.11,70.00,575,569,,,EA,ORB
STARLINK-5863,2023-037J,55922,PAY,+,US,2023-03-17,AFWTR,,96.11,70.00,574,570,,,EA,ORB
STARLINK-5854,2023-037K,55923,PAY,+,US,2023-03-17,AFWTR,,96.11,70.00,575,569,,,EA,ORB
STARLINK-5849,2023-037L,55924,PAY,+,US,2023-03-17,AFWTR,,96.11,70.00,574,570,,,EA,ORB
STARLINK-5922,2023-037M,55925,PAY,+,US,2023-03-17,AFWTR,,96.11,70.00,575,570,,,EA,ORB
STARLINK-5921,2023-037N,55926,PAY,+,US,2023-03-17,AFWTR,,96.11,70.00,575,570,,,EA,ORB
STARLINK-5919,2023-037P,55927,PAY,+,US,2023-03-17,AFWTR,,96.11,70.00,575,569,,,EA,ORB
STARLINK-5930,2023-037Q,55928,PAY,+,US,2023-03-17,AFWTR,,96.11,70.00,575,570,,,EA,ORB
STARLINK-5898,2023-037R,55929,PAY,D,US,2023-03-17,AFWTR,2025-03-11,87.42,69.97,152,141,,,EA,IMP
STARLINK-5896,2023-037S,55930,PAY,+,US,2023-03-17,AFWTR,,96.11,70.00,575,570,,,EA,ORB
STARLINK-5897,2023-037T,55931,PAY,+,US,2023-03-17,AFWTR,,96.11,70.00,575,569,,,EA,ORB
STARLINK-5848,2023-037U,55932,PAY,+,US,2023-03-17,AFWTR,,96.11,70.00,575,569,,,EA,ORB
STARLINK-5852,2023-037V,55933,PAY,+,US,2023-03-17,AFWTR,,96.11,70.00,575,569,,,EA,ORB
STARLINK-5927,2023-037W,55934,PAY,+,US,2023-03-17,AFWTR,,96.11,70.00,575,569,,,EA,ORB
STARLINK-5920,2023-037X,55935,PAY,+,US,2023-03-17,AFWTR,,96.11,70.00,575,570,,,EA,ORB
STARLINK-5882,2023-037Y,55936,PAY,+,US,2023-03-17,AFWTR,,96.11,70.00,574,570,,,EA,ORB
STARLINK-5913,2023-037Z,55937,PAY,+,US,2023-03-17,AFWTR,,96.11,70.00,575,570,,,EA,ORB
STARLINK-5909,2023-037AA,55938,PAY,+,US,2023-03-17,AFWTR,,96.11,70.00,574,570,,,EA,ORB
STARLINK-5918,2023-037AB,55939,PAY,+,US,2023-03-17,AFWTR,,96.11,70.00,575,569,,,EA,ORB
STARLINK-5864,2023-037AC,55940,PAY,+,US,2023-03-17,AFWTR,,96.11,70.00,575,569,,,EA,ORB
STARLINK-5914,2023-037AD,55941,PAY,+,US,2023-03-17,AFWTR,,96.11,70.00,575,570,,,EA,ORB
STARLINK-5917,2023-037AE,55942,PAY,+,US,2023-03-17,AFWTR,,96.11,70.00,574,570,,,EA,ORB
STARLINK-5932,2023-037AF,55943,PAY,+,US,2023-03-17,AFWTR,,96.11,70.00,574,570,,,EA,ORB
STARLINK-5926,2023-037AG,55944,PAY,+,US,2023-03-17,AFWTR,,96.11,70.00,575,569,,,EA,ORB
STARLINK-5925,2023-037AH,55945,PAY,+,US,2023-03-17,AFWTR,,96.11,70.00,575,569,,,EA,ORB
STARLINK-5857,2023-037AJ,55946,PAY,+,US,2023-03-17,AFWTR,,96.11,70.00,575,570,,,EA,ORB
STARLINK-5851,2023-037AK,55947,PAY,D,US,2023-03-17,AFWTR,2026-05-06,87.42,69.97,156,137,,,EA,IMP
STARLINK-5900,2023-037AL,55948,PAY,+,US,2023-03-17,AFWTR,,96.11,70.00,574,570,,,EA,ORB
STARLINK-5899,2023-037AM,55949,PAY,+,US,2023-03-17,AFWTR,,96.11,70.00,574,570,,,EA,ORB
STARLINK-5911,2023-037AN,55950,PAY,+,US,2023-03-17,AFWTR,,96.11,70.00,574,570,,,EA,ORB
STARLINK-5908,2023-037AP,55951,PAY,+,US,2023-03-17,AFWTR,,96.11,70.00,574,570,,,EA,ORB
STARLINK-5893,2023-037AQ,55952,PAY,+,US,2023-03-17,AFWTR,,96.11,70.00,574,570,,,EA,ORB
STARLINK-5889,2023-037AR,55953,PAY,D,US,2023-03-17,AFWTR,2025-05-31,87.32,69.98,148,135,,,EA,IMP
STARLINK-5892,2023-037AS,55954,PAY,+,US,2023-03-17,AFWTR,,96.11,70.00,574,570,,,EA,ORB
STARLINK-5878,2023-037AT,55955,PAY,+,US,2023-03-17,AFWTR,,96.11,70.00,574,570,,,EA,ORB
STARLINK-5883,2023-037AU,55956,PAY,+,US,2023-03-17,AFWTR,,96.11,70.00,575,569,,,EA,ORB
STARLINK-5884,2023-037AV,55957,PAY,+,US,2023-03-17,AFWTR,,96.11,70.00,575,569,,,EA,ORB
STARLINK-5928,2023-037AW,55958,PAY,+,US,2023-03-17,AFWTR,,96.11,70.00,574,570,,,EA,ORB
STARLINK-5929,2023-037AX,55959,PAY,+,US,2023-03-17,AFWTR,,96.11,70.00,575,570,,,EA,ORB
STARLINK-5938,2023-037AY,55960,PAY,+,US,2023-03-17,AFWTR,,96.11,70.00,574,570,,,EA,ORB
STARLINK-5933,2023-037AZ,55961,PAY,+,US,2023-03-17,AFWTR,,96.11,70.00,574,570,,,EA,ORB
STARLINK-5906,2023-037BA,55962,PAY,+,US,2023-03-17,AFWTR,,96.11,70.00,575,570,,,EA,ORB
STARLINK-5924,2023-037BB,55963,PAY,+,US,2023-03-17,AFWTR,,96.11,70.00,574,570,,,EA,ORB
STARLINK-5895,2023-037BC,55964,PAY,P,US,2023-03-17,AFWTR,,95.22,69.99,530,528,,,EA,ORB
STARLINK-5894,2023-037BD,55965,PAY,+,US,2023-03-17,AFWTR,,96.11,70.00,574,570,,,EA,ORB
FALCON 9 DEB,2023-037BE,55966,DEB,D,US,2023-03-17,AFWTR,2023-03-29,87.88,69.97,182,157,,,EA,IMP
FALCON 9 DEB,2023-037BF,55967,DEB,D,US,2023-03-17,AFWTR,2023-03-28,87.52,69.98,159,144,,,EA,IMP
FALCON 9 DEB,2023-037BG,55968,DEB,D,US,2023-03-17,AFWTR,2023-03-28,87.28,69.98,147,133,,,EA,IMP
FALCON 9 DEB,2023-037BH,55969,DEB,D,US,2023-03-17,AFWTR,2023-03-28,87.75,69.98,173,153,,,EA,IMP
SES-18,2023-038A,55970,PAY,+,SES,2023-03-17,AFETR,,1436.09,0.06,35793,35780,,,EA,ORB
SES-19,2023-038B,55971,PAY,+,SES,2023-03-17,AFETR,,1436.09,0.05,35793,35780,,,EA,ORB
FALCON 9 R/B,2023-038C,55972,R/B,,US,2023-03-17,AFETR,,339.88,26.93,19158,352,,,EA,ORB
TIANMU-1 03,2023-039A,55973,PAY,+,PRC,2023-03-22,JSC,,92.97,97.53,421,418,,,EA,ORB
TIANMU-1 04,2023-039B,55974,PAY,+,PRC,2023-03-22,JSC,,92.93,97.52,420,416,,,EA,ORB
TIANMU-1 05,2023-039C,55975,PAY,+,PRC,2023-03-22,JSC,,92.97,97.52,421,419,,,EA,ORB
TIANMU-1 06,2023-039D,55976,PAY,+,PRC,2023-03-22,JSC,,92.93,97.53,420,417,,,EA,ORB
KZ-1A R/B,2023-039E,55977,R/B,D,PRC,2023-03-22,JSC,2023-03-23,88.38,97.37,282,107,,,EA,IMP
COSMOS 2567,2023-040A,55978,PAY,+,CIS,2023-03-23,PLMSC,,94.41,97.59,491,489,,,EA,ORB
SL-4 R/B,2023-040B,55979,R/B,D,CIS,2023-03-23,PLMSC,2023-11-22,87.26,97.58,145,132,,,EA,IMP
ELECTRON DEB,2023-041A,55981,DEB,D,US,2023-03-24,RLLB,2023-05-30,88.33,41.99,195,188,,,EA,IMP
GLOBAL-19,2023-041B,55982,PAY,+,US,2023-03-24,RLLB,,93.63,42.00,456,448,,,EA,ORB
GLOBAL-5,2023-041C,55983,PAY,+,US,2023-03-24,RLLB,,93.63,42.00,456,448,,,EA,ORB
ELECTRON R/B,2023-041D,55984,R/B,D,US,2023-03-24,RLLB,2023-04-08,88.19,41.96,205,164,,,EA,IMP
ELECTRON KICK STAGE R/B,2023-041E,55985,R/B,D,US,2023-03-24,RLLB,2023-03-30,88.31,42.01,239,143,,,EA,IMP
STARLINK-5905,2023-042A,55986,PAY,+,US,2023-03-24,AFETR,,94.27,43.00,484,482,,,EA,ORB
STARLINK-5915,2023-042B,55987,PAY,+,US,2023-03-24,AFETR,,94.27,43.00,484,482,,,EA,ORB
STARLINK-5916,2023-042C,55988,PAY,+,US,2023-03-24,AFETR,,94.27,43.00,484,482,,,EA,ORB
STARLINK-5947,2023-042D,55989,PAY,+,US,2023-03-24,AFETR,,94.27,43.00,484,482,,,EA,ORB
STARLINK-5946,2023-042E,55990,PAY,+,US,2023-03-24,AFETR,,94.27,43.00,484,482,,,EA,ORB
STARLINK-5948,2023-042F,55991,PAY,+,US,2023-03-24,AFETR,,94.27,43.00,484,482,,,EA,ORB
STARLINK-5962,2023-042G,55992,PAY,D,US,2023-03-24,AFETR,2024-12-23,87.59,42.98,159,151,,,EA,IMP
STARLINK-5969,2023-042H,55993,PAY,+,US,2023-03-24,AFETR,,94.27,43.00,484,482,,,EA,ORB
STARLINK-5956,2023-042J,55994,PAY,+,US,2023-03-24,AFETR,,94.27,43.00,484,482,,,EA,ORB
STARLINK-5957,2023-042K,55995,PAY,D,US,2023-03-24,AFETR,2025-12-26,87.93,42.98,173,171,,,EA,IMP
STARLINK-5903,2023-042L,55996,PAY,+,US,2023-03-24,AFETR,,94.27,43.00,484,482,,,EA,ORB
STARLINK-5904,2023-042M,55997,PAY,D,US,2023-03-24,AFETR,2024-06-23,87.96,42.99,176,170,,,EA,IMP
STARLINK-5902,2023-042N,55998,PAY,+,US,2023-03-24,AFETR,,94.27,43.00,484,482,,,EA,ORB
STARLINK-5901,2023-042P,55999,PAY,+,US,2023-03-24,AFETR,,94.27,43.00,483,483,,,EA,ORB
STARLINK-5910,2023-042Q,56000,PAY,+,US,2023-03-24,AFETR,,94.27,43.00,484,482,,,EA,ORB
STARLINK-5944,2023-042R,56001,PAY,+,US,2023-03-24,AFETR,,94.27,43.00,484,482,,,EA,ORB
STARLINK-5799,2023-042S,56002,PAY,+,US,2023-03-24,AFETR,,94.27,43.00,484,482,,,EA,ORB
STARLINK-5789,2023-042T,56003,PAY,+,US,2023-03-24,AFETR,,94.27,43.00,484,483,,,EA,ORB
STARLINK-5787,2023-042U,56004,PAY,+,US,2023-03-24,AFETR,,94.27,43.00,484,482,,,EA,ORB
STARLINK-5801,2023-042V,56005,PAY,+,US,2023-03-24,AFETR,,94.27,43.00,484,482,,,EA,ORB
STARLINK-5794,2023-042W,56006,PAY,+,US,2023-03-24,AFETR,,94.27,43.00,484,482,,,EA,ORB
STARLINK-5806,2023-042X,56007,PAY,+,US,2023-03-24,AFETR,,94.27,43.00,484,482,,,EA,ORB
STARLINK-5803,2023-042Y,56008,PAY,+,US,2023-03-24,AFETR,,94.26,43.00,484,481,,,EA,ORB
STARLINK-5964,2023-042Z,56009,PAY,+,US,2023-03-24,AFETR,,94.27,43.00,484,482,,,EA,ORB
STARLINK-5968,2023-042AA,56010,PAY,+,US,2023-03-24,AFETR,,94.27,43.00,484,482,,,EA,ORB
STARLINK-5936,2023-042AB,56011,PAY,+,US,2023-03-24,AFETR,,94.27,43.00,484,482,,,EA,ORB
STARLINK-5940,2023-042AC,56012,PAY,+,US,2023-03-24,AFETR,,94.27,43.00,484,482,,,EA,ORB
STARLINK-5941,2023-042AD,56013,PAY,+,US,2023-03-24,AFETR,,94.27,43.00,484,482,,,EA,ORB
STARLINK-5942,2023-042AE,56014,PAY,+,US,2023-03-24,AFETR,,94.27,43.00,484,482,,,EA,ORB
STARLINK-5939,2023-042AF,56015,PAY,+,US,2023-03-24,AFETR,,94.27,43.00,484,482,,,EA,ORB
STARLINK-5943,2023-042AG,56016,PAY,+,US,2023-03-24,AFETR,,94.27,43.00,484,483,,,EA,ORB
STARLINK-5934,2023-042AH,56017,PAY,+,US,2023-03-24,AFETR,,94.27,43.00,484,483,,,EA,ORB
STARLINK-5945,2023-042AJ,56018,PAY,+,US,2023-03-24,AFETR,,94.27,43.00,484,482,,,EA,ORB
STARLINK-5949,2023-042AK,56019,PAY,+,US,2023-03-24,AFETR,,94.27,43.00,484,482,,,EA,ORB
STARLINK-5912,2023-042AL,56020,PAY,+,US,2023-03-24,AFETR,,94.27,43.00,483,483,,,EA,ORB
STARLINK-5907,2023-042AM,56021,PAY,+,US,2023-03-24,AFETR,,94.27,43.00,483,483,,,EA,ORB
STARLINK-5783,2023-042AN,56022,PAY,+,US,2023-03-24,AFETR,,94.27,43.00,484,482,,,EA,ORB
STARLINK-5771,2023-042AP,56023,PAY,+,US,2023-03-24,AFETR,,94.27,43.00,484,482,,,EA,ORB
STARLINK-5772,2023-042AQ,56024,PAY,+,US,2023-03-24,AFETR,,94.27,43.00,484,482,,,EA,ORB
STARLINK-5766,2023-042AR,56025,PAY,+,US,2023-03-24,AFETR,,94.27,43.00,484,482,,,EA,ORB
STARLINK-5770,2023-042AS,56026,PAY,+,US,2023-03-24,AFETR,,94.27,43.00,484,482,,,EA,ORB
STARLINK-5777,2023-042AT,56027,PAY,+,US,2023-03-24,AFETR,,94.27,43.00,484,482,,,EA,ORB
STARLINK-5779,2023-042AU,56028,PAY,+,US,2023-03-24,AFETR,,94.27,43.00,484,482,,,EA,ORB
STARLINK-5774,2023-042AV,56029,PAY,+,US,2023-03-24,AFETR,,94.27,43.00,484,482,,,EA,ORB
STARLINK-5781,2023-042AW,56030,PAY,P,US,2023-03-24,AFETR,,94.27,43.00,484,482,,,EA,ORB
STARLINK-5785,2023-042AX,56031,PAY,+,US,2023-03-24,AFETR,,94.27,43.00,484,482,,,EA,ORB
STARLINK-5786,2023-042AY,56032,PAY,+,US,2023-03-24,AFETR,,94.26,43.00,484,482,,,EA,ORB
STARLINK-5784,2023-042AZ,56033,PAY,D,US,2023-03-24,AFETR,2025-01-03,88.19,42.99,190,179,,,EA,IMP
STARLINK-5782,2023-042BA,56034,PAY,+,US,2023-03-24,AFETR,,94.27,43.00,484,482,,,EA,ORB
STARLINK-5792,2023-042BB,56035,PAY,+,US,2023-03-24,AFETR,,94.27,43.00,484,483,,,EA,ORB
STARLINK-5790,2023-042BC,56036,PAY,+,US,2023-03-24,AFETR,,94.27,43.00,484,482,,,EA,ORB
STARLINK-5758,2023-042BD,56037,PAY,+,US,2023-03-24,AFETR,,94.27,43.00,484,482,,,EA,ORB
STARLINK-5793,2023-042BE,56038,PAY,+,US,2023-03-24,AFETR,,94.27,43.00,484,482,,,EA,ORB
STARLINK-5795,2023-042BF,56039,PAY,+,US,2023-03-24,AFETR,,94.27,43.00,483,483,,,EA,ORB
STARLINK-5798,2023-042BG,56040,PAY,+,US,2023-03-24,AFETR,,94.27,43.00,483,483,,,EA,ORB
STARLINK-5800,2023-042BH,56041,PAY,+,US,2023-03-24,AFETR,,94.27,43.00,484,482,,,EA,ORB
FALCON 9 DEB,2023-042BJ,56042,DEB,D,US,2023-03-24,AFETR,2023-04-27,87.75,43.00,170,155,,,EA,IMP
FALCON 9 DEB,2023-042BK,56043,DEB,D,US,2023-03-24,AFETR,2023-04-26,87.80,42.98,172,158,,,EA,IMP
FALCON 9 DEB,2023-042BL,56044,DEB,D,US,2023-03-24,AFETR,2023-04-25,87.92,42.99,178,165,,,EA,IMP
FALCON 9 DEB,2023-042BM,56045,DEB,D,US,2023-03-24,AFETR,2023-04-27,88.36,42.99,203,184,,,EA,IMP
ONEWEB-0537,2023-043A,56046,PAY,+,UK,2023-03-26,SRILR,,109.37,87.91,1199,1196,,,EA,ORB
ONEWEB-0538,2023-043B,56047,PAY,+,UK,2023-03-26,SRILR,,109.37,87.91,1199,1196,,,EA,ORB
ONEWEB-0546,2023-043C,56048,PAY,+,UK,2023-03-26,SRILR,,109.37,87.91,1199,1197,,,EA,ORB
ONEWEB-0547,2023-043D,56049,PAY,+,UK,2023-03-26,SRILR,,108.94,87.92,1179,1176,,,EA,ORB
ONEWEB-0548,2023-043E,56050,PAY,+,UK,2023-03-26,SRILR,,109.37,87.91,1199,1196,,,EA,ORB
ONEWEB-0549,2023-043F,56051,PAY,+,UK,2023-03-26,SRILR,,108.94,87.92,1179,1176,,,EA,ORB
ONEWEB-0550,2023-043G,56052,PAY,+,UK,2023-03-26,SRILR,,108.94,87.92,1179,1176,,,EA,ORB
ONEWEB-0551,2023-043H,56053,PAY,+,UK,2023-03-26,SRILR,,109.46,87.90,1204,1200,,,EA,ORB
ONEWEB-0552,2023-043J,56054,PAY,+,UK,2023-03-26,SRILR,,108.94,87.92,1180,1176,,,EA,ORB
ONEWEB-0553,2023-043K,56055,PAY,+,UK,2023-03-26,SRILR,,109.37,87.91,1199,1196,,,EA,ORB
ONEWEB-0554,2023-043L,56056,PAY,+,UK,2023-03-26,SRILR,,109.37,87.91,1199,1196,,,EA,ORB
ONEWEB-0555,2023-043M,56057,PAY,+,UK,2023-03-26,SRILR,,109.37,87.91,1199,1197,,,EA,ORB
ONEWEB-0557,2023-043N,56058,PAY,+,UK,2023-03-26,SRILR,,109.37,87.91,1199,1196,,,EA,ORB
ONEWEB-0558,2023-043P,56059,PAY,+,UK,2023-03-26,SRILR,,108.94,87.92,1179,1176,,,EA,ORB
ONEWEB-0559,2023-043Q,56060,PAY,+,UK,2023-03-26,SRILR,,108.94,87.92,1179,1176,,,EA,ORB
ONEWEB-0566,2023-043R,56061,PAY,+,UK,2023-03-26,SRILR,,108.94,87.92,1180,1176,,,EA,ORB
ONEWEB-0568,2023-043S,56062,PAY,+,UK,2023-03-26,SRILR,,109.37,87.91,1199,1196,,,EA,ORB
ONEWEB-0574,2023-043T,56063,PAY,+,UK,2023-03-26,SRILR,,108.94,87.92,1179,1176,,,EA,ORB
ONEWEB-0575,2023-043U,56064,PAY,+,UK,2023-03-26,SRILR,,109.37,87.91,1199,1196,,,EA,ORB
ONEWEB-0576,2023-043V,56065,PAY,+,UK,2023-03-26,SRILR,,109.37,87.91,1199,1196,,,EA,ORB
ONEWEB-0577,2023-043W,56066,PAY,+,UK,2023-03-26,SRILR,,109.37,87.91,1199,1196,,,EA,ORB
ONEWEB-0578,2023-043X,56067,PAY,+,UK,2023-03-26,SRILR,,108.94,87.92,1179,1176,,,EA,ORB
ONEWEB-0579,2023-043Y,56068,PAY,+,UK,2023-03-26,SRILR,,108.94,87.92,1180,1176,,,EA,ORB
ONEWEB-0581,2023-043Z,56069,PAY,+,UK,2023-03-26,SRILR,,109.37,87.91,1199,1196,,,EA,ORB
ONEWEB-0609,2023-043AA,56070,PAY,+,UK,2023-03-26,SRILR,,109.46,87.90,1203,1200,,,EA,ORB
ONEWEB-0613,2023-043AB,56071,PAY,+,UK,2023-03-26,SRILR,,109.46,87.90,1204,1200,,,EA,ORB
ONEWEB-0630,2023-043AC,56072,PAY,+,UK,2023-03-26,SRILR,,109.46,87.90,1203,1200,,,EA,ORB
ONEWEB-0632,2023-043AD,56073,PAY,+,UK,2023-03-26,SRILR,,109.46,87.90,1203,1200,,,EA,ORB
ONEWEB-0633,2023-043AE,56074,PAY,+,UK,2023-03-26,SRILR,,109.46,87.90,1204,1200,,,EA,ORB
ONEWEB-0634,2023-043AF,56075,PAY,+,UK,2023-03-26,SRILR,,109.46,87.90,1203,1200,,,EA,ORB
ONEWEB-0635,2023-043AG,56076,PAY,+,UK,2023-03-26,SRILR,,109.46,87.90,1203,1200,,,EA,ORB
ONEWEB-0636,2023-043AH,56077,PAY,+,UK,2023-03-26,SRILR,,109.46,87.90,1203,1200,,,EA,ORB
ONEWEB-0637,2023-043AJ,56078,PAY,+,UK,2023-03-26,SRILR,,109.46,87.90,1203,1200,,,EA,ORB
ONEWEB-0647,2023-043AK,56079,PAY,+,UK,2023-03-26,SRILR,,109.46,87.90,1203,1200,,,EA,ORB
ONEWEB-0651,2023-043AL,56080,PAY,+,UK,2023-03-26,SRILR,,109.46,87.90,1203,1200,,,EA,ORB
ONEWEB-0718,2023-043AM,56081,PAY,+,UK,2023-03-26,SRILR,,109.46,87.90,1203,1200,,,EA,ORB
GSLV R/B,2023-043AN,56082,R/B,D,IND,2023-03-26,SRILR,2024-06-14,87.04,87.37,136,120,,,EA,IMP
OFEQ 13,2023-044A,56083,PAY,+,ISRA,2023-03-28,YAVNE,,,,,,,NEA,EA,ORB
SHAVIT R/B,2023-044B,56084,R/B,D,ISRA,2023-03-28,YAVNE,2023-07-23,87.63,139.26,161,153,,NEA,EA,IMP
COSMOS 2568,2023-045A,56091,PAY,D,CIS,2023-03-29,PLMSC,2025-01-03,87.19,96.33,141,130,,,EA,IMP
SL-4 R/B,2023-045B,56092,R/B,D,CIS,2023-03-29,PLMSC,2023-07-03,86.96,96.44,133,114,,,EA,IMP
STARLINK-6102,2023-046A,56093,PAY,D,US,2023-03-29,AFETR,2024-12-18,87.80,42.99,167,164,,,EA,IMP
STARLINK-6109,2023-046B,56094,PAY,+,US,2023-03-29,AFETR,,94.27,43.00,484,482,,,EA,ORB
STARLINK-6090,2023-046C,56095,PAY,+,US,2023-03-29,AFETR,,94.27,43.00,484,482,,,EA,ORB
STARLINK-6089,2023-046D,56096,PAY,+,US,2023-03-29,AFETR,,94.27,43.00,484,482,,,EA,ORB
STARLINK-6077,2023-046E,56097,PAY,+,US,2023-03-29,AFETR,,94.27,43.00,484,483,,,EA,ORB
STARLINK-6088,2023-046F,56098,PAY,+,US,2023-03-29,AFETR,,94.27,43.00,484,482,,,EA,ORB
STARLINK-6093,2023-046G,56099,PAY,D,US,2023-03-29,AFETR,2025-06-25,88.15,42.99,191,175,,,EA,IMP
STARLINK-6076,2023-046H,56100,PAY,+,US,2023-03-29,AFETR,,94.27,43.00,484,482,,,EA,ORB
STARLINK-6095,2023-046J,56101,PAY,+,US,2023-03-29,AFETR,,94.27,43.00,484,482,,,EA,ORB
STARLINK-6075,2023-046K,56102,PAY,+,US,2023-03-29,AFETR,,94.27,43.00,484,482,,,EA,ORB
STARLINK-6096,2023-046L,56103,PAY,+,US,2023-03-29,AFETR,,94.27,43.00,484,482,,,EA,ORB
STARLINK-6062,2023-046M,56104,PAY,+,US,2023-03-29,AFETR,,94.27,43.00,484,482,,,EA,ORB
STARLINK-6066,2023-046N,56105,PAY,+,US,2023-03-29,AFETR,,94.27,43.00,485,481,,,EA,ORB
STARLINK-6078,2023-046P,56106,PAY,D,US,2023-03-29,AFETR,2025-01-17,87.58,42.99,157,152,,,EA,IMP
STARLINK-6030,2023-046Q,56107,PAY,+,US,2023-03-29,AFETR,,94.27,43.00,484,482,,,EA,ORB
STARLINK-6081,2023-046R,56108,PAY,+,US,2023-03-29,AFETR,,94.27,43.00,484,482,,,EA,ORB
STARLINK-6083,2023-046S,56109,PAY,+,US,2023-03-29,AFETR,,94.27,43.00,484,482,,,EA,ORB
STARLINK-6082,2023-046T,56110,PAY,+,US,2023-03-29,AFETR,,94.27,43.00,485,482,,,EA,ORB
STARLINK-6084,2023-046U,56111,PAY,+,US,2023-03-29,AFETR,,94.27,43.00,484,482,,,EA,ORB
STARLINK-6080,2023-046V,56112,PAY,+,US,2023-03-29,AFETR,,94.27,43.00,484,482,,,EA,ORB
STARLINK-6113,2023-046W,56113,PAY,+,US,2023-03-29,AFETR,,94.27,43.00,484,482,,,EA,ORB
STARLINK-6103,2023-046X,56114,PAY,D,US,2023-03-29,AFETR,2025-01-21,87.45,42.99,152,144,,,EA,IMP
STARLINK-6101,2023-046Y,56115,PAY,+,US,2023-03-29,AFETR,,94.27,43.00,484,482,,,EA,ORB
STARLINK-6114,2023-046Z,56116,PAY,+,US,2023-03-29,AFETR,,94.27,43.00,484,482,,,EA,ORB
STARLINK-6107,2023-046AA,56117,PAY,+,US,2023-03-29,AFETR,,94.27,43.00,484,482,,,EA,ORB
STARLINK-6105,2023-046AB,56118,PAY,D,US,2023-03-29,AFETR,2025-11-02,88.09,42.99,183,177,,,EA,IMP
STARLINK-6091,2023-046AC,56119,PAY,+,US,2023-03-29,AFETR,,94.27,43.00,485,482,,,EA,ORB
STARLINK-6079,2023-046AD,56120,PAY,+,US,2023-03-29,AFETR,,94.27,43.01,484,482,,,EA,ORB
STARLINK-6092,2023-046AE,56121,PAY,+,US,2023-03-29,AFETR,,94.27,43.00,484,482,,,EA,ORB
STARLINK-6094,2023-046AF,56122,PAY,+,US,2023-03-29,AFETR,,94.27,43.00,484,482,,,EA,ORB
STARLINK-6115,2023-046AH,56123,PAY,+,US,2023-03-29,AFETR,,94.27,43.00,484,482,,,EA,ORB
STARLINK-6126,2023-046AJ,56124,PAY,+,US,2023-03-29,AFETR,,94.27,43.01,484,482,,,EA,ORB
STARLINK-6119,2023-046AK,56125,PAY,+,US,2023-03-29,AFETR,,94.27,43.00,484,482,,,EA,ORB
STARLINK-6124,2023-046AL,56126,PAY,+,US,2023-03-29,AFETR,,94.27,43.00,484,482,,,EA,ORB
STARLINK-6104,2023-046AM,56127,PAY,+,US,2023-03-29,AFETR,,94.27,43.00,484,482,,,EA,ORB
STARLINK-6122,2023-046AN,56128,PAY,+,US,2023-03-29,AFETR,,94.27,43.00,484,482,,,EA,ORB
STARLINK-6121,2023-046AP,56129,PAY,+,US,2023-03-29,AFETR,,94.27,43.00,484,482,,,EA,ORB
STARLINK-6117,2023-046AQ,56130,PAY,+,US,2023-03-29,AFETR,,94.27,43.00,484,482,,,EA,ORB
STARLINK-6120,2023-046AR,56131,PAY,+,US,2023-03-29,AFETR,,94.27,43.00,484,482,,,EA,ORB
STARLINK-6071,2023-046AS,56132,PAY,+,US,2023-03-29,AFETR,,94.27,43.00,484,482,,,EA,ORB
STARLINK-5566,2023-046AT,56133,PAY,+,US,2023-03-29,AFETR,,94.27,43.00,484,482,,,EA,ORB
STARLINK-5564,2023-046AU,56134,PAY,+,US,2023-03-29,AFETR,,94.27,43.00,484,482,,,EA,ORB
STARLINK-5563,2023-046AV,56135,PAY,D,US,2023-03-29,AFETR,2024-05-04,88.33,42.98,192,192,,,EA,IMP
STARLINK-5489,2023-046AW,56136,PAY,+,US,2023-03-29,AFETR,,94.27,43.00,484,482,,,EA,ORB
STARLINK-5090,2023-046AX,56137,PAY,+,US,2023-03-29,AFETR,,94.27,43.00,484,482,,,EA,ORB
STARLINK-4774,2023-046AY,56138,PAY,+,US,2023-03-29,AFETR,,94.27,43.00,484,482,,,EA,ORB
STARLINK-5378,2023-046AZ,56139,PAY,D,US,2023-03-29,AFETR,2024-05-24,88.69,42.99,214,205,,,EA,IMP
STARLINK-5375,2023-046BA,56140,PAY,+,US,2023-03-29,AFETR,,94.27,43.00,484,482,,,EA,ORB
STARLINK-5377,2023-046BB,56141,PAY,+,US,2023-03-29,AFETR,,94.27,43.00,484,482,,,EA,ORB
STARLINK-5376,2023-046BC,56142,PAY,+,US,2023-03-29,AFETR,,94.27,43.00,484,482,,,EA,ORB
STARLINK-5016,2023-046BD,56143,PAY,+,US,2023-03-29,AFETR,,94.76,43.00,511,503,,,EA,ORB
STARLINK-5374,2023-046BE,56144,PAY,+,US,2023-03-29,AFETR,,94.27,43.00,484,482,,,EA,ORB
STARLINK-5370,2023-046BF,56145,PAY,D,US,2023-03-29,AFETR,2024-05-04,87.84,42.98,169,166,,,EA,IMP
STARLINK-5111,2023-046BG,56146,PAY,+,US,2023-03-29,AFETR,,94.27,43.00,484,482,,,EA,ORB
STARLINK-5140,2023-046BH,56147,PAY,D,US,2023-03-29,AFETR,2026-07-04,87.67,42.99,161,157,,,EA,IMP
STARLINK-5089,2023-046BJ,56148,PAY,+,US,2023-03-29,AFETR,,94.27,43.00,484,482,,,EA,ORB
FALCON 9 DEB,2023-046BK,56149,DEB,D,US,2023-03-29,AFETR,2023-05-02,87.51,43.00,156,146,,,EA,IMP
FALCON 9 DEB,2023-046BL,56150,DEB,D,US,2023-03-29,AFETR,2023-05-02,88.07,42.99,186,172,,,EA,IMP
FALCON 9 DEB,2023-046BM,56151,DEB,D,US,2023-03-29,AFETR,2023-05-01,87.47,42.99,154,145,,,EA,IMP
FALCON 9 DEB,2023-046BN,56152,DEB,D,US,2023-03-29,AFETR,2023-05-02,87.56,42.98,158,149,,,EA,IMP
PIESAT A,2023-047A,56153,PAY,+,PRC,2023-03-30,TAISC,,95.09,97.50,524,522,,,EA,ORB
PIESAT B,2023-047B,56154,PAY,+,PRC,2023-03-30,TAISC,,95.09,97.50,524,522,,,EA,ORB
PIESAT C,2023-047C,56155,PAY,+,PRC,2023-03-30,TAISC,,95.09,97.50,524,522,,,EA,ORB
PIESAT D,2023-047D,56156,PAY,+,PRC,2023-03-30,TAISC,,95.09,97.50,524,522,,,EA,ORB
OBJECT A,2023-048A,56157,PAY,+,PRC,2023-03-31,JSC,,107.03,63.40,1144,1035,,,EA,ORB
OBJECT B,2023-048B,56158,UNK,,PRC,2023-03-31,JSC,,105.22,63.40,1172,838,,,EA,ORB
OBJECT A,2023-049A,56159,PAY,D,PRC,2023-04-02,JSC,2024-02-07,87.53,97.41,159,146,,,EA,IMP
CHECKMATE 8,2023-050A,56162,PAY,+,US,2023-04-02,AFWTR,,103.97,81.00,952,941,,,EA,ORB
CHECKMATE 5,2023-050B,56163,PAY,+,US,2023-04-02,AFWTR,,103.97,81.00,952,941,,,EA,ORB
CHECKMATE 4,2023-050C,56164,PAY,+,US,2023-04-02,AFWTR,,103.98,81.00,951,942,,,EA,ORB
CHECKMATE 6,2023-050D,56165,PAY,+,US,2023-04-02,AFWTR,,103.77,81.01,948,925,,,EA,ORB
CHECKMATE 7,2023-050E,56166,PAY,+,US,2023-04-02,AFWTR,,103.69,81.00,947,919,,,EA,ORB
CHECKMATE 2,2023-050F,56167,PAY,+,US,2023-04-02,AFWTR,,103.96,81.01,951,940,,,EA,ORB
CHECKMATE 1,2023-050G,56168,PAY,+,US,2023-04-02,AFWTR,,103.97,81.01,955,938,,,EA,ORB
CHECKMATE 3,2023-050H,56169,PAY,+,US,2023-04-02,AFWTR,,103.96,81.00,951,940,,,EA,ORB
BB 2,2023-050J,56170,PAY,+,US,2023-04-02,AFWTR,,100.43,81.00,786,772,,,EA,ORB
BB 1,2023-050K,56171,PAY,+,US,2023-04-02,AFWTR,,101.75,81.01,856,827,,,EA,ORB
DUMMY MASS 3/SQX-1,2023-051A,56172,PAY,D,PRC,2023-04-07,JSC,2023-10-29,86.90,97.27,130,111,,,EA,IMP
INTELSAT 40E (IS-40E),2023-052A,56174,PAY,+,ITSO,2023-04-07,AFETR,,1436.09,0.01,35798,35775,,,EA,ORB
FALCON 9 R/B,2023-052B,56175,R/B,,US,2023-04-07,AFETR,,352.94,26.97,20146,185,,,EA,ORB
JUICE,2023-053A,56176,PAY,+,ESA,2023-04-14,FRGUI,,,,,,,,SU,ORB
ARIANE 5 R/B,2023-053B,56177,R/B,,FR,2023-04-14,FRGUI,,,,,,,,SU,ORB
IMECE,2023-054A,56178,PAY,+,TURK,2023-04-15,AFWTR,,98.23,98.11,681,668,,,EA,ORB
BROKKR-1 (ORBASTRO-AF 1),2023-054B,56179,PAY,D,UK,2023-04-15,AFWTR,2026-01-13,87.54,97.28,155,150,,,EA,IMP
DEWASAT-2,2023-054C,56180,PAY,D,UAE,2023-04-15,AFWTR,2025-03-14,88.32,97.33,196,187,,,EA,IMP
KILICSAT,2023-054D,56181,PAY,D,TURK,2023-04-15,AFWTR,2025-01-30,87.49,97.31,154,146,,,EA,IMP
LEMUR-2-ONREFLECTION,2023-054E,56182,PAY,D,US,2023-04-15,AFWTR,2024-10-07,88.01,97.31,181,171,,,EA,IMP
SATELIOT_0,2023-054F,56183,PAY,D,SPN,2023-04-15,AFWTR,2025-07-22,87.47,97.27,156,143,,,EA,IMP
SSS-2B,2023-054G,56184,PAY,D,TURK,2023-04-15,AFWTR,2024-12-23,87.37,97.31,148,141,,,EA,IMP
BRO-9,2023-054H,56185,PAY,D,FR,2023-04-15,AFWTR,2026-06-24,87.92,97.28,178,164,,,EA,IMP
GHGSAT-C8,2023-054J,56186,PAY,+,CA,2023-04-15,AFWTR,,92.62,97.29,406,400,,,EA,ORB
LEMUR-2-SPACEGUS,2023-054K,56187,PAY,D,US,2023-04-15,AFWTR,2024-08-17,87.76,97.28,170,157,,,EA,IMP
CIRBE,2023-054L,56188,PAY,D,US,2023-04-15,AFWTR,2024-10-04,87.44,97.32,151,145,,,EA,IMP
IT'S ABOUT TIME,2023-054M,56189,PAY,D,US,2023-04-15,AFWTR,2025-08-01,87.81,97.29,171,162,,,EA,IMP
NUSAT-36 (ANNIE CANNON),2023-054N,56190,PAY,D,ARGN,2023-04-15,AFWTR,2025-04-12,87.77,97.29,169,159,,,EA,IMP
HAWK-7A,2023-054P,56191,PAY,+,US,2023-04-15,AFWTR,,94.24,97.26,485,479,,,EA,ORB
ION SCV-010,2023-054Q,56192,PAY,+,IT,2023-04-15,AFWTR,,94.30,97.37,493,477,,,EA,ORB
HAWK-7B,2023-054R,56193,PAY,+,US,2023-04-15,AFWTR,,94.24,97.26,484,480,,,EA,ORB
NORSAT-TD,2023-054S,56194,PAY,D,NOR,2023-04-15,AFWTR,2025-05-17,87.80,97.31,172,159,,,EA,IMP
GHOST-1,2023-054T,56195,PAY,D,US,2023-04-15,AFWTR,2026-05-05,87.68,97.27,165,154,,,EA,IMP
VIGORIDE-6,2023-054U,56196,PAY,D,US,2023-04-15,AFWTR,2024-11-23,87.27,97.29,144,134,,,EA,IMP
GHOST-2,2023-054V,56197,PAY,D,US,2023-04-15,AFWTR,2025-12-15,87.38,97.29,149,140,,,EA,IMP
UMBRA-06,2023-054W,56198,PAY,D,US,2023-04-15,AFWTR,2024-11-18,87.92,97.30,175,169,,,EA,IMP
TOMORROW-R1,2023-054X,56199,PAY,D,US,2023-04-15,AFWTR,2025-04-17,88.02,97.31,180,173,,,EA,IMP
HAWK-7C,2023-054Y,56200,PAY,+,US,2023-04-15,AFWTR,,94.24,97.26,484,480,,,EA,ORB
NUSAT-39 (TIKVAH ALPER),2023-054Z,56201,PAY,+,ARGN,2023-04-15,AFWTR,,92.92,97.30,421,413,,,EA,ORB
NUSAT-38 (MARIA AGNESI),2023-054AA,56202,PAY,+,ARGN,2023-04-15,AFWTR,,92.71,97.30,415,400,,,EA,ORB
NUSAT-37 (JOAN CLARKE),2023-054AB,56203,PAY,+,ARGN,2023-04-15,AFWTR,,92.13,97.25,384,374,,,EA,ORB
GHGSAT-C6,2023-054AC,56204,PAY,+,CA,2023-04-15,AFWTR,,92.62,97.30,408,398,,,EA,ORB
FACSAT-2,2023-054AD,56205,PAY,D,COL,2023-04-15,AFWTR,2025-10-27,87.83,97.29,171,163,,,EA,IMP
LEMUR-2-ROMEO-N-LEO,2023-054AE,56206,PAY,D,US,2023-04-15,AFWTR,2024-04-23,87.64,97.33,161,154,,,EA,IMP
PLEIADES YEARLING,2023-054AF,56207,PAY,D,US,2023-04-15,AFWTR,2024-08-12,88.59,97.34,211,198,,,EA,IMP
TAIFA-1,2023-054AG,56208,PAY,D,KEN,2023-04-15,AFWTR,2025-04-24,87.50,97.30,156,145,,,EA,IMP
GHGSAT-C7,2023-054AH,56209,PAY,+,CA,2023-04-15,AFWTR,,92.84,97.29,419,408,,,EA,ORB
CONNECTA T2.1,2023-054AJ,56210,PAY,D,TURK,2023-04-15,AFWTR,2025-10-11,89.54,97.30,256,247,,,EA,IMP
INSPIRESAT 7,2023-054AK,56211,PAY,D,FR,2023-04-15,AFWTR,2024-09-18,87.78,97.32,170,159,,,EA,IMP
ROSEYCUBESAT-1,2023-054AL,56212,PAY,D,MCO,2023-04-15,AFWTR,2024-09-01,88.45,97.34,204,192,,,EA,IMP
SAPLING GIGANTEUM,2023-054AM,56213,PAY,D,US,2023-04-15,AFWTR,2024-09-18,87.38,97.32,152,138,,,EA,IMP
LS3C,2023-054AN,56214,PAY,D,LTU,2023-04-15,AFWTR,2024-10-23,87.57,97.31,159,150,,,EA,IMP
VCUB1,2023-054AP,56215,PAY,D,BRAZ,2023-04-15,AFWTR,2025-01-26,87.52,97.31,160,144,,,EA,IMP
ELO-3,2023-054AQ,56216,PAY,D,UK,2023-04-15,AFWTR,2024-08-12,87.92,97.31,178,165,,,EA,IMP
KEPLER-20,2023-054AR,56217,PAY,D,CA,2023-04-15,AFWTR,2025-09-19,87.82,97.28,173,160,,,EA,IMP
KEPLER-21,2023-054AS,56218,PAY,D,CA,2023-04-15,AFWTR,2026-07-10,87.45,97.27,154,142,,,EA,IMP
LLITED B,2023-054AT,56219,PAY,D,US,2023-04-15,AFWTR,2024-08-22,87.38,97.32,151,138,,,EA,IMP
LLITED A,2023-054AU,56220,PAY,D,US,2023-04-15,AFWTR,2024-08-26,87.42,97.31,155,138,,,EA,IMP
IRIS-C,2023-054AV,56221,PAY,D,ROC,2023-04-15,AFWTR,2024-10-18,88.01,97.31,180,172,,,EA,IMP
DISCO-1,2023-054AW,56222,PAY,D,DEN,2023-04-15,AFWTR,2025-01-24,88.20,97.32,188,183,,,EA,IMP
VIREO,2023-054AX,56223,PAY,D,HUN,2023-04-15,AFWTR,2024-08-08,89.11,97.34,239,222,,,EA,IMP
REVELA,2023-054AY,56224,PAY,D,IT,2023-04-15,AFWTR,2024-12-31,87.74,97.32,167,159,,,EA,IMP
AAC-HSI-SAT1,2023-054AZ,56225,PAY,+,UK,2023-04-15,AFWTR,,95.19,97.36,533,522,,,EA,ORB
OUTPOST MISSION 1,2023-084BK,56226,PAY,D,US,2023-06-12,AFWTR,2026-06-29,87.18,97.58,144,126,,,EA,IMP
SKYKRAFT-3B,2023-084BL,56227,PAY,D,AUS,2023-06-12,AFWTR,2024-11-27,87.57,97.52,160,148,,,EA,IMP
SKYKRAFT-3C,2023-084BM,56228,PAY,D,AUS,2023-06-12,AFWTR,2025-02-13,87.96,97.52,180,166,,,EA,IMP
SKYKRAFT-3,2023-084BN,56229,PAY,D,AUS,2023-06-12,AFWTR,2025-12-14,87.84,97.56,173,161,,,EA,IMP
ISTANBUL,2023-084BP,56230,PAY,D,TURK,2023-06-12,AFWTR,2024-04-01,87.77,97.49,175,153,,,EA,IMP
OBJECT BQ,2023-084BQ,56231,UNK,D,TBD,2023-06-12,AFWTR,2025-07-11,87.37,97.57,153,135,,,EA,IMP
FENGYUN 3G,2023-055A,56232,PAY,+,PRC,2023-04-16,JSC,,92.74,49.99,417,401,,,EA,ORB
CZ-4C R/B,2023-055B,56233,R/B,D,PRC,2023-04-16,JSC,2023-04-26,87.46,50.06,167,130,,,EA,IMP
DRAGON CRS-27 DEB,2023-033B,56234,DEB,D,US,2023-03-15,AFETR,2023-05-18,87.28,51.62,148,131,,,EA,IMP
STARLINK-30096,2023-056A,56286,PAY,D,US,2023-04-19,AFETR,2023-05-11,87.94,42.99,177,167,,,EA,IMP
STARLINK-30107,2023-056B,56287,PAY,+,US,2023-04-19,AFETR,,94.27,43.00,485,481,,,EA,ORB
STARLINK-30106,2023-056C,56288,PAY,+,US,2023-04-19,AFETR,,94.27,43.00,484,482,,,EA,ORB
STARLINK-30095,2023-056D,56289,PAY,+,US,2023-04-19,AFETR,,94.27,43.00,484,482,,,EA,ORB
STARLINK-30103,2023-056E,56290,PAY,+,US,2023-04-19,AFETR,,94.27,43.00,484,482,,,EA,ORB
STARLINK-30113,2023-056F,56291,PAY,+,US,2023-04-19,AFETR,,94.27,43.01,484,482,,,EA,ORB
STARLINK-30098,2023-056G,56292,PAY,+,US,2023-04-19,AFETR,,94.27,43.00,484,482,,,EA,ORB
STARLINK-30090,2023-056H,56293,PAY,D,US,2023-04-19,AFETR,2026-04-08,88.82,42.99,218,214,,,EA,IMP
STARLINK-30049,2023-056J,56294,PAY,+,US,2023-04-19,AFETR,,94.27,43.00,483,483,,,EA,ORB
STARLINK-30083,2023-056K,56295,PAY,+,US,2023-04-19,AFETR,,94.27,43.00,484,482,,,EA,ORB
STARLINK-30089,2023-056L,56296,PAY,+,US,2023-04-19,AFETR,,94.27,43.00,484,482,,,EA,ORB
STARLINK-30086,2023-056M,56297,PAY,+,US,2023-04-19,AFETR,,94.27,43.00,485,482,,,EA,ORB
STARLINK-30109,2023-056N,56298,PAY,+,US,2023-04-19,AFETR,,94.27,43.00,484,482,,,EA,ORB
STARLINK-30108,2023-056P,56299,PAY,+,US,2023-04-19,AFETR,,94.27,43.01,485,482,,,EA,ORB
STARLINK-30104,2023-056Q,56300,PAY,+,US,2023-04-19,AFETR,,94.27,43.00,484,482,,,EA,ORB
STARLINK-30101,2023-056R,56301,PAY,+,US,2023-04-19,AFETR,,94.08,43.00,476,472,,,EA,ORB
STARLINK-30111,2023-056S,56302,PAY,+,US,2023-04-19,AFETR,,94.27,43.00,484,482,,,EA,ORB
STARLINK-30097,2023-056T,56303,PAY,D,US,2023-04-19,AFETR,2024-07-23,87.87,42.97,178,160,,,EA,IMP
STARLINK-30099,2023-056U,56304,PAY,+,US,2023-04-19,AFETR,,94.26,43.01,485,481,,,EA,ORB
STARLINK-30094,2023-056V,56305,PAY,+,US,2023-04-19,AFETR,,94.27,43.00,484,482,,,EA,ORB
STARLINK-30112,2023-056W,56306,PAY,+,US,2023-04-19,AFETR,,94.27,43.01,485,481,,,EA,ORB
POEM-2,2023-057A,56308,PAY,+,IND,2023-04-22,SRILR,,96.31,9.89,596,568,,,EA,ORB
LUMELITE-4,2023-057B,56309,PAY,+,SING,2023-04-22,SRILR,,94.54,9.99,500,493,,,EA,ORB
TELEOS-2,2023-057C,56310,PAY,+,SING,2023-04-22,SRILR,,96.23,9.99,579,577,,,EA,ORB
STARLINK-6038,2023-058A,56317,PAY,+,US,2023-04-27,AFWTR,,93.91,97.28,467,464,,,EA,ORB
STARLINK-5954,2023-058B,56318,PAY,+,US,2023-04-27,AFWTR,,93.90,97.29,466,465,,,EA,ORB
STARLINK-6039,2023-058C,56319,PAY,+,US,2023-04-27,AFWTR,,95.64,97.28,551,548,,,EA,ORB
STARLINK-5988,2023-058D,56320,PAY,+,US,2023-04-27,AFWTR,,95.64,97.28,551,548,,,EA,ORB
STARLINK-5876,2023-058E,56321,PAY,+,US,2023-04-27,AFWTR,,94.06,97.28,474,472,,,EA,ORB
STARLINK-6033,2023-058F,56322,PAY,+,US,2023-04-27,AFWTR,,95.64,97.28,551,548,,,EA,ORB
STARLINK-6035,2023-058G,56323,PAY,+,US,2023-04-27,AFWTR,,95.64,97.28,551,548,,,EA,ORB
STARLINK-6034,2023-058H,56324,PAY,+,US,2023-04-27,AFWTR,,93.90,97.28,467,464,,,EA,ORB
STARLINK-5981,2023-058J,56325,PAY,+,US,2023-04-27,AFWTR,,95.64,97.28,551,548,,,EA,ORB
STARLINK-5980,2023-058K,56326,PAY,+,US,2023-04-27,AFWTR,,95.64,97.29,551,548,,,EA,ORB
STARLINK-5997,2023-058L,56327,PAY,+,US,2023-04-27,AFWTR,,95.64,97.28,551,548,,,EA,ORB
STARLINK-5992,2023-058M,56328,PAY,+,US,2023-04-27,AFWTR,,93.91,97.28,467,464,,,EA,ORB
STARLINK-5984,2023-058N,56329,PAY,+,US,2023-04-27,AFWTR,,93.91,97.29,467,465,,,EA,ORB
STARLINK-5967,2023-058P,56330,PAY,D,US,2023-04-27,AFWTR,2025-04-30,87.99,97.63,184,166,,,EA,IMP
STARLINK-5991,2023-058Q,56331,PAY,+,US,2023-04-27,AFWTR,,95.64,97.29,551,548,,,EA,ORB
STARLINK-5093,2023-058R,56332,PAY,+,US,2023-04-27,AFWTR,,95.64,97.28,551,548,,,EA,ORB
STARLINK-5553,2023-058S,56333,PAY,+,US,2023-04-27,AFWTR,,93.91,97.28,467,464,,,EA,ORB
STARLINK-5548,2023-058T,56334,PAY,+,US,2023-04-27,AFWTR,,93.91,97.28,467,464,,,EA,ORB
STARLINK-5559,2023-058U,56335,PAY,+,US,2023-04-27,AFWTR,,93.91,97.28,466,465,,,EA,ORB
STARLINK-5562,2023-058V,56336,PAY,+,US,2023-04-27,AFWTR,,95.64,97.28,551,548,,,EA,ORB
STARLINK-5561,2023-058W,56337,PAY,+,US,2023-04-27,AFWTR,,95.64,97.28,551,548,,,EA,ORB
STARLINK-5554,2023-058X,56338,PAY,+,US,2023-04-27,AFWTR,,95.64,97.28,551,548,,,EA,ORB
STARLINK-5552,2023-058Y,56339,PAY,+,US,2023-04-27,AFWTR,,95.64,97.28,551,548,,,EA,ORB
STARLINK-5540,2023-058Z,56340,PAY,+,US,2023-04-27,AFWTR,,93.91,97.28,467,464,,,EA,ORB
STARLINK-5543,2023-058AA,56341,PAY,+,US,2023-04-27,AFWTR,,95.64,97.28,551,548,,,EA,ORB
STARLINK-5955,2023-058AB,56342,PAY,+,US,2023-04-27,AFWTR,,93.91,97.28,467,465,,,EA,ORB
STARLINK-5976,2023-058AC,56343,PAY,+,US,2023-04-27,AFWTR,,93.91,97.28,467,464,,,EA,ORB
STARLINK-5974,2023-058AD,56344,PAY,+,US,2023-04-27,AFWTR,,93.91,97.28,467,465,,,EA,ORB
STARLINK-5979,2023-058AE,56345,PAY,+,US,2023-04-27,AFWTR,,95.64,97.29,551,548,,,EA,ORB
STARLINK-5837,2023-058AF,56346,PAY,+,US,2023-04-27,AFWTR,,95.64,97.28,551,548,,,EA,ORB
STARLINK-5829,2023-058AG,56347,PAY,+,US,2023-04-27,AFWTR,,93.91,97.29,467,465,,,EA,ORB
STARLINK-5888,2023-058AH,56348,PAY,+,US,2023-04-27,AFWTR,,95.64,97.28,551,548,,,EA,ORB
STARLINK-5887,2023-058AJ,56349,PAY,+,US,2023-04-27,AFWTR,,95.64,97.28,551,548,,,EA,ORB
STARLINK-5886,2023-058AK,56350,PAY,+,US,2023-04-27,AFWTR,,93.91,97.28,466,465,,,EA,ORB
STARLINK-5891,2023-058AL,56351,PAY,+,US,2023-04-27,AFWTR,,93.88,97.29,465,463,,,EA,ORB
STARLINK-5885,2023-058AM,56352,PAY,+,US,2023-04-27,AFWTR,,95.64,97.28,551,548,,,EA,ORB
STARLINK-5874,2023-058AN,56353,PAY,+,US,2023-04-27,AFWTR,,95.64,97.28,551,548,,,EA,ORB
STARLINK-5877,2023-058AP,56354,PAY,+,US,2023-04-27,AFWTR,,93.91,97.28,467,464,,,EA,ORB
STARLINK-5533,2023-058AQ,56355,PAY,P,US,2023-04-27,AFWTR,,89.13,97.52,235,228,,,EA,ORB
STARLINK-5535,2023-058AR,56356,PAY,+,US,2023-04-27,AFWTR,,93.91,97.28,467,464,,,EA,ORB
STARLINK-5538,2023-058AS,56357,PAY,+,US,2023-04-27,AFWTR,,93.90,97.28,466,465,,,EA,ORB
STARLINK-5482,2023-058AT,56358,PAY,+,US,2023-04-27,AFWTR,,95.64,97.28,551,548,,,EA,ORB
STARLINK-5551,2023-058AU,56359,PAY,+,US,2023-04-27,AFWTR,,95.64,97.28,551,548,,,EA,ORB
STARLINK-5549,2023-058AV,56360,PAY,+,US,2023-04-27,AFWTR,,93.91,97.28,467,465,,,EA,ORB
STARLINK-5550,2023-058AW,56361,PAY,+,US,2023-04-27,AFWTR,,95.64,97.28,551,548,,,EA,ORB
STARLINK-5972,2023-058AX,56362,PAY,+,US,2023-04-27,AFWTR,,93.91,97.28,467,465,,,EA,ORB
FALCON 9 DEB,2023-058AY,56363,DEB,D,US,2023-04-27,AFWTR,2023-06-16,87.36,97.65,148,139,,,EA,IMP
FALCON 9 DEB,2023-058AZ,56364,DEB,D,US,2023-04-27,AFWTR,2023-06-17,87.09,97.65,132,129,,,EA,IMP
FALCON 9 DEB,2023-058BA,56365,DEB,D,US,2023-04-27,AFWTR,2023-06-11,87.27,97.65,144,134,,,EA,IMP
FALCON 9 DEB,2023-058BB,56366,DEB,D,US,2023-04-27,AFWTR,2023-06-12,87.73,97.64,166,159,,,EA,IMP
O3B MPOWER F4,2023-059A,56367,PAY,P,O3B,2023-04-28,AFETR,,287.93,0.06,8077,8055,,,EA,ORB
O3B MPOWER F3,2023-059B,56368,PAY,P,O3B,2023-04-28,AFETR,,287.93,0.06,8075,8057,,,EA,ORB
FALCON 9 R/B,2023-059C,56369,R/B,,US,2023-04-28,AFETR,,198.16,8.58,7001,2761,,,EA,ORB
VIASAT-3 F1,2023-060A,56370,PAY,P,US,2023-05-01,AFETR,,1436.11,0.01,35791,35782,,,EA,ORB
ARCTURUS,2023-060B,56371,PAY,P,US,2023-05-01,AFETR,,1436.13,2.94,35792,35782,,,EA,ORB
GS-1,2023-060C,56372,PAY,+,US,2023-05-01,AFETR,,1436.29,2.87,35803,35778,,,EA,ORB
FALCON HEAVY R/B,2023-060D,56373,R/B,,US,2023-05-01,AFETR,,1374.80,3.00,34636,34520,,,EA,ORB
STARLINK-6156,2023-061A,56374,PAY,+,US,2023-05-04,AFETR,,94.27,43.00,485,481,,,EA,ORB
STARLINK-6158,2023-061B,56375,PAY,+,US,2023-05-04,AFETR,,94.27,43.00,483,483,,,EA,ORB
STARLINK-6188,2023-061C,56376,PAY,+,US,2023-05-04,AFETR,,94.27,43.00,484,482,,,EA,ORB
STARLINK-6189,2023-061D,56377,PAY,+,US,2023-05-04,AFETR,,94.27,43.00,484,482,,,EA,ORB
STARLINK-6191,2023-061E,56378,PAY,+,US,2023-05-04,AFETR,,94.27,43.00,484,483,,,EA,ORB
STARLINK-6157,2023-061F,56379,PAY,+,US,2023-05-04,AFETR,,94.27,43.00,484,482,,,EA,ORB
STARLINK-6161,2023-061G,56380,PAY,D,US,2023-05-04,AFETR,2025-07-27,87.42,42.99,147,146,,,EA,IMP
STARLINK-6159,2023-061H,56381,PAY,+,US,2023-05-04,AFETR,,94.27,43.01,484,482,,,EA,ORB
STARLINK-6160,2023-061J,56382,PAY,+,US,2023-05-04,AFETR,,94.27,43.00,484,482,,,EA,ORB
STARLINK-6166,2023-061K,56383,PAY,+,US,2023-05-04,AFETR,,94.27,43.01,484,482,,,EA,ORB
STARLINK-6153,2023-061L,56384,PAY,+,US,2023-05-04,AFETR,,94.27,43.01,484,482,,,EA,ORB
STARLINK-6173,2023-061M,56385,PAY,+,US,2023-05-04,AFETR,,94.27,43.00,484,482,,,EA,ORB
STARLINK-5836,2023-061N,56386,PAY,+,US,2023-05-04,AFETR,,94.27,43.01,485,481,,,EA,ORB
STARLINK-6178,2023-061P,56387,PAY,+,US,2023-05-04,AFETR,,94.27,43.00,484,482,,,EA,ORB
STARLINK-6176,2023-061Q,56388,PAY,+,US,2023-05-04,AFETR,,94.27,43.00,484,482,,,EA,ORB
STARLINK-6145,2023-061R,56389,PAY,+,US,2023-05-04,AFETR,,94.27,43.01,484,482,,,EA,ORB
STARLINK-6300,2023-061S,56390,PAY,D,US,2023-05-04,AFETR,2025-03-08,88.18,42.98,191,178,,,EA,IMP
STARLINK-6298,2023-061T,56391,PAY,+,US,2023-05-04,AFETR,,94.27,43.00,484,482,,,EA,ORB
STARLINK-6301,2023-061U,56392,PAY,+,US,2023-05-04,AFETR,,94.27,43.00,484,482,,,EA,ORB
STARLINK-6303,2023-061V,56393,PAY,+,US,2023-05-04,AFETR,,94.27,43.00,484,482,,,EA,ORB
STARLINK-6305,2023-061W,56394,PAY,+,US,2023-05-04,AFETR,,94.27,43.00,484,482,,,EA,ORB
STARLINK-6273,2023-061X,56395,PAY,+,US,2023-05-04,AFETR,,94.27,43.00,484,482,,,EA,ORB
STARLINK-6302,2023-061Y,56396,PAY,+,US,2023-05-04,AFETR,,94.27,43.00,484,482,,,EA,ORB
STARLINK-6271,2023-061Z,56397,PAY,P,US,2023-05-04,AFETR,,94.27,43.00,484,482,,,EA,ORB
STARLINK-6288,2023-061AA,56398,PAY,+,US,2023-05-04,AFETR,,94.27,43.00,484,482,,,EA,ORB
STARLINK-6277,2023-061AB,56399,PAY,+,US,2023-05-04,AFETR,,94.27,43.00,484,482,,,EA,ORB
STARLINK-6267,2023-061AC,56400,PAY,+,US,2023-05-04,AFETR,,94.27,43.00,484,482,,,EA,ORB
STARLINK-6256,2023-061AD,56401,PAY,D,US,2023-05-04,AFETR,2026-04-13,87.74,42.97,166,159,,,EA,IMP
STARLINK-6269,2023-061AE,56402,PAY,D,US,2023-05-04,AFETR,2023-10-22,87.79,42.97,170,160,,,EA,IMP
STARLINK-6284,2023-061AF,56403,PAY,D,US,2023-05-04,AFETR,2026-03-04,87.73,42.99,164,160,,,EA,IMP
STARLINK-6287,2023-061AG,56404,PAY,+,US,2023-05-04,AFETR,,94.27,43.01,484,482,,,EA,ORB
STARLINK-6285,2023-061AH,56405,PAY,+,US,2023-05-04,AFETR,,94.27,43.00,484,482,,,EA,ORB
STARLINK-6283,2023-061AJ,56406,PAY,+,US,2023-05-04,AFETR,,94.27,43.00,484,482,,,EA,ORB
STARLINK-6282,2023-061AK,56407,PAY,+,US,2023-05-04,AFETR,,94.27,43.00,484,482,,,EA,ORB
STARLINK-6289,2023-061AL,56408,PAY,+,US,2023-05-04,AFETR,,94.27,43.00,484,482,,,EA,ORB
STARLINK-6241,2023-061AM,56409,PAY,+,US,2023-05-04,AFETR,,94.27,43.00,484,482,,,EA,ORB
STARLINK-6281,2023-061AN,56410,PAY,P,US,2023-05-04,AFETR,,94.27,43.00,484,482,,,EA,ORB
STARLINK-6279,2023-061AP,56411,PAY,+,US,2023-05-04,AFETR,,94.27,43.00,484,482,,,EA,ORB
STARLINK-6278,2023-061AQ,56412,PAY,+,US,2023-05-04,AFETR,,94.27,43.00,484,482,,,EA,ORB
STARLINK-6258,2023-061AR,56413,PAY,+,US,2023-05-04,AFETR,,94.27,43.00,484,482,,,EA,ORB
STARLINK-5136,2023-061AS,56414,PAY,+,US,2023-05-04,AFETR,,94.27,43.00,484,482,,,EA,ORB
STARLINK-6268,2023-061AT,56415,PAY,D,US,2023-05-04,AFETR,2025-11-22,87.96,42.98,175,172,,,EA,IMP
STARLINK-6260,2023-061AU,56416,PAY,+,US,2023-05-04,AFETR,,94.27,43.00,484,482,,,EA,ORB
STARLINK-6261,2023-061AV,56417,PAY,+,US,2023-05-04,AFETR,,94.27,43.00,484,482,,,EA,ORB
STARLINK-5356,2023-061AW,56418,PAY,+,US,2023-05-04,AFETR,,94.27,43.00,484,482,,,EA,ORB
STARLINK-5350,2023-061AX,56419,PAY,+,US,2023-05-04,AFETR,,94.27,43.00,484,482,,,EA,ORB
STARLINK-6272,2023-061AY,56420,PAY,+,US,2023-05-04,AFETR,,94.27,43.00,484,482,,,EA,ORB
STARLINK-6270,2023-061AZ,56421,PAY,+,US,2023-05-04,AFETR,,94.27,43.00,484,482,,,EA,ORB
STARLINK-6236,2023-061BA,56422,PAY,+,US,2023-05-04,AFETR,,94.27,43.00,484,482,,,EA,ORB
STARLINK-6239,2023-061BB,56423,PAY,+,US,2023-05-04,AFETR,,94.27,43.00,484,482,,,EA,ORB
STARLINK-6242,2023-061BC,56424,PAY,+,US,2023-05-04,AFETR,,94.27,43.00,484,482,,,EA,ORB
STARLINK-6224,2023-061BD,56425,PAY,+,US,2023-05-04,AFETR,,94.27,43.00,484,482,,,EA,ORB
STARLINK-5352,2023-061BE,56426,PAY,+,US,2023-05-04,AFETR,,94.27,43.01,484,482,,,EA,ORB
STARLINK-5724,2023-061BF,56427,PAY,+,US,2023-05-04,AFETR,,94.27,43.00,484,482,,,EA,ORB
STARLINK-6238,2023-061BG,56428,PAY,+,US,2023-05-04,AFETR,,94.27,43.00,484,482,,,EA,ORB
STARLINK-6264,2023-061BH,56429,PAY,+,US,2023-05-04,AFETR,,94.27,43.00,484,482,,,EA,ORB
FALCON 9 DEB,2023-061BJ,56430,DEB,D,US,2023-05-04,AFETR,2023-06-15,88.26,43.01,193,183,,,EA,IMP
FALCON 9 DEB,2023-061BK,56431,DEB,D,US,2023-05-04,AFETR,2023-06-12,87.64,42.99,160,155,,,EA,IMP
FALCON 9 DEB,2023-061BL,56432,DEB,D,US,2023-05-04,AFETR,2023-06-11,88.15,43.00,188,178,,,EA,IMP
FALCON 9 DEB,2023-061BM,56433,DEB,D,US,2023-05-04,AFETR,2023-06-12,88.02,42.99,182,171,,,EA,IMP
TROPICS-05,2023-062A,56442,PAY,D,US,2023-05-08,RLLB,2025-12-04,88.65,32.71,213,202,,,EA,IMP
ELECTRON KICK STAGE R/B,2023-062B,56443,R/B,D,US,2023-05-08,RLLB,2025-04-09,88.64,32.72,212,202,,,EA,IMP
TROPICS-06,2023-062C,56444,PAY,D,US,2023-05-08,RLLB,2025-10-25,88.62,32.71,208,204,,,EA,IMP
ELECTRON R/B,2023-062D,56445,R/B,D,US,2023-05-08,RLLB,2025-10-11,88.63,35.46,209,204,,,EA,IMP
TIANZHOU-6,2023-063A,56446,PAY,D,PRC,2023-05-10,WSC,2024-01-19,92.06,41.47,383,368,,,EA,IMP
CZ-7 R/B,2023-063B,56447,R/B,D,PRC,2023-05-10,WSC,2023-05-21,87.65,41.48,176,140,,,EA,IMP
STARLINK-5990,2023-064A,56448,PAY,+,US,2023-05-10,AFWTR,,96.11,70.00,574,570,,,EA,ORB
STARLINK-5993,2023-064B,56449,PAY,+,US,2023-05-10,AFWTR,,96.11,70.00,574,570,,,EA,ORB
STARLINK-5970,2023-064C,56450,PAY,+,US,2023-05-10,AFWTR,,96.11,70.00,574,570,,,EA,ORB
STARLINK-5985,2023-064D,56451,PAY,+,US,2023-05-10,AFWTR,,96.11,70.00,574,570,,,EA,ORB
STARLINK-5986,2023-064E,56452,PAY,+,US,2023-05-10,AFWTR,,96.11,70.00,574,570,,,EA,ORB
STARLINK-5935,2023-064F,56453,PAY,+,US,2023-05-10,AFWTR,,96.11,70.00,574,570,,,EA,ORB
STARLINK-5959,2023-064G,56454,PAY,+,US,2023-05-10,AFWTR,,96.11,70.00,574,570,,,EA,ORB
STARLINK-5987,2023-064H,56455,PAY,+,US,2023-05-10,AFWTR,,96.11,70.00,574,570,,,EA,ORB
STARLINK-5995,2023-064J,56456,PAY,+,US,2023-05-10,AFWTR,,96.11,70.00,574,570,,,EA,ORB
STARLINK-5994,2023-064K,56457,PAY,+,US,2023-05-10,AFWTR,,96.11,70.00,574,570,,,EA,ORB
STARLINK-6050,2023-064L,56458,PAY,+,US,2023-05-10,AFWTR,,96.11,70.00,574,570,,,EA,ORB
STARLINK-6048,2023-064M,56459,PAY,+,US,2023-05-10,AFWTR,,96.11,70.00,574,570,,,EA,ORB
STARLINK-6047,2023-064N,56460,PAY,+,US,2023-05-10,AFWTR,,96.11,70.00,574,570,,,EA,ORB
STARLINK-6037,2023-064P,56461,PAY,+,US,2023-05-10,AFWTR,,96.11,70.00,574,570,,,EA,ORB
STARLINK-6045,2023-064Q,56462,PAY,+,US,2023-05-10,AFWTR,,96.11,70.00,574,570,,,EA,ORB
STARLINK-6051,2023-064R,56463,PAY,+,US,2023-05-10,AFWTR,,96.11,70.00,574,570,,,EA,ORB
STARLINK-6043,2023-064S,56464,PAY,+,US,2023-05-10,AFWTR,,96.11,70.00,574,570,,,EA,ORB
STARLINK-6054,2023-064T,56465,PAY,+,US,2023-05-10,AFWTR,,96.11,70.00,574,570,,,EA,ORB
STARLINK-6053,2023-064U,56466,PAY,+,US,2023-05-10,AFWTR,,96.11,70.00,574,570,,,EA,ORB
STARLINK-6055,2023-064V,56467,PAY,+,US,2023-05-10,AFWTR,,96.11,70.00,574,570,,,EA,ORB
STARLINK-5998,2023-064W,56468,PAY,+,US,2023-05-10,AFWTR,,96.11,70.00,574,570,,,EA,ORB
STARLINK-5518,2023-064X,56469,PAY,+,US,2023-05-10,AFWTR,,96.11,70.00,574,570,,,EA,ORB
STARLINK-5523,2023-064Y,56470,PAY,+,US,2023-05-10,AFWTR,,96.11,70.00,574,570,,,EA,ORB
STARLINK-5521,2023-064Z,56471,PAY,+,US,2023-05-10,AFWTR,,96.11,70.00,574,570,,,EA,ORB
STARLINK-5038,2023-064AA,56472,PAY,+,US,2023-05-10,AFWTR,,96.11,70.00,574,570,,,EA,ORB
STARLINK-5486,2023-064AB,56473,PAY,D,US,2023-05-10,AFWTR,2025-04-08,87.47,69.99,155,143,,,EA,IMP
STARLINK-5524,2023-064AC,56474,PAY,+,US,2023-05-10,AFWTR,,96.11,70.00,574,570,,,EA,ORB
STARLINK-5541,2023-064AD,56475,PAY,+,US,2023-05-10,AFWTR,,96.11,70.00,574,570,,,EA,ORB
STARLINK-5545,2023-064AE,56476,PAY,+,US,2023-05-10,AFWTR,,96.11,70.00,574,570,,,EA,ORB
STARLINK-5534,2023-064AF,56477,PAY,+,US,2023-05-10,AFWTR,,96.11,70.00,574,570,,,EA,ORB
STARLINK-6041,2023-064AG,56478,PAY,+,US,2023-05-10,AFWTR,,96.11,70.00,575,569,,,EA,ORB
STARLINK-6044,2023-064AH,56479,PAY,+,US,2023-05-10,AFWTR,,96.11,70.00,574,570,,,EA,ORB
STARLINK-6214,2023-064AJ,56480,PAY,P,US,2023-05-10,AFWTR,,93.06,69.99,427,422,,,EA,ORB
STARLINK-6222,2023-064AK,56481,PAY,+,US,2023-05-10,AFWTR,,96.11,70.00,574,570,,,EA,ORB
STARLINK-6220,2023-064AL,56482,PAY,+,US,2023-05-10,AFWTR,,96.11,70.00,574,570,,,EA,ORB
STARLINK-5868,2023-064AM,56483,PAY,+,US,2023-05-10,AFWTR,,96.11,70.00,574,571,,,EA,ORB
STARLINK-6221,2023-064AN,56484,PAY,+,US,2023-05-10,AFWTR,,96.11,70.00,574,570,,,EA,ORB
STARLINK-6210,2023-064AP,56485,PAY,+,US,2023-05-10,AFWTR,,96.11,70.00,574,570,,,EA,ORB
STARLINK-6201,2023-064AQ,56486,PAY,D,US,2023-05-10,AFWTR,2026-03-21,87.49,69.98,155,145,,,EA,IMP
STARLINK-6196,2023-064AR,56487,PAY,+,US,2023-05-10,AFWTR,,96.11,70.00,574,570,,,EA,ORB
STARLINK-6204,2023-064AS,56488,PAY,+,US,2023-05-10,AFWTR,,96.11,70.00,574,570,,,EA,ORB
STARLINK-5923,2023-064AT,56489,PAY,+,US,2023-05-10,AFWTR,,96.11,70.00,574,570,,,EA,ORB
STARLINK-5873,2023-064AU,56490,PAY,+,US,2023-05-10,AFWTR,,96.11,70.00,574,570,,,EA,ORB
STARLINK-5842,2023-064AV,56491,PAY,+,US,2023-05-10,AFWTR,,96.10,70.00,574,570,,,EA,ORB
STARLINK-5846,2023-064AW,56492,PAY,+,US,2023-05-10,AFWTR,,96.11,70.00,574,570,,,EA,ORB
STARLINK-5841,2023-064AX,56493,PAY,+,US,2023-05-10,AFWTR,,96.11,70.00,574,570,,,EA,ORB
STARLINK-5530,2023-064AY,56494,PAY,+,US,2023-05-10,AFWTR,,96.11,70.00,574,570,,,EA,ORB
STARLINK-5529,2023-064AZ,56495,PAY,+,US,2023-05-10,AFWTR,,96.11,70.00,574,570,,,EA,ORB
STARLINK-5526,2023-064BA,56496,PAY,+,US,2023-05-10,AFWTR,,96.11,70.00,574,570,,,EA,ORB
STARLINK-5527,2023-064BB,56497,PAY,+,US,2023-05-10,AFWTR,,96.11,70.00,574,570,,,EA,ORB
STARLINK-5522,2023-064BC,56498,PAY,+,US,2023-05-10,AFWTR,,96.11,70.00,574,570,,,EA,ORB
FALCON 9 DEB,2023-064BD,56499,DEB,D,US,2023-05-10,AFWTR,2023-05-24,87.39,69.97,153,138,,,EA,IMP
FALCON 9 DEB,2023-064BE,56500,DEB,D,US,2023-05-10,AFWTR,2023-05-23,87.49,69.98,156,144,,,EA,IMP
FALCON 9 DEB,2023-064BF,56501,DEB,D,US,2023-05-10,AFWTR,2023-05-22,87.29,69.98,146,134,,,EA,IMP
FALCON 9 DEB,2023-064BG,56502,DEB,D,US,2023-05-10,AFWTR,2023-05-23,87.34,69.98,149,136,,,EA,IMP
STARLINK-5775,2023-065A,56503,PAY,+,US,2023-05-14,AFETR,,94.27,43.01,484,482,,,EA,ORB
STARLINK-5716,2023-065B,56504,PAY,+,US,2023-05-14,AFETR,,94.27,43.01,484,482,,,EA,ORB
STARLINK-5763,2023-065C,56505,PAY,+,US,2023-05-14,AFETR,,94.27,43.00,484,482,,,EA,ORB
STARLINK-5340,2023-065D,56506,PAY,+,US,2023-05-14,AFETR,,94.27,43.00,484,482,,,EA,ORB
STARLINK-5333,2023-065E,56507,PAY,+,US,2023-05-14,AFETR,,94.27,43.00,484,482,,,EA,ORB
STARLINK-5335,2023-065F,56508,PAY,+,US,2023-05-14,AFETR,,94.27,43.00,484,482,,,EA,ORB
STARLINK-5334,2023-065G,56509,PAY,+,US,2023-05-14,AFETR,,94.27,43.01,484,482,,,EA,ORB
STARLINK-5339,2023-065H,56510,PAY,+,US,2023-05-14,AFETR,,94.27,43.00,484,482,,,EA,ORB
STARLINK-5351,2023-065J,56511,PAY,+,US,2023-05-14,AFETR,,94.27,43.00,484,482,,,EA,ORB
STARLINK-5349,2023-065K,56512,PAY,+,US,2023-05-14,AFETR,,94.27,43.00,484,482,,,EA,ORB
STARLINK-5329,2023-065L,56513,PAY,+,US,2023-05-14,AFETR,,94.27,43.00,484,482,,,EA,ORB
STARLINK-5343,2023-065M,56514,PAY,D,US,2023-05-14,AFETR,2023-09-05,88.63,42.99,215,198,,,EA,IMP
STARLINK-5348,2023-065N,56515,PAY,+,US,2023-05-14,AFETR,,94.27,43.01,484,482,,,EA,ORB
STARLINK-5342,2023-065P,56516,PAY,+,US,2023-05-14,AFETR,,94.27,43.01,484,482,,,EA,ORB
STARLINK-5345,2023-065Q,56517,PAY,+,US,2023-05-14,AFETR,,94.27,43.00,484,482,,,EA,ORB
STARLINK-5346,2023-065R,56518,PAY,+,US,2023-05-14,AFETR,,94.27,43.00,484,482,,,EA,ORB
STARLINK-6313,2023-065S,56519,PAY,+,US,2023-05-14,AFETR,,94.27,43.00,484,482,,,EA,ORB
STARLINK-6344,2023-065T,56520,PAY,+,US,2023-05-14,AFETR,,94.27,43.01,484,482,,,EA,ORB
STARLINK-6333,2023-065U,56521,PAY,+,US,2023-05-14,AFETR,,94.27,43.00,485,482,,,EA,ORB
STARLINK-6327,2023-065V,56522,PAY,+,US,2023-05-14,AFETR,,94.27,43.00,484,482,,,EA,ORB
STARLINK-6328,2023-065W,56523,PAY,+,US,2023-05-14,AFETR,,94.27,43.00,484,482,,,EA,ORB
STARLINK-6323,2023-065X,56524,PAY,+,US,2023-05-14,AFETR,,94.27,43.00,484,482,,,EA,ORB
STARLINK-6329,2023-065Y,56525,PAY,+,US,2023-05-14,AFETR,,94.27,43.00,484,482,,,EA,ORB
STARLINK-6317,2023-065Z,56526,PAY,+,US,2023-05-14,AFETR,,94.27,43.00,484,482,,,EA,ORB
STARLINK-6335,2023-065AA,56527,PAY,+,US,2023-05-14,AFETR,,94.27,43.00,484,482,,,EA,ORB
STARLINK-6337,2023-065AB,56528,PAY,+,US,2023-05-14,AFETR,,94.27,43.01,484,482,,,EA,ORB
STARLINK-6307,2023-065AC,56529,PAY,+,US,2023-05-14,AFETR,,94.27,43.01,484,482,,,EA,ORB
STARLINK-6318,2023-065AD,56530,PAY,+,US,2023-05-14,AFETR,,94.27,43.00,484,482,,,EA,ORB
STARLINK-6280,2023-065AE,56531,PAY,+,US,2023-05-14,AFETR,,94.27,43.01,485,481,,,EA,ORB
STARLINK-6319,2023-065AF,56532,PAY,+,US,2023-05-14,AFETR,,94.27,43.00,484,482,,,EA,ORB
STARLINK-6310,2023-065AG,56533,PAY,+,US,2023-05-14,AFETR,,94.27,43.01,485,481,,,EA,ORB
STARLINK-6308,2023-065AH,56534,PAY,+,US,2023-05-14,AFETR,,94.27,43.00,484,482,,,EA,ORB
STARLINK-6309,2023-065AJ,56535,PAY,+,US,2023-05-14,AFETR,,94.27,43.01,484,482,,,EA,ORB
STARLINK-6312,2023-065AK,56536,PAY,+,US,2023-05-14,AFETR,,94.27,43.01,484,482,,,EA,ORB
STARLINK-6311,2023-065AL,56537,PAY,+,US,2023-05-14,AFETR,,94.27,43.00,484,482,,,EA,ORB
STARLINK-6314,2023-065AM,56538,PAY,+,US,2023-05-14,AFETR,,94.27,43.00,484,482,,,EA,ORB
STARLINK-6135,2023-065AN,56539,PAY,+,US,2023-05-14,AFETR,,94.27,43.00,485,482,,,EA,ORB
STARLINK-6136,2023-065AP,56540,PAY,+,US,2023-05-14,AFETR,,94.27,43.00,484,482,,,EA,ORB
STARLINK-6249,2023-065AQ,56541,PAY,+,US,2023-05-14,AFETR,,94.27,43.00,484,482,,,EA,ORB
STARLINK-6266,2023-065AR,56542,PAY,+,US,2023-05-14,AFETR,,94.27,43.00,484,482,,,EA,ORB
STARLINK-6228,2023-065AS,56543,PAY,D,US,2023-05-14,AFETR,2025-05-05,88.80,43.00,219,212,,,EA,IMP
STARLINK-6226,2023-065AT,56544,PAY,+,US,2023-05-14,AFETR,,94.27,43.01,484,482,,,EA,ORB
STARLINK-6086,2023-065AU,56545,PAY,+,US,2023-05-14,AFETR,,94.27,43.00,484,482,,,EA,ORB
STARLINK-6187,2023-065AV,56546,PAY,+,US,2023-05-14,AFETR,,94.27,43.00,484,482,,,EA,ORB
STARLINK-6291,2023-065AW,56547,PAY,+,US,2023-05-14,AFETR,,94.27,43.00,484,482,,,EA,ORB
STARLINK-6244,2023-065AX,56548,PAY,+,US,2023-05-14,AFETR,,94.27,43.00,484,482,,,EA,ORB
STARLINK-6263,2023-065AY,56549,PAY,+,US,2023-05-14,AFETR,,94.27,43.00,484,482,,,EA,ORB
STARLINK-6255,2023-065AZ,56550,PAY,+,US,2023-05-14,AFETR,,94.27,43.00,484,482,,,EA,ORB
STARLINK-6199,2023-065BA,56551,PAY,+,US,2023-05-14,AFETR,,94.27,43.00,484,482,,,EA,ORB
STARLINK-5802,2023-065BB,56552,PAY,+,US,2023-05-14,AFETR,,94.27,43.00,484,482,,,EA,ORB
STARLINK-6074,2023-065BC,56553,PAY,+,US,2023-05-14,AFETR,,94.27,43.00,484,482,,,EA,ORB
STARLINK-6295,2023-065BD,56554,PAY,+,US,2023-05-14,AFETR,,94.27,43.00,484,482,,,EA,ORB
STARLINK-6252,2023-065BE,56555,PAY,+,US,2023-05-14,AFETR,,94.27,43.01,485,482,,,EA,ORB
STARLINK-5302,2023-065BF,56556,PAY,+,US,2023-05-14,AFETR,,94.27,43.00,485,481,,,EA,ORB
STARLINK-6265,2023-065BG,56557,PAY,+,US,2023-05-14,AFETR,,94.27,43.00,484,482,,,EA,ORB
STARLINK-6286,2023-065BH,56558,PAY,+,US,2023-05-14,AFETR,,94.27,43.00,484,482,,,EA,ORB
FALCON 9 DEB,2023-065BJ,56559,DEB,D,US,2023-05-14,AFETR,2023-06-25,87.93,43.01,175,169,,,EA,IMP
FALCON 9 DEB,2023-065BK,56560,DEB,D,US,2023-05-14,AFETR,2023-06-24,88.17,42.99,187,181,,,EA,IMP
FALCON 9 DEB,2023-065BL,56561,DEB,D,US,2023-05-14,AFETR,2023-06-22,87.74,42.99,165,161,,,EA,IMP
FALCON 9 DEB,2023-065BM,56562,DEB,D,US,2023-05-14,AFETR,2023-06-23,87.82,42.99,169,165,,,EA,IMP
BEIDOU-3 G4,2023-066A,56564,PAY,+,PRC,2023-05-17,XICLF,,1436.14,0.44,35810,35765,,,EA,ORB
CZ-3B R/B,2023-066B,56565,R/B,,PRC,2023-05-17,XICLF,,226.28,28.18,11694,151,,,EA,ORB
STARLINK-30122,2023-067A,56688,PAY,+,US,2023-05-19,AFETR,,94.27,43.00,484,482,,,EA,ORB
STARLINK-30129,2023-067B,56689,PAY,+,US,2023-05-19,AFETR,,94.27,43.00,484,482,,,EA,ORB
STARLINK-30124,2023-067C,56690,PAY,+,US,2023-05-19,AFETR,,94.27,43.00,484,482,,,EA,ORB
STARLINK-30087,2023-067D,56691,PAY,D,US,2023-05-19,AFETR,2024-09-10,89.85,42.98,284,250,,,EA,IMP
STARLINK-30036,2023-067E,56692,PAY,+,US,2023-05-19,AFETR,,94.27,43.00,484,482,,,EA,ORB
STARLINK-30067,2023-067F,56693,PAY,+,US,2023-05-19,AFETR,,94.27,43.00,484,482,,,EA,ORB
STARLINK-30126,2023-067G,56694,PAY,+,US,2023-05-19,AFETR,,94.27,43.00,484,482,,,EA,ORB
STARLINK-30121,2023-067H,56695,PAY,+,US,2023-05-19,AFETR,,94.27,43.00,484,482,,,EA,ORB
STARLINK-30118,2023-067J,56696,PAY,D,US,2023-05-19,AFETR,2023-07-07,87.20,42.99,136,136,,,EA,IMP
STARLINK-30130,2023-067K,56697,PAY,+,US,2023-05-19,AFETR,,94.27,43.00,484,482,,,EA,ORB
STARLINK-30068,2023-067L,56698,PAY,+,US,2023-05-19,AFETR,,94.27,43.00,484,482,,,EA,ORB
STARLINK-30127,2023-067M,56699,PAY,+,US,2023-05-19,AFETR,,94.27,43.00,484,482,,,EA,ORB
STARLINK-30053,2023-067N,56700,PAY,+,US,2023-05-19,AFETR,,94.27,43.00,484,482,,,EA,ORB
STARLINK-30125,2023-067P,56701,PAY,+,US,2023-05-19,AFETR,,94.27,43.00,484,482,,,EA,ORB
STARLINK-30117,2023-067Q,56702,PAY,+,US,2023-05-19,AFETR,,94.27,43.00,484,482,,,EA,ORB
STARLINK-30132,2023-067R,56703,PAY,+,US,2023-05-19,AFETR,,94.27,43.01,484,482,,,EA,ORB
STARLINK-30066,2023-067S,56704,PAY,+,US,2023-05-19,AFETR,,94.27,43.00,484,482,,,EA,ORB
STARLINK-30080,2023-067T,56705,PAY,+,US,2023-05-19,AFETR,,94.27,43.00,484,483,,,EA,ORB
STARLINK-30079,2023-067U,56706,PAY,+,US,2023-05-19,AFETR,,94.27,43.01,484,482,,,EA,ORB
STARLINK-30070,2023-067V,56707,PAY,+,US,2023-05-19,AFETR,,94.27,43.00,484,482,,,EA,ORB
STARLINK-30071,2023-067W,56708,PAY,+,US,2023-05-19,AFETR,,94.27,43.00,484,482,,,EA,ORB
STARLINK-30085,2023-067X,56709,PAY,+,US,2023-05-19,AFETR,,94.27,43.00,484,482,,,EA,ORB
ONEWEB-0561,2023-068A,56710,PAY,+,UK,2023-05-20,AFWTR,,109.03,87.91,1183,1180,,,EA,ORB
ONEWEB-0668,2023-068B,56711,PAY,+,UK,2023-05-20,AFWTR,,109.37,87.91,1199,1196,,,EA,ORB
ONEWEB-0676,2023-068C,56712,PAY,+,UK,2023-05-20,AFWTR,,109.37,87.91,1199,1196,,,EA,ORB
ONEWEB-0677,2023-068D,56713,PAY,+,UK,2023-05-20,AFWTR,,109.03,87.91,1183,1180,,,EA,ORB
ONEWEB-0678,2023-068E,56714,PAY,+,UK,2023-05-20,AFWTR,,109.46,87.90,1204,1200,,,EA,ORB
ONEWEB-0679,2023-068F,56715,PAY,+,UK,2023-05-20,AFWTR,,109.37,87.91,1199,1197,,,EA,ORB
ONEWEB-0680,2023-068G,56716,PAY,+,UK,2023-05-20,AFWTR,,108.94,87.92,1179,1177,,,EA,ORB
ONEWEB-0681,2023-068H,56717,PAY,+,UK,2023-05-20,AFWTR,,108.98,87.92,1182,1178,,,EA,ORB
ONEWEB-0682,2023-068J,56718,PAY,+,UK,2023-05-20,AFWTR,,109.46,87.90,1203,1201,,,EA,ORB
ONEWEB-0683,2023-068K,56719,PAY,+,UK,2023-05-20,AFWTR,,109.46,87.90,1203,1200,,,EA,ORB
ONEWEB-0684,2023-068L,56720,PAY,+,UK,2023-05-20,AFWTR,,109.46,87.90,1204,1199,,,EA,ORB
ONEWEB-0686,2023-068M,56721,PAY,+,UK,2023-05-20,AFWTR,,109.37,87.91,1199,1196,,,EA,ORB
ONEWEB-0694,2023-068N,56722,PAY,+,UK,2023-05-20,AFWTR,,109.37,87.91,1199,1197,,,EA,ORB
ONEWEB-0696,2023-068P,56723,PAY,+,UK,2023-05-20,AFWTR,,109.46,87.90,1204,1200,,,EA,ORB
ONEWEB-0703,2023-068Q,56724,PAY,+,UK,2023-05-20,AFWTR,,109.46,87.90,1204,1200,,,EA,ORB
ONEWEB-0721,2023-068R,56725,PAY,P,UK,2023-05-20,AFWTR,,108.89,86.67,1177,1174,,,EA,ORB
IRIDIUM 181,2023-068S,56726,PAY,+,US,2023-05-20,AFWTR,,99.77,86.45,749,746,,,EA,ORB
IRIDIUM 177,2023-068T,56727,PAY,+,US,2023-05-20,AFWTR,,97.30,86.20,631,628,,,EA,ORB
IRIDIUM 174,2023-068U,56728,PAY,+,US,2023-05-20,AFWTR,,97.81,86.61,656,652,,,EA,ORB
IRIDIUM 178,2023-068V,56729,PAY,+,US,2023-05-20,AFWTR,,97.29,86.66,631,627,,,EA,ORB
IRIDIUM 179,2023-068W,56730,PAY,+,US,2023-05-20,AFWTR,,97.29,86.68,631,627,,,EA,ORB
OBJECT A,2023-069A,56731,PAY,+,PRC,2023-05-21,JSC,,93.35,40.99,442,435,,,EA,ORB
OBJECT B,2023-069B,56732,PAY,+,PRC,2023-05-21,JSC,,95.30,41.01,541,525,,,EA,ORB
OBJECT C,2023-069C,56733,PAY,D,PRC,2023-05-21,JSC,2025-03-24,87.44,40.98,151,144,,,EA,IMP
CZ-2C R/B,2023-069D,56734,R/B,D,PRC,2023-05-21,JSC,2024-04-23,87.79,41.18,166,165,,,EA,IMP
CZ-2C DEB,2023-069E,56735,DEB,D,PRC,2023-05-21,JSC,2024-03-27,88.65,41.11,220,195,,,EA,IMP
CZ-2C DEB,2023-069F,56736,DEB,D,PRC,2023-05-21,JSC,2023-10-21,88.95,40.83,238,207,,,EA,IMP
CZ-2C DEB,2023-069G,56737,DEB,D,PRC,2023-05-21,JSC,2023-10-10,88.58,41.07,215,194,,,EA,IMP
OBJECT H,2023-069H,56738,UNK,D,PRC,2023-05-21,JSC,2024-03-11,89.58,40.87,273,235,,,EA,IMP
AXIOM-2 (AX-2),2023-070A,56739,PAY,D,US,2023-05-21,AFETR,2023-05-31,92.89,51.64,420,412,,,EA,LAN
PROGRESS-MS 23,2023-071A,56740,PAY,D,CIS,2023-05-24,TYMSC,2023-11-29,92.91,51.64,418,416,,,EA,IMP
SL-4 R/B,2023-071B,56741,R/B,D,CIS,2023-05-24,TYMSC,2023-05-26,87.13,51.64,148,116,,,EA,IMP
NEXTSAT-2,2023-072A,56743,PAY,+,SKOR,2023-05-25,NSC,,94.20,97.52,484,475,,,EA,ORB
SNIPE 4,2023-072B,56744,PAY,+,SKOR,2023-05-25,NSC,,93.22,97.52,437,428,,,EA,ORB
SNIPE 2,2023-072C,56745,PAY,+,SKOR,2023-05-25,NSC,,92.90,97.52,421,413,,,EA,ORB
OBJECT D,2023-072D,56746,PAY,+,SKOR,2023-05-25,NSC,,90.79,97.48,315,311,,,EA,ORB
OBJECT E,2023-072E,56747,PAY,+,SKOR,2023-05-25,NSC,,92.85,97.50,417,411,,,EA,ORB
OBJECT F,2023-072F,56748,PAY,+,SKOR,2023-05-25,NSC,,93.98,97.51,474,464,,,EA,ORB
OBJECT G,2023-072G,56749,PAY,+,SKOR,2023-05-25,NSC,,92.66,97.48,408,401,,,EA,ORB
KSLV-II R/B,2023-072H,56750,R/B,,SKOR,2023-05-25,NSC,,93.79,97.48,477,442,,,EA,ORB
AXIOM-2 DEB,2023-070B,56751,DEB,D,US,2023-05-21,AFETR,2023-08-11,87.33,51.40,146,139,,,EA,IMP
ELECTRON KICK STAGE R/B,2023-073A,56752,R/B,D,US,2023-05-26,RLLB,2025-05-16,88.81,32.70,219,212,,,EA,IMP
TROPICS-03,2023-073B,56753,PAY,D,US,2023-05-26,RLLB,2025-12-11,88.28,32.71,194,185,,,EA,IMP
TROPICS-07,2023-073C,56754,PAY,D,US,2023-05-26,RLLB,2025-09-05,88.30,32.71,196,185,,,EA,IMP
ELECTRON R/B,2023-073D,56755,R/B,D,US,2023-05-26,RLLB,2025-05-16,88.46,35.42,207,189,,,EA,IMP
KONDOR-FKA NO. 1,2023-074A,56756,PAY,+,CIS,2023-05-26,VOSTO,,94.75,97.44,508,506,,,EA,ORB
ARABSAT-7B (BADR-8),2023-075A,56757,PAY,+,AB,2023-05-27,AFETR,,1436.09,0.07,35797,35776,,,EA,ORB
FALCON 9 R/B,2023-075B,56758,R/B,D,US,2023-05-27,AFETR,2024-08-25,1193.10,27.91,61511,259,,,EA,IMP
NVS-01 (IRNSS-1J),2023-076A,56759,PAY,+,IND,2023-05-29,SRILR,,1436.03,2.02,35802,35769,,,EA,ORB
GSLV R/B,2023-076B,56760,R/B,,IND,2023-05-29,SRILR,,418.05,19.34,24076,208,,,EA,ORB
SHENZHOU-16 (SZ-16),2023-077A,56761,PAY,D,PRC,2023-05-30,JSC,2023-10-31,92.21,41.48,388,378,,,EA,LAN
CZ-2F DEB,2023-077B,56762,DEB,D,PRC,2023-05-30,JSC,2023-06-01,88.75,41.56,298,127,,,EA,IMP
CZ-2F DEB,2023-077C,56763,DEB,D,PRC,2023-05-30,JSC,2023-06-01,87.67,41.60,232,86,,,EA,IMP
CZ-2F DEB,2023-077D,56764,DEB,D,PRC,2023-05-30,JSC,2023-06-01,88.06,41.33,201,156,,,EA,IMP
CZ-2F DEB,2023-077E,56765,DEB,D,PRC,2023-05-30,JSC,2023-06-01,88.81,41.28,267,164,,,EA,IMP
CZ-2F R/B,2023-077F,56766,R/B,D,PRC,2023-05-30,JSC,2023-06-12,87.53,41.46,167,137,,,EA,IMP
STARLINK-6197,2023-078A,56767,PAY,P,US,2023-05-31,AFWTR,,94.54,69.99,501,491,,,EA,ORB
STARLINK-6198,2023-078B,56768,PAY,+,US,2023-05-31,AFWTR,,96.11,70.00,575,570,,,EA,ORB
STARLINK-5978,2023-078C,56769,PAY,D,US,2023-05-31,AFWTR,2025-09-08,87.39,69.97,153,137,,,EA,IMP
STARLINK-6342,2023-078D,56770,PAY,+,US,2023-05-31,AFWTR,,96.11,70.00,575,570,,,EA,ORB
STARLINK-6339,2023-078E,56771,PAY,D,US,2023-05-31,AFWTR,2025-03-09,87.39,69.98,150,140,,,EA,IMP
STARLINK-6275,2023-078F,56772,PAY,+,US,2023-05-31,AFWTR,,96.11,70.00,575,570,,,EA,ORB
STARLINK-6296,2023-078G,56773,PAY,+,US,2023-05-31,AFWTR,,96.11,70.00,575,569,,,EA,ORB
STARLINK-6190,2023-078H,56774,PAY,+,US,2023-05-31,AFWTR,,96.11,70.00,574,570,,,EA,ORB
STARLINK-6292,2023-078J,56775,PAY,+,US,2023-05-31,AFWTR,,96.11,70.00,575,570,,,EA,ORB
STARLINK-6274,2023-078K,56776,PAY,+,US,2023-05-31,AFWTR,,96.10,70.00,575,569,,,EA,ORB
STARLINK-5582,2023-078L,56777,PAY,+,US,2023-05-31,AFWTR,,96.11,70.00,575,570,,,EA,ORB
STARLINK-6304,2023-078M,56778,PAY,+,US,2023-05-31,AFWTR,,96.11,70.00,575,569,,,EA,ORB
STARLINK-6231,2023-078N,56779,PAY,+,US,2023-05-31,AFWTR,,96.11,70.00,575,569,,,EA,ORB
STARLINK-5963,2023-078P,56780,PAY,+,US,2023-05-31,AFWTR,,96.11,70.00,575,569,,,EA,ORB
STARLINK-5989,2023-078Q,56781,PAY,+,US,2023-05-31,AFWTR,,96.11,70.00,574,570,,,EA,ORB
STARLINK-6352,2023-078R,56782,PAY,+,US,2023-05-31,AFWTR,,96.11,70.00,575,569,,,EA,ORB
STARLINK-6357,2023-078S,56783,PAY,+,US,2023-05-31,AFWTR,,96.11,70.00,575,570,,,EA,ORB
STARLINK-6354,2023-078T,56784,PAY,+,US,2023-05-31,AFWTR,,96.11,70.00,575,569,,,EA,ORB
STARLINK-5931,2023-078U,56785,PAY,+,US,2023-05-31,AFWTR,,96.11,70.00,575,570,,,EA,ORB
STARLINK-6341,2023-078V,56786,PAY,+,US,2023-05-31,AFWTR,,96.11,70.00,575,569,,,EA,ORB
STARLINK-6326,2023-078W,56787,PAY,+,US,2023-05-31,AFWTR,,96.11,70.00,575,570,,,EA,ORB
STARLINK-6336,2023-078X,56788,PAY,+,US,2023-05-31,AFWTR,,96.11,70.00,575,570,,,EA,ORB
STARLINK-6325,2023-078Y,56789,PAY,D,US,2023-05-31,AFWTR,2025-09-16,87.56,69.99,160,148,,,EA,IMP
STARLINK-6345,2023-078Z,56790,PAY,+,US,2023-05-31,AFWTR,,96.11,70.00,575,569,,,EA,ORB
STARLINK-5977,2023-078AA,56791,PAY,+,US,2023-05-31,AFWTR,,96.11,70.00,575,570,,,EA,ORB
STARLINK-6046,2023-078AB,56792,PAY,+,US,2023-05-31,AFWTR,,96.11,70.00,574,570,,,EA,ORB
STARLINK-6052,2023-078AC,56793,PAY,+,US,2023-05-31,AFWTR,,96.11,70.00,574,570,,,EA,ORB
STARLINK-6060,2023-078AD,56794,PAY,+,US,2023-05-31,AFWTR,,96.11,70.00,575,569,,,EA,ORB
STARLINK-6061,2023-078AE,56795,PAY,+,US,2023-05-31,AFWTR,,96.11,70.00,574,570,,,EA,ORB
STARLINK-6049,2023-078AF,56796,PAY,+,US,2023-05-31,AFWTR,,96.11,70.00,575,569,,,EA,ORB
STARLINK-6058,2023-078AG,56797,PAY,+,US,2023-05-31,AFWTR,,96.11,70.00,574,570,,,EA,ORB
STARLINK-6068,2023-078AH,56798,PAY,D,US,2023-05-31,AFWTR,2025-05-14,87.50,69.98,160,141,,,EA,IMP
STARLINK-5953,2023-078AJ,56799,PAY,+,US,2023-05-31,AFWTR,,96.11,70.00,575,570,,,EA,ORB
STARLINK-6036,2023-078AK,56800,PAY,+,US,2023-05-31,AFWTR,,96.11,70.00,575,569,,,EA,ORB
STARLINK-6087,2023-078AL,56801,PAY,+,US,2023-05-31,AFWTR,,96.11,70.00,574,570,,,EA,ORB
STARLINK-6070,2023-078AM,56802,PAY,D,US,2023-05-31,AFWTR,2026-05-09,87.59,69.99,162,148,,,EA,IMP
STARLINK-6029,2023-078AN,56803,PAY,+,US,2023-05-31,AFWTR,,96.11,70.00,574,570,,,EA,ORB
STARLINK-6069,2023-078AP,56804,PAY,+,US,2023-05-31,AFWTR,,96.11,70.00,575,570,,,EA,ORB
STARLINK-6064,2023-078AQ,56805,PAY,+,US,2023-05-31,AFWTR,,96.11,70.00,575,570,,,EA,ORB
STARLINK-6072,2023-078AR,56806,PAY,+,US,2023-05-31,AFWTR,,96.11,70.00,575,569,,,EA,ORB
STARLINK-6073,2023-078AS,56807,PAY,+,US,2023-05-31,AFWTR,,96.11,70.00,575,570,,,EA,ORB
STARLINK-6042,2023-078AT,56808,PAY,+,US,2023-05-31,AFWTR,,96.11,70.00,575,570,,,EA,ORB
STARLINK-6040,2023-078AU,56809,PAY,+,US,2023-05-31,AFWTR,,96.11,70.00,575,570,,,EA,ORB
STARLINK-6031,2023-078AV,56810,PAY,+,US,2023-05-31,AFWTR,,96.11,70.00,575,569,,,EA,ORB
STARLINK-6063,2023-078AW,56811,PAY,D,US,2023-05-31,AFWTR,2026-05-26,87.64,69.98,167,149,,,EA,IMP
STARLINK-6065,2023-078AX,56812,PAY,+,US,2023-05-31,AFWTR,,96.11,70.00,575,569,,,EA,ORB
STARLINK-6056,2023-078AY,56813,PAY,+,US,2023-05-31,AFWTR,,96.11,70.00,575,570,,,EA,ORB
STARLINK-6059,2023-078AZ,56814,PAY,+,US,2023-05-31,AFWTR,,96.11,70.00,574,570,,,EA,ORB
STARLINK-6057,2023-078BA,56815,PAY,D,US,2023-05-31,AFWTR,2025-04-09,87.50,69.99,157,145,,,EA,IMP
STARLINK-6067,2023-078BB,56816,PAY,+,US,2023-05-31,AFWTR,,96.11,70.00,575,570,,,EA,ORB
STARLINK-5982,2023-078BC,56817,PAY,D,US,2023-05-31,AFWTR,2026-02-12,87.41,69.98,152,140,,,EA,IMP
STARLINK-6028,2023-078BD,56818,PAY,+,US,2023-05-31,AFWTR,,96.11,70.00,575,569,,,EA,ORB
FALCON 9 DEB,2023-078BE,56819,DEB,D,US,2023-05-31,AFWTR,2023-06-14,87.35,69.98,151,135,,,EA,IMP
FALCON 9 DEB,2023-078BF,56820,DEB,D,US,2023-05-31,AFWTR,2023-06-14,87.33,69.99,149,135,,,EA,IMP
FALCON 9 DEB,2023-078BG,56821,DEB,D,US,2023-05-31,AFWTR,2023-06-13,87.13,69.99,139,126,,,EA,IMP
FALCON 9 DEB,2023-078BH,56822,DEB,D,US,2023-05-31,AFWTR,2023-06-13,87.19,69.98,142,128,,,EA,IMP
STARLINK-30119,2023-079A,56823,PAY,+,US,2023-06-04,AFETR,,94.27,43.00,484,482,,,EA,ORB
STARLINK-30120,2023-079B,56824,PAY,+,US,2023-06-04,AFETR,,94.27,43.00,484,482,,,EA,ORB
STARLINK-30084,2023-079C,56825,PAY,+,US,2023-06-04,AFETR,,94.27,43.00,484,482,,,EA,ORB
STARLINK-30114,2023-079D,56826,PAY,+,US,2023-06-04,AFETR,,94.27,43.00,484,482,,,EA,ORB
STARLINK-30151,2023-079E,56827,PAY,+,US,2023-06-04,AFETR,,94.27,43.00,484,482,,,EA,ORB
STARLINK-30152,2023-079F,56828,PAY,+,US,2023-06-04,AFETR,,94.27,43.00,484,482,,,EA,ORB
STARLINK-30139,2023-079G,56829,PAY,D,US,2023-06-04,AFETR,2023-07-07,88.05,43.00,186,170,,,EA,IMP
STARLINK-30134,2023-079H,56830,PAY,D,US,2023-06-04,AFETR,2023-07-18,87.47,42.99,152,145,,,EA,IMP
STARLINK-30143,2023-079J,56831,PAY,D,US,2023-06-04,AFETR,2023-06-12,88.74,43.00,214,210,,,EA,IMP
STARLINK-30128,2023-079K,56832,PAY,+,US,2023-06-04,AFETR,,94.27,43.00,484,482,,,EA,ORB
STARLINK-30131,2023-079L,56833,PAY,+,US,2023-06-04,AFETR,,94.37,43.01,490,486,,,EA,ORB
STARLINK-30069,2023-079M,56834,PAY,P,US,2023-06-04,AFETR,,94.27,43.00,484,482,,,EA,ORB
STARLINK-30144,2023-079N,56835,PAY,P,US,2023-06-04,AFETR,,92.97,42.99,432,408,,,EA,ORB
STARLINK-30142,2023-079P,56836,PAY,+,US,2023-06-04,AFETR,,94.27,43.00,484,482,,,EA,ORB
STARLINK-30133,2023-079Q,56837,PAY,+,US,2023-06-04,AFETR,,94.27,43.00,484,482,,,EA,ORB
STARLINK-30123,2023-079R,56838,PAY,+,US,2023-06-04,AFETR,,94.27,43.01,485,481,,,EA,ORB
STARLINK-30076,2023-079S,56839,PAY,+,US,2023-06-04,AFETR,,94.27,43.00,484,482,,,EA,ORB
STARLINK-30073,2023-079T,56840,PAY,+,US,2023-06-04,AFETR,,94.27,43.00,484,482,,,EA,ORB
STARLINK-30078,2023-079U,56841,PAY,+,US,2023-06-04,AFETR,,94.27,43.00,484,483,,,EA,ORB
STARLINK-30135,2023-079V,56842,PAY,+,US,2023-06-04,AFETR,,94.27,43.00,484,482,,,EA,ORB
STARLINK-30137,2023-079W,56843,PAY,+,US,2023-06-04,AFETR,,94.27,43.00,484,482,,,EA,ORB
STARLINK-30136,2023-079X,56844,PAY,+,US,2023-06-04,AFETR,,94.27,43.00,484,482,,,EA,ORB
DRAGON CRS-28,2023-080A,56845,PAY,D,US,2023-06-05,AFETR,2023-06-30,91.10,51.64,404,253,,,EA,LAN
OBJECT A,2023-081A,56846,PAY,+,PRC,2023-06-07,JSC,,94.48,97.37,495,493,,,EA,ORB
OBJECT B,2023-081B,56847,PAY,D,PRC,2023-06-07,JSC,2025-09-09,87.74,97.30,172,153,,,EA,IMP
OBJECT C,2023-081C,56848,PAY,D,PRC,2023-06-07,JSC,2024-12-06,87.39,97.33,155,135,,,EA,IMP
OBJECT D,2023-081D,56849,PAY,D,PRC,2023-06-07,JSC,2024-12-11,87.42,97.34,153,139,,,EA,IMP
OBJECT E,2023-081E,56850,PAY,D,PRC,2023-06-07,JSC,2024-12-10,87.49,97.33,157,144,,,EA,IMP
OBJECT F,2023-081F,56851,PAY,D,PRC,2023-06-07,JSC,2025-09-06,87.74,97.29,172,152,,,EA,IMP
OBJECT G,2023-081G,56852,PAY,D,PRC,2023-06-07,JSC,2024-12-16,87.43,97.33,154,140,,,EA,IMP
OBJECT H,2023-081H,56853,PAY,D,PRC,2023-06-07,JSC,2024-12-12,87.45,97.34,155,142,,,EA,IMP
OBJECT J,2023-081J,56854,PAY,D,PRC,2023-06-07,JSC,2024-12-06,87.42,97.34,153,140,,,EA,IMP
OBJECT K,2023-081K,56855,PAY,D,PRC,2023-06-07,JSC,2024-12-13,87.76,97.33,171,157,,,EA,IMP
OBJECT L,2023-081L,56856,PAY,D,PRC,2023-06-07,JSC,2025-09-06,87.47,97.30,160,138,,,EA,IMP
OBJECT M,2023-081M,56857,PAY,D,PRC,2023-06-07,JSC,2024-12-03,87.33,97.34,147,137,,,EA,IMP
OBJECT N,2023-081N,56858,PAY,D,PRC,2023-06-07,JSC,2025-09-05,87.88,97.30,180,160,,,EA,IMP
OBJECT P,2023-081P,56859,PAY,D,PRC,2023-06-07,JSC,2024-12-10,87.64,97.34,165,151,,,EA,IMP
OBJECT Q,2023-081Q,56860,PAY,D,PRC,2023-06-07,JSC,2024-12-14,87.39,97.33,152,139,,,EA,IMP
OBJECT R,2023-081R,56861,PAY,D,PRC,2023-06-07,JSC,2024-12-17,89.09,97.33,237,223,,,EA,IMP
OBJECT S,2023-081S,56862,PAY,D,PRC,2023-06-07,JSC,2024-12-08,87.63,97.33,163,151,,,EA,IMP
OBJECT T,2023-081T,56863,PAY,D,PRC,2023-06-07,JSC,2024-12-06,88.10,97.34,187,174,,,EA,IMP
OBJECT U,2023-081U,56864,PAY,D,PRC,2023-06-07,JSC,2024-12-09,87.85,97.34,173,163,,,EA,IMP
OBJECT V,2023-081V,56865,PAY,D,PRC,2023-06-07,JSC,2024-12-11,87.46,97.33,155,142,,,EA,IMP
OBJECT W,2023-081W,56866,PAY,+,PRC,2023-06-07,JSC,,94.39,97.28,497,481,,,EA,ORB
OBJECT X,2023-081X,56867,PAY,D,PRC,2023-06-07,JSC,2024-12-04,87.81,97.34,174,159,,,EA,IMP
OBJECT Y,2023-081Y,56868,PAY,D,PRC,2023-06-07,JSC,2024-12-06,87.36,97.35,151,137,,,EA,IMP
LIJIAN-1 R/B,2023-081Z,56869,R/B,D,PRC,2023-06-07,JSC,2023-11-02,87.39,97.33,156,134,,,EA,IMP
OBJECT AA,2023-081AA,56870,PAY,D,PRC,2023-06-07,JSC,2024-12-05,87.61,97.33,164,148,,,EA,IMP
OBJECT AB,2023-081AB,56871,PAY,D,PRC,2023-06-07,JSC,2024-12-15,87.96,97.33,180,167,,,EA,IMP
OBJECT AC,2023-081AC,56872,PAY,D,PRC,2023-06-07,JSC,2024-12-12,87.92,97.34,178,164,,,EA,IMP
LONGJIANG 3,2023-082A,56874,PAY,+,PRC,2023-06-09,JSC,,93.90,49.10,470,461,,,EA,ORB
KZ-1A R/B,2023-082B,56875,R/B,D,PRC,2023-06-09,JSC,2023-06-12,87.56,49.03,202,106,,,EA,IMP
STARLINK-6206,2023-083A,56876,PAY,+,US,2023-06-12,AFETR,,94.27,43.00,484,483,,,EA,ORB
STARLINK-6209,2023-083B,56877,PAY,+,US,2023-06-12,AFETR,,94.27,43.00,484,482,,,EA,ORB
STARLINK-6182,2023-083C,56878,PAY,+,US,2023-06-12,AFETR,,94.27,43.00,484,483,,,EA,ORB
STARLINK-5707,2023-083D,56879,PAY,+,US,2023-06-12,AFETR,,94.27,43.00,484,483,,,EA,ORB
STARLINK-6177,2023-083E,56880,PAY,+,US,2023-06-12,AFETR,,94.27,43.00,484,482,,,EA,ORB
STARLINK-5853,2023-083F,56881,PAY,+,US,2023-06-12,AFETR,,94.27,43.00,484,482,,,EA,ORB
STARLINK-6175,2023-083G,56882,PAY,+,US,2023-06-12,AFETR,,94.27,43.00,484,482,,,EA,ORB
STARLINK-6171,2023-083H,56883,PAY,+,US,2023-06-12,AFETR,,94.27,43.00,484,482,,,EA,ORB
STARLINK-5515,2023-083J,56884,PAY,+,US,2023-06-12,AFETR,,94.27,43.00,484,482,,,EA,ORB
STARLINK-5095,2023-083K,56885,PAY,+,US,2023-06-12,AFETR,,94.27,43.00,485,482,,,EA,ORB
STARLINK-5496,2023-083L,56886,PAY,+,US,2023-06-12,AFETR,,94.27,43.00,484,482,,,EA,ORB
STARLINK-6180,2023-083M,56887,PAY,+,US,2023-06-12,AFETR,,94.27,43.00,484,482,,,EA,ORB
STARLINK-6181,2023-083N,56888,PAY,+,US,2023-06-12,AFETR,,94.27,43.00,484,482,,,EA,ORB
STARLINK-6169,2023-083P,56889,PAY,+,US,2023-06-12,AFETR,,94.27,43.00,484,482,,,EA,ORB
STARLINK-5528,2023-083Q,56890,PAY,+,US,2023-06-12,AFETR,,94.27,43.00,484,482,,,EA,ORB
STARLINK-6213,2023-083R,56891,PAY,+,US,2023-06-12,AFETR,,94.27,43.00,484,482,,,EA,ORB
STARLINK-6219,2023-083S,56892,PAY,+,US,2023-06-12,AFETR,,94.27,43.00,483,483,,,EA,ORB
STARLINK-6216,2023-083T,56893,PAY,+,US,2023-06-12,AFETR,,94.27,43.00,484,482,,,EA,ORB
STARLINK-6144,2023-083U,56894,PAY,+,US,2023-06-12,AFETR,,94.27,43.00,484,482,,,EA,ORB
STARLINK-6208,2023-083V,56895,PAY,+,US,2023-06-12,AFETR,,94.27,43.00,484,482,,,EA,ORB
STARLINK-6202,2023-083W,56896,PAY,+,US,2023-06-12,AFETR,,94.27,43.00,484,482,,,EA,ORB
STARLINK-6200,2023-083X,56897,PAY,+,US,2023-06-12,AFETR,,94.27,43.00,484,482,,,EA,ORB
STARLINK-6205,2023-083Y,56898,PAY,+,US,2023-06-12,AFETR,,94.27,43.00,483,483,,,EA,ORB
STARLINK-6203,2023-083Z,56899,PAY,+,US,2023-06-12,AFETR,,94.27,43.00,484,482,,,EA,ORB
STARLINK-6207,2023-083AA,56900,PAY,+,US,2023-06-12,AFETR,,94.27,43.00,483,483,,,EA,ORB
STARLINK-6185,2023-083AB,56901,PAY,+,US,2023-06-12,AFETR,,94.27,43.00,483,483,,,EA,ORB
STARLINK-6195,2023-083AC,56902,PAY,+,US,2023-06-12,AFETR,,94.27,43.00,484,483,,,EA,ORB
STARLINK-6192,2023-083AD,56903,PAY,+,US,2023-06-12,AFETR,,94.27,43.00,484,482,,,EA,ORB
STARLINK-6193,2023-083AE,56904,PAY,+,US,2023-06-12,AFETR,,94.27,43.00,484,482,,,EA,ORB
STARLINK-6183,2023-083AF,56905,PAY,+,US,2023-06-12,AFETR,,94.27,43.00,484,482,,,EA,ORB
STARLINK-6098,2023-083AG,56906,PAY,+,US,2023-06-12,AFETR,,94.27,43.00,484,482,,,EA,ORB
STARLINK-6110,2023-083AH,56907,PAY,+,US,2023-06-12,AFETR,,94.27,43.00,483,483,,,EA,ORB
STARLINK-6186,2023-083AJ,56908,PAY,+,US,2023-06-12,AFETR,,94.27,43.00,484,482,,,EA,ORB
STARLINK-5999,2023-083AK,56909,PAY,+,US,2023-06-12,AFETR,,94.27,43.00,484,482,,,EA,ORB
STARLINK-6179,2023-083AL,56910,PAY,+,US,2023-06-12,AFETR,,94.27,43.00,484,482,,,EA,ORB
STARLINK-6116,2023-083AM,56911,PAY,+,US,2023-06-12,AFETR,,94.27,43.00,484,482,,,EA,ORB
STARLINK-5805,2023-083AN,56912,PAY,+,US,2023-06-12,AFETR,,94.27,43.00,484,482,,,EA,ORB
STARLINK-5950,2023-083AP,56913,PAY,+,US,2023-06-12,AFETR,,94.27,43.00,484,482,,,EA,ORB
STARLINK-5961,2023-083AQ,56914,PAY,+,US,2023-06-12,AFETR,,94.27,43.00,484,483,,,EA,ORB
STARLINK-5965,2023-083AR,56915,PAY,+,US,2023-06-12,AFETR,,94.27,43.00,484,482,,,EA,ORB
STARLINK-5973,2023-083AS,56916,PAY,+,US,2023-06-12,AFETR,,94.27,43.00,484,482,,,EA,ORB
STARLINK-5971,2023-083AT,56917,PAY,+,US,2023-06-12,AFETR,,94.27,43.00,484,482,,,EA,ORB
STARLINK-5951,2023-083AU,56918,PAY,+,US,2023-06-12,AFETR,,94.27,43.00,484,482,,,EA,ORB
STARLINK-5966,2023-083AV,56919,PAY,+,US,2023-06-12,AFETR,,94.27,43.00,484,482,,,EA,ORB
STARLINK-5960,2023-083AW,56920,PAY,+,US,2023-06-12,AFETR,,94.27,43.00,484,482,,,EA,ORB
STARLINK-5958,2023-083AX,56921,PAY,+,US,2023-06-12,AFETR,,94.27,43.00,484,482,,,EA,ORB
STARLINK-5937,2023-083AY,56922,PAY,+,US,2023-06-12,AFETR,,94.27,43.00,484,482,,,EA,ORB
STARLINK-5952,2023-083AZ,56923,PAY,+,US,2023-06-12,AFETR,,94.27,43.00,484,482,,,EA,ORB
STARLINK-5731,2023-083BA,56924,PAY,+,US,2023-06-12,AFETR,,94.27,43.00,484,482,,,EA,ORB
STARLINK-5733,2023-083BB,56925,PAY,+,US,2023-06-12,AFETR,,94.27,43.00,485,481,,,EA,ORB
STARLINK-5746,2023-083BC,56926,PAY,+,US,2023-06-12,AFETR,,94.27,43.00,484,482,,,EA,ORB
STARLINK-5808,2023-083BD,56927,PAY,+,US,2023-06-12,AFETR,,94.27,43.00,484,482,,,EA,ORB
FALCON 9 DEB,2023-083BE,56928,DEB,D,US,2023-06-12,AFETR,2023-07-26,87.80,43.01,170,161,,,EA,IMP
FALCON 9 DEB,2023-083BF,56929,DEB,D,US,2023-06-12,AFETR,2023-07-25,88.25,42.99,192,184,,,EA,IMP
FALCON 9 DEB,2023-083BG,56930,DEB,D,US,2023-06-12,AFETR,2023-07-22,87.74,42.99,165,161,,,EA,IMP
FALCON 9 DEB,2023-083BH,56931,DEB,D,US,2023-06-12,AFETR,2023-07-23,87.67,42.99,162,157,,,EA,IMP
FOSSASAT-2E16,2023-084A,56932,PAY,D,SPN,2023-06-12,AFWTR,2024-05-02,87.61,97.49,167,146,,,EA,IMP
OTTER PUP 1,2023-084B,56933,PAY,D,US,2023-06-12,AFWTR,2026-05-01,87.66,97.55,166,152,,,EA,IMP
GEISAT PRECURSOR,2023-084C,56934,PAY,+,SPN,2023-06-12,AFWTR,,93.78,97.63,464,455,,,EA,ORB
FOSSASAT-2E17,2023-084D,56935,PAY,D,SPN,2023-06-12,AFWTR,2024-05-17,88.30,97.47,201,180,,,EA,IMP
FOSSASAT-2E14,2023-084E,56936,PAY,D,SPN,2023-06-12,AFWTR,2024-05-25,89.36,97.49,254,232,,,EA,IMP
EIVE,2023-084F,56937,PAY,D,GER,2023-06-12,AFWTR,2025-04-10,88.37,97.52,202,185,,,EA,IMP
FOSSASAT-2E15,2023-084G,56938,PAY,D,SPN,2023-06-12,AFWTR,2024-05-30,90.86,97.51,325,309,,,EA,IMP
LAYAN-23,2023-084H,56939,PAY,D,RWA,2023-06-12,AFWTR,2025-10-24,87.69,97.53,167,154,,,EA,IMP
MISR-B-2,2023-084J,56940,PAY,D,US,2023-06-12,AFWTR,2024-10-08,88.62,97.50,215,197,,,EA,IMP
TRANSPORTER-8 OBJECT K,2023-084K,56941,PAY,D,TBD,2023-06-12,AFWTR,2025-01-24,87.89,97.51,178,162,,,EA,IMP
AFRL-XVI,2023-084L,56942,PAY,D,US,2023-06-12,AFWTR,2026-01-07,87.59,97.54,161,150,,,EA,IMP
NUSAT-40 (C SHOEMAKER),2023-084M,56943,PAY,+,ARGN,2023-06-12,AFWTR,,90.25,97.48,289,284,,,EA,ORB
NUSAT-41 (C PAYNE-G),2023-084N,56944,PAY,+,ARGN,2023-06-12,AFWTR,,94.12,97.56,482,470,,,EA,ORB
TRANSPORTER-8 OBJECT P,2023-084P,56945,PAY,D,TBD,2023-06-12,AFWTR,2024-11-07,88.43,97.51,205,189,,,EA,IMP
GREGOIRE,2023-084Q,56946,PAY,+,BEL,2023-06-12,AFWTR,,93.55,97.63,453,443,,,EA,ORB
ICEYE-X30,2023-084R,56947,PAY,D,US,2023-06-12,AFWTR,2026-05-23,87.55,97.54,161,145,,,EA,IMP
TRANSPORTER-8 OBJECT S,2023-084S,56948,PAY,D,TBD,2023-06-12,AFWTR,2024-11-02,87.53,97.51,162,143,,,EA,IMP
ICEYE-X23,2023-084T,56949,PAY,D,FIN,2023-06-12,AFWTR,2025-12-28,87.90,97.54,177,164,,,EA,IMP
BLACKJACK ACES-3,2023-084U,56950,PAY,+,US,2023-06-12,AFWTR,,94.80,97.63,511,507,,,EA,ORB
QPS-SAR-6 (AMATERU-III),2023-084V,56951,PAY,D,JPN,2023-06-12,AFWTR,2024-11-17,87.48,97.51,157,143,,,EA,IMP
BLACKJACK ACES-4,2023-084W,56952,PAY,D,US,2023-06-12,AFWTR,2026-01-30,87.33,97.53,150,134,,,EA,IMP
RUNNER-1 (TYVAK-1005),2023-084X,56953,PAY,+,US,2023-06-12,AFWTR,,93.58,97.63,456,443,,,EA,ORB
HOTSAT-1,2023-084Y,56954,PAY,-,UK,2023-06-12,AFWTR,,94.52,97.63,497,494,,,EA,ORB
BLACKJACK ACES-2,2023-084Z,56955,PAY,+,US,2023-06-12,AFWTR,,94.80,97.63,511,507,,,EA,ORB
BLACKJACK ACES-1,2023-084AA,56956,PAY,+,US,2023-06-12,AFWTR,,94.81,97.62,511,507,,,EA,ORB
ION SCV-011,2023-084AB,56957,PAY,+,IT,2023-06-12,AFWTR,,94.16,98.14,483,472,,,EA,ORB
GHOST-3,2023-084AC,56958,PAY,+,US,2023-06-12,AFWTR,,92.91,97.63,422,412,,,EA,ORB
PHOTON-04 (WINNEBAGO-1),2023-084AD,56959,PAY,D,US,2023-06-12,AFWTR,2024-02-21,96.79,97.52,907,302,,,EA,LAN
ORBITER SN3,2023-084AE,56960,PAY,+,US,2023-06-12,AFWTR,,93.78,97.64,466,453,,,EA,ORB
ICEYE-X26,2023-084AF,56961,PAY,D,US,2023-06-12,AFWTR,2026-05-31,88.02,97.55,186,167,,,EA,IMP
TOMORROW-R2,2023-084AG,56962,PAY,D,US,2023-06-12,AFWTR,2026-06-27,87.65,97.59,167,149,,,EA,IMP
ICEYE-X25,2023-084AH,56963,PAY,+,FIN,2023-06-12,AFWTR,,92.03,97.59,377,371,,,EA,ORB
AFR-1,2023-084AJ,56964,PAY,+,IND,2023-06-12,AFWTR,,94.18,97.64,487,470,,,EA,ORB
DROID.001,2023-084AK,56965,PAY,D,US,2023-06-12,AFWTR,2026-02-28,87.25,97.56,144,132,,,EA,IMP
NUSAT-42 (M WONENBURGER),2023-084AL,56966,PAY,+,ARGN,2023-06-12,AFWTR,,93.03,97.58,427,419,,,EA,ORB
MUSAT-1,2023-084AM,56967,PAY,D,US,2023-06-12,AFWTR,2024-12-09,87.87,97.52,177,162,,,EA,IMP
NUSAT-43 (R DIENG-KUNTZ),2023-084AN,56968,PAY,D,ARGN,2023-06-12,AFWTR,2026-05-20,87.57,97.43,164,144,,,EA,IMP
SPACEBEE-179,2023-084AP,56969,PAY,D,US,2023-06-12,AFWTR,2024-11-18,87.62,97.51,165,148,,,EA,IMP
LEMUR-2-EMBRIONOVIS,2023-084AQ,56970,PAY,+,US,2023-06-12,AFWTR,,93.56,97.64,456,442,,,EA,ORB
MISR-A-1,2023-084AR,56971,PAY,D,US,2023-06-12,AFWTR,2024-10-02,87.35,97.49,151,135,,,EA,IMP
SPACEBEE-177,2023-084AS,56972,PAY,D,US,2023-06-12,AFWTR,2024-11-02,87.39,97.51,152,139,,,EA,IMP
SPACEBEE-178,2023-084AT,56973,PAY,D,US,2023-06-12,AFWTR,2024-11-11,88.13,97.52,189,174,,,EA,IMP
LEMUR-2-NAZIYAH,2023-084AU,56974,PAY,D,US,2023-06-12,AFWTR,2024-12-13,87.98,97.49,181,167,,,EA,IMP
SPACEBEE-176,2023-084AV,56975,PAY,D,US,2023-06-12,AFWTR,2024-11-12,88.60,97.52,212,198,,,EA,IMP
SPACEBEE-174,2023-084AW,56976,PAY,D,US,2023-06-12,AFWTR,2024-11-08,87.53,97.52,159,146,,,EA,IMP
LEMUR-2-AADAM-ALIYAH,2023-084AX,56977,PAY,D,US,2023-06-12,AFWTR,2024-12-12,87.55,97.49,159,147,,,EA,IMP
SPACEBEE-173,2023-084AY,56978,PAY,D,US,2023-06-12,AFWTR,2024-11-07,87.85,97.52,176,160,,,EA,IMP
SPACEBEE-172,2023-084AZ,56979,PAY,D,US,2023-06-12,AFWTR,2024-11-04,87.48,97.51,156,143,,,EA,IMP
SPACEBEE-171,2023-084BA,56980,PAY,D,US,2023-06-12,AFWTR,2024-11-07,88.80,97.53,223,207,,,EA,IMP
SKYKRAFT-3A,2023-084BB,56981,PAY,D,AUS,2023-06-12,AFWTR,2024-12-15,87.40,97.50,166,125,,,EA,IMP
SPACEBEE-169,2023-084BC,56982,PAY,D,US,2023-06-12,AFWTR,2024-10-31,87.93,97.51,180,164,,,EA,IMP
SPACEBEE-170,2023-084BD,56983,PAY,D,US,2023-06-12,AFWTR,2024-11-10,87.66,97.52,165,152,,,EA,IMP
SPACEBEE-168,2023-084BE,56984,PAY,D,US,2023-06-12,AFWTR,2024-10-07,88.11,97.51,190,172,,,EA,IMP
SPACEBEE-175,2023-084BF,56985,PAY,D,US,2023-06-12,AFWTR,2024-11-03,87.52,97.51,162,142,,,EA,IMP
AYRIS-2,2023-084BG,56986,PAY,D,ISRA,2023-06-12,AFWTR,2025-05-10,88.17,97.53,195,173,,,EA,IMP
AII-DELTA,2023-084BH,56987,PAY,D,LTU,2023-06-12,AFWTR,2025-01-24,87.39,97.49,151,139,,,EA,IMP
AYRIS-1,2023-084BJ,56988,PAY,D,ISRA,2023-06-12,AFWTR,2025-05-08,87.58,97.53,162,148,,,EA,IMP
TRANSPORTER-8 OBJECT BR,2023-084BR,56989,UNK,D,TBD,2023-06-12,AFWTR,2024-08-29,89.17,97.50,243,224,,,EA,IMP
ELO-4,2023-084BS,56990,PAY,D,UK,2023-06-12,AFWTR,2025-01-21,87.76,97.51,171,156,,,EA,IMP
SPEI SATELLES,2023-084BT,56991,PAY,D,VAT,2023-06-12,AFWTR,2025-04-04,87.83,97.52,175,158,,,EA,IMP
URESAT-1,2023-084BU,56992,PAY,D,SPN,2023-06-12,AFWTR,2025-02-11,87.48,97.50,159,140,,,EA,IMP
MRC-100,2023-084BV,56993,PAY,D,HUN,2023-06-12,AFWTR,2025-01-04,87.77,97.51,172,157,,,EA,IMP
TRANSPORTER-8 OBJECT BW,2023-084BW,56994,UNK,D,TBD,2023-06-12,AFWTR,2024-11-01,88.79,97.52,223,206,,,EA,IMP
AAC-HSI-SAT2,2023-084BX,56995,PAY,+,UK,2023-06-12,AFWTR,,94.69,97.83,511,496,,,EA,ORB
AAC-AIS-SAT2,2023-084BY,56996,PAY,+,UK,2023-06-12,AFWTR,,96.92,98.16,650,572,,,EA,ORB
OBJECT A,2023-085A,57004,PAY,+,PRC,2023-06-15,TAISC,,94.00,97.50,475,465,,,EA,ORB
OBJECT B,2023-085B,57005,PAY,D,PRC,2023-06-15,TAISC,2026-02-19,87.78,97.45,172,158,,,EA,IMP
OBJECT C,2023-085C,57006,PAY,D,PRC,2023-06-15,TAISC,2026-02-04,88.76,97.45,217,209,,,EA,IMP
OBJECT D,2023-085D,57007,PAY,D,PRC,2023-06-15,TAISC,2025-10-08,88.89,97.47,226,213,,,EA,IMP
OBJECT E,2023-085E,57008,PAY,D,PRC,2023-06-15,TAISC,2026-01-27,88.13,97.45,187,177,,,EA,IMP
OBJECT F,2023-085F,57009,PAY,D,PRC,2023-06-15,TAISC,2026-02-12,87.47,97.44,155,143,,,EA,IMP
OBJECT G,2023-085G,57010,PAY,D,PRC,2023-06-15,TAISC,2025-12-29,87.40,97.46,152,139,,,EA,IMP
OBJECT H,2023-085H,57011,PAY,D,PRC,2023-06-15,TAISC,2026-03-19,87.41,97.44,152,140,,,EA,IMP
OBJECT J,2023-085J,57012,PAY,+,PRC,2023-06-15,TAISC,,93.74,97.50,462,453,,,EA,ORB
OBJECT K,2023-085K,57013,PAY,D,PRC,2023-06-15,TAISC,2026-01-14,88.01,97.44,181,170,,,EA,IMP
OBJECT L,2023-085L,57014,PAY,+,PRC,2023-06-15,TAISC,,93.92,97.50,470,463,,,EA,ORB
OBJECT M,2023-085M,57015,PAY,D,PRC,2023-06-15,TAISC,2026-01-09,87.89,97.45,176,164,,,EA,IMP
OBJECT N,2023-085N,57016,PAY,D,PRC,2023-06-15,TAISC,2025-10-08,87.49,97.46,159,141,,,EA,IMP
OBJECT P,2023-085P,57017,PAY,D,PRC,2023-06-15,TAISC,2026-02-17,87.44,97.45,155,140,,,EA,IMP
OBJECT Q,2023-085Q,57018,PAY,D,PRC,2023-06-15,TAISC,2025-10-02,88.02,97.45,184,169,,,EA,IMP
OBJECT R,2023-085R,57019,PAY,D,PRC,2023-06-15,TAISC,2026-01-25,89.63,97.46,259,253,,,EA,IMP
OBJECT S,2023-085S,57020,PAY,D,PRC,2023-06-15,TAISC,2025-09-29,87.46,97.45,155,142,,,EA,IMP
OBJECT T,2023-085T,57021,PAY,D,PRC,2023-06-15,TAISC,2025-10-30,87.74,97.44,169,156,,,EA,IMP
OBJECT U,2023-085U,57022,PAY,D,PRC,2023-06-15,TAISC,2025-10-02,87.86,97.47,177,161,,,EA,IMP
OBJECT V,2023-085V,57023,PAY,+,PRC,2023-06-15,TAISC,,93.80,97.50,464,456,,,EA,ORB
OBJECT W,2023-085W,57024,PAY,D,PRC,2023-06-15,TAISC,2025-10-10,87.36,97.45,152,135,,,EA,IMP
OBJECT X,2023-085X,57025,PAY,D,PRC,2023-06-15,TAISC,2025-10-06,87.72,97.45,168,155,,,EA,IMP
OBJECT Y,2023-085Y,57026,PAY,+,PRC,2023-06-15,TAISC,,93.66,97.50,457,450,,,EA,ORB
OBJECT Z,2023-085Z,57027,PAY,D,PRC,2023-06-15,TAISC,2025-10-16,87.59,97.44,163,148,,,EA,IMP
OBJECT AA,2023-085AA,57028,PAY,D,PRC,2023-06-15,TAISC,2025-10-05,88.45,97.47,205,191,,,EA,IMP
OBJECT AB,2023-085AB,57029,PAY,D,PRC,2023-06-15,TAISC,2025-10-02,88.07,97.45,186,172,,,EA,IMP
OBJECT AC,2023-085AC,57030,PAY,D,PRC,2023-06-15,TAISC,2025-11-18,87.50,97.45,157,144,,,EA,IMP
OBJECT AD,2023-085AD,57031,PAY,+,PRC,2023-06-15,TAISC,,93.72,97.50,462,451,,,EA,ORB
OBJECT AE,2023-085AE,57032,PAY,D,PRC,2023-06-15,TAISC,2025-10-08,87.56,97.45,160,147,,,EA,IMP
OBJECT AF,2023-085AF,57033,PAY,D,PRC,2023-06-15,TAISC,2026-03-29,88.19,97.47,195,174,,,EA,IMP
OBJECT AG,2023-085AG,57034,PAY,D,PRC,2023-06-15,TAISC,2025-10-12,87.46,97.46,155,142,,,EA,IMP
OBJECT AH,2023-085AH,57035,PAY,D,PRC,2023-06-15,TAISC,2025-10-11,87.43,97.45,153,141,,,EA,IMP
OBJECT AJ,2023-085AJ,57036,PAY,+,PRC,2023-06-15,TAISC,,94.81,97.49,514,505,,,EA,ORB
OBJECT AK,2023-085AK,57037,PAY,+,PRC,2023-06-15,TAISC,,94.82,97.49,514,507,,,EA,ORB
OBJECT AL,2023-085AL,57038,PAY,+,PRC,2023-06-15,TAISC,,93.71,97.50,460,452,,,EA,ORB
OBJECT AM,2023-085AM,57039,PAY,D,PRC,2023-06-15,TAISC,2025-10-11,89.51,97.46,254,246,,,EA,IMP
OBJECT AN,2023-085AN,57040,PAY,D,PRC,2023-06-15,TAISC,2025-09-23,88.15,97.45,191,175,,,EA,IMP
OBJECT AP,2023-085AP,57041,PAY,D,PRC,2023-06-15,TAISC,2025-10-24,87.48,97.47,156,143,,,EA,IMP
OBJECT AQ,2023-085AQ,57042,PAY,D,PRC,2023-06-15,TAISC,2025-10-07,87.38,97.45,151,138,,,EA,IMP
OBJECT AR,2023-085AR,57043,PAY,D,PRC,2023-06-15,TAISC,2025-10-12,89.13,97.46,237,226,,,EA,IMP
OBJECT AS,2023-085AS,57044,PAY,+,PRC,2023-06-15,TAISC,,93.60,97.50,455,446,,,EA,ORB
NUSANTARA TIGA (SATRIA),2023-086A,57045,PAY,+,INDO,2023-06-18,AFETR,,1436.14,0.04,35796,35779,,,EA,ORB
FALCON 9 R/B,2023-086B,57046,R/B,,US,2023-06-18,AFETR,,982.60,26.28,52034,690,,,EA,ORB
SHIYAN-25 (SY-25),2023-087A,57047,PAY,+,PRC,2023-06-20,TAISC,,89.95,96.88,277,267,,,EA,ORB
STARLINK-5847,2023-088A,57048,PAY,D,US,2023-06-22,AFWTR,2025-02-26,87.55,42.98,158,148,,,EA,IMP
STARLINK-5850,2023-088B,57049,PAY,+,US,2023-06-22,AFWTR,,94.27,43.00,484,482,,,EA,ORB
STARLINK-5845,2023-088C,57050,PAY,+,US,2023-06-22,AFWTR,,94.27,43.00,484,482,,,EA,ORB
STARLINK-5839,2023-088D,57051,PAY,+,US,2023-06-22,AFWTR,,94.27,43.00,484,482,,,EA,ORB
STARLINK-5860,2023-088E,57052,PAY,+,US,2023-06-22,AFWTR,,94.27,43.00,484,482,,,EA,ORB
STARLINK-5865,2023-088F,57053,PAY,+,US,2023-06-22,AFWTR,,94.27,43.00,484,482,,,EA,ORB
STARLINK-5881,2023-088G,57054,PAY,+,US,2023-06-22,AFWTR,,94.27,43.00,484,482,,,EA,ORB
STARLINK-6237,2023-088H,57055,PAY,+,US,2023-06-22,AFWTR,,94.27,43.00,484,483,,,EA,ORB
STARLINK-6353,2023-088J,57056,PAY,+,US,2023-06-22,AFWTR,,94.27,43.00,483,483,,,EA,ORB
STARLINK-6223,2023-088K,57057,PAY,+,US,2023-06-22,AFWTR,,94.27,43.00,484,482,,,EA,ORB
STARLINK-6217,2023-088L,57058,PAY,+,US,2023-06-22,AFWTR,,94.27,43.00,484,483,,,EA,ORB
STARLINK-6211,2023-088M,57059,PAY,P,US,2023-06-22,AFWTR,,94.27,43.00,484,483,,,EA,ORB
STARLINK-6227,2023-088N,57060,PAY,+,US,2023-06-22,AFWTR,,94.27,43.00,484,482,,,EA,ORB
STARLINK-5869,2023-088P,57061,PAY,+,US,2023-06-22,AFWTR,,94.29,43.00,485,483,,,EA,ORB
STARLINK-5536,2023-088Q,57062,PAY,+,US,2023-06-22,AFWTR,,94.27,43.00,484,482,,,EA,ORB
STARLINK-5832,2023-088R,57063,PAY,+,US,2023-06-22,AFWTR,,94.27,43.00,484,482,,,EA,ORB
STARLINK-5822,2023-088S,57064,PAY,+,US,2023-06-22,AFWTR,,94.27,43.00,485,481,,,EA,ORB
STARLINK-5830,2023-088T,57065,PAY,+,US,2023-06-22,AFWTR,,94.27,43.00,484,482,,,EA,ORB
STARLINK-5827,2023-088U,57066,PAY,+,US,2023-06-22,AFWTR,,94.27,43.01,485,481,,,EA,ORB
STARLINK-5824,2023-088V,57067,PAY,+,US,2023-06-22,AFWTR,,94.27,43.00,484,482,,,EA,ORB
STARLINK-5844,2023-088W,57068,PAY,+,US,2023-06-22,AFWTR,,94.27,43.00,484,482,,,EA,ORB
STARLINK-5821,2023-088X,57069,PAY,+,US,2023-06-22,AFWTR,,94.27,43.00,484,482,,,EA,ORB
STARLINK-5828,2023-088Y,57070,PAY,+,US,2023-06-22,AFWTR,,94.27,43.00,484,482,,,EA,ORB
STARLINK-5834,2023-088Z,57071,PAY,+,US,2023-06-22,AFWTR,,94.27,43.00,484,482,,,EA,ORB
STARLINK-5843,2023-088AA,57072,PAY,+,US,2023-06-22,AFWTR,,94.27,43.00,484,482,,,EA,ORB
STARLINK-5838,2023-088AB,57073,PAY,+,US,2023-06-22,AFWTR,,94.27,43.00,484,482,,,EA,ORB
STARLINK-5773,2023-088AC,57074,PAY,+,US,2023-06-22,AFWTR,,94.27,43.00,484,482,,,EA,ORB
STARLINK-5542,2023-088AD,57075,PAY,+,US,2023-06-22,AFWTR,,94.27,43.00,484,482,,,EA,ORB
STARLINK-6155,2023-088AE,57076,PAY,+,US,2023-06-22,AFWTR,,94.27,43.00,484,482,,,EA,ORB
STARLINK-6194,2023-088AF,57077,PAY,+,US,2023-06-22,AFWTR,,94.27,43.00,484,482,,,EA,ORB
STARLINK-6246,2023-088AG,57078,PAY,D,US,2023-06-22,AFWTR,2026-02-02,88.01,42.99,181,171,,,EA,IMP
STARLINK-6245,2023-088AH,57079,PAY,+,US,2023-06-22,AFWTR,,94.27,43.00,483,483,,,EA,ORB
STARLINK-6243,2023-088AJ,57080,PAY,+,US,2023-06-22,AFWTR,,94.27,43.00,484,482,,,EA,ORB
STARLINK-6184,2023-088AK,57081,PAY,+,US,2023-06-22,AFWTR,,94.27,43.00,484,482,,,EA,ORB
STARLINK-6248,2023-088AL,57082,PAY,+,US,2023-06-22,AFWTR,,94.27,43.00,484,482,,,EA,ORB
STARLINK-6253,2023-088AM,57083,PAY,+,US,2023-06-22,AFWTR,,94.27,43.00,484,482,,,EA,ORB
STARLINK-6240,2023-088AN,57084,PAY,+,US,2023-06-22,AFWTR,,94.27,43.00,484,482,,,EA,ORB
STARLINK-6232,2023-088AP,57085,PAY,+,US,2023-06-22,AFWTR,,94.27,43.00,484,483,,,EA,ORB
STARLINK-6247,2023-088AQ,57086,PAY,+,US,2023-06-22,AFWTR,,94.27,43.00,484,483,,,EA,ORB
STARLINK-6251,2023-088AR,57087,PAY,+,US,2023-06-22,AFWTR,,94.27,43.00,484,482,,,EA,ORB
STARLINK-6257,2023-088AS,57088,PAY,+,US,2023-06-22,AFWTR,,94.27,43.00,484,482,,,EA,ORB
STARLINK-6259,2023-088AT,57089,PAY,+,US,2023-06-22,AFWTR,,94.27,43.00,484,482,,,EA,ORB
STARLINK-6254,2023-088AU,57090,PAY,+,US,2023-06-22,AFWTR,,94.27,43.00,484,482,,,EA,ORB
STARLINK-6262,2023-088AV,57091,PAY,+,US,2023-06-22,AFWTR,,94.27,43.00,483,483,,,EA,ORB
STARLINK-6225,2023-088AW,57092,PAY,+,US,2023-06-22,AFWTR,,94.27,43.00,484,483,,,EA,ORB
STARLINK-6229,2023-088AX,57093,PAY,+,US,2023-06-22,AFWTR,,94.27,43.00,484,482,,,EA,ORB
STARLINK-6235,2023-088AY,57094,PAY,+,US,2023-06-22,AFWTR,,94.27,43.00,484,482,,,EA,ORB
FALCON 9 DEB,2023-088AZ,57095,DEB,D,US,2023-06-22,AFWTR,2023-07-08,87.80,42.98,183,149,,,EA,IMP
FALCON 9 DEB,2023-088BA,57096,DEB,D,US,2023-06-22,AFWTR,2023-07-07,87.79,42.99,182,149,,,EA,IMP
FALCON 9 DEB,2023-088BB,57097,DEB,D,US,2023-06-22,AFWTR,2023-07-06,87.70,42.98,174,147,,,EA,IMP
FALCON 9 DEB,2023-088BC,57098,DEB,D,US,2023-06-22,AFWTR,2023-07-06,87.52,42.99,165,139,,,EA,IMP
USA 345,2023-089A,57099,PAY,+,US,2023-06-22,AFETR,,1436.10,2.41,35989,35584,,NEA,EA,ORB
DELTA 4 R/B,2023-089B,57100,R/B,,US,2023-06-22,AFETR,,1493.36,2.34,37668,36132,,,EA,ORB
STARLINK-6132,2023-090A,57101,PAY,+,US,2023-06-23,AFETR,,94.27,43.01,484,482,,,EA,ORB
STARLINK-6111,2023-090B,57102,PAY,+,US,2023-06-23,AFETR,,94.27,43.00,484,482,,,EA,ORB
STARLINK-6123,2023-090C,57103,PAY,D,US,2023-06-23,AFETR,2025-01-01,88.02,42.99,178,175,,,EA,IMP
STARLINK-6130,2023-090D,57104,PAY,+,US,2023-06-23,AFETR,,94.27,43.01,484,482,,,EA,ORB
STARLINK-6097,2023-090E,57105,PAY,+,US,2023-06-23,AFETR,,94.27,43.00,484,482,,,EA,ORB
STARLINK-6118,2023-090F,57106,PAY,+,US,2023-06-23,AFETR,,94.27,43.01,484,482,,,EA,ORB
STARLINK-6131,2023-090G,57107,PAY,+,US,2023-06-23,AFETR,,94.27,43.00,484,482,,,EA,ORB
STARLINK-6099,2023-090H,57108,PAY,+,US,2023-06-23,AFETR,,94.27,43.00,484,482,,,EA,ORB
STARLINK-6139,2023-090J,57109,PAY,+,US,2023-06-23,AFETR,,94.27,43.00,484,482,,,EA,ORB
STARLINK-6134,2023-090K,57110,PAY,+,US,2023-06-23,AFETR,,94.27,43.01,484,482,,,EA,ORB
STARLINK-6140,2023-090L,57111,PAY,+,US,2023-06-23,AFETR,,94.27,43.01,484,482,,,EA,ORB
STARLINK-6141,2023-090M,57112,PAY,+,US,2023-06-23,AFETR,,94.27,43.01,484,482,,,EA,ORB
STARLINK-6142,2023-090N,57113,PAY,+,US,2023-06-23,AFETR,,94.27,43.00,484,482,,,EA,ORB
STARLINK-6125,2023-090P,57114,PAY,+,US,2023-06-23,AFETR,,94.27,43.00,484,482,,,EA,ORB
STARLINK-6085,2023-090Q,57115,PAY,P,US,2023-06-23,AFETR,,94.75,43.00,520,493,,,EA,ORB
STARLINK-6129,2023-090R,57116,PAY,+,US,2023-06-23,AFETR,,94.27,43.00,484,482,,,EA,ORB
STARLINK-6148,2023-090S,57117,PAY,+,US,2023-06-23,AFETR,,94.27,43.00,484,482,,,EA,ORB
STARLINK-6151,2023-090T,57118,PAY,D,US,2023-06-23,AFETR,2026-03-07,87.61,42.96,160,153,,,EA,IMP
STARLINK-6150,2023-090U,57119,PAY,+,US,2023-06-23,AFETR,,94.27,43.00,484,482,,,EA,ORB
STARLINK-6147,2023-090V,57120,PAY,+,US,2023-06-23,AFETR,,94.27,43.00,484,482,,,EA,ORB
STARLINK-6152,2023-090W,57121,PAY,+,US,2023-06-23,AFETR,,94.27,43.00,484,482,,,EA,ORB
STARLINK-6149,2023-090X,57122,PAY,+,US,2023-06-23,AFETR,,94.27,43.00,484,482,,,EA,ORB
STARLINK-6154,2023-090Y,57123,PAY,+,US,2023-06-23,AFETR,,94.27,43.01,484,482,,,EA,ORB
STARLINK-6146,2023-090Z,57124,PAY,+,US,2023-06-23,AFETR,,94.27,43.00,484,482,,,EA,ORB
STARLINK-6100,2023-090AA,57125,PAY,+,US,2023-06-23,AFETR,,94.27,43.00,484,482,,,EA,ORB
STARLINK-6167,2023-090AB,57126,PAY,+,US,2023-06-23,AFETR,,94.27,43.00,484,482,,,EA,ORB
STARLINK-6165,2023-090AC,57127,PAY,+,US,2023-06-23,AFETR,,94.27,43.00,484,482,,,EA,ORB
STARLINK-6163,2023-090AD,57128,PAY,+,US,2023-06-23,AFETR,,94.27,43.00,484,482,,,EA,ORB
STARLINK-6170,2023-090AE,57129,PAY,+,US,2023-06-23,AFETR,,94.27,43.00,485,481,,,EA,ORB
STARLINK-6172,2023-090AF,57130,PAY,+,US,2023-06-23,AFETR,,94.27,43.00,484,482,,,EA,ORB
STARLINK-6162,2023-090AG,57131,PAY,+,US,2023-06-23,AFETR,,94.27,43.00,484,482,,,EA,ORB
STARLINK-6128,2023-090AH,57132,PAY,+,US,2023-06-23,AFETR,,94.27,43.01,484,482,,,EA,ORB
STARLINK-6143,2023-090AJ,57133,PAY,+,US,2023-06-23,AFETR,,94.27,43.00,484,482,,,EA,ORB
STARLINK-6133,2023-090AK,57134,PAY,+,US,2023-06-23,AFETR,,94.27,43.00,484,482,,,EA,ORB
STARLINK-6127,2023-090AL,57135,PAY,+,US,2023-06-23,AFETR,,94.27,43.00,484,482,,,EA,ORB
STARLINK-6112,2023-090AM,57136,PAY,+,US,2023-06-23,AFETR,,94.27,43.00,484,482,,,EA,ORB
STARLINK-5347,2023-090AN,57137,PAY,+,US,2023-06-23,AFETR,,94.27,43.00,485,481,,,EA,ORB
STARLINK-5336,2023-090AP,57138,PAY,+,US,2023-06-23,AFETR,,94.27,43.00,484,482,,,EA,ORB
STARLINK-5355,2023-090AQ,57139,PAY,+,US,2023-06-23,AFETR,,94.27,43.00,484,482,,,EA,ORB
STARLINK-5354,2023-090AR,57140,PAY,D,US,2023-06-23,AFETR,2024-09-22,87.47,42.99,151,147,,,EA,IMP
STARLINK-5357,2023-090AS,57141,PAY,+,US,2023-06-23,AFETR,,94.27,43.00,484,482,,,EA,ORB
STARLINK-5361,2023-090AT,57142,PAY,+,US,2023-06-23,AFETR,,94.27,43.00,484,482,,,EA,ORB
STARLINK-5358,2023-090AU,57143,PAY,+,US,2023-06-23,AFETR,,94.27,43.00,484,482,,,EA,ORB
STARLINK-5150,2023-090AV,57144,PAY,+,US,2023-06-23,AFETR,,94.27,43.00,484,482,,,EA,ORB
STARLINK-5768,2023-090AW,57145,PAY,+,US,2023-06-23,AFETR,,94.27,43.00,484,482,,,EA,ORB
STARLINK-5791,2023-090AX,57146,PAY,+,US,2023-06-23,AFETR,,94.27,43.00,484,482,,,EA,ORB
STARLINK-5765,2023-090AY,57147,PAY,+,US,2023-06-23,AFETR,,94.27,43.01,484,482,,,EA,ORB
STARLINK-5788,2023-090AZ,57148,PAY,+,US,2023-06-23,AFETR,,94.27,43.01,484,482,,,EA,ORB
STARLINK-5778,2023-090BA,57149,PAY,+,US,2023-06-23,AFETR,,94.27,43.01,484,482,,,EA,ORB
STARLINK-5780,2023-090BB,57150,PAY,+,US,2023-06-23,AFETR,,94.27,43.00,484,482,,,EA,ORB
STARLINK-5776,2023-090BC,57151,PAY,+,US,2023-06-23,AFETR,,94.27,43.00,484,482,,,EA,ORB
STARLINK-6164,2023-090BD,57152,PAY,+,US,2023-06-23,AFETR,,94.27,43.00,484,482,,,EA,ORB
STARLINK-5879,2023-090BE,57153,PAY,+,US,2023-06-23,AFETR,,94.27,43.00,485,482,,,EA,ORB
STARLINK-6106,2023-090BF,57154,PAY,+,US,2023-06-23,AFETR,,94.27,43.00,484,482,,,EA,ORB
STARLINK-6108,2023-090BG,57155,PAY,+,US,2023-06-23,AFETR,,94.27,43.01,484,482,,,EA,ORB
STARLINK-6137,2023-090BH,57156,PAY,P,US,2023-06-23,AFETR,,88.93,43.00,226,217,,,EA,ORB
FALCON 9 DEB,2023-090BJ,57157,DEB,D,US,2023-06-23,AFETR,2023-08-08,87.73,43.01,170,154,,,EA,IMP
FALCON 9 DEB,2023-090BK,57158,DEB,D,US,2023-06-23,AFETR,2023-08-03,89.02,42.99,241,211,,,EA,IMP
FALCON 9 DEB,2023-090BL,57159,DEB,D,US,2023-06-23,AFETR,2023-08-03,87.55,42.99,160,146,,,EA,IMP
FALCON 9 DEB,2023-090BM,57160,DEB,D,US,2023-06-23,AFETR,2023-08-05,87.84,42.99,176,159,,,EA,IMP
METEOR-M2 3,2023-091A,57166,PAY,+,CIS,2023-06-27,VOSTO,,101.12,98.60,814,809,,,EA,ORB
STRATOSAT-TK 1 (RS52S),2023-091B,57167,PAY,D,CIS,2023-06-27,VOSTO,2026-01-10,88.59,97.50,211,199,,,EA,IMP
OBJECT C,2023-091C,57168,PAY,+,CIS,2023-06-27,VOSTO,,94.27,97.50,490,477,,,EA,ORB
OBJECT D,2023-091D,57169,PAY,+,CIS,2023-06-27,VOSTO,,94.42,97.51,497,485,,,EA,ORB
OBJECT E,2023-091E,57170,PAY,+,CIS,2023-06-27,VOSTO,,94.42,97.51,496,485,,,EA,ORB
OBJECT F,2023-091F,57171,PAY,+,CIS,2023-06-27,VOSTO,,94.42,97.51,497,484,,,EA,ORB
UMKA 1 (RS40S),2023-091G,57172,PAY,+,CIS,2023-06-27,VOSTO,,94.65,97.50,509,494,,,EA,ORB
OBJECT H,2023-091H,57173,PAY,+,CIS,2023-06-27,VOSTO,,94.13,97.50,482,471,,,EA,ORB
OBJECT J,2023-091J,57174,PAY,+,CIS,2023-06-27,VOSTO,,95.09,97.50,531,515,,,EA,ORB
CUBEBEL 2 (EU11S),2023-091K,57175,PAY,+,BELA,2023-06-27,VOSTO,,94.08,97.50,480,469,,,EA,ORB
SITRO-AIS 5 (KATYS),2023-091L,57176,PAY,+,CIS,2023-06-27,VOSTO,,94.07,97.50,480,467,,,EA,ORB
ZORKIY-2M 1,2023-091M,57177,PAY,+,CIS,2023-06-27,VOSTO,,94.64,97.50,509,493,,,EA,ORB
CUBESX-HSE 3 (RS42S),2023-091N,57178,PAY,+,CIS,2023-06-27,VOSTO,,93.95,97.50,474,461,,,EA,ORB
OBJECT P,2023-091P,57179,PAY,+,CIS,2023-06-27,VOSTO,,94.93,97.50,524,506,,,EA,ORB
MONITOR-3 (RS58S),2023-091Q,57180,PAY,+,CIS,2023-06-27,VOSTO,,94.18,97.50,486,472,,,EA,ORB
OBJECT R,2023-091R,57181,PAY,+,CIS,2023-06-27,VOSTO,,95.06,97.50,531,512,,,EA,ORB
MONITOR-4 (RS57S),2023-091S,57182,PAY,+,CIS,2023-06-27,VOSTO,,94.18,97.50,486,472,,,EA,ORB
OBJECT T,2023-091T,57183,PAY,+,CIS,2023-06-27,VOSTO,,94.77,97.50,514,501,,,EA,ORB
MONITOR-2 (RS39S),2023-091U,57184,PAY,+,CIS,2023-06-27,VOSTO,,94.77,97.50,514,501,,,EA,ORB
OBJECT V,2023-091V,57185,PAY,+,TBD,2023-06-27,VOSTO,,93.40,97.50,445,436,,,EA,ORB
CSTP 1.2 (STC 1.2),2023-091W,57186,PAY,+,CIS,2023-06-27,VOSTO,,94.13,97.51,488,465,,,EA,ORB
SVYATOBOR 1 (RS60S),2023-091X,57187,PAY,+,CIS,2023-06-27,VOSTO,,94.27,97.50,489,477,,,EA,ORB
HORS 1,2023-091Y,57188,PAY,+,CIS,2023-06-27,VOSTO,,94.26,97.50,488,477,,,EA,ORB
VIZARD-METEO (RS38S),2023-091Z,57189,PAY,+,CIS,2023-06-27,VOSTO,,93.63,97.50,457,448,,,EA,ORB
NANOZOND 1 (RS49S),2023-091AA,57190,PAY,D,CIS,2023-06-27,VOSTO,2026-04-20,87.81,97.48,175,157,,,EA,IMP
POLYTECH-UNIVERSE 3 (RS46S),2023-091AB,57191,PAY,+,CIS,2023-06-27,VOSTO,,94.76,97.50,516,498,,,EA,ORB
SITRO-AIS 6 (CHIRKIN),2023-091AC,57192,PAY,+,CIS,2023-06-27,VOSTO,,94.30,97.50,492,478,,,EA,ORB
SITRO-AIS 8 (ANOKHIN),2023-091AD,57193,PAY,+,CIS,2023-06-27,VOSTO,,93.89,97.50,471,459,,,EA,ORB
SITRO-AIS 7 (FARTUSHNIY),2023-091AE,57194,PAY,+,CIS,2023-06-27,VOSTO,,94.32,97.50,493,479,,,EA,ORB
AVION KALUGA 650,2023-091AF,57195,PAY,+,CIS,2023-06-27,VOSTO,,94.68,97.50,509,497,,,EA,ORB
HORS 2,2023-091AG,57196,PAY,+,CIS,2023-06-27,VOSTO,,93.91,97.50,471,461,,,EA,ORB
A-SEANSAT-PG1,2023-091AH,57197,PAY,+,MALA,2023-06-27,VOSTO,,93.57,97.50,454,444,,,EA,ORB
YARILO 3,2023-091AJ,57198,PAY,D,CIS,2023-06-27,VOSTO,2025-04-28,87.63,97.53,170,145,,,EA,IMP
SITRO-AIS 10 (BURDAEV),2023-091AK,57199,PAY,+,CIS,2023-06-27,VOSTO,,93.45,97.50,448,439,,,EA,ORB
OBJECT AL,2023-091AL,57200,PAY,+,CIS,2023-06-27,VOSTO,,92.95,97.50,423,415,,,EA,ORB
SITRO-AIS 9 (SHCHUKIN),2023-091AM,57201,PAY,+,CIS,2023-06-27,VOSTO,,93.49,97.50,450,441,,,EA,ORB
CSTP 1.1 (STC 1.1),2023-091AN,57202,PAY,+,CIS,2023-06-27,VOSTO,,94.76,97.51,512,501,,,EA,ORB
UTMN 2 (RS27S),2023-091AP,57203,PAY,+,CIS,2023-06-27,VOSTO,,93.91,97.50,471,460,,,EA,ORB
SITRO-AIS 12 (SMIRENNIY),2023-091AQ,57204,PAY,+,CIS,2023-06-27,VOSTO,,93.47,97.50,449,440,,,EA,ORB
ARCCUBE 1 (RS25S),2023-091AR,57205,PAY,D,CIS,2023-06-27,VOSTO,2025-11-27,89.07,97.50,233,224,,,EA,IMP
OBJECT AS,2023-091AS,57206,PAY,+,CIS,2023-06-27,VOSTO,,91.35,97.50,343,338,,,EA,ORB
OBJECT AT,2023-091AT,57207,UNK,D,CIS,2023-06-27,VOSTO,2023-07-09,87.85,97.67,218,118,,,EA,IMP
SITRO-AIS 11 (SHEFFER),2023-091AU,57208,PAY,+,CIS,2023-06-27,VOSTO,,93.44,97.50,447,439,,,EA,ORB
EUCLID,2023-092A,57209,PAY,+,ESA,2023-07-01,AFETR,,,,,,,,EL2,ORB
FALCON 9 R/B,2023-092B,57210,R/B,,US,2023-07-01,AFETR,,,,,,,,SU,ORB
DRAGON CRS-28 DEB,2023-080B,57211,DEB,D,US,2023-06-05,AFETR,2023-08-04,87.30,51.61,155,127,,,EA,IMP
H2SAT (HEINRICH HERTZ),2023-093A,57213,PAY,+,GER,2023-07-05,FRGUI,,1436.12,0.02,35792,35782,,,EA,ORB
SYRACUSE 4B,2023-093B,57214,PAY,+,FR,2023-07-05,FRGUI,,1436.09,0.02,35787,35786,,,EA,ORB
ARIANE 5 DEB [SYLDA],2023-093C,57215,DEB,,FR,2023-07-05,FRGUI,,488.18,2.91,28040,279,,,EA,ORB
ARIANE 5 R/B,2023-093D,57216,R/B,,FR,2023-07-05,FRGUI,,606.26,3.04,34411,289,,,EA,ORB
KUZGTU 1 (RS47S),2023-091AV,57217,PAY,+,CIS,2023-06-27,VOSTO,,94.05,97.50,479,466,,,EA,ORB
STARLINK-5525,2023-094A,57218,PAY,+,US,2023-07-07,AFWTR,,94.27,43.00,484,482,,,EA,ORB
STARLINK-5520,2023-094B,57219,PAY,+,US,2023-07-07,AFWTR,,94.27,43.01,485,481,,,EA,ORB
STARLINK-5880,2023-094C,57220,PAY,+,US,2023-07-07,AFWTR,,94.27,43.01,484,482,,,EA,ORB
STARLINK-5875,2023-094D,57221,PAY,D,US,2023-07-07,AFWTR,2026-07-02,87.52,42.99,156,147,,,EA,IMP
STARLINK-5870,2023-094E,57222,PAY,+,US,2023-07-07,AFWTR,,94.27,43.01,484,483,,,EA,ORB
STARLINK-5519,2023-094F,57223,PAY,+,US,2023-07-07,AFWTR,,94.27,43.00,484,483,,,EA,ORB
STARLINK-5983,2023-094G,57224,PAY,+,US,2023-07-07,AFWTR,,94.27,43.00,484,482,,,EA,ORB
STARLINK-6294,2023-094H,57225,PAY,+,US,2023-07-07,AFWTR,,94.27,43.00,484,482,,,EA,ORB
STARLINK-6350,2023-094J,57226,PAY,+,US,2023-07-07,AFWTR,,94.27,43.00,484,482,,,EA,ORB
STARLINK-5996,2023-094K,57227,PAY,+,US,2023-07-07,AFWTR,,94.27,43.00,484,482,,,EA,ORB
STARLINK-6230,2023-094L,57228,PAY,+,US,2023-07-07,AFWTR,,94.27,43.00,483,483,,,EA,ORB
STARLINK-6233,2023-094M,57229,PAY,+,US,2023-07-07,AFWTR,,94.27,43.00,484,482,,,EA,ORB
STARLINK-6250,2023-094N,57230,PAY,+,US,2023-07-07,AFWTR,,94.27,43.00,484,482,,,EA,ORB
STARLINK-5840,2023-094P,57231,PAY,+,US,2023-07-07,AFWTR,,94.27,43.00,484,482,,,EA,ORB
STARLINK-5872,2023-094Q,57232,PAY,+,US,2023-07-07,AFWTR,,94.27,43.00,484,482,,,EA,ORB
STARLINK-5866,2023-094R,57233,PAY,+,US,2023-07-07,AFWTR,,94.27,43.00,484,482,,,EA,ORB
STARLINK-6368,2023-094S,57234,PAY,+,US,2023-07-07,AFWTR,,94.27,43.00,483,483,,,EA,ORB
STARLINK-6360,2023-094T,57235,PAY,+,US,2023-07-07,AFWTR,,94.27,43.00,484,482,,,EA,ORB
STARLINK-6315,2023-094U,57236,PAY,+,US,2023-07-07,AFWTR,,94.27,43.00,485,482,,,EA,ORB
STARLINK-6365,2023-094V,57237,PAY,+,US,2023-07-07,AFWTR,,94.27,43.00,484,482,,,EA,ORB
STARLINK-6334,2023-094W,57238,PAY,+,US,2023-07-07,AFWTR,,94.27,43.00,484,482,,,EA,ORB
STARLINK-6330,2023-094X,57239,PAY,+,US,2023-07-07,AFWTR,,94.27,43.00,484,483,,,EA,ORB
STARLINK-6351,2023-094Y,57240,PAY,+,US,2023-07-07,AFWTR,,94.27,43.00,484,483,,,EA,ORB
STARLINK-6349,2023-094Z,57241,PAY,+,US,2023-07-07,AFWTR,,94.27,43.00,484,482,,,EA,ORB
STARLINK-6306,2023-094AA,57242,PAY,+,US,2023-07-07,AFWTR,,94.27,43.00,484,482,,,EA,ORB
STARLINK-6346,2023-094AB,57243,PAY,+,US,2023-07-07,AFWTR,,94.27,43.00,484,482,,,EA,ORB
STARLINK-5610,2023-094AC,57244,PAY,+,US,2023-07-07,AFWTR,,94.27,43.00,484,482,,,EA,ORB
STARLINK-5587,2023-094AD,57245,PAY,+,US,2023-07-07,AFWTR,,94.27,43.00,484,482,,,EA,ORB
STARLINK-5049,2023-094AE,57246,PAY,+,US,2023-07-07,AFWTR,,94.27,43.00,484,483,,,EA,ORB
STARLINK-5039,2023-094AF,57247,PAY,+,US,2023-07-07,AFWTR,,94.27,43.00,484,482,,,EA,ORB
STARLINK-5514,2023-094AG,57248,PAY,+,US,2023-07-07,AFWTR,,94.27,43.00,484,482,,,EA,ORB
STARLINK-5517,2023-094AH,57249,PAY,+,US,2023-07-07,AFWTR,,94.27,43.01,484,482,,,EA,ORB
STARLINK-5488,2023-094AJ,57250,PAY,+,US,2023-07-07,AFWTR,,94.27,43.00,484,482,,,EA,ORB
STARLINK-5513,2023-094AK,57251,PAY,+,US,2023-07-07,AFWTR,,94.27,43.00,484,482,,,EA,ORB
STARLINK-5511,2023-094AL,57252,PAY,+,US,2023-07-07,AFWTR,,94.27,43.00,483,483,,,EA,ORB
STARLINK-5516,2023-094AM,57253,PAY,+,US,2023-07-07,AFWTR,,94.27,43.00,484,482,,,EA,ORB
STARLINK-5490,2023-094AN,57254,PAY,+,US,2023-07-07,AFWTR,,94.27,43.00,484,483,,,EA,ORB
STARLINK-5481,2023-094AP,57255,PAY,+,US,2023-07-07,AFWTR,,94.27,43.00,484,483,,,EA,ORB
STARLINK-5512,2023-094AQ,57256,PAY,+,US,2023-07-07,AFWTR,,94.27,43.00,484,482,,,EA,ORB
STARLINK-5503,2023-094AR,57257,PAY,+,US,2023-07-07,AFWTR,,94.27,43.00,484,482,,,EA,ORB
STARLINK-5476,2023-094AS,57258,PAY,+,US,2023-07-07,AFWTR,,94.27,43.00,484,482,,,EA,ORB
STARLINK-5505,2023-094AT,57259,PAY,D,US,2023-07-07,AFWTR,2024-03-02,88.21,42.98,194,177,,,EA,IMP
STARLINK-5026,2023-094AU,57260,PAY,+,US,2023-07-07,AFWTR,,94.27,43.00,484,482,,,EA,ORB
STARLINK-5485,2023-094AV,57261,PAY,+,US,2023-07-07,AFWTR,,94.27,43.00,484,482,,,EA,ORB
STARLINK-5504,2023-094AW,57262,PAY,+,US,2023-07-07,AFWTR,,94.27,43.00,484,483,,,EA,ORB
STARLINK-5509,2023-094AX,57263,PAY,+,US,2023-07-07,AFWTR,,94.27,43.00,484,482,,,EA,ORB
STARLINK-5858,2023-094AY,57264,PAY,+,US,2023-07-07,AFWTR,,94.27,43.00,484,482,,,EA,ORB
STARLINK-5890,2023-094AZ,57265,PAY,D,US,2023-07-07,AFWTR,2026-02-18,87.74,42.99,167,158,,,EA,IMP
FALCON 9 DEB,2023-094BA,57266,DEB,D,US,2023-07-07,AFWTR,2023-07-23,87.50,42.97,161,141,,,EA,IMP
FALCON 9 DEB,2023-094BB,57267,DEB,D,US,2023-07-07,AFWTR,2023-07-22,87.32,42.99,152,132,,,EA,IMP
FALCON 9 DEB,2023-094BC,57268,DEB,D,US,2023-07-07,AFWTR,2023-07-21,87.22,42.98,144,130,,,EA,IMP
FALCON 9 DEB,2023-094BD,57269,DEB,D,US,2023-07-07,AFWTR,2023-07-22,87.98,42.99,189,159,,,EA,IMP
HULIANWANG JISHU SHIYAN A,2023-095A,57288,PAY,+,PRC,2023-07-09,JSC,,107.50,86.51,1124,1098,,,EA,ORB
HULIANWANG JISHU SHIYAN B,2023-095B,57289,PAY,+,PRC,2023-07-09,JSC,,107.50,86.51,1123,1099,,,EA,ORB
STARLINK-30198,2023-096A,57290,PAY,+,US,2023-07-10,AFETR,,94.11,42.98,485,467,,,EA,ORB
STARLINK-30239,2023-096B,57291,PAY,+,US,2023-07-10,AFETR,,93.43,43.00,443,441,,,EA,ORB
STARLINK-30210,2023-096C,57292,PAY,D,US,2023-07-10,AFETR,2026-03-07,89.45,42.96,262,233,,,EA,IMP
STARLINK-30202,2023-096D,57293,PAY,D,US,2023-07-10,AFETR,2024-09-17,90.64,42.98,327,285,,,EA,IMP
STARLINK-30235,2023-096E,57294,PAY,+,US,2023-07-10,AFETR,,93.82,43.00,462,460,,,EA,ORB
STARLINK-30206,2023-096F,57295,PAY,D,US,2023-07-10,AFETR,2025-06-04,88.77,42.97,222,205,,,EA,IMP
STARLINK-30238,2023-096G,57296,PAY,D,US,2023-07-10,AFETR,2026-02-25,89.12,42.97,246,215,,,EA,IMP
STARLINK-30234,2023-096H,57297,PAY,D,US,2023-07-10,AFETR,2025-11-09,88.75,42.97,220,206,,,EA,IMP
STARLINK-30241,2023-096J,57298,PAY,D,US,2023-07-10,AFETR,2026-02-15,88.68,42.96,223,195,,,EA,IMP
STARLINK-30199,2023-096K,57299,PAY,D,US,2023-07-10,AFETR,2025-08-11,88.39,42.97,198,191,,,EA,IMP
STARLINK-30236,2023-096L,57300,PAY,+,US,2023-07-10,AFETR,,93.29,43.00,437,434,,,EA,ORB
STARLINK-30201,2023-096M,57301,PAY,+,US,2023-07-10,AFETR,,94.27,43.00,484,482,,,EA,ORB
STARLINK-30233,2023-096N,57302,PAY,+,US,2023-07-10,AFETR,,93.64,43.00,454,451,,,EA,ORB
STARLINK-30232,2023-096P,57303,PAY,D,US,2023-07-10,AFETR,2026-03-07,88.25,42.96,195,180,,,EA,IMP
STARLINK-30211,2023-096Q,57304,PAY,D,US,2023-07-10,AFETR,2025-06-29,88.46,42.98,217,180,,,EA,IMP
STARLINK-30177,2023-096R,57305,PAY,D,US,2023-07-10,AFETR,2026-02-20,88.95,42.97,238,207,,,EA,IMP
STARLINK-30200,2023-096S,57306,PAY,D,US,2023-07-10,AFETR,2026-02-24,88.82,42.96,228,204,,,EA,IMP
STARLINK-30209,2023-096T,57307,PAY,D,US,2023-07-10,AFETR,2026-03-02,88.57,42.96,219,189,,,EA,IMP
STARLINK-30194,2023-096U,57308,PAY,D,US,2023-07-10,AFETR,2025-09-01,89.03,42.97,242,211,,,EA,IMP
STARLINK-30163,2023-096V,57309,PAY,D,US,2023-07-10,AFETR,2025-12-20,88.32,42.97,198,185,,,EA,IMP
STARLINK-30184,2023-096W,57310,PAY,+,US,2023-07-10,AFETR,,94.27,43.00,484,482,,,EA,ORB
STARLINK-30175,2023-096X,57311,PAY,D,US,2023-07-10,AFETR,2026-02-24,88.61,42.96,216,196,,,EA,IMP
YZ-1S R/B,2023-095C,57318,R/B,D,PRC,2023-07-09,JSC,2023-07-22,87.04,86.36,175,80,,,EA,IMP
ZHUQUE-2 R/B,2023-097A,57319,R/B,D,PRC,2023-07-12,JSC,2024-11-29,87.11,97.18,137,126,,,EA,IMP
CHANDRAYAAN-3,2023-098A,57320,PAY,D,IND,2023-07-14,SRILR,2023-08-23,3074.21,21.34,127067,247,,,MO,LAN
GSLV R/B,2023-098B,57321,R/B,D,IND,2023-07-14,SRILR,2023-11-15,92.46,21.02,701,89,,,EA,IMP
OBJECT AW,2023-091AW,57322,UNK,D,CIS,2023-06-27,VOSTO,2025-08-04,88.30,97.51,200,180,,,EA,IMP
OBJECT AX,2023-091AX,57323,UNK,D,CIS,2023-06-27,VOSTO,2026-05-13,87.48,97.48,159,141,,,EA,IMP
OBJECT AY,2023-091AY,57324,UNK,D,CIS,2023-06-27,VOSTO,2025-08-06,88.49,97.53,210,190,,,EA,IMP
OBJECT AZ,2023-091AZ,57325,UNK,D,CIS,2023-06-27,VOSTO,2024-12-15,88.44,97.55,203,192,,,EA,IMP
OBJECT BA,2023-091BA,57326,UNK,D,CIS,2023-06-27,VOSTO,2026-06-07,88.08,97.48,189,170,,,EA,IMP
OBJECT BB,2023-091BB,57327,UNK,D,CIS,2023-06-27,VOSTO,2025-08-04,88.35,97.51,203,183,,,EA,IMP
STARLINK-6290,2023-099A,57328,PAY,+,US,2023-07-16,AFETR,,94.27,43.00,484,482,,,EA,ORB
STARLINK-6138,2023-099B,57329,PAY,+,US,2023-07-16,AFETR,,94.27,43.01,484,482,,,EA,ORB
STARLINK-6212,2023-099C,57330,PAY,+,US,2023-07-16,AFETR,,94.27,43.00,484,482,,,EA,ORB
STARLINK-6234,2023-099D,57331,PAY,+,US,2023-07-16,AFETR,,94.27,43.00,484,482,,,EA,ORB
STARLINK-5831,2023-099E,57332,PAY,+,US,2023-07-16,AFETR,,94.27,43.00,484,482,,,EA,ORB
STARLINK-5585,2023-099F,57333,PAY,+,US,2023-07-16,AFETR,,94.27,43.00,484,483,,,EA,ORB
STARLINK-5589,2023-099G,57334,PAY,+,US,2023-07-16,AFETR,,94.27,43.00,484,482,,,EA,ORB
STARLINK-6316,2023-099H,57335,PAY,+,US,2023-07-16,AFETR,,94.27,43.00,484,482,,,EA,ORB
STARLINK-6320,2023-099J,57336,PAY,+,US,2023-07-16,AFETR,,94.27,43.00,484,482,,,EA,ORB
STARLINK-6322,2023-099K,57337,PAY,+,US,2023-07-16,AFETR,,94.27,43.01,484,482,,,EA,ORB
STARLINK-6374,2023-099L,57338,PAY,+,US,2023-07-16,AFETR,,94.27,43.01,484,482,,,EA,ORB
STARLINK-6332,2023-099M,57339,PAY,+,US,2023-07-16,AFETR,,94.27,43.01,484,482,,,EA,ORB
STARLINK-6321,2023-099N,57340,PAY,+,US,2023-07-16,AFETR,,94.27,43.00,485,481,,,EA,ORB
STARLINK-6377,2023-099P,57341,PAY,+,US,2023-07-16,AFETR,,94.27,43.00,484,482,,,EA,ORB
STARLINK-6375,2023-099Q,57342,PAY,+,US,2023-07-16,AFETR,,94.27,43.01,484,482,,,EA,ORB
STARLINK-6379,2023-099R,57343,PAY,+,US,2023-07-16,AFETR,,94.27,43.00,484,482,,,EA,ORB
STARLINK-6380,2023-099S,57344,PAY,+,US,2023-07-16,AFETR,,94.27,43.00,485,481,,,EA,ORB
STARLINK-6373,2023-099T,57345,PAY,+,US,2023-07-16,AFETR,,94.27,43.00,484,482,,,EA,ORB
STARLINK-6359,2023-099U,57346,PAY,+,US,2023-07-16,AFETR,,94.27,43.00,484,482,,,EA,ORB
STARLINK-6378,2023-099V,57347,PAY,+,US,2023-07-16,AFETR,,94.27,43.00,484,482,,,EA,ORB
STARLINK-6372,2023-099W,57348,PAY,+,US,2023-07-16,AFETR,,94.27,43.01,484,482,,,EA,ORB
STARLINK-6376,2023-099X,57349,PAY,+,US,2023-07-16,AFETR,,94.27,43.00,484,482,,,EA,ORB
STARLINK-6362,2023-099Y,57350,PAY,+,US,2023-07-16,AFETR,,94.27,43.01,485,481,,,EA,ORB
STARLINK-6331,2023-099Z,57351,PAY,+,US,2023-07-16,AFETR,,94.27,43.00,484,482,,,EA,ORB
STARLINK-6297,2023-099AA,57352,PAY,+,US,2023-07-16,AFETR,,94.27,43.01,484,482,,,EA,ORB
STARLINK-6324,2023-099AB,57353,PAY,+,US,2023-07-16,AFETR,,94.27,43.00,484,482,,,EA,ORB
STARLINK-6293,2023-099AC,57354,PAY,+,US,2023-07-16,AFETR,,94.27,43.01,484,482,,,EA,ORB
STARLINK-6276,2023-099AD,57355,PAY,+,US,2023-07-16,AFETR,,94.27,43.00,484,482,,,EA,ORB
STARLINK-6355,2023-099AE,57356,PAY,+,US,2023-07-16,AFETR,,94.27,43.00,484,482,,,EA,ORB
STARLINK-5600,2023-099AF,57357,PAY,+,US,2023-07-16,AFETR,,94.27,43.01,484,482,,,EA,ORB
STARLINK-6299,2023-099AG,57358,PAY,+,US,2023-07-16,AFETR,,94.27,43.00,484,482,,,EA,ORB
STARLINK-6347,2023-099AH,57359,PAY,+,US,2023-07-16,AFETR,,94.27,43.01,485,482,,,EA,ORB
STARLINK-6348,2023-099AJ,57360,PAY,+,US,2023-07-16,AFETR,,94.27,43.00,484,483,,,EA,ORB
STARLINK-6340,2023-099AK,57361,PAY,+,US,2023-07-16,AFETR,,94.27,43.00,484,482,,,EA,ORB
STARLINK-6343,2023-099AL,57362,PAY,+,US,2023-07-16,AFETR,,94.27,43.00,485,481,,,EA,ORB
STARLINK-6356,2023-099AM,57363,PAY,+,US,2023-07-16,AFETR,,94.27,43.00,484,482,,,EA,ORB
STARLINK-6338,2023-099AN,57364,PAY,+,US,2023-07-16,AFETR,,94.27,43.00,484,482,,,EA,ORB
STARLINK-5007,2023-099AP,57365,PAY,+,US,2023-07-16,AFETR,,94.27,43.01,484,482,,,EA,ORB
STARLINK-6174,2023-099AQ,57366,PAY,+,US,2023-07-16,AFETR,,94.27,43.00,484,482,,,EA,ORB
STARLINK-6215,2023-099AR,57367,PAY,+,US,2023-07-16,AFETR,,94.27,43.00,484,482,,,EA,ORB
STARLINK-6218,2023-099AS,57368,PAY,+,US,2023-07-16,AFETR,,94.27,43.01,484,482,,,EA,ORB
STARLINK-6168,2023-099AT,57369,PAY,+,US,2023-07-16,AFETR,,93.98,43.00,474,465,,,EA,ORB
STARLINK-5353,2023-099AU,57370,PAY,+,US,2023-07-16,AFETR,,94.27,43.00,484,482,,,EA,ORB
STARLINK-6032,2023-099AV,57371,PAY,+,US,2023-07-16,AFETR,,94.27,43.01,484,482,,,EA,ORB
STARLINK-5975,2023-099AW,57372,PAY,+,US,2023-07-16,AFETR,,94.27,43.00,484,482,,,EA,ORB
STARLINK-6370,2023-099AX,57373,PAY,+,US,2023-07-16,AFETR,,94.27,43.00,484,482,,,EA,ORB
STARLINK-6369,2023-099AY,57374,PAY,+,US,2023-07-16,AFETR,,94.27,43.01,484,482,,,EA,ORB
STARLINK-6363,2023-099AZ,57375,PAY,+,US,2023-07-16,AFETR,,94.27,43.00,484,482,,,EA,ORB
STARLINK-6367,2023-099BA,57376,PAY,+,US,2023-07-16,AFETR,,94.27,43.01,485,481,,,EA,ORB
STARLINK-6358,2023-099BB,57377,PAY,+,US,2023-07-16,AFETR,,94.27,43.01,484,482,,,EA,ORB
STARLINK-6364,2023-099BC,57378,PAY,+,US,2023-07-16,AFETR,,94.27,43.00,484,482,,,EA,ORB
STARLINK-6361,2023-099BD,57379,PAY,+,US,2023-07-16,AFETR,,94.27,43.01,484,482,,,EA,ORB
STARLINK-6366,2023-099BE,57380,PAY,+,US,2023-07-16,AFETR,,94.27,43.00,484,482,,,EA,ORB
STARLINK-6371,2023-099BF,57381,PAY,+,US,2023-07-16,AFETR,,94.27,43.01,484,482,,,EA,ORB
FALCON 9 DEB,2023-099BG,57382,DEB,D,US,2023-07-16,AFETR,2023-08-27,87.63,43.01,160,155,,,EA,IMP
FALCON 9 DEB,2023-099BH,57383,DEB,D,US,2023-07-16,AFETR,2023-08-25,88.09,42.99,183,177,,,EA,IMP
FALCON 9 DEB,2023-099BJ,57384,DEB,D,US,2023-07-16,AFETR,2023-08-23,87.67,42.99,161,157,,,EA,IMP
FALCON 9 DEB,2023-099BK,57385,DEB,D,US,2023-07-16,AFETR,2023-08-24,87.98,42.99,177,172,,,EA,IMP
STARLING 4,2023-100A,57386,PAY,+,US,2023-07-18,RLLB,,95.56,99.51,549,542,,,EA,ORB
STARLING 2,2023-100B,57387,PAY,+,US,2023-07-18,RLLB,,95.56,99.51,548,543,,,EA,ORB
STARLING 1,2023-100C,57388,PAY,+,US,2023-07-18,RLLB,,95.56,99.51,550,541,,,EA,ORB
STARLING 3,2023-100D,57389,PAY,+,US,2023-07-18,RLLB,,95.17,99.50,530,524,,,EA,ORB
LEMUR-2-MANO,2023-100E,57390,PAY,D,US,2023-07-18,RLLB,2026-05-25,87.48,99.44,164,135,,,EA,IMP
LEMUR-2-DEVERILL-M-T,2023-100F,57391,PAY,+,US,2023-07-18,RLLB,,93.34,99.44,443,433,,,EA,ORB
LEO 3,2023-100G,57392,PAY,P,CA,2023-07-18,RLLB,,105.23,99.57,1019,992,,,EA,ORB
ELECTRON KICK STAGE R/B,2023-100H,57393,R/B,,US,2023-07-18,RLLB,,97.95,99.32,873,448,,,EA,ORB
ELECTRON R/B,2023-100J,57394,R/B,D,US,2023-07-18,RLLB,2023-08-03,87.62,99.43,174,139,,,EA,IMP
TIANMU-1 07,2023-101A,57399,PAY,+,PRC,2023-07-20,JSC,,94.09,97.25,475,474,,,EA,ORB
TIANMU-1 08,2023-101B,57400,PAY,+,PRC,2023-07-20,JSC,,94.09,97.25,476,473,,,EA,ORB
TIANMU-1 09,2023-101C,57401,PAY,+,PRC,2023-07-20,JSC,,94.09,97.25,475,474,,,EA,ORB
TIANMU-1 10,2023-101D,57402,PAY,+,PRC,2023-07-20,JSC,,94.09,97.26,476,472,,,EA,ORB
KZ-1A R/B,2023-101E,57403,R/B,D,PRC,2023-07-24,JSC,2023-07-24,86.78,97.40,138,92,,,EA,IMP
STARLINK-30240,2023-102A,57404,PAY,+,US,2023-07-20,AFWTR,,94.27,43.00,484,482,,,EA,ORB
STARLINK-30192,2023-102B,57405,PAY,D,US,2023-07-20,AFWTR,2026-01-27,89.34,42.99,249,236,,,EA,IMP
STARLINK-30195,2023-102C,57406,PAY,D,US,2023-07-20,AFWTR,2026-08-14,88.61,42.99,214,198,,,EA,IMP
STARLINK-30207,2023-102D,57407,PAY,+,US,2023-07-20,AFWTR,,94.27,43.00,484,482,,,EA,ORB
STARLINK-30205,2023-102E,57408,PAY,+,US,2023-07-20,AFWTR,,94.12,43.00,479,473,,,EA,ORB
STARLINK-30222,2023-102F,57409,PAY,+,US,2023-07-20,AFWTR,,94.27,43.00,484,482,,,EA,ORB
STARLINK-30172,2023-102G,57410,PAY,+,US,2023-07-20,AFWTR,,93.91,43.00,467,465,,,EA,ORB
STARLINK-30214,2023-102H,57411,PAY,+,US,2023-07-20,AFWTR,,94.32,43.00,487,485,,,EA,ORB
STARLINK-30182,2023-102J,57412,PAY,+,US,2023-07-20,AFWTR,,93.35,43.00,439,437,,,EA,ORB
STARLINK-30191,2023-102K,57413,PAY,+,US,2023-07-20,AFWTR,,94.05,43.00,473,472,,,EA,ORB
STARLINK-30193,2023-102L,57414,PAY,P,US,2023-07-20,AFWTR,,92.14,43.00,384,375,,,EA,ORB
STARLINK-30208,2023-102M,57415,PAY,+,US,2023-07-20,AFWTR,,94.27,43.00,484,482,,,EA,ORB
STARLINK-30224,2023-102N,57416,PAY,+,US,2023-07-20,AFWTR,,93.47,43.00,446,443,,,EA,ORB
STARLINK-30043,2023-102P,57417,PAY,+,US,2023-07-20,AFWTR,,94.27,43.00,484,482,,,EA,ORB
STARLINK-30221,2023-102Q,57418,PAY,+,US,2023-07-20,AFWTR,,93.53,43.00,448,446,,,EA,ORB
XINGSHIDAI 16,2023-103A,57421,PAY,D,PRC,2023-07-22,JSC,2024-08-01,89.37,96.56,252,235,,,EA,IMP
QIANKUN-1,2023-103B,57422,PAY,+,PRC,2023-07-22,JSC,,89.67,96.13,284,232,,,EA,ORB
CERES-1 R/B,2023-103C,57423,R/B,D,PRC,2023-07-22,JSC,2024-11-06,87.43,96.54,151,144,,,EA,IMP
OBJECT A,2023-104A,57424,PAY,+,PRC,2023-07-23,TAISC,,93.74,97.27,461,454,,,EA,ORB
OBJECT B,2023-104B,57425,PAY,D,PRC,2023-07-23,TAISC,2026-03-28,87.61,97.26,166,146,,,EA,IMP
OBJECT C,2023-104C,57426,PAY,+,PRC,2023-07-23,TAISC,,94.34,97.26,500,473,,,EA,ORB
OBJECT D,2023-104D,57427,PAY,D,PRC,2023-07-23,TAISC,2024-10-02,87.51,97.31,158,144,,,EA,IMP
OBJECT E,2023-104E,57428,UNK,D,PRC,2023-07-23,TAISC,2024-04-30,87.62,97.33,166,147,,,EA,IMP
OBJECT F,2023-104F,57429,UNK,,PRC,2023-07-23,TAISC,,92.49,97.25,408,385,,,EA,ORB
STARLINK-30189,2023-105A,57430,PAY,D,US,2023-07-24,AFETR,2026-04-29,89.22,42.99,241,231,,,EA,IMP
STARLINK-30170,2023-105B,57431,PAY,D,US,2023-07-24,AFETR,2025-06-07,88.64,42.97,218,197,,,EA,IMP
STARLINK-30188,2023-105C,57432,PAY,D,US,2023-07-24,AFETR,2026-08-17,88.40,42.99,201,190,,,EA,IMP
STARLINK-30105,2023-105D,57433,PAY,+,US,2023-07-24,AFETR,,94.27,43.00,484,482,,,EA,ORB
STARLINK-30102,2023-105E,57434,PAY,+,US,2023-07-24,AFETR,,94.27,43.01,484,482,,,EA,ORB
STARLINK-30180,2023-105F,57435,PAY,D,US,2023-07-24,AFETR,2025-06-16,88.88,42.97,226,212,,,EA,IMP
STARLINK-30183,2023-105G,57436,PAY,D,US,2023-07-24,AFETR,2026-01-30,88.67,42.96,218,199,,,EA,IMP
STARLINK-30237,2023-105H,57437,PAY,D,US,2023-07-24,AFETR,2026-05-15,88.15,42.97,186,180,,,EA,IMP
STARLINK-30158,2023-105J,57438,PAY,+,US,2023-07-24,AFETR,,94.27,43.01,484,482,,,EA,ORB
STARLINK-30173,2023-105K,57439,PAY,D,US,2023-07-24,AFETR,2025-06-10,88.23,42.96,192,182,,,EA,IMP
STARLINK-30159,2023-105L,57440,PAY,D,US,2023-07-24,AFETR,2026-01-13,89.13,42.99,234,230,,,EA,IMP
STARLINK-30160,2023-105M,57441,PAY,+,US,2023-07-24,AFETR,,94.27,43.00,484,483,,,EA,ORB
STARLINK-30146,2023-105N,57442,PAY,+,US,2023-07-24,AFETR,,94.27,43.01,484,482,,,EA,ORB
STARLINK-30197,2023-105P,57443,PAY,+,US,2023-07-24,AFETR,,94.27,43.01,484,482,,,EA,ORB
STARLINK-30181,2023-105Q,57444,PAY,+,US,2023-07-24,AFETR,,94.27,43.00,484,482,,,EA,ORB
STARLINK-30215,2023-105R,57445,PAY,+,US,2023-07-24,AFETR,,94.27,43.00,484,482,,,EA,ORB
STARLINK-30162,2023-105S,57446,PAY,+,US,2023-07-24,AFETR,,94.27,43.00,484,482,,,EA,ORB
STARLINK-30178,2023-105T,57447,PAY,+,US,2023-07-24,AFETR,,94.27,43.01,484,482,,,EA,ORB
STARLINK-30196,2023-105U,57448,PAY,+,US,2023-07-24,AFETR,,94.27,43.01,484,482,,,EA,ORB
STARLINK-30225,2023-105V,57449,PAY,+,US,2023-07-24,AFETR,,94.27,43.00,484,482,,,EA,ORB
STARLINK-30217,2023-105W,57450,PAY,+,US,2023-07-24,AFETR,,94.27,43.00,484,482,,,EA,ORB
STARLINK-30216,2023-105X,57451,PAY,+,US,2023-07-24,AFETR,,94.27,43.00,484,482,,,EA,ORB
YAOGAN-36 05A,2023-106A,57452,PAY,+,PRC,2023-07-26,XICLF,,94.55,35.01,498,495,,,EA,ORB
CZ-2D DEB,2023-106B,57453,DEB,D,PRC,2023-07-26,XICLF,2024-05-12,88.55,34.98,206,200,,,EA,IMP
YAOGAN-36 05B,2023-106C,57454,PAY,+,PRC,2023-07-26,XICLF,,94.92,35.00,530,499,,,EA,ORB
CZ-2D R/B,2023-106D,57455,R/B,D,PRC,2023-07-26,XICLF,2024-04-28,88.48,34.97,205,193,,,EA,IMP
YAOGAN-36 05C,2023-106E,57456,PAY,+,PRC,2023-07-26,XICLF,,94.91,34.99,516,513,,,EA,ORB
STARLINK-30165,2023-107A,57457,PAY,+,US,2023-07-28,AFETR,,94.27,43.00,484,482,,,EA,ORB
STARLINK-30140,2023-107B,57458,PAY,+,US,2023-07-28,AFETR,,94.27,43.01,484,482,,,EA,ORB
STARLINK-30185,2023-107C,57459,PAY,D,US,2023-07-28,AFETR,2026-02-13,88.68,42.99,211,207,,,EA,IMP
STARLINK-30077,2023-107D,57460,PAY,+,US,2023-07-28,AFETR,,94.27,43.00,484,482,,,EA,ORB
STARLINK-30229,2023-107E,57461,PAY,+,US,2023-07-28,AFETR,,94.27,43.00,483,483,,,EA,ORB
STARLINK-30088,2023-107F,57462,PAY,+,US,2023-07-28,AFETR,,94.27,43.00,484,483,,,EA,ORB
STARLINK-30091,2023-107G,57463,PAY,D,US,2023-07-28,AFETR,2026-06-20,89.44,43.00,250,244,,,EA,IMP
STARLINK-30115,2023-107H,57464,PAY,D,US,2023-07-28,AFETR,2025-05-29,88.93,42.97,235,208,,,EA,IMP
STARLINK-30116,2023-107J,57465,PAY,+,US,2023-07-28,AFETR,,94.27,43.00,484,482,,,EA,ORB
STARLINK-30156,2023-107K,57466,PAY,D,US,2023-07-28,AFETR,2023-10-17,88.31,42.99,198,184,,,EA,IMP
STARLINK-30092,2023-107L,57467,PAY,+,US,2023-07-28,AFETR,,94.27,43.00,484,482,,,EA,ORB
STARLINK-30039,2023-107M,57468,PAY,+,US,2023-07-28,AFETR,,94.26,43.00,484,482,,,EA,ORB
STARLINK-30171,2023-107N,57469,PAY,+,US,2023-07-28,AFETR,,94.27,43.01,484,482,,,EA,ORB
STARLINK-30186,2023-107P,57470,PAY,P,US,2023-07-28,AFETR,,92.01,43.00,375,371,,,EA,ORB
STARLINK-30190,2023-107Q,57471,PAY,D,US,2023-07-28,AFETR,2025-12-11,89.15,42.96,244,220,,,EA,IMP
STARLINK-30204,2023-107R,57472,PAY,+,US,2023-07-28,AFETR,,94.27,43.00,484,482,,,EA,ORB
STARLINK-30187,2023-107S,57473,PAY,D,US,2023-07-28,AFETR,2026-04-08,89.10,42.98,238,222,,,EA,IMP
STARLINK-30110,2023-107T,57474,PAY,D,US,2023-07-28,AFETR,2026-02-05,88.20,42.97,196,175,,,EA,IMP
STARLINK-30155,2023-107U,57475,PAY,+,US,2023-07-28,AFETR,,94.27,43.01,486,480,,,EA,ORB
STARLINK-30161,2023-107V,57476,PAY,+,US,2023-07-28,AFETR,,94.27,43.01,484,482,,,EA,ORB
STARLINK-30176,2023-107W,57477,PAY,+,US,2023-07-28,AFETR,,94.27,43.00,484,482,,,EA,ORB
STARLINK-30167,2023-107X,57478,PAY,D,US,2023-07-28,AFETR,2023-09-07,87.84,42.95,173,163,,,EA,IMP
JUPITER 3 (ECHOSTAR 24),2023-108A,57479,PAY,+,US,2023-07-29,AFETR,,1436.10,0.01,35791,35782,,,EA,ORB
FALCON HEAVY R/B,2023-108B,57480,R/B,,US,2023-07-29,AFETR,,781.11,11.47,35567,7867,,,EA,ORB
DS-SAR,2023-109A,57481,PAY,+,SING,2023-07-30,SRILR,,95.10,4.99,540,507,,,EA,ORB
VELOX-AM,2023-109B,57482,PAY,+,SING,2023-07-30,SRILR,,95.03,5.00,528,512,,,EA,ORB
ORB-12 STRIDER,2023-109C,57483,PAY,+,UK,2023-07-30,SRILR,,95.05,5.00,530,511,,,EA,ORB
SCOOBII,2023-109D,57484,PAY,+,SING,2023-07-30,SRILR,,95.13,4.95,528,521,,,EA,ORB
ARCADE (INSPIRESAT 4),2023-109E,57485,PAY,+,SING,2023-07-30,SRILR,,95.07,5.00,529,515,,,EA,ORB
GALASSIA-2,2023-109F,57486,PAY,+,SING,2023-07-30,SRILR,,95.19,5.00,529,527,,,EA,ORB
NULION,2023-109G,57487,PAY,+,SING,2023-07-30,SRILR,,94.97,5.01,520,514,,,EA,ORB
CYGNUS NG-19,2023-110A,57488,PAY,D,US,2023-08-02,WLPIS,2024-01-09,92.54,51.65,401,397,,,EA,IMP
ANTARES R/B,2023-110B,57489,R/B,D,US,2023-08-02,WLPIS,2023-08-05,86.61,51.60,109,103,,,EA,IMP
FENGYUN 3F,2023-111A,57490,PAY,+,PRC,2023-08-03,JSC,,101.41,98.68,826,825,,,EA,ORB
CZ-4C R/B,2023-111B,57491,R/B,,PRC,2023-08-03,JSC,,98.81,98.83,798,606,,,EA,ORB
GALAXY 37 (G-37),2023-112A,57493,PAY,+,ITSO,2023-08-03,AFETR,,1436.09,0.01,35795,35778,,,EA,ORB
FALCON 9 R/B,2023-112B,57494,R/B,D,US,2023-08-03,AFETR,2023-09-22,161.54,24.28,6800,94,,,EA,IMP
STARLINK-30154,2023-113A,57495,PAY,+,US,2023-08-07,AFETR,,94.27,43.00,483,483,,,EA,ORB
STARLINK-30145,2023-113B,57496,PAY,+,US,2023-08-07,AFETR,,94.27,43.00,484,482,,,EA,ORB
STARLINK-30226,2023-113C,57497,PAY,+,US,2023-08-07,AFETR,,94.27,43.00,484,482,,,EA,ORB
STARLINK-30203,2023-113D,57498,PAY,+,US,2023-08-07,AFETR,,94.27,43.00,484,482,,,EA,ORB
STARLINK-30169,2023-113E,57499,PAY,+,US,2023-08-07,AFETR,,94.27,43.00,484,482,,,EA,ORB
STARLINK-30164,2023-113F,57500,PAY,+,US,2023-08-07,AFETR,,94.27,43.01,484,482,,,EA,ORB
STARLINK-30072,2023-113G,57501,PAY,+,US,2023-08-07,AFETR,,94.27,43.00,484,483,,,EA,ORB
STARLINK-30228,2023-113H,57502,PAY,D,US,2023-08-07,AFETR,2026-01-29,89.45,42.97,262,233,,,EA,IMP
STARLINK-30230,2023-113J,57503,PAY,+,US,2023-08-07,AFETR,,94.27,43.00,484,482,,,EA,ORB
STARLINK-30213,2023-113K,57504,PAY,+,US,2023-08-07,AFETR,,94.27,43.00,484,482,,,EA,ORB
STARLINK-30227,2023-113L,57505,PAY,+,US,2023-08-07,AFETR,,94.10,42.99,485,465,,,EA,ORB
STARLINK-30212,2023-113M,57506,PAY,+,US,2023-08-07,AFETR,,94.27,43.00,484,482,,,EA,ORB
STARLINK-30219,2023-113N,57507,PAY,P,US,2023-08-07,AFETR,,94.19,43.00,480,479,,,EA,ORB
STARLINK-30074,2023-113P,57508,PAY,+,US,2023-08-07,AFETR,,94.27,43.00,484,482,,,EA,ORB
STARLINK-30082,2023-113Q,57509,PAY,+,US,2023-08-07,AFETR,,94.27,43.00,484,482,,,EA,ORB
STARLINK-30153,2023-113R,57510,PAY,+,US,2023-08-07,AFETR,,94.27,43.00,484,482,,,EA,ORB
STARLINK-30147,2023-113S,57511,PAY,+,US,2023-08-07,AFETR,,94.27,43.00,484,482,,,EA,ORB
STARLINK-30157,2023-113T,57512,PAY,+,US,2023-08-07,AFETR,,94.27,43.01,484,482,,,EA,ORB
STARLINK-30168,2023-113U,57513,PAY,+,US,2023-08-07,AFETR,,94.27,43.00,484,482,,,EA,ORB
STARLINK-30231,2023-113V,57514,PAY,+,US,2023-08-07,AFETR,,94.27,43.00,483,483,,,EA,ORB
STARLINK-30081,2023-113W,57515,PAY,+,US,2023-08-07,AFETR,,94.27,43.00,484,483,,,EA,ORB
STARLINK-30149,2023-113X,57516,PAY,+,US,2023-08-07,AFETR,,94.27,43.00,484,482,,,EA,ORB
COSMOS 2569 [GLONASS-K2],2023-114A,57517,PAY,S,CIS,2023-08-07,PLMSC,,675.73,65.34,19152,19107,,,EA,ORB
FREGAT R/B,2023-114B,57518,R/B,,CIS,2023-08-07,PLMSC,,673.05,65.34,19126,18999,,,EA,ORB
HJ-2F,2023-116A,57519,PAY,+,PRC,2023-08-08,TAISC,,94.54,97.39,503,490,,,EA,ORB
CZ-2C DEB,2023-116B,57520,DEB,D,PRC,2023-08-08,TAISC,2023-11-03,93.00,97.38,440,404,,,EA,IMP
STARLINK-30259,2023-115A,57521,PAY,+,US,2023-08-08,AFWTR,,94.27,43.00,484,482,,,EA,ORB
STARLINK-30256,2023-115B,57522,PAY,+,US,2023-08-08,AFWTR,,94.27,43.00,485,481,,,EA,ORB
STARLINK-30261,2023-115C,57523,PAY,+,US,2023-08-08,AFWTR,,94.27,43.00,484,482,,,EA,ORB
STARLINK-30260,2023-115D,57524,PAY,+,US,2023-08-08,AFWTR,,94.27,43.00,484,483,,,EA,ORB
STARLINK-30253,2023-115E,57525,PAY,+,US,2023-08-08,AFWTR,,94.27,43.00,484,482,,,EA,ORB
STARLINK-30257,2023-115F,57526,PAY,+,US,2023-08-08,AFWTR,,94.26,43.00,484,482,,,EA,ORB
STARLINK-30250,2023-115G,57527,PAY,+,US,2023-08-08,AFWTR,,94.27,43.00,484,482,,,EA,ORB
STARLINK-30269,2023-115H,57528,PAY,+,US,2023-08-08,AFWTR,,94.27,43.00,484,482,,,EA,ORB
STARLINK-30266,2023-115J,57529,PAY,+,US,2023-08-08,AFWTR,,94.27,43.00,484,482,,,EA,ORB
STARLINK-30270,2023-115K,57530,PAY,+,US,2023-08-08,AFWTR,,94.26,43.00,484,482,,,EA,ORB
STARLINK-30268,2023-115L,57531,PAY,+,US,2023-08-08,AFWTR,,94.27,43.00,485,481,,,EA,ORB
STARLINK-30251,2023-115M,57532,PAY,+,US,2023-08-08,AFWTR,,94.27,43.00,484,483,,,EA,ORB
STARLINK-30254,2023-115N,57533,PAY,+,US,2023-08-08,AFWTR,,94.27,43.00,484,482,,,EA,ORB
STARLINK-30264,2023-115P,57534,PAY,+,US,2023-08-08,AFWTR,,94.27,43.00,484,482,,,EA,ORB
STARLINK-30262,2023-115Q,57535,PAY,D,US,2023-08-08,AFWTR,2025-07-23,88.01,42.98,180,172,,,EA,IMP
CZ-2C R/B,2023-116C,57536,R/B,D,PRC,2023-08-08,TAISC,2024-12-24,86.75,97.07,120,107,,,EA,IMP
CZ-2C DEB,2023-116D,57571,DEB,D,PRC,2023-08-08,TAISC,2024-02-28,88.03,97.14,185,169,,,EA,IMP
CZ-2C DEB,2023-116E,57572,DEB,D,PRC,2023-08-08,TAISC,2024-01-29,88.38,97.57,200,189,,,EA,IMP
OBJECT A,2023-117A,57580,PAY,D,PRC,2023-08-10,JSC,2025-05-24,87.75,97.41,173,152,,,EA,IMP
OBJECT B,2023-117B,57581,PAY,D,PRC,2023-08-10,JSC,2025-05-18,87.57,97.42,163,145,,,EA,IMP
OBJECT C,2023-117C,57582,PAY,+,PRC,2023-08-10,JSC,,93.31,97.40,440,432,,,EA,ORB
OBJECT D,2023-117D,57583,PAY,D,PRC,2023-08-10,JSC,2025-05-29,87.71,97.40,171,151,,,EA,IMP
OBJECT E,2023-117E,57584,PAY,D,PRC,2023-08-10,JSC,2025-05-23,88.18,97.42,195,174,,,EA,IMP
OBJECT F,2023-117F,57585,PAY,+,PRC,2023-08-10,JSC,,93.05,97.42,427,421,,,EA,ORB
OBJECT G,2023-117G,57586,PAY,D,PRC,2023-08-10,JSC,2025-03-09,87.61,97.42,164,148,,,EA,IMP
LUNA 25,2023-118A,57600,PAY,D,CIS,2023-08-10,VOSTO,2023-08-19,,,,,,,MO,IMP
FREGAT R/B,2023-118B,57601,R/B,D,CIS,2023-08-10,VOSTO,2024-02-26,14313.09,41.46,373425,4371,,,EM,IMP
STARLINK-30166,2023-119A,57602,PAY,+,US,2023-08-11,AFETR,,94.27,43.00,484,482,,,EA,ORB
STARLINK-30223,2023-119B,57603,PAY,+,US,2023-08-11,AFETR,,95.16,43.00,533,521,,,EA,ORB
STARLINK-30218,2023-119C,57604,PAY,+,US,2023-08-11,AFETR,,94.27,43.00,484,482,,,EA,ORB
STARLINK-30138,2023-119D,57605,PAY,+,US,2023-08-11,AFETR,,94.27,43.00,484,482,,,EA,ORB
STARLINK-30255,2023-119E,57606,PAY,+,US,2023-08-11,AFETR,,94.27,43.00,484,483,,,EA,ORB
STARLINK-30252,2023-119F,57607,PAY,+,US,2023-08-11,AFETR,,94.27,43.00,484,482,,,EA,ORB
STARLINK-30258,2023-119G,57608,PAY,+,US,2023-08-11,AFETR,,94.27,43.00,484,482,,,EA,ORB
STARLINK-30174,2023-119H,57609,PAY,+,US,2023-08-11,AFETR,,94.27,43.00,484,482,,,EA,ORB
STARLINK-30248,2023-119J,57610,PAY,+,US,2023-08-11,AFETR,,94.27,43.00,484,482,,,EA,ORB
STARLINK-30052,2023-119K,57611,PAY,+,US,2023-08-11,AFETR,,94.26,43.00,484,482,,,EA,ORB
STARLINK-30245,2023-119L,57612,PAY,+,US,2023-08-11,AFETR,,94.27,43.00,484,482,,,EA,ORB
STARLINK-30041,2023-119M,57613,PAY,+,US,2023-08-11,AFETR,,94.27,43.00,483,483,,,EA,ORB
STARLINK-30244,2023-119N,57614,PAY,+,US,2023-08-11,AFETR,,94.27,43.00,484,482,,,EA,ORB
STARLINK-30246,2023-119P,57615,PAY,+,US,2023-08-11,AFETR,,94.09,43.00,476,473,,,EA,ORB
STARLINK-30075,2023-119Q,57616,PAY,+,US,2023-08-11,AFETR,,94.27,43.00,484,482,,,EA,ORB
STARLINK-30148,2023-119R,57617,PAY,+,US,2023-08-11,AFETR,,94.27,43.00,484,482,,,EA,ORB
STARLINK-30249,2023-119S,57618,PAY,+,US,2023-08-11,AFETR,,94.27,43.00,484,482,,,EA,ORB
STARLINK-30220,2023-119T,57619,PAY,D,US,2023-08-11,AFETR,2023-09-11,87.18,42.98,143,126,,,EA,IMP
STARLINK-30141,2023-119U,57620,PAY,+,US,2023-08-11,AFETR,,94.27,43.00,484,482,,,EA,ORB
STARLINK-30150,2023-119V,57621,PAY,+,US,2023-08-11,AFETR,,94.27,43.00,484,482,,,EA,ORB
STARLINK-30056,2023-119W,57622,PAY,+,US,2023-08-11,AFETR,,94.27,43.00,484,482,,,EA,ORB
STARLINK-30100,2023-119X,57623,PAY,+,US,2023-08-11,AFETR,,94.27,43.00,484,482,,,EA,ORB
LUDI TANCE-4 01A,2023-120A,57624,PAY,+,PRC,2023-08-12,XICLF,,1436.14,15.06,35800,35774,,,EA,ORB
CZ-3B R/B,2023-120B,57625,R/B,D,PRC,2023-08-12,XICLF,2023-10-30,94.49,28.42,897,92,,,EA,IMP
HEAD-3A,2023-121A,57626,PAY,+,PRC,2023-08-14,XICLF,,98.58,45.00,696,685,,,EA,ORB
HEAD-3B,2023-121B,57627,PAY,+,PRC,2023-08-14,XICLF,,98.52,45.01,693,683,,,EA,ORB
HEAD-3C,2023-121C,57628,PAY,+,PRC,2023-08-14,XICLF,,98.47,45.00,691,680,,,EA,ORB
HEAD-3D,2023-121D,57629,PAY,+,PRC,2023-08-14,XICLF,,98.43,45.01,690,677,,,EA,ORB
HEAD-3E,2023-121E,57630,PAY,+,PRC,2023-08-14,XICLF,,98.36,45.00,687,674,,,EA,ORB
KZ-1A R/B,2023-121F,57631,R/B,D,PRC,2023-08-14,XICLF,2023-08-15,91.01,45.00,541,107,,,EA,IMP
STARLINK-30309,2023-122A,57632,PAY,+,US,2023-08-17,AFETR,,94.27,43.00,484,482,,,EA,ORB
STARLINK-30306,2023-122B,57633,PAY,+,US,2023-08-17,AFETR,,94.27,43.00,484,482,,,EA,ORB
STARLINK-30323,2023-122C,57634,PAY,+,US,2023-08-17,AFETR,,94.27,43.00,484,482,,,EA,ORB
STARLINK-30329,2023-122D,57635,PAY,+,US,2023-08-17,AFETR,,94.27,43.00,484,482,,,EA,ORB
STARLINK-30330,2023-122E,57636,PAY,+,US,2023-08-17,AFETR,,94.27,43.00,484,482,,,EA,ORB
STARLINK-30311,2023-122F,57637,PAY,+,US,2023-08-17,AFETR,,94.27,43.00,484,482,,,EA,ORB
STARLINK-30328,2023-122G,57638,PAY,+,US,2023-08-17,AFETR,,94.27,43.00,484,482,,,EA,ORB
STARLINK-30326,2023-122H,57639,PAY,+,US,2023-08-17,AFETR,,94.27,43.00,484,482,,,EA,ORB
STARLINK-30324,2023-122J,57640,PAY,+,US,2023-08-17,AFETR,,94.27,43.00,484,482,,,EA,ORB
STARLINK-30312,2023-122K,57641,PAY,+,US,2023-08-17,AFETR,,94.27,43.00,484,482,,,EA,ORB
STARLINK-30263,2023-122L,57642,PAY,+,US,2023-08-17,AFETR,,94.27,43.00,484,482,,,EA,ORB
STARLINK-30280,2023-122M,57643,PAY,+,US,2023-08-17,AFETR,,94.27,43.00,484,482,,,EA,ORB
STARLINK-30247,2023-122N,57644,PAY,+,US,2023-08-17,AFETR,,94.27,43.00,484,482,,,EA,ORB
STARLINK-30277,2023-122P,57645,PAY,+,US,2023-08-17,AFETR,,94.27,43.00,484,482,,,EA,ORB
STARLINK-30265,2023-122Q,57646,PAY,+,US,2023-08-17,AFETR,,94.27,43.00,484,482,,,EA,ORB
STARLINK-30286,2023-122R,57647,PAY,+,US,2023-08-17,AFETR,,94.27,43.00,484,482,,,EA,ORB
STARLINK-30243,2023-122S,57648,PAY,+,US,2023-08-17,AFETR,,94.27,43.00,484,482,,,EA,ORB
STARLINK-30293,2023-122T,57649,PAY,D,US,2023-08-17,AFETR,2024-05-09,88.61,42.98,219,192,,,EA,IMP
STARLINK-30299,2023-122U,57650,PAY,+,US,2023-08-17,AFETR,,94.27,43.00,484,482,,,EA,ORB
STARLINK-30294,2023-122V,57651,PAY,+,US,2023-08-17,AFETR,,94.27,43.00,484,482,,,EA,ORB
STARLINK-30276,2023-122W,57652,PAY,+,US,2023-08-17,AFETR,,94.27,43.00,484,482,,,EA,ORB
STARLINK-30289,2023-122X,57653,PAY,+,US,2023-08-17,AFETR,,94.27,43.00,484,482,,,EA,ORB
GAOFEN-12 04,2023-123A,57654,PAY,+,PRC,2023-08-20,JSC,,97.31,97.91,630,629,,,EA,ORB
CZ-4C R/B,2023-123B,57655,R/B,,PRC,2023-08-20,JSC,,93.46,97.98,481,406,,,EA,ORB
STARLINK-30267,2023-124A,57663,PAY,+,US,2023-08-22,AFWTR,,93.85,53.16,464,462,,,EA,ORB
STARLINK-30302,2023-124B,57664,PAY,D,US,2023-08-22,AFWTR,2025-02-27,88.01,53.13,180,172,,,EA,IMP
STARLINK-30298,2023-124C,57665,PAY,+,US,2023-08-22,AFWTR,,93.85,53.16,464,462,,,EA,ORB
STARLINK-30301,2023-124D,57666,PAY,P,US,2023-08-22,AFWTR,,93.96,53.16,469,467,,,EA,ORB
STARLINK-30275,2023-124E,57667,PAY,+,US,2023-08-22,AFWTR,,93.85,53.16,464,462,,,EA,ORB
STARLINK-30278,2023-124F,57668,PAY,+,US,2023-08-22,AFWTR,,93.85,53.16,464,462,,,EA,ORB
STARLINK-30271,2023-124G,57669,PAY,+,US,2023-08-22,AFWTR,,94.01,53.16,472,470,,,EA,ORB
STARLINK-30322,2023-124H,57670,PAY,+,US,2023-08-22,AFWTR,,93.85,53.16,464,462,,,EA,ORB
STARLINK-30296,2023-124J,57671,PAY,+,US,2023-08-22,AFWTR,,93.85,53.16,463,462,,,EA,ORB
STARLINK-30274,2023-124K,57672,PAY,+,US,2023-08-22,AFWTR,,93.85,53.16,464,462,,,EA,ORB
STARLINK-30316,2023-124L,57673,PAY,+,US,2023-08-22,AFWTR,,93.85,53.16,464,462,,,EA,ORB
STARLINK-30314,2023-124M,57674,PAY,D,US,2023-08-22,AFWTR,2025-03-02,87.78,53.13,167,162,,,EA,IMP
STARLINK-30317,2023-124N,57675,PAY,D,US,2023-08-22,AFWTR,2025-11-27,89.38,53.13,245,243,,,EA,IMP
STARLINK-30313,2023-124P,57676,PAY,+,US,2023-08-22,AFWTR,,94.11,53.16,476,474,,,EA,ORB
STARLINK-30303,2023-124Q,57677,PAY,+,US,2023-08-22,AFWTR,,93.85,53.16,464,462,,,EA,ORB
STARLINK-30320,2023-124R,57678,PAY,+,US,2023-08-22,AFWTR,,93.85,53.16,464,462,,,EA,ORB
STARLINK-30321,2023-124S,57679,PAY,+,US,2023-08-22,AFWTR,,93.85,53.16,464,462,,,EA,ORB
STARLINK-30283,2023-124T,57680,PAY,+,US,2023-08-22,AFWTR,,93.62,53.16,452,451,,,EA,ORB
STARLINK-30273,2023-124U,57681,PAY,+,US,2023-08-22,AFWTR,,93.82,53.15,463,459,,,EA,ORB
STARLINK-30297,2023-124V,57682,PAY,+,US,2023-08-22,AFWTR,,94.10,53.16,476,474,,,EA,ORB
STARLINK-30295,2023-124W,57683,PAY,+,US,2023-08-22,AFWTR,,93.85,53.16,464,461,,,EA,ORB
PROGRESS-MS 24,2023-125A,57691,PAY,D,CIS,2023-08-23,TYMSC,2024-02-13,92.91,51.64,419,416,,,EA,IMP
SL-4 R/B,2023-125B,57692,R/B,D,CIS,2023-08-23,TYMSC,2023-08-25,87.83,51.65,174,160,,,EA,IMP
CAPELLA-11 (ACADIA-1),2023-126A,57693,PAY,+,US,2023-08-23,RLLB,,96.84,53.01,608,607,,,EA,ORB
ELECTRON KICK STAGE R/B,2023-126B,57694,R/B,,US,2023-08-23,RLLB,,96.98,53.01,620,609,,,EA,ORB
ELECTRON R/B,2023-126C,57695,R/B,D,US,2023-08-23,RLLB,2023-09-11,87.15,52.99,151,115,,,EA,IMP
JILIN-1 KUANFU 02A,2023-127A,57696,PAY,+,PRC,2023-08-25,JSC,,95.30,97.56,542,524,,,EA,ORB
CREW DRAGON 7,2023-128A,57697,PAY,D,US,2023-08-26,AFETR,2024-03-12,92.96,51.64,423,417,,,EA,LAN
STARLINK-30288,2023-129A,57698,PAY,+,US,2023-08-27,AFETR,,94.27,43.00,485,481,,,EA,ORB
STARLINK-30347,2023-129B,57699,PAY,+,US,2023-08-27,AFETR,,94.27,43.00,484,482,,,EA,ORB
STARLINK-30332,2023-129C,57700,PAY,+,US,2023-08-27,AFETR,,94.27,43.00,484,482,,,EA,ORB
STARLINK-30345,2023-129D,57701,PAY,+,US,2023-08-27,AFETR,,94.27,43.00,484,482,,,EA,ORB
STARLINK-30333,2023-129E,57702,PAY,+,US,2023-08-27,AFETR,,94.27,43.00,484,482,,,EA,ORB
STARLINK-30336,2023-129F,57703,PAY,+,US,2023-08-27,AFETR,,94.27,43.00,484,482,,,EA,ORB
STARLINK-30346,2023-129G,57704,PAY,+,US,2023-08-27,AFETR,,94.27,43.00,484,482,,,EA,ORB
STARLINK-30342,2023-129H,57705,PAY,-,US,2023-08-27,AFETR,,89.39,43.00,249,240,,,EA,ORB
STARLINK-30337,2023-129J,57706,PAY,D,US,2023-08-27,AFETR,2024-01-27,87.88,42.99,174,165,,,EA,IMP
STARLINK-30327,2023-129K,57707,PAY,P,US,2023-08-27,AFETR,,92.72,42.99,429,387,,,EA,ORB
STARLINK-30315,2023-129L,57708,PAY,+,US,2023-08-27,AFETR,,94.27,43.00,484,483,,,EA,ORB
STARLINK-30287,2023-129M,57709,PAY,+,US,2023-08-27,AFETR,,94.27,43.00,485,482,,,EA,ORB
STARLINK-30335,2023-129N,57710,PAY,+,US,2023-08-27,AFETR,,94.27,43.00,484,482,,,EA,ORB
STARLINK-30318,2023-129P,57711,PAY,+,US,2023-08-27,AFETR,,94.27,43.00,484,482,,,EA,ORB
STARLINK-30348,2023-129Q,57712,PAY,+,US,2023-08-27,AFETR,,94.27,43.00,484,482,,,EA,ORB
STARLINK-30349,2023-129R,57713,PAY,+,US,2023-08-27,AFETR,,94.26,43.00,484,481,,,EA,ORB
STARLINK-30341,2023-129S,57714,PAY,+,US,2023-08-27,AFETR,,94.27,43.00,484,482,,,EA,ORB
STARLINK-30300,2023-129T,57715,PAY,+,US,2023-08-27,AFETR,,94.27,43.00,484,483,,,EA,ORB
STARLINK-30281,2023-129U,57716,PAY,+,US,2023-08-27,AFETR,,94.27,43.00,484,482,,,EA,ORB
STARLINK-30325,2023-129V,57717,PAY,+,US,2023-08-27,AFETR,,94.27,43.01,484,482,,,EA,ORB
STARLINK-30338,2023-129W,57718,PAY,+,US,2023-08-27,AFETR,,94.27,43.01,485,481,,,EA,ORB
STARLINK-30334,2023-129X,57719,PAY,+,US,2023-08-27,AFETR,,94.27,43.00,484,482,,,EA,ORB
YAOGAN-39 01A,2023-130A,57727,PAY,+,PRC,2023-08-31,XICLF,,94.55,35.00,499,494,,,EA,ORB
YAOGAN-39 01B,2023-130B,57728,PAY,+,PRC,2023-08-31,XICLF,,94.94,34.99,523,509,,,EA,ORB
CZ-2D R/B,2023-130C,57729,R/B,D,PRC,2023-08-31,XICLF,2024-06-23,87.98,34.97,179,170,,,EA,IMP
CZ-2D DEB,2023-130D,57730,DEB,D,PRC,2023-08-31,XICLF,2024-05-30,88.07,34.97,186,172,,,EA,IMP
YAOGAN-39 01C,2023-130E,57731,PAY,+,PRC,2023-08-31,XICLF,,94.95,34.99,523,509,,,EA,ORB
STARLINK-30375,2023-131A,57732,PAY,+,US,2023-09-01,AFETR,,94.27,43.00,484,482,,,EA,ORB
STARLINK-30310,2023-131B,57733,PAY,+,US,2023-09-01,AFETR,,94.27,43.00,484,482,,,EA,ORB
STARLINK-30365,2023-131C,57734,PAY,+,US,2023-09-01,AFETR,,94.27,43.00,484,482,,,EA,ORB
STARLINK-30371,2023-131D,57735,PAY,+,US,2023-09-01,AFETR,,94.27,43.00,484,482,,,EA,ORB
STARLINK-30352,2023-131E,57736,PAY,+,US,2023-09-01,AFETR,,94.27,43.00,484,482,,,EA,ORB
STARLINK-30344,2023-131F,57737,PAY,+,US,2023-09-01,AFETR,,94.77,43.00,509,506,,,EA,ORB
STARLINK-30351,2023-131G,57738,PAY,+,US,2023-09-01,AFETR,,94.27,43.01,484,482,,,EA,ORB
STARLINK-30242,2023-131H,57739,PAY,+,US,2023-09-01,AFETR,,94.27,43.00,484,482,,,EA,ORB
STARLINK-30331,2023-131J,57740,PAY,+,US,2023-09-01,AFETR,,94.27,43.00,484,482,,,EA,ORB
STARLINK-30364,2023-131K,57741,PAY,+,US,2023-09-01,AFETR,,94.27,43.00,484,482,,,EA,ORB
STARLINK-30308,2023-131L,57742,PAY,+,US,2023-09-01,AFETR,,94.27,43.01,485,482,,,EA,ORB
STARLINK-30361,2023-131M,57743,PAY,+,US,2023-09-01,AFETR,,94.27,43.00,484,482,,,EA,ORB
STARLINK-30363,2023-131N,57744,PAY,+,US,2023-09-01,AFETR,,94.27,43.00,484,482,,,EA,ORB
STARLINK-30362,2023-131P,57745,PAY,+,US,2023-09-01,AFETR,,94.27,43.00,484,483,,,EA,ORB
STARLINK-30350,2023-131Q,57746,PAY,+,US,2023-09-01,AFETR,,94.27,43.00,484,482,,,EA,ORB
STARLINK-30307,2023-131R,57747,PAY,+,US,2023-09-01,AFETR,,94.27,43.00,484,482,,,EA,ORB
STARLINK-30356,2023-131S,57748,PAY,+,US,2023-09-01,AFETR,,94.27,43.00,484,482,,,EA,ORB
STARLINK-30366,2023-131T,57749,PAY,+,US,2023-09-01,AFETR,,94.26,43.00,484,482,,,EA,ORB
STARLINK-30357,2023-131U,57750,PAY,+,US,2023-09-01,AFETR,,94.27,43.00,484,482,,,EA,ORB
STARLINK-30370,2023-131V,57751,PAY,P,US,2023-09-01,AFETR,,93.85,43.00,466,460,,,EA,ORB
STARLINK-30368,2023-131W,57752,PAY,+,US,2023-09-01,AFETR,,94.27,43.00,484,482,,,EA,ORB
STARLINK-30343,2023-131X,57753,PAY,+,US,2023-09-01,AFETR,,94.27,43.00,484,482,,,EA,ORB
ADITYA-L1,2023-132A,57754,PAY,+,IND,2023-09-02,SRILR,,,,,,,,EL1,ORB
PSLV R/B,2023-132B,57755,R/B,,IND,2023-09-02,SRILR,,302.90,19.14,16893,231,,,EA,ORB
WILDFIRE 4,2023-133A,57756,PAY,+,US,2023-09-02,AFWTR,,103.87,81.00,949,934,,,EA,ORB
BB4,2023-133B,57757,PAY,+,US,2023-09-02,AFWTR,,97.91,81.00,666,652,,,EA,ORB
WILDFIRE 3,2023-133C,57758,PAY,+,US,2023-09-02,AFWTR,,103.87,81.00,948,935,,,EA,ORB
BB3,2023-133D,57760,PAY,+,US,2023-09-02,AFWTR,,97.10,81.00,636,604,,,EA,ORB
WILDFIRE 7,2023-133E,57761,PAY,+,US,2023-09-02,AFWTR,,103.96,81.00,949,942,,,EA,ORB
CHECKMATE 10,2023-133F,57762,PAY,+,US,2023-09-02,AFWTR,,103.94,81.00,949,940,,,EA,ORB
WILDFIRE 6,2023-133G,57763,PAY,+,US,2023-09-02,AFWTR,,103.93,80.99,949,940,,,EA,ORB
WILDFIRE 1,2023-133H,57764,PAY,+,US,2023-09-02,AFWTR,,103.92,81.00,948,939,,,EA,ORB
WILDFIRE 9,2023-133J,57765,PAY,+,US,2023-09-02,AFWTR,,103.94,81.01,949,940,,,EA,ORB
WILDFIRE 10,2023-133K,57766,PAY,+,US,2023-09-02,AFWTR,,103.92,81.00,949,939,,,EA,ORB
WILDFIRE 2,2023-133L,57767,PAY,+,US,2023-09-02,AFWTR,,103.93,81.00,948,941,,,EA,ORB
WILDFIRE 8,2023-133M,57768,PAY,+,US,2023-09-02,AFWTR,,103.94,81.00,949,940,,,EA,ORB
WILDFIRE 5,2023-133N,57769,PAY,+,US,2023-09-02,AFWTR,,103.93,81.00,949,939,,,EA,ORB
CHANDRAYAAN-3 PROPULSION MODULE,2023-098C,57770,PAY,+,IND,2023-07-14,SRILR,,17501.16,33.93,308388,125438,,,EA,ORB
STARLINK-30397,2023-134A,57771,PAY,+,US,2023-09-04,AFETR,,94.27,43.00,484,482,,,EA,ORB
STARLINK-30354,2023-134B,57772,PAY,+,US,2023-09-04,AFETR,,94.27,43.00,484,482,,,EA,ORB
STARLINK-30383,2023-134C,57773,PAY,+,US,2023-09-04,AFETR,,94.27,43.00,484,482,,,EA,ORB
STARLINK-30384,2023-134D,57774,PAY,+,US,2023-09-04,AFETR,,94.27,43.01,484,482,,,EA,ORB
STARLINK-30305,2023-134E,57775,PAY,+,US,2023-09-04,AFETR,,94.27,43.00,484,482,,,EA,ORB
STARLINK-30360,2023-134F,57776,PAY,+,US,2023-09-04,AFETR,,94.27,43.00,484,482,,,EA,ORB
STARLINK-30355,2023-134G,57777,PAY,+,US,2023-09-04,AFETR,,94.27,43.01,484,482,,,EA,ORB
STARLINK-30385,2023-134H,57778,PAY,+,US,2023-09-04,AFETR,,94.27,43.00,484,482,,,EA,ORB
STARLINK-30359,2023-134J,57779,PAY,+,US,2023-09-04,AFETR,,94.27,43.00,484,483,,,EA,ORB
STARLINK-30380,2023-134K,57780,PAY,+,US,2023-09-04,AFETR,,94.27,43.01,484,482,,,EA,ORB
STARLINK-30369,2023-134L,57781,PAY,+,US,2023-09-04,AFETR,,94.27,43.01,484,482,,,EA,ORB
STARLINK-30376,2023-134M,57782,PAY,+,US,2023-09-04,AFETR,,94.27,43.01,485,482,,,EA,ORB
STARLINK-30389,2023-134N,57783,PAY,+,US,2023-09-04,AFETR,,94.27,43.00,484,483,,,EA,ORB
STARLINK-30388,2023-134P,57784,PAY,+,US,2023-09-04,AFETR,,94.27,43.01,485,481,,,EA,ORB
STARLINK-30381,2023-134Q,57785,PAY,+,US,2023-09-04,AFETR,,94.27,43.01,484,482,,,EA,ORB
STARLINK-30382,2023-134R,57786,PAY,+,US,2023-09-04,AFETR,,94.27,43.00,484,482,,,EA,ORB
STARLINK-30378,2023-134S,57787,PAY,+,US,2023-09-04,AFETR,,94.27,43.00,484,482,,,EA,ORB
STARLINK-30387,2023-134T,57788,PAY,+,US,2023-09-04,AFETR,,94.27,43.01,484,482,,,EA,ORB
STARLINK-30372,2023-134U,57789,PAY,+,US,2023-09-04,AFETR,,94.27,43.00,484,482,,,EA,ORB
STARLINK-30373,2023-134V,57790,PAY,D,US,2023-09-04,AFETR,2025-09-23,88.79,42.97,228,201,,,EA,IMP
STARLINK-30367,2023-134W,57791,PAY,+,US,2023-09-04,AFETR,,94.27,43.00,484,482,,,EA,ORB
TIANQI-21,2023-135A,57792,PAY,+,PRC,2023-09-05,SEAL,,101.18,49.97,824,805,,,EA,ORB
TIANQI-22,2023-135B,57793,PAY,+,PRC,2023-09-05,SEAL,,101.18,49.97,823,805,,,EA,ORB
TIANQI-23,2023-135C,57794,PAY,+,PRC,2023-09-05,SEAL,,101.19,49.97,824,806,,,EA,ORB
TIANQI-24,2023-135D,57795,PAY,+,PRC,2023-09-05,SEAL,,101.18,49.97,824,805,,,EA,ORB
CERES-1 R/B,2023-135E,57796,R/B,D,PRC,2023-09-05,SEAL,2023-09-25,87.73,49.88,204,120,,,EA,IMP
YAOGAN-33 03,2023-136A,57797,PAY,+,PRC,2023-09-06,JSC,,98.71,98.19,703,692,,,EA,ORB
CZ-4C R/B,2023-136B,57798,R/B,,PRC,2023-09-06,JSC,,95.76,98.31,632,479,,,EA,ORB
CREW DRAGON 6 DEB [TRUNK],2023-027B,57799,DEB,D,US,2023-03-02,AFETR,2024-02-04,86.98,51.75,127,123,,,EA,IMP
XRISM,2023-137A,57800,PAY,+,JPN,2023-09-06,TANSC,,95.18,31.00,532,522,,,EA,ORB
H-2A DEB,2023-137B,57801,DEB,D,JPN,2023-09-06,TANSC,2023-09-29,93.08,31.04,457,393,,,EA,IMP
H-2A DEB,2023-137C,57802,DEB,D,JPN,2023-09-06,TANSC,2025-10-24,88.62,30.98,208,204,,,EA,IMP
SLIM,2023-137D,57803,PAY,D,JPN,2023-09-06,TANSC,2024-01-19,,,,,,,MO,LAN
H-2A R/B,2023-137E,57804,R/B,D,JPN,2023-09-06,TANSC,2025-01-03,1588.57,29.78,77284,157,,,EA,IMP
H-2A DEB,2023-137F,57805,DEB,D,JPN,2023-09-06,TANSC,2024-11-30,87.82,30.97,167,167,,,EA,IMP
H-2A DEB,2023-137G,57806,DEB,D,JPN,2023-09-06,TANSC,2024-05-10,90.43,31.02,307,284,,,EA,IMP
H-2A DEB,2023-137H,57807,DEB,D,JPN,2023-09-06,TANSC,2024-10-11,88.27,30.96,195,182,,,EA,IMP
STARLINK-30304,2023-138A,57808,PAY,D,US,2023-09-09,AFETR,2025-10-07,88.84,42.97,229,205,,,EA,IMP
STARLINK-30374,2023-138B,57809,PAY,+,US,2023-09-09,AFETR,,94.27,43.00,484,482,,,EA,ORB
STARLINK-30394,2023-138C,57810,PAY,+,US,2023-09-09,AFETR,,94.27,43.00,484,482,,,EA,ORB
STARLINK-30379,2023-138D,57811,PAY,+,US,2023-09-09,AFETR,,94.27,43.00,484,482,,,EA,ORB
STARLINK-30395,2023-138E,57812,PAY,+,US,2023-09-09,AFETR,,94.27,43.00,484,482,,,EA,ORB
STARLINK-30403,2023-138F,57813,PAY,+,US,2023-09-09,AFETR,,94.27,43.00,484,482,,,EA,ORB
STARLINK-30413,2023-138G,57814,PAY,+,US,2023-09-09,AFETR,,94.27,43.00,484,482,,,EA,ORB
STARLINK-30398,2023-138H,57815,PAY,+,US,2023-09-09,AFETR,,94.27,43.00,484,482,,,EA,ORB
STARLINK-30386,2023-138J,57816,PAY,+,US,2023-09-09,AFETR,,94.27,43.00,484,482,,,EA,ORB
STARLINK-30391,2023-138K,57817,PAY,+,US,2023-09-09,AFETR,,94.27,43.00,484,483,,,EA,ORB
STARLINK-30401,2023-138L,57818,PAY,+,US,2023-09-09,AFETR,,94.27,43.00,484,482,,,EA,ORB
STARLINK-30390,2023-138M,57819,PAY,+,US,2023-09-09,AFETR,,94.27,43.01,484,482,,,EA,ORB
STARLINK-30409,2023-138N,57820,PAY,+,US,2023-09-09,AFETR,,94.26,43.00,484,481,,,EA,ORB
STARLINK-30415,2023-138P,57821,PAY,+,US,2023-09-09,AFETR,,94.27,43.00,484,482,,,EA,ORB
STARLINK-30417,2023-138Q,57822,PAY,D,US,2023-09-09,AFETR,2024-08-19,92.82,42.99,435,390,,,EA,IMP
STARLINK-30407,2023-138R,57823,PAY,+,US,2023-09-09,AFETR,,94.27,43.00,484,482,,,EA,ORB
STARLINK-30408,2023-138S,57824,PAY,+,US,2023-09-09,AFETR,,94.27,43.01,484,482,,,EA,ORB
STARLINK-30377,2023-138T,57825,PAY,+,US,2023-09-09,AFETR,,94.27,43.01,484,482,,,EA,ORB
STARLINK-30422,2023-138U,57826,PAY,+,US,2023-09-09,AFETR,,94.27,43.00,484,482,,,EA,ORB
STARLINK-30402,2023-138V,57827,PAY,+,US,2023-09-09,AFETR,,94.27,43.00,484,482,,,EA,ORB
STARLINK-30411,2023-138W,57828,PAY,+,US,2023-09-09,AFETR,,94.27,43.00,484,482,,,EA,ORB
STARLINK-30418,2023-138X,57829,PAY,+,US,2023-09-09,AFETR,,94.27,43.00,484,482,,,EA,ORB
YAOGAN-40 01A,2023-139A,57830,PAY,+,PRC,2023-09-10,TAISC,,101.95,85.99,852,849,,,EA,ORB
CZ-6A R/B,2023-139B,57831,R/B,,PRC,2023-09-10,TAISC,,100.86,85.99,810,789,,,EA,ORB
YAOGAN-40 01B,2023-139C,57832,PAY,+,PRC,2023-09-10,TAISC,,101.95,85.99,852,849,,,EA,ORB
YAOGAN-40 01C,2023-139D,57833,PAY,+,PRC,2023-09-10,TAISC,,101.95,85.99,852,850,,,EA,ORB
CZ-6A DEB,2023-139E,57834,DEB,,PRC,2023-09-10,TAISC,,100.81,85.99,807,787,,,EA,ORB
CZ-6A R/B,2023-139F,57835,R/B,,PRC,2023-09-10,TAISC,,100.07,86.00,807,716,,,EA,ORB
USA 346,2023-140A,57836,PAY,+,US,2023-09-10,AFETR,,1436.05,12.41,35787,35785,,NEA,EA,ORB
USA 347,2023-140B,57837,PAY,+,US,2023-09-10,AFETR,,1436.07,12.05,35798,35773,,NEA,EA,ORB
USA 348,2023-140C,57838,PAY,+,US,2023-09-10,AFETR,,1436.10,12.05,35791,35782,,NEA,EA,ORB
ATLAS 5 CENTAUR R/B,2023-140D,57839,R/B,,US,2023-09-10,AFETR,,1461.02,13.56,36352,36194,,NEA,EA,ORB
STARLINK-30285,2023-141A,57840,PAY,+,US,2023-09-12,AFWTR,,94.01,53.16,472,470,,,EA,ORB
STARLINK-30410,2023-141B,57841,PAY,+,US,2023-09-12,AFWTR,,94.01,53.16,472,470,,,EA,ORB
STARLINK-30435,2023-141C,57842,PAY,+,US,2023-09-12,AFWTR,,94.01,53.16,471,470,,,EA,ORB
STARLINK-30423,2023-141D,57843,PAY,+,US,2023-09-12,AFWTR,,94.01,53.16,471,470,,,EA,ORB
STARLINK-30292,2023-141E,57844,PAY,+,US,2023-09-12,AFWTR,,93.85,53.16,464,462,,,EA,ORB
STARLINK-30419,2023-141F,57845,PAY,D,US,2023-09-12,AFWTR,2025-02-26,87.99,53.15,179,171,,,EA,IMP
STARLINK-30420,2023-141G,57846,PAY,D,US,2023-09-12,AFWTR,2024-12-31,88.10,53.12,184,176,,,EA,IMP
STARLINK-30416,2023-141H,57847,PAY,+,US,2023-09-12,AFWTR,,94.01,53.16,472,470,,,EA,ORB
STARLINK-30426,2023-141J,57848,PAY,+,US,2023-09-12,AFWTR,,93.85,53.16,464,462,,,EA,ORB
STARLINK-30430,2023-141K,57849,PAY,+,US,2023-09-12,AFWTR,,94.01,53.16,472,470,,,EA,ORB
STARLINK-30425,2023-141L,57850,PAY,+,US,2023-09-12,AFWTR,,93.85,53.16,464,462,,,EA,ORB
STARLINK-30405,2023-141M,57851,PAY,+,US,2023-09-12,AFWTR,,94.01,53.16,472,470,,,EA,ORB
STARLINK-30431,2023-141N,57852,PAY,+,US,2023-09-12,AFWTR,,93.85,53.16,464,462,,,EA,ORB
STARLINK-30404,2023-141P,57853,PAY,+,US,2023-09-12,AFWTR,,93.85,53.16,464,462,,,EA,ORB
STARLINK-30412,2023-141Q,57854,PAY,+,US,2023-09-12,AFWTR,,93.85,53.16,464,462,,,EA,ORB
STARLINK-30392,2023-141R,57855,PAY,+,US,2023-09-12,AFWTR,,93.85,53.16,464,462,,,EA,ORB
STARLINK-30291,2023-141S,57856,PAY,+,US,2023-09-12,AFWTR,,94.02,53.16,472,470,,,EA,ORB
STARLINK-30424,2023-141T,57857,PAY,+,US,2023-09-12,AFWTR,,94.01,53.16,472,470,,,EA,ORB
STARLINK-30290,2023-141U,57858,PAY,+,US,2023-09-12,AFWTR,,93.85,53.16,463,462,,,EA,ORB
STARLINK-30414,2023-141V,57859,PAY,+,US,2023-09-12,AFWTR,,93.85,53.16,463,462,,,EA,ORB
STARLINK-30272,2023-141W,57860,PAY,+,US,2023-09-12,AFWTR,,94.01,53.16,472,470,,,EA,ORB
VICTUS NOX,2023-142A,57861,PAY,D,US,2023-09-15,AFWTR,2025-01-28,87.47,97.26,155,144,,,EA,IMP
SOYUZ-MS 24,2023-143A,57862,PAY,D,CIS,2023-09-15,TYMSC,2024-04-06,92.86,51.64,417,412,,,AS,LAN
SL-4 R/B,2023-143B,57863,R/B,D,CIS,2023-09-15,TYMSC,2023-09-18,86.93,51.64,128,117,,,EA,IMP
STARLINK-30432,2023-144A,57864,PAY,+,US,2023-09-16,AFETR,,94.27,43.00,484,482,,,EA,ORB
STARLINK-30427,2023-144B,57865,PAY,+,US,2023-09-16,AFETR,,94.27,43.00,484,482,,,EA,ORB
STARLINK-30393,2023-144C,57866,PAY,+,US,2023-09-16,AFETR,,94.27,43.00,484,483,,,EA,ORB
STARLINK-30439,2023-144D,57867,PAY,+,US,2023-09-16,AFETR,,94.27,43.00,484,482,,,EA,ORB
STARLINK-30442,2023-144E,57868,PAY,+,US,2023-09-16,AFETR,,94.27,43.00,484,482,,,EA,ORB
STARLINK-30441,2023-144F,57869,PAY,+,US,2023-09-16,AFETR,,94.27,43.00,484,482,,,EA,ORB
STARLINK-30460,2023-144G,57870,PAY,+,US,2023-09-16,AFETR,,94.27,43.00,484,482,,,EA,ORB
STARLINK-30444,2023-144H,57871,PAY,+,US,2023-09-16,AFETR,,94.27,43.00,484,482,,,EA,ORB
STARLINK-30446,2023-144J,57872,PAY,+,US,2023-09-16,AFETR,,94.26,43.00,484,482,,,EA,ORB
STARLINK-30445,2023-144K,57873,PAY,+,US,2023-09-16,AFETR,,94.27,43.00,484,482,,,EA,ORB
STARLINK-30447,2023-144L,57874,PAY,+,US,2023-09-16,AFETR,,94.27,43.01,484,482,,,EA,ORB
STARLINK-30434,2023-144M,57875,PAY,+,US,2023-09-16,AFETR,,94.27,43.00,484,482,,,EA,ORB
STARLINK-30429,2023-144N,57876,PAY,+,US,2023-09-16,AFETR,,94.27,43.01,485,482,,,EA,ORB
STARLINK-30284,2023-144P,57877,PAY,+,US,2023-09-16,AFETR,,94.27,43.00,484,482,,,EA,ORB
STARLINK-30433,2023-144Q,57878,PAY,+,US,2023-09-16,AFETR,,94.27,43.00,484,482,,,EA,ORB
STARLINK-30358,2023-144R,57879,PAY,+,US,2023-09-16,AFETR,,94.27,43.00,484,482,,,EA,ORB
STARLINK-30436,2023-144S,57880,PAY,+,US,2023-09-16,AFETR,,94.27,43.01,484,482,,,EA,ORB
STARLINK-30406,2023-144T,57881,PAY,D,US,2023-09-16,AFETR,2025-01-08,88.21,42.98,195,177,,,EA,IMP
STARLINK-30339,2023-144U,57882,PAY,+,US,2023-09-16,AFETR,,94.27,43.00,484,482,,,EA,ORB
STARLINK-30282,2023-144V,57883,PAY,+,US,2023-09-16,AFETR,,94.27,43.01,484,482,,,EA,ORB
STARLINK-30340,2023-144W,57884,PAY,+,US,2023-09-16,AFETR,,94.27,43.00,484,482,,,EA,ORB
STARLINK-30279,2023-144X,57885,PAY,+,US,2023-09-16,AFETR,,94.27,43.00,484,482,,,EA,ORB
YAOGAN-39 02A,2023-145A,57886,PAY,+,PRC,2023-09-17,XICLF,,94.56,35.00,499,495,,,EA,ORB
CZ-2D R/B,2023-145B,57887,R/B,D,PRC,2023-09-17,XICLF,2024-06-23,87.81,34.96,177,155,,,EA,IMP
CZ-2D DEB,2023-145C,57888,DEB,D,PRC,2023-09-17,XICLF,2024-06-03,87.82,34.97,168,165,,,EA,IMP
YAOGAN-39 02B,2023-145D,57889,PAY,+,PRC,2023-09-17,XICLF,,94.94,34.99,522,509,,,EA,ORB
YAOGAN-39 02C,2023-145E,57890,PAY,+,PRC,2023-09-17,XICLF,,94.96,35.04,522,511,,,EA,ORB
STARLINK-30465,2023-146A,57891,PAY,+,US,2023-09-20,AFETR,,94.27,43.00,484,482,,,EA,ORB
STARLINK-30470,2023-146B,57892,PAY,+,US,2023-09-20,AFETR,,94.27,43.00,483,483,,,EA,ORB
STARLINK-30473,2023-146C,57893,PAY,+,US,2023-09-20,AFETR,,94.27,43.00,484,482,,,EA,ORB
STARLINK-30443,2023-146D,57894,PAY,+,US,2023-09-20,AFETR,,94.27,43.00,484,482,,,EA,ORB
STARLINK-30467,2023-146E,57895,PAY,+,US,2023-09-20,AFETR,,94.27,43.00,484,482,,,EA,ORB
STARLINK-30469,2023-146F,57896,PAY,+,US,2023-09-20,AFETR,,94.27,43.00,484,482,,,EA,ORB
STARLINK-30474,2023-146G,57897,PAY,+,US,2023-09-20,AFETR,,94.27,43.00,484,482,,,EA,ORB
STARLINK-30479,2023-146H,57898,PAY,+,US,2023-09-20,AFETR,,94.27,43.00,484,482,,,EA,ORB
STARLINK-30481,2023-146J,57899,PAY,+,US,2023-09-20,AFETR,,94.27,43.00,484,482,,,EA,ORB
STARLINK-30457,2023-146K,57900,PAY,+,US,2023-09-20,AFETR,,94.27,43.00,484,482,,,EA,ORB
STARLINK-30472,2023-146L,57901,PAY,+,US,2023-09-20,AFETR,,94.27,43.00,484,482,,,EA,ORB
STARLINK-30462,2023-146M,57902,PAY,+,US,2023-09-20,AFETR,,94.27,43.00,484,482,,,EA,ORB
STARLINK-30449,2023-146N,57903,PAY,+,US,2023-09-20,AFETR,,94.27,43.00,484,482,,,EA,ORB
STARLINK-30466,2023-146P,57904,PAY,+,US,2023-09-20,AFETR,,94.27,43.00,484,482,,,EA,ORB
STARLINK-30451,2023-146Q,57905,PAY,D,US,2023-09-20,AFETR,2026-02-14,89.40,43.00,246,243,,,EA,IMP
STARLINK-30428,2023-146R,57906,PAY,+,US,2023-09-20,AFETR,,94.27,43.00,484,482,,,EA,ORB
STARLINK-30482,2023-146S,57907,PAY,+,US,2023-09-20,AFETR,,94.27,43.00,484,482,,,EA,ORB
STARLINK-30464,2023-146T,57908,PAY,P,US,2023-09-20,AFETR,,94.26,43.00,484,482,,,EA,ORB
STARLINK-30463,2023-146U,57909,PAY,+,US,2023-09-20,AFETR,,94.27,43.00,484,482,,,EA,ORB
STARLINK-30453,2023-146V,57910,PAY,+,US,2023-09-20,AFETR,,94.27,43.01,486,481,,,EA,ORB
STARLINK-30478,2023-146W,57911,PAY,+,US,2023-09-20,AFETR,,94.27,43.01,484,482,,,EA,ORB
STARLINK-30477,2023-146X,57912,PAY,+,US,2023-09-20,AFETR,,94.27,43.00,484,482,,,EA,ORB
STARLINK-30450,2023-147A,57913,PAY,+,US,2023-09-24,AFETR,,94.27,43.00,484,482,,,EA,ORB
STARLINK-30483,2023-147B,57914,PAY,+,US,2023-09-24,AFETR,,94.27,43.00,484,482,,,EA,ORB
STARLINK-30454,2023-147C,57915,PAY,+,US,2023-09-24,AFETR,,94.27,43.00,484,482,,,EA,ORB
STARLINK-30491,2023-147D,57916,PAY,D,US,2023-09-24,AFETR,2024-08-05,91.25,42.99,355,317,,,EA,IMP
STARLINK-30501,2023-147E,57917,PAY,+,US,2023-09-24,AFETR,,94.27,43.00,484,482,,,EA,ORB
STARLINK-30499,2023-147F,57918,PAY,+,US,2023-09-24,AFETR,,94.27,43.00,484,482,,,EA,ORB
STARLINK-30496,2023-147G,57919,PAY,+,US,2023-09-24,AFETR,,94.27,43.00,484,483,,,EA,ORB
STARLINK-30485,2023-147H,57920,PAY,+,US,2023-09-24,AFETR,,94.27,43.01,484,482,,,EA,ORB
STARLINK-30492,2023-147J,57921,PAY,+,US,2023-09-24,AFETR,,94.27,43.00,484,482,,,EA,ORB
STARLINK-30490,2023-147K,57922,PAY,D,US,2023-09-24,AFETR,2023-10-01,87.73,43.00,163,161,,,EA,IMP
STARLINK-30440,2023-147L,57923,PAY,+,US,2023-09-24,AFETR,,94.27,43.00,484,482,,,EA,ORB
STARLINK-30487,2023-147M,57924,PAY,P,US,2023-09-24,AFETR,,94.27,43.00,484,482,,,EA,ORB
STARLINK-30452,2023-147N,57925,PAY,+,US,2023-09-24,AFETR,,94.27,43.01,484,482,,,EA,ORB
STARLINK-30468,2023-147P,57926,PAY,P,US,2023-09-24,AFETR,,94.27,43.00,484,482,,,EA,ORB
STARLINK-30459,2023-147Q,57927,PAY,D,US,2023-09-24,AFETR,2026-01-15,88.12,42.97,187,176,,,EA,IMP
STARLINK-30448,2023-147R,57928,PAY,+,US,2023-09-24,AFETR,,94.27,43.00,484,482,,,EA,ORB
STARLINK-30475,2023-147S,57929,PAY,D,US,2023-09-24,AFETR,2025-03-26,88.47,42.98,209,189,,,EA,IMP
STARLINK-30476,2023-147T,57930,PAY,D,US,2023-09-24,AFETR,2026-08-02,88.54,42.98,213,192,,,EA,IMP
STARLINK-30488,2023-147U,57931,PAY,P,US,2023-09-24,AFETR,,94.27,43.00,484,483,,,EA,ORB
STARLINK-30471,2023-147V,57932,PAY,+,US,2023-09-24,AFETR,,94.27,43.00,484,482,,,EA,ORB
STARLINK-30461,2023-147W,57933,PAY,+,US,2023-09-24,AFETR,,94.27,43.00,484,482,,,EA,ORB
STARLINK-30458,2023-147X,57934,PAY,D,US,2023-09-24,AFETR,2025-10-07,88.86,42.97,232,205,,,EA,IMP
STARLINK-30712,2023-148A,57935,PAY,+,US,2023-09-25,AFWTR,,93.85,53.16,463,463,,,EA,ORB
STARLINK-30716,2023-148B,57936,PAY,+,US,2023-09-25,AFWTR,,93.85,53.16,464,462,,,EA,ORB
STARLINK-30400,2023-148C,57937,PAY,+,US,2023-09-25,AFWTR,,93.85,53.16,463,462,,,EA,ORB
STARLINK-30710,2023-148D,57938,PAY,+,US,2023-09-25,AFWTR,,93.85,53.16,464,462,,,EA,ORB
STARLINK-30714,2023-148E,57939,PAY,+,US,2023-09-25,AFWTR,,93.79,53.16,463,457,,,EA,ORB
STARLINK-30711,2023-148F,57940,PAY,+,US,2023-09-25,AFWTR,,93.85,53.16,464,462,,,EA,ORB
STARLINK-30715,2023-148G,57941,PAY,+,US,2023-09-25,AFWTR,,93.85,53.16,464,462,,,EA,ORB
STARLINK-30455,2023-148H,57942,PAY,+,US,2023-09-25,AFWTR,,93.90,53.16,466,464,,,EA,ORB
STARLINK-30456,2023-148J,57943,PAY,+,US,2023-09-25,AFWTR,,93.85,53.16,463,462,,,EA,ORB
STARLINK-30708,2023-148K,57944,PAY,+,US,2023-09-25,AFWTR,,93.85,53.16,463,462,,,EA,ORB
STARLINK-30705,2023-148L,57945,PAY,+,US,2023-09-25,AFWTR,,93.85,53.16,464,462,,,EA,ORB
STARLINK-30704,2023-148M,57946,PAY,+,US,2023-09-25,AFWTR,,93.85,53.16,464,462,,,EA,ORB
STARLINK-30706,2023-148N,57947,PAY,+,US,2023-09-25,AFWTR,,93.85,53.16,464,462,,,EA,ORB
STARLINK-30709,2023-148P,57948,PAY,D,US,2023-09-25,AFWTR,2025-09-22,88.84,53.12,229,206,,,EA,IMP
STARLINK-30707,2023-148Q,57949,PAY,+,US,2023-09-25,AFWTR,,93.85,53.16,464,462,,,EA,ORB
STARLINK-30701,2023-148R,57950,PAY,+,US,2023-09-25,AFWTR,,93.85,53.16,464,462,,,EA,ORB
STARLINK-30399,2023-148S,57951,PAY,+,US,2023-09-25,AFWTR,,93.85,53.16,463,462,,,EA,ORB
STARLINK-30713,2023-148T,57952,PAY,+,US,2023-09-25,AFWTR,,93.85,53.16,464,462,,,EA,ORB
STARLINK-30700,2023-148U,57953,PAY,+,US,2023-09-25,AFWTR,,93.85,53.16,463,462,,,EA,ORB
STARLINK-30703,2023-148V,57954,PAY,+,US,2023-09-25,AFWTR,,93.85,53.16,463,462,,,EA,ORB
STARLINK-30702,2023-148W,57955,PAY,+,US,2023-09-25,AFWTR,,93.85,53.16,463,462,,,EA,ORB
SKYKRAFT-3D,2023-084BZ,57956,PAY,D,AUS,2023-06-12,AFWTR,2026-08-20,87.93,97.59,178,165,,,EA,IMP
YAOGAN-33 04,2023-149A,57958,PAY,+,PRC,2023-09-26,JSC,,98.71,98.20,698,696,,,EA,ORB
CZ-4C R/B,2023-149B,57959,R/B,,PRC,2023-09-26,JSC,,96.03,98.18,645,492,,,EA,ORB
ATLAS 5 CENTAUR DEB,2023-140E,57960,DEB,,US,2023-09-10,AFETR,,1458.38,12.40,37198,35246,,NEA,EA,ORB
ATLAS 5 CENTAUR DEB,2023-140F,57961,DEB,,US,2023-09-10,AFETR,,1457.64,12.41,36403,36011,,NEA,EA,ORB
NOOR-3,2023-150A,57962,PAY,D,IRAN,2023-09-27,SMTS,2024-08-16,90.60,60.00,309,299,,,EA,IMP
QASED R/B,2023-150B,57963,R/B,D,IRAN,2023-09-27,SMTS,2024-12-02,87.68,59.99,164,155,,,EA,IMP
STARLINK-30396,2023-151A,57964,PAY,+,US,2023-09-30,AFETR,,94.27,43.00,483,483,,,EA,ORB
STARLINK-30524,2023-151B,57965,PAY,+,US,2023-09-30,AFETR,,94.27,43.00,484,482,,,EA,ORB
STARLINK-30521,2023-151C,57966,PAY,+,US,2023-09-30,AFETR,,94.27,43.00,484,482,,,EA,ORB
STARLINK-30528,2023-151D,57967,PAY,+,US,2023-09-30,AFETR,,94.27,43.00,484,482,,,EA,ORB
STARLINK-30495,2023-151E,57968,PAY,+,US,2023-09-30,AFETR,,94.27,43.00,484,482,,,EA,ORB
STARLINK-30484,2023-151F,57969,PAY,D,US,2023-09-30,AFETR,2025-09-08,88.05,42.99,180,176,,,EA,IMP
STARLINK-30494,2023-151G,57970,PAY,+,US,2023-09-30,AFETR,,94.27,43.01,485,481,,,EA,ORB
STARLINK-30498,2023-151H,57971,PAY,+,US,2023-09-30,AFETR,,94.27,43.00,484,482,,,EA,ORB
STARLINK-30505,2023-151J,57972,PAY,+,US,2023-09-30,AFETR,,94.27,43.00,484,482,,,EA,ORB
STARLINK-30502,2023-151K,57973,PAY,+,US,2023-09-30,AFETR,,94.27,43.00,484,482,,,EA,ORB
STARLINK-30489,2023-151L,57974,PAY,+,US,2023-09-30,AFETR,,94.26,43.00,484,482,,,EA,ORB
STARLINK-30503,2023-151M,57975,PAY,+,US,2023-09-30,AFETR,,94.27,43.00,484,482,,,EA,ORB
STARLINK-30512,2023-151N,57976,PAY,+,US,2023-09-30,AFETR,,94.27,43.00,484,482,,,EA,ORB
STARLINK-30509,2023-151P,57977,PAY,+,US,2023-09-30,AFETR,,94.27,43.00,484,482,,,EA,ORB
STARLINK-30511,2023-151Q,57978,PAY,+,US,2023-09-30,AFETR,,94.27,43.01,484,482,,,EA,ORB
STARLINK-30508,2023-151R,57979,PAY,+,US,2023-09-30,AFETR,,94.27,43.00,484,482,,,EA,ORB
STARLINK-30504,2023-151S,57980,PAY,D,US,2023-09-30,AFETR,2026-03-17,88.48,42.97,209,189,,,EA,IMP
STARLINK-30510,2023-151T,57981,PAY,+,US,2023-09-30,AFETR,,94.27,43.00,484,482,,,EA,ORB
STARLINK-30507,2023-151U,57982,PAY,+,US,2023-09-30,AFETR,,94.27,43.00,484,482,,,EA,ORB
STARLINK-30515,2023-151V,57983,PAY,+,US,2023-09-30,AFETR,,94.27,43.00,484,482,,,EA,ORB
STARLINK-30516,2023-151W,57984,PAY,+,US,2023-09-30,AFETR,,94.27,43.00,484,482,,,EA,ORB
STARLINK-30519,2023-151X,57985,PAY,+,US,2023-09-30,AFETR,,94.27,43.00,484,482,,,EA,ORB
YAOGAN-39 03A,2023-152A,57986,PAY,+,PRC,2023-10-05,XICLF,,94.56,35.00,499,495,,,EA,ORB
CZ-2D R/B,2023-152B,57987,R/B,D,PRC,2023-10-05,XICLF,2024-08-04,90.73,34.98,319,302,,,EA,IMP
YAOGAN-39 03B,2023-152C,57988,PAY,+,PRC,2023-10-05,XICLF,,94.94,34.99,533,498,,,EA,ORB
CZ-2D DEB,2023-152D,57989,DEB,D,PRC,2023-10-05,XICLF,2024-06-30,87.99,34.98,182,168,,,EA,IMP
YAOGAN-39 03C,2023-152E,57990,PAY,+,PRC,2023-10-05,XICLF,,94.94,34.99,527,504,,,EA,ORB
STARLINK-30537,2023-153A,57991,PAY,+,US,2023-10-05,AFETR,,94.27,43.00,484,482,,,EA,ORB
STARLINK-30534,2023-153B,57992,PAY,+,US,2023-10-05,AFETR,,94.27,43.00,484,482,,,EA,ORB
STARLINK-30536,2023-153C,57993,PAY,+,US,2023-10-05,AFETR,,94.26,43.00,484,482,,,EA,ORB
STARLINK-30538,2023-153D,57994,PAY,+,US,2023-10-05,AFETR,,94.27,43.00,484,482,,,EA,ORB
STARLINK-30517,2023-153E,57995,PAY,+,US,2023-10-05,AFETR,,94.27,43.00,484,482,,,EA,ORB
STARLINK-30543,2023-153F,57996,PAY,D,US,2023-10-05,AFETR,2025-04-20,88.46,42.98,201,196,,,EA,IMP
STARLINK-30523,2023-153G,57997,PAY,+,US,2023-10-05,AFETR,,94.27,43.00,484,482,,,EA,ORB
STARLINK-30531,2023-153H,57998,PAY,+,US,2023-10-05,AFETR,,94.27,43.00,484,482,,,EA,ORB
STARLINK-30552,2023-153J,57999,PAY,+,US,2023-10-05,AFETR,,94.27,43.00,484,482,,,EA,ORB
STARLINK-30545,2023-153K,58000,PAY,+,US,2023-10-05,AFETR,,94.27,43.00,484,482,,,EA,ORB
STARLINK-30535,2023-153L,58001,PAY,+,US,2023-10-05,AFETR,,94.27,43.00,484,482,,,EA,ORB
STARLINK-30540,2023-153M,58002,PAY,+,US,2023-10-05,AFETR,,94.27,43.00,484,482,,,EA,ORB
STARLINK-30546,2023-153N,58003,PAY,D,US,2023-10-05,AFETR,2026-04-18,88.82,43.00,222,210,,,EA,IMP
STARLINK-30539,2023-153P,58004,PAY,+,US,2023-10-05,AFETR,,94.27,43.00,484,482,,,EA,ORB
STARLINK-30530,2023-153Q,58005,PAY,+,US,2023-10-05,AFETR,,94.27,43.00,484,482,,,EA,ORB
STARLINK-30526,2023-153R,58006,PAY,P,US,2023-10-05,AFETR,,93.93,43.00,470,464,,,EA,ORB
STARLINK-30527,2023-153S,58007,PAY,+,US,2023-10-05,AFETR,,94.27,43.00,484,482,,,EA,ORB
STARLINK-30522,2023-153T,58008,PAY,+,US,2023-10-05,AFETR,,94.27,43.00,484,482,,,EA,ORB
STARLINK-30486,2023-153U,58009,PAY,+,US,2023-10-05,AFETR,,94.27,43.00,484,482,,,EA,ORB
STARLINK-30520,2023-153V,58010,PAY,+,US,2023-10-05,AFETR,,94.27,43.00,484,482,,,EA,ORB
STARLINK-30497,2023-153W,58011,PAY,+,US,2023-10-05,AFETR,,94.27,43.00,484,482,,,EA,ORB
STARLINK-30525,2023-153X,58012,PAY,+,US,2023-10-05,AFETR,,94.27,43.00,484,482,,,EA,ORB
KUIPER-P2,2023-154A,58013,PAY,D,US,2023-10-06,AFETR,2025-04-29,90.11,29.95,282,278,,,EA,IMP
KUIPER-P1,2023-154B,58014,PAY,D,US,2023-10-06,AFETR,2024-09-29,88.23,29.95,187,187,,,EA,IMP
ATLAS 5 CENTAUR R/B,2023-154C,58015,R/B,,US,2023-10-06,AFETR,,94.59,29.95,512,486,,,SU,ORB
THEOS-2 (T2V),2023-155A,58016,PAY,+,THAI,2023-10-09,FRGUI,,97.19,97.88,625,623,,,EA,ORB
FORMOSAT-7R (TRITON),2023-155B,58017,PAY,+,ROC,2023-10-09,FRGUI,,96.56,97.83,595,593,,,EA,ORB
ANSER FOLLOWER 2,2023-155C,58018,PAY,+,SPN,2023-10-09,FRGUI,,92.60,97.55,403,400,,,EA,ORB
ANSER FOLLOWER 1,2023-155D,58019,PAY,+,SPN,2023-10-09,FRGUI,,92.54,97.55,402,397,,,EA,ORB
NESS,2023-155E,58020,PAY,+,FR,2023-10-09,FRGUI,,93.99,97.59,473,467,,,EA,ORB
CSC-2,2023-155F,58021,PAY,+,NETH,2023-10-09,FRGUI,,94.56,97.54,501,494,,,EA,ORB
CSC-1,2023-155G,58022,PAY,+,NETH,2023-10-09,FRGUI,,95.29,97.53,539,527,,,EA,ORB
PRETTY,2023-155H,58023,PAY,+,ASRA,2023-10-09,FRGUI,,94.45,97.57,494,490,,,EA,ORB
MACSAT (FINCH 1),2023-155J,58024,PAY,+,LUXE,2023-10-09,FRGUI,,94.67,97.57,504,501,,,EA,ORB
PVCC,2023-155K,58025,PAY,+,BEL,2023-10-09,FRGUI,,94.95,97.57,518,514,,,EA,ORB
STARLINK-30514,2023-156A,58028,PAY,+,US,2023-10-09,AFWTR,,93.85,53.16,463,462,,,EA,ORB
STARLINK-30518,2023-156B,58029,PAY,+,US,2023-10-09,AFWTR,,93.85,53.16,463,462,,,EA,ORB
STARLINK-30549,2023-156C,58030,PAY,+,US,2023-10-09,AFWTR,,93.85,53.16,464,462,,,EA,ORB
STARLINK-30556,2023-156D,58031,PAY,+,US,2023-10-09,AFWTR,,93.85,53.16,463,462,,,EA,ORB
STARLINK-30561,2023-156E,58032,PAY,+,US,2023-10-09,AFWTR,,93.85,53.16,464,462,,,EA,ORB
STARLINK-30562,2023-156F,58033,PAY,+,US,2023-10-09,AFWTR,,93.85,53.16,464,462,,,EA,ORB
STARLINK-30565,2023-156G,58034,PAY,+,US,2023-10-09,AFWTR,,93.85,53.16,464,462,,,EA,ORB
STARLINK-30438,2023-156H,58035,PAY,+,US,2023-10-09,AFWTR,,94.01,53.16,472,470,,,EA,ORB
STARLINK-30437,2023-156J,58036,PAY,+,US,2023-10-09,AFWTR,,94.01,53.16,472,470,,,EA,ORB
STARLINK-30533,2023-156K,58037,PAY,+,US,2023-10-09,AFWTR,,93.85,53.16,464,462,,,EA,ORB
STARLINK-30560,2023-156L,58038,PAY,+,US,2023-10-09,AFWTR,,93.85,53.16,463,462,,,EA,ORB
STARLINK-30559,2023-156M,58039,PAY,D,US,2023-10-09,AFWTR,2026-03-19,88.41,53.12,199,193,,,EA,IMP
STARLINK-30555,2023-156N,58040,PAY,+,US,2023-10-09,AFWTR,,93.85,53.16,464,462,,,EA,ORB
STARLINK-30542,2023-156P,58041,PAY,+,US,2023-10-09,AFWTR,,93.85,53.16,463,462,,,EA,ORB
STARLINK-30563,2023-156Q,58042,PAY,+,US,2023-10-09,AFWTR,,93.85,53.16,464,462,,,EA,ORB
STARLINK-30564,2023-156R,58043,PAY,+,US,2023-10-09,AFWTR,,93.88,53.16,466,463,,,EA,ORB
STARLINK-30547,2023-156S,58044,PAY,+,US,2023-10-09,AFWTR,,93.85,53.16,464,462,,,EA,ORB
STARLINK-30550,2023-156T,58045,PAY,+,US,2023-10-09,AFWTR,,93.85,53.16,464,462,,,EA,ORB
STARLINK-30548,2023-156U,58046,PAY,+,US,2023-10-09,AFWTR,,93.85,53.16,464,462,,,EA,ORB
STARLINK-30529,2023-156V,58047,PAY,+,US,2023-10-09,AFWTR,,93.85,53.16,464,462,,,EA,ORB
STARLINK-30554,2023-156W,58048,PAY,+,US,2023-10-09,AFWTR,,93.85,53.16,463,462,,,EA,ORB
PSYCHE,2023-157A,58049,PAY,+,US,2023-10-13,AFETR,,,,,,,,SU,ORB
FALCON HEAVY R/B,2023-157B,58050,R/B,,US,2023-10-13,AFETR,,,,,,,,SU,ORB
STARLINK-30568,2023-158A,58051,PAY,+,US,2023-10-13,AFETR,,94.27,43.00,484,482,,,EA,ORB
STARLINK-30575,2023-158B,58052,PAY,+,US,2023-10-13,AFETR,,94.27,43.00,484,482,,,EA,ORB
STARLINK-30577,2023-158C,58053,PAY,+,US,2023-10-13,AFETR,,94.27,43.00,484,482,,,EA,ORB
STARLINK-30566,2023-158D,58054,PAY,+,US,2023-10-13,AFETR,,94.27,43.00,484,483,,,EA,ORB
STARLINK-30544,2023-158E,58055,PAY,+,US,2023-10-13,AFETR,,94.27,43.00,484,482,,,EA,ORB
STARLINK-30553,2023-158F,58056,PAY,+,US,2023-10-13,AFETR,,94.27,43.00,484,483,,,EA,ORB
STARLINK-30541,2023-158G,58057,PAY,+,US,2023-10-13,AFETR,,94.27,43.00,484,482,,,EA,ORB
STARLINK-30573,2023-158H,58058,PAY,+,US,2023-10-13,AFETR,,94.27,43.00,483,483,,,EA,ORB
STARLINK-30582,2023-158J,58059,PAY,+,US,2023-10-13,AFETR,,94.27,43.00,484,482,,,EA,ORB
STARLINK-30558,2023-158K,58060,PAY,+,US,2023-10-13,AFETR,,94.26,43.00,484,482,,,EA,ORB
STARLINK-30579,2023-158L,58061,PAY,+,US,2023-10-13,AFETR,,94.27,43.00,484,482,,,EA,ORB
STARLINK-30588,2023-158M,58062,PAY,+,US,2023-10-13,AFETR,,94.27,43.00,484,482,,,EA,ORB
STARLINK-30585,2023-158N,58063,PAY,+,US,2023-10-13,AFETR,,94.27,43.00,484,482,,,EA,ORB
STARLINK-30587,2023-158P,58064,PAY,+,US,2023-10-13,AFETR,,94.27,43.00,484,483,,,EA,ORB
STARLINK-30576,2023-158Q,58065,PAY,+,US,2023-10-13,AFETR,,94.27,43.00,484,482,,,EA,ORB
STARLINK-30571,2023-158R,58066,PAY,+,US,2023-10-13,AFETR,,94.27,43.00,484,482,,,EA,ORB
STARLINK-30567,2023-158S,58067,PAY,+,US,2023-10-13,AFETR,,94.27,43.00,484,482,,,EA,ORB
STARLINK-30569,2023-158T,58068,PAY,+,US,2023-10-13,AFETR,,94.27,43.00,484,482,,,EA,ORB
STARLINK-30480,2023-158U,58069,PAY,+,US,2023-10-13,AFETR,,94.27,43.00,484,482,,,EA,ORB
STARLINK-30532,2023-158V,58070,PAY,+,US,2023-10-13,AFETR,,94.27,43.00,484,483,,,EA,ORB
STARLINK-30513,2023-158W,58071,PAY,D,US,2023-10-13,AFETR,2026-03-18,88.15,42.97,189,177,,,EA,IMP
STARLINK-30506,2023-158X,58072,PAY,+,US,2023-10-13,AFETR,,94.27,43.00,484,482,,,EA,ORB
YUNHAI-1 04,2023-159A,58073,PAY,+,PRC,2023-10-15,JSC,,100.52,98.50,784,782,,,EA,ORB
CZ-2D R/B,2023-159B,58074,R/B,,PRC,2023-10-15,JSC,,100.75,98.46,866,722,,,EA,ORB
STARLINK-30604,2023-160A,58075,PAY,+,US,2023-10-18,AFETR,,94.27,43.00,484,482,,,EA,ORB
STARLINK-30500,2023-160B,58076,PAY,+,US,2023-10-18,AFETR,,94.27,43.00,484,482,,,EA,ORB
STARLINK-30613,2023-160C,58077,PAY,+,US,2023-10-18,AFETR,,94.27,43.00,484,482,,,EA,ORB
STARLINK-30597,2023-160D,58078,PAY,+,US,2023-10-18,AFETR,,94.27,43.00,484,482,,,EA,ORB
STARLINK-30598,2023-160E,58079,PAY,+,US,2023-10-18,AFETR,,94.27,43.00,484,482,,,EA,ORB
STARLINK-30603,2023-160F,58080,PAY,+,US,2023-10-18,AFETR,,94.27,43.00,484,482,,,EA,ORB
STARLINK-30602,2023-160G,58081,PAY,+,US,2023-10-18,AFETR,,94.26,43.00,484,482,,,EA,ORB
STARLINK-30610,2023-160H,58082,PAY,+,US,2023-10-18,AFETR,,94.27,43.00,484,482,,,EA,ORB
STARLINK-30551,2023-160J,58083,PAY,+,US,2023-10-18,AFETR,,94.27,43.00,484,482,,,EA,ORB
STARLINK-30586,2023-160K,58084,PAY,+,US,2023-10-18,AFETR,,94.27,43.00,484,482,,,EA,ORB
STARLINK-30609,2023-160L,58085,PAY,+,US,2023-10-18,AFETR,,94.27,43.00,484,482,,,EA,ORB
STARLINK-30583,2023-160M,58086,PAY,+,US,2023-10-18,AFETR,,94.27,43.00,485,481,,,EA,ORB
STARLINK-30557,2023-160N,58087,PAY,+,US,2023-10-18,AFETR,,94.27,43.00,484,482,,,EA,ORB
STARLINK-30591,2023-160P,58088,PAY,+,US,2023-10-18,AFETR,,94.27,43.00,484,482,,,EA,ORB
STARLINK-30584,2023-160Q,58089,PAY,+,US,2023-10-18,AFETR,,94.27,43.00,484,482,,,EA,ORB
STARLINK-30590,2023-160R,58090,PAY,+,US,2023-10-18,AFETR,,94.27,43.00,484,482,,,EA,ORB
STARLINK-30608,2023-160S,58091,PAY,+,US,2023-10-18,AFETR,,94.27,43.00,484,482,,,EA,ORB
STARLINK-30615,2023-160T,58092,PAY,+,US,2023-10-18,AFETR,,94.27,43.00,484,482,,,EA,ORB
STARLINK-30578,2023-160U,58093,PAY,+,US,2023-10-18,AFETR,,94.27,43.00,484,482,,,EA,ORB
STARLINK-30574,2023-160V,58094,PAY,+,US,2023-10-18,AFETR,,94.27,43.00,484,482,,,EA,ORB
STARLINK-30570,2023-160W,58095,PAY,+,US,2023-10-18,AFETR,,94.27,43.00,484,482,,,EA,ORB
STARLINK-30581,2023-160X,58096,PAY,+,US,2023-10-18,AFETR,,94.27,43.00,484,482,,,EA,ORB
STARLINK-30594,2023-161A,58097,PAY,+,US,2023-10-21,AFWTR,,93.85,53.16,464,462,,,EA,ORB
STARLINK-30614,2023-161B,58098,PAY,+,US,2023-10-21,AFWTR,,93.85,53.16,463,462,,,EA,ORB
STARLINK-30607,2023-161C,58099,PAY,+,US,2023-10-21,AFWTR,,93.85,53.16,464,462,,,EA,ORB
STARLINK-30600,2023-161D,58100,PAY,+,US,2023-10-21,AFWTR,,93.85,53.16,464,462,,,EA,ORB
STARLINK-30605,2023-161E,58101,PAY,+,US,2023-10-21,AFWTR,,93.85,53.16,464,462,,,EA,ORB
STARLINK-30592,2023-161F,58102,PAY,+,US,2023-10-21,AFWTR,,93.85,53.16,464,462,,,EA,ORB
STARLINK-30589,2023-161G,58103,PAY,+,US,2023-10-21,AFWTR,,93.85,53.16,464,462,,,EA,ORB
STARLINK-30617,2023-161H,58104,PAY,+,US,2023-10-21,AFWTR,,93.85,53.16,464,462,,,EA,ORB
STARLINK-30616,2023-161J,58105,PAY,+,US,2023-10-21,AFWTR,,93.85,53.16,464,462,,,EA,ORB
STARLINK-30612,2023-161K,58106,PAY,+,US,2023-10-21,AFWTR,,93.85,53.16,464,462,,,EA,ORB
STARLINK-30421,2023-161L,58107,PAY,+,US,2023-10-21,AFWTR,,93.85,53.16,464,462,,,EA,ORB
STARLINK-30611,2023-161M,58108,PAY,+,US,2023-10-21,AFWTR,,93.85,53.16,464,462,,,EA,ORB
STARLINK-30606,2023-161N,58109,PAY,+,US,2023-10-21,AFWTR,,93.85,53.16,464,462,,,EA,ORB
STARLINK-30596,2023-161P,58110,PAY,+,US,2023-10-21,AFWTR,,93.85,53.16,463,462,,,EA,ORB
STARLINK-30595,2023-161Q,58111,PAY,+,US,2023-10-21,AFWTR,,93.90,53.16,466,465,,,EA,ORB
STARLINK-30593,2023-161R,58112,PAY,+,US,2023-10-21,AFWTR,,94.11,53.16,476,474,,,EA,ORB
STARLINK-30353,2023-161S,58113,PAY,+,US,2023-10-21,AFWTR,,93.85,53.16,464,462,,,EA,ORB
STARLINK-30572,2023-161T,58114,PAY,+,US,2023-10-21,AFWTR,,93.85,53.16,464,462,,,EA,ORB
STARLINK-30580,2023-161U,58115,PAY,+,US,2023-10-21,AFWTR,,93.85,53.16,464,462,,,EA,ORB
STARLINK-30493,2023-161V,58116,PAY,+,US,2023-10-21,AFWTR,,93.90,53.16,466,464,,,EA,ORB
STARLINK-30601,2023-161W,58117,PAY,+,US,2023-10-21,AFWTR,,93.85,53.16,464,462,,,EA,ORB
STARLINK-30795,2023-162A,58118,PAY,+,US,2023-10-22,AFETR,,94.27,43.00,484,483,,,EA,ORB
STARLINK-30765,2023-162B,58119,PAY,+,US,2023-10-22,AFETR,,94.27,43.00,484,482,,,EA,ORB
STARLINK-30768,2023-162C,58120,PAY,+,US,2023-10-22,AFETR,,94.27,43.00,484,482,,,EA,ORB
STARLINK-30799,2023-162D,58121,PAY,+,US,2023-10-22,AFETR,,94.27,43.00,484,482,,,EA,ORB
STARLINK-30759,2023-162E,58122,PAY,+,US,2023-10-22,AFETR,,94.27,43.00,485,482,,,EA,ORB
STARLINK-30781,2023-162F,58123,PAY,+,US,2023-10-22,AFETR,,94.26,42.98,487,479,,,EA,ORB
STARLINK-30754,2023-162G,58124,PAY,+,US,2023-10-22,AFETR,,94.27,43.00,484,482,,,EA,ORB
STARLINK-30766,2023-162H,58125,PAY,+,US,2023-10-22,AFETR,,94.27,43.00,484,482,,,EA,ORB
STARLINK-30767,2023-162J,58126,PAY,+,US,2023-10-22,AFETR,,94.27,43.00,484,482,,,EA,ORB
STARLINK-30790,2023-162K,58127,PAY,+,US,2023-10-22,AFETR,,94.54,43.00,511,482,,,EA,ORB
STARLINK-30787,2023-162L,58128,PAY,+,US,2023-10-22,AFETR,,94.27,43.00,484,482,,,EA,ORB
STARLINK-30756,2023-162M,58129,PAY,+,US,2023-10-22,AFETR,,94.27,43.00,484,482,,,EA,ORB
STARLINK-30783,2023-162N,58130,PAY,+,US,2023-10-22,AFETR,,94.27,43.00,484,482,,,EA,ORB
STARLINK-30757,2023-162P,58131,PAY,+,US,2023-10-22,AFETR,,94.27,43.00,484,482,,,EA,ORB
STARLINK-30770,2023-162Q,58132,PAY,+,US,2023-10-22,AFETR,,94.27,43.00,484,482,,,EA,ORB
STARLINK-30758,2023-162R,58133,PAY,+,US,2023-10-22,AFETR,,94.27,43.00,485,481,,,EA,ORB
STARLINK-30761,2023-162S,58134,PAY,+,US,2023-10-22,AFETR,,94.27,43.00,484,483,,,EA,ORB
STARLINK-30772,2023-162T,58135,PAY,+,US,2023-10-22,AFETR,,94.27,43.00,484,482,,,EA,ORB
STARLINK-30776,2023-162U,58136,PAY,P,US,2023-10-22,AFETR,,92.59,42.99,417,386,,,EA,ORB
STARLINK-30782,2023-162V,58137,PAY,+,US,2023-10-22,AFETR,,94.27,43.00,484,482,,,EA,ORB
STARLINK-30769,2023-162W,58138,PAY,+,US,2023-10-22,AFETR,,94.27,43.00,484,482,,,EA,ORB
STARLINK-30775,2023-162X,58139,PAY,+,US,2023-10-22,AFETR,,94.27,43.00,484,482,,,EA,ORB
STARLINK-30780,2023-162Y,58140,PAY,+,US,2023-10-22,AFETR,,94.27,43.00,483,483,,,EA,ORB
YAOGAN-39 04A,2023-163A,58141,PAY,+,PRC,2023-10-23,XICLF,,94.55,35.00,501,493,,,EA,ORB
CZ-2D R/B,2023-163B,58142,R/B,D,PRC,2023-10-23,XICLF,2024-10-09,88.35,34.95,196,190,,,EA,IMP
YAOGAN-39 04B,2023-163C,58143,PAY,+,PRC,2023-10-23,XICLF,,94.96,34.99,523,510,,,EA,ORB
CZ-2D DEB,2023-163D,58144,DEB,D,PRC,2023-10-23,XICLF,2024-07-23,88.46,34.98,205,192,,,EA,IMP
YAOGAN-39 04C,2023-163E,58145,PAY,+,PRC,2023-10-23,XICLF,,94.86,34.99,517,507,,,EA,ORB
SHENZHOU-17 (SZ-17),2023-164A,58146,PAY,D,PRC,2023-10-26,JSC,2024-04-30,92.15,41.47,382,377,,,EA,LAN
CZ-2F R/B,2023-164B,58147,R/B,D,PRC,2023-10-26,JSC,2023-11-02,87.93,41.46,193,151,,,EA,IMP
COSMOS 2570,2023-165A,58148,PAY,+,CIS,2023-10-27,PLMSC,,103.10,67.15,911,900,,,EA,ORB
SL-4 R/B,2023-165B,58149,R/B,D,CIS,2023-10-27,PLMSC,2024-04-12,87.55,67.09,180,126,,,EA,IMP
STARLINK-30802,2023-166A,58150,PAY,+,US,2023-10-29,AFWTR,,94.01,53.16,472,470,,,EA,ORB
STARLINK-30834,2023-166B,58151,PAY,+,US,2023-10-29,AFWTR,,93.85,53.16,463,462,,,EA,ORB
STARLINK-30833,2023-166C,58152,PAY,+,US,2023-10-29,AFWTR,,94.01,53.16,472,470,,,EA,ORB
STARLINK-30831,2023-166D,58153,PAY,+,US,2023-10-29,AFWTR,,94.01,53.16,472,470,,,EA,ORB
STARLINK-30797,2023-166E,58154,PAY,+,US,2023-10-29,AFWTR,,93.85,53.16,464,462,,,EA,ORB
STARLINK-30804,2023-166F,58155,PAY,+,US,2023-10-29,AFWTR,,94.01,53.16,472,470,,,EA,ORB
STARLINK-30784,2023-166G,58156,PAY,+,US,2023-10-29,AFWTR,,93.90,53.16,466,464,,,EA,ORB
STARLINK-30803,2023-166H,58157,PAY,+,US,2023-10-29,AFWTR,,94.01,53.16,472,470,,,EA,ORB
STARLINK-30829,2023-166J,58158,PAY,+,US,2023-10-29,AFWTR,,94.01,53.16,472,470,,,EA,ORB
STARLINK-30788,2023-166K,58159,PAY,+,US,2023-10-29,AFWTR,,94.01,53.16,472,470,,,EA,ORB
STARLINK-30779,2023-166L,58160,PAY,+,US,2023-10-29,AFWTR,,94.01,53.16,472,470,,,EA,ORB
STARLINK-30773,2023-166M,58161,PAY,+,US,2023-10-29,AFWTR,,93.85,53.16,464,462,,,EA,ORB
STARLINK-30816,2023-166N,58162,PAY,+,US,2023-10-29,AFWTR,,93.90,53.16,466,465,,,EA,ORB
STARLINK-30763,2023-166P,58163,PAY,+,US,2023-10-29,AFWTR,,94.11,53.16,476,474,,,EA,ORB
STARLINK-30815,2023-166Q,58164,PAY,+,US,2023-10-29,AFWTR,,94.01,53.16,471,470,,,EA,ORB
STARLINK-30814,2023-166R,58165,PAY,+,US,2023-10-29,AFWTR,,94.10,53.16,476,475,,,EA,ORB
STARLINK-30789,2023-166S,58166,PAY,+,US,2023-10-29,AFWTR,,93.85,53.16,464,462,,,EA,ORB
STARLINK-30811,2023-166T,58167,PAY,+,US,2023-10-29,AFWTR,,94.01,53.16,472,470,,,EA,ORB
STARLINK-30812,2023-166U,58168,PAY,+,US,2023-10-29,AFWTR,,93.90,53.16,466,464,,,EA,ORB
STARLINK-30771,2023-166V,58169,PAY,+,US,2023-10-29,AFWTR,,94.11,53.16,476,474,,,EA,ORB
STARLINK-30764,2023-166W,58170,PAY,+,US,2023-10-29,AFWTR,,93.89,53.16,465,464,,,EA,ORB
STARLINK-30752,2023-166X,58171,PAY,+,US,2023-10-29,AFWTR,,94.10,53.16,476,474,,,EA,ORB
COSMOS 2571,2023-165C,58172,PAY,+,CIS,2023-10-27,PLMSC,,103.05,67.15,917,889,,,EA,ORB
STARLINK-30753,2023-167A,58175,PAY,+,US,2023-10-30,AFETR,,94.27,43.00,484,482,,,EA,ORB
STARLINK-30824,2023-167B,58176,PAY,+,US,2023-10-30,AFETR,,94.27,43.00,484,482,,,EA,ORB
STARLINK-30791,2023-167C,58177,PAY,+,US,2023-10-30,AFETR,,94.27,43.01,485,482,,,EA,ORB
STARLINK-30810,2023-167D,58178,PAY,+,US,2023-10-30,AFETR,,94.27,43.00,484,482,,,EA,ORB
STARLINK-30819,2023-167E,58179,PAY,+,US,2023-10-30,AFETR,,94.27,43.00,484,482,,,EA,ORB
STARLINK-30806,2023-167F,58180,PAY,P,US,2023-10-30,AFETR,,93.51,43.00,454,438,,,EA,ORB
STARLINK-30821,2023-167G,58181,PAY,+,US,2023-10-30,AFETR,,94.27,43.00,484,482,,,EA,ORB
STARLINK-30778,2023-167H,58182,PAY,+,US,2023-10-30,AFETR,,94.27,43.00,484,482,,,EA,ORB
STARLINK-30809,2023-167J,58183,PAY,+,US,2023-10-30,AFETR,,94.27,43.00,484,482,,,EA,ORB
STARLINK-30801,2023-167K,58184,PAY,+,US,2023-10-30,AFETR,,94.27,43.01,485,482,,,EA,ORB
STARLINK-30793,2023-167L,58185,PAY,+,US,2023-10-30,AFETR,,94.27,43.00,484,482,,,EA,ORB
STARLINK-30755,2023-167M,58186,PAY,+,US,2023-10-30,AFETR,,94.27,43.00,484,482,,,EA,ORB
STARLINK-30760,2023-167N,58187,PAY,+,US,2023-10-30,AFETR,,94.27,43.00,484,482,,,EA,ORB
STARLINK-30826,2023-167P,58188,PAY,+,US,2023-10-30,AFETR,,94.27,43.00,484,482,,,EA,ORB
STARLINK-30796,2023-167Q,58189,PAY,+,US,2023-10-30,AFETR,,94.27,43.00,484,482,,,EA,ORB
STARLINK-30820,2023-167R,58190,PAY,+,US,2023-10-30,AFETR,,94.27,43.01,484,482,,,EA,ORB
STARLINK-30785,2023-167S,58191,PAY,+,US,2023-10-30,AFETR,,94.27,43.00,484,482,,,EA,ORB
STARLINK-30807,2023-167T,58192,PAY,+,US,2023-10-30,AFETR,,94.27,43.00,484,482,,,EA,ORB
STARLINK-30822,2023-167U,58193,PAY,+,US,2023-10-30,AFETR,,94.23,43.00,482,481,,,EA,ORB
STARLINK-30830,2023-167V,58194,PAY,+,US,2023-10-30,AFETR,,94.27,43.00,484,482,,,EA,ORB
STARLINK-30827,2023-167W,58195,PAY,+,US,2023-10-30,AFETR,,94.27,43.01,485,481,,,EA,ORB
STARLINK-30798,2023-167X,58196,PAY,+,US,2023-10-30,AFETR,,94.27,43.00,484,482,,,EA,ORB
STARLINK-30762,2023-167Y,58197,PAY,+,US,2023-10-30,AFETR,,94.27,43.01,484,482,,,EA,ORB
SZ-16 MODULE,2023-077G,58198,PAY,D,PRC,2023-05-30,JSC,2024-07-21,87.38,41.46,147,142,,,EA,IMP
TIANHUI 5A,2023-168A,58199,PAY,+,PRC,2023-10-31,TAISC,,96.80,97.82,607,604,,,EA,ORB
CZ-6A R/B,2023-168B,58200,R/B,,PRC,2023-10-31,TAISC,,94.90,97.74,556,472,,,EA,ORB
TIANHUI 5B,2023-168C,58201,PAY,+,PRC,2023-10-31,TAISC,,96.80,97.82,607,604,,,EA,ORB
CZ-6A DEB,2023-168D,58202,DEB,,PRC,2023-10-31,TAISC,,93.46,97.76,446,442,,,EA,ORB
TJS-10,2023-169A,58204,PAY,+,PRC,2023-11-03,WSC,,1436.11,2.71,35805,35768,,,EA,ORB
CZ-7A R/B,2023-169B,58205,R/B,D,PRC,2023-11-03,WSC,2024-01-14,98.36,16.58,1267,94,,,EA,IMP
STARLINK-30800,2023-170A,58206,PAY,+,US,2023-11-03,AFETR,,94.27,43.01,484,482,,,EA,ORB
STARLINK-30845,2023-170B,58207,PAY,+,US,2023-11-03,AFETR,,95.44,43.00,543,536,,,EA,ORB
STARLINK-30841,2023-170C,58208,PAY,+,US,2023-11-03,AFETR,,94.27,43.00,484,482,,,EA,ORB
STARLINK-30839,2023-170D,58209,PAY,+,US,2023-11-03,AFETR,,94.27,43.00,483,483,,,EA,ORB
STARLINK-30846,2023-170E,58210,PAY,+,US,2023-11-03,AFETR,,94.27,43.00,484,482,,,EA,ORB
STARLINK-30838,2023-170F,58211,PAY,+,US,2023-11-03,AFETR,,94.27,43.00,484,482,,,EA,ORB
STARLINK-30837,2023-170G,58212,PAY,+,US,2023-11-03,AFETR,,94.27,43.00,484,482,,,EA,ORB
STARLINK-30813,2023-170H,58213,PAY,+,US,2023-11-03,AFETR,,94.27,43.01,484,482,,,EA,ORB
STARLINK-30805,2023-170J,58214,PAY,+,US,2023-11-03,AFETR,,94.27,43.00,484,482,,,EA,ORB
STARLINK-30851,2023-170K,58215,PAY,+,US,2023-11-03,AFETR,,94.27,43.00,484,482,,,EA,ORB
STARLINK-30786,2023-170L,58216,PAY,D,US,2023-11-03,AFETR,2024-11-20,88.41,42.99,203,188,,,EA,IMP
STARLINK-30818,2023-170M,58217,PAY,+,US,2023-11-03,AFETR,,94.27,43.01,484,482,,,EA,ORB
STARLINK-30794,2023-170N,58218,PAY,+,US,2023-11-03,AFETR,,94.27,43.00,485,482,,,EA,ORB
STARLINK-30835,2023-170P,58219,PAY,+,US,2023-11-03,AFETR,,94.27,43.00,484,482,,,EA,ORB
STARLINK-30792,2023-170Q,58220,PAY,+,US,2023-11-03,AFETR,,95.36,43.00,544,528,,,EA,ORB
STARLINK-30836,2023-170R,58221,PAY,+,US,2023-11-03,AFETR,,94.27,43.00,484,483,,,EA,ORB
STARLINK-30855,2023-170S,58222,PAY,+,US,2023-11-03,AFETR,,94.27,43.01,484,482,,,EA,ORB
STARLINK-30840,2023-170T,58223,PAY,+,US,2023-11-03,AFETR,,94.27,43.00,484,482,,,EA,ORB
STARLINK-30875,2023-170U,58224,PAY,+,US,2023-11-03,AFETR,,94.27,43.00,484,482,,,EA,ORB
STARLINK-30872,2023-170V,58225,PAY,+,US,2023-11-03,AFETR,,94.27,43.00,484,482,,,EA,ORB
STARLINK-30865,2023-170W,58226,PAY,+,US,2023-11-03,AFETR,,94.27,43.00,484,482,,,EA,ORB
STARLINK-30874,2023-170X,58227,PAY,+,US,2023-11-03,AFETR,,94.27,43.01,484,482,,,EA,ORB
STARLINK-30871,2023-170Y,58228,PAY,+,US,2023-11-03,AFETR,,94.27,43.01,484,482,,,EA,ORB
STARLINK-30861,2023-171A,58230,PAY,+,US,2023-11-08,AFETR,,93.72,42.99,466,447,,,EA,ORB
STARLINK-30867,2023-171B,58231,PAY,+,US,2023-11-08,AFETR,,94.27,43.00,484,482,,,EA,ORB
STARLINK-30880,2023-171C,58232,PAY,+,US,2023-11-08,AFETR,,94.27,43.00,484,482,,,EA,ORB
STARLINK-30777,2023-171D,58233,PAY,+,US,2023-11-08,AFETR,,94.27,43.00,484,482,,,EA,ORB
STARLINK-30860,2023-171E,58234,PAY,+,US,2023-11-08,AFETR,,94.27,43.00,484,482,,,EA,ORB
STARLINK-30879,2023-171F,58235,PAY,D,US,2023-11-08,AFETR,2025-09-19,91.03,42.98,346,305,,,EA,IMP
STARLINK-30853,2023-171G,58236,PAY,+,US,2023-11-08,AFETR,,94.27,43.01,484,482,,,EA,ORB
STARLINK-30866,2023-171H,58237,PAY,+,US,2023-11-08,AFETR,,94.27,43.00,484,482,,,EA,ORB
STARLINK-30817,2023-171J,58238,PAY,+,US,2023-11-08,AFETR,,94.27,43.00,484,482,,,EA,ORB
STARLINK-30847,2023-171K,58239,PAY,+,US,2023-11-08,AFETR,,94.27,43.00,484,482,,,EA,ORB
STARLINK-30848,2023-171L,58240,PAY,+,US,2023-11-08,AFETR,,94.27,43.00,483,483,,,EA,ORB
STARLINK-30843,2023-171M,58241,PAY,+,US,2023-11-08,AFETR,,94.27,43.00,484,482,,,EA,ORB
STARLINK-30877,2023-171N,58242,PAY,+,US,2023-11-08,AFETR,,94.27,43.00,484,482,,,EA,ORB
STARLINK-30864,2023-171P,58243,PAY,+,US,2023-11-08,AFETR,,94.27,43.00,484,482,,,EA,ORB
STARLINK-30854,2023-171Q,58244,PAY,+,US,2023-11-08,AFETR,,94.27,43.00,484,482,,,EA,ORB
STARLINK-30849,2023-171R,58245,PAY,+,US,2023-11-08,AFETR,,94.27,43.00,486,480,,,EA,ORB
STARLINK-30886,2023-171S,58246,PAY,+,US,2023-11-08,AFETR,,94.27,43.00,483,483,,,EA,ORB
STARLINK-30850,2023-171T,58247,PAY,+,US,2023-11-08,AFETR,,94.27,43.00,484,482,,,EA,ORB
STARLINK-30823,2023-171U,58248,PAY,+,US,2023-11-08,AFETR,,94.27,43.01,485,482,,,EA,ORB
STARLINK-30873,2023-171V,58249,PAY,+,US,2023-11-08,AFETR,,94.27,43.00,484,483,,,EA,ORB
STARLINK-30808,2023-171W,58250,PAY,+,US,2023-11-08,AFETR,,93.87,43.00,469,459,,,EA,ORB
STARLINK-30881,2023-171X,58251,PAY,+,US,2023-11-08,AFETR,,94.27,43.00,484,482,,,EA,ORB
STARLINK-30883,2023-171Y,58252,PAY,+,US,2023-11-08,AFETR,,94.27,43.00,484,482,,,EA,ORB
ZHONGXING-6E,2023-172A,58253,PAY,+,PRC,2023-11-09,XICLF,,1436.05,0.05,35797,35774,,,EA,ORB
CZ-3B R/B,2023-172B,58254,R/B,D,PRC,2023-11-09,XICLF,2024-04-21,98.84,28.05,1311,95,,,EA,IMP
DRAGON CRS-29,2023-173A,58255,PAY,D,US,2023-11-10,AFETR,2023-12-22,90.86,51.64,401,232,,,EA,LAN
CONNECTA T3.1,2023-174A,58256,PAY,D,TURK,2023-11-11,AFWTR,2025-11-16,87.87,97.36,175,163,,,EA,IMP
MANTIS,2023-174B,58257,PAY,D,UK,2023-11-11,AFWTR,2025-10-15,88.90,97.38,229,212,,,EA,IMP
ORBASTRO-PC-1,2023-174C,58258,PAY,+,UK,2023-11-11,AFWTR,,92.80,97.38,415,409,,,EA,ORB
LEMUR-2-BASS,2023-174D,58259,PAY,+,US,2023-11-11,AFWTR,,93.20,97.38,435,428,,,EA,ORB
LEMUR-2-DILIGHTFUL,2023-174E,58260,PAY,D,US,2023-11-11,AFWTR,2025-05-26,87.88,97.38,186,153,,,EA,IMP
VERONIKA,2023-174F,58261,PAY,D,CZCH,2023-11-11,AFWTR,2025-08-15,89.86,97.41,275,260,,,EA,IMP
PLATERO,2023-174G,58262,PAY,+,SPN,2023-11-11,AFWTR,,91.82,97.39,367,361,,,EA,ORB
LEMUR-2-GOOD-VIBES,2023-174H,58263,PAY,D,US,2023-11-11,AFWTR,2025-05-26,87.54,97.36,165,140,,,EA,IMP
BRO-11,2023-174J,58264,PAY,+,FR,2023-11-11,AFWTR,,94.25,97.39,489,476,,,EA,ORB
PEARL 1H,2023-174K,58265,PAY,D,ROC,2023-11-11,AFWTR,2026-01-12,87.80,97.35,172,159,,,EA,IMP
DJIBOUTI-1A,2023-174L,58266,PAY,D,DJI,2023-11-11,AFWTR,2025-09-02,88.07,97.38,188,170,,,EA,IMP
LEMUR-2-SANITA-VETRA,2023-174M,58267,PAY,D,US,2023-11-11,AFWTR,2025-06-03,88.23,97.38,202,171,,,EA,IMP
CONNECTA T3.2,2023-174N,58268,PAY,D,TURK,2023-11-11,AFWTR,2025-09-13,87.81,97.38,176,157,,,EA,IMP
IRIS-C2,2023-174P,58269,PAY,D,ROC,2023-11-11,AFWTR,2025-08-17,90.01,97.40,282,268,,,EA,IMP
FLOCK 4Q-1,2023-174Q,58270,PAY,D,US,2023-11-11,AFWTR,2026-06-23,88.56,97.38,215,192,,,EA,IMP
FLOCK 4Q-16,2023-174R,58271,PAY,+,US,2023-11-11,AFWTR,,92.79,97.38,414,409,,,EA,ORB
TIGER-6,2023-174S,58272,PAY,D,RWA,2023-11-11,AFWTR,2026-06-04,88.21,97.36,195,177,,,EA,IMP
FLOCK 4Q-11,2023-174T,58273,PAY,P,US,2023-11-11,AFWTR,,92.70,97.38,410,403,,,EA,ORB
FLOCK 4Q-36,2023-174U,58274,PAY,-,US,2023-11-11,AFWTR,,91.58,97.38,357,347,,,EA,ORB
FLOCK 4Q-12,2023-174V,58275,PAY,D,US,2023-11-11,AFWTR,2026-07-28,88.31,97.37,203,179,,,EA,IMP
GENMAT-1,2023-174W,58276,PAY,+,US,2023-11-11,AFWTR,,93.77,97.36,462,456,,,EA,ORB
TIGER-5,2023-174X,58277,PAY,D,RWA,2023-11-11,AFWTR,2026-04-21,87.71,97.35,171,152,,,EA,IMP
FLOCK 4Q-19,2023-174Y,58278,PAY,D,US,2023-11-11,AFWTR,2025-05-26,88.19,97.38,197,173,,,EA,IMP
FLOCK 4Q-8,2023-174Z,58279,PAY,D,US,2023-11-11,AFWTR,2025-02-20,87.47,97.41,157,141,,,EA,IMP
FLOCK 4Q-28,2023-174AA,58280,PAY,P,US,2023-11-11,AFWTR,,92.39,97.39,394,389,,,EA,ORB
AETHER-1,2023-174AB,58281,PAY,D,CA,2023-11-11,AFWTR,2026-07-19,87.70,97.35,171,150,,,EA,IMP
FLOCK 4Q-27,2023-174AC,58282,PAY,P,US,2023-11-11,AFWTR,,92.37,97.38,393,389,,,EA,ORB
FLOCK 4Q-17,2023-174AD,58283,PAY,D,US,2023-11-11,AFWTR,2026-04-30,87.76,97.34,173,155,,,EA,IMP
FLOCK 4Q-26,2023-174AE,58284,PAY,-,US,2023-11-11,AFWTR,,90.61,97.38,313,297,,,EA,ORB
FLOCK 4Q-31,2023-174AF,58285,PAY,-,US,2023-11-11,AFWTR,,91.57,97.38,356,347,,,EA,ORB
FLOCK 4Q-30,2023-174AG,58286,PAY,-,US,2023-11-11,AFWTR,,91.24,97.39,339,331,,,EA,ORB
PICO-01B009,2023-174AH,58287,PAY,D,IT,2023-11-11,AFWTR,2026-08-06,88.29,97.35,199,181,,,EA,IMP
ICEYE-X31,2023-174AJ,58288,PAY,+,FIN,2023-11-11,AFWTR,,93.74,97.37,460,455,,,EA,ORB
TRANSPORTER-9 OBJECT AK,2023-174AK,58289,PAY,D,TBD,2023-11-11,AFWTR,2024-06-16,89.39,97.43,259,229,,,EA,IMP
TRANSPORTER-9 OBJECT AL,2023-174AL,58290,PAY,D,TBD,2023-11-11,AFWTR,2024-06-18,88.76,97.43,225,201,,,EA,IMP
FALCONSAT-10,2023-174AM,58291,PAY,+,US,2023-11-11,AFWTR,,94.23,97.38,486,476,,,EA,ORB
UMBRA-08,2023-174AN,58292,PAY,D,US,2023-11-11,AFWTR,2025-12-22,87.67,97.36,168,150,,,EA,IMP
ICEYE-X32,2023-174AP,58293,PAY,D,FIN,2023-11-11,AFWTR,2025-03-30,87.76,97.40,172,155,,,EA,IMP
ICEYE-X34,2023-174AQ,58294,PAY,+,US,2023-11-11,AFWTR,,90.81,97.38,319,310,,,EA,ORB
SPACEVAN-001,2023-174AR,58295,PAY,+,FR,2023-11-11,AFWTR,,92.35,97.40,395,385,,,EA,ORB
PELICAN-1,2023-174AS,58296,PAY,+,US,2023-11-11,AFWTR,,91.66,97.40,357,355,,,EA,ORB
UMBRA-07,2023-174AT,58297,PAY,+,US,2023-11-11,AFWTR,,95.35,97.37,538,534,,,EA,ORB
SPIP,2023-174AU,58298,PAY,+,BEL,2023-11-11,AFWTR,,94.23,97.38,487,476,,,EA,ORB
AETHER-2,2023-174AV,58299,PAY,+,CA,2023-11-11,AFWTR,,93.80,97.39,464,457,,,EA,ORB
ION SCV-013,2023-174AW,58300,PAY,+,IT,2023-11-11,AFWTR,,95.66,97.61,618,483,,,EA,ORB
LEO EXPRESS 1,2023-174AX,58301,PAY,+,US,2023-11-11,AFWTR,,93.71,97.52,503,409,,,EA,ORB
ICEYE-X35,2023-174AY,58302,PAY,+,FIN,2023-11-11,AFWTR,,92.38,97.38,395,388,,,EA,ORB
FLOCK 4Q-25,2023-174AZ,58303,PAY,D,US,2023-11-11,AFWTR,2026-06-24,88.52,97.36,211,191,,,EA,IMP
FLOCK 4Q-29,2023-174BA,58304,PAY,-,US,2023-11-11,AFWTR,,91.77,97.39,365,358,,,EA,ORB
FLOCK 4Q-18,2023-174BB,58305,PAY,D,US,2023-11-11,AFWTR,2025-01-05,88.63,97.40,212,202,,,EA,IMP
FLOCK 4Q-22,2023-174BC,58306,PAY,-,US,2023-11-11,AFWTR,,91.17,97.37,337,327,,,EA,ORB
FLOCK 4Q-23,2023-174BD,58307,PAY,D,US,2023-11-11,AFWTR,2026-07-23,90.42,97.38,300,290,,,EA,IMP
FLOCK 4Q-33,2023-174BE,58308,PAY,-,US,2023-11-11,AFWTR,,91.64,97.38,360,350,,,EA,ORB
FLOCK 4Q-35,2023-174BF,58309,PAY,-,US,2023-11-11,AFWTR,,91.74,97.38,364,355,,,EA,ORB
FLOCK 4Q-32,2023-174BG,58310,PAY,D,US,2023-11-11,AFWTR,2025-04-08,88.73,97.39,221,202,,,EA,IMP
FLOCK 4Q-14,2023-174BH,58311,PAY,D,US,2023-11-11,AFWTR,2025-12-22,87.64,97.36,165,150,,,EA,IMP
FLOCK 4Q-3,2023-174BJ,58312,PAY,D,US,2023-11-11,AFWTR,2025-03-18,88.19,97.37,194,176,,,EA,IMP
FLOCK 4Q-20,2023-174BK,58313,PAY,D,US,2023-11-11,AFWTR,2026-05-31,88.16,97.35,192,175,,,EA,IMP
FLOCK 4Q-24,2023-174BL,58314,PAY,D,US,2023-11-11,AFWTR,2025-01-31,87.83,97.39,175,159,,,EA,IMP
FLOCK 4Q-6,2023-174BM,58315,PAY,D,US,2023-11-11,AFWTR,2025-11-26,87.54,97.36,161,144,,,EA,IMP
FLOCK 4Q-34,2023-174BN,58316,PAY,D,US,2023-11-11,AFWTR,2026-07-17,87.69,97.34,172,149,,,EA,IMP
KAFASAT,2023-174BP,58317,PAY,D,SKOR,2023-11-11,AFWTR,2025-04-02,88.24,97.38,196,179,,,EA,IMP
FLOCK 4Q-7,2023-174BQ,58318,PAY,+,US,2023-11-11,AFWTR,,92.34,97.39,393,386,,,EA,ORB
FLOCK 4Q-15,2023-174BR,58319,PAY,D,US,2023-11-11,AFWTR,2026-06-01,88.24,97.36,198,177,,,EA,IMP
FLOCK 4Q-2,2023-174BS,58320,PAY,+,US,2023-11-11,AFWTR,,92.76,97.38,413,407,,,EA,ORB
PROTOMETHEE,2023-174BT,58321,PAY,+,FR,2023-11-11,AFWTR,,93.98,97.37,473,465,,,EA,ORB
FLOCK 4Q-9,2023-174BU,58322,PAY,+,US,2023-11-11,AFWTR,,92.72,97.38,411,404,,,EA,ORB
OBSERVER-1A,2023-174BV,58323,PAY,+,SKOR,2023-11-11,AFWTR,,93.51,97.39,451,442,,,EA,ORB
FLOCK 4Q-10,2023-174BW,58324,PAY,D,US,2023-11-11,AFWTR,2025-05-08,88.14,97.38,192,172,,,EA,IMP
FLOCK 4Q-5,2023-174BX,58325,PAY,D,US,2023-11-11,AFWTR,2025-04-17,87.64,97.39,166,149,,,EA,IMP
PICO-01A003,2023-174BY,58326,PAY,+,IT,2023-11-11,AFWTR,,92.99,97.38,423,419,,,EA,ORB
FLOCK 4Q-4,2023-174BZ,58327,PAY,+,US,2023-11-11,AFWTR,,92.83,97.38,415,411,,,EA,ORB
FLOCK 4Q-13,2023-174CA,58328,PAY,P,US,2023-11-11,AFWTR,,92.64,97.40,407,401,,,EA,ORB
FLOCK 4Q-21,2023-174CB,58329,PAY,D,US,2023-11-11,AFWTR,2026-06-21,88.61,97.37,216,195,,,EA,IMP
PICO-01G005,2023-174CC,58330,PAY,D,IT,2023-11-11,AFWTR,2025-05-02,87.80,97.36,176,155,,,EA,IMP
BRO-10,2023-174CD,58331,PAY,D,FR,2023-11-11,AFWTR,2026-04-25,88.10,97.35,190,171,,,EA,IMP
LEMUR-2-MARAPAMASM,2023-174CE,58332,PAY,D,US,2023-11-11,AFWTR,2025-04-05,88.06,97.38,187,170,,,EA,IMP
LEMUR-2-THE-CLEANER,2023-174CF,58333,PAY,D,US,2023-11-11,AFWTR,2025-05-08,87.55,97.38,166,140,,,EA,IMP
OUTPOST MISSION 2,2023-174CG,58334,PAY,+,US,2023-11-11,AFWTR,,92.16,97.39,383,377,,,EA,ORB
LEMUR-2-MANGO2A,2023-174CH,58335,PAY,D,US,2023-11-11,AFWTR,2024-11-01,88.67,97.41,219,198,,,EA,IMP
LEMUR-2-JK0903EM1407,2023-174CJ,58336,PAY,+,US,2023-11-11,AFWTR,,92.62,97.39,405,400,,,EA,ORB
LEMUR-2-MANGO2B,2023-174CK,58337,PAY,D,US,2023-11-11,AFWTR,2024-11-01,88.83,97.41,227,207,,,EA,IMP
BARRY-1 (OTP-1),2023-174CL,58338,PAY,D,US,2023-11-11,AFWTR,2025-04-07,87.69,97.38,169,151,,,EA,IMP
PLATFORM-5,2023-174CM,58339,PAY,D,BUL,2023-11-11,AFWTR,2025-04-17,88.23,97.39,196,178,,,EA,IMP
LEMUR-2-MJR092620,2023-174CN,58340,PAY,+,US,2023-11-11,AFWTR,,93.08,97.40,429,422,,,EA,ORB
NINJASAT,2023-174CP,58341,PAY,D,JPN,2023-11-11,AFWTR,2025-09-18,88.23,97.40,197,177,,,EA,IMP
PEARL 1C,2023-174CQ,58342,PAY,D,ROC,2023-11-11,AFWTR,2025-12-09,87.67,97.38,165,153,,,EA,IMP
PICO-01H004,2023-174CR,58343,PAY,D,IT,2023-11-11,AFWTR,2024-06-26,87.90,97.40,181,160,,,EA,IMP
PICO-01C008,2023-174CS,58344,PAY,D,IT,2023-11-11,AFWTR,2024-07-23,89.53,97.42,262,240,,,EA,IMP
PICO-01I002,2023-174CT,58345,PAY,D,IT,2023-11-11,AFWTR,2024-06-26,87.93,97.41,183,162,,,EA,IMP
O3B MPOWER F5,2023-175A,58346,PAY,P,O3B,2023-11-12,AFETR,,287.93,0.06,8074,8057,,,EA,ORB
O3B MPOWER F6,2023-175B,58347,PAY,P,O3B,2023-11-12,AFETR,,287.93,0.06,8072,8060,,,EA,ORB
FALCON 9 R/B,2023-175C,58348,R/B,,US,2023-11-12,AFETR,,195.96,9.02,7004,2591,,,EA,ORB
HAIYANG-3A,2023-176A,58349,PAY,+,PRC,2023-11-16,JSC,,100.41,98.54,785,771,,,EA,ORB
YZ-1S R/B,2023-176B,58350,R/B,D,PRC,2023-11-16,JSC,2023-11-21,92.47,98.59,675,117,,,EA,IMP
STARLINK-30901,2023-177A,58351,PAY,D,US,2023-11-18,AFETR,2024-05-02,87.84,42.97,173,162,,,EA,IMP
STARLINK-30907,2023-177B,58352,PAY,+,US,2023-11-18,AFETR,,94.27,43.00,484,482,,,EA,ORB
STARLINK-30896,2023-177C,58353,PAY,+,US,2023-11-18,AFETR,,94.27,43.00,485,482,,,EA,ORB
STARLINK-30832,2023-177D,58354,PAY,+,US,2023-11-18,AFETR,,94.27,43.00,484,482,,,EA,ORB
STARLINK-30903,2023-177E,58355,PAY,+,US,2023-11-18,AFETR,,94.27,43.00,484,482,,,EA,ORB
STARLINK-30905,2023-177F,58356,PAY,+,US,2023-11-18,AFETR,,94.27,43.00,484,482,,,EA,ORB
STARLINK-30842,2023-177G,58357,PAY,+,US,2023-11-18,AFETR,,94.11,43.01,479,472,,,EA,ORB
STARLINK-30858,2023-177H,58358,PAY,+,US,2023-11-18,AFETR,,94.27,43.00,484,482,,,EA,ORB
STARLINK-30878,2023-177J,58359,PAY,P,US,2023-11-18,AFETR,,94.27,43.00,484,482,,,EA,ORB
STARLINK-30897,2023-177K,58360,PAY,+,US,2023-11-18,AFETR,,94.27,43.00,484,482,,,EA,ORB
STARLINK-30885,2023-177L,58361,PAY,+,US,2023-11-18,AFETR,,94.27,43.00,484,482,,,EA,ORB
STARLINK-30890,2023-177M,58362,PAY,+,US,2023-11-18,AFETR,,94.27,43.00,484,483,,,EA,ORB
STARLINK-30909,2023-177N,58363,PAY,+,US,2023-11-18,AFETR,,94.27,43.00,485,482,,,EA,ORB
STARLINK-30904,2023-177P,58364,PAY,+,US,2023-11-18,AFETR,,95.28,43.00,539,525,,,EA,ORB
STARLINK-30918,2023-177Q,58365,PAY,+,US,2023-11-18,AFETR,,94.27,43.01,484,482,,,EA,ORB
STARLINK-30892,2023-177R,58366,PAY,+,US,2023-11-18,AFETR,,94.27,43.00,484,482,,,EA,ORB
STARLINK-30891,2023-177S,58367,PAY,+,US,2023-11-18,AFETR,,94.27,43.00,484,482,,,EA,ORB
STARLINK-30889,2023-177T,58368,PAY,+,US,2023-11-18,AFETR,,94.27,43.00,484,482,,,EA,ORB
STARLINK-30870,2023-177U,58369,PAY,+,US,2023-11-18,AFETR,,94.27,43.00,484,482,,,EA,ORB
STARLINK-30888,2023-177V,58370,PAY,+,US,2023-11-18,AFETR,,94.27,43.00,484,482,,,EA,ORB
STARLINK-30859,2023-177W,58371,PAY,+,US,2023-11-18,AFETR,,94.27,43.00,484,482,,,EA,ORB
STARLINK-30884,2023-177X,58372,PAY,+,US,2023-11-18,AFETR,,94.27,43.00,484,482,,,EA,ORB
STARLINK-30852,2023-177Y,58373,PAY,+,US,2023-11-18,AFETR,,94.27,43.00,484,482,,,EA,ORB
STARLINK-30911,2023-178A,58374,PAY,+,US,2023-11-20,AFWTR,,93.85,53.16,463,462,,,EA,ORB
STARLINK-30894,2023-178B,58375,PAY,+,US,2023-11-20,AFWTR,,93.85,53.16,464,462,,,EA,ORB
STARLINK-30910,2023-178C,58376,PAY,+,US,2023-11-20,AFWTR,,93.85,53.16,464,462,,,EA,ORB
STARLINK-30914,2023-178D,58377,PAY,+,US,2023-11-20,AFWTR,,93.85,53.16,464,462,,,EA,ORB
STARLINK-30920,2023-178E,58378,PAY,+,US,2023-11-20,AFWTR,,93.85,53.16,463,462,,,EA,ORB
STARLINK-30882,2023-178F,58379,PAY,+,US,2023-11-20,AFWTR,,93.85,53.16,463,462,,,EA,ORB
STARLINK-30915,2023-178G,58380,PAY,+,US,2023-11-20,AFWTR,,93.85,53.16,464,462,,,EA,ORB
STARLINK-30923,2023-178H,58381,PAY,+,US,2023-11-20,AFWTR,,93.69,53.16,456,454,,,EA,ORB
STARLINK-30927,2023-178J,58382,PAY,+,US,2023-11-20,AFWTR,,93.85,53.16,464,462,,,EA,ORB
STARLINK-30921,2023-178K,58383,PAY,+,US,2023-11-20,AFWTR,,93.85,53.16,464,462,,,EA,ORB
STARLINK-30825,2023-178L,58384,PAY,+,US,2023-11-20,AFWTR,,93.85,53.16,463,462,,,EA,ORB
STARLINK-30930,2023-178M,58385,PAY,+,US,2023-11-20,AFWTR,,93.85,53.16,463,462,,,EA,ORB
STARLINK-30929,2023-178N,58386,PAY,+,US,2023-11-20,AFWTR,,93.85,53.16,464,461,,,EA,ORB
STARLINK-30898,2023-178P,58387,PAY,+,US,2023-11-20,AFWTR,,93.85,53.16,464,462,,,EA,ORB
STARLINK-30913,2023-178Q,58388,PAY,+,US,2023-11-20,AFWTR,,93.85,53.16,464,462,,,EA,ORB
STARLINK-30938,2023-178R,58389,PAY,+,US,2023-11-20,AFWTR,,93.85,53.16,463,462,,,EA,ORB
STARLINK-30868,2023-178S,58390,PAY,+,US,2023-11-20,AFWTR,,93.85,53.16,464,462,,,EA,ORB
STARLINK-30916,2023-178T,58391,PAY,+,US,2023-11-20,AFWTR,,93.85,53.16,464,462,,,EA,ORB
STARLINK-30937,2023-178U,58392,PAY,D,US,2023-11-20,AFWTR,2025-09-25,88.71,53.13,221,200,,,EA,IMP
STARLINK-30939,2023-178V,58393,PAY,+,US,2023-11-20,AFWTR,,93.85,53.16,464,462,,,EA,ORB
STARLINK-30887,2023-178W,58394,PAY,+,US,2023-11-20,AFWTR,,93.85,53.16,463,462,,,EA,ORB
STARLINK-30934,2023-178X,58395,PAY,+,US,2023-11-20,AFWTR,,93.85,53.16,464,462,,,EA,ORB
MALLIGYONG-1,2023-179A,58400,PAY,+,NKOR,2023-11-21,YUN,,94.55,97.29,503,491,,,EA,ORB
CHOLLIMA-1 R/B,2023-179B,58401,R/B,,NKOR,2023-11-21,YUN,,91.86,97.30,372,359,,,EA,ORB
STARLINK-30964,2023-180A,58402,PAY,+,US,2023-11-22,AFETR,,94.27,43.00,484,482,,,EA,ORB
STARLINK-30844,2023-180B,58403,PAY,+,US,2023-11-22,AFETR,,94.27,43.00,484,482,,,EA,ORB
STARLINK-30876,2023-180C,58404,PAY,+,US,2023-11-22,AFETR,,94.27,43.00,484,482,,,EA,ORB
STARLINK-30952,2023-180D,58405,PAY,+,US,2023-11-22,AFETR,,94.27,43.00,484,482,,,EA,ORB
STARLINK-30925,2023-180E,58406,PAY,+,US,2023-11-22,AFETR,,94.27,43.00,484,482,,,EA,ORB
STARLINK-30954,2023-180F,58407,PAY,+,US,2023-11-22,AFETR,,94.27,43.00,484,482,,,EA,ORB
STARLINK-30906,2023-180G,58408,PAY,+,US,2023-11-22,AFETR,,94.27,43.00,484,482,,,EA,ORB
STARLINK-30940,2023-180H,58409,PAY,+,US,2023-11-22,AFETR,,94.27,43.00,484,482,,,EA,ORB
STARLINK-30933,2023-180J,58410,PAY,+,US,2023-11-22,AFETR,,94.27,43.00,484,482,,,EA,ORB
STARLINK-30919,2023-180K,58411,PAY,+,US,2023-11-22,AFETR,,94.27,43.00,483,483,,,EA,ORB
STARLINK-30924,2023-180L,58412,PAY,P,US,2023-11-22,AFETR,,91.31,42.99,359,318,,,EA,ORB
STARLINK-30931,2023-180M,58413,PAY,+,US,2023-11-22,AFETR,,94.27,43.00,484,482,,,EA,ORB
STARLINK-30922,2023-180N,58414,PAY,+,US,2023-11-22,AFETR,,94.27,43.00,484,483,,,EA,ORB
STARLINK-30949,2023-180P,58415,PAY,+,US,2023-11-22,AFETR,,94.27,43.00,484,482,,,EA,ORB
STARLINK-30967,2023-180Q,58416,PAY,+,US,2023-11-22,AFETR,,94.27,43.00,484,482,,,EA,ORB
STARLINK-30955,2023-180R,58417,PAY,+,US,2023-11-22,AFETR,,94.26,43.00,483,483,,,EA,ORB
STARLINK-30895,2023-180S,58418,PAY,+,US,2023-11-22,AFETR,,94.24,43.00,483,481,,,EA,ORB
STARLINK-30917,2023-180T,58419,PAY,+,US,2023-11-22,AFETR,,94.27,43.00,484,483,,,EA,ORB
STARLINK-30899,2023-180U,58420,PAY,+,US,2023-11-22,AFETR,,94.27,43.00,484,482,,,EA,ORB
STARLINK-30902,2023-180V,58421,PAY,+,US,2023-11-22,AFETR,,94.27,43.00,484,482,,,EA,ORB
STARLINK-30912,2023-180W,58422,PAY,+,US,2023-11-22,AFETR,,94.27,43.01,484,482,,,EA,ORB
STARLINK-30900,2023-180X,58423,PAY,+,US,2023-11-22,AFETR,,94.27,43.00,484,482,,,EA,ORB
STARLINK-30908,2023-180Y,58424,PAY,+,US,2023-11-22,AFETR,,94.27,43.00,484,482,,,EA,ORB
CHUANGXIN 20A (CX-20A),2023-181A,58425,PAY,+,PRC,2023-11-23,XICLF,,107.34,49.96,1114,1093,,,EA,ORB
CHUANGXIN 20B (CX-20B),2023-181B,58426,PAY,+,PRC,2023-11-23,XICLF,,107.34,49.96,1113,1095,,,EA,ORB
CHUANGXIN 20C (CX-20C),2023-181C,58427,PAY,+,PRC,2023-11-23,XICLF,,107.34,49.96,1113,1095,,,EA,ORB
OBJECT D,2023-165D,58428,UNK,,CIS,2023-10-27,PLMSC,,103.05,67.15,917,888,,,EA,ORB
COSMOS 2572,2023-182A,58435,PAY,+,CIS,2023-11-25,PLMSC,,90.50,96.68,301,297,,,EA,ORB
SL-4 R/B,2023-182B,58436,R/B,D,CIS,2023-11-25,PLMSC,2024-03-02,86.89,96.62,126,115,,,EA,IMP
STARLINK-30869,2023-183A,58437,PAY,+,US,2023-11-28,AFETR,,94.26,43.00,483,483,,,EA,ORB
STARLINK-30969,2023-183B,58438,PAY,+,US,2023-11-28,AFETR,,94.27,43.00,484,482,,,EA,ORB
STARLINK-30951,2023-183C,58439,PAY,+,US,2023-11-28,AFETR,,94.27,43.00,484,482,,,EA,ORB
STARLINK-30950,2023-183D,58440,PAY,+,US,2023-11-28,AFETR,,94.27,43.00,484,482,,,EA,ORB
STARLINK-30942,2023-183E,58441,PAY,+,US,2023-11-28,AFETR,,94.27,43.00,484,482,,,EA,ORB
STARLINK-30959,2023-183F,58442,PAY,+,US,2023-11-28,AFETR,,94.27,43.00,484,482,,,EA,ORB
STARLINK-30971,2023-183G,58443,PAY,+,US,2023-11-28,AFETR,,94.27,43.00,484,482,,,EA,ORB
STARLINK-30963,2023-183H,58444,PAY,+,US,2023-11-28,AFETR,,94.27,43.00,484,482,,,EA,ORB
STARLINK-30961,2023-183J,58445,PAY,+,US,2023-11-28,AFETR,,94.27,43.00,484,482,,,EA,ORB
STARLINK-30975,2023-183K,58446,PAY,+,US,2023-11-28,AFETR,,94.27,43.00,484,483,,,EA,ORB
STARLINK-30976,2023-183L,58447,PAY,+,US,2023-11-28,AFETR,,94.27,43.00,484,482,,,EA,ORB
STARLINK-30926,2023-183M,58448,PAY,+,US,2023-11-28,AFETR,,94.27,43.00,484,482,,,EA,ORB
STARLINK-30943,2023-183N,58449,PAY,+,US,2023-11-28,AFETR,,94.27,43.00,484,482,,,EA,ORB
STARLINK-30946,2023-183P,58450,PAY,+,US,2023-11-28,AFETR,,94.27,43.00,484,483,,,EA,ORB
STARLINK-30944,2023-183Q,58451,PAY,+,US,2023-11-28,AFETR,,94.27,43.00,484,482,,,EA,ORB
STARLINK-30928,2023-183R,58452,PAY,+,US,2023-11-28,AFETR,,94.27,43.00,484,482,,,EA,ORB
STARLINK-30957,2023-183S,58453,PAY,+,US,2023-11-28,AFETR,,94.27,43.00,484,483,,,EA,ORB
STARLINK-30966,2023-183T,58454,PAY,+,US,2023-11-28,AFETR,,94.27,43.00,483,483,,,EA,ORB
STARLINK-30935,2023-183U,58455,PAY,+,US,2023-11-28,AFETR,,94.27,43.00,484,482,,,EA,ORB
STARLINK-30960,2023-183V,58456,PAY,D,US,2023-11-28,AFETR,2026-03-31,88.68,42.98,228,191,,,EA,IMP
STARLINK-30958,2023-183W,58457,PAY,+,US,2023-11-28,AFETR,,94.27,43.00,484,483,,,EA,ORB
STARLINK-30962,2023-183X,58458,PAY,+,US,2023-11-28,AFETR,,94.27,43.00,484,482,,,EA,ORB
STARLINK-30977,2023-183Y,58459,PAY,+,US,2023-11-28,AFETR,,94.27,43.00,484,482,,,EA,ORB
PROGRESS-MS 25,2023-184A,58460,PAY,D,CIS,2023-12-01,TYMSC,2024-05-28,92.87,51.64,419,411,,,EA,IMP
SL-4 R/B,2023-184B,58461,R/B,D,CIS,2023-12-01,TYMSC,2023-12-02,87.40,51.65,150,142,,,EA,IMP
GNOMES-4,2023-185A,58462,PAY,+,US,2023-12-01,AFWTR,,95.93,97.48,571,555,,,EA,ORB
KORSAT-7,2023-185B,58463,PAY,+,SKOR,2023-12-01,AFWTR,,95.93,97.64,581,546,,,EA,ORB
KOYOH,2023-185C,58464,PAY,+,JPN,2023-12-01,AFWTR,,94.81,97.53,515,504,,,EA,ORB
BANE,2023-185D,58465,PAY,D,US,2023-12-01,AFWTR,2026-06-14,87.48,97.31,158,141,,,EA,IMP
UHETSAT,2023-185E,58466,PAY,+,IT,2023-12-01,AFWTR,,94.00,97.34,480,460,,,EA,ORB
LILIUM-1,2023-185F,58467,PAY,D,ROC,2023-12-01,AFWTR,2026-06-01,88.28,97.31,199,180,,,EA,IMP
SPIRIT,2023-185G,58468,PAY,D,AUS,2023-12-01,AFWTR,2026-08-01,87.81,97.31,175,157,,,EA,IMP
ION SCV-015,2023-185H,58469,PAY,+,IT,2023-12-01,AFWTR,,93.89,97.57,470,459,,,EA,ORB
ROBUSTA-1E (ENSO),2023-185J,58470,PAY,D,FR,2023-12-01,AFWTR,2025-11-09,87.98,97.33,182,168,,,EA,IMP
HAYASAT-1,2023-185K,58471,PAY,D,ARM,2023-12-01,AFWTR,2025-04-25,88.00,97.34,185,165,,,EA,IMP
EIRSAT-1,2023-185L,58472,PAY,D,IRL,2023-12-01,AFWTR,2025-09-04,87.33,97.33,149,135,,,EA,IMP
STARLINK-30947,2023-186A,58473,PAY,+,US,2023-12-03,AFETR,,94.27,43.00,484,482,,,EA,ORB
STARLINK-30995,2023-186B,58474,PAY,D,US,2023-12-03,AFETR,2026-03-16,89.25,42.97,249,226,,,EA,IMP
STARLINK-30941,2023-186C,58475,PAY,+,US,2023-12-03,AFETR,,94.27,43.00,484,482,,,EA,ORB
STARLINK-30980,2023-186D,58476,PAY,+,US,2023-12-03,AFETR,,94.27,43.00,484,482,,,EA,ORB
STARLINK-30965,2023-186E,58477,PAY,+,US,2023-12-03,AFETR,,94.27,43.00,484,482,,,EA,ORB
STARLINK-30990,2023-186F,58478,PAY,+,US,2023-12-03,AFETR,,94.27,43.00,484,482,,,EA,ORB
STARLINK-30974,2023-186G,58479,PAY,D,US,2023-12-03,AFETR,2024-11-07,88.91,42.98,234,207,,,EA,IMP
STARLINK-30984,2023-186H,58480,PAY,+,US,2023-12-03,AFETR,,94.27,43.00,485,481,,,EA,ORB
STARLINK-30956,2023-186J,58481,PAY,+,US,2023-12-03,AFETR,,94.27,43.00,484,482,,,EA,ORB
STARLINK-30997,2023-186K,58482,PAY,+,US,2023-12-03,AFETR,,94.27,43.00,483,483,,,EA,ORB
STARLINK-30994,2023-186L,58483,PAY,+,US,2023-12-03,AFETR,,93.50,42.99,456,436,,,EA,ORB
STARLINK-30991,2023-186M,58484,PAY,+,US,2023-12-03,AFETR,,94.27,43.00,484,482,,,EA,ORB
STARLINK-30979,2023-186N,58485,PAY,+,US,2023-12-03,AFETR,,94.27,43.00,484,482,,,EA,ORB
STARLINK-31005,2023-186P,58486,PAY,+,US,2023-12-03,AFETR,,94.27,42.99,485,482,,,EA,ORB
STARLINK-30987,2023-186Q,58487,PAY,+,US,2023-12-03,AFETR,,94.27,43.00,484,483,,,EA,ORB
STARLINK-31000,2023-186R,58488,PAY,+,US,2023-12-03,AFETR,,94.27,43.00,484,482,,,EA,ORB
STARLINK-30993,2023-186S,58489,PAY,+,US,2023-12-03,AFETR,,94.27,43.00,484,482,,,EA,ORB
STARLINK-30978,2023-186T,58490,PAY,+,US,2023-12-03,AFETR,,94.27,43.00,484,482,,,EA,ORB
STARLINK-30953,2023-186U,58491,PAY,+,US,2023-12-03,AFETR,,94.27,43.01,484,482,,,EA,ORB
STARLINK-30986,2023-186V,58492,PAY,+,US,2023-12-03,AFETR,,94.27,43.00,484,482,,,EA,ORB
STARLINK-30985,2023-186W,58493,PAY,+,US,2023-12-03,AFETR,,94.27,43.00,484,482,,,EA,ORB
STARLINK-30981,2023-186X,58494,PAY,+,US,2023-12-03,AFETR,,94.27,43.00,484,482,,,EA,ORB
STARLINK-31002,2023-186Y,58495,PAY,+,US,2023-12-03,AFETR,,94.27,43.00,484,482,,,EA,ORB
XINGCHI-1 02A,2023-187A,58496,PAY,+,EGYP,2023-12-04,JSC,,97.01,97.92,622,608,,,EA,ORB
MISRSAT-2,2023-187B,58497,PAY,+,EGYP,2023-12-04,JSC,,97.08,97.92,625,612,,,EA,ORB
XINGCHI-1 02B,2023-187C,58498,PAY,+,PRC,2023-12-04,JSC,,96.91,97.93,617,604,,,EA,ORB
CZ-2C R/B,2023-187D,58499,R/B,,PRC,2023-12-04,JSC,,96.51,98.13,616,567,,,EA,ORB
DOORY-SAT,2023-188A,58500,PAY,+,SKOR,2023-12-04,JJSLA,,97.25,46.98,633,621,,,EA,ORB
TLV R/B,2023-188B,58501,R/B,,SKOR,2023-12-04,JJSLA,,94.09,46.93,548,401,,,EA,ORB
OBJECT A,2023-189A,58502,PAY,+,PRC,2023-12-04,JSC,,93.88,97.44,473,456,,,EA,ORB
OBJECT B,2023-189B,58503,PAY,D,PRC,2023-12-04,JSC,2026-06-07,88.41,97.36,204,188,,,EA,IMP
OBJECT C,2023-189C,58504,UNK,D,PRC,2023-12-04,JSC,2024-09-30,87.53,97.41,157,147,,,EA,IMP
CHUANGXIN 19 (CX-19),2023-190A,58505,PAY,+,PRC,2023-12-05,SCSLA,,107.50,86.51,1112,1110,,,EA,ORB
JIELONG-3 DEB,2023-190B,58506,DEB,D,PRC,2023-12-05,SCSLA,2025-07-07,88.23,86.52,195,179,,,EA,IMP
JIELONG-3 R/B,2023-190C,58507,R/B,,PRC,2023-12-05,SCSLA,,94.41,86.56,647,333,,,EA,ORB
STARLINK-31026,2023-191A,58508,PAY,+,US,2023-12-07,AFETR,,94.27,43.00,484,482,,,EA,ORB
STARLINK-31020,2023-191B,58509,PAY,P,US,2023-12-07,AFETR,,94.27,43.00,484,482,,,EA,ORB
STARLINK-30989,2023-191C,58510,PAY,+,US,2023-12-07,AFETR,,94.27,43.00,484,482,,,EA,ORB
STARLINK-30968,2023-191D,58511,PAY,+,US,2023-12-07,AFETR,,94.27,43.00,484,482,,,EA,ORB
STARLINK-30982,2023-191E,58512,PAY,+,US,2023-12-07,AFETR,,94.27,43.00,484,482,,,EA,ORB
STARLINK-30998,2023-191F,58513,PAY,+,US,2023-12-07,AFETR,,94.27,43.00,484,482,,,EA,ORB
STARLINK-30983,2023-191G,58514,PAY,+,US,2023-12-07,AFETR,,94.27,43.00,484,482,,,EA,ORB
STARLINK-31017,2023-191H,58515,PAY,+,US,2023-12-07,AFETR,,94.27,43.00,484,482,,,EA,ORB
STARLINK-31028,2023-191J,58516,PAY,+,US,2023-12-07,AFETR,,94.27,43.00,484,482,,,EA,ORB
STARLINK-31011,2023-191K,58517,PAY,+,US,2023-12-07,AFETR,,94.27,43.00,484,482,,,EA,ORB
STARLINK-31021,2023-191L,58518,PAY,+,US,2023-12-07,AFETR,,94.27,43.00,484,482,,,EA,ORB
STARLINK-31010,2023-191M,58519,PAY,+,US,2023-12-07,AFETR,,94.27,43.00,484,482,,,EA,ORB
STARLINK-31003,2023-191N,58520,PAY,+,US,2023-12-07,AFETR,,94.27,43.00,485,481,,,EA,ORB
STARLINK-31015,2023-191P,58521,PAY,+,US,2023-12-07,AFETR,,94.27,43.00,484,482,,,EA,ORB
STARLINK-31023,2023-191Q,58522,PAY,D,US,2023-12-07,AFETR,2026-03-31,88.58,42.99,208,200,,,EA,IMP
STARLINK-30932,2023-191R,58523,PAY,+,US,2023-12-07,AFETR,,94.27,43.00,484,482,,,EA,ORB
STARLINK-30992,2023-191S,58524,PAY,+,US,2023-12-07,AFETR,,94.27,43.00,484,482,,,EA,ORB
STARLINK-30948,2023-191T,58525,PAY,+,US,2023-12-07,AFETR,,94.27,43.00,484,482,,,EA,ORB
STARLINK-31013,2023-191U,58526,PAY,+,US,2023-12-07,AFETR,,95.24,43.00,537,523,,,EA,ORB
STARLINK-31001,2023-191V,58527,PAY,+,US,2023-12-07,AFETR,,94.27,43.00,484,482,,,EA,ORB
STARLINK-31004,2023-191W,58528,PAY,+,US,2023-12-07,AFETR,,94.26,43.00,484,482,,,EA,ORB
STARLINK-30988,2023-191X,58529,PAY,+,US,2023-12-07,AFETR,,94.27,43.00,484,482,,,EA,ORB
STARLINK-31009,2023-191Y,58530,PAY,+,US,2023-12-07,AFETR,,94.27,43.00,484,482,,,EA,ORB
STARLINK-31012,2023-192A,58531,PAY,+,US,2023-12-08,AFWTR,,93.85,53.16,464,462,,,EA,ORB
STARLINK-31035,2023-192B,58532,PAY,+,US,2023-12-08,AFWTR,,93.85,53.16,464,462,,,EA,ORB
STARLINK-31036,2023-192C,58533,PAY,+,US,2023-12-08,AFWTR,,93.85,53.16,465,461,,,EA,ORB
STARLINK-30936,2023-192D,58534,PAY,+,US,2023-12-08,AFWTR,,94.01,53.16,471,470,,,EA,ORB
STARLINK-31032,2023-192E,58535,PAY,+,US,2023-12-08,AFWTR,,93.85,53.16,463,462,,,EA,ORB
STARLINK-31037,2023-192F,58536,PAY,+,US,2023-12-08,AFWTR,,93.85,53.16,464,462,,,EA,ORB
STARLINK-31041,2023-192G,58537,PAY,+,US,2023-12-08,AFWTR,,93.85,53.16,464,462,,,EA,ORB
STARLINK-31014,2023-192H,58538,PAY,+,US,2023-12-08,AFWTR,,93.85,53.16,464,462,,,EA,ORB
STARLINK-31055,2023-192J,58539,PAY,+,US,2023-12-08,AFWTR,,93.85,53.16,463,462,,,EA,ORB
STARLINK-31019,2023-192K,58540,PAY,+,US,2023-12-08,AFWTR,,93.85,53.16,464,462,,,EA,ORB
STARLINK-31045,2023-192L,58541,PAY,+,US,2023-12-08,AFWTR,,94.05,53.16,474,472,,,EA,ORB
STARLINK-31030,2023-192M,58542,PAY,+,US,2023-12-08,AFWTR,,93.85,53.16,464,462,,,EA,ORB
STARLINK-31049,2023-192N,58543,PAY,+,US,2023-12-08,AFWTR,,93.85,53.16,464,462,,,EA,ORB
STARLINK-31048,2023-192P,58544,PAY,+,US,2023-12-08,AFWTR,,93.85,53.16,464,462,,,EA,ORB
STARLINK-31057,2023-192Q,58545,PAY,+,US,2023-12-08,AFWTR,,93.85,53.16,463,462,,,EA,ORB
STARLINK-31050,2023-192R,58546,PAY,+,US,2023-12-08,AFWTR,,93.85,53.16,464,462,,,EA,ORB
STARLINK-31063,2023-192S,58547,PAY,+,US,2023-12-08,AFWTR,,93.85,53.16,463,462,,,EA,ORB
STARLINK-31016,2023-192T,58548,PAY,+,US,2023-12-08,AFWTR,,93.85,53.16,463,462,,,EA,ORB
STARLINK-31053,2023-192U,58549,PAY,+,US,2023-12-08,AFWTR,,93.85,53.16,464,462,,,EA,ORB
STARLINK-31056,2023-192V,58550,PAY,+,US,2023-12-08,AFWTR,,93.85,53.16,463,462,,,EA,ORB
STARLINK-30999,2023-192W,58551,PAY,+,US,2023-12-08,AFWTR,,93.85,53.16,464,462,,,EA,ORB
STARLINK-31046,2023-192X,58552,PAY,+,US,2023-12-08,AFWTR,,93.85,53.16,464,462,,,EA,ORB
TIANYI-33,2023-193A,58553,PAY,D,PRC,2023-12-08,JSC,2025-05-03,87.85,97.19,174,162,,,EA,IMP
HONGHU 1,2023-193B,58554,PAY,D,PRC,2023-12-08,JSC,2025-02-28,87.26,97.20,145,132,,,EA,IMP
HONGHU 2,2023-193C,58555,PAY,+,PRC,2023-12-08,JSC,,93.46,97.28,473,414,,,EA,ORB
ZHUQUE-2 R/B,2023-193D,58556,R/B,D,PRC,2023-12-08,JSC,2025-02-02,87.41,97.22,151,141,,,EA,IMP
YAOGAN-39 05A,2023-194A,58557,PAY,+,PRC,2023-12-10,XICLF,,94.55,35.00,501,493,,,EA,ORB
YAOGAN-39 05B,2023-194B,58558,PAY,+,PRC,2023-12-10,XICLF,,94.96,34.99,524,509,,,EA,ORB
YAOGAN-39 05C,2023-194C,58559,PAY,+,PRC,2023-12-10,XICLF,,94.96,34.99,528,505,,,EA,ORB
CZ-2D DEB,2023-194D,58560,DEB,D,PRC,2023-12-10,XICLF,2024-09-01,90.28,34.98,298,278,,,EA,IMP
CZ-2D R/B,2023-194E,58561,R/B,D,PRC,2023-12-10,XICLF,2024-09-24,88.55,34.97,208,197,,,EA,IMP
ALISIO-1,2023-185M,58562,PAY,+,SPN,2023-12-01,AFWTR,,94.90,97.53,519,508,,,EA,ORB
PICO-01F006,2023-174CU,58563,PAY,D,IT,2023-11-11,AFWTR,2024-06-27,89.39,97.43,257,231,,,EA,IMP
PICO-01E001,2023-174CV,58564,PAY,D,IT,2023-11-11,AFWTR,2024-06-25,88.52,97.42,215,188,,,EA,IMP
INTUITION-1,2023-174CW,58565,PAY,D,POL,2023-11-11,AFWTR,2026-03-23,88.76,97.36,219,207,,,EA,IMP
UNICORN-2J,2023-174CX,58566,PAY,D,GER,2023-11-11,AFWTR,2024-06-27,89.49,97.43,261,237,,,EA,IMP
HADES-D (SO-121),2023-174CY,58567,PAY,D,SPN,2023-11-11,AFWTR,2024-11-06,89.09,97.41,236,223,,,EA,IMP
OBJECT CZ,2023-174CZ,58568,UNK,D,TBD,2023-11-11,AFWTR,2024-12-20,88.93,97.41,229,215,,,EA,IMP
UNICORN-2K,2023-174DA,58569,PAY,D,GER,2023-11-11,AFWTR,2024-06-26,89.40,97.39,260,230,,,EA,IMP
OBJECT DB,2023-174DB,58570,UNK,,TBD,2023-11-11,AFWTR,,89.14,97.35,239,225,,,EA,ORB
OBJECT DC,2023-174DC,58571,UNK,D,TBD,2023-11-11,AFWTR,2025-03-19,88.34,97.38,200,185,,,EA,IMP
TIME WE'LL TELL,2023-174DD,58572,PAY,D,US,2023-11-11,AFWTR,2024-12-04,88.18,97.40,192,177,,,EA,IMP
PRC TEST SPACECRAFT 3,2023-195A,58573,PAY,D,PRC,2023-12-14,JSC,2024-09-06,91.37,49.98,343,341,,,EA,IMP
CZ-2F R/B,2023-195B,58574,R/B,D,PRC,2023-12-14,JSC,2024-03-10,87.34,49.97,147,138,,,EA,IMP
CZ-2F DEB,2023-195C,58575,DEB,D,PRC,2023-12-14,JSC,2024-01-19,88.84,49.75,232,202,,,EA,IMP
CZ-2F DEB,2023-195D,58576,DEB,D,PRC,2023-12-14,JSC,2024-01-07,89.50,50.32,276,223,,,EA,IMP
CZ-2F DEB,2023-195E,58577,DEB,D,PRC,2023-12-14,JSC,2024-02-03,87.94,49.78,179,165,,,EA,IMP
QPS-SAR-5 (TSUKUYOMI-I),2023-196A,58578,PAY,+,JPN,2023-12-15,RLLB,,94.49,42.01,513,475,,,EA,ORB
ELECTRON KICK STAGE R/B,2023-196B,58579,R/B,,US,2023-12-15,RLLB,,95.08,42.02,536,508,,,EA,ORB
ELECTRON R/B,2023-196C,58580,R/B,D,US,2023-12-15,RLLB,2024-01-12,87.66,42.00,172,145,,,EA,IMP
CZ-2F DEB,2023-195F,58581,DEB,D,PRC,2023-12-14,JSC,2024-01-01,90.06,50.25,312,243,,,EA,IMP
YAOGAN-41,2023-197A,58582,PAY,+,PRC,2023-12-15,WSC,,1436.13,3.01,35845,35729,,,EA,ORB
CZ-5 R/B,2023-197B,58583,R/B,,PRC,2023-12-15,WSC,,586.44,18.79,33397,263,,,EA,ORB
ARKTIKA-M 2,2023-198A,58584,PAY,+,CIS,2023-12-16,TYMSC,,717.87,63.21,38509,1850,,,EA,ORB
FREGAT R/B,2023-198B,58585,R/B,,CIS,2023-12-16,TYMSC,,723.38,63.24,38918,1712,,,EA,ORB
LIANGXI (DEAR-1),2023-199A,58586,PAY,D,PRC,2023-12-17,JSC,2025-10-01,88.44,97.43,203,192,,,EA,IMP
SQX-1 R/B,2023-199B,58587,R/B,D,PRC,2023-12-17,JSC,2024-04-07,87.25,97.67,152,124,,,EA,IMP
SQX-1 DEB,2023-199C,58588,DEB,D,PRC,2023-12-17,JSC,2023-12-31,87.39,97.71,167,123,,,EA,IMP
STARLINK-31044,2023-200A,58589,PAY,+,US,2023-12-19,AFETR,,94.27,43.01,485,481,,,EA,ORB
STARLINK-31062,2023-200B,58590,PAY,+,US,2023-12-19,AFETR,,94.27,43.00,484,482,,,EA,ORB
STARLINK-31043,2023-200C,58591,PAY,D,US,2023-12-19,AFETR,2025-05-08,88.68,42.99,214,203,,,EA,IMP
STARLINK-31096,2023-200D,58592,PAY,P,US,2023-12-19,AFETR,,93.32,43.00,450,424,,,EA,ORB
STARLINK-31094,2023-200E,58593,PAY,+,US,2023-12-19,AFETR,,94.27,43.00,484,482,,,EA,ORB
STARLINK-31075,2023-200F,58594,PAY,+,US,2023-12-19,AFETR,,94.28,43.00,484,482,,,EA,ORB
STARLINK-30857,2023-200G,58595,PAY,+,US,2023-12-19,AFETR,,94.27,43.01,484,482,,,EA,ORB
STARLINK-31059,2023-200H,58596,PAY,+,US,2023-12-19,AFETR,,94.27,43.00,484,482,,,EA,ORB
STARLINK-31087,2023-200J,58597,PAY,+,US,2023-12-19,AFETR,,94.27,43.00,484,483,,,EA,ORB
STARLINK-31079,2023-200K,58598,PAY,P,US,2023-12-19,AFETR,,91.13,42.97,350,310,,,EA,ORB
STARLINK-31072,2023-200L,58599,PAY,D,US,2023-12-19,AFETR,2025-05-23,88.76,42.98,221,205,,,EA,IMP
STARLINK-31052,2023-200M,58600,PAY,+,US,2023-12-19,AFETR,,94.27,43.00,484,482,,,EA,ORB
STARLINK-31074,2023-200N,58601,PAY,+,US,2023-12-19,AFETR,,94.27,43.00,484,482,,,EA,ORB
STARLINK-31071,2023-200P,58602,PAY,+,US,2023-12-19,AFETR,,94.27,43.00,484,482,,,EA,ORB
STARLINK-31080,2023-200Q,58603,PAY,+,US,2023-12-19,AFETR,,94.27,43.00,484,482,,,EA,ORB
STARLINK-31088,2023-200R,58604,PAY,+,US,2023-12-19,AFETR,,94.27,43.00,484,482,,,EA,ORB
STARLINK-31038,2023-200S,58605,PAY,P,US,2023-12-19,AFETR,,93.27,43.00,446,423,,,EA,ORB
STARLINK-31082,2023-200T,58606,PAY,+,US,2023-12-19,AFETR,,94.27,43.00,484,482,,,EA,ORB
STARLINK-31069,2023-200U,58607,PAY,+,US,2023-12-19,AFETR,,94.27,43.00,484,483,,,EA,ORB
STARLINK-31067,2023-200V,58608,PAY,+,US,2023-12-19,AFETR,,94.27,43.00,484,482,,,EA,ORB
STARLINK-31085,2023-200W,58609,PAY,+,US,2023-12-19,AFETR,,94.27,43.01,484,482,,,EA,ORB
STARLINK-31089,2023-200X,58610,PAY,+,US,2023-12-19,AFETR,,94.27,43.00,484,482,,,EA,ORB
STARLINK-31061,2023-200Y,58611,PAY,+,US,2023-12-19,AFETR,,94.27,43.01,484,482,,,EA,ORB
COSMOS 2573,2023-201A,58614,PAY,+,CIS,2023-12-21,PLMSC,,94.41,97.63,492,488,,,EA,ORB
SL-4 R/B,2023-201B,58615,R/B,D,CIS,2023-12-21,PLMSC,2024-07-14,87.30,97.55,148,133,,,EA,IMP
TANTRUM (TYVAK-1015),2023-202A,58616,PAY,D,US,2023-12-22,AFWTR,2024-02-10,87.43,140.02,163,131,,,EA,IMP
FIREFLY ALPHA R/B,2023-202B,58617,R/B,D,US,2023-12-22,AFWTR,2024-01-19,87.82,140.01,189,144,,,EA,IMP
STARLINK-31119,2023-203A,58618,PAY,D,US,2023-12-23,AFETR,2023-12-26,88.49,43.00,213,187,,,EA,IMP
STARLINK-31054,2023-203B,58619,PAY,+,US,2023-12-23,AFETR,,94.27,43.00,484,482,,,EA,ORB
STARLINK-31118,2023-203C,58620,PAY,D,US,2023-12-23,AFETR,2024-11-28,88.81,42.98,221,211,,,EA,IMP
STARLINK-31134,2023-203D,58621,PAY,+,US,2023-12-23,AFETR,,94.27,43.00,484,482,,,EA,ORB
STARLINK-31133,2023-203E,58622,PAY,+,US,2023-12-23,AFETR,,94.27,43.00,484,482,,,EA,ORB
STARLINK-31068,2023-203F,58623,PAY,+,US,2023-12-23,AFETR,,94.27,43.00,484,482,,,EA,ORB
STARLINK-31129,2023-203G,58624,PAY,+,US,2023-12-23,AFETR,,94.26,43.00,484,482,,,EA,ORB
STARLINK-30774,2023-203H,58625,PAY,+,US,2023-12-23,AFETR,,94.27,43.00,484,482,,,EA,ORB
STARLINK-31086,2023-203J,58626,PAY,+,US,2023-12-23,AFETR,,94.27,43.00,484,482,,,EA,ORB
STARLINK-31065,2023-203K,58627,PAY,+,US,2023-12-23,AFETR,,94.27,43.00,484,483,,,EA,ORB
STARLINK-31092,2023-203L,58628,PAY,+,US,2023-12-23,AFETR,,94.27,43.00,484,482,,,EA,ORB
STARLINK-31091,2023-203M,58629,PAY,+,US,2023-12-23,AFETR,,94.27,43.00,484,482,,,EA,ORB
STARLINK-31084,2023-203N,58630,PAY,+,US,2023-12-23,AFETR,,94.27,43.00,484,482,,,EA,ORB
STARLINK-31064,2023-203P,58631,PAY,+,US,2023-12-23,AFETR,,94.27,43.00,484,482,,,EA,ORB
STARLINK-31081,2023-203Q,58632,PAY,+,US,2023-12-23,AFETR,,94.27,43.00,484,482,,,EA,ORB
STARLINK-31022,2023-203R,58633,PAY,+,US,2023-12-23,AFETR,,94.27,43.00,484,482,,,EA,ORB
STARLINK-31025,2023-203S,58634,PAY,+,US,2023-12-23,AFETR,,94.27,43.00,484,482,,,EA,ORB
STARLINK-31018,2023-203T,58635,PAY,+,US,2023-12-23,AFETR,,94.27,43.00,484,482,,,EA,ORB
STARLINK-31008,2023-203U,58636,PAY,+,US,2023-12-23,AFETR,,94.27,43.00,484,482,,,EA,ORB
STARLINK-31077,2023-203V,58637,PAY,+,US,2023-12-23,AFETR,,94.27,43.00,484,482,,,EA,ORB
STARLINK-31078,2023-203W,58638,PAY,+,US,2023-12-23,AFETR,,94.27,43.00,484,482,,,EA,ORB
STARLINK-31070,2023-203X,58639,PAY,+,US,2023-12-23,AFETR,,94.27,43.00,484,482,,,EA,ORB
STARLINK-31090,2023-203Y,58640,PAY,+,US,2023-12-23,AFETR,,94.27,43.00,484,482,,,EA,ORB
DRAGON CRS-29 DEB,2023-173B,58641,DEB,D,US,2023-11-10,AFETR,2024-01-10,87.35,51.62,154,132,,,EA,IMP
UNICORN-2N,2023-185N,58642,PAY,D,GER,2023-12-01,AFWTR,2024-12-25,87.73,97.55,169,155,,,EA,IMP
SARAH-2,2023-204A,58643,PAY,P,GER,2023-12-24,AFWTR,,,,,,,NEA,EA,ORB
SARAH-3,2023-204B,58644,PAY,P,GER,2023-12-24,AFWTR,,,,,,,NEA,EA,ORB
TIANMU-1 11,2023-205A,58645,PAY,+,PRC,2023-12-25,JSC,,94.27,97.34,490,476,,,EA,ORB
TIANMU-1 12,2023-205B,58646,PAY,+,PRC,2023-12-25,JSC,,94.29,97.34,491,478,,,EA,ORB
TIANMU-1 13,2023-205C,58647,PAY,+,PRC,2023-12-25,JSC,,94.29,97.35,490,478,,,EA,ORB
TIANMU-1 14,2023-205D,58648,PAY,+,PRC,2023-12-25,JSC,,94.29,97.34,490,478,,,EA,ORB
KZ-1A R/B,2023-205E,58649,R/B,D,PRC,2023-12-25,JSC,2024-02-14,87.01,97.38,137,115,,,EA,IMP
SHIYAN-24C 01,2023-206A,58650,PAY,+,PRC,2023-12-25,SCSLA,,96.10,97.41,573,570,,,EA,ORB
SHIYAN-24C 02,2023-206B,58651,PAY,+,PRC,2023-12-25,SCSLA,,96.10,97.41,572,571,,,EA,ORB
SHIYAN-24C 03,2023-206C,58652,PAY,+,PRC,2023-12-25,SCSLA,,96.10,97.41,573,570,,,EA,ORB
CZ-11 R/B,2023-206D,58653,R/B,D,PRC,2023-12-25,SCSLA,2024-01-18,87.49,97.17,187,113,,,EA,IMP
BEIDOU-3 M28,2023-207A,58654,PAY,+,PRC,2023-12-26,XICLF,,773.24,55.81,21532,21524,,,EA,ORB
BEIDOU-3 M26,2023-207B,58655,PAY,+,PRC,2023-12-26,XICLF,,773.24,55.81,21530,21526,,,EA,ORB
YZ-1 R/B,2023-207C,58656,R/B,,PRC,2023-12-26,XICLF,,803.27,55.90,22320,22172,,,EA,ORB
CZ-3B R/B,2023-207D,58657,R/B,,PRC,2023-12-26,XICLF,,304.33,54.98,16859,360,,,EA,ORB
COSMOS 2574,2023-209A,58658,PAY,D,CIS,2023-12-27,PLMSC,2025-11-14,87.41,96.62,148,145,,,EA,IMP
SL-4 R/B,2023-209B,58659,R/B,D,CIS,2023-12-27,PLMSC,2024-05-03,87.29,96.71,146,135,,,EA,IMP
TIANMU-1 19,2023-208A,58660,PAY,+,PRC,2023-12-27,JSC,,93.97,97.45,473,464,,,EA,ORB
TIANMU-1 20,2023-208B,58661,PAY,+,PRC,2023-12-27,JSC,,93.89,97.45,471,459,,,EA,ORB
TIANMU-1 21,2023-208C,58662,PAY,+,PRC,2023-12-27,JSC,,93.74,97.45,463,452,,,EA,ORB
TIANMU-1 22,2023-208D,58663,PAY,+,PRC,2023-12-27,JSC,,94.00,97.45,474,467,,,EA,ORB
KZ-1A R/B,2023-208E,58664,R/B,D,PRC,2023-12-27,JSC,2024-01-04,87.46,97.36,177,120,,,EA,IMP
MDQUBESAT-2,2023-185P,58665,PAY,D,ARGN,2023-12-01,AFWTR,2026-06-04,88.91,97.52,232,209,,,EA,IMP
OTV 7 (USA 349),2023-210A,58666,PAY,D,US,2023-12-29,AFETR,2025-03-07,,,,,,NEA,EA,LAN
STARLINK-31130,2023-211A,58667,PAY,D,US,2023-12-29,AFETR,2024-01-04,88.25,43.00,191,185,,,EA,IMP
STARLINK-31113,2023-211B,58668,PAY,+,US,2023-12-29,AFETR,,94.27,43.00,484,482,,,EA,ORB
STARLINK-31128,2023-211C,58669,PAY,+,US,2023-12-29,AFETR,,94.26,43.00,484,482,,,EA,ORB
STARLINK-31083,2023-211D,58670,PAY,+,US,2023-12-29,AFETR,,94.27,43.00,484,482,,,EA,ORB
STARLINK-30828,2023-211E,58671,PAY,+,US,2023-12-29,AFETR,,94.27,43.00,484,482,,,EA,ORB
STARLINK-31104,2023-211F,58672,PAY,P,US,2023-12-29,AFETR,,91.86,42.98,383,348,,,EA,ORB
STARLINK-31131,2023-211G,58673,PAY,+,US,2023-12-29,AFETR,,94.27,43.00,484,482,,,EA,ORB
STARLINK-31124,2023-211H,58674,PAY,+,US,2023-12-29,AFETR,,94.27,43.00,484,483,,,EA,ORB
STARLINK-31126,2023-211J,58675,PAY,+,US,2023-12-29,AFETR,,94.27,43.00,484,482,,,EA,ORB
STARLINK-31066,2023-211K,58676,PAY,+,US,2023-12-29,AFETR,,94.27,43.00,485,482,,,EA,ORB
STARLINK-31058,2023-211L,58677,PAY,+,US,2023-12-29,AFETR,,94.27,43.00,484,482,,,EA,ORB
STARLINK-31125,2023-211M,58678,PAY,+,US,2023-12-29,AFETR,,94.27,43.00,484,482,,,EA,ORB
STARLINK-31110,2023-211N,58679,PAY,+,US,2023-12-29,AFETR,,94.27,43.00,484,482,,,EA,ORB
STARLINK-31112,2023-211P,58680,PAY,+,US,2023-12-29,AFETR,,94.27,43.00,484,482,,,EA,ORB
STARLINK-31147,2023-211Q,58681,PAY,+,US,2023-12-29,AFETR,,94.27,43.00,484,482,,,EA,ORB
STARLINK-31144,2023-211R,58682,PAY,+,US,2023-12-29,AFETR,,94.27,43.00,484,482,,,EA,ORB
STARLINK-31095,2023-211S,58683,PAY,+,US,2023-12-29,AFETR,,94.27,43.00,484,482,,,EA,ORB
STARLINK-31107,2023-211T,58684,PAY,+,US,2023-12-29,AFETR,,94.27,43.00,484,482,,,EA,ORB
STARLINK-31121,2023-211U,58685,PAY,+,US,2023-12-29,AFETR,,94.27,43.00,484,482,,,EA,ORB
STARLINK-31137,2023-211V,58686,PAY,+,US,2023-12-29,AFETR,,94.27,43.01,485,481,,,EA,ORB
STARLINK-31109,2023-211W,58687,PAY,D,US,2023-12-29,AFETR,2024-05-18,88.62,42.98,207,206,,,EA,IMP
STARLINK-31139,2023-211X,58688,PAY,D,US,2023-12-29,AFETR,2026-02-17,88.65,42.98,224,192,,,EA,IMP
STARLINK-31106,2023-211Y,58689,PAY,+,US,2023-12-29,AFETR,,94.27,43.00,484,482,,,EA,ORB
PICO-01D007,2023-174DE,58690,PAY,D,IT,2023-11-11,AFWTR,2024-12-30,88.13,97.40,188,176,,,EA,IMP
HULIANWANG JISHU SHIYAN 4A,2023-212A,58691,PAY,+,PRC,2023-12-30,JSC,,107.35,50.00,1105,1103,,,EA,ORB
HULIANWANG JISHU SHIYAN 4B,2023-212B,58692,PAY,+,PRC,2023-12-30,JSC,,107.35,50.00,1105,1103,,,EA,ORB
HULIANWANG JISHU SHIYAN 4C,2023-212C,58693,PAY,+,PRC,2023-12-30,JSC,,107.35,50.00,1104,1103,,,EA,ORB
OBJECT DF,2023-174DF,58696,UNK,D,TBD,2023-11-11,AFWTR,2025-05-29,88.23,97.15,196,177,,,EA,IMP
LEMUR-2-NANAZ,2023-174DG,58697,PAY,D,US,2023-11-11,AFWTR,2025-03-02,87.58,97.16,161,148,,,EA,IMP
UNICORN-2M,2023-185Q,58726,PAY,D,GER,2023-12-01,AFWTR,2026-02-27,91.11,97.55,334,324,,,EA,IMP
UNICORN-2L,2023-185R,58727,PAY,+,GER,2023-12-01,AFWTR,,94.60,97.53,509,489,,,EA,ORB
NANOFF B,2023-185S,58755,PAY,+,GER,2023-12-01,AFWTR,,95.20,97.52,538,519,,,EA,ORB
NANOFF A,2023-185T,58810,PAY,+,GER,2023-12-01,AFWTR,,95.20,97.52,536,520,,,EA,ORB
DALIAN-1 LIANLI,2023-063C,58816,PAY,D,PRC,2023-05-10,WSC,2024-04-19,88.71,41.46,223,199,,,EA,IMP
AAC-HSI-SAT3,2023-174DH,58848,PAY,+,UK,2023-11-11,AFWTR,,94.98,97.34,526,510,,,EA,ORB
AAC-AIS-SAT3,2023-174DJ,58997,PAY,+,UK,2023-11-11,AFWTR,,96.97,97.62,619,608,,,EA,ORB
COSMOS 2574 DEB,2023-209C,59022,DEB,D,CIS,2023-12-27,PLMSC,2024-03-05,88.28,96.78,198,181,,,EA,IMP
EXO-0,2023-174DK,59175,PAY,+,FR,2023-11-11,AFWTR,,93.77,97.38,464,454,,,EA,ORB
CREW DRAGON 7 DEB [TRUNK],2023-128B,59227,DEB,D,US,2023-08-26,AFETR,2024-05-21,87.23,51.31,140,135,,,EA,IMP
OBJECT DL,2023-174DL,59478,UNK,D,TBD,2023-11-11,AFWTR,2025-03-24,88.51,97.38,209,192,,,EA,IMP
SZ-17 MODULE,2023-164C,59624,PAY,D,PRC,2023-10-26,JSC,2024-12-18,87.48,41.46,150,150,,,EA,IMP
OBJECT G,2023-195G,59884,UNK,,PRC,2023-12-14,JSC,,96.52,49.99,594,590,,,EA,ORB
METEOR-M2 3 DEB,2023-091BC,60448,DEB,,CIS,2023-06-27,VOSTO,,101.05,98.61,811,806,,,EA,ORB
OBJECT CA,2023-084CA,60449,UNK,D,TBD,2023-06-12,AFWTR,2025-11-26,90.67,97.57,311,304,,,EA,IMP
OBJECT H,2023-195H,62721,UNK,,PRC,2023-12-14,JSC,,95.50,49.99,544,542,,,EA,ORB
