OBJECT_NAME,OBJECT_ID,NORAD_CAT_ID,OBJECT_TYPE,OPS_STATUS_CODE,OWNER,LAUNCH_DATE,LAUNCH_SITE,DECAY_DATE,PERIOD,INCLINATION,APOGEE,PERIGEE,RCS,DATA_STATUS_CODE,ORBIT_CENTER,ORBIT_TYPE
METEOR 2-15,1987-001A,17290,PAY,,CIS,1987-01-05,PLMSC,,103.95,82.47,955,936,3.7830,,EA,ORB
SL-14 R/B,1987-001B,17291,R/B,,CIS,1987-01-05,PLMSC,,103.99,82.47,956,939,4.4140,,EA,ORB
COSMOS 1811,1987-002A,17292,PAY,D,CIS,1987-01-09,TYMSC,1987-02-13,89.23,64.85,294,179,,,EA,IMP
SL-4 R/B,1987-002B,17293,R/B,D,CIS,1987-01-09,TYMSC,1987-01-16,87.45,64.86,166,130,,,EA,IMP
SL-4 DEB,1987-002C,17294,DEB,D,CIS,1987-01-09,TYMSC,1987-01-11,88.88,64.85,277,161,,,EA,IMP
COSMOS 1812,1987-003A,17295,PAY,D,CIS,1987-01-14,PLMSC,2026-03-06,87.30,82.46,148,133,6.9447,,EA,IMP
SL-14 R/B,1987-003B,17296,R/B,,CIS,1987-01-14,PLMSC,,96.92,82.53,623,599,4.1160,,EA,ORB
COSMOS 1813,1987-004A,17297,PAY,D,CIS,1987-01-15,PLMSC,1989-03-13,87.19,72.76,141,129,23.2919,,EA,IMP
SL-4 R/B,1987-004B,17298,R/B,D,CIS,1987-01-15,PLMSC,1987-02-01,87.70,72.80,174,148,,,EA,IMP
PROGRESS 27,1987-005A,17299,PAY,D,CIS,1987-01-16,TYMSC,1987-02-25,88.57,51.63,211,197,,,EA,IMP
SL-4 R/B,1987-005B,17300,R/B,D,CIS,1987-01-16,TYMSC,1987-01-20,87.10,51.61,135,126,,,EA,IMP
COSMOS 1814,1987-006A,17303,PAY,,CIS,1987-01-21,PLMSC,,100.28,74.06,790,754,2.0525,,EA,ORB
SL-8 R/B,1987-006B,17304,R/B,,CIS,1987-01-21,PLMSC,,100.05,74.06,781,741,4.3830,,EA,ORB
COSMOS 1815,1987-007A,17326,PAY,D,CIS,1987-01-22,KYMSC,1988-11-15,87.65,50.62,167,150,26.6314,,EA,IMP
SL-8 R/B,1987-007B,17327,R/B,D,CIS,1987-01-22,KYMSC,1988-10-06,87.54,50.63,157,148,19.4600,,EA,IMP
MOLNIYA 3-31,1987-008A,17328,PAY,,CIS,1987-01-22,PLMSC,,718.01,61.94,39635,731,14.1925,,EA,ORB
SL-6 R/B(1),1987-008B,17329,R/B,D,CIS,1987-01-22,PLMSC,1987-03-01,88.88,62.77,256,183,30.6000,,EA,IMP
SL-6 PLAT,1987-008C,17330,DEB,D,CIS,1987-01-22,PLMSC,1987-02-25,87.62,62.81,170,143,6.8700,,EA,IMP
SL-6 R/B(2),1987-008D,17333,R/B,,CIS,1987-01-22,PLMSC,,730.66,63.31,40442,546,7.3099,,EA,ORB
COSMOS 1816,1987-009A,17359,PAY,,CIS,1987-01-29,PLMSC,,104.75,82.93,1007,959,1.4819,,EA,ORB
SL-8 R/B,1987-009B,17360,R/B,,CIS,1987-01-29,PLMSC,,104.57,82.92,998,950,4.2890,,EA,ORB
COSMOS 1813 DEB,1987-004C,17361,DEB,D,CIS,1987-01-15,PLMSC,1987-06-27,90.15,72.79,303,260,0.3100,,EA,IMP
COSMOS 1813 DEB,1987-004D,17362,DEB,D,CIS,1987-01-15,PLMSC,1987-02-01,92.15,72.84,413,347,,,EA,IMP
COSMOS 1813 DEB,1987-004E,17363,DEB,D,CIS,1987-01-15,PLMSC,1987-04-25,87.78,72.81,182,147,0.9600,,EA,IMP
COSMOS 1813 DEB,1987-004F,17364,DEB,D,CIS,1987-01-15,PLMSC,1987-06-15,87.88,72.79,186,154,0.3983,,EA,IMP
COSMOS 1817,1987-010A,17365,PAY,D,CIS,1987-01-30,TYMSC,1987-03-18,87.02,51.58,131,123,54.5500,,EA,IMP
SL-12 R/B(1),1987-010B,17366,R/B,D,CIS,1987-01-30,TYMSC,1987-02-02,88.16,51.62,187,180,81.2000,,EA,IMP
SL-12 PLAT,1987-010C,17367,DEB,D,CIS,1987-01-30,TYMSC,1987-01-31,87.65,51.60,162,154,38.0000,,EA,IMP
SL-12 R/B(2),1987-010D,17368,R/B,D,CIS,1987-01-30,TYMSC,1987-02-13,86.95,51.57,125,121,17.6900,,EA,IMP
COSMOS 1818,1987-011A,17369,PAY,,CIS,1987-02-01,TYMSC,,100.57,65.01,799,772,3.4055,,EA,ORB
SL-11 DEB,1987-011B,17370,DEB,D,CIS,1987-02-01,TYMSC,1987-02-02,,,,,0.0100,,EA,IMP
SL-11 DEB,1987-011C,17399,DEB,D,CIS,1987-02-01,TYMSC,1990-07-29,88.74,64.94,225,199,0.7582,,EA,IMP
SL-11 R/B,1987-011D,17400,R/B,D,CIS,1987-02-01,TYMSC,1990-05-04,89.15,64.93,246,219,5.6100,,EA,IMP
COSMOS 1813 DEB,1987-004G,17401,DEB,D,CIS,1987-01-15,PLMSC,1987-06-04,88.85,72.79,235,201,0.4300,,EA,IMP
COSMOS 1813 DEB,1987-004H,17402,DEB,D,CIS,1987-01-15,PLMSC,1988-12-30,88.45,72.80,211,185,0.5700,,EA,IMP
COSMOS 1813 DEB,1987-004J,17403,DEB,D,CIS,1987-01-15,PLMSC,1987-03-17,89.63,72.75,311,201,0.0300,,EA,IMP
COSMOS 1813 DEB,1987-004K,17404,DEB,D,CIS,1987-01-15,PLMSC,1988-12-29,88.57,72.77,219,189,0.3518,,EA,IMP
COSMOS 1813 DEB,1987-004L,17405,DEB,D,CIS,1987-01-15,PLMSC,1988-08-24,87.77,72.80,174,154,0.1538,,EA,IMP
COSMOS 1813 DEB,1987-004M,17406,DEB,D,CIS,1987-01-15,PLMSC,1988-11-07,88.26,72.78,195,181,0.0740,,EA,IMP
COSMOS 1813 DEB,1987-004N,17407,DEB,D,CIS,1987-01-15,PLMSC,1988-11-16,87.93,72.81,178,166,0.2563,,EA,IMP
COSMOS 1813 DEB,1987-004P,17408,DEB,D,CIS,1987-01-15,PLMSC,1989-01-22,87.92,72.78,189,154,0.0460,,EA,IMP
COSMOS 1813 DEB,1987-004Q,17409,DEB,D,CIS,1987-01-15,PLMSC,1987-02-22,89.34,72.71,286,198,,,EA,IMP
COSMOS 1813 DEB,1987-004R,17410,DEB,D,CIS,1987-01-15,PLMSC,1987-03-28,90.98,72.82,396,249,,,EA,IMP
COSMOS 1813 DEB,1987-004S,17411,DEB,D,CIS,1987-01-15,PLMSC,1987-02-20,90.57,72.78,338,267,,,EA,IMP
COSMOS 1813 DEB,1987-004T,17412,DEB,D,CIS,1987-01-15,PLMSC,1988-01-07,88.28,72.79,192,187,0.0375,,EA,IMP
COSMOS 1813 DEB,1987-004U,17413,DEB,D,CIS,1987-01-15,PLMSC,1987-07-27,88.13,72.80,192,171,0.1400,,EA,IMP
COSMOS 1813 DEB,1987-004V,17414,DEB,D,CIS,1987-01-15,PLMSC,1989-01-17,88.78,72.78,231,197,0.1096,,EA,IMP
COSMOS 1813 DEB,1987-004W,17415,DEB,D,CIS,1987-01-15,PLMSC,1989-06-13,87.04,72.78,135,120,0.1662,,EA,IMP
COSMOS 1813 DEB,1987-004X,17416,DEB,D,CIS,1987-01-15,PLMSC,1988-06-02,88.55,72.80,208,198,0.0717,,EA,IMP
COSMOS 1813 DEB,1987-004Y,17417,DEB,D,CIS,1987-01-15,PLMSC,1988-01-18,88.25,72.78,198,178,0.2500,,EA,IMP
COSMOS 1813 DEB,1987-004Z,17418,DEB,D,CIS,1987-01-15,PLMSC,1987-03-06,88.38,73.18,264,125,,,EA,IMP
COSMOS 1813 DEB,1987-004AA,17419,DEB,D,CIS,1987-01-15,PLMSC,1987-08-31,89.25,72.80,245,230,0.0300,,EA,IMP
COSMOS 1813 DEB,1987-004AB,17420,DEB,D,CIS,1987-01-15,PLMSC,1987-12-10,87.69,72.79,164,156,0.5900,,EA,IMP
GINGA (ASTRO-C),1987-012A,17480,PAY,D,JPN,1987-02-05,KSCUT,1991-11-01,87.42,31.08,151,142,7.7200,,EA,IMP
M-3S2 R/B,1987-012B,17481,R/B,D,JPN,1987-02-05,KSCUT,1997-06-28,87.59,31.07,156,154,2.8343,,EA,IMP
SOYUZ-TM 2,1987-013A,17482,PAY,D,CIS,1987-02-05,TYMSC,1987-07-30,91.23,51.63,359,310,243.9700,,EA,LAN
SL-4 R/B,1987-013B,17483,R/B,D,CIS,1987-02-05,TYMSC,1987-02-08,88.38,51.62,196,192,,,EA,IMP
COSMOS 1819,1987-014A,17484,PAY,D,CIS,1987-02-07,PLMSC,1987-02-18,89.80,72.85,302,227,13.8900,,EA,IMP
SL-4 R/B,1987-014B,17485,R/B,D,CIS,1987-02-07,PLMSC,1987-02-10,88.08,72.84,191,168,18.4500,,EA,IMP
SL-4 DEB,1987-014C,17486,DEB,D,CIS,1987-02-07,PLMSC,1987-02-07,87.62,72.84,181,132,,,EA,IMP
SL-4 DEB,1987-014D,17487,DEB,D,CIS,1987-02-07,PLMSC,1987-02-08,88.59,72.83,225,185,,,EA,IMP
COSMOS 1813 DEB,1987-004AC,17488,DEB,D,CIS,1987-01-15,PLMSC,1988-10-05,89.20,72.77,253,217,0.0500,,EA,IMP
COSMOS 1813 DEB,1987-004AD,17489,DEB,D,CIS,1987-01-15,PLMSC,1988-09-22,88.88,72.68,243,195,0.1295,,EA,IMP
COSMOS 1813 DEB,1987-004AE,17490,DEB,D,CIS,1987-01-15,PLMSC,1987-03-22,88.21,72.79,203,169,,,EA,IMP
COSMOS 1813 DEB,1987-004AF,17491,DEB,D,CIS,1987-01-15,PLMSC,1987-10-07,90.50,72.80,312,286,0.7767,,EA,IMP
COSMOS 1813 DEB,1987-004AG,17492,DEB,D,CIS,1987-01-15,PLMSC,1988-11-17,88.75,72.77,223,201,0.1400,,EA,IMP
COSMOS 1813 DEB,1987-004AH,17493,DEB,D,CIS,1987-01-15,PLMSC,1988-11-03,88.09,72.82,186,173,0.1557,,EA,IMP
COSMOS 1813 DEB,1987-004AJ,17494,DEB,D,CIS,1987-01-15,PLMSC,1988-09-03,88.25,72.77,202,174,0.1200,,EA,IMP
COSMOS 1813 DEB,1987-004AK,17495,DEB,D,CIS,1987-01-15,PLMSC,1988-12-07,87.49,72.78,156,144,0.2900,,EA,IMP
COSMOS 1813 DEB,1987-004AL,17496,DEB,D,CIS,1987-01-15,PLMSC,1987-04-14,88.98,72.78,236,212,0.1300,,EA,IMP
COSMOS 1813 DEB,1987-004AM,17497,DEB,D,CIS,1987-01-15,PLMSC,1987-03-27,88.42,72.76,243,150,,,EA,IMP
COSMOS 1813 DEB,1987-004AN,17498,DEB,D,CIS,1987-01-15,PLMSC,1988-12-05,88.48,72.78,228,170,0.2200,,EA,IMP
COSMOS 1813 DEB,1987-004AP,17499,DEB,D,CIS,1987-01-15,PLMSC,1988-04-22,88.23,72.79,192,181,0.1460,,EA,IMP
COSMOS 1813 DEB,1987-004AQ,17500,DEB,D,CIS,1987-01-15,PLMSC,1990-01-30,89.09,72.76,251,208,0.0900,,EA,IMP
COSMOS 1813 DEB,1987-004AR,17501,DEB,D,CIS,1987-01-15,PLMSC,1988-10-24,87.77,72.81,168,160,0.0400,,EA,IMP
COSMOS 1813 DEB,1987-004AS,17502,DEB,D,CIS,1987-01-15,PLMSC,1988-12-31,91.09,72.78,397,259,0.1100,,EA,IMP
COSMOS 1813 DEB,1987-004AT,17503,DEB,D,CIS,1987-01-15,PLMSC,1987-09-16,87.81,72.78,175,157,1.3800,,EA,IMP
COSMOS 1813 DEB,1987-004AU,17504,DEB,D,CIS,1987-01-15,PLMSC,1987-09-02,88.60,72.80,208,202,0.2800,,EA,IMP
COSMOS 1813 DEB,1987-004AV,17505,DEB,D,CIS,1987-01-15,PLMSC,1987-10-27,88.90,72.78,227,213,0.0300,,EA,IMP
USA 21,1987-015A,17506,PAY,,US,1987-02-12,AFWTR,,714.70,62.97,39367,836,,,EA,ORB
TITAN 34B R/B,1987-015B,17507,R/B,,US,1987-02-12,AFWTR,,702.50,63.03,38709,889,,,EA,ORB
COSMOS 1813 DEB,1987-004AW,17508,DEB,D,CIS,1987-01-15,PLMSC,1987-04-14,88.64,72.80,216,198,4.7164,,EA,IMP
COSMOS 1813 DEB,1987-004AX,17509,DEB,D,CIS,1987-01-15,PLMSC,1987-08-11,89.15,72.79,243,222,0.0438,,EA,IMP
COSMOS 1813 DEB,1987-004AY,17510,DEB,D,CIS,1987-01-15,PLMSC,1987-06-30,87.29,72.77,152,128,0.1647,,EA,IMP
COSMOS 1813 DEB,1987-004AZ,17511,DEB,D,CIS,1987-01-15,PLMSC,1987-08-20,88.56,72.79,210,197,0.5200,,EA,IMP
COSMOS 1813 DEB,1987-004BA,17512,DEB,D,CIS,1987-01-15,PLMSC,1987-06-03,88.50,72.77,212,188,0.2300,,EA,IMP
COSMOS 1813 DEB,1987-004BB,17513,DEB,D,CIS,1987-01-15,PLMSC,1987-06-21,92.14,72.79,428,331,0.1501,,EA,IMP
COSMOS 1813 DEB,1987-004BC,17514,DEB,D,CIS,1987-01-15,PLMSC,1987-06-22,89.04,72.79,241,213,0.1559,,EA,IMP
COSMOS 1813 DEB,1987-004BD,17515,DEB,D,CIS,1987-01-15,PLMSC,1987-05-17,88.42,72.81,207,185,1.4700,,EA,IMP
COSMOS 1813 DEB,1987-004BE,17516,DEB,D,CIS,1987-01-15,PLMSC,1988-09-17,87.66,72.78,166,151,0.0939,,EA,IMP
COSMOS 1813 DEB,1987-004BF,17517,DEB,D,CIS,1987-01-15,PLMSC,1987-11-22,88.96,72.79,234,212,0.2500,,EA,IMP
COSMOS 1813 DEB,1987-004BG,17518,DEB,D,CIS,1987-01-15,PLMSC,1987-04-27,89.00,72.79,233,217,0.1100,,EA,IMP
COSMOS 1813 DEB,1987-004BH,17519,DEB,D,CIS,1987-01-15,PLMSC,1987-08-16,90.94,72.80,348,293,0.0400,,EA,IMP
COSMOS 1813 DEB,1987-004BJ,17520,DEB,D,CIS,1987-01-15,PLMSC,1987-05-05,88.54,72.79,214,190,0.3094,,EA,IMP
COSMOS 1813 DEB,1987-004BK,17521,DEB,D,CIS,1987-01-15,PLMSC,1988-07-12,87.20,72.77,142,130,0.3695,,EA,IMP
COSMOS 1813 DEB,1987-004BL,17522,DEB,D,CIS,1987-01-15,PLMSC,1987-11-29,88.16,72.78,192,175,0.4680,,EA,IMP
COSMOS 1820,1987-016A,17523,PAY,D,CIS,1987-02-14,TYMSC,1987-03-06,86.86,64.82,122,116,8.1700,,EA,IMP
SL-16 R/B,1987-016B,17524,R/B,D,CIS,1987-02-14,TYMSC,1987-02-22,88.19,64.83,205,165,36.6000,,EA,IMP
COSMOS 1821,1987-017A,17525,PAY,,CIS,1987-02-18,PLMSC,,104.81,82.91,1013,958,2.0848,,EA,ORB
SL-8 R/B,1987-017B,17526,R/B,,CIS,1987-02-18,PLMSC,,104.56,82.90,1002,945,4.1120,,EA,ORB
MOMO-1 (MOS-1),1987-018A,17527,PAY,-,JPN,1987-02-19,TANSC,,102.62,98.84,889,876,3.1767,,EA,ORB
N-2 R/B,1987-018B,17528,R/B,,JPN,1987-02-19,TANSC,,98.99,97.41,812,609,8.3466,,EA,ORB
COSMOS 1819 DEB,1987-014E,17529,DEB,D,CIS,1987-02-07,PLMSC,1987-03-03,89.31,72.83,281,200,3.2700,,EA,IMP
COSMOS 1819 DEB,1987-014F,17530,DEB,D,CIS,1987-02-07,PLMSC,1987-03-24,87.36,72.83,154,133,4.0100,,EA,IMP
COSMOS 1819 DEB,1987-014G,17531,DEB,D,CIS,1987-02-07,PLMSC,1987-02-23,88.11,72.83,194,168,0.5000,,EA,IMP
COSMOS 1819 DEB,1987-014H,17532,DEB,D,CIS,1987-02-07,PLMSC,1987-02-26,88.02,72.83,186,167,1.1000,,EA,IMP
COSMOS 1822,1987-019A,17533,PAY,D,CIS,1987-02-19,PLMSC,1987-03-05,89.62,72.85,285,227,,,EA,IMP
SL-4 R/B,1987-019B,17534,R/B,D,CIS,1987-02-19,PLMSC,1987-03-01,88.61,72.85,236,176,,,EA,IMP
COSMOS 1823,1987-020A,17535,PAY,,CIS,1987-02-20,PLMSC,,116.00,73.60,1523,1479,12.8194,,EA,ORB
SL-14 R/B,1987-020B,17536,R/B,,CIS,1987-02-20,PLMSC,,115.98,73.61,1520,1479,5.6926,,EA,ORB
COSMOS 1824,1987-021A,17559,PAY,D,CIS,1987-02-26,PLMSC,1987-04-22,89.06,67.12,281,175,58.8300,,EA,IMP
SL-4 R/B,1987-021B,17560,R/B,D,CIS,1987-02-26,PLMSC,1987-03-04,87.29,67.15,155,125,20.7200,,EA,IMP
GOES 7,1987-022A,17561,PAY,-,US,1987-02-26,AFETR,,1441.33,12.87,35898,35880,10.2783,,EA,ORB
DELTA 1 R/B(1),1987-022B,17562,R/B,D,US,1987-02-26,AFETR,1991-08-04,88.06,21.66,208,148,23.7889,,EA,IMP
DELTA 1 R/B(2),1987-022C,17563,R/B,,US,1987-02-26,AFETR,,358.47,17.98,20354,321,2.3737,,EA,ORB
PROGRESS 28,1987-023A,17564,PAY,D,CIS,1987-03-03,TYMSC,1987-03-28,91.70,51.63,366,350,14.3900,,EA,IMP
SL-4 R/B,1987-023B,17565,R/B,D,CIS,1987-03-03,TYMSC,1987-03-06,87.30,51.64,146,136,17.2200,,EA,IMP
COSMOS 1825,1987-024A,17566,PAY,D,CIS,1987-03-03,PLMSC,2025-05-19,87.22,82.45,146,128,8.2041,,EA,IMP
SL-14 R/B,1987-024B,17567,R/B,,CIS,1987-03-03,PLMSC,,96.89,82.53,623,596,4.0990,,EA,ORB
COSMOS 1822 DEB,1987-019C,17568,DEB,D,CIS,1987-02-19,PLMSC,1987-03-11,89.97,72.88,330,216,0.0600,,EA,IMP
COSMOS 1822 DEB,1987-019D,17569,DEB,D,CIS,1987-02-19,PLMSC,1987-03-17,87.99,72.83,193,156,1.9500,,EA,IMP
COSMOS 1822 DEB,1987-019E,17570,DEB,D,CIS,1987-02-19,PLMSC,1987-04-10,87.21,72.82,147,125,3.0400,,EA,IMP
COSMOS 1822 DEB,1987-019F,17571,DEB,D,CIS,1987-02-19,PLMSC,1987-03-08,89.16,72.87,255,211,3.3500,,EA,IMP
COSMOS 1822 DEB,1987-019G,17572,DEB,D,CIS,1987-02-19,PLMSC,1987-03-11,88.78,72.84,227,202,1.2400,,EA,IMP
COSMOS 1822 DEB,1987-019H,17573,DEB,D,CIS,1987-02-19,PLMSC,1987-03-06,89.11,72.88,288,174,,,EA,IMP
COSMOS 1826,1987-025A,17577,PAY,D,CIS,1987-03-11,PLMSC,1987-03-25,92.27,72.88,414,357,19.0000,,EA,IMP
SL-4 R/B,1987-025B,17578,R/B,D,CIS,1987-03-11,PLMSC,1987-03-25,87.20,72.84,145,126,65.9100,,EA,IMP
SL-4 DEB,1987-025C,17579,DEB,D,CIS,1987-03-11,PLMSC,1987-03-17,89.25,72.87,300,175,,,EA,IMP
SL-4 DEB,1987-025D,17580,DEB,D,CIS,1987-03-11,PLMSC,1987-03-16,89.24,72.87,293,181,,,EA,IMP
SL-4 DEB,1987-025E,17581,DEB,D,CIS,1987-03-11,PLMSC,1987-03-17,88.82,72.87,261,172,,,EA,IMP
COSMOS 1827,1987-026A,17582,PAY,,CIS,1987-03-13,PLMSC,,113.83,82.57,1412,1392,0.9309,,EA,ORB
COSMOS 1828,1987-026B,17583,PAY,,CIS,1987-03-13,PLMSC,,113.72,82.57,1411,1383,1.1357,,EA,ORB
COSMOS 1829,1987-026C,17584,PAY,,CIS,1987-03-13,PLMSC,,114.04,82.57,1413,1410,1.1105,,EA,ORB
COSMOS 1830,1987-026D,17585,PAY,,CIS,1987-03-13,PLMSC,,113.96,82.56,1413,1403,1.0489,,EA,ORB
COSMOS 1831,1987-026E,17586,PAY,,CIS,1987-03-13,PLMSC,,113.78,82.56,1412,1388,1.0950,,EA,ORB
COSMOS 1832,1987-026F,17587,PAY,,CIS,1987-03-13,PLMSC,,113.89,82.57,1413,1397,1.0495,,EA,ORB
SL-14 R/B,1987-026G,17588,R/B,,CIS,1987-03-13,PLMSC,,114.68,82.57,1471,1411,5.0659,,EA,ORB
COSMOS 1833,1987-027A,17589,PAY,,CIS,1987-03-18,TYMSC,,101.91,70.92,868,830,4.1063,,EA,ORB
SL-16 R/B,1987-027B,17590,R/B,,CIS,1987-03-18,TYMSC,,101.61,71.00,840,830,8.4627,,EA,ORB
RADUGA 20,1987-028A,17611,PAY,-,CIS,1987-03-19,TYMSC,,1500.62,13.21,37157,36924,2.0711,,EA,ORB
SL-12 R/B(1),1987-028B,17612,R/B,D,CIS,1987-03-19,TYMSC,1987-03-22,87.14,51.61,135,131,,,EA,IMP
SL-12 PLAT,1987-028C,17613,DEB,D,CIS,1987-03-19,TYMSC,1987-03-20,87.44,51.60,150,146,,,EA,IMP
DELTA 1 DEB,1987-022D,17651,DEB,D,US,1987-02-26,AFETR,1987-08-16,90.65,24.74,443,170,0.0100,,EA,IMP
DELTA 1 DEB,1987-022E,17652,DEB,D,US,1987-02-26,AFETR,1988-01-18,91.15,24.74,496,166,0.0185,,EA,IMP
SL-12 R/B(2),1987-028D,17705,R/B,,CIS,1987-03-19,TYMSC,,1441.70,11.03,36004,35789,2.4480,,EA,ORB
AGILA 1 (PALAPA B2P),1987-029A,17706,PAY,,RP,1987-03-20,AFETR,,1441.39,14.34,35895,35885,22.5154,,EA,ORB
DELTA 1 R/B,1987-029B,17707,R/B,D,US,1987-03-20,AFETR,1987-04-23,87.67,26.85,166,152,35.5694,,EA,IMP
PALAPA B2P R/B [PAM-D],1987-029C,17708,R/B,D,US,1987-03-20,AFETR,1989-12-18,99.54,24.06,1366,108,6.1400,,EA,IMP
SL-12 R/B(AUX MOTOR),1987-028E,17709,R/B,D,CIS,1987-03-19,TYMSC,1987-11-30,635.57,47.38,35899,319,0.3100,,EA,IMP
SL-12 R/B(AUX MOTOR),1987-028F,17710,R/B,D,CIS,1987-03-19,TYMSC,1987-09-30,608.62,47.05,34688,135,1.1600,,EA,IMP
COSMOS 1813 DEB,1987-004BM,17756,DEB,D,CIS,1987-01-15,PLMSC,1989-03-18,88.01,72.79,180,172,0.2000,,EA,IMP
COSMOS 1813 DEB,1987-004BN,17757,DEB,D,CIS,1987-01-15,PLMSC,1987-10-10,90.05,72.73,310,244,0.2000,,EA,IMP
COSMOS 1813 DEB,1987-004BP,17758,DEB,D,CIS,1987-01-15,PLMSC,1987-10-19,88.17,72.79,190,178,0.3057,,EA,IMP
COSMOS 1813 DEB,1987-004BQ,17759,DEB,D,CIS,1987-01-15,PLMSC,1987-09-13,92.00,72.79,412,334,0.0598,,EA,IMP
COSMOS 1813 DEB,1987-004BR,17760,DEB,D,CIS,1987-01-15,PLMSC,1987-12-29,88.64,72.77,211,203,0.0200,,EA,IMP
COSMOS 1813 DEB,1987-004BS,17761,DEB,D,CIS,1987-01-15,PLMSC,1988-01-09,87.34,72.76,149,136,0.0300,,EA,IMP
COSMOS 1813 DEB,1987-004BT,17762,DEB,D,CIS,1987-01-15,PLMSC,1989-01-17,90.38,72.78,338,248,0.0010,,EA,IMP
COSMOS 1826 DEB,1987-025F,17785,DEB,D,CIS,1987-03-11,PLMSC,1987-06-30,87.45,72.83,159,137,0.7000,,EA,IMP
COSMOS 1826 DEB,1987-025G,17786,DEB,D,CIS,1987-03-11,PLMSC,1988-08-30,87.44,72.85,158,137,2.4200,,EA,IMP
COSMOS 1826 DEB,1987-025H,17787,DEB,D,CIS,1987-03-11,PLMSC,1987-04-08,89.61,73.29,262,248,0.0455,,EA,IMP
COSMOS 1826 DEB,1987-025J,17788,DEB,D,CIS,1987-03-11,PLMSC,1987-09-16,91.15,72.86,350,312,0.2000,,EA,IMP
COSMOS 1826 DEB,1987-025K,17789,DEB,D,CIS,1987-03-11,PLMSC,1987-11-21,88.18,72.83,193,176,1.2900,,EA,IMP
COSMOS 1826 DEB,1987-025L,17790,DEB,D,CIS,1987-03-11,PLMSC,1987-05-03,88.30,73.41,205,176,0.2226,,EA,IMP
COSMOS 1826 DEB,1987-025M,17791,DEB,D,CIS,1987-03-11,PLMSC,1987-04-18,90.11,72.39,317,243,0.1343,,EA,IMP
KVANT 1,1987-030A,17845,PAY,D,CIS,1987-03-31,TYMSC,2001-03-23,88.15,51.64,215,151,238.9800,,EA,IMP
SL-13 R/B,1987-030B,17846,R/B,D,CIS,1987-03-31,TYMSC,1987-04-04,87.40,51.63,161,131,25.6900,,EA,IMP
COSMOS 1834,1987-031A,17847,PAY,D,CIS,1987-04-08,TYMSC,1988-10-14,87.76,65.01,178,150,41.2936,,EA,IMP
SL-11 R/B,1987-031B,17848,R/B,D,CIS,1987-04-08,TYMSC,1987-04-08,88.34,65.00,278,107,55.0000,,EA,IMP
COSMOS 1835,1987-032A,17849,PAY,D,CIS,1987-04-09,TYMSC,1987-06-04,89.00,64.74,275,175,59.9100,,EA,IMP
SL-4 R/B,1987-032B,17850,R/B,D,CIS,1987-04-09,TYMSC,1987-04-14,87.30,64.76,153,128,0.3100,,EA,IMP
KVANT 1 SERVICE POD,1987-030C,17851,UNK,D,CIS,1987-03-31,TYMSC,1988-08-25,87.38,51.60,150,140,94.2600,,EA,IMP
COSMOS 1813 DEB,1987-004BU,17852,DEB,D,CIS,1987-01-15,PLMSC,1988-08-14,89.50,72.74,269,230,0.2462,,EA,IMP
COSMOS 1813 DEB,1987-004BV,17853,DEB,D,CIS,1987-01-15,PLMSC,1987-07-09,88.64,72.79,219,196,0.3200,,EA,IMP
COSMOS 1813 DEB,1987-004BW,17854,DEB,D,CIS,1987-01-15,PLMSC,1987-10-11,88.57,72.78,214,193,0.3200,,EA,IMP
COSMOS 1813 DEB,1987-004BX,17855,DEB,D,CIS,1987-01-15,PLMSC,1987-12-31,87.78,72.80,168,161,0.1900,,EA,IMP
COSMOS 1813 DEB,1987-004BY,17856,DEB,D,CIS,1987-01-15,PLMSC,1987-04-19,90.96,72.79,332,311,0.0500,,EA,IMP
COSMOS 1813 DEB,1987-004BZ,17857,DEB,D,CIS,1987-01-15,PLMSC,1987-10-31,87.91,72.79,178,164,0.3069,,EA,IMP
COSMOS 1813 DEB,1987-004CA,17858,DEB,D,CIS,1987-01-15,PLMSC,1987-09-12,91.06,72.82,340,313,0.3400,,EA,IMP
COSMOS 1813 DEB,1987-004CB,17859,DEB,D,CIS,1987-01-15,PLMSC,1987-05-09,88.63,72.80,214,199,0.2400,,EA,IMP
COSMOS 1813 DEB,1987-004CC,17860,DEB,D,CIS,1987-01-15,PLMSC,1987-04-24,89.55,72.77,269,235,0.1600,,EA,IMP
COSMOS 1813 DEB,1987-004CD,17861,DEB,D,CIS,1987-01-15,PLMSC,1987-09-11,90.62,72.80,332,278,0.5000,,EA,IMP
COSMOS 1813 DEB,1987-004CE,17862,DEB,D,CIS,1987-01-15,PLMSC,1987-09-14,90.86,72.79,336,297,0.1400,,EA,IMP
COSMOS 1813 DEB,1987-004CF,17863,DEB,D,CIS,1987-01-15,PLMSC,1987-08-28,90.73,72.82,325,295,0.4166,,EA,IMP
COSMOS 1813 DEB,1987-004CG,17864,DEB,D,CIS,1987-01-15,PLMSC,1987-10-05,88.04,72.80,185,169,0.6894,,EA,IMP
COSMOS 1813 DEB,1987-004CH,17865,DEB,D,CIS,1987-01-15,PLMSC,1987-05-21,88.26,72.80,200,177,0.1900,,EA,IMP
COSMOS 1813 DEB,1987-004CJ,17866,DEB,D,CIS,1987-01-15,PLMSC,1987-07-11,88.53,72.80,214,189,0.0600,,EA,IMP
COSMOS 1813 DEB,1987-004CK,17867,DEB,D,CIS,1987-01-15,PLMSC,1987-08-13,90.46,72.80,308,286,0.0400,,EA,IMP
COSMOS 1813 DEB,1987-004CL,17868,DEB,D,CIS,1987-01-15,PLMSC,1987-05-24,87.89,72.79,181,159,0.2600,,EA,IMP
COSMOS 1813 DEB,1987-004CM,17869,DEB,D,CIS,1987-01-15,PLMSC,1987-07-11,89.08,72.79,241,218,0.0200,,EA,IMP
COSMOS 1813 DEB,1987-004CN,17870,DEB,D,CIS,1987-01-15,PLMSC,1987-06-02,88.82,72.78,232,200,0.0598,,EA,IMP
COSMOS 1813 DEB,1987-004CP,17871,DEB,D,CIS,1987-01-15,PLMSC,1987-10-15,88.49,72.81,208,191,0.0040,,EA,IMP
COSMOS 1836,1987-033A,17876,PAY,D,CIS,1987-04-16,TYMSC,1987-12-02,89.46,64.76,269,227,42.2100,,EA,IMP
SL-4 R/B,1987-033B,17877,R/B,D,CIS,1987-04-16,TYMSC,1987-04-20,87.19,64.79,147,123,56.1200,,EA,IMP
PROGRESS 29,1987-034A,17878,PAY,D,CIS,1987-04-21,TYMSC,1987-05-11,91.62,51.63,365,343,0.0300,,EA,IMP
SL-4 R/B,1987-034B,17879,R/B,D,CIS,1987-04-21,TYMSC,1987-04-24,88.13,51.63,194,170,,,EA,IMP
COSMOS 1837,1987-035A,17880,PAY,D,CIS,1987-04-22,PLMSC,1987-04-28,89.20,82.32,246,224,11.3100,,EA,IMP
SL-4 R/B,1987-035B,17881,R/B,D,CIS,1987-04-22,PLMSC,1987-04-24,87.15,82.31,138,128,12.0000,,EA,IMP
COSMOS 1813 DEB,1987-004CQ,17882,DEB,D,CIS,1987-01-15,PLMSC,1988-05-04,87.98,72.80,181,168,0.2500,,EA,IMP
COSMOS 1813 DEB,1987-004CR,17883,DEB,D,CIS,1987-01-15,PLMSC,1987-12-05,88.18,72.79,193,175,0.6200,,EA,IMP
COSMOS 1813 DEB,1987-004CS,17884,DEB,D,CIS,1987-01-15,PLMSC,1988-08-03,87.10,72.79,139,123,0.0621,,EA,IMP
COSMOS 1813 DEB,1987-004CT,17885,DEB,D,CIS,1987-01-15,PLMSC,1988-01-26,88.44,72.81,203,192,0.1704,,EA,IMP
COSMOS 1813 DEB,1987-004CU,17886,DEB,D,CIS,1987-01-15,PLMSC,1988-09-12,86.89,72.76,125,115,0.5000,,EA,IMP
COSMOS 1813 DEB,1987-004CV,17887,DEB,D,CIS,1987-01-15,PLMSC,1987-12-29,87.98,72.78,178,171,0.0300,,EA,IMP
COSMOS 1813 DEB,1987-004CW,17888,DEB,D,CIS,1987-01-15,PLMSC,1987-08-17,90.16,72.79,305,260,0.2400,,EA,IMP
COSMOS 1813 DEB,1987-004CX,17889,DEB,D,CIS,1987-01-15,PLMSC,1987-08-13,90.22,72.80,301,270,0.0600,,EA,IMP
COSMOS 1813 DEB,1987-004CY,17890,DEB,D,CIS,1987-01-15,PLMSC,1987-08-25,90.67,72.79,322,292,0.1300,,EA,IMP
COSMOS 1813 DEB,1987-004CZ,17891,DEB,D,CIS,1987-01-15,PLMSC,1987-11-25,88.50,72.79,208,192,0.2155,,EA,IMP
COSMOS 1813 DEB,1987-004DA,17892,DEB,D,CIS,1987-01-15,PLMSC,1988-04-02,88.20,72.79,194,178,0.0043,,EA,IMP
COSMOS 1813 DEB,1987-004DB,17893,DEB,D,CIS,1987-01-15,PLMSC,1987-10-14,90.07,72.80,293,262,0.2200,,EA,IMP
COSMOS 1813 DEB,1987-004DC,17894,DEB,D,CIS,1987-01-15,PLMSC,1987-09-24,91.06,72.80,346,307,0.1300,,EA,IMP
COSMOS 1813 DEB,1987-004DD,17895,DEB,D,CIS,1987-01-15,PLMSC,1987-10-05,88.16,72.79,194,173,0.1273,,EA,IMP
COSMOS 1813 DEB,1987-004DE,17896,DEB,D,CIS,1987-01-15,PLMSC,1988-08-26,88.28,72.77,205,173,0.0818,,EA,IMP
COSMOS 1813 DEB,1987-004DF,17897,DEB,D,CIS,1987-01-15,PLMSC,1987-09-11,90.61,72.80,335,273,0.2300,,EA,IMP
COSMOS 1813 DEB,1987-004DG,17898,DEB,D,CIS,1987-01-15,PLMSC,1988-09-15,88.86,72.81,236,200,0.0967,,EA,IMP
COSMOS 1813 DEB,1987-004DH,17899,DEB,D,CIS,1987-01-15,PLMSC,1988-11-05,88.23,72.75,197,176,0.1459,,EA,IMP
COSMOS 1813 DEB,1987-004DJ,17900,DEB,D,CIS,1987-01-15,PLMSC,1989-10-25,88.35,72.79,208,178,0.0900,,EA,IMP
COSMOS 1813 DEB,1987-004DK,17901,DEB,D,CIS,1987-01-15,PLMSC,1988-07-05,88.93,72.75,238,205,0.0973,,EA,IMP
COSMOS 1838 [GLONASS],1987-036A,17902,PAY,D,CIS,1987-04-24,TYMSC,1991-05-15,88.54,64.36,306,99,21.9700,,EA,IMP
COSMOS 1839 [GLONASS],1987-036B,17903,PAY,D,CIS,1987-04-24,TYMSC,1991-05-08,90.02,64.34,440,110,8.9000,,EA,IMP
COSMOS 1840 [GLONASS],1987-036C,17904,PAY,D,CIS,1987-04-24,TYMSC,1991-09-13,88.25,64.20,277,99,7.4381,,EA,IMP
SL-12 R/B(1),1987-036D,17905,R/B,D,CIS,1987-04-24,TYMSC,1987-04-25,86.34,64.81,97,88,,,EA,IMP
SL-12 PLAT,1987-036E,17906,DEB,D,CIS,1987-04-24,TYMSC,1987-04-27,87.86,64.65,210,126,,,EA,IMP
COSMOS 1841,1987-037A,17907,PAY,D,CIS,1987-04-24,PLMSC,1987-05-08,90.40,62.84,372,216,42.3145,,EA,IMP
SL-4 R/B,1987-037B,17908,R/B,D,CIS,1987-04-24,PLMSC,1987-05-22,87.54,62.80,159,147,10.0000,,EA,IMP
SL-12 R/B(AUX MOTOR),1987-036F,17909,R/B,D,CIS,1987-04-24,TYMSC,1987-08-12,286.41,65.01,15855,175,10.0000,,EA,IMP
SL-12 R/B(2),1987-036G,17910,R/B,D,CIS,1987-04-24,TYMSC,1991-04-12,90.99,64.32,541,105,24.0900,,EA,IMP
COSMOS 1842,1987-038A,17911,PAY,,CIS,1987-04-27,PLMSC,,92.25,82.50,389,381,7.9179,,EA,ORB
SL-14 R/B,1987-038B,17912,R/B,,CIS,1987-04-27,PLMSC,,96.94,82.50,625,599,4.4461,,EA,ORB
SL-12 R/B(AUX MOTOR),1987-036H,17913,R/B,D,CIS,1987-04-24,TYMSC,1987-11-22,114.15,64.76,2610,224,5.7800,,EA,IMP
COSMOS 1837 DEB,1987-035C,17914,DEB,D,CIS,1987-04-22,PLMSC,1987-05-18,87.47,82.31,153,146,0.0900,,EA,IMP
COSMOS 1837 DEB,1987-035D,17915,DEB,D,CIS,1987-04-22,PLMSC,1987-05-01,87.87,82.32,174,164,0.3100,,EA,IMP
COSMOS 1837 DEB,1987-035E,17916,DEB,D,CIS,1987-04-22,PLMSC,1987-05-02,88.26,82.31,200,177,0.3100,,EA,IMP
COSMOS 1837 DEB,1987-035F,17917,DEB,D,CIS,1987-04-22,PLMSC,1987-05-08,88.73,82.31,242,181,0.5500,,EA,IMP
COSMOS 1837 DEB,1987-035G,17918,DEB,D,CIS,1987-04-22,PLMSC,1987-05-02,90.22,82.32,351,220,0.2000,,EA,IMP
COSMOS 1813 DEB,1987-004DL,17919,DEB,D,CIS,1987-01-15,PLMSC,1989-01-22,89.08,72.74,257,201,0.0065,,EA,IMP
COSMOS 1813 DEB,1987-004DM,17920,DEB,D,CIS,1987-01-15,PLMSC,1988-08-03,88.64,72.80,230,184,0.0400,,EA,IMP
COSMOS 1813 DEB,1987-004DN,17921,DEB,D,CIS,1987-01-15,PLMSC,1987-07-19,91.76,72.84,425,297,0.3100,,EA,IMP
COSMOS 1813 DEB,1987-004DP,17922,DEB,D,CIS,1987-01-15,PLMSC,1987-09-01,92.86,72.77,530,298,0.1500,,EA,IMP
COSMOS 1813 DEB,1987-004DQ,17923,DEB,D,CIS,1987-01-15,PLMSC,1987-08-25,91.60,72.79,371,335,0.4300,,EA,IMP
COSMOS 1813 DEB,1987-004DR,17924,DEB,D,CIS,1987-01-15,PLMSC,1988-10-14,89.16,72.79,270,196,0.0455,,EA,IMP
COSMOS 1813 DEB,1987-004DS,17925,DEB,D,CIS,1987-01-15,PLMSC,1989-06-19,88.08,72.71,190,168,0.0052,,EA,IMP
COSMOS 1813 DEB,1987-004DT,17926,DEB,D,CIS,1987-01-15,PLMSC,1987-06-21,89.75,72.79,271,253,0.2700,,EA,IMP
COSMOS 1813 DEB,1987-004DU,17927,DEB,D,CIS,1987-01-15,PLMSC,1987-09-22,92.06,72.80,399,351,0.2800,,EA,IMP
COSMOS 1813 DEB,1987-004DV,17928,DEB,D,CIS,1987-01-15,PLMSC,1987-06-11,88.77,72.79,225,202,0.3100,,EA,IMP
COSMOS 1813 DEB,1987-004DW,17929,DEB,D,CIS,1987-01-15,PLMSC,1987-10-10,88.40,72.80,203,188,0.1500,,EA,IMP
COSMOS 1813 DEB,1987-004DX,17930,DEB,D,CIS,1987-01-15,PLMSC,1988-01-10,88.39,72.79,207,182,0.3100,,EA,IMP
COSMOS 1813 DEB,1987-004DY,17931,DEB,D,CIS,1987-01-15,PLMSC,1988-09-13,87.57,72.77,160,148,0.1400,,EA,IMP
COSMOS 1813 DEB,1987-004DZ,17932,DEB,D,CIS,1987-01-15,PLMSC,1988-02-27,88.77,72.79,219,208,0.0200,,EA,IMP
COSMOS 1813 DEB,1987-004EA,17933,DEB,D,CIS,1987-01-15,PLMSC,1987-09-07,92.05,72.81,442,309,0.0300,,EA,IMP
COSMOS 1813 DEB,1987-004EB,17934,DEB,D,CIS,1987-01-15,PLMSC,1987-09-09,91.77,72.79,391,332,0.3100,,EA,IMP
COSMOS 1813 DEB,1987-004EC,17935,DEB,D,CIS,1987-01-15,PLMSC,1987-06-27,89.89,72.80,272,266,0.8800,,EA,IMP
COSMOS 1813 DEB,1987-004ED,17936,DEB,D,CIS,1987-01-15,PLMSC,1987-11-28,88.19,72.79,187,182,0.0500,,EA,IMP
COSMOS 1813 DEB,1987-004EE,17937,DEB,D,CIS,1987-01-15,PLMSC,1987-10-06,91.35,72.81,361,320,0.1000,,EA,IMP
COSMOS 1813 DEB,1987-004EF,17938,DEB,D,CIS,1987-01-15,PLMSC,1987-11-29,87.82,72.80,173,160,0.0600,,EA,IMP
COSMOS 1843,1987-039A,17940,PAY,D,CIS,1987-05-05,TYMSC,1987-05-19,92.18,70.37,415,348,27.9700,,EA,IMP
SL-4 R/B,1987-039B,17941,R/B,D,CIS,1987-05-05,TYMSC,1987-05-13,87.23,70.34,141,133,33.4100,,EA,IMP
SL-12 DEB,1987-036J,17962,DEB,D,CIS,1987-04-24,TYMSC,1987-10-28,89.63,64.78,388,124,4.1000,,EA,IMP
COSMOS 1843 DEB,1987-039C,17963,DEB,D,CIS,1987-05-05,TYMSC,1987-05-07,88.70,70.39,240,181,,,EA,IMP
COSMOS 1841 DEB,1987-037C,17964,DEB,D,CIS,1987-04-24,PLMSC,1987-05-09,89.19,62.96,283,186,,,EA,IMP
COSMOS 1841 DEB,1987-037D,17965,DEB,D,CIS,1987-04-24,PLMSC,1987-07-04,86.94,62.82,126,119,46.4900,,EA,IMP
COSMOS 1841 DEB,1987-037E,17966,DEB,D,CIS,1987-04-24,PLMSC,1987-05-21,88.09,62.83,193,167,,,EA,IMP
COSMOS 1841 DEB,1987-037F,17967,DEB,D,CIS,1987-04-24,PLMSC,1987-05-24,89.39,62.84,272,216,0.6500,,EA,IMP
COSMOS 1841 DEB,1987-037G,17968,DEB,D,CIS,1987-04-24,PLMSC,1987-06-11,88.94,62.82,236,208,0.5700,,EA,IMP
GORIZONT 14,1987-040A,17969,PAY,-,CIS,1987-05-11,TYMSC,,1474.52,10.62,36659,36412,4.0703,,EA,ORB
SL-12 R/B(1),1987-040B,17970,R/B,D,CIS,1987-05-11,TYMSC,1987-05-14,87.40,51.62,151,140,45.1800,,EA,IMP
SL-12 PLAT,1987-040C,17971,DEB,D,CIS,1987-05-11,TYMSC,1987-05-12,87.34,51.60,145,141,14.1500,,EA,IMP
SL-12 R/B(2),1987-040D,17972,R/B,,CIS,1987-05-11,TYMSC,,1397.83,7.56,35107,34961,2.4961,,EA,ORB
COSMOS 1844,1987-041A,17973,PAY,,CIS,1987-05-13,TYMSC,,101.80,70.90,865,822,15.0575,,EA,ORB
SL-16 R/B,1987-041B,17974,R/B,,CIS,1987-05-13,TYMSC,,101.58,71.01,845,822,9.0503,,EA,ORB
COSMOS 1845,1987-042A,17975,PAY,D,CIS,1987-05-13,TYMSC,1987-05-27,92.19,70.39,415,349,28.7900,,EA,IMP
SL-4 R/B,1987-042B,17976,R/B,D,CIS,1987-05-13,TYMSC,1987-06-01,87.22,70.38,144,130,53.0300,,EA,IMP
USA 22,1987-043A,17997,PAY,,US,1987-05-15,AFWTR,,101.80,63.29,1328,360,,,EA,ORB
ATLAS H R/B,1987-043B,17998,R/B,,US,1987-05-15,AFWTR,,106.55,63.32,1587,546,,,EA,ORB
PROGRESS 30,1987-044A,17999,PAY,D,CIS,1987-05-19,TYMSC,1987-07-19,91.25,51.63,360,311,535.6600,,EA,IMP
SL-4 R/B,1987-044B,18000,R/B,D,CIS,1987-05-19,TYMSC,1987-05-22,87.40,51.61,150,141,21.0000,,EA,IMP
COSMOS 1843 DEB,1987-039D,18001,DEB,D,CIS,1987-05-05,TYMSC,1987-08-27,89.01,70.35,231,220,0.7500,,EA,IMP
COSMOS 1843 DEB,1987-039E,18002,DEB,D,CIS,1987-05-05,TYMSC,1988-07-11,87.29,70.34,148,132,1.7288,,EA,IMP
COSMOS 1843 DEB,1987-039F,18003,DEB,D,CIS,1987-05-05,TYMSC,1987-11-06,87.83,70.34,174,160,0.6100,,EA,IMP
COSMOS 1846,1987-045A,18004,PAY,D,CIS,1987-05-21,PLMSC,1987-06-04,91.18,82.35,343,322,27.5300,,EA,IMP
SL-4 R/B,1987-045B,18005,R/B,D,CIS,1987-05-21,PLMSC,1987-05-26,87.70,82.34,175,147,,,EA,IMP
SL-4 DEB,1987-045C,18006,DEB,D,CIS,1987-05-21,PLMSC,1987-05-22,88.29,82.34,217,163,,,EA,IMP
USA 22 DEB,1987-043C,18007,DEB,,US,1987-05-15,AFWTR,,,,,,,NEA,EA,ORB
USA 22 DEB,1987-043D,18008,DEB,D,US,1987-05-15,AFWTR,2021-05-18,88.31,63.24,195,186,,,EA,IMP
USA 23,1987-043E,18009,PAY,,US,1987-05-15,AFWTR,,103.72,63.29,1501,367,,,EA,ORB
USA 24,1987-043F,18010,PAY,,US,1987-05-15,AFWTR,,103.78,63.30,1508,366,,,EA,ORB
COSMOS 1847,1987-046A,18011,PAY,D,CIS,1987-05-26,PLMSC,1987-07-22,88.86,67.14,264,173,86.6600,,EA,IMP
SL-4 R/B,1987-046B,18012,R/B,D,CIS,1987-05-26,PLMSC,1987-05-30,87.57,67.15,176,132,,,EA,IMP
COSMOS 1845 DEB,1987-042C,18013,DEB,D,CIS,1987-05-13,TYMSC,1987-10-25,87.75,70.35,167,158,2.6200,,EA,IMP
COSMOS 1845 DEB,1987-042D,18014,DEB,D,CIS,1987-05-13,TYMSC,1988-08-16,87.39,70.35,152,139,2.2647,,EA,IMP
COSMOS 1845 DEB,1987-042E,18015,DEB,D,CIS,1987-05-13,TYMSC,1987-11-24,88.15,70.35,188,178,1.4700,,EA,IMP
COSMOS 1845 DEB,1987-042F,18016,DEB,D,CIS,1987-05-13,TYMSC,1987-06-22,92.08,70.34,409,345,0.0200,,EA,IMP
COSMOS 1848,1987-047A,18017,PAY,D,CIS,1987-05-28,PLMSC,1987-06-11,92.27,72.85,414,358,29.5100,,EA,IMP
SL-4 R/B,1987-047B,18018,R/B,D,CIS,1987-05-28,PLMSC,1987-06-12,87.67,72.84,170,149,62.0700,,EA,IMP
COSMOS 1845 DEB,1987-042G,18019,DEB,D,CIS,1987-05-13,TYMSC,1987-12-04,88.21,70.35,193,180,0.1600,,EA,IMP
COSMOS 1845 DEB,1987-042H,18020,DEB,D,CIS,1987-05-13,TYMSC,1987-09-14,93.85,70.38,558,368,0.1900,,EA,IMP
SL-4 DEB,1987-047C,18021,DEB,D,CIS,1987-05-28,PLMSC,1987-05-30,89.12,72.85,281,181,,,EA,IMP
COSMOS 1843 DEB,1987-039G,18022,DEB,D,CIS,1987-05-05,TYMSC,1987-11-22,87.56,70.31,158,149,1.9800,,EA,IMP
COSMOS 1845 DEB,1987-042J,18023,DEB,D,CIS,1987-05-13,TYMSC,1987-09-20,91.74,70.38,383,338,1.0600,,EA,IMP
USA 22 DEB,1987-043G,18024,DEB,,US,1987-05-15,AFWTR,,,,,,,NEA,EA,ORB
USA 25,1987-043H,18025,PAY,,US,1987-05-15,AFWTR,,103.46,63.29,1486,359,,,EA,ORB
COSMOS 1836 DEB,1987-033C,18028,DEB,D,CIS,1987-04-16,TYMSC,1987-06-20,88.07,64.79,183,175,0.4300,,EA,IMP
COSMOS 1813 DEB,1987-004EG,18029,DEB,D,CIS,1987-01-15,PLMSC,1987-06-18,88.43,72.80,214,180,5.9200,,EA,IMP
COSMOS 1813 DEB,1987-004EH,18030,DEB,D,CIS,1987-01-15,PLMSC,1987-06-13,88.58,72.79,222,186,0.4300,,EA,IMP
COSMOS 1813 DEB,1987-004EJ,18031,DEB,D,CIS,1987-01-15,PLMSC,1987-09-22,91.19,72.81,353,313,0.0200,,EA,IMP
COSMOS 1813 DEB,1987-004EK,18032,DEB,D,CIS,1987-01-15,PLMSC,1987-09-29,96.84,72.76,840,375,0.1200,,EA,IMP
COSMOS 1813 DEB,1987-004EL,18033,DEB,D,CIS,1987-01-15,PLMSC,1987-10-31,88.18,72.81,191,178,0.0500,,EA,IMP
COSMOS 1813 DEB,1987-004EM,18034,DEB,D,CIS,1987-01-15,PLMSC,1987-10-30,91.26,72.81,354,319,0.1800,,EA,IMP
COSMOS 1813 DEB,1987-004EN,18035,DEB,D,CIS,1987-01-15,PLMSC,1987-07-12,88.04,72.78,190,165,0.3200,,EA,IMP
COSMOS 1813 DEB,1987-004EP,18036,DEB,D,CIS,1987-01-15,PLMSC,1988-10-10,87.66,72.75,165,153,0.1500,,EA,IMP
COSMOS 1813 DEB,1987-004EQ,18037,DEB,D,CIS,1987-01-15,PLMSC,1988-01-09,88.91,72.80,237,204,0.2300,,EA,IMP
COSMOS 1813 DEB,1987-004ER,18038,DEB,D,CIS,1987-01-15,PLMSC,1987-10-29,88.08,72.79,190,169,0.0100,,EA,IMP
COSMOS 1813 DEB,1987-004ES,18039,DEB,D,CIS,1987-01-15,PLMSC,1989-01-22,88.62,72.78,236,177,0.0798,,EA,IMP
COSMOS 1813 DEB,1987-004ET,18040,DEB,D,CIS,1987-01-15,PLMSC,1987-09-15,91.99,72.80,394,350,0.1900,,EA,IMP
COSMOS 1813 DEB,1987-004EU,18041,DEB,D,CIS,1987-01-15,PLMSC,1987-09-02,93.71,72.80,558,354,0.1500,,EA,IMP
COSMOS 1813 DEB,1987-004EV,18042,DEB,D,CIS,1987-01-15,PLMSC,1988-11-01,88.68,72.77,233,185,0.0170,,EA,IMP
COSMOS 1813 DEB,1987-004EW,18043,DEB,D,CIS,1987-01-15,PLMSC,1987-08-06,90.31,72.79,300,279,0.0400,,EA,IMP
COSMOS 1813 DEB,1987-004EX,18044,DEB,D,CIS,1987-01-15,PLMSC,1988-03-31,89.17,72.80,261,205,0.1300,,EA,IMP
COSMOS 1813 DEB,1987-004EY,18045,DEB,D,CIS,1987-01-15,PLMSC,1988-07-31,88.97,72.74,233,214,0.0731,,EA,IMP
COSMOS 1813 DEB,1987-004EZ,18046,DEB,D,CIS,1987-01-15,PLMSC,1989-03-15,89.37,72.72,269,218,0.0207,,EA,IMP
COSMOS 1813 DEB,1987-004FA,18047,DEB,D,CIS,1987-01-15,PLMSC,1987-10-23,88.79,72.76,226,203,0.0400,,EA,IMP
COSMOS 1813 DEB,1987-004FB,18048,DEB,D,CIS,1987-01-15,PLMSC,1987-08-17,89.61,72.80,285,225,0.0200,,EA,IMP
COSMOS 1813 DEB,1987-004FC,18049,DEB,D,CIS,1987-01-15,PLMSC,1988-10-23,89.21,72.84,262,209,0.0078,,EA,IMP
COSMOS 1813 DEB,1987-004FD,18050,DEB,D,CIS,1987-01-15,PLMSC,1988-10-18,88.68,72.79,217,201,0.0161,,EA,IMP
COSMOS 1813 DEB,1987-004FE,18051,DEB,D,CIS,1987-01-15,PLMSC,1987-07-24,89.01,72.79,237,214,0.0300,,EA,IMP
COSMOS 1813 DEB,1987-004FF,18052,DEB,D,CIS,1987-01-15,PLMSC,1987-07-17,87.80,72.78,176,155,0.0200,,EA,IMP
COSMOS 1813 DEB,1987-004FG,18053,DEB,D,CIS,1987-01-15,PLMSC,1987-06-29,87.91,72.82,181,161,0.0100,,EA,IMP
COSMOS 1813 DEB,1987-004FH,18054,DEB,D,CIS,1987-01-15,PLMSC,1987-10-24,87.63,72.81,165,149,0.2700,,EA,IMP
COSMOS 1813 DEB,1987-004FJ,18055,DEB,D,CIS,1987-01-15,PLMSC,1987-08-09,90.47,72.80,303,292,0.1200,,EA,IMP
COSMOS 1813 DEB,1987-004FK,18056,DEB,D,CIS,1987-01-15,PLMSC,1987-10-02,90.93,72.80,326,314,0.0100,,EA,IMP
COSMOS 1813 DEB,1987-004FL,18057,DEB,D,CIS,1987-01-15,PLMSC,1988-09-24,88.42,72.79,205,187,0.1286,,EA,IMP
COSMOS 1813 DEB,1987-004FM,18058,DEB,D,CIS,1987-01-15,PLMSC,1988-09-19,88.25,72.78,195,180,0.2700,,EA,IMP
COSMOS 1813 DEB,1987-004FN,18059,DEB,D,CIS,1987-01-15,PLMSC,1987-09-03,90.88,72.81,331,304,0.0100,,EA,IMP
COSMOS 1813 DEB,1987-004FP,18060,DEB,D,CIS,1987-01-15,PLMSC,1987-07-23,88.99,72.79,235,214,0.0100,,EA,IMP
COSMOS 1813 DEB,1987-004FQ,18061,DEB,D,CIS,1987-01-15,PLMSC,1987-07-23,88.84,72.80,229,206,0.1400,,EA,IMP
COSMOS 1813 DEB,1987-004FR,18062,DEB,D,CIS,1987-01-15,PLMSC,1987-10-20,87.93,72.81,181,163,0.0200,,EA,IMP
COSMOS 1813 DEB,1987-004FS,18063,DEB,D,CIS,1987-01-15,PLMSC,1987-09-09,91.13,72.80,357,303,0.0200,,EA,IMP
COSMOS 1813 DEB,1987-004FT,18064,DEB,D,CIS,1987-01-15,PLMSC,1987-09-13,91.82,72.79,402,326,0.0300,,EA,IMP
COSMOS 1813 DEB,1987-004FU,18065,DEB,D,CIS,1987-01-15,PLMSC,1987-09-11,90.48,72.81,321,274,0.0900,,EA,IMP
COSMOS 1813 DEB,1987-004FV,18066,DEB,D,CIS,1987-01-15,PLMSC,1987-08-04,90.94,72.79,339,302,0.1200,,EA,IMP
COSMOS 1813 DEB,1987-004FW,18067,DEB,D,CIS,1987-01-15,PLMSC,1988-03-27,88.11,72.78,193,169,0.3500,,EA,IMP
COSMOS 1813 DEB,1987-004FX,18068,DEB,D,CIS,1987-01-15,PLMSC,1988-02-25,88.55,72.78,214,191,0.5800,,EA,IMP
COSMOS 1813 DEB,1987-004FY,18069,DEB,D,CIS,1987-01-15,PLMSC,1987-08-29,92.35,72.78,449,330,0.0100,,EA,IMP
COSMOS 1813 DEB,1987-004FZ,18070,DEB,D,CIS,1987-01-15,PLMSC,1988-02-12,88.32,72.77,201,182,0.1700,,EA,IMP
COSMOS 1813 DEB,1987-004GA,18071,DEB,D,CIS,1987-01-15,PLMSC,1988-03-10,88.26,72.78,194,183,0.0100,,EA,IMP
COSMOS 1813 DEB,1987-004GB,18072,DEB,D,CIS,1987-01-15,PLMSC,1987-09-09,91.10,72.79,365,291,0.0200,,EA,IMP
COSMOS 1813 DEB,1987-004GC,18073,DEB,D,CIS,1987-01-15,PLMSC,1987-09-19,91.18,72.80,374,291,0.0400,,EA,IMP
COSMOS 1813 DEB,1987-004GD,18074,DEB,D,CIS,1987-01-15,PLMSC,1987-10-03,91.49,72.81,353,342,0.0400,,EA,IMP
COSMOS 1813 DEB,1987-004GE,18075,DEB,D,CIS,1987-01-15,PLMSC,1987-08-12,90.39,72.80,306,281,0.0400,,EA,IMP
COSMOS 1813 DEB,1987-004GF,18076,DEB,D,CIS,1987-01-15,PLMSC,1988-04-27,88.25,72.79,198,178,0.0046,,EA,IMP
COSMOS 1813 DEB,1987-004GG,18077,DEB,D,CIS,1987-01-15,PLMSC,1987-09-19,91.36,72.80,375,308,0.0400,,EA,IMP
COSMOS 1813 DEB,1987-004GH,18078,DEB,D,CIS,1987-01-15,PLMSC,1988-02-16,88.21,72.78,192,180,0.0500,,EA,IMP
COSMOS 1813 DEB,1987-004GJ,18079,DEB,D,CIS,1987-01-15,PLMSC,1987-07-19,89.23,72.79,247,226,0.3800,,EA,IMP
COSMOS 1813 DEB,1987-004GK,18080,DEB,D,CIS,1987-01-15,PLMSC,1987-06-28,88.53,72.80,217,186,0.0100,,EA,IMP
COSMOS 1813 DEB,1987-004GL,18081,DEB,D,CIS,1987-01-15,PLMSC,1987-09-03,90.92,72.80,336,303,0.0100,,EA,IMP
COSMOS 1813 DEB,1987-004GM,18082,DEB,D,CIS,1987-01-15,PLMSC,1988-01-15,88.43,72.79,204,190,0.0100,,EA,IMP
COSMOS 1849,1987-048A,18083,PAY,D,CIS,1987-06-04,PLMSC,2003-02-04,92.50,61.80,711,84,11.5381,,EA,IMP
SL-6 R/B(1),1987-048B,18084,R/B,D,CIS,1987-06-04,PLMSC,1987-06-30,87.74,62.84,187,138,2.8500,,EA,IMP
SL-6 PLAT,1987-048C,18085,DEB,D,CIS,1987-06-04,PLMSC,1987-08-15,90.82,62.81,424,206,26.1100,,EA,IMP
SL-6 R/B(2),1987-048D,18086,R/B,D,CIS,1987-06-04,PLMSC,2002-09-19,89.41,62.63,393,98,7.0928,,EA,IMP
COSMOS 1846 DEB,1987-045D,18087,DEB,D,CIS,1987-05-21,PLMSC,1987-06-11,92.00,82.36,446,299,0.1900,,EA,IMP
COSMOS 1846 DEB,1987-045E,18088,DEB,D,CIS,1987-05-21,PLMSC,1987-07-21,93.46,82.31,560,329,0.0500,,EA,IMP
COSMOS 1846 DEB,1987-045F,18089,DEB,D,CIS,1987-05-21,PLMSC,1987-09-12,92.63,82.34,479,327,2.1600,,EA,IMP
COSMOS 1846 DEB,1987-045G,18090,DEB,D,CIS,1987-05-21,PLMSC,1987-06-14,89.85,82.48,316,218,0.1900,,EA,IMP
COSMOS 1846 DEB,1987-045H,18091,DEB,D,CIS,1987-05-21,PLMSC,1987-08-04,90.19,82.34,292,275,1.0100,,EA,IMP
COSMOS 1846 DEB,1987-045J,18092,DEB,D,CIS,1987-05-21,PLMSC,1987-07-15,88.80,82.32,228,202,0.0900,,EA,IMP
COSMOS 1846 DEB,1987-045K,18093,DEB,D,CIS,1987-05-21,PLMSC,1987-07-19,88.16,82.33,196,171,0.9700,,EA,IMP
COSMOS 1846 DEB,1987-045L,18094,DEB,D,CIS,1987-05-21,PLMSC,1988-01-05,87.17,82.31,140,129,2.9500,,EA,IMP
COSMOS 1850,1987-049A,18095,PAY,,CIS,1987-06-09,PLMSC,,100.41,74.04,789,767,1.9468,,EA,ORB
SL-8 R/B,1987-049B,18096,R/B,,CIS,1987-06-09,PLMSC,,100.14,74.04,781,749,5.1321,,EA,ORB
COSMOS 1848 DEB,1987-047D,18097,DEB,D,CIS,1987-05-28,PLMSC,1987-06-25,90.13,72.84,295,267,0.9900,,EA,IMP
COSMOS 1848 DEB,1987-047E,18098,DEB,D,CIS,1987-05-28,PLMSC,1987-11-05,87.42,72.82,153,141,0.8400,,EA,IMP
COSMOS 1848 DEB,1987-047F,18099,DEB,D,CIS,1987-05-28,PLMSC,1987-08-13,93.01,72.86,481,362,0.2100,,EA,IMP
COSMOS 1848 DEB,1987-047G,18100,DEB,D,CIS,1987-05-28,PLMSC,1987-11-18,87.80,72.82,177,154,3.3300,,EA,IMP
COSMOS 1848 DEB,1987-047H,18101,DEB,D,CIS,1987-05-28,PLMSC,1987-09-19,92.17,72.85,408,353,1.8000,,EA,IMP
COSMOS 1848 DEB,1987-047J,18102,DEB,D,CIS,1987-05-28,PLMSC,1988-09-29,87.19,72.84,140,130,2.5104,,EA,IMP
COSMOS 1851,1987-050A,18103,PAY,,CIS,1987-06-12,PLMSC,,718.18,70.98,32637,7737,11.8549,,EA,ORB
SL-6 R/B(1),1987-050B,18104,R/B,D,CIS,1987-06-12,PLMSC,1987-08-15,90.74,62.78,413,209,34.6700,,EA,IMP
SL-6 PLAT,1987-050C,18105,DEB,D,CIS,1987-06-12,PLMSC,1987-07-22,87.95,62.81,197,149,7.4100,,EA,IMP
SL-6 R/B(2),1987-050D,18106,R/B,,CIS,1987-06-12,PLMSC,,707.37,70.24,34288,5552,6.9273,,EA,ORB
COSMOS 1848 DEB,1987-047K,18107,DEB,D,CIS,1987-05-28,PLMSC,1987-07-18,90.90,72.66,333,304,0.0800,,EA,IMP
COSMOS 1848 DEB,1987-047L,18108,DEB,D,CIS,1987-05-28,PLMSC,1987-07-11,89.41,72.83,252,239,2.5400,,EA,IMP
COSMOS 1848 DEB,1987-047M,18109,DEB,D,CIS,1987-05-28,PLMSC,1987-09-20,91.93,72.85,390,348,1.9000,,EA,IMP
COSMOS 1848 DEB,1987-047N,18110,DEB,D,CIS,1987-05-28,PLMSC,1987-06-27,91.97,72.84,395,347,0.0900,,EA,IMP
SL-12 R/B(AUX MOTOR),1987-040E,18111,R/B,D,CIS,1987-05-11,TYMSC,1990-03-01,557.00,46.88,31986,108,0.7700,,EA,IMP
SL-12 R/B(AUX MOTOR),1987-040F,18112,R/B,D,CIS,1987-05-11,TYMSC,1991-03-19,98.22,46.68,1226,121,1.8800,,EA,IMP
COSMOS 1852,1987-051A,18113,PAY,,CIS,1987-06-16,PLMSC,,115.67,74.00,1499,1473,0.6761,,EA,ORB
COSMOS 1853,1987-051B,18114,PAY,,CIS,1987-06-16,PLMSC,,115.48,74.01,1482,1472,0.6947,,EA,ORB
COSMOS 1854,1987-051C,18115,PAY,,CIS,1987-06-16,PLMSC,,115.31,74.00,1481,1458,0.6656,,EA,ORB
COSMOS 1855,1987-051D,18116,PAY,,CIS,1987-06-16,PLMSC,,115.13,74.00,1477,1446,0.6649,,EA,ORB
COSMOS 1856,1987-051E,18117,PAY,,CIS,1987-06-16,PLMSC,,114.97,74.00,1477,1431,0.6599,,EA,ORB
COSMOS 1857,1987-051F,18118,PAY,,CIS,1987-06-16,PLMSC,,114.81,74.00,1476,1417,0.6317,,EA,ORB
COSMOS 1858,1987-051G,18119,PAY,,CIS,1987-06-16,PLMSC,,114.65,74.01,1477,1401,0.6808,,EA,ORB
COSMOS 1859,1987-051H,18120,PAY,,CIS,1987-06-16,PLMSC,,114.47,74.00,1477,1386,0.6440,,EA,ORB
SL-8 R/B,1987-051J,18121,R/B,,CIS,1987-06-16,PLMSC,,117.78,74.01,1686,1476,6.0226,,EA,ORB
COSMOS 1860,1987-052A,18122,PAY,,CIS,1987-06-18,TYMSC,,103.97,65.01,983,910,2.2887,,EA,ORB
DMSP 5D-2 F8 (USA 26),1987-053A,18123,PAY,-,US,1987-06-20,AFWTR,,101.44,98.74,835,818,2.9600,,EA,ORB
COSMOS 1848 DEB,1987-047P,18124,DEB,D,CIS,1987-05-28,PLMSC,1987-08-02,91.88,72.35,400,334,0.0500,,EA,IMP
COSMOS 1848 DEB,1987-047Q,18125,DEB,D,CIS,1987-05-28,PLMSC,1987-07-17,90.77,72.87,319,306,0.0300,,EA,IMP
COSMOS 1848 DEB,1987-047R,18126,DEB,D,CIS,1987-05-28,PLMSC,1987-07-10,89.92,72.90,274,268,0.0400,,EA,IMP
DMSP 5D-2 F8 DEB,1987-053B,18127,DEB,D,US,1987-06-20,AFWTR,2001-08-31,89.93,98.70,282,260,0.2026,,EA,IMP
DMSP 5D-2 F8 DEB,1987-053C,18128,DEB,D,US,1987-06-20,AFWTR,1999-11-04,89.93,98.67,282,259,0.0519,,EA,IMP
COSMOS 1861,1987-054A,18129,PAY,,CIS,1987-06-23,PLMSC,,104.86,82.92,997,978,1.6879,,EA,ORB
SL-8 R/B,1987-054B,18130,R/B,,CIS,1987-06-23,PLMSC,,104.58,82.92,987,962,4.7000,,EA,ORB
SL-8 DEB,1987-054C,18131,DEB,,CIS,1987-06-23,PLMSC,,104.70,82.91,1004,957,0.0080,,EA,ORB
COSMOS 1862,1987-055A,18152,PAY,,CIS,1987-07-01,PLMSC,,93.96,82.48,475,462,7.7330,,EA,ORB
SL-14 R/B,1987-055B,18153,R/B,,CIS,1987-07-01,PLMSC,,96.92,82.50,626,597,4.3795,,EA,ORB
DMSP 5D-2 F8 DEB,1987-053D,18154,DEB,D,US,1987-06-20,AFWTR,1999-04-11,88.39,98.66,208,183,0.0839,,EA,IMP
COSMOS 1863,1987-056A,18155,PAY,D,CIS,1987-07-04,PLMSC,1987-07-18,92.28,72.88,415,358,23.4200,,EA,IMP
SL-4 R/B,1987-056B,18156,R/B,D,CIS,1987-07-04,PLMSC,1987-07-18,87.36,72.86,150,137,42.6900,,EA,IMP
SL-4 DEB,1987-056C,18157,DEB,D,CIS,1987-07-04,PLMSC,1987-07-08,88.32,72.88,220,163,0.3100,,EA,IMP
SL-4 DEB,1987-056D,18158,DEB,D,CIS,1987-07-04,PLMSC,1987-07-07,88.91,72.86,261,180,0.3100,,EA,IMP
DMSP 5D-2 F8 DEB,1987-053E,18159,DEB,D,US,1987-06-20,AFWTR,2001-11-10,87.92,98.63,176,167,0.1852,,EA,IMP
COSMOS 1864,1987-057A,18160,PAY,,CIS,1987-07-06,PLMSC,,104.66,82.93,1003,955,2.1112,,EA,ORB
SL-8 R/B,1987-057B,18161,R/B,,CIS,1987-07-06,PLMSC,,104.54,82.93,995,951,4.5283,,EA,ORB
COSMOS 1865,1987-058A,18162,PAY,D,CIS,1987-07-08,TYMSC,1987-08-14,89.26,64.75,268,208,82.1600,,EA,IMP
SL-4 R/B,1987-058B,18163,R/B,D,CIS,1987-07-08,TYMSC,1987-07-16,87.63,64.75,165,149,,,EA,IMP
COSMOS 1866,1987-059A,18184,PAY,D,CIS,1987-07-09,PLMSC,1987-11-06,88.83,67.10,253,180,59.4000,,EA,IMP
SL-4 R/B,1987-059B,18185,R/B,D,CIS,1987-07-09,PLMSC,1987-07-15,87.56,67.15,176,131,,,EA,IMP
SL-4 DEB,1987-059C,18186,DEB,D,CIS,1987-07-09,PLMSC,1987-07-10,89.29,67.14,316,163,,,EA,IMP
COSMOS 1867,1987-060A,18187,PAY,,CIS,1987-07-10,TYMSC,,100.59,65.01,800,774,3.2930,,EA,ORB
SL-11 R/B,1987-060B,18188,R/B,D,CIS,1987-07-10,TYMSC,1987-07-11,89.85,65.00,423,112,,,EA,IMP
COSMOS 1848 DEB,1987-047S,18189,DEB,D,CIS,1987-05-28,PLMSC,1987-07-12,90.26,72.84,292,282,,,EA,IMP
COSMOS 1848 DEB,1987-047T,18190,DEB,D,CIS,1987-05-28,PLMSC,1987-07-05,90.59,72.63,307,300,,,EA,IMP
SL-11 DEB,1987-060C,18191,DEB,D,CIS,1987-07-10,TYMSC,1990-02-11,90.27,64.95,299,276,1.2500,,EA,IMP
COSMOS 1868,1987-061A,18192,PAY,D,CIS,1987-07-14,PLMSC,1989-03-03,87.06,73.95,135,123,5.1228,,EA,IMP
SL-8 R/B,1987-061B,18193,R/B,D,CIS,1987-07-14,PLMSC,1988-08-30,87.18,73.95,145,125,34.1900,,EA,IMP
COSMOS 1869,1987-062A,18214,PAY,,CIS,1987-07-16,PLMSC,,93.60,82.51,462,439,8.8445,,EA,ORB
SL-14 R/B,1987-062B,18215,R/B,,CIS,1987-07-16,PLMSC,,96.92,82.51,624,598,4.0192,,EA,ORB
COSMOS 1863 DEB,1987-056E,18216,DEB,D,CIS,1987-07-04,PLMSC,1987-08-20,92.22,72.85,422,345,0.2400,,EA,IMP
COSMOS 1863 DEB,1987-056F,18217,DEB,D,CIS,1987-07-04,PLMSC,1987-11-13,87.31,72.84,149,134,1.3500,,EA,IMP
COSMOS 1863 DEB,1987-056G,18218,DEB,D,CIS,1987-07-04,PLMSC,1988-01-23,87.95,72.84,181,165,3.2200,,EA,IMP
COSMOS 1863 DEB,1987-056H,18219,DEB,D,CIS,1987-07-04,PLMSC,1987-10-08,88.48,72.86,204,195,3.0100,,EA,IMP
COSMOS 1863 DEB,1987-056J,18220,DEB,D,CIS,1987-07-04,PLMSC,1987-08-09,92.44,72.98,474,314,0.3100,,EA,IMP
COSMOS 1863 DEB,1987-056K,18221,DEB,D,CIS,1987-07-04,PLMSC,1987-08-23,92.18,72.88,411,352,0.0700,,EA,IMP
SOYUZ-TM 3,1987-063A,18222,PAY,D,CIS,1987-07-22,TYMSC,1987-12-29,91.37,51.63,354,329,391.4800,,EA,LAN
SL-4 R/B,1987-063B,18223,R/B,D,CIS,1987-07-22,TYMSC,1987-07-24,87.18,51.61,136,133,51.7900,,EA,IMP
COSMOS 1863 DEB,1987-056L,18224,DEB,D,CIS,1987-07-04,PLMSC,1988-10-07,87.44,72.83,154,142,0.6600,,EA,IMP
COSMOS 1870,1987-064A,18225,PAY,D,CIS,1987-07-25,TYMSC,1989-07-29,89.48,71.86,259,238,26.9065,,EA,IMP
SL-13 R/B,1987-064B,18226,R/B,D,CIS,1987-07-25,TYMSC,1987-07-27,87.42,71.94,160,133,0.3100,,EA,IMP
SL-13 DEB,1987-064C,18227,DEB,D,CIS,1987-07-25,TYMSC,1987-07-26,87.57,71.90,174,134,,,EA,IMP
ASTRO-C DEB,1987-012C,18229,DEB,D,JPN,1987-02-05,KSCUT,1988-11-25,91.32,31.12,360,319,0.1102,,EA,IMP
COSMOS 1813 DEB,1987-004GN,18230,DEB,D,CIS,1987-01-15,PLMSC,1987-08-24,,,,,,,EA,IMP
COSMOS 1813 DEB,1987-004GP,18235,DEB,D,CIS,1987-01-15,PLMSC,1987-10-25,88.01,72.80,184,168,0.2400,,EA,IMP
COSMOS 1813 DEB,1987-004GQ,18236,DEB,D,CIS,1987-01-15,PLMSC,1987-11-04,88.10,72.79,186,175,0.1600,,EA,IMP
ASTRO-C DEB,1987-012D,18238,DEB,D,JPN,1987-02-05,KSCUT,1989-10-08,88.98,31.07,230,218,1.4896,,EA,IMP
COSMOS 1860 DEB[ANTENNA],1987-052B,18239,DEB,D,CIS,1987-06-18,TYMSC,1987-08-02,88.90,64.99,232,208,,,EA,IMP
COSMOS 1860 DEB [PELPS],1987-052C,18240,DEB,D,CIS,1987-06-18,TYMSC,1987-09-16,,,,,12.0200,,EA,IMP
COSMOS 1860 FUEL CORE,1987-052D,18241,DEB,,CIS,1987-06-18,TYMSC,,103.67,65.01,949,915,0.1712,,EA,ORB
SOYUZ-TM 2 ORBIT MODULE,1987-013C,18242,PAY,D,CIS,1987-02-05,TYMSC,1988-01-16,87.31,51.61,146,136,17.6200,,EA,IMP
COSMOS 1814 DEB,1987-006C,18257,DEB,,CIS,1987-01-21,PLMSC,,97.83,74.03,660,650,0.0161,,EA,ORB
COSMOS 1871,1987-065A,18259,PAY,D,CIS,1987-08-01,TYMSC,1987-08-10,87.17,97.01,143,125,88.0500,,EA,IMP
SL-16 R/B,1987-065B,18260,R/B,D,CIS,1987-08-01,TYMSC,1987-08-03,87.53,97.00,166,138,,,EA,IMP
COSMOS 1813 DEB,1987-004GR,18273,DEB,D,CIS,1987-01-15,PLMSC,1990-07-16,88.92,72.76,227,215,0.0041,,EA,IMP
SL-8 DEB,1987-054D,18276,DEB,,CIS,1987-06-23,PLMSC,,104.53,82.93,983,962,0.0112,,EA,ORB
PROGRESS 31,1987-066A,18283,PAY,D,CIS,1987-08-03,TYMSC,1987-09-23,91.20,51.63,359,307,89.9800,,EA,IMP
SL-4 R/B,1987-066B,18284,R/B,D,CIS,1987-08-03,TYMSC,1987-08-07,87.35,51.63,146,140,36.4900,,EA,IMP
COSMOS 1866 DEB,1987-059D,18285,DEB,D,CIS,1987-07-09,PLMSC,1987-08-19,87.91,67.24,196,146,1.3500,,EA,IMP
COSMOS 1866 DEB,1987-059E,18286,DEB,D,CIS,1987-07-09,PLMSC,1987-08-30,89.63,67.58,319,193,0.0700,,EA,IMP
COSMOS 1866 DEB,1987-059F,18287,DEB,D,CIS,1987-07-09,PLMSC,1987-08-18,88.61,67.40,238,174,0.1200,,EA,IMP
COSMOS 1866 DEB,1987-059G,18288,DEB,D,CIS,1987-07-09,PLMSC,1987-09-17,95.37,67.13,864,209,0.2300,,EA,IMP
COSMOS 1813 DEB,1987-004GS,18305,DEB,D,CIS,1987-01-15,PLMSC,1988-10-17,89.09,72.84,260,199,0.0756,,EA,IMP
FSW-0 9,1987-067A,18306,PAY,D,PRC,1987-08-05,JSC,1987-08-23,88.04,62.94,207,148,8.4200,,EA,IMP
CZ-2C R/B,1987-067B,18307,R/B,D,PRC,1987-08-05,JSC,1987-08-21,86.82,62.93,122,112,30.0300,,EA,IMP
COSMOS 1866 DEB,1987-059H,18308,DEB,D,CIS,1987-07-09,PLMSC,1987-09-20,89.19,67.18,288,181,0.2800,,EA,IMP
COSMOS 1866 DEB,1987-059J,18309,DEB,D,CIS,1987-07-09,PLMSC,1987-10-16,93.44,67.04,717,169,0.2900,,EA,IMP
COSMOS 1866 DEB,1987-059K,18310,DEB,D,CIS,1987-07-09,PLMSC,1987-10-12,101.97,67.57,1476,228,0.1100,,EA,IMP
COSMOS 1866 DEB,1987-059L,18311,DEB,D,CIS,1987-07-09,PLMSC,1987-10-10,87.91,67.13,196,145,0.0100,,EA,IMP
METEOR 2-16,1987-068A,18312,PAY,,CIS,1987-08-18,PLMSC,,103.97,82.55,955,938,4.3174,,EA,ORB
SL-14 R/B,1987-068B,18313,R/B,,CIS,1987-08-18,PLMSC,,104.02,82.55,955,942,4.7410,,EA,ORB
COSMOS 1872,1987-069A,18314,PAY,D,CIS,1987-08-19,PLMSC,1987-08-30,89.21,72.87,248,223,25.4100,,EA,IMP
SL-4 R/B,1987-069B,18315,R/B,D,CIS,1987-08-19,PLMSC,1987-08-26,87.93,72.84,188,157,20.0000,,EA,IMP
KIKU-5 (ETS-V),1987-070A,18316,PAY,-,JPN,1987-08-27,TANSC,,1449.71,12.72,36067,36038,3.3081,,EA,ORB
H-1 R/B(1),1987-070B,18317,R/B,D,JPN,1987-08-27,TANSC,1987-08-28,87.96,30.39,190,157,33.5600,,EA,IMP
COSMOS 1873,1987-071A,18318,PAY,D,CIS,1987-08-28,TYMSC,1987-09-14,86.81,64.81,120,113,91.6100,,EA,IMP
SL-16 R/B,1987-071B,18319,R/B,D,CIS,1987-08-28,TYMSC,1987-09-02,87.22,64.82,142,132,37.8100,,EA,IMP
H-1 R/B(2),1987-070C,18320,R/B,D,JPN,1987-08-27,TANSC,1988-06-20,90.49,27.91,503,94,10.0000,,EA,IMP
COSMOS 1872 DEB,1987-069C,18321,DEB,D,CIS,1987-08-19,PLMSC,1987-09-10,87.20,72.84,140,131,1.0200,,EA,IMP
COSMOS 1872 DEB,1987-069D,18322,DEB,D,CIS,1987-08-19,PLMSC,1987-09-01,87.91,72.85,177,165,0.3100,,EA,IMP
COSMOS 1872 DEB,1987-069E,18323,DEB,D,CIS,1987-08-19,PLMSC,1987-08-31,88.44,72.86,205,190,0.3100,,EA,IMP
COSMOS 1872 DEB,1987-069F,18324,DEB,D,CIS,1987-08-19,PLMSC,1987-09-07,89.16,72.85,270,197,0.3100,,EA,IMP
COSMOS 1872 DEB,1987-069G,18325,DEB,D,CIS,1987-08-19,PLMSC,1987-09-01,89.30,72.88,273,206,0.3100,,EA,IMP
COSMOS 1874,1987-072A,18326,PAY,D,CIS,1987-09-03,PLMSC,1987-09-17,89.59,72.86,284,224,17.7500,,EA,IMP
SL-4 R/B,1987-072B,18327,R/B,D,CIS,1987-09-03,PLMSC,1987-09-11,86.83,72.84,121,114,23.3600,,EA,IMP
EKRAN 16,1987-073A,18328,PAY,-,CIS,1987-09-03,TYMSC,,1492.46,12.17,36906,36860,5.9463,,EA,ORB
SL-12 R/B(1),1987-073B,18329,R/B,D,CIS,1987-09-03,TYMSC,1987-09-06,87.38,51.61,147,142,62.1200,,EA,IMP
SL-12 PLAT,1987-073C,18330,DEB,D,CIS,1987-09-03,TYMSC,1987-09-04,87.68,51.60,162,157,11.0800,,EA,IMP
SL-12 R/B(2),1987-073D,18331,R/B,,CIS,1987-09-03,TYMSC,,1420.38,9.48,35546,35411,2.2796,,EA,ORB
SL-12 R/B(AUX MOTOR),1987-073E,18332,R/B,D,CIS,1987-09-03,TYMSC,2003-01-27,90.24,46.68,452,120,1.2077,,EA,IMP
SL-12 R/B(AUX MOTOR),1987-073F,18333,R/B,D,CIS,1987-09-03,TYMSC,1988-07-12,100.07,46.37,1433,91,1.4500,,EA,IMP
COSMOS 1875,1987-074A,18334,PAY,,CIS,1987-09-07,PLMSC,,113.71,82.57,1407,1387,1.0265,,EA,ORB
COSMOS 1876,1987-074B,18335,PAY,,CIS,1987-09-07,PLMSC,,114.03,82.57,1415,1408,1.0499,,EA,ORB
COSMOS 1877,1987-074C,18336,PAY,,CIS,1987-09-07,PLMSC,,113.95,82.56,1409,1407,0.9987,,EA,ORB
COSMOS 1878,1987-074D,18337,PAY,,CIS,1987-09-07,PLMSC,,113.89,82.56,1408,1401,1.0450,,EA,ORB
COSMOS 1879,1987-074E,18338,PAY,,CIS,1987-09-07,PLMSC,,113.83,82.57,1408,1396,1.0822,,EA,ORB
COSMOS 1880,1987-074F,18339,PAY,,CIS,1987-09-07,PLMSC,,113.79,82.56,1408,1392,0.9840,,EA,ORB
SL-14 R/B,1987-074G,18340,R/B,,CIS,1987-09-07,PLMSC,,114.69,82.57,1473,1410,6.1176,,EA,ORB
FSW-1 1,1987-075A,18341,PAY,D,PRC,1987-09-09,JSC,1987-10-04,87.06,62.96,133,125,30.2400,,EA,IMP
CZ-2C R/B,1987-075B,18342,R/B,D,PRC,1987-09-09,JSC,1987-09-24,86.94,62.98,128,118,,,EA,IMP
COSMOS 1881,1987-076A,18343,PAY,D,CIS,1987-09-11,TYMSC,1988-03-30,89.49,64.72,276,222,59.4900,,EA,IMP
SL-4 R/B,1987-076B,18344,R/B,D,CIS,1987-09-11,TYMSC,1987-09-15,87.06,64.75,138,120,18.3400,,EA,IMP
COSMOS 1882,1987-077A,18348,PAY,D,CIS,1987-09-15,PLMSC,1987-10-07,89.72,82.32,270,251,0.0100,,EA,IMP
SL-4 R/B,1987-077B,18349,R/B,D,CIS,1987-09-15,PLMSC,1987-09-17,87.89,82.32,181,159,33.6300,,EA,IMP
OPTUS A3 (AUSSAT 3),1987-078A,18350,PAY,-,AUS,1987-09-16,FRGUI,,1455.91,14.37,36193,36155,15.8489,,EA,ORB
EUTELSAT 1-F4 (ECS 4),1987-078B,18351,PAY,-,EUTE,1987-09-16,FRGUI,,1459.13,13.78,36273,36199,3.9810,,EA,ORB
ARIANE 3 R/B,1987-078C,18352,R/B,D,FR,1987-09-16,FRGUI,1991-06-21,91.72,7.14,596,121,29.5559,,EA,IMP
ARIANE 3 DEB [SYLDA],1987-078D,18353,DEB,D,FR,1987-09-16,FRGUI,1988-10-08,104.66,7.16,1802,155,18.3900,,EA,IMP
COSMOS 1883 [GLONASS],1987-079A,18355,PAY,-,CIS,1987-09-16,TYMSC,,675.74,65.56,19144,19116,0.6882,,EA,ORB
COSMOS 1884 [GLONASS],1987-079B,18356,PAY,-,CIS,1987-09-16,TYMSC,,675.73,65.58,19185,19075,0.8552,,EA,ORB
COSMOS 1885 [GLONASS],1987-079C,18357,PAY,-,CIS,1987-09-16,TYMSC,,675.73,65.58,19193,19066,1.3863,,EA,ORB
SL-12 PLAT,1987-079D,18358,DEB,D,CIS,1987-09-16,TYMSC,1987-09-16,87.31,64.82,146,137,,,EA,IMP
SL-12 R/B(1),1987-079E,18359,R/B,D,CIS,1987-09-16,TYMSC,1987-09-16,86.85,64.83,124,113,0.3100,,EA,IMP
SL-12 R/B(2),1987-079F,18360,R/B,,CIS,1987-09-16,TYMSC,,674.73,65.53,19128,19081,1.4418,,EA,ORB
OSCAR 27,1987-080A,18361,PAY,,US,1987-09-16,AFWTR,,107.07,90.36,1167,1014,1.4209,,EA,ORB
OSCAR 29,1987-080B,18362,PAY,,US,1987-09-16,AFWTR,,107.10,90.37,1170,1015,1.3700,,EA,ORB
SCOUT G-1 R/B,1987-080C,18363,R/B,,US,1987-09-16,AFWTR,,107.13,90.37,1170,1017,0.8110,,EA,ORB
ARIANE 3 DEB,1987-078E,18364,DEB,D,FR,1987-09-16,FRGUI,1998-03-21,95.32,7.15,932,137,0.0050,,EA,IMP
SCOUT G-1 DEB,1987-080E,18365,DEB,,US,1987-09-16,AFWTR,,106.40,90.35,1137,982,0.0127,,EA,ORB
COSMOS 1886,1987-081A,18366,PAY,D,CIS,1987-09-17,PLMSC,1987-11-02,89.39,67.14,313,175,32.7600,,EA,IMP
SL-4 R/B,1987-081B,18367,R/B,D,CIS,1987-09-17,PLMSC,1987-09-22,87.38,67.14,162,128,44.9900,,EA,IMP
COSMOS 1874 DEB,1987-072C,18368,DEB,D,CIS,1987-09-03,PLMSC,1987-10-12,87.00,72.85,134,117,1.5400,,EA,IMP
COSMOS 1874 DEB,1987-072D,18369,DEB,D,CIS,1987-09-03,PLMSC,1987-09-19,91.04,72.85,417,234,0.4400,,EA,IMP
COSMOS 1874 DEB,1987-072E,18370,DEB,D,CIS,1987-09-03,PLMSC,1987-09-20,88.27,72.84,202,176,4.5300,,EA,IMP
COSMOS 1874 DEB,1987-072F,18371,DEB,D,CIS,1987-09-03,PLMSC,1987-09-25,89.39,72.82,286,202,,,EA,IMP
CZ-2C DEB,1987-075C,18372,DEB,D,PRC,1987-09-09,JSC,1987-09-23,89.19,62.94,277,192,,,EA,IMP
CZ-2C DEB,1987-075D,18373,DEB,D,PRC,1987-09-09,JSC,1987-09-20,88.17,63.00,202,165,,,EA,IMP
SL-12 R/B(AUX MOTOR),1987-079G,18374,R/B,,CIS,1987-09-16,TYMSC,,327.92,64.97,18404,344,0.4807,,EA,ORB
SL-12 R/B(AUX MOTOR),1987-079H,18375,R/B,,CIS,1987-09-16,TYMSC,,359.93,64.61,19971,795,0.5630,,EA,ORB
PROGRESS 32,1987-082A,18376,PAY,D,CIS,1987-09-23,TYMSC,1987-11-19,91.22,51.63,342,326,48.6200,,EA,IMP
SL-4 R/B,1987-082B,18377,R/B,D,CIS,1987-09-23,TYMSC,1987-09-26,86.90,51.60,123,118,13.1000,,EA,IMP
COSMOS 1887,1987-083A,18380,PAY,D,CIS,1987-09-29,PLMSC,1987-10-12,90.35,62.82,369,214,17.0300,,EA,IMP
SL-4 R/B,1987-083B,18381,R/B,D,CIS,1987-09-29,PLMSC,1987-10-19,87.64,62.79,167,148,28.1400,,EA,IMP
COSMOS 1888,1987-084A,18384,PAY,,CIS,1987-10-01,TYMSC,,1437.44,10.71,35824,35802,6.3095,,EA,ORB
SL-12 R/B(1),1987-084B,18385,R/B,D,CIS,1987-10-01,TYMSC,1987-10-04,87.31,51.62,144,139,12.7000,,EA,IMP
SL-12 PLAT,1987-084C,18386,DEB,D,CIS,1987-10-01,TYMSC,1987-10-02,87.71,51.61,165,158,0.3000,,EA,IMP
SL-12 R/B(2),1987-084D,18387,R/B,,CIS,1987-10-01,TYMSC,,1439.57,10.86,35981,35728,2.1055,,EA,ORB
SL-12 R/B(AUX MOTOR),1987-084E,18388,R/B,D,CIS,1987-10-01,TYMSC,1988-06-20,101.51,46.68,1568,92,0.1400,,EA,IMP
COSMOS 1882 DEB,1987-077C,18389,DEB,D,CIS,1987-09-15,PLMSC,1987-10-17,87.98,82.29,192,158,0.2600,,EA,IMP
COSMOS 1882 DEB,1987-077D,18390,DEB,D,CIS,1987-09-15,PLMSC,1987-10-12,88.08,82.31,188,171,0.7500,,EA,IMP
COSMOS 1882 DEB,1987-077E,18391,DEB,D,CIS,1987-09-15,PLMSC,1987-10-10,88.02,82.31,184,170,1.0700,,EA,IMP
COSMOS 1882 DEB,1987-077F,18392,DEB,D,CIS,1987-09-15,PLMSC,1987-11-05,87.15,82.31,138,128,3.6400,,EA,IMP
COSMOS 1882 DEB,1987-077G,18393,DEB,D,CIS,1987-09-15,PLMSC,1987-10-11,89.15,82.33,267,198,0.1100,,EA,IMP
COSMOS 1889,1987-085A,18394,PAY,D,CIS,1987-10-09,TYMSC,1987-10-23,92.17,69.98,414,348,23.8900,,EA,IMP
SL-4 R/B,1987-085B,18395,R/B,D,CIS,1987-10-09,TYMSC,1987-10-25,87.21,69.97,142,130,45.5200,,EA,IMP
COSMOS 1890,1987-086A,18396,PAY,D,CIS,1987-10-10,TYMSC,1988-12-26,88.80,64.98,255,174,40.0038,,EA,IMP
SL-11 R/B,1987-086B,18397,R/B,D,CIS,1987-10-10,TYMSC,1987-10-11,89.38,64.99,375,113,,,EA,IMP
COSMOS 1887 DEB,1987-083C,18398,DEB,D,CIS,1987-09-29,PLMSC,1987-11-08,87.83,62.81,177,157,5.3500,,EA,IMP
COSMOS 1887 DEB,1987-083D,18399,DEB,D,CIS,1987-09-29,PLMSC,1987-11-05,88.06,62.81,187,170,3.2500,,EA,IMP
COSMOS 1887 DEB,1987-083E,18400,DEB,D,CIS,1987-09-29,PLMSC,1987-10-21,88.45,62.81,223,172,0.5500,,EA,IMP
COSMOS 1887 DEB,1987-083F,18401,DEB,D,CIS,1987-09-29,PLMSC,1987-10-28,89.06,62.89,248,207,0.5600,,EA,IMP
COSMOS 1891,1987-087A,18402,PAY,,CIS,1987-10-14,PLMSC,,104.81,82.93,1022,949,2.0374,,EA,ORB
SL-8 R/B,1987-087B,18403,R/B,,CIS,1987-10-14,PLMSC,,104.59,82.92,1017,933,4.4904,,EA,ORB
ASTRO-C DEB,1987-012E,18407,DEB,D,JPN,1987-02-05,KSCUT,1989-08-11,89.59,31.32,263,246,0.0500,,EA,IMP
ASTRO-C DEB,1987-012F,18408,DEB,D,JPN,1987-02-05,KSCUT,1988-11-22,92.92,30.97,436,399,0.1793,,EA,IMP
ASTRO-C DEB,1987-012G,18409,DEB,D,JPN,1987-02-05,KSCUT,1989-02-11,90.35,31.07,295,288,0.0600,,EA,IMP
SL-16 DEB,1987-041C,18410,DEB,,CIS,1987-05-13,TYMSC,,104.79,70.99,1134,835,0.0920,,EA,ORB
SL-16 DEB,1987-041D,18411,DEB,,CIS,1987-05-13,TYMSC,,104.61,71.03,1114,839,0.0816,,EA,ORB
SL-16 DEB,1987-041E,18412,DEB,,CIS,1987-05-13,TYMSC,,104.58,71.03,1115,835,0.0882,,EA,ORB
SL-16 DEB,1987-027C,18416,DEB,,CIS,1987-03-18,TYMSC,,104.53,71.04,1110,835,0.0910,,EA,ORB
SL-16 DEB,1987-027D,18417,DEB,,CIS,1987-03-18,TYMSC,,104.75,71.00,1131,835,0.0850,,EA,ORB
SL-12 R/B(AUX MOTOR),1987-084F,18420,R/B,D,CIS,1987-10-01,TYMSC,1988-07-19,101.06,46.69,1520,97,1.4300,,EA,IMP
COSMOS 1892,1987-088A,18421,PAY,D,CIS,1987-10-20,PLMSC,2025-12-02,87.44,82.45,153,142,6.3995,,EA,IMP
SL-14 R/B,1987-088B,18422,R/B,,CIS,1987-10-20,PLMSC,,96.94,82.51,625,599,4.4152,,EA,ORB
COSMOS 1893,1987-089A,18432,PAY,D,CIS,1987-10-22,PLMSC,1987-12-16,89.16,67.14,305,160,61.8900,,EA,IMP
SL-4 R/B,1987-089B,18433,R/B,D,CIS,1987-10-22,PLMSC,1987-10-26,87.56,67.15,177,130,,,EA,IMP
COSMOS 1889 DEB,1987-085C,18436,DEB,D,CIS,1987-10-09,TYMSC,1988-02-28,90.05,69.96,297,257,1.1700,,EA,IMP
COSMOS 1889 DEB,1987-085D,18437,DEB,D,CIS,1987-10-09,TYMSC,1988-01-31,89.51,69.97,257,243,1.1300,,EA,IMP
COSMOS 1889 DEB,1987-085E,18438,DEB,D,CIS,1987-10-09,TYMSC,1987-11-30,88.79,69.94,219,210,0.2400,,EA,IMP
COSMOS 1889 DEB,1987-085F,18439,DEB,D,CIS,1987-10-09,TYMSC,1987-12-23,89.25,69.98,245,229,0.9500,,EA,IMP
COSMOS 1889 DEB,1987-085G,18440,DEB,D,CIS,1987-10-09,TYMSC,1988-10-10,87.56,69.96,160,147,3.3377,,EA,IMP
USA 27,1987-090A,18441,PAY,,US,1987-10-26,AFWTR,,,,,,,NEA,EA,ORB
TITAN 34D R/B,1987-090B,18442,R/B,D,US,1987-10-26,AFWTR,1987-10-27,,,,,,NEA,EA,IMP
COSMOS 1894,1987-091A,18443,PAY,,CIS,1987-10-28,TYMSC,,1436.66,10.66,35809,35786,5.2954,,EA,ORB
SL-12 R/B(1),1987-091B,18444,R/B,D,CIS,1987-10-28,TYMSC,1987-10-31,87.30,51.61,144,137,,,EA,IMP
SL-12 PLAT,1987-091C,18445,DEB,D,CIS,1987-10-28,TYMSC,1987-10-29,87.81,51.60,172,160,,,EA,IMP
SL-12 R/B(2),1987-091D,18446,R/B,,CIS,1987-10-28,TYMSC,,1437.71,10.70,35916,35721,2.5119,,EA,ORB
SL-12 R/B(AUX MOTOR),1987-091E,18447,R/B,D,CIS,1987-10-28,TYMSC,1988-04-09,597.79,46.67,34126,131,10.0000,,EA,IMP
SL-12 R/B(AUX MOTOR),1987-091F,18448,R/B,D,CIS,1987-10-28,TYMSC,1988-09-06,632.55,46.79,35875,187,1.9700,,EA,IMP
COSMOS 1886 DEB,1987-081C,18449,DEB,D,CIS,1987-09-17,PLMSC,1987-11-02,87.36,67.16,158,130,,,EA,IMP
SL-16 DEB,1987-041F,18476,DEB,,CIS,1987-05-13,TYMSC,,104.86,70.99,1142,834,0.0936,,EA,ORB
COSMOS 1895,1987-092A,18491,PAY,D,CIS,1987-11-11,TYMSC,1987-11-26,89.13,70.36,247,216,,,EA,IMP
SL-4 R/B,1987-092B,18492,R/B,D,CIS,1987-11-11,TYMSC,1987-11-25,87.43,70.36,157,138,,,EA,IMP
COSMOS 1813 DEB,1987-004GT,18514,DEB,D,CIS,1987-01-15,PLMSC,1987-11-21,88.08,72.77,189,170,,,EA,IMP
COSMOS 1813 DEB,1987-004GU,18515,DEB,D,CIS,1987-01-15,PLMSC,1988-01-30,89.27,72.78,252,225,0.0100,,EA,IMP
ASTRO-C DEB,1987-012H,18523,DEB,D,JPN,1987-02-05,KSCUT,1988-02-03,94.94,31.08,567,465,2.1900,,EA,IMP
SL-11 DEB,1987-060D,18524,DEB,D,CIS,1987-07-10,TYMSC,1990-05-15,88.27,64.94,197,181,3.1100,,EA,IMP
SL-8 DEB,1987-049C,18526,DEB,,CIS,1987-06-09,PLMSC,,98.24,74.03,676,673,0.0170,,EA,ORB
SL-16 DEB,1987-027E,18527,DEB,,CIS,1987-03-18,TYMSC,,104.66,71.00,1122,836,0.0855,,EA,ORB
SCOUT G-1 DEB,1987-080F,18530,DEB,,US,1987-09-16,AFWTR,,106.17,90.32,1112,986,0.0450,,EA,ORB
COSMOS 1896,1987-093A,18535,PAY,D,CIS,1987-11-14,TYMSC,1987-12-25,89.41,64.79,277,214,0.5000,,EA,IMP
SL-4 R/B,1987-093B,18536,R/B,D,CIS,1987-11-14,TYMSC,1987-11-20,87.73,64.80,175,149,,,EA,IMP
SL-4 DEB,1987-093C,18537,DEB,D,CIS,1987-11-14,TYMSC,1987-11-15,89.26,64.80,292,184,,,EA,IMP
SL-16 DEB,1987-027F,18550,DEB,,CIS,1987-03-18,TYMSC,,104.40,71.02,1100,833,0.0865,,EA,ORB
SCOUT G-1 DEB,1987-080G,18561,DEB,,US,1987-09-16,AFWTR,,106.40,90.35,1140,980,0.0184,,EA,ORB
SCOUT G-1 DEB,1987-080H,18562,DEB,,US,1987-09-16,AFWTR,,107.45,89.90,1243,974,0.0370,,EA,ORB
COSMOS 1889 DEB,1987-085H,18567,DEB,D,CIS,1987-10-09,TYMSC,1987-11-27,89.84,69.15,288,245,,,EA,IMP
PROGRESS 33,1987-094A,18568,PAY,D,CIS,1987-11-20,TYMSC,1987-12-19,91.47,51.63,360,333,158.5800,,EA,IMP
SL-4 R/B,1987-094B,18569,R/B,D,CIS,1987-11-20,TYMSC,1987-11-23,87.02,51.64,131,122,36.9200,,EA,IMP
TVSAT 1,1987-095A,18570,PAY,,GER,1987-11-21,FRGUI,,1455.71,11.17,36435,35904,3.2075,,EA,ORB
ARIANE 3 DEB,1987-078F,18571,DEB,,FR,1987-09-16,FRGUI,,317.29,6.73,17607,456,11.0927,,EA,ORB
COSMOS 1895 DEB,1987-092C,18572,DEB,D,CIS,1987-11-11,TYMSC,1987-11-28,87.83,70.35,175,159,,,EA,IMP
COSMOS 1895 DEB,1987-092D,18573,DEB,D,CIS,1987-11-11,TYMSC,1987-11-27,88.59,70.35,213,196,,,EA,IMP
COSMOS 1895 DEB,1987-092E,18574,DEB,D,CIS,1987-11-11,TYMSC,1987-12-04,87.47,70.34,154,144,2.6700,,EA,IMP
COSMOS 1897,1987-096A,18575,PAY,-,CIS,1987-11-26,TYMSC,,1435.82,10.94,35812,35750,10.0000,,EA,ORB
SL-12 R/B(1),1987-096B,18576,R/B,D,CIS,1987-11-26,TYMSC,1987-11-28,87.31,51.61,142,140,,,EA,IMP
SL-12 PLAT,1987-096C,18577,DEB,D,CIS,1987-11-26,TYMSC,1987-11-27,87.83,51.60,173,161,,,EA,IMP
SL-12 R/B(2),1987-096D,18578,R/B,,CIS,1987-11-26,TYMSC,,1431.75,10.73,35799,35603,2.5118,,EA,ORB
SL-12 R/B(AUX MOTOR),1987-096E,18579,R/B,D,CIS,1987-11-26,TYMSC,1991-05-06,88.37,46.53,286,102,3.9600,,EA,IMP
SL-12 R/B(AUX MOTOR),1987-096F,18580,R/B,D,CIS,1987-11-26,TYMSC,1988-08-18,93.90,46.60,834,96,1.4000,,EA,IMP
COSMOS 1895 DEB,1987-092F,18581,DEB,D,CIS,1987-11-11,TYMSC,1987-11-29,89.36,70.36,299,187,0.6800,,EA,IMP
COSMOS 1895 DEB,1987-092G,18582,DEB,D,CIS,1987-11-11,TYMSC,1987-11-27,89.73,70.33,322,200,,,EA,IMP
USA 28 (DSP 13),1987-097A,18583,PAY,-,US,1987-11-29,AFETR,,1463.62,12.00,36437,36210,,,EA,ORB
TITAN 34D TRANSTAGE R/B,1987-097B,18584,R/B,,US,1987-11-29,AFETR,,1422.42,10.73,35556,35481,,,EA,ORB
COSMOS 1898,1987-098A,18585,PAY,,CIS,1987-12-01,PLMSC,,100.38,74.01,792,761,2.1114,,EA,ORB
SL-8 R/B,1987-098B,18586,R/B,,CIS,1987-12-01,PLMSC,,100.11,74.00,779,749,4.2642,,EA,ORB
COSMOS 1836 DEB,1987-033D,18587,DEB,D,CIS,1987-04-16,TYMSC,1987-12-03,88.89,64.79,250,190,,,EA,IMP
COSMOS 1836 DEB,1987-033E,18588,DEB,D,CIS,1987-04-16,TYMSC,1987-12-05,90.31,64.78,405,175,0.2500,,EA,IMP
COSMOS 1813 DEB,1987-004GV,18595,DEB,D,CIS,1987-01-15,PLMSC,1989-02-11,89.53,72.78,288,214,0.0052,,EA,IMP
COSMOS 1813 DEB,1987-004GW,18596,DEB,D,CIS,1987-01-15,PLMSC,1989-03-05,89.42,72.81,271,221,0.0047,,EA,IMP
COSMOS 1813 DEB,1987-004GX,18609,DEB,D,CIS,1987-01-15,PLMSC,1988-09-29,89.42,72.79,259,232,0.0031,,EA,IMP
COSMOS 1899,1987-099A,18625,PAY,D,CIS,1987-12-07,TYMSC,1987-12-21,89.54,70.38,277,227,19.9900,,EA,IMP
SL-4 R/B,1987-099B,18626,R/B,D,CIS,1987-12-07,TYMSC,1987-12-13,87.30,70.37,145,136,46.9500,,EA,IMP
SL-4 DEB,1987-099C,18627,DEB,D,CIS,1987-12-07,TYMSC,1987-12-08,88.16,70.40,196,172,0.0700,,EA,IMP
RADUGA 21,1987-100A,18631,PAY,-,CIS,1987-12-10,TYMSC,,1435.15,11.21,35774,35762,3.9811,,EA,ORB
SL-12 R/B(1),1987-100B,18632,R/B,D,CIS,1987-12-10,TYMSC,1987-12-13,87.43,51.61,150,145,,,EA,IMP
SL-12 PLAT,1987-100C,18633,DEB,D,CIS,1987-12-10,TYMSC,1987-12-11,88.29,51.61,195,185,,,EA,IMP
SL-12 R/B(2),1987-100D,18634,R/B,,CIS,1987-12-10,TYMSC,,1392.66,9.63,35004,34860,2.5000,,EA,ORB
SL-12 R/B(AUX MOTOR),1987-100E,18635,R/B,D,CIS,1987-12-10,TYMSC,1991-05-07,602.50,46.84,34361,143,1.1200,,EA,IMP
SL-12 R/B(AUX MOTOR),1987-100F,18636,R/B,D,CIS,1987-12-10,TYMSC,1989-07-05,426.17,46.73,24662,100,2.2169,,EA,IMP
COSMOS 1900,1987-101A,18665,PAY,,CIS,1987-12-12,TYMSC,,98.92,66.08,727,687,2.8438,,EA,ORB
COSMOS 1901,1987-102A,18666,PAY,D,CIS,1987-12-14,TYMSC,1988-02-03,89.17,64.89,299,168,16.4700,,EA,IMP
SL-4 R/B,1987-102B,18667,R/B,D,CIS,1987-12-14,TYMSC,1987-12-20,87.45,64.90,167,129,61.8700,,EA,IMP
COSMOS 1902,1987-103A,18668,PAY,D,CIS,1987-12-15,PLMSC,1988-12-30,88.24,65.80,190,185,7.1900,,EA,IMP
SL-8 R/B,1987-103B,18669,R/B,D,CIS,1987-12-15,PLMSC,1988-09-21,87.12,65.80,137,127,15.5600,,EA,IMP
SL-8 DEB,1987-049D,18681,DEB,,CIS,1987-06-09,PLMSC,,99.31,74.03,737,714,0.0175,,EA,ORB
ASTRO-C DEB,1987-012J,18682,DEB,D,JPN,1987-02-05,KSCUT,1989-02-09,90.52,31.09,308,293,0.0989,,EA,IMP
COSMOS 1844 DEB,1987-041G,18687,DEB,D,CIS,1987-05-13,TYMSC,1993-04-06,91.65,70.95,366,345,0.0016,,EA,IMP
COSMOS 1813 DEB,1987-004GY,18696,DEB,D,CIS,1987-01-15,PLMSC,1988-03-26,91.07,72.80,378,277,0.0400,,EA,IMP
SL-8 DEB,1987-098C,18697,DEB,,CIS,1987-12-01,PLMSC,,98.37,74.00,684,677,0.0060,,EA,ORB
SL-8 DEB,1987-098D,18698,DEB,,CIS,1987-12-01,PLMSC,,99.15,73.98,727,709,0.0120,,EA,ORB
SOYUZ-TM 4,1987-104A,18699,PAY,D,CIS,1987-12-21,TYMSC,1988-06-17,91.55,51.62,353,348,604.0600,,EA,LAN
SL-4 R/B,1987-104B,18700,R/B,D,CIS,1987-12-21,TYMSC,1987-12-23,87.74,51.62,180,145,,,EA,IMP
COSMOS 1903,1987-105A,18701,PAY,,CIS,1987-12-21,PLMSC,,717.26,69.03,31870,8459,13.0846,,EA,ORB
SL-6 R/B(1),1987-105B,18702,R/B,D,CIS,1987-12-21,PLMSC,1988-02-09,87.35,62.80,157,129,15.9300,,EA,IMP
SL-6 PLAT,1987-105C,18703,DEB,D,CIS,1987-12-21,PLMSC,1988-01-12,87.85,62.81,202,135,,,EA,IMP
SL-6 R/B(2),1987-105D,18704,R/B,,CIS,1987-12-21,PLMSC,,705.18,67.70,34604,5127,4.2980,,EA,ORB
COSMOS 1899 DEB,1987-099D,18705,DEB,D,CIS,1987-12-07,TYMSC,1988-01-15,87.43,70.37,154,140,0.6600,,EA,IMP
COSMOS 1899 DEB,1987-099E,18706,DEB,D,CIS,1987-12-07,TYMSC,1987-12-23,88.80,70.39,230,201,,,EA,IMP
COSMOS 1899 DEB,1987-099F,18707,DEB,D,CIS,1987-12-07,TYMSC,1987-12-22,89.68,70.38,279,238,,,EA,IMP
COSMOS 1899 DEB,1987-099G,18708,DEB,D,CIS,1987-12-07,TYMSC,1987-12-27,88.40,70.38,217,174,3.3500,,EA,IMP
COSMOS 1904,1987-106A,18709,PAY,,CIS,1987-12-23,PLMSC,,104.77,82.91,1003,964,2.1087,,EA,ORB
SL-8 R/B,1987-106B,18710,R/B,,CIS,1987-12-23,PLMSC,,104.63,82.92,995,959,5.8487,,EA,ORB
COSMOS 1905,1987-107A,18711,PAY,D,CIS,1987-12-25,TYMSC,1988-01-08,89.54,70.35,277,227,8.8600,,EA,IMP
SL-4 R/B,1987-107B,18712,R/B,D,CIS,1987-12-25,TYMSC,1988-01-01,86.99,70.34,129,122,22.2400,,EA,IMP
COSMOS 1906,1987-108A,18713,PAY,D,CIS,1987-12-26,PLMSC,1988-03-13,89.45,83.03,291,203,65.9200,,EA,IMP
SL-4 R/B,1987-108B,18714,R/B,D,CIS,1987-12-26,PLMSC,1987-12-29,87.31,82.58,151,131,39.7800,,EA,IMP
EKRAN 17,1987-109A,18715,PAY,-,CIS,1987-12-27,TYMSC,,1501.82,13.41,37255,36872,8.1170,,EA,ORB
SL-12 R/B(1),1987-109B,18716,R/B,D,CIS,1987-12-27,TYMSC,1987-12-30,87.34,51.62,149,136,37.1700,,EA,IMP
SL-12 PLAT,1987-109C,18717,DEB,D,CIS,1987-12-27,TYMSC,1987-12-28,88.12,51.62,190,174,8.6600,,EA,IMP
SL-12 R/B(2),1987-109D,18718,R/B,,CIS,1987-12-27,TYMSC,,1428.07,10.80,35916,35343,2.7507,,EA,ORB
SL-12 R/B(AUX MOTOR),1987-109E,18719,R/B,D,CIS,1987-12-27,TYMSC,2000-12-20,88.59,46.92,293,116,1.1908,,EA,IMP
COSMOS 1907,1987-110A,18720,PAY,D,CIS,1987-12-29,PLMSC,1988-01-12,92.27,72.82,414,357,17.1800,,EA,IMP
SL-4 R/B,1987-110B,18721,R/B,D,CIS,1987-12-29,PLMSC,1988-01-12,87.05,72.81,140,116,,,EA,IMP
SL-12 R/B(AUX MOTOR),1987-109F,18722,R/B,D,CIS,1987-12-27,TYMSC,1988-10-26,176.17,46.60,7947,117,10.0000,,EA,IMP
SOYUZ-TM 3 ORBIT MODULE,1987-063C,18723,PAY,D,CIS,1987-07-22,TYMSC,1988-06-17,87.31,51.60,147,136,11.3800,,EA,IMP
SL-4 DEB,1987-110C,18724,DEB,D,CIS,1987-12-29,PLMSC,1988-01-01,88.86,72.81,266,170,0.0600,,EA,IMP
COSMOS 1823 DEB,1987-020C,18725,DEB,,CIS,1987-02-20,PLMSC,,116.25,73.76,1569,1455,0.1429,,EA,ORB
COSMOS 1823 DEB,1987-020D,18726,DEB,D,CIS,1987-02-20,PLMSC,1994-10-05,89.84,73.32,362,171,0.5405,,EA,IMP
COSMOS 1823 DEB,1987-020E,18727,DEB,,CIS,1987-02-20,PLMSC,,113.82,73.36,1470,1333,0.1757,,EA,ORB
COSMOS 1823 DEB,1987-020F,18728,DEB,,CIS,1987-02-20,PLMSC,,116.50,73.62,1576,1470,0.0916,,EA,ORB
COSMOS 1823 DEB,1987-020G,18729,DEB,,CIS,1987-02-20,PLMSC,,117.68,73.81,1679,1474,0.1695,,EA,ORB
COSMOS 1823 DEB,1987-020H,18730,DEB,,CIS,1987-02-20,PLMSC,,118.67,73.93,1768,1474,0.1194,,EA,ORB
COSMOS 1823 DEB,1987-020J,18731,DEB,,CIS,1987-02-20,PLMSC,,115.74,73.63,1503,1475,0.2013,,EA,ORB
COSMOS 1823 DEB,1987-020K,18732,DEB,D,CIS,1987-02-20,PLMSC,1991-03-02,95.37,74.47,581,493,0.0852,,EA,IMP
COSMOS 1823 DEB,1987-020L,18733,DEB,D,CIS,1987-02-20,PLMSC,2024-11-11,94.83,73.38,546,474,0.0464,,EA,IMP
COSMOS 1823 DEB,1987-020M,18734,DEB,D,CIS,1987-02-20,PLMSC,1992-11-21,93.50,73.12,466,426,0.0989,,EA,IMP
COSMOS 1823 DEB,1987-020N,18735,DEB,D,CIS,1987-02-20,PLMSC,1990-06-13,93.94,73.39,481,454,0.0300,,EA,IMP
COSMOS 1823 DEB,1987-020P,18736,DEB,D,CIS,1987-02-20,PLMSC,1993-11-05,93.49,73.28,475,416,0.1399,,EA,IMP
COSMOS 1823 DEB,1987-020Q,18737,DEB,,CIS,1987-02-20,PLMSC,,115.98,73.61,1521,1479,0.1751,,EA,ORB
COSMOS 1823 DEB,1987-020R,18738,DEB,D,CIS,1987-02-20,PLMSC,1997-12-06,92.08,73.46,407,345,0.0507,,EA,IMP
COSMOS 1823 DEB,1987-020S,18739,DEB,D,CIS,1987-02-20,PLMSC,1991-02-18,95.81,73.42,590,525,0.0268,,EA,IMP
COSMOS 1823 DEB,1987-020T,18740,DEB,D,CIS,1987-02-20,PLMSC,1992-02-27,96.57,73.44,657,531,0.0554,,EA,IMP
COSMOS 1823 DEB,1987-020U,18741,DEB,D,CIS,1987-02-20,PLMSC,1989-03-22,97.22,73.27,683,569,0.0900,,EA,IMP
COSMOS 1823 DEB,1987-020V,18742,DEB,,CIS,1987-02-20,PLMSC,,114.34,73.51,1469,1382,0.0792,,EA,ORB
COSMOS 1823 DEB,1987-020W,18743,DEB,D,CIS,1987-02-20,PLMSC,1989-01-11,105.11,72.81,1505,494,1.9584,,EA,IMP
COSMOS 1823 DEB,1987-020X,18744,DEB,D,CIS,1987-02-20,PLMSC,1999-05-07,92.59,73.16,417,386,0.0371,,EA,IMP
COSMOS 1823 DEB,1987-020Y,18745,DEB,D,CIS,1987-02-20,PLMSC,2001-10-29,90.69,73.39,360,257,0.0342,,EA,IMP
COSMOS 1823 DEB,1987-020Z,18746,DEB,,CIS,1987-02-20,PLMSC,,111.69,73.47,1330,1278,0.0411,,EA,ORB
COSMOS 1823 DEB,1987-020AA,18747,DEB,,CIS,1987-02-20,PLMSC,,116.24,73.62,1545,1479,0.0559,,EA,ORB
COSMOS 1823 DEB,1987-020AB,18750,DEB,D,CIS,1987-02-20,PLMSC,1990-08-28,95.69,73.40,603,501,0.1168,,EA,IMP
COSMOS 1823 DEB,1987-020AC,18751,DEB,,CIS,1987-02-20,PLMSC,,116.79,73.63,1597,1476,0.1838,,EA,ORB
COSMOS 1823 DEB,1987-020AD,18752,DEB,,CIS,1987-02-20,PLMSC,,114.25,73.92,1468,1375,0.0609,,EA,ORB
COSMOS 1823 DEB,1987-020AE,18753,DEB,,CIS,1987-02-20,PLMSC,,115.58,73.45,1500,1463,0.1506,,EA,ORB
COSMOS 1823 DEB,1987-020AF,18754,DEB,,CIS,1987-02-20,PLMSC,,113.87,73.63,1460,1347,0.1050,,EA,ORB
COSMOS 1823 DEB,1987-020AG,18755,DEB,,CIS,1987-02-20,PLMSC,,115.89,73.64,1523,1469,0.0404,,EA,ORB
COSMOS 1823 DEB,1987-020AH,18756,DEB,,CIS,1987-02-20,PLMSC,,115.74,73.63,1513,1465,0.0761,,EA,ORB
COSMOS 1823 DEB,1987-020AJ,18757,DEB,,CIS,1987-02-20,PLMSC,,107.21,73.70,1137,1058,0.0611,,EA,ORB
COSMOS 1823 DEB,1987-020AK,18758,DEB,,CIS,1987-02-20,PLMSC,,116.31,73.62,1557,1473,0.0580,,EA,ORB
COSMOS 1905 DEB,1987-107C,18759,DEB,D,CIS,1987-12-25,TYMSC,1988-01-12,87.48,70.34,156,143,,,EA,IMP
COSMOS 1905 DEB,1987-107D,18760,DEB,D,CIS,1987-12-25,TYMSC,1988-02-03,88.88,70.34,235,203,7.0100,,EA,IMP
COSMOS 1905 DEB,1987-107E,18761,DEB,D,CIS,1987-12-25,TYMSC,1988-01-15,89.41,70.34,286,205,0.0100,,EA,IMP
COSMOS 1905 DEB,1987-107F,18762,DEB,D,CIS,1987-12-25,TYMSC,1988-01-13,90.40,70.34,368,221,0.0100,,EA,IMP
COSMOS 1905 DEB,1987-107G,18763,DEB,D,CIS,1987-12-25,TYMSC,1988-01-10,88.89,70.34,235,204,0.0100,,EA,IMP
COSMOS 1907 DEB,1987-110D,18768,DEB,D,CIS,1987-12-29,PLMSC,1988-02-26,90.21,72.79,294,276,0.2200,,EA,IMP
COSMOS 1907 DEB,1987-110E,18769,DEB,D,CIS,1987-12-29,PLMSC,1988-05-08,90.31,72.80,298,281,1.2452,,EA,IMP
COSMOS 1907 DEB,1987-110F,18770,DEB,D,CIS,1987-12-29,PLMSC,1988-12-06,88.06,72.80,181,176,0.8977,,EA,IMP
COSMOS 1907 DEB,1987-110G,18771,DEB,D,CIS,1987-12-29,PLMSC,1988-04-09,88.95,72.80,228,217,0.7563,,EA,IMP
COSMOS 1907 DEB,1987-110H,18772,DEB,D,CIS,1987-12-29,PLMSC,1988-03-30,89.24,72.79,240,233,0.9100,,EA,IMP
COSMOS 1823 DEB,1987-020AL,18800,DEB,,CIS,1987-02-20,PLMSC,,116.22,73.59,1551,1470,0.0432,,EA,ORB
COSMOS 1823 DEB,1987-020AM,18801,DEB,,CIS,1987-02-20,PLMSC,,112.89,73.13,1460,1259,0.0185,,EA,ORB
COSMOS 1823 DEB,1987-020AN,18802,DEB,,CIS,1987-02-20,PLMSC,,116.98,73.59,1627,1464,0.0561,,EA,ORB
COSMOS 1823 DEB,1987-020AP,18803,DEB,,CIS,1987-02-20,PLMSC,,116.88,73.45,1608,1473,0.0586,,EA,ORB
COSMOS 1823 DEB,1987-020AQ,18804,DEB,,CIS,1987-02-20,PLMSC,,115.99,73.61,1521,1479,0.0290,,EA,ORB
COSMOS 1823 DEB,1987-020AR,18805,DEB,,CIS,1987-02-20,PLMSC,,115.82,73.71,1509,1476,0.0100,,EA,ORB
COSMOS 1823 DEB,1987-020AS,18806,DEB,,CIS,1987-02-20,PLMSC,,116.54,73.48,1591,1460,0.0350,,EA,ORB
COSMOS 1823 DEB,1987-020AT,18807,DEB,D,CIS,1987-02-20,PLMSC,2025-02-02,93.80,73.68,510,411,0.0167,,EA,IMP
COSMOS 1907 DEB,1987-110J,18808,DEB,D,CIS,1987-12-29,PLMSC,1988-02-28,90.22,71.86,305,265,0.1300,,EA,IMP
COSMOS 1813 DEB,1987-004GZ,18815,DEB,D,CIS,1987-01-15,PLMSC,1989-02-09,88.34,72.75,200,184,0.0011,,EA,IMP
COSMOS 1906 DEB,1987-108C,18825,DEB,D,CIS,1987-12-26,PLMSC,1988-02-21,88.26,82.38,222,154,0.4800,,EA,IMP
COSMOS 1906 DEB,1987-108D,18826,DEB,D,CIS,1987-12-26,PLMSC,1988-02-28,90.10,83.05,357,202,0.3600,,EA,IMP
COSMOS 1906 DEB,1987-108E,18827,DEB,D,CIS,1987-12-26,PLMSC,1988-02-23,88.49,82.89,230,169,,,EA,IMP
COSMOS 1906 DEB,1987-108F,18828,DEB,D,CIS,1987-12-26,PLMSC,1988-04-01,88.60,83.16,245,166,0.5100,,EA,IMP
COSMOS 1906 DEB,1987-108G,18829,DEB,D,CIS,1987-12-26,PLMSC,1988-03-02,88.00,84.00,204,147,0.0700,,EA,IMP
COSMOS 1906 DEB,1987-108H,18830,DEB,D,CIS,1987-12-26,PLMSC,1988-02-11,90.45,84.31,383,210,0.1200,,EA,IMP
COSMOS 1906 DEB,1987-108J,18831,DEB,D,CIS,1987-12-26,PLMSC,1988-02-13,90.65,82.38,412,201,0.1400,,EA,IMP
COSMOS 1906 DEB,1987-108K,18832,DEB,D,CIS,1987-12-26,PLMSC,1988-03-05,90.05,82.51,337,217,0.2100,,EA,IMP
COSMOS 1906 DEB,1987-108L,18833,DEB,D,CIS,1987-12-26,PLMSC,1988-04-07,88.03,81.81,199,155,0.4600,,EA,IMP
COSMOS 1906 DEB,1987-108M,18834,DEB,D,CIS,1987-12-26,PLMSC,1988-05-26,88.38,82.79,217,172,0.2600,,EA,IMP
COSMOS 1906 DEB,1987-108N,18835,DEB,D,CIS,1987-12-26,PLMSC,1988-03-19,88.16,82.48,213,153,0.2700,,EA,IMP
COSMOS 1906 DEB,1987-108P,18836,DEB,D,CIS,1987-12-26,PLMSC,1988-02-27,88.02,83.15,190,163,0.0100,,EA,IMP
COSMOS 1906 DEB,1987-108Q,18837,DEB,D,CIS,1987-12-26,PLMSC,1988-06-01,88.13,82.87,201,163,0.0600,,EA,IMP
COSMOS 1906 DEB,1987-108R,18838,DEB,D,CIS,1987-12-26,PLMSC,1988-02-09,88.65,83.01,231,184,0.3100,,EA,IMP
COSMOS 1906 DEB,1987-108S,18839,DEB,D,CIS,1987-12-26,PLMSC,1988-03-20,88.10,82.49,191,171,50.4000,,EA,IMP
COSMOS 1906 DEB,1987-108T,18840,DEB,D,CIS,1987-12-26,PLMSC,1988-03-02,88.09,82.30,217,143,0.1800,,EA,IMP
COSMOS 1906 DEB,1987-108U,18841,DEB,D,CIS,1987-12-26,PLMSC,1988-02-13,91.37,82.81,480,203,0.2800,,EA,IMP
COSMOS 1906 DEB,1987-108V,18842,DEB,D,CIS,1987-12-26,PLMSC,1988-02-19,88.51,83.61,228,173,0.1000,,EA,IMP
COSMOS 1906 DEB,1987-108W,18843,DEB,D,CIS,1987-12-26,PLMSC,1988-02-22,87.97,83.09,187,161,0.0800,,EA,IMP
COSMOS 1906 DEB,1987-108X,18844,DEB,D,CIS,1987-12-26,PLMSC,1988-03-20,88.03,83.13,192,162,0.4800,,EA,IMP
COSMOS 1906 DEB,1987-108Y,18862,DEB,D,CIS,1987-12-26,PLMSC,1988-03-13,88.55,82.47,214,192,0.1100,,EA,IMP
COSMOS 1906 DEB,1987-108Z,18863,DEB,D,CIS,1987-12-26,PLMSC,1988-02-28,88.02,82.73,183,169,0.3100,,EA,IMP
COSMOS 1906 DEB,1987-108AA,18888,DEB,D,CIS,1987-12-26,PLMSC,1988-03-07,87.37,82.67,156,132,2.2800,,EA,IMP
COSMOS 1906 DEB,1987-108AB,18892,DEB,D,CIS,1987-12-26,PLMSC,1988-04-02,87.18,82.78,145,125,1.6100,,EA,IMP
COSMOS 1906 DEB,1987-108AC,18893,DEB,D,CIS,1987-12-26,PLMSC,1988-04-04,87.65,82.48,171,145,0.3278,,EA,IMP
COSMOS 1906 DEB,1987-108AD,18894,DEB,D,CIS,1987-12-26,PLMSC,1988-03-25,88.92,82.86,257,185,0.2200,,EA,IMP
COSMOS 1906 DEB,1987-108AE,18895,DEB,D,CIS,1987-12-26,PLMSC,1988-03-12,87.78,82.50,170,159,0.1700,,EA,IMP
COSMOS 1906 DEB,1987-108AF,18896,DEB,D,CIS,1987-12-26,PLMSC,1988-05-28,88.03,83.00,206,148,0.1000,,EA,IMP
COSMOS 1906 DEB,1987-108AG,18897,DEB,D,CIS,1987-12-26,PLMSC,1988-03-11,88.87,82.74,242,195,,,EA,IMP
COSMOS 1906 DEB,1987-108AH,18898,DEB,D,CIS,1987-12-26,PLMSC,1988-03-30,87.75,82.74,182,145,0.2800,,EA,IMP
COSMOS 1906 DEB,1987-108AJ,18899,DEB,D,CIS,1987-12-26,PLMSC,1988-04-06,88.13,82.50,207,157,0.0269,,EA,IMP
COSMOS 1906 DEB,1987-108AK,18900,DEB,D,CIS,1987-12-26,PLMSC,1988-03-12,88.38,82.94,220,169,,,EA,IMP
COSMOS 1813 DEB,1987-004HA,18909,DEB,D,CIS,1987-01-15,PLMSC,1988-05-01,88.01,72.78,183,169,0.0003,,EA,IMP
COSMOS 1823 DEB,1987-020AU,18910,DEB,,CIS,1987-02-20,PLMSC,,115.31,73.67,1483,1457,0.0437,,EA,ORB
ASTRO-C DEB,1987-012K,18927,DEB,D,JPN,1987-02-05,KSCUT,1993-04-13,90.77,30.81,324,300,0.0133,,EA,IMP
COSMOS 1906 DEB,1987-108AL,18950,DEB,D,CIS,1987-12-26,PLMSC,1988-03-20,88.15,83.01,202,164,1.0500,,EA,IMP
COSMOS 1823 DEB,1987-020AV,18968,DEB,D,CIS,1987-02-20,PLMSC,1988-09-23,98.17,74.23,758,584,0.0955,,EA,IMP
COSMOS 1823 DEB,1987-020AW,18969,DEB,,CIS,1987-02-20,PLMSC,,115.78,73.62,1520,1462,0.0346,,EA,ORB
COSMOS 1823 DEB,1987-020AX,18970,DEB,D,CIS,1987-02-20,PLMSC,1990-05-18,98.39,73.38,812,551,0.0939,,EA,IMP
COSMOS 1906 DEB,1987-108AM,18972,DEB,D,CIS,1987-12-26,PLMSC,1988-05-23,88.12,82.96,226,137,0.0700,,EA,IMP
COSMOS 1906 DEB,1987-108AN,18973,DEB,D,CIS,1987-12-26,PLMSC,1988-03-20,88.22,82.73,209,163,0.0700,,EA,IMP
COSMOS 1906 DEB,1987-108AP,18974,DEB,D,CIS,1987-12-26,PLMSC,1988-04-12,88.36,82.71,229,158,0.1695,,EA,IMP
SL-6 DEB,1987-105E,18977,DEB,D,CIS,1987-12-21,PLMSC,1988-03-27,88.75,62.80,249,176,,,EA,IMP
COSMOS 1823 DEB,1987-020AY,18994,DEB,D,CIS,1987-02-20,PLMSC,1989-03-21,100.56,73.64,863,707,0.0865,,EA,IMP
COSMOS 1823 DEB,1987-020AZ,18995,DEB,D,CIS,1987-02-20,PLMSC,1990-02-24,93.38,73.52,473,407,0.0778,,EA,IMP
COSMOS 1823 DEB,1987-020BA,19005,DEB,,CIS,1987-02-20,PLMSC,,115.81,73.87,1518,1467,0.0784,,EA,ORB
COSMOS 1823 DEB,1987-020BB,19006,DEB,D,CIS,1987-02-20,PLMSC,2024-09-23,94.78,73.36,543,473,0.0100,,EA,IMP
COSMOS 1881 DEB,1987-076C,19021,DEB,D,CIS,1987-09-11,TYMSC,1988-04-01,87.67,64.72,166,151,1.0000,,EA,IMP
COSMOS 1881 DEB,1987-076D,19035,DEB,D,CIS,1987-09-11,TYMSC,1988-04-02,88.65,64.71,234,182,0.3100,,EA,IMP
COSMOS 1813 DEB,1987-004HB,19063,DEB,D,CIS,1987-01-15,PLMSC,1988-05-11,88.54,72.79,224,180,1.0000,,EA,IMP
COSMOS 1823 DEB,1987-020BC,19104,DEB,D,CIS,1987-02-20,PLMSC,1989-01-04,124.75,73.84,2752,1032,0.0792,,EA,IMP
COSMOS 1823 DEB,1987-020BD,19141,DEB,D,CIS,1987-02-20,PLMSC,2025-02-14,93.40,73.76,468,414,0.0109,,EA,IMP
COSMOS 1823 DEB,1987-020BE,19145,DEB,D,CIS,1987-02-20,PLMSC,1999-02-25,95.46,73.32,591,490,0.0509,,EA,IMP
COSMOS 1823 DEB,1987-020BF,19146,DEB,D,CIS,1987-02-20,PLMSC,1989-03-06,96.09,73.57,634,508,0.1391,,EA,IMP
COSMOS 1823 DEB,1987-020BG,19147,DEB,D,CIS,1987-02-20,PLMSC,1993-09-23,93.85,73.39,555,371,0.0579,,EA,IMP
COSMOS 1823 DEB,1987-020BH,19149,DEB,D,CIS,1987-02-20,PLMSC,1991-01-17,95.61,73.28,589,507,0.0300,,EA,IMP
COSMOS 1823 DEB,1987-020BJ,19151,DEB,D,CIS,1987-02-20,PLMSC,1988-12-01,97.47,73.26,674,601,0.0583,,EA,IMP
COSMOS 1823 DEB,1987-020BK,19152,DEB,D,CIS,1987-02-20,PLMSC,1990-03-29,102.08,73.87,1053,662,0.0194,,EA,IMP
COSMOS 1823 DEB,1987-020BL,19153,DEB,D,CIS,1987-02-20,PLMSC,1988-10-13,101.57,73.46,920,746,0.0584,,EA,IMP
COSMOS 1823 DEB,1987-020BM,19155,DEB,D,CIS,1987-02-20,PLMSC,1989-03-10,96.69,73.39,666,534,0.0432,,EA,IMP
COSMOS 1823 DEB,1987-020BN,19159,DEB,D,CIS,1987-02-20,PLMSC,1989-04-24,98.37,73.19,752,610,0.0053,,EA,IMP
COSMOS 1823 DEB,1987-020BP,19179,DEB,D,CIS,1987-02-20,PLMSC,1988-12-31,95.95,74.20,593,536,0.0078,,EA,IMP
COSMOS 1823 DEB,1987-020BQ,19180,DEB,D,CIS,1987-02-20,PLMSC,1990-06-14,97.41,73.81,753,517,0.0332,,EA,IMP
COSMOS 1823 DEB,1987-020BR,19184,DEB,D,CIS,1987-02-20,PLMSC,1991-02-01,95.67,73.79,592,510,0.0090,,EA,IMP
COSMOS 1823 DEB,1987-020BS,19186,DEB,D,CIS,1987-02-20,PLMSC,1989-04-23,94.37,73.35,522,454,0.1183,,EA,IMP
COSMOS 1823 DEB,1987-020BT,19188,DEB,D,CIS,1987-02-20,PLMSC,1989-06-29,95.86,73.25,617,504,0.0825,,EA,IMP
SOYUZ-TM 4 ORBIT MODULE,1987-104C,19225,PAY,D,CIS,1987-12-21,TYMSC,1988-11-05,87.98,51.59,179,170,9.4856,,EA,IMP
COSMOS 1823 DEB,1987-020BU,19247,DEB,D,CIS,1987-02-20,PLMSC,1988-12-25,112.47,72.56,2135,544,0.2606,,EA,IMP
COSMOS 1823 DEB,1987-020BV,19249,DEB,D,CIS,1987-02-20,PLMSC,1988-08-14,93.56,73.45,573,325,1.0000,,EA,IMP
SOYUZ-TM 4 DEB,1987-104D,19251,DEB,D,CIS,1987-12-21,TYMSC,1988-07-05,88.32,51.61,203,180,0.1800,,EA,IMP
SOYUZ-TM 4 DEB,1987-104E,19253,DEB,D,CIS,1987-12-21,TYMSC,1988-06-19,91.03,51.63,326,324,0.1500,,EA,IMP
SOYUZ-TM 4 DEB,1987-104F,19254,DEB,D,CIS,1987-12-21,TYMSC,1988-06-27,89.38,51.61,256,231,0.0900,,EA,IMP
SOYUZ-TM 4 DEB,1987-104G,19255,DEB,D,CIS,1987-12-21,TYMSC,1988-07-09,88.58,51.60,213,195,0.4800,,EA,IMP
COSMOS 1823 DEB,1987-020BW,19390,DEB,D,CIS,1987-02-20,PLMSC,2000-07-22,94.90,73.17,561,466,0.0568,,EA,IMP
COSMOS 1823 DEB,1987-020BX,19392,DEB,D,CIS,1987-02-20,PLMSC,1990-04-26,95.21,73.37,573,485,0.0900,,EA,IMP
COSMOS 1823 DEB,1987-020BY,19394,DEB,D,CIS,1987-02-20,PLMSC,1990-02-23,116.09,73.48,1765,1245,0.0700,,EA,IMP
COSMOS 1823 DEB,1987-020BZ,19437,DEB,D,CIS,1987-02-20,PLMSC,1992-04-18,93.38,72.49,480,400,0.0271,,EA,IMP
COSMOS 1823 DEB,1987-020CA,19440,DEB,,CIS,1987-02-20,PLMSC,,112.86,73.75,1484,1232,0.0170,,EA,ORB
COSMOS 1823 DEB,1987-020CB,19452,DEB,D,CIS,1987-02-20,PLMSC,1990-02-23,116.04,73.61,1527,1478,3.2400,,EA,IMP
COSMOS 1823 DEB,1987-020CC,19456,DEB,D,CIS,1987-02-20,PLMSC,1988-11-04,98.64,73.14,844,543,,,EA,IMP
COSMOS 1813 DEB,1987-004HD,19474,DEB,D,CIS,1987-01-15,PLMSC,1989-06-26,89.24,72.77,270,204,,,EA,IMP
COSMOS 1900 DEB,1987-101B,19553,DEB,D,CIS,1987-12-12,TYMSC,1988-10-01,86.78,64.94,121,108,,,EA,IMP
COSMOS 1823 DEB,1987-020CD,19562,DEB,,CIS,1987-02-20,PLMSC,,101.17,74.36,849,779,0.0058,,EA,ORB
COSMOS 1813 DEB,1987-004HC,19563,DEB,D,CIS,1987-01-15,PLMSC,1989-01-13,88.96,72.77,280,167,,,EA,IMP
COSMOS 1900 DEB,1987-101C,19589,DEB,D,CIS,1987-12-12,TYMSC,1988-11-03,98.37,66.36,762,599,0.0900,,EA,IMP
COSMOS 1823 DEB,1987-020CE,19640,DEB,,CIS,1987-02-20,PLMSC,,118.32,73.55,1739,1472,0.0156,,EA,ORB
COSMOS 1823 DEB,1987-020CF,19641,DEB,D,CIS,1987-02-20,PLMSC,2001-07-05,93.73,73.58,520,395,0.0346,,EA,IMP
COSMOS 1823 DEB,1987-020CG,19644,DEB,D,CIS,1987-02-20,PLMSC,1990-05-25,96.32,73.08,668,496,0.0700,,EA,IMP
COSMOS 1823 DEB,1987-020CH,19645,DEB,D,CIS,1987-02-20,PLMSC,1989-01-01,112.96,72.97,1949,776,,,EA,IMP
COSMOS 1823 DEB,1987-020CJ,19815,DEB,D,CIS,1987-02-20,PLMSC,1989-08-06,96.19,73.69,710,442,0.0900,,EA,IMP
COSMOS 1823 DEB,1987-020CK,19833,DEB,D,CIS,1987-02-20,PLMSC,1989-12-12,97.82,73.28,737,571,0.4300,,EA,IMP
COSMOS 1823 DEB,1987-020CL,19836,DEB,D,CIS,1987-02-20,PLMSC,1989-10-26,94.55,73.42,547,447,0.1900,,EA,IMP
COSMOS 1823 DEB,1987-020CM,19837,DEB,D,CIS,1987-02-20,PLMSC,1989-07-11,96.14,73.39,649,499,0.0900,,EA,IMP
COSMOS 1823 DEB,1987-020CN,19839,DEB,D,CIS,1987-02-20,PLMSC,1989-04-01,97.92,73.50,700,619,0.0400,,EA,IMP
COSMOS 1823 DEB,1987-020CP,19840,DEB,D,CIS,1987-02-20,PLMSC,1989-11-24,96.21,73.78,633,521,0.0700,,EA,IMP
COSMOS 1823 DEB,1987-020CQ,19854,DEB,D,CIS,1987-02-20,PLMSC,1989-07-23,115.07,73.20,1939,978,,,EA,IMP
COSMOS 1823 DEB,1987-020CR,19861,DEB,D,CIS,1987-02-20,PLMSC,1989-09-26,96.47,73.43,621,558,,,EA,IMP
COSMOS 1823 DEB,1987-020CS,19888,DEB,D,CIS,1987-02-20,PLMSC,1989-08-02,95.40,73.39,622,454,,,EA,IMP
COSMOS 1823 DEB,1987-020CT,19890,DEB,D,CIS,1987-02-20,PLMSC,1989-10-13,96.93,73.15,700,524,0.0900,,EA,IMP
COSMOS 1823 DEB,1987-020CU,19955,DEB,D,CIS,1987-02-20,PLMSC,1989-07-17,102.00,72.91,1124,582,0.0900,,EA,IMP
COSMOS 1823 DEB,1987-020CV,19957,DEB,D,CIS,1987-02-20,PLMSC,1989-12-21,97.28,73.77,690,568,,,EA,IMP
COSMOS 1823 DEB,1987-020CW,19982,DEB,D,CIS,1987-02-20,PLMSC,1991-03-28,111.74,73.82,1592,1021,0.0166,,EA,IMP
COSMOS 1823 DEB,1987-020CX,20003,DEB,D,CIS,1987-02-20,PLMSC,1990-01-28,114.77,72.60,2025,865,0.0800,,EA,IMP
COSMOS 1823 DEB,1987-020CY,20004,DEB,D,CIS,1987-02-20,PLMSC,1990-07-10,94.87,73.50,563,461,0.0384,,EA,IMP
COSMOS 1823 DEB,1987-020CZ,20019,DEB,D,CIS,1987-02-20,PLMSC,1989-09-08,97.17,73.28,704,542,0.0500,,EA,IMP
COSMOS 1823 DEB,1987-020DA,20020,DEB,D,CIS,1987-02-20,PLMSC,1991-01-17,94.05,73.32,505,441,0.0094,,EA,IMP
COSMOS 1823 DEB,1987-020DB,20092,DEB,D,CIS,1987-02-20,PLMSC,1990-06-13,97.40,73.40,681,620,0.0300,,EA,IMP
COSMOS 1823 DEB,1987-020DC,20126,DEB,D,CIS,1987-02-20,PLMSC,1991-08-18,94.71,72.97,535,474,0.0200,,EA,IMP
COSMOS 1823 DEB,1987-020DD,20130,DEB,D,CIS,1987-02-20,PLMSC,1990-08-13,93.75,72.96,515,401,0.0500,,EA,IMP
COSMOS 1823 DEB,1987-020DE,20154,DEB,D,CIS,1987-02-20,PLMSC,1990-05-16,97.48,73.39,702,574,0.0600,,EA,IMP
COSMOS 1823 DEB,1987-020DF,20155,DEB,D,CIS,1987-02-20,PLMSC,1989-10-13,103.50,73.32,1108,740,,,EA,IMP
COSMOS 1823 DEB,1987-020DG,20198,DEB,D,CIS,1987-02-20,PLMSC,1991-03-30,94.56,73.41,534,460,0.0062,,EA,IMP
COSMOS 1823 DEB,1987-020DH,20199,DEB,D,CIS,1987-02-20,PLMSC,1990-08-25,94.83,73.26,565,456,0.0183,,EA,IMP
COSMOS 1823 DEB,1987-020DJ,20201,DEB,D,CIS,1987-02-20,PLMSC,1990-07-17,113.98,73.68,1610,1208,0.0136,,EA,IMP
COSMOS 1823 DEB,1987-020DK,20225,DEB,D,CIS,1987-02-20,PLMSC,1991-10-12,97.24,73.59,702,551,0.0085,,EA,IMP
COSMOS 1823 DEB,1987-020DL,20226,DEB,D,CIS,1987-02-20,PLMSC,1991-02-17,94.93,72.70,536,495,0.0187,,EA,IMP
COSMOS 1823 DEB,1987-020DM,20227,DEB,D,CIS,1987-02-20,PLMSC,1999-07-12,93.63,73.13,475,429,0.0208,,EA,IMP
COSMOS 1823 DEB,1987-020DN,20228,DEB,D,CIS,1987-02-20,PLMSC,1989-11-01,106.65,73.22,1322,821,,,EA,IMP
COSMOS 1823 DEB,1987-020DP,20285,DEB,,CIS,1987-02-20,PLMSC,,117.02,73.64,1611,1483,0.0255,,EA,ORB
COSMOS 1823 DEB,1987-020DQ,20454,DEB,D,CIS,1987-02-20,PLMSC,1990-02-21,96.43,73.23,670,505,0.3857,,EA,IMP
SL-12 DEB,1987-100G,21620,DEB,D,CIS,1987-12-10,TYMSC,1994-10-08,88.06,46.32,251,120,1.2058,,EA,IMP
SL-12 DEB,1987-036K,21622,DEB,D,CIS,1987-04-24,TYMSC,2015-04-04,94.90,64.42,563,465,0.0331,,EA,IMP
SL-12 DEB,1987-036L,21623,DEB,,CIS,1987-04-24,TYMSC,,162.48,62.73,6482,488,0.0077,,EA,ORB
SL-12 DEB,1987-036M,21657,DEB,,CIS,1987-04-24,TYMSC,,137.79,64.84,3885,1033,0.0147,,EA,ORB
SL-12 DEB,1987-036N,21725,DEB,,CIS,1987-04-24,TYMSC,,113.79,64.69,2077,724,0.0290,,EA,ORB
SL-12 DEB,1987-079J,24990,DEB,,CIS,1987-09-16,TYMSC,,299.35,64.70,16346,544,0.4199,,EA,ORB
SL-12 DEB,1987-079K,25012,DEB,D,CIS,1987-09-16,TYMSC,1997-10-31,90.08,65.04,383,174,0.0232,,EA,IMP
SL-12 DEB,1987-079L,25022,DEB,D,CIS,1987-09-16,TYMSC,1997-10-30,105.48,64.75,1808,226,0.0100,,EA,IMP
COSMOS 1823 DEB,1987-020DR,25029,DEB,D,CIS,1987-02-20,PLMSC,1997-11-06,89.91,72.82,292,248,0.0398,,EA,IMP
SL-12 DEB,1987-079M,25144,DEB,D,CIS,1987-09-16,TYMSC,1998-04-25,92.09,67.29,456,298,0.0810,,EA,IMP
SL-14 DEB,1987-068C,25177,DEB,D,CIS,1987-08-18,PLMSC,1998-05-01,90.12,82.26,313,248,3.2319,,EA,IMP
SL-14 DEB,1987-068D,25178,DEB,D,CIS,1987-08-18,PLMSC,1998-07-07,89.96,82.10,314,231,0.0024,,EA,IMP
SL-14 DEB,1987-068E,25179,DEB,D,CIS,1987-08-18,PLMSC,1998-06-29,101.65,82.25,1258,415,0.0118,,EA,IMP
SL-14 DEB,1987-068F,25180,DEB,D,CIS,1987-08-18,PLMSC,2000-09-10,91.82,82.47,385,343,0.0219,,EA,IMP
SL-14 DEB,1987-068G,25181,DEB,D,CIS,1987-08-18,PLMSC,1999-01-24,97.69,82.41,667,630,0.0056,,EA,IMP
SL-14 DEB,1987-068H,25182,DEB,D,CIS,1987-08-18,PLMSC,1999-04-26,92.52,82.30,431,365,0.0135,,EA,IMP
SL-14 DEB,1987-068J,25183,DEB,D,CIS,1987-08-18,PLMSC,1998-06-30,94.77,82.15,588,427,0.0066,,EA,IMP
SL-14 DEB,1987-068K,25184,DEB,D,CIS,1987-08-18,PLMSC,1999-06-21,93.95,82.52,490,445,0.0002,,EA,IMP
SL-14 DEB,1987-068L,25185,DEB,D,CIS,1987-08-18,PLMSC,1999-06-12,94.71,82.53,534,476,0.0133,,EA,IMP
SL-14 DEB,1987-068M,25186,DEB,D,CIS,1987-08-18,PLMSC,1999-03-09,96.30,82.49,628,534,0.0020,,EA,IMP
SL-14 DEB,1987-068N,25187,DEB,,CIS,1987-08-18,PLMSC,,97.78,82.53,655,651,0.0102,,EA,ORB
SL-14 DEB,1987-068P,25188,DEB,D,CIS,1987-08-18,PLMSC,1999-05-14,91.71,82.54,365,352,0.0258,,EA,IMP
SL-14 DEB,1987-068Q,25189,DEB,D,CIS,1987-08-18,PLMSC,2006-11-03,90.50,82.07,310,289,0.0106,,EA,IMP
SL-14 DEB,1987-068R,25190,DEB,D,CIS,1987-08-18,PLMSC,1999-02-03,94.99,82.57,541,495,0.0067,,EA,IMP
SL-14 DEB,1987-068S,25191,DEB,D,CIS,1987-08-18,PLMSC,2002-01-20,89.15,82.27,238,227,0.0107,,EA,IMP
SL-14 DEB,1987-068T,25192,DEB,D,CIS,1987-08-18,PLMSC,1999-01-08,95.48,82.57,553,530,0.0184,,EA,IMP
SL-14 DEB,1987-068U,25193,DEB,D,CIS,1987-08-18,PLMSC,1999-01-28,95.69,82.46,600,504,0.0027,,EA,IMP
SL-14 DEB,1987-068V,25194,DEB,D,CIS,1987-08-18,PLMSC,2003-01-12,88.85,82.01,239,197,0.0251,,EA,IMP
SL-14 DEB,1987-068W,25195,DEB,D,CIS,1987-08-18,PLMSC,1998-05-18,92.83,82.37,437,389,0.0114,,EA,IMP
SL-14 DEB,1987-068X,25196,DEB,D,CIS,1987-08-18,PLMSC,1998-05-02,93.74,82.31,505,411,0.0128,,EA,IMP
SL-14 DEB,1987-068Y,25197,DEB,D,CIS,1987-08-18,PLMSC,1999-03-06,94.99,82.48,526,510,0.0497,,EA,IMP
SL-14 DEB,1987-068Z,25198,DEB,D,CIS,1987-08-18,PLMSC,1999-07-13,92.93,82.48,456,380,0.0454,,EA,IMP
SL-14 DEB,1987-068AA,25199,DEB,,CIS,1987-08-18,PLMSC,,104.31,82.36,1030,894,0.0122,,EA,ORB
SL-14 DEB,1987-068AB,25200,DEB,D,CIS,1987-08-18,PLMSC,2001-10-26,90.85,82.43,341,292,0.0226,,EA,IMP
SL-14 DEB,1987-068AC,25201,DEB,D,CIS,1987-08-18,PLMSC,1998-07-05,93.94,82.25,583,351,0.0078,,EA,IMP
SL-14 DEB,1987-068AD,25202,DEB,D,CIS,1987-08-18,PLMSC,1999-07-28,91.17,81.98,349,315,0.0381,,EA,IMP
SL-14 DEB,1987-068AE,25203,DEB,,CIS,1987-08-18,PLMSC,,100.92,82.27,867,737,0.0341,,EA,ORB
SL-14 DEB,1987-068AF,25204,DEB,,CIS,1987-08-18,PLMSC,,102.41,82.43,948,797,0.0465,,EA,ORB
SL-14 DEB,1987-068AG,25205,DEB,,CIS,1987-08-18,PLMSC,,103.26,82.54,923,902,0.0450,,EA,ORB
SL-14 DEB,1987-068AH,25206,DEB,D,CIS,1987-08-18,PLMSC,1999-05-08,93.62,82.55,489,415,0.0417,,EA,IMP
SL-14 DEB,1987-068AJ,25207,DEB,D,CIS,1987-08-18,PLMSC,1999-03-29,92.21,82.53,415,350,0.0783,,EA,IMP
SL-14 DEB,1987-068AK,25208,DEB,D,CIS,1987-08-18,PLMSC,1999-11-11,94.78,82.45,546,470,0.1038,,EA,IMP
SL-14 DEB,1987-068AL,25209,DEB,D,CIS,1987-08-18,PLMSC,1999-05-23,91.35,82.45,376,306,0.0472,,EA,IMP
SL-14 DEB,1987-068AM,25210,DEB,D,CIS,1987-08-18,PLMSC,1998-12-23,94.00,82.42,507,434,0.0230,,EA,IMP
SL-14 DEB,1987-068AN,25211,DEB,D,CIS,1987-08-18,PLMSC,1999-02-22,92.70,82.41,434,381,0.0227,,EA,IMP
SL-14 DEB,1987-068AP,25212,DEB,D,CIS,1987-08-18,PLMSC,1999-05-02,95.28,82.40,567,498,0.0100,,EA,IMP
SL-14 DEB,1987-068AQ,25213,DEB,D,CIS,1987-08-18,PLMSC,1999-03-11,92.65,82.57,416,392,0.0161,,EA,IMP
SL-14 DEB,1987-068AR,25214,DEB,,CIS,1987-08-18,PLMSC,,101.97,82.54,855,848,0.0187,,EA,ORB
SL-14 DEB,1987-068AS,25215,DEB,D,CIS,1987-08-18,PLMSC,1998-06-12,92.62,82.63,449,357,0.0391,,EA,IMP
SL-14 DEB,1987-068AT,25216,DEB,D,CIS,1987-08-18,PLMSC,1999-07-31,93.44,82.39,482,404,0.0897,,EA,IMP
SL-14 DEB,1987-068AU,25217,DEB,D,CIS,1987-08-18,PLMSC,1999-02-17,90.96,81.94,328,316,0.0274,,EA,IMP
SL-14 DEB,1987-068AV,25218,DEB,D,CIS,1987-08-18,PLMSC,1999-04-14,94.26,82.49,530,435,0.0816,,EA,IMP
SL-14 DEB,1987-068AW,25219,DEB,D,CIS,1987-08-18,PLMSC,1998-07-09,92.63,82.43,461,346,0.0635,,EA,IMP
SL-14 DEB,1987-068AX,25220,DEB,D,CIS,1987-08-18,PLMSC,2000-01-30,92.11,82.49,410,346,0.0616,,EA,IMP
SL-14 DEB,1987-068AY,25221,DEB,,CIS,1987-08-18,PLMSC,,106.22,82.30,1173,930,0.0744,,EA,ORB
SL-14 DEB,1987-068AZ,25222,DEB,D,CIS,1987-08-18,PLMSC,1999-05-01,90.38,83.11,347,240,0.0748,,EA,IMP
SL-14 DEB,1987-068BA,25223,DEB,D,CIS,1987-08-18,PLMSC,2000-04-11,93.90,82.42,486,444,0.1325,,EA,IMP
SL-14 DEB,1987-068BB,25224,DEB,D,CIS,1987-08-18,PLMSC,2001-01-10,90.52,82.46,316,285,0.1861,,EA,IMP
SL-14 DEB,1987-068BC,25225,DEB,,CIS,1987-08-18,PLMSC,,99.75,82.49,776,717,0.0132,,EA,ORB
SL-14 DEB,1987-068BD,25226,DEB,,CIS,1987-08-18,PLMSC,,101.25,82.51,856,779,0.1062,,EA,ORB
SL-14 DEB,1987-068BE,25227,DEB,,CIS,1987-08-18,PLMSC,,99.01,82.52,722,701,0.0054,,EA,ORB
SL-14 DEB,1987-068BF,25228,DEB,D,CIS,1987-08-18,PLMSC,1999-10-12,90.85,82.04,337,296,0.0165,,EA,IMP
SL-14 DEB,1987-068BG,25229,DEB,D,CIS,1987-08-18,PLMSC,1999-01-11,95.87,82.49,576,545,0.0287,,EA,IMP
SL-14 DEB,1987-068BH,25230,DEB,D,CIS,1987-08-18,PLMSC,1999-01-15,93.44,82.41,481,405,0.0388,,EA,IMP
SL-14 DEB,1987-068BJ,25231,DEB,D,CIS,1987-08-18,PLMSC,1998-11-11,95.95,82.37,605,524,0.0163,,EA,IMP
SL-14 DEB,1987-068BK,25232,DEB,D,CIS,1987-08-18,PLMSC,1998-12-19,91.29,82.53,349,328,0.0161,,EA,IMP
SL-14 DEB,1987-068BL,25243,DEB,D,CIS,1987-08-18,PLMSC,1999-01-07,95.91,82.51,595,530,,,EA,IMP
SL-14 DEB,1987-068BM,25244,DEB,D,CIS,1987-08-18,PLMSC,1999-06-13,90.84,82.44,338,293,0.0010,,EA,IMP
SL-14 DEB,1987-068BN,25245,DEB,D,CIS,1987-08-18,PLMSC,1999-05-01,94.22,82.43,517,445,0.0553,,EA,IMP
SL-14 DEB,1987-068BP,25246,DEB,,CIS,1987-08-18,PLMSC,,101.47,82.25,884,772,0.0093,,EA,ORB
SL-14 DEB,1987-068BQ,25247,DEB,D,CIS,1987-08-18,PLMSC,1999-01-24,95.48,82.26,575,509,0.0139,,EA,IMP
SL-14 DEB,1987-068BR,25248,DEB,D,CIS,1987-08-18,PLMSC,1999-04-27,95.07,82.43,592,452,0.0140,,EA,IMP
SL-14 DEB,1987-068BS,25249,DEB,D,CIS,1987-08-18,PLMSC,2000-05-29,96.18,82.43,615,536,0.0109,,EA,IMP
SL-14 DEB,1987-068BT,25250,DEB,D,CIS,1987-08-18,PLMSC,1998-06-05,90.58,82.16,329,277,0.0090,,EA,IMP
SL-14 DEB,1987-068BU,25251,DEB,D,CIS,1987-08-18,PLMSC,1998-11-14,93.12,82.57,497,357,0.0026,,EA,IMP
SL-14 DEB,1987-068BV,25252,DEB,D,CIS,1987-08-18,PLMSC,1999-06-01,91.17,82.45,352,312,0.0099,,EA,IMP
COSMOS 1869 DEB,1987-062C,25300,DEB,D,CIS,1987-07-16,PLMSC,2015-07-01,87.50,82.43,160,142,0.2630,,EA,IMP
SL-14 DEB,1987-068BW,25370,DEB,D,CIS,1987-08-18,PLMSC,1998-07-04,96.71,82.34,688,514,0.0180,,EA,IMP
SL-14 DEB,1987-068BX,25444,DEB,,CIS,1987-08-18,PLMSC,,103.07,82.56,915,892,0.0195,,EA,ORB
SL-14 DEB,1987-068BY,25450,DEB,D,CIS,1987-08-18,PLMSC,2013-06-05,91.12,82.21,349,310,0.0037,,EA,IMP
SL-14 DEB,1987-068BZ,25451,DEB,D,CIS,1987-08-18,PLMSC,2001-02-02,90.83,82.50,332,299,0.0209,,EA,IMP
SL-14 DEB,1987-068CA,25452,DEB,D,CIS,1987-08-18,PLMSC,1999-03-17,93.92,82.46,501,431,0.0187,,EA,IMP
SL-14 DEB,1987-068CB,25453,DEB,D,CIS,1987-08-18,PLMSC,1999-08-14,93.29,82.44,453,419,0.0032,,EA,IMP
SL-14 DEB,1987-068CC,25454,DEB,,CIS,1987-08-18,PLMSC,,96.15,82.14,581,567,0.0126,,EA,ORB
SL-14 DEB,1987-068CD,25455,DEB,D,CIS,1987-08-18,PLMSC,1999-01-12,94.32,82.28,515,456,0.0093,,EA,IMP
SL-14 DEB,1987-068CE,25456,DEB,D,CIS,1987-08-18,PLMSC,1999-05-27,94.82,82.29,602,418,0.0018,,EA,IMP
SL-14 DEB,1987-068CF,25457,DEB,D,CIS,1987-08-18,PLMSC,1998-11-07,93.88,82.41,504,425,0.0113,,EA,IMP
SL-14 DEB,1987-068CG,25458,DEB,D,CIS,1987-08-18,PLMSC,1998-12-11,95.48,82.40,560,524,0.0108,,EA,IMP
SL-14 DEB,1987-068CH,25459,DEB,D,CIS,1987-08-18,PLMSC,1999-06-13,94.14,82.49,504,450,,,EA,IMP
SL-12 DEB,1987-079N,25803,DEB,,CIS,1987-09-16,TYMSC,,269.69,64.81,14535,364,0.0850,,EA,ORB
SL-12 DEB,1987-079P,25804,DEB,,CIS,1987-09-16,TYMSC,,179.66,64.89,7948,389,0.0699,,EA,ORB
SL-12 DEB,1987-079Q,25805,DEB,,CIS,1987-09-16,TYMSC,,283.43,64.85,15435,394,0.0510,,EA,ORB
SL-12 DEB,1987-079R,25806,DEB,,CIS,1987-09-16,TYMSC,,216.68,64.42,10802,342,0.0385,,EA,ORB
SL-12 DEB,1987-079S,25807,DEB,,CIS,1987-09-16,TYMSC,,299.30,65.10,16456,432,0.0262,,EA,ORB
SL-12 DEB,1987-079T,25808,DEB,,CIS,1987-09-16,TYMSC,,241.08,64.81,12451,455,0.0484,,EA,ORB
SL-12 DEB,1987-079U,25809,DEB,,CIS,1987-09-16,TYMSC,,198.83,65.06,9422,391,0.0074,,EA,ORB
SL-12 DEB,1987-079V,25810,DEB,,CIS,1987-09-16,TYMSC,,205.33,64.26,9938,365,0.0200,,EA,ORB
SL-14 DEB,1987-068CJ,25888,DEB,D,CIS,1987-08-18,PLMSC,1999-08-12,94.62,82.62,544,456,0.0040,,EA,IMP
SL-12 DEB,1987-079W,26037,DEB,,CIS,1987-09-16,TYMSC,,310.34,65.00,17019,592,0.0813,,EA,ORB
COSMOS 1823 DEB,1987-020DS,26111,DEB,,CIS,1987-02-20,PLMSC,,115.85,73.60,1518,1470,0.0132,,EA,ORB
ARIANE 3 DEB,1987-078G,26466,DEB,D,FR,1987-09-16,FRGUI,2002-04-22,89.96,7.48,381,164,0.6269,,EA,IMP
COSMOS 1823 DEB,1987-020DT,26601,DEB,,CIS,1987-02-20,PLMSC,,116.01,73.60,1523,1479,0.0109,,EA,ORB
SCOUT G-1 DEB,1987-080J,26923,DEB,D,US,1987-09-16,AFWTR,2003-11-04,92.39,90.19,416,368,0.0040,,EA,IMP
COSMOS 1823 DEB,1987-020DU,26982,DEB,,CIS,1987-02-20,PLMSC,,115.88,73.60,1516,1474,0.0768,,EA,ORB
SL-14 DEB,1987-068CK,27628,DEB,,CIS,1987-08-18,PLMSC,,103.29,82.51,933,896,0.0133,,EA,ORB
SL-14 DEB,1987-068CL,27629,DEB,D,CIS,1987-08-18,PLMSC,2024-02-10,93.25,82.23,444,423,0.0142,,EA,IMP
SL-14 DEB,1987-068CM,27639,DEB,,CIS,1987-08-18,PLMSC,,104.93,82.51,1039,943,0.0034,,EA,ORB
COSMOS 1823 DEB,1987-020DV,27742,DEB,D,CIS,1987-02-20,PLMSC,2022-05-19,93.18,74.12,473,387,0.0069,,EA,IMP
SL-12 DEB,1987-079X,27914,DEB,D,CIS,1987-09-16,TYMSC,2003-09-16,121.51,65.32,3298,199,0.0040,,EA,IMP
SL-12 DEB,1987-079Y,27915,DEB,D,CIS,1987-09-16,TYMSC,2008-09-25,103.21,65.32,1552,269,0.1309,,EA,IMP
SL-12 DEB,1987-079Z,27916,DEB,D,CIS,1987-09-16,TYMSC,2008-02-24,95.24,64.55,820,240,0.0880,,EA,IMP
SL-12 DEB,1987-079AA,27917,DEB,D,CIS,1987-09-16,TYMSC,2003-09-02,111.14,65.64,2367,192,0.1247,,EA,IMP
SL-12 DEB,1987-079AB,27918,DEB,,CIS,1987-09-16,TYMSC,,320.45,66.13,17378,890,0.2738,,EA,ORB
SL-12 DEB,1987-079AC,27919,DEB,D,CIS,1987-09-16,TYMSC,2025-06-01,93.03,62.24,475,371,0.0784,,EA,IMP
SL-12 DEB,1987-079AD,27920,DEB,D,CIS,1987-09-16,TYMSC,2011-05-26,91.95,65.24,421,320,0.1510,,EA,IMP
SL-12 DEB,1987-079AE,27921,DEB,D,CIS,1987-09-16,TYMSC,2007-08-18,91.12,65.69,376,283,0.1124,,EA,IMP
SL-12 DEB,1987-079AF,27922,DEB,D,CIS,1987-09-16,TYMSC,2005-01-01,90.88,65.19,374,261,0.2012,,EA,IMP
SL-12 DEB,1987-079AG,27923,DEB,D,CIS,1987-09-16,TYMSC,2022-05-30,96.08,64.84,809,332,0.3265,,EA,IMP
SL-12 DEB,1987-079AH,27924,DEB,D,CIS,1987-09-16,TYMSC,2003-09-10,114.07,65.52,2628,198,0.0840,,EA,IMP
SL-12 DEB,1987-079AJ,27925,DEB,D,CIS,1987-09-16,TYMSC,2003-09-17,101.97,65.50,1508,196,0.0872,,EA,IMP
SL-12 DEB,1987-079AK,27926,DEB,D,CIS,1987-09-16,TYMSC,2003-09-15,102.69,65.47,1586,186,0.1966,,EA,IMP
SL-12 DEB,1987-079AL,27927,DEB,D,CIS,1987-09-16,TYMSC,2009-10-13,92.31,65.64,517,258,0.0572,,EA,IMP
SL-12 DEB,1987-079AM,27928,DEB,D,CIS,1987-09-16,TYMSC,2003-09-09,106.02,65.04,1887,196,0.0293,,EA,IMP
SL-12 DEB,1987-079AN,27929,DEB,D,CIS,1987-09-16,TYMSC,2003-08-20,120.76,65.37,3243,187,0.0272,,EA,IMP
SL-12 DEB,1987-079AP,27930,DEB,D,CIS,1987-09-16,TYMSC,2004-03-30,90.88,66.14,407,229,0.0924,,EA,IMP
SL-12 DEB,1987-079AQ,27931,DEB,,CIS,1987-09-16,TYMSC,,178.60,63.73,5949,2306,0.0456,,EA,ORB
SL-12 DEB,1987-079AR,27932,DEB,D,CIS,1987-09-16,TYMSC,2004-03-10,159.53,66.42,6547,184,0.0813,,EA,IMP
SL-12 DEB,1987-079AS,27933,DEB,D,CIS,1987-09-16,TYMSC,2010-07-25,94.67,66.10,739,266,0.0319,,EA,IMP
SL-12 DEB,1987-079AT,27934,DEB,D,CIS,1987-09-16,TYMSC,2004-04-05,99.30,65.48,1257,193,0.1640,,EA,IMP
SL-12 DEB,1987-079AU,27935,DEB,D,CIS,1987-09-16,TYMSC,2003-10-03,143.57,65.58,5159,250,0.1166,,EA,IMP
SL-12 DEB,1987-079AV,27936,DEB,D,CIS,1987-09-16,TYMSC,2004-05-20,92.57,65.74,614,186,0.0239,,EA,IMP
SL-12 DEB,1987-079AW,27957,DEB,D,CIS,1987-09-16,TYMSC,2005-02-08,93.15,65.60,592,265,0.0323,,EA,IMP
SL-12 DEB,1987-079AX,27958,DEB,,CIS,1987-09-16,TYMSC,,210.85,65.15,10306,407,0.0778,,EA,ORB
SL-12 DEB,1987-079AY,27959,DEB,,CIS,1987-09-16,TYMSC,,350.31,65.60,18653,1513,0.0221,,EA,ORB
SL-12 DEB,1987-079AZ,27960,DEB,D,CIS,1987-09-16,TYMSC,2003-11-17,91.62,65.46,421,287,0.1397,,EA,IMP
SL-12 DEB,1987-079BA,27961,DEB,D,CIS,1987-09-16,TYMSC,2004-09-09,90.62,65.56,348,262,0.1340,,EA,IMP
SL-12 DEB,1987-079BB,27962,DEB,D,CIS,1987-09-16,TYMSC,2014-11-20,93.00,65.09,601,241,0.0428,,EA,IMP
SL-12 DEB,1987-079BC,27963,DEB,D,CIS,1987-09-16,TYMSC,2005-02-07,241.02,65.49,12640,262,0.0143,,EA,IMP
SL-12 DEB,1987-079BD,28149,DEB,D,CIS,1987-09-16,TYMSC,2005-03-10,88.70,64.96,239,181,0.0473,,EA,IMP
SL-12 DEB,1987-079BE,28150,DEB,D,CIS,1987-09-16,TYMSC,2004-06-06,94.76,65.60,811,202,0.0020,,EA,IMP
SL-12 DEB,1987-079BF,28151,DEB,D,CIS,1987-09-16,TYMSC,2007-06-22,90.94,64.95,387,254,0.0193,,EA,IMP
SL-12 DEB,1987-079BG,28212,DEB,D,CIS,1987-09-16,TYMSC,2004-10-16,95.13,65.31,760,289,0.1225,,EA,IMP
SL-12 DEB,1987-079BH,28213,DEB,D,CIS,1987-09-16,TYMSC,2006-12-21,116.78,66.75,2932,141,0.0510,,EA,IMP
SL-12 DEB,1987-079BJ,28214,DEB,D,CIS,1987-09-16,TYMSC,2004-04-02,115.34,65.84,2741,201,,,EA,IMP
SL-12 DEB,1987-079BK,28215,DEB,D,CIS,1987-09-16,TYMSC,2004-02-12,99.06,65.40,1168,259,0.0206,,EA,IMP
SL-12 DEB,1987-079BL,28216,DEB,D,CIS,1987-09-16,TYMSC,2006-03-24,92.91,65.33,569,265,0.0190,,EA,IMP
GOES 7 AKM,1987-022F,28520,R/B,,US,1987-02-26,AFETR,,1457.96,10.13,40721,31705,0.3162,,EA,ORB
METEOR 2-15 DEB,1987-001C,28975,DEB,,CIS,1987-01-05,PLMSC,,102.45,82.45,880,869,0.0134,,EA,ORB
SCOUT G-1 DEB,1987-080K,29207,DEB,,US,1987-09-16,AFWTR,,103.03,90.29,982,822,0.0059,,EA,ORB
SCOUT G-1 DEB,1987-080L,29208,DEB,,US,1987-09-16,AFWTR,,100.38,90.26,804,749,0.0075,,EA,ORB
SCOUT G-1 DEB,1987-080M,29209,DEB,D,US,1987-09-16,AFWTR,2024-05-02,101.16,90.27,887,741,0.0034,,EA,IMP
SCOUT G-1 DEB,1987-080N,29210,DEB,,US,1987-09-16,AFWTR,,105.21,90.24,1108,900,0.0024,,EA,ORB
SCOUT G-1 DEB,1987-080P,29211,DEB,,US,1987-09-16,AFWTR,,101.34,90.32,866,778,0.0113,,EA,ORB
COSMOS 1823 DEB,1987-020DW,29355,DEB,,CIS,1987-02-20,PLMSC,,115.62,73.63,1505,1462,0.0182,,EA,ORB
COSMOS 1823 DEB,1987-020DX,29356,DEB,,CIS,1987-02-20,PLMSC,,115.54,73.65,1516,1444,0.0306,,EA,ORB
COSMOS 1823 DEB,1987-020DY,29357,DEB,,CIS,1987-02-20,PLMSC,,112.02,73.79,1489,1150,0.0140,,EA,ORB
COSMOS 1823 DEB,1987-020DZ,29358,DEB,,CIS,1987-02-20,PLMSC,,100.23,73.79,784,755,0.0016,,EA,ORB
COSMOS 1823 DEB,1987-020EA,29359,DEB,,CIS,1987-02-20,PLMSC,,116.02,73.62,1525,1479,0.0060,,EA,ORB
COSMOS 1823 DEB,1987-020EB,29360,DEB,,CIS,1987-02-20,PLMSC,,116.16,73.71,1558,1459,0.0111,,EA,ORB
COSMOS 1823 DEB,1987-020EC,29361,DEB,,CIS,1987-02-20,PLMSC,,115.75,73.61,1511,1467,0.0127,,EA,ORB
SL-12 DEB,1987-079BM,33532,DEB,,CIS,1987-09-16,TYMSC,,315.57,64.51,17549,403,0.0187,,EA,ORB
COSMOS 1818 COOLANT,1987-011E,34174,DEB,,CIS,1987-02-01,TYMSC,,99.85,65.00,767,736,0.0024,,EA,ORB
COSMOS 1818 COOLANT,1987-011F,34175,DEB,,CIS,1987-02-01,TYMSC,,99.82,65.00,765,735,0.0033,,EA,ORB
COSMOS 1818 COOLANT,1987-011G,34176,DEB,,CIS,1987-02-01,TYMSC,,100.38,65.02,787,766,0.0034,,EA,ORB
COSMOS 1818 COOLANT,1987-011H,34177,DEB,,CIS,1987-02-01,TYMSC,,100.52,65.01,795,771,0.0022,,EA,ORB
SL-12 DEB,1987-079BN,35412,DEB,D,CIS,1987-09-16,TYMSC,2009-12-29,90.17,64.90,302,264,0.0980,,EA,IMP
COSMOS 1818 COOLANT,1987-011J,35518,DEB,,CIS,1987-02-01,TYMSC,,100.30,65.01,788,758,0.0033,,EA,ORB
SL-14 DEB,1987-068CN,35519,DEB,,CIS,1987-08-18,PLMSC,,98.79,82.83,709,692,0.0051,,EA,ORB
SL-14 DEB,1987-068CP,35520,DEB,,CIS,1987-08-18,PLMSC,,103.81,82.54,945,932,0.0133,,EA,ORB
SL-14 DEB,1987-068CQ,35521,DEB,,CIS,1987-08-18,PLMSC,,103.68,82.56,939,926,0.0097,,EA,ORB
SL-14 DEB,1987-068CR,35522,DEB,,CIS,1987-08-18,PLMSC,,103.72,82.55,947,921,0.0051,,EA,ORB
SL-14 DEB,1987-068CS,35523,DEB,,CIS,1987-08-18,PLMSC,,101.93,82.51,855,845,0.0055,,EA,ORB
SL-14 DEB,1987-068CT,35524,DEB,,CIS,1987-08-18,PLMSC,,101.35,82.50,843,802,0.0067,,EA,ORB
SL-14 DEB,1987-068CU,35525,DEB,,CIS,1987-08-18,PLMSC,,104.08,82.54,967,935,0.0135,,EA,ORB
COSMOS 1818 COOLANT,1987-011K,36132,DEB,,CIS,1987-02-01,TYMSC,,100.39,65.01,786,768,0.0034,,EA,ORB
DMSP 5D-2 F8 DEB,1987-053F,36854,DEB,D,US,1987-06-20,AFWTR,2011-11-20,93.16,98.76,447,412,0.0135,,EA,IMP
DMSP 5D-2 F8 DEB,1987-053G,36855,DEB,D,US,1987-06-20,AFWTR,2011-10-26,95.25,98.77,565,496,0.0016,,EA,IMP
DMSP 5D-2 F8 DEB,1987-053H,36856,DEB,D,US,1987-06-20,AFWTR,2011-07-14,90.83,99.37,348,282,0.0186,,EA,IMP
COSMOS 1818 COOLANT,1987-011L,36932,DEB,D,CIS,1987-02-01,TYMSC,2019-05-05,100.52,65.01,799,768,0.0025,,EA,IMP
COSMOS 1818 COOLANT,1987-011M,36933,DEB,,CIS,1987-02-01,TYMSC,,100.37,65.01,792,760,0.0034,,EA,ORB
COSMOS 1818 COOLANT,1987-011N,36934,DEB,,CIS,1987-02-01,TYMSC,,100.58,65.01,797,775,0.0036,,EA,ORB
COSMOS 1818 COOLANT,1987-011P,36935,DEB,,CIS,1987-02-01,TYMSC,,99.91,65.01,768,740,0.0033,,EA,ORB
COSMOS 1818 COOLANT,1987-011Q,36936,DEB,,CIS,1987-02-01,TYMSC,,99.97,65.00,771,743,0.0035,,EA,ORB
COSMOS 1818 COOLANT,1987-011R,36937,DEB,,CIS,1987-02-01,TYMSC,,100.37,65.01,787,765,0.0034,,EA,ORB
COSMOS 1818 COOLANT,1987-011S,36938,DEB,,CIS,1987-02-01,TYMSC,,100.08,65.01,777,747,0.0020,,EA,ORB
COSMOS 1818 COOLANT,1987-011T,36939,DEB,,CIS,1987-02-01,TYMSC,,100.36,65.02,786,765,0.0033,,EA,ORB
COSMOS 1818 COOLANT,1987-011U,36940,DEB,,CIS,1987-02-01,TYMSC,,100.43,65.01,788,770,0.0033,,EA,ORB
COSMOS 1818 COOLANT,1987-011V,36941,DEB,,CIS,1987-02-01,TYMSC,,99.94,65.00,770,741,0.0032,,EA,ORB
COSMOS 1818 COOLANT,1987-011W,36942,DEB,,CIS,1987-02-01,TYMSC,,100.35,65.01,785,765,0.0025,,EA,ORB
COSMOS 1818 COOLANT,1987-011X,36943,DEB,,CIS,1987-02-01,TYMSC,,100.44,65.01,790,768,0.0034,,EA,ORB
COSMOS 1818 COOLANT,1987-011Y,36944,DEB,,CIS,1987-02-01,TYMSC,,100.42,65.01,790,768,0.0034,,EA,ORB
COSMOS 1818 COOLANT,1987-011Z,36945,DEB,,CIS,1987-02-01,TYMSC,,100.46,65.02,788,772,0.0030,,EA,ORB
COSMOS 1818 COOLANT,1987-011AA,36946,DEB,,CIS,1987-02-01,TYMSC,,100.41,65.02,789,766,0.0030,,EA,ORB
COSMOS 1818 COOLANT,1987-011AB,36947,DEB,,CIS,1987-02-01,TYMSC,,100.34,65.01,784,765,0.0032,,EA,ORB
COSMOS 1818 COOLANT,1987-011AC,36948,DEB,,CIS,1987-02-01,TYMSC,,100.50,65.01,794,771,0.0034,,EA,ORB
COSMOS 1818 COOLANT,1987-011AD,36949,DEB,,CIS,1987-02-01,TYMSC,,99.94,65.01,771,740,0.0033,,EA,ORB
COSMOS 1818 COOLANT,1987-011AE,36950,DEB,,CIS,1987-02-01,TYMSC,,100.65,65.01,803,775,0.0029,,EA,ORB
COSMOS 1818 COOLANT,1987-011AF,36951,DEB,,CIS,1987-02-01,TYMSC,,100.46,65.01,798,764,0.0033,,EA,ORB
COSMOS 1818 COOLANT,1987-011AG,36952,DEB,,CIS,1987-02-01,TYMSC,,100.62,65.01,802,774,0.0023,,EA,ORB
COSMOS 1818 COOLANT,1987-011AH,36953,DEB,,CIS,1987-02-01,TYMSC,,100.54,65.01,795,773,0.0030,,EA,ORB
COSMOS 1818 COOLANT,1987-011AJ,36954,DEB,,CIS,1987-02-01,TYMSC,,100.55,65.02,797,772,0.0033,,EA,ORB
SL-12 DEB,1987-079BP,37884,DEB,,CIS,1987-09-16,TYMSC,,271.73,65.30,14559,479,0.0570,,EA,ORB
COSMOS 1867 COOLANT,1987-060E,39637,DEB,,CIS,1987-07-10,TYMSC,,100.41,65.01,792,764,0.0019,,EA,ORB
COSMOS 1867 COOLANT,1987-060F,39638,DEB,,CIS,1987-07-10,TYMSC,,100.45,65.01,792,767,0.0019,,EA,ORB
COSMOS 1867 COOLANT,1987-060G,39639,DEB,,CIS,1987-07-10,TYMSC,,100.44,65.00,793,766,0.0019,,EA,ORB
COSMOS 1867 COOLANT,1987-060H,39640,DEB,,CIS,1987-07-10,TYMSC,,100.40,65.01,791,763,0.0018,,EA,ORB
COSMOS 1867 COOLANT,1987-060J,39641,DEB,,CIS,1987-07-10,TYMSC,,100.43,65.01,792,766,0.0018,,EA,ORB
COSMOS 1867 COOLANT,1987-060K,39642,DEB,,CIS,1987-07-10,TYMSC,,100.45,65.01,794,766,0.0019,,EA,ORB
COSMOS 1867 COOLANT,1987-060L,39643,DEB,,CIS,1987-07-10,TYMSC,,100.36,65.01,790,762,0.0174,,EA,ORB
COSMOS 1867 COOLANT,1987-060M,39644,DEB,,CIS,1987-07-10,TYMSC,,100.36,65.01,789,762,0.0161,,EA,ORB
COSMOS 1867 COOLANT,1987-060N,39645,DEB,,CIS,1987-07-10,TYMSC,,100.43,65.01,792,765,0.0019,,EA,ORB
COSMOS 1867 COOLANT,1987-060P,39646,DEB,,CIS,1987-07-10,TYMSC,,100.43,65.01,792,765,0.0020,,EA,ORB
COSMOS 1867 COOLANT,1987-060Q,39647,DEB,,CIS,1987-07-10,TYMSC,,100.45,65.01,794,766,0.0019,,EA,ORB
COSMOS 1867 COOLANT,1987-060R,39654,DEB,,CIS,1987-07-10,TYMSC,,100.44,65.01,793,766,0.0019,,EA,ORB
COSMOS 1867 COOLANT,1987-060S,39655,DEB,,CIS,1987-07-10,TYMSC,,100.43,65.00,792,766,0.0019,,EA,ORB
COSMOS 1867 COOLANT,1987-060T,39656,DEB,,CIS,1987-07-10,TYMSC,,100.42,65.01,792,765,0.0019,,EA,ORB
COSMOS 1867 COOLANT,1987-060U,39657,DEB,,CIS,1987-07-10,TYMSC,,100.42,65.01,791,766,0.0019,,EA,ORB
COSMOS 1867 COOLANT,1987-060V,39658,DEB,,CIS,1987-07-10,TYMSC,,100.36,65.01,790,762,0.0018,,EA,ORB
COSMOS 1867 COOLANT,1987-060W,39659,DEB,,CIS,1987-07-10,TYMSC,,100.41,65.01,791,765,0.0019,,EA,ORB
COSMOS 1867 COOLANT,1987-060X,39660,DEB,,CIS,1987-07-10,TYMSC,,100.42,65.01,792,765,0.0014,,EA,ORB
COSMOS 1867 COOLANT,1987-060Y,39661,DEB,,CIS,1987-07-10,TYMSC,,100.37,65.01,790,762,0.0019,,EA,ORB
COSMOS 1867 COOLANT,1987-060Z,39662,DEB,,CIS,1987-07-10,TYMSC,,100.37,65.01,789,764,0.0197,,EA,ORB
COSMOS 1867 COOLANT,1987-060AA,39663,DEB,,CIS,1987-07-10,TYMSC,,100.38,65.01,789,763,0.0019,,EA,ORB
COSMOS 1867 COOLANT,1987-060AB,39664,DEB,,CIS,1987-07-10,TYMSC,,100.43,65.00,792,766,0.0019,,EA,ORB
COSMOS 1867 COOLANT,1987-060AC,39665,DEB,,CIS,1987-07-10,TYMSC,,100.43,65.01,792,766,0.0019,,EA,ORB
COSMOS 1867 COOLANT,1987-060AD,39666,DEB,,CIS,1987-07-10,TYMSC,,100.40,65.01,790,765,0.0013,,EA,ORB
COSMOS 1867 COOLANT,1987-060AE,39667,DEB,,CIS,1987-07-10,TYMSC,,100.41,65.01,791,765,0.0019,,EA,ORB
COSMOS 1867 COOLANT,1987-060AF,39668,DEB,,CIS,1987-07-10,TYMSC,,100.42,65.01,792,765,0.0019,,EA,ORB
COSMOS 1867 COOLANT,1987-060AG,39669,DEB,,CIS,1987-07-10,TYMSC,,100.42,65.01,792,765,0.0019,,EA,ORB
COSMOS 1867 COOLANT,1987-060AH,39670,DEB,,CIS,1987-07-10,TYMSC,,100.42,65.01,791,765,0.0019,,EA,ORB
COSMOS 1867 COOLANT,1987-060AJ,39671,DEB,,CIS,1987-07-10,TYMSC,,100.39,65.01,790,764,0.0019,,EA,ORB
COSMOS 1867 COOLANT,1987-060AK,39672,DEB,,CIS,1987-07-10,TYMSC,,100.40,65.00,791,764,0.0197,,EA,ORB
COSMOS 1867 COOLANT,1987-060AL,39673,DEB,,CIS,1987-07-10,TYMSC,,100.43,65.01,792,766,0.0020,,EA,ORB
COSMOS 1867 COOLANT,1987-060AM,39674,DEB,,CIS,1987-07-10,TYMSC,,100.36,65.01,789,762,0.0019,,EA,ORB
COSMOS 1867 COOLANT,1987-060AN,39675,DEB,,CIS,1987-07-10,TYMSC,,100.38,65.01,790,763,0.0019,,EA,ORB
COSMOS 1867 COOLANT,1987-060AP,39676,DEB,,CIS,1987-07-10,TYMSC,,100.43,65.01,792,766,0.0019,,EA,ORB
COSMOS 1867 COOLANT,1987-060AQ,39677,DEB,,CIS,1987-07-10,TYMSC,,100.43,65.00,792,766,0.0019,,EA,ORB
COSMOS 1823 DEB,1987-020ED,39805,DEB,,CIS,1987-02-20,PLMSC,,115.88,73.59,1512,1478,0.0139,,EA,ORB
COSMOS 1823 DEB,1987-020EE,39806,DEB,,CIS,1987-02-20,PLMSC,,116.14,73.63,1559,1455,0.0168,,EA,ORB
COSMOS 1823 DEB,1987-020EF,39807,DEB,,CIS,1987-02-20,PLMSC,,104.33,74.02,982,944,0.0045,,EA,ORB
COSMOS 1823 DEB,1987-020EG,39808,DEB,,CIS,1987-02-20,PLMSC,,115.70,73.62,1526,1449,0.0220,,EA,ORB
COSMOS 1823 DEB,1987-020EH,39809,DEB,,CIS,1987-02-20,PLMSC,,111.88,73.72,1398,1228,0.0064,,EA,ORB
COSMOS 1823 DEB,1987-020EJ,39810,DEB,,CIS,1987-02-20,PLMSC,,115.96,73.70,1527,1471,0.0140,,EA,ORB
COSMOS 1823 DEB,1987-020EK,39811,DEB,,CIS,1987-02-20,PLMSC,,115.53,73.63,1507,1452,0.0158,,EA,ORB
COSMOS 1823 DEB,1987-020EL,39812,DEB,,CIS,1987-02-20,PLMSC,,116.16,73.62,1540,1476,0.0174,,EA,ORB
COSMOS 1823 DEB,1987-020EM,39813,DEB,,CIS,1987-02-20,PLMSC,,115.29,73.63,1499,1439,0.0202,,EA,ORB
COSMOS 1823 DEB,1987-020EN,39814,DEB,,CIS,1987-02-20,PLMSC,,115.83,73.61,1513,1473,0.0179,,EA,ORB
COSMOS 1823 DEB,1987-020EP,39815,DEB,,CIS,1987-02-20,PLMSC,,115.93,73.60,1518,1477,0.0230,,EA,ORB
COSMOS 1823 DEB,1987-020EQ,39816,DEB,,CIS,1987-02-20,PLMSC,,96.60,74.04,616,576,0.0030,,EA,ORB
COSMOS 1823 DEB,1987-020ER,39817,DEB,,CIS,1987-02-20,PLMSC,,115.00,73.72,1471,1440,0.0159,,EA,ORB
COSMOS 1823 DEB,1987-020ES,39818,DEB,,CIS,1987-02-20,PLMSC,,115.05,73.62,1486,1430,0.0141,,EA,ORB
COSMOS 1823 DEB,1987-020ET,39819,DEB,,CIS,1987-02-20,PLMSC,,115.82,73.67,1514,1471,0.0143,,EA,ORB
COSMOS 1823 DEB,1987-020EU,39820,DEB,,CIS,1987-02-20,PLMSC,,115.59,73.63,1503,1462,0.0237,,EA,ORB
COSMOS 1823 DEB,1987-020EV,39821,DEB,,CIS,1987-02-20,PLMSC,,113.50,73.23,1462,1312,0.0145,,EA,ORB
COSMOS 1823 DEB,1987-020EW,39822,DEB,,CIS,1987-02-20,PLMSC,,117.03,73.97,1657,1437,0.0177,,EA,ORB
COSMOS 1823 DEB,1987-020EX,39823,DEB,,CIS,1987-02-20,PLMSC,,115.61,73.71,1516,1450,0.0173,,EA,ORB
COSMOS 1823 DEB,1987-020EY,39824,DEB,,CIS,1987-02-20,PLMSC,,115.54,73.62,1505,1455,0.0242,,EA,ORB
COSMOS 1823 DEB,1987-020EZ,39825,DEB,,CIS,1987-02-20,PLMSC,,115.85,73.60,1514,1475,0.0209,,EA,ORB
COSMOS 1823 DEB,1987-020FA,39826,DEB,,CIS,1987-02-20,PLMSC,,117.74,73.50,1713,1445,0.0219,,EA,ORB
COSMOS 1823 DEB,1987-020FB,39827,DEB,,CIS,1987-02-20,PLMSC,,115.94,73.60,1520,1476,0.0175,,EA,ORB
COSMOS 1823 DEB,1987-020FC,39828,DEB,,CIS,1987-02-20,PLMSC,,118.13,74.24,1652,1542,0.0251,,EA,ORB
COSMOS 1823 DEB,1987-020FD,39829,DEB,,CIS,1987-02-20,PLMSC,,115.90,73.60,1518,1475,0.0235,,EA,ORB
COSMOS 1823 DEB,1987-020FE,39830,DEB,,CIS,1987-02-20,PLMSC,,115.43,73.60,1498,1451,0.0066,,EA,ORB
COSMOS 1823 DEB,1987-020FF,39831,DEB,,CIS,1987-02-20,PLMSC,,115.85,73.60,1515,1473,0.0011,,EA,ORB
COSMOS 1823 DEB,1987-020FG,39832,DEB,,CIS,1987-02-20,PLMSC,,116.06,73.61,1532,1475,0.0217,,EA,ORB
COSMOS 1823 DEB,1987-020FH,39833,DEB,,CIS,1987-02-20,PLMSC,,114.38,73.78,1440,1414,0.0162,,EA,ORB
COSMOS 1823 DEB,1987-020FJ,39834,DEB,,CIS,1987-02-20,PLMSC,,116.32,73.60,1553,1478,0.0126,,EA,ORB
SL-14 DEB,1987-068CV,39969,DEB,,CIS,1987-08-18,PLMSC,,99.47,82.50,740,727,0.0084,,EA,ORB
SL-14 DEB,1987-068CW,39970,DEB,,CIS,1987-08-18,PLMSC,,101.78,82.54,852,834,0.0132,,EA,ORB
SL-14 DEB,1987-068CX,39971,DEB,,CIS,1987-08-18,PLMSC,,103.53,82.46,967,884,0.0109,,EA,ORB
SL-14 DEB,1987-068CY,39972,DEB,,CIS,1987-08-18,PLMSC,,103.54,82.50,939,913,0.0142,,EA,ORB
SL-14 DEB,1987-068CZ,39973,DEB,,CIS,1987-08-18,PLMSC,,98.88,83.02,717,693,0.0064,,EA,ORB
SL-14 DEB,1987-068DA,39974,DEB,,CIS,1987-08-18,PLMSC,,101.54,82.54,843,820,0.0110,,EA,ORB
SL-14 DEB,1987-068DB,39975,DEB,,CIS,1987-08-18,PLMSC,,102.49,82.59,947,806,0.0098,,EA,ORB
SL-14 DEB,1987-068DC,39976,DEB,,CIS,1987-08-18,PLMSC,,102.55,82.55,886,873,0.0060,,EA,ORB
SL-14 DEB,1987-068DD,39977,DEB,D,CIS,1987-08-18,PLMSC,2023-12-05,94.30,82.42,504,465,0.0132,,EA,IMP
SL-14 DEB,1987-068DE,39978,DEB,,CIS,1987-08-18,PLMSC,,103.24,82.41,946,878,0.0106,,EA,ORB
SL-14 DEB,1987-068DF,39979,DEB,,CIS,1987-08-18,PLMSC,,98.66,82.52,709,681,0.0136,,EA,ORB
SL-14 DEB,1987-068DG,39980,DEB,D,CIS,1987-08-18,PLMSC,2019-09-10,91.71,82.48,369,348,0.0124,,EA,IMP
SL-14 DEB,1987-068DH,39981,DEB,,CIS,1987-08-18,PLMSC,,103.23,82.55,919,903,0.0072,,EA,ORB
SL-14 DEB,1987-068DJ,39982,DEB,,CIS,1987-08-18,PLMSC,,103.62,82.55,943,916,0.0116,,EA,ORB
SL-14 DEB,1987-068DK,39983,DEB,,CIS,1987-08-18,PLMSC,,99.82,82.14,777,723,0.0111,,EA,ORB
SL-14 DEB,1987-068DL,39984,DEB,,CIS,1987-08-18,PLMSC,,100.25,82.83,775,766,0.0122,,EA,ORB
SL-14 DEB,1987-068DM,39985,DEB,,CIS,1987-08-18,PLMSC,,101.89,82.52,854,842,0.0050,,EA,ORB
SL-14 DEB,1987-068DN,39986,DEB,,CIS,1987-08-18,PLMSC,,103.62,82.49,959,901,0.0082,,EA,ORB
COSMOS 1842 DEB,1987-038C,41190,DEB,D,CIS,1987-04-27,PLMSC,2016-01-13,88.39,82.47,202,187,0.0156,,EA,IMP
COSMOS 1823 DEB,1987-020FK,43322,DEB,,CIS,1987-02-20,PLMSC,,115.88,73.60,1514,1476,,,EA,ORB
SL-16 DEB,1987-027G,43323,DEB,D,CIS,1987-03-18,TYMSC,2024-03-09,96.86,70.97,617,600,,,EA,IMP
COSMOS 1867 COOLANT,1987-060AR,43324,DEB,,CIS,1987-07-10,TYMSC,,100.43,65.01,792,766,,,EA,ORB
COSMOS 1867 COOLANT,1987-060AS,43325,DEB,,CIS,1987-07-10,TYMSC,,100.33,65.01,788,760,,,EA,ORB
COSMOS 1867 COOLANT,1987-060AT,43326,DEB,,CIS,1987-07-10,TYMSC,,100.39,65.01,791,763,,,EA,ORB
COSMOS 1867 COOLANT,1987-060AU,43327,DEB,,CIS,1987-07-10,TYMSC,,100.43,65.01,794,764,,,EA,ORB
COSMOS 1867 COOLANT,1987-060AV,43328,DEB,,CIS,1987-07-10,TYMSC,,100.41,65.01,792,765,,,EA,ORB
COSMOS 1900 DEB,1987-101D,43499,DEB,,CIS,1987-12-12,TYMSC,,98.61,66.08,711,674,,,EA,ORB
COSMOS 1900 DEB,1987-101E,43500,DEB,,CIS,1987-12-12,TYMSC,,98.58,66.09,710,672,,,EA,ORB
COSMOS 1900 DEB,1987-101F,43501,DEB,,CIS,1987-12-12,TYMSC,,98.73,66.08,717,679,,,EA,ORB
USA 22 DEB,1987-043J,44301,DEB,D,US,1987-05-15,AFWTR,2022-08-01,88.90,63.24,234,206,,,EA,IMP
COSMOS 1897 DEB,1987-096G,44572,DEB,,CIS,1987-11-26,TYMSC,,1433.40,10.82,35816,35651,,,EA,ORB
COSMOS 1818 COOLANT,1987-011AK,46467,DEB,,CIS,1987-02-01,TYMSC,,100.38,65.00,787,767,,,EA,ORB
COSMOS 1818 COOLANT,1987-011AL,50771,DEB,,CIS,1987-02-01,TYMSC,,100.39,65.01,788,766,,,EA,ORB
COSMOS 1818 COOLANT,1987-011AM,50772,DEB,,CIS,1987-02-01,TYMSC,,100.39,65.01,786,768,,,EA,ORB
COSMOS 1818 COOLANT,1987-011AN,50773,DEB,,CIS,1987-02-01,TYMSC,,100.41,65.01,787,769,,,EA,ORB
COSMOS 1818 COOLANT,1987-011AP,50774,DEB,,CIS,1987-02-01,TYMSC,,100.42,65.01,791,766,,,EA,ORB
COSMOS 1818 COOLANT,1987-011AQ,50775,DEB,,CIS,1987-02-01,TYMSC,,100.42,65.01,789,768,,,EA,ORB
COSMOS 1818 COOLANT,1987-011AR,50776,DEB,,CIS,1987-02-01,TYMSC,,100.35,65.00,787,763,,,EA,ORB
COSMOS 1818 COOLANT,1987-011AS,50777,DEB,,CIS,1987-02-01,TYMSC,,99.94,65.01,770,742,,,EA,ORB
COSMOS 1818 COOLANT,1987-011AT,50778,DEB,,CIS,1987-02-01,TYMSC,,100.28,65.01,788,756,,,EA,ORB
COSMOS 1818 COOLANT,1987-011AU,50779,DEB,,CIS,1987-02-01,TYMSC,,100.42,65.01,791,767,,,EA,ORB
COSMOS 1818 COOLANT,1987-011AV,50780,DEB,,CIS,1987-02-01,TYMSC,,100.35,65.00,786,765,,,EA,ORB
COSMOS 1818 COOLANT,1987-011AW,50781,DEB,,CIS,1987-02-01,TYMSC,,100.32,65.01,788,760,,,EA,ORB
COSMOS 1818 COOLANT,1987-011AX,50782,DEB,,CIS,1987-02-01,TYMSC,,100.41,65.01,788,768,,,EA,ORB
COSMOS 1818 COOLANT,1987-011AY,50783,DEB,,CIS,1987-02-01,TYMSC,,100.23,65.01,783,756,,,EA,ORB
COSMOS 1818 COOLANT,1987-011AZ,50784,DEB,,CIS,1987-02-01,TYMSC,,100.40,65.02,786,768,,,EA,ORB
COSMOS 1818 COOLANT,1987-011BA,50785,DEB,,CIS,1987-02-01,TYMSC,,100.37,65.01,786,765,,,EA,ORB
COSMOS 1818 COOLANT,1987-011BB,50786,DEB,,CIS,1987-02-01,TYMSC,,100.38,65.01,787,766,,,EA,ORB
COSMOS 1818 COOLANT,1987-011BC,50787,DEB,,CIS,1987-02-01,TYMSC,,100.02,65.01,774,744,,,EA,ORB
COSMOS 1818 COOLANT,1987-011BD,50788,DEB,,CIS,1987-02-01,TYMSC,,100.40,65.01,787,767,,,EA,ORB
COSMOS 1818 COOLANT,1987-011BE,50789,DEB,,CIS,1987-02-01,TYMSC,,100.26,65.01,786,755,,,EA,ORB
COSMOS 1818 COOLANT,1987-011BF,50790,DEB,,CIS,1987-02-01,TYMSC,,100.37,65.00,786,766,,,EA,ORB
COSMOS 1818 COOLANT,1987-011BG,50791,DEB,,CIS,1987-02-01,TYMSC,,100.33,65.01,790,759,,,EA,ORB
COSMOS 1818 COOLANT,1987-011BH,50792,DEB,,CIS,1987-02-01,TYMSC,,100.05,65.01,776,746,,,EA,ORB
COSMOS 1818 COOLANT,1987-011BJ,50793,DEB,,CIS,1987-02-01,TYMSC,,100.13,65.01,774,755,,,EA,ORB
COSMOS 1867 COOLANT,1987-060AW,50794,DEB,,CIS,1987-07-10,TYMSC,,100.34,65.01,788,762,,,EA,ORB
COSMOS 1860 COOLANT,1987-052E,50795,DEB,,CIS,1987-06-18,TYMSC,,100.19,65.01,777,758,,,EA,ORB
COSMOS 1867 COOLANT,1987-060AX,59050,DEB,,CIS,1987-07-10,TYMSC,,100.37,65.01,790,762,,,EA,ORB
DMSP 5D-2 F8 DEB,1987-053J,60251,DEB,,US,1987-06-20,AFWTR,,100.89,98.73,812,790,,,EA,ORB
DMSP 5D-2 F8 DEB,1987-053K,60252,DEB,,US,1987-06-20,AFWTR,,101.05,98.73,822,795,,,EA,ORB
DMSP 5D-2 F8 DEB,1987-053L,60253,DEB,D,US,1987-06-20,AFWTR,2024-10-04,94.35,98.67,517,457,,,EA,IMP
DMSP 5D-2 F8 DEB,1987-053M,60254,DEB,D,US,1987-06-20,AFWTR,2024-10-04,93.99,98.66,498,441,,,EA,IMP
