OBJECT_NAME,OBJECT_ID,NORAD_CAT_ID,OBJECT_TYPE,OPS_STATUS_CODE,OWNER,LAUNCH_DATE,LAUNCH_SITE,DECAY_DATE,PERIOD,INCLINATION,APOGEE,PERIGEE,RCS,DATA_STATUS_CODE,ORBIT_CENTER,ORBIT_TYPE
XPOSAT,2024-001A,58694,PAY,+,IND,2024-01-01,SRILR,,97.34,5.99,637,625,,,EA,ORB
POEM-3,2024-001B,58695,PAY,D,IND,2024-01-01,SRILR,2024-03-21,89.58,9.66,257,250,,,EA,IMP
OVZON-3,2024-003A,58698,PAY,+,SWED,2024-01-03,AFETR,,1436.07,0.01,35787,35785,,,EA,ORB
FALCON 9 R/B,2024-003B,58699,R/B,,US,2024-01-03,AFETR,,824.82,27.15,45182,329,,,EA,ORB
TIANMU-1 15,2024-004A,58700,PAY,+,PRC,2024-01-05,JSC,,94.29,97.47,490,478,,,EA,ORB
TIANMU-1 16,2024-004B,58701,PAY,+,PRC,2024-01-05,JSC,,94.28,97.46,489,479,,,EA,ORB
TIANMU-1 17,2024-004C,58702,PAY,+,PRC,2024-01-05,JSC,,94.28,97.47,488,479,,,EA,ORB
TIANMU-1 18,2024-004D,58703,PAY,+,PRC,2024-01-05,JSC,,94.29,97.47,489,480,,,EA,ORB
KZ-1A R/B,2024-004E,58704,R/B,D,PRC,2024-01-05,JSC,2024-01-15,86.37,97.39,108,81,,,EA,IMP
STARLINK-11072 [DTC],2024-002A,58705,PAY,+,US,2024-01-03,AFWTR,,91.74,53.16,360,359,,,EA,ORB
STARLINK-11075 [DTC],2024-002B,58706,PAY,+,US,2024-01-03,AFWTR,,91.43,53.15,348,342,,,EA,ORB
STARLINK-11077 [DTC],2024-002C,58707,PAY,+,US,2024-01-03,AFWTR,,91.74,53.16,361,359,,,EA,ORB
STARLINK-11079 [DTC],2024-002D,58708,PAY,+,US,2024-01-03,AFWTR,,91.74,53.16,361,359,,,EA,ORB
STARLINK-11076 [DTC],2024-002E,58709,PAY,+,US,2024-01-03,AFWTR,,91.74,53.16,360,359,,,EA,ORB
STARLINK-11078 [DTC],2024-002F,58710,PAY,+,US,2024-01-03,AFWTR,,91.74,53.16,361,359,,,EA,ORB
STARLINK-31031,2024-002G,58711,PAY,+,US,2024-01-03,AFWTR,,93.85,53.16,464,462,,,EA,ORB
STARLINK-31029,2024-002H,58712,PAY,+,US,2024-01-03,AFWTR,,93.85,53.16,464,462,,,EA,ORB
STARLINK-30973,2024-002J,58713,PAY,+,US,2024-01-03,AFWTR,,93.85,53.16,464,462,,,EA,ORB
STARLINK-31100,2024-002K,58714,PAY,+,US,2024-01-03,AFWTR,,93.85,53.16,464,462,,,EA,ORB
STARLINK-31102,2024-002L,58715,PAY,+,US,2024-01-03,AFWTR,,93.85,53.16,464,462,,,EA,ORB
STARLINK-31098,2024-002M,58716,PAY,+,US,2024-01-03,AFWTR,,93.85,53.16,464,462,,,EA,ORB
STARLINK-31093,2024-002N,58717,PAY,+,US,2024-01-03,AFWTR,,93.85,53.16,464,462,,,EA,ORB
STARLINK-31097,2024-002P,58718,PAY,+,US,2024-01-03,AFWTR,,93.85,53.16,464,462,,,EA,ORB
STARLINK-31051,2024-002Q,58719,PAY,+,US,2024-01-03,AFWTR,,93.85,53.16,464,462,,,EA,ORB
STARLINK-31027,2024-002R,58720,PAY,P,US,2024-01-03,AFWTR,,90.73,53.13,315,306,,,EA,ORB
STARLINK-30972,2024-002S,58721,PAY,+,US,2024-01-03,AFWTR,,93.85,53.16,464,462,,,EA,ORB
STARLINK-31040,2024-002T,58722,PAY,+,US,2024-01-03,AFWTR,,93.85,53.16,464,462,,,EA,ORB
STARLINK-31033,2024-002U,58723,PAY,+,US,2024-01-03,AFWTR,,93.85,53.16,464,462,,,EA,ORB
STARLINK-30893,2024-002V,58724,PAY,+,US,2024-01-03,AFWTR,,93.85,53.16,464,462,,,EA,ORB
STARLINK-30856,2024-002W,58725,PAY,+,US,2024-01-03,AFWTR,,93.90,53.16,466,464,,,EA,ORB
STARLINK-31155,2024-005A,58728,PAY,D,US,2024-01-07,AFETR,2025-03-31,88.83,42.99,224,210,,,EA,IMP
STARLINK-31115,2024-005B,58729,PAY,+,US,2024-01-07,AFETR,,94.23,43.00,484,479,,,EA,ORB
STARLINK-31150,2024-005C,58730,PAY,D,US,2024-01-07,AFETR,2025-06-21,88.01,42.98,184,168,,,EA,IMP
STARLINK-31204,2024-005D,58731,PAY,D,US,2024-01-07,AFETR,2025-09-12,88.71,42.99,235,186,,,EA,IMP
STARLINK-31180,2024-005E,58732,PAY,+,US,2024-01-07,AFETR,,94.27,43.00,484,482,,,EA,ORB
STARLINK-31164,2024-005F,58733,PAY,+,US,2024-01-07,AFETR,,94.27,43.01,485,481,,,EA,ORB
STARLINK-31152,2024-005G,58734,PAY,+,US,2024-01-07,AFETR,,94.26,43.01,485,481,,,EA,ORB
STARLINK-31157,2024-005H,58735,PAY,+,US,2024-01-07,AFETR,,94.27,43.00,484,482,,,EA,ORB
STARLINK-31076,2024-005J,58736,PAY,+,US,2024-01-07,AFETR,,94.27,43.00,484,482,,,EA,ORB
STARLINK-31101,2024-005K,58737,PAY,+,US,2024-01-07,AFETR,,94.27,43.00,484,482,,,EA,ORB
STARLINK-31108,2024-005L,58738,PAY,+,US,2024-01-07,AFETR,,94.27,43.00,484,482,,,EA,ORB
STARLINK-31042,2024-005M,58739,PAY,+,US,2024-01-07,AFETR,,94.27,43.00,484,482,,,EA,ORB
STARLINK-31159,2024-005N,58740,PAY,+,US,2024-01-07,AFETR,,94.27,43.00,483,483,,,EA,ORB
STARLINK-31148,2024-005P,58741,PAY,+,US,2024-01-07,AFETR,,94.27,43.00,485,481,,,EA,ORB
STARLINK-31151,2024-005Q,58742,PAY,+,US,2024-01-07,AFETR,,94.27,43.00,484,482,,,EA,ORB
STARLINK-31156,2024-005R,58743,PAY,+,US,2024-01-07,AFETR,,94.27,43.00,484,482,,,EA,ORB
STARLINK-31167,2024-005S,58744,PAY,+,US,2024-01-07,AFETR,,94.27,43.00,484,483,,,EA,ORB
STARLINK-31176,2024-005T,58745,PAY,+,US,2024-01-07,AFETR,,94.27,43.00,484,482,,,EA,ORB
STARLINK-31181,2024-005U,58746,PAY,+,US,2024-01-07,AFETR,,94.27,43.00,484,482,,,EA,ORB
STARLINK-31183,2024-005V,58747,PAY,+,US,2024-01-07,AFETR,,94.27,43.01,485,482,,,EA,ORB
STARLINK-31165,2024-005W,58748,PAY,+,US,2024-01-07,AFETR,,94.27,43.00,484,482,,,EA,ORB
STARLINK-31160,2024-005X,58749,PAY,+,US,2024-01-07,AFETR,,94.27,43.01,484,482,,,EA,ORB
STARLINK-31179,2024-005Y,58750,PAY,+,US,2024-01-07,AFETR,,94.27,43.00,484,482,,,EA,ORB
PEREGRINE,2024-006A,58751,PAY,D,US,2024-01-08,AFETR,2024-01-18,,,,,,,EA,IMP
VULCAN CENTAUR R/B,2024-006B,58752,R/B,,US,2024-01-08,AFETR,,,,,,,,SU,ORB
EINSTEIN PROBE,2024-007A,58753,PAY,+,PRC,2024-01-09,XICLF,,95.86,29.00,567,554,,,EA,ORB
CZ-2C R/B,2024-007B,58754,R/B,,PRC,2024-01-09,XICLF,,93.18,29.01,471,390,,,EA,ORB
TIANXING-1 02,2024-008A,58756,PAY,D,PRC,2024-01-11,JSC,2025-09-16,87.80,95.10,171,160,,,EA,IMP
KZ-1A R/B,2024-008B,58757,R/B,D,PRC,2024-01-11,JSC,2024-01-14,87.04,95.13,147,109,,,EA,IMP
YUNYAO-1 18,2024-009A,58758,PAY,+,PRC,2024-01-11,YSLA,,94.44,50.02,495,488,,,EA,ORB
YUNYAO-1 19,2024-009B,58759,PAY,+,PRC,2024-01-11,YSLA,,94.80,49.98,512,506,,,EA,ORB
YUNYAO-1 20,2024-009C,58760,PAY,+,PRC,2024-01-11,YSLA,,94.79,49.98,511,506,,,EA,ORB
YINLI-1 R/B,2024-009D,58761,R/B,D,PRC,2024-01-11,YSLA,2024-06-29,87.24,49.83,144,131,,,EA,IMP
IGS O-8,2024-010A,58762,PAY,+,JPN,2024-01-12,TANSC,,,,,,,NEA,EA,ORB
H-2A R/B,2024-010B,58763,R/B,D,JPN,2024-01-12,TANSC,2024-12-03,87.36,97.15,149,139,,,EA,IMP
H-2A DEB,2024-010C,58764,DEB,D,JPN,2024-01-12,TANSC,2024-01-23,,,,,,NEA,EA,IMP
STARLINK-31127,2024-011A,58765,PAY,+,US,2024-01-14,AFWTR,,93.90,53.16,466,464,,,EA,ORB
STARLINK-31114,2024-011B,58766,PAY,+,US,2024-01-14,AFWTR,,93.85,53.16,463,462,,,EA,ORB
STARLINK-31140,2024-011C,58767,PAY,+,US,2024-01-14,AFWTR,,93.85,53.16,463,462,,,EA,ORB
STARLINK-31145,2024-011D,58768,PAY,D,US,2024-01-14,AFWTR,2026-03-17,88.56,53.11,209,197,,,EA,IMP
STARLINK-31146,2024-011E,58769,PAY,+,US,2024-01-14,AFWTR,,93.85,53.16,464,462,,,EA,ORB
STARLINK-31143,2024-011F,58770,PAY,+,US,2024-01-14,AFWTR,,93.85,53.16,463,462,,,EA,ORB
STARLINK-31135,2024-011G,58771,PAY,+,US,2024-01-14,AFWTR,,93.85,53.16,463,462,,,EA,ORB
STARLINK-31136,2024-011H,58772,PAY,+,US,2024-01-14,AFWTR,,93.85,53.16,464,462,,,EA,ORB
STARLINK-31073,2024-011J,58773,PAY,+,US,2024-01-14,AFWTR,,93.87,53.16,464,463,,,EA,ORB
STARLINK-31122,2024-011K,58774,PAY,+,US,2024-01-14,AFWTR,,93.85,53.16,463,462,,,EA,ORB
STARLINK-31123,2024-011L,58775,PAY,+,US,2024-01-14,AFWTR,,93.85,53.16,463,462,,,EA,ORB
STARLINK-31117,2024-011M,58776,PAY,+,US,2024-01-14,AFWTR,,93.85,53.16,463,462,,,EA,ORB
STARLINK-31132,2024-011N,58777,PAY,+,US,2024-01-14,AFWTR,,94.01,53.16,472,470,,,EA,ORB
STARLINK-31120,2024-011P,58778,PAY,+,US,2024-01-14,AFWTR,,93.85,53.16,464,462,,,EA,ORB
STARLINK-31142,2024-011Q,58779,PAY,+,US,2024-01-14,AFWTR,,93.85,53.16,464,462,,,EA,ORB
STARLINK-31103,2024-011R,58780,PAY,D,US,2024-01-14,AFWTR,2024-08-27,88.33,53.14,197,187,,,EA,IMP
STARLINK-31099,2024-011S,58781,PAY,+,US,2024-01-14,AFWTR,,93.85,53.16,463,462,,,EA,ORB
STARLINK-31060,2024-011T,58782,PAY,D,US,2024-01-14,AFWTR,2025-12-06,88.41,53.13,198,193,,,EA,IMP
STARLINK-31047,2024-011U,58783,PAY,+,US,2024-01-14,AFWTR,,93.85,53.16,464,462,,,EA,ORB
STARLINK-31039,2024-011V,58784,PAY,+,US,2024-01-14,AFWTR,,93.85,53.16,464,462,,,EA,ORB
STARLINK-31034,2024-011W,58785,PAY,+,US,2024-01-14,AFWTR,,93.85,53.16,464,462,,,EA,ORB
STARLINK-31024,2024-011X,58786,PAY,+,US,2024-01-14,AFWTR,,93.85,53.16,463,462,,,EA,ORB
STARLINK-31189,2024-012A,58787,PAY,+,US,2024-01-15,AFETR,,94.27,43.00,484,482,,,EA,ORB
STARLINK-31185,2024-012B,58788,PAY,+,US,2024-01-15,AFETR,,94.27,43.00,484,482,,,EA,ORB
STARLINK-31166,2024-012C,58789,PAY,+,US,2024-01-15,AFETR,,94.27,43.00,484,482,,,EA,ORB
STARLINK-31187,2024-012D,58790,PAY,+,US,2024-01-15,AFETR,,94.27,43.00,484,482,,,EA,ORB
STARLINK-31162,2024-012E,58791,PAY,+,US,2024-01-15,AFETR,,94.27,43.00,484,482,,,EA,ORB
STARLINK-31194,2024-012F,58792,PAY,D,US,2024-01-15,AFETR,2024-06-06,88.17,42.96,200,168,,,EA,IMP
STARLINK-31184,2024-012G,58793,PAY,+,US,2024-01-15,AFETR,,94.27,43.01,485,482,,,EA,ORB
STARLINK-31192,2024-012H,58794,PAY,+,US,2024-01-15,AFETR,,94.27,43.00,484,482,,,EA,ORB
STARLINK-31161,2024-012J,58795,PAY,+,US,2024-01-15,AFETR,,94.27,43.00,484,482,,,EA,ORB
STARLINK-31195,2024-012K,58796,PAY,+,US,2024-01-15,AFETR,,94.27,43.00,484,482,,,EA,ORB
STARLINK-31193,2024-012L,58797,PAY,+,US,2024-01-15,AFETR,,94.27,43.00,484,482,,,EA,ORB
STARLINK-31168,2024-012M,58798,PAY,+,US,2024-01-15,AFETR,,94.27,43.00,484,482,,,EA,ORB
STARLINK-31154,2024-012N,58799,PAY,D,US,2024-01-15,AFETR,2024-08-30,89.72,42.99,273,249,,,EA,IMP
STARLINK-31191,2024-012P,58800,PAY,+,US,2024-01-15,AFETR,,94.27,43.00,484,482,,,EA,ORB
STARLINK-31170,2024-012Q,58801,PAY,+,US,2024-01-15,AFETR,,94.27,43.00,484,482,,,EA,ORB
STARLINK-31173,2024-012R,58802,PAY,D,US,2024-01-15,AFETR,2025-03-11,88.93,42.98,231,212,,,EA,IMP
STARLINK-31141,2024-012S,58803,PAY,+,US,2024-01-15,AFETR,,94.27,43.00,484,482,,,EA,ORB
STARLINK-31188,2024-012T,58804,PAY,+,US,2024-01-15,AFETR,,94.27,43.00,484,482,,,EA,ORB
STARLINK-31105,2024-012U,58805,PAY,D,US,2024-01-15,AFETR,2024-09-01,91.28,42.99,358,317,,,EA,IMP
STARLINK-31138,2024-012V,58806,PAY,+,US,2024-01-15,AFETR,,94.27,43.00,484,482,,,EA,ORB
STARLINK-31163,2024-012W,58807,PAY,+,US,2024-01-15,AFETR,,94.27,43.00,484,482,,,EA,ORB
STARLINK-31174,2024-012X,58808,PAY,+,US,2024-01-15,AFETR,,94.27,43.00,484,482,,,EA,ORB
STARLINK-31169,2024-012Y,58809,PAY,+,US,2024-01-15,AFETR,,94.27,43.00,484,482,,,EA,ORB
TIANZHOU-7,2024-013A,58811,PAY,D,PRC,2024-01-17,WSC,2024-11-17,92.25,41.47,392,377,,,EA,IMP
CZ-7 R/B,2024-013B,58812,R/B,D,PRC,2024-01-17,WSC,2024-01-27,87.66,41.47,174,143,,,EA,IMP
CZ-7 DEB,2024-013C,58813,DEB,D,PRC,2024-01-17,WSC,2024-01-19,91.50,41.83,506,191,,,EA,IMP
CZ-7 DEB,2024-013D,58814,DEB,D,PRC,2024-01-17,WSC,2024-01-20,91.55,41.64,512,189,,,EA,IMP
AXIOM-3 (AX-3),2024-014A,58815,PAY,D,US,2024-01-18,AFETR,2024-02-09,90.64,51.64,400,212,,,EA,LAN
SORAYA,2024-015A,58817,PAY,+,IRAN,2024-01-20,SMTS,,99.81,64.51,756,743,,,EA,ORB
QAEM 100 R/B,2024-015B,58818,R/B,,IRAN,2024-01-20,SMTS,,99.70,64.50,770,719,,,EA,ORB
QAEM 100 DEB,2024-015C,58819,DEB,D,IRAN,2024-01-20,SMTS,2024-11-08,97.12,64.49,647,595,,,EA,IMP
TAIJING-2 04,2024-016A,58820,PAY,+,PRC,2024-01-23,JSC,,92.37,97.45,395,386,,,EA,ORB
TAIJING-1 03,2024-016B,58821,PAY,+,PRC,2024-01-23,JSC,,89.77,97.43,269,257,,,EA,ORB
TAIJING-3 02,2024-016C,58822,PAY,+,PRC,2024-01-23,JSC,,94.36,97.43,494,481,,,EA,ORB
TAIJING-4 03,2024-016D,58823,PAY,+,PRC,2024-01-23,JSC,,92.48,97.43,400,392,,,EA,ORB
LIJIAN-1A R/B,2024-016E,58824,R/B,D,PRC,2024-01-23,JSC,2024-06-24,87.46,97.62,160,137,,,EA,IMP
TAIJING-2 02,2024-016F,58825,PAY,D,PRC,2024-01-23,JSC,2025-11-16,87.71,97.44,168,154,,,EA,IMP
STARLINK-31233,2024-017A,58826,PAY,+,US,2024-01-24,AFWTR,,93.85,53.16,463,462,,,EA,ORB
STARLINK-31271,2024-017B,58827,PAY,+,US,2024-01-24,AFWTR,,93.85,53.16,463,462,,,EA,ORB
STARLINK-31222,2024-017C,58828,PAY,+,US,2024-01-24,AFWTR,,93.85,53.16,464,462,,,EA,ORB
STARLINK-31258,2024-017D,58829,PAY,+,US,2024-01-24,AFWTR,,93.85,53.16,463,462,,,EA,ORB
STARLINK-31253,2024-017E,58830,PAY,+,US,2024-01-24,AFWTR,,94.01,53.16,472,470,,,EA,ORB
STARLINK-31232,2024-017F,58831,PAY,+,US,2024-01-24,AFWTR,,94.01,53.16,471,470,,,EA,ORB
STARLINK-31263,2024-017G,58832,PAY,+,US,2024-01-24,AFWTR,,93.85,53.16,464,462,,,EA,ORB
STARLINK-31175,2024-017H,58833,PAY,D,US,2024-01-24,AFWTR,2025-02-04,87.46,53.09,157,140,,,EA,IMP
STARLINK-31171,2024-017J,58834,PAY,+,US,2024-01-24,AFWTR,,93.85,53.16,464,462,,,EA,ORB
STARLINK-31246,2024-017K,58835,PAY,+,US,2024-01-24,AFWTR,,93.85,53.16,464,462,,,EA,ORB
STARLINK-31251,2024-017L,58836,PAY,+,US,2024-01-24,AFWTR,,93.85,53.16,464,462,,,EA,ORB
STARLINK-31172,2024-017M,58837,PAY,D,US,2024-01-24,AFWTR,2025-04-05,89.22,53.13,243,228,,,EA,IMP
STARLINK-31249,2024-017N,58838,PAY,+,US,2024-01-24,AFWTR,,93.85,53.16,464,462,,,EA,ORB
STARLINK-31250,2024-017P,58839,PAY,+,US,2024-01-24,AFWTR,,93.85,53.16,464,462,,,EA,ORB
STARLINK-31248,2024-017Q,58840,PAY,+,US,2024-01-24,AFWTR,,93.85,53.16,464,462,,,EA,ORB
STARLINK-31236,2024-017R,58841,PAY,+,US,2024-01-24,AFWTR,,93.85,53.16,464,462,,,EA,ORB
STARLINK-31228,2024-017S,58842,PAY,+,US,2024-01-24,AFWTR,,93.85,53.16,464,462,,,EA,ORB
STARLINK-31280,2024-017T,58843,PAY,+,US,2024-01-24,AFWTR,,93.85,53.16,463,462,,,EA,ORB
STARLINK-31269,2024-017U,58844,PAY,+,US,2024-01-24,AFWTR,,93.85,53.16,463,462,,,EA,ORB
STARLINK-31264,2024-017V,58845,PAY,+,US,2024-01-24,AFWTR,,93.85,53.16,464,462,,,EA,ORB
STARLINK-31273,2024-017W,58846,PAY,+,US,2024-01-24,AFWTR,,93.85,53.16,463,462,,,EA,ORB
STARLINK-31262,2024-017X,58847,PAY,+,US,2024-01-24,AFWTR,,93.85,53.16,464,462,,,EA,ORB
OBJECT A,2024-018A,58849,PAY,+,IRAN,2024-01-28,SEMLS,,100.02,58.69,1066,453,,,EA,ORB
OBJECT B,2024-018B,58850,PAY,+,IRAN,2024-01-28,SEMLS,,99.71,58.70,1038,451,,,EA,ORB
OBJECT C,2024-018C,58851,PAY,+,IRAN,2024-01-28,SEMLS,,99.91,58.69,1055,453,,,EA,ORB
OBJECT D,2024-018D,58852,R/B,,IRAN,2024-01-28,SEMLS,,98.77,58.67,953,446,,,EA,ORB
STARLINK-31238,2024-019A,58853,PAY,+,US,2024-01-29,AFETR,,94.27,43.01,484,482,,,EA,ORB
STARLINK-31158,2024-019B,58854,PAY,+,US,2024-01-29,AFETR,,94.27,43.00,484,482,,,EA,ORB
STARLINK-31237,2024-019C,58855,PAY,+,US,2024-01-29,AFETR,,94.27,43.01,484,482,,,EA,ORB
STARLINK-31244,2024-019D,58856,PAY,+,US,2024-01-29,AFETR,,94.27,43.00,484,482,,,EA,ORB
STARLINK-31216,2024-019E,58857,PAY,D,US,2024-01-29,AFETR,2025-10-06,88.96,42.99,226,221,,,EA,IMP
STARLINK-31226,2024-019F,58858,PAY,+,US,2024-01-29,AFETR,,94.27,43.00,484,482,,,EA,ORB
STARLINK-31197,2024-019G,58859,PAY,+,US,2024-01-29,AFETR,,94.27,43.00,484,482,,,EA,ORB
STARLINK-31213,2024-019H,58860,PAY,+,US,2024-01-29,AFETR,,94.27,43.00,484,482,,,EA,ORB
STARLINK-31199,2024-019J,58861,PAY,+,US,2024-01-29,AFETR,,94.27,43.00,484,482,,,EA,ORB
STARLINK-31200,2024-019K,58862,PAY,+,US,2024-01-29,AFETR,,94.27,43.00,484,482,,,EA,ORB
STARLINK-31149,2024-019L,58863,PAY,+,US,2024-01-29,AFETR,,94.27,43.00,484,482,,,EA,ORB
STARLINK-31242,2024-019M,58864,PAY,+,US,2024-01-29,AFETR,,94.27,43.00,484,482,,,EA,ORB
STARLINK-31223,2024-019N,58865,PAY,+,US,2024-01-29,AFETR,,94.27,43.00,484,482,,,EA,ORB
STARLINK-31219,2024-019P,58866,PAY,+,US,2024-01-29,AFETR,,94.27,43.01,484,482,,,EA,ORB
STARLINK-31198,2024-019Q,58867,PAY,+,US,2024-01-29,AFETR,,94.27,43.00,484,482,,,EA,ORB
STARLINK-31196,2024-019R,58868,PAY,+,US,2024-01-29,AFETR,,94.27,43.00,484,482,,,EA,ORB
STARLINK-31203,2024-019S,58869,PAY,+,US,2024-01-29,AFETR,,94.27,43.00,484,482,,,EA,ORB
STARLINK-31201,2024-019T,58870,PAY,+,US,2024-01-29,AFETR,,94.27,43.00,484,482,,,EA,ORB
STARLINK-31214,2024-019U,58871,PAY,+,US,2024-01-29,AFETR,,94.27,43.01,484,482,,,EA,ORB
STARLINK-31215,2024-019V,58872,PAY,+,US,2024-01-29,AFETR,,94.27,43.01,484,482,,,EA,ORB
STARLINK-31177,2024-019W,58873,PAY,+,US,2024-01-29,AFETR,,94.27,43.01,484,482,,,EA,ORB
STARLINK-30945,2024-019X,58874,PAY,+,US,2024-01-29,AFETR,,94.27,43.00,485,482,,,EA,ORB
STARLINK-31212,2024-019Y,58875,PAY,+,US,2024-01-29,AFETR,,94.27,43.01,484,482,,,EA,ORB
STARLINK-31306,2024-020A,58876,PAY,+,US,2024-01-29,AFWTR,,93.85,53.16,464,462,,,EA,ORB
STARLINK-31326,2024-020B,58877,PAY,+,US,2024-01-29,AFWTR,,94.01,53.16,472,470,,,EA,ORB
STARLINK-31300,2024-020C,58878,PAY,+,US,2024-01-29,AFWTR,,93.85,53.16,464,462,,,EA,ORB
STARLINK-31296,2024-020D,58879,PAY,+,US,2024-01-29,AFWTR,,93.85,53.16,464,462,,,EA,ORB
STARLINK-31328,2024-020E,58880,PAY,+,US,2024-01-29,AFWTR,,93.90,53.16,466,464,,,EA,ORB
STARLINK-31260,2024-020F,58881,PAY,+,US,2024-01-29,AFWTR,,93.85,53.16,464,462,,,EA,ORB
STARLINK-31323,2024-020G,58882,PAY,+,US,2024-01-29,AFWTR,,93.85,53.16,463,462,,,EA,ORB
STARLINK-31209,2024-020H,58883,PAY,+,US,2024-01-29,AFWTR,,93.85,53.16,464,462,,,EA,ORB
STARLINK-31315,2024-020J,58884,PAY,+,US,2024-01-29,AFWTR,,93.85,53.16,463,462,,,EA,ORB
STARLINK-31318,2024-020K,58885,PAY,+,US,2024-01-29,AFWTR,,94.01,53.16,471,470,,,EA,ORB
STARLINK-31320,2024-020L,58886,PAY,+,US,2024-01-29,AFWTR,,93.85,53.16,464,462,,,EA,ORB
STARLINK-31321,2024-020M,58887,PAY,+,US,2024-01-29,AFWTR,,93.85,53.16,464,462,,,EA,ORB
STARLINK-30970,2024-020N,58888,PAY,D,US,2024-01-29,AFWTR,2024-09-09,90.81,53.14,330,299,,,EA,IMP
STARLINK-31007,2024-020P,58889,PAY,+,US,2024-01-29,AFWTR,,93.85,53.16,464,462,,,EA,ORB
STARLINK-31230,2024-020Q,58890,PAY,+,US,2024-01-29,AFWTR,,93.85,53.16,464,462,,,EA,ORB
STARLINK-31245,2024-020R,58891,PAY,+,US,2024-01-29,AFWTR,,93.85,53.16,464,462,,,EA,ORB
STARLINK-31254,2024-020S,58892,PAY,D,US,2024-01-29,AFWTR,2026-01-19,88.34,53.12,196,188,,,EA,IMP
STARLINK-31255,2024-020T,58893,PAY,+,US,2024-01-29,AFWTR,,93.85,53.16,464,462,,,EA,ORB
STARLINK-31243,2024-020U,58894,PAY,+,US,2024-01-29,AFWTR,,94.01,53.16,471,470,,,EA,ORB
STARLINK-31218,2024-020V,58895,PAY,+,US,2024-01-29,AFWTR,,94.01,53.16,471,470,,,EA,ORB
STARLINK-31221,2024-020W,58896,PAY,D,US,2024-01-29,AFWTR,2025-10-08,88.57,53.12,205,203,,,EA,IMP
STARLINK-31190,2024-020X,58897,PAY,+,US,2024-01-29,AFWTR,,94.01,53.16,471,470,,,EA,ORB
CYGNUS NG-20,2024-021A,58898,PAY,D,US,2024-01-30,AFETR,2024-07-13,92.96,51.63,427,412,,,AS,IMP
LEMUR-2-NIMBUS2000,2024-022A,58899,PAY,+,US,2024-01-31,RLLB,,93.36,97.40,444,434,,,EA,ORB
LEMUR-2-VALHALLA,2024-022B,58900,PAY,+,US,2024-01-31,RLLB,,93.42,97.40,447,437,,,EA,ORB
ELECTRON KICK STAGE R/B,2024-022C,58901,R/B,,US,2024-01-31,RLLB,,92.11,97.39,381,375,,,EA,ORB
LEMUR-2-OBA-NI-JESU,2024-022D,58902,PAY,D,US,2024-01-31,RLLB,2026-06-13,87.98,97.36,180,168,,,EA,IMP
LEMUR-2-CAEL,2024-022E,58903,PAY,+,US,2024-01-31,RLLB,,93.33,97.40,442,433,,,EA,ORB
ELECTRON R/B,2024-022F,58904,R/B,D,US,2024-01-31,RLLB,2024-02-08,87.57,97.46,179,130,,,EA,IMP
GEESAT-2 01,2024-023A,58905,PAY,+,PRC,2024-02-02,XICLF,,97.07,50.00,622,615,,,EA,ORB
GEESAT-2 02,2024-023B,58906,PAY,+,PRC,2024-02-02,XICLF,,97.07,50.00,629,608,,,EA,ORB
GEESAT-2 03,2024-023C,58907,PAY,+,PRC,2024-02-02,XICLF,,96.17,50.00,579,571,,,EA,ORB
GEESAT-2 04,2024-023D,58908,PAY,+,PRC,2024-02-02,XICLF,,96.17,49.99,579,571,,,EA,ORB
GEESAT-2 05,2024-023E,58909,PAY,+,PRC,2024-02-02,XICLF,,97.07,50.01,626,611,,,EA,ORB
GEESAT-2 06,2024-023F,58910,PAY,+,PRC,2024-02-02,XICLF,,95.70,49.99,557,548,,,EA,ORB
GEESAT-2 07,2024-023G,58911,PAY,+,PRC,2024-02-02,XICLF,,97.07,50.01,626,612,,,EA,ORB
GEESAT-2 08,2024-023H,58912,PAY,+,PRC,2024-02-02,XICLF,,97.07,49.99,621,616,,,EA,ORB
GEESAT-2 09,2024-023J,58913,PAY,+,PRC,2024-02-02,XICLF,,97.08,50.00,634,604,,,EA,ORB
GEESAT-2 10,2024-023K,58914,PAY,+,PRC,2024-02-02,XICLF,,97.07,49.99,625,612,,,EA,ORB
GEESAT-2 11,2024-023L,58915,PAY,+,PRC,2024-02-02,XICLF,,97.07,50.00,632,605,,,EA,ORB
CZ-2C R/B,2024-023M,58916,R/B,,PRC,2024-02-02,XICLF,,97.86,49.90,723,590,,,EA,ORB
DONGFANG HUIYAN GAOFEN-01,2024-024A,58917,PAY,D,PRC,2024-02-03,SCSLA,2025-05-08,88.24,97.32,197,178,,,EA,IMP
XINGSHIDAI 20,2024-024B,58918,PAY,+,PRC,2024-02-03,SCSLA,,94.67,97.30,513,493,,,EA,ORB
WEIHAI-1 01,2024-024C,58919,PAY,D,PRC,2024-02-03,SCSLA,2026-07-14,87.78,97.29,177,152,,,EA,IMP
OBJECT D,2024-024D,58920,PAY,D,PRC,2024-02-03,SCSLA,2025-08-29,87.75,97.31,171,156,,,EA,IMP
NEXSAT-1,2024-024E,58921,PAY,+,EGYP,2024-02-03,SCSLA,,93.85,97.30,468,458,,,EA,ORB
OBJECT F,2024-024F,58922,PAY,+,PRC,2024-02-03,SCSLA,,94.54,97.30,505,488,,,EA,ORB
OBJECT G,2024-024G,58923,PAY,D,PRC,2024-02-03,SCSLA,2026-04-21,87.89,97.29,180,160,,,EA,IMP
XINGSHIDAI 19 (SCA-1),2024-024H,58924,PAY,D,PRC,2024-02-03,SCSLA,2025-07-18,87.99,97.32,184,165,,,EA,IMP
OBJECT J,2024-024J,58925,PAY,+,PRC,2024-02-03,SCSLA,,90.01,97.30,279,271,,,EA,ORB
OBJECT K,2024-024K,58926,UNK,D,PRC,2024-02-03,SCSLA,2024-03-17,87.14,97.37,146,119,,,EA,IMP
OBJECT L,2024-024L,58927,UNK,,PRC,2024-02-03,SCSLA,,93.85,97.30,465,461,,,EA,ORB
PACE,2024-025A,58928,PAY,+,US,2024-02-08,AFETR,,98.25,98.09,677,673,,,EA,ORB
COSMOS 2575,2024-026A,58929,PAY,+,CIS,2024-02-09,PLMSC,,91.41,96.61,345,342,,,EA,ORB
SL-4 R/B,2024-026B,58930,R/B,D,CIS,2024-02-09,PLMSC,2024-06-10,86.86,96.73,126,112,,,EA,IMP
STARLINK-31317,2024-027A,58931,PAY,+,US,2024-02-10,AFWTR,,93.85,53.16,463,462,,,EA,ORB
STARLINK-31378,2024-027B,58932,PAY,+,US,2024-02-10,AFWTR,,94.01,53.16,471,470,,,EA,ORB
STARLINK-31350,2024-027C,58933,PAY,+,US,2024-02-10,AFWTR,,93.85,53.16,463,462,,,EA,ORB
STARLINK-31337,2024-027D,58934,PAY,+,US,2024-02-10,AFWTR,,93.85,53.16,465,461,,,EA,ORB
STARLINK-31362,2024-027E,58935,PAY,+,US,2024-02-10,AFWTR,,93.85,53.16,464,462,,,EA,ORB
STARLINK-31383,2024-027F,58936,PAY,+,US,2024-02-10,AFWTR,,93.85,53.16,464,462,,,EA,ORB
STARLINK-31390,2024-027G,58937,PAY,+,US,2024-02-10,AFWTR,,93.85,53.16,463,462,,,EA,ORB
STARLINK-31377,2024-027H,58938,PAY,+,US,2024-02-10,AFWTR,,93.85,53.16,464,462,,,EA,ORB
STARLINK-31372,2024-027J,58939,PAY,+,US,2024-02-10,AFWTR,,93.87,53.16,464,463,,,EA,ORB
STARLINK-31371,2024-027K,58940,PAY,+,US,2024-02-10,AFWTR,,93.90,53.16,466,464,,,EA,ORB
STARLINK-31345,2024-027L,58941,PAY,+,US,2024-02-10,AFWTR,,93.85,53.16,464,462,,,EA,ORB
STARLINK-31354,2024-027M,58942,PAY,+,US,2024-02-10,AFWTR,,94.01,53.16,471,470,,,EA,ORB
STARLINK-31346,2024-027N,58943,PAY,+,US,2024-02-10,AFWTR,,93.90,53.16,466,464,,,EA,ORB
STARLINK-31336,2024-027P,58944,PAY,+,US,2024-02-10,AFWTR,,93.85,53.16,464,462,,,EA,ORB
STARLINK-31359,2024-027Q,58945,PAY,+,US,2024-02-10,AFWTR,,93.85,53.16,464,462,,,EA,ORB
STARLINK-31331,2024-027R,58946,PAY,+,US,2024-02-10,AFWTR,,94.01,53.16,471,470,,,EA,ORB
STARLINK-31116,2024-027S,58947,PAY,+,US,2024-02-10,AFWTR,,94.01,53.16,472,470,,,EA,ORB
STARLINK-31311,2024-027T,58948,PAY,+,US,2024-02-10,AFWTR,,93.85,53.16,463,462,,,EA,ORB
STARLINK-31294,2024-027U,58949,PAY,+,US,2024-02-10,AFWTR,,93.85,53.16,464,462,,,EA,ORB
STARLINK-31287,2024-027V,58950,PAY,D,US,2024-02-10,AFWTR,2024-03-04,87.52,53.15,153,150,,,EA,IMP
STARLINK-31330,2024-027W,58951,PAY,+,US,2024-02-10,AFWTR,,93.85,53.16,463,462,,,EA,ORB
STARLINK-31293,2024-027X,58952,PAY,+,US,2024-02-10,AFWTR,,94.01,53.16,472,470,,,EA,ORB
AXIOM-3 DEB,2024-014B,58953,DEB,D,US,2024-01-18,AFETR,2024-02-26,87.49,51.26,160,141,,,EA,IMP
HBTSS-SV2,2024-028A,58955,PAY,+,US,2024-02-14,AFETR,,105.07,39.99,1013,983,,,EA,ORB
RAPTOR4,2024-028B,58956,PAY,+,US,2024-02-14,AFETR,,104.82,39.99,997,975,,,EA,ORB
RAPTOR1,2024-028C,58957,PAY,+,US,2024-02-14,AFETR,,104.78,39.99,994,975,,,EA,ORB
RAPTOR3,2024-028D,58958,PAY,+,US,2024-02-14,AFETR,,105.07,39.99,1007,989,,,EA,ORB
RAPTOR2,2024-028E,58959,PAY,+,US,2024-02-14,AFETR,,105.07,39.99,1007,989,,,EA,ORB
HBTSS-SV1,2024-028F,58960,PAY,+,US,2024-02-14,AFETR,,95.92,39.99,571,555,,,EA,ORB
PROGRESS-MS 26,2024-029A,58961,PAY,D,CIS,2024-02-15,TYMSC,2024-08-13,92.95,51.64,424,414,,,EA,IMP
SL-4 R/B,2024-029B,58962,R/B,D,CIS,2024-02-15,TYMSC,2024-02-17,87.63,51.65,162,152,,,EA,IMP
IM-1 (ODYSSEUS),2024-030A,58963,PAY,D,US,2024-02-15,AFETR,2024-02-22,,,,,,,MO,LAN
FALCON 9 R/B,2024-030B,58964,R/B,,US,2024-02-15,AFETR,,,,,,,,SS,ORB
STARLINK-31373,2024-031A,58965,PAY,+,US,2024-02-15,AFWTR,,93.85,53.16,464,462,,,EA,ORB
STARLINK-31449,2024-031B,58966,PAY,+,US,2024-02-15,AFWTR,,93.85,53.16,464,462,,,EA,ORB
STARLINK-31314,2024-031C,58967,PAY,+,US,2024-02-15,AFWTR,,93.85,53.16,464,462,,,EA,ORB
STARLINK-31356,2024-031D,58968,PAY,+,US,2024-02-15,AFWTR,,93.85,53.16,464,462,,,EA,ORB
STARLINK-31335,2024-031E,58969,PAY,+,US,2024-02-15,AFWTR,,93.85,53.16,464,462,,,EA,ORB
STARLINK-31368,2024-031F,58970,PAY,+,US,2024-02-15,AFWTR,,93.85,53.16,464,462,,,EA,ORB
STARLINK-31333,2024-031G,58971,PAY,+,US,2024-02-15,AFWTR,,93.85,53.16,464,462,,,EA,ORB
STARLINK-31351,2024-031H,58972,PAY,+,US,2024-02-15,AFWTR,,93.85,53.16,463,462,,,EA,ORB
STARLINK-31365,2024-031J,58973,PAY,+,US,2024-02-15,AFWTR,,93.85,53.16,463,462,,,EA,ORB
STARLINK-31361,2024-031K,58974,PAY,+,US,2024-02-15,AFWTR,,93.85,53.16,464,462,,,EA,ORB
STARLINK-31369,2024-031L,58975,PAY,+,US,2024-02-15,AFWTR,,93.85,53.16,464,462,,,EA,ORB
STARLINK-31324,2024-031M,58976,PAY,+,US,2024-02-15,AFWTR,,93.85,53.16,464,462,,,EA,ORB
STARLINK-31358,2024-031N,58977,PAY,+,US,2024-02-15,AFWTR,,93.85,53.16,463,462,,,EA,ORB
STARLINK-31355,2024-031P,58978,PAY,+,US,2024-02-15,AFWTR,,93.85,53.16,464,462,,,EA,ORB
STARLINK-31380,2024-031Q,58979,PAY,+,US,2024-02-15,AFWTR,,93.85,53.16,463,462,,,EA,ORB
STARLINK-31353,2024-031R,58980,PAY,+,US,2024-02-15,AFWTR,,93.85,53.16,463,462,,,EA,ORB
STARLINK-31339,2024-031S,58981,PAY,+,US,2024-02-15,AFWTR,,93.85,53.16,463,462,,,EA,ORB
STARLINK-31360,2024-031T,58982,PAY,D,US,2024-02-15,AFWTR,2025-02-08,88.60,53.13,213,197,,,EA,IMP
STARLINK-31384,2024-031U,58983,PAY,+,US,2024-02-15,AFWTR,,93.85,53.16,464,462,,,EA,ORB
STARLINK-31379,2024-031V,58984,PAY,+,US,2024-02-15,AFWTR,,93.85,53.16,463,462,,,EA,ORB
STARLINK-31385,2024-031W,58985,PAY,+,US,2024-02-15,AFWTR,,93.85,53.16,463,462,,,EA,ORB
STARLINK-31229,2024-031X,58986,PAY,+,US,2024-02-15,AFWTR,,93.85,53.16,464,462,,,EA,ORB
CE-SAT-IE,2024-032A,58987,PAY,+,JPN,2024-02-17,TANSC,,98.07,97.99,668,665,,,EA,ORB
VEP-4,2024-032B,58988,PAY,+,JPN,2024-02-17,TANSC,,98.16,98.12,672,670,,,EA,ORB
TIRSAT,2024-032C,58989,PAY,+,JPN,2024-02-17,TANSC,,97.79,97.99,655,650,,,EA,ORB
INSAT-3DS,2024-033A,58990,PAY,+,IND,2024-02-17,SRILR,,1436.08,0.09,35792,35781,,,EA,ORB
GSLV R/B,2024-033B,58991,R/B,,IND,2024-02-17,SRILR,,345.64,19.32,19708,165,,,EA,ORB
ADRAS-J,2024-034A,58992,PAY,+,JPN,2024-02-18,RLLB,,92.36,98.21,474,306,,,EA,ORB
ELECTRON KICK STAGE R/B,2024-034B,58993,R/B,,US,2024-02-18,RLLB,,90.63,98.16,312,299,,,EA,ORB
ELECTRON R/B,2024-034C,58994,R/B,D,US,2024-02-18,RLLB,2024-03-06,87.13,98.20,148,116,,,EA,IMP
MERAH PUTIH 2,2024-035A,58995,PAY,+,INDO,2024-02-20,AFETR,,1436.07,0.01,35792,35781,,,EA,ORB
FALCON 9 R/B,2024-035B,58996,R/B,,US,2024-02-20,AFETR,,1024.19,20.65,54207,352,,,EA,ORB
STARLINK-31468,2024-036A,58998,PAY,+,US,2024-02-23,AFWTR,,93.85,53.16,464,461,,,EA,ORB
STARLINK-31440,2024-036B,58999,PAY,+,US,2024-02-23,AFWTR,,93.85,53.16,463,462,,,EA,ORB
STARLINK-31529,2024-036C,59000,PAY,+,US,2024-02-23,AFWTR,,93.85,53.16,464,462,,,EA,ORB
STARLINK-31525,2024-036D,59001,PAY,D,US,2024-02-23,AFWTR,2024-06-01,88.01,53.12,180,172,,,EA,IMP
STARLINK-31431,2024-036E,59002,PAY,+,US,2024-02-23,AFWTR,,94.01,53.16,472,470,,,EA,ORB
STARLINK-31429,2024-036F,59003,PAY,D,US,2024-02-23,AFWTR,2024-10-27,88.46,53.12,203,194,,,EA,IMP
STARLINK-31435,2024-036G,59004,PAY,+,US,2024-02-23,AFWTR,,93.85,53.16,464,462,,,EA,ORB
STARLINK-31484,2024-036H,59005,PAY,+,US,2024-02-23,AFWTR,,93.85,53.16,464,461,,,EA,ORB
STARLINK-31450,2024-036J,59006,PAY,+,US,2024-02-23,AFWTR,,93.85,53.16,464,462,,,EA,ORB
STARLINK-31456,2024-036K,59007,PAY,+,US,2024-02-23,AFWTR,,93.85,53.16,464,462,,,EA,ORB
STARLINK-31460,2024-036L,59008,PAY,+,US,2024-02-23,AFWTR,,93.85,53.16,464,462,,,EA,ORB
STARLINK-31488,2024-036M,59009,PAY,+,US,2024-02-23,AFWTR,,93.85,53.16,463,462,,,EA,ORB
STARLINK-31528,2024-036N,59010,PAY,+,US,2024-02-23,AFWTR,,93.85,53.16,463,462,,,EA,ORB
STARLINK-31491,2024-036P,59011,PAY,+,US,2024-02-23,AFWTR,,93.85,53.16,464,462,,,EA,ORB
STARLINK-31465,2024-036Q,59012,PAY,+,US,2024-02-23,AFWTR,,94.01,53.16,472,470,,,EA,ORB
STARLINK-31389,2024-036R,59013,PAY,+,US,2024-02-23,AFWTR,,94.01,53.16,472,470,,,EA,ORB
STARLINK-31454,2024-036S,59014,PAY,+,US,2024-02-23,AFWTR,,94.01,53.16,472,470,,,EA,ORB
STARLINK-31521,2024-036T,59015,PAY,+,US,2024-02-23,AFWTR,,94.01,53.16,471,470,,,EA,ORB
STARLINK-31526,2024-036U,59016,PAY,+,US,2024-02-23,AFWTR,,94.01,53.16,472,470,,,EA,ORB
STARLINK-31406,2024-036V,59017,PAY,+,US,2024-02-23,AFWTR,,93.85,53.16,464,462,,,EA,ORB
STARLINK-31527,2024-036W,59018,PAY,+,US,2024-02-23,AFWTR,,93.85,53.16,464,462,,,EA,ORB
STARLINK-31436,2024-036X,59019,PAY,+,US,2024-02-23,AFWTR,,93.85,53.16,464,462,,,EA,ORB
TJS-11,2024-037A,59020,PAY,+,PRC,2024-02-23,WSC,,1436.16,4.12,35796,35780,,,EA,ORB
CZ-5 R/B,2024-037B,59021,R/B,,PRC,2024-02-23,WSC,,552.15,16.35,31593,240,,,EA,ORB
STARLINK-30996,2024-038A,59023,PAY,+,US,2024-02-25,AFETR,,94.27,43.00,484,482,,,EA,ORB
STARLINK-31006,2024-038B,59024,PAY,+,US,2024-02-25,AFETR,,94.27,43.00,484,482,,,EA,ORB
STARLINK-31178,2024-038C,59025,PAY,+,US,2024-02-25,AFETR,,94.27,43.00,484,482,,,EA,ORB
STARLINK-31227,2024-038D,59026,PAY,D,US,2024-02-25,AFETR,2026-01-28,88.77,42.99,218,210,,,EA,IMP
STARLINK-30863,2024-038E,59027,PAY,+,US,2024-02-25,AFETR,,94.27,43.00,483,483,,,EA,ORB
STARLINK-31206,2024-038F,59028,PAY,+,US,2024-02-25,AFETR,,94.27,43.00,484,482,,,EA,ORB
STARLINK-31224,2024-038G,59029,PAY,+,US,2024-02-25,AFETR,,94.27,43.00,484,482,,,EA,ORB
STARLINK-31186,2024-038H,59030,PAY,+,US,2024-02-25,AFETR,,94.27,43.00,484,482,,,EA,ORB
STARLINK-31211,2024-038J,59031,PAY,+,US,2024-02-25,AFETR,,94.27,43.00,484,483,,,EA,ORB
STARLINK-30862,2024-038K,59032,PAY,+,US,2024-02-25,AFETR,,94.27,43.00,484,483,,,EA,ORB
STARLINK-31210,2024-038L,59033,PAY,+,US,2024-02-25,AFETR,,94.27,43.00,484,482,,,EA,ORB
STARLINK-31231,2024-038M,59034,PAY,+,US,2024-02-25,AFETR,,94.27,43.00,484,482,,,EA,ORB
STARLINK-31207,2024-038N,59035,PAY,+,US,2024-02-25,AFETR,,94.27,43.00,484,482,,,EA,ORB
STARLINK-31217,2024-038P,59036,PAY,+,US,2024-02-25,AFETR,,94.27,43.00,484,482,,,EA,ORB
STARLINK-31208,2024-038Q,59037,PAY,+,US,2024-02-25,AFETR,,94.27,43.00,484,483,,,EA,ORB
STARLINK-31235,2024-038R,59038,PAY,+,US,2024-02-25,AFETR,,94.27,43.00,484,482,,,EA,ORB
STARLINK-31220,2024-038S,59039,PAY,+,US,2024-02-25,AFETR,,94.27,43.00,484,482,,,EA,ORB
STARLINK-31225,2024-038T,59040,PAY,+,US,2024-02-25,AFETR,,94.27,43.00,484,482,,,EA,ORB
STARLINK-31240,2024-038U,59041,PAY,+,US,2024-02-25,AFETR,,94.27,43.00,484,482,,,EA,ORB
STARLINK-31202,2024-038V,59042,PAY,+,US,2024-02-25,AFETR,,94.03,43.00,475,468,,,EA,ORB
STARLINK-31234,2024-038W,59043,PAY,+,US,2024-02-25,AFETR,,94.27,43.00,484,482,,,EA,ORB
STARLINK-31153,2024-038X,59044,PAY,+,US,2024-02-25,AFETR,,94.27,43.00,484,482,,,EA,ORB
STARLINK-31241,2024-038Y,59045,PAY,+,US,2024-02-25,AFETR,,94.27,43.00,484,482,,,EA,ORB
STARLINK-31205,2024-038Z,59046,PAY,+,US,2024-02-25,AFETR,,94.27,43.00,484,482,,,EA,ORB
METEOR-M2 4,2024-039A,59051,PAY,+,CIS,2024-02-29,VOSTO,,101.23,98.71,822,812,,,EA,ORB
SITRO-AIS 29,2024-039B,59052,PAY,D,CIS,2024-02-29,VOSTO,2025-05-07,88.15,97.39,188,178,,,EA,IMP
SITRO-AIS 30,2024-039C,59053,PAY,D,CIS,2024-02-29,VOSTO,2025-05-14,87.53,97.39,159,146,,,EA,IMP
SITRO-AIS 31,2024-039D,59054,PAY,D,CIS,2024-02-29,VOSTO,2025-05-09,87.46,97.40,155,142,,,EA,IMP
SITRO-AIS 33,2024-039E,59055,PAY,D,CIS,2024-02-29,VOSTO,2025-05-08,87.63,97.39,164,151,,,EA,IMP
SITRO-AIS 35,2024-039F,59056,PAY,D,CIS,2024-02-29,VOSTO,2025-05-07,88.06,97.39,184,173,,,EA,IMP
SITRO-AIS 32,2024-039G,59057,PAY,D,CIS,2024-02-29,VOSTO,2025-05-12,87.87,97.40,175,163,,,EA,IMP
SITRO-AIS 34,2024-039H,59058,PAY,D,CIS,2024-02-29,VOSTO,2025-05-08,87.85,97.40,174,162,,,EA,IMP
SITRO-AIS 36,2024-039J,59059,PAY,D,CIS,2024-02-29,VOSTO,2025-05-10,87.44,97.38,154,142,,,EA,IMP
SITRO-AIS 49,2024-039K,59060,PAY,D,CIS,2024-02-29,VOSTO,2025-05-13,87.30,97.39,148,133,,,EA,IMP
SITRO-AIS 50,2024-039L,59061,PAY,D,CIS,2024-02-29,VOSTO,2025-05-04,87.67,97.38,165,153,,,EA,IMP
SITRO-AIS 51,2024-039M,59062,PAY,D,CIS,2024-02-29,VOSTO,2025-05-03,87.34,97.40,149,136,,,EA,IMP
SITRO-AIS 52,2024-039N,59063,PAY,D,CIS,2024-02-29,VOSTO,2025-05-03,87.39,97.39,152,138,,,EA,IMP
ZORKIY-2M 2,2024-039P,59064,PAY,D,CIS,2024-02-29,VOSTO,2026-01-02,87.61,97.41,161,151,,,EA,IMP
PARS 1,2024-039Q,59065,PAY,+,IRAN,2024-02-29,VOSTO,,93.09,97.49,431,421,,,EA,ORB
SITRO-AIS 25,2024-039R,59066,PAY,+,CIS,2024-02-29,VOSTO,,96.39,95.39,688,484,,,EA,ORB
SITRO-AIS 26,2024-039S,59067,PAY,+,CIS,2024-02-29,VOSTO,,96.41,95.39,688,485,,,EA,ORB
SITRO-AIS 27,2024-039T,59068,PAY,+,CIS,2024-02-29,VOSTO,,96.38,95.39,686,484,,,EA,ORB
HULIANWAN GAOGUI-01 (HG-01),2024-040A,59069,PAY,+,PRC,2024-02-29,XICLF,,1436.11,0.08,35795,35779,,,EA,ORB
CZ-3B R/B,2024-040B,59070,R/B,,PRC,2024-02-29,XICLF,,388.47,27.24,22361,155,,,EA,ORB
SITRO-AIS 28,2024-039U,59071,PAY,+,CIS,2024-02-29,VOSTO,,96.38,95.39,686,484,,,EA,ORB
MARAFON-D GVM,2024-039V,59072,PAY,+,CIS,2024-02-29,VOSTO,,99.58,88.98,752,725,,,EA,ORB
FREGAT R/B,2024-039W,59073,R/B,,CIS,2024-02-29,VOSTO,,99.40,88.98,756,704,,,EA,ORB
STARLINK-31265,2024-041A,59074,PAY,+,US,2024-02-29,AFETR,,94.27,43.01,485,481,,,EA,ORB
STARLINK-31276,2024-041B,59075,PAY,+,US,2024-02-29,AFETR,,94.27,43.00,484,482,,,EA,ORB
STARLINK-31259,2024-041C,59076,PAY,+,US,2024-02-29,AFETR,,94.27,43.00,484,483,,,EA,ORB
STARLINK-31281,2024-041D,59077,PAY,+,US,2024-02-29,AFETR,,94.27,43.00,484,482,,,EA,ORB
STARLINK-31274,2024-041E,59078,PAY,+,US,2024-02-29,AFETR,,94.27,43.01,485,482,,,EA,ORB
STARLINK-31257,2024-041F,59079,PAY,+,US,2024-02-29,AFETR,,94.27,43.00,484,482,,,EA,ORB
STARLINK-31299,2024-041G,59080,PAY,D,US,2024-02-29,AFETR,2026-03-27,88.18,42.97,192,176,,,EA,IMP
STARLINK-31292,2024-041H,59081,PAY,+,US,2024-02-29,AFETR,,94.28,43.00,484,483,,,EA,ORB
STARLINK-31286,2024-041J,59082,PAY,+,US,2024-02-29,AFETR,,94.27,43.00,485,482,,,EA,ORB
STARLINK-31252,2024-041K,59083,PAY,+,US,2024-02-29,AFETR,,94.27,43.00,484,482,,,EA,ORB
STARLINK-31261,2024-041L,59084,PAY,+,US,2024-02-29,AFETR,,94.27,43.00,484,482,,,EA,ORB
STARLINK-31290,2024-041M,59085,PAY,+,US,2024-02-29,AFETR,,94.27,43.00,483,483,,,EA,ORB
STARLINK-31279,2024-041N,59086,PAY,+,US,2024-02-29,AFETR,,94.27,43.00,484,482,,,EA,ORB
STARLINK-31266,2024-041P,59087,PAY,+,US,2024-02-29,AFETR,,94.27,43.00,484,482,,,EA,ORB
STARLINK-31313,2024-041Q,59088,PAY,+,US,2024-02-29,AFETR,,94.27,43.01,485,481,,,EA,ORB
STARLINK-31307,2024-041R,59089,PAY,+,US,2024-02-29,AFETR,,94.27,43.00,484,483,,,EA,ORB
STARLINK-31316,2024-041S,59090,PAY,+,US,2024-02-29,AFETR,,94.27,43.00,484,482,,,EA,ORB
STARLINK-31352,2024-041T,59091,PAY,D,US,2024-02-29,AFETR,2024-04-05,88.72,42.99,218,205,,,EA,IMP
STARLINK-31310,2024-041U,59092,PAY,+,US,2024-02-29,AFETR,,94.27,43.00,484,482,,,EA,ORB
STARLINK-31343,2024-041V,59093,PAY,+,US,2024-02-29,AFETR,,94.27,43.00,484,482,,,EA,ORB
STARLINK-31302,2024-041W,59094,PAY,D,US,2024-02-29,AFETR,2024-08-31,88.04,42.96,184,171,,,EA,IMP
STARLINK-31295,2024-041X,59095,PAY,+,US,2024-02-29,AFETR,,94.27,43.01,484,482,,,EA,ORB
STARLINK-31291,2024-041Y,59096,PAY,+,US,2024-02-29,AFETR,,94.27,43.00,484,482,,,EA,ORB
CREW DRAGON 8,2024-042A,59097,PAY,D,US,2024-03-04,AFETR,2024-10-25,92.89,51.64,422,410,,,EA,LAN
HORACIO,2024-043A,59098,PAY,+,SPN,2024-03-04,AFWTR,,96.08,97.86,579,562,,,EA,ORB
MUSAT-2,2024-043B,59099,PAY,+,US,2024-03-04,AFWTR,,95.41,97.87,544,532,,,EA,ORB
ICEYE-X38,2024-043C,59100,PAY,+,FIN,2024-03-04,AFWTR,,95.15,97.85,527,524,,,EA,ORB
METHANESAT,2024-043D,59101,PAY,-,US,2024-03-04,AFWTR,,96.11,97.85,580,564,,,EA,ORB
ICEYE-X37,2024-043E,59102,PAY,+,US,2024-03-04,AFWTR,,95.58,97.84,558,536,,,EA,ORB
ICEYE-X36,2024-043F,59103,PAY,+,US,2024-03-04,AFWTR,,95.52,97.85,549,539,,,EA,ORB
PE2_FLT2  (TYVAK-0262),2024-043G,59104,PAY,+,US,2024-03-04,AFWTR,,96.16,97.85,579,571,,,EA,ORB
PE2_FLT1 (TYVAK-0261),2024-043H,59105,PAY,+,US,2024-03-04,AFWTR,,96.16,97.85,579,571,,,EA,ORB
RROCI-2,2024-043J,59106,PAY,+,US,2024-03-04,AFWTR,,95.99,97.85,576,556,,,EA,ORB
BRO-13,2024-043K,59107,PAY,+,FR,2024-03-04,AFWTR,,96.21,97.86,584,570,,,EA,ORB
BRO-12,2024-043L,59108,PAY,+,FR,2024-03-04,AFWTR,,96.19,97.86,583,570,,,EA,ORB
TRANSPORTER-10 OBJECT M,2024-043M,59109,PAY,D,TBD,2024-03-04,AFWTR,2024-12-17,87.53,97.44,160,143,,,EA,IMP
IRIS-F1,2024-043N,59110,PAY,D,ROC,2024-03-04,AFWTR,2025-11-18,87.90,97.49,178,164,,,EA,IMP
TRANSPORTER-10 OBJECT P,2024-043P,59111,PAY,D,TBD,2024-03-04,AFWTR,2025-12-28,87.41,97.49,152,141,,,EA,IMP
SONATE-2,2024-043Q,59112,PAY,+,GER,2024-03-04,AFWTR,,92.09,97.56,380,374,,,EA,ORB
TRANSPORTER-10 OBJECT R,2024-043R,59113,PAY,D,TBD,2024-03-04,AFWTR,2025-12-24,88.97,97.49,228,220,,,EA,IMP
TRANSPORTER-10 OBJECT S,2024-043S,59114,PAY,D,TBD,2024-03-04,AFWTR,2025-10-13,87.48,97.49,157,143,,,EA,IMP
LEMUR-2-CHARLIE-ROSE,2024-043T,59115,PAY,D,US,2024-03-04,AFWTR,2024-12-09,87.58,97.45,161,148,,,EA,IMP
LEMUR-2-FELDHUS,2024-043U,59116,PAY,D,US,2024-03-04,AFWTR,2024-12-14,87.74,97.43,171,154,,,EA,IMP
CONTECSAT-1,2024-043V,59117,PAY,+,SKOR,2024-03-04,AFWTR,,93.66,97.57,460,447,,,EA,ORB
LACE-1,2024-043W,59118,PAY,D,US,2024-03-04,AFWTR,2025-05-19,87.74,97.47,171,153,,,EA,IMP
LACE-2,2024-043X,59119,PAY,D,US,2024-03-04,AFWTR,2025-06-01,88.12,97.45,191,172,,,EA,IMP
TIGER-8,2024-043Y,59120,PAY,+,RWA,2024-03-04,AFWTR,,93.16,97.56,434,425,,,EA,ORB
LYNK TOWER 5,2024-043Z,59121,PAY,+,US,2024-03-04,AFWTR,,94.03,97.57,480,464,,,EA,ORB
NUSAT-44 (MARIA MITCHELL),2024-043AA,59122,PAY,+,ARGN,2024-03-04,AFWTR,,94.13,97.55,480,473,,,EA,ORB
LYNK TOWER 6,2024-043AB,59123,PAY,+,US,2024-03-04,AFWTR,,94.01,97.57,478,463,,,EA,ORB
VSP ROSE,2024-043AC,59124,PAY,+,BEL,2024-03-04,AFWTR,,94.16,97.57,485,470,,,EA,ORB
TRANSPORTER-10 OBJECT AD,2024-043AD,59125,PAY,+,TBD,2024-03-04,AFWTR,,93.69,97.57,461,449,,,EA,ORB
YAM-6,2024-043AE,59126,PAY,+,US,2024-03-04,AFWTR,,93.62,97.56,457,446,,,EA,ORB
JACKAL X-1L-001,2024-043AF,59127,PAY,+,US,2024-03-04,AFWTR,,93.12,97.57,432,423,,,EA,ORB
TRANSPORTER-10 OBJECT AG,2024-043AG,59128,PAY,+,TBD,2024-03-04,AFWTR,,93.95,97.57,474,461,,,EA,ORB
APEX ARIES 1,2024-043AH,59129,PAY,+,US,2024-03-04,AFWTR,,92.38,97.55,394,389,,,EA,ORB
GHOST-5,2024-043AJ,59130,PAY,+,US,2024-03-04,AFWTR,,93.24,97.57,438,428,,,EA,ORB
MESON-1,2024-043AK,59131,PAY,+,US,2024-03-04,AFWTR,,94.01,97.57,478,464,,,EA,ORB
LIZZIESAT-1 (LS-1),2024-043AL,59132,PAY,+,US,2024-03-04,AFWTR,,94.25,97.57,490,475,,,EA,ORB
GHOST-4,2024-043AM,59133,PAY,+,US,2024-03-04,AFWTR,,93.21,97.57,436,427,,,EA,ORB
JACKAL X-1L-002,2024-043AN,59134,PAY,+,US,2024-03-04,AFWTR,,93.01,97.57,426,418,,,EA,ORB
VSP RF A1,2024-043AP,59135,PAY,+,BEL,2024-03-04,AFWTR,,94.60,97.55,500,498,,,EA,ORB
VSP RF C1,2024-043AQ,59136,PAY,+,BEL,2024-03-04,AFWTR,,94.23,97.57,483,479,,,EA,ORB
VSP RF B1,2024-043AR,59137,PAY,+,BEL,2024-03-04,AFWTR,,94.54,97.57,497,495,,,EA,ORB
TRANSPORTER-10 OBJECT AS,2024-043AS,59138,PAY,D,TBD,2024-03-04,AFWTR,2024-12-23,87.27,97.44,149,129,,,EA,IMP
TRANSPORTER-10 OBJECT AT,2024-043AT,59139,PAY,D,TBD,2024-03-04,AFWTR,2024-12-25,87.51,97.44,157,145,,,EA,IMP
SENTRY,2024-043AU,59140,PAY,D,US,2024-03-04,AFWTR,2026-03-25,88.39,97.51,201,189,,,EA,IMP
TIGER-7,2024-043AV,59141,PAY,+,RWA,2024-03-04,AFWTR,,92.90,97.56,419,414,,,EA,ORB
TRANSPORTER-10 OBJECT AW,2024-043AW,59142,PAY,D,TBD,2024-03-04,AFWTR,2026-06-12,87.76,97.51,173,154,,,EA,IMP
TRANSPORTER-10 OBJECT AX,2024-043AX,59143,PAY,D,TBD,2024-03-04,AFWTR,2025-03-29,87.92,97.46,180,163,,,EA,IMP
TRANSPORTER-10 OBJECT AY,2024-043AY,59144,PAY,D,TBD,2024-03-04,AFWTR,2024-12-19,88.40,97.45,203,187,,,EA,IMP
MH-1,2024-043AZ,59145,PAY,D,POR,2024-03-04,AFWTR,2025-04-10,88.30,97.47,200,181,,,EA,IMP
LEMUR-2-JOHNNYTRUONG,2024-043BA,59146,PAY,+,US,2024-03-04,AFWTR,,92.00,97.54,374,371,,,EA,ORB
LEMUR-2-ROCINANTE,2024-043BB,59147,PAY,D,US,2024-03-04,AFWTR,2026-01-26,89.02,97.49,233,218,,,EA,IMP
HAMMER,2024-043BC,59148,PAY,+,SPN,2024-03-04,AFWTR,,92.57,97.55,402,399,,,EA,ORB
STARLINK-31312,2024-044A,59152,PAY,+,US,2024-03-04,AFETR,,94.27,43.00,484,482,,,EA,ORB
STARLINK-31308,2024-044B,59153,PAY,+,US,2024-03-04,AFETR,,94.27,43.00,483,483,,,EA,ORB
STARLINK-31270,2024-044C,59154,PAY,+,US,2024-03-04,AFETR,,94.27,43.00,484,482,,,EA,ORB
STARLINK-31341,2024-044D,59155,PAY,+,US,2024-03-04,AFETR,,94.27,43.00,484,482,,,EA,ORB
STARLINK-31338,2024-044E,59156,PAY,+,US,2024-03-04,AFETR,,94.27,43.00,484,482,,,EA,ORB
STARLINK-31334,2024-044F,59157,PAY,+,US,2024-03-04,AFETR,,94.27,43.00,484,482,,,EA,ORB
STARLINK-31297,2024-044G,59158,PAY,+,US,2024-03-04,AFETR,,94.27,43.00,484,482,,,EA,ORB
STARLINK-31182,2024-044H,59159,PAY,+,US,2024-03-04,AFETR,,94.27,43.00,484,483,,,EA,ORB
STARLINK-31327,2024-044J,59160,PAY,+,US,2024-03-04,AFETR,,94.27,43.00,484,482,,,EA,ORB
STARLINK-31256,2024-044K,59161,PAY,+,US,2024-03-04,AFETR,,94.27,43.00,484,482,,,EA,ORB
STARLINK-31272,2024-044L,59162,PAY,+,US,2024-03-04,AFETR,,94.27,43.00,484,482,,,EA,ORB
STARLINK-31278,2024-044M,59163,PAY,+,US,2024-03-04,AFETR,,94.27,43.00,484,482,,,EA,ORB
STARLINK-31309,2024-044N,59164,PAY,+,US,2024-03-04,AFETR,,94.27,43.00,484,482,,,EA,ORB
STARLINK-31325,2024-044P,59165,PAY,+,US,2024-03-04,AFETR,,94.27,43.00,485,481,,,EA,ORB
STARLINK-31342,2024-044Q,59166,PAY,+,US,2024-03-04,AFETR,,94.27,43.00,484,482,,,EA,ORB
STARLINK-31298,2024-044R,59167,PAY,+,US,2024-03-04,AFETR,,94.27,43.00,484,482,,,EA,ORB
STARLINK-31322,2024-044S,59168,PAY,+,US,2024-03-04,AFETR,,94.27,43.00,484,482,,,EA,ORB
STARLINK-31329,2024-044T,59169,PAY,+,US,2024-03-04,AFETR,,94.27,43.00,484,482,,,EA,ORB
STARLINK-31340,2024-044U,59170,PAY,+,US,2024-03-04,AFETR,,94.27,43.00,483,483,,,EA,ORB
STARLINK-31344,2024-044V,59171,PAY,+,US,2024-03-04,AFETR,,94.27,43.00,484,482,,,EA,ORB
STARLINK-31348,2024-044W,59172,PAY,+,US,2024-03-04,AFETR,,94.27,43.00,484,482,,,EA,ORB
STARLINK-31289,2024-044X,59173,PAY,+,US,2024-03-04,AFETR,,94.27,43.00,484,482,,,EA,ORB
STARLINK-31283,2024-044Y,59174,PAY,+,US,2024-03-04,AFETR,,94.27,43.00,484,482,,,EA,ORB
STARLINK-31439,2024-045A,59178,PAY,+,US,2024-03-10,AFETR,,94.27,43.00,484,482,,,EA,ORB
STARLINK-31410,2024-045B,59179,PAY,+,US,2024-03-10,AFETR,,94.27,43.00,484,482,,,EA,ORB
STARLINK-31395,2024-045C,59180,PAY,+,US,2024-03-10,AFETR,,94.27,43.00,484,482,,,EA,ORB
STARLINK-31486,2024-045D,59181,PAY,+,US,2024-03-10,AFETR,,94.27,43.00,484,482,,,EA,ORB
STARLINK-31411,2024-045E,59182,PAY,+,US,2024-03-10,AFETR,,94.27,43.00,484,483,,,EA,ORB
STARLINK-31347,2024-045F,59183,PAY,D,US,2024-03-10,AFETR,2025-04-13,88.42,42.99,202,191,,,EA,IMP
STARLINK-31382,2024-045G,59184,PAY,+,US,2024-03-10,AFETR,,94.27,43.00,483,483,,,EA,ORB
STARLINK-31394,2024-045H,59185,PAY,+,US,2024-03-10,AFETR,,94.27,43.00,484,482,,,EA,ORB
STARLINK-31403,2024-045J,59186,PAY,+,US,2024-03-10,AFETR,,94.27,43.00,484,482,,,EA,ORB
STARLINK-31514,2024-045K,59187,PAY,+,US,2024-03-10,AFETR,,94.27,43.01,484,482,,,EA,ORB
STARLINK-31478,2024-045L,59188,PAY,+,US,2024-03-10,AFETR,,94.27,43.00,484,482,,,EA,ORB
STARLINK-31498,2024-045M,59189,PAY,+,US,2024-03-10,AFETR,,94.27,43.00,484,482,,,EA,ORB
STARLINK-31563,2024-045N,59190,PAY,+,US,2024-03-10,AFETR,,94.27,43.00,484,482,,,EA,ORB
STARLINK-31551,2024-045P,59191,PAY,+,US,2024-03-10,AFETR,,94.27,43.00,484,482,,,EA,ORB
STARLINK-31536,2024-045Q,59192,PAY,+,US,2024-03-10,AFETR,,94.27,43.00,484,482,,,EA,ORB
STARLINK-31548,2024-045R,59193,PAY,+,US,2024-03-10,AFETR,,94.27,43.00,484,482,,,EA,ORB
STARLINK-31542,2024-045S,59194,PAY,+,US,2024-03-10,AFETR,,94.26,43.00,484,482,,,EA,ORB
STARLINK-31554,2024-045T,59195,PAY,+,US,2024-03-10,AFETR,,94.27,43.00,484,482,,,EA,ORB
STARLINK-31558,2024-045U,59196,PAY,+,US,2024-03-10,AFETR,,94.27,43.00,484,482,,,EA,ORB
STARLINK-31275,2024-045V,59197,PAY,+,US,2024-03-10,AFETR,,94.27,43.00,484,482,,,EA,ORB
STARLINK-31590,2024-045W,59198,PAY,+,US,2024-03-10,AFETR,,94.27,43.00,484,482,,,EA,ORB
STARLINK-31567,2024-045X,59199,PAY,+,US,2024-03-10,AFETR,,94.27,43.00,484,482,,,EA,ORB
STARLINK-31503,2024-045Y,59200,PAY,+,US,2024-03-10,AFETR,,94.27,43.00,484,482,,,EA,ORB
STARLINK-31603,2024-046A,59201,PAY,+,US,2024-03-11,AFWTR,,93.85,53.16,463,462,,,EA,ORB
STARLINK-31602,2024-046B,59202,PAY,+,US,2024-03-11,AFWTR,,93.85,53.16,464,462,,,EA,ORB
STARLINK-31577,2024-046C,59203,PAY,+,US,2024-03-11,AFWTR,,93.85,53.16,463,462,,,EA,ORB
STARLINK-31522,2024-046D,59204,PAY,+,US,2024-03-11,AFWTR,,93.90,53.16,467,463,,,EA,ORB
STARLINK-31586,2024-046E,59205,PAY,+,US,2024-03-11,AFWTR,,93.85,53.16,464,462,,,EA,ORB
STARLINK-31247,2024-046F,59206,PAY,+,US,2024-03-11,AFWTR,,94.11,53.16,476,474,,,EA,ORB
STARLINK-31591,2024-046G,59207,PAY,+,US,2024-03-11,AFWTR,,93.85,53.16,464,462,,,EA,ORB
STARLINK-31576,2024-046H,59208,PAY,+,US,2024-03-11,AFWTR,,93.85,53.16,464,462,,,EA,ORB
STARLINK-31601,2024-046J,59209,PAY,+,US,2024-03-11,AFWTR,,93.85,53.16,464,462,,,EA,ORB
STARLINK-31520,2024-046K,59210,PAY,+,US,2024-03-11,AFWTR,,93.85,53.16,463,462,,,EA,ORB
STARLINK-31496,2024-046L,59211,PAY,+,US,2024-03-11,AFWTR,,93.85,53.16,463,462,,,EA,ORB
STARLINK-31492,2024-046M,59212,PAY,+,US,2024-03-11,AFWTR,,93.85,53.16,464,462,,,EA,ORB
STARLINK-31517,2024-046N,59213,PAY,+,US,2024-03-11,AFWTR,,93.85,53.16,464,462,,,EA,ORB
STARLINK-31604,2024-046P,59214,PAY,+,US,2024-03-11,AFWTR,,93.85,53.16,464,462,,,EA,ORB
STARLINK-31434,2024-046Q,59215,PAY,+,US,2024-03-11,AFWTR,,93.85,53.16,464,462,,,EA,ORB
STARLINK-31417,2024-046R,59216,PAY,+,US,2024-03-11,AFWTR,,93.85,53.16,464,462,,,EA,ORB
STARLINK-31499,2024-046S,59217,PAY,+,US,2024-03-11,AFWTR,,93.85,53.16,464,462,,,EA,ORB
STARLINK-31421,2024-046T,59218,PAY,+,US,2024-03-11,AFWTR,,93.85,53.16,464,462,,,EA,ORB
STARLINK-31518,2024-046U,59219,PAY,+,US,2024-03-11,AFWTR,,93.85,53.16,464,462,,,EA,ORB
STARLINK-31523,2024-046V,59220,PAY,+,US,2024-03-11,AFWTR,,93.85,53.16,464,462,,,EA,ORB
STARLINK-31516,2024-046W,59221,PAY,+,US,2024-03-11,AFWTR,,93.85,53.16,464,462,,,EA,ORB
STARLINK-31490,2024-046X,59222,PAY,+,US,2024-03-11,AFWTR,,93.87,53.16,464,463,,,EA,ORB
STARLINK-31420,2024-046Y,59223,PAY,+,US,2024-03-11,AFWTR,,93.90,53.16,466,464,,,EA,ORB
STRIX-3,2024-047A,59224,PAY,+,JPN,2024-03-12,RLLB,,94.72,97.67,513,496,,,EA,ORB
ELECTRON KICK STAGE R/B,2024-047B,59225,R/B,,US,2024-03-12,RLLB,,93.95,97.64,474,462,,,EA,ORB
ELECTRON R/B,2024-047C,59226,R/B,D,US,2024-03-12,RLLB,2024-03-21,87.90,97.53,209,132,,,EA,IMP
DRO-A,2024-048A,59228,PAY,+,PRC,2024-03-13,XICLF,,44872.53,28.30,525775,298055,,,MO,ORB
CZ-2C R/B,2024-048B,59229,R/B,D,PRC,2024-03-13,XICLF,2024-03-30,88.55,28.48,292,113,,,EA,IMP
CZ-2C DEB,2024-048C,59230,DEB,D,PRC,2024-03-13,XICLF,2024-03-22,92.60,28.39,683,121,,,EA,IMP
STARLINK-31304,2024-049A,59231,PAY,D,US,2024-03-16,AFETR,2026-04-06,88.58,42.97,217,192,,,EA,IMP
STARLINK-31305,2024-049B,59232,PAY,+,US,2024-03-16,AFETR,,94.27,43.00,484,482,,,EA,ORB
STARLINK-31459,2024-049C,59233,PAY,+,US,2024-03-16,AFETR,,94.27,43.00,484,482,,,EA,ORB
STARLINK-31438,2024-049D,59234,PAY,+,US,2024-03-16,AFETR,,94.27,43.00,484,482,,,EA,ORB
STARLINK-31467,2024-049E,59235,PAY,+,US,2024-03-16,AFETR,,94.27,43.00,484,482,,,EA,ORB
STARLINK-31444,2024-049F,59236,PAY,+,US,2024-03-16,AFETR,,93.19,43.00,439,423,,,EA,ORB
STARLINK-31505,2024-049G,59237,PAY,+,US,2024-03-16,AFETR,,94.27,43.00,484,482,,,EA,ORB
STARLINK-31494,2024-049H,59238,PAY,+,US,2024-03-16,AFETR,,94.27,43.00,484,482,,,EA,ORB
STARLINK-31303,2024-049J,59239,PAY,+,US,2024-03-16,AFETR,,94.27,43.00,484,482,,,EA,ORB
STARLINK-31408,2024-049K,59240,PAY,+,US,2024-03-16,AFETR,,94.27,43.00,484,482,,,EA,ORB
STARLINK-31427,2024-049L,59241,PAY,+,US,2024-03-16,AFETR,,94.26,43.00,484,482,,,EA,ORB
STARLINK-31423,2024-049M,59242,PAY,+,US,2024-03-16,AFETR,,94.27,43.00,484,482,,,EA,ORB
STARLINK-31433,2024-049N,59243,PAY,+,US,2024-03-16,AFETR,,94.27,43.00,484,482,,,EA,ORB
STARLINK-31285,2024-049P,59244,PAY,+,US,2024-03-16,AFETR,,94.27,43.01,485,481,,,EA,ORB
STARLINK-31268,2024-049Q,59245,PAY,D,US,2024-03-16,AFETR,2026-04-13,88.77,42.97,226,202,,,EA,IMP
STARLINK-31284,2024-049R,59246,PAY,+,US,2024-03-16,AFETR,,94.27,43.00,484,482,,,EA,ORB
STARLINK-31424,2024-049S,59247,PAY,+,US,2024-03-16,AFETR,,94.27,43.00,484,482,,,EA,ORB
STARLINK-31405,2024-049T,59248,PAY,+,US,2024-03-16,AFETR,,94.27,43.00,484,483,,,EA,ORB
STARLINK-31426,2024-049U,59249,PAY,+,US,2024-03-16,AFETR,,94.27,43.00,484,482,,,EA,ORB
STARLINK-31407,2024-049V,59250,PAY,+,US,2024-03-16,AFETR,,94.27,43.00,484,482,,,EA,ORB
STARLINK-31418,2024-049W,59251,PAY,D,US,2024-03-16,AFETR,2025-03-17,88.34,42.98,202,183,,,EA,IMP
STARLINK-31393,2024-049X,59252,PAY,+,US,2024-03-16,AFETR,,94.27,43.00,484,482,,,EA,ORB
STARLINK-31425,2024-049Y,59253,PAY,+,US,2024-03-16,AFETR,,94.27,43.00,484,482,,,EA,ORB
STARLINK-31659,2024-050A,59254,PAY,+,US,2024-03-19,AFWTR,,93.85,53.16,464,462,,,EA,ORB
STARLINK-31629,2024-050B,59255,PAY,+,US,2024-03-19,AFWTR,,94.11,53.16,476,474,,,EA,ORB
STARLINK-31652,2024-050C,59256,PAY,+,US,2024-03-19,AFWTR,,94.01,53.16,472,470,,,EA,ORB
STARLINK-31655,2024-050D,59257,PAY,D,US,2024-03-19,AFWTR,2026-02-07,88.47,53.12,203,195,,,EA,IMP
STARLINK-31637,2024-050E,59258,PAY,+,US,2024-03-19,AFWTR,,93.85,53.16,464,461,,,EA,ORB
STARLINK-31506,2024-050F,59259,PAY,+,US,2024-03-19,AFWTR,,94.10,53.16,476,474,,,EA,ORB
STARLINK-31288,2024-050G,59260,PAY,D,US,2024-03-19,AFWTR,2025-10-03,89.17,53.12,241,226,,,EA,IMP
STARLINK-31639,2024-050H,59261,PAY,+,US,2024-03-19,AFWTR,,94.01,53.16,471,470,,,EA,ORB
STARLINK-31673,2024-050J,59262,PAY,D,US,2024-03-19,AFWTR,2025-07-02,88.05,53.13,184,172,,,EA,IMP
STARLINK-31598,2024-050K,59263,PAY,+,US,2024-03-19,AFWTR,,93.85,53.16,464,462,,,EA,ORB
STARLINK-31645,2024-050L,59264,PAY,+,US,2024-03-19,AFWTR,,93.85,53.16,463,462,,,EA,ORB
STARLINK-31646,2024-050M,59265,PAY,+,US,2024-03-19,AFWTR,,93.85,53.16,464,462,,,EA,ORB
STARLINK-31648,2024-050N,59266,PAY,+,US,2024-03-19,AFWTR,,94.10,53.16,476,474,,,EA,ORB
STARLINK-31579,2024-050P,59267,PAY,+,US,2024-03-19,AFWTR,,94.11,53.16,476,474,,,EA,ORB
STARLINK-31627,2024-050Q,59268,PAY,+,US,2024-03-19,AFWTR,,93.85,53.16,464,462,,,EA,ORB
STARLINK-31609,2024-050R,59269,PAY,+,US,2024-03-19,AFWTR,,93.88,53.16,465,464,,,EA,ORB
STARLINK-31616,2024-050S,59270,PAY,+,US,2024-03-19,AFWTR,,93.85,53.16,464,462,,,EA,ORB
STARLINK-31630,2024-050T,59271,PAY,+,US,2024-03-19,AFWTR,,93.85,53.16,464,462,,,EA,ORB
STARLINK-31623,2024-050U,59272,PAY,+,US,2024-03-19,AFWTR,,93.85,53.16,464,462,,,EA,ORB
STARLINK-31595,2024-050V,59273,PAY,+,US,2024-03-19,AFWTR,,94.11,53.16,476,474,,,EA,ORB
USA 350,2024-050W,59274,PAY,+,US,2024-03-19,AFWTR,,93.58,53.16,451,449,,NEA,EA,ORB
USA 351,2024-050X,59275,PAY,+,US,2024-03-19,AFWTR,,93.53,53.16,448,446,,NEA,EA,ORB
QUEQIAO-2,2024-051A,59276,PAY,+,PRC,2024-03-20,WSC,,,,,,,,MO,ORB
CZ-8 R/B,2024-051B,59277,R/B,,PRC,2024-03-20,WSC,,16495.17,35.58,409104,7440,,NEA,EM,ORB
TIANDU-1,2024-051C,59278,PAY,+,PRC,2024-03-20,WSC,,,,,,,,MO,ORB
TIANDU-2,2024-051D,59279,PAY,+,PRC,2024-03-20,WSC,,,,,,,,MO,ORB
YUNHAI-2 02A,2024-052A,59280,PAY,+,PRC,2024-03-21,JSC,,100.84,50.01,807,790,,,EA,ORB
YUNHAI-2 02B,2024-052B,59281,PAY,+,PRC,2024-03-21,JSC,,100.84,50.01,802,795,,,EA,ORB
YUNHAI-2 02C,2024-052C,59282,PAY,+,PRC,2024-03-21,JSC,,100.84,50.01,803,794,,,EA,ORB
YUNHAI-2 02D,2024-052D,59283,PAY,+,PRC,2024-03-21,JSC,,100.84,50.01,802,795,,,EA,ORB
YUNHAI-2 02E,2024-052E,59284,PAY,+,PRC,2024-03-21,JSC,,100.84,50.01,807,790,,,EA,ORB
YUNHAI-2 02F,2024-052F,59285,PAY,+,PRC,2024-03-21,JSC,,100.84,50.01,802,795,,,EA,ORB
CZ-2D R/B,2024-052G,59286,R/B,D,PRC,2024-03-21,JSC,2024-03-22,87.43,49.99,153,142,,,EA,IMP
DRAGON CRS-30,2024-054A,59287,PAY,D,US,2024-03-21,AFETR,2024-04-30,92.86,51.64,417,412,,,AS,LAN
USA 352,2024-053A,59288,PAY,+,US,2024-03-21,WLPIS,,90.98,50.00,327,318,,NEA,EA,ORB
MOLA,2024-053B,59289,PAY,+,US,2024-03-21,WLPIS,,92.01,49.98,376,370,,,EA,ORB
AEROCUBE 16A,2024-053C,59290,PAY,+,US,2024-03-21,WLPIS,,93.17,49.99,432,427,,,EA,ORB
AEROCUBE 16B,2024-053D,59291,PAY,+,US,2024-03-21,WLPIS,,93.17,49.99,432,427,,,EA,ORB
ELECTRON KICK STAGE R/B,2024-053E,59292,R/B,,US,2024-03-21,WLPIS,,93.73,49.96,412,404,,,EA,ORB
ELECTRON R/B,2024-053F,59293,R/B,D,US,2024-03-21,WLPIS,2024-06-10,87.34,50.08,146,139,,,EA,IMP
SOYUZ-MS 25,2024-055A,59294,PAY,D,CIS,2024-03-23,TYMSC,2024-09-23,92.93,51.64,424,412,,,EA,LAN
SL-4 R/B,2024-055B,59295,R/B,D,CIS,2024-03-23,TYMSC,2024-03-25,87.65,51.65,162,154,,,EA,IMP
STARLINK-31463,2024-056A,59296,PAY,+,US,2024-03-24,AFETR,,94.27,43.00,483,483,,,EA,ORB
STARLINK-31487,2024-056B,59297,PAY,+,US,2024-03-24,AFETR,,94.27,43.00,484,482,,,EA,ORB
STARLINK-31386,2024-056C,59298,PAY,+,US,2024-03-24,AFETR,,94.27,43.01,484,482,,,EA,ORB
STARLINK-31409,2024-056D,59299,PAY,+,US,2024-03-24,AFETR,,94.27,43.00,484,482,,,EA,ORB
STARLINK-31489,2024-056E,59300,PAY,+,US,2024-03-24,AFETR,,94.27,43.00,484,482,,,EA,ORB
STARLINK-31502,2024-056F,59301,PAY,+,US,2024-03-24,AFETR,,94.27,43.01,484,482,,,EA,ORB
STARLINK-31447,2024-056G,59302,PAY,+,US,2024-03-24,AFETR,,94.27,43.00,484,482,,,EA,ORB
STARLINK-31504,2024-056H,59303,PAY,+,US,2024-03-24,AFETR,,94.27,43.00,484,482,,,EA,ORB
STARLINK-31474,2024-056J,59304,PAY,+,US,2024-03-24,AFETR,,94.27,43.00,484,482,,,EA,ORB
STARLINK-31500,2024-056K,59305,PAY,+,US,2024-03-24,AFETR,,94.27,43.00,484,482,,,EA,ORB
STARLINK-31480,2024-056L,59306,PAY,+,US,2024-03-24,AFETR,,94.27,43.01,485,482,,,EA,ORB
STARLINK-31282,2024-056M,59307,PAY,+,US,2024-03-24,AFETR,,94.27,43.01,484,482,,,EA,ORB
STARLINK-31485,2024-056N,59308,PAY,+,US,2024-03-24,AFETR,,94.27,43.00,484,482,,,EA,ORB
STARLINK-31455,2024-056P,59309,PAY,+,US,2024-03-24,AFETR,,94.27,43.00,484,482,,,EA,ORB
STARLINK-31475,2024-056Q,59310,PAY,+,US,2024-03-24,AFETR,,94.26,43.00,484,482,,,EA,ORB
STARLINK-31469,2024-056R,59311,PAY,D,US,2024-03-24,AFETR,2024-06-13,88.20,42.98,190,181,,,EA,IMP
STARLINK-31445,2024-056S,59312,PAY,+,US,2024-03-24,AFETR,,94.27,43.00,484,482,,,EA,ORB
STARLINK-31495,2024-056T,59313,PAY,+,US,2024-03-24,AFETR,,92.86,42.98,428,402,,,EA,ORB
STARLINK-31477,2024-056U,59314,PAY,+,US,2024-03-24,AFETR,,94.27,43.00,484,482,,,EA,ORB
STARLINK-31446,2024-056V,59315,PAY,+,US,2024-03-24,AFETR,,94.27,43.00,484,482,,,EA,ORB
STARLINK-31479,2024-056W,59316,PAY,+,US,2024-03-24,AFETR,,94.27,43.00,484,483,,,EA,ORB
STARLINK-31349,2024-056X,59317,PAY,+,US,2024-03-24,AFETR,,94.27,43.01,484,482,,,EA,ORB
STARLINK-31464,2024-056Y,59318,PAY,+,US,2024-03-24,AFETR,,94.27,43.00,484,482,,,EA,ORB
STARLINK-31402,2024-057A,59320,PAY,+,US,2024-03-25,AFETR,,93.61,42.99,459,443,,,EA,ORB
STARLINK-31578,2024-057B,59321,PAY,+,US,2024-03-25,AFETR,,94.27,43.00,484,482,,,EA,ORB
STARLINK-31530,2024-057C,59322,PAY,P,US,2024-03-25,AFETR,,90.95,42.98,339,304,,,EA,ORB
STARLINK-31565,2024-057D,59323,PAY,+,US,2024-03-25,AFETR,,94.27,43.01,484,482,,,EA,ORB
STARLINK-31570,2024-057E,59324,PAY,+,US,2024-03-25,AFETR,,94.27,43.00,484,482,,,EA,ORB
STARLINK-31611,2024-057F,59325,PAY,+,US,2024-03-25,AFETR,,94.27,43.00,484,483,,,EA,ORB
STARLINK-31632,2024-057G,59326,PAY,+,US,2024-03-25,AFETR,,94.27,43.00,484,482,,,EA,ORB
STARLINK-31599,2024-057H,59327,PAY,+,US,2024-03-25,AFETR,,94.27,43.00,484,482,,,EA,ORB
STARLINK-31614,2024-057J,59328,PAY,+,US,2024-03-25,AFETR,,94.27,43.00,484,482,,,EA,ORB
STARLINK-31493,2024-057K,59329,PAY,+,US,2024-03-25,AFETR,,94.27,43.00,484,482,,,EA,ORB
STARLINK-31634,2024-057L,59330,PAY,+,US,2024-03-25,AFETR,,94.27,43.00,483,483,,,EA,ORB
STARLINK-31633,2024-057M,59331,PAY,+,US,2024-03-25,AFETR,,94.27,43.00,484,482,,,EA,ORB
STARLINK-31594,2024-057N,59332,PAY,+,US,2024-03-25,AFETR,,94.27,43.00,484,482,,,EA,ORB
STARLINK-31572,2024-057P,59333,PAY,+,US,2024-03-25,AFETR,,94.27,43.01,485,481,,,EA,ORB
STARLINK-31573,2024-057Q,59334,PAY,+,US,2024-03-25,AFETR,,94.27,43.00,484,482,,,EA,ORB
STARLINK-31588,2024-057R,59335,PAY,+,US,2024-03-25,AFETR,,94.27,43.01,484,482,,,EA,ORB
STARLINK-31596,2024-057S,59336,PAY,+,US,2024-03-25,AFETR,,94.27,43.00,484,482,,,EA,ORB
STARLINK-31612,2024-057T,59337,PAY,+,US,2024-03-25,AFETR,,94.27,43.00,484,482,,,EA,ORB
STARLINK-31550,2024-057U,59338,PAY,+,US,2024-03-25,AFETR,,94.27,43.00,484,482,,,EA,ORB
STARLINK-31473,2024-057V,59339,PAY,+,US,2024-03-25,AFETR,,94.27,43.01,484,482,,,EA,ORB
STARLINK-31562,2024-057W,59340,PAY,+,US,2024-03-25,AFETR,,94.27,43.00,484,482,,,EA,ORB
STARLINK-31600,2024-057X,59341,PAY,+,US,2024-03-25,AFETR,,94.27,43.00,484,482,,,EA,ORB
STARLINK-31628,2024-057Y,59342,PAY,+,US,2024-03-25,AFETR,,94.27,43.00,484,482,,,EA,ORB
YUNHAI-3 02,2024-058A,59343,PAY,+,PRC,2024-03-26,TAISC,,101.89,98.82,849,847,,,EA,ORB
CZ-6A R/B,2024-058B,59344,R/B,,PRC,2024-03-26,TAISC,,100.79,98.78,852,741,,,EA,ORB
EUTELSAT 36D,2024-059A,59346,PAY,+,EUTE,2024-03-30,AFETR,,1436.10,0.02,35787,35786,,,EA,ORB
FALCON 9 R/B,2024-059B,59347,R/B,D,US,2024-03-30,AFETR,2026-06-07,104.27,23.31,1816,105,,,EA,IMP
STARLINK-31605,2024-060A,59348,PAY,+,US,2024-03-31,AFETR,,94.27,43.01,484,482,,,EA,ORB
STARLINK-31532,2024-060B,59349,PAY,+,US,2024-03-31,AFETR,,94.27,43.00,484,482,,,EA,ORB
STARLINK-31593,2024-060C,59350,PAY,+,US,2024-03-31,AFETR,,94.27,43.00,484,482,,,EA,ORB
STARLINK-31555,2024-060D,59351,PAY,+,US,2024-03-31,AFETR,,94.27,43.00,484,482,,,EA,ORB
STARLINK-31561,2024-060E,59352,PAY,+,US,2024-03-31,AFETR,,94.27,43.00,484,482,,,EA,ORB
STARLINK-31413,2024-060F,59353,PAY,+,US,2024-03-31,AFETR,,94.27,43.00,484,482,,,EA,ORB
STARLINK-31422,2024-060G,59354,PAY,+,US,2024-03-31,AFETR,,94.27,43.00,484,482,,,EA,ORB
STARLINK-31416,2024-060H,59355,PAY,+,US,2024-03-31,AFETR,,94.26,43.00,484,482,,,EA,ORB
STARLINK-31552,2024-060J,59356,PAY,+,US,2024-03-31,AFETR,,94.27,43.00,484,482,,,EA,ORB
STARLINK-31557,2024-060K,59357,PAY,+,US,2024-03-31,AFETR,,94.27,43.00,484,482,,,EA,ORB
STARLINK-31559,2024-060L,59358,PAY,+,US,2024-03-31,AFETR,,94.27,43.00,484,482,,,EA,ORB
STARLINK-31501,2024-060M,59359,PAY,+,US,2024-03-31,AFETR,,94.27,43.00,484,482,,,EA,ORB
STARLINK-31549,2024-060N,59360,PAY,+,US,2024-03-31,AFETR,,94.27,43.00,484,482,,,EA,ORB
STARLINK-31560,2024-060P,59361,PAY,+,US,2024-03-31,AFETR,,94.27,43.00,484,482,,,EA,ORB
STARLINK-31571,2024-060Q,59362,PAY,+,US,2024-03-31,AFETR,,94.27,43.00,484,482,,,EA,ORB
STARLINK-31553,2024-060R,59363,PAY,+,US,2024-03-31,AFETR,,94.27,43.00,484,482,,,EA,ORB
STARLINK-31547,2024-060S,59364,PAY,+,US,2024-03-31,AFETR,,94.26,43.00,484,482,,,EA,ORB
STARLINK-31537,2024-060T,59365,PAY,+,US,2024-03-31,AFETR,,94.27,43.00,484,482,,,EA,ORB
STARLINK-31451,2024-060U,59366,PAY,+,US,2024-03-31,AFETR,,94.27,43.00,484,482,,,EA,ORB
STARLINK-31428,2024-060V,59367,PAY,+,US,2024-03-31,AFETR,,94.27,43.00,484,482,,,EA,ORB
STARLINK-31419,2024-060W,59368,PAY,+,US,2024-03-31,AFETR,,94.27,43.00,484,482,,,EA,ORB
STARLINK-31583,2024-060X,59369,PAY,+,US,2024-03-31,AFETR,,94.27,43.00,484,482,,,EA,ORB
STARLINK-31461,2024-060Y,59370,PAY,+,US,2024-03-31,AFETR,,94.27,43.00,484,482,,,EA,ORB
RESURS-P 4,2024-061A,59371,PAY,+,CIS,2024-03-31,TYMSC,,93.97,97.28,469,468,,,EA,ORB
SL-4 R/B,2024-061B,59372,R/B,D,CIS,2024-03-31,TYMSC,2024-07-03,87.17,97.17,138,131,,,EA,IMP
STARLINK-31641,2024-062A,59374,PAY,+,US,2024-04-02,AFWTR,,93.85,53.16,464,462,,,EA,ORB
STARLINK-31430,2024-062B,59375,PAY,+,US,2024-04-02,AFWTR,,93.85,53.16,464,462,,,EA,ORB
STARLINK-31695,2024-062C,59376,PAY,+,US,2024-04-02,AFWTR,,93.85,53.16,464,462,,,EA,ORB
STARLINK-31716,2024-062D,59377,PAY,+,US,2024-04-02,AFWTR,,94.11,53.16,476,474,,,EA,ORB
STARLINK-31710,2024-062E,59378,PAY,+,US,2024-04-02,AFWTR,,93.85,53.16,463,462,,,EA,ORB
STARLINK-31698,2024-062F,59379,PAY,+,US,2024-04-02,AFWTR,,93.85,53.16,464,462,,,EA,ORB
STARLINK-31680,2024-062G,59380,PAY,+,US,2024-04-02,AFWTR,,93.85,53.16,464,462,,,EA,ORB
STARLINK-31713,2024-062H,59381,PAY,+,US,2024-04-02,AFWTR,,93.85,53.16,464,462,,,EA,ORB
STARLINK-31705,2024-062J,59382,PAY,+,US,2024-04-02,AFWTR,,93.85,53.16,464,462,,,EA,ORB
STARLINK-31709,2024-062K,59383,PAY,D,US,2024-04-02,AFWTR,2025-05-23,88.22,53.12,188,184,,,EA,IMP
STARLINK-31715,2024-062L,59384,PAY,+,US,2024-04-02,AFWTR,,93.85,53.16,464,462,,,EA,ORB
STARLINK-31717,2024-062M,59385,PAY,+,US,2024-04-02,AFWTR,,93.85,53.16,464,462,,,EA,ORB
STARLINK-31688,2024-062N,59386,PAY,+,US,2024-04-02,AFWTR,,93.85,53.16,464,462,,,EA,ORB
STARLINK-31714,2024-062P,59387,PAY,+,US,2024-04-02,AFWTR,,93.85,53.16,464,462,,,EA,ORB
STARLINK-31643,2024-062Q,59388,PAY,+,US,2024-04-02,AFWTR,,93.85,53.16,464,462,,,EA,ORB
STARLINK-31647,2024-062R,59389,PAY,+,US,2024-04-02,AFWTR,,93.85,53.16,464,462,,,EA,ORB
STARLINK-31649,2024-062S,59390,PAY,+,US,2024-04-02,AFWTR,,93.85,53.16,464,462,,,EA,ORB
STARLINK-31644,2024-062T,59391,PAY,+,US,2024-04-02,AFWTR,,93.85,53.16,464,462,,,EA,ORB
STARLINK-31626,2024-062U,59392,PAY,+,US,2024-04-02,AFWTR,,93.85,53.16,464,462,,,EA,ORB
STARLINK-31443,2024-062V,59393,PAY,+,US,2024-04-02,AFWTR,,93.85,53.16,464,462,,,EA,ORB
STARLINK-31607,2024-062W,59394,PAY,+,US,2024-04-02,AFWTR,,93.85,53.16,464,462,,,EA,ORB
YAOGAN-42 01,2024-063A,59395,PAY,+,PRC,2024-04-02,XICLF,,94.55,35.00,499,494,,,EA,ORB
CZ-2D R/B,2024-063B,59396,R/B,,PRC,2024-04-02,XICLF,,93.29,34.72,445,426,,,EA,ORB
STARLINK-31608,2024-062X,59397,PAY,+,US,2024-04-02,AFWTR,,93.85,53.16,464,462,,,EA,ORB
STARLINK-31534,2024-064A,59398,PAY,+,US,2024-04-05,AFETR,,94.27,43.00,484,482,,,EA,ORB
STARLINK-31544,2024-064B,59399,PAY,+,US,2024-04-05,AFETR,,94.27,43.00,484,482,,,EA,ORB
STARLINK-31545,2024-064C,59400,PAY,+,US,2024-04-05,AFETR,,94.27,43.00,484,482,,,EA,ORB
STARLINK-31507,2024-064D,59401,PAY,+,US,2024-04-05,AFETR,,94.27,43.00,484,482,,,EA,ORB
STARLINK-31543,2024-064E,59402,PAY,+,US,2024-04-05,AFETR,,94.27,43.00,484,483,,,EA,ORB
STARLINK-31366,2024-064F,59403,PAY,+,US,2024-04-05,AFETR,,94.27,43.00,484,482,,,EA,ORB
STARLINK-31374,2024-064G,59404,PAY,+,US,2024-04-05,AFETR,,94.27,43.00,484,483,,,EA,ORB
STARLINK-31400,2024-064H,59405,PAY,+,US,2024-04-05,AFETR,,94.27,43.00,484,483,,,EA,ORB
STARLINK-31391,2024-064J,59406,PAY,+,US,2024-04-05,AFETR,,94.27,43.00,484,482,,,EA,ORB
STARLINK-31387,2024-064K,59407,PAY,+,US,2024-04-05,AFETR,,94.27,43.00,484,482,,,EA,ORB
STARLINK-31367,2024-064L,59408,PAY,D,US,2024-04-05,AFETR,2025-02-22,90.04,42.99,288,265,,,EA,IMP
STARLINK-31396,2024-064M,59409,PAY,+,US,2024-04-05,AFETR,,94.27,43.00,484,482,,,EA,ORB
STARLINK-31412,2024-064N,59410,PAY,+,US,2024-04-05,AFETR,,94.27,43.00,484,482,,,EA,ORB
STARLINK-31483,2024-064P,59411,PAY,+,US,2024-04-05,AFETR,,94.27,43.00,484,482,,,EA,ORB
STARLINK-31568,2024-064Q,59412,PAY,+,US,2024-04-05,AFETR,,94.27,43.00,484,482,,,EA,ORB
STARLINK-31615,2024-064R,59413,PAY,+,US,2024-04-05,AFETR,,94.00,43.00,473,468,,,EA,ORB
STARLINK-31457,2024-064S,59414,PAY,+,US,2024-04-05,AFETR,,94.27,43.00,484,483,,,EA,ORB
STARLINK-31398,2024-064T,59415,PAY,+,US,2024-04-05,AFETR,,94.27,43.00,484,482,,,EA,ORB
STARLINK-31399,2024-064U,59416,PAY,+,US,2024-04-05,AFETR,,94.27,43.01,484,482,,,EA,ORB
STARLINK-31401,2024-064V,59417,PAY,+,US,2024-04-05,AFETR,,94.27,43.00,484,482,,,EA,ORB
STARLINK-31414,2024-064W,59418,PAY,+,US,2024-04-05,AFETR,,94.27,43.00,484,482,,,EA,ORB
STARLINK-31415,2024-064X,59419,PAY,+,US,2024-04-05,AFETR,,94.27,43.00,484,483,,,EA,ORB
STARLINK-31466,2024-064Y,59420,PAY,+,US,2024-04-05,AFETR,,94.27,43.00,484,482,,,EA,ORB
STARLINK-11087 [DTC],2024-065A,59421,PAY,+,US,2024-04-07,AFWTR,,91.74,53.16,360,359,,,EA,ORB
STARLINK-11090 [DTC],2024-065B,59422,PAY,+,US,2024-04-07,AFWTR,,91.74,53.16,361,359,,,EA,ORB
STARLINK-11093 [DTC],2024-065C,59423,PAY,+,US,2024-04-07,AFWTR,,91.74,53.16,361,359,,,EA,ORB
STARLINK-11083 [DTC],2024-065D,59424,PAY,+,US,2024-04-07,AFWTR,,91.74,53.16,360,359,,,EA,ORB
STARLINK-11085 [DTC],2024-065E,59425,PAY,+,US,2024-04-07,AFWTR,,91.74,53.16,361,359,,,EA,ORB
STARLINK-11089 [DTC],2024-065F,59426,PAY,+,US,2024-04-07,AFWTR,,91.74,53.16,361,359,,,EA,ORB
STARLINK-31757,2024-065G,59427,PAY,+,US,2024-04-07,AFWTR,,93.85,53.16,464,462,,,EA,ORB
STARLINK-31752,2024-065H,59428,PAY,D,US,2024-04-07,AFWTR,2024-09-25,88.62,53.14,211,202,,,EA,IMP
STARLINK-31773,2024-065J,59429,PAY,+,US,2024-04-07,AFWTR,,93.85,53.16,464,462,,,EA,ORB
STARLINK-31772,2024-065K,59430,PAY,+,US,2024-04-07,AFWTR,,93.85,53.16,464,462,,,EA,ORB
STARLINK-31613,2024-065L,59431,PAY,+,US,2024-04-07,AFWTR,,93.85,53.16,463,462,,,EA,ORB
STARLINK-31780,2024-065M,59432,PAY,+,US,2024-04-07,AFWTR,,93.85,53.16,463,462,,,EA,ORB
STARLINK-31740,2024-065N,59433,PAY,+,US,2024-04-07,AFWTR,,93.85,53.16,464,461,,,EA,ORB
STARLINK-31580,2024-065P,59434,PAY,+,US,2024-04-07,AFWTR,,93.85,53.16,464,462,,,EA,ORB
STARLINK-31696,2024-065Q,59435,PAY,+,US,2024-04-07,AFWTR,,93.85,53.16,464,462,,,EA,ORB
STARLINK-31700,2024-065R,59436,PAY,+,US,2024-04-07,AFWTR,,93.85,53.16,463,462,,,EA,ORB
STARLINK-31706,2024-065S,59437,PAY,+,US,2024-04-07,AFWTR,,93.85,53.16,464,462,,,EA,ORB
STARLINK-31711,2024-065T,59438,PAY,+,US,2024-04-07,AFWTR,,93.85,53.16,464,462,,,EA,ORB
STARLINK-31708,2024-065U,59439,PAY,+,US,2024-04-07,AFWTR,,93.85,53.16,464,462,,,EA,ORB
STARLINK-31682,2024-065V,59440,PAY,D,US,2024-04-07,AFWTR,2024-10-11,88.85,53.14,225,210,,,EA,IMP
STARLINK-31693,2024-065W,59441,PAY,+,US,2024-04-07,AFWTR,,93.85,53.16,464,462,,,EA,ORB
TSAT-1A,2024-066A,59442,PAY,+,IND,2024-04-07,AFETR,,93.81,45.61,468,454,,,EA,ORB
HAWK-8A,2024-066B,59443,PAY,+,US,2024-04-07,AFETR,,96.04,45.60,570,567,,,EA,ORB
CAPELLA-14 (ACADIA-4),2024-066C,59444,PAY,+,US,2024-04-07,AFETR,,95.63,45.60,549,549,,,EA,ORB
HAWK-8B,2024-066D,59445,PAY,+,US,2024-04-07,AFETR,,96.04,45.61,571,567,,,EA,ORB
HAWK-9A,2024-066E,59446,PAY,+,US,2024-04-07,AFETR,,96.04,45.61,571,567,,,EA,ORB
QPS-SAR-7 (TSUKUYOMI-II),2024-066F,59447,PAY,+,JPN,2024-04-07,AFETR,,95.39,45.60,539,535,,,EA,ORB
HAWK-9C,2024-066G,59448,PAY,+,US,2024-04-07,AFETR,,96.04,45.61,571,567,,,EA,ORB
HAWK-8C,2024-066H,59449,PAY,+,US,2024-04-07,AFETR,,96.04,45.61,570,568,,,EA,ORB
HAWK-9B,2024-066J,59450,PAY,+,US,2024-04-07,AFETR,,96.04,45.61,571,567,,,EA,ORB
CENTAURI-6,2024-066K,59451,PAY,+,AUS,2024-04-07,AFETR,,95.60,45.61,548,547,,,EA,ORB
KORSAT-1,2024-066L,59452,PAY,+,SKOR,2024-04-07,AFETR,,96.10,45.41,575,568,,,EA,ORB
USA 353,2024-067A,59453,PAY,+,US,2024-04-09,AFETR,,1436.10,6.21,35951,35623,,NEA,EA,ORB
DELTA 4 R/B,2024-067B,59454,R/B,,US,2024-04-09,AFETR,,1498.27,6.26,37803,36186,,NEA,EA,ORB
STARLINK-31617,2024-068A,59455,PAY,D,US,2024-04-10,AFETR,2025-05-02,88.02,42.98,188,165,,,EA,IMP
STARLINK-31622,2024-068B,59456,PAY,+,US,2024-04-10,AFETR,,94.27,43.00,483,482,,,EA,ORB
STARLINK-31319,2024-068C,59457,PAY,+,US,2024-04-10,AFETR,,94.27,43.00,485,481,,,EA,ORB
STARLINK-31625,2024-068D,59458,PAY,+,US,2024-04-10,AFETR,,94.27,43.00,484,482,,,EA,ORB
STARLINK-31631,2024-068E,59459,PAY,+,US,2024-04-10,AFETR,,94.27,43.00,484,482,,,EA,ORB
STARLINK-31620,2024-068F,59460,PAY,+,US,2024-04-10,AFETR,,94.27,43.00,484,482,,,EA,ORB
STARLINK-31482,2024-068G,59461,PAY,D,US,2024-04-10,AFETR,2024-08-10,89.88,42.98,272,266,,,EA,IMP
STARLINK-31511,2024-068H,59462,PAY,+,US,2024-04-10,AFETR,,94.27,43.00,484,482,,,EA,ORB
STARLINK-31364,2024-068J,59463,PAY,+,US,2024-04-10,AFETR,,94.27,43.00,484,482,,,EA,ORB
STARLINK-31597,2024-068K,59464,PAY,+,US,2024-04-10,AFETR,,94.27,43.00,484,482,,,EA,ORB
STARLINK-31621,2024-068L,59465,PAY,+,US,2024-04-10,AFETR,,94.27,43.00,484,482,,,EA,ORB
STARLINK-31462,2024-068M,59466,PAY,+,US,2024-04-10,AFETR,,94.27,43.00,484,482,,,EA,ORB
STARLINK-31592,2024-068N,59467,PAY,+,US,2024-04-10,AFETR,,94.27,43.00,484,482,,,EA,ORB
STARLINK-31267,2024-068P,59468,PAY,+,US,2024-04-10,AFETR,,94.27,43.00,484,483,,,EA,ORB
STARLINK-31381,2024-068Q,59469,PAY,+,US,2024-04-10,AFETR,,94.27,43.00,484,483,,,EA,ORB
STARLINK-31546,2024-068R,59470,PAY,+,US,2024-04-10,AFETR,,94.27,43.00,484,482,,,EA,ORB
STARLINK-31575,2024-068S,59471,PAY,+,US,2024-04-10,AFETR,,94.27,43.00,484,482,,,EA,ORB
STARLINK-31375,2024-068T,59472,PAY,D,US,2024-04-10,AFETR,2024-11-03,89.29,42.99,250,229,,,EA,IMP
STARLINK-31610,2024-068U,59473,PAY,+,US,2024-04-10,AFETR,,94.27,43.00,484,482,,,EA,ORB
STARLINK-31581,2024-068V,59474,PAY,+,US,2024-04-10,AFETR,,94.27,43.00,484,482,,,EA,ORB
STARLINK-31566,2024-068W,59475,PAY,+,US,2024-04-10,AFETR,,94.27,43.00,484,482,,,EA,ORB
STARLINK-31515,2024-068X,59476,PAY,+,US,2024-04-10,AFETR,,94.26,43.00,484,482,,,EA,ORB
STARLINK-31531,2024-068Y,59477,PAY,+,US,2024-04-10,AFETR,,94.27,43.00,484,482,,,EA,ORB
DUMMY SAT 3,2024-069A,59479,PAY,+,CIS,2024-04-11,VOSTO,,1460.31,2.29,36482,36037,,,EA,ORB
GAGARINETS,2024-069B,59480,PAY,D,CIS,2024-04-11,VOSTO,2024-04-21,88.50,51.71,239,161,,,EA,IMP
WSF-M,2024-070A,59481,PAY,+,US,2024-04-11,AFWTR,,101.36,98.72,827,819,,,EA,ORB
OBJECT C,2024-069C,59482,UNK,D,CIS,2024-04-11,VOSTO,2024-04-18,89.33,51.70,306,177,,,EA,IMP
STARLINK-31753,2024-071A,59484,PAY,+,US,2024-04-13,AFETR,,94.27,43.00,484,482,,,EA,ORB
STARLINK-31653,2024-071B,59485,PAY,D,US,2024-04-13,AFETR,2025-02-26,88.96,42.98,232,215,,,EA,IMP
STARLINK-31733,2024-071C,59486,PAY,+,US,2024-04-13,AFETR,,94.27,43.00,483,483,,,EA,ORB
STARLINK-31657,2024-071D,59487,PAY,+,US,2024-04-13,AFETR,,94.27,43.00,484,482,,,EA,ORB
STARLINK-31754,2024-071E,59488,PAY,+,US,2024-04-13,AFETR,,94.27,43.00,483,483,,,EA,ORB
STARLINK-31638,2024-071F,59489,PAY,+,US,2024-04-13,AFETR,,94.27,43.00,484,482,,,EA,ORB
STARLINK-31670,2024-071G,59490,PAY,+,US,2024-04-13,AFETR,,94.27,43.00,484,482,,,EA,ORB
STARLINK-31712,2024-071H,59491,PAY,+,US,2024-04-13,AFETR,,94.27,43.00,484,482,,,EA,ORB
STARLINK-31684,2024-071J,59492,PAY,+,US,2024-04-13,AFETR,,94.27,43.00,484,482,,,EA,ORB
STARLINK-31678,2024-071K,59493,PAY,+,US,2024-04-13,AFETR,,94.27,43.00,484,483,,,EA,ORB
STARLINK-31744,2024-071L,59494,PAY,+,US,2024-04-13,AFETR,,94.27,43.00,484,483,,,EA,ORB
STARLINK-31719,2024-071M,59495,PAY,+,US,2024-04-13,AFETR,,94.27,43.00,483,483,,,EA,ORB
STARLINK-31728,2024-071N,59496,PAY,+,US,2024-04-13,AFETR,,94.27,43.00,484,482,,,EA,ORB
STARLINK-31720,2024-071P,59497,PAY,+,US,2024-04-13,AFETR,,94.27,43.00,484,482,,,EA,ORB
STARLINK-31731,2024-071Q,59498,PAY,+,US,2024-04-13,AFETR,,94.27,43.00,483,483,,,EA,ORB
STARLINK-31742,2024-071R,59499,PAY,+,US,2024-04-13,AFETR,,94.27,43.00,484,482,,,EA,ORB
STARLINK-31512,2024-071S,59500,PAY,+,US,2024-04-13,AFETR,,94.26,43.00,484,482,,,EA,ORB
STARLINK-31458,2024-071T,59501,PAY,+,US,2024-04-13,AFETR,,94.27,43.00,484,482,,,EA,ORB
STARLINK-31357,2024-071U,59502,PAY,+,US,2024-04-13,AFETR,,94.27,43.00,484,483,,,EA,ORB
STARLINK-31508,2024-071V,59503,PAY,+,US,2024-04-13,AFETR,,94.27,43.00,484,482,,,EA,ORB
STARLINK-31535,2024-071W,59504,PAY,+,US,2024-04-13,AFETR,,94.27,43.00,484,483,,,EA,ORB
STARLINK-31533,2024-071X,59505,PAY,+,US,2024-04-13,AFETR,,94.27,43.00,484,482,,,EA,ORB
STARLINK-31524,2024-071Y,59506,PAY,+,US,2024-04-13,AFETR,,94.27,43.00,483,483,,,EA,ORB
OBJECT D,2024-069D,59509,UNK,D,CIS,2024-04-11,VOSTO,2024-04-24,91.31,51.49,488,189,,,EA,IMP
SUPERVIEW NEO-3 01,2024-072A,59510,PAY,+,PRC,2024-04-15,JSC,,94.56,97.41,498,497,,,EA,ORB
STARLINK-31635,2024-073A,59511,PAY,+,US,2024-04-17,AFETR,,94.27,43.00,484,482,,,EA,ORB
STARLINK-31650,2024-073B,59512,PAY,+,US,2024-04-17,AFETR,,94.27,43.00,485,481,,,EA,ORB
STARLINK-31658,2024-073C,59513,PAY,+,US,2024-04-17,AFETR,,94.27,43.00,484,482,,,EA,ORB
STARLINK-31664,2024-073D,59514,PAY,D,US,2024-04-17,AFETR,2025-02-23,88.93,42.99,226,217,,,EA,IMP
STARLINK-31669,2024-073E,59515,PAY,+,US,2024-04-17,AFETR,,94.27,43.00,484,482,,,EA,ORB
STARLINK-31671,2024-073F,59516,PAY,+,US,2024-04-17,AFETR,,94.27,43.00,484,482,,,EA,ORB
STARLINK-31674,2024-073G,59517,PAY,+,US,2024-04-17,AFETR,,94.27,43.00,484,482,,,EA,ORB
STARLINK-31672,2024-073H,59518,PAY,D,US,2024-04-17,AFETR,2024-08-13,90.38,43.00,305,281,,,EA,IMP
STARLINK-31679,2024-073J,59519,PAY,+,US,2024-04-17,AFETR,,94.27,43.00,484,482,,,EA,ORB
STARLINK-31370,2024-073K,59520,PAY,+,US,2024-04-17,AFETR,,94.27,43.00,484,482,,,EA,ORB
STARLINK-31404,2024-073L,59521,PAY,+,US,2024-04-17,AFETR,,94.27,43.01,484,482,,,EA,ORB
STARLINK-31453,2024-073M,59522,PAY,+,US,2024-04-17,AFETR,,94.27,43.00,484,482,,,EA,ORB
STARLINK-31476,2024-073N,59523,PAY,+,US,2024-04-17,AFETR,,94.27,43.00,484,482,,,EA,ORB
STARLINK-31376,2024-073P,59524,PAY,D,US,2024-04-17,AFETR,2025-09-15,89.05,42.98,250,206,,,EA,IMP
STARLINK-31538,2024-073Q,59525,PAY,+,US,2024-04-17,AFETR,,94.27,43.00,484,483,,,EA,ORB
STARLINK-31564,2024-073R,59526,PAY,+,US,2024-04-17,AFETR,,94.27,43.00,484,482,,,EA,ORB
STARLINK-31452,2024-073S,59527,PAY,+,US,2024-04-17,AFETR,,94.27,43.00,484,482,,,EA,ORB
STARLINK-31618,2024-073T,59528,PAY,D,US,2024-04-17,AFETR,2025-12-03,88.71,42.97,221,200,,,EA,IMP
STARLINK-31513,2024-073U,59529,PAY,+,US,2024-04-17,AFETR,,94.27,43.00,484,482,,,EA,ORB
STARLINK-31392,2024-073V,59530,PAY,+,US,2024-04-17,AFETR,,94.27,43.00,484,482,,,EA,ORB
STARLINK-31619,2024-073W,59531,PAY,+,US,2024-04-17,AFETR,,94.27,43.00,484,482,,,EA,ORB
STARLINK-31624,2024-073X,59532,PAY,D,US,2024-04-17,AFETR,2025-08-22,89.17,42.98,245,223,,,EA,IMP
STARLINK-31509,2024-073Y,59533,PAY,+,US,2024-04-17,AFETR,,94.27,43.00,484,482,,,EA,ORB
STARLINK-31734,2024-074A,59534,PAY,+,US,2024-04-18,AFETR,,94.27,43.00,484,482,,,EA,ORB
STARLINK-31738,2024-074B,59535,PAY,+,US,2024-04-18,AFETR,,94.27,43.00,484,482,,,EA,ORB
STARLINK-31721,2024-074C,59536,PAY,+,US,2024-04-18,AFETR,,94.27,43.00,484,482,,,EA,ORB
STARLINK-31737,2024-074D,59537,PAY,+,US,2024-04-18,AFETR,,94.26,43.00,484,482,,,EA,ORB
STARLINK-31725,2024-074E,59538,PAY,D,US,2024-04-18,AFETR,2026-05-25,88.53,42.97,213,191,,,EA,IMP
STARLINK-31539,2024-074F,59539,PAY,+,US,2024-04-18,AFETR,,94.27,43.00,484,482,,,EA,ORB
STARLINK-31397,2024-074G,59540,PAY,+,US,2024-04-18,AFETR,,94.27,43.00,483,483,,,EA,ORB
STARLINK-31481,2024-074H,59541,PAY,+,US,2024-04-18,AFETR,,94.27,43.00,483,483,,,EA,ORB
STARLINK-31540,2024-074J,59542,PAY,+,US,2024-04-18,AFETR,,94.27,43.00,484,482,,,EA,ORB
STARLINK-31574,2024-074K,59543,PAY,+,US,2024-04-18,AFETR,,94.27,43.00,484,482,,,EA,ORB
STARLINK-31556,2024-074L,59544,PAY,+,US,2024-04-18,AFETR,,94.27,43.00,484,482,,,EA,ORB
STARLINK-31582,2024-074M,59545,PAY,+,US,2024-04-18,AFETR,,94.27,43.00,483,483,,,EA,ORB
STARLINK-31519,2024-074N,59546,PAY,+,US,2024-04-18,AFETR,,94.27,43.00,484,482,,,EA,ORB
STARLINK-31736,2024-074P,59547,PAY,+,US,2024-04-18,AFETR,,94.27,43.00,483,483,,,EA,ORB
STARLINK-31675,2024-074Q,59548,PAY,+,US,2024-04-18,AFETR,,94.27,43.00,484,482,,,EA,ORB
STARLINK-31722,2024-074R,59549,PAY,+,US,2024-04-18,AFETR,,94.27,43.00,483,483,,,EA,ORB
STARLINK-31741,2024-074S,59550,PAY,+,US,2024-04-18,AFETR,,94.27,43.00,484,483,,,EA,ORB
STARLINK-31699,2024-074T,59551,PAY,+,US,2024-04-18,AFETR,,94.27,43.00,484,482,,,EA,ORB
STARLINK-31750,2024-074U,59552,PAY,+,US,2024-04-18,AFETR,,94.27,43.00,484,482,,,EA,ORB
STARLINK-31723,2024-074V,59553,PAY,+,US,2024-04-18,AFETR,,94.27,43.00,484,482,,,EA,ORB
STARLINK-31724,2024-074W,59554,PAY,+,US,2024-04-18,AFETR,,94.27,43.00,483,483,,,EA,ORB
STARLINK-31730,2024-074X,59555,PAY,+,US,2024-04-18,AFETR,,94.27,43.00,484,482,,,EA,ORB
STARLINK-31718,2024-074Y,59556,PAY,+,US,2024-04-18,AFETR,,94.27,43.00,484,482,,,EA,ORB
YAOGAN-42 02,2024-075A,59557,PAY,+,PRC,2024-04-20,XICLF,,94.55,35.00,500,494,,,EA,ORB
CZ-2D R/B,2024-075B,59558,R/B,D,PRC,2024-04-20,XICLF,2025-05-22,88.06,35.06,182,175,,,EA,IMP
STARLINK-31747,2024-076A,59564,PAY,+,US,2024-04-23,AFETR,,94.27,43.00,484,482,,,EA,ORB
STARLINK-31388,2024-076B,59565,PAY,+,US,2024-04-23,AFETR,,94.27,43.00,484,482,,,EA,ORB
STARLINK-31332,2024-076C,59566,PAY,+,US,2024-04-23,AFETR,,94.27,43.01,484,482,,,EA,ORB
STARLINK-31689,2024-076D,59567,PAY,+,US,2024-04-23,AFETR,,94.27,43.00,484,483,,,EA,ORB
STARLINK-31471,2024-076E,59568,PAY,+,US,2024-04-23,AFETR,,94.27,43.00,484,482,,,EA,ORB
STARLINK-31470,2024-076F,59569,PAY,+,US,2024-04-23,AFETR,,94.27,43.00,484,482,,,EA,ORB
STARLINK-31587,2024-076G,59570,PAY,+,US,2024-04-23,AFETR,,94.27,43.00,483,483,,,EA,ORB
STARLINK-31606,2024-076H,59571,PAY,+,US,2024-04-23,AFETR,,94.27,43.00,484,482,,,EA,ORB
STARLINK-31666,2024-076J,59572,PAY,+,US,2024-04-23,AFETR,,94.26,43.00,484,481,,,EA,ORB
STARLINK-31683,2024-076K,59573,PAY,+,US,2024-04-23,AFETR,,94.27,43.00,484,482,,,EA,ORB
STARLINK-31751,2024-076L,59574,PAY,+,US,2024-04-23,AFETR,,94.27,43.00,484,483,,,EA,ORB
STARLINK-31510,2024-076M,59575,PAY,+,US,2024-04-23,AFETR,,94.27,43.00,484,482,,,EA,ORB
STARLINK-31663,2024-076N,59576,PAY,+,US,2024-04-23,AFETR,,94.27,43.00,484,483,,,EA,ORB
STARLINK-31692,2024-076P,59577,PAY,+,US,2024-04-23,AFETR,,93.48,43.00,454,436,,,EA,ORB
STARLINK-31685,2024-076Q,59578,PAY,+,US,2024-04-23,AFETR,,94.27,43.00,484,482,,,EA,ORB
STARLINK-31686,2024-076R,59579,PAY,+,US,2024-04-23,AFETR,,94.27,43.00,484,482,,,EA,ORB
STARLINK-31668,2024-076S,59580,PAY,+,US,2024-04-23,AFETR,,94.27,43.01,484,482,,,EA,ORB
STARLINK-31690,2024-076T,59581,PAY,+,US,2024-04-23,AFETR,,94.26,43.00,484,482,,,EA,ORB
STARLINK-31701,2024-076U,59582,PAY,+,US,2024-04-23,AFETR,,94.27,43.00,484,482,,,EA,ORB
STARLINK-31697,2024-076V,59583,PAY,+,US,2024-04-23,AFETR,,94.27,43.00,484,482,,,EA,ORB
STARLINK-31662,2024-076W,59584,PAY,+,US,2024-04-23,AFETR,,94.27,43.00,484,482,,,EA,ORB
STARLINK-31702,2024-076X,59585,PAY,+,US,2024-04-23,AFETR,,94.27,43.00,484,482,,,EA,ORB
STARLINK-31704,2024-076Y,59586,PAY,P,US,2024-04-23,AFETR,,91.91,42.98,388,349,,,EA,ORB
NEONSAT-1,2024-077A,59587,PAY,+,SKOR,2024-04-23,RLLB,,93.51,97.35,452,440,,,EA,ORB
ACS3,2024-077B,59588,PAY,+,US,2024-04-23,RLLB,,103.10,97.19,992,819,,,EA,ORB
ELECTRON R/B,2024-077C,59589,R/B,D,US,2024-04-23,RLLB,2024-04-29,87.70,97.37,193,128,,,EA,IMP
ELECTRON KICK STAGE R/B,2024-077D,59590,R/B,,US,2024-04-23,RLLB,,98.72,97.33,942,454,,,EA,ORB
SHENZHOU-18 (SZ-18),2024-078A,59591,PAY,D,PRC,2024-04-25,JSC,2024-11-03,92.41,41.47,396,390,,,EA,LAN
CZ-2F R/B,2024-078B,59592,R/B,D,PRC,2024-04-25,JSC,2024-05-06,87.55,41.46,169,137,,,EA,IMP
CZ-2F DEB,2024-078C,59593,DEB,D,PRC,2024-04-25,JSC,2024-04-28,91.75,41.61,530,191,,,EA,IMP
CZ-2F DEB,2024-078D,59594,DEB,D,PRC,2024-04-25,JSC,2024-04-28,88.26,41.60,230,147,,,EA,IMP
CZ-2F DEB,2024-078E,59595,DEB,D,PRC,2024-04-25,JSC,2024-04-27,90.33,41.30,398,183,,,EA,IMP
GSAT0225 (GALILEO 29),2024-079A,59598,PAY,+,ESA,2024-04-28,AFETR,,844.70,55.16,23228,23216,,,EA,ORB
FALCON 9 R/B,2024-079B,59599,R/B,,US,2024-04-28,AFETR,,832.30,55.12,22938,22925,,,EA,ORB
GSAT0227 (GALILEO 30),2024-079C,59600,PAY,+,ESA,2024-04-28,AFETR,,844.70,55.14,23232,23212,,,EA,ORB
STARLINK-31770,2024-080A,59601,PAY,+,US,2024-04-28,AFETR,,94.27,43.00,484,483,,,EA,ORB
STARLINK-31778,2024-080B,59602,PAY,+,US,2024-04-28,AFETR,,94.27,43.00,484,483,,,EA,ORB
STARLINK-31776,2024-080C,59603,PAY,+,US,2024-04-28,AFETR,,94.27,43.00,484,482,,,EA,ORB
STARLINK-31765,2024-080D,59604,PAY,+,US,2024-04-28,AFETR,,94.27,43.00,484,482,,,EA,ORB
STARLINK-31767,2024-080E,59605,PAY,+,US,2024-04-28,AFETR,,94.27,43.00,484,482,,,EA,ORB
STARLINK-31782,2024-080F,59606,PAY,+,US,2024-04-28,AFETR,,94.27,43.00,484,482,,,EA,ORB
STARLINK-31755,2024-080G,59607,PAY,+,US,2024-04-28,AFETR,,94.27,43.00,483,483,,,EA,ORB
STARLINK-31585,2024-080H,59608,PAY,+,US,2024-04-28,AFETR,,94.27,43.00,484,482,,,EA,ORB
STARLINK-31667,2024-080J,59609,PAY,+,US,2024-04-28,AFETR,,94.27,43.00,483,483,,,EA,ORB
STARLINK-31729,2024-080K,59610,PAY,+,US,2024-04-28,AFETR,,94.27,43.00,484,482,,,EA,ORB
STARLINK-31448,2024-080L,59611,PAY,+,US,2024-04-28,AFETR,,94.27,43.00,483,483,,,EA,ORB
STARLINK-31748,2024-080M,59612,PAY,+,US,2024-04-28,AFETR,,94.27,43.00,484,482,,,EA,ORB
STARLINK-31746,2024-080N,59613,PAY,+,US,2024-04-28,AFETR,,94.27,43.00,483,483,,,EA,ORB
STARLINK-31762,2024-080P,59614,PAY,+,US,2024-04-28,AFETR,,94.27,43.00,484,482,,,EA,ORB
STARLINK-31761,2024-080Q,59615,PAY,D,US,2024-04-28,AFETR,2026-05-07,88.84,42.99,233,202,,,EA,IMP
STARLINK-31768,2024-080R,59616,PAY,+,US,2024-04-28,AFETR,,94.26,43.00,484,482,,,EA,ORB
STARLINK-31769,2024-080S,59617,PAY,+,US,2024-04-28,AFETR,,94.27,43.00,484,482,,,EA,ORB
STARLINK-31784,2024-080T,59618,PAY,+,US,2024-04-28,AFETR,,94.27,43.00,484,482,,,EA,ORB
STARLINK-31777,2024-080U,59619,PAY,+,US,2024-04-28,AFETR,,94.27,43.00,484,482,,,EA,ORB
STARLINK-31771,2024-080V,59620,PAY,D,US,2024-04-28,AFETR,2025-12-24,89.36,42.97,255,231,,,EA,IMP
STARLINK-31758,2024-080W,59621,PAY,+,US,2024-04-28,AFETR,,94.27,43.00,484,483,,,EA,ORB
STARLINK-31774,2024-080X,59622,PAY,+,US,2024-04-28,AFETR,,94.27,43.00,484,482,,,EA,ORB
STARLINK-31763,2024-080Y,59623,PAY,+,US,2024-04-28,AFETR,,94.27,43.00,484,483,,,EA,ORB
LEGION 1,2024-081A,59625,PAY,+,US,2024-05-02,AFWTR,,94.92,97.50,522,508,,,EA,ORB
LEGION 2,2024-081B,59626,PAY,+,US,2024-05-02,AFWTR,,94.92,97.50,524,506,,,EA,ORB
CHANG'E-6,2024-083A,59627,PAY,X,PRC,2024-05-03,WSC,,,,,,,,EL,ORB
CZ-5 R/B,2024-083B,59628,R/B,D,PRC,2024-05-03,WSC,2024-05-16,23911.53,23.15,537024,91,,,EA,IMP
ICUBE-QAMAR (ICUBE-Q),2024-083C,59629,PAY,+,PAKI,2024-05-03,WSC,,,,,,,,MO,ORB
DRAGON CRS-30 DEB,2024-054B,59630,DEB,D,US,2024-03-21,AFETR,2024-05-13,86.47,51.62,114,85,,,EA,IMP
STARLINK-31749,2024-082A,59631,PAY,+,US,2024-05-03,AFETR,,94.27,43.00,484,482,,,EA,ORB
STARLINK-31781,2024-082B,59632,PAY,+,US,2024-05-03,AFETR,,94.27,43.00,484,482,,,EA,ORB
STARLINK-31541,2024-082C,59633,PAY,+,US,2024-05-03,AFETR,,94.27,43.00,484,482,,,EA,ORB
STARLINK-31797,2024-082D,59634,PAY,+,US,2024-05-03,AFETR,,94.27,43.00,484,483,,,EA,ORB
STARLINK-31798,2024-082E,59635,PAY,+,US,2024-05-03,AFETR,,94.27,43.00,484,483,,,EA,ORB
STARLINK-31802,2024-082F,59636,PAY,+,US,2024-05-03,AFETR,,94.27,43.00,484,482,,,EA,ORB
STARLINK-31791,2024-082G,59637,PAY,+,US,2024-05-03,AFETR,,94.27,43.00,484,482,,,EA,ORB
STARLINK-31727,2024-082H,59638,PAY,+,US,2024-05-03,AFETR,,94.27,43.00,484,482,,,EA,ORB
STARLINK-31807,2024-082J,59639,PAY,+,US,2024-05-03,AFETR,,94.27,43.00,484,482,,,EA,ORB
STARLINK-31806,2024-082K,59640,PAY,+,US,2024-05-03,AFETR,,94.27,43.00,484,482,,,EA,ORB
STARLINK-31804,2024-082L,59641,PAY,+,US,2024-05-03,AFETR,,94.27,43.00,484,482,,,EA,ORB
STARLINK-31660,2024-082M,59642,PAY,+,US,2024-05-03,AFETR,,94.27,42.99,488,478,,,EA,ORB
STARLINK-31800,2024-082N,59643,PAY,+,US,2024-05-03,AFETR,,94.27,43.00,484,482,,,EA,ORB
STARLINK-31789,2024-082P,59644,PAY,+,US,2024-05-03,AFETR,,94.27,43.00,485,481,,,EA,ORB
STARLINK-31795,2024-082Q,59645,PAY,+,US,2024-05-03,AFETR,,94.27,43.00,484,482,,,EA,ORB
STARLINK-31796,2024-082R,59646,PAY,+,US,2024-05-03,AFETR,,94.27,43.00,484,482,,,EA,ORB
STARLINK-31801,2024-082S,59647,PAY,+,US,2024-05-03,AFETR,,94.27,43.00,484,482,,,EA,ORB
STARLINK-31790,2024-082T,59648,PAY,D,US,2024-05-03,AFETR,2025-08-22,88.35,42.98,234,151,,,EA,IMP
STARLINK-31803,2024-082U,59649,PAY,D,US,2024-05-03,AFETR,2025-05-03,89.73,42.99,271,251,,,EA,IMP
STARLINK-31787,2024-082V,59650,PAY,+,US,2024-05-03,AFETR,,94.27,43.00,484,483,,,EA,ORB
STARLINK-31277,2024-082W,59651,PAY,+,US,2024-05-03,AFETR,,94.27,43.00,484,482,,,EA,ORB
STARLINK-31799,2024-082X,59652,PAY,+,US,2024-05-03,AFETR,,94.27,43.00,484,482,,,EA,ORB
STARLINK-31764,2024-082Y,59653,PAY,+,US,2024-05-03,AFETR,,94.27,43.00,484,482,,,EA,ORB
STARLINK-31589,2024-084A,59654,PAY,+,US,2024-05-06,AFETR,,94.27,43.00,484,483,,,EA,ORB
STARLINK-31665,2024-084B,59655,PAY,+,US,2024-05-06,AFETR,,94.27,43.00,484,482,,,EA,ORB
STARLINK-31912,2024-084C,59656,PAY,+,US,2024-05-06,AFETR,,94.27,43.00,484,482,,,EA,ORB
STARLINK-31904,2024-084D,59657,PAY,+,US,2024-05-06,AFETR,,94.27,43.00,484,482,,,EA,ORB
STARLINK-31858,2024-084E,59658,PAY,+,US,2024-05-06,AFETR,,94.27,43.00,483,483,,,EA,ORB
STARLINK-31881,2024-084F,59659,PAY,+,US,2024-05-06,AFETR,,94.27,43.00,483,483,,,EA,ORB
STARLINK-31885,2024-084G,59660,PAY,+,US,2024-05-06,AFETR,,94.27,43.00,484,482,,,EA,ORB
STARLINK-31880,2024-084H,59661,PAY,+,US,2024-05-06,AFETR,,94.27,43.00,484,483,,,EA,ORB
STARLINK-31886,2024-084J,59662,PAY,+,US,2024-05-06,AFETR,,94.27,43.00,484,482,,,EA,ORB
STARLINK-31909,2024-084K,59663,PAY,+,US,2024-05-06,AFETR,,94.27,43.00,484,482,,,EA,ORB
STARLINK-31910,2024-084L,59664,PAY,+,US,2024-05-06,AFETR,,94.27,43.00,483,483,,,EA,ORB
STARLINK-31894,2024-084M,59665,PAY,D,US,2024-05-06,AFETR,2024-09-19,89.43,42.98,253,240,,,EA,IMP
STARLINK-31902,2024-084N,59666,PAY,+,US,2024-05-06,AFETR,,94.27,43.00,484,482,,,EA,ORB
STARLINK-31913,2024-084P,59667,PAY,+,US,2024-05-06,AFETR,,94.27,43.00,484,483,,,EA,ORB
STARLINK-31866,2024-084Q,59668,PAY,+,US,2024-05-06,AFETR,,94.27,43.00,484,482,,,EA,ORB
STARLINK-31917,2024-084R,59669,PAY,+,US,2024-05-06,AFETR,,94.27,43.00,484,482,,,EA,ORB
STARLINK-31860,2024-084S,59670,PAY,+,US,2024-05-06,AFETR,,94.27,43.00,484,482,,,EA,ORB
STARLINK-31854,2024-084T,59671,PAY,+,US,2024-05-06,AFETR,,94.27,43.00,483,483,,,EA,ORB
STARLINK-31842,2024-084U,59672,PAY,+,US,2024-05-06,AFETR,,94.27,43.00,484,482,,,EA,ORB
STARLINK-31871,2024-084V,59673,PAY,+,US,2024-05-06,AFETR,,94.27,43.00,484,483,,,EA,ORB
STARLINK-31875,2024-084W,59674,PAY,+,US,2024-05-06,AFETR,,94.27,43.00,484,483,,,EA,ORB
STARLINK-31877,2024-084X,59675,PAY,+,US,2024-05-06,AFETR,,94.27,43.00,484,482,,,EA,ORB
STARLINK-31884,2024-084Y,59676,PAY,+,US,2024-05-06,AFETR,,94.27,43.00,483,483,,,EA,ORB
HAIWANGXING 01 (NEPTUNE),2024-085A,59677,PAY,D,PRC,2024-05-07,TAISC,2025-03-28,87.51,97.33,159,144,,,EA,IMP
OBJECT B,2024-085B,59678,PAY,D,PRC,2024-05-07,TAISC,2026-03-20,89.14,97.33,243,221,,,EA,IMP
OBJECT C,2024-085C,59679,PAY,+,PRC,2024-05-07,TAISC,,93.81,97.33,479,443,,,EA,ORB
OBJECT D,2024-085D,59680,PAY,+,PRC,2024-05-07,TAISC,,93.68,97.32,464,446,,,EA,ORB
CZ-6C R/B,2024-085E,59681,R/B,D,PRC,2024-05-07,TAISC,2026-01-22,87.23,97.30,144,131,,,EA,IMP
STARLINK-32108,2024-086A,59682,PAY,+,US,2024-05-08,AFETR,,94.27,43.00,484,482,,,EA,ORB
STARLINK-32080,2024-086B,59683,PAY,+,US,2024-05-08,AFETR,,94.27,43.00,484,482,,,EA,ORB
STARLINK-32091,2024-086C,59684,PAY,+,US,2024-05-08,AFETR,,94.27,43.00,484,482,,,EA,ORB
STARLINK-32085,2024-086D,59685,PAY,+,US,2024-05-08,AFETR,,94.27,43.00,484,482,,,EA,ORB
STARLINK-32100,2024-086E,59686,PAY,+,US,2024-05-08,AFETR,,94.27,43.00,484,482,,,EA,ORB
STARLINK-32089,2024-086F,59687,PAY,+,US,2024-05-08,AFETR,,94.27,43.00,484,482,,,EA,ORB
STARLINK-32103,2024-086G,59688,PAY,+,US,2024-05-08,AFETR,,94.27,43.00,484,482,,,EA,ORB
STARLINK-32105,2024-086H,59689,PAY,+,US,2024-05-08,AFETR,,94.27,43.00,484,482,,,EA,ORB
STARLINK-32106,2024-086J,59690,PAY,+,US,2024-05-08,AFETR,,94.27,43.00,483,483,,,EA,ORB
STARLINK-32090,2024-086K,59691,PAY,+,US,2024-05-08,AFETR,,94.27,43.00,484,482,,,EA,ORB
STARLINK-32095,2024-086L,59692,PAY,D,US,2024-05-08,AFETR,2025-04-15,88.58,42.97,211,198,,,EA,IMP
STARLINK-32088,2024-086M,59693,PAY,+,US,2024-05-08,AFETR,,94.27,43.00,484,482,,,EA,ORB
STARLINK-32107,2024-086N,59694,PAY,+,US,2024-05-08,AFETR,,94.27,43.00,484,482,,,EA,ORB
STARLINK-32104,2024-086P,59695,PAY,+,US,2024-05-08,AFETR,,94.27,43.00,484,483,,,EA,ORB
STARLINK-32094,2024-086Q,59696,PAY,+,US,2024-05-08,AFETR,,94.27,43.00,484,482,,,EA,ORB
STARLINK-32099,2024-086R,59697,PAY,+,US,2024-05-08,AFETR,,94.27,43.00,484,482,,,EA,ORB
STARLINK-32096,2024-086S,59698,PAY,+,US,2024-05-08,AFETR,,94.27,43.00,484,482,,,EA,ORB
STARLINK-32102,2024-086T,59699,PAY,+,US,2024-05-08,AFETR,,94.27,43.00,484,482,,,EA,ORB
STARLINK-32092,2024-086U,59700,PAY,+,US,2024-05-08,AFETR,,94.27,43.00,484,482,,,EA,ORB
STARLINK-32093,2024-086V,59701,PAY,+,US,2024-05-08,AFETR,,94.27,43.00,484,482,,,EA,ORB
STARLINK-32087,2024-086W,59702,PAY,+,US,2024-05-08,AFETR,,94.27,43.00,484,483,,,EA,ORB
STARLINK-32086,2024-086X,59703,PAY,+,US,2024-05-08,AFETR,,94.27,43.00,484,482,,,EA,ORB
STARLINK-32098,2024-086Y,59704,PAY,+,US,2024-05-08,AFETR,,94.27,43.00,484,482,,,EA,ORB
ZHIHUI TIANWANG-1 01A,2024-087A,59705,PAY,+,PRC,2024-05-09,XICLF,,717.98,53.13,20258,20107,,,EA,ORB
ZHIHUI TIANWANG-1 01B,2024-087B,59706,PAY,+,PRC,2024-05-09,XICLF,,717.98,53.13,20254,20111,,,EA,ORB
CZ-3B R/B,2024-087C,59707,R/B,D,PRC,2024-05-09,XICLF,2026-06-30,88.57,52.91,292,116,,,EA,IMP
STARLINK-11107 [DTC],2024-088A,59708,PAY,+,US,2024-05-10,AFWTR,,91.74,53.16,361,359,,,EA,ORB
STARLINK-11088 [DTC],2024-088B,59709,PAY,+,US,2024-05-10,AFWTR,,91.74,53.16,361,359,,,EA,ORB
STARLINK-11092 [DTC],2024-088C,59710,PAY,+,US,2024-05-10,AFWTR,,91.74,53.16,361,359,,,EA,ORB
STARLINK-11082 [DTC],2024-088D,59711,PAY,+,US,2024-05-10,AFWTR,,91.74,53.16,361,359,,,EA,ORB
STARLINK-11108 [DTC],2024-088E,59712,PAY,+,US,2024-05-10,AFWTR,,91.74,53.16,361,359,,,EA,ORB
STARLINK-11100 [DTC],2024-088F,59713,PAY,+,US,2024-05-10,AFWTR,,91.74,53.16,360,359,,,EA,ORB
STARLINK-11094 [DTC],2024-088G,59714,PAY,+,US,2024-05-10,AFWTR,,91.74,53.16,360,359,,,EA,ORB
STARLINK-11101 [DTC],2024-088H,59715,PAY,+,US,2024-05-10,AFWTR,,91.73,53.16,360,359,,,EA,ORB
STARLINK-11099 [DTC],2024-088J,59716,PAY,+,US,2024-05-10,AFWTR,,91.74,53.16,360,359,,,EA,ORB
STARLINK-11084 [DTC],2024-088K,59717,PAY,+,US,2024-05-10,AFWTR,,91.73,53.16,360,359,,,EA,ORB
STARLINK-11103 [DTC],2024-088L,59718,PAY,+,US,2024-05-10,AFWTR,,91.74,53.16,361,359,,,EA,ORB
STARLINK-11096 [DTC],2024-088M,59719,PAY,+,US,2024-05-10,AFWTR,,91.74,53.16,361,359,,,EA,ORB
STARLINK-11095 [DTC],2024-088N,59720,PAY,+,US,2024-05-10,AFWTR,,91.74,53.16,360,359,,,EA,ORB
STARLINK-31834,2024-088P,59721,PAY,+,US,2024-05-10,AFWTR,,94.01,53.16,472,470,,,EA,ORB
STARLINK-31843,2024-088Q,59722,PAY,+,US,2024-05-10,AFWTR,,94.01,53.16,472,470,,,EA,ORB
STARLINK-31766,2024-088R,59723,PAY,+,US,2024-05-10,AFWTR,,93.85,53.16,464,462,,,EA,ORB
STARLINK-31836,2024-088S,59724,PAY,+,US,2024-05-10,AFWTR,,94.01,53.16,472,470,,,EA,ORB
STARLINK-31820,2024-088T,59725,PAY,+,US,2024-05-10,AFWTR,,94.01,53.16,472,470,,,EA,ORB
STARLINK-31642,2024-088U,59726,PAY,+,US,2024-05-10,AFWTR,,94.01,53.16,472,470,,,EA,ORB
STARLINK-31827,2024-088V,59727,PAY,+,US,2024-05-10,AFWTR,,94.01,53.16,471,470,,,EA,ORB
SHIYAN-23 (SY-23),2024-089A,59728,PAY,+,PRC,2024-05-11,JSC,,96.83,97.78,610,604,,,EA,ORB
CZ-4C R/B,2024-089B,59729,R/B,,PRC,2024-05-11,JSC,,93.95,97.69,518,417,,,EA,ORB
STARLINK-31472,2024-090A,59730,PAY,+,US,2024-05-13,AFETR,,93.99,43.00,474,465,,,EA,ORB
STARLINK-31817,2024-090B,59731,PAY,+,US,2024-05-13,AFETR,,94.27,43.00,484,482,,,EA,ORB
STARLINK-31841,2024-090C,59732,PAY,D,US,2024-05-13,AFETR,2025-12-06,88.56,42.97,212,195,,,EA,IMP
STARLINK-31833,2024-090D,59733,PAY,+,US,2024-05-13,AFETR,,94.27,43.00,484,482,,,EA,ORB
STARLINK-31849,2024-090E,59734,PAY,+,US,2024-05-13,AFETR,,94.27,43.00,484,483,,,EA,ORB
STARLINK-31661,2024-090F,59735,PAY,+,US,2024-05-13,AFETR,,94.27,43.00,484,482,,,EA,ORB
STARLINK-31707,2024-090G,59736,PAY,+,US,2024-05-13,AFETR,,94.27,43.00,484,482,,,EA,ORB
STARLINK-31821,2024-090H,59737,PAY,+,US,2024-05-13,AFETR,,94.27,43.00,484,482,,,EA,ORB
STARLINK-31819,2024-090J,59738,PAY,+,US,2024-05-13,AFETR,,94.27,43.00,484,482,,,EA,ORB
STARLINK-31726,2024-090K,59739,PAY,+,US,2024-05-13,AFETR,,94.27,43.00,484,482,,,EA,ORB
STARLINK-31759,2024-090L,59740,PAY,+,US,2024-05-13,AFETR,,94.27,43.00,484,482,,,EA,ORB
STARLINK-31818,2024-090M,59741,PAY,+,US,2024-05-13,AFETR,,94.27,43.00,484,482,,,EA,ORB
STARLINK-31816,2024-090N,59742,PAY,+,US,2024-05-13,AFETR,,94.27,43.00,484,482,,,EA,ORB
STARLINK-31809,2024-090P,59743,PAY,+,US,2024-05-13,AFETR,,94.27,43.00,484,482,,,EA,ORB
STARLINK-31779,2024-090Q,59744,PAY,+,US,2024-05-13,AFETR,,94.27,43.01,484,482,,,EA,ORB
STARLINK-31805,2024-090R,59745,PAY,+,US,2024-05-13,AFETR,,94.27,43.01,484,482,,,EA,ORB
STARLINK-31681,2024-090S,59746,PAY,+,US,2024-05-13,AFETR,,94.27,43.00,484,482,,,EA,ORB
STARLINK-31636,2024-090T,59747,PAY,+,US,2024-05-13,AFETR,,94.27,43.00,484,482,,,EA,ORB
STARLINK-31640,2024-090U,59748,PAY,+,US,2024-05-13,AFETR,,94.27,43.00,484,482,,,EA,ORB
STARLINK-31677,2024-090V,59749,PAY,+,US,2024-05-13,AFETR,,94.27,43.00,484,482,,,EA,ORB
STARLINK-31783,2024-090W,59750,PAY,+,US,2024-05-13,AFETR,,94.27,43.00,484,482,,,EA,ORB
STARLINK-31808,2024-090X,59751,PAY,+,US,2024-05-13,AFETR,,94.27,43.01,484,482,,,EA,ORB
STARLINK-31822,2024-090Y,59752,PAY,+,US,2024-05-13,AFETR,,94.27,43.01,484,482,,,EA,ORB
STARLINK-11125 [DTC],2024-091A,59753,PAY,D,US,2024-05-14,AFWTR,2025-06-14,88.51,53.13,208,194,,,EA,IMP
STARLINK-11118 [DTC],2024-091B,59754,PAY,+,US,2024-05-14,AFWTR,,91.74,53.16,360,359,,,EA,ORB
STARLINK-11132 [DTC],2024-091C,59755,PAY,+,US,2024-05-14,AFWTR,,91.74,53.16,360,359,,,EA,ORB
STARLINK-11131 [DTC],2024-091D,59756,PAY,+,US,2024-05-14,AFWTR,,91.74,53.16,360,359,,,EA,ORB
STARLINK-11114 [DTC],2024-091E,59757,PAY,+,US,2024-05-14,AFWTR,,91.74,53.16,360,359,,,EA,ORB
STARLINK-11105 [DTC],2024-091F,59758,PAY,+,US,2024-05-14,AFWTR,,91.74,53.16,360,359,,,EA,ORB
STARLINK-11097 [DTC],2024-091G,59759,PAY,+,US,2024-05-14,AFWTR,,91.74,53.16,361,359,,,EA,ORB
STARLINK-11098 [DTC],2024-091H,59760,PAY,+,US,2024-05-14,AFWTR,,91.74,53.16,360,359,,,EA,ORB
STARLINK-11117 [DTC],2024-091J,59761,PAY,+,US,2024-05-14,AFWTR,,91.74,53.16,360,359,,,EA,ORB
STARLINK-11110 [DTC],2024-091K,59762,PAY,+,US,2024-05-14,AFWTR,,91.74,53.16,361,359,,,EA,ORB
STARLINK-11104 [DTC],2024-091L,59763,PAY,+,US,2024-05-14,AFWTR,,91.74,53.16,360,359,,,EA,ORB
STARLINK-11111 [DTC],2024-091M,59764,PAY,D,US,2024-05-14,AFWTR,2026-08-17,88.03,53.13,188,165,,,EA,IMP
STARLINK-11106 [DTC],2024-091N,59765,PAY,+,US,2024-05-14,AFWTR,,91.74,53.16,360,359,,,EA,ORB
STARLINK-31739,2024-091P,59766,PAY,+,US,2024-05-14,AFWTR,,93.85,53.16,464,462,,,EA,ORB
STARLINK-31828,2024-091Q,59767,PAY,+,US,2024-05-14,AFWTR,,94.01,53.16,471,470,,,EA,ORB
STARLINK-31826,2024-091R,59768,PAY,+,US,2024-05-14,AFWTR,,92.07,53.15,382,370,,,EA,ORB
STARLINK-31830,2024-091S,59769,PAY,+,US,2024-05-14,AFWTR,,94.11,53.16,476,475,,,EA,ORB
STARLINK-31829,2024-091T,59770,PAY,+,US,2024-05-14,AFWTR,,94.11,53.16,476,474,,,EA,ORB
STARLINK-31786,2024-091U,59771,PAY,+,US,2024-05-14,AFWTR,,94.11,53.16,476,474,,,EA,ORB
STARLINK-31835,2024-091V,59772,PAY,+,US,2024-05-14,AFWTR,,94.01,53.16,471,470,,,EA,ORB
COSMOS 2576,2024-092A,59773,PAY,+,CIS,2024-05-16,PLMSC,,94.70,97.44,513,494,,,EA,ORB
OBJECT B,2024-092B,59774,PAY,+,CIS,2024-05-16,PLMSC,,94.13,97.66,481,471,,,EA,ORB
OBJECT C,2024-092C,59775,PAY,+,CIS,2024-05-16,PLMSC,,94.09,97.67,479,469,,,EA,ORB
OBJECT D,2024-092D,59776,PAY,+,CIS,2024-05-16,PLMSC,,93.56,97.66,452,445,,,EA,ORB
OBJECT E,2024-092E,59777,PAY,+,CIS,2024-05-16,PLMSC,,93.56,97.66,453,445,,,EA,ORB
OBJECT F,2024-092F,59778,PAY,+,CIS,2024-05-16,PLMSC,,93.51,97.66,450,443,,,EA,ORB
OBJECT G,2024-092G,59779,PAY,+,CIS,2024-05-16,PLMSC,,100.57,98.68,794,777,,,EA,ORB
OBJECT H,2024-092H,59780,PAY,+,CIS,2024-05-16,PLMSC,,100.57,98.68,794,776,,,EA,ORB
OBJECT J,2024-092J,59781,PAY,+,CIS,2024-05-16,PLMSC,,100.57,98.68,794,777,,,EA,ORB
STARLINK-31363,2024-093A,59782,PAY,+,US,2024-05-18,AFETR,,94.27,43.00,484,482,,,EA,ORB
STARLINK-31868,2024-093B,59783,PAY,+,US,2024-05-18,AFETR,,94.27,43.00,484,482,,,EA,ORB
STARLINK-31848,2024-093C,59784,PAY,+,US,2024-05-18,AFETR,,94.26,43.00,483,482,,,EA,ORB
STARLINK-31890,2024-093D,59785,PAY,+,US,2024-05-18,AFETR,,94.27,43.00,484,482,,,EA,ORB
STARLINK-31862,2024-093E,59786,PAY,+,US,2024-05-18,AFETR,,94.27,43.00,484,482,,,EA,ORB
STARLINK-31870,2024-093F,59787,PAY,+,US,2024-05-18,AFETR,,94.27,43.00,484,482,,,EA,ORB
STARLINK-31888,2024-093G,59788,PAY,+,US,2024-05-18,AFETR,,94.27,43.00,484,482,,,EA,ORB
STARLINK-31863,2024-093H,59789,PAY,+,US,2024-05-18,AFETR,,94.27,43.00,484,482,,,EA,ORB
STARLINK-31873,2024-093J,59790,PAY,+,US,2024-05-18,AFETR,,94.27,43.00,483,483,,,EA,ORB
STARLINK-31865,2024-093K,59791,PAY,+,US,2024-05-18,AFETR,,94.27,43.00,484,482,,,EA,ORB
STARLINK-31893,2024-093L,59792,PAY,D,US,2024-05-18,AFETR,2025-04-08,88.89,42.98,227,213,,,EA,IMP
STARLINK-31901,2024-093M,59793,PAY,D,US,2024-05-18,AFETR,2025-03-30,88.97,42.98,228,220,,,EA,IMP
STARLINK-31823,2024-093N,59794,PAY,+,US,2024-05-18,AFETR,,94.27,43.00,484,482,,,EA,ORB
STARLINK-31916,2024-093P,59795,PAY,+,US,2024-05-18,AFETR,,94.27,43.00,484,482,,,EA,ORB
STARLINK-31915,2024-093Q,59796,PAY,D,US,2024-05-18,AFETR,2024-06-03,88.11,42.99,185,177,,,EA,IMP
STARLINK-31907,2024-093R,59797,PAY,+,US,2024-05-18,AFETR,,94.27,43.00,484,482,,,EA,ORB
STARLINK-31687,2024-093S,59798,PAY,+,US,2024-05-18,AFETR,,94.27,43.01,484,482,,,EA,ORB
STARLINK-31810,2024-093T,59799,PAY,+,US,2024-05-18,AFETR,,94.27,43.00,484,482,,,EA,ORB
STARLINK-31812,2024-093U,59800,PAY,+,US,2024-05-18,AFETR,,94.27,43.00,483,483,,,EA,ORB
STARLINK-31815,2024-093V,59801,PAY,+,US,2024-05-18,AFETR,,94.27,43.01,484,482,,,EA,ORB
STARLINK-31814,2024-093W,59802,PAY,+,US,2024-05-18,AFETR,,94.27,43.00,484,482,,,EA,ORB
STARLINK-31794,2024-093X,59803,PAY,+,US,2024-05-18,AFETR,,94.27,43.00,484,483,,,EA,ORB
STARLINK-31824,2024-093Y,59804,PAY,+,US,2024-05-18,AFETR,,94.27,43.00,483,483,,,EA,ORB
OBJECT A,2024-094A,59805,PAY,+,PRC,2024-05-20,TAISC,,94.94,97.38,517,515,,,EA,ORB
OBJECT B,2024-094B,59806,PAY,+,PRC,2024-05-20,TAISC,,94.94,97.38,518,513,,,EA,ORB
OBJECT C,2024-094C,59807,PAY,+,PRC,2024-05-20,TAISC,,94.94,97.39,518,514,,,EA,ORB
OBJECT D,2024-094D,59808,PAY,+,PRC,2024-05-20,TAISC,,94.94,97.38,519,512,,,EA,ORB
OBJECT K,2024-092K,59809,PAY,+,CIS,2024-05-16,PLMSC,,93.58,97.66,454,446,,,EA,ORB
OBJECT A,2024-095A,59810,PAY,+,PRC,2024-05-21,JSC,,95.36,97.53,538,534,,,EA,ORB
OBJECT B,2024-095B,59811,PAY,D,PRC,2024-05-21,JSC,2025-05-16,88.05,97.55,185,170,,,EA,IMP
OBJECT C,2024-095C,59812,PAY,D,PRC,2024-05-21,JSC,2026-06-01,87.66,97.53,169,148,,,EA,IMP
OBJECT D,2024-095D,59813,PAY,D,PRC,2024-05-21,JSC,2026-03-15,88.38,97.52,202,187,,,EA,IMP
USA 354,2024-096A,59814,PAY,+,US,2024-05-22,AFWTR,,96.21,70.03,579,575,,NEA,EA,ORB
USA 355,2024-096B,59815,PAY,+,US,2024-05-22,AFWTR,,96.21,70.03,579,575,,NEA,EA,ORB
USA 356,2024-096C,59816,PAY,+,US,2024-05-22,AFWTR,,96.21,70.03,579,575,,NEA,EA,ORB
USA 357,2024-096D,59817,PAY,+,US,2024-05-22,AFWTR,,96.21,70.03,580,575,,NEA,EA,ORB
USA 358,2024-096E,59818,PAY,+,US,2024-05-22,AFWTR,,96.21,70.03,580,575,,NEA,EA,ORB
USA 359,2024-096F,59819,PAY,+,US,2024-05-22,AFWTR,,96.21,70.03,580,575,,NEA,EA,ORB
USA 360,2024-096G,59820,PAY,+,US,2024-05-22,AFWTR,,96.21,70.03,579,575,,NEA,EA,ORB
USA 361,2024-096H,59821,PAY,+,US,2024-05-22,AFWTR,,96.21,70.03,579,575,,NEA,EA,ORB
USA 362,2024-096J,59822,PAY,+,US,2024-05-22,AFWTR,,96.21,70.03,579,575,,NEA,EA,ORB
USA 363,2024-096K,59823,PAY,+,US,2024-05-22,AFWTR,,96.21,70.03,579,575,,NEA,EA,ORB
USA 364,2024-096L,59824,PAY,+,US,2024-05-22,AFWTR,,96.21,70.03,579,575,,NEA,EA,ORB
USA 365,2024-096M,59825,PAY,+,US,2024-05-22,AFWTR,,96.21,70.03,579,575,,NEA,EA,ORB
USA 366,2024-096N,59826,PAY,+,US,2024-05-22,AFWTR,,96.21,70.03,579,575,,NEA,EA,ORB
USA 367,2024-096P,59827,PAY,+,US,2024-05-22,AFWTR,,96.21,70.03,579,575,,NEA,EA,ORB
USA 368,2024-096Q,59828,PAY,+,US,2024-05-22,AFWTR,,96.21,70.03,579,575,,NEA,EA,ORB
USA 369,2024-096R,59829,PAY,+,US,2024-05-22,AFWTR,,96.21,70.03,579,575,,NEA,EA,ORB
USA 370,2024-096S,59830,PAY,+,US,2024-05-22,AFWTR,,96.21,70.03,579,575,,NEA,EA,ORB
USA 371,2024-096T,59831,PAY,+,US,2024-05-22,AFWTR,,96.21,70.03,579,575,,NEA,EA,ORB
USA 372,2024-096U,59832,PAY,+,US,2024-05-22,AFWTR,,96.21,70.03,579,575,,NEA,EA,ORB
USA 373,2024-096V,59833,PAY,+,US,2024-05-22,AFWTR,,96.21,70.03,579,575,,NEA,EA,ORB
USA 374,2024-096W,59834,PAY,+,US,2024-05-22,AFWTR,,96.21,70.03,579,575,,NEA,EA,ORB
STARLINK-31947,2024-097A,59835,PAY,+,US,2024-05-23,AFETR,,94.27,43.00,484,483,,,EA,ORB
STARLINK-31929,2024-097B,59836,PAY,+,US,2024-05-23,AFETR,,94.27,43.00,484,482,,,EA,ORB
STARLINK-31927,2024-097C,59837,PAY,+,US,2024-05-23,AFETR,,94.27,43.00,484,482,,,EA,ORB
STARLINK-31855,2024-097D,59838,PAY,+,US,2024-05-23,AFETR,,94.27,43.00,483,483,,,EA,ORB
STARLINK-31887,2024-097E,59839,PAY,+,US,2024-05-23,AFETR,,94.27,43.00,484,482,,,EA,ORB
STARLINK-31925,2024-097F,59840,PAY,D,US,2024-05-23,AFETR,2026-01-13,89.16,42.98,243,223,,,EA,IMP
STARLINK-31852,2024-097G,59841,PAY,+,US,2024-05-23,AFETR,,94.27,43.00,484,482,,,EA,ORB
STARLINK-31906,2024-097H,59842,PAY,+,US,2024-05-23,AFETR,,94.27,43.00,484,482,,,EA,ORB
STARLINK-31857,2024-097J,59843,PAY,+,US,2024-05-23,AFETR,,94.27,43.00,484,482,,,EA,ORB
STARLINK-31851,2024-097K,59844,PAY,+,US,2024-05-23,AFETR,,94.27,43.00,484,482,,,EA,ORB
STARLINK-31903,2024-097L,59845,PAY,+,US,2024-05-23,AFETR,,94.27,43.01,484,482,,,EA,ORB
STARLINK-31922,2024-097M,59846,PAY,+,US,2024-05-23,AFETR,,94.27,43.00,484,482,,,EA,ORB
STARLINK-31889,2024-097N,59847,PAY,+,US,2024-05-23,AFETR,,94.27,43.00,484,482,,,EA,ORB
STARLINK-31859,2024-097P,59848,PAY,+,US,2024-05-23,AFETR,,94.10,43.00,478,471,,,EA,ORB
STARLINK-31895,2024-097Q,59849,PAY,+,US,2024-05-23,AFETR,,94.27,43.00,484,482,,,EA,ORB
STARLINK-31899,2024-097R,59850,PAY,+,US,2024-05-23,AFETR,,94.27,43.00,484,482,,,EA,ORB
STARLINK-31896,2024-097S,59851,PAY,+,US,2024-05-23,AFETR,,94.27,43.00,484,483,,,EA,ORB
STARLINK-31897,2024-097T,59852,PAY,D,US,2024-05-23,AFETR,2025-10-12,89.22,42.98,245,227,,,EA,IMP
STARLINK-31892,2024-097U,59853,PAY,+,US,2024-05-23,AFETR,,94.27,43.00,484,482,,,EA,ORB
STARLINK-31891,2024-097V,59854,PAY,+,US,2024-05-23,AFETR,,94.27,43.00,484,482,,,EA,ORB
STARLINK-31882,2024-097W,59855,PAY,+,US,2024-05-23,AFETR,,94.27,43.00,484,482,,,EA,ORB
STARLINK-31691,2024-097X,59856,PAY,+,US,2024-05-23,AFETR,,94.27,43.00,484,482,,,EA,ORB
STARLINK-31569,2024-097Y,59857,PAY,+,US,2024-05-23,AFETR,,94.27,43.00,484,482,,,EA,ORB
STARLINK-31654,2024-098A,59858,PAY,+,US,2024-05-24,AFETR,,94.27,43.00,484,482,,,EA,ORB
STARLINK-31442,2024-098B,59859,PAY,+,US,2024-05-24,AFETR,,94.27,43.00,484,482,,,EA,ORB
STARLINK-31651,2024-098C,59860,PAY,+,US,2024-05-24,AFETR,,94.27,43.00,484,482,,,EA,ORB
STARLINK-31703,2024-098D,59861,PAY,D,US,2024-05-24,AFETR,2024-11-06,88.68,42.98,221,197,,,EA,IMP
STARLINK-31584,2024-098E,59862,PAY,+,US,2024-05-24,AFETR,,94.27,43.00,484,482,,,EA,ORB
STARLINK-31950,2024-098F,59863,PAY,+,US,2024-05-24,AFETR,,94.27,43.00,483,483,,,EA,ORB
STARLINK-31931,2024-098G,59864,PAY,+,US,2024-05-24,AFETR,,94.27,43.00,484,482,,,EA,ORB
STARLINK-31938,2024-098H,59865,PAY,+,US,2024-05-24,AFETR,,94.27,43.00,484,482,,,EA,ORB
STARLINK-31941,2024-098J,59866,PAY,+,US,2024-05-24,AFETR,,94.27,43.00,484,482,,,EA,ORB
STARLINK-31952,2024-098K,59867,PAY,+,US,2024-05-24,AFETR,,94.27,43.00,484,482,,,EA,ORB
STARLINK-31921,2024-098L,59868,PAY,+,US,2024-05-24,AFETR,,94.27,43.00,484,482,,,EA,ORB
STARLINK-31760,2024-098M,59869,PAY,+,US,2024-05-24,AFETR,,94.27,43.00,484,482,,,EA,ORB
STARLINK-31945,2024-098N,59870,PAY,+,US,2024-05-24,AFETR,,94.27,43.00,484,482,,,EA,ORB
STARLINK-31937,2024-098P,59871,PAY,+,US,2024-05-24,AFETR,,94.27,43.00,484,482,,,EA,ORB
STARLINK-31944,2024-098Q,59872,PAY,D,US,2024-05-24,AFETR,2024-08-15,90.15,42.99,286,278,,,EA,IMP
STARLINK-31940,2024-098R,59873,PAY,+,US,2024-05-24,AFETR,,94.27,43.00,484,482,,,EA,ORB
STARLINK-31933,2024-098S,59874,PAY,+,US,2024-05-24,AFETR,,94.27,43.00,484,482,,,EA,ORB
STARLINK-31936,2024-098T,59875,PAY,+,US,2024-05-24,AFETR,,94.27,43.01,485,481,,,EA,ORB
STARLINK-31935,2024-098U,59876,PAY,+,US,2024-05-24,AFETR,,94.27,43.01,484,482,,,EA,ORB
STARLINK-31934,2024-098V,59877,PAY,+,US,2024-05-24,AFETR,,94.27,43.00,484,482,,,EA,ORB
STARLINK-31943,2024-098W,59878,PAY,+,US,2024-05-24,AFETR,,92.24,42.99,403,365,,,EA,ORB
STARLINK-31926,2024-098X,59879,PAY,+,US,2024-05-24,AFETR,,94.27,43.00,484,482,,,EA,ORB
STARLINK-31919,2024-098Y,59880,PAY,+,US,2024-05-24,AFETR,,94.27,43.00,484,482,,,EA,ORB
PREFIRE-2,2024-099A,59881,PAY,+,US,2024-05-25,RLLB,,94.65,97.40,509,494,,,EA,ORB
ELECTRON R/B,2024-099B,59882,R/B,D,US,2024-05-25,RLLB,2024-06-10,87.47,97.45,167,131,,,EA,IMP
ELECTRON KICK STAGE R/B,2024-099C,59883,R/B,D,US,2024-05-25,RLLB,2025-06-01,88.23,97.41,192,182,,,EA,IMP
STARLINK-31974,2024-100A,59885,PAY,+,US,2024-05-28,AFETR,,94.27,43.00,484,482,,,EA,ORB
STARLINK-31975,2024-100B,59886,PAY,+,US,2024-05-28,AFETR,,94.27,43.00,484,482,,,EA,ORB
STARLINK-31976,2024-100C,59887,PAY,+,US,2024-05-28,AFETR,,94.27,43.00,484,482,,,EA,ORB
STARLINK-31965,2024-100D,59888,PAY,+,US,2024-05-28,AFETR,,94.27,43.00,484,482,,,EA,ORB
STARLINK-31969,2024-100E,59889,PAY,+,US,2024-05-28,AFETR,,94.27,43.00,484,482,,,EA,ORB
STARLINK-31951,2024-100F,59890,PAY,+,US,2024-05-28,AFETR,,94.27,43.00,484,482,,,EA,ORB
STARLINK-31949,2024-100G,59891,PAY,+,US,2024-05-28,AFETR,,94.27,43.00,484,482,,,EA,ORB
STARLINK-31977,2024-100H,59892,PAY,+,US,2024-05-28,AFETR,,94.27,43.00,484,482,,,EA,ORB
STARLINK-31963,2024-100J,59893,PAY,+,US,2024-05-28,AFETR,,94.27,43.00,484,482,,,EA,ORB
STARLINK-31961,2024-100K,59894,PAY,+,US,2024-05-28,AFETR,,94.27,43.00,484,482,,,EA,ORB
STARLINK-31964,2024-100L,59895,PAY,+,US,2024-05-28,AFETR,,94.27,43.00,484,482,,,EA,ORB
STARLINK-31905,2024-100M,59896,PAY,+,US,2024-05-28,AFETR,,94.27,43.00,484,482,,,EA,ORB
STARLINK-31928,2024-100N,59897,PAY,+,US,2024-05-28,AFETR,,94.27,43.00,485,481,,,EA,ORB
STARLINK-31953,2024-100P,59898,PAY,+,US,2024-05-28,AFETR,,94.27,43.00,485,481,,,EA,ORB
STARLINK-31942,2024-100Q,59899,PAY,+,US,2024-05-28,AFETR,,94.27,43.00,484,483,,,EA,ORB
STARLINK-31676,2024-100R,59900,PAY,+,US,2024-05-28,AFETR,,94.27,43.00,484,482,,,EA,ORB
STARLINK-31908,2024-100S,59901,PAY,+,US,2024-05-28,AFETR,,94.27,43.00,484,482,,,EA,ORB
STARLINK-31914,2024-100T,59902,PAY,+,US,2024-05-28,AFETR,,94.27,43.00,485,482,,,EA,ORB
STARLINK-31850,2024-100U,59903,PAY,+,US,2024-05-28,AFETR,,94.27,43.00,484,482,,,EA,ORB
STARLINK-31924,2024-100V,59904,PAY,+,US,2024-05-28,AFETR,,94.27,43.00,484,482,,,EA,ORB
STARLINK-31898,2024-100W,59905,PAY,+,US,2024-05-28,AFETR,,94.27,43.00,484,482,,,EA,ORB
STARLINK-31861,2024-100X,59906,PAY,+,US,2024-05-28,AFETR,,94.27,43.00,484,482,,,EA,ORB
STARLINK-31920,2024-100Y,59907,PAY,P,US,2024-05-28,AFETR,,91.72,42.98,376,342,,,EA,ORB
EARTHCARE,2024-101A,59908,PAY,+,ESA,2024-05-28,AFWTR,,92.48,97.06,397,395,,,EA,ORB
TIANQI-25,2024-102A,59909,PAY,+,PRC,2024-05-29,YSLA,,102.92,44.98,906,888,,,EA,ORB
TIANQI-26,2024-102B,59910,PAY,+,PRC,2024-05-29,YSLA,,102.92,44.98,905,888,,,EA,ORB
TIANQI-27,2024-102C,59911,PAY,+,PRC,2024-05-29,YSLA,,102.92,44.98,903,891,,,EA,ORB
TIANQI-28,2024-102D,59912,PAY,+,PRC,2024-05-29,YSLA,,102.92,44.98,906,887,,,EA,ORB
PROGRESS-MS 27,2024-103A,59913,PAY,D,CIS,2024-05-30,TYMSC,2024-11-19,92.92,51.64,423,412,,,AS,IMP
SL-4 R/B,2024-103B,59914,R/B,D,CIS,2024-05-30,TYMSC,2024-06-01,87.65,51.64,163,153,,,EA,IMP
PAKSAT-MM1,2024-104A,59915,PAY,+,PAKI,2024-05-30,XICLF,,1436.07,0.03,35795,35778,,,EA,ORB
CZ-3B R/B,2024-104B,59916,R/B,,PRC,2024-05-30,XICLF,,428.52,26.69,24726,173,,,EA,ORB
OBJECT A,2024-105A,59917,PAY,+,PRC,2024-05-30,JSC,,94.90,97.58,523,504,,,EA,ORB
OBJECT B,2024-105B,59918,PAY,+,PRC,2024-05-30,JSC,,94.74,97.58,515,497,,,EA,ORB
OBJECT C,2024-105C,59919,PAY,+,PRC,2024-05-30,JSC,,95.29,97.58,554,512,,,EA,ORB
OBJECT D,2024-105D,59920,PAY,+,PRC,2024-05-30,JSC,,94.54,97.58,504,488,,,EA,ORB
OBJECT E,2024-105E,59921,PAY,+,PRC,2024-05-30,JSC,,95.29,97.58,553,512,,,EA,ORB
STARLINK-31872,2024-106A,59922,PAY,+,US,2024-06-01,AFETR,,94.27,43.00,485,481,,,EA,ORB
STARLINK-31972,2024-106B,59923,PAY,+,US,2024-06-01,AFETR,,94.27,43.01,484,483,,,EA,ORB
STARLINK-31958,2024-106C,59924,PAY,+,US,2024-06-01,AFETR,,94.27,43.00,484,482,,,EA,ORB
STARLINK-31959,2024-106D,59925,PAY,+,US,2024-06-01,AFETR,,94.27,43.00,484,483,,,EA,ORB
STARLINK-31957,2024-106E,59926,PAY,+,US,2024-06-01,AFETR,,94.27,43.00,484,482,,,EA,ORB
STARLINK-31968,2024-106F,59927,PAY,+,US,2024-06-01,AFETR,,94.27,43.00,484,482,,,EA,ORB
STARLINK-31970,2024-106G,59928,PAY,+,US,2024-06-01,AFETR,,94.27,43.00,484,482,,,EA,ORB
STARLINK-31932,2024-106H,59929,PAY,+,US,2024-06-01,AFETR,,94.27,43.00,485,481,,,EA,ORB
STARLINK-31956,2024-106J,59930,PAY,+,US,2024-06-01,AFETR,,94.27,43.00,484,483,,,EA,ORB
STARLINK-31960,2024-106K,59931,PAY,+,US,2024-06-01,AFETR,,94.27,43.00,484,482,,,EA,ORB
STARLINK-31432,2024-106L,59932,PAY,+,US,2024-06-01,AFETR,,94.27,43.00,485,481,,,EA,ORB
STARLINK-31853,2024-106M,59933,PAY,+,US,2024-06-01,AFETR,,94.27,43.00,483,483,,,EA,ORB
STARLINK-31971,2024-106N,59934,PAY,+,US,2024-06-01,AFETR,,94.27,43.00,483,483,,,EA,ORB
STARLINK-31301,2024-106P,59935,PAY,D,US,2024-06-01,AFETR,2024-08-11,90.14,43.01,290,273,,,EA,IMP
STARLINK-31962,2024-106Q,59936,PAY,+,US,2024-06-01,AFETR,,94.27,43.00,484,482,,,EA,ORB
STARLINK-31879,2024-106R,59937,PAY,+,US,2024-06-01,AFETR,,94.27,43.00,484,483,,,EA,ORB
STARLINK-31876,2024-106S,59938,PAY,+,US,2024-06-01,AFETR,,94.27,43.00,484,482,,,EA,ORB
STARLINK-31955,2024-106T,59939,PAY,+,US,2024-06-01,AFETR,,94.27,43.00,484,482,,,EA,ORB
STARLINK-31946,2024-106U,59940,PAY,+,US,2024-06-01,AFETR,,94.27,43.00,484,482,,,EA,ORB
STARLINK-31948,2024-106V,59941,PAY,+,US,2024-06-01,AFETR,,94.27,43.00,484,482,,,EA,ORB
STARLINK-31900,2024-106W,59942,PAY,+,US,2024-06-01,AFETR,,94.27,43.00,484,482,,,EA,ORB
STARLINK-31973,2024-106X,59943,PAY,+,US,2024-06-01,AFETR,,94.27,43.00,484,482,,,EA,ORB
STARLINK-31966,2024-106Y,59944,PAY,+,US,2024-06-01,AFETR,,94.27,43.00,484,482,,,EA,ORB
STARLINK-11145 [DTC],2024-107A,59945,PAY,+,US,2024-06-05,AFETR,,91.74,53.16,361,359,,,EA,ORB
STARLINK-11121 [DTC],2024-107B,59946,PAY,D,US,2024-06-05,AFETR,2025-04-02,87.96,53.14,175,172,,,EA,IMP
STARLINK-11113 [DTC],2024-107C,59947,PAY,+,US,2024-06-05,AFETR,,91.74,53.16,361,359,,,EA,ORB
STARLINK-11123 [DTC],2024-107D,59948,PAY,+,US,2024-06-05,AFETR,,91.74,53.16,360,359,,,EA,ORB
STARLINK-11138 [DTC],2024-107E,59949,PAY,+,US,2024-06-05,AFETR,,91.74,53.16,361,359,,,EA,ORB
STARLINK-11130 [DTC],2024-107F,59950,PAY,+,US,2024-06-05,AFETR,,91.74,53.16,360,359,,,EA,ORB
STARLINK-11126 [DTC],2024-107G,59951,PAY,D,US,2024-06-05,AFETR,2025-04-21,88.34,53.13,198,187,,,EA,IMP
STARLINK-11124 [DTC],2024-107H,59952,PAY,+,US,2024-06-05,AFETR,,91.74,53.16,361,359,,,EA,ORB
STARLINK-11143 [DTC],2024-107J,59953,PAY,D,US,2024-06-05,AFETR,2026-02-08,88.42,53.13,200,193,,,EA,IMP
STARLINK-11133 [DTC],2024-107K,59954,PAY,+,US,2024-06-05,AFETR,,91.74,53.16,361,359,,,EA,ORB
STARLINK-11144 [DTC],2024-107L,59955,PAY,+,US,2024-06-05,AFETR,,91.74,53.16,361,359,,,EA,ORB
STARLINK-11134 [DTC],2024-107M,59956,PAY,+,US,2024-06-05,AFETR,,91.74,53.16,360,359,,,EA,ORB
STARLINK-11142 [DTC],2024-107N,59957,PAY,+,US,2024-06-05,AFETR,,91.74,53.16,361,359,,,EA,ORB
STARLINK-31995,2024-107P,59958,PAY,+,US,2024-06-05,AFETR,,93.85,53.16,463,462,,,EA,ORB
STARLINK-31989,2024-107Q,59959,PAY,+,US,2024-06-05,AFETR,,93.85,53.16,463,462,,,EA,ORB
STARLINK-31856,2024-107R,59960,PAY,+,US,2024-06-05,AFETR,,93.85,53.16,464,462,,,EA,ORB
STARLINK-31993,2024-107S,59961,PAY,+,US,2024-06-05,AFETR,,93.85,53.16,463,462,,,EA,ORB
STARLINK-31980,2024-107T,59962,PAY,+,US,2024-06-05,AFETR,,93.85,53.16,463,462,,,EA,ORB
STARLINK-31991,2024-107U,59963,PAY,+,US,2024-06-05,AFETR,,93.85,53.16,464,462,,,EA,ORB
STARLINK-31979,2024-107V,59964,PAY,+,US,2024-06-05,AFETR,,93.85,53.16,464,462,,,EA,ORB
PREFIRE-1,2024-108A,59965,PAY,+,US,2024-06-05,RLLB,,94.47,97.54,501,485,,,EA,ORB
ELECTRON R/B,2024-108B,59966,R/B,D,US,2024-06-05,RLLB,2024-06-18,87.39,97.48,165,125,,,EA,IMP
ELECTRON KICK STAGE R/B,2024-108C,59967,R/B,D,US,2024-06-05,RLLB,2025-04-04,87.73,97.42,170,154,,,EA,IMP
STARLINER CFT-1,2024-109A,59968,PAY,D,US,2024-06-05,AFETR,2024-09-07,92.89,51.64,421,412,,,EA,LAN
OBJECT A,2024-110A,60012,PAY,+,PRC,2024-06-06,JSC,,95.20,97.57,535,521,,,EA,ORB
OBJECT B,2024-110B,60013,PAY,+,PRC,2024-06-06,JSC,,94.53,97.57,504,488,,,EA,ORB
OBJECT C,2024-110C,60014,PAY,+,PRC,2024-06-06,JSC,,96.10,97.54,578,565,,,EA,ORB
OBJECT D,2024-110D,60015,UNK,,PRC,2024-06-06,JSC,,94.44,97.57,498,484,,,EA,ORB
STARLINK-31978,2024-111A,60016,PAY,+,US,2024-06-08,AFETR,,94.01,53.16,471,470,,,EA,ORB
STARLINK-31987,2024-111B,60017,PAY,+,US,2024-06-08,AFETR,,94.01,53.16,471,470,,,EA,ORB
STARLINK-31984,2024-111C,60018,PAY,+,US,2024-06-08,AFETR,,93.85,53.16,463,462,,,EA,ORB
STARLINK-31986,2024-111D,60019,PAY,+,US,2024-06-08,AFETR,,93.85,53.16,464,462,,,EA,ORB
STARLINK-31883,2024-111E,60020,PAY,+,US,2024-06-08,AFETR,,93.85,53.16,463,462,,,EA,ORB
STARLINK-31967,2024-111F,60021,PAY,+,US,2024-06-08,AFETR,,93.85,53.16,463,462,,,EA,ORB
STARLINK-31982,2024-111G,60022,PAY,+,US,2024-06-08,AFETR,,93.85,53.16,463,462,,,EA,ORB
STARLINK-31992,2024-111H,60023,PAY,+,US,2024-06-08,AFETR,,93.85,53.16,464,462,,,EA,ORB
STARLINK-31990,2024-111J,60024,PAY,+,US,2024-06-08,AFETR,,93.85,53.16,464,462,,,EA,ORB
STARLINK-31864,2024-111K,60025,PAY,D,US,2024-06-08,AFETR,2025-12-28,88.33,53.12,197,187,,,EA,IMP
STARLINK-31939,2024-111L,60026,PAY,+,US,2024-06-08,AFETR,,93.90,53.16,466,465,,,EA,ORB
STARLINK-32012,2024-111M,60027,PAY,+,US,2024-06-08,AFETR,,93.85,53.16,464,462,,,EA,ORB
STARLINK-32008,2024-111N,60028,PAY,+,US,2024-06-08,AFETR,,94.11,53.16,476,475,,,EA,ORB
STARLINK-32006,2024-111P,60029,PAY,+,US,2024-06-08,AFETR,,93.85,53.16,464,462,,,EA,ORB
STARLINK-32011,2024-111Q,60030,PAY,+,US,2024-06-08,AFETR,,93.85,53.16,464,462,,,EA,ORB
STARLINK-31878,2024-111R,60031,PAY,+,US,2024-06-08,AFETR,,93.85,53.16,463,462,,,EA,ORB
STARLINK-32017,2024-111S,60032,PAY,+,US,2024-06-08,AFETR,,93.90,53.16,466,464,,,EA,ORB
STARLINK-31998,2024-111T,60033,PAY,D,US,2024-06-08,AFETR,2025-07-18,89.05,53.16,232,223,,,EA,IMP
STARLINK-32005,2024-111U,60034,PAY,+,US,2024-06-08,AFETR,,93.85,53.16,464,462,,,EA,ORB
STARLINK-31981,2024-111V,60035,PAY,+,US,2024-06-08,AFETR,,93.85,53.16,463,462,,,EA,ORB
STARLINK-31985,2024-111W,60036,PAY,+,US,2024-06-08,AFETR,,93.85,53.16,464,462,,,EA,ORB
STARLINK-31918,2024-111X,60037,PAY,+,US,2024-06-08,AFETR,,94.11,53.16,476,475,,,EA,ORB
STARLINK-11129 [DTC],2024-112A,60038,PAY,+,US,2024-06-08,AFWTR,,91.74,53.16,360,359,,,EA,ORB
STARLINK-11140 [DTC],2024-112B,60039,PAY,+,US,2024-06-08,AFWTR,,91.74,53.16,360,359,,,EA,ORB
STARLINK-11122 [DTC],2024-112C,60040,PAY,+,US,2024-06-08,AFWTR,,91.74,53.16,361,359,,,EA,ORB
STARLINK-11149 [DTC],2024-112D,60041,PAY,+,US,2024-06-08,AFWTR,,91.74,53.16,361,359,,,EA,ORB
STARLINK-11120 [DTC],2024-112E,60042,PAY,+,US,2024-06-08,AFWTR,,91.74,53.16,361,359,,,EA,ORB
STARLINK-11086 [DTC],2024-112F,60043,PAY,+,US,2024-06-08,AFWTR,,91.74,53.16,361,359,,,EA,ORB
STARLINK-11148 [DTC],2024-112G,60044,PAY,+,US,2024-06-08,AFWTR,,91.74,53.16,361,359,,,EA,ORB
STARLINK-11116 [DTC],2024-112H,60045,PAY,+,US,2024-06-08,AFWTR,,91.74,53.16,360,359,,,EA,ORB
STARLINK-11155 [DTC],2024-112J,60046,PAY,+,US,2024-06-08,AFWTR,,91.74,53.16,360,359,,,EA,ORB
STARLINK-11163 [DTC],2024-112K,60047,PAY,+,US,2024-06-08,AFWTR,,91.74,53.16,360,359,,,EA,ORB
STARLINK-11135 [DTC],2024-112L,60048,PAY,+,US,2024-06-08,AFWTR,,91.74,53.16,360,359,,,EA,ORB
STARLINK-11151 [DTC],2024-112M,60049,PAY,+,US,2024-06-08,AFWTR,,91.74,53.16,360,359,,,EA,ORB
STARLINK-11137 [DTC],2024-112N,60050,PAY,+,US,2024-06-08,AFWTR,,91.74,53.16,361,359,,,EA,ORB
STARLINK-31811,2024-112P,60051,PAY,+,US,2024-06-08,AFWTR,,92.60,53.16,403,401,,,EA,ORB
STARLINK-31775,2024-112Q,60052,PAY,+,US,2024-06-08,AFWTR,,93.85,53.16,463,462,,,EA,ORB
STARLINK-31793,2024-112R,60053,PAY,+,US,2024-06-08,AFWTR,,93.85,53.16,464,462,,,EA,ORB
STARLINK-31735,2024-112S,60054,PAY,+,US,2024-06-08,AFWTR,,93.85,53.16,463,462,,,EA,ORB
STARLINK-31788,2024-112T,60055,PAY,+,US,2024-06-08,AFWTR,,93.85,53.16,464,462,,,EA,ORB
STARLINK-31825,2024-112U,60056,PAY,+,US,2024-06-08,AFWTR,,93.85,53.16,463,462,,,EA,ORB
STARLINK-31437,2024-112V,60057,PAY,+,US,2024-06-08,AFWTR,,93.85,53.16,464,462,,,EA,ORB
DRO-B,2024-048D,60058,PAY,+,PRC,2024-03-13,XICLF,,67470.50,29.83,803514,281722,,,MO,ORB
STARLINK-11181 [DTC],2024-113A,60059,PAY,+,US,2024-06-19,AFWTR,,91.74,53.16,360,359,,,EA,ORB
STARLINK-11176 [DTC],2024-113B,60060,PAY,+,US,2024-06-19,AFWTR,,91.74,53.16,361,359,,,EA,ORB
STARLINK-11167 [DTC],2024-113C,60061,PAY,+,US,2024-06-19,AFWTR,,91.74,53.16,360,359,,,EA,ORB
STARLINK-11166 [DTC],2024-113D,60062,PAY,+,US,2024-06-19,AFWTR,,91.74,53.16,360,359,,,EA,ORB
STARLINK-11165 [DTC],2024-113E,60063,PAY,+,US,2024-06-19,AFWTR,,91.74,53.16,360,359,,,EA,ORB
STARLINK-11169 [DTC],2024-113F,60064,PAY,+,US,2024-06-19,AFWTR,,91.74,53.16,360,359,,,EA,ORB
STARLINK-11102 [DTC],2024-113G,60065,PAY,+,US,2024-06-19,AFWTR,,91.74,53.16,360,359,,,EA,ORB
STARLINK-11141 [DTC],2024-113H,60066,PAY,+,US,2024-06-19,AFWTR,,91.74,53.16,360,359,,,EA,ORB
STARLINK-11153 [DTC],2024-113J,60067,PAY,+,US,2024-06-19,AFWTR,,91.74,53.16,360,359,,,EA,ORB
STARLINK-11170 [DTC],2024-113K,60068,PAY,+,US,2024-06-19,AFWTR,,91.74,53.16,360,359,,,EA,ORB
STARLINK-11171 [DTC],2024-113L,60069,PAY,+,US,2024-06-19,AFWTR,,91.74,53.16,360,359,,,EA,ORB
STARLINK-11186 [DTC],2024-113M,60070,PAY,+,US,2024-06-19,AFWTR,,91.74,53.16,361,359,,,EA,ORB
STARLINK-11184 [DTC],2024-113N,60071,PAY,+,US,2024-06-19,AFWTR,,91.74,53.16,360,359,,,EA,ORB
STARLINK-32119,2024-113P,60072,PAY,D,US,2024-06-19,AFWTR,2024-07-08,87.59,53.17,165,145,,,EA,IMP
STARLINK-32111,2024-113Q,60073,PAY,D,US,2024-06-19,AFWTR,2024-07-13,87.68,53.14,165,154,,,EA,IMP
STARLINK-32115,2024-113R,60074,PAY,D,US,2024-06-19,AFWTR,2024-07-13,87.65,53.15,165,151,,,EA,IMP
STARLINK-32116,2024-113S,60075,PAY,D,US,2024-06-19,AFWTR,2024-07-10,86.96,53.13,128,120,,,EA,IMP
STARLINK-32117,2024-113T,60076,PAY,D,US,2024-06-19,AFWTR,2024-07-14,87.29,53.14,148,133,,,EA,IMP
STARLINK-32032,2024-113U,60077,PAY,+,US,2024-06-19,AFWTR,,93.85,53.16,463,462,,,EA,ORB
STARLINK-32110,2024-113V,60078,PAY,D,US,2024-06-19,AFWTR,2024-07-11,87.61,53.15,164,148,,,EA,IMP
KINEIS-1B,2024-114A,60079,PAY,+,FR,2024-06-20,RLLB,,97.25,97.98,628,626,,,EA,ORB
ELECTRON R/B,2024-114B,60080,R/B,D,US,2024-06-20,RLLB,2024-07-09,87.79,97.99,190,141,,,EA,IMP
KINEIS-1C,2024-114C,60081,PAY,+,FR,2024-06-20,RLLB,,97.25,97.98,628,626,,,EA,ORB
KINEIS-1D,2024-114D,60082,PAY,+,FR,2024-06-20,RLLB,,97.53,97.99,642,639,,,EA,ORB
KINEIS-1E,2024-114E,60083,PAY,+,FR,2024-06-20,RLLB,,97.25,97.89,629,625,,,EA,ORB
KINEIS-1A,2024-114F,60084,PAY,+,FR,2024-06-20,RLLB,,97.25,97.89,629,625,,,EA,ORB
ELECTRON KICK STAGE R/B,2024-114G,60085,R/B,,US,2024-06-20,RLLB,,95.05,97.93,564,479,,,EA,ORB
ASTRA 1P (SES-24),2024-115A,60086,PAY,+,SES,2024-06-20,AFETR,,1436.18,0.07,35797,35779,,,EA,ORB
FALCON 9 R/B,2024-115B,60087,R/B,,US,2024-06-20,AFETR,,998.73,26.52,52992,446,,,EA,ORB
CATCH-1,2024-116A,60088,PAY,+,PRC,2024-06-22,XICLF,,96.97,29.00,616,611,,,EA,ORB
SVOM,2024-116B,60089,PAY,+,PRC,2024-06-22,XICLF,,97.06,29.00,621,614,,,EA,ORB
CZ-2C R/B,2024-116C,60090,R/B,D,PRC,2024-06-22,XICLF,2024-08-04,89.93,28.04,356,186,,,EA,IMP
STARLINK-31441,2024-117A,60091,PAY,+,US,2024-06-23,AFETR,,93.85,53.16,463,462,,,EA,ORB
STARLINK-32044,2024-117B,60092,PAY,+,US,2024-06-23,AFETR,,93.85,53.16,464,462,,,EA,ORB
STARLINK-31239,2024-117C,60093,PAY,+,US,2024-06-23,AFETR,,93.85,53.16,464,462,,,EA,ORB
STARLINK-32007,2024-117D,60094,PAY,+,US,2024-06-23,AFETR,,93.85,53.16,463,462,,,EA,ORB
STARLINK-32028,2024-117E,60095,PAY,+,US,2024-06-23,AFETR,,93.85,53.16,465,461,,,EA,ORB
STARLINK-32016,2024-117F,60096,PAY,+,US,2024-06-23,AFETR,,93.85,53.16,464,461,,,EA,ORB
STARLINK-32003,2024-117G,60097,PAY,+,US,2024-06-23,AFETR,,93.85,53.16,464,462,,,EA,ORB
STARLINK-32026,2024-117H,60098,PAY,+,US,2024-06-23,AFETR,,93.85,53.16,464,462,,,EA,ORB
STARLINK-31732,2024-117J,60099,PAY,+,US,2024-06-23,AFETR,,93.85,53.16,463,462,,,EA,ORB
STARLINK-31996,2024-117K,60100,PAY,+,US,2024-06-23,AFETR,,93.85,53.16,464,462,,,EA,ORB
STARLINK-31999,2024-117L,60101,PAY,+,US,2024-06-23,AFETR,,93.85,53.16,464,461,,,EA,ORB
STARLINK-31954,2024-117M,60102,PAY,+,US,2024-06-23,AFETR,,93.85,53.16,464,462,,,EA,ORB
STARLINK-32013,2024-117N,60103,PAY,+,US,2024-06-23,AFETR,,93.85,53.16,463,462,,,EA,ORB
STARLINK-32009,2024-117P,60104,PAY,+,US,2024-06-23,AFETR,,93.85,53.16,463,462,,,EA,ORB
STARLINK-32018,2024-117Q,60105,PAY,+,US,2024-06-23,AFETR,,93.85,53.16,464,462,,,EA,ORB
STARLINK-32045,2024-117R,60106,PAY,+,US,2024-06-23,AFETR,,93.85,53.16,463,462,,,EA,ORB
STARLINK-32035,2024-117S,60107,PAY,+,US,2024-06-23,AFETR,,93.85,53.16,464,462,,,EA,ORB
STARLINK-32042,2024-117T,60108,PAY,+,US,2024-06-23,AFETR,,93.85,53.16,464,462,,,EA,ORB
STARLINK-32040,2024-117U,60109,PAY,+,US,2024-06-23,AFETR,,93.85,53.16,464,461,,,EA,ORB
STARLINK-32001,2024-117V,60110,PAY,+,US,2024-06-23,AFETR,,93.85,53.16,464,462,,,EA,ORB
STARLINK-32015,2024-117W,60111,PAY,+,US,2024-06-23,AFETR,,93.85,53.16,463,462,,,EA,ORB
STARLINK-32024,2024-117X,60112,PAY,+,US,2024-06-23,AFETR,,93.85,53.16,464,462,,,EA,ORB
STARLINK-11201 [DTC],2024-118A,60113,PAY,+,US,2024-06-24,AFWTR,,91.74,53.16,360,359,,,EA,ORB
STARLINK-11198 [DTC],2024-118B,60114,PAY,+,US,2024-06-24,AFWTR,,91.74,53.16,360,359,,,EA,ORB
STARLINK-11112 [DTC],2024-118C,60115,PAY,+,US,2024-06-24,AFWTR,,91.74,53.16,361,359,,,EA,ORB
STARLINK-11210 [DTC],2024-118D,60116,PAY,+,US,2024-06-24,AFWTR,,91.74,53.16,360,359,,,EA,ORB
STARLINK-11203 [DTC],2024-118E,60117,PAY,+,US,2024-06-24,AFWTR,,91.74,53.16,361,359,,,EA,ORB
STARLINK-11177 [DTC],2024-118F,60118,PAY,+,US,2024-06-24,AFWTR,,91.74,53.16,361,359,,,EA,ORB
STARLINK-11127 [DTC],2024-118G,60119,PAY,+,US,2024-06-24,AFWTR,,91.74,53.16,360,359,,,EA,ORB
STARLINK-11164 [DTC],2024-118H,60120,PAY,+,US,2024-06-24,AFWTR,,91.74,53.16,360,359,,,EA,ORB
STARLINK-11119 [DTC],2024-118J,60121,PAY,+,US,2024-06-24,AFWTR,,91.73,53.16,360,359,,,EA,ORB
STARLINK-11157 [DTC],2024-118K,60122,PAY,+,US,2024-06-24,AFWTR,,91.74,53.16,361,359,,,EA,ORB
STARLINK-11162 [DTC],2024-118L,60123,PAY,+,US,2024-06-24,AFWTR,,91.74,53.16,361,359,,,EA,ORB
STARLINK-11161 [DTC],2024-118M,60124,PAY,+,US,2024-06-24,AFWTR,,91.74,53.16,360,359,,,EA,ORB
STARLINK-11160 [DTC],2024-118N,60125,PAY,+,US,2024-06-24,AFWTR,,91.74,53.16,361,359,,,EA,ORB
STARLINK-31846,2024-118P,60126,PAY,+,US,2024-06-24,AFWTR,,94.01,53.17,472,470,,,EA,ORB
STARLINK-31840,2024-118Q,60127,PAY,+,US,2024-06-24,AFWTR,,94.01,53.16,471,470,,,EA,ORB
STARLINK-31813,2024-118R,60128,PAY,+,US,2024-06-24,AFWTR,,94.01,53.16,472,470,,,EA,ORB
STARLINK-31845,2024-118S,60129,PAY,+,US,2024-06-24,AFWTR,,93.85,53.16,464,462,,,EA,ORB
STARLINK-31838,2024-118T,60130,PAY,+,US,2024-06-24,AFWTR,,94.01,53.16,471,470,,,EA,ORB
STARLINK-31785,2024-118U,60131,PAY,+,US,2024-06-24,AFWTR,,94.01,53.16,472,470,,,EA,ORB
STARLINK-31792,2024-118V,60132,PAY,+,US,2024-06-24,AFWTR,,93.85,53.16,463,462,,,EA,ORB
GOES 19,2024-119A,60133,PAY,+,US,2024-06-25,AFETR,,1436.08,0.03,35788,35785,,,EA,ORB
FALCON HEAVY R/B,2024-119B,60134,R/B,,US,2024-06-25,AFETR,,949.15,6.01,35042,16187,,,EA,ORB
STARLINK-32043,2024-120A,60135,PAY,+,US,2024-06-27,AFETR,,93.85,53.16,464,462,,,EA,ORB
STARLINK-32112,2024-120B,60136,PAY,+,US,2024-06-27,AFETR,,93.85,53.16,464,462,,,EA,ORB
STARLINK-32050,2024-120C,60137,PAY,+,US,2024-06-27,AFETR,,93.85,53.16,463,462,,,EA,ORB
STARLINK-32025,2024-120D,60138,PAY,+,US,2024-06-27,AFETR,,93.85,53.16,463,462,,,EA,ORB
STARLINK-31867,2024-120E,60139,PAY,D,US,2024-06-27,AFETR,2026-03-31,88.67,53.13,216,201,,,EA,IMP
STARLINK-31694,2024-120F,60140,PAY,+,US,2024-06-27,AFETR,,93.85,53.16,463,462,,,EA,ORB
STARLINK-32036,2024-120G,60141,PAY,+,US,2024-06-27,AFETR,,93.85,53.16,463,462,,,EA,ORB
STARLINK-32031,2024-120H,60142,PAY,+,US,2024-06-27,AFETR,,93.85,53.16,464,462,,,EA,ORB
STARLINK-32027,2024-120J,60143,PAY,+,US,2024-06-27,AFETR,,93.85,53.16,464,462,,,EA,ORB
STARLINK-32033,2024-120K,60144,PAY,+,US,2024-06-27,AFETR,,93.85,53.16,463,462,,,EA,ORB
STARLINK-32029,2024-120L,60145,PAY,+,US,2024-06-27,AFETR,,93.85,53.16,463,462,,,EA,ORB
STARLINK-32127,2024-120M,60146,PAY,+,US,2024-06-27,AFETR,,93.85,53.16,463,462,,,EA,ORB
STARLINK-32019,2024-120N,60147,PAY,+,US,2024-06-27,AFETR,,93.85,53.16,463,462,,,EA,ORB
STARLINK-32021,2024-120P,60148,PAY,+,US,2024-06-27,AFETR,,94.01,53.16,471,470,,,EA,ORB
STARLINK-32022,2024-120Q,60149,PAY,+,US,2024-06-27,AFETR,,93.85,53.16,463,462,,,EA,ORB
STARLINK-32014,2024-120R,60150,PAY,+,US,2024-06-27,AFETR,,93.85,53.16,463,462,,,EA,ORB
STARLINK-32004,2024-120S,60151,PAY,+,US,2024-06-27,AFETR,,93.85,53.16,463,462,,,EA,ORB
STARLINK-32147,2024-120T,60152,PAY,+,US,2024-06-27,AFETR,,93.85,53.16,463,462,,,EA,ORB
STARLINK-32131,2024-120U,60153,PAY,+,US,2024-06-27,AFETR,,93.85,53.16,463,462,,,EA,ORB
STARLINK-32145,2024-120V,60154,PAY,+,US,2024-06-27,AFETR,,93.85,53.16,463,462,,,EA,ORB
STARLINK-32137,2024-120W,60155,PAY,+,US,2024-06-27,AFETR,,93.85,53.16,464,462,,,EA,ORB
STARLINK-32048,2024-120X,60156,PAY,+,US,2024-06-27,AFETR,,93.85,53.16,464,462,,,EA,ORB
STARLINK-32129,2024-120Y,60157,PAY,+,US,2024-06-27,AFETR,,93.84,53.16,463,461,,,EA,ORB
USA 375,2024-121A,60158,PAY,+,US,2024-06-29,AFWTR,,96.21,70.03,581,573,,NEA,EA,ORB
USA 376,2024-121B,60159,PAY,+,US,2024-06-29,AFWTR,,96.21,70.03,580,574,,NEA,EA,ORB
USA 377,2024-121C,60160,PAY,+,US,2024-06-29,AFWTR,,96.21,70.03,579,575,,NEA,EA,ORB
USA 378,2024-121D,60161,PAY,+,US,2024-06-29,AFWTR,,96.21,70.03,580,575,,NEA,EA,ORB
USA 379,2024-121E,60162,PAY,+,US,2024-06-29,AFWTR,,91.58,70.00,355,349,,NEA,EA,ORB
USA 380,2024-121F,60163,PAY,+,US,2024-06-29,AFWTR,,96.21,70.03,579,575,,NEA,EA,ORB
USA 381,2024-121G,60164,PAY,+,US,2024-06-29,AFWTR,,96.21,70.03,579,575,,NEA,EA,ORB
USA 382,2024-121H,60165,PAY,+,US,2024-06-29,AFWTR,,96.21,70.03,579,575,,NEA,EA,ORB
USA 383,2024-121J,60166,PAY,+,US,2024-06-29,AFWTR,,96.21,70.03,579,575,,NEA,EA,ORB
USA 384,2024-121K,60167,PAY,+,US,2024-06-29,AFWTR,,96.21,70.03,580,574,,NEA,EA,ORB
USA 385,2024-121L,60168,PAY,+,US,2024-06-29,AFWTR,,96.21,70.03,579,575,,NEA,EA,ORB
USA 386,2024-121M,60169,PAY,+,US,2024-06-29,AFWTR,,96.21,70.03,580,575,,NEA,EA,ORB
USA 387,2024-121N,60170,PAY,+,US,2024-06-29,AFWTR,,96.21,70.03,580,575,,NEA,EA,ORB
USA 388,2024-121P,60171,PAY,+,US,2024-06-29,AFWTR,,96.21,70.03,580,574,,NEA,EA,ORB
USA 389,2024-121Q,60172,PAY,+,US,2024-06-29,AFWTR,,96.21,70.03,579,575,,NEA,EA,ORB
USA 390,2024-121R,60173,PAY,+,US,2024-06-29,AFWTR,,96.21,70.03,580,574,,NEA,EA,ORB
USA 391,2024-121S,60174,PAY,+,US,2024-06-29,AFWTR,,96.21,70.03,579,575,,NEA,EA,ORB
USA 392,2024-121T,60175,PAY,+,US,2024-06-29,AFWTR,,96.21,70.03,579,575,,NEA,EA,ORB
USA 393,2024-121U,60176,PAY,+,US,2024-06-29,AFWTR,,96.21,70.03,580,574,,NEA,EA,ORB
USA 394,2024-121V,60177,PAY,+,US,2024-06-29,AFWTR,,96.21,70.03,580,574,,NEA,EA,ORB
USA 395,2024-121W,60178,PAY,+,US,2024-06-29,AFWTR,,96.21,70.03,580,574,,NEA,EA,ORB
ZHONGXING-3A,2024-122A,60179,PAY,+,PRC,2024-06-29,WSC,,1436.07,0.01,35795,35778,,,EA,ORB
CZ-7A R/B,2024-122B,60180,R/B,D,PRC,2024-06-29,WSC,2025-10-27,95.09,15.49,947,98,,,EA,IMP
ALOS-4 (DAICHI-4),2024-123A,60182,PAY,+,JPN,2024-07-01,TANSC,,97.33,97.92,632,630,,,EA,ORB
STARLINK-11168 [DTC],2024-124A,60183,PAY,+,US,2024-07-03,AFETR,,91.74,53.16,361,359,,,EA,ORB
STARLINK-11187 [DTC],2024-124B,60184,PAY,+,US,2024-07-03,AFETR,,91.74,53.16,361,359,,,EA,ORB
STARLINK-11180 [DTC],2024-124C,60185,PAY,+,US,2024-07-03,AFETR,,91.74,53.16,361,359,,,EA,ORB
STARLINK-11197 [DTC],2024-124D,60186,PAY,+,US,2024-07-03,AFETR,,91.74,53.16,360,359,,,EA,ORB
STARLINK-11194 [DTC],2024-124E,60187,PAY,+,US,2024-07-03,AFETR,,91.74,53.16,360,359,,,EA,ORB
STARLINK-11189 [DTC],2024-124F,60188,PAY,+,US,2024-07-03,AFETR,,91.74,53.16,360,359,,,EA,ORB
STARLINK-11183 [DTC],2024-124G,60189,PAY,+,US,2024-07-03,AFETR,,91.74,53.16,360,359,,,EA,ORB
STARLINK-11179 [DTC],2024-124H,60190,PAY,+,US,2024-07-03,AFETR,,91.74,53.16,360,359,,,EA,ORB
STARLINK-11175 [DTC],2024-124J,60191,PAY,+,US,2024-07-03,AFETR,,91.74,53.16,361,359,,,EA,ORB
STARLINK-11173 [DTC],2024-124K,60192,PAY,+,US,2024-07-03,AFETR,,91.74,53.16,361,359,,,EA,ORB
STARLINK-11172 [DTC],2024-124L,60193,PAY,+,US,2024-07-03,AFETR,,91.74,53.16,360,359,,,EA,ORB
STARLINK-11152 [DTC],2024-124M,60194,PAY,+,US,2024-07-03,AFETR,,91.74,53.16,360,359,,,EA,ORB
STARLINK-11193 [DTC],2024-124N,60195,PAY,+,US,2024-07-03,AFETR,,91.74,53.16,361,359,,,EA,ORB
STARLINK-31869,2024-124P,60196,PAY,+,US,2024-07-03,AFETR,,94.01,53.16,471,470,,,EA,ORB
STARLINK-32023,2024-124Q,60197,PAY,+,US,2024-07-03,AFETR,,93.85,53.16,463,462,,,EA,ORB
STARLINK-32046,2024-124R,60198,PAY,+,US,2024-07-03,AFETR,,94.01,53.16,471,470,,,EA,ORB
STARLINK-32049,2024-124S,60199,PAY,+,US,2024-07-03,AFETR,,93.85,53.16,464,462,,,EA,ORB
STARLINK-32002,2024-124T,60200,PAY,+,US,2024-07-03,AFETR,,94.01,53.16,471,470,,,EA,ORB
STARLINK-32020,2024-124U,60201,PAY,+,US,2024-07-03,AFETR,,94.01,53.16,471,470,,,EA,ORB
STARLINK-32041,2024-124V,60202,PAY,+,US,2024-07-03,AFETR,,94.01,53.16,472,470,,,EA,ORB
OBJECT A,2024-125A,60203,PAY,+,US,2024-07-04,AFWTR,,91.38,97.21,346,339,,,EA,ORB
OBJECT B,2024-125B,60204,PAY,D,US,2024-07-04,AFWTR,2025-07-04,87.56,97.23,160,146,,,EA,IMP
OBJECT C,2024-125C,60205,PAY,D,US,2024-07-04,AFWTR,2026-04-08,87.60,97.21,161,150,,,EA,IMP
R5-S4,2024-125D,60206,PAY,+,US,2024-07-04,AFWTR,,93.21,97.23,442,421,,,EA,ORB
R5-S2,2024-125E,60207,PAY,+,US,2024-07-04,AFWTR,,93.09,97.23,436,416,,,EA,ORB
TECHEDSAT-11,2024-125F,60208,PAY,D,US,2024-07-04,AFWTR,2026-02-15,88.34,97.23,199,186,,,EA,IMP
MESAT1,2024-125G,60209,PAY,+,US,2024-07-04,AFWTR,,91.65,97.22,360,351,,,EA,ORB
FIREFLY ALPHA R/B,2024-125H,60210,R/B,,US,2024-07-04,AFWTR,,91.63,97.20,364,344,,,EA,ORB
TIANHUI 5C,2024-126A,60211,PAY,+,PRC,2024-07-04,TAISC,,96.80,97.82,607,604,,,EA,ORB
TIANHUI 5D,2024-126B,60212,PAY,+,PRC,2024-07-04,TAISC,,96.80,97.82,607,604,,,EA,ORB
CZ-6A DEB,2024-126C,60213,DEB,,PRC,2024-07-04,TAISC,,95.21,97.82,533,524,,,EA,ORB
CZ-6A R/B,2024-126D,60214,R/B,,PRC,2024-07-04,TAISC,,95.08,97.77,567,477,,,EA,ORB
TURKSAT 6A,2024-127A,60233,PAY,+,TURK,2024-07-08,AFETR,,1436.07,0.06,35803,35769,,,EA,ORB
FALCON 9 R/B,2024-127B,60234,R/B,,US,2024-07-08,AFETR,,1385.32,27.72,69137,437,,,EA,ORB
OBJECT A,2024-128A,60235,UNK,,TBD,2024-07-09,FRGUI,,95.91,62.00,591,534,,,EA,ORB
3CAT-4,2024-128B,60236,PAY,-,SPN,2024-07-09,FRGUI,,95.85,61.99,583,536,,,EA,ORB
GRBBETA,2024-128C,60237,PAY,+,SVK,2024-07-09,FRGUI,,95.55,61.99,567,523,,,EA,ORB
ISTSAT-1,2024-128D,60238,PAY,+,POR,2024-07-09,FRGUI,,95.22,61.99,549,509,,,EA,ORB
ARIANE 6 R/B,2024-128E,60239,R/B,,FR,2024-07-09,FRGUI,,95.96,62.01,589,541,,,EA,ORB
OOV-CUBE (TUBSAT-30),2024-128F,60240,PAY,+,GER,2024-07-09,FRGUI,,95.81,62.00,583,533,,,EA,ORB
OBJECT G,2024-128G,60241,UNK,,TBD,2024-07-09,FRGUI,,95.50,61.99,564,521,,,EA,ORB
CURIUM ONE,2024-128H,60242,PAY,+,GER,2024-07-09,FRGUI,,95.15,61.98,547,505,,,EA,ORB
ROBUSTA-3A (MEDITERRANEE),2024-128J,60243,PAY,+,FR,2024-07-09,FRGUI,,95.21,61.99,551,506,,,EA,ORB
STARLINK-11214 [DTC],2024-129A,60244,PAY,D,US,2024-07-12,AFWTR,2024-07-16,87.23,53.29,140,134,,,EA,IMP
STARLINK-11202 [DTC],2024-129B,60245,PAY,D,US,2024-07-12,AFWTR,2024-07-20,87.23,53.11,145,129,,,EA,IMP
CATSAT,2024-125J,60246,PAY,+,US,2024-07-04,AFWTR,,91.89,97.20,377,357,,,EA,ORB
GAOFEN-11 05,2024-130A,60249,PAY,+,PRC,2024-07-19,TAISC,,94.53,97.40,498,494,,,EA,ORB
CZ-4B R/B,2024-130B,60250,R/B,D,PRC,2024-07-19,TAISC,2024-08-22,91.21,97.42,446,222,,,EA,IMP
STARLINK-32138,2024-131A,60255,PAY,+,US,2024-07-27,AFETR,,94.01,53.16,472,470,,,EA,ORB
STARLINK-32212,2024-131B,60256,PAY,+,US,2024-07-27,AFETR,,93.78,53.16,460,459,,,EA,ORB
STARLINK-32166,2024-131C,60257,PAY,+,US,2024-07-27,AFETR,,93.85,53.16,464,462,,,EA,ORB
STARLINK-32200,2024-131D,60258,PAY,+,US,2024-07-27,AFETR,,93.85,53.16,464,462,,,EA,ORB
STARLINK-32207,2024-131E,60259,PAY,+,US,2024-07-27,AFETR,,93.85,53.16,464,462,,,EA,ORB
STARLINK-32125,2024-131F,60260,PAY,+,US,2024-07-27,AFETR,,93.85,53.16,463,462,,,EA,ORB
STARLINK-32160,2024-131G,60261,PAY,+,US,2024-07-27,AFETR,,93.85,53.16,463,462,,,EA,ORB
STARLINK-32163,2024-131H,60262,PAY,+,US,2024-07-27,AFETR,,94.01,53.16,471,470,,,EA,ORB
STARLINK-32148,2024-131J,60263,PAY,+,US,2024-07-27,AFETR,,94.01,53.16,471,470,,,EA,ORB
STARLINK-32121,2024-131K,60264,PAY,+,US,2024-07-27,AFETR,,94.01,53.16,472,470,,,EA,ORB
STARLINK-32120,2024-131L,60265,PAY,+,US,2024-07-27,AFETR,,93.90,53.16,466,464,,,EA,ORB
STARLINK-32205,2024-131M,60266,PAY,+,US,2024-07-27,AFETR,,94.01,53.16,471,470,,,EA,ORB
STARLINK-32158,2024-131N,60267,PAY,+,US,2024-07-27,AFETR,,93.85,53.16,464,462,,,EA,ORB
STARLINK-32167,2024-131P,60268,PAY,+,US,2024-07-27,AFETR,,93.85,53.16,464,462,,,EA,ORB
STARLINK-32144,2024-131Q,60269,PAY,+,US,2024-07-27,AFETR,,94.01,53.16,472,470,,,EA,ORB
STARLINK-32211,2024-131R,60270,PAY,+,US,2024-07-27,AFETR,,93.85,53.16,463,462,,,EA,ORB
STARLINK-32164,2024-131S,60271,PAY,+,US,2024-07-27,AFETR,,93.85,53.16,464,462,,,EA,ORB
STARLINK-32128,2024-131T,60272,PAY,+,US,2024-07-27,AFETR,,93.85,53.16,464,462,,,EA,ORB
STARLINK-32206,2024-131U,60273,PAY,+,US,2024-07-27,AFETR,,93.85,53.16,464,462,,,EA,ORB
STARLINK-32155,2024-131V,60274,PAY,+,US,2024-07-27,AFETR,,94.01,53.16,472,470,,,EA,ORB
STARLINK-32152,2024-131W,60275,PAY,+,US,2024-07-27,AFETR,,93.85,53.16,463,462,,,EA,ORB
STARLINK-32154,2024-131X,60276,PAY,+,US,2024-07-27,AFETR,,93.85,53.16,463,462,,,EA,ORB
STARLINK-32135,2024-131Y,60277,PAY,+,US,2024-07-27,AFETR,,93.85,53.16,464,462,,,EA,ORB
STARLINK-32156,2024-132A,60278,PAY,+,US,2024-07-28,AFETR,,93.85,53.16,463,462,,,EA,ORB
STARLINK-32010,2024-132B,60279,PAY,+,US,2024-07-28,AFETR,,94.01,53.16,471,470,,,EA,ORB
STARLINK-32118,2024-132C,60280,PAY,+,US,2024-07-28,AFETR,,93.85,53.16,463,462,,,EA,ORB
STARLINK-32038,2024-132D,60281,PAY,+,US,2024-07-28,AFETR,,93.85,53.16,464,462,,,EA,ORB
STARLINK-32113,2024-132E,60282,PAY,+,US,2024-07-28,AFETR,,93.85,53.16,463,462,,,EA,ORB
STARLINK-32037,2024-132F,60283,PAY,+,US,2024-07-28,AFETR,,94.01,53.16,473,469,,,EA,ORB
STARLINK-32123,2024-132G,60284,PAY,+,US,2024-07-28,AFETR,,93.85,53.16,464,462,,,EA,ORB
STARLINK-32122,2024-132H,60285,PAY,+,US,2024-07-28,AFETR,,94.01,53.16,472,470,,,EA,ORB
STARLINK-31656,2024-132J,60286,PAY,+,US,2024-07-28,AFETR,,93.85,53.16,464,462,,,EA,ORB
STARLINK-32114,2024-132K,60287,PAY,+,US,2024-07-28,AFETR,,94.01,53.16,472,470,,,EA,ORB
STARLINK-31997,2024-132L,60288,PAY,+,US,2024-07-28,AFETR,,93.85,53.16,463,462,,,EA,ORB
STARLINK-32000,2024-132M,60289,PAY,+,US,2024-07-28,AFETR,,94.01,53.16,471,470,,,EA,ORB
STARLINK-32141,2024-132N,60290,PAY,+,US,2024-07-28,AFETR,,93.85,53.16,464,462,,,EA,ORB
STARLINK-32142,2024-132P,60291,PAY,+,US,2024-07-28,AFETR,,93.85,53.16,464,462,,,EA,ORB
STARLINK-32149,2024-132Q,60292,PAY,+,US,2024-07-28,AFETR,,94.01,53.16,472,470,,,EA,ORB
STARLINK-32159,2024-132R,60293,PAY,+,US,2024-07-28,AFETR,,93.85,53.16,463,462,,,EA,ORB
STARLINK-32150,2024-132S,60294,PAY,+,US,2024-07-28,AFETR,,94.01,53.16,472,470,,,EA,ORB
STARLINK-32126,2024-132T,60295,PAY,+,US,2024-07-28,AFETR,,94.01,53.16,471,470,,,EA,ORB
STARLINK-32143,2024-132U,60296,PAY,+,US,2024-07-28,AFETR,,94.01,53.16,472,470,,,EA,ORB
STARLINK-32034,2024-132V,60297,PAY,+,US,2024-07-28,AFETR,,94.06,53.16,476,469,,,EA,ORB
STARLINK-32124,2024-132W,60298,PAY,+,US,2024-07-28,AFETR,,94.01,53.16,473,469,,,EA,ORB
STARLINK-32151,2024-132X,60299,PAY,+,US,2024-07-28,AFETR,,93.85,53.16,463,462,,,EA,ORB
STARLINK-32134,2024-132Y,60300,PAY,+,US,2024-07-28,AFETR,,93.85,53.16,464,462,,,EA,ORB
STARLINK-11147 [DTC],2024-133A,60301,PAY,+,US,2024-07-28,AFWTR,,91.74,53.16,360,359,,,EA,ORB
STARLINK-11128 [DTC],2024-133B,60302,PAY,+,US,2024-07-28,AFWTR,,91.74,53.16,360,359,,,EA,ORB
STARLINK-11227 [DTC],2024-133C,60303,PAY,+,US,2024-07-28,AFWTR,,91.74,53.16,360,359,,,EA,ORB
STARLINK-11224 [DTC],2024-133D,60304,PAY,+,US,2024-07-28,AFWTR,,91.74,53.16,361,359,,,EA,ORB
STARLINK-11115 [DTC],2024-133E,60305,PAY,+,US,2024-07-28,AFWTR,,91.74,53.16,360,359,,,EA,ORB
STARLINK-11109 [DTC],2024-133F,60306,PAY,+,US,2024-07-28,AFWTR,,91.74,53.16,360,359,,,EA,ORB
STARLINK-11223 [DTC],2024-133G,60307,PAY,+,US,2024-07-28,AFWTR,,91.74,53.16,360,359,,,EA,ORB
STARLINK-11192 [DTC],2024-133H,60308,PAY,+,US,2024-07-28,AFWTR,,91.74,53.16,361,359,,,EA,ORB
STARLINK-11213 [DTC],2024-133J,60309,PAY,+,US,2024-07-28,AFWTR,,91.74,53.16,360,359,,,EA,ORB
STARLINK-11200 [DTC],2024-133K,60310,PAY,+,US,2024-07-28,AFWTR,,91.74,53.16,360,359,,,EA,ORB
STARLINK-11208 [DTC],2024-133L,60311,PAY,D,US,2024-07-28,AFWTR,2025-06-15,88.11,53.14,189,173,,,EA,IMP
STARLINK-11206 [DTC],2024-133M,60312,PAY,+,US,2024-07-28,AFWTR,,91.74,53.16,361,359,,,EA,ORB
STARLINK-11205 [DTC],2024-133N,60313,PAY,+,US,2024-07-28,AFWTR,,91.73,53.16,360,359,,,EA,ORB
STARLINK-32191,2024-133P,60314,PAY,+,US,2024-07-28,AFWTR,,93.85,53.16,463,462,,,EA,ORB
STARLINK-32194,2024-133Q,60315,PAY,+,US,2024-07-28,AFWTR,,93.85,53.16,464,462,,,EA,ORB
STARLINK-32192,2024-133R,60316,PAY,+,US,2024-07-28,AFWTR,,93.85,53.16,463,462,,,EA,ORB
STARLINK-32189,2024-133S,60317,PAY,+,US,2024-07-28,AFWTR,,93.85,53.16,463,462,,,EA,ORB
STARLINK-32190,2024-133T,60318,PAY,+,US,2024-07-28,AFWTR,,93.85,53.16,464,462,,,EA,ORB
STARLINK-32182,2024-133U,60319,PAY,+,US,2024-07-28,AFWTR,,93.85,53.16,463,462,,,EA,ORB
STARLINK-32199,2024-133V,60320,PAY,+,US,2024-07-28,AFWTR,,93.85,53.16,463,462,,,EA,ORB
STARLINK-32198,2024-133W,60321,PAY,+,US,2024-07-28,AFWTR,,93.85,53.16,463,462,,,EA,ORB
USA 396,2024-134A,60322,PAY,+,US,2024-07-30,AFETR,,1424.20,0.33,35625,35482,,NEA,EA,ORB
USA 397,2024-134B,60323,PAY,+,US,2024-07-30,AFETR,,1451.93,1.76,36105,36087,,NEA,EA,ORB
USA 398,2024-134C,60324,PAY,+,US,2024-07-30,AFETR,,1454.12,1.87,36147,36130,,NEA,EA,ORB
ATLAS 5 CENTAUR R/B,2024-134D,60325,R/B,,US,2024-07-30,AFETR,,1461.51,2.49,36366,36199,,NEA,EA,ORB
YZ-1S R/B,2024-048E,60326,R/B,,PRC,2024-03-13,XICLF,,3040.87,15.56,125214,1086,,,EA,ORB
HULIANWAN GAOGUI-02 (HG-02),2024-135A,60327,PAY,+,PRC,2024-08-01,XICLF,,1436.08,0.06,35807,35765,,,EA,ORB
CZ-3B R/B,2024-135B,60328,R/B,D,PRC,2024-08-01,XICLF,2025-04-14,208.15,26.86,10399,113,,,EA,IMP
STARLINK-31745,2024-136A,60329,PAY,+,US,2024-08-02,AFETR,,94.01,53.16,471,470,,,EA,ORB
STARLINK-32153,2024-136B,60330,PAY,+,US,2024-08-02,AFETR,,93.85,53.16,464,462,,,EA,ORB
STARLINK-32203,2024-136C,60331,PAY,+,US,2024-08-02,AFETR,,93.85,53.16,464,462,,,EA,ORB
STARLINK-32171,2024-136D,60332,PAY,+,US,2024-08-02,AFETR,,94.01,53.16,471,470,,,EA,ORB
STARLINK-32133,2024-136E,60333,PAY,+,US,2024-08-02,AFETR,,93.85,53.16,464,462,,,EA,ORB
STARLINK-32132,2024-136F,60334,PAY,+,US,2024-08-02,AFETR,,93.85,53.16,463,462,,,EA,ORB
STARLINK-32168,2024-136G,60335,PAY,+,US,2024-08-02,AFETR,,93.87,53.16,466,462,,,EA,ORB
STARLINK-32079,2024-136H,60336,PAY,+,US,2024-08-02,AFETR,,94.08,53.16,477,471,,,EA,ORB
STARLINK-32187,2024-136J,60337,PAY,D,US,2024-08-02,AFETR,2024-09-25,88.32,53.14,198,184,,,EA,IMP
STARLINK-32078,2024-136K,60338,PAY,+,US,2024-08-02,AFETR,,93.85,53.16,464,462,,,EA,ORB
STARLINK-32175,2024-136L,60339,PAY,+,US,2024-08-02,AFETR,,93.85,53.16,464,462,,,EA,ORB
STARLINK-32176,2024-136M,60340,PAY,+,US,2024-08-02,AFETR,,93.90,53.16,466,465,,,EA,ORB
STARLINK-32185,2024-136N,60341,PAY,+,US,2024-08-02,AFETR,,93.85,53.16,463,462,,,EA,ORB
STARLINK-32221,2024-136P,60342,PAY,+,US,2024-08-02,AFETR,,93.85,53.16,464,462,,,EA,ORB
STARLINK-32083,2024-136Q,60343,PAY,+,US,2024-08-02,AFETR,,94.10,53.16,476,475,,,EA,ORB
STARLINK-32077,2024-136R,60344,PAY,+,US,2024-08-02,AFETR,,93.90,53.16,466,464,,,EA,ORB
STARLINK-32075,2024-136S,60345,PAY,+,US,2024-08-02,AFETR,,94.11,53.16,476,474,,,EA,ORB
STARLINK-32082,2024-136T,60346,PAY,+,US,2024-08-02,AFETR,,94.11,53.16,476,474,,,EA,ORB
STARLINK-32084,2024-136U,60347,PAY,+,US,2024-08-02,AFETR,,94.01,53.16,472,470,,,EA,ORB
STARLINK-32081,2024-136V,60348,PAY,+,US,2024-08-02,AFETR,,94.01,53.16,471,470,,,EA,ORB
STARLINK-32181,2024-136W,60349,PAY,+,US,2024-08-02,AFETR,,93.85,53.16,464,462,,,EA,ORB
STARLINK-32076,2024-136X,60350,PAY,+,US,2024-08-02,AFETR,,94.01,53.16,471,470,,,EA,ORB
STARLINK-32097,2024-136Y,60351,PAY,+,US,2024-08-02,AFETR,,93.85,53.16,464,462,,,EA,ORB
STRIX-4,2024-137A,60352,PAY,+,JPN,2024-08-02,RLLB,,93.84,43.02,474,451,,,EA,ORB
ELECTRON KICK STAGE R/B,2024-137B,60353,R/B,D,US,2024-08-02,RLLB,2025-04-04,88.69,42.99,214,205,,,EA,IMP
ELECTRON R/B,2024-137C,60354,R/B,D,US,2024-08-02,RLLB,2024-08-15,88.68,42.95,256,162,,,EA,IMP
STARLINK-32285,2024-138A,60355,PAY,+,US,2024-08-04,AFWTR,,93.85,53.16,464,462,,,EA,ORB
STARLINK-32278,2024-138B,60356,PAY,+,US,2024-08-04,AFWTR,,93.85,53.16,463,462,,,EA,ORB
STARLINK-32286,2024-138C,60357,PAY,D,US,2024-08-04,AFWTR,2024-10-06,88.79,53.14,219,210,,,EA,IMP
STARLINK-32287,2024-138D,60358,PAY,+,US,2024-08-04,AFWTR,,93.85,53.16,464,462,,,EA,ORB
STARLINK-32290,2024-138E,60359,PAY,+,US,2024-08-04,AFWTR,,93.85,53.16,464,462,,,EA,ORB
STARLINK-32275,2024-138F,60360,PAY,+,US,2024-08-04,AFWTR,,94.01,53.16,472,470,,,EA,ORB
STARLINK-32227,2024-138G,60361,PAY,+,US,2024-08-04,AFWTR,,93.85,53.16,464,462,,,EA,ORB
STARLINK-32256,2024-138H,60362,PAY,+,US,2024-08-04,AFWTR,,93.85,53.16,464,462,,,EA,ORB
STARLINK-32267,2024-138J,60363,PAY,+,US,2024-08-04,AFWTR,,93.85,53.16,464,462,,,EA,ORB
STARLINK-32270,2024-138K,60364,PAY,+,US,2024-08-04,AFWTR,,94.01,53.16,472,470,,,EA,ORB
STARLINK-32188,2024-138L,60365,PAY,+,US,2024-08-04,AFWTR,,94.01,53.16,472,470,,,EA,ORB
STARLINK-32230,2024-138M,60366,PAY,+,US,2024-08-04,AFWTR,,93.85,53.16,464,462,,,EA,ORB
STARLINK-32243,2024-138N,60367,PAY,+,US,2024-08-04,AFWTR,,94.01,53.16,472,470,,,EA,ORB
STARLINK-32271,2024-138P,60368,PAY,+,US,2024-08-04,AFWTR,,93.85,53.16,463,462,,,EA,ORB
STARLINK-32266,2024-138Q,60369,PAY,D,US,2024-08-04,AFWTR,2026-02-22,88.73,53.12,216,208,,,EA,IMP
STARLINK-32220,2024-138R,60370,PAY,+,US,2024-08-04,AFWTR,,94.11,53.16,476,475,,,EA,ORB
STARLINK-32263,2024-138S,60371,PAY,+,US,2024-08-04,AFWTR,,94.11,53.16,476,474,,,EA,ORB
STARLINK-32268,2024-138T,60372,PAY,+,US,2024-08-04,AFWTR,,93.85,53.16,463,462,,,EA,ORB
STARLINK-32223,2024-138U,60373,PAY,+,US,2024-08-04,AFWTR,,94.01,53.16,472,470,,,EA,ORB
STARLINK-32180,2024-138V,60374,PAY,+,US,2024-08-04,AFWTR,,94.01,53.16,471,470,,,EA,ORB
STARLINK-32281,2024-138W,60375,PAY,+,US,2024-08-04,AFWTR,,93.85,53.16,464,462,,,EA,ORB
STARLINK-32277,2024-138X,60376,PAY,+,US,2024-08-04,AFWTR,,93.85,53.16,464,462,,,EA,ORB
STARLINK-32269,2024-138Y,60377,PAY,+,US,2024-08-04,AFWTR,,94.01,53.16,472,470,,,EA,ORB
CYGNUS NG-21,2024-139A,60378,PAY,D,US,2024-08-04,AFETR,2025-03-30,92.77,51.63,412,408,,,EA,IMP
QIANFAN-1,2024-140A,60379,PAY,+,PRC,2024-08-06,TAISC,,106.59,88.97,1081,1056,,,EA,ORB
QIANFAN-2,2024-140B,60380,PAY,+,PRC,2024-08-06,TAISC,,106.59,88.97,1078,1059,,,EA,ORB
QIANFAN-3,2024-140C,60381,PAY,+,PRC,2024-08-06,TAISC,,106.59,88.97,1079,1058,,,EA,ORB
QIANFAN-4,2024-140D,60382,PAY,+,PRC,2024-08-06,TAISC,,106.59,88.97,1078,1059,,,EA,ORB
QIANFAN-5,2024-140E,60383,PAY,+,PRC,2024-08-06,TAISC,,106.59,88.97,1079,1058,,,EA,ORB
QIANFAN-6,2024-140F,60384,PAY,+,PRC,2024-08-06,TAISC,,106.59,88.97,1078,1059,,,EA,ORB
QIANFAN-7,2024-140G,60385,PAY,P,PRC,2024-08-06,TAISC,,100.85,88.97,808,790,,,EA,ORB
QIANFAN-8,2024-140H,60386,PAY,+,PRC,2024-08-06,TAISC,,106.59,88.97,1081,1056,,,EA,ORB
QIANFAN-9,2024-140J,60387,PAY,+,PRC,2024-08-06,TAISC,,106.59,88.97,1081,1056,,,EA,ORB
QIANFAN-10,2024-140K,60388,PAY,+,PRC,2024-08-06,TAISC,,106.59,88.97,1080,1057,,,EA,ORB
QIANFAN-11,2024-140L,60389,PAY,+,PRC,2024-08-06,TAISC,,106.59,88.96,1079,1058,,,EA,ORB
QIANFAN-12,2024-140M,60390,PAY,+,PRC,2024-08-06,TAISC,,106.59,88.97,1078,1059,,,EA,ORB
QIANFAN-13,2024-140N,60391,PAY,+,PRC,2024-08-06,TAISC,,106.59,88.99,1078,1059,,,EA,ORB
QIANFAN-14,2024-140P,60392,PAY,+,PRC,2024-08-06,TAISC,,106.59,88.97,1081,1056,,,EA,ORB
QIANFAN-15,2024-140Q,60393,PAY,+,PRC,2024-08-06,TAISC,,106.59,88.97,1078,1059,,,EA,ORB
QIANFAN-16,2024-140R,60394,PAY,+,PRC,2024-08-06,TAISC,,106.59,88.97,1079,1058,,,EA,ORB
QIANFAN-17,2024-140S,60395,PAY,+,PRC,2024-08-06,TAISC,,106.59,88.97,1079,1058,,,EA,ORB
QIANFAN-18,2024-140T,60396,PAY,+,PRC,2024-08-06,TAISC,,106.59,88.97,1079,1058,,,EA,ORB
CZ-6A R/B,2024-140U,60397,R/B,,PRC,2024-08-06,TAISC,,101.42,89.00,855,797,,,EA,ORB
STARLINK-11228 [DTC],2024-141A,60398,PAY,+,US,2024-08-10,AFETR,,91.74,53.16,360,359,,,EA,ORB
STARLINK-11182 [DTC],2024-141B,60399,PAY,+,US,2024-08-10,AFETR,,91.74,53.16,360,359,,,EA,ORB
STARLINK-11234 [DTC],2024-141C,60400,PAY,+,US,2024-08-10,AFETR,,91.74,53.16,360,359,,,EA,ORB
STARLINK-11232 [DTC],2024-141D,60401,PAY,+,US,2024-08-10,AFETR,,91.74,53.16,361,359,,,EA,ORB
STARLINK-11139 [DTC],2024-141E,60402,PAY,+,US,2024-08-10,AFETR,,91.74,53.16,360,359,,,EA,ORB
STARLINK-11158 [DTC],2024-141F,60403,PAY,+,US,2024-08-10,AFETR,,91.74,53.16,361,359,,,EA,ORB
STARLINK-11199 [DTC],2024-141G,60404,PAY,+,US,2024-08-10,AFETR,,91.74,53.16,361,359,,,EA,ORB
STARLINK-11081 [DTC],2024-141H,60405,PAY,+,US,2024-08-10,AFETR,,91.74,53.16,360,359,,,EA,ORB
STARLINK-11150 [DTC],2024-141J,60406,PAY,+,US,2024-08-10,AFETR,,91.74,53.16,360,359,,,EA,ORB
STARLINK-11136 [DTC],2024-141K,60407,PAY,+,US,2024-08-10,AFETR,,91.74,53.16,360,359,,,EA,ORB
STARLINK-11196 [DTC],2024-141L,60408,PAY,+,US,2024-08-10,AFETR,,91.74,53.16,360,359,,,EA,ORB
STARLINK-11174 [DTC],2024-141M,60409,PAY,+,US,2024-08-10,AFETR,,91.74,53.16,360,359,,,EA,ORB
STARLINK-11191 [DTC],2024-141N,60410,PAY,+,US,2024-08-10,AFETR,,91.74,53.16,360,359,,,EA,ORB
STARLINK-32244,2024-141P,60411,PAY,+,US,2024-08-10,AFETR,,94.01,53.16,472,470,,,EA,ORB
STARLINK-32186,2024-141Q,60412,PAY,+,US,2024-08-10,AFETR,,93.85,53.16,464,462,,,EA,ORB
STARLINK-32178,2024-141R,60413,PAY,+,US,2024-08-10,AFETR,,93.85,53.16,464,462,,,EA,ORB
STARLINK-32234,2024-141S,60414,PAY,+,US,2024-08-10,AFETR,,94.01,53.16,472,470,,,EA,ORB
STARLINK-32265,2024-141T,60415,PAY,+,US,2024-08-10,AFETR,,93.85,53.16,464,462,,,EA,ORB
STARLINK-32197,2024-141U,60416,PAY,+,US,2024-08-10,AFETR,,94.01,53.16,472,470,,,EA,ORB
STARLINK-32255,2024-141V,60417,PAY,+,US,2024-08-10,AFETR,,93.85,53.16,464,462,,,EA,ORB
STARLINK-32236,2024-141W,60418,PAY,+,US,2024-08-10,AFETR,,93.85,53.16,464,462,,,EA,ORB
CAPELLA-13 (ACADIA-3),2024-142A,60419,PAY,+,US,2024-08-11,RLLB,,96.80,53.01,606,604,,,EA,ORB
ELECTRON KICK STAGE R/B,2024-142B,60420,R/B,,US,2024-08-11,RLLB,,96.40,53.00,593,580,,,EA,ORB
ELECTRON R/B,2024-142C,60421,R/B,D,US,2024-08-11,RLLB,2024-08-23,87.67,52.99,197,121,,,EA,IMP
ASBM-1,2024-143A,60422,PAY,+,NOR,2024-08-12,AFWTR,,957.28,62.90,43907,7687,,,EA,ORB
ASBM-2,2024-143B,60423,PAY,+,NOR,2024-08-12,AFWTR,,957.29,62.87,43903,7692,,,EA,ORB
FALCON 9 R/B,2024-143C,60424,R/B,,US,2024-08-12,AFWTR,,237.42,62.41,12295,350,,,EA,ORB
STARLINK-32250,2024-144A,60425,PAY,+,US,2024-08-12,AFETR,,93.85,53.16,464,462,,,EA,ORB
STARLINK-32226,2024-144B,60426,PAY,+,US,2024-08-12,AFETR,,93.85,53.16,464,461,,,EA,ORB
STARLINK-32254,2024-144C,60427,PAY,+,US,2024-08-12,AFETR,,93.85,53.16,464,462,,,EA,ORB
STARLINK-32193,2024-144D,60428,PAY,+,US,2024-08-12,AFETR,,93.85,53.16,463,462,,,EA,ORB
STARLINK-32242,2024-144E,60429,PAY,+,US,2024-08-12,AFETR,,93.85,53.16,464,462,,,EA,ORB
STARLINK-32196,2024-144F,60430,PAY,+,US,2024-08-12,AFETR,,93.85,53.16,463,462,,,EA,ORB
STARLINK-32232,2024-144G,60431,PAY,+,US,2024-08-12,AFETR,,93.85,53.16,464,461,,,EA,ORB
STARLINK-32246,2024-144H,60432,PAY,+,US,2024-08-12,AFETR,,93.85,53.16,464,462,,,EA,ORB
STARLINK-32183,2024-144J,60433,PAY,+,US,2024-08-12,AFETR,,93.85,53.16,464,462,,,EA,ORB
STARLINK-32233,2024-144K,60434,PAY,+,US,2024-08-12,AFETR,,93.85,53.16,464,462,,,EA,ORB
STARLINK-32222,2024-144L,60435,PAY,+,US,2024-08-12,AFETR,,93.85,53.16,464,462,,,EA,ORB
STARLINK-32229,2024-144M,60436,PAY,+,US,2024-08-12,AFETR,,93.85,53.16,463,462,,,EA,ORB
STARLINK-32241,2024-144N,60437,PAY,+,US,2024-08-12,AFETR,,93.85,53.16,464,462,,,EA,ORB
STARLINK-32240,2024-144P,60438,PAY,+,US,2024-08-12,AFETR,,93.85,53.16,464,462,,,EA,ORB
STARLINK-32231,2024-144Q,60439,PAY,+,US,2024-08-12,AFETR,,93.85,53.16,464,462,,,EA,ORB
STARLINK-32195,2024-144R,60440,PAY,+,US,2024-08-12,AFETR,,93.85,53.16,463,462,,,EA,ORB
STARLINK-32177,2024-144S,60441,PAY,+,US,2024-08-12,AFETR,,93.85,53.16,464,462,,,EA,ORB
STARLINK-32252,2024-144T,60442,PAY,+,US,2024-08-12,AFETR,,93.85,53.16,464,462,,,EA,ORB
STARLINK-32237,2024-144U,60443,PAY,+,US,2024-08-12,AFETR,,93.85,53.16,464,462,,,EA,ORB
STARLINK-32249,2024-144V,60444,PAY,+,US,2024-08-12,AFETR,,93.85,53.16,464,462,,,EA,ORB
STARLINK-32228,2024-144W,60445,PAY,+,US,2024-08-12,AFETR,,93.85,53.16,464,462,,,EA,ORB
STARLINK-32247,2024-144X,60446,PAY,+,US,2024-08-12,AFETR,,93.85,53.16,464,462,,,EA,ORB
STARLINK-32101,2024-144Y,60447,PAY,+,US,2024-08-12,AFETR,,93.85,53.16,464,462,,,EA,ORB
PROGRESS-MS 28,2024-145A,60450,PAY,D,CIS,2024-08-15,TYMSC,2025-02-26,92.94,51.64,422,414,,,AS,IMP
SL-4 R/B,2024-145B,60451,R/B,D,CIS,2024-08-15,TYMSC,2024-08-16,87.62,51.65,163,150,,,EA,IMP
LEGION 3,2024-146A,60452,PAY,+,US,2024-08-15,AFETR,,94.99,45.00,524,513,,,EA,ORB
LEGION 4,2024-146B,60453,PAY,+,US,2024-08-15,AFETR,,94.99,45.00,526,511,,,EA,ORB
EOS-08,2024-147A,60454,PAY,+,IND,2024-08-16,SRILR,,92.72,37.38,410,405,,,EA,ORB
SR-0 DEMOSAT,2024-147B,60455,PAY,D,IND,2024-08-16,SRILR,2024-11-02,88.40,37.35,204,187,,,EA,IMP
VTM R/B,2024-147C,60456,R/B,D,IND,2024-08-16,SRILR,2025-03-12,87.64,36.91,162,153,,,EA,IMP
SS3 R/B,2024-147D,60457,R/B,D,IND,2024-08-16,SRILR,2025-11-26,87.88,37.34,172,166,,,EA,IMP
YAOGAN-43 01A,2024-148A,60458,PAY,+,PRC,2024-08-16,XICLF,,93.67,35.01,456,452,,,EA,ORB
YAOGAN-43 01B,2024-148B,60459,PAY,+,PRC,2024-08-16,XICLF,,93.68,34.99,459,450,,,EA,ORB
YAOGAN-43 01C,2024-148C,60460,PAY,+,PRC,2024-08-16,XICLF,,94.55,35.00,500,494,,,EA,ORB
YAOGAN-43 01D,2024-148D,60461,PAY,+,PRC,2024-08-16,XICLF,,94.08,35.01,475,473,,,EA,ORB
YAOGAN-43 01E,2024-148E,60462,PAY,+,PRC,2024-08-16,XICLF,,94.55,34.99,498,495,,,EA,ORB
YAOGAN-43 01F,2024-148F,60463,PAY,+,PRC,2024-08-16,XICLF,,93.88,34.99,468,460,,,EA,ORB
YAOGAN-43 01G,2024-148G,60464,PAY,+,PRC,2024-08-16,XICLF,,94.08,35.00,478,470,,,EA,ORB
YAOGAN-43 01H,2024-148H,60465,PAY,+,PRC,2024-08-16,XICLF,,94.20,34.99,484,476,,,EA,ORB
YAOGAN-43 01J,2024-148J,60466,PAY,+,PRC,2024-08-16,XICLF,,93.64,34.99,456,448,,,EA,ORB
CZ-4B R/B,2024-148K,60467,R/B,D,PRC,2024-08-16,XICLF,2024-12-20,88.26,34.99,197,180,,,EA,IMP
TRANSPORTER-11 OBJECT A,2024-149A,60468,PAY,+,TBD,2024-08-16,AFWTR,,93.88,97.37,466,462,,,EA,ORB
WARATAH SEED-1,2024-149B,60469,PAY,+,AUS,2024-08-16,AFWTR,,93.66,97.37,455,452,,,EA,ORB
PHISAT 2,2024-149C,60470,PAY,+,UK,2024-08-16,AFWTR,,94.00,97.37,472,469,,,EA,ORB
LEMUR-2-TOMATOKECHUP,2024-149D,60471,PAY,+,US,2024-08-16,AFWTR,,93.68,97.38,456,453,,,EA,ORB
CONNECTA IOT-1,2024-149E,60472,PAY,+,TURK,2024-08-16,AFWTR,,94.49,97.37,496,491,,,EA,ORB
LOPEN,2024-149F,60473,PAY,+,US,2024-08-16,AFWTR,,93.42,97.37,444,440,,,EA,ORB
ROCK,2024-149G,60474,PAY,+,US,2024-08-16,AFWTR,,93.42,97.37,444,440,,,EA,ORB
CONNECTA IOT-3,2024-149H,60475,PAY,+,TURK,2024-08-16,AFWTR,,94.49,97.37,497,491,,,EA,ORB
QUBE,2024-149J,60476,PAY,+,GER,2024-08-16,AFWTR,,92.89,97.37,417,415,,,EA,ORB
SATORO-T2,2024-149K,60477,PAY,D,ROC,2024-08-16,AFWTR,2026-03-02,87.53,97.35,160,144,,,EA,IMP
WREN-1,2024-149L,60478,PAY,+,HUN,2024-08-16,AFWTR,,93.27,97.37,438,431,,,EA,ORB
TOMORROW-S1,2024-149M,60479,PAY,+,US,2024-08-16,AFWTR,,93.90,97.37,468,463,,,EA,ORB
FLOCK 4BE-18,2024-149N,60480,PAY,P,US,2024-08-16,AFWTR,,93.28,97.37,437,432,,,EA,ORB
FLOCK 4BE-7,2024-149P,60481,PAY,+,US,2024-08-16,AFWTR,,93.34,97.37,440,436,,,EA,ORB
FLOCK 4BE-4,2024-149Q,60482,PAY,D,US,2024-08-16,AFWTR,2025-11-18,88.40,97.37,202,188,,,EA,IMP
FLOCK 4BE-16,2024-149R,60483,PAY,D,US,2024-08-16,AFWTR,2026-04-25,87.94,97.35,182,163,,,EA,IMP
FLOCK 4BE-26,2024-149S,60484,PAY,-,US,2024-08-16,AFWTR,,89.56,97.34,260,246,,,EA,ORB
TOMORROW-S2,2024-149T,60485,PAY,+,US,2024-08-16,AFWTR,,93.90,97.38,468,462,,,EA,ORB
FLOCK 4BE-36,2024-149U,60486,PAY,P,US,2024-08-16,AFWTR,,93.17,97.37,432,427,,,EA,ORB
FLOCK 4BE-25,2024-149V,60487,PAY,+,US,2024-08-16,AFWTR,,93.48,97.38,447,443,,,EA,ORB
FLOCK 4BE-31,2024-149W,60488,PAY,+,US,2024-08-16,AFWTR,,93.11,97.38,429,425,,,EA,ORB
FLOCK 4BE-20,2024-149X,60489,PAY,P,US,2024-08-16,AFWTR,,93.44,97.37,445,441,,,EA,ORB
FLOCK 4BE-23,2024-149Y,60490,PAY,+,US,2024-08-16,AFWTR,,93.56,97.37,451,445,,,EA,ORB
FLOCK 4BE-15,2024-149Z,60491,PAY,-,US,2024-08-16,AFWTR,,91.46,97.36,348,345,,,EA,ORB
FLOCK 4BE-17,2024-149AA,60492,PAY,P,US,2024-08-16,AFWTR,,93.41,97.37,444,439,,,EA,ORB
NUSAT-50 (NANCY ROMAN),2024-149AB,60493,PAY,+,ARGN,2024-08-16,AFWTR,,94.07,97.38,475,472,,,EA,ORB
FLOCK 4BE-22,2024-149AC,60494,PAY,+,US,2024-08-16,AFWTR,,93.32,97.37,440,434,,,EA,ORB
FLOCK 4BE-34,2024-149AD,60495,PAY,+,US,2024-08-16,AFWTR,,93.32,97.37,440,434,,,EA,ORB
TYCHE,2024-149AE,60496,PAY,+,UK,2024-08-16,AFWTR,,94.37,97.37,491,486,,,EA,ORB
FLOCK 4BE-32,2024-149AF,60497,PAY,+,US,2024-08-16,AFWTR,,93.25,97.37,437,431,,,EA,ORB
NUSAT-48 (HENRIETTA LEAVITT),2024-149AG,60498,PAY,+,ARGN,2024-08-16,AFWTR,,94.11,97.39,478,472,,,EA,ORB
FLOCK 4BE-30,2024-149AH,60499,PAY,-,US,2024-08-16,AFWTR,,90.73,97.37,316,304,,,EA,ORB
NUSAT-49 (KLARA DAN VON NEUMANN),2024-149AJ,60500,PAY,+,ARGN,2024-08-16,AFWTR,,94.10,97.37,478,472,,,EA,ORB
FLOCK 4BE-11,2024-149AK,60501,PAY,+,US,2024-08-16,AFWTR,,93.20,97.37,434,428,,,EA,ORB
FLOCK 4BE-33,2024-149AL,60502,PAY,D,US,2024-08-16,AFWTR,2026-05-11,87.97,97.36,183,165,,,EA,IMP
FLOCK 4BE-10,2024-149AM,60503,PAY,D,US,2024-08-16,AFWTR,2026-04-12,87.84,97.34,176,159,,,EA,IMP
YAM-7,2024-149AN,60504,PAY,+,US,2024-08-16,AFWTR,,93.96,97.37,471,465,,,EA,ORB
FLOCK 4BE-24,2024-149AP,60505,PAY,+,US,2024-08-16,AFWTR,,93.18,97.37,433,427,,,EA,ORB
LUR-1,2024-149AQ,60506,PAY,+,SPN,2024-08-16,AFWTR,,94.07,97.37,477,469,,,EA,ORB
TANAGER-1,2024-149AR,60507,PAY,+,US,2024-08-16,AFWTR,,93.27,97.23,436,434,,,EA,ORB
EAGLEEYE,2024-149AS,60508,PAY,+,POL,2024-08-16,AFWTR,,90.66,97.37,309,305,,,EA,ORB
FLOCK 4BE-29,2024-149AT,60509,PAY,+,US,2024-08-16,AFWTR,,93.03,97.38,426,420,,,EA,ORB
TRANSPORTER-11 OBJECT AU,2024-149AU,60510,PAY,+,TBD,2024-08-16,AFWTR,,93.39,97.37,444,437,,,EA,ORB
FLOCK 4BE-2,2024-149AV,60511,PAY,-,US,2024-08-16,AFWTR,,92.26,97.38,387,384,,,EA,ORB
FLOCK 4BE-13,2024-149AW,60512,PAY,+,US,2024-08-16,AFWTR,,93.29,97.37,439,432,,,EA,ORB
FLOCK 4BE-27,2024-149AX,60513,PAY,P,US,2024-08-16,AFWTR,,93.78,97.38,463,456,,,EA,ORB
FLOCK 4BE-9,2024-149AY,60514,PAY,+,US,2024-08-16,AFWTR,,93.35,97.38,441,435,,,EA,ORB
FLOCK 4BE-8,2024-149AZ,60515,PAY,D,US,2024-08-16,AFWTR,2026-04-03,88.69,97.34,218,202,,,EA,IMP
FLOCK 4BE-6,2024-149BA,60516,PAY,+,US,2024-08-16,AFWTR,,93.43,97.38,446,439,,,EA,ORB
FLOCK 4BE-14,2024-149BB,60517,PAY,+,US,2024-08-16,AFWTR,,93.33,97.37,441,434,,,EA,ORB
FLOCK 4BE-1,2024-149BC,60518,PAY,+,US,2024-08-16,AFWTR,,93.23,97.37,436,429,,,EA,ORB
FLOCK 4BE-28,2024-149BD,60519,PAY,+,US,2024-08-16,AFWTR,,92.97,97.37,423,417,,,EA,ORB
IPERDRONE.0,2024-149BE,60520,PAY,+,IT,2024-08-16,AFWTR,,91.25,97.37,336,335,,,EA,ORB
TRANSPORTER-11 OBJECT BF,2024-149BF,60521,PAY,D,TBD,2024-08-16,AFWTR,2026-07-21,87.57,97.37,163,146,,,EA,IMP
CONNECTA IOT-2,2024-149BG,60522,PAY,+,TURK,2024-08-16,AFWTR,,94.46,97.38,498,487,,,EA,ORB
PTD-R (TYVAK-0127),2024-149BH,60523,PAY,D,US,2024-08-16,AFWTR,2026-06-15,87.79,97.36,175,156,,,EA,IMP
CONNECTA IOT-4,2024-149BJ,60524,PAY,+,TURK,2024-08-16,AFWTR,,93.24,97.38,437,429,,,EA,ORB
ORESAT0.5,2024-149BK,60525,PAY,+,US,2024-08-16,AFWTR,,93.06,97.37,428,420,,,EA,ORB
DEIMOS,2024-149BL,60526,PAY,+,US,2024-08-16,AFWTR,,93.12,97.38,431,423,,,EA,ORB
CUAVA-2,2024-149BM,60527,PAY,+,AUS,2024-08-16,AFWTR,,93.66,97.37,459,448,,,EA,ORB
ERNST,2024-149BN,60528,PAY,+,GER,2024-08-16,AFWTR,,93.46,97.38,449,439,,,EA,ORB
GAINDESAT-1A,2024-149BP,60529,PAY,D,SEN,2024-08-16,AFWTR,2026-01-21,87.78,97.37,171,158,,,EA,IMP
TORO,2024-149BQ,60530,PAY,+,ROC,2024-08-16,AFWTR,,96.22,97.67,579,576,,,EA,ORB
HYPSO-2,2024-149BR,60531,PAY,+,NOR,2024-08-16,AFWTR,,96.06,97.68,572,568,,,EA,ORB
LEMU NGE,2024-149BS,60532,PAY,+,CHLE,2024-08-16,AFWTR,,96.31,97.68,583,580,,,EA,ORB
LEMUR-2-STELLA,2024-149BT,60533,PAY,+,US,2024-08-16,AFWTR,,95.17,97.67,528,526,,,EA,ORB
SATELIOT_2,2024-149BU,60534,PAY,+,SPN,2024-08-16,AFWTR,,96.22,97.68,579,577,,,EA,ORB
NIGHTJAR,2024-149BV,60535,PAY,+,ROC,2024-08-16,AFWTR,,96.04,97.68,570,568,,,EA,ORB
LEMUR-2-MARHISYAM,2024-149BW,60536,PAY,+,US,2024-08-16,AFWTR,,95.22,97.68,530,528,,,EA,ORB
SATELIOT_4,2024-149BX,60537,PAY,+,SPN,2024-08-16,AFWTR,,96.20,97.67,579,575,,,EA,ORB
PICO-02A021,2024-149BY,60538,PAY,+,IT,2024-08-16,AFWTR,,95.76,97.67,559,551,,,EA,ORB
ICEYE-X43,2024-149BZ,60539,PAY,+,BRAZ,2024-08-16,AFWTR,,96.01,97.67,573,562,,,EA,ORB
HAWK-10A,2024-149CA,60540,PAY,+,US,2024-08-16,AFWTR,,96.21,97.69,579,575,,,EA,ORB
UMBRA-09,2024-149CB,60541,PAY,+,US,2024-08-16,AFWTR,,94.75,97.69,508,505,,,EA,ORB
QPS-SAR-8 (AMATERU-IV),2024-149CC,60542,PAY,+,JPN,2024-08-16,AFWTR,,95.70,97.66,554,551,,,EA,ORB
ARCTIC WEATHER SATELLITE,2024-149CD,60543,PAY,+,NOR,2024-08-16,AFWTR,,96.66,97.68,599,598,,,EA,ORB
CAPELLA-15 (ACADIA-5),2024-149CE,60544,PAY,+,US,2024-08-16,AFWTR,,96.49,97.67,593,588,,,EA,ORB
HAWK-10B,2024-149CF,60545,PAY,+,US,2024-08-16,AFWTR,,96.21,97.68,580,574,,,EA,ORB
ICEYE-X39,2024-149CG,60546,PAY,+,BRAZ,2024-08-16,AFWTR,,95.99,97.68,571,562,,,EA,ORB
UMBRA-10,2024-149CH,60547,PAY,+,US,2024-08-16,AFWTR,,94.75,97.70,508,505,,,EA,ORB
ICEYE-X33,2024-149CJ,60548,PAY,+,US,2024-08-16,AFWTR,,95.94,97.74,565,563,,,EA,ORB
ICEYE-X40,2024-149CK,60549,PAY,+,UAE,2024-08-16,AFWTR,,96.11,97.68,575,569,,,EA,ORB
SATELIOT_1,2024-149CL,60550,PAY,+,SPN,2024-08-16,AFWTR,,96.11,97.67,577,568,,,EA,ORB
BRO-14,2024-149CM,60551,PAY,+,FR,2024-08-16,AFWTR,,96.24,97.68,582,574,,,EA,ORB
SATELIOT_3,2024-149CN,60552,PAY,+,SPN,2024-08-16,AFWTR,,96.11,97.68,575,569,,,EA,ORB
BRO-15,2024-149CP,60553,PAY,+,FR,2024-08-16,AFWTR,,96.24,97.68,583,574,,,EA,ORB
UM5-RIBAT,2024-149CQ,60554,PAY,+,MA,2024-08-16,AFWTR,,95.91,97.65,565,560,,,EA,ORB
UM5-EOSAT,2024-149CR,60555,PAY,+,MA,2024-08-16,AFWTR,,95.88,97.67,565,557,,,EA,ORB
KANYINI,2024-149CS,60556,PAY,+,AUS,2024-08-16,AFWTR,,92.44,97.37,395,393,,,EA,ORB
TROOP-F2,2024-149CT,60557,PAY,D,US,2024-08-16,AFWTR,2026-05-14,87.45,97.29,158,138,,,EA,IMP
FLOCK 4BE-35,2024-149CU,60558,PAY,-,US,2024-08-16,AFWTR,,90.04,97.35,282,270,,,EA,ORB
FLOCK 4BE-5,2024-149CV,60559,PAY,+,US,2024-08-16,AFWTR,,93.38,97.38,443,437,,,EA,ORB
FLOCK 4BE-12,2024-149CW,60560,PAY,D,US,2024-08-16,AFWTR,2026-08-01,87.69,97.34,170,150,,,EA,IMP
FLOCK 4BE-3,2024-149CX,60561,PAY,+,US,2024-08-16,AFWTR,,93.29,97.37,439,433,,,EA,ORB
HYPERFIELD-1A,2024-149CY,60562,PAY,+,FIN,2024-08-16,AFWTR,,94.01,97.38,475,466,,,EA,ORB
FLOCK 4BE-19,2024-149CZ,60563,PAY,P,US,2024-08-16,AFWTR,,93.08,97.37,429,421,,,EA,ORB
PICO-02C023,2024-149DA,60564,PAY,D,IT,2024-08-16,AFWTR,2026-02-13,88.41,97.66,204,187,,,EA,IMP
PTD-4 (LISA-T),2024-149DB,60565,PAY,+,US,2024-08-16,AFWTR,,94.46,97.69,495,490,,,EA,ORB
PICO-02G027,2024-149DC,60566,PAY,D,IT,2024-08-16,AFWTR,2026-01-31,88.32,97.66,199,184,,,EA,IMP
PICO-02F026,2024-149DD,60567,PAY,D,IT,2024-08-16,AFWTR,2026-02-01,88.72,97.66,220,203,,,EA,IMP
PICO-02I029,2024-149DE,60568,PAY,D,IT,2024-08-16,AFWTR,2026-02-02,88.39,97.65,203,186,,,EA,IMP
PICO-02D024,2024-149DF,60569,PAY,D,IT,2024-08-16,AFWTR,2026-02-03,88.34,97.64,200,184,,,EA,IMP
PICO-02H028,2024-149DG,60570,PAY,D,IT,2024-08-16,AFWTR,2026-02-03,88.34,97.65,201,184,,,EA,IMP
PICO-02B022,2024-149DH,60571,PAY,D,IT,2024-08-16,AFWTR,2025-12-09,88.57,97.66,212,196,,,EA,IMP
PICO-02E025,2024-149DJ,60572,PAY,D,IT,2024-08-16,AFWTR,2025-12-30,88.33,97.68,199,184,,,EA,IMP
ION SCV-012,2024-149DK,60573,PAY,+,IT,2024-08-16,AFWTR,,96.32,97.67,584,581,,,EA,ORB
GNOMES-5,2024-149DL,60574,PAY,+,US,2024-08-16,AFWTR,,95.90,97.71,566,558,,,EA,ORB
HAWK-10C,2024-149DM,60575,PAY,+,US,2024-08-16,AFWTR,,96.21,97.67,579,575,,,EA,ORB
LEMUR-2-AHMED-ASRAR,2024-149DN,60576,PAY,+,US,2024-08-16,AFWTR,,95.11,97.70,527,522,,,EA,ORB
LEMUR-2-LLOYD,2024-149DP,60577,PAY,+,US,2024-08-16,AFWTR,,95.34,97.67,537,534,,,EA,ORB
LEMUR-2-SQUIRRELCOMM,2024-149DQ,60578,PAY,+,US,2024-08-16,AFWTR,,95.50,97.67,547,539,,,EA,ORB
LEMUR-2-SIERRINI,2024-149DR,60579,PAY,+,US,2024-08-16,AFWTR,,95.23,97.68,532,527,,,EA,ORB
SEDNA-1,2024-149DS,60580,PAY,+,US,2024-08-16,AFWTR,,95.51,97.66,550,536,,,EA,ORB
ATLAS 5 CENTAUR DEB,2024-134E,60581,DEB,,US,2024-07-30,AFETR,,1457.83,1.63,36950,35472,,NEA,EA,ORB
ATLAS 5 CENTAUR DEB,2024-134F,60582,DEB,,US,2024-07-30,AFETR,,1457.78,1.75,37461,34959,,NEA,EA,ORB
STARLINK-31844,2024-150A,60583,PAY,+,US,2024-08-20,AFETR,,94.01,53.16,472,470,,,EA,ORB
STARLINK-32204,2024-150B,60584,PAY,+,US,2024-08-20,AFETR,,93.85,53.16,464,462,,,EA,ORB
STARLINK-32130,2024-150C,60585,PAY,+,US,2024-08-20,AFETR,,94.11,53.16,476,474,,,EA,ORB
STARLINK-32173,2024-150D,60586,PAY,+,US,2024-08-20,AFETR,,93.85,53.16,464,462,,,EA,ORB
STARLINK-31911,2024-150E,60587,PAY,+,US,2024-08-20,AFETR,,93.85,53.16,464,462,,,EA,ORB
STARLINK-31994,2024-150F,60588,PAY,+,US,2024-08-20,AFETR,,93.85,53.16,464,462,,,EA,ORB
STARLINK-32169,2024-150G,60589,PAY,+,US,2024-08-20,AFETR,,93.90,53.16,467,464,,,EA,ORB
STARLINK-32209,2024-150H,60590,PAY,+,US,2024-08-20,AFETR,,93.85,53.16,464,462,,,EA,ORB
STARLINK-32170,2024-150J,60591,PAY,+,US,2024-08-20,AFETR,,93.85,53.16,463,462,,,EA,ORB
STARLINK-31497,2024-150K,60592,PAY,+,US,2024-08-20,AFETR,,93.85,53.16,463,462,,,EA,ORB
STARLINK-32161,2024-150L,60593,PAY,+,US,2024-08-20,AFETR,,93.85,53.16,463,462,,,EA,ORB
STARLINK-32210,2024-150M,60594,PAY,+,US,2024-08-20,AFETR,,93.85,53.16,464,462,,,EA,ORB
STARLINK-32202,2024-150N,60595,PAY,+,US,2024-08-20,AFETR,,94.01,53.16,471,470,,,EA,ORB
STARLINK-31930,2024-150P,60596,PAY,+,US,2024-08-20,AFETR,,93.85,53.16,464,462,,,EA,ORB
STARLINK-32162,2024-150Q,60597,PAY,+,US,2024-08-20,AFETR,,94.11,53.16,476,474,,,EA,ORB
STARLINK-32208,2024-150R,60598,PAY,+,US,2024-08-20,AFETR,,93.90,53.16,466,464,,,EA,ORB
STARLINK-32165,2024-150S,60599,PAY,+,US,2024-08-20,AFETR,,94.09,53.16,476,473,,,EA,ORB
STARLINK-31923,2024-150T,60600,PAY,+,US,2024-08-20,AFETR,,93.90,53.16,466,465,,,EA,ORB
STARLINK-31988,2024-150U,60601,PAY,+,US,2024-08-20,AFETR,,93.85,53.16,464,462,,,EA,ORB
STARLINK-31983,2024-150V,60602,PAY,+,US,2024-08-20,AFETR,,93.85,53.16,463,462,,,EA,ORB
STARLINK-31874,2024-150W,60603,PAY,+,US,2024-08-20,AFETR,,93.85,53.16,464,462,,,EA,ORB
STARLINK-32039,2024-150X,60604,PAY,+,US,2024-08-20,AFETR,,93.85,53.16,464,462,,,EA,ORB
ZHONGXING-4A,2024-151A,60606,PAY,+,PRC,2024-08-22,WSC,,1436.10,1.15,35788,35785,,,EA,ORB
CZ-7A R/B,2024-151B,60607,R/B,D,PRC,2024-08-22,WSC,2025-01-01,518.60,14.66,29874,133,,,EA,IMP
CZ-6A DEB,2024-140V,60620,DEB,,PRC,2024-08-06,TAISC,,99.12,89.02,798,636,,,EA,ORB
CZ-6A DEB,2024-140W,60621,DEB,,PRC,2024-08-06,TAISC,,97.91,89.01,732,586,,,EA,ORB
CZ-6A DEB,2024-140X,60622,DEB,,PRC,2024-08-06,TAISC,,99.10,89.01,791,640,,,EA,ORB
CZ-6A DEB,2024-140Y,60623,DEB,,PRC,2024-08-06,TAISC,,98.93,89.01,783,632,,,EA,ORB
CZ-6A DEB,2024-140Z,60624,DEB,,PRC,2024-08-06,TAISC,,98.80,89.03,780,623,,,EA,ORB
CZ-6A DEB,2024-140AA,60625,DEB,,PRC,2024-08-06,TAISC,,99.38,88.99,775,683,,,EA,ORB
CZ-6A DEB,2024-140AB,60626,DEB,,PRC,2024-08-06,TAISC,,97.28,89.01,773,483,,,EA,ORB
CZ-6A DEB,2024-140AC,60627,DEB,,PRC,2024-08-06,TAISC,,108.63,88.06,1571,756,,,EA,ORB
CZ-6A DEB,2024-140AD,60628,DEB,,PRC,2024-08-06,TAISC,,100.72,88.83,798,788,,,EA,ORB
CZ-6A DEB,2024-140AE,60629,DEB,D,PRC,2024-08-06,TAISC,2025-06-05,88.24,89.22,195,179,,,EA,IMP
CZ-6A DEB,2024-140AF,60630,DEB,,PRC,2024-08-06,TAISC,,94.11,88.27,512,439,,,EA,ORB
CZ-6A DEB,2024-140AG,60631,DEB,D,PRC,2024-08-06,TAISC,2024-08-21,88.92,89.27,272,170,,,EA,IMP
CZ-6A DEB,2024-140AH,60632,DEB,,PRC,2024-08-06,TAISC,,99.14,89.04,795,640,,,EA,ORB
CZ-6A DEB,2024-140AJ,60633,DEB,,PRC,2024-08-06,TAISC,,101.63,89.02,876,795,,,EA,ORB
CZ-6A DEB,2024-140AK,60634,DEB,,PRC,2024-08-06,TAISC,,96.28,89.06,667,494,,,EA,ORB
CZ-6A DEB,2024-140AL,60635,DEB,,PRC,2024-08-06,TAISC,,102.97,88.79,1009,789,,,EA,ORB
CZ-6A DEB,2024-140AM,60636,DEB,,PRC,2024-08-06,TAISC,,101.47,88.99,863,793,,,EA,ORB
CZ-6A DEB,2024-140AN,60637,DEB,D,PRC,2024-08-06,TAISC,2024-12-27,88.11,89.37,195,167,,,EA,IMP
CZ-6A DEB,2024-140AP,60638,DEB,D,PRC,2024-08-06,TAISC,2026-04-20,87.44,88.88,160,135,,,EA,IMP
CZ-6A DEB,2024-140AQ,60639,DEB,,PRC,2024-08-06,TAISC,,107.78,88.47,1464,784,,,EA,ORB
CZ-6A DEB,2024-140AR,60640,DEB,D,PRC,2024-08-06,TAISC,2024-11-05,87.67,89.80,171,147,,,EA,IMP
CZ-6A DEB,2024-140AS,60641,DEB,,PRC,2024-08-06,TAISC,,104.68,89.58,1233,727,,,EA,ORB
CZ-6A DEB,2024-140AT,60642,DEB,D,PRC,2024-08-06,TAISC,2025-04-04,88.69,89.30,231,189,,,EA,IMP
CZ-6A DEB,2024-140AU,60643,DEB,,PRC,2024-08-06,TAISC,,99.64,88.97,778,705,,,EA,ORB
CZ-6A DEB,2024-140AV,60644,DEB,,PRC,2024-08-06,TAISC,,96.22,89.00,620,535,,,EA,ORB
CZ-6A DEB,2024-140AW,60645,DEB,,PRC,2024-08-06,TAISC,,108.17,88.75,1520,764,,,EA,ORB
CZ-6A DEB,2024-140AX,60646,DEB,,PRC,2024-08-06,TAISC,,98.10,89.00,721,616,,,EA,ORB
CZ-6A DEB,2024-140AY,60647,DEB,D,PRC,2024-08-06,TAISC,2026-03-28,88.47,89.32,206,191,,,EA,IMP
CZ-6A DEB,2024-140AZ,60648,DEB,,PRC,2024-08-06,TAISC,,98.52,89.08,779,597,,,EA,ORB
CZ-6A DEB,2024-140BA,60649,DEB,,PRC,2024-08-06,TAISC,,99.08,88.98,795,634,,,EA,ORB
CZ-6A DEB,2024-140BB,60650,DEB,,PRC,2024-08-06,TAISC,,98.92,88.96,798,616,,,EA,ORB
CZ-6A DEB,2024-140BC,60651,DEB,,PRC,2024-08-06,TAISC,,99.67,88.88,799,686,,,EA,ORB
CZ-6A DEB,2024-140BD,60652,DEB,,PRC,2024-08-06,TAISC,,99.47,88.92,773,694,,,EA,ORB
CZ-6A DEB,2024-140BE,60653,DEB,,PRC,2024-08-06,TAISC,,100.40,88.65,799,756,,,EA,ORB
CZ-6A DEB,2024-140BF,60654,DEB,,PRC,2024-08-06,TAISC,,97.55,88.97,737,546,,,EA,ORB
CZ-6A DEB,2024-140BG,60655,DEB,,PRC,2024-08-06,TAISC,,101.36,89.00,850,796,,,EA,ORB
CZ-6A DEB,2024-140BH,60656,DEB,,PRC,2024-08-06,TAISC,,94.88,89.14,576,450,,,EA,ORB
CZ-6A DEB,2024-140BJ,60657,DEB,,PRC,2024-08-06,TAISC,,99.31,88.92,791,660,,,EA,ORB
CZ-6A DEB,2024-140BK,60658,DEB,,PRC,2024-08-06,TAISC,,100.30,88.98,822,724,,,EA,ORB
CZ-6A DEB,2024-140BL,60659,DEB,,PRC,2024-08-06,TAISC,,101.30,89.00,850,790,,,EA,ORB
CZ-6A DEB,2024-140BM,60660,DEB,,PRC,2024-08-06,TAISC,,98.65,88.99,790,598,,,EA,ORB
CZ-6A DEB,2024-140BN,60661,DEB,,PRC,2024-08-06,TAISC,,99.77,88.88,781,714,,,EA,ORB
CZ-6A DEB,2024-140BP,60662,DEB,,PRC,2024-08-06,TAISC,,102.14,88.97,927,792,,,EA,ORB
CZ-6A DEB,2024-140BQ,60663,DEB,,PRC,2024-08-06,TAISC,,101.65,89.10,879,795,,,EA,ORB
CZ-6A DEB,2024-140BR,60664,DEB,,PRC,2024-08-06,TAISC,,99.08,89.03,796,633,,,EA,ORB
CZ-6A DEB,2024-140BS,60665,DEB,D,PRC,2024-08-06,TAISC,2025-04-02,89.49,88.47,270,228,,,EA,IMP
CZ-6A DEB,2024-140BT,60666,DEB,,PRC,2024-08-06,TAISC,,102.27,89.01,937,795,,,EA,ORB
CZ-6A DEB,2024-140BU,60667,DEB,D,PRC,2024-08-06,TAISC,2024-11-03,90.11,88.61,298,262,,,EA,IMP
CZ-6A DEB,2024-140BV,60668,DEB,,PRC,2024-08-06,TAISC,,99.65,88.98,797,687,,,EA,ORB
CZ-6A DEB,2024-140BW,60669,DEB,,PRC,2024-08-06,TAISC,,99.66,88.92,831,653,,,EA,ORB
CZ-6A DEB,2024-140BX,60670,DEB,D,PRC,2024-08-06,TAISC,2025-08-29,88.78,89.25,229,200,,,EA,IMP
CZ-6A DEB,2024-140BY,60671,DEB,,PRC,2024-08-06,TAISC,,103.23,89.04,1062,761,,,EA,ORB
CZ-6A DEB,2024-140BZ,60672,DEB,,PRC,2024-08-06,TAISC,,97.21,88.74,722,528,,,EA,ORB
CZ-6A DEB,2024-140CA,60673,DEB,,PRC,2024-08-06,TAISC,,97.45,89.27,782,491,,,EA,ORB
CZ-6A DEB,2024-140CB,60674,DEB,,PRC,2024-08-06,TAISC,,98.61,89.00,795,589,,,EA,ORB
CZ-6A DEB,2024-140CC,60675,DEB,,PRC,2024-08-06,TAISC,,102.06,89.01,917,796,,,EA,ORB
CZ-6A DEB,2024-140CD,60676,DEB,,PRC,2024-08-06,TAISC,,101.84,88.94,896,795,,,EA,ORB
CZ-6A DEB,2024-140CE,60677,DEB,D,PRC,2024-08-06,TAISC,2025-08-16,88.49,88.41,201,198,,,EA,IMP
CZ-6A DEB,2024-140CF,60678,DEB,,PRC,2024-08-06,TAISC,,99.79,88.90,802,695,,,EA,ORB
CZ-6A DEB,2024-140CG,60679,DEB,,PRC,2024-08-06,TAISC,,100.10,89.30,800,726,,,EA,ORB
CZ-6A DEB,2024-140CH,60680,DEB,,PRC,2024-08-06,TAISC,,100.32,88.97,865,682,,,EA,ORB
CZ-6A DEB,2024-140CJ,60681,DEB,,PRC,2024-08-06,TAISC,,103.58,88.99,1063,792,,,EA,ORB
CZ-6A DEB,2024-140CK,60682,DEB,,PRC,2024-08-06,TAISC,,101.07,89.00,829,790,,,EA,ORB
CZ-6A DEB,2024-140CL,60683,DEB,,PRC,2024-08-06,TAISC,,100.93,89.00,822,783,,,EA,ORB
CZ-6A DEB,2024-140CM,60684,DEB,,PRC,2024-08-06,TAISC,,101.51,88.79,869,791,,,EA,ORB
CZ-6A DEB,2024-140CN,60685,DEB,,PRC,2024-08-06,TAISC,,99.39,89.00,786,673,,,EA,ORB
CZ-6A DEB,2024-140CP,60686,DEB,,PRC,2024-08-06,TAISC,,99.89,88.98,790,717,,,EA,ORB
CZ-6A DEB,2024-140CQ,60687,DEB,,PRC,2024-08-06,TAISC,,101.56,89.01,874,791,,,EA,ORB
CZ-6A DEB,2024-140CR,60688,DEB,,PRC,2024-08-06,TAISC,,100.99,89.00,826,785,,,EA,ORB
CZ-6A DEB,2024-140CS,60689,DEB,,PRC,2024-08-06,TAISC,,101.06,89.00,830,788,,,EA,ORB
CZ-6A DEB,2024-140CT,60690,DEB,,PRC,2024-08-06,TAISC,,101.78,89.01,890,796,,,EA,ORB
CZ-6A DEB,2024-140CU,60691,DEB,,PRC,2024-08-06,TAISC,,99.52,89.03,795,676,,,EA,ORB
CZ-6A DEB,2024-140CV,60692,DEB,,PRC,2024-08-06,TAISC,,99.98,88.99,848,667,,,EA,ORB
CZ-6A DEB,2024-140CW,60693,DEB,,PRC,2024-08-06,TAISC,,102.04,89.01,915,795,,,EA,ORB
CZ-6A DEB,2024-140CX,60694,DEB,,PRC,2024-08-06,TAISC,,101.58,89.01,876,791,,,EA,ORB
CZ-6A DEB,2024-140CY,60695,DEB,,PRC,2024-08-06,TAISC,,101.62,89.03,877,794,,,EA,ORB
CZ-6A DEB,2024-140CZ,60696,DEB,,PRC,2024-08-06,TAISC,,101.72,89.03,884,796,,,EA,ORB
CZ-6A DEB,2024-140DA,60697,DEB,,PRC,2024-08-06,TAISC,,101.70,89.02,883,795,,,EA,ORB
CZ-6A DEB,2024-140DB,60698,DEB,,PRC,2024-08-06,TAISC,,101.59,89.01,877,792,,,EA,ORB
CZ-6A DEB,2024-140DC,60699,DEB,,PRC,2024-08-06,TAISC,,101.55,88.70,879,785,,,EA,ORB
CZ-6A DEB,2024-140DD,60700,DEB,D,PRC,2024-08-06,TAISC,2024-12-17,91.51,88.95,360,337,,,EA,IMP
CZ-6A DEB,2024-140DE,60701,DEB,,PRC,2024-08-06,TAISC,,101.31,89.36,886,755,,,EA,ORB
CZ-6A DEB,2024-140DF,60702,DEB,,PRC,2024-08-06,TAISC,,99.80,88.70,809,688,,,EA,ORB
CZ-6A DEB,2024-140DG,60703,DEB,,PRC,2024-08-06,TAISC,,100.88,89.41,878,723,,,EA,ORB
CZ-6A DEB,2024-140DH,60704,DEB,,PRC,2024-08-06,TAISC,,96.39,89.15,656,515,,,EA,ORB
CZ-6A DEB,2024-140DJ,60705,DEB,D,PRC,2024-08-06,TAISC,2024-11-29,89.48,89.31,257,241,,,EA,IMP
CZ-6A DEB,2024-140DK,60706,DEB,,PRC,2024-08-06,TAISC,,99.13,89.01,800,634,,,EA,ORB
CZ-6A DEB,2024-140DL,60707,DEB,,PRC,2024-08-06,TAISC,,100.24,88.96,798,741,,,EA,ORB
CZ-6A DEB,2024-140DM,60708,DEB,,PRC,2024-08-06,TAISC,,100.67,89.00,820,761,,,EA,ORB
CZ-6A DEB,2024-140DN,60709,DEB,,PRC,2024-08-06,TAISC,,100.88,89.00,811,789,,,EA,ORB
CZ-6A DEB,2024-140DP,60710,DEB,,PRC,2024-08-06,TAISC,,101.42,89.20,856,795,,,EA,ORB
CZ-6A DEB,2024-140DQ,60711,DEB,,PRC,2024-08-06,TAISC,,100.06,88.84,807,716,,,EA,ORB
CZ-6A DEB,2024-140DR,60712,DEB,,PRC,2024-08-06,TAISC,,98.05,88.88,770,561,,,EA,ORB
CZ-6A DEB,2024-140DS,60713,DEB,,PRC,2024-08-06,TAISC,,101.48,89.01,862,795,,,EA,ORB
CZ-6A DEB,2024-140DT,60714,DEB,,PRC,2024-08-06,TAISC,,99.23,89.04,799,644,,,EA,ORB
CZ-6A DEB,2024-140DU,60715,DEB,,PRC,2024-08-06,TAISC,,101.77,89.05,894,790,,,EA,ORB
CZ-6A DEB,2024-140DV,60716,DEB,,PRC,2024-08-06,TAISC,,98.69,89.08,790,602,,,EA,ORB
CZ-6A DEB,2024-140DW,60717,DEB,,PRC,2024-08-06,TAISC,,97.23,88.91,722,531,,,EA,ORB
CZ-6A DEB,2024-140DX,60718,DEB,,PRC,2024-08-06,TAISC,,102.42,89.17,950,796,,,EA,ORB
CZ-6A DEB,2024-140DY,60719,DEB,,PRC,2024-08-06,TAISC,,99.11,89.21,807,625,,,EA,ORB
STARLINK-11247 [DTC],2024-152A,60720,PAY,+,US,2024-08-28,AFETR,,91.74,53.16,361,358,,,EA,ORB
STARLINK-11259 [DTC],2024-152B,60721,PAY,+,US,2024-08-28,AFETR,,91.74,53.16,360,359,,,EA,ORB
STARLINK-11188 [DTC],2024-152C,60722,PAY,+,US,2024-08-28,AFETR,,91.74,53.16,360,359,,,EA,ORB
STARLINK-11272 [DTC],2024-152D,60723,PAY,+,US,2024-08-28,AFETR,,91.74,53.16,360,359,,,EA,ORB
STARLINK-11261 [DTC],2024-152E,60724,PAY,+,US,2024-08-28,AFETR,,91.74,53.16,360,359,,,EA,ORB
STARLINK-11263 [DTC],2024-152F,60725,PAY,+,US,2024-08-28,AFETR,,91.74,53.16,361,359,,,EA,ORB
STARLINK-11235 [DTC],2024-152G,60726,PAY,+,US,2024-08-28,AFETR,,91.74,53.16,360,359,,,EA,ORB
STARLINK-11080 [DTC],2024-152H,60727,PAY,+,US,2024-08-28,AFETR,,91.74,53.16,361,359,,,EA,ORB
STARLINK-11249 [DTC],2024-152J,60728,PAY,+,US,2024-08-28,AFETR,,91.74,53.16,360,360,,,EA,ORB
STARLINK-11146 [DTC],2024-152K,60729,PAY,+,US,2024-08-28,AFETR,,91.74,53.16,360,359,,,EA,ORB
STARLINK-11255 [DTC],2024-152L,60730,PAY,+,US,2024-08-28,AFETR,,91.74,53.16,361,359,,,EA,ORB
STARLINK-11254 [DTC],2024-152M,60731,PAY,+,US,2024-08-28,AFETR,,91.74,53.16,361,359,,,EA,ORB
STARLINK-11266 [DTC],2024-152N,60732,PAY,+,US,2024-08-28,AFETR,,91.74,53.16,360,359,,,EA,ORB
STARLINK-32253,2024-152P,60733,PAY,+,US,2024-08-28,AFETR,,93.85,53.16,464,462,,,EA,ORB
STARLINK-32179,2024-152Q,60734,PAY,+,US,2024-08-28,AFETR,,93.85,53.16,464,462,,,EA,ORB
STARLINK-32272,2024-152R,60735,PAY,D,US,2024-08-28,AFETR,2026-04-05,88.20,53.12,188,183,,,EA,IMP
STARLINK-32280,2024-152S,60736,PAY,D,US,2024-08-28,AFETR,2025-10-15,88.35,53.12,199,187,,,EA,IMP
STARLINK-32289,2024-152T,60737,PAY,+,US,2024-08-28,AFETR,,93.85,53.16,464,462,,,EA,ORB
STARLINK-32304,2024-152U,60738,PAY,+,US,2024-08-28,AFETR,,93.85,53.16,464,462,,,EA,ORB
STARLINK-32235,2024-152V,60739,PAY,+,US,2024-08-28,AFETR,,93.85,53.16,463,462,,,EA,ORB
STARLINK-32315,2024-152W,60740,PAY,+,US,2024-08-28,AFETR,,93.85,53.16,464,462,,,EA,ORB
CZ-6A DEB,2024-140DZ,60742,DEB,D,PRC,2024-08-06,TAISC,2024-08-17,88.66,89.06,249,168,,,EA,IMP
CZ-6A DEB,2024-140EA,60743,DEB,D,PRC,2024-08-06,TAISC,2024-08-18,88.96,89.73,269,177,,,EA,IMP
CZ-6A DEB,2024-140EB,60744,DEB,D,PRC,2024-08-06,TAISC,2024-08-24,92.48,89.40,455,337,,,EA,IMP
OBJECT A,2024-153A,60745,PAY,+,PRC,2024-08-29,YSLA,,92.67,97.68,409,402,,,EA,ORB
OBJECT B,2024-153B,60746,PAY,+,PRC,2024-08-29,YSLA,,93.82,97.69,467,456,,,EA,ORB
OBJECT C,2024-153C,60747,PAY,+,PRC,2024-08-29,YSLA,,93.23,97.68,438,428,,,EA,ORB
OBJECT D,2024-153D,60748,PAY,+,PRC,2024-08-29,YSLA,,94.15,97.69,478,476,,,EA,ORB
OBJECT E,2024-153E,60749,PAY,+,PRC,2024-08-29,YSLA,,94.22,97.68,482,480,,,EA,ORB
OBJECT F,2024-153F,60750,PAY,+,PRC,2024-08-29,YSLA,,94.27,97.68,487,479,,,EA,ORB
CERES-1 R/B,2024-153G,60751,R/B,D,PRC,2024-08-29,YSLA,2024-12-23,87.40,97.62,159,132,,,EA,IMP
OBJECT H,2024-153H,60752,UNK,D,PRC,2024-08-29,YSLA,2024-12-31,94.60,97.37,509,490,,,EA,IMP
CZ-6A DEB,2024-140EC,60753,DEB,,PRC,2024-08-06,TAISC,,102.15,89.06,939,782,,,EA,ORB
CZ-6A DEB,2024-140ED,60754,DEB,,PRC,2024-08-06,TAISC,,101.37,88.96,863,784,,,EA,ORB
CZ-6A DEB,2024-140EE,60755,DEB,,PRC,2024-08-06,TAISC,,102.56,88.78,974,785,,,EA,ORB
CZ-6A DEB,2024-140EF,60756,DEB,D,PRC,2024-08-06,TAISC,2025-05-27,90.40,88.94,305,283,,,EA,IMP
CZ-6A DEB,2024-140EG,60757,DEB,,PRC,2024-08-06,TAISC,,101.70,89.09,884,795,,,EA,ORB
CZ-6A DEB,2024-140EH,60758,DEB,,PRC,2024-08-06,TAISC,,99.24,89.01,795,649,,,EA,ORB
CZ-6A DEB,2024-140EJ,60759,DEB,,PRC,2024-08-06,TAISC,,101.39,89.00,862,787,,,EA,ORB
CZ-6A DEB,2024-140EK,60760,DEB,,PRC,2024-08-06,TAISC,,98.11,89.08,786,550,,,EA,ORB
CZ-6A DEB,2024-140EL,60761,DEB,,PRC,2024-08-06,TAISC,,96.59,89.00,629,561,,,EA,ORB
CZ-6A DEB,2024-140EM,60762,DEB,,PRC,2024-08-06,TAISC,,99.24,89.03,797,648,,,EA,ORB
CZ-6A DEB,2024-140EN,60763,DEB,,PRC,2024-08-06,TAISC,,98.39,89.02,756,607,,,EA,ORB
CZ-6A DEB,2024-140EP,60764,DEB,,PRC,2024-08-06,TAISC,,100.92,88.94,814,790,,,EA,ORB
CZ-6A DEB,2024-140EQ,60765,DEB,,PRC,2024-08-06,TAISC,,99.13,88.77,789,645,,,EA,ORB
CZ-6A DEB,2024-140ER,60766,DEB,,PRC,2024-08-06,TAISC,,98.21,89.04,733,614,,,EA,ORB
CZ-6A DEB,2024-140ES,60767,DEB,,PRC,2024-08-06,TAISC,,101.62,88.99,879,792,,,EA,ORB
CZ-6A DEB,2024-140ET,60768,DEB,,PRC,2024-08-06,TAISC,,98.78,89.09,781,620,,,EA,ORB
CZ-6A DEB,2024-140EU,60769,DEB,,PRC,2024-08-06,TAISC,,100.07,89.05,797,726,,,EA,ORB
CZ-6A DEB,2024-140EV,60770,DEB,,PRC,2024-08-06,TAISC,,100.18,89.02,794,740,,,EA,ORB
CZ-6A DEB,2024-140EW,60771,DEB,,PRC,2024-08-06,TAISC,,99.50,88.97,772,697,,,EA,ORB
CZ-6A DEB,2024-140EX,60772,DEB,,PRC,2024-08-06,TAISC,,99.94,88.93,808,703,,,EA,ORB
CZ-6A DEB,2024-140EY,60773,DEB,D,PRC,2024-08-06,TAISC,2025-01-01,90.85,88.97,335,298,,,EA,IMP
CZ-6A DEB,2024-140EZ,60774,DEB,,PRC,2024-08-06,TAISC,,94.29,89.30,517,451,,,EA,ORB
CZ-6A DEB,2024-140FA,60775,DEB,,PRC,2024-08-06,TAISC,,101.02,89.07,827,787,,,EA,ORB
CZ-6A DEB,2024-140FB,60776,DEB,,PRC,2024-08-06,TAISC,,94.68,89.18,541,465,,,EA,ORB
CZ-6A DEB,2024-140FC,60777,DEB,D,PRC,2024-08-06,TAISC,2025-01-26,88.82,89.46,237,195,,,EA,IMP
CZ-6A DEB,2024-140FD,60778,DEB,,PRC,2024-08-06,TAISC,,93.92,88.99,475,458,,,EA,ORB
CZ-6A DEB,2024-140FE,60779,DEB,,PRC,2024-08-06,TAISC,,97.22,88.97,678,573,,,EA,ORB
CZ-6A DEB,2024-140FF,60780,DEB,,PRC,2024-08-06,TAISC,,100.19,88.96,827,708,,,EA,ORB
CZ-6A DEB,2024-140FG,60781,DEB,,PRC,2024-08-06,TAISC,,100.92,88.94,941,663,,,EA,ORB
CZ-6A DEB,2024-140FH,60782,DEB,D,PRC,2024-08-06,TAISC,2024-12-19,88.13,89.41,196,168,,,EA,IMP
CZ-6A DEB,2024-140FJ,60783,DEB,,PRC,2024-08-06,TAISC,,98.85,89.05,795,612,,,EA,ORB
CZ-6A DEB,2024-140FK,60784,DEB,,PRC,2024-08-06,TAISC,,100.20,89.00,817,719,,,EA,ORB
CZ-6A DEB,2024-140FL,60785,DEB,,PRC,2024-08-06,TAISC,,99.51,88.99,807,664,,,EA,ORB
CZ-6A DEB,2024-140FM,60786,DEB,,PRC,2024-08-06,TAISC,,92.98,89.19,463,378,,,EA,ORB
CZ-6A DEB,2024-140FN,60787,DEB,,PRC,2024-08-06,TAISC,,101.43,88.97,866,786,,,EA,ORB
CZ-6A DEB,2024-140FP,60788,DEB,,PRC,2024-08-06,TAISC,,101.22,88.95,846,787,,,EA,ORB
CZ-6A DEB,2024-140FQ,60789,DEB,D,PRC,2024-08-06,TAISC,2025-02-25,88.55,89.03,205,200,,,EA,IMP
CZ-6A DEB,2024-140FR,60790,DEB,,PRC,2024-08-06,TAISC,,99.69,88.84,800,688,,,EA,ORB
CZ-6A DEB,2024-140FS,60791,DEB,,PRC,2024-08-06,TAISC,,101.90,88.84,905,792,,,EA,ORB
CZ-6A DEB,2024-140FT,60792,DEB,,PRC,2024-08-06,TAISC,,97.79,89.06,773,533,,,EA,ORB
CZ-6A DEB,2024-140FU,60793,DEB,,PRC,2024-08-06,TAISC,,101.82,89.03,893,797,,,EA,ORB
CZ-6A DEB,2024-140FV,60794,DEB,D,PRC,2024-08-06,TAISC,2026-06-28,89.24,88.97,252,222,,,EA,IMP
CZ-6A DEB,2024-140FW,60795,DEB,,PRC,2024-08-06,TAISC,,101.66,89.01,886,789,,,EA,ORB
CZ-6A DEB,2024-140FX,60796,DEB,,PRC,2024-08-06,TAISC,,102.51,88.95,962,793,,,EA,ORB
CZ-6A DEB,2024-140FY,60797,DEB,,PRC,2024-08-06,TAISC,,99.75,88.85,820,674,,,EA,ORB
CZ-6A DEB,2024-140FZ,60798,DEB,,PRC,2024-08-06,TAISC,,101.93,89.05,904,795,,,EA,ORB
CZ-6A DEB,2024-140GA,60799,DEB,,PRC,2024-08-06,TAISC,,99.05,88.96,795,632,,,EA,ORB
CZ-6A DEB,2024-140GB,60800,DEB,,PRC,2024-08-06,TAISC,,101.93,89.00,905,796,,,EA,ORB
CZ-6A DEB,2024-140GC,60801,DEB,,PRC,2024-08-06,TAISC,,97.54,88.92,753,529,,,EA,ORB
CZ-6A DEB,2024-140GD,60802,DEB,,PRC,2024-08-06,TAISC,,98.94,89.04,802,614,,,EA,ORB
CZ-6A DEB,2024-140GE,60803,DEB,,PRC,2024-08-06,TAISC,,91.64,89.60,377,333,,,EA,ORB
CZ-6A DEB,2024-140GF,60804,DEB,,PRC,2024-08-06,TAISC,,101.89,89.04,902,794,,,EA,ORB
CZ-6A DEB,2024-140GG,60805,DEB,,PRC,2024-08-06,TAISC,,102.29,89.30,943,791,,,EA,ORB
CZ-6A DEB,2024-140GH,60806,DEB,D,PRC,2024-08-06,TAISC,2024-09-25,87.95,89.40,202,144,,,EA,IMP
CZ-6A DEB,2024-140GJ,60807,DEB,,PRC,2024-08-06,TAISC,,102.15,89.01,926,795,,,EA,ORB
CZ-6A DEB,2024-140GK,60808,DEB,,PRC,2024-08-06,TAISC,,99.08,89.06,797,633,,,EA,ORB
CZ-6A DEB,2024-140GL,60809,DEB,D,PRC,2024-08-06,TAISC,2024-09-04,92.28,89.08,442,331,,,EA,IMP
CZ-6A DEB,2024-140GM,60810,DEB,,PRC,2024-08-06,TAISC,,102.50,89.37,964,790,,,EA,ORB
CZ-6A DEB,2024-140GN,60811,DEB,,PRC,2024-08-06,TAISC,,96.94,88.68,700,524,,,EA,ORB
CZ-6A DEB,2024-140GP,60812,DEB,,PRC,2024-08-06,TAISC,,99.56,88.98,802,673,,,EA,ORB
CZ-6A DEB,2024-140GQ,60813,DEB,,PRC,2024-08-06,TAISC,,100.87,88.92,816,784,,,EA,ORB
CZ-6A DEB,2024-140GR,60814,DEB,,PRC,2024-08-06,TAISC,,102.08,89.06,922,792,,,EA,ORB
CZ-6A DEB,2024-140GS,60815,DEB,,PRC,2024-08-06,TAISC,,109.38,88.55,1643,753,,,EA,ORB
CZ-6A DEB,2024-140GT,60816,DEB,,PRC,2024-08-06,TAISC,,100.59,89.04,796,777,,,EA,ORB
CZ-6A DEB,2024-140GU,60817,DEB,,PRC,2024-08-06,TAISC,,101.89,89.11,906,790,,,EA,ORB
CZ-6A DEB,2024-140GV,60818,DEB,,PRC,2024-08-06,TAISC,,99.44,88.89,761,703,,,EA,ORB
CZ-6A DEB,2024-140GW,60819,DEB,,PRC,2024-08-06,TAISC,,98.38,89.03,797,566,,,EA,ORB
CZ-6A DEB,2024-140GX,60820,DEB,,PRC,2024-08-06,TAISC,,101.08,88.99,831,788,,,EA,ORB
CZ-6A DEB,2024-140GY,60821,DEB,D,PRC,2024-08-06,TAISC,2025-04-16,90.98,89.00,331,314,,,EA,IMP
CZ-6A DEB,2024-140GZ,60822,DEB,,PRC,2024-08-06,TAISC,,99.21,89.00,806,636,,,EA,ORB
CZ-6A DEB,2024-140HA,60823,DEB,,PRC,2024-08-06,TAISC,,104.27,89.03,1134,787,,,EA,ORB
CZ-6A DEB,2024-140HB,60824,DEB,D,PRC,2024-08-06,TAISC,2025-11-06,88.40,89.14,205,186,,,EA,IMP
CZ-6A DEB,2024-140HC,60825,DEB,,PRC,2024-08-06,TAISC,,99.93,88.79,801,709,,,EA,ORB
CZ-6A DEB,2024-140HD,60826,DEB,,PRC,2024-08-06,TAISC,,100.97,88.97,824,785,,,EA,ORB
CZ-6A DEB,2024-140HE,60827,DEB,,PRC,2024-08-06,TAISC,,100.47,89.07,809,752,,,EA,ORB
CZ-6A DEB,2024-140HF,60828,DEB,,PRC,2024-08-06,TAISC,,99.82,89.07,812,689,,,EA,ORB
CZ-6A DEB,2024-140HG,60829,DEB,D,PRC,2024-08-06,TAISC,2025-10-09,89.81,89.17,283,247,,,EA,IMP
CZ-6A DEB,2024-140HH,60830,DEB,,PRC,2024-08-06,TAISC,,103.06,88.90,1013,794,,,EA,ORB
CZ-6A DEB,2024-140HJ,60831,DEB,,PRC,2024-08-06,TAISC,,101.61,89.00,877,793,,,EA,ORB
CZ-6A DEB,2024-140HK,60832,DEB,D,PRC,2024-08-06,TAISC,2025-11-14,88.46,89.50,209,188,,,EA,IMP
CZ-6A DEB,2024-140HL,60833,DEB,D,PRC,2024-08-06,TAISC,2025-08-09,88.72,88.99,222,200,,,EA,IMP
CZ-6A DEB,2024-140HM,60834,DEB,,PRC,2024-08-06,TAISC,,102.50,89.01,958,795,,,EA,ORB
CZ-6A DEB,2024-140HN,60835,DEB,D,PRC,2024-08-06,TAISC,2024-12-25,90.43,89.10,306,285,,,EA,IMP
CZ-6A DEB,2024-140HP,60836,DEB,,PRC,2024-08-06,TAISC,,98.22,88.99,746,601,,,EA,ORB
CZ-6A DEB,2024-140HQ,60837,DEB,,PRC,2024-08-06,TAISC,,101.68,89.17,884,792,,,EA,ORB
CZ-6A DEB,2024-140HR,60838,DEB,,PRC,2024-08-06,TAISC,,99.19,89.08,770,669,,,EA,ORB
CZ-6A DEB,2024-140HS,60839,DEB,,PRC,2024-08-06,TAISC,,104.80,88.95,1178,792,,,EA,ORB
CZ-6A DEB,2024-140HT,60840,DEB,,PRC,2024-08-06,TAISC,,97.61,88.99,725,564,,,EA,ORB
CZ-6A DEB,2024-140HU,60841,DEB,,PRC,2024-08-06,TAISC,,101.22,89.00,846,787,,,EA,ORB
CZ-6A DEB,2024-140HV,60842,DEB,,PRC,2024-08-06,TAISC,,97.16,88.89,725,521,,,EA,ORB
CZ-6A DEB,2024-140HW,60843,DEB,,PRC,2024-08-06,TAISC,,101.61,89.01,881,789,,,EA,ORB
CZ-6A DEB,2024-140HX,60844,DEB,,PRC,2024-08-06,TAISC,,100.27,88.61,839,703,,,EA,ORB
CZ-6A DEB,2024-140HY,60845,DEB,,PRC,2024-08-06,TAISC,,98.89,89.03,794,617,,,EA,ORB
CZ-6A DEB,2024-140HZ,60846,DEB,D,PRC,2024-08-06,TAISC,2024-09-22,91.97,88.81,408,334,,,EA,IMP
CZ-6A DEB,2024-140JA,60847,DEB,,PRC,2024-08-06,TAISC,,100.25,88.96,787,754,,,EA,ORB
CZ-6A DEB,2024-140JB,60848,DEB,,PRC,2024-08-06,TAISC,,97.75,88.72,736,566,,,EA,ORB
CZ-6A DEB,2024-140JC,60849,DEB,,PRC,2024-08-06,TAISC,,98.27,89.13,780,572,,,EA,ORB
CZ-6A DEB,2024-140JD,60850,DEB,,PRC,2024-08-06,TAISC,,101.12,88.86,828,795,,,EA,ORB
CZ-6A DEB,2024-140JE,60851,DEB,D,PRC,2024-08-06,TAISC,2025-12-19,90.22,88.97,298,272,,,EA,IMP
CZ-6A DEB,2024-140JF,60852,DEB,,PRC,2024-08-06,TAISC,,105.83,88.39,1321,746,,,EA,ORB
CZ-6A DEB,2024-140JG,60853,DEB,D,PRC,2024-08-06,TAISC,2025-01-29,89.17,89.15,251,216,,,EA,IMP
CZ-6A DEB,2024-140JH,60854,DEB,,PRC,2024-08-06,TAISC,,97.95,88.95,729,592,,,EA,ORB
CZ-6A DEB,2024-140JJ,60855,DEB,,PRC,2024-08-06,TAISC,,101.81,89.01,896,792,,,EA,ORB
CZ-6A DEB,2024-140JK,60856,DEB,,PRC,2024-08-06,TAISC,,103.98,89.15,1099,793,,,EA,ORB
CZ-6A DEB,2024-140JL,60857,DEB,,PRC,2024-08-06,TAISC,,99.71,88.97,790,700,,,EA,ORB
CZ-6A DEB,2024-140JM,60858,DEB,,PRC,2024-08-06,TAISC,,101.25,88.86,841,794,,,EA,ORB
CZ-6A DEB,2024-140JN,60859,DEB,,PRC,2024-08-06,TAISC,,99.89,88.57,801,706,,,EA,ORB
CZ-6A DEB,2024-140JP,60860,DEB,,PRC,2024-08-06,TAISC,,101.80,89.05,892,796,,,EA,ORB
CZ-6A DEB,2024-140JQ,60861,DEB,,PRC,2024-08-06,TAISC,,93.80,89.06,496,425,,,EA,ORB
CZ-6A DEB,2024-140JR,60862,DEB,D,PRC,2024-08-06,TAISC,2025-09-02,88.95,88.91,230,216,,,EA,IMP
CZ-6A DEB,2024-140JS,60863,DEB,,PRC,2024-08-06,TAISC,,101.11,89.00,830,793,,,EA,ORB
CZ-6A DEB,2024-140JT,60864,DEB,,PRC,2024-08-06,TAISC,,100.33,89.41,788,761,,,EA,ORB
CZ-6A DEB,2024-140JU,60865,DEB,,PRC,2024-08-06,TAISC,,99.41,88.98,794,667,,,EA,ORB
CZ-6A DEB,2024-140JV,60866,DEB,,PRC,2024-08-06,TAISC,,98.78,88.94,779,621,,,EA,ORB
CZ-6A DEB,2024-140JW,60867,DEB,D,PRC,2024-08-06,TAISC,2024-09-25,91.58,89.35,411,293,,,EA,IMP
CZ-6A DEB,2024-140JX,60868,DEB,D,PRC,2024-08-06,TAISC,2025-08-25,89.02,88.95,237,216,,,EA,IMP
CZ-6A DEB,2024-140JY,60869,DEB,D,PRC,2024-08-06,TAISC,2025-01-02,88.83,88.98,231,203,,,EA,IMP
CZ-6A DEB,2024-140JZ,60870,DEB,,PRC,2024-08-06,TAISC,,101.85,88.74,907,785,,,EA,ORB
CZ-6A DEB,2024-140KA,60871,DEB,,PRC,2024-08-06,TAISC,,98.73,89.06,763,633,,,EA,ORB
CZ-6A DEB,2024-140KB,60872,DEB,,PRC,2024-08-06,TAISC,,101.00,88.91,825,787,,,EA,ORB
CZ-6A DEB,2024-140KC,60873,DEB,,PRC,2024-08-06,TAISC,,101.73,89.11,892,789,,,EA,ORB
CZ-6A DEB,2024-140KD,60874,DEB,,PRC,2024-08-06,TAISC,,99.14,88.88,790,645,,,EA,ORB
CZ-6A DEB,2024-140KE,60875,DEB,D,PRC,2024-08-06,TAISC,2026-07-07,90.67,88.83,318,297,,,EA,IMP
CZ-6A DEB,2024-140KF,60876,DEB,,PRC,2024-08-06,TAISC,,101.43,89.03,867,786,,,EA,ORB
CZ-6A DEB,2024-140KG,60877,DEB,,PRC,2024-08-06,TAISC,,103.45,89.07,1054,789,,,EA,ORB
CZ-6A DEB,2024-140KH,60878,DEB,,PRC,2024-08-06,TAISC,,94.82,89.06,555,464,,,EA,ORB
CZ-6A DEB,2024-140KJ,60879,DEB,,PRC,2024-08-06,TAISC,,101.51,89.03,867,793,,,EA,ORB
CZ-6A DEB,2024-140KK,60880,DEB,,PRC,2024-08-06,TAISC,,97.88,89.11,736,578,,,EA,ORB
CZ-6A DEB,2024-140KL,60881,DEB,,PRC,2024-08-06,TAISC,,101.06,89.00,831,786,,,EA,ORB
CZ-6A DEB,2024-140KM,60882,DEB,,PRC,2024-08-06,TAISC,,103.60,88.98,1087,770,,,EA,ORB
CZ-6A DEB,2024-140KN,60883,DEB,,PRC,2024-08-06,TAISC,,97.32,88.80,721,540,,,EA,ORB
CZ-6A DEB,2024-140KP,60884,DEB,,PRC,2024-08-06,TAISC,,102.75,89.06,990,787,,,EA,ORB
CZ-6A DEB,2024-140KQ,60885,DEB,,PRC,2024-08-06,TAISC,,100.39,88.97,806,748,,,EA,ORB
CZ-6A DEB,2024-140KR,60886,DEB,,PRC,2024-08-06,TAISC,,101.61,89.01,877,792,,,EA,ORB
CZ-6A DEB,2024-140KS,60887,DEB,D,PRC,2024-08-06,TAISC,2026-01-05,88.75,88.89,217,208,,,EA,IMP
CZ-6A DEB,2024-140KT,60888,DEB,D,PRC,2024-08-06,TAISC,2025-07-07,90.49,88.91,322,276,,,EA,IMP
CZ-6A DEB,2024-140KU,60889,DEB,,PRC,2024-08-06,TAISC,,101.17,89.00,840,789,,,EA,ORB
CZ-6A DEB,2024-140KV,60890,DEB,,PRC,2024-08-06,TAISC,,97.73,89.00,704,596,,,EA,ORB
CZ-6A DEB,2024-140KW,60891,DEB,,PRC,2024-08-06,TAISC,,102.03,89.33,917,793,,,EA,ORB
CZ-6A DEB,2024-140KX,60892,DEB,,PRC,2024-08-06,TAISC,,101.41,89.12,862,789,,,EA,ORB
CZ-6A DEB,2024-140KY,60893,DEB,D,PRC,2024-08-06,TAISC,2025-02-02,90.07,88.86,300,256,,,EA,IMP
CZ-6A DEB,2024-140KZ,60894,DEB,,PRC,2024-08-06,TAISC,,101.80,89.05,899,789,,,EA,ORB
CZ-6A DEB,2024-140LA,60895,DEB,,PRC,2024-08-06,TAISC,,101.25,89.35,853,782,,,EA,ORB
CZ-6A DEB,2024-140LB,60896,DEB,,PRC,2024-08-06,TAISC,,100.73,88.35,832,754,,,EA,ORB
CZ-6A DEB,2024-140LC,60897,DEB,,PRC,2024-08-06,TAISC,,98.54,89.03,753,625,,,EA,ORB
CZ-6A DEB,2024-140LD,60898,DEB,,PRC,2024-08-06,TAISC,,98.03,88.67,769,559,,,EA,ORB
CZ-6A DEB,2024-140LE,60899,DEB,,PRC,2024-08-06,TAISC,,101.93,89.24,911,789,,,EA,ORB
CZ-6A DEB,2024-140LF,60900,DEB,,PRC,2024-08-06,TAISC,,100.97,88.91,815,794,,,EA,ORB
CZ-6A DEB,2024-140LG,60901,DEB,,PRC,2024-08-06,TAISC,,98.76,88.97,748,650,,,EA,ORB
CZ-6A DEB,2024-140LH,60902,DEB,,PRC,2024-08-06,TAISC,,98.95,89.03,792,626,,,EA,ORB
STARLINK-11242 [DTC],2024-154A,60903,PAY,+,US,2024-08-31,AFETR,,91.74,53.16,360,359,,,EA,ORB
STARLINK-11256 [DTC],2024-154B,60904,PAY,+,US,2024-08-31,AFETR,,91.74,53.16,361,359,,,EA,ORB
STARLINK-11159 [DTC],2024-154C,60905,PAY,+,US,2024-08-31,AFETR,,91.74,53.16,360,359,,,EA,ORB
STARLINK-11264 [DTC],2024-154D,60906,PAY,+,US,2024-08-31,AFETR,,91.74,53.16,360,359,,,EA,ORB
STARLINK-11226 [DTC],2024-154E,60907,PAY,+,US,2024-08-31,AFETR,,91.74,53.16,360,359,,,EA,ORB
STARLINK-11229 [DTC],2024-154F,60908,PAY,+,US,2024-08-31,AFETR,,91.74,53.16,361,359,,,EA,ORB
STARLINK-11265 [DTC],2024-154G,60909,PAY,+,US,2024-08-31,AFETR,,91.74,53.16,361,359,,,EA,ORB
STARLINK-11250 [DTC],2024-154H,60910,PAY,+,US,2024-08-31,AFETR,,91.74,53.16,360,359,,,EA,ORB
STARLINK-11190 [DTC],2024-154J,60911,PAY,+,US,2024-08-31,AFETR,,91.74,53.16,361,359,,,EA,ORB
STARLINK-11225 [DTC],2024-154K,60912,PAY,+,US,2024-08-31,AFETR,,91.74,53.16,360,359,,,EA,ORB
STARLINK-11273 [DTC],2024-154L,60913,PAY,+,US,2024-08-31,AFETR,,91.74,53.16,360,359,,,EA,ORB
STARLINK-11248 [DTC],2024-154M,60914,PAY,D,US,2024-08-31,AFETR,2025-12-30,88.09,53.13,185,174,,,EA,IMP
STARLINK-11271 [DTC],2024-154N,60915,PAY,+,US,2024-08-31,AFETR,,91.74,53.16,361,359,,,EA,ORB
STARLINK-32371,2024-154P,60916,PAY,+,US,2024-08-31,AFETR,,94.01,53.16,472,470,,,EA,ORB
STARLINK-32369,2024-154Q,60917,PAY,+,US,2024-08-31,AFETR,,94.01,53.16,472,470,,,EA,ORB
STARLINK-32317,2024-154R,60918,PAY,+,US,2024-08-31,AFETR,,93.85,53.16,463,462,,,EA,ORB
STARLINK-32367,2024-154S,60919,PAY,+,US,2024-08-31,AFETR,,93.85,53.16,464,462,,,EA,ORB
STARLINK-32345,2024-154T,60920,PAY,+,US,2024-08-31,AFETR,,93.85,53.16,463,462,,,EA,ORB
STARLINK-32356,2024-154U,60921,PAY,+,US,2024-08-31,AFETR,,94.01,53.16,472,470,,,EA,ORB
STARLINK-32274,2024-154V,60922,PAY,+,US,2024-08-31,AFETR,,93.85,53.16,464,462,,,EA,ORB
STARLINK-32373,2024-154W,60923,PAY,+,US,2024-08-31,AFETR,,93.85,53.16,464,462,,,EA,ORB
STARLINK-11239 [DTC],2024-155A,60924,PAY,+,US,2024-08-31,AFWTR,,91.74,53.16,361,359,,,EA,ORB
STARLINK-11245 [DTC],2024-155B,60925,PAY,+,US,2024-08-31,AFWTR,,91.74,53.16,360,359,,,EA,ORB
STARLINK-11244 [DTC],2024-155C,60926,PAY,+,US,2024-08-31,AFWTR,,91.74,53.16,360,359,,,EA,ORB
STARLINK-11243 [DTC],2024-155D,60927,PAY,+,US,2024-08-31,AFWTR,,91.74,53.16,361,359,,,EA,ORB
STARLINK-11238 [DTC],2024-155E,60928,PAY,+,US,2024-08-31,AFWTR,,91.74,53.16,360,359,,,EA,ORB
STARLINK-11240 [DTC],2024-155F,60929,PAY,+,US,2024-08-31,AFWTR,,91.74,53.16,361,359,,,EA,ORB
STARLINK-11251 [DTC],2024-155G,60930,PAY,+,US,2024-08-31,AFWTR,,91.74,53.16,360,359,,,EA,ORB
STARLINK-11204 [DTC],2024-155H,60931,PAY,+,US,2024-08-31,AFWTR,,91.74,53.16,361,359,,,EA,ORB
STARLINK-11246 [DTC],2024-155J,60932,PAY,+,US,2024-08-31,AFWTR,,91.74,53.16,360,359,,,EA,ORB
STARLINK-11207 [DTC],2024-155K,60933,PAY,+,US,2024-08-31,AFWTR,,91.74,53.16,361,359,,,EA,ORB
STARLINK-11237 [DTC],2024-155L,60934,PAY,+,US,2024-08-31,AFWTR,,91.74,53.16,361,359,,,EA,ORB
STARLINK-11253 [DTC],2024-155M,60935,PAY,+,US,2024-08-31,AFWTR,,91.74,53.16,360,359,,,EA,ORB
STARLINK-11241 [DTC],2024-155N,60936,PAY,+,US,2024-08-31,AFWTR,,91.74,53.16,361,359,,,EA,ORB
STARLINK-32259,2024-155P,60937,PAY,+,US,2024-08-31,AFWTR,,93.85,53.16,464,462,,,EA,ORB
STARLINK-32262,2024-155Q,60938,PAY,D,US,2024-08-31,AFWTR,2026-07-14,88.32,53.12,196,186,,,EA,IMP
STARLINK-32258,2024-155R,60939,PAY,+,US,2024-08-31,AFWTR,,93.85,53.16,464,462,,,EA,ORB
STARLINK-32251,2024-155S,60940,PAY,+,US,2024-08-31,AFWTR,,93.85,53.16,464,462,,,EA,ORB
STARLINK-32224,2024-155T,60941,PAY,+,US,2024-08-31,AFWTR,,93.85,53.16,464,462,,,EA,ORB
STARLINK-32184,2024-155U,60942,PAY,+,US,2024-08-31,AFWTR,,93.85,53.16,464,461,,,EA,ORB
STARLINK-32288,2024-155V,60943,PAY,+,US,2024-08-31,AFWTR,,93.85,53.16,464,462,,,EA,ORB
STARLINK-32276,2024-155W,60944,PAY,+,US,2024-08-31,AFWTR,,93.85,53.16,464,462,,,EA,ORB
YAOGAN-43 02A,2024-156A,60945,PAY,+,PRC,2024-09-03,XICLF,,92.57,34.99,402,399,,,EA,ORB
YAOGAN-43 02B,2024-156B,60946,PAY,+,PRC,2024-09-03,XICLF,,94.54,34.99,499,494,,,EA,ORB
YAOGAN-43 02C,2024-156C,60947,PAY,+,PRC,2024-09-03,XICLF,,94.55,35.00,500,494,,,EA,ORB
YAOGAN-43 02D,2024-156D,60948,PAY,+,PRC,2024-09-03,XICLF,,94.55,34.99,498,495,,,EA,ORB
YAOGAN-43 02E,2024-156E,60949,PAY,+,PRC,2024-09-03,XICLF,,94.54,35.00,501,492,,,EA,ORB
YAOGAN-43 02F,2024-156F,60950,PAY,+,PRC,2024-09-03,XICLF,,94.54,34.99,498,495,,,EA,ORB
CZ-4B R/B,2024-156G,60951,R/B,D,PRC,2024-09-03,XICLF,2025-03-09,87.85,34.98,174,163,,,EA,IMP
CZ-6A DEB,2024-140LJ,60959,DEB,D,PRC,2024-08-06,TAISC,2024-10-18,91.19,88.98,349,317,,,EA,IMP
CZ-6A DEB,2024-140LK,60960,DEB,,PRC,2024-08-06,TAISC,,101.35,89.07,856,789,,,EA,ORB
CZ-6A DEB,2024-140LL,60961,DEB,,PRC,2024-08-06,TAISC,,100.83,89.00,819,777,,,EA,ORB
CZ-6A DEB,2024-140LM,60962,DEB,,PRC,2024-08-06,TAISC,,101.21,89.02,845,787,,,EA,ORB
CZ-6A DEB,2024-140LN,60963,DEB,,PRC,2024-08-06,TAISC,,99.15,89.02,794,641,,,EA,ORB
CZ-6A DEB,2024-140LP,60964,DEB,,PRC,2024-08-06,TAISC,,100.65,89.04,797,782,,,EA,ORB
CZ-6A DEB,2024-140LQ,60965,DEB,,PRC,2024-08-06,TAISC,,96.76,88.92,720,487,,,EA,ORB
CZ-6A DEB,2024-140LR,60966,DEB,,PRC,2024-08-06,TAISC,,99.57,88.88,790,686,,,EA,ORB
CZ-6A DEB,2024-140LS,60967,DEB,,PRC,2024-08-06,TAISC,,102.12,88.82,949,769,,,EA,ORB
CZ-6A DEB,2024-140LT,60968,DEB,,PRC,2024-08-06,TAISC,,101.53,89.00,868,795,,,EA,ORB
CZ-6A DEB,2024-140LU,60969,DEB,,PRC,2024-08-06,TAISC,,101.53,89.00,868,794,,,EA,ORB
CZ-6A DEB,2024-140LV,60970,DEB,,PRC,2024-08-06,TAISC,,101.53,88.99,871,791,,,EA,ORB
CZ-6A DEB,2024-140LW,60971,DEB,,PRC,2024-08-06,TAISC,,98.55,89.05,754,625,,,EA,ORB
CZ-6A DEB,2024-140LX,60972,DEB,,PRC,2024-08-06,TAISC,,100.98,88.99,828,783,,,EA,ORB
CZ-6A DEB,2024-140LY,60973,DEB,D,PRC,2024-08-06,TAISC,2025-01-23,91.26,88.96,364,308,,,EA,IMP
CZ-6A DEB,2024-140LZ,60974,DEB,,PRC,2024-08-06,TAISC,,99.79,88.73,800,696,,,EA,ORB
CZ-6A DEB,2024-140MA,60975,DEB,,PRC,2024-08-06,TAISC,,98.76,88.96,791,608,,,EA,ORB
CZ-6A DEB,2024-140MB,60976,DEB,,PRC,2024-08-06,TAISC,,97.83,88.95,686,624,,,EA,ORB
CZ-6A DEB,2024-140MC,60977,DEB,D,PRC,2024-08-06,TAISC,2024-11-14,88.64,88.16,214,201,,,EA,IMP
CZ-6A DEB,2024-140MD,60978,DEB,D,PRC,2024-08-06,TAISC,2025-01-13,88.88,89.71,239,200,,,EA,IMP
CZ-6A DEB,2024-140ME,60979,DEB,,PRC,2024-08-06,TAISC,,96.73,89.02,637,568,,,EA,ORB
CZ-6A DEB,2024-140MF,60980,DEB,,PRC,2024-08-06,TAISC,,99.90,88.94,763,744,,,EA,ORB
CZ-6A DEB,2024-140MG,60981,DEB,,PRC,2024-08-06,TAISC,,102.21,88.84,940,786,,,EA,ORB
CZ-6A DEB,2024-140MH,60982,DEB,,PRC,2024-08-06,TAISC,,100.09,89.27,790,736,,,EA,ORB
CZ-6A DEB,2024-140MJ,60983,DEB,,PRC,2024-08-06,TAISC,,99.81,88.78,790,709,,,EA,ORB
CZ-6A DEB,2024-140MK,60984,DEB,,PRC,2024-08-06,TAISC,,99.83,88.93,796,704,,,EA,ORB
CZ-6A DEB,2024-140ML,60985,DEB,D,PRC,2024-08-06,TAISC,2026-01-26,89.90,89.04,285,254,,,EA,IMP
CZ-6A DEB,2024-140MM,60986,DEB,,PRC,2024-08-06,TAISC,,102.71,89.38,989,785,,,EA,ORB
CZ-6A DEB,2024-140MN,60987,DEB,,PRC,2024-08-06,TAISC,,101.55,88.99,868,796,,,EA,ORB
CZ-6A DEB,2024-140MP,60988,DEB,,PRC,2024-08-06,TAISC,,103.12,89.08,1020,792,,,EA,ORB
SENTINEL-2C,2024-157A,60989,PAY,+,ESA,2024-09-05,FRGUI,,100.64,98.57,790,788,,,EA,ORB
STARLINK-11278 [DTC],2024-158A,60990,PAY,D,US,2024-09-05,AFETR,2024-09-12,87.15,53.15,137,130,,,EA,IMP
STARLINK-11289 [DTC],2024-158B,60991,PAY,+,US,2024-09-05,AFETR,,91.74,53.16,360,359,,,EA,ORB
STARLINK-11282 [DTC],2024-158C,60992,PAY,+,US,2024-09-05,AFETR,,91.74,53.16,361,359,,,EA,ORB
STARLINK-11283 [DTC],2024-158D,60993,PAY,+,US,2024-09-05,AFETR,,91.74,53.16,361,359,,,EA,ORB
STARLINK-11267 [DTC],2024-158E,60994,PAY,+,US,2024-09-05,AFETR,,91.74,53.16,360,359,,,EA,ORB
STARLINK-11269 [DTC],2024-158F,60995,PAY,+,US,2024-09-05,AFETR,,91.74,53.16,361,359,,,EA,ORB
STARLINK-11281 [DTC],2024-158G,60996,PAY,+,US,2024-09-05,AFETR,,91.74,53.16,361,359,,,EA,ORB
STARLINK-11260 [DTC],2024-158H,60997,PAY,+,US,2024-09-05,AFETR,,91.74,53.16,360,359,,,EA,ORB
STARLINK-11287 [DTC],2024-158J,60998,PAY,+,US,2024-09-05,AFETR,,91.74,53.16,361,359,,,EA,ORB
STARLINK-11270 [DTC],2024-158K,60999,PAY,+,US,2024-09-05,AFETR,,91.74,53.16,361,359,,,EA,ORB
STARLINK-11290 [DTC],2024-158L,61000,PAY,+,US,2024-09-05,AFETR,,91.74,53.16,361,359,,,EA,ORB
STARLINK-11274 [DTC],2024-158M,61001,PAY,+,US,2024-09-05,AFETR,,91.74,53.16,361,359,,,EA,ORB
STARLINK-11288 [DTC],2024-158N,61002,PAY,+,US,2024-09-05,AFETR,,91.74,53.16,360,359,,,EA,ORB
STARLINK-32279,2024-158P,61003,PAY,+,US,2024-09-05,AFETR,,93.85,53.16,464,462,,,EA,ORB
STARLINK-32336,2024-158Q,61004,PAY,+,US,2024-09-05,AFETR,,93.85,53.16,463,462,,,EA,ORB
STARLINK-32284,2024-158R,61005,PAY,+,US,2024-09-05,AFETR,,93.85,53.16,464,462,,,EA,ORB
STARLINK-32282,2024-158S,61006,PAY,+,US,2024-09-05,AFETR,,93.85,53.16,464,462,,,EA,ORB
STARLINK-32360,2024-158T,61007,PAY,+,US,2024-09-05,AFETR,,93.85,53.16,464,462,,,EA,ORB
STARLINK-32340,2024-158U,61008,PAY,+,US,2024-09-05,AFETR,,93.85,53.16,463,462,,,EA,ORB
STARLINK-32357,2024-158V,61009,PAY,D,US,2024-09-05,AFETR,2025-11-20,88.93,53.12,228,215,,,EA,IMP
STARLINK-32347,2024-158W,61010,PAY,+,US,2024-09-05,AFETR,,93.85,53.16,464,462,,,EA,ORB
GEESAT-3 01,2024-159A,61011,PAY,+,PRC,2024-09-05,TAISC,,97.01,50.00,617,614,,,EA,ORB
GEESAT-3 02,2024-159B,61012,PAY,+,PRC,2024-09-05,TAISC,,97.01,49.99,629,602,,,EA,ORB
GEESAT-3 03,2024-159C,61013,PAY,+,PRC,2024-09-05,TAISC,,97.01,49.99,620,611,,,EA,ORB
GEESAT-3 04,2024-159D,61014,PAY,+,PRC,2024-09-05,TAISC,,97.07,50.00,620,617,,,EA,ORB
GEESAT-3 05,2024-159E,61015,PAY,+,PRC,2024-09-05,TAISC,,97.01,50.00,624,606,,,EA,ORB
GEESAT-3 06,2024-159F,61016,PAY,+,PRC,2024-09-05,TAISC,,97.01,50.00,627,604,,,EA,ORB
GEESAT-3 07,2024-159G,61017,PAY,+,PRC,2024-09-05,TAISC,,97.01,49.99,623,608,,,EA,ORB
GEESAT-3 08,2024-159H,61018,PAY,+,PRC,2024-09-05,TAISC,,97.01,50.00,635,596,,,EA,ORB
GEESAT-3 09,2024-159J,61019,PAY,+,PRC,2024-09-05,TAISC,,97.01,50.00,631,600,,,EA,ORB
GEESAT-3 10,2024-159K,61020,PAY,+,PRC,2024-09-05,TAISC,,97.01,50.00,618,613,,,EA,ORB
USA 400,2024-160A,61021,PAY,+,US,2024-09-06,AFWTR,,96.21,70.03,579,575,,NEA,EA,ORB
USA 401,2024-160B,61022,PAY,+,US,2024-09-06,AFWTR,,96.21,70.03,579,575,,NEA,EA,ORB
USA 402,2024-160C,61023,PAY,+,US,2024-09-06,AFWTR,,96.21,70.03,579,575,,NEA,EA,ORB
USA 403,2024-160D,61024,PAY,+,US,2024-09-06,AFWTR,,96.21,70.03,579,575,,NEA,EA,ORB
USA 404,2024-160E,61025,PAY,+,US,2024-09-06,AFWTR,,93.19,69.99,434,428,,NEA,EA,ORB
USA 405,2024-160F,61026,PAY,+,US,2024-09-06,AFWTR,,96.21,70.03,579,575,,NEA,EA,ORB
USA 406,2024-160G,61027,PAY,+,US,2024-09-06,AFWTR,,96.21,70.03,579,575,,NEA,EA,ORB
USA 407,2024-160H,61028,PAY,+,US,2024-09-06,AFWTR,,90.57,69.94,319,286,,NEA,EA,ORB
USA 408,2024-160J,61029,PAY,+,US,2024-09-06,AFWTR,,96.21,70.03,579,575,,NEA,EA,ORB
USA 409,2024-160K,61030,PAY,+,US,2024-09-06,AFWTR,,96.21,70.03,579,575,,NEA,EA,ORB
USA 410,2024-160L,61031,PAY,+,US,2024-09-06,AFWTR,,96.21,70.03,579,575,,NEA,EA,ORB
USA 411,2024-160M,61032,PAY,+,US,2024-09-06,AFWTR,,96.21,70.03,579,575,,NEA,EA,ORB
USA 412,2024-160N,61033,PAY,+,US,2024-09-06,AFWTR,,96.21,70.03,579,575,,NEA,EA,ORB
USA 413,2024-160P,61034,PAY,+,US,2024-09-06,AFWTR,,96.21,70.03,579,575,,NEA,EA,ORB
USA 414,2024-160Q,61035,PAY,+,US,2024-09-06,AFWTR,,96.21,70.03,579,575,,NEA,EA,ORB
USA 415,2024-160R,61036,PAY,+,US,2024-09-06,AFWTR,,96.21,70.03,579,575,,NEA,EA,ORB
USA 416,2024-160S,61037,PAY,+,US,2024-09-06,AFWTR,,96.21,70.03,579,575,,NEA,EA,ORB
USA 417,2024-160T,61038,PAY,+,US,2024-09-06,AFWTR,,94.84,70.00,516,505,,NEA,EA,ORB
USA 418,2024-160U,61039,PAY,+,US,2024-09-06,AFWTR,,96.21,70.03,579,575,,NEA,EA,ORB
USA 419,2024-160V,61040,PAY,+,US,2024-09-06,AFWTR,,96.21,70.03,579,575,,NEA,EA,ORB
USA 420,2024-160W,61041,PAY,+,US,2024-09-06,AFWTR,,96.21,70.03,579,575,,NEA,EA,ORB
POLARIS DAWN,2024-161A,61042,PAY,D,US,2024-09-10,AFETR,2024-09-15,90.92,51.65,452,187,,,EA,LAN
SOYUZ-MS 26,2024-162A,61043,PAY,D,CIS,2024-09-11,TYMSC,2025-04-20,92.92,51.64,421,414,,,EA,LAN
SL-4 R/B,2024-162B,61044,R/B,D,CIS,2024-09-11,TYMSC,2024-09-13,87.41,51.66,149,143,,,EA,IMP
SPACEMOBILE-003,2024-163A,61045,PAY,+,US,2024-09-12,AFETR,,94.70,52.98,506,502,,,EA,ORB
SPACEMOBILE-005,2024-163B,61046,PAY,+,US,2024-09-12,AFETR,,94.70,52.98,509,499,,,EA,ORB
SPACEMOBILE-001,2024-163C,61047,PAY,+,US,2024-09-12,AFETR,,94.70,52.98,508,500,,,EA,ORB
SPACEMOBILE-002,2024-163D,61048,PAY,+,US,2024-09-12,AFETR,,94.70,52.97,508,500,,,EA,ORB
SPACEMOBILE-004,2024-163E,61049,PAY,+,US,2024-09-12,AFETR,,94.70,52.97,509,500,,,EA,ORB
STARLINK-11286 [DTC],2024-164A,61050,PAY,+,US,2024-09-13,AFWTR,,91.74,53.16,361,359,,,EA,ORB
STARLINK-11252 [DTC],2024-164B,61051,PAY,+,US,2024-09-13,AFWTR,,91.74,53.16,361,359,,,EA,ORB
STARLINK-11284 [DTC],2024-164C,61052,PAY,D,US,2024-09-13,AFWTR,2025-10-08,88.27,53.14,192,185,,,EA,IMP
STARLINK-11230 [DTC],2024-164D,61053,PAY,+,US,2024-09-13,AFWTR,,91.74,53.16,361,359,,,EA,ORB
STARLINK-11294 [DTC],2024-164E,61054,PAY,+,US,2024-09-13,AFWTR,,91.74,53.16,361,358,,,EA,ORB
STARLINK-11268 [DTC],2024-164F,61055,PAY,+,US,2024-09-13,AFWTR,,91.74,53.16,361,359,,,EA,ORB
STARLINK-11156 [DTC],2024-164G,61056,PAY,P,US,2024-09-13,AFWTR,,91.74,53.16,361,359,,,EA,ORB
STARLINK-11231 [DTC],2024-164H,61057,PAY,+,US,2024-09-13,AFWTR,,91.74,53.16,360,359,,,EA,ORB
STARLINK-11299 [DTC],2024-164J,61058,PAY,+,US,2024-09-13,AFWTR,,91.74,53.16,361,359,,,EA,ORB
STARLINK-11154 [DTC],2024-164K,61059,PAY,+,US,2024-09-13,AFWTR,,91.74,53.16,361,359,,,EA,ORB
STARLINK-11297 [DTC],2024-164L,61060,PAY,+,US,2024-09-13,AFWTR,,91.74,53.16,360,359,,,EA,ORB
STARLINK-11233 [DTC],2024-164M,61061,PAY,+,US,2024-09-13,AFWTR,,91.74,53.16,360,359,,,EA,ORB
STARLINK-11236 [DTC],2024-164N,61062,PAY,+,US,2024-09-13,AFWTR,,91.74,53.16,361,359,,,EA,ORB
STARLINK-32350,2024-164P,61063,PAY,+,US,2024-09-13,AFWTR,,94.01,53.16,472,470,,,EA,ORB
STARLINK-32378,2024-164Q,61064,PAY,+,US,2024-09-13,AFWTR,,94.01,53.16,471,470,,,EA,ORB
STARLINK-32321,2024-164R,61065,PAY,+,US,2024-09-13,AFWTR,,94.10,53.16,476,474,,,EA,ORB
STARLINK-32381,2024-164S,61066,PAY,+,US,2024-09-13,AFWTR,,93.85,53.16,464,462,,,EA,ORB
STARLINK-32368,2024-164T,61067,PAY,D,US,2024-09-13,AFWTR,2024-12-18,88.01,53.14,180,171,,,EA,IMP
STARLINK-32385,2024-164U,61068,PAY,+,US,2024-09-13,AFWTR,,94.01,53.16,472,470,,,EA,ORB
STARLINK-32380,2024-164V,61069,PAY,+,US,2024-09-13,AFWTR,,94.01,53.16,471,470,,,EA,ORB
STARLINK-32375,2024-164W,61070,PAY,+,US,2024-09-13,AFWTR,,93.90,53.16,466,464,,,EA,ORB
QAEM 100 R/B,2024-165A,61071,R/B,,IRAN,2024-09-14,SMTS,,95.03,64.07,570,470,,,EA,ORB
CHAMRAN-1,2024-165B,61072,PAY,+,IRAN,2024-09-14,SMTS,,95.27,64.07,572,491,,,EA,ORB
POLARIS DAWN DEB [TRUNK],2024-161B,61073,DEB,D,US,2024-09-10,AFETR,2024-09-29,88.03,51.64,202,152,,,EA,IMP
CZ-6A DEB,2024-140MQ,61074,DEB,,PRC,2024-08-06,TAISC,,98.78,88.99,790,610,,,EA,ORB
CZ-6A DEB,2024-140MR,61075,DEB,,PRC,2024-08-06,TAISC,,98.30,89.06,781,574,,,EA,ORB
CZ-6A DEB,2024-140MS,61076,DEB,,PRC,2024-08-06,TAISC,,101.42,89.01,860,792,,,EA,ORB
CZ-6A DEB,2024-140MT,61077,DEB,,PRC,2024-08-06,TAISC,,99.24,88.60,775,669,,,EA,ORB
CZ-6A DEB,2024-140MU,61078,DEB,,PRC,2024-08-06,TAISC,,99.16,89.04,785,652,,,EA,ORB
CZ-6A DEB,2024-140MV,61079,DEB,,PRC,2024-08-06,TAISC,,100.64,88.85,829,749,,,EA,ORB
CZ-6A DEB,2024-140MW,61080,DEB,,PRC,2024-08-06,TAISC,,99.76,89.24,762,732,,,EA,ORB
CZ-6A DEB,2024-140MX,61081,DEB,,PRC,2024-08-06,TAISC,,98.41,88.98,762,603,,,EA,ORB
CZ-6A DEB,2024-140MY,61082,DEB,,PRC,2024-08-06,TAISC,,103.04,88.97,1010,794,,,EA,ORB
CZ-6A DEB,2024-140MZ,61083,DEB,,PRC,2024-08-06,TAISC,,99.74,88.89,817,675,,,EA,ORB
CZ-6A DEB,2024-140NA,61084,DEB,,PRC,2024-08-06,TAISC,,101.80,88.99,908,780,,,EA,ORB
CZ-6A DEB,2024-140NB,61085,DEB,,PRC,2024-08-06,TAISC,,101.50,89.14,865,794,,,EA,ORB
CZ-6A DEB,2024-140NC,61086,DEB,,PRC,2024-08-06,TAISC,,96.77,89.03,728,480,,,EA,ORB
CZ-6A DEB,2024-140ND,61087,DEB,,PRC,2024-08-06,TAISC,,99.10,88.91,784,647,,,EA,ORB
CZ-6A DEB,2024-140NE,61088,DEB,,PRC,2024-08-06,TAISC,,101.25,88.98,844,791,,,EA,ORB
CZ-6A DEB,2024-140NF,61089,DEB,,PRC,2024-08-06,TAISC,,101.73,89.06,888,792,,,EA,ORB
CZ-6A DEB,2024-140NG,61090,DEB,,PRC,2024-08-06,TAISC,,98.03,88.75,753,576,,,EA,ORB
CZ-6A DEB,2024-140NH,61091,DEB,D,PRC,2024-08-06,TAISC,2025-01-01,91.40,88.97,362,324,,,EA,IMP
CZ-6A DEB,2024-140NJ,61092,DEB,D,PRC,2024-08-06,TAISC,2026-07-28,88.52,88.87,212,191,,,EA,IMP
CZ-6A DEB,2024-140NK,61093,DEB,D,PRC,2024-08-06,TAISC,2025-05-04,90.02,88.92,286,264,,,EA,IMP
CZ-6A DEB,2024-140NL,61094,DEB,,PRC,2024-08-06,TAISC,,101.61,89.01,875,795,,,EA,ORB
CZ-6A DEB,2024-140NM,61095,DEB,,PRC,2024-08-06,TAISC,,101.09,88.99,833,788,,,EA,ORB
CZ-6A DEB,2024-140NN,61096,DEB,,PRC,2024-08-06,TAISC,,98.82,89.05,772,632,,,EA,ORB
CZ-6A DEB,2024-140NP,61097,DEB,,PRC,2024-08-06,TAISC,,99.07,89.01,788,640,,,EA,ORB
CZ-6A DEB,2024-140NQ,61098,DEB,,PRC,2024-08-06,TAISC,,99.99,89.06,798,718,,,EA,ORB
CZ-6A DEB,2024-140NR,61099,DEB,,PRC,2024-08-06,TAISC,,100.78,89.01,815,775,,,EA,ORB
CZ-6A DEB,2024-140NS,61100,DEB,,PRC,2024-08-06,TAISC,,98.89,89.03,786,625,,,EA,ORB
CZ-6A DEB,2024-140NT,61101,DEB,,PRC,2024-08-06,TAISC,,101.58,89.01,873,794,,,EA,ORB
CZ-6A DEB,2024-140NU,61102,DEB,,PRC,2024-08-06,TAISC,,96.64,88.73,682,514,,,EA,ORB
CZ-6A DEB,2024-140NV,61103,DEB,,PRC,2024-08-06,TAISC,,100.00,88.97,792,725,,,EA,ORB
CZ-6A DEB,2024-140NW,61104,DEB,,PRC,2024-08-06,TAISC,,101.40,89.00,858,792,,,EA,ORB
CZ-6A DEB,2024-140NX,61105,DEB,,PRC,2024-08-06,TAISC,,101.17,89.00,843,784,,,EA,ORB
CZ-6A DEB,2024-140NY,61106,DEB,D,PRC,2024-08-06,TAISC,2025-11-18,92.49,88.96,412,380,,,EA,IMP
CZ-6A DEB,2024-140NZ,61107,DEB,,PRC,2024-08-06,TAISC,,102.15,89.21,933,788,,,EA,ORB
CZ-6A DEB,2024-140PA,61108,DEB,,PRC,2024-08-06,TAISC,,100.82,88.99,824,771,,,EA,ORB
CZ-6A DEB,2024-140PB,61109,DEB,,PRC,2024-08-06,TAISC,,101.37,89.08,855,792,,,EA,ORB
CZ-6A DEB,2024-140PC,61110,DEB,,PRC,2024-08-06,TAISC,,102.25,89.04,953,778,,,EA,ORB
CZ-6A DEB,2024-140PD,61111,DEB,,PRC,2024-08-06,TAISC,,100.24,88.90,819,722,,,EA,ORB
CZ-6A DEB,2024-140PE,61112,DEB,,PRC,2024-08-06,TAISC,,98.85,89.03,749,658,,,EA,ORB
CZ-6A DEB,2024-140PF,61113,DEB,,PRC,2024-08-06,TAISC,,107.54,88.28,1440,786,,,EA,ORB
CZ-6A DEB,2024-140PG,61114,DEB,,PRC,2024-08-06,TAISC,,99.67,88.97,776,709,,,EA,ORB
CZ-6A DEB,2024-140PH,61115,DEB,,PRC,2024-08-06,TAISC,,100.87,89.12,858,742,,,EA,ORB
CZ-6A DEB,2024-140PJ,61116,DEB,D,PRC,2024-08-06,TAISC,2025-01-15,90.14,89.18,308,254,,,EA,IMP
CZ-6A DEB,2024-140PK,61117,DEB,,PRC,2024-08-06,TAISC,,96.83,89.06,657,556,,,EA,ORB
CZ-6A DEB,2024-140PL,61118,DEB,D,PRC,2024-08-06,TAISC,2025-04-26,88.95,89.24,231,215,,,EA,IMP
CZ-6A DEB,2024-140PM,61119,DEB,,PRC,2024-08-06,TAISC,,95.98,89.03,595,537,,,EA,ORB
CZ-6A DEB,2024-140PN,61120,DEB,,PRC,2024-08-06,TAISC,,101.96,88.99,917,786,,,EA,ORB
CZ-6A DEB,2024-140PP,61121,DEB,,PRC,2024-08-06,TAISC,,100.02,88.94,813,706,,,EA,ORB
CZ-6A DEB,2024-140PQ,61122,DEB,,PRC,2024-08-06,TAISC,,98.89,89.02,790,621,,,EA,ORB
CZ-6A DEB,2024-140PR,61123,DEB,,PRC,2024-08-06,TAISC,,101.49,88.99,865,793,,,EA,ORB
CZ-6A DEB,2024-140PS,61124,DEB,,PRC,2024-08-06,TAISC,,97.62,88.99,765,525,,,EA,ORB
CZ-6A DEB,2024-140PT,61125,DEB,,PRC,2024-08-06,TAISC,,101.81,88.85,895,794,,,EA,ORB
CZ-6A DEB,2024-140PU,61126,DEB,,PRC,2024-08-06,TAISC,,96.06,89.15,700,440,,,EA,ORB
CZ-6A DEB,2024-140PV,61127,DEB,,PRC,2024-08-06,TAISC,,99.09,89.05,779,651,,,EA,ORB
CZ-6A DEB,2024-140PW,61128,DEB,,PRC,2024-08-06,TAISC,,98.43,89.14,770,598,,,EA,ORB
CZ-6A DEB,2024-140PX,61129,DEB,,PRC,2024-08-06,TAISC,,99.42,89.00,783,679,,,EA,ORB
CZ-6A DEB,2024-140PY,61130,DEB,,PRC,2024-08-06,TAISC,,100.62,88.62,834,742,,,EA,ORB
CZ-6A DEB,2024-140PZ,61131,DEB,,PRC,2024-08-06,TAISC,,99.24,89.19,755,689,,,EA,ORB
CZ-6A DEB,2024-140QA,61132,DEB,,PRC,2024-08-06,TAISC,,99.82,88.98,782,718,,,EA,ORB
CZ-6A DEB,2024-140QB,61133,DEB,,PRC,2024-08-06,TAISC,,98.86,88.95,759,649,,,EA,ORB
CZ-6A DEB,2024-140QC,61134,DEB,,PRC,2024-08-06,TAISC,,102.03,88.98,936,773,,,EA,ORB
CZ-6A DEB,2024-140QD,61135,DEB,,PRC,2024-08-06,TAISC,,103.02,88.85,1008,795,,,EA,ORB
CZ-6A DEB,2024-140QE,61136,DEB,,PRC,2024-08-06,TAISC,,101.09,89.11,873,747,,,EA,ORB
CZ-6A DEB,2024-140QF,61137,DEB,,PRC,2024-08-06,TAISC,,102.70,88.98,993,780,,,EA,ORB
CZ-6A DEB,2024-140QG,61138,DEB,,PRC,2024-08-06,TAISC,,102.04,88.97,940,770,,,EA,ORB
CZ-6A DEB,2024-140QH,61139,DEB,,PRC,2024-08-06,TAISC,,102.55,88.95,969,790,,,EA,ORB
CZ-6A DEB,2024-140QJ,61140,DEB,D,PRC,2024-08-06,TAISC,2025-03-19,90.54,89.28,313,289,,,EA,IMP
CZ-6A DEB,2024-140QK,61141,DEB,,PRC,2024-08-06,TAISC,,99.87,88.48,820,685,,,EA,ORB
CZ-6A DEB,2024-140QL,61142,DEB,,PRC,2024-08-06,TAISC,,99.01,88.83,788,635,,,EA,ORB
CZ-6A DEB,2024-140QM,61143,DEB,,PRC,2024-08-06,TAISC,,98.76,89.13,760,639,,,EA,ORB
CZ-6A DEB,2024-140QN,61144,DEB,,PRC,2024-08-06,TAISC,,99.59,88.95,804,674,,,EA,ORB
CZ-6A DEB,2024-140QP,61145,DEB,,PRC,2024-08-06,TAISC,,97.02,88.93,651,581,,,EA,ORB
CZ-6A DEB,2024-140QQ,61146,DEB,,PRC,2024-08-06,TAISC,,101.02,89.13,864,749,,,EA,ORB
CZ-6A DEB,2024-140QR,61147,DEB,,PRC,2024-08-06,TAISC,,102.09,88.96,921,795,,,EA,ORB
CZ-6A DEB,2024-140QS,61148,DEB,D,PRC,2024-08-06,TAISC,2025-08-23,88.31,89.22,197,185,,,EA,IMP
CZ-6A DEB,2024-140QT,61149,DEB,,PRC,2024-08-06,TAISC,,100.86,88.95,821,778,,,EA,ORB
CZ-6A DEB,2024-140QU,61150,DEB,,PRC,2024-08-06,TAISC,,97.38,88.92,679,587,,,EA,ORB
CZ-6A DEB,2024-140QV,61151,DEB,,PRC,2024-08-06,TAISC,,97.14,89.16,705,539,,,EA,ORB
CZ-6A DEB,2024-140QW,61152,DEB,,PRC,2024-08-06,TAISC,,99.01,89.03,794,629,,,EA,ORB
CZ-6A DEB,2024-140QX,61153,DEB,,PRC,2024-08-06,TAISC,,101.23,89.00,847,787,,,EA,ORB
CZ-6A DEB,2024-140QY,61154,DEB,,PRC,2024-08-06,TAISC,,98.22,89.27,764,583,,,EA,ORB
CZ-6A DEB,2024-140QZ,61155,DEB,,PRC,2024-08-06,TAISC,,100.94,88.50,873,733,,,EA,ORB
CZ-6A DEB,2024-140RA,61156,DEB,D,PRC,2024-08-06,TAISC,2026-04-30,91.17,89.12,350,313,,,EA,IMP
CZ-6A DEB,2024-140RB,61157,DEB,,PRC,2024-08-06,TAISC,,100.60,88.85,853,721,,,EA,ORB
CZ-6A DEB,2024-140RC,61158,DEB,,PRC,2024-08-06,TAISC,,100.89,88.50,859,742,,,EA,ORB
CZ-6A DEB,2024-140RD,61159,DEB,,PRC,2024-08-06,TAISC,,99.70,88.96,786,702,,,EA,ORB
CZ-6A DEB,2024-140RE,61160,DEB,,PRC,2024-08-06,TAISC,,100.86,88.98,841,758,,,EA,ORB
CZ-6A DEB,2024-140RF,61161,DEB,,PRC,2024-08-06,TAISC,,98.57,88.82,782,598,,,EA,ORB
CZ-6A DEB,2024-140RG,61162,DEB,D,PRC,2024-08-06,TAISC,2024-10-28,90.60,88.23,328,280,,,EA,IMP
CZ-6A DEB,2024-140RH,61163,DEB,,PRC,2024-08-06,TAISC,,93.36,88.68,489,389,,,EA,ORB
CZ-6A DEB,2024-140RJ,61164,DEB,,PRC,2024-08-06,TAISC,,99.65,88.92,795,689,,,EA,ORB
CZ-6A DEB,2024-140RK,61165,DEB,D,PRC,2024-08-06,TAISC,2025-04-04,93.07,89.26,448,402,,,EA,IMP
CZ-6A DEB,2024-140RL,61166,DEB,,PRC,2024-08-06,TAISC,,97.11,88.96,667,574,,,EA,ORB
CZ-6A DEB,2024-140RM,61167,DEB,,PRC,2024-08-06,TAISC,,99.90,88.96,781,727,,,EA,ORB
CZ-6A DEB,2024-140RN,61168,DEB,,PRC,2024-08-06,TAISC,,94.52,88.14,508,483,,,EA,ORB
CZ-6A DEB,2024-140RP,61169,DEB,,PRC,2024-08-06,TAISC,,98.09,88.29,735,600,,,EA,ORB
CZ-6A DEB,2024-140RQ,61170,DEB,,PRC,2024-08-06,TAISC,,99.82,88.80,799,701,,,EA,ORB
CZ-6A DEB,2024-140RR,61171,DEB,,PRC,2024-08-06,TAISC,,99.08,88.99,767,662,,,EA,ORB
CZ-6A DEB,2024-140RS,61172,DEB,D,PRC,2024-08-06,TAISC,2025-12-07,88.55,89.03,210,196,,,EA,IMP
CZ-6A DEB,2024-140RT,61173,DEB,D,PRC,2024-08-06,TAISC,2026-01-13,90.14,89.12,287,276,,,EA,IMP
CZ-6A DEB,2024-140RU,61174,DEB,,PRC,2024-08-06,TAISC,,100.34,88.98,825,725,,,EA,ORB
CZ-6A DEB,2024-140RV,61175,DEB,,PRC,2024-08-06,TAISC,,103.86,89.06,1091,792,,,EA,ORB
CZ-6A DEB,2024-140RW,61176,DEB,,PRC,2024-08-06,TAISC,,98.49,89.08,820,553,,,EA,ORB
CZ-6A DEB,2024-140RX,61177,DEB,D,PRC,2024-08-06,TAISC,2026-01-12,88.09,89.03,188,172,,,EA,IMP
CZ-6A DEB,2024-140RY,61178,DEB,,PRC,2024-08-06,TAISC,,101.02,88.95,834,779,,,EA,ORB
OBJECT A,2024-166A,61179,PAY,D,CIS,2024-09-17,PLMSC,2025-02-26,87.62,96.75,160,154,,,EA,IMP
OBJECT B,2024-166B,61180,PAY,+,CIS,2024-09-17,PLMSC,,91.41,96.67,346,341,,,EA,ORB
QAEM 100 DEB,2024-165C,61181,DEB,D,IRAN,2024-09-14,SMTS,2024-12-07,89.79,64.08,276,252,,,EA,IMP
GSAT0232 (GALILEO 32),2024-167A,61182,PAY,+,ESA,2024-09-17,AFETR,,844.70,55.17,23240,23204,,,EA,ORB
GSAT0226 (GALILEO 31),2024-167B,61183,PAY,+,ESA,2024-09-17,AFETR,,844.70,55.17,23231,23213,,,EA,ORB
FALCON 9 R/B,2024-167C,61184,R/B,,US,2024-09-17,AFETR,,834.22,55.18,23008,22945,,,EA,ORB
YZ-1 R/B,2024-168A,61185,R/B,,PRC,2024-09-19,XICLF,,799.57,54.33,22377,21939,,,EA,ORB
BEIDOU-3 M25,2024-168B,61186,PAY,+,PRC,2024-09-19,XICLF,,773.24,54.41,21540,21517,,,EA,ORB
BEIDOU-3 M27,2024-168C,61187,PAY,+,PRC,2024-09-19,XICLF,,773.24,54.41,21530,21526,,,EA,ORB
CZ-3B R/B,2024-168D,61188,R/B,D,PRC,2024-09-19,XICLF,2025-09-18,98.99,54.54,1314,107,,,EA,IMP
JILIN-01 KUANFU 02B 1,2024-169A,61189,PAY,+,PRC,2024-09-20,TAISC,,95.41,97.56,541,536,,,EA,ORB
JILIN-01 KUANFU 02B 2,2024-169B,61190,PAY,+,PRC,2024-09-20,TAISC,,95.41,97.55,544,533,,,EA,ORB
JILIN-01 KUANFU 02B 3,2024-169C,61191,PAY,+,PRC,2024-09-20,TAISC,,95.41,97.55,549,528,,,EA,ORB
JILIN-01 KUANFU 02B 4,2024-169D,61192,PAY,+,PRC,2024-09-20,TAISC,,95.41,97.55,548,529,,,EA,ORB
JILIN-01 KUANFU 02B 5,2024-169E,61193,PAY,+,PRC,2024-09-20,TAISC,,95.41,97.56,549,528,,,EA,ORB
JILIN-01 KUANFU 02B 6,2024-169F,61194,PAY,+,PRC,2024-09-20,TAISC,,95.41,97.55,551,526,,,EA,ORB
TIANQI-29,2024-170A,61195,PAY,+,PRC,2024-09-20,XICLF,,103.03,44.86,906,898,,,EA,ORB
TIANQI-30,2024-170B,61196,PAY,+,PRC,2024-09-20,XICLF,,103.03,44.86,907,896,,,EA,ORB
TIANQI-31,2024-170C,61197,PAY,+,PRC,2024-09-20,XICLF,,103.02,44.86,908,896,,,EA,ORB
TIANQI-32,2024-170D,61198,PAY,+,PRC,2024-09-20,XICLF,,103.03,44.86,907,896,,,EA,ORB
KZ-1A R/B,2024-170E,61199,R/B,D,PRC,2024-09-20,XICLF,2025-04-20,88.07,44.70,206,151,,,EA,IMP
STARLINK-11209 [DTC],2024-171A,61200,PAY,+,US,2024-09-20,AFWTR,,91.74,53.16,360,359,,,EA,ORB
STARLINK-11257 [DTC],2024-171B,61201,PAY,+,US,2024-09-20,AFWTR,,91.74,53.16,360,359,,,EA,ORB
STARLINK-11309 [DTC],2024-171C,61202,PAY,+,US,2024-09-20,AFWTR,,91.74,53.16,360,359,,,EA,ORB
STARLINK-11292 [DTC],2024-171D,61203,PAY,+,US,2024-09-20,AFWTR,,91.74,53.16,361,359,,,EA,ORB
STARLINK-11302 [DTC],2024-171E,61204,PAY,+,US,2024-09-20,AFWTR,,91.74,53.16,360,359,,,EA,ORB
STARLINK-11277 [DTC],2024-171F,61205,PAY,+,US,2024-09-20,AFWTR,,91.74,53.16,361,359,,,EA,ORB
STARLINK-11279 [DTC],2024-171G,61206,PAY,+,US,2024-09-20,AFWTR,,91.74,53.16,360,359,,,EA,ORB
STARLINK-11091 [DTC],2024-171H,61207,PAY,+,US,2024-09-20,AFWTR,,91.74,53.16,360,359,,,EA,ORB
STARLINK-11291 [DTC],2024-171J,61208,PAY,+,US,2024-09-20,AFWTR,,91.74,53.16,361,359,,,EA,ORB
STARLINK-11304 [DTC],2024-171K,61209,PAY,+,US,2024-09-20,AFWTR,,91.74,53.16,360,359,,,EA,ORB
STARLINK-11307 [DTC],2024-171L,61210,PAY,+,US,2024-09-20,AFWTR,,91.74,53.16,360,359,,,EA,ORB
STARLINK-11298 [DTC],2024-171M,61211,PAY,+,US,2024-09-20,AFWTR,,91.74,53.16,360,359,,,EA,ORB
STARLINK-11310 [DTC],2024-171N,61212,PAY,+,US,2024-09-20,AFWTR,,91.74,53.16,361,359,,,EA,ORB
STARLINK-32386,2024-171P,61213,PAY,+,US,2024-09-20,AFWTR,,93.85,53.16,464,462,,,EA,ORB
STARLINK-32392,2024-171Q,61214,PAY,+,US,2024-09-20,AFWTR,,93.85,53.16,464,462,,,EA,ORB
STARLINK-32436,2024-171R,61215,PAY,+,US,2024-09-20,AFWTR,,93.85,53.16,464,462,,,EA,ORB
STARLINK-32425,2024-171S,61216,PAY,+,US,2024-09-20,AFWTR,,94.01,53.16,472,470,,,EA,ORB
STARLINK-32342,2024-171T,61217,PAY,+,US,2024-09-20,AFWTR,,94.01,53.16,472,470,,,EA,ORB
STARLINK-32423,2024-171U,61218,PAY,+,US,2024-09-20,AFWTR,,94.01,53.16,471,470,,,EA,ORB
STARLINK-32248,2024-171V,61219,PAY,+,US,2024-09-20,AFWTR,,94.01,53.16,472,470,,,EA,ORB
KINEIS-3C,2024-172A,61220,PAY,+,FR,2024-09-20,RLLB,,97.81,98.04,654,653,,,EA,ORB
KINEIS-3D,2024-172B,61221,PAY,+,FR,2024-09-20,RLLB,,97.81,98.04,654,653,,,EA,ORB
KINEIS-3E,2024-172C,61222,PAY,+,FR,2024-09-20,RLLB,,97.81,98.04,654,653,,,EA,ORB
KINEIS-3A,2024-172D,61223,PAY,+,FR,2024-09-20,RLLB,,97.80,98.04,654,653,,,EA,ORB
KINEIS-3B,2024-172E,61224,PAY,+,FR,2024-09-20,RLLB,,97.81,98.04,655,653,,,EA,ORB
ELECTRON R/B,2024-172F,61225,R/B,D,US,2024-09-20,RLLB,2024-10-02,88.25,97.98,238,138,,,EA,IMP
ELECTRON KICK STAGE R/B,2024-172G,61226,R/B,,US,2024-09-20,RLLB,,96.07,98.02,602,538,,,EA,ORB
OBJECT A,2024-173A,61227,PAY,+,PRC,2024-09-24,YSLA,,89.37,97.33,252,235,,,EA,ORB
OBJECT B,2024-173B,61228,PAY,D,PRC,2024-09-24,YSLA,2025-11-04,87.41,97.32,153,140,,,EA,IMP
OBJECT C,2024-173C,61229,PAY,+,PRC,2024-09-24,YSLA,,92.69,97.34,412,401,,,EA,ORB
OBJECT D,2024-173D,61230,PAY,+,PRC,2024-09-24,YSLA,,94.01,97.35,477,464,,,EA,ORB
OBJECT E,2024-173E,61231,PAY,+,PRC,2024-09-24,YSLA,,94.79,97.41,509,507,,,EA,ORB
XINGSHIDAI 21 (SCA-2),2024-173F,61232,PAY,D,PRC,2024-09-24,YSLA,2026-08-06,87.37,97.32,154,134,,,EA,IMP
OBJECT G,2024-173G,61233,PAY,D,PRC,2024-09-24,YSLA,2025-08-12,89.56,97.35,260,245,,,EA,IMP
OBJECT H,2024-173H,61234,PAY,D,PRC,2024-09-24,YSLA,2025-06-06,88.30,97.35,200,181,,,EA,IMP
OBJECT J,2024-173J,61235,UNK,D,PRC,2024-09-24,YSLA,2024-10-04,94.51,97.38,507,482,,,EA,IMP
OBJECT K,2024-173K,61236,UNK,D,PRC,2024-09-24,YSLA,2025-09-05,87.81,97.37,175,157,,,EA,IMP
JIELONG-3 R/B,2024-173L,61237,R/B,D,PRC,2024-09-24,YSLA,2025-10-18,87.45,97.62,157,139,,,EA,IMP
OBJECT A,2024-174A,61238,PAY,+,PRC,2024-09-24,JSC,,94.76,97.45,509,505,,,EA,ORB
OBJECT B,2024-174B,61239,PAY,+,PRC,2024-09-24,JSC,,95.33,97.45,550,519,,,EA,ORB
OBJECT C,2024-174C,61240,PAY,+,PRC,2024-09-24,JSC,,94.79,97.45,510,507,,,EA,ORB
OBJECT D,2024-174D,61241,PAY,+,PRC,2024-09-24,JSC,,94.09,97.44,482,466,,,EA,ORB
OBJECT E,2024-174E,61242,PAY,+,PRC,2024-09-24,JSC,,94.23,97.45,490,472,,,EA,ORB
STARLINK-11300 [DTC],2024-175A,61243,PAY,+,US,2024-09-25,AFWTR,,91.74,53.16,360,359,,,EA,ORB
STARLINK-11276 [DTC],2024-175B,61244,PAY,+,US,2024-09-25,AFWTR,,91.74,53.16,361,358,,,EA,ORB
STARLINK-11280 [DTC],2024-175C,61245,PAY,+,US,2024-09-25,AFWTR,,91.74,53.16,360,359,,,EA,ORB
STARLINK-11308 [DTC],2024-175D,61246,PAY,+,US,2024-09-25,AFWTR,,91.74,53.16,360,359,,,EA,ORB
STARLINK-11305 [DTC],2024-175E,61247,PAY,+,US,2024-09-25,AFWTR,,91.74,53.16,360,359,,,EA,ORB
STARLINK-11317 [DTC],2024-175F,61248,PAY,+,US,2024-09-25,AFWTR,,91.74,53.16,360,359,,,EA,ORB
STARLINK-11293 [DTC],2024-175G,61249,PAY,+,US,2024-09-25,AFWTR,,91.74,53.16,361,359,,,EA,ORB
STARLINK-11334 [DTC],2024-175H,61250,PAY,D,US,2024-09-25,AFWTR,2025-10-06,89.57,53.14,259,247,,,EA,IMP
STARLINK-11319 [DTC],2024-175J,61251,PAY,+,US,2024-09-25,AFWTR,,91.74,53.16,361,358,,,EA,ORB
STARLINK-11318 [DTC],2024-175K,61252,PAY,+,US,2024-09-25,AFWTR,,91.74,53.16,360,359,,,EA,ORB
STARLINK-11311 [DTC],2024-175L,61253,PAY,+,US,2024-09-25,AFWTR,,91.74,53.16,360,359,,,EA,ORB
STARLINK-11306 [DTC],2024-175M,61254,PAY,+,US,2024-09-25,AFWTR,,91.74,53.16,360,359,,,EA,ORB
STARLINK-11313 [DTC],2024-175N,61255,PAY,+,US,2024-09-25,AFWTR,,91.74,53.16,361,359,,,EA,ORB
STARLINK-32431,2024-175P,61256,PAY,+,US,2024-09-25,AFWTR,,93.85,53.16,464,462,,,EA,ORB
STARLINK-32432,2024-175Q,61257,PAY,+,US,2024-09-25,AFWTR,,93.85,53.16,463,462,,,EA,ORB
STARLINK-32382,2024-175R,61258,PAY,+,US,2024-09-25,AFWTR,,93.85,53.16,464,462,,,EA,ORB
STARLINK-32435,2024-175S,61259,PAY,+,US,2024-09-25,AFWTR,,93.85,53.16,464,462,,,EA,ORB
STARLINK-32474,2024-175T,61260,PAY,+,US,2024-09-25,AFWTR,,93.85,53.16,463,462,,,EA,ORB
STARLINK-32447,2024-175U,61261,PAY,+,US,2024-09-25,AFWTR,,93.85,53.16,464,462,,,EA,ORB
STARLINK-32446,2024-175V,61262,PAY,+,US,2024-09-25,AFWTR,,93.85,53.16,464,462,,,EA,ORB
OBJECT F,2024-174F,61263,UNK,D,PRC,2024-09-24,JSC,2024-12-26,87.44,97.40,156,139,,,EA,IMP
CZ-6A DEB,2024-140RZ,61264,DEB,,PRC,2024-08-06,TAISC,,101.02,89.00,835,780,,,EA,ORB
CZ-6A DEB,2024-140SA,61265,DEB,,PRC,2024-08-06,TAISC,,98.61,88.95,736,649,,,EA,ORB
CZ-6A DEB,2024-140SB,61266,DEB,,PRC,2024-08-06,TAISC,,98.22,88.58,707,640,,,EA,ORB
CZ-6A DEB,2024-140SC,61267,DEB,,PRC,2024-08-06,TAISC,,101.08,89.15,846,773,,,EA,ORB
CZ-6A DEB,2024-140SD,61268,DEB,,PRC,2024-08-06,TAISC,,102.11,89.00,949,768,,,EA,ORB
CZ-6A DEB,2024-140SE,61269,DEB,,PRC,2024-08-06,TAISC,,100.34,89.05,793,757,,,EA,ORB
CZ-6A DEB,2024-140SF,61270,DEB,,PRC,2024-08-06,TAISC,,102.90,88.82,1003,789,,,EA,ORB
CZ-6A DEB,2024-140SG,61271,DEB,D,PRC,2024-08-06,TAISC,2025-02-06,90.45,89.14,323,271,,,EA,IMP
CZ-6A DEB,2024-140SH,61272,DEB,,PRC,2024-08-06,TAISC,,101.31,89.00,861,780,,,EA,ORB
CZ-6A DEB,2024-140SJ,61273,DEB,,PRC,2024-08-06,TAISC,,101.95,88.85,922,780,,,EA,ORB
CZ-6A DEB,2024-140SK,61274,DEB,,PRC,2024-08-06,TAISC,,102.03,88.85,931,779,,,EA,ORB
CZ-6A DEB,2024-140SL,61275,DEB,,PRC,2024-08-06,TAISC,,102.44,88.96,973,775,,,EA,ORB
CZ-6A DEB,2024-140SM,61276,DEB,,PRC,2024-08-06,TAISC,,100.90,89.00,819,784,,,EA,ORB
CZ-6A DEB,2024-140SN,61277,DEB,,PRC,2024-08-06,TAISC,,99.60,88.43,802,677,,,EA,ORB
CZ-6A DEB,2024-140SP,61278,DEB,,PRC,2024-08-06,TAISC,,100.74,89.01,802,785,,,EA,ORB
CZ-6A DEB,2024-140SQ,61279,DEB,,PRC,2024-08-06,TAISC,,101.62,89.37,884,787,,,EA,ORB
CZ-6A DEB,2024-140SR,61280,DEB,,PRC,2024-08-06,TAISC,,102.26,88.98,955,776,,,EA,ORB
CZ-6A DEB,2024-140SS,61281,DEB,,PRC,2024-08-06,TAISC,,99.96,89.04,805,708,,,EA,ORB
CZ-6A DEB,2024-140ST,61282,DEB,D,PRC,2024-08-06,TAISC,2025-04-29,90.22,89.25,290,281,,,EA,IMP
CZ-6A DEB,2024-140SU,61283,DEB,D,PRC,2024-08-06,TAISC,2025-02-14,90.32,89.18,305,275,,,EA,IMP
CZ-6A DEB,2024-140SV,61284,DEB,D,PRC,2024-08-06,TAISC,2025-04-08,89.99,89.24,285,263,,,EA,IMP
CZ-6A DEB,2024-140SW,61285,DEB,D,PRC,2024-08-06,TAISC,2025-01-25,88.90,89.25,238,202,,,EA,IMP
CZ-6A DEB,2024-140SX,61286,DEB,,PRC,2024-08-06,TAISC,,102.02,88.86,926,782,,,EA,ORB
CZ-6A DEB,2024-140SY,61287,DEB,,PRC,2024-08-06,TAISC,,98.00,89.05,730,596,,,EA,ORB
CZ-6A DEB,2024-140SZ,61288,DEB,,PRC,2024-08-06,TAISC,,100.15,89.02,772,759,,,EA,ORB
CZ-6A DEB,2024-140TA,61289,DEB,D,PRC,2024-08-06,TAISC,2024-11-26,92.45,88.89,421,368,,,EA,IMP
CZ-6A DEB,2024-140TB,61290,DEB,,PRC,2024-08-06,TAISC,,101.04,88.99,821,794,,,EA,ORB
CZ-6A DEB,2024-140TC,61291,DEB,,PRC,2024-08-06,TAISC,,101.49,89.02,891,768,,,EA,ORB
CZ-6A DEB,2024-140TD,61292,DEB,,PRC,2024-08-06,TAISC,,99.06,89.04,784,644,,,EA,ORB
CZ-6A DEB,2024-140TE,61293,DEB,,PRC,2024-08-06,TAISC,,98.49,89.04,751,622,,,EA,ORB
CZ-6A DEB,2024-140TF,61294,DEB,,PRC,2024-08-06,TAISC,,99.58,88.90,780,697,,,EA,ORB
CZ-6A DEB,2024-140TG,61295,DEB,,PRC,2024-08-06,TAISC,,101.42,89.01,859,792,,,EA,ORB
CZ-6A DEB,2024-140TH,61296,DEB,,PRC,2024-08-06,TAISC,,101.06,89.08,831,787,,,EA,ORB
CZ-6A DEB,2024-140TJ,61297,DEB,,PRC,2024-08-06,TAISC,,101.25,89.04,859,777,,,EA,ORB
CZ-6A DEB,2024-140TK,61298,DEB,D,PRC,2024-08-06,TAISC,2025-08-26,89.53,89.32,262,240,,,EA,IMP
CZ-6A DEB,2024-140TL,61299,DEB,,PRC,2024-08-06,TAISC,,100.78,88.99,812,779,,,EA,ORB
CZ-6A DEB,2024-140TM,61300,DEB,,PRC,2024-08-06,TAISC,,98.39,89.03,778,585,,,EA,ORB
CZ-6A DEB,2024-140TN,61301,DEB,D,PRC,2024-08-06,TAISC,2025-04-11,90.45,89.26,309,284,,,EA,IMP
CZ-6A DEB,2024-140TP,61302,DEB,,PRC,2024-08-06,TAISC,,98.66,88.89,737,652,,,EA,ORB
CZ-6A DEB,2024-140TQ,61303,DEB,,PRC,2024-08-06,TAISC,,101.08,89.30,838,782,,,EA,ORB
CZ-6A DEB,2024-140TR,61304,DEB,,PRC,2024-08-06,TAISC,,99.22,89.20,776,667,,,EA,ORB
CZ-6A DEB,2024-140TS,61305,DEB,,PRC,2024-08-06,TAISC,,98.37,88.98,745,617,,,EA,ORB
CZ-6A DEB,2024-140TT,61306,DEB,,PRC,2024-08-06,TAISC,,99.62,88.11,760,721,,,EA,ORB
CZ-6A DEB,2024-140TU,61307,DEB,,PRC,2024-08-06,TAISC,,98.68,88.79,765,626,,,EA,ORB
CZ-6A DEB,2024-140TV,61308,DEB,,PRC,2024-08-06,TAISC,,98.44,88.89,775,593,,,EA,ORB
CZ-6A DEB,2024-140TW,61309,DEB,,PRC,2024-08-06,TAISC,,100.66,88.97,804,776,,,EA,ORB
CZ-6A DEB,2024-140TX,61310,DEB,D,PRC,2024-08-06,TAISC,2024-12-22,91.31,88.87,362,317,,,EA,IMP
CZ-6A DEB,2024-140TY,61311,DEB,,PRC,2024-08-06,TAISC,,97.40,89.11,744,524,,,EA,ORB
CZ-6A DEB,2024-140TZ,61312,DEB,,PRC,2024-08-06,TAISC,,100.84,89.11,850,746,,,EA,ORB
CZ-6A DEB,2024-140UA,61313,DEB,,PRC,2024-08-06,TAISC,,97.79,88.77,676,629,,,EA,ORB
CZ-6A DEB,2024-140UB,61314,DEB,,PRC,2024-08-06,TAISC,,98.40,88.93,755,609,,,EA,ORB
CZ-6A DEB,2024-140UC,61315,DEB,,PRC,2024-08-06,TAISC,,97.54,88.95,690,593,,,EA,ORB
CZ-6A DEB,2024-140UD,61316,DEB,,PRC,2024-08-06,TAISC,,99.72,89.06,804,686,,,EA,ORB
CZ-6A DEB,2024-140UE,61317,DEB,,PRC,2024-08-06,TAISC,,102.80,88.71,986,795,,,EA,ORB
CZ-6A DEB,2024-140UF,61318,DEB,,PRC,2024-08-06,TAISC,,101.23,89.12,845,789,,,EA,ORB
CZ-6A DEB,2024-140UG,61319,DEB,,PRC,2024-08-06,TAISC,,100.06,89.03,788,734,,,EA,ORB
CZ-6A DEB,2024-140UH,61320,DEB,,PRC,2024-08-06,TAISC,,100.97,88.99,815,795,,,EA,ORB
CZ-6A DEB,2024-140UJ,61321,DEB,D,PRC,2024-08-06,TAISC,2025-06-15,88.91,88.92,236,205,,,EA,IMP
CZ-6A DEB,2024-140UK,61322,DEB,,PRC,2024-08-06,TAISC,,98.11,88.88,747,590,,,EA,ORB
CZ-6A DEB,2024-140UL,61323,DEB,,PRC,2024-08-06,TAISC,,98.51,88.84,742,634,,,EA,ORB
CZ-6A DEB,2024-140UM,61324,DEB,D,PRC,2024-08-06,TAISC,2024-11-20,90.14,88.73,297,265,,,EA,IMP
CZ-6A DEB,2024-140UN,61325,DEB,,PRC,2024-08-06,TAISC,,98.57,88.92,747,633,,,EA,ORB
CZ-6A DEB,2024-140UP,61326,DEB,,PRC,2024-08-06,TAISC,,98.09,89.19,748,587,,,EA,ORB
CZ-6A DEB,2024-140UQ,61327,DEB,,PRC,2024-08-06,TAISC,,92.88,89.06,459,372,,,EA,ORB
CZ-6A DEB,2024-140UR,61328,DEB,D,PRC,2024-08-06,TAISC,2025-03-26,90.25,89.26,300,273,,,EA,IMP
CZ-6A DEB,2024-140US,61329,DEB,,PRC,2024-08-06,TAISC,,100.59,88.58,840,734,,,EA,ORB
CZ-6A DEB,2024-140UT,61330,DEB,,PRC,2024-08-06,TAISC,,99.26,88.85,780,666,,,EA,ORB
CZ-6A DEB,2024-140UU,61331,DEB,,PRC,2024-08-06,TAISC,,97.30,89.14,700,559,,,EA,ORB
CZ-6A DEB,2024-140UV,61332,DEB,D,PRC,2024-08-06,TAISC,2025-03-15,90.81,89.00,321,307,,,EA,IMP
CZ-6A DEB,2024-140UW,61333,DEB,,PRC,2024-08-06,TAISC,,101.50,89.01,866,794,,,EA,ORB
CZ-6A DEB,2024-140UX,61334,DEB,,PRC,2024-08-06,TAISC,,101.39,89.00,860,789,,,EA,ORB
CZ-6A DEB,2024-140UY,61335,DEB,D,PRC,2024-08-06,TAISC,2025-10-25,88.59,88.93,217,193,,,EA,IMP
CZ-6A DEB,2024-140UZ,61336,DEB,,PRC,2024-08-06,TAISC,,102.10,88.85,936,781,,,EA,ORB
CZ-6A DEB,2024-140VA,61337,DEB,D,PRC,2024-08-06,TAISC,2024-10-30,88.45,89.07,209,187,,,EA,IMP
CZ-6A DEB,2024-140VB,61338,DEB,,PRC,2024-08-06,TAISC,,101.56,88.99,894,771,,,EA,ORB
CZ-6A DEB,2024-140VC,61339,DEB,,PRC,2024-08-06,TAISC,,99.13,88.97,796,638,,,EA,ORB
CZ-6A DEB,2024-140VD,61340,DEB,,PRC,2024-08-06,TAISC,,98.06,89.02,782,550,,,EA,ORB
CZ-6A DEB,2024-140VE,61341,DEB,D,PRC,2024-08-06,TAISC,2025-06-02,90.40,88.90,305,283,,,EA,IMP
CZ-6A DEB,2024-140VF,61342,DEB,D,PRC,2024-08-06,TAISC,2025-01-22,92.89,89.28,482,350,,,EA,IMP
CZ-6A DEB,2024-140VG,61343,DEB,D,PRC,2024-08-06,TAISC,2025-04-09,90.58,89.26,316,290,,,EA,IMP
CZ-6A DEB,2024-140VH,61344,DEB,D,PRC,2024-08-06,TAISC,2024-10-14,88.51,89.52,215,186,,,EA,IMP
CZ-6A DEB,2024-140VJ,61345,DEB,,PRC,2024-08-06,TAISC,,99.55,88.64,815,659,,,EA,ORB
CZ-6A DEB,2024-140VK,61346,DEB,,PRC,2024-08-06,TAISC,,96.42,88.95,616,559,,,EA,ORB
CZ-6A DEB,2024-140VL,61347,DEB,,PRC,2024-08-06,TAISC,,99.55,89.66,787,687,,,EA,ORB
CZ-6A DEB,2024-140VM,61348,DEB,D,PRC,2024-08-06,TAISC,2025-04-27,91.67,88.87,368,345,,,EA,IMP
CZ-6A DEB,2024-140VN,61349,DEB,,PRC,2024-08-06,TAISC,,98.27,89.06,770,581,,,EA,ORB
CZ-6A DEB,2024-140VP,61350,DEB,,PRC,2024-08-06,TAISC,,100.76,89.12,850,738,,,EA,ORB
CZ-6A DEB,2024-140VQ,61351,DEB,,PRC,2024-08-06,TAISC,,99.01,89.06,793,629,,,EA,ORB
CZ-6A DEB,2024-140VR,61352,DEB,,PRC,2024-08-06,TAISC,,100.79,88.99,812,779,,,EA,ORB
CZ-6A DEB,2024-140VS,61353,DEB,D,PRC,2024-08-06,TAISC,2025-05-17,90.68,88.91,327,289,,,EA,IMP
CZ-6A DEB,2024-140VT,61354,DEB,,PRC,2024-08-06,TAISC,,98.55,89.01,769,610,,,EA,ORB
CZ-6A DEB,2024-140VU,61355,DEB,,PRC,2024-08-06,TAISC,,99.02,88.98,774,649,,,EA,ORB
CZ-6A DEB,2024-140VV,61356,DEB,,PRC,2024-08-06,TAISC,,100.89,88.97,827,774,,,EA,ORB
CZ-6A DEB,2024-140VW,61357,DEB,,PRC,2024-08-06,TAISC,,101.08,88.68,881,738,,,EA,ORB
CZ-6A DEB,2024-140VX,61358,DEB,,PRC,2024-08-06,TAISC,,99.36,88.92,791,665,,,EA,ORB
CZ-6A DEB,2024-140VY,61359,DEB,,PRC,2024-08-06,TAISC,,101.11,89.06,841,782,,,EA,ORB
CZ-6A DEB,2024-140VZ,61360,DEB,,PRC,2024-08-06,TAISC,,101.42,89.01,861,791,,,EA,ORB
CZ-6A DEB,2024-140WA,61361,DEB,,PRC,2024-08-06,TAISC,,99.10,89.03,794,638,,,EA,ORB
CZ-6A DEB,2024-140WB,61362,DEB,,PRC,2024-08-06,TAISC,,101.85,89.12,899,793,,,EA,ORB
CZ-6A DEB,2024-140WC,61363,DEB,,PRC,2024-08-06,TAISC,,100.94,89.07,828,779,,,EA,ORB
CZ-6A DEB,2024-140WD,61364,DEB,D,PRC,2024-08-06,TAISC,2025-04-30,91.28,89.12,347,327,,,EA,IMP
CZ-6A DEB,2024-140WE,61365,DEB,,PRC,2024-08-06,TAISC,,97.97,89.12,779,544,,,EA,ORB
CZ-6A DEB,2024-140WF,61366,DEB,,PRC,2024-08-06,TAISC,,101.98,88.85,928,777,,,EA,ORB
CZ-6A DEB,2024-140WG,61367,DEB,,PRC,2024-08-06,TAISC,,101.09,88.77,830,791,,,EA,ORB
CZ-6A DEB,2024-140WH,61368,DEB,,PRC,2024-08-06,TAISC,,102.25,88.83,949,782,,,EA,ORB
CZ-6A DEB,2024-140WJ,61369,DEB,,PRC,2024-08-06,TAISC,,101.08,88.99,825,795,,,EA,ORB
CZ-6A DEB,2024-140WK,61370,DEB,,PRC,2024-08-06,TAISC,,103.71,89.01,1110,758,,,EA,ORB
CZ-6A DEB,2024-140WL,61371,DEB,,PRC,2024-08-06,TAISC,,99.77,88.45,827,668,,,EA,ORB
CZ-6A DEB,2024-140WM,61372,DEB,,PRC,2024-08-06,TAISC,,101.06,89.00,833,785,,,EA,ORB
CZ-6A DEB,2024-140WN,61373,DEB,,PRC,2024-08-06,TAISC,,99.11,88.75,774,658,,,EA,ORB
CZ-6A DEB,2024-140WP,61374,DEB,D,PRC,2024-08-06,TAISC,2025-01-16,92.17,88.86,412,350,,,EA,IMP
CZ-6A DEB,2024-140WQ,61375,DEB,D,PRC,2024-08-06,TAISC,2025-03-29,89.94,89.17,284,260,,,EA,IMP
CZ-6A DEB,2024-140WR,61376,DEB,,PRC,2024-08-06,TAISC,,101.50,89.00,871,788,,,EA,ORB
CZ-6A DEB,2024-140WS,61377,DEB,D,PRC,2024-08-06,TAISC,2026-04-13,89.47,89.19,261,236,,,EA,IMP
CZ-6A DEB,2024-140WT,61378,DEB,D,PRC,2024-08-06,TAISC,2024-12-10,90.16,89.14,292,273,,,EA,IMP
CZ-6A DEB,2024-140WU,61379,DEB,D,PRC,2024-08-06,TAISC,2025-09-28,90.27,89.24,301,275,,,EA,IMP
CZ-6A DEB,2024-140WV,61380,DEB,,PRC,2024-08-06,TAISC,,99.35,89.12,782,673,,,EA,ORB
CZ-6A DEB,2024-140WW,61381,DEB,,PRC,2024-08-06,TAISC,,101.47,88.98,873,783,,,EA,ORB
CZ-6A DEB,2024-140WX,61382,DEB,,PRC,2024-08-06,TAISC,,99.25,88.94,784,661,,,EA,ORB
CZ-6A DEB,2024-140WY,61383,DEB,,PRC,2024-08-06,TAISC,,102.02,88.99,923,785,,,EA,ORB
CZ-6A DEB,2024-140WZ,61384,DEB,D,PRC,2024-08-06,TAISC,2024-11-06,88.12,88.95,191,172,,,EA,IMP
CZ-6A DEB,2024-140XA,61385,DEB,,PRC,2024-08-06,TAISC,,95.28,88.84,571,494,,,EA,ORB
CZ-6A DEB,2024-140XB,61386,DEB,,PRC,2024-08-06,TAISC,,99.45,88.79,745,720,,,EA,ORB
CZ-6A DEB,2024-140XC,61387,DEB,,PRC,2024-08-06,TAISC,,101.01,89.00,833,780,,,EA,ORB
CZ-6A DEB,2024-140XD,61388,DEB,,PRC,2024-08-06,TAISC,,99.39,88.84,781,678,,,EA,ORB
CZ-6A DEB,2024-140XE,61389,DEB,,PRC,2024-08-06,TAISC,,101.26,89.03,856,781,,,EA,ORB
CZ-6A DEB,2024-140XF,61390,DEB,,PRC,2024-08-06,TAISC,,100.56,88.68,795,775,,,EA,ORB
CZ-6A DEB,2024-140XG,61391,DEB,D,PRC,2024-08-06,TAISC,2025-03-10,91.19,88.96,342,323,,,EA,IMP
CZ-6A DEB,2024-140XH,61392,DEB,D,PRC,2024-08-06,TAISC,2024-12-26,90.40,89.08,306,283,,,EA,IMP
CZ-6A DEB,2024-140XJ,61393,DEB,,PRC,2024-08-06,TAISC,,101.77,88.99,904,781,,,EA,ORB
CZ-6A DEB,2024-140XK,61394,DEB,D,PRC,2024-08-06,TAISC,2024-10-09,91.06,89.03,350,303,,,EA,IMP
CZ-6A DEB,2024-140XL,61395,DEB,,PRC,2024-08-06,TAISC,,101.57,88.96,872,794,,,EA,ORB
CZ-6A DEB,2024-140XM,61396,DEB,,PRC,2024-08-06,TAISC,,97.99,89.06,759,566,,,EA,ORB
CZ-6A DEB,2024-140XN,61397,DEB,D,PRC,2024-08-06,TAISC,2025-10-15,90.10,88.94,286,273,,,EA,IMP
CZ-6A DEB,2024-140XP,61398,DEB,,PRC,2024-08-06,TAISC,,102.36,88.96,944,797,,,EA,ORB
CZ-6A DEB,2024-140XQ,61399,DEB,,PRC,2024-08-06,TAISC,,102.30,88.95,944,791,,,EA,ORB
CZ-6A DEB,2024-140XR,61400,DEB,D,PRC,2024-08-06,TAISC,2025-05-04,90.13,89.28,286,276,,,EA,IMP
CZ-6A DEB,2024-140XS,61401,DEB,,PRC,2024-08-06,TAISC,,101.00,89.00,840,772,,,EA,ORB
CZ-6A DEB,2024-140XT,61402,DEB,,PRC,2024-08-06,TAISC,,94.43,89.71,603,379,,,EA,ORB
CZ-6A DEB,2024-140XU,61403,DEB,,PRC,2024-08-06,TAISC,,100.92,88.95,824,780,,,EA,ORB
CZ-6A DEB,2024-140XV,61404,DEB,,PRC,2024-08-06,TAISC,,98.97,89.09,785,633,,,EA,ORB
CZ-6A DEB,2024-140XW,61405,DEB,,PRC,2024-08-06,TAISC,,98.99,88.88,744,677,,,EA,ORB
CZ-6A DEB,2024-140XX,61406,DEB,,PRC,2024-08-06,TAISC,,102.65,88.99,980,789,,,EA,ORB
CZ-6A DEB,2024-140XY,61407,DEB,D,PRC,2024-08-06,TAISC,2024-12-13,90.54,89.21,313,288,,,EA,IMP
CZ-6A DEB,2024-140XZ,61408,DEB,,PRC,2024-08-06,TAISC,,100.37,89.02,786,766,,,EA,ORB
CZ-6A DEB,2024-140YA,61409,DEB,,PRC,2024-08-06,TAISC,,96.99,89.03,677,552,,,EA,ORB
CZ-6A DEB,2024-140YB,61410,DEB,,PRC,2024-08-06,TAISC,,101.48,88.99,861,796,,,EA,ORB
CZ-6A DEB,2024-140YC,61411,DEB,D,PRC,2024-08-06,TAISC,2025-01-06,91.41,89.13,363,325,,,EA,IMP
CZ-6A DEB,2024-140YD,61412,DEB,D,PRC,2024-08-06,TAISC,2025-04-07,89.97,89.28,285,261,,,EA,IMP
CZ-6A DEB,2024-140YE,61413,DEB,D,PRC,2024-08-06,TAISC,2025-08-13,89.62,89.24,263,248,,,EA,IMP
CZ-6A DEB,2024-140YF,61414,DEB,,PRC,2024-08-06,TAISC,,99.02,88.98,775,648,,,EA,ORB
CZ-6A DEB,2024-140YG,61415,DEB,,PRC,2024-08-06,TAISC,,102.36,88.99,959,782,,,EA,ORB
CZ-6A DEB,2024-140YH,61416,DEB,,PRC,2024-08-06,TAISC,,99.16,88.88,773,665,,,EA,ORB
CZ-6A DEB,2024-140YJ,61417,DEB,,PRC,2024-08-06,TAISC,,96.06,88.97,631,509,,,EA,ORB
CZ-6A DEB,2024-140YK,61418,DEB,,PRC,2024-08-06,TAISC,,100.82,88.98,831,764,,,EA,ORB
CZ-6A DEB,2024-140YL,61419,DEB,,PRC,2024-08-06,TAISC,,97.37,88.97,704,562,,,EA,ORB
CZ-6A DEB,2024-140YM,61420,DEB,,PRC,2024-08-06,TAISC,,100.36,88.98,809,743,,,EA,ORB
CZ-6A DEB,2024-140YN,61421,DEB,,PRC,2024-08-06,TAISC,,101.49,89.14,876,782,,,EA,ORB
CZ-6A DEB,2024-140YP,61422,DEB,,PRC,2024-08-06,TAISC,,103.48,88.74,1070,776,,,EA,ORB
CZ-6A DEB,2024-140YQ,61423,DEB,,PRC,2024-08-06,TAISC,,99.10,88.82,809,622,,,EA,ORB
CZ-6A DEB,2024-140YR,61424,DEB,,PRC,2024-08-06,TAISC,,99.53,89.00,789,684,,,EA,ORB
CZ-6A DEB,2024-140YS,61425,DEB,,PRC,2024-08-06,TAISC,,101.52,89.01,869,792,,,EA,ORB
CZ-6A DEB,2024-140YT,61426,DEB,,PRC,2024-08-06,TAISC,,97.09,89.11,705,534,,,EA,ORB
CZ-6A DEB,2024-140YU,61427,DEB,D,PRC,2024-08-06,TAISC,2025-12-30,90.28,88.77,295,281,,,EA,IMP
CZ-6A DEB,2024-140YV,61428,DEB,,PRC,2024-08-06,TAISC,,101.23,89.28,871,762,,,EA,ORB
CZ-6A DEB,2024-140YW,61429,DEB,,PRC,2024-08-06,TAISC,,99.88,88.96,854,651,,,EA,ORB
CZ-6A DEB,2024-140YX,61430,DEB,,PRC,2024-08-06,TAISC,,101.93,89.05,907,793,,,EA,ORB
CZ-6A DEB,2024-140YY,61431,DEB,,PRC,2024-08-06,TAISC,,97.95,89.12,772,549,,,EA,ORB
CZ-6A DEB,2024-140YZ,61432,DEB,,PRC,2024-08-06,TAISC,,96.37,89.09,688,481,,,EA,ORB
CZ-6A DEB,2024-140ZA,61433,DEB,D,PRC,2024-08-06,TAISC,2025-11-10,93.35,88.97,461,416,,,EA,IMP
CZ-6A DEB,2024-140ZB,61434,DEB,,PRC,2024-08-06,TAISC,,94.98,89.04,569,466,,,EA,ORB
CZ-6A DEB,2024-140ZC,61435,DEB,,PRC,2024-08-06,TAISC,,98.62,88.88,768,617,,,EA,ORB
CZ-6A DEB,2024-140ZD,61436,DEB,,PRC,2024-08-06,TAISC,,101.48,88.94,868,789,,,EA,ORB
CZ-6A DEB,2024-140ZE,61437,DEB,D,PRC,2024-08-06,TAISC,2024-12-22,87.85,89.99,178,158,,,EA,IMP
CZ-6A DEB,2024-140ZF,61438,DEB,D,PRC,2024-08-06,TAISC,2024-11-13,88.52,90.08,221,181,,,EA,IMP
IGS R-8,2024-176A,61439,PAY,+,JPN,2024-09-26,TANSC,,,,,,,NEA,EA,ORB
H-2A R/B,2024-176B,61440,R/B,D,JPN,2024-09-26,TANSC,2026-06-14,87.41,97.24,156,137,,,EA,IMP
H-2A DEB,2024-176C,61441,DEB,D,JPN,2024-09-26,TANSC,2024-10-15,,,,,,NEA,EA,IMP
H-2A DEB,2024-176D,61442,DEB,D,JPN,2024-09-26,TANSC,2024-10-01,,,,,,NEA,EA,IMP
OBJECT G,2024-174G,61443,UNK,D,PRC,2024-09-24,JSC,2024-11-06,87.96,97.40,195,153,,,EA,IMP
SHIJIAN-19 (SJ-19),2024-177A,61444,PAY,D,PRC,2024-09-27,JSC,2024-10-11,91.28,41.60,342,333,,,EA,LAN
CZ-2D R/B,2024-177B,61445,R/B,D,PRC,2024-09-27,JSC,2024-11-10,87.92,41.38,176,166,,,EA,IMP
CREW DRAGON 9,2024-178A,61447,PAY,D,US,2024-09-28,AFETR,2025-03-18,92.93,51.64,421,415,,,EA,LAN
VULCAN CENTAUR R/B,2024-179A,61448,R/B,,US,2024-10-04,AFETR,,,,,,,,SU,ORB
HERA,2024-180A,61449,PAY,+,ESA,2024-10-07,AFETR,,,,,,,,SU,ORB
CZ-6A DEB,2024-140ZG,61450,DEB,,PRC,2024-08-06,TAISC,,100.73,89.11,849,737,,,EA,ORB
CZ-6A DEB,2024-140ZH,61451,DEB,,PRC,2024-08-06,TAISC,,98.26,89.03,753,598,,,EA,ORB
CZ-6A DEB,2024-140ZJ,61452,DEB,,PRC,2024-08-06,TAISC,,99.36,88.89,770,687,,,EA,ORB
CZ-6A DEB,2024-140ZK,61453,DEB,,PRC,2024-08-06,TAISC,,98.01,89.04,735,592,,,EA,ORB
CZ-6A DEB,2024-140ZL,61454,DEB,,PRC,2024-08-06,TAISC,,100.58,88.61,805,767,,,EA,ORB
CZ-6A DEB,2024-140ZM,61455,DEB,,PRC,2024-08-06,TAISC,,95.94,90.27,680,448,,,EA,ORB
CZ-6A DEB,2024-140ZN,61456,DEB,,PRC,2024-08-06,TAISC,,98.61,89.11,764,621,,,EA,ORB
CZ-6A DEB,2024-140ZP,61457,DEB,D,PRC,2024-08-06,TAISC,2025-08-20,88.59,89.23,214,195,,,EA,IMP
CZ-6A DEB,2024-140ZQ,61458,DEB,,PRC,2024-08-06,TAISC,,96.47,88.93,667,513,,,EA,ORB
CZ-6A DEB,2024-140ZR,61459,DEB,,PRC,2024-08-06,TAISC,,99.72,88.46,779,712,,,EA,ORB
CZ-6A DEB,2024-140ZS,61460,DEB,D,PRC,2024-08-06,TAISC,2025-12-31,90.25,89.12,296,278,,,EA,IMP
CZ-6A DEB,2024-140ZT,61461,DEB,,PRC,2024-08-06,TAISC,,100.08,89.11,781,744,,,EA,ORB
CZ-6A DEB,2024-140ZU,61462,DEB,,PRC,2024-08-06,TAISC,,100.72,89.11,850,736,,,EA,ORB
CZ-6A DEB,2024-140ZV,61463,DEB,,PRC,2024-08-06,TAISC,,101.25,89.01,853,783,,,EA,ORB
CZ-6A DEB,2024-140ZW,61464,DEB,D,PRC,2024-08-06,TAISC,2025-09-30,90.76,88.93,317,307,,,EA,IMP
CZ-6A DEB,2024-140ZX,61465,DEB,D,PRC,2024-08-06,TAISC,2025-04-09,90.84,88.93,328,303,,,EA,IMP
CZ-6A DEB,2024-140ZY,61466,DEB,,PRC,2024-08-06,TAISC,,98.10,89.04,749,586,,,EA,ORB
CZ-6A DEB,2024-140ZZ,61467,DEB,,PRC,2024-08-06,TAISC,,99.65,88.86,802,682,,,EA,ORB
CZ-6A DEB,2024-140AAA,61468,DEB,D,PRC,2024-08-06,TAISC,2025-09-10,90.80,89.20,327,300,,,EA,IMP
CZ-6A DEB,2024-140AAB,61469,DEB,,PRC,2024-08-06,TAISC,,97.42,90.04,719,551,,,EA,ORB
CZ-6A DEB,2024-140AAC,61470,DEB,D,PRC,2024-08-06,TAISC,2025-03-25,90.97,89.24,337,307,,,EA,IMP
CZ-6A DEB,2024-140AAD,61471,DEB,,PRC,2024-08-06,TAISC,,102.01,88.90,930,778,,,EA,ORB
CZ-6A DEB,2024-140AAE,61472,DEB,,PRC,2024-08-06,TAISC,,104.23,89.04,1129,788,,,EA,ORB
CZ-6A DEB,2024-140AAF,61473,DEB,D,PRC,2024-08-06,TAISC,2025-09-20,89.32,88.40,253,229,,,EA,IMP
CZ-6A DEB,2024-140AAG,61474,DEB,,PRC,2024-08-06,TAISC,,99.32,88.82,814,638,,,EA,ORB
CZ-6A DEB,2024-140AAH,61475,DEB,,PRC,2024-08-06,TAISC,,107.55,88.38,1437,790,,,EA,ORB
CZ-6A DEB,2024-140AAJ,61476,DEB,,PRC,2024-08-06,TAISC,,102.43,88.98,951,797,,,EA,ORB
CZ-6A DEB,2024-140AAK,61477,DEB,,PRC,2024-08-06,TAISC,,98.38,89.03,744,619,,,EA,ORB
CZ-6A DEB,2024-140AAL,61478,DEB,D,PRC,2024-08-06,TAISC,2025-09-23,91.03,89.02,330,321,,,EA,IMP
CZ-6A DEB,2024-140AAM,61479,DEB,,PRC,2024-08-06,TAISC,,102.57,89.06,997,763,,,EA,ORB
CZ-6A DEB,2024-140AAN,61480,DEB,,PRC,2024-08-06,TAISC,,90.58,89.33,315,290,,,EA,ORB
CZ-6A DEB,2024-140AAP,61481,DEB,,PRC,2024-08-06,TAISC,,101.36,88.88,921,726,,,EA,ORB
CZ-6A DEB,2024-140AAQ,61482,DEB,,PRC,2024-08-06,TAISC,,98.63,89.06,770,616,,,EA,ORB
CZ-6A DEB,2024-140AAR,61483,DEB,,PRC,2024-08-06,TAISC,,100.76,88.65,839,750,,,EA,ORB
CZ-6A DEB,2024-140AAS,61484,DEB,D,PRC,2024-08-06,TAISC,2025-04-02,94.91,88.99,525,503,,,EA,IMP
CZ-6A DEB,2024-140AAT,61485,DEB,,PRC,2024-08-06,TAISC,,103.05,88.77,1012,794,,,EA,ORB
CZ-6A DEB,2024-140AAU,61486,DEB,,PRC,2024-08-06,TAISC,,93.69,89.17,476,434,,,EA,ORB
CZ-6A DEB,2024-140AAV,61487,DEB,,PRC,2024-08-06,TAISC,,100.86,89.01,824,774,,,EA,ORB
CZ-6A DEB,2024-140AAW,61488,DEB,,PRC,2024-08-06,TAISC,,100.35,88.64,833,717,,,EA,ORB
CZ-6A DEB,2024-140AAX,61489,DEB,,PRC,2024-08-06,TAISC,,97.21,89.21,670,581,,,EA,ORB
CZ-6A DEB,2024-140AAY,61490,DEB,,PRC,2024-08-06,TAISC,,101.08,88.99,836,784,,,EA,ORB
CZ-6A DEB,2024-140AAZ,61491,DEB,,PRC,2024-08-06,TAISC,,100.47,88.66,808,753,,,EA,ORB
CZ-6A DEB,2024-140ABA,61492,DEB,,PRC,2024-08-06,TAISC,,98.82,88.99,794,611,,,EA,ORB
CZ-6A DEB,2024-140ABB,61493,DEB,,PRC,2024-08-06,TAISC,,101.37,89.00,855,793,,,EA,ORB
CZ-6A DEB,2024-140ABC,61494,DEB,,PRC,2024-08-06,TAISC,,102.14,88.86,936,784,,,EA,ORB
CZ-6A DEB,2024-140ABD,61495,DEB,D,PRC,2024-08-06,TAISC,2025-04-07,92.25,89.01,393,377,,,EA,IMP
CZ-6A DEB,2024-140ABE,61496,DEB,D,PRC,2024-08-06,TAISC,2025-10-17,90.49,88.98,305,292,,,EA,IMP
CZ-6A DEB,2024-140ABF,61497,DEB,,PRC,2024-08-06,TAISC,,98.43,89.00,774,593,,,EA,ORB
CZ-6A DEB,2024-140ABG,61498,DEB,D,PRC,2024-08-06,TAISC,2026-06-26,90.86,89.19,331,303,,,EA,IMP
CZ-6A DEB,2024-140ABH,61499,DEB,D,PRC,2024-08-06,TAISC,2026-02-21,88.82,88.85,218,214,,,EA,IMP
CZ-6A DEB,2024-140ABJ,61500,DEB,,PRC,2024-08-06,TAISC,,101.60,88.98,887,782,,,EA,ORB
HULIANWAN GAOGUI-03 (HG-03),2024-181A,61503,PAY,+,PRC,2024-10-10,XICLF,,1436.06,0.06,35792,35780,,,EA,ORB
CZ-3B R/B,2024-181B,61504,R/B,D,PRC,2024-10-10,XICLF,2025-03-01,101.38,28.11,1565,82,,,EA,IMP
SJ-19 DEB,2024-177C,61505,DEB,D,PRC,2024-09-27,JSC,2024-10-19,89.47,41.59,256,240,,,EA,IMP
SJ-19 DEB,2024-177D,61506,DEB,D,PRC,2024-09-27,JSC,2025-01-09,87.59,41.58,159,152,,,EA,IMP
EUROPA CLIPPER,2024-182A,61507,PAY,+,US,2024-10-14,AFETR,,,,,,,,SU,ORB
FALCON HEAVY R/B,2024-182B,61508,R/B,,US,2024-10-14,AFETR,,,,,,,,SU,ORB
STARLINK-32174,2024-183A,61509,PAY,+,US,2024-10-15,AFETR,,93.85,53.16,464,462,,,EA,ORB
STARLINK-32139,2024-183B,61510,PAY,+,US,2024-10-15,AFETR,,94.01,53.16,471,470,,,EA,ORB
STARLINK-32140,2024-183C,61511,PAY,+,US,2024-10-15,AFETR,,94.01,53.16,472,470,,,EA,ORB
STARLINK-32201,2024-183D,61512,PAY,+,US,2024-10-15,AFETR,,93.85,53.16,464,462,,,EA,ORB
STARLINK-32030,2024-183E,61513,PAY,+,US,2024-10-15,AFETR,,93.85,53.16,464,462,,,EA,ORB
STARLINK-31837,2024-183F,61514,PAY,+,US,2024-10-15,AFETR,,93.85,53.16,464,462,,,EA,ORB
STARLINK-32136,2024-183G,61515,PAY,+,US,2024-10-15,AFETR,,94.01,53.16,472,470,,,EA,ORB
STARLINK-32047,2024-183H,61516,PAY,+,US,2024-10-15,AFETR,,94.01,53.16,472,470,,,EA,ORB
STARLINK-31756,2024-183J,61517,PAY,+,US,2024-10-15,AFETR,,93.85,53.16,464,462,,,EA,ORB
STARLINK-32172,2024-183K,61518,PAY,+,US,2024-10-15,AFETR,,94.01,53.16,472,470,,,EA,ORB
STARLINK-32338,2024-183L,61519,PAY,+,US,2024-10-15,AFETR,,93.85,53.16,464,462,,,EA,ORB
STARLINK-32306,2024-183M,61520,PAY,+,US,2024-10-15,AFETR,,94.01,53.16,472,470,,,EA,ORB
STARLINK-32297,2024-183N,61521,PAY,+,US,2024-10-15,AFETR,,93.85,53.16,464,462,,,EA,ORB
STARLINK-32260,2024-183P,61522,PAY,+,US,2024-10-15,AFETR,,93.68,53.16,456,453,,,EA,ORB
STARLINK-32305,2024-183Q,61523,PAY,+,US,2024-10-15,AFETR,,93.85,53.16,464,462,,,EA,ORB
STARLINK-32296,2024-183R,61524,PAY,+,US,2024-10-15,AFETR,,94.01,53.16,472,470,,,EA,ORB
STARLINK-32298,2024-183S,61525,PAY,+,US,2024-10-15,AFETR,,94.01,53.16,472,470,,,EA,ORB
STARLINK-32293,2024-183T,61526,PAY,+,US,2024-10-15,AFETR,,93.85,53.16,464,462,,,EA,ORB
STARLINK-32313,2024-183U,61527,PAY,+,US,2024-10-15,AFETR,,93.85,53.16,464,462,,,EA,ORB
STARLINK-32319,2024-183V,61528,PAY,+,US,2024-10-15,AFETR,,94.01,53.16,472,470,,,EA,ORB
STARLINK-32351,2024-183W,61529,PAY,+,US,2024-10-15,AFETR,,93.85,53.16,464,462,,,EA,ORB
STARLINK-32261,2024-183X,61530,PAY,+,US,2024-10-15,AFETR,,94.01,53.16,472,470,,,EA,ORB
STARLINK-32358,2024-183Y,61531,PAY,+,US,2024-10-15,AFETR,,93.85,53.16,464,462,,,EA,ORB
STARLINK-11354 [DTC],2024-184A,61532,PAY,+,US,2024-10-15,AFWTR,,91.74,53.16,360,359,,,EA,ORB
STARLINK-11323 [DTC],2024-184B,61533,PAY,+,US,2024-10-15,AFWTR,,91.74,53.16,360,359,,,EA,ORB
STARLINK-11338 [DTC],2024-184C,61534,PAY,+,US,2024-10-15,AFWTR,,91.74,53.16,361,359,,,EA,ORB
STARLINK-11362 [DTC],2024-184D,61535,PAY,+,US,2024-10-15,AFWTR,,91.74,53.16,360,359,,,EA,ORB
STARLINK-11295 [DTC],2024-184E,61536,PAY,+,US,2024-10-15,AFWTR,,91.74,53.16,360,359,,,EA,ORB
STARLINK-11331 [DTC],2024-184F,61537,PAY,D,US,2024-10-15,AFWTR,2026-04-02,89.09,53.14,234,225,,,EA,IMP
STARLINK-11325 [DTC],2024-184G,61538,PAY,+,US,2024-10-15,AFWTR,,91.74,53.16,360,359,,,EA,ORB
STARLINK-11332 [DTC],2024-184H,61539,PAY,+,US,2024-10-15,AFWTR,,91.74,53.16,361,359,,,EA,ORB
STARLINK-11350 [DTC],2024-184J,61540,PAY,+,US,2024-10-15,AFWTR,,91.74,53.16,360,359,,,EA,ORB
STARLINK-11357 [DTC],2024-184K,61541,PAY,+,US,2024-10-15,AFWTR,,91.74,53.16,360,359,,,EA,ORB
STARLINK-11322 [DTC],2024-184L,61542,PAY,+,US,2024-10-15,AFWTR,,91.74,53.16,361,359,,,EA,ORB
STARLINK-11364 [DTC],2024-184M,61543,PAY,+,US,2024-10-15,AFWTR,,91.74,53.16,360,359,,,EA,ORB
STARLINK-11349 [DTC],2024-184N,61544,PAY,+,US,2024-10-15,AFWTR,,91.74,53.16,361,359,,,EA,ORB
STARLINK-32406,2024-184P,61545,PAY,+,US,2024-10-15,AFWTR,,93.85,53.16,463,462,,,EA,ORB
STARLINK-32445,2024-184Q,61546,PAY,+,US,2024-10-15,AFWTR,,93.71,53.16,457,456,,,EA,ORB
STARLINK-32411,2024-184R,61547,PAY,+,US,2024-10-15,AFWTR,,93.85,53.16,464,462,,,EA,ORB
STARLINK-32424,2024-184S,61548,PAY,+,US,2024-10-15,AFWTR,,93.85,53.16,464,462,,,EA,ORB
STARLINK-32389,2024-184T,61549,PAY,+,US,2024-10-15,AFWTR,,93.85,53.16,464,462,,,EA,ORB
STARLINK-32476,2024-184U,61550,PAY,+,US,2024-10-15,AFWTR,,93.85,53.16,464,462,,,EA,ORB
STARLINK-32366,2024-184V,61551,PAY,+,US,2024-10-15,AFWTR,,93.85,53.16,463,463,,,EA,ORB
QIANFAN-19,2024-185A,61552,PAY,P,PRC,2024-10-15,TAISC,,101.80,88.98,848,840,,,EA,ORB
QIANFAN-20,2024-185B,61553,PAY,P,PRC,2024-10-15,TAISC,,102.20,88.98,865,860,,,EA,ORB
QIANFAN-21,2024-185C,61554,PAY,P,PRC,2024-10-15,TAISC,,101.20,88.97,821,810,,,EA,ORB
QIANFAN-22,2024-185D,61555,PAY,P,PRC,2024-10-15,TAISC,,103.86,88.98,945,938,,,EA,ORB
QIANFAN-23,2024-185E,61556,PAY,P,PRC,2024-10-15,TAISC,,101.66,88.98,841,833,,,EA,ORB
QIANFAN-24,2024-185F,61557,PAY,P,PRC,2024-10-15,TAISC,,101.11,88.98,818,805,,,EA,ORB
QIANFAN-25,2024-185G,61558,PAY,P,PRC,2024-10-15,TAISC,,102.41,88.98,879,866,,,EA,ORB
QIANFAN-26,2024-185H,61559,PAY,P,PRC,2024-10-15,TAISC,,104.50,88.98,975,968,,,EA,ORB
QIANFAN-27,2024-185J,61560,PAY,P,PRC,2024-10-15,TAISC,,100.87,88.98,805,794,,,EA,ORB
QIANFAN-28,2024-185K,61561,PAY,P,PRC,2024-10-15,TAISC,,100.81,88.98,802,791,,,EA,ORB
QIANFAN-29,2024-185L,61562,PAY,+,PRC,2024-10-15,TAISC,,106.58,88.98,1077,1060,,,EA,ORB
QIANFAN-30,2024-185M,61563,PAY,+,PRC,2024-10-15,TAISC,,106.66,88.98,1079,1065,,,EA,ORB
QIANFAN-31,2024-185N,61564,PAY,+,PRC,2024-10-15,TAISC,,106.03,88.98,1049,1037,,,EA,ORB
QIANFAN-32,2024-185P,61565,PAY,+,PRC,2024-10-15,TAISC,,106.60,88.98,1078,1061,,,EA,ORB
QIANFAN-33,2024-185Q,61566,PAY,P,PRC,2024-10-15,TAISC,,103.10,88.98,909,901,,,EA,ORB
QIANFAN-34,2024-185R,61567,PAY,P,PRC,2024-10-15,TAISC,,102.67,88.98,888,882,,,EA,ORB
QIANFAN-35,2024-185S,61568,PAY,P,PRC,2024-10-15,TAISC,,100.82,88.98,802,792,,,EA,ORB
QIANFAN-36,2024-185T,61569,PAY,+,PRC,2024-10-15,TAISC,,106.22,88.98,1057,1046,,,EA,ORB
CZ-6A R/B,2024-185U,61570,R/B,,PRC,2024-10-15,TAISC,,99.19,89.02,789,651,,,EA,ORB
GAOFEN-12 05,2024-186A,61571,PAY,+,PRC,2024-10-15,JSC,,97.23,97.91,628,625,,,EA,ORB
CZ-4C R/B,2024-186B,61572,R/B,,PRC,2024-10-15,JSC,,95.48,97.86,572,511,,,EA,ORB
CREW DRAGON 8 DEB [TRUNK],2024-042B,61573,DEB,D,US,2024-03-04,AFETR,2024-11-05,87.54,52.08,169,137,,,EA,IMP
STARLINK-11356 [DTC],2024-187A,61574,PAY,+,US,2024-10-18,AFETR,,91.74,53.16,360,359,,,EA,ORB
STARLINK-11376 [DTC],2024-187B,61575,PAY,+,US,2024-10-18,AFETR,,91.74,53.16,361,359,,,EA,ORB
STARLINK-11372 [DTC],2024-187C,61576,PAY,+,US,2024-10-18,AFETR,,91.74,53.16,360,359,,,EA,ORB
STARLINK-11375 [DTC],2024-187D,61577,PAY,+,US,2024-10-18,AFETR,,91.74,53.16,361,359,,,EA,ORB
STARLINK-11285 [DTC],2024-187E,61578,PAY,+,US,2024-10-18,AFETR,,91.74,53.16,361,359,,,EA,ORB
STARLINK-11275 [DTC],2024-187F,61579,PAY,+,US,2024-10-18,AFETR,,91.74,53.16,361,359,,,EA,ORB
STARLINK-11342 [DTC],2024-187G,61580,PAY,+,US,2024-10-18,AFETR,,91.74,53.16,361,359,,,EA,ORB
STARLINK-11374 [DTC],2024-187H,61581,PAY,+,US,2024-10-18,AFETR,,91.74,53.16,360,359,,,EA,ORB
STARLINK-11373 [DTC],2024-187J,61582,PAY,+,US,2024-10-18,AFETR,,91.74,53.16,360,359,,,EA,ORB
STARLINK-11368 [DTC],2024-187K,61583,PAY,+,US,2024-10-18,AFETR,,91.74,53.16,360,359,,,EA,ORB
STARLINK-11370 [DTC],2024-187L,61584,PAY,+,US,2024-10-18,AFETR,,91.74,53.16,361,359,,,EA,ORB
STARLINK-11361 [DTC],2024-187M,61585,PAY,+,US,2024-10-18,AFETR,,91.73,53.16,360,359,,,EA,ORB
STARLINK-11360 [DTC],2024-187N,61586,PAY,+,US,2024-10-18,AFETR,,91.74,53.16,361,359,,,EA,ORB
STARLINK-32353,2024-187P,61587,PAY,+,US,2024-10-18,AFETR,,93.86,53.16,464,462,,,EA,ORB
STARLINK-32325,2024-187Q,61588,PAY,+,US,2024-10-18,AFETR,,93.85,53.16,463,462,,,EA,ORB
STARLINK-32416,2024-187R,61589,PAY,+,US,2024-10-18,AFETR,,93.85,53.16,464,462,,,EA,ORB
STARLINK-32413,2024-187S,61590,PAY,+,US,2024-10-18,AFETR,,93.85,53.16,463,462,,,EA,ORB
STARLINK-32409,2024-187T,61591,PAY,+,US,2024-10-18,AFETR,,93.85,53.16,463,462,,,EA,ORB
STARLINK-32422,2024-187U,61592,PAY,+,US,2024-10-18,AFETR,,93.85,53.16,463,462,,,EA,ORB
STARLINK-32397,2024-187V,61593,PAY,+,US,2024-10-18,AFETR,,93.85,53.16,464,461,,,EA,ORB
ONEWEB-0015,2024-188A,61594,PAY,+,UK,2024-10-20,AFWTR,,109.81,87.89,1219,1216,,,EA,ORB
ONEWEB-0687,2024-188B,61595,PAY,+,UK,2024-10-20,AFWTR,,109.29,87.92,1195,1193,,,EA,ORB
ONEWEB-0688,2024-188C,61596,PAY,+,UK,2024-10-20,AFWTR,,109.29,87.92,1195,1192,,,EA,ORB
ONEWEB-0689,2024-188D,61597,PAY,+,UK,2024-10-20,AFWTR,,109.80,87.89,1219,1217,,,EA,ORB
ONEWEB-0690,2024-188E,61598,PAY,+,UK,2024-10-20,AFWTR,,109.80,87.89,1220,1215,,,EA,ORB
ONEWEB-0691,2024-188F,61599,PAY,+,UK,2024-10-20,AFWTR,,109.80,87.90,1219,1217,,,EA,ORB
ONEWEB-0692,2024-188G,61600,PAY,+,UK,2024-10-20,AFWTR,,109.81,87.89,1219,1216,,,EA,ORB
ONEWEB-0693,2024-188H,61601,PAY,+,UK,2024-10-20,AFWTR,,109.29,87.92,1196,1192,,,EA,ORB
ONEWEB-0695,2024-188J,61602,PAY,+,UK,2024-10-20,AFWTR,,109.80,87.89,1219,1216,,,EA,ORB
ONEWEB-0697,2024-188K,61603,PAY,+,UK,2024-10-20,AFWTR,,109.81,87.89,1219,1216,,,EA,ORB
ONEWEB-0698,2024-188L,61604,PAY,+,UK,2024-10-20,AFWTR,,109.80,87.89,1220,1216,,,EA,ORB
ONEWEB-0699,2024-188M,61605,PAY,+,UK,2024-10-20,AFWTR,,109.89,87.89,1223,1220,,,EA,ORB
ONEWEB-0700,2024-188N,61606,PAY,+,UK,2024-10-20,AFWTR,,109.89,87.89,1223,1220,,,EA,ORB
ONEWEB-0701,2024-188P,61607,PAY,+,UK,2024-10-20,AFWTR,,109.89,87.89,1223,1220,,,EA,ORB
ONEWEB-0702,2024-188Q,61608,PAY,+,UK,2024-10-20,AFWTR,,109.80,87.89,1219,1216,,,EA,ORB
ONEWEB-0704,2024-188R,61609,PAY,+,UK,2024-10-20,AFWTR,,109.89,87.89,1223,1220,,,EA,ORB
ONEWEB-0705,2024-188S,61610,PAY,+,UK,2024-10-20,AFWTR,,109.89,87.89,1223,1221,,,EA,ORB
ONEWEB-0706,2024-188T,61611,PAY,+,UK,2024-10-20,AFWTR,,109.89,87.89,1223,1220,,,EA,ORB
ONEWEB-0707,2024-188U,61612,PAY,+,UK,2024-10-20,AFWTR,,109.89,87.89,1223,1220,,,EA,ORB
ONEWEB-0708,2024-188V,61613,PAY,+,UK,2024-10-20,AFWTR,,109.89,87.89,1223,1221,,,EA,ORB
TIANPING 3A-01,2024-189A,61614,PAY,+,PRC,2024-10-22,TAISC,,95.94,97.52,564,563,,,EA,ORB
TIANPING 3B-01,2024-189B,61615,PAY,+,PRC,2024-10-22,TAISC,,95.94,97.51,566,562,,,EA,ORB
TIANPING 3B-02,2024-189C,61616,PAY,+,PRC,2024-10-22,TAISC,,95.94,97.52,565,563,,,EA,ORB
YAOGAN-43 03A,2024-190A,61617,PAY,+,PRC,2024-10-23,XICLF,,94.55,34.99,500,493,,,EA,ORB
YAOGAN-43 03B,2024-190B,61618,PAY,+,PRC,2024-10-23,XICLF,,94.56,34.99,503,491,,,EA,ORB
YAOGAN-43 03C,2024-190C,61619,PAY,+,PRC,2024-10-23,XICLF,,94.55,35.00,501,492,,,EA,ORB
CZ-2C R/B,2024-190D,61620,R/B,D,PRC,2024-10-23,XICLF,2024-11-21,88.11,35.00,207,155,,,EA,IMP
STARLINK-32302,2024-191A,61621,PAY,+,US,2024-10-23,AFETR,,94.27,43.00,484,482,,,EA,ORB
STARLINK-32364,2024-191B,61622,PAY,+,US,2024-10-23,AFETR,,94.27,43.00,484,482,,,EA,ORB
STARLINK-32331,2024-191C,61623,PAY,+,US,2024-10-23,AFETR,,94.27,43.00,484,482,,,EA,ORB
STARLINK-32398,2024-191D,61624,PAY,+,US,2024-10-23,AFETR,,94.27,43.00,484,482,,,EA,ORB
STARLINK-32365,2024-191E,61625,PAY,+,US,2024-10-23,AFETR,,94.27,43.00,484,482,,,EA,ORB
STARLINK-32333,2024-191F,61626,PAY,+,US,2024-10-23,AFETR,,94.27,43.00,484,482,,,EA,ORB
STARLINK-32399,2024-191G,61627,PAY,+,US,2024-10-23,AFETR,,94.27,43.00,484,482,,,EA,ORB
STARLINK-32421,2024-191H,61628,PAY,+,US,2024-10-23,AFETR,,94.27,43.00,484,482,,,EA,ORB
STARLINK-32403,2024-191J,61629,PAY,+,US,2024-10-23,AFETR,,94.27,43.00,484,482,,,EA,ORB
STARLINK-32390,2024-191K,61630,PAY,+,US,2024-10-23,AFETR,,94.27,43.00,484,482,,,EA,ORB
STARLINK-32348,2024-191L,61631,PAY,+,US,2024-10-23,AFETR,,94.27,43.00,484,482,,,EA,ORB
STARLINK-32455,2024-191M,61632,PAY,+,US,2024-10-23,AFETR,,94.27,43.00,484,482,,,EA,ORB
STARLINK-32396,2024-191N,61633,PAY,+,US,2024-10-23,AFETR,,94.27,43.01,484,482,,,EA,ORB
STARLINK-32355,2024-191P,61634,PAY,+,US,2024-10-23,AFETR,,94.27,43.00,484,482,,,EA,ORB
STARLINK-32370,2024-191Q,61635,PAY,+,US,2024-10-23,AFETR,,94.27,43.00,484,482,,,EA,ORB
STARLINK-32405,2024-191R,61636,PAY,+,US,2024-10-23,AFETR,,94.27,43.00,483,483,,,EA,ORB
STARLINK-32419,2024-191S,61637,PAY,+,US,2024-10-23,AFETR,,94.27,43.00,484,482,,,EA,ORB
STARLINK-32320,2024-191T,61638,PAY,+,US,2024-10-23,AFETR,,94.27,43.00,484,482,,,EA,ORB
STARLINK-32341,2024-191U,61639,PAY,+,US,2024-10-23,AFETR,,94.27,43.00,484,482,,,EA,ORB
STARLINK-32339,2024-191V,61640,PAY,+,US,2024-10-23,AFETR,,94.27,43.00,484,482,,,EA,ORB
STARLINK-32327,2024-191W,61641,PAY,+,US,2024-10-23,AFETR,,94.27,43.00,484,482,,,EA,ORB
STARLINK-32264,2024-191X,61642,PAY,P,US,2024-10-23,AFETR,,91.60,42.98,370,336,,,EA,ORB
STARLINK-32337,2024-191Y,61643,PAY,+,US,2024-10-23,AFETR,,94.27,43.00,484,482,,,EA,ORB
USA 421,2024-192A,61644,PAY,+,US,2024-10-24,AFWTR,,96.21,70.03,579,575,,NEA,EA,ORB
USA 422,2024-192B,61645,PAY,+,US,2024-10-24,AFWTR,,96.21,70.03,579,575,,NEA,EA,ORB
USA 423,2024-192C,61646,PAY,+,US,2024-10-24,AFWTR,,96.21,70.03,579,575,,NEA,EA,ORB
USA 424,2024-192D,61647,PAY,+,US,2024-10-24,AFWTR,,96.21,70.03,579,575,,NEA,EA,ORB
USA 425,2024-192E,61648,PAY,+,US,2024-10-24,AFWTR,,96.21,70.03,579,575,,NEA,EA,ORB
USA 426,2024-192F,61649,PAY,+,US,2024-10-24,AFWTR,,96.21,70.03,579,575,,NEA,EA,ORB
USA 427,2024-192G,61650,PAY,+,US,2024-10-24,AFWTR,,96.21,70.03,579,575,,NEA,EA,ORB
USA 428,2024-192H,61651,PAY,+,US,2024-10-24,AFWTR,,96.21,70.03,579,575,,NEA,EA,ORB
USA 429,2024-192J,61652,PAY,+,US,2024-10-24,AFWTR,,96.21,70.03,579,575,,NEA,EA,ORB
USA 430,2024-192K,61653,PAY,+,US,2024-10-24,AFWTR,,96.21,70.03,579,575,,NEA,EA,ORB
USA 431,2024-192L,61654,PAY,+,US,2024-10-24,AFWTR,,96.21,70.03,579,575,,NEA,EA,ORB
USA 432,2024-192M,61655,PAY,+,US,2024-10-24,AFWTR,,96.21,70.03,579,575,,NEA,EA,ORB
USA 433,2024-192N,61656,PAY,+,US,2024-10-24,AFWTR,,96.21,70.03,579,575,,NEA,EA,ORB
USA 434,2024-192P,61657,PAY,+,US,2024-10-24,AFWTR,,96.21,70.03,579,575,,NEA,EA,ORB
USA 435,2024-192Q,61658,PAY,+,US,2024-10-24,AFWTR,,96.21,70.03,579,575,,NEA,EA,ORB
USA 436,2024-192R,61659,PAY,+,US,2024-10-24,AFWTR,,96.21,70.03,579,575,,NEA,EA,ORB
USA 437,2024-192S,61660,PAY,+,US,2024-10-24,AFWTR,,96.21,70.03,579,575,,NEA,EA,ORB
STARLINK-32238,2024-193A,61661,PAY,+,US,2024-10-26,AFETR,,94.11,53.16,476,474,,,EA,ORB
STARLINK-32310,2024-193B,61662,PAY,+,US,2024-10-26,AFETR,,94.01,53.16,472,470,,,EA,ORB
STARLINK-32308,2024-193C,61663,PAY,+,US,2024-10-26,AFETR,,93.85,53.16,464,462,,,EA,ORB
STARLINK-32301,2024-193D,61664,PAY,+,US,2024-10-26,AFETR,,94.01,53.16,473,468,,,EA,ORB
STARLINK-32439,2024-193E,61665,PAY,+,US,2024-10-26,AFETR,,93.89,53.16,466,464,,,EA,ORB
STARLINK-32428,2024-193F,61666,PAY,+,US,2024-10-26,AFETR,,94.01,53.16,472,470,,,EA,ORB
STARLINK-32414,2024-193G,61667,PAY,+,US,2024-10-26,AFETR,,94.09,53.16,477,473,,,EA,ORB
STARLINK-32441,2024-193H,61668,PAY,+,US,2024-10-26,AFETR,,94.10,53.16,476,473,,,EA,ORB
STARLINK-32400,2024-193J,61669,PAY,+,US,2024-10-26,AFETR,,93.85,53.16,464,462,,,EA,ORB
STARLINK-32449,2024-193K,61670,PAY,+,US,2024-10-26,AFETR,,94.01,53.16,472,470,,,EA,ORB
STARLINK-32453,2024-193L,61671,PAY,+,US,2024-10-26,AFETR,,94.01,53.16,472,470,,,EA,ORB
STARLINK-32443,2024-193M,61672,PAY,+,US,2024-10-26,AFETR,,94.01,53.16,472,470,,,EA,ORB
STARLINK-32417,2024-193N,61673,PAY,+,US,2024-10-26,AFETR,,94.01,53.16,472,470,,,EA,ORB
STARLINK-32326,2024-193P,61674,PAY,+,US,2024-10-26,AFETR,,94.02,53.16,472,470,,,EA,ORB
STARLINK-32294,2024-193Q,61675,PAY,+,US,2024-10-26,AFETR,,94.01,53.16,472,470,,,EA,ORB
STARLINK-32309,2024-193R,61676,PAY,+,US,2024-10-26,AFETR,,93.85,53.16,464,462,,,EA,ORB
STARLINK-32323,2024-193S,61677,PAY,+,US,2024-10-26,AFETR,,93.85,53.16,464,462,,,EA,ORB
STARLINK-32363,2024-193T,61678,PAY,+,US,2024-10-26,AFETR,,93.85,53.16,464,462,,,EA,ORB
STARLINK-32395,2024-193U,61679,PAY,+,US,2024-10-26,AFETR,,93.85,53.16,463,462,,,EA,ORB
STARLINK-32412,2024-193V,61680,PAY,+,US,2024-10-26,AFETR,,94.01,53.16,472,470,,,EA,ORB
STARLINK-32426,2024-193W,61681,PAY,+,US,2024-10-26,AFETR,,94.11,53.16,476,474,,,EA,ORB
STARLINK-32429,2024-193X,61682,PAY,+,US,2024-10-26,AFETR,,94.01,53.16,471,470,,,EA,ORB
SHENZHOU-19 (SZ-19),2024-194A,61683,PAY,D,PRC,2024-10-29,JSC,2025-04-30,92.19,41.46,384,380,,,EA,LAN
CZ-2F DEB,2024-194B,61684,DEB,D,PRC,2024-10-29,JSC,2024-12-21,91.82,41.32,538,190,,,EA,IMP
CZ-2F DEB,2024-194C,61685,DEB,D,PRC,2024-10-29,JSC,2024-11-02,89.65,41.56,347,167,,,EA,IMP
CZ-2F R/B,2024-194D,61686,R/B,D,PRC,2024-10-29,JSC,2024-11-08,88.00,41.46,199,152,,,EA,IMP
STARLINK-11335 [DTC],2024-195A,61687,PAY,+,US,2024-10-30,AFWTR,,91.74,53.16,360,359,,,EA,ORB
STARLINK-11344 [DTC],2024-195B,61688,PAY,+,US,2024-10-30,AFWTR,,91.74,53.16,361,359,,,EA,ORB
STARLINK-11312 [DTC],2024-195C,61689,PAY,+,US,2024-10-30,AFWTR,,91.74,53.16,361,359,,,EA,ORB
STARLINK-11340 [DTC],2024-195D,61690,PAY,+,US,2024-10-30,AFWTR,,91.74,53.16,361,359,,,EA,ORB
STARLINK-11339 [DTC],2024-195E,61691,PAY,+,US,2024-10-30,AFWTR,,91.74,53.16,360,359,,,EA,ORB
STARLINK-11315 [DTC],2024-195F,61692,PAY,+,US,2024-10-30,AFWTR,,91.74,53.16,361,359,,,EA,ORB
STARLINK-11366 [DTC],2024-195G,61693,PAY,+,US,2024-10-30,AFWTR,,91.74,53.16,360,359,,,EA,ORB
STARLINK-11348 [DTC],2024-195H,61694,PAY,+,US,2024-10-30,AFWTR,,91.74,53.16,360,359,,,EA,ORB
STARLINK-11327 [DTC],2024-195J,61695,PAY,+,US,2024-10-30,AFWTR,,91.74,53.16,361,359,,,EA,ORB
STARLINK-11341 [DTC],2024-195K,61696,PAY,+,US,2024-10-30,AFWTR,,91.74,53.16,360,359,,,EA,ORB
STARLINK-11346 [DTC],2024-195L,61697,PAY,+,US,2024-10-30,AFWTR,,91.74,53.16,360,359,,,EA,ORB
STARLINK-11336 [DTC],2024-195M,61698,PAY,D,US,2024-10-30,AFWTR,2025-12-11,88.38,53.14,200,189,,,EA,IMP
STARLINK-11296 [DTC],2024-195N,61699,PAY,+,US,2024-10-30,AFWTR,,91.74,53.16,360,359,,,EA,ORB
STARLINK-32349,2024-195P,61700,PAY,+,US,2024-10-30,AFWTR,,93.85,53.16,464,462,,,EA,ORB
STARLINK-32461,2024-195Q,61701,PAY,+,US,2024-10-30,AFWTR,,93.85,53.16,464,462,,,EA,ORB
STARLINK-32299,2024-195R,61702,PAY,+,US,2024-10-30,AFWTR,,93.85,53.16,464,462,,,EA,ORB
STARLINK-32335,2024-195S,61703,PAY,D,US,2024-10-30,AFWTR,2026-05-23,88.36,53.12,197,190,,,EA,IMP
STARLINK-32387,2024-195T,61704,PAY,+,US,2024-10-30,AFWTR,,93.85,53.16,464,462,,,EA,ORB
STARLINK-32515,2024-195U,61705,PAY,+,US,2024-10-30,AFWTR,,93.85,53.16,464,462,,,EA,ORB
STARLINK-32533,2024-195V,61706,PAY,+,US,2024-10-30,AFWTR,,93.85,53.16,464,462,,,EA,ORB
STARLINK-32376,2024-196A,61707,PAY,+,US,2024-10-30,AFETR,,93.85,53.16,464,462,,,EA,ORB
STARLINK-32402,2024-196B,61708,PAY,+,US,2024-10-30,AFETR,,93.85,53.16,463,462,,,EA,ORB
STARLINK-32314,2024-196C,61709,PAY,+,US,2024-10-30,AFETR,,93.85,53.16,464,462,,,EA,ORB
STARLINK-32404,2024-196D,61710,PAY,+,US,2024-10-30,AFETR,,93.85,53.16,464,462,,,EA,ORB
STARLINK-32312,2024-196E,61711,PAY,+,US,2024-10-30,AFETR,,93.85,53.16,463,462,,,EA,ORB
STARLINK-32343,2024-196F,61712,PAY,+,US,2024-10-30,AFETR,,93.85,53.16,464,462,,,EA,ORB
STARLINK-32467,2024-196G,61713,PAY,+,US,2024-10-30,AFETR,,93.85,53.16,464,462,,,EA,ORB
STARLINK-32440,2024-196H,61714,PAY,+,US,2024-10-30,AFETR,,93.85,53.16,463,462,,,EA,ORB
STARLINK-32459,2024-196J,61715,PAY,+,US,2024-10-30,AFETR,,93.85,53.16,464,462,,,EA,ORB
STARLINK-32465,2024-196K,61716,PAY,+,US,2024-10-30,AFETR,,93.85,53.16,464,462,,,EA,ORB
STARLINK-32457,2024-196L,61717,PAY,+,US,2024-10-30,AFETR,,93.85,53.16,464,462,,,EA,ORB
STARLINK-32591,2024-196M,61718,PAY,+,US,2024-10-30,AFETR,,93.85,53.16,464,462,,,EA,ORB
STARLINK-32344,2024-196N,61719,PAY,+,US,2024-10-30,AFETR,,93.85,53.16,464,462,,,EA,ORB
STARLINK-32322,2024-196P,61720,PAY,+,US,2024-10-30,AFETR,,93.85,53.16,464,462,,,EA,ORB
STARLINK-32469,2024-196Q,61721,PAY,+,US,2024-10-30,AFETR,,93.85,53.16,464,462,,,EA,ORB
STARLINK-32438,2024-196R,61722,PAY,+,US,2024-10-30,AFETR,,93.85,53.16,464,462,,,EA,ORB
STARLINK-32540,2024-196S,61723,PAY,+,US,2024-10-30,AFETR,,93.85,53.16,463,462,,,EA,ORB
STARLINK-32528,2024-196T,61724,PAY,+,US,2024-10-30,AFETR,,93.85,53.16,464,462,,,EA,ORB
STARLINK-32573,2024-196U,61725,PAY,+,US,2024-10-30,AFETR,,93.85,53.16,464,462,,,EA,ORB
STARLINK-32478,2024-196V,61726,PAY,+,US,2024-10-30,AFETR,,93.85,53.16,464,462,,,EA,ORB
STARLINK-32511,2024-196W,61727,PAY,+,US,2024-10-30,AFETR,,93.85,53.16,464,462,,,EA,ORB
STARLINK-32475,2024-196X,61728,PAY,+,US,2024-10-30,AFETR,,93.85,53.16,463,462,,,EA,ORB
STARLINK-32442,2024-196Y,61729,PAY,+,US,2024-10-30,AFETR,,93.85,53.16,464,462,,,EA,ORB
COSMOS 2579,2024-197A,61730,PAY,+,CIS,2024-10-31,PLMSC,,94.41,97.56,492,488,,,EA,ORB
SL-4 R/B,2024-197B,61731,R/B,D,CIS,2024-10-31,PLMSC,2025-04-16,87.38,97.53,152,137,,,EA,IMP
FALCON 9 R/B,2024-180B,61732,R/B,,US,2024-10-07,AFETR,,,,,,,,SU,ORB
DSN-3 (KIRAMEKI-3),2024-198A,61733,PAY,+,JPN,2024-11-04,TANSC,,1436.09,0.04,35793,35780,,,EA,ORB
H-3 R/B,2024-198B,61734,R/B,D,JPN,2024-11-04,TANSC,2025-03-22,351.12,24.32,20120,97,,,EA,IMP
IONOSFERA-M 1,2024-199A,61735,PAY,+,CIS,2024-11-04,VOSTO,,101.21,98.71,817,815,,,EA,ORB
IONOSFERA-M 2,2024-199B,61736,PAY,+,CIS,2024-11-04,VOSTO,,101.21,98.71,817,815,,,EA,ORB
SITRO-AIS 16,2024-199C,61737,PAY,+,CIS,2024-11-04,VOSTO,,96.14,97.32,578,569,,,EA,ORB
SITRO-AIS 15,2024-199D,61738,PAY,+,CIS,2024-11-04,VOSTO,,96.14,97.32,578,569,,,EA,ORB
SITRO-AIS 21,2024-199E,61739,PAY,+,CIS,2024-11-04,VOSTO,,96.30,97.32,589,573,,,EA,ORB
SITRO-AIS 22,2024-199F,61740,PAY,+,CIS,2024-11-04,VOSTO,,96.25,97.32,587,571,,,EA,ORB
SITRO-AIS 24,2024-199G,61741,PAY,+,CIS,2024-11-04,VOSTO,,96.23,97.32,586,570,,,EA,ORB
SITRO-AIS 23,2024-199H,61742,PAY,+,CIS,2024-11-04,VOSTO,,96.24,97.32,587,571,,,EA,ORB
SITRO-AIS 13,2024-199J,61743,PAY,+,CIS,2024-11-04,VOSTO,,96.12,97.32,576,569,,,EA,ORB
OBJECT K,2024-199K,61744,PAY,+,TBD,2024-11-04,VOSTO,,92.57,97.28,406,395,,,EA,ORB
POLYTECH UNIVERSE-5,2024-199L,61745,PAY,+,CIS,2024-11-04,VOSTO,,91.76,97.28,365,357,,,EA,ORB
COLIBRI-S (RS67S),2024-199M,61746,PAY,+,CIS,2024-11-04,VOSTO,,92.89,97.29,422,409,,,EA,ORB
POLYTECH UNIVERSE-4,2024-199N,61747,PAY,+,CIS,2024-11-04,VOSTO,,93.04,97.29,430,417,,,EA,ORB
SITRO-AIS 44,2024-199P,61748,PAY,+,CIS,2024-11-04,VOSTO,,91.02,97.27,328,322,,,EA,ORB
VIZARD-ION (RS68S),2024-199Q,61749,PAY,+,CIS,2024-11-04,VOSTO,,92.33,97.29,393,384,,,EA,ORB
OBJECT R,2024-199R,61750,PAY,+,TBD,2024-11-04,VOSTO,,92.31,97.28,393,383,,,EA,ORB
OBJECT S,2024-199S,61751,PAY,+,TBD,2024-11-04,VOSTO,,93.64,97.29,460,445,,,EA,ORB
SITRO-AIS 14,2024-199T,61752,PAY,+,CIS,2024-11-04,VOSTO,,96.13,97.32,577,569,,,EA,ORB
HORS 3 (RS81S),2024-199U,61753,PAY,+,CIS,2024-11-04,VOSTO,,92.34,97.29,394,384,,,EA,ORB
HORS 4 (RS82S),2024-199V,61754,PAY,+,CIS,2024-11-04,VOSTO,,91.94,97.28,374,366,,,EA,ORB
SITRO-AIS 43,2024-199W,61755,PAY,+,CIS,2024-11-04,VOSTO,,90.93,97.27,323,318,,,EA,ORB
SITRO-AIS 42,2024-199X,61756,PAY,+,CIS,2024-11-04,VOSTO,,91.12,97.27,334,325,,,EA,ORB
HORIZON (RS59S),2024-199Y,61757,PAY,D,CIS,2024-11-04,VOSTO,2026-05-16,87.75,97.26,169,157,,,EA,IMP
SITRO-AIS 20,2024-199Z,61758,PAY,+,CIS,2024-11-04,VOSTO,,96.11,97.32,576,569,,,EA,ORB
SITRO-AIS 19,2024-199AA,61759,PAY,+,CIS,2024-11-04,VOSTO,,96.12,97.32,576,569,,,EA,ORB
SITRO-AIS 41,2024-199AB,61760,PAY,+,CIS,2024-11-04,VOSTO,,91.11,97.28,331,326,,,EA,ORB
OBJECT AC,2024-199AC,61761,PAY,+,TBD,2024-11-04,VOSTO,,92.17,97.28,385,377,,,EA,ORB
ARCTICSAT 1 (RS74S),2024-199AD,61762,PAY,D,CIS,2024-11-04,VOSTO,2026-06-14,87.42,97.27,153,140,,,EA,IMP
SIT-HSE,2024-199AE,61763,PAY,+,CIS,2024-11-04,VOSTO,,92.48,97.29,400,392,,,EA,ORB
SIT-2086,2024-199AF,61764,PAY,+,CIS,2024-11-04,VOSTO,,92.45,97.28,399,390,,,EA,ORB
MORDOVIA-IOT (RS50S),2024-199AG,61765,PAY,D,CIS,2024-11-04,VOSTO,2026-02-05,87.48,97.27,155,144,,,EA,IMP
RUZAEVKA 390 (RS44S),2024-199AH,61766,PAY,D,CIS,2024-11-04,VOSTO,2026-03-10,87.68,97.26,165,155,,,EA,IMP
NOKHCHO,2024-199AJ,61767,PAY,D,CIS,2024-11-04,VOSTO,2025-12-29,87.97,97.27,177,171,,,EA,IMP
OBJECT AK,2024-199AK,61768,PAY,+,TBD,2024-11-04,VOSTO,,92.76,97.29,414,405,,,EA,ORB
KOSAR,2024-199AL,61769,PAY,+,IRAN,2024-11-04,VOSTO,,92.42,97.28,397,389,,,EA,ORB
OBJECT AM,2024-199AM,61770,PAY,D,TBD,2024-11-04,VOSTO,2025-03-16,88.27,97.32,193,184,,,EA,IMP
SITRO-AIS 48,2024-199AN,61771,PAY,+,CIS,2024-11-04,VOSTO,,92.05,97.28,381,370,,,EA,ORB
HYPERVIEW 1G (RS66S),2024-199AP,61772,PAY,D,CIS,2024-11-04,VOSTO,2026-08-18,87.88,97.24,175,164,,,EA,IMP
SITRO-AIS 47,2024-199AQ,61773,PAY,+,CIS,2024-11-04,VOSTO,,91.99,97.28,377,367,,,EA,ORB
SITRO-AIS 46,2024-199AR,61774,PAY,+,CIS,2024-11-04,VOSTO,,91.84,97.28,369,360,,,EA,ORB
OBJECT AS,2024-199AS,61775,PAY,+,TBD,2024-11-04,VOSTO,,93.13,97.29,438,417,,,EA,ORB
SITRO-AIS 40,2024-199AT,61776,PAY,+,CIS,2024-11-04,VOSTO,,91.81,97.28,368,359,,,EA,ORB
OBJECT AU,2024-199AU,61777,PAY,+,TBD,2024-11-04,VOSTO,,93.04,97.29,434,413,,,EA,ORB
SITRO-AIS 39,2024-199AV,61778,PAY,+,CIS,2024-11-04,VOSTO,,92.06,97.28,380,371,,,EA,ORB
ALTAIR (RS65S),2024-199AW,61779,PAY,+,CIS,2024-11-04,VOSTO,,93.62,97.29,461,442,,,EA,ORB
SITRO-AIS 37,2024-199AX,61780,PAY,+,CIS,2024-11-04,VOSTO,,91.96,97.28,376,366,,,EA,ORB
ASRTU-1 (AO-123),2024-199AY,61781,PAY,+,PRC,2024-11-04,VOSTO,,93.72,97.29,467,446,,,EA,ORB
TUSUR GO (RS78S),2024-199AZ,61782,PAY,D,CIS,2024-11-04,VOSTO,2026-05-07,87.47,97.27,156,143,,,EA,IMP
ZIMSAT-2,2024-199BA,61783,PAY,D,ZWE,2024-11-04,VOSTO,2026-01-20,88.03,97.28,178,176,,,EA,IMP
SAMSAT-IONOSPHERE (RS75S),2024-199BB,61784,PAY,+,CIS,2024-11-04,VOSTO,,92.09,97.28,383,371,,,EA,ORB
RTU MIREA 1 (RS51S),2024-199BC,61785,PAY,+,CIS,2024-11-04,VOSTO,,91.77,97.28,367,356,,,EA,ORB
SITRO-AIS 38,2024-199BD,61786,PAY,+,CIS,2024-11-04,VOSTO,,92.76,97.28,416,403,,,EA,ORB
OBJECT BE,2024-199BE,61787,PAY,+,TBD,2024-11-04,VOSTO,,93.66,97.29,464,443,,,EA,ORB
SITRO-AIS 45,2024-199BF,61788,PAY,+,CIS,2024-11-04,VOSTO,,92.04,97.28,379,369,,,EA,ORB
SITRO-AIS 17,2024-199BG,61789,PAY,+,CIS,2024-11-04,VOSTO,,96.11,97.32,576,568,,,EA,ORB
SITRO-AIS 18,2024-199BH,61790,PAY,+,CIS,2024-11-04,VOSTO,,96.12,97.32,576,569,,,EA,ORB
DRAGON CRS-31,2024-200A,61791,PAY,D,US,2024-11-05,AFETR,2024-12-17,92.87,51.64,420,410,,,EA,LAN
ELECTRON KICK STAGE R/B,2024-201A,61792,R/B,D,US,2024-11-05,RLLB,2024-11-30,88.19,97.89,221,149,,,EA,IMP
PROTOSAT-1,2024-201B,61793,PAY,D,RWA,2024-11-05,RLLB,2026-02-23,94.27,43.00,484,482,,,EA,IMP
ELECTRON R/B,2024-201C,61794,R/B,D,US,2024-11-05,RLLB,2024-11-23,87.65,97.86,183,134,,,EA,IMP
CZ-6A DEB,2024-140ABK,61795,DEB,D,PRC,2024-08-06,TAISC,2025-03-20,91.57,89.28,362,342,,,EA,IMP
CZ-6A DEB,2024-140ABL,61796,DEB,,PRC,2024-08-06,TAISC,,101.85,88.80,900,792,,,EA,ORB
CZ-6A DEB,2024-140ABM,61797,DEB,D,PRC,2024-08-06,TAISC,2025-07-12,95.34,89.16,575,495,,,EA,IMP
CZ-6A DEB,2024-140ABN,61798,DEB,,PRC,2024-08-06,TAISC,,95.82,89.35,602,514,,,EA,ORB
CZ-6A DEB,2024-140ABP,61799,DEB,,PRC,2024-08-06,TAISC,,104.70,88.22,1204,757,,,EA,ORB
CZ-6A DEB,2024-140ABQ,61800,DEB,D,PRC,2024-08-06,TAISC,2025-10-07,91.50,88.91,370,326,,,EA,IMP
CZ-6A DEB,2024-140ABR,61801,DEB,,PRC,2024-08-06,TAISC,,99.75,88.45,833,660,,,EA,ORB
CZ-6A DEB,2024-140ABS,61802,DEB,D,PRC,2024-08-06,TAISC,2025-01-05,92.06,89.27,405,346,,,EA,IMP
CZ-6A DEB,2024-140ABT,61803,DEB,,PRC,2024-08-06,TAISC,,101.69,88.98,886,792,,,EA,ORB
CZ-6A DEB,2024-140ABU,61804,DEB,,PRC,2024-08-06,TAISC,,100.76,89.09,841,749,,,EA,ORB
CZ-6A DEB,2024-140ABV,61805,DEB,D,PRC,2024-08-06,TAISC,2026-05-07,90.80,88.70,335,293,,,EA,IMP
CZ-6A DEB,2024-140ABW,61806,DEB,,PRC,2024-08-06,TAISC,,105.20,88.49,1230,778,,,EA,ORB
CZ-6A DEB,2024-140ABX,61807,DEB,,PRC,2024-08-06,TAISC,,101.15,88.98,837,789,,,EA,ORB
CZ-6A DEB,2024-140ABY,61808,DEB,D,PRC,2024-08-06,TAISC,2024-12-14,95.47,88.65,645,438,,,EA,IMP
CZ-6A DEB,2024-140ABZ,61809,DEB,,PRC,2024-08-06,TAISC,,98.00,89.00,780,546,,,EA,ORB
CZ-6A DEB,2024-140ACA,61810,DEB,,PRC,2024-08-06,TAISC,,100.96,88.99,936,672,,,EA,ORB
CZ-6A DEB,2024-140ACB,61811,DEB,,PRC,2024-08-06,TAISC,,102.07,89.04,929,785,,,EA,ORB
CZ-6A DEB,2024-140ACC,61812,DEB,,PRC,2024-08-06,TAISC,,100.68,89.38,853,729,,,EA,ORB
CZ-6A DEB,2024-140ACD,61813,DEB,,PRC,2024-08-06,TAISC,,100.65,89.15,836,743,,,EA,ORB
CZ-6A DEB,2024-140ACE,61814,DEB,,PRC,2024-08-06,TAISC,,98.70,89.48,728,665,,,EA,ORB
CZ-6A DEB,2024-140ACF,61815,DEB,,PRC,2024-08-06,TAISC,,101.51,89.03,868,793,,,EA,ORB
CZ-6A DEB,2024-140ACG,61816,DEB,,PRC,2024-08-06,TAISC,,100.63,89.15,834,743,,,EA,ORB
CZ-6A DEB,2024-140ACH,61817,DEB,,PRC,2024-08-06,TAISC,,99.88,88.72,789,716,,,EA,ORB
CZ-6A DEB,2024-140ACJ,61818,DEB,,PRC,2024-08-06,TAISC,,97.19,89.16,684,564,,,EA,ORB
CZ-6A DEB,2024-140ACK,61819,DEB,D,PRC,2024-08-06,TAISC,2025-10-03,91.37,88.95,345,338,,,EA,IMP
CZ-6A DEB,2024-140ACL,61820,DEB,D,PRC,2024-08-06,TAISC,2025-04-28,93.86,89.29,492,434,,,EA,IMP
CZ-6A DEB,2024-140ACM,61821,DEB,,PRC,2024-08-06,TAISC,,96.80,89.05,684,527,,,EA,ORB
CZ-6A DEB,2024-140ACN,61822,DEB,,PRC,2024-08-06,TAISC,,102.21,89.23,956,771,,,EA,ORB
CZ-6A DEB,2024-140ACP,61823,DEB,,PRC,2024-08-06,TAISC,,102.21,89.07,944,782,,,EA,ORB
CZ-6A DEB,2024-140ACQ,61824,DEB,,PRC,2024-08-06,TAISC,,100.14,88.91,773,757,,,EA,ORB
CZ-6A DEB,2024-140ACR,61825,DEB,,PRC,2024-08-06,TAISC,,101.03,89.00,834,780,,,EA,ORB
CZ-6A DEB,2024-140ACS,61826,DEB,,PRC,2024-08-06,TAISC,,100.73,89.04,805,782,,,EA,ORB
CZ-6A DEB,2024-140ACT,61827,DEB,,PRC,2024-08-06,TAISC,,102.05,88.85,930,781,,,EA,ORB
CZ-6A DEB,2024-140ACU,61828,DEB,,PRC,2024-08-06,TAISC,,102.29,88.97,958,776,,,EA,ORB
CZ-6A DEB,2024-140ACV,61829,DEB,,PRC,2024-08-06,TAISC,,95.67,89.21,587,515,,,EA,ORB
CZ-6A DEB,2024-140ACW,61830,DEB,D,PRC,2024-08-06,TAISC,2025-04-04,88.87,89.28,230,208,,,EA,IMP
CZ-6A DEB,2024-140ACX,61831,DEB,,PRC,2024-08-06,TAISC,,101.92,88.98,914,785,,,EA,ORB
CZ-6A DEB,2024-140ACY,61832,DEB,,PRC,2024-08-06,TAISC,,98.79,89.13,782,619,,,EA,ORB
CZ-6A DEB,2024-140ACZ,61833,DEB,,PRC,2024-08-06,TAISC,,98.31,88.85,719,637,,,EA,ORB
CZ-6A DEB,2024-140ADA,61834,DEB,,PRC,2024-08-06,TAISC,,101.39,89.00,866,783,,,EA,ORB
CZ-6A DEB,2024-140ADB,61835,DEB,,PRC,2024-08-06,TAISC,,100.78,88.99,817,773,,,EA,ORB
CZ-6A DEB,2024-140ADC,61836,DEB,,PRC,2024-08-06,TAISC,,98.45,89.06,747,622,,,EA,ORB
CZ-6A DEB,2024-140ADD,61837,DEB,,PRC,2024-08-06,TAISC,,102.00,88.84,930,777,,,EA,ORB
CZ-6A DEB,2024-140ADE,61838,DEB,,PRC,2024-08-06,TAISC,,98.05,88.95,716,614,,,EA,ORB
CZ-6A DEB,2024-140ADF,61839,DEB,,PRC,2024-08-06,TAISC,,100.14,88.92,781,750,,,EA,ORB
CZ-6A DEB,2024-140ADG,61840,DEB,,PRC,2024-08-06,TAISC,,101.68,89.05,892,785,,,EA,ORB
CZ-6A DEB,2024-140ADH,61841,DEB,,PRC,2024-08-06,TAISC,,101.04,88.97,853,763,,,EA,ORB
CZ-6A DEB,2024-140ADJ,61842,DEB,,PRC,2024-08-06,TAISC,,98.84,89.02,778,629,,,EA,ORB
CZ-6A DEB,2024-140ADK,61843,DEB,,PRC,2024-08-06,TAISC,,99.68,88.34,812,674,,,EA,ORB
CZ-6A DEB,2024-140ADL,61844,DEB,D,PRC,2024-08-06,TAISC,2025-02-16,90.44,89.24,310,282,,,EA,IMP
STARLINK-32362,2024-202A,61845,PAY,+,US,2024-11-07,AFETR,,94.27,43.01,484,483,,,EA,ORB
STARLINK-32472,2024-202B,61846,PAY,+,US,2024-11-07,AFETR,,94.27,43.00,484,482,,,EA,ORB
STARLINK-32352,2024-202C,61847,PAY,+,US,2024-11-07,AFETR,,94.27,43.00,484,482,,,EA,ORB
STARLINK-32427,2024-202D,61848,PAY,+,US,2024-11-07,AFETR,,94.27,43.00,484,482,,,EA,ORB
STARLINK-32346,2024-202E,61849,PAY,+,US,2024-11-07,AFETR,,94.27,43.00,484,482,,,EA,ORB
STARLINK-32330,2024-202F,61850,PAY,+,US,2024-11-07,AFETR,,94.27,43.00,484,482,,,EA,ORB
STARLINK-32379,2024-202G,61851,PAY,+,US,2024-11-07,AFETR,,94.27,43.00,484,482,,,EA,ORB
STARLINK-32433,2024-202H,61852,PAY,+,US,2024-11-07,AFETR,,94.27,43.01,484,482,,,EA,ORB
STARLINK-32394,2024-202J,61853,PAY,+,US,2024-11-07,AFETR,,94.27,43.01,484,482,,,EA,ORB
STARLINK-32486,2024-202K,61854,PAY,+,US,2024-11-07,AFETR,,94.27,43.00,484,482,,,EA,ORB
STARLINK-32391,2024-202L,61855,PAY,+,US,2024-11-07,AFETR,,94.27,43.00,484,482,,,EA,ORB
STARLINK-32483,2024-202M,61856,PAY,+,US,2024-11-07,AFETR,,94.27,43.01,484,482,,,EA,ORB
STARLINK-32451,2024-202N,61857,PAY,+,US,2024-11-07,AFETR,,94.27,43.00,484,482,,,EA,ORB
STARLINK-32556,2024-202P,61858,PAY,+,US,2024-11-07,AFETR,,94.27,43.01,484,482,,,EA,ORB
STARLINK-32466,2024-202Q,61859,PAY,+,US,2024-11-07,AFETR,,94.27,43.00,484,482,,,EA,ORB
STARLINK-32316,2024-202R,61860,PAY,+,US,2024-11-07,AFETR,,94.27,43.00,484,482,,,EA,ORB
STARLINK-32415,2024-202S,61861,PAY,+,US,2024-11-07,AFETR,,94.27,43.00,484,482,,,EA,ORB
STARLINK-32393,2024-202T,61862,PAY,+,US,2024-11-07,AFETR,,94.27,43.00,484,482,,,EA,ORB
STARLINK-32324,2024-202U,61863,PAY,+,US,2024-11-07,AFETR,,94.27,43.00,484,482,,,EA,ORB
STARLINK-32318,2024-202V,61864,PAY,+,US,2024-11-07,AFETR,,94.27,43.00,484,482,,,EA,ORB
STARLINK-32401,2024-202W,61865,PAY,+,US,2024-11-07,AFETR,,94.27,43.00,484,482,,,EA,ORB
STARLINK-32588,2024-202X,61866,PAY,+,US,2024-11-07,AFETR,,94.27,43.00,484,482,,,EA,ORB
STARLINK-32569,2024-202Y,61867,PAY,+,US,2024-11-07,AFETR,,94.27,43.00,484,482,,,EA,ORB
ATLAS 5 CENTAUR DEB,2024-134G,61868,DEB,,US,2024-07-30,AFETR,,1457.96,0.17,36635,35792,,NEA,EA,ORB
OBJECT A,2024-203A,61869,PAY,+,PRC,2024-11-09,JSC,,94.02,97.41,480,462,,,EA,ORB
OBJECT B,2024-203B,61870,PAY,+,PRC,2024-11-09,JSC,,94.01,97.41,479,462,,,EA,ORB
OBJECT C,2024-203C,61871,PAY,+,PRC,2024-11-09,JSC,,94.36,97.42,497,478,,,EA,ORB
OBJECT D,2024-203D,61872,PAY,+,PRC,2024-11-09,JSC,,94.23,97.42,490,473,,,EA,ORB
CZ-2C R/B,2024-203E,61873,R/B,,PRC,2024-11-09,JSC,,93.95,97.30,518,417,,,EA,ORB
STARLINK-11402 [DTC],2024-204A,61874,PAY,+,US,2024-11-09,AFWTR,,91.74,53.16,361,359,,,EA,ORB
STARLINK-11316 [DTC],2024-204B,61875,PAY,+,US,2024-11-09,AFWTR,,91.74,53.16,360,359,,,EA,ORB
STARLINK-11401 [DTC],2024-204C,61876,PAY,D,US,2024-11-09,AFWTR,2026-02-17,88.15,53.14,185,181,,,EA,IMP
STARLINK-11321 [DTC],2024-204D,61877,PAY,+,US,2024-11-09,AFWTR,,91.74,53.16,361,359,,,EA,ORB
STARLINK-11314 [DTC],2024-204E,61878,PAY,+,US,2024-11-09,AFWTR,,91.74,53.16,361,359,,,EA,ORB
STARLINK-11324 [DTC],2024-204F,61879,PAY,+,US,2024-11-09,AFWTR,,91.74,53.16,360,359,,,EA,ORB
STARLINK-11328 [DTC],2024-204G,61880,PAY,+,US,2024-11-09,AFWTR,,91.74,53.16,360,359,,,EA,ORB
STARLINK-11329 [DTC],2024-204H,61881,PAY,+,US,2024-11-09,AFWTR,,91.74,53.16,361,359,,,EA,ORB
STARLINK-11398 [DTC],2024-204J,61882,PAY,+,US,2024-11-09,AFWTR,,91.74,53.16,360,359,,,EA,ORB
STARLINK-11383 [DTC],2024-204K,61883,PAY,+,US,2024-11-09,AFWTR,,91.74,53.16,360,359,,,EA,ORB
STARLINK-11359 [DTC],2024-204L,61884,PAY,+,US,2024-11-09,AFWTR,,91.74,53.16,360,359,,,EA,ORB
STARLINK-11301 [DTC],2024-204M,61885,PAY,+,US,2024-11-09,AFWTR,,91.74,53.16,361,359,,,EA,ORB
STARLINK-11351 [DTC],2024-204N,61886,PAY,+,US,2024-11-09,AFWTR,,91.74,53.16,361,359,,,EA,ORB
STARLINK-32410,2024-204P,61887,PAY,+,US,2024-11-09,AFWTR,,93.85,53.16,464,462,,,EA,ORB
STARLINK-32377,2024-204Q,61888,PAY,+,US,2024-11-09,AFWTR,,93.85,53.16,464,462,,,EA,ORB
STARLINK-32292,2024-204R,61889,PAY,+,US,2024-11-09,AFWTR,,93.85,53.16,464,462,,,EA,ORB
STARLINK-32501,2024-204S,61890,PAY,+,US,2024-11-09,AFWTR,,93.85,53.16,464,462,,,EA,ORB
STARLINK-32383,2024-204T,61891,PAY,+,US,2024-11-09,AFWTR,,93.85,53.16,464,461,,,EA,ORB
STARLINK-32239,2024-204U,61892,PAY,+,US,2024-11-09,AFWTR,,93.85,53.16,464,462,,,EA,ORB
STARLINK-32489,2024-204V,61893,PAY,+,US,2024-11-09,AFWTR,,93.85,53.16,464,462,,,EA,ORB
OBJECT A,2024-205A,61894,PAY,+,PRC,2024-11-11,JSC,,95.20,97.41,538,518,,,EA,ORB
OBJECT B,2024-205B,61895,PAY,+,PRC,2024-11-11,JSC,,94.01,97.41,478,464,,,EA,ORB
OBJECT C,2024-205C,61896,PAY,+,PRC,2024-11-11,JSC,,95.16,97.41,562,491,,,EA,ORB
OBJECT D,2024-205D,61897,PAY,+,PRC,2024-11-11,JSC,,94.82,97.40,518,502,,,EA,ORB
OBJECT E,2024-205E,61898,PAY,+,PRC,2024-11-11,JSC,,95.25,97.41,570,492,,,EA,ORB
OBJECT F,2024-205F,61899,PAY,+,PRC,2024-11-11,JSC,,94.97,97.41,522,512,,,EA,ORB
OBJECT G,2024-205G,61900,PAY,+,PRC,2024-11-11,JSC,,95.27,97.41,543,520,,,EA,ORB
OBJECT H,2024-205H,61901,PAY,+,PRC,2024-11-11,JSC,,93.92,97.41,473,459,,,EA,ORB
OBJECT J,2024-205J,61902,PAY,+,PRC,2024-11-11,JSC,,95.18,97.41,535,520,,,EA,ORB
OBJECT K,2024-205K,61903,PAY,+,PRC,2024-11-11,JSC,,93.98,97.41,476,462,,,EA,ORB
OBJECT L,2024-205L,61904,PAY,+,PRC,2024-11-11,JSC,,95.45,97.41,587,493,,,EA,ORB
OBJECT M,2024-205M,61905,PAY,+,PRC,2024-11-11,JSC,,94.02,97.38,477,465,,,EA,ORB
OBJECT N,2024-205N,61906,PAY,+,PRC,2024-11-11,JSC,,93.48,97.41,451,439,,,EA,ORB
OBJECT P,2024-205P,61907,PAY,+,PRC,2024-11-11,JSC,,94.89,97.41,521,505,,,EA,ORB
OBJECT Q,2024-205Q,61908,PAY,+,PRC,2024-11-11,JSC,,94.87,97.41,520,504,,,EA,ORB
LIJIAN-1 R/B,2024-205R,61909,R/B,D,PRC,2024-11-11,JSC,2025-04-19,87.35,97.41,151,136,,,EA,IMP
KOREASAT 6A,2024-206A,61910,PAY,+,SKOR,2024-11-11,AFETR,,1436.09,0.03,35791,35782,,,EA,ORB
FALCON 9 R/B,2024-206B,61911,R/B,,US,2024-11-11,AFETR,,568.75,27.08,32540,182,,,EA,ORB
STARLINK-32303,2024-207A,61912,PAY,+,US,2024-11-11,AFETR,,94.27,43.00,484,482,,,EA,ORB
STARLINK-32434,2024-207B,61913,PAY,+,US,2024-11-11,AFETR,,94.27,43.00,484,482,,,EA,ORB
STARLINK-32460,2024-207C,61914,PAY,+,US,2024-11-11,AFETR,,94.27,43.00,484,482,,,EA,ORB
STARLINK-32559,2024-207D,61915,PAY,+,US,2024-11-11,AFETR,,90.66,43.00,309,305,,,EA,ORB
STARLINK-32541,2024-207E,61916,PAY,+,US,2024-11-11,AFETR,,94.27,43.00,484,482,,,EA,ORB
STARLINK-32544,2024-207F,61917,PAY,+,US,2024-11-11,AFETR,,94.27,43.00,484,482,,,EA,ORB
STARLINK-32555,2024-207G,61918,PAY,+,US,2024-11-11,AFETR,,94.27,43.00,484,482,,,EA,ORB
STARLINK-32547,2024-207H,61919,PAY,+,US,2024-11-11,AFETR,,94.27,43.00,484,482,,,EA,ORB
STARLINK-32616,2024-207J,61920,PAY,+,US,2024-11-11,AFETR,,94.27,43.00,484,482,,,EA,ORB
STARLINK-32605,2024-207K,61921,PAY,+,US,2024-11-11,AFETR,,94.26,43.00,484,482,,,EA,ORB
STARLINK-32579,2024-207L,61922,PAY,+,US,2024-11-11,AFETR,,94.27,43.00,483,483,,,EA,ORB
STARLINK-32537,2024-207M,61923,PAY,+,US,2024-11-11,AFETR,,94.27,43.00,484,482,,,EA,ORB
STARLINK-32564,2024-207N,61924,PAY,+,US,2024-11-11,AFETR,,94.27,43.00,484,482,,,EA,ORB
STARLINK-32536,2024-207P,61925,PAY,+,US,2024-11-11,AFETR,,94.27,43.00,484,482,,,EA,ORB
STARLINK-32624,2024-207Q,61926,PAY,+,US,2024-11-11,AFETR,,94.27,43.00,484,482,,,EA,ORB
STARLINK-32622,2024-207R,61927,PAY,+,US,2024-11-11,AFETR,,94.27,43.01,485,481,,,EA,ORB
STARLINK-32620,2024-207S,61928,PAY,+,US,2024-11-11,AFETR,,94.27,43.00,484,482,,,EA,ORB
STARLINK-32609,2024-207T,61929,PAY,+,US,2024-11-11,AFETR,,94.27,43.00,484,482,,,EA,ORB
STARLINK-32567,2024-207U,61930,PAY,+,US,2024-11-11,AFETR,,94.27,43.00,486,480,,,EA,ORB
STARLINK-32420,2024-207V,61931,PAY,+,US,2024-11-11,AFETR,,94.27,43.00,484,482,,,EA,ORB
STARLINK-32354,2024-207W,61932,PAY,+,US,2024-11-11,AFETR,,94.27,43.00,484,482,,,EA,ORB
STARLINK-32361,2024-207X,61933,PAY,+,US,2024-11-11,AFETR,,94.27,43.00,484,482,,,EA,ORB
STARLINK-32563,2024-207Y,61934,PAY,D,US,2024-11-11,AFETR,2025-06-02,89.38,42.98,258,230,,,EA,IMP
STARLINK-32500,2024-207Z,61935,PAY,+,US,2024-11-11,AFETR,,94.27,43.00,485,481,,,EA,ORB
HAIYANG-4 01,2024-208A,61936,PAY,+,PRC,2024-11-13,TAISC,,97.74,98.01,651,650,,,EA,ORB
OBJECT B,2024-208B,61937,UNK,,PRC,2024-11-13,TAISC,,96.93,97.99,641,582,,,EA,ORB
CZ-4B R/B,2024-208C,61938,R/B,,PRC,2024-11-13,TAISC,,94.13,97.94,559,393,,,EA,ORB
STARLINK-11407 [DTC],2024-209A,61939,PAY,+,US,2024-11-14,AFWTR,,91.73,53.16,360,359,,,EA,ORB
STARLINK-11337 [DTC],2024-209B,61940,PAY,+,US,2024-11-14,AFWTR,,91.73,53.16,360,359,,,EA,ORB
STARLINK-11353 [DTC],2024-209C,61941,PAY,+,US,2024-11-14,AFWTR,,91.73,53.16,361,359,,,EA,ORB
STARLINK-11320 [DTC],2024-209D,61942,PAY,+,US,2024-11-14,AFWTR,,91.73,53.16,361,358,,,EA,ORB
STARLINK-11425 [DTC],2024-209E,61943,PAY,+,US,2024-11-14,AFWTR,,91.73,53.16,360,359,,,EA,ORB
STARLINK-11422 [DTC],2024-209F,61944,PAY,+,US,2024-11-14,AFWTR,,91.73,53.16,360,359,,,EA,ORB
STARLINK-11421 [DTC],2024-209G,61945,PAY,+,US,2024-11-14,AFWTR,,91.73,53.16,360,358,,,EA,ORB
STARLINK-11410 [DTC],2024-209H,61946,PAY,+,US,2024-11-14,AFWTR,,91.74,53.16,361,358,,,EA,ORB
STARLINK-11390 [DTC],2024-209J,61947,PAY,+,US,2024-11-14,AFWTR,,91.73,53.16,360,359,,,EA,ORB
STARLINK-11414 [DTC],2024-209K,61948,PAY,+,US,2024-11-14,AFWTR,,91.74,53.16,361,359,,,EA,ORB
STARLINK-11424 [DTC],2024-209L,61949,PAY,+,US,2024-11-14,AFWTR,,91.73,53.16,361,358,,,EA,ORB
STARLINK-11423 [DTC],2024-209M,61950,PAY,+,US,2024-11-14,AFWTR,,91.73,53.16,361,359,,,EA,ORB
STARLINK-11395 [DTC],2024-209N,61951,PAY,+,US,2024-11-14,AFWTR,,91.73,53.16,361,359,,,EA,ORB
STARLINK-32572,2024-209P,61952,PAY,+,US,2024-11-14,AFWTR,,93.85,53.16,464,462,,,EA,ORB
STARLINK-32585,2024-209Q,61953,PAY,+,US,2024-11-14,AFWTR,,93.85,53.16,464,462,,,EA,ORB
STARLINK-32574,2024-209R,61954,PAY,+,US,2024-11-14,AFWTR,,93.85,53.16,464,462,,,EA,ORB
STARLINK-32583,2024-209S,61955,PAY,+,US,2024-11-14,AFWTR,,93.85,53.16,463,462,,,EA,ORB
STARLINK-32273,2024-209T,61956,PAY,+,US,2024-11-14,AFWTR,,93.85,53.16,463,462,,,EA,ORB
STARLINK-32359,2024-209U,61957,PAY,+,US,2024-11-14,AFWTR,,93.85,53.16,464,462,,,EA,ORB
STARLINK-32566,2024-209V,61958,PAY,+,US,2024-11-14,AFWTR,,93.85,53.16,464,462,,,EA,ORB
STARLINK-32499,2024-210A,61959,PAY,+,US,2024-11-14,AFETR,,94.27,43.01,484,482,,,EA,ORB
STARLINK-32372,2024-210B,61960,PAY,+,US,2024-11-14,AFETR,,94.27,43.01,484,482,,,EA,ORB
STARLINK-32452,2024-210C,61961,PAY,+,US,2024-11-14,AFETR,,94.27,43.00,484,483,,,EA,ORB
STARLINK-32458,2024-210D,61962,PAY,+,US,2024-11-14,AFETR,,94.27,43.00,484,482,,,EA,ORB
STARLINK-32487,2024-210E,61963,PAY,+,US,2024-11-14,AFETR,,94.27,43.00,484,482,,,EA,ORB
STARLINK-32513,2024-210F,61964,PAY,+,US,2024-11-14,AFETR,,94.27,43.00,484,482,,,EA,ORB
STARLINK-32514,2024-210G,61965,PAY,+,US,2024-11-14,AFETR,,94.27,43.00,484,482,,,EA,ORB
STARLINK-32498,2024-210H,61966,PAY,+,US,2024-11-14,AFETR,,94.27,43.00,484,482,,,EA,ORB
STARLINK-32518,2024-210J,61967,PAY,+,US,2024-11-14,AFETR,,94.27,43.00,484,482,,,EA,ORB
STARLINK-32471,2024-210K,61968,PAY,+,US,2024-11-14,AFETR,,94.27,43.00,484,482,,,EA,ORB
STARLINK-32450,2024-210L,61969,PAY,+,US,2024-11-14,AFETR,,94.27,43.00,484,482,,,EA,ORB
STARLINK-32613,2024-210M,61970,PAY,+,US,2024-11-14,AFETR,,94.27,43.00,484,482,,,EA,ORB
STARLINK-32610,2024-210N,61971,PAY,+,US,2024-11-14,AFETR,,94.27,43.00,484,482,,,EA,ORB
STARLINK-32612,2024-210P,61972,PAY,+,US,2024-11-14,AFETR,,94.27,43.00,484,482,,,EA,ORB
STARLINK-32601,2024-210Q,61973,PAY,+,US,2024-11-14,AFETR,,94.27,43.00,484,482,,,EA,ORB
STARLINK-32593,2024-210R,61974,PAY,+,US,2024-11-14,AFETR,,94.27,43.00,485,481,,,EA,ORB
STARLINK-32586,2024-210S,61975,PAY,+,US,2024-11-14,AFETR,,94.27,43.00,485,481,,,EA,ORB
STARLINK-32611,2024-210T,61976,PAY,+,US,2024-11-14,AFETR,,94.27,43.00,484,482,,,EA,ORB
STARLINK-32607,2024-210U,61977,PAY,+,US,2024-11-14,AFETR,,94.27,43.00,483,483,,,EA,ORB
STARLINK-32606,2024-210V,61978,PAY,+,US,2024-11-14,AFETR,,94.27,43.00,484,482,,,EA,ORB
STARLINK-32578,2024-210W,61979,PAY,+,US,2024-11-14,AFETR,,94.27,43.00,484,482,,,EA,ORB
STARLINK-32517,2024-210X,61980,PAY,+,US,2024-11-14,AFETR,,94.27,43.00,484,482,,,EA,ORB
STARLINK-32522,2024-210Y,61981,PAY,+,US,2024-11-14,AFETR,,94.27,43.00,484,482,,,EA,ORB
STARLINK-32560,2024-210Z,61982,PAY,+,US,2024-11-14,AFETR,,94.27,43.00,484,482,,,EA,ORB
TIANZHOU-8,2024-211A,61983,PAY,D,PRC,2024-11-15,WSC,2025-07-08,92.48,41.46,401,392,,,EA,IMP
CZ-7 R/B,2024-211B,61984,R/B,D,PRC,2024-11-15,WSC,2024-11-24,87.60,41.45,173,138,,,EA,IMP
CZ-7 DEB,2024-211C,61985,DEB,D,PRC,2024-11-15,WSC,2024-11-19,90.00,41.33,367,182,,,EA,IMP
CZ-7 DEB,2024-211D,61986,DEB,D,PRC,2024-11-15,WSC,2024-11-21,91.10,41.64,466,191,,,EA,IMP
CZ-7 DEB,2024-211E,61987,DEB,D,PRC,2024-11-15,WSC,2024-11-20,91.46,41.80,496,196,,,EA,IMP
OPTUS-X (ADS-01),2024-212A,62006,PAY,+,AUS,2024-11-17,AFETR,,1436.09,0.04,35797,35776,,,EA,ORB
FALCON 9 R/B,2024-212B,62007,R/B,,US,2024-11-17,AFETR,,905.99,18.53,48891,383,,,EA,ORB
STARLINK-11433 [DTC],2024-213A,62008,PAY,+,US,2024-11-18,AFWTR,,91.73,53.16,360,359,,,EA,ORB
STARLINK-11262 [DTC],2024-213B,62009,PAY,+,US,2024-11-18,AFWTR,,91.74,53.16,361,359,,,EA,ORB
STARLINK-11326 [DTC],2024-213C,62010,PAY,+,US,2024-11-18,AFWTR,,91.73,53.16,361,359,,,EA,ORB
STARLINK-11330 [DTC],2024-213D,62011,PAY,+,US,2024-11-18,AFWTR,,91.73,53.16,360,359,,,EA,ORB
STARLINK-11363 [DTC],2024-213E,62012,PAY,+,US,2024-11-18,AFWTR,,91.73,53.16,360,359,,,EA,ORB
STARLINK-11377 [DTC],2024-213F,62013,PAY,+,US,2024-11-18,AFWTR,,91.73,53.16,360,358,,,EA,ORB
STARLINK-11385 [DTC],2024-213G,62014,PAY,+,US,2024-11-18,AFWTR,,91.73,53.16,361,358,,,EA,ORB
STARLINK-11396 [DTC],2024-213H,62015,PAY,+,US,2024-11-18,AFWTR,,91.74,53.16,360,359,,,EA,ORB
STARLINK-11393 [DTC],2024-213J,62016,PAY,+,US,2024-11-18,AFWTR,,91.74,53.16,360,359,,,EA,ORB
STARLINK-11343 [DTC],2024-213K,62017,PAY,+,US,2024-11-18,AFWTR,,91.73,53.16,360,359,,,EA,ORB
STARLINK-11411 [DTC],2024-213L,62018,PAY,+,US,2024-11-18,AFWTR,,91.74,53.16,361,359,,,EA,ORB
STARLINK-11404 [DTC],2024-213M,62019,PAY,+,US,2024-11-18,AFWTR,,91.74,53.16,361,359,,,EA,ORB
STARLINK-11378 [DTC],2024-213N,62020,PAY,+,US,2024-11-18,AFWTR,,91.74,53.16,360,359,,,EA,ORB
STARLINK-32520,2024-213P,62021,PAY,+,US,2024-11-18,AFWTR,,93.85,53.16,464,462,,,EA,ORB
STARLINK-32539,2024-213Q,62022,PAY,+,US,2024-11-18,AFWTR,,93.85,53.16,464,462,,,EA,ORB
STARLINK-32334,2024-213R,62023,PAY,+,US,2024-11-18,AFWTR,,93.85,53.16,463,462,,,EA,ORB
STARLINK-32504,2024-213S,62024,PAY,+,US,2024-11-18,AFWTR,,93.85,53.16,464,462,,,EA,ORB
STARLINK-32493,2024-213T,62025,PAY,+,US,2024-11-18,AFWTR,,93.85,53.16,464,461,,,EA,ORB
STARLINK-32561,2024-213U,62026,PAY,+,US,2024-11-18,AFWTR,,93.85,53.16,463,462,,,EA,ORB
STARLINK-32512,2024-213V,62027,PAY,+,US,2024-11-18,AFWTR,,93.90,53.16,467,464,,,EA,ORB
GSAT-N2 (GSAT-20),2024-214A,62028,PAY,+,IND,2024-11-18,AFETR,,1436.10,0.06,35796,35778,,,EA,ORB
FALCON 9 R/B,2024-214B,62029,R/B,D,US,2024-11-18,AFETR,2025-04-14,97.62,27.66,1198,91,,,EA,IMP
PROGRESS-MS 29,2024-215A,62030,PAY,D,CIS,2024-11-21,TYMSC,2025-07-02,92.88,51.64,417,414,,,EA,IMP
SL-4 R/B,2024-215B,62031,R/B,D,CIS,2024-11-21,TYMSC,2024-11-23,87.63,51.64,165,150,,,EA,IMP
STARLINK-32637,2024-216A,62032,PAY,+,US,2024-11-21,AFETR,,94.27,43.00,484,482,,,EA,ORB
STARLINK-32582,2024-216B,62033,PAY,+,US,2024-11-21,AFETR,,94.27,43.00,484,482,,,EA,ORB
STARLINK-32615,2024-216C,62034,PAY,+,US,2024-11-21,AFETR,,94.27,43.01,485,481,,,EA,ORB
STARLINK-32592,2024-216D,62035,PAY,+,US,2024-11-21,AFETR,,94.27,43.00,485,481,,,EA,ORB
STARLINK-32225,2024-216E,62036,PAY,+,US,2024-11-21,AFETR,,94.27,43.00,485,481,,,EA,ORB
STARLINK-32595,2024-216F,62037,PAY,+,US,2024-11-21,AFETR,,94.27,43.00,484,482,,,EA,ORB
STARLINK-32477,2024-216G,62038,PAY,D,US,2024-11-21,AFETR,2026-07-29,88.63,42.99,228,185,,,EA,IMP
STARLINK-32480,2024-216H,62039,PAY,+,US,2024-11-21,AFETR,,94.27,43.01,485,481,,,EA,ORB
STARLINK-32510,2024-216J,62040,PAY,+,US,2024-11-21,AFETR,,94.27,43.01,485,481,,,EA,ORB
STARLINK-32456,2024-216K,62041,PAY,+,US,2024-11-21,AFETR,,94.27,43.00,484,482,,,EA,ORB
STARLINK-32509,2024-216L,62042,PAY,+,US,2024-11-21,AFETR,,94.27,43.00,484,482,,,EA,ORB
STARLINK-32491,2024-216M,62043,PAY,+,US,2024-11-21,AFETR,,94.27,43.00,484,482,,,EA,ORB
STARLINK-32577,2024-216N,62044,PAY,+,US,2024-11-21,AFETR,,94.27,43.00,485,481,,,EA,ORB
STARLINK-32618,2024-216P,62045,PAY,+,US,2024-11-21,AFETR,,94.27,43.01,484,482,,,EA,ORB
STARLINK-32598,2024-216Q,62046,PAY,+,US,2024-11-21,AFETR,,94.27,43.00,485,481,,,EA,ORB
STARLINK-32630,2024-216R,62047,PAY,+,US,2024-11-21,AFETR,,94.27,43.01,484,482,,,EA,ORB
STARLINK-32599,2024-216S,62048,PAY,+,US,2024-11-21,AFETR,,94.27,43.00,484,482,,,EA,ORB
STARLINK-32473,2024-216T,62049,PAY,+,US,2024-11-21,AFETR,,94.27,43.00,484,482,,,EA,ORB
STARLINK-32492,2024-216U,62050,PAY,+,US,2024-11-21,AFETR,,94.27,43.00,484,482,,,EA,ORB
STARLINK-32496,2024-216V,62051,PAY,+,US,2024-11-21,AFETR,,94.27,43.01,484,482,,,EA,ORB
STARLINK-32495,2024-216W,62052,PAY,+,US,2024-11-21,AFETR,,94.27,43.00,484,482,,,EA,ORB
STARLINK-32494,2024-216X,62053,PAY,+,US,2024-11-21,AFETR,,94.27,43.00,484,482,,,EA,ORB
STARLINK-32408,2024-216Y,62054,PAY,+,US,2024-11-21,AFETR,,94.27,43.00,484,482,,,EA,ORB
STARLINK-32571,2024-216Z,62055,PAY,+,US,2024-11-21,AFETR,,94.27,43.00,484,482,,,EA,ORB
OBJECT E,2024-013E,62056,UNK,D,PRC,2024-01-17,WSC,2025-03-17,88.62,41.48,246,167,,,EA,IMP
STARLINK-11465 [DTC],2024-217A,62057,PAY,+,US,2024-11-24,AFWTR,,91.74,53.16,361,358,,,EA,ORB
STARLINK-11426 [DTC],2024-217B,62058,PAY,+,US,2024-11-24,AFWTR,,91.74,53.16,360,359,,,EA,ORB
STARLINK-11454 [DTC],2024-217C,62059,PAY,+,US,2024-11-24,AFWTR,,91.73,53.16,360,359,,,EA,ORB
STARLINK-11473 [DTC],2024-217D,62060,PAY,+,US,2024-11-24,AFWTR,,91.74,53.16,360,359,,,EA,ORB
STARLINK-11429 [DTC],2024-217E,62061,PAY,+,US,2024-11-24,AFWTR,,91.73,53.16,361,358,,,EA,ORB
STARLINK-11470 [DTC],2024-217F,62062,PAY,+,US,2024-11-24,AFWTR,,91.74,53.16,360,359,,,EA,ORB
STARLINK-11427 [DTC],2024-217G,62063,PAY,+,US,2024-11-24,AFWTR,,91.73,53.16,360,359,,,EA,ORB
STARLINK-11456 [DTC],2024-217H,62064,PAY,+,US,2024-11-24,AFWTR,,91.74,53.16,361,359,,,EA,ORB
STARLINK-11474 [DTC],2024-217J,62065,PAY,+,US,2024-11-24,AFWTR,,91.74,53.16,360,359,,,EA,ORB
STARLINK-11463 [DTC],2024-217K,62066,PAY,+,US,2024-11-24,AFWTR,,91.74,53.16,360,359,,,EA,ORB
STARLINK-11472 [DTC],2024-217L,62067,PAY,+,US,2024-11-24,AFWTR,,91.74,53.16,360,359,,,EA,ORB
STARLINK-11467 [DTC],2024-217M,62068,PAY,+,US,2024-11-24,AFWTR,,91.74,53.16,361,359,,,EA,ORB
STARLINK-11460 [DTC],2024-217N,62069,PAY,+,US,2024-11-24,AFWTR,,91.74,53.16,360,359,,,EA,ORB
STARLINK-32604,2024-217P,62070,PAY,+,US,2024-11-24,AFWTR,,93.85,53.16,464,462,,,EA,ORB
STARLINK-32553,2024-217Q,62071,PAY,+,US,2024-11-24,AFWTR,,93.85,53.16,463,462,,,EA,ORB
STARLINK-32603,2024-217R,62072,PAY,+,US,2024-11-24,AFWTR,,93.85,53.16,464,462,,,EA,ORB
STARLINK-32444,2024-217S,62073,PAY,+,US,2024-11-24,AFWTR,,93.85,53.16,464,462,,,EA,ORB
STARLINK-32619,2024-217T,62074,PAY,+,US,2024-11-24,AFWTR,,93.85,53.16,464,462,,,EA,ORB
STARLINK-32580,2024-217U,62075,PAY,+,US,2024-11-24,AFWTR,,94.10,53.16,476,474,,,EA,ORB
STARLINK-32617,2024-217V,62076,PAY,+,US,2024-11-24,AFWTR,,93.85,53.16,464,462,,,EA,ORB
SZ-18 MODULE,2024-078F,62077,PAY,D,PRC,2024-04-25,JSC,2025-06-18,87.27,41.45,145,134,,,EA,IMP
CZ-2C R/B,2024-218A,62078,R/B,,PRC,2024-11-24,JSC,,94.43,97.54,522,460,,,EA,ORB
SUPERVIEW NEO-2 03,2024-218B,62079,PAY,+,PRC,2024-11-24,JSC,,94.75,97.44,508,506,,,EA,ORB
SUPERVIEW NEO-2 04,2024-218C,62080,PAY,+,PRC,2024-11-24,JSC,,94.75,97.44,508,506,,,EA,ORB
KINEIS-5C,2024-219A,62081,PAY,+,FR,2024-11-25,RLLB,,97.81,97.91,658,650,,,EA,ORB
KINEIS-5D,2024-219B,62082,PAY,+,FR,2024-11-25,RLLB,,97.79,97.92,657,649,,,EA,ORB
KINEIS-5E,2024-219C,62083,PAY,+,FR,2024-11-25,RLLB,,97.81,97.91,659,649,,,EA,ORB
KINEIS-5A,2024-219D,62084,PAY,+,FR,2024-11-25,RLLB,,97.80,97.90,657,649,,,EA,ORB
KINEIS-5B,2024-219E,62085,PAY,+,FR,2024-11-25,RLLB,,97.40,98.01,636,632,,,EA,ORB
ELECTRON KICK STAGE R/B,2024-219F,62086,R/B,,US,2024-11-25,RLLB,,96.17,97.99,611,539,,,EA,ORB
ELECTRON R/B,2024-219G,62087,R/B,D,US,2024-11-25,RLLB,2024-12-07,87.61,97.92,185,128,,,EA,IMP
STARLINK-11384 [DTC],2024-220A,62088,PAY,+,US,2024-11-25,AFETR,,91.67,43.00,357,355,,,EA,ORB
STARLINK-11379 [DTC],2024-220B,62089,PAY,+,US,2024-11-25,AFETR,,91.67,43.00,357,356,,,EA,ORB
STARLINK-11387 [DTC],2024-220C,62090,PAY,+,US,2024-11-25,AFETR,,91.67,43.00,358,355,,,EA,ORB
STARLINK-11389 [DTC],2024-220D,62091,PAY,+,US,2024-11-25,AFETR,,91.67,43.00,359,354,,,EA,ORB
STARLINK-11388 [DTC],2024-220E,62092,PAY,+,US,2024-11-25,AFETR,,91.67,43.00,358,355,,,EA,ORB
STARLINK-11345 [DTC],2024-220F,62093,PAY,+,US,2024-11-25,AFETR,,91.67,43.00,357,355,,,EA,ORB
STARLINK-11381 [DTC],2024-220G,62094,PAY,+,US,2024-11-25,AFETR,,91.67,43.00,357,356,,,EA,ORB
STARLINK-11369 [DTC],2024-220H,62095,PAY,+,US,2024-11-25,AFETR,,91.67,43.00,357,355,,,EA,ORB
STARLINK-11303 [DTC],2024-220J,62096,PAY,+,US,2024-11-25,AFETR,,91.67,43.00,358,355,,,EA,ORB
STARLINK-11367 [DTC],2024-220K,62097,PAY,+,US,2024-11-25,AFETR,,91.67,43.00,357,356,,,EA,ORB
STARLINK-11386 [DTC],2024-220L,62098,PAY,+,US,2024-11-25,AFETR,,91.67,43.00,358,355,,,EA,ORB
STARLINK-11380 [DTC],2024-220M,62099,PAY,+,US,2024-11-25,AFETR,,91.67,43.00,357,355,,,EA,ORB
STARLINK-33566,2024-220N,62100,PAY,+,US,2024-11-25,AFETR,,94.27,43.01,484,482,,,EA,ORB
STARLINK-33545,2024-220P,62101,PAY,+,US,2024-11-25,AFETR,,94.27,43.00,484,482,,,EA,ORB
STARLINK-33562,2024-220Q,62102,PAY,+,US,2024-11-25,AFETR,,94.27,43.00,484,482,,,EA,ORB
STARLINK-33554,2024-220R,62103,PAY,+,US,2024-11-25,AFETR,,94.27,43.00,484,482,,,EA,ORB
STARLINK-33555,2024-220S,62104,PAY,+,US,2024-11-25,AFETR,,94.27,43.00,484,482,,,EA,ORB
STARLINK-33542,2024-220T,62105,PAY,D,US,2024-11-25,AFETR,2025-08-16,88.95,42.91,226,220,,,EA,IMP
STARLINK-33557,2024-220U,62106,PAY,D,US,2024-11-25,AFETR,2025-08-14,88.32,42.91,194,188,,,EA,IMP
STARLINK-33559,2024-220V,62107,PAY,+,US,2024-11-25,AFETR,,94.27,43.00,484,482,,,EA,ORB
STARLINK-33553,2024-220W,62108,PAY,+,US,2024-11-25,AFETR,,94.27,43.00,484,482,,,EA,ORB
STARLINK-33556,2024-220X,62109,PAY,+,US,2024-11-25,AFETR,,94.27,43.00,484,482,,,EA,ORB
STARLINK-33551,2024-220Y,62110,PAY,+,US,2024-11-25,AFETR,,94.27,43.00,485,481,,,EA,ORB
GUANGCHUAN 01,2024-221A,62111,PAY,+,PRC,2024-11-27,JSC,,95.05,49.94,526,516,,,EA,ORB
GUANGCHUAN 02,2024-221B,62112,PAY,+,PRC,2024-11-27,JSC,,95.05,49.94,525,516,,,EA,ORB
ZHUQUE-2E R/B,2024-221C,62113,R/B,D,PRC,2024-11-27,JSC,2024-12-24,87.60,49.89,184,127,,,EA,IMP
STARLINK-32311,2024-222A,62114,PAY,+,US,2024-11-27,AFETR,,94.27,43.00,485,481,,,EA,ORB
STARLINK-32470,2024-222B,62115,PAY,+,US,2024-11-27,AFETR,,94.27,43.00,484,482,,,EA,ORB
STARLINK-32502,2024-222C,62116,PAY,+,US,2024-11-27,AFETR,,94.27,43.00,484,483,,,EA,ORB
STARLINK-32521,2024-222D,62117,PAY,+,US,2024-11-27,AFETR,,94.27,43.00,484,482,,,EA,ORB
STARLINK-32549,2024-222E,62118,PAY,+,US,2024-11-27,AFETR,,94.27,43.00,484,482,,,EA,ORB
STARLINK-32535,2024-222F,62119,PAY,+,US,2024-11-27,AFETR,,94.27,43.00,484,482,,,EA,ORB
STARLINK-32548,2024-222G,62120,PAY,+,US,2024-11-27,AFETR,,94.27,43.00,485,481,,,EA,ORB
STARLINK-32525,2024-222H,62121,PAY,+,US,2024-11-27,AFETR,,94.27,43.01,484,482,,,EA,ORB
STARLINK-32628,2024-222J,62122,PAY,+,US,2024-11-27,AFETR,,94.27,43.00,484,482,,,EA,ORB
STARLINK-32626,2024-222K,62123,PAY,+,US,2024-11-27,AFETR,,94.27,43.00,484,482,,,EA,ORB
STARLINK-32608,2024-222L,62124,PAY,+,US,2024-11-27,AFETR,,94.27,43.00,484,482,,,EA,ORB
STARLINK-32488,2024-222M,62125,PAY,+,US,2024-11-27,AFETR,,94.27,43.00,484,482,,,EA,ORB
STARLINK-32490,2024-222N,62126,PAY,+,US,2024-11-27,AFETR,,94.27,43.00,485,481,,,EA,ORB
STARLINK-32557,2024-222P,62127,PAY,+,US,2024-11-27,AFETR,,94.26,43.00,484,482,,,EA,ORB
STARLINK-32568,2024-222Q,62128,PAY,+,US,2024-11-27,AFETR,,94.27,43.00,484,482,,,EA,ORB
STARLINK-32462,2024-222R,62129,PAY,+,US,2024-11-27,AFETR,,94.27,43.00,484,482,,,EA,ORB
STARLINK-32463,2024-222S,62130,PAY,+,US,2024-11-27,AFETR,,94.27,43.00,484,482,,,EA,ORB
STARLINK-32550,2024-222T,62131,PAY,+,US,2024-11-27,AFETR,,94.27,43.00,484,482,,,EA,ORB
STARLINK-32507,2024-222U,62132,PAY,+,US,2024-11-27,AFETR,,94.27,43.00,484,482,,,EA,ORB
STARLINK-32245,2024-222V,62133,PAY,+,US,2024-11-27,AFETR,,94.27,43.00,484,482,,,EA,ORB
STARLINK-32546,2024-222W,62134,PAY,+,US,2024-11-27,AFETR,,94.27,43.00,485,481,,,EA,ORB
STARLINK-32545,2024-222X,62135,PAY,+,US,2024-11-27,AFETR,,94.27,43.00,484,482,,,EA,ORB
STARLINK-32554,2024-222Y,62136,PAY,+,US,2024-11-27,AFETR,,94.27,43.00,484,482,,,EA,ORB
STARLINK-32570,2024-222Z,62137,PAY,+,US,2024-11-27,AFETR,,94.27,43.00,485,481,,,EA,ORB
KONDOR-FKA NO. 2,2024-223A,62138,PAY,+,CIS,2024-11-29,VOSTO,,94.75,97.44,508,505,,,EA,ORB
STARLINK-32529,2024-224A,62139,PAY,+,US,2024-11-30,AFETR,,94.27,43.00,483,483,,,EA,ORB
STARLINK-32464,2024-224B,62140,PAY,+,US,2024-11-30,AFETR,,94.27,43.00,484,482,,,EA,ORB
STARLINK-32482,2024-224C,62141,PAY,+,US,2024-11-30,AFETR,,94.27,43.00,484,482,,,EA,ORB
STARLINK-32454,2024-224D,62142,PAY,+,US,2024-11-30,AFETR,,94.27,43.00,485,481,,,EA,ORB
STARLINK-32485,2024-224E,62143,PAY,+,US,2024-11-30,AFETR,,94.27,43.00,484,482,,,EA,ORB
STARLINK-32388,2024-224F,62144,PAY,+,US,2024-11-30,AFETR,,94.27,43.00,484,482,,,EA,ORB
STARLINK-32374,2024-224G,62145,PAY,+,US,2024-11-30,AFETR,,94.27,42.99,484,483,,,EA,ORB
STARLINK-32384,2024-224H,62146,PAY,+,US,2024-11-30,AFETR,,94.27,43.00,485,481,,,EA,ORB
STARLINK-32295,2024-224J,62147,PAY,+,US,2024-11-30,AFETR,,94.27,43.00,484,482,,,EA,ORB
STARLINK-32479,2024-224K,62148,PAY,+,US,2024-11-30,AFETR,,94.27,43.00,485,481,,,EA,ORB
STARLINK-32468,2024-224L,62149,PAY,+,US,2024-11-30,AFETR,,94.27,43.00,484,482,,,EA,ORB
STARLINK-32629,2024-224M,62150,PAY,+,US,2024-11-30,AFETR,,94.27,43.00,484,482,,,EA,ORB
STARLINK-32644,2024-224N,62151,PAY,+,US,2024-11-30,AFETR,,94.27,43.00,484,482,,,EA,ORB
STARLINK-32623,2024-224P,62152,PAY,+,US,2024-11-30,AFETR,,94.27,43.01,484,482,,,EA,ORB
STARLINK-32639,2024-224Q,62153,PAY,+,US,2024-11-30,AFETR,,94.27,43.00,485,481,,,EA,ORB
STARLINK-32625,2024-224R,62154,PAY,+,US,2024-11-30,AFETR,,94.27,43.00,484,482,,,EA,ORB
STARLINK-32635,2024-224S,62155,PAY,+,US,2024-11-30,AFETR,,94.27,43.00,484,482,,,EA,ORB
STARLINK-32532,2024-224T,62156,PAY,+,US,2024-11-30,AFETR,,94.27,43.00,484,482,,,EA,ORB
STARLINK-32503,2024-224U,62157,PAY,+,US,2024-11-30,AFETR,,94.27,43.00,484,482,,,EA,ORB
STARLINK-32508,2024-224V,62158,PAY,+,US,2024-11-30,AFETR,,94.27,43.00,484,482,,,EA,ORB
STARLINK-32524,2024-224W,62159,PAY,+,US,2024-11-30,AFETR,,94.27,43.00,484,482,,,EA,ORB
STARLINK-32484,2024-224X,62160,PAY,+,US,2024-11-30,AFETR,,94.27,43.00,484,482,,,EA,ORB
STARLINK-32497,2024-224Y,62161,PAY,+,US,2024-11-30,AFETR,,94.27,43.00,484,482,,,EA,ORB
STARLINK-32526,2024-224Z,62162,PAY,+,US,2024-11-30,AFETR,,94.27,43.00,484,482,,,EA,ORB
USA 438,2024-225A,62163,PAY,+,US,2024-11-30,AFWTR,,96.21,70.03,579,575,,NEA,EA,ORB
USA 439,2024-225B,62164,PAY,+,US,2024-11-30,AFWTR,,96.21,70.03,579,575,,NEA,EA,ORB
STARLINK-32523,2024-225C,62165,PAY,+,US,2024-11-30,AFWTR,,96.10,70.00,574,570,,,EA,ORB
STARLINK-32551,2024-225D,62166,PAY,+,US,2024-11-30,AFWTR,,96.11,70.00,573,571,,,EA,ORB
STARLINK-32506,2024-225E,62167,PAY,+,US,2024-11-30,AFWTR,,96.11,70.00,574,570,,,EA,ORB
STARLINK-32562,2024-225F,62168,PAY,+,US,2024-11-30,AFWTR,,96.11,70.00,574,570,,,EA,ORB
STARLINK-32558,2024-225G,62169,PAY,+,US,2024-11-30,AFWTR,,96.11,70.00,574,570,,,EA,ORB
STARLINK-32538,2024-225H,62170,PAY,+,US,2024-11-30,AFWTR,,96.11,70.00,574,570,,,EA,ORB
STARLINK-32257,2024-225J,62171,PAY,+,US,2024-11-30,AFWTR,,96.11,70.00,574,570,,,EA,ORB
STARLINK-32407,2024-225K,62172,PAY,+,US,2024-11-30,AFWTR,,96.11,70.00,574,570,,,EA,ORB
STARLINK-32575,2024-225L,62173,PAY,+,US,2024-11-30,AFWTR,,96.11,70.00,573,571,,,EA,ORB
STARLINK-32552,2024-225M,62174,PAY,+,US,2024-11-30,AFWTR,,96.11,70.00,574,570,,,EA,ORB
STARLINK-32534,2024-225N,62175,PAY,+,US,2024-11-30,AFWTR,,96.11,70.00,574,570,,,EA,ORB
STARLINK-32516,2024-225P,62176,PAY,+,US,2024-11-30,AFWTR,,96.11,70.00,574,570,,,EA,ORB
STARLINK-32542,2024-225Q,62177,PAY,+,US,2024-11-30,AFWTR,,96.11,70.00,574,570,,,EA,ORB
STARLINK-32600,2024-225R,62178,PAY,+,US,2024-11-30,AFWTR,,96.11,70.00,574,570,,,EA,ORB
STARLINK-32584,2024-225S,62179,PAY,+,US,2024-11-30,AFWTR,,96.11,70.00,574,571,,,EA,ORB
STARLINK-32587,2024-225T,62180,PAY,+,US,2024-11-30,AFWTR,,96.11,70.00,574,570,,,EA,ORB
STARLINK-32602,2024-225U,62181,PAY,+,US,2024-11-30,AFWTR,,96.11,70.00,574,570,,,EA,ORB
STARLINK-32565,2024-225V,62182,PAY,+,US,2024-11-30,AFWTR,,96.11,70.00,574,570,,,EA,ORB
STARLINK-32589,2024-225W,62183,PAY,+,US,2024-11-30,AFWTR,,96.10,70.00,574,570,,,EA,ORB
STARLINK-32581,2024-225X,62184,PAY,+,US,2024-11-30,AFWTR,,96.11,70.00,574,570,,,EA,ORB
OBJECT A,2024-226A,62185,PAY,+,PRC,2024-11-30,WSC,,105.87,50.01,1077,993,,,EA,ORB
OBJECT B,2024-226B,62186,PAY,+,PRC,2024-11-30,WSC,,107.34,50.00,1112,1095,,,EA,ORB
CZ-12 R/B,2024-226C,62187,R/B,,PRC,2024-11-30,WSC,,104.83,50.00,1031,942,,,EA,ORB
TJS-13,2024-227A,62188,PAY,+,PRC,2024-12-03,XICLF,,717.72,63.82,38692,1660,,,EA,ORB
CZ-3B R/B,2024-227B,62189,R/B,D,PRC,2024-12-03,XICLF,2025-02-22,154.08,51.20,6167,117,,,EA,IMP
HAISHAO-1,2024-228A,62190,PAY,+,PRC,2024-12-04,XICLF,,92.00,42.98,376,369,,,EA,ORB
KZ-1A R/B,2024-228B,62191,R/B,D,PRC,2024-12-04,XICLF,2024-12-05,88.60,46.09,294,116,,,EA,IMP
STARLINK-32686,2024-229A,62192,PAY,+,US,2024-12-04,AFETR,,94.27,43.00,484,482,,,EA,ORB
STARLINK-32688,2024-229B,62193,PAY,+,US,2024-12-04,AFETR,,94.27,43.00,484,482,,,EA,ORB
STARLINK-32684,2024-229C,62194,PAY,+,US,2024-12-04,AFETR,,94.27,43.00,484,482,,,EA,ORB
STARLINK-32672,2024-229D,62195,PAY,+,US,2024-12-04,AFETR,,94.27,43.00,485,481,,,EA,ORB
STARLINK-32682,2024-229E,62196,PAY,+,US,2024-12-04,AFETR,,94.27,43.00,484,482,,,EA,ORB
STARLINK-32663,2024-229F,62197,PAY,+,US,2024-12-04,AFETR,,94.27,43.00,484,482,,,EA,ORB
STARLINK-32640,2024-229G,62198,PAY,+,US,2024-12-04,AFETR,,94.27,43.00,484,482,,,EA,ORB
STARLINK-32653,2024-229H,62199,PAY,+,US,2024-12-04,AFETR,,94.27,43.01,484,482,,,EA,ORB
STARLINK-32647,2024-229J,62200,PAY,+,US,2024-12-04,AFETR,,94.27,43.00,485,481,,,EA,ORB
STARLINK-32667,2024-229K,62201,PAY,+,US,2024-12-04,AFETR,,94.27,43.00,484,482,,,EA,ORB
STARLINK-32655,2024-229L,62202,PAY,+,US,2024-12-04,AFETR,,94.27,43.00,484,482,,,EA,ORB
STARLINK-32665,2024-229M,62203,PAY,+,US,2024-12-04,AFETR,,94.27,43.00,483,483,,,EA,ORB
STARLINK-32664,2024-229N,62204,PAY,P,US,2024-12-04,AFETR,,91.53,42.99,371,328,,,EA,ORB
STARLINK-32660,2024-229P,62205,PAY,+,US,2024-12-04,AFETR,,94.27,43.01,485,482,,,EA,ORB
STARLINK-32448,2024-229Q,62206,PAY,+,US,2024-12-04,AFETR,,94.27,43.00,484,482,,,EA,ORB
STARLINK-32430,2024-229R,62207,PAY,+,US,2024-12-04,AFETR,,94.27,43.00,484,482,,,EA,ORB
STARLINK-32675,2024-229S,62208,PAY,+,US,2024-12-04,AFETR,,94.26,43.00,486,479,,,EA,ORB
STARLINK-32671,2024-229T,62209,PAY,+,US,2024-12-04,AFETR,,94.27,43.00,484,482,,,EA,ORB
STARLINK-32670,2024-229U,62210,PAY,+,US,2024-12-04,AFETR,,94.27,43.00,485,481,,,EA,ORB
STARLINK-32642,2024-229V,62211,PAY,+,US,2024-12-04,AFETR,,94.27,43.00,484,482,,,EA,ORB
STARLINK-32668,2024-229W,62212,PAY,+,US,2024-12-04,AFETR,,94.27,43.00,484,482,,,EA,ORB
STARLINK-32669,2024-229X,62213,PAY,+,US,2024-12-04,AFETR,,94.27,43.00,484,482,,,EA,ORB
STARLINK-32666,2024-229Y,62214,PAY,+,US,2024-12-04,AFETR,,94.27,43.00,484,482,,,EA,ORB
STARLINK-32662,2024-229Z,62215,PAY,+,US,2024-12-04,AFETR,,94.27,43.00,484,482,,,EA,ORB
COSMOS 2580,2024-230A,62216,PAY,+,CIS,2024-12-04,PLMSC,,103.10,67.14,909,901,,,EA,ORB
SL-4 R/B,2024-230B,62217,R/B,D,CIS,2024-12-04,PLMSC,2025-05-07,87.35,67.08,167,120,,,EA,IMP
STARLINK-11394 [DTC],2024-231A,62218,PAY,+,US,2024-12-05,AFWTR,,91.74,53.16,360,359,,,EA,ORB
STARLINK-11490 [DTC],2024-231B,62219,PAY,+,US,2024-12-05,AFWTR,,91.74,53.16,360,359,,,EA,ORB
STARLINK-11466 [DTC],2024-231C,62220,PAY,+,US,2024-12-05,AFWTR,,91.74,53.16,360,359,,,EA,ORB
STARLINK-11468 [DTC],2024-231D,62221,PAY,+,US,2024-12-05,AFWTR,,91.74,53.16,361,359,,,EA,ORB
STARLINK-11488 [DTC],2024-231E,62222,PAY,+,US,2024-12-05,AFWTR,,91.74,53.16,360,359,,,EA,ORB
STARLINK-11483 [DTC],2024-231F,62223,PAY,+,US,2024-12-05,AFWTR,,91.74,53.16,360,359,,,EA,ORB
STARLINK-11492 [DTC],2024-231G,62224,PAY,+,US,2024-12-05,AFWTR,,91.74,53.16,360,359,,,EA,ORB
STARLINK-11471 [DTC],2024-231H,62225,PAY,+,US,2024-12-05,AFWTR,,91.73,53.16,360,359,,,EA,ORB
STARLINK-11475 [DTC],2024-231J,62226,PAY,+,US,2024-12-05,AFWTR,,91.73,53.16,360,359,,,EA,ORB
STARLINK-11469 [DTC],2024-231K,62227,PAY,+,US,2024-12-05,AFWTR,,91.74,53.16,360,359,,,EA,ORB
STARLINK-11476 [DTC],2024-231L,62228,PAY,+,US,2024-12-05,AFWTR,,91.73,53.16,360,359,,,EA,ORB
STARLINK-11485 [DTC],2024-231M,62229,PAY,+,US,2024-12-05,AFWTR,,91.74,53.16,361,359,,,EA,ORB
STARLINK-11481 [DTC],2024-231N,62230,PAY,+,US,2024-12-05,AFWTR,,91.73,53.16,361,359,,,EA,ORB
STARLINK-32650,2024-231P,62231,PAY,+,US,2024-12-05,AFWTR,,94.01,53.16,472,470,,,EA,ORB
STARLINK-32636,2024-231Q,62232,PAY,+,US,2024-12-05,AFWTR,,94.11,53.16,476,474,,,EA,ORB
STARLINK-32643,2024-231R,62233,PAY,+,US,2024-12-05,AFWTR,,94.01,53.16,472,470,,,EA,ORB
STARLINK-32652,2024-231S,62234,PAY,+,US,2024-12-05,AFWTR,,94.01,53.16,472,470,,,EA,ORB
STARLINK-32631,2024-231T,62235,PAY,+,US,2024-12-05,AFWTR,,94.01,53.16,471,470,,,EA,ORB
STARLINK-32641,2024-231U,62236,PAY,+,US,2024-12-05,AFWTR,,94.10,53.16,476,474,,,EA,ORB
CZ-6A R/B,2024-232A,62237,R/B,,PRC,2024-12-05,TAISC,,99.18,89.04,790,649,,,EA,ORB
QIANFAN-37,2024-232B,62238,PAY,+,PRC,2024-12-05,TAISC,,106.59,89.01,1070,1067,,,EA,ORB
QIANFAN-38,2024-232C,62239,PAY,+,PRC,2024-12-05,TAISC,,106.59,89.01,1079,1058,,,EA,ORB
QIANFAN-39,2024-232D,62240,PAY,P,PRC,2024-12-05,TAISC,,101.01,89.01,817,796,,,EA,ORB
QIANFAN-40,2024-232E,62241,PAY,+,PRC,2024-12-05,TAISC,,106.59,89.01,1079,1058,,,EA,ORB
QIANFAN-41,2024-232F,62242,PAY,+,PRC,2024-12-05,TAISC,,106.59,89.01,1079,1058,,,EA,ORB
QIANFAN-42,2024-232G,62243,PAY,P,PRC,2024-12-05,TAISC,,101.08,89.01,820,800,,,EA,ORB
QIANFAN-43,2024-232H,62244,PAY,+,PRC,2024-12-05,TAISC,,106.59,89.01,1080,1057,,,EA,ORB
QIANFAN-44,2024-232J,62245,PAY,+,PRC,2024-12-05,TAISC,,106.59,89.01,1079,1058,,,EA,ORB
QIANFAN-45,2024-232K,62246,PAY,+,PRC,2024-12-05,TAISC,,106.59,89.01,1079,1058,,,EA,ORB
QIANFAN-46,2024-232L,62247,PAY,+,PRC,2024-12-05,TAISC,,106.59,89.01,1079,1058,,,EA,ORB
QIANFAN-47,2024-232M,62248,PAY,+,PRC,2024-12-05,TAISC,,106.59,89.01,1080,1057,,,EA,ORB
QIANFAN-48,2024-232N,62249,PAY,+,PRC,2024-12-05,TAISC,,106.59,89.01,1081,1056,,,EA,ORB
QIANFAN-49,2024-232P,62250,PAY,+,PRC,2024-12-05,TAISC,,106.59,89.01,1079,1058,,,EA,ORB
QIANFAN-50,2024-232Q,62251,PAY,+,PRC,2024-12-05,TAISC,,106.59,89.01,1080,1057,,,EA,ORB
QIANFAN-51,2024-232R,62252,PAY,+,PRC,2024-12-05,TAISC,,106.59,89.01,1078,1059,,,EA,ORB
QIANFAN-52,2024-232S,62253,PAY,+,PRC,2024-12-05,TAISC,,106.59,89.01,1080,1057,,,EA,ORB
QIANFAN-53,2024-232T,62254,PAY,+,PRC,2024-12-05,TAISC,,106.59,89.01,1079,1058,,,EA,ORB
QIANFAN-54,2024-232U,62255,PAY,+,PRC,2024-12-05,TAISC,,106.59,89.01,1070,1067,,,EA,ORB
PROBA-3 CSC,2024-233A,62256,PAY,+,ESA,2024-12-05,SRILR,,1179.58,59.75,60173,1032,,,EA,ORB
PSLV R/B,2024-233B,62257,R/B,,IND,2024-12-05,SRILR,,1195.45,59.87,60828,1040,,,EA,ORB
PROBA-3 OSC,2024-233C,62258,PAY,+,ESA,2024-12-05,SRILR,,1179.58,59.75,60174,1032,,,EA,ORB
SXM-9,2024-234A,62259,PAY,+,US,2024-12-05,AFETR,,1436.09,0.03,35806,35768,,,EA,ORB
FALCON 9 R/B,2024-234B,62260,R/B,,US,2024-12-05,AFETR,,321.59,27.25,18142,199,,,EA,ORB
SENTINEL-1C,2024-235A,62261,PAY,+,ESA,2024-12-05,FRGUI,,98.68,98.18,697,695,,,EA,ORB
STARLINK-32632,2024-231V,62262,PAY,+,US,2024-12-05,AFWTR,,94.01,53.16,471,470,,,EA,ORB
OBJECT A,2024-236A,62263,PAY,D,IRAN,2024-12-06,SEMLS,2025-02-25,87.41,58.51,151,141,,,EA,IMP
OBJECT B,2024-236B,62264,PAY,D,IRAN,2024-12-06,SEMLS,2025-05-16,87.57,58.53,157,151,,,EA,IMP
OBJECT C,2024-236C,62265,R/B,D,IRAN,2024-12-06,SEMLS,2025-01-21,87.85,58.54,177,159,,,EA,IMP
OBJECT D,2024-236D,62266,UNK,D,IRAN,2024-12-06,SEMLS,2025-02-08,87.69,58.53,167,153,,,EA,IMP
STARLINK-11496 [DTC],2024-237A,62267,PAY,+,US,2024-12-08,AFETR,,91.67,43.00,357,355,,,EA,ORB
STARLINK-11501 [DTC],2024-237B,62268,PAY,+,US,2024-12-08,AFETR,,91.67,43.00,357,355,,,EA,ORB
STARLINK-11491 [DTC],2024-237C,62269,PAY,+,US,2024-12-08,AFETR,,91.67,43.00,358,355,,,EA,ORB
STARLINK-11479 [DTC],2024-237D,62270,PAY,+,US,2024-12-08,AFETR,,91.67,43.00,358,355,,,EA,ORB
STARLINK-11489 [DTC],2024-237E,62271,PAY,+,US,2024-12-08,AFETR,,91.67,43.00,357,356,,,EA,ORB
STARLINK-11494 [DTC],2024-237F,62272,PAY,+,US,2024-12-08,AFETR,,91.66,43.00,357,355,,,EA,ORB
STARLINK-11333 [DTC],2024-237G,62273,PAY,+,US,2024-12-08,AFETR,,91.67,43.00,358,355,,,EA,ORB
STARLINK-11504 [DTC],2024-237H,62274,PAY,+,US,2024-12-08,AFETR,,91.67,43.00,358,355,,,EA,ORB
STARLINK-11495 [DTC],2024-237J,62275,PAY,+,US,2024-12-08,AFETR,,91.67,43.00,357,356,,,EA,ORB
STARLINK-11498 [DTC],2024-237K,62276,PAY,+,US,2024-12-08,AFETR,,91.67,43.00,358,355,,,EA,ORB
STARLINK-11484 [DTC],2024-237L,62277,PAY,+,US,2024-12-08,AFETR,,91.67,43.00,358,354,,,EA,ORB
STARLINK-11487 [DTC],2024-237M,62278,PAY,+,US,2024-12-08,AFETR,,91.67,43.00,357,356,,,EA,ORB
STARLINK-11499 [DTC],2024-237N,62279,PAY,+,US,2024-12-08,AFETR,,91.67,43.00,357,356,,,EA,ORB
STARLINK-33548,2024-237P,62280,PAY,+,US,2024-12-08,AFETR,,94.27,43.00,484,482,,,EA,ORB
STARLINK-33544,2024-237Q,62281,PAY,+,US,2024-12-08,AFETR,,94.27,43.00,484,482,,,EA,ORB
STARLINK-33560,2024-237R,62282,PAY,+,US,2024-12-08,AFETR,,94.27,43.00,484,482,,,EA,ORB
STARLINK-33547,2024-237S,62283,PAY,+,US,2024-12-08,AFETR,,94.27,43.00,484,482,,,EA,ORB
STARLINK-33563,2024-237T,62284,PAY,+,US,2024-12-08,AFETR,,94.27,43.00,484,482,,,EA,ORB
STARLINK-33550,2024-237U,62285,PAY,+,US,2024-12-08,AFETR,,94.27,43.00,484,482,,,EA,ORB
STARLINK-33564,2024-237V,62286,PAY,+,US,2024-12-08,AFETR,,94.27,43.00,484,482,,,EA,ORB
STARLINK-33546,2024-237W,62287,PAY,+,US,2024-12-08,AFETR,,94.27,43.00,484,482,,,EA,ORB
STARLINK-33565,2024-237X,62288,PAY,+,US,2024-12-08,AFETR,,94.27,43.00,484,482,,,EA,ORB
STARLINK-33549,2024-237Y,62289,PAY,+,US,2024-12-08,AFETR,,94.27,43.00,484,482,,,EA,ORB
GJZ 01,2024-238A,62290,PAY,+,PRC,2024-12-12,JSC,,104.71,59.91,991,970,,,EA,ORB
GJZ 02,2024-238B,62291,PAY,+,PRC,2024-12-12,JSC,,104.71,59.92,986,975,,,EA,ORB
GJZ 03,2024-238C,62292,PAY,+,PRC,2024-12-12,JSC,,104.71,59.91,999,963,,,EA,ORB
GJZ 04,2024-238D,62293,PAY,+,PRC,2024-12-12,JSC,,104.71,59.91,996,966,,,EA,ORB
GJZ 05,2024-238E,62294,PAY,+,PRC,2024-12-12,JSC,,104.71,59.91,997,965,,,EA,ORB
STARLINK-32648,2024-239A,62301,PAY,+,US,2024-12-13,AFWTR,,93.85,53.16,464,462,,,EA,ORB
STARLINK-32594,2024-239B,62302,PAY,+,US,2024-12-13,AFWTR,,93.85,53.16,464,462,,,EA,ORB
STARLINK-32621,2024-239C,62303,PAY,+,US,2024-12-13,AFWTR,,93.85,53.16,464,462,,,EA,ORB
STARLINK-32597,2024-239D,62304,PAY,+,US,2024-12-13,AFWTR,,93.85,53.16,464,462,,,EA,ORB
STARLINK-32649,2024-239E,62305,PAY,+,US,2024-12-13,AFWTR,,93.85,53.16,463,462,,,EA,ORB
STARLINK-32633,2024-239F,62306,PAY,+,US,2024-12-13,AFWTR,,93.85,53.16,464,462,,,EA,ORB
STARLINK-32646,2024-239G,62307,PAY,+,US,2024-12-13,AFWTR,,93.85,53.16,463,462,,,EA,ORB
STARLINK-32706,2024-239H,62308,PAY,+,US,2024-12-13,AFWTR,,93.85,53.16,463,462,,,EA,ORB
STARLINK-32678,2024-239J,62309,PAY,+,US,2024-12-13,AFWTR,,93.37,53.15,443,435,,,EA,ORB
STARLINK-32696,2024-239K,62310,PAY,+,US,2024-12-13,AFWTR,,93.85,53.16,464,462,,,EA,ORB
STARLINK-32700,2024-239L,62311,PAY,+,US,2024-12-13,AFWTR,,93.85,53.16,464,462,,,EA,ORB
STARLINK-32698,2024-239M,62312,PAY,+,US,2024-12-13,AFWTR,,93.85,53.16,464,462,,,EA,ORB
STARLINK-32634,2024-239N,62313,PAY,+,US,2024-12-13,AFWTR,,93.85,53.16,464,462,,,EA,ORB
STARLINK-32651,2024-239P,62314,PAY,+,US,2024-12-13,AFWTR,,93.85,53.16,464,462,,,EA,ORB
STARLINK-32627,2024-239Q,62315,PAY,+,US,2024-12-13,AFWTR,,93.85,53.16,464,462,,,EA,ORB
STARLINK-32596,2024-239R,62316,PAY,+,US,2024-12-13,AFWTR,,93.85,53.16,463,462,,,EA,ORB
STARLINK-32519,2024-239S,62317,PAY,+,US,2024-12-13,AFWTR,,94.01,53.16,472,470,,,EA,ORB
STARLINK-32576,2024-239T,62318,PAY,D,US,2024-12-13,AFWTR,2025-07-19,88.36,53.12,198,189,,,EA,IMP
STARLINK-32527,2024-239U,62319,PAY,+,US,2024-12-13,AFWTR,,94.01,53.16,472,470,,,EA,ORB
STARLINK-32481,2024-239V,62320,PAY,+,US,2024-12-13,AFWTR,,94.10,53.16,476,474,,,EA,ORB
STARLINK-32645,2024-239W,62321,PAY,+,US,2024-12-13,AFWTR,,93.85,53.16,464,462,,,EA,ORB
STARLINK-32654,2024-239X,62322,PAY,+,US,2024-12-13,AFWTR,,93.85,53.16,464,462,,,EA,ORB
HULIANWANG DIGUI-01,2024-240A,62323,PAY,+,PRC,2024-12-16,WSC,,108.73,86.50,1169,1166,,,EA,ORB
HULIANWANG DIGUI-02,2024-240B,62324,PAY,+,PRC,2024-12-16,WSC,,108.73,86.51,1169,1166,,,EA,ORB
HULIANWANG DIGUI-03,2024-240C,62325,PAY,+,PRC,2024-12-16,WSC,,108.73,86.50,1169,1166,,,EA,ORB
HULIANWANG DIGUI-04,2024-240D,62326,PAY,+,PRC,2024-12-16,WSC,,108.73,86.50,1169,1166,,,EA,ORB
HULIANWANG DIGUI-05,2024-240E,62327,PAY,+,PRC,2024-12-16,WSC,,108.73,86.51,1169,1166,,,EA,ORB
HULIANWANG DIGUI-06,2024-240F,62328,PAY,+,PRC,2024-12-16,WSC,,108.73,86.50,1170,1166,,,EA,ORB
HULIANWANG DIGUI-07,2024-240G,62329,PAY,+,PRC,2024-12-16,WSC,,108.73,86.50,1169,1166,,,EA,ORB
HULIANWANG DIGUI-08,2024-240H,62330,PAY,+,PRC,2024-12-16,WSC,,108.73,86.51,1169,1166,,,EA,ORB
HULIANWANG DIGUI-09,2024-240J,62331,PAY,+,PRC,2024-12-16,WSC,,108.73,86.50,1169,1166,,,EA,ORB
HULIANWANG DIGUI-10,2024-240K,62332,PAY,+,PRC,2024-12-16,WSC,,108.73,86.51,1170,1166,,,EA,ORB
PIESAT-2 09,2024-241A,62333,PAY,+,PRC,2024-12-16,TAISC,,95.05,97.53,522,520,,,EA,ORB
PIESAT-2 10,2024-241B,62334,PAY,+,PRC,2024-12-16,TAISC,,95.04,97.54,522,519,,,EA,ORB
PIESAT-2 11,2024-241C,62335,PAY,+,PRC,2024-12-16,TAISC,,95.06,97.53,523,519,,,EA,ORB
PIESAT-2 12,2024-241D,62336,PAY,+,PRC,2024-12-16,TAISC,,95.05,97.53,523,519,,,EA,ORB
NAVSTAR 83 (USA 440),2024-242A,62339,PAY,+,US,2024-12-17,AFETR,,717.94,54.82,20231,20132,,,EA,ORB
USA 441,2024-243A,62340,PAY,+,US,2024-12-17,AFWTR,,96.21,70.03,580,575,,NEA,EA,ORB
USA 442,2024-243B,62341,PAY,+,US,2024-12-17,AFWTR,,96.21,70.03,579,575,,NEA,EA,ORB
USA 443,2024-243C,62342,PAY,+,US,2024-12-17,AFWTR,,96.21,70.03,580,574,,NEA,EA,ORB
USA 444,2024-243D,62343,PAY,+,US,2024-12-17,AFWTR,,96.21,70.03,580,575,,NEA,EA,ORB
USA 445,2024-243E,62344,PAY,+,US,2024-12-17,AFWTR,,96.21,70.03,580,574,,NEA,EA,ORB
USA 446,2024-243F,62345,PAY,+,US,2024-12-17,AFWTR,,96.21,70.03,579,575,,NEA,EA,ORB
USA 447,2024-243G,62346,PAY,+,US,2024-12-17,AFWTR,,96.21,70.03,580,575,,NEA,EA,ORB
USA 448,2024-243H,62347,PAY,+,US,2024-12-17,AFWTR,,96.21,70.03,580,574,,NEA,EA,ORB
USA 449,2024-243J,62348,PAY,+,US,2024-12-17,AFWTR,,96.21,70.03,580,574,,NEA,EA,ORB
USA 450,2024-243K,62349,PAY,+,US,2024-12-17,AFWTR,,96.21,70.03,580,575,,NEA,EA,ORB
USA 451,2024-243L,62350,PAY,+,US,2024-12-17,AFWTR,,96.21,70.03,580,574,,NEA,EA,ORB
USA 452,2024-243M,62351,PAY,+,US,2024-12-17,AFWTR,,96.21,70.03,580,574,,NEA,EA,ORB
USA 453,2024-243N,62352,PAY,+,US,2024-12-17,AFWTR,,96.21,70.03,580,574,,NEA,EA,ORB
USA 454,2024-243P,62353,PAY,+,US,2024-12-17,AFWTR,,96.21,70.03,580,574,,NEA,EA,ORB
USA 455,2024-243Q,62354,PAY,+,US,2024-12-17,AFWTR,,96.21,70.03,579,575,,NEA,EA,ORB
USA 456,2024-243R,62355,PAY,+,US,2024-12-17,AFWTR,,96.21,70.03,579,575,,NEA,EA,ORB
USA 457,2024-243S,62356,PAY,+,US,2024-12-17,AFWTR,,96.21,70.03,579,575,,NEA,EA,ORB
USA 458,2024-243T,62357,PAY,+,US,2024-12-17,AFWTR,,96.21,70.03,580,574,,NEA,EA,ORB
USA 459,2024-243U,62358,PAY,+,US,2024-12-17,AFWTR,,96.21,70.03,580,574,,NEA,EA,ORB
USA 460,2024-243V,62359,PAY,+,US,2024-12-17,AFWTR,,96.21,70.03,579,575,,NEA,EA,ORB
USA 461,2024-243W,62360,PAY,+,US,2024-12-17,AFWTR,,96.21,70.03,579,575,,NEA,EA,ORB
USA 462,2024-243X,62361,PAY,+,US,2024-12-17,AFWTR,,96.21,70.03,579,575,,NEA,EA,ORB
O3B MPOWER F7,2024-244A,62362,PAY,+,O3B,2024-12-17,AFETR,,287.93,0.06,8074,8058,,,EA,ORB
O3B MPOWER F8,2024-244B,62363,PAY,+,O3B,2024-12-17,AFETR,,287.93,0.02,8074,8058,,,EA,ORB
FALCON 9 R/B,2024-244C,62364,R/B,,US,2024-12-17,AFETR,,196.90,8.85,7003,2663,,,EA,ORB
TIANQI-33,2024-245A,62365,PAY,+,PRC,2024-12-19,YSLA,,102.91,44.98,902,891,,,EA,ORB
TIANQI-34,2024-245B,62366,PAY,+,PRC,2024-12-19,YSLA,,102.91,44.98,899,894,,,EA,ORB
TIANQI-35,2024-245C,62367,PAY,+,PRC,2024-12-19,YSLA,,102.92,44.99,903,890,,,EA,ORB
TIANQI-36,2024-245D,62368,PAY,+,PRC,2024-12-19,YSLA,,102.92,44.99,902,891,,,EA,ORB
SPACEMOBILE-001 DEB,2024-163F,62369,DEB,,US,2024-09-12,AFETR,,93.75,53.00,464,453,,,EA,ORB
SPACEMOBILE-002 DEB,2024-163G,62370,DEB,,US,2024-09-12,AFETR,,93.20,52.94,436,426,,,EA,ORB
SPACEMOBILE-003 DEB,2024-163H,62371,DEB,,US,2024-09-12,AFETR,,93.34,52.97,444,432,,,EA,ORB
SPACEMOBILE-004 DEB,2024-163J,62372,DEB,,US,2024-09-12,AFETR,,93.41,52.99,445,437,,,EA,ORB
SPACEMOBILE-005 DEB,2024-163K,62373,DEB,,US,2024-09-12,AFETR,,93.79,52.98,465,455,,,EA,ORB
TJS-12,2024-246A,62374,PAY,+,PRC,2024-12-20,XICLF,,1436.04,0.54,35794,35777,,,EA,ORB
CZ-3B R/B,2024-246B,62375,R/B,,PRC,2024-12-20,XICLF,,317.54,28.02,17928,152,,,EA,ORB
KORSAT-2,2024-247A,62377,PAY,+,SKOR,2024-12-21,AFWTR,,96.08,45.41,572,569,,,EA,ORB
TANSTAAFL-2,2024-247B,62378,PAY,+,US,2024-12-21,AFWTR,,94.08,44.99,476,472,,,EA,ORB
HAWK-11B,2024-247C,62379,PAY,+,US,2024-12-21,AFWTR,,94.05,45.02,476,470,,,EA,ORB
BANDWAGON-2 OBJECT D,2024-247D,62380,PAY,+,TBD,2024-12-21,AFWTR,,94.00,44.99,473,467,,,EA,ORB
HAWK-11C,2024-247E,62381,PAY,+,US,2024-12-21,AFWTR,,94.05,45.00,476,469,,,EA,ORB
HAWK-11A,2024-247F,62382,PAY,+,US,2024-12-21,AFWTR,,94.05,44.99,476,470,,,EA,ORB
LIZZIESAT-2 (LS-2),2024-247G,62383,PAY,+,US,2024-12-21,AFWTR,,94.07,44.99,476,472,,,EA,ORB
ICEYE-X49,2024-247H,62384,PAY,+,FIN,2024-12-21,AFWTR,,95.14,44.99,527,524,,,EA,ORB
BANDWAGON-2 OBJECT J,2024-247J,62385,PAY,+,TBD,2024-12-21,AFWTR,,92.50,45.00,401,393,,,EA,ORB
TOMORROW-S4,2024-247K,62386,PAY,+,US,2024-12-21,AFWTR,,94.13,44.98,478,474,,,EA,ORB
BANDWAGON-2 OBJECT L,2024-247L,62387,PAY,+,TBD,2024-12-21,AFWTR,,92.34,44.99,394,384,,,EA,ORB
GITAI-SC1,2024-247M,62388,PAY,+,US,2024-12-21,AFWTR,,94.62,45.00,501,499,,,EA,ORB
ICEYE-X47,2024-247N,62389,PAY,+,FIN,2024-12-21,AFWTR,,95.13,45.00,527,523,,,EA,ORB
BANDWAGON-2 OBJECT P,2024-247P,62390,PAY,+,TBD,2024-12-21,AFWTR,,94.90,45.00,515,513,,,EA,ORB
LASARSAT,2024-247Q,62391,PAY,+,CZCH,2024-12-21,AFWTR,,92.88,44.97,421,410,,,EA,ORB
TOMORROW-S3,2024-247R,62392,PAY,+,US,2024-12-21,AFWTR,,94.13,45.00,479,474,,,EA,ORB
BANDWAGON-2 OBJECT S,2024-247S,62393,PAY,D,TBD,2024-12-21,AFWTR,2026-06-17,88.13,44.94,185,179,,,EA,IMP
CROCUBE,2024-247T,62394,PAY,+,HRV,2024-12-21,AFWTR,,92.74,44.97,414,403,,,EA,ORB
BANDWAGON-2 OBJECT U,2024-247U,62395,PAY,+,TBD,2024-12-21,AFWTR,,92.78,44.99,414,407,,,EA,ORB
BANDWAGON-2 OBJECT V,2024-247V,62396,PAY,+,TBD,2024-12-21,AFWTR,,92.39,44.99,396,387,,,EA,ORB
BANDWAGON-2 OBJECT W,2024-247W,62397,PAY,D,TBD,2024-12-21,AFWTR,2026-04-01,88.05,44.97,185,171,,,EA,IMP
BANDWAGON-2 OBJECT X,2024-247X,62398,PAY,D,TBD,2024-12-21,AFWTR,2026-03-14,87.92,44.98,175,168,,,EA,IMP
BANDWAGON-2 OBJECT Y,2024-247Y,62399,PAY,+,TBD,2024-12-21,AFWTR,,92.72,44.99,411,404,,,EA,ORB
XCUBE-1,2024-247Z,62400,PAY,+,US,2024-12-21,AFWTR,,94.09,45.00,477,472,,,EA,ORB
CTC-0,2024-247AA,62401,PAY,+,US,2024-12-21,AFWTR,,93.41,44.97,446,437,,,EA,ORB
DJIBOUTI-1B,2024-247AB,62402,PAY,+,DJI,2024-12-21,AFWTR,,92.11,44.97,383,373,,,EA,ORB
BANDWAGON-2 OBJECT AC,2024-247AC,62403,PAY,+,TBD,2024-12-21,AFWTR,,93.42,45.00,445,439,,,EA,ORB
BANDWAGON-2 OBJECT AD,2024-247AD,62404,PAY,+,TBD,2024-12-21,AFWTR,,92.46,44.99,400,391,,,EA,ORB
BANDWAGON-2 OBJECT AE,2024-247AE,62405,PAY,+,TBD,2024-12-21,AFWTR,,91.47,44.97,353,340,,,EA,ORB
STRIX-2,2024-248A,62406,PAY,+,JPN,2024-12-21,RLLB,,95.40,97.63,550,526,,,EA,ORB
ELECTRON KICK STAGE R/B,2024-248B,62407,R/B,,US,2024-12-21,RLLB,,94.07,97.62,500,447,,,EA,ORB
ELECTRON R/B,2024-248C,62408,R/B,D,US,2024-12-21,RLLB,2024-12-29,87.73,97.51,196,128,,,EA,IMP
STARLINK-11444 [DTC],2024-249A,62409,PAY,+,US,2024-12-23,AFETR,,91.67,43.00,357,356,,,EA,ORB
STARLINK-11493 [DTC],2024-249B,62410,PAY,+,US,2024-12-23,AFETR,,91.67,43.00,358,355,,,EA,ORB
STARLINK-11453 [DTC],2024-249C,62411,PAY,+,US,2024-12-23,AFETR,,91.67,43.00,358,355,,,EA,ORB
STARLINK-11462 [DTC],2024-249D,62412,PAY,D,US,2024-12-23,AFETR,2026-05-29,88.56,42.98,216,191,,,EA,IMP
STARLINK-11441 [DTC],2024-249E,62413,PAY,+,US,2024-12-23,AFETR,,91.67,43.00,357,355,,,EA,ORB
STARLINK-11445 [DTC],2024-249F,62414,PAY,+,US,2024-12-23,AFETR,,91.67,43.00,357,355,,,EA,ORB
STARLINK-11355 [DTC],2024-249G,62415,PAY,+,US,2024-12-23,AFETR,,91.67,43.00,360,354,,,EA,ORB
STARLINK-11446 [DTC],2024-249H,62416,PAY,+,US,2024-12-23,AFETR,,91.67,43.00,358,355,,,EA,ORB
STARLINK-11428 [DTC],2024-249J,62417,PAY,+,US,2024-12-23,AFETR,,91.67,43.00,358,355,,,EA,ORB
STARLINK-11447 [DTC],2024-249K,62418,PAY,+,US,2024-12-23,AFETR,,91.67,43.00,357,355,,,EA,ORB
STARLINK-11439 [DTC],2024-249L,62419,PAY,D,US,2024-12-23,AFETR,2026-02-13,88.78,42.99,220,208,,,EA,IMP
STARLINK-11434 [DTC],2024-249M,62420,PAY,+,US,2024-12-23,AFETR,,91.67,43.00,357,355,,,EA,ORB
STARLINK-11461 [DTC],2024-249N,62421,PAY,+,US,2024-12-23,AFETR,,91.67,43.00,358,355,,,EA,ORB
STARLINK-32692,2024-249P,62422,PAY,+,US,2024-12-23,AFETR,,94.27,43.00,484,482,,,EA,ORB
STARLINK-32680,2024-249Q,62423,PAY,+,US,2024-12-23,AFETR,,94.27,43.00,484,482,,,EA,ORB
STARLINK-32638,2024-249R,62424,PAY,+,US,2024-12-23,AFETR,,94.27,43.00,484,482,,,EA,ORB
STARLINK-32283,2024-249S,62425,PAY,+,US,2024-12-23,AFETR,,94.27,43.00,484,483,,,EA,ORB
STARLINK-32676,2024-249T,62426,PAY,+,US,2024-12-23,AFETR,,94.27,43.00,484,482,,,EA,ORB
STARLINK-32659,2024-249U,62427,PAY,+,US,2024-12-23,AFETR,,94.27,43.00,484,482,,,EA,ORB
STARLINK-32614,2024-249V,62428,PAY,+,US,2024-12-23,AFETR,,94.27,43.00,484,482,,,EA,ORB
STARLINK-32418,2024-249W,62429,PAY,+,US,2024-12-23,AFETR,,94.27,43.00,484,482,,,EA,ORB
RESURS-P 5,2024-250A,62430,PAY,+,CIS,2024-12-25,TYMSC,,93.97,97.28,470,467,,,EA,ORB
SL-4 R/B,2024-250B,62431,R/B,D,CIS,2024-12-25,TYMSC,2025-03-19,87.38,97.24,152,138,,,EA,IMP
STARLINK-32702,2024-251A,62432,PAY,+,US,2024-12-29,AFWTR,,93.85,53.16,463,462,,,EA,ORB
STARLINK-32712,2024-251B,62433,PAY,+,US,2024-12-29,AFWTR,,93.85,53.16,463,462,,,EA,ORB
STARLINK-32674,2024-251C,62434,PAY,+,US,2024-12-29,AFWTR,,93.85,53.16,464,462,,,EA,ORB
STARLINK-32711,2024-251D,62435,PAY,+,US,2024-12-29,AFWTR,,93.90,53.16,466,464,,,EA,ORB
STARLINK-32697,2024-251E,62436,PAY,+,US,2024-12-29,AFWTR,,93.90,53.16,466,465,,,EA,ORB
STARLINK-32693,2024-251F,62437,PAY,+,US,2024-12-29,AFWTR,,93.85,53.16,464,462,,,EA,ORB
STARLINK-32721,2024-251G,62438,PAY,+,US,2024-12-29,AFWTR,,93.85,53.16,464,462,,,EA,ORB
STARLINK-32709,2024-251H,62439,PAY,+,US,2024-12-29,AFWTR,,93.85,53.16,463,462,,,EA,ORB
STARLINK-32689,2024-251J,62440,PAY,+,US,2024-12-29,AFWTR,,93.85,53.16,464,462,,,EA,ORB
STARLINK-32724,2024-251K,62441,PAY,+,US,2024-12-29,AFWTR,,93.85,53.16,464,462,,,EA,ORB
STARLINK-32291,2024-251L,62442,PAY,+,US,2024-12-29,AFWTR,,94.11,53.16,476,474,,,EA,ORB
STARLINK-32736,2024-251M,62443,PAY,+,US,2024-12-29,AFWTR,,93.90,53.16,466,464,,,EA,ORB
STARLINK-32737,2024-251N,62444,PAY,+,US,2024-12-29,AFWTR,,93.85,53.16,464,462,,,EA,ORB
STARLINK-32683,2024-251P,62445,PAY,+,US,2024-12-29,AFWTR,,93.84,53.16,463,462,,,EA,ORB
STARLINK-32726,2024-251Q,62446,PAY,+,US,2024-12-29,AFWTR,,93.85,53.16,463,462,,,EA,ORB
STARLINK-32730,2024-251R,62447,PAY,D,US,2024-12-29,AFWTR,2026-05-03,88.40,53.15,202,189,,,EA,IMP
STARLINK-32719,2024-251S,62448,PAY,+,US,2024-12-29,AFWTR,,93.85,53.16,463,462,,,EA,ORB
STARLINK-32723,2024-251T,62449,PAY,+,US,2024-12-29,AFWTR,,93.85,53.16,464,462,,,EA,ORB
STARLINK-32722,2024-251U,62450,PAY,+,US,2024-12-29,AFWTR,,93.85,53.16,464,462,,,EA,ORB
STARLINK-32720,2024-251V,62451,PAY,+,US,2024-12-29,AFWTR,,93.85,53.16,464,462,,,EA,ORB
STARLINK-32656,2024-251W,62452,PAY,+,US,2024-12-29,AFWTR,,93.85,53.16,463,462,,,EA,ORB
STARLINK-32690,2024-251X,62453,PAY,+,US,2024-12-29,AFWTR,,93.85,53.16,463,462,,,EA,ORB
ASTRANIS UTILITYSAT,2024-252A,62454,PAY,+,UK,2024-12-29,AFETR,,1435.76,9.15,67585,3975,,,EA,ORB
NUVIEW ALPHA,2024-252B,62455,PAY,+,UK,2024-12-29,AFETR,,1436.10,0.04,35790,35783,,,EA,ORB
AGILA,2024-252C,62456,PAY,+,RP,2024-12-29,AFETR,,1436.09,0.05,35792,35781,,,EA,ORB
NUVIEW BRAVO,2024-252D,62457,PAY,+,UK,2024-12-29,AFETR,,1436.10,0.06,35795,35779,,,EA,ORB
FALCON 9 R/B,2024-252E,62458,R/B,D,US,2024-12-29,AFETR,2025-05-27,114.85,12.27,2792,106,,,EA,IMP
SDX01,2024-253A,62459,PAY,+,IND,2024-12-30,SRILR,,90.99,54.99,326,320,,,EA,ORB
SDX02,2024-253B,62460,PAY,+,IND,2024-12-30,SRILR,,91.00,54.99,326,321,,,EA,ORB
POEM-4,2024-253C,62461,PAY,D,IND,2024-12-30,SRILR,2025-04-04,87.10,55.18,142,120,,,EA,IMP
STARLINK-11518 [DTC],2024-254A,62462,PAY,+,US,2024-12-31,AFETR,,91.67,43.00,359,355,,,EA,ORB
STARLINK-11455 [DTC],2024-254B,62463,PAY,+,US,2024-12-31,AFETR,,91.67,43.00,359,354,,,EA,ORB
STARLINK-11459 [DTC],2024-254C,62464,PAY,D,US,2024-12-31,AFETR,2026-01-02,89.21,42.98,242,228,,,EA,IMP
STARLINK-11178 [DTC],2024-254D,62465,PAY,+,US,2024-12-31,AFETR,,91.67,43.00,357,356,,,EA,ORB
STARLINK-11506 [DTC],2024-254E,62466,PAY,+,US,2024-12-31,AFETR,,91.67,43.00,358,355,,,EA,ORB
STARLINK-11486 [DTC],2024-254F,62467,PAY,+,US,2024-12-31,AFETR,,91.67,43.00,359,354,,,EA,ORB
STARLINK-11511 [DTC],2024-254G,62468,PAY,+,US,2024-12-31,AFETR,,91.67,43.00,357,356,,,EA,ORB
STARLINK-11505 [DTC],2024-254H,62469,PAY,+,US,2024-12-31,AFETR,,91.67,43.00,357,356,,,EA,ORB
STARLINK-11497 [DTC],2024-254J,62470,PAY,+,US,2024-12-31,AFETR,,91.66,43.00,357,355,,,EA,ORB
STARLINK-11477 [DTC],2024-254K,62471,PAY,+,US,2024-12-31,AFETR,,91.66,43.00,357,355,,,EA,ORB
STARLINK-11500 [DTC],2024-254L,62472,PAY,+,US,2024-12-31,AFETR,,91.67,43.00,357,356,,,EA,ORB
STARLINK-11464 [DTC],2024-254M,62473,PAY,+,US,2024-12-31,AFETR,,91.66,43.00,357,355,,,EA,ORB
STARLINK-11502 [DTC],2024-254N,62474,PAY,+,US,2024-12-31,AFETR,,91.67,43.00,358,355,,,EA,ORB
STARLINK-32657,2024-254P,62475,PAY,+,US,2024-12-31,AFETR,,94.27,43.00,483,483,,,EA,ORB
STARLINK-32734,2024-254Q,62476,PAY,+,US,2024-12-31,AFETR,,94.27,43.00,484,481,,,EA,ORB
STARLINK-32733,2024-254R,62477,PAY,+,US,2024-12-31,AFETR,,94.27,43.00,484,483,,,EA,ORB
STARLINK-32707,2024-254S,62478,PAY,+,US,2024-12-31,AFETR,,94.27,43.00,484,482,,,EA,ORB
STARLINK-32705,2024-254T,62479,PAY,+,US,2024-12-31,AFETR,,94.27,43.00,484,482,,,EA,ORB
STARLINK-32743,2024-254U,62480,PAY,+,US,2024-12-31,AFETR,,94.27,43.00,484,482,,,EA,ORB
STARLINK-32753,2024-254V,62481,PAY,+,US,2024-12-31,AFETR,,94.27,43.00,484,482,,,EA,ORB
STARLINK-32699,2024-254W,62482,PAY,+,US,2024-12-31,AFETR,,94.27,43.00,483,483,,,EA,ORB
DRAGON CRS-31 DEB,2024-200B,62608,DEB,D,US,2024-11-05,AFETR,2025-01-29,87.80,51.62,170,162,,,EA,IMP
CREW DRAGON 9 DEB [TRUNK],2024-178B,63331,DEB,D,US,2024-09-28,AFETR,2025-03-24,87.63,52.12,176,139,,,EA,IMP
CZ-6A DEB,2024-140ADM,63390,DEB,,PRC,2024-08-06,TAISC,,101.47,89.00,867,790,,,EA,ORB
CZ-6A DEB,2024-140ADN,63391,DEB,,PRC,2024-08-06,TAISC,,101.68,88.97,883,793,,,EA,ORB
CZ-6A DEB,2024-140ADP,63392,DEB,,PRC,2024-08-06,TAISC,,101.32,89.03,847,795,,,EA,ORB
CZ-6A DEB,2024-140ADQ,63393,DEB,,PRC,2024-08-06,TAISC,,101.80,89.02,894,793,,,EA,ORB
CZ-6A DEB,2024-140ADR,63394,DEB,,PRC,2024-08-06,TAISC,,101.72,88.94,893,787,,,EA,ORB
SZ-19 DEB,2024-194E,63801,DEB,D,PRC,2024-10-29,JSC,2026-03-13,87.96,41.45,176,171,,,EA,IMP
CZ-6A DEB,2024-140ADS,64628,DEB,,PRC,2024-08-06,TAISC,,92.92,89.01,443,392,,,EA,ORB
CZ-6A DEB,2024-140ADT,64629,DEB,,PRC,2024-08-06,TAISC,,100.37,88.68,792,760,,,EA,ORB
CZ-6A DEB,2024-140ADU,64630,DEB,,PRC,2024-08-06,TAISC,,100.26,88.52,803,739,,,EA,ORB
CZ-6A DEB,2024-140ADV,64631,DEB,D,PRC,2024-08-06,TAISC,2026-01-07,91.60,89.02,368,338,,,EA,IMP
CZ-6A DEB,2024-140ADW,64632,DEB,,PRC,2024-08-06,TAISC,,100.80,89.15,845,748,,,EA,ORB
CZ-6A DEB,2024-140ADX,64633,DEB,,PRC,2024-08-06,TAISC,,101.93,88.99,926,774,,,EA,ORB
CZ-6A DEB,2024-140ADY,64634,DEB,,PRC,2024-08-06,TAISC,,101.80,88.99,906,782,,,EA,ORB
CZ-6A DEB,2024-140ADZ,64635,DEB,,PRC,2024-08-06,TAISC,,98.48,89.11,756,616,,,EA,ORB
CZ-6A DEB,2024-140AEA,64636,DEB,,PRC,2024-08-06,TAISC,,101.49,89.05,871,787,,,EA,ORB
CZ-6A DEB,2024-140AEB,64637,DEB,,PRC,2024-08-06,TAISC,,100.06,89.01,766,757,,,EA,ORB
CZ-6A DEB,2024-140AEC,64638,DEB,,PRC,2024-08-06,TAISC,,99.50,88.86,770,699,,,EA,ORB
CZ-6A DEB,2024-140AED,64639,DEB,,PRC,2024-08-06,TAISC,,102.98,88.83,1005,794,,,EA,ORB
CZ-6A DEB,2024-140AEE,64640,DEB,,PRC,2024-08-06,TAISC,,101.12,89.00,843,780,,,EA,ORB
CZ-6A DEB,2024-140AEF,64641,DEB,,PRC,2024-08-06,TAISC,,102.45,88.86,961,787,,,EA,ORB
CZ-6A DEB,2024-140AEG,64642,DEB,D,PRC,2024-08-06,TAISC,2026-02-10,95.59,88.98,551,544,,,EA,IMP
CZ-6A DEB,2024-140AEH,64643,DEB,,PRC,2024-08-06,TAISC,,100.89,89.14,853,749,,,EA,ORB
CZ-6A DEB,2024-140AEJ,64644,DEB,,PRC,2024-08-06,TAISC,,102.02,89.02,912,796,,,EA,ORB
CZ-6A DEB,2024-140AEK,64645,DEB,,PRC,2024-08-06,TAISC,,101.95,88.32,918,784,,,EA,ORB
CZ-6A DEB,2024-140AEL,64646,DEB,,PRC,2024-08-06,TAISC,,99.43,88.21,775,687,,,EA,ORB
CZ-6A DEB,2024-140AEM,64647,DEB,D,PRC,2024-08-06,TAISC,2025-06-19,88.65,89.01,223,193,,,EA,IMP
CZ-6A DEB,2024-140AEN,64648,DEB,,PRC,2024-08-06,TAISC,,101.09,88.99,841,780,,,EA,ORB
CZ-6A DEB,2024-140AEP,64649,DEB,,PRC,2024-08-06,TAISC,,99.09,88.92,757,674,,,EA,ORB
CZ-6A DEB,2024-140AEQ,64650,DEB,,PRC,2024-08-06,TAISC,,96.11,88.94,606,539,,,EA,ORB
CZ-6A DEB,2024-140AER,64651,DEB,,PRC,2024-08-06,TAISC,,101.76,88.35,899,785,,,EA,ORB
CZ-6A DEB,2024-140AES,64652,DEB,,PRC,2024-08-06,TAISC,,99.73,88.91,785,706,,,EA,ORB
CZ-6A DEB,2024-140AET,64653,DEB,,PRC,2024-08-06,TAISC,,95.24,88.92,553,507,,,EA,ORB
CZ-6A DEB,2024-140AEU,64654,DEB,,PRC,2024-08-06,TAISC,,101.67,88.33,894,782,,,EA,ORB
CZ-6A DEB,2024-140AEV,64655,DEB,,PRC,2024-08-06,TAISC,,100.55,89.11,838,731,,,EA,ORB
CZ-6A DEB,2024-140AEW,64656,DEB,,PRC,2024-08-06,TAISC,,100.31,89.02,782,764,,,EA,ORB
CZ-6A DEB,2024-140AEX,64657,DEB,,PRC,2024-08-06,TAISC,,100.05,88.30,788,734,,,EA,ORB
CZ-6A DEB,2024-140AEY,64658,DEB,,PRC,2024-08-06,TAISC,,101.59,89.00,878,790,,,EA,ORB
CZ-6A DEB,2024-140AEZ,64659,DEB,,PRC,2024-08-06,TAISC,,98.46,88.91,756,615,,,EA,ORB
CZ-6A DEB,2024-140AFA,64660,DEB,,PRC,2024-08-06,TAISC,,100.51,88.33,809,757,,,EA,ORB
CZ-6A DEB,2024-140AFB,64661,DEB,,PRC,2024-08-06,TAISC,,101.18,88.99,842,787,,,EA,ORB
CZ-6A DEB,2024-140AFC,64662,DEB,,PRC,2024-08-06,TAISC,,101.41,88.99,859,791,,,EA,ORB
CZ-6A DEB,2024-140AFD,64663,DEB,,PRC,2024-08-06,TAISC,,98.33,89.04,742,615,,,EA,ORB
USA 566,2024-134H,65724,PAY,+,US,2024-07-30,AFETR,,1448.49,0.30,36041,36017,,NEA,EA,ORB
OBJECT E,2024-018E,65789,UNK,,IRAN,2024-01-28,SEMLS,,98.86,58.96,966,443,,,EA,ORB
OBJECT F,2024-018F,65790,UNK,,IRAN,2024-01-28,SEMLS,,99.13,58.31,984,450,,,EA,ORB
USA 567,2024-134J,66145,PAY,+,US,2024-07-30,AFETR,,1428.47,0.21,35699,35576,,NEA,EA,ORB
USA 568,2024-134K,66551,PAY,+,US,2024-07-30,AFETR,,1446.46,0.35,35997,35981,,NEA,EA,ORB
USA 569,2024-134L,66552,PAY,+,US,2024-07-30,AFETR,,1430.94,0.34,35701,35670,,NEA,EA,ORB
